####
#
# OBJ File Generated by Meshlab
#
####
# Object AL-DL.obj
#
# Vertices: 2107
# Faces: 4210
#
####
v 32537.367188 33014.187500 22897.468750
v 32538.298828 33087.007812 22886.687500
v 32703.839844 33048.242188 22879.650391
v 32431.314453 33113.476562 22900.177734
v 32344.173828 33209.730469 22914.667969
v 32625.085938 33228.328125 22870.363281
v 32501.000000 33190.925781 22886.261719
v 32771.000000 33165.242188 22869.490234
v 32699.832031 33191.148438 22866.828125
v 32792.558594 33303.832031 22861.318359
v 32564.859375 33297.062500 22876.912109
v 32408.476562 33260.859375 22899.472656
v 32464.996094 33308.957031 22893.185547
v 32692.050781 33301.468750 22863.445312
v 32326.017578 33382.359375 22923.552734
v 32563.513672 33359.101562 22879.839844
v 32660.644531 33400.734375 22873.890625
v 32467.257812 33413.980469 22904.287109
v 32516.205078 33468.667969 22906.103516
v 32391.068359 32880.953125 22953.611328
v 32531.296875 32853.265625 22947.839844
v 32378.197266 32980.609375 22932.292969
v 32680.521484 32832.757812 22948.583984
v 32780.371094 32909.476562 22929.191406
v 32462.347656 32989.167969 22911.955078
v 32384.462891 33072.339844 22915.544922
v 32725.703125 32950.582031 22907.667969
v 32851.250000 32966.347656 22921.708984
v 32790.296875 33038.671875 22886.828125
v 32890.332031 33046.574219 22909.976562
v 32254.472656 33229.792969 22935.535156
v 32888.179688 33209.304688 22882.949219
v 32846.636719 33138.925781 22879.183594
v 32987.449219 33101.664062 22925.837891
v 32955.921875 33208.125000 22901.296875
v 33067.218750 33357.773438 22920.203125
v 32755.404297 33396.503906 22873.640625
v 32930.921875 33323.398438 22891.625000
v 32928.503906 33421.871094 22898.814453
v 32418.687500 33510.531250 22936.810547
v 32635.914062 33512.242188 22903.816406
v 32465.816406 32881.761719 22939.929688
v 32597.626953 32945.324219 22910.417969
v 32302.974609 32958.156250 22954.580078
v 32831.027344 32887.566406 22948.650391
v 32252.679688 33142.492188 22939.767578
v 33000.757812 33008.085938 22953.109375
v 33075.539062 33281.207031 22923.341797
v 33103.988281 33201.117188 22938.371094
v 32206.761719 33306.035156 22956.931641
v 33247.906250 33384.042969 22963.113281
v 33104.023438 33418.281250 22932.074219
v 33103.718750 33517.257812 22948.527344
v 32754.054688 33558.105469 22907.373047
v 32813.421875 33514.976562 22899.898438
v 32875.445312 33467.996094 22897.355469
v 32501.917969 33569.722656 22938.392578
v 32796.886719 33625.664062 22931.644531
v 33055.183594 33646.222656 22976.898438
v 32801.765625 32826.980469 22971.871094
v 32227.162109 32899.218750 22988.808594
v 32990.406250 32866.378906 23009.865234
v 33011.781250 32944.531250 22978.972656
v 32268.640625 33483.066406 22970.505859
v 32332.371094 33496.210938 22952.273438
v 32971.421875 33566.914062 22935.054688
v 33172.972656 33614.261719 22992.736328
v 32425.582031 33621.867188 22973.496094
v 32639.335938 33611.144531 22935.414062
v 32757.958984 33680.585938 22953.117188
v 32846.890625 33680.820312 22959.890625
v 32483.470703 32774.718750 22987.707031
v 32617.289062 32788.578125 22977.308594
v 32182.806641 33028.296875 22977.878906
v 33154.015625 33097.128906 22970.568359
v 33184.144531 33310.703125 22944.505859
v 33240.601562 33449.386719 22967.994141
v 32363.416016 33724.808594 23036.001953
v 32687.214844 33697.269531 22965.349609
v 32898.742188 33806.972656 23025.660156
v 32386.189453 32813.953125 22981.003906
v 32725.222656 32737.507812 23011.318359
v 32304.966797 32821.656250 22994.761719
v 33245.300781 33226.566406 22969.628906
v 32141.367188 33334.562500 22989.328125
v 33320.406250 33315.988281 22983.312500
v 32221.666016 33396.199219 22965.755859
v 32297.566406 33617.777344 23010.453125
v 32372.056641 33612.273438 22981.904297
v 33282.792969 33655.800781 23033.410156
v 33146.230469 33687.941406 23013.867188
v 32455.964844 33790.722656 23046.972656
v 32604.623047 33668.679688 22960.341797
v 32974.738281 33759.796875 23014.044922
v 33054.875000 33784.203125 23040.593750
v 32524.730469 33731.632812 23002.277344
v 32699.322266 33757.617188 22992.615234
v 32783.839844 33786.132812 23007.070312
v 32561.281250 33843.148438 23059.781250
v 32608.626953 33794.914062 23024.416016
v 32727.886719 33853.578125 23047.767578
v 32584.791016 32726.847656 23022.199219
v 32984.265625 32791.164062 23052.068359
v 33109.187500 32977.718750 22995.474609
v 33302.511719 33149.699219 23006.529297
v 32141.314453 33159.777344 22976.138672
v 33344.523438 33237.859375 23000.191406
v 33433.230469 33356.730469 23014.492188
v 32042.492188 33259.613281 23023.300781
v 33391.441406 33420.710938 23006.939453
v 32211.792969 33616.761719 23042.986328
v 33351.976562 33488.062500 23005.441406
v 33290.128906 33550.781250 23003.408203
v 33365.664062 33709.953125 23069.025391
v 33250.023438 33767.214844 23073.220703
v 32896.246094 33894.300781 23070.982422
v 32103.882812 32843.468750 23047.357422
v 32167.355469 32802.667969 23044.314453
v 32049.812500 32951.796875 23037.320312
v 31985.607422 33029.707031 23050.085938
v 33241.757812 33067.890625 23009.859375
v 33466.300781 33081.871094 23081.742188
v 33593.476562 33190.906250 23095.826172
v 33511.507812 33242.750000 23055.917969
v 33534.390625 33380.613281 23046.031250
v 33484.160156 33290.585938 23038.156250
v 33683.156250 33428.527344 23087.890625
v 32047.365234 33346.339844 23032.742188
v 32076.119141 33443.074219 23043.361328
v 33521.648438 33444.367188 23043.070312
v 33653.140625 33515.128906 23076.941406
v 33493.636719 33506.582031 23042.169922
v 33482.730469 33590.140625 23053.929688
v 33396.445312 33625.125000 23046.945312
v 33364.156250 33800.125000 23106.611328
v 33224.636719 33870.363281 23125.779297
v 33126.320312 33829.851562 23081.646484
v 32425.144531 33858.324219 23099.091797
v 32205.660156 32733.865234 23068.890625
v 32339.507812 32746.230469 23030.980469
v 32478.205078 32707.185547 23041.933594
v 33187.753906 32887.738281 23067.896484
v 33205.382812 32981.593750 23029.947266
v 33304.011719 32895.835938 23100.726562
v 33502.527344 32991.226562 23120.552734
v 33334.347656 33010.914062 23062.429688
v 32015.691406 33169.253906 23031.205078
v 33637.195312 33283.972656 23090.125000
v 33720.394531 33145.925781 23155.937500
v 33796.578125 33336.437500 23146.896484
v 33762.773438 33397.808594 23120.390625
v 33772.984375 33528.277344 23109.574219
v 31963.033203 33508.816406 23110.562500
v 32117.132812 33535.679688 23054.289062
v 33586.257812 33607.500000 23075.527344
v 33691.480469 33629.515625 23094.796875
v 33740.550781 33601.945312 23100.404297
v 33547.320312 33695.359375 23090.080078
v 33462.378906 33762.523438 23102.792969
v 32525.593750 33914.648438 23116.244141
v 32970.781250 33872.097656 23072.191406
v 32756.001953 33907.875000 23084.060547
v 32657.992188 33952.054688 23131.222656
v 31588.839844 32672.525391 23154.201172
v 32339.646484 32631.060547 23120.371094
v 32458.750000 32637.097656 23104.902344
v 32555.421875 32641.644531 23099.042969
v 32656.037109 32690.957031 23054.365234
v 32762.208984 32701.960938 23053.357422
v 31507.777344 32687.462891 23163.773438
v 32106.525391 32745.181641 23085.515625
v 32882.500000 32720.712891 23065.314453
v 32022.451172 32786.625000 23087.714844
v 31998.093750 32854.464844 23075.025391
v 33088.636719 32769.464844 23104.224609
v 31962.035156 32924.589844 23070.511719
v 33402.058594 32933.195312 23112.628906
v 31887.835938 32934.054688 23088.658203
v 31832.759766 33018.835938 23098.164062
v 31925.701172 33079.113281 23067.804688
v 33604.613281 33052.289062 23134.847656
v 33819.988281 33182.433594 23193.697266
v 31883.296875 33139.761719 23083.132812
v 31883.332031 33226.957031 23087.607422
v 31891.138672 33307.945312 23093.718750
v 32131.984375 33645.492188 23092.060547
v 33818.707031 33689.613281 23123.855469
v 33906.265625 33645.066406 23144.007812
v 32234.445312 33691.234375 23067.539062
v 33580.843750 33769.601562 23115.917969
v 33661.726562 33687.535156 23100.642578
v 33802.890625 33747.039062 23128.437500
v 33952.882812 33693.500000 23159.285156
v 33323.070312 33847.640625 23126.445312
v 33460.984375 33843.746094 23137.976562
v 33690.285156 33764.789062 23122.382812
v 33846.183594 33807.070312 23147.630859
v 33309.578125 33923.429688 23171.845703
v 33449.613281 33901.585938 23167.705078
v 33173.656250 33926.449219 23155.990234
v 33023.757812 33923.792969 23122.707031
v 33868.792969 33877.597656 23178.398438
v 31519.228516 32518.212891 23183.298828
v 31379.712891 32620.843750 23201.160156
v 31450.125000 32580.400391 23175.558594
v 31432.123047 32465.851562 23197.390625
v 31639.056641 32569.623047 23177.853516
v 31636.449219 32511.328125 23201.593750
v 32309.390625 32691.341797 23076.587891
v 31741.697266 32620.496094 23163.800781
v 31975.734375 32677.025391 23136.517578
v 32126.171875 32681.279297 23114.208984
v 32025.230469 32725.636719 23109.224609
v 31947.156250 32750.287109 23113.589844
v 31647.117188 32765.404297 23143.105469
v 31436.599609 32804.863281 23195.097656
v 31719.966797 32711.283203 23142.722656
v 31867.820312 32813.929688 23110.769531
v 31461.587891 32739.419922 23179.669922
v 31615.021484 32879.847656 23146.648438
v 31866.896484 32741.445312 23125.888672
v 33129.750000 32830.488281 23079.326172
v 31748.740234 32788.406250 23130.425781
v 33270.781250 32775.582031 23152.484375
v 33370.640625 32847.488281 23139.070312
v 31796.335938 32904.410156 23112.384766
v 31686.417969 32873.707031 23133.593750
v 31591.017578 32987.695312 23156.207031
v 31736.927734 32976.648438 23121.843750
v 31731.664062 33058.867188 23124.291016
v 33885.664062 33199.136719 23226.158203
v 31783.941406 33318.007812 23134.294922
v 31764.728516 33185.425781 23123.802734
v 33905.117188 33387.906250 23189.167969
v 31770.550781 33430.253906 23161.083984
v 31909.949219 33400.375000 23104.087891
v 33911.625000 33542.535156 23156.558594
v 31969.203125 33577.023438 23133.363281
v 34055.113281 33700.601562 23203.529297
v 32272.726562 33819.695312 23134.093750
v 34028.675781 33752.472656 23191.589844
v 33625.558594 33827.265625 23139.535156
v 33601.906250 33895.269531 23169.125000
v 33994.703125 33804.691406 23190.341797
v 33430.589844 33951.945312 23198.394531
v 33721.484375 33916.898438 23177.281250
v 32628.748047 33983.812500 23170.937500
v 32806.152344 33962.160156 23133.681641
v 33750.757812 33989.500000 23218.636719
v 31390.734375 32381.820312 23250.335938
v 31552.927734 32451.878906 23215.753906
v 31900.455078 32568.263672 23194.228516
v 32699.947266 32604.013672 23147.167969
v 32046.994141 32606.679688 23166.845703
v 31880.023438 32662.589844 23148.353516
v 31907.345703 32618.722656 23166.976562
v 31475.261719 32898.421875 23186.376953
v 33480.296875 32847.042969 23162.230469
v 33743.781250 33035.261719 23186.810547
v 31578.062500 33134.761719 23172.873047
v 31524.740234 33214.367188 23203.244141
v 31692.406250 33364.011719 23171.398438
v 34002.566406 33417.148438 23242.494141
v 34024.433594 33566.394531 23208.857422
v 31626.441406 33446.019531 23217.128906
v 31703.587891 33531.550781 23218.156250
v 31869.521484 33498.042969 23144.853516
v 33997.589844 33605.457031 23182.388672
v 34085.882812 33658.605469 23229.828125
v 31839.222656 33561.781250 23178.011719
v 31948.656250 33658.609375 23178.714844
v 32067.501953 33679.488281 23138.251953
v 34102.546875 33721.722656 23231.656250
v 32248.705078 33757.398438 23100.328125
v 34001.468750 33882.355469 23216.779297
v 31328.376953 32479.474609 23249.083984
v 31421.460938 32379.281250 23244.130859
v 33613.593750 32605.005859 23256.873047
v 31660.503906 32462.953125 23239.535156
v 31350.974609 32493.728516 23213.476562
v 31739.025391 32537.017578 23202.746094
v 32173.107422 32628.621094 23138.804688
v 32389.003906 32564.001953 23175.199219
v 32593.544922 32588.968750 23152.810547
v 33721.714844 32606.359375 23270.580078
v 33621.023438 32682.773438 23235.154297
v 31361.578125 32708.500000 23221.400391
v 33495.882812 32692.507812 23222.687500
v 33746.304688 32646.271484 23271.869141
v 33610.890625 32783.492188 23207.126953
v 33704.589844 32712.888672 23243.324219
v 31388.611328 32936.320312 23230.152344
v 33490.691406 32782.156250 23187.531250
v 33763.878906 32788.839844 23243.644531
v 31415.861328 32995.816406 23221.845703
v 33635.781250 32926.304688 23173.648438
v 33690.808594 32845.656250 23210.714844
v 33742.132812 32852.265625 23225.800781
v 33776.992188 33006.230469 23209.263672
v 31479.527344 33073.632812 23203.042969
v 31611.669922 33317.410156 23187.597656
v 31491.792969 33345.492188 23247.511719
v 31820.898438 33625.464844 23212.679688
v 32059.744141 33743.917969 23179.148438
v 34115.734375 33814.597656 23231.843750
v 32360.605469 33944.167969 23211.167969
v 33582.367188 33990.269531 23222.626953
v 32914.316406 33996.472656 23172.611328
v 32881.121094 34104.417969 23286.701172
v 33012.312500 33994.777344 23183.800781
v 33119.968750 34001.027344 23206.769531
v 33840.222656 33920.449219 23191.953125
v 33724.074219 34119.234375 23300.851562
v 33502.445312 32569.048828 23273.929688
v 31776.449219 32500.144531 23232.632812
v 32004.578125 32513.720703 23233.259766
v 32156.476562 32558.072266 23192.294922
v 32259.980469 32565.500000 23179.900391
v 32478.798828 32537.408203 23200.066406
v 32891.808594 32628.005859 23158.521484
v 33480.902344 32633.080078 23246.771484
v 33760.816406 32666.552734 23306.041016
v 33069.796875 32692.730469 23154.750000
v 31331.921875 32762.812500 23248.632812
v 33823.746094 32767.525391 23300.119141
v 33359.000000 32675.173828 23222.203125
v 33384.265625 32762.589844 23181.560547
v 33199.027344 32742.027344 23156.431641
v 33241.953125 32645.880859 23227.253906
v 33819.289062 32808.761719 23271.695312
v 33790.218750 32935.527344 23232.623047
v 33828.242188 32914.167969 23260.937500
v 31418.605469 33157.406250 23245.292969
v 33938.007812 33201.429688 23264.710938
v 31429.986328 33380.179688 23289.714844
v 33951.847656 33285.503906 23246.658203
v 31509.441406 33475.378906 23280.011719
v 31629.873047 33648.707031 23294.283203
v 34111.785156 33630.406250 23275.544922
v 31741.488281 33661.296875 23257.021484
v 31731.857422 33735.464844 23296.531250
v 31942.552734 33747.847656 23228.617188
v 32123.232422 33822.800781 23204.009766
v 31992.664062 33842.011719 23267.296875
v 32268.037109 33954.683594 23255.894531
v 34056.964844 33869.859375 23230.501953
v 32118.970703 33893.410156 23257.587891
v 32245.464844 33874.464844 23192.853516
v 32413.791016 34003.800781 23257.214844
v 32804.945312 34048.460938 23226.839844
v 33244.011719 33999.179688 23221.542969
v 33999.523438 33964.480469 23262.654297
v 32944.867188 34139.445312 23323.546875
v 33163.531250 34081.664062 23283.445312
v 33844.683594 34016.699219 23252.398438
v 33808.875000 34101.406250 23302.054688
v 33498.925781 32510.203125 23303.404297
v 31875.787109 32492.488281 23248.513672
v 32042.886719 32456.363281 23281.601562
v 32197.322266 32500.630859 23236.931641
v 32245.519531 32453.953125 23276.691406
v 32749.757812 32585.027344 23176.505859
v 31323.546875 32631.468750 23238.441406
v 31295.900391 32716.449219 23278.664062
v 31271.433594 33090.957031 23317.982422
v 33852.718750 33038.226562 23248.923828
v 34022.222656 33338.902344 23296.474609
v 31381.210938 33268.761719 23285.164062
v 31430.031250 33502.664062 23327.433594
v 31417.113281 33572.781250 23356.998047
v 31555.773438 33555.992188 23287.607422
v 31501.566406 33704.011719 23367.109375
v 34112.414062 33781.796875 23274.017578
v 31863.570312 33805.960938 23289.289062
v 34075.242188 33874.445312 23272.189453
v 32149.218750 33988.273438 23328.689453
v 32550.416016 34037.886719 23255.142578
v 33366.855469 34002.488281 23234.082031
v 34061.703125 33902.980469 23263.248047
v 33675.593750 34142.925781 23318.654297
v 32703.705078 34110.250000 23307.275391
v 31485.945312 32381.441406 23254.761719
v 32147.185547 32395.531250 23336.632812
v 32173.160156 32358.787109 23395.898438
v 32325.005859 32376.089844 23371.505859
v 32542.769531 32435.224609 23313.093750
v 32461.248047 32384.117188 23380.318359
v 31683.789062 32433.076172 23290.220703
v 31333.384766 32468.695312 23277.828125
v 33606.492188 32522.687500 23295.718750
v 32283.402344 32406.197266 23322.197266
v 31833.898438 32450.066406 23290.509766
v 32511.054688 32492.607422 23247.613281
v 33629.046875 32559.234375 23341.664062
v 33707.679688 32634.388672 23362.099609
v 33177.394531 32676.031250 23196.076172
v 33110.683594 32618.910156 23227.306641
v 31295.984375 32885.386719 23286.732422
v 33845.996094 32819.160156 23304.798828
v 33888.824219 32923.562500 23330.511719
v 31322.113281 32972.781250 23275.197266
v 33867.554688 32949.921875 23287.121094
v 33935.671875 33106.402344 23309.390625
v 33983.761719 33225.296875 23310.550781
v 31312.974609 33211.078125 23310.634766
v 31332.626953 33482.054688 23372.806641
v 34070.593750 33471.480469 23292.044922
v 34119.289062 33729.171875 23265.664062
v 31650.322266 33750.410156 23331.828125
v 32266.273438 34041.992188 23342.865234
v 32446.359375 34074.128906 23324.847656
v 33944.742188 34013.312500 23330.423828
v 33930.738281 34021.367188 23282.041016
v 31408.923828 32435.355469 23339.929688
v 32223.109375 32339.464844 23448.906250
v 32566.630859 32396.525391 23384.671875
v 32606.960938 32412.212891 23360.902344
v 32771.812500 32453.095703 23347.623047
v 32732.544922 32429.400391 23382.541016
v 31326.677734 32513.464844 23349.503906
v 32015.048828 32402.105469 23334.621094
v 32722.328125 32469.605469 23303.878906
v 32847.648438 32500.048828 23299.367188
v 31287.298828 32587.566406 23326.394531
v 31598.873047 32404.458984 23338.804688
v 33357.292969 32509.097656 23334.509766
v 33361.855469 32548.726562 23297.691406
v 33004.796875 32549.679688 23275.742188
v 33035.828125 32619.162109 23208.675781
v 31297.417969 32611.263672 23278.539062
v 33183.859375 32572.457031 23279.162109
v 33296.742188 32612.494141 23253.628906
v 33378.882812 32599.757812 23264.212891
v 31250.531250 32707.570312 23337.082031
v 31266.929688 32778.960938 23308.994141
v 31250.500000 32872.300781 23320.490234
v 31267.082031 33351.609375 23373.941406
v 34062.429688 33389.191406 23363.832031
v 31384.621094 33668.671875 23411.457031
v 34109.664062 33675.695312 23316.291016
v 31499.564453 33745.292969 23388.390625
v 31679.353516 33837.652344 23372.300781
v 31858.367188 33880.867188 23338.660156
v 34045.882812 33848.867188 23326.710938
v 32039.138672 33923.937500 23310.560547
v 33500.687500 34063.839844 23281.136719
v 33865.625000 34115.871094 23331.050781
v 33049.351562 34108.015625 23297.349609
v 32858.804688 34187.351562 23374.496094
v 32074.404297 32324.960938 23446.998047
v 32858.359375 32444.572266 23418.833984
v 31472.037109 32409.033203 23340.960938
v 32957.785156 32476.751953 23374.410156
v 33094.125000 32488.863281 23404.216797
v 31362.558594 32471.986328 23342.388672
v 31399.519531 32458.781250 23403.851562
v 32960.066406 32498.169922 23333.601562
v 33127.812500 32502.410156 23368.708984
v 33248.648438 32509.652344 23357.185547
v 33236.980469 32499.697266 23391.576172
v 33093.183594 32519.185547 23331.636719
v 33209.164062 32529.500000 23326.515625
v 33293.300781 32532.351562 23318.451172
v 31261.927734 32599.994141 23369.226562
v 33636.308594 32618.316406 23429.761719
v 31209.164062 32745.839844 23364.146484
v 31203.746094 32939.128906 23350.074219
v 33924.886719 33000.726562 23388.525391
v 33960.960938 33106.378906 23361.216797
v 34107.152344 33573.765625 23318.923828
v 31284.220703 33553.296875 23429.019531
v 34073.046875 33639.781250 23380.953125
v 31357.958984 33707.925781 23444.880859
v 31561.781250 33832.343750 23415.265625
v 31815.521484 33931.906250 23389.763672
v 33340.664062 34057.144531 23278.679688
v 33642.472656 34166.164062 23345.714844
v 33972.945312 33961.734375 23342.191406
v 32342.363281 34129.703125 23409.771484
v 33273.613281 34156.203125 23365.660156
v 33631.203125 34201.867188 23390.523438
v 31991.685547 32349.970703 23401.101562
v 32475.107422 32374.437500 23448.970703
v 31490.429688 32425.646484 23472.603516
v 31499.123047 32416.279297 23386.578125
v 31558.232422 32405.181641 23379.925781
v 32779.656250 32428.857422 23437.476562
v 33051.222656 32478.419922 23460.773438
v 33456.589844 32482.773438 23343.058594
v 31800.695312 32414.046875 23335.824219
v 32866.222656 32448.738281 23484.085938
v 33375.066406 32493.605469 23372.500000
v 33547.562500 32517.839844 23358.658203
v 31307.970703 32512.787109 23423.833984
v 31616.044922 32396.966797 23386.865234
v 33182.562500 32494.896484 23441.675781
v 33786.792969 32791.980469 23471.699219
v 31147.855469 32781.906250 23396.064453
v 33857.484375 32865.406250 23397.298828
v 31113.302734 32989.136719 23400.070312
v 31115.472656 33079.015625 23406.750000
v 31175.005859 33211.472656 23397.283203
v 34041.785156 33337.718750 23340.488281
v 31205.164062 33404.242188 23433.982422
v 34070.515625 33426.488281 23396.810547
v 34089.390625 33538.167969 23370.767578
v 34012.402344 33758.691406 23418.615234
v 33974.816406 33745.195312 23483.798828
v 33940.011719 33940.238281 23413.875000
v 33903.960938 33997.304688 23427.242188
v 33388.246094 34145.757812 23363.322266
v 33508.519531 34172.257812 23384.378906
v 33025.867188 34250.371094 23431.589844
v 33764.472656 34217.250000 23381.742188
v 33712.820312 34217.402344 23374.203125
v 31829.601562 32320.763672 23450.095703
v 31926.369141 32304.416016 23473.369141
v 31584.212891 32391.195312 23449.011719
v 31691.234375 32369.529297 23424.537109
v 31752.955078 32383.976562 23380.347656
v 32954.074219 32472.517578 23540.537109
v 31186.564453 32552.935547 23509.166016
v 33159.371094 32500.958984 23510.240234
v 33366.812500 32509.806641 23432.812500
v 33450.273438 32538.007812 23456.281250
v 33545.941406 32564.285156 23431.695312
v 31121.753906 32615.771484 23466.486328
v 31117.767578 32586.054688 23499.455078
v 31227.875000 32566.027344 23441.531250
v 30911.353516 32723.335938 23506.710938
v 31093.123047 32664.923828 23453.060547
v 30984.324219 32658.308594 23503.376953
v 31208.228516 32613.132812 23416.511719
v 33568.320312 32605.734375 23490.369141
v 31040.027344 32742.064453 23452.775391
v 31132.408203 32696.564453 23423.914062
v 33695.882812 32691.992188 23477.601562
v 31201.181641 32673.529297 23390.765625
v 31128.707031 32895.554688 23392.929688
v 31035.609375 32831.851562 23442.324219
v 30940.107422 32786.906250 23483.886719
v 33785.347656 32748.939453 23398.720703
v 31013.753906 32927.382812 23447.214844
v 34012.804688 33202.261719 23406.775391
v 34039.292969 33280.312500 23390.132812
v 31127.021484 33276.507812 23446.625000
v 34069.953125 33529.832031 23413.255859
v 31312.324219 33692.644531 23467.820312
v 34029.136719 33616.714844 23455.982422
v 31365.447266 33793.003906 23496.849609
v 33979.914062 33837.984375 23422.541016
v 31532.533203 33894.406250 23470.480469
v 31679.109375 33895.980469 23411.925781
v 31887.097656 34004.328125 23421.929688
v 33832.886719 34090.519531 23464.613281
v 32475.953125 34291.609375 23546.677734
v 32574.558594 34118.324219 23341.568359
v 33408.414062 34204.578125 23428.132812
v 32741.759766 34158.492188 23355.552734
v 32794.039062 34244.695312 23440.128906
v 33128.996094 34190.066406 23382.820312
v 33845.781250 34137.460938 23381.978516
v 33779.500000 34186.246094 23427.152344
v 33743.097656 34228.511719 23401.992188
v 32335.154297 32345.244141 23498.068359
v 32625.253906 32402.960938 23514.316406
v 33254.925781 32521.513672 23530.000000
v 33551.656250 32628.947266 23569.925781
v 33362.421875 32523.929688 23474.931641
v 33740.539062 32739.156250 23479.582031
v 30900.757812 32847.324219 23494.152344
v 33829.410156 32884.539062 23535.400391
v 30912.589844 32927.250000 23492.535156
v 30892.738281 32989.367188 23513.246094
v 30996.154297 33031.031250 23460.156250
v 33986.417969 33138.300781 23451.763672
v 30956.191406 33109.457031 23498.218750
v 31094.736328 33160.773438 23433.681641
v 31029.279297 33209.816406 23485.136719
v 31217.003906 33530.859375 23474.203125
v 31470.000000 33847.574219 23466.533203
v 33915.257812 33884.617188 23499.519531
v 31656.453125 33950.554688 23461.416016
v 31627.570312 34015.171875 23532.482422
v 32023.669922 34059.785156 23429.808594
v 32679.994141 34299.617188 23511.683594
v 33617.031250 34225.660156 23442.513672
v 33649.062500 34231.843750 23449.804688
v 31789.695312 32305.189453 23500.062500
v 31878.804688 32284.142578 23547.865234
v 32049.265625 32306.541016 23502.298828
v 31631.656250 32374.107422 23519.343750
v 32552.964844 32387.193359 23475.625000
v 31199.126953 32541.132812 23563.154297
v 31338.929688 32489.029297 23507.496094
v 30971.798828 32634.140625 23536.935547
v 31026.931641 32601.707031 23558.566406
v 33617.914062 32687.927734 23618.675781
v 33635.636719 32657.398438 23507.800781
v 33766.207031 32821.660156 23591.482422
v 30822.642578 32849.382812 23529.988281
v 33918.175781 33024.199219 23506.978516
v 30902.691406 33138.039062 23555.273438
v 30989.087891 33230.476562 23523.453125
v 34001.742188 33247.996094 23572.781250
v 34023.824219 33240.203125 23462.511719
v 34052.308594 33336.460938 23456.482422
v 34048.882812 33440.519531 23474.548828
v 33994.136719 33610.804688 23525.029297
v 34012.808594 33520.875000 23530.541016
v 33956.554688 33718.648438 23537.783203
v 31234.087891 33739.210938 23578.597656
v 31509.671875 33976.132812 23557.898438
v 33866.253906 33949.125000 23556.316406
v 33825.085938 34053.039062 23534.292969
v 31803.068359 34041.132812 23481.144531
v 33782.199219 34135.667969 23510.650391
v 32121.388672 34132.531250 23472.953125
v 33450.355469 34250.359375 23488.845703
v 33299.406250 34240.394531 23456.824219
v 33735.128906 34198.210938 23489.292969
v 32947.183594 34309.152344 23489.251953
v 33647.339844 34239.472656 23515.988281
v 31947.875000 32287.386719 23578.210938
v 32168.066406 32318.558594 23549.845703
v 31263.958984 32520.693359 23596.279297
v 31431.900391 32462.052734 23584.361328
v 32928.148438 32485.607422 23640.847656
v 33105.679688 32513.005859 23604.671875
v 31089.097656 32576.298828 23598.814453
v 30854.486328 32691.779297 23546.000000
v 30814.064453 32783.449219 23532.501953
v 33878.261719 32981.656250 23583.970703
v 31102.566406 33377.464844 23505.509766
v 34012.613281 33390.460938 23585.029297
v 31150.291016 33504.660156 23522.785156
v 33962.859375 33620.574219 23615.396484
v 33896.019531 33841.031250 23593.244141
v 33700.390625 34209.523438 23554.548828
v 33374.355469 34286.425781 23521.601562
v 33499.582031 34287.535156 23555.500000
v 33582.921875 34247.609375 23495.669922
v 33155.160156 34319.488281 23514.927734
v 32514.152344 32393.414062 23660.453125
v 32715.236328 32427.326172 23563.031250
v 30825.625000 32679.189453 23586.900391
v 30920.341797 32630.207031 23601.710938
v 30972.447266 32613.089844 23649.464844
v 31180.050781 32551.552734 23650.707031
v 30816.273438 32686.787109 23652.541016
v 33491.156250 32574.613281 23505.486328
v 30776.570312 32783.453125 23616.203125
v 30770.083984 32889.945312 23619.529297
v 33836.546875 32942.136719 23656.986328
v 30824.507812 32984.089844 23562.933594
v 30856.941406 33115.304688 23595.390625
v 31021.394531 33351.359375 23565.894531
v 34016.480469 33324.964844 23567.111328
v 33997.332031 33485.132812 23604.527344
v 31045.544922 33432.894531 23588.751953
v 33940.246094 33710.406250 23601.765625
v 33818.179688 34031.988281 23609.500000
v 33767.894531 34119.464844 23636.097656
v 31917.671875 34120.839844 23522.810547
v 33772.578125 34122.339844 23577.601562
v 33554.828125 34278.277344 23561.792969
v 33631.242188 34255.105469 23572.675781
v 33200.960938 34367.613281 23570.603516
v 32839.484375 34344.464844 23532.128906
v 31454.291016 32471.632812 23648.726562
v 32708.486328 32448.523438 23705.169922
v 31081.802734 32587.867188 23701.708984
v 33258.359375 32542.169922 23597.988281
v 33391.730469 32569.375000 23579.503906
v 30854.712891 32658.248047 23638.318359
v 33418.832031 32599.027344 23643.181641
v 30767.544922 32803.421875 23666.468750
v 33972.917969 33220.265625 23710.097656
v 30966.421875 33348.195312 23628.054688
v 33996.992188 33370.156250 23689.273438
v 31334.550781 33804.367188 23532.962891
v 33851.246094 33934.226562 23688.265625
v 31403.320312 33912.914062 23575.685547
v 31414.628906 33976.359375 23633.269531
v 31609.880859 34041.195312 23569.216797
v 31933.048828 34168.562500 23572.265625
v 32101.800781 34265.648438 23627.837891
v 33423.070312 34323.562500 23581.634766
v 33024.992188 34381.304688 23559.246094
v 31902.552734 32294.906250 23598.044922
v 31769.568359 32322.880859 23566.679688
v 31342.275391 32508.070312 23660.751953
v 32976.238281 32517.716797 23740.599609
v 30917.357422 32647.722656 23724.619141
v 33537.578125 32665.015625 23700.683594
v 30783.724609 32741.099609 23674.621094
v 33689.515625 32734.537109 23585.406250
v 33998.343750 33292.417969 23638.343750
v 31205.515625 33623.859375 23530.675781
v 33931.312500 33712.410156 23655.531250
v 33723.406250 34186.367188 23659.654297
v 31808.193359 34153.437500 23601.326172
v 33685.062500 34227.800781 23627.427734
v 33457.031250 34347.406250 23624.675781
v 32667.349609 34404.515625 23610.912109
v 33323.253906 34344.964844 23575.626953
v 32912.011719 34412.289062 23588.041016
v 32093.195312 32305.716797 23620.453125
v 32232.169922 32332.558594 23690.802734
v 31631.304688 32392.773438 23603.542969
v 33360.390625 32606.380859 23731.880859
v 30783.376953 32986.222656 23650.654297
v 30800.060547 33004.265625 23611.539062
v 30807.253906 33085.535156 23675.144531
v 33966.218750 33170.562500 23630.179688
v 30904.349609 33226.636719 23617.025391
v 33867.082031 33903.390625 23637.560547
v 31426.343750 34034.500000 23695.177734
v 33780.519531 34096.296875 23689.023438
v 31515.720703 34075.675781 23680.447266
v 31664.058594 34112.007812 23631.345703
v 33621.179688 34283.449219 23645.501953
v 32239.052734 34301.246094 23621.431641
v 33539.074219 34322.898438 23634.023438
v 33579.882812 34301.023438 23630.201172
v 32571.394531 34377.167969 23606.537109
v 33234.921875 34421.515625 23629.216797
v 33066.656250 34466.230469 23638.328125
v 32105.455078 32317.019531 23718.125000
v 31886.740234 32319.468750 23653.449219
v 32467.736328 32407.847656 23861.941406
v 33475.828125 32623.417969 23653.560547
v 33673.765625 32773.941406 23754.628906
v 30764.671875 32897.980469 23716.273438
v 33895.367188 33055.453125 23716.685547
v 33929.417969 33125.882812 23740.814453
v 33987.667969 33485.714844 23674.714844
v 31090.707031 33527.046875 23596.605469
v 33871.785156 33876.941406 23751.246094
v 33819.117188 34014.281250 23757.384766
v 33662.207031 34273.460938 23711.476562
v 33702.582031 34237.968750 23752.388672
v 31875.488281 34227.355469 23675.085938
v 31958.007812 34321.671875 23756.988281
v 32079.710938 34326.042969 23706.333984
v 32785.437500 34426.343750 23611.423828
v 31868.644531 32370.544922 23767.105469
v 32456.945312 32373.785156 23593.027344
v 31607.382812 32449.964844 23731.859375
v 31455.628906 32490.046875 23708.613281
v 31223.425781 32555.820312 23726.769531
v 33484.195312 32674.505859 23826.892578
v 33724.828125 32824.742188 23751.136719
v 33850.781250 33000.562500 23792.435547
v 30871.638672 33237.128906 23689.003906
v 33987.472656 33457.953125 23790.283203
v 31128.798828 33689.468750 23656.994141
v 31145.589844 33802.792969 23720.605469
v 31244.421875 33896.714844 23700.193359
v 31296.687500 33972.718750 23730.789062
v 33737.406250 34186.785156 23771.281250
v 33578.796875 34363.246094 23731.781250
v 32234.599609 34361.855469 23685.753906
v 32401.796875 34350.523438 23624.275391
v 32699.068359 34479.914062 23665.074219
v 33123.769531 34544.382812 23704.476562
v 33007.863281 34548.304688 23692.927734
v 32857.496094 34492.609375 23654.638672
v 32828.886719 34562.785156 23702.941406
v 32932.074219 34579.289062 23709.425781
v 32011.273438 32320.042969 23725.683594
v 31530.652344 32503.654297 23806.238281
v 30786.138672 33023.320312 23735.064453
v 33939.742188 33167.820312 23851.123047
v 30889.486328 33335.980469 23739.791016
v 30923.042969 33418.972656 23739.421875
v 33974.917969 33539.882812 23812.414062
v 31000.042969 33506.039062 23690.406250
v 33950.953125 33634.996094 23702.994141
v 31289.367188 33858.671875 23621.560547
v 33771.871094 34126.273438 23790.552734
v 31352.445312 34065.851562 23823.492188
v 31496.148438 34128.128906 23793.126953
v 31695.144531 34244.648438 23820.800781
v 31774.375000 34210.640625 23708.449219
v 32102.533203 34402.250000 23779.251953
v 33456.167969 34471.867188 23761.595703
v 33507.925781 34386.953125 23701.505859
v 32405.156250 34421.957031 23687.457031
v 33380.335938 34420.152344 23674.687500
v 32488.814453 34500.449219 23725.324219
v 32584.501953 34471.421875 23680.726562
v 32698.683594 34569.183594 23723.134766
v 32785.988281 34642.562500 23749.324219
v 33028.531250 34653.710938 23755.328125
v 31939.189453 32340.019531 23742.011719
v 32302.873047 32349.998047 23744.117188
v 31660.437500 32465.896484 23812.435547
v 31308.638672 32556.343750 23789.277344
v 32864.578125 32499.884766 23779.484375
v 33593.156250 32713.011719 23754.945312
v 30886.218750 32690.660156 23795.066406
v 33631.699219 32761.234375 23841.238281
v 30780.832031 32818.109375 23757.207031
v 30812.027344 33134.613281 23765.150391
v 33982.433594 33271.675781 23761.371094
v 33989.925781 33325.039062 23774.052734
v 33991.515625 33409.968750 23829.144531
v 30938.500000 33529.257812 23774.349609
v 31038.314453 33634.234375 23718.714844
v 33937.625000 33685.503906 23818.320312
v 31034.400391 33725.601562 23772.072266
v 31076.117188 33817.644531 23793.855469
v 33895.488281 33819.089844 23831.974609
v 33660.621094 34324.644531 23812.013672
v 32267.519531 34423.851562 23733.634766
v 33276.812500 34511.480469 23718.208984
v 32855.687500 34739.199219 23793.921875
v 32953.187500 34778.765625 23811.876953
v 33022.222656 34808.660156 23837.710938
v 32100.707031 32342.748047 23837.880859
v 31003.230469 32626.083984 23768.742188
v 33046.437500 32572.179688 23908.167969
v 33171.226562 32567.042969 23760.873047
v 30960.601562 32681.785156 23872.775391
v 33520.433594 32705.335938 23894.767578
v 30812.416016 32746.457031 23765.365234
v 30781.755859 32890.105469 23814.970703
v 30780.466797 32968.738281 23800.330078
v 33768.187500 32880.902344 23770.068359
v 30790.238281 33066.566406 23834.669922
v 30839.580078 33207.652344 23750.039062
v 30838.744141 33316.199219 23828.132812
v 30841.582031 33434.332031 23866.359375
v 30880.173828 33409.386719 23797.554688
v 30879.396484 33499.367188 23833.207031
v 30932.187500 33615.324219 23813.851562
v 30955.730469 33777.898438 23867.240234
v 31157.708984 33894.484375 23785.031250
v 31171.333984 33958.894531 23843.359375
v 31278.507812 34005.937500 23800.548828
v 33816.886719 34036.285156 23840.728516
v 31641.720703 34257.261719 23891.894531
v 33718.304688 34253.523438 23850.601562
v 31737.291016 34235.105469 23771.648438
v 31839.740234 34305.843750 23805.552734
v 31929.478516 34352.125000 23810.953125
v 32202.957031 34455.910156 23787.144531
v 33587.597656 34465.546875 23868.162109
v 32370.287109 34526.613281 23781.593750
v 33369.667969 34520.449219 23761.962891
v 32558.943359 34561.812500 23747.500000
v 33165.871094 34629.910156 23769.283203
v 32693.376953 34777.656250 23844.398438
v 32744.761719 34732.464844 23804.935547
v 32036.337891 32389.789062 23922.390625
v 31426.591797 32544.138672 23834.357422
v 31106.650391 32604.177734 23791.835938
v 30803.027344 32869.222656 23900.636719
v 33730.570312 32859.566406 23879.648438
v 33842.132812 33007.308594 23934.732422
v 33991.460938 33348.750000 23884.363281
v 30898.773438 33678.609375 23870.736328
v 30945.447266 33824.570312 23909.152344
v 31081.964844 33917.082031 23874.769531
v 32153.183594 34506.652344 23857.205078
v 33619.976562 34341.589844 23755.751953
v 33335.859375 34608.261719 23814.898438
v 32509.531250 34711.777344 23861.359375
v 33136.214844 34724.140625 23818.685547
v 32671.492188 34810.195312 23878.248047
v 33211.816406 34748.941406 23867.230469
v 32865.386719 34846.601562 23845.496094
v 32932.976562 34871.250000 23859.843750
v 31875.283203 32431.957031 23903.134766
v 31113.019531 32632.437500 23868.380859
v 33676.105469 32805.562500 23886.189453
v 30793.089844 33139.738281 23884.123047
v 33902.277344 33094.246094 23840.226562
v 30812.533203 33199.464844 23837.246094
v 33973.230469 33255.222656 23896.857422
v 30842.667969 33589.105469 23902.876953
v 31230.009766 34039.542969 23910.255859
v 33843.757812 34002.792969 23965.628906
v 31790.912109 34364.445312 23931.056641
v 31981.285156 34411.718750 23854.042969
v 33632.250000 34421.753906 23891.984375
v 33535.816406 34512.636719 23857.675781
v 32264.320312 34548.714844 23840.160156
v 33445.007812 34551.929688 23826.228516
v 33503.660156 34529.839844 23846.132812
v 33337.535156 34727.453125 23910.945312
v 32493.222656 34762.531250 23920.472656
v 33065.750000 34825.273438 23862.378906
v 33198.558594 34787.000000 23900.589844
v 32809.851562 34874.488281 23879.589844
v 32883.527344 34882.378906 23880.429688
v 32581.433594 32456.955078 23967.712891
v 30790.472656 32957.679688 23929.863281
v 33800.921875 32934.671875 23819.460938
v 30784.644531 33068.531250 23927.652344
v 30820.886719 33347.359375 23877.695312
v 33990.730469 33492.328125 23917.015625
v 30807.630859 33453.328125 23930.363281
v 30809.013672 33582.195312 23954.884766
v 30896.417969 33774.457031 23926.298828
v 30897.808594 33837.898438 23984.962891
v 30958.363281 33889.164062 23967.103516
v 31086.289062 33960.601562 23925.128906
v 31468.251953 34155.335938 23877.404297
v 33779.148438 34149.921875 23917.148438
v 32006.468750 34466.582031 23904.109375
v 32160.287109 34564.804688 23909.582031
v 32897.121094 34797.218750 23980.539062
v 32800.648438 34835.062500 23937.242188
v 33114.917969 34805.226562 23946.316406
v 33179.156250 34798.875000 23913.769531
v 32657.058594 34822.847656 23906.039062
v 33053.640625 34838.843750 23892.835938
v 32177.488281 32351.355469 23866.832031
v 32200.136719 32339.794922 23804.746094
v 32330.031250 32372.150391 23856.236328
v 31714.339844 32491.783203 23908.126953
v 31537.816406 32570.960938 23955.052734
v 31289.187500 32600.058594 23885.240234
v 31039.408203 32673.732422 23918.289062
v 31315.746094 32635.011719 23969.468750
v 33326.843750 32646.203125 23937.751953
v 33618.621094 32774.414062 23969.355469
v 30850.435547 32767.171875 23896.822266
v 30780.021484 33057.246094 23989.318359
v 30771.398438 33158.019531 24008.699219
v 30782.865234 33231.636719 23961.058594
v 30793.685547 33321.765625 23941.193359
v 33983.480469 33574.753906 23972.121094
v 33963.695312 33610.398438 23883.089844
v 30848.539062 33717.597656 23954.755859
v 31144.775391 34024.003906 23981.763672
v 33725.429688 34304.050781 23991.337891
v 31948.523438 34469.218750 23952.808594
v 33677.687500 34373.500000 23935.066406
v 33573.910156 34567.867188 23963.003906
v 32264.236328 34664.238281 23953.281250
v 32328.796875 34676.812500 23917.876953
v 33067.128906 34797.089844 23968.691406
v 33430.445312 34677.066406 23922.748047
v 33188.093750 34793.671875 23948.738281
v 33297.667969 34772.078125 23948.228516
v 32711.644531 34797.390625 23976.589844
v 32588.285156 34811.562500 23947.824219
v 32723.703125 34843.808594 23919.957031
v 32848.804688 32539.742188 23994.652344
v 30977.025391 32735.537109 23994.826172
v 33426.718750 32663.650391 23876.107422
v 30822.693359 32824.746094 23914.455078
v 33684.550781 32830.890625 24009.390625
v 33883.859375 33075.605469 24033.908203
v 33951.531250 33200.636719 23963.699219
v 30783.425781 33613.738281 24033.119141
v 30850.728516 33767.863281 23990.382812
v 30951.025391 33909.015625 24047.300781
v 31267.091797 34097.335938 24016.732422
v 31595.244141 34263.832031 23958.349609
v 33669.800781 34434.492188 24019.283203
v 33622.464844 34500.218750 23974.105469
v 33172.539062 34772.085938 23996.332031
v 32702.406250 34752.660156 24025.498047
v 33510.242188 34653.671875 23967.277344
v 33388.519531 34750.769531 23973.375000
v 32459.482422 34767.878906 23957.689453
v 32136.277344 32366.500000 23913.470703
v 32759.722656 32486.400391 23849.925781
v 31540.953125 32625.335938 24057.855469
v 33487.058594 32716.435547 24044.437500
v 33558.046875 32732.833984 23937.753906
v 30848.513672 32848.074219 24029.042969
v 30902.195312 32746.203125 23942.728516
v 30800.474609 32923.570312 23965.365234
v 30760.412109 33379.820312 24051.527344
v 30773.417969 33511.195312 24020.357422
v 30799.625000 33656.718750 24015.642578
v 30845.316406 33782.425781 24062.365234
v 31024.375000 33961.835938 24010.962891
v 31461.988281 34210.226562 24017.355469
v 31605.705078 34300.433594 24020.775391
v 31719.072266 34394.304688 24067.470703
v 31887.933594 34461.257812 23997.164062
v 33603.484375 34560.171875 24025.181641
v 32099.308594 34571.570312 23968.162109
v 32123.472656 34603.093750 24005.355469
v 32920.695312 34747.789062 24046.052734
v 32828.429688 34748.093750 24041.548828
v 33053.125000 34723.890625 24086.437500
v 32704.763672 34692.015625 24101.306641
v 33537.308594 34655.753906 24007.773438
v 33331.554688 34761.390625 23985.021484
v 32437.480469 34744.039062 23991.554688
v 32291.425781 32393.048828 24018.417969
v 32378.388672 32403.933594 23981.826172
v 31974.400391 32458.035156 24025.628906
v 31832.937500 32519.519531 24043.316406
v 31148.998047 32681.269531 23990.755859
v 33403.175781 32703.925781 24144.726562
v 30823.357422 32911.550781 24062.175781
v 33734.777344 32879.152344 24037.246094
v 33778.890625 32928.425781 23992.501953
v 30770.722656 33090.183594 24047.957031
v 33908.335938 33116.128906 23956.566406
v 30742.628906 33300.964844 24110.947266
v 34005.656250 33400.035156 24013.673828
v 34011.515625 33491.855469 24071.244141
v 31893.980469 34484.531250 24037.189453
v 33597.714844 34576.089844 24073.048828
v 32143.568359 34604.324219 24036.625000
v 32294.542969 34691.679688 23987.085938
v 32258.544922 34630.023438 24048.541016
v 32898.589844 34715.214844 24099.142578
v 33521.531250 34662.417969 24066.695312
v 32444.291016 34595.273438 24129.236328
v 32824.773438 34686.906250 24140.537109
v 33255.640625 34723.289062 24077.968750
v 32522.121094 34686.000000 24063.628906
v 32603.054688 34730.484375 24035.023438
v 33469.890625 34712.070312 24014.947266
v 32177.556641 32401.794922 24022.156250
v 32089.613281 32474.103516 24132.775391
v 31709.849609 32550.314453 24018.621094
v 32876.601562 32570.984375 24101.945312
v 31060.656250 32728.794922 24039.007812
v 33625.988281 32792.667969 24086.781250
v 30898.617188 32796.250000 24032.052734
v 33704.285156 32849.972656 24174.156250
v 30787.125000 32998.058594 24032.667969
v 30797.777344 32982.636719 24086.876953
v 33834.406250 33002.082031 24043.751953
v 33990.664062 33311.617188 23999.078125
v 33986.675781 33269.144531 24129.039062
v 33928.703125 33741.613281 23908.265625
v 33952.070312 33772.183594 24122.541016
v 33709.128906 34380.453125 24131.820312
v 33644.203125 34500.035156 24087.466797
v 32252.515625 34557.375000 24114.941406
v 32531.044922 34584.843750 24169.373047
v 33662.968750 34480.015625 24189.175781
v 32143.435547 34519.257812 24127.822266
v 31939.539062 34517.335938 24078.546875
v 33587.425781 34584.027344 24150.857422
v 32591.492188 34648.316406 24122.083984
v 33279.656250 34696.878906 24140.943359
v 33393.613281 34705.617188 24087.130859
v 32509.974609 32469.414062 24116.210938
v 33252.929688 32668.304688 24146.601562
v 33561.039062 32756.785156 24101.292969
v 30912.216797 32849.246094 24123.630859
v 31023.625000 32816.351562 24161.167969
v 33921.746094 33137.992188 24082.556641
v 33960.265625 33211.445312 24098.648438
v 30735.626953 33216.992188 24161.486328
v 34014.878906 33364.683594 24136.392578
v 34027.394531 33498.601562 24165.271484
v 33998.394531 33562.187500 24054.269531
v 33986.304688 33632.660156 24076.181641
v 30797.654297 33687.871094 24092.335938
v 33950.812500 33720.953125 24016.123047
v 30886.375000 33840.445312 24093.402344
v 32663.943359 34621.609375 24186.808594
v 32893.363281 34675.312500 24189.308594
v 32986.421875 34690.546875 24161.041016
v 33369.046875 34684.949219 24154.720703
v 33558.843750 34607.816406 24181.689453
v 33478.164062 34666.281250 24126.205078
v 32101.964844 32426.062500 24044.037109
v 31664.980469 32646.130859 24157.134766
v 31440.912109 32665.287109 24080.330078
v 30948.132812 32872.679688 24193.843750
v 33865.210938 33030.824219 24220.679688
v 30758.716797 33548.007812 24118.699219
v 30972.119141 33930.339844 24212.613281
v 31208.511719 34088.542969 24124.664062
v 33803.464844 34142.515625 24059.251953
v 31416.472656 34220.921875 24125.394531
v 32178.953125 34380.113281 24268.787109
v 32062.589844 34370.039062 24259.716797
v 32290.029297 34436.687500 24233.253906
v 31850.251953 34459.449219 24128.890625
v 32011.496094 34490.968750 24130.076172
v 31783.375000 34438.964844 24105.103516
v 32655.453125 34586.289062 24236.992188
v 32739.507812 34655.578125 24169.378906
v 33450.164062 34663.921875 24170.699219
v 32253.974609 32413.886719 24076.042969
v 32010.884766 32539.779297 24203.603516
v 31800.156250 32590.320312 24145.962891
v 33121.890625 32636.167969 24128.316406
v 31599.500000 32714.691406 24232.666016
v 33482.375000 32732.347656 24179.787109
v 33803.699219 32958.300781 24122.751953
v 30766.583984 33082.312500 24101.060547
v 33887.660156 33074.343750 24147.119141
v 34026.359375 33435.609375 24155.173828
v 30736.013672 33412.613281 24151.886719
v 34051.269531 33451.347656 24290.031250
v 34028.230469 33559.066406 24204.033203
v 30803.128906 33714.691406 24162.572266
v 31587.558594 34324.250000 24103.470703
v 33751.769531 34286.187500 24123.773438
v 31945.333984 34310.250000 24303.716797
v 31844.804688 34406.308594 24190.865234
v 32352.580078 34402.882812 24290.777344
v 32735.414062 34597.746094 24279.410156
v 33432.144531 34654.769531 24236.160156
v 32389.472656 32434.535156 24090.294922
v 32157.308594 32468.306641 24159.501953
v 32690.746094 32501.343750 24022.355469
v 33579.308594 32776.667969 24265.964844
v 33632.875000 32801.222656 24227.634766
v 31226.765625 32856.496094 24332.884766
v 31222.427734 32733.343750 24116.068359
v 30853.513672 32929.789062 24173.468750
v 30870.722656 32881.683594 24122.548828
v 31102.015625 32853.039062 24268.636719
v 30746.189453 33135.316406 24201.937500
v 33790.320312 32936.593750 24181.718750
v 33944.371094 33164.902344 24185.511719
v 34021.835938 33334.394531 24237.167969
v 31078.984375 34008.214844 24147.599609
v 31321.248047 34148.679688 24085.855469
v 32259.773438 34361.277344 24308.449219
v 31626.019531 34364.554688 24168.429688
v 32444.826172 34475.125000 24243.132812
v 31726.537109 34405.398438 24161.064453
v 32577.158203 34567.292969 24209.662109
v 32964.761719 34661.660156 24268.189453
v 32328.968750 32438.339844 24133.091797
v 33154.695312 32673.304688 24277.519531
v 33535.515625 32764.988281 24352.929688
v 30791.398438 33026.816406 24194.718750
v 30719.996094 33325.468750 24231.232422
v 34052.199219 33505.265625 24299.708984
v 30775.019531 33643.996094 24178.050781
v 32036.005859 34279.109375 24353.167969
v 33712.863281 34407.445312 24281.593750
v 31715.794922 34381.886719 24199.226562
v 32540.855469 34473.964844 24316.703125
v 33086.675781 34685.855469 24163.929688
v 33634.523438 34530.621094 24267.492188
v 33529.097656 34621.171875 24244.367188
v 32436.275391 32492.716797 24232.185547
v 32686.667969 32537.646484 24170.900391
v 32853.535156 32602.142578 24248.660156
v 33331.207031 32704.638672 24260.837891
v 33490.945312 32757.457031 24412.394531
v 33708.140625 32845.753906 24278.115234
v 31426.341797 32815.152344 24333.587891
v 30822.400391 32959.207031 24152.636719
v 33934.671875 33126.539062 24279.640625
v 34004.558594 33259.507812 24290.001953
v 34044.542969 33392.953125 24290.193359
v 30715.976562 33450.906250 24337.212891
v 30733.708984 33482.785156 24216.314453
v 30834.910156 33776.347656 24200.615234
v 30892.486328 33854.761719 24225.128906
v 33886.554688 33988.917969 24219.179688
v 31197.142578 34104.109375 24211.824219
v 31473.128906 34276.449219 24185.333984
v 31795.660156 34336.074219 24259.298828
v 32846.640625 34649.203125 24241.009766
v 32901.464844 34641.109375 24309.972656
v 32206.373047 32451.048828 24147.474609
v 31827.304688 32653.609375 24262.314453
v 32984.234375 32644.867188 24299.972656
v 31021.789062 32886.859375 24276.707031
v 33819.929688 32947.191406 24339.890625
v 33894.710938 33052.316406 24317.937500
v 30714.015625 33367.804688 24286.583984
v 34030.851562 33599.093750 24261.771484
v 33995.019531 33690.906250 24203.779297
v 31705.822266 34225.992188 24361.892578
v 31725.884766 34186.695312 24404.312500
v 31540.039062 34325.523438 24250.619141
v 32184.595703 34287.570312 24383.152344
v 31432.441406 34262.605469 24290.164062
v 31476.826172 34247.128906 24321.314453
v 32986.148438 34647.984375 24359.693359
v 33104.480469 34661.437500 24352.019531
v 33048.234375 34671.304688 24250.814453
v 33258.601562 34672.421875 24232.599609
v 33497.464844 34632.367188 24266.220703
v 32591.105469 32528.207031 24225.970703
v 33249.058594 32712.615234 24402.865234
v 30960.230469 32912.273438 24272.083984
v 31133.322266 32901.433594 24373.998047
v 30772.382812 33078.320312 24267.070312
v 30717.732422 33269.882812 24295.937500
v 33976.292969 33192.730469 24307.419922
v 34038.699219 33323.511719 24343.617188
v 30712.322266 33403.328125 24398.943359
v 30734.519531 33539.300781 24291.070312
v 30768.835938 33669.433594 24321.496094
v 30988.070312 33968.562500 24286.685547
v 31058.669922 34007.187500 24227.660156
v 31264.554688 34164.507812 24258.808594
v 31427.193359 34261.589844 24251.472656
v 32341.900391 34349.023438 24364.978516
v 32756.544922 34572.914062 24358.367188
v 32848.285156 34601.289062 24398.626953
v 33362.128906 34659.265625 24283.037109
v 32293.386719 32465.570312 24203.416016
v 32237.634766 32532.863281 24314.804688
v 32374.121094 32492.884766 24255.427734
v 32576.800781 32562.328125 24324.095703
v 32756.378906 32600.361328 24313.773438
v 33764.023438 32897.746094 24261.818359
v 30891.550781 32943.199219 24253.015625
v 30787.517578 33068.726562 24301.976562
v 33946.753906 33097.613281 24429.576172
v 30738.492188 33188.660156 24329.769531
v 34062.855469 33389.011719 24378.318359
v 34081.171875 33475.101562 24424.996094
v 34053.632812 33618.878906 24404.455078
v 30845.298828 33810.148438 24292.826172
v 30885.175781 33896.843750 24355.095703
v 30908.033203 33893.265625 24299.994141
v 33968.183594 33830.714844 24334.589844
v 33836.031250 34131.273438 24274.042969
v 31577.152344 34171.195312 24401.425781
v 31988.753906 34197.128906 24443.199219
v 33758.613281 34299.066406 24229.322266
v 32556.955078 34437.570312 24393.417969
v 33616.972656 34557.593750 24414.996094
v 33270.480469 34660.296875 24377.781250
v 32318.048828 32551.527344 24369.746094
v 31534.910156 32851.777344 24423.394531
v 30902.585938 32985.183594 24344.361328
v 31000.384766 32969.785156 24399.972656
v 30839.167969 33015.289062 24307.394531
v 30831.763672 33084.375000 24382.193359
v 30745.029297 33251.585938 24400.660156
v 34035.406250 33275.925781 24400.003906
v 34075.570312 33542.691406 24427.367188
v 30798.714844 33730.472656 24285.867188
v 30839.878906 33838.531250 24367.832031
v 30980.384766 34000.535156 24350.015625
v 31081.951172 34066.882812 24325.279297
v 31858.517578 34179.585938 24433.949219
v 31184.722656 34137.007812 24340.898438
v 31271.759766 34176.476562 24355.095703
v 32459.101562 34392.289062 24376.718750
v 33685.476562 34461.742188 24335.765625
v 33656.585938 34516.406250 24456.525391
v 32915.160156 34626.558594 24395.361328
v 33000.132812 34640.695312 24457.023438
v 33414.238281 34645.750000 24404.892578
v 33569.125000 34592.437500 24327.556641
v 32178.419922 32557.910156 24332.039062
v 31777.152344 32720.173828 24332.564453
v 33666.789062 32812.238281 24387.822266
v 31610.998047 32803.117188 24378.712891
v 31543.234375 32788.656250 24331.085938
v 31150.759766 32929.402344 24416.718750
v 30893.691406 33041.574219 24400.259766
v 33878.179688 32971.945312 24524.302734
v 30785.824219 33150.570312 24384.093750
v 30855.232422 33157.371094 24439.703125
v 34039.468750 33227.308594 24493.064453
v 30721.082031 33491.003906 24434.916016
v 34073.218750 33350.843750 24445.384766
v 34087.562500 33416.820312 24455.220703
v 30753.156250 33634.234375 24366.902344
v 34022.894531 33724.460938 24413.640625
v 30988.363281 34065.675781 24427.269531
v 31377.373047 34118.011719 24429.316406
v 31156.994141 34098.734375 24427.527344
v 31153.527344 34126.609375 24391.906250
v 31342.869141 34176.359375 24376.853516
v 33759.187500 34324.773438 24342.289062
v 33735.195312 34387.171875 24425.548828
v 32665.494141 34474.460938 24457.632812
v 32657.285156 34525.253906 24343.312500
v 33581.363281 34586.667969 24410.406250
v 33394.406250 34649.632812 24501.945312
v 32363.099609 32547.685547 24363.160156
v 32526.898438 32585.269531 24398.035156
v 32618.742188 32628.675781 24445.810547
v 32700.710938 32623.570312 24402.261719
v 32089.806641 32620.507812 24376.638672
v 32921.953125 32656.962891 24382.339844
v 33082.761719 32681.339844 24372.902344
v 31917.248047 32702.775391 24383.304688
v 31652.812500 32826.457031 24426.031250
v 33709.976562 32832.132812 24425.097656
v 33746.882812 32845.105469 24507.054688
v 31296.625000 32885.761719 24404.625000
v 30912.376953 33089.839844 24438.804688
v 33987.480469 33157.878906 24444.761719
v 30726.195312 33299.738281 24397.755859
v 30786.507812 33252.535156 24438.308594
v 34071.578125 33290.507812 24502.990234
v 34104.679688 33366.589844 24529.382812
v 34108.503906 33530.171875 24531.099609
v 30731.679688 33554.863281 24398.621094
v 30803.101562 33791.511719 24407.105469
v 33977.539062 33852.886719 24434.234375
v 33919.609375 33990.667969 24440.041016
v 30893.025391 33963.101562 24431.982422
v 31058.404297 34058.941406 24446.980469
v 31211.636719 34047.660156 24466.773438
v 31660.074219 34069.105469 24512.304688
v 32065.550781 34119.242188 24580.103516
v 32545.496094 34386.871094 24477.111328
v 32766.335938 34546.734375 24438.515625
v 33689.769531 34470.769531 24471.363281
v 33526.292969 34614.851562 24356.578125
v 33057.082031 34651.269531 24444.423828
v 33199.082031 34661.882812 24449.837891
v 33465.636719 34635.683594 24347.695312
v 33008.832031 34630.667969 24582.580078
v 32360.535156 32586.357422 24419.933594
v 33179.703125 32717.648438 24467.050781
v 33429.300781 32750.007812 24455.386719
v 33628.207031 32799.285156 24485.886719
v 33699.039062 32820.636719 24530.009766
v 31042.109375 33011.433594 24456.195312
v 34162.414062 33428.386719 24636.341797
v 34115.621094 33446.812500 24532.197266
v 30736.154297 33560.539062 24438.039062
v 30781.496094 33742.640625 24457.755859
v 30835.683594 33893.238281 24459.015625
v 30939.632812 33999.613281 24459.585938
v 31070.259766 33996.511719 24481.882812
v 31254.521484 33984.316406 24513.154297
v 31358.052734 34030.917969 24494.828125
v 31618.425781 34120.992188 24453.470703
v 31927.185547 34091.800781 24557.988281
v 32191.750000 34234.855469 24464.585938
v 32899.210938 34598.312500 24505.236328
v 32950.140625 34603.636719 24613.146484
v 33142.007812 34660.273438 24518.896484
v 33287.089844 34661.769531 24526.515625
v 33467.507812 34638.195312 24491.533203
v 32318.759766 32613.927734 24449.564453
v 32250.652344 32593.347656 24415.111328
v 32231.853516 32656.029297 24469.843750
v 32147.542969 32641.859375 24431.039062
v 32004.083984 32731.085938 24456.533203
v 32774.894531 32674.078125 24482.154297
v 33061.074219 32704.857422 24469.285156
v 31813.812500 32774.007812 24421.958984
v 33406.648438 32754.781250 24514.679688
v 33535.589844 32784.382812 24565.474609
v 31835.007812 32812.871094 24470.978516
v 31432.572266 32901.031250 24457.904297
v 31244.365234 32937.746094 24454.373047
v 31675.466797 32871.859375 24483.408203
v 31105.222656 32989.222656 24461.953125
v 33918.304688 33009.167969 24560.974609
v 30989.375000 33118.187500 24492.019531
v 30909.835938 33202.390625 24496.226562
v 30836.894531 33272.824219 24481.927734
v 30757.496094 33373.843750 24464.437500
v 30728.511719 33465.941406 24465.453125
v 34084.386719 33666.906250 24575.824219
v 30755.433594 33586.457031 24479.636719
v 30816.751953 33838.996094 24474.402344
v 30999.683594 33833.777344 24544.453125
v 30869.876953 33851.296875 24503.199219
v 31177.468750 33935.925781 24530.812500
v 31423.568359 33958.613281 24563.617188
v 31513.263672 34074.820312 24480.365234
v 31753.253906 34063.636719 24538.906250
v 32064.339844 34190.804688 24477.041016
v 32292.357422 34247.925781 24500.486328
v 32628.744141 34404.804688 24564.130859
v 32844.171875 34566.851562 24519.310547
v 33548.980469 34614.953125 24485.966797
v 33127.144531 34656.699219 24690.980469
v 32412.390625 32677.335938 24513.951172
v 32469.115234 32613.498047 24453.810547
v 32560.296875 32646.162109 24484.308594
v 32538.925781 32695.597656 24540.257812
v 32710.466797 32685.164062 24516.716797
v 32633.246094 32704.699219 24547.730469
v 32848.710938 32661.267578 24427.933594
v 32102.404297 32779.304688 24523.558594
v 32021.123047 32771.875000 24497.335938
v 32308.859375 32723.761719 24536.523438
v 33368.082031 32764.960938 24598.935547
v 31899.630859 32841.796875 24516.490234
v 31736.759766 32899.039062 24523.320312
v 31452.304688 32951.375000 24513.681641
v 31621.177734 32939.238281 24532.916016
v 31850.082031 32888.070312 24537.923828
v 31931.701172 32928.085938 24578.230469
v 31677.431641 32996.695312 24581.923828
v 31175.798828 33112.050781 24563.941406
v 33997.078125 33115.468750 24568.240234
v 30925.369141 33360.550781 24563.707031
v 34093.421875 33223.750000 24644.748047
v 30799.917969 33410.750000 24506.605469
v 30878.167969 33431.500000 24556.074219
v 30754.970703 33504.246094 24502.175781
v 30796.550781 33747.988281 24486.570312
v 30871.304688 33754.757812 24533.179688
v 30942.322266 33784.394531 24549.451172
v 31085.404297 33899.332031 24532.683594
v 31249.023438 33875.054688 24585.074219
v 33853.953125 34144.230469 24456.916016
v 32392.472656 34302.527344 24477.687500
v 32755.220703 34514.253906 24511.382812
v 32790.246094 34514.660156 24585.875000
v 33665.003906 34522.246094 24596.287109
v 33625.058594 34561.007812 24558.458984
v 33213.992188 34670.265625 24631.867188
v 33386.105469 34657.031250 24620.751953
v 33584.234375 34593.386719 24576.703125
v 33205.515625 34665.300781 24562.330078
v 33780.582031 32878.746094 24455.785156
v 32249.158203 32815.210938 24577.410156
v 31257.533203 33024.386719 24534.921875
v 31452.177734 33030.488281 24578.472656
v 32073.373047 32873.953125 24573.537109
v 31449.589844 33134.070312 24646.306641
v 31114.003906 33135.609375 24554.710938
v 32015.826172 33040.339844 24652.796875
v 31851.505859 32986.187500 24598.748047
v 31042.191406 33309.226562 24603.044922
v 34112.046875 33301.941406 24596.367188
v 34140.214844 33354.519531 24617.824219
v 34094.312500 33602.738281 24540.929688
v 30828.310547 33558.789062 24542.076172
v 30973.685547 33596.531250 24608.146484
v 30801.613281 33683.566406 24509.607422
v 30864.939453 33648.957031 24551.382812
v 31054.603516 33721.843750 24607.058594
v 31116.078125 33799.265625 24591.957031
v 31401.835938 33893.378906 24610.976562
v 33974.960938 33905.929688 24545.166016
v 31554.761719 33942.949219 24608.935547
v 31669.494141 33994.957031 24589.621094
v 33887.738281 34112.511719 24597.865234
v 32206.689453 34145.578125 24621.984375
v 32502.564453 34321.343750 24563.591797
v 33791.105469 34296.187500 24523.693359
v 33534.281250 34619.281250 24567.972656
v 33069.171875 34645.984375 24613.546875
v 32467.207031 32725.033203 24557.660156
v 32713.212891 32764.107422 24617.296875
v 32795.949219 32720.142578 24561.873047
v 32520.804688 32821.753906 24631.570312
v 32921.187500 32723.496094 24555.824219
v 33027.750000 32727.927734 24546.738281
v 33159.406250 32734.570312 24541.650391
v 33225.339844 32759.164062 24618.445312
v 32405.658203 32833.464844 24617.251953
v 33853.230469 32923.636719 24629.347656
v 31330.593750 33023.617188 24553.037109
v 31311.687500 33124.523438 24611.636719
v 31264.380859 33258.996094 24671.150391
v 32193.017578 33012.976562 24671.240234
v 31728.726562 33061.273438 24625.765625
v 30996.652344 33366.964844 24602.031250
v 34196.414062 33388.804688 24700.832031
v 31030.691406 33424.621094 24631.419922
v 34152.347656 33487.203125 24623.484375
v 30937.160156 33511.804688 24596.125000
v 30974.113281 33698.992188 24586.308594
v 34041.984375 33763.253906 24559.101562
v 31365.375000 33808.687500 24665.613281
v 33749.710938 34395.906250 24615.257812
v 32880.679688 34565.242188 24620.025391
v 32954.519531 34594.714844 24719.503906
v 33027.425781 34627.523438 24740.150391
v 33480.109375 34637.175781 24600.113281
v 33164.820312 34664.296875 24818.496094
v 32583.480469 32763.546875 24599.449219
v 32737.152344 32730.519531 24579.185547
v 32669.744141 32823.433594 24664.533203
v 33000.480469 32769.179688 24646.755859
v 33116.832031 32755.291016 24615.550781
v 33156.355469 32783.058594 24702.187500
v 33787.433594 32870.609375 24622.257812
v 32418.667969 32908.613281 24663.410156
v 31108.628906 33232.828125 24598.392578
v 34204.363281 33459.808594 24707.748047
v 34148.328125 33569.359375 24654.730469
v 31036.462891 33649.542969 24625.195312
v 31778.841797 33998.664062 24618.537109
v 31886.689453 33999.406250 24654.185547
v 32146.478516 34110.144531 24637.640625
v 32288.521484 34155.500000 24666.945312
v 32677.689453 34422.429688 24612.521484
v 32877.964844 32747.691406 24604.515625
v 33746.152344 32847.515625 24647.558594
v 32636.417969 32861.363281 24685.638672
v 32310.666016 33056.187500 24721.255859
v 31348.253906 33166.296875 24645.613281
v 31915.642578 33168.324219 24703.556641
v 34117.078125 33655.457031 24663.734375
v 31646.046875 33909.203125 24666.419922
v 33947.105469 34015.218750 24684.433594
v 32218.583984 34084.234375 24723.351562
v 32486.853516 34258.863281 24682.443359
v 33701.000000 34475.843750 24608.830078
v 33639.402344 34566.980469 24694.222656
v 33436.117188 34665.007812 24816.341797
v 33574.148438 34618.757812 24787.167969
v 33205.250000 34668.121094 24721.324219
v 32812.730469 32854.625000 24728.414062
v 32860.484375 32787.695312 24664.353516
v 33045.671875 32813.140625 24742.613281
v 33290.550781 32779.214844 24700.306641
v 33695.750000 32828.976562 24659.945312
v 32772.105469 32898.652344 24754.042969
v 32619.781250 32934.734375 24732.029297
v 32445.033203 32970.613281 24706.009766
v 34041.785156 33127.894531 24682.812500
v 31414.833984 33261.062500 24704.789062
v 32320.507812 33156.371094 24778.003906
v 34121.699219 33196.480469 24766.099609
v 32211.091797 33150.789062 24747.505859
v 34150.476562 33256.070312 24730.255859
v 31255.121094 33309.066406 24685.232422
v 34170.332031 33310.484375 24706.238281
v 31137.085938 33371.722656 24666.109375
v 34231.820312 33358.523438 24761.199219
v 34291.511719 33428.601562 24814.949219
v 34193.398438 33520.429688 24715.828125
v 31090.548828 33510.417969 24665.916016
v 31085.607422 33575.761719 24664.287109
v 31213.126953 33796.175781 24625.152344
v 34018.382812 33876.519531 24698.333984
v 31888.562500 33945.554688 24710.517578
v 32071.763672 34056.070312 24668.310547
v 32351.087891 34190.890625 24661.033203
v 33825.238281 34281.265625 24741.039062
v 32759.867188 34458.257812 24701.648438
v 32835.757812 34523.859375 24673.648438
v 33336.687500 34673.789062 24772.375000
v 32923.277344 32812.714844 24708.507812
v 33256.996094 32798.632812 24792.449219
v 33631.894531 32807.070312 24608.111328
v 32904.574219 32844.554688 24744.328125
v 32718.902344 32986.160156 24798.123047
v 32596.541016 33018.871094 24778.548828
v 31547.378906 33302.699219 24738.759766
v 31779.730469 33202.691406 24706.056641
v 34152.386719 33641.285156 24742.703125
v 31172.976562 33692.230469 24668.794922
v 34084.355469 33727.410156 24666.662109
v 31406.582031 33733.488281 24724.484375
v 31486.160156 33852.386719 24667.919922
v 33941.597656 34058.566406 24789.250000
v 31989.181641 34001.566406 24694.013672
v 33497.402344 34637.500000 24659.095703
v 33242.910156 34672.917969 24881.500000
v 33294.488281 32809.382812 24824.732422
v 33186.464844 32838.597656 24850.083984
v 33928.742188 32981.621094 24709.503906
v 32466.357422 33107.621094 24791.740234
v 32089.103516 33321.492188 24808.904297
v 32048.039062 33184.171875 24731.875000
v 31972.078125 33316.718750 24785.013672
v 31173.228516 33437.367188 24689.619141
v 31229.566406 33488.796875 24712.894531
v 34258.957031 33488.882812 24793.203125
v 31278.628906 33648.683594 24715.384766
v 31259.312500 33716.691406 24684.417969
v 31727.199219 33862.460938 24734.941406
v 31857.498047 33891.976562 24749.132812
v 31987.025391 33920.496094 24771.433594
v 32083.208984 34004.953125 24736.013672
v 32660.085938 34348.179688 24776.154297
v 33715.558594 34475.921875 24714.537109
v 33612.558594 34594.890625 24750.138672
v 33016.085938 34622.628906 24863.058594
v 33315.468750 34673.558594 24703.054688
v 32942.019531 32893.929688 24809.542969
v 33854.433594 32915.613281 24732.732422
v 32952.296875 32955.687500 24864.498047
v 34052.648438 33110.437500 24773.839844
v 34192.238281 33266.070312 24796.406250
v 31394.097656 33391.417969 24748.107422
v 31518.341797 33382.648438 24768.101562
v 31813.726562 33335.398438 24772.662109
v 31832.869141 33379.773438 24792.900391
v 31412.630859 33449.050781 24763.841797
v 31302.062500 33545.921875 24737.681641
v 31441.683594 33576.238281 24779.736328
v 31265.548828 33598.066406 24722.033203
v 34198.851562 33560.445312 24755.320312
v 31452.388672 33651.113281 24770.996094
v 31490.236328 33749.371094 24741.347656
v 31588.634766 33719.828125 24780.701172
v 34082.062500 33783.804688 24767.679688
v 31814.277344 33829.207031 24782.427734
v 31637.617188 33790.355469 24756.763672
v 32086.923828 33961.855469 24780.281250
v 32237.785156 34046.144531 24786.085938
v 32415.953125 34202.882812 24707.957031
v 32559.689453 34276.335938 24755.824219
v 32748.562500 34407.992188 24839.507812
v 32921.117188 34569.957031 24770.056641
v 33514.539062 34645.605469 24871.316406
v 33400.875000 32791.125000 24746.521484
v 33476.519531 32789.890625 24687.353516
v 33601.542969 32812.605469 24719.865234
v 33739.367188 32855.218750 24789.751953
v 33944.640625 32987.230469 24833.650391
v 34030.699219 33073.437500 24836.185547
v 32310.429688 33314.914062 24861.121094
v 31932.314453 33415.980469 24821.259766
v 32039.265625 33393.007812 24831.191406
v 31641.531250 33464.976562 24798.251953
v 31788.019531 33454.359375 24812.339844
v 31507.845703 33550.437500 24790.982422
v 31572.601562 33507.937500 24797.642578
v 31712.109375 33530.484375 24819.039062
v 31597.751953 33618.597656 24806.203125
v 31781.130859 33638.929688 24834.150391
v 31863.214844 33537.300781 24842.804688
v 34210.953125 33591.789062 24811.166016
v 31591.183594 33666.515625 24797.708984
v 34135.675781 33704.757812 24798.355469
v 31859.498047 33742.609375 24831.480469
v 31761.732422 33754.710938 24805.671875
v 31893.619141 33825.046875 24806.326172
v 34050.621094 33874.796875 24865.833984
v 33997.414062 33977.355469 24885.412109
v 32197.064453 34003.695312 24804.667969
v 32343.916016 34054.050781 24863.814453
v 32354.958984 34106.554688 24804.548828
v 32570.455078 34242.085938 24849.091797
v 33786.765625 34383.074219 24838.187500
v 33394.832031 32800.007812 24794.660156
v 33061.402344 32865.218750 24834.851562
v 34197.488281 33234.507812 24875.382812
v 34246.746094 33291.746094 24852.652344
v 32176.439453 33346.472656 24841.316406
v 32155.746094 33428.343750 24873.425781
v 34335.750000 33369.843750 24886.173828
v 34353.839844 33422.324219 24895.732422
v 32052.681641 33473.902344 24865.087891
v 32170.449219 33501.683594 24906.003906
v 31932.869141 33507.621094 24849.210938
v 31935.339844 33579.132812 24863.691406
v 31764.333984 33579.578125 24831.890625
v 31803.439453 33689.484375 24832.150391
v 31889.744141 33648.632812 24855.593750
v 34136.773438 33735.265625 24868.968750
v 31963.255859 33700.355469 24869.333984
v 31967.962891 33780.214844 24848.503906
v 31974.423828 33852.281250 24815.408203
v 32086.410156 33906.144531 24827.458984
v 32170.720703 33866.464844 24898.429688
v 32222.212891 33958.949219 24863.835938
v 32505.560547 34172.257812 24874.976562
v 32492.126953 34213.523438 24783.548828
v 33819.875000 34367.421875 24999.361328
v 33744.464844 34481.445312 24938.835938
v 33625.042969 34603.593750 24892.892578
v 32997.121094 34615.589844 24957.179688
v 33544.125000 32812.519531 24787.875000
v 33675.898438 32834.367188 24780.867188
v 33817.125000 32890.492188 24775.402344
v 33366.492188 32843.414062 24905.335938
v 33194.957031 32902.601562 24927.722656
v 32653.818359 33114.160156 24856.550781
v 32046.515625 33549.117188 24885.148438
v 34346.730469 33474.671875 24903.724609
v 34220.058594 33614.648438 24864.789062
v 32064.294922 33617.453125 24902.710938
v 32029.595703 33742.703125 24881.689453
v 31992.710938 33651.507812 24882.802734
v 32121.371094 33755.097656 24915.285156
v 32074.351562 33818.894531 24872.556641
v 33930.109375 34154.625000 25064.001953
v 32891.140625 34542.683594 24832.234375
v 33088.949219 34648.292969 24811.464844
v 33497.199219 32833.109375 24890.980469
v 33663.710938 32844.406250 24880.421875
v 33905.765625 32961.550781 24888.363281
v 34033.593750 33073.464844 24906.173828
v 34125.828125 33166.507812 24904.582031
v 34212.406250 33244.164062 24932.636719
v 34342.906250 33353.933594 24921.687500
v 32220.505859 33552.414062 24937.748047
v 34218.472656 33640.359375 24930.656250
v 34152.195312 33726.527344 24924.214844
v 32276.625000 33923.355469 24927.449219
v 34004.304688 33987.664062 24994.427734
v 32617.140625 34274.386719 24867.208984
v 32816.648438 34476.250000 24829.634766
v 33699.867188 34522.726562 24832.351562
v 33127.062500 34663.304688 24941.962891
v 33456.308594 32855.054688 24943.248047
v 33710.125000 32872.601562 24932.275391
v 33799.257812 32893.351562 24890.349609
v 33112.589844 32982.031250 24947.332031
v 33846.796875 32934.894531 24940.304688
v 32905.320312 33037.359375 24900.617188
v 34031.937500 33086.792969 24954.906250
v 32750.595703 33167.960938 24922.660156
v 34110.218750 33163.277344 24954.841797
v 32291.076172 33476.093750 24933.033203
v 34352.207031 33486.050781 24965.351562
v 34296.507812 33556.050781 24964.769531
v 32184.154297 33619.671875 24942.441406
v 34187.332031 33683.253906 24991.671875
v 34109.257812 33799.664062 24978.716797
v 32165.970703 33815.164062 24919.230469
v 32449.128906 34069.746094 24942.851562
v 32479.919922 34127.023438 24908.978516
v 32679.876953 34325.601562 24888.437500
v 32783.570312 34422.675781 24941.328125
v 33794.265625 34441.636719 25092.332031
v 33670.359375 34562.195312 24856.832031
v 32946.898438 34583.964844 24947.742188
v 33785.250000 32912.406250 24970.677734
v 33909.316406 32984.289062 24961.320312
v 34212.835938 33263.558594 24981.669922
v 34309.628906 33334.640625 24959.326172
v 32481.619141 33302.921875 24908.359375
v 32323.419922 33391.378906 24904.123047
v 32171.982422 33698.910156 24945.408203
v 32274.699219 33724.347656 24990.099609
v 34056.402344 33885.171875 24952.654297
v 32380.867188 34017.277344 24932.222656
v 32614.693359 34238.785156 24938.287109
v 32859.054688 34507.453125 24946.527344
v 33482.953125 34658.578125 25018.845703
v 33593.976562 32868.738281 24968.865234
v 33340.867188 32885.707031 24967.056641
v 33340.886719 32943.171875 25006.455078
v 33205.476562 33025.957031 25011.705078
v 33869.671875 32991.847656 25024.357422
v 33953.941406 33052.984375 25019.302734
v 33026.261719 33079.179688 24971.980469
v 33030.183594 33175.859375 25025.419922
v 34100.480469 33178.832031 25004.011719
v 32833.972656 33218.835938 24980.507812
v 34354.136719 33404.585938 24984.521484
v 32623.044922 33374.480469 24992.673828
v 32501.333984 33466.601562 24998.958984
v 34176.726562 33461.695312 25114.160156
v 34295.230469 33487.230469 25028.970703
v 32351.958984 33580.589844 24996.144531
v 34140.687500 33734.421875 25068.011719
v 32269.548828 33795.550781 24979.130859
v 34109.707031 33794.425781 25049.283203
v 32311.152344 33863.453125 24981.511719
v 32340.908203 33904.437500 24980.087891
v 34063.171875 33879.863281 25029.691406
v 32519.359375 34102.207031 24985.986328
v 32739.275391 34355.812500 25019.179688
v 33715.859375 34536.363281 25025.023438
v 33678.285156 34566.078125 24975.398438
v 33578.984375 34625.531250 24936.265625
v 33658.289062 34587.699219 25047.740234
v 33389.144531 34673.371094 24904.099609
v 33736.554688 32918.363281 25014.498047
v 33480.765625 32885.683594 24983.041016
v 33334.148438 33028.492188 25049.216797
v 33072.699219 33239.164062 25070.328125
v 34053.421875 33161.710938 25040.039062
v 34176.835938 33276.835938 25036.314453
v 32906.675781 33281.320312 25036.835938
v 34217.625000 33346.867188 25051.972656
v 32822.671875 33385.121094 25060.808594
v 32498.421875 33556.136719 25036.033203
v 34266.156250 33560.246094 25027.974609
v 34210.046875 33636.007812 25037.644531
v 34015.238281 33972.468750 25097.052734
v 32470.931641 34027.328125 25000.136719
v 32575.558594 34179.855469 24970.015625
v 33974.085938 34060.839844 25087.966797
v 32690.076172 34303.253906 24985.564453
v 33182.820312 34673.250000 24969.843750
v 33453.507812 32921.167969 25014.179688
v 33596.722656 32921.390625 25031.781250
v 33459.933594 32962.894531 25045.943359
v 33791.929688 32985.777344 25066.699219
v 33313.386719 33110.121094 25083.857422
v 33198.394531 33203.355469 25093.462891
v 33314.140625 33174.218750 25111.962891
v 34253.019531 33415.335938 25055.208984
v 32736.294922 33512.046875 25091.066406
v 32623.429688 33482.281250 25045.746094
v 34134.671875 33542.812500 25147.757812
v 34205.992188 33578.136719 25086.845703
v 32399.408203 33974.468750 24978.890625
v 32544.058594 34067.570312 25043.582031
v 34059.609375 33883.308594 25084.138672
v 33922.324219 34196.242188 25176.626953
v 32935.808594 34588.937500 25089.527344
v 33071.832031 34649.980469 24982.541016
v 33586.968750 32970.632812 25067.794922
v 33581.312500 33022.535156 25098.630859
v 33727.519531 32997.371094 25089.087891
v 33868.757812 33051.503906 25078.751953
v 33980.539062 33124.968750 25071.908203
v 33281.574219 33291.945312 25153.005859
v 32962.898438 33366.019531 25093.384766
v 32860.527344 33551.421875 25141.011719
v 32652.722656 33612.230469 25103.292969
v 32531.500000 33620.257812 25066.750000
v 32334.126953 33664.035156 25010.261719
v 34148.105469 33703.953125 25094.111328
v 32393.333984 33735.378906 25042.201172
v 34071.410156 33835.386719 25147.285156
v 32470.662109 33958.949219 25038.261719
v 34013.882812 33960.089844 25182.361328
v 32598.179688 34162.562500 25031.548828
v 32654.197266 34236.113281 25033.376953
v 32716.146484 34309.187500 25062.855469
v 33844.421875 34364.722656 25145.673828
v 33784.214844 34507.261719 25258.488281
v 32811.554688 34452.371094 25027.337891
v 33748.707031 34519.410156 25118.953125
v 32893.632812 34544.984375 25021.478516
v 33248.855469 34681.269531 25052.908203
v 33341.882812 34676.093750 25019.851562
v 33126.601562 34671.414062 25099.099609
v 33545.648438 33109.542969 25131.326172
v 33802.886719 33045.882812 25102.859375
v 33429.156250 33087.074219 25101.859375
v 34075.453125 33256.945312 25102.498047
v 34128.023438 33336.894531 25113.154297
v 33126.968750 33322.179688 25123.693359
v 32809.460938 33643.714844 25158.996094
v 34134.707031 33679.242188 25137.951172
v 32667.994141 33702.421875 25132.767578
v 32586.611328 33750.394531 25113.488281
v 32519.216797 33796.324219 25091.119141
v 32423.974609 33861.183594 25045.398438
v 32538.333984 33999.421875 25076.435547
v 32698.746094 34255.941406 25109.787109
v 33879.531250 34274.281250 25095.785156
v 32855.859375 34525.964844 25193.865234
v 33711.515625 34560.792969 25139.052734
v 33001.164062 34627.390625 25090.808594
v 33013.511719 34638.171875 25186.126953
v 33684.500000 33069.468750 25125.988281
v 33636.582031 33147.281250 25157.804688
v 33901.195312 33147.761719 25127.128906
v 33519.945312 33271.257812 25193.490234
v 33975.460938 33178.117188 25115.972656
v 34100.476562 33352.894531 25137.853516
v 33424.792969 33255.855469 25170.613281
v 33199.679688 33494.597656 25213.294922
v 33326.812500 33482.277344 25239.478516
v 33071.882812 33505.152344 25182.699219
v 32678.384766 33798.890625 25160.128906
v 32705.222656 33935.640625 25191.103516
v 32590.943359 33827.191406 25123.894531
v 32520.140625 33893.968750 25086.734375
v 32598.009766 33977.285156 25124.439453
v 32638.230469 34054.445312 25142.046875
v 32613.697266 34091.218750 25105.619141
v 32669.919922 34172.625000 25129.439453
v 33977.976562 34052.996094 25190.548828
v 32922.109375 34590.339844 25160.417969
v 32948.605469 34602.652344 25203.962891
v 33619.488281 34613.082031 25079.472656
v 33427.546875 34668.785156 25030.744141
v 33419.972656 34667.761719 25264.095703
v 33268.554688 34685.589844 25171.330078
v 33749.128906 33122.230469 25145.925781
v 33912.265625 33215.867188 25158.710938
v 33730.011719 33235.640625 25196.421875
v 33833.765625 33176.847656 25159.464844
v 33675.437500 33305.132812 25221.796875
v 34014.160156 33325.726562 25169.751953
v 33929.167969 33320.257812 25196.685547
v 33588.792969 33303.050781 25215.210938
v 34048.835938 33501.320312 25193.136719
v 33941.527344 33445.242188 25228.402344
v 34123.386719 33435.066406 25144.982422
v 33069.605469 33645.253906 25238.328125
v 34079.328125 33650.523438 25192.423828
v 34074.144531 33712.691406 25197.433594
v 32967.019531 33737.687500 25241.867188
v 32845.367188 33772.343750 25213.224609
v 34088.382812 33744.917969 25176.089844
v 32812.500000 33922.351562 25238.658203
v 34038.296875 33842.703125 25222.945312
v 32618.773438 33895.617188 25142.066406
v 34010.476562 33927.441406 25245.667969
v 32695.035156 34122.843750 25178.476562
v 33941.546875 34155.031250 25233.132812
v 32754.214844 34328.335938 25179.035156
v 32773.460938 34394.660156 25129.335938
v 32823.660156 34457.363281 25229.876953
v 32900.957031 34516.988281 25255.542969
v 33119.222656 34668.683594 25196.593750
v 33203.921875 34685.863281 25165.460938
v 33810.554688 33322.296875 25221.433594
v 33724.718750 33404.539062 25258.029297
v 33758.515625 33443.765625 25268.609375
v 33901.261719 33363.226562 25216.087891
v 33569.066406 33435.457031 25262.306641
v 33517.902344 33489.832031 25277.484375
v 33414.156250 33505.964844 25267.042969
v 33186.312500 33633.410156 25267.769531
v 33131.699219 33792.464844 25322.125000
v 33042.285156 33778.132812 25283.105469
v 34020.417969 33801.156250 25256.738281
v 32847.562500 33864.898438 25239.416016
v 32792.585938 33998.621094 25243.785156
v 32720.078125 34043.597656 25203.845703
v 32709.626953 34216.679688 25171.679688
v 32744.796875 34206.500000 25224.556641
v 32797.382812 34367.949219 25246.378906
v 33137.832031 34659.972656 25285.007812
v 33626.855469 33524.859375 25301.306641
v 33813.332031 33520.144531 25287.185547
v 33850.875000 33457.882812 25260.443359
v 33939.351562 33592.347656 25272.265625
v 33201.171875 33759.125000 25331.669922
v 33974.511719 33629.628906 25263.654297
v 34019.164062 33629.437500 25234.097656
v 32959.867188 33834.250000 25274.015625
v 33985.218750 33906.832031 25312.216797
v 32899.468750 33980.675781 25297.048828
v 33984.800781 34006.238281 25271.437500
v 32866.167969 34104.613281 25311.564453
v 32746.216797 34144.281250 25227.423828
v 32861.277344 34245.238281 25335.027344
v 32826.562500 34164.273438 25294.464844
v 32815.937500 34298.238281 25285.271484
v 32896.972656 34339.710938 25349.417969
v 32982.800781 34543.617188 25306.357422
v 33082.648438 34592.285156 25362.935547
v 33692.000000 34582.457031 25229.873047
v 33552.578125 34641.492188 25125.478516
v 33012.113281 34595.199219 25277.220703
v 33504.949219 33562.558594 25307.906250
v 33707.910156 33550.964844 25311.535156
v 33754.812500 33619.132812 25334.974609
v 33558.175781 33611.191406 25336.117188
v 33877.269531 33598.000000 25297.035156
v 33371.234375 33622.234375 25311.404297
v 33661.925781 33606.683594 25337.505859
v 33334.824219 33717.625000 25351.632812
v 33448.988281 33670.019531 25351.863281
v 33284.453125 33604.945312 25281.894531
v 33834.644531 33680.871094 25344.656250
v 33914.140625 33718.164062 25326.773438
v 33956.148438 33735.199219 25306.324219
v 33062.125000 33859.914062 25325.763672
v 33994.460938 33765.304688 25281.482422
v 32968.980469 33946.484375 25319.105469
v 33038.035156 33960.656250 25359.373047
v 33962.953125 34083.726562 25299.779297
v 32877.363281 34427.449219 25292.703125
v 32935.253906 34396.843750 25360.458984
v 32959.019531 34469.250000 25342.363281
v 33067.492188 34551.324219 25390.607422
v 33509.546875 34652.488281 25213.734375
v 33089.382812 34638.308594 25290.974609
v 33247.351562 34677.171875 25279.144531
v 33522.886719 33723.179688 25395.250000
v 33638.128906 33681.992188 25377.292969
v 33765.000000 33731.093750 25390.808594
v 33160.746094 33880.074219 25380.707031
v 33064.054688 34003.820312 25397.535156
v 33946.609375 34101.238281 25407.882812
v 32964.148438 34056.437500 25359.031250
v 33941.648438 34157.640625 25366.767578
v 32967.093750 34120.296875 25385.271484
v 33831.457031 34471.179688 25417.593750
v 33577.136719 33764.578125 25426.070312
v 33458.316406 33751.496094 25402.466797
v 33270.710938 33804.687500 25381.873047
v 33827.750000 33756.640625 25384.566406
v 33888.679688 33819.976562 25390.380859
v 33962.687500 33893.917969 25351.306641
v 33130.503906 34028.558594 25455.125000
v 33962.765625 33996.156250 25364.972656
v 33941.921875 34063.945312 25437.089844
v 33913.710938 34260.640625 25335.960938
v 32952.515625 34291.253906 25407.337891
v 33736.617188 34557.296875 25273.242188
v 33514.863281 34648.601562 25309.394531
v 33306.109375 34682.105469 25246.337891
v 33639.210938 33794.550781 25446.421875
v 33720.777344 33778.601562 25428.359375
v 33219.054688 33945.207031 25455.761719
v 33936.757812 33846.292969 25364.015625
v 32906.113281 34187.632812 25362.552734
v 33848.460938 34411.019531 25307.832031
v 33725.289062 34578.148438 25430.857422
v 33181.519531 34648.351562 25354.218750
v 33290.718750 34658.890625 25363.953125
v 33583.378906 33866.773438 25495.615234
v 33926.820312 33963.972656 25438.773438
v 32996.890625 34356.210938 25433.943359
v 33888.113281 34317.511719 25297.125000
v 33879.910156 34417.007812 25516.859375
v 33101.707031 34498.843750 25460.871094
v 33774.468750 34539.042969 25407.333984
v 33670.207031 34601.531250 25335.234375
v 33601.734375 34626.812500 25356.261719
v 33153.617188 34605.140625 25402.414062
v 33383.394531 34661.285156 25370.484375
v 33387.414062 33806.351562 25421.765625
v 33481.148438 33840.167969 25464.951172
v 33835.148438 33848.097656 25440.644531
v 32962.671875 34253.117188 25416.222656
v 33628.597656 34612.050781 25509.839844
v 33518.195312 34642.707031 25389.419922
v 33678.445312 33886.292969 25509.478516
v 33353.562500 33877.277344 25461.292969
v 33363.171875 33983.285156 25536.992188
v 33133.562500 34302.125000 25548.255859
v 33903.046875 34333.191406 25472.023438
v 33116.710938 34458.339844 25497.031250
v 33862.257812 34452.054688 25527.146484
v 33196.257812 34480.667969 25554.021484
v 33263.066406 34607.890625 25471.187500
v 33332.792969 34619.832031 25485.429688
v 33448.207031 34637.824219 25456.986328
v 33643.316406 33967.691406 25573.468750
v 33772.445312 33868.332031 25480.554688
v 33891.976562 33938.683594 25468.033203
v 33931.089844 34031.082031 25460.605469
v 33059.410156 34117.445312 25448.742188
v 33824.175781 34493.292969 25532.990234
v 33581.441406 34616.246094 25523.898438
v 33534.097656 33940.464844 25547.156250
v 33850.320312 33947.691406 25510.859375
v 33287.250000 34026.039062 25534.929688
v 33891.421875 34049.734375 25556.068359
v 33927.332031 34139.828125 25535.556641
v 33931.687500 34170.750000 25498.093750
v 33918.898438 34273.503906 25519.945312
v 33092.207031 34337.207031 25513.642578
v 33900.277344 34359.054688 25566.140625
v 33373.707031 34636.414062 25459.162109
v 33669.644531 34592.253906 25525.769531
v 33732.285156 34557.394531 25541.435547
v 33559.335938 34013.695312 25613.175781
v 33908.320312 34115.054688 25574.908203
v 33232.750000 34098.128906 25549.611328
v 33178.531250 34187.714844 25555.767578
v 33125.062500 34250.050781 25536.371094
v 33129.730469 34415.507812 25526.480469
v 33830.941406 34462.539062 25580.417969
v 33205.593750 34527.015625 25524.064453
v 33723.832031 34536.738281 25601.878906
v 33750.859375 34025.390625 25607.664062
v 33444.855469 33947.257812 25535.496094
v 33226.359375 34228.546875 25606.134766
v 33916.355469 34279.757812 25618.117188
v 33267.453125 34566.125000 25527.843750
v 33375.738281 34579.179688 25570.349609
v 33464.023438 34593.976562 25575.888672
v 33505.992188 34610.792969 25546.835938
v 33260.152344 34277.625000 25641.527344
v 33267.687500 34363.093750 25648.478516
v 33835.496094 34420.476562 25625.828125
v 33244.417969 34398.855469 25625.453125
v 33334.398438 34463.070312 25662.880859
v 33705.121094 34514.441406 25657.095703
v 33542.738281 34583.359375 25622.851562
v 33625.230469 34585.644531 25600.279297
v 33419.894531 34145.484375 25671.765625
v 33325.843750 34147.472656 25631.476562
v 33317.726562 34508.539062 25617.703125
v 33637.375000 34536.429688 25679.119141
v 33588.796875 34120.003906 25691.937500
v 33807.328125 34020.355469 25590.519531
v 33847.636719 34098.863281 25632.671875
v 33867.933594 34134.093750 25642.802734
v 33914.394531 34212.175781 25616.074219
v 33880.804688 34333.035156 25647.445312
v 33407.410156 34537.394531 25644.724609
v 33455.261719 34552.476562 25642.099609
v 33509.285156 34070.664062 25651.869141
v 33602.984375 34033.968750 25632.099609
v 33787.894531 34105.437500 25660.400391
v 33771.062500 34193.089844 25723.121094
v 33859.957031 34215.277344 25679.775391
v 33869.335938 34259.718750 25679.642578
v 33784.007812 34337.988281 25728.312500
v 33346.683594 34333.039062 25696.207031
v 33746.941406 34392.429688 25728.951172
v 33715.984375 34147.355469 25706.046875
v 33470.875000 34144.265625 25688.792969
v 33780.761719 34286.082031 25734.544922
v 33395.179688 34249.410156 25704.343750
v 33474.957031 34275.640625 25743.896484
v 33706.183594 34350.695312 25756.695312
v 33347.019531 34383.277344 25699.228516
v 33417.980469 34461.179688 25713.500000
v 33477.707031 34500.371094 25708.525391
v 33530.074219 34531.007812 25689.580078
v 33600.230469 34446.378906 25753.265625
v 33547.902344 34160.988281 25710.671875
v 33654.804688 34196.175781 25736.134766
v 33606.148438 34266.480469 25764.474609
v 33703.523438 34239.335938 25750.187500
v 33542.007812 34367.750000 25774.189453
v 33444.425781 34363.261719 25750.798828
v 33519.117188 34435.875000 25754.128906
v 33537.917969 34469.503906 25743.021484
v 33692.503906 34303.019531 25767.001953
v 33610.015625 34321.117188 25781.843750
# 2107 vertices, 0 vertices normals

f 1 42 25
f 43 42 1
f 25 2 1
f 26 4 25
f 4 2 25
f 1 2 3
f 1 3 43
f 4 7 2
f 5 12 4
f 4 12 7
f 3 8 29
f 29 8 33
f 2 7 6
f 2 9 3
f 3 9 8
f 7 13 11
f 7 11 6
f 12 13 7
f 2 6 9
f 8 10 33
f 5 31 12
f 32 33 10
f 6 14 9
f 9 10 8
f 12 31 15
f 6 11 14
f 9 14 10
f 13 16 11
f 11 16 14
f 12 18 13
f 12 15 18
f 16 17 14
f 13 18 16
f 16 18 17
f 18 19 17
f 17 19 41
f 22 25 20
f 20 25 42
f 21 42 43
f 23 43 27
f 27 24 23
f 22 26 25
f 27 43 3
f 29 27 3
f 27 29 24
f 24 29 28
f 26 46 5
f 5 4 26
f 28 29 30
f 30 29 33
f 47 30 34
f 31 5 46
f 30 33 34
f 32 35 33
f 33 35 34
f 34 35 49
f 35 48 49
f 10 38 32
f 35 38 48
f 32 38 35
f 38 36 48
f 37 14 17
f 37 10 14
f 38 39 36
f 52 36 39
f 10 39 38
f 10 37 56
f 10 56 39
f 40 18 15
f 40 19 18
f 41 54 17
f 17 54 37
f 37 54 55
f 37 55 56
f 19 40 57
f 19 57 41
f 43 23 21
f 81 20 42
f 20 44 22
f 60 24 45
f 44 26 22
f 45 24 28
f 46 26 44
f 45 47 63
f 45 28 47
f 30 47 28
f 47 34 75
f 49 75 34
f 48 36 76
f 36 51 76
f 36 52 51
f 50 15 31
f 51 52 77
f 39 53 52
f 77 52 53
f 53 39 56
f 56 66 53
f 65 40 15
f 40 65 89
f 89 68 40
f 68 57 40
f 54 58 55
f 55 66 56
f 41 57 69
f 41 69 54
f 55 58 66
f 54 69 70
f 54 70 58
f 58 59 66
f 58 71 59
f 62 103 60
f 61 20 83
f 72 42 21
f 60 45 62
f 61 44 20
f 23 24 60
f 62 45 63
f 44 61 74
f 62 63 104
f 74 46 44
f 104 63 47
f 75 104 47
f 106 31 46
f 48 76 49
f 50 31 106
f 87 15 50
f 87 64 15
f 64 65 15
f 67 53 66
f 64 89 65
f 66 59 67
f 68 93 57
f 68 96 93
f 57 93 69
f 70 71 58
f 79 69 93
f 69 79 70
f 71 94 59
f 71 70 80
f 60 172 82
f 81 83 20
f 81 42 72
f 72 21 73
f 73 21 23
f 73 23 82
f 82 23 60
f 103 172 60
f 62 222 103
f 74 106 46
f 84 75 49
f 76 84 49
f 64 88 89
f 89 78 68
f 96 68 78
f 67 59 91
f 94 71 80
f 59 94 91
f 78 92 96
f 80 70 98
f 79 97 70
f 79 93 97
f 97 98 70
f 102 73 82
f 119 74 61
f 119 106 74
f 75 143 104
f 76 86 84
f 106 109 50
f 76 51 86
f 50 109 85
f 87 50 85
f 51 77 112
f 113 77 53
f 112 77 113
f 113 53 67
f 67 90 113
f 88 78 89
f 91 90 67
f 95 91 94
f 91 95 115
f 100 93 96
f 94 80 161
f 100 97 93
f 80 98 116
f 96 99 100
f 98 97 101
f 98 101 116
f 100 101 97
f 83 81 140
f 140 81 72
f 169 82 172
f 102 72 73
f 61 117 119
f 142 62 104
f 121 143 75
f 120 106 119
f 105 121 75
f 120 147 106
f 105 75 84
f 105 84 107
f 124 107 126
f 107 84 86
f 126 107 108
f 147 109 106
f 107 86 108
f 86 51 110
f 108 86 110
f 51 112 110
f 85 128 129
f 129 87 85
f 64 87 129
f 111 88 64
f 112 113 134
f 113 90 134
f 111 189 88
f 189 78 88
f 90 91 115
f 134 90 114
f 114 90 115
f 137 115 95
f 161 95 94
f 96 92 99
f 80 116 161
f 99 101 100
f 140 72 141
f 72 102 141
f 118 83 139
f 139 83 140
f 103 323 172
f 118 117 61
f 118 61 83
f 174 119 117
f 62 142 222
f 143 142 104
f 146 143 121
f 146 121 122
f 121 105 122
f 122 105 123
f 105 107 124
f 105 124 123
f 123 124 148
f 124 126 148
f 126 108 125
f 128 85 109
f 125 127 126
f 108 130 125
f 110 130 108
f 125 131 127
f 125 130 131
f 112 132 110
f 132 130 110
f 129 154 64
f 64 154 111
f 133 132 112
f 130 132 131
f 134 133 112
f 132 133 155
f 189 274 78
f 114 115 135
f 274 138 78
f 138 92 78
f 136 115 137
f 115 136 194
f 115 194 135
f 137 200 136
f 99 92 138
f 95 161 137
f 137 161 200
f 99 138 160
f 162 116 101
f 99 160 162
f 99 162 101
f 209 140 141
f 166 209 141
f 169 168 82
f 168 102 82
f 117 171 173
f 171 118 139
f 173 174 117
f 171 117 118
f 175 323 103
f 142 143 144
f 120 119 176
f 146 144 143
f 144 146 177
f 177 146 145
f 145 122 181
f 146 122 145
f 122 123 181
f 180 147 120
f 181 123 149
f 180 183 147
f 123 148 149
f 148 151 150
f 148 127 151
f 147 184 109
f 126 127 148
f 128 184 185
f 184 128 109
f 127 152 151
f 127 131 152
f 236 129 128
f 236 153 129
f 131 157 152
f 153 154 129
f 188 152 157
f 155 131 132
f 156 131 155
f 131 156 157
f 186 111 154
f 158 155 133
f 158 191 155
f 155 191 156
f 133 134 158
f 156 187 157
f 114 159 134
f 158 190 191
f 191 190 196
f 159 114 135
f 195 159 135
f 134 159 158
f 240 138 274
f 195 135 194
f 198 194 136
f 136 200 198
f 163 162 160
f 160 247 163
f 205 164 203
f 203 164 207
f 217 207 164
f 167 166 141
f 169 253 168
f 205 170 164
f 139 140 209
f 141 102 167
f 167 102 168
f 171 212 213
f 212 171 139
f 213 173 171
f 222 175 103
f 218 176 174
f 176 119 174
f 176 218 178
f 144 222 142
f 176 178 120
f 177 145 258
f 144 177 225
f 179 180 178
f 178 180 120
f 181 296 145
f 181 149 259
f 230 183 179
f 179 183 180
f 182 259 149
f 150 149 148
f 182 149 150
f 183 230 233
f 183 184 147
f 183 233 184
f 185 184 233
f 185 236 128
f 151 237 150
f 151 152 237
f 152 188 237
f 238 154 153
f 238 186 154
f 186 189 111
f 187 188 157
f 238 272 186
f 187 156 191
f 192 187 191
f 188 187 193
f 268 188 193
f 190 158 159
f 190 159 195
f 190 242 196
f 187 192 193
f 191 196 192
f 192 197 193
f 195 194 199
f 190 195 242
f 196 197 192
f 193 197 244
f 241 193 244
f 198 199 194
f 196 246 197
f 312 202 246
f 202 197 246
f 244 202 275
f 244 197 202
f 161 201 200
f 161 116 201
f 162 248 116
f 163 248 162
f 205 280 204
f 251 203 208
f 208 203 207
f 206 205 203
f 207 217 210
f 166 165 209
f 284 167 168
f 205 204 219
f 219 170 205
f 212 139 209
f 211 213 212
f 211 255 214
f 213 214 173
f 211 214 213
f 215 164 170
f 164 215 217
f 221 214 255
f 214 174 173
f 170 220 215
f 210 217 221
f 214 218 174
f 221 218 214
f 216 257 219
f 170 219 220
f 217 215 223
f 221 223 218
f 219 228 220
f 219 257 228
f 217 223 221
f 220 227 215
f 215 227 223
f 218 226 178
f 223 226 218
f 144 224 222
f 144 225 224
f 258 225 177
f 223 227 226
f 228 257 260
f 226 229 179
f 227 229 226
f 226 179 178
f 220 229 227
f 229 230 179
f 233 228 260
f 228 230 220
f 220 230 229
f 182 299 259
f 228 233 230
f 231 299 182
f 233 260 232
f 232 260 301
f 231 182 234
f 150 234 182
f 232 301 262
f 232 185 233
f 234 150 237
f 232 262 235
f 232 236 185
f 234 237 264
f 232 235 236
f 235 267 236
f 267 153 236
f 188 268 237
f 267 238 153
f 238 267 270
f 272 189 186
f 268 193 239
f 272 274 189
f 241 239 193
f 243 195 199
f 243 242 195
f 242 246 196
f 198 245 199
f 242 243 246
f 201 311 200
f 202 312 275
f 160 377 247
f 248 308 116
f 312 246 249
f 280 206 250
f 251 277 206
f 206 203 251
f 280 205 206
f 204 280 363
f 252 281 210
f 210 281 207
f 210 256 252
f 255 256 210
f 212 282 254
f 212 209 282
f 282 209 165
f 319 166 167
f 284 168 253
f 362 253 169
f 320 169 172
f 320 362 169
f 255 211 256
f 254 256 211
f 254 211 212
f 323 320 172
f 255 210 221
f 216 219 204
f 258 145 290
f 296 290 145
f 295 300 257
f 257 300 260
f 259 296 181
f 297 296 259
f 261 260 300
f 261 301 260
f 336 231 234
f 234 263 336
f 263 234 264
f 262 301 265
f 262 265 235
f 237 268 264
f 266 235 265
f 266 267 235
f 270 266 303
f 270 267 266
f 264 268 269
f 271 272 238
f 269 268 239
f 270 271 238
f 304 272 271
f 304 274 272
f 269 239 273
f 239 241 273
f 241 244 305
f 307 243 199
f 307 199 245
f 244 275 346
f 307 246 243
f 311 201 310
f 311 351 200
f 200 351 198
f 198 378 245
f 116 310 201
f 308 310 116
f 163 350 248
f 249 246 307
f 249 355 312
f 277 250 206
f 382 277 251
f 276 280 250
f 279 382 251
f 285 390 278
f 208 281 279
f 208 279 251
f 279 281 315
f 278 286 285
f 207 281 208
f 318 282 165
f 283 165 166
f 283 318 165
f 319 283 166
f 285 286 291
f 252 256 254
f 284 319 167
f 278 288 286
f 285 291 289
f 363 287 204
f 287 216 204
f 286 290 291
f 291 294 289
f 289 330 325
f 216 287 292
f 292 257 216
f 224 328 222
f 288 293 286
f 290 297 291
f 291 297 298
f 291 298 294
f 292 295 257
f 286 293 290
f 290 296 297
f 224 225 327
f 327 225 258
f 327 258 293
f 293 258 290
f 298 297 299
f 331 298 299
f 259 299 297
f 299 366 331
f 295 333 300
f 333 261 300
f 333 368 261
f 334 366 231
f 366 299 231
f 368 302 261
f 261 302 301
f 336 334 231
f 302 265 301
f 266 265 371
f 266 340 303
f 303 271 270
f 271 303 342
f 305 273 241
f 271 342 304
f 343 240 274
f 304 343 274
f 305 244 346
f 343 304 342
f 343 348 240
f 348 138 240
f 138 348 306
f 306 160 138
f 378 198 351
f 248 309 308
f 350 309 248
f 311 354 351
f 352 275 312
f 313 307 380
f 352 312 355
f 313 249 307
f 249 356 355
f 313 356 249
f 389 276 250
f 382 279 388
f 430 280 276
f 363 280 430
f 252 315 281
f 315 252 316
f 316 252 254
f 316 254 317
f 317 254 282
f 317 282 318
f 321 288 278
f 321 278 314
f 322 285 289
f 322 289 325
f 287 363 324
f 328 323 175
f 396 323 328
f 222 328 175
f 330 289 294
f 327 293 288
f 324 401 292
f 287 324 292
f 328 224 329
f 329 224 326
f 326 224 327
f 294 331 330
f 330 399 325
f 298 331 294
f 365 333 295
f 333 365 405
f 333 405 368
f 368 335 302
f 367 336 263
f 407 263 264
f 335 369 337
f 335 337 302
f 337 265 302
f 337 371 265
f 407 264 269
f 407 269 339
f 338 266 371
f 338 340 266
f 273 339 269
f 341 303 340
f 408 339 273
f 305 408 273
f 373 408 305
f 341 342 303
f 342 341 374
f 344 343 342
f 342 374 344
f 379 305 346
f 344 347 343
f 345 306 348
f 343 347 348
f 160 306 349
f 160 349 377
f 245 378 307
f 352 346 275
f 346 352 379
f 348 347 345
f 247 381 163
f 381 350 163
f 354 311 310
f 308 353 310
f 309 353 308
f 310 353 448
f 310 448 354
f 352 355 413
f 357 314 278
f 390 357 278
f 358 392 315
f 392 279 315
f 392 388 279
f 316 360 359
f 285 394 390
f 358 315 316
f 358 316 359
f 360 316 317
f 360 317 318
f 360 318 361
f 361 318 283
f 361 283 319
f 319 284 393
f 393 284 253
f 393 253 362
f 285 395 394
f 322 395 285
f 429 320 323
f 364 324 363
f 326 321 433
f 321 326 288
f 396 328 329
f 432 329 326
f 326 327 288
f 330 331 332
f 330 402 399
f 399 402 400
f 332 402 330
f 401 295 292
f 331 366 332
f 332 366 402
f 295 401 365
f 334 403 366
f 336 367 334
f 437 368 405
f 368 437 406
f 407 367 263
f 368 406 335
f 406 369 335
f 371 337 369
f 370 371 369
f 370 372 371
f 372 338 371
f 341 340 338
f 409 338 372
f 338 409 341
f 375 444 373
f 375 373 305
f 379 375 305
f 443 344 374
f 344 443 445
f 445 347 344
f 349 306 345
f 446 307 378
f 445 376 347
f 376 345 347
f 349 411 377
f 381 247 377
f 307 446 380
f 377 557 381
f 354 476 351
f 351 476 378
f 448 561 354
f 356 413 355
f 447 413 356
f 380 514 313
f 313 514 356
f 452 250 277
f 452 414 250
f 385 384 383
f 383 391 385
f 385 386 387
f 385 391 386
f 489 357 390
f 383 361 391
f 391 393 386
f 362 422 386
f 394 493 390
f 392 359 421
f 358 359 392
f 421 359 383
f 383 359 361
f 361 359 360
f 391 361 319
f 391 319 393
f 386 393 362
f 314 357 427
f 427 433 314
f 430 364 363
f 323 396 429
f 314 433 321
f 322 542 395
f 329 397 396
f 433 432 326
f 325 542 322
f 324 364 398
f 364 435 398
f 398 401 324
f 398 435 436
f 436 401 398
f 366 403 402
f 403 334 404
f 334 367 404
f 370 406 471
f 370 369 406
f 339 470 407
f 339 408 470
f 439 372 370
f 373 440 408
f 441 409 372
f 507 373 444
f 442 374 341
f 442 341 409
f 374 442 443
f 375 478 444
f 410 345 376
f 410 349 345
f 411 349 410
f 557 377 411
f 378 476 446
f 446 477 380
f 478 379 412
f 379 478 375
f 412 379 352
f 413 412 352
f 559 350 381
f 309 350 559
f 513 448 353
f 559 449 309
f 309 449 353
f 447 356 514
f 452 277 382
f 383 384 482
f 384 450 482
f 384 415 450
f 415 384 385
f 385 387 415
f 416 387 386
f 417 416 386
f 455 250 414
f 389 250 455
f 482 421 383
f 416 417 419
f 418 419 417
f 357 489 426
f 386 422 417
f 417 422 418
f 389 455 420
f 382 388 425
f 419 457 453
f 419 418 457
f 493 489 390
f 422 423 418
f 418 423 457
f 426 427 357
f 424 276 420
f 420 276 389
f 490 425 388
f 490 388 392
f 392 421 490
f 423 422 428
f 424 430 276
f 422 362 428
f 428 362 320
f 428 320 429
f 428 429 397
f 428 397 431
f 396 397 429
f 431 329 432
f 431 397 329
f 432 433 427
f 434 364 430
f 430 424 434
f 434 435 364
f 325 499 542
f 499 325 399
f 399 400 499
f 400 468 499
f 467 401 436
f 468 400 469
f 401 467 365
f 403 400 402
f 469 400 403
f 404 469 403
f 405 502 437
f 503 367 407
f 438 407 470
f 471 439 370
f 440 506 470
f 408 440 470
f 373 472 440
f 441 439 473
f 372 439 441
f 444 551 507
f 442 409 441
f 443 475 445
f 478 509 444
f 509 551 444
f 585 410 376
f 479 411 410
f 410 585 618
f 410 618 479
f 354 480 476
f 413 447 412
f 449 559 560
f 448 513 561
f 353 622 513
f 515 380 477
f 380 515 514
f 387 565 415
f 565 387 483
f 387 416 483
f 419 487 416
f 487 483 416
f 419 451 487
f 456 414 452
f 455 414 456
f 482 490 421
f 593 483 487
f 485 456 452
f 425 452 382
f 453 451 419
f 453 454 451
f 458 454 453
f 492 426 489
f 452 486 485
f 453 457 461
f 453 461 458
f 458 460 454
f 459 460 458
f 426 460 459
f 460 426 492
f 455 456 420
f 486 452 425
f 457 423 428
f 457 428 461
f 458 461 462
f 458 462 459
f 459 462 463
f 459 463 426
f 464 424 420
f 461 431 462
f 461 428 431
f 463 427 426
f 462 431 463
f 465 394 395
f 431 432 463
f 463 432 427
f 434 466 435
f 466 436 435
f 404 367 545
f 438 503 407
f 504 406 437
f 440 472 506
f 548 439 471
f 473 439 548
f 507 472 373
f 581 441 473
f 581 474 441
f 474 442 441
f 553 442 474
f 475 443 442
f 475 442 553
f 554 445 475
f 376 445 554
f 478 510 509
f 476 511 446
f 446 512 477
f 411 556 557
f 480 511 476
f 511 512 446
f 510 478 412
f 559 381 557
f 354 561 480
f 412 447 562
f 512 481 477
f 622 353 449
f 481 515 477
f 450 517 482
f 516 490 482
f 484 485 518
f 485 486 518
f 454 488 451
f 484 456 485
f 491 487 451
f 491 451 488
f 460 496 454
f 454 496 488
f 492 496 460
f 494 420 456
f 495 486 425
f 490 495 425
f 524 496 492
f 526 525 493
f 394 526 493
f 420 494 464
f 526 394 465
f 465 395 537
f 434 424 464
f 436 498 467
f 466 498 436
f 500 467 539
f 500 501 365
f 500 365 467
f 469 544 468
f 544 576 468
f 405 365 501
f 405 501 502
f 404 545 469
f 503 545 367
f 471 406 504
f 438 470 505
f 506 505 470
f 472 547 506
f 507 549 472
f 550 581 473
f 551 508 507
f 474 581 552
f 553 474 552
f 583 475 553
f 554 475 583
f 554 585 376
f 511 558 512
f 447 514 562
f 515 481 588
f 515 564 514
f 516 517 589
f 589 519 516
f 517 516 482
f 415 591 450
f 415 565 625
f 518 519 589
f 495 518 486
f 495 519 518
f 519 520 516
f 516 520 490
f 566 593 487
f 494 456 595
f 519 495 520
f 645 491 521
f 520 495 490
f 521 491 488
f 488 496 523
f 524 523 496
f 492 489 524
f 525 489 493
f 522 529 494
f 523 524 567
f 567 524 569
f 569 524 525
f 525 524 489
f 527 529 528
f 534 526 465
f 531 532 530
f 532 531 527
f 527 531 533
f 527 533 529
f 529 464 494
f 529 533 464
f 465 599 534
f 465 537 599
f 530 541 535
f 530 535 531
f 531 535 536
f 531 536 533
f 533 536 538
f 541 540 535
f 538 464 533
f 541 530 632
f 395 570 537
f 536 535 498
f 538 434 464
f 570 395 542
f 535 540 498
f 536 498 538
f 538 498 466
f 538 466 434
f 570 542 497
f 540 539 498
f 541 632 571
f 541 571 540
f 540 571 543
f 539 467 498
f 540 543 539
f 543 500 539
f 571 573 543
f 573 575 543
f 543 575 500
f 500 575 501
f 578 501 575
f 578 502 501
f 545 544 469
f 546 502 578
f 546 437 502
f 504 437 546
f 545 503 438
f 471 504 580
f 505 506 547
f 549 547 472
f 580 548 471
f 548 550 473
f 507 508 549
f 509 582 551
f 553 552 583
f 582 509 510
f 583 616 554
f 554 616 585
f 412 555 510
f 619 512 558
f 562 555 412
f 587 481 512
f 449 560 622
f 514 563 562
f 588 481 587
f 564 563 514
f 588 564 515
f 517 590 589
f 591 517 450
f 592 518 589
f 625 591 415
f 518 592 484
f 565 483 593
f 487 491 566
f 566 491 645
f 484 595 456
f 645 521 628
f 488 523 521
f 595 522 494
f 629 521 523
f 569 525 674
f 525 651 674
f 651 525 526
f 526 534 651
f 651 534 568
f 532 528 596
f 527 528 532
f 522 528 529
f 673 567 569
f 537 697 599
f 530 631 632
f 499 572 542
f 573 571 601
f 573 601 574
f 468 602 499
f 602 468 576
f 577 574 655
f 574 575 573
f 574 577 575
f 544 606 576
f 577 578 575
f 579 578 577
f 579 546 578
f 606 544 545
f 634 504 546
f 438 607 545
f 504 634 580
f 608 607 505
f 607 438 505
f 505 547 608
f 610 608 549
f 549 608 547
f 549 609 610
f 699 548 580
f 609 549 508
f 550 548 681
f 611 508 582
f 582 508 551
f 581 613 552
f 616 583 584
f 585 664 618
f 510 555 614
f 585 616 664
f 586 557 556
f 620 511 480
f 558 511 620
f 617 555 563
f 562 563 555
f 586 559 557
f 620 480 561
f 558 620 640
f 558 640 619
f 563 621 617
f 586 560 559
f 561 643 620
f 560 669 622
f 564 621 563
f 591 590 517
f 589 691 592
f 566 748 593
f 645 748 566
f 627 595 484
f 629 628 521
f 522 594 597
f 595 594 522
f 523 567 629
f 532 596 631
f 597 596 528
f 597 528 522
f 674 673 569
f 631 530 532
f 568 534 599
f 568 599 598
f 697 537 570
f 697 570 600
f 600 570 497
f 601 571 632
f 572 497 542
f 572 600 497
f 655 574 601
f 602 572 499
f 602 633 572
f 603 577 655
f 604 577 603
f 604 579 577
f 606 607 605
f 545 607 606
f 546 579 634
f 580 634 636
f 610 635 608
f 580 636 699
f 609 508 611
f 548 699 612
f 584 583 552
f 510 614 582
f 555 615 614
f 617 665 615
f 555 617 615
f 664 686 618
f 479 618 723
f 479 723 556
f 479 556 411
f 619 587 512
f 619 642 587
f 588 587 642
f 623 588 642
f 623 639 621
f 564 623 621
f 622 689 513
f 623 564 588
f 591 624 590
f 691 589 590
f 624 591 625
f 710 592 691
f 627 484 592
f 627 626 595
f 671 645 628
f 626 630 594
f 594 630 597
f 626 594 595
f 631 596 646
f 596 647 646
f 647 596 597
f 630 647 597
f 673 629 567
f 568 598 695
f 697 598 599
f 646 632 631
f 632 646 652
f 632 652 653
f 632 653 601
f 653 655 601
f 602 576 715
f 715 576 606
f 605 715 606
f 658 698 605
f 635 658 607
f 658 605 607
f 634 579 604
f 608 635 607
f 660 634 657
f 636 634 660
f 635 610 659
f 609 637 610
f 611 637 609
f 612 681 548
f 582 638 611
f 638 582 614
f 683 581 550
f 683 613 581
f 552 613 584
f 615 662 614
f 662 615 665
f 685 616 584
f 687 618 686
f 617 639 665
f 621 639 617
f 641 642 619
f 640 688 619
f 669 560 586
f 623 667 639
f 707 622 669
f 689 622 707
f 643 668 620
f 513 643 561
f 513 689 643
f 708 624 625
f 627 592 710
f 644 748 645
f 645 671 644
f 626 627 692
f 692 649 626
f 648 647 630
f 649 648 630
f 649 630 626
f 675 650 646
f 675 646 647
f 675 647 648
f 732 651 568
f 654 600 572
f 655 653 713
f 633 654 572
f 655 656 603
f 656 716 603
f 657 604 603
f 604 657 634
f 636 660 738
f 610 637 659
f 738 699 636
f 661 637 611
f 611 638 661
f 717 638 614
f 550 681 683
f 662 717 614
f 584 613 685
f 665 663 662
f 685 702 616
f 616 702 664
f 665 639 701
f 641 666 642
f 666 667 642
f 639 667 703
f 642 667 623
f 668 706 620
f 706 640 620
f 640 706 688
f 668 727 706
f 624 690 590
f 730 590 690
f 691 590 730
f 748 565 593
f 692 627 670
f 628 800 671
f 649 692 751
f 628 629 693
f 672 648 649
f 629 673 824
f 651 676 674
f 651 732 676
f 695 732 568
f 696 646 650
f 696 652 646
f 696 677 652
f 753 697 600
f 602 735 633
f 656 655 713
f 715 605 678
f 603 716 657
f 605 698 678
f 716 679 657
f 658 680 698
f 635 680 658
f 680 635 737
f 657 679 660
f 717 662 682
f 683 684 613
f 663 719 662
f 701 663 665
f 664 702 686
f 687 723 618
f 641 619 688
f 641 724 666
f 724 725 666
f 666 725 667
f 722 667 725
f 641 688 704
f 556 726 586
f 726 705 586
f 706 704 688
f 586 705 669
f 728 643 689
f 728 668 643
f 710 691 749
f 627 710 670
f 674 711 673
f 673 711 824
f 694 675 648
f 694 648 822
f 822 648 672
f 711 674 676
f 677 653 652
f 653 712 713
f 656 713 714
f 714 755 656
f 656 755 716
f 659 737 635
f 637 737 659
f 661 700 637
f 700 779 637
f 638 700 661
f 757 612 699
f 700 638 717
f 780 683 681
f 719 682 662
f 613 684 718
f 613 718 720
f 685 613 720
f 701 719 663
f 685 720 721
f 702 685 721
f 703 701 639
f 741 703 667
f 724 641 704
f 667 722 741
f 764 556 723
f 764 726 556
f 706 790 704
f 705 746 669
f 746 707 669
f 728 689 707
f 728 727 668
f 771 690 624
f 729 624 708
f 730 690 771
f 565 709 625
f 748 709 565
f 692 670 750
f 824 693 629
f 858 672 751
f 822 672 858
f 650 675 694
f 695 598 801
f 598 697 733
f 753 733 697
f 734 653 677
f 734 773 653
f 773 712 653
f 735 654 633
f 714 713 712
f 602 736 735
f 602 715 736
f 678 698 806
f 680 807 698
f 698 807 806
f 738 757 699
f 739 700 717
f 612 780 681
f 739 717 682
f 719 740 682
f 760 684 780
f 780 684 683
f 741 742 701
f 703 741 701
f 702 743 686
f 686 743 745
f 686 745 687
f 788 724 704
f 723 763 764
f 727 790 706
f 707 768 728
f 727 728 766
f 709 708 625
f 747 691 730
f 749 691 747
f 671 731 644
f 800 628 693
f 751 672 649
f 732 711 676
f 804 734 677
f 735 754 654
f 714 712 773
f 716 755 679
f 660 679 778
f 778 738 660
f 637 779 737
f 700 739 779
f 612 757 758
f 759 760 780
f 760 718 684
f 719 761 781
f 701 761 719
f 720 845 721
f 784 845 720
f 701 742 761
f 845 785 721
f 721 785 702
f 785 743 702
f 743 744 745
f 723 687 745
f 762 725 724
f 762 867 725
f 867 722 725
f 867 741 722
f 745 763 723
f 789 764 763
f 704 790 788
f 724 788 762
f 726 792 705
f 746 705 765
f 705 792 765
f 765 768 746
f 746 768 707
f 729 771 624
f 771 729 821
f 709 729 708
f 796 730 771
f 796 747 730
f 748 797 709
f 798 749 747
f 670 749 750
f 670 710 749
f 692 799 751
f 650 694 802
f 752 732 695
f 752 695 801
f 650 827 696
f 733 801 598
f 696 804 677
f 600 654 830
f 832 755 714
f 736 715 678
f 881 678 806
f 680 808 807
f 755 775 679
f 679 775 776
f 680 737 756
f 776 778 679
f 779 756 737
f 738 778 810
f 810 757 738
f 612 758 780
f 740 739 682
f 781 740 719
f 718 783 720
f 783 784 720
f 785 846 743
f 846 744 743
f 815 742 741
f 867 815 741
f 786 763 745
f 763 816 789
f 790 787 788
f 764 789 726
f 726 789 792
f 769 768 765
f 727 817 790
f 727 766 817
f 793 769 765
f 769 770 768
f 767 728 768
f 766 728 767
f 768 770 767
f 767 770 795
f 748 644 797
f 692 750 799
f 772 750 749
f 824 823 693
f 822 858 876
f 711 928 824
f 804 696 827
f 733 803 801
f 734 804 828
f 753 600 830
f 829 773 734
f 805 714 773
f 832 714 805
f 879 735 736
f 879 736 774
f 736 678 774
f 774 678 881
f 775 755 832
f 756 808 680
f 779 777 756
f 739 811 779
f 760 841 718
f 841 782 718
f 783 718 782
f 761 742 844
f 815 844 742
f 786 816 763
f 789 791 792
f 792 791 852
f 852 793 792
f 765 792 793
f 853 817 766
f 793 794 769
f 767 795 766
f 853 766 795
f 852 855 793
f 769 794 770
f 855 794 793
f 794 818 770
f 921 729 709
f 771 821 796
f 747 796 856
f 750 857 799
f 798 772 749
f 972 671 800
f 825 694 822
f 732 954 711
f 752 954 732
f 801 826 752
f 827 650 802
f 753 860 733
f 829 734 828
f 753 830 860
f 900 830 654
f 831 773 829
f 754 900 654
f 831 805 773
f 880 805 831
f 809 778 776
f 809 810 778
f 779 811 777
f 812 757 810
f 739 814 811
f 812 758 757
f 813 758 812
f 839 758 813
f 758 759 780
f 839 759 758
f 759 839 840
f 739 842 814
f 759 840 760
f 740 842 739
f 781 842 740
f 761 844 781
f 785 845 846
f 847 786 744
f 744 786 745
f 848 816 786
f 788 787 888
f 789 850 791
f 817 851 790
f 851 787 790
f 852 791 850
f 852 854 855
f 770 819 795
f 819 820 795
f 853 795 820
f 855 818 794
f 819 770 818
f 855 873 818
f 818 873 819
f 821 729 920
f 921 920 729
f 797 921 709
f 731 797 644
f 972 731 671
f 875 798 747
f 857 750 772
f 858 751 799
f 800 693 823
f 928 711 954
f 802 694 825
f 930 827 802
f 877 803 733
f 860 877 733
f 735 879 754
f 832 880 833
f 832 805 880
f 833 775 832
f 833 835 775
f 835 833 834
f 835 776 775
f 835 834 836
f 836 809 835
f 809 776 835
f 836 837 809
f 837 810 809
f 837 812 810
f 863 812 837
f 838 813 812
f 813 838 864
f 864 839 813
f 842 884 814
f 840 841 760
f 782 910 783
f 844 911 781
f 781 911 842
f 783 843 784
f 846 847 744
f 847 886 786
f 850 816 848
f 850 789 816
f 788 849 762
f 762 849 867
f 888 849 788
f 851 817 868
f 869 852 850
f 853 868 817
f 852 869 854
f 820 870 853
f 854 873 855
f 898 731 972
f 822 876 926
f 823 824 928
f 826 801 975
f 803 975 801
f 975 803 929
f 803 877 929
f 827 955 804
f 827 930 955
f 955 859 804
f 828 804 859
f 899 829 828
f 829 901 831
f 754 861 900
f 878 880 831
f 806 862 881
f 806 807 862
f 808 862 807
f 882 836 834
f 756 777 903
f 882 863 836
f 863 837 836
f 811 936 777
f 814 1038 811
f 863 906 838
f 863 838 812
f 865 839 864
f 840 839 865
f 840 883 841
f 883 782 841
f 842 911 884
f 783 910 843
f 845 784 846
f 847 846 886
f 866 786 886
f 848 786 866
f 887 815 867
f 848 866 889
f 850 848 889
f 890 787 851
f 850 889 869
f 890 851 868
f 787 890 891
f 787 891 888
f 870 868 853
f 871 854 869
f 894 870 820
f 872 870 894
f 896 854 871
f 896 873 854
f 894 820 874
f 820 819 874
f 874 819 873
f 821 856 796
f 923 798 875
f 772 798 923
f 952 972 800
f 925 858 799
f 926 825 822
f 930 802 977
f 899 828 859
f 900 860 830
f 901 878 831
f 774 1008 879
f 833 880 902
f 902 834 833
f 903 808 756
f 904 882 834
f 777 936 903
f 811 1038 936
f 882 937 863
f 937 906 863
f 814 884 1038
f 864 838 906
f 865 864 908
f 840 865 909
f 840 909 883
f 883 910 782
f 843 885 784
f 784 885 846
f 885 940 846
f 846 940 886
f 941 844 815
f 887 941 815
f 886 912 866
f 849 887 867
f 912 913 866
f 913 889 866
f 944 889 913
f 889 944 869
f 892 868 872
f 870 872 868
f 869 893 871
f 895 872 894
f 871 893 918
f 918 951 871
f 894 919 895
f 951 896 871
f 897 874 896
f 874 919 894
f 874 897 919
f 896 874 873
f 797 922 921
f 797 731 922
f 924 772 923
f 924 923 1027
f 857 925 799
f 924 857 772
f 858 925 876
f 952 800 823
f 802 825 977
f 752 826 954
f 877 956 929
f 978 899 859
f 860 956 877
f 899 901 829
f 1006 860 900
f 931 901 899
f 878 901 933
f 861 754 879
f 1008 861 879
f 878 933 880
f 958 774 881
f 880 933 934
f 880 934 902
f 904 834 902
f 905 882 904
f 937 882 905
f 906 907 864
f 907 908 864
f 909 865 908
f 883 962 910
f 1080 884 911
f 843 910 963
f 844 939 911
f 844 941 939
f 886 940 912
f 849 942 887
f 888 891 968
f 888 968 849
f 943 944 913
f 868 892 890
f 944 893 869
f 897 914 945
f 892 872 895
f 897 945 916
f 948 895 917
f 948 892 895
f 915 914 897
f 897 916 919
f 919 916 947
f 919 947 917
f 951 918 950
f 896 951 915
f 919 917 895
f 896 915 897
f 971 821 920
f 821 971 856
f 856 875 747
f 857 924 925
f 927 876 925
f 1002 926 876
f 927 1002 876
f 953 825 926
f 974 954 826
f 975 974 826
f 1004 859 955
f 1004 978 859
f 1005 956 860
f 1033 899 978
f 1006 1005 860
f 1033 931 899
f 861 1006 900
f 931 932 901
f 932 933 901
f 958 1008 774
f 862 1036 881
f 902 934 904
f 808 1010 862
f 808 903 1010
f 904 934 980
f 936 935 903
f 980 905 904
f 937 905 981
f 960 937 981
f 937 960 906
f 960 907 906
f 907 961 908
f 908 983 909
f 983 938 909
f 883 909 938
f 962 883 938
f 962 984 910
f 984 963 910
f 843 963 885
f 941 964 939
f 913 912 940
f 887 965 941
f 942 965 887
f 913 940 989
f 989 943 913
f 891 890 946
f 849 968 942
f 892 946 890
f 991 945 914
f 915 949 914
f 945 966 916
f 916 966 947
f 892 969 946
f 951 949 915
f 948 917 947
f 892 948 969
f 893 970 950
f 893 950 918
f 951 950 949
f 998 921 922
f 922 731 999
f 875 856 1000
f 923 1001 1027
f 923 875 1001
f 1001 875 1000
f 925 924 973
f 1094 823 928
f 928 1052 1094
f 953 977 825
f 1029 953 926
f 1053 975 929
f 1030 1053 929
f 929 956 1030
f 1033 1007 931
f 1007 932 931
f 861 1008 957
f 1058 932 1007
f 958 881 1036
f 979 934 933
f 1036 862 1010
f 1011 1010 903
f 979 980 934
f 935 1011 903
f 980 959 905
f 936 1064 935
f 981 905 959
f 1038 1064 936
f 982 907 960
f 908 961 983
f 911 939 1080
f 885 963 987
f 885 987 940
f 965 964 941
f 989 940 987
f 987 990 989
f 989 990 943
f 968 891 946
f 942 968 995
f 990 1015 943
f 914 992 991
f 949 967 992
f 949 992 914
f 943 1015 944
f 968 946 969
f 1015 970 944
f 970 893 944
f 1023 967 949
f 950 1023 949
f 998 920 921
f 971 920 998
f 999 998 922
f 1025 856 971
f 898 999 731
f 952 1114 972
f 925 973 927
f 823 1028 952
f 1029 926 1002
f 1003 928 954
f 1003 954 974
f 976 955 930
f 976 930 977
f 1031 977 953
f 974 975 1053
f 976 1004 955
f 1033 978 1034
f 861 1035 1006
f 1035 861 957
f 979 933 932
f 1036 1057 958
f 935 1061 1011
f 982 960 981
f 907 982 1065
f 961 907 1065
f 884 1039 1038
f 984 985 963
f 963 986 987
f 986 1012 987
f 965 988 964
f 987 1012 990
f 942 988 965
f 995 988 942
f 1020 992 994
f 992 1017 991
f 1020 1017 992
f 1019 1022 997
f 967 994 992
f 993 945 991
f 945 993 966
f 1023 994 967
f 966 1021 947
f 996 947 1021
f 995 968 1024
f 968 969 1024
f 1015 997 970
f 1023 997 1022
f 947 996 948
f 997 1023 950
f 948 996 969
f 970 997 950
f 971 998 1091
f 1072 856 1025
f 1114 898 972
f 927 973 1074
f 973 924 1027
f 927 1118 1002
f 927 1074 1118
f 1003 974 1096
f 1053 1096 974
f 1031 976 977
f 1005 1032 956
f 1004 1034 978
f 1098 1007 1033
f 1009 932 1058
f 1009 979 932
f 1037 1057 1036
f 1101 979 1009
f 1077 959 980
f 935 1062 1061
f 1064 1062 935
f 982 981 1063
f 985 986 963
f 1042 1019 1016
f 1041 964 988
f 1042 1016 1014
f 988 1013 1041
f 1014 1015 990
f 1014 1016 1015
f 1017 993 991
f 1068 993 1017
f 1013 995 1018
f 988 995 1013
f 1015 1016 997
f 1016 1019 997
f 1089 1020 994
f 1021 966 993
f 1018 995 1024
f 969 1050 1024
f 996 1050 969
f 1025 971 1091
f 1072 1000 856
f 999 898 1051
f 1092 1000 1026
f 1114 1051 898
f 1093 1027 1001
f 973 1027 1073
f 1073 1027 1093
f 1095 1074 973
f 1029 1002 1118
f 1055 953 1029
f 1032 1030 956
f 1005 1006 1097
f 1006 1035 1097
f 957 1008 1056
f 1098 1058 1007
f 1056 1008 958
f 1138 1009 1058
f 1009 1138 1101
f 1011 1100 1010
f 1010 1100 1059
f 1101 980 979
f 1063 981 959
f 982 1063 1104
f 1038 1039 1064
f 1126 961 1078
f 983 961 1126
f 983 1079 938
f 984 962 1127
f 939 1106 1080
f 985 1105 986
f 986 1087 1012
f 1087 1046 1012
f 1012 1046 990
f 1014 1045 1042
f 1014 990 1046
f 1043 1048 1019
f 1043 1066 1048
f 1145 1049 993
f 1047 1013 1018
f 1019 1048 1022
f 1048 1066 1089
f 1020 1068 1017
f 993 1049 1021
f 1069 1050 1021
f 1048 1023 1022
f 1023 1048 994
f 994 1048 1089
f 996 1021 1050
f 1024 1050 1071
f 1024 1071 1018
f 1112 998 999
f 999 1051 1112
f 1026 1000 1072
f 1001 1000 1092
f 1093 1001 1092
f 1095 973 1073
f 1003 1052 928
f 953 1075 1031
f 953 1055 1075
f 1075 1054 1031
f 1123 1032 1005
f 1005 1097 1123
f 1034 1098 1033
f 1035 1099 1076
f 1099 1035 957
f 957 1056 1099
f 1059 1037 1036
f 1036 1010 1059
f 1011 1060 1100
f 1061 1060 1011
f 1077 980 1101
f 1062 1103 1061
f 1077 1063 959
f 1064 1177 1062
f 1039 884 1163
f 1080 1163 884
f 962 938 1079
f 1081 984 1127
f 984 1105 985
f 964 1106 939
f 1040 1106 964
f 1041 1040 964
f 1042 1045 1084
f 1042 1084 1019
f 1019 1084 1130
f 1019 1130 1043
f 1130 1132 1043
f 1046 1085 1086
f 1046 1086 1014
f 1014 1086 1045
f 1013 1044 1041
f 1013 1047 1044
f 1132 1066 1043
f 1068 1145 993
f 1090 1069 1111
f 1018 1070 1047
f 1068 1020 1067
f 1021 1049 1069
f 1090 1050 1069
f 1050 1090 1071
f 1070 1018 1071
f 1149 1051 1114
f 952 1028 1114
f 1093 1170 1073
f 823 1094 1028
f 1116 1115 1053
f 1053 1030 1116
f 1030 1032 1116
f 1054 1120 1031
f 1120 976 1031
f 1120 1004 976
f 1098 1122 1058
f 1124 1099 1056
f 958 1057 1056
f 1057 1124 1056
f 1125 1037 1059
f 1103 1060 1061
f 1063 1140 1104
f 1063 1077 1140
f 1126 1079 983
f 1081 1105 984
f 1086 1083 1082
f 1086 1082 1045
f 1045 1082 1084
f 1109 1130 1084
f 1041 1044 1040
f 1087 1085 1046
f 1047 1146 1044
f 1088 1066 1132
f 1070 1146 1047
f 1110 1089 1066
f 1110 1066 1088
f 1049 1207 1069
f 1187 1207 1049
f 1069 1207 1111
f 1147 1071 1090
f 1071 1147 1070
f 998 1134 1091
f 1072 1025 1169
f 1169 1025 1091
f 1112 1134 998
f 1026 1072 1113
f 1052 1003 1151
f 1154 1118 1074
f 1096 1053 1115
f 1116 1032 1153
f 1121 1055 1029
f 1213 1032 1123
f 1034 1004 1155
f 1122 1098 1034
f 1076 1097 1035
f 1037 1124 1057
f 1175 1101 1138
f 1060 1102 1100
f 1160 1077 1101
f 1139 1102 1060
f 1060 1103 1139
f 1177 1103 1062
f 1161 982 1104
f 1039 1177 1064
f 982 1161 1065
f 1065 1078 961
f 1079 1127 962
f 1128 1084 1082
f 1128 1109 1084
f 1108 1107 1083
f 986 1129 1087
f 1087 1129 1131
f 1085 1108 1086
f 1086 1108 1083
f 1044 1142 1040
f 1085 1131 1143
f 1087 1131 1085
f 1145 1187 1049
f 1167 1089 1110
f 1167 1067 1020
f 1133 1067 1167
f 1067 1133 1068
f 1068 1186 1145
f 1133 1186 1068
f 1090 1188 1147
f 1111 1188 1090
f 1089 1167 1020
f 1169 1113 1072
f 1148 1134 1112
f 1148 1112 1051
f 1113 1092 1026
f 1256 1073 1170
f 1115 1136 1096
f 1054 1075 1120
f 1029 1117 1121
f 1118 1117 1029
f 1213 1153 1032
f 1119 1004 1120
f 1155 1004 1119
f 1155 1137 1034
f 1137 1122 1034
f 1097 1076 1123
f 1099 1156 1076
f 1156 1099 1124
f 1058 1194 1138
f 1059 1100 1158
f 1102 1158 1100
f 1241 1161 1104
f 1161 1162 1065
f 1065 1162 1078
f 1201 1126 1078
f 1163 1224 1039
f 1225 1163 1080
f 1106 1225 1080
f 1165 1105 1081
f 1225 1106 1228
f 1083 1107 1141
f 1083 1141 1082
f 1082 1141 1128
f 1165 1129 1105
f 1108 1166 1107
f 1040 1228 1106
f 1040 1142 1228
f 1129 986 1105
f 1129 1180 1131
f 1143 1108 1085
f 1144 1132 1130
f 1144 1088 1132
f 1028 1149 1114
f 1093 1092 1170
f 1135 1094 1052
f 1073 1256 1095
f 1152 1096 1136
f 1257 1115 1116
f 1116 1153 1257
f 1259 1154 1074
f 1259 1074 1095
f 1214 1119 1120
f 1075 1214 1120
f 1122 1194 1058
f 1037 1195 1124
f 1158 1125 1059
f 1160 1101 1175
f 1077 1160 1198
f 1198 1140 1077
f 1177 1176 1103
f 1241 1104 1140
f 1201 1164 1126
f 1164 1079 1126
f 1079 1164 1127
f 1164 1202 1127
f 1202 1165 1081
f 1127 1202 1081
f 1204 1109 1128
f 1203 1129 1165
f 1203 1180 1129
f 1180 1166 1143
f 1143 1166 1108
f 1180 1203 1182
f 1180 1143 1131
f 1044 1249 1142
f 1044 1146 1249
f 1254 1146 1070
f 1070 1147 1254
f 1169 1091 1208
f 1208 1091 1134
f 1210 1208 1134
f 1148 1210 1134
f 1189 1148 1051
f 1189 1051 1149
f 1092 1113 1255
f 1150 1149 1028
f 1152 1003 1096
f 1258 1095 1256
f 1258 1259 1095
f 1191 1214 1075
f 1172 1075 1055
f 1172 1191 1075
f 1172 1055 1121
f 1117 1118 1154
f 1123 1173 1213
f 1123 1076 1173
f 1138 1194 1175
f 1158 1196 1125
f 1159 1160 1175
f 1102 1139 1219
f 1103 1176 1139
f 1166 1178 1107
f 1181 1128 1141
f 1181 1204 1128
f 1142 1276 1228
f 1204 1248 1130
f 1109 1204 1130
f 1144 1130 1248
f 1229 1279 1144
f 1279 1110 1088
f 1144 1279 1088
f 1254 1230 1146
f 1167 1168 1133
f 1168 1184 1133
f 1145 1186 1187
f 1207 1316 1111
f 1316 1188 1111
f 1169 1209 1113
f 1209 1169 1208
f 1255 1113 1209
f 1148 1189 1211
f 1171 1150 1028
f 1171 1028 1094
f 1135 1171 1094
f 1152 1151 1003
f 1321 1136 1115
f 1257 1321 1115
f 1214 1236 1119
f 1119 1236 1155
f 1174 1173 1076
f 1156 1174 1076
f 1217 1194 1122
f 1156 1124 1195
f 1157 1195 1037
f 1037 1125 1157
f 1157 1125 1196
f 1197 1159 1175
f 1158 1218 1196
f 1102 1218 1158
f 1160 1159 1198
f 1176 1240 1139
f 1240 1219 1139
f 1140 1198 1199
f 1140 1199 1241
f 1161 1221 1162
f 1223 1078 1162
f 1200 1201 1078
f 1202 1203 1165
f 1180 1178 1166
f 1178 1179 1107
f 1107 1245 1141
f 1141 1227 1181
f 1227 1371 1181
f 1182 1183 1180
f 1249 1146 1250
f 1206 1167 1110
f 1206 1168 1167
f 1133 1185 1186
f 1184 1185 1133
f 1286 1170 1092
f 1212 1189 1149
f 1150 1212 1149
f 1052 1151 1135
f 1321 1152 1136
f 1213 1417 1153
f 1172 1192 1235
f 1121 1192 1172
f 1121 1117 1192
f 1236 1215 1155
f 1191 1172 1235
f 1215 1137 1155
f 1193 1122 1137
f 1193 1217 1122
f 1195 1295 1156
f 1197 1175 1194
f 1157 1239 1195
f 1157 1196 1239
f 1218 1267 1196
f 1102 1219 1218
f 1240 1176 1220
f 1176 1177 1220
f 1223 1200 1078
f 1201 1200 1244
f 1224 1163 1304
f 1201 1244 1164
f 1107 1179 1245
f 1245 1227 1141
f 1180 1183 1178
f 1371 1335 1181
f 1182 1203 1247
f 1279 1205 1110
f 1206 1110 1205
f 1168 1251 1184
f 1206 1251 1168
f 1185 1231 1186
f 1186 1231 1187
f 1231 1207 1187
f 1253 1316 1207
f 1188 1313 1147
f 1316 1313 1188
f 1147 1313 1254
f 1232 1209 1208
f 1210 1232 1208
f 1283 1148 1211
f 1212 1211 1189
f 1256 1170 1289
f 1288 1171 1135
f 1151 1190 1135
f 1257 1153 1291
f 1214 1191 1234
f 1234 1191 1235
f 1236 1214 1234
f 1137 1215 1193
f 1215 1217 1193
f 1156 1216 1174
f 1217 1296 1194
f 1296 1197 1194
f 1195 1239 1265
f 1267 1239 1196
f 1219 1268 1218
f 1269 1199 1198
f 1241 1221 1161
f 1221 1223 1162
f 1224 1270 1039
f 1222 1223 1221
f 1223 1243 1200
f 1304 1303 1224
f 1244 1200 1243
f 1163 1225 1304
f 1246 1164 1244
f 1246 1202 1164
f 1183 1226 1178
f 1178 1226 1179
f 1246 1203 1202
f 1183 1275 1226
f 1247 1203 1246
f 1275 1182 1247
f 1182 1275 1183
f 1335 1204 1181
f 1335 1372 1204
f 1229 1144 1248
f 1184 1251 1252
f 1184 1314 1185
f 1252 1314 1184
f 1283 1210 1148
f 1255 1286 1092
f 1289 1170 1286
f 1320 1151 1152
f 1290 1258 1256
f 1117 1293 1192
f 1293 1117 1154
f 1213 1173 1417
f 1260 1235 1192
f 1236 1234 1261
f 1237 1215 1236
f 1236 1261 1237
f 1262 1173 1174
f 1174 1216 1262
f 1263 1217 1215
f 1237 1263 1215
f 1156 1295 1216
f 1238 1296 1217
f 1301 1198 1159
f 1240 1220 1429
f 1269 1198 1301
f 1220 1177 1270
f 1039 1270 1177
f 1241 1242 1221
f 1242 1222 1221
f 1242 1305 1222
f 1222 1243 1223
f 1243 1271 1244
f 1244 1271 1246
f 1226 1333 1179
f 1274 1246 1271
f 1275 1272 1226
f 1275 1247 1274
f 1247 1246 1274
f 1408 1204 1372
f 1311 1205 1279
f 1185 1315 1231
f 1231 1253 1207
f 1281 1253 1231
f 1210 1282 1232
f 1210 1283 1282
f 1342 1255 1209
f 1342 1209 1232
f 1255 1344 1286
f 1212 1285 1211
f 1288 1135 1190
f 1320 1190 1151
f 1290 1256 1348
f 1348 1256 1289
f 1292 1153 1417
f 1292 1291 1153
f 1233 1293 1154
f 1234 1235 1261
f 1293 1260 1192
f 1261 1235 1323
f 1261 1294 1237
f 1262 1216 1356
f 1264 1237 1294
f 1217 1263 1238
f 1264 1263 1237
f 1297 1238 1263
f 1195 1265 1295
f 1266 1159 1197
f 1218 1268 1267
f 1266 1301 1159
f 1301 1266 1326
f 1302 1241 1199
f 1241 1302 1242
f 1270 1224 1303
f 1305 1243 1222
f 1243 1305 1271
f 1225 1407 1304
f 1333 1308 1179
f 1179 1308 1245
f 1245 1308 1370
f 1272 1369 1226
f 1245 1370 1227
f 1227 1370 1334
f 1334 1371 1227
f 1335 1371 1309
f 1274 1273 1275
f 1273 1272 1275
f 1225 1228 1407
f 1248 1204 1408
f 1310 1248 1408
f 1310 1229 1248
f 1310 1278 1229
f 1142 1277 1276
f 1278 1279 1229
f 1142 1249 1277
f 1311 1206 1205
f 1336 1337 1251
f 1336 1251 1206
f 1314 1338 1185
f 1338 1315 1185
f 1315 1339 1231
f 1340 1316 1253
f 1230 1254 1280
f 1280 1254 1313
f 1232 1282 1318
f 1342 1344 1255
f 1284 1283 1211
f 1285 1284 1211
f 1150 1287 1212
f 1171 1287 1150
f 1350 1320 1152
f 1257 1291 1322
f 1233 1154 1259
f 1233 1259 1258
f 1173 1262 1417
f 1235 1355 1323
f 1235 1260 1355
f 1357 1261 1323
f 1261 1357 1294
f 1358 1294 1357
f 1294 1358 1264
f 1263 1264 1297
f 1297 1264 1359
f 1238 1297 1296
f 1298 1265 1239
f 1360 1296 1297
f 1267 1298 1239
f 1267 1299 1298
f 1267 1268 1299
f 1299 1268 1325
f 1361 1266 1197
f 1219 1325 1268
f 1219 1300 1325
f 1240 1300 1219
f 1270 1429 1220
f 1269 1301 1327
f 1269 1327 1302
f 1302 1199 1269
f 1270 1303 1467
f 1328 1242 1302
f 1328 1305 1242
f 1272 1332 1369
f 1305 1329 1271
f 1271 1329 1330
f 1273 1307 1272
f 1272 1307 1332
f 1306 1307 1273
f 1271 1330 1306
f 1271 1273 1274
f 1271 1306 1273
f 1276 1407 1228
f 1278 1311 1279
f 1249 1312 1277
f 1250 1312 1249
f 1374 1206 1311
f 1146 1230 1250
f 1336 1206 1374
f 1337 1317 1251
f 1251 1317 1252
f 1281 1340 1253
f 1341 1342 1232
f 1341 1232 1318
f 1378 1318 1282
f 1282 1283 1378
f 1379 1378 1283
f 1284 1379 1283
f 1345 1286 1344
f 1346 1284 1285
f 1346 1285 1383
f 1383 1285 1212
f 1287 1383 1212
f 1288 1287 1171
f 1345 1289 1286
f 1288 1190 1319
f 1345 1348 1289
f 1350 1349 1320
f 1233 1352 1293
f 1233 1258 1290
f 1353 1355 1260
f 1353 1260 1293
f 1353 1293 1352
f 1358 1359 1264
f 1297 1359 1360
f 1427 1398 1298
f 1298 1299 1427
f 1361 1197 1296
f 1325 1324 1299
f 1300 1464 1325
f 1240 1429 1300
f 1363 1266 1361
f 1363 1326 1266
f 1429 1270 1362
f 1326 1327 1301
f 1364 1302 1327
f 1328 1302 1364
f 1365 1329 1366
f 1365 1405 1329
f 1437 1303 1304
f 1366 1329 1328
f 1330 1329 1405
f 1330 1405 1367
f 1330 1367 1331
f 1329 1305 1328
f 1306 1330 1307
f 1307 1330 1331
f 1307 1331 1332
f 1226 1369 1333
f 1276 1277 1443
f 1278 1310 1373
f 1311 1278 1409
f 1311 1409 1374
f 1250 1230 1412
f 1313 1316 1375
f 1375 1280 1313
f 1230 1280 1412
f 1252 1445 1314
f 1338 1314 1445
f 1338 1416 1315
f 1416 1339 1315
f 1339 1281 1231
f 1316 1340 1375
f 1252 1317 1445
f 1445 1376 1338
f 1338 1376 1413
f 1378 1341 1318
f 1341 1343 1342
f 1381 1284 1346
f 1347 1383 1287
f 1288 1347 1287
f 1319 1347 1288
f 1345 1351 1348
f 1320 1349 1190
f 1321 1350 1152
f 1322 1321 1257
f 1292 1322 1291
f 1348 1351 1290
f 1233 1354 1352
f 1290 1354 1233
f 1354 1290 1351
f 1355 1353 1419
f 1423 1357 1323
f 1216 1396 1356
f 1216 1295 1396
f 1358 1397 1359
f 1265 1298 1398
f 1359 1397 1399
f 1359 1399 1360
f 1299 1428 1427
f 1360 1361 1296
f 1324 1428 1299
f 1360 1399 1401
f 1361 1360 1401
f 1401 1363 1361
f 1467 1362 1270
f 1363 1327 1326
f 1402 1327 1363
f 1327 1402 1364
f 1328 1364 1366
f 1365 1366 1404
f 1331 1367 1406
f 1331 1406 1368
f 1331 1368 1332
f 1368 1369 1332
f 1333 1369 1308
f 1407 1440 1304
f 1309 1371 1334
f 1441 1335 1309
f 1335 1441 1372
f 1276 1443 1407
f 1442 1310 1408
f 1409 1278 1373
f 1374 1409 1410
f 1336 1374 1470
f 1412 1280 1375
f 1416 1413 1339
f 1339 1414 1281
f 1340 1444 1375
f 1338 1413 1416
f 1341 1377 1343
f 1378 1377 1341
f 1386 1343 1377
f 1386 1377 1446
f 1342 1343 1344
f 1377 1378 1380
f 1380 1378 1379
f 1380 1379 1382
f 1382 1379 1284
f 1381 1382 1284
f 1385 1345 1344
f 1344 1343 1385
f 1384 1343 1386
f 1384 1385 1343
f 1451 1383 1347
f 1387 1319 1190
f 1385 1351 1345
f 1349 1387 1190
f 1385 1388 1351
f 1388 1385 1384
f 1351 1388 1354
f 1388 1389 1354
f 1389 1388 1392
f 1262 1455 1417
f 1353 1456 1419
f 1352 1390 1353
f 1353 1390 1456
f 1354 1390 1352
f 1354 1391 1390
f 1389 1391 1354
f 1393 1392 1388
f 1393 1388 1384
f 1355 1419 1395
f 1394 1391 1389
f 1393 1384 1421
f 1394 1389 1392
f 1355 1395 1323
f 1395 1423 1323
f 1425 1394 1392
f 1392 1393 1425
f 1460 1394 1425
f 1357 1483 1358
f 1357 1423 1483
f 1358 1483 1426
f 1396 1295 1265
f 1396 1265 1398
f 1358 1426 1397
f 1400 1399 1397
f 1325 1464 1324
f 1485 1464 1300
f 1400 1401 1399
f 1429 1485 1300
f 1363 1401 1432
f 1402 1363 1432
f 1402 1432 1403
f 1366 1403 1404
f 1402 1403 1364
f 1364 1403 1366
f 1405 1365 1435
f 1406 1405 1435
f 1303 1437 1467
f 1405 1406 1367
f 1368 1406 1436
f 1369 1368 1438
f 1369 1438 1308
f 1438 1439 1308
f 1308 1439 1370
f 1370 1439 1487
f 1334 1370 1487
f 1309 1334 1488
f 1488 1533 1309
f 1489 1441 1309
f 1441 1490 1372
f 1277 1469 1443
f 1469 1277 1312
f 1250 1411 1312
f 1410 1470 1374
f 1317 1337 1472
f 1413 1576 1339
f 1576 1414 1339
f 1375 1444 1415
f 1472 1445 1317
f 1376 1507 1413
f 1381 1476 1382
f 1446 1377 1380
f 1476 1381 1448
f 1448 1381 1346
f 1448 1346 1450
f 1383 1450 1346
f 1451 1450 1383
f 1451 1347 1452
f 1319 1452 1347
f 1386 1418 1384
f 1384 1418 1421
f 1390 1420 1456
f 1391 1420 1390
f 1394 1420 1391
f 1422 1420 1394
f 1419 1457 1395
f 1393 1421 1424
f 1394 1460 1422
f 1425 1393 1424
f 1546 1460 1425
f 1461 1397 1426
f 1463 1400 1397
f 1397 1461 1463
f 1400 1465 1430
f 1400 1430 1401
f 1465 1400 1463
f 1401 1430 1432
f 1431 1430 1465
f 1433 1430 1431
f 1432 1430 1433
f 1433 1431 1403
f 1404 1403 1466
f 1403 1432 1433
f 1404 1466 1434
f 1365 1404 1434
f 1365 1434 1435
f 1406 1435 1530
f 1406 1530 1468
f 1468 1436 1406
f 1304 1440 1437
f 1533 1489 1309
f 1599 1442 1408
f 1443 1440 1407
f 1373 1310 1442
f 1491 1409 1373
f 1409 1491 1410
f 1312 1503 1469
f 1412 1411 1250
f 1470 1337 1336
f 1415 1412 1375
f 1281 1473 1340
f 1340 1473 1444
f 1376 1474 1507
f 1382 1475 1380
f 1380 1475 1446
f 1476 1447 1382
f 1382 1447 1475
f 1449 1386 1446
f 1454 1386 1449
f 1446 1475 1449
f 1319 1387 1452
f 1454 1418 1386
f 1479 1452 1453
f 1453 1452 1387
f 1541 1321 1322
f 1541 1350 1321
f 1292 1417 1481
f 1481 1417 1455
f 1482 1418 1454
f 1418 1459 1421
f 1482 1459 1418
f 1457 1419 1456
f 1422 1456 1420
f 1457 1456 1422
f 1496 1457 1422
f 1395 1458 1423
f 1458 1395 1457
f 1425 1424 1497
f 1459 1424 1421
f 1561 1424 1459
f 1425 1497 1546
f 1497 1424 1561
f 1396 1398 1516
f 1461 1426 1524
f 1523 1427 1428
f 1523 1428 1462
f 1461 1524 1463
f 1428 1324 1462
f 1464 1484 1324
f 1324 1484 1462
f 1486 1434 1466
f 1486 1466 1431
f 1403 1431 1466
f 1548 1434 1486
f 1435 1434 1548
f 1438 1368 1436
f 1488 1334 1487
f 1533 1501 1489
f 1490 1534 1372
f 1534 1408 1372
f 1599 1408 1534
f 1503 1573 1469
f 1470 1410 1537
f 1411 1503 1312
f 1337 1470 1471
f 1412 1504 1411
f 1472 1337 1471
f 1414 1473 1281
f 1473 1554 1444
f 1554 1574 1444
f 1574 1415 1444
f 1412 1415 1504
f 1445 1678 1376
f 1678 1474 1376
f 1507 1576 1413
f 1492 1448 1450
f 1492 1476 1448
f 1477 1449 1475
f 1478 1492 1450
f 1478 1450 1451
f 1478 1451 1479
f 1479 1451 1452
f 1480 1479 1453
f 1350 1387 1349
f 1512 1322 1493
f 1512 1541 1322
f 1449 1477 1494
f 1292 1493 1322
f 1481 1493 1292
f 1449 1482 1454
f 1449 1494 1482
f 1356 1455 1262
f 1495 1459 1482
f 1457 1496 1458
f 1495 1520 1459
f 1422 1517 1496
f 1561 1459 1520
f 1458 1483 1423
f 1460 1546 1422
f 1524 1426 1483
f 1398 1427 1521
f 1521 1427 1523
f 1464 1527 1484
f 1464 1485 1527
f 1463 1528 1465
f 1431 1465 1528
f 1362 1498 1429
f 1431 1529 1486
f 1467 1549 1362
f 1549 1498 1362
f 1435 1548 1530
f 1468 1551 1436
f 1551 1438 1436
f 1437 1531 1467
f 1499 1438 1551
f 1437 1500 1531
f 1499 1439 1438
f 1499 1487 1439
f 1487 1532 1488
f 1440 1500 1437
f 1599 1502 1442
f 1469 1535 1443
f 1537 1471 1470
f 1576 1505 1414
f 1414 1554 1473
f 1505 1554 1414
f 1678 1445 1472
f 1474 1555 1507
f 1477 1475 1447
f 1492 1509 1476
f 1476 1509 1447
f 1508 1477 1447
f 1447 1509 1508
f 1478 1509 1492
f 1480 1478 1479
f 1511 1480 1453
f 1511 1453 1387
f 1477 1508 1513
f 1494 1477 1513
f 1494 1514 1482
f 1356 1558 1455
f 1482 1514 1515
f 1495 1482 1515
f 1396 1516 1356
f 1546 1545 1422
f 1522 1524 1483
f 1522 1483 1458
f 1462 1525 1523
f 1429 1498 1485
f 1529 1548 1486
f 1531 1549 1467
f 1567 1530 1548
f 1499 1532 1487
f 1501 1441 1489
f 1501 1490 1441
f 1442 1502 1600
f 1442 1600 1373
f 1410 1491 1536
f 1536 1537 1410
f 1574 1554 1506
f 1415 1574 1504
f 1539 1509 1478
f 1510 1539 1478
f 1510 1478 1480
f 1540 1510 1480
f 1540 1480 1511
f 1604 1511 1387
f 1508 1509 1542
f 1513 1514 1494
f 1495 1518 1520
f 1495 1559 1518
f 1559 1495 1515
f 1496 1517 1458
f 1520 1560 1561
f 1519 1516 1398
f 1519 1398 1521
f 1422 1545 1517
f 1565 1526 1484
f 1527 1565 1484
f 1524 1528 1463
f 1524 1563 1528
f 1485 1590 1527
f 1498 1547 1485
f 1485 1547 1590
f 1529 1431 1528
f 1531 1594 1549
f 1567 1550 1530
f 1530 1550 1468
f 1568 1532 1499
f 1553 1488 1532
f 1488 1553 1533
f 1571 1533 1553
f 1500 1440 1535
f 1535 1440 1443
f 1600 1491 1373
f 1469 1633 1535
f 1572 1536 1491
f 1573 1633 1469
f 1411 1573 1503
f 1471 1537 1602
f 1576 1538 1505
f 1542 1509 1539
f 1634 1540 1511
f 1634 1511 1604
f 1604 1387 1605
f 1605 1387 1350
f 1542 1539 1510
f 1481 1664 1493
f 1481 1455 1578
f 1513 1543 1514
f 1514 1543 1544
f 1580 1558 1356
f 1514 1544 1515
f 1356 1516 1580
f 1515 1544 1559
f 1497 1584 1546
f 1561 1562 1497
f 1497 1562 1584
f 1484 1526 1462
f 1526 1525 1462
f 1564 1528 1563
f 1590 1565 1527
f 1529 1528 1564
f 1589 1548 1529
f 1549 1547 1498
f 1548 1566 1567
f 1568 1569 1532
f 1569 1570 1532
f 1531 1500 1552
f 1597 1553 1532
f 1571 1553 1597
f 1571 1501 1533
f 1631 1501 1598
f 1631 1490 1501
f 1599 1490 1631
f 1599 1534 1490
f 1502 1599 1657
f 1657 1600 1502
f 1572 1601 1536
f 1411 1693 1573
f 1504 1693 1411
f 1555 1576 1507
f 1606 1350 1541
f 1606 1605 1350
f 1607 1512 1493
f 1493 1664 1607
f 1542 1577 1508
f 1635 1510 1557
f 1635 1542 1510
f 1557 1510 1540
f 1481 1578 1664
f 1508 1577 1513
f 1579 1513 1577
f 1513 1579 1543
f 1580 1609 1558
f 1519 1580 1516
f 1519 1521 1581
f 1458 1582 1522
f 1582 1458 1517
f 1521 1523 1581
f 1517 1583 1582
f 1583 1517 1545
f 1610 1520 1518
f 1610 1518 1559
f 1546 1584 1545
f 1522 1582 1524
f 1524 1582 1563
f 1585 1584 1562
f 1564 1563 1582
f 1589 1529 1587
f 1587 1529 1564
f 1547 1621 1590
f 1566 1548 1589
f 1566 1591 1567
f 1567 1591 1550
f 1547 1549 1623
f 1592 1550 1591
f 1468 1550 1592
f 1596 1568 1592
f 1468 1592 1568
f 1568 1551 1468
f 1568 1499 1551
f 1531 1552 1627
f 1597 1532 1570
f 1501 1571 1629
f 1629 1598 1501
f 1491 1600 1572
f 1601 1692 1536
f 1537 1536 1692
f 1677 1602 1537
f 1472 1471 1575
f 1603 1506 1554
f 1575 1678 1472
f 1678 1694 1474
f 1512 1606 1541
f 1635 1577 1542
f 1557 1540 1556
f 1455 1558 1578
f 1609 1608 1558
f 1544 1667 1559
f 1519 1636 1580
f 1519 1581 1636
f 1610 1638 1520
f 1520 1638 1560
f 1523 1525 1581
f 1583 1586 1582
f 1581 1525 1640
f 1561 1560 1562
f 1583 1545 1584
f 1611 1585 1562
f 1611 1562 1612
f 1582 1586 1564
f 1614 1583 1584
f 1584 1585 1614
f 1587 1564 1586
f 1587 1586 1588
f 1589 1587 1588
f 1591 1589 1588
f 1590 1621 1565
f 1566 1589 1591
f 1621 1547 1623
f 1592 1591 1593
f 1594 1623 1549
f 1592 1593 1596
f 1596 1593 1595
f 1596 1595 1568
f 1568 1595 1569
f 1569 1595 1626
f 1569 1626 1570
f 1597 1629 1571
f 1630 1598 1629
f 1658 1535 1633
f 1714 1692 1601
f 1692 1677 1537
f 1573 1693 1659
f 1504 1716 1693
f 1504 1574 1716
f 1575 1471 1602
f 1505 1603 1554
f 1663 1606 1512
f 1607 1663 1512
f 1556 1540 1634
f 1608 1578 1558
f 1667 1544 1543
f 1700 1543 1579
f 1667 1543 1700
f 1722 1559 1667
f 1581 1637 1636
f 1562 1560 1612
f 1526 1640 1525
f 1526 1641 1640
f 1583 1616 1586
f 1583 1613 1616
f 1611 1614 1585
f 1612 1639 1642
f 1639 1612 1560
f 1641 1526 1669
f 1588 1586 1615
f 1615 1586 1616
f 1614 1613 1583
f 1642 1611 1612
f 1616 1613 1617
f 1617 1613 1614
f 1644 1614 1611
f 1644 1611 1642
f 1526 1565 1669
f 1615 1616 1618
f 1618 1616 1617
f 1618 1617 1646
f 1620 1617 1614
f 1614 1644 1620
f 1618 1588 1615
f 1622 1588 1618
f 1619 1618 1646
f 1617 1620 1646
f 1621 1669 1565
f 1591 1588 1622
f 1623 1670 1621
f 1591 1622 1593
f 1647 1618 1619
f 1622 1618 1647
f 1593 1622 1625
f 1625 1622 1624
f 1624 1622 1647
f 1625 1595 1593
f 1595 1625 1626
f 1626 1652 1570
f 1552 1628 1627
f 1652 1653 1570
f 1653 1597 1570
f 1629 1597 1655
f 1656 1599 1631
f 1657 1599 1656
f 1535 1552 1500
f 1657 1632 1600
f 1691 1572 1600
f 1713 1601 1572
f 1659 1633 1573
f 1602 1677 1661
f 1574 1506 1660
f 1716 1574 1660
f 1603 1757 1506
f 1555 1538 1576
f 1759 1505 1538
f 1662 1604 1605
f 1662 1634 1604
f 1606 1662 1605
f 1665 1557 1556
f 1608 1664 1578
f 1664 1608 1681
f 1635 1579 1577
f 1635 1666 1579
f 1608 1609 1682
f 1636 1609 1580
f 1667 1702 1722
f 1610 1559 1722
f 1640 1637 1581
f 1639 1560 1638
f 1642 1639 1643
f 1642 1668 1644
f 1642 1643 1668
f 1644 1645 1620
f 1644 1668 1645
f 1645 1646 1620
f 1671 1645 1668
f 1646 1648 1619
f 1648 1646 1645
f 1648 1645 1673
f 1673 1645 1671
f 1619 1648 1647
f 1648 1673 1650
f 1647 1648 1650
f 1623 1649 1670
f 1647 1650 1624
f 1624 1650 1651
f 1531 1627 1594
f 1624 1626 1625
f 1626 1624 1651
f 1626 1651 1652
f 1651 1675 1652
f 1675 1653 1652
f 1597 1653 1655
f 1655 1653 1654
f 1630 1629 1655
f 1630 1631 1598
f 1656 1632 1657
f 1535 1837 1552
f 1632 1691 1600
f 1658 1837 1535
f 1661 1575 1602
f 1663 1662 1606
f 1557 1666 1635
f 1557 1732 1666
f 1665 1732 1557
f 1556 1634 1679
f 1664 1681 1697
f 1683 1609 1636
f 1637 1685 1636
f 1640 1685 1637
f 1723 1638 1610
f 1723 1704 1638
f 1640 1641 1685
f 1638 1704 1639
f 1668 1643 1686
f 1668 1686 1671
f 1670 1669 1621
f 1649 1687 1670
f 1650 1673 1672
f 1650 1672 1651
f 1672 1673 1674
f 1594 1649 1623
f 1675 1674 1710
f 1672 1674 1675
f 1594 1627 1649
f 1651 1672 1675
f 1710 1654 1675
f 1654 1653 1675
f 1689 1655 1654
f 1552 1676 1628
f 1711 1631 1630
f 1676 1552 1837
f 1631 1712 1656
f 1656 1728 1632
f 1691 1632 1728
f 1715 1633 1659
f 1661 1677 1717
f 1757 1660 1506
f 1662 1679 1634
f 1680 1662 1663
f 1607 1680 1663
f 1607 1664 1697
f 1665 1556 1679
f 1697 1681 1699
f 1666 1698 1579
f 1700 1579 1698
f 1702 1667 1700
f 1609 1683 1682
f 1682 1683 1703
f 1684 1683 1636
f 1685 1684 1636
f 1722 1723 1610
f 1641 1741 1685
f 1669 1741 1641
f 1639 1704 1643
f 1704 1686 1643
f 1670 1705 1669
f 1670 1687 1706
f 1670 1706 1705
f 1671 1686 1707
f 1688 1687 1649
f 1671 1724 1673
f 1724 1674 1673
f 1627 1726 1649
f 1726 1688 1649
f 1726 1627 1628
f 1690 1726 1628
f 1727 1655 1689
f 1727 1630 1655
f 1712 1631 1711
f 1691 1713 1572
f 1677 1692 1729
f 1759 1864 1505
f 1695 1665 1679
f 1731 1695 1679
f 1679 1662 1680
f 1696 1680 1607
f 1696 1607 1697
f 1681 1719 1699
f 1681 1608 1682
f 1719 1681 1682
f 1698 1737 1700
f 1698 1734 1737
f 1701 1719 1682
f 1700 1737 1702
f 1703 1701 1682
f 1684 1703 1683
f 1721 1684 1685
f 1721 1720 1684
f 1723 1743 1704
f 1746 1686 1704
f 1746 1704 1743
f 1669 1705 1741
f 1686 1746 1707
f 1806 1707 1746
f 1707 1724 1671
f 1707 1806 1724
f 1687 1688 1708
f 1748 1724 1725
f 1674 1724 1748
f 1708 1688 1709
f 1674 1748 1710
f 1709 1688 1726
f 1710 1750 1654
f 1750 1689 1654
f 1750 1751 1689
f 1630 1727 1711
f 1676 1690 1628
f 1656 1774 1728
f 1713 1754 1601
f 1714 1601 1754
f 1714 1729 1692
f 1729 1717 1677
f 1819 1717 1729
f 1660 1756 1716
f 1603 1505 1730
f 1474 1777 1555
f 1505 1864 1730
f 1731 1679 1680
f 1718 1696 1697
f 1718 1697 1699
f 1699 1735 1718
f 1666 1734 1698
f 1735 1699 1719
f 1738 1737 1734
f 1739 1701 1703
f 1720 1703 1684
f 1702 1740 1722
f 1685 1741 1721
f 1722 1742 1723
f 1723 1742 1743
f 1705 1706 1770
f 1708 1706 1687
f 1724 1806 1725
f 1708 1709 1749
f 1752 1749 1709
f 1748 1750 1710
f 1726 1752 1709
f 1790 1727 1689
f 1753 1712 1711
f 1774 1656 1712
f 1728 1713 1691
f 1776 1754 1713
f 1729 1714 1817
f 1715 1658 1633
f 1693 1755 1659
f 1716 1755 1693
f 1756 1755 1716
f 1660 1758 1756
f 1795 1575 1661
f 1795 1678 1575
f 1795 1694 1678
f 1694 1777 1474
f 1777 1820 1555
f 1696 1731 1680
f 1760 1696 1718
f 1761 1732 1665
f 1695 1761 1665
f 1695 1731 1761
f 1733 1666 1732
f 1666 1733 1734
f 1762 1734 1733
f 1736 1735 1719
f 1701 1736 1719
f 1763 1734 1783
f 1734 1763 1738
f 1739 1736 1701
f 1739 1703 1720
f 1740 1737 1738
f 1702 1737 1740
f 1765 1739 1720
f 1766 1740 1738
f 1765 1720 1721
f 1741 1765 1721
f 1741 1767 1765
f 1740 1742 1722
f 1742 1740 1766
f 1785 1767 1741
f 1744 1785 1745
f 1745 1785 1741
f 1745 1741 1705
f 1769 1746 1743
f 1705 1770 1745
f 1708 1749 1747
f 1749 1752 1792
f 1690 1752 1726
f 1790 1689 1751
f 1773 1727 1790
f 1727 1773 1711
f 1712 1753 1774
f 1713 1728 1776
f 1817 1714 1754
f 1729 1817 1819
f 1717 1819 1794
f 1717 1794 1661
f 1730 1934 1603
f 1757 1758 1660
f 1840 1795 1661
f 1555 1821 1538
f 1820 1821 1555
f 1821 1759 1538
f 1696 1760 1731
f 1761 1778 1732
f 1732 1778 1733
f 1780 1733 1778
f 1735 1760 1718
f 1735 1781 1760
f 1762 1733 1780
f 1734 1762 1782
f 1782 1783 1734
f 1764 1800 1736
f 1764 1736 1739
f 1765 1764 1739
f 1763 1766 1738
f 1826 1765 1767
f 1766 1768 1742
f 1742 1768 1787
f 1827 1767 1785
f 1742 1787 1743
f 1769 1743 1787
f 1788 1744 1745
f 1771 1770 1706
f 1771 1706 1708
f 1747 1771 1708
f 1806 1808 1725
f 1725 1808 1748
f 1752 1690 1772
f 1775 1772 1690
f 1773 1753 1711
f 1773 1791 1753
f 1676 1775 1690
f 1837 1658 1815
f 1659 1818 1715
f 1755 1818 1659
f 1934 1757 1603
f 1757 1863 1758
f 1756 1758 1755
f 1778 1761 1779
f 1779 1761 1731
f 1779 1731 1760
f 1780 1778 1796
f 1796 1778 1779
f 1760 1798 1779
f 1760 1781 1798
f 1762 1780 1825
f 1799 1781 1735
f 1762 1825 1782
f 1784 1783 1782
f 1767 1827 1826
f 1763 1802 1766
f 1766 1802 1768
f 1787 1768 1786
f 1769 1787 1804
f 1745 1789 1788
f 1770 1789 1745
f 1769 1805 1746
f 1805 1806 1746
f 1771 1789 1770
f 1830 1789 1771
f 1807 1830 1771
f 1807 1771 1747
f 1808 1834 1748
f 1747 1749 1809
f 1834 1750 1748
f 1749 1792 1809
f 1810 1790 1751
f 1752 1772 1792
f 1810 1773 1790
f 1810 1835 1773
f 1791 1773 1835
f 1753 1791 1812
f 1753 1812 1774
f 1793 1775 1676
f 1774 1812 1813
f 1774 1813 1728
f 1776 1728 1813
f 1814 1776 1813
f 1754 1776 1814
f 1676 1837 1793
f 1815 1658 1715
f 1818 1755 1839
f 1934 1863 1757
f 1758 1839 1755
f 1794 1840 1661
f 1841 1795 1840
f 1895 1777 1694
f 1820 1777 1895
f 1821 1864 1759
f 1694 1822 1895
f 1798 1796 1779
f 1796 1797 1780
f 1797 1796 1798
f 1825 1780 1797
f 1823 1825 1797
f 1824 1798 1781
f 1824 1781 1799
f 1800 1799 1735
f 1736 1800 1735
f 1784 1782 1825
f 1784 1825 1848
f 1826 1800 1764
f 1826 1764 1765
f 1801 1783 1784
f 1783 1828 1763
f 1828 1783 1801
f 1763 1828 1802
f 1802 1786 1768
f 1803 1786 1802
f 1803 1802 1851
f 1786 1804 1787
f 1769 1804 1805
f 1805 1804 1831
f 1831 1806 1805
f 1806 1832 1808
f 1806 1831 1832
f 1808 1832 1833
f 1855 1808 1833
f 1834 1808 1855
f 1750 1834 1751
f 1834 1810 1751
f 1858 1791 1835
f 1811 1792 1772
f 1772 1860 1811
f 1772 1775 1860
f 1754 1814 1891
f 1837 1997 1793
f 1817 1754 1891
f 1818 1816 1715
f 1838 1819 1817
f 1861 1840 1794
f 1841 1822 1795
f 1694 1795 1822
f 1866 1821 1820
f 1798 1842 1797
f 1843 1823 1797
f 1843 1797 1842
f 1867 1842 1798
f 1867 1798 1824
f 1823 1848 1825
f 1824 1799 1844
f 1844 1799 1800
f 1844 1800 1846
f 1826 1846 1800
f 1784 1848 1801
f 1847 1827 1877
f 1785 1877 1827
f 1828 1801 1849
f 1744 1877 1785
f 1828 1851 1802
f 1851 1828 1849
f 1878 1803 1851
f 1803 1829 1786
f 1879 1788 1789
f 1786 1829 1804
f 1830 1879 1789
f 1804 1829 1831
f 1809 1807 1747
f 1832 1831 1852
f 1854 1833 1832
f 1855 1833 1854
f 1832 1852 1854
f 1854 1886 1855
f 1855 1835 1810
f 1834 1855 1810
f 1811 1809 1792
f 1858 1835 1857
f 1791 1858 1859
f 1793 1860 1775
f 1859 1812 1791
f 1836 1812 1859
f 1813 1812 1836
f 1793 1889 1860
f 1814 1813 1836
f 1891 1814 1836
f 1817 1891 1838
f 1861 1819 1838
f 1861 1794 1819
f 1863 1839 1758
f 1958 1934 1730
f 1861 1841 1840
f 1866 1864 1821
f 1841 1894 1822
f 1894 1895 1822
f 1895 1866 1820
f 1843 1842 1867
f 1867 1824 1870
f 1824 1844 1870
f 1823 1845 1848
f 1845 1823 1843
f 1874 1845 1843
f 1872 1826 1847
f 1827 1847 1826
f 1902 1848 1845
f 1850 1849 1801
f 1801 1848 1850
f 1744 1788 1877
f 1829 1803 1881
f 1803 1878 1881
f 1829 1881 1882
f 1829 1882 1831
f 1831 1882 1852
f 1880 1830 1883
f 1830 1807 1883
f 1809 1883 1807
f 1854 1852 1853
f 1854 1853 1886
f 1855 1856 1835
f 1855 1886 1856
f 1887 1809 1811
f 1857 1835 1856
f 1811 1924 1887
f 1811 1860 1924
f 1910 1836 1859
f 1910 1890 1836
f 1891 1836 1890
f 1889 1793 1980
f 1891 1892 1838
f 1838 1862 1861
f 1863 1933 1839
f 1841 1861 1862
f 1984 1864 1866
f 1730 1864 1865
f 1867 1869 1843
f 1869 1867 1870
f 1868 1870 1844
f 1846 1868 1844
f 1843 1871 1874
f 1871 1843 1869
f 1870 1868 1873
f 1872 1868 1846
f 1872 1873 1868
f 1826 1872 1846
f 1845 1874 1900
f 1845 1900 1902
f 1847 1875 1872
f 1902 1850 1848
f 1877 1875 1847
f 1876 1872 1875
f 1788 1875 1877
f 1851 1849 1903
f 1878 1851 1903
f 1830 1880 1879
f 1882 1907 1852
f 1809 1885 1883
f 1884 1852 1907
f 1853 1852 1884
f 1809 1887 1885
f 1856 1886 1909
f 1856 1909 1857
f 1888 1858 1857
f 1888 1859 1858
f 1859 1888 1910
f 1924 1860 1953
f 1889 1953 1860
f 1910 1912 1890
f 1891 1890 1892
f 1715 1990 1815
f 1893 1838 1892
f 1838 1893 1862
f 1933 1982 1839
f 1818 1839 1982
f 1893 1935 1862
f 1862 1935 1959
f 1984 1865 1864
f 1865 1958 1730
f 1841 1862 1959
f 1913 1841 1959
f 1894 1841 1913
f 1895 1984 1866
f 1870 1896 1869
f 1869 1897 1871
f 1869 1896 1897
f 1873 1896 1870
f 1899 1896 1873
f 1916 1896 1899
f 1900 1874 1871
f 1900 1871 1897
f 1898 1897 1896
f 1898 1896 1916
f 1876 1899 1873
f 1872 1876 1873
f 1915 1898 1916
f 1916 1899 1876
f 1902 1900 1901
f 1850 1945 1849
f 1850 1902 1945
f 1875 1917 1876
f 1849 1945 1903
f 1875 1920 1917
f 1788 1920 1875
f 1881 1878 1905
f 1878 1903 1904
f 1788 1879 1920
f 1905 1921 1881
f 1905 1878 1904
f 1921 1882 1881
f 1906 1880 1883
f 1921 1907 1882
f 1885 1906 1883
f 1884 1907 1923
f 1884 1908 1853
f 1853 1909 1886
f 1853 1908 1909
f 1926 1888 1909
f 1909 1888 1857
f 1911 1888 1926
f 1911 1910 1888
f 1889 1968 1953
f 1889 1980 1968
f 1912 1910 1911
f 1837 1990 1997
f 1892 1890 1912
f 1837 1815 1990
f 1715 1816 1990
f 1816 1818 1982
f 1931 1935 1893
f 1898 1937 1897
f 1897 1914 1900
f 1897 1937 1914
f 1900 1914 1901
f 1914 1936 1901
f 1938 1898 1915
f 1937 1898 1938
f 1941 1945 1902
f 1936 1902 1901
f 1915 1916 1940
f 1917 1916 1876
f 1940 1916 1917
f 1941 1902 1936
f 1943 1945 1941
f 1920 1919 1917
f 1903 1918 1904
f 1918 1903 1945
f 1880 1920 1879
f 1949 1905 1904
f 1906 1950 1880
f 1880 1950 1920
f 1905 1949 1921
f 1907 1921 1923
f 1921 1949 1951
f 1922 1906 1885
f 1923 1921 1951
f 1922 1885 1887
f 1887 1924 1922
f 1884 1923 1908
f 1925 1909 1908
f 1925 1928 1909
f 1925 1908 1923
f 1909 1928 1926
f 1927 1926 1928
f 1911 1926 1929
f 1926 1927 1929
f 1929 1912 1911
f 1912 1929 1930
f 1954 1912 1930
f 1892 1912 1954
f 1954 1893 1892
f 1863 2001 1933
f 1931 1932 1935
f 1865 1983 1958
f 1935 1932 1959
f 1913 1960 1894
f 1960 1895 1894
f 1960 1984 1895
f 1914 1939 1936
f 1942 1914 1937
f 1939 1914 1942
f 1915 1940 1938
f 1942 1937 1938
f 1946 1938 1940
f 1936 1944 1941
f 1944 1936 1939
f 1962 1942 1938
f 1943 1941 1944
f 1946 1940 1917
f 1919 1947 1917
f 1918 1943 1973
f 1945 1943 1918
f 1919 1948 1947
f 1950 1948 1920
f 1920 1948 1919
f 1964 1904 1918
f 1976 1950 1906
f 1976 1906 1922
f 1949 1952 1951
f 1964 1949 1904
f 1952 1949 1964
f 1978 1922 1924
f 1967 1951 1952
f 1978 1924 1953
f 1951 1967 1923
f 1925 1923 1967
f 1969 1925 1967
f 1989 1925 1969
f 1925 1989 1928
f 1989 1927 1928
f 1793 1997 1980
f 1929 1927 1930
f 1930 1927 1981
f 1955 1954 1930
f 1954 1955 1956
f 1956 1893 1954
f 1957 1956 1999
f 1893 1956 1931
f 1956 1957 1931
f 1957 1932 1931
f 1934 2001 1863
f 2002 2001 1934
f 1934 1958 2002
f 1913 1959 1992
f 1942 1962 1939
f 1939 1962 1961
f 1946 1963 1938
f 1939 1961 1944
f 1961 1972 1944
f 1963 1962 1938
f 1944 2005 1943
f 1974 1963 1946
f 1943 2005 1973
f 2005 1944 1972
f 1947 1974 1946
f 1917 1947 1946
f 1918 1973 1964
f 2005 2012 1973
f 1974 1947 1975
f 1975 1947 1948
f 1948 1988 1975
f 1976 1988 1950
f 1950 1988 1948
f 1987 1964 1973
f 1964 1965 1952
f 1965 1964 1977
f 1978 1976 1922
f 1952 1965 1967
f 1966 1978 1953
f 1969 1965 2026
f 1967 1965 1969
f 1989 1969 2026
f 1930 1996 1955
f 1990 1816 1970
f 1816 1982 2000
f 1958 1983 2002
f 2003 1992 1959
f 1932 2003 1959
f 1913 1993 1960
f 1992 1993 1913
f 1962 1971 1961
f 1963 1986 1962
f 1985 1971 1962
f 1975 2007 1974
f 1987 1973 2012
f 1987 1977 1964
f 1966 1979 1978
f 1977 2026 1965
f 2008 1927 1989
f 2008 1981 1927
f 1981 1996 1930
f 1955 1999 1956
f 1957 1999 2048
f 1957 2048 1932
f 2001 1991 1933
f 1991 1982 1933
f 1984 2004 1865
f 1983 1865 2010
f 2010 1865 2004
f 1961 2006 1972
f 1961 1971 2006
f 1962 1986 1985
f 2006 2005 1972
f 2006 1971 1994
f 1994 1971 1985
f 1974 1986 1963
f 1974 2023 1986
f 2007 2023 1974
f 1975 1988 2024
f 1988 1976 1995
f 1978 1995 1976
f 1968 1966 1953
f 1996 2016 1955
f 1816 2000 1970
f 2000 1982 1991
f 2048 2003 1932
f 2002 1983 2010
f 1993 2004 1984
f 1984 1960 1993
f 2030 2007 1975
f 1995 2024 1988
f 1978 2025 1995
f 1979 2025 1978
f 2044 1989 2026
f 1980 2015 1968
f 1990 1998 1997
f 2016 1999 1955
f 1970 1998 1990
f 2054 2003 2048
f 2010 2009 2002
f 2019 1992 2003
f 2020 1993 1992
f 2020 1992 2019
f 2038 1993 2020
f 2038 2004 1993
f 2011 1985 1986
f 2012 2013 1987
f 2023 2007 2030
f 2030 1975 2024
f 2034 1979 1966
f 1968 2034 1966
f 2035 1968 2015
f 1997 2015 1980
f 1996 2046 2016
f 1970 2017 1998
f 2016 2018 1999
f 2018 2048 1999
f 2001 2002 1991
f 1991 2002 2009
f 2054 2019 2003
f 2021 2010 2004
f 2010 2028 2009
f 2038 2021 2004
f 2006 2051 2005
f 2005 2051 2012
f 1986 2023 2011
f 1994 1985 2011
f 2030 2071 2023
f 2031 1987 2013
f 2024 1995 2032
f 2043 1977 1987
f 2025 2032 1995
f 2034 2033 1979
f 2033 2025 1979
f 2035 2034 1968
f 2045 2008 1989
f 2045 1989 2044
f 2008 2045 2014
f 2036 1981 2014
f 2014 1981 2008
f 2036 1996 1981
f 2036 2046 1996
f 1998 2015 1997
f 2000 2027 1970
f 2000 1991 2027
f 2009 2039 1991
f 2021 2028 2010
f 1994 2029 2006
f 2011 2022 1994
f 2051 2013 2012
f 2051 2006 2029
f 2029 1994 2022
f 2022 2011 2050
f 2050 2011 2023
f 2043 1987 2031
f 1977 2043 2026
f 2015 2037 2035
f 2046 2018 2016
f 1970 2027 2017
f 2039 2040 1991
f 2027 1991 2040
f 2041 2029 2022
f 2023 2071 2050
f 2043 2031 2067
f 2032 2030 2024
f 2026 2043 2044
f 2015 1998 2037
f 2037 2017 2047
f 2037 1998 2017
f 2017 2027 2047
f 2054 2055 2019
f 2049 2047 2027
f 2040 2049 2027
f 2055 2020 2019
f 2029 2041 2051
f 2051 2078 2013
f 2079 2041 2022
f 2013 2066 2031
f 2031 2066 2067
f 2025 2042 2032
f 2033 2042 2025
f 2044 2043 2052
f 2034 2053 2074
f 2033 2034 2074
f 2044 2052 2045
f 2034 2035 2053
f 2061 2046 2036
f 2037 2053 2035
f 2061 2018 2046
f 2037 2047 2060
f 2048 2018 2062
f 2047 2063 2060
f 2049 2063 2047
f 2057 2038 2056
f 2038 2020 2056
f 2038 2057 2021
f 2021 2057 2028
f 2009 2065 2039
f 2039 2049 2040
f 2065 2049 2039
f 2030 2072 2071
f 2013 2078 2066
f 2078 2051 2041
f 2032 2072 2030
f 2088 2066 2078
f 2033 2074 2042
f 2058 2045 2052
f 2058 2014 2045
f 2014 2058 2059
f 2036 2014 2061
f 2014 2059 2061
f 2037 2075 2053
f 2075 2037 2060
f 2061 2062 2018
f 2048 2062 2068
f 2068 2054 2048
f 2020 2055 2056
f 2057 2064 2028
f 2028 2065 2009
f 2064 2065 2028
f 2079 2078 2041
f 2073 2072 2032
f 2032 2042 2073
f 2067 2052 2043
f 2067 2058 2052
f 2068 2076 2054
f 2076 2055 2054
f 2077 2055 2076
f 2077 2056 2055
f 2056 2064 2057
f 2049 2069 2063
f 2049 2065 2069
f 2070 2078 2079
f 2050 2079 2022
f 2073 2042 2074
f 2053 2075 2083
f 2077 2064 2056
f 2069 2065 2064
f 2050 2071 2080
f 2080 2071 2072
f 2073 2074 2082
f 2066 2090 2067
f 2053 2083 2074
f 2083 2082 2074
f 2067 2090 2058
f 2075 2084 2083
f 2058 2090 2085
f 2058 2085 2059
f 2060 2086 2075
f 2059 2093 2061
f 2093 2062 2061
f 2063 2086 2060
f 2094 2068 2062
f 2076 2068 2094
f 2095 2076 2094
f 2095 2077 2076
f 2077 2096 2064
f 2079 2050 2087
f 2087 2050 2080
f 2072 2081 2080
f 2072 2073 2081
f 2082 2081 2073
f 2089 2082 2083
f 2084 2089 2083
f 2059 2085 2093
f 2075 2086 2084
f 2095 2096 2077
f 2064 2096 2069
f 2098 2088 2078
f 2078 2070 2098
f 2080 2081 2087
f 2070 2079 2087
f 2081 2101 2087
f 2066 2088 2091
f 2089 2081 2082
f 2066 2091 2090
f 2092 2089 2084
f 2090 2103 2085
f 2090 2091 2103
f 2085 2103 2093
f 2092 2084 2086
f 2093 2094 2062
f 2069 2097 2086
f 2063 2069 2086
f 2069 2096 2097
f 2070 2099 2098
f 2087 2099 2070
f 2098 2100 2088
f 2100 2098 2099
f 2087 2101 2099
f 2088 2100 2091
f 2101 2100 2099
f 2092 2106 2089
f 2106 2081 2089
f 2106 2101 2081
f 2107 2091 2100
f 2101 2106 2107
f 2102 2103 2091
f 2091 2107 2102
f 2093 2103 2094
f 2094 2103 2104
f 2097 2092 2086
f 2094 2104 2105
f 2105 2104 2097
f 2105 2095 2094
f 2095 2105 2096
f 2096 2105 2097
f 2101 2107 2100
f 2092 2107 2106
f 2104 2103 2102
f 2097 2102 2107
f 2097 2107 2092
f 2104 2102 2097
# 4210 faces, 0 coords texture

# End of File
