####
#
# OBJ File Generated by Meshlab
#
####
# Object AL-VM4R.obj
#
# Vertices: 1545
# Faces: 3086
#
####
v 23971.484375 32192.363281 30448.066406
v 23942.164062 32303.552734 30427.216797
v 23967.896484 32271.189453 30442.363281
v 23739.162109 32128.417969 30435.814453
v 23928.056641 32150.843750 30444.052734
v 23960.431641 32111.988281 30523.839844
v 23860.332031 32186.388672 30399.962891
v 23923.277344 32222.085938 30393.449219
v 23993.732422 32217.798828 30508.011719
v 23826.685547 32258.738281 30386.255859
v 23707.410156 32311.421875 30393.292969
v 23886.613281 32276.181641 30394.664062
v 23987.166016 32258.087891 30478.035156
v 23879.660156 32342.525391 30414.400391
v 23815.275391 32085.699219 30465.726562
v 23834.318359 32064.083984 30494.812500
v 23935.107422 32102.767578 30498.126953
v 23751.029297 32226.158203 30388.644531
v 23612.009766 32223.857422 30416.156250
v 23588.005859 32276.880859 30414.089844
v 23687.832031 32375.789062 30412.285156
v 23816.703125 32326.937500 30395.527344
v 24008.166016 32277.822266 30585.908203
v 23993.724609 32327.138672 30528.390625
v 23902.080078 32423.902344 30468.820312
v 23975.992188 32384.503906 30523.082031
v 23579.388672 32158.712891 30449.007812
v 23485.957031 32246.644531 30441.330078
v 24000.964844 32193.751953 30612.074219
v 23415.826172 32292.708984 30452.566406
v 24011.689453 32241.550781 30683.892578
v 23524.597656 32323.523438 30427.837891
v 23587.259766 32359.453125 30420.705078
v 24013.517578 32336.074219 30656.242188
v 23828.585938 32468.849609 30466.150391
v 23766.976562 32423.406250 30429.009766
v 24005.410156 32420.097656 30633.671875
v 23929.568359 32059.851562 30592.312500
v 23984.576172 32130.882812 30595.871094
v 23464.027344 32158.234375 30481.759766
v 23429.824219 32201.273438 30471.105469
v 23315.402344 32244.423828 30491.373047
v 23312.367188 32380.226562 30487.318359
v 23414.335938 32385.025391 30462.656250
v 24020.597656 32312.810547 30801.890625
v 23741.396484 32507.189453 30476.246094
v 23943.791016 32411.646484 30495.166016
v 23969.787109 32098.054688 30601.128906
v 23643.462891 32088.406250 30481.580078
v 23389.687500 32144.738281 30510.664062
v 23281.595703 32314.574219 30495.445312
v 23193.693359 32380.091797 30528.628906
v 23349.480469 32439.849609 30493.562500
v 23310.984375 32511.953125 30528.910156
v 23482.513672 32442.248047 30464.505859
v 23625.039062 32475.656250 30463.099609
v 23607.398438 32556.583984 30501.402344
v 24014.013672 32489.962891 30703.265625
v 23989.710938 32498.583984 30623.056641
v 23865.156250 32564.960938 30534.785156
v 23960.548828 32512.492188 30577.271484
v 23843.662109 32036.955078 30568.580078
v 23968.593750 32082.207031 30687.296875
v 23449.894531 32098.234375 30531.998047
v 23253.658203 32187.447266 30532.804688
v 23296.984375 32129.890625 30557.697266
v 23181.701172 32285.517578 30536.886719
v 23150.982422 32479.708984 30553.035156
v 24020.578125 32416.279297 30734.628906
v 23597.089844 32617.136719 30538.738281
v 23672.560547 32602.599609 30527.308594
v 23807.443359 32567.263672 30514.974609
v 23924.197266 32512.929688 30536.248047
v 23705.460938 32050.281250 30516.414062
v 23584.683594 32059.910156 30529.898438
v 23940.560547 32043.683594 30722.250000
v 23200.585938 32224.650391 30539.423828
v 23098.621094 32573.505859 30602.986328
v 23449.345703 32632.529297 30567.177734
v 23963.406250 32601.687500 30639.921875
v 23997.230469 32582.777344 30706.884766
v 23733.406250 32639.718750 30555.474609
v 23413.011719 32066.380859 30586.847656
v 23764.476562 32012.021484 30589.353516
v 23158.867188 32115.464844 30632.496094
v 23037.978516 32171.849609 30643.699219
v 23060.394531 32366.195312 30587.367188
v 23206.189453 32589.068359 30586.320312
v 24023.132812 32472.011719 30823.068359
v 23442.083984 32555.341797 30524.722656
v 24014.947266 32583.669922 30797.425781
v 23833.847656 32649.687500 30580.494141
v 23907.451172 32618.509766 30596.451172
v 23943.982422 32656.828125 30646.634766
v 23856.398438 32721.355469 30629.207031
v 23974.968750 32680.980469 30694.371094
v 23657.005859 32013.027344 30593.056641
v 23312.562500 32089.564453 30596.824219
v 23154.771484 32158.589844 30596.181641
v 23069.406250 32292.123047 30589.703125
v 22892.845703 32520.955078 30671.171875
v 23082.443359 32433.728516 30576.853516
v 23044.017578 32527.537109 30604.292969
v 24019.285156 32658.167969 30838.412109
v 23003.847656 32622.869141 30653.363281
v 23154.507812 32663.250000 30634.599609
v 23277.953125 32654.310547 30609.271484
v 23589.794922 32767.369141 30640.804688
v 23704.841797 32738.509766 30617.585938
v 23780.564453 32702.748047 30600.437500
v 24004.642578 32666.019531 30753.546875
v 23981.935547 32742.798828 30714.398438
v 23307.972656 32038.503906 30680.912109
v 23459.300781 32021.738281 30656.035156
v 22984.031250 32135.191406 30689.748047
v 23054.363281 32232.384766 30610.820312
v 24027.679688 32589.091797 31023.820312
v 23505.718750 32762.091797 30645.037109
v 23457.126953 32703.382812 30610.849609
v 23849.097656 32788.871094 30662.900391
v 23922.882812 32730.589844 30665.089844
v 23952.669922 32826.558594 30737.021484
v 23160.285156 32076.726562 30678.970703
v 22948.587891 32195.986328 30674.375000
v 22949.187500 32269.830078 30652.837891
v 22896.521484 32413.935547 30663.210938
v 22786.908203 32414.277344 30722.812500
v 22899.054688 32563.388672 30675.574219
v 23051.765625 32706.742188 30689.240234
v 23310.998047 32738.099609 30656.324219
v 24018.685547 32753.761719 30837.111328
v 23783.275391 32839.812500 30691.310547
v 23975.666016 32887.332031 30815.451172
v 23476.269531 31993.958984 30743.042969
v 23046.365234 32089.826172 30705.660156
v 23088.039062 32044.771484 30749.998047
v 22935.861328 32102.632812 30728.505859
v 22902.837891 32327.496094 30665.804688
v 22775.277344 32351.199219 30728.072266
v 22770.177734 32488.773438 30744.234375
v 22983.740234 32751.986328 30747.376953
v 24024.023438 32719.728516 30891.519531
v 23199.369141 32774.437500 30703.121094
v 23584.378906 32883.156250 30727.539062
v 23664.177734 32871.421875 30711.642578
v 24006.070312 32788.101562 30802.148438
v 23101.240234 32003.275391 30816.052734
v 23195.953125 32040.201172 30722.531250
v 23230.933594 32005.919922 30782.220703
v 23350.714844 31997.529297 30770.726562
v 22918.009766 32047.873047 30789.363281
v 22800.320312 32256.982422 30725.109375
v 22758.097656 32559.941406 30773.457031
v 22831.222656 32636.248047 30760.068359
v 22930.765625 32678.064453 30721.121094
v 23394.773438 32860.484375 30730.605469
v 24017.671875 32857.925781 30904.582031
v 23860.458984 32904.886719 30757.978516
v 23896.673828 32832.718750 30709.605469
v 24000.333984 32869.242188 30846.960938
v 23928.435547 32896.421875 30780.337891
v 22840.056641 32084.238281 30777.107422
v 22790.041016 32130.181641 30765.546875
v 22784.974609 32188.634766 30747.439453
v 22681.269531 32394.101562 30776.931641
v 23135.837891 32842.667969 30769.796875
v 23293.773438 32884.078125 30768.203125
v 23496.925781 32925.214844 30771.490234
v 24016.246094 32967.656250 30928.207031
v 23797.677734 32959.605469 30788.664062
v 22730.390625 32077.853516 30816.519531
v 22784.296875 32031.511719 30836.855469
v 22974.171875 32016.511719 30816.523438
v 23578.433594 31979.515625 30776.714844
v 22625.365234 32157.029297 30820.318359
v 22698.865234 32269.980469 30772.337891
v 22573.421875 32263.000000 30826.701172
v 22891.441406 32812.062500 30841.378906
v 24025.064453 32905.730469 30955.675781
v 23663.734375 32968.957031 30795.318359
v 23864.625000 33053.312500 30881.609375
v 22610.050781 31998.564453 30891.423828
v 22704.167969 32004.527344 30872.638672
v 22851.031250 31987.347656 30870.585938
v 23007.220703 31981.578125 30868.613281
v 23100.976562 31963.283203 30900.453125
v 23860.822266 32011.691406 30707.562500
v 22695.759766 32131.787109 30802.515625
v 22884.902344 32924.105469 30930.128906
v 22974.222656 32907.019531 30876.603516
v 23114.765625 32984.515625 30890.525391
v 23330.494141 32961.218750 30826.791016
v 24006.050781 32993.785156 30908.054688
v 23949.451172 33010.277344 30872.085938
v 22605.648438 32069.732422 30854.263672
v 22748.556641 31960.960938 30907.992188
v 22917.839844 31949.482422 30922.818359
v 23277.166016 31977.195312 30845.304688
v 23687.041016 31985.523438 30740.140625
v 23783.757812 31993.617188 30726.701172
v 22507.070312 32061.917969 30881.566406
v 22539.156250 32385.837891 30850.384766
v 22612.492188 32468.296875 30829.632812
v 22749.144531 32619.488281 30806.697266
v 22796.320312 32702.488281 30823.308594
v 23045.386719 32946.859375 30881.281250
v 23510.548828 33008.781250 30845.099609
v 23718.113281 33061.921875 30882.330078
v 22641.902344 31963.439453 30913.515625
v 22489.058594 31951.630859 30932.607422
v 23969.294922 32061.398438 30776.738281
v 22411.890625 32061.332031 30906.433594
v 22568.828125 32178.595703 30836.093750
v 22437.814453 32163.351562 30884.662109
v 22521.761719 32295.476562 30849.677734
v 22442.689453 32349.431641 30891.564453
v 24029.076172 32430.796875 31223.169922
v 22823.421875 32768.234375 30848.990234
v 24026.154297 32814.281250 31002.539062
v 23178.160156 33037.277344 30924.343750
v 23401.046875 33050.660156 30898.464844
v 24000.285156 33046.160156 30976.511719
v 23952.212891 33067.316406 30931.154297
v 22355.619141 31983.070312 30938.681641
v 22428.158203 31962.707031 30934.230469
v 22548.400391 31901.935547 30962.802734
v 23664.011719 31951.718750 30870.820312
v 23760.486328 31966.832031 30821.738281
v 23832.818359 31980.925781 30801.328125
v 23901.716797 32015.496094 30749.216797
v 23942.628906 32017.839844 30810.705078
v 23999.451172 32136.837891 30793.531250
v 22319.693359 32082.781250 30929.533203
v 22269.767578 32128.197266 30942.740234
v 22383.371094 32220.400391 30903.515625
v 22441.519531 32442.492188 30920.636719
v 22669.167969 32749.402344 30935.695312
v 23774.660156 33048.703125 30866.291016
v 22342.730469 31860.388672 30985.966797
v 22458.267578 31885.250000 30972.798828
v 22504.240234 31837.177734 31010.828125
v 22298.125000 31900.019531 30972.882812
v 22650.605469 31894.158203 30976.246094
v 22723.552734 31851.560547 31041.503906
v 22812.642578 31921.529297 30955.417969
v 23951.074219 31907.476562 30995.333984
v 23483.884766 31944.623047 30923.156250
v 23844.507812 31952.460938 30882.777344
v 23904.484375 31973.144531 30866.173828
v 23946.812500 31981.892578 30886.630859
v 22251.773438 31954.013672 30963.775391
v 24026.779297 32269.298828 30994.623047
v 22318.367188 32281.855469 30937.058594
v 22248.205078 32326.189453 30981.429688
v 22591.699219 32542.380859 30869.353516
v 22603.939453 32646.316406 30914.552734
v 24011.121094 33016.281250 30994.548828
v 23572.550781 33100.636719 30934.783203
v 22224.238281 31805.607422 31009.910156
v 22304.939453 31766.509766 31033.343750
v 22398.917969 31826.634766 31007.294922
v 22193.583984 31864.015625 30991.472656
v 22584.613281 31827.222656 31034.503906
v 23906.443359 31897.623047 31012.248047
v 23972.527344 31976.580078 30932.294922
v 22206.542969 32014.541016 30963.716797
v 23411.822266 31968.873047 30849.080078
v 23974.537109 32035.046875 30854.605469
v 24008.929688 32095.726562 30975.517578
v 22083.695312 32054.212891 30997.849609
v 22229.589844 32178.193359 30959.236328
v 22286.705078 32408.751953 30991.875000
v 22428.494141 32525.445312 30963.585938
v 22401.287109 32603.816406 31023.462891
v 22804.011719 32891.359375 30948.800781
v 22956.476562 33058.566406 31009.224609
v 23983.199219 33099.734375 31053.625000
v 23804.369141 33108.496094 30943.982422
v 23875.437500 33119.632812 30972.062500
v 23961.431641 33121.871094 31036.732422
v 22103.078125 31724.769531 31032.718750
v 22049.568359 31743.085938 31028.298828
v 22197.175781 31681.681641 31061.457031
v 22278.519531 31641.343750 31105.808594
v 22383.675781 31750.339844 31057.138672
v 22493.468750 31748.316406 31090.259766
v 22161.240234 31911.566406 30985.216797
v 22466.617188 31780.558594 31051.097656
v 22041.099609 31870.562500 31009.734375
v 22637.361328 31810.009766 31071.144531
v 23764.414062 31929.484375 30930.634766
v 23683.527344 31914.777344 30992.648438
v 23567.898438 31911.490234 31045.947266
v 23174.847656 31948.029297 30938.509766
v 23993.701172 32030.845703 30943.480469
v 21949.416016 31944.294922 31029.058594
v 22088.437500 32137.626953 31007.003906
v 22114.562500 32214.654297 31012.023438
v 22709.810547 32847.402344 30976.039062
v 22863.951172 33070.617188 31056.175781
v 23070.341797 33076.589844 30989.701172
v 23034.697266 33145.453125 31061.224609
v 23206.914062 33117.156250 31000.000000
v 23337.693359 33139.292969 31002.154297
v 23929.300781 33120.539062 31000.140625
v 21710.523438 31333.826172 31087.113281
v 21819.392578 31486.447266 31068.849609
v 21816.156250 31284.671875 31114.021484
v 21867.353516 31411.679688 31087.595703
v 21942.072266 31489.861328 31078.535156
v 21924.212891 31588.023438 31057.642578
v 21979.564453 31401.693359 31111.828125
v 22002.794922 31548.058594 31074.234375
v 21698.892578 31529.363281 31056.392578
v 22100.833984 31546.146484 31098.261719
v 22031.707031 31659.867188 31046.281250
v 22078.650391 31635.605469 31058.605469
v 22084.447266 31422.367188 31148.056641
v 22206.523438 31579.216797 31118.224609
v 21737.476562 31648.867188 31050.140625
v 21990.376953 31760.330078 31028.947266
v 22490.779297 31688.367188 31155.878906
v 21843.191406 31666.011719 31047.292969
v 21818.060547 31792.269531 31043.505859
v 23869.708984 31890.382812 31040.937500
v 23954.585938 31907.376953 31024.587891
v 21939.236328 31795.796875 31030.644531
v 22922.832031 31892.841797 31028.117188
v 23092.033203 31911.367188 31025.367188
v 21786.273438 31855.640625 31049.318359
v 21881.251953 31916.878906 31039.144531
v 21877.761719 32114.306641 31072.414062
v 21871.146484 32011.892578 31053.400391
v 21944.648438 32063.355469 31042.800781
v 21983.953125 32163.683594 31050.470703
v 22025.507812 32274.128906 31068.962891
v 22137.458984 32325.986328 31036.527344
v 22237.212891 32456.164062 31041.757812
v 22742.751953 33021.792969 31083.230469
v 23293.066406 33200.304688 31082.777344
v 23482.812500 33157.546875 31006.951172
v 23825.203125 33169.816406 31035.062500
v 23915.136719 33175.011719 31089.695312
v 21506.671875 31208.845703 31124.511719
v 21603.501953 31190.054688 31128.503906
v 21479.193359 31266.929688 31104.056641
v 21720.320312 31252.300781 31109.396484
v 21736.775391 31182.583984 31144.917969
v 21564.685547 31304.931641 31090.882812
v 21836.484375 31210.187500 31153.015625
v 21370.931641 31317.353516 31097.494141
v 21398.136719 31384.376953 31084.398438
v 21923.712891 31286.531250 31141.699219
v 21636.322266 31431.841797 31065.732422
v 21419.865234 31498.033203 31077.576172
v 21558.769531 31492.765625 31065.197266
v 22163.228516 31498.275391 31148.669922
v 22309.546875 31606.863281 31142.414062
v 22368.619141 31659.554688 31124.285156
v 21558.921875 31604.695312 31065.460938
v 23734.322266 31903.105469 31084.138672
v 21614.548828 31755.324219 31067.224609
v 23677.806641 31905.023438 31055.039062
v 23990.445312 32026.832031 31058.925781
v 23987.396484 31976.599609 30991.109375
v 21595.531250 31887.447266 31086.080078
v 21752.755859 31973.216797 31070.681641
v 21647.341797 32040.166016 31109.203125
v 24018.509766 32187.109375 30962.480469
v 21771.718750 32090.642578 31094.626953
v 21825.500000 32178.267578 31108.121094
v 22069.390625 32381.615234 31095.716797
v 22423.947266 32692.300781 31067.289062
v 23653.966797 33171.046875 31017.308594
v 23874.498047 33179.808594 31068.222656
v 21355.714844 31186.835938 31139.785156
v 21475.759766 31143.214844 31158.511719
v 21149.195312 31243.769531 31138.658203
v 21334.005859 31242.808594 31119.738281
v 21293.464844 31400.531250 31099.701172
v 21294.751953 31479.691406 31099.310547
v 21996.046875 31310.765625 31166.763672
v 21281.042969 31580.867188 31104.505859
v 21378.367188 31605.578125 31091.289062
v 22581.878906 31743.638672 31135.339844
v 21480.058594 31658.830078 31078.082031
v 21292.285156 31748.136719 31117.751953
v 21430.691406 31745.292969 31095.648438
v 23758.691406 31924.179688 31138.511719
v 21458.099609 31838.103516 31103.132812
v 23311.535156 31906.947266 31078.810547
v 23402.234375 31909.888672 31075.541016
v 23901.855469 31939.001953 31100.720703
v 23964.396484 31963.880859 31066.138672
v 21370.984375 31892.527344 31126.257812
v 21509.386719 31929.550781 31110.214844
v 21467.232422 31984.878906 31133.007812
v 21917.988281 32223.119141 31093.076172
v 21835.005859 32272.960938 31145.531250
v 21955.236328 32318.878906 31118.304688
v 21961.394531 32385.828125 31153.167969
v 22187.679688 32485.062500 31086.492188
v 22109.324219 32491.589844 31138.605469
v 22257.238281 32593.750000 31114.058594
v 22616.312500 32909.687500 31085.027344
v 22655.570312 33101.714844 31190.222656
v 22908.804688 33141.792969 31099.611328
v 22988.134766 33134.824219 31064.000000
v 22944.242188 33200.183594 31145.904297
v 23082.867188 33184.644531 31094.990234
v 23440.007812 33219.511719 31097.742188
v 23725.533203 33189.492188 31046.673828
v 23684.000000 33256.144531 31146.203125
v 21022.218750 31126.144531 31198.242188
v 21182.742188 31188.205078 31150.523438
v 21249.314453 31132.529297 31169.800781
v 21184.144531 31114.605469 31189.513672
v 21369.205078 31112.878906 31181.576172
v 20972.761719 31177.667969 31184.160156
v 21586.128906 31138.917969 31156.451172
v 21436.437500 31078.076172 31213.257812
v 21576.410156 31087.503906 31214.042969
v 21050.765625 31303.257812 31147.699219
v 21791.878906 31161.482422 31178.888672
v 21012.281250 31244.314453 31161.402344
v 21147.585938 31322.716797 31123.490234
v 20913.218750 31298.767578 31177.539062
v 20832.695312 31327.035156 31204.175781
v 20990.238281 31496.332031 31169.669922
v 20883.113281 31450.552734 31199.703125
v 21048.070312 31388.458984 31147.591797
v 21137.642578 31520.949219 31133.011719
v 21007.544922 31587.968750 31175.839844
v 21198.892578 31478.500000 31113.716797
v 20976.429688 31657.523438 31200.876953
v 21231.462891 31678.599609 31123.093750
v 21140.269531 31645.931641 31146.384766
v 21155.144531 31777.472656 31164.523438
v 23483.251953 31903.875000 31132.375000
v 23604.705078 31909.968750 31128.378906
v 22941.517578 31854.634766 31115.220703
v 21194.607422 31915.578125 31184.101562
v 23289.078125 31882.890625 31168.955078
v 21279.488281 31897.650391 31154.812500
v 23739.164062 31958.386719 31203.119141
v 21231.568359 31783.503906 31142.724609
v 23895.603516 31985.162109 31152.931641
v 24012.292969 32133.500000 31054.603516
v 21363.927734 31985.179688 31158.261719
v 21439.851562 32101.394531 31186.246094
v 21543.199219 32073.187500 31146.101562
v 21576.283203 32157.865234 31175.585938
v 21685.035156 32254.019531 31190.005859
v 21718.662109 32174.529297 31139.730469
v 21833.869141 32349.238281 31191.869141
v 21967.330078 32457.576172 31201.484375
v 22061.480469 32531.357422 31198.980469
v 22154.626953 32594.746094 31186.451172
v 22486.380859 32877.863281 31155.054688
v 22762.189453 33114.503906 31142.363281
v 23115.843750 33254.101562 31175.974609
v 20945.419922 31118.734375 31217.181641
v 21003.970703 31090.193359 31233.806641
v 21082.773438 31087.246094 31221.679688
v 21253.726562 31069.638672 31227.375000
v 21316.037109 31080.742188 31208.523438
v 21508.556641 31062.765625 31237.427734
v 21664.369141 31123.382812 31178.060547
v 22006.240234 31246.685547 31225.693359
v 20778.298828 31350.296875 31229.726562
v 20819.113281 31471.626953 31238.187500
v 20927.619141 31560.716797 31201.507812
v 20971.353516 31792.650391 31255.566406
v 21059.394531 31837.400391 31219.720703
v 22769.767578 31812.597656 31122.552734
v 23404.587891 31892.082031 31223.177734
v 23239.664062 31892.371094 31113.529297
v 23610.457031 31923.300781 31194.623047
v 23825.361328 32004.466797 31216.726562
v 21173.759766 31979.199219 31226.974609
v 21304.296875 32068.751953 31220.390625
v 21264.216797 31997.324219 31195.425781
v 21411.810547 32152.867188 31225.179688
v 21508.285156 32186.458984 31214.712891
v 21637.326172 32263.976562 31217.445312
v 21740.285156 32362.490234 31250.578125
v 22348.226562 32719.111328 31141.927734
v 22700.150391 33217.210938 31256.673828
v 23760.330078 33258.128906 31152.679688
v 22914.667969 33252.523438 31212.351562
v 23001.556641 33245.250000 31183.263672
v 23530.474609 33249.386719 31141.462891
v 20831.138672 31100.720703 31253.232422
v 20931.818359 31086.767578 31262.248047
v 20803.296875 31132.892578 31231.560547
v 21240.226562 31049.744141 31265.078125
v 21395.423828 31048.105469 31273.273438
v 20856.568359 31212.513672 31198.775391
v 21900.675781 31209.617188 31179.777344
v 21915.056641 31181.394531 31228.310547
v 20752.046875 31199.548828 31226.029297
v 22068.869141 31320.888672 31209.769531
v 22192.945312 31443.978516 31206.541016
v 22313.474609 31561.634766 31184.546875
v 20905.023438 31647.529297 31245.742188
v 22676.296875 31761.994141 31157.253906
v 21067.597656 31872.515625 31231.871094
v 23358.712891 31888.435547 31183.880859
v 23467.572266 31904.832031 31232.716797
v 21062.748047 31913.187500 31259.173828
v 21133.335938 32001.304688 31271.378906
v 23959.527344 32030.205078 31131.763672
v 21303.712891 32117.683594 31256.255859
v 21180.039062 32079.919922 31315.753906
v 21612.826172 32292.664062 31254.273438
v 21849.271484 32419.798828 31240.835938
v 22254.742188 32741.910156 31230.804688
v 22542.720703 32986.605469 31187.857422
v 22629.968750 33191.640625 31271.173828
v 23991.060547 33081.570312 31132.369141
v 23953.000000 33158.308594 31119.167969
v 22829.283203 33230.035156 31217.400391
v 23378.115234 33281.265625 31201.238281
v 23813.937500 33251.812500 31148.214844
v 23258.482422 33259.585938 31170.570312
v 23485.023438 33302.179688 31243.738281
v 20994.046875 31079.630859 31284.419922
v 21104.421875 31065.755859 31297.671875
v 21663.498047 31085.498047 31240.679688
v 20731.406250 31276.294922 31257.759766
v 20759.865234 31396.753906 31270.957031
v 22241.654297 31402.296875 31291.121094
v 20838.587891 31555.949219 31266.185547
v 20957.240234 31873.734375 31325.898438
v 23067.509766 31830.964844 31217.199219
v 23487.734375 31919.037109 31278.681641
v 21016.750000 31935.632812 31313.589844
v 23889.656250 32032.912109 31202.191406
v 23977.871094 32122.767578 31172.097656
v 24003.298828 32144.814453 31119.353516
v 21308.384766 32174.693359 31320.498047
v 21386.966797 32185.500000 31272.582031
v 21811.634766 32446.847656 31294.527344
v 22037.931641 32579.257812 31258.875000
v 24018.189453 32953.531250 31091.140625
v 23969.298828 33146.304688 31193.763672
v 23609.470703 33299.601562 31250.068359
v 23725.597656 33283.484375 31234.253906
v 23823.490234 33259.296875 31216.912109
v 23886.562500 33230.648438 31190.798828
v 23931.656250 33202.324219 31219.310547
v 23156.820312 33315.066406 31259.056641
v 23259.992188 33330.410156 31287.750000
v 20938.562500 31097.910156 31312.400391
v 21839.271484 31143.957031 31226.458984
v 20709.013672 31170.289062 31259.234375
v 21990.843750 31181.976562 31330.140625
v 20734.058594 31306.771484 31323.541016
v 22345.578125 31504.613281 31271.111328
v 22508.519531 31631.544922 31239.013672
v 20861.250000 31680.894531 31315.402344
v 23158.671875 31857.972656 31187.722656
v 23616.074219 31956.066406 31270.201172
v 21178.304688 32113.189453 31366.205078
v 21501.044922 32235.398438 31258.574219
v 21579.408203 32350.750000 31352.509766
v 21919.558594 32498.552734 31270.476562
v 22361.818359 32877.214844 31250.171875
v 24023.134766 32897.968750 31228.630859
v 24007.714844 33014.515625 31212.074219
v 22495.802734 33178.382812 31355.203125
v 23655.546875 33309.191406 31291.904297
v 23822.453125 33282.859375 31308.734375
v 22940.597656 33322.269531 31291.015625
v 23366.304688 33337.910156 31313.808594
v 21095.693359 31091.841797 31359.824219
v 21544.574219 31057.935547 31263.232422
v 21507.500000 31059.908203 31313.484375
v 21807.978516 31114.931641 31295.832031
v 21966.759766 31158.601562 31360.671875
v 20741.523438 31130.697266 31253.400391
v 22046.832031 31242.826172 31277.373047
v 20777.593750 31528.419922 31362.250000
v 22576.113281 31680.728516 31216.599609
v 23242.472656 31853.242188 31266.017578
v 22952.552734 31790.773438 31248.974609
v 23517.650391 31951.000000 31336.115234
v 21025.658203 32001.275391 31368.984375
v 23921.687500 32064.529297 31203.376953
v 23934.746094 32116.292969 31236.900391
v 21018.054688 32037.150391 31445.041016
v 23996.019531 32205.832031 31217.503906
v 24026.388672 32256.644531 31080.832031
v 24028.695312 32363.763672 31056.140625
v 21513.617188 32280.691406 31304.480469
v 21730.277344 32457.617188 31374.535156
v 21954.208984 32590.623047 31338.259766
v 22144.269531 32669.812500 31258.001953
v 24023.652344 32866.812500 31328.994141
v 24013.501953 32971.003906 31350.835938
v 22525.123047 33108.246094 31278.271484
v 23988.484375 33090.617188 31257.636719
v 23912.330078 33226.882812 31270.447266
v 23419.453125 33345.718750 31349.339844
v 23543.402344 33326.289062 31311.878906
v 23042.259766 33366.855469 31350.189453
v 23248.962891 33357.390625 31351.642578
v 22884.107422 33361.601562 31360.310547
v 23012.027344 33341.273438 31304.095703
v 21227.578125 31084.626953 31385.189453
v 21278.095703 31053.796875 31318.609375
v 21617.388672 31076.216797 31340.791016
v 21724.878906 31090.154297 31313.007812
v 20878.625000 31129.007812 31326.304688
v 20746.822266 31387.539062 31332.048828
v 22438.933594 31562.824219 31276.039062
v 20800.244141 31525.048828 31302.925781
v 22911.396484 31751.519531 31303.894531
v 23036.808594 31788.621094 31304.365234
v 23123.312500 31819.593750 31286.148438
v 23381.869141 31891.009766 31313.857422
v 23449.744141 31971.607422 31439.853516
v 23713.505859 32013.382812 31302.214844
v 23805.019531 32071.880859 31318.371094
v 23901.121094 32176.619141 31351.851562
v 24015.783203 32232.646484 31159.167969
v 24024.218750 32325.306641 31205.876953
v 21846.955078 32518.109375 31348.845703
v 24027.023438 32850.148438 31150.912109
v 22223.255859 32880.757812 31368.794922
v 23997.996094 33053.394531 31359.511719
v 23959.382812 33164.226562 31287.458984
v 22573.294922 33241.406250 31352.664062
v 23682.451172 33312.707031 31348.357422
v 23541.253906 33336.968750 31356.195312
v 21449.025391 31072.560547 31383.753906
v 21043.503906 31135.572266 31398.818359
v 21573.925781 31086.660156 31400.492188
v 21827.271484 31118.955078 31355.128906
v 20938.056641 31182.632812 31403.812500
v 22320.869141 31407.687500 31367.316406
v 20758.042969 31445.531250 31426.457031
v 23215.648438 31832.111328 31358.156250
v 23291.179688 31860.824219 31332.525391
v 20898.177734 31802.789062 31349.376953
v 20956.275391 31957.363281 31406.916016
v 23578.142578 32013.986328 31401.812500
v 23846.136719 32140.423828 31367.158203
v 23965.878906 32189.943359 31270.804688
v 21245.958984 32182.123047 31416.802734
v 24012.464844 32291.476562 31266.353516
v 24026.554688 32734.166016 31283.623047
v 22394.027344 33039.746094 31339.363281
v 23931.691406 33200.671875 31350.966797
v 23781.828125 33292.265625 31375.980469
v 23325.253906 33361.179688 31391.675781
v 22795.783203 33333.726562 31345.289062
v 22946.062500 33378.542969 31389.066406
v 23178.875000 33375.484375 31394.898438
v 21396.941406 31103.097656 31458.333984
v 20878.810547 31233.335938 31419.347656
v 20769.792969 31208.980469 31336.560547
v 20735.839844 31231.800781 31320.136719
v 22852.933594 31709.699219 31343.332031
v 22980.775391 31732.228516 31397.078125
v 23082.406250 31781.957031 31368.628906
v 23154.568359 31813.083984 31456.498047
v 23257.472656 31857.888672 31411.195312
v 21406.851562 32293.607422 31435.802734
v 22061.962891 32765.966797 31414.785156
v 24014.123047 32854.304688 31433.730469
v 24000.343750 32956.445312 31425.746094
v 23958.976562 33092.906250 31413.662109
v 22395.140625 33118.250000 31400.277344
v 23842.314453 33253.085938 31410.613281
v 23534.080078 33338.410156 31428.535156
v 22602.492188 33302.398438 31386.265625
v 23010.992188 33383.789062 31429.679688
v 22689.892578 33314.800781 31359.917969
v 21130.142578 31141.093750 31444.787109
v 21290.255859 31115.582031 31463.015625
v 21767.162109 31113.632812 31407.863281
v 22126.964844 31245.199219 31395.318359
v 20806.113281 31276.031250 31404.419922
v 20765.398438 31360.406250 31410.892578
v 20763.707031 31508.275391 31401.453125
v 22774.929688 31664.511719 31368.921875
v 22919.601562 31664.712891 31512.302734
v 23124.093750 31791.757812 31413.234375
v 23237.603516 31870.972656 31484.070312
v 23391.826172 31916.148438 31386.396484
v 20962.361328 32006.802734 31478.955078
v 23533.388672 32043.353516 31483.771484
v 23938.775391 32256.457031 31398.378906
v 21666.554688 32481.792969 31469.300781
v 24022.605469 32812.101562 31385.539062
v 23969.664062 32975.617188 31472.406250
v 23934.847656 33013.425781 31493.250000
v 23888.355469 33200.917969 31414.013672
v 22515.541016 33293.425781 31432.923828
v 23776.818359 33267.984375 31437.111328
v 23425.042969 33352.523438 31417.294922
v 22560.386719 33362.468750 31456.671875
v 21933.585938 31145.451172 31403.597656
v 22003.066406 31185.207031 31460.589844
v 21055.777344 31218.199219 31518.716797
v 21017.234375 31192.371094 31457.154297
v 22107.675781 31228.021484 31459.099609
v 20953.259766 31237.876953 31472.906250
v 22255.431641 31335.630859 31406.058594
v 22187.941406 31274.078125 31444.781250
v 20895.761719 31293.531250 31494.333984
v 20817.781250 31341.966797 31467.818359
v 22451.740234 31459.289062 31423.023438
v 20759.937500 31550.158203 31492.654297
v 20765.080078 31596.281250 31459.048828
v 22717.970703 31591.550781 31441.152344
v 22852.296875 31655.033203 31446.224609
v 23068.191406 31759.996094 31472.236328
v 23112.121094 31815.648438 31546.529297
v 20834.859375 31733.105469 31395.236328
v 20878.150391 31889.716797 31457.957031
v 20880.341797 31941.185547 31524.398438
v 23756.822266 32113.982422 31415.425781
v 23790.910156 32209.488281 31515.730469
v 23981.181641 32280.693359 31348.099609
v 23988.656250 32847.058594 31540.113281
v 23916.248047 32978.378906 31549.207031
v 22447.648438 33229.300781 31442.335938
v 23681.625000 33303.996094 31433.154297
v 22967.863281 33384.449219 31491.279297
v 22839.322266 33394.371094 31434.103516
v 21759.882812 31129.779297 31472.484375
v 21178.816406 31167.255859 31507.628906
v 22247.544922 31303.261719 31530.941406
v 22320.394531 31339.654297 31523.093750
v 20939.318359 31304.599609 31554.679688
v 22314.037109 31348.517578 31471.068359
v 22344.917969 31399.207031 31408.218750
v 22429.443359 31415.574219 31473.494141
v 20777.414062 31444.455078 31487.437500
v 20798.837891 31690.896484 31439.640625
v 20837.957031 31851.105469 31494.253906
v 23323.539062 31938.371094 31508.658203
v 24005.804688 32323.210938 31325.992188
v 21496.039062 32321.177734 31384.765625
v 21895.929688 32647.701172 31450.580078
v 24016.617188 32710.337891 31479.884766
v 22084.652344 32848.617188 31468.398438
v 22169.847656 32952.976562 31480.042969
v 22319.611328 33097.753906 31460.013672
v 23878.511719 33064.648438 31512.185547
v 23798.777344 33116.574219 31543.378906
v 22341.417969 33184.433594 31540.839844
v 23682.826172 33208.429688 31550.986328
v 22384.140625 33200.785156 31492.384766
v 23344.236328 33356.734375 31467.982422
v 23235.097656 33372.753906 31430.367188
v 22713.582031 33397.023438 31448.976562
v 21527.083984 31125.169922 31515.216797
v 22042.619141 31226.492188 31544.705078
v 22141.074219 31256.197266 31532.000000
v 22111.007812 31282.136719 31618.263672
v 21062.056641 31256.140625 31589.558594
v 20986.068359 31309.917969 31621.486328
v 22390.205078 31367.031250 31540.564453
v 20856.609375 31354.832031 31528.728516
v 22495.240234 31419.699219 31539.591797
v 22611.369141 31513.708984 31477.007812
v 22633.771484 31562.851562 31420.677734
v 23216.646484 31960.564453 31659.066406
v 21215.382812 32190.492188 31485.312500
v 23790.925781 32251.628906 31568.955078
v 24018.552734 32373.833984 31329.863281
v 21342.359375 32287.033203 31513.703125
v 24025.773438 32418.089844 31326.425781
v 24027.310547 32526.367188 31306.152344
v 21764.359375 32622.841797 31548.148438
v 21940.687500 32778.214844 31541.349609
v 23648.000000 33282.882812 31491.937500
v 22504.361328 33343.953125 31481.763672
v 22946.447266 33368.085938 31552.441406
v 23176.445312 33370.843750 31476.761719
v 22586.769531 33400.351562 31477.523438
v 22739.839844 33401.132812 31491.761719
v 21331.566406 31186.900391 31619.925781
v 21292.316406 31211.703125 31664.097656
v 21859.826172 31188.033203 31571.710938
v 21913.863281 31175.087891 31511.658203
v 21227.509766 31190.087891 31577.507812
v 22239.041016 31334.751953 31633.595703
v 22293.287109 31333.447266 31573.429688
v 22367.695312 31367.472656 31605.158203
v 22534.984375 31425.675781 31607.080078
v 22635.431641 31467.548828 31599.953125
v 20894.025391 31368.898438 31615.222656
v 22658.351562 31506.390625 31534.798828
v 20765.503906 31511.542969 31524.476562
v 22811.931641 31610.640625 31497.300781
v 22863.156250 31622.769531 31556.177734
v 23122.617188 31861.623047 31618.009766
v 23442.900391 32031.035156 31541.185547
v 21244.138672 32251.238281 31590.808594
v 24018.667969 32469.318359 31413.480469
v 21691.355469 32550.408203 31535.187500
v 22250.871094 33082.601562 31523.884766
v 22395.281250 33238.046875 31561.541016
v 22497.748047 33291.832031 31562.939453
v 22577.410156 33315.597656 31571.921875
v 22688.316406 33299.433594 31643.917969
v 23577.886719 33244.265625 31574.498047
v 23519.078125 33319.867188 31496.908203
v 22709.324219 33344.933594 31572.796875
v 22655.863281 33393.296875 31504.417969
v 23338.275391 33342.863281 31525.101562
v 21171.277344 31232.937500 31634.941406
v 20822.576172 31409.425781 31554.039062
v 22740.000000 31541.302734 31567.271484
v 20791.097656 31464.730469 31563.015625
v 22836.730469 31613.595703 31600.576172
v 22974.015625 31710.412109 31551.740234
v 20770.154297 31661.089844 31494.132812
v 20748.462891 31759.853516 31607.703125
v 20809.808594 31881.152344 31589.601562
v 23306.437500 32002.843750 31626.863281
v 23867.322266 32272.404297 31517.410156
v 23891.453125 32369.343750 31628.000000
v 23977.789062 32334.464844 31422.019531
v 21424.853516 32374.216797 31575.201172
v 21821.199219 32694.568359 31572.167969
v 24001.921875 32750.484375 31567.078125
v 22199.617188 33076.949219 31585.126953
v 22309.328125 33174.687500 31596.333984
v 22528.523438 33268.718750 31630.634766
v 23505.052734 33273.972656 31575.339844
v 22768.791016 33301.226562 31688.132812
v 22838.667969 33338.933594 31608.833984
v 23114.867188 33356.996094 31562.769531
v 22800.396484 33378.730469 31533.283203
v 21893.316406 31276.800781 31726.500000
v 20920.179688 31373.470703 31681.128906
v 22508.263672 31435.414062 31661.802734
v 22653.599609 31498.197266 31663.884766
v 20830.208984 31447.177734 31671.593750
v 20775.685547 31508.232422 31621.144531
v 20750.365234 31571.888672 31585.798828
v 20746.046875 31622.623047 31571.564453
v 20776.376953 31797.472656 31574.039062
v 20936.718750 32021.976562 31617.031250
v 21007.771484 32070.394531 31579.404297
v 21099.699219 32126.375000 31533.126953
v 23713.259766 32246.873047 31627.644531
v 23932.798828 32337.410156 31520.031250
v 24001.072266 32421.353516 31467.531250
v 21519.539062 32440.033203 31568.539062
v 24021.437500 32570.390625 31447.220703
v 22001.832031 32894.527344 31597.873047
v 23939.361328 32920.191406 31576.558594
v 22063.986328 32968.851562 31611.453125
v 23675.771484 33158.000000 31609.406250
v 23241.152344 33236.894531 31794.228516
v 23199.048828 33296.234375 31676.462891
v 23337.244141 33277.500000 31655.025391
v 23051.318359 33309.722656 31684.822266
v 23295.199219 33316.992188 31597.162109
v 21423.628906 31164.425781 31597.501953
v 21099.476562 31276.095703 31682.195312
v 22440.269531 31419.058594 31680.271484
v 22800.792969 31615.031250 31664.271484
v 22979.261719 31741.679688 31613.542969
v 20807.191406 31912.234375 31670.580078
v 20882.705078 31981.703125 31648.607422
v 23345.265625 32069.281250 31683.929688
v 23499.283203 32152.714844 31665.181641
v 23974.333984 32401.417969 31532.265625
v 23992.431641 32488.240234 31607.197266
v 24011.824219 32508.007812 31520.710938
v 21560.236328 32501.525391 31612.921875
v 21716.042969 32674.185547 31658.812500
v 21869.802734 32799.687500 31636.273438
v 23971.964844 32830.523438 31608.841797
v 22117.511719 33048.164062 31656.320312
v 23848.968750 32990.054688 31630.433594
v 22405.851562 33224.078125 31641.470703
v 23620.574219 33121.722656 31711.099609
v 22329.421875 33192.101562 31643.398438
v 23523.546875 33191.648438 31687.398438
v 22794.384766 33281.007812 31800.953125
v 21437.767578 31207.490234 31704.804688
v 21639.115234 31177.873047 31616.912109
v 21752.896484 31179.037109 31593.064453
v 20755.984375 31549.095703 31642.994141
v 20695.224609 31671.419922 31717.837891
v 20743.400391 31668.242188 31581.810547
v 20690.669922 31742.226562 31721.871094
v 23029.351562 31819.933594 31676.267578
v 20761.642578 31848.386719 31653.146484
v 23419.179688 32197.339844 31789.761719
v 23904.255859 32435.699219 31697.343750
v 23970.173828 32452.841797 31629.826172
v 21544.804688 32538.111328 31681.697266
v 24002.486328 32638.525391 31617.750000
v 23705.425781 33077.687500 31688.925781
v 22189.898438 33115.140625 31681.871094
v 22290.773438 33173.996094 31787.408203
v 22437.220703 33225.550781 31716.529297
v 22622.966797 33269.996094 31726.187500
v 23415.175781 33223.257812 31714.544922
v 22901.542969 33320.351562 31664.371094
v 21527.595703 31174.308594 31623.046875
v 21019.962891 31338.564453 31791.867188
v 22218.873047 31372.214844 31727.351562
v 20819.251953 31468.298828 31778.191406
v 22632.029297 31547.919922 31770.183594
v 22714.824219 31580.902344 31724.226562
v 22884.839844 31697.976562 31680.572266
v 20754.083984 31852.992188 31704.693359
v 20802.398438 31910.263672 31772.677734
v 21198.230469 32241.822266 31658.601562
v 23550.326172 32260.080078 31766.833984
v 21341.041016 32347.908203 31648.367188
v 23944.300781 32440.755859 31658.281250
v 24011.417969 32547.808594 31576.134766
v 23987.615234 32724.517578 31635.923828
v 22227.742188 33149.761719 31767.330078
v 21309.949219 31244.873047 31773.408203
v 21196.017578 31253.505859 31718.878906
v 21448.679688 31238.330078 31785.378906
v 21762.353516 31269.109375 31766.986328
v 20994.556641 31334.277344 31707.705078
v 21988.593750 31280.478516 31689.689453
v 20908.460938 31395.265625 31755.236328
v 22477.355469 31475.687500 31765.105469
v 22581.488281 31508.314453 31750.500000
v 20779.984375 31514.916016 31745.386719
v 20694.531250 31753.908203 31744.486328
v 20863.107422 31973.671875 31750.576172
v 21118.306641 32199.982422 31721.671875
v 23509.888672 32215.673828 31740.587891
v 21345.109375 32402.447266 31748.972656
v 23796.103516 32327.435547 31667.876953
v 21430.433594 32432.910156 31673.367188
v 23973.144531 32534.410156 31703.482422
v 23988.927734 32627.822266 31672.445312
v 23909.537109 32855.316406 31709.773438
v 21910.992188 32883.386719 31687.566406
v 23781.957031 33049.765625 31636.582031
v 22138.507812 33107.437500 31764.771484
v 23123.419922 33261.343750 31792.669922
v 22084.585938 31377.808594 31814.814453
v 22276.927734 31423.357422 31791.736328
v 20701.316406 31640.820312 31777.414062
v 20693.492188 31715.671875 31775.427734
v 23054.576172 31906.375000 31770.394531
v 21274.494141 32329.464844 31725.941406
v 23609.828125 32367.562500 31847.058594
v 23763.914062 32422.373047 31791.160156
v 21441.515625 32527.333984 31800.283203
v 23944.064453 32568.654297 31747.437500
v 21588.201172 32608.564453 31722.482422
v 23957.681641 32707.742188 31705.472656
v 23943.537109 32802.871094 31692.765625
v 21874.425781 32937.027344 31802.669922
v 21985.613281 32973.175781 31717.615234
v 21680.890625 31236.023438 31729.820312
v 21829.892578 31357.759766 31906.517578
v 20833.054688 31455.003906 31885.646484
v 22741.351562 31722.937500 31910.552734
v 22843.585938 31729.611328 31788.296875
v 20918.923828 32036.701172 31862.671875
v 20961.736328 32074.140625 31798.826172
v 21001.980469 32102.966797 31741.021484
v 23423.503906 32281.593750 31891.037109
v 23953.726562 32624.048828 31735.666016
v 23911.476562 32710.115234 31778.324219
v 23802.873047 32907.296875 31811.144531
v 22022.607422 33031.351562 31764.736328
v 22097.482422 33101.820312 31839.855469
v 22391.992188 31526.162109 31909.535156
v 22530.589844 31563.464844 31881.296875
v 20739.814453 31789.324219 31859.470703
v 22780.341797 31792.906250 31968.015625
v 20806.236328 31904.507812 31867.056641
v 23222.414062 32081.972656 31819.925781
v 21165.287109 32269.080078 31813.351562
v 21337.218750 32442.986328 31831.644531
v 21396.019531 32531.816406 31874.371094
v 23764.099609 32492.261719 31851.718750
v 23933.373047 32489.158203 31720.816406
v 21504.156250 32608.457031 31826.234375
v 23892.304688 32743.492188 31791.843750
v 21718.841797 32774.546875 31769.470703
v 23852.835938 32828.656250 31803.876953
v 21746.458984 32870.109375 31857.587891
v 23683.605469 32978.265625 31864.531250
v 23555.427734 33054.585938 31885.957031
v 23658.744141 33035.082031 31807.974609
v 22363.785156 33191.359375 31909.191406
v 22523.771484 33236.453125 31834.554688
v 22863.054688 33262.066406 31871.566406
v 21603.539062 31226.906250 31732.173828
v 21123.414062 31298.941406 31804.708984
v 21020.748047 31349.466797 31899.046875
v 20934.937500 31386.769531 31862.626953
v 20729.339844 31580.162109 31848.123047
v 22614.291016 31627.017578 31908.728516
v 20754.187500 31835.066406 31808.398438
v 23703.794922 32526.105469 31925.664062
v 21522.521484 32697.888672 31912.822266
v 23870.085938 32568.083984 31820.646484
v 23823.121094 32627.410156 31880.404297
v 21628.912109 32804.703125 31909.929688
v 23843.039062 32689.542969 31859.558594
v 21930.847656 33005.992188 31844.039062
v 21998.558594 33058.582031 31864.324219
v 22108.441406 33113.792969 31885.910156
v 22124.605469 33123.875000 31938.242188
v 23465.035156 33137.292969 31831.218750
v 22697.550781 33267.441406 31838.349609
v 21718.023438 31342.755859 31930.435547
v 22869.046875 31841.666016 31918.962891
v 20884.832031 31998.564453 31920.152344
v 22986.417969 31967.667969 31939.412109
v 23122.863281 32017.251953 31841.037109
v 21038.830078 32154.933594 31829.695312
v 23299.554688 32172.125000 31861.265625
v 21262.488281 32364.224609 31822.658203
v 23366.117188 32308.617188 31975.746094
v 21282.105469 32431.078125 31911.066406
v 23766.560547 32600.082031 31918.261719
v 23872.347656 32631.839844 31835.544922
v 23765.611328 32718.498047 31939.542969
v 23810.361328 32792.433594 31867.341797
v 23734.990234 32865.324219 31908.904297
v 21854.894531 33017.488281 31962.238281
v 22304.779297 33177.496094 31857.798828
v 23005.126953 33243.875000 31886.798828
v 21225.763672 31286.839844 31880.982422
v 21148.820312 31303.353516 31869.578125
v 21258.843750 31294.816406 31931.019531
v 20904.197266 31400.525391 32035.332031
v 20760.148438 31522.957031 31911.660156
v 20716.714844 31633.796875 31879.859375
v 22529.308594 31619.986328 31975.009766
v 22673.867188 31663.343750 31900.503906
v 20728.441406 31723.949219 31910.132812
v 20996.384766 32124.195312 31897.677734
v 21099.271484 32251.529297 31967.322266
v 23178.876953 32189.302734 32007.031250
v 21121.177734 32251.054688 31887.167969
v 21183.888672 32326.984375 31916.296875
v 23620.205078 32453.953125 31929.792969
v 23672.984375 32914.707031 31933.369141
v 21799.390625 32951.593750 31908.519531
v 21955.427734 33065.464844 31960.759766
v 23467.111328 33083.609375 31915.917969
v 23344.914062 33143.191406 31916.183594
v 23268.125000 33196.648438 31865.267578
v 21363.880859 31275.820312 31889.794922
v 21089.056641 31333.912109 31973.449219
v 21947.847656 31377.078125 31884.521484
v 20719.279297 31682.560547 31900.880859
v 23125.394531 32113.402344 31968.796875
v 21360.916016 32563.626953 31977.707031
v 21468.923828 32722.902344 32023.697266
v 21679.220703 32903.613281 31985.234375
v 23609.585938 33003.117188 31905.771484
v 23376.931641 33099.742188 31961.826172
v 23112.367188 33205.695312 31932.730469
v 21430.650391 31303.720703 31948.775391
v 20861.253906 31429.609375 31950.554688
v 20764.669922 31498.244141 32008.304688
v 21951.314453 31509.876953 32123.798828
v 22447.238281 31657.953125 32108.056641
v 22604.177734 31683.460938 32009.787109
v 22700.173828 31769.371094 32037.910156
v 23049.031250 32002.005859 31906.281250
v 22999.451172 32078.894531 32081.802734
v 21246.515625 32476.011719 32065.257812
v 21298.875000 32530.699219 32044.664062
v 23472.044922 32396.494141 31988.957031
v 23686.074219 32807.234375 31985.820312
v 22056.216797 33104.960938 32035.363281
v 23233.052734 33167.890625 31940.253906
v 22454.431641 33204.843750 31964.896484
v 22618.656250 33232.015625 31953.238281
v 20985.335938 31369.261719 32059.453125
v 21152.398438 31321.476562 31982.611328
v 20835.511719 31486.621094 32103.072266
v 20731.056641 31554.414062 32016.128906
v 22391.246094 31566.576172 31980.517578
v 22634.603516 31755.878906 32102.144531
v 20761.470703 31774.689453 31985.048828
v 23054.617188 32214.820312 32190.687500
v 21221.984375 32397.974609 31974.443359
v 23688.259766 32567.832031 31968.265625
v 23682.994141 32654.304688 32014.679688
v 23679.537109 32732.710938 32017.962891
v 21562.623047 32789.488281 31977.789062
v 21627.746094 32916.582031 32082.044922
v 23586.533203 32906.222656 32018.474609
v 23561.179688 32956.398438 31997.179688
v 21734.455078 32972.742188 32031.115234
v 21847.042969 33033.125000 32054.757812
v 23429.671875 33017.644531 32036.388672
v 23164.697266 33162.484375 31989.109375
v 23266.296875 33107.304688 32020.257812
v 22314.988281 33161.140625 32073.300781
v 22667.328125 33226.730469 31980.632812
v 22770.367188 33243.113281 31938.052734
v 21273.623047 31307.548828 31976.656250
v 21311.623047 31332.542969 32043.056641
v 21470.421875 31333.187500 32006.824219
v 20884.050781 31430.751953 32110.628906
v 21719.470703 31480.533203 32192.271484
v 20779.138672 31755.826172 32101.896484
v 20939.242188 32064.269531 31948.414062
v 20964.664062 32099.423828 32030.347656
v 21088.201172 32266.912109 32072.455078
v 23515.251953 32503.890625 32067.642578
v 23615.115234 32602.074219 32050.828125
v 21488.031250 32788.574219 32102.882812
v 21719.214844 32974.863281 32100.400391
v 21850.828125 33033.667969 32109.351562
v 23367.570312 33034.167969 32059.621094
v 22332.296875 33176.179688 31998.003906
v 22455.283203 33189.300781 32032.818359
v 22856.894531 33178.351562 32070.527344
v 22571.464844 33170.820312 32107.189453
v 22774.236328 33198.136719 32051.119141
v 21028.107422 31357.367188 32089.605469
v 21210.666016 31352.935547 32113.398438
v 20922.550781 31405.789062 32118.326172
v 21519.841797 31370.115234 32071.109375
v 21610.419922 31339.640625 31971.562500
v 20776.761719 31643.441406 32095.894531
v 20758.925781 31697.484375 32059.193359
v 22553.751953 31691.925781 32079.070312
v 20812.933594 31873.542969 32031.189453
v 20825.226562 31908.906250 31981.388672
v 20859.671875 31963.214844 31965.925781
v 21047.142578 32208.933594 32041.072266
v 23192.269531 32300.326172 32142.224609
v 21137.707031 32346.341797 32108.273438
v 23321.966797 32343.742188 32065.162109
v 23407.408203 32496.630859 32155.611328
v 21375.484375 32656.318359 32095.564453
v 23603.039062 32649.527344 32081.980469
v 23630.541016 32699.343750 32061.777344
v 21599.929688 32893.929688 32131.742188
v 22152.933594 33129.089844 32056.160156
v 23020.732422 33154.519531 32058.910156
v 21342.984375 31373.791016 32139.697266
v 22772.765625 31874.310547 32112.644531
v 22887.806641 31981.673828 32103.505859
v 20961.609375 32094.480469 32099.607422
v 21153.962891 32338.808594 32030.312500
v 23346.111328 32416.591797 32127.951172
v 23473.748047 32611.923828 32176.111328
v 21427.724609 32751.580078 32177.400391
v 21540.591797 32839.929688 32199.179688
v 23509.582031 32905.269531 32080.781250
v 22026.488281 33087.031250 32123.539062
v 23234.277344 33079.007812 32073.234375
v 22153.892578 33113.382812 32163.925781
v 23121.283203 33114.882812 32079.212891
v 22498.359375 33175.167969 32088.009766
v 21094.642578 31356.076172 32121.863281
v 20835.761719 31550.826172 32152.269531
v 20809.617188 31596.371094 32134.013672
v 22186.189453 31579.808594 32125.789062
v 22678.130859 31845.666016 32206.201172
v 20893.593750 31996.250000 32067.679688
v 20927.173828 32034.351562 32162.316406
v 21049.296875 32225.046875 32157.869141
v 21116.417969 32330.371094 32164.304688
v 23502.703125 32560.738281 32121.839844
v 21291.259766 32573.406250 32145.990234
v 23528.160156 32669.185547 32150.947266
v 21352.867188 32662.927734 32189.298828
v 23574.894531 32786.859375 32091.457031
v 21684.720703 32934.789062 32227.404297
v 23507.691406 32801.289062 32132.851562
v 23416.691406 32970.492188 32093.937500
v 21791.361328 32994.160156 32197.232422
v 23338.554688 33016.441406 32098.275391
v 23282.906250 33000.093750 32140.060547
v 22398.363281 33129.425781 32189.347656
v 22959.853516 33132.015625 32122.888672
v 21344.367188 31405.207031 32212.986328
v 21605.369141 31418.878906 32133.906250
v 20811.419922 31705.072266 32167.230469
v 20893.541016 31604.595703 32258.248047
v 22492.435547 31756.517578 32272.035156
v 20832.568359 31843.132812 32181.544922
v 22769.164062 31941.244141 32227.914062
v 23133.621094 32314.726562 32220.392578
v 21179.025391 32438.230469 32198.949219
v 23473.412109 32677.330078 32183.857422
v 21405.441406 32719.597656 32221.412109
v 21555.781250 32819.207031 32300.224609
v 21610.025391 32876.566406 32241.443359
v 23307.296875 32938.511719 32179.927734
v 23054.269531 33079.613281 32156.453125
v 21940.546875 33048.632812 32216.628906
v 22606.416016 33132.546875 32187.789062
v 22333.792969 33146.148438 32134.310547
v 21015.789062 31386.265625 32171.976562
v 21078.994141 31393.667969 32213.683594
v 21169.548828 31375.164062 32180.082031
v 22558.763672 31775.464844 32237.951172
v 20866.345703 31713.300781 32247.578125
v 20800.775391 31820.597656 32103.320312
v 20877.404297 31947.476562 32161.375000
v 20987.306641 32126.826172 32198.066406
v 23265.433594 32435.125000 32220.189453
v 21233.132812 32519.644531 32245.113281
v 23406.402344 32767.005859 32201.359375
v 23409.511719 32890.105469 32155.996094
v 23267.183594 32894.753906 32220.830078
v 21782.175781 32972.417969 32269.515625
v 23118.365234 33031.507812 32179.419922
v 22169.650391 33100.093750 32212.005859
v 22977.308594 33062.300781 32203.117188
v 22768.390625 33149.140625 32140.500000
v 22895.185547 33114.207031 32170.605469
v 21070.474609 31412.626953 32245.105469
v 22283.746094 31630.851562 32168.283203
v 22426.566406 31717.513672 32248.638672
v 22674.257812 31886.818359 32294.808594
v 20892.878906 31827.804688 32277.400391
v 22864.287109 32028.888672 32209.558594
v 20962.765625 32074.783203 32252.351562
v 21316.187500 32586.544922 32376.640625
v 23338.185547 32738.794922 32242.201172
v 21475.945312 32770.144531 32271.097656
v 23321.068359 32816.417969 32231.066406
v 21613.537109 32839.160156 32347.867188
v 23196.642578 32961.492188 32208.812500
v 22586.441406 33101.750000 32236.996094
v 22260.052734 33100.195312 32228.187500
v 22436.400391 33088.234375 32258.617188
v 22654.001953 33116.050781 32214.693359
v 22671.296875 33082.328125 32248.667969
v 22822.921875 33088.382812 32216.328125
v 21231.863281 31379.488281 32188.871094
v 20980.132812 31452.302734 32254.054688
v 20915.632812 31495.525391 32224.632812
v 21988.371094 31629.285156 32334.541016
v 22872.007812 32078.945312 32267.414062
v 20976.875000 32074.218750 32299.439453
v 21046.884766 32220.589844 32265.023438
v 23085.796875 32327.437500 32276.349609
v 23362.314453 32525.500000 32212.958984
v 23134.359375 32926.558594 32255.169922
v 22014.529297 33044.320312 32290.662109
v 22568.960938 33057.796875 32284.611328
v 22862.396484 33035.292969 32259.626953
v 22330.812500 33057.074219 32299.685547
v 21242.298828 31418.777344 32265.431641
v 21420.281250 31447.208984 32263.689453
v 21600.662109 31494.138672 32270.306641
v 22616.759766 31815.146484 32242.035156
v 20962.583984 31938.535156 32330.199219
v 20896.605469 31949.226562 32242.136719
v 23006.871094 32208.906250 32241.464844
v 21022.759766 32159.001953 32334.546875
v 21100.142578 32311.953125 32230.207031
v 23169.277344 32442.916016 32301.789062
v 23343.722656 32581.998047 32249.140625
v 23344.207031 32636.736328 32252.875000
v 21744.777344 32938.496094 32309.966797
v 23145.761719 32837.699219 32290.523438
v 21815.337891 32950.859375 32361.156250
v 22699.841797 33021.207031 32295.980469
v 22174.871094 33045.414062 32322.958984
v 23008.039062 32967.960938 32269.589844
v 23048.285156 32997.031250 32236.289062
v 22437.585938 33030.695312 32321.996094
v 21046.470703 31472.462891 32297.048828
v 21284.875000 31474.082031 32328.787109
v 21515.382812 31522.085938 32349.058594
v 20971.027344 31587.261719 32322.132812
v 21856.007812 31594.373047 32332.669922
v 20931.917969 31713.017578 32315.435547
v 22137.984375 31660.783203 32317.253906
v 20938.333984 31969.650391 32296.605469
v 22891.535156 32137.369141 32308.515625
v 22985.937500 32254.992188 32308.337891
v 21083.058594 32270.265625 32358.652344
v 23069.230469 32367.996094 32321.003906
v 21172.730469 32439.839844 32304.197266
v 23227.611328 32523.777344 32299.531250
v 23189.318359 32585.742188 32330.716797
v 21223.849609 32514.513672 32320.615234
v 21299.599609 32592.232422 32316.277344
v 21504.755859 32751.195312 32360.626953
v 23171.994141 32664.236328 32329.115234
v 21615.164062 32804.222656 32420.007812
v 23192.695312 32783.101562 32293.792969
v 23032.900391 32776.843750 32347.121094
v 21710.115234 32868.460938 32417.591797
v 21867.257812 32959.289062 32384.050781
v 22583.667969 32990.367188 32335.318359
v 22749.976562 32979.824219 32315.357422
v 22914.533203 32923.511719 32316.509766
v 21910.199219 33008.054688 32314.052734
v 22461.414062 32987.878906 32358.435547
v 23028.830078 32899.656250 32301.189453
v 22062.212891 33039.851562 32318.591797
v 21025.658203 31536.832031 32327.060547
v 21152.611328 31453.093750 32304.191406
v 21408.382812 31507.937500 32357.455078
v 21001.281250 31702.173828 32362.976562
v 22336.201172 31710.738281 32303.273438
v 20983.402344 31879.039062 32356.242188
v 22782.449219 32015.775391 32325.494141
v 22820.193359 32088.164062 32358.783203
v 21027.289062 32011.748047 32381.476562
v 22912.185547 32216.447266 32355.572266
v 22975.070312 32301.980469 32352.218750
v 23014.242188 32402.625000 32371.941406
v 21106.257812 32320.234375 32326.017578
v 23073.097656 32498.957031 32367.187500
v 21438.763672 32679.316406 32392.648438
v 23033.685547 32703.980469 32366.703125
v 22814.460938 32857.425781 32366.966797
v 22879.585938 32775.308594 32383.417969
v 22558.650391 32887.617188 32410.435547
v 22476.480469 32924.761719 32406.179688
v 22641.203125 32932.210938 32363.542969
v 22746.427734 32914.171875 32353.472656
v 22948.291016 32832.320312 32349.876953
v 22227.183594 32956.585938 32445.720703
v 22340.154297 32964.527344 32406.244141
v 21978.513672 32995.179688 32385.093750
v 22161.658203 32993.781250 32403.824219
v 21162.255859 31532.365234 32373.343750
v 21110.494141 31599.701172 32394.509766
v 21275.644531 31524.101562 32383.597656
v 21412.722656 31572.935547 32429.433594
v 21041.296875 31634.189453 32372.164062
v 22544.238281 31840.808594 32416.021484
v 21015.515625 31775.572266 32380.560547
v 22716.341797 32013.123047 32444.185547
v 22846.076172 32160.292969 32393.734375
v 21019.261719 32092.468750 32357.343750
v 22960.201172 32357.082031 32387.888672
v 22952.878906 32431.560547 32408.552734
v 22861.802734 32378.283203 32456.263672
v 23144.117188 32498.513672 32335.527344
v 22792.224609 32567.347656 32460.226562
v 22928.609375 32550.189453 32416.822266
v 22953.439453 32489.632812 32411.501953
v 21201.894531 32454.808594 32430.996094
v 22888.613281 32611.324219 32421.136719
v 23065.630859 32601.566406 32372.898438
v 22684.300781 32620.347656 32486.146484
v 22753.787109 32770.414062 32415.421875
v 22820.556641 32683.587891 32424.072266
v 22678.792969 32852.128906 32399.367188
v 22568.589844 32795.566406 32457.714844
v 22406.119141 32882.347656 32459.957031
v 21746.515625 32868.191406 32455.974609
v 21236.773438 31591.394531 32428.171875
v 21546.882812 31607.582031 32457.195312
v 21169.146484 31684.617188 32448.523438
v 21124.937500 31702.738281 32436.548828
v 22253.980469 31754.320312 32447.488281
v 21144.687500 31771.724609 32455.916016
v 22420.677734 31797.513672 32435.843750
v 22627.009766 31914.578125 32440.888672
v 21100.011719 31813.289062 32435.498047
v 21072.232422 31919.160156 32422.652344
v 22686.742188 31955.615234 32404.117188
v 22861.486328 32225.968750 32417.574219
v 22890.175781 32310.437500 32425.457031
v 21070.328125 32227.707031 32379.089844
v 21118.044922 32285.550781 32437.365234
v 21147.107422 32378.513672 32409.539062
v 22819.658203 32398.550781 32478.718750
v 21324.556641 32550.566406 32457.093750
v 21394.707031 32619.056641 32429.726562
v 22065.343750 32976.957031 32428.716797
v 21332.148438 31647.314453 32476.316406
v 21386.119141 31608.625000 32459.392578
v 21260.603516 31677.851562 32474.767578
v 21727.386719 31589.437500 32380.414062
v 21280.574219 31807.812500 32525.771484
v 21208.066406 31915.679688 32516.785156
v 22478.404297 31838.308594 32481.519531
v 22831.951172 32274.662109 32468.119141
v 21635.406250 31619.695312 32455.591797
v 21338.792969 31768.214844 32530.966797
v 21132.935547 32090.322266 32477.902344
v 21106.123047 32159.355469 32450.041016
v 21204.740234 32285.062500 32523.925781
v 21188.576172 32381.070312 32474.958984
v 21238.507812 32453.251953 32483.326172
v 22424.601562 32783.550781 32515.867188
v 21922.003906 32949.273438 32430.912109
v 22082.736328 32935.855469 32479.730469
v 21439.054688 31649.128906 32497.582031
v 21891.375000 31675.115234 32461.712891
v 22044.671875 31738.884766 32508.375000
v 22123.257812 31743.496094 32488.019531
v 22321.574219 31816.746094 32525.656250
v 21269.042969 31880.218750 32538.626953
v 22523.183594 31880.455078 32518.505859
v 22628.310547 31970.878906 32525.816406
v 21184.322266 32039.919922 32515.335938
v 22741.599609 32077.623047 32475.677734
v 21257.328125 32232.820312 32565.839844
v 22753.160156 32488.544922 32495.664062
v 22536.224609 32686.835938 32518.605469
v 21852.378906 32908.437500 32467.902344
v 22256.447266 32852.242188 32528.031250
v 22170.630859 32895.378906 32513.839844
v 21402.800781 31730.125000 32531.447266
v 21577.660156 31710.394531 32540.054688
v 21676.699219 31703.542969 32534.597656
v 21733.550781 31682.494141 32509.472656
v 21961.580078 31743.882812 32538.716797
v 21344.419922 31922.337891 32575.023438
v 22426.750000 31895.179688 32571.955078
v 22739.548828 32131.966797 32518.113281
v 22677.421875 32359.121094 32562.552734
v 21245.414062 32361.919922 32542.279297
v 21328.673828 32502.271484 32515.570312
v 21423.878906 32599.750000 32481.937500
v 21769.642578 32843.558594 32505.837891
v 22309.382812 32770.562500 32561.611328
v 21935.208984 32898.058594 32505.630859
v 21525.335938 31743.685547 32555.902344
v 21467.962891 31786.548828 32568.546875
v 21587.673828 31786.279297 32579.353516
v 21846.611328 31760.406250 32568.201172
v 22017.175781 31809.076172 32583.154297
v 22170.488281 31790.046875 32537.298828
v 22168.001953 31819.308594 32566.611328
v 22676.238281 32053.025391 32550.453125
v 21292.511719 32087.482422 32577.664062
v 22741.466797 32252.093750 32542.699219
v 22660.693359 32260.785156 32585.390625
v 21286.847656 32353.830078 32569.300781
v 22596.851562 32402.087891 32587.810547
v 22545.699219 32570.675781 32560.140625
v 22515.417969 32439.251953 32608.085938
v 21438.230469 32568.574219 32522.429688
v 21534.628906 32698.236328 32474.947266
v 21692.140625 32812.664062 32486.056641
v 22376.724609 32687.816406 32580.773438
v 22143.878906 32827.808594 32566.785156
v 21818.027344 32826.101562 32540.537109
v 22044.841797 32871.523438 32544.654297
v 21712.380859 31795.437500 32592.185547
v 21414.576172 31844.628906 32577.300781
v 21605.105469 31857.619141 32605.664062
v 21819.896484 31823.445312 32602.810547
v 21980.820312 31833.580078 32600.792969
v 21467.685547 31955.041016 32608.330078
v 21986.763672 31874.578125 32618.123047
v 22159.628906 31856.152344 32592.421875
v 22310.976562 31869.517578 32579.185547
v 22319.544922 31932.796875 32608.958984
v 21416.509766 31999.462891 32604.734375
v 22504.234375 32050.224609 32609.789062
v 22505.335938 32143.900391 32627.783203
v 22574.550781 31982.263672 32568.947266
v 22603.994141 32060.800781 32587.005859
v 21329.449219 32123.562500 32593.798828
v 22429.197266 32196.472656 32645.363281
v 22678.488281 32112.027344 32573.138672
v 22417.955078 32281.759766 32646.796875
v 21336.041016 32243.935547 32596.625000
v 22309.064453 32253.837891 32658.912109
v 22589.595703 32219.341797 32612.947266
v 21391.843750 32321.990234 32607.746094
v 22531.708984 32304.812500 32625.449219
v 21367.371094 32473.371094 32551.378906
v 22272.757812 32429.431641 32649.013672
v 21437.388672 32471.576172 32579.802734
v 21490.279297 32448.085938 32604.404297
v 22181.212891 32357.306641 32658.546875
v 22049.964844 32573.455078 32644.373047
v 21521.154297 32591.382812 32549.000000
v 22441.966797 32448.169922 32625.765625
v 22344.652344 32496.705078 32632.197266
v 21651.857422 32679.333984 32554.972656
v 22018.460938 32514.316406 32652.632812
v 22389.666016 32605.966797 32601.779297
v 21643.056641 32728.152344 32521.945312
v 22222.384766 32642.277344 32622.283203
v 22088.300781 32683.050781 32618.972656
v 22257.023438 32682.810547 32607.175781
v 21906.089844 32705.871094 32602.464844
v 22064.808594 32747.138672 32600.357422
v 22158.236328 32714.169922 32608.242188
v 22226.904297 32750.742188 32588.164062
v 21911.398438 32775.343750 32576.470703
v 21586.972656 31996.816406 32626.755859
v 21557.292969 31924.515625 32614.515625
v 21690.484375 31872.324219 32616.353516
v 21689.966797 31939.798828 32627.220703
v 21803.152344 31900.552734 32622.773438
v 22006.791016 31928.589844 32633.255859
v 21540.968750 32090.367188 32631.679688
v 21712.357422 32068.638672 32638.523438
v 21832.406250 31995.576172 32637.312500
v 21999.115234 31974.390625 32641.386719
v 22010.537109 32035.267578 32647.054688
v 22183.267578 31919.878906 32620.632812
v 21620.933594 32085.492188 32637.335938
v 22140.042969 31996.626953 32642.460938
v 22227.035156 32008.835938 32643.816406
v 21922.628906 32114.445312 32648.835938
v 22407.429688 31991.179688 32615.140625
v 21812.410156 32181.802734 32647.503906
v 22205.933594 32106.113281 32656.167969
v 22359.390625 32082.789062 32645.847656
v 21539.447266 32176.427734 32635.275391
v 21420.675781 32183.980469 32616.988281
v 22302.742188 32139.132812 32659.185547
v 21591.882812 32292.968750 32635.720703
v 21443.169922 32250.000000 32622.625000
v 22165.564453 32185.367188 32660.824219
v 21530.080078 32360.785156 32628.527344
v 21715.714844 32248.593750 32643.042969
v 22075.921875 32271.585938 32660.607422
v 21992.789062 32407.957031 32656.908203
v 21904.826172 32298.673828 32653.316406
v 21836.646484 32410.818359 32647.800781
v 22071.179688 32449.345703 32655.281250
v 21692.832031 32431.919922 32632.664062
v 21547.714844 32550.371094 32581.476562
v 21558.484375 32417.494141 32623.593750
v 21929.496094 32434.296875 32654.804688
v 21809.169922 32529.458984 32635.931641
v 21684.916016 32618.078125 32594.257812
v 21709.599609 32564.437500 32612.671875
v 21926.306641 32504.855469 32650.753906
v 21859.039062 32579.130859 32633.751953
v 21786.353516 32706.728516 32583.441406
v 21811.572266 32630.394531 32612.777344
v 21948.882812 32631.585938 32633.273438
# 1545 vertices, 0 vertices normals

f 1 5 8
f 1 8 3
f 8 2 3
f 1 3 13
f 17 5 6
f 7 4 18
f 6 5 1
f 7 8 5
f 1 9 6
f 7 18 10
f 7 10 8
f 20 11 18
f 10 12 8
f 13 9 1
f 18 11 10
f 12 2 8
f 11 22 10
f 10 22 12
f 12 14 2
f 12 22 14
f 13 3 24
f 2 47 3
f 3 47 26
f 3 26 24
f 5 16 15
f 5 17 16
f 15 4 7
f 15 7 5
f 18 4 27
f 27 19 18
f 9 39 6
f 9 29 39
f 28 20 19
f 19 20 18
f 9 23 29
f 20 32 11
f 32 33 11
f 13 23 9
f 33 21 11
f 21 22 11
f 21 36 22
f 24 23 13
f 25 2 14
f 47 2 25
f 22 36 14
f 35 25 14
f 4 49 27
f 27 40 41
f 41 19 27
f 42 28 41
f 41 28 19
f 28 42 30
f 28 30 20
f 23 31 29
f 30 32 20
f 30 43 32
f 23 34 31
f 43 44 32
f 32 44 33
f 44 55 33
f 33 55 21
f 24 34 23
f 21 55 56
f 21 56 36
f 35 14 36
f 37 24 26
f 37 34 24
f 26 47 59
f 26 59 37
f 16 17 38
f 38 17 6
f 39 48 6
f 50 40 49
f 49 40 27
f 65 42 41
f 51 30 42
f 51 43 30
f 34 45 31
f 44 53 55
f 56 55 57
f 55 90 57
f 46 36 56
f 36 46 35
f 35 60 25
f 25 60 73
f 25 73 47
f 47 73 61
f 47 61 59
f 38 6 48
f 49 4 15
f 64 50 49
f 50 65 41
f 50 41 40
f 77 42 65
f 77 51 42
f 52 43 51
f 43 53 44
f 54 43 68
f 54 53 43
f 55 53 54
f 34 69 45
f 55 54 90
f 37 69 34
f 37 58 69
f 56 57 46
f 72 35 46
f 72 60 35
f 58 37 59
f 61 80 59
f 74 49 15
f 74 15 16
f 74 16 84
f 84 16 62
f 62 16 38
f 48 76 38
f 48 63 76
f 64 49 75
f 48 39 63
f 65 66 99
f 64 66 50
f 65 50 66
f 67 51 77
f 67 52 51
f 102 52 87
f 102 68 52
f 68 43 52
f 71 57 70
f 71 46 57
f 72 46 71
f 80 61 73
f 81 59 80
f 81 58 59
f 73 93 80
f 74 75 49
f 230 62 38
f 38 76 230
f 83 64 75
f 98 66 83
f 83 66 64
f 99 77 65
f 31 232 29
f 87 52 67
f 69 89 45
f 103 78 68
f 78 54 68
f 58 89 69
f 78 88 54
f 88 90 54
f 79 57 90
f 79 70 57
f 81 91 58
f 82 72 71
f 93 73 60
f 72 82 92
f 72 92 60
f 60 92 93
f 93 94 80
f 80 94 96
f 80 96 81
f 74 97 75
f 84 97 74
f 187 84 62
f 230 187 62
f 77 99 86
f 85 99 66
f 85 66 98
f 86 116 77
f 100 67 77
f 100 77 116
f 87 67 100
f 106 88 78
f 91 89 58
f 88 106 107
f 88 107 90
f 107 79 90
f 79 119 70
f 109 82 71
f 110 82 109
f 92 82 110
f 111 81 96
f 111 91 81
f 70 109 71
f 95 92 110
f 92 95 93
f 93 95 121
f 93 121 94
f 94 121 96
f 121 112 96
f 83 97 114
f 97 83 75
f 113 98 83
f 123 85 98
f 124 116 86
f 29 232 39
f 138 87 100
f 138 126 87
f 126 102 87
f 101 102 126
f 101 103 102
f 103 68 102
f 101 128 103
f 128 105 103
f 103 105 78
f 91 117 89
f 91 104 117
f 105 106 78
f 111 104 91
f 107 130 79
f 119 118 70
f 70 118 108
f 109 70 108
f 120 95 110
f 112 111 96
f 109 120 110
f 95 120 121
f 83 114 113
f 113 123 98
f 115 135 137
f 99 85 115
f 85 135 115
f 115 86 99
f 115 124 86
f 125 116 124
f 116 125 100
f 125 138 100
f 89 594 45
f 128 155 105
f 129 106 105
f 106 129 143
f 130 107 106
f 111 131 104
f 130 119 79
f 130 156 119
f 146 111 112
f 146 131 111
f 108 145 109
f 109 132 120
f 120 159 121
f 121 122 112
f 121 159 122
f 97 134 114
f 84 174 97
f 148 123 113
f 135 85 123
f 39 232 63
f 124 115 137
f 31 45 232
f 127 101 126
f 104 142 117
f 129 105 155
f 131 142 104
f 129 166 143
f 106 143 130
f 118 119 156
f 144 118 156
f 144 108 118
f 132 109 145
f 132 159 120
f 112 122 133
f 112 133 146
f 199 174 84
f 137 135 151
f 136 135 123
f 137 163 124
f 164 124 163
f 164 125 124
f 152 125 164
f 125 152 138
f 126 138 139
f 139 127 126
f 140 128 127
f 128 101 127
f 128 154 155
f 129 155 141
f 143 156 130
f 156 168 144
f 145 108 144
f 158 159 132
f 146 133 160
f 136 148 147
f 149 148 113
f 150 113 114
f 150 149 113
f 134 150 114
f 174 134 97
f 187 200 84
f 137 151 162
f 162 151 172
f 136 123 148
f 162 163 137
f 139 138 152
f 127 165 140
f 140 153 128
f 153 154 128
f 131 219 142
f 141 166 129
f 131 157 219
f 146 157 131
f 170 132 145
f 170 158 132
f 160 157 146
f 158 161 159
f 161 133 122
f 159 161 122
f 136 147 173
f 149 147 148
f 200 199 84
f 184 151 173
f 172 151 184
f 173 151 135
f 173 135 136
f 63 211 76
f 232 211 63
f 163 188 164
f 164 176 152
f 176 139 152
f 177 165 176
f 165 139 176
f 165 127 139
f 167 156 143
f 166 167 143
f 180 144 168
f 168 207 180
f 145 144 180
f 160 169 157
f 145 180 170
f 194 161 158
f 194 158 181
f 193 160 133
f 193 169 160
f 158 170 181
f 161 194 133
f 198 186 149
f 198 149 150
f 171 163 162
f 172 171 162
f 188 163 171
f 175 164 188
f 175 176 164
f 202 203 165
f 140 165 203
f 204 154 153
f 205 154 204
f 154 205 155
f 205 218 155
f 218 141 155
f 178 141 218
f 178 190 141
f 166 141 206
f 157 179 219
f 141 190 206
f 191 166 206
f 169 179 157
f 167 192 156
f 156 192 168
f 180 238 170
f 133 194 193
f 173 197 184
f 173 185 197
f 147 186 185
f 182 195 171
f 182 171 183
f 183 171 172
f 183 172 196
f 196 172 184
f 185 173 147
f 186 147 149
f 267 150 134
f 195 188 171
f 195 175 188
f 177 176 213
f 213 176 175
f 215 165 177
f 215 202 165
f 203 153 140
f 255 153 203
f 190 178 189
f 191 167 166
f 191 192 167
f 221 168 192
f 191 220 192
f 221 207 168
f 180 207 208
f 193 194 223
f 195 182 210
f 184 245 196
f 184 197 245
f 209 182 183
f 209 183 196
f 186 197 185
f 267 198 150
f 174 267 134
f 201 175 195
f 201 213 175
f 214 177 213
f 177 214 215
f 255 204 153
f 256 204 255
f 205 204 256
f 221 192 220
f 238 180 208
f 193 222 169
f 223 222 193
f 170 238 181
f 225 212 201
f 225 201 210
f 210 201 195
f 329 197 186
f 198 294 186
f 247 267 174
f 227 247 174
f 227 174 199
f 228 227 199
f 228 199 200
f 212 213 201
f 212 233 214
f 214 213 212
f 45 369 232
f 45 594 252
f 235 215 214
f 215 235 216
f 216 202 215
f 236 202 216
f 236 203 202
f 203 236 255
f 256 237 205
f 237 218 205
f 275 178 218
f 275 189 178
f 169 257 179
f 221 258 207
f 258 208 207
f 242 224 225
f 240 225 210
f 240 210 226
f 224 212 225
f 226 210 182
f 226 182 209
f 243 209 196
f 243 196 245
f 251 212 224
f 227 292 247
f 251 233 212
f 228 291 227
f 229 228 200
f 229 200 187
f 230 229 187
f 230 76 231
f 211 231 76
f 233 235 214
f 234 235 233
f 234 271 235
f 235 271 253
f 253 216 235
f 253 236 216
f 255 236 273
f 237 299 218
f 222 257 169
f 221 304 258
f 223 194 181
f 280 222 223
f 223 305 280
f 239 242 225
f 239 225 240
f 226 241 240
f 243 241 226
f 287 266 251
f 251 224 242
f 226 209 243
f 243 245 244
f 328 245 197
f 329 328 197
f 294 329 186
f 292 227 291
f 264 248 246
f 264 291 248
f 246 248 249
f 294 198 267
f 291 228 248
f 248 228 229
f 248 229 249
f 249 229 230
f 230 231 249
f 231 250 249
f 231 268 250
f 266 233 251
f 211 268 231
f 211 232 268
f 266 270 234
f 266 234 233
f 234 270 271
f 45 252 369
f 253 271 298
f 89 117 594
f 298 254 253
f 254 272 236
f 253 254 236
f 236 272 273
f 255 273 256
f 218 299 275
f 341 258 304
f 278 238 208
f 278 181 238
f 278 279 181
f 181 279 223
f 279 305 223
f 281 262 259
f 239 261 260
f 262 251 242
f 259 262 242
f 259 242 239
f 259 239 260
f 262 287 251
f 261 239 240
f 261 240 241
f 241 243 263
f 243 244 263
f 246 249 250
f 246 250 265
f 392 267 247
f 293 392 247
f 293 247 292
f 250 268 265
f 270 297 271
f 298 271 297
f 273 272 338
f 273 338 274
f 273 274 256
f 179 257 545
f 300 190 189
f 300 276 190
f 190 276 206
f 276 191 206
f 301 220 191
f 301 191 276
f 301 303 220
f 303 304 221
f 220 303 221
f 280 277 222
f 374 208 258
f 208 374 278
f 281 316 282
f 321 289 282
f 282 262 281
f 285 359 284
f 321 327 289
f 289 287 282
f 282 287 262
f 281 259 283
f 283 259 260
f 284 283 260
f 288 286 285
f 285 286 359
f 284 260 285
f 285 260 261
f 285 261 288
f 289 266 287
f 288 261 241
f 288 241 263
f 286 288 263
f 263 290 286
f 289 327 296
f 244 290 263
f 292 325 363
f 325 291 264
f 365 326 246
f 244 245 328
f 291 325 292
f 265 365 246
f 296 266 289
f 265 295 365
f 392 294 267
f 268 295 265
f 232 295 268
f 266 296 270
f 232 269 295
f 369 269 232
f 296 334 270
f 297 270 334
f 254 337 272
f 274 237 256
f 339 189 275
f 339 300 189
f 408 301 276
f 301 408 302
f 303 301 302
f 341 374 258
f 412 278 374
f 279 278 342
f 278 412 342
f 279 342 305
f 349 306 347
f 306 308 347
f 349 354 306
f 306 309 308
f 306 354 307
f 306 307 309
f 308 309 312
f 307 310 309
f 309 310 312
f 354 314 307
f 314 354 356
f 312 310 315
f 307 311 310
f 310 313 315
f 315 318 312
f 314 323 307
f 310 311 313
f 307 323 311
f 311 323 321
f 311 321 316
f 311 316 313
f 313 316 317
f 313 317 315
f 319 357 315
f 315 357 318
f 360 320 356
f 320 314 356
f 316 321 282
f 315 283 319
f 315 317 283
f 320 323 314
f 316 281 317
f 317 281 283
f 319 284 358
f 319 283 284
f 359 358 284
f 323 327 321
f 320 360 324
f 286 322 359
f 290 385 286
f 246 326 264
f 320 324 323
f 323 324 327
f 325 264 326
f 363 325 361
f 441 244 328
f 363 293 292
f 391 477 294
f 324 331 327
f 324 330 331
f 331 296 327
f 269 365 295
f 331 333 296
f 333 334 296
f 333 332 334
f 334 332 335
f 334 335 297
f 335 298 297
f 335 336 298
f 337 254 298
f 337 298 336
f 372 337 336
f 338 272 337
f 338 402 274
f 373 237 274
f 179 545 219
f 405 299 237
f 299 339 275
f 300 339 460
f 407 276 300
f 276 407 408
f 277 257 222
f 302 410 303
f 303 410 304
f 375 305 342
f 375 343 305
f 343 280 305
f 342 412 524
f 342 524 375
f 346 344 379
f 351 346 379
f 344 349 345
f 344 346 349
f 308 348 347
f 350 348 308
f 346 351 349
f 345 349 347
f 351 352 349
f 350 308 353
f 349 352 354
f 353 308 312
f 382 353 312
f 352 356 354
f 382 312 318
f 352 355 356
f 318 357 503
f 355 386 360
f 357 504 503
f 355 360 356
f 357 319 358
f 504 357 358
f 386 362 360
f 385 322 286
f 360 330 324
f 362 330 360
f 506 385 290
f 244 506 290
f 325 389 361
f 389 325 393
f 393 325 326
f 441 475 244
f 363 361 440
f 366 386 388
f 366 362 386
f 394 393 326
f 365 394 326
f 294 477 329
f 365 364 394
f 362 366 367
f 294 392 391
f 362 367 330
f 367 331 330
f 367 333 331
f 366 396 368
f 366 368 367
f 368 370 367
f 367 332 333
f 370 332 367
f 371 332 370
f 398 335 332
f 398 332 371
f 398 336 335
f 336 398 400
f 400 372 336
f 400 401 372
f 401 403 372
f 372 403 402
f 372 402 338
f 337 372 338
f 117 777 217
f 274 402 404
f 274 404 373
f 237 373 405
f 405 339 299
f 341 304 340
f 341 411 374
f 374 413 412
f 416 415 376
f 379 415 378
f 379 376 415
f 378 426 351
f 378 351 379
f 376 379 344
f 376 344 377
f 377 344 345
f 377 345 420
f 348 420 345
f 420 348 468
f 348 345 347
f 426 380 351
f 350 353 499
f 380 426 434
f 380 352 351
f 353 382 499
f 380 434 381
f 434 383 381
f 502 382 318
f 380 381 355
f 380 355 352
f 355 381 384
f 503 502 318
f 436 383 434
f 383 384 381
f 384 386 355
f 359 504 358
f 387 383 436
f 359 322 560
f 383 387 384
f 384 388 386
f 384 387 388
f 385 584 322
f 475 506 244
f 395 390 387
f 387 390 388
f 293 439 392
f 363 440 293
f 390 366 388
f 441 328 329
f 445 389 393
f 447 393 394
f 390 395 396
f 269 448 365
f 395 397 396
f 390 396 366
f 369 448 269
f 396 397 368
f 451 368 397
f 454 370 368
f 454 371 370
f 454 399 371
f 453 399 454
f 398 371 399
f 399 400 398
f 401 400 399
f 403 404 402
f 487 373 404
f 545 629 219
f 459 405 373
f 406 339 405
f 406 460 339
f 460 407 300
f 408 409 302
f 340 304 410
f 302 409 410
f 410 461 340
f 411 341 340
f 412 489 524
f 524 343 375
f 374 411 413
f 415 414 419
f 416 417 415
f 415 417 414
f 416 466 417
f 418 466 416
f 419 425 378
f 419 378 415
f 418 416 376
f 418 376 377
f 420 421 377
f 421 418 377
f 468 422 420
f 420 422 421
f 498 425 419
f 425 423 378
f 378 423 426
f 424 468 348
f 424 348 350
f 499 424 350
f 498 427 425
f 425 427 423
f 501 428 427
f 427 431 423
f 423 431 426
f 426 431 434
f 428 429 427
f 427 429 431
f 430 428 470
f 430 429 428
f 469 499 382
f 431 432 434
f 502 469 382
f 470 472 430
f 429 430 433
f 431 429 432
f 472 433 430
f 433 437 429
f 429 437 432
f 432 436 434
f 432 437 436
f 472 435 433
f 435 438 433
f 433 438 437
f 504 359 560
f 435 442 438
f 435 474 442
f 437 446 436
f 506 584 385
f 437 438 446
f 446 387 436
f 361 389 440
f 440 389 478
f 439 293 440
f 442 444 438
f 478 389 445
f 442 474 480
f 438 444 446
f 446 395 387
f 393 447 479
f 364 512 394
f 446 444 395
f 512 447 394
f 482 442 480
f 448 364 365
f 442 482 449
f 442 449 444
f 449 395 444
f 482 450 449
f 449 397 395
f 449 451 397
f 450 451 449
f 450 452 451
f 452 454 451
f 453 454 452
f 454 368 451
f 453 455 399
f 455 401 399
f 455 456 401
f 403 401 456
f 403 456 457
f 403 457 458
f 458 404 403
f 458 487 404
f 142 219 117
f 487 459 373
f 518 405 459
f 518 406 405
f 280 521 277
f 488 460 406
f 488 407 460
f 409 408 407
f 343 521 280
f 522 407 488
f 407 522 409
f 489 412 413
f 409 491 410
f 410 491 461
f 411 492 413
f 414 463 462
f 464 463 414
f 419 462 495
f 462 419 414
f 464 414 417
f 464 417 465
f 466 465 417
f 418 421 466
f 422 467 421
f 495 498 419
f 422 468 529
f 555 468 424
f 501 427 498
f 500 499 469
f 470 428 501
f 471 472 470
f 559 503 504
f 505 472 471
f 505 435 472
f 473 435 505
f 473 474 435
f 507 474 473
f 586 475 441
f 476 508 439
f 439 509 476
f 509 440 478
f 509 439 440
f 508 443 392
f 392 439 508
f 477 391 443
f 443 391 392
f 507 480 474
f 479 445 393
f 538 479 447
f 512 538 447
f 512 364 539
f 364 540 539
f 364 448 540
f 480 513 481
f 480 481 482
f 481 450 482
f 481 513 483
f 481 483 450
f 483 484 450
f 452 450 484
f 484 485 452
f 485 453 452
f 485 486 453
f 453 486 455
f 486 516 455
f 455 516 456
f 518 601 406
f 277 520 257
f 406 601 519
f 521 520 277
f 488 406 519
f 550 343 524
f 550 521 343
f 490 409 522
f 491 409 490
f 525 411 340
f 525 340 461
f 492 526 413
f 463 493 462
f 463 494 493
f 494 463 464
f 496 494 464
f 496 464 465
f 495 462 493
f 497 465 466
f 497 496 465
f 497 466 421
f 467 497 421
f 577 422 529
f 581 501 498
f 468 555 529
f 424 499 555
f 469 582 500
f 470 501 530
f 470 530 531
f 531 471 470
f 471 533 505
f 505 533 561
f 584 560 322
f 510 507 473
f 563 536 478
f 563 478 445
f 510 480 507
f 623 563 445
f 623 445 479
f 511 480 510
f 511 513 480
f 511 514 513
f 369 593 448
f 252 593 369
f 513 542 483
f 483 565 484
f 565 485 484
f 565 515 485
f 485 515 486
f 516 567 456
f 457 456 567
f 458 457 544
f 458 544 598
f 598 487 458
f 598 517 487
f 219 652 117
f 518 459 568
f 518 568 601
f 520 545 257
f 551 521 550
f 523 411 525
f 523 492 411
f 526 492 523
f 413 526 547
f 413 547 489
f 550 524 549
f 461 552 525
f 523 553 526
f 494 527 554
f 528 527 494
f 528 494 496
f 493 581 495
f 493 494 554
f 577 467 422
f 581 498 495
f 499 500 555
f 501 581 556
f 530 501 556
f 582 469 502
f 502 532 582
f 531 617 471
f 502 503 532
f 617 533 471
f 532 503 559
f 559 504 616
f 616 504 560
f 561 473 505
f 443 585 562
f 585 443 508
f 585 508 476
f 509 621 476
f 534 537 473
f 537 510 473
f 562 441 329
f 562 329 477
f 562 477 443
f 509 478 536
f 537 511 510
f 624 623 479
f 537 588 511
f 624 479 538
f 589 538 512
f 539 589 512
f 588 514 511
f 514 541 513
f 564 541 514
f 513 541 542
f 565 542 595
f 483 542 565
f 565 595 515
f 595 486 515
f 516 486 543
f 516 543 567
f 567 544 457
f 568 487 517
f 568 459 487
f 521 546 520
f 551 546 521
f 548 524 489
f 548 489 547
f 549 524 548
f 488 679 522
f 522 679 490
f 490 574 491
f 574 461 491
f 461 609 552
f 552 523 525
f 523 552 553
f 526 605 547
f 605 572 547
f 547 572 548
f 549 548 573
f 549 573 550
f 550 573 603
f 550 603 551
f 527 528 554
f 611 528 496
f 493 614 581
f 554 614 493
f 577 497 467
f 500 580 555
f 580 500 557
f 582 557 500
f 558 530 556
f 531 530 615
f 533 617 561
f 535 441 562
f 562 585 620
f 509 536 621
f 588 564 514
f 590 589 539
f 593 540 448
f 252 594 593
f 541 595 542
f 595 566 486
f 543 486 566
f 543 628 567
f 544 567 597
f 545 569 629
f 545 570 569
f 520 570 545
f 520 602 570
f 571 519 601
f 546 602 520
f 633 488 519
f 609 461 574
f 575 526 553
f 605 526 575
f 572 573 548
f 552 606 553
f 606 607 553
f 553 607 575
f 605 575 604
f 576 554 528
f 528 610 576
f 528 611 610
f 611 496 497
f 613 577 529
f 579 529 555
f 579 613 529
f 555 580 579
f 615 530 558
f 641 532 559
f 617 531 583
f 664 506 475
f 561 645 473
f 618 475 586
f 645 534 473
f 586 441 535
f 644 476 621
f 644 585 476
f 620 535 562
f 536 691 621
f 587 691 536
f 563 587 536
f 623 587 563
f 589 624 538
f 591 564 588
f 648 624 589
f 625 590 649
f 649 590 539
f 649 539 592
f 539 540 592
f 540 626 592
f 540 593 626
f 541 746 595
f 746 566 595
f 117 217 594
f 566 596 543
f 596 628 543
f 567 628 597
f 544 597 598
f 670 630 517
f 598 670 517
f 517 630 568
f 569 600 599
f 570 600 569
f 570 602 600
f 571 633 519
f 546 632 602
f 677 488 633
f 551 632 546
f 551 603 632
f 635 634 605
f 605 634 572
f 572 634 573
f 677 679 488
f 679 657 490
f 657 574 490
f 606 552 609
f 607 604 575
f 605 604 635
f 574 608 609
f 636 611 497
f 578 497 577
f 578 636 497
f 612 578 577
f 613 612 577
f 581 662 556
f 614 662 581
f 556 662 663
f 683 557 582
f 663 558 556
f 532 641 582
f 583 531 615
f 583 615 686
f 664 475 618
f 619 618 586
f 620 585 643
f 643 585 644
f 619 586 535
f 619 535 620
f 534 646 537
f 622 691 587
f 646 588 537
f 622 587 647
f 647 587 623
f 590 648 589
f 648 590 625
f 564 650 541
f 593 627 626
f 594 627 593
f 541 669 746
f 594 217 627
f 598 597 670
f 219 629 652
f 569 652 629
f 569 599 652
f 630 653 568
f 602 631 600
f 568 653 601
f 653 571 601
f 602 632 631
f 634 655 573
f 573 654 603
f 608 574 657
f 659 607 606
f 659 656 607
f 607 656 604
f 608 658 609
f 658 606 609
f 576 637 554
f 554 637 614
f 576 610 680
f 680 610 681
f 638 636 578
f 638 578 612
f 682 612 613
f 639 682 613
f 639 613 579
f 614 661 662
f 582 710 683
f 710 582 641
f 558 663 685
f 615 558 642
f 615 642 686
f 721 561 617
f 506 687 584
f 561 721 645
f 643 689 666
f 665 618 619
f 665 619 666
f 666 619 620
f 666 620 643
f 691 668 621
f 668 644 621
f 722 534 645
f 722 646 534
f 622 647 693
f 724 647 623
f 624 724 623
f 591 650 564
f 724 624 648
f 626 651 592
f 626 627 651
f 650 669 541
f 747 597 628
f 117 652 777
f 597 747 670
f 599 696 652
f 599 671 696
f 671 599 600
f 672 600 631
f 653 674 571
f 673 672 631
f 632 654 631
f 603 654 632
f 634 635 676
f 676 655 634
f 655 675 573
f 675 654 573
f 656 659 758
f 604 702 635
f 656 702 604
f 635 702 676
f 658 659 606
f 681 610 611
f 611 660 681
f 636 660 611
f 638 612 682
f 579 704 639
f 580 704 579
f 680 637 576
f 733 638 682
f 682 639 704
f 640 614 637
f 683 580 557
f 614 640 661
f 663 662 684
f 685 663 684
f 642 558 685
f 559 616 641
f 560 714 616
f 617 583 742
f 721 617 742
f 664 687 506
f 666 689 665
f 664 618 665
f 689 643 667
f 668 643 644
f 667 643 668
f 646 692 588
f 692 591 588
f 724 693 647
f 672 671 600
f 697 672 673
f 630 750 653
f 750 674 653
f 673 631 654
f 700 633 571
f 676 730 655
f 700 677 633
f 703 677 700
f 703 679 677
f 608 657 759
f 608 732 658
f 658 678 659
f 704 580 708
f 637 707 640
f 637 680 707
f 640 709 661
f 709 640 707
f 661 684 662
f 661 712 684
f 713 684 712
f 715 686 642
f 583 686 716
f 742 583 716
f 717 584 687
f 717 560 584
f 665 719 688
f 719 665 689
f 667 668 690
f 721 722 645
f 690 668 691
f 744 691 622
f 692 646 723
f 591 772 650
f 851 772 591
f 725 724 648
f 648 625 725
f 649 694 625
f 592 726 649
f 649 726 694
f 651 726 592
f 651 745 726
f 627 745 651
f 829 746 669
f 566 695 596
f 596 695 628
f 778 747 628
f 695 778 628
f 727 671 672
f 670 749 630
f 858 727 697
f 727 672 697
f 697 728 858
f 697 698 728
f 750 630 749
f 673 698 697
f 673 752 698
f 751 674 750
f 699 752 673
f 751 729 674
f 729 571 674
f 654 699 673
f 700 571 729
f 675 699 654
f 730 701 655
f 655 701 675
f 758 702 656
f 732 678 658
f 678 758 659
f 784 657 679
f 784 679 703
f 759 732 608
f 657 784 759
f 760 660 636
f 760 636 638
f 704 733 682
f 733 704 789
f 789 704 705
f 708 705 704
f 680 706 707
f 680 734 706
f 683 708 580
f 708 683 711
f 709 707 706
f 683 710 711
f 711 710 738
f 713 685 684
f 739 710 641
f 741 685 713
f 741 642 685
f 798 642 741
f 616 714 641
f 716 686 715
f 742 716 822
f 687 664 718
f 718 664 665
f 667 719 689
f 720 667 690
f 743 722 721
f 744 690 691
f 722 723 646
f 825 744 622
f 802 825 622
f 693 802 622
f 775 669 650
f 627 774 745
f 217 774 627
f 217 776 774
f 777 776 217
f 566 746 695
f 699 753 752
f 806 756 751
f 756 729 751
f 675 753 699
f 781 700 729
f 758 757 702
f 700 781 703
f 784 703 781
f 678 732 731
f 638 733 760
f 910 660 760
f 681 734 680
f 786 681 660
f 705 761 789
f 708 762 705
f 705 762 761
f 790 734 681
f 790 681 786
f 736 735 711
f 711 735 708
f 661 709 712
f 709 706 737
f 738 736 711
f 738 766 736
f 712 709 737
f 738 740 766
f 710 739 738
f 738 739 740
f 713 712 767
f 739 714 740
f 713 767 817
f 817 767 796
f 714 739 641
f 817 741 713
f 715 642 798
f 714 560 770
f 717 770 560
f 717 687 718
f 688 718 665
f 719 821 688
f 720 719 667
f 801 720 690
f 744 801 690
f 692 850 591
f 851 591 850
f 851 803 772
f 874 693 724
f 725 874 724
f 772 775 650
f 775 829 669
f 746 855 695
f 652 856 777
f 695 805 778
f 696 748 652
f 671 748 696
f 779 749 670
f 698 752 728
f 751 750 806
f 754 756 806
f 755 753 675
f 675 701 755
f 756 754 807
f 756 781 729
f 701 730 780
f 756 807 781
f 676 812 730
f 731 783 678
f 678 783 758
f 785 732 759
f 732 785 731
f 759 784 814
f 890 760 733
f 788 733 789
f 706 734 790
f 708 735 762
f 790 816 706
f 764 737 706
f 764 706 816
f 791 763 762
f 791 762 735
f 791 735 792
f 736 792 735
f 766 792 736
f 765 737 764
f 712 737 767
f 766 740 768
f 737 796 767
f 768 740 797
f 819 741 817
f 740 714 769
f 798 741 819
f 769 714 770
f 799 717 718
f 799 718 688
f 799 688 800
f 721 742 848
f 743 721 848
f 771 801 744
f 743 824 722
f 722 824 723
f 771 744 825
f 725 826 773
f 625 826 725
f 694 826 625
f 746 829 855
f 652 748 856
f 779 670 747
f 779 857 750
f 749 779 750
f 857 859 750
f 859 806 750
f 728 752 883
f 947 752 753
f 833 807 754
f 780 755 701
f 730 812 780
f 757 676 702
f 782 731 785
f 782 785 839
f 758 783 757
f 759 814 785
f 910 866 660
f 733 891 890
f 866 786 660
f 790 786 787
f 789 761 788
f 762 763 761
f 792 766 793
f 794 793 766
f 794 766 768
f 795 794 768
f 768 797 795
f 797 740 769
f 845 798 819
f 797 769 717
f 797 799 818
f 797 717 799
f 769 770 717
f 818 799 800
f 716 715 847
f 822 716 847
f 821 800 688
f 742 822 848
f 720 821 719
f 692 723 872
f 772 803 775
f 853 826 694
f 745 828 726
f 726 828 694
f 774 828 745
f 853 694 828
f 776 804 774
f 777 804 776
f 777 856 804
f 778 830 747
f 830 880 779
f 747 830 779
f 880 857 779
f 727 858 881
f 752 947 883
f 832 754 806
f 755 860 753
f 884 808 807
f 834 808 884
f 833 886 807
f 884 807 886
f 860 755 811
f 808 834 809
f 781 807 808
f 809 834 810
f 780 811 755
f 813 809 810
f 812 835 780
f 780 835 811
f 815 812 676
f 815 676 757
f 781 808 784
f 808 809 784
f 784 809 814
f 814 809 813
f 814 813 839
f 782 838 731
f 731 838 783
f 838 815 783
f 783 815 757
f 785 814 839
f 890 910 760
f 733 788 891
f 787 816 790
f 931 788 761
f 761 763 931
f 867 764 816
f 764 867 765
f 792 793 791
f 796 737 765
f 868 793 794
f 868 794 842
f 843 795 820
f 797 818 795
f 795 818 820
f 818 800 820
f 892 798 845
f 846 798 892
f 846 715 798
f 846 847 715
f 894 822 847
f 820 800 821
f 822 894 823
f 823 848 822
f 896 870 720
f 870 821 720
f 801 896 720
f 848 824 743
f 723 824 871
f 871 872 723
f 692 872 849
f 692 849 850
f 693 874 802
f 851 919 803
f 874 725 852
f 773 852 725
f 775 921 829
f 803 921 775
f 827 773 826
f 828 774 854
f 804 854 774
f 855 878 695
f 878 805 695
f 671 831 748
f 727 831 671
f 727 881 831
f 806 859 832
f 832 833 754
f 907 810 834
f 835 887 811
f 863 835 812
f 836 837 810
f 909 837 836
f 837 813 810
f 837 909 782
f 782 909 864
f 782 864 838
f 839 813 837
f 839 837 782
f 815 865 863
f 812 815 863
f 889 786 866
f 788 931 840
f 912 763 791
f 796 765 841
f 765 930 841
f 843 794 795
f 843 842 794
f 841 844 796
f 796 844 817
f 819 817 844
f 819 844 845
f 869 843 820
f 846 893 847
f 870 820 821
f 897 824 848
f 871 824 897
f 802 873 825
f 873 802 874
f 939 874 852
f 803 919 921
f 941 852 773
f 941 773 827
f 826 853 827
f 828 875 853
f 854 875 828
f 804 877 854
f 856 877 804
f 778 879 830
f 879 880 830
f 883 858 728
f 903 947 753
f 882 904 833
f 832 882 833
f 753 860 903
f 884 906 834
f 904 886 833
f 906 907 834
f 860 811 885
f 908 863 861
f 908 835 863
f 835 908 887
f 810 907 836
f 836 888 909
f 862 863 865
f 838 864 862
f 838 862 865
f 815 838 865
f 930 765 867
f 930 867 911
f 868 791 793
f 868 912 791
f 841 932 844
f 933 868 842
f 843 934 842
f 844 932 913
f 843 869 915
f 893 846 892
f 894 847 893
f 820 916 869
f 870 916 820
f 895 823 894
f 897 848 823
f 954 896 801
f 917 871 897
f 938 850 849
f 850 919 851
f 920 939 852
f 921 919 955
f 920 852 941
f 921 942 829
f 827 853 922
f 922 853 900
f 900 853 875
f 854 876 875
f 854 877 876
f 829 942 855
f 942 878 855
f 856 923 877
f 805 878 901
f 805 901 778
f 856 748 923
f 879 992 880
f 881 858 945
f 946 859 857
f 859 882 832
f 885 903 860
f 811 887 885
f 862 861 863
f 836 907 888
f 862 864 949
f 816 927 867
f 927 816 787
f 927 1002 867
f 931 763 912
f 841 930 932
f 933 842 934
f 934 843 914
f 915 914 843
f 913 935 844
f 845 844 935
f 869 916 969
f 894 893 895
f 897 895 936
f 897 823 895
f 936 917 897
f 871 917 918
f 937 872 871
f 984 825 873
f 972 849 872
f 938 849 972
f 898 873 874
f 850 938 919
f 827 899 941
f 827 922 899
f 876 900 875
f 877 923 876
f 748 902 923
f 778 901 879
f 831 902 748
f 831 924 902
f 962 924 881
f 924 831 881
f 992 946 880
f 880 946 857
f 881 945 962
f 964 859 946
f 859 964 882
f 977 904 882
f 904 925 886
f 948 925 904
f 886 905 884
f 925 905 886
f 884 905 906
f 1058 908 861
f 949 861 862
f 910 889 866
f 1001 910 890
f 1001 890 965
f 890 891 965
f 788 929 891
f 867 1002 911
f 951 912 868
f 892 845 935
f 892 935 1005
f 915 869 969
f 952 893 892
f 895 893 953
f 896 916 870
f 937 871 918
f 954 801 771
f 972 872 971
f 984 873 1026
f 1026 873 898
f 940 942 921
f 941 899 957
f 900 876 943
f 942 901 878
f 960 992 879
f 901 960 879
f 902 924 944
f 962 961 924
f 858 976 945
f 883 976 858
f 883 947 976
f 977 882 964
f 977 948 904
f 978 925 948
f 1036 906 905
f 908 1018 887
f 906 999 907
f 999 1019 907
f 1019 888 907
f 1000 864 909
f 786 889 926
f 910 928 889
f 1001 928 910
f 787 786 926
f 1039 1002 927
f 929 965 891
f 840 929 788
f 932 930 911
f 950 931 912
f 951 950 912
f 933 951 868
f 914 915 1045
f 915 969 968
f 952 892 1005
f 895 953 936
f 969 916 896
f 936 1007 917
f 970 971 937
f 937 971 872
f 771 825 984
f 874 939 898
f 955 919 938
f 921 955 940
f 956 941 957
f 922 989 899
f 900 989 922
f 900 943 989
f 923 943 876
f 923 944 943
f 923 902 944
f 975 961 962
f 992 994 946
f 994 963 946
f 947 903 997
f 903 885 997
f 1039 927 926
f 926 927 787
f 928 926 889
f 1061 840 931
f 950 1061 931
f 967 932 1004
f 913 932 967
f 1045 915 968
f 893 952 953
f 981 1007 936
f 918 917 1007
f 983 918 1007
f 983 1022 918
f 918 1022 937
f 1022 970 937
f 984 1024 771
f 938 972 985
f 920 898 939
f 920 973 898
f 985 955 938
f 973 920 956
f 941 956 920
f 940 958 942
f 942 958 901
f 899 989 957
f 959 989 943
f 1010 989 959
f 974 943 944
f 958 990 960
f 901 958 960
f 924 961 944
f 944 961 974
f 975 962 991
f 962 945 991
f 963 964 946
f 997 995 947
f 1015 948 977
f 1015 978 948
f 997 885 996
f 887 1018 885
f 906 998 999
f 1037 949 864
f 929 840 966
f 966 840 1061
f 932 911 1004
f 979 933 980
f 980 933 934
f 934 914 980
f 1043 953 952
f 1024 954 771
f 972 971 1025
f 985 972 1025
f 973 1026 898
f 955 985 1027
f 940 955 1027
f 957 1052 956
f 988 1052 957
f 988 957 989
f 974 959 943
f 1012 960 990
f 1012 992 960
f 945 993 991
f 976 993 945
f 963 1014 977
f 964 963 977
f 947 995 976
f 978 1016 925
f 925 1016 1017
f 1017 905 925
f 1018 996 885
f 1036 998 906
f 888 1000 909
f 1070 928 1001
f 1039 926 1038
f 1002 1003 911
f 1004 911 1003
f 979 951 933
f 914 1006 980
f 914 1045 1006
f 1043 952 1005
f 1046 936 953
f 969 982 968
f 936 1046 981
f 1021 982 969
f 1021 969 896
f 1027 986 940
f 1081 973 956
f 986 987 958
f 940 986 958
f 989 1010 988
f 974 1031 959
f 959 1031 1010
f 1009 1012 990
f 961 975 974
f 974 975 1031
f 991 993 1033
f 1035 1015 1014
f 1014 1015 977
f 1018 908 1057
f 1040 1038 926
f 1135 1001 965
f 929 1135 965
f 1020 1135 929
f 1020 929 966
f 1061 950 1073
f 1073 950 951
f 1043 1062 953
f 1046 953 1062
f 1140 983 1007
f 1021 896 954
f 1023 1021 954
f 1077 1023 954
f 1077 954 1024
f 1028 1026 973
f 987 986 1029
f 987 990 958
f 1008 988 1010
f 1031 1011 1010
f 1031 975 1013
f 991 1013 975
f 991 1033 1013
f 976 1033 993
f 976 1034 1033
f 994 1054 963
f 1054 1014 963
f 1016 978 1055
f 997 1067 995
f 1015 1055 978
f 997 996 1067
f 1017 1036 905
f 1058 1057 908
f 864 1000 1037
f 1040 926 1059
f 1059 926 928
f 1059 928 1070
f 1113 1070 1001
f 1135 1113 1001
f 1088 1039 1038
f 1041 1004 1003
f 967 1004 1071
f 951 979 1091
f 1042 1005 935
f 979 980 1091
f 1044 980 1006
f 1007 981 1139
f 1139 1140 1007
f 971 970 1047
f 1025 971 1047
f 1047 1048 1025
f 1026 1049 984
f 1025 1050 985
f 1050 1051 985
f 1027 1029 986
f 1081 956 1052
f 1029 1064 987
f 988 1008 1052
f 1096 1008 1030
f 1010 1030 1008
f 1011 1030 1010
f 1031 1013 1011
f 1033 1032 1013
f 992 1012 994
f 994 1012 1066
f 1066 1054 994
f 976 995 1053
f 976 1053 1034
f 1054 1035 1014
f 1035 1055 1015
f 1018 1056 996
f 1069 949 1037
f 949 1069 861
f 1069 1058 861
f 1088 1038 1040
f 1003 1002 1039
f 1042 913 967
f 935 913 1042
f 951 1091 1073
f 1042 1043 1005
f 1063 1077 1024
f 1063 1024 984
f 1063 984 1049
f 1050 1025 1048
f 1145 1049 1026
f 1145 1026 1028
f 985 1051 1027
f 1028 973 1081
f 1095 1080 1029
f 1029 1080 1064
f 987 1009 990
f 1030 1011 1097
f 1013 1032 1011
f 1032 1097 1011
f 1009 1099 1012
f 995 1102 1053
f 1067 1102 995
f 1017 1083 1036
f 1018 1068 1056
f 1018 1057 1068
f 1085 999 998
f 1085 1019 999
f 1086 1019 1085
f 1019 1110 888
f 888 1110 1000
f 1088 1060 1039
f 1111 1088 1040
f 1111 1040 1059
f 1087 1041 1003
f 1003 1039 1060
f 1003 1060 1087
f 1135 1020 1191
f 1020 966 1191
f 1071 1004 1041
f 1072 967 1071
f 1072 1042 967
f 1090 1043 1042
f 1090 1042 1072
f 1044 1091 980
f 1044 1006 1075
f 1075 1006 1045
f 1045 968 1076
f 1093 981 1046
f 1021 1154 982
f 1141 983 1140
f 1141 1022 983
f 970 1022 1117
f 1047 970 1117
f 1050 1048 1051
f 1051 1048 1157
f 1051 1095 1029
f 1027 1051 1029
f 1120 1081 1052
f 1064 1065 987
f 987 1065 1009
f 1097 1096 1030
f 1033 1082 1032
f 1034 1082 1033
f 1066 1103 1054
f 1103 1035 1054
f 1067 996 1105
f 1083 1017 1055
f 1055 1017 1016
f 1056 1105 996
f 1083 998 1036
f 1126 1085 998
f 1084 1058 1069
f 1106 1084 1069
f 1084 1057 1058
f 1086 1110 1019
f 1110 1130 1000
f 1000 1130 1037
f 1070 1111 1059
f 1135 1134 1113
f 1041 1072 1071
f 1115 966 1061
f 1062 1043 1090
f 1074 1228 1091
f 1074 1091 1044
f 1044 1138 1074
f 1076 1075 1045
f 1137 1046 1062
f 1076 968 982
f 1093 1139 981
f 1078 1077 1063
f 1094 1078 1063
f 1047 1142 1048
f 1094 1063 1049
f 1143 1049 1145
f 1079 1080 1095
f 1008 1120 1052
f 1120 1008 1096
f 1121 1096 1097
f 1097 1032 1098
f 1009 1065 1099
f 1082 1098 1032
f 1181 1098 1082
f 1099 1066 1012
f 1101 1082 1034
f 1053 1101 1034
f 1102 1101 1053
f 1105 1102 1067
f 1104 1035 1103
f 1104 1055 1035
f 1104 1124 1083
f 1055 1104 1083
f 1083 1151 998
f 1125 1068 1107
f 1105 1068 1125
f 1068 1105 1056
f 1151 1126 998
f 1107 1057 1084
f 1057 1107 1068
f 1128 1069 1037
f 1086 1109 1110
f 1037 1130 1128
f 1112 1111 1070
f 1041 1114 1072
f 1089 1090 1072
f 1073 1115 1061
f 1171 1073 1091
f 1137 1062 1090
f 1138 1044 1075
f 1092 1138 1075
f 1092 1075 1076
f 1137 1093 1046
f 1076 982 1154
f 1047 1117 1118
f 1023 1077 1078
f 1155 1023 1078
f 1048 1142 1119
f 1157 1048 1119
f 1157 1095 1051
f 1157 1079 1095
f 1081 1145 1028
f 1158 1145 1081
f 1120 1158 1081
f 1080 1147 1064
f 1064 1147 1065
f 1099 1100 1066
f 1101 1181 1082
f 1105 1125 1184
f 1106 1107 1084
f 1108 1085 1126
f 1086 1085 1127
f 1109 1130 1110
f 1087 1060 1131
f 1088 1131 1060
f 1041 1133 1114
f 1087 1133 1041
f 1113 1112 1070
f 1072 1114 1089
f 1089 1169 1090
f 1115 1191 966
f 1170 1090 1169
f 1136 1090 1170
f 1137 1090 1136
f 1137 1116 1093
f 1093 1116 1213
f 1213 1139 1093
f 1023 1155 1021
f 1117 1022 1141
f 1117 1141 1118
f 1142 1047 1118
f 1143 1094 1049
f 1157 1119 1144
f 1146 1158 1120
f 1080 1079 1178
f 1120 1096 1177
f 1177 1096 1121
f 1149 1148 1097
f 1148 1121 1097
f 1098 1149 1097
f 1122 1099 1065
f 1099 1122 1100
f 1101 1162 1181
f 1102 1162 1101
f 1100 1103 1066
f 1100 1123 1103
f 1102 1184 1162
f 1103 1123 1104
f 1105 1184 1102
f 1108 1127 1085
f 1086 1127 1109
f 1109 1129 1130
f 1168 1131 1088
f 1111 1168 1088
f 1133 1087 1131
f 1191 1134 1135
f 1171 1091 1228
f 1228 1074 1229
f 1118 1141 1173
f 1176 1144 1119
f 1177 1146 1120
f 1080 1178 1147
f 1098 1181 1149
f 1147 1122 1065
f 1150 1100 1122
f 1123 1124 1104
f 1124 1163 1083
f 1163 1151 1083
f 1186 1125 1164
f 1163 1165 1151
f 1164 1107 1166
f 1125 1107 1164
f 1152 1166 1106
f 1107 1106 1166
f 1127 1167 1109
f 1069 1128 1152
f 1069 1152 1106
f 1109 1167 1129
f 1208 1133 1131
f 1168 1208 1131
f 1132 1168 1111
f 1112 1132 1111
f 1246 1132 1153
f 1153 1132 1112
f 1153 1112 1113
f 1134 1153 1113
f 1089 1248 1169
f 1229 1315 1228
f 1194 1074 1138
f 1173 1140 1139
f 1141 1140 1173
f 1155 1154 1021
f 1118 1173 1156
f 1173 1174 1156
f 1142 1118 1156
f 1142 1175 1119
f 1175 1176 1119
f 1145 1158 1143
f 1079 1198 1178
f 1079 1157 1198
f 1159 1177 1121
f 1121 1148 1159
f 1159 1148 1179
f 1149 1179 1148
f 1181 1179 1149
f 1160 1122 1147
f 1150 1122 1160
f 1161 1150 1160
f 1162 1183 1181
f 1150 1182 1100
f 1100 1182 1123
f 1123 1185 1124
f 1184 1219 1162
f 1125 1186 1184
f 1165 1126 1151
f 1108 1207 1127
f 1167 1127 1207
f 1189 1128 1225
f 1128 1189 1152
f 1168 1132 1210
f 1246 1210 1132
f 1191 1190 1134
f 1114 1248 1089
f 1192 1136 1170
f 1192 1137 1136
f 1138 1211 1194
f 1092 1211 1138
f 1192 1116 1137
f 1211 1092 1263
f 1092 1172 1263
f 1092 1076 1172
f 1076 1154 1172
f 1196 1154 1155
f 1078 1232 1155
f 1142 1156 1175
f 1175 1268 1176
f 1158 1197 1143
f 1144 1198 1157
f 1178 1180 1147
f 1180 1160 1147
f 1160 1200 1236
f 1236 1161 1160
f 1202 1150 1161
f 1202 1182 1150
f 1219 1183 1162
f 1182 1185 1123
f 1124 1205 1163
f 1205 1165 1163
f 1164 1204 1187
f 1164 1187 1186
f 1165 1108 1126
f 1204 1166 1189
f 1166 1204 1164
f 1207 1188 1167
f 1206 1129 1188
f 1225 1130 1206
f 1152 1189 1166
f 1167 1188 1129
f 1129 1206 1130
f 1130 1225 1128
f 1168 1209 1208
f 1247 1133 1208
f 1209 1168 1210
f 1153 1190 1246
f 1153 1134 1190
f 1133 1247 1114
f 1248 1114 1247
f 1073 1284 1115
f 1193 1192 1170
f 1169 1193 1170
f 1228 1286 1171
f 1195 1116 1192
f 1192 1212 1195
f 1213 1116 1195
f 1172 1154 1196
f 1213 1214 1139
f 1139 1214 1173
f 1173 1214 1174
f 1232 1196 1155
f 1215 1156 1174
f 1250 1232 1078
f 1215 1175 1156
f 1268 1175 1252
f 1198 1176 1268
f 1198 1144 1176
f 1216 1197 1158
f 1146 1216 1158
f 1178 1198 1217
f 1159 1179 1199
f 1178 1217 1180
f 1160 1180 1200
f 1183 1199 1179
f 1181 1183 1179
f 1236 1200 1234
f 1161 1236 1201
f 1202 1161 1201
f 1219 1218 1183
f 1185 1182 1221
f 1184 1203 1219
f 1187 1203 1186
f 1186 1203 1184
f 1185 1205 1124
f 1165 1223 1108
f 1204 1189 1226
f 1207 1108 1223
f 1188 1242 1206
f 1261 1190 1191
f 1191 1115 1262
f 1193 1169 1248
f 1249 1073 1171
f 1193 1212 1192
f 1229 1074 1194
f 1263 1172 1230
f 1212 1231 1195
f 1172 1196 1230
f 1195 1214 1213
f 1233 1174 1214
f 1215 1174 1233
f 1094 1266 1078
f 1215 1252 1175
f 1254 1216 1146
f 1254 1146 1177
f 1159 1254 1177
f 1199 1271 1159
f 1295 1180 1217
f 1296 1180 1295
f 1200 1180 1296
f 1200 1296 1234
f 1183 1218 1199
f 1238 1182 1202
f 1220 1219 1203
f 1182 1272 1221
f 1239 1220 1203
f 1205 1185 1221
f 1187 1239 1203
f 1204 1222 1187
f 1187 1222 1239
f 1205 1256 1165
f 1256 1223 1165
f 1204 1224 1222
f 1223 1241 1207
f 1206 1242 1240
f 1206 1240 1243
f 1226 1224 1204
f 1207 1241 1188
f 1206 1243 1225
f 1225 1226 1189
f 1227 1209 1210
f 1246 1227 1210
f 1261 1260 1190
f 1262 1261 1191
f 1343 1211 1263
f 1265 1214 1195
f 1233 1214 1265
f 1250 1078 1266
f 1233 1252 1215
f 1197 1094 1143
f 1268 1292 1198
f 1198 1292 1217
f 1199 1235 1271
f 1218 1235 1199
f 1219 1237 1218
f 1238 1202 1201
f 1219 1220 1237
f 1238 1272 1182
f 1310 1223 1256
f 1244 1245 1243
f 1226 1245 1224
f 1188 1241 1242
f 1225 1243 1226
f 1226 1243 1245
f 1227 1247 1208
f 1227 1208 1209
f 1260 1246 1190
f 1262 1115 1388
f 1286 1249 1171
f 1343 1194 1211
f 1372 1230 1375
f 1230 1196 1375
f 1231 1287 1195
f 1195 1287 1265
f 1233 1265 1251
f 1252 1323 1268
f 1266 1094 1197
f 1216 1253 1197
f 1217 1292 1295
f 1271 1270 1159
f 1270 1254 1159
f 1297 1201 1236
f 1235 1218 1237
f 1201 1297 1238
f 1237 1300 1235
f 1300 1220 1273
f 1220 1300 1237
f 1255 1273 1220
f 1221 1272 1274
f 1239 1255 1220
f 1274 1307 1221
f 1239 1278 1255
f 1307 1205 1221
f 1307 1256 1205
f 1244 1240 1257
f 1222 1224 1278
f 1222 1278 1239
f 1223 1310 1276
f 1240 1242 1257
f 1244 1275 1258
f 1245 1258 1224
f 1258 1278 1224
f 1223 1276 1241
f 1241 1276 1259
f 1241 1259 1242
f 1240 1244 1243
f 1245 1244 1258
f 1227 1280 1247
f 1260 1227 1246
f 1313 1260 1261
f 1283 1248 1247
f 1248 1283 1193
f 1282 1261 1262
f 1388 1115 1284
f 1249 1284 1073
f 1285 1212 1193
f 1315 1229 1371
f 1194 1371 1229
f 1391 1371 1194
f 1343 1391 1194
f 1230 1372 1263
f 1285 1231 1212
f 1264 1287 1231
f 1196 1232 1317
f 1232 1250 1317
f 1251 1265 1287
f 1251 1267 1233
f 1233 1267 1252
f 1253 1266 1197
f 1269 1253 1216
f 1293 1269 1216
f 1293 1216 1254
f 1270 1293 1254
f 1299 1238 1297
f 1302 1272 1238
f 1278 1277 1255
f 1244 1257 1275
f 1258 1277 1278
f 1259 1279 1242
f 1242 1279 1257
f 1227 1312 1280
f 1260 1312 1227
f 1281 1260 1313
f 1282 1313 1261
f 1282 1262 1388
f 1285 1193 1283
f 1286 1228 1315
f 1285 1316 1231
f 1372 1343 1263
f 1231 1316 1264
f 1196 1317 1375
f 1375 1317 1345
f 1347 1287 1264
f 1318 1250 1288
f 1266 1288 1250
f 1347 1251 1287
f 1267 1251 1347
f 1252 1267 1290
f 1253 1289 1266
f 1290 1323 1252
f 1321 1289 1253
f 1291 1321 1253
f 1292 1268 1323
f 1269 1291 1253
f 1270 1294 1293
f 1271 1294 1270
f 1271 1298 1294
f 1234 1325 1236
f 1236 1325 1297
f 1235 1298 1271
f 1300 1298 1235
f 1299 1302 1238
f 1309 1301 1273
f 1273 1301 1300
f 1305 1275 1304
f 1255 1309 1273
f 1303 1307 1274
f 1257 1304 1275
f 1277 1309 1255
f 1279 1308 1304
f 1279 1304 1257
f 1305 1258 1275
f 1258 1305 1306
f 1258 1306 1277
f 1277 1306 1309
f 1276 1337 1259
f 1260 1281 1312
f 1247 1280 1311
f 1311 1280 1338
f 1338 1280 1312
f 1311 1283 1247
f 1312 1281 1340
f 1340 1281 1313
f 1283 1311 1342
f 1366 1313 1282
f 1283 1342 1314
f 1314 1285 1283
f 1369 1249 1286
f 1344 1285 1314
f 1315 1369 1286
f 1316 1285 1344
f 1264 1316 1319
f 1317 1250 1318
f 1319 1347 1264
f 1346 1318 1288
f 1319 1396 1347
f 1320 1288 1266
f 1346 1288 1320
f 1320 1266 1289
f 1290 1267 1378
f 1321 1320 1289
f 1322 1291 1269
f 1351 1269 1293
f 1351 1294 1324
f 1294 1357 1324
f 1294 1351 1293
f 1298 1357 1294
f 1295 1355 1296
f 1355 1234 1296
f 1326 1357 1298
f 1325 1299 1297
f 1300 1326 1298
f 1359 1327 1361
f 1359 1328 1327
f 1328 1301 1333
f 1301 1326 1300
f 1329 1330 1363
f 1331 1329 1361
f 1332 1361 1327
f 1331 1361 1332
f 1304 1330 1329
f 1304 1329 1331
f 1332 1327 1306
f 1333 1327 1328
f 1306 1327 1333
f 1309 1333 1301
f 1272 1364 1274
f 1302 1364 1272
f 1304 1331 1305
f 1305 1331 1332
f 1306 1333 1309
f 1308 1335 1330
f 1308 1330 1304
f 1305 1332 1306
f 1303 1336 1307
f 1335 1337 1334
f 1337 1335 1259
f 1259 1335 1279
f 1279 1335 1308
f 1256 1307 1336
f 1256 1336 1310
f 1339 1311 1338
f 1312 1340 1338
f 1338 1365 1339
f 1311 1339 1342
f 1341 1340 1313
f 1341 1313 1366
f 1368 1314 1342
f 1369 1406 1249
f 1344 1314 1368
f 1373 1344 1368
f 1344 1373 1374
f 1344 1374 1316
f 1316 1374 1319
f 1345 1317 1318
f 1319 1374 1395
f 1396 1319 1395
f 1346 1320 1376
f 1378 1267 1347
f 1376 1320 1321
f 1291 1348 1321
f 1322 1348 1291
f 1322 1349 1348
f 1323 1290 1380
f 1324 1349 1322
f 1354 1381 1350
f 1354 1350 1349
f 1269 1351 1322
f 1322 1351 1324
f 1323 1380 1292
f 1353 1381 1354
f 1354 1349 1324
f 1295 1292 1380
f 1352 1381 1353
f 1295 1380 1355
f 1357 1354 1324
f 1357 1353 1354
f 1355 1382 1234
f 1383 1234 1382
f 1356 1353 1357
f 1383 1325 1234
f 1352 1358 1414
f 1356 1352 1353
f 1360 1358 1352
f 1362 1415 1358
f 1360 1352 1356
f 1326 1356 1357
f 1450 1299 1325
f 1360 1356 1326
f 1359 1362 1358
f 1359 1358 1360
f 1360 1326 1301
f 1361 1362 1359
f 1328 1359 1360
f 1328 1360 1301
f 1329 1362 1361
f 1329 1363 1362
f 1334 1363 1335
f 1330 1335 1363
f 1274 1416 1303
f 1364 1416 1274
f 1303 1401 1336
f 1310 1336 1276
f 1340 1365 1338
f 1365 1367 1339
f 1341 1365 1340
f 1365 1385 1387
f 1367 1365 1387
f 1386 1365 1341
f 1388 1393 1282
f 1339 1368 1342
f 1368 1339 1367
f 1366 1282 1393
f 1404 1388 1284
f 1404 1284 1249
f 1406 1404 1249
f 1370 1368 1367
f 1373 1368 1370
f 1371 1369 1315
f 1370 1390 1373
f 1374 1373 1411
f 1395 1374 1411
f 1412 1318 1346
f 1379 1378 1347
f 1396 1379 1347
f 1321 1377 1376
f 1350 1377 1349
f 1349 1377 1348
f 1377 1321 1348
f 1290 1378 1379
f 1379 1380 1290
f 1352 1414 1381
f 1450 1325 1383
f 1451 1299 1450
f 1364 1299 1451
f 1364 1302 1299
f 1384 1402 1337
f 1402 1334 1337
f 1336 1384 1276
f 1276 1384 1337
f 1386 1385 1365
f 1341 1403 1386
f 1366 1403 1341
f 1394 1367 1387
f 1387 1385 1419
f 1385 1386 1403
f 1389 1367 1394
f 1394 1387 1419
f 1390 1367 1389
f 1370 1367 1390
f 1372 1409 1343
f 1391 1343 1409
f 1411 1373 1390
f 1345 1410 1375
f 1345 1318 1412
f 1346 1376 1426
f 1376 1377 1392
f 1355 1399 1382
f 1414 1358 1447
f 1362 1363 1400
f 1401 1303 1416
f 1419 1385 1403
f 1393 1388 1404
f 1405 1404 1406
f 1408 1390 1389
f 1407 1369 1371
f 1391 1407 1371
f 1410 1372 1375
f 1441 1410 1345
f 1345 1412 1441
f 1426 1412 1346
f 1426 1376 1392
f 1396 1395 1397
f 1350 1381 1392
f 1350 1392 1377
f 1397 1379 1396
f 1398 1380 1379
f 1379 1397 1398
f 1380 1398 1355
f 1398 1399 1355
f 1429 1382 1399
f 1429 1430 1382
f 1430 1383 1382
f 1430 1450 1383
f 1431 1364 1451
f 1400 1363 1417
f 1431 1416 1364
f 1418 1417 1334
f 1334 1417 1363
f 1401 1433 1336
f 1336 1433 1384
f 1433 1402 1384
f 1334 1402 1418
f 1366 1421 1403
f 1420 1403 1421
f 1421 1366 1393
f 1404 1422 1393
f 1457 1389 1394
f 1394 1419 1435
f 1394 1435 1457
f 1422 1404 1423
f 1405 1423 1404
f 1407 1406 1369
f 1409 1372 1410
f 1413 1395 1411
f 1413 1397 1395
f 1443 1392 1381
f 1381 1427 1443
f 1414 1427 1381
f 1428 1398 1397
f 1399 1398 1428
f 1428 1429 1399
f 1427 1414 1446
f 1447 1446 1414
f 1415 1447 1358
f 1362 1400 1415
f 1417 1432 1400
f 1453 1417 1418
f 1455 1402 1433
f 1418 1402 1455
f 1433 1401 1416
f 1420 1434 1403
f 1403 1434 1419
f 1422 1421 1393
f 1419 1434 1435
f 1424 1389 1457
f 1440 1423 1405
f 1439 1405 1406
f 1406 1407 1439
f 1424 1408 1389
f 1391 1425 1407
f 1409 1425 1391
f 1424 1442 1408
f 1442 1390 1408
f 1442 1411 1390
f 1412 1426 1441
f 1426 1392 1443
f 1442 1413 1411
f 1443 1427 1444
f 1397 1413 1445
f 1397 1445 1428
f 1480 1429 1428
f 1449 1450 1430
f 1415 1452 1447
f 1400 1452 1415
f 1432 1452 1400
f 1431 1454 1416
f 1416 1454 1433
f 1418 1455 1453
f 1435 1434 1436
f 1436 1434 1420
f 1436 1420 1456
f 1456 1420 1421
f 1456 1421 1437
f 1437 1421 1422
f 1422 1423 1437
f 1438 1437 1423
f 1423 1440 1438
f 1440 1405 1439
f 1440 1439 1407
f 1464 1440 1407
f 1464 1407 1425
f 1469 1409 1410
f 1441 1469 1410
f 1426 1473 1441
f 1426 1443 1473
f 1446 1444 1427
f 1428 1445 1480
f 1480 1449 1429
f 1449 1430 1429
f 1447 1448 1446
f 1447 1491 1448
f 1452 1491 1447
f 1492 1431 1451
f 1431 1492 1454
f 1452 1432 1499
f 1417 1499 1432
f 1453 1499 1417
f 1433 1454 1455
f 1436 1458 1435
f 1435 1458 1457
f 1436 1456 1458
f 1502 1457 1458
f 1459 1456 1437
f 1437 1460 1459
f 1438 1460 1437
f 1457 1502 1461
f 1502 1458 1503
f 1503 1458 1456
f 1503 1456 1459
f 1459 1460 1462
f 1460 1438 1463
f 1463 1438 1440
f 1464 1463 1440
f 1466 1424 1461
f 1461 1424 1457
f 1462 1460 1463
f 1512 1463 1464
f 1512 1464 1465
f 1464 1425 1465
f 1517 1465 1425
f 1469 1425 1409
f 1517 1425 1469
f 1467 1517 1469
f 1442 1424 1466
f 1468 1467 1470
f 1470 1467 1469
f 1470 1469 1441
f 1442 1466 1471
f 1473 1470 1441
f 1474 1476 1472
f 1472 1468 1477
f 1477 1468 1470
f 1477 1470 1473
f 1475 1413 1471
f 1471 1413 1442
f 1444 1477 1473
f 1444 1473 1443
f 1481 1476 1474
f 1474 1472 1479
f 1479 1472 1477
f 1475 1445 1413
f 1445 1475 1478
f 1483 1445 1478
f 1484 1476 1481
f 1479 1477 1446
f 1446 1477 1444
f 1445 1483 1482
f 1480 1445 1482
f 1487 1481 1474
f 1487 1474 1479
f 1448 1487 1479
f 1446 1448 1479
f 1485 1484 1481
f 1488 1481 1487
f 1482 1486 1480
f 1535 1482 1483
f 1486 1482 1535
f 1533 1484 1485
f 1486 1449 1480
f 1493 1485 1481
f 1490 1533 1485
f 1493 1481 1488
f 1491 1487 1448
f 1486 1450 1449
f 1486 1492 1450
f 1489 1486 1535
f 1492 1486 1489
f 1491 1488 1487
f 1493 1488 1491
f 1492 1451 1450
f 1495 1491 1452
f 1495 1493 1491
f 1545 1485 1494
f 1494 1485 1493
f 1454 1492 1489
f 1489 1543 1454
f 1498 1494 1493
f 1498 1493 1495
f 1499 1495 1452
f 1454 1543 1500
f 1500 1543 1496
f 1496 1545 1497
f 1497 1545 1494
f 1497 1494 1498
f 1499 1498 1495
f 1500 1496 1497
f 1497 1498 1453
f 1453 1498 1499
f 1454 1500 1455
f 1455 1500 1497
f 1455 1497 1453
f 1501 1461 1502
f 1504 1501 1502
f 1504 1502 1503
f 1505 1504 1503
f 1459 1505 1503
f 1459 1506 1505
f 1462 1506 1459
f 1501 1507 1461
f 1501 1513 1507
f 1508 1501 1504
f 1513 1501 1508
f 1508 1504 1509
f 1509 1504 1505
f 1509 1505 1506
f 1509 1506 1510
f 1512 1462 1463
f 1518 1508 1516
f 1516 1508 1509
f 1511 1509 1510
f 1516 1509 1511
f 1512 1506 1462
f 1507 1466 1461
f 1514 1510 1506
f 1511 1510 1514
f 1514 1506 1512
f 1514 1512 1515
f 1515 1512 1465
f 1528 1513 1508
f 1528 1508 1518
f 1519 1511 1514
f 1519 1514 1515
f 1517 1515 1465
f 1517 1520 1515
f 1526 1516 1511
f 1517 1467 1520
f 1521 1507 1513
f 1526 1511 1519
f 1523 1515 1520
f 1468 1520 1467
f 1507 1522 1466
f 1507 1521 1522
f 1528 1521 1513
f 1531 1528 1518
f 1519 1515 1523
f 1523 1520 1472
f 1472 1520 1468
f 1522 1471 1466
f 1525 1522 1521
f 1524 1521 1528
f 1476 1523 1472
f 1531 1516 1529
f 1526 1519 1523
f 1526 1523 1476
f 1522 1475 1471
f 1531 1518 1516
f 1529 1516 1526
f 1522 1478 1475
f 1522 1525 1478
f 1527 1525 1521
f 1527 1521 1524
f 1529 1526 1484
f 1484 1526 1476
f 1534 1524 1528
f 1478 1525 1527
f 1483 1478 1527
f 1483 1527 1536
f 1534 1527 1524
f 1534 1528 1532
f 1530 1531 1529
f 1530 1529 1533
f 1533 1529 1484
f 1536 1527 1534
f 1532 1528 1531
f 1532 1531 1537
f 1537 1531 1530
f 1538 1534 1532
f 1490 1530 1533
f 1539 1483 1536
f 1535 1483 1539
f 1490 1537 1530
f 1540 1536 1534
f 1539 1536 1540
f 1535 1539 1489
f 1540 1534 1538
f 1541 1538 1532
f 1541 1532 1537
f 1541 1537 1490
f 1485 1541 1490
f 1545 1541 1485
f 1539 1543 1489
f 1543 1539 1540
f 1544 1540 1538
f 1543 1540 1544
f 1544 1538 1542
f 1542 1538 1541
f 1542 1541 1545
f 1544 1542 1545
f 1543 1544 1496
f 1496 1544 1545
# 3086 faces, 0 coords texture

# End of File
