####
#
# OBJ File Generated by Meshlab
#
####
# Object AL-VA4R.obj
#
# Vertices: 1570
# Faces: 3136
#
####
v 22730.283203 32646.515625 30689.410156
v 22803.669922 32673.673828 30691.205078
v 22757.041016 32738.539062 30691.546875
v 22628.201172 32594.449219 30733.906250
v 22792.835938 32643.611328 30721.003906
v 22616.923828 32679.156250 30721.255859
v 22721.691406 32719.035156 30688.978516
v 22792.117188 32811.507812 30745.527344
v 22682.062500 32805.398438 30724.613281
v 22725.570312 32877.468750 30758.478516
v 22835.839844 32737.595703 30731.640625
v 22601.705078 32821.679688 30745.449219
v 22532.107422 32636.896484 30757.240234
v 22562.851562 32742.130859 30743.222656
v 22707.591797 32961.804688 30804.984375
v 22630.386719 32902.218750 30769.707031
v 22415.337891 32820.214844 30794.462891
v 22816.656250 32807.519531 30762.244141
v 22490.382812 32951.054688 30816.308594
v 22750.962891 32942.414062 30813.703125
v 22739.705078 32593.476562 30713.277344
v 22582.595703 32564.515625 30774.992188
v 22455.802734 32615.052734 30792.429688
v 22740.562500 32653.472656 30783.978516
v 22401.140625 32687.970703 30794.783203
v 22467.896484 32717.523438 30771.890625
v 22770.621094 32724.142578 30799.794922
v 22799.890625 32796.941406 30801.236328
v 22626.234375 33000.734375 30824.609375
v 22569.119141 32999.906250 30827.109375
v 22498.953125 32541.041016 30834.093750
v 22607.365234 32579.699219 30821.664062
v 22324.066406 32653.884766 30823.958984
v 22702.273438 32620.255859 30786.373047
v 22272.324219 32726.296875 30831.250000
v 22782.736328 32893.460938 30817.933594
v 22343.734375 32925.242188 30838.166016
v 22440.972656 32899.777344 30808.328125
v 22590.800781 33101.152344 30883.796875
v 22366.457031 32538.970703 30859.595703
v 22398.121094 32521.511719 30883.046875
v 22177.748047 32518.177734 30909.210938
v 22455.765625 32559.162109 30819.816406
v 22347.388672 32595.232422 30833.183594
v 22189.851562 32652.898438 30860.189453
v 22140.039062 32756.113281 30862.347656
v 22246.021484 32813.351562 30840.574219
v 22310.359375 32853.109375 30829.800781
v 22657.169922 33034.144531 30851.175781
v 22502.250000 33140.621094 30902.609375
v 22254.111328 32494.345703 30912.978516
v 22176.439453 32578.349609 30883.261719
v 22464.941406 32543.025391 30881.943359
v 22084.566406 32635.154297 30887.095703
v 22095.074219 32695.199219 30874.890625
v 21981.029297 32672.064453 30898.138672
v 21967.644531 32738.406250 30893.298828
v 22576.527344 32602.246094 30883.910156
v 22080.894531 32810.195312 30875.560547
v 22231.515625 32924.179688 30860.433594
v 22757.384766 32887.015625 30879.539062
v 21932.640625 32925.328125 30904.259766
v 22199.486328 32989.968750 30881.703125
v 22093.488281 32892.902344 30879.835938
v 22305.447266 33048.605469 30882.763672
v 22714.550781 33044.378906 30916.433594
v 22685.859375 33073.945312 30901.623047
v 22416.914062 32999.691406 30848.330078
v 22615.287109 33148.460938 30928.201172
v 22479.250000 33087.500000 30876.843750
v 22394.275391 33142.640625 30908.486328
v 22302.214844 32497.160156 30918.490234
v 22054.380859 32531.054688 30923.560547
v 22244.298828 32485.878906 30968.607422
v 21399.828125 32543.902344 30965.765625
v 22367.978516 32545.142578 30970.369141
v 21705.609375 32567.457031 30945.236328
v 21955.507812 32587.187500 30918.740234
v 21572.464844 32620.664062 30941.421875
v 21707.667969 32650.634766 30929.699219
v 21850.546875 32556.580078 30937.523438
v 21554.056641 32677.167969 30934.333984
v 21854.013672 32640.162109 30919.158203
v 21785.302734 32731.078125 30915.625000
v 21933.175781 32786.281250 30896.367188
v 22645.210938 32678.107422 30888.841797
v 21403.519531 32830.871094 30931.867188
v 21382.412109 32675.900391 30940.134766
v 21338.896484 32776.304688 30937.462891
v 21633.144531 32807.250000 30921.677734
v 21966.378906 32842.324219 30893.056641
v 21634.960938 32887.781250 30921.460938
v 21810.203125 32832.898438 30909.878906
v 21886.275391 33000.683594 30916.859375
v 22742.617188 32965.980469 30909.363281
v 22019.205078 32997.527344 30905.015625
v 22220.757812 33078.343750 30901.277344
v 22723.314453 33026.531250 30938.238281
v 22268.468750 33162.757812 30922.699219
v 22569.212891 33202.128906 30951.148438
v 22437.281250 33298.863281 30984.984375
v 22390.099609 33241.328125 30950.927734
v 22026.958984 32448.042969 30966.388672
v 22202.564453 32473.626953 30937.937500
v 21301.648438 32488.791016 30992.720703
v 21626.203125 32444.503906 30986.636719
v 21910.580078 32498.464844 30951.466797
v 21422.296875 32482.644531 30983.541016
v 21783.103516 32496.822266 30960.500000
v 22193.283203 32489.771484 31033.447266
v 21592.298828 32493.798828 30970.353516
v 21231.875000 32650.945312 30963.875000
v 21375.617188 32614.835938 30951.501953
v 21211.640625 32576.046875 30982.738281
v 22513.031250 32639.097656 30965.134766
v 21014.955078 32660.382812 30997.164062
v 21087.568359 32720.179688 30972.964844
v 21146.556641 32742.837891 30961.697266
v 22696.429688 32720.697266 30870.341797
v 21205.386719 32792.640625 30951.486328
v 21012.072266 32825.046875 30971.152344
v 21057.412109 32880.417969 30964.271484
v 21434.140625 32947.554688 30938.128906
v 21804.740234 32934.250000 30915.001953
v 21251.734375 32876.781250 30947.949219
v 21482.513672 33020.394531 30942.388672
v 21371.570312 33089.191406 30957.201172
v 21763.289062 33073.910156 30934.849609
v 21795.863281 33137.308594 30944.048828
v 21950.771484 33079.949219 30925.470703
v 22138.648438 33136.718750 30924.054688
v 22018.595703 33171.261719 30940.160156
v 22140.212891 33213.839844 30945.876953
v 22514.390625 33221.355469 30952.363281
v 22254.539062 33248.683594 30955.673828
v 22537.275391 33298.445312 31014.269531
v 22024.769531 32413.986328 30993.205078
v 22125.677734 32443.578125 30976.433594
v 21482.492188 32416.265625 31003.119141
v 21759.181641 32422.253906 30994.117188
v 22112.718750 32442.402344 31010.111328
v 20980.841797 32579.070312 31024.101562
v 20895.132812 32671.792969 31014.656250
v 20904.601562 32765.423828 30994.449219
v 20809.193359 32821.292969 31000.558594
v 20912.548828 32908.597656 30982.787109
v 22701.285156 33051.945312 31014.716797
v 21000.349609 32954.566406 30973.980469
v 21134.373047 32965.953125 30960.779297
v 21232.013672 33043.867188 30961.003906
v 21437.332031 33148.015625 30963.841797
v 20914.019531 33065.078125 30991.220703
v 21036.496094 33095.027344 30983.572266
v 21228.835938 33131.046875 30975.335938
v 21809.519531 33223.937500 30962.671875
v 21153.640625 33179.636719 30989.960938
v 21441.197266 33212.433594 30979.642578
v 21539.554688 33212.703125 30971.974609
v 21855.044922 33294.500000 30980.457031
v 22110.681641 33290.281250 30970.378906
v 22062.062500 33361.628906 31000.701172
v 22338.871094 33326.109375 30992.376953
v 21241.078125 32411.443359 31028.871094
v 21710.228516 32304.591797 31078.712891
v 21912.343750 32389.820312 31008.978516
v 21358.878906 32370.863281 31036.025391
v 21930.466797 32378.337891 31051.019531
v 21545.255859 32381.541016 31017.843750
v 21117.947266 32512.884766 31017.134766
v 22043.675781 32433.492188 31078.644531
v 22431.570312 32592.248047 30980.898438
v 20750.251953 32572.478516 31060.269531
v 20847.316406 32560.091797 31052.617188
v 19543.037109 32836.492188 31027.417969
v 19492.056641 32808.250000 31034.732422
v 20739.669922 32678.382812 31033.792969
v 20698.761719 32805.496094 31016.648438
v 19418.441406 32844.593750 31039.996094
v 20453.626953 32837.175781 31028.306641
v 20652.738281 32900.875000 31012.013672
v 20782.826172 32886.914062 31000.236328
v 22606.300781 32802.410156 31008.623047
v 22703.642578 32822.132812 30921.492188
v 20632.039062 33021.277344 31012.226562
v 19527.320312 32954.691406 31030.771484
v 19305.689453 32908.554688 31068.246094
v 20774.802734 32993.707031 30999.902344
v 22688.560547 32911.816406 30979.978516
v 22717.605469 32946.734375 30955.058594
v 19342.878906 33036.050781 31087.828125
v 19468.933594 32995.785156 31042.740234
v 20713.382812 33080.792969 31010.125000
v 22679.123047 33176.554688 31065.371094
v 20656.007812 33147.281250 31018.222656
v 22614.033203 33219.617188 30991.714844
v 20906.908203 33177.191406 31007.970703
v 20966.824219 33166.679688 30999.113281
v 21553.205078 33299.105469 31000.275391
v 21118.962891 33239.468750 31007.716797
v 21299.617188 33253.078125 30999.351562
v 21852.130859 33341.402344 30997.283203
v 21056.437500 33288.957031 31024.529297
v 21262.109375 33328.921875 31028.529297
v 21623.708984 33364.757812 31023.898438
v 21895.894531 33394.941406 31020.437500
v 20993.351562 33339.195312 31038.994141
v 21411.998047 33381.093750 31045.000000
v 21642.054688 33407.218750 31046.392578
v 21266.574219 33395.453125 31058.054688
v 21477.548828 33424.406250 31069.939453
v 21709.039062 33437.105469 31064.935547
v 22462.382812 33368.898438 31031.359375
v 21959.958984 33456.539062 31058.216797
v 21779.833984 33463.640625 31085.861328
v 22317.238281 33393.421875 31027.025391
v 22081.359375 33393.894531 31016.990234
v 22153.416016 33479.890625 31079.636719
v 22033.154297 33484.929688 31083.689453
v 21661.193359 32354.746094 31035.593750
v 21979.539062 32403.197266 31080.087891
v 21138.925781 32420.458984 31045.158203
v 22211.916016 32525.332031 31074.603516
v 19715.578125 32565.173828 31072.697266
v 20980.691406 32495.970703 31050.740234
v 19569.652344 32563.117188 31076.783203
v 19702.447266 32686.287109 31055.373047
v 19776.492188 32624.087891 31061.824219
v 20879.203125 32436.748047 31094.814453
v 19455.191406 32580.125000 31081.433594
v 19530.583984 32705.302734 31054.669922
v 19669.837891 32794.929688 31040.751953
v 19888.468750 32816.523438 31042.312500
v 19277.623047 32720.238281 31079.904297
v 19416.933594 32700.210938 31060.771484
v 19796.640625 32933.289062 31033.550781
v 20569.625000 32623.625000 31056.929688
v 22440.316406 32694.937500 31071.302734
v 19156.689453 32752.710938 31137.994141
v 20064.835938 32847.230469 31039.222656
v 20481.437500 32692.925781 31045.363281
v 20595.238281 32737.080078 31033.578125
v 19219.093750 32760.419922 31093.810547
v 19342.986328 32740.082031 31061.500000
v 19958.849609 32716.822266 31048.593750
v 22570.839844 32695.199219 30965.187500
v 20560.341797 32814.070312 31025.386719
v 19254.335938 32806.125000 31077.474609
v 20224.216797 32802.625000 31037.349609
v 20233.861328 32868.445312 31034.437500
v 19205.039062 32871.304688 31094.431641
v 19805.650391 33047.722656 31036.644531
v 20459.781250 32915.843750 31023.789062
v 19273.511719 33024.804688 31111.517578
v 19635.525391 32913.785156 31024.669922
v 20379.683594 32974.402344 31027.583984
v 22632.080078 32934.601562 31056.119141
v 20070.857422 33103.234375 31039.570312
v 20009.753906 33149.667969 31043.271484
v 19326.408203 33092.292969 31112.679688
v 19727.208984 33092.914062 31040.003906
v 20144.705078 33007.351562 31036.212891
v 19562.566406 33020.847656 31037.531250
v 20441.814453 33116.562500 31030.835938
v 19628.845703 33148.320312 31058.039062
v 19822.265625 33226.648438 31058.203125
v 19423.599609 33157.894531 31103.195312
v 20242.042969 33239.261719 31047.123047
v 20344.781250 33171.390625 31039.904297
v 19522.611328 33115.117188 31066.691406
v 20618.982422 33200.515625 31028.201172
v 22665.009766 33184.492188 31020.984375
v 20412.205078 33274.066406 31048.599609
v 22623.222656 33260.503906 31053.306641
v 20732.734375 33230.265625 31024.826172
v 20738.275391 33296.988281 31040.640625
v 22577.576172 33342.652344 31083.343750
v 20846.863281 33287.500000 31030.208984
v 20964.529297 33397.214844 31062.966797
v 20539.156250 33254.164062 31043.171875
v 21139.408203 33362.746094 31045.148438
v 21128.115234 33414.335938 31069.951172
v 21572.550781 33449.746094 31089.878906
v 20681.355469 33367.882812 31062.826172
v 20832.867188 33380.175781 31061.363281
v 21312.933594 33431.316406 31080.382812
v 21419.433594 33457.515625 31103.929688
v 22522.636719 33377.144531 31062.658203
v 20916.683594 33442.324219 31087.576172
v 21091.625000 33451.171875 31095.783203
v 21236.248047 33457.476562 31105.425781
v 22310.615234 33437.535156 31055.306641
v 20763.648438 33436.699219 31084.210938
v 20818.384766 33479.683594 31106.023438
v 21001.994141 33485.285156 31119.201172
v 21172.117188 33484.843750 31133.134766
v 22089.843750 33439.496094 31046.248047
v 20639.496094 33470.835938 31098.871094
v 20947.191406 33518.050781 31147.269531
v 20861.220703 33516.828125 31136.929688
v 22210.132812 33503.914062 31107.248047
v 21253.425781 32330.382812 31067.980469
v 21448.845703 32334.476562 31050.103516
v 21449.789062 32252.861328 31113.765625
v 21617.109375 32306.320312 31071.753906
v 21840.574219 32346.710938 31053.625000
v 21101.769531 32351.285156 31084.324219
v 19568.199219 32418.382812 31111.812500
v 19679.484375 32418.779297 31109.214844
v 19259.710938 32529.941406 31135.652344
v 19427.929688 32502.830078 31100.443359
v 19845.326172 32411.740234 31107.685547
v 21006.181641 32420.378906 31076.283203
v 19589.054688 32474.888672 31095.320312
v 19890.488281 32479.019531 31088.443359
v 19335.730469 32563.597656 31100.845703
v 20624.369141 32483.972656 31097.878906
v 20749.074219 32487.976562 31089.152344
v 19220.804688 32635.533203 31118.224609
v 19203.554688 32602.306641 31151.792969
v 22176.125000 32563.531250 31153.197266
v 19275.273438 32598.505859 31108.035156
v 20315.810547 32560.419922 31073.111328
v 20301.519531 32465.417969 31099.375000
v 20444.789062 32586.914062 31067.572266
v 20645.583984 32562.699219 31070.580078
v 20093.423828 32490.794922 31085.035156
v 20327.791016 32690.478516 31046.796875
v 19949.585938 32564.585938 31069.248047
v 20190.152344 32710.021484 31045.599609
v 20278.964844 32643.683594 31053.818359
v 22472.699219 32869.234375 31170.078125
v 19215.390625 32917.550781 31100.847656
v 22614.941406 33024.136719 31125.291016
v 19286.912109 33090.750000 31137.324219
v 20100.597656 33268.878906 31055.794922
v 19962.064453 33326.101562 31070.353516
v 19560.820312 33277.109375 31108.964844
v 19609.638672 33261.429688 31093.134766
v 20331.185547 33340.765625 31060.326172
v 19745.992188 33311.175781 31086.855469
v 19487.607422 33260.761719 31125.261719
v 20111.375000 33354.917969 31072.205078
v 19702.037109 33371.683594 31115.552734
v 20503.402344 33347.238281 31059.250000
v 21434.685547 33479.750000 31141.650391
v 21633.001953 33472.542969 31121.683594
v 20354.175781 33415.535156 31080.279297
v 21305.966797 33485.890625 31146.433594
v 21579.800781 33494.890625 31182.099609
v 22343.781250 33470.332031 31085.736328
v 20563.591797 33423.636719 31079.785156
v 21104.484375 33510.347656 31156.890625
v 21249.373047 33515.484375 31193.230469
v 21404.794922 33506.765625 31203.169922
v 20477.552734 33474.058594 31103.894531
v 21021.654297 33541.089844 31193.625000
v 22076.789062 33509.625000 31127.972656
v 20581.494141 33515.414062 31127.515625
v 20691.380859 33530.992188 31141.292969
v 22287.701172 33532.621094 31147.320312
v 21206.191406 32252.332031 31140.625000
v 21337.968750 32228.662109 31143.988281
v 21538.599609 32251.025391 31122.173828
v 21278.773438 32280.488281 31100.445312
v 19536.994141 32326.708984 31152.496094
v 19774.099609 32284.781250 31159.089844
v 21784.599609 32322.046875 31091.810547
v 19340.871094 32409.648438 31159.705078
v 19657.437500 32353.761719 31133.496094
v 19888.546875 32325.980469 31142.021484
v 19432.671875 32418.933594 31124.685547
v 19838.287109 32374.150391 31121.169922
v 20951.431641 32327.546875 31140.990234
v 19361.220703 32459.679688 31128.347656
v 20797.068359 32395.654297 31124.914062
v 20143.673828 32358.099609 31134.632812
v 20415.462891 32397.501953 31134.164062
v 20679.562500 32404.824219 31130.658203
v 21999.882812 32449.927734 31148.851562
v 20049.630859 32406.175781 31111.785156
v 20477.812500 32475.195312 31102.970703
v 22360.673828 32612.689453 31059.525391
v 22408.855469 32744.957031 31135.062500
v 19147.156250 32841.140625 31132.441406
v 19150.921875 32918.265625 31150.283203
v 19201.353516 33004.265625 31149.230469
v 22651.158203 33082.156250 31108.941406
v 22680.767578 33118.054688 31074.941406
v 22637.234375 33246.976562 31150.865234
v 19384.912109 33189.761719 31133.722656
v 22638.457031 33263.671875 31105.302734
v 20114.562500 33418.093750 31087.921875
v 19812.785156 33418.234375 31112.519531
v 19510.794922 33334.949219 31153.210938
v 22588.412109 33363.296875 31130.957031
v 19977.792969 33471.257812 31118.082031
v 19689.023438 33488.820312 31171.597656
v 20122.824219 33464.437500 31105.337891
v 21883.492188 33490.234375 31113.652344
v 21946.947266 33509.335938 31178.207031
v 20114.341797 33496.976562 31122.718750
v 22067.707031 33518.300781 31175.443359
v 20115.138672 33538.898438 31169.531250
v 20335.843750 33505.792969 31129.619141
v 20861.617188 33559.078125 31190.595703
v 20295.031250 33526.105469 31151.644531
v 20479.732422 33539.921875 31157.683594
v 20732.419922 33561.742188 31174.906250
v 22263.785156 33537.089844 31162.320312
v 21320.546875 32201.250000 31185.900391
v 19475.123047 32284.962891 31180.544922
v 19622.529297 32247.734375 31191.570312
v 21579.892578 32260.310547 31152.269531
v 19426.173828 32285.513672 31194.357422
v 19913.519531 32262.164062 31179.703125
v 20036.962891 32274.609375 31174.808594
v 21125.863281 32306.480469 31106.478516
v 19349.572266 32338.751953 31202.742188
v 20415.283203 32328.039062 31172.554688
v 21770.220703 32325.380859 31128.318359
v 20611.535156 32325.205078 31178.062500
v 20776.037109 32336.242188 31161.771484
v 20249.394531 32331.609375 31157.546875
v 20544.527344 32363.050781 31155.345703
v 20530.275391 32412.396484 31130.060547
v 19260.623047 32477.207031 31176.404297
v 21992.125000 32496.876953 31223.773438
v 19190.076172 32603.417969 31188.441406
v 19186.636719 32602.740234 31228.562500
v 22316.443359 32653.753906 31134.414062
v 19133.183594 32782.593750 31189.269531
v 22537.843750 32924.050781 31144.556641
v 19227.214844 33094.488281 31184.460938
v 22611.947266 33239.539062 31192.902344
v 19499.677734 33377.847656 31186.242188
v 21602.029297 33505.468750 31231.035156
v 20114.802734 33516.218750 31141.011719
v 21363.390625 33536.132812 31296.685547
v 22425.218750 33462.105469 31099.558594
v 19914.771484 33546.320312 31177.740234
v 20952.589844 33564.906250 31224.363281
v 21139.705078 33551.839844 31253.408203
v 19851.876953 33515.898438 31155.361328
v 20056.164062 33555.828125 31200.525391
v 20307.183594 33548.949219 31187.710938
v 19908.048828 33563.007812 31212.742188
v 20562.984375 33566.199219 31188.773438
v 21180.691406 32209.832031 31197.597656
v 21432.101562 32224.285156 31191.003906
v 19489.273438 32225.494141 31224.847656
v 19741.453125 32209.878906 31215.666016
v 21028.132812 32261.996094 31173.058594
v 21431.847656 32236.714844 31257.154297
v 20761.417969 32266.927734 31213.216797
v 21458.666016 32257.394531 31294.781250
v 20281.949219 32255.361328 31212.875000
v 20633.861328 32256.435547 31228.476562
v 20463.228516 32289.894531 31201.117188
v 21675.642578 32354.849609 31288.384766
v 19249.335938 32469.052734 31260.136719
v 19151.220703 32700.207031 31192.472656
v 22350.990234 32808.976562 31230.699219
v 19122.972656 32913.199219 31215.492188
v 19355.257812 33278.464844 31231.244141
v 19411.921875 33293.531250 31190.037109
v 22626.156250 33301.816406 31162.593750
v 19622.566406 33477.117188 31188.585938
v 21719.230469 33491.031250 31156.212891
v 22500.359375 33479.093750 31182.005859
v 22139.015625 33526.625000 31229.500000
v 22486.429688 33477.312500 31146.230469
v 21046.941406 33571.464844 31287.935547
v 20087.341797 33564.648438 31233.482422
v 20302.455078 33564.171875 31230.886719
v 20746.320312 33590.394531 31232.736328
v 20874.708984 33586.292969 31295.587891
v 19646.820312 33516.605469 31217.900391
v 22347.650391 33525.531250 31154.060547
v 19813.617188 33562.429688 31212.267578
v 19600.652344 32198.712891 31231.085938
v 19819.218750 32143.386719 31279.123047
v 21033.851562 32213.228516 31218.437500
v 21111.041016 32178.667969 31255.980469
v 21212.853516 32195.339844 31221.011719
v 19418.816406 32247.332031 31236.134766
v 20312.621094 32217.361328 31248.365234
v 20886.013672 32236.679688 31223.917969
v 21280.992188 32197.679688 31295.408203
v 19351.886719 32304.800781 31256.501953
v 20472.568359 32234.527344 31245.367188
v 19338.648438 32314.296875 31298.972656
v 21662.246094 32300.259766 31186.216797
v 21869.390625 32393.847656 31175.117188
v 19143.439453 32992.218750 31211.259766
v 19176.685547 33048.269531 31205.400391
v 22523.322266 32991.871094 31199.539062
v 19285.029297 33228.449219 31272.484375
v 19453.064453 33382.523438 31237.500000
v 22563.269531 33405.335938 31196.148438
v 22020.078125 33513.324219 31253.695312
v 21399.707031 33523.265625 31254.734375
v 21195.552734 33560.183594 31320.865234
v 19871.298828 33570.187500 31237.585938
v 20182.248047 33568.488281 31271.964844
v 20519.244141 33575.265625 31226.599609
v 22309.667969 33542.730469 31205.207031
v 20700.402344 33593.757812 31254.386719
v 22448.142578 33514.253906 31198.427734
v 19718.228516 33557.234375 31279.257812
v 19555.505859 32177.859375 31261.978516
v 19949.103516 32192.378906 31233.738281
v 21005.984375 32175.412109 31265.240234
v 19978.066406 32216.800781 31214.968750
v 21217.597656 32186.509766 31262.417969
v 20877.009766 32187.984375 31273.572266
v 20687.617188 32202.101562 31277.365234
v 21824.958984 32429.136719 31276.134766
v 19147.105469 33064.613281 31361.908203
v 22550.451172 33164.632812 31244.115234
v 22565.648438 33288.507812 31262.753906
v 19567.580078 33479.066406 31231.712891
v 21724.664062 33505.242188 31240.433594
v 21885.462891 33507.886719 31281.166016
v 22514.056641 33454.753906 31243.587891
v 20388.925781 33570.781250 31356.691406
v 20540.013672 33581.976562 31266.203125
v 22373.007812 33529.964844 31243.146484
v 19514.621094 32144.285156 31320.978516
v 21032.320312 32154.458984 31300.128906
v 22035.433594 32573.183594 31279.113281
v 19139.193359 32734.203125 31246.275391
v 22119.265625 32724.373047 31357.408203
v 22484.775391 33107.285156 31291.929688
v 21525.339844 33522.921875 31302.167969
v 19507.517578 33480.777344 31345.714844
v 19984.365234 33561.515625 31391.130859
v 20015.462891 33571.390625 31299.062500
v 20724.242188 33591.453125 31297.734375
v 19627.343750 33530.597656 31294.990234
v 19840.224609 33569.261719 31297.324219
v 19750.500000 32107.492188 31322.619141
v 19934.076172 32104.218750 31328.210938
v 20129.060547 32163.998047 31281.490234
v 20910.056641 32147.197266 31321.431641
v 20446.791016 32179.984375 31296.685547
v 20417.005859 32126.595703 31353.556641
v 20773.482422 32159.511719 31318.710938
v 21535.144531 32299.914062 31320.322266
v 21802.974609 32509.029297 31406.398438
v 22099.664062 32644.058594 31298.099609
v 19154.150391 32704.480469 31333.048828
v 19121.158203 32848.917969 31293.308594
v 19185.398438 33116.480469 31310.517578
v 19238.484375 33193.953125 31317.117188
v 21770.529297 33508.085938 31309.527344
v 22269.785156 33535.886719 31253.462891
v 20239.662109 33568.031250 31343.376953
v 20334.529297 33571.613281 31289.958984
v 19511.486328 32108.076172 31409.654297
v 19654.472656 32105.513672 31339.552734
v 19459.845703 32176.503906 31331.029297
v 21115.517578 32165.447266 31311.359375
v 19426.521484 33415.523438 31328.406250
v 22578.837891 33340.914062 31245.576172
v 22509.369141 33428.074219 31301.597656
v 22127.404297 33508.191406 31311.373047
v 22379.175781 33463.468750 31343.076172
v 19664.158203 33546.125000 31319.939453
v 19726.414062 33551.246094 31382.691406
v 20982.552734 32114.587891 31414.798828
v 19432.310547 32181.687500 31396.179688
v 20652.658203 32132.515625 31354.644531
v 21166.613281 32171.558594 31369.404297
v 19387.708984 32239.695312 31369.130859
v 21392.431641 32259.591797 31388.246094
v 21689.716797 32427.089844 31400.093750
v 21910.923828 32547.582031 31356.224609
v 21842.490234 32662.388672 31544.902344
v 19198.085938 32583.265625 31348.292969
v 19184.501953 32625.230469 31441.431641
v 19119.310547 32908.648438 31353.123047
v 22406.226562 33004.460938 31313.914062
v 19122.216797 32977.300781 31312.482422
v 19134.019531 33037.761719 31458.099609
v 22508.751953 33299.742188 31322.142578
v 19316.302734 33318.136719 31378.175781
v 21641.501953 33513.562500 31305.980469
v 21996.595703 33501.402344 31346.253906
v 22464.056641 33473.550781 31287.724609
v 20455.933594 33566.218750 31406.826172
v 21428.806641 33537.562500 31369.636719
v 21469.248047 33533.050781 31425.767578
v 20671.654297 33583.929688 31368.824219
v 19763.287109 32044.962891 31411.380859
v 20951.742188 32121.312500 31367.824219
v 20047.333984 32088.128906 31364.867188
v 20839.906250 32111.558594 31378.662109
v 21183.599609 32182.042969 31449.607422
v 21319.070312 32222.216797 31363.876953
v 19278.912109 32412.632812 31304.738281
v 22292.195312 32991.378906 31405.367188
v 19149.078125 33102.101562 31511.570312
v 22339.783203 33066.105469 31404.501953
v 22424.015625 33200.906250 31379.316406
v 22495.976562 33349.546875 31333.671875
v 19350.482422 33372.187500 31429.203125
v 22472.076172 33404.160156 31346.033203
v 19453.843750 33449.648438 31362.673828
v 21583.744141 33523.828125 31374.304688
v 22089.390625 33488.460938 31386.060547
v 22192.634766 33484.953125 31366.861328
v 22294.037109 33496.062500 31324.554688
v 22276.080078 33452.812500 31397.607422
v 20208.361328 33551.343750 31452.171875
v 19607.474609 32068.695312 31410.390625
v 20882.140625 32064.189453 31485.802734
v 19865.416016 32040.427734 31416.130859
v 20710.341797 32086.013672 31417.207031
v 21456.460938 32306.968750 31429.269531
v 19345.652344 32281.347656 31456.955078
v 19304.978516 32348.871094 31466.722656
v 19205.412109 32567.539062 31478.726562
v 19133.818359 32797.632812 31387.673828
v 19124.699219 32874.148438 31456.625000
v 19123.308594 32967.976562 31461.482422
v 19226.958984 33237.312500 31460.562500
v 22119.046875 33462.101562 31452.482422
v 22334.203125 33415.871094 31413.123047
v 19906.548828 33531.128906 31564.021484
v 19667.666016 33537.496094 31454.119141
v 19810.839844 33551.945312 31418.539062
v 19600.857422 33535.351562 31401.181641
v 20901.906250 33579.769531 31407.380859
v 21005.007812 33580.179688 31347.482422
v 20846.330078 32084.529297 31425.921875
v 19565.259766 32033.351562 31493.591797
v 21076.056641 32138.583984 31576.369141
v 21259.613281 32217.101562 31464.613281
v 19391.097656 32203.492188 31490.666016
v 21565.511719 32378.050781 31448.595703
v 19251.828125 32460.640625 31395.236328
v 19156.146484 32712.220703 31441.357422
v 19179.003906 33149.601562 31436.455078
v 22387.564453 33261.449219 31426.277344
v 19283.363281 33317.394531 31497.275391
v 22332.347656 33278.820312 31475.417969
v 22349.634766 33328.214844 31455.474609
v 22360.894531 33377.078125 31427.359375
v 22215.365234 33419.031250 31477.119141
v 21872.164062 33501.363281 31378.005859
v 21970.351562 33488.898438 31427.035156
v 20772.558594 32006.472656 31556.289062
v 19729.082031 31985.744141 31496.970703
v 20658.642578 32031.472656 31490.373047
v 20293.466797 32113.314453 31361.042969
v 20916.337891 32059.902344 31548.568359
v 19477.457031 32079.667969 31530.000000
v 21046.853516 32125.435547 31484.068359
v 21345.910156 32274.718750 31507.701172
v 21468.974609 32348.093750 31507.544922
v 19301.789062 32329.087891 31559.048828
v 21914.111328 32735.792969 31549.343750
v 22236.675781 32903.828125 31397.603516
v 19118.335938 32917.632812 31569.384766
v 22307.869141 33135.691406 31464.000000
v 22240.925781 33376.914062 31510.617188
v 22126.906250 33441.078125 31492.546875
v 19329.658203 33379.042969 31546.869141
v 20033.291016 33525.039062 31600.027344
v 21831.363281 33493.347656 31462.164062
v 19466.583984 33478.625000 31532.257812
v 20449.224609 33550.632812 31486.015625
v 21439.462891 33532.164062 31480.460938
v 21621.621094 33516.750000 31465.818359
v 19647.451172 31975.365234 31530.494141
v 19847.378906 31954.750000 31528.562500
v 20284.533203 32046.914062 31446.359375
v 20953.556641 32068.982422 31601.507812
v 19445.177734 32133.605469 31491.427734
v 21152.658203 32181.492188 31577.480469
v 19378.455078 32191.488281 31557.146484
v 19248.000000 32461.144531 31507.525391
v 19155.972656 32701.464844 31563.615234
v 22115.482422 32798.675781 31423.927734
v 19137.492188 32789.902344 31494.585938
v 22305.789062 33194.199219 31484.951172
v 22273.417969 33266.105469 31530.189453
v 19232.484375 33293.433594 31631.011719
v 22058.162109 33395.015625 31609.482422
v 21939.058594 33436.218750 31606.138672
v 21982.402344 33409.203125 31632.082031
v 20354.000000 33513.054688 31649.351562
v 21985.660156 33473.734375 31485.181641
v 21714.080078 33509.617188 31402.097656
v 21680.894531 33500.906250 31529.666016
v 19575.371094 33519.308594 31482.000000
v 19609.121094 33503.207031 31639.052734
v 20845.431641 33554.957031 31534.054688
v 21194.193359 33563.062500 31395.042969
v 19511.316406 31984.675781 31615.408203
v 21267.005859 32236.906250 31530.794922
v 21547.925781 32411.562500 31526.691406
v 21686.707031 32512.632812 31526.648438
v 21797.910156 32596.779297 31516.441406
v 22019.765625 32865.519531 31564.302734
v 22139.072266 32982.273438 31539.324219
v 19119.195312 32989.371094 31573.761719
v 19119.578125 33032.640625 31629.896484
v 22143.660156 33129.929688 31616.648438
v 22251.552734 33329.937500 31537.837891
v 19801.775391 33522.035156 31608.398438
v 21857.460938 33456.089844 31600.250000
v 19713.478516 33511.960938 31647.816406
v 19544.400391 33488.355469 31686.044922
v 20753.990234 33569.378906 31461.664062
v 21087.011719 33565.835938 31452.800781
v 19667.976562 31907.664062 31596.064453
v 20588.835938 31923.060547 31617.806641
v 20683.083984 31993.060547 31550.439453
v 20778.552734 31975.140625 31630.800781
v 19574.251953 31954.292969 31594.113281
v 20561.498047 31975.335938 31552.183594
v 20047.746094 32013.894531 31464.632812
v 20482.712891 31937.101562 31586.013672
v 20061.833984 31963.546875 31527.101562
v 20423.214844 32016.505859 31491.781250
v 21198.197266 32214.771484 31610.941406
v 21409.146484 32336.140625 31562.359375
v 19225.527344 32468.550781 31636.777344
v 19167.353516 33184.183594 31635.718750
v 19304.613281 33374.167969 31668.199219
v 19955.074219 33511.281250 31697.257812
v 20441.705078 33503.308594 31704.435547
v 19434.376953 33456.800781 31522.058594
v 21810.816406 33480.492188 31541.357422
v 20972.609375 33534.726562 31625.939453
v 21046.804688 33555.054688 31521.164062
v 21288.949219 33547.828125 31482.332031
v 19770.833984 31901.376953 31585.488281
v 20724.363281 31976.341797 31592.316406
v 20065.667969 31902.441406 31587.546875
v 20247.773438 31953.990234 31550.523438
v 21282.703125 32276.185547 31626.355469
v 22187.113281 33068.125000 31544.962891
v 19135.250000 33100.156250 31636.453125
v 22214.384766 33243.816406 31586.978516
v 19200.720703 33231.628906 31584.318359
v 22094.839844 33349.945312 31640.101562
v 20062.564453 33498.046875 31797.390625
v 20171.968750 33509.476562 31683.314453
v 19427.640625 33452.371094 31675.873047
v 19482.681641 33477.632812 31657.667969
v 21192.107422 33542.781250 31550.539062
v 21533.113281 33514.742188 31552.429688
v 19705.142578 31811.255859 31661.167969
v 19568.251953 31904.658203 31644.173828
v 19936.130859 31904.449219 31581.197266
v 19626.396484 31868.251953 31644.470703
v 19877.728516 31835.966797 31631.148438
v 20485.296875 31873.396484 31646.566406
v 20711.878906 31919.083984 31676.835938
v 20391.130859 31898.861328 31615.375000
v 20938.818359 32053.414062 31663.023438
v 19350.218750 32208.554688 31610.437500
v 21269.824219 32303.810547 31721.796875
v 19321.060547 32223.210938 31671.416016
v 21353.494141 32347.382812 31670.423828
v 21450.109375 32401.056641 31630.808594
v 21545.160156 32451.910156 31595.437500
v 19207.017578 32539.388672 31592.273438
v 19146.720703 32698.205078 31672.820312
v 21749.125000 32738.156250 31715.794922
v 19116.009766 33071.398438 31729.544922
v 19940.324219 33498.496094 31808.019531
v 20048.384766 33488.964844 31908.763672
v 20208.591797 33484.964844 31890.015625
v 20093.130859 33505.152344 31728.257812
v 19688.705078 33500.500000 31736.355469
v 19831.595703 33502.464844 31758.451172
v 21674.556641 33488.457031 31588.064453
v 21394.361328 33526.121094 31550.746094
v 19771.185547 31753.384766 31683.904297
v 19662.472656 31764.667969 31698.921875
v 19772.541016 31846.007812 31629.177734
v 19921.125000 31776.480469 31666.371094
v 20543.066406 31804.042969 31719.326172
v 20058.652344 31804.390625 31654.992188
v 20433.287109 31785.169922 31705.380859
v 20588.632812 31871.843750 31673.482422
v 19574.224609 31836.296875 31691.646484
v 20199.869141 31811.808594 31658.644531
v 20653.990234 31865.388672 31711.414062
v 20684.964844 31841.328125 31767.976562
v 20241.847656 31893.812500 31608.167969
v 20333.281250 31809.800781 31673.126953
v 19443.925781 32029.613281 31650.804688
v 20823.541016 31976.148438 31692.138672
v 19423.556641 32100.726562 31597.833984
v 21069.589844 32139.554688 31667.183594
v 21037.419922 32127.269531 31769.654297
v 19329.546875 32139.447266 31751.222656
v 19250.933594 32343.972656 31725.099609
v 21181.945312 32228.736328 31709.681641
v 21571.482422 32520.753906 31662.625000
v 21851.791016 32791.843750 31662.570312
v 19126.460938 32834.964844 31571.062500
v 22049.478516 33042.007812 31663.111328
v 20801.837891 33502.480469 31757.330078
v 21069.769531 33508.562500 31727.359375
v 19759.521484 31541.761719 31783.253906
v 19860.277344 31574.031250 31764.048828
v 19871.306641 31519.416016 31794.511719
v 20009.591797 31662.330078 31722.861328
v 19706.587891 31652.685547 31743.490234
v 19776.121094 31671.742188 31723.550781
v 19865.250000 31657.119141 31724.373047
v 20101.308594 31618.472656 31747.792969
v 19605.451172 31750.449219 31727.257812
v 20157.136719 31727.667969 31700.404297
v 20285.441406 31753.015625 31700.482422
v 20604.177734 31804.894531 31744.503906
v 19504.201172 31829.734375 31746.552734
v 19520.132812 31906.861328 31677.871094
v 19460.197266 31927.277344 31723.464844
v 20953.093750 32059.529297 31727.849609
v 21317.519531 32364.000000 31762.628906
v 21694.818359 32609.574219 31636.720703
v 21924.197266 32911.074219 31691.957031
v 22008.796875 33158.457031 31755.056641
v 22147.171875 33196.562500 31638.164062
v 19190.263672 33296.027344 31845.191406
v 19231.953125 33321.203125 31744.906250
v 22191.726562 33301.578125 31598.814453
v 21987.978516 33346.359375 31721.763672
v 20388.089844 33480.167969 31849.097656
v 21835.074219 33411.445312 31709.126953
v 20611.794922 33479.894531 31852.080078
v 19821.757812 31487.156250 31813.111328
v 19683.234375 31559.703125 31790.285156
v 19890.681641 31448.375000 31845.455078
v 20181.724609 31614.265625 31758.576172
v 19629.570312 31631.009766 31775.953125
v 20243.289062 31612.765625 31773.882812
v 20429.294922 31667.533203 31785.273438
v 19546.380859 31784.681641 31741.035156
v 20583.521484 31738.923828 31789.322266
v 19441.138672 31888.517578 31781.279297
v 20765.830078 31914.062500 31751.220703
v 21423.628906 32430.625000 31716.982422
v 19177.783203 32578.761719 31691.070312
v 21779.923828 32833.714844 31770.796875
v 19098.972656 33006.632812 31778.128906
v 19120.765625 33135.371094 31808.443359
v 22041.998047 33235.535156 31735.601562
v 22050.613281 33287.898438 31721.679688
v 19904.162109 33491.093750 31901.066406
v 19360.503906 33421.585938 31768.820312
v 21680.269531 33434.753906 31728.128906
v 21372.128906 33503.148438 31660.410156
v 21307.300781 33476.671875 31772.091797
v 21502.261719 33486.339844 31670.707031
v 21633.728516 33466.968750 31669.562500
v 20001.535156 31444.878906 31864.845703
v 20120.421875 31479.224609 31859.855469
v 20366.798828 31568.765625 31853.212891
v 19566.539062 31569.189453 31839.539062
v 19572.296875 31661.466797 31789.974609
v 19503.500000 31750.894531 31797.925781
v 19467.851562 31758.158203 31838.744141
v 19383.615234 32068.660156 31712.380859
v 20811.894531 31936.105469 31797.359375
v 20883.429688 32006.878906 31743.796875
v 21117.552734 32180.072266 31708.341797
v 19271.943359 32207.101562 31833.511719
v 21449.251953 32507.382812 31796.214844
v 21628.832031 32627.054688 31728.390625
v 19110.382812 32867.507812 31699.693359
v 21849.382812 32956.351562 31797.388672
v 19102.064453 32936.789062 31714.892578
v 19180.355469 33249.074219 31739.750000
v 21920.208984 33297.718750 31813.648438
v 19345.605469 33407.093750 31692.521484
v 19680.474609 33490.285156 31866.423828
v 19493.679688 33473.859375 31726.365234
v 21409.697266 33444.312500 31813.953125
v 19446.039062 33457.312500 31760.054688
v 21283.041016 33510.656250 31664.806641
v 19739.054688 31428.402344 31860.480469
v 20495.339844 31655.255859 31824.441406
v 20705.740234 31830.361328 31812.363281
v 19386.062500 31945.480469 31827.898438
v 20857.652344 31971.927734 31842.310547
v 19323.722656 32088.064453 31823.320312
v 20948.931641 32058.533203 31815.220703
v 21225.673828 32301.615234 31805.945312
v 21367.787109 32450.949219 31830.402344
v 19158.900391 32579.992188 31796.496094
v 21957.410156 33066.453125 31762.316406
v 21829.519531 33367.703125 31781.039062
v 19391.568359 33438.445312 31832.724609
v 19585.056641 33485.632812 31801.068359
v 19666.804688 31463.222656 31849.783203
v 19554.412109 31554.781250 31874.177734
v 20266.222656 31529.396484 31854.552734
v 20494.119141 31617.394531 31871.039062
v 20600.384766 31706.101562 31848.035156
v 20738.373047 31846.929688 31847.412109
v 21369.652344 32527.093750 31928.757812
v 19114.412109 33180.753906 31924.007812
v 19141.613281 33237.718750 31903.941406
v 21961.228516 33256.562500 31805.314453
v 21865.777344 33342.640625 31795.171875
v 21731.767578 33339.625000 31860.101562
v 20941.632812 33484.527344 31836.431641
v 21682.515625 33405.226562 31786.050781
v 19299.830078 33399.480469 31873.349609
v 19490.984375 33468.957031 31845.863281
v 21271.148438 33458.273438 31845.572266
v 19797.097656 31391.740234 31886.447266
v 19613.318359 31470.191406 31894.906250
v 20077.349609 31447.894531 31886.626953
v 19440.117188 31764.330078 31889.015625
v 20730.396484 31816.955078 31924.363281
v 19234.771484 32271.976562 31882.443359
v 21156.703125 32258.962891 31859.533203
v 19205.464844 32424.511719 31794.419922
v 21288.833984 32391.722656 31861.718750
v 21551.951172 32648.091797 31838.775391
v 19124.121094 32731.816406 31777.865234
v 19088.056641 32925.574219 31857.544922
v 21932.923828 33118.351562 31813.457031
v 21945.617188 33188.519531 31821.087891
v 19236.900391 33351.292969 31854.789062
v 21760.906250 33293.347656 31893.898438
v 19242.205078 33381.613281 31961.324219
v 21489.986328 33408.386719 31853.472656
v 19347.130859 33429.886719 31917.126953
v 19576.480469 33483.609375 31897.279297
v 19436.031250 33461.746094 31929.052734
v 19666.814453 31408.097656 31919.710938
v 19881.335938 31392.445312 31923.433594
v 20116.980469 31453.990234 31931.517578
v 19500.134766 31627.984375 31889.548828
v 19483.236328 31654.222656 31934.550781
v 20793.771484 31896.283203 31888.271484
v 20877.761719 31992.972656 31901.845703
v 19315.470703 32049.865234 31897.916016
v 20936.914062 32060.587891 31929.882812
v 21030.919922 32147.238281 31892.326172
v 21113.843750 32205.916016 31823.199219
v 21193.291016 32323.291016 31920.330078
v 21849.203125 33019.023438 31841.320312
v 19099.189453 33086.578125 31873.093750
v 21601.556641 33379.312500 31859.609375
v 20714.878906 33489.273438 31809.007812
v 21140.761719 33475.921875 31828.332031
v 19372.414062 33453.457031 31998.421875
v 19739.320312 31369.197266 31919.792969
v 19762.134766 31377.062500 31928.052734
v 19603.236328 31485.886719 31942.337891
v 20192.541016 31472.759766 31908.515625
v 19544.990234 31559.703125 31925.224609
v 20650.234375 31716.056641 31918.273438
v 19369.234375 31912.160156 31907.564453
v 19270.541016 32133.900391 31947.843750
v 19212.195312 32302.878906 31938.617188
v 19140.304688 32542.554688 31967.652344
v 21281.193359 32430.685547 31936.191406
v 19093.990234 32833.773438 31866.044922
v 21696.078125 32870.781250 31888.677734
v 21701.589844 32938.324219 31926.285156
v 21798.718750 33048.574219 31899.779297
v 19157.208984 33291.554688 31952.640625
v 21852.949219 33244.023438 31888.617188
v 19180.050781 33338.363281 31989.910156
v 21354.757812 33396.183594 31928.533203
v 21327.011719 33427.875000 31887.101562
v 20605.755859 33465.644531 31945.117188
v 20735.402344 33464.730469 31929.640625
v 20986.763672 33458.718750 31914.962891
v 19465.087891 33479.234375 32010.423828
v 20278.031250 31497.214844 31927.742188
v 19561.011719 31558.015625 31968.513672
v 20392.904297 31546.523438 31905.873047
v 20548.109375 31623.732422 31931.748047
v 20855.843750 31972.703125 31960.105469
v 21101.003906 32238.675781 31954.326172
v 21281.335938 32470.888672 31992.230469
v 19110.142578 32675.197266 31966.716797
v 19079.765625 33040.027344 31974.013672
v 21859.025391 33152.382812 31883.371094
v 21788.345703 33162.718750 31929.212891
v 21765.494141 33226.046875 31932.757812
v 21687.589844 33254.234375 31952.218750
v 21167.714844 33434.679688 31928.582031
v 21168.437500 33405.515625 31985.587891
v 20850.691406 33471.414062 31888.291016
v 21075.066406 33442.585938 31938.406250
v 19889.943359 31454.886719 31981.546875
v 20050.453125 31488.398438 31995.882812
v 20097.064453 31468.488281 31964.214844
v 19656.468750 31466.734375 31962.427734
v 19702.320312 31475.496094 31983.408203
v 19791.548828 31465.195312 31989.433594
v 20247.664062 31506.808594 31978.041016
v 20047.605469 31534.832031 32038.794922
v 20225.539062 31559.044922 32036.246094
v 20335.521484 31550.169922 32001.285156
v 20436.753906 31562.017578 31958.500000
v 20553.419922 31620.132812 31969.271484
v 20632.716797 31711.843750 32025.656250
v 20645.671875 31709.292969 31976.695312
v 19321.822266 31986.994141 31997.216797
v 19154.001953 32440.013672 32072.355469
v 21181.898438 32374.615234 32039.197266
v 21473.667969 32662.839844 31943.281250
v 21628.382812 32785.421875 31886.562500
v 21514.324219 32766.796875 31982.755859
v 19111.552734 33244.152344 32031.228516
v 21717.058594 33163.761719 31968.384766
v 21574.060547 33288.320312 31968.636719
v 21465.781250 33364.640625 31928.572266
v 21230.964844 33365.992188 32024.244141
v 19296.501953 33418.515625 31979.345703
v 19445.474609 33499.000000 32163.640625
v 19548.662109 33487.851562 31992.154297
v 19676.837891 31541.044922 32028.472656
v 19794.046875 31534.742188 32042.808594
v 20470.312500 31601.238281 32009.849609
v 19500.744141 31649.216797 32004.697266
v 19440.849609 31744.042969 31999.947266
v 20745.263672 31836.783203 31982.494141
v 19398.207031 31825.455078 31962.667969
v 20985.308594 32126.292969 31988.640625
v 21116.863281 32282.773438 32018.875000
v 19190.708984 32304.998047 32155.392578
v 19103.419922 32620.740234 32144.328125
v 21356.160156 32568.898438 31994.347656
v 21674.710938 32968.402344 31961.890625
v 21690.228516 33045.335938 31977.761719
v 21626.353516 33177.363281 32006.902344
v 19128.242188 33286.250000 32048.873047
v 21446.849609 33317.949219 31988.107422
v 21575.015625 33329.625000 31930.882812
v 21332.406250 33340.253906 32012.685547
v 20532.306641 33456.164062 32033.505859
v 19312.416016 33444.312500 32062.542969
v 19651.285156 33489.449219 31950.517578
v 19874.513672 31596.617188 32093.181641
v 19587.751953 31565.136719 32008.015625
v 20006.960938 31600.962891 32095.390625
v 20140.638672 31612.927734 32094.677734
v 20612.728516 31721.912109 32067.722656
v 19454.062500 31741.089844 32042.289062
v 20721.671875 31820.826172 32034.816406
v 19261.005859 32132.326172 32061.837891
v 20892.279297 32033.296875 32029.330078
v 19246.500000 32171.117188 32029.033203
v 19197.523438 32300.792969 32068.638672
v 21433.925781 32751.841797 32045.216797
v 21476.886719 32847.906250 32054.537109
v 21558.923828 32985.175781 32043.964844
v 21671.105469 33076.824219 31997.640625
v 21594.566406 33120.777344 32032.259766
v 21585.818359 33235.031250 31999.693359
v 21378.837891 33287.843750 32042.156250
v 21250.855469 33299.601562 32091.369141
v 21020.236328 33402.601562 32052.566406
v 21144.519531 33325.335938 32118.605469
v 19987.015625 33486.019531 32006.101562
v 20631.789062 33437.156250 32113.945312
v 20858.882812 33431.273438 32039.660156
v 19369.384766 33475.312500 32107.009766
v 20327.236328 31612.041016 32064.808594
v 20497.267578 31713.947266 32108.705078
v 20365.625000 31734.980469 32153.222656
v 19411.197266 31832.484375 32083.234375
v 19365.974609 31899.841797 32044.648438
v 20987.300781 32156.994141 32073.945312
v 20932.808594 32134.085938 32170.267578
v 21190.603516 32475.253906 32152.867188
v 21333.800781 32611.908203 32058.962891
v 21416.623047 32688.386719 32023.357422
v 21433.361328 32864.757812 32090.396484
v 21458.292969 32950.753906 32091.353516
v 21530.580078 33041.671875 32064.937500
v 21487.300781 33104.835938 32080.845703
v 21375.171875 33140.593750 32119.556641
v 19114.705078 33295.796875 32165.095703
v 21470.640625 33176.960938 32069.125000
v 21459.416016 33252.398438 32034.560547
v 20907.683594 33389.234375 32134.214844
v 21025.816406 33362.917969 32123.070312
v 20782.402344 33442.628906 32025.230469
v 20706.591797 33422.535156 32143.521484
v 19650.369141 31719.898438 32165.849609
v 19700.060547 31624.736328 32098.259766
v 19451.324219 31838.263672 32172.943359
v 19507.722656 31712.914062 32091.984375
v 19593.750000 31658.359375 32097.460938
v 20538.466797 31750.212891 32126.992188
v 19395.445312 31928.406250 32211.816406
v 20797.210938 31939.140625 32087.234375
v 19151.904297 32426.140625 32160.781250
v 21253.369141 32499.458984 32071.654297
v 21371.111328 32757.058594 32101.638672
v 19084.234375 32802.042969 31998.802734
v 21395.253906 32996.441406 32126.759766
v 19069.769531 33112.097656 32092.597656
v 21276.308594 33213.261719 32134.312500
v 19155.980469 33352.511719 32137.412109
v 19230.052734 33413.769531 32123.271484
v 19782.328125 33492.691406 32059.804688
v 19993.472656 33486.312500 32117.867188
v 19916.837891 31734.160156 32196.242188
v 19797.890625 31647.281250 32127.712891
v 20239.718750 31708.152344 32153.347656
v 19517.357422 31764.955078 32149.738281
v 20883.423828 32047.292969 32100.943359
v 19134.861328 32506.169922 32109.439453
v 21258.369141 32584.583984 32134.785156
v 21326.986328 32670.652344 32104.164062
v 21340.212891 32838.128906 32146.550781
v 21293.070312 32926.515625 32180.585938
v 21344.125000 33043.277344 32147.687500
v 21220.353516 32950.484375 32225.349609
v 21260.404297 33046.921875 32187.941406
v 21234.833984 33142.445312 32179.716797
v 21134.634766 33286.011719 32158.664062
v 21032.220703 33331.632812 32165.546875
v 20791.595703 33402.546875 32163.765625
v 20388.068359 33461.085938 32068.113281
v 19319.835938 33467.144531 32189.996094
v 20104.253906 31790.554688 32226.703125
v 19641.759766 31780.673828 32213.076172
v 20613.615234 31769.476562 32111.824219
v 19350.470703 31956.296875 32125.591797
v 20694.078125 31819.509766 32092.660156
v 20788.769531 31954.853516 32132.523438
v 19306.511719 32032.332031 32095.914062
v 21061.343750 32281.359375 32150.605469
v 21077.160156 32348.517578 32225.699219
v 21256.341797 32648.816406 32170.441406
v 21287.796875 32736.023438 32167.886719
v 21240.855469 32779.871094 32216.179688
v 21196.291016 32861.066406 32253.361328
v 19074.146484 32942.515625 32057.474609
v 19060.158203 33064.812500 32130.958984
v 19084.023438 33191.429688 32140.785156
v 21156.458984 33071.960938 32244.996094
v 21152.490234 33233.402344 32185.523438
v 20171.822266 33477.140625 32053.158203
v 19641.765625 33496.281250 32044.392578
v 19235.984375 33426.460938 32199.929688
v 19832.970703 31795.525391 32244.152344
v 19572.550781 31774.496094 32186.359375
v 19715.347656 31737.560547 32190.279297
v 19440.154297 31923.609375 32276.238281
v 19591.873047 31844.068359 32260.541016
v 19990.722656 31809.185547 32249.929688
v 20359.316406 31960.263672 32315.046875
v 19333.800781 32008.869141 32192.724609
v 20523.046875 31822.796875 32182.251953
v 20824.535156 32031.009766 32193.298828
v 19250.634766 32163.201172 32169.990234
v 21098.236328 32409.945312 32258.582031
v 21177.824219 32524.136719 32217.449219
v 21167.164062 32562.166016 32259.623047
v 21218.146484 32676.210938 32227.685547
v 21145.632812 32985.207031 32274.082031
v 19086.693359 33207.242188 32249.796875
v 19154.689453 33346.761719 32216.097656
v 20922.990234 33354.003906 32197.064453
v 20995.761719 33309.410156 32214.060547
v 20689.138672 33408.410156 32214.550781
v 19772.113281 31876.195312 32314.759766
v 19347.435547 32014.279297 32266.210938
v 20217.199219 31871.406250 32272.718750
v 20442.070312 31940.933594 32284.710938
v 20688.488281 31882.810547 32159.359375
v 20654.138672 31911.484375 32202.283203
v 20787.898438 32018.220703 32217.986328
v 19290.804688 32095.017578 32229.367188
v 20676.365234 32039.320312 32295.830078
v 19189.746094 32320.884766 32275.244141
v 21119.855469 32477.902344 32285.552734
v 21162.771484 32739.279297 32300.207031
v 19107.476562 33240.125000 32320.099609
v 21102.583984 33184.207031 32239.972656
v 20254.394531 33468.375000 32157.917969
v 20121.142578 33481.640625 32211.675781
v 19306.693359 33453.332031 32274.349609
v 19563.011719 33517.242188 32219.472656
v 19442.396484 33499.515625 32363.300781
v 19504.966797 31855.650391 32239.041016
v 19708.843750 31831.626953 32268.794922
v 20078.445312 31899.818359 32312.943359
v 19394.134766 31985.443359 32322.691406
v 19307.958984 32087.216797 32308.283203
v 20542.474609 32014.035156 32315.085938
v 20778.060547 32058.253906 32264.121094
v 20918.132812 32149.335938 32236.794922
v 20960.542969 32238.855469 32298.085938
v 19128.767578 32528.810547 32198.521484
v 19085.869141 32766.185547 32188.671875
v 21065.398438 32769.277344 32413.070312
v 21117.402344 32910.136719 32318.416016
v 19062.410156 33120.097656 32337.179688
v 19128.287109 33259.039062 32364.605469
v 19195.179688 33372.613281 32277.773438
v 21047.339844 33247.699219 32238.234375
v 20833.066406 33363.914062 32234.031250
v 19281.541016 33427.726562 32316.951172
v 20329.257812 33458.066406 32231.789062
v 19474.126953 33509.417969 32297.375000
v 19654.466797 33521.515625 32312.808594
v 19643.816406 31925.457031 32360.576172
v 19931.443359 31872.460938 32306.554688
v 19240.355469 32215.128906 32298.250000
v 19137.464844 32523.128906 32276.785156
v 19075.904297 32872.929688 32200.009766
v 21037.156250 33042.453125 32345.207031
v 21009.166016 33180.679688 32305.072266
v 20959.644531 33253.378906 32296.888672
v 20915.359375 33304.343750 32274.960938
v 20713.476562 33381.136719 32282.292969
v 20481.361328 33439.601562 32186.210938
v 20136.501953 33483.906250 32292.671875
v 19734.886719 33513.945312 32251.207031
v 19528.943359 31929.660156 32342.058594
v 20327.195312 32084.416016 32416.927734
v 20670.451172 32129.904297 32362.488281
v 20768.103516 32157.658203 32347.125000
v 20851.253906 32218.476562 32357.035156
v 20883.357422 32133.111328 32261.384766
v 19184.498047 32373.214844 32350.273438
v 21170.855469 32653.875000 32287.910156
v 21065.400391 32920.472656 32367.085938
v 19059.121094 33033.785156 32367.341797
v 20824.121094 33330.964844 32299.562500
v 20803.019531 33301.437500 32356.808594
v 20616.193359 33416.640625 32233.593750
v 19652.699219 31988.285156 32428.210938
v 19569.039062 31987.433594 32416.287109
v 19336.949219 32061.863281 32352.351562
v 20170.347656 31965.160156 32352.828125
v 20905.619141 32226.582031 32335.455078
v 20981.027344 32299.019531 32340.052734
v 19095.582031 32668.724609 32220.271484
v 21091.314453 32676.724609 32397.794922
v 19085.332031 32816.171875 32279.406250
v 19055.945312 33018.894531 32292.335938
v 20966.769531 33115.695312 32368.859375
v 19190.398438 33317.757812 32391.462891
v 20874.496094 33205.261719 32386.712891
v 20646.724609 33360.992188 32376.181641
v 19292.128906 33394.707031 32401.841797
v 20137.101562 33486.500000 32396.507812
v 19862.570312 33509.246094 32300.898438
v 19448.677734 31967.347656 32351.707031
v 19733.003906 32001.421875 32440.349609
v 19383.242188 32046.664062 32396.966797
v 19982.212891 32037.246094 32444.732422
v 20043.355469 32001.570312 32403.376953
v 19214.650391 32322.529297 32410.503906
v 20710.203125 32258.572266 32443.636719
v 19162.154297 32484.248047 32368.923828
v 19117.621094 32678.044922 32369.087891
v 20853.091797 33067.367188 32490.080078
v 19076.441406 33163.867188 32375.347656
v 19101.160156 33194.531250 32449.941406
v 19422.972656 33472.007812 32406.820312
v 20519.468750 33422.507812 32274.802734
v 20267.605469 33464.078125 32391.294922
v 19942.496094 33505.316406 32378.246094
v 19546.630859 33524.652344 32365.433594
v 19411.728516 32082.304688 32462.019531
v 19845.031250 32006.023438 32434.683594
v 19244.343750 32249.089844 32395.419922
v 20460.230469 32201.902344 32476.337891
v 20591.078125 32216.634766 32451.736328
v 20811.347656 32332.398438 32455.398438
v 21011.667969 32385.689453 32377.566406
v 21074.253906 32502.267578 32380.187500
v 19141.144531 32591.552734 32399.103516
v 21104.126953 32589.636719 32376.853516
v 19123.378906 32781.933594 32501.890625
v 19093.210938 32818.265625 32361.679688
v 20976.513672 32862.484375 32481.195312
v 20748.755859 33174.031250 32501.902344
v 20817.705078 33268.527344 32379.667969
v 20698.113281 33312.832031 32422.109375
v 20555.767578 33400.027344 32342.964844
v 20392.875000 33442.195312 32298.498047
v 19712.906250 33519.386719 32399.441406
v 19895.890625 33505.078125 32449.599609
v 19557.121094 33514.757812 32413.908203
v 19473.863281 32042.250000 32450.314453
v 19336.398438 32138.373047 32452.707031
v 19297.000000 32172.001953 32423.232422
v 20163.685547 32050.464844 32423.822266
v 20916.316406 32414.511719 32459.390625
v 20952.945312 32327.283203 32388.398438
v 19201.136719 32444.392578 32482.515625
v 20838.177734 32397.888672 32487.931641
v 21054.849609 32440.927734 32369.082031
v 19670.925781 33513.851562 32451.144531
v 19631.091797 32081.542969 32537.537109
v 20320.773438 32176.951172 32492.781250
v 20992.253906 32469.710938 32443.796875
v 21049.542969 32555.593750 32432.951172
v 20977.501953 32730.224609 32515.453125
v 19084.128906 32936.843750 32433.589844
v 20875.687500 32953.160156 32538.103516
v 19087.884766 33113.175781 32506.144531
v 19316.929688 33353.000000 32487.529297
v 20558.548828 33361.144531 32449.318359
v 19451.449219 33425.414062 32488.716797
v 19546.783203 33463.800781 32497.207031
v 20458.839844 33419.304688 32364.304688
v 20159.296875 33471.589844 32520.976562
v 20073.175781 33490.937500 32467.503906
v 19668.365234 33502.234375 32478.826172
v 19570.962891 32071.447266 32515.644531
v 19387.404297 32194.224609 32570.199219
v 19890.345703 32078.013672 32497.031250
v 19334.253906 32187.013672 32517.392578
v 20136.593750 32111.242188 32480.400391
v 20328.238281 32282.240234 32577.042969
v 20457.572266 32344.820312 32589.365234
v 19172.822266 32548.484375 32491.828125
v 20897.810547 32554.560547 32546.984375
v 20986.083984 32534.386719 32478.025391
v 20942.074219 32627.789062 32542.359375
v 19153.074219 32691.324219 32548.605469
v 21000.734375 32653.554688 32492.250000
v 20953.070312 32787.070312 32533.369141
v 20936.804688 32945.835938 32482.332031
v 20650.140625 33226.507812 32538.023438
v 19243.857422 33300.519531 32490.857422
v 20526.466797 33386.175781 32420.009766
v 19707.609375 33460.664062 32555.914062
v 20226.863281 33470.250000 32436.158203
v 19858.820312 33489.718750 32537.224609
v 19811.537109 33505.757812 32479.949219
v 19296.648438 32313.503906 32583.449219
v 19252.169922 32303.580078 32494.730469
v 19267.671875 32309.861328 32529.226562
v 20620.736328 32389.533203 32567.412109
v 20713.650391 32430.957031 32561.560547
v 19205.921875 32543.490234 32591.638672
v 20829.201172 32503.693359 32557.343750
v 20825.998047 32605.123047 32625.445312
v 20861.583984 32666.134766 32631.697266
v 19115.880859 32902.800781 32535.644531
v 20734.865234 32950.203125 32675.039062
v 19082.892578 33025.292969 32471.271484
v 20700.064453 33102.542969 32599.490234
v 20581.251953 33265.582031 32557.515625
v 20463.005859 33325.539062 32592.896484
v 19290.712891 33266.781250 32561.208984
v 20603.937500 33305.882812 32494.214844
v 20533.195312 33345.160156 32497.984375
v 19710.103516 33308.656250 32715.197266
v 19845.449219 33344.195312 32711.097656
v 20409.722656 33393.957031 32519.554688
v 19778.224609 33466.421875 32565.324219
v 20024.046875 33440.625000 32627.648438
v 20387.589844 33418.539062 32466.603516
v 20313.792969 33444.492188 32451.019531
v 20016.679688 33489.097656 32527.673828
v 19536.722656 32152.093750 32582.726562
v 19693.240234 32169.800781 32608.121094
v 19778.509766 32142.433594 32574.685547
v 19333.824219 32265.648438 32591.816406
v 20027.933594 32185.792969 32569.583984
v 20222.041016 32383.785156 32693.501953
v 19242.523438 32414.750000 32568.048828
v 20862.970703 32782.785156 32644.291016
v 20890.443359 32848.179688 32582.628906
v 19138.031250 33191.804688 32515.253906
v 19221.828125 33204.394531 32572.595703
v 19536.181641 33299.046875 32662.347656
v 20417.312500 33367.175781 32570.623047
v 19969.775391 33419.535156 32652.380859
v 20317.650391 33390.539062 32643.478516
v 20141.822266 33398.394531 32710.607422
v 20158.660156 33441.433594 32615.195312
v 20029.720703 33468.367188 32576.886719
v 20254.238281 33443.046875 32542.205078
v 19605.953125 32182.138672 32618.755859
v 19434.837891 32180.681641 32581.470703
v 19900.630859 32180.691406 32590.652344
v 19237.519531 32603.013672 32695.296875
v 19149.564453 32824.800781 32610.062500
v 19112.791016 32991.015625 32551.886719
v 19131.666016 33017.574219 32592.634766
v 19225.439453 33087.281250 32659.564453
v 19371.296875 33182.410156 32683.789062
v 19502.775391 32287.917969 32705.951172
v 19348.712891 32333.968750 32664.150391
v 19381.117188 32270.720703 32635.115234
v 19314.621094 32347.734375 32639.775391
v 20447.482422 32454.281250 32679.544922
v 20708.416016 32562.134766 32656.537109
v 20873.773438 32720.300781 32640.771484
v 19173.833984 32735.343750 32633.781250
v 20815.722656 32862.343750 32656.416016
v 19137.271484 33088.394531 32577.843750
v 19270.812500 33125.738281 32667.957031
v 19422.474609 33290.054688 32619.380859
v 19622.521484 33290.785156 32705.103516
v 20235.980469 33410.023438 32658.357422
v 19903.736328 32324.078125 32718.578125
v 20048.384766 32372.414062 32729.914062
v 20642.007812 32525.804688 32660.490234
v 20551.693359 33124.785156 32716.843750
v 20238.562500 33377.777344 32729.625000
v 19409.591797 32314.160156 32692.044922
v 19258.173828 32459.667969 32640.671875
v 20691.531250 32635.738281 32708.039062
v 19160.074219 32926.796875 32656.294922
v 19552.662109 33208.199219 32760.453125
v 19991.406250 33359.644531 32729.099609
v 20405.474609 33262.808594 32729.023438
v 20352.990234 33319.550781 32715.027344
v 19260.060547 32661.220703 32750.966797
v 19191.064453 32756.400391 32679.000000
v 20777.775391 32721.521484 32709.035156
v 19218.251953 32809.964844 32728.509766
v 19192.392578 32942.558594 32699.873047
v 19206.988281 33011.660156 32687.470703
v 20527.087891 33065.464844 32773.554688
v 19496.859375 33148.046875 32783.875000
v 19744.474609 33255.476562 32785.000000
v 19636.082031 32303.636719 32731.722656
v 19478.347656 32351.556641 32739.582031
v 19608.816406 32388.773438 32791.640625
v 19717.599609 32295.591797 32721.445312
v 19797.591797 32310.730469 32725.365234
v 19965.453125 32398.066406 32771.480469
v 19297.531250 32481.570312 32713.203125
v 20147.605469 32456.708984 32776.292969
v 20306.132812 32507.005859 32767.343750
v 20422.505859 32532.572266 32746.701172
v 20567.916016 32577.179688 32722.068359
v 20629.109375 32669.218750 32750.152344
v 20622.775391 32748.699219 32785.289062
v 20782.169922 32777.511719 32710.226562
v 20656.843750 32830.167969 32774.511719
v 19403.376953 33005.746094 32819.160156
v 19433.701172 33088.535156 32789.847656
v 19562.328125 33138.613281 32841.035156
v 20354.019531 33232.062500 32792.835938
v 20279.318359 33302.097656 32783.906250
v 19349.597656 32488.287109 32759.066406
v 19416.951172 32463.593750 32780.996094
v 19772.017578 32445.060547 32844.011719
v 19327.080078 32592.400391 32785.242188
v 20376.902344 32601.548828 32804.257812
v 20455.189453 32655.845703 32808.679688
v 19260.273438 32813.175781 32775.343750
v 19271.117188 32935.289062 32767.296875
v 19348.867188 32858.523438 32832.988281
v 19284.179688 33000.527344 32752.003906
v 19429.634766 32890.519531 32877.734375
v 20648.716797 32909.195312 32762.406250
v 19474.917969 33018.007812 32865.937500
v 20387.707031 33138.988281 32823.000000
v 19499.835938 33081.324219 32844.281250
v 19649.656250 33221.621094 32796.183594
v 20097.640625 33357.289062 32759.939453
v 20144.382812 33328.000000 32793.988281
v 19438.830078 32409.117188 32760.246094
v 19691.396484 32448.861328 32846.277344
v 19842.554688 32489.544922 32875.828125
v 19967.320312 32490.611328 32850.015625
v 19349.626953 32659.277344 32819.820312
v 20546.841797 32707.308594 32799.765625
v 20526.599609 32770.339844 32828.406250
v 19433.449219 32804.167969 32888.753906
v 19351.666016 32752.539062 32835.867188
v 20505.912109 32826.257812 32845.679688
v 19441.802734 32961.785156 32865.507812
v 20482.160156 32991.589844 32833.734375
v 19994.414062 33191.988281 32882.859375
v 19871.136719 33209.003906 32856.957031
v 19963.046875 33251.886719 32829.359375
v 20264.750000 33234.515625 32831.726562
v 19586.912109 32464.947266 32840.265625
v 19542.750000 32515.400391 32860.738281
v 19426.638672 32595.105469 32846.902344
v 20178.232422 32565.757812 32846.750000
v 19478.937500 32671.337891 32903.871094
v 20286.648438 32717.542969 32895.605469
v 19455.568359 32747.017578 32901.304688
v 20394.582031 32808.406250 32887.824219
v 20377.580078 32872.093750 32895.476562
v 20535.681641 32873.410156 32830.527344
v 20384.027344 32940.863281 32888.042969
v 19488.261719 32841.367188 32937.039062
v 19487.412109 32930.460938 32917.164062
v 19541.029297 32993.789062 32946.523438
v 19878.503906 33148.558594 32920.617188
v 19696.953125 33130.421875 32939.062500
v 20301.812500 33130.656250 32871.625000
v 20192.228516 33297.519531 32813.390625
v 19640.919922 32543.996094 32924.542969
v 19762.722656 32497.365234 32892.707031
v 19516.236328 32582.777344 32888.953125
v 19984.701172 32548.900391 32892.300781
v 20060.013672 32619.296875 32920.066406
v 20140.996094 32693.359375 32935.914062
v 20220.328125 32643.507812 32880.152344
v 20378.718750 32762.011719 32880.835938
v 19535.392578 32880.078125 32992.175781
v 20353.888672 33014.210938 32885.730469
v 20238.869141 33042.238281 32920.437500
v 19591.945312 33048.488281 32959.742188
v 19927.589844 33090.007812 32968.121094
v 20057.597656 33136.593750 32918.937500
v 20190.291016 33166.957031 32887.097656
v 19653.691406 32635.078125 33028.367188
v 19591.755859 32591.966797 32946.921875
v 19869.201172 32667.402344 33024.515625
v 20057.650391 32736.169922 32992.574219
v 19557.666016 32646.759766 32959.613281
v 20235.285156 32817.152344 32943.695312
v 20236.615234 32876.335938 32947.964844
v 20111.736328 32923.574219 32992.214844
v 20006.332031 33064.554688 32969.320312
v 20088.994141 32988.117188 32982.398438
v 20101.853516 33038.101562 32959.042969
v 19740.566406 33121.312500 32957.332031
v 20022.666016 32678.570312 32973.898438
v 20180.236328 32762.765625 32951.492188
v 20103.357422 32859.871094 33002.644531
v 19638.353516 33110.039062 32939.175781
v 19825.492188 33099.226562 32979.000000
v 19700.257812 32522.574219 32916.187500
v 19825.365234 32590.660156 32975.562500
v 19926.154297 32733.050781 33048.683594
v 19527.914062 32776.882812 32985.613281
v 20046.667969 32797.949219 33019.515625
v 19921.355469 33026.718750 33021.820312
v 19677.496094 33047.261719 33045.886719
v 19728.343750 32593.742188 32995.265625
v 19764.708984 32642.980469 33032.554688
v 20027.958984 32919.519531 33028.789062
v 19991.623047 32987.121094 33018.953125
v 19594.386719 32984.214844 33021.687500
v 19584.572266 32747.662109 33053.851562
v 19559.417969 32947.695312 32999.140625
v 19845.056641 33052.300781 33028.765625
v 19647.199219 32726.273438 33088.402344
v 19885.222656 32810.945312 33092.453125
v 19989.804688 32841.441406 33054.027344
v 19673.279297 32972.492188 33114.195312
v 19732.841797 33025.007812 33095.445312
v 19770.429688 32726.712891 33086.468750
v 19820.646484 32805.285156 33110.742188
v 19563.144531 32851.960938 33044.593750
v 19825.425781 32966.132812 33111.953125
v 19709.390625 32723.939453 33092.988281
v 19750.425781 32877.003906 33142.125000
v 19622.281250 32823.457031 33099.476562
v 19625.849609 32928.511719 33091.933594
v 19860.492188 32911.902344 33114.339844
v 19759.470703 32939.148438 33139.562500
v 19678.365234 32884.976562 33126.503906
# 1570 vertices, 0 vertices normals

f 2 7 3
f 1 2 5
f 1 7 2
f 6 7 1
f 7 9 3
f 1 5 21
f 4 1 21
f 6 1 4
f 11 5 2
f 14 7 6
f 14 12 7
f 11 2 3
f 8 11 3
f 12 9 7
f 8 18 11
f 10 8 3
f 10 3 9
f 34 21 5
f 4 13 6
f 26 14 6
f 12 16 9
f 8 10 20
f 16 10 9
f 15 20 10
f 13 26 6
f 11 27 5
f 26 17 14
f 17 12 14
f 18 8 20
f 16 12 19
f 15 10 16
f 21 22 4
f 34 32 21
f 23 4 22
f 23 13 4
f 24 34 5
f 23 25 13
f 13 25 26
f 24 5 27
f 27 11 28
f 38 19 17
f 19 12 17
f 29 15 16
f 29 49 15
f 20 15 67
f 16 30 29
f 43 23 22
f 33 25 23
f 119 24 27
f 18 28 11
f 37 38 17
f 36 18 20
f 28 18 36
f 30 16 19
f 49 29 39
f 29 30 39
f 30 50 39
f 31 43 22
f 31 22 32
f 21 32 22
f 44 33 23
f 44 23 43
f 32 34 58
f 35 26 25
f 35 25 33
f 35 47 17
f 17 26 35
f 48 17 47
f 48 37 17
f 68 38 37
f 38 68 19
f 19 68 70
f 19 70 30
f 15 49 67
f 70 50 30
f 40 43 41
f 41 43 31
f 32 53 31
f 42 44 40
f 40 44 43
f 44 45 33
f 45 55 35
f 45 35 33
f 24 86 34
f 55 46 35
f 119 86 24
f 46 59 47
f 46 47 35
f 47 59 64
f 183 119 27
f 28 183 27
f 36 61 28
f 60 37 48
f 95 61 36
f 60 63 37
f 66 95 36
f 66 36 20
f 66 20 67
f 63 68 37
f 69 49 39
f 49 69 67
f 39 50 100
f 50 134 100
f 40 41 51
f 41 72 51
f 51 42 40
f 31 53 41
f 42 52 44
f 56 54 78
f 56 55 54
f 54 55 45
f 54 45 52
f 52 45 44
f 56 57 55
f 55 57 46
f 34 86 58
f 57 85 59
f 57 59 46
f 85 91 59
f 59 91 64
f 91 62 64
f 60 47 64
f 60 48 47
f 183 28 61
f 60 64 63
f 95 66 98
f 97 63 96
f 63 64 96
f 65 68 63
f 63 97 65
f 97 99 65
f 65 71 68
f 65 99 71
f 71 70 68
f 100 69 39
f 70 71 50
f 71 102 50
f 50 102 134
f 103 42 104
f 104 42 51
f 72 41 74
f 76 74 53
f 74 41 53
f 107 81 78
f 107 78 73
f 73 54 52
f 73 52 42
f 75 113 79
f 75 77 111
f 75 79 77
f 73 78 54
f 58 76 53
f 32 58 53
f 113 82 79
f 77 79 80
f 113 88 82
f 79 82 80
f 80 82 84
f 80 83 77
f 81 83 78
f 77 83 81
f 80 84 83
f 83 56 78
f 113 112 88
f 84 57 83
f 83 57 56
f 82 90 84
f 84 85 57
f 93 85 84
f 245 115 58
f 245 58 86
f 93 91 85
f 90 93 84
f 88 90 82
f 89 87 88
f 88 87 90
f 87 92 90
f 90 92 93
f 93 62 91
f 93 124 62
f 87 123 92
f 92 124 93
f 124 94 62
f 62 94 96
f 62 96 64
f 94 130 96
f 97 96 130
f 97 130 131
f 131 99 97
f 101 134 102
f 135 71 99
f 137 103 138
f 103 104 138
f 107 73 103
f 74 138 104
f 51 72 104
f 104 72 74
f 111 139 108
f 111 106 139
f 103 73 42
f 105 75 108
f 111 108 75
f 74 76 110
f 105 114 75
f 106 111 109
f 109 111 77
f 109 77 81
f 109 81 107
f 222 110 76
f 114 113 75
f 114 116 112
f 114 112 113
f 117 118 112
f 112 118 88
f 117 121 118
f 118 89 88
f 117 144 121
f 120 89 118
f 121 120 118
f 61 188 183
f 121 122 120
f 120 125 89
f 125 87 89
f 122 125 120
f 87 125 123
f 124 92 123
f 189 188 61
f 122 149 125
f 123 126 124
f 95 189 61
f 125 149 123
f 124 126 94
f 126 128 94
f 123 149 150
f 123 150 126
f 126 127 128
f 150 127 126
f 128 130 94
f 66 193 98
f 127 129 128
f 127 151 129
f 128 129 130
f 271 66 67
f 130 129 132
f 129 158 155
f 130 132 131
f 195 67 69
f 195 271 67
f 131 132 133
f 195 69 100
f 133 132 160
f 131 133 99
f 135 102 71
f 99 133 135
f 134 101 136
f 136 101 212
f 135 160 162
f 135 133 160
f 135 162 102
f 102 162 101
f 140 103 165
f 165 103 137
f 169 105 163
f 139 105 108
f 140 107 103
f 110 141 74
f 141 138 74
f 139 106 168
f 106 109 140
f 140 109 107
f 169 114 105
f 169 116 114
f 76 171 222
f 142 116 169
f 171 76 58
f 142 143 116
f 116 117 112
f 115 171 58
f 144 117 116
f 143 144 116
f 182 86 119
f 144 145 121
f 183 182 119
f 146 122 121
f 146 121 145
f 146 187 148
f 148 187 152
f 146 148 122
f 148 149 122
f 147 189 95
f 98 147 95
f 148 152 149
f 98 193 147
f 152 153 149
f 149 153 150
f 158 129 151
f 153 154 150
f 150 154 127
f 127 154 151
f 155 132 129
f 154 157 151
f 154 156 157
f 151 157 158
f 159 132 155
f 153 156 154
f 160 132 159
f 156 200 157
f 157 200 198
f 157 198 158
f 158 159 155
f 134 136 100
f 159 201 160
f 161 201 205
f 201 161 160
f 161 162 160
f 162 215 101
f 101 215 212
f 161 216 162
f 162 216 215
f 165 164 219
f 219 140 165
f 167 165 137
f 138 167 137
f 163 105 166
f 166 105 139
f 166 139 168
f 219 168 140
f 140 168 106
f 220 167 141
f 167 138 141
f 221 169 163
f 170 220 141
f 141 110 170
f 224 169 221
f 224 142 169
f 173 142 224
f 176 173 172
f 173 143 142
f 382 171 115
f 173 176 143
f 254 231 174
f 176 144 143
f 175 178 174
f 177 176 241
f 176 177 145
f 176 145 144
f 246 177 241
f 178 185 174
f 246 180 177
f 177 181 145
f 182 245 86
f 246 179 180
f 186 178 247
f 174 185 254
f 180 181 177
f 181 146 145
f 186 191 178
f 178 191 185
f 252 180 179
f 180 187 181
f 180 252 184
f 180 184 187
f 181 187 146
f 256 183 188
f 185 191 262
f 185 262 254
f 184 192 187
f 191 186 190
f 187 192 152
f 184 194 192
f 152 192 196
f 192 194 196
f 193 66 271
f 197 156 153
f 152 197 153
f 152 196 197
f 194 274 196
f 156 197 199
f 156 199 200
f 198 159 158
f 197 196 199
f 199 203 200
f 200 203 198
f 201 159 198
f 274 277 196
f 196 202 199
f 196 277 202
f 199 202 203
f 203 204 198
f 198 204 201
f 201 204 205
f 136 195 100
f 277 206 202
f 202 206 280
f 202 280 203
f 203 207 204
f 204 208 205
f 280 209 203
f 203 209 207
f 204 207 208
f 216 161 205
f 280 281 209
f 207 209 285
f 207 285 210
f 208 210 211
f 208 207 210
f 208 211 205
f 205 211 213
f 285 286 210
f 210 286 282
f 210 282 211
f 213 211 214
f 205 213 216
f 213 214 218
f 216 213 296
f 213 218 217
f 296 213 217
f 306 163 301
f 301 163 166
f 304 219 164
f 165 305 164
f 167 305 165
f 306 221 163
f 302 166 168
f 302 168 219
f 302 219 304
f 312 221 306
f 312 224 221
f 222 170 110
f 228 224 312
f 223 225 226
f 223 226 227
f 171 320 222
f 229 315 243
f 315 229 310
f 229 230 225
f 229 234 230
f 225 230 226
f 227 226 244
f 317 173 228
f 228 173 224
f 320 171 382
f 321 243 315
f 243 234 229
f 230 231 226
f 226 231 232
f 226 232 244
f 317 325 172
f 317 172 173
f 321 233 243
f 230 174 231
f 318 233 321
f 234 175 230
f 230 175 174
f 232 231 235
f 327 240 324
f 324 240 236
f 236 176 325
f 325 176 172
f 115 237 382
f 242 318 238
f 318 242 233
f 234 243 175
f 235 231 254
f 240 241 236
f 236 241 176
f 243 178 175
f 232 239 244
f 240 246 241
f 237 115 245
f 242 238 384
f 330 329 327
f 327 329 179
f 327 246 240
f 327 179 246
f 250 242 384
f 250 247 242
f 242 247 233
f 233 247 243
f 235 261 232
f 244 239 248
f 243 247 178
f 239 249 248
f 244 248 329
f 248 179 329
f 384 332 250
f 232 261 239
f 248 249 179
f 250 186 247
f 254 251 235
f 249 252 179
f 250 332 186
f 183 256 182
f 332 190 186
f 235 257 261
f 249 255 252
f 253 190 332
f 249 261 255
f 251 257 235
f 239 261 249
f 255 184 252
f 256 188 387
f 147 387 189
f 189 387 188
f 259 190 253
f 254 260 251
f 262 260 254
f 251 258 257
f 251 260 258
f 255 263 184
f 263 194 184
f 262 264 260
f 255 261 263
f 190 266 191
f 259 266 190
f 269 191 266
f 191 269 262
f 260 265 335
f 260 335 258
f 261 257 268
f 193 388 147
f 269 264 262
f 264 265 260
f 257 267 268
f 257 258 267
f 261 268 263
f 337 269 266
f 263 270 194
f 269 337 338
f 269 338 264
f 267 272 268
f 268 279 263
f 274 194 270
f 273 271 195
f 268 272 279
f 263 279 270
f 339 272 267
f 276 273 195
f 272 339 344
f 272 344 279
f 270 279 275
f 270 275 274
f 275 277 274
f 136 276 195
f 284 206 277
f 284 278 206
f 278 280 206
f 212 287 136
f 287 276 136
f 279 283 275
f 277 275 284
f 285 209 281
f 214 211 282
f 279 344 283
f 275 283 284
f 278 281 280
f 286 346 282
f 282 346 214
f 214 346 399
f 344 351 283
f 283 292 284
f 284 292 288
f 284 288 278
f 278 289 281
f 278 288 289
f 281 289 290
f 286 285 290
f 285 281 290
f 399 218 214
f 215 216 291
f 283 351 292
f 292 293 288
f 288 293 294
f 289 288 294
f 289 294 295
f 289 295 290
f 290 295 348
f 291 216 296
f 351 297 292
f 292 297 293
f 293 299 298
f 293 298 294
f 294 298 352
f 218 300 217
f 296 217 291
f 291 217 350
f 297 359 293
f 293 359 299
f 417 306 301
f 301 166 302
f 364 302 303
f 363 304 164
f 367 413 164
f 367 164 305
f 303 302 304
f 303 304 363
f 305 167 367
f 167 420 367
f 220 420 167
f 311 369 308
f 307 371 310
f 307 313 308
f 374 368 309
f 310 313 307
f 308 314 311
f 311 380 372
f 309 315 374
f 374 315 310
f 310 229 313
f 308 313 314
f 311 314 326
f 326 380 311
f 313 229 225
f 313 225 223
f 313 223 314
f 375 317 228
f 318 309 319
f 309 321 315
f 309 318 321
f 314 223 328
f 314 328 326
f 227 328 223
f 328 330 326
f 326 322 323
f 316 325 317
f 324 236 325
f 318 319 238
f 244 328 227
f 326 330 322
f 322 327 324
f 330 327 322
f 237 430 382
f 328 244 329
f 328 329 330
f 331 245 182
f 332 384 385
f 432 182 256
f 333 432 256
f 253 334 259
f 387 333 256
f 335 267 258
f 387 147 388
f 334 390 259
f 390 266 259
f 265 336 335
f 341 337 266
f 338 340 264
f 264 340 265
f 265 340 336
f 336 342 335
f 339 267 335
f 336 340 393
f 338 337 343
f 338 343 340
f 336 392 342
f 342 339 335
f 342 392 339
f 276 395 273
f 339 347 344
f 339 392 347
f 347 351 344
f 346 286 345
f 468 346 349
f 468 399 346
f 347 392 398
f 290 348 286
f 345 286 348
f 354 349 345
f 345 349 346
f 468 400 399
f 399 357 218
f 350 215 291
f 350 212 215
f 439 212 350
f 212 439 287
f 287 439 471
f 287 471 276
f 352 295 294
f 352 353 295
f 295 353 348
f 348 353 354
f 348 354 345
f 400 402 357
f 347 355 351
f 351 355 297
f 352 298 356
f 352 356 353
f 300 350 217
f 355 404 358
f 355 358 297
f 358 359 297
f 359 408 299
f 408 405 299
f 299 405 298
f 298 405 356
f 357 360 218
f 218 360 300
f 350 300 360
f 303 410 362
f 303 363 410
f 362 364 303
f 364 301 302
f 363 164 413
f 364 417 301
f 367 420 413
f 371 414 368
f 371 411 414
f 365 411 371
f 365 369 366
f 370 376 416
f 373 306 417
f 368 374 371
f 365 371 307
f 365 307 369
f 369 307 308
f 366 369 372
f 366 372 370
f 420 220 493
f 371 374 310
f 311 372 369
f 370 372 380
f 370 380 376
f 373 375 228
f 373 228 312
f 373 312 306
f 170 493 220
f 309 368 426
f 378 425 316
f 379 493 170
f 381 316 425
f 222 379 170
f 381 325 316
f 378 316 317
f 378 317 375
f 426 319 309
f 428 319 426
f 380 326 323
f 380 323 376
f 376 323 381
f 323 322 324
f 323 324 381
f 381 324 325
f 428 238 319
f 428 461 238
f 461 431 238
f 431 384 238
f 245 383 237
f 331 383 245
f 432 331 182
f 385 386 332
f 332 386 253
f 386 433 334
f 253 386 334
f 433 390 334
f 193 389 388
f 266 390 341
f 391 389 193
f 390 394 341
f 271 391 193
f 273 391 271
f 336 393 392
f 395 391 273
f 394 337 341
f 397 343 337
f 394 397 337
f 393 340 343
f 393 396 392
f 392 396 398
f 394 467 397
f 343 397 393
f 396 393 443
f 398 396 401
f 396 443 437
f 349 354 436
f 468 522 400
f 399 400 357
f 393 397 443
f 396 437 401
f 398 355 347
f 353 501 354
f 442 501 353
f 401 437 404
f 401 404 398
f 398 404 355
f 356 405 441
f 356 442 353
f 441 442 356
f 402 409 357
f 437 403 406
f 437 406 404
f 406 407 404
f 404 407 358
f 359 358 407
f 409 360 357
f 407 447 359
f 359 447 408
f 448 361 362
f 361 364 362
f 449 410 363
f 417 364 361
f 413 449 363
f 411 365 412
f 412 365 366
f 420 492 413
f 418 368 414
f 366 370 415
f 415 370 416
f 416 376 423
f 422 373 454
f 418 426 368
f 422 375 373
f 492 420 459
f 420 493 459
f 424 378 421
f 422 378 375
f 377 423 376
f 419 423 377
f 419 377 424
f 424 377 425
f 425 377 381
f 424 425 378
f 381 377 376
f 222 427 379
f 320 427 222
f 320 382 430
f 461 428 429
f 237 383 430
f 531 431 461
f 383 331 462
f 463 384 431
f 463 385 384
f 385 463 494
f 385 495 386
f 333 496 432
f 386 495 433
f 533 496 333
f 333 387 533
f 389 434 388
f 388 434 387
f 433 465 390
f 390 465 394
f 466 389 391
f 465 435 394
f 395 466 391
f 394 435 467
f 466 395 499
f 436 522 349
f 471 395 276
f 443 440 437
f 501 442 438
f 437 440 403
f 442 441 472
f 472 502 442
f 470 409 402
f 506 409 470
f 439 350 478
f 477 397 467
f 440 444 403
f 444 445 403
f 403 445 406
f 406 445 407
f 445 447 407
f 405 475 441
f 478 350 360
f 477 479 397
f 479 443 397
f 446 440 479
f 440 443 479
f 405 408 475
f 360 409 478
f 448 362 410
f 484 448 410
f 450 412 480
f 485 414 450
f 450 414 411
f 450 411 412
f 480 412 451
f 451 412 366
f 451 366 511
f 415 511 366
f 511 415 513
f 452 417 361
f 485 418 414
f 513 415 416
f 452 373 417
f 449 453 488
f 413 453 449
f 416 423 456
f 455 453 413
f 413 492 455
f 456 423 419
f 456 419 458
f 487 454 373
f 458 421 457
f 457 421 454
f 454 421 422
f 489 426 418
f 458 419 424
f 458 424 421
f 421 378 422
f 489 460 426
f 517 493 379
f 517 379 427
f 428 426 460
f 320 430 550
f 579 461 429
f 495 385 494
f 519 533 387
f 434 519 387
f 433 464 465
f 466 434 389
f 498 435 465
f 435 521 467
f 468 349 522
f 400 500 402
f 500 470 402
f 499 395 469
f 354 501 436
f 471 469 395
f 438 442 502
f 471 439 478
f 471 508 469
f 446 473 444
f 446 444 440
f 444 474 445
f 473 474 444
f 474 505 445
f 445 505 447
f 475 476 441
f 476 472 441
f 478 508 471
f 479 503 446
f 505 507 447
f 447 475 408
f 507 475 447
f 506 478 409
f 509 479 477
f 528 485 450
f 450 510 528
f 510 450 480
f 480 451 481
f 361 448 482
f 448 483 482
f 484 483 448
f 410 514 484
f 481 451 511
f 486 543 513
f 482 452 361
f 449 488 410
f 486 513 416
f 487 452 482
f 489 418 485
f 486 416 456
f 490 486 456
f 487 373 452
f 456 458 490
f 490 458 457
f 490 457 516
f 429 428 460
f 427 320 530
f 530 320 550
f 532 430 383
f 462 532 383
f 531 552 431
f 552 463 431
f 583 463 552
f 497 433 495
f 433 497 464
f 434 520 519
f 464 498 465
f 466 499 564
f 498 521 435
f 436 501 534
f 436 587 522
f 534 587 436
f 522 523 400
f 523 500 400
f 591 438 502
f 438 534 501
f 469 524 499
f 467 521 477
f 470 556 506
f 521 539 477
f 473 446 503
f 537 473 503
f 537 504 473
f 473 504 474
f 504 558 474
f 558 526 474
f 474 526 505
f 505 526 507
f 478 506 508
f 539 509 477
f 503 479 540
f 479 509 540
f 510 560 528
f 510 541 560
f 510 480 541
f 541 480 481
f 511 542 481
f 561 485 528
f 513 543 511
f 482 483 512
f 483 529 512
f 514 483 484
f 485 561 489
f 512 515 482
f 488 514 410
f 515 487 482
f 490 545 486
f 545 490 516
f 516 457 454
f 548 455 492
f 459 548 492
f 600 460 489
f 460 641 429
f 579 531 461
f 532 550 430
f 663 462 331
f 496 331 432
f 463 583 494
f 496 582 331
f 518 494 583
f 518 553 494
f 494 553 495
f 496 533 582
f 497 495 554
f 434 564 520
f 434 466 564
f 565 564 499
f 438 591 534
f 508 524 469
f 521 535 539
f 537 503 540
f 504 537 557
f 504 557 558
f 558 557 525
f 538 475 507
f 538 476 475
f 506 556 527
f 506 527 508
f 539 568 509
f 541 481 542
f 543 542 511
f 562 529 483
f 483 514 562
f 561 571 489
f 545 543 486
f 573 514 488
f 547 487 515
f 546 545 516
f 546 516 572
f 516 454 487
f 516 487 547
f 599 488 453
f 455 599 453
f 640 548 459
f 600 489 491
f 576 459 517
f 459 493 517
f 549 517 427
f 427 530 577
f 551 531 579
f 553 554 495
f 498 464 563
f 498 563 521
f 565 499 524
f 500 566 470
f 608 535 563
f 563 535 521
f 472 634 502
f 634 699 502
f 589 508 527
f 589 524 508
f 558 538 526
f 526 538 507
f 476 634 472
f 528 615 559
f 541 594 560
f 615 528 560
f 617 541 542
f 595 544 529
f 544 515 512
f 544 512 529
f 544 547 515
f 572 516 547
f 489 571 574
f 548 575 455
f 491 621 600
f 549 576 517
f 549 427 577
f 641 579 429
f 552 531 623
f 551 623 531
f 663 331 582
f 585 519 520
f 587 555 522
f 555 523 522
f 591 609 534
f 470 566 556
f 565 524 589
f 536 557 537
f 527 567 589
f 631 536 540
f 540 536 537
f 558 525 593
f 558 593 538
f 569 540 509
f 569 631 540
f 617 594 541
f 544 595 597
f 559 561 528
f 542 543 596
f 655 596 543
f 562 595 529
f 543 545 655
f 545 546 655
f 514 573 562
f 574 491 489
f 575 599 455
f 619 575 548
f 641 460 600
f 577 530 550
f 580 551 579
f 581 583 552
f 585 604 519
f 563 464 497
f 563 497 586
f 585 520 605
f 605 520 564
f 605 564 565
f 523 588 500
f 500 588 566
f 612 527 556
f 612 567 527
f 557 536 614
f 502 699 591
f 539 535 632
f 568 569 509
f 559 615 636
f 653 615 560
f 594 653 560
f 723 542 596
f 635 597 595
f 570 595 562
f 618 572 547
f 618 547 597
f 597 547 544
f 573 570 562
f 620 491 574
f 620 621 491
f 577 550 578
f 462 684 532
f 584 518 583
f 602 518 584
f 603 582 533
f 553 518 643
f 519 604 533
f 553 626 554
f 586 497 554
f 606 563 586
f 608 563 606
f 650 588 523
f 566 611 556
f 611 612 556
f 614 590 525
f 591 592 609
f 612 613 567
f 525 557 614
f 525 590 593
f 568 539 632
f 568 632 569
f 596 655 723
f 570 616 595
f 658 570 573
f 573 598 658
f 598 573 488
f 598 488 599
f 640 619 548
f 640 459 576
f 622 579 641
f 642 551 580
f 642 623 551
f 582 601 663
f 625 583 581
f 625 584 583
f 603 601 582
f 602 643 518
f 626 553 643
f 626 586 554
f 565 607 605
f 589 628 607
f 565 589 607
f 534 609 587
f 609 694 587
f 587 694 555
f 694 650 555
f 555 650 523
f 650 651 588
f 651 610 588
f 588 610 566
f 610 611 566
f 589 567 628
f 608 734 535
f 669 614 536
f 734 671 535
f 671 632 535
f 631 629 536
f 711 629 631
f 536 629 669
f 630 569 632
f 593 633 538
f 633 476 538
f 653 675 615
f 675 636 615
f 723 617 542
f 595 616 635
f 635 618 597
f 546 677 655
f 561 559 679
f 546 572 618
f 679 571 561
f 571 639 574
f 598 599 638
f 620 574 639
f 575 638 599
f 641 600 621
f 703 576 549
f 704 549 577
f 704 577 578
f 682 622 641
f 662 578 550
f 662 550 532
f 580 579 622
f 662 532 684
f 663 684 462
f 624 552 623
f 624 581 552
f 601 706 663
f 581 624 625
f 603 706 601
f 665 603 533
f 533 604 665
f 586 626 645
f 585 644 604
f 644 585 646
f 605 646 585
f 605 647 646
f 607 647 605
f 606 668 608
f 649 613 627
f 613 649 628
f 613 628 567
f 668 734 608
f 651 693 610
f 693 627 610
f 611 610 627
f 611 627 613
f 611 613 612
f 614 672 590
f 713 631 630
f 590 672 593
f 672 715 593
f 591 699 673
f 569 630 631
f 633 634 476
f 635 652 654
f 616 652 635
f 594 676 653
f 676 594 617
f 654 618 635
f 636 657 559
f 726 677 546
f 726 546 618
f 679 559 657
f 658 598 637
f 571 679 639
f 659 638 575
f 619 659 575
f 623 642 685
f 685 624 623
f 806 624 685
f 624 664 625
f 707 584 625
f 707 625 664
f 604 686 665
f 604 644 686
f 606 586 645
f 628 666 648
f 628 648 607
f 607 648 647
f 627 667 649
f 649 666 628
f 670 651 650
f 673 592 591
f 671 696 632
f 631 713 711
f 632 696 630
f 593 715 698
f 570 656 616
f 726 618 654
f 570 658 656
f 680 637 598
f 680 598 638
f 701 638 659
f 620 639 681
f 660 659 619
f 660 619 640
f 661 621 620
f 682 641 621
f 703 702 576
f 683 642 580
f 685 642 683
f 806 664 624
f 603 744 706
f 665 744 603
f 626 643 747
f 644 646 686
f 647 648 710
f 669 692 614
f 694 609 674
f 694 670 650
f 670 693 651
f 614 692 672
f 673 674 592
f 592 674 609
f 699 634 716
f 593 698 633
f 633 716 634
f 652 719 654
f 617 723 676
f 677 723 655
f 658 678 656
f 661 620 681
f 728 659 660
f 661 682 621
f 702 640 576
f 770 622 682
f 683 622 770
f 683 580 622
f 705 684 663
f 706 705 663
f 708 584 707
f 708 602 584
f 745 602 708
f 745 730 602
f 602 730 643
f 747 643 730
f 646 687 686
f 645 626 688
f 833 687 710
f 647 687 646
f 647 710 687
f 645 668 606
f 666 710 648
f 649 748 666
f 691 667 690
f 667 691 689
f 667 689 649
f 649 689 748
f 734 668 731
f 627 693 690
f 627 690 667
f 669 750 692
f 733 672 692
f 694 695 670
f 695 735 670
f 693 735 712
f 693 670 735
f 697 713 630
f 696 697 630
f 673 699 738
f 737 633 698
f 633 737 716
f 717 675 653
f 717 653 739
f 676 739 653
f 719 652 740
f 652 616 720
f 726 654 722
f 677 726 725
f 724 726 722
f 636 700 657
f 637 678 658
f 657 798 679
f 798 681 679
f 639 679 681
f 701 680 638
f 764 661 681
f 640 702 660
f 729 682 661
f 704 703 549
f 705 662 684
f 806 685 683
f 664 806 877
f 709 744 665
f 686 709 665
f 709 686 830
f 686 746 830
f 746 686 687
f 747 688 626
f 833 746 687
f 833 710 666
f 693 712 690
f 629 711 732
f 629 732 669
f 674 695 694
f 671 752 696
f 752 714 696
f 714 697 696
f 673 695 674
f 715 672 808
f 698 736 737
f 716 738 699
f 740 718 719
f 740 652 720
f 719 718 722
f 700 636 721
f 721 636 675
f 719 722 654
f 656 797 720
f 656 720 616
f 723 725 676
f 677 725 723
f 726 724 742
f 680 799 637
f 727 680 701
f 701 743 727
f 743 701 659
f 728 743 659
f 728 660 702
f 769 702 703
f 729 770 682
f 706 828 705
f 879 707 664
f 744 807 706
f 708 707 879
f 773 745 708
f 688 668 645
f 779 711 713
f 779 732 711
f 732 777 669
f 669 777 750
f 750 835 692
f 835 733 692
f 738 781 673
f 781 754 673
f 695 673 754
f 716 753 738
f 737 753 716
f 721 675 758
f 758 675 717
f 757 739 676
f 741 757 676
f 724 722 718
f 741 676 725
f 725 794 741
f 742 724 762
f 678 797 656
f 742 725 726
f 796 657 700
f 796 798 657
f 798 764 681
f 803 727 743
f 764 766 661
f 768 767 728
f 767 743 728
f 768 728 702
f 769 768 702
f 827 704 578
f 771 806 683
f 852 708 879
f 852 773 708
f 747 730 880
f 880 688 747
f 666 748 833
f 734 731 882
f 779 774 732
f 732 749 777
f 882 751 734
f 671 734 751
f 671 751 752
f 780 735 695
f 735 780 712
f 781 738 753
f 695 754 780
f 758 717 755
f 755 717 784
f 717 739 784
f 759 784 739
f 759 739 757
f 757 741 759
f 760 718 789
f 718 761 789
f 740 761 718
f 756 721 758
f 760 762 724
f 760 724 718
f 720 761 740
f 700 721 756
f 794 725 742
f 794 742 762
f 678 763 797
f 763 637 799
f 763 678 637
f 873 799 680
f 727 873 680
f 727 803 873
f 803 743 765
f 767 765 743
f 769 703 804
f 804 703 827
f 827 703 704
f 850 683 770
f 850 771 683
f 772 827 578
f 662 772 578
f 805 772 662
f 705 805 662
f 828 805 705
f 706 807 828
f 807 744 709
f 853 745 773
f 853 730 745
f 833 854 746
f 746 854 830
f 832 731 688
f 688 731 668
f 689 834 748
f 775 749 774
f 775 776 749
f 749 776 777
f 778 713 697
f 778 779 713
f 732 774 749
f 750 777 835
f 733 955 672
f 955 808 672
f 715 808 698
f 809 737 736
f 753 737 809
f 782 783 755
f 785 782 759
f 782 755 784
f 782 784 759
f 790 758 783
f 783 758 755
f 786 788 789
f 756 758 790
f 785 759 787
f 787 794 791
f 795 791 794
f 762 760 788
f 788 760 789
f 761 792 789
f 787 759 741
f 787 741 794
f 761 793 792
f 790 823 756
f 795 794 762
f 796 700 823
f 823 700 756
f 799 825 763
f 870 766 764
f 870 764 798
f 800 799 873
f 801 802 766
f 765 767 826
f 661 766 802
f 849 767 768
f 769 849 768
f 804 849 769
f 729 850 770
f 877 879 664
f 807 709 829
f 830 829 709
f 688 880 831
f 779 856 774
f 856 775 774
f 776 835 777
f 836 691 690
f 691 834 689
f 857 751 882
f 751 884 752
f 697 714 778
f 736 698 808
f 861 862 780
f 780 862 712
f 753 887 781
f 887 859 781
f 781 859 754
f 859 861 754
f 754 861 780
f 810 811 838
f 838 811 812
f 810 816 811
f 814 815 810
f 810 815 816
f 812 811 813
f 812 813 817
f 816 813 811
f 815 782 816
f 816 785 813
f 842 783 814
f 815 783 782
f 814 783 815
f 785 816 782
f 818 783 842
f 817 813 819
f 841 819 820
f 818 845 790
f 818 790 783
f 785 787 813
f 813 787 819
f 820 795 788
f 844 788 786
f 821 844 786
f 787 791 819
f 819 791 820
f 820 791 795
f 795 762 788
f 789 821 786
f 792 821 789
f 822 790 845
f 822 823 790
f 848 793 761
f 824 823 822
f 824 796 823
f 796 824 870
f 870 798 796
f 766 870 801
f 801 874 802
f 765 895 803
f 729 661 802
f 876 827 772
f 929 806 771
f 953 773 852
f 953 853 773
f 853 909 730
f 880 730 909
f 832 688 831
f 854 833 855
f 833 748 855
f 748 834 855
f 856 779 883
f 691 899 834
f 691 836 899
f 778 883 779
f 836 712 858
f 712 836 690
f 857 886 751
f 886 884 751
f 884 714 752
f 808 914 736
f 862 858 712
f 809 887 753
f 810 902 839
f 817 840 812
f 840 841 863
f 840 817 841
f 839 814 810
f 842 814 839
f 846 889 844
f 842 845 818
f 817 819 841
f 843 820 788
f 843 788 844
f 844 821 846
f 843 841 820
f 821 793 846
f 868 822 845
f 793 821 792
f 848 890 793
f 720 848 761
f 797 848 720
f 824 847 870
f 871 848 797
f 797 872 871
f 763 872 797
f 825 872 763
f 825 799 800
f 849 826 767
f 924 802 874
f 926 729 802
f 876 804 827
f 771 897 929
f 851 805 828
f 929 877 806
f 807 878 828
f 829 898 807
f 829 830 854
f 731 832 933
f 731 933 882
f 881 834 912
f 901 778 714
f 901 883 778
f 733 835 837
f 900 886 857
f 714 884 901
f 914 809 736
f 859 860 861
f 902 810 888
f 888 810 838
f 866 842 902
f 842 839 902
f 838 812 840
f 864 863 841
f 867 842 866
f 864 841 843
f 904 864 843
f 889 865 844
f 845 842 867
f 904 843 844
f 867 866 868
f 868 845 867
f 793 906 846
f 868 869 847
f 847 824 822
f 847 822 868
f 907 890 848
f 871 907 848
f 872 892 871
f 894 872 825
f 800 894 825
f 893 874 801
f 895 765 826
f 924 926 802
f 850 729 926
f 875 849 804
f 926 897 850
f 875 804 876
f 928 875 876
f 897 771 850
f 876 772 928
f 851 772 805
f 969 879 877
f 878 851 828
f 930 879 969
f 930 852 879
f 878 807 898
f 990 852 930
f 852 990 953
f 931 898 829
f 932 829 854
f 831 933 832
f 855 911 854
f 855 881 911
f 834 881 855
f 834 899 912
f 933 916 882
f 916 857 882
f 775 1152 776
f 916 900 857
f 733 837 955
f 858 915 836
f 884 886 917
f 887 860 859
f 861 885 862
f 862 885 858
f 919 888 838
f 840 919 838
f 920 866 902
f 921 863 864
f 865 904 844
f 889 905 865
f 906 889 846
f 869 868 866
f 793 890 906
f 891 847 869
f 871 945 907
f 891 870 847
f 871 892 945
f 891 801 870
f 872 894 892
f 891 893 801
f 800 873 949
f 950 873 803
f 895 950 803
f 896 826 849
f 875 896 849
f 969 877 929
f 932 931 829
f 880 909 910
f 911 932 854
f 933 935 916
f 1048 856 883
f 938 901 917
f 901 938 883
f 809 956 887
f 914 956 809
f 956 860 887
f 918 860 956
f 885 860 918
f 900 917 886
f 917 901 884
f 860 885 861
f 903 943 866
f 921 864 961
f 904 961 864
f 984 904 865
f 906 905 889
f 943 869 866
f 922 869 943
f 906 890 963
f 890 907 963
f 922 964 891
f 922 891 869
f 945 892 946
f 964 893 891
f 892 894 946
f 947 874 893
f 873 950 949
f 925 950 895
f 896 927 826
f 927 895 826
f 908 896 875
f 967 929 897
f 1017 772 851
f 970 1017 851
f 970 851 878
f 909 853 953
f 910 831 880
f 912 899 913
f 912 913 934
f 776 1132 835
f 915 899 836
f 900 916 937
f 938 1048 883
f 835 978 837
f 858 885 936
f 858 936 915
f 937 939 900
f 900 939 917
f 958 902 888
f 958 888 919
f 902 940 920
f 919 840 863
f 920 903 866
f 904 982 961
f 984 982 904
f 984 865 905
f 985 905 906
f 906 963 985
f 907 945 923
f 964 947 893
f 949 894 800
f 947 965 874
f 874 965 924
f 966 926 924
f 927 896 968
f 908 875 928
f 967 989 929
f 1017 928 772
f 952 970 878
f 952 878 898
f 991 931 932
f 909 1019 910
f 911 991 932
f 910 973 831
f 911 974 991
f 973 933 831
f 881 974 911
f 881 912 934
f 954 913 899
f 856 1070 775
f 915 936 954
f 915 954 899
f 938 917 1026
f 939 981 917
f 917 981 1026
f 902 958 940
f 941 919 863
f 921 941 863
f 944 922 943
f 963 907 923
f 922 1033 964
f 1013 947 964
f 894 949 948
f 966 924 965
f 987 950 925
f 951 987 925
f 895 951 925
f 951 895 927
f 926 966 897
f 966 967 897
f 908 968 896
f 908 928 1016
f 969 929 989
f 1016 928 1017
f 1107 930 969
f 1147 990 930
f 991 972 931
f 972 952 931
f 952 898 931
f 973 910 1019
f 974 992 991
f 933 973 975
f 934 974 881
f 975 935 933
f 1152 1132 776
f 976 885 977
f 976 936 885
f 1024 937 916
f 1026 1048 938
f 808 955 997
f 808 997 914
f 914 980 956
f 956 995 918
f 918 977 885
f 1024 957 937
f 957 939 937
f 957 981 939
f 959 958 919
f 941 959 919
f 940 960 920
f 960 962 920
f 920 962 903
f 941 921 942
f 962 943 903
f 921 961 942
f 962 944 943
f 905 985 984
f 985 963 1010
f 944 1033 922
f 1032 923 945
f 946 894 948
f 1013 965 947
f 987 949 950
f 1035 987 951
f 968 951 927
f 908 988 968
f 989 1107 969
f 1147 930 1107
f 971 970 952
f 972 971 952
f 1019 909 953
f 954 1044 913
f 1132 1046 835
f 835 1046 978
f 1026 1153 1048
f 1153 1113 1048
f 837 979 955
f 978 979 837
f 955 979 997
f 997 980 914
f 980 998 956
f 995 956 998
f 995 977 918
f 1047 957 1024
f 958 1002 940
f 1003 1002 958
f 1004 958 959
f 1003 958 1004
f 983 962 960
f 940 1002 960
f 999 1004 959
f 1001 941 942
f 961 1005 942
f 982 1005 961
f 982 984 1009
f 983 1030 962
f 1030 944 962
f 963 1012 1010
f 1031 944 1030
f 1031 1033 944
f 1012 963 923
f 1012 923 1032
f 964 1033 1013
f 986 945 946
f 948 949 1034
f 1058 966 965
f 966 1058 1059
f 1035 951 1015
f 1014 967 966
f 1015 951 968
f 968 988 1015
f 989 967 1037
f 1016 1038 908
f 970 1018 1017
f 1039 971 972
f 1040 1039 972
f 1109 990 1148
f 1040 972 991
f 1109 953 990
f 1109 1019 953
f 991 992 1040
f 1019 1042 973
f 993 992 974
f 1042 975 973
f 974 994 993
f 934 994 974
f 934 913 1044
f 1044 954 1022
f 976 1022 936
f 954 936 1022
f 1024 916 935
f 1048 1070 856
f 775 1070 1152
f 995 996 977
f 997 1072 980
f 1072 998 980
f 1047 1073 957
f 957 1073 981
f 941 999 959
f 941 1000 999
f 1001 1000 941
f 942 1005 1001
f 1006 999 1000
f 1000 1001 1005
f 982 1008 1005
f 1009 1008 982
f 1050 983 960
f 1002 1050 960
f 1027 1002 1003
f 1050 1002 1027
f 1006 1000 1007
f 1007 1000 1005
f 1007 1005 1008
f 985 1009 984
f 1050 1030 983
f 1074 1007 1008
f 1029 1008 1009
f 1010 1009 985
f 1010 1012 1011
f 1031 1030 1054
f 945 986 1032
f 946 948 986
f 1013 1056 965
f 987 1034 949
f 1014 966 1059
f 1105 1015 988
f 1120 967 1014
f 1037 967 1120
f 988 908 1038
f 1018 1016 1017
f 971 1018 970
f 1148 990 1147
f 992 1063 1040
f 993 1020 992
f 1041 1020 993
f 934 1021 994
f 1044 1021 934
f 1045 976 1023
f 1022 976 1045
f 996 1023 976
f 996 976 977
f 1026 1193 1153
f 1046 979 978
f 979 1094 997
f 1094 1072 997
f 1072 1068 998
f 998 1068 996
f 998 996 995
f 981 1073 1025
f 1025 1026 981
f 1028 1027 1003
f 1004 1028 1003
f 1004 999 1028
f 999 1006 1051
f 1097 1027 1028
f 1049 1028 999
f 1049 999 1051
f 1052 1006 1007
f 1009 1010 1029
f 1074 1008 1029
f 1029 1075 1074
f 1053 1029 1010
f 1011 1053 1010
f 1012 1055 1011
f 1031 1078 1033
f 1031 1077 1078
f 1057 986 948
f 948 1034 1057
f 1056 1058 965
f 987 1079 1034
f 1035 1079 987
f 1141 1035 1015
f 1104 1014 1036
f 1104 1120 1014
f 1038 1105 988
f 1037 1107 989
f 1082 1038 1016
f 1082 1016 1083
f 1039 1018 971
f 992 1020 1063
f 994 1041 993
f 1021 1065 994
f 1044 1043 1021
f 1022 1043 1044
f 1069 1023 1093
f 1045 1043 1022
f 996 1093 1023
f 1052 1051 1006
f 1027 1100 1050
f 1007 1074 1052
f 1100 1099 1050
f 1099 1030 1050
f 1075 1029 1053
f 1054 1077 1031
f 1011 1138 1053
f 1011 1055 1138
f 1012 1032 1055
f 1032 986 1055
f 1055 986 1057
f 1013 1033 1078
f 1013 1078 1140
f 1013 1140 1056
f 1057 1034 1079
f 1080 1079 1035
f 1059 1036 1014
f 1081 1015 1105
f 1018 1083 1016
f 1060 1083 1018
f 1061 1060 1039
f 1060 1018 1039
f 1062 1061 1039
f 1040 1062 1039
f 1063 1062 1040
f 1063 1086 1062
f 1064 1086 1063
f 1020 1064 1063
f 1041 1064 1020
f 1090 1064 1041
f 1089 1042 1019
f 1065 1090 1041
f 994 1065 1041
f 1090 1065 1091
f 1042 1111 975
f 1021 1091 1065
f 1043 1066 1091
f 1043 1091 1021
f 1045 1067 1066
f 1045 1066 1043
f 1111 1112 975
f 935 975 1112
f 1069 1067 1023
f 1023 1067 1045
f 1046 1071 979
f 1068 1093 996
f 1027 1097 1100
f 1028 1116 1097
f 1049 1116 1028
f 1075 1076 1074
f 1117 1074 1076
f 1053 1101 1075
f 1030 1099 1054
f 1076 1075 1101
f 1136 1101 1053
f 1036 1058 1056
f 1058 1036 1059
f 1105 1038 1082
f 1061 1106 1060
f 1062 1084 1061
f 1062 1085 1084
f 1086 1085 1062
f 1087 1086 1064
f 1088 1125 1087
f 1090 1087 1064
f 1149 1019 1109
f 1149 1089 1019
f 1090 1088 1087
f 1091 1110 1090
f 1067 1091 1066
f 1067 1110 1091
f 1093 1068 1092
f 1048 1113 1070
f 1113 1114 1070
f 1071 1094 979
f 1094 1095 1072
f 1072 1092 1068
f 1112 1047 1024
f 935 1112 1024
f 1051 1115 1049
f 1097 1096 1100
f 1157 1097 1116
f 1116 1049 1115
f 1074 1117 1052
f 1099 1098 1054
f 1118 1099 1100
f 1157 1096 1097
f 1134 1051 1052
f 1098 1077 1054
f 1163 1076 1101
f 1103 1138 1055
f 1137 1078 1077
f 1137 1140 1078
f 1055 1057 1103
f 1119 1103 1057
f 1119 1057 1079
f 1036 1056 1165
f 1035 1141 1080
f 1015 1142 1141
f 1122 1082 1083
f 1122 1083 1060
f 1106 1084 1123
f 1061 1084 1106
f 1085 1123 1084
f 1108 1123 1085
f 1221 1147 1107
f 1086 1108 1085
f 1108 1086 1087
f 1125 1108 1087
f 1128 1127 1125
f 1088 1128 1125
f 1110 1128 1088
f 1090 1110 1088
f 1089 1111 1042
f 1067 1129 1110
f 1069 1129 1067
f 1093 1130 1069
f 1114 1152 1070
f 1132 1227 1046
f 1071 1095 1094
f 1095 1131 1072
f 1072 1131 1092
f 1117 1134 1052
f 1115 1051 1134
f 1118 1098 1099
f 1156 1118 1100
f 1156 1100 1096
f 1134 1117 1178
f 1098 1102 1077
f 1163 1101 1136
f 1138 1136 1053
f 1102 1137 1077
f 1165 1056 1140
f 1185 1104 1036
f 1081 1166 1015
f 1081 1105 1121
f 1082 1121 1105
f 1144 1122 1106
f 1122 1060 1106
f 1106 1123 1144
f 1221 1107 1205
f 1108 1124 1123
f 1108 1125 1124
f 1127 1124 1125
f 1126 1127 1150
f 1150 1127 1128
f 1171 1089 1149
f 1129 1151 1110
f 1130 1129 1069
f 1173 1093 1092
f 1130 1093 1173
f 1227 1071 1046
f 1131 1095 1175
f 1154 1047 1112
f 1025 1193 1026
f 1073 1154 1133
f 1073 1047 1154
f 1133 1025 1073
f 1115 1155 1116
f 1160 1115 1134
f 1195 1098 1118
f 1195 1118 1156
f 1135 1156 1096
f 1117 1076 1178
f 1138 1180 1136
f 1139 1138 1103
f 1181 1163 1136
f 1181 1136 1180
f 1140 1137 1162
f 1139 1103 1119
f 1119 1079 1080
f 1141 1202 1080
f 1142 1015 1166
f 1204 1120 1104
f 1204 1037 1120
f 1249 1037 1204
f 1081 1121 1167
f 1121 1082 1122
f 1143 1121 1122
f 1249 1107 1037
f 1169 1143 1144
f 1144 1143 1122
f 1123 1145 1144
f 1124 1145 1123
f 1146 1145 1124
f 1124 1126 1146
f 1127 1126 1124
f 1252 1148 1147
f 1150 1170 1126
f 1128 1189 1150
f 1128 1151 1189
f 1151 1128 1110
f 1172 1111 1089
f 1130 1173 1174
f 1130 1174 1129
f 1111 1172 1154
f 1173 1092 1212
f 1092 1131 1212
f 1154 1112 1111
f 1095 1242 1175
f 1095 1071 1242
f 1113 1259 1114
f 1152 1114 1191
f 1133 1215 1025
f 1194 1215 1133
f 1157 1116 1155
f 1195 1158 1098
f 1098 1158 1102
f 1195 1156 1159
f 1159 1156 1135
f 1159 1135 1196
f 1135 1096 1157
f 1155 1115 1160
f 1161 1178 1076
f 1102 1162 1137
f 1161 1076 1179
f 1179 1076 1163
f 1179 1163 1200
f 1139 1182 1138
f 1182 1180 1138
f 1164 1182 1139
f 1162 1183 1140
f 1183 1165 1140
f 1119 1080 1139
f 1139 1080 1202
f 1185 1036 1165
f 1203 1202 1141
f 1141 1142 1203
f 1166 1081 1167
f 1168 1167 1143
f 1121 1143 1167
f 1169 1237 1168
f 1143 1169 1168
f 1145 1169 1144
f 1145 1187 1169
f 1187 1145 1146
f 1126 1170 1146
f 1148 1208 1109
f 1208 1149 1109
f 1171 1149 1208
f 1089 1171 1188
f 1089 1188 1172
f 1210 1154 1172
f 1212 1131 1226
f 1131 1175 1226
f 1190 1132 1152
f 1113 1229 1259
f 1259 1191 1114
f 1152 1191 1190
f 1154 1192 1133
f 1192 1194 1133
f 1157 1196 1135
f 1155 1196 1157
f 1155 1176 1196
f 1155 1218 1176
f 1160 1218 1155
f 1195 1159 1230
f 1230 1159 1196
f 1160 1197 1218
f 1134 1197 1160
f 1158 1198 1102
f 1197 1134 1178
f 1198 1177 1102
f 1177 1162 1102
f 1181 1184 1163
f 1163 1184 1200
f 1201 1180 1182
f 1177 1183 1162
f 1181 1180 1201
f 1139 1202 1164
f 1219 1165 1183
f 1219 1185 1165
f 1167 1186 1166
f 1186 1167 1168
f 1168 1237 1286
f 1169 1187 1237
f 1249 1205 1107
f 1187 1146 1206
f 1206 1146 1207
f 1170 1207 1146
f 1252 1147 1221
f 1270 1188 1171
f 1211 1129 1174
f 1151 1211 1189
f 1151 1129 1211
f 1224 1174 1225
f 1211 1174 1224
f 1174 1173 1225
f 1213 1154 1210
f 1132 1190 1214
f 1227 1242 1071
f 1192 1154 1213
f 1153 1229 1113
f 1193 1229 1153
f 1025 1215 1193
f 1260 1158 1195
f 1176 1217 1196
f 1260 1195 1230
f 1178 1246 1197
f 1161 1246 1178
f 1245 1199 1177
f 1199 1183 1177
f 1161 1179 1200
f 1184 1181 1201
f 1184 1201 1233
f 1183 1199 1219
f 1235 1164 1202
f 1185 1220 1104
f 1220 1204 1104
f 1220 1249 1204
f 1207 1238 1206
f 1150 1222 1170
f 1170 1222 1207
f 1208 1148 1252
f 1150 1223 1222
f 1208 1270 1171
f 1189 1223 1150
f 1188 1209 1172
f 1210 1172 1209
f 1211 1223 1189
f 1213 1210 1254
f 1225 1173 1240
f 1173 1212 1240
f 1214 1227 1132
f 1228 1190 1191
f 1193 1216 1229
f 1215 1194 1276
f 1230 1196 1217
f 1198 1158 1260
f 1245 1177 1198
f 1164 1235 1182
f 1235 1201 1182
f 1232 1200 1184
f 1279 1219 1199
f 1203 1235 1202
f 1203 1142 1248
f 1236 1220 1185
f 1186 1306 1166
f 1251 1205 1249
f 1221 1205 1251
f 1222 1238 1207
f 1239 1208 1252
f 1223 1253 1222
f 1210 1209 1254
f 1211 1224 1223
f 1240 1212 1226
f 1294 1227 1214
f 1273 1242 1227
f 1258 1274 1228
f 1228 1214 1190
f 1272 1192 1213
f 1194 1192 1272
f 1276 1216 1193
f 1176 1243 1217
f 1261 1243 1176
f 1278 1176 1218
f 1197 1264 1218
f 1263 1218 1264
f 1264 1197 1246
f 1161 1231 1246
f 1280 1161 1200
f 1184 1233 1232
f 1235 1234 1201
f 1201 1234 1233
f 1235 1247 1234
f 1203 1247 1235
f 1220 1236 1267
f 1166 1248 1142
f 1268 1249 1220
f 1288 1251 1249
f 1252 1221 1251
f 1224 1255 1223
f 1223 1255 1253
f 1225 1291 1224
f 1225 1241 1291
f 1225 1240 1241
f 1240 1226 1256
f 1242 1226 1175
f 1294 1273 1227
f 1213 1257 1272
f 1228 1274 1214
f 1259 1228 1191
f 1275 1228 1259
f 1216 1259 1229
f 1215 1276 1193
f 1217 1244 1230
f 1243 1244 1217
f 1260 1262 1198
f 1176 1278 1261
f 1262 1245 1198
f 1278 1218 1263
f 1264 1246 1301
f 1300 1279 1199
f 1280 1231 1161
f 1280 1200 1281
f 1232 1281 1200
f 1265 1219 1279
f 1203 1248 1247
f 1281 1232 1266
f 1266 1232 1233
f 1265 1185 1219
f 1306 1248 1166
f 1186 1284 1306
f 1285 1268 1220
f 1249 1268 1288
f 1237 1187 1286
f 1206 1250 1187
f 1253 1269 1222
f 1271 1188 1270
f 1209 1188 1271
f 1291 1255 1224
f 1257 1213 1254
f 1343 1274 1258
f 1274 1294 1214
f 1276 1295 1216
f 1216 1295 1259
f 1230 1298 1260
f 1230 1244 1298
f 1277 1262 1260
f 1277 1260 1298
f 1245 1300 1199
f 1231 1301 1246
f 1234 1247 1303
f 1303 1247 1248
f 1185 1265 1236
f 1283 1248 1306
f 1267 1285 1220
f 1285 1267 1331
f 1168 1284 1186
f 1284 1168 1286
f 1187 1250 1286
f 1288 1252 1251
f 1239 1252 1288
f 1338 1289 1238
f 1338 1238 1222
f 1222 1269 1338
f 1239 1315 1208
f 1315 1270 1208
f 1255 1269 1253
f 1271 1254 1209
f 1291 1290 1255
f 1240 1292 1241
f 1256 1292 1240
f 1273 1293 1242
f 1293 1226 1242
f 1275 1258 1228
f 1295 1275 1259
f 1297 1194 1272
f 1297 1276 1194
f 1298 1244 1324
f 1243 1261 1308
f 1299 1300 1245
f 1299 1245 1262
f 1328 1264 1301
f 1309 1231 1280
f 1283 1303 1248
f 1266 1233 1282
f 1282 1233 1234
f 1282 1234 1303
f 1282 1303 1302
f 1304 1267 1236
f 1304 1331 1267
f 1286 1311 1284
f 1336 1286 1250
f 1287 1268 1285
f 1268 1287 1288
f 1313 1239 1288
f 1238 1289 1206
f 1270 1315 1271
f 1255 1290 1269
f 1257 1254 1340
f 1292 1291 1241
f 1340 1316 1257
f 1226 1293 1256
f 1316 1272 1257
f 1294 1320 1273
f 1316 1318 1272
f 1322 1258 1275
f 1295 1296 1275
f 1296 1322 1275
f 1319 1297 1272
f 1276 1307 1295
f 1276 1297 1307
f 1324 1244 1308
f 1308 1244 1243
f 1299 1262 1277
f 1308 1261 1278
f 1278 1263 1326
f 1328 1263 1264
f 1231 1309 1301
f 1347 1265 1279
f 1265 1304 1236
f 1305 1282 1302
f 1302 1303 1310
f 1306 1310 1283
f 1310 1303 1283
f 1286 1336 1311
f 1250 1312 1336
f 1250 1206 1312
f 1313 1288 1287
f 1357 1239 1313
f 1291 1339 1290
f 1381 1254 1271
f 1254 1381 1340
f 1320 1341 1293
f 1320 1293 1273
f 1256 1293 1341
f 1319 1272 1318
f 1320 1294 1274
f 1345 1296 1295
f 1277 1327 1299
f 1326 1308 1278
f 1327 1300 1299
f 1263 1393 1326
f 1327 1347 1300
f 1376 1263 1328
f 1347 1279 1300
f 1328 1301 1309
f 1280 1329 1309
f 1350 1349 1266
f 1350 1266 1282
f 1310 1332 1302
f 1284 1310 1306
f 1311 1310 1284
f 1310 1333 1332
f 1311 1333 1310
f 1335 1285 1331
f 1285 1335 1287
f 1312 1206 1337
f 1289 1337 1206
f 1269 1314 1338
f 1381 1271 1315
f 1292 1339 1291
f 1292 1362 1339
f 1256 1317 1292
f 1317 1362 1292
f 1317 1363 1362
f 1411 1318 1316
f 1341 1317 1256
f 1320 1369 1341
f 1322 1321 1258
f 1258 1321 1343
f 1296 1371 1322
f 1297 1319 1323
f 1297 1323 1307
f 1295 1307 1345
f 1307 1323 1345
f 1324 1392 1298
f 1298 1392 1277
f 1326 1374 1308
f 1327 1277 1325
f 1325 1277 1392
f 1372 1324 1308
f 1393 1263 1376
f 1328 1309 1377
f 1330 1329 1280
f 1330 1280 1281
f 1347 1304 1265
f 1378 1304 1347
f 1266 1349 1281
f 1330 1281 1349
f 1305 1350 1282
f 1351 1331 1304
f 1351 1304 1378
f 1354 1332 1334
f 1334 1332 1333
f 1336 1334 1311
f 1311 1334 1333
f 1337 1289 1380
f 1287 1355 1313
f 1338 1380 1289
f 1314 1380 1338
f 1314 1356 1408
f 1269 1356 1314
f 1269 1358 1356
f 1315 1239 1357
f 1290 1358 1269
f 1409 1381 1315
f 1290 1339 1358
f 1362 1359 1339
f 1316 1340 1361
f 1383 1319 1318
f 1369 1320 1370
f 1274 1343 1370
f 1320 1274 1370
f 1319 1342 1323
f 1323 1342 1367
f 1323 1367 1344
f 1345 1371 1296
f 1345 1323 1344
f 1345 1344 1371
f 1308 1391 1372
f 1326 1393 1374
f 1372 1392 1324
f 1375 1346 1327
f 1346 1347 1327
f 1375 1327 1325
f 1328 1415 1376
f 1328 1377 1415
f 1377 1309 1329
f 1348 1378 1347
f 1350 1416 1349
f 1351 1335 1331
f 1416 1350 1352
f 1352 1350 1305
f 1302 1352 1305
f 1332 1352 1302
f 1332 1353 1352
f 1354 1353 1332
f 1312 1406 1336
f 1336 1406 1334
f 1406 1312 1379
f 1337 1379 1312
f 1355 1287 1395
f 1380 1379 1337
f 1314 1408 1380
f 1396 1313 1355
f 1396 1357 1313
f 1417 1339 1359
f 1382 1340 1381
f 1359 1360 1425
f 1361 1340 1382
f 1361 1411 1316
f 1360 1359 1362
f 1384 1360 1363
f 1363 1360 1362
f 1385 1367 1365
f 1384 1363 1366
f 1341 1366 1317
f 1317 1366 1363
f 1319 1383 1412
f 1319 1412 1342
f 1342 1412 1364
f 1365 1367 1342
f 1369 1366 1341
f 1368 1367 1385
f 1368 1389 1344
f 1343 1321 1390
f 1343 1390 1370
f 1370 1390 1369
f 1344 1367 1368
f 1371 1344 1389
f 1371 1321 1322
f 1308 1373 1391
f 1308 1374 1373
f 1402 1375 1325
f 1402 1325 1392
f 1400 1392 1372
f 1346 1348 1347
f 1378 1348 1346
f 1330 1377 1329
f 1349 1404 1330
f 1396 1355 1395
f 1315 1357 1396
f 1358 1339 1417
f 1386 1360 1384
f 1318 1411 1383
f 1385 1365 1424
f 1386 1384 1366
f 1368 1385 1387
f 1387 1388 1368
f 1389 1368 1388
f 1413 1386 1390
f 1390 1386 1366
f 1369 1390 1366
f 1388 1413 1390
f 1371 1389 1388
f 1371 1388 1321
f 1321 1388 1390
f 1372 1391 1400
f 1373 1436 1391
f 1374 1439 1373
f 1436 1373 1439
f 1439 1374 1440
f 1393 1440 1374
f 1346 1375 1403
f 1414 1376 1415
f 1346 1420 1378
f 1377 1330 1404
f 1349 1416 1404
f 1352 1405 1416
f 1405 1352 1353
f 1406 1354 1334
f 1395 1335 1407
f 1395 1287 1335
f 1408 1379 1380
f 1395 1422 1396
f 1396 1397 1315
f 1315 1397 1409
f 1398 1381 1409
f 1398 1382 1381
f 1382 1398 1410
f 1410 1399 1382
f 1425 1417 1359
f 1399 1361 1382
f 1399 1411 1361
f 1364 1365 1342
f 1424 1472 1385
f 1387 1385 1472
f 1413 1418 1386
f 1387 1413 1388
f 1401 1375 1402
f 1400 1419 1392
f 1400 1391 1436
f 1393 1414 1440
f 1376 1414 1393
f 1401 1403 1375
f 1419 1402 1392
f 1441 1414 1415
f 1420 1351 1378
f 1421 1405 1353
f 1353 1354 1429
f 1407 1335 1351
f 1407 1351 1394
f 1397 1396 1422
f 1398 1409 1432
f 1386 1426 1360
f 1426 1425 1360
f 1419 1401 1402
f 1437 1419 1400
f 1403 1420 1346
f 1415 1377 1443
f 1443 1377 1444
f 1444 1377 1404
f 1394 1351 1420
f 1444 1404 1445
f 1405 1446 1416
f 1421 1353 1429
f 1354 1406 1429
f 1406 1379 1449
f 1431 1397 1422
f 1409 1397 1431
f 1432 1409 1431
f 1358 1417 1356
f 1364 1435 1365
f 1426 1386 1418
f 1418 1413 1387
f 1476 1440 1414
f 1476 1414 1441
f 1442 1394 1420
f 1404 1416 1445
f 1446 1405 1421
f 1428 1407 1394
f 1449 1429 1406
f 1449 1379 1408
f 1428 1395 1407
f 1422 1395 1428
f 1467 1408 1356
f 1356 1433 1467
f 1417 1433 1356
f 1423 1411 1399
f 1423 1383 1411
f 1418 1455 1426
f 1403 1442 1420
f 1401 1442 1403
f 1427 1394 1442
f 1416 1446 1445
f 1427 1428 1394
f 1447 1421 1429
f 1408 1467 1449
f 1428 1430 1422
f 1431 1422 1430
f 1398 1432 1465
f 1398 1465 1410
f 1452 1399 1410
f 1454 1433 1417
f 1453 1423 1434
f 1488 1365 1487
f 1425 1454 1417
f 1423 1399 1434
f 1471 1423 1453
f 1365 1435 1487
f 1364 1471 1435
f 1383 1423 1412
f 1412 1423 1471
f 1412 1471 1364
f 1488 1424 1365
f 1424 1488 1472
f 1455 1425 1426
f 1437 1474 1419
f 1438 1400 1436
f 1419 1474 1457
f 1456 1419 1457
f 1401 1419 1456
f 1437 1400 1438
f 1436 1439 1475
f 1442 1401 1456
f 1477 1441 1415
f 1415 1443 1477
f 1442 1459 1427
f 1460 1445 1446
f 1460 1446 1461
f 1462 1428 1427
f 1447 1446 1421
f 1429 1448 1447
f 1462 1430 1428
f 1467 1450 1449
f 1463 1431 1462
f 1431 1463 1432
f 1463 1465 1432
f 1467 1433 1485
f 1410 1465 1451
f 1451 1452 1410
f 1399 1452 1434
f 1452 1470 1434
f 1434 1470 1453
f 1538 1471 1453
f 1455 1454 1425
f 1473 1387 1472
f 1387 1473 1418
f 1436 1475 1438
f 1439 1440 1458
f 1475 1439 1458
f 1476 1458 1440
f 1443 1511 1477
f 1459 1442 1456
f 1493 1443 1444
f 1493 1444 1460
f 1460 1444 1445
f 1459 1478 1427
f 1446 1447 1461
f 1462 1427 1478
f 1462 1478 1482
f 1479 1461 1447
f 1448 1479 1447
f 1449 1448 1429
f 1464 1462 1482
f 1482 1481 1464
f 1483 1448 1450
f 1450 1448 1449
f 1462 1431 1430
f 1463 1462 1464
f 1466 1463 1464
f 1463 1466 1465
f 1465 1466 1451
f 1451 1466 1484
f 1468 1451 1484
f 1451 1468 1452
f 1433 1469 1485
f 1468 1470 1452
f 1454 1469 1433
f 1435 1471 1505
f 1473 1507 1418
f 1418 1507 1455
f 1437 1490 1474
f 1438 1490 1437
f 1441 1477 1476
f 1492 1456 1457
f 1457 1474 1491
f 1491 1474 1490
f 1492 1459 1456
f 1478 1459 1492
f 1511 1443 1493
f 1461 1479 1495
f 1482 1478 1496
f 1479 1448 1480
f 1482 1496 1481
f 1483 1480 1448
f 1499 1483 1450
f 1499 1450 1467
f 1464 1481 1466
f 1481 1501 1466
f 1485 1499 1467
f 1466 1501 1502
f 1466 1502 1484
f 1502 1468 1484
f 1506 1517 1485
f 1469 1506 1485
f 1503 1470 1468
f 1519 1470 1503
f 1470 1519 1453
f 1488 1487 1486
f 1454 1506 1469
f 1538 1505 1471
f 1454 1489 1506
f 1488 1473 1472
f 1455 1489 1454
f 1507 1489 1455
f 1475 1490 1438
f 1508 1490 1475
f 1508 1475 1540
f 1458 1509 1475
f 1509 1540 1475
f 1492 1457 1510
f 1510 1457 1491
f 1491 1490 1508
f 1509 1458 1476
f 1541 1476 1477
f 1494 1492 1510
f 1460 1514 1493
f 1460 1461 1514
f 1494 1478 1492
f 1515 1495 1479
f 1480 1515 1479
f 1494 1496 1478
f 1494 1527 1543
f 1497 1515 1480
f 1483 1497 1480
f 1494 1543 1496
f 1498 1497 1483
f 1499 1498 1483
f 1500 1498 1499
f 1481 1496 1501
f 1496 1543 1501
f 1485 1500 1499
f 1517 1500 1485
f 1503 1468 1502
f 1486 1487 1504
f 1435 1505 1534
f 1435 1534 1487
f 1486 1473 1488
f 1507 1473 1486
f 1507 1486 1521
f 1489 1522 1506
f 1507 1522 1489
f 1508 1524 1491
f 1510 1491 1524
f 1541 1477 1511
f 1510 1527 1494
f 1512 1511 1493
f 1512 1493 1514
f 1514 1513 1512
f 1495 1514 1461
f 1513 1514 1495
f 1498 1529 1497
f 1498 1500 1529
f 1516 1501 1543
f 1516 1502 1501
f 1553 1502 1516
f 1503 1502 1553
f 1506 1518 1517
f 1533 1518 1506
f 1504 1520 1486
f 1486 1520 1521
f 1522 1521 1533
f 1519 1538 1453
f 1522 1533 1506
f 1534 1504 1487
f 1521 1522 1507
f 1508 1523 1524
f 1508 1540 1523
f 1547 1540 1509
f 1476 1547 1509
f 1525 1541 1511
f 1525 1511 1512
f 1513 1535 1512
f 1524 1527 1510
f 1526 1535 1513
f 1536 1513 1495
f 1495 1515 1536
f 1527 1552 1543
f 1528 1536 1515
f 1528 1515 1497
f 1529 1528 1497
f 1530 1529 1500
f 1553 1516 1562
f 1530 1500 1517
f 1518 1530 1517
f 1532 1530 1518
f 1551 1519 1503
f 1553 1551 1503
f 1533 1532 1518
f 1521 1520 1531
f 1521 1531 1533
f 1534 1539 1504
f 1547 1476 1541
f 1523 1527 1524
f 1512 1535 1525
f 1526 1542 1535
f 1536 1526 1513
f 1528 1544 1536
f 1537 1544 1528
f 1529 1537 1528
f 1562 1516 1543
f 1530 1537 1529
f 1533 1550 1532
f 1538 1519 1546
f 1539 1554 1520
f 1504 1539 1520
f 1538 1546 1505
f 1505 1546 1534
f 1523 1555 1527
f 1544 1542 1526
f 1544 1526 1536
f 1530 1549 1537
f 1550 1549 1532
f 1532 1549 1530
f 1520 1554 1545
f 1520 1545 1531
f 1531 1545 1550
f 1531 1550 1533
f 1546 1559 1534
f 1559 1554 1539
f 1534 1559 1539
f 1523 1540 1547
f 1548 1547 1541
f 1555 1552 1527
f 1548 1541 1525
f 1542 1525 1535
f 1543 1552 1562
f 1557 1549 1568
f 1549 1557 1537
f 1537 1557 1544
f 1568 1549 1550
f 1550 1563 1568
f 1550 1545 1563
f 1545 1554 1563
f 1547 1548 1523
f 1564 1523 1560
f 1560 1523 1548
f 1525 1560 1548
f 1544 1556 1542
f 1562 1552 1566
f 1556 1544 1557
f 1567 1551 1553
f 1551 1558 1519
f 1546 1519 1558
f 1564 1555 1523
f 1560 1525 1542
f 1556 1560 1542
f 1567 1553 1562
f 1551 1567 1558
f 1546 1558 1559
f 1563 1554 1559
f 1561 1564 1560
f 1566 1552 1555
f 1560 1556 1561
f 1568 1556 1557
f 1562 1566 1567
f 1555 1564 1565
f 1565 1564 1561
f 1565 1561 1568
f 1556 1568 1561
f 1566 1570 1567
f 1569 1565 1568
f 1569 1568 1563
f 1569 1559 1558
f 1555 1565 1570
f 1570 1566 1555
f 1558 1567 1570
f 1558 1570 1569
f 1569 1570 1565
f 1559 1569 1563
# 3136 faces, 0 coords texture

# End of File
