####
#
# OBJ File Generated by Meshlab
#
####
# Object FBl9.obj
#
# Vertices: 1856
# Faces: 3708
#
####
v 25918.570312 21899.404297 12277.800781
v 25855.181641 21871.203125 12285.173828
v 25898.089844 22043.626953 12272.240234
v 25790.117188 22094.025391 12289.032227
v 26014.273438 22055.136719 12267.782227
v 25876.794922 22218.396484 12277.740234
v 25795.361328 22166.992188 12289.938477
v 26017.191406 22164.068359 12263.945312
v 25955.064453 22248.486328 12272.127930
v 26106.425781 22253.236328 12267.445312
v 25941.054688 22366.951172 12280.311523
v 26123.437500 22311.796875 12273.633789
v 26048.974609 22327.271484 12271.202148
v 26091.314453 22466.398438 12293.953125
v 25988.615234 21803.869141 12295.455078
v 25888.140625 21794.404297 12290.665039
v 26006.183594 21890.630859 12284.461914
v 26089.140625 22086.648438 12276.607422
v 25774.951172 22343.087891 12311.915039
v 25839.316406 22313.199219 12291.966797
v 25876.212891 22475.466797 12301.458984
v 26001.427734 22459.615234 12288.505859
v 25929.554688 22567.392578 12316.280273
v 26019.955078 22586.529297 12319.150391
v 25901.056641 21655.009766 12309.471680
v 26015.097656 21687.207031 12320.267578
v 25799.068359 21685.052734 12316.033203
v 26060.884766 21853.222656 12303.767578
v 25744.046875 21878.433594 12308.181641
v 26116.490234 21919.421875 12309.452148
v 26186.351562 21993.117188 12321.933594
v 25776.478516 21990.699219 12293.608398
v 26156.335938 22096.947266 12295.599609
v 26167.771484 22196.111328 12289.610352
v 26254.460938 22134.462891 12336.648438
v 26235.357422 22249.103516 12325.502930
v 26189.550781 22371.503906 12306.297852
v 26145.253906 22504.830078 12315.043945
v 26101.949219 22557.363281 12319.880859
v 25956.001953 22622.382812 12330.481445
v 26061.500000 22660.080078 12355.816406
v 25957.037109 21520.582031 12342.058594
v 25855.458984 21535.238281 12331.386719
v 25730.410156 21791.837891 12317.987305
v 26110.335938 21654.195312 12353.392578
v 26206.185547 21859.121094 12350.705078
v 26310.109375 21911.474609 12387.378906
v 25712.609375 22144.134766 12312.368164
v 25648.230469 22162.414062 12340.917969
v 25655.832031 22268.691406 12349.928711
v 26206.699219 22476.529297 12343.970703
v 25937.277344 21345.777344 12374.191406
v 25887.814453 21279.806641 12382.203125
v 25865.097656 21401.619141 12357.849609
v 25815.746094 21385.345703 12364.880859
v 25735.136719 21517.531250 12352.726562
v 26038.318359 21485.326172 12367.331055
v 25647.552734 21697.816406 12353.041016
v 25684.857422 21996.839844 12319.874023
v 26267.884766 22019.955078 12354.049805
v 25713.708984 22413.015625 12346.791992
v 25795.677734 22466.544922 12321.006836
v 25843.376953 22568.953125 12329.665039
v 25918.468750 22677.742188 12357.208984
v 25979.203125 21219.378906 12402.426758
v 25844.738281 21214.828125 12398.422852
v 25725.425781 21237.732422 12422.372070
v 25747.099609 21321.175781 12387.851562
v 25680.916016 21298.304688 12407.838867
v 26099.181641 21336.744141 12416.250000
v 25577.972656 21447.308594 12418.074219
v 25597.224609 21348.380859 12434.374023
v 26035.259766 21352.966797 12391.750977
v 25649.441406 21436.937500 12390.763672
v 25545.810547 21457.617188 12435.089844
v 25471.810547 21550.578125 12451.364258
v 25531.992188 21605.138672 12405.868164
v 26146.425781 21478.384766 12402.709961
v 25649.421875 21590.445312 12363.500000
v 26167.582031 21646.916016 12374.797852
v 25610.964844 21864.572266 12352.498047
v 26357.925781 21927.869141 12409.391602
v 25610.964844 21996.822266 12349.559570
v 25547.033203 22149.072266 12388.010742
v 25562.550781 22042.642578 12372.175781
v 25563.943359 22320.208984 12403.095703
v 26287.462891 22306.613281 12369.005859
v 25577.851562 22472.597656 12425.333008
v 25635.378906 22391.609375 12379.249023
v 25681.828125 22528.105469 12386.249023
v 25776.296875 22591.650391 12364.473633
v 26181.134766 22614.880859 12383.398438
v 25640.019531 22661.429688 12446.646484
v 25840.945312 22672.769531 12374.196289
v 26121.201172 22662.111328 12375.150391
v 25997.816406 22739.787109 12380.418945
v 25946.900391 21141.042969 12405.116211
v 25852.953125 21183.273438 12421.359375
v 25980.539062 21228.792969 12447.656250
v 25628.132812 21289.232422 12427.953125
v 26072.572266 21268.789062 12448.087891
v 26074.587891 21272.257812 12434.045898
v 26074.492188 21291.214844 12421.634766
v 26160.351562 21323.906250 12460.797852
v 25533.923828 21438.222656 12456.119141
v 25426.365234 21676.162109 12445.874023
v 25521.460938 21725.113281 12395.474609
v 26278.519531 21708.218750 12407.909180
v 26471.937500 21786.310547 12494.462891
v 25510.041016 21920.283203 12392.708984
v 26383.390625 22045.058594 12415.755859
v 25481.912109 22027.238281 12406.787109
v 25446.410156 22203.519531 12441.945312
v 25436.832031 22062.886719 12429.275391
v 25600.343750 22625.574219 12454.630859
v 26179.722656 22757.843750 12450.854492
v 25730.353516 22699.751953 12422.213867
v 26054.296875 22799.326172 12417.291016
v 25938.197266 22825.529297 12428.376953
v 25975.087891 22936.873047 12484.530273
v 25906.029297 22937.767578 12485.030273
v 25727.248047 21245.500000 12445.354492
v 25897.986328 21190.949219 12432.458984
v 26089.552734 21297.386719 12473.695312
v 26008.775391 21292.611328 12483.708008
v 25902.074219 21279.789062 12480.619141
v 25665.939453 21313.384766 12470.447266
v 25788.511719 21272.341797 12469.944336
v 26193.283203 21364.437500 12454.604492
v 25591.517578 21348.056641 12455.447266
v 26227.964844 21448.347656 12440.177734
v 25312.275391 21769.363281 12492.326172
v 25345.373047 21839.414062 12464.479492
v 25416.824219 21848.097656 12431.875000
v 26463.964844 21967.574219 12471.962891
v 26372.085938 22166.027344 12412.285156
v 25318.951172 21980.966797 12474.333984
v 25361.287109 22166.306641 12475.081055
v 25440.765625 22363.587891 12470.811523
v 26397.830078 22273.839844 12443.000000
v 26303.496094 22439.203125 12410.847656
v 25501.332031 22500.019531 12468.866211
v 26264.455078 22610.593750 12440.472656
v 26242.689453 22736.988281 12477.901367
v 25653.578125 22810.908203 12501.986328
v 25742.380859 22753.800781 12439.823242
v 25824.435547 22815.623047 12441.867188
v 26305.335938 21387.949219 12522.066406
v 26171.656250 21372.910156 12532.342773
v 26002.392578 21358.398438 12530.344727
v 26284.957031 21389.416016 12498.017578
v 25503.074219 21464.152344 12477.133789
v 26384.636719 21689.675781 12461.523438
v 25246.798828 21867.515625 12521.131836
v 25283.089844 21959.304688 12491.656250
v 26466.537109 22224.724609 12481.576172
v 26381.867188 22439.595703 12467.176758
v 26421.738281 22553.873047 12523.864258
v 25407.193359 22603.021484 12549.925781
v 25545.947266 22843.634766 12568.453125
v 26189.732422 22862.726562 12505.287109
v 25786.298828 22951.832031 12526.499023
v 26087.654297 22961.019531 12516.975586
v 26014.378906 22992.443359 12519.570312
v 25899.328125 23048.689453 12559.929688
v 25970.855469 23020.843750 12533.274414
v 26170.160156 21329.818359 12482.580078
v 26331.468750 21415.091797 12557.109375
v 25809.140625 21357.796875 12521.922852
v 26394.583984 21454.351562 12538.798828
v 25689.099609 21360.195312 12506.587891
v 25647.347656 21455.230469 12567.011719
v 25518.380859 21446.531250 12502.870117
v 25573.136719 21461.976562 12554.944336
v 25415.597656 21563.242188 12491.062500
v 26299.556641 21507.734375 12459.051758
v 25385.113281 21632.046875 12481.754883
v 26478.218750 21714.335938 12509.847656
v 26473.134766 21891.332031 12483.496094
v 26463.111328 22080.992188 12469.755859
v 26560.855469 21987.921875 12535.777344
v 25223.226562 22088.433594 12536.845703
v 25290.837891 22171.484375 12510.824219
v 26550.498047 22262.041016 12544.962891
v 25328.886719 22361.380859 12527.583008
v 26500.044922 22372.925781 12529.604492
v 25405.585938 22499.912109 12519.879883
v 25745.750000 22895.150391 12506.886719
v 26453.244141 21460.015625 12579.834961
v 25578.291016 21406.607422 12502.626953
v 25475.845703 21495.453125 12549.495117
v 25429.400391 21521.632812 12515.749023
v 25354.625000 21581.289062 12551.085938
v 26444.304688 21613.453125 12512.461914
v 25325.306641 21658.181641 12517.379883
v 26534.656250 21720.640625 12547.068359
v 26605.488281 21872.753906 12573.291992
v 26555.925781 22118.007812 12535.105469
v 25245.242188 22267.568359 12556.389648
v 25218.269531 22346.027344 12589.502930
v 26576.406250 22359.380859 12576.010742
v 26539.037109 22625.757812 12616.880859
v 25526.400391 22742.253906 12533.687500
v 26336.455078 22706.517578 12520.241211
v 25438.244141 22822.666016 12617.389648
v 25616.410156 22920.562500 12574.142578
v 26152.798828 23134.138672 12631.921875
v 25723.312500 22986.658203 12569.221680
v 26059.119141 23046.919922 12558.386719
v 26036.886719 23110.960938 12594.078125
v 25974.878906 23115.837891 12601.435547
v 26186.238281 21423.281250 12571.347656
v 26428.822266 21461.746094 12588.512695
v 26002.935547 21431.869141 12580.199219
v 25879.843750 21403.083984 12556.525391
v 25395.087891 21548.644531 12572.007812
v 25523.109375 21543.167969 12616.666992
v 26478.343750 21556.144531 12554.774414
v 25229.726562 21671.191406 12624.824219
v 25448.253906 21545.035156 12597.372070
v 25205.289062 21719.298828 12615.178711
v 25292.292969 21641.650391 12565.628906
v 25232.494141 21738.103516 12572.820312
v 25154.687500 21866.857422 12611.609375
v 25230.298828 21789.599609 12554.689453
v 25116.882812 21952.355469 12632.301758
v 26628.804688 22114.917969 12583.488281
v 26622.685547 22179.921875 12583.478516
v 25156.087891 22265.003906 12613.919922
v 26640.093750 22304.531250 12610.808594
v 25328.564453 22488.064453 12559.816406
v 26552.097656 22733.250000 12659.537109
v 26370.025391 22918.375000 12626.161133
v 26431.943359 22858.244141 12634.658203
v 26303.673828 22963.667969 12611.043945
v 25666.650391 23006.789062 12606.159180
v 26129.882812 22876.275391 12484.797852
v 25776.923828 23085.152344 12625.257812
v 25870.410156 23141.779297 12644.145508
v 26105.208984 23170.857422 12637.541992
v 26515.783203 21530.691406 12616.937500
v 25311.873047 21612.345703 12603.634766
v 25380.980469 21617.902344 12659.832031
v 25893.636719 21524.156250 12636.091797
v 26544.503906 21566.093750 12607.916016
v 26572.501953 21678.416016 12591.042969
v 26660.216797 22031.048828 12606.128906
v 25219.437500 21992.039062 12536.055664
v 26694.548828 22181.269531 12636.125000
v 25115.273438 22192.080078 12632.385742
v 26719.039062 22302.925781 12663.026367
v 26797.701172 22399.757812 12736.305664
v 25146.029297 22478.468750 12667.380859
v 26652.261719 22415.990234 12636.695312
v 25353.062500 22551.113281 12564.041016
v 25369.888672 22727.185547 12616.544922
v 26221.845703 23070.199219 12625.488281
v 26114.800781 21506.269531 12626.683594
v 26105.826172 21623.138672 12698.000000
v 26563.416016 21626.509766 12654.833984
v 25646.507812 21544.472656 12636.333984
v 26255.603516 21496.089844 12619.027344
v 25228.773438 21680.814453 12663.865234
v 25327.371094 21613.613281 12627.399414
v 25285.763672 21668.482422 12686.532227
v 25534.849609 21584.728516 12656.526367
v 25763.468750 21503.925781 12616.071289
v 26602.925781 21634.017578 12640.670898
v 26656.312500 21749.875000 12662.657227
v 26618.744141 21804.068359 12596.324219
v 26625.845703 21723.250000 12627.200195
v 26693.740234 21948.044922 12636.262695
v 25070.917969 22032.578125 12662.708984
v 25097.363281 22103.806641 12639.108398
v 26772.748047 22130.761719 12690.711914
v 25008.523438 22292.113281 12715.521484
v 25060.664062 22381.617188 12697.386719
v 26675.988281 22519.330078 12676.674805
v 26588.626953 22513.900391 12616.198242
v 26651.320312 22632.970703 12691.643555
v 26536.009766 22824.343750 12681.559570
v 25347.697266 22817.763672 12666.660156
v 25542.869141 22971.082031 12638.941406
v 25827.869141 23238.628906 12739.635742
v 26065.968750 23205.708984 12658.905273
v 26378.931641 21546.380859 12642.546875
v 25161.396484 21729.521484 12669.377930
v 25747.134766 21581.626953 12669.650391
v 26310.896484 21633.169922 12695.788086
v 26464.167969 21604.917969 12665.471680
v 25644.386719 21627.527344 12699.708984
v 25776.466797 21662.142578 12728.185547
v 25906.314453 21596.429688 12682.990234
v 26260.285156 21698.408203 12737.153320
v 26624.185547 21719.027344 12679.848633
v 25104.726562 21801.414062 12688.646484
v 26410.099609 21709.603516 12729.451172
v 26719.583984 21904.941406 12666.787109
v 25035.523438 21910.787109 12716.437500
v 26758.919922 22020.974609 12683.143555
v 26821.441406 22095.115234 12727.011719
v 26833.699219 22189.349609 12738.229492
v 26800.240234 22312.015625 12723.673828
v 25212.173828 22632.599609 12674.350586
v 26674.535156 22779.214844 12754.722656
v 25450.500000 22902.187500 12648.716797
v 25504.234375 23043.521484 12714.323242
v 26311.255859 23047.375000 12657.305664
v 25690.546875 23084.312500 12657.759766
v 25690.917969 23224.210938 12775.561523
v 25911.562500 23253.742188 12728.833984
v 26133.472656 23221.435547 12679.272461
v 25995.458984 23200.988281 12665.528320
v 25127.634766 21753.453125 12699.596680
v 25348.500000 21678.818359 12719.772461
v 25531.697266 21644.689453 12707.297852
v 25625.794922 21695.980469 12753.289062
v 26617.460938 21779.806641 12723.943359
v 26695.849609 21825.464844 12710.928711
v 26512.304688 21722.689453 12720.098633
v 26758.371094 21880.044922 12721.104492
v 26704.792969 21841.496094 12677.979492
v 25064.785156 22476.574219 12715.978516
v 26694.894531 22696.160156 12740.148438
v 25215.707031 22761.953125 12723.644531
v 25312.474609 22923.031250 12746.730469
v 25585.410156 23097.308594 12715.033203
v 25578.945312 23197.804688 12800.789062
v 25073.416016 21780.117188 12738.105469
v 25190.707031 21719.041016 12710.943359
v 25258.994141 21700.296875 12721.875000
v 25422.728516 21667.136719 12718.316406
v 25956.777344 21687.876953 12743.907227
v 25366.648438 21763.074219 12809.411133
v 25801.078125 21740.869141 12786.473633
v 26136.757812 21734.787109 12767.533203
v 25986.158203 21775.455078 12803.786133
v 26330.222656 21741.285156 12757.749023
v 24961.748047 22126.121094 12737.610352
v 26765.419922 22503.519531 12734.663086
v 26757.376953 22587.671875 12751.026367
v 26519.976562 22937.042969 12715.765625
v 25435.996094 23040.492188 12748.370117
v 26267.693359 23172.292969 12702.145508
v 26082.054688 23316.787109 12761.157227
v 25209.468750 21769.460938 12802.035156
v 25834.080078 21803.859375 12833.930664
v 26003.257812 21864.656250 12867.443359
v 26116.386719 21818.943359 12825.338867
v 25644.810547 21804.152344 12842.855469
v 25790.011719 21877.441406 12895.737305
v 26229.259766 21837.369141 12827.245117
v 26380.822266 21841.277344 12812.933594
v 24994.830078 21849.576172 12799.132812
v 26616.902344 21852.464844 12775.777344
v 26523.433594 21817.394531 12776.228516
v 26705.246094 21863.648438 12750.605469
v 26825.748047 21972.781250 12743.701172
v 26879.080078 22069.753906 12779.120117
v 25000.074219 22011.021484 12722.769531
v 24984.492188 22201.271484 12721.750977
v 26881.873047 22240.355469 12781.509766
v 26842.072266 22567.613281 12809.462891
v 26683.376953 22906.863281 12811.178711
v 25768.726562 23307.888672 12824.511719
v 26163.578125 23310.478516 12761.687500
v 25084.548828 21781.996094 12768.366211
v 25112.017578 21797.521484 12814.096680
v 25517.914062 21756.796875 12804.868164
v 24957.794922 21877.658203 12827.998047
v 25583.537109 21863.669922 12899.994141
v 24963.261719 21914.253906 12788.039062
v 26780.201172 21962.060547 12804.977539
v 26866.414062 21987.119141 12789.642578
v 24847.511719 22245.492188 12807.783203
v 24873.251953 22124.027344 12796.333984
v 24918.248047 22321.128906 12775.140625
v 26918.707031 22169.687500 12820.193359
v 24936.777344 22426.277344 12782.730469
v 26862.097656 22477.359375 12803.587891
v 24987.853516 22513.761719 12775.448242
v 26796.859375 22829.781250 12862.249023
v 25170.076172 22998.210938 12877.676758
v 26539.302734 23001.494141 12758.042969
v 25219.208984 23065.935547 12892.616211
v 25491.515625 23115.154297 12774.375000
v 26338.324219 23229.308594 12776.519531
v 25897.990234 23347.222656 12816.914062
v 26006.898438 23351.275391 12797.956055
v 26285.636719 23410.150391 12879.564453
v 24983.472656 21855.722656 12844.345703
v 25174.478516 21817.353516 12861.714844
v 24871.853516 21933.525391 12855.591797
v 25457.316406 21834.376953 12879.602539
v 26641.628906 21938.144531 12828.900391
v 26844.322266 22069.025391 12857.818359
v 26780.208984 22019.998047 12847.262695
v 24868.642578 22039.181641 12814.125977
v 26904.015625 22067.388672 12825.112305
v 26944.798828 22332.757812 12863.139648
v 24818.873047 22377.644531 12837.522461
v 26916.923828 22359.207031 12833.606445
v 25049.408203 22620.966797 12772.721680
v 26827.994141 22697.550781 12836.443359
v 25073.480469 22743.640625 12806.078125
v 25135.039062 22874.335938 12829.850586
v 26452.847656 23170.394531 12804.302734
v 26134.474609 23399.259766 12844.646484
v 25025.029297 21838.615234 12850.718750
v 25311.347656 21812.449219 12861.704102
v 24908.011719 21887.484375 12872.212891
v 24990.572266 21859.996094 12916.946289
v 25267.599609 21862.625000 12923.577148
v 24867.259766 21971.917969 12837.189453
v 24946.222656 21990.302734 12771.476562
v 26933.419922 22144.697266 12858.042969
v 26957.902344 22248.316406 12878.208008
v 24639.699219 22264.849609 12909.159180
v 24892.671875 22551.750000 12840.108398
v 26929.566406 22723.429688 12935.290039
v 26544.562500 23208.966797 12883.778320
v 25749.972656 23406.304688 12939.565430
v 26276.058594 23310.195312 12800.960938
v 26197.117188 23379.638672 12831.489258
v 25998.500000 23446.365234 12908.420898
v 26053.244141 23405.779297 12854.356445
v 26071.351562 23505.308594 12963.917969
v 26179.781250 23509.806641 12962.563477
v 24931.093750 21868.601562 12904.532227
v 25086.376953 21834.509766 12877.487305
v 25138.630859 21863.738281 12933.621094
v 25984.412109 21957.582031 12940.405273
v 26113.578125 22018.197266 12970.318359
v 26214.611328 21946.568359 12904.720703
v 26432.031250 22002.974609 12911.078125
v 24771.613281 21965.535156 12894.203125
v 24775.951172 22017.312500 12872.780273
v 26814.228516 22165.681641 12923.861328
v 24811.617188 22090.751953 12837.041016
v 26901.550781 22195.121094 12906.056641
v 26954.324219 22252.500000 12906.614258
v 24711.390625 22377.726562 12889.751953
v 24691.800781 22493.017578 12926.545898
v 26893.453125 22628.701172 12870.794922
v 24688.843750 22616.470703 12964.918945
v 26933.937500 22572.808594 12898.309570
v 24896.945312 22653.656250 12870.912109
v 24995.687500 22770.578125 12861.783203
v 26680.853516 23114.423828 12916.062500
v 26729.300781 23024.929688 12902.042969
v 26392.378906 23341.216797 12875.148438
v 25893.259766 23437.746094 12925.408203
v 26296.894531 23480.230469 12948.644531
v 26379.695312 23480.843750 12975.181641
v 26219.585938 23485.277344 12939.543945
v 24791.253906 21919.863281 12912.300781
v 25001.644531 21900.347656 13010.040039
v 24577.787109 21951.007812 12969.429688
v 25417.753906 21908.410156 12960.431641
v 24740.564453 22079.287109 12874.009766
v 24505.535156 22197.044922 12986.989258
v 26540.781250 22035.822266 12912.457031
v 24784.275391 22186.433594 12840.993164
v 24619.230469 22132.150391 12920.668945
v 24549.052734 22282.679688 12966.104492
v 24594.574219 22373.542969 12952.370117
v 26979.431641 22456.791016 12937.487305
v 24764.146484 22713.839844 12958.572266
v 24921.583984 22864.431641 12938.081055
v 25008.755859 22887.753906 12905.493164
v 26802.892578 22924.648438 12906.093750
v 25574.878906 23306.484375 12906.658203
v 26448.921875 23308.234375 12886.544922
v 26383.294922 23427.992188 12933.627930
v 24637.833984 21888.166016 13000.170898
v 24721.210938 21906.435547 12952.517578
v 24799.933594 21885.804688 12950.152344
v 24472.279297 21957.695312 13022.587891
v 24517.384766 22089.322266 12977.331055
v 24554.589844 22019.388672 12964.970703
v 25815.769531 21982.921875 12983.173828
v 26419.292969 22075.923828 12963.322266
v 26607.593750 22092.091797 12934.402344
v 26688.074219 22125.978516 12935.944336
v 26767.994141 22224.406250 12975.953125
v 24448.544922 22244.693359 13031.180664
v 26941.142578 22307.970703 12947.491211
v 26977.267578 22387.279297 12934.205078
v 27004.707031 22551.634766 12986.677734
v 26967.841797 22538.882812 12930.666992
v 25080.019531 22960.292969 12904.633789
v 25034.281250 23054.761719 12975.649414
v 25137.505859 23086.585938 12947.390625
v 26706.126953 23185.179688 12974.573242
v 25371.896484 23186.671875 12897.265625
v 25427.109375 23281.736328 12951.533203
v 26512.501953 23446.566406 13015.354492
v 26114.953125 23557.726562 13022.352539
v 24498.236328 21922.609375 13018.132812
v 24897.320312 21872.726562 12954.706055
v 24960.593750 21879.142578 12972.875977
v 24450.414062 22099.250000 13024.363281
v 26214.410156 22096.281250 13016.474609
v 26288.658203 22044.031250 12963.627930
v 26346.509766 22124.201172 13013.319336
v 26624.300781 22217.941406 13015.884766
v 26739.853516 22301.091797 13040.543945
v 26853.437500 22291.289062 12985.748047
v 26914.980469 22353.966797 12994.428711
v 26958.949219 22397.906250 12989.439453
v 24573.568359 22503.843750 12997.288086
v 26998.408203 22673.167969 12991.826172
v 26902.412109 22839.359375 12951.504883
v 24825.507812 22820.736328 12965.964844
v 24857.681641 22958.904297 13006.918945
v 26896.041016 23032.214844 13033.787109
v 24966.337891 22969.726562 12963.394531
v 25052.968750 23132.177734 13010.253906
v 25267.351562 23137.423828 12916.092773
v 26815.845703 23093.923828 13002.583984
v 25296.894531 23228.064453 12969.048828
v 26694.234375 23301.876953 13043.077148
v 26560.048828 23389.908203 13007.182617
v 25343.414062 23297.310547 13004.210938
v 25559.794922 23415.681641 13026.287109
v 25890.744141 23533.000000 13037.519531
v 26466.214844 23520.320312 13043.760742
v 26557.400391 23526.419922 13102.349609
v 25985.818359 23520.277344 12994.634766
v 26318.683594 23619.677734 13110.791992
v 24557.863281 21899.648438 13049.649414
v 24797.455078 21882.988281 13010.631836
v 25083.781250 21947.843750 13067.829102
v 25646.552734 21943.886719 12970.201172
v 25563.445312 21983.123047 13021.653320
v 25718.187500 22025.529297 13037.408203
v 26483.988281 22167.500000 13015.765625
v 24426.531250 22302.769531 13058.153320
v 26713.429688 22341.332031 13085.442383
v 24453.761719 22442.087891 13080.470703
v 26839.638672 22376.275391 13058.746094
v 26978.814453 22437.656250 12995.740234
v 24510.177734 22398.671875 13010.748047
v 26929.486328 22426.919922 13044.849609
v 27006.736328 22515.794922 13002.673828
v 27006.478516 22517.458984 13038.451172
v 27051.974609 22636.509766 13063.897461
v 24615.167969 22660.275391 13022.442383
v 27051.539062 22776.759766 13071.105469
v 24706.302734 22821.650391 13024.677734
v 24790.423828 23009.402344 13056.278320
v 25200.164062 23188.146484 12983.568359
v 26806.773438 23220.080078 13072.718750
v 25225.539062 23272.458984 13032.717773
v 25411.080078 23374.839844 13046.349609
v 25609.037109 23355.697266 12941.934570
v 25821.330078 23474.175781 12990.255859
v 25970.132812 23620.095703 13127.974609
v 26083.048828 23621.335938 13105.289062
v 26068.816406 23671.507812 13181.555664
v 26241.351562 23595.650391 13069.239258
v 26325.439453 23555.941406 13035.032227
v 24916.994141 21926.363281 13065.092773
v 24445.119141 21947.443359 13068.743164
v 25177.835938 21903.146484 12986.886719
v 24391.193359 22188.787109 13076.658203
v 25278.935547 21964.537109 13050.527344
v 25473.351562 22003.730469 13060.126953
v 25629.535156 22063.509766 13093.584961
v 26044.386719 22177.664062 13119.544922
v 25990.986328 22067.027344 13028.788086
v 26602.236328 22281.859375 13072.973633
v 26805.392578 22419.332031 13117.789062
v 26887.185547 22474.775391 13128.335938
v 26958.148438 22519.326172 13124.615234
v 26993.646484 22521.343750 13080.298828
v 24537.605469 22624.333984 13065.177734
v 27054.238281 22606.304688 13105.025391
v 27030.882812 22655.437500 13028.964844
v 26955.107422 22921.156250 13030.621094
v 24715.396484 22926.101562 13058.314453
v 26984.349609 23004.554688 13093.083008
v 24757.542969 23116.353516 13109.840820
v 25098.986328 23208.583984 13037.443359
v 25115.457031 23331.316406 13113.811523
v 25285.998047 23340.048828 13063.123047
v 25646.429688 23479.757812 13064.665039
v 25749.337891 23561.162109 13125.345703
v 25903.541016 23628.820312 13161.637695
v 26213.591797 23649.291016 13140.847656
v 24555.929688 21917.818359 13071.178711
v 24611.761719 21900.109375 13052.922852
v 24726.291016 21910.623047 13066.072266
v 24421.212891 21994.976562 13059.500000
v 24393.355469 22068.007812 13092.491211
v 25469.597656 22057.871094 13124.504883
v 24372.667969 22187.130859 13102.276367
v 26165.640625 22167.468750 13085.221680
v 24395.140625 22283.191406 13086.492188
v 26442.390625 22236.347656 13081.040039
v 26430.304688 22301.500000 13142.800781
v 27087.937500 22743.902344 13108.238281
v 24540.423828 22802.662109 13113.232422
v 27056.640625 22891.886719 13108.347656
v 24894.363281 23084.142578 13047.557617
v 26849.916016 23314.447266 13169.835938
v 25513.578125 23450.972656 13086.103516
v 26418.261719 23549.466797 13051.290039
v 24602.267578 21978.605469 13136.560547
v 24699.044922 21959.384766 13127.209961
v 24375.939453 22099.259766 13149.223633
v 24994.035156 21986.847656 13139.583984
v 25519.876953 22106.796875 13171.018555
v 25792.431641 22127.371094 13121.485352
v 26290.472656 22209.529297 13095.133789
v 26675.505859 22376.917969 13132.832031
v 24419.978516 22506.343750 13138.545898
v 24474.382812 22548.152344 13094.802734
v 27068.109375 22645.558594 13186.113281
v 24454.537109 22689.462891 13145.394531
v 27119.861328 22730.640625 13152.841797
v 26962.751953 23281.865234 13237.100586
v 25043.244141 23281.484375 13102.078125
v 24989.236328 23357.533203 13167.434570
v 25286.591797 23382.863281 13099.867188
v 26517.498047 23584.656250 13132.286133
v 26429.726562 23598.835938 13113.283203
v 26247.396484 23694.634766 13213.957031
v 24491.375000 22002.878906 13135.783203
v 24428.654297 22028.703125 13131.100586
v 24921.652344 22010.769531 13179.139648
v 24444.585938 22118.130859 13205.470703
v 25358.539062 22064.652344 13162.576172
v 24361.630859 22114.613281 13138.121094
v 24372.773438 22184.925781 13168.266602
v 25702.626953 22192.119141 13219.033203
v 24366.240234 22300.625000 13182.567383
v 24384.921875 22449.025391 13167.282227
v 26826.701172 22503.308594 13198.637695
v 24397.853516 22651.650391 13184.433594
v 24419.935547 22582.974609 13155.239258
v 26932.251953 22559.458984 13198.953125
v 27017.365234 22586.431641 13154.224609
v 27108.904297 22679.029297 13159.998047
v 27142.984375 22847.542969 13185.229492
v 24532.007812 22900.607422 13145.143555
v 27118.298828 22874.054688 13161.257812
v 24676.558594 23074.998047 13125.324219
v 26991.753906 23097.574219 13146.847656
v 27001.421875 23207.667969 13220.333008
v 24767.562500 23217.146484 13152.208984
v 24908.236328 23179.289062 13087.758789
v 24952.832031 23251.023438 13111.994141
v 25059.279297 23402.419922 13183.258789
v 25162.054688 23408.851562 13161.937500
v 24584.140625 22047.554688 13198.810547
v 25098.806641 22077.808594 13240.591797
v 24504.835938 22079.541016 13205.137695
v 25193.175781 22047.949219 13182.117188
v 24376.541016 22243.175781 13228.242188
v 26052.470703 22254.101562 13193.688477
v 27041.072266 22660.570312 13253.084961
v 27161.521484 22742.384766 13219.691406
v 27134.947266 22728.638672 13268.210938
v 24459.466797 22829.019531 13169.142578
v 24621.312500 22933.816406 13107.333008
v 27102.722656 22987.800781 13192.939453
v 27057.839844 23056.902344 13182.275391
v 24565.841797 23187.839844 13218.649414
v 24862.296875 23392.671875 13222.183594
v 25092.173828 23459.521484 13225.307617
v 25214.101562 23464.224609 13202.703125
v 25324.519531 23424.529297 13128.620117
v 25621.882812 23571.367188 13198.611328
v 26201.160156 23699.001953 13217.813477
v 24723.591797 22018.519531 13190.171875
v 24829.138672 22041.753906 13218.510742
v 24586.021484 22107.664062 13259.077148
v 24498.851562 22130.103516 13246.520508
v 24403.917969 22153.726562 13197.791016
v 24435.197266 22168.748047 13240.903320
v 24369.736328 22250.437500 13185.293945
v 24381.212891 22350.968750 13145.972656
v 24355.957031 22407.207031 13204.423828
v 26287.566406 22326.931641 13207.963867
v 24358.550781 22531.765625 13211.069336
v 26893.726562 22586.378906 13263.115234
v 27198.164062 22790.400391 13274.333008
v 24387.476562 22756.218750 13204.362305
v 24443.699219 22984.238281 13213.060547
v 27167.894531 22957.609375 13249.688477
v 24749.742188 23309.806641 13204.872070
v 25328.621094 23475.648438 13183.666016
v 24927.822266 23455.593750 13248.307617
v 25013.074219 23523.666016 13298.630859
v 25442.507812 23494.408203 13167.053711
v 25556.750000 23513.544922 13143.815430
v 26685.826172 23619.658203 13287.135742
v 25972.734375 23678.039062 13220.412109
v 26513.998047 23653.427734 13226.631836
v 26424.259766 23686.476562 13238.818359
v 26285.052734 23762.460938 13335.280273
v 24472.751953 22189.044922 13295.481445
v 24395.277344 22223.832031 13254.665039
v 24338.054688 22333.480469 13282.221680
v 25973.574219 22329.896484 13295.643555
v 26666.582031 22457.253906 13221.084961
v 24326.367188 22650.953125 13241.841797
v 27100.052734 22717.650391 13298.822266
v 24342.894531 22715.812500 13231.626953
v 24550.914062 23104.894531 13195.586914
v 24583.025391 23265.453125 13242.365234
v 24632.425781 23404.236328 13294.245117
v 24896.359375 23529.421875 13314.690430
v 25141.287109 23514.144531 13274.709961
v 25240.921875 23509.375000 13249.533203
v 25084.654297 23551.201172 13323.627930
v 26690.841797 23438.175781 13136.560547
v 25834.730469 23664.078125 13254.592773
v 26331.287109 23704.197266 13244.926758
v 24710.605469 22069.962891 13243.852539
v 25219.890625 22140.970703 13298.964844
v 24430.359375 22207.962891 13283.076172
v 24368.041016 22283.080078 13331.566406
v 24347.380859 22354.388672 13232.563477
v 24319.640625 22433.068359 13268.278320
v 26451.849609 22386.826172 13220.746094
v 26960.560547 22638.558594 13288.880859
v 24268.255859 22756.751953 13287.528320
v 24278.894531 22935.533203 13291.500000
v 27224.074219 22821.894531 13359.846680
v 27184.353516 22814.244141 13241.426758
v 24353.025391 22935.515625 13250.469727
v 27222.537109 23023.775391 13326.277344
v 27245.287109 23137.822266 13385.667969
v 24423.328125 23113.978516 13254.571289
v 27083.074219 23167.101562 13265.343750
v 27152.988281 23082.828125 13284.682617
v 24427.029297 23236.554688 13290.958984
v 24736.980469 23446.650391 13290.203125
v 25334.710938 23527.867188 13249.666992
v 25185.876953 23559.072266 13327.053711
v 25289.068359 23551.328125 13298.054688
v 25410.880859 23578.789062 13307.399414
v 25456.003906 23557.562500 13251.951172
v 25690.236328 23618.019531 13243.587891
v 26036.500000 23719.759766 13283.902344
v 26481.117188 23687.025391 13262.338867
v 25062.062500 22152.962891 13337.160156
v 24651.257812 22092.103516 13258.633789
v 24863.820312 22143.298828 13337.011719
v 24543.605469 22155.353516 13294.984375
v 24345.138672 22305.062500 13309.468750
v 24284.251953 22415.845703 13332.661133
v 24287.304688 22568.656250 13280.816406
v 26411.949219 22450.935547 13301.973633
v 24203.519531 22802.816406 13335.024414
v 24129.789062 22863.164062 13385.456055
v 24219.367188 22894.044922 13322.232422
v 24157.566406 22990.894531 13367.793945
v 24289.226562 23068.806641 13305.785156
v 24281.605469 23137.359375 13324.238281
v 24159.701172 23142.933594 13382.715820
v 24277.400391 23212.976562 13345.448242
v 24352.343750 23303.121094 13344.432617
v 24522.464844 23315.716797 13286.355469
v 24722.017578 23537.054688 13349.925781
v 26717.925781 23560.095703 13256.643555
v 24829.046875 23497.568359 13302.721680
v 25304.216797 23584.242188 13348.770508
v 25401.269531 23624.673828 13405.403320
v 25139.578125 23594.552734 13379.625000
v 25775.867188 23703.005859 13373.186523
v 26125.404297 23744.546875 13309.923828
v 26228.929688 23760.050781 13331.112305
v 25325.021484 22148.607422 13284.884766
v 25413.705078 22221.328125 13348.509766
v 24306.156250 22347.345703 13380.986328
v 24256.392578 22507.865234 13330.976562
v 24229.705078 22662.576172 13324.500977
v 24160.039062 22764.906250 13372.936523
v 27210.019531 22901.253906 13282.725586
v 27302.996094 23021.287109 13401.371094
v 27287.806641 23086.238281 13401.587891
v 24096.464844 23054.808594 13416.393555
v 24137.986328 23253.832031 13429.028320
v 24283.974609 23360.435547 13390.153320
v 24539.738281 23465.437500 13351.001953
v 24658.123047 23478.679688 13328.149414
v 24791.751953 23599.419922 13383.030273
v 25043.843750 23629.839844 13417.987305
v 25549.199219 23632.464844 13351.734375
v 26604.796875 23660.316406 13285.021484
v 25913.314453 23723.335938 13340.353516
v 26578.310547 23780.587891 13460.231445
v 26034.531250 23755.435547 13364.472656
v 24978.244141 22204.255859 13405.532227
v 25166.296875 22246.683594 13434.266602
v 24604.685547 22187.230469 13352.398438
v 25579.544922 22315.044922 13402.357422
v 25758.759766 22292.105469 13317.483398
v 26818.875000 22605.443359 13326.748047
v 24078.523438 22790.974609 13440.486328
v 26913.000000 22649.212891 13333.954102
v 27031.689453 22699.369141 13329.609375
v 27185.773438 22808.541016 13396.515625
v 24075.763672 22897.687500 13432.867188
v 27253.136719 22858.382812 13350.708984
v 27258.193359 22903.445312 13342.329102
v 24386.441406 23394.621094 13367.103516
v 26955.271484 23456.939453 13356.928711
v 25512.404297 23654.466797 13424.575195
v 24638.281250 23577.347656 13390.521484
v 25006.904297 23588.869141 13365.854492
v 26374.695312 23758.115234 13348.851562
v 24457.013672 22269.943359 13394.311523
v 24403.337891 22276.980469 13366.307617
v 24292.744141 22368.324219 13357.488281
v 24338.386719 22325.437500 13398.348633
v 24218.013672 22501.048828 13385.870117
v 26213.457031 22492.138672 13404.776367
v 24166.607422 22652.777344 13390.614258
v 26718.275391 22572.314453 13332.020508
v 26855.789062 22710.359375 13438.683594
v 27024.507812 22732.320312 13387.297852
v 27299.121094 22890.076172 13418.386719
v 24094.519531 23164.896484 13438.046875
v 27207.144531 23178.857422 13372.969727
v 27144.621094 23254.337891 13363.411133
v 24205.542969 23287.367188 13395.635742
v 24221.144531 23492.396484 13472.616211
v 24473.558594 23419.521484 13348.921875
v 25094.019531 23678.769531 13497.088867
v 24889.025391 23687.912109 13459.997070
v 24868.087891 23633.873047 13406.536133
v 26735.035156 23649.882812 13359.234375
v 26631.583984 23724.845703 13395.442383
v 24870.644531 22220.861328 13427.506836
v 24749.662109 22164.332031 13355.401367
v 25276.351562 22212.716797 13373.014648
v 24541.849609 22231.574219 13382.016602
v 24642.812500 22272.644531 13459.269531
v 25257.302734 22334.613281 13514.936523
v 24213.261719 22438.425781 13436.585938
v 25912.101562 22453.955078 13450.930664
v 26632.441406 22616.802734 13416.020508
v 27010.228516 22769.546875 13445.737305
v 24021.767578 22819.402344 13488.464844
v 27193.283203 22846.894531 13460.754883
v 27272.570312 22875.332031 13447.939453
v 24013.093750 22954.044922 13496.503906
v 27365.652344 22941.746094 13486.733398
v 27349.656250 22977.283203 13441.301758
v 27375.072266 23042.634766 13465.077148
v 24139.439453 23327.867188 13457.498047
v 27023.406250 23352.484375 13332.374023
v 24332.460938 23525.277344 13440.724609
v 24322.453125 23600.255859 13482.405273
v 25183.011719 23617.082031 13418.623047
v 24502.978516 23576.269531 13417.126953
v 24543.984375 23657.802734 13455.592773
v 24950.988281 23723.550781 13509.603516
v 24668.660156 23651.478516 13433.302734
v 25655.238281 23704.447266 13462.040039
v 24722.789062 23688.671875 13455.785156
v 26729.851562 23713.382812 13436.074219
v 26762.576172 23695.771484 13434.328125
v 26095.521484 23840.691406 13552.542969
v 26500.267578 23767.035156 13404.226562
v 26242.957031 23813.328125 13443.660156
v 26347.603516 23812.878906 13449.826172
v 25453.960938 22371.970703 13503.865234
v 24303.416016 22375.402344 13469.477539
v 24251.464844 22393.478516 13438.182617
v 24155.759766 22528.650391 13464.098633
v 26110.003906 22597.992188 13553.957031
v 24081.847656 22720.177734 13454.767578
v 26777.865234 22727.812500 13485.916992
v 23958.636719 22888.615234 13551.189453
v 27308.929688 22920.886719 13504.449219
v 27296.492188 23266.287109 13480.486328
v 24165.736328 23459.886719 13493.664062
v 26949.390625 23558.148438 13433.539062
v 25165.783203 23655.085938 13481.926758
v 26895.160156 23610.994141 13440.084961
v 24408.101562 23674.044922 13497.970703
v 24868.082031 23744.107422 13512.197266
v 25871.728516 23772.246094 13491.024414
v 24570.152344 23779.060547 13531.700195
v 24766.111328 23737.273438 13494.484375
v 26160.351562 23841.390625 13529.453125
v 26531.359375 23821.687500 13516.051758
v 24760.099609 22259.242188 13465.164062
v 25086.806641 22249.107422 13449.151367
v 24548.105469 22290.703125 13457.623047
v 24096.671875 22561.062500 13582.503906
v 24169.949219 22483.123047 13481.696289
v 24130.015625 22621.294922 13445.659180
v 26564.263672 22661.429688 13488.042969
v 26474.513672 22736.443359 13593.267578
v 27174.269531 22876.964844 13505.243164
v 27418.898438 22994.685547 13513.466797
v 23909.121094 23061.183594 13616.613281
v 24020.957031 23067.263672 13502.278320
v 27348.693359 23109.013672 13456.343750
v 24079.207031 23323.242188 13514.320312
v 27090.285156 23294.988281 13345.803711
v 25370.388672 23652.861328 13485.781250
v 24224.064453 23564.923828 13505.404297
v 24303.232422 23736.048828 13572.047852
v 24599.939453 23841.236328 13574.685547
v 24829.070312 23840.615234 13594.772461
v 24803.960938 23791.902344 13544.838867
v 25011.548828 23732.156250 13542.546875
v 26487.025391 23832.371094 13519.992188
v 24982.181641 22272.416016 13488.632812
v 24816.705078 22358.042969 13581.181641
v 25096.826172 22343.035156 13553.936523
v 24188.554688 22463.302734 13509.871094
v 24064.425781 22616.285156 13564.318359
v 25644.220703 22501.568359 13590.070312
v 24078.576172 22638.531250 13510.401367
v 24004.652344 22769.779297 13529.269531
v 27003.689453 22815.849609 13502.268555
v 27472.789062 23047.191406 13543.242188
v 27321.580078 23189.298828 13462.564453
v 27517.154297 23121.927734 13567.513672
v 27166.962891 23432.246094 13494.628906
v 24116.917969 23471.710938 13537.649414
v 25280.761719 23617.191406 13420.081055
v 25271.789062 23652.558594 13497.025391
v 25440.318359 23666.042969 13494.569336
v 26997.035156 23635.714844 13542.748047
v 25505.501953 23689.558594 13528.962891
v 24153.966797 23589.289062 13568.378906
v 25633.197266 23733.660156 13572.827148
v 26900.195312 23663.607422 13500.908203
v 24233.009766 23694.144531 13578.213867
v 25776.072266 23773.437500 13567.220703
v 24902.386719 23795.921875 13573.631836
v 26726.953125 23795.580078 13577.072266
v 24447.753906 23769.488281 13552.154297
v 24867.455078 22283.021484 13503.189453
v 25257.529297 22466.021484 13657.533203
v 24403.367188 22355.878906 13497.691406
v 23996.710938 22732.269531 13579.106445
v 26765.013672 22769.437500 13531.917969
v 26811.003906 22822.091797 13565.092773
v 26999.597656 22881.414062 13560.595703
v 27162.236328 22911.707031 13542.374023
v 27540.626953 23089.031250 13576.466797
v 27435.748047 23083.521484 13511.046875
v 27458.060547 23192.748047 13545.310547
v 27420.298828 23255.855469 13549.627930
v 27388.513672 23344.417969 13591.948242
v 27250.187500 23344.248047 13493.008789
v 27107.138672 23523.451172 13524.410156
v 25189.244141 23700.421875 13584.294922
v 26837.455078 23736.468750 13558.432617
v 26639.828125 23790.007812 13510.613281
v 26241.527344 23883.410156 13631.941406
v 26398.158203 23860.298828 13565.622070
v 24686.941406 22367.693359 13577.249023
v 24957.666016 22353.542969 13581.382812
v 24339.060547 22493.843750 13654.484375
v 24277.244141 22476.537109 13600.715820
v 25521.453125 22516.939453 13645.357422
v 26299.404297 22762.068359 13675.952148
v 26981.824219 22930.748047 13601.251953
v 27121.625000 22986.625000 13605.741211
v 27309.031250 22979.914062 13563.921875
v 27414.976562 23024.412109 13568.636719
v 27429.054688 23012.572266 13546.924805
v 23934.160156 23168.277344 13615.636719
v 27533.277344 23122.150391 13596.354492
v 27449.425781 23298.021484 13623.905273
v 27276.744141 23421.654297 13570.942383
v 27259.279297 23462.785156 13608.181641
v 27173.041016 23499.148438 13559.273438
v 27113.000000 23580.095703 13591.332031
v 25240.541016 23680.804688 13558.439453
v 27047.279297 23645.138672 13610.287109
v 26947.796875 23699.537109 13593.130859
v 24983.919922 23802.898438 13620.393555
v 25950.626953 23839.113281 13640.797852
v 26014.179688 23817.224609 13528.913086
v 24326.244141 23880.529297 13668.173828
v 24870.492188 23863.052734 13632.516602
v 26542.041016 23861.410156 13615.132812
v 24381.695312 23859.994141 13631.898438
v 24487.339844 23862.187500 13608.849609
v 24765.195312 23902.746094 13637.227539
v 24851.326172 22417.810547 13646.249023
v 24971.539062 22422.574219 13648.924805
v 24566.361328 22408.599609 13606.803711
v 24056.712891 22627.648438 13657.514648
v 24195.664062 22517.699219 13611.583984
v 24141.914062 22545.691406 13612.373047
v 24056.771484 22613.837891 13602.416992
v 25787.906250 22598.750000 13657.606445
v 23989.484375 22706.958984 13622.663086
v 26826.453125 22888.167969 13612.927734
v 26969.447266 22977.873047 13632.076172
v 27212.533203 22977.310547 13582.053711
v 23896.572266 22949.005859 13627.622070
v 27255.689453 23027.437500 13602.410156
v 27277.576172 23086.521484 13624.332031
v 27421.929688 23090.523438 13606.888672
v 24040.583984 23198.447266 13511.808594
v 27496.818359 23222.373047 13599.725586
v 27385.873047 23355.839844 13619.789062
v 27270.074219 23455.214844 13632.554688
v 24064.113281 23591.843750 13646.756836
v 27169.271484 23545.347656 13657.044922
v 25379.806641 23680.636719 13564.740234
v 25302.906250 23687.078125 13589.928711
v 25459.085938 23715.048828 13654.799805
v 27158.302734 23560.080078 13633.744141
v 25189.228516 23739.791016 13685.031250
v 25111.939453 23732.767578 13601.630859
v 26832.388672 23772.207031 13627.970703
v 24168.337891 23703.412109 13620.232422
v 26645.980469 23831.902344 13600.156250
v 24160.525391 23782.472656 13683.921875
v 24224.234375 23794.113281 13648.926758
v 24896.359375 23886.746094 13678.214844
v 26384.199219 23888.808594 13641.082031
v 24688.449219 22442.482422 13667.021484
v 25138.789062 22476.007812 13688.860352
v 24473.511719 22441.394531 13628.396484
v 26221.191406 22689.162109 13622.508789
v 26537.726562 22775.689453 13610.012695
v 26623.207031 22821.593750 13623.427734
v 23918.384766 22826.408203 13652.382812
v 26809.003906 22946.751953 13655.731445
v 26940.804688 23021.634766 13660.849609
v 27090.582031 23039.587891 13635.984375
v 27065.013672 23112.773438 13666.833984
v 27237.292969 23122.683594 13640.673828
v 27150.654297 23179.384766 13667.734375
v 27302.423828 23200.675781 13646.263672
v 27430.902344 23163.232422 13626.632812
v 27475.458984 23247.837891 13627.722656
v 27214.058594 23244.484375 13666.147461
v 24002.546875 23327.949219 13594.196289
v 27328.314453 23273.486328 13647.187500
v 27249.847656 23339.425781 13663.121094
v 27357.982422 23323.232422 13640.708984
v 27203.429688 23469.244141 13666.820312
v 24075.330078 23699.343750 13697.866211
v 25547.878906 23716.314453 13589.516602
v 25090.582031 23776.234375 13670.367188
v 26919.332031 23746.353516 13674.559570
v 25003.486328 23835.480469 13697.918945
v 26146.476562 23879.421875 13651.836914
v 24252.558594 23909.982422 13733.951172
v 24666.253906 23872.181641 13598.405273
v 24537.871094 23919.902344 13645.433594
v 24776.128906 22462.583984 13697.302734
v 25207.451172 22572.890625 13791.196289
v 25292.634766 22512.177734 13700.554688
v 25415.486328 22504.355469 13661.227539
v 24092.867188 22649.832031 13733.851562
v 23990.255859 22693.714844 13695.872070
v 23988.283203 22710.126953 13741.083984
v 26110.371094 22737.035156 13713.250977
v 26533.150391 22856.861328 13681.981445
v 26569.048828 22928.921875 13725.513672
v 26664.408203 22898.376953 13668.993164
v 23818.765625 23000.873047 13762.930664
v 26813.890625 23044.009766 13707.390625
v 26889.740234 23110.609375 13711.333984
v 26953.443359 23083.882812 13682.722656
v 27010.035156 23181.570312 13699.319336
v 26936.570312 23194.093750 13725.484375
v 27093.201172 23290.281250 13699.448242
v 27018.068359 23279.796875 13720.199219
v 27007.890625 23372.570312 13741.048828
v 27101.337891 23418.718750 13709.450195
v 27171.679688 23385.011719 13684.635742
v 27110.878906 23482.199219 13706.756836
v 27140.171875 23531.585938 13685.805664
v 25436.558594 23727.761719 13734.431641
v 27047.650391 23661.785156 13653.390625
v 24188.802734 23866.392578 13732.288086
v 25753.316406 23787.056641 13649.176758
v 26039.058594 23891.773438 13755.766602
v 24902.939453 23912.039062 13732.380859
v 26277.179688 23926.933594 13784.737305
v 26395.195312 23937.390625 13823.499023
v 24335.765625 23955.250000 13737.425781
v 24480.041016 23953.291016 13681.998047
v 24922.708984 22468.681641 13703.510742
v 25041.679688 22484.429688 13711.321289
v 24289.535156 22598.339844 13782.929688
v 25372.662109 22599.107422 13786.876953
v 25807.777344 22761.939453 13851.579102
v 25982.601562 22698.019531 13712.541016
v 23906.781250 22803.693359 13714.100586
v 26362.183594 22827.207031 13716.891602
v 26436.921875 22889.218750 13744.989258
v 23845.955078 22923.300781 13741.542969
v 26677.669922 22986.796875 13723.313477
v 26713.160156 23049.072266 13746.224609
v 26874.382812 23194.927734 13747.889648
v 23835.505859 23109.285156 13721.436523
v 26847.398438 23233.423828 13772.279297
v 26959.429688 23303.619141 13747.004883
v 27031.470703 23462.261719 13745.374023
v 27050.060547 23534.132812 13740.783203
v 25361.404297 23704.292969 13652.735352
v 27071.638672 23585.787109 13720.211914
v 25547.236328 23743.628906 13710.366211
v 25642.585938 23765.460938 13696.643555
v 26983.306641 23713.427734 13745.408203
v 24081.214844 23759.705078 13733.084961
v 24032.580078 23760.898438 13792.613281
v 25112.316406 23789.185547 13734.015625
v 26725.080078 23858.369141 13724.455078
v 24904.373047 23930.783203 13783.518555
v 24829.197266 23955.357422 13726.100586
v 24408.916016 24022.121094 13787.219727
v 24708.248047 23907.652344 13632.631836
v 24738.878906 23982.960938 13727.160156
v 24507.314453 24018.320312 13744.827148
v 24562.761719 24006.451172 13721.608398
v 24753.685547 22525.716797 13778.992188
v 24176.876953 22647.453125 13791.806641
v 23917.562500 22769.601562 13748.157227
v 23857.349609 22868.705078 13791.596680
v 26187.785156 22791.509766 13745.214844
v 26163.828125 22874.203125 13841.083984
v 26575.126953 23026.531250 13792.053711
v 26763.322266 23122.142578 13762.627930
v 26733.503906 23168.271484 13798.658203
v 23849.226562 23211.550781 13724.663086
v 26800.240234 23254.980469 13805.688477
v 23896.947266 23343.130859 13713.089844
v 26896.943359 23356.718750 13794.062500
v 26933.406250 23445.671875 13802.618164
v 23915.703125 23476.597656 13747.466797
v 26986.417969 23515.861328 13783.393555
v 24000.644531 23496.861328 13663.781250
v 23940.669922 23658.945312 13812.010742
v 27010.839844 23590.169922 13772.170898
v 27057.087891 23625.558594 13721.060547
v 27064.970703 23641.230469 13694.497070
v 25603.833984 23771.863281 13811.879883
v 26958.699219 23732.759766 13716.660156
v 24074.021484 23840.933594 13835.862305
v 25032.630859 23843.279297 13765.363281
v 26811.117188 23818.070312 13714.346680
v 25942.519531 23872.140625 13782.398438
v 24165.835938 23895.509766 13785.034180
v 26268.271484 23953.669922 13890.654297
v 24268.617188 23971.248047 13797.250977
v 24338.841797 24027.125000 13835.976562
v 24647.679688 24009.468750 13736.522461
v 24756.410156 24017.123047 13801.106445
v 24424.539062 24054.548828 13828.047852
v 24543.808594 24065.798828 13814.322266
v 24604.070312 22502.433594 13736.321289
v 24997.935547 22560.767578 13807.582031
v 24151.732422 22712.396484 13851.270508
v 23957.593750 22781.765625 13813.422852
v 26255.847656 22920.931641 13848.948242
v 26492.955078 22967.132812 13785.882812
v 26654.669922 23125.783203 13816.226562
v 26737.705078 23240.369141 13835.348633
v 23818.642578 23376.496094 13824.708008
v 26848.097656 23386.814453 13840.844727
v 23899.128906 23590.046875 13819.294922
v 26906.328125 23494.218750 13843.968750
v 26957.095703 23563.033203 13820.576172
v 25466.728516 23742.294922 13801.703125
v 26987.388672 23641.193359 13799.409180
v 26982.554688 23703.007812 13782.447266
v 26882.841797 23794.412109 13774.974609
v 25068.302734 23843.027344 13849.040039
v 25828.707031 23836.703125 13781.419922
v 24982.185547 23889.230469 13819.594727
v 24897.978516 23946.914062 13838.613281
v 26649.923828 23883.062500 13737.584961
v 24170.429688 23931.599609 13833.652344
v 26128.656250 23937.298828 13865.405273
v 26565.542969 23900.029297 13741.458984
v 24169.345703 23977.906250 13956.061523
v 24628.673828 24042.890625 13782.721680
v 24931.324219 22600.806641 13863.157227
v 25103.490234 22584.253906 13823.068359
v 25267.320312 22682.716797 13917.874023
v 25563.917969 22619.222656 13754.948242
v 23902.910156 22823.339844 13812.299805
v 26567.613281 23101.873047 13848.278320
v 23785.369141 23285.541016 13855.100586
v 26666.687500 23246.179688 13886.708008
v 26727.080078 23308.476562 13885.579102
v 26811.652344 23410.503906 13884.700195
v 26907.603516 23572.529297 13879.066406
v 26931.148438 23639.203125 13873.647461
v 25282.599609 23723.982422 13707.739258
v 23977.875000 23720.386719 13818.754883
v 25748.179688 23819.742188 13909.953125
v 26932.933594 23763.468750 13806.576172
v 25984.144531 23901.302734 13869.723633
v 25031.923828 23873.167969 13907.335938
v 24891.179688 23957.144531 13903.223633
v 26493.070312 23931.126953 13823.624023
v 26308.929688 23967.527344 13970.681641
v 24272.644531 24006.171875 13858.804688
v 24652.292969 24059.582031 13834.442383
v 24479.464844 24077.269531 13861.970703
v 24580.869141 24081.441406 13883.560547
v 24487.152344 22584.533203 13820.000977
v 24382.822266 22566.333984 13772.982422
v 25028.691406 22681.527344 13958.363281
v 24429.509766 22651.947266 13881.001953
v 25611.076172 22756.748047 13909.599609
v 23795.705078 23019.654297 13848.851562
v 26341.683594 22977.085938 13863.642578
v 23793.296875 23079.908203 13812.086914
v 26475.609375 23031.761719 13844.890625
v 26563.250000 23168.314453 13900.920898
v 23849.925781 23500.697266 13837.833984
v 26831.103516 23491.001953 13919.634766
v 26884.419922 23632.115234 13943.620117
v 25387.945312 23744.699219 13873.442383
v 26948.275391 23703.220703 13858.844727
v 25239.156250 23757.300781 13806.464844
v 25160.619141 23786.078125 13800.605469
v 25145.578125 23814.275391 13917.870117
v 25765.880859 23822.896484 13840.748047
v 26822.771484 23840.134766 13819.570312
v 24067.119141 23895.013672 13940.910156
v 26739.714844 23882.037109 13829.330078
v 26401.150391 23958.146484 13898.505859
v 24372.835938 24062.689453 13902.791992
v 24789.292969 22604.703125 13872.596680
v 25381.699219 22733.769531 13949.473633
v 25976.634766 22830.109375 13869.651367
v 23897.160156 22966.585938 13941.488281
v 23770.960938 23204.843750 13874.415039
v 26622.781250 23305.535156 13974.588867
v 23752.933594 23392.669922 13951.239258
v 23926.345703 23755.998047 13962.203125
v 25590.125000 23772.837891 13875.561523
v 25937.695312 23887.638672 13917.864258
v 26503.865234 23963.501953 13993.900391
v 24283.945312 24034.449219 13929.762695
v 24632.662109 22599.490234 13858.235352
v 24178.562500 22756.412109 13907.700195
v 23856.777344 22905.888672 13852.208008
v 23802.505859 23002.056641 13868.378906
v 23754.437500 23176.476562 13928.566406
v 26450.156250 23187.585938 13997.110352
v 26547.068359 23219.119141 13956.285156
v 23784.458984 23450.781250 13920.943359
v 23824.279297 23571.871094 13933.882812
v 26855.523438 23563.455078 13940.497070
v 23869.478516 23624.605469 13903.968750
v 26883.332031 23688.091797 13975.603516
v 25315.962891 23753.894531 13893.225586
v 25684.677734 23795.460938 13971.759766
v 26920.396484 23710.634766 13909.832031
v 23998.214844 23789.714844 13883.101562
v 26919.023438 23771.554688 13878.002930
v 26868.380859 23824.214844 13885.590820
v 26701.322266 23906.898438 13876.625977
v 25011.869141 23888.794922 13985.898438
v 24738.933594 24037.523438 13889.313477
v 26532.417969 23949.160156 13918.704102
v 26627.619141 23920.009766 13860.264648
v 24094.636719 23938.144531 14003.270508
v 24707.324219 24047.269531 13985.160156
v 24408.335938 24074.777344 13953.315430
v 24541.984375 24082.933594 13949.593750
v 24818.433594 22687.677734 13969.443359
v 24367.414062 22759.001953 13968.561523
v 25080.183594 22726.734375 14001.777344
v 25315.873047 22771.814453 14006.267578
v 24067.662109 22869.763672 13951.965820
v 23997.994141 22828.433594 13880.869141
v 25707.814453 22838.005859 13970.978516
v 25806.339844 22912.785156 14015.691406
v 26014.150391 22917.468750 13945.413086
v 23831.212891 22996.287109 13914.367188
v 26263.746094 23060.830078 13984.492188
v 23768.599609 23107.777344 13939.526367
v 26426.625000 23085.771484 13916.197266
v 26368.974609 23144.791016 14007.136719
v 23731.304688 23284.357422 13973.198242
v 26769.390625 23565.998047 14056.693359
v 25227.580078 23778.080078 13898.372070
v 25457.455078 23750.189453 13878.030273
v 23853.910156 23673.347656 13981.170898
v 26857.009766 23849.515625 13977.817383
v 24791.283203 24008.972656 13973.755859
v 26107.812500 23939.757812 13934.666992
v 24162.603516 23983.482422 14021.360352
v 24586.832031 22674.185547 13933.081055
v 24238.501953 22729.439453 13908.544922
v 24287.501953 22806.023438 13986.883789
v 24192.781250 22851.847656 13991.042969
v 24090.287109 22956.234375 14036.317383
v 23862.080078 23085.599609 14021.108398
v 23757.261719 23164.923828 14002.388672
v 26726.259766 23395.505859 13957.704102
v 23775.597656 23522.550781 13979.743164
v 25536.361328 23757.800781 14014.674805
v 25795.929688 23832.910156 13984.589844
v 23947.279297 23812.601562 14018.189453
v 25109.285156 23837.619141 14001.123047
v 26788.160156 23894.023438 13973.699219
v 26594.228516 23950.632812 13976.982422
v 26334.019531 23967.015625 14021.727539
v 24254.023438 24027.609375 14014.033203
v 24485.738281 24072.384766 14057.309570
v 24646.273438 24067.859375 13970.362305
v 24462.105469 24082.625000 13939.228516
v 24718.392578 22719.937500 13996.993164
v 24879.830078 22794.412109 14080.667969
v 24958.853516 22731.937500 14015.629883
v 24754.728516 22765.361328 14045.153320
v 25892.046875 23013.365234 14087.442383
v 25898.455078 22957.478516 14030.064453
v 23973.371094 23009.964844 14026.157227
v 23790.958984 23101.785156 13977.393555
v 23727.587891 23229.816406 14003.367188
v 23722.234375 23531.513672 14060.152344
v 26717.761719 23475.583984 14042.473633
v 26841.769531 23641.867188 14024.554688
v 25388.105469 23752.363281 13965.570312
v 25502.267578 23758.140625 13951.355469
v 25250.664062 23779.582031 13987.819336
v 25187.716797 23803.173828 14006.030273
v 26887.507812 23790.238281 13978.051758
v 25069.169922 23847.238281 14164.310547
v 25021.972656 23882.121094 14061.403320
v 25912.576172 23872.541016 13994.887695
v 26057.394531 23913.382812 14014.562500
v 26138.187500 23940.693359 13993.443359
v 24857.486328 23967.507812 14060.823242
v 24319.095703 24052.380859 14019.408203
v 24399.074219 24071.273438 14030.773438
v 24499.896484 22799.515625 14039.641602
v 24594.341797 22769.828125 14030.016602
v 23956.359375 23086.185547 14084.002930
v 26216.406250 23092.769531 14038.378906
v 23763.697266 23228.193359 14068.755859
v 23725.378906 23287.373047 14076.583984
v 23716.718750 23384.273438 14015.748047
v 23778.076172 23621.740234 14045.856445
v 23804.044922 23693.398438 14079.869141
v 23858.876953 23729.580078 14039.850586
v 25305.732422 23765.662109 13985.834961
v 25451.875000 23746.294922 14049.666016
v 25680.113281 23776.941406 14058.529297
v 26857.527344 23766.355469 14041.221680
v 25830.578125 23835.505859 14044.867188
v 26826.136719 23869.455078 14023.479492
v 26708.400391 23926.921875 14008.723633
v 24680.037109 24038.132812 14091.199219
v 24387.828125 24054.855469 14152.589844
v 25210.214844 22818.492188 14077.968750
v 25532.537109 22837.597656 14022.586914
v 24084.753906 23039.134766 14106.392578
v 26129.703125 23065.412109 14049.933594
v 23913.166016 23150.031250 14118.977539
v 23812.228516 23178.257812 14068.942383
v 26317.857422 23170.044922 14063.378906
v 23701.205078 23332.888672 14065.389648
v 23655.935547 23449.691406 14138.932617
v 26557.539062 23330.048828 14059.027344
v 26768.064453 23617.998047 14097.130859
v 25358.996094 23750.589844 14081.687500
v 25283.019531 23769.271484 14070.308594
v 25592.505859 23752.039062 14076.758789
v 24015.359375 23894.082031 14059.976562
v 26848.929688 23832.794922 14037.871094
v 26203.783203 23939.474609 14061.143555
v 26350.285156 23958.583984 14083.627930
v 26720.089844 23926.248047 14071.991211
v 24032.945312 23918.296875 14100.380859
v 26439.710938 23968.093750 14055.821289
v 24244.115234 24027.271484 14083.657227
v 24576.187500 24054.332031 14104.915039
v 25014.318359 22817.333984 14100.373047
v 24376.691406 22869.041016 14069.615234
v 24580.904297 22828.156250 14083.155273
v 24240.765625 22989.494141 14126.155273
v 24229.060547 23053.429688 14181.082031
v 24000.388672 23124.652344 14147.490234
v 23801.201172 23224.037109 14111.013672
v 26484.201172 23333.781250 14120.248047
v 26624.128906 23427.199219 14098.662109
v 23721.503906 23613.863281 14113.026367
v 25473.082031 23732.302734 14113.375977
v 25591.888672 23690.917969 14205.958008
v 25681.509766 23747.792969 14138.948242
v 26825.666016 23712.408203 14074.324219
v 25193.154297 23799.304688 14089.393555
v 23865.527344 23793.517578 14136.127930
v 25132.333984 23823.488281 14111.478516
v 25752.957031 23799.697266 14066.832031
v 25879.902344 23829.812500 14113.098633
v 26790.443359 23846.861328 14123.205078
v 26771.472656 23893.347656 14099.571289
v 26523.716797 23960.626953 14071.801758
v 26685.646484 23937.167969 14079.275391
v 24128.412109 23976.667969 14086.260742
v 25118.175781 22830.070312 14103.912109
v 24826.257812 22888.306641 14178.060547
v 24541.710938 22937.386719 14173.521484
v 25681.394531 22935.744141 14078.333008
v 24390.449219 22984.923828 14173.435547
v 25728.269531 23015.474609 14142.159180
v 25975.150391 23094.384766 14133.191406
v 24040.980469 23166.121094 14220.553711
v 23858.503906 23221.351562 14166.162109
v 23730.554688 23314.544922 14139.740234
v 26658.763672 23476.314453 14105.334961
v 23666.406250 23534.466797 14134.480469
v 23657.292969 23594.992188 14169.890625
v 23746.425781 23686.927734 14146.868164
v 26776.953125 23710.949219 14119.692383
v 25420.734375 23716.974609 14176.005859
v 25509.898438 23696.089844 14197.076172
v 25569.425781 23731.972656 14124.960938
v 25391.318359 23736.736328 14127.346680
v 25288.974609 23756.878906 14157.973633
v 23929.449219 23854.603516 14159.433594
v 26044.726562 23886.767578 14107.744141
v 23997.060547 23907.933594 14195.090820
v 26164.875000 23903.867188 14141.481445
v 24080.814453 23955.789062 14196.904297
v 24702.898438 22926.992188 14200.897461
v 25433.843750 22898.287109 14110.200195
v 25875.724609 23133.761719 14200.059570
v 26193.908203 23170.964844 14121.885742
v 23941.388672 23191.236328 14192.132812
v 23788.142578 23269.464844 14158.637695
v 23633.205078 23500.763672 14172.331055
v 26616.267578 23546.900391 14174.586914
v 26695.271484 23651.521484 14165.004883
v 23667.574219 23683.080078 14219.991211
v 25626.931641 23671.185547 14238.152344
v 25696.376953 23677.742188 14253.191406
v 23803.181641 23740.478516 14141.585938
v 25852.753906 23748.636719 14253.621094
v 23860.658203 23819.826172 14199.944336
v 25896.355469 23808.738281 14177.665039
v 25784.673828 23771.521484 14163.195312
v 26303.250000 23919.613281 14175.611328
v 26473.388672 23945.898438 14152.897461
v 26671.152344 23923.525391 14130.156250
v 24169.224609 23998.753906 14162.213867
v 24899.031250 22876.679688 14167.869141
v 24731.375000 22851.375000 14131.492188
v 25183.210938 22925.435547 14192.569336
v 24144.140625 23097.347656 14189.209961
v 26169.357422 23239.423828 14183.490234
v 26404.546875 23281.683594 14125.778320
v 23761.042969 23312.431641 14227.233398
v 23862.980469 23249.535156 14225.236328
v 26382.248047 23352.445312 14183.985352
v 26466.832031 23371.281250 14157.800781
v 23684.031250 23380.828125 14168.465820
v 26560.189453 23515.941406 14194.074219
v 23605.289062 23472.021484 14228.291016
v 23583.535156 23600.224609 14239.568359
v 25588.148438 23629.994141 14276.277344
v 25340.404297 23724.103516 14224.109375
v 25419.367188 23696.515625 14229.209961
v 25712.500000 23724.207031 14197.301758
v 26681.859375 23699.289062 14187.128906
v 26721.191406 23741.787109 14168.038086
v 24821.609375 23973.986328 14128.478516
v 25015.955078 23862.113281 14230.319336
v 25990.722656 23814.566406 14244.706055
v 26394.136719 23917.140625 14213.624023
v 26748.765625 23833.390625 14154.435547
v 26523.517578 23940.541016 14165.208008
v 26718.044922 23889.103516 14157.774414
v 24746.576172 23989.031250 14189.445312
v 24639.814453 24024.933594 14179.658203
v 24293.525391 24042.623047 14147.184570
v 25309.812500 22898.144531 14139.836914
v 24598.712891 23018.511719 14268.486328
v 24197.562500 23150.808594 14277.457031
v 23876.816406 23263.789062 14284.225586
v 26330.367188 23261.500000 14147.254883
v 23699.734375 23359.617188 14230.193359
v 26459.181641 23456.783203 14211.682617
v 23570.384766 23470.142578 14271.923828
v 23642.587891 23423.041016 14214.785156
v 23582.789062 23555.466797 14231.445312
v 23663.464844 23638.279297 14189.797852
v 25469.046875 23653.242188 14279.496094
v 26625.585938 23709.585938 14222.022461
v 23752.089844 23752.634766 14219.923828
v 23829.587891 23831.001953 14283.204102
v 26658.675781 23795.394531 14210.501953
v 25197.480469 23782.318359 14212.799805
v 23968.447266 23898.273438 14268.688477
v 26119.302734 23859.041016 14225.219727
v 26576.179688 23917.455078 14198.585938
v 26670.412109 23883.597656 14187.418945
v 24242.304688 24018.800781 14206.378906
v 24424.287109 24035.619141 14255.471680
v 25032.685547 22931.238281 14215.947266
v 25444.314453 22993.607422 14198.334961
v 25677.228516 23072.597656 14205.095703
v 25712.470703 23170.716797 14268.032227
v 24088.328125 23206.230469 14314.239258
v 26024.070312 23232.408203 14227.351562
v 26192.507812 23319.556641 14229.707031
v 23631.562500 23399.353516 14278.494141
v 23577.246094 23521.015625 14240.907227
v 26583.507812 23606.099609 14221.072266
v 23513.363281 23600.005859 14285.035156
v 23573.181641 23666.066406 14280.312500
v 23662.544922 23730.968750 14277.351562
v 23710.785156 23776.126953 14305.236328
v 25254.513672 23750.779297 14248.690430
v 23890.156250 23850.687500 14233.828125
v 26211.152344 23875.359375 14236.877930
v 26543.265625 23878.904297 14249.383789
v 26626.867188 23853.595703 14222.641602
v 24124.742188 23972.724609 14253.997070
v 24507.541016 24038.509766 14218.224609
v 24316.759766 24033.996094 14226.786133
v 24933.884766 22956.156250 14250.010742
v 25240.117188 22978.367188 14230.300781
v 25276.130859 23051.767578 14285.409180
v 25433.761719 23051.353516 14248.177734
v 25555.765625 23134.216797 14279.368164
v 24389.695312 23082.917969 14271.128906
v 23972.472656 23232.386719 14295.691406
v 23739.195312 23326.154297 14271.827148
v 23816.390625 23288.351562 14284.236328
v 25726.281250 23242.992188 14308.949219
v 25869.121094 23269.505859 14290.379883
v 25982.906250 23293.990234 14275.582031
v 26306.537109 23395.230469 14237.445312
v 26425.492188 23522.128906 14267.411133
v 25588.169922 23560.990234 14333.730469
v 23482.402344 23545.443359 14311.920898
v 25737.519531 23586.750000 14333.542969
v 23522.089844 23664.113281 14313.915039
v 25772.453125 23691.324219 14272.747070
v 25753.820312 23655.648438 14295.981445
v 26534.460938 23764.130859 14272.072266
v 26102.001953 23817.023438 14295.568359
v 26494.445312 23898.718750 14244.831055
v 24009.402344 23916.458984 14318.223633
v 24583.976562 24012.654297 14287.249023
v 24544.392578 24006.107422 14354.908203
v 24942.943359 23063.453125 14353.421875
v 25040.726562 23053.736328 14334.956055
v 25414.626953 23195.812500 14356.871094
v 25535.869141 23196.875000 14323.942383
v 25591.839844 23259.955078 14344.314453
v 23724.210938 23325.664062 14334.263672
v 23671.640625 23355.005859 14317.110352
v 26169.894531 23367.914062 14264.082031
v 25686.919922 23307.300781 14344.210938
v 25876.048828 23332.234375 14319.176758
v 26008.339844 23358.742188 14301.975586
v 23477.798828 23502.369141 14335.046875
v 25502.328125 23592.591797 14337.393555
v 25673.011719 23589.656250 14317.897461
v 26208.255859 23449.021484 14294.435547
v 25399.054688 23650.167969 14338.187500
v 26452.029297 23576.871094 14280.091797
v 23386.894531 23648.904297 14381.690430
v 26508.722656 23680.746094 14276.148438
v 25354.017578 23691.503906 14298.229492
v 23552.533203 23719.248047 14343.107422
v 25973.019531 23729.105469 14352.930664
v 26550.625000 23835.087891 14259.104492
v 23870.931641 23860.234375 14341.148438
v 26370.843750 23878.414062 14273.500977
v 24177.804688 23976.183594 14328.879883
v 24370.660156 24020.343750 14300.208008
v 24851.488281 23053.824219 14345.933594
v 25129.646484 23077.781250 14340.843750
v 25241.281250 23120.179688 14350.599609
v 25389.732422 23120.996094 14311.429688
v 25334.761719 23172.789062 14365.849609
v 25479.199219 23263.791016 14376.020508
v 24020.390625 23244.634766 14359.430664
v 25580.074219 23323.566406 14370.759766
v 25499.761719 23347.962891 14402.798828
v 25593.746094 23397.802734 14381.779297
v 25672.820312 23365.576172 14361.689453
v 23582.626953 23397.712891 14341.233398
v 25828.753906 23369.074219 14340.142578
v 23524.328125 23446.828125 14339.018555
v 25700.076172 23445.431641 14364.521484
v 25546.890625 23440.744141 14396.130859
v 25624.714844 23470.632812 14370.692383
v 25774.685547 23406.250000 14355.138672
v 25601.466797 23508.517578 14363.280273
v 25692.900391 23499.115234 14358.495117
v 26024.972656 23420.490234 14323.956055
v 25529.263672 23534.390625 14370.481445
v 25684.402344 23539.517578 14344.999023
v 25806.994141 23480.585938 14359.373047
v 25967.478516 23442.312500 14340.124023
v 23383.535156 23585.085938 14365.573242
v 25771.941406 23516.886719 14356.857422
v 26161.369141 23491.833984 14322.084961
v 26294.197266 23538.845703 14310.283203
v 25428.556641 23591.847656 14393.397461
v 23296.919922 23615.832031 14420.708008
v 23367.125000 23675.925781 14409.351562
v 25855.675781 23654.728516 14338.499023
v 25296.367188 23718.767578 14297.968750
v 26435.597656 23722.447266 14307.637695
v 23635.933594 23765.253906 14348.525391
v 23700.587891 23798.054688 14367.040039
v 25992.210938 23777.404297 14307.846680
v 26394.558594 23765.316406 14320.420898
v 24986.027344 23852.466797 14323.424805
v 26307.888672 23868.375000 14289.101562
v 26418.677734 23837.134766 14302.163086
v 24863.488281 23902.992188 14353.232422
v 24655.048828 23114.662109 14382.300781
v 24392.121094 23153.542969 14355.281250
v 25138.654297 23158.998047 14410.394531
v 25260.177734 23200.652344 14410.623047
v 24219.201172 23221.601562 14388.003906
v 24127.445312 23256.378906 14412.457031
v 24243.820312 23259.871094 14442.003906
v 25398.136719 23299.435547 14425.212891
v 24022.626953 23289.503906 14439.316406
v 23637.150391 23344.222656 14432.871094
v 23821.332031 23292.138672 14358.762695
v 23514.646484 23400.556641 14409.471680
v 25503.156250 23399.638672 14412.192383
v 25442.136719 23445.742188 14450.218750
v 25502.751953 23465.876953 14412.683594
v 23371.357422 23504.193359 14414.626953
v 25930.349609 23491.013672 14355.011719
v 23306.990234 23541.126953 14457.988281
v 25946.648438 23605.251953 14365.698242
v 26118.828125 23560.173828 14351.506836
v 25811.230469 23579.337891 14350.767578
v 25947.984375 23555.251953 14363.452148
v 26055.679688 23614.302734 14369.630859
v 26231.535156 23593.490234 14342.846680
v 25918.539062 23632.017578 14359.806641
v 26302.082031 23629.953125 14334.949219
v 26412.398438 23671.720703 14309.946289
v 25239.466797 23709.259766 14408.634766
v 23769.107422 23818.488281 14337.697266
v 25118.845703 23789.257812 14333.769531
v 23941.406250 23886.462891 14383.327148
v 26038.660156 23764.111328 14344.658203
v 26323.736328 23802.191406 14327.711914
v 26190.437500 23821.621094 14309.248047
v 26237.683594 23790.853516 14338.032227
v 24271.125000 24001.068359 14319.752930
v 24541.158203 23154.917969 14398.498047
v 24772.255859 23090.876953 14376.458984
v 25014.343750 23151.320312 14429.330078
v 25347.541016 23239.431641 14408.057617
v 23890.580078 23288.644531 14403.777344
v 23772.728516 23316.894531 14426.440430
v 23586.550781 23362.667969 14421.742188
v 25432.943359 23357.007812 14435.867188
v 23418.371094 23457.236328 14420.988281
v 25380.566406 23387.230469 14477.983398
v 25420.835938 23517.583984 14457.883789
v 25342.552734 23652.837891 14399.153320
v 26135.541016 23672.535156 14380.478516
v 26147.269531 23757.990234 14361.290039
v 26263.757812 23703.330078 14358.763672
v 23526.941406 23746.583984 14391.731445
v 26051.324219 23711.041016 14369.558594
v 26285.970703 23746.531250 14350.542969
v 24053.470703 23923.371094 14383.545898
v 24798.916016 23911.835938 14420.563477
v 24187.769531 23960.968750 14384.290039
v 24329.222656 23987.679688 14377.218750
v 24910.519531 23165.910156 14454.857422
v 25228.167969 23264.109375 14475.166016
v 23830.195312 23319.554688 14449.338867
v 24148.478516 23299.916016 14467.004883
v 23626.878906 23360.195312 14454.365234
v 23437.925781 23437.960938 14459.021484
v 25337.179688 23344.273438 14482.684570
v 25365.054688 23443.361328 14507.734375
v 25461.384766 23537.083984 14411.651367
v 23263.886719 23637.564453 14457.933594
v 23302.455078 23687.234375 14450.179688
v 23418.535156 23716.785156 14423.836914
v 25009.376953 23819.060547 14396.523438
v 23790.091797 23835.105469 14410.080078
v 23870.173828 23851.466797 14462.679688
v 24074.812500 23889.117188 14485.000000
v 24210.902344 23939.347656 14442.303711
v 24476.804688 23993.316406 14396.976562
v 24721.957031 23168.156250 14446.935547
v 24827.398438 23154.513672 14442.917969
v 25069.531250 23255.419922 14516.611328
v 24366.304688 23260.478516 14470.628906
v 25160.554688 23230.398438 14469.130859
v 24142.828125 23340.576172 14502.355469
v 25289.128906 23302.257812 14479.218750
v 23847.634766 23341.158203 14473.846680
v 23675.750000 23382.291016 14481.992188
v 23493.146484 23434.886719 14477.415039
v 23346.283203 23510.597656 14479.692383
v 23295.185547 23612.937500 14482.275391
v 25350.033203 23604.621094 14470.882812
v 23269.830078 23680.941406 14478.514648
v 23429.376953 23737.466797 14453.736328
v 23366.820312 23720.855469 14485.870117
v 23662.314453 23798.322266 14415.689453
v 25009.998047 23795.175781 14460.490234
v 25118.837891 23736.775391 14481.096680
v 23771.671875 23823.095703 14468.765625
v 24009.220703 23894.078125 14447.904297
v 24796.564453 23869.781250 14513.625000
v 24636.689453 23968.810547 14433.287109
v 24392.232422 23947.767578 14470.914062
v 24580.070312 23975.763672 14440.706055
v 24819.919922 23284.650391 14565.494141
v 24990.441406 23289.333984 14561.894531
v 24251.525391 23316.392578 14498.034180
v 24022.605469 23331.671875 14481.993164
v 23987.494141 23377.078125 14512.481445
v 23498.546875 23472.957031 14498.204102
v 23910.820312 23416.855469 14527.588867
v 25384.500000 23484.130859 14496.542969
v 23354.710938 23643.181641 14502.921875
v 23391.320312 23701.007812 14507.134766
v 23449.521484 23742.826172 14490.521484
v 23536.357422 23773.015625 14437.890625
v 23683.376953 23804.480469 14453.782227
v 23642.757812 23789.617188 14481.695312
v 24282.562500 23913.308594 14500.966797
v 24483.117188 23955.375000 14469.514648
v 24486.195312 23301.742188 14531.540039
v 24199.777344 23388.128906 14542.683594
v 24376.345703 23346.234375 14544.602539
v 23704.628906 23432.847656 14511.179688
v 25283.591797 23416.289062 14558.666992
v 23630.732422 23533.751953 14539.531250
v 23755.507812 23491.064453 14544.131836
v 25295.818359 23548.574219 14583.739258
v 23430.345703 23561.263672 14511.108398
v 23540.773438 23642.828125 14539.095703
v 23560.523438 23595.583984 14539.189453
v 25250.490234 23618.480469 14568.337891
v 25208.031250 23669.876953 14532.970703
v 25029.570312 23754.283203 14531.670898
v 23599.556641 23769.724609 14503.428711
v 23892.513672 23834.162109 14501.467773
v 23964.818359 23827.376953 14528.123047
v 24210.271484 23889.917969 14518.263672
v 24621.876953 23886.556641 14557.585938
v 24618.832031 23231.462891 14494.724609
v 24114.179688 23437.779297 14559.747070
v 24340.451172 23394.845703 14570.089844
v 24008.041016 23470.123047 14563.398438
v 24156.425781 23509.779297 14595.138672
v 24003.777344 23532.994141 14583.976562
v 23975.177734 23576.710938 14590.560547
v 23790.517578 23573.830078 14572.217773
v 23863.203125 23606.482422 14583.865234
v 24039.833984 23641.560547 14604.652344
v 23641.716797 23671.398438 14555.609375
v 23756.785156 23657.750000 14573.018555
v 25199.150391 23643.103516 14585.853516
v 23965.142578 23701.621094 14590.402344
v 23667.343750 23699.876953 14553.561523
v 23835.654297 23726.691406 14567.239258
v 23523.484375 23730.939453 14521.907227
v 23774.558594 23755.214844 14547.595703
v 23715.191406 23775.804688 14523.357422
v 23900.111328 23795.687500 14543.963867
v 23978.531250 23764.376953 14574.007812
v 24740.203125 23873.757812 14536.289062
v 24100.205078 23810.292969 14569.442383
v 24141.867188 23856.076172 14538.034180
v 24415.714844 23905.275391 14528.091797
v 24915.281250 23312.193359 14591.427734
v 24641.003906 23313.564453 14573.203125
v 25092.130859 23345.787109 14593.788086
v 24281.642578 23451.472656 14589.947266
v 24313.347656 23503.867188 14618.078125
v 24121.027344 23571.945312 14606.993164
v 24207.878906 23619.806641 14628.263672
v 25204.044922 23611.214844 14619.241211
v 24185.091797 23679.179688 14627.756836
v 24086.009766 23701.888672 14609.243164
v 24112.847656 23746.765625 14605.315430
v 25047.939453 23710.265625 14596.162109
v 24946.226562 23765.875000 14577.929688
v 24136.810547 23780.818359 14595.296875
v 24190.357422 23811.242188 14588.851562
v 24305.070312 23877.123047 14552.285156
v 24867.541016 23336.966797 14611.274414
v 24570.371094 23372.261719 14599.875000
v 25224.357422 23378.544922 14572.759766
v 24485.273438 23406.832031 14604.831055
v 24309.904297 23560.914062 14634.953125
v 24291.416016 23728.837891 14640.667969
v 24772.669922 23772.113281 14651.709961
v 24700.792969 23829.449219 14605.023438
v 24605.201172 23821.802734 14625.366211
v 24308.572266 23823.136719 14598.152344
v 24514.257812 23852.609375 14590.880859
v 25082.000000 23429.953125 14653.722656
v 24540.953125 23446.253906 14637.010742
v 25232.984375 23481.931641 14615.250977
v 24529.650391 23511.107422 14662.753906
v 25260.587891 23529.007812 14613.914062
v 24355.554688 23617.701172 14655.616211
v 24364.572266 23673.421875 14660.507812
v 24981.677734 23722.527344 14621.392578
v 24887.437500 23747.148438 14635.984375
v 24380.296875 23772.078125 14643.160156
v 24297.136719 23779.035156 14623.844727
v 24504.484375 23802.216797 14638.675781
v 24779.779297 23362.041016 14623.875000
v 24995.447266 23400.853516 14650.271484
v 24757.748047 23479.181641 14688.039062
v 24707.492188 23393.218750 14637.278320
v 25130.291016 23486.236328 14667.002930
v 24683.304688 23535.339844 14698.496094
v 25154.537109 23544.886719 14669.490234
v 24505.250000 23572.955078 14676.091797
v 25191.132812 23578.240234 14644.223633
v 24521.958984 23625.156250 14688.563477
v 25085.894531 23647.046875 14651.490234
v 24444.050781 23713.388672 14673.447266
v 24560.113281 23763.537109 14670.979492
v 24939.669922 23447.359375 14686.805664
v 24882.359375 23479.751953 14702.875977
v 25011.824219 23489.175781 14701.208984
v 24669.382812 23602.859375 14714.956055
v 24597.755859 23646.376953 14703.459961
v 24831.589844 23569.271484 14738.352539
v 24609.753906 23683.958984 14702.471680
v 25022.216797 23617.662109 14710.603516
v 24962.509766 23670.902344 14690.363281
v 24783.382812 23684.597656 14713.685547
v 24839.089844 23711.306641 14686.186523
v 24643.570312 23739.730469 14687.208008
v 24892.658203 23566.732422 14742.413086
v 25030.294922 23570.160156 14717.366211
v 24814.041016 23637.740234 14735.245117
v 24881.763672 23637.470703 14733.608398
# 1856 vertices, 0 vertices normals

f 2 3 1
f 1 3 5
f 2 32 3
f 3 8 5
f 3 32 4
f 4 6 3
f 5 8 18
f 6 9 3
f 3 9 8
f 18 8 10
f 4 7 6
f 20 6 7
f 8 13 10
f 11 6 20
f 8 9 13
f 12 10 13
f 6 11 9
f 9 11 13
f 13 14 12
f 11 22 13
f 21 22 11
f 13 22 14
f 14 39 38
f 16 17 15
f 15 17 28
f 17 16 1
f 16 2 1
f 5 17 1
f 28 17 30
f 29 32 2
f 17 18 30
f 5 18 17
f 4 32 59
f 48 7 4
f 18 10 34
f 48 19 7
f 10 12 34
f 19 20 7
f 34 12 37
f 36 34 37
f 20 21 11
f 14 38 12
f 37 12 38
f 22 24 14
f 39 14 24
f 22 21 23
f 63 23 21
f 22 23 24
f 23 40 24
f 27 16 25
f 25 15 26
f 25 16 15
f 27 2 16
f 15 28 26
f 26 28 45
f 27 44 29
f 29 2 27
f 28 30 45
f 33 30 18
f 31 30 33
f 29 59 32
f 31 33 60
f 60 33 35
f 48 4 59
f 33 18 34
f 35 33 34
f 35 34 36
f 19 62 20
f 62 21 20
f 62 63 21
f 63 40 23
f 24 41 39
f 24 96 41
f 43 54 55
f 54 43 42
f 42 52 54
f 56 43 55
f 43 27 25
f 43 25 42
f 42 25 26
f 42 26 57
f 57 26 45
f 45 30 46
f 44 81 29
f 31 46 30
f 59 29 81
f 31 60 46
f 47 46 60
f 111 35 36
f 50 48 49
f 50 19 48
f 61 19 50
f 36 37 87
f 62 19 61
f 38 51 37
f 95 38 39
f 94 64 63
f 64 40 63
f 41 95 39
f 96 24 40
f 96 40 64
f 96 118 41
f 118 95 41
f 54 53 66
f 68 55 66
f 55 54 66
f 54 52 53
f 52 42 73
f 69 56 68
f 42 57 73
f 74 56 69
f 68 56 55
f 79 56 74
f 56 27 43
f 57 45 78
f 79 27 56
f 79 44 27
f 79 58 44
f 80 45 46
f 108 80 46
f 58 81 44
f 46 47 108
f 59 81 83
f 83 48 59
f 35 111 60
f 85 48 83
f 136 111 36
f 85 49 48
f 87 136 36
f 50 89 61
f 62 61 90
f 62 91 63
f 92 51 38
f 91 94 63
f 95 92 38
f 97 53 65
f 66 53 97
f 97 65 103
f 69 68 66
f 65 53 52
f 97 103 102
f 65 70 103
f 65 73 70
f 52 73 65
f 100 74 69
f 71 74 100
f 71 72 75
f 131 70 73
f 71 77 74
f 57 78 73
f 73 78 131
f 71 75 76
f 77 79 74
f 71 76 77
f 78 45 80
f 77 107 79
f 79 107 58
f 107 81 58
f 82 153 108
f 108 47 82
f 110 83 81
f 110 85 83
f 60 111 82
f 60 82 47
f 84 49 85
f 84 50 49
f 84 86 50
f 86 89 50
f 51 141 87
f 37 51 87
f 89 86 88
f 89 90 61
f 90 89 88
f 90 91 62
f 51 92 143
f 93 90 115
f 90 93 91
f 93 117 91
f 91 117 94
f 95 116 92
f 94 147 64
f 64 147 119
f 64 119 96
f 97 98 66
f 98 97 123
f 66 98 67
f 99 123 97
f 100 69 67
f 67 69 66
f 102 101 97
f 101 99 97
f 104 101 102
f 102 129 104
f 102 103 129
f 129 103 70
f 100 72 71
f 130 105 72
f 70 131 129
f 105 75 72
f 105 76 75
f 106 77 76
f 131 78 80
f 80 108 131
f 176 131 108
f 106 107 77
f 106 134 107
f 176 108 153
f 134 81 107
f 134 110 81
f 110 134 112
f 109 153 82
f 135 82 111
f 112 85 110
f 112 84 85
f 114 84 112
f 87 140 136
f 87 141 140
f 113 86 84
f 113 84 114
f 139 86 113
f 139 88 86
f 139 142 88
f 142 115 88
f 115 90 88
f 51 143 141
f 146 94 117
f 116 95 237
f 118 237 95
f 146 147 94
f 147 121 119
f 119 120 96
f 96 120 118
f 98 122 67
f 122 100 67
f 98 123 122
f 122 127 100
f 128 122 123
f 101 124 99
f 127 130 100
f 128 123 126
f 126 123 99
f 125 99 124
f 104 167 101
f 167 124 101
f 100 130 72
f 127 122 128
f 126 99 125
f 167 104 151
f 129 151 104
f 130 152 105
f 152 76 105
f 175 76 152
f 76 175 177
f 177 106 76
f 106 177 132
f 132 133 106
f 133 134 106
f 133 137 134
f 133 154 155
f 82 179 109
f 133 155 137
f 114 112 134
f 135 179 82
f 137 114 134
f 136 180 111
f 137 138 114
f 138 113 114
f 138 139 113
f 141 157 140
f 142 139 185
f 141 143 157
f 203 93 115
f 144 143 92
f 116 144 92
f 203 160 93
f 93 145 117
f 160 145 93
f 237 161 116
f 145 146 117
f 188 146 145
f 146 188 147
f 188 121 147
f 120 164 118
f 163 118 164
f 120 119 121
f 151 148 167
f 127 190 130
f 128 171 127
f 169 128 126
f 150 126 125
f 125 124 149
f 149 124 167
f 171 190 127
f 171 128 169
f 169 126 215
f 215 126 150
f 151 170 148
f 131 151 129
f 170 151 176
f 176 151 131
f 132 177 195
f 154 133 132
f 178 153 109
f 180 135 111
f 136 156 180
f 182 137 155
f 140 156 136
f 183 137 182
f 183 138 137
f 140 186 156
f 183 139 138
f 183 185 139
f 186 140 157
f 142 185 187
f 159 115 142
f 159 142 187
f 143 158 157
f 143 204 158
f 203 115 159
f 204 143 144
f 116 161 144
f 163 237 118
f 162 121 188
f 162 188 208
f 164 120 166
f 120 121 166
f 162 165 121
f 165 166 121
f 125 149 150
f 150 149 212
f 149 167 168
f 168 167 148
f 148 170 189
f 173 152 130
f 190 173 130
f 172 171 169
f 267 169 215
f 214 215 150
f 174 190 171
f 174 171 172
f 192 152 173
f 192 175 152
f 194 176 153
f 194 153 178
f 181 179 135
f 180 181 135
f 248 155 154
f 180 198 181
f 198 180 156
f 182 155 248
f 199 183 182
f 156 186 184
f 185 183 199
f 231 187 185
f 158 186 157
f 279 186 158
f 255 159 187
f 144 233 204
f 188 145 206
f 208 188 206
f 163 164 209
f 209 164 166
f 162 208 165
f 148 189 168
f 212 214 150
f 173 190 191
f 216 193 192
f 192 191 216
f 192 173 191
f 174 191 190
f 170 176 218
f 176 194 218
f 222 175 193
f 175 192 193
f 222 195 175
f 195 177 175
f 195 223 225
f 178 196 194
f 225 132 195
f 109 196 178
f 225 154 132
f 196 109 197
f 197 109 179
f 197 179 181
f 227 181 198
f 184 198 156
f 229 182 250
f 229 199 182
f 200 199 229
f 200 185 199
f 186 201 184
f 231 185 200
f 201 186 279
f 231 255 187
f 158 202 279
f 158 232 202
f 204 232 158
f 232 204 281
f 205 203 256
f 234 204 233
f 281 204 234
f 205 160 203
f 206 145 160
f 233 144 161
f 283 236 206
f 208 206 236
f 207 237 163
f 207 163 209
f 210 209 166
f 238 165 208
f 165 238 239
f 211 166 165
f 210 166 211
f 165 239 211
f 189 213 168
f 212 149 168
f 262 214 212
f 172 217 174
f 169 261 172
f 170 218 189
f 220 216 191
f 220 191 174
f 267 261 169
f 244 267 215
f 189 218 245
f 242 193 216
f 242 219 193
f 220 174 217
f 217 172 261
f 219 222 193
f 221 222 219
f 221 223 222
f 225 223 224
f 222 223 195
f 194 196 218
f 225 224 154
f 197 270 196
f 181 247 197
f 226 248 154
f 227 247 181
f 274 182 248
f 228 227 198
f 184 228 198
f 184 201 230
f 184 230 228
f 201 254 230
f 253 231 200
f 201 279 254
f 256 203 159
f 160 283 206
f 161 235 233
f 257 161 237
f 235 161 257
f 236 309 208
f 309 238 208
f 240 207 209
f 240 209 210
f 313 211 239
f 285 211 313
f 285 210 211
f 168 213 212
f 214 262 258
f 213 189 241
f 214 244 215
f 214 258 244
f 212 213 262
f 245 241 189
f 216 264 242
f 220 264 216
f 220 243 264
f 220 217 243
f 217 261 266
f 218 246 245
f 246 218 196
f 246 196 270
f 226 154 224
f 197 247 272
f 226 273 248
f 247 227 249
f 228 249 227
f 273 274 248
f 274 250 182
f 228 230 249
f 249 230 251
f 276 277 229
f 250 276 229
f 200 229 277
f 230 254 251
f 251 254 252
f 254 279 278
f 255 231 253
f 256 159 255
f 306 160 205
f 306 283 160
f 207 257 237
f 312 207 240
f 285 240 210
f 286 262 213
f 259 258 262
f 286 213 241
f 242 263 219
f 219 263 287
f 242 264 263
f 217 266 243
f 290 286 241
f 265 264 243
f 293 258 259
f 245 268 241
f 287 221 219
f 296 223 221
f 296 221 287
f 268 245 271
f 269 268 271
f 246 271 245
f 270 271 246
f 197 272 270
f 247 300 272
f 300 247 275
f 249 275 247
f 249 302 275
f 249 251 302
f 274 361 250
f 302 251 303
f 252 303 251
f 253 200 277
f 340 254 278
f 304 255 253
f 202 280 279
f 278 279 280
f 304 256 255
f 232 280 202
f 324 280 232
f 282 256 304
f 232 281 305
f 282 205 256
f 234 342 281
f 342 234 233
f 235 257 308
f 283 327 236
f 309 236 327
f 309 310 238
f 310 284 238
f 284 239 238
f 239 284 311
f 311 313 239
f 285 312 240
f 264 265 263
f 243 315 265
f 243 332 315
f 243 266 332
f 267 244 288
f 258 293 244
f 289 262 286
f 289 286 290
f 260 290 241
f 268 260 241
f 330 287 263
f 330 263 265
f 316 332 266
f 266 261 316
f 267 288 261
f 288 244 293
f 320 290 260
f 291 316 261
f 291 261 288
f 292 288 293
f 259 262 289
f 259 289 294
f 290 297 289
f 295 260 268
f 287 314 296
f 297 290 320
f 268 269 295
f 271 322 269
f 298 322 271
f 270 298 271
f 296 372 299
f 299 223 296
f 272 298 270
f 299 224 223
f 298 272 300
f 299 226 224
f 360 273 226
f 299 360 226
f 275 301 300
f 339 274 273
f 339 361 274
f 276 250 361
f 253 277 323
f 340 252 254
f 304 253 323
f 278 341 340
f 341 278 280
f 305 324 232
f 325 282 304
f 305 281 342
f 282 306 205
f 342 233 308
f 306 343 283
f 308 233 235
f 343 307 283
f 257 207 344
f 309 327 310
f 344 207 312
f 311 389 313
f 287 330 314
f 265 331 330
f 315 331 265
f 316 369 332
f 288 292 291
f 259 333 293
f 289 338 294
f 289 297 338
f 334 332 369
f 316 317 369
f 317 316 291
f 317 291 292
f 259 294 336
f 260 318 320
f 260 295 318
f 329 296 314
f 335 317 292
f 333 259 336
f 329 372 296
f 353 338 297
f 353 297 356
f 356 297 320
f 319 318 295
f 269 319 295
f 357 318 319
f 269 322 319
f 322 321 319
f 298 358 322
f 321 322 358
f 298 300 358
f 273 360 339
f 275 302 301
f 362 303 252
f 280 324 341
f 282 326 306
f 306 326 343
f 342 308 384
f 283 307 327
f 344 308 257
f 328 310 327
f 310 365 284
f 423 312 366
f 284 388 311
f 388 389 311
f 313 345 285
f 389 345 313
f 285 345 312
f 312 345 366
f 314 330 329
f 367 329 330
f 367 330 331
f 315 346 331
f 293 333 292
f 369 317 335
f 335 292 333
f 335 333 337
f 337 333 336
f 337 336 349
f 318 355 320
f 318 357 355
f 356 320 355
f 373 355 357
f 321 358 374
f 299 415 360
f 358 300 301
f 301 302 359
f 302 362 359
f 303 362 302
f 252 380 362
f 323 403 304
f 305 404 324
f 304 403 325
f 406 282 325
f 364 305 342
f 384 308 344
f 386 307 343
f 307 386 327
f 386 328 327
f 312 423 344
f 284 365 388
f 332 334 315
f 368 367 331
f 368 331 346
f 346 315 334
f 350 369 335
f 350 335 347
f 337 347 335
f 337 348 347
f 337 349 348
f 294 352 336
f 336 352 349
f 338 352 294
f 354 372 329
f 351 347 348
f 434 348 349
f 353 352 338
f 395 356 355
f 357 319 374
f 321 374 319
f 415 299 372
f 358 359 374
f 301 359 358
f 339 360 398
f 376 375 361
f 339 376 361
f 361 375 377
f 362 378 359
f 377 276 361
f 340 363 252
f 363 380 252
f 381 403 323
f 341 363 340
f 404 341 324
f 405 325 403
f 305 382 404
f 364 382 305
f 406 326 282
f 384 364 342
f 326 383 343
f 407 384 344
f 344 423 387
f 345 389 408
f 345 408 366
f 329 367 391
f 391 354 329
f 410 334 394
f 394 334 369
f 347 351 350
f 352 434 349
f 371 369 350
f 371 350 351
f 432 351 348
f 354 370 372
f 356 395 462
f 373 395 355
f 357 374 373
f 395 373 397
f 399 374 359
f 398 360 415
f 362 402 378
f 377 277 276
f 379 323 277
f 379 277 377
f 380 402 362
f 379 381 323
f 406 325 405
f 382 364 471
f 450 364 384
f 385 343 383
f 387 407 344
f 387 423 451
f 424 366 408
f 390 423 366
f 424 390 366
f 389 426 408
f 367 409 391
f 367 368 409
f 346 392 368
f 334 410 346
f 370 354 391
f 391 411 370
f 430 409 368
f 430 368 392
f 392 346 410
f 369 371 394
f 348 433 432
f 393 372 370
f 393 370 411
f 414 372 393
f 352 353 434
f 356 435 353
f 356 462 435
f 415 372 414
f 374 396 373
f 373 396 397
f 396 374 399
f 376 339 398
f 359 378 399
f 416 399 378
f 376 463 375
f 416 378 417
f 375 401 377
f 402 400 378
f 378 400 417
f 401 379 377
f 446 402 380
f 419 381 379
f 363 444 380
f 380 444 446
f 403 381 419
f 341 404 363
f 450 471 364
f 450 384 449
f 519 343 385
f 421 449 384
f 407 421 384
f 519 495 343
f 495 386 343
f 386 495 328
f 387 451 407
f 472 365 310
f 365 422 388
f 388 422 452
f 452 389 388
f 452 425 389
f 425 426 389
f 391 429 411
f 391 409 429
f 412 429 409
f 412 409 430
f 431 430 392
f 431 392 413
f 413 392 410
f 351 534 371
f 351 432 481
f 433 348 434
f 353 435 434
f 397 484 395
f 483 395 484
f 396 438 397
f 396 399 440
f 439 376 398
f 439 463 376
f 418 375 463
f 418 401 375
f 418 442 401
f 419 442 443
f 419 401 442
f 419 379 401
f 402 446 490
f 363 404 444
f 444 404 420
f 405 419 447
f 404 513 420
f 405 403 419
f 382 513 404
f 406 405 448
f 406 383 326
f 449 421 494
f 473 407 451
f 421 407 473
f 328 472 310
f 428 408 426
f 455 424 408
f 455 408 428
f 452 529 425
f 426 427 428
f 425 427 426
f 411 477 456
f 429 477 411
f 457 412 430
f 394 413 410
f 393 411 456
f 459 413 394
f 371 459 394
f 351 481 534
f 459 371 534
f 436 414 393
f 436 437 414
f 414 398 415
f 483 462 395
f 437 398 414
f 397 438 484
f 437 439 398
f 437 460 439
f 438 396 440
f 399 416 440
f 460 463 439
f 441 440 416
f 417 441 416
f 418 463 464
f 442 418 466
f 442 466 443
f 488 417 400
f 402 490 400
f 443 447 419
f 445 447 443
f 445 468 447
f 514 447 468
f 448 447 514
f 447 448 405
f 471 513 382
f 514 469 448
f 448 469 470
f 470 406 448
f 406 470 491
f 406 491 383
f 520 450 449
f 328 496 472
f 451 423 474
f 390 474 423
f 427 425 529
f 424 453 390
f 498 428 427
f 453 424 455
f 390 453 454
f 476 456 477
f 429 500 477
f 500 429 412
f 501 500 412
f 430 431 457
f 413 565 431
f 436 393 456
f 565 413 567
f 567 413 459
f 571 481 432
f 571 432 433
f 458 480 460
f 458 437 436
f 480 479 464
f 458 460 437
f 504 433 434
f 504 434 435
f 464 460 480
f 482 435 462
f 485 484 438
f 464 463 460
f 508 438 440
f 461 418 479
f 479 418 464
f 461 465 418
f 465 466 418
f 441 417 488
f 465 543 466
f 400 467 488
f 467 400 490
f 466 511 443
f 443 511 445
f 420 446 444
f 450 520 471
f 449 494 520
f 494 421 523
f 494 523 522
f 421 473 523
f 556 365 472
f 365 556 422
f 422 557 452
f 452 557 526
f 526 529 452
f 390 454 474
f 561 428 498
f 561 455 428
f 562 453 455
f 562 455 561
f 562 608 453
f 453 608 454
f 458 475 499
f 475 458 476
f 477 475 476
f 457 501 412
f 478 480 499
f 478 479 480
f 499 480 458
f 476 458 436
f 436 456 476
f 535 459 534
f 482 504 435
f 502 461 479
f 483 482 462
f 438 508 485
f 486 461 502
f 441 487 440
f 508 440 487
f 486 465 461
f 441 488 487
f 488 510 487
f 465 486 543
f 510 488 542
f 466 543 511
f 488 467 545
f 467 490 489
f 548 445 511
f 445 550 468
f 550 514 468
f 471 580 513
f 514 515 469
f 517 470 469
f 515 517 469
f 517 491 470
f 520 516 471
f 580 471 516
f 517 492 491
f 491 492 493
f 491 493 383
f 493 385 383
f 385 493 519
f 494 553 520
f 328 495 496
f 525 422 556
f 523 451 497
f 523 473 451
f 474 527 451
f 474 454 527
f 498 427 529
f 530 562 561
f 531 499 475
f 532 475 477
f 500 532 477
f 501 532 500
f 457 431 565
f 478 594 502
f 502 479 478
f 536 534 481
f 536 481 571
f 503 433 504
f 505 504 482
f 483 537 482
f 482 537 505
f 483 484 537
f 485 506 484
f 506 485 507
f 572 506 507
f 507 485 508
f 507 508 541
f 509 508 487
f 538 543 486
f 509 541 508
f 509 487 510
f 542 545 546
f 488 545 542
f 545 467 489
f 490 579 489
f 548 550 445
f 446 512 490
f 579 490 512
f 420 512 446
f 581 514 550
f 514 581 551
f 551 515 514
f 605 515 551
f 515 605 517
f 517 605 492
f 518 492 605
f 518 493 492
f 493 552 519
f 493 518 552
f 552 521 519
f 519 521 495
f 496 495 521
f 521 524 496
f 496 524 555
f 555 472 496
f 555 556 472
f 587 422 525
f 587 557 422
f 527 497 451
f 497 527 528
f 608 527 454
f 529 526 558
f 529 558 559
f 529 559 498
f 561 498 559
f 561 590 530
f 531 564 499
f 592 531 475
f 475 532 592
f 564 478 499
f 501 457 532
f 563 532 457
f 567 533 565
f 459 568 567
f 535 568 459
f 502 594 566
f 535 534 536
f 433 503 571
f 504 505 503
f 600 505 537
f 506 537 484
f 537 572 600
f 572 537 506
f 566 486 502
f 538 566 599
f 538 486 566
f 507 539 572
f 541 539 507
f 538 540 543
f 509 544 541
f 509 510 544
f 542 544 510
f 576 544 542
f 576 542 546
f 543 577 511
f 577 548 511
f 579 547 489
f 547 545 489
f 545 547 546
f 420 549 512
f 549 579 512
f 604 549 420
f 513 604 420
f 581 550 666
f 604 513 580
f 582 580 516
f 648 551 581
f 583 551 648
f 583 605 551
f 605 652 518
f 584 518 652
f 584 552 518
f 584 554 552
f 554 521 552
f 522 553 494
f 584 585 554
f 554 524 521
f 586 524 554
f 524 586 555
f 555 525 556
f 525 607 587
f 587 588 557
f 526 557 588
f 526 588 589
f 589 558 526
f 559 558 560
f 530 627 562
f 559 560 590
f 559 590 561
f 532 593 592
f 563 593 532
f 457 565 563
f 564 594 478
f 563 565 533
f 612 533 567
f 536 569 535
f 535 569 568
f 536 614 569
f 570 536 571
f 503 598 571
f 503 615 598
f 505 615 503
f 600 615 505
f 566 597 599
f 572 539 616
f 538 599 540
f 541 573 539
f 539 573 616
f 540 618 543
f 574 573 541
f 544 574 541
f 576 575 544
f 544 575 574
f 543 618 577
f 643 575 576
f 546 578 576
f 578 643 576
f 578 546 547
f 579 602 547
f 666 550 548
f 648 581 666
f 582 516 649
f 516 520 649
f 653 584 652
f 584 653 623
f 584 623 585
f 522 606 553
f 586 554 585
f 522 718 606
f 586 625 555
f 523 718 522
f 555 607 525
f 497 528 523
f 607 697 587
f 587 697 588
f 562 627 608
f 527 608 626
f 531 591 564
f 531 592 591
f 609 591 610
f 610 591 592
f 563 612 593
f 610 592 593
f 612 563 533
f 567 659 612
f 595 566 594
f 595 597 566
f 596 568 569
f 597 595 634
f 536 570 614
f 571 598 570
f 600 572 601
f 601 572 727
f 572 616 727
f 638 599 683
f 540 599 638
f 618 540 617
f 639 616 573
f 618 620 577
f 644 578 547
f 621 644 547
f 602 621 547
f 577 620 603
f 577 603 548
f 549 602 579
f 647 549 604
f 603 666 548
f 646 666 603
f 582 604 580
f 604 582 668
f 652 605 651
f 520 553 650
f 553 622 650
f 553 606 622
f 623 624 585
f 625 586 585
f 555 673 607
f 523 528 718
f 528 527 626
f 589 699 558
f 699 560 558
f 628 530 590
f 590 675 628
f 591 629 564
f 609 629 591
f 593 631 610
f 593 612 631
f 564 611 594
f 611 595 594
f 595 611 634
f 633 567 568
f 596 633 568
f 569 613 596
f 597 634 635
f 614 613 569
f 637 599 597
f 683 599 637
f 661 598 615
f 600 601 615
f 540 638 617
f 639 573 574
f 617 641 618
f 641 620 618
f 642 574 575
f 643 578 619
f 578 644 619
f 549 645 602
f 549 647 645
f 582 649 668
f 520 650 649
f 583 651 605
f 653 624 623
f 653 670 624
f 624 654 585
f 585 654 655
f 585 655 625
f 673 555 625
f 696 607 673
f 696 697 607
f 560 675 590
f 628 720 530
f 630 611 564
f 564 629 630
f 629 609 656
f 677 610 631
f 658 630 629
f 611 630 632
f 632 630 658
f 567 633 659
f 633 596 613
f 682 597 635
f 637 597 682
f 636 613 614
f 570 661 614
f 661 570 598
f 615 685 661
f 601 685 615
f 684 638 683
f 707 727 616
f 707 616 639
f 686 641 617
f 686 617 638
f 686 640 641
f 640 620 641
f 643 642 575
f 663 644 621
f 665 603 620
f 602 645 621
f 665 646 603
f 667 647 604
f 668 667 604
f 711 648 666
f 711 669 648
f 669 583 648
f 651 583 669
f 651 692 652
f 692 653 652
f 670 653 692
f 694 624 670
f 811 606 718
f 694 654 624
f 654 671 655
f 625 655 673
f 588 697 674
f 701 627 530
f 608 627 626
f 627 700 626
f 627 701 700
f 530 720 701
f 610 676 609
f 676 610 677
f 658 629 656
f 656 609 721
f 721 609 676
f 657 612 659
f 634 611 680
f 659 633 776
f 680 635 634
f 680 611 632
f 613 776 633
f 635 660 682
f 635 680 660
f 706 636 614
f 706 614 661
f 727 685 601
f 708 640 686
f 642 639 574
f 710 640 708
f 662 642 643
f 662 643 619
f 689 620 640
f 689 640 710
f 662 619 664
f 664 619 644
f 664 644 663
f 665 620 689
f 645 732 621
f 621 732 663
f 646 665 690
f 690 666 646
f 691 647 667
f 649 737 668
f 650 737 649
f 669 712 651
f 692 651 712
f 606 811 622
f 672 655 671
f 655 672 673
f 654 694 671
f 673 693 696
f 626 698 528
f 674 746 588
f 746 589 588
f 719 699 589
f 675 702 628
f 721 750 656
f 749 631 657
f 631 612 657
f 656 678 658
f 750 678 656
f 658 679 632
f 658 678 679
f 776 722 659
f 632 681 680
f 681 679 703
f 632 679 681
f 703 679 752
f 752 679 678
f 704 660 680
f 704 681 723
f 680 681 704
f 723 681 703
f 636 777 613
f 682 660 705
f 705 637 682
f 686 638 684
f 755 708 686
f 687 639 642
f 687 642 662
f 732 688 663
f 733 665 689
f 690 711 666
f 713 670 692
f 693 673 672
f 670 769 694
f 695 671 694
f 715 672 671
f 715 671 695
f 694 714 695
f 696 745 697
f 528 768 718
f 698 768 528
f 746 719 589
f 699 794 747
f 747 560 699
f 747 774 560
f 675 560 774
f 701 748 700
f 628 702 720
f 677 721 676
f 751 721 677
f 751 677 631
f 659 722 657
f 776 613 777
f 660 753 705
f 705 725 637
f 725 683 637
f 725 684 683
f 726 684 725
f 685 727 756
f 729 710 708
f 709 662 664
f 663 688 664
f 730 733 689
f 730 689 710
f 645 782 732
f 647 691 645
f 645 691 782
f 690 665 733
f 736 711 690
f 738 691 667
f 668 738 667
f 669 711 736
f 766 692 712
f 670 713 740
f 693 672 716
f 715 716 672
f 693 716 741
f 741 696 693
f 745 696 741
f 695 717 715
f 697 745 674
f 794 699 719
f 793 698 626
f 626 700 793
f 675 774 775
f 702 675 775
f 720 702 815
f 720 815 701
f 839 750 721
f 704 723 724
f 753 660 704
f 724 753 704
f 801 777 636
f 725 705 726
f 706 801 636
f 726 686 684
f 706 661 685
f 755 686 726
f 780 708 755
f 707 639 802
f 687 802 639
f 708 780 729
f 728 687 662
f 709 805 662
f 806 709 664
f 731 664 688
f 730 710 729
f 808 731 688
f 732 808 688
f 733 761 690
f 690 761 736
f 691 734 782
f 736 761 762
f 691 738 734
f 738 735 734
f 737 738 668
f 736 739 669
f 650 829 737
f 669 739 712
f 622 907 650
f 907 829 650
f 766 712 739
f 856 907 622
f 622 811 856
f 713 692 766
f 713 789 740
f 740 769 670
f 718 883 811
f 789 767 740
f 740 767 769
f 769 714 694
f 715 717 742
f 716 715 742
f 716 742 743
f 716 743 741
f 741 743 744
f 741 744 745
f 695 814 717
f 745 746 674
f 748 793 700
f 869 748 701
f 748 837 793
f 701 815 869
f 797 751 631
f 797 631 749
f 751 839 721
f 752 678 799
f 799 678 750
f 724 723 817
f 723 703 817
f 753 818 705
f 754 726 705
f 754 705 818
f 779 755 726
f 756 706 685
f 821 706 756
f 846 756 727
f 707 846 727
f 823 846 707
f 823 707 802
f 804 802 687
f 805 728 662
f 780 781 757
f 757 729 780
f 806 805 709
f 758 759 757
f 759 730 729
f 759 729 757
f 731 806 664
f 759 758 760
f 808 732 809
f 782 809 732
f 760 758 785
f 760 730 759
f 761 733 730
f 760 763 730
f 730 763 761
f 785 763 760
f 763 762 761
f 738 828 735
f 764 736 762
f 763 764 762
f 764 739 736
f 737 828 738
f 763 830 764
f 737 829 828
f 764 830 765
f 764 765 739
f 765 766 739
f 810 766 765
f 810 832 766
f 713 766 832
f 832 788 713
f 788 789 713
f 768 883 718
f 789 813 767
f 743 742 770
f 743 770 744
f 770 771 744
f 767 790 769
f 769 790 714
f 714 790 695
f 814 791 717
f 717 772 742
f 791 772 717
f 742 772 859
f 742 859 770
f 771 792 744
f 744 792 745
f 745 792 746
f 792 773 746
f 773 719 746
f 796 747 794
f 796 774 747
f 748 869 795
f 748 795 837
f 722 749 657
f 799 750 839
f 776 840 722
f 816 703 752
f 753 778 818
f 753 724 778
f 754 779 726
f 755 822 780
f 687 728 804
f 781 758 757
f 807 785 758
f 783 809 782
f 734 783 782
f 784 783 734
f 735 784 734
f 827 763 785
f 763 827 786
f 763 786 830
f 787 765 830
f 787 810 765
f 860 789 788
f 860 813 789
f 770 859 930
f 930 771 770
f 772 791 859
f 813 863 767
f 790 835 695
f 695 835 814
f 836 768 698
f 773 794 719
f 866 836 793
f 793 836 698
f 837 866 793
f 774 870 775
f 775 870 871
f 775 871 702
f 798 749 722
f 722 840 798
f 776 777 840
f 816 752 841
f 841 752 799
f 816 817 703
f 777 801 800
f 778 724 819
f 819 724 817
f 822 755 779
f 822 781 780
f 728 805 804
f 803 781 822
f 825 804 805
f 803 758 781
f 803 807 758
f 826 731 808
f 826 808 853
f 853 808 809
f 786 855 830
f 830 831 787
f 810 787 857
f 832 810 857
f 771 812 792
f 790 767 863
f 790 863 865
f 790 865 835
f 835 834 814
f 885 768 836
f 891 774 796
f 891 870 774
f 871 815 702
f 894 797 749
f 894 749 798
f 778 874 818
f 819 874 778
f 818 844 820
f 820 754 818
f 801 921 800
f 820 779 754
f 801 845 921
f 820 822 779
f 845 801 706
f 821 845 706
f 824 823 802
f 804 847 802
f 802 847 824
f 847 804 825
f 849 825 805
f 803 848 807
f 849 805 806
f 850 806 731
f 850 731 826
f 826 853 852
f 851 785 807
f 783 853 809
f 904 785 851
f 830 855 882
f 882 831 830
f 787 831 857
f 857 788 832
f 860 788 857
f 860 861 813
f 859 791 833
f 833 884 859
f 768 885 883
f 863 813 861
f 814 834 791
f 812 864 792
f 885 836 937
f 864 773 792
f 867 937 836
f 866 867 836
f 888 986 794
f 794 986 796
f 868 891 796
f 838 839 751
f 751 797 838
f 893 839 838
f 916 797 894
f 843 798 840
f 799 842 841
f 842 799 839
f 842 839 893
f 843 840 777
f 895 816 841
f 895 841 842
f 817 873 819
f 817 945 873
f 817 816 945
f 874 819 873
f 777 800 872
f 844 818 874
f 875 820 844
f 820 898 822
f 756 1031 821
f 877 803 822
f 877 822 898
f 824 846 823
f 878 846 824
f 877 848 803
f 847 825 849
f 850 849 806
f 851 807 848
f 850 826 852
f 854 853 783
f 905 783 784
f 854 783 905
f 904 827 785
f 905 784 926
f 926 784 735
f 926 735 828
f 906 786 827
f 855 786 906
f 859 931 930
f 812 771 932
f 860 857 858
f 861 860 886
f 791 914 833
f 791 834 862
f 861 889 863
f 890 835 865
f 834 835 890
f 863 889 865
f 834 890 887
f 864 888 773
f 773 888 794
f 986 868 796
f 795 960 837
f 837 960 866
f 871 915 815
f 915 892 815
f 815 892 869
f 797 916 838
f 895 945 816
f 843 777 872
f 897 875 844
f 872 800 921
f 898 820 875
f 821 876 845
f 1031 756 899
f 846 899 756
f 878 899 846
f 824 924 878
f 847 924 824
f 947 878 924
f 924 847 901
f 901 847 849
f 879 851 848
f 852 880 850
f 852 853 902
f 905 952 854
f 827 904 1009
f 926 828 881
f 881 828 829
f 827 1009 906
f 882 855 929
f 856 928 907
f 811 928 856
f 831 882 909
f 831 909 857
f 909 858 857
f 930 908 771
f 771 908 932
f 859 884 931
f 886 860 858
f 936 864 812
f 791 862 914
f 834 887 862
f 939 888 864
f 887 890 913
f 889 911 865
f 866 960 941
f 869 892 795
f 870 962 871
f 871 962 915
f 838 943 893
f 943 838 916
f 894 798 918
f 798 843 918
f 919 844 874
f 873 919 874
f 873 997 919
f 897 844 919
f 897 896 920
f 920 875 897
f 922 898 875
f 921 845 876
f 1031 876 821
f 898 923 877
f 900 899 878
f 923 848 877
f 848 923 879
f 849 850 880
f 903 851 879
f 854 925 853
f 902 853 925
f 903 904 851
f 952 925 854
f 954 926 881
f 855 906 929
f 935 909 882
f 981 884 958
f 931 884 981
f 932 934 812
f 909 935 938
f 909 910 858
f 910 886 858
f 936 812 934
f 909 938 910
f 942 861 886
f 862 940 914
f 862 887 940
f 867 866 959
f 942 889 861
f 890 865 911
f 887 913 940
f 866 941 959
f 911 1057 890
f 913 912 940
f 918 916 894
f 893 963 842
f 918 964 916
f 995 895 842
f 945 966 873
f 873 966 997
f 896 897 919
f 922 875 920
f 921 876 1000
f 923 898 922
f 901 849 880
f 973 852 902
f 905 927 952
f 903 1009 904
f 927 951 952
f 905 926 953
f 953 927 905
f 954 953 926
f 956 954 881
f 829 956 881
f 1009 1045 906
f 956 829 907
f 928 956 907
f 811 883 928
f 929 935 882
f 930 931 908
f 885 933 883
f 958 884 833
f 1051 936 934
f 937 933 885
f 938 935 1022
f 959 937 867
f 937 959 983
f 942 886 910
f 940 984 914
f 939 985 888
f 991 889 942
f 890 1057 913
f 940 988 984
f 985 986 888
f 892 960 795
f 913 1123 992
f 913 1057 1123
f 913 992 912
f 891 961 870
f 870 1027 962
f 961 1027 870
f 915 989 892
f 991 911 889
f 916 964 943
f 893 943 917
f 893 917 963
f 917 943 964
f 995 842 963
f 843 944 918
f 945 895 1030
f 1030 895 995
f 966 945 965
f 944 843 872
f 919 998 896
f 997 998 919
f 921 967 872
f 896 999 920
f 946 923 922
f 946 922 920
f 878 947 900
f 900 947 1032
f 948 947 924
f 901 950 924
f 1034 1005 923
f 1005 879 923
f 949 924 950
f 971 901 880
f 852 972 880
f 973 972 852
f 903 879 1005
f 925 952 951
f 927 975 951
f 1010 927 953
f 975 927 1010
f 954 1010 953
f 956 955 954
f 955 1010 954
f 906 1045 1143
f 977 955 956
f 929 906 1143
f 955 977 978
f 977 956 928
f 957 979 928
f 928 979 977
f 883 957 928
f 931 981 1016
f 931 1015 908
f 1015 932 908
f 933 957 883
f 957 933 980
f 1020 958 833
f 939 864 936
f 937 983 933
f 1025 938 1022
f 910 938 1025
f 914 1020 833
f 984 1020 914
f 1023 960 892
f 942 910 990
f 912 988 940
f 962 989 915
f 892 989 1023
f 942 990 991
f 992 988 912
f 1030 965 945
f 944 872 1062
f 967 1062 872
f 996 999 896
f 996 896 998
f 1001 946 920
f 1001 920 999
f 1031 1000 876
f 968 1031 899
f 968 899 900
f 1032 947 1033
f 948 1033 947
f 946 1034 923
f 924 949 948
f 948 949 1002
f 969 1002 949
f 950 1004 949
f 970 969 949
f 970 949 1004
f 971 950 901
f 971 1004 950
f 972 971 880
f 925 973 902
f 951 973 925
f 951 972 973
f 972 975 1008
f 951 975 972
f 974 1009 903
f 975 1010 1043
f 955 1011 976
f 1011 955 978
f 978 1012 1011
f 978 977 979
f 935 929 1013
f 978 980 1018
f 978 979 980
f 978 1018 1012
f 1016 1015 931
f 957 980 979
f 981 958 1201
f 1015 934 932
f 982 980 933
f 980 982 1018
f 983 982 933
f 959 1021 983
f 987 910 1025
f 988 1026 984
f 960 1023 941
f 1087 868 986
f 891 868 1055
f 961 891 1055
f 1027 989 962
f 910 987 990
f 991 1058 911
f 917 1028 963
f 1028 917 993
f 993 917 964
f 1028 995 963
f 1215 965 1030
f 921 1000 967
f 999 1064 1001
f 1034 946 1001
f 948 1002 1033
f 969 1035 1002
f 1003 1035 969
f 970 1003 969
f 1006 970 1004
f 1037 1003 970
f 1037 970 1006
f 1006 1004 971
f 971 1008 1006
f 972 1008 971
f 1106 903 1005
f 1037 1006 1007
f 1007 1006 1008
f 1008 1042 1007
f 1042 1008 975
f 1043 1042 975
f 955 976 1010
f 1043 1010 976
f 1143 1013 929
f 1012 1018 1014
f 1022 935 1013
f 981 1201 1016
f 1015 1016 1111
f 1111 1017 1015
f 1015 1017 934
f 1019 958 1020
f 958 1019 1201
f 1017 1051 934
f 982 1084 1018
f 982 983 1084
f 1052 1020 984
f 983 1021 1053
f 1024 1025 1022
f 984 1026 1054
f 1052 984 1054
f 985 1087 986
f 1055 868 1087
f 961 1089 1027
f 1057 911 1058
f 988 992 1121
f 988 1121 1026
f 990 987 1092
f 990 1092 991
f 991 1092 1058
f 992 1123 1124
f 964 994 993
f 1059 1028 993
f 1029 994 964
f 918 1029 964
f 918 944 1029
f 1162 995 1028
f 1215 1030 995
f 944 1062 1061
f 966 965 1095
f 1095 965 1215
f 998 1063 996
f 998 997 1063
f 1063 997 1128
f 1128 997 966
f 1128 966 1095
f 1064 999 996
f 1129 1001 1064
f 968 1066 1031
f 1001 1099 1034
f 1002 1069 1033
f 1035 1069 1002
f 1034 1102 1005
f 1003 1036 1035
f 1102 1070 1005
f 1037 1036 1003
f 1038 1073 1036
f 1038 1036 1037
f 1038 1037 1039
f 1040 1038 1039
f 1007 1039 1037
f 1106 1136 903
f 1041 1040 1039
f 1007 1042 1039
f 1041 1039 1042
f 1136 974 903
f 1044 1040 1041
f 1044 1076 1040
f 1043 1041 1042
f 1046 1041 1043
f 1046 1044 1041
f 1076 1044 1047
f 1047 1044 1046
f 1048 1046 1043
f 1048 1043 976
f 1047 1046 1048
f 1048 976 1011
f 1047 1049 1080
f 1049 1048 1012
f 1049 1047 1048
f 1012 1048 1011
f 1014 1049 1012
f 1082 1049 1014
f 1201 1111 1016
f 1111 1083 1017
f 1147 1014 1018
f 1114 936 1051
f 1018 1084 1147
f 1050 1022 1013
f 1114 1086 936
f 936 1086 939
f 983 1053 1084
f 1024 1022 1050
f 959 941 1021
f 1024 1085 1025
f 1186 989 1027
f 1025 1056 987
f 1085 1056 1025
f 1026 1088 1054
f 1056 1091 987
f 992 1124 1121
f 1091 1092 987
f 1058 1126 1057
f 1057 1126 1123
f 1058 1092 1126
f 1059 1127 1028
f 994 1093 993
f 993 1093 1059
f 1029 1094 994
f 994 1094 1093
f 1162 1028 1127
f 1127 1059 1093
f 1214 1215 995
f 1029 1061 1060
f 1029 944 1061
f 1192 1062 967
f 1064 1063 1065
f 1064 996 1063
f 1192 967 1000
f 1098 1000 1031
f 1066 1098 1031
f 1099 1001 1129
f 968 900 1100
f 1032 1100 900
f 1067 1100 1032
f 1033 1067 1032
f 1069 1067 1033
f 1069 1068 1067
f 1103 1068 1069
f 1103 1069 1035
f 1071 1103 1035
f 1036 1071 1035
f 1104 1103 1071
f 1036 1073 1071
f 1072 1071 1073
f 1005 1070 1106
f 1072 1073 1074
f 1075 1072 1074
f 1040 1074 1038
f 1074 1073 1038
f 1075 1074 1077
f 1076 1074 1040
f 1077 1074 1076
f 974 1136 1138
f 1138 1009 974
f 1138 1045 1009
f 1078 1077 1076
f 1078 1076 1080
f 1080 1076 1047
f 1079 1078 1080
f 1049 1079 1080
f 1081 1079 1049
f 1082 1081 1049
f 1019 1229 1201
f 1017 1113 1051
f 1083 1113 1017
f 1014 1147 1146
f 1051 1113 1114
f 1084 1149 1115
f 1147 1084 1115
f 1052 1019 1020
f 1053 1149 1084
f 1116 1024 1050
f 1053 1021 1152
f 1116 1085 1024
f 1118 1052 1054
f 1118 1054 1151
f 1023 1119 941
f 1151 1054 1120
f 989 1186 1183
f 1023 989 1183
f 1054 1088 1120
f 1055 1087 1185
f 1185 961 1055
f 1089 1090 1027
f 1158 1124 1123
f 1092 1091 1125
f 1092 1125 1126
f 1190 1094 1060
f 1094 1029 1060
f 1062 1096 1061
f 1096 1062 1192
f 1064 1065 1129
f 1098 1097 1000
f 1131 1066 968
f 1132 1131 1100
f 1100 1131 968
f 1099 1102 1034
f 1067 1101 1100
f 1068 1101 1067
f 1071 1134 1104
f 1105 1071 1072
f 1105 1134 1071
f 1075 1105 1072
f 1105 1107 1134
f 1077 1108 1075
f 1075 1108 1105
f 1108 1107 1105
f 1108 1139 1107
f 1078 1108 1077
f 1139 1108 1078
f 1045 1141 1143
f 1045 1138 1141
f 1109 1139 1078
f 1079 1109 1078
f 1081 1109 1079
f 1110 1109 1081
f 1082 1110 1081
f 1014 1112 1082
f 1112 1110 1082
f 1146 1112 1014
f 1019 1230 1229
f 1118 1019 1052
f 1230 1019 1118
f 1117 1154 1116
f 1114 1180 1086
f 1053 1152 1178
f 1149 1053 1178
f 1154 1085 1116
f 1153 939 1086
f 939 1153 985
f 941 1152 1021
f 941 1119 1152
f 1153 1087 985
f 1023 1183 1119
f 1154 1056 1085
f 1185 1089 961
f 1090 1208 1027
f 1027 1208 1186
f 1154 1156 1056
f 1026 1121 1088
f 1056 1156 1091
f 1091 1156 1122
f 1124 1159 1121
f 1125 1091 1122
f 1123 1126 1158
f 1158 1188 1124
f 1162 1214 995
f 1163 1093 1094
f 1163 1094 1190
f 1096 1060 1061
f 1165 1065 1128
f 1065 1063 1128
f 1192 1000 1097
f 1165 1129 1065
f 1066 1240 1098
f 1130 1099 1129
f 1131 1240 1066
f 1220 1101 1167
f 1068 1167 1101
f 1167 1068 1103
f 1103 1133 1167
f 1104 1133 1103
f 1221 1106 1070
f 1134 1168 1104
f 1134 1135 1168
f 1135 1134 1107
f 1136 1106 1195
f 1195 1170 1136
f 1137 1135 1107
f 1139 1137 1107
f 1171 1137 1139
f 1139 1140 1171
f 1109 1140 1139
f 1142 1140 1109
f 1109 1110 1142
f 1144 1013 1143
f 1145 1174 1142
f 1110 1145 1142
f 1144 1050 1013
f 1112 1145 1110
f 1146 1176 1145
f 1146 1145 1112
f 1083 1175 1113
f 1114 1113 1148
f 1147 1176 1146
f 1117 1116 1202
f 1116 1144 1202
f 1144 1116 1050
f 1147 1115 1177
f 1115 1149 1204
f 1150 1154 1117
f 1114 1148 1180
f 1086 1180 1153
f 1181 1151 1120
f 1153 1185 1087
f 1185 1155 1089
f 1089 1236 1090
f 1155 1236 1089
f 1184 1156 1154
f 1088 1121 1120
f 1184 1210 1156
f 1121 1159 1120
f 1156 1210 1157
f 1157 1122 1156
f 1159 1188 1211
f 1124 1188 1159
f 1122 1157 1160
f 1125 1122 1160
f 1125 1160 1161
f 1125 1161 1126
f 1162 1127 1250
f 1189 1127 1093
f 1163 1189 1093
f 1191 1060 1096
f 1165 1128 1164
f 1165 1193 1129
f 1193 1130 1129
f 1240 1131 1132
f 1100 1166 1132
f 1101 1166 1100
f 1099 1130 1102
f 1220 1166 1101
f 1133 1222 1167
f 1133 1194 1222
f 1168 1133 1104
f 1168 1194 1133
f 1195 1106 1221
f 1135 1169 1168
f 1137 1169 1135
f 1171 1169 1137
f 1136 1170 1138
f 1224 1138 1170
f 1140 1173 1171
f 1224 1141 1138
f 1142 1173 1140
f 1172 1141 1224
f 1172 1143 1141
f 1142 1174 1173
f 1172 1144 1143
f 1227 1083 1111
f 1176 1200 1174
f 1145 1176 1174
f 1201 1227 1111
f 1201 1262 1227
f 1227 1175 1083
f 1175 1148 1113
f 1246 1148 1175
f 1177 1176 1147
f 1265 1117 1202
f 1150 1117 1265
f 1204 1177 1115
f 1178 1204 1149
f 1118 1151 1230
f 1230 1151 1179
f 1232 1180 1148
f 1150 1234 1184
f 1150 1184 1154
f 1206 1181 1182
f 1151 1181 1179
f 1179 1181 1206
f 1180 1205 1153
f 1120 1182 1181
f 1187 1210 1184
f 1120 1159 1182
f 1237 1160 1157
f 1126 1188 1158
f 1211 1188 1161
f 1160 1212 1161
f 1126 1161 1188
f 1250 1214 1162
f 1250 1127 1238
f 1189 1238 1127
f 1163 1190 1189
f 1060 1191 1190
f 1164 1128 1301
f 1301 1128 1095
f 1097 1098 1240
f 1102 1130 1219
f 1219 1070 1102
f 1242 1195 1221
f 1168 1196 1194
f 1169 1196 1168
f 1169 1197 1196
f 1171 1197 1169
f 1197 1171 1198
f 1257 1224 1170
f 1198 1171 1225
f 1172 1224 1258
f 1199 1225 1173
f 1225 1171 1173
f 1172 1258 1260
f 1174 1199 1173
f 1199 1174 1200
f 1176 1228 1200
f 1229 1262 1201
f 1175 1294 1246
f 1177 1228 1176
f 1246 1203 1148
f 1228 1177 1266
f 1177 1204 1266
f 1203 1232 1148
f 1232 1205 1180
f 1152 1233 1178
f 1207 1206 1182
f 1119 1235 1152
f 1233 1152 1235
f 1153 1205 1185
f 1183 1235 1119
f 1090 1236 1208
f 1234 1187 1184
f 1155 1209 1236
f 1159 1207 1182
f 1270 1207 1159
f 1249 1237 1210
f 1210 1237 1157
f 1212 1160 1237
f 1213 1211 1161
f 1159 1211 1270
f 1212 1213 1161
f 1215 1214 1217
f 1216 1189 1190
f 1190 1191 1216
f 1217 1095 1215
f 1251 1164 1301
f 1239 1096 1192
f 1097 1218 1192
f 1282 1165 1164
f 1282 1164 1251
f 1282 1193 1165
f 1130 1193 1252
f 1252 1193 1241
f 1241 1193 1282
f 1130 1252 1253
f 1219 1130 1253
f 1220 1167 1222
f 1070 1219 1221
f 1222 1194 1289
f 1194 1223 1289
f 1223 1194 1196
f 1170 1195 1244
f 1198 1307 1197
f 1225 1307 1198
f 1199 1259 1225
f 1199 1226 1259
f 1226 1199 1200
f 1260 1144 1172
f 1175 1227 1294
f 1246 1294 1333
f 1144 1245 1202
f 1202 1245 1265
f 1230 1293 1229
f 1179 1231 1230
f 1179 1206 1231
f 1204 1178 1267
f 1203 1247 1232
f 1247 1205 1232
f 1247 1298 1205
f 1235 1183 1272
f 1185 1298 1155
f 1236 1271 1208
f 1208 1272 1186
f 1186 1272 1183
f 1210 1187 1249
f 1318 1270 1211
f 1319 1212 1237
f 1319 1213 1212
f 1189 1216 1238
f 1095 1217 1301
f 1096 1239 1191
f 1192 1218 1239
f 1283 1097 1240
f 1285 1240 1132
f 1286 1253 1252
f 1166 1287 1132
f 1220 1287 1166
f 1289 1220 1222
f 1256 1289 1223
f 1256 1223 1196
f 1243 1256 1196
f 1243 1196 1307
f 1307 1196 1197
f 1244 1257 1170
f 1330 1307 1225
f 1224 1257 1308
f 1308 1258 1224
f 1292 1225 1259
f 1226 1200 1261
f 1227 1332 1294
f 1261 1200 1264
f 1200 1228 1264
f 1203 1246 1263
f 1264 1228 1266
f 1293 1230 1231
f 1265 1311 1150
f 1204 1267 1266
f 1266 1267 1296
f 1150 1311 1234
f 1178 1233 1267
f 1207 1269 1206
f 1313 1233 1235
f 1155 1298 1209
f 1209 1248 1236
f 1274 1270 1318
f 1275 1319 1237
f 1319 1276 1213
f 1213 1318 1211
f 1250 1238 1277
f 1277 1238 1216
f 1277 1216 1322
f 1278 1301 1217
f 1240 1325 1283
f 1325 1240 1285
f 1219 1253 1288
f 1220 1289 1287
f 1254 1219 1288
f 1254 1242 1221
f 1254 1221 1219
f 1289 1256 1255
f 1291 1242 1254
f 1291 1195 1242
f 1258 1295 1260
f 1295 1144 1260
f 1295 1245 1144
f 1229 1293 1262
f 1263 1246 1333
f 1231 1334 1293
f 1247 1203 1310
f 1266 1296 1336
f 1206 1269 1312
f 1313 1235 1268
f 1267 1233 1313
f 1205 1298 1185
f 1271 1272 1208
f 1235 1272 1268
f 1234 1273 1187
f 1236 1248 1271
f 1270 1274 1297
f 1250 1300 1214
f 1217 1214 1300
f 1278 1217 1345
f 1191 1279 1216
f 1280 1279 1191
f 1280 1191 1239
f 1251 1281 1282
f 1218 1097 1283
f 1326 1282 1281
f 1284 1283 1325
f 1252 1241 1286
f 1287 1367 1132
f 1253 1286 1288
f 1286 1327 1288
f 1290 1287 1289
f 1328 1254 1288
f 1255 1290 1289
f 1328 1291 1254
f 1243 1373 1256
f 1351 1195 1291
f 1351 1244 1195
f 1258 1308 1352
f 1259 1226 1331
f 1258 1352 1295
f 1309 1263 1333
f 1266 1336 1264
f 1334 1231 1335
f 1310 1203 1263
f 1231 1206 1312
f 1312 1269 1403
f 1403 1269 1338
f 1339 1247 1310
f 1296 1267 1313
f 1339 1298 1247
f 1297 1269 1207
f 1338 1269 1297
f 1273 1234 1378
f 1270 1297 1207
f 1271 1314 1272
f 1314 1268 1272
f 1271 1248 1314
f 1273 1299 1187
f 1187 1299 1249
f 1299 1316 1249
f 1316 1343 1249
f 1343 1237 1249
f 1343 1275 1237
f 1318 1213 1276
f 1250 1320 1300
f 1277 1320 1250
f 1345 1217 1300
f 1322 1321 1277
f 1216 1279 1322
f 1278 1302 1301
f 1346 1345 1300
f 1388 1302 1278
f 1364 1279 1280
f 1251 1301 1303
f 1218 1365 1239
f 1251 1303 1281
f 1303 1301 1302
f 1218 1283 1365
f 1281 1304 1326
f 1282 1326 1241
f 1132 1367 1285
f 1286 1241 1305
f 1305 1241 1326
f 1288 1327 1306
f 1286 1305 1327
f 1288 1306 1328
f 1373 1255 1256
f 1395 1243 1307
f 1307 1330 1395
f 1257 1244 1329
f 1308 1257 1329
f 1225 1292 1330
f 1292 1259 1331
f 1226 1261 1331
f 1355 1332 1262
f 1332 1227 1262
f 1245 1295 1354
f 1334 1355 1293
f 1262 1293 1355
f 1333 1294 1332
f 1245 1311 1265
f 1231 1312 1335
f 1342 1338 1297
f 1339 1340 1298
f 1313 1268 1361
f 1340 1341 1298
f 1209 1384 1248
f 1315 1384 1209
f 1385 1343 1316
f 1344 1319 1275
f 1276 1319 1317
f 1346 1300 1320
f 1323 1320 1277
f 1323 1277 1321
f 1304 1281 1303
f 1304 1303 1366
f 1284 1325 1324
f 1285 1367 1325
f 1326 1347 1305
f 1287 1348 1367
f 1287 1290 1370
f 1349 1306 1327
f 1370 1290 1255
f 1373 1394 1255
f 1291 1328 1371
f 1371 1351 1291
f 1395 1373 1243
f 1351 1329 1244
f 1261 1264 1358
f 1336 1358 1264
f 1379 1336 1296
f 1359 1339 1310
f 1296 1313 1360
f 1311 1378 1234
f 1342 1337 1338
f 1339 1359 1340
f 1268 1314 1361
f 1273 1378 1383
f 1298 1341 1209
f 1209 1341 1315
f 1342 1297 1274
f 1410 1299 1273
f 1410 1385 1299
f 1316 1299 1385
f 1318 1362 1274
f 1317 1386 1276
f 1318 1276 1386
f 1343 1344 1275
f 1344 1317 1319
f 1346 1389 1345
f 1323 1346 1320
f 1278 1345 1388
f 1458 1346 1323
f 1411 1279 1364
f 1303 1390 1366
f 1414 1365 1283
f 1414 1283 1284
f 1347 1368 1305
f 1305 1369 1327
f 1369 1305 1368
f 1348 1287 1370
f 1327 1369 1349
f 1328 1306 1350
f 1350 1306 1349
f 1328 1350 1371
f 1308 1329 1352
f 1331 1374 1292
f 1331 1400 1374
f 1352 1353 1354
f 1354 1295 1352
f 1331 1261 1400
f 1376 1355 1334
f 1332 1356 1333
f 1309 1333 1356
f 1376 1334 1335
f 1309 1357 1263
f 1354 1311 1245
f 1263 1404 1310
f 1357 1404 1263
f 1359 1310 1404
f 1312 1401 1335
f 1312 1403 1401
f 1336 1379 1358
f 1296 1360 1379
f 1359 1432 1340
f 1340 1432 1380
f 1340 1380 1341
f 1341 1380 1315
f 1274 1477 1342
f 1315 1380 1381
f 1381 1384 1315
f 1248 1384 1408
f 1248 1408 1314
f 1314 1408 1409
f 1314 1409 1361
f 1410 1273 1383
f 1385 1486 1343
f 1486 1344 1343
f 1363 1317 1344
f 1323 1412 1458
f 1323 1321 1412
f 1322 1387 1321
f 1279 1387 1322
f 1387 1279 1411
f 1389 1346 1458
f 1280 1239 1365
f 1303 1302 1390
f 1416 1414 1284
f 1324 1416 1284
f 1367 1324 1325
f 1304 1366 1326
f 1347 1326 1366
f 1369 1368 1393
f 1369 1393 1349
f 1349 1393 1350
f 1371 1350 1420
f 1420 1350 1393
f 1372 1351 1371
f 1329 1351 1422
f 1352 1329 1396
f 1353 1448 1354
f 1375 1355 1376
f 1355 1375 1332
f 1332 1375 1356
f 1335 1401 1376
f 1356 1377 1309
f 1309 1377 1357
f 1261 1358 1400
f 1354 1402 1311
f 1404 1405 1359
f 1402 1378 1311
f 1342 1477 1337
f 1405 1432 1359
f 1382 1360 1313
f 1407 1360 1382
f 1313 1361 1382
f 1274 1362 1477
f 1456 1385 1410
f 1386 1362 1318
f 1457 1412 1321
f 1487 1364 1280
f 1365 1437 1280
f 1280 1437 1487
f 1413 1388 1345
f 1390 1302 1415
f 1415 1302 1388
f 1367 1417 1324
f 1417 1416 1324
f 1366 1390 1391
f 1367 1439 1417
f 1348 1439 1367
f 1366 1392 1347
f 1370 1439 1348
f 1347 1392 1368
f 1491 1439 1370
f 1440 1368 1392
f 1462 1370 1255
f 1255 1394 1462
f 1441 1420 1393
f 1420 1467 1371
f 1371 1467 1372
f 1422 1351 1372
f 1395 1330 1421
f 1421 1330 1292
f 1421 1292 1374
f 1423 1396 1329
f 1422 1423 1329
f 1375 1429 1356
f 1429 1397 1356
f 1397 1428 1356
f 1401 1430 1376
f 1503 1430 1401
f 1375 1376 1430
f 1356 1428 1377
f 1428 1399 1377
f 1354 1448 1402
f 1399 1357 1377
f 1357 1399 1404
f 1399 1452 1404
f 1451 1404 1452
f 1400 1358 1406
f 1378 1402 1431
f 1478 1337 1477
f 1383 1378 1431
f 1406 1358 1379
f 1432 1434 1380
f 1407 1406 1360
f 1379 1360 1406
f 1381 1380 1453
f 1382 1361 1409
f 1381 1454 1384
f 1408 1384 1454
f 1433 1410 1383
f 1486 1363 1344
f 1457 1321 1387
f 1510 1387 1411
f 1459 1411 1364
f 1389 1458 1436
f 1389 1413 1345
f 1414 1437 1365
f 1413 1415 1388
f 1415 1391 1390
f 1438 1416 1417
f 1391 1460 1366
f 1366 1460 1392
f 1462 1491 1370
f 1418 1440 1392
f 1460 1418 1392
f 1419 1393 1368
f 1419 1368 1440
f 1419 1441 1393
f 1395 1394 1373
f 1372 1442 1422
f 1423 1497 1396
f 1424 1396 1497
f 1352 1396 1424
f 1352 1424 1353
f 1425 1444 1374
f 1400 1425 1374
f 1353 1424 1448
f 1430 1429 1375
f 1429 1426 1397
f 1397 1426 1427
f 1397 1427 1428
f 1398 1399 1428
f 1399 1398 1474
f 1474 1452 1399
f 1403 1503 1401
f 1406 1425 1400
f 1451 1405 1404
f 1406 1476 1425
f 1479 1432 1405
f 1431 1433 1383
f 1434 1453 1380
f 1453 1480 1381
f 1454 1381 1480
f 1409 1455 1382
f 1455 1407 1382
f 1482 1408 1454
f 1409 1408 1482
f 1433 1435 1410
f 1456 1410 1435
f 1456 1486 1385
f 1363 1509 1317
f 1386 1317 1530
f 1317 1509 1530
f 1387 1510 1457
f 1411 1459 1510
f 1459 1364 1487
f 1389 1436 1413
f 1511 1437 1416
f 1416 1437 1414
f 1413 1488 1415
f 1537 1415 1488
f 1416 1438 1512
f 1537 1391 1415
f 1439 1438 1417
f 1460 1391 1537
f 1418 1460 1489
f 1440 1464 1419
f 1463 1441 1419
f 1463 1419 1464
f 1466 1462 1394
f 1467 1420 1463
f 1420 1441 1463
f 1395 1466 1394
f 1495 1372 1467
f 1469 1442 1372
f 1469 1372 1495
f 1374 1443 1421
f 1443 1374 1444
f 1445 1424 1497
f 1475 1444 1425
f 1427 1426 1473
f 1427 1398 1428
f 1472 1430 1524
f 1429 1430 1472
f 1429 1472 1426
f 1447 1398 1446
f 1398 1447 1474
f 1476 1475 1425
f 1448 1500 1402
f 1430 1503 1524
f 1474 1449 1452
f 1431 1402 1450
f 1431 1450 1525
f 1337 1503 1403
f 1403 1338 1337
f 1451 1479 1405
f 1406 1481 1476
f 1525 1433 1431
f 1432 1505 1434
f 1526 1434 1505
f 1526 1453 1434
f 1483 1481 1406
f 1407 1483 1406
f 1455 1483 1407
f 1455 1409 1482
f 1456 1435 1529
f 1484 1477 1362
f 1386 1485 1362
f 1485 1484 1362
f 1487 1437 1511
f 1416 1512 1511
f 1438 1439 1515
f 1515 1439 1461
f 1461 1439 1491
f 1440 1418 1514
f 1464 1440 1490
f 1491 1462 1465
f 1465 1462 1466
f 1492 1467 1463
f 1468 1466 1395
f 1468 1395 1421
f 1443 1468 1421
f 1518 1442 1469
f 1422 1442 1496
f 1442 1518 1496
f 1423 1422 1496
f 1443 1444 1519
f 1496 1470 1423
f 1423 1470 1497
f 1471 1427 1498
f 1398 1471 1446
f 1427 1471 1398
f 1500 1424 1445
f 1472 1473 1426
f 1473 1498 1427
f 1550 1474 1447
f 1424 1500 1448
f 1524 1618 1472
f 1500 1450 1402
f 1481 1502 1476
f 1433 1525 1504
f 1432 1479 1505
f 1480 1482 1454
f 1435 1433 1504
f 1435 1504 1529
f 1506 1455 1482
f 1508 1456 1529
f 1508 1486 1456
f 1457 1532 1412
f 1510 1532 1457
f 1533 1459 1487
f 1533 1487 1511
f 1488 1413 1436
f 1512 1438 1513
f 1489 1460 1537
f 1489 1537 1629
f 1514 1418 1489
f 1440 1538 1490
f 1514 1538 1440
f 1516 1461 1491
f 1540 1463 1464
f 1490 1540 1464
f 1468 1493 1466
f 1517 1495 1492
f 1495 1467 1492
f 1494 1495 1517
f 1494 1469 1495
f 1519 1468 1443
f 1494 1518 1469
f 1518 1520 1496
f 1520 1470 1496
f 1444 1499 1519
f 1470 1520 1521
f 1470 1521 1497
f 1497 1521 1445
f 1475 1499 1444
f 1522 1500 1445
f 1618 1577 1472
f 1498 1473 1577
f 1473 1472 1577
f 1550 1449 1474
f 1476 1499 1475
f 1476 1502 1499
f 1450 1501 1525
f 1500 1501 1450
f 1452 1449 1451
f 1449 1479 1451
f 1501 1504 1525
f 1503 1337 1478
f 1481 1528 1502
f 1453 1625 1480
f 1507 1528 1481
f 1480 1554 1482
f 1554 1506 1482
f 1483 1507 1481
f 1507 1455 1506
f 1455 1507 1483
f 1386 1530 1556
f 1386 1556 1485
f 1485 1556 1484
f 1508 1531 1486
f 1486 1531 1363
f 1363 1531 1509
f 1436 1458 1412
f 1559 1510 1459
f 1559 1459 1533
f 1511 1512 1535
f 1513 1536 1512
f 1515 1513 1438
f 1516 1515 1461
f 1544 1516 1491
f 1539 1463 1540
f 1465 1544 1491
f 1517 1492 1539
f 1539 1492 1463
f 1466 1493 1465
f 1465 1493 1544
f 1493 1545 1544
f 1468 1545 1493
f 1494 1547 1518
f 1471 1570 1546
f 1471 1546 1571
f 1471 1571 1447
f 1574 1468 1519
f 1547 1520 1518
f 1498 1573 1570
f 1498 1570 1471
f 1551 1447 1571
f 1447 1446 1471
f 1520 1549 1521
f 1498 1577 1573
f 1551 1550 1447
f 1445 1521 1522
f 1522 1523 1500
f 1501 1500 1523
f 1552 1576 1499
f 1502 1552 1499
f 1528 1580 1502
f 1502 1580 1552
f 1477 1627 1478
f 1453 1526 1625
f 1625 1582 1480
f 1506 1554 1527
f 1506 1527 1507
f 1527 1528 1507
f 1529 1504 1555
f 1557 1530 1509
f 1584 1509 1531
f 1510 1559 1532
f 1585 1436 1412
f 1532 1585 1412
f 1558 1532 1559
f 1559 1533 1586
f 1511 1535 1533
f 1533 1535 1534
f 1512 1536 1535
f 1536 1513 1561
f 1515 1542 1513
f 1515 1543 1542
f 1541 1513 1542
f 1543 1515 1565
f 1516 1565 1515
f 1564 1517 1539
f 1565 1516 1544
f 1598 1517 1596
f 1596 1517 1564
f 1598 1494 1517
f 1574 1545 1468
f 1569 1547 1494
f 1610 1520 1547
f 1548 1551 1571
f 1519 1576 1574
f 1575 1520 1610
f 1575 1549 1520
f 1578 1521 1549
f 1499 1576 1519
f 1575 1616 1549
f 1549 1616 1578
f 1522 1521 1578
f 1522 1578 1620
f 1620 1523 1522
f 1656 1501 1523
f 1622 1479 1449
f 1657 1524 1503
f 1622 1553 1479
f 1504 1501 1581
f 1553 1505 1479
f 1477 1484 1627
f 1582 1554 1480
f 1528 1527 1580
f 1581 1555 1504
f 1508 1529 1583
f 1530 1557 1556
f 1583 1531 1508
f 1532 1558 1585
f 1533 1534 1586
f 1628 1488 1436
f 1588 1534 1535
f 1536 1588 1535
f 1561 1588 1536
f 1561 1560 1588
f 1489 1632 1514
f 1629 1632 1489
f 1513 1541 1561
f 1561 1541 1562
f 1538 1638 1490
f 1538 1591 1638
f 1591 1538 1514
f 1541 1566 1562
f 1539 1540 1563
f 1563 1564 1539
f 1543 1568 1542
f 1567 1541 1542
f 1566 1541 1567
f 1567 1542 1568
f 1605 1567 1568
f 1568 1543 1565
f 1568 1565 1572
f 1544 1572 1565
f 1544 1545 1572
f 1598 1569 1494
f 1570 1606 1546
f 1606 1603 1546
f 1545 1613 1572
f 1610 1547 1569
f 1545 1574 1613
f 1570 1573 1614
f 1548 1617 1551
f 1576 1654 1574
f 1550 1551 1617
f 1617 1579 1550
f 1552 1619 1576
f 1620 1621 1523
f 1523 1621 1656
f 1550 1579 1449
f 1622 1449 1579
f 1580 1623 1552
f 1626 1623 1580
f 1627 1484 1683
f 1627 1624 1478
f 1478 1657 1503
f 1505 1553 1526
f 1661 1625 1526
f 1582 1626 1554
f 1554 1626 1527
f 1580 1527 1626
f 1581 1658 1555
f 1484 1726 1683
f 1484 1556 1726
f 1556 1557 1726
f 1628 1436 1665
f 1665 1436 1585
f 1534 1587 1586
f 1534 1588 1587
f 1488 1629 1537
f 1664 1488 1628
f 1589 1587 1588
f 1560 1589 1588
f 1589 1560 1667
f 1634 1632 1629
f 1560 1590 1667
f 1590 1560 1561
f 1562 1590 1561
f 1633 1591 1514
f 1633 1514 1632
f 1590 1592 1593
f 1592 1590 1562
f 1592 1562 1566
f 1563 1637 1670
f 1563 1638 1637
f 1638 1563 1540
f 1638 1540 1490
f 1592 1566 1595
f 1564 1670 1639
f 1670 1564 1563
f 1639 1596 1564
f 1592 1594 1593
f 1595 1594 1592
f 1597 1595 1566
f 1596 1639 1672
f 1640 1593 1594
f 1594 1595 1599
f 1602 1595 1597
f 1599 1595 1602
f 1567 1597 1566
f 1672 1598 1596
f 1605 1597 1567
f 1643 1598 1672
f 1594 1601 1600
f 1601 1594 1599
f 1601 1599 1604
f 1604 1599 1611
f 1608 1599 1602
f 1611 1599 1608
f 1608 1602 1644
f 1609 1597 1605
f 1602 1597 1609
f 1643 1569 1598
f 1603 1600 1601
f 1607 1601 1604
f 1603 1601 1607
f 1644 1602 1609
f 1605 1568 1612
f 1612 1568 1572
f 1694 1606 1570
f 1546 1603 1607
f 1546 1607 1571
f 1607 1604 1611
f 1647 1609 1605
f 1647 1605 1612
f 1643 1610 1569
f 1570 1614 1694
f 1607 1548 1571
f 1607 1648 1548
f 1607 1611 1648
f 1572 1613 1612
f 1615 1610 1643
f 1574 1653 1613
f 1613 1653 1651
f 1653 1574 1654
f 1615 1575 1610
f 1615 1616 1575
f 1573 1577 1675
f 1576 1619 1654
f 1679 1578 1616
f 1578 1679 1620
f 1524 1657 1618
f 1552 1623 1619
f 1501 1656 1581
f 1659 1553 1622
f 1657 1478 1624
f 1553 1661 1526
f 1660 1626 1625
f 1582 1625 1626
f 1682 1555 1658
f 1555 1682 1529
f 1682 1583 1529
f 1703 1728 1557
f 1557 1509 1703
f 1583 1663 1531
f 1584 1663 1685
f 1584 1531 1663
f 1559 1666 1558
f 1586 1666 1559
f 1488 1664 1629
f 1666 1586 1630
f 1630 1586 1587
f 1589 1631 1587
f 1631 1630 1587
f 1629 1664 1634
f 1667 1631 1589
f 1635 1667 1590
f 1668 1669 1638
f 1668 1638 1591
f 1636 1591 1633
f 1593 1635 1590
f 1671 1635 1593
f 1593 1640 1671
f 1640 1642 1641
f 1642 1640 1600
f 1594 1600 1640
f 1645 1643 1672
f 1603 1642 1600
f 1694 1642 1606
f 1606 1642 1603
f 1609 1647 1644
f 1644 1649 1608
f 1608 1649 1646
f 1645 1615 1643
f 1608 1646 1611
f 1646 1648 1611
f 1650 1644 1647
f 1651 1612 1613
f 1651 1647 1612
f 1548 1648 1617
f 1652 1648 1646
f 1617 1648 1652
f 1650 1649 1644
f 1646 1649 1650
f 1650 1647 1676
f 1676 1647 1651
f 1573 1675 1614
f 1676 1651 1678
f 1617 1652 1579
f 1678 1651 1653
f 1697 1679 1616
f 1577 1618 1655
f 1678 1653 1654
f 1623 1681 1678
f 1623 1678 1654
f 1623 1654 1619
f 1620 1679 1621
f 1579 1659 1622
f 1656 1699 1581
f 1699 1658 1581
f 1659 1661 1553
f 1677 1661 1659
f 1660 1681 1623
f 1624 1627 1698
f 1624 1698 1657
f 1661 1662 1625
f 1660 1625 1662
f 1660 1623 1626
f 1684 1583 1682
f 1728 1726 1557
f 1684 1663 1583
f 1704 1628 1665
f 1705 1665 1585
f 1705 1585 1686
f 1686 1585 1558
f 1686 1558 1666
f 1666 1630 1706
f 1631 1708 1630
f 1708 1706 1630
f 1764 1664 1628
f 1632 1634 1633
f 1631 1687 1708
f 1667 1687 1631
f 1591 1636 1668
f 1635 1710 1667
f 1669 1637 1638
f 1669 1668 1688
f 1688 1668 1636
f 1635 1692 1710
f 1671 1692 1635
f 1691 1672 1639
f 1639 1670 1691
f 1671 1673 1692
f 1640 1673 1671
f 1672 1691 1714
f 1693 1673 1641
f 1673 1640 1641
f 1645 1672 1714
f 1694 1674 1642
f 1642 1674 1641
f 1645 1695 1615
f 1614 1675 1716
f 1646 1676 1680
f 1650 1676 1646
f 1696 1616 1615
f 1646 1680 1652
f 1680 1579 1652
f 1695 1696 1615
f 1675 1577 1655
f 1696 1697 1616
f 1677 1680 1676
f 1618 1657 1655
f 1579 1680 1659
f 1677 1676 1678
f 1677 1678 1681
f 1718 1740 1679
f 1740 1621 1679
f 1621 1699 1656
f 1720 1699 1621
f 1698 1655 1657
f 1659 1680 1677
f 1658 1699 1700
f 1627 1683 1698
f 1662 1677 1681
f 1660 1662 1681
f 1661 1677 1662
f 1700 1682 1658
f 1684 1682 1724
f 1724 1701 1684
f 1684 1685 1663
f 1685 1703 1584
f 1509 1584 1703
f 1707 1634 1664
f 1664 1764 1707
f 1628 1704 1764
f 1704 1665 1705
f 1634 1689 1633
f 1633 1689 1636
f 1634 1731 1689
f 1634 1707 1731
f 1710 1687 1667
f 1670 1637 1690
f 1637 1669 1690
f 1690 1691 1670
f 1674 1736 1641
f 1641 1736 1693
f 1645 1715 1695
f 1716 1694 1614
f 1695 1717 1696
f 1675 1655 1757
f 1696 1718 1697
f 1718 1679 1697
f 1740 1720 1621
f 1655 1698 1722
f 1721 1698 1683
f 1700 1724 1682
f 1701 1702 1684
f 1683 1726 1725
f 1727 1685 1702
f 1726 1728 1763
f 1684 1702 1685
f 1689 1732 1636
f 1689 1709 1732
f 1731 1709 1689
f 1669 1688 1690
f 1688 1711 1690
f 1636 1732 1688
f 1688 1732 1711
f 1731 1707 1745
f 1687 1710 1807
f 1692 1807 1710
f 1712 1690 1711
f 1690 1713 1691
f 1807 1692 1673
f 1691 1713 1714
f 1749 1673 1693
f 1714 1715 1645
f 1716 1674 1694
f 1717 1695 1715
f 1757 1716 1675
f 1696 1717 1718
f 1717 1719 1718
f 1722 1757 1655
f 1719 1740 1718
f 1720 1740 1741
f 1721 1722 1698
f 1741 1699 1720
f 1741 1723 1699
f 1700 1699 1723
f 1721 1683 1725
f 1725 1726 1785
f 1703 1685 1727
f 1703 1744 1728
f 1705 1729 1704
f 1686 1729 1705
f 1666 1789 1686
f 1764 1704 1729
f 1729 1686 1789
f 1745 1707 1764
f 1706 1708 1791
f 1708 1687 1791
f 1733 1732 1709
f 1731 1746 1709
f 1711 1733 1712
f 1732 1733 1711
f 1733 1709 1746
f 1746 1731 1747
f 1747 1731 1745
f 1690 1712 1713
f 1712 1734 1713
f 1734 1712 1748
f 1765 1733 1746
f 1748 1712 1735
f 1735 1712 1733
f 1734 1714 1713
f 1749 1807 1673
f 1753 1714 1734
f 1674 1752 1736
f 1716 1752 1674
f 1714 1737 1715
f 1737 1714 1753
f 1715 1737 1717
f 1757 1776 1756
f 1757 1756 1716
f 1738 1717 1737
f 1719 1717 1738
f 1739 1740 1719
f 1758 1721 1725
f 1739 1759 1742
f 1739 1742 1740
f 1740 1742 1741
f 1742 1723 1741
f 1724 1760 1701
f 1701 1762 1702
f 1702 1762 1743
f 1727 1744 1703
f 1726 1763 1785
f 1702 1743 1727
f 1728 1744 1763
f 1706 1730 1666
f 1666 1730 1789
f 1747 1766 1746
f 1791 1687 1807
f 1735 1733 1765
f 1765 1746 1792
f 1792 1746 1766
f 1748 1751 1734
f 1751 1748 1735
f 1751 1735 1767
f 1735 1765 1767
f 1750 1734 1751
f 1750 1753 1734
f 1752 1693 1736
f 1750 1751 1771
f 1771 1751 1769
f 1769 1751 1767
f 1755 1753 1750
f 1755 1750 1771
f 1716 1756 1752
f 1754 1753 1755
f 1737 1753 1754
f 1738 1737 1754
f 1774 1738 1754
f 1780 1738 1774
f 1757 1722 1758
f 1719 1738 1739
f 1738 1780 1739
f 1721 1758 1722
f 1780 1759 1739
f 1742 1759 1723
f 1759 1760 1723
f 1723 1760 1700
f 1700 1760 1724
f 1760 1761 1701
f 1787 1701 1761
f 1701 1787 1762
f 1804 1743 1762
f 1743 1804 1788
f 1743 1788 1727
f 1744 1727 1788
f 1744 1788 1763
f 1729 1790 1764
f 1790 1745 1764
f 1806 1747 1745
f 1806 1745 1790
f 1808 1766 1747
f 1808 1747 1806
f 1792 1766 1808
f 1768 1767 1765
f 1693 1820 1749
f 1768 1765 1792
f 1767 1768 1769
f 1772 1771 1769
f 1772 1769 1770
f 1794 1769 1768
f 1794 1770 1769
f 1771 1754 1755
f 1771 1775 1754
f 1775 1771 1772
f 1775 1772 1773
f 1773 1772 1770
f 1770 1794 1773
f 1796 1756 1776
f 1774 1754 1775
f 1777 1775 1773
f 1778 1774 1775
f 1778 1775 1779
f 1779 1775 1777
f 1778 1780 1774
f 1780 1778 1781
f 1781 1778 1779
f 1784 1779 1777
f 1781 1779 1784
f 1777 1799 1784
f 1801 1725 1824
f 1757 1758 1800
f 1782 1780 1781
f 1782 1781 1783
f 1783 1781 1784
f 1725 1785 1811
f 1725 1801 1758
f 1759 1780 1782
f 1759 1782 1760
f 1760 1782 1783
f 1760 1783 1761
f 1786 1787 1761
f 1786 1761 1783
f 1784 1786 1783
f 1803 1804 1787
f 1803 1787 1786
f 1762 1787 1804
f 1763 1812 1785
f 1790 1729 1828
f 1828 1729 1805
f 1805 1729 1789
f 1789 1730 1791
f 1791 1730 1706
f 1792 1817 1793
f 1792 1793 1768
f 1752 1820 1693
f 1794 1768 1793
f 1756 1796 1752
f 1795 1773 1794
f 1795 1797 1773
f 1798 1773 1797
f 1796 1776 1838
f 1773 1798 1777
f 1798 1799 1777
f 1798 1797 1810
f 1776 1757 1800
f 1798 1810 1799
f 1824 1725 1811
f 1801 1800 1758
f 1802 1784 1799
f 1799 1826 1802
f 1785 1812 1811
f 1802 1786 1784
f 1802 1826 1803
f 1786 1802 1803
f 1788 1804 1815
f 1788 1815 1763
f 1790 1828 1831
f 1829 1789 1791
f 1831 1806 1790
f 1817 1792 1808
f 1817 1819 1793
f 1818 1807 1749
f 1820 1818 1749
f 1793 1819 1809
f 1835 1809 1819
f 1793 1809 1794
f 1809 1795 1794
f 1795 1809 1821
f 1809 1835 1821
f 1796 1836 1752
f 1822 1795 1821
f 1795 1822 1797
f 1822 1810 1797
f 1838 1776 1800
f 1824 1823 1801
f 1801 1823 1800
f 1826 1799 1810
f 1826 1814 1803
f 1827 1804 1814
f 1827 1840 1813
f 1827 1813 1815
f 1763 1813 1812
f 1814 1804 1803
f 1804 1827 1815
f 1763 1815 1813
f 1789 1841 1805
f 1789 1829 1841
f 1841 1828 1805
f 1791 1816 1829
f 1807 1816 1791
f 1817 1808 1806
f 1831 1817 1806
f 1807 1832 1816
f 1818 1832 1807
f 1818 1820 1834
f 1836 1820 1752
f 1796 1838 1848
f 1839 1810 1822
f 1839 1825 1810
f 1812 1813 1811
f 1825 1826 1810
f 1825 1839 1840
f 1827 1825 1840
f 1814 1826 1825
f 1814 1825 1827
f 1830 1817 1831
f 1831 1828 1842
f 1842 1828 1841
f 1830 1831 1842
f 1843 1841 1829
f 1843 1829 1816
f 1817 1830 1819
f 1830 1833 1819
f 1833 1835 1819
f 1834 1832 1818
f 1836 1834 1820
f 1837 1821 1835
f 1848 1834 1836
f 1796 1848 1836
f 1839 1822 1837
f 1837 1822 1821
f 1823 1849 1838
f 1800 1823 1838
f 1839 1847 1840
f 1823 1824 1849
f 1813 1840 1852
f 1813 1852 1811
f 1842 1846 1830
f 1842 1841 1843
f 1830 1846 1833
f 1832 1843 1816
f 1842 1843 1853
f 1833 1846 1844
f 1853 1846 1842
f 1853 1843 1854
f 1833 1844 1835
f 1854 1843 1832
f 1834 1854 1832
f 1848 1854 1834
f 1845 1837 1844
f 1844 1837 1835
f 1847 1845 1844
f 1844 1846 1847
f 1847 1839 1845
f 1845 1839 1837
f 1847 1846 1855
f 1838 1849 1848
f 1847 1855 1850
f 1852 1847 1850
f 1852 1840 1847
f 1852 1850 1811
f 1811 1850 1851
f 1811 1851 1824
f 1824 1851 1849
f 1856 1853 1854
f 1853 1855 1846
f 1855 1853 1856
f 1848 1856 1854
f 1856 1848 1849
f 1850 1855 1856
f 1850 1856 1851
f 1851 1856 1849
# 3708 faces, 0 coords texture

# End of File
