####
#
# OBJ File Generated by Meshlab
#
####
# Object PBL3.obj
#
# Vertices: 1510
# Faces: 3016
#
####
v 28461.650391 15170.695312 13748.524414
v 28441.576172 15330.190430 13764.137695
v 28516.380859 15279.552734 13744.822266
v 28595.394531 15309.964844 13743.998047
v 28706.955078 15362.043945 13767.418945
v 28607.357422 15377.019531 13748.921875
v 28691.615234 15379.612305 13756.813477
v 28534.066406 15400.735352 13760.122070
v 28698.992188 15429.398438 13762.832031
v 28674.388672 15483.084961 13766.108398
v 28340.402344 15060.280273 13800.602539
v 28394.666016 15240.889648 13768.969727
v 28425.900391 15077.075195 13782.895508
v 28358.224609 15172.172852 13780.031250
v 28584.615234 15228.148438 13755.584961
v 28772.087891 15322.131836 13822.233398
v 28679.566406 15279.884766 13784.126953
v 28561.400391 15491.504883 13786.432617
v 28529.671875 15212.472656 13744.151367
v 28778.376953 15461.609375 13791.122070
v 28791.369141 15522.175781 13798.190430
v 28842.689453 15609.058594 13822.676758
v 28648.511719 15561.225586 13793.084961
v 28774.939453 15580.866211 13801.551758
v 28727.228516 15593.332031 13798.838867
v 28395.458984 14903.336914 13850.938477
v 28457.830078 14894.620117 13852.870117
v 28370.429688 15011.141602 13809.219727
v 28288.283203 14956.159180 13861.432617
v 28550.582031 15129.952148 13788.537109
v 28433.396484 15428.926758 13799.076172
v 28875.832031 15475.125000 13840.693359
v 28395.957031 15483.251953 13850.050781
v 28891.941406 15549.264648 13839.604492
v 28763.201172 15706.554688 13843.335938
v 28831.892578 15689.152344 13834.991211
v 28776.583984 15734.319336 13857.783203
v 28918.564453 15806.562500 13864.289062
v 28440.283203 14650.222656 13943.619141
v 28472.183594 14757.156250 13897.191406
v 28390.015625 14820.890625 13881.988281
v 28339.890625 14922.853516 13853.699219
v 28478.238281 15030.271484 13807.810547
v 28259.800781 15137.861328 13841.720703
v 28693.097656 15160.519531 13844.994141
v 28796.578125 15219.762695 13883.788086
v 28257.511719 15209.607422 13845.000000
v 28853.439453 15192.503906 13935.570312
v 28950.193359 15357.002930 13928.118164
v 28347.503906 15397.623047 13829.337891
v 28925.714844 15433.516602 13881.878906
v 28925.771484 15628.199219 13848.189453
v 28563.576172 15593.896484 13840.482422
v 28638.130859 15638.708984 13838.458008
v 28901.392578 15693.767578 13843.482422
v 28651.880859 15720.493164 13888.315430
v 28268.121094 14896.917969 13898.047852
v 28286.675781 15074.055664 13827.885742
v 28536.097656 15013.921875 13829.634766
v 28615.902344 15041.422852 13854.991211
v 28703.257812 15041.484375 13902.717773
v 28117.089844 15106.903320 13944.745117
v 28180.558594 15239.626953 13906.455078
v 28318.761719 15308.688477 13817.613281
v 29064.468750 15438.359375 13963.005859
v 28999.240234 15608.647461 13881.275391
v 28990.888672 15883.205078 13903.815430
v 28863.556641 15796.769531 13863.109375
v 28586.082031 14530.666992 14007.893555
v 28420.767578 14609.161133 13969.782227
v 28498.369141 14538.119141 14004.472656
v 28536.935547 14634.405273 13949.526367
v 28337.996094 14769.940430 13919.590820
v 28514.660156 14829.326172 13881.556641
v 28561.064453 14750.555664 13918.240234
v 28630.847656 14717.067383 13955.482422
v 28685.076172 14936.984375 13927.967773
v 28586.089844 14886.719727 13890.205078
v 28180.632812 14972.607422 13922.976562
v 28160.177734 15172.168945 13912.829102
v 28192.166016 15307.387695 13914.625977
v 28347.751953 15565.397461 13933.598633
v 29034.697266 15577.583008 13903.543945
v 29064.917969 15521.280273 13934.282227
v 28458.970703 15587.105469 13885.267578
v 28513.179688 15707.209961 13935.591797
v 29006.009766 15739.351562 13883.556641
v 28644.972656 15782.964844 13935.104492
v 28765.179688 15823.036133 13916.937500
v 29001.609375 15822.616211 13891.820312
v 29100.117188 15872.609375 13937.423828
v 28733.496094 15897.777344 13988.835938
v 29044.355469 15928.423828 13924.390625
v 28880.687500 15924.915039 13945.911133
v 28957.509766 15911.091797 13918.499023
v 28635.386719 14648.909180 13982.169922
v 28273.953125 14794.134766 13938.187500
v 28759.423828 14960.200195 13967.892578
v 28128.261719 15027.625000 13944.724609
v 28826.060547 15084.033203 13967.079102
v 28244.953125 15393.022461 13903.844727
v 28275.162109 15490.583984 13938.784180
v 29110.453125 16007.015625 13976.854492
v 29012.224609 15995.682617 13964.460938
v 28404.113281 14533.909180 14030.348633
v 28661.574219 14528.550781 14044.539062
v 28298.474609 14613.955078 14016.134766
v 28687.917969 14608.916016 14030.949219
v 28693.716797 14719.916992 13995.335938
v 28169.984375 14872.800781 13960.927734
v 28069.632812 15278.953125 14008.761719
v 29190.890625 15501.223633 14017.422852
v 29228.195312 15771.386719 13995.450195
v 29150.691406 15730.802734 13952.809570
v 28567.115234 15779.439453 13972.092773
v 29147.710938 15819.770508 13954.728516
v 28958.824219 16013.748047 14000.885742
v 29051.945312 16039.753906 14002.189453
v 28581.576172 14481.751953 14031.064453
v 28508.250000 14432.692383 14078.689453
v 28623.365234 14473.459961 14053.752930
v 28306.220703 14551.508789 14054.825195
v 28360.232422 14599.972656 13996.108398
v 28237.494141 14691.168945 14001.729492
v 28153.007812 14764.236328 14009.933594
v 28749.242188 14869.987305 13989.172852
v 28019.068359 15041.958984 14018.219727
v 28856.466797 15028.361328 14013.703125
v 29026.757812 15258.401367 14033.365234
v 29038.673828 15358.614258 13984.758789
v 29214.591797 15590.365234 14009.521484
v 29283.910156 15620.599609 14051.125977
v 28275.244141 15580.558594 14004.572266
v 29198.011719 15695.872070 13981.728516
v 28400.976562 15697.867188 14008.971680
v 29330.236328 15738.277344 14065.243164
v 28498.074219 15764.875000 14003.972656
v 29253.791016 15856.759766 14014.915039
v 28663.583984 15915.504883 14045.303711
v 28792.119141 15960.558594 14022.492188
v 29198.669922 15924.999023 13992.195312
v 29310.595703 15933.527344 14055.496094
v 28991.177734 16071.330078 14057.993164
v 29204.197266 15973.906250 14007.585938
v 29214.083984 16047.477539 14054.423828
v 28203.183594 14610.697266 14064.737305
v 28804.345703 14609.360352 14127.683594
v 28078.947266 14891.625977 14005.599609
v 28784.089844 14757.798828 14053.171875
v 28059.322266 14953.310547 14003.966797
v 28077.705078 15217.089844 13983.947266
v 28090.521484 15172.098633 13966.522461
v 29349.716797 15631.643555 14090.619141
v 29331.519531 15857.672852 14062.695312
v 28890.875000 16047.288086 14073.569336
v 29079.902344 16094.505859 14093.456055
v 29299.244141 15988.500977 14061.696289
v 29124.179688 16045.121094 14013.824219
v 29252.751953 16027.710938 14057.447266
v 29305.199219 16076.093750 14118.793945
v 28607.296875 14414.394531 14101.820312
v 28712.570312 14445.962891 14136.773438
v 28330.992188 14448.857422 14122.441406
v 28123.781250 14707.843750 14053.064453
v 28030.990234 14768.315430 14076.488281
v 27982.302734 14879.585938 14075.344727
v 28981.791016 15136.070312 14065.046875
v 27954.968750 15229.441406 14093.034180
v 28133.544922 15431.095703 14023.050781
v 28188.089844 15514.353516 14027.482422
v 29256.107422 15528.640625 14056.700195
v 29421.427734 15732.340820 14124.361328
v 28532.191406 15863.847656 14091.195312
v 29420.244141 15819.634766 14119.349609
v 29444.898438 15936.528320 14135.807617
v 28972.119141 16095.243164 14095.546875
v 29398.851562 15987.595703 14114.371094
v 29340.216797 16026.056641 14098.181641
v 29127.658203 16074.175781 14061.976562
v 28565.042969 14376.673828 14138.868164
v 28185.546875 14530.891602 14120.777344
v 28752.847656 14547.206055 14105.577148
v 27922.876953 14846.868164 14130.782227
v 27893.714844 14915.661133 14138.954102
v 27968.136719 14942.833984 14072.745117
v 28898.107422 14954.260742 14078.617188
v 28982.753906 15038.879883 14117.228516
v 27956.634766 15300.116211 14117.306641
v 29154.193359 15410.534180 14031.831055
v 29292.148438 15497.791992 14095.782227
v 29382.839844 15481.723633 14172.752930
v 29378.134766 15565.651367 14131.057617
v 28307.091797 15669.178711 14062.457031
v 29508.351562 15825.653320 14181.926758
v 28696.662109 15960.785156 14079.299805
v 29399.832031 16073.915039 14155.599609
v 28425.474609 14390.478516 14146.284180
v 28607.156250 14323.436523 14201.783203
v 28179.025391 14450.573242 14186.421875
v 27984.255859 14786.309570 14103.293945
v 28943.197266 14733.187500 14213.132812
v 28908.931641 14811.923828 14144.775391
v 27923.136719 15009.408203 14101.637695
v 27944.464844 15096.783203 14080.923828
v 28023.003906 15356.425781 14082.382812
v 29296.394531 15428.270508 14136.505859
v 28149.591797 15546.608398 14087.348633
v 29483.121094 15682.017578 14173.752930
v 29525.839844 15732.937500 14205.893555
v 28398.435547 15787.322266 14119.083984
v 29490.259766 15880.659180 14165.200195
v 29461.421875 15985.834961 14151.436523
v 29228.914062 16109.387695 14151.945312
v 29331.980469 16100.232422 14162.645508
v 28493.417969 14361.924805 14164.647461
v 28697.353516 14394.246094 14169.591797
v 28099.558594 14489.453125 14196.422852
v 28088.984375 14590.628906 14135.884766
v 28010.759766 14662.142578 14144.616211
v 27941.949219 14734.288086 14158.998047
v 27835.080078 14980.370117 14181.223633
v 27838.306641 15072.577148 14171.984375
v 28049.273438 15442.089844 14108.646484
v 28214.257812 15650.969727 14135.272461
v 28445.457031 15860.854492 14180.570312
v 28843.460938 16067.779297 14145.960938
v 29092.417969 16117.753906 14157.449219
v 29231.097656 16127.537109 14203.689453
v 29454.867188 16029.411133 14155.839844
v 28282.046875 14396.666992 14190.300781
v 28805.746094 14452.197266 14232.880859
v 27928.681641 14635.102539 14213.383789
v 27835.857422 14871.524414 14200.654297
v 27854.750000 15129.143555 14160.013672
v 29080.025391 15138.315430 14152.558594
v 29129.103516 15204.872070 14154.805664
v 27831.660156 15203.568359 14202.894531
v 29145.197266 15296.817383 14101.949219
v 29267.564453 15345.699219 14169.533203
v 27915.707031 15379.520508 14203.192383
v 29439.177734 15541.195312 14194.300781
v 28670.199219 15994.775391 14168.737305
v 29013.208984 16127.156250 14206.014648
v 29494.085938 16041.986328 14201.580078
v 29367.148438 16117.297852 14240.871094
v 29412.382812 16097.294922 14212.463867
v 28548.462891 14303.398438 14231.172852
v 28381.798828 14358.290039 14198.683594
v 28090.894531 14445.732422 14244.167969
v 28005.947266 14566.904297 14198.451172
v 27893.558594 14585.820312 14270.482422
v 27832.517578 14740.154297 14245.939453
v 27764.423828 14816.203125 14280.690430
v 27771.501953 14924.998047 14246.744141
v 27763.921875 15144.843750 14256.900391
v 28095.509766 15552.627930 14156.368164
v 29477.191406 15509.540039 14247.635742
v 29555.207031 15680.069336 14259.340820
v 28335.121094 15799.050781 14212.976562
v 28629.492188 16014.277344 14256.712891
v 28907.947266 16099.428711 14163.311523
v 28323.654297 14335.183594 14258.191406
v 28618.458984 14286.036133 14256.992188
v 28178.607422 14410.225586 14227.312500
v 28661.392578 14342.604492 14201.159180
v 28789.285156 14375.953125 14285.781250
v 27984.705078 14518.420898 14252.614258
v 27871.197266 14665.017578 14244.872070
v 27733.597656 14740.891602 14333.287109
v 27748.279297 14988.559570 14260.220703
v 27706.324219 15032.049805 14303.181641
v 28973.250000 14933.741211 14157.089844
v 27751.828125 15207.222656 14293.055664
v 29254.457031 15282.151367 14209.066406
v 28028.433594 15487.454102 14167.877930
v 28074.417969 15591.458008 14232.666992
v 29590.318359 15787.761719 14274.280273
v 29593.578125 15897.241211 14261.914062
v 29554.927734 15956.411133 14221.652344
v 28847.048828 16123.226562 14328.646484
v 29517.517578 16079.157227 14279.228516
v 29175.300781 16144.351562 14249.536133
v 29454.474609 16116.356445 14328.643555
v 28466.671875 14296.604492 14261.879883
v 28209.060547 14361.622070 14281.771484
v 28098.029297 14413.222656 14283.724609
v 27936.322266 14477.236328 14338.199219
v 27796.238281 14665.612305 14310.267578
v 29070.083984 14957.743164 14244.808594
v 29084.365234 15080.536133 14192.185547
v 27668.386719 15091.931641 14358.207031
v 29278.730469 15218.537109 14290.109375
v 29396.552734 15406.502930 14232.435547
v 27858.044922 15310.216797 14220.554688
v 27907.832031 15446.498047 14273.664062
v 29591.314453 15649.284180 14323.510742
v 28125.605469 15702.059570 14326.369141
v 28232.033203 15731.898438 14236.268555
v 28556.482422 15933.672852 14174.439453
v 28580.884766 15968.755859 14214.382812
v 28680.791016 16062.294922 14310.591797
v 29573.785156 16046.129883 14304.472656
v 29038.789062 16139.035156 14280.617188
v 29274.693359 16137.154297 14304.242188
v 28538.429688 14249.130859 14316.770508
v 28365.832031 14274.632812 14340.100586
v 28315.292969 14302.887695 14311.859375
v 28113.044922 14374.452148 14335.208984
v 28733.097656 14312.256836 14298.765625
v 28967.617188 14634.623047 14287.129883
v 27702.550781 14873.238281 14325.785156
v 27675.810547 15151.871094 14369.338867
v 29163.902344 15072.694336 14278.406250
v 29442.888672 15377.816406 14310.306641
v 29495.003906 15427.923828 14337.171875
v 27908.462891 15508.115234 14340.038086
v 29647.068359 15662.532227 14413.499023
v 28331.693359 15865.458008 14329.520508
v 29622.492188 15929.819336 14306.289062
v 29160.570312 16146.444336 14286.614258
v 28281.867188 14250.378906 14431.162109
v 28170.746094 14305.923828 14412.663086
v 28681.277344 14233.667969 14363.108398
v 28001.134766 14398.065430 14401.442383
v 27943.378906 14452.963867 14366.618164
v 27911.792969 14520.410156 14313.469727
v 28870.128906 14540.391602 14236.201172
v 27761.152344 14629.078125 14370.601562
v 27724.443359 14695.737305 14364.800781
v 29058.306641 14726.292969 14338.765625
v 29150.757812 14890.757812 14364.032227
v 27666.416016 14953.153320 14350.091797
v 29237.505859 15148.176758 14304.142578
v 29391.242188 15253.122070 14389.857422
v 27836.464844 15394.666992 14314.774414
v 29561.623047 15518.431641 14370.402344
v 29623.345703 15750.810547 14329.176758
v 29659.060547 15852.238281 14357.049805
v 29669.949219 15926.815430 14383.945312
v 28779.166016 16107.595703 14324.352539
v 28712.011719 16095.065430 14371.875977
v 29384.316406 16124.728516 14361.068359
v 29508.994141 16105.888672 14361.939453
v 29072.664062 16141.901367 14388.240234
v 28611.765625 14211.756836 14367.203125
v 28469.664062 14223.023438 14394.322266
v 28061.970703 14327.671875 14473.421875
v 27681.214844 14719.880859 14408.051758
v 29237.175781 14981.819336 14414.986328
v 27724.378906 15253.182617 14354.085938
v 29322.369141 15117.769531 14428.893555
v 29363.292969 15182.666016 14428.394531
v 27731.064453 15331.504883 14396.396484
v 29711.453125 15862.617188 14446.351562
v 28508.546875 16064.941406 14505.785156
v 29609.648438 15989.836914 14315.769531
v 28696.349609 16115.783203 14484.413086
v 28768.732422 16117.694336 14414.089844
v 29205.576172 16139.271484 14376.852539
v 28635.617188 16089.170898 14432.623047
v 29614.845703 16043.283203 14390.558594
v 28529.640625 14190.895508 14447.194336
v 28389.388672 14226.792969 14428.510742
v 28381.875000 14197.523438 14526.755859
v 27812.333984 14506.697266 14453.639648
v 29075.574219 14581.354492 14433.543945
v 27680.253906 14651.326172 14463.389648
v 27648.289062 14787.596680 14416.105469
v 27621.669922 15019.254883 14408.646484
v 29485.109375 15364.074219 14399.585938
v 29551.369141 15423.977539 14455.068359
v 29696.025391 15783.750000 14439.394531
v 28249.300781 15910.558594 14516.580078
v 28591.927734 16048.720703 14372.684570
v 29635.742188 16006.141602 14378.135742
v 29486.296875 16108.166016 14410.568359
v 29121.361328 16136.948242 14430.728516
v 28594.761719 14170.209961 14491.177734
v 28660.070312 14184.684570 14442.268555
v 28296.435547 14231.139648 14472.216797
v 27762.609375 14574.984375 14423.964844
v 27724.351562 14587.208008 14461.247070
v 27628.285156 14851.762695 14417.790039
v 27558.210938 14960.583984 14505.263672
v 27626.187500 15131.095703 14433.676758
v 27633.677734 15198.060547 14454.605469
v 27791.283203 15419.852539 14394.386719
v 29634.392578 15523.319336 14518.505859
v 27908.750000 15548.505859 14389.760742
v 27984.363281 15627.020508 14397.673828
v 29724.300781 15944.671875 14497.987305
v 29357.695312 16120.397461 14431.158203
v 29539.435547 16083.976562 14486.713867
v 29576.683594 16079.236328 14400.895508
v 29680.765625 16000.609375 14465.014648
v 28485.080078 14177.008789 14530.680664
v 28452.730469 14172.494141 14632.368164
v 28537.796875 14163.020508 14555.986328
v 28138.183594 14281.001953 14495.366211
v 27588.138672 15057.840820 14471.582031
v 29455.787109 15245.371094 14502.456055
v 27802.062500 15510.466797 14486.236328
v 29644.746094 15604.346680 14456.886719
v 28143.958984 15847.874023 14547.720703
v 28501.429688 16004.465820 14382.816406
v 29416.382812 16101.874023 14499.073242
v 29139.541016 16124.345703 14501.125977
v 28916.884766 16135.006836 14487.878906
v 28756.556641 14190.920898 14504.594727
v 28225.761719 14237.479492 14524.833008
v 28782.357422 14226.730469 14457.076172
v 27982.464844 14354.420898 14503.598633
v 28907.273438 14338.315430 14446.130859
v 27893.326172 14400.782227 14527.021484
v 28950.255859 14400.041992 14432.346680
v 27617.158203 14729.271484 14494.231445
v 27575.105469 14814.177734 14507.503906
v 29235.916016 14725.854492 14533.360352
v 27597.419922 14906.000977 14449.084961
v 27489.169922 14971.687500 14619.819336
v 27556.546875 15120.002930 14552.286133
v 29253.919922 15090.625977 14365.243164
v 27672.044922 15315.086914 14480.271484
v 27702.851562 15424.533203 14531.351562
v 27940.587891 15687.510742 14551.496094
v 28365.011719 15965.195312 14469.451172
v 29257.990234 16097.485352 14577.911133
v 28899.070312 16137.932617 14427.425781
v 29616.572266 16058.209961 14505.567383
v 29654.931641 16034.425781 14478.328125
v 28981.613281 16127.009766 14529.136719
v 28671.187500 14166.191406 14520.046875
v 28879.320312 14235.547852 14557.700195
v 28872.015625 14284.220703 14470.273438
v 29040.994141 14301.568359 14601.677734
v 28016.857422 14304.451172 14580.537109
v 29040.837891 14347.472656 14554.598633
v 28964.121094 14282.959961 14547.854492
v 27860.800781 14386.690430 14623.920898
v 27803.099609 14451.464844 14572.011719
v 29056.775391 14424.334961 14513.021484
v 28969.224609 14478.770508 14389.795898
v 27742.929688 14555.425781 14479.431641
v 29040.966797 14506.016602 14443.991211
v 27655.402344 14600.500000 14570.039062
v 29189.865234 14591.982422 14545.242188
v 29342.556641 15070.166992 14492.265625
v 27609.630859 15224.648438 14517.576172
v 29600.005859 15427.257812 14558.019531
v 29696.583984 15574.341797 14590.571289
v 29710.849609 15683.792969 14524.853516
v 28344.800781 16011.857422 14580.117188
v 29437.412109 16077.553711 14602.241211
v 29535.144531 16074.480469 14554.861328
v 29689.902344 16031.164062 14583.143555
v 29730.751953 15994.224609 14543.632812
v 28642.664062 16123.339844 14577.744141
v 28772.179688 16127.344727 14548.854492
v 28555.417969 16107.567383 14575.619141
v 28841.960938 14215.613281 14605.517578
v 28959.705078 14257.434570 14591.624023
v 27940.357422 14342.526367 14596.952148
v 29141.644531 14503.471680 14543.827148
v 27589.271484 14680.903320 14579.023438
v 27505.722656 15064.752930 14620.763672
v 27527.726562 15188.247070 14634.198242
v 27548.960938 15255.853516 14640.447266
v 27652.005859 15351.121094 14542.630859
v 29522.007812 15272.216797 14589.729492
v 27752.175781 15468.794922 14506.220703
v 27866.421875 15635.337891 14569.869141
v 29757.197266 15748.240234 14572.621094
v 29798.261719 15787.902344 14622.471680
v 28073.613281 15862.270508 14671.366211
v 29750.599609 15887.316406 14527.181641
v 28831.730469 16127.983398 14587.629883
v 28080.949219 14242.257812 14699.922852
v 28253.650391 14212.173828 14591.535156
v 28098.414062 14257.859375 14608.585938
v 29089.371094 14309.136719 14652.478516
v 29134.259766 14410.645508 14591.957031
v 29210.390625 14441.507812 14639.496094
v 27753.267578 14460.534180 14644.410156
v 27688.400391 14525.580078 14640.110352
v 29247.396484 14637.717773 14582.710938
v 27503.416016 14811.562500 14608.827148
v 29272.421875 14815.656250 14538.130859
v 27490.556641 14893.422852 14609.583008
v 29250.578125 14887.406250 14479.496094
v 29337.972656 15002.343750 14530.076172
v 29425.433594 15151.867188 14547.290039
v 27749.474609 15565.335938 14628.037109
v 28026.320312 15755.914062 14548.062500
v 29745.972656 15819.422852 14524.312500
v 29816.919922 15859.189453 14635.650391
v 29814.220703 15954.768555 14652.137695
v 28337.531250 16043.728516 14666.859375
v 28679.753906 16126.685547 14618.438477
v 28320.197266 14187.376953 14659.665039
v 28512.376953 14169.083008 14712.472656
v 28634.861328 14158.795898 14563.944336
v 27991.093750 14279.186523 14715.427734
v 28993.726562 14262.132812 14678.979492
v 29127.031250 14323.927734 14710.189453
v 29184.732422 14378.847656 14659.881836
v 27512.398438 14724.862305 14657.916992
v 27481.751953 14787.982422 14666.186523
v 29749.560547 15657.552734 14613.998047
v 29854.771484 15818.477539 14689.634766
v 29816.896484 15920.564453 14638.926758
v 29777.353516 15995.773438 14657.173828
v 29030.113281 16111.058594 14588.659180
v 28495.691406 16105.349609 14631.218750
v 28185.070312 14214.431641 14656.666016
v 28382.435547 14175.173828 14755.113281
v 28728.250000 14182.017578 14604.849609
v 29311.128906 14623.837891 14656.464844
v 27617.675781 14591.308594 14654.011719
v 29333.138672 14783.600586 14622.545898
v 29372.916016 14949.696289 14605.118164
v 27477.384766 15091.497070 14690.258789
v 29435.853516 15066.076172 14629.076172
v 29617.244141 15312.319336 14720.133789
v 27791.992188 15674.419922 14719.972656
v 29772.470703 15620.720703 14678.571289
v 28096.650391 15904.306641 14723.409180
v 29373.324219 16064.894531 14663.409180
v 28786.039062 16121.438477 14630.674805
v 28877.962891 16110.210938 14650.701172
v 29002.402344 16092.687500 14669.383789
v 28267.640625 14181.812500 14735.910156
v 28716.416016 14189.677734 14735.990234
v 28988.898438 14278.232422 14808.611328
v 27903.419922 14335.806641 14692.646484
v 27787.925781 14398.298828 14743.885742
v 27696.326172 14476.253906 14745.841797
v 29265.599609 14498.275391 14661.910156
v 27582.583984 14642.708008 14634.620117
v 27502.789062 14708.874023 14692.451172
v 27453.064453 14914.782227 14684.415039
v 29506.304688 15165.755859 14667.880859
v 27483.878906 15161.484375 14717.936523
v 27581.335938 15369.430664 14685.405273
v 29697.519531 15437.642578 14729.404297
v 27743.371094 15628.816406 14726.212891
v 29822.886719 15741.491211 14675.100586
v 27910.140625 15755.180664 14694.149414
v 29553.968750 16037.305664 14686.234375
v 29632.007812 16038.474609 14639.628906
v 29653.453125 16042.286133 14600.135742
v 29742.484375 16001.640625 14696.265625
v 29884.949219 15943.590820 14740.615234
v 29104.126953 16069.212891 14710.214844
v 28889.525391 16086.979492 14732.816406
v 28556.322266 16135.370117 14658.384766
v 28560.996094 16132.845703 14733.953125
v 28682.548828 16123.736328 14688.051758
v 28351.777344 16078.096680 14745.353516
v 28597.750000 14168.511719 14699.690430
v 28097.375000 14226.698242 14753.834961
v 28193.826172 14194.672852 14752.900391
v 28862.216797 14223.478516 14707.041992
v 28018.101562 14252.552734 14808.672852
v 27622.552734 14558.297852 14711.470703
v 27436.619141 14764.978516 14811.382812
v 29438.615234 14905.037109 14712.751953
v 27457.398438 15005.290039 14688.560547
v 29651.714844 15427.781250 14661.132812
v 29870.392578 15695.375000 14757.109375
v 28231.814453 16014.486328 14776.821289
v 29204.220703 16053.422852 14730.718750
v 29731.593750 15987.617188 14759.732422
v 28736.958984 16109.161133 14740.298828
v 28793.142578 16099.896484 14740.815430
v 28567.314453 14175.762695 14830.734375
v 27818.675781 14360.421875 14792.899414
v 27719.888672 14427.335938 14830.048828
v 29146.273438 14364.611328 14900.626953
v 29206.136719 14374.419922 14702.132812
v 29286.912109 14433.405273 14717.247070
v 29359.039062 14563.183594 14734.857422
v 27388.205078 14823.339844 14892.919922
v 27450.642578 14854.884766 14709.400391
v 29467.878906 14997.094727 14714.380859
v 27473.691406 15239.638672 14806.444336
v 27674.050781 15490.586914 14651.855469
v 29936.644531 15734.132812 14811.739258
v 29087.626953 16032.694336 14810.321289
v 28444.871094 16123.295898 14769.130859
v 28264.494141 14177.437500 14799.790039
v 28634.703125 14177.318359 14750.423828
v 27951.082031 14279.392578 14865.016602
v 29193.441406 14374.709961 14847.546875
v 29403.599609 14551.260742 14795.538086
v 27610.542969 14544.177734 14787.130859
v 29455.388672 14574.285156 14850.243164
v 27531.826172 14633.834961 14762.485352
v 29398.115234 14634.499023 14751.045898
v 27493.306641 14674.779297 14776.213867
v 29817.076172 15603.297852 14751.482422
v 27682.923828 15650.574219 14839.639648
v 27772.687500 15760.460938 14889.320312
v 29897.207031 15880.423828 14732.387695
v 29580.908203 15996.698242 14799.053711
v 29855.105469 15954.938477 14775.293945
v 28372.048828 16103.563477 14837.492188
v 28117.609375 14214.564453 14816.875977
v 28675.804688 14197.651367 14864.347656
v 29289.814453 14424.105469 14823.249023
v 29496.011719 14648.144531 14868.690430
v 29423.203125 14770.922852 14736.693359
v 29506.513672 14875.450195 14816.903320
v 27520.730469 15318.757812 14768.836914
v 27532.857422 15439.146484 14872.767578
v 27610.246094 15507.185547 14795.019531
v 29851.839844 15576.376953 14811.339844
v 27959.894531 15838.212891 14776.710938
v 29934.689453 15804.780273 14785.812500
v 29967.527344 15873.908203 14835.427734
v 29902.021484 15903.419922 14895.922852
v 29919.953125 15912.041016 14849.776367
v 29930.394531 15912.988281 14818.802734
v 28836.128906 16060.274414 14842.676758
v 28451.007812 16127.404297 14836.650391
v 28608.111328 16119.624023 14796.750000
v 28394.603516 14176.737305 14855.947266
v 28154.714844 14203.347656 14880.626953
v 27836.826172 14337.309570 14893.069336
v 28859.867188 14233.476562 14796.710938
v 29103.263672 14318.172852 14786.182617
v 27653.283203 14481.857422 14863.170898
v 29391.779297 14500.908203 14849.490234
v 27398.757812 14877.615234 14841.736328
v 27401.197266 14948.829102 14836.918945
v 27415.765625 15027.411133 14819.515625
v 27439.179688 15139.876953 14818.140625
v 27439.769531 15290.339844 14923.097656
v 29736.355469 15412.450195 14807.896484
v 27953.736328 15900.657227 14916.745117
v 28084.230469 15935.455078 14810.912109
v 28932.027344 16053.844727 14811.566406
v 29616.089844 15983.433594 14816.081055
v 29772.195312 15956.635742 14830.728516
v 29385.892578 15963.253906 14908.471680
v 28788.482422 14244.268555 14949.760742
v 29283.160156 14430.208984 14876.333984
v 27582.896484 14539.752930 14903.428711
v 29486.750000 14608.383789 14894.534180
v 27439.099609 14720.118164 14885.644531
v 29499.695312 14772.406250 14839.765625
v 29553.224609 14868.099609 14896.265625
v 29538.703125 15001.271484 14810.237305
v 29624.943359 15263.414062 14775.667969
v 27646.263672 15584.829102 14820.824219
v 29959.878906 15662.374023 14874.118164
v 30004.595703 15727.398438 14899.661133
v 29998.162109 15813.568359 14871.397461
v 29248.138672 15990.206055 14875.599609
v 28266.197266 16069.570312 14938.539062
v 28288.169922 16063.610352 14845.494141
v 28693.847656 16085.254883 14859.964844
v 28417.253906 14182.606445 14935.685547
v 27985.703125 14263.402344 14921.365234
v 28849.566406 14275.577148 15022.260742
v 27752.986328 14385.094727 14957.059570
v 27476.515625 14667.235352 14872.312500
v 29579.101562 15128.952148 14804.777344
v 27372.699219 15048.970703 14953.457031
v 29706.013672 15280.575195 14875.541992
v 29934.261719 15544.406250 14912.486328
v 27639.892578 15668.376953 14958.556641
v 30080.591797 15726.537109 15002.500000
v 29625.566406 15954.427734 14878.356445
v 28093.513672 15968.845703 14884.226562
v 28196.302734 16030.381836 14913.539062
v 28760.994141 16046.433594 14926.125977
v 28358.761719 16101.328125 14929.875000
v 28659.304688 14224.578125 15013.570312
v 28958.257812 14304.870117 14983.833984
v 27674.978516 14444.800781 14956.347656
v 29316.273438 14478.905273 14958.529297
v 29391.894531 14539.655273 14955.203125
v 29414.152344 14590.235352 15044.624023
v 29474.777344 14623.658203 14953.606445
v 29547.787109 14756.548828 15007.003906
v 29515.509766 14682.138672 14892.850586
v 29545.396484 14786.787109 14919.014648
v 29574.402344 14960.054688 14883.694336
v 29615.554688 15087.808594 14873.753906
v 27406.117188 15201.501953 14936.800781
v 29850.562500 15478.531250 14879.023438
v 27701.042969 15715.298828 14927.176758
v 27774.515625 15799.041992 14963.528320
v 29540.431641 15927.755859 14947.700195
v 29910.814453 15877.680664 14955.190430
v 29140.390625 15938.859375 15012.708008
v 28490.929688 16101.585938 14952.949219
v 28215.771484 14191.226562 14917.163086
v 28303.578125 14181.208008 14933.711914
v 27897.957031 14305.375000 14991.375000
v 27796.189453 14361.121094 15063.597656
v 29221.025391 14423.980469 14977.616211
v 27602.609375 14505.807617 15000.099609
v 29480.794922 14664.484375 15047.161133
v 27391.261719 14788.032227 14933.905273
v 29597.675781 14916.559570 14952.536133
v 29632.951172 15010.560547 14946.425781
v 29691.816406 15184.751953 14915.309570
v 29802.597656 15312.754883 14947.801758
v 29929.724609 15391.937500 14998.820312
v 27502.322266 15404.439453 14897.819336
v 30039.001953 15827.326172 14945.197266
v 30003.208984 15865.375977 14927.011719
v 29598.425781 15879.456055 15019.887695
v 29331.796875 15895.471680 15055.416016
v 28527.414062 14188.407227 14937.433594
v 29053.017578 14338.003906 14964.603516
v 29117.603516 14375.714844 15004.879883
v 27661.546875 14453.229492 15100.864258
v 29277.414062 14483.807617 15079.826172
v 27568.097656 14531.953125 15122.297852
v 29356.222656 14544.024414 15078.648438
v 27510.720703 14615.941406 14905.719727
v 27450.525391 14671.783203 14971.123047
v 27360.904297 14865.977539 15026.652344
v 29578.484375 14844.833984 14969.097656
v 29643.943359 14957.791016 15007.843750
v 29676.566406 15090.436523 14952.606445
v 27382.408203 15190.728516 15011.655273
v 27415.878906 15344.033203 15052.152344
v 29988.503906 15551.338867 14957.009766
v 27537.123047 15525.841797 14975.659180
v 27582.691406 15589.336914 14960.501953
v 30064.953125 15678.260742 14987.041016
v 30091.369141 15756.168945 15027.226562
v 29485.875000 15858.235352 15079.052734
v 27906.845703 15913.204102 15029.869141
v 28038.308594 15987.493164 15050.561523
v 28689.589844 16019.422852 15050.284180
v 28285.197266 14190.287109 15004.838867
v 28388.757812 14189.167969 15006.765625
v 28597.714844 14220.753906 15055.540039
v 27941.115234 14294.210938 15071.648438
v 28729.343750 14251.371094 15071.621094
v 29188.927734 14418.548828 15039.340820
v 29485.736328 14671.574219 15113.300781
v 27357.953125 14920.595703 15005.559570
v 29761.191406 15217.240234 14966.887695
v 29717.437500 15076.958008 15010.408203
v 27452.427734 15417.372070 15037.732422
v 30066.226562 15480.477539 15065.108398
v 30056.009766 15614.515625 14994.785156
v 27615.578125 15664.095703 15011.105469
v 27686.906250 15751.448242 15037.807617
v 29628.886719 15848.360352 15063.228516
v 29853.916016 15874.283203 14979.431641
v 29967.648438 15840.243164 15007.413086
v 30046.375000 15815.275391 15004.912109
v 28860.419922 15950.657227 15095.534180
v 28989.847656 15948.802734 15033.348633
v 29185.410156 15889.466797 15099.658203
v 27985.462891 15956.965820 15030.852539
v 28441.830078 16110.729492 14932.056641
v 28129.894531 14222.873047 15052.929688
v 28915.035156 14303.801758 15069.860352
v 27522.751953 14586.515625 14984.496094
v 27402.597656 14736.386719 15022.672852
v 27346.234375 14874.681641 15136.029297
v 29600.849609 14844.161133 15047.349609
v 27363.613281 14962.474609 14959.903320
v 27347.941406 15078.043945 15082.978516
v 29813.466797 15183.169922 15034.095703
v 30000.238281 15387.603516 15055.987305
v 27413.945312 15430.181641 15189.381836
v 27535.128906 15582.587891 15077.190430
v 27609.058594 15684.972656 15085.683594
v 29878.322266 15824.935547 15048.928711
v 30040.148438 15772.308594 15090.823242
v 27745.527344 15823.522461 15117.809570
v 27785.552734 15839.658203 15039.683594
v 28747.046875 15954.316406 15165.329102
v 28609.402344 16060.132812 15004.755859
v 28291.291016 16081.787109 15021.842773
v 28330.957031 16081.004883 15130.955078
v 28539.791016 16092.038086 14956.581055
v 28076.902344 14230.059570 14973.634766
v 27918.746094 14321.048828 15183.736328
v 28811.472656 14278.876953 15121.528320
v 29035.312500 14348.439453 15067.416992
v 29216.097656 14447.732422 15126.278320
v 29432.697266 14603.749023 15227.506836
v 29570.113281 14777.399414 15096.828125
v 29654.261719 14868.990234 15122.764648
v 29785.683594 15094.958984 15067.915039
v 27383.929688 15274.610352 15083.764648
v 30007.535156 15264.908203 15132.885742
v 27475.572266 15499.217773 15104.643555
v 30120.205078 15580.058594 15080.694336
v 29914.046875 15765.960938 15115.205078
v 29742.427734 15801.734375 15104.087891
v 27817.669922 15879.167969 15117.749023
v 28771.513672 15898.631836 15273.844727
v 28942.527344 15918.804688 15125.211914
v 29067.871094 15906.043945 15101.658203
v 27924.501953 15942.843750 15105.142578
v 28496.558594 14208.613281 15068.070312
v 29171.458984 14420.041016 15242.872070
v 29285.947266 14493.726562 15220.130859
v 29376.554688 14563.357422 15194.211914
v 29555.105469 14729.443359 15172.372070
v 27362.791016 14810.610352 15140.721680
v 27330.468750 15016.183594 15144.708984
v 29727.628906 14933.812500 15143.330078
v 29679.302734 14958.381836 15067.030273
v 29801.300781 15002.296875 15152.839844
v 30064.195312 15403.286133 15100.000000
v 27365.808594 15325.756836 15200.857422
v 30118.392578 15373.421875 15183.681641
v 30119.847656 15477.584961 15119.681641
v 27533.015625 15608.701172 15181.616211
v 30130.789062 15645.681641 15096.583984
v 30118.015625 15696.732422 15102.359375
v 29814.769531 15735.009766 15164.281250
v 29578.363281 15783.218750 15157.777344
v 29336.421875 15845.824219 15135.660156
v 28420.322266 16080.315430 15099.032227
v 28366.224609 14206.661133 15100.759766
v 28878.181641 14301.601562 15186.627930
v 29030.183594 14354.018555 15178.582031
v 29136.976562 14403.071289 15138.017578
v 29663.943359 14835.764648 15179.353516
v 29788.718750 14940.786133 15196.381836
v 29926.189453 15112.531250 15170.995117
v 27353.027344 15158.846680 15103.422852
v 27337.390625 15219.225586 15195.559570
v 30060.619141 15258.404297 15197.070312
v 30159.740234 15497.475586 15193.633789
v 27455.162109 15505.366211 15198.870117
v 30159.138672 15541.730469 15156.285156
v 27578.095703 15667.065430 15193.370117
v 30137.644531 15644.228516 15157.776367
v 30081.306641 15746.201172 15104.084961
v 30094.562500 15627.546875 15199.995117
v 27661.042969 15748.437500 15124.811523
v 27708.130859 15795.767578 15220.278320
v 29425.775391 15807.024414 15164.520508
v 29115.304688 15858.782227 15175.772461
v 29219.611328 15848.204102 15162.369141
v 28117.914062 16024.279297 15056.100586
v 28005.064453 14278.143555 15117.523438
v 27815.111328 14361.169922 15160.396484
v 28921.351562 14314.325195 15257.882812
v 27684.228516 14449.984375 15219.414062
v 27455.337891 14649.883789 15171.245117
v 27449.121094 14660.162109 15072.840820
v 29712.695312 14843.619141 15227.916016
v 29926.046875 15001.659180 15272.791016
v 30169.281250 15572.456055 15171.692383
v 29587.001953 15723.597656 15222.077148
v 29989.056641 15720.375977 15150.500977
v 30054.029297 15642.795898 15199.815430
v 28896.740234 15894.360352 15201.209961
v 29015.437500 15872.401367 15187.887695
v 27797.208984 15870.676758 15237.823242
v 28180.208984 16059.728516 15129.930664
v 28564.707031 16045.690430 15086.335938
v 28266.722656 16078.090820 15127.537109
v 28198.082031 16076.021484 15246.044922
v 28085.304688 14265.805664 15178.286133
v 28178.244141 14222.821289 15104.113281
v 28182.126953 14252.545898 15209.284180
v 28330.761719 14228.130859 15184.173828
v 28635.625000 14252.747070 15201.299805
v 27836.275391 14374.871094 15259.281250
v 28747.425781 14271.272461 15198.651367
v 29316.351562 14489.170898 15400.620117
v 27508.167969 14587.997070 15108.225586
v 27388.740234 14750.710938 15158.199219
v 29714.316406 14802.581055 15287.541016
v 27328.828125 14946.759766 15178.417969
v 29840.794922 14913.919922 15271.422852
v 29995.357422 15124.359375 15229.209961
v 30038.884766 15176.063477 15248.360352
v 27309.634766 15255.024414 15356.943359
v 30106.574219 15337.837891 15251.417969
v 30130.585938 15385.511719 15221.762695
v 27367.712891 15385.433594 15291.010742
v 30146.066406 15573.071289 15204.399414
v 29910.265625 15679.624023 15196.329102
v 27605.035156 15697.097656 15244.513672
v 29464.791016 15749.722656 15223.850586
v 29062.646484 15818.879883 15262.880859
v 29165.345703 15813.180664 15233.912109
v 28811.673828 15840.895508 15361.874023
v 27861.345703 15914.782227 15218.723633
v 28061.445312 16024.986328 15176.201172
v 28401.664062 16068.824219 15152.832031
v 28453.888672 14237.857422 15218.470703
v 27996.906250 14302.701172 15239.861328
v 28539.619141 14241.376953 15203.090820
v 29005.878906 14338.650391 15310.643555
v 27358.263672 14787.833984 15297.955078
v 27350.224609 14829.224609 15218.299805
v 29843.984375 14884.376953 15309.922852
v 27303.236328 15020.808594 15289.120117
v 29915.839844 14965.199219 15330.027344
v 27311.554688 15125.958008 15253.451172
v 29989.228516 15078.846680 15285.473633
v 30067.300781 15229.980469 15260.924805
v 30103.591797 15413.840820 15262.432617
v 27456.980469 15524.552734 15283.141602
v 29764.080078 15653.047852 15245.359375
v 29912.285156 15588.038086 15255.436523
v 30030.035156 15584.306641 15236.693359
v 30085.605469 15515.969727 15254.775391
v 29484.371094 15699.132812 15274.029297
v 29343.025391 15722.926758 15291.672852
v 28949.169922 15835.584961 15288.231445
v 28636.517578 15936.496094 15298.993164
v 28316.236328 16045.934570 15308.756836
v 28256.580078 14257.436523 15272.775391
v 29085.119141 14372.367188 15296.196289
v 27694.410156 14467.691406 15311.809570
v 29498.134766 14611.275391 15401.618164
v 27462.171875 14645.109375 15257.091797
v 29631.464844 14757.102539 15252.274414
v 27323.431641 14893.791016 15274.083984
v 27302.699219 14938.085938 15338.752930
v 27303.707031 15179.370117 15318.647461
v 30070.330078 15257.901367 15277.233398
v 29969.523438 15509.970703 15282.372070
v 30004.869141 15438.312500 15301.218750
v 27521.939453 15607.631836 15324.221680
v 29597.787109 15672.353516 15268.334961
v 29312.501953 15777.914062 15235.100586
v 29157.064453 15765.360352 15304.932617
v 28938.888672 15776.129883 15391.976562
v 27826.009766 15888.578125 15371.605469
v 28450.089844 16014.749023 15276.084961
v 27924.046875 15956.472656 15335.885742
v 27992.212891 15995.797852 15232.855469
v 28128.570312 16069.378906 15279.774414
v 28369.843750 14251.432617 15290.760742
v 28580.123047 14256.539062 15308.412109
v 28692.857422 14266.095703 15298.454102
v 28822.589844 14285.782227 15326.677734
v 28960.679688 14314.782227 15389.514648
v 27555.919922 14551.623047 15253.166992
v 29692.380859 14761.020508 15355.361328
v 27402.955078 14717.988281 15267.570312
v 27326.199219 14854.287109 15348.745117
v 27279.125000 15076.082031 15379.427734
v 30000.152344 15118.106445 15322.416016
v 30021.916016 15183.782227 15325.143555
v 29904.369141 15280.617188 15386.846680
v 30051.792969 15270.219727 15301.333984
v 29932.300781 15443.869141 15321.337891
v 29838.832031 15517.122070 15312.346680
v 29796.966797 15587.159180 15282.943359
v 29676.050781 15578.560547 15320.727539
v 29571.667969 15589.012695 15343.859375
v 29437.660156 15640.109375 15345.356445
v 27732.292969 15811.923828 15360.693359
v 29231.601562 15709.207031 15347.456055
v 28329.998047 16002.236328 15422.505859
v 28152.791016 16027.665039 15462.802734
v 28210.246094 16068.880859 15312.574219
v 28247.873047 14274.597656 15345.766602
v 28119.279297 14280.652344 15275.999023
v 28145.333984 14300.329102 15366.381836
v 28432.201172 14257.791016 15350.011719
v 27980.556641 14323.160156 15305.933594
v 28519.529297 14256.434570 15351.826172
v 27361.376953 14781.500977 15358.676758
v 29922.570312 14998.540039 15360.436523
v 29957.365234 15101.364258 15366.337891
v 29959.337891 15215.312500 15373.966797
v 30017.921875 15344.917969 15317.533203
v 27332.675781 15321.404297 15354.966797
v 29726.166016 15444.282227 15384.709961
v 27640.781250 15729.926758 15334.320312
v 29044.054688 15766.018555 15352.418945
v 28516.830078 15957.918945 15357.917969
v 28098.060547 16055.374023 15301.383789
v 28144.908203 16055.985352 15357.492188
v 28638.927734 14259.443359 15377.969727
v 28889.587891 14286.090820 15478.842773
v 27768.435547 14423.781250 15315.749023
v 28086.603516 14331.278320 15403.234375
v 27667.494141 14521.961914 15388.645508
v 27616.150391 14532.695312 15340.666992
v 27411.156250 14711.409180 15335.728516
v 27367.818359 14772.180664 15415.192383
v 29811.634766 14849.551758 15338.794922
v 29843.177734 14889.593750 15379.062500
v 29843.101562 14925.464844 15414.492188
v 27276.291016 15007.679688 15398.492188
v 29916.478516 15103.010742 15404.930664
v 29830.382812 15360.344727 15389.102539
v 27407.626953 15475.509766 15412.899414
v 27581.832031 15670.900391 15349.019531
v 29073.873047 15711.038086 15411.645508
v 29262.015625 15665.193359 15384.757812
v 27823.250000 15880.892578 15458.681641
v 28663.179688 15869.047852 15420.301758
v 28772.976562 14265.646484 15500.570312
v 28185.111328 14310.950195 15450.234375
v 29049.531250 14340.264648 15455.631836
v 27929.521484 14376.631836 15375.681641
v 29163.837891 14395.858398 15446.567383
v 27791.255859 14444.158203 15383.220703
v 27528.169922 14611.272461 15375.960938
v 27647.015625 14587.465820 15451.047852
v 27463.761719 14657.820312 15346.613281
v 29761.191406 14812.270508 15394.814453
v 29876.392578 14996.575195 15415.000000
v 27282.623047 15164.025391 15391.831055
v 29854.171875 15090.680664 15454.791016
v 29760.109375 15266.065430 15457.005859
v 29562.443359 15427.386719 15453.970703
v 29658.755859 15514.525391 15366.971680
v 29345.328125 15601.861328 15412.914062
v 27736.857422 15808.269531 15461.802734
v 27989.333984 15992.677734 15350.735352
v 28510.902344 14259.095703 15473.024414
v 28646.892578 14255.027344 15524.897461
v 28259.412109 14281.859375 15404.416016
v 28356.802734 14265.989258 15379.265625
v 28078.021484 14355.027344 15446.086914
v 27998.443359 14450.025391 15504.432617
v 27977.916016 14409.885742 15451.702148
v 28178.775391 14347.993164 15525.921875
v 27890.406250 14472.050781 15466.190430
v 29410.902344 14550.977539 15467.891602
v 27471.320312 14690.131836 15442.331055
v 29531.687500 14639.711914 15370.611328
v 27609.218750 14657.664062 15500.209961
v 29548.138672 14648.245117 15437.204102
v 29655.523438 14726.000977 15427.002930
v 29770.599609 14844.938477 15436.909180
v 29798.867188 14997.376953 15489.469727
v 29833.828125 15176.977539 15453.837891
v 27282.332031 15277.178711 15507.549805
v 29677.640625 15345.978516 15453.389648
v 27321.248047 15337.373047 15464.954102
v 29453.142578 15528.076172 15430.947266
v 28778.177734 15727.413086 15569.210938
v 28042.343750 16014.330078 15395.962891
v 28102.312500 16029.797852 15430.277344
v 28240.111328 14301.935547 15503.988281
v 29127.736328 14376.284180 15494.560547
v 27936.152344 14531.490234 15534.327148
v 27799.445312 14665.272461 15576.551758
v 27509.609375 14717.842773 15509.543945
v 27771.060547 14570.912109 15494.386719
v 27382.970703 14772.039062 15459.414062
v 27425.902344 14771.250977 15512.962891
v 29672.326172 14754.266602 15473.571289
v 27283.626953 14936.366211 15412.145508
v 29790.644531 15086.565430 15500.079102
v 27263.835938 15178.001953 15462.044922
v 29612.792969 15179.093750 15568.258789
v 27468.152344 15545.320312 15462.976562
v 29338.533203 15515.042969 15486.976562
v 29232.337891 15544.185547 15511.016602
v 27971.951172 15971.389648 15461.879883
v 28877.089844 14281.139648 15588.805664
v 28341.289062 14285.391602 15522.011719
v 28066.623047 14471.506836 15555.300781
v 29306.496094 14477.661133 15488.005859
v 29526.402344 14638.060547 15495.533203
v 27647.466797 14698.399414 15550.977539
v 27309.246094 14863.701172 15444.064453
v 27326.242188 14845.172852 15488.169922
v 29771.371094 14918.876953 15491.015625
v 27245.214844 15005.191406 15520.851562
v 29745.828125 15152.679688 15510.567383
v 27262.253906 15220.095703 15500.495117
v 29530.306641 15254.096680 15569.546875
v 27297.291016 15337.101562 15570.139648
v 27395.388672 15457.585938 15519.426758
v 29372.908203 15454.611328 15516.335938
v 29216.310547 15618.963867 15451.143555
v 29090.371094 15641.220703 15484.646484
v 28902.738281 15713.965820 15502.702148
v 28803.164062 15796.271484 15447.017578
v 28585.355469 15833.229492 15554.476562
v 28233.595703 15971.160156 15579.947266
v 28221.175781 16017.037109 15462.878906
v 28464.923828 14266.480469 15529.112305
v 28580.699219 14260.331055 15573.894531
v 28668.023438 14263.547852 15608.287109
v 28220.427734 14394.998047 15588.392578
v 28126.183594 14502.956055 15605.323242
v 29447.199219 14590.541992 15550.896484
v 29343.972656 14511.145508 15537.557617
v 27903.541016 14626.203125 15585.717773
v 28023.707031 14574.371094 15599.411133
v 28098.841797 14638.148438 15667.296875
v 29588.402344 14697.817383 15521.467773
v 28012.568359 14698.704102 15668.903320
v 29591.207031 14729.365234 15557.171875
v 27764.287109 14788.333008 15652.237305
v 27365.667969 14855.692383 15580.499023
v 27268.906250 14929.345703 15565.314453
v 27264.968750 14951.039062 15503.450195
v 27239.031250 15080.112305 15505.966797
v 27215.226562 15169.766602 15588.208008
v 27351.511719 15393.226562 15491.546875
v 29452.117188 15354.229492 15546.137695
v 29124.857422 15549.791016 15556.708008
v 27566.087891 15646.608398 15455.175781
v 28942.082031 15677.053711 15525.554688
v 28549.046875 15796.820312 15651.531250
v 28694.982422 15795.635742 15528.675781
v 28554.023438 15876.558594 15500.511719
v 28376.042969 15949.944336 15512.589844
v 28039.744141 15993.641602 15503.601562
v 28452.769531 14279.131836 15588.603516
v 28308.632812 14308.631836 15559.450195
v 28961.828125 14305.214844 15516.791016
v 29057.054688 14341.943359 15606.851562
v 29360.496094 14544.671875 15608.003906
v 29546.201172 14680.084961 15559.750977
v 27919.613281 14750.329102 15671.166992
v 27626.392578 14778.496094 15609.262695
v 27461.988281 14813.126953 15583.754883
v 29711.886719 14835.983398 15510.287109
v 27319.818359 14880.142578 15568.431641
v 27250.957031 14954.661133 15654.250000
v 29716.082031 14969.789062 15551.842773
v 29631.503906 15031.716797 15606.548828
v 27241.878906 15259.857422 15602.298828
v 27332.289062 15391.706055 15585.042969
v 29186.724609 15459.555664 15601.326172
v 27458.054688 15524.578125 15591.083008
v 28995.929688 15602.820312 15576.221680
v 28410.312500 15870.372070 15647.146484
v 28472.181641 14293.984375 15639.595703
v 28770.007812 14265.212891 15600.789062
v 28396.992188 14312.089844 15625.166992
v 29127.251953 14387.837891 15666.689453
v 29213.169922 14425.951172 15560.473633
v 28217.912109 14480.373047 15639.923828
v 29596.896484 14778.584961 15590.517578
v 29704.371094 14880.859375 15542.119141
v 27217.796875 14996.903320 15641.328125
v 29522.474609 15141.465820 15631.138672
v 27196.966797 15227.712891 15667.807617
v 29386.199219 15303.233398 15607.238281
v 29276.375000 15373.612305 15617.822266
v 27383.431641 15455.167969 15626.889648
v 27535.056641 15580.626953 15701.461914
v 28616.218750 15745.647461 15673.690430
v 27869.234375 15897.475586 15537.165039
v 28041.041016 15973.883789 15612.458984
v 28321.070312 14353.504883 15617.305664
v 28333.013672 14444.080078 15684.116211
v 28184.476562 14614.660156 15692.350586
v 29586.607422 14821.362305 15620.707031
v 27489.181641 14873.970703 15654.729492
v 27633.253906 14858.732422 15675.222656
v 27208.066406 15037.163086 15613.829102
v 29650.582031 14970.069336 15596.859375
v 27168.943359 15133.456055 15674.164062
v 27438.162109 15505.901367 15700.826172
v 27512.810547 15575.189453 15596.509766
v 28970.826172 15537.217773 15655.715820
v 28887.544922 15625.342773 15622.891602
v 27601.515625 15658.425781 15583.005859
v 28788.892578 15677.699219 15630.405273
v 28106.298828 16002.181641 15552.510742
v 28572.451172 14300.496094 15699.841797
v 28618.117188 14276.246094 15656.608398
v 28770.978516 14267.820312 15680.227539
v 28893.960938 14295.718750 15676.828125
v 29009.482422 14329.799805 15678.831055
v 28473.121094 14349.326172 15710.894531
v 29212.255859 14445.650391 15655.045898
v 29254.568359 14496.908203 15686.591797
v 28308.271484 14546.461914 15721.959961
v 29394.910156 14582.268555 15623.784180
v 29421.029297 14637.734375 15663.240234
v 29506.832031 14715.895508 15641.297852
v 29430.806641 14730.222656 15724.881836
v 29599.599609 14877.174805 15625.240234
v 27383.957031 14898.476562 15651.015625
v 27181.031250 15044.152344 15725.124023
v 29522.441406 14956.863281 15681.414062
v 27193.960938 15087.916016 15622.939453
v 29404.958984 15060.915039 15716.005859
v 29417.873047 15125.554688 15684.918945
v 29374.736328 15204.616211 15666.670898
v 29229.373047 15321.525391 15673.608398
v 27273.269531 15350.733398 15664.818359
v 29072.203125 15498.174805 15630.626953
v 28673.392578 15690.102539 15705.040039
v 28307.826172 15932.305664 15611.004883
v 28286.886719 15882.869141 15738.177734
v 28159.687500 15978.166016 15608.495117
v 29028.068359 14354.487305 15743.978516
v 29393.195312 14651.278320 15706.917969
v 29361.160156 14670.755859 15752.213867
v 29477.175781 14805.173828 15709.746094
v 28015.046875 14831.759766 15757.186523
v 27883.835938 14871.575195 15742.152344
v 29456.314453 14840.369141 15732.820312
v 27332.855469 14901.099609 15631.350586
v 27530.732422 14914.853516 15698.194336
v 29460.820312 14880.991211 15729.630859
v 29624.583984 15078.511719 15602.881836
v 29322.978516 15130.129883 15727.302734
v 29256.408203 15238.605469 15707.189453
v 29135.337891 15307.465820 15732.995117
v 29105.931641 15394.395508 15691.751953
v 27293.546875 15398.140625 15788.931641
v 27880.171875 15865.530273 15731.939453
v 28380.685547 15827.916992 15753.431641
v 28090.048828 15967.682617 15658.379883
v 28520.945312 14324.354492 15713.825195
v 28880.156250 14303.214844 15722.748047
v 29253.539062 14540.160156 15746.715820
v 28412.757812 14637.923828 15820.870117
v 28210.720703 14674.808594 15736.278320
v 29334.912109 14746.947266 15806.138672
v 28112.748047 14771.291992 15751.753906
v 27257.515625 14987.066406 15706.528320
v 27700.312500 14980.295898 15774.417969
v 29457.738281 15006.383789 15707.276367
v 27566.865234 14964.937500 15742.017578
v 29336.898438 15029.896484 15761.852539
v 27148.271484 15072.836914 15727.833984
v 29214.304688 15049.895508 15821.248047
v 27171.248047 15273.157227 15775.171875
v 27237.228516 15349.925781 15787.247070
v 28966.638672 15478.389648 15711.586914
v 28799.775391 15586.340820 15727.785156
v 28711.408203 15592.343750 15793.048828
v 27958.517578 15930.291992 15661.583984
v 28008.027344 15923.250000 15778.523438
v 28720.294922 14285.883789 15723.375000
v 29145.654297 14418.396484 15729.778320
v 28412.333984 14737.595703 15873.233398
v 29386.650391 14918.846680 15770.929688
v 27398.000000 14982.650391 15731.738281
v 27724.843750 15109.770508 15859.462891
v 27523.218750 15021.509766 15774.728516
v 27131.273438 15157.489258 15780.004883
v 29193.566406 15194.867188 15764.775391
v 27145.687500 15196.882812 15750.925781
v 29019.132812 15260.186523 15830.408203
v 28812.736328 15526.392578 15776.796875
v 27474.738281 15523.725586 15765.317383
v 27754.804688 15766.256836 15713.249023
v 28203.271484 15905.288086 15767.590820
v 28702.781250 14323.245117 15782.544922
v 28821.625000 14314.071289 15775.675781
v 29247.914062 14568.546875 15780.995117
v 28506.605469 14414.681641 15767.447266
v 29290.111328 14771.910156 15845.500977
v 28080.888672 14910.407227 15836.592773
v 29325.814453 14841.863281 15822.882812
v 27814.134766 14991.728516 15806.367188
v 27235.638672 15032.099609 15742.010742
v 27924.189453 14967.943359 15821.709961
v 27165.216797 15103.420898 15773.936523
v 27257.990234 15097.949219 15795.977539
v 27357.339844 15084.233398 15799.193359
v 27527.892578 15116.078125 15830.956055
v 27640.550781 15103.572266 15839.976562
v 28855.181641 15447.637695 15813.502930
v 27559.804688 15579.627930 15793.896484
v 28558.230469 15693.316406 15805.814453
v 28487.443359 15747.719727 15790.011719
v 28058.451172 15932.625000 15779.883789
v 28634.349609 14355.961914 15796.768555
v 28736.031250 14394.377930 15865.909180
v 28946.091797 14353.034180 15791.586914
v 28202.111328 14737.623047 15768.477539
v 29235.429688 14905.673828 15863.004883
v 27978.015625 15028.636719 15880.293945
v 27377.792969 15130.978516 15824.938477
v 27813.238281 15091.951172 15870.001953
v 28999.556641 15356.608398 15782.527344
v 27387.048828 15456.006836 15816.109375
v 27473.787109 15508.447266 15815.111328
v 28756.826172 15495.967773 15849.917969
v 27612.140625 15602.020508 15856.588867
v 27617.037109 15637.748047 15751.584961
v 27838.625000 15816.861328 15821.405273
v 27953.294922 15884.152344 15851.369141
v 28132.941406 15945.738281 15717.086914
v 28083.816406 15878.529297 15894.335938
v 28715.166016 14353.301758 15822.776367
v 28832.546875 14340.639648 15811.745117
v 28652.384766 14445.094727 15854.362305
v 29283.179688 14671.956055 15820.322266
v 29265.117188 14974.912109 15822.733398
v 27257.324219 15194.436523 15840.365234
v 27843.439453 15192.904297 15941.662109
v 29067.585938 15175.398438 15847.355469
v 27166.138672 15184.789062 15816.413086
v 28920.400391 15301.202148 15872.269531
v 27156.636719 15250.195312 15806.603516
v 27742.914062 15185.680664 15906.230469
v 27354.646484 15207.585938 15853.240234
v 27622.333984 15186.969727 15878.724609
v 27195.542969 15302.832031 15827.463867
v 28812.546875 15419.904297 15867.334961
v 27520.681641 15513.022461 15863.738281
v 28365.695312 15757.047852 15896.763672
v 27881.148438 15830.608398 15926.910156
v 29070.355469 14424.640625 15810.296875
v 29136.990234 14488.396484 15805.206055
v 29152.076172 14539.333984 15835.233398
v 28537.078125 14677.196289 15902.569336
v 29205.250000 14827.552734 15896.634766
v 28488.318359 14789.278320 15936.059570
v 28231.306641 14875.628906 15874.276367
v 28354.382812 14816.599609 15891.198242
v 28238.445312 15046.581055 15992.992188
v 28938.470703 15187.232422 15921.830078
v 27250.406250 15269.220703 15847.028320
v 27497.591797 15219.235352 15871.944336
v 27561.496094 15251.582031 15893.212891
v 27655.816406 15265.312500 15921.687500
v 27402.408203 15285.766602 15872.912109
v 27504.519531 15306.609375 15896.398438
v 27270.746094 15348.787109 15841.793945
v 27420.082031 15366.904297 15878.417969
v 27265.695312 15374.431641 15830.738281
v 27501.628906 15372.162109 15903.567383
v 27425.656250 15430.550781 15864.442383
v 27527.882812 15456.098633 15904.865234
v 27488.488281 15463.331055 15879.232422
v 28636.931641 15556.910156 15899.548828
v 28609.613281 15625.993164 15846.770508
v 28254.294922 15826.041992 15877.929688
v 28160.576172 15857.511719 15894.364258
v 27982.279297 15884.493164 15890.872070
v 28036.585938 15900.632812 15853.996094
v 28857.462891 14375.555664 15843.111328
v 28959.558594 14386.550781 15828.714844
v 29178.017578 14604.701172 15862.864258
v 28706.505859 14489.120117 15895.867188
v 29205.224609 14730.087891 15897.964844
v 28598.906250 14689.948242 15934.742188
v 28400.371094 14876.977539 15947.760742
v 29086.425781 14914.289062 15937.257812
v 29072.863281 14999.621094 15920.830078
v 29028.763672 15110.128906 15902.247070
v 27850.066406 15291.303711 16009.165039
v 27749.294922 15261.991211 15950.388672
v 27739.542969 15339.958984 15986.748047
v 27580.912109 15371.666992 15931.505859
v 27617.281250 15325.920898 15932.221680
v 28788.117188 15368.337891 15925.410156
v 27566.951172 15425.291992 15931.111328
v 27610.607422 15484.991211 15953.888672
v 27626.349609 15430.645508 15962.915039
v 27560.357422 15508.806641 15905.947266
v 27595.837891 15558.509766 15902.142578
v 27676.511719 15661.664062 15863.999023
v 28541.892578 15594.057617 15953.490234
v 28424.919922 15694.818359 15937.599609
v 28480.388672 15639.876953 15959.211914
v 27823.732422 15777.440430 16025.321289
v 28829.857422 14476.901367 15918.521484
v 28770.787109 14501.106445 15922.136719
v 28879.755859 14482.906250 15915.748047
v 28983.408203 14490.492188 15890.400391
v 29065.238281 14515.500977 15867.425781
v 28705.750000 14653.564453 15958.686523
v 29118.912109 14670.144531 15917.495117
v 29215.544922 14771.831055 15897.780273
v 29157.722656 14778.466797 15932.465820
v 28475.183594 14912.604492 15995.942383
v 28330.867188 14971.161133 15978.545898
v 28914.992188 15108.982422 15971.293945
v 28165.750000 15132.591797 16026.185547
v 28073.771484 15064.068359 15940.473633
v 27939.097656 15192.597656 15978.382812
v 27800.595703 15375.180664 16038.060547
v 28791.000000 15296.513672 15967.666016
v 27671.412109 15391.133789 15977.202148
v 27726.865234 15499.403320 16053.854492
v 27731.716797 15425.763672 16024.380859
v 27674.185547 15477.513672 16001.676758
v 27639.039062 15553.531250 15961.015625
v 27646.572266 15599.341797 15935.043945
v 27729.804688 15710.888672 15876.514648
v 28883.833984 14567.544922 15952.031250
v 28958.654297 14574.924805 15938.897461
v 29027.904297 14582.394531 15918.815430
v 28630.333984 14809.388672 15995.787109
v 28546.824219 14827.630859 15977.789062
v 28975.718750 14915.880859 15988.771484
v 28801.619141 15212.552734 16000.878906
v 28660.101562 15386.942383 16021.445312
v 27659.160156 15534.684570 15991.253906
v 28617.875000 15512.894531 15961.631836
v 27964.103516 15838.594727 16020.882812
v 28817.699219 14550.953125 15950.638672
v 28794.341797 14650.197266 15977.236328
v 28855.769531 14719.964844 16000.647461
v 28998.419922 14662.050781 15962.647461
v 29062.228516 14714.454102 15954.635742
v 29068.453125 14771.898438 15961.014648
v 28703.494141 14785.751953 16004.890625
v 28753.750000 14844.232422 16031.151367
v 29033.474609 14838.219727 15972.478516
v 28656.916016 14899.907227 16037.517578
v 28980.880859 15000.816406 15968.948242
v 28344.238281 15078.905273 16052.932617
v 28884.150391 15022.434570 16014.423828
v 28009.251953 15248.808594 16050.791016
v 27908.984375 15351.400391 16082.774414
v 28630.466797 15451.322266 16004.413086
v 27694.347656 15568.711914 16033.406250
v 28460.554688 15585.957031 16052.875000
v 27687.228516 15621.716797 15988.726562
v 27712.517578 15669.278320 15967.811523
v 28328.974609 15738.887695 15972.084961
v 28922.261719 14728.995117 16001.529297
v 28878.855469 14802.388672 16021.732422
v 28983.369141 14754.281250 15990.253906
v 28894.070312 14857.140625 16024.276367
v 28774.833984 14988.842773 16061.865234
v 28749.441406 14954.330078 16060.211914
v 28554.044922 14950.500977 16038.511719
v 28679.548828 14992.273438 16071.148438
v 28865.640625 14942.182617 16033.931641
v 28609.605469 15007.541016 16072.770508
v 28462.062500 14994.804688 16037.535156
v 28518.273438 15066.906250 16087.562500
v 28221.984375 15189.767578 16090.588867
v 28697.748047 15195.175781 16074.626953
v 28717.087891 15252.758789 16043.094727
v 28024.878906 15303.449219 16101.854492
v 28687.056641 15332.571289 16030.261719
v 27768.054688 15502.170898 16093.119141
v 28165.347656 15776.458008 16061.345703
v 28105.169922 15831.871094 15989.953125
v 27920.332031 15840.805664 15979.373047
v 28616.230469 15112.532227 16109.949219
v 28701.685547 15054.608398 16082.752930
v 28376.933594 15135.821289 16099.310547
v 28774.408203 15137.845703 16044.499023
v 28495.554688 15495.433594 16107.016602
v 27734.267578 15579.450195 16091.572266
v 27831.796875 15747.611328 16187.236328
v 28571.927734 15104.920898 16108.884766
v 27820.941406 15548.102539 16173.128906
v 28302.517578 15638.758789 16137.629883
v 28089.839844 15781.655273 16101.777344
v 28006.884766 15821.935547 16064.166016
v 28621.447266 15159.894531 16117.049805
v 28740.238281 15080.162109 16070.398438
v 28600.589844 15296.402344 16112.928711
v 27963.962891 15424.961914 16177.254883
v 28588.019531 15357.508789 16101.704102
v 27826.691406 15422.309570 16087.295898
v 28258.513672 15723.595703 16063.249023
v 28336.558594 15677.084961 16058.663086
v 27786.189453 15724.488281 16094.407227
v 27947.406250 15798.638672 16129.943359
v 28482.511719 15149.468750 16124.057617
v 28355.074219 15266.371094 16177.101562
v 28585.226562 15256.344727 16129.059570
v 28222.882812 15336.702148 16201.795898
v 28131.808594 15383.944336 16212.067383
v 28439.269531 15391.118164 16198.660156
v 28495.593750 15438.049805 16144.625000
v 27805.048828 15599.279297 16186.834961
v 28053.519531 15716.584961 16214.630859
v 27967.251953 15767.536133 16184.728516
v 27886.466797 15804.636719 16096.170898
v 28541.517578 15187.494141 16141.519531
v 28459.248047 15257.995117 16174.357422
v 28485.642578 15305.005859 16177.760742
v 28095.990234 15342.888672 16165.410156
v 27893.761719 15532.542969 16225.460938
v 28387.009766 15552.777344 16155.781250
v 27736.585938 15652.369141 16089.779297
v 28267.492188 15347.544922 16215.982422
v 27943.287109 15545.669922 16267.562500
v 28315.589844 15510.921875 16244.930664
v 27839.103516 15691.215820 16233.483398
v 28289.958984 15408.727539 16250.692383
v 28375.173828 15354.381836 16222.667969
v 28347.234375 15415.830078 16241.101562
v 27763.566406 15637.376953 16152.580078
v 28216.605469 15654.210938 16189.313477
v 27895.021484 15758.492188 16229.328125
v 28149.484375 15477.599609 16282.333008
v 28265.964844 15457.503906 16275.834961
v 28171.783203 15679.333008 16189.512695
v 28040.888672 15480.954102 16261.596680
v 28262.701172 15503.902344 16283.161133
v 28225.271484 15582.122070 16261.559570
v 27862.123047 15632.371094 16264.141602
v 27948.705078 15677.679688 16279.389648
v 28004.546875 15703.146484 16250.615234
v 28148.019531 15542.386719 16305.477539
v 28030.050781 15559.862305 16296.988281
v 28163.437500 15575.564453 16296.900391
v 27950.257812 15605.395508 16292.628906
v 28132.078125 15631.608398 16267.631836
v 27996.857422 15617.223633 16301.632812
v 28054.181641 15633.080078 16298.413086
# 1510 vertices, 0 vertices normals

f 1 2 3
f 1 12 2
f 1 3 19
f 3 4 19
f 15 19 4
f 2 8 3
f 3 6 4
f 3 8 6
f 7 5 4
f 5 15 4
f 6 7 4
f 6 9 7
f 6 10 9
f 6 8 10
f 8 18 10
f 11 1 13
f 14 1 11
f 14 12 1
f 64 2 12
f 2 64 50
f 31 2 50
f 2 31 8
f 8 31 18
f 23 10 18
f 9 10 21
f 20 9 21
f 7 9 20
f 21 10 24
f 23 25 10
f 28 11 13
f 11 58 14
f 30 19 15
f 12 14 64
f 17 15 5
f 17 5 16
f 16 5 51
f 5 32 51
f 5 7 20
f 32 5 20
f 10 25 24
f 44 14 58
f 45 15 17
f 45 17 16
f 46 45 16
f 32 20 34
f 33 53 31
f 20 21 34
f 53 18 31
f 18 53 23
f 23 53 54
f 24 22 21
f 35 23 54
f 25 23 35
f 27 26 28
f 42 28 26
f 28 42 29
f 28 29 11
f 13 27 28
f 58 11 29
f 1 43 13
f 19 43 1
f 43 19 30
f 60 30 15
f 47 14 44
f 60 15 45
f 47 64 14
f 48 46 49
f 49 46 16
f 51 49 16
f 50 33 31
f 21 22 34
f 22 52 34
f 22 55 52
f 24 36 22
f 55 22 36
f 25 36 24
f 36 25 35
f 37 36 35
f 68 36 37
f 55 36 38
f 38 36 68
f 72 39 40
f 41 40 39
f 73 42 41
f 42 26 41
f 40 41 26
f 27 40 26
f 13 43 27
f 59 43 30
f 60 59 30
f 32 83 51
f 34 66 83
f 34 83 32
f 34 52 66
f 82 85 33
f 85 53 33
f 56 53 86
f 56 54 53
f 56 35 54
f 37 35 56
f 39 72 71
f 75 72 40
f 73 41 39
f 74 75 40
f 27 74 40
f 73 57 42
f 29 42 57
f 27 43 74
f 43 59 74
f 79 29 57
f 78 74 59
f 29 79 58
f 78 59 60
f 44 58 62
f 45 61 60
f 80 44 62
f 80 47 44
f 47 80 63
f 63 64 47
f 129 48 49
f 65 49 51
f 101 50 64
f 51 84 65
f 84 51 83
f 50 82 33
f 85 86 53
f 52 87 66
f 52 55 87
f 87 55 38
f 88 56 86
f 90 87 38
f 56 89 37
f 56 88 89
f 89 68 37
f 68 95 38
f 95 67 38
f 93 67 95
f 69 71 72
f 70 39 71
f 76 72 75
f 76 75 78
f 97 57 73
f 74 78 75
f 110 57 97
f 78 77 76
f 110 79 57
f 78 60 77
f 99 58 79
f 77 60 61
f 77 61 98
f 62 58 99
f 98 61 100
f 61 45 46
f 100 61 46
f 100 46 48
f 129 100 48
f 130 129 49
f 81 64 63
f 81 101 64
f 65 130 49
f 50 102 82
f 66 114 83
f 85 82 86
f 66 87 114
f 115 88 86
f 90 91 87
f 115 92 88
f 89 88 92
f 67 90 38
f 94 89 92
f 89 94 68
f 94 95 68
f 91 90 93
f 93 90 67
f 104 95 94
f 104 93 95
f 93 104 103
f 104 118 103
f 121 119 69
f 106 121 69
f 119 71 69
f 96 69 72
f 123 39 70
f 123 73 39
f 124 73 123
f 76 96 72
f 124 97 73
f 96 76 109
f 125 97 124
f 125 110 97
f 77 126 76
f 109 76 126
f 126 77 98
f 128 98 100
f 80 62 152
f 152 151 63
f 80 152 63
f 81 63 151
f 50 101 102
f 134 131 83
f 83 131 84
f 114 134 83
f 135 86 82
f 86 137 115
f 87 116 114
f 91 116 87
f 104 94 117
f 117 118 104
f 71 119 120
f 70 71 105
f 105 123 70
f 96 108 106
f 96 106 69
f 107 124 123
f 96 109 108
f 167 100 129
f 111 81 151
f 189 129 130
f 81 111 101
f 112 65 84
f 189 65 112
f 112 84 131
f 102 133 82
f 133 135 82
f 114 113 134
f 135 173 137
f 86 135 137
f 137 139 115
f 92 115 139
f 91 141 116
f 91 93 141
f 140 94 92
f 93 103 141
f 140 117 94
f 140 155 117
f 117 155 143
f 143 118 117
f 118 158 103
f 106 162 121
f 120 105 71
f 122 123 105
f 122 107 123
f 106 108 182
f 182 108 149
f 164 125 124
f 109 149 108
f 148 110 125
f 109 126 149
f 148 79 110
f 150 79 148
f 150 99 79
f 128 186 126
f 127 99 150
f 126 98 128
f 127 62 99
f 152 62 127
f 100 167 128
f 205 101 111
f 205 169 101
f 65 189 130
f 169 102 101
f 131 134 132
f 170 133 102
f 134 136 132
f 134 113 136
f 135 193 173
f 114 116 113
f 113 116 138
f 173 139 137
f 116 141 138
f 140 92 139
f 138 141 142
f 140 139 195
f 140 195 155
f 103 144 141
f 155 176 143
f 103 145 144
f 103 158 145
f 159 144 145
f 161 119 121
f 163 105 120
f 122 105 163
f 181 146 122
f 146 107 122
f 146 124 107
f 146 164 124
f 149 147 182
f 125 164 165
f 148 125 165
f 202 147 149
f 148 185 150
f 186 149 126
f 185 127 150
f 204 152 127
f 151 152 204
f 167 187 128
f 170 102 169
f 131 171 112
f 171 131 132
f 171 132 153
f 132 136 153
f 207 193 133
f 193 135 133
f 136 172 153
f 113 154 136
f 154 113 138
f 138 142 154
f 173 195 139
f 144 142 141
f 142 144 157
f 176 156 143
f 118 179 158
f 143 179 118
f 144 159 157
f 178 157 159
f 145 160 159
f 159 160 178
f 121 216 161
f 121 162 216
f 182 162 106
f 163 181 122
f 181 218 146
f 218 164 146
f 219 164 218
f 219 165 164
f 165 200 166
f 165 166 148
f 166 185 148
f 202 149 186
f 187 186 128
f 151 204 234
f 151 234 168
f 168 111 151
f 168 188 111
f 188 205 111
f 112 171 190
f 171 153 192
f 207 133 170
f 208 153 172
f 173 193 210
f 136 174 172
f 154 174 136
f 154 175 174
f 299 195 173
f 142 175 154
f 142 177 175
f 177 142 157
f 226 155 195
f 226 176 155
f 156 176 227
f 178 177 157
f 143 156 179
f 178 229 177
f 145 179 160
f 158 179 145
f 229 178 196
f 179 213 160
f 213 214 160
f 178 160 196
f 160 214 196
f 120 180 215
f 197 120 215
f 180 120 119
f 180 119 161
f 163 120 197
f 182 147 327
f 200 165 219
f 183 166 200
f 183 185 166
f 183 184 185
f 185 184 203
f 203 127 185
f 203 204 127
f 238 129 189
f 190 189 112
f 205 223 169
f 223 170 169
f 207 170 223
f 190 192 191
f 171 192 190
f 192 153 208
f 207 224 193
f 209 208 172
f 209 172 194
f 194 172 174
f 194 174 211
f 211 174 175
f 195 299 242
f 175 177 212
f 261 176 226
f 212 177 229
f 214 246 196
f 180 265 198
f 161 265 180
f 161 216 265
f 230 163 197
f 199 181 163
f 217 181 199
f 218 181 217
f 220 200 219
f 202 201 147
f 183 200 220
f 184 221 203
f 203 221 222
f 203 222 204
f 222 234 204
f 235 187 167
f 234 237 168
f 129 235 167
f 236 235 129
f 237 188 168
f 238 236 129
f 239 189 206
f 189 190 206
f 191 206 190
f 223 275 207
f 241 192 208
f 193 224 210
f 175 212 211
f 279 211 212
f 242 226 195
f 227 213 156
f 156 213 179
f 196 244 229
f 228 214 213
f 215 180 198
f 264 199 230
f 230 199 163
f 162 182 231
f 182 327 231
f 250 218 217
f 250 219 218
f 327 147 310
f 201 310 147
f 183 220 252
f 233 184 183
f 289 202 272
f 221 184 233
f 186 272 202
f 187 272 186
f 187 235 290
f 294 188 237
f 239 238 189
f 294 240 188
f 188 240 205
f 223 205 240
f 192 241 191
f 256 224 207
f 259 210 224
f 259 225 210
f 225 173 210
f 225 299 173
f 211 279 194
f 278 194 279
f 242 299 300
f 244 212 229
f 226 340 261
f 243 227 176
f 227 228 213
f 228 245 214
f 215 284 248
f 248 197 215
f 198 265 263
f 230 197 248
f 249 199 264
f 249 217 199
f 216 162 231
f 267 250 217
f 232 219 250
f 232 220 219
f 268 220 232
f 268 252 220
f 233 183 252
f 254 221 233
f 221 254 270
f 270 222 221
f 271 222 270
f 271 234 222
f 239 206 293
f 293 206 191
f 223 240 275
f 293 241 257
f 293 191 241
f 275 256 207
f 224 256 276
f 258 208 209
f 224 298 259
f 194 278 209
f 300 260 242
f 226 242 301
f 244 279 212
f 301 340 226
f 261 243 176
f 243 282 227
f 227 282 228
f 282 245 228
f 214 245 246
f 196 281 244
f 196 246 281
f 215 247 284
f 247 215 198
f 247 198 263
f 248 262 230
f 265 216 309
f 249 267 217
f 251 250 267
f 251 232 250
f 251 268 232
f 253 233 252
f 289 201 202
f 254 233 253
f 187 289 272
f 290 289 187
f 271 255 234
f 255 237 234
f 274 236 238
f 239 274 238
f 257 314 293
f 208 257 241
f 209 277 258
f 259 318 225
f 242 260 301
f 261 340 280
f 261 280 243
f 305 284 247
f 247 263 305
f 248 284 262
f 285 230 262
f 285 264 230
f 286 249 264
f 309 216 266
f 266 216 231
f 287 267 249
f 288 268 251
f 288 252 268
f 201 330 310
f 330 201 289
f 253 252 269
f 311 254 253
f 270 254 311
f 255 271 291
f 255 291 273
f 255 273 237
f 237 273 294
f 239 293 274
f 240 295 275
f 275 316 256
f 316 276 256
f 208 258 257
f 224 297 298
f 277 337 258
f 259 298 318
f 278 277 209
f 318 299 225
f 279 319 278
f 244 302 279
f 244 281 302
f 243 303 282
f 282 303 320
f 282 304 245
f 304 283 245
f 245 283 246
f 283 281 246
f 305 306 284
f 305 263 345
f 262 306 307
f 306 262 284
f 285 262 307
f 308 286 264
f 308 264 285
f 286 287 249
f 326 251 267
f 326 267 287
f 328 288 251
f 269 252 288
f 269 311 253
f 332 270 311
f 332 271 270
f 312 273 291
f 292 235 236
f 274 292 236
f 350 294 273
f 292 274 293
f 314 292 293
f 294 353 335
f 335 295 240
f 294 335 240
f 257 315 314
f 257 336 315
f 295 316 275
f 336 257 296
f 258 296 257
f 276 297 224
f 258 337 296
f 337 277 338
f 277 278 338
f 356 319 279
f 356 279 302
f 320 304 282
f 283 343 281
f 305 345 346
f 306 305 346
f 263 323 345
f 263 265 323
f 321 285 307
f 286 308 324
f 324 325 286
f 325 287 286
f 326 328 251
f 329 288 328
f 329 269 288
f 271 369 291
f 289 313 349
f 290 313 289
f 235 313 290
f 292 333 235
f 333 313 235
f 353 294 350
f 314 315 370
f 296 317 336
f 276 390 297
f 297 318 298
f 338 278 319
f 299 405 300
f 405 260 300
f 374 301 260
f 360 301 374
f 360 341 301
f 301 341 340
f 280 303 243
f 304 320 359
f 343 283 342
f 304 342 283
f 321 307 306
f 285 321 322
f 323 265 309
f 322 308 285
f 231 327 442
f 381 328 326
f 269 329 348
f 269 368 311
f 289 331 330
f 383 332 311
f 383 311 368
f 271 332 369
f 349 331 289
f 385 312 291
f 350 273 312
f 334 292 314
f 370 334 314
f 315 371 370
f 316 389 276
f 276 389 390
f 404 318 297
f 338 372 337
f 318 426 299
f 319 339 338
f 405 374 260
f 428 303 280
f 304 359 342
f 342 376 343
f 343 394 281
f 394 302 281
f 359 320 344
f 362 363 346
f 362 346 345
f 379 345 323
f 306 346 363
f 321 306 363
f 309 411 323
f 308 322 347
f 324 308 347
f 266 434 309
f 326 287 365
f 381 326 365
f 367 329 328
f 329 367 348
f 368 269 348
f 419 332 383
f 419 369 332
f 369 385 291
f 386 312 385
f 422 349 313
f 350 312 386
f 333 422 313
f 422 333 351
f 292 352 333
f 334 352 292
f 335 316 295
f 336 371 315
f 403 336 317
f 296 337 317
f 338 354 372
f 339 354 338
f 319 356 339
f 355 360 374
f 341 360 357
f 341 358 340
f 357 358 341
f 358 280 340
f 302 375 356
f 359 377 392
f 342 359 392
f 376 342 392
f 376 394 343
f 302 361 375
f 302 394 361
f 428 320 303
f 359 344 377
f 379 362 345
f 362 364 363
f 380 321 363
f 399 322 321
f 399 347 322
f 411 309 434
f 324 347 412
f 365 287 325
f 327 366 442
f 310 366 327
f 382 328 381
f 382 367 328
f 366 310 330
f 369 419 384
f 384 400 369
f 385 369 400
f 352 351 333
f 353 350 386
f 334 401 352
f 370 401 334
f 353 387 335
f 371 401 370
f 387 316 335
f 402 316 387
f 316 402 389
f 404 373 318
f 405 299 426
f 374 405 355
f 356 375 339
f 358 428 280
f 392 406 376
f 398 396 378
f 378 396 362
f 362 379 378
f 411 409 323
f 323 409 379
f 396 364 362
f 380 410 321
f 364 380 363
f 412 325 324
f 231 415 266
f 415 231 442
f 365 443 381
f 443 382 381
f 367 416 348
f 348 416 368
f 331 418 330
f 387 470 402
f 388 449 371
f 336 388 371
f 336 403 388
f 390 493 297
f 317 337 372
f 475 354 339
f 373 426 318
f 475 339 391
f 405 426 452
f 375 391 339
f 391 375 395
f 357 428 358
f 406 393 376
f 361 430 395
f 375 361 395
f 394 430 361
f 377 407 392
f 376 393 394
f 428 344 320
f 409 432 379
f 432 378 379
f 364 410 380
f 398 397 396
f 399 321 410
f 413 434 266
f 412 414 325
f 414 365 325
f 444 442 366
f 446 366 330
f 330 418 446
f 368 417 383
f 418 331 489
f 417 419 383
f 489 331 349
f 420 400 384
f 386 385 448
f 386 423 353
f 424 470 387
f 353 424 387
f 390 425 493
f 317 372 451
f 297 493 404
f 354 494 372
f 405 452 355
f 407 406 392
f 395 456 391
f 429 430 394
f 459 360 355
f 428 408 344
f 344 408 377
f 411 433 409
f 410 364 478
f 347 436 412
f 347 399 436
f 415 413 266
f 367 464 416
f 417 368 416
f 489 487 418
f 486 419 417
f 400 420 421
f 421 385 400
f 448 385 421
f 447 422 351
f 352 447 351
f 448 423 386
f 401 491 352
f 353 423 424
f 402 492 389
f 492 390 389
f 317 451 403
f 451 372 472
f 494 472 372
f 475 494 354
f 407 427 406
f 427 453 406
f 457 458 357
f 458 428 357
f 454 393 406
f 393 429 394
f 395 430 456
f 360 459 357
f 357 459 457
f 458 408 428
f 408 431 377
f 431 407 377
f 501 398 378
f 501 378 432
f 364 499 478
f 396 499 364
f 411 434 433
f 433 434 438
f 438 461 433
f 410 478 514
f 399 479 436
f 399 410 479
f 461 438 435
f 438 434 413
f 435 438 437
f 412 436 462
f 414 412 462
f 438 413 437
f 414 462 439
f 413 415 437
f 414 439 440
f 415 441 437
f 483 443 440
f 443 365 440
f 365 414 440
f 441 415 442
f 441 442 444
f 445 382 443
f 538 464 445
f 464 367 445
f 445 367 382
f 416 486 417
f 486 488 419
f 488 384 419
f 349 447 490
f 349 490 489
f 465 421 420
f 466 421 465
f 422 447 349
f 448 421 466
f 352 491 447
f 448 466 467
f 468 423 448
f 468 448 467
f 371 469 401
f 423 468 424
f 450 388 403
f 492 471 390
f 451 450 403
f 471 425 390
f 404 474 373
f 373 452 426
f 453 454 406
f 355 513 459
f 393 454 550
f 393 550 429
f 429 550 455
f 429 455 430
f 430 455 456
f 458 476 408
f 476 431 408
f 516 432 409
f 460 516 409
f 397 499 396
f 500 397 398
f 500 398 501
f 433 460 409
f 461 460 433
f 514 479 410
f 480 461 435
f 436 479 502
f 462 436 534
f 437 441 481
f 441 463 481
f 443 483 484
f 463 441 444
f 443 484 445
f 366 463 444
f 463 366 446
f 418 485 446
f 488 420 384
f 420 567 465
f 491 522 447
f 469 491 401
f 449 469 371
f 470 492 402
f 568 449 388
f 568 388 450
f 451 508 450
f 472 508 451
f 494 473 472
f 373 474 452
f 475 391 496
f 391 456 496
f 427 527 453
f 454 549 550
f 497 355 452
f 498 458 457
f 407 512 427
f 513 555 459
f 457 459 555
f 431 512 407
f 432 516 501
f 531 478 499
f 559 500 501
f 477 479 514
f 503 460 461
f 503 461 480
f 534 436 502
f 505 480 435
f 437 481 505
f 437 505 435
f 440 439 483
f 463 446 482
f 463 482 481
f 464 506 416
f 506 486 416
f 488 486 507
f 487 489 520
f 520 489 490
f 521 466 465
f 522 490 447
f 522 491 541
f 568 469 449
f 492 470 586
f 492 524 471
f 524 425 471
f 475 495 494
f 453 549 454
f 456 455 511
f 497 513 355
f 498 457 555
f 476 512 431
f 562 516 460
f 503 562 460
f 502 479 477
f 504 503 480
f 579 504 480
f 505 579 480
f 439 462 534
f 483 439 535
f 481 482 505
f 446 537 482
f 485 537 446
f 484 518 445
f 538 445 518
f 485 418 517
f 538 539 464
f 539 506 464
f 517 418 519
f 487 519 418
f 583 488 507
f 520 519 487
f 583 540 488
f 521 465 567
f 542 466 521
f 467 466 542
f 586 470 424
f 544 568 450
f 508 525 450
f 425 524 547
f 425 547 493
f 493 547 474
f 474 404 493
f 494 495 473
f 473 495 509
f 475 510 495
f 603 495 510
f 526 497 452
f 474 526 452
f 496 510 475
f 552 510 496
f 553 571 527
f 527 548 453
f 548 549 453
f 456 511 496
f 496 511 552
f 427 530 553
f 427 553 527
f 497 558 513
f 498 528 458
f 458 528 476
f 512 530 427
f 555 513 589
f 476 529 512
f 531 514 478
f 515 499 397
f 515 531 499
f 591 559 501
f 561 477 514
f 561 560 477
f 439 534 535
f 579 505 580
f 505 482 580
f 580 482 537
f 517 537 485
f 507 486 506
f 540 420 488
f 567 420 540
f 490 522 520
f 568 523 469
f 424 468 543
f 525 544 450
f 586 545 492
f 492 545 524
f 546 525 508
f 546 569 525
f 472 546 508
f 473 546 472
f 546 473 509
f 550 511 455
f 530 554 553
f 555 556 498
f 556 557 498
f 498 557 528
f 529 530 512
f 558 589 513
f 514 531 561
f 531 590 561
f 515 397 500
f 532 591 501
f 532 501 516
f 562 532 516
f 563 502 477
f 630 533 503
f 504 630 503
f 536 483 535
f 483 536 484
f 517 519 598
f 506 539 507
f 519 520 566
f 521 567 542
f 541 491 469
f 543 468 467
f 543 586 424
f 474 547 617
f 617 526 474
f 603 509 495
f 551 550 549
f 550 551 511
f 511 551 605
f 511 605 552
f 557 573 528
f 573 574 528
f 528 529 476
f 574 529 528
f 626 515 500
f 607 560 561
f 477 560 563
f 592 576 502
f 534 502 576
f 576 535 534
f 609 630 504
f 609 504 579
f 536 535 577
f 594 580 581
f 564 484 536
f 537 581 580
f 564 518 484
f 517 581 537
f 564 538 518
f 564 597 538
f 539 538 597
f 565 507 539
f 519 611 598
f 507 565 582
f 583 507 582
f 611 519 566
f 540 583 633
f 634 540 633
f 634 567 540
f 520 522 584
f 613 542 585
f 467 542 613
f 541 469 523
f 586 654 545
f 569 600 525
f 546 587 569
f 509 587 546
f 509 618 587
f 509 603 618
f 510 552 603
f 497 526 570
f 571 604 527
f 527 604 548
f 548 572 549
f 549 572 551
f 570 558 497
f 554 641 553
f 625 573 557
f 574 554 529
f 529 554 530
f 589 556 555
f 575 626 500
f 559 575 500
f 608 532 562
f 629 608 562
f 503 629 562
f 629 503 533
f 576 592 628
f 576 577 535
f 593 578 630
f 593 630 609
f 517 598 581
f 599 539 597
f 520 584 566
f 635 567 634
f 567 635 636
f 542 567 636
f 542 636 585
f 523 653 541
f 613 543 467
f 615 654 586
f 543 615 586
f 544 600 638
f 525 600 544
f 601 545 654
f 570 526 640
f 570 640 674
f 605 622 552
f 553 641 588
f 553 588 571
f 571 658 604
f 604 572 548
f 605 551 572
f 556 625 557
f 606 589 558
f 590 531 515
f 575 559 591
f 608 591 532
f 502 563 592
f 609 579 580
f 632 609 580
f 594 632 580
f 536 595 564
f 536 631 595
f 536 577 631
f 594 596 632
f 597 564 595
f 581 598 594
f 596 594 598
f 649 539 599
f 539 649 565
f 523 568 544
f 524 602 547
f 602 617 547
f 617 639 526
f 552 619 603
f 552 622 619
f 642 572 604
f 571 588 658
f 658 644 604
f 570 660 558
f 623 554 574
f 641 554 623
f 590 698 561
f 626 590 515
f 607 563 560
f 627 607 561
f 646 593 609
f 597 595 647
f 648 596 610
f 599 597 666
f 610 596 598
f 666 649 599
f 611 610 598
f 633 583 582
f 610 611 650
f 612 611 566
f 613 585 637
f 613 637 711
f 613 614 543
f 614 615 543
f 569 616 600
f 601 524 545
f 639 640 526
f 619 618 603
f 619 657 618
f 642 643 572
f 572 643 605
f 605 620 621
f 605 621 622
f 660 606 558
f 574 573 661
f 624 556 589
f 698 627 561
f 608 575 591
f 576 665 577
f 576 628 665
f 577 665 680
f 680 631 577
f 632 646 609
f 631 647 595
f 648 632 596
f 723 597 647
f 666 597 723
f 686 610 650
f 612 650 611
f 668 635 634
f 584 522 667
f 541 667 522
f 541 653 667
f 690 636 635
f 690 585 636
f 637 585 690
f 523 544 653
f 544 638 653
f 711 614 613
f 638 600 691
f 616 691 600
f 601 602 524
f 693 617 602
f 639 674 640
f 623 760 641
f 588 641 760
f 604 673 642
f 620 605 643
f 621 713 622
f 620 713 621
f 619 622 713
f 696 658 588
f 675 660 570
f 623 574 661
f 624 625 556
f 575 662 626
f 607 663 563
f 592 563 663
f 645 608 629
f 700 628 592
f 664 629 533
f 679 664 533
f 630 679 533
f 646 702 593
f 646 632 681
f 647 631 680
f 682 632 648
f 649 705 565
f 686 648 610
f 705 582 565
f 651 650 612
f 770 634 633
f 566 652 612
f 584 652 566
f 584 667 652
f 732 615 614
f 615 733 654
f 615 732 733
f 691 616 670
f 616 569 670
f 670 569 655
f 587 655 569
f 655 587 656
f 618 657 656
f 618 656 587
f 617 693 639
f 619 712 657
f 619 713 712
f 588 760 696
f 673 604 644
f 673 643 642
f 620 643 695
f 644 658 696
f 674 675 570
f 675 659 660
f 623 661 676
f 660 659 606
f 763 625 624
f 573 785 661
f 573 625 785
f 606 624 589
f 663 700 592
f 678 608 645
f 681 632 682
f 647 680 703
f 648 684 682
f 723 647 766
f 724 649 666
f 650 687 686
f 650 651 687
f 770 668 634
f 689 652 667
f 690 635 668
f 653 669 667
f 653 638 669
f 637 730 750
f 750 711 637
f 691 669 638
f 614 711 732
f 733 671 654
f 654 671 601
f 670 655 731
f 671 692 601
f 731 655 752
f 601 692 602
f 655 656 752
f 657 672 656
f 657 712 672
f 712 713 758
f 639 737 674
f 756 643 673
f 644 694 673
f 738 675 674
f 763 697 625
f 659 677 606
f 606 677 624
f 716 662 575
f 786 663 607
f 627 786 607
f 608 716 575
f 645 744 678
f 700 701 628
f 665 628 701
f 702 578 593
f 680 665 719
f 766 647 703
f 683 722 682
f 684 683 682
f 666 723 724
f 648 685 684
f 648 686 685
f 686 687 685
f 725 633 582
f 747 633 725
f 726 687 651
f 747 770 633
f 612 688 651
f 652 689 688
f 652 688 612
f 668 729 690
f 667 708 689
f 708 667 669
f 795 637 690
f 709 669 691
f 656 672 734
f 656 734 752
f 693 780 639
f 762 674 737
f 676 759 623
f 736 694 715
f 673 694 756
f 643 756 695
f 620 695 713
f 762 738 674
f 696 715 644
f 644 715 694
f 676 782 739
f 785 625 697
f 661 782 676
f 699 590 626
f 663 786 700
f 664 645 629
f 630 578 717
f 681 702 646
f 720 702 681
f 721 703 680
f 721 680 719
f 681 682 720
f 722 720 682
f 704 683 684
f 767 705 649
f 649 724 767
f 684 685 704
f 705 725 582
f 726 685 687
f 651 706 726
f 726 706 727
f 688 706 651
f 706 688 707
f 707 688 689
f 707 689 728
f 748 708 669
f 795 730 637
f 709 748 669
f 709 691 710
f 670 710 691
f 750 732 711
f 692 693 602
f 712 735 672
f 757 713 695
f 780 737 639
f 694 714 756
f 756 757 695
f 781 759 676
f 759 760 623
f 661 785 782
f 763 624 677
f 698 590 699
f 662 699 626
f 662 740 699
f 742 716 608
f 608 678 742
f 700 786 743
f 717 679 630
f 719 665 701
f 718 789 717
f 718 717 578
f 718 578 702
f 745 702 720
f 877 703 721
f 726 769 685
f 726 727 769
f 707 727 706
f 707 728 727
f 708 728 689
f 748 728 708
f 690 729 795
f 710 731 773
f 710 670 731
f 750 797 732
f 798 752 734
f 671 754 692
f 692 754 693
f 754 780 693
f 756 714 755
f 712 758 735
f 713 757 758
f 781 676 739
f 761 715 696
f 736 714 694
f 849 675 738
f 849 659 675
f 866 739 782
f 783 677 659
f 740 698 699
f 741 662 716
f 764 627 698
f 786 627 764
f 806 741 716
f 742 806 716
f 645 664 744
f 765 664 679
f 789 679 717
f 789 718 745
f 702 745 718
f 766 703 877
f 724 723 766
f 724 766 855
f 855 767 724
f 683 704 746
f 704 792 746
f 768 725 705
f 792 704 685
f 769 792 685
f 814 727 749
f 728 749 727
f 728 748 749
f 731 751 773
f 731 752 751
f 732 775 733
f 775 753 733
f 671 733 753
f 734 672 798
f 753 776 754
f 671 753 754
f 779 780 754
f 777 757 756
f 737 780 801
f 736 755 714
f 801 805 737
f 760 804 696
f 804 761 696
f 805 762 737
f 783 659 849
f 783 763 677
f 662 741 740
f 740 764 698
f 851 701 700
f 700 743 851
f 788 744 664
f 765 788 664
f 789 765 679
f 830 745 790
f 808 720 722
f 790 745 720
f 746 809 722
f 746 722 683
f 811 705 767
f 705 811 768
f 725 768 880
f 880 747 725
f 814 793 727
f 793 769 727
f 668 770 771
f 749 794 814
f 794 815 814
f 794 749 772
f 729 668 834
f 748 772 749
f 709 772 748
f 772 709 710
f 710 796 772
f 796 710 773
f 817 730 795
f 730 817 774
f 730 774 750
f 751 816 773
f 732 797 775
f 819 751 752
f 752 798 819
f 753 775 776
f 672 821 798
f 735 821 672
f 754 776 844
f 844 779 754
f 755 800 777
f 756 755 777
f 757 777 778
f 757 778 758
f 758 778 842
f 779 801 780
f 800 755 736
f 862 759 781
f 848 715 761
f 759 803 760
f 805 738 762
f 785 826 782
f 784 763 783
f 740 870 764
f 743 786 850
f 786 764 850
f 787 743 850
f 787 851 743
f 828 765 789
f 853 701 851
f 853 719 701
f 830 829 789
f 745 830 789
f 808 790 720
f 808 722 809
f 766 877 855
f 791 809 746
f 791 746 810
f 878 767 855
f 878 811 767
f 746 792 810
f 793 792 769
f 747 880 812
f 812 770 747
f 812 771 770
f 771 834 668
f 772 796 794
f 795 729 834
f 796 773 816
f 819 816 751
f 797 750 774
f 838 775 797
f 735 822 821
f 758 822 735
f 758 842 822
f 777 800 799
f 777 799 778
f 736 824 800
f 802 862 781
f 862 803 759
f 848 761 847
f 715 848 825
f 715 825 736
f 864 895 801
f 805 801 895
f 804 847 761
f 738 805 896
f 849 738 896
f 783 849 865
f 782 826 866
f 784 783 867
f 784 826 763
f 697 763 826
f 697 826 785
f 741 827 740
f 744 742 678
f 875 744 788
f 828 788 765
f 829 828 789
f 830 790 807
f 808 807 790
f 854 855 877
f 793 831 792
f 831 793 813
f 813 793 814
f 813 814 815
f 794 833 815
f 812 834 771
f 794 796 833
f 835 795 834
f 816 819 818
f 797 774 838
f 798 839 819
f 839 798 821
f 776 775 820
f 840 776 820
f 822 858 821
f 844 776 840
f 800 823 799
f 845 779 844
f 736 846 824
f 779 864 801
f 803 804 760
f 919 781 739
f 805 895 941
f 806 827 741
f 899 787 850
f 898 827 806
f 873 742 744
f 875 873 744
f 719 853 948
f 831 810 792
f 926 810 831
f 903 768 811
f 927 768 903
f 831 813 832
f 815 832 813
f 815 833 832
f 812 907 834
f 882 833 796
f 836 882 796
f 818 836 796
f 817 795 835
f 816 818 796
f 818 837 886
f 837 818 819
f 839 837 819
f 838 820 775
f 821 858 839
f 841 858 822
f 823 860 799
f 861 842 860
f 843 842 861
f 842 843 841
f 822 842 841
f 840 890 844
f 824 859 823
f 824 823 800
f 799 860 778
f 778 860 842
f 824 846 891
f 779 845 864
f 863 803 862
f 825 846 736
f 919 802 781
f 803 863 804
f 804 863 847
f 805 941 896
f 867 783 865
f 897 866 826
f 868 784 867
f 784 897 826
f 850 764 869
f 827 872 740
f 898 872 827
f 873 806 742
f 873 900 806
f 787 899 972
f 788 828 875
f 852 828 829
f 922 830 807
f 948 721 719
f 903 811 878
f 831 856 926
f 880 768 927
f 856 831 832
f 856 832 881
f 857 881 832
f 833 857 832
f 882 857 833
f 883 882 836
f 817 887 774
f 839 858 837
f 858 841 888
f 889 860 823
f 889 861 860
f 843 888 841
f 890 845 844
f 824 891 859
f 893 825 848
f 825 893 935
f 825 935 846
f 894 862 802
f 894 918 862
f 863 892 847
f 739 866 939
f 865 849 896
f 868 865 942
f 868 867 865
f 967 784 868
f 967 897 784
f 870 869 764
f 872 870 740
f 869 899 850
f 871 869 870
f 871 870 872
f 900 898 806
f 874 851 787
f 946 875 828
f 852 946 828
f 901 852 829
f 922 829 830
f 922 901 829
f 808 876 807
f 877 721 948
f 854 877 925
f 854 950 855
f 902 903 878
f 856 879 926
f 904 879 856
f 904 856 881
f 857 904 881
f 907 835 834
f 818 909 836
f 909 883 836
f 884 817 835
f 886 885 818
f 817 884 887
f 837 910 886
f 858 888 837
f 838 911 820
f 820 911 840
f 823 912 889
f 861 914 843
f 933 890 840
f 859 912 823
f 891 916 859
f 859 916 934
f 935 891 846
f 864 845 938
f 863 918 892
f 863 862 918
f 892 893 847
f 847 893 848
f 864 938 895
f 919 739 939
f 939 866 920
f 942 865 896
f 897 920 866
f 787 972 874
f 945 873 875
f 874 988 851
f 988 853 851
f 853 923 948
f 877 948 925
f 878 855 950
f 878 950 902
f 928 880 927
f 905 812 880
f 905 880 928
f 908 906 857
f 812 905 907
f 882 908 857
f 883 908 882
f 907 929 835
f 909 818 885
f 930 909 885
f 886 910 885
f 774 887 838
f 888 915 910
f 837 888 910
f 887 911 838
f 915 931 932
f 889 912 913
f 889 913 861
f 861 913 914
f 914 915 843
f 843 915 888
f 934 912 859
f 934 961 912
f 933 1001 890
f 890 1001 981
f 890 981 845
f 845 981 963
f 935 893 936
f 935 917 891
f 937 892 918
f 938 845 963
f 938 940 895
f 919 939 983
f 941 895 940
f 939 920 965
f 941 942 896
f 897 967 920
f 899 869 969
f 871 969 869
f 921 871 872
f 943 921 872
f 898 943 872
f 900 944 898
f 900 873 944
f 945 944 873
f 946 945 875
f 988 923 853
f 791 924 809
f 925 950 854
f 810 926 791
f 997 905 928
f 857 906 904
f 952 905 997
f 952 907 905
f 908 883 909
f 953 908 909
f 954 953 909
f 952 929 907
f 909 930 954
f 884 835 929
f 930 885 956
f 910 956 885
f 955 978 932
f 979 887 884
f 932 978 915
f 915 978 910
f 887 1000 911
f 931 957 932
f 912 959 913
f 914 913 931
f 914 931 915
f 911 933 840
f 961 960 912
f 916 962 934
f 917 935 964
f 917 916 891
f 936 964 935
f 937 982 892
f 892 982 936
f 892 936 893
f 802 1005 894
f 941 984 942
f 942 967 868
f 985 967 942
f 921 969 871
f 972 899 969
f 971 943 898
f 944 971 898
f 947 946 852
f 901 947 852
f 948 923 991
f 1012 948 991
f 809 924 808
f 948 1014 925
f 1014 948 1012
f 791 1036 924
f 949 926 879
f 904 994 879
f 951 903 902
f 951 927 903
f 951 928 927
f 994 904 906
f 906 908 953
f 975 906 953
f 1017 929 952
f 884 929 1017
f 930 956 954
f 977 978 955
f 910 978 956
f 957 955 932
f 958 980 957
f 959 960 1021
f 959 980 958
f 913 958 931
f 931 958 957
f 959 958 913
f 912 960 959
f 934 962 961
f 917 1003 962
f 917 962 916
f 964 1003 917
f 982 1002 936
f 936 1002 964
f 919 1005 802
f 939 965 983
f 941 940 1024
f 1024 984 941
f 984 985 942
f 921 968 969
f 970 972 969
f 970 969 968
f 968 921 1028
f 943 1028 921
f 972 988 874
f 971 1028 943
f 973 971 944
f 986 973 944
f 986 944 945
f 986 945 1006
f 1006 945 946
f 947 987 946
f 876 808 924
f 926 949 791
f 925 1014 992
f 950 925 992
f 879 994 949
f 902 950 974
f 974 951 902
f 1059 928 951
f 994 906 995
f 1059 997 928
f 953 976 975
f 976 953 954
f 956 977 954
f 884 1017 1061
f 956 978 977
f 884 1045 979
f 955 957 999
f 979 1045 887
f 980 999 957
f 1045 1000 887
f 911 1000 933
f 959 1021 980
f 961 1021 960
f 962 1046 961
f 981 1001 1112
f 1002 1003 964
f 894 1005 1086
f 919 983 1005
f 1004 940 938
f 984 1024 1048
f 966 1089 967
f 920 967 1089
f 967 985 966
f 968 1027 970
f 1028 1027 968
f 1006 946 987
f 972 1009 988
f 989 972 970
f 1007 970 1027
f 922 1008 901
f 1011 988 1009
f 807 1010 922
f 923 988 1011
f 923 1011 990
f 1010 807 876
f 923 990 991
f 991 990 1012
f 1036 791 949
f 992 974 950
f 994 1015 949
f 951 974 1073
f 1073 1059 951
f 995 906 975
f 996 995 975
f 954 998 976
f 998 977 1018
f 954 977 998
f 1044 1019 999
f 999 1019 955
f 1045 884 1043
f 1063 1001 933
f 1003 1083 1022
f 1003 1022 962
f 1112 1023 981
f 963 981 1023
f 937 894 1086
f 894 937 918
f 1004 938 963
f 965 1117 983
f 1066 940 1004
f 1089 965 920
f 1049 984 1048
f 984 1049 985
f 947 1121 987
f 1008 1121 947
f 972 989 1009
f 1007 989 970
f 1028 971 1025
f 1025 971 973
f 1025 973 1026
f 1026 973 986
f 1008 947 901
f 1009 989 1029
f 1010 1008 922
f 1011 1009 1031
f 1011 1013 990
f 990 1013 1012
f 1014 1012 1035
f 1036 949 1039
f 993 992 1014
f 1015 1039 949
f 992 993 974
f 1040 1015 995
f 995 1015 994
f 996 1040 995
f 1016 996 975
f 976 1016 975
f 1107 952 997
f 976 998 1016
f 1017 952 1107
f 1018 977 1042
f 1042 955 1019
f 977 955 1042
f 884 1061 1078
f 980 1044 999
f 1021 1020 980
f 1045 1109 1000
f 1063 933 1000
f 1021 961 1046
f 1001 1063 1112
f 962 1022 1046
f 1003 1084 1083
f 1002 1084 1003
f 1086 1047 937
f 982 937 1085
f 982 1085 1002
f 1023 1004 963
f 1005 1115 1086
f 1116 983 1117
f 1005 983 1116
f 1024 940 1066
f 966 985 1049
f 1029 1031 1009
f 1029 1007 1050
f 989 1007 1029
f 1050 1007 1027
f 1032 1031 1029
f 1033 1011 1031
f 1033 1031 1030
f 1033 1013 1011
f 1070 876 1034
f 1055 1013 1033
f 1037 1013 1055
f 1034 876 924
f 1013 1035 1012
f 1037 1035 1013
f 1037 1054 1035
f 1038 1036 1039
f 1014 1056 993
f 1056 1014 1035
f 1039 1015 1058
f 974 993 1073
f 1058 1015 1040
f 1016 1075 996
f 1016 1041 1075
f 1076 1107 997
f 998 1041 1016
f 998 1018 1041
f 1061 1017 1107
f 1077 1042 1019
f 884 1078 1043
f 1020 1044 980
f 1046 1020 1021
f 1022 1083 1065
f 1085 937 1047
f 1089 1088 965
f 1026 986 1006
f 1028 1025 1090
f 1050 1027 1068
f 1068 1027 1090
f 1090 1027 1028
f 1050 1032 1029
f 1051 1008 1010
f 1031 1032 1030
f 1051 1010 1070
f 1033 1030 1052
f 1070 1010 876
f 1033 1052 1055
f 1052 1053 1055
f 1097 1053 1052
f 1038 1034 924
f 1038 924 1036
f 1035 1057 1056
f 1057 1035 1054
f 1072 1037 1055
f 1072 1055 1053
f 1058 1100 1039
f 1074 993 1056
f 1074 1073 993
f 1128 996 1075
f 1040 996 1128
f 1106 997 1059
f 1076 997 1106
f 1042 1060 1018
f 1042 1077 1060
f 1079 1062 1019
f 1044 1079 1019
f 1044 1110 1079
f 1110 1044 1020
f 1000 1109 1081
f 1020 1082 1110
f 1081 1063 1000
f 1046 1082 1020
f 1046 1064 1082
f 1022 1065 1064
f 1022 1064 1046
f 1023 1112 1170
f 1002 1085 1084
f 1087 1005 1116
f 1005 1087 1115
f 1066 1004 1155
f 1048 1024 1066
f 1048 1066 1118
f 1049 1048 1118
f 1026 1091 1025
f 1140 1026 1006
f 1067 1006 987
f 1067 1140 1006
f 1121 1067 987
f 1050 1068 1120
f 1122 1121 1008
f 1051 1122 1008
f 1032 1069 1030
f 1070 1143 1051
f 1069 1052 1030
f 1070 1034 1096
f 1052 1069 1098
f 1071 1096 1034
f 1052 1098 1097
f 1071 1034 1038
f 1038 1039 1071
f 1071 1039 1100
f 1056 1057 1104
f 1054 1037 1072
f 1126 1072 1103
f 1103 1072 1053
f 1040 1128 1058
f 1073 1105 1059
f 1105 1106 1059
f 1041 1146 1075
f 1018 1131 1041
f 1164 1131 1060
f 1018 1060 1131
f 1108 1061 1107
f 1060 1077 1211
f 1061 1108 1078
f 1019 1062 1077
f 1045 1043 1080
f 1080 1109 1045
f 1112 1063 1167
f 1084 1111 1083
f 1047 1086 1115
f 965 1088 1117
f 1025 1091 1090
f 1092 1091 1026
f 1140 1092 1026
f 1119 1068 1090
f 1120 1032 1050
f 1143 1122 1051
f 1094 1069 1093
f 1093 1069 1032
f 1094 1098 1069
f 1099 1098 1094
f 1096 1071 1095
f 1095 1071 1124
f 1100 1124 1071
f 1097 1098 1101
f 1101 1098 1099
f 1097 1101 1125
f 1053 1097 1125
f 1058 1102 1100
f 1054 1127 1057
f 1103 1053 1125
f 1127 1054 1072
f 1127 1072 1126
f 1102 1058 1128
f 1129 1105 1074
f 1105 1073 1074
f 1129 1074 1056
f 1129 1056 1104
f 1075 1146 1128
f 1041 1131 1146
f 1060 1132 1164
f 1190 1108 1107
f 1060 1211 1132
f 1062 1211 1077
f 1078 1133 1043
f 1133 1080 1043
f 1081 1109 1134
f 1081 1134 1152
f 1064 1135 1082
f 1081 1152 1136
f 1064 1065 1135
f 1063 1081 1136
f 1167 1063 1136
f 1083 1111 1065
f 1084 1137 1111
f 1085 1113 1084
f 1085 1171 1169
f 1085 1047 1171
f 1085 1169 1113
f 1114 1115 1087
f 1254 1004 1023
f 1138 1116 1117
f 1155 1239 1066
f 1118 1172 1049
f 1172 966 1049
f 1089 966 1172
f 1091 1119 1090
f 1141 1120 1119
f 1120 1068 1119
f 1120 1157 1032
f 1157 1093 1032
f 1093 1144 1094
f 1143 1070 1096
f 1094 1159 1099
f 1102 1124 1100
f 1104 1057 1127
f 1105 1130 1147
f 1106 1105 1147
f 1147 1076 1106
f 1163 1107 1076
f 1163 1076 1147
f 1190 1107 1163
f 1079 1148 1062
f 1078 1108 1133
f 1110 1150 1079
f 1080 1134 1109
f 1110 1151 1150
f 1110 1082 1151
f 1082 1135 1151
f 1136 1152 1166
f 1111 1135 1065
f 1137 1196 1111
f 1113 1137 1084
f 1115 1154 1047
f 1115 1114 1154
f 1004 1254 1217
f 1138 1087 1116
f 1004 1217 1155
f 1198 1117 1088
f 1066 1156 1118
f 1118 1156 1172
f 1089 1200 1088
f 1089 1172 1200
f 1139 1141 1119
f 1174 1119 1091
f 1174 1139 1119
f 1174 1091 1092
f 1140 1175 1092
f 1067 1121 1177
f 1141 1157 1120
f 1177 1121 1122
f 1122 1143 1142
f 1158 1093 1157
f 1144 1093 1158
f 1143 1096 1179
f 1179 1096 1123
f 1123 1096 1095
f 1182 1123 1095
f 1159 1094 1144
f 1124 1182 1095
f 1103 1125 1206
f 1146 1145 1128
f 1145 1102 1128
f 1127 1187 1104
f 1208 1129 1104
f 1208 1104 1187
f 1187 1127 1161
f 1161 1127 1126
f 1130 1105 1129
f 1130 1129 1208
f 1131 1186 1146
f 1190 1165 1108
f 1148 1211 1062
f 1108 1149 1133
f 1134 1080 1195
f 1136 1166 1167
f 1196 1135 1111
f 1153 1170 1167
f 1170 1112 1167
f 1169 1137 1113
f 1170 1254 1023
f 1047 1197 1171
f 1047 1154 1197
f 1198 1138 1117
f 1156 1066 1239
f 1173 1139 1174
f 1175 1174 1092
f 1175 1140 1067
f 1176 1067 1177
f 1157 1141 1178
f 1178 1158 1157
f 1179 1142 1143
f 1144 1158 1181
f 1144 1181 1159
f 1184 1124 1102
f 1099 1226 1101
f 1224 1099 1159
f 1185 1184 1145
f 1145 1184 1102
f 1185 1145 1160
f 1146 1160 1145
f 1162 1126 1103
f 1161 1126 1162
f 1186 1160 1146
f 1131 1164 1186
f 1108 1165 1250
f 1149 1108 1250
f 1079 1193 1148
f 1150 1194 1193
f 1150 1193 1079
f 1151 1194 1150
f 1137 1168 1196
f 1170 1153 1289
f 1137 1169 1168
f 1289 1254 1170
f 1114 1087 1138
f 1239 1155 1217
f 1139 1220 1141
f 1139 1173 1220
f 1067 1176 1175
f 1178 1141 1220
f 1142 1177 1122
f 1182 1180 1123
f 1180 1179 1123
f 1183 1182 1124
f 1181 1223 1159
f 1184 1183 1124
f 1224 1159 1223
f 1226 1224 1279
f 1099 1224 1226
f 1160 1204 1185
f 1205 1101 1226
f 1186 1204 1160
f 1162 1209 1161
f 1245 1187 1161
f 1230 1209 1162
f 1147 1130 1188
f 1164 1207 1186
f 1232 1163 1147
f 1132 1189 1164
f 1164 1189 1207
f 1163 1232 1190
f 1211 1189 1132
f 1190 1232 1165
f 1192 1191 1148
f 1148 1191 1211
f 1193 1192 1148
f 1234 1133 1149
f 1195 1080 1133
f 1234 1195 1133
f 1151 1215 1194
f 1135 1215 1151
f 1167 1166 1153
f 1168 1236 1196
f 1171 1237 1169
f 1171 1238 1237
f 1197 1238 1171
f 1197 1154 1273
f 1218 1114 1138
f 1198 1199 1138
f 1088 1255 1198
f 1200 1292 1088
f 1156 1219 1172
f 1172 1219 1200
f 1241 1173 1174
f 1176 1177 1221
f 1201 1177 1142
f 1158 1178 1259
f 1242 1142 1179
f 1179 1180 1242
f 1222 1180 1182
f 1222 1182 1183
f 1202 1222 1183
f 1202 1185 1203
f 1184 1202 1183
f 1184 1185 1202
f 1185 1204 1225
f 1101 1205 1125
f 1206 1125 1205
f 1207 1204 1186
f 1208 1187 1227
f 1103 1228 1162
f 1103 1206 1228
f 1227 1130 1208
f 1227 1187 1245
f 1161 1209 1245
f 1230 1162 1228
f 1188 1232 1147
f 1227 1188 1130
f 1207 1189 1210
f 1189 1229 1244
f 1211 1229 1189
f 1191 1229 1211
f 1192 1212 1191
f 1213 1212 1193
f 1193 1212 1192
f 1194 1213 1193
f 1194 1214 1213
f 1215 1214 1194
f 1235 1134 1195
f 1135 1196 1215
f 1235 1152 1134
f 1216 1166 1152
f 1196 1236 1215
f 1169 1237 1168
f 1238 1197 1337
f 1273 1337 1197
f 1273 1154 1274
f 1154 1114 1274
f 1218 1138 1199
f 1255 1199 1198
f 1255 1088 1292
f 1240 1156 1239
f 1200 1219 1292
f 1241 1174 1175
f 1221 1175 1176
f 1177 1201 1221
f 1201 1142 1242
f 1259 1181 1158
f 1180 1222 1242
f 1203 1258 1202
f 1258 1222 1202
f 1223 1243 1224
f 1185 1297 1203
f 1279 1224 1243
f 1207 1225 1204
f 1206 1263 1228
f 1244 1210 1189
f 1188 1227 1264
f 1209 1230 1245
f 1247 1230 1228
f 1231 1229 1191
f 1212 1233 1231
f 1191 1212 1231
f 1249 1233 1212
f 1250 1165 1232
f 1250 1232 1248
f 1213 1249 1212
f 1214 1249 1213
f 1250 1234 1149
f 1215 1284 1214
f 1234 1235 1195
f 1215 1236 1284
f 1216 1152 1235
f 1166 1253 1153
f 1272 1289 1153
f 1237 1252 1168
f 1290 1217 1254
f 1239 1217 1291
f 1240 1219 1156
f 1220 1173 1276
f 1173 1256 1276
f 1173 1241 1256
f 1201 1278 1221
f 1276 1259 1220
f 1220 1259 1178
f 1181 1259 1223
f 1258 1203 1297
f 1297 1185 1225
f 1261 1205 1226
f 1206 1205 1265
f 1227 1245 1264
f 1206 1265 1263
f 1231 1244 1229
f 1267 1264 1245
f 1298 1244 1231
f 1298 1280 1244
f 1266 1232 1188
f 1266 1188 1264
f 1245 1268 1267
f 1247 1268 1245
f 1230 1247 1245
f 1231 1233 1298
f 1266 1248 1232
f 1269 1268 1247
f 1247 1270 1269
f 1270 1247 1228
f 1270 1228 1246
f 1301 1233 1249
f 1214 1251 1249
f 1214 1284 1251
f 1168 1252 1236
f 1272 1153 1253
f 1237 1238 1252
f 1114 1218 1274
f 1291 1240 1239
f 1240 1275 1219
f 1219 1275 1292
f 1241 1257 1256
f 1276 1256 1294
f 1175 1257 1241
f 1221 1257 1175
f 1259 1276 1296
f 1314 1242 1222
f 1225 1207 1260
f 1260 1207 1262
f 1210 1262 1207
f 1261 1226 1279
f 1210 1244 1262
f 1205 1261 1265
f 1280 1262 1244
f 1263 1246 1228
f 1263 1283 1246
f 1266 1264 1267
f 1283 1263 1265
f 1282 1268 1269
f 1301 1351 1233
f 1248 1304 1250
f 1234 1250 1304
f 1284 1303 1251
f 1308 1235 1234
f 1236 1271 1284
f 1271 1303 1284
f 1252 1271 1236
f 1216 1285 1166
f 1285 1253 1166
f 1285 1286 1253
f 1253 1286 1272
f 1287 1271 1252
f 1238 1287 1252
f 1337 1336 1238
f 1338 1218 1199
f 1291 1217 1312
f 1294 1256 1257
f 1257 1221 1278
f 1296 1276 1277
f 1343 1278 1201
f 1313 1343 1201
f 1313 1201 1242
f 1313 1242 1314
f 1314 1222 1258
f 1223 1259 1296
f 1344 1258 1297
f 1320 1279 1243
f 1319 1279 1320
f 1321 1261 1319
f 1319 1261 1279
f 1261 1281 1265
f 1265 1281 1300
f 1302 1248 1266
f 1267 1302 1266
f 1265 1300 1283
f 1299 1267 1268
f 1299 1268 1282
f 1305 1246 1283
f 1324 1282 1269
f 1306 1282 1324
f 1307 1269 1270
f 1324 1269 1307
f 1270 1246 1307
f 1251 1301 1249
f 1234 1304 1308
f 1309 1303 1271
f 1308 1331 1235
f 1303 1309 1357
f 1235 1331 1216
f 1331 1285 1216
f 1287 1309 1271
f 1286 1288 1272
f 1289 1272 1288
f 1336 1287 1238
f 1290 1254 1391
f 1290 1312 1217
f 1275 1293 1292
f 1292 1293 1255
f 1240 1341 1275
f 1257 1295 1294
f 1276 1294 1277
f 1278 1295 1257
f 1315 1314 1258
f 1296 1316 1223
f 1344 1297 1346
f 1225 1346 1297
f 1225 1260 1346
f 1243 1223 1316
f 1267 1299 1302
f 1306 1299 1282
f 1283 1300 1305
f 1302 1304 1248
f 1246 1305 1307
f 1251 1303 1301
f 1326 1307 1305
f 1357 1384 1303
f 1285 1331 1333
f 1285 1310 1286
f 1401 1309 1287
f 1286 1310 1288
f 1401 1287 1336
f 1288 1363 1289
f 1254 1289 1363
f 1254 1363 1391
f 1364 1337 1366
f 1273 1366 1337
f 1365 1274 1311
f 1273 1365 1366
f 1273 1274 1365
f 1274 1218 1311
f 1218 1338 1311
f 1199 1255 1338
f 1341 1293 1275
f 1277 1294 1342
f 1342 1294 1295
f 1343 1295 1278
f 1277 1345 1296
f 1315 1258 1344
f 1296 1347 1316
f 1260 1375 1346
f 1262 1317 1375
f 1262 1375 1260
f 1243 1318 1320
f 1280 1317 1262
f 1320 1348 1378
f 1319 1320 1378
f 1321 1319 1378
f 1298 1350 1280
f 1233 1350 1298
f 1321 1381 1261
f 1281 1381 1300
f 1261 1381 1281
f 1233 1351 1350
f 1303 1322 1301
f 1323 1302 1299
f 1308 1302 1323
f 1323 1299 1327
f 1327 1299 1306
f 1300 1353 1305
f 1308 1304 1302
f 1303 1384 1322
f 1307 1325 1324
f 1307 1326 1325
f 1305 1353 1326
f 1308 1323 1329
f 1327 1306 1324
f 1327 1324 1328
f 1328 1324 1325
f 1328 1325 1356
f 1356 1325 1326
f 1332 1327 1328
f 1328 1356 1355
f 1308 1329 1331
f 1330 1323 1327
f 1329 1323 1330
f 1330 1327 1332
f 1328 1355 1332
f 1331 1329 1333
f 1333 1329 1330
f 1334 1330 1332
f 1333 1330 1334
f 1332 1358 1334
f 1333 1335 1285
f 1335 1333 1334
f 1285 1335 1310
f 1335 1361 1310
f 1335 1334 1361
f 1401 1418 1309
f 1362 1310 1361
f 1390 1362 1361
f 1310 1362 1288
f 1337 1364 1336
f 1338 1423 1311
f 1338 1255 1339
f 1339 1255 1293
f 1340 1240 1291
f 1240 1340 1341
f 1343 1342 1295
f 1369 1345 1277
f 1314 1372 1313
f 1315 1372 1314
f 1315 1344 1372
f 1347 1296 1345
f 1316 1347 1318
f 1375 1317 1376
f 1316 1318 1243
f 1318 1348 1320
f 1318 1396 1348
f 1280 1349 1317
f 1317 1349 1376
f 1350 1349 1280
f 1380 1381 1321
f 1301 1322 1351
f 1382 1300 1381
f 1379 1322 1398
f 1300 1352 1353
f 1300 1382 1352
f 1384 1398 1322
f 1353 1352 1354
f 1326 1353 1356
f 1353 1354 1356
f 1355 1356 1385
f 1356 1354 1385
f 1355 1358 1332
f 1360 1358 1355
f 1355 1385 1360
f 1309 1418 1357
f 1358 1359 1334
f 1358 1360 1359
f 1359 1361 1334
f 1361 1359 1389
f 1361 1389 1390
f 1336 1364 1401
f 1362 1390 1288
f 1288 1390 1363
f 1391 1367 1290
f 1367 1312 1290
f 1338 1442 1423
f 1291 1312 1444
f 1342 1368 1277
f 1277 1368 1369
f 1342 1370 1368
f 1343 1370 1342
f 1313 1371 1343
f 1371 1370 1343
f 1372 1371 1313
f 1373 1369 1403
f 1345 1369 1373
f 1372 1394 1371
f 1344 1394 1372
f 1345 1373 1347
f 1374 1344 1346
f 1346 1376 1374
f 1375 1376 1346
f 1347 1373 1395
f 1347 1396 1318
f 1347 1395 1396
f 1349 1411 1376
f 1396 1377 1348
f 1348 1377 1378
f 1350 1413 1349
f 1378 1414 1321
f 1379 1350 1351
f 1379 1413 1350
f 1322 1379 1351
f 1382 1381 1380
f 1352 1383 1354
f 1383 1352 1462
f 1354 1387 1385
f 1387 1383 1462
f 1354 1383 1387
f 1399 1384 1357
f 1418 1399 1357
f 1441 1387 1462
f 1388 1360 1385
f 1388 1387 1386
f 1385 1387 1388
f 1400 1359 1388
f 1388 1359 1360
f 1400 1389 1359
f 1389 1421 1390
f 1421 1422 1390
f 1390 1422 1363
f 1391 1363 1422
f 1366 1420 1364
f 1465 1367 1391
f 1311 1423 1365
f 1442 1338 1339
f 1291 1444 1340
f 1339 1293 1443
f 1403 1369 1368
f 1392 1368 1370
f 1403 1368 1392
f 1392 1370 1393
f 1371 1393 1370
f 1394 1393 1371
f 1373 1403 1404
f 1394 1406 1393
f 1394 1374 1406
f 1344 1374 1394
f 1411 1408 1376
f 1349 1397 1411
f 1396 1395 1430
f 1377 1396 1430
f 1413 1415 1397
f 1349 1413 1397
f 1377 1434 1378
f 1377 1430 1434
f 1378 1434 1414
f 1321 1414 1380
f 1382 1416 1352
f 1462 1352 1417
f 1399 1440 1384
f 1441 1386 1387
f 1419 1388 1386
f 1419 1400 1388
f 1419 1389 1400
f 1364 1420 1401
f 1419 1421 1389
f 1421 1484 1422
f 1366 1365 1464
f 1391 1422 1465
f 1340 1444 1402
f 1341 1340 1402
f 1403 1405 1404
f 1403 1392 1405
f 1393 1406 1392
f 1404 1409 1373
f 1404 1405 1410
f 1407 1426 1406
f 1407 1406 1374
f 1376 1407 1374
f 1404 1410 1409
f 1426 1407 1408
f 1408 1407 1376
f 1373 1409 1395
f 1412 1409 1410
f 1409 1412 1395
f 1395 1412 1430
f 1413 1379 1415
f 1447 1414 1434
f 1414 1447 1436
f 1448 1415 1379
f 1436 1380 1414
f 1379 1398 1448
f 1438 1448 1398
f 1380 1416 1382
f 1384 1438 1398
f 1417 1352 1416
f 1384 1440 1438
f 1401 1449 1418
f 1450 1419 1386
f 1441 1450 1386
f 1401 1420 1449
f 1464 1365 1423
f 1443 1442 1339
f 1312 1477 1444
f 1456 1443 1293
f 1341 1402 1456
f 1341 1456 1293
f 1424 1405 1392
f 1406 1424 1392
f 1425 1405 1424
f 1426 1424 1406
f 1411 1426 1408
f 1405 1425 1410
f 1426 1425 1424
f 1427 1425 1426
f 1411 1427 1426
f 1429 1410 1425
f 1397 1427 1411
f 1428 1429 1425
f 1428 1425 1427
f 1397 1432 1427
f 1410 1431 1412
f 1410 1429 1431
f 1432 1428 1427
f 1415 1432 1397
f 1433 1430 1412
f 1412 1431 1433
f 1458 1432 1415
f 1430 1435 1434
f 1430 1433 1435
f 1458 1415 1448
f 1380 1436 1416
f 1438 1437 1448
f 1416 1439 1417
f 1460 1417 1439
f 1418 1449 1399
f 1420 1483 1449
f 1484 1419 1450
f 1484 1421 1419
f 1366 1464 1420
f 1451 1367 1465
f 1423 1442 1463
f 1312 1367 1477
f 1458 1428 1432
f 1446 1431 1429
f 1445 1431 1446
f 1446 1429 1428
f 1433 1452 1435
f 1431 1452 1433
f 1446 1458 1457
f 1428 1458 1446
f 1447 1435 1467
f 1434 1435 1447
f 1467 1435 1452
f 1458 1448 1437
f 1470 1436 1447
f 1459 1437 1438
f 1436 1439 1416
f 1438 1440 1461
f 1399 1461 1440
f 1473 1461 1399
f 1473 1399 1449
f 1484 1465 1422
f 1423 1463 1464
f 1451 1477 1367
f 1455 1443 1456
f 1443 1455 1442
f 1477 1402 1444
f 1402 1466 1456
f 1431 1445 1452
f 1445 1446 1457
f 1447 1467 1468
f 1437 1459 1458
f 1438 1461 1459
f 1439 1436 1481
f 1460 1462 1417
f 1474 1450 1441
f 1474 1441 1453
f 1483 1420 1454
f 1484 1450 1492
f 1464 1454 1420
f 1466 1402 1477
f 1478 1467 1452
f 1452 1445 1478
f 1479 1467 1478
f 1445 1457 1478
f 1468 1470 1447
f 1469 1458 1459
f 1469 1457 1458
f 1439 1481 1460
f 1460 1482 1462
f 1453 1441 1462
f 1474 1492 1450
f 1476 1455 1456
f 1466 1476 1456
f 1469 1480 1457
f 1457 1480 1478
f 1471 1481 1436
f 1436 1470 1471
f 1461 1472 1459
f 1459 1472 1469
f 1472 1461 1473
f 1487 1473 1449
f 1453 1462 1482
f 1483 1487 1449
f 1484 1492 1451
f 1493 1463 1497
f 1464 1463 1493
f 1484 1451 1465
f 1442 1497 1463
f 1442 1455 1475
f 1477 1451 1494
f 1479 1468 1467
f 1479 1478 1480
f 1472 1480 1469
f 1481 1498 1460
f 1498 1481 1471
f 1500 1454 1493
f 1483 1454 1500
f 1464 1493 1454
f 1442 1475 1497
f 1494 1476 1466
f 1477 1494 1466
f 1468 1485 1470
f 1490 1468 1479
f 1480 1491 1490
f 1479 1480 1490
f 1472 1491 1480
f 1473 1487 1472
f 1486 1460 1498
f 1483 1500 1487
f 1488 1451 1492
f 1476 1475 1455
f 1468 1489 1485
f 1490 1489 1468
f 1495 1498 1471
f 1495 1471 1470
f 1490 1491 1489
f 1499 1491 1472
f 1499 1472 1487
f 1486 1482 1460
f 1482 1501 1453
f 1501 1474 1453
f 1488 1494 1451
f 1475 1476 1503
f 1470 1485 1495
f 1496 1485 1489
f 1495 1485 1496
f 1499 1496 1491
f 1496 1489 1491
f 1501 1482 1486
f 1501 1492 1474
f 1501 1488 1492
f 1476 1494 1503
f 1504 1495 1496
f 1504 1496 1499
f 1487 1500 1499
f 1486 1507 1501
f 1493 1508 1500
f 1497 1508 1493
f 1488 1501 1494
f 1494 1501 1502
f 1475 1503 1508
f 1475 1508 1497
f 1494 1502 1503
f 1505 1486 1498
f 1495 1504 1505
f 1498 1495 1505
f 1506 1499 1500
f 1506 1504 1499
f 1486 1505 1507
f 1507 1505 1509
f 1508 1510 1506
f 1508 1506 1500
f 1501 1507 1509
f 1501 1509 1502
f 1509 1510 1502
f 1503 1510 1508
f 1503 1502 1510
f 1509 1505 1504
f 1510 1509 1504
f 1510 1504 1506
# 3016 faces, 0 coords texture

# End of File
