neuron_id,group,exclusive,n_pairs,sidetot_top1,sidetot_top2,sidetot_top1_2_sum,sidetot_top3_sum,sidetot_balance21,sidetot_dominance_gap,sidetot_hhi,sidetot_entropy,sidetot_neff_shannon,sidetot_neff_simpson,sidetot_n_above_thr,sidetot_n_above_10pct,sidetot_n_above_20pct,regiontot_top1,regiontot_top2,regiontot_top1_2_sum,regiontot_top3_sum,regiontot_balance21,regiontot_dominance_gap,regiontot_hhi,regiontot_entropy,regiontot_neff_shannon,regiontot_neff_simpson,regiontot_n_above_thr,regiontot_n_above_10pct,regiontot_n_above_20pct,top_region,second_region,top_region_laterality,other_fraction,neuropil_fraction,total_voxels,neuropil_voxels
5HT1A-F-200016,dense,True,1,0.17219452640146504,0.16359751755010682,0.33579204395157186,0.46289678502390885,0.9500738552437223,0.008597008851358223,0.1276640985520474,2.227353414334423,9.275285728575605,7.833055740352169,6.0,4.0,0.0,0.2334418557330349,0.16359751755010682,0.3970393732831417,0.5261852680842405,0.7008062758770974,0.06984433818292807,0.15107775232780268,2.0433936705463105,7.716752929312951,6.619108271019538,5.0,4.0,1.0,ccp_16,vmp_15,0.475266942689039,0.1653398107640655,0.8346601892359344,157264.0,131262.0
Cha-F-000088,dense,True,8,0.704213678412919,0.0775270484644315,0.7817407268773505,0.7968646952925867,0.11009023374716834,0.6266866299484876,0.5396821858468623,0.8773759811761788,2.40458175304469,1.852942391327616,2.0,1.0,1.0,0.704213678412919,0.0775270484644315,0.7817407268773505,0.7968646952925867,0.11009023374716834,0.6266866299484876,0.5396821858468623,0.8773759811761788,2.40458175304469,1.852942391327616,2.0,1.0,1.0,al_3,ms_12,1.0,0.19357253622800918,0.8064274637719908,112206.0,90486.0
Cha-F-000239,dense,True,10,0.37000771190203546,0.13452595171881937,0.5045336636208548,0.5883830712065621,0.3635760752857955,0.2354817601832161,0.21035863817571454,1.8470893508519795,6.341335233017391,4.753786241783381,5.0,2.0,1.0,0.37000771190203546,0.13452595171881937,0.5045336636208548,0.5883830712065621,0.3635760752857955,0.2354817601832161,0.21035863817571449,1.8470893508519795,6.341335233017391,4.753786241783382,5.0,2.0,1.0,al_3,dmp_10,1.0,0.19193288308289128,0.8080671169171088,85582.0,69156.0
Cha-F-000329,dense,True,7,0.38354931605471565,0.2800739577197461,0.6636232737744617,0.7642679494731331,0.7302162877010366,0.10347535833496957,0.24744985005023032,1.720940231573558,5.589781683495884,4.041222897476026,3.0,3.0,2.0,0.38354931605471565,0.2817920020943779,0.6653413181490935,0.7967308069899862,0.7346956187875943,0.10175731396033777,0.2568454932723066,1.5745415938709932,4.828527684024135,3.893391265151785,4.0,3.0,2.0,vlp_21,dlp_23,1.0,0.08830748085607697,0.911692519143923,61116.0,55719.0
Cha-F-000427,dense,True,2,0.8403509278231508,0.05685261608611584,0.8972035439092666,0.9324406222042653,0.06765342216422267,0.783498311737035,0.713031419292585,0.6716568567744979,1.957477895822759,1.4024627427948733,2.0,1.0,1.0,0.8403509278231508,0.05685261608611584,0.8972035439092666,0.9324406222042653,0.06765342216422267,0.783498311737035,0.7130314192925847,0.6716568567744979,1.957477895822759,1.4024627427948737,2.0,1.0,1.0,lh_25,dfp_5,1.0,0.04695391186401547,0.9530460881359846,34651.0,33024.0
Cha-F-000461,dense,True,1,0.24906843953569419,0.20846044554057314,0.4575288850762673,0.623810417392703,0.8369604994080292,0.04060799399512105,0.16217714349682028,2.0065613125624697,7.437697406444481,6.166097012428922,6.0,3.0,2.0,0.24906843953569419,0.20846044554057314,0.4575288850762673,0.623810417392703,0.8369604994080292,0.04060799399512105,0.16217714349682028,2.0065613125624693,7.437697406444477,6.166097012428922,6.0,3.0,2.0,dlp_23,lh_25,1.0,0.11141195078143849,0.8885880492185615,186515.0,165735.0
Cha-F-100135,dense,True,5,0.5829172977319048,0.13182251640769618,0.714739814139601,0.8008638581926292,0.22614274258219724,0.45109478132420866,0.3787697808467362,1.3955199530744147,4.037073115591081,2.6401261414374444,3.0,2.0,1.0,0.714739814139601,0.08612404405302818,0.8008638581926292,0.8329687178624184,0.12049705689993459,0.6286157700865728,0.532511067084597,1.0481408668257688,2.8523432995687346,1.8778952435201424,2.0,1.0,1.0,dfp_5,ms_12,0.631131458469588,0.11035694919691105,0.8896430508030889,53481.0,47579.0
Cha-F-200299,dense,True,8,0.9015589192247843,0.03285896166360164,0.9344178808883858,0.9475343047107087,0.036446826672022495,0.8686999575611827,0.8157478842157317,0.46355081608586135,1.5897087384478108,1.2258689471948923,1.0,1.0,1.0,0.9015589192247843,0.03285896166360164,0.9344178808883858,0.9475343047107087,0.036446826672022495,0.8686999575611827,0.8157478842157317,0.46355081608586135,1.5897087384478108,1.2258689471948923,1.0,1.0,1.0,vlp_21,dmp_10,1.0,0.04053755835337389,0.9594624416466261,176725.0,169561.0
Cha-F-300267,dense,True,4,0.5353772060249531,0.11540823582649169,0.6507854418514448,0.7274064257547352,0.21556434328493376,0.4199689701984614,0.3252788350364602,1.6036361764068268,4.97107530771235,3.074285481525138,4.0,2.0,1.0,0.6119981899282436,0.11540823582649169,0.7274064257547354,0.7889811881828174,0.1885761064751241,0.49658995410175194,0.4083981269694804,1.3241193655778156,3.7588737034648476,2.448591053589063,3.0,2.0,1.0,dfp_5,dlp_23,0.7496038871870708,0.12009502876721184,0.8799049712327881,61876.0,54445.0
Cha-F-300344,dense,True,5,0.7097624408720392,0.06175490042065944,0.7715173412926987,0.823253216037423,0.0870078449696284,0.6480075404513798,0.5167647805514326,1.1810891255075497,3.2579205557062503,1.9351163965410214,3.0,1.0,1.0,0.7097624408720392,0.09657712380653156,0.8063395646785708,0.8786371332320958,0.13606964562378576,0.6131853170655076,0.5236502061672816,1.0543169021274936,2.8700139836956833,1.909671739307111,3.0,1.0,1.0,vlp_21,spp_20,1.0,0.05499991272625718,0.9450000872737429,57291.0,54140.0
Cha-F-400237,dense,True,8,0.9053631798995779,0.017267798915761468,0.9226309788153394,0.937702294504791,0.019072786809904062,0.8880953809838165,0.8229452999254148,0.4369649994562875,1.5480018952001484,1.2151475925442823,1.0,1.0,1.0,0.9053631798995779,0.017267798915761468,0.9226309788153394,0.937702294504791,0.019072786809904062,0.8880953809838165,0.8229452999254148,0.43696499945628753,1.5480018952001484,1.2151475925442823,1.0,1.0,1.0,vlp_21,dmp_10,1.0,0.05198343635599832,0.9480165636440017,249945.0,236952.0
Cha-F-400298,dense,True,2,0.261619305137493,0.22820264272231008,0.48982194785980304,0.5766032345288505,0.8722698907956318,0.0334166624151829,0.23374956732406113,1.658934209705477,5.253708507981235,4.278082785127212,3.0,2.0,2.0,0.4898219478598031,0.0867812866690475,0.5766032345288505,0.6174684965052804,0.17716904489115717,0.4030406611907556,0.35390495515371984,1.289815677173562,3.6321170119750033,2.825617402179765,2.0,1.0,1.0,eb_8,lat_tri_7,0.06822206020206228,0.32115708382225394,0.6788429161777461,19601.0,13306.0
Cha-F-500071,dense,True,6,0.7750046563605886,0.02749792580301055,0.8025025821635992,0.8272066916134713,0.035480981407441395,0.747506730557578,0.6103448243959271,0.983971640006127,2.6750595452482964,1.6384180876600765,1.0,1.0,1.0,0.7997087658104607,0.05154167866032273,0.8512504444707835,0.8751926040061634,0.06445056108405675,0.7481670871501379,0.650221607224673,0.8198773132959214,2.270221294477842,1.5379372030841587,2.0,1.0,1.0,vlp_21,spp_20,0.9382172348083845,0.0827138962732183,0.9172861037267817,59059.0,54174.0
Cha-F-500310,dense,True,1,0.6073155011279407,0.14741110753034697,0.7547266086582878,0.824309807712966,0.2427257451136464,0.4599043935975938,0.41194683468816734,1.2369522887805517,3.445097785352712,2.4274977152257358,3.0,2.0,1.0,0.6073155011279407,0.14741110753034697,0.7547266086582878,0.824309807712966,0.2427257451136464,0.4599043935975938,0.41194683468816734,1.2369522887805515,3.445097785352711,2.4274977152257358,3.0,2.0,1.0,dlp_23,idlp_24,1.0,0.12364378558384359,0.8763562144161564,37236.0,32632.0
Cha-F-700236,dense,True,1,0.5157662849970542,0.14733983964753194,0.6631061246445862,0.8079228463843848,0.28567171591755647,0.3684264453495223,0.3175550476947305,1.510401386167611,4.528548126141119,3.149060319649877,3.0,3.0,1.0,0.5157662849970542,0.14733983964753194,0.6631061246445862,0.8079228463843848,0.28567171591755647,0.3684264453495223,0.3175550476947305,1.5104013861676113,4.52854812614112,3.149060319649877,3.0,3.0,1.0,lh_25,spp_20,1.0,0.06846999154691462,0.9315300084530854,78078.0,72732.0
Cha-F-800090,dense,True,5,0.4066507232786412,0.19591501545324908,0.6025657387318903,0.6479877483756056,0.4817771228185081,0.21073570782539214,0.26346486021093757,1.5775795889136628,4.843219032013398,3.795572582997866,2.0,2.0,1.0,0.4066507232786412,0.19591501545324908,0.6025657387318903,0.6479877483756056,0.4817771228185081,0.21073570782539214,0.2634648602109376,1.5775795889136626,4.843219032013397,3.795572582997865,2.0,2.0,1.0,dfp_5,dlp_23,1.0,0.23094422958478755,0.7690557704152124,180221.0,138600.0
E0585-F-600004,dense,True,1,0.7054680906789279,0.10249396152838809,0.807962052207316,0.8484416378081076,0.14528504248824356,0.6029741291505398,0.5214391924334134,1.0446743359242383,2.842472681664462,1.917769156041522,2.0,2.0,1.0,0.7054680906789279,0.10249396152838809,0.807962052207316,0.8484416378081076,0.14528504248824356,0.6029741291505398,0.5214391924334133,1.0446743359242383,2.842472681664462,1.9177691560415224,2.0,2.0,1.0,dlp_23,idlp_24,1.0,0.10397811599685708,0.8960218840031429,34363.0,30790.0
GH146-M-000001,dense,True,1,0.7530366802463856,0.030693165875141613,0.7837298461215272,0.803574242049112,0.0407591909933247,0.722343514371244,0.5878427342959015,0.9408821099424198,2.5622405996674575,1.7011352554995287,1.0,1.0,1.0,0.7530366802463856,0.030693165875141613,0.7837298461215272,0.803574242049112,0.0407591909933247,0.722343514371244,0.5878427342959016,0.9408821099424198,2.5622405996674575,1.7011352554995285,1.0,1.0,1.0,al_3,dfp_5,1.0,0.13672001020354574,0.8632799897964543,133287.0,115064.0
Gad1-F-000245,dense,True,1,0.19562317632346812,0.15125746838960677,0.3468806447130749,0.46524940947617066,0.7732083244548618,0.044365707933861354,0.13896035834948828,2.1187538953798577,8.320762484285586,7.196296928689393,6.0,4.0,0.0,0.2970543281923024,0.24040572460747534,0.5374600527997777,0.7036543004029456,0.8092988446606483,0.05664860358482704,0.21782784225182678,1.6367914633737068,5.138655469163215,4.590781369646578,4.0,3.0,2.0,dfp_5,fb_6,0.31708686093830396,0.19909684590801724,0.8009031540919828,71970.0,57641.0
Gad1-F-000694,dense,True,5,0.9535964439655172,0.013750448994252873,0.9673468929597702,0.9746430495689655,0.014419568236928219,0.9398459949712643,0.9101788156302514,0.23837106959083543,1.2691800595827463,1.0986852064970904,1.0,1.0,1.0,0.9535964439655172,0.013750448994252873,0.9673468929597702,0.9746430495689655,0.014419568236928219,0.9398459949712643,0.9101788156302513,0.23837106959083543,1.2691800595827463,1.0986852064970907,1.0,1.0,1.0,vlp_21,lh_25,1.0,0.02427936422413793,0.9757206357758621,89088.0,86925.0
Gad1-F-000703,dense,True,4,0.727574305032689,0.09646422101786899,0.824038526050558,0.8659639340107199,0.13258332564882835,0.63111008401482,0.5473363456453864,1.007855766876081,2.7397201136404523,1.8270301396134394,2.0,1.0,1.0,0.727574305032689,0.09646422101786899,0.824038526050558,0.8659639340107199,0.13258332564882835,0.63111008401482,0.5473363456453864,1.007855766876081,2.7397201136404523,1.8270301396134394,2.0,1.0,1.0,lh_25,dlp_23,1.0,0.07038757147223486,0.9296124285277652,134143.0,124701.0
Gad1-F-100171,dense,True,1,0.4706660583941606,0.14425182481751825,0.6149178832116788,0.7474680656934307,0.30648444315207907,0.32641423357664234,0.28590861052466837,1.5715788149122474,4.814242995436894,3.497621139023791,3.0,3.0,1.0,0.4706660583941606,0.27680200729927007,0.7474680656934307,0.7896897810218979,0.5881070078511195,0.19386405109489052,0.3241502496220497,1.3796310244789072,3.973435256639562,3.0849891405790144,2.0,2.0,2.0,dfp_5,fb_6,1.0,0.15216697080291972,0.8478330291970803,43840.0,37169.0
Gad1-F-100784,dense,True,1,0.2578942828689945,0.16518595770373798,0.4230802405727325,0.5356742388005866,0.6405181063577488,0.09270832516525654,0.16542441512207545,2.024375008444274,7.571377418632179,6.045056887534086,5.0,3.0,1.0,0.27777995593159205,0.2578942828689945,0.5356742388005866,0.5977620776450847,0.9284121383203952,0.01988567306259753,0.20265453780917708,1.8314966788669478,6.243223770531624,4.934505838411656,4.0,2.0,2.0,fb_6,dfp_5,0.18932956951305574,0.22036556391095358,0.7796344360890464,127529.0,99426.0
Gad1-F-200186,dense,True,5,0.407574931880109,0.17463215258855586,0.5822070844686649,0.6609264305177112,0.42846637250969377,0.23294277929155316,0.2783704697488288,1.5271781677679617,4.605163471470927,3.5923350666552065,3.0,2.0,1.0,0.40915531335149863,0.19446866485013625,0.6036239782016348,0.6836784741144414,0.475293020777837,0.21468664850136238,0.28684467179947876,1.4392737839625453,4.217631792711481,3.4862073390683674,3.0,2.0,1.0,al_3,ms_12,0.9922749067661162,0.2734059945504087,0.7265940054495913,36700.0,26666.0
Gad1-F-200219,dense,True,1,0.5684342494466101,0.08909087347450488,0.657525122921115,0.7067719250132226,0.1567303053277276,0.47934337597210525,0.3590879873391087,1.518027773395282,4.563216617367955,2.7848327854410764,2.0,1.0,1.0,0.5684342494466101,0.08909087347450488,0.657525122921115,0.7067719250132226,0.1567303053277276,0.47934337597210525,0.35908798733910874,1.518027773395282,4.563216617367955,2.784832785441076,2.0,1.0,1.0,dfp_5,fspp_19,1.0,0.147877529432506,0.852122470567494,51049.0,43500.0
Gad1-F-200247,dense,True,1,0.3712506507548757,0.16720061938515343,0.5384512701400291,0.636444942800315,0.45037124930334566,0.20405003136972225,0.19910124992251166,1.9279806564036992,6.875611990588176,5.022570176677397,5.0,2.0,1.0,0.3712506507548757,0.16720061938515343,0.5384512701400291,0.636444942800315,0.45037124930334566,0.20405003136972225,0.19910124992251166,1.9279806564036994,6.875611990588177,5.022570176677397,5.0,2.0,1.0,dlp_23,spp_20,1.0,0.09615821019048763,0.9038417898095124,149826.0,135419.0
Gad1-F-200719,dense,True,2,0.6872649627127286,0.12464146854484033,0.811906431257569,0.8579100006373893,0.18135868305124045,0.5626234941678883,0.5068600480974768,0.9900477568703837,2.6913630003541535,1.9729311942291514,2.0,2.0,1.0,0.7332685320925489,0.12464146854484033,0.8579100006373893,0.8695264197845625,0.16998065932155507,0.6086270635477086,0.5701571754407034,0.8104071856853778,2.2488234890077656,1.753902332680544,2.0,2.0,1.0,al_3,ms_12,0.8745246322011431,0.1296290394543948,0.8703709605456053,62756.0,54621.0
Gad1-F-400220,dense,True,1,0.7914115694913315,0.04497339360302111,0.8363849630943526,0.8626194426961149,0.0568268083721939,0.7464381758883104,0.6398145362933108,0.8099815658612557,2.2478665488106975,1.5629529235040216,1.0,1.0,1.0,0.7914115694913315,0.04497339360302111,0.8363849630943526,0.8626194426961149,0.0568268083721939,0.7464381758883104,0.6398145362933108,0.8099815658612557,2.2478665488106975,1.5629529235040216,1.0,1.0,1.0,dfp_5,fspp_19,1.0,0.10159066201293128,0.8984093379870687,34954.0,31403.0
Gad1-F-500004,dense,True,5,0.29987136118919433,0.22722106137228343,0.5270924225614777,0.7369846790495701,0.7577284488628626,0.0726502998169109,0.2072396315912901,1.7438330186709523,5.719223352687675,4.825331874610551,5.0,3.0,3.0,0.29987136118919433,0.22722106137228343,0.5270924225614777,0.7369846790495701,0.7577284488628626,0.0726502998169109,0.20723963159129005,1.7438330186709525,5.719223352687676,4.825331874610553,5.0,3.0,3.0,dlp_23,lh_25,1.0,0.11997440836356459,0.8800255916364355,146923.0,129296.0
Gad1-F-500321,dense,True,1,0.37158912994855736,0.3123462312681727,0.68393536121673,0.7729534779691344,0.8405688059589196,0.05924289868038468,0.2664828392550746,1.5089623146449713,4.522035908391302,3.7525868562320834,4.0,2.0,2.0,0.37158912994855736,0.3123462312681727,0.68393536121673,0.7729534779691344,0.8405688059589196,0.05924289868038468,0.2664828392550746,1.5089623146449715,4.522035908391303,3.7525868562320834,4.0,2.0,2.0,spp_20,lh_25,1.0,0.13099698054126593,0.869003019458734,71536.0,62165.0
Gad1-F-500457,dense,True,1,0.18611251261352169,0.16101160443995963,0.34712411705348134,0.5009775479313825,0.865130464249407,0.02510090817356206,0.2407553629264032,1.656013114078262,5.238384315644042,4.1535938715753185,4.0,3.0,0.0,0.34712411705348134,0.15738521695257315,0.5045093340060545,0.5597565590312815,0.45339752906976744,0.1897389001009082,0.3017746662603441,1.3994116683564553,4.052814866067205,3.3137307793003727,3.0,2.0,1.0,eb_8,mb_4,0.07231104651162791,0.39070383451059537,0.6092961654894047,31712.0,19322.0
Gad1-F-600059,dense,True,5,0.3481693683622135,0.1758664058133035,0.524035774175517,0.6355855226383454,0.5051173991571343,0.17230296254891,0.20421517528903885,1.7963737213026474,6.027749484771141,4.896795738047556,5.0,4.0,1.0,0.3481693683622135,0.2465238960313024,0.5946932643935159,0.7062430128563443,0.7080573951434879,0.10164547233091112,0.22916255397363428,1.640458097116146,5.157531621517896,4.363714676155392,4.0,4.0,2.0,dlp_23,mb_4,1.0,0.15392677473448854,0.8460732252655114,57248.0,48436.0
Gad1-F-600604,dense,True,1,0.49137607158714436,0.1560048726618623,0.6473809442490066,0.7477031319375661,0.3174856931025694,0.33537119892528205,0.2943863529367301,1.6288131009086904,5.097820527838582,3.3968965953218673,3.0,3.0,1.0,0.49137607158714436,0.1560048726618623,0.6473809442490066,0.7477031319375661,0.3174856931025694,0.33537119892528205,0.29438635293673004,1.6288131009086904,5.097820527838582,3.3968965953218677,3.0,3.0,1.0,al_3,vlp_21,1.0,0.1247993442398989,0.8752006557601011,87837.0,76875.0
Gad1-F-700172,dense,True,1,0.729248947351242,0.04070241864412312,0.7699513659953652,0.7991970493194505,0.05581416166860621,0.6885465287071189,0.5627501315702745,0.9078380943217226,2.478957463869965,1.7769875898733984,1.0,1.0,1.0,0.7699513659953651,0.05506413813362927,0.8250155041289944,0.8313803570845709,0.07151638475560643,0.7148872278617358,0.6236434586956243,0.7056445015889903,2.025151477752013,1.603480299611481,2.0,1.0,1.0,al_3,ms_12,0.8942727542498622,0.1665633058067043,0.8334366941932957,30637.0,25534.0
Gad1-F-700193,dense,True,1,0.5128840667820231,0.07463873170275452,0.5875227984847776,0.6392227470420427,0.1455274915656059,0.4382453350792686,0.39368525005000254,1.11141911954759,3.0386675686411,2.5401002447335492,3.0,1.0,1.0,0.5128840667820231,0.07463873170275452,0.5875227984847776,0.6392227470420427,0.1455274915656059,0.4382453350792686,0.39368525005000254,1.1114191195475898,3.0386675686410993,2.5401002447335492,3.0,1.0,1.0,al_3,lh_25,1.0,0.3497170649581443,0.6502829350418556,42766.0,27810.0
Gad1-F-700607,dense,True,3,0.44709304674558603,0.18219465880166458,0.6292877055472506,0.7543533594602237,0.407509488523405,0.26489838794392145,0.2689844954571825,1.6350576951440283,5.12975395038254,3.7176863978733747,4.0,3.0,1.0,0.4479616985172316,0.3072603127146378,0.7552220112318694,0.8300270696133489,0.6859075535512965,0.14070138580259384,0.31549098317451996,1.4050800660088467,4.075853065491212,3.1696626950724314,3.0,2.0,2.0,dfp_5,fb_6,0.9961217587373168,0.11936891438729748,0.8806310856127025,49502.0,43593.0
Gad1-F-800371,dense,True,1,0.7042263724481664,0.0650980164882134,0.7693243889363799,0.8169489560845564,0.09243904948050613,0.639128355959953,0.5329684237326973,0.91902614335468,2.5068478903302953,1.8762837636729035,2.0,1.0,1.0,0.7042263724481664,0.0650980164882134,0.7693243889363799,0.8169489560845564,0.09243904948050613,0.639128355959953,0.5329684237326973,0.91902614335468,2.5068478903302953,1.8762837636729035,2.0,1.0,1.0,dfp_5,mb_4,1.0,0.174575116996769,0.825424883003231,69019.0,56970.0
Gad1-F-900395,dense,True,1,0.6407279075303515,0.09016848731716348,0.7308963948475149,0.8142848326147714,0.14072820343461032,0.550559420213188,0.43899210111584597,1.2728193014583327,3.5709058441344586,2.2779453148659483,3.0,1.0,1.0,0.730896394847515,0.08629795187839995,0.817194346725915,0.843618024880754,0.11807138807464505,0.6445984429691151,0.5551225913105148,0.9797370434091743,2.6637556977100316,1.801403898261884,2.0,1.0,1.0,dfp_5,idlp_24,0.7532660225093186,0.10982093263152326,0.8901790673684767,113421.0,100965.0
TH-F-000009,dense,True,7,0.5092764577443945,0.155612846767932,0.6648893045123264,0.7243144000652033,0.305556725431895,0.3536636109764625,0.3214446393950015,1.5373177009404568,4.652095210127644,3.110955596839703,3.0,2.0,1.0,0.5092764577443945,0.155612846767932,0.6648893045123264,0.7303242577761382,0.305556725431895,0.3536636109764625,0.32218677104853993,1.513956223473505,4.544675025229927,3.1037897575544537,3.0,2.0,1.0,vlp_21,dmp_10,1.0,0.18220893371139815,0.8177910662886019,233117.0,190641.0
TH-F-000010,dense,True,7,0.4388688095534834,0.13637960140945604,0.5752484109629394,0.6701374332944335,0.3107525493739512,0.30248920814402736,0.26487741610271737,1.6346153246016344,5.127485200196285,3.7753313012242913,4.0,2.0,1.0,0.4388688095534834,0.13637960140945604,0.5752484109629394,0.6701374332944335,0.3107525493739512,0.30248920814402736,0.26868636453703354,1.5751369179235033,4.831403078503469,3.721811494688515,4.0,2.0,1.0,dlp_23,fspp_19,1.0,0.1994312323676369,0.8005687676323631,88261.0,70659.0
TH-F-000012,dense,True,5,0.24589884790957178,0.24376494456923412,0.48966379247880587,0.6307513948264618,0.991322027905058,0.0021339033403376673,0.16860137606815345,1.97289396293966,7.191458216627964,5.931149693557493,6.0,3.0,2.0,0.24589884790957178,0.24376494456923412,0.48966379247880587,0.6307513948264618,0.991322027905058,0.0021339033403376673,0.16860137606815345,1.97289396293966,7.191458216627964,5.931149693557493,6.0,3.0,2.0,dlp_23,lh_25,1.0,0.1280631838272589,0.8719368161727411,276020.0,240672.0
TH-F-000019,dense,True,8,0.7733613221176838,0.06242606380033325,0.835787385918017,0.8811483455910114,0.08072043689667965,0.7109352583173506,0.610225663240307,0.8897133901885675,2.4344318192472367,1.63873802797802,2.0,1.0,1.0,0.7733613221176838,0.06242606380033325,0.835787385918017,0.8811483455910114,0.08072043689667965,0.7109352583173506,0.6102256632403069,0.8897133901885677,2.434431819247237,1.6387380279780202,2.0,1.0,1.0,dfp_5,fspp_19,1.0,0.07190499921973713,0.9280950007802629,198651.0,184367.0
TH-F-000036,dense,True,6,0.5019446378412119,0.16314551172784672,0.6650901495690587,0.7414231868052721,0.3250269042209733,0.33879912611336516,0.3127098175657501,1.4963306437973976,4.465274291003484,3.1978529097179393,3.0,2.0,1.0,0.5019446378412119,0.16314551172784672,0.6650901495690587,0.7414231868052721,0.3250269042209733,0.33879912611336516,0.3127098175657501,1.4963306437973978,4.465274291003485,3.1978529097179393,3.0,2.0,1.0,dfp_5,fspp_19,1.0,0.15851199193335413,0.8414880080666458,83306.0,70101.0
TH-F-000046,dense,True,2,0.8181504652462115,0.06278927002214145,0.8809397352683529,0.9066955448105561,0.07674538204075439,0.7553611952240701,0.6778946039192342,0.7453263527789735,2.107128990183451,1.4751555687543756,2.0,1.0,1.0,0.8181504652462115,0.06278927002214145,0.8809397352683529,0.9066955448105561,0.07674538204075439,0.7553611952240701,0.6778946039192341,0.7453263527789737,2.1071289901834516,1.4751555687543758,2.0,1.0,1.0,dfp_5,ms_12,1.0,0.05665036523034688,0.9433496347696532,144977.0,136764.0
TH-F-000079,dense,True,1,0.4596405842367254,0.18430686820594858,0.6439474524426739,0.7400712346624625,0.40098040627114495,0.27533371603077683,0.2745348594286957,1.6922979558724345,5.43194875266807,3.6425246763962504,3.0,2.0,1.0,0.4596405842367254,0.18430686820594858,0.6439474524426739,0.7401456786896528,0.40098040627114495,0.27533371603077683,0.27461889233133174,1.6858353610625934,5.396957457916265,3.641410070190966,3.0,2.0,1.0,vlp_21,dmp_10,1.0,0.13143010284855935,0.8685698971514406,604481.0,525034.0
TH-F-000091,dense,True,2,0.4033519292266754,0.09992763941084475,0.5032795686375201,0.6014215354450176,0.24774305555555554,0.30342428981583064,0.21279966758581517,1.953566846601546,7.053802595074557,4.699255460992356,5.0,1.0,1.0,0.4587544641815084,0.19806960621834224,0.6568240703998507,0.7336663476576177,0.43175515811433074,0.26068485796316615,0.2805084796734343,1.571663068099368,4.814648627840504,3.5649546180001117,4.0,2.0,1.0,dfp_5,mb_4,0.7584654132851655,0.13964426600686258,0.8603557339931374,85682.0,73717.0
TH-F-100005,dense,True,2,0.483181723284321,0.14611530317038982,0.6292970264547109,0.6991917444600197,0.3024023801587596,0.3370664201139312,0.2948162527960336,1.638964030959793,5.149831681614014,3.3919432545390995,3.0,2.0,1.0,0.483181723284321,0.14611530317038982,0.6292970264547109,0.6991917444600197,0.3024023801587596,0.3370664201139312,0.2948420356449898,1.6364321507143385,5.136809416875852,3.391646641607336,3.0,2.0,1.0,vlp_21,dmp_10,1.0,0.1817978466402219,0.8182021533597781,335290.0,274335.0
TH-F-100036,dense,True,5,0.4142449722181246,0.133844716526528,0.5480896887446526,0.6402738850371245,0.3231052287969612,0.28040025569159666,0.24103395723979454,1.689941403395086,5.419163151265368,4.1487930225745835,5.0,2.0,1.0,0.4142449722181246,0.1760952942911934,0.590340266509318,0.724184983035846,0.4250994124280372,0.23814967792693123,0.25651412600905316,1.5660047772239611,4.787482873789212,3.8984207831295303,4.0,3.0,1.0,dlp_23,dfp_5,1.0,0.17206323449869695,0.827936765501303,81348.0,67351.0
TH-F-100050,dense,True,5,0.16336911802908285,0.15581747992774592,0.3191865979568288,0.45231895702815855,0.9537756083129946,0.007551638101336938,0.13240388032234574,2.223477057495562,9.239401007235804,7.552648740848349,5.0,4.0,0.0,0.3191865979568288,0.13347067245826966,0.45265727041509846,0.5704205356225873,0.4181587614036416,0.18571592549855914,0.18357415412269135,1.9837029432261986,7.269612168064385,5.4473899377559025,4.0,3.0,1.0,fb_6,dmp_10,0.02365900745731915,0.19992508775003473,0.8000749122499653,165527.0,132434.0
TH-F-100075,dense,True,6,0.5732457259504976,0.13544271497831079,0.7086884409288083,0.7883261035978566,0.23627339698649036,0.4378030109721868,0.37286955008350076,1.362623569633659,3.906428656941217,2.6819030939267074,3.0,2.0,1.0,0.5732457259504976,0.13544271497831079,0.7086884409288083,0.7883261035978566,0.23627339698649036,0.4378030109721868,0.37286955008350076,1.362623569633659,3.906428656941217,2.6819030939267074,3.0,2.0,1.0,dfp_5,fspp_19,1.0,0.13125797397295227,0.8687420260270478,78380.0,68092.0
TH-F-100083,dense,False,4,0.4295141482850365,0.12042097537320279,0.5499351236582393,0.6483309086619746,0.2803655615397525,0.3090931729118337,0.2433017925396645,1.7762594598937957,5.9077169853662355,4.110121793849809,4.0,2.0,1.0,0.466965491028716,0.2188167603769381,0.6857822514056541,0.7366086056173737,0.468593000084201,0.2481487306517779,0.299172213374568,1.4951770959026032,4.460126353012786,3.342556411641028,3.0,2.0,2.0,dfp_5,mb_4,0.8395969575345926,0.16813457581357555,0.8318654241864245,152598.0,126941.0
TH-F-100095,dense,True,5,0.3710104187792719,0.09439159328557077,0.46540201206484266,0.5560062446644436,0.25441763494444586,0.2766188254937011,0.19833358288787947,1.9549135090732546,7.063308085219094,5.0420104625716,5.0,1.0,1.0,0.41167148537173204,0.18499582588517174,0.5966673112569038,0.6605383428999957,0.44937731287879656,0.2266756594865603,0.24561259109500125,1.6937161439695103,5.4396577428400175,4.071452507958791,4.0,2.0,1.0,dfp_5,mb_4,0.8024586689275116,0.1766570292565359,0.8233429707434641,212021.0,174566.0
TH-F-100099,dense,False,2,0.42523417221532556,0.0948865222530426,0.5201206944683682,0.5930125505615975,0.22313945692256118,0.33034764996228294,0.23851831156841194,1.8238082259894959,6.1954070924525375,4.192550221508588,4.0,1.0,1.0,0.4790774475970991,0.14359790685380644,0.6226753544509055,0.6955672105441348,0.2997383984031144,0.33547954074329267,0.2937018747685162,1.5547953923845017,4.734117789505058,3.4048131316429595,3.0,2.0,1.0,dfp_5,mb_4,0.7752209975575586,0.18512226848579524,0.8148777315142047,168359.0,137192.0
TH-F-200004,dense,True,6,0.5347675172597932,0.15578950045136108,0.6905570177111543,0.7410331718604976,0.2913219210651451,0.3789780168084321,0.33744453169125366,1.4847118434806434,4.413693394991062,2.9634500075851116,3.0,2.0,1.0,0.5347675172597932,0.15578950045136108,0.6905570177111543,0.7410331718604976,0.2913219210651451,0.3789780168084321,0.33744453169125366,1.4847118434806432,4.4136933949910615,2.9634500075851116,3.0,2.0,1.0,dfp_5,fspp_19,1.0,0.14657156298076313,0.8534284370192369,78651.0,67123.0
TH-F-200010,dense,True,1,0.36842457630360764,0.09285932897203412,0.4612839052756418,0.547629978193504,0.2520443394512084,0.2755652473315735,0.20317021095754872,1.9050853300806352,6.7199810196930825,4.92198140311497,5.0,1.0,1.0,0.40455354068633076,0.15867095145185356,0.5632244921381844,0.6495896935613452,0.39221248980460305,0.2458825892344772,0.24201797995414315,1.6754493300577462,5.3411945692312335,4.131924414002121,4.0,2.0,1.0,dfp_5,mb_4,0.8213884653120087,0.19455124526569495,0.8054487547343051,209112.0,168429.0
TH-F-200026,dense,True,5,0.6963384455081241,0.14447592067988668,0.8408143661880108,0.8545716518511282,0.20747945429676998,0.5518625248282374,0.5177513361941483,1.019767283192296,2.772549470019972,1.9314291052355999,2.0,2.0,1.0,0.8408143661880109,0.019667220214255477,0.8604815864022664,0.8742388720653838,0.023390680517770525,0.8211471459737554,0.7192222539642648,0.6107410272858258,1.841795714100833,1.3903907929546435,1.0,1.0,1.0,dfp_5,idlp_24,0.6563428825915635,0.10720914330370225,0.8927908566962978,122844.0,109674.0
TH-F-200034,dense,True,6,0.3770633812984263,0.10680254102699842,0.48386592232542475,0.590199239616921,0.2832482450542438,0.2702608402714279,0.19764372961945453,1.959693200762024,7.097149331103556,5.059609034525969,5.0,3.0,1.0,0.4126521969295924,0.21313585831849463,0.625788055248087,0.7092978487896434,0.5165024199661787,0.19951633861109774,0.2478352430235605,1.669707376258382,5.31061355817896,4.03493864633665,4.0,2.0,2.0,dfp_5,mb_4,0.8275118082687037,0.13599667933971799,0.8640033206602821,166232.0,143625.0
TH-F-200037,dense,True,5,0.35709926306488493,0.17736543419051,0.5344646972553949,0.6337368713506226,0.49668384266108867,0.17973382887437492,0.20983323905932527,1.851537047108051,6.36960238123805,4.76568919434768,3.0,2.0,1.0,0.37180152852549214,0.2766376082857377,0.6484391368112299,0.7027573579646381,0.7440464523716189,0.09516392023975445,0.25602530386297123,1.5917661722500596,4.912417446399772,3.9058639318526724,3.0,2.0,2.0,dfp_5,mb_4,0.9209133673069384,0.18644731688209948,0.8135526831179005,109779.0,89311.0
TH-F-200064,dense,True,5,0.3220883481796678,0.15445618104925682,0.47654452922892465,0.5633287936348649,0.4795460063122117,0.167632167130411,0.20045417215726186,1.8618192809318304,6.435433990285832,4.988671421692696,4.0,2.0,1.0,0.34367689510690014,0.24124044545519707,0.5849173405620972,0.6495070408768352,0.70193966743141,0.10243644965170307,0.24117058479522513,1.6235148122032386,5.070882229372092,4.1464426553059415,3.0,2.0,2.0,dfp_5,mb_4,0.8743671906107203,0.23894018675754752,0.7610598132424525,153461.0,116793.0
TH-F-200081,dense,False,5,0.42554018224484197,0.1225657513790266,0.5481059336238686,0.6381540852710816,0.28802391993268045,0.3029744308658154,0.22684238975930382,1.8987198166769221,6.677340748030967,4.408347139443701,4.0,2.0,1.0,0.45042361259257,0.2126139030262396,0.6630375156188096,0.7297031664279402,0.4720309883455403,0.23780970956633044,0.27009382746326815,1.6575983789764877,5.246695128102215,3.7024170799904583,3.0,2.0,2.0,dfp_5,mb_4,0.8895109863157361,0.10880596105202206,0.8911940389479779,131252.0,116971.0
TH-F-200085,dense,True,1,0.18147592214375355,0.1773091529483173,0.35878507509207086,0.5351427610587531,0.9770395480225988,0.004166769195436237,0.13975812091313075,2.134200361576917,8.45028663061746,7.155219270739684,5.0,4.0,0.0,0.35878507509207086,0.17635768596668225,0.5351427610587531,0.6606707842220527,0.49154131041104654,0.1824273891253886,0.20523712990299703,1.850472884569628,6.362827694322627,4.872412708522276,4.0,3.0,1.0,fb_6,ms_12,0.011613552192400897,0.1320406506065602,0.8679593493934398,121917.0,105819.0
TH-F-200096,dense,True,5,0.3610189807864632,0.11395454386761163,0.47497352465407483,0.5607711017235159,0.3156469602217781,0.2470644369188516,0.19287428522063854,1.9568832620886052,7.077234769179292,5.184724334071024,5.0,2.0,1.0,0.3917245633022612,0.1997521209370527,0.5914766842393139,0.6536268314538747,0.5099300366898888,0.1919724423652085,0.2346464324473203,1.7102677092903715,5.530441830120887,4.261731105690289,4.0,2.0,1.0,dfp_5,mb_4,0.8432287102092958,0.1725494303436558,0.8274505696563442,171858.0,142204.0
TH-F-200106,dense,True,6,0.16147639063602615,0.1185760746172491,0.28005246525327526,0.3838784401558617,0.734324529735892,0.04290031601877704,0.1349405196056142,2.2444816964075445,9.435523822974195,7.4106725164736575,5.0,4.0,0.0,0.22084496671064338,0.16147639063602615,0.3823213573466695,0.48614733224925594,0.7311753264795777,0.059368576074617235,0.1593331549169893,2.080679347939475,8.009908581263938,6.276157655454624,4.0,3.0,1.0,fb_6,ms_12,0.07383995554320645,0.24438529745650905,0.755614702543491,130372.0,98511.0
TH-F-300037,dense,True,5,0.4180849126640613,0.09924920508187307,0.5173341177459343,0.6117787956465099,0.237390066169696,0.3188357075821882,0.23122051259208032,1.8358694191379015,6.27058354152464,4.324875802711336,4.0,1.0,1.0,0.44033561653429704,0.19369388298244877,0.6340294995167458,0.7179126220391926,0.43987784705433264,0.24664173355184826,0.268628936113612,1.6112720307417185,5.009179006656995,3.7226071564273595,3.0,2.0,1.0,dfp_5,mb_4,0.8989375238579972,0.16235940104494964,0.8376405989550504,142782.0,119600.0
TH-F-300046,dense,True,1,0.17053671914414706,0.14020585660754864,0.3107425757516957,0.44975831037174063,0.8221446812814482,0.03033086253659842,0.13272134958753506,2.1965224316213563,8.9936829065858,7.534582816613538,5.0,5.0,0.0,0.2764230797424852,0.17053671914414706,0.4469597988866323,0.5871656554941809,0.6169409562436627,0.10588636059833814,0.17220962611818705,1.959456374256571,7.095468737041257,5.806876320105953,4.0,4.0,1.0,fb_6,ms_12,0.005818578894002028,0.17799222971079173,0.8220077702892082,231909.0,190631.0
TH-F-300062,dense,True,5,0.48893559588915914,0.13036876660715038,0.6193043624963095,0.7366615585766705,0.26663791244339013,0.3585668292820088,0.2944578680222548,1.5535154379306397,4.728062210614589,3.3960715898561795,4.0,3.0,1.0,0.48893559588915914,0.13036876660715038,0.6193043624963095,0.7366615585766705,0.26663791244339013,0.3585668292820088,0.2944578680222549,1.5535154379306395,4.728062210614588,3.3960715898561786,4.0,3.0,1.0,dmp_10,vmp_15,1.0,0.13243543421108128,0.8675645657889187,142258.0,123418.0
TH-F-300078,dense,True,5,0.23631345043694996,0.10328703775226972,0.3396004881892197,0.4332988305087364,0.43707642354376863,0.13302641268468024,0.13598348400807359,2.247281237356103,9.46197596794282,7.353834234315015,6.0,2.0,1.0,0.23631345043694996,0.10328703775226972,0.3396004881892197,0.43730012822691533,0.43707642354376863,0.13302641268468024,0.1391947034381379,2.189472419709002,8.930500315662824,7.184181404175545,6.0,2.0,1.0,lh_25,dmp_10,1.0,0.19902465149572318,0.8009753485042768,194187.0,155539.0
TH-F-700015,dense,True,1,0.15625099487440705,0.14881729330489318,0.3050682881793002,0.4384928846582407,0.9524246128769356,0.0074337015695138675,0.1220474074842525,2.2216612591848843,9.222639341003246,8.193537418064597,6.0,5.0,0.0,0.30506828817930026,0.1347776256725351,0.43984591385183536,0.5684473592053739,0.4417949386903209,0.17029066250676517,0.17079818040325936,1.960202244367641,7.100763009270512,5.8548633108325365,6.0,4.0,1.0,fb_6,dmp_10,0.024367336290112184,0.1506001082423355,0.8493998917576645,62822.0,53361.0
TH-M-000008,dense,True,6,0.25613945469637955,0.21621863227124705,0.4723580869676266,0.5634697656599196,0.8441441890611756,0.03992082242513251,0.1864924930500514,1.9651333170689402,7.135863859200897,5.362146130630669,3.0,2.0,2.0,0.4723580869676266,0.09111167869229296,0.5634697656599196,0.6100695996424239,0.19288688223207526,0.3812464082753336,0.298282507978318,1.6081987098603476,4.9938078246034845,3.352526458147822,2.0,1.0,1.0,fb_6,dfp_5,0.08451389639883206,0.24669561330694081,0.7533043866930592,156610.0,117975.0
TH-M-000021,dense,True,2,0.7545613983375582,0.04474444378942404,0.7993058421269822,0.8382656369745917,0.05929861226403117,0.7098169545481342,0.5923770472057343,0.8662118251807824,2.3778859227335345,1.6881140225081968,1.0,1.0,1.0,0.7545613983375582,0.04474444378942404,0.7993058421269822,0.8382656369745917,0.05929861226403117,0.7098169545481342,0.5923770472057343,0.8662118251807824,2.3778859227335345,1.6881140225081968,1.0,1.0,1.0,dfp_5,fspp_19,1.0,0.1388978954194423,0.8611021045805577,135704.0,116855.0
TH-M-000029,dense,True,7,0.6667076731823862,0.05831126535316322,0.7250189385355494,0.7818604440358181,0.08746151829155782,0.608396407829223,0.47905190973990613,1.1314066341973756,3.100014020421158,2.087456452355935,3.0,1.0,1.0,0.6667076731823862,0.05831126535316322,0.7250189385355494,0.7818604440358181,0.08746151829155782,0.608396407829223,0.4790519097399062,1.1314066341973756,3.100014020421158,2.0874564523559345,3.0,1.0,1.0,dfp_5,fspp_19,1.0,0.16490446560956185,0.8350955343904382,154447.0,128978.0
TH-M-000030,dense,True,3,0.2262090416038537,0.22232330058394414,0.4485323421877978,0.5716371229055119,0.9828223443574178,0.0038857410199095443,0.16365954603517804,1.992573674187482,7.33438581183188,6.110245471321627,5.0,3.0,2.0,0.2262090416038537,0.22232330058394414,0.4485323421877978,0.5716371229055119,0.9828223443574178,0.0038857410199095443,0.16365954603517804,1.9925736741874824,7.334385811831883,6.110245471321627,5.0,3.0,2.0,lh_25,dlp_23,1.0,0.1856145275597373,0.8143854724402627,230844.0,187996.0
TH-M-000032,dense,True,8,0.666048668820717,0.06338154113958008,0.7294302099602971,0.7647335853015869,0.0951605252087678,0.602667127681137,0.4857536149245998,1.0813398535852412,2.9486276348558804,2.058656836048916,2.0,1.0,1.0,0.666048668820717,0.06338154113958008,0.7294302099602971,0.7647335853015869,0.0951605252087678,0.602667127681137,0.4857536149245998,1.081339853585241,2.9486276348558795,2.058656836048916,2.0,1.0,1.0,dfp_5,mb_4,1.0,0.1901327006307155,0.8098672993692845,167746.0,135852.0
TH-M-000045,dense,True,4,0.3653138384497837,0.13385035907222337,0.4991641975220071,0.595378335138858,0.36639827179890017,0.23146347937756034,0.23934112225765997,1.7030030989745129,5.490410905933992,4.1781370061575185,4.0,2.0,1.0,0.37409514517135745,0.2300644966890743,0.6041596418604318,0.6578805770982947,0.6149892605093586,0.14403064848228314,0.27151422273274933,1.5045242917635175,4.502011476868583,3.6830483130318266,3.0,2.0,2.0,dfp_5,mb_4,0.953053083768027,0.2727155330124043,0.7272844669875956,139387.0,101374.0
TH-M-100016,dense,True,3,0.35365731886228696,0.15608605817606439,0.5097433770383514,0.5944266500756581,0.4413483048454705,0.19757126068622258,0.22142148251486443,1.803362372083666,6.070022865807481,4.516273618269484,4.0,2.0,1.0,0.3745727431235646,0.24076933121337113,0.6153420743369358,0.67223540797751,0.6427839068203257,0.13380341191019346,0.26265102575673666,1.5665254616054616,4.789976290433514,3.8073333127820512,3.0,2.0,2.0,dfp_5,mb_4,0.8883238321781569,0.24448694610226512,0.7555130538977348,130191.0,98361.0
TH-M-100027,dense,True,5,0.6530124248775461,0.09432137935826028,0.7473338042358063,0.8084739286003775,0.1444404053658666,0.5586910455192858,0.45598538950994516,1.2136993584737985,3.3659133693804737,2.193052722752183,3.0,1.0,1.0,0.6530124248775461,0.09432137935826028,0.7473338042358063,0.8084739286003775,0.1444404053658666,0.5586910455192858,0.4560214721651423,1.2096544143889336,3.352325936735459,2.1928791976660755,3.0,1.0,1.0,vlp_21,dmp_10,1.0,0.1245382646857884,0.8754617353142116,172718.0,151208.0
TH-M-100057,dense,True,6,0.12205452682704712,0.1087690673142597,0.23082359414130682,0.3391752675115732,0.8911514397854895,0.013285459512787423,0.21555875387984988,2.0459420916888664,7.736443544963866,4.639106424587095,4.0,3.0,0.0,0.21712074068452608,0.13386013508385824,0.3509808757683843,0.42562798816118996,0.6165239426773855,0.08326060560066784,0.24385752436856462,1.7762006825129666,5.9073697554398885,4.100755154426183,3.0,2.0,1.0,eb_8,ms_12,0.0019224047535826635,0.41075358579342797,0.5892464142065721,210832.0,124232.0
TH-M-100063,dense,True,5,0.17129521196506842,0.13888145347475492,0.31017666543982336,0.44382172851072377,0.810772536380506,0.0324137584903135,0.22492854533306983,1.9035115829932865,6.709413786393585,4.44585634304094,3.0,3.0,0.0,0.3049402750359688,0.13938334392879848,0.4443236189647673,0.4808361494964366,0.45708407625840075,0.16555693110717035,0.2719500720365981,1.6304606357400058,5.106226287211303,3.677145560253514,2.0,2.0,1.0,eb_8,ms_12,0.12346728843780003,0.3946615585371566,0.6053384414628433,119548.0,72367.0
TH-M-200010,dense,True,5,0.5708782742681048,0.13274470845835698,0.7036229827264617,0.7503852080123267,0.23252716812273597,0.4381335658097478,0.3801234431875622,1.317719070311627,3.734892626743177,2.6307243552631285,2.0,2.0,1.0,0.7036229827264617,0.06488727597112967,0.7685102586975914,0.8013137620630929,0.0922188125801386,0.6387357067553321,0.5333807187603452,0.9385397742560668,2.5562459955022656,1.8748334254079266,2.0,1.0,1.0,dfp_5,mb_4,0.6226822837878723,0.1813417403292515,0.8186582596707486,98648.0,80759.0
TH-M-200013,dense,True,5,0.2588447624342333,0.2325864333309162,0.4914311957651495,0.6048520300049148,0.8985556869825064,0.02625832910331713,0.21828319987957828,1.728369444705107,5.631464004690481,4.581204602789755,3.0,3.0,2.0,0.2588447624342333,0.2325864333309162,0.4914311957651495,0.6048520300049148,0.8985556869825064,0.02625832910331713,0.21828319987957828,1.728369444705107,5.631464004690481,4.581204602789755,3.0,3.0,2.0,cmp_13,ms_12,1.0,0.28597326629764813,0.7140267337023519,124113.0,88620.0
TH-M-200034,dense,True,5,0.6410652327272204,0.10611295872385149,0.7471781914510719,0.7936876430700126,0.16552599221833578,0.5349522740033689,0.4458740622413777,1.2237916624559728,3.4000551852829646,2.2427857654986028,2.0,2.0,1.0,0.6410652327272204,0.10611295872385149,0.7471781914510719,0.7936876430700126,0.16552599221833578,0.5349522740033689,0.4458753156736439,1.2235148270074354,3.399114059755159,2.2427794606417386,2.0,2.0,1.0,vlp_21,dmp_10,1.0,0.14270288947436618,0.8572971105256338,277836.0,238188.0
TH-M-200035,dense,True,7,0.3073019174691777,0.22448146709759806,0.5317833845667758,0.7039672457033025,0.7304915925886258,0.08282045037157962,0.2312322050598553,1.5960553699211486,4.933533027949572,4.324657111413812,3.0,3.0,2.0,0.3073019174691777,0.22448146709759806,0.5317833845667758,0.7039672457033025,0.7304915925886258,0.08282045037157962,0.23123220505985528,1.5960553699211486,4.933533027949572,4.324657111413812,3.0,3.0,2.0,dlp_23,spp_20,1.0,0.2356782232637129,0.7643217767362871,151919.0,116115.0
TH-M-200049,dense,True,3,0.3977023352597113,0.14200407424569625,0.5397064095054076,0.6023238937898354,0.3570612029546254,0.25569826101401505,0.24459752353536254,1.7035496156410823,5.493412327089036,4.088348833406834,4.0,2.0,1.0,0.4405343731694309,0.20462155853012406,0.645155931699555,0.701950566984621,0.46448488697481494,0.23591281463930683,0.2964502500101984,1.4368519168508929,4.207429608137987,3.373247281679129,3.0,2.0,2.0,dfp_5,mb_4,0.8055450810724989,0.23639368054766255,0.7636063194523375,114377.0,87339.0
TH-M-200064,dense,True,4,0.429923962663628,0.1190079272967707,0.5489318899603987,0.6509597867296911,0.2768115704913205,0.3109160353668573,0.2547859795593768,1.688617632347516,5.411994166078073,3.9248627484502308,3.0,3.0,1.0,0.4421349539625933,0.22103582406606315,0.6631707780286564,0.7120780490549846,0.4999284089282021,0.22109912989653013,0.2895698321359061,1.4801906774050388,4.393783396265827,3.4533984173139354,2.0,2.0,2.0,dfp_5,mb_4,0.944763510826161,0.19970175919868888,0.8002982408013112,142167.0,113776.0
TH-M-200095,dense,True,5,0.7064159667296976,0.057531991883453426,0.763947958613151,0.7998379203548162,0.08144208878770631,0.6488839748462443,0.5309798739757942,0.9975330579078443,2.7115842492647713,1.883310552831965,2.0,1.0,1.0,0.7423059284713628,0.06714369177225925,0.809449620243622,0.8247592363410206,0.0904528566955256,0.6751622366991036,0.5827925784937065,0.8256044895113044,2.2832605553102625,1.7158763458941317,2.0,1.0,1.0,dfp_5,mb_4,0.9033014277130356,0.1642344249627782,0.8357655750372218,159181.0,133038.0
TH-M-300005,dense,True,5,0.18176682545498962,0.15824884980253248,0.3400156752575221,0.48054843043850004,0.8706145877082458,0.02351797565245714,0.15582881215776825,2.1601315196205677,8.672278158195589,6.4172984838487634,3.0,3.0,0.0,0.2987816049835104,0.18176682545498962,0.48054843043850004,0.5295692357803021,0.6083601614798917,0.1170147795285208,0.2004328961579795,1.9386776439804059,6.949555105845985,4.989200970342756,2.0,2.0,1.0,fb_6,dfp_5,0.05929446232987548,0.2649118521232849,0.7350881478767152,196488.0,144436.0
TH-M-300017,dense,True,4,0.5704011076648556,0.14565877020583545,0.716059877870691,0.7933060345008984,0.25536200447110385,0.4247423374590202,0.3708344226324174,1.396831115765133,4.0423698469193745,2.6966212923314057,3.0,2.0,1.0,0.5704011076648556,0.14565877020583545,0.716059877870691,0.7933060345008984,0.25536200447110385,0.4247423374590202,0.3708344226324174,1.3968311157651332,4.042369846919375,2.6966212923314057,3.0,2.0,1.0,vlp_21,dmp_10,1.0,0.13052517286221105,0.869474827137789,237617.0,206602.0
TH-M-300063,dense,True,6,0.6751287023456802,0.14243387701666485,0.8175625793623451,0.8304574224094654,0.21097292489830433,0.5326948253290154,0.49394123015148006,1.0536139034906618,2.8679970768019194,2.0245323511327933,2.0,2.0,1.0,0.8175625793623451,0.02306306661023122,0.8406256459725763,0.8525853668139894,0.028209542844070935,0.794499512752114,0.6865653710066787,0.6541600610171947,1.923526194030082,1.456525543276013,1.0,1.0,1.0,dfp_5,mb_4,0.6515645881743862,0.131852231004715,0.868147768995285,101591.0,88196.0
Trh-F-000008,dense,True,5,0.4349859129328365,0.08522221212396619,0.5202081250568027,0.6043215486685449,0.19591947598800705,0.3497637008088703,0.23048987181034442,1.9851345776843836,7.280027048713993,4.338585431740085,4.0,1.0,1.0,0.47518858493138233,0.08522221212396619,0.5604107970553485,0.6445242206670907,0.1793439801090179,0.38996637280741614,0.26623476098894117,1.8139225298253534,6.134462914460123,3.756083526754562,4.0,1.0,1.0,al_3,dfp_5,0.8307927703930381,0.13321821321457783,0.8667817867854222,220060.0,190744.0
Trh-F-100001,dense,True,6,0.3585212741222971,0.18024232090728254,0.5387635950295797,0.7142352768951234,0.5027381467070183,0.17827895321501458,0.21568560801518055,1.7893832118102335,5.985759381881212,4.636377963288201,3.0,3.0,1.0,0.3585212741222971,0.3557140027728263,0.7142352768951234,0.7579977094043591,0.9921698611711581,0.0028072713494708412,0.2796845876394973,1.515112236154613,4.549931765034135,3.57545622531393,2.0,2.0,2.0,dfp_5,fb_6,1.0,0.137866301549166,0.862133698450834,116127.0,100117.0
Trh-F-100038,dense,True,5,0.32191108140005115,0.11376860036148456,0.4356796817615357,0.5002847309911114,0.3534162286886297,0.20814248103856658,0.16458366237245542,2.2276841699939975,9.278354089235355,6.075937219922742,5.0,2.0,1.0,0.3431462361864204,0.17483308161463104,0.5179793178010514,0.5825843670306271,0.5095002164606283,0.16831315457178933,0.1930748110731428,1.9931803265878103,7.338836584489019,5.179339523585853,4.0,2.0,1.0,al_3,ms_12,0.8762326230217904,0.17941353668903248,0.8205864633109675,121167.0,99428.0
Trh-F-100052,dense,True,1,0.3342621876513662,0.25336068609852697,0.5876228737498932,0.6486537310881272,0.7579699273756351,0.08090150155283926,0.2175415198303606,1.7870150467489003,5.971600887090815,4.596823635229736,4.0,2.0,2.0,0.37427700373251277,0.31425477961079296,0.6885317833433058,0.7641792745818732,0.8396315468940316,0.060022224121719814,0.2769497358315424,1.4652842929568524,4.328773705262439,3.610763509116544,3.0,2.0,2.0,dlp_23,dfp_5,0.7861753958587089,0.1750690942245776,0.8249309057754224,175485.0,144763.0
Trh-F-100066,dense,True,5,0.4267174405868718,0.13843322550243256,0.5651506660893043,0.6992473063501362,0.324414266527384,0.28828421508443924,0.246988872963708,1.7170041145954917,5.567822893441618,4.0487653876899055,4.0,3.0,1.0,0.4267174405868718,0.2725298657632645,0.6992473063501363,0.7726826969612064,0.6386658707655575,0.1541875748236073,0.28478916216577244,1.5028859298405368,4.494641591606293,3.5113695773925264,3.0,2.0,2.0,dfp_5,fb_6,1.0,0.14401156422731093,0.855988435772689,157036.0,134421.0
Trh-F-300112,dense,True,5,0.24749604638903533,0.15064722075792186,0.3981432671469572,0.5335031921747789,0.6086853626789729,0.09684882563111347,0.14802501929680792,2.101690849756656,8.179989358988486,6.75561472479784,5.0,3.0,1.0,0.2860071457857436,0.24749604638903533,0.5335031921747789,0.629590581620102,0.8653491705918492,0.03851109939670827,0.1910240067416447,1.8581459471514001,6.411837857985148,5.234944115440294,5.0,2.0,2.0,fb_6,dfp_5,0.05345074749129634,0.16713524278099923,0.8328647572190008,34146.0,28439.0
Trh-F-400055,dense,True,5,0.3175401043796147,0.1601529618316939,0.4776930662113086,0.6287789509127204,0.5043550708172385,0.15738714254792083,0.18036541692591074,1.9565783253670634,7.075076989421059,5.544300104996143,5.0,3.0,1.0,0.3175401043796147,0.31123884653310563,0.6287789509127204,0.7172851679934583,0.9801560251458001,0.00630125784650909,0.2293788592055329,1.7169657816132982,5.567609466276463,4.359599674806818,4.0,2.0,2.0,dfp_5,fb_6,1.0,0.13360109670747253,0.8663989032925274,41579.0,36024.0
Trh-M-000172,dense,True,1,0.45337627132462344,0.08966023276195911,0.5430365040865825,0.6102052463159611,0.19776119402985073,0.3637160385626643,0.2665354384937876,1.7424864113239318,5.711526987655561,3.751846304758112,5.0,1.0,1.0,0.520545013554002,0.09245256099300898,0.612997574547011,0.6660518109369586,0.17760723585034946,0.428092452560993,0.32794160451208415,1.5296715332916266,4.616660154061422,3.049323374165389,4.0,1.0,1.0,al_3,dfp_5,0.7419291685428454,0.2037686240140228,0.7962313759859773,98126.0,78131.0
Trh-M-100020,dense,True,2,0.2540961482710705,0.23074385452800575,0.48484000279907624,0.5842871852288745,0.9080966244393738,0.023352293743064773,0.16046614097219555,2.1173607928741314,8.309178879666876,6.2318442628546356,4.0,2.0,2.0,0.35354333070086874,0.2588645746903522,0.6124079053912209,0.6996091289874342,0.7322004184810269,0.09467875601051656,0.22660948736056885,1.7375962835495231,5.683665070588815,4.412877905720045,4.0,2.0,2.0,dlp_23,dfp_5,0.4374257761692021,0.14563194145931843,0.8543680585406815,100033.0,85465.0
Trh-M-100024,dense,True,5,0.3690069921584687,0.2465759657824089,0.6155829579408776,0.8431693740425596,0.6682148875827202,0.12243102637605982,0.2648034412336024,1.4708005495586711,4.35271831337548,3.776385968933943,3.0,3.0,3.0,0.47416238188409093,0.3690069921584687,0.8431693740425596,0.8522546298402875,0.778229160002559,0.10515538972562222,0.37704332702462356,1.1405139729462315,3.128375852602128,2.652215085972581,2.0,2.0,2.0,fb_6,dfp_5,0.040048621329409506,0.12584368506468885,0.8741563149353112,65931.0,57634.0
Trh-M-100025,dense,True,7,0.4198391100212327,0.14435240288286133,0.564191512904094,0.6935972965698735,0.34382790797065316,0.27548670713837137,0.24911895166302309,1.6562567827706935,5.239660901426368,4.014146628846908,4.0,3.0,1.0,0.4198391100212327,0.2737581865486408,0.6935972965698736,0.7726546846496607,0.652054989671629,0.14608092347259188,0.28761556794713444,1.433011438164086,4.191302052990077,3.476863255829762,3.0,2.0,2.0,dfp_5,fb_6,1.0,0.16649421334370046,0.8335057866562995,167195.0,139358.0
Trh-M-100037,dense,True,5,0.556040770020349,0.059030091300354755,0.6150708613207038,0.659874664601754,0.10616144441745606,0.49701067871999427,0.34797993089816276,1.5828242906304273,4.868686998751001,2.8737289458588133,2.0,1.0,1.0,0.6150708613207038,0.045884280852136645,0.6609551421728405,0.7013469953719544,0.07459999121664154,0.5691865804685671,0.41372302474929346,1.383255771092669,3.987864087260426,2.417076015060986,1.0,1.0,1.0,al_3,dfp_5,0.8080543397110275,0.169301831409483,0.830698168590517,111062.0,92259.0
Trh-M-100060,dense,True,3,0.3156337721420966,0.23027780466556966,0.5459115768076662,0.6128339463749879,0.7295727675234317,0.08535596747652693,0.23218282002607504,1.6515535668018226,5.215075505137081,4.306950875554428,4.0,2.0,2.0,0.3811465492207918,0.23126391443229116,0.6124104636530829,0.6828174910463652,0.6067585156026793,0.1498826347885006,0.2744882331615699,1.452931628934332,4.275630722505488,3.643143418142,3.0,2.0,2.0,dfp_5,dlp_23,0.6562331354560172,0.2632368599361146,0.7367631400638854,165296.0,121784.0
Trh-M-100071,dense,True,6,0.35231655909576476,0.1518956572912602,0.504212216387025,0.6295744286162054,0.43113402810559565,0.20042090180450456,0.2107556820185447,1.782857943151243,5.9468278512737545,4.744830556511443,4.0,4.0,1.0,0.35231655909576476,0.2772578695204406,0.6295744286162054,0.7331175518611153,0.7869566796179963,0.07505868957532413,0.2501521839143399,1.5565510529003284,4.742436593546477,3.9975665387052226,4.0,3.0,2.0,dfp_5,fb_6,1.0,0.18841432601339467,0.8115856739866053,156331.0,126876.0
Trh-M-200043,dense,True,3,0.7383347359702909,0.009057027211156974,0.7473917631814478,0.7487409663500715,0.01226683070688064,0.7292777087591339,0.6078512505347732,0.6297110384842353,1.8770681004468683,1.645139331572031,1.0,1.0,1.0,0.7383347359702909,0.009057027211156974,0.7473917631814478,0.7487409663500715,0.01226683070688064,0.7292777087591339,0.6078512505347731,0.6297110384842353,1.8770681004468683,1.6451393315720315,1.0,1.0,1.0,al_3,ammc_2,1.0,0.25025715010887134,0.7497428498911286,74859.0,56125.0
Trh-M-300071,dense,True,6,0.2670850342208412,0.22892422673084345,0.4960092609516846,0.6786693474684701,0.8571211314728919,0.03816080748999773,0.19766233614844975,1.7325154058289671,5.654860302080833,5.05913275885282,4.0,3.0,2.0,0.4115843132476289,0.2670850342208412,0.6786693474684701,0.7753813034383313,0.6489193723477745,0.14449927902678772,0.28129562226079485,1.4477789029462063,4.253656231850154,3.5549788936028297,3.0,2.0,2.0,fb_6,dfp_5,0.11240501332280667,0.17140884258413047,0.8285911574158695,49239.0,40799.0
Trh-M-300138,dense,True,6,0.2704405686057062,0.1834862385321101,0.4539268071378163,0.6149561447726586,0.6784715750232992,0.0869543300735961,0.1932913047951742,1.7868991825010778,5.970909032127136,5.173538463407209,4.0,3.0,1.0,0.34451557616695233,0.2704405686057062,0.6149561447726586,0.7075814094162719,0.7849879288901894,0.07407500756124613,0.2525366574201125,1.5367469089860935,4.64944058930095,3.9598211610777345,3.0,2.0,2.0,fb_6,dfp_5,0.06518399297680884,0.2238380885169876,0.7761619114830124,39676.0,30795.0
Trh-M-300140,dense,True,5,0.262590537506883,0.20744207717395907,0.47003261468084206,0.6710364691431234,0.7899830631502539,0.05514846033292392,0.2095186620248496,1.7036931082512274,5.494200647720193,4.772844530103942,3.0,3.0,3.0,0.40844593163624043,0.262590537506883,0.6710364691431234,0.7138802998856368,0.6429015866431609,0.14585539412935744,0.29303792149324553,1.4099469666762792,4.09573818770219,3.412527617259426,2.0,2.0,2.0,fb_6,dfp_5,0.015762729441045318,0.23304671947138803,0.766953280528612,47218.0,36214.0
Trh-M-400023,dense,True,5,0.21586467811024607,0.15201825970046587,0.3678829378107119,0.5022668292530407,0.7042294322132098,0.0638464184097802,0.17549765598719871,1.897608150553959,6.669921898935524,5.698081802716173,5.0,4.0,1.0,0.2864021511427946,0.21586467811024607,0.5022668292530407,0.6084482381265047,0.7537117903930131,0.07053747303254854,0.21787943247595493,1.662158992393792,5.270677922859166,4.589694349008181,5.0,3.0,2.0,fb_6,dfp_5,0.06157205240174673,0.2669855860926117,0.7330144139073883,31983.0,23444.0
Trh-M-400052,dense,True,6,0.26917246932878597,0.21138269148784994,0.4805551608166359,0.6715219553787125,0.785305763308403,0.05778977784093603,0.20202669697902564,1.7316096664909648,5.649740791475392,4.949840862387706,4.0,3.0,2.0,0.4023494860499266,0.26917246932878597,0.6715219553787126,0.7412012694803658,0.6690016482222746,0.13317701672114063,0.2827621630010853,1.4518469083508683,4.270995372337869,3.5365410611750123,3.0,2.0,2.0,fb_6,dfp_5,0.050741700023546034,0.20539055468712994,0.79460944531287,42222.0,33550.0
Trh-M-400110,dense,True,6,0.24641361795593383,0.18765872743496465,0.43407234539089845,0.5793808772050244,0.7615598885793872,0.05875489052096919,0.18821739883056565,1.797323267360091,6.033475828813109,5.313005100555053,4.0,4.0,1.0,0.3292607591461322,0.24641361795593383,0.575674377102066,0.7209829089161919,0.7483844069209924,0.08284714119019834,0.24136371602287027,1.571705173573546,4.814851355171916,4.143124809634791,3.0,3.0,2.0,fb_6,dfp_5,0.1398790910986033,0.22447205253163108,0.775527947468369,43707.0,33896.0
Trh-M-400131,dense,True,6,0.17282399881779223,0.17270085217476971,0.3455248509925619,0.511969853701788,0.9992874447769702,0.00012314664302251477,0.17527160765235195,1.9023992122290783,6.701954580123265,5.705430636452436,4.0,4.0,0.0,0.33914585488399585,0.17282399881779223,0.511969853701788,0.6387616373577656,0.5095860566448802,0.16632185606620362,0.23281091908047857,1.660707869788983,5.263035069682308,4.295331180984333,3.0,3.0,1.0,fb_6,dfp_5,0.018445896877269427,0.26323826412491996,0.7367617358750801,40602.0,29914.0
Trh-M-500163,dense,True,8,0.6854971754236865,0.06454031895215717,0.7500374943758437,0.7549367594860771,0.09415110851808633,0.6209568564715293,0.5341518249341037,0.8063967559142073,2.2398228007150656,1.872126899731862,2.0,1.0,1.0,0.6854971754236865,0.06454031895215717,0.7500374943758437,0.7549367594860771,0.09415110851808633,0.6209568564715293,0.5341518249341037,0.8063967559142073,2.2398228007150656,1.872126899731862,2.0,1.0,1.0,dfp_5,mb_4,1.0,0.24506324051392292,0.7549367594860771,20003.0,15101.0
Trh-M-700039,dense,True,8,0.23122854990373615,0.22288568319428556,0.4541142330980217,0.5912204581601048,0.9639193918185109,0.008342866709450586,0.17287793536480417,1.8919852501897676,6.632522836798081,5.784428174074479,5.0,4.0,2.0,0.23122854990373615,0.22288568319428556,0.4541142330980217,0.5912204581601048,0.9639193918185109,0.008342866709450586,0.1728779353648042,1.8919852501897676,6.632522836798081,5.7844281740744785,5.0,4.0,2.0,spp_20,dlp_23,1.0,0.1699545188202796,0.8300454811797204,143356.0,118992.0
VGlut-F-000016,dense,True,6,0.9352260582686678,0.011688372034080876,0.9469144303027487,0.9546236023165534,0.012497910992470539,0.9235376862345869,0.8767475446081243,0.30032962994966533,1.3503038348099226,1.140579185137,1.0,1.0,1.0,0.9352260582686678,0.011688372034080876,0.9469144303027487,0.9546236023165534,0.012497910992470539,0.9235376862345869,0.8767475446081242,0.3003296299496654,1.3503038348099226,1.1405791851370002,1.0,1.0,1.0,vlp_21,dlp_23,1.0,0.04359800786546755,0.9564019921345325,236731.0,226410.0
VGlut-F-000111,dense,True,7,0.7195893465624373,0.06510573261174583,0.7846950791741831,0.8400481058328322,0.09047623192695049,0.6544836139506915,0.5313418446877226,1.1604110371651775,3.191244726756117,1.8820275685001144,3.0,1.0,1.0,0.7197083583884546,0.09442648827420325,0.8141348466626579,0.8785515634395671,0.13120104438642297,0.6252818701142513,0.5365404781228263,1.0542805281385172,2.8699095917372657,1.8637922780750145,3.0,1.0,1.0,vlp_21,spp_20,0.9996692776327241,0.06933378432551614,0.9306662156744838,159648.0,148579.0
VGlut-F-000158,dense,True,9,0.671457748031949,0.1185720723744139,0.7900298204063629,0.8482035842018966,0.17658902994559242,0.5528856756575351,0.4774747571982607,1.1384171476480187,3.121823067395844,2.094351554557202,3.0,2.0,1.0,0.671457748031949,0.1185720723744139,0.7900298204063629,0.8482035842018966,0.17658902994559242,0.5528856756575351,0.4774747571982608,1.1384171476480187,3.121823067395844,2.0943515545572016,3.0,2.0,1.0,dlp_23,idlp_24,1.0,0.08420669089374921,0.9157933091062508,104291.0,95509.0
VGlut-F-000177,dense,True,6,0.5194048830111903,0.298118006103764,0.8175228891149542,0.8853128179043743,0.573960730548891,0.22128687690742627,0.36919866138650026,1.2411716364933434,3.4596645603471705,2.708568867082477,3.0,2.0,2.0,0.5194048830111903,0.298118006103764,0.8175228891149542,0.8853128179043743,0.573960730548891,0.22128687690742627,0.3691986613865003,1.2411716364933434,3.4596645603471705,2.7085688670824766,3.0,2.0,2.0,vlp_21,dlp_23,1.0,0.06069430315361139,0.9393056968463886,78640.0,73867.0
VGlut-F-000303,dense,True,5,0.2557926891217328,0.12811985668131912,0.3839125458030519,0.49840493623131465,0.500873801832336,0.1276728324404137,0.13584180236659113,2.209080431679063,9.107337721993273,7.361504209884803,6.0,4.0,1.0,0.2557926891217328,0.12811985668131912,0.3839125458030519,0.5013038207026408,0.500873801832336,0.1276728324404137,0.13895645707957516,2.163749822492759,8.703713924929643,7.196498968215183,6.0,4.0,1.0,dlp_23,spp_20,1.0,0.13051075906070725,0.8694892409392928,147643.0,128374.0
VGlut-F-000463,dense,True,5,0.5464594795236594,0.07244770321255327,0.6189071827362126,0.6911311563768012,0.1325765329859496,0.4740117763111061,0.34316518083439845,1.4989428288068165,4.4769536612661565,2.914048556932619,4.0,1.0,1.0,0.5464594795236594,0.07244770321255327,0.6189071827362126,0.6911311563768012,0.1325765329859496,0.4740117763111061,0.34316518083439845,1.4989428288068165,4.4769536612661565,2.914048556932619,4.0,1.0,1.0,al_3,pan_11,1.0,0.16688192163363266,0.8331180783663673,98333.0,81923.0
VGlut-F-000556,dense,True,5,0.5133036818696213,0.09703397636655525,0.6103376582361766,0.6909492854699055,0.18903814602132896,0.416269705503066,0.31277300202874336,1.6011206648363343,4.958586225059667,3.1972068992965754,3.0,1.0,1.0,0.5180145800984288,0.10021843829776035,0.6182330183961892,0.7152669947627444,0.1934664431235076,0.4177961418006685,0.320804019341533,1.5224105120653133,4.583259893433908,3.1171679271742048,3.0,2.0,1.0,dmp_10,ccp_16,0.9818117156937459,0.17292154643787666,0.8270784535621233,75994.0,62853.0
VGlut-F-100002,dense,True,5,0.1743714963717027,0.15710011349176325,0.33147160986346597,0.463431578223338,0.9009506528342078,0.017271382879939456,0.13741015787172278,2.11017802491747,8.249709807813613,7.277482360027089,5.0,5.0,0.0,0.1743714963717027,0.15710011349176325,0.33147160986346597,0.463431578223338,0.9009506528342078,0.017271382879939456,0.13741015787172278,2.11017802491747,8.249709807813613,7.277482360027089,5.0,5.0,0.0,al_3,vmp_15,1.0,0.185108505003955,0.814891494996045,145385.0,118473.0
VGlut-F-100003,dense,True,5,0.3896310044201324,0.06963540013187135,0.45926640455200374,0.5084434296319813,0.17872140394860545,0.319995604288261,0.21159961539022148,2.085774239981855,8.050822337838229,4.725906510538073,2.0,1.0,1.0,0.4118110332364649,0.11881242521184888,0.5306234584483138,0.5774255781581968,0.2885120009488088,0.292998608024616,0.236058243507947,1.8922590050838866,6.634338770934098,4.236242654098774,2.0,2.0,1.0,al_3,ms_12,0.8922805509021097,0.21136657793841118,0.7886334220615888,163796.0,129175.0
VGlut-F-100035,dense,True,5,0.19926430775313056,0.14820417178757747,0.34746847954070803,0.47057660739301954,0.7437567392710805,0.05106013596555309,0.11895893613349723,2.310680862072319,10.081286284308117,8.406262131310482,5.0,4.0,0.0,0.19926430775313056,0.17483863759421758,0.3741029453473481,0.4972110731996596,0.877420746172094,0.024425670158912977,0.1269056087754697,2.2314100754051154,9.312988841780967,7.879872368519741,5.0,4.0,0.0,spp_20,dfp_5,1.0,0.12291045353364331,0.8770895464663567,116353.0,102052.0
VGlut-F-100125,dense,True,6,0.5986667742158512,0.13800672950611878,0.73667350372197,0.8150250051854071,0.2305234488533015,0.46066004470973243,0.3915558124294682,1.411014534780076,4.100113001943457,2.553914329084649,3.0,2.0,1.0,0.6076720979004863,0.13800672950611878,0.7456788274066051,0.8698923739946072,0.2271072342846307,0.46966536839436746,0.4103436510370545,1.2576558937688542,3.51716720312865,2.4369817772803772,4.0,3.0,1.0,vlp_21,dlp_23,0.9703612401630796,0.05716623262888618,0.9428337673711138,173564.0,163642.0
VGlut-F-200036,dense,True,7,0.4068184978907424,0.27546175190892774,0.6822802497996702,0.8112793955006921,0.6771121601823213,0.13135674598181468,0.2726110885565827,1.57506621744448,4.831061508066204,3.668229364017383,3.0,3.0,2.0,0.4068184978907424,0.27546175190892774,0.6822802497996702,0.8112793955006921,0.6771121601823213,0.13135674598181468,0.2730014990690881,1.5559030161714942,4.739364316031545,3.6629835492109564,3.0,3.0,2.0,vlp_21,dmp_10,1.0,0.11747604320501188,0.8825239567949881,151001.0,133262.0
VGlut-F-200062,dense,True,8,0.4170112039144197,0.2612327085989348,0.6782439125133546,0.7354152517802747,0.6264405036286406,0.15577849531548488,0.27239301139078315,1.5449362545670693,4.687672799765619,3.671166139300726,4.0,2.0,2.0,0.4170112039144197,0.2612327085989348,0.6782439125133546,0.7354152517802747,0.6264405036286406,0.15577849531548488,0.2723930113907831,1.5449362545670697,4.687672799765622,3.6711661393007264,4.0,2.0,2.0,dfp_5,dlp_23,1.0,0.1486295956502917,0.8513704043497082,251787.0,214364.0
VGlut-F-200143,dense,True,4,0.6159436554312914,0.12049843272319183,0.7364420881544832,0.8166789210943849,0.19563223301458854,0.49544522270809954,0.4097881912275248,1.3374909895739977,3.8094734960409755,2.440285058006405,4.0,2.0,1.0,0.6240547966409968,0.13087728803064896,0.7549320846716459,0.8851747223404667,0.2097208269772172,0.49317750861034787,0.4303060895565135,1.1712084121490842,3.2258884869983895,2.323927139935738,3.0,3.0,1.0,dlp_23,idlp_24,0.9740050352841959,0.07616578305793119,0.9238342169420688,129205.0,119364.0
VGlut-F-200251,dense,True,5,0.38526403157518313,0.24342735544596855,0.6286913870211517,0.6969100292706186,0.6318455279894574,0.14183667612921458,0.2349670418548288,1.7790141281580474,5.9240132209165335,4.255916030205787,4.0,2.0,2.0,0.6286913870211517,0.09858856459182277,0.7272799516129744,0.7983859218478899,0.15681551652703946,0.5301028224293289,0.4283489203219072,1.2471589651694959,3.480440844333824,2.3345453964223677,4.0,1.0,1.0,dfp_5,mb_4,0.22560620211652843,0.1246848883257471,0.8753151116742529,226507.0,198265.0
VGlut-F-200319,dense,True,5,0.6126494045200881,0.16214800401975668,0.7747974085398448,0.8196561825140585,0.2646668760688235,0.4505014005003314,0.4162023923822217,1.2480931051531428,3.4836935823069997,2.402677202973991,2.0,2.0,1.0,0.6126494045200881,0.16214800401975668,0.7747974085398448,0.8196561825140585,0.2646668760688235,0.4505014005003314,0.4162023923822217,1.2480931051531428,3.4836935823069997,2.402677202973991,2.0,2.0,1.0,lh_25,dlp_23,1.0,0.09876200047039706,0.9012379995296029,93538.0,84300.0
VGlut-F-200392,dense,True,6,0.7277194582784672,0.15685942752892884,0.884578885807396,0.9021090652287456,0.21554931058186083,0.5708600307495384,0.5590667765109351,0.928586838936194,2.5309300374785653,1.7886950933498023,2.0,2.0,1.0,0.7277194582784672,0.15685942752892884,0.884578885807396,0.9021090652287456,0.21554931058186083,0.5708600307495384,0.559066776510935,0.928586838936194,2.5309300374785653,1.7886950933498025,2.0,2.0,1.0,vlp_21,lh_25,1.0,0.06498598615535138,0.9350140138446487,135937.0,127103.0
VGlut-F-200459,dense,True,1,0.2826172310239078,0.10562730137843947,0.38824453240234724,0.4872926769740123,0.3737468554049488,0.17698992964546834,0.14024871318530382,2.22510785293746,9.254480873030408,7.13019019774355,6.0,2.0,1.0,0.2826172310239078,0.10672029033182295,0.38933752135573074,0.4949648227341702,0.377614237975444,0.17589694069208484,0.14588285045510355,2.1354642337890555,8.460973465048466,6.854815332167895,7.0,3.0,1.0,dlp_23,ccp_16,1.0,0.12816621921326019,0.8718337807867398,94237.0,82159.0
VGlut-F-300438,dense,True,5,0.3605634847997625,0.21437405694214262,0.5749375417419051,0.7371558611818834,0.5945528762048503,0.1461894278576199,0.2253571240643061,1.6653271879495914,5.287402941305247,4.437401320912526,4.0,4.0,2.0,0.3605634847997625,0.21437405694214262,0.5749375417419051,0.7371558611818834,0.5945528762048503,0.1461894278576199,0.2253571240643061,1.6653271879495914,5.287402941305247,4.437401320912526,4.0,4.0,2.0,dlp_23,lh_25,1.0,0.0999579488955401,0.9000420511044599,80854.0,72772.0
VGlut-F-400049,dense,True,6,0.4279209846095473,0.30365908605847897,0.7315800706680262,0.7883753468187531,0.7096148517594901,0.12426189855106834,0.29840171856674746,1.4403762571711656,4.222284182863292,3.3511871339183212,3.0,2.0,2.0,0.4279209846095473,0.30365908605847897,0.7315800706680262,0.7883753468187531,0.7096148517594901,0.12426189855106834,0.29840171856674746,1.4403762571711656,4.222284182863292,3.3511871339183212,3.0,2.0,2.0,dfp_5,dlp_23,1.0,0.13222983708411393,0.867770162915886,42169.0,36593.0
VGlut-F-400184,dense,True,8,0.5633732052793291,0.0770836151423216,0.6404568204216508,0.7170959825310634,0.13682513548741168,0.4862895901370075,0.3845200746596493,1.2708872249562844,3.564013241523878,2.6006444550005123,3.0,1.0,1.0,0.6404568204216506,0.08390500299522696,0.7243618234168776,0.7468550116910472,0.13100805599975862,0.5565518174264237,0.4724874572491634,1.0107144999019866,2.7475634476685222,2.116458298855235,2.0,1.0,1.0,al_3,ms_12,0.7592855203210331,0.23351175868132718,0.7664882413186728,51749.0,39665.0
VGlut-F-400186,dense,True,7,0.6227448419677932,0.08221255621438878,0.704957398182182,0.7769012838471179,0.13201643863417276,0.5405322857534045,0.4420761370557381,1.1135818975437901,3.045246643971476,2.2620537870695276,3.0,1.0,1.0,0.7049573981821821,0.07207026930246764,0.7770276674846497,0.7853268596825664,0.10223351012175991,0.6328871288797144,0.5444962443626753,0.8559399960370946,2.353585702328385,1.8365599585916061,2.0,1.0,1.0,al_3,ms_12,0.7667587958467169,0.20553139053597194,0.7944686094640281,94949.0,75434.0
VGlut-F-400334,dense,True,5,0.227161455107446,0.22414718599397146,0.45130864110141744,0.5555044329221893,0.9867307192936899,0.003014269113474549,0.16489261418524542,2.0711419018838004,7.933877657010326,6.064553011917012,5.0,3.0,2.0,0.2279813834964342,0.22414718599397146,0.4521285694904057,0.5563243613111776,0.9831819710729902,0.0038341975024627495,0.16552054704600236,2.050200289023488,7.769457087451676,6.0415460065031965,5.0,3.0,2.0,dfp_5,spp_20,0.9928070583973713,0.2071056527868717,0.7928943472131283,169527.0,134417.0
VGlut-F-400757,dense,True,9,0.6898476977985087,0.08675218205590303,0.7765998798544118,0.7984204388847662,0.12575555783218934,0.6030955157426057,0.5174611785454238,0.9701916002752874,2.6384499386621987,1.9325121216068537,2.0,1.0,1.0,0.7116682568288633,0.08873105056715785,0.8003993073960212,0.8069366408707023,0.12468035452717297,0.6229372062617053,0.5479245451701633,0.8585677571296935,2.3597784962930755,1.8250688143372737,2.0,1.0,1.0,al_3,ms_12,0.9386777228828919,0.18302766882221988,0.8169723311777801,56598.0,46239.0
VGlut-F-400898,dense,True,8,0.7059279778393351,0.07403508771929825,0.7799630655586334,0.8179501385041551,0.10487626222989589,0.6318928901200369,0.5294277245331828,0.992843777643863,2.698898637201402,1.8888319475179343,2.0,1.0,1.0,0.7799630655586334,0.04810710987996306,0.8280701754385964,0.8376177285318559,0.061678702497928256,0.7318559556786703,0.6347914361887611,0.7118621560073387,2.0377823964373993,1.5753205588341315,1.0,1.0,1.0,al_3,ms_12,0.8101574523499467,0.15490304709141275,0.8450969529085872,54150.0,45762.0
VGlut-F-500002,dense,True,5,0.5754564417465489,0.1262919820938899,0.7017484238404388,0.7540253591768815,0.219464016617114,0.44916445965265894,0.3798668533755901,1.3231037289140564,3.755057991533634,2.6325013385973386,3.0,2.0,1.0,0.5754564417465489,0.1262919820938899,0.7017484238404388,0.7540253591768815,0.219464016617114,0.44916445965265894,0.3798668533755901,1.3231037289140561,3.7550579915336333,2.6325013385973386,3.0,2.0,1.0,dfp_5,fspp_19,1.0,0.16552605057772987,0.8344739494222702,85334.0,71209.0
VGlut-F-500335,dense,True,7,0.6595784957092378,0.08818147400302877,0.7477599697122665,0.8226432357395255,0.13369367645651964,0.571397021706209,0.474439130822827,1.0713598029738292,2.919346538274868,2.1077519433645464,3.0,1.0,1.0,0.7344617617364967,0.08818147400302877,0.8226432357395255,0.8316980060575466,0.12006271612362808,0.6462802877334679,0.5732688212647867,0.8206560965350749,2.2719899933982943,1.744382326242213,2.0,1.0,1.0,al_3,ms_12,0.7960866857106037,0.16110865724381626,0.8388913427561837,63392.0,53179.0
VGlut-F-500876,dense,True,8,0.7522559265867959,0.04787152689268417,0.80012745347948,0.8238338006627581,0.06363728779099319,0.7043843996941117,0.5960696348891539,0.7997440355365343,2.2249713420028447,1.6776563365553114,1.0,1.0,1.0,0.7759622737700739,0.04787152689268417,0.823833800662758,0.8338516441498852,0.061693111264413125,0.7280907468773897,0.631736115221844,0.6937072598437758,2.0011204723150366,1.5829394202812583,1.0,1.0,1.0,al_3,ms_12,0.9388981965112841,0.1650012745347948,0.8349987254652051,39230.0,32757.0
VGlut-F-600204,dense,True,5,0.4164211466105478,0.13060391556660927,0.5470250621771571,0.6532619093170079,0.3136342057305625,0.2858172310439385,0.22815796444709308,1.8932187519424861,6.640709113197391,4.382928303306665,5.0,3.0,1.0,0.4164211466105478,0.13060391556660927,0.5470250621771571,0.6532619093170079,0.3136342057305625,0.2858172310439385,0.22889611949121394,1.8631316885747822,6.443885447705975,4.36879402858721,5.0,3.0,1.0,lob_27,vlp_21,1.0,0.1317581786875837,0.8682418213124163,156810.0,136149.0
VGlut-F-700261,dense,True,7,0.4936850096036764,0.13156272448912007,0.6252477340927964,0.7457191039285914,0.26649122807017545,0.36212228511455635,0.2954655673546005,1.617796163443703,5.041966393558349,3.3844891266123693,4.0,3.0,1.0,0.4936850096036764,0.13156272448912007,0.6252477340927964,0.7457191039285914,0.26649122807017545,0.36212228511455635,0.2954655673546005,1.6177961634437028,5.041966393558347,3.3844891266123693,4.0,3.0,1.0,vlp_21,dmp_10,1.0,0.12368108661649999,0.8763189133835,196279.0,172003.0
VGlut-F-700541,dense,True,9,0.6146293195311311,0.13190744405541177,0.7465367635865429,0.8134609529608768,0.2146130030959752,0.4827218754757193,0.42437009552171,1.192969289072352,3.2968560066126327,2.356433713291284,3.0,2.0,1.0,0.6815535089054651,0.1424303546963008,0.8239838636017659,0.8353820977317704,0.20897897646369043,0.5391231542091642,0.5094969444004845,0.9239122496832181,2.5191265887564667,1.962720308708978,2.0,2.0,1.0,al_3,ms_12,0.8036128095597063,0.1566067894656721,0.8433932105343279,52552.0,44322.0
VGlut-F-800130,dense,True,9,0.73041274921651,0.11478962459158498,0.8452023738080949,0.848536373941455,0.15715720284827459,0.6156231246249251,0.5680442268208112,0.8124161297475414,2.253345790607388,1.760426306234512,2.0,2.0,1.0,0.73041274921651,0.11478962459158498,0.8452023738080949,0.848536373941455,0.15715720284827459,0.6156231246249251,0.5680442268208112,0.8124161297475414,2.253345790607388,1.760426306234512,2.0,2.0,1.0,al_3,ms_12,1.0,0.14609588584383543,0.8539041141561645,89982.0,76836.0
fru-F-000094,dense,True,5,0.540950501411295,0.13586295522867567,0.6768134566399706,0.744027812837047,0.25115598354049123,0.40508754618261933,0.3311392689720863,1.566650843397409,4.790576903896403,3.0198774162429403,5.0,2.0,1.0,0.5972416641806457,0.13586295522867567,0.7331046194093214,0.8003189756063978,0.22748405440713132,0.4613787089519701,0.39232894189454454,1.3591147414848583,3.8927456897372807,2.548881546110339,4.0,2.0,1.0,dfp_5,dlp_23,0.8114961961115807,0.09328315395736284,0.9067168460426371,87154.0,79024.0
fru-F-000131,dense,True,8,0.44190960082501196,0.10839600573483915,0.5503056065598511,0.6474457328269235,0.24528999943081564,0.3335135950901728,0.2588210133610759,1.6650470171723093,5.2859217730131025,3.8636739228159986,5.0,2.0,1.0,0.44190960082501196,0.14460346605629198,0.5865130668813039,0.696606886837538,0.32722408788206503,0.29730613476872,0.2688382800199949,1.5582475891595222,4.750489137969727,3.71970836863569,4.0,3.0,1.0,dlp_23,dfp_5,1.0,0.17528988605780113,0.8247101139421988,79514.0,65576.0
fru-M-000335,dense,True,1,0.4679319281982365,0.11007501062764834,0.5780069388258848,0.6313371638577677,0.23523723002080707,0.35785691757058813,0.30183972030925404,1.5234943675716914,4.588230177955125,3.313016587000002,3.0,2.0,1.0,0.4679319281982365,0.11007501062764834,0.5780069388258848,0.6647011231024506,0.23523723002080707,0.35785691757058813,0.30555769091945334,1.4638644070030058,4.322631701785085,3.272704401551475,4.0,2.0,1.0,dfp_5,mb_4,1.0,0.2528420388629102,0.7471579611370898,72923.0,54485.0
fru-M-000339,dense,True,2,0.41916191303318,0.2401160610307325,0.6592779740639125,0.854252610386278,0.5728479939724995,0.17904585200244752,0.28310748070288544,1.4402764993347017,4.221862997936872,3.5322273982914503,3.0,3.0,2.0,0.4350906973530979,0.41916191303318,0.854252610386278,0.8774450782622427,0.9633897382388967,0.0159287843199179,0.3767413167580306,1.1400726557345136,3.1269955510914613,2.6543412031504614,2.0,2.0,2.0,fb_6,dfp_5,0.10375175792768679,0.10530367329214614,0.8946963267078538,50663.0,45328.0
fru-M-300299,dense,True,2,0.20616282696849517,0.1006528229579787,0.30681564992647387,0.3888975535849561,0.4882200367448395,0.10551000401051647,0.2295904738342529,1.8349273194595503,6.264678808647297,4.355581411108219,4.0,2.0,1.0,0.20616282696849517,0.15856022458892205,0.36472305155741724,0.46537587451539597,0.7691019128931157,0.04760260237957312,0.2425100677577302,1.7068932813289648,5.511811204101624,4.1235401451415585,3.0,3.0,1.0,dfp_5,fb_6,1.0,0.4006617352167907,0.5993382647832093,89764.0,53799.0
npf-M-300037,dense,True,1,0.4637096774193548,0.08141489181402181,0.5451245692333766,0.585856731258121,0.17557298408589053,0.38229478560533303,0.34175470872931235,1.364727202858412,3.9146549996243283,2.926075265262994,2.0,1.0,1.0,0.5451245692333766,0.0413959663295859,0.5865205355629625,0.6160386418846392,0.07593854444645957,0.5037286029037907,0.4173172995276881,1.130518614663697,3.097262369357118,2.3962581976155346,1.0,1.0,1.0,dfp_5,dlp_23,0.7012980283441719,0.34220524264165864,0.6577947573583414,141608.0,93149.0
Cha-F-000009,projection,True,2,0.4235105422155782,0.2606434333053038,0.6841539755208821,0.7559407019838675,0.6154355259771298,0.1628671089102744,0.2825516248721065,1.4776549951124567,4.382656270899845,3.53917624948233,3.0,2.0,2.0,0.684153975520882,0.1000498302656576,0.7842038057865396,0.8324457317263072,0.1462387618072152,0.5841041452552244,0.507760157657954,0.9488114338037594,2.5826381979006814,1.9694337669432442,2.0,2.0,1.0,mb_4,dfp_5,0.23805621941504496,0.16538976610919057,0.8346102338908095,64218.0,53597.0
Cha-F-400112,projection,True,2,0.43459884864825477,0.27861983531297824,0.713218683961233,0.8409604313925527,0.6410965794768612,0.15597901333527653,0.3079318873069995,1.2775569672296385,3.5878637412300867,3.2474714091659753,3.0,3.0,2.0,0.43510894119361654,0.4063615827442979,0.8414705239379144,0.8415433943015376,0.9339306648802547,0.02874735844931864,0.37955802783664877,1.0206279880332012,2.7749368440352704,2.6346432604776107,2.0,2.0,2.0,dfp_5,mb_4,0.9976553341148886,0.15845660569846243,0.8415433943015376,27446.0,23097.0
Cha-F-400201,projection,True,2,0.25084308668914895,0.2200952192025392,0.47093830589168817,0.588739006810818,0.8774219058916569,0.030747867486609765,0.24415854705208645,1.5492335405860267,4.707860415462355,4.095699339932055,3.0,3.0,2.0,0.30027111022945185,0.22340144151292732,0.5236725517423791,0.641473252661509,0.7439991191367539,0.07686966871652454,0.27041127048794783,1.3977295982433584,4.046003477529612,3.6980707135302993,3.0,3.0,2.0,mb_4,dfp_5,0.6707773618145783,0.3410368313165377,0.6589631686834623,30246.0,19931.0
Cha-F-800086,projection,True,2,0.2783027277589588,0.2236881202828787,0.5019908480418376,0.5800202056219173,0.8037582746102926,0.0546146074760801,0.2001312819067096,1.8873316631601922,6.60172951981298,4.996720105286419,3.0,2.0,2.0,0.2884649670172936,0.24487430914601532,0.5333392761633089,0.6197480240090331,0.8488875154511742,0.043590657871278304,0.2188570907753311,1.690001212506236,5.419487276289341,4.56919168786062,4.0,2.0,2.0,mb_4,dfp_5,0.9295426452410384,0.2491531467284721,0.7508468532715279,33654.0,25269.0
E0585-F-200015,projection,True,2,0.31539196110773504,0.27053853054373933,0.5859304916514744,0.6364557108545302,0.8577851179007249,0.04485343056399571,0.21713163354303538,1.8191455219944734,6.166586985081008,4.605501205340494,3.0,2.0,2.0,0.33457765431027,0.27945134126226234,0.6140289955725323,0.6841160980409179,0.83523611831863,0.055126313048007636,0.2369275623772486,1.6266315884752809,5.08671169041287,4.220699314028087,4.0,2.0,2.0,dfp_5,mb_4,0.885313959522574,0.19197268281390167,0.8080273171860983,34557.0,27923.0
E0585-F-300042,projection,True,2,0.33277870216306155,0.2423260083768432,0.5751047105399048,0.6216650410235813,0.7281896551724139,0.09045269378621834,0.21933109427338163,1.8062740251031335,6.087722421190557,4.559317060414455,2.0,2.0,2.0,0.334098341844053,0.2560387859314935,0.5901371277755465,0.6669344196454186,0.7663575476558475,0.07805955591255953,0.2317859400097984,1.6328780552494422,5.118585110469173,4.314325536560701,5.0,2.0,2.0,dfp_5,mb_4,0.9921002919457325,0.206695736990074,0.793304263009926,34858.0,27653.0
G0239-F-000001,projection,True,2,0.3444049031237643,0.3331508349301944,0.6775557380539587,0.7416430939562613,0.9673231475757309,0.011254068193569944,0.2696941375630206,1.4723054877142798,4.359273816822266,3.707904105873735,4.0,2.0,2.0,0.3444049031237643,0.3331508349301944,0.6775557380539587,0.7416430939562613,0.9673231475757309,0.011254068193569944,0.2696941375630205,1.4723054877142798,4.359273816822266,3.707904105873736,4.0,2.0,2.0,mb_4,dfp_5,1.0,0.17942634668613316,0.8205736533138669,32877.0,26978.0
G0239-F-000003,projection,True,2,0.3466045027912398,0.29133182013373415,0.6379363229249739,0.7052941537328998,0.8405309734513275,0.05527268265750562,0.26563982602292835,1.467939884249765,4.340284436156861,3.7644957647039203,3.0,2.0,2.0,0.3466045027912398,0.29133182013373415,0.6379363229249739,0.7052941537328998,0.8405309734513275,0.05527268265750562,0.26563982602292835,1.4679398842497653,4.340284436156862,3.7644957647039203,3.0,2.0,2.0,dfp_5,mb_4,1.0,0.23293049506165267,0.7670695049383474,32602.0,25008.0
G0239-F-000005,projection,True,2,0.3284462151394422,0.3276175298804781,0.6560637450199203,0.7282549800796813,0.9974769529354682,0.0008286852589641236,0.2702898872081395,1.442017608324571,4.229220124477586,3.6997314636116583,3.0,2.0,2.0,0.3284462151394422,0.3276175298804781,0.6560637450199203,0.7282549800796813,0.9974769529354682,0.0008286852589641236,0.27028988720813957,1.442017608324571,4.229220124477586,3.6997314636116574,3.0,2.0,2.0,mb_4,dfp_5,1.0,0.2202390438247012,0.7797609561752988,31375.0,24465.0
G0239-F-000007,projection,True,2,0.3018048450921726,0.2513270919795387,0.5531319370717113,0.6182157449409645,0.8327470418931884,0.050477753112633916,0.2599040895689958,1.4767179779458803,4.37855157012668,3.847573163078427,4.0,2.0,2.0,0.3018048450921726,0.2513270919795387,0.5531319370717113,0.6182157449409645,0.8327470418931884,0.050477753112633916,0.2599040895689958,1.4767179779458803,4.37855157012668,3.847573163078427,4.0,2.0,2.0,mb_4,dfp_5,1.0,0.3139336614869865,0.6860663385130136,31083.0,21325.0
G0239-F-000008,projection,True,2,0.3434564893760996,0.28001082690485857,0.6234673162809582,0.7116253890918933,0.8152730711640003,0.06344566247124106,0.2533626827587383,1.4973021536647726,4.469614456953388,3.9469111595737187,4.0,2.0,2.0,0.3434564893760996,0.28001082690485857,0.6234673162809582,0.7116253890918933,0.8152730711640003,0.06344566247124106,0.2533626827587383,1.4973021536647726,4.469614456953388,3.9469111595737187,4.0,2.0,2.0,mb_4,dfp_5,1.0,0.21172012450940586,0.7882798754905941,36945.0,29123.0
G0239-F-000009,projection,True,2,0.29202053492204333,0.2891684624160223,0.5811889973380656,0.6715996957789326,0.9902333152468801,0.0028520725060210417,0.23518754828068963,1.5661842236868715,4.788342047742716,4.251925781404585,4.0,2.0,2.0,0.29202053492204333,0.2891684624160223,0.5811889973380656,0.6715996957789326,0.9902333152468801,0.0028520725060210417,0.23518754828068966,1.5661842236868713,4.788342047742715,4.251925781404585,4.0,2.0,2.0,mb_4,dfp_5,1.0,0.23006718215236405,0.7699328178476359,31556.0,24296.0
G0239-F-000011,projection,True,2,0.35948961351168096,0.3258645133452506,0.6853541268569315,0.7662577821611293,0.9064643347050754,0.03362510016643039,0.26712629429842677,1.4971425784300316,4.468901274081894,3.74354760779493,4.0,2.0,2.0,0.35948961351168096,0.3258645133452506,0.6853541268569315,0.7662577821611293,0.9064643347050754,0.03362510016643039,0.26712629429842677,1.4971425784300314,4.468901274081893,3.74354760779493,4.0,2.0,2.0,dfp_5,mb_4,1.0,0.1398015163656537,0.8601984836343463,32446.0,27910.0
G0239-F-000012,projection,True,2,0.34012185490240326,0.26376509082703375,0.603886945729437,0.6788333521381023,0.775501741582352,0.07635676407536951,0.2420117360853314,1.5744019240315161,4.827853331432052,4.132031017071866,4.0,2.0,2.0,0.34012185490240326,0.26376509082703375,0.603886945729437,0.6788333521381023,0.775501741582352,0.07635676407536951,0.24201173608533139,1.5744019240315161,4.827853331432052,4.132031017071866,4.0,2.0,2.0,mb_4,dfp_5,1.0,0.21364097935236376,0.7863590206476362,35452.0,27878.0
G0239-F-000013,projection,True,2,0.3373027177938579,0.30223349096917557,0.6395362087630334,0.6999031394222551,0.8960304054054055,0.03506922682468233,0.2789523575078096,1.3977785485134704,4.046201535340163,3.584841544033209,3.0,2.0,2.0,0.3373027177938579,0.30223349096917557,0.6395362087630334,0.6999031394222551,0.8960304054054055,0.03506922682468233,0.2789523575078096,1.39777854851347,4.0462015353401615,3.584841544033209,3.0,2.0,2.0,mb_4,dfp_5,1.0,0.26371716711298504,0.736282832887015,35102.0,25845.0
Gad1-F-001409,projection,True,2,0.13765294771968856,0.07244160177975528,0.21009454949944384,0.2612625139043382,0.5262626262626262,0.06521134593993327,0.5563571128964206,0.8973885054635142,2.4531882509022207,1.7974066958431683,3.0,1.0,0.0,0.13765294771968856,0.07244160177975528,0.21009454949944384,0.2612625139043382,0.5262626262626262,0.06521134593993327,0.5563571128964206,0.8973885054635143,2.453188250902221,1.7974066958431683,3.0,1.0,0.0,mb_4,dfp_5,1.0,0.7276140155728588,0.2723859844271413,7192.0,1959.0
Gad1-F-101173,projection,True,2,0.3523936504742019,0.16316570652310633,0.5155593569973083,0.657417423461045,0.46302113078241003,0.18922794395109557,0.21409904982330763,1.7093543673002314,5.525392951400858,4.670735348079701,4.0,4.0,1.0,0.3523936504742019,0.3050237729868431,0.657417423461045,0.7872003220044779,0.8655768132495716,0.047369877487358825,0.26039179310442234,1.498672835256405,4.475745075814603,3.8403668106351567,3.0,3.0,2.0,mb_4,eb_8,1.0,0.15722874896229025,0.8427712510377098,39751.0,33501.0
Gad1-F-200227,projection,True,2,0.48302695835153053,0.28935561996267917,0.7723825783142098,0.8726724103704292,0.599046523097156,0.19367133838885137,0.3390275582018085,1.2724783717589176,3.5696886237834526,2.949612725596611,3.0,3.0,2.0,0.48302695835153053,0.38964545201889866,0.8726724103704292,0.8858935164966054,0.806674338319908,0.09338150633263187,0.3970670701688709,1.0494783232854372,2.856160736798927,2.5184662117024823,2.0,2.0,2.0,dfp_5,mb_4,1.0,0.10830984237900504,0.8916901576209949,25187.0,22459.0
Gad1-F-300153,projection,True,2,0.47307885845733594,0.3178779383221911,0.790956796779527,0.8511968945438861,0.671934356480778,0.15520092013514486,0.3423338537607973,1.2631629298360574,3.5365898011581387,2.9211250626084473,3.0,2.0,2.0,0.533318956221695,0.32068147509165407,0.8540004313133491,0.8870677880813744,0.6012939749292358,0.21263748113004094,0.4011128521048146,1.0590115651852907,2.8835194092266607,2.493063971280308,2.0,2.0,2.0,mb_4,dfp_5,0.7740935436042593,0.11293221191862554,0.8870677880813744,13911.0,12340.0
Gad1-F-300154,projection,True,2,0.4295592504618633,0.26693058854579044,0.6964898390076537,0.7860121404064396,0.6214057507987221,0.16262866191607284,0.30110435529610546,1.3457461406086193,3.8410514361158707,3.321107723654817,3.0,2.0,2.0,0.4295592504618633,0.26693058854579044,0.6964898390076537,0.7860121404064396,0.6214057507987221,0.16262866191607284,0.3011043552961055,1.3457461406086195,3.8410514361158716,3.321107723654816,3.0,2.0,2.0,dfp_5,mb_4,1.0,0.19239904988123516,0.8076009501187649,18945.0,15300.0
Gad1-F-300275,projection,True,1,0.39738930859711197,0.24409486468394376,0.6414841732810557,0.705603901692646,0.6142461797617615,0.1532944439131682,0.3080560363282836,1.2500061478351163,3.4903644155808036,3.2461626524803364,3.0,2.0,2.0,0.39738930859711197,0.3082145930955341,0.7056039016926461,0.7059864205795161,0.7755986042594153,0.08917471550157785,0.33935862918868037,1.092402818348443,2.981429305798188,2.9467351467995497,2.0,2.0,2.0,dfp_5,mb_4,1.0,0.2940135794204839,0.7059864205795161,20914.0,14765.0
Gad1-F-300309,projection,True,2,0.2631578947368421,0.2378243431284276,0.5009822378652697,0.6343210280756324,0.903732503888025,0.025333551608414495,0.22281525020563955,1.5843859148330348,4.876295997855431,4.488023145081339,4.0,3.0,2.0,0.32025047065564377,0.2771138577392159,0.5973643283948596,0.7307031186052222,0.8653035143769969,0.0431366129164279,0.26936637316265977,1.3464412711263543,3.84372239641476,3.7124158752961316,3.0,3.0,2.0,mb_4,dfp_5,0.4852396166134185,0.26876483588442335,0.7312351641155767,24434.0,17867.0
Gad1-F-301525,projection,True,2,0.21812060541055894,0.16869264688356572,0.38681325229412467,0.478190918841616,0.7733916131676,0.04942795852699322,0.18645520016146827,1.8230067770093534,6.190443778943669,5.3632186130180886,6.0,2.0,1.0,0.3094982719580503,0.16869264688356572,0.478190918841616,0.5583363127160053,0.5450519830573739,0.14080562507448457,0.22632000251502365,1.6344035135344008,5.126399257095251,4.418522396992363,5.0,2.0,1.0,mb_4,dlp_23,0.40951097420100113,0.29209867715409366,0.7079013228459063,33564.0,23760.0
Gad1-F-301704,projection,True,2,0.31412834411610424,0.23183928814283772,0.545967632258942,0.5956363777661208,0.7380400160806506,0.08228905597326652,0.20606330258670533,1.8328092205743522,6.251423642278732,4.8528776713128225,2.0,2.0,2.0,0.545967632258942,0.09518952419809212,0.6411571564570341,0.695984146412543,0.1743501236588794,0.45077810806084984,0.35732548768818534,1.3647151874825054,3.91460796385554,2.79856890833557,3.0,1.0,1.0,mb_4,eb_8,0.15072149173531663,0.20998232014143886,0.7900176798585611,102942.0,81326.0
Gad1-F-400259,projection,True,2,0.37664233576642336,0.20575978765759786,0.5824021234240212,0.6338420703384207,0.5463002114164904,0.1708825481088255,0.22681004029415483,1.837021575764694,6.277812399494499,4.408975893232409,3.0,2.0,2.0,0.37823490378234903,0.2159256801592568,0.5941605839416059,0.66542800265428,0.5708771929824562,0.16230922362309222,0.23629134131407997,1.6816266961901403,5.374291203436525,4.232063665298652,4.0,2.0,2.0,dfp_5,mb_4,0.991578947368421,0.18779031187790313,0.8122096881220969,37675.0,30600.0
Gad1-F-400718,projection,True,2,0.4706574496249448,0.26142499947471265,0.7320824490996575,0.7949908600004202,0.5554464285714286,0.20923245015023217,0.33155816728882626,1.253337584485623,3.502011733897772,3.016062032725866,3.0,2.0,2.0,0.4706574496249448,0.32433341037547536,0.7949908600004202,0.8036265837413065,0.6891071428571428,0.14632403924946946,0.3644498298622001,1.093792332805549,2.985574924452948,2.743861892810058,2.0,2.0,2.0,dfp_5,mb_4,1.0,0.19406215199714244,0.8059378480028576,47593.0,38357.0
Gad1-F-400957,projection,True,2,0.3144388560519843,0.13161276111457837,0.44605161716656266,0.529167737435295,0.4185639229422067,0.18282609493740593,0.26112889376344084,1.5838004596155655,4.873441980452771,3.8295264288367474,3.0,2.0,1.0,0.3388890928448181,0.2147288813833107,0.5536179742281289,0.5938911120085173,0.6336258260210161,0.12416021146150741,0.2983833869015169,1.3526590889642214,3.867696417905462,3.3513930195116917,2.0,2.0,2.0,mb_4,eb_8,0.8557036074098148,0.36756121737215025,0.6324387826278498,27239.0,17227.0
Gad1-F-402516,projection,True,2,0.30668064186069727,0.24424147138828578,0.550922113248983,0.621796311547004,0.7964032874928798,0.06243917047241149,0.26211824501888725,1.4436003063681404,4.235919002646754,3.815072086752083,4.0,2.0,2.0,0.30940081355593824,0.30353622320381324,0.6129370367597515,0.6838112350577725,0.981045329891918,0.005864590352124999,0.292751180335621,1.2779990098174094,3.589450080391732,3.4158700875383743,3.0,2.0,2.0,dfp_5,mb_4,0.9824165187933538,0.3160140750168451,0.6839859249831549,40071.0,27408.0
Gad1-F-500136,projection,True,2,0.3460310346759285,0.34272589770881184,0.6887569323847403,0.7655033331466025,0.9904484377529547,0.003305136967116651,0.28610574814611467,1.3753758493335977,3.956563515258667,3.4952111465069144,3.0,2.0,2.0,0.4227774354377906,0.34272589770881184,0.7655033331466025,0.7936250070024089,0.8106532396978932,0.08005153772897877,0.3395601514740241,1.1575890493759204,3.182251768082501,2.9449863173255735,2.0,2.0,2.0,mb_4,dfp_5,0.6369418311912018,0.20631897372696206,0.7936810262730379,17851.0,14168.0
Gad1-F-500365,projection,True,2,0.5743778280542986,0.17443438914027148,0.7488122171945701,0.7821549773755656,0.30369276218611524,0.3999434389140271,0.4088438712480293,1.0696372296800019,2.91432207863501,2.4459214637299524,2.0,2.0,1.0,0.5743778280542986,0.17443438914027148,0.7488122171945701,0.7821549773755656,0.30369276218611524,0.3999434389140271,0.40884387124802923,1.0696372296800019,2.91432207863501,2.445921463729953,2.0,2.0,1.0,dfp_5,mb_4,1.0,0.21770361990950227,0.7822963800904977,35360.0,27662.0
Gad1-F-500524,projection,True,2,0.2622233107797814,0.15708906101705294,0.41931237179683434,0.5560420047148149,0.5990659661412727,0.10513424976272845,0.25116071023540415,1.4967173088584578,4.467001190404182,3.981514461647823,4.0,3.0,1.0,0.33790527508189694,0.1574870648746288,0.49539233995652576,0.6321219728745063,0.4660686780828124,0.18041821020726814,0.2909769048311756,1.3142104522928468,3.721811277323636,3.436698869898965,3.0,3.0,1.0,mb_4,dfp_5,0.5520521880945909,0.36509200012246273,0.6349079998775373,32663.0,20738.0
Gad1-F-500559,projection,True,2,0.3391001046389955,0.20878967561911405,0.5478897802581095,0.6510638297872341,0.6157169306727011,0.13031042901988144,0.2632380616833557,1.4794501646828346,4.390530948150512,3.7988427418329875,3.0,3.0,2.0,0.3391001046389955,0.31196372514823856,0.651063829787234,0.6813393791419602,0.9199753137214564,0.027136379490756923,0.3065607789080855,1.265739130777386,3.54571251305699,3.261995887281539,2.0,2.0,2.0,dfp_5,mb_4,1.0,0.3053598418788513,0.6946401581211487,43005.0,29873.0
Gad1-F-502126,projection,True,2,0.3965046764013581,0.3039348428354198,0.7004395192367779,0.7382465057179161,0.7665353296558971,0.09256983356593829,0.30440336589511874,1.324051818157923,3.758619809819504,3.2851147918796237,2.0,2.0,2.0,0.4343116628824963,0.32728560418272334,0.7615972670652196,0.7681796404690981,0.7535731414868105,0.10702605869977294,0.3485788797363073,1.1114953491785888,3.0388992139775928,2.868791134897442,2.0,2.0,2.0,dfp_5,mb_4,0.8258992805755395,0.2297581602682942,0.7702418397317058,48007.0,36977.0
Gad1-F-600109,projection,True,2,0.29118180847656666,0.1569872958257713,0.448169104302338,0.5769723497384435,0.5391384051329056,0.13419451265079535,0.2688350555350665,1.4518577864824413,4.27104183304018,3.719752983887034,3.0,3.0,1.0,0.33073556101206364,0.16200491085726487,0.4927404718693285,0.621543717305434,0.48983214977404776,0.16873065015479877,0.29344512555628555,1.3083972507926618,3.7002384029073907,3.4077921659264043,3.0,3.0,1.0,mb_4,dfp_5,0.7608134280180762,0.37578733852887797,0.624212661471122,18734.0,11694.0
Gad1-F-600115,projection,True,1,0.3846717272606206,0.27467039552536954,0.6593421227859901,0.7411106671993608,0.7140384282499567,0.11000133173525106,0.2897360562450908,1.3415722776005263,3.825052824846517,3.45141717244225,3.0,2.0,2.0,0.3846717272606206,0.35643893993874015,0.7411106671993608,0.7550273005726462,0.9266055045871558,0.028232787321880448,0.3346743086172032,1.1464874647853904,3.1471191058285877,2.9879795797047244,2.0,2.0,2.0,dfp_5,mb_4,1.0,0.24384072446397656,0.7561592755360235,15018.0,11356.0
Gad1-F-600345,projection,True,2,0.32669439400152306,0.24409817819694218,0.5707925721984652,0.6214047214574424,0.7471759010220549,0.08259621580458087,0.31220912225841824,1.22843582410832,3.4158823146169497,3.2029813631527757,3.0,2.0,2.0,0.32669439400152306,0.2947103274559194,0.6214047214574425,0.6214047214574425,0.9020979020979021,0.03198406654560365,0.33691778911591436,1.093273705448736,2.984026925073423,2.9680831119782654,2.0,2.0,2.0,dfp_5,mb_4,1.0,0.37859527854255753,0.6214047214574424,17071.0,10608.0
Gad1-F-601324,projection,True,2,0.3558692421991085,0.3277966461473148,0.6836658883464233,0.7426236467841223,0.9211154190277363,0.028072596051793686,0.30126400403072595,1.275789288449491,3.5815271528050907,3.3193477701305794,3.0,2.0,2.0,0.3558692421991085,0.3277966461473148,0.6836658883464233,0.7426236467841223,0.9211154190277363,0.028072596051793686,0.30126400403072595,1.275789288449491,3.5815271528050907,3.3193477701305794,3.0,2.0,2.0,mb_4,cal_18,1.0,0.2523349607302059,0.7476650392697941,18844.0,14089.0
Gad1-F-700131,projection,True,2,0.5424338864893536,0.12760475865727058,0.6700386451466243,0.7481624611654164,0.23524481385765172,0.41482912783208303,0.3678773047040681,1.2299775408517128,3.421152699251044,2.718297615028008,3.0,2.0,1.0,0.5424338864893536,0.12760475865727058,0.6700386451466243,0.7481624611654164,0.23524481385765172,0.41482912783208303,0.36787730470406804,1.2299775408517128,3.421152699251044,2.7182976150280083,3.0,2.0,1.0,dfp_5,mb_4,1.0,0.22486171099492308,0.7751382890050769,26394.0,20459.0
Gad1-F-800094,projection,True,2,0.41127302315260006,0.2727272727272727,0.6840002958798728,0.7479843183667431,0.6631294964028777,0.13854575042532735,0.30588576777158305,1.2882649503760206,3.626488955709403,3.2691942723753638,3.0,2.0,2.0,0.47525704563947035,0.27280124269546563,0.748058288334936,0.7588579036911014,0.5740077821011673,0.20245580294400473,0.3585559197502392,1.0998118201406961,3.003600753594637,2.788965248981454,2.0,2.0,2.0,mb_4,dfp_5,0.7307392996108949,0.24114209630889857,0.7588579036911014,13519.0,10259.0
Gad1-F-900001,projection,True,2,0.5196277676756872,0.27992298641565944,0.7995507540913467,0.8643705209113275,0.538699053108275,0.23970478126002775,0.3691987205453456,1.1737212506485124,3.2340048170258813,2.7085684330728292,3.0,2.0,2.0,0.5260990480265268,0.3447427532356402,0.870841801262167,0.8712161728527115,0.6552810816305785,0.18135629479088666,0.4122131885316978,0.9719433513244002,2.6430758966907497,2.425929174081007,2.0,2.0,2.0,dfp_5,mb_4,0.9753990037613094,0.12878382714728848,0.8712161728527115,18698.0,16290.0
Gad1-F-900194,projection,True,2,0.48890665600639616,0.21267239656206277,0.7015790525684589,0.7745852488506896,0.4349959116925593,0.2762342594443334,0.32141593017405623,1.3491706936885854,3.8542278694621435,3.111233470781832,3.0,2.0,2.0,0.535828502898261,0.2191684989006596,0.7549970017989206,0.8280031980811513,0.40902732444278656,0.3166600039976014,0.37005981999447135,1.160839513407085,3.1926123922888143,2.7022658120920555,3.0,2.0,2.0,mb_4,dfp_5,0.8248624452112282,0.1719968019188487,0.8280031980811513,20012.0,16570.0
TH-F-000101,projection,True,2,0.35431830605023157,0.1414885353433643,0.4958068413935959,0.5789507753387612,0.39932606621602423,0.21282977070686726,0.1964835186741095,1.9670263183721741,7.149384852377261,5.0894854018703475,4.0,2.0,1.0,0.3840516125320061,0.2246324692885296,0.6086840818205357,0.6895552231076844,0.584901773507875,0.1594191432434765,0.2440885923621357,1.6483051574286736,5.198162290379769,4.0968731488949555,3.0,2.0,2.0,dfp_5,mb_4,0.8451598404404742,0.1881023619781927,0.8118976380218073,139036.0,112883.0
TH-F-100083,projection,False,2,0.4295141482850365,0.12042097537320279,0.5499351236582393,0.6483309086619746,0.2803655615397525,0.3090931729118337,0.2433017925396645,1.7762594598937957,5.9077169853662355,4.110121793849809,4.0,2.0,1.0,0.466965491028716,0.2188167603769381,0.6857822514056541,0.7366086056173737,0.468593000084201,0.2481487306517779,0.299172213374568,1.4951770959026032,4.460126353012786,3.342556411641028,3.0,2.0,2.0,dfp_5,mb_4,0.8395969575345926,0.16813457581357555,0.8318654241864245,152598.0,126941.0
TH-F-100099,projection,False,2,0.42523417221532556,0.0948865222530426,0.5201206944683682,0.5930125505615975,0.22313945692256118,0.33034764996228294,0.23851831156841194,1.8238082259894959,6.1954070924525375,4.192550221508588,4.0,1.0,1.0,0.4790774475970991,0.14359790685380644,0.6226753544509055,0.6955672105441348,0.2997383984031144,0.33547954074329267,0.2937018747685162,1.5547953923845017,4.734117789505058,3.4048131316429595,3.0,2.0,1.0,dfp_5,mb_4,0.7752209975575586,0.18512226848579524,0.8148777315142047,168359.0,137192.0
TH-F-200030,projection,True,2,0.7051199167441934,0.13667828253362557,0.841798199277819,0.8697235844147653,0.1938369336732412,0.5684416342105678,0.5214917047951273,1.0889624248257104,2.9711896400658486,1.9175760435017062,2.0,2.0,1.0,0.841798199277819,0.02792538513694634,0.8697235844147653,0.8958829372900865,0.03317349117746225,0.8138728141408726,0.7145979240791176,0.6913172599499853,1.9963435053478897,1.3993883361593473,1.0,1.0,1.0,dfp_5,spp_20,0.6752706702131644,0.061511534398208736,0.9384884656017912,63419.0,59518.0
TH-F-200033,projection,True,2,0.3663752817637033,0.11042388256638627,0.4767991643300896,0.5695131672989169,0.30139555822328934,0.255951399197317,0.19016677867407586,1.9931407232666756,7.338545947942133,5.258542038585435,6.0,2.0,1.0,0.42226757930617403,0.17425366980042883,0.5965212491066029,0.6897712903403156,0.4126617300024412,0.2480139095057452,0.24531795356126543,1.7103189045422982,5.530724969731286,4.076342499531984,4.0,2.0,1.0,dfp_5,mb_4,0.7352754495890634,0.1424143713233273,0.8575856286766728,145512.0,124789.0
TH-F-200081,projection,False,2,0.42554018224484197,0.1225657513790266,0.5481059336238686,0.6381540852710816,0.28802391993268045,0.3029744308658154,0.22684238975930382,1.8987198166769221,6.677340748030967,4.408347139443701,4.0,2.0,1.0,0.45042361259257,0.2126139030262396,0.6630375156188096,0.7297031664279402,0.4720309883455403,0.23780970956633044,0.27009382746326815,1.6575983789764877,5.246695128102215,3.7024170799904583,3.0,2.0,2.0,dfp_5,mb_4,0.8895109863157361,0.10880596105202206,0.8911940389479779,131252.0,116971.0
TH-F-300020,projection,True,2,0.6202566246462567,0.1397366220735786,0.7599932467198354,0.788734885515822,0.22528839922229424,0.48052000257267813,0.42627948727883613,1.2563575914362979,3.512603819711504,2.3458787716564093,2.0,2.0,1.0,0.7599932467198354,0.03627476202727039,0.7962680087471058,0.8195346668381785,0.047730374162972995,0.723718484692565,0.6003829433837397,0.8535961633936666,2.3480757510544255,1.6656036135271115,1.0,1.0,1.0,dfp_5,idlp_24,0.6322687795537971,0.14226910213532287,0.8577308978646772,124384.0,106688.0
TH-F-300073,projection,True,2,0.5571746110150655,0.13396054581378117,0.6911351568288466,0.7476228698444061,0.2404283023049645,0.42321406520128435,0.3514619551220949,1.4991053622531583,4.4776813751111515,2.8452581721188244,4.0,2.0,1.0,0.6911351568288466,0.06574154112126451,0.7568766979501111,0.8102000493949123,0.09512110688003217,0.6253936157075821,0.5022088873369405,1.109746170130853,3.0335882813844535,1.9912033124357733,3.0,1.0,1.0,dfp_5,idlp_24,0.6123463131916604,0.1275392072116572,0.8724607927883428,129568.0,113043.0
TH-F-700001,projection,True,2,0.408255310580892,0.2600221483942414,0.6682774589751335,0.7749119097956307,0.6369106332609983,0.14823316218665056,0.27858547769907366,1.4633276682847627,4.320312200524783,3.5895625581753903,3.0,3.0,2.0,0.408255310580892,0.36665659921473875,0.7749119097956307,0.8003624282694051,0.8981061353324127,0.04159871136615323,0.33427298488314267,1.2283972768530738,3.4157506442672587,2.9915669085540566,2.0,2.0,2.0,dfp_5,mb_4,1.0,0.1796838820094634,0.8203161179905366,49665.0,40741.0
TH-F-700004,projection,True,2,0.4216036475576465,0.24850438520067375,0.6701080327583202,0.734971249346576,0.5894265541587739,0.17309926235697276,0.3008112776513327,1.346001543932225,3.8420325787070015,3.3243434481837806,3.0,2.0,2.0,0.4216036475576465,0.31336760178892953,0.7349712493465761,0.7494482197827729,0.7432753573273635,0.10823604576871698,0.3330544922261961,1.1850503906968326,3.2708516378065773,3.002511671035632,2.0,2.0,2.0,dfp_5,mb_4,1.0,0.23820932798977754,0.7617906720102224,68868.0,52463.0
TH-F-700016,projection,True,2,0.4912654922584679,0.2979294619543231,0.789194954212791,0.8655253576551064,0.6064530618356041,0.19333603030414476,0.3520304384572383,1.2070084231317022,3.3434674365408954,2.8406634505313426,3.0,2.0,2.0,0.4912654922584679,0.3742598653966386,0.8655253576551065,0.8731197822809018,0.7618281179817338,0.1170056268618293,0.397512597952851,1.0176332076840502,2.766638949092758,2.515643542242176,2.0,2.0,2.0,dfp_5,mb_4,1.0,0.1266595564708911,0.8733404435291089,54382.0,47494.0
TH-F-700022,projection,True,2,0.32663123519241855,0.21084395210347698,0.5374751872958955,0.6194371518217328,0.6455106841795726,0.11578728308894157,0.249007155107098,1.5613279391368717,4.765144867878443,4.015948857252314,3.0,2.0,2.0,0.32663123519241855,0.2928059166293142,0.6194371518217328,0.6876000512262279,0.896441874142325,0.033825318563104334,0.28585127638882524,1.341091432315478,3.8232140083591775,3.4983226684626163,3.0,2.0,2.0,dfp_5,mb_4,1.0,0.297784465646411,0.7022155343535891,62468.0,43866.0
TH-M-300021,projection,True,2,0.38074888256443656,0.12722260387020795,0.5079714864346445,0.5759454709288321,0.33413782599526676,0.2535262786942286,0.22533091331565858,1.7996422696135015,6.047483708730975,4.437917484491501,4.0,2.0,1.0,0.405515358605369,0.19463452496721298,0.600149883572582,0.668302300891272,0.4799683189228434,0.21088083363815605,0.26136742731874635,1.5795999537520553,4.853013992815694,3.8260314617569633,3.0,2.0,1.0,dfp_5,mb_4,0.8778518469627967,0.2251554595983477,0.7748445404016523,112087.0,86850.0
TH-M-500003,projection,True,2,0.2615542271562767,0.24546541417591802,0.5070196413321947,0.606797608881298,0.9384876583518349,0.016088812980358663,0.23539811776339828,1.622568421257762,5.06608546251102,4.248122327830646,3.0,2.0,2.0,0.34524338172502134,0.28126387702818106,0.6265072587532023,0.660529461998292,0.8146828930444248,0.06397950469684027,0.2952440179370366,1.3208169468479873,3.746480803079688,3.3870288278398206,2.0,2.0,2.0,mb_4,dfp_5,0.42198476303551996,0.3081468830059778,0.6918531169940222,29275.0,20254.0
TH-M-600002,projection,True,2,0.5071597125388824,0.3246540813043012,0.8318137938431835,0.8980210232757696,0.6401417014751757,0.1825056312345812,0.37703965178621884,1.131056026494955,3.0989273221415115,2.6522409387514476,3.0,2.0,2.0,0.5071597125388824,0.3908613107368873,0.8980210232757697,0.8997908398584148,0.7706868291651245,0.11629840180199508,0.42002854628049746,0.9532475344877057,2.594120490449703,2.380790564963635,2.0,2.0,2.0,dfp_5,mb_4,1.0,0.10020916014158533,0.8997908398584147,37292.0,33555.0
TH-M-600003,projection,True,2,0.37988433885589246,0.3761722413254142,0.7560565801813066,0.8449124726477024,0.9902283480765276,0.003712097530478242,0.317260189008737,1.2498434910521188,3.489796730303658,3.151987027191934,3.0,2.0,2.0,0.46502813379180996,0.37988433885589246,0.8449124726477024,0.8465536105032823,0.8169061423409797,0.0851437949359175,0.38411176390891144,1.0218819867920739,2.7784187941178975,2.603408939688556,2.0,2.0,2.0,mb_4,dfp_5,0.617847239727754,0.1534463894967177,0.8465536105032823,25592.0,21665.0
TH-M-700002,projection,True,2,0.32684923682289846,0.25278456510011743,0.5796338019230158,0.682797575603719,0.7733980582524274,0.07406467172278103,0.25280479430532,1.509238768283457,4.523286214489412,3.955621184906287,3.0,3.0,2.0,0.3559483387808206,0.3281820201186812,0.6841303588995018,0.7124044045314633,0.9219934028706428,0.02776631866213941,0.3060771117343992,1.2710144852094933,3.5644668276125624,3.2671505371096083,2.0,2.0,2.0,mb_4,dfp_5,0.42034412053133635,0.26528734173198365,0.7347126582680163,31513.0,23153.0
TH-M-700013,projection,True,2,0.5253548895899054,0.27626182965299684,0.8016167192429022,0.8750394321766561,0.5258575395931847,0.24909305993690856,0.37307946407691384,1.1517349883121717,3.163677093597453,2.680394115163199,3.0,2.0,2.0,0.5257294952681388,0.3496845425867508,0.8754140378548896,0.87602523659306,0.6651415713482093,0.17604495268138803,0.4140408970447015,0.968791590196961,2.6347586666688247,2.4152203493367375,2.0,2.0,2.0,dfp_5,mb_4,0.9985749109319333,0.12397476340694007,0.87602523659306,50720.0,44432.0
TH-M-700017,projection,True,2,0.30811997887304365,0.22705918327634614,0.5351791621493898,0.6385900536513496,0.7369180801154818,0.08106079559669752,0.25562373703324714,1.5093612226576372,4.523840144586934,3.91199976811988,3.0,3.0,2.0,0.330470074778306,0.3274122258360437,0.6578823006143497,0.6825952797931782,0.9907469717362044,0.003057848942262298,0.31473039463635444,1.2155358577308308,3.3721005464166183,3.1773226133923904,2.0,2.0,2.0,mb_4,dfp_5,0.37415881561238223,0.31256775915269785,0.6874322408473021,35973.0,24729.0
Trh-M-000099,projection,True,2,0.4630529216684572,0.16871409220421318,0.6317670138726703,0.7463449950955205,0.36435164170071116,0.294338829464244,0.2930151985136289,1.4305107269649422,4.1808339113619315,3.412792254711277,4.0,3.0,1.0,0.6317670138726704,0.1790952403194918,0.8108622541921622,0.8189429679106918,0.28348305053417616,0.4526717735531786,0.46404738347246133,0.946619628019177,2.5769837555424413,2.1549523510228874,2.0,2.0,1.0,mb_4,dfp_5,0.46589774869690587,0.18104535475734504,0.8189546452426549,85636.0,70132.0
Trh-M-800009,projection,True,2,0.46749370095167786,0.31084399223251113,0.778337693184189,0.8186836995073101,0.6649158942670786,0.15664970871916672,0.341025737283317,1.2618651871358295,3.532003194321462,2.932329999390108,2.0,2.0,2.0,0.778337693184189,0.055929129688177044,0.8342668228723661,0.839338158591581,0.07185715169384935,0.7224085634960119,0.6329183875657005,0.7051442573043167,2.024138660648774,1.5799825374739873,2.0,1.0,1.0,mb_4,dfp_5,0.20126188168828224,0.15469178796681163,0.8453082120331884,62311.0,52672.0
VGlut-F-200594,projection,True,2,0.3115857099448713,0.26424881712028475,0.575834527065156,0.6939380127620783,0.8480774589022012,0.04733689282458653,0.21910266952724017,1.680619973781582,5.368883506533454,4.564070360976017,4.0,3.0,2.0,0.40406736988323133,0.3823523028172071,0.7864196727004384,0.8099253375005426,0.946258795724338,0.02171506706602422,0.33915658212073646,1.2262599680224606,3.4084579264233654,2.948490616773611,2.0,2.0,2.0,mb_4,dfp_5,0.5422463339958102,0.17036723531709858,0.8296327646829014,92148.0,76449.0
VGlut-F-300680,projection,True,2,0.271349460798601,0.1535412416205188,0.4248907024191198,0.5527251530166133,0.5658431793770139,0.11780821917808221,0.20576259745674413,1.764090592533317,5.836262403388561,4.859969753298931,4.0,3.0,1.0,0.28137569221801223,0.271349460798601,0.5527251530166133,0.627047508015156,0.9643671017194946,0.010026231419411225,0.24501831798997617,1.5702317641645573,4.807762331681763,4.081327503198803,3.0,2.0,2.0,eb_8,mb_4,0.09136109384711001,0.2904692509472457,0.7095307490527543,17155.0,12172.0
VGlut-F-800070,projection,True,2,0.23278594887905182,0.2112808796230187,0.4440668285020705,0.6253605597601029,0.9076186970923813,0.021505069256033127,0.22226429671753456,1.5859865852995219,4.884107591070455,4.499148152754619,4.0,3.0,2.0,0.28062259031843495,0.24266742824503784,0.5232900185634728,0.7045837498215051,0.8647465906777936,0.03795516207339711,0.2561659910791991,1.3877747412984989,4.005925905929041,3.903718818361135,3.0,3.0,2.0,dfp_5,mb_4,0.5058009362914716,0.2926745680422676,0.7073254319577325,35015.0,24767.0
VT16811-F-700000,projection,True,2,0.48293517990160545,0.22690890023287735,0.7098440801344827,0.7734920806279977,0.4698537395414192,0.2560262796687281,0.3088790875663393,1.4587895505070823,4.300750535065246,3.2375128011384895,4.0,2.0,2.0,0.7098440801344829,0.06983235915547262,0.7796764392899554,0.8447895621597447,0.09837703956373432,0.6400117209790103,0.5298027921346831,0.9717318960601875,2.6425170634648767,1.8874947713484047,3.0,1.0,1.0,mb_4,ms_12,0.3606796011037,0.12646319458367392,0.8735368054163261,64841.0,56641.0
VT38815-F-700000,projection,True,2,0.587784367531203,0.1566079490130123,0.7443923165442153,0.797698504027618,0.2664377578988585,0.43117641851819066,0.3893582939000844,1.3415673282025014,3.8250338931844707,2.568328492462051,3.0,2.0,1.0,0.5880322209436134,0.19378596087456848,0.7818181818181819,0.8351420731167567,0.32954990215264185,0.39424626006904495,0.4016889596386787,1.2175935495061363,3.3790464337733304,2.489488386485666,3.0,2.0,1.0,mb_4,ms_12,0.9991570073761855,0.12100557670177924,0.8789944232982208,56485.0,49650.0
VT38815-F-700001,projection,True,2,0.6518181346612719,0.12710084033613445,0.7789189749974064,0.787776221599751,0.19499432982511986,0.5247172943251375,0.4800859200292721,0.9899516850446932,2.6911044486170814,2.0829604832798,2.0,2.0,1.0,0.6606753812636166,0.1282809420064322,0.7889563232700487,0.7947660545699761,0.19416637223727082,0.5323944392571844,0.491935508435064,0.9344582769807459,2.545833947264023,2.032786783741595,2.0,2.0,1.0,mb_4,dfp_5,0.9731872963530012,0.19731040564373897,0.802689594356261,77112.0,61897.0
VT43401-F-700002,projection,True,2,0.3581826389894464,0.13968364835052513,0.4978662873399715,0.552414374664611,0.3899788352238948,0.21849899063892128,0.21304409204209784,1.9213106199347476,6.829904014258971,4.693864027932764,3.0,2.0,1.0,0.3829950341138491,0.17001558760146848,0.5530106217153176,0.6216812463266923,0.44391068410283785,0.21297944651238063,0.24315822209820775,1.6476987373828855,5.19501097617225,4.112548575865619,4.0,2.0,1.0,lh_25,mb_4,0.8704296770749933,0.23779184163678332,0.7622081583632166,117401.0,89484.0
VT50245-F-700000,projection,True,2,0.49085466399452043,0.12844059971079935,0.6192952637053197,0.7052944011770973,0.26166726962633724,0.3624140642837211,0.32054266845376567,1.3706718940650846,3.937995722736341,3.119709475258947,4.0,2.0,1.0,0.49085466399452043,0.12844059971079935,0.6192952637053197,0.7052944011770973,0.26166726962633724,0.3624140642837211,0.32054266845376567,1.3706718940650846,3.937995722736341,3.119709475258947,4.0,2.0,1.0,mb_4,dfp_5,1.0,0.2297115604150283,0.7702884395849717,39419.0,30364.0
VT50245-F-700001,projection,True,2,0.44957438805221583,0.39356914975132,0.8431435378035359,0.8651555468869726,0.875426092345832,0.05600523830089582,0.37270530271099245,1.1270666667416902,3.086589213145402,2.6830849808848356,2.0,2.0,2.0,0.44957438805221583,0.39356914975132,0.8431435378035359,0.8651555468869726,0.875426092345832,0.05600523830089582,0.37270530271099245,1.1270666667416902,3.086589213145402,2.6830849808848356,2.0,2.0,2.0,mb_4,dfp_5,1.0,0.12289109628164226,0.8771089037183577,71779.0,62958.0
VT50733-F-700000,projection,True,2,0.32354493642553134,0.3040015501079062,0.6275464865334375,0.7788490448796327,0.9395960680654221,0.019543386317625144,0.23297822716315408,1.7068517103019967,5.511582077211969,4.292246585341653,3.0,3.0,2.0,0.47484749477172655,0.3072153514134712,0.7820628461851977,0.83145917269672,0.6469768816220856,0.16763214335825533,0.3333187868631409,1.3746399992242226,3.953653148491391,3.0001309239451754,2.0,2.0,2.0,mb_4,dfp_5,0.36273199285201707,0.09842517054527718,0.9015748294547228,149667.0,134936.0
VT58722-F-700000,projection,True,2,0.2079377243576816,0.16518372121163233,0.3731214455693139,0.4825797604162465,0.7943903479846376,0.04275400314604927,0.15738761789304628,2.1286342670597778,8.403382194892842,6.353739978957913,5.0,3.0,1.0,0.23930948251522607,0.21815835114750132,0.45746783366272736,0.6445448312023555,0.9116159913705926,0.021151131367724757,0.20637311308627246,1.7316135874459553,5.649762943898173,4.845592456522953,3.0,3.0,2.0,mb_4,sog_1,0.7378143329063575,0.25174041059976604,0.748259589400234,123965.0,92758.0
VT5948-F-700000,projection,True,2,0.6877985377741673,0.07670728405090713,0.7645058218250744,0.808220958570268,0.11152580274326389,0.6110912537232602,0.5028660416450822,1.0719801434495686,2.9211580889262723,1.9886011724486061,2.0,1.0,1.0,0.7143135662063363,0.07670728405090713,0.7910208502572434,0.8442025453560791,0.10738601040197729,0.6376062821554292,0.5401677010003265,0.9337254315011455,2.5439689278329563,1.8512769240887943,3.0,1.0,1.0,mb_4,dfp_5,0.9257608151753628,0.14552937990793394,0.8544706200920661,92325.0,78889.0
VT5948-F-700001,projection,True,2,0.6166760426663137,0.08568560618595365,0.7023616488522674,0.7757260884432532,0.13894751904983366,0.53099043648036,0.42460110173674687,1.2265297583273909,3.409377619383221,2.3551516845097615,3.0,1.0,1.0,0.639354931224285,0.08568560618595365,0.7250405374102387,0.8060160825970417,0.13401883992960906,0.5536693250383313,0.45370418020898795,1.099422807110185,3.0024325410027286,2.2040793178043323,3.0,1.0,1.0,mb_4,dfp_5,0.9290569683585798,0.17581653926337734,0.8241834607366226,90657.0,74718.0
fru-F-200052,projection,True,2,0.3667076748367559,0.3140910381375982,0.6807987129743541,0.7426895050629317,0.8565161290322582,0.052616636699157726,0.2737721104543035,1.4565066643352882,4.290943609446973,3.6526730145761666,4.0,2.0,2.0,0.3759818302261758,0.3685057253714394,0.7444875555976151,0.8011734645594776,0.9801157815252958,0.007476104854736432,0.31396951459244826,1.2769891864428824,3.585827199341706,3.1850226009937987,3.0,2.0,2.0,mb_4,dfp_5,0.6707777498112257,0.18259676350903756,0.8174032364909625,21134.0,17275.0
fru-F-400010,projection,True,2,0.3255740798993394,0.267309775960295,0.5928838558596343,0.7079794484638775,0.8210413311862588,0.058264303939044415,0.265789906389458,1.3979760207562428,4.047000626728644,3.7623701124854416,3.0,3.0,2.0,0.4406696725035825,0.2677291950648352,0.7083988675684177,0.7265037922477369,0.6075507614213199,0.1729404774387473,0.3409584193683856,1.141775309611933,3.1323242773921045,2.9329089507526094,2.0,2.0,2.0,mb_4,dfp_5,0.47763324873096447,0.2734263045681731,0.7265736954318269,28611.0,20788.0
fru-F-400071,projection,True,2,0.2520060180541625,0.22392176529588767,0.47592778335005015,0.5925777331995988,0.8885572139303483,0.028084252758274836,0.22935913055113183,1.5324041444073355,4.629292943305091,4.359974672022339,4.0,4.0,2.0,0.3579739217652959,0.22392176529588767,0.5818956870611836,0.6985456369107322,0.6255253572429251,0.13405215646940824,0.28276822946271113,1.3149509645213093,3.724568344781619,3.536465188823028,3.0,3.0,2.0,mb_4,ms_12,0.4079574110395069,0.3014543630892678,0.6985456369107322,19940.0,13929.0
fru-F-400141,projection,True,2,0.36079606248662527,0.3102931735501819,0.6710892360368071,0.7355874170768243,0.8600237247924081,0.05050288893644339,0.2840387950155445,1.378894607141218,3.9705102271797807,3.520645832711948,3.0,2.0,2.0,0.4252942435266424,0.31393109351594267,0.7392253370425851,0.7702118553391826,0.7381503471872799,0.11136315001069974,0.33283781799171486,1.178068447079481,3.2480942738537335,3.0044662774014834,2.0,2.0,2.0,mb_4,dfp_5,0.6966891415920298,0.22901776160924459,0.7709822383907554,23365.0,18014.0
fru-F-400196,projection,True,2,0.3170183415930108,0.27640116486997396,0.5934195064629848,0.6434373882389006,0.8718775181305399,0.04061717672303683,0.28426373518601084,1.3506882718745397,3.8600814020738254,3.51785991746587,3.0,2.0,2.0,0.3670362233689266,0.27640116486997396,0.6434373882389006,0.6780258519388955,0.7530623608017817,0.09063505849895265,0.31597690704720305,1.2045551574196582,3.335275075647353,3.1647882414730146,2.0,2.0,2.0,mb_4,dfp_5,0.7274498886414253,0.3219741480611046,0.6780258519388954,19573.0,13271.0
fru-F-400214,projection,True,2,0.2237551393330288,0.22201918684330746,0.4457743261763363,0.5631338510735496,0.9922417313189057,0.0017359524897213319,0.22403582762852847,1.5897813014803917,4.902676602957725,4.463571789321527,4.0,4.0,2.0,0.32928277752398355,0.22201918684330746,0.551301964367291,0.6691640018273184,0.6742508324084351,0.10726359068067609,0.271378479673587,1.3800017256805024,3.974908486910904,3.6848905676043144,3.0,3.0,2.0,mb_4,ms_12,0.3590455049944506,0.3154865235267245,0.6845134764732754,21890.0,14984.0
fru-F-400229,projection,True,2,0.2361007878697785,0.23097220157573956,0.46707298944551806,0.6341236806897577,0.9782779789076027,0.00512858629403895,0.21142445154833223,1.634543687639075,5.127117895887415,4.729821894661021,4.0,3.0,2.0,0.3187899509439572,0.23097220157573956,0.5497621525196967,0.7168128437639364,0.7245278619724878,0.08781774936821762,0.2504704046485446,1.452064459493655,4.271924633339189,3.992487660980072,3.0,3.0,2.0,mb_4,dfp_5,0.48123105619025414,0.259105098855359,0.740894901144641,26908.0,19936.0
fru-F-400338,projection,True,2,0.39374221237712864,0.2988785823065208,0.6926207946836495,0.7560016613595459,0.7590717299578058,0.09486363007060783,0.2854052508016363,1.4115835825762493,4.102446826177065,3.503789776786639,3.0,2.0,2.0,0.39850477640869447,0.348248650145369,0.7467534265540634,0.8101342932299599,0.8738882712618121,0.050256126263325485,0.3186670075664926,1.2436256799011853,3.468165153501017,3.1380719567944024,3.0,2.0,2.0,dfp_5,mb_4,0.9760978321289605,0.18587844385989202,0.814121556140108,36115.0,29402.0
fru-F-400437,projection,True,2,0.3492420282279143,0.19111343439623626,0.5403554626241506,0.6088342916884475,0.547223469540488,0.15812859383167802,0.2762518919577688,1.4127839610840125,4.107374271984806,3.619884710700451,4.0,2.0,1.0,0.4063251437532671,0.19383167799268164,0.6001568217459488,0.6686356508102457,0.4770358934774218,0.21249346576058548,0.31716252378353843,1.2335809697407136,3.433502817744544,3.1529576321649344,3.0,2.0,1.0,mb_4,dfp_5,0.719027402547279,0.3313643491897543,0.6686356508102457,19130.0,12791.0
fru-F-400475,projection,True,2,0.3534032473579787,0.3378952909260234,0.691298538284002,0.7301291654856864,0.9561182401466545,0.015507956431955294,0.29548929806187463,1.358272492784531,3.8894684100754002,3.3842173187287576,2.0,2.0,2.0,0.37672591812770784,0.37182653763615015,0.748552455763858,0.7603352633923148,0.9869948409286328,0.004899380491557692,0.3347523714348298,1.159962785888605,3.1898145677927308,2.98728279567896,2.0,2.0,2.0,mb_4,dfp_5,0.7938521066208083,0.23322670769729117,0.7667732923027089,24697.0,18937.0
fru-F-500083,projection,True,2,0.37000248838752486,0.20060550763105509,0.5706079960185799,0.6313453881884539,0.5421734013338565,0.16939698075646978,0.31506825235964747,1.2420184497185103,3.4625954908517245,3.1739154691425697,3.0,2.0,2.0,0.37228351028533513,0.261342899800929,0.6336264100862641,0.6336264100862641,0.7019996657940177,0.11094061048440612,0.34112473069300797,1.086431310590755,2.9636787291697813,2.931479045709942,2.0,2.0,2.0,dfp_5,mb_4,0.9877457806494736,0.3663735899137359,0.6336264100862641,48224.0,30556.0
fru-F-500115,projection,True,2,0.272578131408416,0.1552237989773877,0.4278019303858037,0.574412818199218,0.569465342561942,0.11735433243102833,0.22086126803000247,1.6491823101881642,5.202723873087013,4.527729143817814,4.0,3.0,1.0,0.3607852787575534,0.164246848768217,0.5250321275257703,0.680255926503158,0.45524820007578626,0.1965384299893364,0.27414575892508086,1.3884670850398857,4.008700343980055,3.64769458378994,3.0,3.0,1.0,mb_4,dfp_5,0.5110269041303525,0.3045689443031745,0.6954310556968255,36573.0,25434.0
fru-F-500297,projection,True,2,0.3838791202882185,0.32499865569715547,0.7088777759853739,0.748292735387428,0.8466171732735678,0.05888046459106305,0.3041589270401993,1.317245384295194,3.733123879281552,3.2877548909417165,2.0,2.0,2.0,0.40705490132817124,0.3319352583750067,0.7389901597031779,0.778405119105232,0.815455746367239,0.07511964295316453,0.326461097006232,1.1946288874041129,3.302332006064177,3.063152115735586,2.0,2.0,2.0,mb_4,dfp_5,0.8861294583883752,0.22143356455342258,0.7785664354465774,18597.0,14479.0
fru-F-500435,projection,True,2,0.3119036706803883,0.18045081454939377,0.4923544852297821,0.6328902962376568,0.5785466203580015,0.13145285613099456,0.23984957288307646,1.5385650288343498,4.657901518680791,4.169279886470704,4.0,3.0,1.0,0.3707762176575976,0.1817007624682305,0.5524769801258281,0.6930127911337028,0.49005506236655805,0.1890754551893671,0.27702580813226363,1.3688274265023401,3.9307389118969707,3.609771980242933,3.0,3.0,1.0,mb_4,dfp_5,0.6824362287897516,0.2943210699554185,0.7056789300445815,24001.0,16937.0
fru-F-500584,projection,True,2,0.25969321586691113,0.17642323688564912,0.4361164527525603,0.599570681096552,0.6793525055966937,0.08326997898126201,0.22134593020986693,1.5626411584039483,4.771406658581556,4.517815164036945,4.0,4.0,1.0,0.36818568042574124,0.178033182773579,0.5462188631993202,0.709673091543312,0.4835418437993441,0.19015249765216224,0.2782635079766045,1.3302394499183663,3.7819488665033756,3.5937159251369635,3.0,3.0,1.0,mb_4,dfp_5,0.4106643993683955,0.29032690845668796,0.709673091543312,22361.0,15869.0
fru-F-600168,projection,True,2,0.47631483055994167,0.2769950200412972,0.7533098506012389,0.8276144783189603,0.581537676909346,0.19931981051864445,0.3384655042410857,1.2117056463454094,3.3592093921937756,2.9545108363176347,3.0,2.0,2.0,0.47740799222640595,0.35129964775901856,0.8287076399854245,0.8287076399854245,0.7358478565068056,0.1261083444673874,0.3806709061566215,1.022713241070317,2.780729326814309,2.6269409713926613,2.0,2.0,2.0,dfp_5,mb_4,0.9954204299707416,0.17129236001457548,0.8287076399854245,32932.0,27291.0
fru-F-600186,projection,True,2,0.3004876828810804,0.26593305823016966,0.5664207411112501,0.6547872118711183,0.8850048550423083,0.03455462465091075,0.2433077921150391,1.5168575944436709,4.557879960361484,4.110020444915249,4.0,2.0,2.0,0.34187820432662247,0.30448918344379144,0.6463673877704139,0.7347338585302822,0.8906364301389906,0.037389020882831026,0.28610524529764536,1.314487952538575,3.722844224182522,3.4952172895665186,3.0,2.0,2.0,mb_4,dfp_5,0.5557181175323092,0.2620982868575716,0.7379017131424284,23991.0,17703.0
fru-F-700104,projection,True,2,0.36788249509137594,0.3412626491466546,0.7091451442380305,0.7774505361727836,0.9276403571795135,0.026619845944721332,0.2847915020107949,1.3945677803127066,4.0332309540244715,3.5113407280042206,4.0,2.0,2.0,0.40869959220661534,0.36878870261289837,0.7774882948195136,0.8457936867542667,0.9023466371027347,0.03991088959371697,0.33148567745695995,1.205171309172781,3.337330744469299,3.0167215901201034,3.0,2.0,2.0,mb_4,dfp_5,0.6699926090169993,0.15420631324573328,0.8457936867542667,26484.0,22400.0
fru-F-700114,projection,True,2,0.3899334683251374,0.29249142526550687,0.6824248935906443,0.7973883218314807,0.7501059771089444,0.09744204305963056,0.28886664820863783,1.3328606018082068,3.7918749321018583,3.461804975414595,3.0,3.0,2.0,0.40745485350634325,0.39733046820116535,0.8047853217075086,0.8050745898590851,0.9751521298174443,0.010124385305177896,0.3618869578015003,1.0536410479013347,2.868074927948988,2.7632938364927564,2.0,2.0,2.0,mb_4,dfp_5,0.43569979716024343,0.1949254101409149,0.8050745898590851,24199.0,19482.0
fru-F-700163,projection,True,2,0.2855898399889964,0.2622071431846316,0.547796983173628,0.6143230480033011,0.9181248996628673,0.023382696804364778,0.2667754969947946,1.437864430256796,4.211691844442188,3.748470197843966,3.0,2.0,2.0,0.30700105451377746,0.29489707028563567,0.6018981247994131,0.6684241896290861,0.9605734767025088,0.012103984228141795,0.2955821648604725,1.2689686553845538,3.557181989377133,3.3831540562403113,3.0,2.0,2.0,mb_4,dfp_5,0.7081839904420549,0.33157581037091377,0.6684241896290862,21811.0,14579.0
fru-F-700245,projection,True,2,0.4414362147875975,0.2513375878295623,0.6927738026171597,0.7344807580738735,0.5693633177570093,0.1900986269580352,0.3115421471969064,1.3314824825017104,3.7866528751853203,3.209838569187116,2.0,2.0,2.0,0.48314317024431125,0.25965319409527493,0.7427963643395862,0.7734158447753497,0.5374249499666444,0.22348997614903632,0.3525441171314889,1.152665829575533,3.166623345813957,2.8365244274577655,2.0,2.0,2.0,mb_4,dfp_5,0.8273515677118078,0.22529491394314446,0.7747050860568555,15513.0,12018.0
fru-F-700257,projection,True,2,0.3910702976567448,0.28012191260291325,0.671192210259658,0.7321089297023433,0.7162955465587044,0.11094838505383153,0.2844565567468207,1.3868459927350492,4.002207135167434,3.515475302930161,3.0,2.0,2.0,0.44086447118429384,0.2809135528815706,0.7217780240658644,0.7826947435085497,0.6371880050278327,0.15995091830272323,0.3238464512656418,1.225376605299891,3.4054483512186944,3.0878831498441497,3.0,2.0,2.0,mb_4,dfp_5,0.7741066618782546,0.21647403419886005,0.78352596580114,25264.0,19795.0
fru-M-400031,projection,True,2,0.44798301486199577,0.2836028090805161,0.7315858239425119,0.7885840274375308,0.6330659861465548,0.16438020578147966,0.3269625762670417,1.236330272264428,3.442955543954397,3.0584540023420455,3.0,2.0,2.0,0.4503919647231749,0.3406010125755349,0.7909929772987098,0.7936469051118733,0.7562324358625692,0.10979095214764001,0.36145061475742696,1.0674933231569115,2.9080807373370066,2.7666296837566864,2.0,2.0,2.0,dfp_5,mb_4,0.9893028737195178,0.20635309488812673,0.7936469051118733,24492.0,19438.0
fru-M-400362,projection,True,2,0.34422104588506186,0.26040306691670423,0.6046241128017661,0.7000023737745389,0.7564995517550512,0.08381797896835763,0.2701611758201507,1.4034551471157397,4.069235512788834,3.7014941061172726,3.0,2.0,2.0,0.3557813278894771,0.3443634723573955,0.7001448002468726,0.725757827521542,0.9679076594609021,0.011417855532081578,0.3199328115476712,1.1953729085095977,3.304789925032415,3.1256562750238457,2.0,2.0,2.0,mb_4,dfp_5,0.4638377368561516,0.27222446412039786,0.7277755358796022,42127.0,30659.0
fru-M-400401,projection,True,2,0.2895117819189897,0.27860773140304945,0.5681195133220391,0.6856922839981519,0.9623364187679541,0.010904050515940233,0.25074163413885353,1.4797953832572077,4.392046902637942,3.988168951017639,3.0,3.0,2.0,0.4070845525951024,0.27873094101339907,0.6858154936085015,0.7196365316494686,0.684700363196126,0.12835361158170333,0.31888854703529956,1.2331261566134848,3.4319415706554044,3.1358918634644612,2.0,2.0,2.0,mb_4,dfp_5,0.4223668280871671,0.2725704604959187,0.7274295395040813,32465.0,23616.0
fru-M-500174,projection,True,2,0.4960861880313105,0.26113121791095023,0.7572174059422607,0.846561737227506,0.5263827621309806,0.23495497012036026,0.3458038178890698,1.2021787177885692,3.3273584062462165,2.8918130693420783,3.0,2.0,2.0,0.4960861880313105,0.3504755491961956,0.846561737227506,0.8466038212271694,0.7064811672887683,0.14561063883511488,0.3924650059729809,1.0032209594984025,2.7270514198012865,2.5479978718633696,2.0,2.0,2.0,dfp_5,mb_4,1.0,0.15339617877283057,0.8466038212271695,23762.0,20117.0
fru-M-500374,projection,True,2,0.4963908939478068,0.25559874143994077,0.7519896353877475,0.8165833796039237,0.5149142431021626,0.240792152507866,0.3495486446493676,1.1843792680378225,3.268657231598414,2.8608321482782477,3.0,2.0,2.0,0.4963908939478068,0.32019248565611697,0.8165833796039237,0.8165833796039237,0.6450410141685309,0.1761984082916898,0.38256880410246374,1.0233874387478026,2.782604720190055,2.6139088950184477,2.0,2.0,2.0,dfp_5,mb_4,1.0,0.18341662039607626,0.8165833796039238,21612.0,17648.0
fru-M-500377,projection,True,2,0.3999807168510618,0.31306192301202784,0.7130426398630896,0.7862703979559862,0.7826925394720983,0.08691879383903395,0.30350622437134256,1.31630964342373,3.729632276561929,3.2948253436031387,3.0,2.0,2.0,0.4045845686600622,0.38628968110492445,0.7908742497649867,0.7974064164678092,0.954781054512958,0.01829488755513775,0.35303877379786625,1.1035452757798527,3.014835522972636,2.832550060273419,2.0,2.0,2.0,dfp_5,mb_4,0.9772415847482872,0.20020729385108588,0.7997927061489141,41487.0,33181.0
fru-M-500383,projection,True,2,0.35550539252570856,0.1784800601956358,0.5339854527213443,0.6076749435665914,0.5020459997177931,0.17702533233007275,0.2834952220248791,1.3837124267571703,3.9896855838518492,3.5273963097418326,3.0,2.0,1.0,0.4291948833709556,0.1784800601956358,0.6076749435665915,0.6574366691748182,0.41584852734922856,0.2507148231753198,0.33588924476079746,1.1869010040592454,3.276910323967622,2.977171837437507,2.0,2.0,1.0,mb_4,dfp_5,0.6566152407667134,0.34256333082518187,0.6574366691748181,19935.0,13106.0
fru-M-700067,projection,True,2,0.4254137939938544,0.21951093552302012,0.6449247295168745,0.7132749761148552,0.5159939301972686,0.2059028584708343,0.313205643037122,1.2691410279046127,3.55779520264999,3.192790494778784,3.0,2.0,2.0,0.49376404059183515,0.22157667777003123,0.7153407183618664,0.7168383814909495,0.4487501307394624,0.2721873628218039,0.3722668245148287,1.0588856772501225,2.8831564317699363,2.686245279318911,2.0,2.0,2.0,mb_4,dfp_5,0.7231461144231774,0.28171559893614273,0.7182844010638573,38727.0,27817.0
fru-M-700270,projection,True,2,0.3753398870529178,0.21593285923446978,0.5912727462873876,0.637628111273792,0.5752995263304541,0.15940702781844804,0.3101287131975595,1.287775665595653,3.6247150038764095,3.2244676401922696,2.0,2.0,2.0,0.42169525203932234,0.21593285923446978,0.6376281112737922,0.6463083037021544,0.5120590241180483,0.20576239280485256,0.3449267481141472,1.1417168536640625,3.132141179759057,2.8991662881101594,2.0,2.0,2.0,mb_4,dfp_5,0.7801475602951206,0.34694624555532316,0.6530537544446768,38248.0,24978.0
