fc_id,em_id,group,label,score,em_density,em_cable_in_query_hull_um,query_hull_um3,eff_density,orphan_fwd
Cha-F-000009,1048215779,projection,1,0.3657734650382657,0.016002091438961,6423.0,489708.78304938454,0.013115958345701704,0.316622691292876
Cha-F-000009,1078693835,projection,1,0.4638950817708449,0.0243669855778049,24865.0,489708.78304938454,0.050775074617137296,0.17355614189387278
Cha-F-400112,1224258912,projection,0,-0.865296525614647,0.0091179727043628,0.0,321402.5919650599,0.0,1.0
Cha-F-400112,5813022925,projection,0,-0.8119221613793822,0.0068913572478504,0.0,321402.5919650599,0.0,1.0
Cha-F-400201,1639886198,projection,0,-0.7753938172541694,0.0297841940948102,0.0,555304.7631873908,0.0,1.0
Cha-F-400201,1640555311,projection,0,-0.7674157860105526,0.0252402226461247,0.0,555304.7631873908,0.0,1.0
Cha-F-800086,579916831,projection,0,0.0755932580147284,0.0034028474886436,1674.0,1577004.6920317577,0.0010615060363855207,0.3897012078830261
Cha-F-800086,5812981543,projection,1,0.1956345249806534,0.0072280261757006,8267.0,1577004.6920317577,0.0052422164891273,0.42657342657342656
E0585-F-200015,457175171,projection,1,0.2721011366949297,0.0036420220650583,8185.0,1890265.0876449212,0.004330080502199658,0.4044642857142857
E0585-F-200015,518899665,projection,0,0.1794890506894377,0.0046005613689424,8345.0,1890265.0876449212,0.004414724714826652,0.40267857142857144
E0585-F-300042,457175171,projection,1,0.3616640610217221,0.0036420220650583,7912.0,1399067.8340258158,0.005655193985293215,0.3241106719367589
E0585-F-300042,642664141,projection,1,0.3564795441419253,0.0038952075205343,3590.0,1399067.8340258158,0.002565994237512973,0.2391304347826087
fru-F-200052,1228683492,projection,0,-0.796706349076046,0.0124914602425787,0.0,418957.4666215898,0.0,1.0
fru-F-200052,456156825,projection,0,-0.2654480160090322,0.0049672818079755,4136.0,418957.4666215898,0.009872123853889235,0.951510333863275
fru-F-400010,862705904,projection,1,0.2493414234178971,0.0067382309598167,5818.0,379335.8010857549,0.015337334317898322,0.3132400430570506
fru-F-400010,1173745330,projection,1,0.345297960645134,0.0049933603985814,2341.0,379335.8010857549,0.0061713131038501155,0.2319698600645856
fru-F-400071,1205090786,projection,1,0.3521866387446078,0.0051644024342298,4774.0,431858.2770187927,0.011054552509577709,0.20293724966622162
fru-F-400071,1173745330,projection,1,0.2529921939187209,0.0049933603985814,2458.0,431858.2770187927,0.0056916820420071235,0.40186915887850466
fru-F-400141,862705904,projection,1,0.2710010317956982,0.0067382309598167,6323.0,363176.5377037328,0.017410265652012164,0.2882388787324802
fru-F-400141,1142356576,projection,1,0.4098586893575159,0.0076559704478945,5558.0,363176.5377037328,0.01530385204711112,0.1785496648385131
fru-F-400196,1100792636,projection,0,-0.774029440740762,0.0116892928304314,0.0,368586.85124129575,0.0,1.0
fru-F-400196,1141324564,projection,1,0.3432899088869561,0.0048580545335437,1909.0,368586.85124129575,0.005179240641848808,0.3494094488188976
fru-F-400214,983759126,projection,1,0.3250486307209309,0.0048562414811737,5366.0,525617.3552475931,0.010208947528896443,0.2628428927680798
fru-F-400214,1173045815,projection,1,0.3225903170873185,0.0057789996728459,2996.0,525617.3552475931,0.005699963994888883,0.2483790523690773
fru-F-400229,5813087817,projection,1,0.3406697183614339,0.0062531361524346,8883.0,577651.4898586594,0.015377784279883887,0.2873900293255132
fru-F-400229,1700644008,projection,0,-0.6751889210432005,0.0069635322587279,109.0,577651.4898586594,0.0001886950902293531,1.0
fru-F-400338,1141678665,projection,1,0.2882649826647423,0.0057389173755067,4534.0,393002.3188249934,0.011536827603348114,0.3171442447790189
fru-F-400338,1205090786,projection,1,0.2121945923986498,0.0051644024342298,3856.0,393002.3188249934,0.009811646942768048,0.41185041282175816
fru-F-400437,1173745330,projection,1,0.4036126391145456,0.0049933603985814,2309.0,362152.1656878246,0.006375773000320422,0.15603217158176944
fru-F-400437,1141678665,projection,1,0.3181938498288467,0.0057389173755067,5028.0,362152.1656878246,0.013883666801910386,0.23163538873994638
fru-F-400475,5901203987,projection,0,-0.7226543450594277,0.0141366858665491,26.0,428245.6550539075,6.071281679840307e-05,0.9868852459016394
fru-F-400475,519591210,projection,0,-0.3992952881402006,0.004363794654531,288.0,428245.6550539075,0.0006725112014592339,0.9704918032786886
fru-F-500083,1261130127,projection,0,-0.7412803212036516,0.0027767348603921,0.0,318869.274529095,0.0,1.0
fru-F-500083,1261129711,projection,0,-0.7212199904809977,0.0022742701078253,0.0,318869.274529095,0.0,1.0
fru-F-500115,1206114100,projection,1,0.3854754307135442,0.0044044249447143,4486.0,531378.1592303057,0.008442198690472925,0.1656961355214399
fru-F-500115,1173745330,projection,1,0.3083405424396781,0.0049933603985814,2481.0,531378.1592303057,0.004668991295377469,0.25780836421386977
fru-F-500297,1051630846,projection,1,0.3056988415801673,0.0064811516380024,3741.0,334016.8181960983,0.011200034837179042,0.2866273352999017
fru-F-500297,948035783,projection,0,-0.7858037132138149,0.0082182941425455,0.0,334016.8181960983,0.0,1.0
fru-F-500435,1142011140,projection,1,0.3367702147077589,0.0060963572011576,5279.0,433708.748344848,0.012171762778929679,0.1991223258365332
fru-F-500435,1510648834,projection,0,-0.3070381456267737,0.0146032207321978,3797.0,433708.748344848,0.008754723105057018,0.827756445419638
fru-F-500584,862705904,projection,1,0.242128646694652,0.0067382309598167,4131.0,416927.0146443381,0.009908209002777075,0.37540453074433655
fru-F-500584,1205090786,projection,1,0.3291996353566959,0.0051644024342298,4137.0,416927.0146443381,0.009922600010769488,0.24271844660194175
fru-F-600168,1101133698,projection,0,-0.879241260740483,0.0169155253445457,0.0,306948.60714809434,0.0,1.0
fru-F-600168,977343309,projection,0,-0.7952479915402106,0.0088864820496267,0.0,306948.60714809434,0.0,1.0
fru-F-600186,609587511,projection,0,-0.2434768879129805,0.0035320939398441,708.0,392781.6864583423,0.0018025280312428445,0.8781838316722038
fru-F-600186,550280614,projection,0,-0.2697807708610734,0.0049309204984955,1193.0,392781.6864583423,0.0030373106515151323,0.840531561461794
fru-F-700104,1142365351,projection,1,0.4235848925671134,0.0083744298424367,4736.0,360341.2183398643,0.0131430981496353,0.16573033707865167
fru-F-700104,1173745330,projection,1,0.3812509289857044,0.0049933603985814,2334.0,360341.2183398643,0.006477194062763681,0.14831460674157304
fru-F-700114,1224945418,projection,0,-0.8817560711314733,0.0082173427940821,0.0,312297.80714877223,0.0,1.0
fru-F-700114,1224258912,projection,0,-0.8817283324689646,0.0091179727043628,0.0,312297.80714877223,0.0,1.0
fru-F-700163,1142356576,projection,1,0.3889039803466555,0.0076559704478945,5829.0,389385.998441157,0.014969721621566892,0.24610778443113773
fru-F-700163,862705904,projection,1,0.1503345418805204,0.0067382309598167,6075.0,389385.998441157,0.01560148547795829,0.4431137724550898
fru-F-700245,1204175835,projection,1,0.3625138252199836,0.0052954052537903,4970.0,374415.0660507418,0.013274038495359188,0.14479105356091818
fru-F-700245,1100792636,projection,0,-0.8484211125946084,0.0116892928304314,0.0,374415.0660507418,0.0,1.0
fru-F-700257,1141337605,projection,0,0.2952326134285284,0.0076383527427941,5180.0,342052.6828562429,0.015143866017203668,0.3086359175662414
fru-F-700257,1224258912,projection,0,-0.8549693435915284,0.0091179727043628,0.0,342052.6828562429,0.0,1.0
fru-M-400031,1290416713,projection,0,-0.822223448347857,0.0103089118135138,0.0,246372.96123296273,0.0,1.0
fru-M-400031,1198006801,projection,0,-0.651380876660054,0.0186774221070133,0.0,246372.96123296273,0.0,1.0
fru-M-400362,955464899,projection,1,0.2647495452866504,0.0043481874364012,2123.0,496973.2644099108,0.004271859578846316,0.415929203539823
fru-M-400362,1469403612,projection,1,-0.438222688020542,0.0047363747451352,957.0,496973.2644099108,0.0019256569085991163,0.8522508657175837
fru-M-400401,955464899,projection,1,0.2191025022225318,0.0043481874364012,2025.0,537161.5627943056,0.0037698155271311358,0.3648456057007126
fru-M-400401,829261936,projection,1,0.1492553639758627,0.0056753607039504,1875.0,537161.5627943056,0.0034905699325288296,0.5140142517814726
fru-M-500174,266187383,projection,0,-0.6721936925512318,0.0112319871303951,9.0,395005.51433670736,2.278449204718771e-05,0.9673530889000502
fru-M-500174,977343309,projection,0,-0.7449551792041966,0.0088864820496267,0.0,395005.51433670736,0.0,1.0
fru-M-500374,737832306,projection,0,-0.6153760419255062,0.0096842446134171,107.0,385904.7994484261,0.0002772704567368303,0.9723218862121988
fru-M-500374,1224258912,projection,0,-0.8752491994831517,0.0091179727043628,0.0,385904.7994484261,0.0,1.0
fru-M-500377,1100792636,projection,0,-0.7203424356138199,0.0116892928304314,0.0,460344.7898208657,0.0,1.0
fru-M-500377,5813057274,projection,0,-0.7254548415527564,0.0126600842898228,0.0,460344.7898208657,0.0,1.0
fru-M-500383,5813034306,projection,1,-0.7256332658133,0.0049760965828224,0.0,392449.1927863732,0.0,1.0
fru-M-500383,1205090786,projection,1,0.2479284762808049,0.0051644024342298,3525.0,392449.1927863732,0.00898205440294741,0.30650319829424305
fru-M-700067,1228683492,projection,0,-0.6782312144387583,0.0124914602425787,0.0,327147.47765237244,0.0,1.0
fru-M-700067,550617370,projection,0,-0.4879943183677135,0.0065847522030642,0.0,327147.47765237244,0.0,0.9935608499678042
fru-M-700270,1204175835,projection,1,0.2206670526895728,0.0052954052537903,4641.0,440872.00574603066,0.01052686480319075,0.33519837232960326
fru-M-700270,1510648834,projection,0,-0.6138498547238722,0.0146032207321978,594.0,440872.00574603066,0.0013473298196714728,0.9867751780264497
G0239-F-000001,300972942,projection,1,0.5135707511702099,0.005985216972147,3512.0,846769.7445615084,0.004147526553182005,0.12956521739130436
G0239-F-000001,5813068729,projection,1,0.5221390183404121,0.0069903720262214,3826.0,846769.7445615084,0.004518347549110009,0.13608695652173913
G0239-F-000003,300972942,projection,1,0.5551236073358927,0.005985216972147,3832.0,686725.6954338541,0.005580102835061457,0.10659477395271671
G0239-F-000003,5813068729,projection,1,0.5651625100757107,0.0069903720262214,4199.0,686725.6954338541,0.00611452291347157,0.13396930734135212
G0239-F-000005,300972942,projection,1,0.5894776499278734,0.005985216972147,3567.0,680470.3204969956,0.005241962643418111,0.06142506142506143
G0239-F-000005,5813068729,projection,1,0.5955835507162022,0.0069903720262214,3891.0,680470.3204969956,0.005718103909599066,0.06715806715806716
G0239-F-000007,300972942,projection,1,0.4997948028877351,0.005985216972147,4008.0,809227.142859453,0.004952873906129112,0.09853249475890985
G0239-F-000007,5813068729,projection,1,0.4951243731427685,0.0069903720262214,4235.0,809227.142859453,0.0052333884711718535,0.09276729559748427
G0239-F-000008,300972942,projection,1,0.4655931909482209,0.005985216972147,3746.0,753187.6327830749,0.0049735282908965174,0.19534883720930232
G0239-F-000008,267896360,projection,0,0.1211111690951077,0.0097779583306895,2961.0,753187.6327830749,0.003931291315895512,0.5683720930232559
G0239-F-000009,5813068729,projection,1,0.489135512695489,0.0069903720262214,3648.0,819652.7955516187,0.004450664988636963,0.18629807692307693
G0239-F-000009,300972942,projection,1,0.4940878016779785,0.005985216972147,3433.0,819652.7955516187,0.004188358800984292,0.1658653846153846
G0239-F-000011,676573560,projection,0,-0.5012170399629218,0.0082262112470957,989.0,712752.1571696945,0.001387579104533717,1.0
G0239-F-000011,636667489,projection,0,-0.5057045896717446,0.0020613388662037,118.0,712752.1571696945,0.0001655554442214142,0.9427055702917772
G0239-F-000012,300972942,projection,1,0.4685702517458884,0.005985216972147,3430.0,714445.8351404334,0.004800923780773094,0.1464720194647202
G0239-F-000012,5813068729,projection,1,0.4730291817773632,0.0069903720262214,3648.0,714445.8351404334,0.0051060553796677104,0.14549878345498785
G0239-F-000013,300972942,projection,1,0.4834444461687129,0.005985216972147,3842.0,892149.4983419039,0.004306453130490476,0.1307277628032345
G0239-F-000013,5813068729,projection,1,0.4944533209245346,0.0069903720262214,3996.0,892149.4983419039,0.004479069939989574,0.09838274932614555
Gad1-F-001409,1610224198,projection,0,-0.8820797010724477,0.0283434007818147,0.0,7692.665290846125,0.0,1.0
Gad1-F-001409,1641250106,projection,0,-0.8818152153940519,0.0223240952983404,0.0,7692.665290846125,0.0,1.0
Gad1-F-101173,5813020585,projection,0,0.402603146330554,0.0128784071140858,1027.0,70052.42376087973,0.014660449201666606,0.14007782101167315
Gad1-F-101173,5813020455,projection,0,0.4152235638353836,0.0132007818220763,1119.0,70052.42376087973,0.01597375136968348,0.11284046692607004
Gad1-F-200227,5813022201,projection,1,0.4205122859817187,0.0076505074096679,2866.0,332258.45936812763,0.008625814991890392,0.13804713804713806
Gad1-F-200227,860983686,projection,1,0.391943241091181,0.007709191480587,6672.0,332258.45936812763,0.020080752835273098,0.2149270482603816
Gad1-F-300153,1224258912,projection,0,-0.8809869182363503,0.0091179727043628,0.0,256279.6450363688,0.0,1.0
Gad1-F-300153,1224945418,projection,0,-0.8813741139082931,0.0082173427940821,0.0,256279.6450363688,0.0,1.0
Gad1-F-300154,517854468,projection,1,0.3290313411239342,0.0112691192251281,7218.0,269908.5563284268,0.02674239045322106,0.2402069475240207
Gad1-F-300154,423774471,projection,1,0.3622029144202836,0.0080950330826297,6457.0,269908.5563284268,0.023922917034697753,0.29711751662971175
Gad1-F-300275,702389193,projection,0,-0.6516056145874369,0.0023422687984393,0.0,252544.90473168978,0.0,1.0
Gad1-F-300309,955464899,projection,1,0.3755691799347976,0.0043481874364012,2617.0,491150.10904281086,0.005328309923620297,0.18215417106652587
Gad1-F-300309,862705904,projection,1,0.262544453395317,0.0067382309598167,5311.0,491150.10904281086,0.01081339472844761,0.42502639915522705
Gad1-F-301525,422682603,projection,1,0.2836150141078277,0.0023744133649632,1462.0,578772.8310251603,0.002526034260126568,0.24808429118773948
Gad1-F-301525,1419019956,projection,1,0.2387922535795708,0.0043475376782139,2613.0,578772.8310251603,0.004514724707052478,0.4061302681992337
Gad1-F-301704,424789697,projection,0,0.1406277311875048,0.0143558613541491,3937.0,873330.9227249402,0.00450802771040775,0.28346456692913385
Gad1-F-301704,760686202,projection,0,-0.632043110582835,0.0048388000023311,259.0,873330.9227249402,0.00029656570408829243,0.9901574803149606
Gad1-F-400259,518899665,projection,0,0.169938010205174,0.0046005613689424,8627.0,2070569.4209311618,0.004166486722343425,0.4595300261096606
Gad1-F-400259,296543992,projection,0,-0.4227613710242072,0.0066247097783533,1479.0,2070569.4209311618,0.0007142962631674888,0.8936963819470347
Gad1-F-400718,1266871604,projection,1,0.4341772553405796,0.0083503085801258,6485.0,317981.78296335734,0.020394250071700804,0.1890359168241966
Gad1-F-400718,673518025,projection,0,-0.8786782289130235,0.0034863711203493,0.0,317981.78296335734,0.0,1.0
Gad1-F-400957,1262114202,projection,1,0.4872525562364931,0.015997778606868,1499.0,53929.20597663186,0.027795699433244645,0.061866125760649086
Gad1-F-400957,1261423370,projection,1,0.351191904816407,0.0216175000922359,828.0,53929.20597663186,0.015353461728303246,0.17545638945233266
Gad1-F-402516,829261936,projection,1,0.3609311164170303,0.0056753607039504,2423.0,372111.0560751564,0.006511496932008974,0.23609330940784415
Gad1-F-402516,862705904,projection,1,0.4569903802649208,0.0067382309598167,6137.0,372111.0560751564,0.01649238822605822,0.12612150730581903
Gad1-F-500136,946641153,projection,0,-0.6592942613242988,0.0059020794720564,41.0,257105.85211904018,0.0001594673931459832,0.9794913863822805
Gad1-F-500136,1290416713,projection,0,-0.4442813842257424,0.0103089118135138,0.0,257105.85211904018,0.0,0.9934372436423298
Gad1-F-500365,613719036,projection,1,0.4722665514715091,0.0115937881779525,2918.0,250188.7597654314,0.011663193833071553,0.16132478632478633
Gad1-F-500365,768555687,projection,1,0.5146983590344532,0.0104618102834578,8973.0,250188.7597654314,0.03586492058401338,0.08920940170940171
Gad1-F-500524,1173045815,projection,1,0.3219448402121427,0.0057789996728459,2667.0,431082.83787046676,0.00618674594696203,0.24802110817941952
Gad1-F-500524,1141337605,projection,1,0.3121736251719429,0.0076383527427941,6135.0,431082.83787046676,0.014231603443799045,0.24010554089709762
Gad1-F-500559,5813022201,projection,1,0.3260096448238729,0.0076505074096679,2888.0,330198.4647248129,0.008746255081491239,0.21324717285945072
Gad1-F-500559,1171690479,projection,1,0.1639127967436627,0.006734355267511,2445.0,330198.4647248129,0.00740463769883867,0.5148088314485729
Gad1-F-502126,1142365351,projection,1,0.3522153215916843,0.0083744298424367,4475.0,252874.31317055205,0.017696538426114555,0.2791154791154791
Gad1-F-502126,956138930,projection,1,0.3818088970918813,0.0068730254676122,2061.0,252874.31317055205,0.00815029401032896,0.21572481572481572
Gad1-F-600109,1670278227,projection,0,-0.7878823021757302,0.0070300179808473,0.0,323227.4987676632,0.0,1.0
Gad1-F-600109,1510648834,projection,0,-0.6712642742115904,0.0146032207321978,0.0,323227.4987676632,0.0,0.9952095808383233
Gad1-F-600115,946641153,projection,0,-0.6207911642035018,0.0059020794720564,40.0,264132.4714966669,0.0001514391614682815,0.9822595704948646
Gad1-F-600345,922810839,projection,0,-0.7132535733418972,0.0066790293565221,0.0,293174.91291767015,0.0,1.0
Gad1-F-600345,5813077405,projection,0,-0.5908366293303225,0.00902816824589,344.0,293174.91291767015,0.0011733609693152791,0.9960191082802548
Gad1-F-601324,5812980638,projection,0,-0.1674050423232148,0.0016398108513937,317.0,373205.26511333685,0.0008493985204194047,0.7183600713012478
Gad1-F-601324,1172372382,projection,0,0.2031029389483405,0.0021149551481907,457.0,373205.26511333685,0.0012245272045163028,0.3538324420677362
Gad1-F-700131,613719036,projection,1,0.4683100526384354,0.0115937881779525,2934.0,211863.66461831378,0.013848528511416965,0.1332116788321168
Gad1-F-700131,673085197,projection,1,0.4384331727483326,0.0117310384362937,8253.0,211863.66461831378,0.03895429645696122,0.1356447688564477
Gad1-F-800094,1198330641,projection,0,-0.6869364245656756,0.0468348137662644,0.0,218588.29268491015,0.0,1.0
Gad1-F-800094,1290416713,projection,0,-0.7747361061493943,0.0103089118135138,0.0,218588.29268491015,0.0,1.0
Gad1-F-900001,1290416713,projection,0,-0.7244915942460253,0.0103089118135138,0.0,256899.9916224364,0.0,1.0
Gad1-F-900001,5813026366,projection,0,-0.7814685238383579,0.0190879098879365,0.0,256899.9916224364,0.0,1.0
Gad1-F-900194,1448929233,projection,0,-0.6329073360729531,0.0234999597864878,528.0,285100.35769327893,0.0018519794372479923,0.9558924879393522
Gad1-F-900194,1193560072,projection,0,-0.8789543492798808,0.0112084219088481,0.0,285100.35769327893,0.0,1.0
TH-F-000101,331662710,projection,1,0.389378180727491,0.007491428241166,24795.0,1260892.7291451094,0.019664638733233965,0.1908256880733945
TH-F-000101,421641859,projection,0,-0.0075047343863395,0.0139169057525503,17238.0,1260892.7291451094,0.013671266081205367,0.6061162079510704
TH-F-100083,331662710,projection,1,0.3124930450489763,0.007491428241166,23949.0,1586227.6926347294,0.01509808466413837,0.28298153034300794
TH-F-100083,329970706,projection,0,-0.1185552535961422,0.0036779189118565,7308.0,1586227.6926347294,0.004607156988831401,0.7717678100263852
TH-F-100099,331662710,projection,1,0.3483735981214356,0.007491428241166,20648.0,1200098.5026374366,0.017205254364222797,0.17690025108422736
TH-F-100099,329970706,projection,0,-0.1074443416286648,0.0036779189118565,5670.0,1200098.5026374366,0.004724612177699693,0.7409267290572928
TH-F-200030,328943204,projection,0,0.2758254966704023,0.0076330946355248,11245.0,1432790.966214951,0.007848318606939762,0.3476443768996961
TH-F-200030,203253253,projection,0,-0.0502550301836351,0.0050145256669202,11815.0,1432790.966214951,0.008246143560781974,0.7498100303951368
TH-F-200033,517514142,projection,1,0.3289247120460526,0.0056025529566805,15989.0,1749254.0763962038,0.009140467480253286,0.22833333333333333
TH-F-200033,608922563,projection,0,0.257518916387218,0.0058743941223932,20696.0,1749254.0763962038,0.011831328724205519,0.37866666666666665
TH-F-200081,331662710,projection,1,0.3207124758996531,0.007491428241166,21596.0,1420016.2902909406,0.015208276234334815,0.27830740926576353
TH-F-200081,330268940,projection,0,0.1063894039790611,0.0222252385627405,34347.0,1420016.2902909406,0.02418775068627051,0.5015888944639572
TH-F-300020,484911954,projection,0,-0.1635782142136456,0.0039895429542254,5268.0,2094033.3599998164,0.002515719233814146,0.8585
TH-F-300020,1048172314,projection,0,-0.3556647418547027,0.0071806264963886,2939.0,2094033.3599998164,0.0014035115467311645,0.85
TH-F-300073,328943204,projection,1,0.2607975253018051,0.0076330946355248,12077.0,1491632.3553043997,0.008096499085081477,0.4252302025782689
TH-F-300073,361040812,projection,0,-0.0600716496115868,0.0067547716549654,8444.0,1491632.3553043997,0.005660912335383621,0.7211786372007366
TH-F-700001,418969956,projection,0,-0.7204792631740284,0.004179687703868,0.0,498967.066099598,0.0,1.0
TH-F-700001,297166053,projection,0,-0.525868251513729,0.0044662951221174,50.0,498967.066099598,0.00010020701444455571,1.0
TH-F-700004,643830129,projection,0,-0.6388884690126369,0.0083096235088328,0.0,450439.7420468227,0.0,0.9870186066637819
TH-F-700004,5813089803,projection,0,-0.6663342470920484,0.0084035319808809,4.0,450439.7420468227,8.880211106204312e-06,0.9865858935525746
TH-F-700016,5812982779,projection,1,0.3683113308176248,0.0065298447043999,2661.0,315174.8386519352,0.008442932853972799,0.21947994711326577
TH-F-700016,5813089803,projection,0,-0.6625872509646294,0.0084035319808809,0.0,315174.8386519352,0.0,0.998237108858528
TH-F-700022,946645313,projection,0,-0.5694746194111477,0.00623573471337,0.0,441882.05170242576,0.0,1.0
TH-F-700022,981362334,projection,1,-0.3004271490219629,0.0029883793967243,1192.0,441882.05170242576,0.002697552424697082,0.8233585124927367
TH-M-300021,517514142,projection,1,0.2335597622803175,0.0056025529566805,13566.0,1535089.2306047939,0.008837271299633359,0.344433688286544
TH-M-300021,5813049380,projection,0,0.2081903969533811,0.0059667901423478,14702.0,1535089.2306047939,0.009577293428218314,0.42787996127783157
TH-M-500003,580287695,projection,0,-0.240306303046381,0.0062937900013825,1193.0,405162.02514747326,0.0029445010291025294,0.8266369047619048
TH-M-500003,456156825,projection,0,-0.2121913321427483,0.0049672818079755,3271.0,405162.02514747326,0.008073313383230824,0.7797619047619048
TH-M-600002,1224258912,projection,0,-0.8342471935648439,0.0091179727043628,0.0,306962.45112113,0.0,1.0
TH-M-600002,1193560072,projection,0,-0.8286634360374321,0.0112084219088481,0.0,306962.45112113,0.0,1.0
TH-M-600003,1224595289,projection,0,-0.862565092578506,0.0243912700322834,0.0,246672.1501205063,0.0,1.0
TH-M-600003,1224258912,projection,0,-0.8635512395566995,0.0091179727043628,0.0,246672.1501205063,0.0,1.0
TH-M-700002,1224595289,projection,0,-0.7365642029595043,0.0243912700322834,0.0,316141.5782089981,0.0,1.0
TH-M-700002,1224945418,projection,0,-0.7459406130358567,0.0082173427940821,0.0,316141.5782089981,0.0,1.0
TH-M-700013,5812979156,projection,1,0.274053697645866,0.0099616573310813,5632.0,312228.94222552114,0.01803804592827285,0.3398328690807799
TH-M-700013,644417074,projection,1,0.2207992804912071,0.008573344622952,4538.0,312228.94222552114,0.014534206751154508,0.4406685236768802
TH-M-700017,604864392,projection,0,-0.8330168590010211,0.0066912735414337,0.0,358308.6428221378,0.0,1.0
TH-M-700017,454439022,projection,0,-0.3712002350224345,0.0053713235686934,480.0,358308.6428221378,0.0013396271890607702,0.8769816106531388
Trh-M-000099,1602402027,projection,1,-0.5386049158917516,0.0042677208948495,183.0,401118.4318953638,0.00045622436030996847,0.9995359628770302
Trh-M-000099,986828383,projection,1,0.2082223701920422,0.0068250225452062,1658.0,401118.4318953638,0.004133442564994141,0.47424593967517403
Trh-M-800009,1048215779,projection,1,0.4211815754709115,0.016002091438961,5037.0,489804.323757003,0.010283698521409762,0.15537321334039175
Trh-M-800009,1016835041,projection,1,0.4143589766563695,0.0121734667728503,4760.0,489804.323757003,0.009718166559839283,0.18157755426151403
VGlut-F-200594,5813058048,projection,1,0.4787787158971847,0.0072046617466692,25553.0,1188598.2179712786,0.021498433712625224,0.13865713150576084
VGlut-F-200594,328632707,projection,0,-0.5969938577201019,0.0109796520343347,876.0,1188598.2179712786,0.000737002619350358,0.9866905045689313
VGlut-F-300680,5813020585,projection,1,0.5705426138128582,0.0128784071140858,904.0,62548.868021442315,0.01445269960265469,0.16932515337423312
VGlut-F-300680,1322474586,projection,1,0.5566550668575216,0.0102051557930038,923.0,62548.868021442315,0.014756462094303407,0.10920245398773006
VGlut-F-800070,894551935,projection,1,0.3043274604165795,0.0023270067286751,4283.0,618877.9780494302,0.006920588794416456,0.34615384615384615
VGlut-F-800070,832357089,projection,0,0.1617239932952071,0.0076663932614377,9336.0,618877.9780494302,0.015085364694063049,0.38653846153846155
VT0765-F-700001,613079053,projection,0,-0.1452508342688097,0.0126882603174176,5378.0,881129.3683746641,0.0061035305291438505,0.8338579136690647
VT0765-F-700001,486544396,projection,0,-0.3313773095743706,0.0094298256848644,3325.0,881129.3683746641,0.003773566197360227,0.9219874100719424
VT16811-F-700000,1078693835,projection,0,0.3413856964435297,0.0243669855778049,19314.0,412477.34242901416,0.04682439012592278,0.20390070921985815
VT16811-F-700000,1729935421,projection,0,-0.4961696706655676,0.0038327472827304,468.0,412477.34242901416,0.0011346077756514373,0.9432624113475178
VT24618-F-700000,5813058048,projection,0,0.0936202395030199,0.0072046617466692,17639.0,1352524.1399215464,0.013041541721409242,0.6054909720504575
VT24618-F-700000,299082033,projection,0,-0.0933721956942689,0.0042552791983419,5654.0,1352524.1399215464,0.004180332042227329,0.8229037843185754
VT38815-F-700000,799586652,projection,0,0.3013071953486912,0.0132042677303838,7341.0,598267.5939024872,0.012270428943200497,0.28655783258075723
VT38815-F-700000,1640555311,projection,0,-0.6194797117659213,0.0252402226461247,463.0,598267.5939024872,0.0007739011852202466,0.9781174018756512
VT38815-F-700001,799586652,projection,0,0.2592114282401121,0.0132042677303838,9369.0,691516.4601653699,0.013548484439198292,0.3072005383580081
VT38815-F-700001,485745069,projection,0,-0.7444434914072817,0.0089867333996343,0.0,691516.4601653699,0.0,0.9996635262449529
VT43401-F-700002,575768294,projection,0,-0.4492122774445501,0.0048727490221169,13037.0,2537531.3093669717,0.005137670598142212,0.9213333333333333
VT43401-F-700002,5813020673,projection,0,-0.2865686864587017,0.0036610664163159,5201.0,2537531.3093669717,0.002049629882713634,0.7668333333333334
VT50245-F-700000,5813058316,projection,0,-0.027955081595569,0.0078940296257431,1225.0,334148.10567427275,0.0036660390383721907,0.6923466801824633
VT50245-F-700000,700486220,projection,0,-0.1906043645736551,0.0056141921175107,250.0,334148.10567427275,0.0007481712323208552,0.8737962493664471
VT50245-F-700001,612414168,projection,0,-0.2516694290293952,0.0060053098353832,3024.0,577340.1573842854,0.00523781337799301,0.9165029469548134
VT50245-F-700001,674807824,projection,0,-0.2263904508050762,0.0065659411788584,3718.0,577340.1573842854,0.0064398776915932585,0.949901768172888
VT50733-F-700000,919763043,projection,0,-0.4096147043146838,0.010398095409198,35892.0,2276884.4061070336,0.015763646105059564,0.942
VT50733-F-700000,519046655,projection,0,-0.1022357564963375,0.0110816715891169,20635.0,2276884.4061070336,0.009062822840128834,0.45116666666666666
VT58722-F-700000,549282467,projection,1,-0.0961948690226736,0.0026354753638663,10012.0,5497088.891088203,0.0018213276514831883,0.7235
VT58722-F-700000,326253554,projection,0,-0.0675408607593156,0.0037987360134181,23338.0,5497088.891088203,0.00424551984921241,0.5898333333333333
VT58722-F-700001,673509195,projection,0,0.0792308978501987,0.0440042048768488,30318.0,910157.6587357036,0.03331071239032874,0.5407407407407407
VT58722-F-700001,946990515,projection,0,-0.6744812251673471,0.0067895349345395,292.0,910157.6587357036,0.00032082353776555157,1.0
VT5948-F-700000,422725634,projection,1,0.3186992594586652,0.0068477540219964,7057.0,1037451.9642596635,0.006802242651336584,0.17317143683145417
VT5948-F-700000,519279166,projection,0,-0.3529572092097367,0.0052879051978479,3989.0,1037451.9642596635,0.0038449972985945347,0.9025729979762938
VT5948-F-700001,422725634,projection,1,0.3230441953749494,0.0068477540219964,5595.0,831128.5146123996,0.006731810907256927,0.19708029197080293
VT5948-F-700001,736174181,projection,0,-0.201532935112521,0.0055059241521354,5781.0,831128.5146123996,0.006955603012484771,0.855898281139628
5HT1A-F-200016,1191315642,dense,1,0.349490647063804,0.0022967246287062,17248.0,3654055.951540242,0.0047202342352556746,0.218
Cha-F-400298,1167304403,dense,1,0.5182442374415873,0.0189057546800887,4479.0,196834.69686923837,0.022755134492246042,0.017937219730941704
Cha-F-400298,1261000309,dense,1,0.5525302965165131,0.0176566467156159,4458.0,196834.69686923837,0.02264844598491468,0.002242152466367713
Gad1-F-700172,5813039309,dense,0,0.2069563508260464,0.0268565280090131,22799.0,636693.4541909365,0.03580844101651917,0.3240084985835694
TH-F-100083,331662710,dense,1,0.3124930450489763,0.007491428241166,23949.0,1586227.6926347294,0.01509808466413837,0.28298153034300794
TH-F-200037,331662710,dense,1,0.3197232188981903,0.007491428241166,26415.0,1709985.5350794261,0.01544749909172364,0.29808429118773944
TH-F-200096,331662710,dense,1,0.3656418337702284,0.007491428241166,25586.0,1433860.63806277,0.017844133049476962,0.2039737898964278
TH-F-200106,5813041180,dense,1,0.4186373560548033,0.0023738258138058,10225.0,2042138.1940735355,0.005007006886053965,0.15556698380046285
TH-M-000008,1131827390,dense,0,0.2753487549286409,0.0052813893208387,25440.0,2122714.918833458,0.011984652189649942,0.421
TH-M-000021,604289581,dense,0,0.372412465943558,0.0140319776362921,21048.0,745386.4765814651,0.028237700389375942,0.2723333333333333
TH-M-000021,550404663,dense,0,0.3028996502890294,0.0148031476115297,15693.0,745386.4765814651,0.02105350780171402,0.401
TH-M-000032,859265651,dense,1,0.5192585465278696,0.0266176754671112,62197.0,864714.5782768554,0.07192778005887442,0.14266666666666666
TH-M-000032,5813027592,dense,1,0.3738746988034935,0.0158088778785255,28678.0,864714.5782768554,0.033164700492441766,0.2678333333333333
TH-M-200035,294436967,dense,1,0.2710908220532363,0.0105789450303191,13818.0,995235.1481007283,0.013884155946833052,0.30516666666666664
TH-M-200035,452971138,dense,1,0.1869911730959587,0.0089979098401447,17107.0,995235.1481007283,0.017188902575081273,0.44233333333333336
TH-M-300017,5813054384,dense,1,0.3416893718220296,0.0057155635864661,24339.0,2490162.76314625,0.009774059896891384,0.2981666666666667
TH-M-300017,947573616,dense,0,0.3166847899504436,0.0156777002888211,65184.0,2490162.76314625,0.026176602174245778,0.33366666666666667
Trh-F-000008,1671638278,dense,1,0.413864099550324,0.0028446691201657,18476.0,3317903.6068613506,0.0055685764835940515,0.1705
Trh-F-100052,361312808,dense,1,0.2314608457756147,0.0073725653804609,32952.0,1863851.8195482825,0.01767951703799401,0.4083333333333333
Trh-M-100024,329289084,dense,1,0.1703284277446725,0.0063103455683726,4063.0,601197.801643122,0.006758175077978486,0.362962962962963
Trh-M-700039,5813021583,dense,0,0.0729286725349774,0.0055672555347458,21721.0,1858218.030428363,0.011689155763380898,0.5608333333333333
Trh-M-700039,981000564,dense,0,0.0176704348611034,0.0038377253240329,15919.0,1858218.030428363,0.008566809566652572,0.6823333333333333
VGlut-F-200143,328870472,dense,1,0.4601265329274544,0.0157092068075062,22046.0,588896.3071062389,0.03743613219164376,0.12549675800041832
VGlut-F-200143,298612190,dense,0,0.3071779943390753,0.0118512678613709,10526.0,588896.3071062389,0.01787411446290675,0.21459945618071533
VGlut-F-200251,548712377,dense,1,0.4593901804164131,0.0071815574257366,40475.0,2400939.8733587,0.016857981513455852,0.13933333333333334
VGlut-F-200251,5813020996,dense,1,0.3580144992037654,0.0062001493530176,34288.0,2400939.8733587,0.014281073999589234,0.254
VGlut-F-200319,424716408,dense,1,0.3353374278569212,0.0163217790364334,14613.0,640312.5925108,0.022821665809662373,0.2768197088465845
VGlut-F-200392,857793013,dense,0,0.2903734985925111,0.0111469740916529,21859.0,852843.5428096463,0.025630726977174174,0.37966666666666665
VGlut-F-400186,1762359683,dense,0,0.3282110816405185,0.0218124189258447,21107.0,691028.5359330598,0.030544324731105816,0.20417005144868672
VGlut-F-400186,1916800213,dense,0,0.3011551641499405,0.0199215950928022,18769.0,691028.5359330598,0.02716096228161866,0.2594096940157054
VGlut-F-700541,1762359683,dense,0,0.324861330287381,0.0218124189258447,19044.0,636854.9531052827,0.02990319837687077,0.2019731433269389
VGlut-F-700541,1888199872,dense,1,0.2437750856631718,0.0080810472445391,9828.0,636854.9531052827,0.01543208536273293,0.3636612770622088
Cha-F-000088,1640887603,dense,1,0.2997459824695961,0.0207472586556197,19535.0,435837.650690229,0.044821735729032905,0.2657272269753397
Cha-F-000088,5813047691,dense,1,0.317653678136554,0.0207574409294838,20037.0,435837.650690229,0.045973540762868303,0.23200805234021138
Cha-F-000239,1640572741,dense,0,0.098264689631567,0.0400679388603649,21447.0,1377276.1282526215,0.015572040754972098,0.4918752744839701
Cha-F-000239,5813054726,dense,0,0.0927604778407396,0.0272099393133129,13373.0,1377276.1282526215,0.009709745000057904,0.47738252086078176
Cha-F-000329,640539567,dense,1,0.3640240772470223,0.0065023328463784,18661.0,2211104.078989877,0.00843967508238016,0.18420441347270616
Cha-F-000329,1043705078,dense,1,0.2515305891143056,0.0028217895623246,8317.0,2211104.078989877,0.003761469249244724,0.27363530778164924
Cha-F-000427,573670049,dense,1,0.2850398691389392,0.0042485083225237,2821.0,311447.22905020806,0.00905771423493779,0.25436507936507935
Cha-F-000427,573333284,dense,1,0.2631179316548384,0.006797907865454,3342.0,311447.22905020806,0.010730549795520062,0.3488095238095238
Cha-F-000461,487144598,dense,0,0.307963944750989,0.006179140899506,44762.0,2697577.656746623,0.016593405527381408,0.39016666666666666
Cha-F-100135,393063351,dense,1,0.3861172101305609,0.0036493165421767,16947.0,1938839.6624464456,0.00874079498591241,0.15534604671094923
Cha-F-200299,5813027276,dense,1,0.5221886311726456,0.0288889589258127,69350.0,1009842.8286281296,0.06867405306448718,0.1095
Cha-F-200299,1321564092,dense,1,0.4295882673524554,0.0266060785890412,70500.0,1009842.8286281296,0.06981284413909655,0.171
Cha-F-300267,328611004,dense,1,0.465078538164594,0.0066598917914075,38774.0,2001187.3655329011,0.019375497101279556,0.11049107142857142
Cha-F-300344,5812978978,dense,1,0.3945956251234596,0.0053303847186888,13277.0,1461059.2304215499,0.009087242819149279,0.14304753442914261
Cha-F-300344,5813053836,dense,1,0.3100362430758369,0.0043155105167172,8870.0,1461059.2304215499,0.006070937998482647,0.2674366948023101
Cha-F-300344,859507274,dense,1,0.3958020868156513,0.0039931821749594,12809.0,1461059.2304215499,0.00876692726297229,0.167258996001777
Cha-F-400237,5813098368,dense,0,0.4738105465616067,0.0191315952296854,44350.0,889960.0297908339,0.04983369872287806,0.11466666666666667
Cha-F-400237,5813027276,dense,0,0.5296505737101467,0.0288889589258127,68010.0,889960.0297908339,0.07641916234820602,0.09516666666666666
Cha-F-500071,1105169664,dense,1,0.3134453785950378,0.0029485587666852,9678.0,1782964.1654936017,0.005428039546336429,0.2199248120300752
Cha-F-500071,1012954687,dense,1,0.1807594497091317,0.0045843458054071,13257.0,1782964.1654936017,0.0074353709718724985,0.3692266380236305
Cha-F-500310,5813009312,dense,0,0.3576733881649101,0.0244545475804164,17313.0,475550.0111401699,0.03640626557549788,0.22578295702840495
Cha-F-700236,360259229,dense,0,0.1512891485757118,0.0144361022727562,8836.0,716227.8953839361,0.012336855429602384,0.4769158659479728
Cha-F-800090,296139882,dense,1,0.4844055035295087,0.0092306915524376,43174.0,1905668.8466765177,0.02265556267831914,0.11383333333333333
Cha-F-800090,297251714,dense,1,0.4630075109963777,0.0103776723772329,40260.0,1905668.8466765177,0.02112644076131766,0.15733333333333333
E0585-F-600004,5813010510,dense,1,0.2200482425866698,0.0148394770020042,10314.0,388433.4039069306,0.0265528141922399,0.3596531264262894
GH146-M-000001,610274029,dense,1,0.2461639370854905,0.0054607533508875,10521.0,1610079.1505267066,0.006534461362696521,0.37716666666666665
Gad1-F-000245,953414780,dense,0,0.1948285261377577,0.0056183269388605,15923.0,1032418.6127763436,0.015423007492261722,0.46932447397563676
Gad1-F-000694,5813033371,dense,0,0.3428013711977685,0.0148149624710751,22223.0,598340.743783697,0.0371410441807281,0.334273127753304
Gad1-F-000694,1480525278,dense,0,0.233720528982482,0.0054651914683415,8092.0,598340.743783697,0.01352406648564333,0.39665198237885463
Gad1-F-000703,424716408,dense,0,0.3842377967929047,0.0163217790364334,15534.0,612866.6498435102,0.025346459958241262,0.22716666666666666
Gad1-F-000703,5813068669,dense,0,0.1775566385316512,0.0255439437891369,29369.0,612866.6498435102,0.04792070184843489,0.584
Gad1-F-100171,1224595608,dense,1,0.4237874965715952,0.0039382934224275,7104.0,788264.7121404705,0.009012200965725903,0.17195496417604914
Gad1-F-100784,832016427,dense,1,0.3580647581398521,0.002762966281092,9058.0,1429169.8920755554,0.006337944879908745,0.2626915708812261
Gad1-F-200186,1916800213,dense,0,0.216946871582561,0.0199215950928022,12846.0,522314.2954808867,0.024594387155673934,0.40087878004652366
Gad1-F-200186,1762359683,dense,0,0.177732659607034,0.0218124189258447,10968.0,522314.2954808867,0.020998850873690775,0.46058413026621864
Gad1-F-200219,5901197108,dense,1,0.3643609038193991,0.0027361326485601,5852.0,1841214.5595529394,0.0031783368047127052,0.21096743295019157
Gad1-F-200247,543692985,dense,1,0.3884916324794504,0.0102024433851842,47424.0,1791918.4583343414,0.02646548997775405,0.24483333333333332
Gad1-F-200719,5813039309,dense,0,0.2401571243529963,0.0268565280090131,22255.0,512703.96152195387,0.04340711535353925,0.3295819935691318
Gad1-F-200719,1640555311,dense,0,0.2312407862781594,0.0252402226461247,18596.0,512703.96152195387,0.0362704433661836,0.31736334405144695
Gad1-F-400220,550638250,dense,1,0.5336041251066015,0.0121724680257982,11484.0,324209.5237110603,0.035421538110751764,0.03802469135802469
Gad1-F-500004,294436967,dense,1,0.3016875686536128,0.0105789450303191,21468.0,1274563.1091322002,0.016843418616294892,0.31033333333333335
Gad1-F-500321,574377562,dense,1,0.3396777062986245,0.0076058949098625,12312.0,657636.2291518189,0.018721596308462665,0.23586744639376217
Gad1-F-500457,1261423370,dense,1,0.5600481882885329,0.0216175000922359,3182.0,83642.26445170623,0.03804296811975049,0.012987012987012988
Gad1-F-600059,328546871,dense,1,0.3520709146854626,0.0037417285173903,7589.0,994153.5612249173,0.007633629547782774,0.2579699523635031
Gad1-F-600604,1793403571,dense,1,0.2514189331338039,0.0030691487686645,6961.0,1745626.6568467005,0.003987679709574525,0.2774010063443448
Gad1-F-700193,634379734,dense,1,0.2262570676827949,0.0012663331058843,1612.0,1002901.2364865516,0.0016073367360152978,0.4339152119700748
Gad1-F-700607,977338882,dense,1,0.4585142299899586,0.0046209474410813,8511.0,847781.3473461418,0.01003914514826549,0.1022944550669216
Gad1-F-700607,915610561,dense,1,0.4719906013071082,0.0050230607965273,9306.0,847781.3473461418,0.010976886940401675,0.10930528999362651
Gad1-F-700607,1008378609,dense,1,0.4130459620320326,0.0046789464263146,9880.0,847781.3473461418,0.01165394830981824,0.12619502868068833
Gad1-F-800371,5813082723,dense,1,0.360941417767692,0.0074083547262467,7016.0,400181.23780392477,0.017532056321535,0.17446093531223747
Gad1-F-900395,5813049380,dense,1,0.4933236693836502,0.0059667901423478,23138.0,1480317.0693021668,0.015630435181638105,0.13233333333333333
TH-F-000009,5813054384,dense,1,0.3818217351208129,0.0057155635864661,27618.0,2616380.0214790953,0.010555806027133229,0.25966666666666666
TH-F-000009,1378251040,dense,1,0.1460252899473692,0.0034647790488889,17738.0,2616380.0214790953,0.006779596180363864,0.44233333333333336
TH-F-000010,5812980529,dense,1,0.3743189980008728,0.0086198761712028,13980.0,719306.6360949413,0.019435383045951462,0.23588039867109634
TH-F-000010,360591860,dense,1,0.3260260519422755,0.0129901909508792,21146.0,719306.6360949413,0.0293977546416087,0.32948993550908734
TH-F-000010,5901203505,dense,1,0.2924370793256629,0.006176114837931,8090.0,719306.6360949413,0.011246941977235145,0.3093609536837991
TH-F-000012,487144598,dense,0,0.2998460126513635,0.006179140899506,44479.0,2675123.9128844934,0.016626893350910176,0.39466666666666667
TH-F-000019,859265651,dense,1,0.5933659043795997,0.0266176754671112,64107.0,734472.1677876452,0.087283089559542,0.053
TH-F-000019,5813027592,dense,1,0.3951188945126659,0.0158088778785255,30829.0,734472.1677876452,0.04197436111549629,0.24283333333333335
TH-F-000036,859265651,dense,0,0.4039830322763585,0.0266176754671112,61211.0,1205319.3953636256,0.05078404963485518,0.17420814479638008
TH-F-000046,604289581,dense,0,0.2835026929658818,0.0140319776362921,22649.0,755719.426179108,0.029970117500502248,0.3998333333333333
TH-F-000046,550404663,dense,0,0.3273992073193026,0.0148031476115297,19902.0,755719.426179108,0.026335170581261676,0.36283333333333334
TH-F-000079,1378251040,dense,0,0.1315982624517631,0.0034647790488889,20309.0,3036880.9579581935,0.006687453436981108,0.5401666666666667
TH-F-000091,331662710,dense,1,0.4949132942320437,0.007491428241166,28528.0,1441682.7278143088,0.019787987640838584,0.12174205481755507
TH-F-100005,1378251040,dense,0,0.1525667528571591,0.0034647790488889,18781.0,2776937.732689893,0.00676320530306155,0.4405
TH-F-100005,5813054384,dense,1,0.3834161441397025,0.0057155635864661,27378.0,2776937.732689893,0.009859061540238492,0.302
TH-F-100036,360591860,dense,1,0.3061804923772439,0.0129901909508792,21676.0,898610.2372337653,0.0241216927004151,0.2820158102766798
TH-F-100036,5901203505,dense,1,0.2716350784578656,0.006176114837931,8758.0,898610.2372337653,0.00974616094621865,0.33162055335968377
TH-F-100050,1131827390,dense,1,0.4934501295045874,0.0052813893208387,27642.0,2196659.5868870397,0.01258365208929455,0.12966666666666668
TH-F-100075,859265651,dense,0,0.4417777926279676,0.0266176754671112,65681.0,1257279.5808117804,0.052240568448262026,0.15930157361500324
TH-F-100095,331662710,dense,1,0.2833317712862245,0.007491428241166,21458.0,1513786.5596609681,0.014175049886032675,0.29879211697393515
TH-F-100099,331662710,dense,1,0.3483735981214356,0.007491428241166,20648.0,1200098.5026374366,0.017205254364222797,0.17690025108422736
TH-F-200004,859265651,dense,0,0.4208471866719001,0.0266176754671112,65698.0,1197016.218437569,0.054884803554085274,0.17418957734919985
TH-F-200004,5813011298,dense,1,0.3836944912267557,0.0056270715394623,15926.0,1197016.218437569,0.013304748719936102,0.21748050882232253
TH-F-200010,331662710,dense,1,0.3649739326679015,0.007491428241166,23570.0,1733559.9188561998,0.013596299581932795,0.26366666666666666
TH-F-200026,5813009595,dense,1,0.4460739964814617,0.0049981589559049,15534.0,1382876.9938294876,0.0112331032111417,0.1825
TH-F-200034,331662710,dense,1,0.3606885912089813,0.007491428241166,25144.0,1684323.787549554,0.01492824609250509,0.21383333333333332
TH-F-200064,331662710,dense,1,0.264669325573206,0.007491428241166,20444.0,1654970.5518196595,0.01235308989487552,0.3309614717112114
TH-F-200081,331662710,dense,1,0.3207124758996531,0.007491428241166,21596.0,1420016.2902909406,0.015208276234334815,0.27830740926576353
TH-F-200085,1131827390,dense,1,0.4477205326691447,0.0052813893208387,26297.0,1805602.1392753955,0.014564116550367637,0.12816666666666668
TH-F-300037,331662710,dense,1,0.4331299444205933,0.007491428241166,26873.0,1664619.1167319196,0.016143632936739722,0.19366666666666665
TH-F-300046,1131827390,dense,1,0.3889705905196848,0.0052813893208387,27441.0,2158960.799889824,0.012710281725078274,0.2735
TH-F-300062,5813060068,dense,1,0.5410722375734256,0.0101277375795017,26081.0,1203994.0662224072,0.021662066891932837,0.07664050759726164
TH-F-300078,5813071348,dense,1,0.4075880983639822,0.0051918733178953,31709.0,2842390.054589046,0.011155752514967372,0.20416666666666666
TH-F-700015,1224941044,dense,1,0.3821627753085903,0.0033615056735901,13215.0,1950297.2750457341,0.006775890101005299,0.15744769007665216
TH-M-000029,859265651,dense,1,0.50526119743491,0.0266176754671112,57818.0,738210.6990482695,0.07832181255912608,0.13316666666666666
TH-M-000029,510049477,dense,1,0.3415140469182823,0.0188060090518777,23560.0,738210.6990482695,0.03191500750446246,0.32
TH-M-000030,792692885,dense,0,0.0403735471192063,0.0046828313530984,11867.0,2005535.3305883505,0.005917123382971597,0.6591666666666667
TH-M-000045,331662710,dense,1,0.2238787196360502,0.007491428241166,17981.0,1644907.5139273328,0.010931313674328773,0.3825490569632311
TH-M-100016,331662710,dense,1,0.1391154542736749,0.007491428241166,14187.0,1361051.0177571604,0.01042356224337452,0.49683751363140677
TH-M-100027,947573616,dense,0,0.3089811008419975,0.0156777002888211,63523.0,1900834.8378818044,0.033418474206200297,0.3045
TH-M-100027,5813054384,dense,1,0.3154459436750663,0.0057155635864661,21134.0,1900834.8378818044,0.011118272655161706,0.30916666666666665
TH-M-100057,1198330286,dense,1,0.3786424274666926,0.0062052047410874,15410.0,1562856.3983956038,0.009860150949133643,0.2421290659245086
TH-M-100063,1198330286,dense,1,0.3767219824812446,0.0062052047410874,13783.0,1511274.0685234044,0.009120119432385105,0.2200374531835206
TH-M-200010,422738252,dense,1,0.372451104075423,0.0053233713691514,24624.0,1729872.0661838185,0.014234578661254261,0.2247961452928095
TH-M-200013,5813062871,dense,1,0.2990231396054242,0.0040266742752025,7631.0,1015218.8925079332,0.007516605587538718,0.2671491504090623
TH-M-200034,5813054384,dense,1,0.328415123721777,0.0057155635864661,24993.0,2289103.7543960772,0.010918246913012372,0.29783333333333334
TH-M-200034,947573616,dense,0,0.3029466009398587,0.0156777002888211,66466.0,2289103.7543960772,0.02903581800185173,0.331
TH-M-200049,331662710,dense,1,0.2660346373239517,0.007491428241166,17448.0,1348979.1014002748,0.01293422557983925,0.3554279749478079
TH-M-200064,331662710,dense,1,0.1715794756231006,0.007491428241166,14914.0,1403126.01620545,0.010629123705034521,0.4006997324552377
TH-M-200095,422738252,dense,1,0.3408275768598164,0.0053233713691514,23312.0,1609930.6968268582,0.014480126409135185,0.26247755834829445
TH-M-300005,1131827390,dense,1,0.3369346967124307,0.0052813893208387,24004.0,1965228.7278717377,0.012214354318947572,0.302
TH-M-300063,5813009595,dense,1,0.3318514416350918,0.0049981589559049,11287.0,1321855.0586647457,0.008538757654263103,0.3305064782096584
Trh-F-100001,1225290633,dense,1,0.3893695385344594,0.0067830047094586,31611.0,1400583.0348265665,0.022569886407280648,0.26116666666666666
Trh-F-100038,1671638278,dense,1,0.3357339880653512,0.0028446691201657,19201.0,3966910.4931880534,0.0048402907080892805,0.27466666666666667
Trh-F-100066,5813062858,dense,1,0.5196216245655183,0.0125198785153089,58926.0,1479397.7426569161,0.03983107334892385,0.05266666666666667
Trh-F-300112,957506896,dense,1,0.4176280381303235,0.0024950966738276,7774.0,1313751.4502759776,0.005917405456235218,0.13171140939597314
Trh-F-400055,957506896,dense,1,0.4381029993410777,0.0024950966738276,7201.0,1254989.1184884885,0.0057378983561808886,0.12333476579286635
Trh-M-000172,1671638278,dense,1,0.3105189129573317,0.0028446691201657,14923.0,2970115.183827368,0.0050243842667306365,0.26116666666666666
Trh-M-100020,361312808,dense,1,0.280973888732733,0.0073725653804609,28042.0,2824614.772431803,0.009927725463199262,0.3006666666666667
Trh-M-100025,1225290633,dense,1,0.3855680290633685,0.0067830047094586,30793.0,1195442.2930896047,0.02575866704566383,0.25533333333333336
Trh-M-100025,5813062858,dense,1,0.4795093564928623,0.0125198785153089,54049.0,1195442.2930896047,0.045212554643947786,0.079
Trh-M-100037,1671638278,dense,1,0.2865441866939945,0.0028446691201657,15022.0,3108657.445274638,0.0048323111389562785,0.28833333333333333
Trh-M-100060,297230760,dense,1,0.3832264937115155,0.0098886577187052,26284.0,1640776.9327451966,0.01601924032173224,0.2841666666666667
Trh-M-100060,361312808,dense,1,0.3355115584222954,0.0073725653804609,32110.0,1640776.9327451966,0.019569997212403826,0.25666666666666665
Trh-M-100071,673746277,dense,0,0.2566175900877646,0.0062419666066232,21540.0,1339307.5604103517,0.01608293765877073,0.45816666666666667
Trh-M-100071,1225290633,dense,1,0.3715574138560844,0.0067830047094586,31097.0,1339307.5604103517,0.023218714594930055,0.2505
Trh-M-200043,5813054716,dense,0,0.4945269844009418,0.0656279066536399,20996.0,231906.29041594834,0.09053656958740301,0.11359461114513165
Trh-M-300071,977339122,dense,1,0.2300700939527576,0.004769924852457,13652.0,1413900.7901884224,0.009655557231975715,0.44553204925797285
Trh-M-300138,922069357,dense,1,0.2961263383922392,0.0020224414303772,5246.0,1207743.3879710077,0.00434363793853031,0.2765167148163434
Trh-M-300138,832016427,dense,1,0.2851470943360317,0.002762966281092,6664.0,1207743.3879710077,0.005517728406855887,0.30581923235658276
Trh-M-300138,957506896,dense,1,0.2971470976261516,0.0024950966738276,6627.0,1207743.3879710077,0.00548709275993907,0.2921997523730912
Trh-M-300140,5813053851,dense,1,0.2539567062028616,0.0021215376882567,3928.0,1130939.933922724,0.0034732171728833797,0.3684633950120676
Trh-M-300140,957506896,dense,1,0.2676263364646076,0.0024950966738276,5037.0,1130939.933922724,0.0044538174388527455,0.2831858407079646
Trh-M-400023,5813053851,dense,1,0.3245774317632433,0.0021215376882567,4798.0,1096256.0428959595,0.0043767147566413514,0.32956521739130434
Trh-M-400052,957506896,dense,1,0.3138425143658476,0.0024950966738276,6488.0,1210332.5875717313,0.0053605100503959485,0.2809463455851289
Trh-M-400052,5813053851,dense,1,0.2805534711253475,0.0021215376882567,5343.0,1210332.5875717313,0.004414489087433038,0.32953105196451205
Trh-M-400110,5813053851,dense,1,0.3176732830626873,0.0021215376882567,4696.0,1119956.0430217367,0.004193021707646483,0.23563941299790356
Trh-M-400110,5813065004,dense,1,0.3317288939302665,0.0030315614013732,8692.0,1119956.0430217367,0.007761018884766446,0.2469601677148847
Trh-M-400131,832016427,dense,1,0.2682337588689183,0.002762966281092,6440.0,1222737.1789617112,0.005266871827246256,0.3141078838174274
Trh-M-500163,922354084,dense,1,0.3343288800831804,0.0137184215772662,3788.0,103787.74626313378,0.03649756485121334,0.26481149012567323
Trh-M-500163,829598814,dense,1,0.3332311686655761,0.0198594262984413,5717.0,103787.74626313378,0.055083573984790565,0.25673249551166966
VGlut-F-000016,5813027276,dense,1,0.4070930065620557,0.0288889589258127,65689.0,866371.7645259477,0.0758207996724628,0.1755
VGlut-F-000016,950880008,dense,1,0.5644253045266603,0.0264839921877304,75118.0,866371.7645259477,0.08670411834243269,0.035666666666666666
VGlut-F-000111,5812987694,dense,0,0.1431132037417829,0.0070221367288957,17127.0,1969958.4054742053,0.008694092196265036,0.5063333333333333
VGlut-F-000111,5813021583,dense,1,0.3325828130697197,0.0055672555347458,24979.0,1969958.4054742053,0.01267996315586526,0.15883333333333333
VGlut-F-000158,298254384,dense,1,0.4289599654729973,0.0172205125450256,20994.0,530480.2833873575,0.03957545767006415,0.13636363636363635
VGlut-F-000158,5813020785,dense,1,0.3219604265586078,0.019896021239276,19027.0,530480.2833873575,0.03586749705098174,0.31403318903318905
VGlut-F-000177,5813056321,dense,1,0.4027468984944147,0.0074022577915638,11921.0,692876.1887527442,0.01720509406082947,0.19257993653893093
VGlut-F-000303,5813011119,dense,1,0.4631561649341024,0.0051551423134414,16223.0,1562511.3705020803,0.010382644444236639,0.14866666666666667
VGlut-F-000463,1733677514,dense,1,0.3015279428267141,0.0035662085023254,12860.0,1844759.988476582,0.006971096554744714,0.3026729559748428
VGlut-F-000556,885168486,dense,1,0.4773069495535738,0.0132511837841061,34889.0,860445.3926646666,0.04054760510943542,0.10173741715923339
VGlut-F-100002,914778159,dense,1,0.194577355999331,0.0034886345922922,16459.0,2051935.2017057939,0.008021208460343909,0.45266666666666666
VGlut-F-100003,1671638278,dense,1,0.2945573107605437,0.0028446691201657,15168.0,3330544.8467349946,0.004554209805902935,0.3431666666666667
VGlut-F-100035,575768294,dense,1,0.3009568020279424,0.0048727490221169,24819.0,2282218.0115905977,0.010874947035713883,0.30333333333333334
VGlut-F-100125,1107081827,dense,1,0.2166064470120867,0.0030152120731293,15462.0,3653272.458831391,0.00423236979290233,0.343
VGlut-F-200036,797442049,dense,1,0.3816082023652505,0.0072627900877114,27123.0,1486744.1171998836,0.018243219990729233,0.12133333333333333
VGlut-F-200036,5813059915,dense,0,0.1131243622135496,0.0080482783213203,14741.0,1486744.1171998836,0.009914954314911316,0.476
VGlut-F-200062,297251714,dense,1,0.4023308379646759,0.0103776723772329,37163.0,1409930.694070042,0.02635803316879477,0.17266666666666666
VGlut-F-200062,296139882,dense,1,0.394921846147481,0.0092306915524376,39953.0,1409930.694070042,0.028336853838303082,0.144
VGlut-F-200459,5813011119,dense,1,0.4369175167571966,0.0051551423134414,16667.0,1383533.9254592,0.012046686888771564,0.11483761409467204
VGlut-F-300438,329566197,dense,1,0.3905512008361941,0.0073691441253847,12600.0,795289.980680878,0.015843277679938404,0.141925777331996
VGlut-F-400049,297917475,dense,1,0.3590380226012833,0.0115776729246933,11258.0,655842.4543745084,0.017165707899676922,0.21268257926612041
VGlut-F-400184,1762359683,dense,0,0.3013515310485196,0.0218124189258447,22431.0,761397.3843883302,0.02946030608972998,0.21062740076824585
VGlut-F-400184,1667251683,dense,1,0.3465133671516698,0.0320342143948245,37621.0,761397.3843883302,0.049410466559749074,0.1939820742637644
VGlut-F-400334,447599745,dense,1,0.352273275090245,0.00253443677943,15926.0,4394226.06709591,0.0036243014712543675,0.28
VGlut-F-400757,5813039309,dense,0,0.2774896428803149,0.0268565280090131,18773.0,594495.2845142061,0.031578046940002935,0.27026286966046004
VGlut-F-400757,1670597533,dense,0,0.3085636178362353,0.0155216331438215,19897.0,594495.2845142061,0.033468726360477194,0.24534501642935377
VGlut-F-400898,1762359683,dense,0,0.3422421859397301,0.0218124189258447,21077.0,713166.1368669978,0.029554123380833998,0.21777290181020295
VGlut-F-400898,1916800213,dense,0,0.3049684666986365,0.0199215950928022,18461.0,713166.1368669978,0.025885973892564237,0.2737246297312123
VGlut-F-500002,5813011298,dense,1,0.3627480973624614,0.0056270715394623,15229.0,1120233.660088022,0.013594485278011898,0.2297979797979798
VGlut-F-500335,1762359683,dense,0,0.2621340738591927,0.0218124189258447,20463.0,644658.2860508822,0.03174239817090457,0.24584103512014788
VGlut-F-500335,5813039309,dense,0,0.2142351340727699,0.0268565280090131,22486.0,644658.2860508822,0.03488049480872601,0.36506469500924216
VGlut-F-500876,1640555311,dense,0,0.3123798910091361,0.0252402226461247,19163.0,440868.5949805823,0.04346646646682561,0.24914035636136292
VGlut-F-500876,1639886198,dense,0,0.3174057643219865,0.0297841940948102,25477.0,440868.5949805823,0.057788194237609766,0.2591434823382307
VGlut-F-600204,5813061218,dense,1,0.2167423064321983,0.0022514461959329,12479.0,3672160.683764572,0.0033982717736651333,0.3928333333333333
VGlut-F-700261,5813047489,dense,1,0.3440322227016676,0.0048268052985017,20294.0,2063830.574672214,0.009833171505962003,0.2718333333333333
VGlut-F-700261,5813057579,dense,0,0.1502508931506829,0.0269443117810214,81276.0,2063830.574672214,0.03938113961360835,0.5483333333333333
VGlut-F-800130,1671620613,dense,1,0.2545989090457751,0.0584748301712367,52846.0,439514.2228482744,0.12023729211203041,0.41553133514986373
VGlut-F-800130,1762359683,dense,1,0.4174898983431883,0.0218124189258447,20493.0,439514.2228482744,0.04662647744865911,0.11171662125340599
fru-F-000094,422751191,dense,1,0.3155291351979338,0.0089705383274206,46335.0,1895768.1104830545,0.024441280420205786,0.27016666666666667
fru-F-000131,360591860,dense,1,0.3926119336434378,0.0129901909508792,24545.0,1043695.3940263906,0.023517398026745878,0.21471812334468407
fru-F-000131,298258611,dense,1,0.4043901616941968,0.0152870765449322,23844.0,1043695.3940263906,0.022845746121398603,0.2455542943624669
fru-F-000131,5812980529,dense,1,0.445910016376748,0.0086198761712028,14722.0,1043695.3940263906,0.014105648146251896,0.18426031025349981
fru-M-000335,673776769,dense,1,0.2799207275263968,0.0062372729995221,16631.0,1449457.8401855377,0.011473945318665598,0.31197829716193654
fru-M-000339,329289084,dense,1,0.215032388731456,0.0063103455683726,5277.0,609231.4372852542,0.008661732926183854,0.35642317380352645
fru-M-000339,452029745,dense,1,0.2566885454879554,0.006589321187089,5603.0,609231.4372852542,0.009196833349518312,0.2699412258606213
fru-M-300299,579268807,dense,1,0.2789763862592709,0.0034570917122179,17692.0,1946821.302959947,0.009087634274959434,0.32424603850741185
npf-M-300037,5813069630,dense,1,0.3167082786418715,0.0042747570297907,12938.0,1678767.90316237,0.007706842605001032,0.281
Cha-F-000088,1670597533,dense,1,0.3369657313944184,0.0155216331438215,20272.0,435837.650690229,0.04651273236237292,0.24534474081529944
Cha-F-000239,1672320134,dense,0,0.086935372935164,0.0294518703052594,13389.0,1377276.1282526215,0.00972136213308721,0.5188844971453667
Cha-F-000239,5813069085,dense,0,0.1063907583327194,0.0251274905113265,12316.0,1377276.1282526215,0.00894228814930929,0.4787000439174352
Cha-F-000239,1704347707,dense,0,-0.0017077608419671,0.0415249782413878,14501.0,1377276.1282526215,0.010528752878624068,0.6541501976284585
Cha-F-200299,950880008,dense,0,0.396257557301555,0.0264839921877304,69810.0,1009842.8286281296,0.06912956949433093,0.21316666666666667
Cha-F-200299,5813023322,dense,0,0.3166191124632214,0.0070861497983291,18531.0,1009842.8286281296,0.018350380350944655,0.3095
Cha-F-200299,5813098368,dense,0,0.4656048816895275,0.0191315952296854,50053.0,1009842.8286281296,0.04956513883254184,0.19416666666666665
Cha-F-300344,5813047970,dense,1,0.3433456825115569,0.0048109792305288,12198.0,1461059.2304215499,0.008348737509074557,0.21479342514438027
Cha-F-300344,951916894,dense,1,0.3459274255307237,0.0034135551492969,8662.0,1461059.2304215499,0.005928575529070652,0.22167925366503777
Cha-F-400237,1321564092,dense,1,0.477719090960608,0.0266060785890412,65412.0,889960.0297908339,0.0734999301208771,0.09016666666666667
Cha-F-400237,950880008,dense,1,0.4396321861320724,0.0264839921877304,64684.0,889960.0297908339,0.07268191585548239,0.15316666666666667
Cha-F-400237,951234513,dense,0,0.4565006661980478,0.0059518949476643,20155.0,889960.0297908339,0.022647084504162508,0.14483333333333334
Cha-F-800090,361312808,dense,0,0.2590752555266298,0.0073725653804609,38556.0,1905668.8466765177,0.020232266517470534,0.4555
Cha-F-800090,487144598,dense,0,0.0951869591359538,0.006179140899506,36517.0,1905668.8466765177,0.019162300975683978,0.6045
Cha-F-800090,329897255,dense,0,0.1533643204682109,0.0040497666400079,17017.0,1905668.8466765177,0.008929673185179897,0.5208333333333334
Gad1-F-000694,5813070613,dense,0,0.2956187746411249,0.0064012428181141,9421.0,598340.743783697,0.01574520889288752,0.35841409691629955
Gad1-F-000694,5813057853,dense,0,0.3670931829414756,0.00876409358796,14160.0,598340.743783697,0.023665445061382795,0.19894273127753304
Gad1-F-000694,1383016399,dense,0,0.2895554958157722,0.0061087241824232,8217.0,598340.743783697,0.01373297754727277,0.2551541850220264
Gad1-F-000703,421641859,dense,0,0.2942465014323399,0.0139169057525503,23862.0,612866.6498435102,0.03893506035300328,0.2801666666666667
Gad1-F-000703,360259229,dense,0,0.2851492783248704,0.0144361022727562,11846.0,612866.6498435102,0.019328837689283247,0.3565
Gad1-F-200186,1702306037,dense,0,0.1191188495449317,0.0242560394618248,8998.0,522314.2954808867,0.01722717543412378,0.4853967433445335
Gad1-F-200186,5813039309,dense,0,0.0918029398027129,0.0268565280090131,12412.0,522314.2954808867,0.023763469825332777,0.6420263634013957
Gad1-F-200186,5813034455,dense,1,0.0263855981192124,0.0083860989114603,4455.0,522314.2954808867,0.008529347250391357,0.6397001809253037
TH-F-000009,1406911688,dense,1,0.2661991656774697,0.0039353982580737,20053.0,2616380.0214790953,0.007664406483528953,0.3795
TH-F-000010,298258611,dense,1,0.3085632368912199,0.0152870765449322,19829.0,719306.6360949413,0.027566824779554473,0.3445378151260504
TH-F-000019,675767414,dense,0,0.418209012251088,0.0045263104226847,13301.0,734472.1677876452,0.018109603853424246,0.13483333333333333
TH-F-000019,510049477,dense,0,0.4473907051413572,0.0188060090518777,28665.0,734472.1677876452,0.03902802755119209,0.1685
TH-M-000029,675767414,dense,0,0.3637084223328876,0.0045263104226847,11871.0,738210.6990482695,0.016080774791403813,0.22816666666666666
TH-M-000032,675767414,dense,0,0.3810784400461307,0.0045263104226847,13218.0,864714.5782768554,0.015285968725472322,0.20866666666666667
TH-M-000032,611629428,dense,0,0.3814191510324839,0.0080065116939735,23550.0,864714.5782768554,0.027234419994316326,0.2475
TH-M-100027,5813057579,dense,0,0.2631970768883475,0.0269443117810214,76850.0,1900834.8378818044,0.04042960412364801,0.4036666666666667
TH-M-100027,797442049,dense,0,0.1689921101376564,0.0072627900877114,21398.0,1900834.8378818044,0.011257158998540275,0.46166666666666667
TH-M-100027,5813021583,dense,0,0.0993362632900504,0.0055672555347458,17551.0,1900834.8378818044,0.009233311411504831,0.48633333333333334
TH-M-200034,5813021112,dense,0,0.3165727543781663,0.0054625534536694,29783.0,2289103.7543960772,0.013010768927709656,0.2975
TH-M-200034,1406911688,dense,0,0.2321644874383346,0.0039353982580737,19266.0,2289103.7543960772,0.008416394391473467,0.3913333333333333
TH-M-200034,797442049,dense,0,0.1727511255338997,0.0072627900877114,23553.0,2289103.7543960772,0.01028917975201778,0.471
TH-M-200035,387870860,dense,0,0.1581741608096378,0.0113339391827105,9914.0,995235.1481007283,0.009961464904971984,0.5445
TH-M-300017,5813021112,dense,0,0.3248902442091228,0.0054625534536694,30265.0,2490162.76314625,0.012153824018218403,0.2981666666666667
TH-M-300017,1406911688,dense,0,0.2391433766492354,0.0039353982580737,19123.0,2490162.76314625,0.0076794177003267974,0.4191666666666667
Trh-M-100025,673746277,dense,0,0.2311678958500576,0.0062419666066232,20876.0,1195442.2930896047,0.017462992668635016,0.4655
Trh-M-100060,297251714,dense,0,0.2837295042230477,0.0103776723772329,29926.0,1640776.9327451966,0.018238920478928587,0.2713333333333333
Trh-M-100071,5813062858,dense,1,0.4891158148813547,0.0125198785153089,55738.0,1339307.5604103517,0.04161702781915334,0.07716666666666666
Trh-M-500163,5813033196,dense,1,0.3416172953733924,0.0148940827203284,4021.0,103787.74626313378,0.038742531221417326,0.2764811490125673
Trh-M-700039,797442049,dense,0,0.0323692402512147,0.0072627900877114,23133.0,1858218.030428363,0.012449023538248253,0.6155
VGlut-F-000016,5813098368,dense,1,0.4388143804226058,0.0191315952296854,49707.0,866371.7645259477,0.0573737534338947,0.2035
VGlut-F-000016,1321564092,dense,1,0.5494504018816234,0.0266060785890412,77180.0,866371.7645259477,0.08908415897213658,0.03883333333333333
VGlut-F-000016,857793013,dense,0,0.1413205682671279,0.0111469740916529,18225.0,866371.7645259477,0.021036004110743575,0.578
VGlut-F-000111,5813057579,dense,0,0.3203767684238195,0.0269443117810214,78237.0,1969958.4054742053,0.03971505174047922,0.238
VGlut-F-000158,328870472,dense,0,0.4189925371255816,0.0157092068075062,23049.0,530480.2833873575,0.04344930569864288,0.18506493506493507
VGlut-F-000158,298612190,dense,0,0.366912349984233,0.0118512678613709,14334.0,530480.2833873575,0.02702079690591119,0.20833333333333334
VGlut-F-000158,5813078542,dense,0,0.3789091771343235,0.0227718930423402,17485.0,530480.2833873575,0.03296069721639857,0.23935786435786435
VGlut-F-200036,947573616,dense,0,0.3951499157152099,0.0156777002888211,68683.0,1486744.1171998836,0.04619692064385414,0.1325
VGlut-F-200062,329225149,dense,0,0.1424053917919266,0.0046532270518663,16221.0,1409930.694070042,0.011504820817238111,0.473
VGlut-F-200062,361312808,dense,0,0.2388351014919486,0.0073725653804609,35367.0,1409930.694070042,0.02508421169121881,0.37266666666666665
VGlut-F-200062,329897255,dense,0,0.1326662262798266,0.0040497666400079,15605.0,1409930.694070042,0.011067919909561725,0.45616666666666666
VGlut-F-200143,298254384,dense,0,0.3698212381522347,0.0172205125450256,18965.0,588896.3071062389,0.03220431130429665,0.17444049362058148
VGlut-F-200143,5813020785,dense,0,0.3340662009704704,0.019896021239276,20446.0,588896.3071062389,0.03471918528487473,0.22924074461409746
VGlut-F-400184,1704347707,dense,0,0.2966886778998385,0.0415249782413878,43043.0,761397.3843883302,0.05653158374661172,0.22727272727272727
VGlut-F-400186,5813034455,dense,1,0.2361041290288184,0.0083860989114603,10763.0,691028.5359330598,0.015575333637224232,0.2984023828865421
VGlut-F-400757,1640555311,dense,0,0.2701183545032463,0.0252402226461247,18118.0,594495.2845142061,0.03047627201081197,0.2782037239868565
VGlut-F-400757,1888199872,dense,1,0.2692543510500971,0.0080810472445391,9805.0,594495.2845142061,0.01649298195529371,0.3247535596933187
VGlut-F-400757,1762359683,dense,0,0.3772375294339379,0.0218124189258447,18626.0,594495.2845142061,0.031330778368108166,0.11801752464403067
VGlut-F-400898,1702306037,dense,0,0.3119980013600917,0.0242560394618248,20497.0,713166.1368669978,0.02874084864719621,0.2147558968732858
VGlut-F-400898,5813034455,dense,1,0.2564411130580457,0.0083860989114603,11293.0,713166.1368669978,0.015835019943054435,0.31980252331321996
VGlut-F-500876,5813039309,dense,0,0.283527571005594,0.0268565280090131,21212.0,440868.5949805823,0.04811410983114881,0.24601437949359176
VGlut-F-700261,5813021112,dense,0,0.2536861611886847,0.0054625534536694,26595.0,2063830.574672214,0.012886232196760593,0.38133333333333336
VGlut-F-700541,5813039309,dense,0,0.2425727662051177,0.0268565280090131,20188.0,636854.9531052827,0.031699525773591,0.3233762674705399
VGlut-F-700541,1702306037,dense,0,0.286209959628487,0.0242560394618248,17233.0,636854.9531052827,0.027059536737482355,0.21211290764593038
VGlut-F-800130,1640887603,dense,0,0.3134983062478983,0.0207472586556197,20107.0,439514.2228482744,0.04574823510760692,0.2831841183339821
VGlut-F-800130,1578826464,dense,0,0.3392600976119163,0.0274386051492188,23531.0,439514.2228482744,0.053538654215800396,0.22810432074737252
VGlut-F-800130,1640922754,dense,0,0.3696643720877171,0.0205302439147423,16902.0,439514.2228482744,0.038456093389803166,0.14811210587777346
Cha-F-000088,1640909284,dense,1,0.4033033326045071,0.043444912148615,26470.0,435837.650690229,0.060733623995264954,0.10291897332662304
Cha-F-400237,1135441187,dense,1,0.5285429722437567,0.0177640886697701,26196.0,889960.0297908339,0.029435029802582044,0.0845
Trh-M-200043,1671620613,dense,0,0.3958609809620299,0.0584748301712367,39423.0,231906.29041594834,0.16999538878091966,0.07930189834660134
Trh-F-100001,5813062858,dense,1,0.5505755100961915,0.0125198785153089,58740.0,1400583.0348265665,0.04193967693409462,0.026
Cha-F-000088,1699974843,dense,1,0.3817600047936287,0.0401893785593072,38717.0,435837.650690229,0.08883353684263971,0.11373930548565676
Cha-F-000088,1704347707,dense,1,0.3697236587268988,0.0415249782413878,35955.0,435837.650690229,0.08249631472420671,0.12908907901358832
VGlut-F-400757,1640922516,dense,0,0.3818607291496726,0.0339291077626755,38450.0,594495.2845142061,0.06467671149220225,0.13937568455640745
VGlut-F-200392,792326206,dense,1,0.4755547305808706,0.0120640184743301,19061.0,852843.5428096463,0.022349937641791343,0.07366666666666667
Cha-F-000088,5813055277,dense,1,0.3673887406309593,0.0347966773721373,36041.0,435837.650690229,0.08269363590530202,0.12455963764469048
Cha-F-000088,5813056598,dense,1,0.3898766405100146,0.0321157418284503,30066.0,435837.650690229,0.06898440268385479,0.10140915953699044
Cha-F-200299,1135441187,dense,1,0.5649139484474726,0.0177640886697701,28533.0,1009842.8286281296,0.02825489194072116,0.06816666666666667
VGlut-F-500876,1640922516,dense,0,0.4242389595622123,0.0339291077626755,37576.0,440868.5949805823,0.08523174575783744,0.11472335104720226
VGlut-F-400898,1640922516,dense,0,0.3867917761930171,0.0339291077626755,44805.0,713166.1368669978,0.06282547317351934,0.18376302797586397
VGlut-F-500876,1667251683,dense,0,0.4210793164005559,0.0320342143948245,33015.0,440868.5949805823,0.074886259479322,0.1190997186620819
Trh-M-100024,5813049824,dense,1,0.4060488591610582,0.0074986071213293,8919.0,601197.801643122,0.014835383588602046,0.08592592592592592
Trh-M-500163,862671913,dense,1,0.3627486062164112,0.0104223275534758,1703.0,103787.74626313378,0.016408488104967346,0.16696588868940754
VGlut-F-400186,1640922516,dense,0,0.367793115800637,0.0339291077626755,41275.0,691028.5359330598,0.059729805433097666,0.1925264012997563
VGlut-F-500335,1640922516,dense,0,0.3357606021460195,0.0339291077626755,39335.0,644658.2860508822,0.06101682216940485,0.19316081330868762
Trh-M-100024,5813020684,dense,0,0.2576824390553618,0.0093144618769043,14090.0,601197.801643122,0.023436546110932037,0.1945679012345679
VGlut-F-700541,1640922516,dense,0,0.3518371481234701,0.0339291077626755,37490.0,636854.9531052827,0.05886740743272869,0.19238147437654152
TH-F-200026,330640044,dense,0,0.4214032025191122,0.0088201700440544,44705.0,1382876.9938294876,0.03232753180469227,0.17783333333333334
Trh-M-300140,1008024276,dense,1,0.2057037554242236,0.0027191659778381,3488.0,1130939.933922724,0.003084160259423938,0.33909895414320196
Trh-M-400023,953414780,dense,1,0.4140550975749162,0.0056183269388605,16722.0,1096256.0428959595,0.015253735756681258,0.10086956521739131
Trh-M-100024,5813055834,dense,1,0.2767070309517548,0.0061217821325816,4680.0,601197.801643122,0.007784459602495524,0.19753086419753085
VGlut-F-500876,1669924220,dense,0,0.3895149614225112,0.0200508943047957,11922.0,440868.5949805823,0.02704207134673563,0.12378868396373867
Trh-M-100024,946308203,dense,1,0.3749544028476351,0.0087790802670351,8272.0,601197.801643122,0.013759198682017729,0.11950617283950617
TH-F-000012,328533761,dense,1,0.4989450193570774,0.0082429052688096,32146.0,2675123.9128844934,0.01201663962000851,0.14383333333333334
TH-F-100036,5812980529,dense,1,0.364070375705317,0.0086198761712028,13945.0,898610.2372337653,0.015518407672415972,0.24525691699604743
Trh-M-500163,953410147,dense,1,0.3853398149218358,0.0086877046798652,1352.0,103787.74626313378,0.013026585976462628,0.20556552962298025
Trh-M-500163,768555687,dense,1,0.2530830288537165,0.0104618102834578,4465.0,103787.74626313378,0.04302049288824381,0.3016157989228007
VGlut-F-800130,1671257931,dense,1,0.3706864150384903,0.0196163714185575,9947.0,439514.2228482744,0.022631804576285178,0.2609964966913196
VGlut-F-200319,5813055865,dense,1,0.4223198755979659,0.0100134612576746,8082.0,640312.5925108,0.01262196010905983,0.14490481522956328
TH-M-000029,5813021602,dense,1,0.3413058238926868,0.0107103393802287,21996.0,738210.6990482695,0.029796371182858924,0.218
VGlut-F-800130,2135408892,dense,1,0.3856543778405473,0.0185743082664729,8458.0,439514.2228482744,0.01924397336948025,0.21623199688594785
VGlut-F-800130,5813132949,dense,1,0.3577923520626861,0.0166828700898591,7663.0,439514.2228482744,0.017435158185188832,0.267808485792137
Trh-M-400110,953414780,dense,1,0.3912275888171942,0.0056183269388605,16876.0,1119956.0430217367,0.01506844853880793,0.14129979035639412
Trh-M-500163,672006007,dense,1,0.2338712364882323,0.0084090828203034,2508.0,103787.74626313378,0.02416470238829014,0.3859964093357271
TH-F-000019,5813021602,dense,1,0.469892361819849,0.0107103393802287,27278.0,734472.1677876452,0.0371395965651986,0.07916666666666666
Trh-F-400055,1070426862,dense,1,0.3992197777147421,0.0024039298509311,4606.0,1254989.1184884885,0.0036701513440590434,0.18134937688010314
TH-F-300062,1262360335,dense,1,0.4027574542549341,0.013177048330753,28742.0,1203994.0662224072,0.023872210674741524,0.23543162464518283
Trh-M-500163,891663788,dense,1,0.2791559865052561,0.0052528707941026,1120.0,103787.74626313378,0.010791254655057798,0.3177737881508079
VGlut-F-000463,1037293275,dense,1,0.3152013184816884,0.0032248000527195,7704.0,1844759.988476582,0.004176153021598233,0.29559748427672955
Trh-M-400110,1008024276,dense,1,0.1861430756346603,0.0027191659778381,3387.0,1119956.0430217367,0.0030242258355618903,0.28721174004192873
Trh-F-300112,953414780,dense,1,0.3687924574979174,0.0056183269388605,20261.0,1313751.4502759776,0.015422247485050392,0.14303691275167785
Trh-F-400055,1008024276,dense,1,0.3566340786577849,0.0027191659778381,4907.0,1254989.1184884885,0.003909994061072021,0.14997851310700472
Trh-F-300112,922069357,dense,1,0.3629626797850501,0.0020224414303772,6317.0,1313751.4502759776,0.004808367670058897,0.16946308724832215
Trh-F-300112,1008024276,dense,1,0.3877909247258846,0.0027191659778381,5384.0,1313751.4502759776,0.004098187673832057,0.1040268456375839
Trh-M-400023,988567837,dense,1,0.3892561183999529,0.0050107725284552,7330.0,1096256.0428959595,0.006686394157186558,0.15739130434782608
TH-M-100063,1449247522,dense,1,0.3479227383024713,0.0037206037980019,5850.0,1511274.0685234044,0.0038709060929734357,0.24531835205992508
VGlut-F-400898,1668944259,dense,1,0.3207255962912326,0.0078116674648843,5052.0,713166.1368669978,0.007083903369548483,0.3274821722435546
Trh-M-400052,1008024276,dense,1,0.1660170957818347,0.0027191659778381,4020.0,1210332.5875717313,0.003321401110140523,0.41233629066328686
VGlut-F-800130,1640555311,dense,1,0.3514302057943473,0.0252402226461247,20403.0,439514.2228482744,0.04642170591836197,0.18684312962242117
Trh-F-400055,953414780,dense,1,0.3628387363391328,0.0056183269388605,19638.0,1254989.1184884885,0.015647944440866587,0.17748173614095403
Trh-F-300112,5813053851,dense,1,0.4273344747905668,0.0021215376882567,6293.0,1313751.4502759776,0.0047900993743360204,0.1438758389261745
Trh-M-400131,1008024276,dense,1,0.1319743447521746,0.0027191659778381,3129.0,1222737.1789617112,0.0025590127247598657,0.46224066390041496
Trh-M-400110,957506896,dense,1,0.2877142324022678,0.0024950966738276,4946.0,1119956.0430217367,0.004416244754263097,0.2679245283018868
fru-F-000094,298603730,dense,1,0.4480498661630893,0.0029520140805486,8278.0,1895768.1104830545,0.0043665678065925,0.13516666666666666
Cha-F-000239,1733677514,dense,0,0.1819387193543498,0.0035662085023254,8123.0,1377276.1282526215,0.005897873224816447,0.4694773825208608
TH-F-000036,5813011298,dense,0,0.3886257320416256,0.0056270715394623,14620.0,1205319.3953636256,0.012129565039969658,0.20908748114630468
VGlut-F-400757,5901196806,dense,1,0.3237890567712747,0.0073145639589492,4471.0,594495.2845142061,0.007520665203683647,0.31078860898138005
TH-M-000030,328533761,dense,1,0.4191402019541643,0.0082429052688096,25511.0,2005535.3305883505,0.012720294482429291,0.195
Cha-F-000239,1037293275,dense,0,0.2177075105257011,0.0032248000527195,5715.0,1377276.1282526215,0.0041494947039056995,0.4382960035133948
VGlut-F-000177,672283773,dense,0,0.2870856885220461,0.0134782661841587,24790.0,692876.1887527442,0.03577839793372726,0.21918476934342201
Trh-M-400110,1070426862,dense,1,0.2262573928832207,0.0024039298509311,3561.0,1119956.0430217367,0.003179589076007054,0.3178197064989518
VGlut-F-400049,297251714,dense,0,0.2261255855941339,0.0103776723772329,20259.0,655842.4543745084,0.030890040534691313,0.09939437121482009
VGlut-F-400186,1700644008,dense,1,0.3023716876109292,0.0069635322587279,8102.0,691028.5359330598,0.011724551995613744,0.3197942052531817
TH-M-300005,1289359184,dense,1,0.2892482708864968,0.0044836141178274,13014.0,1965228.7278717377,0.0066221299411258,0.3531666666666667
VGlut-F-500876,5813034455,dense,1,0.2950179694671409,0.0083860989114603,9801.0,440868.5949805823,0.0222311140135343,0.20975304782744608
TH-F-100050,1289359184,dense,1,0.4669047834581008,0.0044836141178274,15053.0,2196659.5868870397,0.006852677624634645,0.15466666666666667
VGlut-F-500876,5901196806,dense,1,0.329424877562995,0.0073145639589492,4327.0,440868.5949805823,0.009814715879661555,0.24820256330103158
TH-M-000032,5813021602,dense,1,0.3619184801071448,0.0107103393802287,23873.0,864714.5782768554,0.027607953652837098,0.203
TH-F-300062,1666561406,dense,1,0.3972862976352032,0.00682889025245,14023.0,1203994.0662224072,0.011647067368029378,0.21856737351811656
VGlut-F-400757,1730651751,dense,1,0.335505469525534,0.0071112693152585,4347.0,594495.2845142061,0.007312084911745206,0.2672508214676889
Trh-F-400055,922069357,dense,1,0.3585119925823296,0.0020224414303772,5707.0,1254989.1184884885,0.004547449787352358,0.2071336484744306
VGlut-F-400898,1700644008,dense,1,0.3146824583651781,0.0069635322587279,8183.0,713166.1368669978,0.011474184733375936,0.3348875479978058
TH-F-300062,1168915489,dense,1,0.3967489538000759,0.0085182347588613,19380.0,1203994.0662224072,0.016096424844356368,0.18517281683085657
Trh-M-300138,1008024276,dense,1,0.1589128208607246,0.0027191659778381,4192.0,1207743.3879710077,0.0034709359966296335,0.3297565002063558
Trh-M-400023,957506896,dense,1,0.2777816388711659,0.0024950966738276,4353.0,1096256.0428959595,0.003970787689799875,0.34347826086956523
TH-M-100057,1449247522,dense,1,0.3291075541656642,0.0037206037980019,6572.0,1562856.3983956038,0.004205120833076334,0.32683945033918943
VGlut-F-400757,5813034455,dense,1,0.2608950704901416,0.0083860989114603,9496.0,594495.2845142061,0.01597321332457614,0.2628696604600219
VGlut-F-700541,1700644008,dense,1,0.3064523830519517,0.0069635322587279,7691.0,636854.9531052827,0.012076533223929483,0.2918607837763771
TH-F-200026,329970706,dense,0,0.2669701548935993,0.0036779189118565,11842.0,1382876.9938294876,0.008563306825437107,0.38283333333333336
TH-F-100075,5813011298,dense,1,0.4381080736604176,0.0056270715394623,16159.0,1257279.5808117804,0.012852352210768199,0.16706186678163398
VGlut-F-300438,5813019526,dense,1,0.3902357512240552,0.0073504657615778,7381.0,795289.980680878,0.00928089147266868,0.19483450351053158
Trh-M-400131,957506896,dense,1,0.2208503898781611,0.0024950966738276,4730.0,1222737.1789617112,0.0038683701464091286,0.35684647302904565
Cha-F-000239,1794055377,dense,1,0.1814628187544201,0.0042350967280475,7055.0,1377276.1282526215,0.0051224295951101855,0.5612648221343873
VGlut-F-200392,5813027276,dense,0,0.3759263174283537,0.0288889589258127,57480.0,852843.5428096463,0.06739805968470522,0.24666666666666667
VGlut-F-400186,1730651751,dense,1,0.332234219326559,0.0071112693152585,4123.0,691028.5359330598,0.005966468511221361,0.31789872732196045
VGlut-F-400186,1888199872,dense,1,0.229101976887696,0.0080810472445391,10499.0,691028.5359330598,0.015193294421371106,0.3850528025995126
Cha-F-000239,1316245799,dense,0,0.1550083242704041,0.0029452015172368,8245.0,1377276.1282526215,0.005986453864164916,0.35046113306982873
Trh-M-400131,953414780,dense,1,0.3169487737855627,0.0056183269388605,16465.0,1222737.1789617112,0.013465690160808943,0.2560165975103734
TH-F-200106,1225640135,dense,1,0.3861273972738852,0.0023488260882978,10188.0,2042138.1940735355,0.004988888621527412,0.13576754949858574
TH-F-100036,359931311,dense,1,0.3740203058675145,0.0047465358944083,3956.0,898610.2372337653,0.004402353585663506,0.20869565217391303
VGlut-F-200392,1135441187,dense,0,0.3004738273930957,0.0177640886697701,16376.0,852843.5428096463,0.019201646231675935,0.2791666666666667
Trh-M-300138,953414780,dense,1,0.3784499098919885,0.0056183269388605,18091.0,1207743.3879710077,0.014979175361409042,0.17540239372678498
VGlut-F-700541,5901196806,dense,1,0.2849665643193131,0.0073145639589492,4327.0,636854.9531052827,0.006794325739168232,0.32447245820772813
VGlut-F-400184,1730651751,dense,1,0.2935331693961051,0.0071112693152585,4533.0,761397.3843883302,0.005953527150138023,0.33162612035851474
Trh-M-400023,1051980223,dense,1,0.3476476512355169,0.003038933550839,4341.0,1096256.0428959595,0.0039598413419299925,0.1817391304347826
Trh-M-300071,1008024276,dense,1,0.2663214461010297,0.0027191659778381,5489.0,1413900.7901884224,0.0038821677150831157,0.3208083359646353
VGlut-F-500335,5813034455,dense,1,0.2272381292886732,0.0083860989114603,10014.0,644658.2860508822,0.01553381103862769,0.35150955021565006
TH-M-200013,1035601661,dense,1,0.2896387283985493,0.0030885933824375,4240.0,1015218.8925079332,0.004176439220438234,0.27155443675267465
Trh-M-300138,1070426862,dense,1,0.1989936794812205,0.0024039298509311,3858.0,1207743.3879710077,0.00319438718392107,0.37680561287659925
VGlut-F-400898,5901196806,dense,1,0.3055723527989588,0.0073145639589492,4762.0,713166.1368669978,0.006677266002729587,0.3447613823368075
VGlut-F-700541,1668944259,dense,1,0.3071026409220665,0.0078116674648843,4602.0,636854.9531052827,0.007226135209533673,0.32830912578788707
VGlut-F-700541,5813034455,dense,1,0.2452703499002945,0.0083860989114603,9613.0,636854.9531052827,0.015094488867719948,0.33296793642093725
VGlut-F-100002,1978573010,dense,1,0.3034236321385943,0.0045077887198236,14510.0,2051935.2017057939,0.007071373398115932,0.3858333333333333
VGlut-F-300438,297580589,dense,0,0.3197363960660149,0.0096492247047832,10589.0,795289.980680878,0.013314640266100616,0.29212637913741224
Trh-M-400052,953414780,dense,1,0.3003899041940999,0.0056183269388605,17080.0,1210332.5875717313,0.014111823622189087,0.27798901563160117
Trh-M-400052,1070426862,dense,1,0.1990224033748682,0.0024039298509311,3659.0,1210332.5875717313,0.0030231359855731775,0.4157160963244613
Trh-M-400052,922069357,dense,1,0.2466511798004153,0.0020224414303772,5229.0,1210332.5875717313,0.004320300100727561,0.33713561470215464
VGlut-F-600204,5813064410,dense,0,0.0905714921182048,0.0048333536343282,42515.0,3672160.683764572,0.011577652412643092,0.38766666666666666
Trh-M-400131,1070426862,dense,1,0.1962114218241899,0.0024039298509311,3262.0,1222737.1789617112,0.002667785077713864,0.42655601659751036
TH-F-200004,484126552,dense,0,0.2859674687471273,0.0060531199753833,13438.0,1197016.218437569,0.01122624722456997,0.37956503898235533
Trh-M-300140,922069357,dense,1,0.2366832331825695,0.0020224414303772,4182.0,1130939.933922724,0.003697809118380421,0.36122284794851167
Trh-M-300140,1070426862,dense,1,0.1848103888156687,0.0024039298509311,3173.0,1130939.933922724,0.002805630878197292,0.4364440868865648
VGlut-F-400184,1700644008,dense,1,0.2495313542902342,0.0069635322587279,8161.0,761397.3843883302,0.010718450269639622,0.38156209987195905
VGlut-F-200319,360259229,dense,0,0.2506468059460791,0.0144361022727562,10839.0,640312.5925108,0.016927669589470368,0.37357222844344906
fru-F-000094,328611004,dense,0,0.3116602290706264,0.0066598917914075,36760.0,1895768.1104830545,0.019390557208303974,0.3471666666666667
Cha-F-000239,610274029,dense,0,-0.0428935639336625,0.0054607533508875,5109.0,1377276.1282526215,0.0037094957904206857,0.6712779973649539
VGlut-F-500335,1888199872,dense,1,0.2256112006702662,0.0080810472445391,10420.0,644658.2860508822,0.016163602059366938,0.40141712877387553
VGlut-F-000158,296543992,dense,0,0.189446365115139,0.0066247097783533,6319.0,530480.2833873575,0.011911847052354737,0.3926767676767677
VGlut-F-400184,1888199872,dense,1,0.206153088865054,0.0080810472445391,11624.0,761397.3843883302,0.01526666657692574,0.4231754161331626
VGlut-F-400184,5901196806,dense,1,0.2928639741779975,0.0073145639589492,4799.0,761397.3843883302,0.006302884798921767,0.3479513444302177
VGlut-F-500335,5901196806,dense,1,0.2293476451364773,0.0073145639589492,4408.0,644658.2860508822,0.006837731082311849,0.4026494146642021
TH-F-000019,361005850,dense,0,0.2950620767751659,0.0074370110317837,13219.0,734472.1677876452,0.017997959051080002,0.19433333333333333
VGlut-F-400184,5813034455,dense,1,0.2096057758036096,0.0083860989114603,11387.0,761397.3843883302,0.01495539679210714,0.32490396927016646
TH-M-000029,361005850,dense,0,0.1593166157447434,0.0074370110317837,9367.0,738210.6990482695,0.012688789273951607,0.4095
VGlut-F-500335,1730651751,dense,1,0.2547579164215668,0.0071112693152585,4292.0,644658.2860508822,0.006657790790672063,0.35181762168823166
Cha-F-400237,5813021533,dense,0,0.354113395358309,0.0083341325026713,20393.0,889960.0297908339,0.022914512244772315,0.24983333333333332
TH-M-000032,542376096,dense,0,0.2871240280401959,0.0050483350111814,14568.0,864714.5782768554,0.016847177514955423,0.24266666666666667
Trh-M-400131,988567837,dense,1,0.315829617598743,0.0050107725284552,7376.0,1222737.1789617112,0.0060323674841255255,0.3049792531120332
TH-M-200010,548712377,dense,1,0.1999456610193943,0.0071815574257366,29969.0,1729872.0661838185,0.017324402530016606,0.3443291326908821
TH-M-000032,296139882,dense,0,0.0780295770974653,0.0092306915524376,16011.0,864714.5782768554,0.018515936243269582,0.31233333333333335
TH-F-200026,5813049380,dense,0,0.3067738286640846,0.0059667901423478,21349.0,1382876.9938294876,0.015438104831637968,0.325
TH-F-200004,5813021602,dense,0,0.3139133683150598,0.0107103393802287,28038.0,1197016.218437569,0.02342324153017509,0.25379565038982355
TH-M-300063,329970706,dense,1,0.1949856553051545,0.0036779189118565,9090.0,1321855.0586647457,0.00687669948411904,0.43557126030624266
TH-F-000036,510987433,dense,0,0.2963903624397722,0.0061620888091155,15271.0,1205319.3953636256,0.012669670843049019,0.3476621417797888
TH-M-200095,422751191,dense,1,0.2402002140044427,0.0089705383274206,36332.0,1609930.6968268582,0.022567431052535156,0.3179533213644524
Cha-F-500071,609548390,dense,1,0.2006423618470307,0.0042978354530505,17190.0,1782964.1654936017,0.009641248171267124,0.35499462943071963
TH-M-200010,5813083780,dense,0,0.2649426073028224,0.007949119261035,31648.0,1729872.0661838185,0.018294994536686763,0.24314306893995552
fru-F-000094,422738252,dense,0,0.2810494882514857,0.0053233713691514,26128.0,1895768.1104830545,0.013782276353062194,0.4038333333333333
TH-M-000032,361005850,dense,0,0.1935528739633965,0.0074370110317837,11639.0,864714.5782768554,0.01345993266725468,0.376
TH-M-100016,361312808,dense,0,0.1647801007544979,0.0073725653804609,26296.0,1361051.0177571604,0.019320363202352604,0.36314067611777534
TH-F-100075,5813021602,dense,0,0.3320535074663822,0.0107103393802287,27422.0,1257279.5808117804,0.021810582481817286,0.23388661349428755
VGlut-F-500002,5813021602,dense,0,0.3179998851027416,0.0107103393802287,25925.0,1120233.660088022,0.0231424933240829,0.22842056932966023
VGlut-F-200036,979627466,dense,0,0.2540246018218132,0.0053024819518936,13908.0,1486744.1171998836,0.009354669602590501,0.3695
VGlut-F-000463,5813024692,dense,0,0.0979526513766171,0.0045899628593477,7775.0,1844759.988476582,0.004214640413152422,0.5435010482180294
TH-M-200095,393766777,dense,0,0.0404608601851881,0.0111608587915755,26903.0,1609930.6968268582,0.016710657205943887,0.45960502692998206
VGlut-F-000158,297917475,dense,0,0.255909495198142,0.0115776729246933,8976.0,530480.2833873575,0.01692051576862417,0.42207792207792205
TH-M-200010,5813020996,dense,0,0.1914539809194645,0.0062001493530176,23864.0,1729872.0661838185,0.013795239813684685,0.32431430689399554
Cha-F-400237,701201945,dense,1,0.4131324508927766,0.0121442522817228,22771.0,889960.0297908339,0.0255865423589325,0.286
Gad1-F-600059,359598627,dense,1,0.2947812264337348,0.0031576645170727,6826.0,994153.5612249173,0.006866142481639902,0.30633931843165996
TH-F-200064,361312808,dense,0,0.2475289239069542,0.0073725653804609,36310.0,1654970.5518196595,0.021939967427261307,0.32592849704963556
Gad1-F-600059,1110972158,dense,1,0.3324688125560351,0.0032246970825484,4058.0,994153.5612249173,0.004081864370128145,0.31586661780872116
TH-F-200081,361312808,dense,0,0.2621374685228721,0.0073725653804609,35879.0,1420016.2902909406,0.02526661154897661,0.25740090316106373
fru-F-000094,548712377,dense,0,0.2389207844217353,0.0071815574257366,35913.0,1895768.1104830545,0.018943772606687177,0.36283333333333334
Cha-F-000329,454002974,dense,0,0.189830124286946,0.0023428681510156,7554.0,2211104.078989877,0.0034163927748941504,0.3521486643437863
TH-M-300063,5813049380,dense,0,0.2187345590276051,0.0059667901423478,18197.0,1321855.0586647457,0.013766259682344793,0.4534746760895171
Cha-F-200299,5812987694,dense,1,0.365240652013765,0.0070221367288957,20051.0,1009842.8286281296,0.019855565075645745,0.25433333333333336
TH-F-000036,486880919,dense,0,0.2706223437596449,0.0045971912567604,5681.0,1205319.3953636256,0.0047132735288691946,0.36368778280542985
VGlut-F-000463,610274046,dense,0,0.0042033547464016,0.004926812899851,6613.0,1844759.988476582,0.0035847481739134366,0.6016771488469602
TH-M-200095,548712377,dense,0,0.1749624537075052,0.0071815574257366,27000.0,1609930.6968268582,0.016770908246681964,0.37881508078994613
VGlut-F-100002,5813055298,dense,0,0.2365790553142084,0.0068585911156019,11145.0,2051935.2017057939,0.0054314580649208865,0.4488333333333333
TH-F-300037,361312808,dense,0,0.2473169845097452,0.0073725653804609,38788.0,1664619.1167319196,0.023301426500586475,0.295
VGlut-F-200319,5813068669,dense,0,0.186345015101773,0.0255439437891369,33210.0,640312.5925108,0.051865292653040955,0.5171332586786114
Gad1-F-600059,298595394,dense,1,0.3253511379575706,0.0028601614333604,3746.0,994153.5612249173,0.0037680295540906935,0.3367533895199707
TH-M-200010,735941254,dense,0,0.0982862745035091,0.0020240292171286,6886.0,1729872.0661838185,0.003980641189952763,0.34544106745737585
VGlut-F-400049,327499164,dense,0,0.0768968372467349,0.0099348161433268,12905.0,655842.4543745084,0.01967698174145769,0.35518346989668687
TH-F-200034,361312808,dense,0,0.2877071106704251,0.0073725653804609,38930.0,1684323.787549554,0.023113133168200094,0.2025
TH-M-200095,579575594,dense,0,0.1875464553949101,0.0025818564445092,13271.0,1609930.6968268582,0.008243211975619124,0.3355475763016158
TH-M-200049,361312808,dense,0,0.1956451075705577,0.0073725653804609,28213.0,1348979.1014002748,0.02091433438124741,0.32393876130828114
VGlut-F-600204,1005857944,dense,0,0.0480338389398362,0.0048563015664861,38376.0,3672160.683764572,0.010450523085677791,0.4475
VGlut-F-200036,5813021583,dense,0,0.2584637076559695,0.0055672555347458,22789.0,1486744.1171998836,0.015328125220983242,0.2545
VGlut-F-000463,610274029,dense,0,0.0064209618541426,0.0054607533508875,10146.0,1844759.988476582,0.005499902460687393,0.600104821802935
VGlut-F-600204,5813068748,dense,0,0.0711982767981781,0.002792065653302,17274.0,3672160.683764572,0.004704042520898431,0.47583333333333333
VGlut-F-400049,330268940,dense,0,0.0934984265652733,0.0222252385627405,38277.0,655842.4543745084,0.058363101907615345,0.4552903455646598
VGlut-F-200319,421646999,dense,0,0.1924225166727391,0.0074931054668523,6055.0,640312.5925108,0.009456318789947696,0.42933930571108625
TH-M-200064,361312808,dense,0,0.2145230513991184,0.0073725653804609,29262.0,1403126.01620545,0.020854862401550232,0.2864786993208479
Gad1-F-600059,455431209,dense,1,0.2905140950339459,0.0030910483865674,6349.0,994153.5612249173,0.0063863373301980275,0.3239281788200806
VGlut-F-000158,361273559,dense,0,0.2606447176120908,0.0049948768964428,5793.0,530480.2833873575,0.010920292763774488,0.37265512265512263
Trh-M-300071,957506896,dense,1,0.3118737079838436,0.0024950966738276,7640.0,1413900.7901884224,0.005403490862312808,0.28102305020524154
Trh-M-300071,1070426862,dense,1,0.2383935806003524,0.0024039298509311,4185.0,1413900.7901884224,0.0029598964998401966,0.4013261761919798
VGlut-F-600204,669325882,dense,0,0.0156987426841909,0.0039734589202448,25197.0,3672160.683764572,0.006861627845263271,0.44816666666666666
TH-F-100075,510987433,dense,0,0.3220176842787004,0.0061620888091155,15537.0,1257279.5808117804,0.012357633287870876,0.2892864841560681
TH-F-200004,510987433,dense,0,0.3285091928911853,0.0061620888091155,16266.0,1197016.218437569,0.013588788313354304,0.30077964710709887
TH-F-100075,329225149,dense,0,0.1273211659737147,0.0046532270518663,15912.0,1257279.5808117804,0.012655896304087108,0.2838973916792412
TH-F-000036,326817334,dense,0,0.2418812281607276,0.0045564446807227,5784.0,1205319.3953636256,0.0047987280568525656,0.4226998491704374
TH-F-100095,361312808,dense,0,0.2470025821772291,0.0073725653804609,36425.0,1513786.5596609681,0.024062176908320448,0.26128417037507945
TH-F-100075,297251714,dense,0,0.0789499849262385,0.0103776723772329,16881.0,1257279.5808117804,0.013426607937989849,0.337141625350291
VGlut-F-500002,297251714,dense,0,0.0095989513948965,0.0103776723772329,16223.0,1120233.660088022,0.014481800161874517,0.4297520661157025
Cha-F-000329,579510789,dense,1,0.1545319271608441,0.0029210999503204,7751.0,2211104.078989877,0.0035054885356373524,0.3470383275261324
TH-M-300063,331662710,dense,0,0.1656150368228789,0.007491428241166,14153.0,1321855.0586647457,0.010706922750136058,0.44122497055359244
VGlut-F-500002,296139882,dense,0,0.0411361486233793,0.0092306915524376,19491.0,1120233.660088022,0.017399048693527475,0.3790174471992654
TH-F-200004,361005850,dense,0,0.1885717992105252,0.0074370110317837,14336.0,1197016.218437569,0.011976445915421572,0.362330734509643
VGlut-F-000158,298214577,dense,0,0.2175965825111499,0.0077645721867061,5849.0,530480.2833873575,0.011025857478908507,0.5483405483405484
TH-M-000045,361312808,dense,0,0.1797652112166457,0.0073725653804609,29431.0,1644907.5139273328,0.01789219135471721,0.34311297389979045
TH-F-200026,331662710,dense,0,0.3055242528085954,0.007491428241166,22387.0,1382876.9938294876,0.016188713891324147,0.26866666666666666
VGlut-F-300438,358890923,dense,0,0.2224261642780364,0.0053835870393462,7342.0,795289.980680878,0.009231852756040299,0.4586258776328987
TH-M-000029,5813055949,dense,0,0.0528216296005412,0.0089795250863707,7477.0,738210.6990482695,0.010128544614213319,0.6245
TH-F-000010,359931311,dense,1,0.3937985128137361,0.0047465358944083,3986.0,719306.6360949413,0.005541447555161841,0.18057455540355677
Cha-F-200299,5813059915,dense,0,0.2929663197907037,0.0080482783213203,17484.0,1009842.8286281296,0.017313585346495946,0.29
VGlut-F-200036,5813056261,dense,0,0.2055686064028961,0.0029012593103959,17194.0,1486744.1171998836,0.011564868359716787,0.36466666666666664
TH-F-000009,5813021112,dense,0,0.2545528610099554,0.0054625534536694,30760.0,2616380.0214790953,0.011756701911601785,0.4211666666666667
VGlut-F-000016,5813033371,dense,0,0.4583946093100717,0.0148149624710751,28557.0,866371.7645259477,0.03296160051525401,0.22433333333333333
VGlut-F-200392,950880008,dense,0,0.1762599376569824,0.0264839921877304,40856.0,852843.5428096463,0.04790562154624768,0.3636666666666667
Trh-M-700039,543692985,dense,0,0.2410814831348111,0.0102024433851842,38902.0,1858218.030428363,0.020935110607570723,0.3855
TH-F-200106,5813055913,dense,0,0.0902114552171492,0.0031145591474259,12448.0,2042138.1940735355,0.0060955718061222255,0.43790177423502186
TH-F-300062,5813082239,dense,1,0.1714725297473926,0.0100907599802441,20377.0,1203994.0662224072,0.016924502015141882,0.544498246785774
TH-F-100095,328611004,dense,0,0.161877815091477,0.0066598917914075,30942.0,1513786.5596609681,0.020440133916190838,0.4534859080313626
VGlut-F-300438,390280026,dense,0,0.2024389951689598,0.0065025134560798,9960.0,795289.980680878,0.012523733785094167,0.4563691073219659
Trh-M-300071,5813062858,dense,1,0.2326826787812445,0.0125198785153089,44207.0,1413900.7901884224,0.03126598436521758,0.19545311019892642
TH-M-200013,1107561814,dense,0,0.0896639735540706,0.0105064770541019,13218.0,1015218.8925079332,0.013019852267866174,0.5484581497797357
TH-F-200081,328611004,dense,0,0.1128884601790975,0.0066598917914075,27560.0,1420016.2902909406,0.01940822805233689,0.49707308914534204
Trh-M-300071,953414780,dense,1,0.324051364975957,0.0056183269388605,18404.0,1413900.7901884224,0.013016471967278133,0.27849700031575625
Cha-F-100135,422738252,dense,0,0.2064672151613844,0.0053233713691514,25468.0,1938839.6624464456,0.01313569166821368,0.42082708377973
TH-M-000029,487143497,dense,0,0.0966767006392686,0.0100406176418543,17413.0,738210.6990482695,0.0235881165396946,0.527
VGlut-F-000111,484359937,dense,1,0.1872673943622685,0.0023883645013971,10395.0,1969958.4054742053,0.005276761159582825,0.414
Trh-M-700039,516055524,dense,0,0.2053092297711589,0.0056819856329669,17989.0,1858218.030428363,0.009680780029807972,0.35733333333333334
Cha-F-300267,329646990,dense,0,0.2510869391154653,0.0021649413289478,8426.0,2001187.3655329011,0.004210500298534625,0.37611607142857145
VGlut-F-500002,329225149,dense,0,0.0607407642476587,0.0046532270518663,15232.0,1120233.660088022,0.013597163290739853,0.40128558310376494
TH-F-300037,328611004,dense,0,0.2012012510068801,0.0066598917914075,34511.0,1664619.1167319196,0.02073206996910745,0.4086666666666667
Cha-F-100135,424793122,dense,0,0.217641771383572,0.0033301475775719,9226.0,1938839.6624464456,0.004758516229422782,0.43775444611099207
TH-F-200034,328611004,dense,0,0.1794453628216499,0.0066598917914075,31470.0,1684323.787549554,0.018684056018578393,0.4355
VGlut-F-100002,5813126031,dense,0,0.1786103432393339,0.0053035489594856,12540.0,2051935.2017057939,0.00611130409458124,0.5591666666666667
VGlut-F-100002,2095549849,dense,0,0.2247560973411461,0.0061077352307459,18248.0,2051935.2017057939,0.008893068350711202,0.5528333333333333
TH-M-300005,579268807,dense,0,0.1243598978500702,0.0034570917122179,16393.0,1965228.7278717377,0.008341522677491565,0.506
VGlut-F-000111,5813032849,dense,1,0.1426565111239631,0.0024369951772705,10755.0,1969958.4054742053,0.005459506134806473,0.4583333333333333
TH-M-000008,579268807,dense,0,0.2816494898095004,0.0034570917122179,16900.0,2122714.918833458,0.007961502437306762,0.374
TH-F-200037,422751191,dense,0,0.1112099408887483,0.0089705383274206,43366.0,1709985.5350794261,0.025360448442615462,0.4526819923371648
TH-F-200037,330640044,dense,0,0.0591046792507285,0.0088201700440544,38913.0,1709985.5350794261,0.022756332847103617,0.5890804597701149
VGlut-F-400049,360255138,dense,0,0.0386421454729334,0.0067100917046356,9937.0,655842.4543745084,0.015151504654387065,0.5610972568578554
TH-F-100095,5813049380,dense,0,0.1543844286885819,0.0059667901423478,20623.0,1513786.5596609681,0.013623452968573578,0.5327399872854418
VGlut-F-000303,5813056909,dense,0,0.2592795595835158,0.001736899524451,7473.0,1562511.3705020803,0.00478268519581954,0.31683333333333336
TH-F-100083,5813049380,dense,0,0.0791053830368358,0.0059667901423478,20378.0,1586227.6926347294,0.012846831570663146,0.6165347405452947
TH-F-200037,517514142,dense,0,0.1035488072704849,0.0056025529566805,17934.0,1709985.5350794261,0.010487808014801127,0.5906130268199233
VGlut-F-200036,823058891,dense,0,0.1110150229443892,0.0041344311089739,14437.0,1486744.1171998836,0.009710480662395675,0.5036666666666667
TH-F-100099,328611004,dense,0,0.1758780015346809,0.0066598917914075,27650.0,1200098.5026374366,0.023039775434461465,0.3887240356083086
VGlut-F-000111,671233447,dense,1,0.1737177645856262,0.0024188596328017,7337.0,1969958.4054742053,0.0037244441200441738,0.5068333333333334
TH-M-100016,328611004,dense,0,0.0376333574165304,0.0066598917914075,20337.0,1361051.0177571604,0.014942129086030001,0.5818974918211559
VGlut-F-000111,1043705078,dense,1,0.2017547578500602,0.0028217895623246,7767.0,1969958.4054742053,0.003942722840450197,0.4706666666666667
TH-F-300078,576825965,dense,0,0.0749035320781003,0.0043594669953577,19422.0,2842390.054589046,0.0068329819718596085,0.465
Cha-F-100135,735941254,dense,0,-0.0209713631079318,0.0020240292171286,6974.0,1938839.6624464456,0.0035969967682630047,0.5043925433897579
TH-F-200037,328611004,dense,0,0.065574619829089,0.0066598917914075,31219.0,1709985.5350794261,0.018256879581469633,0.5544061302681992
VGlut-F-400049,329225149,dense,0,-0.1003586531689209,0.0046532270518663,10389.0,655842.4543745084,0.015840694561178145,0.6423227645172782
TH-M-300063,5813020673,dense,0,0.0335318583408077,0.0036610664163159,3710.0,1321855.0586647457,0.0028066617256415445,0.5891637220259128
TH-F-000019,514842241,dense,0,0.1265440630347701,0.0053025954015498,3226.0,734472.1677876452,0.004392269906860132,0.5671666666666667
TH-M-000045,328611004,dense,0,0.0189080643040801,0.0066598917914075,23598.0,1644907.5139273328,0.014346095327668671,0.5820156220232425
Cha-F-100135,5813020996,dense,0,0.0749982206560785,0.0062001493530176,23434.0,1938839.6624464456,0.012086610591837577,0.45103921148489395
VGlut-F-000303,575768294,dense,0,0.1722318273522794,0.0048727490221169,18736.0,1562511.3705020803,0.01199095274038203,0.4116666666666667
Cha-F-000329,609548390,dense,1,0.0287504740005827,0.0042978354530505,17255.0,2211104.078989877,0.007803793663065735,0.4968641114982578
TH-M-200064,328611004,dense,0,0.0762297592068506,0.0066598917914075,23788.0,1403126.01620545,0.016953573467571488,0.5328256842971805
TH-F-200081,5813049380,dense,0,0.1105828284573819,0.0059667901423478,18226.0,1420016.2902909406,0.012835064023290719,0.6206723532363272
TH-M-000008,5813055913,dense,0,0.2440186725137615,0.0031145591474259,14652.0,2122714.918833458,0.0069024812846993295,0.41783333333333333
TH-F-200096,5813049380,dense,0,0.1100259959571622,0.0059667901423478,18927.0,1433860.63806277,0.013200027602104685,0.6438385119425069
TH-M-200013,5813048837,dense,0,-0.1005841577491366,0.0028167538623208,3293.0,1015218.8925079332,0.003243635460590355,0.6818753933291378
TH-F-300037,393063351,dense,0,-0.0681537827551829,0.0036493165421767,13191.0,1664619.1167319196,0.00792433528331536,0.5221666666666667
TH-F-000019,487143497,dense,0,0.0979533232253514,0.0100406176418543,12707.0,734472.1677876452,0.017300859797418383,0.5268333333333334
TH-F-200064,328611004,dense,0,0.0883714225108716,0.0066598917914075,27456.0,1654970.5518196595,0.01659002329063306,0.5709822978132593
TH-F-000009,797442049,dense,0,0.1559862951092591,0.0072627900877114,25565.0,2616380.0214790953,0.009771134082252914,0.5148333333333334
VGlut-F-200392,5812987694,dense,0,0.1063198939417034,0.0070221367288957,9591.0,852843.5428096463,0.01124590797557425,0.47983333333333333
Trh-M-100071,707539688,dense,0,0.0989107930799954,0.0047139484118605,9533.0,1339307.5604103517,0.007117857228461531,0.623
TH-F-000036,602368546,dense,0,0.2180696294568914,0.0053959558428184,8594.0,1205319.3953636256,0.007130060325136747,0.4423076923076923
VGlut-F-700261,1228265278,dense,0,0.1600742069635804,0.0040352727711172,10855.0,2063830.574672214,0.00525963716848416,0.5778333333333333
TH-F-200034,393063351,dense,0,-0.105910519529388,0.0036493165421767,12364.0,1684323.787549554,0.007340631350927972,0.5673333333333334
TH-F-000009,1014344148,dense,0,0.2060511956839559,0.0030475826391158,14201.0,2616380.0214790953,0.005427728343519407,0.39916666666666667
Trh-M-200043,2040301572,dense,0,0.148474928370775,0.0078478480378787,2340.0,231906.29041594834,0.010090282569752479,0.43661971830985913
TH-F-000009,5813063093,dense,0,0.0682125118987143,0.0023022145124021,10816.0,2616380.0214790953,0.004133956042779093,0.5878333333333333
VGlut-F-000303,329897255,dense,0,0.0804059943213116,0.0040497666400079,13570.0,1562511.3705020803,0.008684736800116574,0.45
Trh-F-100066,707539688,dense,0,0.0902151804726743,0.0047139484118605,10401.0,1479397.7426569161,0.007030563654450616,0.6065
VGlut-F-100035,5813068707,dense,1,0.1850705995477962,0.0044238795505414,11081.0,2282218.0115905977,0.004855364362091362,0.5138333333333334
VGlut-F-100035,488231898,dense,0,0.1827422452395981,0.0032300827633633,12441.0,2282218.0115905977,0.005451275880225489,0.5776666666666667
TH-M-200064,298258399,dense,0,0.0643857646233644,0.0031137405870378,7596.0,1403126.01620545,0.0054136263687436115,0.4758180695616382
TH-F-100083,329970706,dense,0,-0.1185552535961422,0.0036779189118565,7308.0,1586227.6926347294,0.004607156988831401,0.7717678100263852
Trh-F-100001,707539688,dense,0,0.0716119757286502,0.0047139484118605,9310.0,1400583.0348265665,0.006647231737426301,0.6476666666666666
VGlut-F-200062,5813021602,dense,0,0.2404506933208154,0.0107103393802287,33042.0,1409930.694070042,0.023435194466628548,0.49116666666666664
TH-M-200035,543692985,dense,0,0.2136508991159861,0.0102024433851842,37471.0,995235.1481007283,0.037650398573149606,0.4035
VGlut-F-200062,487143497,dense,0,0.1390406333376853,0.0100406176418543,21874.0,1409930.694070042,0.015514237750833269,0.6815
Trh-F-100001,922069357,dense,0,0.1871578918832293,0.0020224414303772,6538.0,1400583.0348265665,0.004668055971997117,0.5801666666666667
TH-F-200064,5813049380,dense,0,0.0516402426123415,0.0059667901423478,17096.0,1654970.5518196595,0.010330093173683814,0.707913918778202
Trh-M-100071,614081151,dense,0,0.1040100342161251,0.0055766169098386,18414.0,1339307.5604103517,0.013748895731132972,0.6366666666666667
Cha-F-300267,298258399,dense,0,0.012471591875088,0.0031137405870378,8507.0,2001187.3655329011,0.004250976268648713,0.6612723214285714
VGlut-F-400334,576825965,dense,0,0.0200349488782511,0.0043594669953577,25461.0,4394226.06709591,0.005794194384001472,0.5191666666666667
Trh-M-700039,1043117106,dense,0,0.0765557715870042,0.0026137717207596,9972.0,1858218.030428363,0.005366431622505148,0.571
Trh-M-100071,922069357,dense,0,0.1682930687671156,0.0020224414303772,6281.0,1339307.5604103517,0.004689736835410351,0.633
TH-F-200064,5813055800,dense,0,0.049707324746139,0.0044265336062419,20235.0,1654970.5518196595,0.012226803659890734,0.6065602221450885
Trh-F-100038,704699661,dense,0,0.0203687023868785,0.0013318271962394,5716.0,3966910.4931880534,0.0014409198316461813,0.6603333333333333
VGlut-F-100035,5813011119,dense,0,0.0468526809669349,0.0051551423134414,15434.0,2282218.0115905977,0.006762719390354489,0.6776666666666666
TH-F-300078,736860990,dense,0,0.1294220395387976,0.0042087634387646,16415.0,2842390.054589046,0.005775069460821515,0.5521666666666667
Trh-F-100066,614081151,dense,0,0.0969220015307502,0.0055766169098386,19780.0,1479397.7426569161,0.013370305651863588,0.612
TH-F-200096,5813020673,dense,1,-0.0110557617746531,0.0036610664163159,4153.0,1433860.63806277,0.002896376321209952,0.5556964700908898
Trh-M-100025,614081151,dense,0,0.0652029121514203,0.0055766169098386,15913.0,1195442.2930896047,0.01331139118298472,0.6761666666666667
VGlut-F-200062,417221397,dense,0,0.0146312368753127,0.00308185485468,8703.0,1409930.694070042,0.006172643830369477,0.6535
Trh-M-100020,328611004,dense,0,0.0619793991933051,0.0066598917914075,27333.0,2824614.772431803,0.00967671778352562,0.6438333333333334
TH-F-100095,329970706,dense,0,-0.0811060343230105,0.0036779189118565,8033.0,1513786.5596609681,0.005306560524489723,0.7332061877516423
TH-M-300005,423101189,dense,0,-0.1682853138470809,0.0086651930964115,10967.0,1965228.7278717377,0.0055805209055114985,0.7085
VGlut-F-100035,636789034,dense,0,0.0882548449233468,0.0015931702388634,5218.0,2282218.0115905977,0.0022863722806057874,0.6473333333333333
Trh-F-100066,5813057861,dense,0,0.0780211266499218,0.0050784949812218,16532.0,1479397.7426569161,0.011174817645935736,0.5325
TH-F-200096,5813055800,dense,0,0.0429910801585809,0.0044265336062419,19492.0,1433860.63806277,0.013594068686015984,0.6074825618262524
TH-F-000091,298258399,dense,0,-0.0120914946405796,0.0031137405870378,8880.0,1441682.7278143088,0.006159468951579032,0.6652093492517236
VGlut-F-000177,1042656011,dense,0,0.054494366757715,0.0033577211892547,2840.0,692876.1887527442,0.004098856399023211,0.6116670734683916
Trh-M-100025,705795727,dense,0,0.0874225463381502,0.0023573979419701,3237.0,1195442.2930896047,0.002707784406417491,0.6291666666666667
TH-M-200013,1192019859,dense,0,-0.0074183736521686,0.0011886761638915,846.0,1015218.8925079332,0.0008333178255874401,0.6730648206419132
TH-F-100050,5813041180,dense,0,0.2083788846870055,0.0023738258138058,9281.0,2196659.5868870397,0.004225051553460051,0.463
Trh-M-100037,704699661,dense,0,0.0447450174007233,0.0013318271962394,4445.0,3108657.445274638,0.0014298777135308652,0.6111666666666666
Trh-M-700039,456847100,dense,0,0.017358604472127,0.0046462168660054,13215.0,1858218.030428363,0.007111652014781942,0.5465
TH-F-000012,579912201,dense,0,0.1671522822679053,0.0028323275136114,14536.0,2675123.9128844934,0.005433766985517443,0.6416666666666667
Trh-F-100066,5813009620,dense,0,0.0585992922249399,0.0071545708292606,24333.0,1479397.7426569161,0.01644790937445888,0.583
Trh-F-100001,614081151,dense,0,0.0565188734496322,0.0055766169098386,18455.0,1400583.0348265665,0.013176655393577057,0.669
Trh-M-100025,5813057861,dense,0,0.0722049884726552,0.0050784949812218,12461.0,1195442.2930896047,0.01042375702451911,0.5788333333333333
fru-F-000131,297925608,dense,0,-0.0662296361164027,0.0112783975449004,19549.0,1043695.3940263906,0.018730560766952745,0.7188800605372683
Trh-F-000008,704699661,dense,0,0.0658604261503411,0.0013318271962394,5304.0,3317903.6068613506,0.001598599787236569,0.5835
Trh-M-100037,1727979406,dense,0,0.0669553489218108,0.002763081509708,7320.0,3108657.445274638,0.002354714254903472,0.6185
VGlut-F-100125,1135837629,dense,0,0.0311424042452273,0.0026487779024252,18734.0,3653272.458831391,0.005128005154587521,0.499
VGlut-F-400334,736860990,dense,0,0.0710752238419991,0.0042087634387646,18916.0,4394226.06709591,0.0043047398361325895,0.5863333333333334
TH-F-200096,387568523,dense,0,0.021883255032585,0.0030222392685012,7341.0,1433860.63806277,0.005119744419456358,0.5884590995561192
Trh-F-100038,693927941,dense,0,0.0163007368935081,0.0014384874005926,8522.0,3966910.4931880534,0.0021482713095326727,0.6715
Trh-M-100025,5813060787,dense,0,0.2640108054020224,0.0036108521024408,5789.0,1195442.2930896047,0.00484255913770493,0.5605
VGlut-F-000303,698569644,dense,0,0.0477034481619719,0.0027024863872594,8716.0,1562511.3705020803,0.005578199406766106,0.5913333333333334
Trh-F-100001,642694410,dense,0,0.1179492276404689,0.0022352024778099,6083.0,1400583.0348265665,0.004343191263025155,0.6205
VGlut-F-100003,704699661,dense,0,0.0453011503234286,0.0013318271962394,5453.0,3330544.8467349946,0.0016372696513441921,0.6551666666666667
VGlut-F-000177,1479156699,dense,0,0.0894459930273738,0.0058519719897724,6069.0,692876.1887527442,0.008759140663968969,0.5958018061996583
TH-F-000010,331774819,dense,0,-0.0316136678348392,0.0091654392986334,7204.0,719306.6360949413,0.010015200247713471,0.6753957396912253
TH-F-000010,543821838,dense,0,-0.2503176118921522,0.0055138298591699,6370.0,719306.6360949413,0.008855750357847698,0.7533711158882157
VGlut-F-700261,1352684733,dense,0,-0.0432482938206573,0.0063958813534755,20486.0,2063830.574672214,0.009926202398301843,0.5723333333333334
TH-M-300005,1036637638,dense,0,-0.0735028796147997,0.0087874240361337,30795.0,1965228.7278717377,0.015669931730211233,0.7475
VGlut-F-100125,640194409,dense,1,0.1235636029495437,0.0018451527063369,8146.0,3653272.458831391,0.0022297816797944886,0.553
TH-F-100050,1160073701,dense,0,0.0329808065587027,0.0014572698312573,4830.0,2196659.5868870397,0.002198793126086849,0.6058333333333333
Trh-M-700039,329897255,dense,0,-0.0859288177293132,0.0040497666400079,9459.0,1858218.030428363,0.005090360681636201,0.653
TH-M-000008,581746661,dense,0,-0.2477513983073146,0.002248257441827,4526.0,2122714.918833458,0.0021321751497781305,0.767
VGlut-F-400334,5813011660,dense,0,0.1390516203139376,0.0035488963661128,14032.0,4394226.06709591,0.00319328131637833,0.5748333333333333
TH-F-200081,387568523,dense,0,-0.0080079426457274,0.0030222392685012,7467.0,1420016.2902909406,0.005258390379782278,0.6057869208897809
TH-F-100083,298258399,dense,0,-0.0280176274411849,0.0031137405870378,8968.0,1586227.6926347294,0.005653665007640941,0.6007036059806509
VGlut-F-200251,424793122,dense,0,0.1683018201936132,0.0033301475775719,8306.0,2400939.8733587,0.0034594785534469256,0.5205
TH-F-300078,447599745,dense,0,0.0098067454877907,0.00253443677943,10769.0,2842390.054589046,0.0037887129469136092,0.6651666666666667
TH-F-100050,975197713,dense,0,0.0759274809559172,0.0013864818601198,3618.0,2196659.5868870397,0.0016470462795408322,0.5601666666666667
Cha-F-500071,828455033,dense,1,0.1451094916301662,0.0020064582101751,5609.0,1782964.1654936017,0.00314588487449897,0.6084854994629431
Gad1-F-500004,5813021943,dense,0,-0.0442373004511787,0.0042396114466628,8162.0,1274563.1091322002,0.006403762937683944,0.6003333333333334
TH-M-200035,5813021943,dense,0,-0.0085541761858995,0.0042396114466628,4952.0,995235.1481007283,0.004975708514163937,0.5821666666666667
VGlut-F-100003,693927941,dense,0,0.0506433268516359,0.0014384874005926,8502.0,3330544.8467349946,0.0025527354806030296,0.615
Trh-M-100037,693927941,dense,0,0.0196214875369881,0.0014384874005926,6891.0,3108657.445274638,0.002216712558816916,0.5805
TH-F-300078,667266529,dense,0,0.0219995380722021,0.0024372996327492,11295.0,2842390.054589046,0.003973768477610662,0.6008333333333333
TH-F-100036,331774819,dense,0,-0.0016602877173574,0.0091654392986334,11030.0,898610.2372337653,0.012274509618268065,0.6365612648221344
VGlut-F-000177,515049524,dense,0,0.0725263327470024,0.0034927237226979,1502.0,692876.1887527442,0.0021677754617369237,0.6880644373932145
Cha-F-500071,764377593,dense,0,-0.0640112812242009,0.002298562323999,2848.0,1782964.1654936017,0.0015973400111558328,0.7937701396348013
Trh-F-000008,1727979406,dense,0,0.0465821642176577,0.002763081509708,7896.0,3317903.6068613506,0.0023798159728544398,0.6546666666666666
Trh-F-000008,693927941,dense,0,0.0411896603426546,0.0014384874005926,8086.0,3317903.6068613506,0.002437081048189083,0.5903333333333334
VGlut-F-700261,5813040277,dense,0,0.1203927045869585,0.0032983694580642,11964.0,2063830.574672214,0.0057969874789262545,0.6578333333333334
Trh-M-100037,5812982656,dense,0,0.0155967237443352,0.002379474316993,4625.0,3108657.445274638,0.0014877805230776719,0.625
TH-M-100063,1572390197,dense,0,0.0293036438325747,0.0049810373707342,11006.0,1511274.0685234044,0.007282597001583869,0.5966760299625468
VGlut-F-700261,859839499,dense,0,-0.0344317245463521,0.0152641620201028,18012.0,2063830.574672214,0.008727460587631202,0.7581666666666667
VGlut-F-400334,5812980494,dense,0,0.0581127850156526,0.001144557968252,5633.0,4394226.06709591,0.0012819094680130512,0.6863333333333334
VGlut-F-100003,5812982656,dense,0,0.0117798437776665,0.002379474316993,4358.0,3330544.8467349946,0.0013084946159101392,0.6971666666666667
TH-M-100057,1572390197,dense,0,-0.0469483634155166,0.0049810373707342,12764.0,1562856.3983956038,0.008167097126199988,0.7488258827622195
TH-M-000008,611693656,dense,0,-0.1296002185039956,0.0019331853265277,5442.0,2122714.918833458,0.0025636980037765326,0.8143333333333334
VGlut-F-000177,1354368623,dense,0,0.0405027149692224,0.0046527812634209,2685.0,692876.1887527442,0.0038751512082314515,0.6082499389797412
fru-F-000131,328265389,dense,0,-0.1768031376610764,0.0111726718522152,10327.0,1043695.3940263906,0.009894649395893448,0.8098751418842225
Trh-F-100038,5812982656,dense,0,-0.0346433965573012,0.002379474316993,5186.0,3966910.4931880534,0.0013073145988308425,0.7511666666666666
TH-M-100057,5813069496,dense,0,-0.0589500541288839,0.0042940750478268,12034.0,1562856.3983956038,0.007700003667869842,0.7222125587058619
Cha-F-300267,328601956,dense,0,-0.0449907758086262,0.0027797364450999,3298.0,2001187.3655329011,0.0016480215979785418,0.6953125
Gad1-F-500004,5813057153,dense,0,-0.1250049469547382,0.0023367875349476,2681.0,1274563.1091322002,0.00210346587061145,0.8751666666666666
Trh-F-000008,5812982656,dense,0,-0.0391509628783336,0.002379474316993,4637.0,3317903.6068613506,0.001397569233298637,0.7198333333333333
Cha-F-500071,1013346945,dense,0,-0.0013812921386529,0.0018605933288392,4383.0,1782964.1654936017,0.0024582658949775333,0.6871643394199786
Cha-F-000329,5813078595,dense,0,-0.3511567118161138,0.0016918190004831,910.0,2211104.078989877,0.00041155909784930855,0.7579558652729385
Gad1-F-500004,452953198,dense,0,-0.0835793814471105,0.0024255725352029,2438.0,1274563.1091322002,0.0019128123060614378,0.747
TH-M-200035,452953198,dense,0,-0.0122193418350695,0.0024255725352029,2042.0,995235.1481007283,0.002051776410727536,0.718
TH-M-200035,696850811,dense,0,-0.0180606259015006,0.0021570323379958,2025.0,995235.1481007283,0.0020346950204325467,0.6908333333333333
TH-M-100057,925241334,dense,0,-0.1360461103168102,0.0035378348955123,11000.0,1562856.3983956038,0.0070383945775775525,0.6672464776482867
TH-M-000008,520617773,dense,0,-0.2342129082353101,0.0017987852902999,5515.0,2122714.918833458,0.0025980879255471474,0.8658333333333333
Trh-F-100038,549597974,dense,0,-0.1560396077782914,0.0027347142541132,16049.0,3966910.4931880534,0.004045717700855417,0.7351666666666666
TH-F-300037,267551639,dense,0,-0.1996105851549551,0.0027185562958807,8290.0,1664619.1167319196,0.0049801182244473,0.8793333333333333
TH-M-100057,1048250312,dense,0,-0.14306769630795,0.0029214028349081,8335.0,1562856.3983956038,0.0053331835276462635,0.7044703426682901
TH-M-200049,267551639,dense,0,-0.1262709873980914,0.0027185562958807,6225.0,1348979.1014002748,0.004614600769973598,0.8462073764787752
fru-F-000131,543821838,dense,0,-0.2425834324966332,0.0055138298591699,8581.0,1043695.3940263906,0.00822174750325958,0.774498675747257
TH-F-200034,327937328,dense,0,-0.0324295005850133,0.0029279340109316,5506.0,1684323.787549554,0.0032689676656591244,0.7308333333333333
fru-F-000131,391496898,dense,0,-0.2148909888857125,0.0025961201679664,3394.0,1043695.3940263906,0.003251906657273396,0.822360953461975
Gad1-F-500004,544046671,dense,0,-0.1906013490597544,0.0022234185594232,2641.0,1274563.1091322002,0.0020720825678048637,0.8045
TH-F-200034,267551639,dense,0,-0.1020489174585491,0.0027185562958807,8556.0,1684323.787549554,0.005079783390370408,0.7813333333333333
TH-M-000045,267551639,dense,0,-0.0979054944484599,0.0027185562958807,6610.0,1644907.5139273328,0.004018463010250442,0.7774814250333397
fru-F-000131,361704572,dense,0,-0.1884075106593149,0.0032958908417552,6404.0,1043695.3940263906,0.0061358898742424365,0.8374952705259175
TH-F-200106,727652372,dense,0,-0.4034987497741604,0.0018572479422139,6394.0,2042138.1940735355,0.0031310319833182444,0.8662895345847261
VGlut-F-100003,549597974,dense,0,-0.1636935331995213,0.0027347142541132,15357.0,3330544.8467349946,0.004610957277772374,0.7648333333333334
TH-F-000012,667266529,dense,0,-0.3231041256352931,0.0024372996327492,7779.0,2675123.9128844934,0.002907902681641455,0.8645
VGlut-F-100125,329566174,dense,0,-0.5166759523344941,0.005009193006754,22082.0,3653272.458831391,0.006044443782619923,0.89
VGlut-F-200251,514850616,dense,0,-0.0095166182872336,0.0030689080662795,9567.0,2400939.8733587,0.003984689540191035,0.7441666666666666
VGlut-F-000556,915481348,dense,0,-0.1920799505557785,0.0071817653659949,4333.0,860445.3926646666,0.005035764078626033,0.8921726670248971
TH-F-200106,1134107162,dense,0,-0.2718930703773131,0.0029831417442913,5308.0,2042138.1940735355,0.002599236435322684,0.8644895860118282
VGlut-F-100125,5813020347,dense,0,-0.4132458575463923,0.0009491635667522,3239.0,3653272.458831391,0.000886602364455481,0.8708333333333333
TH-F-200106,884916323,dense,0,-0.3868335526107954,0.0014432072433426,4131.0,2042138.1940735355,0.0020228797502483058,0.9272306505528414
VGlut-F-200251,5813011133,dense,0,-0.0968073690864782,0.0014385421580575,1756.0,2400939.8733587,0.0007313802479957623,0.86
VGlut-F-100125,488922181,dense,0,-0.598367634615917,0.0026511726201281,8196.0,3653272.458831391,0.002243468039233443,0.9538333333333333
TH-M-100063,1443135486,dense,0,-0.4406597117067596,0.0021025159036082,2008.0,1511274.0685234044,0.0013286802452462665,0.9964887640449438
VGlut-F-000556,978177557,dense,0,-0.4025288575113454,0.0027398215460963,1130.0,860445.3926646666,0.0013132733461452613,0.8500806018269748
VGlut-F-000556,945058110,dense,0,-0.4543219503636531,0.0030935025118036,575.0,860445.3926646666,0.0006682585610916153,0.8558122873007343
VGlut-F-000556,944720631,dense,0,-0.4752139312792053,0.002447066025886,470.0,860445.3926646666,0.0005462287368922769,0.8579616693533942
Cha-F-000329,451982486,dense,0,-0.4577866911973932,0.0010431766228818,913.0,2211104.078989877,0.0004129158860839766,0.9421602787456446
TH-F-000012,573333835,dense,0,-0.5612987591440987,0.0064921551152533,2586.0,2675123.9128844934,0.0009666841926629133,0.9081666666666667
fru-M-300299,548993536,dense,0,-0.3757357628232997,0.0029810798838545,5378.0,1946821.302959947,0.0027624517935073392,0.9108877151133072
TH-M-100063,1449618949,dense,0,-0.4758286381294649,0.0014278942329219,879.0,1511274.0685234044,0.0005816284539698547,0.9709737827715356
TH-M-000030,1630051981,dense,0,-0.5603842551522107,0.0037153923828057,909.0,2005535.3305883505,0.0004532455679717857,0.9451666666666667
TH-M-300063,5812981000,dense,0,-0.6241977633820328,0.0013397417808506,626.0,1321855.0586647457,0.0004735768841648536,0.9691401648998822
