v 48.005875 -68.43554 86.03514
v 48.88945 -68.139915 85.66588
v 48.79271 -68.56689 86.02754
v 49.749527 -68.689995 85.811485
v 47.002533 -69.163414 86.499344
v 48.270615 -68.943726 86.362144
v 49.017365 -68.85183 86.21375
v 45.944733 -69.1865 86.41934
v 48.788452 -69.22829 86.48009
v 49.4207 -69.1272 86.28202
v 49.806732 -69.09093 86.134155
v 50.63536 -69.25283 85.68406
v 46.05101 -69.63366 86.67709
v 47.966873 -69.81895 86.809235
v 49.84041 -69.451744 86.30871
v 50.113647 -69.22571 86.04518
v 45.784973 -70.014404 86.86695
v 45.65895 -69.89048 86.74831
v 46.271057 -69.97639 86.926956
v 46.899628 -70.01678 86.98601
v 49.196823 -69.76496 86.59741
v 50.379242 -69.749725 86.17343
v 45.198166 -70.21726 86.843704
v 45.684753 -70.40847 87.068886
v 46.143494 -70.81877 87.30373
v 47.095306 -70.5779 87.200584
v 48.659485 -70.47888 86.908676
v 49.934097 -69.98203 86.46884
v 51.04988 -70.260086 85.963905
v 47.785095 -70.93566 87.176636
v 49.624725 -70.68735 86.72666
v 50.44336 -70.43809 86.408035
v 50.881638 -70.83329 86.35112
v 46.71367 -71.548546 87.45952
v 48.707428 -71.46841 87.0612
v 51.29982 -71.4191 86.29504
v 44.66411 -72.06768 87.39678
v 45.022476 -71.02837 87.20764
v 45.499588 -71.56741 87.51094
v 50.49167 -71.208885 86.58511
v 43.928955 -71.303444 86.951584
v 46.01143 -71.556625 87.561295
v 47.645294 -71.99516 87.3275
v 49.765137 -71.6983 86.85145
v 51.892944 -71.53859 85.99675
v 45.744278 -72.28341 87.62269
v 50.64366 -72.183685 86.664116
v 51.342453 -72.17799 86.46822
v 52.18808 -71.82906 85.74266
v 48.382965 -72.35018 87.167625
v 49.161987 -72.28887 87.00482
v 49.855316 -72.35602 86.87169
v 51.829895 -72.207115 86.19887
v 46.696335 -72.77677 87.517715
v 49.540802 -72.76945 86.89691
v 52.27188 -72.457596 85.78065
v 44.95816 -73.14615 87.58008
v 45.814163 -73.19918 87.643074
v 47.756683 -72.9479 87.254425
v 48.79535 -73.02658 86.99403
v 50.106995 -72.735245 86.78593
v 50.59311 -72.9137 86.64896
v 51.33522 -72.78502 86.46274
v 52.03894 -73.02099 86.08114
v 49.805603 -73.31445 86.703094
v 45.495544 -73.93246 87.526794
v 46.288925 -73.73582 87.50041
v 47.103867 -73.6301 87.31611
v 48.123596 -73.81692 86.95221
v 48.96591 -73.55027 86.81625
v 50.880737 -73.42168 86.45096
v 51.58522 -73.38987 86.29982
v 46.68866 -74.175186 87.30321
v 49.211105 -73.95793 86.60068
v 50.291824 -73.97745 86.3343
v 51.943527 -73.586586 86.12102
v 46.080963 -74.55171 87.298706
v 47.247055 -74.1901 87.122314
v 48.51094 -74.5047 86.6038
v 46.844513 -74.64394 87.099045
v 45.882202 -65.55648 84.651436
v 46.600998 -65.23441 84.43205
v 46.574097 -65.33903 84.79994
v 47.086716 -65.17871 84.07213
v 47.11876 -65.27745 84.63933
v 47.93657 -65.29159 84.09935
v 48.934906 -65.43345 83.81873
v 45.700974 -65.845505 85.25932
v 46.6501 -65.69291 85.10189
v 47.68515 -65.52362 84.775375
v 48.708176 -65.61703 84.52229
v 49.322617 -65.54113 84.16607
v 49.765076 -65.680016 83.618324
v 45.933075 -66.04845 85.46681
v 47.84503 -66.136665 85.09457
v 49.586777 -65.72553 84.35178
v 50.00322 -65.77271 84.13756
v 50.299988 -65.97667 83.86417
v 44.20349 -66.58396 85.34913
v 44.85945 -66.169914 85.152145
v 45.37529 -66.158455 85.50696
v 46.494278 -66.45129 85.49533
v 49.245743 -66.14708 84.774155
v 50.02678 -65.9894 84.39168
v 50.502945 -66.3183 84.185165
v 50.613144 -66.25881 83.65117
v 43.729324 -67.18014 85.41498
v 44.39955 -66.76963 85.57704
v 45.019775 -66.63988 85.65152
v 45.647858 -66.423515 85.63144
v 47.407837 -67.016556 85.47329
v 50.041687 -66.36388 84.62335
v 50.398346 -66.5231 84.51074
v 50.61841 -66.806465 84.370316
v 50.93466 -66.76533 83.55119
v 45.66977 -67.07563 85.76328
v 46.481003 -67.05761 85.657364
v 48.608215 -66.82724 85.15761
v 49.53221 -66.6665 84.89725
v 50.118134 -66.80534 84.73198
v 50.981934 -67.383224 84.29474
v 46.450623 -67.77012 85.85753
v 48.123123 -67.23629 85.38367
v 49.428055 -67.29352 85.09546
v 50.340057 -67.36865 84.7885
v 51.437683 -67.40258 83.65282
v 43.233704 -67.737946 85.638084
v 43.493164 -68.148384 85.89691
v 44.53656 -67.55107 85.87775
v 45.341965 -67.83894 85.968475
v 47.921417 -67.73387 85.63049
v 48.579895 -67.35863 85.31697
v 51.494583 -68.066216 84.23998
v 43.000366 -68.05936 85.669266
v 44.24774 -68.7559 86.2086
v 44.838364 -68.19818 86.084236
v 47.151184 -68.308334 86.03165
v 48.828186 -67.67361 85.39313
v 49.336792 -67.824234 85.34601
v 49.927155 -67.852646 85.17656
v 50.69777 -68.2368 85.00755
v 51.72644 -67.75538 83.62406
v 42.837906 -68.655174 85.68114
v 45.377045 -68.65892 86.194405
v 49.598312 -68.15153 85.46993
v 50.061844 -68.27109 85.38066
v 51.87146 -68.19823 83.74646
v 46.38527 -68.59221 86.18782
v 50.263824 -68.462456 85.424835
v 51.788345 -68.56052 84.21198
v 44.681366 -69.466705 86.427345
v 45.25734 -69.45487 86.43913
v 50.469223 -68.69328 85.45845
v 50.874496 -68.87268 85.280464
v 43.30995 -69.21816 86.1378
v 42.69249 -69.6024 85.71593
v 43.836502 -69.959526 86.543495
v 44.62755 -70.024765 86.643814
v 44.905136 -69.739784 86.51114
v 45.10315 -69.859856 86.59549
v 45.545746 -69.711235 86.60738
v 51.565796 -69.3478 84.87558
v 52.07979 -69.42379 84.102646
v 43.139755 -70.07882 86.29354
v 44.20424 -70.620964 86.87142
v 42.893204 -70.89108 86.08698
v 43.3293 -70.52758 86.56483
v 43.647675 -70.56051 86.752975
v 43.526733 -70.84407 86.73175
v 51.769577 -70.7831 85.68771
v 52.043304 -70.51577 85.10824
v 52.29782 -71.21256 85.12391
v 52.08972 -70.97615 85.46878
v 42.75261 -72.146996 85.91892
v 52.091995 -71.29778 85.680046
v 43.587982 -72.09788 86.83302
v 52.48935 -72.070145 85.15793
v 52.622177 -71.99898 84.71266
v 52.698273 -72.04172 84.48938
v 52.689438 -72.36971 84.781784
v 52.811996 -72.29763 84.38342
v 43.451813 -73.23438 86.62924
v 44.13994 -72.83916 87.28439
v 52.587204 -73.01789 85.24896
v 44.2285 -73.565216 87.31621
v 43.895554 -73.84823 87.03617
v 44.327133 -74.29463 87.11201
v 44.80661 -73.97368 87.45043
v 52.26973 -73.554825 85.83658
v 43.729446 -74.301476 86.535774
v 45.16719 -74.8385 87.14875
v 52.06758 -73.863785 85.92219
v 52.372223 -74.245575 85.32882
v 47.5999 -74.570465 86.873474
v 49.591522 -74.52795 86.313934
v 50.296448 -74.338196 86.17754
v 50.664246 -74.247635 86.14435
v 51.388977 -74.075935 86.07756
v 44.34729 -75.18397 86.454895
v 45.80394 -75.18153 87.12614
v 50.503067 -74.683876 86.104225
v 51.218124 -74.75212 85.978935
v 51.722137 -74.69481 85.788666
v 46.446594 -75.177925 87.040955
v 47.129562 -75.06439 86.888405
v 47.852707 -75.099014 86.66371
v 48.732635 -75.01166 86.43482
v 49.472534 -75.286064 86.272
v 50.24655 -75.21726 86.11136
v 50.764694 -75.19925 86.0251
v 51.356567 -75.22445 85.852234
v 51.886063 -75.269516 85.431465
v 52.44806 -75.48608 84.53104
v 45.2352 -75.93722 86.56097
v 45.506287 -75.45686 86.99533
v 45.974823 -75.74136 86.90099
v 46.99089 -75.73181 86.8044
v 48.20677 -75.63552 86.54623
v 50.05298 -75.763084 86.15657
v 50.831192 -75.67035 85.96486
v 45.806717 -76.213875 86.70236
v 46.30217 -76.24945 86.76115
v 46.78926 -76.26934 86.79512
v 47.400543 -76.40887 86.709595
v 48.78305 -76.201096 86.437996
v 51.25528 -75.87493 85.6476
v 51.707382 -76.16792 84.864586
v 46.589554 -76.545876 86.7152
v 49.549103 -76.44372 86.22243
v 50.394318 -76.33594 85.90884
v 50.939774 -76.620964 85.29363
v 46.738876 -76.84079 86.63231
v 47.27066 -77.007744 86.65435
v 47.974335 -76.79076 86.60131
v 48.702286 -76.96343 86.22597
v 50.130463 -77.05634 85.449326
v 46.70909 -77.273094 86.27375
v 47.216583 -77.2826 86.53377
v 47.723694 -77.21748 86.45559
v 49.62712 -76.87112 85.95915
v 47.265015 -77.46729 86.17976
v 47.965714 -77.57753 85.70149
v 49.163315 -77.45609 85.3832
v 44.6192 -65.90642 83.67277
v 46.231613 -65.342964 83.54572
v 47.342743 -65.25078 83.22723
v 48.307007 -65.37923 83.06117
v 49.157684 -65.55222 82.97232
v 49.62906 -65.65203 82.98877
v 49.880646 -65.838196 82.82073
v 50.38803 -66.26875 82.821205
v 44.109497 -66.47338 84.852905
v 50.93866 -66.87587 82.47718
v 42.96794 -67.70499 85.12827
v 51.411392 -67.38328 82.72157
v 42.49965 -67.71745 83.95157
v 51.669495 -67.54468 83.28203
v 51.83293 -67.97628 82.99906
v 42.473114 -68.458374 84.881065
v 42.769073 -68.19225 85.443924
v 52.021835 -68.40139 83.34297
v 42.515167 -68.990486 85.34242
v 52.012344 -68.836876 83.81326
v 42.22647 -69.28532 84.77879
v 52.272064 -69.40277 83.47353
v 42.308914 -70.04659 85.13057
v 52.31604 -70.209114 84.09465
v 52.77005 -70.53588 83.08424
v 42.10663 -70.61059 84.84012
v 52.694824 -71.45452 84.12112
v 52.954117 -70.5462 82.589035
v 42.159454 -71.45997 85.026245
v 53.187347 -71.93571 83.299164
v 42.23001 -72.193954 85.12325
v 52.840027 -72.01775 84.11066
v 42.474197 -73.11401 85.18823
v 52.98105 -72.287384 83.988594
v 53.193542 -72.408264 83.66882
v 53.019608 -72.68151 84.22446
v 43.135986 -74.015785 85.86584
v 53.26799 -73.60703 84.05292
v 42.74196 -74.268684 85.02814
v 43.436554 -75.23809 85.36178
v 53.11058 -74.67744 84.22212
v 53.390594 -74.96573 83.67689
v 44.414032 -76.376816 85.422615
v 53.069168 -75.28049 83.88022
v 52.74167 -75.87686 83.4122
v 52.099304 -76.08524 84.46805
v 52.119583 -76.33522 83.70628
v 45.13295 -76.62107 85.9537
v 51.892258 -76.36845 84.28279
v 45.915497 -76.75457 86.33728
v 51.21878 -76.77557 84.65119
v 51.453552 -76.89133 83.669495
v 46.01262 -77.45318 85.52639
v 50.577667 -77.15656 84.83546
v 50.937225 -76.95097 84.82616
v 50.864777 -77.23406 84.06563
v 49.793427 -77.44228 85.08113
v 50.112396 -77.420555 84.80582
v 46.824203 -77.78498 85.25165
v 47.671417 -78.09765 84.53444
v 48.40158 -77.851074 85.00867
v 48.826385 -77.959885 84.4556
v 49.606186 -77.79343 84.25392
v 48.28778 -78.09022 84.451904
v 44.420746 -65.67037 82.26593
v 45.348007 -65.49718 82.31273
v 46.569595 -65.406456 82.00018
v 47.643646 -65.429016 82.22748
v 43.887558 -65.892365 82.48088
v 48.486877 -65.770744 81.689835
v 49.441925 -65.80061 82.34756
v 43.492462 -66.29986 83.04741
v 49.322556 -66.21477 81.32583
v 49.859695 -66.10038 82.14137
v 43.404053 -66.84175 84.21984
v 50.033615 -66.61693 81.34933
v 50.610184 -66.85966 81.69748
v 50.382584 -66.986496 81.05794
v 50.65039 -67.23553 81.03605
v 51.07965 -67.395935 81.58742
v 51.218567 -67.747215 81.21249
v 51.562775 -68.18775 81.41935
v 41.797424 -69.87297 84.000786
v 41.704926 -68.80814 83.361084
v 52.14125 -68.83141 82.681015
v 52.61322 -69.85872 82.52993
v 41.507065 -70.88241 83.80037
v 52.82425 -70.068306 82.35686
v 52.916824 -70.194954 82.03411
v 52.802155 -70.04367 81.36922
v 52.867233 -70.25091 82.47828
v 53.02826 -70.49768 82.18756
v 53.13217 -71.020454 82.52153
v 41.663696 -72.2299 84.05297
v 53.394165 -71.01054 81.75694
v 53.732635 -71.29532 81.24725
v 53.44722 -71.19482 81.95808
v 53.494385 -71.53613 82.240616
v 53.799988 -71.77338 81.855865
v 54.06546 -71.82336 81.334145
v 53.62729 -72.02672 82.484276
v 53.95166 -72.17737 81.994125
v 53.639145 -72.64475 82.99227
v 54.11432 -72.53466 82.03215
v 41.929688 -73.10745 84.18343
v 54.105927 -72.85016 82.313065
v 54.082214 -73.42553 82.60815
v 53.777252 -74.500534 83.1689
v 54.38687 -74.11395 82.24703
v 42.082184 -73.999756 83.99314
v 42.659378 -75.06323 84.270226
v 54.26935 -74.71461 82.27414
v 53.915756 -75.09167 82.59403
v 43.35518 -75.88335 84.73155
v 43.05945 -75.72027 84.39697
v 53.792923 -75.40829 82.44743
v 54.165695 -75.41216 81.772804
v 43.665848 -76.247734 84.71865
v 53.414993 -75.42195 82.99015
v 53.29857 -75.84422 82.43052
v 53.5979 -75.70043 82.236694
v 53.257248 -76.10758 81.964035
v 43.272766 -76.24436 84.15571
v 43.579865 -76.592735 84.16094
v 52.91884 -76.146225 82.429794
v 52.30577 -76.602905 82.49687
v 44.006195 -76.97563 84.106735
v 44.617615 -77.27861 84.482254
v 51.679657 -77.03047 82.57782
v 45.196045 -77.21446 85.22202
v 44.997833 -77.652 84.29494
v 50.959488 -77.4476 83.072205
v 51.359726 -77.214325 82.727745
v 51.151566 -77.40032 82.67122
v 50.266647 -77.62231 83.94598
v 50.513107 -77.77359 83.05339
v 45.68463 -77.97369 84.18525
v 49.454926 -77.998 83.80054
v 49.49991 -78.10988 83.43999
v 49.877487 -78.026634 83.29704
v 50.165863 -77.9652 83.116104
v 46.682022 -78.36834 83.78057
v 47.378693 -78.46361 83.58188
v 48.185104 -78.43045 83.529144
v 49.143784 -78.1267 83.71915
v 45.51393 -65.519516 80.94025
v 43.71913 -65.841225 81.98724
v 43.91043 -65.7296 81.65557
v 44.018906 -65.745094 82.10059
v 44.57428 -65.56196 81.28308
v 46.372574 -65.641785 80.553345
v 47.301163 -65.68688 81.00142
v 47.807755 -66.08607 80.228676
v 48.63452 -66.41583 80.24123
v 42.616333 -66.933876 82.95894
v 49.32556 -66.77169 80.246666
v 41.89621 -67.718056 82.87462
v 50.91754 -67.71498 80.74294
v 41.129044 -68.14034 82.28929
v 40.66107 -69.037636 82.25801
v 41.50186 -69.18594 82.97877
v 41.247925 -69.274925 82.74959
v 41.417114 -69.507645 83.04845
v 40.73961 -69.87887 82.47043
v 41.28012 -70.12484 83.15817
v 52.267242 -69.715225 79.80519
v 40.807144 -70.63067 82.782486
v 52.317856 -69.41498 81.09016
v 52.75316 -70.18619 79.98358
v 53.210526 -70.63572 81.24127
v 53.292114 -70.72673 79.627
v 53.617767 -70.97525 80.4153
v 40.724167 -71.532776 82.845474
v 53.8441 -71.18618 80.41155
v 53.858093 -71.22841 79.54733
v 54.027374 -71.426315 80.42975
v 54.136383 -71.65501 80.799866
v 54.356506 -71.96955 80.15446
v 40.821777 -72.68227 82.72585
v 54.255753 -71.89282 80.88327
v 41.49597 -73.27011 83.3247
v 54.24318 -72.1889 81.31227
v 54.38617 -72.75412 81.556335
v 54.734787 -72.86521 80.79316
v 54.976913 -73.43256 80.80389
v 41.656296 -73.86811 83.29837
v 41.360855 -73.856 82.870316
v 54.63925 -73.493996 81.59262
v 55.317413 -73.671555 80.38164
v 54.881332 -74.46609 81.288345
v 55.66719 -73.82759 80.01882
v 55.534836 -74.36451 80.43788
v 41.576233 -74.44163 82.9483
v 42.067993 -75.055626 83.30645
v 54.702637 -75.22266 81.267494
v 54.972748 -75.2296 80.98914
v 55.32222 -75.07637 80.67224
v 54.65416 -75.71843 80.975815
v 55.098892 -75.56204 80.70451
v 53.63086 -75.99369 81.66892
v 54.973404 -75.85656 80.61627
v 43.389877 -76.77692 83.4798
v 52.868073 -76.55265 81.661995
v 53.310944 -76.389046 81.41746
v 53.871445 -76.32076 81.02314
v 43.81787 -77.37307 83.03372
v 52.567596 -76.6068 81.978455
v 53.052383 -76.92687 80.977585
v 44.69275 -77.91304 83.20503
v 51.904816 -77.07864 81.96261
v 51.23903 -77.48057 82.115166
v 51.501907 -77.52408 81.55916
v 50.872025 -77.90576 81.97194
v 51.127594 -77.704384 81.65886
v 45.42485 -78.3686 83.10452
v 49.632095 -78.2689 82.91095
v 49.985825 -78.47295 82.31368
v 46.005234 -78.619156 82.96358
v 46.48059 -78.68246 83.01847
v 46.930695 -78.746735 82.93717
v 47.48523 -78.63917 83.1447
v 49.107544 -78.54019 82.8305
v 47.48372 -78.92756 82.6234
v 48.213486 -79.09404 82.354744
v 43.089676 -65.729126 79.64876
v 43.674576 -65.6542 79.71512
v 43.59175 -65.697845 80.58771
v 44.45981 -65.64655 79.90398
v 45.582077 -65.788284 79.54253
v 42.12224 -66.1583 80.93494
v 42.927444 -66.14737 81.69782
v 46.790985 -66.12334 79.262474
v 41.952744 -66.39781 81.24578
v 40.660828 -66.74166 80.78824
v 40.910477 -66.81261 81.10063
v 41.46196 -67.06748 81.74072
v 40.165634 -67.30247 81.08313
v 40.486588 -66.949844 80.97266
v 40.705597 -67.091415 81.30408
v 48.90753 -66.68878 79.93675
v 48.78209 -66.8918 79.42412
v 39.622406 -68.02468 81.26133
v 40.511627 -67.44843 81.45363
v 40.613983 -67.8157 81.72653
v 50.12671 -68.02141 79.083595
v 50.182007 -67.31088 80.31576
v 40.307205 -68.40431 81.81174
v 50.569748 -67.85172 79.981064
v 39.000916 -68.578636 81.23979
v 39.468094 -68.97499 81.53209
v 51.056824 -69.02702 78.71553
v 51.017136 -68.32774 79.95088
v 39.856415 -69.775604 81.86894
v 51.896317 -69.66765 79.00099
v 51.730743 -69.08285 79.966095
v 39.687912 -70.90787 81.9181
v 52.368683 -70.043365 79.16487
v 52.560852 -70.30232 78.847916
v 52.867477 -70.50675 78.93173
v 53.10234 -70.77507 78.389175
v 53.4662 -70.92562 78.97987
v 53.559692 -71.08968 78.426735
v 39.796402 -72.12627 81.95523
v 53.86 -71.30098 78.63512
v 54.148453 -71.54323 79.539894
v 54.117676 -71.56057 78.949295
v 54.486023 -72.065285 78.224304
v 39.99843 -73.35543 81.83505
v 55.00357 -72.8204 79.70601
v 40.802704 -73.3756 82.4048
v 41.105194 -73.18107 82.76199
v 55.32335 -72.950096 78.96133
v 54.99475 -72.56201 78.406845
v 55.28798 -72.82984 78.24156
v 41.14441 -73.55693 82.678154
v 55.510056 -73.34591 79.605865
v 55.730362 -73.394516 78.583916
v 40.752594 -74.24371 82.10736
v 55.795425 -73.69781 79.50957
v 55.96393 -73.87659 79.17754
v 55.926483 -74.28157 79.71115
v 56.29126 -74.29918 78.57696
v 41.389313 -75.66032 81.98851
v 56.158142 -75.14449 79.548035
v 55.753082 -75.0023 80.1583
v 42.575485 -76.09635 83.11108
v 55.858627 -75.412025 80.004684
v 55.91443 -75.726 79.87774
v 41.985733 -76.232765 82.17011
v 56.24893 -75.95207 79.48472
v 56.632904 -76.34466 79.12007
v 57.199448 -76.36524 78.520386
v 42.21231 -76.74847 81.74051
v 55.385315 -75.78242 80.30206
v 43.100204 -77.22959 82.099945
v 54.063904 -76.85108 80.45313
v 54.64743 -76.22778 80.563644
v 55.655716 -76.36155 79.89337
v 56.07634 -76.78324 79.54249
v 53.54811 -76.901764 80.65991
v 54.873154 -76.66842 80.18456
v 43.94557 -77.83376 82.19153
v 52.26448 -77.10134 81.461105
v 53.324493 -77.439095 80.41503
v 54.20392 -77.42441 80.12694
v 55.19545 -77.262505 79.85419
v 51.80229 -77.7252 80.97418
v 52.43416 -77.69247 80.65095
v 55.823257 -77.58832 79.55372
v 43.60637 -77.96143 81.322174
v 44.50328 -78.60133 81.277054
v 51.1353 -77.8268 81.44705
v 52.821198 -77.9632 80.317635
v 53.383545 -78.20495 80.107475
v 54.4328 -78.03682 79.892876
v 55.16484 -77.965324 79.71916
v 51.29245 -78.09275 81.080605
v 51.81279 -78.12493 80.63742
v 56.12764 -77.965065 79.38119
v 55.54666 -78.32665 79.52908
v 45.433884 -78.76326 82.15343
v 46.425537 -78.87531 82.5858
v 50.827118 -78.85206 81.1104
v 51.523087 -78.56863 80.631615
v 52.310272 -78.45938 80.33492
v 53.898468 -78.70545 79.8757
v 54.7491 -78.61536 79.688995
v 45.301926 -79.15949 81.136536
v 46.108856 -79.00112 82.19466
v 46.72104 -79.18088 82.10055
v 47.411743 -79.51038 81.836136
v 51.649536 -79.24243 80.42799
v 52.863693 -79.32559 80.00775
v 54.09781 -79.31495 79.696266
v 46.015015 -79.38647 81.41481
v 48.08902 -79.85398 81.59902
v 49.020554 -79.41769 81.82416
v 49.952454 -79.60255 81.27217
v 46.724625 -79.71162 81.37088
v 47.258255 -80.33227 80.99776
v 50.81772 -80.03146 80.61063
v 48.061417 -80.66143 81.10383
v 48.619522 -80.20622 81.37547
v 49.96234 -80.57617 80.81287
v 49.260193 -80.291916 81.1949
v 41.0627 -66.18188 79.755905
v 41.478455 -66.024574 79.82742
v 41.67369 -65.98207 79.320984
v 42.31433 -65.92576 80.20166
v 42.329346 -65.93189 79.0209
v 43.46759 -65.88514 78.73029
v 44.635178 -65.95078 78.54842
v 41.242462 -66.41722 80.54923
v 40.44716 -66.562904 79.33411
v 40.046326 -67.00365 80.411766
v 47.196777 -66.40405 78.83471
v 47.056503 -66.57075 78.29027
v 47.79605 -66.613525 78.98336
v 39.084366 -67.4482 79.73641
v 39.678955 -66.997185 79.51221
v 47.532547 -67.02073 77.762566
v 39.188477 -67.68266 80.60211
v 39.72287 -67.467255 80.87686
v 48.67653 -67.57759 77.928894
v 38.289505 -68.15625 80.235245
v 49.411972 -67.31607 79.36951
v 38.240982 -68.41971 80.71191
v 38.672638 -68.24452 80.85472
v 38.076126 -68.4899 80.62386
v 38.832825 -68.427284 81.11218
v 49.954758 -68.6635 77.47923
v 37.865143 -68.5979 80.40379
v 37.66342 -68.8438 80.378426
v 38.244247 -68.88779 80.902084
v 37.39453 -69.223885 80.35827
v 37.489243 -69.970894 80.747055
v 50.96753 -69.47515 77.451195
v 38.688446 -70.08441 81.33351
v 51.770813 -70.10687 77.342255
v 51.579407 -69.72443 78.16666
v 37.6765 -70.94392 80.91284
v 38.597153 -71.105225 81.322014
v 52.1391 -70.1054 78.383606
v 38.87538 -71.4609 81.42999
v 38.185516 -72.12958 80.97668
v 52.8004 -70.73346 77.53755
v 39.106308 -71.738716 81.539375
v 53.852615 -71.459145 77.71662
v 39.048843 -72.158295 81.47955
v 39.151047 -72.71345 81.45335
v 54.196228 -71.83765 77.1704
v 54.41176 -72.03081 77.31902
v 38.605347 -73.301575 80.99269
v 54.581207 -72.14892 77.25296
v 39.276794 -73.29598 81.41132
v 55.04489 -72.54877 77.6405
v 55.36075 -72.84075 77.466606
v 38.61824 -74.07463 80.76564
v 39.313232 -73.8482 81.26637
v 39.144806 -74.27826 81.02092
v 39.78679 -73.98198 81.489586
v 40.077698 -74.06128 81.6519
v 56.41037 -73.96267 77.387024
v 38.9411 -74.524666 80.767624
v 39.66391 -74.6554 81.11818
v 56.075974 -73.7194 77.983444
v 40.4834 -75.24676 81.42712
v 39.928864 -75.783066 80.611984
v 40.611664 -75.77112 81.21722
v 56.766876 -75.47707 78.64377
v 57.46379 -75.66444 77.753624
v 40.6127 -76.268906 80.7552
v 57.62033 -75.35548 77.139694
v 57.73079 -75.617775 77.336296
v 41.35283 -76.70591 80.866394
v 41.74121 -76.35305 81.71702
v 57.88138 -75.88242 77.36743
v 57.77899 -76.33675 77.84807
v 42.550247 -77.188034 81.43471
v 58.061417 -76.71203 77.702255
v 42.73239 -77.41867 81.21889
v 42.17456 -77.40001 80.62772
v 57.692078 -77.249695 78.23563
v 43.082565 -77.64823 81.20619
v 42.776886 -77.72735 80.686134
v 56.66919 -77.30132 79.10431
v 58.267654 -77.76067 77.74172
v 43.19191 -78.00216 80.67624
v 57.06012 -78.15405 78.81099
v 43.742676 -78.482475 80.48231
v 44.23488 -78.83507 80.41142
v 55.99826 -78.529106 79.33451
v 56.48117 -78.15629 79.18756
v 57.78633 -78.47178 78.17813
v 56.433853 -78.90836 79.048225
v 44.462875 -79.00318 80.383026
v 44.857056 -79.29962 80.34202
v 57.126495 -78.92209 78.66686
v 57.43396 -79.47822 78.25154
v 45.52643 -79.5916 80.60473
v 55.308304 -79.33023 79.34158
v 56.781433 -79.61093 78.66177
v 58.060913 -79.36716 77.65303
v 53.45656 -80.01523 79.69572
v 54.292557 -79.9019 79.4899
v 57.648087 -80.0111 77.834
v 46.16913 -80.08927 80.499695
v 51.79718 -80.151726 80.16496
v 52.464233 -80.46366 79.86071
v 56.140533 -79.67893 78.958984
v 57.000137 -80.46131 78.03728
v 46.631546 -80.78138 80.0821
v 50.56018 -81.020035 80.40871
v 51.202515 -80.686844 80.25006
v 51.99077 -80.46891 80.023285
v 53.160538 -80.607285 79.601776
v 53.829926 -80.51663 79.40163
v 54.702988 -80.369484 79.16809
v 56.402557 -80.17525 78.636444
v 47.311783 -81.185455 80.230255
v 47.615402 -80.84208 80.84892
v 47.841568 -81.1664 80.68828
v 48.339355 -81.36112 80.68281
v 48.75009 -80.87586 81.02217
v 49.3873 -81.10057 80.81422
v 51.76184 -80.75651 80.01735
v 52.715958 -81.04762 79.54965
v 53.27855 -81.03937 79.34395
v 55.007202 -80.92938 78.76482
v 55.670868 -80.33635 78.86168
v 56.27681 -80.73192 78.396515
v 47.919785 -81.710976 80.04856
v 49.950714 -81.327515 80.55234
v 50.371643 -81.945595 80.10219
v 52.015015 -81.2978 79.6928
v 53.98932 -81.236565 78.88374
v 55.6698 -81.107376 78.417046
v 48.608856 -82.02109 80.04831
v 49.581665 -81.80081 80.433334
v 51.195694 -81.35692 80.01618
v 52.617004 -81.82559 79.06467
v 48.95572 -81.58965 80.6075
v 49.75284 -82.36478 79.96204
v 50.17517 -82.47572 79.86772
v 51.34648 -82.20768 79.431564
v 49.198563 -82.1413 80.16156
v 50.53424 -82.498146 79.697975
v 41.144974 -66.12763 79.3
v 43.9868 -66.12257 77.902695
v 41.161896 -66.411835 78.27687
v 42.30507 -66.21703 77.98885
v 45.614014 -66.22761 78.08394
v 40.154907 -66.77887 78.32761
v 45.35431 -66.47473 77.207596
v 45.864853 -66.66278 77.03813
v 46.403458 -66.47611 77.92541
v 46.721115 -66.96394 77.05073
v 39.292847 -67.27456 78.52108
v 47.493073 -67.48236 76.61574
v 38.329407 -67.93742 79.00122
v 37.46849 -68.73517 79.564926
v 48.938538 -68.340225 76.432014
v 49.58792 -68.860374 76.16815
v 36.705185 -69.41422 79.29915
v 37.042572 -69.25282 79.92548
v 50.338898 -69.3179 76.38943
v 36.891678 -69.722145 80.118996
v 36.82843 -70.28164 80.35051
v 51.135635 -69.86516 76.47312
v 36.671265 -70.82808 80.25369
v 37.091125 -70.6208 80.67366
v 51.68454 -70.22552 76.48842
v 36.15172 -71.165184 79.5364
v 37.045288 -71.01356 80.62483
v 52.526108 -70.47991 77.95833
v 36.93065 -71.59914 80.31166
v 53.197205 -70.99797 77.449615
v 37.22934 -72.346436 80.36273
v 36.628708 -72.416916 79.81523
v 37.492905 -72.68245 80.44564
v 53.91559 -71.603676 76.853806
v 54.161484 -71.785835 76.41464
v 37.07437 -72.8329 80.07564
v 54.424118 -72.02955 76.870346
v 37.59633 -73.370636 80.248024
v 54.784744 -72.31265 77.58441
v 55.395187 -72.54928 75.89708
v 55.459946 -72.77961 76.56586
v 55.932434 -72.94542 75.81293
v 37.870132 -73.70024 80.4091
v 38.11696 -73.69563 80.58124
v 55.89058 -73.31403 77.20343
v 37.92401 -74.02346 80.26156
v 56.398087 -73.64084 76.493454
v 38.273926 -74.49021 80.28139
v 38.608185 -74.455055 80.58841
v 38.602676 -74.75852 80.36846
v 38.18965 -75.030014 79.793045
v 56.71927 -74.10119 76.77397
v 56.96904 -74.027756 76.030045
v 38.988113 -74.931526 80.51033
v 38.65921 -75.15474 80.09115
v 57.14598 -74.76082 77.09993
v 57.46591 -74.528824 75.97246
v 39.10034 -75.54951 80.091286
v 57.521988 -74.78961 76.33142
v 57.66472 -74.61007 75.7117
v 57.727203 -74.764656 75.85591
v 39.41664 -75.99713 80.03178
v 39.116806 -76.04151 79.691864
v 57.751373 -75.081184 76.37062
v 39.64792 -76.15346 80.093376
v 57.591507 -75.141045 76.84029
v 57.834 -75.37723 76.72481
v 58.257706 -75.70084 76.30636
v 39.920288 -76.39136 80.04538
v 57.912598 -75.62426 76.9798
v 40.315796 -76.69476 80.022
v 40.73439 -76.69691 80.378525
v 58.084198 -75.862305 76.958176
v 40.62619 -77.05753 79.77614
v 58.217117 -76.27743 77.13956
v 58.47403 -76.216125 76.58842
v 58.552322 -76.54409 76.79167
v 41.28862 -77.40572 79.800545
v 41.794754 -77.848114 79.55434
v 58.423386 -77.050156 77.31604
v 58.707718 -76.841705 76.69704
v 42.70395 -78.30024 79.717514
v 58.60544 -77.658585 77.26852
v 58.989853 -78.29147 76.60186
v 58.934708 -78.724754 76.64398
v 44.714447 -79.488846 79.85112
v 44.042694 -79.24751 79.57876
v 45.05789 -79.902336 79.67401
v 58.58435 -78.41152 77.234955
v 58.658646 -79.5816 76.6399
v 58.003906 -80.21875 77.27309
v 58.242554 -80.47483 76.695885
v 45.739532 -80.80375 79.20991
v 57.568756 -80.48572 77.597786
v 46.545914 -81.42247 79.16382
v 57.338547 -80.9199 77.374466
v 57.70305 -80.75035 77.20499
v 57.92755 -80.76882 76.88717
v 47.308624 -81.91788 79.138626
v 56.1633 -81.16778 78.16744
v 56.52243 -81.08182 77.95154
v 56.729706 -81.53876 77.1571
v 57.554382 -81.2679 76.712234
v 54.881943 -81.61131 78.2189
v 55.55304 -81.52151 78.08954
v 55.891754 -81.437225 78.03717
v 56.231186 -81.44129 77.79549
v 53.497208 -82.39454 77.86263
v 54.68924 -82.168846 77.65817
v 55.651306 -81.92698 77.48079
v 51.95514 -82.3131 78.99577
v 52.18515 -82.34686 78.8169
v 52.492157 -82.405975 78.53619
v 54.397186 -82.456116 77.39672
v 55.02655 -82.437294 77.10018
v 48.14235 -82.41702 78.88729
v 49.19931 -82.60112 79.32666
v 50.09944 -82.74205 79.417175
v 50.725098 -82.70217 79.325714
v 51.07596 -82.71418 79.0379
v 51.643936 -82.73016 78.4375
v 52.498184 -82.61799 78.21024
v 49.802094 -82.9968 78.51069
v 50.59662 -82.9404 78.695854
v 41.68138 -66.476746 77.59
v 42.111435 -66.577 77.21563
v 43.207687 -66.48574 77.19706
v 44.614014 -66.433525 77.21581
v 39.718506 -67.13199 77.79586
v 40.28827 -66.86436 77.7693
v 40.56958 -66.99968 77.28339
v 45.28148 -66.71049 76.63318
v 45.637497 -66.869385 76.41238
v 39.296585 -67.40015 77.71391
v 40.64708 -67.283356 76.76474
v 41.28781 -66.97111 76.94866
v 44.789185 -66.89603 76.22513
v 45.354355 -67.07495 75.96747
v 46.00583 -67.10093 76.197845
v 38.445343 -67.87577 78.0298
v 39.454865 -67.48271 77.31229
v 46.745117 -67.599144 75.68608
v 47.23137 -67.61114 75.99145
v 38.261444 -68.07187 77.56948
v 38.816177 -67.857346 77.32415
v 47.455627 -67.81232 75.73275
v 48.125534 -67.92606 76.25142
v 48.32779 -68.33788 75.42076
v 37.77133 -68.40615 77.859116
v 36.84291 -69.05307 78.14654
v 36.130127 -69.65861 78.17114
v 49.768524 -69.29453 75.07327
v 36.27437 -70.26631 79.4206
v 50.675842 -69.78201 75.31462
v 51.502945 -70.22606 75.586494
v 35.512405 -70.438995 77.98845
v 35.771378 -70.84556 78.90126
v 52.43547 -70.641045 76.460915
v 52.06488 -70.58812 74.62585
v 36.17502 -71.86838 79.47354
v 53.52028 -71.30465 76.36222
v 54.173065 -71.619606 75.07587
v 35.36873 -71.647804 78.32617
v 35.98349 -72.50198 79.04947
v 55.431274 -72.22335 74.79043
v 36.556656 -73.26757 79.3354
v 54.860474 -72.27953 76.51985
v 56.007294 -72.62048 74.94293
v 55.9917 -72.393456 74.536865
v 56.25821 -72.602234 74.612854
v 56.258133 -72.411026 74.26359
v 56.557114 -72.66492 74.314804
v 56.463852 -72.987015 74.98085
v 36.98355 -73.80252 79.477325
v 57.07979 -73.178856 74.318954
v 37.30458 -74.1905 79.556915
v 56.57257 -73.46725 75.67182
v 56.838684 -73.42803 75.14552
v 57.16559 -73.74897 75.17572
v 57.383987 -73.69288 74.734085
v 37.129166 -74.92782 78.82468
v 36.694626 -74.83632 78.42906
v 37.739777 -74.637436 79.688644
v 56.886444 -73.68909 75.5185
v 57.490524 -73.941475 74.96245
v 57.7166 -73.86654 74.412445
v 37.69661 -75.15876 79.23979
v 57.433823 -74.167694 75.417366
v 57.665604 -74.15159 74.998604
v 57.811234 -74.212555 74.84537
v 58.00049 -74.29607 74.6278
v 37.548965 -75.4218 78.83814
v 37.980255 -75.52508 79.143555
v 37.71765 -75.37716 79.077835
v 38.495148 -75.49993 79.62578
v 57.800827 -74.49844 75.29501
v 58.222183 -74.63123 74.72693
v 58.15457 -75.02688 75.45928
v 38.65619 -76.19567 78.98709
v 39.386063 -76.31824 79.65416
v 58.544373 -75.43466 75.316734
v 58.82802 -75.622246 75.00488
v 58.68483 -75.80961 75.56288
v 58.937225 -76.017845 75.29821
v 59.165924 -75.89442 74.631424
v 39.667328 -76.955795 79.037346
v 58.745117 -76.37284 76.121826
v 59.141037 -76.54084 75.3786
v 59.458725 -76.49372 74.663864
v 40.25908 -77.39549 78.995384
v 59.600723 -76.479 74.3734
v 59.641647 -76.80558 74.474915
v 39.854385 -77.63518 78.27452
v 40.728973 -77.51801 79.195244
v 58.927673 -77.43329 76.44362
v 40.414154 -77.78969 78.56972
v 41.05832 -77.98661 78.776505
v 59.432632 -77.23744 75.168396
v 41.776962 -78.26073 78.94235
v 41.383514 -78.5448 78.25794
v 42.017487 -78.70844 78.548386
v 42.76895 -79.20322 78.551926
v 59.700623 -78.90854 74.77649
v 43.428406 -79.4795 78.71318
v 43.11853 -79.694824 78.25958
v 59.269043 -78.59314 75.78076
v 43.29622 -79.93132 78.14734
v 43.680786 -79.81678 78.537506
v 44.32898 -79.969604 78.89676
v 43.99289 -80.25507 78.30061
v 59.077362 -79.54838 75.9276
v 59.31102 -79.8517 75.17147
v 44.669968 -80.66674 78.38765
v 58.900177 -80.10613 75.886665
v 45.254562 -81.090706 78.39437
v 44.904144 -81.270996 77.83622
v 58.46907 -80.68067 76.08814
v 58.819305 -80.767265 75.36451
v 45.587708 -81.57923 77.98419
v 58.032364 -81.02747 76.412415
v 58.12625 -81.28782 75.946205
v 58.35579 -81.356346 75.4887
v 46.53543 -82.1268 77.93667
v 57.786453 -81.52205 76.09435
v 57.92775 -81.69878 75.6582
v 47.32248 -82.44048 78.0797
v 56.64923 -82.14092 76.42851
v 57.216187 -82.151024 75.789375
v 55.486893 -82.402145 76.91365
v 55.713028 -82.36627 76.8268
v 56.134415 -82.23933 76.6971
v 56.410263 -82.472466 76.11357
v 47.76503 -82.87292 77.289764
v 52.366302 -82.83949 77.77478
v 52.572083 -83.14046 76.854614
v 53.57689 -83.09086 76.54375
v 54.41736 -82.78648 76.79143
v 55.5354 -82.79104 76.177376
v 48.905502 -83.023674 77.72235
v 50.282333 -83.31744 77.04686
v 51.655838 -83.16131 77.24759
v 42.239853 -67.02808 76.4592
v 43.055435 -67.122475 76.08058
v 43.978027 -66.95692 76.18909
v 39.956482 -67.26962 77.24148
v 40.247894 -67.43341 76.78455
v 41.565033 -67.50873 76.03662
v 44.662094 -67.43482 75.35632
v 41.453323 -68.09848 75.34465
v 45.67314 -67.54303 75.28373
v 38.20076 -68.22097 77.23003
v 38.391068 -68.25899 76.87535
v 39.585266 -67.87388 76.60698
v 40.610703 -67.82616 76.08482
v 38.70787 -68.404816 76.38328
v 39.272705 -68.38575 76.05664
v 39.786896 -68.36722 75.80902
v 47.832962 -68.11321 75.37047
v 37.987625 -68.5483 76.76806
v 47.911224 -68.326324 74.91593
v 48.932556 -68.770966 75.164764
v 36.30008 -69.35066 77.164566
v 37.116425 -69.013626 76.73944
v 48.662064 -68.877815 74.378006
v 35.584732 -69.78984 76.79656
v 49.57086 -69.51646 73.85994
v 35.093964 -70.35299 76.83053
v 50.227005 -69.80913 74.03105
v 51.152893 -70.273155 73.917694
v 51.82457 -70.57778 73.60351
v 34.590607 -71.556076 77.10063
v 52.50508 -70.88006 73.18396
v 53.036423 -71.0281 74.859726
v 53.590805 -71.239006 73.50686
v 54.700714 -71.62382 73.30003
v 35.059113 -72.47847 77.8629
v 34.694397 -72.181694 77.29351
v 35.46225 -72.66939 78.36615
v 34.870926 -72.87718 77.293045
v 35.17543 -72.957726 77.874146
v 56.45717 -72.17011 73.22941
v 56.500626 -72.16129 72.86766
v 35.49655 -73.265305 78.154465
v 35.190033 -73.38074 77.566795
v 35.868835 -73.09145 78.69702
v 56.00844 -72.22645 74.08383
v 56.4263 -72.318954 73.734726
v 35.92807 -73.66692 78.409424
v 35.501266 -73.68597 77.85849
v 56.76407 -72.6273 73.90321
v 36.53282 -74.32743 78.62663
v 36.165054 -74.65233 77.94957
v 36.0365 -74.752945 77.67457
v 36.492157 -75.17641 77.72511
v 58.59973 -73.9139 72.55142
v 58.379684 -74.26229 73.79831
v 58.927505 -74.171234 72.408905
v 37.187805 -75.5315 78.26567
v 58.7265 -75.08904 74.44682
v 58.8154 -74.69479 73.71307
v 37.726288 -75.905235 78.412964
v 59.04875 -74.950424 73.65004
v 59.306015 -75.06472 73.3074
v 59.48552 -75.31509 73.30085
v 59.606293 -75.152824 72.7603
v 37.96196 -76.490944 77.765656
v 37.176437 -76.050934 77.414154
v 59.305542 -75.44601 73.80236
v 59.72151 -75.676575 73.22759
v 38.661163 -77.20562 77.40846
v 59.66989 -76.31701 73.97776
v 59.912277 -76.1101 73.30609
v 60.048233 -76.00837 72.845184
v 39.3759 -77.47868 77.974
v 60.50612 -77.32248 72.895004
v 40.101273 -78.10011 77.82381
v 40.537582 -78.099976 78.23321
v 39.354965 -77.96521 77.04724
v 39.920853 -78.48183 76.93402
v 40.667603 -78.50963 77.70715
v 59.959015 -77.75698 74.14413
v 60.447113 -78.08404 73.22043
v 60.2623 -78.41257 73.67641
v 60.414032 -78.59627 73.31065
v 60.134064 -78.52243 73.93335
v 41.550735 -79.26081 77.40222
v 42.51834 -79.75137 77.76805
v 59.989853 -78.7785 74.19545
v 42.16658 -80.05977 76.9935
v 42.98079 -80.016335 77.872375
v 42.684967 -80.17357 77.467575
v 42.97618 -80.27919 77.58316
v 43.381165 -80.22551 77.89551
v 59.79593 -79.521194 74.35236
v 42.9765 -80.63722 76.95839
v 43.812057 -80.638084 77.712265
v 59.544357 -80.27054 74.326904
v 44.084747 -81.377144 76.860565
v 44.865112 -81.5743 77.35231
v 59.12462 -80.9263 74.535034
v 59.044067 -81.470825 73.86938
v 58.62317 -81.53753 74.79037
v 58.864227 -81.517715 74.34249
v 44.887222 -81.98068 76.567314
v 45.798462 -82.17748 77.06602
v 58.395676 -81.98897 74.56938
v 58.571686 -82.02223 73.9763
v 46.223526 -82.430695 76.932144
v 58.065857 -81.99604 75.0108
v 58.185654 -82.27952 74.383316
v 46.807343 -82.674355 76.86157
v 47.308273 -83.00205 76.357376
v 47.693344 -83.09961 76.43779
v 48.18628 -83.21172 76.39319
v 56.390747 -82.79444 75.54771
v 56.797363 -82.90316 74.94352
v 49.053757 -83.40745 76.21295
v 49.586945 -83.54185 76.01961
v 55.309265 -83.23607 75.482376
v 55.814453 -83.33643 74.77535
v 56.765884 -83.16987 74.32138
v 49.863525 -83.64194 75.709236
v 50.417755 -83.69093 75.59989
v 51.4785 -83.573746 75.90466
v 52.928406 -83.55806 75.56735
v 54.49698 -83.37624 75.48447
v 42.38852 -67.74657 75.41823
v 43.537415 -67.575424 75.30317
v 45.121185 -67.97824 74.50341
v 40.293274 -68.40426 75.50937
v 40.868134 -68.59945 74.997246
v 43.04486 -68.17588 74.64276
v 44.096848 -68.166504 74.36336
v 46.066498 -68.174545 74.282715
v 39.083878 -68.855804 75.49045
v 39.980072 -68.82399 75.11856
v 41.271957 -68.81106 74.55639
v 41.936203 -68.88109 74.224266
v 43.240417 -68.6017 74.04852
v 47.26892 -68.26048 74.58769
v 38.014725 -69.01426 75.81526
v 41.00305 -68.89252 74.570305
v 41.31981 -68.9071 74.418945
v 46.582855 -68.60824 73.5208
v 48.134262 -68.67248 74.333954
v 36.215134 -69.56631 76.064255
v 38.53267 -69.338585 75.015015
v 48.051346 -69.0587 73.26823
v 48.486572 -68.9839 73.85631
v 49.017334 -69.18294 74.041824
v 35.178528 -70.11372 76.21165
v 35.376465 -69.84598 76.091064
v 35.587708 -69.74254 76.059875
v 49.228363 -69.43903 73.55498
v 48.869934 -69.551605 72.822044
v 49.35565 -69.61688 73.19862
v 49.256424 -69.76958 72.6288
v 34.885376 -70.955475 77.17163
v 49.716873 -69.93152 72.77626
v 50.440857 -70.22019 72.819496
v 34.539917 -71.195984 76.66946
v 34.808517 -70.917564 76.0405
v 50.934128 -70.48948 72.44277
v 34.369003 -71.574165 76.40398
v 51.58104 -70.680756 72.56247
v 52.141113 -70.99043 71.83977
v 52.625107 -71.038574 72.1243
v 53.171753 -71.17712 72.25839
v 34.354187 -71.96801 76.6857
v 54.618393 -71.61988 71.87932
v 55.19957 -71.72095 72.42757
v 34.486877 -72.54707 76.41327
v 55.894394 -72.00511 73.09216
v 56.63118 -72.29802 71.933716
v 56.88713 -72.505066 73.179276
v 57.216354 -72.598236 72.449646
v 57.43599 -72.68408 71.75584
v 35.321686 -73.7482 77.44601
v 57.748642 -73.20924 72.876724
v 57.84532 -72.96214 71.77672
v 57.761414 -72.873566 70.96768
v 35.06392 -73.567726 76.69262
v 58.272873 -73.38331 71.48082
v 35.739166 -74.22807 77.61652
v 35.920334 -74.81431 77.24798
v 35.59822 -74.548065 76.41214
v 36.00917 -75.1599 76.63866
v 59.03946 -74.172195 71.69155
v 59.073486 -74.54698 72.86771
v 36.32675 -75.61127 76.53349
v 59.34839 -74.54516 72.122574
v 36.641785 -75.82264 76.96547
v 59.51622 -74.7984 72.304504
v 59.782257 -75.07394 72.10397
v 36.740402 -76.197556 76.06648
v 59.89171 -75.297226 72.251465
v 59.97873 -75.60622 72.4682
v 37.704468 -76.82772 76.55337
v 38.212357 -77.27792 76.47384
v 38.417755 -77.45242 76.421394
v 60.169693 -76.6129 73.109604
v 38.718582 -77.70833 76.284164
v 60.557648 -76.85836 72.4081
v 39.010773 -78.00962 76.12077
v 60.703934 -77.134346 72.33056
v 39.204895 -78.23699 75.93516
v 60.7379 -77.32331 72.33561
v 39.500626 -78.42153 76.36508
v 39.75453 -78.69707 76.00742
v 60.722977 -77.791855 72.41728
v 60.922104 -78.22132 71.65077
v 40.393524 -78.989586 76.442924
v 60.613037 -78.766914 72.58751
v 40.936478 -79.50461 76.06122
v 60.203644 -79.15211 73.55271
v 60.399628 -79.483665 72.79526
v 60.548584 -79.79519 71.92219
v 41.516373 -79.876366 76.24846
v 60.103546 -80.15493 72.87306
v 42.07672 -80.439354 75.942566
v 59.85678 -80.02513 73.780365
v 42.728928 -81.01544 75.73793
v 60.206635 -80.46433 72.03242
v 43.28125 -81.2732 76.08073
v 43.55754 -81.517044 75.9241
v 43.74266 -81.6422 75.88249
v 59.784744 -81.067245 72.12002
v 44.35663 -81.78416 76.47058
v 59.520233 -80.86335 73.51414
v 59.0063 -81.84431 72.73105
v 44.188263 -81.89502 75.88693
v 44.61052 -82.19267 75.75143
v 44.916733 -82.330536 75.72449
v 45.68927 -82.57491 75.771194
v 58.13118 -82.488235 73.9218
v 58.0067 -82.74914 72.91983
v 46.7473 -83.00551 75.49138
v 47.538803 -83.214966 75.62641
v 57.535736 -82.70502 74.32262
v 48.235367 -83.48332 74.93207
v 49.247147 -83.67581 75.031525
v 56.65222 -83.412605 73.24797
v 49.92859 -83.82274 74.79683
v 50.683807 -83.90151 74.506355
v 53.521667 -83.90641 74.13057
v 54.73346 -83.78224 74.3089
v 55.20952 -83.83794 73.461334
v 51.947662 -83.909676 74.38565
v 54.392044 -83.994255 73.65292
v 43.08998 -68.9919 73.64478
v 43.939606 -68.86625 73.48842
v 45.00096 -68.664505 73.476105
v 45.912994 -68.70288 73.25991
v 40.50766 -69.10029 74.53604
v 41.095276 -69.07643 74.31876
v 42.781143 -69.30536 73.42213
v 44.451065 -69.05404 73.06483
v 45.49672 -69.096886 72.671196
v 46.258102 -69.07213 72.62703
v 47.270294 -68.93878 73.1122
v 37.13141 -69.398636 75.642395
v 37.80159 -69.56952 74.96737
v 38.443375 -69.647484 74.58322
v 39.398224 -69.58163 74.35931
v 40.70984 -69.60676 73.86015
v 43.43309 -69.35061 73.11334
v 47.801468 -69.56965 71.93316
v 38.089767 -70.106155 74.09448
v 42.36743 -69.619484 73.23804
v 42.972336 -69.68969 72.92775
v 48.465454 -69.245094 73.193756
v 35.555573 -70.17523 75.53747
v 36.79399 -69.99947 74.894394
v 37.62889 -70.37297 73.865234
v 39.01451 -70.136925 73.765366
v 48.622375 -69.95411 71.52018
v 49.01088 -69.810814 72.23487
v 35.246048 -70.877205 75.14809
v 37.161377 -70.48577 74.0091
v 49.17981 -70.02365 71.887634
v 50.01364 -70.36125 71.88927
v 50.83754 -70.583725 71.92886
v 51.01544 -70.73292 71.69293
v 35.040207 -71.64914 74.96978
v 51.989883 -71.248604 70.81814
v 52.670044 -71.27778 71.20793
v 34.276154 -72.013115 76.28935
v 53.95552 -71.378365 72.40807
v 34.46544 -71.978195 75.79785
v 54.593872 -71.923996 70.6066
v 55.510696 -71.96203 71.459915
v 34.469864 -72.57852 75.71777
v 55.297028 -72.21334 70.193634
v 34.695175 -73.0698 75.76118
v 34.799026 -72.64123 75.12465
v 57.164337 -72.63187 70.51184
v 57.638077 -72.82538 70.32331
v 57.97737 -73.22695 70.042435
v 35.293625 -73.85907 75.07776
v 58.68451 -73.806274 70.44816
v 59.660126 -74.79697 71.498276
v 36.026688 -75.389626 75.136665
v 60.064224 -75.206726 70.598145
v 36.473618 -76.14167 75.314545
v 60.095367 -75.44347 71.59169
v 36.7218 -76.41366 75.32674
v 37.226486 -76.73944 75.21197
v 38.11998 -77.34479 75.51476
v 60.369003 -76.22945 72.02967
v 38.80081 -77.906075 75.137024
v 60.83542 -77.22425 71.522766
v 39.429382 -78.50131 75.701866
v 39.226974 -78.321526 75.08541
v 39.96367 -78.95976 75.430786
v 39.60121 -78.62675 74.97444
v 39.932617 -78.91332 74.60637
v 40.06761 -79.12506 75.03433
v 40.197403 -79.25818 75.002174
v 40.382355 -79.32271 75.38695
v 40.428192 -79.419754 74.85252
v 60.916718 -79.04545 71.37134
v 60.980835 -79.4991 70.3972
v 41.16635 -79.914 74.718605
v 60.849014 -79.600204 71.22908
v 60.710587 -79.985 71.00099
v 42.276947 -80.866554 74.80484
v 43.33922 -81.63033 74.749664
v 60.235336 -80.67776 71.02655
v 59.802612 -81.311325 71.16472
v 59.332153 -81.79229 71.281654
v 44.555634 -82.35691 74.78186
v 45.270294 -82.750046 74.27765
v 46.057144 -83.00354 74.219025
v 58.46936 -82.56846 71.2666
v 47.134018 -83.32822 74.141785
v 47.91095 -83.59632 73.51737
v 57.83104 -83.08849 71.66026
v 48.728912 -83.750534 73.71077
v 49.5336 -83.88705 73.92153
v 50.03607 -83.94105 74.12574
v 50.148956 -83.99776 73.442474
v 56.582657 -83.61728 71.92201
v 57.320724 -83.33025 72.16843
v 51.04698 -84.04128 73.44549
v 52.09674 -84.0766 72.81601
v 53.903122 -84.05317 72.683075
v 55.390503 -83.86303 72.06322
v 44.050842 -69.31999 72.89259
v 44.67244 -69.406845 72.53032
v 46.63713 -69.49908 71.82076
v 40.046402 -69.952126 73.69292
v 40.400543 -70.019875 73.495285
v 43.598297 -69.93898 72.37894
v 44.41678 -70.08803 71.7618
v 37.725983 -70.63106 73.558525
v 39.019745 -70.69313 73.08846
v 39.526245 -70.14629 73.611305
v 40.052124 -70.2776 73.2889
v 40.65779 -70.12127 73.27904
v 41.486664 -69.98652 73.13742
v 42.574966 -70.19108 72.52037
v 43.097717 -70.368645 72.13301
v 43.31639 -70.427124 71.96739
v 43.669205 -70.47763 71.70436
v 45.470016 -69.725395 71.73043
v 46.06363 -70.03532 70.87993
v 48.060745 -70.20755 70.53267
v 48.505325 -70.18602 70.82237
v 49.517166 -70.306206 71.54327
v 36.97757 -71.01991 73.53711
v 40.49414 -70.5725 72.77867
v 41.53772 -70.77729 72.20303
v 49.77156 -70.83614 70.63723
v 50.539017 -70.60424 71.68045
v 36.035248 -71.038956 74.31245
v 37.673416 -71.28881 72.91715
v 51.47812 -71.03433 71.17438
v 52.242752 -71.53791 70.20909
v 52.889236 -71.68789 70.21811
v 53.655457 -71.55337 71.138084
v 53.644363 -72.17867 69.545715
v 35.629486 -72.650024 73.79462
v 54.711456 -72.336044 69.56664
v 56.144516 -72.46359 70.14899
v 55.898026 -72.757706 69.199104
v 56.74089 -72.73966 69.644
v 57.161682 -72.84823 69.619545
v 57.507507 -72.87231 69.908966
v 57.44165 -73.17257 69.28018
v 35.782288 -74.10127 73.571434
v 57.8031 -73.49297 69.13411
v 35.62874 -74.61696 74.40197
v 35.84059 -74.929855 73.94803
v 36.1763 -74.92442 73.08141
v 36.105118 -75.382286 73.7429
v 59.481934 -74.61908 70.03757
v 60.073654 -75.48046 68.83232
v 60.14081 -75.29813 69.84804
v 36.641342 -76.26715 74.74516
v 36.526077 -75.93121 73.736015
v 37.215195 -76.58753 73.90174
v 37.691483 -77.046 74.525734
v 60.645523 -76.2434 68.88431
v 38.308258 -77.27963 73.647736
v 60.582886 -76.12499 70.2036
v 61.03868 -77.064995 68.96402
v 38.810837 -77.844604 74.16059
v 61.109528 -77.2786 70.020294
v 39.053223 -78.10284 74.43086
v 39.340942 -78.32602 74.31751
v 39.774567 -78.51671 73.610535
v 61.303467 -77.68193 69.443474
v 40.261765 -79.0721 73.89751
v 40.245514 -78.84486 73.17013
v 61.199356 -78.3405 70.14624
v 61.31996 -78.00471 68.84969
v 40.18109 -79.18978 74.64768
v 40.513214 -79.4138 74.40137
v 40.6158 -79.18795 73.03849
v 61.28038 -78.77888 68.71335
v 40.732193 -79.48266 73.81653
v 41.02945 -79.742096 73.68146
v 40.9225 -79.53396 73.11606
v 61.183044 -79.22657 69.418755
v 61.123795 -79.43088 68.7221
v 41.372787 -79.96522 73.04433
v 60.817444 -79.91075 69.24118
v 42.10173 -80.71941 73.47922
v 60.64096 -80.20504 70.217384
v 42.57727 -81.18501 74.12123
v 60.118103 -80.753136 69.39468
v 42.774673 -81.3066 73.47841
v 43.235764 -81.63178 73.084175
v 43.980988 -82.181145 73.96992
v 43.756058 -82.03929 73.22666
v 58.951874 -82.10362 70.236626
v 44.860397 -82.65822 73.7794
v 44.424026 -82.40965 73.22788
v 45.323822 -82.80427 72.96496
v 58.055435 -82.839966 70.54054
v 46.327164 -83.20853 72.83212
v 47.29756 -83.492966 72.59727
v 57.853638 -83.037415 70.90852
v 57.1286 -83.36528 71.104996
v 48.29976 -83.72618 72.46498
v 49.318863 -83.913994 72.71088
v 54.964767 -83.82139 70.81468
v 56.041534 -83.67307 71.02558
v 50.476685 -83.99314 72.273544
v 51.31369 -84.007805 71.57373
v 52.49315 -84.04242 71.41861
v 53.968674 -83.984825 71.272415
v 46.850616 -69.85397 70.99373
v 47.276978 -70.091805 70.48296
v 44.78569 -70.31904 71.2154
v 45.213913 -70.43623 70.77965
v 45.68976 -70.65288 70.151924
v 46.471954 -70.323746 70.162506
v 47.511322 -70.35456 69.98201
v 43.57643 -70.83936 71.3169
v 44.155365 -70.612434 71.24146
v 44.540665 -70.75112 70.815414
v 46.059418 -70.73113 69.77377
v 46.429123 -70.80899 69.56529
v 47.042816 -70.555466 69.71947
v 48.23883 -70.53676 69.983284
v 48.804214 -70.448616 70.60186
v 42.858597 -70.81 71.69953
v 43.305786 -71.0596 71.20752
v 43.80995 -71.11574 70.86485
v 45.725998 -71.42266 69.41206
v 48.363693 -70.83389 69.635605
v 38.539 -71.61548 72.19743
v 40.114044 -71.44003 71.87204
v 40.7462 -71.72033 71.374344
v 41.622314 -71.52679 71.35326
v 42.90773 -71.389404 71.04009
v 50.695816 -71.16094 70.462685
v 36.583313 -71.855484 73.0936
v 37.48433 -72.04827 72.27562
v 38.5336 -72.493996 71.39639
v 51.473892 -71.56521 69.83948
v 36.118805 -72.556496 72.87134
v 50.740555 -71.719826 69.366486
v 51.07242 -71.92677 69.02623
v 51.47177 -72.02556 68.971344
v 35.906693 -72.858955 72.92642
v 36.20015 -72.9093 72.54373
v 36.701614 -72.56549 72.36324
v 52.27913 -72.05949 69.2286
v 52.88359 -72.59168 68.61122
v 36.655014 -73.245415 72.150116
v 54.366592 -72.60347 68.95738
v 54.83969 -72.63823 69.02423
v 55.36174 -72.609085 69.30073
v 36.03752 -73.333496 72.80257
v 55.603912 -72.9493 68.77011
v 55.939545 -72.98374 68.81128
v 56.26436 -72.88139 69.14255
v 56.811066 -73.10838 68.99927
v 36.600998 -74.18515 72.289566
v 58.446655 -73.997055 69.14273
v 36.878677 -75.23052 72.27783
v 59.23886 -74.73667 68.6696
v 36.418976 -75.5019 73.05184
v 36.825912 -75.857506 72.78726
v 37.112152 -75.79884 72.33246
v 36.95117 -76.20486 73.19171
v 59.43535 -75.21667 67.99833
v 37.47171 -76.29782 72.661385
v 59.867264 -75.67304 67.90515
v 38.80153 -77.261604 72.48508
v 38.36862 -76.59716 72.096886
v 38.906235 -77.58233 72.94575
v 39.09024 -77.939255 73.585266
v 39.484283 -77.73872 72.30495
v 40.367264 -78.6069 72.219635
v 40.839355 -79.37546 72.814514
v 61.284058 -78.31062 68.27492
v 60.96019 -77.72449 68.00251
v 40.977997 -79.37978 72.320145
v 60.837677 -79.74661 68.40958
v 41.989456 -80.38283 72.20421
v 60.250763 -80.2159 68.38672
v 59.82173 -80.70696 68.53324
v 43.665863 -81.77868 72.08374
v 59.531937 -81.04625 68.6859
v 59.50264 -81.37266 69.22736
v 58.80641 -81.51361 68.67457
v 59.643753 -81.46303 70.22509
v 44.09114 -82.16368 72.496765
v 59.145737 -81.77401 69.4897
v 44.630096 -82.12253 71.6668
v 58.559723 -82.08076 69.4011
v 45.805893 -83.010284 72.290634
v 45.52008 -82.69495 71.75612
v 58.209503 -82.51929 70.02656
v 46.7184 -83.3286 72.14287
v 46.257492 -83.06703 71.7789
v 47.195633 -83.30846 71.56211
v 56.784973 -82.91904 69.47535
v 57.4523 -82.94602 70.107124
v 47.771713 -83.57967 71.9233
v 55.711243 -83.42149 69.85562
v 55.77997 -83.28111 69.62145
v 56.35344 -83.317795 70.0309
v 56.092224 -83.06035 69.38176
v 56.431076 -83.11186 69.54972
v 48.84166 -83.821335 71.97273
v 49.4216 -83.840096 71.70992
v 48.45845 -83.554756 71.33551
v 53.970352 -83.76125 70.2777
v 54.723083 -83.61125 70.04592
v 55.51265 -83.58507 70.22002
v 55.141266 -83.30446 69.54471
v 50.183655 -83.579216 70.63368
v 51.425095 -83.93345 70.958885
v 52.967926 -83.86346 70.45585
v 47.74437 -70.76312 69.53087
v 44.62407 -71.30408 70.19733
v 47.73204 -71.33663 68.95863
v 46.974 -71.35723 69.03621
v 48.159714 -71.243965 69.11415
v 48.883408 -71.29744 69.413956
v 39.03157 -72.03476 71.56655
v 39.773453 -72.0117 71.346756
v 40.33513 -71.88788 71.310814
v 40.880386 -71.9758 71.11699
v 41.486008 -72.05805 70.93791
v 42.303802 -71.95783 70.787735
v 43.414703 -71.818 70.439026
v 44.022858 -72.000496 69.97787
v 49.062683 -71.92809 68.759636
v 38.17932 -72.20371 71.75991
v 39.330383 -72.414825 71.179474
v 40.169724 -72.23756 71.07575
v 40.82756 -72.40372 70.869064
v 41.646225 -72.46964 70.66962
v 48.982788 -72.24431 68.44043
v 49.390488 -72.25456 68.54601
v 49.86563 -71.78118 69.19692
v 51.158478 -72.163025 68.7037
v 38.785217 -72.98156 71.13125
v 39.8956 -72.730064 70.92024
v 42.565323 -72.55708 70.349625
v 43.515976 -72.52442 69.92587
v 48.96083 -72.50161 68.26708
v 49.27327 -72.4665 68.3346
v 50.680054 -72.2637 68.66696
v 37.63765 -72.835884 71.68477
v 40.760513 -73.04162 70.66887
v 41.731613 -72.9625 70.44731
v 42.92836 -72.97432 70.00136
v 43.332474 -73.09031 69.731964
v 43.76866 -72.95636 69.53812
v 51.552414 -72.510544 68.4823
v 52.252716 -72.52823 68.53835
v 38.76169 -73.512474 71.02815
v 39.528168 -73.39027 70.86429
v 42.919952 -73.44556 69.777435
v 50.84784 -72.95863 68.156395
v 52.380127 -72.98856 68.13497
v 53.062668 -72.97503 68.19342
v 53.728806 -72.86677 68.460976
v 37.23456 -73.61301 71.70862
v 38.074783 -73.55206 71.288246
v 42.225998 -73.409454 70.11537
v 54.0123 -73.24299 68.06963
v 54.794266 -73.04966 68.448
v 37.54869 -74.207375 71.545334
v 38.760468 -74.18207 71.06226
v 40.231216 -74.03554 70.61856
v 41.299454 -73.534256 70.396255
v 42.56926 -74.21472 69.614044
v 51.550934 -73.2118 67.98957
v 54.197678 -73.620125 67.74996
v 54.940414 -73.609146 67.83222
v 37.143906 -74.67129 71.83269
v 39.497726 -74.74436 70.826065
v 53.248444 -73.470184 67.82599
v 55.230957 -73.98585 67.52779
v 55.87056 -73.41237 68.2988
v 41.4113 -74.4346 70.10743
v 54.525238 -74.11834 67.34161
v 54.94516 -74.44937 67.10669
v 57.24614 -73.86643 68.33516
v 37.797394 -75.00031 71.56331
v 55.83438 -74.549225 67.24196
v 37.512207 -75.725 71.986725
v 38.775192 -75.13682 71.150696
v 39.43492 -75.33513 70.88704
v 40.255173 -75.167175 70.50533
v 37.85913 -76.12328 72.00805
v 38.250504 -75.81499 71.58814
v 38.980408 -75.8162 71.18193
v 57.20703 -74.913994 67.27661
v 57.950577 -75.10984 67.25481
v 58.419525 -74.78689 67.82173
v 38.68251 -76.2662 71.51103
v 39.659515 -75.90867 70.84114
v 56.93628 -75.46822 66.88144
v 58.35634 -75.290344 67.25885
v 38.78775 -76.59241 71.60932
v 39.176407 -76.45451 71.25816
v 39.395935 -76.850334 71.268005
v 39.856842 -76.68844 70.87731
v 59.170547 -75.82615 67.34231
v 39.058853 -76.97878 71.72417
v 58.568207 -76.43295 66.90995
v 39.613968 -77.20339 71.37019
v 59.237198 -76.74455 66.99451
v 59.866898 -76.73382 67.23891
v 60.374603 -76.464294 67.94958
v 40.417725 -77.66157 70.924545
v 58.548615 -77.45885 66.865845
v 59.655045 -77.57618 67.09972
v 40.66661 -78.49244 71.24782
v 60.36566 -77.324646 67.417816
v 40.87288 -78.93699 71.46933
v 41.120956 -78.67816 70.60435
v 41.35576 -79.4067 71.19734
v 60.3452 -78.25669 67.44405
v 41.556747 -79.314095 70.48923
v 61.001404 -78.611664 67.92624
v 41.56299 -79.873184 71.86299
v 42.22937 -80.04824 70.728165
v 60.40204 -79.15184 67.641815
v 60.97577 -79.27368 68.1348
v 59.026062 -79.14212 67.28299
v 60.566956 -79.67602 67.96353
v 59.94774 -79.79128 67.75349
v 42.807632 -81.07796 72.08608
v 43.27806 -80.896614 70.6561
v 57.82286 -80.24876 67.37814
v 58.52716 -80.36617 67.568115
v 58.555023 -80.76736 67.73688
v 43.396698 -81.387474 71.398346
v 44.144775 -81.10568 70.2171
v 57.264618 -81.04721 67.689064
v 56.962494 -80.5775 67.3528
v 56.81894 -81.03244 67.57298
v 58.041412 -80.93955 67.7485
v 58.5114 -81.023735 67.89044
v 59.187393 -80.61378 67.98356
v 43.908875 -81.539955 71.05348
v 44.44075 -81.58282 70.71814
v 45.145554 -81.361725 70.166985
v 45.9617 -82.00201 70.390976
v 56.807938 -81.23461 67.70809
v 57.559647 -81.47281 68.07878
v 58.168427 -81.42704 68.17819
v 58.66861 -81.1875 68.11265
v 46.36763 -82.147705 70.288284
v 56.30072 -81.788 68.0574
v 56.76242 -81.98269 68.36188
v 56.91362 -81.58328 68.03388
v 45.40805 -82.1995 70.98567
v 46.50377 -82.47682 70.55823
v 46.83513 -82.18716 70.07321
v 47.679153 -82.011734 69.349144
v 45.9915 -82.60161 71.07237
v 48.04129 -82.53794 69.69258
v 54.711594 -82.315056 68.245125
v 56.36081 -82.24874 68.53024
v 46.645004 -82.90496 71.05937
v 48.819748 -82.79443 69.681854
v 53.53781 -82.56609 68.37749
v 54.24135 -82.51917 68.38968
v 55.574295 -82.67643 68.80966
v 56.45926 -82.71015 69.05526
v 57.470657 -82.173805 68.86936
v 47.592957 -82.826866 70.41533
v 48.709457 -83.25006 70.48464
v 50.242798 -82.74024 69.03055
v 51.559235 -83.22296 69.389175
v 52.80905 -83.20784 69.17748
v 52.298203 -82.74611 68.563644
v 54.621536 -82.82749 68.82596
v 55.219833 -82.99982 69.11365
v 55.561066 -83.094795 69.293106
v 56.44812 -82.98629 69.35315
v 52.439163 -83.5904 69.793976
v 53.21147 -83.59853 69.78566
v 53.988876 -83.30543 69.40994
v 51.81456 -83.77684 70.39527
v 46.223526 -72.095764 68.66414
v 46.963257 -72.132774 68.45121
v 45.449112 -72.387535 68.825424
v 46.50798 -72.58327 68.22212
v 48.100647 -72.124344 68.464096
v 44.486206 -72.46769 69.38556
v 45.85948 -72.9144 68.26319
v 47.096985 -72.647865 68.09025
v 48.189575 -72.96106 67.89714
v 48.68782 -72.82557 68.03974
v 43.996918 -73.137054 69.28222
v 45.03755 -73.20733 68.53548
v 49.649063 -72.90625 68.159515
v 44.235794 -73.52299 68.88198
v 44.70172 -73.95493 68.30716
v 46.502594 -73.23331 67.83304
v 47.471237 -73.240074 67.69171
v 49.25807 -73.57893 67.77057
v 43.480453 -73.66992 69.325386
v 43.836746 -73.98048 68.90381
v 48.46321 -73.69662 67.49112
v 49.137527 -73.96612 67.54823
v 49.721375 -73.823875 67.72005
v 52.159103 -73.6912 67.69544
v 43.091415 -74.381645 69.23427
v 43.50241 -74.42762 68.92322
v 44.10132 -74.32689 68.52747
v 49.419327 -74.265366 67.45239
v 49.921997 -74.3834 67.42748
v 50.83914 -73.97818 67.59985
v 52.78328 -74.12134 67.410774
v 43.687347 -74.99045 68.53346
v 44.134415 -74.80723 68.26885
v 52.07541 -74.46709 67.27489
v 52.762665 -74.726746 67.065994
v 41.994553 -75.064186 69.617714
v 44.1662 -75.300446 68.09508
v 49.4778 -74.702515 67.17241
v 53.54695 -74.35111 67.22281
v 54.21312 -74.92114 66.79385
v 54.90381 -74.91873 66.77668
v 41.991394 -75.66838 69.45067
v 42.787094 -75.26494 69.08389
v 52.306213 -75.13549 66.88984
v 54.483368 -75.26405 66.54109
v 41.194366 -75.858986 69.90277
v 51.429276 -75.2518 66.882034
v 54.738434 -75.425896 66.47931
v 55.217163 -75.199356 66.67244
v 55.621765 -75.33391 66.692474
v 56.302963 -75.316284 66.840935
v 40.303253 -76.041824 70.45444
v 55.809494 -75.81644 66.53531
v 40.971603 -76.57156 69.94837
v 42.81346 -76.321236 68.792854
v 56.532608 -76.09815 66.620514
v 40.589325 -76.64522 70.30907
v 40.905106 -77.066826 70.08548
v 41.27495 -76.74578 69.75505
v 42.01599 -76.55273 69.31152
v 57.763947 -75.76615 66.93956
v 42.06752 -77.54314 69.258286
v 42.78717 -77.3427 68.75863
v 57.15927 -76.64924 66.63784
v 41.408844 -77.6952 69.83914
v 57.90454 -76.699455 66.75661
v 41.56064 -78.6591 69.93656
v 56.22 -77.429695 66.37657
v 55.448273 -78.24068 66.12055
v 57.40033 -77.46014 66.639336
v 41.46663 -79.00851 70.199814
v 42.225998 -78.512726 69.341064
v 55.9787 -78.23509 66.31447
v 56.24521 -78.23448 66.405594
v 43.141235 -78.49232 68.66447
v 56.029892 -79.00163 66.45604
v 56.775894 -78.25819 66.554146
v 57.74881 -78.451744 66.8193
v 41.851044 -79.21525 70.002716
v 42.38942 -79.47655 69.68864
v 42.99951 -79.38172 69.080215
v 43.24649 -79.924355 69.22939
v 46.1008 -79.66562 68.533516
v 57.000336 -79.00937 66.74816
v 42.875748 -79.97823 69.645424
v 44.510056 -79.79821 68.833374
v 45.5 -79.671745 68.63241
v 45.81143 -79.978966 68.81761
v 46.56929 -79.755035 68.38684
v 42.97493 -80.37168 70.06877
v 43.628677 -80.355804 69.566086
v 44.5502 -80.62492 69.53859
v 45.357437 -80.36319 69.178085
v 57.626404 -79.46702 67.03467
v 45.734146 -80.808784 69.46594
v 46.203217 -80.31694 68.92549
v 56.772354 -79.85062 66.96676
v 57.30179 -80.05557 67.171646
v 46.657196 -80.70627 68.976105
v 47.064087 -80.247215 68.33185
v 56.48996 -80.475075 67.17977
v 47.135834 -81.12147 68.939316
v 47.595963 -80.744194 68.22121
v 55.932175 -80.22428 66.87538
v 46.236816 -81.226395 69.58817
v 48.056656 -81.27981 68.27242
v 53.53012 -81.413734 66.95207
v 54.311768 -81.39319 67.14138
v 54.22751 -81.184044 66.86601
v 54.90364 -80.90085 66.87393
v 46.396942 -81.856964 70.02699
v 54.039307 -81.70726 67.42455
v 54.74539 -81.70722 67.60324
v 55.49199 -81.49153 67.58257
v 56.258606 -81.125305 67.51111
v 46.815445 -81.68471 69.6322
v 49.047104 -81.93243 68.32858
v 50.716156 -82.079765 67.89812
v 52.319122 -82.02474 67.62484
v 53.436447 -81.92522 67.57452
v 54.101593 -82.09502 67.8889
v 55.914764 -81.62412 67.81614
v 48.334305 -82.35477 69.27286
v 54.13896 -82.36933 68.20231
v 55.588104 -81.994995 68.0905
v 51.396973 -82.59026 68.46014
v 46.62297 -73.95968 67.285675
v 47.353363 -74.0946 67.05996
v 48.30034 -74.36602 66.99645
v 45.56845 -74.10354 67.70722
v 46.203873 -74.58921 66.963005
v 46.76288 -74.46569 66.82827
v 47.11989 -74.61049 66.66143
v 47.7424 -74.564285 66.7455
v 48.211853 -74.677376 66.76335
v 44.608154 -74.6593 68.03285
v 45.740677 -74.93424 67.0807
v 46.09752 -75.001945 66.77309
v 47.956146 -74.99341 66.526
v 48.279785 -74.94661 66.64106
v 48.748306 -74.5759 67.04117
v 47.19902 -74.86053 66.50854
v 49.1481 -75.13665 66.80049
v 45.979187 -75.43322 66.812744
v 49.198746 -75.63253 66.49109
v 45.061096 -75.526276 67.49518
v 46.71524 -75.76416 66.42638
v 49.552948 -75.936874 66.36667
v 50.04944 -75.25942 66.8503
v 52.14499 -75.636604 66.63003
v 43.463028 -75.887596 68.4371
v 44.15175 -76.0243 67.974915
v 45.183044 -76.371956 67.39163
v 49.49858 -76.30268 66.13988
v 52.235138 -76.00052 66.41138
v 52.953903 -75.65587 66.50621
v 53.32573 -76.4087 66.00389
v 45.87932 -76.34061 66.95901
v 49.920944 -76.23289 66.25051
v 50.73123 -76.18211 66.3553
v 51.648727 -76.14677 66.377655
v 53.640762 -76.561935 65.90475
v 43.144547 -76.58742 68.52411
v 43.647522 -76.81561 68.22328
v 44.57242 -76.667816 67.74754
v 45.871185 -76.97578 67.14035
v 46.41638 -77.18056 66.842224
v 46.73259 -76.522316 66.39839
v 46.948853 -77.033134 66.31409
v 52.102905 -76.53778 66.10428
v 53.320755 -76.88949 65.76509
v 54.07724 -75.955284 66.23216
v 55.041748 -75.98461 66.33679
v 44.10327 -77.40642 68.008736
v 45.35051 -77.01634 67.43578
v 45.91211 -77.43003 67.316216
v 52.665802 -76.96113 65.79583
v 54.455658 -76.54415 66.04578
v 55.673325 -76.50445 66.34016
v 43.55945 -77.804375 68.2988
v 44.728745 -77.58639 67.81766
v 46.298706 -77.64771 67.19728
v 47.088684 -77.54948 66.43904
v 51.955246 -77.15399 65.76954
v 53.884293 -76.97618 65.81041
v 54.87216 -77.27634 65.99919
v 46.105423 -78.02337 67.49895
v 46.743073 -78.02697 67.054184
v 52.622574 -77.62125 65.479256
v 44.168488 -78.10698 68.07715
v 45.440186 -77.837524 67.67645
v 53.15526 -77.46725 65.56127
v 53.755966 -78.07403 65.56142
v 43.736877 -78.50005 68.30864
v 44.188248 -78.70589 68.213036
v 45.678986 -78.55158 67.90971
v 47.273758 -78.88348 67.16287
v 43.787033 -79.15547 68.56352
v 44.839157 -78.45062 68.026024
v 46.464096 -78.745476 67.71179
v 54.5997 -78.41615 65.80622
v 44.495743 -79.08598 68.339584
v 45.17328 -79.129814 68.30262
v 45.921112 -79.15927 68.21292
v 43.609543 -79.77258 68.97404
v 46.428177 -79.3133 68.162056
v 46.925507 -79.41855 67.87782
v 55.015915 -78.9971 66.01698
v 47.632538 -79.73383 67.42442
v 47.753098 -80.35966 67.749054
v 53.23555 -80.238716 65.651505
v 53.973404 -80.24674 65.90045
v 54.453293 -80.22675 66.15784
v 55.05809 -79.818344 66.304184
v 48.04312 -80.7467 67.7554
v 48.4485 -80.982254 67.55853
v 48.474243 -80.34618 67.037865
v 52.560593 -80.647896 65.882774
v 53.289062 -80.87114 66.22745
v 53.80751 -80.61367 66.06509
v 54.275238 -80.62113 66.27028
v 48.694763 -81.37307 67.75389
v 48.99617 -81.49736 67.63598
v 49.285492 -81.51417 67.4991
v 49.141327 -81.11034 67.12567
v 49.89688 -80.993935 66.51164
v 50.55687 -80.9995 66.317856
v 51.143158 -81.1902 66.51517
v 54.04332 -80.95751 66.52008
v 50.118942 -81.44964 67.09767
v 52.316727 -81.25209 66.599
v 52.822174 -81.614555 67.08833
v 51.322342 -81.61401 67.09242
v 53.04309 -81.74665 67.28955
v 46.64586 -75.00638 66.57981
v 47.378403 -75.21487 66.40042
v 47.365692 -75.67447 66.24884
v 48.18625 -75.584366 66.35005
v 47.30742 -76.09403 66.16791
v 47.703293 -76.25896 66.04394
v 48.9722 -76.28637 66.10155
v 47.357285 -76.697464 66.046394
v 48.08255 -76.62312 65.93529
v 49.4601 -76.76147 65.90538
v 47.672333 -77.08236 65.9108
v 48.78093 -77.16686 65.76797
v 49.301315 -77.17751 65.70598
v 49.601074 -77.17427 65.71953
v 47.31891 -77.20117 66.0876
v 48.074036 -77.23594 65.81947
v 49.777054 -77.348595 65.678665
v 50.098495 -76.9492 65.8867
v 48.286392 -77.652855 65.80158
v 49.401077 -77.561714 65.632195
v 50.067535 -77.62289 65.63827
v 51.130432 -77.20713 65.81374
v 47.708878 -77.60902 66.02358
v 48.22116 -78.231705 65.99744
v 48.825943 -77.95358 65.70807
v 51.18802 -78.068504 65.421585
v 51.975418 -77.80072 65.46096
v 51.520737 -78.4381 65.26196
v 52.76863 -78.15113 65.31616
v 47.539444 -78.25091 66.49194
v 50.532944 -78.15162 65.478806
v 50.99028 -78.554016 65.299255
v 52.154205 -78.562836 65.19792
v 52.66646 -78.65989 65.167244
v 48.31819 -79.18431 66.443695
v 48.871872 -78.63189 65.834076
v 49.632065 -78.33634 65.57514
v 52.62297 -79.14168 65.21475
v 53.14421 -78.70304 65.29422
v 50.462265 -78.87831 65.39638
v 51.491425 -79.0324 65.22464
v 52.928085 -79.72777 65.328896
v 49.58316 -79.295334 65.75163
v 53.89853 -79.38367 65.64881
v 49.160477 -79.94752 66.21815
v 50.821335 -79.65003 65.471016
v 52.059433 -79.78534 65.3111
v 52.692825 -80.01478 65.33778
v 50.093674 -80.15596 65.861275
v 51.369263 -80.539185 65.850975
v 52.41545 -80.25971 65.50137
v 49.482635 -80.57449 66.38484
v 50.270386 -80.687996 66.081894
f 131 1 2
f 1 3 2
f 2 3 4
f 4 145 2
f 148 5 137
f 1 137 5
f 5 6 1
f 3 1 6
f 6 7 3
f 4 3 7
f 8 5 148
f 7 6 9
f 9 10 7
f 4 7 10
f 10 11 4
f 11 16 4
f 4 16 12
f 12 153 4
f 154 153 12
f 5 8 13
f 6 5 14
f 9 6 14
f 14 21 9
f 10 9 21
f 10 15 11
f 16 11 15
f 162 154 12
f 18 23 17
f 18 17 13
f 17 19 13
f 5 13 19
f 19 20 5
f 20 14 5
f 15 10 21
f 15 22 16
f 12 16 22
f 23 24 17
f 19 17 24
f 24 25 19
f 20 19 25
f 25 26 20
f 14 20 26
f 21 14 27
f 21 28 15
f 22 15 28
f 22 29 12
f 12 29 162
f 24 23 38
f 38 25 24
f 26 30 14
f 27 14 30
f 27 31 21
f 31 28 21
f 22 28 32
f 29 22 32
f 32 33 29
f 29 170 162
f 30 26 34
f 30 35 27
f 31 27 35
f 32 28 31
f 33 32 40
f 33 36 29
f 170 29 36
f 37 39 38
f 25 38 39
f 25 34 26
f 31 40 32
f 36 33 40
f 38 41 37
f 39 42 25
f 42 34 25
f 34 43 30
f 35 30 43
f 35 44 31
f 44 40 31
f 36 45 170
f 45 175 170
f 39 46 42
f 34 42 46
f 44 47 40
f 36 40 47
f 47 48 36
f 49 175 45
f 37 46 39
f 46 54 34
f 43 34 54
f 43 50 35
f 50 51 35
f 44 35 51
f 51 52 44
f 47 44 52
f 48 53 36
f 45 36 53
f 49 45 53
f 52 51 55
f 53 56 49
f 46 37 57
f 57 58 46
f 43 54 59
f 50 43 59
f 50 60 51
f 55 51 60
f 55 61 52
f 47 52 61
f 61 62 47
f 62 63 47
f 48 47 63
f 53 48 63
f 63 64 53
f 56 53 64
f 54 46 58
f 59 60 50
f 60 65 55
f 61 55 65
f 64 184 56
f 58 57 66
f 66 67 58
f 54 58 67
f 67 68 54
f 59 54 68
f 68 69 59
f 60 59 69
f 69 70 60
f 65 60 70
f 62 61 65
f 65 71 62
f 63 62 71
f 71 72 63
f 64 63 72
f 189 184 64
f 68 67 73
f 73 78 68
f 69 68 78
f 69 74 70
f 65 70 74
f 74 75 65
f 75 71 65
f 75 198 71
f 72 71 198
f 76 72 198
f 76 64 72
f 76 189 64
f 66 77 67
f 77 73 67
f 74 69 79
f 73 80 78
f 83 82 81
f 82 83 85
f 85 84 82
f 84 85 86
f 88 81 100
f 88 89 81
f 83 81 89
f 85 83 89
f 89 90 85
f 86 85 90
f 90 91 86
f 87 86 91
f 87 91 92
f 92 93 87
f 89 88 94
f 89 95 90
f 91 90 95
f 91 96 92
f 93 92 96
f 96 97 93
f 93 97 98
f 100 101 88
f 94 88 101
f 89 94 102
f 102 95 89
f 95 103 91
f 96 91 103
f 103 104 96
f 97 96 104
f 98 97 104
f 104 105 98
f 106 98 105
f 107 108 99
f 100 99 108
f 108 109 100
f 101 100 109
f 109 110 101
f 94 101 110
f 102 94 110
f 102 111 95
f 103 112 104
f 105 104 112
f 112 113 105
f 113 114 105
f 105 114 115
f 115 106 105
f 102 110 116
f 116 117 102
f 117 111 102
f 111 118 95
f 103 95 118
f 118 119 103
f 112 103 119
f 119 120 112
f 113 112 120
f 114 113 120
f 114 121 115
f 107 129 108
f 109 108 129
f 109 116 110
f 116 122 117
f 111 117 122
f 118 111 123
f 118 124 119
f 120 119 124
f 114 120 125
f 121 114 125
f 121 126 115
f 127 128 107
f 129 107 128
f 116 109 129
f 129 130 116
f 130 122 116
f 122 131 111
f 123 111 131
f 123 132 118
f 124 118 132
f 125 120 124
f 121 133 126
f 127 134 128
f 129 128 135
f 130 129 136
f 148 137 122
f 131 122 137
f 132 123 131
f 131 138 132
f 124 132 138
f 138 139 124
f 139 140 124
f 125 124 140
f 140 141 125
f 121 125 141
f 141 133 121
f 142 126 133
f 128 134 143
f 136 129 135
f 135 144 136
f 130 136 144
f 122 130 144
f 144 148 122
f 137 1 131
f 2 138 131
f 139 138 2
f 2 145 139
f 140 139 145
f 145 146 140
f 146 141 140
f 133 147 142
f 128 143 155
f 149 146 4
f 146 145 4
f 141 146 149
f 141 162 133
f 133 150 147
f 150 263 147
f 143 156 155
f 135 128 155
f 144 135 151
f 152 8 144
f 148 144 8
f 153 149 4
f 141 149 153
f 153 154 141
f 162 141 154
f 150 133 162
f 162 263 150
f 151 152 144
f 135 155 157
f 151 135 157
f 157 158 151
f 158 159 151
f 152 151 159
f 159 160 152
f 160 161 152
f 8 152 161
f 161 13 8
f 162 163 263
f 156 164 155
f 164 157 155
f 158 157 165
f 160 159 158
f 158 23 160
f 161 160 23
f 23 18 161
f 161 18 13
f 162 267 163
f 164 156 166
f 166 167 164
f 157 164 167
f 167 168 157
f 168 165 157
f 165 23 158
f 166 169 167
f 168 167 169
f 165 168 169
f 165 38 23
f 166 41 169
f 165 169 41
f 171 162 170
f 267 162 171
f 171 172 267
f 172 270 267
f 166 176 41
f 170 173 171
f 172 171 173
f 176 166 174
f 41 38 165
f 173 170 175
f 172 173 175
f 176 37 41
f 177 172 49
f 172 175 49
f 270 172 177
f 177 178 270
f 178 179 270
f 176 174 182
f 177 180 178
f 179 178 180
f 180 181 179
f 177 49 56
f 180 279 181
f 182 183 176
f 37 176 183
f 183 57 37
f 177 56 184
f 180 177 184
f 180 184 279
f 182 185 183
f 57 183 185
f 182 186 185
f 186 187 185
f 185 187 188
f 188 57 185
f 57 188 66
f 184 281 279
f 186 182 190
f 187 186 190
f 187 191 188
f 188 191 66
f 76 198 192
f 192 193 189
f 189 76 192
f 184 189 193
f 281 184 193
f 66 191 77
f 69 78 194
f 79 69 194
f 79 195 74
f 75 74 195
f 195 196 75
f 196 197 75
f 198 75 197
f 193 192 198
f 193 284 281
f 199 187 190
f 191 187 199
f 191 200 77
f 77 80 73
f 80 194 78
f 195 201 196
f 197 196 201
f 198 197 201
f 201 202 198
f 202 203 198
f 193 198 203
f 200 204 77
f 80 77 204
f 204 205 80
f 194 80 205
f 205 206 194
f 79 194 206
f 206 207 79
f 195 79 207
f 207 208 195
f 201 195 208
f 208 209 201
f 209 210 201
f 202 201 210
f 210 211 202
f 203 202 211
f 211 212 203
f 193 203 212
f 212 213 193
f 284 193 213
f 214 191 199
f 200 191 215
f 215 216 200
f 204 200 216
f 216 217 204
f 205 204 217
f 207 206 218
f 215 191 214
f 206 205 217
f 217 218 206
f 208 207 218
f 208 219 209
f 210 209 219
f 219 220 210
f 211 210 220
f 216 215 214
f 214 221 216
f 221 222 216
f 217 216 222
f 222 223 217
f 223 224 217
f 218 217 224
f 218 225 208
f 219 208 225
f 211 220 226
f 212 211 226
f 226 227 212
f 213 212 227
f 221 214 293
f 222 221 293
f 222 228 223
f 224 223 228
f 224 225 218
f 225 229 219
f 229 230 219
f 220 219 230
f 226 220 230
f 230 231 226
f 227 226 231
f 228 222 293
f 293 232 228
f 224 228 232
f 232 233 224
f 233 234 224
f 225 224 234
f 234 235 225
f 235 229 225
f 231 230 236
f 237 232 293
f 233 232 237
f 237 238 233
f 238 239 233
f 234 233 239
f 239 235 234
f 235 240 229
f 230 229 240
f 240 236 230
f 241 238 237
f 239 238 241
f 241 242 239
f 235 239 242
f 242 243 235
f 240 235 243
f 236 240 243
f 81 245 244
f 245 81 82
f 245 82 84
f 84 246 245
f 246 84 86
f 86 247 246
f 247 86 87
f 87 248 247
f 244 100 81
f 248 87 93
f 93 249 248
f 93 250 249
f 93 251 250
f 251 93 98
f 318 252 244
f 252 99 100
f 100 244 252
f 251 98 106
f 318 107 252
f 252 107 99
f 251 106 115
f 115 253 251
f 318 254 107
f 254 318 256
f 253 115 255
f 115 126 255
f 254 127 107
f 126 257 255
f 257 258 255
f 254 256 259
f 259 260 254
f 134 127 254
f 254 260 134
f 126 142 257
f 258 257 142
f 259 143 260
f 260 143 134
f 258 142 147
f 147 261 258
f 261 328 258
f 262 259 264
f 259 262 143
f 261 147 263
f 261 263 328
f 156 262 264
f 156 143 262
f 156 264 266
f 265 328 263
f 265 329 328
f 265 263 163
f 266 269 166
f 266 166 156
f 265 163 267
f 329 265 267
f 267 268 329
f 268 334 329
f 267 270 268
f 268 270 336
f 336 271 268
f 271 334 268
f 269 272 166
f 174 166 272
f 272 274 174
f 270 273 336
f 273 270 275
f 274 276 174
f 275 270 179
f 174 276 182
f 275 179 181
f 181 277 275
f 273 275 277
f 277 278 273
f 277 181 279
f 278 277 279
f 278 346 273
f 346 278 279
f 280 182 276
f 276 282 280
f 346 279 281
f 281 350 346
f 281 351 350
f 283 280 282
f 190 182 280
f 280 283 190
f 284 351 281
f 190 283 199
f 351 284 285
f 285 362 351
f 286 199 283
f 199 286 214
f 213 287 284
f 285 284 287
f 287 362 285
f 213 288 287
f 362 287 288
f 213 227 289
f 289 290 213
f 290 288 213
f 214 286 291
f 214 291 293
f 227 292 289
f 290 289 292
f 286 373 291
f 373 293 291
f 227 231 294
f 294 295 227
f 295 292 227
f 295 290 292
f 373 296 293
f 296 237 293
f 236 297 231
f 297 298 231
f 298 299 294
f 294 231 298
f 295 294 299
f 243 300 236
f 300 301 236
f 297 236 301
f 301 378 297
f 299 297 378
f 299 298 297
f 296 302 237
f 241 237 302
f 242 241 302
f 302 303 242
f 303 304 242
f 243 242 304
f 304 305 243
f 306 243 305
f 306 300 243
f 301 300 306
f 306 378 301
f 303 307 304
f 307 305 304
f 244 309 308
f 309 244 245
f 245 310 309
f 310 245 246
f 246 311 310
f 311 246 247
f 247 313 311
f 248 313 247
f 308 312 244
f 248 314 313
f 314 248 249
f 250 314 249
f 312 315 244
f 314 316 313
f 317 316 314
f 314 250 317
f 250 251 317
f 315 398 318
f 315 318 244
f 319 316 317
f 319 317 251
f 320 319 251
f 253 320 251
f 398 400 256
f 398 256 318
f 320 321 319
f 322 321 320
f 320 323 322
f 323 320 253
f 255 323 253
f 400 327 256
f 323 325 324
f 325 323 255
f 255 258 325
f 259 256 327
f 264 259 327
f 258 328 325
f 326 264 327
f 328 411 325
f 326 266 264
f 328 329 411
f 269 266 326
f 326 330 269
f 329 331 332
f 332 333 329
f 333 411 329
f 413 333 332
f 331 329 334
f 332 331 334
f 334 335 332
f 332 335 413
f 336 335 271
f 335 334 271
f 413 335 336
f 272 269 330
f 330 337 272
f 336 338 413
f 413 338 339
f 337 274 272
f 336 340 338
f 339 338 340
f 336 273 341
f 341 340 336
f 339 340 341
f 341 342 339
f 339 342 343
f 276 274 337
f 273 344 341
f 342 341 344
f 344 345 342
f 343 342 345
f 345 425 343
f 337 348 276
f 344 273 346
f 345 344 346
f 346 347 345
f 425 345 347
f 347 426 425
f 346 349 347
f 347 349 426
f 276 348 353
f 349 346 350
f 426 349 350
f 276 353 282
f 350 431 426
f 351 352 350
f 431 350 352
f 352 433 431
f 354 282 353
f 282 354 283
f 351 355 352
f 433 352 355
f 355 351 356
f 355 360 433
f 354 358 283
f 362 356 351
f 356 360 355
f 358 357 283
f 362 359 356
f 359 360 356
f 358 366 357
f 366 361 357
f 283 357 361
f 283 361 286
f 363 365 364
f 364 362 363
f 364 359 362
f 360 359 364
f 361 366 367
f 362 288 368
f 363 362 368
f 368 365 363
f 367 370 361
f 370 286 361
f 290 369 288
f 369 368 288
f 286 370 371
f 371 373 286
f 372 369 290
f 290 295 372
f 371 374 373
f 295 299 375
f 295 377 376
f 295 375 377
f 295 376 372
f 374 380 373
f 296 373 380
f 299 378 379
f 299 379 375
f 302 296 380
f 383 378 306
f 306 382 383
f 306 381 382
f 378 383 384
f 384 379 378
f 380 385 302
f 303 302 385
f 385 386 303
f 386 387 303
f 307 303 387
f 305 307 387
f 387 388 305
f 388 381 306
f 306 305 388
f 388 382 381
f 391 474 390
f 391 390 392
f 308 393 391
f 391 392 308
f 393 308 309
f 309 389 393
f 389 309 310
f 310 394 389
f 310 395 394
f 395 310 311
f 474 312 390
f 312 392 390
f 392 312 308
f 395 311 313
f 313 396 395
f 315 312 474
f 313 397 396
f 397 313 316
f 479 398 474
f 315 474 398
f 399 397 316
f 319 399 316
f 319 489 399
f 398 479 400
f 489 319 321
f 489 321 322
f 322 401 489
f 400 479 402
f 401 322 323
f 401 323 324
f 327 400 402
f 401 324 325
f 325 495 401
f 327 402 403
f 327 403 405
f 327 405 404
f 495 325 498
f 406 404 405
f 405 407 406
f 327 404 406
f 406 326 327
f 325 411 498
f 408 406 407
f 407 410 408
f 406 408 326
f 411 409 498
f 412 409 411
f 330 408 410
f 410 416 330
f 330 326 408
f 412 411 333
f 333 413 412
f 414 412 413
f 413 415 414
f 417 418 415
f 418 414 415
f 416 337 330
f 413 339 415
f 417 415 339
f 417 339 419
f 419 418 417
f 337 416 422
f 339 420 419
f 419 420 421
f 421 418 419
f 423 420 343
f 420 339 343
f 421 420 423
f 424 337 422
f 423 343 425
f 421 423 425
f 348 337 424
f 421 425 426
f 427 421 426
f 512 421 427
f 427 428 512
f 424 430 429
f 353 348 424
f 424 429 353
f 427 426 431
f 428 427 431
f 428 432 512
f 512 432 519
f 430 436 429
f 353 429 436
f 431 433 428
f 432 428 433
f 432 434 519
f 432 435 434
f 435 524 434
f 435 432 433
f 353 436 437
f 437 354 353
f 435 528 524
f 354 437 529
f 529 358 354
f 360 438 433
f 438 439 433
f 439 440 433
f 435 433 440
f 440 528 435
f 360 441 438
f 439 438 441
f 441 442 439
f 440 439 442
f 442 537 440
f 528 440 537
f 366 358 529
f 364 365 443
f 360 364 443
f 444 441 540
f 444 442 441
f 537 442 444
f 529 445 366
f 367 366 445
f 365 368 446
f 446 447 365
f 447 448 443
f 443 365 447
f 360 443 448
f 448 441 360
f 540 441 448
f 370 367 445
f 445 449 370
f 450 546 446
f 446 368 450
f 368 369 450
f 451 446 546
f 451 447 446
f 448 447 451
f 370 449 452
f 370 452 371
f 369 372 453
f 453 546 369
f 546 450 369
f 452 374 371
f 376 377 454
f 372 376 454
f 454 455 372
f 455 453 372
f 546 453 455
f 452 380 374
f 379 456 375
f 454 456 457
f 377 375 456
f 456 454 377
f 455 454 457
f 452 458 380
f 383 382 459
f 459 460 383
f 384 383 460
f 379 460 456
f 379 384 460
f 458 461 380
f 461 385 380
f 461 462 385
f 385 462 463
f 386 385 463
f 463 464 386
f 387 386 464
f 388 387 465
f 459 465 460
f 382 388 465
f 465 459 382
f 463 466 464
f 387 464 466
f 466 467 387
f 465 387 467
f 470 468 592
f 470 469 468
f 470 471 469
f 471 470 393
f 471 393 389
f 472 471 389
f 473 592 596
f 592 473 474
f 470 592 474
f 470 474 391
f 470 391 393
f 472 389 394
f 394 475 472
f 475 394 395
f 473 596 476
f 476 474 473
f 475 395 396
f 396 601 475
f 477 478 596
f 478 479 596
f 476 596 479
f 474 476 479
f 396 397 601
f 482 481 480
f 478 477 481
f 481 482 478
f 482 479 478
f 397 483 484
f 484 601 397
f 399 483 397
f 480 486 482
f 486 479 482
f 484 483 399
f 399 609 484
f 609 399 489
f 486 480 485
f 485 487 486
f 479 486 487
f 489 488 609
f 487 485 490
f 490 402 487
f 479 487 402
f 489 491 488
f 491 489 401
f 490 485 493
f 491 495 488
f 495 491 401
f 493 485 492
f 493 403 490
f 402 490 403
f 495 494 488
f 495 498 494
f 403 493 496
f 496 407 403
f 407 405 403
f 498 497 494
f 498 409 497
f 407 496 499
f 499 410 407
f 409 500 497
f 500 409 412
f 412 501 500
f 412 502 501
f 502 412 414
f 410 499 416
f 414 503 502
f 504 503 414
f 505 503 504
f 416 499 506
f 414 418 504
f 507 505 418
f 505 504 418
f 506 422 416
f 418 508 509
f 509 507 418
f 418 421 508
f 510 509 421
f 509 508 421
f 422 506 511
f 510 421 512
f 511 513 422
f 513 514 422
f 422 514 424
f 512 515 516
f 516 510 512
f 517 516 515
f 513 518 514
f 514 518 424
f 515 512 519
f 515 519 520
f 520 517 515
f 521 513 511
f 518 513 521
f 521 430 518
f 430 424 518
f 522 520 519
f 430 521 436
f 522 519 434
f 523 520 522
f 522 434 524
f 523 522 524
f 525 520 523
f 525 523 524
f 526 436 521
f 436 526 437
f 525 524 527
f 527 524 528
f 527 653 525
f 437 526 529
f 527 528 530
f 530 531 527
f 532 529 526
f 537 531 530
f 530 528 537
f 531 533 527
f 653 527 533
f 533 534 653
f 653 534 535
f 536 529 532
f 444 540 537
f 538 529 536
f 529 538 445
f 540 448 539
f 531 537 541
f 533 531 541
f 541 542 533
f 445 538 449
f 451 543 448
f 543 539 448
f 539 544 540
f 537 540 544
f 544 541 537
f 534 533 542
f 542 669 534
f 535 534 669
f 666 535 669
f 553 545 538
f 545 449 538
f 449 545 452
f 451 547 543
f 539 543 547
f 547 548 539
f 544 539 548
f 544 549 541
f 549 542 541
f 546 455 550
f 550 551 546
f 451 546 551
f 547 451 551
f 548 549 544
f 542 549 552
f 552 669 542
f 545 553 554
f 452 545 554
f 455 457 555
f 555 560 455
f 550 455 560
f 547 551 556
f 556 557 547
f 548 547 557
f 557 558 548
f 549 548 558
f 558 559 549
f 552 549 559
f 452 554 564
f 564 458 452
f 456 560 555
f 555 457 456
f 560 561 550
f 551 550 561
f 561 568 551
f 568 556 551
f 559 563 552
f 562 552 563
f 562 669 552
f 676 669 562
f 461 458 564
f 461 565 462
f 462 565 463
f 460 566 456
f 560 456 566
f 566 567 560
f 561 560 567
f 567 568 561
f 568 557 556
f 558 557 569
f 569 570 558
f 559 558 570
f 563 559 570
f 564 554 571
f 564 572 461
f 565 461 572
f 572 573 565
f 573 463 565
f 466 463 573
f 573 574 466
f 467 466 574
f 566 575 567
f 568 567 575
f 575 576 568
f 557 568 576
f 569 557 576
f 577 570 569
f 684 563 570
f 571 578 564
f 572 564 578
f 578 573 572
f 574 579 467
f 579 580 467
f 465 467 580
f 460 465 580
f 580 581 460
f 566 460 581
f 575 566 584
f 569 576 577
f 573 578 582
f 582 574 573
f 582 583 574
f 579 574 583
f 584 566 581
f 583 585 579
f 585 586 579
f 580 579 586
f 586 588 580
f 581 580 588
f 584 581 587
f 587 581 588
f 731 597 589
f 731 589 590
f 590 591 731
f 591 590 592
f 592 593 591
f 593 592 468
f 468 594 593
f 594 468 469
f 594 469 471
f 471 595 594
f 595 471 472
f 597 596 589
f 590 589 596
f 590 596 592
f 472 735 595
f 735 472 475
f 475 739 735
f 603 598 597
f 598 596 597
f 475 599 600
f 600 739 475
f 599 475 601
f 603 602 598
f 596 598 477
f 600 599 601
f 601 604 600
f 608 605 602
f 598 602 605
f 605 606 598
f 606 480 598
f 598 480 481
f 481 477 598
f 607 604 601
f 484 607 601
f 606 605 485
f 606 485 480
f 607 484 609
f 610 611 608
f 605 608 611
f 611 485 605
f 609 488 607
f 608 615 612
f 608 612 610
f 612 617 610
f 611 610 617
f 617 613 611
f 485 611 613
f 614 607 488
f 615 617 612
f 617 492 613
f 485 613 492
f 617 615 616
f 616 618 617
f 617 493 492
f 488 494 614
f 618 619 617
f 614 494 620
f 619 621 617
f 493 617 621
f 493 621 496
f 494 623 620
f 494 497 623
f 621 619 624
f 623 622 620
f 624 625 621
f 625 499 621
f 499 496 621
f 623 626 622
f 497 500 626
f 626 623 497
f 501 626 500
f 625 627 499
f 626 758 622
f 758 626 501
f 501 502 758
f 624 628 625
f 627 625 628
f 758 502 503
f 503 629 758
f 760 629 503
f 628 630 627
f 499 627 630
f 630 506 499
f 760 503 505
f 505 631 760
f 505 507 631
f 628 632 630
f 506 630 632
f 631 507 509
f 628 633 632
f 506 632 633
f 633 511 506
f 631 509 510
f 510 634 631
f 510 635 634
f 633 628 636
f 510 637 635
f 769 637 510
f 636 638 633
f 511 633 638
f 636 642 638
f 642 511 638
f 510 516 769
f 640 639 517
f 639 769 516
f 516 517 639
f 641 642 636
f 517 520 640
f 775 640 520
f 643 642 641
f 641 647 643
f 642 644 511
f 644 645 511
f 511 645 521
f 643 647 648
f 648 642 643
f 644 642 648
f 645 644 648
f 649 775 520
f 775 649 646
f 645 648 521
f 520 525 649
f 646 649 525
f 525 786 646
f 648 650 521
f 650 648 651
f 526 521 650
f 652 650 651
f 526 650 652
f 786 525 653
f 653 654 786
f 651 655 652
f 655 526 652
f 657 656 654
f 656 786 654
f 658 526 655
f 526 658 659
f 659 532 526
f 654 653 535
f 654 660 657
f 659 658 536
f 536 532 659
f 535 661 654
f 660 654 661
f 661 805 660
f 665 536 658
f 536 665 662
f 536 662 538
f 661 535 666
f 661 663 805
f 665 664 662
f 538 662 664
f 663 661 666
f 666 810 663
f 805 663 810
f 665 668 664
f 668 667 664
f 538 664 667
f 538 667 553
f 668 671 667
f 553 667 671
f 666 669 672
f 666 670 810
f 670 813 810
f 671 673 553
f 554 553 673
f 672 669 676
f 672 677 666
f 670 666 677
f 673 674 554
f 674 679 554
f 562 563 675
f 676 562 675
f 670 819 813
f 675 678 676
f 672 676 678
f 677 819 670
f 554 679 680
f 554 680 571
f 577 684 570
f 684 675 563
f 678 681 672
f 677 672 681
f 681 682 677
f 683 578 571
f 571 680 683
f 684 678 675
f 678 685 681
f 682 681 685
f 682 686 677
f 686 819 677
f 690 578 683
f 578 690 582
f 577 576 687
f 687 688 577
f 684 577 688
f 686 682 689
f 582 690 583
f 575 584 691
f 576 575 691
f 691 692 576
f 687 576 692
f 684 693 678
f 685 678 693
f 682 685 694
f 694 689 682
f 695 583 690
f 584 587 696
f 696 697 584
f 691 584 697
f 692 691 698
f 692 699 687
f 699 700 687
f 688 687 700
f 700 701 688
f 684 688 701
f 701 713 684
f 713 693 684
f 685 693 702
f 702 694 685
f 703 583 695
f 703 704 583
f 585 583 704
f 704 705 585
f 705 706 585
f 585 706 707
f 707 586 585
f 588 586 707
f 707 708 588
f 587 588 708
f 697 709 691
f 698 691 709
f 692 698 709
f 699 692 710
f 710 711 699
f 700 699 711
f 713 701 712
f 702 693 713
f 713 714 702
f 714 694 702
f 705 704 703
f 703 715 705
f 706 705 715
f 706 725 707
f 708 707 725
f 708 716 587
f 696 587 716
f 716 717 696
f 696 723 697
f 723 709 697
f 709 718 692
f 710 692 718
f 711 719 700
f 701 700 719
f 712 701 719
f 712 720 713
f 720 714 713
f 715 721 706
f 725 706 721
f 725 722 708
f 716 708 722
f 717 716 722
f 717 723 696
f 718 724 710
f 711 710 724
f 724 719 711
f 712 719 834
f 720 712 834
f 718 709 723
f 721 729 725
f 722 725 729
f 729 726 722
f 717 722 726
f 726 727 717
f 717 728 723
f 718 723 728
f 724 718 728
f 717 727 730
f 728 717 730
f 591 733 731
f 733 591 593
f 593 734 733
f 734 593 594
f 594 857 734
f 594 732 857
f 732 594 595
f 733 736 597
f 597 731 733
f 732 858 857
f 858 732 595
f 735 737 858
f 858 595 735
f 741 603 597
f 597 736 741
f 735 738 737
f 735 739 738
f 741 602 603
f 739 740 738
f 740 739 600
f 740 600 604
f 741 743 602
f 743 608 602
f 742 740 604
f 607 742 604
f 877 742 607
f 743 744 608
f 744 615 608
f 607 745 877
f 745 607 614
f 744 616 615
f 614 746 745
f 747 748 744
f 618 616 744
f 744 748 618
f 614 749 746
f 747 883 750
f 748 747 750
f 750 618 748
f 750 619 618
f 749 614 620
f 883 751 750
f 750 751 619
f 752 749 620
f 883 756 753
f 751 883 753
f 753 754 751
f 751 754 619
f 620 622 752
f 755 752 622
f 753 757 754
f 624 619 754
f 754 757 624
f 622 758 888
f 888 755 622
f 759 753 756
f 757 753 759
f 757 759 624
f 758 629 888
f 629 760 888
f 888 760 891
f 759 628 624
f 631 891 760
f 761 759 762
f 628 759 761
f 761 763 628
f 631 764 891
f 891 764 765
f 766 761 762
f 763 761 766
f 631 634 764
f 634 635 767
f 767 765 634
f 765 764 634
f 765 767 897
f 768 763 766
f 628 763 768
f 628 768 636
f 635 637 767
f 769 897 637
f 897 767 637
f 769 639 897
f 897 771 770
f 771 772 770
f 768 773 774
f 774 636 768
f 639 640 897
f 775 771 640
f 771 897 640
f 775 772 771
f 776 773 768
f 774 773 776
f 774 776 641
f 641 636 774
f 775 777 772
f 907 772 777
f 641 776 778
f 778 779 641
f 641 779 647
f 775 646 777
f 781 780 778
f 780 779 778
f 779 780 647
f 646 782 777
f 777 782 783
f 783 907 777
f 781 785 780
f 785 784 780
f 784 647 780
f 647 784 648
f 782 646 786
f 783 782 786
f 783 786 787
f 787 918 783
f 788 784 785
f 648 784 788
f 786 789 787
f 787 789 791
f 791 790 787
f 793 792 788
f 788 792 651
f 651 648 788
f 786 794 789
f 791 789 794
f 794 928 791
f 795 651 792
f 796 794 786
f 796 797 794
f 794 797 798
f 798 928 794
f 799 651 795
f 651 799 655
f 786 656 796
f 656 657 800
f 800 797 656
f 797 796 656
f 798 797 800
f 801 655 799
f 655 801 802
f 802 658 655
f 800 657 660
f 660 803 800
f 798 800 803
f 801 804 802
f 804 658 802
f 803 660 805
f 798 803 805
f 805 806 798
f 798 806 937
f 804 808 658
f 808 665 658
f 805 807 806
f 937 806 807
f 665 808 809
f 807 805 810
f 810 811 807
f 937 807 811
f 811 945 937
f 809 812 665
f 812 668 665
f 945 811 810
f 671 668 812
f 812 673 671
f 812 817 673
f 945 810 813
f 674 673 817
f 817 679 674
f 945 813 819
f 819 814 945
f 956 945 814
f 819 815 814
f 956 814 815
f 817 816 680
f 817 680 679
f 816 817 818
f 815 819 820
f 956 815 820
f 680 816 818
f 818 683 680
f 686 820 819
f 818 690 683
f 690 818 823
f 689 821 686
f 820 686 821
f 695 690 823
f 694 824 689
f 821 689 824
f 821 822 820
f 825 703 695
f 695 823 825
f 824 694 826
f 826 827 824
f 821 824 827
f 827 828 821
f 822 821 828
f 703 825 829
f 720 830 714
f 830 831 714
f 694 714 831
f 831 832 694
f 826 694 832
f 833 826 832
f 833 827 826
f 828 827 833
f 829 715 703
f 834 835 720
f 835 836 720
f 830 720 836
f 836 837 830
f 831 830 837
f 837 832 831
f 829 846 715
f 721 715 846
f 719 724 838
f 834 719 838
f 838 839 834
f 839 840 834
f 835 834 840
f 836 835 840
f 840 837 836
f 832 837 840
f 728 841 724
f 841 842 724
f 842 843 724
f 838 724 843
f 838 844 839
f 844 845 839
f 840 839 845
f 846 847 721
f 847 729 721
f 726 729 847
f 847 848 726
f 727 726 848
f 730 727 848
f 848 849 730
f 728 730 849
f 849 850 728
f 850 851 728
f 841 728 851
f 851 842 841
f 843 842 851
f 851 852 843
f 838 843 852
f 848 847 853
f 853 854 848
f 849 848 854
f 850 849 854
f 854 851 850
f 734 855 733
f 734 856 855
f 856 734 857
f 859 741 736
f 736 860 859
f 733 861 860
f 860 736 733
f 733 866 861
f 733 855 866
f 866 855 856
f 856 992 866
f 992 856 857
f 857 993 992
f 857 994 993
f 994 857 858
f 858 867 994
f 862 867 858
f 858 737 862
f 862 737 738
f 738 863 862
f 859 871 864
f 864 741 859
f 871 859 995
f 859 860 995
f 995 860 861
f 861 996 995
f 861 865 996
f 865 861 866
f 862 868 867
f 868 862 863
f 869 868 863
f 738 740 869
f 869 863 738
f 870 743 741
f 875 870 741
f 875 741 864
f 875 864 871
f 740 872 869
f 740 742 872
f 742 873 872
f 870 874 879
f 743 870 879
f 870 875 874
f 873 876 872
f 876 873 742
f 742 877 876
f 879 744 743
f 877 1008 876
f 877 878 1008
f 879 880 744
f 878 877 745
f 745 1011 878
f 880 881 747
f 747 744 880
f 1011 745 746
f 746 749 882
f 882 1011 746
f 881 886 883
f 883 747 881
f 884 882 749
f 749 752 884
f 885 884 752
f 886 887 883
f 883 887 756
f 752 755 885
f 889 885 888
f 755 888 885
f 887 886 893
f 893 756 887
f 890 756 893
f 756 890 759
f 889 888 1023
f 891 1023 888
f 890 762 759
f 1023 891 892
f 894 890 893
f 762 890 894
f 765 892 891
f 896 762 894
f 762 896 766
f 897 892 765
f 895 892 897
f 768 766 896
f 770 895 897
f 895 772 898
f 898 899 895
f 899 1036 895
f 899 898 900
f 900 901 899
f 902 901 900
f 770 772 895
f 898 903 900
f 900 903 902
f 896 1041 904
f 896 904 768
f 903 898 772
f 902 903 905
f 1041 906 904
f 906 768 904
f 768 906 776
f 907 903 772
f 907 908 903
f 905 903 908
f 908 909 905
f 905 909 910
f 911 906 1041
f 1041 912 911
f 906 911 913
f 913 776 906
f 776 913 778
f 914 908 907
f 909 908 914
f 909 915 910
f 910 915 916
f 917 913 911
f 913 917 781
f 781 778 913
f 907 783 914
f 918 909 783
f 909 914 783
f 915 909 918
f 918 919 915
f 916 915 919
f 919 920 916
f 916 920 921
f 1046 916 921
f 911 922 917
f 917 922 924
f 924 923 917
f 923 781 917
f 781 923 925
f 925 785 781
f 918 787 926
f 926 919 918
f 920 919 926
f 921 920 926
f 926 927 921
f 1046 921 927
f 927 1049 1046
f 788 785 925
f 787 790 926
f 790 791 926
f 926 928 927
f 927 928 1049
f 929 925 923
f 929 788 925
f 788 929 793
f 926 791 928
f 930 793 929
f 930 792 793
f 792 930 795
f 928 931 1049
f 931 932 1049
f 930 799 795
f 933 931 798
f 931 928 798
f 932 931 933
f 933 934 932
f 932 934 935
f 935 1049 932
f 929 936 930
f 799 930 936
f 799 936 801
f 933 798 937
f 934 933 937
f 937 938 934
f 935 934 938
f 938 939 935
f 939 1061 935
f 804 801 936
f 936 940 804
f 938 948 939
f 939 948 942
f 942 941 939
f 941 1061 939
f 940 936 943
f 940 943 946
f 946 944 940
f 944 808 804
f 804 940 944
f 937 945 938
f 948 938 945
f 944 946 947
f 808 944 947
f 808 947 809
f 950 949 947
f 949 812 809
f 809 947 949
f 950 951 949
f 951 812 949
f 952 812 951
f 812 952 817
f 948 945 956
f 1071 948 956
f 956 953 1071
f 955 954 952
f 954 817 952
f 958 954 955
f 955 957 958
f 817 954 958
f 958 959 817
f 817 959 818
f 959 958 960
f 820 961 956
f 961 962 956
f 953 956 962
f 963 959 960
f 818 959 963
f 820 964 961
f 962 961 964
f 963 823 818
f 966 965 963
f 965 823 963
f 822 967 820
f 964 820 967
f 967 968 964
f 962 964 968
f 966 969 965
f 823 965 969
f 969 825 823
f 822 828 970
f 970 967 822
f 833 970 828
f 967 970 971
f 971 972 967
f 968 967 972
f 969 973 825
f 829 825 973
f 833 974 970
f 971 970 974
f 974 975 971
f 975 1099 972
f 972 971 975
f 973 976 829
f 846 829 976
f 977 978 832
f 833 832 978
f 978 974 833
f 975 974 978
f 976 983 846
f 845 979 840
f 979 980 840
f 980 981 840
f 832 840 981
f 977 832 981
f 981 982 977
f 978 977 982
f 846 989 847
f 846 983 989
f 851 984 852
f 838 852 984
f 984 985 838
f 985 986 838
f 986 987 838
f 844 838 987
f 845 844 987
f 987 988 845
f 979 845 988
f 988 980 979
f 981 980 988
f 988 982 981
f 989 853 847
f 989 990 853
f 854 853 990
f 851 854 990
f 990 991 851
f 984 851 991
f 985 984 991
f 865 1004 996
f 1004 865 866
f 866 997 1004
f 997 866 992
f 992 1117 997
f 1117 992 993
f 993 1118 1117
f 1118 993 994
f 994 998 1118
f 994 867 998
f 998 867 868
f 868 1000 998
f 869 1000 868
f 871 1003 875
f 1003 871 995
f 1003 995 996
f 1003 996 1004
f 1004 997 999
f 999 997 1117
f 998 1123 1118
f 998 1119 1123
f 1119 998 1000
f 1000 869 872
f 1001 879 874
f 1001 874 875
f 875 1002 1001
f 875 1005 1002
f 875 1003 1005
f 1007 1003 1004
f 1000 1124 1119
f 1124 1000 872
f 872 1130 1124
f 872 876 1130
f 879 1001 1009
f 1009 1001 1002
f 1002 1005 1009
f 1003 1006 1005
f 1006 1003 1007
f 876 1008 1130
f 1013 880 879
f 1009 1013 879
f 1008 1010 1130
f 1010 1008 878
f 1135 878 1011
f 1135 1010 878
f 1012 1015 881
f 880 1013 1012
f 1012 881 880
f 1011 1014 1135
f 1011 1140 1014
f 1140 1011 882
f 882 1016 1140
f 1017 886 1015
f 886 881 1015
f 882 1018 1016
f 1018 882 884
f 1017 1148 886
f 884 1019 1018
f 1019 884 885
f 885 889 1019
f 1019 889 1020
f 893 886 1148
f 1148 1021 893
f 1020 889 1022
f 1023 1022 889
f 1022 1023 1024
f 1021 1027 893
f 1024 1023 892
f 1024 892 1025
f 1026 893 1027
f 1026 1028 893
f 892 895 1025
f 1025 895 1163
f 1027 1029 1026
f 1026 1029 1030
f 1030 1028 1026
f 894 893 1028
f 1032 1163 1031
f 1033 1028 1030
f 1030 1034 1033
f 1028 1033 1035
f 1035 894 1028
f 1036 1163 895
f 1036 1037 1163
f 1031 1163 1037
f 1031 1037 1165
f 1165 1032 1031
f 1034 1039 1033
f 1039 1038 1033
f 1038 1035 1033
f 896 894 1035
f 1035 1038 896
f 1036 899 901
f 901 1037 1036
f 901 902 1037
f 1037 1040 1165
f 1174 1038 1039
f 1038 1174 1041
f 1041 896 1038
f 1040 1037 902
f 1040 905 1165
f 1165 905 1169
f 902 905 1040
f 1042 1041 1174
f 1174 1043 1042
f 905 910 916
f 916 1169 905
f 1043 1044 1042
f 1044 1041 1042
f 1041 1044 912
f 916 1046 1169
f 1169 1046 1045
f 911 912 1044
f 1045 1046 1179
f 1179 1047 1045
f 1048 911 1044
f 911 1048 922
f 1049 1050 1046
f 1179 1046 1050
f 1044 1057 1048
f 1057 1051 1048
f 1051 922 1048
f 923 924 922
f 922 1051 923
f 1052 1050 1049
f 1179 1050 1052
f 1179 1052 1053
f 923 1051 929
f 1054 1055 1053
f 1055 1179 1053
f 1057 1056 1051
f 929 1051 1056
f 1049 1058 1052
f 1053 1052 1058
f 1054 1053 1058
f 1058 1059 1054
f 1055 1054 1059
f 1059 1187 1055
f 929 1056 1060
f 1049 935 1058
f 1061 1058 935
f 1059 1058 1061
f 1059 1061 1062
f 1062 1063 1059
f 1063 1187 1059
f 929 1060 936
f 1061 1191 1062
f 1063 1062 1191
f 936 1060 1064
f 936 1064 943
f 941 942 1061
f 1068 1064 1060
f 1064 1068 943
f 942 1071 1061
f 1191 1061 1071
f 1191 1071 1065
f 1066 943 1068
f 946 943 1066
f 1066 1067 946
f 946 1067 947
f 1071 942 948
f 1066 1068 1069
f 1069 1070 1066
f 1070 1067 1066
f 947 1067 1070
f 947 1070 950
f 1071 1072 1065
f 1076 950 1070
f 950 1076 951
f 1071 1073 1072
f 1073 1074 1072
f 952 951 1076
f 1075 1205 1073
f 1073 1071 1075
f 1076 1077 952
f 952 1077 955
f 953 1078 1071
f 1075 1071 1078
f 1078 1205 1075
f 1077 1076 1079
f 1077 1080 955
f 955 1080 957
f 1081 1077 1079
f 1080 1077 1081
f 1081 1082 1080
f 1080 1082 1083
f 1083 957 1080
f 1083 958 957
f 958 1083 960
f 962 1084 953
f 1078 953 1084
f 1084 1211 1205
f 1205 1078 1084
f 1081 1079 1085
f 1085 1082 1081
f 1083 1082 1085
f 1083 1085 1086
f 1086 960 1083
f 960 1086 963
f 962 1087 1084
f 1211 1084 1087
f 1088 1086 1085
f 1088 963 1086
f 1088 966 963
f 962 968 1090
f 1090 1219 1087
f 1087 962 1090
f 1211 1087 1219
f 1088 1094 1089
f 1089 966 1088
f 1089 969 966
f 1219 1090 1091
f 1094 969 1089
f 968 972 1092
f 1092 1093 1090
f 1090 968 1092
f 1091 1090 1093
f 969 1094 1095
f 1095 973 969
f 1099 1096 1092
f 1092 972 1099
f 1097 1092 1096
f 1097 1093 1092
f 1097 1091 1093
f 1095 1098 973
f 1098 1101 973
f 1101 976 973
f 978 1099 975
f 1100 1096 1099
f 1100 1097 1096
f 983 976 1101
f 1101 1102 983
f 1099 978 1229
f 1229 1100 1099
f 1102 1103 983
f 1103 1104 983
f 989 983 1104
f 1104 1107 989
f 988 1105 982
f 1105 1106 978
f 978 982 1105
f 1229 978 1106
f 990 989 1107
f 1107 1108 990
f 1108 1112 990
f 986 1116 987
f 988 987 1116
f 1116 1109 988
f 1109 1110 988
f 1105 988 1110
f 1106 1105 1110
f 1110 1111 1106
f 1229 1106 1111
f 1112 1113 990
f 1113 1114 990
f 991 990 1114
f 985 991 1114
f 1114 1115 985
f 986 985 1115
f 1116 986 1115
f 1116 1110 1109
f 1120 1007 1004
f 1004 1121 1120
f 1121 1004 999
f 999 1128 1121
f 1128 999 1117
f 1117 1122 1128
f 1122 1117 1118
f 1122 1118 1123
f 1119 1242 1123
f 1124 1242 1119
f 1005 1131 1009
f 1005 1125 1131
f 1125 1005 1006
f 1125 1006 1007
f 1007 1126 1125
f 1126 1007 1120
f 1126 1120 1121
f 1121 1244 1126
f 1121 1132 1244
f 1121 1127 1132
f 1127 1121 1128
f 1122 1129 1128
f 1129 1122 1123
f 1123 1241 1129
f 1241 1123 1242
f 1124 1243 1242
f 1134 1243 1124
f 1124 1130 1134
f 1009 1131 1013
f 1125 1137 1131
f 1125 1254 1137
f 1254 1125 1126
f 1254 1126 1244
f 1127 1133 1132
f 1127 1128 1133
f 1130 1250 1134
f 1130 1135 1250
f 1130 1010 1135
f 1136 1015 1012
f 1012 1013 1136
f 1013 1251 1136
f 1251 1013 1131
f 1135 1138 1250
f 1135 1139 1138
f 1135 1014 1139
f 1139 1014 1140
f 1017 1015 1141
f 1015 1142 1141
f 1015 1136 1143
f 1143 1142 1015
f 1139 1261 1138
f 1261 1139 1140
f 1145 1261 1140
f 1140 1144 1145
f 1144 1140 1016
f 1016 1146 1144
f 1141 1152 1017
f 1145 1144 1146
f 1147 1145 1146
f 1146 1149 1147
f 1016 1018 1149
f 1149 1146 1016
f 1148 1017 1152
f 1150 1018 1019
f 1150 1149 1018
f 1152 1154 1151
f 1152 1151 1148
f 1019 1153 1150
f 1021 1151 1154
f 1151 1021 1148
f 1019 1155 1153
f 1155 1019 1020
f 1154 1159 1021
f 1155 1020 1022
f 1022 1156 1155
f 1157 1156 1022
f 1158 1157 1022
f 1158 1022 1024
f 1158 1024 1278
f 1027 1021 1159
f 1159 1162 1027
f 1025 1278 1024
f 1160 1278 1025
f 1160 1025 1161
f 1160 1161 1281
f 1163 1161 1025
f 1281 1161 1163
f 1164 1281 1163
f 1029 1027 1162
f 1032 1165 1164
f 1163 1032 1164
f 1172 1029 1162
f 1034 1030 1029
f 1029 1172 1034
f 1164 1165 1166
f 1164 1166 1167
f 1168 1034 1172
f 1168 1039 1034
f 1169 1166 1165
f 1167 1166 1169
f 1167 1169 1170
f 1170 1171 1167
f 1174 1039 1168
f 1168 1172 1174
f 1170 1169 1173
f 1173 1171 1170
f 1176 1174 1172
f 1175 1174 1176
f 1174 1175 1043
f 1175 1176 1177
f 1177 1044 1175
f 1043 1175 1044
f 1169 1045 1173
f 1178 1173 1045
f 1177 1180 1044
f 1045 1047 1178
f 1179 1178 1047
f 1179 1181 1178
f 1178 1181 1291
f 1185 1182 1180
f 1182 1057 1044
f 1044 1180 1182
f 1183 1181 1179
f 1291 1181 1183
f 1183 1184 1291
f 1057 1182 1185
f 1179 1055 1183
f 1186 1184 1055
f 1184 1183 1055
f 1184 1186 1295
f 1295 1291 1184
f 1185 1188 1057
f 1186 1055 1187
f 1295 1186 1187
f 1056 1057 1188
f 1060 1056 1188
f 1299 1187 1063
f 1299 1295 1187
f 1188 1189 1060
f 1189 1190 1060
f 1299 1063 1191
f 1190 1192 1060
f 1191 1193 1299
f 1193 1301 1299
f 1068 1060 1192
f 1192 1194 1068
f 1195 1193 1065
f 1193 1191 1065
f 1193 1195 1301
f 1194 1196 1068
f 1065 1197 1195
f 1301 1195 1197
f 1196 1198 1068
f 1069 1068 1198
f 1198 1199 1069
f 1065 1200 1197
f 1301 1197 1200
f 1200 1201 1301
f 1069 1199 1202
f 1202 1070 1069
f 1200 1065 1072
f 1072 1203 1200
f 1201 1200 1203
f 1202 1076 1070
f 1203 1072 1074
f 1076 1202 1204
f 1203 1074 1205
f 1074 1073 1205
f 1203 1311 1201
f 1203 1205 1206
f 1206 1207 1203
f 1311 1203 1207
f 1204 1208 1076
f 1208 1079 1076
f 1208 1210 1079
f 1205 1211 1209
f 1206 1205 1209
f 1207 1206 1209
f 1079 1210 1085
f 1210 1212 1085
f 1214 1088 1085
f 1085 1212 1214
f 1207 1209 1213
f 1214 1215 1088
f 1088 1215 1216
f 1219 1217 1209
f 1209 1211 1219
f 1213 1209 1217
f 1216 1221 1088
f 1221 1218 1088
f 1218 1094 1088
f 1217 1219 1220
f 1094 1218 1221
f 1221 1222 1094
f 1091 1220 1219
f 1222 1223 1094
f 1097 1220 1091
f 1223 1224 1094
f 1095 1094 1224
f 1098 1095 1224
f 1101 1098 1224
f 1225 1226 1097
f 1097 1100 1225
f 1226 1220 1097
f 1224 1227 1101
f 1102 1101 1227
f 1227 1228 1102
f 1229 1226 1225
f 1225 1100 1229
f 1103 1102 1228
f 1104 1103 1228
f 1228 1230 1104
f 1107 1104 1230
f 1230 1231 1107
f 1108 1107 1231
f 1112 1108 1231
f 1231 1233 1112
f 1110 1232 1111
f 1229 1111 1232
f 1226 1229 1232
f 1113 1112 1233
f 1233 1234 1113
f 1114 1113 1234
f 1234 1238 1114
f 1115 1114 1238
f 1238 1235 1115
f 1116 1115 1235
f 1235 1236 1116
f 1110 1116 1236
f 1236 1237 1110
f 1110 1237 1232
f 1235 1239 1236
f 1237 1236 1239
f 1129 1240 1128
f 1240 1129 1241
f 1132 1245 1244
f 1245 1132 1133
f 1133 1128 1245
f 1240 1246 1128
f 1240 1256 1246
f 1256 1240 1241
f 1241 1338 1256
f 1241 1247 1338
f 1247 1241 1242
f 1242 1339 1247
f 1242 1248 1339
f 1248 1242 1243
f 1249 1248 1243
f 1249 1243 1134
f 1249 1134 1250
f 1131 1252 1251
f 1252 1131 1137
f 1137 1253 1252
f 1253 1137 1254
f 1244 1255 1254
f 1255 1244 1245
f 1255 1245 1128
f 1128 1350 1255
f 1128 1259 1350
f 1259 1128 1246
f 1246 1260 1259
f 1260 1246 1256
f 1338 1343 1256
f 1339 1338 1247
f 1355 1339 1248
f 1355 1248 1249
f 1249 1340 1355
f 1340 1249 1250
f 1257 1340 1250
f 1250 1138 1257
f 1142 1262 1141
f 1262 1142 1143
f 1136 1263 1262
f 1262 1143 1136
f 1263 1136 1251
f 1263 1251 1252
f 1252 1258 1263
f 1258 1252 1253
f 1258 1253 1254
f 1254 1265 1258
f 1254 1347 1265
f 1347 1254 1341
f 1341 1254 1255
f 1255 1342 1341
f 1255 1349 1342
f 1349 1255 1350
f 1256 1343 1260
f 1138 1261 1257
f 1141 1262 1152
f 1269 1263 1258
f 1258 1264 1269
f 1258 1345 1264
f 1257 1261 1145
f 1145 1266 1257
f 1145 1267 1266
f 1147 1267 1145
f 1262 1268 1152
f 1262 1365 1268
f 1262 1263 1365
f 1263 1269 1365
f 1267 1270 1266
f 1270 1267 1147
f 1147 1149 1270
f 1149 1271 1359
f 1359 1270 1149
f 1150 1271 1149
f 1268 1274 1152
f 1274 1268 1365
f 1150 1364 1271
f 1153 1272 1364
f 1364 1150 1153
f 1152 1279 1154
f 1279 1152 1274
f 1272 1273 1364
f 1273 1272 1153
f 1153 1155 1273
f 1155 1367 1273
f 1367 1155 1156
f 1156 1275 1367
f 1276 1156 1157
f 1276 1275 1156
f 1158 1276 1157
f 1154 1277 1159
f 1277 1154 1279
f 1274 1285 1279
f 1370 1276 1158
f 1370 1158 1278
f 1162 1159 1277
f 1162 1277 1279
f 1370 1278 1160
f 1280 1370 1160
f 1280 1160 1281
f 1279 1282 1162
f 1282 1279 1285
f 1281 1283 1280
f 1281 1374 1283
f 1164 1374 1281
f 1282 1284 1162
f 1284 1282 1285
f 1162 1284 1172
f 1289 1172 1284
f 1284 1285 1289
f 1164 1286 1374
f 1286 1164 1167
f 1286 1167 1171
f 1171 1287 1286
f 1171 1288 1287
f 1288 1171 1173
f 1289 1176 1172
f 1290 1288 1173
f 1176 1289 1292
f 1173 1178 1290
f 1178 1386 1290
f 1292 1177 1176
f 1292 1180 1177
f 1291 1386 1178
f 1291 1293 1386
f 1388 1386 1293
f 1292 1185 1180
f 1185 1292 1294
f 1291 1295 1293
f 1185 1294 1296
f 1185 1296 1297
f 1293 1295 1395
f 1395 1388 1293
f 1297 1188 1185
f 1188 1297 1298
f 1299 1395 1295
f 1298 1189 1188
f 1298 1190 1189
f 1298 1192 1190
f 1298 1300 1192
f 1395 1299 1301
f 1300 1194 1192
f 1398 1395 1301
f 1300 1196 1194
f 1303 1302 1196
f 1196 1300 1303
f 1302 1198 1196
f 1305 1304 1199
f 1199 1302 1305
f 1302 1199 1198
f 1304 1305 1306
f 1201 1405 1301
f 1398 1301 1405
f 1202 1199 1304
f 1309 1202 1304
f 1304 1307 1309
f 1304 1306 1307
f 1309 1307 1308
f 1309 1308 1310
f 1309 1310 1313
f 1202 1309 1204
f 1313 1204 1309
f 1311 1312 1405
f 1405 1201 1311
f 1312 1311 1314
f 1204 1313 1208
f 1314 1311 1207
f 1313 1210 1208
f 1316 1210 1313
f 1207 1318 1315
f 1315 1314 1207
f 1315 1312 1314
f 1210 1316 1212
f 1212 1316 1317
f 1317 1214 1212
f 1213 1318 1207
f 1215 1214 1317
f 1317 1216 1215
f 1217 1318 1213
f 1317 1221 1216
f 1319 1318 1217
f 1321 1222 1221
f 1221 1317 1321
f 1217 1220 1320
f 1320 1319 1217
f 1223 1222 1321
f 1324 1320 1220
f 1224 1223 1321
f 1321 1322 1224
f 1322 1323 1224
f 1220 1226 1324
f 1227 1224 1323
f 1323 1325 1227
f 1228 1227 1325
f 1230 1228 1325
f 1230 1325 1326
f 1226 1327 1324
f 1328 1231 1230
f 1230 1326 1328
f 1231 1329 1233
f 1231 1328 1329
f 1330 1233 1329
f 1329 1331 1330
f 1332 1333 1232
f 1226 1232 1333
f 1333 1327 1226
f 1233 1330 1234
f 1234 1331 1334
f 1234 1330 1331
f 1238 1234 1334
f 1238 1334 1335
f 1235 1238 1335
f 1335 1336 1235
f 1239 1235 1336
f 1237 1239 1336
f 1336 1337 1237
f 1232 1237 1337
f 1337 1332 1232
f 1259 1351 1350
f 1351 1259 1260
f 1260 1343 1351
f 1343 1338 1339
f 1339 1344 1343
f 1339 1355 1344
f 1356 1355 1340
f 1340 1443 1356
f 1443 1340 1257
f 1444 1443 1257
f 1264 1345 1269
f 1258 1346 1345
f 1346 1258 1265
f 1346 1265 1347
f 1341 1348 1347
f 1348 1341 1342
f 1348 1342 1349
f 1343 1352 1351
f 1343 1353 1352
f 1343 1354 1353
f 1354 1343 1344
f 1344 1451 1354
f 1355 1445 1344
f 1257 1357 1444
f 1266 1358 1357
f 1357 1257 1266
f 1269 1360 1365
f 1360 1269 1345
f 1345 1366 1360
f 1366 1345 1346
f 1346 1347 1348
f 1348 1361 1346
f 1361 1348 1349
f 1361 1349 1350
f 1350 1362 1361
f 1362 1350 1351
f 1351 1458 1362
f 1458 1351 1352
f 1352 1353 1458
f 1458 1353 1354
f 1354 1450 1458
f 1358 1457 1357
f 1457 1358 1266
f 1266 1270 1457
f 1270 1359 1457
f 1469 1365 1360
f 1346 1463 1366
f 1466 1362 1458
f 1359 1363 1457
f 1359 1271 1363
f 1363 1271 1364
f 1365 1469 1372
f 1469 1360 1366
f 1364 1468 1363
f 1364 1273 1468
f 1468 1273 1367
f 1365 1372 1274
f 1367 1472 1468
f 1275 1368 1472
f 1472 1367 1275
f 1276 1368 1275
f 1274 1372 1285
f 1369 1368 1276
f 1276 1370 1369
f 1370 1371 1369
f 1280 1371 1370
f 1280 1373 1371
f 1373 1280 1283
f 1289 1285 1372
f 1283 1485 1373
f 1283 1374 1485
f 1289 1372 1380
f 1374 1375 1485
f 1374 1489 1375
f 1374 1376 1489
f 1374 1286 1376
f 1286 1377 1376
f 1376 1490 1489
f 1490 1376 1377
f 1379 1490 1377
f 1377 1378 1379
f 1286 1287 1378
f 1378 1377 1286
f 1288 1378 1287
f 1379 1378 1288
f 1288 1381 1379
f 1492 1381 1288
f 1382 1292 1289
f 1382 1289 1380
f 1380 1383 1382
f 1380 1384 1383
f 1288 1290 1492
f 1292 1382 1383
f 1383 1385 1292
f 1385 1383 1384
f 1492 1290 1386
f 1386 1494 1492
f 1385 1390 1292
f 1387 1494 1386
f 1386 1388 1387
f 1389 1294 1292
f 1292 1390 1389
f 1389 1390 1391
f 1389 1296 1294
f 1296 1389 1297
f 1391 1297 1389
f 1388 1395 1387
f 1391 1392 1297
f 1394 1392 1391
f 1395 1393 1387
f 1392 1298 1297
f 1298 1392 1394
f 1395 1396 1393
f 1298 1394 1300
f 1397 1300 1394
f 1394 1505 1397
f 1395 1398 1396
f 1399 1303 1300
f 1300 1397 1399
f 1399 1397 1505
f 1505 1400 1399
f 1401 1400 1505
f 1305 1302 1303
f 1303 1400 1305
f 1303 1399 1400
f 1305 1400 1401
f 1398 1402 1396
f 1305 1401 1306
f 1403 1306 1401
f 1401 1404 1403
f 1402 1398 1405
f 1405 1406 1402
f 1396 1402 1406
f 1407 1308 1307
f 1307 1306 1407
f 1407 1306 1403
f 1403 1408 1407
f 1411 1408 1403
f 1403 1409 1411
f 1411 1409 1413
f 1405 1410 1406
f 1407 1310 1308
f 1310 1408 1313
f 1310 1407 1408
f 1313 1408 1411
f 1411 1413 1412
f 1412 1413 1416
f 1313 1411 1412
f 1416 1313 1412
f 1312 1414 1405
f 1410 1405 1414
f 1414 1415 1410
f 1414 1312 1417
f 1417 1415 1414
f 1418 1313 1416
f 1316 1313 1418
f 1420 1316 1418
f 1315 1318 1419
f 1312 1315 1419
f 1419 1417 1312
f 1316 1420 1317
f 1420 1418 1422
f 1318 1421 1419
f 1417 1419 1421
f 1317 1420 1422
f 1317 1422 1423
f 1317 1423 1425
f 1520 1421 1318
f 1425 1424 1317
f 1424 1425 1428
f 1520 1318 1319
f 1424 1321 1317
f 1321 1424 1428
f 1520 1319 1320
f 1320 1426 1520
f 1428 1427 1321
f 1427 1428 1429
f 1324 1527 1426
f 1426 1320 1324
f 1427 1322 1321
f 1429 1323 1322
f 1322 1427 1429
f 1431 1323 1429
f 1324 1430 1527
f 1431 1325 1323
f 1325 1431 1432
f 1433 1430 1324
f 1326 1325 1432
f 1326 1432 1435
f 1433 1327 1434
f 1324 1327 1433
f 1435 1328 1326
f 1435 1436 1328
f 1329 1328 1436
f 1331 1329 1436
f 1331 1436 1439
f 1437 1438 1337
f 1332 1337 1438
f 1434 1332 1438
f 1333 1332 1434
f 1327 1333 1434
f 1439 1334 1331
f 1335 1334 1439
f 1439 1440 1335
f 1440 1441 1335
f 1336 1335 1441
f 1441 1442 1336
f 1337 1336 1442
f 1442 1437 1337
f 1355 1446 1445
f 1446 1355 1356
f 1356 1447 1446
f 1356 1448 1447
f 1448 1356 1443
f 1448 1443 1444
f 1444 1455 1448
f 1449 1455 1444
f 1449 1444 1357
f 1354 1451 1450
f 1451 1344 1445
f 1445 1452 1451
f 1452 1445 1446
f 1446 1550 1452
f 1550 1446 1447
f 1447 1461 1550
f 1461 1447 1453
f 1447 1448 1453
f 1448 1454 1453
f 1448 1455 1454
f 1449 1549 1455
f 1549 1449 1357
f 1357 1456 1549
f 1357 1457 1456
f 1346 1464 1463
f 1464 1346 1361
f 1464 1361 1362
f 1362 1466 1464
f 1450 1459 1458
f 1450 1460 1459
f 1460 1450 1451
f 1460 1451 1452
f 1452 1550 1460
f 1456 1462 1549
f 1462 1456 1457
f 1457 1554 1462
f 1457 1363 1554
f 1366 1470 1469
f 1470 1366 1463
f 1465 1464 1466
f 1458 1467 1466
f 1467 1458 1459
f 1467 1459 1460
f 1460 1561 1467
f 1561 1460 1550
f 1564 1470 1463
f 1555 1471 1564
f 1564 1463 1555
f 1555 1463 1464
f 1464 1556 1555
f 1464 1557 1556
f 1557 1464 1465
f 1465 1558 1557
f 1558 1465 1466
f 1466 1559 1558
f 1466 1560 1559
f 1560 1466 1467
f 1467 1561 1560
f 1363 1571 1554
f 1363 1468 1571
f 1474 1571 1468
f 1474 1468 1472
f 1469 1473 1372
f 1469 1479 1473
f 1479 1469 1470
f 1470 1580 1479
f 1580 1470 1564
f 1475 1474 1472
f 1476 1475 1472
f 1472 1480 1476
f 1472 1368 1480
f 1369 1480 1368
f 1477 1372 1473
f 1473 1478 1477
f 1478 1473 1479
f 1480 1369 1371
f 1486 1372 1477
f 1486 1477 1478
f 1478 1482 1486
f 1482 1478 1479
f 1482 1479 1580
f 1481 1480 1371
f 1371 1594 1481
f 1371 1483 1594
f 1371 1373 1483
f 1373 1484 1483
f 1484 1373 1485
f 1380 1372 1486
f 1482 1491 1486
f 1483 1599 1594
f 1599 1483 1484
f 1484 1485 1599
f 1487 1599 1485
f 1487 1485 1375
f 1375 1488 1487
f 1488 1375 1489
f 1380 1486 1491
f 1487 1612 1599
f 1612 1487 1488
f 1488 1489 1612
f 1490 1612 1489
f 1384 1380 1491
f 1490 1616 1612
f 1490 1379 1616
f 1616 1379 1381
f 1492 1616 1381
f 1491 1493 1384
f 1616 1492 1628
f 1385 1384 1495
f 1495 1384 1493
f 1492 1494 1628
f 1390 1385 1495
f 1493 1496 1495
f 1493 1497 1496
f 1499 1628 1494
f 1387 1499 1494
f 1390 1495 1496
f 1496 1498 1390
f 1500 1498 1496
f 1496 1497 1500
f 1390 1498 1391
f 1391 1498 1500
f 1394 1391 1500
f 1503 1394 1500
f 1501 1499 1387
f 1502 1394 1503
f 1502 1503 1638
f 1387 1643 1501
f 1387 1393 1643
f 1502 1504 1394
f 1506 1504 1502
f 1502 1638 1506
f 1394 1504 1505
f 1505 1504 1506
f 1643 1393 1396
f 1510 1643 1396
f 1401 1505 1506
f 1507 1401 1506
f 1507 1404 1401
f 1409 1403 1404
f 1404 1507 1409
f 1511 1409 1507
f 1510 1396 1406
f 1508 1413 1409
f 1409 1511 1508
f 1509 1654 1510
f 1510 1406 1509
f 1406 1410 1509
f 1413 1508 1511
f 1511 1416 1413
f 1654 1509 1410
f 1410 1658 1654
f 1416 1511 1655
f 1416 1655 1513
f 1658 1410 1415
f 1415 1512 1658
f 1417 1514 1512
f 1512 1415 1417
f 1513 1418 1416
f 1418 1513 1662
f 1662 1422 1418
f 1421 1515 1514
f 1514 1417 1421
f 1662 1423 1422
f 1516 1423 1662
f 1518 1519 1517
f 1421 1518 1517
f 1517 1515 1421
f 1423 1516 1425
f 1521 1425 1516
f 1516 1523 1521
f 1520 1518 1421
f 1425 1521 1428
f 1518 1522 1519
f 1522 1518 1520
f 1428 1521 1523
f 1519 1524 1701
f 1524 1519 1522
f 1522 1426 1524
f 1520 1426 1522
f 1428 1523 1429
f 1429 1523 1526
f 1525 1429 1526
f 1529 1525 1526
f 1527 1701 1524
f 1524 1426 1527
f 1429 1525 1431
f 1431 1525 1529
f 1431 1529 1528
f 1530 1528 1529
f 1531 1701 1532
f 1532 1701 1527
f 1527 1430 1532
f 1431 1528 1432
f 1432 1528 1530
f 1530 1533 1432
f 1530 1541 1533
f 1536 1534 1535
f 1535 1537 1536
f 1537 1538 1536
f 1531 1536 1538
f 1536 1531 1532
f 1532 1434 1536
f 1532 1433 1434
f 1430 1433 1532
f 1435 1432 1533
f 1435 1533 1541
f 1539 1435 1541
f 1540 1539 1541
f 1546 1540 1541
f 1543 1545 1544
f 1545 1535 1534
f 1534 1544 1545
f 1544 1534 1536
f 1536 1438 1544
f 1536 1434 1438
f 1435 1539 1436
f 1539 1540 1436
f 1439 1436 1540
f 1540 1546 1439
f 1440 1439 1546
f 1546 1547 1440
f 1441 1440 1547
f 1547 1715 1441
f 1715 1548 1441
f 1442 1441 1548
f 1548 1542 1442
f 1542 1437 1442
f 1437 1542 1543
f 1437 1543 1544
f 1438 1437 1544
f 1461 1453 1454
f 1454 1552 1461
f 1552 1454 1455
f 1552 1455 1549
f 1549 1551 1552
f 1553 1551 1549
f 1549 1462 1553
f 1553 1462 1554
f 1551 1720 1552
f 1720 1551 1553
f 1562 1561 1550
f 1550 1721 1562
f 1721 1550 1461
f 1461 1718 1721
f 1461 1716 1718
f 1716 1461 1552
f 1716 1552 1717
f 1717 1552 1720
f 1720 1553 1554
f 1554 1563 1720
f 1563 1554 1571
f 1555 1565 1471
f 1565 1555 1556
f 1556 1566 1565
f 1566 1556 1557
f 1566 1557 1558
f 1558 1567 1566
f 1567 1558 1559
f 1559 1568 1567
f 1568 1559 1560
f 1560 1575 1568
f 1575 1560 1561
f 1561 1576 1575
f 1576 1561 1562
f 1562 1721 1576
f 1563 1569 1720
f 1563 1570 1569
f 1570 1563 1571
f 1474 1579 1571
f 1579 1474 1475
f 1475 1572 1579
f 1476 1572 1475
f 1580 1564 1471
f 1471 1573 1580
f 1573 1471 1565
f 1565 1574 1573
f 1574 1565 1566
f 1574 1566 1567
f 1567 1581 1574
f 1581 1567 1568
f 1568 1582 1581
f 1582 1568 1575
f 1576 1585 1584
f 1585 1576 1721
f 1577 1720 1569
f 1569 1578 1577
f 1578 1569 1570
f 1570 1728 1578
f 1728 1570 1571
f 1728 1571 1579
f 1572 1586 1579
f 1572 1476 1586
f 1476 1480 1586
f 1596 1580 1573
f 1573 1588 1596
f 1573 1589 1588
f 1589 1573 1574
f 1574 1581 1589
f 1575 1597 1582
f 1575 1583 1597
f 1583 1575 1576
f 1576 1584 1583
f 1734 1584 1585
f 1726 1585 1721
f 1578 1728 1577
f 1579 1591 1728
f 1591 1579 1586
f 1480 1587 1586
f 1480 1481 1587
f 1580 1595 1482
f 1580 1596 1595
f 1581 1602 1589
f 1581 1603 1602
f 1603 1581 1582
f 1582 1597 1603
f 1583 1590 1597
f 1590 1583 1584
f 1584 1734 1590
f 1585 1726 1734
f 1605 1591 1586
f 1586 1592 1605
f 1592 1586 1587
f 1592 1587 1481
f 1593 1592 1481
f 1593 1481 1594
f 1491 1482 1595
f 1588 1601 1596
f 1601 1588 1589
f 1589 1602 1601
f 1590 1604 1597
f 1745 1738 1728
f 1728 1591 1745
f 1745 1591 1605
f 1592 1739 1605
f 1592 1610 1739
f 1610 1592 1593
f 1610 1593 1594
f 1594 1598 1610
f 1594 1599 1598
f 1595 1600 1491
f 1600 1595 1596
f 1600 1596 1601
f 1609 1601 1602
f 1613 1603 1597
f 1613 1597 1604
f 1590 1734 1604
f 1598 1606 1610
f 1606 1598 1599
f 1599 1607 1606
f 1607 1599 1612
f 1608 1491 1600
f 1600 1617 1608
f 1617 1600 1601
f 1601 1620 1617
f 1620 1601 1609
f 1602 1622 1609
f 1602 1613 1622
f 1613 1602 1603
f 1613 1604 1751
f 1610 1754 1746
f 1754 1610 1606
f 1606 1614 1754
f 1614 1606 1607
f 1607 1611 1614
f 1611 1607 1612
f 1493 1491 1608
f 1609 1621 1620
f 1609 1622 1621
f 1614 1611 1615
f 1611 1618 1615
f 1618 1611 1612
f 1618 1612 1616
f 1493 1608 1617
f 1761 1622 1613
f 1616 1626 1618
f 1628 1626 1616
f 1619 1493 1617
f 1617 1624 1619
f 1624 1617 1620
f 1630 1621 1622
f 1766 1618 1626
f 1497 1493 1619
f 1619 1500 1497
f 1619 1623 1500
f 1623 1619 1624
f 1620 1625 1624
f 1625 1620 1621
f 1621 1630 1625
f 1627 1626 1628
f 1628 1632 1627
f 1623 1503 1500
f 1503 1623 1624
f 1624 1629 1503
f 1629 1624 1625
f 1625 1634 1629
f 1634 1625 1630
f 1766 1626 1631
f 1626 1776 1631
f 1776 1626 1627
f 1776 1627 1632
f 1628 1637 1632
f 1628 1499 1637
f 1629 1633 1503
f 1633 1629 1634
f 1630 1636 1634
f 1631 1776 1771
f 1776 1632 1637
f 1501 1637 1499
f 1633 1638 1503
f 1638 1633 1634
f 1634 1635 1638
f 1635 1634 1636
f 1635 1640 1638
f 1640 1635 1636
f 1636 1644 1640
f 1776 1639 1781
f 1639 1776 1637
f 1639 1637 1641
f 1637 1642 1641
f 1643 1642 1637
f 1637 1501 1643
f 1506 1638 1640
f 1643 1648 1642
f 1506 1640 1644
f 1781 1639 1645
f 1645 1639 1641
f 1641 1646 1645
f 1646 1641 1642
f 1646 1642 1648
f 1648 1643 1510
f 1507 1506 1644
f 1647 1507 1644
f 1644 1650 1647
f 1659 1645 1646
f 1646 1652 1659
f 1652 1646 1648
f 1510 1652 1648
f 1647 1649 1507
f 1650 1649 1647
f 1511 1649 1651
f 1511 1507 1649
f 1651 1649 1650
f 1650 1653 1651
f 1651 1653 1656
f 1652 1657 1659
f 1652 1654 1657
f 1654 1652 1510
f 1511 1651 1655
f 1656 1655 1651
f 1654 1658 1657
f 1513 1655 1656
f 1656 1662 1513
f 1659 1665 1664
f 1661 1659 1657
f 1657 1660 1661
f 1660 1657 1658
f 1658 1512 1660
f 1512 1514 1660
f 1663 1662 1656
f 1674 1665 1659
f 1674 1659 1661
f 1660 1514 1661
f 1666 1665 1674
f 1661 1514 1674
f 1663 1667 1662
f 1663 1675 1667
f 1675 1663 1668
f 1676 1675 1668
f 1669 1671 1670
f 1664 1669 1670
f 1664 1672 1669
f 1672 1664 1665
f 1672 1665 1666
f 1666 1673 1672
f 1673 1666 1674
f 1515 1674 1514
f 1662 1667 1516
f 1516 1667 1675
f 1686 1830 1679
f 1679 1671 1669
f 1669 1686 1679
f 1669 1680 1686
f 1680 1669 1672
f 1672 1681 1680
f 1681 1672 1673
f 1673 1682 1681
f 1682 1673 1674
f 1674 1519 1682
f 1674 1517 1519
f 1515 1517 1674
f 1675 1523 1516
f 1523 1675 1676
f 1523 1676 1677
f 1677 1687 1523
f 1687 1677 1678
f 1678 1691 1687
f 1688 1691 1678
f 1678 1683 1688
f 1689 1688 1683
f 1684 1686 1685
f 1686 1701 1685
f 1701 1686 1680
f 1701 1680 1681
f 1681 1519 1701
f 1519 1681 1682
f 1702 1688 1689
f 1690 1702 1689
f 1684 1840 1837
f 1684 1694 1840
f 1694 1684 1685
f 1694 1685 1701
f 1526 1523 1687
f 1526 1687 1691
f 1695 1691 1688
f 1695 1688 1702
f 1696 1702 1692
f 1840 1699 1693
f 1840 1694 1699
f 1526 1691 1529
f 1691 1695 1529
f 1702 1530 1695
f 1696 1703 1702
f 1697 1698 1708
f 1693 1699 1708
f 1694 1700 1699
f 1700 1694 1701
f 1530 1529 1695
f 1696 1546 1703
f 1546 1696 1704
f 1704 1705 1546
f 1705 1707 1706
f 1697 1714 1706
f 1714 1697 1708
f 1709 1708 1699
f 1699 1710 1709
f 1699 1537 1710
f 1537 1699 1700
f 1700 1711 1537
f 1700 1531 1711
f 1701 1531 1700
f 1530 1702 1541
f 1702 1703 1541
f 1541 1703 1546
f 1715 1546 1705
f 1705 1712 1715
f 1712 1705 1706
f 1706 1713 1712
f 1706 1714 1713
f 1545 1714 1708
f 1545 1708 1709
f 1545 1709 1710
f 1710 1535 1545
f 1537 1535 1710
f 1537 1711 1538
f 1531 1538 1711
f 1712 1548 1715
f 1548 1712 1713
f 1713 1542 1548
f 1542 1713 1714
f 1543 1542 1714
f 1714 1545 1543
f 1546 1715 1547
f 1722 1718 1716
f 1716 1719 1722
f 1719 1716 1717
f 1717 1723 1719
f 1723 1717 1720
f 1718 1727 1721
f 1718 1722 1727
f 1719 1731 1722
f 1731 1719 1723
f 1720 1732 1723
f 1720 1724 1732
f 1725 1724 1720
f 1720 1577 1725
f 1725 1577 1728
f 1721 1729 1726
f 1721 1727 1729
f 1845 1727 1722
f 1845 1722 1731
f 1723 1732 1731
f 1736 1732 1724
f 1736 1724 1725
f 1736 1725 1728
f 1726 1729 1734
f 1727 1730 1729
f 1730 1727 1845
f 1731 1842 1845
f 1736 1843 1732
f 1728 1733 1736
f 1738 1733 1728
f 1729 1735 1734
f 1729 1742 1735
f 1742 1729 1730
f 1730 1851 1742
f 1851 1730 1845
f 1733 1737 1736
f 1737 1733 1738
f 1605 1739 1745
f 1751 1761 1613
f 1734 1740 1604
f 1734 1741 1740
f 1741 1734 1735
f 1735 1742 1741
f 1748 1742 1851
f 1856 1844 1736
f 1856 1736 1737
f 1737 1743 1856
f 1743 1737 1738
f 1738 1744 1743
f 1744 1738 1745
f 1745 1864 1744
f 1739 1749 1745
f 1746 1749 1739
f 1746 1739 1610
f 1758 1604 1740
f 1758 1740 1741
f 1741 1747 1758
f 1747 1741 1742
f 1742 1748 1747
f 1856 1743 1753
f 1753 1743 1744
f 1753 1744 1864
f 1745 1762 1864
f 1762 1745 1749
f 1746 1750 1749
f 1750 1746 1754
f 1614 1755 1754
f 1615 1755 1614
f 1758 1751 1604
f 1747 1866 1758
f 1866 1747 1752
f 1747 1748 1752
f 1749 1759 1762
f 1759 1749 1750
f 1755 1615 1756
f 1618 1756 1615
f 1761 1767 1622
f 1751 1757 1761
f 1757 1751 1758
f 1750 1871 1759
f 1871 1750 1754
f 1871 1754 1755
f 1755 1887 1871
f 1755 1760 1887
f 1760 1755 1756
f 1756 1763 1760
f 1764 1763 1756
f 1756 1618 1764
f 1622 1767 1630
f 1775 1761 1757
f 1775 1757 1758
f 1758 1770 1775
f 1770 1758 1866
f 1865 1762 1759
f 1759 1871 1865
f 1887 1760 1763
f 1618 1765 1764
f 1766 1765 1618
f 1772 1767 1761
f 1761 1769 1772
f 1761 1774 1769
f 1774 1761 1775
f 1887 1763 1888
f 1888 1763 1764
f 1888 1764 1765
f 1765 1768 1888
f 1768 1765 1766
f 1766 1771 1768
f 1766 1631 1771
f 1636 1630 1767
f 1767 1772 1636
f 1768 1894 1888
f 1894 1768 1771
f 1769 1773 1772
f 1773 1769 1774
f 1770 1778 1775
f 1776 1779 1771
f 1644 1636 1772
f 1644 1772 1773
f 1774 1780 1773
f 1780 1774 1775
f 1775 1777 1780
f 1777 1775 1778
f 1783 1894 1771
f 1771 1779 1783
f 1781 1779 1776
f 1773 1780 1644
f 1777 1787 1780
f 1787 1777 1778
f 1901 1894 1783
f 1779 1785 1783
f 1785 1779 1781
f 1650 1644 1780
f 1780 1782 1650
f 1782 1780 1787
f 1783 1784 1901
f 1645 1785 1781
f 1786 1650 1782
f 1784 1783 1788
f 1783 1789 1788
f 1783 1792 1789
f 1792 1783 1785
f 1645 1793 1785
f 1782 1794 1786
f 1794 1782 1787
f 1784 1788 1791
f 1791 1788 1789
f 1791 1789 1792
f 1793 1792 1785
f 1659 1793 1645
f 1653 1650 1786
f 1786 1794 1653
f 1787 1790 1796
f 1792 1799 1791
f 1799 1792 1793
f 1793 1809 1799
f 1794 1656 1653
f 1787 1795 1794
f 1795 1787 1796
f 1809 1793 1659
f 1656 1794 1795
f 1795 1800 1656
f 1800 1795 1796
f 1800 1796 1797
f 1797 1806 1800
f 1798 1803 1802
f 1811 1803 1798
f 1798 1804 1811
f 1815 1811 1804
f 1799 1812 1791
f 1812 1799 1809
f 1800 1805 1656
f 1805 1800 1806
f 1807 1806 1801
f 1801 1808 1807
f 1808 1801 1802
f 1808 1802 1803
f 1803 1811 1808
f 1791 1812 1819
f 1659 1664 1809
f 1656 1805 1663
f 1663 1805 1806
f 1806 1668 1663
f 1668 1806 1807
f 1810 1808 1811
f 1814 1811 1815
f 1809 1813 1812
f 1809 1664 1813
f 1677 1807 1808
f 1677 1808 1810
f 1810 1820 1677
f 1820 1810 1811
f 1820 1811 1814
f 1816 1819 1812
f 1812 1670 1816
f 1670 1812 1813
f 1813 1664 1670
f 1807 1677 1668
f 1814 1817 1820
f 1817 1814 1815
f 1817 1815 1818
f 1821 1817 1818
f 1830 1819 1816
f 1816 1670 1830
f 1677 1676 1668
f 1831 1820 1817
f 1822 1824 1823
f 1825 1823 1824
f 1825 1830 1829
f 1830 1825 1819
f 1670 1671 1830
f 1678 1820 1826
f 1678 1677 1820
f 1820 1831 1826
f 1817 1690 1831
f 1690 1817 1821
f 1821 1832 1690
f 1822 1827 1835
f 1827 1822 1823
f 1823 1828 1827
f 1828 1823 1825
f 1828 1825 1829
f 1671 1679 1830
f 1826 1683 1678
f 1689 1683 1826
f 1826 1831 1689
f 1832 1838 1690
f 1836 1835 1827
f 1836 1827 1828
f 1828 1693 1836
f 1828 1840 1693
f 1840 1828 1829
f 1829 1837 1840
f 1837 1829 1830
f 1830 1684 1837
f 1686 1684 1830
f 1690 1689 1831
f 1832 1696 1838
f 1833 1704 1832
f 1833 1841 1704
f 1841 1833 1834
f 1834 1707 1841
f 1835 1697 1834
f 1697 1835 1836
f 1836 1839 1697
f 1839 1836 1693
f 1692 1702 1690
f 1690 1838 1692
f 1696 1692 1838
f 1832 1704 1696
f 1834 1697 1707
f 1839 1698 1697
f 1698 1839 1693
f 1841 1705 1704
f 1705 1841 1707
f 1706 1707 1697
f 1698 1693 1708
f 1842 1731 1732
f 1732 1843 1842
f 1842 1846 1845
f 1842 1847 1846
f 1847 1842 1843
f 1843 1848 1847
f 1849 1848 1843
f 1843 1736 1849
f 1849 1736 1844
f 1850 1849 1844
f 1856 1850 1844
f 1845 1861 1851
f 1845 1852 1861
f 1852 1845 1846
f 1846 1853 1852
f 1846 1950 1853
f 1950 1846 1847
f 1950 1847 1848
f 1848 1857 1950
f 1857 1848 1849
f 1849 1951 1857
f 1849 1854 1951
f 1854 1849 1850
f 1850 1855 1854
f 1856 1855 1850
f 1752 1748 1851
f 1851 1861 1752
f 1852 1859 1861
f 1859 1852 1853
f 1859 1853 1950
f 1951 1854 1953
f 1953 1854 1855
f 1953 1855 1856
f 1858 1953 1856
f 1856 1753 1858
f 1858 1753 1864
f 1752 1867 1866
f 1867 1752 1861
f 1862 1859 1950
f 1858 1860 1953
f 1860 1858 1864
f 1861 1873 1868
f 1873 1861 1859
f 1873 1859 1862
f 1953 1860 1956
f 1860 1863 1956
f 1863 1860 1864
f 1762 1875 1864
f 1875 1762 1876
f 1876 1762 1865
f 1879 1866 1867
f 1880 1867 1861
f 1880 1861 1868
f 1862 1883 1873
f 1956 1863 1869
f 1863 1874 1869
f 1874 1863 1864
f 1874 1864 1875
f 1865 1870 1876
f 1865 1871 1870
f 1872 1871 1887
f 1866 1879 1878
f 1878 1770 1866
f 1879 1867 1880
f 1868 1890 1880
f 1890 1868 1873
f 1873 1881 1890
f 1874 1959 1869
f 1967 1959 1874
f 1885 1876 1870
f 1885 1870 1871
f 1871 1892 1885
f 1892 1871 1872
f 1872 1886 1892
f 1872 1877 1886
f 1877 1872 1887
f 1778 1770 1878
f 1880 1889 1879
f 1873 1882 1881
f 1873 1883 1882
f 1882 1883 1884
f 1874 1875 1967
f 1875 1971 1967
f 1971 1875 1876
f 1876 1885 1971
f 1877 1900 1886
f 1877 1887 1900
f 1778 1878 1879
f 1879 1895 1778
f 1879 1889 1895
f 1880 1896 1889
f 1896 1880 1890
f 1881 1891 1890
f 1891 1881 1882
f 1882 1897 1891
f 1882 1903 1897
f 1898 1903 1882
f 1882 1884 1898
f 1885 1899 1971
f 1899 1885 1892
f 1886 1907 1892
f 1907 1886 1900
f 1887 1893 1900
f 1893 1887 1888
f 1888 1901 1893
f 1894 1901 1888
f 1905 1895 1889
f 1889 1896 1905
f 1890 1906 1896
f 1906 1890 1891
f 1976 1899 1892
f 1892 1904 1976
f 1904 1892 1907
f 1900 1893 1901
f 1778 1790 1787
f 1790 1778 1895
f 1895 1909 1790
f 1909 1895 1905
f 1896 1914 1905
f 1914 1896 1906
f 1891 1902 1906
f 1902 1891 1897
f 1902 1897 1903
f 1907 1978 1904
f 1900 1908 1907
f 1908 1900 1901
f 1901 1916 1908
f 1902 1911 1906
f 1903 1915 1902
f 1903 1979 1912
f 1903 1898 1979
f 1901 1784 1916
f 1905 1910 1909
f 1910 1905 1914
f 1906 1911 1914
f 1902 1915 1911
f 1915 1903 1912
f 1993 1908 1916
f 1909 1913 1790
f 1913 1909 1910
f 1918 1914 1911
f 1911 1919 1918
f 1919 1911 1915
f 1922 1915 1912
f 1912 1924 1922
f 1923 1916 1784
f 1791 1923 1784
f 1796 1790 1913
f 1913 1920 1796
f 1910 1917 1913
f 1917 1910 1914
f 1914 1918 1917
f 1915 1921 1919
f 1921 1915 1922
f 1993 1916 1923
f 1920 1797 1796
f 1913 1801 1920
f 1801 1913 1917
f 1801 1917 1918
f 1918 1802 1801
f 1802 1918 1919
f 1919 1798 1802
f 1798 1919 1921
f 1804 1921 1922
f 1922 1815 1804
f 1920 1806 1797
f 1801 1806 1920
f 1921 1804 1798
f 1815 1922 1924
f 1984 1932 1924
f 1923 1929 1993
f 1929 1923 1791
f 1924 1925 1815
f 1924 1932 1925
f 1791 1819 1929
f 1932 1930 1925
f 1927 1926 1993
f 1993 1928 1927
f 1993 1929 1928
f 1815 1925 1818
f 1818 1925 1930
f 1932 1931 1930
f 1940 1931 1932
f 1933 1926 1934
f 1926 1935 1934
f 1935 1926 1927
f 1927 1936 1935
f 1936 1927 1928
f 1928 1825 1936
f 1825 1928 1929
f 1825 1929 1819
f 1818 1930 1821
f 1821 1930 1931
f 1931 1937 1821
f 1937 1931 1940
f 1940 1938 1937
f 1940 1939 1938
f 1945 1939 1940
f 1940 1941 1945
f 1941 1942 1945
f 1942 1999 1943
f 1999 1946 1943
f 1946 1999 1933
f 1946 1933 1934
f 1935 1944 1934
f 1944 1935 1936
f 1944 1936 1825
f 1821 1937 1832
f 1832 1937 1938
f 1832 1938 1939
f 1939 1945 1832
f 1945 1942 1943
f 1943 1948 1945
f 1948 1943 1946
f 1946 1822 1947
f 1822 1946 1934
f 1822 1934 1944
f 1824 1822 1944
f 1825 1824 1944
f 1832 1945 1833
f 1945 1948 1833
f 1834 1948 1946
f 1834 1946 1947
f 1947 1949 1834
f 1949 1947 1822
f 1822 1835 1949
f 1834 1833 1948
f 1834 1949 1835
f 1950 1857 1951
f 1862 1950 1951
f 1951 1952 1862
f 1951 1953 1952
f 1952 1954 1862
f 1954 1952 1953
f 1953 1955 1954
f 1883 1862 1954
f 1953 1958 1955
f 1953 1956 1958
f 1954 1957 1883
f 1957 1954 1955
f 1957 1955 1958
f 1956 1961 1958
f 1956 1869 1959
f 1884 1883 1957
f 1957 1964 1884
f 1957 1960 1964
f 1960 1957 1958
f 1958 1965 1960
f 1965 1958 1961
f 1961 1956 1959
f 1959 1962 1961
f 1959 1963 1962
f 1967 1963 1959
f 1898 1884 1964
f 1960 1972 1964
f 1972 1960 1965
f 1968 1965 1961
f 1961 1974 1968
f 1962 1969 1961
f 1969 1962 1963
f 1963 1966 1969
f 1966 1963 1967
f 1898 1964 1972
f 1965 1968 1972
f 1974 1961 1969
f 1966 1970 1969
f 1970 1966 1967
f 1970 1967 1971
f 1968 1973 1972
f 1973 1968 1974
f 1969 1986 1974
f 1986 1969 1970
f 1970 1980 1986
f 1980 1970 1971
f 1971 1975 1980
f 1971 1976 1975
f 1971 1899 1976
f 1904 1978 1976
f 1979 1898 1972
f 1979 1972 1973
f 1974 1985 1973
f 1985 1974 1986
f 1975 1981 1980
f 1975 1977 1981
f 1977 1975 1976
f 1976 1982 1977
f 1982 1976 1978
f 1908 1978 1907
f 1979 1984 1912
f 1973 1984 1979
f 1984 1973 1985
f 1977 1990 1981
f 1990 1977 1982
f 1978 1983 1982
f 1988 1983 1978
f 1978 1908 1988
f 1924 1912 1984
f 1992 1985 1986
f 1989 1986 1980
f 1989 1980 1981
f 1981 1990 1989
f 1982 1987 1990
f 1987 1982 1983
f 1987 1983 1988
f 1988 1908 1993
f 1985 1992 1984
f 1992 1986 1989
f 1989 1990 1995
f 1996 1990 1987
f 1987 1991 1996
f 1987 1993 1991
f 1993 1987 1988
f 1992 1994 1984
f 1989 1995 1992
f 1990 1996 1995
f 1991 1997 1996
f 1932 1984 1994
f 1992 1998 1994
f 1998 1992 1995
f 2000 1996 1997
f 1991 1926 1997
f 1926 1991 1993
f 1995 1999 1998
f 1999 1995 1996
f 1999 1996 2000
f 1997 1926 2000
f 1994 2001 1932
f 2001 1994 1998
f 1998 2002 2001
f 2002 1998 1999
f 2000 1933 1999
f 1933 2000 1926
f 1940 1932 2001
f 2001 1941 1940
f 1941 2001 2002
f 2002 1942 1941
f 1942 2002 1999
