# https://github.com/mikedh/trimesh
v -25.03424024 -14.50411693 38.47044693
v -22.95214929 -14.41808908 50.16896479
v -29.11984650 -39.10816453 51.31059917
v -23.67829045 -41.56983641 48.76240853
v -26.62315239 -38.74662565 50.94064858
v -27.88065971 -18.73329026 61.01458690
v -19.12380119 -16.97015561 50.24042525
v -33.64368342 -11.00950059 42.57386422
v -49.51665868 -15.62789429 39.41176194
v -45.46449734 -11.31681131 48.96529612
v -40.13289326 -40.31768878 44.35284340
v -18.89740000 -36.28629383 49.00134129
v -24.25297805 -24.24135610 59.10920197
v -29.95683662 -11.05013352 44.93427614
v -35.24804758 -34.08263218 55.70843172
v -49.60759539 -14.11045049 41.38947969
v -23.28684190 -20.31990388 33.75742169
v -40.05540321 -9.55519397 47.64854526
v -20.35737125 -35.66712827 42.67740229
v -33.98215944 -27.09114528 60.31525056
v -32.31383723 -26.51319990 60.92099395
v -37.94344228 -15.96029780 35.01900636
v -24.19420123 -36.89795405 50.81312665
v -15.51036605 -31.85973543 47.03156263
v -37.67102217 -31.95488852 40.28604304
v -39.50437566 -22.17231126 60.48324763
v -21.40147710 -15.37966187 50.68829004
v -38.69818156 -22.55720509 34.24780461
v -34.75848269 -35.70811016 53.02235204
v -35.05695656 -43.21871515 43.96188725
v -18.08386200 -24.36313661 40.85243969
v -18.18972361 -21.56711424 40.63838875
v -34.34560508 -10.01539102 44.96107805
v -55.50538609 -17.27335168 50.20393203
v -20.38349837 -16.78107818 53.21746613
v -47.69440664 -12.47978878 46.96151936
v -19.94350672 -27.66302253 38.69742030
v -16.64447706 -24.92784025 43.75819372
v -46.38539104 -29.56681702 46.04444164
v -21.23919500 -33.92037497 41.00855701
v -38.40444354 -35.98295980 40.61058488
v -23.01227768 -26.11694511 36.62419047
v -34.77923870 -26.53835244 60.53998013
v -48.87806049 -16.56949548 53.27306278
v -44.02369460 -21.79466813 35.80840236
v -17.00759299 -20.06096357 52.04644049
v -19.27338092 -35.97853207 43.62914763
v -23.22829250 -33.74112211 40.63756456
v -33.04177992 -42.02563596 42.13203638
v -43.36830961 -25.99398873 39.49131902
v -38.48701908 -10.51012771 44.24048576
v -36.83850025 -40.17133768 40.83610812
v -14.82327113 -32.92280598 48.79377108
v -53.09508219 -18.91544161 53.03169929
v -59.09797970 -20.64716841 50.60465960
v -36.80839827 -27.17983935 38.61371226
v -16.44620883 -21.22061596 48.85483293
v -25.96472381 -26.78492402 37.26315456
v -55.62064789 -15.59279189 47.35710651
v -52.79812305 -20.70601475 40.35880421
v -18.64377674 -34.38541753 41.82962710
v -24.65099249 -12.85583704 44.58095398
v -31.06050173 -36.85285389 40.39234676
v -16.10287632 -27.00909124 52.47044992
v -19.04623215 -25.03805144 39.24515683
v -37.57650102 -32.63996633 40.34459561
v -50.58894560 -13.71416461 48.40520625
v -42.88377490 -31.48770488 50.34747886
v -45.32174184 -29.88899102 45.11419281
v -19.75547937 -38.64218712 47.59368045
v -38.41061673 -22.10419827 61.03856649
v -33.73357634 -14.27782485 35.50340864
v -20.55263432 -29.07151529 38.45375888
v -16.93962922 -34.67093983 44.13459418
v -33.30430911 -32.90974659 39.98094870
v -59.61062796 -20.13215857 46.86208758
v -22.03512287 -35.82020168 50.89587260
v -46.57386626 -30.12023040 47.58867028
v -28.62793039 -39.56855166 41.44844263
v -24.36138190 -21.43577366 31.76504111
v -28.72365171 -38.32605933 40.98704525
v -34.15064602 -36.27839597 51.96011421
v -45.04674618 -30.45908444 45.48229374
v -55.19344873 -15.47808920 41.81648218
v -24.42734273 -22.43182011 61.41509811
v -31.35392344 -23.01118621 62.08533601
v -30.21244865 -20.79925871 31.89245402
v -33.18326444 -43.21090273 44.81983142
v -22.74851377 -13.92193582 47.71744098
v -41.51444841 -30.71609769 41.51957680
v -45.33554607 -22.38934381 56.51255934
v -57.96645191 -20.38617742 45.03139544
v -34.63506281 -12.37434612 54.93578445
v -56.33365882 -22.21622882 47.36970210
v -39.16890561 -14.60742230 57.05538641
v -25.25525892 -38.21339532 50.59006784
v -44.51064266 -11.69123458 50.94965526
v -38.80875994 -27.23736056 56.81859260
v -44.01653976 -33.51270079 45.38652439
v -57.44136135 -22.16111711 51.67093302
v -32.07688069 -10.40655163 44.60475339
v -19.32652201 -36.88370153 44.74517808
v -22.78450814 -22.08080552 33.26239122
v -49.24465718 -13.07437692 48.10603972
v -41.45704255 -26.08509858 38.56095707
v -36.56385609 -41.07521650 41.16188075
v -21.81559856 -41.58488774 46.02000369
v -60.26442079 -18.91512636 44.75486746
v -39.79352862 -39.87938624 44.75039214
v -15.46677659 -28.98693920 48.03636587
v -34.87358648 -27.45707480 59.67396497
v -32.27176803 -32.14332592 57.77419519
v -17.65760327 -21.91795996 41.87350529
v -18.54293281 -36.05086131 44.34267818
v -29.35064500 -13.26219531 54.05277975
v -42.69777714 -29.57893870 41.91968486
v -22.38191064 -15.89555068 53.66563824
v -29.26951819 -30.58406254 39.21975117
v -47.54148951 -27.01268550 52.58724063
v -31.28780738 -14.91487521 57.03092123
v -32.47645788 -25.10537303 61.88460486
v -44.53858528 -13.95213111 39.42276844
v -52.42812129 -23.80653835 53.74352554
v -28.46316314 -23.28171315 62.29295693
v -33.27207816 -25.42868276 61.57496771
v -24.86741092 -37.97004513 41.78780104
v -27.87820367 -33.64717206 55.32512241
v -16.50376460 -22.08684781 45.71753976
v -45.72961647 -18.31573967 36.49862019
v -25.30443388 -13.50003549 40.09587517
v -19.23292211 -19.05730859 58.65762318
v -20.81128953 -37.35523372 49.37337060
v -55.40191147 -18.89507302 51.91621112
v -23.93829181 -13.16560073 46.39252783
v -17.00838827 -20.12682217 47.02467273
v -19.00895887 -22.99863185 55.71446344
v -56.83146623 -19.88701471 51.94015416
v -36.37442835 -14.15152089 35.79619671
v -26.68773880 -22.46685654 33.21900762
v -33.19495974 -16.64566170 34.51274294
v -19.81200136 -19.53809730 59.07399308
v -38.33307520 -21.76345978 33.85978370
v -15.88666834 -23.22431997 52.99700273
v -21.63355662 -22.97249528 35.05439551
v -52.93235107 -22.66748110 54.13040231
v -55.09224159 -19.97686231 40.77695697
v -15.07407838 -26.19613896 51.79511602
v -48.54915840 -28.96859317 48.70114292
v -18.11221694 -22.64391467 40.62900811
v -27.46558689 -25.98555943 59.99277395
v -31.83967685 -11.88596194 40.06710780
v -24.05618151 -28.49272735 56.08957014
v -40.11111848 -31.41666093 40.86951911
v -31.15067023 -43.22976989 44.06638835
v -25.66785984 -36.53144852 51.51005113
v -35.43455233 -22.13156552 61.46721749
v -54.90389140 -14.91252437 46.05957304
v -40.60918215 -27.85472410 39.53316402
v -34.36886297 -25.08256811 61.45708216
v -33.63078647 -30.40264636 39.52894495
v -38.87498728 -24.09003690 35.59414225
v -21.22168531 -36.09900912 50.36712334
v -54.65341017 -18.34371439 38.78747306
v -48.45705116 -27.09121778 44.32848137
v -23.37765827 -35.66970089 51.43209511
v -51.65516214 -14.11899357 43.12610462
v -37.59284642 -27.11794898 58.21147710
v -41.28418509 -9.67771754 48.15501299
v -15.54339705 -33.24151020 46.57731565
v -43.16326428 -26.02040035 54.47315262
v -16.24079939 -23.40795126 45.69587394
v -20.06402961 -33.87099997 51.51259839
v -35.27741627 -33.19991376 40.10805641
v -32.56909582 -35.42521547 55.47858441
v -49.60468186 -13.26054106 44.88890653
v -37.00872846 -20.01300407 60.89166511
v -21.10165906 -19.28650520 60.31811327
v -47.09934143 -28.93046307 51.16913477
v -38.76334539 -11.25635447 42.53600147
v -21.80954890 -34.44332109 51.89971617
v -35.16591964 -11.61516178 53.98662314
v -40.57723333 -27.06463747 55.14534466
v -34.48472115 -16.93088874 59.55962635
v -15.52975547 -24.76227347 52.35528232
v -19.07429327 -19.94306550 58.03029651
v -50.18299053 -14.77754976 50.64800695
v -31.23972326 -18.68052680 33.50605872
v -51.60054146 -18.41975853 37.97428844
v -55.72676927 -19.94686116 41.42774153
v -24.56665401 -29.86621948 55.83615865
v -20.27333930 -39.21665403 45.92692885
v -15.85169746 -27.92180303 46.42627536
v -17.20586343 -35.18495288 44.14936647
v -35.61862757 -11.10902315 53.07680431
v -18.44130523 -36.48155627 45.29566537
v -44.34155522 -32.85600922 46.12067553
v -32.08123866 -16.61251491 59.38232381
v -20.66573697 -23.31683749 56.67326848
v -32.02714283 -10.36431239 44.93891090
v -18.11614414 -18.44196399 44.36823138
v -32.87931115 -10.15451840 45.72089575
v -44.95649527 -11.04073714 48.41111678
v -55.21530114 -20.60742287 52.99550411
v -29.91803326 -24.35988040 35.62116734
v -21.99866085 -16.06042207 39.18595649
v -27.51215111 -23.94617294 62.02019896
v -22.54851619 -38.72581884 49.40790108
v -42.36769001 -26.67793449 39.45773685
v -43.65056921 -28.15662825 41.51313396
v -38.79156203 -41.02047870 41.19090475
v -16.48921258 -31.61924603 44.72621349
v -20.81401391 -27.41742522 37.63870714
v -21.54206085 -14.74861976 42.70505296
v -35.72651521 -23.43531335 61.48684974
v -44.54263947 -24.00270985 55.84043290
v -23.61904870 -13.26348418 45.47696833
v -16.02149372 -35.11966310 46.36072925
v -50.34818478 -18.43027396 37.64328051
v -36.43588364 -42.80719240 44.14722101
v -20.81227030 -15.56590945 41.90735218
v -26.58773983 -33.89002920 54.52865523
v -18.76109862 -23.73113070 39.46492473
v -43.18387171 -30.52087512 50.98211850
v -23.72145419 -31.18447373 54.90517585
v -30.32304365 -36.10791269 54.06692545
v -14.80565801 -29.29332956 49.67350335
v -59.75350414 -18.06402051 40.68835055
v -22.17301261 -24.70998671 35.99047985
v -37.46846281 -9.53239872 47.72677693
v -25.08959107 -17.31787059 60.10979126
v -15.83946561 -34.22464540 45.83642236
v -36.90691719 -22.54307887 61.34731595
v -26.05439032 -12.98676465 50.09540695
v -45.29585107 -26.47656064 53.36077390
v -33.47589388 -32.15391951 39.89140712
v -27.33140118 -29.32493857 38.62072091
v -32.43396787 -10.24794156 46.70822118
v -53.32236045 -24.88195292 48.13135912
v -45.91361109 -30.58841636 49.76786608
v -35.94733827 -18.86410970 60.69439234
v -51.94423617 -20.33261432 39.20246748
v -45.29362783 -13.60012882 40.30555362
v -39.03717759 -13.08910411 38.41659898
v -55.26985916 -23.81021421 51.99119722
v -18.80110106 -29.00759181 40.15357579
v -39.28744107 -16.21706920 35.33778890
v -23.86741990 -20.55480702 33.03198894
v -56.72435516 -17.90793083 50.03136723
v -20.00583291 -33.41804338 40.88202381
v -20.83120402 -38.00976390 49.00803682
v -35.36400417 -9.82014087 48.01161817
v -20.38437011 -15.74557316 42.88095998
v -36.60143526 -31.78566368 55.92099051
v -34.45296421 -36.87262438 50.44689958
v -25.13143184 -17.48250374 36.00481850
v -35.07011893 -19.85477024 61.05503593
v -43.39705771 -31.33643417 43.63260198
v -43.06915272 -36.03065852 43.72647518
v -15.98530119 -34.12227634 48.79307098
v -32.35589036 -28.60167834 38.83349348
v -32.87269081 -10.79238770 43.41037249
v -47.00760940 -25.74421820 41.89081057
v -19.05997418 -17.14710569 51.02578007
v -41.83762321 -36.99015781 42.27883109
v -18.32414436 -20.02097613 41.18325348
v -32.32933175 -25.10418991 36.44578914
v -25.06650258 -26.23009440 57.81786683
v -30.24720135 -42.48228927 42.94970788
v -28.96648582 -36.10059146 53.46797162
v -37.26476348 -10.92880463 53.23081874
v -42.13277342 -28.40624337 40.61612627
v -45.36564746 -18.06193953 56.18241893
v -60.00827099 -17.91698868 41.53900886
v -36.25384131 -23.35806100 61.40233169
v -21.71996278 -32.11519765 39.77715997
v -24.87832963 -15.27437890 54.56670574
v -40.29528029 -21.46772751 34.47766923
v -41.55885704 -38.52021386 41.95871960
v -19.85658341 -36.62495325 44.01601152
v -25.80378908 -27.47099623 57.48404588
v -44.47411232 -21.19306390 57.40698214
v -35.46868310 -21.27896356 61.34415847
v -26.99382945 -14.09419300 53.72823465
v -42.48813635 -22.01257475 58.32814207
v -60.00919997 -17.98683762 41.12711272
v -50.22722151 -13.25412039 47.30773110
v -30.93079770 -20.41108535 61.57640341
v -48.21016403 -19.34262728 36.79643465
v -35.88718205 -23.61913031 34.97204247
v -49.46002649 -23.83094497 41.91883027
v -28.38264108 -15.09313357 56.22366543
v -52.18164072 -25.70448791 46.51252486
v -30.35911429 -10.76361568 45.55945289
v -18.32312331 -33.48941830 50.82825958
v -19.72495476 -28.89512917 53.83057208
v -34.17830896 -15.64462037 58.65885032
v -46.61381967 -30.28970532 49.50416074
v -30.02326763 -21.08355557 31.97097728
v -32.71854404 -26.58176174 37.77370724
v -24.70957047 -13.05566944 42.50398912
v -36.59230039 -13.11131005 56.21448703
v -34.56388705 -37.29589902 49.73166403
v -22.99971607 -19.45028930 35.07444356
v -38.47276810 -20.38963132 60.64078919
v -15.76392484 -34.66209514 47.83344783
v -49.46563224 -26.78415516 52.45747765
v -21.59166853 -25.76968547 36.73334608
v -40.33503081 -11.78832772 41.27479508
v -54.38552498 -24.80936423 51.59717059
v -44.62600228 -32.11766359 46.32324961
v -16.81869382 -20.21086648 49.47914869
v -44.74208104 -32.12185413 46.84366970
v -17.34065898 -22.60521891 42.49634475
v -55.94053294 -23.58731501 51.18355368
v -53.84956191 -14.73665092 43.18754048
v -44.53247938 -28.67909788 42.78401578
v -49.00906026 -28.07788319 46.62421319
v -27.20308865 -27.73727609 37.92743019
v -27.20603861 -30.29986471 56.81509842
v -18.32634961 -19.98847595 57.14180746
v -31.34659809 -11.11153427 49.78526317
v -27.85605145 -42.49294099 47.45161917
v -51.15534930 -27.18254888 49.83835560
v -26.46275181 -32.16367495 55.60353838
v -21.36027919 -35.44987178 50.88463678
v -59.55182842 -21.27611229 49.95242906
v -32.65830661 -17.15992592 59.73974317
v -34.26023626 -29.99680522 58.42844560
v -35.33640859 -11.01744295 42.29588937
v -47.51876671 -23.29929033 39.99150804
v -38.21232862 -42.14061080 43.99089579
v -17.75879059 -19.57260968 43.59378702
v -15.00977567 -27.24714868 50.33663097
v -16.97316270 -35.69942699 45.73190388
v -20.41656644 -37.26778332 44.09724346
v -32.18950577 -11.15193352 50.87861021
v -35.43019749 -17.64091857 60.00204698
v -59.05086706 -21.48854023 49.62000145
v -46.80636000 -16.94763152 37.52533744
v -55.41692336 -19.62578244 52.42919241
v -57.42474855 -16.71940975 41.04069653
v -38.68545924 -22.22977842 60.94519469
v -34.12118268 -25.26395031 36.80369827
v -51.97792498 -14.78481953 49.44237012
v -48.98530016 -24.74504319 42.42602182
v -22.04141446 -27.50146643 37.31948258
v -27.22978354 -25.66048859 36.51682476
v -42.35333263 -31.49677206 42.51204903
v -51.06761106 -26.44462576 45.79820167
v -41.64742190 -33.83289465 48.99218442
v -26.95396536 -13.36056641 38.95191787
v -32.70601767 -37.41054865 51.26667809
v -37.54567996 -23.75133206 60.99843642
v -40.90395305 -9.68356403 47.45032758
v -15.16489453 -31.66937789 49.84323154
v -46.03909155 -30.82609939 48.81442681
v -44.82682284 -28.71835209 51.82878287
v -45.72476087 -11.64754924 46.89689244
v -55.07213090 -21.37050278 53.22901683
v -36.03492419 -20.09185679 61.07263137
v -38.50687357 -39.96945775 45.20797224
v -25.65143217 -16.90420155 59.41312884
v -32.66587005 -29.66165451 39.19313167
v -17.21383961 -24.30843401 54.07561552
v -19.85314596 -18.06862837 39.74726775
v -42.04640451 -40.26174021 42.74915135
v -41.90303955 -21.76855586 58.89326742
v -34.88593113 -28.15643677 38.95011381
v -48.80914622 -15.76434591 52.64888494
v -18.22333254 -21.99695493 40.43493567
v -23.87577400 -22.65767698 60.68057753
v -46.08555651 -20.52349679 56.54417248
v -34.96485794 -43.10900403 43.28068480
v -18.90853801 -24.86827141 54.81663328
v -28.64381479 -23.31810086 34.40899725
v -22.24918529 -16.41831446 38.54299918
v -48.64051607 -22.24827208 55.43522272
v -25.87960538 -20.32040080 32.47148020
v -38.47942820 -23.23207353 34.69937074
v -49.97450805 -25.55390722 43.96848166
v -29.04240129 -26.00743777 60.79636443
v -52.34334512 -15.96606666 50.70417479
v -16.67650567 -29.94103812 44.16639138
v -15.85233116 -32.25539243 46.17999121
v -25.64700278 -29.15096833 38.43667140
v -23.19835201 -30.62428903 38.91200750
v -47.54698127 -29.42136595 47.65264488
v -24.18575371 -40.01497366 43.13775998
v -23.05379585 -41.61856041 44.97189821
v -19.83678224 -38.97876879 47.10783470
v -40.22755948 -9.91894956 46.53205337
v -34.58714308 -17.66347186 60.05613115
v -20.70731874 -25.09554159 37.05603118
v -23.50771216 -16.82502806 58.30500737
v -36.88768959 -31.29579991 40.05304516
v -42.72369658 -34.40809649 47.90039492
v -22.91509309 -20.81419393 33.51619301
v -27.52843342 -21.24808611 31.75487782
v -28.13123900 -40.84419502 50.66343649
v -36.09079532 -11.42674202 40.64404771
v -17.87563808 -18.38376978 48.79210368
v -55.38026951 -23.10593916 48.04355315
v -24.90443687 -14.23124943 52.13302778
v -34.57548109 -42.44182604 42.29945686
v -58.99285634 -17.69857041 44.88950414
v -22.67050143 -22.47864456 33.74223021
v -37.45062992 -25.13821420 36.75853770
v -28.75214934 -24.01812879 35.15582766
v -22.70502162 -27.13310175 37.09485832
v -50.55872961 -27.47174415 51.50363255
v -44.74317992 -14.05394981 53.77234092
v -42.35972483 -35.28223568 42.87254663
v -58.66941958 -18.18489716 39.98356472
v -33.94507225 -42.28050751 42.22637788
v -44.32487069 -32.41037094 48.82920825
v -26.03235310 -42.43625584 46.24617520
v -50.29741275 -16.82800498 52.76678566
v -20.98863740 -18.89087699 37.56918306
v -50.73732644 -23.31328047 42.35921787
v -34.46226299 -23.35288465 61.65234637
v -30.04683421 -16.96832602 34.81679300
v -32.27180404 -40.18383117 41.21665456
v -23.64456141 -16.93306713 37.10492879
v -34.27663044 -21.22265956 61.46499452
v -52.75548317 -25.30666396 52.47882327
v -22.27707490 -26.88842113 37.00309380
v -27.70263837 -12.91516292 51.70027078
v -57.19319800 -18.90287222 39.38548886
v -21.65884939 -15.71789072 40.07392412
v -42.38630857 -21.27698670 58.70265064
v -32.64015386 -18.42512727 60.50662923
v -21.30293391 -22.82737018 57.63839621
v -22.25629038 -18.76392485 60.82039132
v -21.65146732 -30.16326690 38.62953772
v -35.43664391 -19.40961795 33.59210970
v -16.56017967 -30.69763414 44.57399591
v -47.89342269 -22.51180928 39.40104130
v -42.42598070 -12.01572762 42.53070834
v -24.77366060 -35.72362984 51.85762064
v -51.65506670 -26.90247309 51.35299141
v -17.83136390 -20.91400032 41.86133670
v -22.18239345 -19.01602771 36.22719824
v -34.39047486 -20.45835811 32.84784690
v -58.98431117 -18.55129573 40.31569134
v -35.30975111 -29.42729901 58.24825643
v -28.19872906 -16.63566841 58.88199309
v -60.39728523 -18.76469576 43.07547573
v -57.52402072 -22.56555546 50.72717197
v -54.26076675 -20.33602440 53.26143202
v -18.07840334 -20.55456929 56.61056824
v -57.52702706 -16.76396494 45.40146369
v -17.25823897 -34.92747733 43.79492045
v -41.08143566 -13.92672443 38.11719297
v -29.17122378 -20.02327104 61.61209860
v -36.70373618 -11.19756358 41.56065402
v -52.47418674 -20.19581471 54.06477599
v -37.69214766 -16.61625584 58.99711100
v -33.68736747 -30.37024850 58.41235794
v -43.97609547 -18.15932535 36.23419235
v -19.08553512 -23.41484013 38.80897466
v -49.69139369 -13.61593749 49.18482924
v -53.00399834 -14.17723939 44.84626460
v -57.06998537 -21.37993215 46.45623156
v -25.46376199 -16.25669734 56.96639723
v -29.93990819 -42.84832436 43.58911800
v -32.47318485 -38.11052604 40.58041473
v -29.97550099 -42.77175236 47.01610471
v -53.35403818 -21.62152784 54.09902652
v -22.48736772 -39.86942871 44.11386231
v -24.34868671 -16.75631221 36.91664351
v -27.32503169 -19.34694653 61.40807280
v -50.49453192 -25.98932345 52.88576708
v -33.87455983 -10.29707924 48.98623439
v -50.26792098 -23.02000822 41.68662052
v -45.67641758 -30.07067726 45.90665324
v -52.35289093 -23.23260737 43.80227627
v -16.31444972 -28.01744704 44.67453465
v -33.19434291 -10.63644522 49.70518861
v -54.18750911 -15.51346786 41.06020016
v -40.23321800 -30.47857682 40.65087151
v -31.28571360 -40.58491718 48.94081866
v -16.09421665 -22.50735852 53.49278842
v -20.83783947 -30.17056516 38.76270382
v -54.67584890 -17.53910477 39.06133706
v -21.06440430 -41.21553943 47.21746028
v -15.63381516 -24.53256027 48.90054571
v -34.56019879 -31.91093055 39.90819256
v -19.42047155 -38.30382201 47.51202951
v -22.56165381 -35.11586906 51.64130504
v -35.18678809 -40.38876829 40.98503413
v -37.14935249 -42.34091609 42.21638050
v -42.55520374 -37.03770106 45.44528837
v -25.84546023 -37.70743098 41.37375670
v -56.64089590 -22.86932911 51.67108822
v -39.69648558 -32.34677982 40.87737035
v -57.42358298 -18.92353620 50.74740424
v -24.68016279 -42.30321902 46.72084541
v -23.85832737 -29.78008491 38.54985785
v -21.51986796 -41.37551453 47.81260503
v -55.49110348 -23.98241044 50.88893604
v -31.29090835 -21.23035848 32.21712078
v -44.67848211 -21.46598023 35.97417311
v -18.75573706 -17.42707396 44.42323196
v -43.51711037 -25.01173389 55.47609368
v -24.22955512 -20.08433820 33.36079476
v -35.46907308 -18.48729875 60.55165405
v -37.02511624 -34.56543622 51.55077050
v -53.12738583 -25.46706922 49.50761573
v -22.83225716 -36.73611500 50.47823034
v -37.88844193 -17.68142316 34.70490909
v -23.54774400 -34.22917459 40.83682258
v -19.28353237 -30.26025751 39.74173422
v -53.90858757 -15.15610469 48.54858100
v -30.69540020 -12.11403428 52.55857137
v -17.65602276 -19.88197340 55.83159082
v -42.21761958 -32.90153797 49.59188243
v -41.22929803 -33.53241332 41.89547557
v -26.74341743 -20.95711645 31.77180739
v -19.80737894 -36.24576395 43.61402396
v -31.44782824 -31.20181070 58.04824957
v -36.81158206 -17.55415029 34.49425372
v -25.67475626 -39.97301198 42.40392302
v -15.83862515 -28.49371910 51.78054828
v -19.82049606 -38.27007939 48.08171812
v -52.08287987 -19.64590309 38.29292197
v -47.08246005 -22.73381458 55.70025001
v -31.35446706 -42.72955097 42.98439028
v -18.51209449 -18.79693984 41.96931435
v -40.58446963 -31.81116542 41.23909735
v -31.76331498 -10.76990985 49.03097959
v -18.38991089 -31.63871148 41.18256697
v -42.05558924 -38.68744177 42.42273531
v -15.06285829 -34.20048972 47.89591171
v -33.90503875 -35.33622871 55.25719732
v -35.17006067 -16.78972709 34.44880174
v -18.33967980 -34.77050979 42.45224166
v -30.77317634 -29.16121757 38.84110337
v -27.09197064 -23.77476744 34.84068976
v -20.12284867 -15.87738230 43.55497700
v -29.78949583 -11.60422316 42.88930750
v -18.05289288 -18.79364112 43.89962356
v -43.90345957 -15.05026332 38.07956956
v -17.45374002 -34.45546210 43.08125375
v -36.66565364 -35.36445919 40.28867585
v -50.56517104 -21.61520553 55.08913377
v -46.05480726 -13.37779255 41.15495255
v -49.88352142 -19.73125680 37.33603725
v -28.82614607 -17.99497170 60.39613139
v -22.20797311 -18.01936638 60.34026740
v -19.22019799 -37.13554800 48.57431211
v -16.20336127 -31.96685510 45.37408337
v -40.34160782 -41.50872401 43.01471736
v -33.08001925 -13.13583248 55.42010066
v -27.80292182 -13.54449492 53.36934879
v -28.61512021 -28.21643209 38.37369835
v -50.99383650 -17.83735777 38.08431677
v -28.41148387 -14.23576394 54.93931688
v -46.89671843 -29.46618922 46.62515339
v -43.25740128 -10.27939602 49.09122260
v -22.39831866 -21.07200385 33.86546852
v -53.93793257 -21.35768307 42.88364983
v -43.25915084 -25.41589874 38.93416494
v -38.55422099 -25.91724056 37.70231318
v -21.02417407 -20.32417604 59.86433804
v -53.38257194 -25.29499502 52.10531831
v -40.74637918 -22.07475964 59.65372352
v -56.84069108 -20.38760756 52.18338285
v -24.12202398 -13.01366756 45.29511831
v -40.88236628 -38.46367396 41.50107929
v -33.58348370 -18.60514443 33.63747623
v -54.36352198 -18.76389146 38.66110555
v -54.90637934 -15.44911734 48.10302264
v -20.18599439 -17.95129979 58.83172648
v -46.37994781 -20.62557300 36.33852706
v -36.18683303 -28.98584070 57.92432997
v -56.22873426 -20.74006925 44.15656669
v -38.50139312 -42.23479295 43.61101606
v -40.61578618 -21.10433123 59.80916753
v -29.35353936 -29.90314796 57.98591973
v -42.32165822 -13.01766118 54.21591803
v -19.52304257 -35.46183652 49.98859242
v -55.25899309 -15.07896971 44.89617682
v -58.25443518 -18.85540720 40.09464277
v -57.42787356 -17.42473644 40.08910593
v -30.84509860 -13.04130970 37.63853058
v -45.05718525 -24.57737096 55.16301525
v -41.82970580 -40.45500947 43.07839474
v -28.69945115 -11.55404294 48.36628099
v -57.02125528 -21.27633358 52.18940371
v -22.48488316 -38.37103503 43.18782483
v -31.59938063 -43.04714127 43.32994451
v -55.03072777 -24.24123178 51.49393749
v -24.79531017 -15.03639127 54.01243174
v -18.76728440 -20.02324806 40.23503737
v -16.99093646 -34.90678883 48.68491137
v -30.79443247 -30.68861106 58.13212090
v -18.92068732 -26.90079257 39.94088593
v -47.08654886 -19.06511838 36.51971491
v -40.22951113 -13.26782514 38.72791560
v -22.28462700 -31.46701457 54.17365413
v -16.53532805 -24.78570003 53.47913782
v -41.50856249 -39.63097451 44.13055763
v -15.76604162 -23.40605691 50.09892167
v -38.02392886 -14.90824327 35.67317909
v -32.94734017 -17.89517682 60.16600364
v -37.66034987 -29.95763504 55.76014907
v -37.45094608 -32.30014309 54.40403149
v -48.24315164 -24.56318013 41.71220718
v -26.48146426 -21.78541795 62.28798373
v -22.69445335 -23.37029549 34.71179769
v -19.38776767 -27.75998642 39.39436973
v -36.26475921 -24.81360014 61.03952744
v -44.21599220 -31.60968814 45.07558962
v -33.19080718 -21.12044220 32.42739826
v -54.06189208 -20.66241726 41.49038838
v -33.50714225 -35.08390543 55.74238021
v -38.22705593 -31.08688996 40.20864983
v -40.58873629 -38.88264479 41.32678378
v -54.97688196 -24.30844515 50.48047940
v -47.81706536 -20.76764059 37.25505354
v -21.64812265 -39.19809186 48.77097042
v -38.03094292 -11.70553992 40.35647761
v -22.57491672 -14.97434040 51.20113469
v -32.17174894 -35.00445665 55.85653496
v -19.32394328 -19.74544003 58.46221776
v -25.51095950 -32.96889760 40.11721790
v -40.87600291 -35.88338511 47.24455423
v -21.77542389 -20.27190843 35.29538832
v -22.57785570 -15.31210563 52.17419739
v -43.37521357 -35.42004265 46.10760958
v -24.02714097 -41.96225409 48.25745030
v -42.62118908 -19.11495652 58.23902831
v -36.97805472 -21.64444605 61.24597327
v -42.83391773 -12.31224195 53.15810387
v -16.63622565 -31.67946579 50.91275364
v -43.31611817 -30.37715386 43.09129896
v -25.65869657 -34.92593997 53.02897933
v -20.49725732 -20.66695982 36.90104343
v -50.03484609 -15.07939357 40.14712459
v -53.49513993 -24.39019321 47.13765732
v -26.08316370 -32.14714715 39.76975278
v -29.87215012 -22.86640554 33.97018111
v -19.39684194 -35.37842089 42.81803582
v -16.93398507 -22.81924449 43.53365484
v -32.26703371 -11.17270264 42.56935413
v -18.87984934 -19.57570840 57.96198699
v -50.21243117 -26.43209687 45.02477559
v -47.75131936 -20.01044044 36.65410654
v -32.08155617 -38.99341977 49.76782558
v -21.27811373 -20.71514559 35.60228395
v -44.27841706 -21.22731249 35.74858832
v -33.01794938 -10.24896481 47.55012364
v -22.13295985 -30.02616568 54.67110813
v -34.50646598 -24.49389391 35.94976958
v -21.71264041 -16.55925216 54.55779823
v -19.51361127 -21.21689809 38.23887890
v -55.67715157 -22.28589440 46.80010964
v -25.59240372 -35.18061237 40.73600623
v -44.53346369 -25.78755710 40.06439355
v -59.66281786 -20.98117729 49.93132902
v -53.41675344 -19.83722780 53.45128753
v -38.08128701 -28.14619617 56.69547996
v -27.61350428 -25.09755692 61.09771694
v -55.01523208 -21.08378745 43.56620330
v -24.32425354 -28.99924864 38.22952442
v -55.94034796 -16.82157773 39.99674701
v -41.91783306 -16.31021035 36.46570906
v -39.94244077 -14.88467061 36.50085824
v -43.04736558 -37.29592422 44.55090563
v -28.02353600 -42.33131505 43.34744201
v -19.27152686 -18.50695754 40.44000069
v -50.39699256 -13.36712458 46.13262756
v -35.75252890 -21.58650695 33.07483922
v -42.40022174 -36.66341134 42.78337770
v -25.47650040 -40.79404943 43.00163871
v -33.74542687 -17.50147665 34.22090906
v -43.70532991 -20.77894688 35.48798994
v -14.94401912 -32.11168694 49.43808800
v -20.47979592 -24.31681381 37.05395866
v -22.40098568 -41.74964526 45.54704128
v -25.14865613 -15.83203687 55.82637522
v -30.87011834 -23.38719218 34.64996635
v -14.94258223 -30.77927653 48.85335773
v -15.34346281 -27.31870913 51.93372392
v -48.64708477 -22.67361119 55.30048583
v -16.20724861 -22.84373468 46.55506030
v -28.02829364 -31.14254062 39.38474060
v -20.60010452 -18.04344716 59.59831070
v -21.76376904 -34.20159316 41.09909853
v -22.26889857 -22.97665983 34.49709180
v -25.87682892 -14.29527747 38.22694540
v -23.59379243 -32.32185591 39.88864090
v -39.11743614 -11.68881823 54.27402688
v -49.94985691 -27.68947099 47.54907497
v -31.66054813 -18.28783014 60.47726883
v -19.36964573 -26.51789757 39.15336773
v -23.27473921 -14.41930574 40.39277628
v -31.64443478 -36.67834571 53.37261475
v -38.41602980 -22.04545513 33.94311036
v -42.13263374 -25.45423348 55.79192708
v -26.54880292 -38.37512182 41.41131224
v -54.79659545 -21.11667418 53.31309994
v -36.04569736 -11.42062771 53.92275466
v -21.17239920 -29.61262438 38.39323198
v -15.64490013 -25.66219223 47.26619780
v -25.21880702 -25.56336022 58.55931630
v -48.88454850 -21.54283794 38.97793635
v -23.64804073 -21.69044863 32.04949424
v -16.10514793 -27.84160505 45.23820230
v -42.26503449 -31.14733679 50.86052832
v -39.10753130 -26.98623689 38.70318806
v -44.97860790 -22.98139366 56.36432819
v -20.87805074 -15.04391417 47.42022535
v -31.40305028 -12.14822545 39.38104713
v -46.01948111 -25.49436654 40.93481828
v -35.99019913 -26.73596713 59.82323958
v -23.11687335 -18.53904503 60.87610932
v -16.56592595 -35.26780672 45.21634028
v -36.63729352 -16.03803763 58.78590524
v -29.38828842 -21.41214472 32.20099427
v -58.39009619 -20.61681271 51.36313275
v -29.37521518 -19.25145403 61.19288982
v -35.47518511 -25.02708881 36.57147541
v -31.54390406 -11.46783445 42.00968665
v -46.44642564 -25.19890306 54.22323769
v -20.67909972 -17.30731908 39.26834723
v -30.06184451 -41.90365417 48.53431470
v -20.44734208 -29.91771262 38.85324905
v -42.58716657 -28.26909296 52.90395371
v -46.76290528 -14.43306625 39.69142694
v -39.02286042 -10.00720778 51.25717454
v -19.20623549 -18.78309781 57.91453030
v -41.15318918 -22.54996711 34.88568476
v -48.18052010 -25.53190441 42.58502729
v -32.75929758 -19.68459801 32.87077627
v -26.08795337 -35.80156852 52.28502964
v -43.32946275 -35.65531795 44.15820439
v -36.65405275 -13.99606831 57.06039959
v -18.45032558 -34.34839938 41.91563797
v -23.04474203 -32.10219361 54.17454174
v -29.70889724 -34.22615990 55.73635074
v -21.23784479 -26.81850709 55.29340636
v -30.14860960 -31.48163756 57.48063612
v -19.67808911 -30.61747411 39.54401653
v -23.05454216 -13.59761967 44.60578934
v -52.40106945 -16.56263660 51.40062616
v -41.59159848 -32.05485715 41.97793925
v -20.44046468 -27.82644884 38.11758789
v -40.91832430 -32.55564356 41.57449588
v -36.64930098 -12.85930361 37.87179426
v -51.22047662 -26.00085661 45.47280872
v -23.02877125 -41.87220977 48.15240145
v -59.60879108 -20.13779318 48.06399239
v -15.77749476 -26.79958958 46.38461245
v -18.81312470 -37.81623180 47.20604206
v -24.74507445 -21.30052982 62.01298648
v -22.65409962 -32.22293022 39.85069664
v -42.79590301 -13.40260135 39.46544125
v -35.99877049 -14.48238021 57.55174445
v -36.34235322 -34.72149140 52.74048807
v -17.10162024 -25.54623158 42.79728309
v -22.85095454 -16.93038168 58.26605622
v -44.46924791 -22.57819167 56.84927358
v -44.35853064 -12.39783146 42.85416183
v -30.99747687 -33.03852054 39.90074151
v -22.83687790 -23.71883162 58.16147466
v -41.11074672 -26.98388747 39.13210690
v -42.41761686 -23.11234966 57.73679302
v -33.04365716 -36.06041608 54.46683402
v -35.52187062 -15.47375545 34.74734000
v -36.05989545 -15.04769196 58.10625515
v -29.23169888 -43.00536931 44.40686130
v -22.25072653 -29.53245249 38.28168430
v -40.55325789 -28.98389886 53.62086450
v -41.54720284 -9.97233564 50.25963704
v -16.68653311 -34.95766659 44.73627673
v -29.69511750 -27.81096058 59.46709296
v -16.01495628 -34.69302234 45.70381938
v -24.21563449 -34.32791718 52.97833798
v -27.59920794 -31.73631944 39.61408881
v -53.76824612 -18.02971494 38.66921671
v -57.83120922 -21.53563214 47.55819402
v -56.37361199 -15.88237501 42.08619310
v -33.45299746 -42.66874491 42.57163062
v -38.01037096 -9.58964850 49.07543862
v -14.64539463 -28.04018740 50.81829110
v -27.76195466 -13.26881756 52.68367492
v -57.75726054 -18.12638024 39.62861637
v -29.75144335 -18.58474820 60.77213550
v -18.40964364 -20.90643731 40.52342195
v -45.62653146 -31.00832055 47.36584435
v -43.57779226 -31.97646108 44.13442214
v -43.52114417 -29.73153061 51.46119297
v -56.99951090 -22.48401412 48.87813173
v -39.10003519 -41.43446193 44.05017889
v -15.24059927 -26.24109044 52.10872380
v -36.56628030 -27.91100409 58.44262423
v -40.25019583 -17.14487015 35.47300668
v -23.20145926 -21.30325471 61.14496398
v -56.13637540 -15.63136708 44.97971487
v -17.32263302 -26.60299919 42.48353270
v -37.55909239 -9.95857448 50.71192076
v -39.92662248 -10.19893709 45.63722854
v -50.39760948 -19.29627595 37.44683416
v -24.15698592 -15.97115172 55.53952327
v -28.33194556 -25.87767723 36.79142149
v -27.36828136 -22.89257362 33.91561346
v -60.50876647 -18.53400361 42.51395105
v -24.10799523 -14.25386387 39.68286854
v -22.75145978 -21.59243019 60.62057773
v -40.70222941 -33.51269078 41.53587895
v -27.12914079 -12.88177477 51.12796154
v -54.38127861 -24.55835777 52.02058316
v -42.66165197 -20.18299348 58.48941150
v -23.86324553 -39.82372828 49.65973106
v -21.14959853 -40.83485657 47.72756462
v -27.51791889 -17.68403380 60.26106282
v -18.01517292 -27.96953698 41.38318218
v -24.90729098 -21.11352192 31.87605038
v -20.86227840 -36.42958801 43.10665402
v -15.66629084 -32.60901218 49.73388816
v -16.69384384 -23.67305450 53.98879262
v -36.96821262 -13.38590031 37.05865998
v -34.34025153 -34.16422016 56.29474825
v -46.58010041 -14.14333251 52.46988689
v -27.13716196 -12.31698448 42.23369502
v -23.75974547 -42.30366056 45.70050051
v -46.51794323 -20.31727105 56.30925170
v -55.67020667 -20.27440794 52.66438645
v -42.73766011 -34.24874314 43.36019722
v -20.51534634 -29.61718793 54.06165112
v -32.75447846 -27.38986006 38.31517674
v -31.69047141 -10.61139976 48.28538296
v -15.77060103 -28.64677318 46.75742509
v -40.90371402 -29.57491549 40.65809775
v -41.70574392 -40.51204483 43.23179457
v -59.28929199 -18.78808054 41.85501398
v -55.01863510 -22.15200882 45.51386455
v -20.74874418 -17.77363384 59.38631430
v -16.28757760 -33.36969173 49.64090146
v -25.46716444 -28.44984430 38.08043947
v -54.15244058 -19.57119465 52.96529689
v -14.74375976 -30.23176777 49.86640426
v -58.58458042 -21.86100885 50.01262137
v -47.68337116 -21.06676955 55.91146753
v -45.13566192 -26.10675307 53.73085847
v -23.82052587 -33.20384861 53.82191377
v -15.44311286 -25.50593868 49.87376399
v -45.16232316 -31.77911779 48.07425174
v -58.86557441 -21.66123209 50.65595555
v -48.46324749 -19.64507496 36.86985669
v -26.35821036 -12.74700114 41.28925976
v -42.08989333 -10.26835506 46.67538703
v -20.11846492 -18.71901317 59.52809625
v -26.85149490 -41.32825499 50.41154986
v -39.95927400 -24.49471709 58.71179721
v -28.26589242 -36.73318770 40.62553731
v -56.11164115 -23.08251896 49.10252668
v -20.68608061 -40.36209313 46.98699256
v -47.61262995 -22.33521504 55.69976529
v -26.01142241 -23.22839775 34.15748821
v -40.69976629 -10.75519448 52.22839010
v -23.91152232 -13.30380572 43.00483378
v -45.73188613 -29.63294208 50.90653357
v -20.57477786 -39.59781476 47.83062489
v -27.76526787 -42.69722466 46.45995427
v -22.60645544 -42.13520824 47.79294584
v -21.94553591 -37.39604116 49.82059031
v -41.66013973 -29.29318148 40.91897347
v -52.47912407 -19.05037996 38.22267177
v -34.79336616 -13.04815972 37.07349345
v -58.30743080 -18.46708918 48.26981166
v -37.70734652 -25.78298035 37.49243703
v -24.62759767 -12.92801357 43.67701669
v -28.73066707 -40.14367316 41.72307967
v -35.23684497 -11.13233354 41.87484798
v -48.40558889 -29.13493579 49.59027392
v -29.29467827 -40.26172374 50.64151980
v -35.66383940 -35.11387900 53.09042435
v -34.09692810 -41.02653306 41.38534148
v -44.77083292 -12.29581473 51.70188169
v -49.86947066 -19.06712335 37.32304012
v -25.35204622 -12.74892337 42.90867844
v -35.63016309 -31.56652132 39.97491300
v -23.13265213 -16.87488816 57.73406785
v -53.74342770 -15.88513193 49.72803635
v -45.97089992 -23.10108697 38.65920240
v -23.02101540 -41.49458201 48.56359543
v -46.71496733 -12.32904472 49.72428786
v -34.58996395 -18.34496917 33.90536873
v -25.87392846 -41.39662381 49.83945440
v -24.36381216 -20.65796545 32.60947866
v -34.06216267 -14.01029272 56.74394028
v -51.32937790 -13.62734647 46.54624321
v -32.51487225 -31.15079827 58.26151536
v -20.01740240 -20.66215494 37.66881469
v -38.13315945 -39.78043956 40.77558765
v -48.48990312 -27.83701375 51.83170601
v -22.62360573 -13.86450485 46.63209165
v -51.24453107 -22.23057385 54.82390197
v -37.59335221 -27.54256589 38.90701851
v -33.07922187 -10.16148638 45.17849484
v -14.79361903 -30.70991043 49.37002220
v -21.94795703 -17.00332237 56.38734843
v -19.84836036 -34.63138824 41.85606522
v -19.68723978 -17.45240928 40.82944962
v -17.36430844 -19.69802442 53.89050193
v -28.47774555 -38.26263661 51.61150288
v -51.11920479 -21.32100772 54.94139049
v -36.12553489 -35.56270728 50.88644015
v -23.17740382 -37.11030727 42.15054247
v -51.93811905 -25.60480319 45.92544840
v -22.25222384 -42.15909874 47.59970226
v -39.60421266 -39.05883980 45.35698589
v -21.99815262 -41.20393976 48.17973292
v -30.01525168 -13.70028820 54.89159209
v -36.07211988 -42.88538931 43.02708860
v -38.47324246 -36.91559150 47.41511490
v -35.36926786 -26.52000257 38.06631475
v -25.68927814 -21.81990699 32.10827754
v -54.63623865 -22.98528996 46.51411060
v -48.66245122 -24.60297696 54.25945896
v -28.24360361 -42.91262100 45.17817550
v -32.38569838 -21.60871073 32.70686487
v -39.87480468 -29.88075339 40.30340762
v -20.94432913 -28.02068174 37.82082882
v -17.15988668 -21.61080910 43.65340403
v -29.43731122 -16.02479241 58.08315741
v -57.98503394 -22.05184927 49.32436398
v -42.13848327 -26.34200009 54.80965487
v -45.75867822 -11.77825648 49.80050894
v -26.54390232 -37.11499166 41.03839873
v -20.46082714 -32.88347173 52.40210555
v -48.24245063 -17.06387280 54.00319141
v -17.68857953 -36.39595601 47.23505868
v -30.93447653 -10.81212605 44.49662486
v -38.84826584 -11.43772071 41.15523795
v -25.94292617 -19.71757447 33.12447320
v -29.48835748 -24.17600231 62.16450265
v -56.43598014 -18.67189729 51.16802351
v -42.38088790 -39.49893684 43.41550494
v -41.91055357 -21.13975576 59.02649564
v -32.98694874 -15.92127965 58.80415970
v -52.18458698 -24.84537230 45.29741240
v -30.88421258 -36.99605747 52.88967216
v -18.57074685 -27.96855583 40.50060295
v -27.71997782 -41.23207490 42.49695605
v -48.56155427 -15.92850166 38.79280162
v -32.73801380 -38.91004422 40.74317788
v -32.54683016 -41.93136054 46.90354486
v -30.12415076 -36.67560566 53.16699872
v -50.06970186 -22.30263054 40.74009279
v -23.06703328 -37.76108073 50.01624734
v -23.78366806 -31.81512357 39.59640769
v -28.13512978 -35.95853731 40.47923388
v -55.30742115 -22.41765471 53.00212288
v -59.32763942 -21.15942834 49.19039879
v -31.23691673 -42.91536693 46.31730282
v -19.01511423 -33.55977577 41.27786808
v -33.66100169 -41.82550156 46.30702265
v -19.39800705 -33.71932999 41.22849298
v -51.26269967 -16.49281134 51.95241270
v -58.56009264 -18.55226227 39.76334016
v -43.59621767 -34.15978417 47.48304767
v -20.65688758 -33.04839446 40.51489762
v -56.47425007 -23.10031487 49.77745104
v -41.34386697 -32.70829962 50.05026912
v -39.60945012 -23.25914976 34.89127422
v -28.41676450 -41.94572836 49.13703540
v -22.81153585 -24.96691111 35.98175939
v -26.40186407 -12.38466177 43.44471854
v -38.94421565 -28.47941340 39.52414147
v -46.58219661 -15.32865484 38.70923432
v -33.57611636 -21.86664537 61.66373834
v -38.84591056 -19.25206162 34.52197469
v -40.29774506 -25.55814611 37.67602081
v -33.65405757 -13.62078908 56.17232976
v -48.56723227 -13.01640194 48.86197355
v -22.85391638 -24.36742119 35.57323558
v -31.72705138 -19.19932362 33.12619465
v -34.66633766 -27.41792872 38.54928923
v -20.51263322 -35.03804986 50.83654963
v -59.32066820 -18.39816081 40.38816455
v -29.83172401 -21.95150441 32.84393939
v -28.15276925 -42.03079480 42.97038214
v -41.85990998 -18.47393611 35.56670792
v -18.07781132 -18.18792980 50.30335683
v -20.16687777 -34.19189757 41.38163838
v -23.78889236 -24.58082325 35.55600453
v -20.65953883 -40.07697492 46.31481905
v -34.66223835 -12.12835174 38.99374050
v -20.22243943 -39.41536416 46.30452070
v -43.63060062 -34.57873922 44.64384418
v -33.55762591 -26.97648722 60.49851158
v -49.36241748 -28.49092976 49.43587937
v -39.08664753 -36.14717772 40.76234941
v -23.50773688 -15.26746574 38.65369639
v -20.13252795 -36.42880098 49.66802276
v -25.69742977 -18.29071308 35.03755251
v -59.57602821 -20.53542237 48.11590226
v -51.49235255 -23.22454296 42.88846181
v -41.56432978 -10.72691027 51.79019793
v -35.57224413 -34.16797400 55.23813540
v -22.48577312 -16.60802296 55.59061551
v -33.06302346 -36.29589163 53.73913279
v -24.06024697 -15.37899338 54.22527534
v -17.87213209 -30.03725947 41.66310514
v -19.63660688 -38.78837784 46.82571618
v -33.68990677 -18.83018670 60.71248816
v -25.61450121 -41.78856161 43.75447575
v -19.66762435 -24.30420845 38.04021243
v -22.87515324 -13.65842821 45.92057937
v -16.95013124 -20.24508523 53.27558934
v -24.54935038 -41.36849262 49.30448153
v -15.63642655 -30.91796168 46.92201930
v -38.91606038 -30.69510004 40.27618733
v -44.05184837 -30.40673586 43.99910121
v -57.76069816 -18.78572807 39.54491225
v -53.54878361 -14.30446170 46.32567766
v -21.90132278 -17.42793854 59.65653946
v -21.80614606 -14.28981741 45.79998655
v -49.12297763 -14.13447862 50.46566417
v -38.51756648 -21.14235642 60.79713734
v -42.69557176 -36.88359130 43.09917966
v -56.66661881 -17.61955217 39.56451576
v -34.90568229 -39.38939890 40.72971537
v -56.41827468 -17.13533900 49.23120539
v -25.03764031 -18.85495495 61.17882685
v -45.81595762 -30.90490489 49.27890024
v -40.81758449 -23.92171566 58.44087351
v -30.68456556 -43.18608054 45.65784527
v -43.13482542 -34.69186298 47.38102099
v -54.35099996 -17.46740401 51.19309691
v -35.39664503 -42.74387077 44.67467767
v -31.81678567 -42.62380198 46.46918779
v -35.48675144 -42.24604325 45.12879273
v -21.41416057 -35.64035774 42.20724585
v -31.62120161 -17.14458437 59.78380679
v -22.90017764 -24.10446933 57.78527659
v -54.28250890 -21.99667427 53.58796769
v -35.67708088 -26.14542979 60.56539595
v -19.98923916 -15.84373874 48.21781776
v -48.72839366 -26.59694819 52.76125723
v -35.12180868 -15.05734089 58.06350570
v -16.67609982 -24.10159505 43.75991665
v -50.09183007 -13.97327638 49.51461365
v -45.18907566 -31.62520522 48.84919498
v -26.29938577 -25.31775312 59.83458063
v -23.96120148 -15.41784224 38.13129933
v -50.60693578 -19.90715696 54.60711907
v -43.58884873 -21.97469474 57.61855068
v -32.42327639 -18.96989336 33.30127159
v -24.19734976 -41.69541658 48.81870080
v -35.96188996 -17.20211319 34.46904414
v -46.29509292 -20.21179811 36.19653650
v -35.08912924 -41.72645950 45.71246855
v -27.96327776 -14.01964036 54.31212195
v -32.75769662 -13.64396506 55.91044765
v -18.93989844 -37.01299826 45.33152775
v -37.21304342 -23.15023067 34.51251688
v -59.63054703 -19.59939818 44.69739345
v -32.18867470 -36.00722071 40.19949125
v -37.32503626 -42.15873091 44.40006460
v -38.45097670 -32.38357682 40.50234938
v -28.18583317 -29.98935062 57.36089928
v -24.07957681 -33.31852256 40.37783246
v -20.38399364 -23.49366724 36.84841399
v -44.11366492 -27.52820750 52.86492400
v -29.23501322 -11.59324252 43.49982007
v -40.79155172 -17.87548675 35.41355066
v -29.79662405 -16.79077422 59.36289158
v -20.06646668 -16.33008296 51.20859636
v -30.57708400 -15.85514154 35.29813384
v -31.00890781 -21.58545573 32.53540433
v -53.39157918 -17.80009754 52.02631915
v -37.19915071 -14.20683525 57.20027278
v -41.78681112 -18.74310313 58.56529382
v -34.68155801 -29.52002140 58.50611554
v -29.10882005 -23.05708446 62.28269329
v -22.64756865 -42.41418187 47.32301873
v -16.01754340 -28.64603102 45.93329083
v -19.23527550 -22.71669733 38.44612337
v -36.34681614 -25.27840023 60.77313425
v -23.50560079 -21.15429155 32.58773881
v -17.43732305 -22.42382730 55.03288946
v -20.38108795 -26.91953463 37.88148333
v -20.94011179 -20.84099885 59.33736134
v -24.29137550 -16.90914747 59.51877963
v -41.44729672 -15.09054865 56.58685056
v -38.69349298 -26.37216803 38.18825706
v -18.17466677 -28.07647585 53.30268162
v -33.54684073 -25.07968738 61.63035685
v -16.74949581 -35.18139051 48.09781676
v -17.11727869 -35.70940568 47.64432541
v -29.14038133 -42.25453096 42.96236859
v -20.81076649 -39.04117949 48.42168881
v -38.74464353 -9.45326949 47.75223596
v -17.96719862 -33.99265117 42.23415261
v -17.52786366 -25.00707978 42.00988559
v -24.65935788 -16.61031842 57.61877620
v -19.89979416 -19.53537822 38.55811881
v -46.57609477 -12.55145237 44.60005760
v -33.29406776 -15.63743261 58.52769841
v -25.69638320 -38.94883113 41.87157636
v -21.17094920 -41.12084338 46.48577334
v -43.81022048 -26.78693864 53.56982964
v -41.36045694 -38.12964161 45.24256389
v -28.48763901 -12.80340693 52.19714001
v -19.91771449 -16.63122939 41.71260286
v -59.82087306 -19.67197380 45.60051943
v -37.79398872 -12.96290390 56.01714754
v -25.94785848 -12.31618149 46.32583818
v -20.30975147 -38.92671859 48.03661357
v -60.66501091 -18.63532886 43.41688584
v -20.47123362 -19.10390709 38.06205490
v -47.97738069 -13.51132783 41.91385208
v -16.66386486 -32.33307423 44.25700536
v -18.65023503 -32.41312723 41.04981282
v -46.54806193 -23.62814609 39.56464522
v -25.54840814 -41.08128216 49.89783367
v -34.84448963 -11.39711203 40.87097914
v -41.17273456 -27.08333367 54.69661408
v -33.36948821 -16.39559515 59.22244914
v -47.94111948 -20.71803458 55.77058616
v -36.66301060 -34.03323939 53.68685143
v -31.66715657 -27.07215763 38.00050680
v -30.85630770 -23.81285443 62.17383697
v -39.09048675 -13.34232959 56.03646213
v -36.95942880 -9.65646002 46.85345075
v -30.47228210 -25.97750016 37.05216099
v -17.23245706 -35.97483337 46.81991810
v -38.55530790 -17.67035967 59.39602660
v -40.26796460 -41.55629224 42.50192545
v -57.33221384 -21.69883121 51.95134709
v -17.35941921 -19.93619977 45.20185889
v -22.14580718 -19.40260280 60.94234651
v -27.41267339 -14.79310861 55.18656021
v -25.41724518 -19.50725235 33.62933671
v -36.51429430 -9.63692062 47.59779641
v -51.81667377 -22.67971039 54.53171825
v -44.61843133 -16.59622402 37.24107460
v -45.12702636 -15.25970823 54.57273925
v -42.31018052 -24.72312492 37.78294229
v -46.07870505 -30.07110525 46.49404116
v -26.42280636 -21.46525797 62.24338631
v -22.08282102 -40.84750644 45.14030136
v -24.11828084 -35.43949195 41.18319948
v -54.27878322 -24.10617231 48.38798101
v -34.78818240 -34.22347996 56.00879856
v -16.31164433 -23.29517031 53.83095133
v -25.03791325 -31.19141286 39.24738080
v -57.71998947 -19.89462697 51.46975011
v -34.60616409 -37.77882117 49.09995168
v -47.35783451 -29.41059283 47.19868677
v -42.85011217 -12.35164306 41.56022620
v -45.14200595 -31.37833954 49.32764824
v -45.59532307 -21.32652900 56.76346727
v -33.88342020 -35.80555057 54.44556998
v -45.69372933 -20.78982048 56.73292220
v -27.58397651 -38.34195960 51.33908960
v -17.78713888 -23.70762678 41.39753843
v -18.24842099 -30.39549100 41.02430787
v -23.53630804 -17.57466258 60.20467389
v -29.84943950 -38.96406600 51.30000184
v -21.17977007 -20.19687195 36.21889815
v -23.84594311 -40.66748186 49.40674691
v -23.76233979 -35.12543995 52.06550567
v -30.98977654 -15.84369069 58.27996682
v -31.62533612 -42.16538745 42.41310451
v -36.29217025 -14.77947735 35.20665850
v -49.13170240 -13.01063091 46.54133486
v -39.05955565 -24.96735650 59.06054004
v -32.72271097 -24.73839337 36.14449929
v -56.58302671 -18.17391278 50.51778752
v -38.64896421 -38.92349604 40.69181703
v -32.56038695 -17.31653207 34.28511284
v -33.47556445 -40.53867556 47.37490558
v -33.59638136 -42.16674832 46.01749421
v -55.71097000 -20.27126627 42.43057175
v -16.87566653 -25.69258830 53.39388893
v -33.97665245 -34.25302359 40.10811330
v -29.13591247 -26.74800781 60.12794534
v -32.80414782 -20.00427265 61.25281961
v -19.66965362 -37.53546402 48.58164743
v -33.98145334 -20.12582347 61.19252834
v -15.46633927 -24.93939830 51.01629665
v -30.06370892 -39.51690821 41.20240215
v -42.57327145 -26.46007472 54.36195679
v -35.27251082 -28.87237870 39.26566854
v -24.73362809 -12.79401905 46.35539140
v -20.63927483 -35.29691896 42.25238127
v -33.53547121 -42.71219788 45.51868124
v -16.30329058 -24.21939780 44.82891518
v -55.73959139 -18.13620570 39.05628545
v -18.54835769 -23.93848433 55.04109975
v -22.56050612 -15.39430691 39.47663531
v -24.52603963 -33.71240332 40.47913494
v -35.89459105 -13.13862536 56.14151195
v -38.78026528 -24.45543691 59.81522516
v -20.02331531 -24.01497249 55.82574677
v -36.95673116 -26.00035609 59.81724321
v -35.86382512 -43.08888339 43.58894738
v -40.60986071 -9.58735468 49.29966148
v -16.74677794 -27.25236213 43.55179090
v -38.84376684 -24.96698701 36.66273002
v -26.26207193 -13.32710484 51.30339110
v -42.93146581 -36.74660595 45.39672680
v -48.26468243 -15.25198177 39.32818455
v -16.61754448 -20.83529766 54.24043175
v -50.58454807 -14.48996006 49.94587337
v -22.67679702 -28.07530610 55.58952779
v -57.16806261 -16.42432976 41.60725050
v -36.89308110 -10.46239038 51.96552458
v -15.71601923 -29.58645326 47.05417801
v -26.33394784 -30.10101876 38.78580263
v -30.98992746 -21.94087102 61.98861656
v -16.12345529 -25.51175531 45.00625692
v -30.12772116 -12.03286339 51.81702242
v -22.76334499 -37.26648740 50.15349657
v -37.78680505 -32.49426709 53.69631243
v -40.38856521 -30.71309772 52.47422212
v -21.49909573 -39.37947063 44.59958613
v -47.04171364 -13.99212009 40.44633814
v -34.46316034 -13.60463830 36.21546382
v -27.78084346 -42.35330826 48.22983315
v -59.52142336 -20.63642686 49.78704072
v -54.06059791 -24.70884293 49.50203692
v -24.55961522 -42.35393870 45.60217980
v -42.51150125 -23.69059251 57.26751376
v -55.65961503 -17.15061216 39.50483877
v -25.69191701 -13.33178292 50.66170321
v -58.58354597 -18.84547535 40.82547454
v -46.33360294 -26.56756812 53.08847311
v -18.80815969 -22.37956870 39.25005315
v -50.68415646 -17.52841308 53.13171396
v -50.90371409 -26.74808732 46.32426521
v -59.92564001 -17.75352096 42.99204978
v -49.99912503 -24.50526878 54.02597343
v -39.38421626 -9.47313388 48.90804232
v -21.92195269 -38.66827830 43.81047125
v -15.87306121 -30.00512987 51.19749160
v -44.17076317 -33.63967753 45.96569086
v -28.78347334 -14.87388173 36.42222299
v -36.90975916 -19.32581022 33.99382438
v -36.96343435 -11.54677895 40.40689261
v -50.11008955 -27.71964758 48.25560402
v -17.41952971 -19.08670471 49.86969161
v -40.92646244 -11.83452340 53.61952068
v -31.79085976 -12.81414985 37.77850944
v -36.81730670 -37.76110388 40.47092983
v -19.02768586 -16.81980022 45.91859583
v -21.65634200 -37.58360324 43.36064175
v -31.87834731 -32.82331282 57.33482294
v -42.20208326 -29.14154176 41.21330737
v -27.55330903 -11.77983017 47.14284474
v -16.31731458 -29.56896002 45.15409783
v -58.59665742 -21.90745521 50.43053680
v -15.88922130 -24.67446399 46.61652218
v -38.41496295 -11.77714718 54.51432538
v -34.39604694 -13.00458377 55.69973135
v -45.28766701 -13.06469720 41.51693990
v -38.67083281 -29.22350092 39.74525267
v -56.09749131 -17.94421299 39.22143670
v -41.64880693 -24.82271041 37.45948148
v -43.14247679 -37.08846901 44.31418527
v -55.64554071 -23.70484880 49.97072283
v -32.32792692 -38.19689061 50.48080556
v -42.71390847 -13.13759769 39.86110914
v -24.65389912 -20.79970937 61.94223707
v -22.18225187 -14.36713226 48.50902280
v -33.06735166 -22.22527645 33.37495378
v -56.28473604 -20.52005465 52.48605932
v -42.01063152 -17.43709624 57.82656532
v -28.23634382 -35.61940535 53.61479940
v -22.07116680 -35.85806373 42.04175746
v -38.94571376 -18.01964819 34.89629416
v -36.57314178 -20.20859339 33.55074606
v -34.56872273 -14.65186016 57.61045274
v -15.06153648 -27.08414951 51.77047784
v -42.64550261 -14.33768524 38.34364439
v -26.91124513 -24.54612475 35.53917010
v -30.76988242 -16.79079263 59.42962714
v -18.39627922 -17.68078700 46.19556223
v -27.65003474 -37.21062589 40.83156865
v -43.07255007 -37.31956751 43.86579850
v -20.71876575 -39.83721863 45.94412202
v -44.44620238 -19.02335753 35.93079811
v -15.30211945 -29.43227655 48.43669507
v -50.47057861 -27.63534912 49.30381727
v -19.22542547 -38.20688248 46.65125114
v -36.10806489 -42.67127882 44.46119095
v -59.47329557 -19.51936017 47.64778116
v -47.98114888 -21.40885011 55.82487154
v -49.01493746 -25.89811435 53.22399819
v -25.28722170 -13.10414497 41.14028229
v -30.59930280 -11.70993595 41.74850099
v -41.69199212 -14.01748942 55.47177527
v -28.96285103 -25.10341111 36.16620417
v -18.11010750 -19.68242465 56.83486509
v -54.09073451 -21.21400594 53.64910286
v -16.50157064 -23.08794896 44.79149872
v -59.75089940 -19.43061908 46.48601103
v -50.79208690 -19.96213922 38.08355224
v -23.37603440 -14.80739876 39.47120000
v -40.12589548 -11.00837333 43.88076916
v -45.24072108 -30.87863253 49.87414540
v -19.87819152 -29.56520085 39.13181717
v -24.37032388 -22.60028844 33.29204038
v -41.94387766 -23.66128124 36.23951027
v -26.21197859 -41.63122298 49.72093175
v -25.02610721 -21.53710125 31.57417637
v -44.60109607 -31.72512332 45.91073737
v -39.74710235 -23.77876625 35.40668205
v -33.52263757 -25.63761328 37.10440480
v -38.43129220 -9.43809844 48.25009306
v -38.08698545 -10.90727423 43.09567381
v -20.80969720 -18.32418220 59.93068654
v -21.87077093 -28.45082977 55.05996539
v -18.83312061 -19.24515619 57.74075095
v -32.00352646 -24.63330448 62.09565076
v -38.75702193 -42.01816897 42.16065167
v -15.36320053 -25.80717253 50.47591817
v -38.91441466 -9.81747173 46.36111839
v -59.75688321 -18.50267288 41.57926707
v -31.91793188 -13.09635286 54.86482743
v -31.96625729 -43.27277830 43.89461632
v -15.22699547 -34.32029412 47.39917551
v -54.65684700 -15.82056170 40.65996830
v -48.52976269 -14.20953688 51.08837912
v -18.54092524 -33.82387384 41.66149093
v -48.24743713 -19.97255278 36.82510183
v -50.67599137 -13.39185950 47.53705034
v -25.45511873 -24.97750627 35.86208926
v -27.16284480 -18.05025833 34.74441518
v -28.88786858 -42.96852271 45.86385016
v -23.84459233 -42.35492384 47.09252680
v -38.12576855 -15.51895763 35.26070890
v -20.03100436 -38.69972050 45.75529953
v -59.23554759 -20.01319858 49.37444724
v -15.87443689 -33.69475618 45.76182483
v -41.61226320 -17.34512795 35.84793098
v -27.03136430 -11.91851618 46.42737071
v -21.30543323 -40.25715761 45.44655540
v -24.98081787 -26.11437876 36.65890233
v -20.76652780 -17.37384972 55.63671457
v -24.79258182 -29.36500102 38.45869074
v -33.92532149 -39.96320877 40.97090592
v -26.24278994 -26.04624892 36.75303624
v -46.37992230 -30.01703126 47.04338574
v -45.08813434 -31.87570080 48.42813600
v -38.85485964 -26.69455307 57.35117475
v -37.15228839 -24.65703723 60.76745119
v -29.88405446 -21.36513226 61.97634320
v -39.99757423 -25.59925132 57.54017883
v -45.45705187 -23.89977839 39.08232987
v -43.47228744 -35.79275681 45.40540530
v -28.49809668 -11.37499460 46.18865453
v -34.23875983 -10.15473401 48.46470872
v -55.26615714 -23.70578036 49.20867853
v -26.45413140 -14.37923243 37.83414113
v -28.10329758 -25.76705106 60.63227752
v -17.89045150 -36.39152182 45.90184184
v -20.51128356 -30.92133431 39.20171110
v -37.14526908 -9.88102397 45.64458029
v -30.04386759 -38.47485903 40.84395616
v -27.75062018 -16.16143832 57.73354566
v -30.63394129 -39.38945305 50.55103566
v -27.35063150 -37.54720880 51.62106730
v -30.28712906 -18.26609978 33.93128104
v -47.23179940 -25.87785888 53.53094912
v -59.43592077 -18.53191642 40.93185403
v -49.99651316 -22.55651892 55.04137495
v -56.37997039 -19.19614166 51.67339558
v -36.65021200 -12.07322515 55.14069747
v -14.80060699 -27.54152558 51.30621726
v -23.38991724 -27.28579483 37.17289561
v -23.98246405 -16.82730550 58.81118705
v -31.46204153 -14.23549898 36.02974460
v -27.39405975 -11.96748951 44.31513222
v -47.59717324 -13.19731378 42.74685255
v -60.26596491 -18.19193428 41.70736204
v -35.21845915 -31.19098196 57.46554396
v -15.35993134 -31.02414330 47.65590835
v -43.08958989 -29.88523476 42.50001299
v -17.94731402 -36.40546672 47.87535265
v -49.82052318 -20.20586646 55.02862323
v -54.06967232 -18.81947200 52.49467594
v -22.82078831 -42.07176277 45.49297116
v -20.80496634 -23.51507387 36.32257461
v -37.91818808 -13.36465211 37.52904152
v -19.85576475 -16.13241735 43.84016573
v -56.45454514 -21.53727206 46.10387067
v -42.35512722 -11.00513464 45.23057480
v -16.27798199 -21.71953030 54.05966255
v -30.48243051 -14.35579759 55.95863685
v -16.47578671 -21.48416333 54.66778140
v -26.78153507 -24.28180954 61.44280520
v -43.72459640 -23.61050912 56.63537908
v -19.48733909 -18.42179765 57.29485564
v -32.91287511 -20.72014602 61.47257401
v -41.64107447 -9.78335850 47.71388442
v -32.65227393 -41.07269045 41.62537911
v -24.69715298 -22.35034299 61.70383089
v -18.24432170 -36.43739306 48.31469721
v -22.61699191 -24.47214388 57.24384764
v -21.79155985 -19.88355159 60.65344790
v -54.22909905 -14.55153838 44.65808037
v -30.72553182 -11.62109311 51.12928325
v -40.09308304 -11.35442514 42.91406493
v -33.01695038 -41.58789622 41.86543488
v -36.42481206 -11.77232258 39.95207460
v -57.49701865 -19.16606081 40.58150678
v -21.23328984 -40.66987809 45.86756005
v -37.39214317 -22.28204363 33.74679176
v -48.22659610 -19.05132562 36.87641806
v -36.40461908 -24.36530633 61.15491578
v -44.92847707 -25.37436313 54.45254804
v -23.70540921 -19.50504855 34.57147538
v -17.00142087 -21.32878516 44.40954294
v -42.33333146 -36.49591390 45.98499527
v -25.04282178 -35.94909872 41.06230941
v -34.22426331 -16.84224490 34.41382911
v -32.26731941 -17.87960535 33.99712149
v -26.69905221 -20.44123708 32.16888696
v -53.75866244 -20.68458554 53.64399819
v -28.89208937 -17.45462738 59.98849162
v -29.76598799 -10.88082018 45.97857660
v -36.34465948 -30.56702119 56.86065945
v -27.84268965 -39.07440281 51.18241096
v -29.02544819 -12.74807915 38.91115162
v -52.24255378 -14.66186304 41.86277942
v -27.29419836 -17.39616462 60.01315191
v -39.93418940 -23.11088648 59.81950973
v -58.88099370 -19.71152570 49.94892437
v -54.56933252 -23.44469298 47.41083222
v -52.64932789 -19.35091229 38.35714407
v -23.79498836 -37.69467501 42.08832854
v -19.26741838 -21.98856913 38.44281378
v -24.89209491 -20.37086627 61.85618503
v -41.80759773 -26.06403666 55.27908206
v -32.73032628 -42.89230920 43.03244715
v -48.29024401 -27.64320275 44.84404207
v -24.54065243 -42.26895970 45.08678944
v -16.86519397 -28.18146981 52.56206767
v -20.54615857 -39.97277060 47.31843309
v -21.36867306 -25.12518631 36.55946332
v -37.56132797 -19.70372603 60.66933543
v -21.06053366 -38.74103538 44.58368714
v -36.70563449 -33.44251347 54.44756144
v -36.11854202 -38.59142291 47.29457755
v -42.29546682 -35.51482041 46.99347369
v -31.08482450 -10.68597262 44.79012983
v -39.52181729 -21.73044039 60.46371477
v -60.67090882 -18.29562459 42.42846364
v -23.42791834 -22.04284132 32.68698960
v -27.69403433 -12.04534965 43.06313313
v -43.55639810 -12.10179255 52.39881341
v -30.35759169 -13.85174908 36.72500294
v -36.47590079 -37.67977228 47.88969273
v -19.79318106 -35.85946058 43.16144208
v -18.00833020 -18.13952802 47.46189886
v -35.34459893 -24.49903854 61.36700804
v -28.66551724 -13.00150991 53.02320024
v -39.92860469 -18.25484393 35.09459245
v -27.49222739 -41.31885227 50.41057857
v -46.85690718 -19.52825089 36.36857398
v -41.94076940 -11.68814369 43.14661799
v -30.38542846 -19.21097845 33.05302564
v -37.27447488 -33.15062858 40.31959282
v -42.22413125 -9.89135493 48.99395102
v -35.35243800 -34.34434755 40.18286934
v -24.92969373 -41.79994258 48.78608086
v -42.02158936 -30.78889249 41.96397276
v -25.31296091 -28.20695567 56.85440038
v -45.45386219 -19.77576666 35.96472365
v -48.56262057 -21.18308422 55.63920895
v -53.26475321 -19.86588174 39.07314760
v -21.70068450 -41.84238804 46.48550480
v -46.47293586 -14.88941402 53.27619585
v -51.06464043 -21.74026131 40.74631899
v -31.22832011 -10.49051911 45.92343757
v -41.98954705 -39.11311763 44.19056931
v -30.07353394 -33.21237059 56.54489935
v -19.11088760 -31.57877859 40.30371551
v -20.19757517 -21.35309545 37.01465382
v -32.45421348 -42.66238115 42.74580542
v -57.56151674 -20.37533451 51.78816692
v -28.84290961 -33.46599795 39.94882045
v -54.19041279 -21.61676435 53.66061802
v -30.73246434 -37.45105558 52.27510134
v -33.86729604 -43.29674524 44.29195178
v -21.27520603 -15.73099557 40.70788204
v -56.04423058 -19.43132439 51.99143384
v -46.73725249 -30.27337732 49.10918033
v -36.86494189 -30.15083900 56.58639517
v -26.49329268 -42.50379553 46.65462393
v -28.42374609 -41.73393826 49.63775720
v -35.82066780 -12.24365143 55.25537035
v -44.60795526 -20.51908378 57.33534661
v -30.85241679 -23.83361781 35.10918283
v -59.30210382 -19.37399132 43.70396620
v -55.44504785 -18.69774255 38.97182644
v -51.30176127 -27.01066634 51.73331467
v -58.42082586 -16.91591293 42.59232842
v -35.38360647 -41.24310697 41.33431995
v -23.24159640 -38.58925827 49.73817550
v -25.45089402 -18.15144372 60.75793926
v -21.00287270 -14.87530134 45.97449510
v -51.29393492 -25.31931747 53.14994033
v -29.61595173 -14.46826263 55.80491051
v -30.74036035 -35.54619508 54.93304131
v -41.49881563 -22.74765347 58.70648490
v -37.56225883 -41.99104713 41.76207904
v -54.83961699 -19.80962993 52.80307904
v -39.44265931 -31.15829424 40.53755637
v -39.58990418 -25.64750789 37.58273145
v -30.17115886 -35.29107387 54.91826061
v -24.30359284 -42.15511913 44.90756143
v -19.59364112 -28.41496406 39.19369271
v -49.47707608 -25.13864070 43.18093105
v -34.46602530 -9.97472979 45.08332292
v -59.40380438 -18.53386973 45.94561586
v -43.25993227 -32.99726456 43.87265885
v -26.35980765 -16.10713083 57.13864383
v -32.76470491 -33.00630798 57.32516576
v -47.24156207 -20.56714398 36.70342317
v -45.90216931 -16.71729365 55.07982791
v -39.15498266 -13.46975350 37.92008279
v -36.13329406 -27.89981699 58.72656440
v -24.68018359 -37.36400347 41.60776969
v -57.43856390 -20.82987341 51.97453756
v -22.01684066 -19.39041045 35.97941200
v -30.21673425 -28.44959326 38.57751328
v -32.25867962 -35.08260691 40.09004776
v -37.43498846 -18.80775552 60.34428025
v -38.09549091 -11.28551226 41.12339652
v -38.38329208 -10.75138961 52.92295050
v -25.70476345 -42.37971597 44.77619618
v -25.30607750 -36.69498470 41.19761617
v -18.57665818 -31.79693386 52.00825354
v -55.74356825 -15.78463596 47.72243720
v -44.17733939 -19.46038380 35.75235626
v -15.13103936 -28.27598242 49.44007056
v -49.50058761 -28.24251127 50.98128799
v -52.40420490 -26.26063429 50.25754902
v -30.12891427 -42.28561805 47.93259424
v -52.43705000 -16.28423237 39.54385631
v -43.67987829 -12.90355772 40.77907496
v -31.18530837 -29.22580083 59.00465486
v -20.09783270 -38.52486912 48.14689654
v -21.24395324 -17.00876637 38.84612896
v -29.35042794 -42.56317626 43.27930944
v -38.21959999 -21.25511261 33.82367597
v -42.38072027 -22.52739713 58.15189075
v -52.46904657 -22.53683212 43.02559938
v -37.00211679 -26.77456437 59.05077936
v -29.98449002 -26.53805117 60.62425411
v -25.57699132 -12.56190080 44.08724579
v -35.76436552 -36.41643734 40.27718471
v -25.69026921 -12.42274270 45.48489990
v -34.40883492 -43.18725120 44.40382596
v -28.27371015 -12.60552263 39.96483910
v -37.05096483 -26.69332217 38.29353527
v -19.36255273 -38.04029689 46.11018820
v -18.97788392 -18.44895741 41.15705394
v -27.08486466 -42.39519524 47.54232282
v -40.08544404 -41.43946311 41.91929526
v -46.71723872 -17.32200152 37.27610484
v -26.26507648 -37.50423438 51.21489897
v -54.62701755 -24.63168786 51.08028223
v -43.00087552 -10.23278357 47.73781809
v -43.05268456 -15.37194458 37.49752578
v -21.54859325 -24.59280249 56.44870087
v -43.74779361 -14.05045831 54.37065575
v -43.41905413 -17.19151022 56.95546202
v -34.03299474 -18.32385811 60.43147764
v -47.87526965 -17.50994456 54.45603306
v -44.62636105 -27.15041426 52.99256520
v -25.20206488 -41.89401757 48.60469706
v -30.40950906 -12.10519734 40.20656263
v -20.59689394 -28.44056133 38.22258106
v -26.79579214 -13.83218758 53.05647246
v -54.46384683 -15.79566398 49.10682914
v -58.64908468 -20.20554880 50.90784850
v -16.89303418 -33.66123388 43.86990093
v -15.94919364 -31.55168281 46.09020951
v -48.97752609 -20.92868277 55.52114193
v -22.08694703 -39.97495612 48.77444010
v -27.92540342 -22.51555221 62.34575047
v -24.07705089 -22.08638879 32.49198730
v -37.54320744 -35.54106237 49.53624213
v -22.08152388 -14.11898210 45.01753674
v -21.23536630 -36.04324185 42.57349624
v -24.77370470 -30.10761867 38.77889824
v -52.17543334 -15.33830148 50.06151034
v -19.17250611 -24.06012191 38.82380396
v -38.28845699 -40.43587612 45.02038286
v -55.66232673 -23.10003671 48.38163102
v -16.88973241 -35.75317133 46.45705026
v -24.35214147 -16.41829828 56.82329500
v -30.28636977 -43.23592738 45.29658876
v -26.10254360 -42.22135042 44.07441781
v -29.24440585 -32.72765808 56.50123143
v -37.12408310 -31.57057274 55.36082907
v -36.62891768 -20.52985942 61.10822637
v -16.93290193 -23.75857820 43.16880058
v -15.43340121 -33.41905409 48.96725137
v -48.03056298 -28.09919676 45.27258892
v -45.62469273 -12.00678102 50.36841516
v -16.15135269 -25.75008266 52.91340697
v -22.67071940 -40.77391314 48.80722620
v -26.03109153 -12.31501124 45.20991247
v -31.60453169 -12.09044405 53.13108460
v -29.21356366 -41.92543596 42.65712400
v -21.11990334 -39.91789047 48.17600082
v -57.61229577 -22.34898953 51.27869354
v -20.05539345 -28.60765613 54.10725482
v -28.21320515 -21.93879626 32.68975288
v -39.99674695 -9.65123535 50.13902116
v -24.74104823 -34.58715406 40.73319963
v -23.19477724 -37.92847467 42.50797558
v -23.10086753 -34.29860803 52.53484312
v -47.82733027 -29.51383985 49.15227759
v -47.89271311 -19.17980712 55.36588673
v -18.42805117 -36.74084256 45.68791178
v -39.13003783 -13.82406273 37.36552928
v -31.81167923 -12.40008784 53.79441873
v -27.46955866 -19.69636943 32.90109428
v -45.85635942 -21.26650162 56.64649283
v -41.06784046 -19.89662111 34.95998156
v -22.29307090 -31.35233186 39.27411677
v -53.84210552 -21.97137203 43.78208458
v -34.13501044 -19.22935497 33.36593368
v -21.44826634 -19.36934342 36.61572253
v -45.33737228 -23.46114089 55.90795959
v -46.83147692 -22.19814912 38.27116023
v -39.49105230 -33.14283279 40.88886072
v -45.45604297 -11.44605815 47.38781747
v -50.27155336 -15.58619891 51.63594794
v -20.70107561 -21.70153334 35.89271112
v -53.02336274 -20.37902637 53.86236271
v -51.33847233 -21.81267040 54.85609686
v -54.74729463 -19.78958565 39.89211229
v -31.03640984 -42.35586474 47.34258466
v -21.20362784 -14.93519752 43.22088169
v -16.01806068 -26.82292812 45.31880668
v -16.34732104 -21.48214565 53.41442730
v -37.14015027 -25.67702686 59.97369161
v -46.97706099 -19.76894600 55.97903738
v -23.78015164 -41.13559124 49.16823602
v -38.38828560 -22.63617272 60.98355911
v -33.15814910 -10.08637895 46.22978767
v -44.17948293 -10.79973379 49.51282421
v -36.81889164 -28.36327048 39.23457367
v -29.32346062 -11.25738248 44.89069312
v -42.12838368 -33.15765454 42.65803245
v -21.61412789 -24.07764368 35.87250551
v -27.83364443 -42.09215309 48.76371053
v -56.97706899 -20.77802930 45.03379168
v -26.33219201 -13.31702476 39.47461842
v -58.31531480 -19.27497263 50.18685433
v -25.48482817 -33.68958694 40.34715845
v -21.20973464 -23.63817726 35.91716833
v -43.36840392 -23.05505277 57.17256498
v -35.10353332 -16.06094861 58.90807411
v -48.14599200 -29.18627973 49.99852872
v -57.38530324 -19.35017469 41.25536172
v -30.69373745 -41.15350670 48.96369186
v -23.26778202 -25.98280143 56.80084962
v -25.95449738 -42.43938453 45.15574326
v -42.61437034 -30.89397109 42.55990215
v -19.62917760 -27.08978089 38.95725715
v -22.35936398 -21.76789800 60.09088729
v -34.01825765 -11.32006594 52.67784092
v -34.23490224 -31.17545910 39.76003032
v -19.07011271 -16.87099022 48.87959651
v -19.94298078 -32.74941930 40.44847206
v -20.33620377 -25.91170216 37.65507904
v -52.06940312 -15.20436885 40.74802575
v -40.16303500 -12.55380388 54.79660640
v -26.25151362 -13.02454717 40.34179202
v -26.32202018 -31.46266133 39.45215238
v -50.19814990 -16.56105440 38.83465828
v -32.03246055 -20.86967731 32.17405104
v -15.48473006 -27.09142337 48.37577774
v -44.08295625 -30.64793933 50.54025067
v -32.33907920 -27.92013568 38.55655321
v -49.55326625 -28.23069820 48.89154304
v -26.33422273 -36.89188020 51.56522983
v -30.71487081 -43.34021452 44.74418617
v -44.02397434 -25.23862896 54.91775898
v -46.99261495 -29.99153484 49.77890776
v -38.08600005 -41.67170064 41.53437238
v -23.42498261 -40.68595573 44.03019451
v -39.37086534 -23.47726049 60.07118804
v -29.11038307 -24.83065563 61.82208646
v -46.94261348 -14.86716787 39.21521908
v -54.55963658 -19.33949939 38.95313124
v -37.11970075 -42.74340987 43.82417256
v -19.63760543 -16.05796503 46.76730594
v -33.04179828 -22.77264214 61.80431889
v -23.89862838 -36.59843415 41.63919099
v -48.63946107 -22.80244205 40.34946563
v -30.32157766 -22.74689239 62.20684298
v -29.36577286 -12.17314975 40.67132211
v -52.09062133 -25.54538040 52.61322419
v -52.54740216 -22.03779601 54.45926616
v -29.05296498 -37.66126625 52.04999320
v -58.66506117 -17.09576019 41.98936793
v -20.00858447 -26.19739040 38.18923573
v -24.17319593 -14.67679133 38.91910052
v -17.55700327 -35.45796846 44.09877059
v -40.96345994 -21.93289842 34.72420225
v -40.67560051 -26.16629699 56.14390895
v -27.81489390 -12.88862325 39.31909588
v -25.56200967 -13.89323037 39.01049920
v -20.03387900 -23.91855601 37.48428415
v -16.69112337 -34.27248485 49.17272128
v -20.11987295 -39.20763380 47.49657420
v -30.31334930 -40.44059916 49.82803189
v -19.11600088 -37.99821667 47.49211510
v -33.66518224 -36.07249555 53.79756785
v -15.47150159 -34.71066380 47.26113947
v -42.70495262 -25.32881051 38.53221159
v -23.29380522 -25.26117725 36.10366947
v -18.48446989 -17.61939986 49.58805069
v -56.69388931 -20.96983733 52.38073014
v -28.66566871 -22.40290467 62.26863207
v -36.18732175 -41.22275709 45.51550127
v -52.95012939 -21.39469272 41.94918799
v -53.85939609 -15.12241828 41.76828898
v -34.41365713 -21.19770447 32.73247640
v -25.12823450 -15.41034242 37.49369840
v -27.77689438 -34.06364958 40.16769663
v -55.66940844 -22.49455639 52.74534887
v -20.48841426 -36.05883817 43.03455583
v -25.18133406 -22.73400354 33.49172899
v -56.36475367 -23.33639663 50.92070561
v -33.86326277 -21.50620713 32.76656768
v -56.56992453 -19.25639763 39.66356529
v -29.17233330 -13.11985426 53.61860182
v -35.97503003 -31.96743240 56.45974841
v -48.54204223 -28.74135656 47.68232313
v -45.50302625 -14.73648707 38.88966927
v -17.65629346 -21.26138496 55.81016406
v -43.53706560 -33.64237389 48.18627566
v -40.78425232 -28.06055719 54.12764989
v -46.60766698 -24.65077338 40.58693807
v -52.01692724 -20.82015510 40.04437164
v -20.17181600 -39.51144581 46.69794119
v -30.50136527 -13.24132402 54.47063935
v -35.41529052 -10.80004698 42.89374463
v -46.30663079 -12.79109662 43.22523087
v -45.17336373 -31.28895457 46.76436961
v -31.28210806 -26.12238674 61.21404864
v -42.19684516 -22.77471448 35.46636455
v -23.72941553 -25.63984860 36.33024677
v -33.18002366 -16.74092553 59.46857096
v -16.86114467 -31.52439350 43.74665418
v -39.78372421 -28.35099490 54.65680544
v -54.41454183 -20.90475097 53.42915349
v -23.21127645 -29.45654713 55.34331290
v -35.73434916 -26.21574976 37.83136508
v -32.93778491 -12.06747051 39.17840671
v -51.60550809 -19.08217952 53.77770665
v -31.27179934 -24.55888011 35.90667292
v -25.59264961 -12.83889860 49.41571587
v -57.97410979 -16.77645070 44.16771956
v -58.96543489 -21.08464339 48.07615063
v -15.29627628 -30.36146185 50.59458226
v -38.18716710 -14.39962547 57.16795495
v -30.59700483 -12.61991478 38.57278493
v -38.05233584 -30.43367749 54.98384675
v -26.83776177 -26.84088037 58.65599730
v -21.93540176 -15.15633699 40.77748837
v -20.47668741 -34.86704062 41.90395932
v -34.89126134 -37.86770851 40.43945625
v -20.05327807 -37.71511570 48.69632892
v -40.09901109 -26.93478632 38.81771659
v -37.34057932 -10.07217949 45.11800256
v -23.42510831 -42.39033824 46.90182744
v -40.82979554 -30.28320500 40.89563538
v -27.10080544 -12.60973007 50.32742831
v -38.83078819 -18.92627821 59.91518982
v -49.21891631 -18.25180994 37.41137341
v -33.25073408 -14.67210786 35.21054924
v -20.66979059 -16.38650758 40.50361132
v -43.37493997 -26.49525479 53.96649429
v -43.75674647 -34.85728035 45.93892237
v -31.55563844 -43.30990245 44.91862407
v -24.35276252 -38.74119030 50.16920099
v -48.73860813 -14.82006122 39.98865240
v -42.69950820 -38.70751409 43.46672101
v -49.35545250 -26.71935780 44.61893078
v -14.96985836 -33.73471223 48.29541099
v -29.36043822 -27.51938314 38.08148545
v -21.47752668 -21.26383243 34.89678368
v -41.30384123 -35.01644388 47.94738134
v -46.55767469 -13.08059456 51.05493820
v -38.26715510 -29.80416089 39.90654830
v -31.55728366 -37.25566044 52.34736922
v -23.35339321 -15.36491672 53.36083434
v -39.60978413 -39.29253490 40.91575577
v -56.47797675 -22.56308133 52.12159134
v -25.82794963 -39.99463356 50.38340058
v -33.30882801 -26.12651298 37.48322347
v -38.32278976 -19.60128326 60.40752093
v -33.17341567 -26.48774020 60.90978515
v -39.06095866 -34.36751777 40.79962200
v -29.94114825 -14.43199138 36.35702579
v -18.30000173 -29.00207626 40.89601761
v -39.76405705 -41.12651571 41.37790915
v -31.27672193 -16.38965471 34.91707223
v -17.64521498 -32.31957229 42.28550187
v -21.28071471 -38.59559565 48.86419849
v -41.12895795 -40.05975540 41.69333888
v -27.09748266 -34.94159960 40.41552567
v -28.33437350 -36.51360685 52.69271943
v -55.79839406 -23.56575608 51.59345047
v -47.48940304 -13.12740490 50.41963030
v -58.20162158 -16.77106787 43.39440914
v -15.87835655 -34.94985612 46.24202926
v -42.63920926 -21.51819347 35.18852434
v -28.83654246 -11.27334575 45.59598235
v -24.90748687 -22.06829321 32.42319618
v -22.95005408 -35.29985671 41.43480192
v -58.69155752 -21.25889105 51.15071390
v -41.94695402 -26.39879242 39.02925695
v -18.87162505 -30.55092298 40.23799220
v -20.73431328 -15.18598711 44.22173872
v -19.17001665 -34.78719915 50.32113907
v -17.39381780 -33.82159484 43.03916590
v -40.10067112 -20.70873343 34.47905075
v -57.30823537 -19.06349590 39.87440953
v -40.46180625 -16.63898668 35.67310240
v -41.48076405 -28.66461310 40.40811788
v -25.89156790 -15.40123462 55.32469602
v -17.40549891 -21.77900466 42.65975046
v -26.58603133 -40.82098153 50.50762445
v -38.56830845 -30.74445363 54.21097899
v -48.67524102 -13.45181135 42.53656085
v -29.18783827 -20.92055003 31.73968483
v -21.89155742 -23.59960963 35.29919633
v -49.14504754 -28.34768302 47.80012808
v -29.60050943 -43.11154690 45.16418173
v -26.37540594 -34.36952292 40.38770595
v -44.27102567 -15.61091487 37.75316305
v -51.53506593 -20.58461615 54.55723971
v -26.41956588 -13.74390155 52.56376539
v -40.60643627 -24.12101976 36.08977890
v -28.44292757 -12.17892004 41.51313983
v -23.71222831 -27.01674322 56.57854759
v -39.44422762 -17.65441915 59.07132735
v -26.27891194 -29.26923738 38.55491216
v -33.90866541 -12.16749857 54.39870722
v -25.36868973 -16.64881068 36.52098632
v -28.47446975 -11.67724739 48.67094566
v -24.62337815 -41.92607296 44.36750770
v -17.42980971 -35.85249393 45.19178296
v -29.05455216 -35.31667619 54.39604661
v -47.40661240 -29.78645372 48.70449509
v -18.74605093 -35.55811598 43.33844261
v -48.92830283 -25.25756129 53.73984243
v -30.72466216 -32.58245003 57.14836734
v -17.99608332 -19.93607718 42.15061607
v -19.47105830 -36.57441539 49.19016286
v -34.70755490 -23.06728947 34.36589107
v -30.62976766 -34.59719213 55.78633803
v -27.53863697 -40.59547899 50.74658483
v -33.19253319 -11.84068815 39.80751433
v -20.75065705 -39.49541194 45.50936188
v -37.47325523 -11.36566247 54.05466776
v -25.49082638 -21.14659368 31.72405685
v -34.91648990 -28.45204357 58.96891633
v -21.73344883 -14.56856877 48.17416457
v -24.12167481 -38.79252587 42.47261086
v -40.31544424 -26.79764789 55.70941444
v -33.72911887 -12.52198844 38.04939409
v -31.33114744 -36.21638308 54.18790315
v -40.03905906 -32.90678542 41.13183961
v -29.40029004 -20.08031147 32.31440327
v -37.36291222 -26.12528638 37.84406025
v -44.23989472 -33.30186156 47.13749911
v -54.75547431 -24.28870422 49.80557418
v -39.36389368 -15.24571165 57.50451544
v -23.35281011 -16.95527773 59.52703709
v -30.79964223 -15.02471008 35.70666152
v -35.54308724 -11.89168156 54.64747422
v -37.18372006 -23.00277006 61.27777065
v -16.95195552 -35.43759405 44.84279612
v -40.68729316 -41.07538357 41.68341643
v -52.44920238 -26.12702951 51.97028127
v -52.94985548 -20.97000427 40.94425997
v -31.78991332 -33.89161752 56.66110210
v -49.57117237 -23.66794098 54.64859690
v -30.30620845 -36.39783324 53.63180856
v -41.18056101 -10.07353280 50.76698268
v -41.26696252 -40.96740973 42.02286853
v -43.46004608 -10.32173215 48.61909091
v -45.08861430 -11.83896353 45.49311435
v -14.73761939 -27.94697231 50.43230695
v -17.18237263 -35.44150378 48.20010919
v -39.68959475 -28.96109859 39.82790999
v -25.66062717 -29.80747053 56.33485191
v -33.34927927 -38.63171609 49.11399164
v -36.83231970 -22.03367960 33.39188543
v -30.06374422 -16.21277936 58.56391600
v -35.38791943 -27.85280619 59.15431231
v -37.15459659 -15.59106116 58.31821997
v -25.65713650 -34.19263236 53.76775176
v -26.45272843 -17.30777630 35.65266789
v -30.22824980 -24.91966694 61.97368856
v -55.33132146 -20.64150763 42.93710386
v -40.18691622 -13.85721425 56.08148911
v -20.75027925 -37.75533757 44.18717406
v -23.64783380 -13.31245867 44.05003707
v -28.35318930 -37.20065681 52.24519227
v -59.74826361 -18.88129494 42.55327477
v -15.44728903 -26.17539796 49.11730141
v -43.17900994 -11.03684507 51.20820777
v -37.96000508 -25.25592114 59.74856417
v -35.83706059 -37.45630007 40.39091260
v -37.92954944 -17.85133832 59.68486065
v -19.82716700 -23.20335785 37.60875161
v -44.64425896 -30.79719728 45.16805083
v -18.64266283 -21.89182013 56.12584403
v -44.30574098 -16.78957768 56.17142456
v -24.72856358 -14.69588490 53.07210370
v -34.48240238 -9.85402253 46.09487529
v -43.28607582 -15.22924723 55.67626687
v -32.78919867 -14.67923867 57.22168080
v -21.39704580 -21.75345522 34.80955747
v -31.37030606 -41.71102352 42.16321215
v -27.41586619 -39.01814918 41.42680654
v -40.23677878 -19.59785077 34.81020508
v -28.17211061 -12.52793751 51.23066923
v -17.28033079 -32.70316512 43.01451122
v -59.22711435 -17.52262341 41.02780058
v -27.07587168 -37.90013268 41.10267904
v -20.99255781 -14.88187477 46.67806801
v -38.40244798 -11.28436410 42.04030260
v -40.78256379 -24.48543584 57.96819910
v -39.00869703 -12.11509224 54.80210356
v -59.81649439 -18.84250897 45.58782555
v -24.18129727 -38.19569657 42.16394833
v -48.84871367 -28.36668314 51.22431161
v -20.12833336 -31.90602748 39.77902184
v -56.32104811 -19.22391078 39.35421074
v -37.64349748 -42.40838887 42.51498415
v -24.79241211 -25.61020410 36.31308654
v -20.84679570 -17.58637357 57.48258095
v -26.94751933 -42.60821331 44.98068897
v -52.60580687 -21.45777272 54.44956805
v -45.31212304 -13.71567298 52.94422031
v -59.18549583 -18.15522835 45.58865454
v -35.26137556 -26.81874731 60.12102674
v -39.28499917 -31.65624269 52.64198490
v -38.88429493 -17.28146621 35.02057655
v -18.20141790 -36.86351715 46.42782968
v -33.36684604 -35.54643680 55.20158800
v -36.05039602 -32.52594889 40.14397101
v -46.02847105 -22.63388560 56.09554853
v -50.40680922 -15.55728711 39.77460602
v -40.55052182 -29.53419984 53.21909848
v -32.79079149 -21.54538915 61.69754312
v -14.64148076 -28.73933974 50.34823847
v -24.55547593 -21.61652625 61.92312049
v -26.65662358 -13.96492793 38.18626755
v -40.47098908 -12.18316189 54.27992030
v -56.19650792 -15.84636335 46.49078697
v -48.92561170 -19.33242057 55.01828128
v -26.18873722 -25.36770647 36.25803619
v -38.39663084 -24.29329950 60.25385771
v -15.93393623 -23.86079618 53.15895869
v -45.01628426 -31.80962881 47.49986373
v -43.28284327 -12.80524085 53.45068397
v -41.61679698 -12.20193704 41.15357744
v -17.21698356 -30.57988734 42.99165027
v -22.64666901 -34.74207923 41.23233859
v -30.50190262 -11.25286003 43.31400286
v -30.06887699 -11.47650850 49.96478976
v -32.92632299 -26.16508069 61.18230861
v -25.39366203 -16.81203540 59.09867529
v -54.74918891 -19.05642001 52.38426694
v -43.40528440 -16.07926800 37.14413316
v -19.58843157 -18.73958460 39.53262166
v -48.60126627 -23.42581610 40.93289577
v -37.53406835 -24.12275421 60.86686996
v -25.39041810 -37.35029644 50.95083518
v -54.10524652 -24.41583948 52.46609383
v -42.11053750 -12.58302105 40.55864984
v -53.12841260 -23.92712767 45.45857042
v -20.50592947 -15.82817847 50.19055659
v -45.79876372 -28.95067266 51.43655628
v -31.93479877 -30.92139434 58.30081747
v -57.63207223 -22.45897047 51.03838245
v -29.55220788 -42.85389496 46.64492616
v -40.30542963 -9.78151252 50.35926020
v -35.75767207 -29.86973715 57.68781313
v -21.95853267 -22.49366709 34.34158328
v -29.57896677 -11.28790521 44.37477241
v -44.79280634 -29.57489611 44.09936665
v -44.56992734 -21.56830164 57.28602777
v -53.07945202 -17.66403554 38.67643405
v -19.65097166 -18.42998057 58.86679897
v -47.91048331 -17.91587855 37.17121719
v -37.96412688 -15.77361404 58.27568175
v -60.72705969 -18.52668420 43.65035568
v -60.34331892 -18.40240164 44.06742922
v -35.11302871 -25.87770471 60.98785994
v -54.05450099 -14.80832037 47.58595075
v -28.32341172 -27.58620567 58.99842960
v -50.91289705 -25.05422816 44.29099698
v -32.46919946 -31.48158931 39.66818455
v -43.89315600 -32.14408640 49.42154889
v -18.83358984 -37.60820312 46.51119116
v -54.88849703 -22.44929300 53.23304366
v -54.43076059 -18.25272696 51.90355427
v -14.69503205 -27.41359465 51.10124681
v -24.78934010 -18.92124228 34.71259729
v -47.76324978 -14.48110040 51.98132975
v -21.31035636 -31.21128375 39.19654779
v -21.43874777 -27.52565457 37.45747662
v -16.11232205 -35.17150230 46.90905624
v -39.53819950 -11.87909330 40.65641300
v -21.41937112 -36.92079648 43.06881682
v -42.51489559 -38.38967477 44.30831865
v -14.98002717 -29.26976106 50.79122634
v -17.46306074 -19.25655155 46.45569751
v -20.34076064 -22.04373220 36.44443568
v -54.17848385 -22.58595207 45.04537362
v -41.92629347 -35.26543466 42.49380457
v -46.77032995 -23.21734410 55.55767246
v -56.45717124 -22.55328220 48.26061828
v -33.70284125 -26.24258938 61.06167385
v -45.65403599 -29.36515614 44.74167175
v -51.25355892 -14.19533928 48.87074126
v -19.67255562 -17.99068366 55.43884880
v -43.62745477 -20.46298094 57.87712039
v -21.18791788 -34.84885327 41.68622512
v -34.11634211 -43.27148817 43.83907979
v -37.16042765 -9.76917803 49.71382729
v -29.96923905 -40.86624898 41.89398691
v -19.35269065 -16.75415325 43.76878812
v -53.83348397 -23.77260498 53.17096726
v -27.61098716 -40.06712117 41.90298957
v -39.53262258 -38.08203051 40.83064036
v -19.60714959 -37.41097075 45.05687674
v -50.25151904 -20.83868096 38.98945534
v -42.14546690 -34.52805541 48.05860403
v -23.66857855 -13.88456550 41.07993760
v -44.15794444 -32.65107853 45.37730061
v -28.94036851 -34.65051923 40.14913576
v -37.19532283 -18.29087698 34.39916490
v -22.12675139 -24.14924973 35.63104500
v -33.72969342 -39.18074558 48.29597323
v -16.02023708 -22.80330646 48.07099087
v -53.84630154 -14.54123918 43.89665504
v -50.21773929 -16.09144632 39.20243315
v -30.42007224 -41.49768266 48.86500731
v -30.19841288 -10.79783665 46.53571262
v -45.99064986 -21.85056072 56.44082607
v -58.90138667 -18.96019191 47.87060795
v -36.64403718 -16.98156678 59.41214975
v -36.97837874 -14.93042885 57.81665161
v -24.66663170 -26.86682054 37.08547969
v -16.00820670 -29.46770580 46.15766633
v -52.15229285 -26.60447427 50.92230118
v -30.27448327 -11.08563368 48.48396323
v -47.47268548 -16.15757202 38.27017150
v -24.97157475 -40.78775126 49.80036259
v -22.32778886 -16.85264227 38.03972832
v -56.70244929 -23.00681065 51.37723367
v -23.62801290 -42.41475334 46.32254562
v -32.31227147 -36.74686398 53.07752146
v -28.40231909 -20.44962565 32.06428680
v -25.03414729 -20.37912071 32.66333755
v -36.25960910 -36.97614668 48.74027494
v -34.15354788 -28.52133971 59.21766519
v -46.12147003 -25.63535137 53.93003338
v -56.34147855 -15.70459922 43.09907876
v -29.15776750 -11.82539461 42.62165552
v -26.10308668 -33.58157211 40.23543104
v -18.93224320 -36.44252830 44.52412293
v -30.28234385 -29.97569723 38.99525151
v -50.45689544 -17.99304933 53.57689009
v -32.96667267 -25.84039503 61.38389617
v -18.31289301 -37.17533392 47.29593644
v -14.90105202 -30.67461142 50.04028754
v -39.64411832 -9.44519571 48.18932597
v -18.99458301 -20.78598857 39.37559258
v -60.19443866 -18.48426451 42.03311435
v -25.15067341 -13.77189928 51.17167600
v -27.06970279 -41.69675547 49.79274325
v -41.78491363 -12.51132006 53.96748333
v -16.15737774 -21.92631413 51.15171466
v -17.84247549 -36.49584431 46.41030358
v -33.59826495 -27.64236672 59.92190537
v -47.35617944 -28.87253242 45.88681195
v -30.75138973 -38.34297038 51.42639964
v -33.56219387 -13.23050419 36.73252992
v -59.39716171 -20.44737323 47.10543292
v -41.23018248 -37.48886298 41.77343891
v -59.33272597 -20.18297315 46.00674644
v -36.19757574 -36.45884014 49.45976754
v -20.74423223 -40.47591440 46.70265523
v -57.31077371 -17.05725829 46.95938043
v -28.40937419 -19.81704670 32.64990947
v -29.81997124 -37.66755125 52.13505509
v -19.46651406 -34.95492292 42.24395964
v -24.76497714 -36.20109105 51.44124890
v -22.09961035 -17.07280451 57.17399528
v -37.43993890 -41.28883870 41.26813476
v -31.05989676 -37.76076552 51.86012167
v -54.72990950 -23.00952164 53.11754450
v -26.32517860 -42.45131625 44.53770765
v -30.20955748 -35.09852681 40.13393418
v -37.97518186 -13.68466076 56.65219531
v -21.83052381 -22.37069231 58.69123065
v -33.06348181 -37.52197740 40.43749648
v -19.81350793 -22.38825656 37.48388817
v -33.17297336 -38.01980663 49.98994199
v -41.20466950 -35.32562863 41.92519439
v -39.13087382 -21.19143631 60.57930686
v -27.65552751 -23.36666770 62.28163558
v -60.56724070 -18.18527340 42.78178593
v -54.72909721 -21.53772069 44.15809539
v -27.00001959 -15.51276995 56.19237767
v -40.27817869 -11.53313679 42.42751222
v -38.16947479 -28.30559837 39.32118220
v -58.02327112 -19.81615285 43.61375104
v -47.76692871 -13.72755768 41.24165176
v -27.03907747 -40.17706907 50.73164637
v -31.39086488 -22.11510317 33.12646956
v -22.81899673 -17.18431601 37.40913939
v -21.79956257 -22.21330898 34.35142758
v -51.81691535 -26.51035765 51.93831036
v -45.12211129 -27.85705821 42.46716652
v -21.95860660 -36.60575527 50.29459222
v -34.72055983 -35.01745633 55.06936834
v -41.34327022 -39.65192834 41.83104405
v -52.96368218 -25.99669081 51.33531540
v -15.81899132 -31.61024727 50.42473327
v -17.57658388 -20.24326268 56.13869569
v -54.17041804 -16.47093476 50.15130500
v -23.28142401 -42.21037393 47.66114014
v -41.80310024 -27.64139128 39.88754097
v -36.63097484 -11.39444974 54.07933962
v -22.11810760 -21.82514142 33.86487041
v -37.37094777 -35.13702985 40.37124486
v -16.96105992 -20.43992807 54.94531585
v -24.30042558 -13.43588092 49.25384405
v -32.44905599 -36.39417144 53.86303700
v -23.69093017 -22.95048889 33.89718303
v -37.19630321 -10.64984274 52.51484472
v -54.63976498 -14.91483292 47.13577864
v -32.98039413 -15.23366930 57.91419588
v -25.78449172 -15.62230203 36.98803610
v -35.20418483 -42.02903714 41.89444361
v -16.78246263 -21.11802387 55.05613930
v -43.30857370 -18.53234554 35.94724054
v -27.94306674 -24.83925555 35.86448822
v -23.52488433 -30.99488842 39.16825514
v -43.20248358 -36.30895811 45.44683846
v -45.99232530 -30.24370348 50.17501681
v -30.08041447 -41.87805496 42.47914984
v -18.79566794 -29.45031970 53.17749616
v -36.56790721 -32.76172814 55.30062701
v -34.96725937 -36.15694506 51.24623077
v -59.57808753 -20.81666048 49.00711040
v -27.04026569 -42.18293155 43.49388916
v -19.35790694 -20.04239483 39.08238358
v -28.39040846 -18.05557349 34.40360551
v -43.69902518 -33.39557711 44.51593979
v -52.02717434 -21.65352165 41.33064189
v -15.61568130 -25.48091992 52.58140822
v -24.41657863 -25.08439748 35.92361942
v -31.62652095 -21.14217787 61.72251976
v -15.54753979 -26.62929499 47.90061961
v -36.90322594 -14.67390870 35.47382432
v -24.40039556 -41.61291032 44.17527690
v -30.92644173 -36.67719000 53.31432983
v -36.01086694 -23.90794790 61.34909718
v -23.89379859 -26.17318158 36.63515776
v -35.08399188 -30.07803258 39.61742995
v -31.61026604 -38.11431347 40.62684395
v -37.18309685 -11.13191992 41.83983382
v -37.94813729 -10.66225675 52.68068985
v -39.14157606 -15.16401624 35.87452907
v -17.87686943 -18.60657954 45.53328857
v -21.73578498 -18.56972149 37.03733700
v -43.92804438 -12.11265196 43.40815893
v -31.03243424 -38.91130446 40.90357071
v -31.63683851 -18.25430965 33.78302715
v -27.28387993 -12.31603633 49.64127107
v -24.39297603 -18.29951201 35.59029490
v -45.71950718 -19.82045424 56.58576483
v -37.31092004 -17.41789099 59.57472831
v -45.73906992 -14.18975740 39.58006182
v -24.62246652 -32.58175161 39.96417002
v -35.08721482 -13.53641780 56.44823349
v -18.36119881 -22.80159774 40.06787943
v -21.54318625 -40.03382117 48.37974121
v -17.65954661 -18.83566294 51.13736199
v -17.96272064 -36.16600198 45.30745245
v -35.97779601 -18.07544483 60.26055871
v -34.38414718 -10.95293914 51.76316864
v -31.64234342 -40.75414545 41.59397373
v -41.00857483 -11.23028757 52.79639820
v -20.83942888 -17.52018065 56.73690022
v -51.59892870 -15.49601110 40.20869717
v -45.07202931 -30.07003558 50.73603731
v -23.05145823 -16.60726983 56.35242949
v -46.24034035 -16.32427938 37.84695457
v -36.78842489 -25.36507893 60.44338790
v -33.66999128 -17.43354737 59.90332870
v -19.29898371 -37.74662715 45.72788106
v -16.96348306 -20.86883586 45.33151331
v -47.54820144 -29.26684481 50.65335280
v -36.02717696 -12.68108459 37.98073689
v -34.99453686 -20.84584312 61.32022632
v -19.88802293 -22.44408429 56.72159099
v -30.22246882 -10.95718063 47.65863270
v -44.50662566 -24.00100430 38.53064299
v -44.00631126 -18.39179001 57.19716832
v -34.29245202 -35.87827982 53.63832892
v -40.08760868 -13.06172301 55.36185181
v -47.37114203 -27.31399802 43.65540001
v -32.04451657 -43.31651491 44.20551818
v -35.77996772 -9.97283985 49.28664109
v -35.75647481 -28.86895260 58.34222483
v -37.72035170 -41.37458259 44.76191620
v -37.02055971 -24.11026242 35.55059694
v -40.25473897 -21.86459672 34.47604433
v -31.65151358 -36.48606883 40.27887594
v -53.13604326 -23.21871317 44.56576069
v -56.18434133 -21.71030618 52.67741680
v -41.88431935 -27.96090207 53.51073800
v -39.05835175 -32.57733011 40.69257419
v -57.11630885 -18.48227955 39.30605794
v -43.47621063 -35.80290382 44.53370315
v -55.83609789 -15.51384509 46.08109906
v -40.07375218 -36.85046849 41.08979953
v -41.59376085 -14.96162478 37.19781559
v -29.32665877 -35.70170498 40.30404851
v -25.87475913 -12.65630908 42.38268384
v -25.12482595 -24.50847781 35.43323951
v -30.08001039 -41.03296540 49.62479924
v -38.59392567 -33.64149956 40.62795176
v -60.03896445 -19.30646089 44.56152588
v -42.73418333 -27.40951543 40.26724577
v -38.04603153 -42.47160172 43.26747274
v -22.66118227 -23.83224239 35.19328092
v -46.55249600 -28.27509793 51.84964195
v -59.30094963 -18.11659073 40.34647541
v -15.88403144 -25.23676769 45.96362105
v -38.08315092 -26.93236886 38.55797048
v -45.90533440 -28.76970988 44.20210505
v -48.96020110 -17.53563449 37.70573373
v -50.21690687 -27.88579643 50.05377355
v -42.48586375 -22.15162373 35.29707037
v -36.10933428 -15.19401255 34.89201431
v -32.46457105 -35.89153966 54.83633401
v -20.75154956 -16.56884734 40.10447565
v -36.96053832 -14.24991822 35.90266505
v -29.29053410 -33.95998783 40.01704986
v -45.58311015 -21.70810688 36.76857381
v -33.56946276 -41.28411713 46.78181835
v -23.68632992 -34.89616816 41.05022515
v -17.83493116 -32.94295777 42.15659636
v -35.05177237 -22.23976014 33.50387927
v -50.96872660 -24.08299455 54.05508497
v -47.00670596 -17.98229824 55.14925342
v -57.64919719 -22.42732211 50.12726144
v -20.78772430 -36.90719227 49.68057021
v -37.43451065 -11.74696884 54.66269158
v -21.26780324 -41.78659565 47.07029997
v -46.28222234 -29.24328778 45.35518027
v -36.48474971 -40.72360397 41.02985580
v -41.14975095 -41.06559400 42.60194420
v -37.31560885 -12.30565357 55.49578556
v -40.40379981 -18.24497864 58.98481876
v -27.40637929 -26.62071564 59.27327244
v -28.52274475 -13.00949614 38.59195270
v -34.66456887 -23.96450067 61.60265569
v -25.33008478 -39.07991598 50.40417585
v -27.85521008 -29.73516016 38.74887202
v -43.96580588 -31.41964820 50.00372995
v -33.62534718 -10.22140654 44.43227444
v -40.12047442 -35.91728226 41.21137954
v -40.09344640 -14.16351585 37.33768799
v -34.33611428 -27.54333008 59.79539789
v -30.20885281 -38.10753344 51.79215499
v -37.69464535 -14.04989375 36.40438836
v -17.47534417 -23.11157930 54.68407595
v -19.28085661 -38.34687598 47.00924486
v -21.00057046 -17.60777454 38.52533937
v -17.80977344 -34.68349360 42.81234963
v -39.78631766 -11.56486243 41.89623647
v -17.50170662 -20.11035670 55.91840095
v -49.86938952 -20.03217952 37.61223343
v -32.08379503 -19.31306413 61.02121269
v -37.14742721 -41.85340773 41.61366863
v -21.05648333 -24.40134313 36.48923991
v -52.21815735 -26.44012275 51.62836926
v -54.55763863 -20.65959802 42.04828936
v -52.03823940 -14.03265405 43.93011967
v -52.30441629 -19.86441872 38.67792573
v -30.92398383 -32.14127585 39.72999305
v -47.03955946 -21.05749134 56.19596460
v -38.46094174 -26.10484868 58.44809083
v -30.21675125 -28.88002344 58.95794766
v -39.19860576 -11.25346587 53.57487961
v -57.67121435 -16.99057881 40.73464789
v -43.48185194 -19.65681679 57.89467044
v -15.11421409 -26.46866501 50.75219603
v -58.39593455 -19.18065267 42.12510842
v -19.49026028 -33.02457459 40.78599030
v -25.59139812 -22.04453311 62.15811845
v -32.98638256 -23.52844293 34.85618451
v -22.90647074 -22.80591078 33.97652088
v -29.53168437 -16.38781294 35.27605697
v -37.58293591 -34.30845073 40.45637100
v -34.03756438 -24.59998972 61.60828352
v -53.13696591 -14.14604381 45.84702465
v -41.73540750 -29.52265587 52.40743084
v -57.96065218 -19.52469289 50.99949269
v -43.05262460 -22.52018306 57.65594925
v -29.16950517 -11.24049392 47.15332008
v -56.19558386 -19.88767064 52.24024596
v -19.88991330 -16.17266725 49.62579893
v -28.54820681 -24.19850193 62.08156769
v -19.33622763 -31.10129873 52.81263432
v -41.74981715 -23.30684243 35.71831866
v -47.05999739 -29.93992524 48.17225776
v -35.45834597 -9.91412937 45.47638367
v -42.75990717 -38.30273356 43.99465114
v -43.24602286 -12.27126007 42.24185828
v -55.74479874 -23.17099085 52.21692006
v -48.02977929 -12.79404511 45.52640715
v -25.81971378 -13.96257473 52.46435296
v -27.54792819 -18.86071664 33.76331650
v -22.05251023 -17.86440429 37.40503811
v -40.63263539 -34.31150567 49.01030149
v -55.90121547 -21.30128097 45.02526055
v -30.08451182 -37.12487221 40.49757067
v -19.51159178 -16.90959534 42.27519209
v -30.94921524 -24.66997704 62.06670834
v -38.89988113 -39.99270884 40.87603358
v -23.96429313 -13.26808528 47.46075742
v -21.62707772 -29.00293106 38.02871024
v -40.90041266 -37.54473350 45.82196150
v -36.23548714 -11.29302140 41.07962827
v -38.88940577 -22.99208950 60.66517278
v -56.25895551 -18.84341066 39.08802798
v -22.04586999 -14.23675111 47.03187253
v -29.00819563 -20.69031449 31.79730726
v -57.92872915 -21.89537109 48.67632126
v -37.65514683 -38.46152861 46.61086413
v -34.96175440 -9.83464942 46.92051851
v -17.17049092 -31.82100686 43.11222447
v -21.11341375 -32.34011490 39.98128980
v -40.10004079 -41.22237065 43.67439342
v -25.88182385 -12.43408493 48.25391075
v -40.70743701 -36.74127404 41.50913812
v -30.34803283 -43.06005972 43.98173839
v -45.31935783 -15.87176768 37.86372161
v -32.44733829 -16.22001114 34.75719219
v -38.14524635 -26.77205655 58.02940509
v -55.51592435 -15.97180994 48.36746136
v -38.05367731 -40.69187903 40.99064293
v -42.31664285 -16.90773553 36.30294331
v -41.19378925 -20.53975880 34.82547151
v -26.34067483 -12.26906726 44.55150268
v -49.41174434 -15.62372442 52.16249760
v -15.49656913 -29.96732261 47.71311155
v -27.10979006 -16.32432429 36.06255526
v -30.68625003 -27.27193733 60.17837314
v -35.15161357 -10.04537838 44.82263267
v -40.26233939 -22.49978728 59.87142846
v -44.94866248 -30.66731731 50.25585578
v -30.09067610 -25.77883201 61.33344819
v -41.78575067 -11.56846749 52.89615285
v -22.44487852 -14.94450239 40.35573092
v -19.63911359 -26.51083906 54.58067769
v -19.83643094 -21.80159643 37.52179502
v -31.70742630 -15.50545309 35.17947948
v -26.04341491 -38.23625594 50.89570196
v -53.49650260 -25.59032384 51.65309989
v -25.09245443 -35.33241446 52.41692054
v -22.57368512 -42.43088924 46.37653961
v -43.69353245 -10.86590672 50.28920379
v -20.27654551 -37.95459995 44.77669383
v -57.15238568 -21.84059298 47.53521196
v -43.82734287 -32.19637968 44.56216210
v -41.13635628 -12.99539074 39.39165633
v -36.24768725 -21.08927308 33.22137142
v -40.72800236 -29.03143693 40.24837028
v -46.26159192 -23.81816262 55.32296172
v -43.42376478 -21.43220653 57.90461077
v -26.61122828 -12.05739915 46.14832008
v -59.78973833 -19.67680083 46.32828508
v -40.77688084 -13.52117378 38.51397446
v -31.32477934 -27.48010618 60.13730041
v -35.72403107 -12.20619949 39.01639757
v -21.77653018 -17.21002556 58.17417155
v -32.58869081 -23.87332970 61.96653750
v -36.68714500 -28.72954108 57.64915829
v -20.09174944 -30.79798418 39.31752742
v -53.99779261 -23.19193298 45.73065859
v -25.06633349 -16.75760745 58.63624692
v -59.66306711 -17.59247602 42.28947031
v -33.89492154 -31.95166241 57.61129797
v -41.81419649 -40.18710502 42.32112799
v -57.51123968 -16.43860095 42.27038264
v -57.61517203 -18.64091619 50.14499838
v -43.00555236 -35.85301490 46.13300980
v -31.31835161 -43.14547054 43.66737274
v -26.00879963 -21.31234327 31.63195308
v -53.01358243 -18.44736016 38.38794740
v -50.45505594 -13.96457815 42.47738197
v -44.64924701 -23.34075603 37.94721424
v -46.14304749 -13.54070789 52.10036450
v -23.55907384 -16.59476501 56.78223431
v -51.46629314 -22.29142593 41.76572586
v -27.12777719 -42.44847923 43.97481513
v -29.20883955 -27.09068346 37.78448131
v -19.72749468 -38.65783377 46.21940897
v -37.28661355 -13.32111473 56.43862217
v -27.59728218 -12.01428132 48.95820384
v -22.01572396 -42.37752121 46.86687845
v -20.67864582 -33.94624861 51.79897970
v -36.99552655 -15.95314647 34.81362682
v -26.38777540 -42.14198810 48.29830692
v -16.68418917 -22.62163707 54.36091279
v -50.23957991 -19.32160538 54.45406859
v -38.25884376 -30.43384592 40.09110191
v -18.24161145 -37.02957423 46.87506025
v -17.74137863 -33.16340089 50.69185638
v -17.49564666 -36.16004330 46.34801704
v -55.65893213 -21.02591578 52.91410733
v -20.07877141 -17.42578927 54.53370347
v -35.47780149 -41.66972221 41.57398397
v -27.18372498 -40.96747394 50.67570406
v -33.02647321 -30.02027959 58.70383337
v -32.13567172 -21.97453048 61.84120971
v -22.77027339 -36.22301290 50.87165669
v -22.18959222 -14.15723216 43.75810620
v -16.18330456 -26.61915356 44.81711547
v -49.08187747 -20.49915189 55.38832430
v -17.64841527 -31.25359968 42.19524289
v -52.80735877 -16.79439181 39.16690805
v -31.94555414 -28.67484349 59.40247792
v -56.49352574 -15.73422996 44.05073895
v -45.00613003 -17.62791186 36.70992678
v -52.06006883 -18.39199603 53.14348037
v -26.77817368 -36.32246806 52.17974673
v -34.92804399 -11.71628206 39.91861794
v -28.63321691 -40.09596379 50.93756629
v -52.58904688 -13.96482841 46.62578923
v -51.56436115 -23.40514894 54.26127235
v -29.68213225 -40.13084306 41.51205323
v -16.62068554 -33.23573623 44.34167003
v -40.10223865 -28.31439665 39.59459850
v -25.16793577 -42.21724400 44.50688471
v -42.90004002 -21.34144260 58.29215804
v -27.31600328 -12.65638076 40.58577299
v -24.25340529 -24.03686579 35.05320579
v -39.74577554 -28.00027990 39.37404313
v -42.81672527 -10.60235634 50.63970729
v -35.17579460 -34.87824756 54.72551081
v -38.68317529 -26.25496133 58.03972034
v -26.79178770 -34.78697180 53.76292387
v -22.91323346 -21.62562544 32.88035814
v -22.10905465 -20.60590205 60.63951999
v -35.81538812 -15.59430008 58.54943422
v -39.96879308 -10.50187301 52.14265848
v -36.60194794 -11.92182064 39.67017590
v -15.93035609 -22.69001144 49.95175679
v -24.08050270 -17.08341245 59.84240805
v -48.32231708 -28.87968441 50.80765893
v -32.25662853 -15.85339602 58.57060218
v -36.60614751 -14.54938353 57.56947656
v -25.15150990 -32.87853030 54.59005840
v -18.25633338 -25.96456665 40.84520549
v -39.65582524 -23.00316159 60.11387993
v -45.74812052 -19.09090194 56.36540964
v -41.85875974 -25.14698230 56.39443147
v -26.60330006 -16.79303246 35.98603064
v -19.92982455 -18.11176612 58.43983552
v -54.05344784 -22.97414448 53.52737788
v -43.92338017 -26.93411765 40.66352433
v -59.57202539 -19.17244924 46.71162193
v -23.25727231 -29.48462952 38.30684543
v -39.51464736 -29.84962158 53.87660933
v -43.59577124 -13.08738782 40.35650795
v -40.30472066 -16.08845928 35.85583775
v -32.52640785 -42.94096006 45.61395073
v -16.98263864 -30.17365405 43.43084750
v -48.10946831 -12.96387560 49.37190926
v -33.31460489 -31.96257255 57.77081235
v -46.80650984 -24.53783899 54.64202527
v -14.76831445 -31.57664679 49.26943511
v -39.77454751 -33.76224411 41.03844006
v -56.35781403 -23.32655747 50.44119821
v -40.70873758 -9.55966670 48.60219928
v -58.25902335 -17.83681904 40.08111580
v -33.18774175 -11.32277892 41.81296016
v -41.26219063 -9.80251616 49.74360703
v -37.98666768 -33.59973687 51.80567816
v -20.65252388 -39.11986864 45.30605844
v -23.62126540 -19.82484601 61.52207651
v -41.11574825 -25.45335657 37.88226974
v -56.64909698 -19.77328870 42.04175121
v -20.94759863 -40.94634980 46.99119452
v -30.08168537 -26.48982771 37.43747730
v -41.88334674 -20.22799172 58.99834167
v -17.36068737 -34.44384523 49.42376639
v -60.01389974 -17.87430314 41.91529621
v -34.32569705 -19.32360050 60.89241611
v -38.15597330 -9.62245659 46.96010086
v -29.43446857 -18.84832463 33.47257455
v -49.66062411 -19.88873635 37.33437390
v -35.93089167 -34.70065731 53.79812421
v -23.41384884 -41.86255121 44.95570278
v -47.81253933 -28.81893483 46.44935533
v -50.06230908 -28.00737335 50.58782331
v -31.14634498 -19.01396560 60.94664329
v -24.56254619 -23.77278153 60.17148517
v -39.72805161 -27.50077837 55.49059385
v -39.80618590 -34.61938624 41.06621390
v -56.03249964 -16.27025222 48.32193795
v -42.77875821 -20.63091951 58.44233795
v -37.43664904 -34.76828955 50.58498763
v -25.29633069 -16.60802799 57.99208834
v -55.65104139 -16.43992272 40.21879259
v -22.92140433 -13.92380700 42.42413814
v -28.96954227 -13.31341594 37.92552363
v -23.40367427 -23.10372562 59.63470794
v -56.40965470 -16.33028681 47.63449968
v -33.81879733 -14.60885773 57.38926951
v -20.28986793 -22.71863136 36.66754349
v -29.77671253 -12.65801057 53.12673726
v -28.07861747 -42.90236260 45.64849537
v -55.54216029 -16.75290833 49.51741003
v -24.37843002 -23.39191579 34.37009364
v -21.62405850 -17.16233357 38.33033943
v -55.22162687 -17.61352286 50.77371690
v -18.59440137 -30.35597959 40.55688404
v -33.51042752 -14.53165422 35.27168532
v -20.45245256 -38.16748306 48.68401092
v -24.81814864 -13.48264024 50.08931643
v -25.67143298 -42.14816470 47.96788915
v -50.03493338 -14.79880103 40.56980121
v -44.58402253 -12.60355965 42.12702459
v -36.54762185 -9.67808384 48.55547830
v -17.97278343 -34.15947140 50.12540403
v -26.99375276 -18.04835604 60.59012481
v -33.99574350 -36.16944668 52.77203891
v -37.68205787 -26.05578103 59.23066349
v -20.15998853 -17.26562740 40.16967818
v -55.44758684 -15.25686274 43.48610087
v -58.18871825 -21.04737167 51.53328862
v -39.64052174 -36.13134623 40.94774710
v -28.16390944 -11.60892343 47.70024915
v -21.95549131 -25.28567922 36.35241337
v -26.44054162 -18.66740139 34.27815799
v -29.81088041 -11.37244856 49.26178801
v -34.53187129 -12.65197851 37.74369964
v -27.50259083 -31.42790540 56.38536234
v -21.36814771 -16.25364594 39.66745321
v -22.28550411 -17.08998585 59.03701613
v -25.74350292 -31.02394087 55.83653461
v -16.53793472 -21.03901776 52.76037445
v -21.07557799 -28.73486446 38.06235131
v -43.06388915 -24.34892705 56.37253641
v -35.26763617 -25.15046827 61.19805206
v -24.84455189 -12.86826306 47.96487852
v -29.88716270 -37.73371749 40.65880675
v -32.91306054 -14.27618935 56.72124768
v -24.18707317 -38.02975458 50.26360978
v -23.78631886 -14.79873319 52.23318454
v -49.27743610 -28.05334839 47.06937819
v -38.45419281 -12.71044335 55.60743093
v -39.33081304 -25.23843438 37.08625100
v -18.68974002 -37.18905816 45.97027761
v -25.24057151 -34.20765478 40.52173583
v -33.85178881 -14.92885206 34.96480007
v -53.72121959 -24.30314867 52.86910623
v -17.26045320 -19.37596839 48.32798094
v -32.97928005 -19.58658947 61.09883547
v -37.57265680 -21.29252148 61.10642262
v -48.85410678 -16.84831320 38.12856231
v -55.35039037 -23.03946651 52.64848307
v -31.95371880 -42.27434055 46.88264541
v -41.00515026 -10.24849588 51.24736834
v -40.19821234 -26.11155834 38.22455702
v -33.24733699 -36.43889864 52.99738392
v -34.31663160 -36.80569365 40.26634888
v -27.05757858 -14.71452408 37.21776876
v -40.30868785 -33.48789346 41.30436653
v -14.76565470 -29.58617500 50.38989461
v -33.86296584 -34.38244127 56.27782887
v -29.79361201 -31.70892837 39.58974183
v -16.92541795 -32.65350587 50.48738999
v -39.23127450 -29.70279121 40.06602674
v -28.48656123 -13.88421173 37.40274953
v -46.37254762 -21.02489003 36.59994306
v -23.82053008 -42.03999606 44.95248053
v -49.24096052 -13.00648477 47.34956675
v -29.36373588 -11.86924993 50.46721972
v -37.80102052 -12.78857393 38.39925505
v -24.02074827 -14.20782437 50.90097984
v -26.43608228 -23.41343036 61.91233006
v -16.80870417 -28.41855907 43.64476893
v -21.44538516 -26.78686143 37.15001667
v -33.70941029 -25.57116291 61.37739060
v -21.36102008 -22.65466767 35.14728691
v -55.60899243 -19.11183913 39.07275495
v -40.24860491 -14.61297458 36.93604747
v -34.85358683 -17.48999520 34.23114020
v -20.98712049 -25.05466474 55.85449014
v -38.90214204 -20.42253894 34.22979647
v -29.39159170 -40.91393650 50.29188141
v -27.98674101 -12.12686219 49.82558353
v -29.19298661 -38.46438591 51.61810724
v -41.57936296 -17.93733427 58.32357885
v -16.04527620 -22.38695809 52.71860738
v -28.15011396 -17.14597908 59.68296664
v -31.39460967 -38.00636848 51.46518187
v -47.66899896 -20.26964699 55.80345003
v -38.78807999 -38.09857155 40.67417714
v -39.35102337 -32.78794088 51.27197998
v -32.24723163 -36.24453560 54.28067017
v -18.12207337 -35.89036905 48.76072693
v -36.99834540 -10.95218470 42.58230274
v -44.43446006 -32.98277510 46.74654409
v -20.12058460 -28.47478853 38.66298257
v -39.86780592 -36.03252800 47.52863972
v -44.02602455 -32.44889595 49.01747595
v -38.06828843 -12.46788152 55.47198133
v -20.51041627 -38.66569749 45.10746330
v -30.73582014 -30.99437503 39.44766413
v -30.78038353 -11.05267483 43.87666454
v -47.58742732 -12.41931417 47.87901771
v -42.16927174 -33.80152989 42.75776591
v -27.96191144 -35.07178785 40.30643135
v -38.38666180 -16.65938975 58.80492265
v -33.73132134 -36.76923110 51.37558078
v -44.77643415 -15.38877412 54.93133330
v -38.71945764 -10.99581600 53.29164608
v -30.97887323 -17.59735844 34.26661420
v -27.02437714 -20.85128268 62.08151792
v -25.55334209 -17.06415286 59.81005044
v -52.81063263 -14.55921769 48.25551457
v -42.27408851 -32.18120521 42.61717097
v -26.32220314 -21.51531503 31.85088113
v -22.41402298 -41.50685413 48.26780238
v -21.38895489 -18.13133889 37.79672019
v -31.97048584 -12.20237772 39.03261227
v -39.67064849 -23.70520470 59.62180310
v -27.16040268 -35.28177004 53.45208892
v -28.35257694 -14.24637006 37.08619049
v -31.50819426 -38.48217896 50.79397561
v -56.57636997 -20.20181127 43.21288173
v -20.74766621 -31.20822318 39.26240360
v -55.58909354 -15.46521407 42.45333533
v -43.89772974 -33.90917206 47.25818933
v -14.93816713 -33.61243368 47.98280174
v -36.33301346 -22.47238824 33.79100184
v -45.72306770 -12.89374421 51.59705279
v -26.41019669 -12.15869838 47.48783398
v -35.14903568 -22.86328897 61.56376922
v -48.12903302 -19.79961413 55.53263412
v -27.91779911 -21.68888789 62.22998109
v -26.46076207 -16.40913995 57.85999601
v -47.85998858 -21.77193885 55.80559778
v -40.25519378 -12.54367090 39.82736021
v -42.85795045 -27.42165033 53.43119826
v -20.24060362 -17.91688770 39.24072655
v -27.24209219 -11.96762347 48.11921246
v -51.98870643 -18.71300495 38.03860658
v -37.92802232 -20.75899832 60.89437473
v -44.55247278 -29.76977857 51.11513470
v -35.09933760 -35.71425061 52.16815067
v -34.38850751 -15.59675784 34.67005499
v -43.75684162 -20.18967071 35.55699592
v -21.72247196 -35.20262338 41.78521243
v -38.18118557 -13.66665277 37.03302055
v -43.23751925 -34.36106120 43.97259704
v -27.88883484 -17.54435404 35.02038069
v -48.69541036 -14.78410720 51.67512928
v -36.87385787 -34.48398893 40.32732583
v -20.29744451 -39.66082639 47.02336917
v -17.30739669 -36.00633890 47.26558568
v -29.94838958 -12.99343765 38.01294172
v -53.00193508 -15.93147720 40.04503343
v -29.14494442 -20.91199350 61.93779905
v -31.97884834 -41.73740005 42.08670201
v -46.39472467 -13.10035136 42.13732202
v -31.96661074 -10.92841509 43.45245866
v -29.30041647 -11.10337249 46.59326455
v -22.28502913 -25.83599002 36.55620178
v -24.96278017 -30.59946326 38.96392001
v -40.86609098 -31.00446858 41.15938258
v -44.06522659 -33.25036558 48.02063915
v -49.56568190 -18.33430649 54.17609261
v -20.83108278 -26.16655819 37.25524706
v -40.13904009 -15.41722373 36.22343509
v -44.86462090 -26.93009092 41.39469784
v -22.60243011 -42.44163695 47.16114672
v -23.23035660 -20.20246162 61.48125145
v -34.08342127 -10.53679374 43.58390631
v -37.21015412 -28.07388402 57.68112722
v -25.72191223 -12.53489252 48.73726899
v -42.64171655 -20.96721124 35.13390761
v -51.89885300 -13.76756511 45.60174054
v -45.17051356 -22.04315342 56.76060810
v -16.61609056 -34.22900228 44.54443166
v -24.25015630 -36.08888267 41.33093852
v -40.50430738 -19.60707871 59.51024083
v -22.39540734 -42.38705985 46.25978869
v -52.52853965 -17.97331813 52.58237787
v -41.83388899 -15.61968646 36.80534880
v -50.14031186 -24.28782803 42.85639703
v -46.96845305 -29.79547531 50.27419202
v -40.14289664 -14.99583810 57.01431106
v -37.03767422 -9.61241307 48.19662411
v -36.87460078 -36.35892215 40.36356160
v -26.97484662 -42.08122649 48.74526255
v -23.50863392 -22.52417513 33.39564178
v -33.41349492 -20.57662286 32.60894596
v -44.61905027 -12.79028612 52.47914978
v -42.19377527 -20.43778224 35.11483968
v -22.68246091 -18.17420348 36.61506215
v -35.37579850 -26.93771509 38.34815235
v -42.13443110 -39.42167509 43.89590630
v -29.61455569 -12.37287816 39.72907777
v -31.40209823 -25.37680719 36.61978051
v -22.16411083 -39.30313399 43.95455028
v -22.79629654 -16.11761498 54.67588830
v -19.34302191 -17.62328401 41.32876712
v -21.92913240 -42.22771279 47.28438651
v -22.04751425 -32.91565927 40.28799583
v -32.13185524 -25.90477009 61.40206202
v -20.76602215 -22.52373808 35.80763663
v -36.57975257 -32.00278892 40.16571124
v -23.39480141 -42.19526600 45.40263571
v -15.81569894 -26.13826387 45.92803522
v -27.79350868 -16.52289435 58.52614092
v -18.63157856 -19.14999175 57.06298197
v -16.19001505 -22.57752318 53.90789568
v -28.76739931 -42.33660734 48.27839478
v -31.09462370 -42.46493893 42.74645558
v -45.95618612 -29.93810568 50.50607769
v -49.36646231 -14.36962801 40.85226558
v -35.42595225 -25.59044330 37.21301482
v -51.84756364 -26.00873994 46.50224135
v -43.73967537 -22.37553064 36.11252611
v -16.70743963 -35.48216872 47.35639388
v -50.56504369 -17.33871424 38.31554515
v -60.32075339 -19.04405032 44.55596539
v -51.87335489 -20.97790166 54.57911661
v -29.17134934 -15.64659108 57.36341608
v -14.97568518 -32.26048487 48.15096410
v -31.98888918 -37.42164062 51.85449697
v -30.93283605 -33.64416617 56.59482295
v -43.02813512 -18.51257830 57.81917696
v -15.73242621 -34.42901439 48.19588014
v -44.34650724 -32.96059811 47.75301030
v -47.76515276 -23.80979601 54.96165529
v -28.17662477 -15.52949516 36.19812492
v -22.44706236 -28.29587626 37.65612668
v -32.99399584 -13.55268428 36.41305139
v -35.70250112 -25.47334987 60.93378032
v -33.35147902 -37.28805026 50.76089150
v -36.53844629 -10.24564037 44.34700925
v -25.27719951 -23.53867406 34.50908664
v -32.23558874 -11.58059683 41.18433158
v -19.68293534 -38.77963068 46.55479250
v -37.53312633 -33.67719885 52.49469612
v -50.33492040 -21.51053394 39.87688188
v -42.78392327 -10.30677156 47.12557637
v -35.88129920 -13.57973022 36.49177861
v -17.95685345 -21.88337834 41.06501799
v -22.01568303 -30.66798267 38.88225901
v -43.75951556 -35.07522598 45.36567965
v -32.69400100 -26.88086449 60.56148058
v -37.94848655 -33.31627693 40.44598552
v -19.11589036 -32.72866376 40.82474078
v -23.22016233 -36.03276489 41.69635599
v -31.72227096 -30.61925393 39.39944405
v -31.59725683 -11.67310052 51.96257437
v -56.96063681 -17.47300748 49.07724798
v -31.34776348 -13.73824127 55.49376722
v -49.61326050 -27.18304052 45.40747672
v -15.78092168 -24.16028831 47.83303387
v -19.92606957 -15.84210600 45.49904592
v -44.10216328 -30.98048611 44.47977916
v -17.62334965 -20.47456456 43.04692245
v -17.21571407 -21.30554305 55.42823356
v -42.34526690 -14.66013017 37.81027926
v -36.25037186 -21.79667124 61.34466542
v -22.90657225 -14.19333453 41.46827407
v -19.58229014 -20.68844543 57.96962406
v -24.37588539 -37.44667427 50.56293203
v -42.38303314 -19.36609952 35.47229323
v -54.12744765 -24.97511934 50.60091018
v -17.60251404 -19.25009708 52.78863735
v -21.33976318 -22.10352202 34.95538627
v -23.02271723 -39.16044367 43.30130091
v -26.68731446 -14.95896745 55.02776690
v -27.21233403 -21.69923408 32.19096534
v -18.71983121 -17.78393091 43.16008715
v -34.11749324 -33.34129433 56.93974172
v -15.35320542 -33.88596381 46.98926743
v -25.05365912 -31.94065191 39.67850912
v -27.47237144 -28.21524713 58.06798838
v -44.76057222 -30.05920048 44.57786007
v -31.15812821 -10.66245080 47.61141379
v -44.75925221 -17.08945876 36.96505168
v -29.09411270 -41.94793253 48.91443301
v -24.76968837 -42.36224011 46.06103017
v -27.68982879 -42.69459030 44.57043425
v -19.61366030 -19.19251225 59.01548614
v -38.28824811 -28.91294768 55.77929996
v -26.41864655 -35.91154477 40.75559153
v -43.15391499 -32.32038983 43.63427748
v -25.03350418 -40.29706105 50.00631437
v -21.09387178 -30.58762526 38.88416126
v -34.03774636 -38.82464714 40.64503091
v -34.95193891 -32.84162875 56.81106643
v -18.18588456 -18.92186807 54.38287280
v -59.38870697 -21.12331726 50.43705776
v -19.65340043 -31.49520045 39.80884653
v -45.41997017 -25.68972976 40.64987617
v -29.58147173 -37.09322707 52.64370167
v -33.86191947 -20.00738393 32.92816687
v -30.64833578 -13.97510079 36.45091862
v -32.69102578 -34.25637778 56.55721055
v -14.82629578 -31.83218458 48.75024239
v -43.48681978 -23.03042865 36.64544958
v -37.79357602 -27.59720731 57.55496469
v -46.62457584 -18.25515024 55.52722060
v -23.31367466 -38.66529563 42.81311049
v -20.79669275 -19.79752684 37.16157348
v -32.46383249 -12.06186644 53.49738803
v -31.64698961 -13.73597928 36.49313601
v -48.23706768 -27.29451824 52.27136430
v -27.11648916 -20.03839398 61.77495743
v -44.08026888 -34.03840255 46.17366252
v -31.28766601 -35.83857827 54.72349532
v -38.84313819 -12.35403501 39.62241532
v -49.73746812 -21.93877021 55.23466676
v -34.67070324 -32.62026498 57.08914281
v -18.58469406 -37.23821617 47.89703261
v -40.85561385 -21.47815348 59.65456213
v -49.15791794 -13.67612583 49.81164265
v -52.83147873 -23.20245418 53.93127405
v -33.65015738 -43.00171819 45.05780089
v -30.34612523 -20.45446462 32.00753463
v -39.89791060 -37.55481243 46.23038225
v -15.98892873 -22.69365583 48.77283550
v -29.91537595 -17.36915036 59.91653177
v -44.83208638 -20.53078589 35.81914824
v -31.41728497 -33.83245530 39.98463174
v -36.86952962 -38.71012113 40.56365605
v -51.96064886 -17.13490343 38.80156400
v -26.40473618 -16.60251263 58.49814628
v -19.12889054 -37.60536453 48.04074032
v -28.48446597 -42.47713201 47.88552589
v -48.84270760 -21.69556185 55.50164884
v -27.33045048 -30.78914780 39.19474064
v -24.53067419 -12.92730373 46.94083383
v -35.99396557 -34.26160084 54.46865169
v -40.40636683 -37.66751603 41.23354505
v -40.31699556 -23.23226974 59.37484045
v -26.50717900 -42.55928481 45.65265976
v -50.63695757 -13.58017367 44.43696947
v -27.45114306 -36.82390345 52.10733481
v -52.39852467 -17.28869214 52.08843497
v -47.04305356 -29.21037303 50.92662266
v -31.68610634 -41.54360640 47.96264263
v -39.23959540 -31.87832149 40.65977968
v -33.47918817 -28.99451293 59.08916511
v -45.86197402 -30.94018747 48.00367215
v -40.04010924 -11.60326554 53.76721885
v -43.00051226 -21.99258542 57.96821415
v -38.00370561 -10.03208683 51.19411405
v -43.70893279 -34.92067671 44.97412553
v -47.37612007 -12.95447153 43.59609800
v -27.84725942 -15.72901678 56.97966211
v -26.32648889 -14.76300703 54.50556024
v -24.07514115 -21.74943961 31.80642946
v -23.40245755 -24.10196222 35.23671249
v -17.59804055 -35.82178631 48.22492839
v -22.08171016 -38.15005968 49.46676647
v -57.14357448 -20.27388411 43.85532246
v -23.34045322 -13.78633554 48.57034002
v -35.62158233 -27.47979688 59.35697982
v -24.85792786 -31.33874621 55.29029131
v -30.03765619 -42.54847969 47.50836851
v -32.44469011 -43.24397361 44.83695435
v -40.47059120 -23.18030160 35.04401246
v -17.90808050 -25.93723513 53.85418689
v -28.87752849 -18.35921859 34.01001276
v -27.05817730 -36.51743898 40.75763829
v -43.27637211 -32.87318308 49.10050123
v -31.28088644 -41.83014363 47.88454766
v -41.26485642 -39.02710242 44.67096763
v -28.14016895 -21.04055202 31.72735693
v -58.68594063 -18.41903640 39.92260590
v -34.88618852 -14.14233050 35.55377164
v -32.66852751 -43.08496456 43.37477148
v -27.67947549 -16.96314238 59.38308088
v -29.62331780 -41.47309763 49.47802646
v -44.04326580 -14.59017033 38.53480408
v -41.10096250 -10.67393721 45.09766686
v -45.29882600 -24.74486017 39.68733535
v -31.95637887 -41.10060355 48.12585853
v -55.27384487 -18.33890771 51.48904854
v -46.83094193 -22.16159608 56.02239801
v -37.72105437 -24.88477296 60.24915266
v -40.25276442 -16.82936498 58.24919984
v -27.97331568 -34.51687204 54.57343804
v -41.57819216 -16.10162791 57.20488416
v -30.73197589 -17.15148109 59.77090707
v -41.06519057 -40.34392339 43.86745462
v -40.12422781 -10.03526790 51.16896312
v -24.68872821 -19.59551504 61.54948860
v -27.09284917 -35.70889739 52.87252553
v -34.26381653 -11.69119598 53.74434191
v -25.88411794 -14.48716443 53.62081008
v -35.84988095 -10.69198580 51.95872386
v -23.93616702 -13.54049726 41.86512257
v -58.36898998 -20.71681749 46.18959797
v -22.78000481 -28.62766724 37.81551273
v -30.07577332 -23.98687820 62.23547437
v -46.71891272 -15.93534206 54.04751663
v -58.62912930 -21.54031890 51.03073449
v -39.23280658 -22.69342398 60.53393117
v -41.86971202 -27.36027350 54.02696045
v -60.01188556 -18.24744101 41.34430144
v -19.46328563 -33.27384378 51.57036768
v -27.59224286 -11.72324917 45.72682066
v -53.45635933 -22.36447579 53.97715127
v -28.07015196 -24.72704908 61.69878995
v -27.61617702 -11.75413767 45.27554976
v -57.58438040 -16.38948713 43.22171022
v -38.71455693 -35.84045946 48.35474618
v -21.83897075 -41.83873609 47.72225593
v -17.22277573 -28.20502746 42.74717265
v -42.49884263 -38.80426145 42.86409163
v -17.57235708 -28.85798073 42.10354671
v -30.37686188 -38.99917663 51.01922534
v -21.35664864 -37.77100349 49.35823114
v -20.81367251 -17.57854005 58.70175296
v -42.88463370 -13.75462465 39.01530190
v -36.09013086 -16.54646963 59.20272115
v -52.25514798 -13.97688687 47.52318867
v -45.67340927 -30.63867386 46.81537570
v -39.82854048 -22.54149029 34.52020899
v -24.01022946 -17.92118022 60.54384589
v -50.19407064 -27.12715104 52.02530438
v -47.74116727 -29.33899453 50.31334078
v -47.31482566 -19.26409586 55.65823674
v -35.05870065 -35.33084594 53.90714532
v -23.08641778 -21.28056580 32.86845004
v -25.48919138 -42.23843355 47.34197975
v -19.65218228 -16.93104524 52.01974239
v -52.37756149 -19.76147606 53.85350482
v -28.29069671 -26.51714991 37.30283273
v -31.55467998 -43.13476829 45.63415201
v -30.42056902 -27.83634177 38.35534820
v -35.11067255 -40.67165524 46.37687362
v -18.40562048 -18.58007200 53.72782113
v -39.41169406 -14.45130620 36.68299172
v -17.44797155 -33.79585120 50.03096593
v -36.90761443 -12.41262018 38.89311162
v -27.02099410 -32.82483659 39.95417853
v -39.20777169 -20.05119221 60.23393831
v -29.41055277 -42.85504627 43.84736143
v -22.39162996 -14.13512793 43.05871743
v -49.17306235 -27.80077170 46.08561382
v -53.41015213 -14.75575523 42.50887645
v -20.75471387 -40.11460162 47.64001194
v -35.70758397 -9.79652920 46.19277778
v -29.57591851 -21.93194199 62.11875980
v -35.92449995 -42.35721096 42.15307958
v -47.60014811 -12.45070025 48.41679708
v -36.62873580 -11.04880608 42.19163582
v -41.01856147 -11.86184626 41.79407254
v -44.18981203 -19.07627570 57.30666363
v -51.61974092 -24.64722158 44.55819194
v -55.60387625 -15.91387458 41.21766466
v -15.40206640 -25.05845404 51.76795972
v -33.95638749 -42.91514393 42.90957764
v -16.71055014 -21.13777244 46.33054965
v -58.99644286 -17.46135290 44.17335791
v -37.75160768 -36.40081009 40.51506631
v -37.08193042 -33.89777383 52.97410257
v -15.58501560 -25.33725689 48.10959806
v -41.26522750 -31.63283519 41.62970069
v -15.59303615 -34.47588766 46.56882424
v -19.16164415 -29.49174672 39.71924640
v -37.62500051 -12.10076071 39.59855811
v -33.19347308 -34.62697594 56.24251698
v -18.18524585 -32.80402556 41.70043984
v -42.82960131 -35.25582032 43.40359852
v -38.76986908 -9.67941303 50.05343457
v -34.73814022 -30.81237992 57.88439627
v -32.49279576 -37.00513584 52.28462348
v -35.59726423 -13.94418919 35.88484663
v -46.50552797 -27.82182370 52.15051084
v -27.15454370 -13.25786475 51.99859830
v -51.81324666 -14.84434388 41.24837612
v -18.66172796 -21.03695827 56.77282049
v -34.60181455 -14.62335849 35.05284017
v -53.48033050 -19.36258470 38.62403250
v -22.08945336 -21.44474812 34.04467400
v -53.33876107 -23.60405785 53.52587645
v -37.29404030 -27.03816471 58.58918147
v -36.10064033 -33.57867817 55.21548824
v -31.95835404 -27.09734436 60.45769959
v -39.00377003 -35.04912638 49.03911429
v -49.82557066 -20.98036545 55.23663818
v -18.62578724 -17.30822309 47.38126809
v -37.31088815 -29.50400794 56.47534445
v -22.43141805 -37.28264130 42.66156749
v -26.64057306 -32.40077554 39.86597517
v -15.56535816 -28.10624948 47.73327789
v -18.74877342 -21.59782259 39.49183515
v -53.23585582 -24.44211831 46.49008428
v -20.76798777 -29.55679803 38.51145672
v -34.36932195 -35.13191409 55.24632293
v -28.70537722 -13.48927721 53.92539306
v -16.29662921 -21.55461291 52.02761584
v -42.96624177 -27.88418462 40.79610155
v -39.95853210 -20.83697336 60.13249118
v -40.17795328 -40.07808147 41.21634298
v -46.46592497 -11.86587026 47.83678519
v -26.51239054 -28.48345103 38.21724012
v -40.56957518 -24.87580729 37.01759404
v -29.15476320 -13.93278426 54.84182051
v -42.49476764 -10.13345247 49.73673167
v -17.72332920 -35.33747239 48.88909565
v -30.78951141 -40.07853414 41.32608149
v -39.11316598 -27.75975536 55.89338327
v -18.47187884 -33.31317737 41.52771168
v -55.53403661 -22.01272564 45.95462422
v -42.49205424 -37.99224826 44.78952093
v -24.64788004 -41.15655766 43.68363181
v -15.18147800 -33.08047393 47.41163061
v -18.22923055 -18.29546666 51.80624774
v -45.28248836 -28.56600332 43.40401248
v -33.18294569 -36.78755704 52.02898860
v -31.38541490 -19.67670762 61.23313281
v -17.42776622 -20.70514479 55.86907394
v -25.88604106 -42.01757250 43.86743318
v -39.14007703 -31.21128575 53.24886771
v -30.37010887 -17.77337563 60.19681353
v -27.19694137 -22.56837113 62.33178778
v -29.41899709 -11.23943881 47.88404314
v -33.34272730 -24.41481445 61.78829307
v -40.08597348 -38.81573351 41.07329788
v -15.37188137 -27.79613076 48.72716329
v -37.86436367 -26.34957533 58.76941773
v -16.12402942 -32.95266711 45.33691102
v -26.58728403 -39.63882638 41.93587484
v -14.70909867 -29.70696266 49.73506816
v -33.04947298 -18.18141276 33.85774917
v -23.82439030 -17.68203033 36.40998984
v -32.76710499 -26.97488368 38.06224602
v -47.63096578 -18.59174296 36.86379522
v -36.68289288 -18.59953586 60.43796765
v -50.96826828 -24.34223214 43.64043545
v -17.71064404 -22.80837276 41.59263785
v -31.48903281 -34.82836358 55.88951676
v -37.34219369 -36.98863510 40.44681074
v -52.93057344 -21.74328788 42.48047238
v -17.24473322 -24.15269558 42.52095561
v -16.62376713 -26.07398705 43.76736727
v -17.98140314 -34.86542712 49.55519791
v -55.17437152 -21.71146691 53.19938621
v -22.26127448 -34.38053604 41.11511101
v -42.77396847 -11.44811267 52.05578987
v -28.46133148 -42.54467902 43.62269529
v -36.14164122 -21.10837088 61.26818917
v -17.47865099 -26.74986507 53.42301794
v -25.28213669 -24.14767332 35.10804874
v -29.68437916 -17.60069931 34.46801150
v -35.92121799 -35.17344129 52.21684113
v -18.02556155 -19.41731512 55.69087382
v -41.78460219 -25.40002830 38.14564895
v -40.49323262 -34.51811030 41.42470220
v -36.93855792 -29.47585509 39.65128521
v -51.60899596 -26.03902978 52.38687372
v -28.59859274 -41.30203750 42.33808790
v -31.40847439 -10.46273311 46.48514515
v -22.22861884 -20.36917150 34.66972937
v -15.96154909 -23.76410794 47.11652468
v -32.60427677 -10.44660366 44.14780527
v -42.92972377 -37.33762197 43.46856594
v -21.72770906 -41.07603139 45.63382163
v -38.61679572 -31.64168056 40.42725454
v -48.93120284 -28.66217610 50.59660136
v -20.50992134 -40.03243821 46.64180346
v -23.53543474 -23.62154207 34.77402311
v -38.00359690 -42.42999038 42.84318823
v -60.02747833 -17.97780050 43.57615852
v -29.21452539 -38.95136982 41.07128446
v -22.44675822 -33.47788548 40.58954716
v -35.39225582 -32.41357749 56.72940039
v -36.48083573 -33.45588723 40.25291524
v -18.97736682 -19.13931431 40.47920548
v -36.79335948 -30.32782351 39.87650910
v -21.95882956 -39.95188227 44.55319872
v -15.30271305 -26.65196973 49.81479440
v -29.17301614 -32.54439058 39.78248971
v -50.94866936 -14.21263893 42.10008296
v -38.33633522 -25.18133603 59.49922400
v -29.15417484 -42.90422540 46.44004674
v -50.00987469 -27.46196380 51.78236829
v -20.72597330 -18.17406419 38.37427962
v -29.01691601 -12.29065635 51.36533517
v -31.24875150 -25.34432572 61.79349682
v -46.83724523 -21.31303744 56.25796837
v -26.96072980 -41.80175104 43.16743848
v -53.50918328 -25.39190153 50.19397707
v -21.69434453 -17.32997966 59.36647871
v -46.55774427 -30.39382849 48.53586174
v -15.50616372 -29.34022777 51.24182217
v -26.81995124 -41.16360397 42.72803719
v -58.60268677 -17.52856823 40.54626582
v -39.40605238 -10.23211115 51.81671759
v -48.97594587 -22.09775276 39.76314218
v -28.79123504 -41.50603926 49.91585802
v -23.61721467 -18.57300095 35.74691165
v -50.83948748 -13.77546847 43.53346019
v -47.99282982 -28.31950892 51.52504387
v -52.87791854 -24.48345168 53.12623337
v -23.59330905 -36.36490983 50.93259196
v -45.15202857 -21.45506842 36.23194981
v -41.16322818 -22.35872460 59.23210886
v -47.84022959 -21.37575306 38.00727935
v -36.37659006 -10.69611440 43.08681546
v -52.86128954 -14.89169040 48.98760374
v -33.75389681 -10.00167299 46.94157778
v -32.60514884 -12.51876033 38.13121512
v -25.59559964 -12.51381215 47.57501932
v -21.18595189 -16.03915267 52.42694694
v -32.89315010 -27.55413272 60.07065706
v -43.37601524 -20.86028565 58.02364259
v -50.65079369 -20.65443995 54.91250305
v -28.31657363 -37.73792548 51.82051616
v -54.78252142 -19.04797962 38.82614152
v -38.45860744 -23.47675679 60.73284831
v -19.83921158 -38.29206895 45.54408829
v -23.11680135 -20.60878075 61.37717237
v -22.73769408 -19.98909982 34.65014379
v -32.80192493 -41.49091998 47.13453462
v -20.33438457 -25.89785651 55.13810252
v -53.89447333 -14.52924285 47.06298284
v -36.48227201 -26.71691435 59.49271328
v -41.31840414 -14.33329858 37.69473394
v -20.12786292 -16.67449614 41.09384836
v -17.79817981 -35.14956760 43.36882041
v -45.11680363 -30.90924136 46.21427880
v -15.62995032 -24.28430808 49.55199674
v -25.63599384 -22.59289282 62.02686051
v -31.43617475 -12.78302707 54.16235790
v -16.04738077 -24.61141308 53.14165181
v -35.32220465 -42.72333950 42.59177341
v -39.43148313 -40.57235541 41.11678103
v -53.31012393 -20.99746936 53.96559689
v -50.45589054 -23.05041169 54.72532735
v -22.00411601 -14.65302703 41.79775295
v -21.39909313 -39.85849729 45.04795672
v -22.94716007 -18.79575468 35.83384111
v -27.54132525 -33.35644743 40.04601591
v -35.73783741 -14.00055772 57.02105352
v -39.64220869 -33.55930048 50.18516847
v -56.64212228 -22.03888004 52.28757681
v -38.16883637 -34.70321883 40.58486767
v -23.45624456 -32.95508555 40.22659809
v -21.95087875 -17.68522548 59.95845056
v -32.54503388 -29.28846232 59.12875076
v -16.79248039 -29.63416015 51.94969880
v -55.22470641 -19.47126976 39.43882115
v -22.34438660 -36.45624777 42.28288245
v -36.67418215 -39.29454148 40.64936867
v -24.77370531 -13.42090042 40.85866537
v -27.51785016 -27.24827221 37.70098780
v -29.17112555 -31.36649810 39.47982533
v -57.50630532 -17.74452699 48.65439838
v -44.04589746 -22.25869649 57.19827048
v -28.01844338 -42.68699074 44.21189741
v -24.66470898 -13.02676240 48.65054361
v -41.20605037 -23.44172735 58.44876416
v -39.01512178 -9.43591844 48.55052715
v -34.60835568 -26.05288720 61.05474347
v -18.92910983 -32.13021609 40.65983148
v -35.42189675 -30.83273405 39.82656016
v -49.69352648 -21.35413934 55.31176747
v -57.35281839 -19.33717671 51.25067625
v -16.05814426 -35.01433242 47.41467512
v -28.35828502 -11.78080640 43.97952202
v -22.08420616 -25.97366171 56.11508611
v -29.13062333 -35.80252447 53.85433136
v -31.04269627 -19.78009963 32.63538715
v -43.87252699 -29.88636355 43.29301648
v -31.98007228 -16.88063829 34.54908948
v -35.92076660 -18.26501873 34.11621290
v -51.69980742 -26.51284081 48.73545924
v -31.82458630 -20.20155924 32.39410448
v -24.43680040 -42.12731985 47.71935108
v -22.75956422 -40.77706201 44.50018748
v -16.12567677 -30.66901905 45.76135230
v -29.14041692 -36.80330205 52.74702320
v -35.91503746 -36.07255893 50.25725915
v -58.35382604 -17.86869295 46.56905305
v -43.06995103 -32.26791216 49.73253477
v -48.88766722 -23.06998785 55.08196228
v -18.72532217 -35.51177907 49.50468964
v -39.55127192 -15.93868470 57.95797300
v -28.53632930 -39.17990574 51.25369104
f 400 1245 1536
f 2353 400 1536
f 1245 622 1536
f 937 1536 622
f 455 2353 1536
f 2660 1764 714
f 1764 151 714
f 2478 2979 3006
f 2405 2478 991
f 2478 1411 2458
f 2478 2458 991
f 991 2458 1764
f 1764 2458 1870
f 151 1764 1870
f 2478 3006 1411
f 1411 622 1245
f 3006 622 1411
f 1870 1121 2779
f 2025 622 2853
f 1245 2458 1411
f 2678 2025 2853
f 2458 1121 1870
f 2458 400 1121
f 1245 400 2458
f 400 2353 1121
f 1977 308 2025
f 2025 937 622
f 2025 308 937
f 2992 937 308
f 2992 2299 937
f 3102 101 2644
f 3102 2713 2289
f 3102 2289 101
f 2289 33 101
f 101 33 199
f 2379 33 2289
f 33 1521 902
f 33 902 199
f 2379 1521 33
f 2550 3018 72
f 2913 72 3018
f 1224 72 2913
f 1224 2774 72
f 1224 2101 2774
f 1224 2784 871
f 2696 585 1249
f 1249 1772 2696
f 871 2220 2569
f 1249 3149 1772
f 2696 1430 2284
f 2696 1772 1430
f 3149 2660 1772
f 3149 1764 2660
f 2220 2405 2569
f 3149 1878 1764
f 2569 991 1878
f 2569 2405 991
f 2660 714 1772
f 1772 714 1430
f 2612 2979 750
f 2979 2405 2220
f 750 2979 2220
f 2979 2478 2405
f 1878 991 1764
f 1430 714 2738
f 243 2678 2612
f 2612 3006 2979
f 714 1580 2738
f 2678 2853 2612
f 2612 2853 3006
f 243 2396 2678
f 1580 714 151
f 1580 1705 2738
f 2779 151 1870
f 2853 622 3006
f 1580 151 1296
f 1991 2678 2396
f 1296 151 2779
f 2678 1991 2025
f 1296 2779 724
f 1991 1977 2025
f 876 1121 2353
f 1121 2508 2779
f 1121 876 2508
f 2353 455 876
f 1977 1155 308
f 2187 455 1536
f 2992 308 1155
f 2187 1536 1941
f 455 2187 876
f 645 2701 1980
f 1941 1536 937
f 2299 1941 937
f 8 261 645
f 645 261 2701
f 438 2299 2992
f 1069 540 1980
f 8 2713 261
f 2701 261 3102
f 8 1752 2713
f 3102 2644 2701
f 1980 2644 2001
f 1069 1980 2001
f 261 2713 3102
f 2701 2644 1980
f 3146 2713 1752
f 2644 101 936
f 2644 936 2001
f 936 14 2001
f 2001 14 1655
f 1316 2777 3146
f 101 1452 936
f 3146 2289 2713
f 2777 2379 3146
f 3146 2379 2289
f 101 199 1452
f 936 1452 14
f 199 293 1452
f 1452 293 14
f 14 293 1655
f 51 803 1780
f 51 1780 2777
f 2777 1780 2379
f 199 1481 293
f 1521 201 902
f 902 201 199
f 1780 1364 2336
f 2379 2336 1521
f 1521 2336 1929
f 1521 1929 201
f 201 1481 199
f 1780 2336 2379
f 201 1929 1652
f 201 1652 1481
f 2336 2987 1929
f 1364 2521 2336
f 2521 2987 2336
f 2588 3018 2550
f 138 3013 2913
f 2550 72 1378
f 3013 1224 2913
f 2774 2848 72
f 72 2839 1378
f 72 2848 2839
f 2265 2294 138
f 2294 2689 138
f 2294 2977 2689
f 138 2784 3013
f 138 2689 2784
f 2784 1224 3013
f 2839 2848 1458
f 2689 823 2784
f 2774 585 2848
f 2848 585 1458
f 871 2101 1224
f 2101 585 2774
f 1626 2689 2977
f 2784 750 871
f 823 750 2784
f 1458 585 2538
f 1458 2538 2607
f 1390 823 2689
f 2101 871 3149
f 1626 1390 2689
f 1626 1528 1390
f 871 2569 3149
f 2101 1249 585
f 2538 585 2696
f 2538 2696 2284
f 2607 2538 1968
f 750 2220 871
f 2101 3149 1249
f 2284 1968 2538
f 2284 351 1968
f 1626 2403 1528
f 2569 1878 3149
f 1430 1715 2284
f 2284 1715 351
f 1528 243 1390
f 1390 2612 823
f 823 2612 750
f 1390 243 2612
f 2403 599 1528
f 1528 599 243
f 1430 1562 1715
f 1562 1430 2738
f 599 2396 243
f 2738 1705 1562
f 1268 2396 758
f 1562 1705 1851
f 1705 1580 1296
f 1268 1991 2396
f 2496 1991 1268
f 2496 1548 1991
f 1296 2082 1705
f 1851 1705 2082
f 1296 540 2082
f 1261 1991 1548
f 1296 724 540
f 2700 1155 1261
f 1261 1155 1991
f 1155 1977 1991
f 724 2779 2508
f 724 1980 540
f 2700 2555 1155
f 2508 645 724
f 724 645 1980
f 876 329 8
f 876 8 2508
f 2508 8 645
f 1851 2082 826
f 2991 329 876
f 2555 2338 1155
f 2338 2992 1155
f 2991 876 2187
f 2991 2187 1941
f 2991 2636 329
f 540 1069 2082
f 2082 1069 1456
f 438 2992 2338
f 1941 2636 2991
f 329 1752 8
f 2129 2299 438
f 1941 2299 2129
f 1941 179 2636
f 2636 1752 329
f 1456 1069 3207
f 764 438 2338
f 438 1467 2129
f 2129 179 1941
f 2129 1409 179
f 1069 2001 3207
f 1456 3207 1379
f 2129 1467 1409
f 1409 1316 179
f 179 1316 2636
f 2636 3146 1752
f 438 2192 1467
f 2636 1316 3146
f 1467 1305 1409
f 2001 1655 3207
f 3207 1655 1379
f 1409 2777 1316
f 1409 1305 51
f 1409 51 2777
f 1655 2948 1379
f 1467 2918 1305
f 1655 1824 2948
f 2948 1824 2945
f 1305 803 51
f 1824 1655 293
f 1427 1824 293
f 1824 1427 1357
f 2918 803 1305
f 1427 2702 1357
f 293 1481 1427
f 1481 2061 1427
f 1481 3099 2061
f 2702 1427 2061
f 803 1323 1780
f 1652 3099 1481
f 1323 1364 1780
f 1652 237 3099
f 3099 237 2820
f 2918 853 803
f 1323 2521 1364
f 3148 1652 1929
f 1652 3148 237
f 1129 2987 2521
f 1139 2987 1129
f 2987 1139 2360
f 2987 2360 1929
f 1929 2360 3148
f 3148 652 237
f 853 391 803
f 803 391 1323
f 1129 229 1139
f 391 354 1323
f 1323 354 2521
f 1129 2521 229
f 3148 2360 1139
f 2521 1097 229
f 354 391 853
f 354 18 2521
f 18 1097 2521
f 354 1401 18
f 18 2090 1097
f 229 1097 1315
f 1401 168 18
f 18 168 2090
f 1097 2090 1315
f 1315 2090 3200
f 2090 168 2506
f 2090 2506 3200
f 2506 1239 3200
f 3018 2588 770
f 2180 138 1170
f 1170 2913 3018
f 604 2180 1170
f 1170 138 2913
f 2180 2265 138
f 1786 2588 2550
f 1378 1786 2550
f 2180 604 2265
f 1786 1810 1887
f 1786 1378 1810
f 604 2294 2265
f 1810 1378 2839
f 1810 1243 1887
f 604 2977 2294
f 2189 2977 604
f 2839 1458 2663
f 2839 2663 1810
f 2977 2620 2291
f 2663 1458 2607
f 2291 2620 3165
f 2291 1626 2977
f 2663 2607 1360
f 1360 2607 1968
f 1968 1716 691
f 1716 1 691
f 1968 351 1716
f 453 2291 3165
f 453 1626 2291
f 351 1660 1716
f 453 2403 1626
f 1715 1660 351
f 130 1716 1660
f 2958 2403 453
f 1715 1681 1660
f 2403 2396 599
f 2467 1715 1562
f 1715 2467 1681
f 758 2396 2403
f 2467 852 1681
f 1562 1851 2467
f 242 2496 1268
f 2467 1851 826
f 546 1548 2496
f 1548 546 1261
f 2082 1456 826
f 2700 1380 2555
f 1456 971 826
f 2555 1753 764
f 1456 1379 971
f 2555 764 2338
f 2192 438 764
f 1102 2192 764
f 1379 2374 971
f 1102 764 1753
f 2948 2374 1379
f 2374 2948 1612
f 1467 1102 1900
f 1467 2192 1102
f 2948 2401 1612
f 2945 2401 2948
f 1393 2918 1467
f 2945 1342 2401
f 1357 2945 1824
f 2945 1357 1342
f 1255 1357 2702
f 1357 1255 1342
f 2329 2702 2061
f 2329 1255 2702
f 2061 3099 2820
f 1255 2329 2565
f 1393 853 2918
f 2820 2223 2061
f 2061 2223 2329
f 2223 3063 2329
f 2329 3063 2565
f 2820 237 652
f 652 833 2820
f 3148 251 652
f 251 3148 1139
f 1139 2728 251
f 2556 251 2728
f 251 1358 652
f 853 2783 1401
f 2728 1139 229
f 853 1401 354
f 2783 1571 1401
f 2728 229 1315
f 1315 2556 2728
f 1571 1899 1401
f 1401 1899 168
f 1315 3200 2556
f 3200 785 2556
f 168 1899 2506
f 1470 2506 1899
f 1203 1239 2506
f 2506 1470 1203
f 3200 1239 785
f 1203 1619 1239
f 3018 770 2262
f 2262 1170 3018
f 2686 770 2588
f 1170 2262 1337
f 1337 604 1170
f 668 2977 2189
f 668 2620 2977
f 1243 1810 2600
f 2600 1810 2663
f 2600 2663 1360
f 1360 1968 691
f 1 1716 1711
f 1711 1716 809
f 3165 1280 453
f 1716 130 809
f 130 3192 809
f 697 809 3192
f 1280 2958 453
f 130 1660 1681
f 2958 758 2403
f 1295 130 1681
f 3192 130 1295
f 852 1295 1681
f 2958 122 242
f 2958 242 758
f 242 1268 758
f 852 2246 1295
f 2467 826 852
f 242 546 2496
f 852 826 2246
f 1116 1261 546
f 1841 2700 1116
f 2700 1261 1116
f 1841 1380 2700
f 1380 1753 2555
f 971 2246 826
f 971 883 2246
f 883 971 1558
f 971 2374 1558
f 1753 2891 1102
f 1393 1467 1900
f 1560 1612 1112
f 1612 2401 1112
f 175 2340 1102
f 1102 2340 1900
f 1342 1112 2401
f 2672 1112 1342
f 1900 2340 36
f 1342 1255 2672
f 2672 1255 2681
f 1900 853 1393
f 2681 1255 2565
f 2565 588 2681
f 3063 588 2565
f 2223 2069 3063
f 853 358 2783
f 2223 2820 2069
f 2820 833 2069
f 652 1358 833
f 2783 358 1638
f 1638 3041 1571
f 1638 1571 2783
f 1358 251 2556
f 3041 202 1571
f 202 1899 1571
f 1358 2556 2230
f 2042 2556 785
f 2230 2556 2042
f 202 10 1899
f 1899 10 559
f 559 1470 1899
f 3045 1470 559
f 2509 1619 1203
f 2509 1203 1470
f 3010 785 1239
f 2042 785 3010
f 3010 1239 1619
f 2433 22 2262
f 2262 770 2433
f 22 1337 2262
f 2189 604 1337
f 2709 668 2189
f 1887 1243 2772
f 668 2244 2620
f 2244 3165 2620
f 1733 2600 1360
f 1733 1360 1049
f 1360 691 1
f 1049 1360 1
f 1049 1 997
f 2244 2802 3165
f 1 1711 997
f 997 1711 1304
f 809 1304 1711
f 2802 1280 3165
f 697 1304 809
f 2384 1304 697
f 122 2958 1280
f 3192 2051 697
f 3192 2935 2051
f 1295 2935 3192
f 1295 300 2935
f 2246 300 1295
f 2132 546 242
f 2246 883 300
f 2935 300 863
f 863 300 874
f 874 300 883
f 1380 3139 2891
f 2891 1753 1380
f 874 883 1558
f 874 1558 62
f 62 1558 1612
f 2374 1612 1558
f 1112 1190 1560
f 2891 175 1102
f 1190 1112 2874
f 2874 1112 3150
f 672 2340 175
f 2672 3150 1112
f 672 2717 894
f 2717 672 175
f 672 894 286
f 672 286 1171
f 672 1171 2340
f 894 2717 2460
f 2340 1171 36
f 894 2460 1332
f 2672 2681 2364
f 894 1332 286
f 36 358 1900
f 1900 358 853
f 3163 2960 2460
f 2460 2960 1332
f 286 2610 1171
f 1171 2610 36
f 2681 588 1857
f 588 3063 2069
f 2960 67 1332
f 2610 2645 36
f 2610 104 2645
f 36 2645 1638
f 36 1638 358
f 2645 3041 1638
f 833 530 2069
f 1332 67 104
f 104 2990 2645
f 1358 473 833
f 833 473 530
f 67 978 104
f 104 978 2990
f 978 461 2500
f 2645 2990 3041
f 3041 2990 202
f 978 10 2990
f 978 2500 10
f 473 1358 2230
f 2990 10 202
f 10 1653 559
f 3045 559 1653
f 2509 1470 3045
f 3010 802 2042
f 2509 3045 775
f 2509 1998 1619
f 2497 1337 246
f 1786 2387 2588
f 2497 2189 1337
f 2497 2709 2189
f 668 2709 2724
f 2724 2244 668
f 1243 2600 2158
f 1733 2158 2600
f 1049 997 2072
f 542 2802 2244
f 997 1196 205
f 1304 1196 997
f 1304 2384 1196
f 2917 1280 2802
f 1196 2384 429
f 429 2384 1775
f 2917 122 1280
f 697 2804 2384
f 2384 2804 1775
f 2199 122 2917
f 2804 697 2051
f 2804 3177 1775
f 2199 1223 122
f 1223 242 122
f 2804 2051 2935
f 2804 2537 3177
f 2132 1223 16
f 1223 2132 242
f 2935 2537 2804
f 863 2537 2935
f 2132 1116 546
f 2421 1116 3120
f 863 1916 2537
f 1116 2421 1841
f 874 1916 863
f 166 1841 2421
f 3139 1841 166
f 3139 1380 1841
f 3139 166 2307
f 3139 2307 2879
f 3139 2879 2891
f 62 1916 874
f 1916 62 568
f 1560 62 1612
f 568 62 1560
f 175 2891 2879
f 1190 568 1560
f 2717 175 2879
f 3150 2578 2874
f 2672 2364 3150
f 2578 3150 2364
f 2325 2460 2717
f 2325 1019 2460
f 2156 3163 1019
f 2715 2364 2681
f 1019 3163 2460
f 2011 3163 2156
f 2715 2430 2195
f 2715 2681 2430
f 3163 2011 2960
f 1332 104 286
f 2011 513 2655
f 2011 2655 2960
f 104 2610 286
f 2430 2681 1857
f 67 2960 2655
f 2655 2037 67
f 2655 3147 2037
f 2568 588 2069
f 1857 588 2568
f 513 3147 2655
f 3147 344 2037
f 2037 461 67
f 2037 1046 461
f 67 461 978
f 461 2858 2500
f 1046 2858 461
f 473 478 530
f 1046 1210 2858
f 473 2230 478
f 889 2500 2858
f 2500 889 10
f 931 10 889
f 931 1653 10
f 931 2392 1653
f 3045 1653 2392
f 1619 2889 3010
f 2889 802 3010
f 1998 2509 775
f 775 1897 1998
f 2889 1619 731
f 731 1619 1998
f 535 770 2686
f 246 1337 22
f 2387 1786 1887
f 2772 1073 1887
f 2158 2772 1243
f 423 1733 1049
f 376 2072 997
f 997 205 376
f 205 1196 2571
f 542 2917 2802
f 429 2571 1196
f 429 1775 1492
f 2199 2917 1744
f 1775 3177 1492
f 730 2199 1744
f 1223 2199 730
f 730 2756 1223
f 16 1223 2756
f 3120 2132 16
f 2132 3120 1116
f 1916 2983 2537
f 315 166 2421
f 2058 166 315
f 166 2058 2307
f 2058 462 2307
f 2058 1407 462
f 462 2879 2307
f 1190 134 568
f 2879 462 2717
f 1407 2325 462
f 157 2325 1407
f 462 2325 2717
f 157 1019 2325
f 157 2156 1019
f 2364 2715 2578
f 2156 157 59
f 1541 2156 59
f 2195 1767 2715
f 2156 1541 572
f 572 2011 2156
f 572 513 2011
f 2195 2430 2625
f 2625 2430 1857
f 1583 3147 513
f 2625 1857 2568
f 3147 886 344
f 2568 2069 530
f 344 1046 2037
f 1210 1046 344
f 530 478 321
f 1022 2858 1210
f 1820 889 2858
f 931 889 1820
f 2042 802 2230
f 931 1820 1609
f 2470 3045 2392
f 2470 775 3045
f 775 2470 1897
f 1998 1897 2929
f 2929 731 1998
f 1054 2433 770
f 535 1054 770
f 535 2686 1422
f 140 1422 2686
f 140 2686 2588
f 140 2588 2368
f 1813 2368 2387
f 1813 2387 1073
f 1813 1073 2322
f 1835 2497 246
f 2368 2588 2387
f 1887 1073 2387
f 2724 2709 2497
f 2772 2158 2377
f 1733 470 2158
f 423 470 1733
f 1572 2244 2724
f 1049 2135 423
f 2135 1049 2072
f 376 2547 2072
f 542 2244 1572
f 205 1551 376
f 1551 2547 376
f 973 1744 542
f 542 1744 2917
f 429 1492 2264
f 429 2264 2571
f 2264 1492 1787
f 973 1697 1744
f 220 1492 3177
f 1787 1492 220
f 1697 730 1744
f 730 2554 2756
f 2537 2983 3177
f 1916 745 2983
f 2985 315 3120
f 3120 315 2421
f 315 2562 2058
f 568 745 1916
f 745 568 216
f 2562 1407 2058
f 2562 582 1407
f 568 134 216
f 2874 134 1190
f 2242 582 800
f 582 157 1407
f 2578 2350 2874
f 2242 157 582
f 1970 59 2242
f 2715 3198 2578
f 59 157 2242
f 572 1541 2370
f 1783 1767 2195
f 513 572 1583
f 3147 1583 886
f 1595 344 886
f 2195 2625 1783
f 1210 344 1595
f 321 2568 530
f 2568 1981 2611
f 2568 2611 2625
f 321 1981 2568
f 1595 186 1210
f 1210 186 1022
f 1820 2858 1022
f 1820 1799 1609
f 1609 2392 931
f 2470 1002 1897
f 1897 1002 2596
f 2929 1897 2596
f 2929 3135 731
f 22 2433 1958
f 1054 510 2433
f 140 2368 3212
f 3212 2368 1813
f 2322 1073 2772
f 2372 2497 1835
f 2322 2772 2377
f 2497 667 2724
f 667 1985 2724
f 1985 1572 2724
f 1985 1847 1572
f 205 2571 1551
f 726 1551 2571
f 1847 542 1572
f 1847 973 542
f 1792 730 1697
f 1792 2554 730
f 213 220 3177
f 213 1645 220
f 2983 213 3177
f 3016 2756 2554
f 2756 1431 16
f 3016 1431 2756
f 1431 3120 16
f 1431 2985 3120
f 2983 745 2448
f 1592 2448 745
f 1431 2667 2985
f 2562 315 2985
f 2667 2562 2985
f 2081 2949 2454
f 2081 2454 2562
f 2454 582 2562
f 134 1012 216
f 1012 134 899
f 899 134 2350
f 2874 2350 134
f 2578 89 2350
f 3198 89 2578
f 59 1970 2540
f 2540 1541 59
f 1783 233 1767
f 572 2370 1583
f 886 382 1595
f 336 478 2230
f 186 1329 1022
f 1329 1820 1022
f 1329 1799 1820
f 1799 97 1609
f 97 2392 1609
f 2470 2392 97
f 2470 97 1920
f 1920 1002 2470
f 2596 2477 2929
f 2929 2477 3135
f 676 140 1176
f 140 3212 1176
f 3212 1813 421
f 22 1958 246
f 1054 521 510
f 1422 140 676
f 421 1813 2322
f 421 2489 2691
f 2489 421 2322
f 2322 2377 2489
f 2372 667 2497
f 2489 2377 1856
f 2377 2158 1856
f 1856 2158 470
f 2367 1847 1985
f 726 2297 1551
f 2297 2547 1551
f 2367 973 1847
f 2571 2264 726
f 1208 1697 973
f 1208 639 1792
f 1208 1792 1697
f 639 2554 1792
f 2554 639 1679
f 1679 3016 2554
f 1679 479 3016
f 213 2983 2448
f 1645 213 2448
f 1731 1431 3016
f 1731 3016 479
f 1731 2667 1431
f 2667 2081 2562
f 216 1592 745
f 1821 2454 2949
f 2242 800 451
f 2350 89 899
f 2540 2532 1541
f 2532 2370 1541
f 2625 1936 1783
f 382 186 1595
f 382 1639 186
f 336 1981 321
f 1639 1329 186
f 336 321 478
f 336 1408 1981
f 2611 1981 1408
f 1639 2692 1329
f 2230 2207 336
f 2692 1799 1329
f 2692 2021 1799
f 2021 2671 1799
f 97 1799 2671
f 97 2671 881
f 1920 97 881
f 881 3086 1920
f 1920 3086 1002
f 862 2596 1002
f 2477 2596 862
f 3091 1369 2652
f 1176 3212 2652
f 2652 3212 421
f 2652 421 3091
f 3091 2691 2173
f 3091 421 2691
f 2173 2691 1334
f 246 1958 798
f 535 2621 1054
f 2621 1422 676
f 2621 535 1422
f 798 1835 246
f 2691 2489 1911
f 1341 2372 1835
f 2691 1911 1334
f 1911 2489 1856
f 1911 1856 255
f 255 1856 3072
f 255 3072 2196
f 1856 470 3072
f 2372 1141 667
f 423 3072 470
f 3072 2735 3138
f 3072 423 2735
f 1985 667 1141
f 2735 423 2135
f 2735 2135 2343
f 2547 2343 2072
f 2343 2135 2072
f 1141 2367 1985
f 2297 2680 3124
f 2297 726 2680
f 2070 973 2367
f 2264 2680 726
f 973 2070 948
f 2264 2561 2680
f 1787 2561 2264
f 1208 973 948
f 3166 2561 1787
f 948 9 1208
f 220 3166 1787
f 9 1963 1208
f 1963 639 1208
f 639 2211 1679
f 479 1679 1328
f 1328 1679 2211
f 84 1731 479
f 2448 1592 1645
f 84 2667 1731
f 783 2667 84
f 2415 2667 783
f 2415 2081 2667
f 216 1012 1592
f 800 582 2454
f 89 2356 899
f 1970 2242 2107
f 3198 2899 89
f 1767 3198 2715
f 2545 1583 2370
f 2545 886 1583
f 2545 2145 886
f 2145 746 382
f 886 2145 382
f 3125 1936 2625
f 3125 2625 2611
f 746 1639 382
f 1218 3125 2611
f 1218 2611 1408
f 336 2793 1408
f 2230 802 2207
f 336 2207 2793
f 802 2934 2207
f 2889 1213 802
f 2207 1674 2793
f 731 2155 2889
f 2155 1213 2889
f 2934 802 1213
f 731 2188 2155
f 2188 731 3135
f 1537 2188 3135
f 1138 2077 938
f 1138 505 2077
f 505 1418 17
f 1418 303 17
f 3160 17 303
f 2567 1138 938
f 2342 2567 938
f 2567 2020 1138
f 1423 1176 2652
f 1423 2652 2194
f 2194 2652 1369
f 1369 3091 2906
f 2906 2173 2342
f 3071 676 1423
f 1423 676 1176
f 2173 2906 3091
f 2173 1334 2342
f 2342 1334 2567
f 890 676 3071
f 1334 999 2567
f 1138 2020 505
f 890 2621 676
f 505 2020 1418
f 1958 1464 798
f 510 1958 2433
f 2567 999 2020
f 1341 1835 798
f 1334 1911 999
f 255 999 1911
f 999 255 2196
f 999 2196 2020
f 2020 2196 3138
f 2020 3138 1418
f 1418 3138 303
f 303 1532 3160
f 3138 2196 3072
f 3138 3179 303
f 3179 442 303
f 1532 303 442
f 2735 3179 3138
f 3179 2735 442
f 2821 1141 2372
f 2191 2735 2343
f 442 2735 2191
f 1532 442 1634
f 1634 442 2191
f 2343 2659 2191
f 2547 2659 2343
f 2547 2297 2659
f 2297 3124 2659
f 2214 2367 1141
f 2214 2070 2367
f 3166 906 2561
f 906 3166 1109
f 9 948 2059
f 220 1109 3166
f 1963 9 2059
f 2211 1963 2697
f 2211 639 1963
f 252 220 1645
f 220 252 1109
f 2697 1328 2211
f 252 1645 1830
f 2995 84 479
f 2995 1212 84
f 1592 1830 1645
f 1212 783 84
f 2152 2899 3198
f 2794 1027 2532
f 2540 2794 2532
f 1027 2370 2532
f 1767 2152 3198
f 1027 2545 2370
f 233 1231 1767
f 2545 34 2145
f 1783 1206 233
f 34 2548 2145
f 1936 812 1783
f 1783 812 1206
f 2145 2548 1033
f 746 2145 1033
f 1936 427 812
f 746 962 1639
f 1108 1936 3125
f 962 2375 1639
f 1639 2375 2692
f 2375 2021 2692
f 1218 1408 2793
f 514 1218 2793
f 2423 2671 2021
f 2671 2423 881
f 1218 2543 3125
f 1218 514 2543
f 881 1457 3086
f 1674 1613 2793
f 2793 1613 514
f 2207 2934 1674
f 2209 1002 3086
f 2209 862 1002
f 1213 194 2934
f 2934 194 1674
f 1213 2155 194
f 2651 3135 2477
f 2313 2477 862
f 2477 2313 2651
f 2651 1537 3135
f 2155 270 194
f 2188 270 2155
f 2188 1537 270
f 378 938 2077
f 2077 505 892
f 892 505 247
f 247 17 1084
f 1084 17 397
f 378 1628 938
f 505 17 247
f 397 17 3160
f 1628 2342 938
f 397 3160 3100
f 1628 2522 2906
f 2906 2342 1628
f 187 2194 1369
f 187 1369 2522
f 2522 1369 2906
f 3071 1423 2194
f 570 890 3071
f 1054 3213 521
f 1054 2621 3213
f 3213 2621 890
f 798 1464 1070
f 1958 1276 1464
f 510 1276 1958
f 1341 798 1070
f 459 2372 1341
f 3100 3160 1532
f 2821 2372 2455
f 1532 628 3100
f 1634 628 1532
f 1141 2821 339
f 2659 418 2191
f 418 1634 2191
f 2659 3124 418
f 2214 1141 339
f 2070 2593 948
f 2561 906 365
f 2561 365 2680
f 1683 2059 948
f 1109 2742 906
f 1547 2059 1683
f 1547 1963 2059
f 1547 2697 1963
f 252 2347 1109
f 1328 2995 479
f 1830 539 252
f 1212 2415 783
f 1504 2081 2415
f 2949 2081 1504
f 1830 1021 1508
f 1768 2454 1821
f 1012 899 1021
f 1012 1021 1592
f 2356 1021 899
f 1768 800 2454
f 451 800 1768
f 2107 2242 451
f 89 1270 1875
f 2899 1270 89
f 2107 2540 1970
f 2540 3195 2794
f 1231 2552 1767
f 2552 2152 1767
f 1027 248 2545
f 248 34 2545
f 1231 233 1206
f 427 3015 812
f 3015 1206 812
f 1033 2881 746
f 962 746 2881
f 1108 427 1936
f 427 1108 787
f 427 787 3015
f 2375 369 2021
f 369 825 2021
f 787 1108 1463
f 2021 825 2423
f 3125 1463 1108
f 1463 3125 2543
f 881 2423 825
f 881 825 2733
f 2733 1457 881
f 2543 514 1613
f 1613 115 2543
f 2932 1674 194
f 1674 2932 2847
f 1674 2847 1613
f 1613 2847 1627
f 3086 2383 2209
f 194 181 2932
f 2209 2313 862
f 194 270 703
f 194 703 181
f 270 2148 703
f 1872 270 1537
f 270 1872 2148
f 1537 2651 1872
f 819 892 80
f 80 892 247
f 80 247 1084
f 1424 378 1873
f 1873 378 819
f 819 378 2077
f 819 2077 892
f 397 2968 1084
f 560 2968 397
f 1424 1628 378
f 1468 1628 2108
f 2108 1628 1424
f 1468 187 2522
f 3100 560 397
f 1052 3071 187
f 1468 2522 1628
f 3071 2194 187
f 3100 628 560
f 1797 560 628
f 1797 628 650
f 975 1464 1276
f 2054 975 1276
f 2054 521 3213
f 986 1341 1070
f 1276 510 2054
f 2054 510 521
f 986 2161 1341
f 2161 459 1341
f 2455 2372 459
f 1634 1165 628
f 2846 1165 1634
f 2846 1634 418
f 418 3124 1115
f 1115 3124 2680
f 2593 1683 948
f 906 671 365
f 2452 1547 1683
f 539 2347 252
f 2314 341 2995
f 2314 2995 1328
f 341 1212 2995
f 1212 1709 2415
f 1709 1504 2415
f 1830 1508 539
f 2798 539 1508
f 1592 1021 1830
f 1237 1768 1821
f 1237 2999 1768
f 1021 2356 1508
f 2999 451 1768
f 2999 405 451
f 1875 2356 89
f 3221 2107 451
f 2540 2107 3195
f 2 2899 2152
f 2416 1027 2794
f 248 1027 2416
f 2093 2552 1231
f 248 1174 34
f 2093 1231 1206
f 3015 1849 1206
f 1033 1075 2881
f 417 369 962
f 369 2375 962
f 1741 1463 2543
f 115 1741 2543
f 2383 3086 1457
f 2383 1457 634
f 1627 115 1613
f 2932 181 1855
f 2209 2887 2313
f 2313 693 1259
f 2313 1259 2651
f 2276 2651 1259
f 2276 1872 2651
f 1374 1872 2276
f 1872 1374 2148
f 1873 819 80
f 518 1873 2419
f 708 80 1084
f 518 1424 1873
f 2357 2076 518
f 518 2076 1424
f 2968 708 1084
f 560 2474 2968
f 2474 708 2968
f 2076 2108 1424
f 2474 560 3020
f 2076 1881 2108
f 3210 1468 1881
f 1881 1468 2108
f 1797 3020 560
f 1932 3020 1797
f 3210 980 1468
f 980 1052 187
f 980 187 1468
f 1633 570 1052
f 1052 570 3071
f 1633 890 570
f 435 890 1633
f 435 3213 890
f 435 1244 3213
f 975 2054 1244
f 1244 2054 3213
f 1070 1464 1935
f 1932 1797 1640
f 628 1165 650
f 1568 2821 2455
f 339 2821 1568
f 1115 2846 418
f 339 2070 2214
f 2680 1101 1115
f 2680 1986 1101
f 365 1986 2680
f 365 671 1986
f 906 1565 671
f 2452 1683 2868
f 2742 1565 906
f 2347 2742 1109
f 1547 2536 2697
f 2536 2314 1328
f 2536 1328 2697
f 539 1391 2347
f 2044 2347 1391
f 1938 1212 341
f 1938 1709 1212
f 539 2798 1391
f 2412 1504 1709
f 2412 1237 1504
f 1237 1821 1504
f 1821 2949 1504
f 3110 2999 1237
f 3110 405 2999
f 1940 1508 2356
f 2356 1875 1940
f 405 1955 3221
f 405 3221 451
f 872 2107 3221
f 2 1270 2899
f 3195 2107 872
f 2613 2 2152
f 2552 2613 2152
f 2416 496 248
f 248 496 1174
f 2093 2613 2552
f 1174 2548 34
f 2548 940 2921
f 2548 2921 1033
f 2921 2018 1033
f 1849 2341 1206
f 1206 2341 2093
f 2018 1075 1033
f 2881 417 962
f 787 1849 3015
f 1479 825 369
f 1463 554 787
f 825 1479 1954
f 1741 3036 1463
f 1954 2733 825
f 634 1457 2733
f 634 2733 1954
f 3171 115 1627
f 1751 115 3171
f 1627 2847 2932
f 2932 1855 1627
f 634 1248 2383
f 2383 1248 2209
f 2209 1248 2887
f 2313 2887 693
f 2148 1888 703
f 1888 181 703
f 1374 1888 2148
f 1259 2281 2276
f 80 1311 1873
f 1311 2419 1873
f 80 2894 1311
f 2894 80 708
f 1842 2357 2911
f 518 398 2911
f 518 2419 398
f 298 87 1842
f 87 2861 1842
f 1842 2861 2357
f 2911 2357 518
f 1684 2861 87
f 2357 2861 1881
f 2357 1881 2076
f 103 2474 2149
f 3020 2149 2474
f 103 2149 2136
f 3215 3210 2861
f 2861 3210 1881
f 1932 2149 3020
f 735 3210 3215
f 735 980 3210
f 735 1052 980
f 1633 1052 735
f 1932 2810 2149
f 1935 975 2623
f 1935 1464 975
f 986 1070 1630
f 1630 1070 1935
f 2161 986 2807
f 1287 459 2161
f 650 1640 1797
f 129 2455 459
f 650 638 1640
f 1485 1640 638
f 2006 2455 129
f 1165 638 650
f 2006 1568 2455
f 1165 2846 638
f 1115 638 2846
f 1115 1101 638
f 2593 2070 339
f 1230 1547 2452
f 1230 666 1547
f 666 2536 1547
f 666 2314 2536
f 2044 2814 2347
f 3134 1938 2314
f 2314 1938 341
f 2519 1709 1938
f 2798 2044 1391
f 2519 2412 1709
f 2044 2798 503
f 2009 3110 2008
f 1940 2798 1508
f 3110 2009 405
f 1700 2798 1940
f 1955 2009 1522
f 2009 1955 405
f 1875 713 1940
f 1522 3221 1955
f 3221 1522 2063
f 3221 2063 872
f 1661 2794 3195
f 2416 2794 1661
f 2327 2416 1661
f 2416 2327 496
f 1174 496 940
f 940 2548 1174
f 2881 2723 417
f 787 1582 1849
f 417 44 369
f 44 1479 369
f 554 1582 787
f 3036 554 1463
f 115 3036 1741
f 411 1976 1954
f 1954 1976 634
f 1751 3044 115
f 1751 916 3044
f 1248 634 2095
f 1248 2095 1969
f 1248 1969 2887
f 2887 1969 693
f 181 1888 1855
f 1259 693 1943
f 1374 1498 1888
f 1259 1943 2281
f 2281 1374 2276
f 2911 398 1842
f 298 1842 398
f 298 398 2813
f 2657 2813 398
f 2419 2657 398
f 1311 2657 2419
f 1311 920 2657
f 2894 920 1311
f 2894 1825 920
f 1684 87 501
f 87 298 501
f 2813 2657 920
f 720 298 2813
f 1590 1825 2894
f 2894 708 1455
f 2474 1455 708
f 2732 3215 2861
f 1590 2894 1455
f 103 1455 2474
f 2838 735 3215
f 2838 1633 735
f 2810 2136 2149
f 435 1633 2838
f 1277 1244 435
f 2623 975 1277
f 1277 975 1244
f 2807 986 1630
f 1287 2161 2807
f 2746 1932 1640
f 129 459 1287
f 1485 2030 1640
f 1485 638 896
f 2259 339 1568
f 1101 896 638
f 2259 2593 339
f 2761 2593 2259
f 2761 1683 2593
f 2868 2761 2004
f 2761 2868 1683
f 528 2742 2347
f 584 666 1230
f 3134 2314 584
f 584 2314 666
f 227 3134 2507
f 1938 3134 227
f 227 285 1938
f 273 285 1381
f 1454 273 1381
f 273 2519 1938
f 285 273 1938
f 1454 2519 273
f 1454 2126 2519
f 2126 2412 2519
f 503 2798 1251
f 2126 1454 2008
f 1237 2412 2126
f 2008 3110 2126
f 2126 3110 1237
f 2008 108 2009
f 108 1944 2009
f 2009 1944 1522
f 1940 713 1700
f 1944 2493 1522
f 713 1875 1042
f 27 1270 2
f 1434 1661 3195
f 496 2327 3205
f 3205 940 496
f 1373 2921 940
f 2921 133 2018
f 403 2613 2093
f 2341 403 2093
f 1387 2723 2018
f 2018 2723 1075
f 1075 2723 2881
f 2723 1235 417
f 1582 2933 1849
f 283 1582 554
f 3036 1057 554
f 554 1057 283
f 1479 411 1954
f 1976 580 634
f 3171 1627 1855
f 1325 1751 3171
f 1751 2795 916
f 634 580 2095
f 93 1325 1855
f 1888 93 1855
f 693 1969 1943
f 2641 2281 1943
f 501 614 1684
f 298 720 501
f 1074 501 720
f 1074 720 984
f 1684 2732 2861
f 1618 720 2813
f 984 720 1618
f 920 139 2813
f 1825 139 920
f 1825 1590 1308
f 1618 2813 139
f 1737 139 1825
f 1737 1825 1308
f 103 406 1455
f 2732 443 2838
f 2732 2838 3215
f 2731 1308 1590
f 2731 1590 1455
f 2731 1455 406
f 2321 2731 406
f 1277 435 443
f 443 435 2838
f 2136 2000 103
f 1630 1935 1833
f 2373 2807 1630
f 1542 1287 2807
f 2810 1932 2746
f 2386 1485 656
f 896 656 1485
f 2259 1568 2006
f 1101 2172 896
f 1986 2172 1101
f 671 3115 1986
f 484 2452 2868
f 1565 3115 671
f 484 1025 1230
f 484 1230 2452
f 2742 528 1565
f 1025 2507 584
f 1025 584 1230
f 2814 528 2347
f 2255 2507 413
f 2507 3134 584
f 2255 227 2507
f 2044 503 2814
f 227 2943 285
f 2092 1381 2943
f 2943 1381 285
f 2092 2943 1324
f 2092 808 1381
f 1918 2092 1324
f 808 2092 1918
f 1381 808 1454
f 808 1918 447
f 808 1114 1454
f 447 1918 1501
f 1114 2008 1454
f 447 1114 808
f 1061 447 1501
f 1114 447 2250
f 447 1061 2250
f 1251 2798 1700
f 2008 1114 2762
f 2762 1114 2250
f 108 2008 2762
f 108 2762 2402
f 2493 1292 1522
f 1522 1292 2063
f 1434 3195 872
f 1661 1434 1584
f 2327 1661 1584
f 3205 1373 940
f 1373 133 2921
f 133 1984 2018
f 1984 1387 2018
f 403 2341 1928
f 2723 2456 1235
f 2933 2341 1849
f 417 1235 44
f 557 1057 3036
f 557 3036 115
f 557 115 3044
f 411 580 1976
f 2795 1751 1325
f 1325 3171 1855
f 553 1325 93
f 1680 2584 1943
f 1888 1498 93
f 1943 2584 2641
f 2641 1111 2281
f 614 2732 1684
f 443 614 1732
f 443 2732 614
f 2397 1277 443
f 2154 1308 2731
f 2623 1277 2397
f 2000 406 103
f 1833 1935 2623
f 2000 2136 2618
f 2373 1630 1833
f 2810 2618 2136
f 1542 2807 2734
f 2734 2807 2373
f 2746 2618 2810
f 1640 2542 2746
f 1640 2030 2542
f 598 129 1287
f 3074 129 598
f 3074 2006 129
f 2386 2030 1485
f 556 2761 2259
f 2172 656 896
f 2004 2761 556
f 3115 2172 1986
f 484 2004 781
f 2004 484 2868
f 1263 484 781
f 484 1263 1025
f 1565 528 3115
f 1263 788 1025
f 788 2507 1025
f 2255 413 2912
f 2255 2912 983
f 788 413 2507
f 983 227 2255
f 1371 983 444
f 1371 227 983
f 1371 2943 227
f 1324 2943 1371
f 837 1324 1371
f 503 200 2814
f 2317 837 1371
f 2190 200 503
f 837 1918 1324
f 1501 1918 837
f 1061 1501 92
f 2250 1110 2762
f 1110 2402 2762
f 1110 2250 2104
f 1302 108 2402
f 108 1302 1944
f 1944 1302 2493
f 713 1042 1700
f 1302 1292 2493
f 1993 1270 27
f 1434 872 2063
f 27 2 623
f 2613 623 2
f 3205 2327 1152
f 1152 137 3205
f 3205 137 1373
f 137 1493 1373
f 1493 133 1373
f 1493 340 133
f 623 2613 2582
f 403 2582 2613
f 2933 1928 2341
f 2086 44 1235
f 283 2933 1582
f 1057 2893 283
f 2812 2893 1057
f 1057 1137 2812
f 1057 557 1137
f 1510 3044 916
f 916 2795 1510
f 1260 553 93
f 1969 1680 1943
f 2227 2584 1680
f 1498 1260 93
f 2584 1111 2641
f 301 1374 2281
f 1374 301 1498
f 1111 2429 2281
f 1739 614 924
f 924 614 501
f 1074 924 501
f 1732 2397 443
f 673 2397 1732
f 1553 2623 2397
f 1833 2623 1553
f 2154 2546 1308
f 2731 2321 2154
f 1737 1308 2546
f 406 690 2321
f 2000 690 406
f 610 2154 2321
f 610 2321 690
f 2000 144 690
f 2618 144 2000
f 2687 1542 2734
f 1466 1287 1542
f 1466 598 1287
f 1415 3074 598
f 2030 2121 2542
f 2386 2121 2030
f 1785 2006 3074
f 2006 1785 2259
f 1785 556 2259
f 2172 2091 656
f 781 2004 556
f 2091 2172 594
f 3115 594 2172
f 3115 265 594
f 1194 1263 781
f 3115 528 265
f 788 1263 2240
f 2912 963 444
f 963 2912 788
f 2912 413 788
f 444 983 2912
f 444 583 1232
f 2814 541 528
f 332 528 541
f 200 541 2814
f 1232 1371 444
f 2317 1371 1232
f 837 2317 2131
f 2131 1501 837
f 1251 1283 503
f 1061 2104 2250
f 76 2402 1110
f 2102 76 1110
f 2102 1110 2104
f 2402 753 1302
f 1292 1302 753
f 1339 2063 1292
f 1339 1434 2063
f 2327 1584 1152
f 1487 137 1152
f 2330 340 1493
f 133 340 1984
f 2582 629 623
f 1984 842 1387
f 1928 2582 403
f 1387 54 2723
f 54 2456 2723
f 2582 1928 1802
f 593 1928 2933
f 934 1479 44
f 2893 2933 283
f 2939 411 1479
f 1574 580 411
f 2095 580 1969
f 1969 580 1680
f 2795 1325 553
f 1058 553 1260
f 553 1058 2795
f 1058 1260 977
f 301 1198 1498
f 2429 301 2281
f 2397 673 1906
f 1739 673 1732
f 614 1739 1732
f 142 1553 1906
f 1553 2397 1906
f 924 2134 1271
f 2134 924 1074
f 984 2134 1074
f 277 1833 1553
f 277 2373 1833
f 807 984 1618
f 139 1737 861
f 2154 3108 2546
f 2154 610 3108
f 2716 2373 277
f 2734 2373 2716
f 610 690 1843
f 690 144 1843
f 1542 2687 1475
f 2716 2687 2734
f 1466 1542 1475
f 288 1415 598
f 218 1785 1415
f 1415 1785 3074
f 2121 2386 1438
f 656 1438 2386
f 1785 218 556
f 2420 781 188
f 188 781 556
f 188 556 218
f 163 781 2420
f 163 1194 781
f 2240 1263 1194
f 1018 963 2240
f 2240 963 788
f 528 1865 265
f 583 444 963
f 528 332 1865
f 1667 1232 1412
f 1667 2317 1232
f 2131 2317 2665
f 2190 503 1283
f 1501 2131 92
f 753 2402 1000
f 1000 2402 76
f 1000 2170 753
f 753 1226 1292
f 753 2170 660
f 753 660 1226
f 1226 1339 1292
f 1993 1875 1270
f 2331 1875 1993
f 55 660 2834
f 660 55 1226
f 1339 1226 1434
f 55 1584 1434
f 1226 55 1434
f 1584 55 721
f 629 27 623
f 1152 1584 721
f 721 1487 1152
f 1487 567 137
f 1493 137 2330
f 829 340 2330
f 340 1514 1984
f 1514 842 1984
f 842 54 1387
f 1802 1928 1006
f 2456 2086 1235
f 1928 593 1006
f 1479 934 2939
f 2812 1837 2893
f 1142 1574 411
f 2128 1137 557
f 1510 291 3044
f 2795 1395 1510
f 580 2227 1680
f 2584 2227 1128
f 1198 2201 1498
f 2201 1260 1498
f 1128 2118 2584
f 1111 2584 2118
f 673 1739 1906
f 1414 142 1906
f 2271 1906 1739
f 924 2271 1739
f 1271 2271 924
f 142 277 1553
f 642 1271 2134
f 984 642 2134
f 1618 139 807
f 1713 2716 277
f 807 139 861
f 2778 1737 2546
f 1843 144 1663
f 1663 144 2618
f 1663 2618 1389
f 2746 1389 2618
f 1055 1466 1475
f 288 598 1466
f 2121 1924 2542
f 882 1415 288
f 218 1415 882
f 882 188 218
f 1438 656 3032
f 2091 3032 656
f 188 882 2682
f 2682 2420 188
f 571 163 2420
f 2091 790 3032
f 1502 163 571
f 594 790 2091
f 1502 1194 163
f 265 790 594
f 2355 2240 1502
f 1502 2240 1194
f 428 2240 2355
f 1018 2240 428
f 1018 428 1834
f 583 963 1018
f 583 1018 1834
f 583 1834 1412
f 1412 1232 583
f 2317 1667 2514
f 541 1135 332
f 200 1135 541
f 1283 1251 3027
f 1700 3027 1251
f 2936 1061 92
f 2936 2104 1061
f 2104 1769 2102
f 1700 1042 3027
f 76 2102 1000
f 957 2170 1000
f 326 660 2170
f 2331 1042 1875
f 2834 660 326
f 2834 1827 55
f 721 55 1827
f 721 1827 2563
f 3151 27 629
f 721 2563 1531
f 1487 721 1531
f 1531 567 1487
f 2330 137 567
f 2330 567 1272
f 1272 829 2330
f 340 829 1514
f 2582 1802 629
f 2086 934 44
f 2933 276 593
f 2893 276 2933
f 1837 276 2893
f 2939 1142 411
f 3044 291 557
f 291 2128 557
f 120 1395 2795
f 1058 120 2795
f 1058 2580 120
f 1111 2118 2429
f 301 3181 1198
f 301 2429 738
f 301 738 3181
f 699 1414 28
f 142 1414 699
f 1906 2670 1414
f 2271 2670 1906
f 2234 142 699
f 2234 277 142
f 1713 277 2234
f 642 984 807
f 1737 2778 861
f 2253 3108 610
f 1843 2253 610
f 1843 1663 1657
f 1475 2687 677
f 677 2687 2716
f 2746 1067 1389
f 1055 1475 2865
f 2542 1067 2746
f 648 1466 1055
f 288 1466 648
f 851 288 648
f 851 882 288
f 851 804 882
f 1438 1082 2121
f 1438 1234 1082
f 3032 1234 1438
f 870 2682 804
f 804 2682 882
f 870 571 2420
f 870 2420 2682
f 3156 571 870
f 370 3032 32
f 2619 1502 3156
f 3156 1502 571
f 790 32 3032
f 2355 2619 1948
f 2619 2355 1502
f 1948 428 2355
f 1834 428 1740
f 332 2800 1865
f 2218 332 1135
f 2317 2514 2665
f 2898 2131 2665
f 200 2190 1135
f 1283 1461 2190
f 1461 1283 3027
f 1042 1676 3027
f 2102 957 1000
f 957 326 2170
f 2940 1827 2834
f 589 1531 2563
f 629 1802 3151
f 842 661 54
f 1765 2456 54
f 1765 2086 2456
f 1765 2707 2086
f 593 276 1006
f 1137 2128 2812
f 580 1574 1297
f 2227 580 1297
f 1058 977 2580
f 2201 893 1260
f 893 977 1260
f 3181 2201 1198
f 2118 1076 2429
f 738 2429 1076
f 2962 699 28
f 2962 2234 699
f 1060 1414 2670
f 1713 2234 2962
f 2271 1060 2670
f 1867 2271 1271
f 1060 2271 1867
f 2320 1271 642
f 807 375 642
f 538 375 807
f 2468 2778 2546
f 2468 2546 3108
f 3108 2253 2895
f 2865 1475 677
f 2523 1331 648
f 1331 851 648
f 1924 1067 2542
f 1331 2523 547
f 547 851 1331
f 547 804 851
f 1082 1924 2121
f 1082 460 1924
f 525 547 2523
f 1234 460 1082
f 1234 2202 460
f 1436 547 525
f 1436 870 547
f 547 870 804
f 525 3019 1436
f 3019 870 1436
f 2202 1234 370
f 3156 3019 1698
f 3019 3156 870
f 3032 370 1234
f 3156 1698 2619
f 2619 3189 1948
f 1698 3189 2619
f 32 2785 370
f 428 1948 1740
f 265 32 790
f 146 1740 1948
f 32 265 441
f 1865 441 265
f 1740 146 1834
f 1412 1834 189
f 1412 189 1667
f 189 2514 1667
f 2218 2800 332
f 2665 2514 1179
f 1179 1913 2665
f 2190 2029 1135
f 92 2131 2898
f 1461 2029 2190
f 957 2102 1769
f 1042 2331 1676
f 338 326 957
f 1993 7 2331
f 850 2834 326
f 850 2940 2834
f 1072 1993 27
f 1072 27 3151
f 1134 589 2563
f 589 1727 1531
f 1531 1727 567
f 1272 1727 2441
f 567 1727 1272
f 829 203 1514
f 842 1514 449
f 117 3151 1802
f 449 661 842
f 117 1802 1006
f 2086 2707 934
f 2128 1837 2812
f 1574 1142 2650
f 2650 1297 1574
f 1395 2764 1510
f 1128 1771 2118
f 893 2580 977
f 1771 1076 2118
f 2201 1278 893
f 738 759 3181
f 1414 379 28
f 2962 968 2904
f 968 2962 28
f 28 379 968
f 1060 379 1414
f 2904 733 2962
f 733 1713 2962
f 1867 289 1060
f 1271 2320 1867
f 1823 2716 1713
f 1823 1713 733
f 2320 642 682
f 651 677 1823
f 677 2716 1823
f 682 642 375
f 538 807 861
f 3090 538 861
f 3090 861 2778
f 3090 2778 2468
f 2895 2468 3108
f 45 502 651
f 979 2895 2253
f 2055 2253 1843
f 2055 979 2253
f 1657 2055 1843
f 651 2865 677
f 651 502 574
f 574 502 3143
f 1067 679 1389
f 574 1055 651
f 651 1055 2865
f 574 1526 648
f 574 648 1055
f 1067 1717 679
f 648 1526 2523
f 620 1526 2608
f 2523 1526 620
f 1924 1717 1067
f 2301 2523 620
f 1924 1011 1717
f 460 1011 1924
f 2523 2301 525
f 2301 1303 525
f 1303 2308 525
f 2049 2308 1303
f 241 2308 2049
f 2308 3019 525
f 1477 1698 3019
f 2308 1477 3019
f 2308 241 1477
f 370 149 2202
f 3189 1698 1477
f 1749 1477 241
f 370 2785 149
f 3189 1477 1749
f 3189 1643 1948
f 1643 3189 60
f 3189 1749 60
f 146 1948 1643
f 32 441 2785
f 1643 60 1893
f 1643 1893 146
f 189 1834 146
f 146 615 189
f 1865 2800 441
f 189 615 2306
f 189 2306 1179
f 1179 2514 189
f 2665 576 2898
f 1659 2898 576
f 1659 92 2898
f 1461 3027 1676
f 338 957 1769
f 2331 7 1676
f 1257 326 338
f 1827 1134 2563
f 2237 1727 589
f 203 449 1514
f 661 2971 54
f 2971 1765 54
f 1006 2741 117
f 2707 1577 934
f 1577 1527 2939
f 934 1577 2939
f 681 805 276
f 1837 681 276
f 464 1837 2128
f 681 1837 464
f 1297 1914 2227
f 1914 1128 2227
f 120 928 1395
f 928 2764 1395
f 2580 1931 120
f 893 1931 2580
f 1278 2541 893
f 2541 1931 893
f 3181 1278 2201
f 1076 2483 738
f 738 2483 759
f 1313 968 379
f 2904 1756 733
f 161 1313 379
f 1060 161 379
f 289 2233 1060
f 2233 161 1060
f 1756 2261 733
f 2261 1823 733
f 651 1823 2261
f 289 1867 2320
f 1756 45 2261
f 45 651 2261
f 2247 3090 2468
f 989 2247 2468
f 989 2468 2895
f 979 989 2895
f 1657 1663 2304
f 1389 2304 1663
f 679 2304 1389
f 679 393 2304
f 2267 2608 3143
f 3143 2759 2267
f 2608 574 3143
f 2608 1526 574
f 2267 620 2608
f 1717 1011 679
f 620 3145 2301
f 620 2267 3145
f 3145 2267 1636
f 1011 460 1596
f 2301 3145 1303
f 1303 3145 2049
f 707 3145 1636
f 707 2049 3145
f 437 707 1636
f 2202 222 460
f 2782 2049 707
f 3136 707 437
f 2782 707 3136
f 241 2049 1749
f 2049 2782 1749
f 1480 1749 2782
f 60 1749 1480
f 2175 60 1480
f 1893 60 2175
f 441 113 2785
f 1893 2175 615
f 1730 615 2175
f 1893 615 146
f 441 1838 113
f 1838 441 2800
f 1838 2800 927
f 1179 2306 1913
f 2218 1419 2800
f 2029 2998 1135
f 463 92 1659
f 1461 2590 2029
f 92 463 2936
f 782 2936 463
f 782 2104 2936
f 2358 2104 782
f 2358 1769 2104
f 2358 929 1769
f 1676 401 1461
f 1726 401 1676
f 929 338 1769
f 7 1726 1676
f 844 1257 338
f 1072 7 1993
f 1827 2940 100
f 100 1134 1827
f 3151 2970 1072
f 3183 589 1134
f 2237 589 3183
f 2441 1727 2237
f 3084 2441 2237
f 1272 203 829
f 2441 203 1272
f 661 1641 2971
f 1641 456 2971
f 1765 2436 2707
f 276 805 1006
f 1142 2939 1527
f 1930 1297 2650
f 291 2892 2128
f 1510 2764 291
f 2764 2892 291
f 1907 928 120
f 1128 95 1771
f 1076 1771 2065
f 1076 2065 2483
f 1044 3181 759
f 1313 2904 968
f 2904 2334 1756
f 2334 2904 1850
f 1313 1850 2904
f 1309 1756 2334
f 654 289 2320
f 1756 2759 45
f 2759 1756 1309
f 1500 2320 682
f 408 1500 682
f 408 682 375
f 538 408 375
f 538 3090 2247
f 979 970 989
f 2055 228 979
f 979 228 970
f 2055 1657 228
f 2759 502 45
f 2177 2247 989
f 1725 989 970
f 228 1446 2566
f 1657 1446 228
f 2304 1446 1657
f 2759 3143 502
f 2759 1309 2842
f 2842 2267 2759
f 2422 2267 2842
f 393 679 1678
f 2267 2422 1636
f 887 2422 2224
f 1636 2422 887
f 1355 887 2224
f 1119 887 1355
f 222 1596 460
f 887 1119 437
f 1636 887 437
f 2782 3136 952
f 1703 952 3136
f 952 1480 2782
f 2785 3077 149
f 113 3077 2785
f 113 313 3077
f 1838 313 113
f 1730 561 615
f 2306 615 561
f 1419 927 2800
f 1913 576 2665
f 664 576 1913
f 2998 2218 1135
f 1461 401 2590
f 844 338 929
f 7 987 1726
f 850 326 1257
f 1072 263 7
f 3183 1134 100
f 2970 263 1072
f 35 2970 3151
f 2441 359 702
f 203 2441 702
f 117 35 3151
f 702 1761 203
f 203 1761 449
f 449 1425 661
f 2971 2436 1765
f 1006 1004 2741
f 2213 1004 805
f 1004 1006 805
f 2707 2273 1577
f 1142 1527 2650
f 1914 95 1128
f 1168 120 1931
f 95 2007 1771
f 2541 1278 1103
f 2541 2157 1931
f 2541 1103 2157
f 1771 1909 2065
f 1044 1278 3181
f 2483 771 759
f 759 771 1044
f 1309 2334 1850
f 2233 289 654
f 2320 1500 654
f 538 1281 408
f 2247 1281 538
f 204 1500 408
f 204 408 2162
f 2162 408 1281
f 1333 1281 2247
f 1725 2177 989
f 228 2566 970
f 2566 1446 307
f 1309 1264 2842
f 1446 2304 393
f 393 2708 1446
f 1143 2422 2842
f 679 1011 1678
f 330 437 1119
f 437 330 3136
f 2202 31 222
f 1703 3136 330
f 2202 149 31
f 149 1161 31
f 3077 1161 149
f 2425 2175 1480
f 3077 3081 1161
f 313 3081 3077
f 1730 2175 2425
f 561 1913 2306
f 927 644 1838
f 927 1301 644
f 561 664 1913
f 2345 576 664
f 2345 1659 576
f 135 2998 2029
f 463 2394 782
f 1726 987 401
f 2274 844 929
f 263 987 7
f 100 2940 1616
f 263 2204 987
f 1735 2237 3183
f 1735 956 2237
f 3084 2237 956
f 359 2441 3084
f 1761 1425 449
f 661 1425 1641
f 655 35 117
f 2971 456 1050
f 2273 1527 1577
f 681 2424 805
f 464 1600 681
f 2424 681 1600
f 464 2128 1524
f 2650 1927 1930
f 2892 1524 2128
f 1914 1297 1089
f 1089 2727 1914
f 1914 2727 95
f 120 1168 1907
f 95 1885 2007
f 2007 1909 1771
f 1044 296 1278
f 1278 296 1103
f 2065 771 2483
f 1313 1205 1850
f 1313 161 1205
f 2233 723 161
f 161 723 407
f 2585 1850 1205
f 1205 161 407
f 723 2233 654
f 3043 1309 1850
f 1281 1972 2162
f 1281 1333 1972
f 2177 1333 2247
f 1725 1757 2177
f 1298 204 2162
f 1972 1333 1950
f 1950 1333 2177
f 1950 2177 1757
f 2842 1264 1143
f 2224 2422 1143
f 1011 1710 1678
f 1596 222 65
f 952 2425 1480
f 1161 1099 31
f 313 1606 3081
f 3080 561 1730
f 1838 644 313
f 1419 1301 927
f 128 1419 2218
f 2127 664 561
f 2127 2345 664
f 2345 1392 1659
f 2029 2590 135
f 1392 463 1659
f 2394 794 782
f 1247 401 987
f 1257 844 2274
f 1996 850 1257
f 1616 2940 850
f 1996 1616 850
f 263 3054 2204
f 1804 3183 100
f 2017 3084 956
f 1040 3084 2017
f 359 3084 1040
f 1489 702 359
f 1040 1489 359
f 702 1300 1761
f 1761 1300 1425
f 1300 3175 1425
f 3175 1641 1425
f 2741 655 117
f 655 2741 1004
f 2971 1050 2436
f 1050 1971 2436
f 2436 1971 2707
f 2707 1971 2273
f 805 2424 2213
f 2650 1527 1927
f 95 2727 1885
f 2157 2482 1931
f 1931 2482 1168
f 1909 719 2065
f 2065 719 771
f 719 2476 771
f 2585 3043 1850
f 1500 204 1766
f 1173 654 1500
f 1173 1500 1766
f 204 1298 1766
f 2162 347 1298
f 2162 1972 347
f 1972 1344 1348
f 1972 1950 1344
f 2566 2703 970
f 970 2703 1725
f 307 2703 2566
f 347 1972 1348
f 2066 1348 1344
f 1344 1950 2184
f 2184 1950 1757
f 2184 1757 42
f 42 1757 1725
f 42 1725 2703
f 2703 307 2616
f 2708 307 1446
f 2919 1119 1355
f 1703 1987 952
f 3081 1099 1161
f 419 2425 474
f 3080 1730 2425
f 644 1045 1606
f 313 644 1606
f 644 1301 1045
f 3080 1555 561
f 1555 1632 561
f 128 1301 1419
f 1632 2127 561
f 3050 1392 2345
f 94 2394 463
f 1392 94 463
f 794 2358 782
f 2358 794 929
f 401 1247 2590
f 987 2204 1247
f 448 1996 1257
f 448 1257 2274
f 2970 3054 263
f 3054 2970 2976
f 1300 702 1489
f 468 1300 1489
f 1300 468 3175
f 1641 2763 456
f 2763 1848 456
f 1848 1050 456
f 1004 1345 655
f 1930 1089 1297
f 407 873 1205
f 1205 873 2585
f 1173 723 654
f 1264 1309 3043
f 1264 3043 976
f 343 723 1173
f 2066 58 1348
f 1376 1344 2184
f 426 2184 42
f 426 42 2703
f 2616 426 2703
f 2708 393 1678
f 1143 1724 2224
f 2224 1724 562
f 2224 562 1355
f 1596 65 1011
f 1119 2919 1748
f 2485 65 222
f 330 1987 1703
f 31 2485 222
f 952 474 2425
f 952 1987 474
f 2425 1001 3080
f 1606 1045 38
f 1001 1555 3080
f 1632 2031 2127
f 838 2345 2127
f 838 3050 2345
f 3050 657 1392
f 94 2034 2394
f 2034 794 2394
f 1247 311 2590
f 2073 1616 1996
f 494 1616 2073
f 1616 494 100
f 1804 1735 3183
f 2976 2970 35
f 2017 2946 1040
f 468 1489 1040
f 1641 3175 1953
f 2763 1641 1953
f 655 2442 35
f 655 1345 2442
f 1004 904 1345
f 1848 3154 1050
f 3154 1386 1050
f 1386 1971 1050
f 1971 1624 2273
f 2844 1527 2273
f 2844 272 1527
f 1527 272 1927
f 464 1100 1600
f 1927 1089 1930
f 1366 2676 2892
f 1366 2892 2764
f 1089 2926 2727
f 2926 3225 2727
f 2727 3225 1885
f 2157 1103 2482
f 771 296 1044
f 2476 1665 771
f 1665 296 771
f 873 563 2585
f 2585 1516 3043
f 1516 2585 563
f 1516 976 3043
f 873 407 1882
f 407 2757 1882
f 723 2757 407
f 1173 266 343
f 2757 723 343
f 266 1173 1766
f 1766 2739 266
f 1298 347 806
f 2066 1344 1376
f 2708 2616 307
f 2513 1143 1264
f 2739 1766 1298
f 806 347 1348
f 1143 2513 3094
f 1143 3094 1724
f 1678 1710 1086
f 1355 562 50
f 2919 1355 50
f 2836 1748 2919
f 2919 659 2836
f 597 65 2485
f 330 1748 1987
f 1001 2425 419
f 1301 1193 1045
f 1632 1555 476
f 2236 1632 476
f 171 1301 128
f 2998 128 2218
f 838 2127 2031
f 921 657 3050
f 3050 838 921
f 2590 57 135
f 657 94 1392
f 1598 2034 94
f 57 2590 311
f 1598 858 2034
f 858 794 2034
f 858 966 794
f 2274 929 794
f 2505 448 2274
f 2505 1738 448
f 1738 1996 448
f 2073 1996 1738
f 1804 100 494
f 2594 956 1735
f 2115 956 2594
f 2017 956 2115
f 2946 2017 2491
f 468 1040 2946
f 3175 468 1953
f 2213 904 1004
f 2844 2273 1624
f 2676 1524 2892
f 2959 2476 719
f 2959 1665 2476
f 873 1882 563
f 2184 409 1376
f 426 409 2184
f 2513 1264 976
f 1763 1882 2757
f 1314 343 266
f 1348 2972 806
f 1348 58 2972
f 2708 212 2616
f 3094 2513 105
f 1314 266 2739
f 2739 1298 806
f 1678 1086 2708
f 1710 1672 1086
f 696 1710 1011
f 1672 1710 696
f 696 1011 65
f 50 659 2919
f 1748 330 1119
f 1987 290 474
f 419 474 290
f 1606 38 3081
f 38 761 3081
f 1001 476 1555
f 1301 171 1193
f 128 686 171
f 2236 2031 1632
f 2410 838 2031
f 838 2410 921
f 402 94 657
f 402 1598 94
f 1598 1359 858
f 966 2274 794
f 1247 2204 311
f 966 2505 2274
f 2594 1735 1804
f 2017 2115 2491
f 2976 35 2442
f 1707 468 2946
f 1707 1953 468
f 2763 3154 1848
f 904 2112 2210
f 2674 1624 1971
f 2213 2112 904
f 2674 2966 1624
f 2966 2844 1624
f 2424 2112 2213
f 1524 2535 464
f 2535 1100 464
f 2535 1524 2676
f 1575 1089 1927
f 2676 2411 2535
f 1575 2926 1089
f 2676 2869 2411
f 2676 1366 2869
f 1366 2750 2869
f 2750 1366 2764
f 928 2750 2764
f 2926 2924 3225
f 928 446 2750
f 928 1907 446
f 2915 446 1907
f 1885 3225 2007
f 1168 1071 1907
f 3225 2648 2007
f 1168 2482 1071
f 2915 1907 1071
f 1909 2007 2648
f 296 943 1103
f 943 2482 1103
f 2482 1282 1071
f 1909 2648 457
f 1909 457 719
f 2482 943 1282
f 296 1123 943
f 943 197 1282
f 197 2927 1282
f 1123 197 943
f 1123 296 1665
f 183 1123 1665
f 197 1123 1758
f 1123 183 1758
f 337 183 1665
f 2597 105 2513
f 2513 976 2597
f 1516 1090 976
f 976 1090 2597
f 563 1090 1516
f 1090 563 1882
f 343 1314 2757
f 1314 1763 2757
f 2739 1806 1314
f 806 1130 2739
f 1130 806 2972
f 2708 1086 212
f 1724 3094 105
f 1724 105 1828
f 562 1724 1828
f 562 1828 208
f 1672 37 1086
f 597 696 65
f 1748 608 1987
f 290 1987 608
f 290 608 345
f 290 345 2725
f 419 290 2725
f 761 1099 3081
f 419 2725 1001
f 38 3082 761
f 476 1001 3076
f 1193 38 1045
f 1193 1217 38
f 1992 2031 2236
f 2998 686 128
f 2031 1992 2410
f 2057 2998 135
f 57 2057 135
f 921 1435 657
f 2204 2479 311
f 2809 46 2204
f 2339 1804 494
f 2204 3054 2809
f 1804 2339 2594
f 3054 2976 2809
f 145 2946 2491
f 1140 2946 145
f 1707 2946 1140
f 1345 2038 2442
f 2763 1953 909
f 1345 904 2210
f 2844 2966 272
f 1600 1100 885
f 394 885 1100
f 762 885 394
f 2535 1377 394
f 2535 394 1100
f 2535 2411 1377
f 2411 1983 1377
f 1983 2411 2869
f 1983 2869 2750
f 362 1983 2750
f 1377 1983 1088
f 1886 1377 1088
f 1983 362 1088
f 362 2750 446
f 2915 362 446
f 1886 1088 2480
f 2915 2654 362
f 2480 1088 2654
f 1088 362 2654
f 2915 2629 2654
f 2654 2629 1432
f 2915 1071 2629
f 1282 2927 2864
f 1071 1282 2629
f 1282 2864 2629
f 2064 719 457
f 2927 197 1038
f 2064 2959 719
f 197 1758 1038
f 1758 327 1038
f 337 1665 2959
f 392 183 337
f 183 2216 1758
f 183 392 2216
f 2023 426 2616
f 1563 1090 1882
f 1763 1563 1882
f 1763 919 1563
f 2736 1563 919
f 1763 1806 919
f 1314 1806 1763
f 2739 1130 1806
f 1130 2972 2516
f 299 1806 1130
f 50 562 208
f 2251 659 50
f 2492 2836 659
f 2836 715 1748
f 1748 715 608
f 1099 2485 31
f 1520 2725 345
f 3076 1001 2725
f 2236 476 944
f 2998 2057 686
f 402 657 1435
f 402 1359 1598
f 1266 858 1359
f 1266 966 858
f 1266 2505 966
f 314 2073 1738
f 1819 2073 314
f 2073 1819 494
f 2339 494 1819
f 2339 1819 244
f 2594 2045 2115
f 2491 2115 3021
f 2442 2833 2976
f 2833 2442 2038
f 1707 1642 1953
f 1642 909 1953
f 2763 909 3154
f 3154 2450 1386
f 1386 2674 1971
f 2631 2966 2674
f 2631 1649 2966
f 1649 2487 2966
f 885 2424 1600
f 885 2112 2424
f 2487 272 2966
f 272 1575 1927
f 1377 1886 394
f 394 2572 762
f 394 1886 2572
f 1575 1273 2926
f 2926 1273 2924
f 2654 230 2480
f 2654 1432 230
f 3225 2924 2648
f 1432 2629 1426
f 2629 2864 1426
f 1758 2216 327
f 2064 337 2959
f 426 2023 346
f 409 426 346
f 2616 212 2023
f 1779 767 105
f 1779 105 2597
f 1779 2597 711
f 711 2597 1090
f 711 1090 2257
f 1090 1563 2257
f 2257 1563 56
f 1563 2736 56
f 2972 58 3193
f 1828 105 767
f 2736 919 1806
f 1806 299 2736
f 1130 2516 299
f 2427 2516 2972
f 1086 748 212
f 3073 2736 299
f 3073 299 1126
f 1126 299 2516
f 2492 659 2251
f 608 262 734
f 345 608 734
f 734 1520 345
f 3076 2725 1520
f 3076 2994 476
f 1193 2256 1217
f 2994 944 476
f 2256 1193 171
f 944 1992 2236
f 686 3101 171
f 2410 3033 921
f 1148 402 1435
f 1148 1359 402
f 1148 1227 1359
f 1884 1359 1227
f 500 1738 2505
f 500 2505 1266
f 3021 2859 2491
f 2859 145 2491
f 145 2859 1140
f 1140 900 1707
f 1707 900 1642
f 545 909 1642
f 2210 2038 1345
f 909 3204 3026
f 909 3026 3154
f 2450 3154 3026
f 2674 1386 2450
f 2450 2631 2674
f 885 2406 2112
f 2406 1951 2112
f 2225 1575 272
f 762 2406 885
f 2406 762 2572
f 1886 3130 2572
f 1886 1020 3130
f 2480 1020 1886
f 1163 2480 230
f 817 230 1432
f 1432 1426 817
f 817 1426 548
f 1426 2864 548
f 3061 2864 2927
f 457 2198 2064
f 605 327 2216
f 605 1038 327
f 2206 337 2064
f 392 605 2216
f 2066 1376 2937
f 767 1779 158
f 3193 2427 2972
f 981 56 2736
f 981 2736 3073
f 1086 37 748
f 608 715 262
f 761 801 1099
f 380 3076 1520
f 2013 3076 380
f 38 2449 3082
f 1217 2449 38
f 2994 3076 2013
f 2994 751 944
f 944 912 1992
f 912 292 1992
f 1992 292 2410
f 171 1258 2256
f 292 3033 2410
f 1435 921 3033
f 1435 640 1148
f 2863 2057 57
f 2479 57 311
f 500 314 1738
f 2339 244 1990
f 1990 2594 2339
f 46 2809 1013
f 2594 2589 2045
f 3021 2115 2045
f 2854 545 1642
f 900 2854 1642
f 3204 909 545
f 1399 2038 2210
f 1951 2210 2112
f 2957 1951 2406
f 2487 2225 272
f 2957 2406 2572
f 2572 3130 2957
f 1163 3186 2480
f 1020 2480 3186
f 230 817 2558
f 817 548 2558
f 2648 1132 457
f 2927 1038 3061
f 605 695 1038
f 431 695 605
f 1576 605 392
f 337 506 392
f 506 1576 392
f 409 2773 1376
f 409 346 2773
f 2023 212 926
f 58 2066 841
f 2937 1376 2773
f 2257 901 711
f 841 318 58
f 901 2257 56
f 3193 58 318
f 2516 2427 1126
f 318 2427 3193
f 1828 767 2147
f 1796 1126 2427
f 37 2638 748
f 208 1828 2147
f 1672 611 37
f 696 611 1672
f 696 597 611
f 2710 2836 2492
f 715 2836 2710
f 2485 946 597
f 2485 818 946
f 2485 1099 818
f 2013 751 2994
f 171 3101 1258
f 640 1435 3033
f 238 640 292
f 1884 1266 1359
f 619 500 1266
f 46 2096 2204
f 46 3037 2096
f 2594 1990 2589
f 46 2574 3037
f 46 1013 2574
f 1140 2859 2461
f 1372 900 1140
f 1372 2854 900
f 2854 3204 545
f 1587 3026 3204
f 1587 2450 3026
f 2631 828 1649
f 1951 2957 2490
f 2490 2957 573
f 1020 688 839
f 3130 1020 839
f 549 3186 1163
f 2963 1163 230
f 230 2558 1507
f 1853 2648 2924
f 2198 457 1132
f 2864 3061 548
f 2198 3075 2206
f 2064 2198 2206
f 337 2206 506
f 2023 926 2575
f 926 212 748
f 2469 711 2130
f 2469 1779 711
f 158 1779 2469
f 901 2130 711
f 158 2147 767
f 981 901 56
f 832 981 3073
f 1126 832 3073
f 37 1519 2638
f 262 2138 2228
f 2228 734 262
f 1099 801 818
f 1794 380 1520
f 761 3082 801
f 2013 380 647
f 751 2013 647
f 751 912 944
f 292 640 3033
f 686 2057 3101
f 238 1148 640
f 57 2479 2863
f 1884 619 1266
f 2204 2096 2479
f 1570 500 619
f 500 592 314
f 500 1570 592
f 314 592 1819
f 244 1819 592
f 244 592 813
f 1990 244 813
f 2045 3141 3021
f 2859 3021 123
f 2976 907 2809
f 1140 3176 1372
f 1372 377 2854
f 2854 377 2872
f 2854 2872 3204
f 1951 1399 2210
f 1587 1124 2450
f 1124 2631 2450
f 1649 2197 2487
f 3130 573 2957
f 3130 839 573
f 1575 2225 1273
f 688 1020 3186
f 1317 688 3186
f 2225 2768 1273
f 2963 549 1163
f 1273 2627 2924
f 230 1507 2963
f 2924 2627 1853
f 6 1507 2558
f 2558 548 6
f 2648 1853 1132
f 1132 1923 2198
f 548 3061 789
f 695 789 3061
f 695 3061 1038
f 1923 3075 2198
f 1576 431 605
f 3075 240 2206
f 240 506 2206
f 2773 346 2351
f 2351 346 2023
f 2575 2351 2023
f 748 1581 926
f 748 2638 1581
f 1796 2974 1126
f 1796 2427 318
f 1687 981 832
f 1687 832 1126
f 50 208 2251
f 2492 2251 3038
f 715 2710 262
f 2710 2138 262
f 2228 1520 734
f 1520 2228 164
f 164 1794 1520
f 3082 1204 801
f 647 380 1794
f 751 647 349
f 349 2758 751
f 2449 1217 1646
f 2758 912 751
f 1217 2749 1646
f 2758 292 912
f 2256 2749 1217
f 3101 2797 1258
f 705 1258 2797
f 2797 3101 2057
f 2057 486 2797
f 2863 486 2057
f 238 508 1148
f 1227 1148 508
f 1227 3129 1884
f 2808 1884 3129
f 2808 619 1884
f 619 2808 1570
f 1570 309 592
f 309 813 592
f 3021 3141 123
f 2461 2859 123
f 2833 907 2976
f 3176 1140 2461
f 1476 1587 3204
f 2872 1476 3204
f 1293 1476 2872
f 1476 1293 845
f 1124 1476 845
f 1587 1476 1124
f 2490 1399 1951
f 828 2197 1649
f 2993 2225 2487
f 573 2005 2490
f 2993 2768 2225
f 3186 549 1317
f 2768 2627 1273
f 2963 1507 1028
f 2627 2282 1853
f 6 548 789
f 3075 1923 1535
f 1009 431 1576
f 1581 2575 926
f 841 2066 665
f 2494 2066 2937
f 2575 1581 73
f 1654 2130 901
f 368 901 981
f 3042 1796 318
f 37 611 1519
f 368 981 1687
f 2974 1687 1126
f 2974 1796 555
f 1794 2796 647
f 2796 349 647
f 292 3214 238
f 705 2256 1258
f 2863 3169 486
f 2479 3169 2863
f 603 3169 2479
f 2096 603 2479
f 2808 2142 1570
f 2389 1570 2142
f 2389 309 1570
f 813 565 1990
f 2589 3141 2045
f 907 1013 2809
f 3223 3176 1895
f 1372 3176 3223
f 2038 3093 2833
f 685 1372 3223
f 685 377 1372
f 2677 2872 377
f 377 685 860
f 377 860 2677
f 2677 1293 2872
f 1124 845 2631
f 845 2310 2631
f 2631 2310 828
f 2197 2993 2487
f 839 2005 573
f 2005 839 688
f 717 549 2963
f 1507 6 471
f 6 789 722
f 1132 1784 1923
f 789 695 2528
f 506 1009 1576
f 2469 2464 158
f 972 2464 2469
f 972 2469 2130
f 2494 665 2066
f 2147 158 2398
f 368 1654 901
f 555 1796 3042
f 208 2147 2251
f 597 946 611
f 1794 164 1442
f 2984 349 2796
f 1236 2758 349
f 3002 705 2797
f 486 3002 2797
f 2096 2628 603
f 3037 2628 2096
f 2389 813 309
f 2389 565 813
f 2272 123 3141
f 1013 1647 2574
f 2272 2461 123
f 2272 1895 2461
f 1895 3176 2461
f 3093 2038 2751
f 685 526 860
f 2751 2038 1399
f 845 1293 3127
f 1293 2677 3127
f 3127 2310 845
f 2310 372 828
f 828 372 2197
f 2993 2197 2315
f 549 433 1317
f 632 1077 2627
f 2768 632 2627
f 2963 1028 717
f 1077 2282 2627
f 1507 471 1028
f 2282 1784 1853
f 6 722 471
f 1132 1853 1784
f 789 2528 722
f 1784 1535 1923
f 2302 695 431
f 1009 506 2520
f 773 2937 2773
f 2351 773 2773
f 1903 2464 972
f 2638 73 1581
f 2398 158 2464
f 1189 1654 368
f 260 1189 368
f 555 3042 1854
f 611 245 1519
f 260 368 1687
f 2147 271 2251
f 946 245 611
f 2492 3038 209
f 209 2138 2710
f 2710 2492 209
f 2228 2138 3055
f 2228 3055 164
f 801 2952 818
f 1204 2952 801
f 1442 164 2258
f 1608 1794 1442
f 3082 2449 1204
f 1794 1608 2796
f 1236 349 2984
f 2749 754 1646
f 2256 705 2749
f 486 1919 3002
f 3214 323 238
f 486 848 1919
f 323 508 238
f 3169 848 486
f 3129 1227 508
f 1990 565 425
f 2589 1990 425
f 2574 2628 3037
f 1647 2628 2574
f 1013 1209 1647
f 1238 1895 2272
f 907 1209 1013
f 2833 1209 907
f 2833 2151 1209
f 3093 2151 2833
f 2151 3093 515
f 2300 515 1299
f 526 685 3223
f 3093 1299 515
f 1299 3093 2751
f 1299 2751 1319
f 860 2922 2677
f 1399 732 2751
f 2751 732 1319
f 2677 2922 2062
f 2677 2062 3127
f 732 131 1319
f 2310 3127 372
f 2490 2005 732
f 2490 732 1399
f 3127 1159 372
f 1499 2315 2197
f 2005 688 854
f 854 688 1317
f 2993 632 2768
f 549 717 433
f 717 1028 2930
f 2282 2721 1784
f 471 722 454
f 2302 2528 695
f 1009 2302 431
f 3075 1535 240
f 2520 506 240
f 2351 2575 704
f 3034 2575 73
f 3034 704 2575
f 1519 3005 2638
f 841 3042 318
f 2147 2398 1836
f 271 2147 1836
f 271 3038 2251
f 946 1811 245
f 946 818 1811
f 818 2954 1811
f 2138 316 3055
f 2952 2954 818
f 2258 164 3055
f 1204 2615 2952
f 317 1236 2984
f 2583 2758 1236
f 705 754 2749
f 694 1246 2758
f 1246 292 2758
f 292 1246 3214
f 705 3002 2179
f 1545 3129 508
f 1186 3169 603
f 3129 2068 2808
f 2142 2808 2068
f 3141 2589 425
f 1509 2272 3141
f 1394 1647 1209
f 1396 1209 2151
f 2151 2160 1396
f 2160 2151 2300
f 2300 2151 515
f 1299 320 2144
f 1299 2144 2300
f 2771 526 3223
f 1319 320 1299
f 526 2922 860
f 1319 646 320
f 131 646 1319
f 3127 1629 1159
f 2005 131 732
f 372 1159 1499
f 2197 372 1499
f 131 2005 854
f 2315 632 2993
f 433 1136 1317
f 2850 1028 471
f 2850 2930 1028
f 3057 722 2528
f 2302 1009 2591
f 3034 73 728
f 73 1307 728
f 73 2638 1307
f 1346 841 665
f 2494 2937 773
f 3005 1307 2638
f 1189 3096 1654
f 1307 3005 512
f 245 3005 1519
f 2974 260 1687
f 260 2974 1533
f 555 1533 2974
f 3038 271 1254
f 209 3038 1254
f 2138 209 116
f 2138 116 316
f 2954 1007 1811
f 2449 477 1204
f 2449 709 477
f 1646 709 2449
f 317 2583 1236
f 694 2758 2583
f 705 2179 754
f 1919 2179 3002
f 3169 1186 848
f 603 2628 1186
f 1892 425 565
f 2389 1892 565
f 1647 143 2628
f 143 1647 482
f 482 1647 1394
f 2272 1509 1238
f 1394 2752 482
f 1394 1396 2752
f 1209 1396 1394
f 2160 2801 1396
f 1895 1238 922
f 1745 2801 3058
f 3058 2801 2160
f 450 3017 1745
f 450 1745 3058
f 2144 3058 2160
f 2144 2160 2300
f 2771 3223 1895
f 320 450 3058
f 320 3058 2144
f 2033 526 2771
f 2805 3017 185
f 185 3017 450
f 185 450 320
f 625 2805 185
f 646 185 320
f 2922 91 2062
f 625 185 646
f 131 625 646
f 2062 1629 3127
f 564 625 141
f 1629 2062 1157
f 2825 625 131
f 141 625 2825
f 1629 1157 1159
f 1159 1157 1499
f 854 2825 131
f 141 177 1406
f 177 2825 854
f 177 141 2825
f 854 1317 177
f 1136 177 1317
f 717 2930 433
f 1077 2721 2282
f 454 2850 471
f 3057 454 722
f 1784 1807 1535
f 2302 3057 2528
f 1807 1447 1535
f 2520 2591 1009
f 1447 240 1535
f 1447 176 240
f 773 2351 434
f 704 434 2351
f 1307 744 728
f 2130 1262 972
f 841 385 3042
f 841 1346 385
f 1854 236 555
f 385 1854 3042
f 512 744 1307
f 236 1533 555
f 537 260 1533
f 3005 245 2549
f 209 1254 116
f 245 1162 2549
f 1811 1162 245
f 2278 1442 2258
f 1204 477 2615
f 1844 694 2583
f 754 2179 3031
f 1688 1289 1246
f 1246 1289 3214
f 1919 1685 2179
f 3214 1289 323
f 323 1545 508
f 3118 1919 848
f 1322 3118 848
f 1186 1322 848
f 1545 2068 3129
f 2996 1186 2628
f 2305 1892 2389
f 1706 3141 425
f 1706 1509 3141
f 2628 143 2996
f 2801 1745 1085
f 2771 1895 922
f 2502 2771 922
f 1926 1745 3017
f 2399 2033 2771
f 526 2033 1962
f 1962 2922 526
f 1087 2119 2805
f 1962 91 2922
f 625 1087 2805
f 2062 91 2718
f 2062 2718 1157
f 564 1087 625
f 1157 281 1499
f 1406 2475 141
f 141 2475 564
f 2039 2315 1499
f 1136 1406 177
f 2039 814 2315
f 2315 814 632
f 433 2930 2512
f 2512 2930 1439
f 632 2517 1077
f 2517 2721 1077
f 2653 2930 2850
f 2721 2981 1784
f 287 454 3057
f 1784 2981 1807
f 1807 304 1447
f 1185 2520 256
f 360 240 176
f 240 256 2520
f 3034 483 704
f 704 483 434
f 728 483 3034
f 972 1262 1903
f 2494 773 386
f 773 434 2786
f 728 2409 483
f 728 744 2409
f 1903 2398 2464
f 2606 1903 1262
f 1346 665 498
f 665 2494 498
f 498 2494 386
f 2786 386 773
f 512 3005 1829
f 2549 1829 3005
f 1811 1007 1162
f 2002 2258 3055
f 2036 2278 2258
f 1608 2099 2796
f 2099 2984 2796
f 754 709 1646
f 754 192 709
f 1919 3066 1685
f 3118 3066 1919
f 2068 1545 323
f 2305 2389 2142
f 1974 143 482
f 2752 1974 482
f 1974 2752 1150
f 1396 2435 2752
f 2435 1150 2752
f 1085 2435 2801
f 2801 2435 1396
f 922 1238 1863
f 1926 1085 1745
f 2399 2771 2502
f 2033 1635 1962
f 1962 1635 712
f 712 91 1962
f 2718 2003 1157
f 810 1673 1087
f 2003 281 1157
f 564 810 1087
f 281 2039 1499
f 810 564 2475
f 433 2512 1136
f 814 2517 632
f 2698 2850 454
f 287 2698 454
f 3057 2302 1183
f 1447 304 2683
f 2683 176 1447
f 483 2830 434
f 1903 925 2398
f 1654 3096 2130
f 1363 2830 483
f 1363 483 2409
f 1594 1346 498
f 1836 2398 835
f 1836 869 271
f 271 869 1254
f 116 1384 316
f 3211 316 1384
f 1007 2954 1978
f 3055 316 3211
f 2954 2952 2499
f 1978 2954 2499
f 2615 2499 2952
f 1442 2278 1608
f 2278 2099 1608
f 2526 2984 2099
f 317 2984 2526
f 2583 317 1154
f 1844 2583 1743
f 754 3031 192
f 3031 1685 3066
f 2179 1685 3031
f 1322 2316 3118
f 1186 2316 1322
f 1892 2305 2137
f 1892 3097 425
f 3097 1706 425
f 1509 1706 3097
f 1509 472 1863
f 1509 1863 1238
f 2435 2295 822
f 2435 822 1150
f 2295 2435 1085
f 1926 136 1085
f 2222 136 1926
f 3017 2222 1926
f 2805 432 3017
f 3017 432 2222
f 2119 432 2805
f 1635 2033 2399
f 1673 2119 1087
f 799 810 2475
f 281 2400 3153
f 3153 2039 281
f 1406 799 2475
f 3159 799 1406
f 814 2039 3153
f 3159 1136 2712
f 1136 3159 1406
f 3153 2533 814
f 1439 1269 2512
f 1136 2512 2712
f 2712 2512 1269
f 2517 3039 2721
f 2850 2698 2653
f 3039 2981 2721
f 304 1807 2981
f 287 3057 1183
f 2591 1183 2302
f 360 256 240
f 3096 1262 2130
f 2022 2786 434
f 434 2830 2022
f 925 835 2398
f 3096 1189 2185
f 260 2185 1189
f 2287 1533 236
f 1594 1215 1854
f 1594 1854 385
f 1346 1594 385
f 498 386 1594
f 2666 2830 1363
f 363 2185 260
f 537 363 260
f 2287 537 1533
f 2163 1594 386
f 869 1836 835
f 744 512 1484
f 3211 1384 636
f 2615 383 2499
f 2036 2258 2002
f 477 383 2615
f 1154 317 2526
f 192 1081 709
f 1081 192 834
f 1844 1246 694
f 834 192 3031
f 1543 3066 3118
f 1543 3118 333
f 2068 323 2260
f 333 3118 2316
f 2019 2316 2996
f 2996 2316 1186
f 2137 3097 1892
f 2996 143 184
f 796 184 2176
f 472 1509 3097
f 143 1974 184
f 2176 184 1974
f 1974 1150 3172
f 1150 822 3172
f 1863 472 1294
f 2295 364 822
f 1085 136 2295
f 2222 198 136
f 763 91 712
f 763 2718 91
f 3196 2718 763
f 3196 2003 2718
f 1051 2003 3196
f 2400 281 2003
f 1051 2400 2003
f 2888 2400 1051
f 3153 2400 2466
f 2466 430 2533
f 3153 2466 2533
f 756 2712 1269
f 2517 814 2533
f 2930 2653 1439
f 3039 304 2981
f 2698 287 1353
f 2591 2520 1183
f 1183 2520 1185
f 2221 256 360
f 1605 176 2683
f 176 1605 360
f 1903 2606 925
f 2606 1262 1800
f 1215 236 1854
f 1215 2287 236
f 3096 1800 1262
f 3096 2185 3116
f 1215 1594 2704
f 2830 2666 2022
f 363 160 2185
f 2163 2704 1594
f 1363 2409 2835
f 2409 744 2835
f 2705 1254 869
f 1484 2835 744
f 2705 90 1254
f 1829 1484 512
f 116 1254 90
f 1473 116 90
f 3211 2002 3055
f 709 1256 477
f 477 1256 383
f 2067 1256 1081
f 1081 1256 709
f 834 2067 1081
f 834 1214 2067
f 1246 1844 148
f 148 1688 1246
f 3031 1214 834
f 3031 110 1214
f 3066 110 3031
f 3066 1288 110
f 1543 1288 3066
f 1289 2260 323
f 440 2142 2068
f 2305 2142 440
f 2137 2305 1503
f 147 2996 184
f 2964 3097 2137
f 147 184 796
f 3172 601 2176
f 1974 3172 2176
f 364 601 822
f 822 601 3172
f 2295 1195 364
f 1195 136 1200
f 136 1195 2295
f 725 922 1863
f 922 725 2502
f 198 1200 136
f 2222 432 198
f 215 1635 2399
f 712 1635 215
f 215 1398 712
f 1673 2539 2119
f 763 712 1398
f 763 1398 1664
f 1673 371 2539
f 763 1664 3196
f 810 371 1673
f 85 371 810
f 2888 1051 2328
f 1403 85 799
f 810 799 85
f 2466 2400 2888
f 2888 284 2466
f 1403 799 1967
f 3159 1967 799
f 367 2466 284
f 2466 367 430
f 756 1967 2712
f 2712 1967 3159
f 2533 430 942
f 942 2517 2533
f 1145 1269 1439
f 2653 1145 1439
f 578 3039 2517
f 2675 1145 2653
f 2653 2698 2675
f 2698 1353 2675
f 3039 2124 304
f 1353 287 2178
f 2178 287 1400
f 2124 1023 304
f 1183 1400 287
f 304 1023 2683
f 2221 1185 256
f 2221 360 3088
f 2592 1605 2683
f 1605 3088 360
f 925 2606 1016
f 1016 2606 1800
f 480 1782 835
f 480 835 925
f 2085 363 537
f 1782 869 835
f 386 1631 2163
f 2786 1631 386
f 2786 2022 1631
f 2022 2666 1947
f 2666 1363 1947
f 1363 2835 1947
f 1631 2022 275
f 2705 869 1782
f 1829 3202 1484
f 1384 116 1473
f 1829 2549 531
f 2036 2002 2819
f 2036 69 2278
f 1256 436 383
f 475 2278 69
f 1256 3218 436
f 39 2099 2278
f 2067 3218 1256
f 2099 558 2526
f 2099 39 558
f 2526 558 1154
f 1154 1743 2583
f 1214 3218 2067
f 995 1289 1688
f 995 1688 148
f 995 2260 1289
f 1901 1543 333
f 2527 2068 2260
f 2019 333 2316
f 2305 440 1503
f 147 2019 2996
f 684 796 1610
f 1279 147 796
f 2964 472 3097
f 1610 796 2176
f 1180 64 1610
f 601 1610 2176
f 364 1180 601
f 601 1180 1610
f 364 2905 1180
f 1195 374 364
f 1370 1863 1294
f 1195 1200 374
f 586 2399 2502
f 198 432 1405
f 1039 1405 432
f 215 2399 586
f 432 766 1039
f 2119 766 432
f 2539 766 2119
f 3196 1664 2328
f 2328 1051 3196
f 1554 2328 768
f 2888 2328 1554
f 1554 284 2888
f 3170 1403 1967
f 756 1269 1145
f 942 578 2517
f 609 1145 1589
f 1353 2988 2675
f 1216 1353 2178
f 1400 1185 424
f 1185 2221 424
f 1185 1400 1183
f 71 2592 1023
f 1023 2592 2683
f 2221 3088 282
f 1605 2592 3088
f 2437 1016 1800
f 3096 3116 1800
f 1800 3116 2437
f 118 2287 2873
f 2873 2287 1215
f 1215 2704 2873
f 2185 3203 3116
f 2085 537 2287
f 2704 1151 2873
f 160 3203 2185
f 2704 2163 1151
f 1631 954 2163
f 757 954 1631
f 1384 1473 1671
f 531 3202 1829
f 1384 1671 636
f 1162 531 2549
f 2451 531 1162
f 1162 1007 2451
f 1007 1978 2451
f 636 1017 3211
f 3211 1017 2002
f 436 2499 383
f 2036 2819 69
f 3218 211 436
f 39 2278 475
f 148 1844 1743
f 110 2376 1214
f 110 1288 2376
f 226 1543 1901
f 2527 440 2068
f 333 2019 1901
f 786 1901 2019
f 1375 147 1279
f 1375 2019 147
f 1503 2964 2137
f 1610 64 684
f 796 684 1279
f 2964 306 472
f 1180 3089 64
f 2905 3089 1180
f 364 374 2905
f 1200 2622 374
f 1200 1573 2622
f 198 1573 1200
f 198 1405 1573
f 504 215 586
f 2576 215 504
f 1398 215 2576
f 1398 1229 1664
f 768 2328 1664
f 3199 1554 768
f 756 2319 1967
f 1967 2319 3170
f 367 942 430
f 756 1145 609
f 942 2857 578
f 2675 1589 1145
f 3039 1453 2124
f 2178 1400 1965
f 2124 342 1023
f 1400 424 1965
f 342 71 1023
f 2592 633 3088
f 118 2085 2287
f 1151 1682 2873
f 2163 954 1151
f 275 2022 2362
f 1631 275 757
f 2362 2022 1947
f 2819 2002 1017
f 69 2819 1925
f 69 1925 83
f 83 475 69
f 1144 558 39
f 1743 1154 387
f 1861 148 1743
f 1623 995 148
f 1623 877 995
f 1543 226 1288
f 226 1966 3070
f 1901 1966 226
f 1966 1901 786
f 1375 786 2019
f 1503 440 410
f 306 1043 472
f 1043 1294 472
f 2385 2905 374
f 3162 2385 374
f 2622 3162 374
f 1863 2080 725
f 725 2080 1417
f 1417 2502 725
f 766 2539 13
f 371 2529 2539
f 768 1664 1229
f 1512 1554 3199
f 3170 2614 1403
f 1512 284 1554
f 284 1512 3144
f 284 3144 367
f 609 3062 2319
f 609 2319 756
f 609 1589 3062
f 1589 2675 1728
f 2675 2988 1728
f 578 1453 3039
f 1216 2178 2446
f 1965 2446 2178
f 2124 1453 342
f 282 3088 2803
f 2221 282 424
f 633 2803 3088
f 1016 1515 925
f 1016 2437 617
f 2437 3116 395
f 3203 395 3116
f 884 395 3203
f 1675 3203 160
f 1675 884 3203
f 1675 160 2014
f 160 2792 2014
f 363 2792 160
f 2085 2792 363
f 118 2792 2085
f 2817 1151 954
f 1947 2835 2790
f 1484 3202 2835
f 3202 531 1118
f 531 3008 1118
f 636 1671 257
f 2451 1814 531
f 1978 2361 2451
f 1759 2361 1978
f 1978 2499 1759
f 2499 436 1759
f 211 1759 436
f 3218 551 211
f 1144 39 475
f 1144 1349 558
f 1154 558 1349
f 3218 1015 1586
f 3218 1214 1015
f 1375 2602 786
f 1375 2028 2602
f 1279 684 523
f 1279 2028 1375
f 410 3123 1503
f 64 523 684
f 3123 2964 1503
f 64 1444 523
f 3089 1444 64
f 1370 1294 1043
f 2080 1863 1370
f 1370 846 2080
f 1573 3208 2622
f 1417 1691 2502
f 2502 1691 586
f 504 586 1691
f 766 13 1039
f 2529 13 2539
f 1229 1398 2576
f 85 1397 371
f 1397 2529 371
f 1030 768 1229
f 3199 768 1030
f 1403 2614 85
f 2319 2125 3170
f 3062 2125 2319
f 566 942 367
f 3144 566 367
f 942 566 2857
f 578 2857 1453
f 2988 1353 1216
f 26 342 1453
f 282 156 424
f 424 974 1965
f 71 633 2592
f 2437 395 617
f 480 925 1515
f 480 1515 153
f 487 884 1675
f 487 1675 2014
f 118 2643 2792
f 2873 687 118
f 2873 1682 687
f 2014 2792 2643
f 687 641 780
f 1682 641 687
f 1151 2817 1682
f 90 3003 1473
f 2817 954 692
f 757 692 954
f 965 2362 1947
f 3202 2790 2835
f 747 348 1473
f 1473 3003 747
f 1671 1473 348
f 1814 3008 531
f 3008 1814 2270
f 348 257 1671
f 257 1017 636
f 2451 2361 1814
f 1017 2799 2819
f 1925 2819 2799
f 83 3168 475
f 1349 1144 2961
f 3218 1586 551
f 78 1154 1349
f 387 1154 78
f 2335 1743 387
f 1214 2376 1015
f 1861 1623 148
f 2376 1288 1383
f 3070 1288 226
f 877 2260 995
f 877 1666 2260
f 1966 843 3070
f 1966 2602 843
f 2602 1966 786
f 1544 440 2527
f 1279 3132 2028
f 410 440 1544
f 523 3132 1279
f 3123 898 2964
f 2849 306 2964
f 3089 1091 1444
f 2849 1043 306
f 119 1043 2849
f 2905 2385 3089
f 119 1370 1043
f 1233 1370 119
f 3162 742 2385
f 846 1370 234
f 1691 1417 170
f 1440 1691 170
f 1691 1440 504
f 1039 13 706
f 2529 1048 13
f 2877 3144 1512
f 3062 124 2125
f 566 3144 2380
f 1704 1728 2988
f 566 26 2857
f 26 1453 2857
f 2988 1216 1704
f 232 156 2803
f 2803 156 282
f 71 232 633
f 633 232 2803
f 1515 1016 3105
f 617 3105 1016
f 2884 153 1515
f 395 25 617
f 487 1961 884
f 153 1782 480
f 529 90 2705
f 2705 1782 153
f 2705 153 529
f 2604 2014 2643
f 118 3194 2643
f 2643 3194 2604
f 687 3194 118
f 687 780 3194
f 2817 641 1682
f 2318 1947 2790
f 2200 641 2817
f 692 2200 2817
f 965 1947 1677
f 1677 1947 2318
f 2744 757 275
f 792 2799 257
f 2799 1017 257
f 1814 2361 1937
f 211 1117 1759
f 551 1117 211
f 3168 2961 1144
f 1144 475 3168
f 1349 2961 78
f 2335 387 78
f 2335 1861 1743
f 2376 1383 1015
f 1288 2765 1383
f 1288 683 2765
f 1288 3070 683
f 2260 3106 2527
f 2028 1770 2089
f 2028 2089 2602
f 3106 1544 2527
f 3132 1770 2028
f 1544 1946 410
f 523 1241 3132
f 1946 3123 410
f 1444 3188 1241
f 523 1444 1241
f 2849 2964 898
f 1091 2167 1444
f 1617 1091 3089
f 2385 1617 3089
f 1370 1233 234
f 234 1106 846
f 846 1106 1788
f 846 1788 1417
f 2622 3208 3162
f 3162 3208 742
f 846 1417 2080
f 1573 1669 3208
f 1405 1669 1573
f 1405 267 1669
f 706 1405 1039
f 2576 504 700
f 1048 706 13
f 1397 85 2614
f 2877 1512 3199
f 3170 206 2614
f 3170 2125 206
f 1433 3144 2877
f 124 3062 1589
f 1433 2380 3144
f 1728 124 1589
f 1079 124 1728
f 566 2380 26
f 2446 1965 974
f 156 974 424
f 2239 495 2884
f 2884 495 153
f 2884 1515 3105
f 1064 2884 3105
f 2239 2884 1064
f 1064 3105 25
f 25 3105 617
f 153 495 529
f 235 487 2014
f 2604 2309 2014
f 3003 90 529
f 3119 2309 2604
f 3030 3194 780
f 692 3185 2200
f 2744 692 757
f 275 2362 2744
f 2744 2362 965
f 1118 2790 3202
f 1118 3049 2790
f 792 257 2828
f 613 1925 2799
f 1759 1117 2361
f 551 3068 1117
f 551 384 3068
f 1586 384 551
f 3070 903 683
f 1666 3106 2260
f 2965 3106 1666
f 903 3070 843
f 2481 1544 3106
f 3132 1241 1770
f 2481 1946 1544
f 3123 1946 3140
f 3123 3140 898
f 2167 3188 1444
f 1091 295 2167
f 2849 3014 119
f 1617 295 1091
f 1233 119 1578
f 742 1318 1617
f 742 1617 2385
f 1578 234 1233
f 1578 1106 234
f 170 1417 1788
f 170 1788 1188
f 3208 1669 1852
f 930 170 1188
f 930 1440 170
f 1405 706 267
f 2488 2576 700
f 2529 663 1048
f 1942 1229 2576
f 1397 663 2529
f 206 2947 1397
f 206 1397 2614
f 2661 3199 1030
f 2661 2877 3199
f 2125 2332 206
f 2877 2661 1433
f 1079 1728 1704
f 2486 2380 1433
f 86 2446 1701
f 86 1216 2446
f 26 2380 2941
f 2380 2486 2941
f 2446 974 1701
f 974 156 2673
f 2941 342 26
f 2941 1651 342
f 1651 1889 71
f 232 2673 156
f 342 1651 71
f 71 1889 232
f 66 1064 25
f 2747 25 395
f 2747 66 25
f 2747 395 884
f 1961 2747 884
f 1961 487 235
f 2309 235 2014
f 2604 3194 2980
f 2980 3194 3030
f 641 2200 626
f 2744 3185 692
f 965 1677 249
f 3008 3049 1118
f 257 348 2656
f 2361 2463 1937
f 1117 2463 2361
f 83 1925 3168
f 3068 384 169
f 2335 78 2886
f 1015 384 1586
f 1015 24 384
f 3131 1861 2335
f 1494 1861 3131
f 1494 1623 1861
f 1015 1383 24
f 297 877 1623
f 683 903 2841
f 903 2503 2841
f 843 2503 903
f 843 2602 2089
f 2481 3106 2965
f 2254 2849 898
f 2254 3014 2849
f 119 3014 1068
f 1068 1578 119
f 2679 1106 1578
f 1318 742 1211
f 1106 2679 1788
f 3208 1211 742
f 2942 1188 1788
f 2942 1122 1188
f 700 504 1440
f 706 1774 267
f 150 1048 1361
f 1361 1048 663
f 1030 1229 1942
f 1397 2947 663
f 856 2661 1030
f 206 1696 2947
f 2332 1696 206
f 2125 939 2332
f 124 939 2125
f 2938 939 124
f 1695 1433 2661
f 1079 1704 1127
f 1079 2938 124
f 1695 2486 1433
f 2354 2486 1695
f 1216 86 1704
f 2354 2941 2486
f 1701 974 2673
f 1651 2354 3157
f 2941 2354 1651
f 1961 66 2747
f 3119 2604 2980
f 641 3030 780
f 641 626 3030
f 1066 626 2200
f 1066 2200 3185
f 3112 3185 2744
f 249 1677 2318
f 2790 3049 1330
f 1814 1832 2270
f 1937 1832 1814
f 613 2799 2395
f 2463 1585 1937
f 1117 3068 2463
f 3168 1925 1312
f 2961 3168 1754
f 791 78 2961
f 791 2961 1754
f 1692 877 297
f 2089 2503 843
f 1770 1241 355
f 1241 2143 355
f 1946 2481 2882
f 2882 3140 1946
f 898 3140 2254
f 1578 1068 2679
f 1318 831 1617
f 2942 1788 2679
f 3208 152 1211
f 1747 1122 2942
f 1852 152 3208
f 1122 930 1188
f 1669 280 1852
f 267 280 1669
f 706 2283 1774
f 2283 1048 150
f 1048 2283 706
f 2576 2488 1354
f 2576 1354 1942
f 856 1030 1942
f 1079 1127 2938
f 1695 3157 2354
f 1704 86 1127
f 420 2673 214
f 1651 3157 353
f 353 1889 1651
f 1889 274 232
f 232 214 2673
f 274 214 232
f 66 1961 1469
f 1469 1961 3114
f 529 495 1880
f 1961 235 173
f 2309 75 235
f 3003 529 749
f 765 75 2309
f 3119 765 2309
f 747 3003 749
f 626 2980 3030
f 1066 1197 626
f 2318 961 249
f 2318 959 961
f 2318 2790 959
f 2790 1330 959
f 2656 348 747
f 965 3112 2744
f 40 965 249
f 3008 1098 3049
f 2270 1098 3008
f 1832 1098 2270
f 1585 1832 1937
f 2395 2799 792
f 1312 1925 613
f 3168 310 1754
f 3068 169 1340
f 791 2886 78
f 384 24 3053
f 2886 3131 2335
f 1494 297 1623
f 683 2841 2765
f 1692 1666 877
f 2726 2965 1666
f 2089 1770 355
f 2965 2219 2481
f 2481 2219 2882
f 2882 178 3140
f 178 1994 3140
f 3188 2167 635
f 2254 357 3014
f 2333 2167 295
f 1068 3014 729
f 1617 831 295
f 729 2679 1068
f 729 2238 2679
f 2679 2238 2942
f 1852 1474 152
f 1122 182 930
f 280 1474 1852
f 182 1877 1440
f 930 182 1440
f 1774 2818 267
f 856 1942 1354
f 2382 2947 1696
f 1199 856 1172
f 2661 856 1199
f 939 1912 2332
f 1912 1696 2332
f 1199 1695 2661
f 939 2348 1912
f 1199 1973 1695
f 939 2938 2348
f 3157 1695 1973
f 86 1701 2407
f 2673 420 1701
f 2239 1637 495
f 1880 495 1637
f 75 173 235
f 749 529 1880
f 2083 2980 626
f 1662 626 1197
f 1197 1066 48
f 3185 48 1066
f 48 3185 3112
f 3085 48 3112
f 3112 689 3085
f 965 40 3112
f 3112 40 689
f 988 40 249
f 1098 1330 3049
f 2656 2828 257
f 1340 2463 3068
f 1312 310 3168
f 1975 2886 791
f 384 3053 169
f 356 3131 2886
f 2765 3053 1383
f 3053 24 1383
f 356 1494 3131
f 1692 2726 1666
f 2503 678 53
f 2841 2503 53
f 2503 2089 678
f 355 678 2089
f 2726 2219 2965
f 178 2882 864
f 2684 178 864
f 1241 635 2143
f 1994 178 2684
f 3188 635 1241
f 3140 1994 2254
f 2254 1994 357
f 2333 1540 2167
f 729 3014 357
f 295 831 2333
f 653 831 1318
f 2238 1747 2942
f 1318 1762 653
f 1211 1762 1318
f 152 1762 1211
f 1474 1904 152
f 1474 280 1065
f 2818 280 267
f 1440 1714 700
f 1714 2488 700
f 2488 1714 1354
f 2947 381 663
f 663 381 1361
f 2947 2382 381
f 1127 86 2407
f 1127 2348 2938
f 420 2407 1701
f 1889 353 2183
f 1889 2183 274
f 2789 1064 66
f 2789 66 1469
f 173 3114 1961
f 2980 3180 3119
f 1662 2083 626
f 2587 1662 1197
f 2656 517 1656
f 959 61 961
f 689 40 988
f 988 249 961
f 739 61 1330
f 61 959 1330
f 1098 739 1330
f 1098 1832 543
f 312 791 1754
f 1754 310 312
f 1975 849 2886
f 356 2886 849
f 239 2726 1692
f 2882 2219 2755
f 2755 2219 2726
f 2882 2755 864
f 2684 793 1994
f 357 1994 793
f 357 2326 729
f 653 600 831
f 729 1964 2238
f 1964 774 2238
f 2238 774 1747
f 1762 224 653
f 152 190 1762
f 1904 190 152
f 1760 182 1122
f 280 2818 1065
f 1714 1440 1877
f 2283 2012 1774
f 1774 2012 2818
f 150 1182 2283
f 2283 1182 2012
f 1361 1182 150
f 381 1182 1361
f 1354 2311 856
f 2923 3157 1973
f 1988 3157 2923
f 2348 1127 1320
f 1127 2407 1320
f 353 3157 1988
f 353 1416 2183
f 214 2285 420
f 2239 2249 1637
f 2249 2239 1064
f 2789 2249 1064
f 1637 2504 1880
f 1880 2504 2601
f 749 1880 2601
f 2866 75 765
f 765 3119 1488
f 747 749 517
f 1620 2587 1197
f 511 1197 48
f 3085 511 48
f 1979 511 3085
f 961 61 988
f 3085 689 2040
f 2040 689 988
f 905 988 61
f 1585 543 1832
f 1585 2719 543
f 2463 2719 1585
f 1340 231 2463
f 1340 169 231
f 231 169 2816
f 169 3053 2816
f 356 1029 1494
f 356 1047 1029
f 1029 297 1494
f 2841 2669 2765
f 2841 53 2669
f 239 1692 297
f 2755 2726 2165
f 2165 2726 239
f 355 821 678
f 864 2755 2212
f 355 2143 821
f 864 2212 2684
f 635 821 2143
f 2167 1540 635
f 2326 357 793
f 1221 729 2326
f 729 1221 1964
f 1760 1122 1747
f 1474 319 1904
f 1065 319 1474
f 2530 1877 182
f 381 1557 1182
f 2382 1557 381
f 2382 1696 3126
f 3121 1199 1172
f 1912 3126 1696
f 2348 3126 1912
f 1320 2407 3064
f 420 2285 3064
f 420 3064 2407
f 274 2183 214
f 214 2183 2285
f 1809 2504 1637
f 2249 1809 1637
f 2323 2789 1469
f 2323 2249 2789
f 2531 2601 2504
f 2601 2531 3095
f 1488 3119 3180
f 2083 3180 2980
f 2656 747 517
f 2587 2083 1662
f 1197 511 1620
f 1776 2040 988
f 988 905 1776
f 61 739 536
f 2110 905 61
f 1098 2298 739
f 2298 1098 543
f 2052 310 1312
f 231 2719 2463
f 312 1975 791
f 3053 2669 2816
f 1350 356 849
f 1047 356 1350
f 2765 2669 3053
f 1047 1156 1029
f 239 297 1029
f 1795 2669 53
f 2381 2165 1306
f 2755 2165 2381
f 678 821 53
f 2381 2212 2755
f 2212 2381 1686
f 2212 1686 2684
f 2684 1686 223
f 223 793 2684
f 653 224 600
f 2901 224 1762
f 1747 774 2495
f 1762 190 2901
f 2573 2901 190
f 1904 2573 190
f 2530 182 1760
f 2012 579 2818
f 1182 777 2012
f 1182 1557 777
f 1172 856 2311
f 3126 1755 2382
f 1921 1199 3121
f 1973 1199 1921
f 2923 1973 1921
f 121 3126 2348
f 1320 121 2348
f 3064 121 1320
f 353 1988 1416
f 1416 1988 612
f 2324 2285 1462
f 2285 2183 1462
f 2285 2324 3064
f 1809 2531 2504
f 3184 1809 2249
f 2323 3184 2249
f 2693 2323 1469
f 3114 2693 1469
f 1181 173 75
f 2601 811 749
f 2601 3095 811
f 517 749 811
f 2587 1846 2083
f 2269 1620 511
f 2269 511 1979
f 3085 2688 1979
f 2040 2688 3085
f 2110 1776 905
f 536 2110 61
f 2395 1312 613
f 2719 74 543
f 2719 231 778
f 231 2816 3004
f 2669 533 1327
f 533 2669 1795
f 1306 239 1156
f 239 1029 1156
f 821 1607 53
f 53 1607 1795
f 1306 2165 239
f 821 840 1607
f 821 2605 840
f 821 635 2605
f 1686 68 223
f 68 710 223
f 1540 2605 635
f 710 793 223
f 1964 1221 1957
f 3060 1964 1957
f 1964 3060 774
f 2495 1760 1747
f 2818 579 1065
f 3048 1877 2530
f 2012 2312 579
f 98 1714 1877
f 777 2312 2012
f 1351 1354 1714
f 2378 2312 777
f 1557 2378 777
f 2472 2311 1354
f 2382 2404 1557
f 1557 2404 2378
f 1172 2311 3121
f 2382 1755 2404
f 1352 1988 2923
f 121 3064 1092
f 1988 1352 612
f 159 2324 1462
f 3064 2324 1092
f 2183 1416 1462
f 1181 1471 173
f 1181 75 2866
f 1846 3180 2083
f 2040 1191 2688
f 1776 1191 2040
f 2110 1191 1776
f 536 643 2110
f 2298 536 739
f 643 1191 2110
f 2298 3167 536
f 543 452 2298
f 74 452 543
f 74 2719 778
f 310 2052 196
f 2637 1975 312
f 2816 2669 1327
f 2706 1047 1350
f 840 259 1607
f 2381 2288 1686
f 2605 2439 840
f 710 1221 793
f 1221 2326 793
f 831 933 2333
f 600 933 831
f 3060 2495 774
f 2495 1840 1760
f 2570 2573 1904
f 319 2570 1904
f 3048 98 1877
f 1351 1714 98
f 2312 2378 1549
f 2472 1354 1351
f 2311 2472 3067
f 3126 2745 1755
f 2923 1921 1648
f 2087 2745 3126
f 2923 2215 1352
f 121 2087 3126
f 1352 2215 1083
f 121 125 2087
f 1083 612 1352
f 1092 125 121
f 1416 612 2577
f 1416 2577 1462
f 1462 2577 159
f 2324 159 1092
f 2150 3184 2323
f 1471 3114 173
f 3180 1734 1488
f 1979 1826 2269
f 2688 1191 1037
f 1037 1191 19
f 1191 643 19
f 643 1460 19
f 1862 643 536
f 536 3167 1862
f 1460 643 1862
f 452 3167 2298
f 193 3167 452
f 193 1712 3167
f 74 776 452
f 776 74 778
f 310 196 312
f 312 196 2637
f 778 231 3004
f 2816 1327 3004
f 1327 1822 3004
f 1327 533 1723
f 2769 305 533
f 415 1156 1047
f 415 1047 2706
f 259 2769 1795
f 1795 2769 533
f 2640 1306 1156
f 415 2640 1156
f 1607 259 1795
f 1306 2640 2015
f 2381 1306 2015
f 2381 2015 2288
f 840 2518 1718
f 840 1718 259
f 2978 840 2439
f 2978 2518 840
f 1540 2439 2605
f 1540 2944 2439
f 2333 933 2944
f 2333 2944 1540
f 224 740 600
f 2573 324 2901
f 2530 2826 3048
f 2378 2404 1549
f 3067 2560 2311
f 1755 3024 2404
f 3121 2311 2560
f 3024 1755 21
f 2560 1921 3121
f 2745 21 1755
f 1921 1201 1648
f 1808 21 1982
f 1982 21 2745
f 2215 2923 1648
f 1648 1041 2215
f 2087 1982 2745
f 2087 125 2617
f 2617 125 1092
f 2617 1092 159
f 2775 612 1083
f 612 2775 2577
f 544 2693 3114
f 3095 517 811
f 2266 765 1488
f 1846 1734 3180
f 1846 1817 1734
f 658 1846 2587
f 1620 658 2587
f 1275 1826 1979
f 2688 1275 1979
f 1656 2828 2656
f 2688 1037 1275
f 19 1593 1037
f 1736 1593 19
f 1736 19 1460
f 1862 47 1460
f 2052 1312 2395
f 1862 114 47
f 3167 114 1862
f 3167 1712 114
f 1890 1712 193
f 776 193 452
f 1712 1859 114
f 1859 1712 1890
f 193 718 1890
f 718 193 776
f 196 2052 99
f 196 99 1242
f 776 778 718
f 778 1822 718
f 3004 1822 778
f 2637 1883 1975
f 1723 217 1822
f 1883 849 1975
f 1723 2024 217
f 849 2770 1350
f 1883 2770 849
f 3206 2024 1723
f 1327 1723 1822
f 2706 1350 2770
f 533 3206 1723
f 1093 3206 305
f 305 3206 533
f 2769 1093 305
f 259 595 1093
f 259 1093 2769
f 1718 595 259
f 3222 1686 2288
f 68 967 710
f 294 2978 2439
f 294 2557 2978
f 2944 294 2439
f 1221 2510 1957
f 600 740 933
f 224 2484 740
f 2901 2484 224
f 1773 1760 1840
f 2530 1760 1773
f 2570 324 2573
f 1065 743 2570
f 1065 2570 319
f 2826 662 3048
f 579 743 1065
f 98 3048 662
f 579 596 743
f 2312 596 579
f 2312 1549 596
f 2369 2472 1351
f 3067 2369 167
f 3067 2472 2369
f 3024 21 2788
f 21 1808 2788
f 1201 1921 2560
f 1648 1201 1041
f 994 1808 2035
f 2035 1808 1982
f 1083 2215 1041
f 1083 1041 2010
f 2087 2035 1982
f 2775 1083 2010
f 2617 2035 2087
f 2577 2775 2010
f 2577 2010 159
f 159 2010 3201
f 159 3201 2617
f 2617 3201 2035
f 2323 2693 2150
f 2150 2693 544
f 1471 544 3114
f 1534 1181 2866
f 2266 2866 765
f 2266 2117 2866
f 1734 2266 1488
f 2269 1147 1620
f 2646 2828 1656
f 1275 1037 1593
f 820 1593 1736
f 1460 519 1736
f 47 519 1460
f 47 2084 519
f 114 2084 47
f 2205 114 1859
f 334 1859 1890
f 334 1890 718
f 1242 2637 196
f 217 334 718
f 1822 217 718
f 2440 1859 334
f 2440 334 1599
f 1599 334 217
f 2024 1599 217
f 2760 1599 2024
f 3206 2760 2024
f 1093 2760 3206
f 2015 3222 2288
f 595 1718 2518
f 1686 3222 68
f 516 68 3222
f 2518 2557 3083
f 2557 2518 2978
f 2633 1221 710
f 740 2484 847
f 2901 324 2484
f 2826 2530 1773
f 743 1603 2570
f 2826 606 662
f 2843 98 662
f 1351 98 2843
f 2843 2369 1351
f 2404 2453 1549
f 3067 167 3022
f 2404 3024 2453
f 1556 3067 3022
f 2788 2453 3024
f 1556 2560 3067
f 2560 1556 1201
f 1556 3164 1201
f 994 3152 2788
f 1201 3164 716
f 1201 716 1041
f 1808 994 2788
f 1041 716 1956
f 1041 1956 43
f 994 43 20
f 3201 994 2035
f 3201 43 994
f 1041 3201 2010
f 1041 43 3201
f 1147 2269 1826
f 2791 1147 1826
f 2791 1826 1275
f 2646 1523 2828
f 1275 1593 3190
f 1523 792 2828
f 820 3190 1593
f 519 820 1736
f 2052 2395 2174
f 279 820 519
f 519 2084 279
f 2205 2084 114
f 195 2084 2205
f 2205 1362 195
f 1362 2205 2440
f 2440 2205 1859
f 2637 1242 2851
f 2637 2851 1883
f 2760 1131 1599
f 1599 1131 2440
f 2760 2695 1131
f 1094 2695 2760
f 1093 1094 2760
f 1746 415 2706
f 1902 1094 1093
f 1746 2640 415
f 595 1902 1093
f 1902 595 3046
f 2908 2015 2640
f 2015 2908 3222
f 2908 2050 516
f 2908 516 3222
f 2518 3083 3046
f 595 2518 3046
f 68 516 967
f 294 1831 2557
f 710 967 2633
f 2944 172 1831
f 2944 1831 294
f 933 172 2944
f 2633 2510 1221
f 933 2432 172
f 740 847 2432
f 740 2432 933
f 1957 2781 3060
f 1220 2495 3060
f 1220 1840 2495
f 1840 1220 607
f 1840 607 1773
f 2570 1603 324
f 606 2826 1773
f 3028 662 606
f 3028 2843 662
f 1549 520 596
f 1549 1995 520
f 1549 2453 1995
f 167 2369 2843
f 2453 3187 1995
f 167 2714 3022
f 2453 3152 3187
f 2788 3152 2453
f 994 2098 3152
f 994 20 2098
f 111 2292 1956
f 43 2292 20
f 1956 2292 43
f 2053 2117 2266
f 2053 2266 1734
f 2647 2053 1734
f 3190 2791 1275
f 2395 792 1523
f 2395 1523 2174
f 2174 99 2052
f 2084 102 279
f 102 195 1059
f 2084 195 102
f 1625 1059 195
f 1362 1625 195
f 1362 2097 1625
f 2440 2097 1362
f 1131 2097 2440
f 2770 1883 2668
f 2438 2097 935
f 935 1131 2695
f 935 2097 1131
f 2668 2706 2770
f 1094 1385 2695
f 2640 1746 2908
f 2896 1094 1902
f 2896 1385 1094
f 1902 3046 2896
f 350 967 516
f 3182 2633 967
f 2510 2781 1957
f 607 1604 1773
f 1773 1604 606
f 1603 743 1864
f 596 1864 743
f 596 520 1864
f 3028 1495 2714
f 2714 2843 3028
f 2714 167 2843
f 797 2714 2408
f 3187 895 1995
f 797 3022 2714
f 3187 3152 2098
f 1556 3022 797
f 1556 797 1529
f 1556 1529 3164
f 3164 1529 2900
f 3164 2900 716
f 111 1908 1874
f 2900 1908 111
f 111 1874 2292
f 20 2292 2098
f 2900 1956 716
f 2900 111 1956
f 1559 544 1471
f 2117 1534 2866
f 2647 1734 1817
f 1817 1846 2827
f 658 2827 1846
f 658 1620 1147
f 2791 2720 1147
f 279 102 335
f 2048 102 1059
f 2586 1059 1625
f 1959 2586 1625
f 2097 1959 1625
f 2668 1883 1789
f 1746 396 2908
f 396 2050 2908
f 3046 2635 2896
f 3083 3224 3046
f 1831 3224 3083
f 2557 1831 3083
f 172 982 1831
f 2432 982 172
f 847 180 2432
f 1449 1604 607
f 127 324 1603
f 1603 1864 1483
f 1604 3028 606
f 1495 3028 1604
f 1253 520 112
f 520 1253 1864
f 1495 1428 2408
f 1995 112 520
f 2408 2714 1495
f 895 112 1995
f 2408 1428 575
f 575 797 2408
f 2445 895 3187
f 1529 575 2231
f 2885 2445 3187
f 1529 797 575
f 1908 1529 2231
f 2098 2885 3187
f 2900 1529 1908
f 1874 1908 2231
f 2079 1874 328
f 2079 2885 2098
f 2292 2079 2098
f 1874 2079 2292
f 41 1809 3184
f 2150 41 3184
f 1181 1559 1471
f 2531 2290 3095
f 1534 1559 1181
f 1656 517 2646
f 658 1147 1421
f 1421 1147 2720
f 820 2026 3190
f 335 2026 279
f 2026 820 279
f 993 99 2174
f 1959 2097 2438
f 964 2706 2668
f 964 1746 2706
f 2635 1404 1385
f 2896 2635 1385
f 2050 350 516
f 2344 967 350
f 3224 2635 3046
f 1831 581 3224
f 1831 982 581
f 2432 180 982
f 3001 3060 2781
f 3001 1220 3060
f 607 1220 1449
f 2168 1604 1449
f 1483 127 1603
f 253 1604 2168
f 1864 1253 2767
f 1483 1864 2767
f 253 1495 1604
f 253 1428 1495
f 1428 1742 1999
f 895 1525 112
f 575 1428 1999
f 895 2445 1525
f 2231 575 1999
f 2231 1999 445
f 458 2445 2885
f 445 3011 1078
f 2079 328 458
f 2079 458 2885
f 2231 445 1874
f 445 1078 1874
f 1874 1078 328
f 3000 41 2150
f 544 3000 2150
f 517 3095 2123
f 2647 2245 2053
f 2646 830 1523
f 1702 2720 2791
f 911 1702 2791
f 911 2791 3190
f 335 1252 2026
f 993 1242 99
f 2048 1915 335
f 2048 335 102
f 1883 2851 1789
f 2438 935 2088
f 2695 1385 935
f 2635 12 1404
f 3224 12 2635
f 2534 2633 3182
f 2510 2633 2534
f 507 2510 2534
f 180 325 982
f 507 2781 2510
f 847 1622 180
f 847 779 1622
f 1910 779 2484
f 2484 779 847
f 221 1910 2484
f 221 2473 1910
f 324 221 2484
f 2473 221 127
f 324 127 221
f 127 1483 741
f 253 2168 3023
f 2767 741 1483
f 3023 1428 253
f 1253 1894 2767
f 112 1525 1253
f 1525 1894 1253
f 1382 1999 3113
f 2445 2501 1525
f 1382 445 1999
f 328 3011 2413
f 328 2413 458
f 458 2413 2501
f 458 2501 2445
f 1078 3011 328
f 445 1382 3011
f 996 2531 1809
f 41 996 1809
f 2729 3000 544
f 1559 2729 544
f 2123 3095 2365
f 2245 2117 2053
f 517 2123 2646
f 830 2646 2032
f 1523 830 2690
f 1523 2690 2174
f 3029 911 3190
f 3029 3190 2026
f 2690 993 2174
f 2890 1242 993
f 1242 2890 2787
f 2787 2851 1242
f 2586 2217 1059
f 2217 2048 1059
f 1959 2016 2586
f 2438 2016 1959
f 964 1032 1746
f 935 1385 2088
f 1032 396 1746
f 1404 2856 1385
f 1798 350 2050
f 3224 1866 12
f 581 1866 3224
f 581 982 998
f 998 982 325
f 180 489 325
f 1622 489 180
f 1910 637 779
f 1125 1220 3001
f 1910 2473 637
f 1125 1449 1220
f 2473 127 2925
f 741 2925 127
f 1868 2925 741
f 1742 1428 3023
f 3113 1999 1742
f 1525 2840 1894
f 2501 2413 2840
f 2501 2840 1525
f 1382 3113 2832
f 1382 2832 2855
f 3011 1382 2855
f 3011 2855 2815
f 3011 2815 2413
f 2531 996 2564
f 2564 2290 2531
f 2290 2365 3095
f 2117 1062 1534
f 955 2245 2647
f 2647 1817 955
f 2827 955 1817
f 2123 2032 2646
f 1421 2827 658
f 830 2032 412
f 3009 2690 830
f 1252 3029 2026
f 993 2690 258
f 1252 335 1915
f 2393 1915 2048
f 2851 2787 1789
f 2668 1789 630
f 2668 630 964
f 396 1032 1451
f 1451 2050 396
f 2344 350 1798
f 2856 1404 550
f 12 550 1404
f 3025 3182 2344
f 12 1866 550
f 3182 967 2344
f 581 998 1866
f 998 325 162
f 1167 779 2390
f 779 1167 489
f 1622 779 489
f 779 637 2390
f 1449 3023 2168
f 1742 3023 1003
f 1742 1003 15
f 2767 1868 741
f 3113 1742 15
f 3078 1868 1894
f 1894 1868 2767
f 2840 3078 1894
f 2832 3113 1149
f 2832 1149 2855
f 2413 3007 2840
f 2413 2815 3007
f 2855 824 2815
f 2235 1062 2117
f 2235 2117 2245
f 2907 955 2827
f 1539 2827 1421
f 2720 1539 1421
f 1702 1539 2720
f 3009 830 412
f 2690 3009 258
f 258 737 993
f 993 737 2890
f 737 2241 2890
f 2241 2787 2890
f 2393 2048 2217
f 964 630 1032
f 2217 2586 2016
f 1798 2050 1451
f 1385 755 2088
f 2856 755 1385
f 2639 2344 1798
f 550 2870 2856
f 3025 2344 2950
f 507 3092 760
f 489 1167 165
f 760 2781 507
f 760 3001 2781
f 1125 3001 760
f 2473 2662 637
f 2925 1860 2662
f 2925 2662 2473
f 1868 1860 2925
f 3023 1449 2875
f 3023 2875 1003
f 1868 1517 1860
f 15 1003 2471
f 1868 3078 1517
f 1149 3113 15
f 2840 3007 624
f 2840 624 3078
f 2815 824 2603
f 2815 2603 3007
f 2855 1149 824
f 2729 3079 3000
f 2290 2564 2243
f 2235 2245 63
f 1702 1530 1539
f 1437 911 1621
f 1621 911 3029
f 1240 1252 1915
f 1240 1915 1448
f 1448 1915 2393
f 2393 2642 1448
f 1356 1789 2787
f 1789 1356 630
f 3158 2393 2217
f 630 2417 1032
f 2217 2016 1564
f 2417 1451 1032
f 1721 755 2856
f 2639 1798 627
f 2639 2950 2344
f 1184 550 1866
f 1591 3182 3025
f 3182 1591 2534
f 162 2275 998
f 1591 910 2534
f 325 77 162
f 2534 910 507
f 489 77 325
f 165 77 489
f 2390 439 1167
f 3092 879 760
f 637 736 2390
f 760 879 2524
f 879 2967 2524
f 2662 736 637
f 1449 1125 2524
f 2524 1125 760
f 2875 1449 2524
f 2875 2524 2967
f 2875 2967 2471
f 2471 1003 2875
f 2471 2140 15
f 1149 2140 3035
f 3078 624 1511
f 3078 1511 1517
f 2140 1149 15
f 1149 3035 534
f 1149 534 824
f 824 534 616
f 174 616 2263
f 3007 616 174
f 3007 174 624
f 824 616 2603
f 2603 616 3007
f 2599 1559 1534
f 1062 2599 1534
f 2365 2290 2243
f 2245 2346 63
f 955 2346 2245
f 2103 2032 2123
f 2907 857 955
f 2827 932 2907
f 932 2827 1539
f 412 2032 264
f 674 3009 412
f 674 412 264
f 911 1530 1702
f 1437 1530 911
f 3029 590 1621
f 590 3029 1252
f 1240 590 1252
f 1356 2164 630
f 2642 2393 3158
f 1451 2417 1420
f 1420 2352 1451
f 2016 2438 755
f 2088 755 2438
f 2856 2870 1721
f 998 1778 1184
f 1866 998 1184
f 2275 1778 998
f 3220 910 1591
f 3092 910 2685
f 3092 507 910
f 1167 439 165
f 2685 879 3092
f 879 2685 29
f 879 29 2967
f 2662 2931 736
f 1274 2931 2662
f 2931 1274 269
f 1860 1274 2662
f 1860 3209 1274
f 2967 2226 2471
f 1517 3209 1860
f 2226 2140 2471
f 2140 2226 1158
f 1517 1511 3209
f 3035 2140 1158
f 3035 1158 534
f 624 2852 1511
f 624 174 2852
f 1960 616 534
f 616 1960 2263
f 1777 1922 2599
f 1922 1559 2599
f 2123 2365 2103
f 857 2346 955
f 2907 1284 857
f 932 1284 2907
f 493 1539 1530
f 674 1024 3009
f 258 3009 1024
f 1265 2787 2241
f 1356 2787 1265
f 2164 2417 630
f 1207 2417 2164
f 1564 1338 3158
f 2217 1564 3158
f 627 1451 2352
f 1564 2016 1290
f 2016 755 1290
f 627 1798 1451
f 918 2950 2639
f 2950 1591 3025
f 2275 132 1778
f 2685 910 2169
f 165 2447 77
f 165 3142 2447
f 2111 3142 165
f 2685 82 29
f 2111 439 736
f 439 2111 165
f 2390 736 439
f 29 2226 2967
f 2226 1722 1158
f 1274 3209 269
f 225 269 3209
f 2852 225 1511
f 1511 225 3209
f 1158 769 534
f 174 2263 2852
f 769 1960 534
f 1960 769 2634
f 1960 2634 2263
f 2632 996 41
f 3000 2632 41
f 1250 3079 2729
f 1559 1250 2729
f 1922 1250 1559
f 2599 1062 2235
f 932 1539 493
f 1437 126 1530
f 1945 126 1437
f 1945 1437 1621
f 258 3103 737
f 2845 1621 590
f 2241 737 3103
f 2417 492 1420
f 2417 1207 492
f 2642 3158 1338
f 2428 1338 1564
f 1290 2428 1564
f 2862 2639 627
f 2639 2862 918
f 1721 2296 755
f 488 2870 550
f 488 1721 2870
f 2950 918 1459
f 132 2551 1778
f 3220 1591 2105
f 162 2139 2275
f 77 2139 162
f 910 3220 2169
f 3220 254 2169
f 77 2447 2139
f 2685 2169 82
f 82 2559 29
f 2226 29 2559
f 2226 2559 2598
f 2931 2457 736
f 2931 269 2457
f 1722 2226 2598
f 1722 2598 1005
f 1722 1005 1158
f 225 1896 269
f 2182 1879 2634
f 225 1879 1896
f 1005 769 1158
f 1005 2153 769
f 769 2153 2634
f 1879 225 2852
f 2263 2634 1879
f 2263 1879 2852
f 2632 2047 996
f 2047 2564 996
f 3079 2632 3000
f 2876 2243 2047
f 2047 2243 2564
f 2120 2599 2235
f 2876 2365 2243
f 2579 857 1284
f 2579 2346 857
f 1939 81 1284
f 1939 1284 932
f 1939 932 493
f 126 493 1530
f 1621 1876 1945
f 1876 1621 2845
f 1285 2241 3103
f 2811 2845 590
f 1265 2241 1285
f 1240 2811 590
f 669 1356 1265
f 2164 1356 669
f 2740 1240 1448
f 2511 1448 2642
f 1338 2511 2642
f 2780 2428 1290
f 2352 2862 627
f 2780 1290 2296
f 755 2296 1290
f 488 2296 1721
f 524 488 550
f 524 550 1184
f 1184 1778 524
f 2078 2950 1459
f 2078 2105 1591
f 2950 2078 1591
f 2275 868 132
f 2139 868 2275
f 2105 254 3220
f 2139 509 868
f 2447 509 2139
f 254 82 2169
f 3142 509 2447
f 509 3142 23
f 2111 736 155
f 2649 3056 82
f 2457 155 736
f 3056 2559 82
f 3056 2598 2559
f 1005 2598 2075
f 269 1818 2457
f 269 1896 1818
f 1005 2075 2153
f 2153 2075 698
f 1896 2182 951
f 1879 2182 1896
f 698 2634 2153
f 2634 698 2182
f 2876 2047 3065
f 2235 63 2120
f 2365 2876 2103
f 2186 63 2346
f 264 2032 2103
f 1934 1939 701
f 493 701 1939
f 1104 126 1945
f 1024 3103 258
f 2740 2811 1240
f 3051 1207 2164
f 2740 1448 1222
f 1107 1420 492
f 2352 1420 1107
f 2511 1222 1448
f 191 2511 1338
f 1871 2511 191
f 2428 191 1338
f 2296 1008 2780
f 2359 918 2862
f 1008 2296 488
f 70 488 524
f 524 1550 70
f 2551 1550 1778
f 524 1778 1550
f 132 250 2551
f 2078 302 2105
f 132 2956 250
f 868 2956 132
f 302 254 2105
f 509 1219 868
f 254 2649 82
f 254 2776 2649
f 2649 2776 352
f 2111 23 3142
f 2598 3056 3012
f 2598 3012 2075
f 3012 1801 2075
f 2075 1801 698
f 1896 3219 1818
f 698 945 2182
f 951 3219 1896
f 1922 2867 1250
f 2599 2120 1777
f 63 2186 2120
f 2579 2186 2346
f 81 2579 1284
f 1934 81 1939
f 126 701 493
f 2811 388 2845
f 3051 2164 669
f 1207 3051 492
f 3178 1222 2511
f 1871 3178 2511
f 914 2359 2862
f 2780 992 2428
f 992 191 2428
f 390 1008 488
f 1719 390 70
f 390 488 70
f 2359 1450 918
f 1550 1719 70
f 1459 918 1450
f 2551 1113 1550
f 1153 2078 1459
f 868 2897 2956
f 23 953 1219
f 509 23 1219
f 2649 352 3056
f 3056 352 3012
f 2111 155 23
f 3012 352 2766
f 1689 155 2457
f 3012 2766 1801
f 1801 1490 698
f 698 1490 945
f 951 2837 3219
f 2182 945 2837
f 2182 2837 951
f 2047 2632 1175
f 3065 2047 1803
f 1175 2632 3079
f 3079 1250 1175
f 1777 2867 1922
f 618 2876 3065
f 618 569 2876
f 2103 2876 569
f 2186 466 2120
f 264 2103 278
f 81 1365 2579
f 264 532 674
f 532 2953 1024
f 674 532 1024
f 1104 1934 701
f 1104 701 126
f 2953 3103 1024
f 1104 1945 1876
f 1793 1285 3103
f 1285 1793 1265
f 388 1876 2845
f 669 1265 2337
f 469 2740 1222
f 2352 914 2862
f 1343 3178 1871
f 1871 191 1286
f 1286 191 992
f 1113 865 1719
f 1113 1719 1550
f 1153 302 2078
f 2956 1815 250
f 2897 1815 2956
f 302 2122 254
f 953 207 2897
f 1219 953 2897
f 868 1219 2897
f 352 2776 1267
f 953 23 2581
f 2806 23 1989
f 155 1989 23
f 155 1689 1989
f 1689 2457 2880
f 2114 1801 2766
f 1801 2114 1490
f 1818 2880 2457
f 3219 1917 1818
f 1818 1917 2880
f 3219 2837 1917
f 945 1490 2109
f 945 2109 2837
f 1175 1250 2867
f 3191 2867 1777
f 569 278 2103
f 2831 1777 2120
f 1365 2186 2579
f 532 264 278
f 3111 81 1934
f 3051 1107 492
f 3117 469 1222
f 914 2352 1107
f 3117 1222 3178
f 1343 1871 1286
f 1750 992 2780
f 1750 2780 1008
f 390 1750 1008
f 2694 1750 390
f 1719 2694 390
f 1113 1096 865
f 250 1096 2551
f 1815 1096 250
f 2551 1096 1113
f 1459 1905 1153
f 1153 1905 2122
f 2122 302 1153
f 254 2122 2776
f 2122 1267 2776
f 2664 352 1267
f 23 2806 2581
f 2630 352 2664
f 2766 352 2630
f 1989 1689 1569
f 2630 2114 2766
f 1689 2880 1368
f 2880 1917 1368
f 2837 3155 1917
f 1026 3191 1777
f 1026 1777 2831
f 569 2141 278
f 466 2831 2120
f 2193 2186 1365
f 1365 81 3111
f 2953 1793 3103
f 522 1104 1876
f 669 2337 2027
f 2027 3051 669
f 469 2811 2740
f 1107 3051 2910
f 1286 992 990
f 1750 990 992
f 2694 1719 1445
f 865 1445 1719
f 1445 865 2986
f 2056 1459 1450
f 1905 1459 2056
f 1815 2897 621
f 207 621 2897
f 649 1267 2122
f 2664 1267 649
f 207 953 1506
f 953 2581 1506
f 2100 2630 2664
f 2100 2114 2630
f 1368 1569 1689
f 2114 2293 1490
f 1368 1917 3155
f 1490 2293 2109
f 2109 2293 2626
f 1175 1803 2047
f 2867 897 1175
f 2141 569 618
f 2141 618 1816
f 466 949 2831
f 3069 1934 1104
f 522 3069 1104
f 1793 2337 1265
f 388 2811 1694
f 2811 469 1694
f 2910 914 1107
f 990 1750 3107
f 2694 3107 1750
f 2694 1445 859
f 1905 649 2122
f 1367 2664 649
f 1506 2581 1791
f 2806 96 2581
f 1989 96 2806
f 2955 1164 2100
f 2388 1569 1368
f 1989 1569 2388
f 2100 2293 2114
f 2293 2100 1164
f 1708 2109 2626
f 2109 1708 2837
f 2837 1708 3155
f 2349 1803 1175
f 897 2349 1175
f 3040 3065 1803
f 897 2867 3191
f 3040 618 3065
f 1816 618 3040
f 2186 949 466
f 949 2186 2193
f 532 278 2141
f 1187 2193 1365
f 3111 1187 1365
f 2414 2953 532
f 366 1793 2953
f 3051 2027 1482
f 2910 3051 1482
f 109 1597 361
f 914 361 2975
f 914 2975 2359
f 1286 1413 1343
f 2975 1450 2359
f 3107 2694 2106
f 2694 859 2106
f 2975 2056 1450
f 865 1096 1615
f 1096 1815 621
f 2100 2664 2955
f 1989 2388 96
f 3 2293 1164
f 5 2388 1368
f 3 2626 2293
f 3155 1708 908
f 3155 1160 1368
f 1803 3174 3040
f 3174 1803 2349
f 1026 52 3191
f 1026 2831 949
f 2141 2414 532
f 2141 1816 2414
f 2953 2414 366
f 366 941 1793
f 2337 1793 941
f 2337 941 2027
f 522 1876 388
f 3052 388 1694
f 109 914 2910
f 109 361 914
f 1694 469 3217
f 3217 469 3117
f 1146 3117 3178
f 1343 1146 3178
f 1343 3104 1146
f 1413 3104 1343
f 1286 990 1413
f 1445 2515 859
f 2986 2515 1445
f 865 1615 2986
f 1096 621 1615
f 2056 649 1905
f 1791 2581 96
f 908 1708 2626
f 1160 3155 908
f 5 1368 1160
f 1891 3040 1812
f 3040 3174 1812
f 52 2371 897
f 3191 52 897
f 1891 1816 3040
f 490 2279 52
f 490 52 1026
f 949 1347 1026
f 2193 1347 949
f 2414 1816 1898
f 79 1187 3111
f 79 3111 1934
f 2046 1934 3069
f 2027 941 2737
f 1482 2737 602
f 1482 2027 2737
f 675 522 388
f 602 11 2910
f 602 2910 1482
f 2910 11 109
f 2232 1597 109
f 361 1729 2975
f 3117 1146 3217
f 1413 990 1105
f 2106 990 3107
f 1105 990 2106
f 2515 2106 859
f 2986 1615 816
f 2203 1615 621
f 2203 621 1588
f 1367 2955 2664
f 1791 96 2286
f 96 2388 2286
f 3226 908 2626
f 3226 2626 3
f 2371 3174 2349
f 2371 210 3174
f 2371 2349 897
f 2279 2371 52
f 1347 490 1026
f 1891 1898 1816
f 422 1347 2193
f 3047 422 1187
f 422 2193 1187
f 366 2414 1898
f 587 941 366
f 941 587 836
f 836 2737 941
f 3133 3069 522
f 2928 2737 836
f 836 2363 2928
f 2737 2928 602
f 602 2928 11
f 3052 675 388
f 2232 109 11
f 1597 1729 361
f 1146 680 3217
f 2515 1105 2106
f 2986 485 2515
f 2986 816 485
f 816 1615 2203
f 1506 1611 207
f 878 2955 1367
f 1164 2955 878
f 2459 1164 878
f 210 1812 3174
f 210 2371 2113
f 2113 2371 2279
f 2113 2279 106
f 106 2279 490
f 1505 106 490
f 422 490 1347
f 2462 3047 1187
f 2462 1187 79
f 1898 2280 366
f 2280 587 366
f 587 2280 552
f 2046 79 1934
f 836 587 552
f 2928 795 11
f 2928 2363 795
f 2232 1729 1597
f 1056 1729 2232
f 3217 680 389
f 2515 2277 1105
f 485 2277 2515
f 816 2203 499
f 649 2056 1177
f 621 207 1588
f 1720 1367 649
f 1791 815 1506
f 1611 1506 815
f 2459 3 1164
f 908 1429 1160
f 3226 1429 908
f 2113 1693 210
f 210 1693 1812
f 1812 1567 1891
f 1567 1812 1693
f 2443 2113 106
f 2443 106 1505
f 1891 1567 1898
f 1505 490 880
f 880 490 422
f 1567 1133 1898
f 1133 1567 1321
f 1898 1133 2280
f 3109 1133 1321
f 875 2462 79
f 552 2280 1133
f 875 79 2046
f 2046 3069 3133
f 577 836 552
f 675 3133 522
f 577 2363 836
f 2363 577 331
f 795 2363 331
f 1063 795 331
f 11 795 1063
f 11 1063 2232
f 1146 3104 680
f 3104 1413 107
f 1105 107 1413
f 1588 207 1611
f 2286 2388 1805
f 2133 5 1160
f 5 1805 2388
f 2133 1160 1429
f 1513 1567 1693
f 1513 1693 2303
f 2303 1693 2113
f 2303 2113 2443
f 1321 1567 1513
f 2208 422 3047
f 1321 1949 3109
f 2043 2462 875
f 2252 1133 3109
f 1133 2252 552
f 3133 947 2046
f 2252 577 552
f 3052 3133 675
f 3052 1694 2181
f 1063 1036 2232
f 389 1694 3217
f 2268 2975 1729
f 107 680 3104
f 1478 107 1105
f 1478 1105 2277
f 2975 1177 2056
f 816 2277 485
f 2277 816 499
f 499 2203 915
f 2203 1588 915
f 915 1588 1611
f 481 1720 649
f 1791 2829 815
f 2459 3226 3
f 1869 1429 3226
f 1805 5 1839
f 1839 5 2133
f 1429 1869 2133
f 1402 880 422
f 1513 491 1321
f 491 1949 1321
f 1402 422 2208
f 2043 2208 3047
f 2043 3047 2462
f 947 875 2046
f 2181 1010 3052
f 1694 389 2181
f 2232 1036 1056
f 1056 2268 1729
f 481 649 1177
f 1720 2624 1367
f 2624 878 1367
f 2829 1791 2286
f 2989 491 1513
f 2303 2159 2989
f 1513 2303 2989
f 2159 2303 2443
f 2443 1505 880
f 1410 2443 880
f 1410 880 1402
f 3098 875 947
f 1010 3133 3052
f 331 1291 1063
f 389 2525 2181
f 389 680 1388
f 1177 2975 2268
f 481 1177 2920
f 2277 499 2951
f 1805 2829 2286
f 1869 3226 2459
f 2989 2159 404
f 1410 2159 2443
f 1410 1402 2208
f 2699 1410 2208
f 1933 2699 2208
f 491 2989 3173
f 2043 1933 2208
f 491 3173 1949
f 3173 917 1949
f 3098 2043 875
f 1949 917 3109
f 947 3133 3128
f 2252 3109 1202
f 2252 1202 1699
f 1699 577 2252
f 219 331 1699
f 1699 331 577
f 1010 3128 3133
f 219 1291 331
f 1063 1291 1036
f 389 1388 2525
f 2722 680 107
f 107 1478 2722
f 2920 1177 3161
f 2743 2431 2277
f 2743 2277 2951
f 499 915 2951
f 2248 1720 481
f 915 1611 2658
f 2624 1720 2248
f 1611 815 1166
f 399 878 2624
f 1166 815 2829
f 399 2459 878
f 1410 414 2159
f 2159 414 404
f 404 3173 2989
f 49 414 1410
f 2166 1933 2043
f 3098 2166 2043
f 3059 3128 1010
f 1858 3059 1010
f 1858 1010 2181
f 2525 1858 2181
f 2609 1858 2525
f 1388 2609 2525
f 1056 1036 960
f 2722 1388 680
f 3161 1177 2268
f 2431 2722 1478
f 2277 2431 1478
f 2658 2951 915
f 2248 481 1668
f 2658 1611 888
f 1611 1166 888
f 888 1166 1650
f 1650 1166 2071
f 1166 2829 2071
f 1869 2459 399
f 1839 2071 1805
f 2829 1805 2071
f 1839 2133 2444
f 2699 49 1410
f 373 917 3173
f 1614 947 985
f 1614 3098 947
f 917 373 1202
f 1202 3109 917
f 985 947 3128
f 2171 3128 3059
f 3059 1858 2465
f 1518 2465 1858
f 2609 1518 1858
f 2748 1518 2609
f 1388 2748 2609
f 960 2268 1056
f 2748 1388 2722
f 3161 2883 2920
f 2883 481 2920
f 481 2883 1668
f 913 2743 2951
f 2951 867 913
f 2658 867 2951
f 867 888 752
f 888 867 2658
f 2248 2916 2624
f 752 888 4
f 1014 4 1650
f 888 1650 4
f 2071 1014 1650
f 2444 1869 399
f 2071 1839 1120
f 2133 1869 2444
f 49 784 414
f 414 784 404
f 784 49 1169
f 1169 49 2699
f 1933 1169 2699
f 404 784 2997
f 404 2997 3173
f 2997 373 3173
f 1614 2166 3098
f 2171 985 3128
f 30 1699 1202
f 30 219 1699
f 1602 2171 3059
f 2465 1602 3059
f 1034 1036 1291
f 1034 1192 1036
f 1036 1192 1178
f 1443 2465 1518
f 1178 960 1036
f 1518 827 1443
f 2748 827 1518
f 2391 827 2748
f 2722 2391 2748
f 3161 2268 960
f 2391 2074 827
f 1781 2074 2711
f 2711 2074 2391
f 2431 2391 2722
f 1080 1781 2711
f 2431 2711 2391
f 1336 1781 2146
f 2146 1781 1080
f 2743 2711 2431
f 1080 2743 913
f 1080 2711 2743
f 2146 1080 867
f 867 1080 913
f 2248 1668 2060
f 2248 2060 2916
f 752 2146 867
f 1053 631 2146
f 1053 2146 752
f 4 1053 752
f 2916 3137 2624
f 4 1014 1053
f 3137 1465 2624
f 891 1053 1014
f 1465 399 2624
f 1014 1120 891
f 1120 1014 2071
f 399 1465 2444
f 1839 855 1120
f 891 1120 855
f 2444 855 1839
f 1486 784 1169
f 1169 1933 2166
f 985 1095 1614
f 670 1095 985
f 373 30 1202
f 670 985 2171
f 2426 670 2171
f 1561 219 30
f 1561 1291 219
f 2426 2171 1602
f 1561 1034 1291
f 1602 2116 2426
f 2465 1538 1602
f 1538 2116 1602
f 1443 1538 2465
f 1443 1228 1538
f 827 1228 1443
f 1178 950 960
f 2074 1228 827
f 2823 1228 2074
f 3161 960 950
f 1336 2823 2074
f 497 2823 1336
f 2883 3161 950
f 2909 950 2595
f 2883 950 2909
f 1781 1336 2074
f 1336 2969 497
f 2060 2883 2909
f 2060 1668 2883
f 2909 727 2060
f 2553 1566 2969
f 3216 2969 1336
f 2060 727 2916
f 1566 2434 1225
f 2434 1566 2553
f 2553 2969 3216
f 2916 727 2822
f 2146 3216 1336
f 2730 1225 2434
f 2916 2822 1497
f 1497 2822 969
f 2730 1658 1225
f 631 3216 2146
f 1579 2553 3216
f 1579 3216 631
f 2916 1497 3137
f 1497 969 1658
f 1579 2434 2553
f 1472 1579 631
f 1053 1472 631
f 2094 1658 2730
f 2094 1497 1658
f 2730 2434 1310
f 1310 2434 1579
f 1310 1579 1472
f 3137 1497 1465
f 2094 2730 1310
f 891 1310 1053
f 1310 1472 1053
f 1465 1497 2094
f 855 1465 2094
f 855 2094 891
f 891 2094 1310
f 2444 1465 855
f 1169 2754 1486
f 1486 1441 784
f 1486 527 1441
f 527 1486 2754
f 2166 2754 1169
f 784 1441 2997
f 268 2754 2166
f 1614 268 2166
f 2997 2041 373
f 2041 2997 2914
f 2914 2997 1441
f 1552 268 1095
f 268 1614 1095
f 1552 1095 670
f 3087 1552 670
f 373 2041 30
f 2041 1491 30
f 2426 3197 3087
f 670 2426 3087
f 30 1491 1561
f 2860 1034 1561
f 1192 1034 2860
f 2116 2824 2426
f 1952 2824 2116
f 1670 1952 2116
f 1538 1670 2116
f 2878 1952 1670
f 1228 1670 1538
f 2823 1670 1228
f 2595 1178 1192
f 2595 1192 1035
f 2878 1670 2823
f 2595 950 1178
f 1496 2544 2878
f 416 1496 2878
f 416 2878 2823
f 497 416 2823
f 866 2544 1496
f 2595 1035 1644
f 2595 1644 2909
f 2969 416 497
f 1644 958 1546
f 2969 1496 416
f 1566 866 1496
f 2909 1644 727
f 1644 1546 727
f 2871 1997 3122
f 322 3122 866
f 322 866 1566
f 2871 2902 467
f 2871 467 1997
f 322 2871 3122
f 1566 1496 2969
f 2753 2902 2871
f 1546 2902 2753
f 1546 2822 727
f 1546 2753 2822
f 2871 322 1225
f 1225 322 1566
f 2753 2871 1225
f 2753 969 2822
f 969 2753 1658
f 1658 2753 1225
f 591 1441 527
f 2914 1441 591
f 268 527 2754
f 268 591 527
f 465 591 268
f 1552 465 268
f 2041 2914 1326
f 2041 1326 2229
f 465 1552 2982
f 3087 2982 1552
f 3197 2982 3087
f 1491 2041 2229
f 3197 772 2982
f 1561 1491 88
f 2824 772 3197
f 2860 1561 88
f 2824 3197 2426
f 2498 2860 88
f 923 772 2824
f 2498 1192 2860
f 1845 772 923
f 923 2824 1952
f 2878 923 1952
f 2544 1845 923
f 2498 1035 1192
f 2544 923 2878
f 1035 2498 958
f 1335 1601 1845
f 1335 1845 2544
f 958 2973 1031
f 3122 1031 1601
f 3122 1601 1335
f 1997 1031 3122
f 1335 2544 866
f 467 958 1031
f 467 1031 1997
f 958 1644 1035
f 866 3122 1335
f 2902 1546 958
f 2902 958 467
f 591 1326 2914
f 591 2418 1326
f 465 2418 591
f 1326 2418 154
f 2366 2418 465
f 154 2418 2366
f 2229 1326 154
f 2229 2903 1491
f 2366 465 2982
f 772 2366 2982
f 2903 88 1491
f 1790 2903 2229
f 1690 2229 154
f 154 2366 1690
f 1690 2366 772
f 1790 2229 1690
f 1690 772 1845
f 2973 88 2903
f 2498 88 2973
f 1601 1690 1845
f 2973 2903 1790
f 1601 1790 1690
f 2498 2973 958
f 2973 1790 1031
f 1031 1790 1601