# https://github.com/mikedh/trimesh
v 38.82189262 -39.58684637 37.34461410
v 44.80183421 -56.12563121 46.05136133
v 42.19042009 -47.52785789 46.06091391
v 96.00158915 -42.07231813 37.74348103
v 54.71484965 -52.55857419 50.40860795
v 49.52851697 -30.86411872 34.91086324
v 45.10899936 -30.42262393 38.84033334
v 72.91737479 -34.77297274 48.93832289
v 59.81538994 -52.07856459 52.73030181
v 69.95155097 -41.33619841 52.94201996
v 86.26698680 -39.37408474 47.97369975
v 33.76153479 -46.36374601 38.22227078
v 78.60147713 -47.06352933 52.68202138
v 63.13492528 -53.48051102 33.91579318
v 64.37556738 -35.18716652 33.70269815
v 57.74160603 -48.36962614 52.61787287
v 83.76481005 -54.59151591 33.19273906
v 58.23481678 -55.36616484 39.20847577
v 54.77916605 -36.33266125 51.26637590
v 77.98191990 -46.45019291 30.75510766
v 81.42665898 -41.97874839 31.41882489
v 69.90218255 -51.98533207 53.26585571
v 40.65115730 -39.39954184 41.82993665
v 74.63815600 -30.49810643 37.25679305
v 51.16030504 -26.27480989 38.66948419
v 51.80854242 -56.34258943 37.37743583
v 57.80634680 -28.95002937 50.61319888
v 77.95880052 -29.03403582 38.80270201
v 85.74665594 -47.29015320 50.19782911
v 69.17094759 -45.10480715 54.78936905
v 51.17025217 -33.63110861 33.72409573
v 73.88021172 -29.58970595 44.79552175
v 53.25080829 -27.05879015 37.25449276
v 42.08617925 -34.49989140 38.24540949
v 33.17374461 -48.77584823 39.26739807
v 80.41698990 -44.91111031 51.13152428
v 92.60309954 -40.11772412 33.95238335
v 49.60406061 -27.34973592 38.45796900
v 48.32509529 -26.75865274 44.47133835
v 47.74425449 -56.06235011 45.01091461
v 53.91823032 -26.47127026 48.36775509
v 33.23186843 -51.45354021 43.26060117
v 58.96380782 -25.60572722 45.70793482
v 63.85832697 -29.73120995 36.14984905
v 49.03753291 -44.94414260 32.92033520
v 89.48201726 -53.18026374 49.09373006
v 94.60947338 -57.24983572 38.88307757
v 93.99781661 -44.91429203 45.54523648
v 37.61932858 -42.57771648 40.93061832
v 94.28866260 -54.46936287 35.17311381
v 46.06544795 -30.15267568 45.40771297
v 95.13175933 -53.97446996 35.80204313
v 82.63701920 -41.53607585 49.79517277
v 87.33384874 -36.56571802 46.17738988
v 50.39041397 -38.33110341 32.92994740
v 56.36291597 -42.44099527 31.81136190
v 69.14808114 -27.51785793 41.27863144
v 64.84276373 -30.39074754 35.96508374
v 69.18434758 -40.49287690 52.83327568
v 85.16643590 -38.93679065 32.66242671
v 68.91711570 -29.07724270 37.77127716
v 89.68237295 -54.61071016 47.85568114
v 41.79757477 -55.05174946 37.25973524
v 95.45069995 -55.55978550 38.13473445
v 92.52710802 -58.75625985 37.81322666
v 62.62698089 -44.83375007 30.62415966
v 53.40480969 -31.15559891 49.86499152
v 64.19801740 -29.69463865 50.21196114
v 47.57932366 -27.27386756 41.44803514
v 45.52612783 -33.47675594 47.46855128
v 79.75767947 -30.37675183 37.89754577
v 65.48109234 -34.33445979 51.83732448
v 58.62874126 -26.60652492 47.83096009
v 66.44972504 -54.68762556 38.95155051
v 40.36807551 -56.63429229 45.76911537
v 69.29245925 -45.42006975 30.00832081
v 43.59189074 -41.35397515 33.67063056
v 40.08459474 -40.97589718 34.57358504
v 47.34554088 -30.34945398 36.77740654
v 92.61423558 -58.29674936 40.30438625
v 36.20402532 -55.62507421 39.53445941
v 75.60365292 -48.57507260 30.76188388
v 65.62418501 -41.88338645 54.21269658
v 66.23833069 -43.10414029 30.51648712
v 50.11441626 -31.62121970 34.17931541
v 89.89835586 -57.94406634 42.89429354
v 54.53895833 -56.47152978 37.61414356
v 90.95003353 -56.92555253 44.31462542
v 80.55610959 -42.13638618 50.39844997
v 89.54049771 -57.41817658 44.33353181
v 90.67202528 -53.33858205 47.92652804
v 36.27901605 -48.81371850 43.90649521
v 92.55103464 -39.74563188 44.42275646
v 62.83662298 -35.23193680 52.26123224
v 58.76922945 -27.82400423 36.84372556
v 86.48066384 -52.50823342 49.82172982
v 69.00025464 -54.72175739 34.96664628
v 45.75433381 -57.88199503 42.48612011
v 67.53248263 -43.36838813 54.50548192
v 44.46188558 -55.38562349 46.50136244
v 52.05049143 -38.28129373 51.12743538
v 75.57337325 -55.88078801 35.93093510
v 33.83378592 -53.31132761 40.88373598
v 47.39219782 -39.49913675 32.45489041
v 85.17655402 -54.64208500 49.19837900
v 37.61581310 -43.75734888 43.41260322
v 78.53222145 -54.11614714 32.94625566
v 58.08432121 -41.57481240 52.56499546
v 88.22988839 -51.25461948 49.82946865
v 94.41781559 -40.05516468 43.18627184
v 72.97952833 -30.88044253 46.49155227
v 52.82908342 -24.72765839 44.79350456
v 93.82538841 -39.16967122 43.25089023
v 61.15894155 -26.96014141 38.07426891
v 76.32913965 -54.47535733 50.63075636
v 69.86258953 -54.25318901 51.45141938
v 72.21525981 -45.01101499 30.44592679
v 43.12641311 -32.64205088 38.09373877
v 89.28466236 -56.71663867 45.68676584
v 54.75743127 -33.73991219 50.67442668
v 69.67239137 -48.77518507 53.94963870
v 61.72014652 -26.94200610 46.84786768
v 83.93513629 -32.35643042 44.73102189
v 84.57493181 -57.88058787 37.07478300
v 33.06700714 -47.50971040 39.98610989
v 90.83365629 -48.88081020 33.23812213
v 93.32253346 -45.42305815 46.47080139
v 91.12680328 -36.95918581 35.39177347
v 95.40563462 -55.09610271 36.81345882
v 51.47166286 -52.66415330 48.54575571
v 85.91289426 -58.13986360 38.06076298
v 96.02935763 -41.95449545 35.97342704
v 77.75867436 -42.98742872 31.33784288
v 47.21006842 -35.91429685 49.20533288
v 78.43245963 -33.62994787 47.47296219
v 47.80144767 -32.60634548 34.43744603
v 62.39813217 -29.67347361 50.79418582
v 92.07640103 -35.98226963 41.88446754
v 42.09026574 -36.84388926 41.07083886
v 90.41945274 -49.21831796 48.96203032
v 46.81314306 -28.29254251 40.16556035
v 39.66753391 -51.06713862 45.22169937
v 39.49148160 -55.78748508 38.24336045
v 52.78823398 -41.92409605 31.98646468
v 94.11550595 -57.88940013 37.52415981
v 56.94437940 -24.36190425 42.52846063
v 93.31744680 -36.78386323 38.92876750
v 75.69116168 -55.77383087 35.39350856
v 60.96605829 -49.37517226 54.07271772
v 64.54596824 -28.62237711 37.29208600
v 63.91877531 -49.90059801 54.21780878
v 79.73380736 -48.66626271 30.99498537
v 55.82061656 -25.90676695 38.25980798
v 55.42683279 -52.15816799 32.30938758
v 67.66596131 -54.87798636 41.23689618
v 47.39953376 -40.45096090 49.05842442
v 46.54132080 -28.13837031 41.37604526
v 34.06990223 -50.07263408 38.43063813
v 66.57548657 -27.18423328 40.22902664
v 44.11845119 -43.20093641 33.94353855
v 83.53742430 -30.53632603 42.27492125
v 42.52380976 -36.48976965 43.36405826
v 42.77476602 -36.33326689 44.82090259
v 75.25493313 -43.89401184 31.28228675
v 35.83113098 -54.97049522 43.38931595
v 41.96156971 -35.07880804 36.59670268
v 82.03634882 -54.28213358 49.40916402
v 48.71033545 -54.89049094 45.63650648
v 90.99519913 -50.72118575 48.73128190
v 68.10235714 -44.78701618 30.00938162
v 41.00981361 -37.49181058 33.93856776
v 52.68845721 -25.80777974 38.36576095
v 46.64418985 -55.94525055 38.00935289
v 43.78330094 -51.85508429 33.38878571
v 90.64959542 -52.89867000 48.27113970
v 51.44652699 -29.65941310 35.36516306
v 44.51986763 -35.42641434 34.08262372
v 93.72520788 -51.44291878 34.54841928
v 82.17552016 -51.84479504 32.07621362
v 44.74843598 -56.19973154 39.06073638
v 95.59415803 -47.83256892 41.49892823
v 47.80625824 -31.87593188 48.56372835
v 43.68042730 -31.99354862 41.14538654
v 68.26793648 -53.26414273 52.78933948
v 56.87331256 -30.53645417 34.95391610
v 94.01838258 -42.98977712 34.06826649
v 54.52778941 -43.30453250 31.70726393
v 68.30313423 -54.83603537 37.11087580
v 80.51871765 -56.93056136 37.04525231
v 65.31336952 -42.35501204 54.47163904
v 34.01250138 -51.55089626 39.16422893
v 76.14430280 -28.38338302 39.41123937
v 35.69911814 -46.86637235 43.10814584
v 92.97804737 -45.70191066 33.86561952
v 42.30090986 -48.14059292 33.96059081
v 66.88945784 -54.67617641 37.96059239
v 60.53864337 -51.30218335 53.35411141
v 54.11064598 -25.58100971 46.95411083
v 58.67067266 -41.56354047 32.07537909
v 84.73606493 -33.68762656 35.51617908
v 50.63835618 -55.64995404 36.48713979
v 45.81100977 -52.77710454 47.50913044
v 50.83199363 -25.84335385 46.27706750
v 42.49854006 -38.33060006 33.30258622
v 35.73338577 -42.98147444 37.47693016
v 38.46883249 -41.49683233 40.31790645
v 87.14714546 -32.93775243 36.96332635
v 85.56256679 -57.38879779 41.69339682
v 46.41314526 -30.47905409 37.38504016
v 81.37702925 -53.98407368 49.84871680
v 95.72334110 -41.03311291 40.15583396
v 69.10104524 -29.71472778 37.21706221
v 34.89803424 -48.12527585 43.12556628
v 95.89845065 -44.91605696 40.37320019
v 49.21796076 -29.80704785 36.25604714
v 90.92769299 -49.59724614 48.73546007
v 92.23333836 -50.93483527 33.84415291
v 35.87499371 -53.03224184 37.99106265
v 50.62290668 -49.54676692 31.64806729
v 60.30209196 -30.26405185 51.23057870
v 75.22702327 -46.03438107 53.30054120
v 82.03929793 -29.28245183 39.44332319
v 91.17384157 -50.06859699 48.59356825
v 38.12122608 -57.40101111 41.04828629
v 69.80234685 -38.31364512 51.83610784
v 79.85765246 -52.67615536 51.08458156
v 44.47005600 -40.28760451 33.13419335
v 33.89646607 -51.33213900 43.72331246
v 93.50611220 -55.54414275 42.61423042
v 34.59183550 -47.75610718 42.67240412
v 87.54313533 -54.05186158 49.46705804
v 54.02310619 -34.28340843 33.60431401
v 41.84648241 -34.96401414 37.19527533
v 62.21797671 -47.54952771 31.06814182
v 50.48750140 -25.11792899 43.23381407
v 37.52216405 -40.89601370 37.19356578
v 52.02784608 -32.19542164 33.82259575
v 50.66324529 -25.56267438 40.69168916
v 92.58050186 -52.79255174 34.24737464
v 56.47219267 -52.55391018 51.00901152
v 87.56092201 -56.34135510 46.73623899
v 58.22059613 -52.50878757 51.79659629
v 65.28277930 -38.87778554 53.11604161
v 65.54448465 -32.38327056 51.16295908
v 67.56277481 -35.59066096 33.86843723
v 78.40506682 -56.14420915 35.78046105
v 42.14664632 -37.37022696 44.39904023
v 95.00530842 -40.25804503 42.56272978
v 59.02062300 -26.32559531 47.09655521
v 33.29554789 -52.42193214 41.01433059
v 89.53782249 -36.96568000 44.95632715
v 41.24938947 -37.05800795 34.20020385
v 95.83873641 -42.97183553 40.37488321
v 83.60178072 -56.79828635 35.03065033
v 43.26877524 -35.35726680 44.97683681
v 81.70453955 -52.70581567 50.61822501
v 53.84467684 -42.72739490 31.82952800
v 56.87948119 -41.18921689 51.99930673
v 57.79219589 -24.89736785 44.55624062
v 40.89119334 -54.81556342 36.89423865
v 67.79579971 -42.26210055 30.78546573
v 38.37239210 -54.61137627 37.12844169
v 44.49844752 -32.16586592 43.91186053
v 93.70288334 -56.77351151 41.14933170
v 94.71072260 -37.65501830 40.84806361
v 87.93418086 -55.76280775 47.81748069
v 45.22624932 -49.89425686 48.24372962
v 87.88142665 -57.83502716 35.43301497
v 69.49344071 -52.64129008 32.81874636
v 68.13665138 -27.88137853 44.48314232
v 83.93351738 -33.95661043 35.19646156
v 85.09636071 -42.02231343 31.81248167
v 62.35573395 -40.46665023 53.59163192
v 60.11304221 -25.12998596 41.33101627
v 39.76204433 -45.01011110 44.81029921
v 79.60743492 -54.49764028 49.12517699
v 74.53283158 -41.96077799 51.99361623
v 86.11516298 -37.57237230 33.29312031
v 83.25455552 -39.52649323 32.15405109
v 63.08689671 -49.21063159 54.37666049
v 55.70658933 -40.11695051 32.58681211
v 60.36790102 -30.49663087 35.39788737
v 67.57464533 -40.25869929 53.14957772
v 53.46644797 -41.43537989 32.00390276
v 93.01811335 -50.67870755 34.17409295
v 95.44747995 -53.21303069 40.04944907
v 76.45172685 -43.10579062 31.39078833
v 92.27589258 -56.05670019 43.83316582
v 73.71205815 -28.09148602 39.56471363
v 45.68137968 -30.21370358 44.23352447
v 48.53421861 -53.31227200 47.14575865
v 80.57251506 -28.96610752 40.19592544
v 46.88026250 -53.28084725 47.30420337
v 70.82914090 -55.46586714 48.91597754
v 59.55152331 -50.42271232 53.53050692
v 93.13626939 -40.53034836 44.46308833
v 88.82489550 -33.83554718 37.37539768
v 70.28927352 -28.10832702 43.91567443
v 46.11729879 -33.91695459 48.13943831
v 50.25159362 -53.90337432 34.46213900
v 93.89309036 -43.72250187 45.47324223
v 46.25292393 -31.17553174 36.56438495
v 92.68976202 -57.82203172 36.22012276
v 75.48313378 -52.05914547 52.48827268
v 57.25629428 -27.96677108 50.20892683
v 92.91822782 -55.45799211 43.42892435
v 48.19802872 -50.15864974 31.84442181
v 66.48403403 -43.90378405 30.24550137
v 91.83979175 -39.63537028 33.86399907
v 90.85045780 -33.88355099 40.73836775
v 52.62741498 -31.97088368 49.99822475
v 89.03965009 -45.80997675 32.53170600
v 58.77960490 -52.81506842 32.88571071
v 75.88533770 -47.04562750 53.16544688
v 71.25942784 -33.98229251 49.34423575
v 56.32311672 -51.44642040 52.15779245
v 77.89608194 -43.45303101 51.37335139
v 32.78107810 -51.38492619 42.62676351
v 92.62422052 -52.03418237 45.84027768
v 50.80505320 -25.29162307 44.88975905
v 65.65674979 -47.29173809 54.80459000
v 55.74993317 -43.35621370 31.62250933
v 62.61970476 -52.84243594 33.47537948
v 44.94662234 -52.27843900 33.42046490
v 33.83414144 -51.06441834 43.67972756
v 89.33844674 -55.13315438 47.62693559
v 34.47494615 -44.40997748 38.65370173
v 49.72100110 -25.78456583 44.74128357
v 72.67384453 -56.11791464 44.09728958
v 45.62311388 -37.84358663 48.40335208
v 58.26140685 -25.63119536 38.80466048
v 75.85674608 -44.23572189 52.40359441
v 95.05265880 -56.51661930 37.50770695
v 57.32166943 -52.54079000 32.54134740
v 41.31909078 -36.40396294 38.10892361
v 87.48665060 -37.12783827 33.81681106
v 43.76588584 -34.22791538 44.87603961
v 84.29804169 -55.83327351 45.79065103
v 90.45203310 -35.11935496 37.42531628
v 87.85310215 -44.07053331 32.26225773
v 92.69319534 -57.47299437 41.73469223
v 59.04217349 -48.91157271 53.51040431
v 91.66180469 -55.14988781 45.19665036
v 63.23996777 -43.18834550 30.99062722
v 84.68814485 -30.34330862 41.05249679
v 72.11540701 -46.28464266 30.46166344
v 36.03233905 -56.10913802 41.31270858
v 96.18801794 -44.78622008 38.88576101
v 45.01857451 -30.41625353 42.54600084
v 94.06848021 -38.01739881 42.10569274
v 75.69759164 -35.98302366 33.92629110
v 60.19000761 -26.05858126 38.85251103
v 40.28036687 -37.42153058 36.75103605
v 52.57661740 -30.47071803 34.47824372
v 66.53877393 -35.59381776 33.75046349
v 38.45871905 -57.85019149 43.71680698
v 78.32122579 -45.24780502 30.81978476
v 71.37744645 -37.46715264 33.15302955
v 42.03185972 -57.87356659 44.62324564
v 47.09771714 -33.31220772 34.33156099
v 80.44740372 -35.47123498 48.37497324
v 54.43910904 -27.34840832 36.91762704
v 52.63334941 -27.12143627 48.62184663
v 62.39306019 -26.99323848 46.48380212
v 95.86747790 -50.16464668 40.11457203
v 45.13761175 -35.24662284 47.71990722
v 87.31618840 -46.63069849 49.42453618
v 40.29750574 -38.65515629 38.78998929
v 95.43533764 -39.24096363 40.93798115
v 94.37095935 -40.62220793 34.63011888
v 42.93411963 -51.52275748 46.87566057
v 74.59147487 -34.03381482 35.30999201
v 52.21723854 -35.07413512 33.57323618
v 64.47881322 -54.62194105 39.97866757
v 86.63853296 -30.56151932 39.42710175
v 38.45588921 -39.55317496 36.52367973
v 92.85855769 -38.01482502 43.19395847
v 66.28903432 -27.62186457 38.98385256
v 40.26354979 -37.29804582 36.16797493
v 94.66344502 -42.32058433 43.81726366
v 41.86056407 -58.36657844 43.08380678
v 81.30781167 -35.46646342 34.10967689
v 62.09608534 -31.20105427 51.42365196
v 62.89258607 -32.42893621 34.95852166
v 52.24973818 -54.13361338 34.38471924
v 57.82781441 -47.76188344 31.16453971
v 68.11192120 -54.85649911 40.33398671
v 41.37490152 -52.70340531 34.62985354
v 63.76437127 -49.84534504 32.42716119
v 37.82912752 -45.87043664 35.65804970
v 89.65833420 -54.46935368 48.12352118
v 53.36445576 -30.87120257 34.22681626
v 56.46657498 -44.77456797 51.62645714
v 58.89324858 -47.09575341 30.96326142
v 63.99487838 -31.87296553 51.38102548
v 58.87020814 -53.80667997 47.01193808
v 53.73742935 -48.72299725 31.56217321
v 65.03785666 -54.75200339 47.76466657
v 48.57945404 -26.36765858 42.77675826
v 35.16880531 -43.58189350 37.90711986
v 55.67400108 -38.57795370 51.62264023
v 44.45611344 -57.75891106 44.38257293
v 39.41597463 -41.96338364 44.42773304
v 89.87437692 -36.22415278 35.38190565
v 51.29563827 -24.73391808 42.91606542
v 68.99964887 -47.54311461 54.31675763
v 87.01865609 -58.31043278 37.07719501
v 44.52638998 -30.67486944 39.19583248
v 36.42091467 -56.02525614 40.07227751
v 90.06266235 -48.72171686 49.01835670
v 44.84712484 -44.52641406 33.83426301
v 71.73190133 -30.11230712 46.36697320
v 78.90422284 -31.63255162 36.74316903
v 51.15435376 -26.48700995 38.36754058
v 68.57239904 -35.95932078 51.39087007
v 91.49162918 -35.05515706 38.61927271
v 45.30684123 -29.53777252 40.64174552
v 80.08382098 -33.73282842 35.19361646
v 94.76733259 -46.68516747 43.81553457
v 44.59081891 -30.35641616 40.81632859
v 96.42806908 -47.30184413 37.16532005
v 39.77845354 -53.61155140 45.68600511
v 42.25870100 -35.14658119 39.70836754
v 43.60458311 -54.38365332 46.93049143
v 56.32235321 -27.98347230 36.52126508
v 42.25661706 -39.62538073 46.40320742
v 48.82732982 -38.33322557 32.68752906
v 44.40125439 -31.22522310 38.48592661
v 63.72504752 -28.62647388 49.11505770
v 58.46985156 -42.25413410 31.81687901
v 40.47874998 -52.97042447 35.17390027
v 87.93338849 -56.11511623 47.20582842
v 60.76478767 -28.17590016 36.80252791
v 37.96040721 -40.16168804 36.36182137
v 52.24260297 -24.66353349 44.33115869
v 95.91971193 -41.40584433 36.34809424
v 37.58992959 -42.59960039 35.87663536
v 80.59518013 -37.03533212 33.14874655
v 36.23775880 -45.14437846 42.60340122
v 65.65963220 -52.70970470 53.07414023
v 47.83935794 -28.55306075 38.39372513
v 91.57788861 -48.76729701 48.22480167
v 45.50480757 -51.41932207 47.98457871
v 65.98837794 -48.43319222 54.53696432
v 60.25645141 -25.68771335 39.52007487
v 79.47265442 -29.54704156 38.47888667
v 47.03044133 -37.45944579 49.16593374
v 87.82492569 -34.94372389 35.42035339
v 82.04609777 -54.73121991 48.36412764
v 65.15747337 -46.03056991 55.02116833
v 60.49525928 -27.66891343 48.97100052
v 44.00709295 -31.89699534 41.97824485
v 53.55656566 -56.46742383 37.34076555
v 78.06507994 -32.31017295 46.61431563
v 65.75485334 -51.40695332 53.72788345
v 71.91193996 -54.83523475 34.01462664
v 42.21805879 -35.71573771 40.13356551
v 82.31361224 -57.30096111 36.55695170
v 54.44509300 -39.98436197 51.41602725
v 55.36276891 -36.47384530 33.31814960
v 38.35348037 -54.91061469 45.38307239
v 39.41347986 -52.91891981 35.53817930
v 90.46839177 -57.88113144 35.58050425
v 37.62544811 -44.07072533 35.83013144
v 76.57061255 -46.34429050 30.81819639
v 34.33639005 -46.58547028 41.29399772
v 71.74439412 -28.05278298 39.47840019
v 50.19601322 -56.48537605 38.08217482
v 39.37699547 -52.30703247 35.24417941
v 57.25230571 -53.77070520 33.42480119
v 90.53457938 -33.84280824 39.15948256
v 78.53262283 -37.14357001 49.23311762
v 33.58733732 -51.73983485 43.44317291
v 51.35096524 -26.11351915 47.04307523
v 49.98937936 -26.41302596 46.29275336
v 69.22645517 -39.75650052 52.52608851
v 61.18722391 -34.43437109 51.96262061
v 77.73826399 -52.16710430 51.92020020
v 65.75949416 -28.44488596 37.65975273
v 55.03214800 -53.59746771 46.98528603
v 94.81277302 -48.66764867 43.30192765
v 88.78317639 -51.54151632 49.65146899
v 89.95064010 -43.29811375 47.33752234
v 63.50616537 -26.68346639 39.60812913
v 73.27619219 -55.08780350 50.03890977
v 84.62494306 -36.60536974 33.56863093
v 70.96874850 -47.32397836 30.63176044
v 89.39147772 -53.01435354 33.40288366
v 41.99658942 -37.91813976 45.31185743
v 58.24164964 -24.89839485 40.10350676
v 92.27351429 -41.50454477 45.42371903
v 63.17336050 -39.60104421 53.36599526
v 92.54392829 -36.70343854 37.10146302
v 41.99556910 -54.74771385 46.57773913
v 36.56965542 -51.15230359 36.57459944
v 75.32570592 -54.84097868 50.43595914
v 60.48940233 -55.21335023 36.39300298
v 87.30776494 -55.65778295 47.99539655
v 64.30304441 -54.62518936 37.45471568
v 35.68305136 -45.64074873 42.31359607
v 57.93632160 -24.75102699 43.94834397
v 88.64805135 -55.22097287 48.06675356
v 72.82617743 -36.12885819 49.68600763
v 38.21571366 -51.26204860 44.72304741
v 43.52658946 -33.88448920 43.09089576
v 74.03269365 -27.88992971 40.07772023
v 73.39919449 -52.43027567 31.78908737
v 40.57024116 -49.95196386 34.30359433
v 65.04070709 -40.49189667 53.72337949
v 66.50414865 -47.02983734 30.63826137
v 40.72778640 -37.08341405 34.87374629
v 47.45479826 -47.09295804 32.98019044
v 46.74334285 -30.32558323 46.89930801
v 53.73533091 -55.22407182 42.96169122
v 69.49335440 -54.92888284 37.88568447
v 38.61682425 -40.54225155 38.65137055
v 73.69631858 -48.48506364 30.80219699
v 43.87952727 -50.02099601 33.04198389
v 66.10027915 -43.27744211 54.77752738
v 33.97607430 -47.24218666 38.05895932
v 62.53745382 -46.38609432 30.59070002
v 61.36737134 -33.44697435 51.90067673
v 42.48604368 -36.24975981 41.92629822
v 47.53274698 -28.57299134 45.95024844
v 70.58695505 -42.69876611 53.38359026
v 47.64840756 -28.19239229 38.97710448
v 35.83199019 -50.25575453 44.08413909
v 85.81119156 -55.71977016 47.43255484
v 62.10666370 -29.90961038 50.96737618
v 39.34020509 -48.15455849 34.94366112
v 82.49263681 -55.39306865 46.30232210
v 57.52163118 -40.62762887 52.21512791
v 63.94131130 -51.91587944 53.39815628
v 46.73860130 -54.88618749 46.42737756
v 75.99259132 -52.13568417 31.65587794
v 58.59017383 -51.36143297 32.29826265
v 47.26818587 -35.07988082 33.70193866
v 70.07849011 -46.37022080 30.28186643
v 76.96514821 -40.60789752 31.94726334
v 84.82346207 -34.93797092 46.59318814
v 49.93783886 -47.37212563 32.47430600
v 48.18554358 -26.74450979 41.52474797
v 94.74069659 -37.66102333 40.15833693
v 52.49497776 -24.61343599 41.11274877
v 46.18951801 -35.68438397 33.52863879
v 42.20225620 -34.25918830 37.80769989
v 52.39819730 -24.49690136 42.13859516
v 58.32145724 -54.67159298 34.19172077
v 69.53233123 -29.22514439 46.52674036
v 52.25662319 -28.66647375 36.18835543
v 66.68880429 -54.69648865 39.89966999
v 94.65818123 -56.55485644 39.66670554
v 60.84871398 -29.64737292 51.08234894
v 65.35050311 -29.79163266 36.40959755
v 93.99515778 -42.08365113 44.57570965
v 43.29382734 -37.01081075 46.64676028
v 53.60498686 -56.13695892 36.66144324
v 92.99959457 -37.30676113 36.58763910
v 79.73698543 -45.90024619 30.84482058
v 69.72138516 -41.83639938 31.18623704
v 71.91718909 -35.59926445 34.03153718
v 50.26399836 -53.98801094 46.18842478
v 68.40480996 -46.05650137 54.79772698
v 91.85849810 -46.88573482 47.85569093
v 89.03192789 -57.72456390 43.34487591
v 86.22413930 -30.42058436 38.99311104
v 48.27362693 -39.20888123 32.32192155
v 32.78286336 -48.82533320 40.08988896
v 39.57693615 -38.10378742 34.79900706
v 82.04211473 -29.22984060 39.85532844
v 80.77545555 -56.20332886 35.04671105
v 44.00751297 -36.19816999 33.41612250
v 36.02632049 -52.75004477 44.32999169
v 77.39743622 -53.26814842 51.53299030
v 51.80251508 -27.44986665 48.45659691
v 62.76099624 -33.24441981 51.92647741
v 51.39065254 -56.70175834 39.10202380
v 88.51293829 -57.56042001 35.11489679
v 37.98976121 -40.72425219 35.61485935
v 34.53462111 -47.81774222 37.51307910
v 77.16413322 -49.24306107 30.88429604
v 52.86929613 -29.72878205 35.10936976
v 63.37141342 -46.43045598 54.93920555
v 41.04888160 -39.28326586 44.77784373
v 51.35276244 -27.68731608 37.16987366
v 37.80449366 -40.51963626 35.90081030
v 86.96198581 -52.79993713 32.58728615
v 86.28815826 -57.28994572 34.98311494
v 57.85887355 -53.33665980 33.08600293
v 57.29154413 -46.53323026 31.06915300
v 81.60687702 -32.21839298 45.80899054
v 43.08159518 -33.21668695 37.23356688
v 50.46570295 -56.63704840 42.32424346
v 37.08910167 -42.87661012 40.29526997
v 88.11610163 -56.62839070 46.16886982
v 42.23545473 -36.89529312 42.28816422
v 62.77247490 -46.09967213 54.89402752
v 46.01325734 -40.80749762 32.95201674
v 92.16456696 -43.90548163 46.67494671
v 35.21247605 -53.71633272 43.49429946
v 90.75008967 -39.52088182 45.34984709
v 36.22374305 -54.40240809 44.17009556
v 77.87325767 -45.75730697 52.33817862
v 44.11559247 -51.99960265 47.30232392
v 40.73988235 -52.40190858 45.91251963
v 71.54131966 -48.81360215 53.61813182
v 42.69014841 -57.35689303 45.33395965
v 95.79511219 -41.14568692 38.16732201
v 90.04854555 -53.99674452 48.23519505
v 38.68275311 -42.25948485 43.48380840
v 96.00392518 -51.18327798 36.77364010
v 91.31095043 -52.42593881 47.64360536
v 37.03823228 -56.06649771 39.32356983
v 87.78963769 -38.55037555 46.84022644
v 46.21786714 -31.95957635 35.73545989
v 33.21883161 -47.47099259 40.47109114
v 55.04751240 -27.55565751 36.75844947
v 52.33937373 -56.61709646 38.23879315
v 33.46890990 -51.50664417 39.99758982
v 76.41617055 -56.04802820 47.34510704
v 62.89154934 -30.59411947 35.74618055
v 48.17264619 -56.52419417 39.03854613
v 46.85547922 -28.06668284 40.77177191
v 62.26447787 -54.76382790 35.96067044
v 74.41150401 -55.16113682 33.92349425
v 35.86589062 -46.01641207 42.84381551
v 40.52160899 -40.49859701 45.02461230
v 81.85292441 -56.08716529 44.15295276
v 88.77890319 -56.53719423 46.22730987
v 39.71118236 -49.73441922 45.08507172
v 63.28397248 -26.99689762 38.85780411
v 80.19863281 -39.75968080 31.97165548
v 43.41098159 -55.99243470 38.75979679
v 64.34050379 -41.25813351 54.05659482
v 33.64759559 -45.74483313 38.92438163
v 94.10881879 -46.04034396 45.23445980
v 32.53987942 -51.15933112 41.74080326
v 40.46498177 -37.16786294 35.30608102
v 60.88460541 -25.57212920 43.77817424
v 77.77993190 -38.33517434 32.70198443
v 95.26046165 -39.75002887 36.20031522
v 51.35757079 -25.26971010 45.59130292
v 94.78976164 -42.99483024 34.38331114
v 70.44693788 -30.42737351 47.47017276
v 91.60777917 -36.12360201 36.92719314
v 85.55039429 -56.63584593 44.34295118
v 53.89616694 -43.75744061 31.85117327
v 49.13233850 -31.53871735 48.99720596
v 38.85895561 -44.46690017 44.44763166
v 50.30541154 -28.33316715 48.18282117
v 95.19559454 -39.32092049 38.08051544
v 88.77585088 -44.02891755 48.09211509
v 79.40332738 -55.25469861 47.13041081
v 53.08525670 -26.01159081 38.04641060
v 39.71652796 -40.43588352 41.02178357
v 93.29128547 -41.77192281 45.02741222
v 86.33584042 -57.64804954 35.50222123
v 38.20205657 -47.96759790 44.34751924
v 38.76830151 -56.70383458 45.51409751
v 93.69341973 -42.72979292 45.18832339
v 71.91129312 -30.89809334 37.00803761
v 91.37296477 -36.82644634 35.64412250
v 93.96957953 -52.94858806 34.69550744
v 33.95417939 -48.49783749 42.53238534
v 91.85947501 -56.70300823 43.73691824
v 41.91286569 -37.42277819 41.47853401
v 80.37572464 -54.29033452 49.41217959
v 49.57219486 -55.97749069 37.28658308
v 46.29482426 -31.67912143 47.45264254
v 41.86417270 -56.72799360 39.99183530
v 89.14302840 -54.67044161 48.45268746
v 95.69665754 -40.63842600 37.02776772
v 38.50545577 -41.16594996 39.52495912
v 93.47565456 -44.24963566 33.89265102
v 48.82155166 -26.91485258 39.95190279
v 92.12255300 -48.56922775 47.80314508
v 96.39326382 -47.29943219 38.07080644
v 76.10231828 -28.77721292 38.78886529
v 87.11554096 -58.17971959 39.37138546
v 36.32234954 -42.36831659 38.17855948
v 74.53757200 -30.05300856 45.09463646
v 90.77678829 -35.83117026 36.52379955
v 92.37384560 -58.37740304 36.73206355
v 59.26263026 -53.74307337 33.42526605
v 39.72256998 -58.13404344 42.29193396
v 94.37067287 -38.49908762 36.60440646
v 40.89969130 -36.56961047 36.15889915
v 58.67866481 -45.77818934 30.83402444
v 46.81193222 -57.46718252 43.54549633
v 43.93254787 -58.17473335 43.67344160
v 82.89373102 -30.88848417 43.34081387
v 39.35871403 -57.53834589 44.72072242
v 89.43939937 -58.64575413 36.79796157
v 91.58474195 -50.36026415 48.07078171
v 56.37167206 -55.83269575 35.41506876
v 36.35915150 -55.29912451 39.02634672
v 93.02137533 -54.63175974 34.75814404
v 88.53465713 -47.52306822 49.28819814
v 42.01101827 -40.19776425 33.72246154
v 83.42163549 -57.56657256 36.67165028
v 80.13065208 -40.42560255 31.71189169
v 48.38175338 -37.45285312 32.94179390
v 52.68614439 -24.89257117 40.24932310
v 47.35172747 -30.52272750 47.60824488
v 48.56163924 -27.78635207 46.38450604
v 85.04734124 -46.03228683 50.01450508
v 95.26200416 -39.72110325 41.64936565
v 85.28891042 -49.76628942 50.69602635
v 53.67315166 -53.81332195 46.27928671
v 46.93266485 -51.67258326 32.64300640
v 42.71977672 -46.45526966 34.13607135
v 41.09158368 -51.44412902 45.98415261
v 42.80500708 -35.79775928 34.54700747
v 73.93820525 -47.22461560 53.47146747
v 56.38682067 -29.59902137 35.45950153
v 74.67877027 -53.79232911 32.48481818
v 39.08388962 -46.16769352 35.17929973
v 93.70319466 -58.14232838 38.84574609
v 60.13782539 -32.39183249 51.54757573
v 43.99750385 -57.25811129 45.25138114
v 66.02034361 -38.28914034 52.82382730
v 43.68801424 -37.76860098 33.09060229
v 65.37841313 -54.39859492 35.15493011
v 90.43412798 -56.54890907 45.20568434
v 60.64175804 -28.38841711 50.16120801
v 70.43744015 -32.66793755 35.64250283
v 83.94443886 -32.78763400 45.20425376
v 93.19330904 -55.87407910 35.27074502
v 50.97859055 -41.01595298 50.31227103
v 86.56417568 -40.75032873 32.44916609
v 96.05984823 -41.89974092 36.88799147
v 75.59978699 -37.60917535 49.69466163
v 74.50509108 -37.54255802 49.87151588
v 83.27866678 -56.66933175 42.73152614
v 90.33161387 -44.07803494 47.46562807
v 38.14316494 -55.98572484 38.65126097
v 35.41196889 -43.33069029 38.27637208
v 47.05596592 -37.08755087 32.88953792
v 55.81818604 -52.25369836 51.86644692
v 90.81884931 -46.92208802 48.27222901
v 37.48786998 -57.10960088 44.67504508
v 51.73738416 -52.21021620 49.64494025
v 61.58795449 -47.88430987 54.50888661
v 49.51988285 -25.81786842 41.64604990
v 65.70903737 -30.74342810 50.37183711
v 64.39423047 -43.74170358 30.63276484
v 70.60729827 -48.44272056 31.02744802
v 95.51413114 -52.49360010 36.08274152
v 57.59561252 -49.86666157 31.63746401
v 40.26008352 -52.70969863 35.06407777
v 49.79217379 -56.14613781 43.66228605
v 76.80561462 -55.38542097 48.45557117
v 54.40321140 -24.83261658 39.51728116
v 51.06015175 -25.00472660 44.08551932
v 81.72131348 -47.87063678 31.19487691
v 38.96827369 -45.53873890 44.49437549
v 42.75663050 -54.40832693 36.16872618
v 37.06451062 -52.51024009 44.63395713
v 49.08505359 -33.10293208 33.96739181
v 83.64249397 -53.55081188 32.69397735
v 58.62379695 -31.03825562 51.03888585
v 90.55127574 -55.16795044 34.41908009
v 36.34466406 -53.49437818 44.40065162
v 41.59953583 -38.28083034 44.47130889
v 36.26211458 -43.80039634 40.60606637
v 94.51732055 -37.65221901 41.33154293
v 90.25169237 -46.18585930 48.25039714
v 46.25812156 -29.58930680 44.81665145
v 70.30521935 -53.64695654 52.57526276
v 38.74170941 -56.96607704 40.15423554
v 40.30161487 -43.36482490 34.83017522
v 50.10015574 -25.44685408 44.09105628
v 92.70007074 -56.29097801 43.16674850
v 92.11817972 -48.03651753 47.85072990
v 32.97763359 -52.33387596 41.98390747
v 57.66102468 -38.73182763 51.99925117
v 93.34207555 -49.67019369 45.70996227
v 94.81348930 -52.78235132 41.74418359
v 45.12272089 -31.31443334 44.74967037
v 74.29556431 -28.84519530 38.50329569
v 59.33188808 -28.82361987 36.13289521
v 66.35677863 -41.80042431 54.07081065
v 67.66480934 -52.87636789 53.06920555
v 49.69030345 -26.52161670 39.81178050
v 61.01845012 -31.08218395 51.44110139
v 77.48280137 -31.22259917 45.76533779
v 66.86543605 -44.56187668 55.13453310
v 50.43305560 -27.42065492 47.79694234
v 76.73698289 -36.45540199 48.98271774
v 36.34504908 -46.54777385 36.32265005
v 71.37862751 -41.15221383 31.78812275
v 34.46984950 -50.47456590 43.79336541
v 37.17881055 -46.51111174 43.81314414
v 89.91300944 -56.27123282 45.88551281
v 60.92175290 -29.05583777 50.76667958
v 92.64435695 -53.51314091 44.95094951
v 85.72199661 -34.56192591 45.83827803
v 57.10369109 -51.12092989 32.04859882
v 50.99671209 -26.73826625 47.58914554
v 57.46574188 -46.43897577 52.23244069
v 95.48557854 -50.78597636 41.13691262
v 46.93067616 -36.22923865 33.23908769
v 91.39143707 -49.61000765 48.37025177
v 55.33467545 -45.51281386 31.53352449
v 62.41294616 -54.87957113 41.10350051
v 64.63015121 -45.08167594 55.12106535
v 35.38252510 -52.01340910 37.92327118
v 34.49783896 -52.21117735 43.75783477
v 55.16240910 -53.30490770 47.58278856
v 48.94317234 -28.97928847 47.71614531
v 49.18524071 -51.67423159 32.41329507
v 59.91198567 -38.76412937 32.72206182
v 79.93874422 -28.96920992 40.86950524
v 68.52018305 -30.19559642 36.78795922
v 96.22189340 -48.41071161 36.75741389
v 34.24621784 -52.98291651 39.85766406
v 33.12913049 -52.34887566 42.46542433
v 95.15912211 -39.43527343 37.19528798
v 41.95516234 -36.03019426 35.02213488
v 59.20239023 -35.13206105 51.69207876
v 59.17886347 -54.47609771 45.24962876
v 93.33598570 -36.15489013 40.00801073
v 60.90419156 -29.33783947 36.03242261
v 69.97223535 -54.99455258 36.21814676
v 68.91186465 -44.37903009 29.99020158
v 45.81333261 -29.02093416 41.27646817
v 44.83200970 -54.83551148 36.45458604
v 36.69723590 -44.41732803 36.27714182
v 42.18892866 -36.11462670 40.58146371
v 63.98082015 -47.34130786 54.84861754
v 36.23721053 -42.61313843 38.68265397
v 54.55205479 -26.16306622 37.87604890
v 50.18485134 -29.79551925 35.74141937
v 71.69906173 -28.46342947 38.75307371
v 93.97280644 -37.73563140 37.85464025
v 35.86811780 -51.60965579 44.30164393
v 91.36629967 -55.88658934 44.98292833
v 92.47506211 -58.68135800 38.98970603
v 35.21736977 -43.95659919 37.37251326
v 87.44596376 -50.90736655 50.01083939
v 80.10090278 -47.16996676 52.25788902
v 65.44616907 -50.47240110 32.78574630
v 74.30255209 -54.81491089 33.37000281
v 50.98019280 -30.87165604 34.44235332
v 83.40504816 -54.36012614 49.34072759
v 51.76501878 -50.01978640 31.39425262
v 33.02607584 -50.73032614 40.23025743
v 72.69853053 -33.21934907 35.80796367
v 55.74823732 -24.36360667 40.46764891
v 43.92261782 -32.99857423 36.30089660
v 95.86483025 -41.24047211 37.34566250
v 39.26277661 -54.42904464 36.64579382
v 34.52685701 -52.87984583 39.40938914
v 94.21310108 -41.41839180 44.03569290
v 39.46154047 -55.28691619 37.60146912
v 36.39232381 -54.65923729 38.50000771
v 72.92968406 -49.89092542 31.08510312
v 94.08125193 -38.59818980 42.61073329
v 40.95090027 -57.36979623 40.79491791
v 47.26328804 -34.57222413 49.04219487
v 41.88323481 -56.23774463 46.14908779
v 37.23246957 -48.76163159 44.09586902
v 78.37945339 -47.52877749 52.72331464
v 81.04794912 -32.99782174 46.70639331
v 53.81123561 -53.01002114 48.13186952
v 58.72040849 -27.73549393 49.78829607
v 37.53511912 -52.81621249 36.60674870
v 47.71616716 -55.62271256 37.10715424
v 33.87044222 -46.15887156 40.36191540
v 67.92616420 -54.90275870 49.16085726
v 45.71628266 -57.88372571 43.17815253
v 94.72582954 -41.38759208 43.41302139
v 91.12714793 -48.99348827 48.50700996
v 65.84112788 -37.24273614 52.50600065
v 93.09606108 -47.36539293 47.02587912
v 55.05580452 -42.96899807 51.22335207
v 84.05224742 -52.25907569 32.17695467
v 36.27060774 -56.44173611 43.01046934
v 62.19489030 -26.52503780 45.40635699
v 83.83245633 -31.90957049 36.97382024
v 45.39350346 -29.53362528 41.40874362
v 36.72911121 -48.11495139 43.90066399
v 64.76153055 -27.73647263 46.88865745
v 89.24037044 -35.34088687 44.02731317
v 70.92555424 -44.80575815 30.24815289
v 50.53751254 -25.15669286 42.20633821
v 78.44973503 -56.96517844 42.11543298
v 90.85779865 -41.20824588 45.98742674
v 55.22681415 -46.32419013 50.99421490
v 93.28648219 -58.16494764 36.94598852
v 49.29345418 -51.52410926 49.38071906
v 89.61273272 -58.77495007 38.13823249
v 90.46249130 -40.30758704 45.86412938
v 34.68559915 -54.27744854 40.37717381
v 54.12696230 -29.51486430 35.27199334
v 39.56568439 -58.02546234 43.83941973
v 87.15872116 -56.90554603 34.42909903
v 55.68462822 -30.74288903 34.69262493
v 35.78060671 -42.86002670 37.87597218
v 60.42582335 -33.75035428 33.90970387
v 69.88432648 -54.97816062 49.74400734
v 87.03047576 -32.12768029 37.68873450
v 32.55536496 -50.21898279 41.04288979
v 92.87565843 -44.76062848 46.57378331
v 42.61322309 -47.34310715 34.02527938
v 50.90961767 -42.96058114 32.36085405
v 89.24110386 -51.39328691 32.91981839
v 62.15447434 -26.19216813 39.87786100
v 39.28426763 -58.16740980 43.29489219
v 35.60872473 -55.56136000 42.26595445
v 40.98158313 -37.26650229 38.29718470
v 93.16087153 -36.22506051 39.46973448
v 82.66687067 -36.39568539 33.52329392
v 65.63316854 -44.79713947 30.28192528
v 40.71482345 -42.23855510 34.59901823
v 58.87318140 -26.41078035 38.11949310
v 45.98704929 -39.64534249 32.72975670
v 47.89685620 -31.41118152 35.26941249
v 83.44535178 -55.94930764 34.07037032
v 49.70408466 -28.53084120 37.17175326
v 37.37976986 -41.29382362 37.80786868
v 38.64621486 -40.56130382 35.11990479
v 59.57438331 -25.36478239 44.68571867
v 33.43447658 -50.67855280 39.51915910
v 76.77840431 -55.78420655 35.18303518
v 47.95418310 -41.89300619 32.80516456
v 33.54593874 -49.25698971 38.82138794
v 34.91010890 -45.59381783 37.29643160
v 54.63052652 -56.45772122 38.69654345
v 67.25875311 -27.17934832 41.23178371
v 93.14481649 -58.47299534 38.96254398
v 52.15605964 -25.42852039 39.61623070
v 90.87524993 -58.68746908 39.75024510
v 92.16274754 -40.19268694 44.89349279
v 43.67286976 -55.35817332 37.54608228
v 40.72239126 -45.97859389 34.71371788
v 63.22253194 -26.16747232 40.97119130
v 46.61536219 -37.90195893 32.66974351
v 94.66134474 -37.97459150 39.64685437
v 70.10750268 -54.43849146 33.92853478
v 63.89133113 -42.12605904 31.22824154
v 45.27433929 -55.34428441 46.39065138
v 48.21614238 -33.16910943 34.09959083
v 46.02050131 -51.08415119 32.44390296
v 73.46200322 -42.86326985 31.28723883
v 68.87034725 -34.04565305 34.69925976
v 94.74260609 -57.12702621 37.59196580
v 90.43589457 -57.40704204 43.96174801
v 55.89537597 -52.87346929 32.76371441
v 82.32859416 -38.31075010 32.53647064
v 56.85675179 -55.62854745 34.91305783
v 63.17988375 -52.57905358 52.18731933
v 87.70147927 -55.94110678 47.59115487
v 38.18674142 -50.32681964 44.57006275
v 36.97775094 -44.16407397 42.83296877
v 51.82927017 -25.41360380 46.20067221
v 39.66549535 -41.19780634 44.24618742
v 59.67512598 -27.20371144 37.46503556
v 88.28605495 -55.86983603 47.52623119
v 88.44766603 -34.36983392 36.42245250
v 96.00116134 -53.57456436 37.39086717
v 95.76633556 -41.18228112 38.94461648
v 92.55284686 -51.33827893 46.35521573
v 46.17660124 -56.92064126 44.89923055
v 94.25979469 -39.21900440 42.84477431
v 77.97228408 -48.88641535 52.56665825
v 58.86154036 -28.38696398 50.58110799
v 39.67091609 -38.68217603 34.33053287
v 39.31828372 -40.06520814 39.13244279
v 78.71980382 -55.05153960 33.86079770
v 55.31626864 -33.68082945 33.67431725
v 41.85975718 -36.83787469 33.89570633
v 87.10347869 -46.70603459 31.89763687
v 69.15699965 -28.55149727 45.56675842
v 62.39011793 -33.80900051 52.05402186
v 95.92537703 -43.75493940 35.07078439
v 95.59246291 -40.70281483 41.15386709
v 54.21147093 -43.64230532 50.88504488
v 60.96440048 -55.05046739 35.74880709
v 46.44448428 -28.33326503 42.43692295
v 91.37305385 -47.48163210 48.18287962
v 46.16572357 -50.61928004 48.62720541
v 94.16136449 -48.19394492 34.56126730
v 51.04088040 -30.15692921 34.91037378
v 82.91892083 -50.36093611 51.03706333
v 43.12062613 -32.95579451 40.80654132
v 58.93609997 -28.66664994 50.80241831
v 61.29594835 -30.35491497 51.25370743
v 40.09580255 -46.77248507 34.82770738
v 45.23232320 -53.65204951 47.16007208
v 69.38181473 -48.29960451 31.09900218
v 50.14346740 -25.33576723 42.70558229
v 42.51048824 -45.98826521 46.10003255
v 57.04844787 -52.35250354 52.14676261
v 59.47591640 -44.34064233 31.00261341
v 65.59674295 -54.08120366 34.71892156
v 64.76150557 -27.10970879 39.33368561
v 55.95729330 -26.58883134 48.61068261
v 61.24669286 -50.23434956 32.36820888
v 88.69184061 -49.35174471 32.42775603
v 45.50536439 -56.71745070 45.33640279
v 95.69778432 -53.29235515 36.47898178
v 93.53133989 -58.35554226 38.20346047
v 52.64101815 -51.00547042 31.76069058
v 39.21399606 -38.56954740 34.61481537
v 53.83973271 -24.26061901 41.55717709
v 73.44378175 -29.39631067 37.92823062
v 65.72214248 -29.67368452 49.52760694
v 92.02371574 -47.34289139 33.61442737
v 90.05309681 -44.62859943 32.89267035
v 71.29890589 -43.38073838 53.49308219
v 84.64677026 -55.33155361 47.67686107
v 91.53432167 -53.77075804 46.36039022
v 90.88870913 -51.63363340 48.55757481
v 43.52126657 -58.08815918 42.21821387
v 69.20298249 -32.38247442 49.54651733
v 85.85934034 -44.93134260 31.70380308
v 85.36188554 -31.32200417 42.36220586
v 95.27559861 -38.77296591 40.28079013
v 80.71022655 -54.75526615 48.23628139
v 47.16075122 -55.34788845 45.88596105
v 62.73640271 -54.32509219 34.66817526
v 49.35056252 -27.86086442 47.29999414
v 42.06521118 -36.94626161 33.71866782
v 56.78466725 -24.98002877 39.47165911
v 67.96204601 -41.34801424 53.48112852
v 42.27936297 -50.58053124 33.54170998
v 89.17457295 -40.84101001 46.78750913
v 77.39236200 -29.67642681 43.86886778
v 79.55005032 -30.28210880 44.08375224
v 37.69952771 -43.27349527 35.82338467
v 35.80005339 -44.84161400 36.75848098
v 37.03618422 -49.97893409 44.24262249
v 54.52008996 -29.13895375 35.52901425
v 67.57023674 -30.29622356 49.10317861
v 42.78150926 -36.40991334 33.86265435
v 46.45997537 -35.94125108 48.74013726
v 37.65433782 -41.40678879 38.67458084
v 53.56154405 -28.25687609 36.27185802
v 75.75916484 -53.09464369 32.10822922
v 51.98166564 -35.24483345 50.87054763
v 43.18182095 -34.98482634 43.12568900
v 75.50681151 -35.00246277 34.62760303
v 91.98707059 -38.71148051 44.22231519
v 41.24707939 -37.97739133 33.69377507
v 63.00312203 -51.54702054 33.13451543
v 57.91789193 -33.21453385 34.00009170
v 46.43175030 -34.65711602 48.51216438
v 52.27262701 -42.56586507 32.05479225
v 55.24020907 -24.83260941 45.22051047
v 36.73719176 -56.17352770 44.61630112
v 70.36385874 -54.11323232 51.87191589
v 42.82461483 -35.36523908 42.06500155
v 88.95586470 -58.31482304 36.06602381
v 81.62181364 -53.81070168 50.04832884
v 56.12571637 -47.23745342 51.43853188
v 94.74536864 -38.35718063 39.26772459
v 81.92140570 -29.32721953 40.61020156
v 71.97116042 -55.32969095 49.46823994
v 61.88726254 -38.07190216 52.73141823
v 53.27414447 -53.28241310 47.48193646
v 85.78486326 -48.50283488 50.64665863
v 70.74086194 -50.03284783 31.50335723
v 73.25012884 -43.35483222 52.97830271
v 47.80904253 -27.73300025 39.64247193
v 89.91807620 -55.17410385 46.96335206
v 94.97720327 -50.95283539 35.34686745
v 91.16797143 -56.69586595 35.19154905
v 86.00818397 -51.96613440 32.23136665
v 65.82551878 -54.22145973 49.81509463
v 53.56179753 -52.35224268 50.56910453
v 42.63879410 -33.33415171 38.14797212
v 41.71697748 -42.03446343 45.96462582
v 43.20790486 -32.48579246 40.45121055
v 94.07686520 -37.18019714 39.55386120
v 53.55243092 -24.86055980 39.85295849
v 66.81358388 -40.27528779 31.81718900
v 89.60371780 -48.11783034 49.08933752
v 93.31507005 -46.72188144 46.80404479
v 42.89536590 -37.83309185 46.60163209
v 62.38004356 -27.54654430 47.81912800
v 93.85721564 -39.84205804 34.61858031
v 39.94908024 -54.72558986 36.86621392
v 43.88575110 -34.87584503 34.75045759
v 76.69516158 -28.20779120 40.57613862
v 70.87340475 -54.98098994 34.93483795
v 41.09149290 -57.81861026 41.53787157
v 53.73913032 -39.73743564 32.67427999
v 82.70136313 -57.44089968 39.01063815
v 41.51545542 -36.24192226 35.24633221
v 72.29663943 -54.33453142 51.76125570
v 93.25052284 -44.43843117 46.22004370
v 62.68538204 -48.39055883 54.59125575
v 88.76210864 -57.48380232 44.06643464
v 58.08656008 -30.89233599 34.95999560
v 35.50468733 -44.30800721 37.06624642
v 59.30598208 -49.60755829 53.56807103
v 35.51119256 -49.74234412 43.91283519
v 88.72945117 -42.18887813 47.53080048
v 88.48588030 -52.78078424 49.47426285
v 92.67768343 -58.69682957 38.29537372
v 45.22148642 -41.65750897 33.33413240
v 45.72847476 -29.18608467 42.10044271
v 63.93845867 -33.45252891 34.61753797
v 94.67065446 -47.92174422 43.89472083
v 62.20869586 -52.06362181 52.70538105
v 43.06547135 -52.92161378 46.88838726
v 49.20210158 -25.88085126 43.57961808
v 91.62962326 -52.24918579 47.23285549
v 94.01616145 -55.81530344 35.57678882
v 90.36519565 -58.28641612 41.63658919
v 89.71224852 -38.04739387 45.32414598
v 95.53168282 -40.31216256 41.24729740
v 60.55809650 -39.13760936 52.79691051
v 46.43235154 -28.85532706 43.68917979
v 86.87613264 -45.05396311 49.05923731
v 51.96392079 -25.07952622 40.42919615
v 49.96793226 -52.53402219 48.20683271
v 48.14385101 -35.51128250 33.54823657
v 95.25942879 -40.66306048 42.16988751
v 87.71978162 -42.71923763 48.17050478
v 68.52292218 -42.72185503 53.91135876
v 42.78227396 -34.77731689 41.15040897
v 53.43923925 -31.58817274 33.91068484
v 47.12391625 -28.61930351 45.17259290
v 94.61710643 -48.82800013 34.98874394
v 52.84130886 -47.25302031 32.00988910
v 83.04003749 -55.05605067 47.59643436
v 35.10151424 -52.02249132 44.10104494
v 44.10261613 -53.14487513 34.44887602
v 95.28724194 -41.94445384 34.87128991
v 41.21033654 -36.32874405 35.69812868
v 78.70894083 -29.58365365 43.23970772
v 59.91905502 -35.44521533 33.37344483
v 39.20553116 -39.40341109 34.59982932
v 60.36516436 -34.54051336 51.83444352
v 44.27927941 -31.11071281 41.58805495
v 46.06732659 -56.39744234 39.22199793
v 46.92057709 -42.27081290 48.54218385
v 36.61825129 -45.49401132 36.25484940
v 96.08725548 -47.44505808 39.77096105
v 53.65843407 -53.72130250 33.78870981
v 49.74493201 -41.66447968 32.42267072
v 74.72280569 -56.13678751 41.28574601
v 93.32159964 -36.29070958 41.03891807
v 59.46892289 -49.69024382 31.87180981
v 79.05513841 -52.17278384 31.91819847
v 96.42905218 -45.69660587 37.10423861
v 77.62760204 -30.41957136 44.93835706
v 94.67988377 -38.37471990 38.77625452
v 72.88563120 -32.23037881 36.39966216
v 67.60453870 -28.86504030 37.63766259
v 37.07167276 -55.66943511 38.75237606
v 80.83376308 -53.32227364 32.52550888
v 83.76950966 -43.18802590 31.51936371
v 33.96166240 -53.65245719 41.61557255
v 83.53216732 -55.84179256 45.15699377
v 39.16569265 -40.76652834 34.91503015
v 95.67421356 -47.68695379 35.64273569
v 64.36382255 -43.55294185 54.89765479
v 36.00042864 -48.11612050 43.65428344
v 75.52476198 -28.09682509 39.88628854
v 55.35566937 -34.93835692 33.56207828
v 41.55720931 -38.17574182 42.97800109
v 41.93549745 -35.22416887 38.74145050
v 44.62958568 -41.11750647 47.68406973
v 95.06601357 -41.66457544 42.86696821
v 70.86991242 -39.65014971 32.29920392
v 39.85570369 -44.06563914 35.04522893
v 43.17450431 -44.88733826 34.20934673
v 95.35123859 -55.63146904 37.14955724
v 59.45759851 -54.81422670 43.53245517
v 90.38945174 -53.88507256 47.80114159
v 95.58880255 -40.25971003 40.78047727
v 43.33864282 -43.95553768 34.16212122
v 89.13069692 -47.06866192 32.55590805
v 96.33108669 -50.13242488 37.83882514
v 53.61564948 -32.62377014 33.78660335
v 72.29723654 -55.41131867 36.90169920
v 85.07286670 -55.67077766 47.11546943
v 42.97519693 -33.93541110 41.32401922
v 72.54766297 -43.69282184 30.81733639
v 90.98499812 -58.41201744 41.05682605
v 88.13123135 -40.23163517 32.88436583
v 90.77565209 -42.61732867 46.68838997
v 80.73084847 -48.59041910 52.00557621
v 45.63199533 -36.64915601 33.01589027
v 54.89005457 -52.48171235 51.03792406
v 64.61329323 -54.64174562 38.30223705
v 45.24111239 -43.86381965 33.72937065
v 71.24474171 -27.77274720 42.07946842
v 38.63080846 -44.06859036 35.44679387
v 69.67825012 -42.06964843 53.30911806
v 49.22264450 -42.82199080 49.36341164
v 32.58335683 -50.10032930 41.45852504
v 57.12382832 -34.03686323 51.09281039
v 62.68141919 -51.08538979 53.67389901
v 46.03567686 -47.38252237 33.16950033
v 74.28547699 -37.25856792 33.28167311
v 74.21504425 -40.46740129 32.17490435
v 63.67968914 -48.68228000 54.55531553
v 84.51776018 -55.49374002 33.60712021
v 55.06568806 -25.37989166 46.48934406
v 52.30730096 -51.86623240 50.65690655
v 71.85360748 -44.64039591 53.92268115
v 71.25647905 -28.62463001 44.53528244
v 36.76115843 -57.16087764 43.38615647
v 44.63252007 -37.46204150 32.96288707
v 70.67930012 -43.72314848 30.38351975
v 63.20656739 -50.39754208 54.04576019
v 44.33544259 -58.17697236 42.70980000
v 81.06685616 -38.96513860 32.26346432
v 61.73790076 -32.24652712 51.70743149
v 69.21180989 -39.41467546 32.31518179
v 53.88900876 -24.50663547 44.18263912
v 95.71503420 -54.61706106 37.34220795
v 50.08892654 -29.05296229 36.52665158
v 35.85924067 -53.73666957 44.03769477
v 82.59233666 -49.92217746 31.59902217
v 48.39603686 -33.12768718 49.26588973
v 61.40216441 -53.85872845 33.89860256
v 40.02175851 -55.68480328 38.10039557
v 40.41554937 -44.64493244 34.88815919
v 51.57077284 -56.66649930 41.17620679
v 48.41273580 -36.33423929 33.24590000
v 88.58399116 -54.14965189 33.52024015
v 79.62088163 -34.40922096 47.84266336
v 81.01639736 -51.99971316 32.02494822
v 47.87547847 -52.59613537 33.36842355
v 60.11810012 -48.18532044 31.31163246
v 83.79730297 -40.59123151 31.89082657
v 52.79702171 -37.69533395 51.30364674
v 39.62778977 -56.43238236 45.77686838
v 90.45037956 -49.75914653 49.14033975
v 94.10375278 -44.27015434 45.31856592
v 48.18429367 -44.08144046 33.07622812
v 48.99823327 -57.09347665 42.44841002
v 80.95596630 -43.42734577 50.56984669
v 37.67570787 -43.10787830 42.47704588
v 62.32374396 -54.70791875 38.05241990
v 60.84565222 -38.00196162 32.81857759
v 44.41804201 -58.11841745 43.39218986
v 60.25982833 -27.99457643 49.67302410
v 47.79269318 -47.05586505 48.88628223
v 59.65868039 -26.83521409 47.82934963
v 87.65454452 -55.35353088 48.35107542
v 73.89501324 -41.96622573 31.67445018
v 62.61194810 -36.33674246 33.10171692
v 46.83790623 -52.58888998 47.66744686
v 60.13521123 -54.99838421 39.38227337
v 67.68164599 -53.38884081 33.75208617
v 67.53290189 -38.38889840 52.52957641
v 69.51761559 -31.68696602 48.93743120
v 93.20324699 -56.79139127 35.71497471
v 56.70050950 -48.90874247 31.35265533
v 81.80193191 -32.27088294 36.48046642
v 94.73901008 -38.90101835 36.84908916
v 95.90909522 -46.76527284 40.56174164
v 92.33939875 -55.25573990 44.30435899
v 91.85178150 -58.31196265 36.27180193
v 40.56004753 -37.02284434 35.71884805
v 75.30880139 -45.10783604 31.02853216
v 78.30822125 -34.03051073 35.05793373
v 94.21241019 -42.84952187 44.70184017
v 52.37917342 -53.39019936 47.17805032
v 55.62517382 -54.67358753 34.34206800
v 51.99621742 -25.82588910 38.79536966
v 84.45305918 -56.32246578 44.27946029
v 46.16735913 -49.83072778 32.38438813
v 46.83712809 -32.87375590 34.66205957
v 66.05002829 -26.98578434 42.65464914
v 34.76915109 -51.90297855 38.48063815
v 40.74915595 -55.96723149 46.14084974
v 69.82117783 -37.46558387 33.09875649
v 58.88020186 -27.50111278 49.32080927
v 45.05556361 -32.57461234 46.45029366
v 92.73260042 -47.61506188 47.42858841
v 54.14641994 -52.74040454 49.14259663
v 69.43337732 -55.28932515 42.34414576
v 74.13435662 -54.14966437 51.89708685
v 88.43259046 -56.85910515 45.62348662
v 58.42331684 -43.05652320 31.56555358
v 72.71166261 -53.45744764 32.39494349
v 56.20704499 -28.38130032 50.06847070
v 70.64620232 -52.89573580 52.98072170
v 41.89536813 -36.50323541 34.34193721
v 89.56080336 -49.65108799 49.66643871
v 38.17514320 -53.44694511 36.51627257
v 90.65856626 -48.32338148 48.66779447
v 53.95470890 -28.05813426 49.34566682
v 44.75931218 -35.01798401 47.35533343
v 89.55784326 -38.45973303 33.69961317
v 75.22134305 -48.11386077 53.08289912
v 58.10009839 -29.40448914 35.57653576
v 60.35842627 -25.98287690 45.54982325
v 69.41323057 -43.75946401 54.16687034
v 39.15002615 -53.36528320 45.38102259
v 57.38355949 -52.97900933 48.85387346
v 50.19911973 -56.31408440 43.07217967
v 58.27174445 -24.74396726 41.12985029
v 93.72511773 -53.88365909 43.16862002
v 58.08486536 -29.80674004 50.78589594
v 36.57042031 -42.12328751 36.77629404
v 32.67109445 -51.81248844 41.61669345
v 89.38222005 -32.71704370 40.71065183
v 35.35876618 -44.96297342 40.83615008
v 81.38246937 -33.05948970 35.73625824
v 45.48606179 -31.14048606 45.66463415
v 40.80837542 -36.92391220 37.35024797
v 41.09327033 -41.38572963 45.63646843
v 76.83762677 -39.50976956 32.35665588
v 73.74671294 -55.63919156 48.98285003
v 64.19198362 -30.03221475 50.48918446
v 46.42705458 -46.29796956 33.33076759
v 42.89926456 -35.71518863 43.25312519
v 95.16803478 -40.69133098 35.23846307
v 91.05877474 -35.67942806 42.68469662
v 55.62139382 -53.76907110 33.58046378
v 48.39780696 -27.92752722 38.57603090
v 62.62921348 -26.12855677 43.68422990
v 40.26464535 -55.68401577 46.03296349
v 47.01924973 -42.04931343 33.03469493
v 96.30338762 -49.73823035 37.26894040
v 66.21582600 -45.80174632 55.06510380
v 75.73279244 -35.22696448 48.44880334
v 44.16864024 -56.71372727 40.03238386
v 44.23404435 -45.35885760 33.95396890
v 85.96214767 -38.03106969 47.71904298
v 37.95206062 -48.77458155 35.49357317
v 52.44516637 -55.84045757 42.36857792
v 42.53647051 -57.52433268 41.24234378
v 96.20996679 -43.31622773 37.67229976
v 79.66970683 -35.45744160 34.10729340
v 33.02225447 -48.45470250 39.45896311
v 46.71712311 -56.37330848 45.20756512
v 86.62778214 -49.33844147 50.45756540
v 39.71896406 -54.82213353 45.84688624
v 89.91677039 -57.03294613 44.87328294
v 35.60836856 -45.97123868 36.78363435
v 95.04991789 -40.76493608 42.76684361
v 92.59531987 -35.97167601 39.11024587
v 60.25295227 -29.76095170 35.60816761
v 86.93825498 -55.99337927 47.18989794
v 62.39052212 -54.62062758 35.21653587
v 66.84156969 -27.10641298 41.92161822
v 51.24271214 -24.93674908 41.99774758
v 36.39052049 -56.12793831 43.82261743
v 62.32663094 -32.03053440 51.65830422
v 43.01331522 -50.96579322 46.95382192
v 43.96939038 -31.21561929 40.58485806
v 51.03374094 -48.91209360 31.84929538
v 61.76238418 -27.68260339 48.35573893
v 89.62044205 -58.17276966 35.74646907
v 64.71145607 -53.57110739 34.20423013
v 43.63393574 -42.29259426 33.87904318
v 43.92289782 -47.34177945 33.65639982
v 78.64519860 -32.73925064 35.85294349
v 56.94048846 -55.68031881 39.44421226
v 53.09503232 -44.49892756 32.08270642
v 66.80159227 -44.84548995 30.10597986
v 60.16545846 -44.70456909 54.01748228
v 74.89018659 -56.58901782 45.66357375
v 68.95173808 -54.40256529 50.71453745
v 94.36627844 -43.71744971 44.72855069
v 77.44092825 -30.06208895 44.43524964
v 94.55942621 -42.94163313 44.20593083
v 68.79193263 -45.35875190 54.88656388
v 40.81879969 -40.72183511 45.41901257
v 58.40857451 -40.40833469 52.51243443
v 45.87989454 -52.91983866 33.95258419
v 82.78183346 -35.43205419 34.16326626
v 91.59644376 -34.57068909 39.74607369
v 47.45069148 -55.07362505 36.33369635
v 63.72321246 -55.05034718 42.52271813
v 36.97714563 -57.32645287 42.89967329
v 74.41472858 -32.36076454 47.01687545
v 55.17238710 -28.75966853 35.82702275
v 90.43326082 -34.39624644 38.32551428
v 56.85558544 -52.09658345 52.34391537
v 49.34134764 -53.62342461 46.79772350
v 42.79715208 -35.15886401 35.32305112
v 87.66146966 -49.93464278 50.20644750
v 63.77727294 -34.25676786 34.16722790
v 65.05461943 -51.67343774 53.60876126
v 64.02334766 -35.94265286 52.36069635
v 53.42046006 -51.64936261 32.09234168
v 51.00958809 -31.46689179 49.55195756
v 57.80478929 -31.52786367 50.89598065
v 82.54355577 -53.66632358 50.04656302
v 64.24919524 -53.27486653 51.15967559
v 47.70069972 -27.15044583 43.40214509
v 35.42865860 -55.10759339 42.59225046
v 88.92763154 -55.92114813 47.01171082
v 33.74393202 -46.86568245 40.84382767
v 41.98291943 -43.41703472 45.95960529
v 56.50318330 -54.74427346 43.53864664
v 58.77534633 -39.72116749 52.51495633
v 64.65795601 -32.69485862 35.08316837
v 39.95431773 -39.18073702 34.22901124
v 53.01842800 -45.80807013 50.37194802
v 67.84873378 -27.33565404 40.66297046
v 44.36682623 -34.05475048 35.10249060
v 41.12823717 -57.47188793 45.10588592
v 33.83133195 -45.98182970 39.92422366
v 89.76703301 -41.62977264 46.76509484
v 57.83693041 -33.80424580 33.75716447
v 51.81300242 -37.32363648 33.22080144
v 42.46272419 -49.93532674 33.54617258
v 65.80366824 -30.21967272 49.97457030
v 34.62548093 -51.00621528 38.19200305
v 37.32537839 -47.25781771 43.95993715
v 89.60434196 -33.27423880 41.37053062
v 83.50021813 -33.15893545 45.86460927
v 60.15736453 -31.67964269 51.46342318
v 76.87361391 -40.40187292 50.85218125
v 38.17411520 -52.92854737 45.06769189
v 37.04445468 -45.82161332 43.69359925
v 60.42833181 -33.24397478 51.76503259
v 35.03585764 -46.65969252 42.35462916
v 48.92207462 -26.15498242 41.77687255
v 94.75635703 -39.64499032 42.52912831
v 41.53559394 -35.66247369 37.82643905
v 58.40579819 -30.32390941 35.29033414
v 53.17298732 -24.95695390 45.56624691
v 86.51830279 -55.87308859 33.77445373
v 95.01026324 -55.55302738 39.65539968
v 43.55997028 -32.15732698 38.05348592
v 93.57944556 -41.06707755 44.42115140
v 63.82510976 -37.90173273 52.86486751
v 71.62784834 -50.02603889 53.37050671
v 53.21252044 -56.65694500 38.74777707
v 85.35604548 -56.20264492 45.56057360
v 47.55740248 -43.06900091 33.13291220
v 59.72873436 -51.13504542 53.39562752
v 41.71644671 -55.40625889 37.83015091
v 88.27732674 -54.44659540 49.12830847
v 37.22465055 -41.18197359 36.89231793
v 40.90202026 -38.01901314 39.34522647
v 70.25824684 -44.48997862 54.29114076
v 40.83247707 -48.98094859 45.51401187
v 43.18988108 -36.91930591 33.38531787
v 36.90905632 -54.88011172 38.20990153
v 89.33176952 -38.80627033 45.95137329
v 78.81086617 -45.26680940 51.75360952
v 95.15214757 -38.91265909 39.77219427
v 95.10823980 -39.15434872 41.64580750
v 91.53237068 -56.27962916 44.41439623
v 67.20550255 -29.50347783 37.04260950
v 60.82838127 -53.15444364 33.27197386
v 36.25504621 -42.39321288 37.17697793
v 78.89222084 -56.98169534 41.10432318
v 93.87319611 -57.84913025 37.00513279
v 80.04753621 -46.63732106 52.03053879
v 46.49327976 -56.72844388 39.94938977
v 95.52651259 -40.26877685 38.66936678
v 56.60775435 -37.64073190 51.66029272
v 37.43194118 -41.45634054 36.10783168
v 48.84748913 -26.81471826 45.49204565
v 89.91273505 -32.99788061 39.40462439
v 49.59310787 -27.33037063 47.09529309
v 70.28854746 -35.59762934 33.96155127
v 78.76868941 -28.58412994 40.45045936
v 79.49472651 -56.79061197 38.08143650
v 61.68242171 -28.70114175 36.56121733
v 48.29156640 -26.56951818 43.57380019
v 95.21850373 -39.32815243 39.05031064
v 91.69719544 -36.67909788 42.97251180
v 40.00871099 -40.52417106 43.98840767
v 44.61848153 -31.47917887 37.74146644
v 65.35648079 -41.11908684 53.97122809
v 65.26739364 -34.22931425 34.38891485
v 56.98603746 -51.76502639 52.50637862
v 33.77450855 -53.39553665 41.32291942
v 39.05765476 -41.32610119 41.81732914
v 91.56791783 -58.82870667 38.79382376
v 80.59333927 -48.10121855 31.06150860
v 45.71258984 -51.88223233 47.83333964
v 61.43656477 -27.91914782 37.11287610
v 73.83060274 -54.34614383 51.74189771
v 52.76190407 -26.42249578 48.06651121
v 87.86788751 -40.88697368 47.54289194
v 88.82737458 -58.47603168 39.48581707
v 55.95125870 -24.70707769 44.73007556
v 91.78945858 -49.23826234 48.03107222
v 93.13246886 -35.87931616 40.58765869
v 35.33497325 -54.61487883 42.91588440
v 41.25547310 -38.69295197 43.54190192
v 67.70860948 -33.32792350 50.73778203
v 95.42859403 -39.93981488 37.68207019
v 88.66574460 -44.87837265 48.41583464
v 68.33397331 -52.09826926 53.38043090
v 95.80611331 -41.69481838 40.03814085
v 85.96819335 -34.19020606 45.33889709
v 63.98514295 -54.60544534 39.22260586
v 77.43235636 -28.54263475 41.46447354
v 58.80311036 -47.49632611 53.31044171
v 54.14567459 -25.32782734 38.95281483
v 37.72266867 -57.81127341 42.99743197
v 90.75832627 -58.14747396 42.16881586
v 50.57664817 -27.53029673 37.59680210
v 64.95168443 -33.39363936 51.65473236
v 83.85386128 -52.78510705 50.19773541
v 91.50287670 -58.74104366 39.36621154
v 77.60157376 -32.84978562 47.03921282
v 83.45146457 -33.83463419 46.43466011
v 44.90396830 -39.88552365 47.98286430
v 94.50706409 -55.61861227 40.67753611
v 46.37239201 -45.53116289 33.43169216
v 85.77578839 -43.24881082 49.04419387
v 60.86917349 -47.30022773 54.40074005
v 90.54717694 -50.58117049 49.20432247
v 61.32720103 -25.47042035 42.47767135
v 60.66828147 -41.23572736 53.53005721
v 36.47389379 -56.90869713 42.74441552
v 42.17673094 -56.55474605 45.93396552
v 66.47638514 -35.44551821 51.88393541
v 69.29052156 -54.92519023 39.34197225
v 46.77000856 -55.69904739 45.80909317
v 55.28600976 -31.56226943 34.06718675
v 43.61497760 -35.57032240 34.30260130
v 96.04408241 -46.74829536 35.92030063
v 56.90480929 -24.41637065 41.48720194
v 47.36372520 -27.40021260 42.64464378
v 55.48982062 -31.12967871 50.17006422
v 85.47414263 -34.51183677 35.00753949
v 44.52485184 -42.71122211 47.30968386
v 45.46957955 -32.19168949 46.78673627
v 42.48646375 -34.43574522 36.48515866
v 70.61812992 -45.64597147 30.23720402
v 58.31436681 -28.32704828 36.35744820
v 56.71451635 -25.28217025 39.03411021
v 68.59116555 -46.34505458 30.20159347
v 54.67275759 -52.68886189 49.70343245
v 59.77968506 -46.12556066 30.64714418
v 33.12915991 -51.73705943 40.67779544
v 47.63967900 -50.76055993 49.22451371
v 81.21012755 -55.49345296 34.00467965
v 57.79854327 -55.62877596 38.60382148
v 88.67320637 -53.70528533 49.28318305
v 88.20191148 -53.58620944 49.43584479
v 49.61197613 -56.67248142 39.19988145
v 79.56593818 -56.52526821 36.41862324
v 36.87362514 -54.06981014 37.73964654
v 88.57441454 -58.59093374 38.57931785
v 61.56956579 -54.89884628 37.01347828
v 91.71852972 -35.89650993 37.60221442
v 76.37732249 -56.71724434 43.35408002
v 85.46813035 -30.72079669 38.18219041
v 55.93319799 -24.90403443 39.50465726
v 34.86280415 -45.54957811 40.88147141
v 47.18218349 -27.86864140 43.72015640
v 35.73274487 -47.54066000 43.38068176
v 60.44839918 -48.38933993 54.15248883
v 48.14734473 -56.80644439 43.96063380
v 48.33932075 -51.12196074 32.00332433
v 47.27525115 -52.09245618 48.04412831
v 46.94129852 -57.63901682 42.62089953
v 93.93136838 -40.43713769 43.84553528
v 53.50496696 -40.87845616 51.09188208
v 49.23522395 -46.08918976 32.79324172
v 58.32157084 -40.10966022 32.52236003
v 92.51207616 -57.18883599 42.49003070
v 57.77567003 -53.33085576 47.85675392
v 95.27216932 -49.80246349 35.48340184
v 46.09141086 -54.66097327 46.76356890
v 41.77631684 -36.81628720 40.21223370
v 47.93068365 -29.26065705 47.17084149
v 84.71332394 -48.74732269 51.00933401
v 53.24393570 -52.20698504 50.78877127
v 92.27141100 -48.79264251 33.77142219
v 48.84326273 -28.92605473 37.33572173
v 88.74030713 -48.90751326 49.68198112
v 96.37984269 -45.20094042 36.11467832
v 45.20526821 -30.74230048 38.27927826
v 40.58605696 -39.87433500 34.11699034
v 44.73521181 -30.49529437 41.70307466
v 93.93115051 -38.91873789 35.28302410
v 42.12302296 -58.36823148 42.53842898
v 93.83771004 -44.18502259 45.68963204
v 85.21892369 -54.44056150 33.05245266
v 92.51372708 -46.04639764 47.35654547
v 47.67593959 -27.50382563 40.37301750
v 67.11010984 -28.04438762 38.46277222
v 92.40875519 -43.13065535 46.21342766
v 42.07119116 -38.26874362 45.85638700
v 38.55183073 -42.28690067 43.10980075
v 44.06690061 -36.82811945 47.31935814
v 87.62532531 -57.46459208 43.39295947
v 95.82171823 -49.10122017 40.66478646
v 43.78565738 -32.12132058 37.68656435
v 50.83210687 -25.30474251 41.29408797
v 48.54045121 -50.64304681 49.62013082
v 49.51352776 -35.62272145 33.47955920
v 43.82594382 -36.27299074 46.92947669
v 94.38041447 -39.50140603 35.22967387
v 46.75026946 -29.07612990 38.78093272
v 44.59403559 -56.90571329 45.44127048
v 40.56068849 -50.79688178 34.26431397
v 80.19617421 -56.52390049 35.98735039
v 92.67418247 -41.06846367 45.01435315
v 65.99070669 -44.49545590 55.16656722
v 57.46334405 -52.03645028 52.59709005
v 94.89690098 -39.37168325 36.07487491
v 36.41734694 -56.51952836 43.56254040
v 68.42214440 -47.98890006 31.09416738
v 84.03575402 -39.89497511 49.01554932
v 88.75733557 -57.90096751 42.46812776
v 93.35235358 -46.04774428 46.70833396
v 57.68586647 -49.11527145 31.41400640
v 51.38637890 -51.87819783 50.18572447
v 73.14573772 -34.88899877 34.63934805
v 41.74522468 -56.19772233 39.13895240
v 90.22717806 -52.59699509 48.88786707
v 53.16509904 -25.92182022 47.53371995
v 63.28577379 -51.99751442 53.10691047
v 45.65445917 -57.43449755 44.48474868
v 40.31105311 -37.72677234 37.42724754
v 78.98563164 -40.05890175 50.30606692
v 54.92401426 -24.24619800 41.02901082
v 43.32822020 -35.54611189 45.49691753
v 56.67356492 -32.02607879 34.17520012
v 65.79348255 -40.75230288 53.72183504
v 42.44475388 -34.09439992 39.55512484
v 43.27124758 -32.12638112 38.89565701
v 36.65169133 -50.00071420 36.25925656
v 42.70576587 -33.11879281 38.77760774
v 63.84475126 -26.38286763 42.98985503
v 81.20096225 -38.32700880 49.43186923
v 45.70743548 -36.20910140 33.16972995
v 87.06681967 -55.39200470 48.41821495
v 46.13040279 -28.82761934 40.31340967
v 38.70792774 -56.11940926 45.57385641
v 55.97300377 -24.23717003 42.99825660
v 51.81665765 -24.99668567 45.03926131
v 69.93067168 -27.70624566 40.16526009
v 35.45989730 -55.49876057 41.62259584
v 44.59414196 -50.74140180 32.80065216
v 42.58334641 -34.40205898 40.16620667
v 42.07443706 -52.13073884 34.03274201
v 89.75640963 -53.62314209 48.77487042
v 78.39355861 -28.47006568 39.92239906
v 69.81686418 -50.81941025 31.96829773
v 70.42349341 -30.39995564 37.04114784
v 56.12087376 -24.28366141 41.77884640
v 52.20107395 -25.83430878 47.02346357
v 45.29341052 -29.85514739 42.08736843
v 37.75546820 -57.77638358 43.34765941
v 44.62726729 -48.41792114 33.19331767
v 66.96763147 -42.67045284 54.30538231
v 43.79248802 -31.58047917 38.74794073
v 44.10789435 -46.70859330 47.02850076
v 92.39281613 -38.01294964 35.09698924
v 45.24946151 -32.09094533 36.22349757
v 42.77078219 -56.88170428 45.72914730
v 78.09802099 -43.90381241 31.07507304
v 94.88741437 -42.23490291 43.41507151
v 50.16205703 -33.11508875 49.86706812
v 47.09185305 -57.51263084 41.62654744
v 75.79906318 -47.45928534 30.75337896
v 63.82932196 -44.05103687 54.93459294
v 62.29397579 -48.87085537 31.82360069
v 37.71891784 -57.66416280 42.08304389
v 64.32187553 -46.53692449 54.93227627
v 57.85283315 -38.43927667 32.90534813
v 65.07103371 -45.55868073 30.36056780
v 40.11578577 -48.45563481 45.12579227
v 86.45211427 -53.83343279 49.64157674
v 92.15110082 -37.13453587 35.91860294
v 63.75860291 -39.98682253 32.07981359
v 53.30870967 -49.60037417 31.37781812
v 92.06576370 -37.33459631 43.19801461
v 64.88264074 -28.12368937 47.60019006
v 93.08050908 -37.47082962 42.47360190
v 38.48398866 -44.05968654 44.22344091
v 88.02095293 -55.28314618 33.76175175
v 94.40741674 -42.26009784 44.22718681
v 88.85362046 -49.89502753 49.95958932
v 64.43421102 -48.63102988 54.60663279
v 39.94919798 -53.72537264 35.90213677
v 50.99249897 -41.51979435 32.19817027
v 90.57814420 -51.38344292 48.96484135
v 85.45554352 -30.05297102 39.69203928
v 82.84248007 -35.73920256 47.98629363
v 86.42847710 -45.64483214 49.41526227
v 95.56990077 -41.01766887 35.60342690
v 57.79753084 -55.82296010 35.36685206
v 74.63518709 -35.15844251 34.56012142
v 84.28228903 -31.59341105 43.53981848
v 69.02376978 -43.23867727 30.31022003
v 79.03844181 -46.88637896 30.76603641
v 53.19231441 -33.54307661 33.66074741
v 90.37226638 -57.92368201 43.01033548
v 85.98559800 -55.99222474 46.88492392
v 44.49994696 -53.07780618 47.22782613
v 93.06190786 -37.92646851 35.69543998
v 65.41212951 -27.72630120 38.40657437
v 60.10116357 -28.42088058 50.35003843
v 37.26536630 -42.31320201 36.11584198
v 96.31973980 -48.88384315 37.58808516
v 65.11502759 -32.01502640 35.32699951
v 56.04013108 -32.34440598 34.00824899
v 46.22174383 -30.25049667 37.98656831
v 46.55843843 -48.32308460 32.74331684
v 73.32870414 -56.00394137 42.74448333
v 86.23350294 -56.32779989 46.04047244
v 90.82551420 -58.83172140 37.23539363
v 74.85512923 -30.46498281 45.48511902
v 78.05983234 -53.49526174 51.08056641
v 91.49066628 -34.25106362 40.32102009
v 51.90107453 -26.39219758 38.02635409
v 69.12481051 -29.60931509 47.30811422
v 46.04537580 -54.27889556 35.50541967
v 84.03595011 -45.02480212 50.06053390
v 90.15384851 -51.37667784 49.25838320
v 64.61191967 -37.78897093 52.82880036
v 90.27575664 -40.48922028 33.31707560
v 33.50315425 -46.51927834 38.58773072
v 54.82819476 -26.44860954 48.49525598
v 66.53399785 -51.44845163 33.14430770
v 95.45126752 -54.94362374 38.82372766
v 51.65719100 -52.21516211 32.58619848
v 85.40150281 -54.44336404 49.43032043
v 64.77924059 -36.96891553 52.59001862
v 83.54293173 -57.10643130 35.53014878
v 37.43777492 -57.60814892 42.42849240
v 75.92931077 -54.19463634 32.84140813
v 39.60959314 -40.08489489 39.86463305
v 92.19977469 -57.16603339 35.60272444
v 95.46106496 -42.19398098 41.82046190
v 35.62589045 -54.76486977 39.41111120
v 45.72741299 -57.68555176 43.97326644
v 90.93005319 -43.86794712 33.18649498
v 37.81290813 -41.86652994 39.61768420
v 80.04352758 -36.24163433 33.67795816
v 63.70293566 -28.10175462 48.26810250
v 53.51853002 -48.35360968 50.62771601
v 38.09455095 -46.55859488 44.17772641
v 62.35908895 -28.68836735 49.85466021
v 55.68599462 -56.20035488 36.37445558
v 66.30325138 -55.32894836 45.52481902
v 42.25213077 -52.45584419 46.60559347
v 95.71424576 -43.49945522 41.13563954
v 48.65544499 -52.54587601 47.91987952
v 77.64980474 -42.37099733 51.20501398
v 45.77132221 -35.21539032 33.85206992
v 62.31861214 -40.79446472 31.93021319
v 84.30605353 -55.50738570 47.07785884
v 96.05239692 -53.18780784 37.89149820
v 53.83715789 -30.03975567 49.67333583
v 89.35009081 -32.63466682 39.03847762
v 90.72401738 -34.12817814 38.83756185
v 38.83233352 -38.76115724 35.25345001
v 35.63310602 -53.06675310 44.09895717
v 67.11517886 -34.06290336 34.53510441
v 52.45879982 -26.72794810 37.64666587
v 91.54590199 -46.33905711 47.82142645
v 43.48375688 -50.41626474 47.22916108
v 34.53508020 -53.15191752 43.22964634
v 37.26203640 -55.47965464 38.44777877
v 46.19965705 -28.64731237 41.00772570
v 93.94974089 -37.16934248 41.43399363
v 75.75642758 -55.95460692 36.79656010
v 61.46180950 -28.26367066 49.60776152
v 55.67836493 -27.10278257 49.37043903
v 36.60219837 -56.99217894 42.16237909
v 94.32811500 -50.32165076 34.87154666
v 38.51961980 -57.59850082 44.37470794
v 38.04297205 -55.76929773 45.34750083
v 92.90612154 -42.22707828 33.78549398
v 39.29841863 -56.53084297 39.39107311
v 90.61008077 -33.57006782 39.84673685
v 76.19153065 -28.14260416 40.12036625
v 47.42212167 -49.29017301 49.19068054
v 84.67292392 -53.31606797 49.94409871
v 66.53360531 -27.18766526 43.26247096
v 72.60232991 -54.59375293 51.17777803
v 34.95090489 -48.90701994 43.45626386
v 47.35825782 -30.87100023 36.14154933
v 39.78263451 -51.97662540 34.92636711
v 73.70563468 -40.08605067 51.41471823
v 57.93265382 -51.68035092 52.93662166
v 55.86875005 -42.03271019 51.55227144
v 67.87885917 -52.37668843 53.30915325
v 89.73111168 -33.91630675 42.10105126
v 94.01766299 -58.01100458 38.02326523
v 57.14185031 -44.36285707 31.34320603
v 43.46269152 -34.58587604 35.33728107
v 91.69831799 -41.44203211 33.55567691
v 86.25962756 -35.98933824 34.20977969
v 63.11827498 -42.59279016 54.48415712
v 69.01909537 -47.00501892 30.52661397
v 73.29900368 -27.78557225 40.82983358
v 70.05485983 -31.79037749 36.15713718
v 56.35549397 -41.39681657 32.10422980
v 88.29720996 -58.21818135 40.51860585
v 38.78455023 -50.33086007 35.13650912
v 89.21655183 -56.28459987 46.35009651
v 46.57328999 -50.97876254 48.62520103
v 55.46125108 -30.04718282 34.98409706
v 67.05207068 -54.62945605 36.57783064
v 90.84788603 -57.74195970 43.05794320
v 82.99587320 -55.36506928 33.65603224
v 37.33255383 -51.22779173 36.07212235
v 55.49575709 -28.43363273 36.10335786
v 50.80190387 -44.37903857 32.50881586
v 44.59752751 -48.76943060 47.66773032
v 37.97229343 -45.26215822 44.06979794
v 49.71225275 -25.98083043 40.79424175
v 91.92070999 -57.49908475 42.61737571
v 51.88694902 -26.50040377 47.83118459
v 40.63179103 -58.23929973 43.59515201
v 94.40477301 -38.07901918 38.31370099
v 96.36253292 -48.39733525 37.89157716
v 54.96813580 -42.72528365 31.78660141
v 71.11066045 -27.88171706 42.77797507
v 59.09648397 -43.94265137 53.32615954
v 69.21508986 -54.55472338 34.46887000
v 74.41122281 -48.79318923 53.05365259
v 68.15609290 -32.51245832 50.13425690
v 63.70612841 -36.48675408 52.48708029
v 60.30364000 -31.16982154 51.41256580
v 47.38166513 -57.26025349 43.86555625
v 76.99408987 -44.29716492 31.14967164
v 89.51091049 -36.15814181 44.49644950
v 48.81614330 -29.84967605 48.12476899
v 45.49400128 -35.92659272 48.13541898
v 89.18920096 -51.90428138 49.49904185
v 69.72720468 -50.76741179 53.54041298
v 53.89768470 -36.82077521 33.24059063
v 57.96895764 -56.01525740 36.25606842
v 93.34997651 -57.58514928 40.70781791
v 84.91396971 -55.86277301 46.28935011
v 77.34663379 -52.17431448 31.81526380
v 75.52346121 -38.84024392 50.37004023
v 89.94089130 -55.80880840 46.39146231
v 42.69445075 -58.26854544 43.51240448
v 44.43932830 -32.77737359 44.84614987
v 74.09623118 -53.37561491 52.39532808
v 46.10414977 -29.42523667 38.94461334
v 42.93328617 -36.36150026 45.50302668
v 91.87873645 -41.79830510 45.75831652
v 46.50541599 -53.82060089 47.04692879
v 90.67819424 -45.01456471 47.69298443
v 73.89912668 -46.00110179 30.71294576
v 55.96807275 -25.18524835 45.98377310
v 43.94125971 -33.90962340 35.53206778
v 39.35095522 -41.11521337 42.29329145
v 95.47088184 -51.10365276 35.86305654
v 46.34470527 -48.43538939 48.64077743
v 43.52357512 -31.82705652 40.24535816
v 72.81276825 -28.15865782 42.82986746
v 37.96654927 -49.34210975 44.39579567
v 53.54051074 -51.89468038 51.15246883
v 76.94571011 -31.61879955 46.16368043
v 45.64392639 -29.62380883 42.84709824
v 79.15716404 -56.65906597 43.82486816
v 58.65410306 -50.91163695 53.26396682
v 91.60033491 -58.03939265 41.84505585
v 40.54138080 -45.29418951 34.78990231
v 62.66512080 -30.77338683 51.23639936
v 91.68568838 -42.74960867 46.35051140
v 87.75413440 -48.12856637 49.77321518
v 44.69648236 -31.86609677 37.06310117
v 90.60516573 -54.48433905 46.92589172
v 88.83234619 -54.20192285 49.02066297
v 84.46578300 -49.13894662 51.01845180
v 95.48324824 -40.03518001 40.00364710
v 57.43120323 -53.97592062 46.04586416
v 48.44515671 -48.72613472 32.25972487
v 51.74798638 -35.97303643 33.36980640
v 41.06020055 -38.58598330 40.66486956
v 58.94878218 -52.04222675 52.86222701
v 38.72471269 -55.07297443 37.41878686
v 70.89508517 -29.75594094 46.47207938
v 59.76967502 -28.91226906 50.91687158
v 44.83231676 -54.59355045 46.94461352
v 66.96010511 -54.10384630 34.46104608
v 71.70220933 -54.11333060 52.04272275
v 51.08080155 -26.08796656 39.08280255
v 48.94862637 -50.78113669 31.75078607
v 76.39675604 -29.49793893 38.14599200
v 61.36863549 -35.72884459 52.14296337
v 34.60503235 -46.84926775 41.99937948
v 56.65877801 -26.44092339 48.17855846
v 96.07072838 -52.26772622 38.48483589
v 45.42785944 -31.39693447 36.95873491
v 59.29938411 -52.26705254 52.48901165
v 73.85344443 -38.45018365 32.77739540
v 40.36581484 -43.31649814 45.16556271
v 43.22513248 -34.46189709 42.58517344
v 61.77366587 -50.52323039 53.82782227
v 90.03807307 -54.68891485 47.33790375
v 58.47015184 -37.10833668 33.10060176
v 69.34753500 -30.83646335 48.47242029
v 93.15537095 -38.77350338 34.74855765
v 34.15313380 -47.54487205 42.05841795
v 89.77413875 -42.32003082 32.94562866
v 42.11216316 -42.24295902 34.25068646
v 47.41103790 -29.23133328 46.54761998
v 71.92825815 -51.38272327 31.62119638
v 48.57625969 -28.19832002 38.15754879
v 65.85660031 -46.22065599 30.36436405
v 48.22095637 -57.12918655 40.77244876
v 60.65331042 -25.56556777 40.21763553
v 87.72125477 -57.87661567 41.50662673
v 79.62909317 -32.52532054 36.05896401
v 57.14937442 -55.08954198 42.09777171
v 49.38735489 -54.30102263 46.00089189
v 94.48418372 -57.57317441 38.31438536
v 38.11894502 -56.44091366 39.33206831
v 64.14587943 -34.49282098 52.11186659
v 48.26837497 -29.69868177 36.93941861
v 52.91384976 -52.37013843 50.02313957
v 91.23932078 -42.05287009 46.19284429
v 38.82536000 -45.01046229 35.36686077
v 96.22884110 -42.61939841 36.81526539
v 73.76459708 -31.69869078 46.82054742
v 85.50654488 -57.75405135 39.97637048
v 89.62730945 -52.24783758 49.27783278
v 86.27450760 -32.22550138 42.97896588
v 43.37037929 -33.93107289 42.55446618
v 40.32258783 -56.55255105 39.55871740
v 70.38680986 -55.95920861 45.47477380
v 39.42068155 -39.45097869 38.21276349
v 71.74593505 -27.74828310 40.98180459
v 55.02744017 -55.97381155 40.23708425
v 43.80211310 -31.33648119 39.92787761
v 74.19541305 -55.45092922 34.61069950
v 49.90278293 -40.69856628 32.25723240
v 55.75164182 -26.97423614 37.22323122
v 33.20021268 -50.86843698 43.09239774
v 48.88963719 -44.71759970 49.05151269
v 53.00432401 -51.09396416 50.94214498
v 58.09689428 -25.79916616 46.41414105
v 56.01327898 -56.31376378 37.55654911
v 66.59906357 -33.74985905 51.28781085
v 41.83258957 -35.72009145 38.84440093
v 34.12307432 -45.23078874 38.14209223
v 38.17245309 -57.40425023 44.68279709
v 67.51310607 -44.19576376 54.90832887
v 85.08152201 -56.71538538 43.52500163
v 90.03023693 -35.61660359 36.28836059
v 81.96424111 -31.07363338 44.22592443
v 66.91694057 -47.08690478 54.71782381
v 54.30338025 -26.95043476 48.98449248
v 87.09968795 -31.00945209 38.70535628
v 78.59927870 -52.95337707 51.31231498
v 67.01259931 -27.75500942 45.02170481
v 48.49529751 -53.96522053 46.61880255
v 61.70570256 -42.46578458 54.15575430
v 94.00949772 -38.04403352 36.83710062
v 69.29088428 -49.45413184 31.64267653
v 37.25445826 -41.26846399 36.44377926
v 58.17870829 -50.53918679 53.07049742
v 48.03524924 -38.28943558 32.57405241
v 39.05428853 -57.33157586 45.02606370
v 65.65239021 -46.60517372 54.93357930
v 90.04440206 -56.65571052 34.91000689
v 47.40298115 -29.50406325 37.74718469
v 39.46162342 -58.20566297 42.91027798
v 95.81497994 -49.38034339 35.95496929
v 86.28566672 -31.37427374 41.74743404
v 82.97885686 -29.98553341 41.66964685
v 68.18907643 -43.80546058 30.09998719
v 77.84551922 -41.80255257 31.52874950
v 66.27560825 -52.66226106 33.62354154
v 60.16959415 -47.54401778 31.02904432
v 77.65979503 -56.72472071 39.90128380
v 46.24044227 -28.78029264 42.87799640
v 49.32501993 -28.19304344 37.77277282
v 62.18998219 -34.96573154 52.13969326
v 91.90412430 -45.25055996 47.27205615
v 41.58342123 -57.08317409 40.52506599
v 39.80087039 -38.32659953 37.26229800
v 50.52955560 -32.67025365 33.86453250
v 70.06818523 -53.32937603 52.86507004
v 42.49544003 -33.57593414 38.96103943
v 72.08457569 -47.88963053 53.68990342
v 68.75358110 -44.41513679 54.67832845
v 35.06008467 -51.25072946 44.09625054
v 61.91862624 -38.99240208 52.99770163
v 93.17656488 -48.02854918 46.58618380
v 43.32873109 -38.20978450 47.02166457
v 91.12318662 -58.09456081 35.84639111
v 45.76243855 -57.73799361 41.87896002
v 73.82223660 -29.13390843 44.21904783
v 56.81786401 -30.15430386 50.40966372
v 92.87260295 -45.33310503 46.82996123
v 37.97563749 -57.59240005 44.05462146
v 86.26412465 -53.81818186 32.80695531
v 37.49183258 -56.46826392 45.18422713
v 55.30277073 -27.69622840 49.68376801
v 88.29832663 -36.01649914 34.78106338
v 49.39771433 -52.16374980 48.55273907
v 95.86566790 -41.68780184 39.31534663
v 48.00490642 -26.78771088 42.44981380
v 36.54463382 -42.01875331 37.51370893
v 83.62287069 -54.20897407 49.56991168
v 80.87748752 -34.37482499 34.84453914
v 58.00087464 -27.12528075 37.29600503
v 68.84681027 -35.53219869 34.03210956
v 62.95229403 -47.79632869 54.73368429
v 42.95658957 -32.59494684 39.44805878
v 94.46967720 -39.13162481 35.58099857
v 82.04274662 -34.59550398 47.55917038
v 51.30688626 -54.71623879 35.13216037
v 93.35052617 -43.69553987 45.95078463
v 62.45199979 -45.46039437 30.56534152
v 54.90524618 -46.44655388 31.65150560
v 34.36825482 -45.43879324 40.17834958
v 35.51892973 -50.88906043 37.35710424
v 45.01524473 -33.39060815 35.20808233
v 62.50136092 -37.91446449 32.75690294
v 53.87422776 -38.07402326 33.08084994
v 47.06888012 -28.32865217 39.50928972
v 50.06738729 -27.38689073 38.06533605
v 77.09735740 -50.37563315 31.12305335
v 35.19874962 -53.19083508 38.79938217
v 92.90079931 -42.15529978 45.42850323
v 64.38386906 -54.52274692 35.86868943
v 44.41271598 -30.55958394 39.92705687
v 49.28948723 -30.53917001 48.71449298
v 46.61278107 -57.20645805 44.42298016
v 53.26997212 -26.50940059 37.66202311
v 62.86338472 -28.62983957 36.78870499
v 44.38795097 -31.88343234 43.14390855
v 61.65062345 -25.55139330 41.75407661
v 49.01110069 -41.79615165 49.44024145
v 56.62307424 -28.98765217 35.72853228
v 37.82037215 -56.97789678 45.10795870
v 49.88521883 -52.85821165 33.36037913
v 57.84875373 -31.46071966 34.70978616
v 79.42335989 -43.13785723 31.16331005
v 53.19180892 -25.36120586 39.08605779
v 56.67490085 -25.12634680 45.58791861
v 91.03743602 -54.89756343 46.06109936
v 33.40088093 -49.16530696 42.38617346
v 80.44594135 -29.29775149 41.69996599
v 90.38905537 -58.45272498 36.18836965
v 92.42161722 -38.46007274 43.79813973
v 95.69979320 -46.14054517 41.40189464
v 42.09055498 -37.71010763 33.47385312
v 88.74733206 -57.11021479 45.02465918
v 45.88793941 -34.57251991 34.11458097
v 65.21748924 -55.20264154 44.13243224
v 73.13041728 -36.64467474 33.54996223
v 93.15220380 -42.83289230 45.65055981
v 96.01768008 -49.46564416 36.36814068
v 51.39603360 -28.45512588 36.47905671
v 61.36945717 -43.86528192 31.04428785
v 65.61335557 -54.54735214 36.06265336
v 90.24492879 -58.78677207 36.99853793
v 42.71782454 -35.53112586 34.94128765
v 59.08159140 -40.79041296 52.83322652
v 59.37100593 -30.91075600 35.13100863
v 96.11890423 -52.07605456 37.23627476
v 50.76980264 -48.97328180 50.07255712
v 51.09412267 -39.85206577 32.24706037
v 86.49238795 -56.75606307 44.88271730
v 88.10028798 -33.01136953 42.54073747
v 94.41906763 -57.32429700 37.18049391
v 42.54388996 -35.79330183 41.36785964
v 90.02628810 -58.13965515 42.15503703
v 82.32095857 -46.59279596 31.27733894
v 42.53772223 -37.50473462 45.98414229
v 83.38422752 -53.49338630 50.02368220
v 69.25681166 -31.01735151 36.42428826
v 38.49234267 -42.26629980 35.42683609
v 77.85424679 -34.87641765 48.16581153
v 61.26589971 -32.49209784 51.73310819
v 34.65512489 -54.07675101 42.43971529
v 51.86740635 -49.96827370 50.49706702
v 33.61874929 -52.72644114 40.57579776
v 92.05315378 -34.81951016 40.10842112
v 62.73096079 -36.09040534 52.35097742
v 41.71615888 -35.21965250 37.73530326
v 52.58037744 -29.08903391 49.20925238
v 85.21169830 -57.81500173 36.31103857
v 79.36684486 -41.17486145 31.54846142
v 72.64804934 -53.23247835 52.66061058
v 94.01306054 -51.65476376 43.74093479
v 44.13722266 -36.62142969 33.19955724
v 80.98226130 -32.44163545 46.27130984
v 57.36497730 -28.80227140 36.02944364
v 41.80531322 -37.66791605 42.42801637
v 50.63869815 -53.45586213 46.99818825
v 71.23662121 -46.85747743 54.07614100
v 41.04053396 -49.89518177 45.73621110
v 65.46415791 -54.76555111 40.82658572
v 92.00651720 -58.30071857 40.84333385
v 48.91597987 -30.37794688 35.70891190
v 94.71379481 -55.90508463 36.21427254
v 88.36295293 -31.62263754 40.08429939
v 83.62484179 -43.28456390 49.72088166
v 39.64437718 -52.00106278 45.34882509
v 63.67292314 -32.49389737 51.63447784
v 36.57255885 -43.42679776 36.42878224
v 38.96492346 -57.04836510 45.30411643
v 47.71788719 -51.38788788 48.83933078
v 87.88517091 -49.02116909 50.07432915
v 93.68158152 -36.41249182 40.29184306
v 41.73814691 -51.32897483 33.83895299
v 59.61583001 -31.59391539 34.83893652
v 86.58345888 -57.04440961 43.98631296
v 69.26631121 -40.49565477 31.95481760
v 63.29020414 -34.36981869 52.15834016
v 56.82013525 -48.00495171 51.93408768
v 40.45599185 -38.04684969 38.22655599
v 74.10977541 -51.04948844 31.23111248
v 49.04889577 -50.47329406 49.81786523
v 44.41546614 -39.42074131 32.98586700
v 57.64207538 -32.81625216 51.00441583
v 35.43173294 -55.01907401 39.94255031
v 54.28845871 -51.38422051 51.39685699
v 58.95237216 -25.24850335 39.66091262
v 39.76672261 -57.68048241 41.23692192
v 33.98055280 -52.97691673 42.77424852
v 71.55137901 -33.36553119 48.82281718
v 50.03494291 -49.94374481 50.06290565
v 65.07165150 -52.99219444 52.51887351
v 60.13819726 -51.74525815 53.01114317
v 90.07556730 -58.49013618 40.24209160
v 57.10195670 -54.47749245 34.07172667
v 83.97464485 -29.61305039 39.70507295
v 69.12613800 -27.56662934 42.18232221
v 73.07665792 -42.55635101 52.68448443
v 44.08582851 -57.67221247 41.64361716
v 50.11377163 -29.73451715 48.66537245
v 75.68916676 -36.99141458 33.44473360
v 90.20599856 -58.88164626 37.87232581
v 91.76743592 -58.53294481 36.68434199
v 43.01868891 -53.77870846 46.86758773
v 56.36109081 -37.49648396 33.10853307
v 32.90346064 -49.16827397 41.44700429
v 35.57214830 -47.78471893 36.75108940
v 96.07189348 -52.86915716 37.22420877
v 43.94622733 -33.43571957 44.17223293
v 91.99069660 -58.86523575 37.89898211
v 32.65381201 -50.60092847 40.76118675
v 54.45917771 -27.27330024 49.30224168
v 54.35238991 -50.88348008 31.75112849
v 40.90256688 -44.92407198 45.31600031
v 69.56761806 -46.85662882 54.40072808
v 49.16797367 -26.09734560 44.55502101
v 57.88893270 -49.81089785 52.88602217
v 51.55214986 -31.38893741 34.06076272
v 49.92585771 -51.18285173 31.93318289
v 34.75932205 -44.28498908 37.70979740
v 78.47408359 -54.79259940 48.75388198
v 86.89875360 -58.32670313 37.47748144
v 36.82981293 -56.70874191 44.41609680
v 66.55310582 -30.81434649 50.05270777
v 83.56914160 -54.85123194 48.44300056
v 69.52419425 -28.18899958 38.94035786
v 41.28889813 -35.98220932 37.11448578
v 42.38615876 -36.96479347 43.82461421
v 80.65224054 -45.76352752 30.99033717
v 51.63735615 -52.96881188 47.93111672
v 84.62132097 -29.82230469 38.88166961
v 94.60060501 -53.55081420 35.20140770
v 85.72570198 -50.82615203 50.30302302
v 48.17270500 -27.06210309 40.51788495
v 62.58115190 -54.71818536 39.00123767
v 53.93702427 -40.71161981 32.14548087
v 36.65792948 -48.96455996 36.16206031
v 48.83516875 -31.51604537 34.67261989
v 61.79553758 -26.34123479 39.25511674
v 36.37981769 -46.54710964 43.43719182
v 88.32073844 -46.12551885 48.91552067
v 57.76688200 -27.95103271 36.58263489
v 52.29841495 -51.65232189 32.08341029
v 87.01184218 -33.61473209 36.30056540
v 37.05769055 -43.34982094 41.30935517
v 92.01920562 -34.81811214 40.53979137
v 37.07179233 -56.71663206 44.89181851
v 92.56733492 -35.53422673 39.88557303
v 35.07313195 -53.80230835 39.31012172
v 94.84887931 -52.31201591 35.33705475
v 91.27351529 -51.79252718 47.99090639
v 37.89565659 -43.74134854 43.71971583
v 48.26087982 -40.55414634 32.47444924
v 45.24639800 -33.91591099 34.69762108
v 69.12076807 -32.71806577 35.39739838
v 67.21811833 -27.50612233 43.86909795
v 53.24218502 -46.07793777 32.01812655
v 92.37472754 -49.03590282 47.47482712
v 41.68848867 -58.13039666 42.03589721
v 65.75707132 -48.94386439 31.93499469
v 46.12896475 -30.88044449 46.62181150
v 40.82304886 -54.08568913 36.03312124
v 41.42854523 -35.78042461 36.73269117
v 92.96296953 -43.74181540 46.22082233
v 39.64045013 -57.15192557 40.34956364
v 46.64551151 -27.99055068 42.02538641
v 44.91381415 -29.94693979 40.83603086
v 50.34712708 -46.62649002 32.55639213
v 46.03256605 -32.66682154 35.16143690
v 66.20844368 -36.74396238 33.12183526
v 44.36060166 -34.82041832 46.86092585
v 55.68329098 -38.98673688 32.86286259
v 39.55035871 -38.11505996 35.92178893
v 68.13074844 -37.19578862 33.15439106
v 73.72087037 -46.43695942 53.67615410
v 42.06708523 -35.12344626 36.19431572
v 43.11349119 -52.48475070 33.97472450
v 82.27674801 -30.73213805 37.79262012
v 95.28476881 -56.11404859 37.85527192
v 54.67746365 -48.26802780 31.54324971
v 94.33526206 -54.62857141 41.72346442
v 63.04221803 -37.91256284 52.82485461
v 71.88744257 -41.72667878 52.63457813
v 45.84868797 -55.85740486 46.00751012
v 43.09084111 -56.99129952 40.50252537
v 84.67775544 -33.04518844 36.11213439
v 36.28013691 -46.06200165 43.24761286
v 74.92119934 -28.41289481 42.44721028
v 63.08162291 -41.01124376 53.86465034
v 95.06569745 -55.69529837 36.60628805
v 49.07850163 -56.03135675 44.22754964
v 44.94227947 -52.52194794 47.40831132
v 51.26127829 -53.82703386 46.31330394
v 91.95811935 -43.25038773 33.41426096
v 42.47625626 -51.54572155 33.67327577
v 47.36465311 -31.16743111 47.98896599
v 35.11388202 -50.19688642 37.48308125
v 38.53870147 -39.15930992 35.12539298
v 34.34891029 -53.69024613 40.25833038
v 90.13891336 -52.99505276 48.75360868
v 41.60750192 -50.59782912 46.17760823
v 71.50833630 -32.26883741 36.20138837
v 71.67895443 -52.98281897 32.35071349
v 47.83666451 -34.13962388 33.87761904
v 59.38445687 -54.35559013 34.09826071
v 92.96118166 -58.55695901 37.43864267
v 85.77425417 -55.12360402 48.52648421
v 73.22921785 -30.76986062 37.10523694
v 46.87187085 -32.09891576 35.16786604
v 87.96540904 -33.49887653 43.24518795
v 89.14892787 -40.40107516 46.67008402
v 92.86408145 -38.87915050 43.80073245
v 96.42799006 -44.05945682 36.08352008
v 51.78204792 -28.16202283 36.54274063
v 64.08146246 -26.98608788 45.01622173
v 35.12080369 -54.96991394 42.02166614
v 67.96218838 -28.13392885 45.34834500
v 95.41791497 -43.38773362 34.71868220
v 44.11008838 -44.97245017 46.90294945
v 72.22889488 -52.57547706 52.88861952
v 77.04126623 -47.73099571 52.91258329
v 53.43445342 -24.45048131 40.71803094
v 62.80281560 -50.60160216 32.80887739
v 71.65974151 -39.12747657 51.52734111
v 48.23231605 -55.57802419 36.90726783
v 61.57137516 -49.67048684 54.10339740
v 36.06368875 -54.03012403 38.40927375
v 79.87443741 -42.28826436 31.31764234
v 67.87706396 -53.45863444 52.56663347
v 62.27813010 -41.70856187 54.02603992
v 54.89683156 -50.14460617 31.42993271
v 74.78206838 -31.03108665 45.99691459
v 41.78059811 -36.27026010 39.28530253
v 44.94297455 -30.05425692 39.94021113
v 66.27157486 -36.57535129 52.25233434
v 41.92965810 -44.34700726 34.47227836
v 87.44295078 -56.85361800 45.48905401
v 96.00332140 -42.88113149 35.41211298
v 74.79957343 -45.70254956 30.87913726
v 94.29532527 -51.79145273 34.89760469
v 47.96925378 -54.19241665 35.08308798
v 94.89076610 -38.73559841 38.30658338
v 56.99515665 -54.35855403 44.93394004
v 35.01715293 -46.07786197 41.79535423
v 82.16411178 -45.93196010 51.01361333
v 39.89280791 -42.02406502 34.80739953
v 42.49267192 -33.98517718 37.16351737
v 42.16410010 -34.67793786 39.07361802
v 36.35655806 -51.25012336 44.32061991
v 64.07396568 -40.53347562 53.73597039
v 73.05460825 -55.47698527 35.40740149
v 62.13134352 -54.80546028 39.95514837
v 51.34122786 -40.52718320 32.04995098
v 91.44386792 -43.69126980 46.87949343
v 77.56586591 -50.93197095 52.27321229
v 43.52687211 -39.44808067 47.20648714
v 85.72048841 -32.47111287 43.66521926
v 94.25405842 -56.54725281 40.53902937
v 67.60296359 -30.78852846 49.47893931
v 94.46044412 -40.57362703 43.44068531
v 50.13617471 -56.98971750 41.27701550
v 88.39817057 -31.64514987 39.45515600
v 72.78154364 -45.73507038 53.98053451
v 64.16942560 -52.91251661 33.71221974
v 49.12093964 -57.09421315 41.02034347
v 89.65497379 -34.95332074 43.34335501
v 33.18054417 -51.80897800 43.07037245
v 63.92101320 -27.27568119 46.10402545
v 87.59215766 -34.33333109 35.71099236
v 36.40743852 -52.32170157 37.14414917
v 33.77282852 -47.73537961 41.66783065
v 74.85467925 -49.46358063 30.85204814
v 80.20001097 -29.59191038 42.46858265
v 85.81039384 -36.42359955 47.06996395
v 94.07028457 -43.39204159 45.10041236
v 44.52653667 -30.43904692 40.39612630
v 94.56292313 -45.01962512 34.37823400
v 84.29907285 -50.73374379 31.83587658
v 64.39615502 -30.53797508 50.72006901
v 54.07802441 -25.72146812 38.34621032
v 86.05879085 -50.44736312 31.95976080
v 87.72089378 -54.79578234 48.91271214
v 50.49614125 -37.03143825 33.23860839
v 72.36422807 -41.02188824 31.88776497
v 67.33926234 -47.90308544 54.50151144
v 56.46678929 -26.32339193 37.91624751
v 91.80041705 -52.50954067 46.78808786
v 42.55283918 -35.26325873 41.00327560
v 52.71757338 -54.33509318 45.18620764
v 34.69298596 -44.85051787 37.51799508
v 89.31583633 -50.31696967 49.79923289
v 34.14107339 -53.58824051 42.22796765
v 89.98446522 -50.15676099 49.63706033
v 89.85197802 -57.71088125 43.58644670
v 78.14382078 -34.79563977 34.55400734
v 90.72486728 -46.79428837 33.12987901
v 91.13147171 -53.09789817 47.44814115
v 41.30658654 -37.11840769 39.03179552
v 65.36334178 -35.70123550 52.21344630
v 95.34423576 -47.41055793 42.36838987
v 39.41388906 -38.35426832 36.39661894
v 78.40913178 -51.26656488 31.51297939
v 33.09918241 -52.38790341 41.40586651
v 55.06059421 -24.19028773 41.80316330
v 43.03797866 -40.70358596 46.84849051
v 49.49526868 -25.74659334 42.99390380
v 51.52870838 -51.13698709 50.55436113
v 66.69012134 -43.23203874 54.66023194
v 92.90725487 -36.75918453 41.94526320
v 44.23308471 -54.18272697 35.66481900
v 42.49310950 -55.44045447 46.58636522
v 42.02063885 -38.96934260 46.14820948
v 40.62826921 -57.05612688 45.39506857
v 66.03538160 -29.35954221 48.95903674
v 35.81644764 -55.90663920 41.86228593
v 53.84556986 -35.42435750 33.49606630
v 93.62869439 -44.96579152 45.96167625
v 78.61140371 -48.72631620 30.88256182
v 44.48403838 -34.14786630 46.57482816
v 45.21560791 -35.77953170 33.56756024
v 38.61735847 -58.08286199 42.49173356
v 59.01286416 -32.65682899 51.35343984
v 47.09868132 -45.53268612 48.35377970
v 93.27896570 -37.69486200 36.22379454
v 44.78529873 -32.79054870 46.07048269
v 77.92045538 -46.31053847 52.61800999
v 52.64110862 -25.28292237 46.22762451
v 58.22158702 -44.82800851 52.76058890
v 35.06556485 -48.92470650 37.25725894
v 83.71401328 -44.52649701 31.43070287
v 67.98749839 -29.87314580 48.39821204
v 67.55579278 -53.51457000 52.39290950
v 41.89724335 -38.92835193 33.54071895
v 92.52710332 -42.53513230 45.81132031
v 91.49297096 -48.09940616 48.23306574
v 63.31378911 -45.12121915 54.97747700
v 69.55046176 -55.62887952 44.08409719
v 47.77105493 -53.79326760 46.91111194
v 53.03454100 -53.03690149 33.13923137
v 40.99983544 -39.06438639 33.81121950
v 48.48589907 -56.79649644 39.93059974
v 80.13373426 -56.78412772 42.88146288
v 60.20674003 -34.76692687 33.55485674
v 38.89244695 -57.46014817 40.93038230
v 76.48436980 -51.03148429 31.28322704
v 80.87218365 -33.51489845 47.15027532
v 94.88695390 -43.74228907 43.61579462
v 75.27653620 -38.23646921 32.88113657
v 79.30156700 -48.73476280 52.31650023
v 59.22287271 -30.20224780 51.09558773
v 82.02829970 -34.03289284 35.10564977
v 82.98648077 -45.65349522 31.29575008
v 72.02263394 -47.79317975 30.74552309
v 96.42680321 -43.64782897 36.36252150
v 56.91755061 -50.95273776 52.45769981
v 43.74823598 -35.25311405 46.20280471
v 59.64615159 -47.41968103 53.82675315
v 58.99360483 -29.53726737 50.98112591
v 42.97246148 -49.73068769 46.87098719
v 95.41808179 -45.65892173 42.20620568
v 38.25471327 -47.00279655 35.47268968
v 43.29801339 -48.83248080 46.95466747
v 61.61344012 -40.87613104 53.60430108
v 68.35185652 -54.78071125 35.81613006
v 43.44322508 -55.54266809 46.50743978
v 72.09411366 -42.65575250 31.16039087
v 55.76216948 -29.21167847 50.04650522
v 49.33314564 -55.00970139 35.88065340
v 93.39163642 -48.04687568 34.20814719
v 86.42712874 -57.16118372 43.44366359
v 33.02313387 -47.81906003 39.56601570
v 55.24206473 -25.54001190 38.64182592
v 80.61967761 -50.50566154 31.52860493
v 51.77664932 -55.31521505 35.80582074
v 68.30238137 -28.16400684 38.73278859
v 54.61434584 -24.54953397 40.12608413
v 83.04452351 -57.36969861 40.44301643
v 44.78489075 -50.81975096 47.89625204
v 94.78047133 -47.04937632 34.78407268
v 64.52199668 -51.23705651 33.14257131
v 60.62430105 -43.59951320 54.05699114
v 80.72942788 -54.78431868 33.44395135
v 37.32998568 -57.44699267 43.73000791
v 81.07846610 -54.07271760 32.97446855
v 93.82416062 -56.76212615 35.96228036
v 45.05635954 -33.11705001 46.79970266
v 85.26868471 -43.42482801 31.68509446
v 63.56786705 -39.01324358 53.17976897
v 87.68440765 -57.15269591 44.51887305
v 89.69982235 -58.69849728 38.76261401
v 36.71725558 -53.12230628 44.58528439
v 92.01678660 -58.56444630 40.07450683
v 87.66651053 -39.19197679 33.05862528
v 62.06637559 -33.35851981 34.34363512
v 57.39021420 -27.20234476 49.30554536
v 49.50672652 -56.33716171 37.96385428
v 75.43651699 -28.10187443 41.35337639
v 34.10884470 -49.90031997 43.43840796
v 36.75112041 -53.39051676 37.45077716
v 50.61276024 -45.92899496 32.56407953
v 72.35034631 -53.79608921 52.39599993
v 54.43350935 -52.91489071 48.61928089
v 95.45794071 -39.31227651 40.57339326
v 90.06578402 -33.03857038 40.16025906
v 53.82539949 -56.46687336 39.65256316
v 39.86275302 -46.81996498 44.86452563
v 47.36827125 -27.33942653 42.05165191
v 59.36046429 -42.68148635 53.34757729
v 59.64302029 -25.16686040 40.55846246
v 38.71219604 -53.91114863 36.46176877
v 53.63471070 -24.27002142 43.04313514
v 33.65517659 -49.63547989 42.98052049
v 54.62635376 -32.04762809 50.21132210
v 60.44364764 -51.06858601 32.57765252
v 85.43667588 -58.07505965 37.95083415
v 51.42032708 -28.25281512 48.65947156
v 68.35349166 -31.84521897 35.64032513
v 68.53496515 -35.43987164 51.20035532
v 57.40041599 -43.60728043 31.45752321
v 88.04723851 -38.13787694 46.52601748
v 39.02834864 -42.94314733 35.23258288
v 88.77218814 -56.76152630 34.64445329
v 91.40688878 -44.48824843 47.17695296
v 70.08369049 -44.43999158 30.03504574
v 66.17466028 -50.38056325 54.01084438
v 37.66259180 -56.92322777 40.52675338
v 88.50341627 -32.48314358 38.34797622
v 70.70136676 -42.71625515 30.89111692
v 59.40891204 -55.04016922 34.69663640
v 43.32117410 -58.11830003 44.04149816
v 59.11180775 -37.80051467 52.16577992
v 42.95461121 -57.56720898 44.91939364
v 85.22784837 -56.24977486 34.08829486
v 33.23052206 -47.97701160 41.15365271
v 40.22443025 -37.74196831 34.26174886
v 59.75290584 -28.44043162 36.49533992
v 91.99693823 -58.62984042 37.07281059
v 37.34770948 -57.32504638 41.59869065
v 36.81015902 -56.96349064 44.17513941
v 42.65659062 -34.86489905 35.77141302
v 87.23376935 -57.58668441 42.37168344
v 83.80582156 -56.50994740 34.58288284
v 76.98658564 -55.59029033 34.67354279
v 83.03481677 -55.27758127 46.93567449
v 94.32451869 -37.06770582 40.80524151
v 78.69123178 -53.32499448 32.43508685
v 38.09897883 -41.35312807 35.54242539
v 76.95249283 -28.74240737 42.25325874
v 95.13522860 -38.46315767 40.71656981
v 71.80705971 -49.03607381 31.01656963
v 75.44030835 -41.93745623 31.69019394
v 93.00375845 -46.01568604 47.06216958
v 52.20487901 -48.42829738 31.81068266
v 93.39204327 -58.41480180 37.70012000
v 96.37499661 -45.16063855 37.91531114
v 62.04826957 -45.22553252 54.73544049
v 55.23306112 -52.02740666 51.73189829
v 45.92245026 -29.27348218 39.43885308
v 93.17935373 -46.75091367 47.05878730
v 39.57152364 -50.94938496 34.79183137
v 52.06627209 -47.93527150 31.97966372
v 89.61379099 -47.29387378 48.85367828
v 47.62772963 -27.44682401 44.12031612
v 55.65777108 -51.14912328 31.94786879
v 43.80200912 -58.25351702 43.10497427
v 41.04508942 -38.35039268 33.73803540
v 94.98379277 -56.89016992 38.09399963
v 62.24161115 -46.89189675 54.80080365
v 59.62128821 -55.02022261 40.89382177
v 92.22882810 -50.84559876 47.07080255
v 51.32008372 -45.32743012 32.45500226
v 91.15437298 -58.63617583 40.11236713
v 41.51542437 -35.75996992 36.21641035
v 65.13445908 -28.40969349 48.00798143
v 38.34157675 -39.37203380 35.63119868
v 47.38056418 -39.21330678 49.24481024
v 44.77980619 -32.89274074 35.66613139
v 46.31073998 -30.13351192 45.90769298
v 35.16283089 -44.54108507 40.02337082
v 45.87314084 -51.69896964 32.82278104
v 90.19831026 -53.49632439 48.44152059
v 91.81856727 -40.78928342 45.33498718
v 33.23584831 -48.68217324 41.66625603
v 83.41420783 -57.65869172 37.74385183
v 57.77051484 -26.74219749 48.41596903
v 40.74210251 -47.28493154 34.57141781
v 48.45492351 -48.35757249 49.39863204
v 86.95901695 -57.16756949 34.69323486
v 64.35991929 -27.65979086 38.23448247
v 64.26721980 -26.41281398 41.98453264
v 55.26836059 -47.48481494 31.50566407
v 52.47460624 -24.50863469 43.62740826
v 74.97552321 -53.07309169 52.34352993
v 92.42271020 -45.19894984 33.64282532
v 48.36350923 -34.78970364 49.67204918
v 66.20824689 -31.44456086 35.56246857
v 95.83375662 -53.82929910 36.89132311
v 60.50714827 -52.37902121 51.93502815
v 82.03956315 -52.05172931 50.74439948
v 72.08474876 -33.78994416 35.24143229
v 72.59998792 -54.28849480 33.10403253
v 37.52482381 -49.90820348 35.74918631
v 71.20066436 -54.59882595 50.89088424
v 93.58464360 -46.22026282 46.27283580
v 79.34226789 -28.84126558 39.37808985
v 34.11808564 -48.98837587 43.01035292
v 88.91379101 -58.66557909 37.18711004
v 76.06090281 -41.41436121 31.86727493
v 93.50591490 -57.99516237 39.79227227
v 40.82023975 -55.88405322 38.54358910
v 42.80049501 -33.18458481 39.86477090
v 58.15933474 -24.71734030 43.38496044
v 60.69311063 -40.30282093 53.18802872
v 94.65916606 -38.77470874 42.07829696
v 86.26964542 -55.09866442 48.67761910
v 52.66729786 -47.35150548 50.31397593
v 44.90066642 -32.30703411 45.64061092
v 91.43350149 -57.26278947 43.47049050
v 62.81768910 -28.21129765 48.94729442
v 64.43435012 -38.50431165 32.50877598
v 89.26931829 -36.39156348 44.83021646
v 43.74141703 -56.44377260 45.99959958
v 89.66860984 -45.49333740 48.27032324
v 58.36754396 -36.84484922 51.84514170
v 73.86437080 -34.26537365 35.19771549
v 95.49069349 -49.09766060 35.58625972
v 54.18792094 -24.18943936 42.28098589
v 57.05788856 -39.77707497 51.99431516
v 62.42729443 -29.99717635 35.88982715
v 95.80870440 -53.77931717 38.60753897
v 67.75909453 -45.80009733 30.13135725
v 86.76284592 -42.20702708 32.22104107
v 56.38486347 -27.10007787 49.31300658
v 80.05107751 -34.70153172 34.59389468
v 63.76226280 -44.59732342 55.01958268
v 39.91267928 -57.86417451 44.32274266
v 65.32825806 -53.29666750 51.99914410
v 48.73909550 -26.60309852 40.74468924
v 95.22034077 -46.62235811 35.06862684
v 76.14118671 -33.74774369 35.39858090
v 50.81723552 -29.29651350 36.04283236
v 43.16705059 -34.16757542 35.94041719
v 57.01059602 -24.50531555 40.52168710
v 39.07066777 -49.33664273 34.93963408
v 54.11607403 -52.40635031 32.53377169
v 57.14542363 -27.10861183 37.28172150
v 66.74367972 -41.07001138 53.66903823
v 86.36505299 -33.68737944 44.57922692
v 93.60722619 -41.15153612 34.14152082
v 46.33129278 -43.46876777 33.46151477
v 49.79130429 -40.00827866 32.17893215
v 93.73385161 -43.21772838 45.39253511
v 58.19506894 -27.88139644 50.10396886
v 77.97425008 -33.24574324 35.56133050
v 94.96146901 -38.30926608 41.34859198
v 64.58610377 -35.69717187 52.30103411
v 51.36391569 -53.05846760 47.65745471
v 83.16070884 -41.76230242 31.58279703
v 37.78104361 -54.63792033 45.15538560
v 92.37847365 -47.30188325 47.69008247
v 48.42474880 -27.08925756 45.23077792
v 44.95948275 -34.04024805 47.09246389
v 54.22152417 -39.29025663 51.41435398
v 57.45621520 -47.02098338 31.12810721
v 50.70282641 -36.81686709 50.80576744
v 92.63517512 -58.00179004 40.94954243
v 73.97025276 -44.80936364 30.92561142
v 49.52689041 -53.00987034 47.45495503
v 64.02198088 -31.01173400 51.01958139
v 66.11601584 -54.62641853 37.26531915
v 67.21833639 -53.88322141 51.49695696
v 94.32428065 -48.28436665 44.44334094
v 93.53295660 -49.78061548 34.42714847
v 96.20349860 -52.02632214 37.83949708
v 95.47834196 -44.42171916 34.85489539
v 37.56409358 -53.74966768 37.02595261
v 66.22310014 -53.64226820 34.23901508
v 55.95752594 -48.97925338 51.52425983
v 96.04721655 -43.05953547 38.76944484
v 57.34253803 -26.11344794 47.35150049
v 36.93510926 -55.48829308 44.78970036
v 35.26586780 -48.97766358 43.63004020
v 89.56462477 -48.94518033 49.32177719
v 71.33337164 -31.45172123 47.74140178
v 67.34031073 -41.96534572 53.89630553
v 54.96406127 -53.13721139 33.02188971
v 55.61455997 -35.12915066 51.08758512
v 75.36155432 -27.95492654 40.66879203
v 45.35810473 -29.85677444 39.27072878
v 56.92902867 -31.47047366 34.42400240
v 60.06648781 -36.51286510 52.08950476
v 56.18787810 -32.19616518 50.49538206
v 53.09141637 -27.75645412 36.69148882
v 67.67552925 -28.88301332 47.13188113
v 32.72777593 -51.75328064 42.46416466
v 52.50228092 -33.60119299 50.49802154
v 74.76757104 -53.83037877 52.02905378
v 72.09139766 -51.63702986 53.02444417
v 88.46110471 -54.91570159 48.53950620
v 54.58171201 -25.94275152 47.68217022
v 52.56686903 -29.25134123 35.61139627
v 89.52363183 -58.19832484 41.43773034
v 59.27100182 -55.60220678 35.63090039
v 65.67194656 -45.14694930 55.17302561
v 94.81077522 -51.07190655 42.50069823
v 67.91329961 -33.14839247 35.02395056
v 84.75123689 -30.00445335 38.60525342
v 36.92537752 -56.49473929 40.48506265
v 86.91819868 -31.25213106 38.19897925
v 52.05499069 -52.54678168 48.96342319
v 67.49872049 -39.33494714 52.86717162
v 49.64738380 -26.16059383 45.52800958
v 65.25232304 -43.21389990 54.79244337
v 48.77447637 -37.83753394 50.00568340
v 74.50598248 -46.90779458 30.75377478
v 49.06196252 -34.44052547 33.66496078
v 45.57652649 -57.22896624 40.93810049
v 63.72665581 -42.15032160 54.40808892
v 46.52724342 -32.53287810 48.01842793
v 41.35049998 -37.62452432 40.02431680
v 78.22523854 -41.58467535 50.90273501
v 51.47163243 -46.55008712 49.95909637
v 95.48577607 -40.10242155 36.72693699
v 45.88270769 -53.53416411 34.66023496
v 84.47640665 -57.41490293 41.03004230
v 90.63821468 -58.85293905 38.35639252
v 67.22157037 -54.52353118 35.13280092
v 59.96691705 -42.14978804 53.53721096
v 43.85350388 -34.49102194 45.68116535
v 65.91259052 -27.72078070 45.79326064
v 50.46601385 -51.66795872 32.26535836
v 36.53469373 -45.29984035 43.13620903
v 40.70116415 -58.34215405 42.73189098
v 80.63868573 -31.31693286 45.15942151
v 38.33027547 -55.46205243 37.92477886
v 47.08657239 -44.99763395 33.33703814
v 68.50749260 -31.52865664 35.89859170
v 42.28078070 -39.88804199 33.57284122
v 35.04365761 -54.79411727 40.43228867
v 91.80916383 -35.20598206 41.35285882
v 54.66157829 -30.95084006 34.34334088
v 58.85689505 -24.96927263 44.02253230
v 70.57536407 -55.05916491 35.58169981
v 65.89380598 -26.89599349 41.00314358
v 59.16683224 -52.80451492 50.32740713
v 76.98541119 -53.91480860 51.14886360
v 67.57754544 -36.97537497 52.04763313
v 75.26307573 -40.08525774 32.22714449
v 39.38516581 -42.53211714 44.64041910
v 90.26976535 -52.11532097 48.96903447
v 45.09004798 -30.88572213 43.57192707
v 54.01779844 -55.82906600 41.34004171
v 72.92765204 -55.47636541 36.07172136
v 71.55116199 -55.26498640 40.32110086
v 85.43190403 -52.94929184 49.92625752
v 84.99806803 -51.33886166 50.33995960
v 74.22724700 -44.90296838 53.26614066
v 71.07258537 -31.65346035 36.46842704
v 52.26793391 -52.44212411 49.37549301
v 79.00239810 -37.83004669 32.87219483
v 37.44798522 -45.15705419 35.88843905
v 53.75491470 -55.66277663 35.74817762
v 34.40765490 -54.20727581 40.98593128
v 34.09287416 -45.14580860 38.38642474
v 63.41937907 -31.26793594 35.50224510
v 43.47072805 -33.10077245 36.71653570
v 83.46520652 -57.39868105 36.07791635
v 74.80276031 -41.27788388 51.65889530
v 85.43722791 -55.40365888 47.93192333
v 71.72243660 -32.91656856 35.74072749
v 35.92016144 -55.67955590 40.18198660
v 87.52547108 -49.30873057 50.21769999
v 78.60454270 -56.45174394 36.93012551
v 93.45146813 -38.43798447 42.98656803
v 34.82195008 -54.71991559 40.93143455
v 93.03768329 -56.67616153 42.26981901
v 45.69835200 -38.41617485 32.71778705
v 73.75917307 -28.30218628 39.03293389
v 77.07338693 -49.59334690 52.63223690
v 91.64194621 -51.58569033 33.72677351
v 44.60215857 -55.12149701 36.97173666
v 91.61651465 -39.45603871 44.79408541
v 40.52701930 -39.63408543 42.55955900
v 82.57780177 -36.12500278 48.29222413
v 60.01186396 -38.49325412 52.51658787
v 67.59878545 -30.81323201 36.22567173
v 59.96991082 -32.47133999 34.44647780
v 69.94658639 -34.84586992 50.34008204
v 35.98035030 -43.38960902 36.85920374
v 66.71116820 -31.15941859 35.74475119
v 40.12935585 -40.20296029 43.21652468
v 33.65399695 -45.94462728 39.44358681
v 37.25096881 -56.34245310 39.79143984
v 47.98949698 -57.34334791 42.81911301
v 32.96411596 -49.89846060 39.96129351
v 95.64642990 -40.73490597 39.45106472
v 41.56667593 -42.95318250 34.50480774
v 54.98733907 -55.14834679 34.87063158
v 85.27505766 -57.83730000 39.38080303
v 56.69860717 -45.21991151 31.26901477
v 89.57836664 -58.84771527 37.73294382
v 94.18157970 -57.11765084 40.01903200
v 56.51891674 -56.20935423 36.62982180
v 45.44073277 -30.96906887 37.60348102
v 88.50677989 -43.86658810 32.48157752
v 60.60715899 -25.31293144 43.00774659
v 58.79103360 -29.15149009 35.84501253
v 61.22705423 -48.69335746 54.29613386
v 86.90675634 -53.46708218 49.67922341
v 85.00586697 -53.94855766 49.66065439
v 96.26105050 -51.40118907 37.62456708
v 67.62814834 -53.69891364 52.02583210
v 71.24918135 -33.76147628 35.12224072
v 65.58283524 -31.56228954 50.80476432
v 95.70864024 -45.57731423 35.24845842
v 96.20024231 -49.72027923 36.83852285
v 35.35062158 -43.61437532 38.80886988
v 90.48602108 -58.71417260 39.28530464
v 65.21751965 -54.57756477 36.71558258
v 86.09274532 -57.76373549 40.61314829
v 80.12040232 -55.81686043 34.65156135
v 40.95402960 -54.73650507 46.25121030
v 51.31885698 -55.52802101 43.49186983
v 74.33163866 -36.27431499 33.76258333
v 64.61616806 -28.46551040 48.46484519
v 64.05946212 -33.72457859 51.90993758
v 42.00772030 -35.51977550 35.69224756
v 39.85532023 -37.72741320 35.60219523
v 96.30956448 -46.91075969 36.46697536
v 73.44634359 -39.28010928 32.55082390
v 93.81300060 -57.74843749 39.73735218
v 38.39201188 -41.96124703 41.41932434
v 62.58990971 -29.40857304 50.53781825
v 49.23114562 -47.95047416 32.44629408
v 44.16734067 -34.20020626 46.10567442
v 67.59345731 -49.16742133 54.18484747
v 37.84700744 -55.21631522 37.86513602
v 59.72823727 -55.40870967 37.15487489
v 45.33274188 -46.87164124 47.73188233
v 92.64088192 -36.28828593 38.51950480
v 38.23836160 -39.79542209 35.33802045
v 65.99589691 -29.02124665 48.44648832
v 71.66456336 -32.50418576 48.26058371
v 58.43802253 -42.01046390 52.79465899
v 39.12550466 -41.63452131 35.07169371
v 54.32068102 -24.32824460 43.66024313
v 50.85032245 -25.71400907 40.16948539
v 37.54510476 -51.93049199 36.19883377
v 32.77318089 -48.89003489 40.89618709
v 64.82260864 -52.70342719 52.89139888
v 87.79323053 -58.29494665 36.28836123
v 71.82793375 -29.65501361 37.67926276
v 95.86782126 -52.94413919 36.73514468
v 61.72623026 -54.73715451 45.78916273
v 86.52375240 -55.69670344 47.88815895
v 41.25944101 -53.29181817 35.12475563
v 36.52041116 -47.21731812 43.66362509
v 47.49283198 -56.61112887 44.60073446
v 41.30255688 -58.23420293 43.86574583
v 86.60023096 -52.05481631 49.89224365
v 44.23360298 -33.55610107 45.52065568
v 41.00238988 -38.78741994 41.23720286
v 87.00410460 -54.41994307 49.36826410
v 81.11952202 -40.10692766 49.91139934
v 72.97055264 -55.30034805 34.62177161
v 59.69312852 -55.19248420 38.15587549
v 93.35222613 -39.36789378 43.72080815
v 94.74267219 -55.04178132 35.67485966
v 81.85200521 -50.43508576 31.63670628
v 83.14983758 -57.61331825 37.22522857
v 95.81364175 -54.32942106 38.08909372
v 43.91769005 -38.58238942 32.97255197
v 47.39472169 -33.78311704 48.96283561
v 56.86717624 -43.12867546 51.96295916
v 95.75028000 -42.07475860 40.76856859
v 55.00474169 -44.07957612 31.63570011
v 93.47146965 -37.38335855 37.24821233
v 77.20778267 -47.34908021 30.74387531
v 36.28206628 -43.35398399 39.80592282
v 50.42672216 -34.62922175 50.41322526
v 63.89181869 -45.77981386 55.00691249
v 70.88449628 -29.88679665 37.48814032
v 70.94689862 -54.00690811 33.25889921
v 40.30568344 -39.03334874 39.48138143
v 69.19854401 -27.72706714 43.14416085
v 58.56356311 -24.71461240 42.13385837
v 63.96080331 -32.96459545 51.70967692
v 47.97675346 -53.30034013 34.02896360
v 36.03291148 -44.76683064 41.80250359
v 50.11374606 -34.89129509 33.55769891
v 92.78591153 -46.59738421 47.33790138
v 84.11330126 -54.82239757 48.67503155
v 81.97666746 -47.33201138 51.66640145
v 52.48551712 -38.89002210 32.90140489
v 49.92789643 -36.15142659 33.34179124
v 40.24509663 -58.04095175 41.89446751
v 63.63324507 -29.09764397 49.81859526
v 80.69369167 -56.45926545 35.55320469
v 47.75212368 -27.90465556 45.23331089
v 55.95227998 -27.47724988 49.70987134
v 56.17360045 -52.44201733 51.65200832
v 34.37823107 -44.88991906 39.41396385
v 78.02162034 -29.79310181 38.14681712
v 43.89119604 -31.27687346 39.35459279
v 87.34302074 -31.46322133 41.06263783
v 81.01763360 -43.80141030 31.14142361
v 40.35161665 -38.37296153 34.02747138
v 95.25773631 -54.69080882 36.30594658
v 77.30895059 -36.57406300 33.58196577
v 75.67013092 -34.08763156 47.84242644
v 33.44071441 -46.40013883 38.85861311
v 85.45413990 -30.13482088 40.08710060
v 95.41204763 -53.03593557 36.03584325
v 65.67256834 -52.44800101 53.27099796
v 50.28617781 -39.40853679 50.42169950
v 75.03005898 -32.46905688 36.22932941
v 83.83830622 -34.98850985 34.49662636
v 82.79366163 -57.04096239 41.71716882
v 48.92118109 -36.17318761 50.10289435
v 49.12105777 -55.34819525 44.96438203
v 87.23263003 -58.40392232 38.26766666
v 86.75409581 -54.95099064 33.34719796
v 80.81707012 -31.24958373 37.29317859
v 73.72320092 -55.61660206 38.29353705
v 94.11237527 -57.02535609 36.46176628
v 65.17014954 -27.06951914 44.33310030
v 89.08595039 -52.90422854 49.30151018
v 81.83467874 -29.63824534 38.66483152
v 43.11960097 -35.42162084 44.16337991
v 55.16332765 -26.61369241 37.58276264
v 96.26146807 -51.03022592 38.12721194
v 53.43410327 -27.48772478 49.06543322
v 66.32369149 -39.63065606 53.18728521
v 50.05493738 -52.00998010 49.09560028
v 56.62920449 -55.99902463 38.36460876
v 86.83593315 -49.32275192 31.96607408
v 80.73746472 -47.86543424 52.12106302
v 86.90569771 -56.36834828 46.44458750
v 86.78231311 -57.98304647 35.94066467
v 91.50509907 -58.87467392 38.30341184
v 59.12617940 -45.80238978 53.44854250
v 36.89223654 -45.29362424 43.50108719
v 95.95134055 -43.02188875 39.68453125
v 93.84932105 -55.90587695 41.70758043
v 81.13878540 -51.47851690 51.12654174
v 95.11556001 -56.09869699 38.83960582
v 57.49772102 -42.59185509 52.29297315
v 60.91015903 -54.84760553 44.38806493
v 32.75907979 -50.55251587 42.28581571
v 76.49262263 -55.19585770 33.94612887
v 49.62322074 -51.23173897 49.79145086
v 61.76349555 -26.11745745 44.65692914
v 51.37693734 -27.23438537 37.54490243
v 37.94909300 -54.10020578 37.01175855
v 49.73536806 -28.83374413 36.85306011
v 51.03087031 -51.87471137 49.86848355
v 62.96086442 -27.79089698 37.62637582
v 95.00011531 -56.66172292 38.54610810
v 42.93867022 -38.88131005 33.21559855
v 38.11760516 -43.99544719 43.97554459
v 61.19738495 -44.74927895 54.47222574
v 47.24947294 -40.87511418 32.72031137
v 48.94668976 -53.54760889 34.24649022
v 73.28472013 -28.78937390 43.89373288
v 93.68660413 -57.39709665 36.40467766
v 89.74091999 -51.03533732 49.50982869
v 47.50205930 -51.66145264 48.47610974
v 41.03474615 -48.73239210 34.27511899
v 87.68372509 -52.78625272 49.61871537
v 55.17897968 -50.25657052 51.43282512
v 83.50940877 -37.36958413 33.02677224
v 39.02478615 -57.78699271 44.10719141
v 73.39652561 -46.95922442 30.66848883
v 46.20846050 -28.51924371 41.95067954
v 70.42880298 -45.50962109 54.56694034
v 91.41823386 -37.16807445 43.59903675
v 84.64719562 -52.14242651 50.18802408
v 67.36684500 -27.53809842 39.50709146
v 92.33509199 -44.87685039 46.89103129
v 72.40275945 -46.46994871 53.97203509
v 90.77102263 -53.89577518 47.24028044
v 48.54660050 -56.89378643 43.41968583
v 61.62197323 -43.55323901 54.41614012
v 50.61865566 -56.79250205 39.91462738
v 71.34091076 -40.01630186 52.02763518
v 36.47805887 -56.34527635 40.89767727
v 76.77391358 -29.06958123 43.01065689
v 72.24091060 -45.30535429 54.07862569
v 36.09154828 -42.83502377 36.99239845
v 37.24328051 -54.18180411 44.92949349
v 86.50504893 -54.79014086 49.05491249
v 78.16358706 -38.35123455 49.81762029
v 35.08692767 -44.12199871 39.31722056
v 77.45437640 -30.75894601 45.34937836
v 37.69529492 -40.57532558 36.27446208
v 63.61591903 -54.55987904 36.84251521
v 67.40873714 -46.57681360 54.77822403
v 94.15938851 -37.60509760 38.97746288
v 78.59758224 -54.12552363 50.25442112
v 49.23829906 -39.17556707 32.33401074
v 88.74522339 -58.69611825 37.68792057
v 71.54965046 -40.99656221 52.40489408
v 40.84238272 -36.62232065 36.73396139
v 61.48262384 -25.66409070 40.83406678
v 55.56538439 -48.71393215 31.38602894
v 38.06605005 -50.99702566 35.57334418
v 44.04941925 -32.20407143 37.23361131
v 44.25224137 -51.32301266 47.52369654
v 72.56818264 -53.58473853 52.52501787
v 94.70378323 -38.67846387 37.63795600
v 42.30087315 -45.70652910 34.33846948
v 61.47338262 -37.12296902 52.43564523
v 86.44555385 -30.68833885 40.38320496
v 90.63309611 -52.36582715 48.60582934
v 89.87276084 -56.83195213 45.29648109
v 54.14828894 -29.97736801 34.97078749
v 74.56016315 -33.12791398 47.46095127
v 62.66758500 -29.08346337 50.22088498
v 56.44474101 -24.43209485 43.78191364
v 86.74392840 -58.20395972 36.68309240
v 72.81495468 -27.89673204 42.05696636
v 37.20214872 -46.80846379 35.91062980
v 80.56505823 -55.00486573 47.38907399
v 59.68604026 -55.00133306 42.26687618
v 45.50752658 -29.53618861 39.71769484
v 60.33436978 -26.71180900 47.23891754
v 42.01193331 -53.74775901 35.36837613
v 93.91326944 -45.98145137 34.21564647
v 67.16198508 -28.36028666 46.56185493
v 47.06069843 -27.82182939 43.03771278
v 93.69125476 -50.77832141 44.70192993
v 60.76275618 -45.08367017 30.76452283
v 79.20347720 -50.21014096 31.23291606
v 47.74299667 -52.84428010 47.53893999
v 57.33964791 -35.01739665 33.50906268
v 90.98328207 -50.29388783 33.34713216
v 38.81807747 -57.91667203 41.83733539
v 37.59085972 -54.92746300 37.76754125
v 96.14881084 -50.02055283 38.75513873
v 59.93540939 -26.25521973 46.50981964
v 80.43388808 -29.21456273 38.97506685
v 71.57433637 -34.66100751 34.61639258
v 49.69585686 -42.95022356 32.60614061
v 75.89433179 -31.66847668 36.55512510
v 49.07322797 -32.12659469 34.23885703
v 67.96149203 -44.98003363 55.04053611
v 86.04763229 -47.31192806 31.69456929
v 62.82923289 -51.53902838 53.41358573
v 56.66773775 -55.45606287 40.60335542
v 50.35394971 -54.94967964 44.79328547
v 67.73600593 -50.46689697 53.83864071
v 38.68000592 -51.53111687 35.37297003
v 36.57533854 -42.62253293 36.58695797
v 64.86060819 -46.66595599 30.60858017
v 76.40180246 -32.57831636 36.05823839
v 41.59160268 -41.48078655 34.21336040
v 79.53003589 -43.99775559 31.00147281
v 90.92761705 -37.69687307 34.56803866
v 83.34643616 -31.73817819 44.39176673
v 43.15079969 -36.44595808 46.12790392
v 66.23880518 -41.91302380 31.01006209
v 40.76067660 -53.48243888 46.04003017
v 90.70220048 -55.78641701 45.63313313
v 54.46204556 -52.32106435 51.34173632
v 35.39920313 -46.70574706 42.76660961
v 45.58815790 -31.44153496 46.21289756
v 48.12283333 -57.45611005 41.89074611
v 59.16102933 -55.42080804 35.18807110
v 65.19979319 -49.47188557 54.34068248
v 60.52106138 -45.94588370 54.30330994
v 86.03756986 -57.19032689 42.77309014
v 44.64278591 -37.45071105 47.79519234
v 95.74891494 -50.84578610 36.20034146
v 52.16183817 -56.73717916 39.95649060
v 74.76668171 -33.25140309 35.83717147
v 52.21241766 -27.66204254 36.96790535
v 46.08545980 -31.50079900 47.13493640
v 73.01873297 -32.82799454 36.07382835
v 71.62014386 -27.83475923 40.37455799
v 61.33018685 -31.40992271 35.12584475
v 34.91874621 -54.25669703 39.93543309
v 46.10508456 -29.91375096 38.42188173
v 58.19569389 -55.74120037 37.67865611
v 48.91032365 -27.31948206 39.04020961
f 1644 2332 146
f 1644 146 1522
f 1522 146 2814
f 1633 146 2332
f 146 2540 2814
f 146 1633 2540
f 1633 501 2540
f 2814 2540 2734
f 1633 2947 501
f 2540 501 2670
f 2540 2670 2734
f 923 2734 2670
f 2670 501 923
f 2332 1644 1006
f 2332 1006 2555
f 1522 2814 1300
f 2555 1633 2332
f 2814 1512 274
f 1512 1627 2027
f 2555 2439 1633
f 1512 2814 2734
f 639 1512 2734
f 1512 639 1320
f 1512 1320 1627
f 2439 2774 1633
f 1633 2774 2947
f 639 2734 923
f 2774 1215 1483
f 2774 1483 2947
f 259 501 2947
f 923 501 259
f 2947 1483 259
f 923 259 43
f 1483 2035 259
f 1619 2404 2250
f 2404 1619 849
f 544 1006 2250
f 1619 2250 1006
f 1619 1006 1644
f 1522 1619 1644
f 849 1619 1522
f 849 1522 2571
f 547 1006 544
f 2571 1522 1300
f 547 2555 1006
f 274 1300 2814
f 547 2439 2555
f 274 1512 2027
f 1627 2518 2027
f 2439 405 2520
f 2520 2774 2439
f 2880 1320 639
f 2520 435 1215
f 2520 1215 2774
f 2880 639 923
f 435 112 1215
f 2880 1295 879
f 2880 923 1295
f 112 1050 1215
f 1050 1483 1215
f 43 1295 923
f 1050 1845 2035
f 1050 2035 1483
f 1934 259 2035
f 1295 43 2968
f 2035 1845 1934
f 1934 43 259
f 753 1076 2404
f 703 2250 1076
f 2404 1549 753
f 1076 2250 2404
f 849 1549 2404
f 1117 544 703
f 703 544 2250
f 544 1591 1346
f 490 1300 2437
f 490 2571 1300
f 2437 1300 274
f 2437 274 2932
f 1346 547 544
f 405 2439 547
f 405 547 1346
f 2027 2932 274
f 2518 937 2027
f 2518 1271 1345
f 2518 1627 1271
f 405 754 2520
f 1320 2854 1627
f 1634 112 435
f 2880 2243 1320
f 1320 2243 2854
f 1424 1050 112
f 2880 879 2243
f 1845 1050 1424
f 1295 122 364
f 1295 364 879
f 122 1295 2968
f 2968 43 1934
f 1934 249 2968
f 1267 2034 172
f 172 1497 2308
f 172 2034 1497
f 1267 932 2034
f 2034 1076 1497
f 1267 1879 932
f 932 1076 2034
f 1497 1076 753
f 2400 1497 753
f 1879 2775 932
f 932 703 1076
f 753 1549 2400
f 2775 1117 932
f 932 1117 703
f 1808 238 2775
f 2775 238 1117
f 238 544 1117
f 744 1591 1808
f 1591 238 1808
f 1591 544 238
f 1549 849 2571
f 1025 1549 2571
f 1025 2571 490
f 744 886 1591
f 886 1346 1591
f 886 744 992
f 2437 2932 1904
f 886 405 1346
f 886 992 405
f 405 992 235
f 2932 2027 937
f 2672 2518 1345
f 930 2672 1345
f 235 754 405
f 1627 1775 1271
f 1627 2854 1775
f 1271 1775 1345
f 435 2520 754
f 435 754 1634
f 2184 1775 2854
f 1634 1424 112
f 2243 879 2296
f 879 364 2296
f 2243 2296 2658
f 1424 2355 1203
f 1845 1424 1203
f 2968 2954 122
f 2608 1845 1203
f 2608 1934 1845
f 2608 249 1934
f 249 2954 2968
f 249 2608 73
f 1245 249 73
f 1245 2954 249
f 172 654 1710
f 414 172 1710
f 25 172 414
f 654 172 2308
f 25 1267 172
f 1879 25 784
f 1879 1267 25
f 1497 2400 2308
f 784 2775 1879
f 1531 2400 1549
f 1025 1531 1549
f 1531 1025 331
f 675 2162 2566
f 784 675 1808
f 784 1808 2775
f 2566 1808 675
f 2115 331 1025
f 1420 1808 2566
f 744 1808 1420
f 490 2115 1025
f 2115 490 1904
f 1904 490 2437
f 1420 992 744
f 992 1420 2334
f 2334 235 992
f 937 2518 2672
f 1401 2672 930
f 1108 772 2334
f 235 2334 772
f 772 754 235
f 57 930 1345
f 57 1345 2125
f 1775 2125 1345
f 754 772 320
f 2125 1775 2184
f 2125 2184 2813
f 320 1634 754
f 270 2813 2184
f 642 1634 320
f 1948 2184 2854
f 270 2184 1948
f 1634 642 1424
f 2658 2854 2243
f 2658 1948 2854
f 1424 642 2355
f 198 1203 2355
f 2296 364 883
f 2296 883 2658
f 198 2628 1203
f 2628 1884 1203
f 122 1081 364
f 1884 2608 1203
f 2954 1081 122
f 883 364 1081
f 2513 2608 1884
f 2608 2513 73
f 2954 1245 1352
f 1081 2954 1352
f 1710 654 2024
f 2024 654 832
f 832 654 2308
f 3012 25 414
f 153 832 2308
f 3012 784 25
f 153 2308 2400
f 3012 675 784
f 1531 153 2400
f 331 153 1531
f 1582 2162 675
f 2162 1582 69
f 331 2115 445
f 69 542 2162
f 2566 2162 542
f 542 1420 2566
f 2115 1904 445
f 908 445 1904
f 1996 1420 542
f 2932 908 1904
f 1420 1996 399
f 908 2932 937
f 2672 484 937
f 937 484 908
f 399 2334 1420
f 399 1108 2334
f 1401 930 57
f 328 772 1108
f 2125 1925 57
f 328 320 772
f 328 642 320
f 2813 270 1815
f 2355 642 956
f 1948 2658 2245
f 1948 2245 270
f 1614 198 2355
f 2658 883 2245
f 1614 2628 198
f 298 2245 974
f 1672 883 1081
f 883 2957 2245
f 974 2245 2957
f 883 1672 2957
f 1081 1735 1672
f 1672 1735 2502
f 1672 2502 2957
f 73 2513 1245
f 1081 1352 1735
f 1245 451 1352
f 1245 2513 451
f 1352 2547 1735
f 1352 451 2547
f 414 1710 2016
f 38 414 2016
f 1319 3012 38
f 38 3012 414
f 2314 832 153
f 1319 1065 3012
f 2314 153 331
f 1065 675 3012
f 1065 141 1582
f 1065 1582 675
f 445 352 331
f 352 445 2167
f 2167 445 908
f 69 1996 542
f 2167 908 484
f 1465 399 1996
f 2672 997 484
f 997 2672 159
f 159 2672 1401
f 1635 159 1401
f 1465 1108 399
f 57 1635 1401
f 1108 2144 328
f 1108 1465 2144
f 3007 57 1925
f 2125 1191 1925
f 1925 1191 1792
f 2813 1191 2125
f 1191 2813 1815
f 203 642 328
f 270 298 1815
f 2949 1191 1815
f 2245 298 270
f 1815 298 2949
f 1645 2355 956
f 2355 1645 1614
f 1851 298 974
f 974 1206 1851
f 2622 974 2957
f 974 2622 1206
f 2628 1718 998
f 998 1884 2628
f 2502 2622 2957
f 2423 2513 1884
f 998 2423 1884
f 2753 2502 1735
f 2502 2753 2770
f 1275 2513 2423
f 2513 1275 451
f 2753 1735 2547
f 429 2753 2547
f 1243 451 1275
f 1763 2547 451
f 1738 2547 1763
f 2547 1738 429
f 451 1243 1763
f 33 1755 2024
f 2881 1710 1755
f 1755 1710 2024
f 2024 2858 1930
f 2016 1710 2881
f 832 2858 2024
f 2574 2858 2314
f 832 2314 2858
f 2574 2314 2000
f 1065 1319 526
f 2000 2314 916
f 331 916 2314
f 916 114 958
f 916 331 352
f 916 352 114
f 1065 2015 141
f 623 69 1582
f 623 1582 141
f 157 69 623
f 114 352 631
f 2167 631 352
f 631 2167 484
f 69 157 2435
f 2435 1996 69
f 1523 1996 2435
f 1635 57 3007
f 3007 1925 506
f 1925 1792 506
f 1792 1162 506
f 328 2144 2640
f 1792 2616 1162
f 1792 1191 2616
f 2640 203 328
f 1191 2949 2616
f 642 203 956
f 956 203 1645
f 298 1851 2949
f 2949 1851 2425
f 1614 1718 2628
f 2892 1206 549
f 1206 2622 549
f 998 1718 2561
f 2770 549 2622
f 549 2770 1711
f 2770 2622 2502
f 2770 2753 429
f 2423 866 1275
f 2770 429 2342
f 866 1243 1275
f 1243 866 725
f 1763 1243 725
f 1738 2825 429
f 1763 725 1738
f 2024 362 33
f 1500 2016 2881
f 1930 2858 2574
f 38 2016 1319
f 958 2000 916
f 958 114 1478
f 2517 631 1696
f 2194 2435 157
f 997 631 484
f 1696 631 997
f 1696 997 378
f 2194 1523 2435
f 2906 378 997
f 159 2906 997
f 1523 1465 1996
f 1635 2906 159
f 1465 1523 1391
f 467 1635 3007
f 1391 39 1465
f 39 2144 1465
f 3007 506 289
f 1772 192 1162
f 289 506 1162
f 2144 39 2640
f 2616 1772 1162
f 1772 2616 1085
f 2949 2425 2616
f 1085 2616 2425
f 1851 2216 2425
f 203 474 1645
f 1851 1206 2216
f 2216 1206 2892
f 1614 41 1718
f 1986 2892 549
f 2561 2423 998
f 1711 1874 549
f 549 1874 1986
f 1711 2359 1874
f 1711 2770 2359
f 2359 2770 2342
f 2825 2342 429
f 2825 1008 2342
f 2342 1008 2359
f 866 1697 725
f 2825 2946 1008
f 2825 1738 2946
f 725 2946 1738
f 2881 3004 585
f 2881 1755 3004
f 3004 1755 33
f 1930 362 2024
f 617 362 1930
f 1319 2016 1901
f 2000 958 433
f 1478 433 958
f 2015 1065 526
f 1478 114 2885
f 114 631 2885
f 1631 623 141
f 1760 623 1631
f 1760 157 623
f 826 157 1760
f 2517 2885 631
f 1523 2194 980
f 2958 1523 980
f 1635 467 2906
f 1523 2958 1391
f 2491 1391 2958
f 289 467 3007
f 1391 2491 39
f 1162 192 289
f 1641 2533 192
f 192 1772 1641
f 1641 1772 1085
f 1458 39 2589
f 1641 1085 1462
f 1458 2640 39
f 1462 1085 2425
f 475 2640 1458
f 2425 1495 1462
f 475 203 2640
f 475 474 203
f 1495 2425 2216
f 2216 2476 1495
f 1645 1480 1614
f 2892 2476 2216
f 1480 41 1614
f 2476 2892 2915
f 2892 1986 2915
f 1764 1718 41
f 1718 1764 2561
f 32 1986 1874
f 1874 412 32
f 2359 644 1874
f 1874 644 412
f 2561 2581 2423
f 2581 866 2423
f 2359 1035 644
f 1697 866 2581
f 2946 68 1008
f 2946 725 1697
f 2946 2761 68
f 1697 795 2946
f 2946 795 2761
f 3004 2621 2242
f 1500 2881 585
f 33 2621 3004
f 2621 33 362
f 617 2621 362
f 2170 617 1930
f 1901 2016 1970
f 1970 2016 1500
f 1930 2574 2170
f 95 2170 2574
f 1901 441 1319
f 95 2574 2000
f 95 2000 433
f 2025 433 1478
f 141 2015 2486
f 150 2025 1478
f 1478 2885 150
f 1760 1631 417
f 881 2902 826
f 826 2902 157
f 2194 157 2902
f 378 1583 1696
f 1583 378 2403
f 2194 2902 980
f 378 2906 2403
f 2403 2906 2154
f 2906 467 2154
f 1969 2958 980
f 2958 1969 1551
f 1551 2491 2958
f 2706 467 289
f 2706 289 678
f 678 289 192
f 2589 39 2491
f 570 2533 1641
f 570 222 2533
f 1641 1462 292
f 1641 292 570
f 1462 813 292
f 1462 1495 813
f 813 1058 292
f 1495 2476 2038
f 1495 2038 813
f 1058 813 2038
f 475 799 474
f 1645 474 1810
f 2038 2476 2301
f 1645 1810 1480
f 2476 2915 2301
f 2301 2915 1133
f 1029 2915 1986
f 2915 1029 1133
f 1029 1986 32
f 412 681 32
f 412 644 681
f 1764 2581 2561
f 2359 1008 1035
f 2581 967 1697
f 1008 68 1409
f 1313 2761 137
f 2761 1313 68
f 2761 795 137
f 2242 1039 550
f 2621 1039 2242
f 920 585 2242
f 2242 585 3004
f 1500 920 1970
f 1500 585 920
f 425 617 2170
f 2464 2170 95
f 95 433 2464
f 1464 2464 433
f 441 1596 1319
f 1596 526 1319
f 1596 2015 526
f 1464 433 2025
f 141 2486 1631
f 479 150 2885
f 2885 2517 479
f 479 2517 1696
f 1103 2902 881
f 980 2902 1103
f 2403 61 1583
f 834 2154 467
f 834 467 2706
f 780 834 2706
f 678 192 28
f 2827 2589 2491
f 2533 28 192
f 2969 28 2533
f 2969 2159 2856
f 2969 222 2159
f 2969 2533 222
f 2159 222 2124
f 2124 375 2159
f 222 570 2124
f 2589 2827 1458
f 570 1058 2124
f 1058 570 292
f 2124 1058 2840
f 1058 345 2840
f 1460 475 1458
f 1058 2038 345
f 2038 1963 345
f 475 1460 799
f 1810 474 799
f 2038 2301 1963
f 1480 1945 41
f 1945 1764 41
f 1365 1029 32
f 681 1365 32
f 1764 1945 2828
f 305 2581 1764
f 2828 305 1764
f 1035 1894 644
f 1008 1409 1035
f 68 1313 1409
f 967 1875 1697
f 1875 795 1697
f 529 137 795
f 529 795 1875
f 2883 2242 2049
f 2049 2242 550
f 2883 920 2242
f 1039 2621 617
f 1039 617 1804
f 425 1804 617
f 1571 1970 920
f 425 2084 1804
f 2084 425 1530
f 1530 781 2084
f 2170 1530 425
f 2464 1530 2170
f 781 1530 2464
f 823 2464 1464
f 1839 2015 1596
f 2486 2015 1839
f 2953 1631 2486
f 417 1631 2953
f 417 826 1760
f 881 826 417
f 1646 1103 881
f 1696 1152 479
f 61 1152 1583
f 1152 1696 1583
f 834 1007 2154
f 1551 1969 1115
f 780 2706 678
f 1551 1125 2491
f 2827 2491 1125
f 446 2969 2856
f 446 28 2969
f 2635 2856 2159
f 375 566 2159
f 1682 375 2124
f 2840 1682 2124
f 1458 2827 705
f 705 1460 1458
f 2840 345 2941
f 161 1963 2301
f 1963 161 345
f 691 2301 1133
f 161 2301 691
f 1030 1133 1029
f 691 1133 1030
f 1810 2140 1480
f 1945 1480 2140
f 1030 1029 1365
f 1365 1149 1030
f 681 644 1707
f 1035 1409 2287
f 1035 2287 1894
f 305 987 967
f 2581 305 967
f 1409 2152 2287
f 1313 745 1409
f 967 987 1875
f 1875 553 529
f 1039 2629 550
f 1039 1377 2629
f 2883 2049 1217
f 1039 1804 1377
f 1571 920 2883
f 2029 1377 1804
f 1804 2084 2029
f 1901 1970 1571
f 2084 781 2735
f 441 1901 1959
f 781 2464 823
f 1464 44 823
f 2025 44 1464
f 2025 554 44
f 2262 417 2953
f 881 420 1646
f 1969 980 1103
f 1646 1969 1103
f 1855 1969 1646
f 2403 2810 61
f 2154 2810 2403
f 780 1007 834
f 678 1881 780
f 1881 28 2831
f 1881 678 28
f 2831 28 446
f 2856 2206 446
f 2635 2159 566
f 1946 2635 566
f 2290 1946 566
f 2827 524 705
f 2290 566 375
f 2840 375 1682
f 2093 375 2840
f 2840 2941 2093
f 2093 2941 2833
f 2941 345 2833
f 2833 345 1962
f 788 799 1460
f 1962 345 161
f 161 1018 1962
f 161 691 1018
f 1810 799 363
f 799 575 363
f 1943 691 1030
f 363 2140 1810
f 1030 1149 1943
f 2140 2828 1945
f 681 1149 1365
f 2140 1992 2828
f 2828 1992 305
f 1284 305 1992
f 644 111 1707
f 644 1894 111
f 305 1284 987
f 987 1284 27
f 1313 2307 745
f 1409 745 2152
f 987 2386 220
f 1875 987 220
f 220 553 1875
f 1313 137 2307
f 550 2569 2049
f 2569 1217 2049
f 2084 1294 2029
f 2084 2735 1294
f 1959 1901 1571
f 2735 781 823
f 2735 823 1342
f 1596 441 1959
f 150 1448 2025
f 1448 554 2025
f 2304 417 2262
f 2304 2195 417
f 881 417 2195
f 1576 1646 420
f 1115 1969 1855
f 1007 2780 2154
f 1007 780 1881
f 2831 446 71
f 1125 1551 1115
f 1548 2206 2856
f 1548 2856 2635
f 2290 1750 1946
f 2093 2290 375
f 2290 2093 2432
f 1459 2290 1771
f 2290 2432 1771
f 2833 1305 2093
f 1962 1784 2833
f 2060 1962 1018
f 1962 2060 1784
f 575 799 788
f 1688 1018 691
f 1018 1688 1920
f 1018 1920 2060
f 1688 691 1943
f 363 575 2860
f 1688 1943 2987
f 1943 2662 2987
f 2860 2140 363
f 1149 2662 1943
f 2140 2860 1992
f 2860 1290 1992
f 1992 1290 1284
f 1707 1149 681
f 1149 2922 2662
f 1302 27 1284
f 1894 2612 111
f 111 2612 2260
f 27 1302 2386
f 987 27 2386
f 220 988 553
f 553 1860 529
f 988 1860 553
f 137 529 2307
f 176 2629 582
f 833 2569 176
f 2629 176 2569
f 215 1217 2569
f 215 2569 833
f 550 2629 2569
f 1912 1217 215
f 1377 1034 2629
f 1034 1377 2029
f 1217 1912 2883
f 1912 1571 2883
f 1912 1959 1571
f 2735 1342 1294
f 2557 1342 823
f 3010 1596 1959
f 44 2557 823
f 58 2557 44
f 3010 7 1839
f 1839 1596 3010
f 2617 1839 7
f 554 2714 44
f 2486 1839 2617
f 2617 2953 2486
f 2953 2617 2262
f 1448 814 554
f 420 881 2195
f 1448 150 479
f 479 1152 1448
f 212 1152 61
f 1855 1646 349
f 1881 2831 413
f 1125 1115 768
f 2206 71 446
f 2637 1548 2635
f 524 2827 1125
f 1946 2637 2635
f 1946 1750 2637
f 1750 2290 1459
f 2093 1305 2432
f 310 2432 1305
f 1305 1412 310
f 2833 1412 1305
f 788 1460 1023
f 1784 1412 2833
f 1688 2285 1920
f 2860 2444 1290
f 575 2444 2860
f 1290 2395 1284
f 2395 1987 1284
f 1707 2922 1149
f 1302 1284 1987
f 2260 1707 111
f 1707 2260 2922
f 2612 1917 2260
f 2378 220 2386
f 1860 2597 529
f 529 2597 2307
f 2597 2742 2307
f 2307 2742 745
f 2091 215 833
f 2629 1034 895
f 2029 715 1034
f 1294 715 2029
f 79 209 1912
f 1959 209 1702
f 1912 209 1959
f 2557 621 1342
f 1702 3010 1959
f 1702 1574 3010
f 1574 7 3010
f 2714 58 44
f 408 2617 7
f 408 2262 2617
f 2021 2262 408
f 814 2714 554
f 2304 2262 2021
f 2195 2304 420
f 1152 212 1448
f 2780 2810 2154
f 290 1855 349
f 2236 1007 24
f 2236 2780 1007
f 290 1115 1855
f 24 1007 1881
f 768 1115 290
f 1459 471 1750
f 1899 705 524
f 1709 2074 1771
f 2432 1709 1771
f 1899 1023 705
f 1460 705 1023
f 1709 2432 310
f 1709 2174 2074
f 2174 1709 310
f 310 1412 2668
f 575 788 650
f 650 2444 575
f 2060 1920 2238
f 1302 2378 2386
f 1253 2287 2152
f 1894 2287 1253
f 1894 1253 2612
f 2612 1253 2771
f 1819 2152 745
f 2152 1819 1016
f 2152 1016 1253
f 785 220 2378
f 745 2742 1819
f 220 785 988
f 984 833 176
f 984 176 582
f 895 582 2629
f 895 1034 1799
f 79 215 2091
f 1799 1034 715
f 79 1912 215
f 1423 715 1294
f 282 1423 1294
f 282 1294 1342
f 621 282 1342
f 209 2732 1702
f 2732 1574 1702
f 428 7 1574
f 58 621 2557
f 408 7 428
f 2718 58 2714
f 2021 408 2832
f 2067 2714 814
f 212 814 1448
f 349 1646 1576
f 61 1643 212
f 2810 1643 61
f 2236 2810 2780
f 413 24 1881
f 51 1125 768
f 1125 51 524
f 902 1548 2637
f 2455 2637 1750
f 1750 471 2455
f 1771 1372 1459
f 2074 1372 1771
f 1485 2074 2174
f 2174 310 2668
f 2174 2668 1145
f 2174 1145 1485
f 788 1023 810
f 2668 1412 1784
f 810 650 788
f 2444 2077 1290
f 1317 1784 2060
f 1317 2060 2294
f 2077 2395 1290
f 1688 2987 2285
f 2922 786 2662
f 2260 786 2922
f 2260 1854 786
f 2260 1917 1854
f 761 2378 1302
f 2612 2771 1917
f 1917 2771 1376
f 1253 1016 2771
f 2742 1488 1819
f 988 383 1860
f 785 383 988
f 1860 395 2597
f 383 395 1860
f 2742 2597 244
f 2091 833 984
f 895 2944 582
f 1799 2944 895
f 1778 79 2091
f 715 185 1799
f 185 715 1423
f 79 302 209
f 1469 1574 2732
f 428 1574 1469
f 2524 621 58
f 2524 58 2718
f 1650 408 428
f 2832 408 1650
f 2665 2718 2714
f 1793 2665 2714
f 1927 2021 2832
f 2304 2021 1927
f 661 1643 2810
f 24 413 2972
f 71 413 2831
f 902 2637 2455
f 51 2506 524
f 1751 2455 471
f 1372 471 1459
f 2074 2176 1372
f 1567 1023 1899
f 1485 2101 2074
f 2101 1485 2473
f 1485 1145 2473
f 1145 2668 138
f 1784 138 2668
f 2337 1145 138
f 138 1784 1317
f 2294 2060 2238
f 2238 1920 2285
f 591 2662 786
f 1388 761 1987
f 1987 761 1302
f 1854 1917 454
f 1376 2771 2945
f 2118 1016 1819
f 2771 1016 2118
f 785 2378 1821
f 1488 2742 244
f 383 785 1348
f 2597 395 244
f 844 6 984
f 354 844 984
f 6 2091 984
f 354 984 582
f 2944 354 582
f 898 2669 2944
f 898 2944 1799
f 2618 898 185
f 898 1799 185
f 302 79 1778
f 1423 1095 185
f 2055 1095 1423
f 1886 209 302
f 2732 209 1886
f 282 2055 1423
f 621 2693 282
f 2524 2693 621
f 2665 2445 2718
f 2304 1927 1350
f 420 2304 1350
f 420 1350 1576
f 661 2810 2236
f 24 2972 2236
f 2851 413 71
f 71 2206 2851
f 880 2206 1548
f 880 1548 902
f 1751 1378 2455
f 524 2506 1899
f 416 1751 471
f 1372 2176 471
f 2176 416 471
f 2074 822 2176
f 2101 822 2074
f 810 1023 1567
f 1761 1145 2337
f 1145 1761 2473
f 2337 138 1317
f 1317 2294 1467
f 1317 1467 2337
f 2987 123 2285
f 2285 123 2576
f 2285 884 2238
f 2238 884 2294
f 2987 2662 123
f 786 2083 591
f 1917 1376 454
f 2771 2118 2945
f 1488 315 1819
f 1819 315 2118
f 1821 1348 785
f 1348 2096 383
f 383 2096 395
f 2166 6 85
f 85 6 844
f 2669 392 354
f 2091 6 918
f 2944 2669 354
f 2091 918 1778
f 2032 2618 185
f 1095 2032 185
f 282 3008 2055
f 282 2693 3008
f 1590 428 1469
f 1624 2832 1650
f 2718 2445 2524
f 2679 290 349
f 297 902 2455
f 1378 1751 416
f 1341 416 2176
f 650 1825 2444
f 810 1825 650
f 543 2101 2473
f 543 2473 265
f 2473 766 265
f 766 2473 1761
f 265 766 2583
f 2337 1673 1761
f 1761 350 766
f 1673 2337 1467
f 1761 1673 350
f 1467 1671 1673
f 2576 884 2285
f 2294 2904 1467
f 1467 2904 1671
f 591 123 2662
f 727 123 591
f 1854 2083 786
f 1504 454 1376
f 2945 1504 1376
f 2118 315 2945
f 2378 1414 1821
f 244 1936 1488
f 1821 1213 1348
f 395 1501 244
f 395 2096 1501
f 85 844 2146
f 354 2146 844
f 2146 354 392
f 918 6 2166
f 615 1778 918
f 615 1653 302
f 615 302 1778
f 1886 302 1653
f 1886 1863 2732
f 2732 1863 1469
f 3008 2103 2055
f 2693 1700 3008
f 1427 428 1590
f 1650 428 1427
f 1927 2832 1624
f 2183 2524 2445
f 1850 1350 1927
f 1137 1576 1350
f 212 2686 814
f 349 1576 1137
f 2972 2844 2236
f 1906 1357 413
f 413 1357 2972
f 1256 413 2851
f 880 1256 2851
f 2206 880 2851
f 207 902 297
f 297 2455 1378
f 912 1341 2176
f 912 2176 822
f 543 1075 2101
f 2128 2444 1825
f 2542 766 350
f 2583 766 2542
f 2077 1749 2395
f 1749 1987 2395
f 350 858 2542
f 884 2904 2294
f 1671 2904 377
f 1671 377 1673
f 1673 377 2702
f 1673 2702 350
f 2576 123 727
f 1824 884 2576
f 1413 727 591
f 2576 1493 1824
f 2083 1854 454
f 2083 454 864
f 1414 2378 761
f 1414 1213 1821
f 244 1501 1936
f 2166 85 2973
f 392 1124 2146
f 2166 2237 918
f 392 2669 1124
f 1519 1124 2669
f 898 1519 2669
f 2618 1519 898
f 2237 615 918
f 1886 1653 1863
f 2103 2032 1095
f 2055 2103 1095
f 2935 1469 1863
f 1590 1469 2935
f 118 1650 1427
f 1624 1650 118
f 1700 2693 2524
f 1350 1850 1074
f 814 2686 2067
f 1643 2686 212
f 1643 661 1151
f 2844 661 2236
f 2844 1151 661
f 2844 2972 2983
f 207 880 902
f 1378 339 297
f 290 779 51
f 51 768 290
f 1341 2768 416
f 2189 1899 2506
f 912 822 1075
f 513 1899 2189
f 1075 822 2101
f 1567 1899 513
f 1567 704 810
f 704 1825 810
f 2477 265 2583
f 1446 2477 2583
f 1446 2583 2542
f 350 2702 858
f 858 965 2542
f 1446 2542 1421
f 1421 2542 965
f 1824 2904 884
f 2904 2040 377
f 1493 727 1413
f 1493 2576 727
f 1493 2549 1824
f 2904 1824 2040
f 591 2083 1413
f 1413 797 1493
f 761 2350 719
f 2945 135 1504
f 761 719 1414
f 8 315 2716
f 1488 2716 315
f 2070 1213 1414
f 2096 1348 2815
f 2096 2815 1501
f 2973 85 1975
f 237 1975 2146
f 2146 1975 85
f 2166 136 2237
f 136 2166 2973
f 1124 1178 2146
f 1178 237 2146
f 2715 2618 2032
f 850 1863 1653
f 2935 1863 850
f 2103 2715 2032
f 384 3008 1700
f 1700 2524 2183
f 2003 1850 1927
f 183 1350 1074
f 183 1137 1350
f 1793 2714 2067
f 1137 183 452
f 2686 1643 1151
f 452 349 1137
f 349 452 2026
f 2026 2679 349
f 2983 2972 1357
f 1906 1256 1307
f 1256 1906 413
f 2172 2214 207
f 2214 880 207
f 207 297 960
f 290 2679 779
f 339 1378 1546
f 416 1546 1378
f 51 779 1308
f 704 1567 513
f 2077 2444 2128
f 1749 1524 1987
f 1446 248 707
f 1421 248 1446
f 2702 377 2040
f 113 858 2702
f 965 858 113
f 2040 2240 2702
f 2702 2240 113
f 965 110 1421
f 1413 1505 797
f 1493 797 2549
f 1388 2350 761
f 2374 454 1504
f 454 2374 864
f 2083 864 1505
f 2838 135 2945
f 1504 135 2374
f 2945 315 2838
f 2838 315 8
f 719 2070 1414
f 136 2973 943
f 1975 759 2973
f 759 943 2973
f 1270 2237 136
f 2197 2237 1270
f 2197 615 2237
f 1621 1519 2618
f 2103 384 2715
f 384 2103 3008
f 384 1700 1398
f 1624 118 1072
f 1927 1624 1626
f 726 2445 2665
f 2686 1793 2067
f 2686 3006 2230
f 3006 2686 1151
f 1151 3003 3006
f 1151 2844 3003
f 1307 1256 2214
f 2172 200 2214
f 1256 880 2214
f 207 960 2172
f 2768 1546 416
f 2768 493 1546
f 493 2768 2805
f 1341 147 2768
f 2506 51 1308
f 912 147 1341
f 912 1075 147
f 2994 2506 1308
f 2994 2189 2506
f 2022 2128 1825
f 2477 543 265
f 2022 2077 2128
f 67 2077 2022
f 67 1749 2077
f 369 2477 1446
f 369 1446 707
f 67 1524 1749
f 1388 1987 1524
f 251 1824 2549
f 2040 1824 251
f 113 110 965
f 1421 110 248
f 2083 1505 1413
f 2040 251 1044
f 2040 1044 2240
f 864 2374 1505
f 2838 1227 135
f 1418 719 2350
f 1488 1936 2446
f 1488 2446 2716
f 975 1213 2070
f 576 1213 975
f 1348 1213 576
f 1348 2754 2815
f 2754 1501 2815
f 237 31 1975
f 1519 1178 1124
f 2505 615 2197
f 1621 1701 1519
f 2505 1653 615
f 2505 850 1653
f 2935 850 2694
f 1626 1624 1072
f 1700 2634 1398
f 2003 1927 1626
f 986 183 1074
f 726 2183 2445
f 2665 1793 726
f 726 1793 2698
f 452 183 1181
f 1181 183 986
f 2230 1793 2686
f 2698 1793 2230
f 2698 2230 848
f 848 2230 3006
f 2983 1357 2582
f 1357 1906 1307
f 200 1307 2214
f 2172 2297 200
f 2679 2026 779
f 960 2297 2172
f 2768 835 2805
f 835 2768 147
f 835 147 2926
f 147 1075 2926
f 543 939 1075
f 1825 704 2224
f 248 1120 707
f 248 1340 1120
f 2288 248 110
f 2288 1340 248
f 251 2549 797
f 113 2240 2795
f 113 2795 1558
f 113 1558 110
f 2374 540 1505
f 1505 540 797
f 797 540 54
f 797 54 251
f 251 54 1112
f 2374 135 2005
f 2070 719 522
f 975 2070 522
f 1348 576 2754
f 360 136 943
f 360 2182 1270
f 360 1270 136
f 1178 1691 237
f 1691 31 237
f 1270 2182 2197
f 2182 2012 2197
f 1178 1519 1701
f 2012 2505 2197
f 2715 1621 2618
f 1590 2935 2694
f 1427 592 118
f 1427 1590 592
f 2422 2715 384
f 1398 1104 384
f 1977 2003 1626
f 2539 1850 2003
f 1074 1850 2539
f 726 2741 2183
f 2844 2568 3003
f 2568 2844 2983
f 1357 418 2582
f 1307 418 1357
f 1307 2379 418
f 271 2379 1307
f 271 1307 200
f 339 682 297
f 645 339 1546
f 645 1546 493
f 939 2926 1075
f 704 513 3005
f 2022 1825 2224
f 2477 1019 543
f 67 2441 1524
f 1524 2441 2620
f 1120 1113 707
f 2620 1388 1524
f 1388 2620 2112
f 2288 872 1340
f 1558 2288 110
f 2112 2350 1388
f 540 2374 2005
f 1112 1044 251
f 1044 93 2240
f 2240 93 2795
f 2795 93 296
f 2795 296 1558
f 1227 2005 135
f 540 2005 2302
f 2838 2069 1227
f 522 719 1418
f 2716 503 8
f 2716 2446 503
f 415 503 2446
f 1501 72 1936
f 72 1516 1936
f 1936 1516 2446
f 2644 759 1975
f 1402 2012 2182
f 1701 971 1178
f 1621 1047 1701
f 592 1590 2694
f 2275 118 592
f 1072 118 2275
f 2422 384 1104
f 1471 1104 1398
f 986 1074 2539
f 2183 2634 1700
f 2634 2183 2970
f 848 2528 2698
f 2553 2528 848
f 2553 848 372
f 372 848 3006
f 372 3006 3003
f 2983 2582 2568
f 418 1263 2582
f 200 1525 271
f 779 2026 263
f 448 200 2297
f 2297 960 1942
f 682 1942 960
f 297 682 960
f 339 645 682
f 1150 1812 2926
f 1812 835 2926
f 939 1057 2926
f 1057 1150 2926
f 3005 513 2189
f 704 3005 669
f 669 2224 704
f 182 2022 2224
f 543 1445 939
f 543 1019 1445
f 1019 2477 2431
f 67 2022 1387
f 369 2431 2477
f 1340 1167 1120
f 872 1167 1340
f 2302 54 540
f 1112 2710 1044
f 1044 2710 93
f 1227 1683 2005
f 1683 2302 2005
f 2069 361 1227
f 8 1325 2838
f 2838 1325 2069
f 8 503 1325
f 2754 72 1501
f 759 2644 2232
f 943 759 2232
f 1975 31 2644
f 1846 2012 1402
f 2505 2012 1846
f 1846 850 2505
f 1398 1754 1471
f 2539 2003 1977
f 1754 1398 2634
f 946 1754 2634
f 2970 2183 2741
f 726 2528 2741
f 2528 726 2698
f 3003 2568 372
f 2568 2582 1263
f 1263 418 1999
f 1525 200 448
f 1150 1057 1466
f 939 1445 1057
f 1445 1466 1057
f 1867 1445 1019
f 1019 2431 1867
f 648 1387 2022
f 1387 311 67
f 707 1113 369
f 311 2441 67
f 2288 854 872
f 1443 1112 54
f 296 1428 1558
f 2288 1558 854
f 854 1558 1428
f 54 2302 1443
f 1112 1443 601
f 1112 601 2710
f 1227 361 1683
f 1683 361 2712
f 1516 415 2446
f 576 2106 2754
f 975 2106 576
f 2754 1911 72
f 943 2044 360
f 943 2232 2044
f 2182 360 2044
f 1691 1178 971
f 2570 850 1846
f 1047 1621 2715
f 2570 2694 850
f 1528 2694 2570
f 1528 592 2694
f 2275 592 1528
f 2539 1638 986
f 2970 946 2634
f 2562 1263 1999
f 1999 418 2379
f 2379 2845 1999
f 2845 2379 271
f 1837 779 263
f 404 448 2297
f 493 558 645
f 2805 558 493
f 835 1951 2805
f 2270 1812 1150
f 1527 2189 2994
f 2189 1527 3005
f 1445 1867 1466
f 648 2022 182
f 120 2620 2441
f 1120 1729 1113
f 1120 1167 1729
f 872 1656 1167
f 872 380 1656
f 854 380 872
f 854 1676 380
f 934 93 2710
f 296 93 934
f 2302 2448 1443
f 2710 601 934
f 1325 789 2069
f 2754 2106 1911
f 31 2818 2644
f 31 1691 2818
f 971 232 1691
f 1701 1406 971
f 1047 1406 1701
f 900 1047 2715
f 2422 900 2715
f 546 1072 2275
f 546 1626 1072
f 34 1626 546
f 1977 1626 34
f 34 1623 1977
f 1623 2539 1977
f 1638 2539 1623
f 1043 2553 372
f 1921 452 1181
f 2323 372 2568
f 2026 452 1921
f 1999 1371 2562
f 1921 263 2026
f 271 1525 2845
f 263 2137 1837
f 404 2297 662
f 662 2297 1942
f 2938 1951 835
f 1812 2938 835
f 1527 2994 1276
f 1150 1466 2270
f 2647 2224 669
f 2431 1174 1867
f 1174 2431 369
f 1113 1174 369
f 1113 977 1174
f 1113 1729 977
f 2620 120 2112
f 1196 2112 120
f 854 555 1676
f 2350 2112 1136
f 2302 614 2448
f 854 1428 555
f 1136 477 1418
f 503 789 1325
f 522 1418 477
f 1911 2327 72
f 72 2327 1516
f 1911 2106 2584
f 1119 537 2644
f 2644 2818 1119
f 537 2232 2644
f 2044 177 2182
f 1084 2182 177
f 1402 2182 1084
f 1787 1846 1402
f 1787 2570 1846
f 900 1406 1047
f 1104 1383 2422
f 1104 1471 1383
f 2323 2568 1263
f 1263 2562 2323
f 1371 1999 2845
f 505 263 1921
f 448 1993 1525
f 662 1942 682
f 1668 662 682
f 645 1668 682
f 558 1668 645
f 1951 558 2805
f 1837 2545 779
f 2545 1308 779
f 2545 2994 1308
f 2270 2938 1812
f 1867 2724 1466
f 182 2224 2647
f 1220 648 182
f 311 1387 648
f 1683 614 2302
f 2448 614 1443
f 614 893 1443
f 1443 893 601
f 601 2510 934
f 893 2510 601
f 934 1600 296
f 2510 1600 934
f 1600 1428 296
f 1418 2350 1136
f 522 477 1971
f 522 1971 975
f 2818 1593 1119
f 1745 2232 537
f 1745 2044 2232
f 1691 373 2818
f 373 1691 232
f 1084 1787 1402
f 233 546 2275
f 2276 1623 34
f 2970 561 946
f 1611 2970 2741
f 1638 1181 986
f 1611 2741 2528
f 1890 1921 1181
f 2323 1043 372
f 1333 2323 2562
f 1371 382 2562
f 1525 1993 2845
f 448 404 1993
f 128 404 662
f 2352 1668 558
f 2789 2545 1837
f 2938 1257 1951
f 2938 818 1257
f 2353 2545 2789
f 2938 651 818
f 2353 2994 2545
f 2938 2270 651
f 1276 2994 2353
f 2270 1466 651
f 1466 1455 651
f 3005 1527 669
f 1867 211 2724
f 1174 211 1867
f 1174 977 211
f 1657 648 1220
f 614 1683 1328
f 361 1628 2712
f 1683 2712 1328
f 503 733 789
f 503 415 225
f 94 2106 975
f 94 1385 2106
f 1385 2584 2106
f 802 1119 1225
f 802 545 1119
f 545 537 1119
f 1119 1593 1225
f 2823 1225 1593
f 545 1745 537
f 545 2348 1745
f 2818 2823 1593
f 1745 2348 177
f 177 2044 1745
f 373 232 2344
f 177 1520 1084
f 1084 1520 713
f 232 971 1163
f 713 2053 1084
f 1381 1084 2053
f 1381 1787 1084
f 2468 1787 1381
f 2468 2570 1787
f 1528 2570 2468
f 2422 1383 900
f 1754 245 1471
f 2001 1754 946
f 1123 1181 1638
f 1687 1611 2528
f 2553 1687 2528
f 1043 1687 2553
f 382 1333 2562
f 505 1921 1890
f 1993 1789 2845
f 2137 263 505
f 1695 662 1668
f 2352 1695 1668
f 2352 558 1951
f 1257 686 1951
f 1466 2724 1455
f 1492 2724 211
f 211 2803 1492
f 977 2803 211
f 977 1729 2803
f 1657 311 648
f 2112 820 1136
f 1600 656 1428
f 555 1428 656
f 614 1328 2239
f 789 472 2069
f 472 361 2069
f 94 975 1971
f 1516 2675 415
f 2327 2263 1516
f 1911 2584 2327
f 1629 738 1187
f 2082 572 1629
f 2082 1629 1187
f 1629 802 738
f 802 1225 738
f 1629 545 802
f 572 2348 1629
f 2348 545 1629
f 373 2823 2818
f 572 1520 177
f 177 2348 572
f 971 2963 1163
f 971 1406 2963
f 1406 900 2371
f 2204 1528 2468
f 1383 2371 900
f 355 15 1383
f 1383 1471 355
f 355 1471 245
f 2276 1638 1623
f 2001 946 1461
f 1123 1890 1181
f 1333 1043 2323
f 1789 1371 2845
f 128 2986 404
f 1837 337 2789
f 1455 1489 651
f 1455 2724 962
f 1527 2414 70
f 1527 1276 2414
f 1492 1995 2724
f 1492 2871 1995
f 70 669 1527
f 2647 669 70
f 1492 253 2871
f 2803 253 1492
f 2803 1742 253
f 1729 1742 2803
f 2624 2441 311
f 2624 120 2441
f 1656 2375 1167
f 380 2375 1656
f 380 1366 2375
f 1676 1366 380
f 1676 1264 1366
f 820 2112 1196
f 555 1264 1676
f 2239 893 614
f 11 2239 1328
f 733 732 789
f 1225 702 738
f 1225 2823 702
f 572 1036 1520
f 1870 2823 373
f 373 2344 1870
f 713 1520 1036
f 2053 819 1381
f 2468 1381 2755
f 2755 2204 2468
f 1528 2204 166
f 166 2275 1528
f 233 2275 166
f 1383 15 2371
f 2076 546 233
f 34 546 2076
f 1165 2276 34
f 2001 245 1754
f 2276 423 1638
f 561 1461 946
f 1734 1043 1333
f 382 913 1333
f 1371 913 382
f 404 2986 1993
f 1890 2137 505
f 1042 2137 1890
f 1652 2986 128
f 662 1652 128
f 1652 662 1695
f 337 2137 1042
f 337 1837 2137
f 686 2004 2352
f 2352 2004 1695
f 686 1603 2004
f 1951 686 2352
f 1603 686 1257
f 2789 2657 2353
f 651 1489 818
f 2353 2657 2763
f 2763 1276 2353
f 2414 1276 2763
f 2724 1995 962
f 2624 311 1657
f 2615 1196 120
f 888 893 2239
f 893 888 2510
f 888 491 2510
f 2510 491 1600
f 491 656 1600
f 2712 1628 1328
f 1136 1882 477
f 1882 1971 477
f 2675 225 415
f 2263 2675 1516
f 1820 1385 94
f 2823 2311 702
f 1441 572 2082
f 1870 2311 2823
f 1163 2344 232
f 2053 713 1286
f 1134 2963 1406
f 1381 819 2755
f 2191 233 166
f 2191 2076 233
f 1165 34 2076
f 1611 2752 2970
f 1053 1890 1123
f 913 1734 1333
f 486 1371 1789
f 336 486 1789
f 2004 1577 1695
f 641 1603 1257
f 818 641 1257
f 672 1489 608
f 1455 608 1489
f 962 608 1455
f 608 962 1995
f 2414 2590 70
f 253 214 2871
f 299 2647 70
f 1742 214 253
f 1729 2388 1742
f 1841 491 888
f 2019 656 491
f 2019 491 1841
f 2019 660 656
f 660 555 656
f 660 1264 555
f 1628 11 1328
f 2019 2047 660
f 225 733 503
f 94 1971 2075
f 1385 1723 2584
f 738 938 1187
f 938 2082 1187
f 2311 55 702
f 1441 1024 572
f 572 1024 1036
f 1829 1870 2344
f 972 1286 1036
f 713 1036 1286
f 819 2053 1286
f 2371 1134 1406
f 1090 2755 819
f 2501 166 2204
f 2501 2191 166
f 1165 423 2276
f 423 1123 1638
f 2316 1123 423
f 351 1687 1043
f 2837 351 1043
f 2837 1043 1734
f 2837 1734 438
f 913 1371 486
f 1993 336 1789
f 2986 336 1993
f 1652 1895 2986
f 2857 337 1042
f 255 2789 337
f 818 2651 641
f 255 2657 2789
f 672 2651 818
f 1489 672 818
f 672 608 851
f 1995 2607 608
f 2871 2607 1995
f 2871 214 2607
f 2347 2414 2763
f 2590 2414 2347
f 1291 70 2590
f 299 70 1291
f 2801 2647 299
f 2801 182 2647
f 182 2801 1220
f 2624 1041 120
f 2615 820 1196
f 1264 1364 1366
f 2239 1028 888
f 888 1914 1841
f 1841 2362 2019
f 1914 2362 1841
f 2362 2047 2019
f 1136 820 1882
f 2075 1971 1882
f 1820 1723 1385
f 2584 874 2327
f 2584 1723 874
f 702 1955 738
f 1955 938 738
f 2082 938 1208
f 2082 722 1441
f 2082 1208 722
f 1407 2311 1870
f 972 1036 1024
f 1829 1407 1870
f 972 252 1286
f 460 1829 2344
f 1163 460 2344
f 819 1286 252
f 1937 423 1165
f 1611 351 2752
f 1687 351 1611
f 2062 1123 2316
f 2062 1053 1123
f 2899 438 1734
f 2899 1734 913
f 1053 1042 1890
f 336 278 486
f 1695 1895 1652
f 1577 1895 1695
f 1595 1577 2004
f 641 1316 1603
f 1316 2004 1603
f 255 337 2857
f 641 2651 672
f 2763 2657 1620
f 608 4 851
f 608 2607 4
f 2384 2763 1620
f 2384 2347 2763
f 2199 2347 2384
f 2199 2590 2347
f 1048 2801 299
f 1264 2303 1364
f 660 2303 1264
f 660 2580 2303
f 1028 11 1481
f 1028 2239 11
f 1914 888 1028
f 2580 660 2047
f 11 1606 1481
f 1028 1481 1405
f 1028 1405 1914
f 732 472 789
f 2075 1820 94
f 2263 2327 874
f 1820 1715 1723
f 427 1955 702
f 972 1024 171
f 2963 460 1163
f 819 252 1090
f 1134 2371 1248
f 1248 2371 15
f 2501 2204 2755
f 355 2198 15
f 1937 1165 2076
f 561 2046 1461
f 2129 2752 351
f 2837 2129 351
f 2316 423 457
f 1292 336 2986
f 1895 309 2986
f 1315 2857 1042
f 1595 1895 1577
f 1316 1595 2004
f 1316 641 1685
f 1685 641 436
f 641 672 436
f 1620 2657 255
f 672 731 436
f 672 851 731
f 2607 1332 4
f 2607 348 1332
f 2607 214 348
f 2590 2199 1291
f 366 299 1291
f 2523 1220 2801
f 2615 120 1041
f 1366 1364 2375
f 820 2619 1882
f 472 1628 361
f 11 1628 1606
f 874 1252 2263
f 2263 1252 2675
f 1723 721 874
f 1715 721 1723
f 55 427 702
f 1407 55 2311
f 1441 722 2042
f 1024 1441 2042
f 972 171 252
f 2133 460 2963
f 1134 1893 2963
f 1132 2755 1090
f 2155 2076 2191
f 1422 2076 2155
f 2202 2198 355
f 245 2202 355
f 1274 245 2001
f 457 423 1937
f 2752 2129 1199
f 561 2970 2752
f 2129 2837 2688
f 2837 438 2688
f 486 2899 913
f 2899 486 278
f 1292 278 336
f 851 4 731
f 4 1332 731
f 2801 1048 860
f 2523 2801 860
f 1729 2375 2388
f 1167 2375 1729
f 820 2552 2619
f 2580 301 2303
f 1405 1481 1099
f 1185 1914 1405
f 1861 1914 1185
f 1861 2362 1914
f 1584 2047 2362
f 1584 2362 1861
f 1584 2007 2047
f 2007 2580 2047
f 2007 301 2580
f 1584 2192 2007
f 225 2252 733
f 225 2675 1252
f 1955 567 938
f 938 567 2705
f 2928 1955 427
f 1208 938 2705
f 2705 722 1208
f 2014 2822 1407
f 1829 2014 1407
f 2042 171 1024
f 2463 252 171
f 2133 2963 1893
f 511 252 2463
f 511 1090 252
f 2755 1132 2501
f 2198 1248 15
f 1274 2202 245
f 1422 1937 2076
f 2001 358 1274
f 1461 358 2001
f 2261 457 1937
f 2046 561 2752
f 2046 2752 1199
f 2376 1199 2129
f 2688 640 2129
f 829 2316 457
f 2062 2316 829
f 2421 2899 278
f 2421 60 2899
f 1315 1042 1053
f 2986 309 1292
f 1595 1082 1895
f 1082 1595 370
f 370 1595 1316
f 1685 436 132
f 1332 1916 731
f 2199 2384 2988
f 1826 299 366
f 299 1826 1048
f 1220 2523 2808
f 1220 2808 1657
f 2808 2624 1657
f 2808 1041 2624
f 19 820 2615
f 2303 1235 1364
f 301 1235 2303
f 2007 1579 301
f 472 732 2920
f 1481 1606 1099
f 1861 1185 1584
f 1584 599 2192
f 2075 1429 1820
f 1820 1429 1715
f 1715 243 721
f 2928 567 1955
f 427 55 2928
f 2822 55 1407
f 1045 171 2042
f 1090 511 638
f 638 1132 1090
f 335 1937 1422
f 2046 358 1461
f 640 2376 2129
f 950 2688 438
f 2899 950 438
f 523 1053 2062
f 1315 1053 523
f 1292 2421 278
f 1895 37 309
f 1082 37 1895
f 163 1620 255
f 1916 436 731
f 1840 2384 1620
f 134 2523 860
f 1041 19 2615
f 301 1579 1235
f 1185 1405 1099
f 2007 1092 1579
f 2619 2940 1882
f 1185 2282 1584
f 2282 599 1584
f 2007 2192 1092
f 2940 2210 1882
f 2075 1882 2210
f 2075 2210 1429
f 722 2705 2800
f 2800 204 2042
f 2042 722 2800
f 1829 2133 2014
f 460 2133 1829
f 1241 1893 1134
f 1241 1134 1248
f 687 2191 2501
f 335 1422 2155
f 2261 1937 335
f 1199 358 2046
f 1566 829 457
f 60 950 2899
f 1292 1716 2421
f 1292 309 1716
f 1082 2577 37
f 162 255 2857
f 436 1916 132
f 163 255 162
f 1840 1620 163
f 1840 2988 2384
f 214 1141 348
f 2388 214 1742
f 820 19 2552
f 2619 2552 2459
f 2619 2459 2940
f 472 2920 1628
f 1121 1099 1606
f 733 1834 732
f 732 1834 2920
f 1099 483 1185
f 733 2252 1834
f 2940 1060 2210
f 874 721 1252
f 2705 567 104
f 104 2800 2705
f 2887 204 2800
f 2042 204 2494
f 2494 1045 2042
f 2835 2463 171
f 171 1045 2835
f 1664 2133 1893
f 511 2463 569
f 1248 2013 1241
f 638 511 569
f 638 1261 1132
f 2501 1132 687
f 687 2931 2191
f 2155 2191 2931
f 1309 335 2155
f 1199 2376 1888
f 1566 457 2261
f 2688 1212 640
f 829 139 2062
f 950 1212 2688
f 2062 139 523
f 162 2857 1315
f 370 2577 1082
f 132 1916 2382
f 1594 1291 2199
f 1048 1826 1037
f 1048 1037 860
f 1037 134 860
f 2847 2808 2523
f 2459 2713 2940
f 1628 2920 2792
f 1092 2345 1579
f 2713 1060 2940
f 483 2282 1185
f 2416 2210 1060
f 2210 2416 1429
f 1429 243 1715
f 2416 243 1429
f 2579 567 2928
f 55 2058 2928
f 2494 204 2361
f 2133 2200 2014
f 2494 2835 1045
f 968 2463 2835
f 812 1893 1241
f 1248 2548 2013
f 569 2756 638
f 638 2756 1261
f 1261 687 1132
f 687 1261 379
f 2155 2931 1309
f 1199 1888 358
f 2326 2648 2261
f 2261 2648 1566
f 139 829 1566
f 279 1212 950
f 2421 1184 60
f 162 1315 596
f 309 1788 1716
f 37 1788 309
f 370 1316 1131
f 1316 1685 1131
f 163 162 2156
f 247 1840 163
f 1916 1332 2382
f 2988 1840 489
f 348 2483 1332
f 348 1141 2483
f 2988 1594 2199
f 2847 1041 2808
f 1364 636 2375
f 1579 48 1235
f 2345 48 1579
f 2920 1834 1618
f 2920 1618 2792
f 1628 2792 1606
f 599 904 2192
f 904 1092 2192
f 2913 1834 2252
f 2282 483 735
f 2282 735 2451
f 2282 2451 599
f 599 2451 2907
f 599 2907 904
f 225 1252 476
f 225 476 2252
f 2252 476 2913
f 1252 721 2639
f 1252 2639 476
f 721 243 2861
f 721 2861 2639
f 2579 104 567
f 2058 2579 2928
f 2800 104 917
f 2111 2800 917
f 55 2822 2058
f 2800 2111 2887
f 1752 2756 569
f 2198 2548 1248
f 2756 379 1261
f 2931 687 379
f 353 2931 379
f 353 1309 2931
f 2202 1274 1168
f 911 335 1309
f 1888 2376 1311
f 60 279 950
f 1716 1184 2421
f 596 1315 523
f 37 1769 1788
f 37 2577 1769
f 2577 370 643
f 2266 1131 1685
f 1685 132 2266
f 489 1840 247
f 556 2988 2065
f 556 1594 2988
f 1587 1291 1594
f 1587 366 1291
f 19 1041 2593
f 1232 1456 19
f 1456 2552 19
f 1364 1235 636
f 2345 636 48
f 2792 53 1606
f 53 1121 1606
f 2416 1060 1981
f 1834 2913 1780
f 1780 1415 1834
f 1834 1415 1618
f 1121 483 1099
f 1121 652 483
f 652 735 483
f 59 2639 283
f 476 2639 59
f 476 59 2913
f 2861 283 2639
f 2014 1088 2822
f 2361 204 2887
f 2200 1088 2014
f 281 1088 2200
f 2361 2368 2494
f 2200 2133 1664
f 812 1664 1893
f 1005 2463 968
f 569 2463 1005
f 379 2756 2201
f 1617 911 1309
f 911 2261 335
f 640 632 2376
f 1212 632 640
f 1212 1231 632
f 279 1231 1212
f 666 523 139
f 666 596 523
f 1131 643 370
f 764 489 247
f 489 2065 2988
f 1594 556 1587
f 366 1587 1826
f 2388 2041 214
f 1041 2847 2593
f 2375 419 2388
f 48 636 1235
f 2552 1456 2459
f 1618 89 2792
f 2792 89 53
f 652 1843 735
f 1843 2451 735
f 2416 1981 492
f 2416 509 243
f 2278 509 2416
f 243 509 2861
f 104 2579 2181
f 2579 2058 2281
f 2822 1088 2058
f 1664 1561 2200
f 1399 2835 2494
f 569 1005 1752
f 2201 2756 1752
f 2105 2548 2198
f 2201 353 379
f 2202 1214 2198
f 353 1617 1309
f 1274 358 2758
f 1274 2758 1168
f 1888 2758 358
f 1311 2758 1888
f 911 2326 2261
f 2326 1438 2648
f 730 1231 279
f 60 730 279
f 1897 1184 1716
f 1788 2222 1716
f 2577 186 1769
f 186 2577 643
f 163 2156 247
f 2266 976 1131
f 132 2382 2266
f 2483 2382 1332
f 1585 556 2065
f 1587 3000 1826
f 3000 1037 1826
f 447 134 1037
f 134 2847 2523
f 1456 776 2459
f 1092 127 2345
f 904 127 1092
f 904 1988 127
f 1618 1415 89
f 2094 1509 53
f 53 1509 1121
f 1121 1509 652
f 904 2907 1988
f 2930 2913 59
f 2913 2930 1780
f 492 2278 2416
f 283 2861 2575
f 283 2575 1026
f 1929 2181 2579
f 1929 2579 2281
f 104 2181 917
f 2666 2361 2887
f 281 2200 1561
f 812 1561 1664
f 2368 1399 2494
f 1241 1746 812
f 1399 968 2835
f 2548 1669 2013
f 2105 1077 2548
f 353 2201 2329
f 1617 2108 911
f 1311 2676 2758
f 1311 2376 632
f 1566 2648 139
f 730 60 1184
f 1184 1897 730
f 1716 2222 1897
f 1769 2222 1788
f 186 674 1769
f 643 1131 2246
f 976 2246 1131
f 2382 2241 2266
f 2382 1148 2241
f 2483 1148 2382
f 2483 677 1148
f 1141 677 2483
f 1080 556 1585
f 1080 1587 556
f 1258 1141 214
f 330 1037 3000
f 1037 330 447
f 2593 1232 19
f 1456 1232 401
f 636 419 2375
f 2459 776 1397
f 2345 2532 636
f 127 2532 2345
f 1988 2480 127
f 53 89 2094
f 1972 2907 2451
f 1972 2451 1843
f 1972 1988 2907
f 1415 2649 89
f 1972 1581 1988
f 59 10 2930
f 283 10 59
f 509 1622 2861
f 2861 1622 2575
f 2890 917 2181
f 2058 2164 2281
f 1088 2164 2058
f 2111 917 227
f 281 2164 1088
f 2887 2111 227
f 2666 2368 2361
f 1561 812 1746
f 1575 1399 2368
f 1135 1005 968
f 2226 1752 1005
f 1214 2105 2198
f 2329 1617 353
f 1200 1168 2758
f 1974 2108 1617
f 2676 1200 2758
f 2326 911 368
f 1438 2326 368
f 632 701 1311
f 730 2560 1231
f 2085 162 596
f 674 2222 1769
f 2266 2241 976
f 1080 1983 1587
f 1983 3000 1587
f 1456 401 776
f 127 1608 2532
f 1114 1060 2713
f 1981 1060 1114
f 2480 1608 127
f 1490 652 1509
f 1490 1509 2094
f 2551 1843 652
f 1988 1581 2480
f 1415 1780 2930
f 1415 2696 2649
f 509 1470 1622
f 1929 2281 1680
f 598 917 2890
f 598 227 917
f 2666 2887 227
f 1575 2368 2666
f 1135 968 1399
f 1669 1241 2013
f 2769 2226 1135
f 1135 2226 1005
f 1752 2503 2201
f 2201 2503 2329
f 2202 1168 1214
f 376 1974 2329
f 2329 1974 1617
f 368 911 2108
f 539 2676 1311
f 1311 2079 539
f 701 2079 1311
f 1897 2560 730
f 2085 2156 162
f 247 2156 1164
f 1585 2065 489
f 447 2642 134
f 2847 134 2642
f 181 2041 2388
f 1232 2593 2642
f 1232 2642 101
f 2459 1397 2713
f 2551 652 1490
f 1972 1843 1756
f 2696 1415 2930
f 2551 1756 1843
f 1972 1756 1581
f 2930 2211 2696
f 10 283 1026
f 10 2211 2930
f 2278 1470 509
f 1622 1470 2575
f 2575 1470 782
f 2281 284 1680
f 1680 1143 1929
f 1929 1143 2181
f 2181 1143 2890
f 2164 284 2281
f 1102 227 598
f 1794 2164 281
f 699 1575 2666
f 1575 1135 1399
f 1241 1669 1746
f 1077 1669 2548
f 2503 1752 2226
f 2329 2503 376
f 376 1 1974
f 1974 1 1924
f 1924 2108 1974
f 1200 2676 2536
f 2586 632 1231
f 272 2586 1231
f 2085 596 666
f 1897 2222 1732
f 2305 186 643
f 2241 1573 976
f 2241 1148 1573
f 1141 2967 677
f 447 330 1506
f 2642 2593 2847
f 2094 89 1238
f 273 492 1981
f 89 2649 1744
f 2696 1744 2649
f 273 2217 492
f 492 2217 2278
f 2278 2217 634
f 2278 634 1470
f 782 2613 2575
f 144 1680 284
f 926 598 2890
f 199 1794 281
f 1561 199 281
f 1746 941 1561
f 2769 2503 2226
f 2676 539 2536
f 2586 701 632
f 1871 139 2648
f 666 139 1871
f 2222 674 2522
f 186 2305 674
f 2156 2085 1164
f 2603 2305 643
f 2246 2603 643
f 976 2603 2246
f 2743 2603 976
f 584 489 764
f 1148 421 1573
f 1148 677 421
f 214 181 1258
f 2041 181 214
f 401 1232 101
f 401 101 2591
f 776 401 2556
f 1397 776 2556
f 1397 1114 2713
f 1981 1114 2541
f 2480 2487 1608
f 1981 2541 273
f 2819 2487 2480
f 1116 1490 2094
f 1581 2819 2480
f 89 1744 1238
f 2696 2211 277
f 1026 2575 2613
f 10 1026 1193
f 10 1193 2211
f 83 1470 634
f 1026 2613 1193
f 1143 926 2890
f 1322 598 926
f 77 227 1102
f 77 2666 227
f 77 699 2666
f 2984 1575 699
f 78 1135 1575
f 1135 78 1158
f 1158 922 1135
f 922 2769 1135
f 1168 791 1214
f 791 1168 2312
f 1200 2312 1168
f 368 2108 1924
f 2079 1965 539
f 368 2812 1438
f 2586 21 701
f 2812 2648 1438
f 2648 2812 1871
f 2560 272 1231
f 2790 666 1871
f 2522 674 194
f 677 1813 421
f 677 2967 1813
f 2340 1080 1585
f 2340 1983 1080
f 1258 181 1141
f 2284 330 3000
f 2388 419 481
f 2591 2556 401
f 1397 2556 1369
f 1608 1079 2532
f 2487 1079 1608
f 273 2541 2391
f 277 1744 2696
f 2094 1713 1116
f 2551 767 1756
f 1744 277 317
f 1756 564 1581
f 1581 564 2588
f 1581 2588 2819
f 190 83 634
f 83 782 1470
f 1049 1680 144
f 56 284 2164
f 1794 56 2164
f 1322 1102 598
f 941 199 1561
f 586 2503 2769
f 376 2503 434
f 2536 2479 1200
f 539 1965 2536
f 2079 2256 1965
f 2812 368 969
f 21 2079 701
f 1155 21 2586
f 23 666 2790
f 1897 2733 2560
f 1732 2733 1897
f 23 2085 666
f 23 1164 2085
f 2956 194 674
f 2305 2956 674
f 1487 247 1164
f 2603 2567 2305
f 976 1521 2743
f 976 1573 1521
f 2340 426 1983
f 2284 3000 1983
f 2284 1506 330
f 447 1506 2504
f 2504 2642 447
f 101 2642 2843
f 2843 459 101
f 101 459 2591
f 2532 1982 636
f 1397 2541 1114
f 2391 2217 273
f 634 2217 2646
f 1756 767 740
f 740 564 1756
f 1193 525 2211
f 782 83 1649
f 1649 2613 782
f 144 284 257
f 1680 1049 1143
f 1814 257 284
f 284 56 1814
f 430 56 1794
f 430 1794 199
f 344 199 941
f 78 1575 2984
f 1077 2989 1669
f 1077 2105 560
f 1214 791 2105
f 2312 1200 1247
f 516 969 1924
f 1924 969 368
f 2586 2415 1155
f 2733 340 2560
f 2733 1732 1010
f 2522 1732 2222
f 2407 983 2956
f 2305 2407 2956
f 2567 2407 2305
f 764 247 1487
f 2743 2567 2603
f 1521 1573 2757
f 1573 421 2757
f 1585 489 584
f 426 2284 1983
f 2556 2591 459
f 1369 2556 532
f 1397 1369 2054
f 2541 1397 2054
f 2391 2541 1513
f 1513 2258 2391
f 2391 2258 2217
f 1713 2094 1238
f 2819 2588 2487
f 2258 2646 2217
f 1744 317 1238
f 1116 2169 1490
f 1490 2169 2551
f 2211 2126 277
f 2646 190 634
f 1122 2613 1649
f 1193 2613 1122
f 1193 1122 525
f 257 1049 144
f 1102 1355 77
f 77 2984 699
f 1669 2989 1746
f 922 579 2769
f 579 586 2769
f 2923 2503 586
f 2923 434 2503
f 2312 1247 945
f 1965 133 2536
f 2256 2033 1965
f 21 2256 2079
f 969 1727 2812
f 1727 1871 2812
f 272 2415 2586
f 340 272 2560
f 1732 2522 1010
f 2711 1164 23
f 1813 1699 421
f 1813 2967 1699
f 181 1589 1141
f 2284 2333 1506
f 2843 2642 2504
f 1559 459 2843
f 532 2556 459
f 2541 2054 1513
f 2487 875 1079
f 2487 1277 875
f 2588 1277 2487
f 36 1238 317
f 767 2551 2169
f 2126 317 277
f 767 2490 740
f 564 740 981
f 564 981 2588
f 2126 2211 525
f 190 1649 83
f 1122 1649 99
f 2971 926 1143
f 1322 926 2971
f 1282 56 430
f 344 430 199
f 2274 78 2984
f 2773 78 2274
f 2773 1158 78
f 1158 2475 922
f 2773 2475 1158
f 2475 579 922
f 2394 560 2105
f 2105 791 2394
f 945 791 2312
f 1200 2479 1247
f 921 1924 1
f 133 2479 2536
f 2033 133 1965
f 21 2358 2256
f 1727 655 1871
f 340 2415 272
f 312 340 2733
f 1871 655 2790
f 1010 312 2733
f 655 23 2790
f 2397 194 2956
f 2956 983 2397
f 1164 2711 2719
f 2407 2567 2554
f 2719 1487 1164
f 1159 2567 2743
f 584 764 1487
f 2743 1521 1159
f 1521 2757 815
f 627 2340 1585
f 1589 365 1141
f 1506 156 2504
f 2843 2504 156
f 1559 258 459
f 459 258 532
f 532 2054 1369
f 1079 1982 2532
f 1684 2169 1116
f 1238 36 1713
f 1713 1684 1116
f 2169 2490 767
f 2126 1064 332
f 2126 332 317
f 525 1011 2126
f 190 2336 1649
f 1649 2336 99
f 1049 906 1143
f 906 2971 1143
f 56 322 1814
f 2447 322 56
f 1282 2447 56
f 1433 1322 2971
f 2989 941 1746
f 1077 261 2989
f 1077 560 261
f 791 945 2394
f 434 2923 1437
f 434 1437 236
f 434 236 376
f 1 376 236
f 1 236 921
f 133 287 2479
f 2834 2033 2256
f 1155 2358 21
f 340 312 2415
f 1010 2522 2324
f 194 1009 2522
f 1159 2554 2567
f 584 1487 1468
f 2757 421 815
f 1699 815 421
f 627 1585 584
f 1141 365 2967
f 1506 2333 156
f 2388 2328 181
f 1559 2843 729
f 2054 532 108
f 108 2772 2054
f 1513 2054 2656
f 1513 1950 2258
f 2258 1790 2646
f 1950 1790 2258
f 2588 774 1277
f 1713 706 1684
f 2490 981 740
f 981 2363 2588
f 774 2588 2363
f 317 332 36
f 2646 2641 190
f 1011 1064 2126
f 519 2336 190
f 1049 257 187
f 187 257 1814
f 1814 322 187
f 1282 430 995
f 1102 1322 1433
f 1355 1898 77
f 84 941 2989
f 2394 2456 560
f 1457 586 579
f 2475 1457 579
f 2923 586 1953
f 1953 586 1457
f 1437 2923 1953
f 1247 164 945
f 2479 164 1247
f 287 164 2479
f 921 1038 1924
f 1038 516 1924
f 969 516 673
f 2834 2256 2358
f 673 1727 969
f 1017 1155 2415
f 1010 2324 312
f 1009 2324 2522
f 1474 23 655
f 983 2407 1126
f 1564 1126 2407
f 1564 2407 2554
f 1521 2048 1159
f 1521 815 2048
f 1699 1323 815
f 1699 1177 1323
f 2967 1177 1699
f 2340 627 1368
f 1368 426 2340
f 2333 2284 426
f 729 156 2028
f 156 729 2843
f 258 1559 1782
f 258 108 532
f 1079 875 1982
f 2772 2656 2054
f 1513 2656 1950
f 1277 2186 875
f 1277 676 2186
f 774 676 1277
f 706 367 1684
f 1684 367 2169
f 2490 2169 367
f 36 332 1444
f 1713 36 706
f 2490 1078 981
f 981 1078 1289
f 981 1289 2363
f 2641 519 190
f 1282 995 2447
f 430 2050 995
f 344 2050 430
f 2578 1102 1433
f 2578 1355 1102
f 1964 84 2989
f 1898 2984 77
f 1964 2989 261
f 915 2274 2984
f 915 2984 1898
f 560 1689 261
f 2274 2068 2773
f 2068 2475 2773
f 1953 1450 1437
f 164 287 1823
f 1655 287 133
f 1655 133 2985
f 2985 133 2033
f 2834 2985 2033
f 1155 1017 2358
f 1727 673 206
f 312 1017 2415
f 655 1727 206
f 1474 1847 23
f 2711 23 1847
f 1961 2554 1159
f 1159 2048 1961
f 2719 1468 1487
f 2744 2048 815
f 2967 2859 1177
f 1310 2333 426
f 1166 2028 156
f 258 1782 2875
f 108 258 2875
f 875 2186 1982
f 1790 1160 2646
f 706 29 367
f 367 29 698
f 698 2490 367
f 1160 2641 2646
f 1122 1296 525
f 525 1296 1011
f 1122 99 1296
f 647 1049 187
f 322 647 187
f 2804 647 322
f 647 906 1049
f 160 1355 2578
f 941 84 344
f 84 746 344
f 261 1689 1964
f 1689 560 2456
f 2068 437 2475
f 1698 2475 437
f 1698 1457 2475
f 1303 1953 1457
f 1303 1450 1953
f 1997 236 1437
f 921 236 1997
f 680 1038 921
f 1655 1823 287
f 2358 2380 2834
f 1176 1017 312
f 2760 1474 655
f 194 2397 1009
f 1847 2719 2711
f 2744 815 1323
f 1368 627 2677
f 1310 426 1368
f 2333 1166 156
f 1105 481 419
f 876 1782 1559
f 774 442 676
f 2273 706 36
f 774 2363 442
f 519 1940 2336
f 2336 1940 99
f 1940 1979 99
f 99 1979 1296
f 322 1786 2804
f 2447 1786 322
f 995 1786 2447
f 2971 906 1805
f 2456 1209 1689
f 915 2449 2274
f 2449 2068 2274
f 2456 1182 1209
f 1182 2456 2394
f 945 1182 2394
f 2981 1303 1457
f 1698 2981 1457
f 164 2595 945
f 1450 1997 1437
f 2985 559 1655
f 2157 559 2985
f 2380 2064 2834
f 673 516 1038
f 1038 1733 673
f 1570 2324 1009
f 1323 2739 2744
f 1177 2739 1323
f 584 1468 957
f 957 627 584
f 729 2028 876
f 729 876 1559
f 2875 1782 2802
f 2875 2772 108
f 2911 1950 2656
f 676 1484 2186
f 442 1484 676
f 29 706 2273
f 1289 873 2363
f 873 442 2363
f 2641 1160 1601
f 2490 698 1078
f 1289 140 873
f 1064 1205 332
f 1011 1296 1439
f 2804 1359 647
f 906 647 1359
f 1236 2971 1805
f 2050 2960 995
f 1236 1433 2971
f 2050 746 66
f 2050 344 746
f 84 308 746
f 1964 308 84
f 825 1964 1689
f 2725 1898 1355
f 2725 915 1898
f 2452 1689 1209
f 771 915 2725
f 771 2449 915
f 2068 1031 437
f 2449 1031 2068
f 2097 1698 437
f 945 2595 1182
f 680 921 1997
f 1655 357 1823
f 559 357 1655
f 1038 680 831
f 2834 2064 2985
f 1176 973 1017
f 2324 1176 312
f 206 2760 655
f 2744 611 2048
f 1177 2859 2739
f 1166 1139 2028
f 2802 1782 876
f 2436 2656 2772
f 2273 36 1444
f 1862 1078 698
f 1078 410 1289
f 410 140 1289
f 1444 332 603
f 2641 1601 787
f 332 1205 2685
f 1205 1011 1439
f 1205 1064 1011
f 2641 787 519
f 1940 519 787
f 1979 1439 1296
f 2804 1786 2728
f 2804 804 1359
f 1359 1805 906
f 66 2960 2050
f 45 1236 1805
f 746 308 66
f 1433 1236 2578
f 160 2578 1190
f 825 170 1964
f 2725 1355 160
f 1689 2452 825
f 2449 771 1192
f 1192 1031 2449
f 1182 2595 117
f 2097 2981 1698
f 2981 2917 1303
f 2595 164 1262
f 2917 1450 1303
f 205 1450 2917
f 1450 205 1997
f 205 899 1997
f 680 1997 899
f 357 20 1823
f 2157 2985 2064
f 973 2358 1017
f 1733 206 673
f 126 1176 2324
f 1570 126 2324
f 1009 2397 1570
f 1564 2554 3001
f 3001 2554 1961
f 1961 2048 3001
f 3001 2048 611
f 2719 1847 1586
f 610 2719 1586
f 2859 2602 2739
f 610 957 1468
f 2967 1885 2859
f 403 627 957
f 2677 627 403
f 1310 1368 2677
f 1073 2333 1310
f 1073 1166 2333
f 1526 1139 1166
f 2388 481 2328
f 2028 1194 876
f 1194 978 876
f 1982 777 636
f 2656 2436 2409
f 2409 2911 2656
f 29 1862 698
f 2611 410 1078
f 2273 1444 1453
f 2685 603 332
f 1940 2974 1979
f 2804 2728 804
f 1236 1190 2578
f 308 1964 1360
f 170 1360 1964
f 2725 160 1175
f 117 885 1182
f 464 1031 1192
f 2595 1844 117
f 1031 2097 437
f 828 2097 1031
f 2717 2981 2097
f 1262 2267 2595
f 2717 2917 2981
f 680 899 737
f 465 1823 20
f 1733 1038 831
f 594 206 1733
f 49 2760 206
f 983 2601 2397
f 1239 1474 2760
f 1126 1766 983
f 1564 3001 1848
f 610 1468 2719
f 636 2600 419
f 1816 2772 2875
f 1816 2436 2772
f 2186 2498 1982
f 1950 1660 1790
f 1790 1660 1160
f 442 803 1484
f 873 803 442
f 1160 1660 1601
f 1444 603 1453
f 787 2974 1940
f 2974 30 1979
f 30 2903 1979
f 1979 2903 1439
f 1205 1439 2916
f 1439 2903 2916
f 995 688 1786
f 1805 2499 45
f 308 914 66
f 308 1360 914
f 1190 1236 2664
f 1175 160 1190
f 825 2452 76
f 2725 2264 771
f 1209 885 2452
f 771 1169 1192
f 885 1209 1182
f 1096 2917 2717
f 465 1262 164
f 164 1823 465
f 400 899 205
f 737 831 680
f 2807 1733 831
f 2975 2380 2358
f 973 2975 2358
f 2807 594 1733
f 1176 126 973
f 206 594 49
f 2397 2601 1570
f 983 1766 2601
f 1847 1474 1239
f 1239 1586 1847
f 2739 2056 2744
f 1194 2028 1139
f 2911 1660 1950
f 1484 694 2186
f 803 694 1484
f 873 216 803
f 1862 2611 1078
f 873 140 216
f 2273 1453 29
f 1453 603 2354
f 603 2685 2916
f 2354 603 2916
f 2916 2685 1205
f 688 2728 1786
f 2960 688 995
f 2499 1805 1359
f 66 2008 2960
f 66 914 2008
f 2008 914 1665
f 45 2664 1236
f 1360 1665 914
f 2559 1360 170
f 411 1175 1190
f 2559 170 825
f 825 76 2559
f 2725 1175 2264
f 2452 885 1529
f 771 2264 1169
f 117 346 885
f 828 1031 464
f 1032 2097 828
f 1096 2717 2097
f 1096 839 2917
f 1262 465 2267
f 839 205 2917
f 737 899 400
f 357 1690 20
f 559 1690 357
f 2745 2807 831
f 126 2964 973
f 765 2173 594
f 594 2173 49
f 1570 217 126
f 49 2173 2760
f 285 1570 2601
f 1126 1067 1766
f 1126 1564 1067
f 2056 611 2744
f 2739 2602 2056
f 2859 1885 2602
f 2180 403 957
f 1889 1073 1310
f 1395 1166 1073
f 1526 1166 1395
f 2875 2356 1816
f 1862 1572 2611
f 2611 140 410
f 1601 1660 2563
f 806 1601 2563
f 1862 29 2100
f 1862 2100 1572
f 1453 2821 29
f 29 2821 1062
f 1453 2354 2821
f 2354 841 2821
f 2632 787 1601
f 2916 221 2354
f 13 841 221
f 841 2354 221
f 787 2632 2974
f 2974 1367 30
f 2291 221 2916
f 221 2291 13
f 2916 2903 2291
f 590 2728 688
f 1359 804 2185
f 2960 1534 688
f 2499 1359 2185
f 2008 1534 2960
f 2008 1665 521
f 45 2428 2664
f 1902 1665 1360
f 411 1190 2664
f 2559 1902 1360
f 1170 1175 411
f 2264 1175 1170
f 76 1532 2559
f 1529 76 2452
f 885 346 1529
f 1032 1096 2097
f 205 839 2148
f 2148 400 205
f 400 2148 1938
f 737 400 327
f 2745 831 737
f 2157 2064 755
f 2380 2975 2064
f 1000 2975 973
f 973 2964 1000
f 217 2964 126
f 1570 285 217
f 2601 178 285
f 2173 1239 2760
f 1848 1067 1564
f 3001 748 1848
f 3001 611 2781
f 2056 2781 611
f 2056 2136 2781
f 2180 957 610
f 2967 286 1885
f 365 286 2967
f 403 2180 2888
f 2888 2677 403
f 2888 1674 2677
f 2677 1889 1310
f 181 801 1589
f 978 2802 876
f 2802 2356 2875
f 2186 694 2498
f 2409 2889 2911
f 2911 2563 1660
f 803 223 694
f 216 223 803
f 1234 216 140
f 1234 223 216
f 1062 2100 29
f 1572 1287 2611
f 2611 1287 140
f 140 1287 1234
f 806 2632 1601
f 1324 2974 2632
f 2821 841 1062
f 2974 1324 1367
f 1062 841 1568
f 2908 2203 2291
f 2291 2203 314
f 2291 314 13
f 1367 2903 30
f 2903 2908 2291
f 590 804 2728
f 1534 2008 521
f 2428 45 2499
f 521 1665 2982
f 2982 1665 1902
f 411 2664 1508
f 411 1508 1327
f 1170 411 1327
f 76 1529 538
f 1223 1169 2264
f 1915 1192 1169
f 464 1192 1915
f 464 2689 828
f 2267 1844 2595
f 2318 839 1096
f 2148 839 2318
f 400 1938 2692
f 327 400 2692
f 2806 465 20
f 2745 737 327
f 2921 2807 2745
f 765 594 2807
f 2601 1766 178
f 2781 748 3001
f 2602 2136 2056
f 106 610 1586
f 610 106 2180
f 1674 649 2677
f 1889 2677 649
f 1395 1073 1889
f 978 393 2802
f 2802 393 2356
f 636 777 2600
f 1361 2409 2436
f 1361 2889 2409
f 2321 223 1234
f 1572 2100 1677
f 1572 1677 1287
f 1287 2321 1234
f 563 1367 1324
f 2908 2903 2087
f 1062 1568 2700
f 1062 2700 2100
f 2100 2700 1677
f 314 863 13
f 13 863 2865
f 13 2865 841
f 841 2865 1568
f 1568 1336 2700
f 1287 1677 2321
f 1367 563 2903
f 590 2009 804
f 688 1534 590
f 2185 804 2009
f 2185 2428 2499
f 2664 2428 1560
f 2664 1560 1508
f 510 2982 1902
f 1532 510 1902
f 2559 1532 1902
f 538 1532 76
f 346 538 1529
f 1915 1169 1223
f 2689 464 1915
f 1140 828 2689
f 2901 346 117
f 2901 117 1844
f 1032 828 1140
f 2267 2643 1844
f 2643 2267 1659
f 928 1096 1032
f 1659 2267 465
f 928 2318 1096
f 1476 1690 559
f 755 559 2157
f 755 1476 559
f 2921 2745 327
f 1000 2864 2975
f 1306 765 2807
f 439 1239 2173
f 1067 1848 748
f 2328 481 181
f 1194 1400 978
f 1400 393 978
f 419 2600 1105
f 2436 1816 1361
f 2911 2889 2484
f 2911 2484 2563
f 223 169 694
f 2563 2364 806
f 223 1511 169
f 2321 1511 223
f 1186 863 2249
f 2925 2143 563
f 2908 2087 714
f 2908 714 2203
f 2203 714 314
f 314 714 2249
f 314 2249 863
f 863 1186 2865
f 2865 1186 1866
f 2865 1866 1568
f 1866 1336 1568
f 1382 1336 1866
f 1677 1336 1382
f 563 2143 2903
f 2903 2143 2087
f 2700 1336 1677
f 394 2592 590
f 1534 394 590
f 1967 394 1534
f 1967 1534 521
f 2982 234 521
f 1859 2264 1170
f 1223 2264 1859
f 1915 1223 1859
f 346 487 538
f 390 2689 1915
f 2643 2901 1844
f 1032 1140 1339
f 2975 2864 2064
f 2807 2921 2507
f 2708 1000 2964
f 217 2708 2964
f 2817 2173 765
f 439 2173 2817
f 2268 178 1766
f 1067 2268 1766
f 955 1586 1239
f 955 106 1586
f 1589 801 365
f 181 2633 801
f 1932 1194 1139
f 1105 2600 481
f 2869 1361 1816
f 450 1324 2632
f 2377 1293 966
f 2925 563 1324
f 1978 2087 2143
f 2087 1978 714
f 714 1978 1293
f 714 1293 2249
f 2249 1293 2377
f 2249 2377 1186
f 1511 2321 1714
f 1866 708 1382
f 1677 2319 2321
f 2519 2009 590
f 2592 2519 590
f 2185 2009 1127
f 2185 2196 2428
f 2185 1127 2196
f 1560 2428 2196
f 234 1967 521
f 1791 510 1532
f 1791 1532 538
f 1791 538 991
f 991 538 487
f 2381 487 346
f 346 2901 2381
f 1140 2689 390
f 1339 1140 790
f 928 1032 1339
f 520 12 2318
f 2318 928 520
f 1659 465 2806
f 12 2148 2318
f 152 1690 1476
f 755 1219 1476
f 755 2064 2309
f 327 2830 2921
f 2807 2507 1306
f 663 2708 217
f 1306 2817 765
f 285 663 217
f 178 663 285
f 2178 2268 1067
f 748 2178 1067
f 1239 439 955
f 1002 2841 748
f 748 2781 1002
f 2781 2136 961
f 2136 1748 961
f 2602 1748 2136
f 2602 1885 1748
f 2870 2180 106
f 2870 1417 2180
f 2180 1417 2888
f 2888 1417 1807
f 2888 1807 1674
f 649 1674 1807
f 1889 2142 1395
f 1400 1194 1932
f 393 1400 889
f 2563 2484 2364
f 806 2364 2809
f 806 450 2632
f 985 1186 2377
f 985 708 1186
f 2925 406 2143
f 2143 406 1978
f 1866 1186 708
f 2894 2321 2319
f 2894 1714 2321
f 1677 1382 2319
f 2519 2592 386
f 394 386 2592
f 1127 2009 2519
f 394 1967 386
f 1127 541 2196
f 2982 510 234
f 1327 2939 1170
f 1859 1170 2939
f 1605 2188 510
f 1791 1605 510
f 991 1605 1791
f 717 1915 1859
f 717 390 1915
f 747 991 487
f 1339 790 2135
f 581 1659 2806
f 2148 12 1938
f 2346 2806 20
f 152 20 1690
f 2830 2507 2921
f 178 2268 663
f 2841 2178 748
f 2660 106 955
f 2870 106 2660
f 275 1889 649
f 275 2142 1889
f 1395 2247 1526
f 2351 1139 1526
f 2869 1816 2356
f 450 806 2809
f 450 2809 1663
f 450 1663 1957
f 1818 1978 606
f 450 1957 1324
f 1324 1957 1944
f 1978 1818 1293
f 966 1293 1818
f 109 2319 840
f 482 2894 2319
f 482 2319 109
f 1324 1944 2925
f 1382 708 2161
f 1382 2161 840
f 1382 840 2319
f 386 1967 1609
f 541 1127 2489
f 234 1230 1967
f 1314 1327 1508
f 1508 1560 1314
f 510 1661 234
f 510 2188 1661
f 2939 936 1859
f 1859 936 717
f 717 2389 390
f 487 2381 747
f 747 2381 2478
f 2901 517 2381
f 517 2901 2643
f 82 2643 1659
f 928 1339 580
f 580 520 928
f 327 2692 635
f 327 635 2830
f 2864 2309 2064
f 2010 2507 2830
f 907 2309 2864
f 1000 907 2864
f 2708 907 1000
f 907 2708 239
f 1306 2507 1550
f 239 2708 663
f 2841 52 2178
f 2781 2525 1002
f 1807 756 649
f 756 275 649
f 1526 2247 2351
f 1139 2351 1932
f 2600 2959 481
f 393 800 2356
f 2998 2889 1361
f 2998 2484 2889
f 2484 2496 597
f 2364 2484 597
f 2364 597 2809
f 1511 1681 169
f 1714 1681 1511
f 606 2707 1818
f 2707 966 1818
f 2894 1827 1714
f 321 1944 1957
f 406 2925 1944
f 406 606 1978
f 966 985 2377
f 985 2161 708
f 2894 482 1827
f 2208 2519 386
f 1230 234 1661
f 1314 1560 2196
f 2950 390 2389
f 1140 390 2950
f 2381 517 2478
f 2950 790 1140
f 517 2643 82
f 82 1659 581
f 2346 581 2806
f 1717 1938 12
f 20 152 2346
f 1717 2839 1938
f 1938 2839 2692
f 635 2692 2839
f 2797 1476 1219
f 2309 2306 755
f 2830 2720 1404
f 1550 2507 2010
f 697 907 239
f 50 239 663
f 2268 2178 2160
f 52 2160 2178
f 2781 961 2525
f 1748 2799 961
f 1748 2558 2799
f 1885 2558 1748
f 439 2660 955
f 2215 2870 2660
f 1885 286 2558
f 365 801 286
f 2142 2247 1395
f 1400 1932 2351
f 2959 2081 481
f 800 2869 2356
f 583 2809 597
f 583 1663 2809
f 2313 1944 321
f 1944 2313 406
f 2208 386 2933
f 1127 2519 2208
f 1255 2933 386
f 386 1609 1255
f 1609 1967 1230
f 1327 1314 711
f 711 2939 1327
f 717 936 989
f 2389 717 989
f 1952 991 747
f 1952 747 1063
f 1063 747 2478
f 517 857 2478
f 2720 2830 635
f 2010 2830 1404
f 2010 1404 869
f 907 1069 2309
f 1550 2010 869
f 50 697 239
f 2160 663 2268
f 2841 1002 52
f 2247 2142 993
f 481 2633 181
f 800 393 889
f 2998 1361 2869
f 694 2179 2498
f 1014 2179 694
f 2484 2998 1510
f 169 1014 694
f 1681 1014 169
f 830 321 1663
f 1663 321 1957
f 606 1430 2707
f 2313 121 406
f 406 121 606
f 2208 2489 1127
f 2196 541 512
f 1314 2196 512
f 1314 512 1198
f 1198 1356 711
f 1314 1198 711
f 2939 711 936
f 936 2514 989
f 2165 790 2950
f 2300 517 82
f 580 1339 2135
f 2797 152 1476
f 2306 1219 755
f 1069 907 488
f 488 907 697
f 2160 50 663
f 1550 2272 1306
f 2817 1306 2272
f 500 2817 2272
f 2525 1216 129
f 500 439 2817
f 626 439 500
f 2525 961 1216
f 2799 1216 961
f 626 2660 439
f 2660 626 2215
f 2215 2168 2870
f 1417 2870 2168
f 1807 1417 793
f 1737 756 1807
f 1651 2247 993
f 2351 2650 1400
f 2484 1510 2496
f 583 830 1663
f 985 2684 2161
f 397 2933 1670
f 1351 2481 397
f 2481 2208 397
f 2208 2933 397
f 2481 2489 2208
f 2489 2762 541
f 2762 512 541
f 1661 1146 1230
f 1198 512 2762
f 1356 905 711
f 711 2514 936
f 711 905 2514
f 389 1661 2188
f 2514 530 989
f 530 2389 989
f 842 2188 1605
f 991 842 1605
f 1329 2950 2389
f 2300 82 581
f 2797 2401 152
f 1334 1717 12
f 635 2839 2399
f 635 2399 2720
f 1069 2306 2309
f 466 1550 869
f 2272 1550 466
f 2836 52 1002
f 1002 2525 2836
f 2836 2525 129
f 193 626 2993
f 2215 193 2168
f 2215 626 193
f 1417 2168 793
f 2434 2142 275
f 2247 1651 2351
f 2351 1244 2650
f 2650 2544 1400
f 1736 1056 889
f 1056 800 889
f 1496 2869 800
f 2998 2869 1496
f 2998 1496 2385
f 1714 2678 1681
f 1714 1919 2678
f 830 1678 321
f 321 444 2313
f 1678 444 321
f 444 2764 2313
f 121 1430 606
f 1827 1919 1714
f 1670 219 397
f 1351 397 219
f 2933 1255 1670
f 1351 1869 2762
f 2762 2481 1351
f 2481 2762 2489
f 1703 2762 1869
f 1198 2762 1703
f 1356 195 905
f 195 2514 905
f 842 389 2188
f 530 1329 2389
f 2135 790 2165
f 2109 517 2300
f 2109 857 517
f 580 2135 2357
f 152 2961 2346
f 2401 2961 152
f 2720 2399 125
f 1069 488 587
f 2720 125 1404
f 869 1404 616
f 697 762 488
f 2160 52 50
f 500 2272 1419
f 500 1419 2993
f 500 2993 626
f 286 1720 2558
f 2785 793 2168
f 2434 275 756
f 2142 2434 993
f 2767 1244 2351
f 2081 2633 481
f 1400 2544 889
f 1056 2107 800
f 2107 16 800
f 1496 800 16
f 1982 2498 777
f 583 597 2496
f 1681 2678 1014
f 2313 2764 121
f 2707 2873 966
f 2873 985 966
f 219 1670 846
f 219 1869 1351
f 2259 1670 1255
f 1255 1609 2259
f 749 1609 1230
f 1230 1146 749
f 1648 1198 1703
f 1356 1198 1648
f 195 2896 2514
f 2896 530 2514
f 1952 842 991
f 1642 1952 1063
f 857 1063 2478
f 581 2346 2961
f 2797 1219 2306
f 1717 2399 2839
f 1717 1334 2399
f 125 616 1404
f 1226 488 762
f 869 616 1394
f 869 1394 466
f 50 52 2796
f 2272 466 1883
f 2272 1883 1419
f 1216 1171 129
f 2558 1720 2799
f 1552 2168 193
f 1552 2785 2168
f 1411 1737 793
f 1737 1807 793
f 756 1737 2434
f 2351 1651 2767
f 2385 1510 2998
f 583 2496 2002
f 2002 830 583
f 749 2259 1609
f 1648 195 1356
f 999 1146 1661
f 1661 389 999
f 999 389 2251
f 389 842 2251
f 2572 1329 530
f 1719 842 1952
f 1329 2165 2950
f 1642 1719 1952
f 1900 1063 857
f 2300 581 2017
f 2961 2017 581
f 927 520 580
f 927 580 158
f 616 2462 1394
f 728 762 697
f 466 1394 2299
f 52 2836 2796
f 129 2218 2836
f 2799 64 1216
f 2799 1720 64
f 1161 2785 1552
f 793 2785 1411
f 778 286 801
f 2544 1736 889
f 1736 2107 1056
f 777 2959 2600
f 16 2107 2606
f 1510 743 2496
f 1430 121 1828
f 2764 1828 121
f 2283 2707 1430
f 2161 2788 840
f 307 219 846
f 2259 846 1670
f 307 1869 219
f 1869 307 1703
f 1648 1703 1269
f 798 749 536
f 1146 536 749
f 530 2896 508
f 2251 842 2408
f 1719 2408 842
f 2165 1625 2135
f 2109 2300 2373
f 2017 2373 2300
f 158 580 2357
f 179 2401 2797
f 927 35 520
f 35 12 520
f 35 1334 12
f 125 2777 616
f 1394 2462 2299
f 50 728 697
f 2299 1896 466
f 1883 466 1896
f 230 1419 1883
f 230 2993 1419
f 213 2993 230
f 193 2993 213
f 286 1426 1720
f 2610 1161 1552
f 1161 882 2785
f 2785 882 1411
f 1411 882 862
f 2434 3 993
f 2633 778 801
f 2606 2107 1736
f 1014 2942 2179
f 2678 2942 1014
f 2678 1613 2942
f 1201 1678 830
f 2002 1201 830
f 2979 1828 2764
f 2764 444 2979
f 985 2873 2684
f 2684 2788 2161
f 2788 109 840
f 307 846 1880
f 1004 846 2259
f 1703 307 1269
f 518 1648 1269
f 518 1408 1648
f 1408 2896 195
f 1408 195 1648
f 999 536 1146
f 999 2251 2442
f 2572 530 508
f 2408 1046 2251
f 269 1719 1642
f 1900 1642 1063
f 2357 2135 1625
f 857 2109 1900
f 2017 2961 2330
f 1228 2961 2401
f 179 1228 2401
f 2306 877 2797
f 1069 877 2306
f 1069 587 1990
f 1334 568 2399
f 568 125 2399
f 1226 587 488
f 1068 762 728
f 50 1110 728
f 1110 50 2796
f 2836 2218 2796
f 129 1171 2218
f 1171 1216 2207
f 64 2207 1216
f 230 1883 1896
f 213 1552 193
f 1161 92 882
f 862 658 1411
f 1737 1411 658
f 658 2434 1737
f 2650 2057 2544
f 16 2145 1496
f 2498 612 1109
f 2179 612 2498
f 2179 175 612
f 2942 175 2179
f 1553 1510 2385
f 2942 2228 175
f 743 1510 1553
f 2002 2496 743
f 2002 743 1093
f 1613 2228 2942
f 2678 1919 1613
f 1678 2997 444
f 444 2453 2979
f 2997 2453 444
f 1430 1828 2626
f 2626 304 1430
f 304 2283 1430
f 2283 2873 2707
f 2788 482 109
f 1880 846 1004
f 1004 2259 2141
f 2259 749 2492
f 749 798 2492
f 1408 508 2896
f 2442 536 999
f 1046 2442 2251
f 2530 2165 1329
f 1900 269 1642
f 2373 535 2109
f 1147 2330 2961
f 1228 1147 2961
f 877 179 2797
f 1990 877 1069
f 568 903 125
f 762 1675 1226
f 125 903 2777
f 2777 2134 616
f 1110 2796 2092
f 2218 2092 2796
f 213 2610 1552
f 862 882 92
f 3 1651 993
f 2515 2650 1244
f 2072 2606 1736
f 1496 2145 342
f 2385 1496 342
f 612 175 91
f 2228 2509 175
f 2228 1640 2509
f 743 1553 2736
f 1613 46 2228
f 1201 2002 1093
f 22 1828 2979
f 1919 46 1613
f 2855 1827 1100
f 2855 1919 1827
f 2788 2897 482
f 482 2897 1100
f 482 1100 1827
f 2492 2141 2259
f 2572 508 1796
f 1796 1329 2572
f 2530 1329 1796
f 1625 2165 2530
f 507 1900 2109
f 2225 158 2357
f 2330 1833 2017
f 760 179 877
f 2723 35 927
f 2723 1334 35
f 587 1226 1990
f 2134 2462 616
f 1110 2092 2413
f 2462 2134 2511
f 2511 2299 2462
f 1896 2299 664
f 230 1896 664
f 2534 230 664
f 2534 213 230
f 2426 1777 213
f 213 1777 2610
f 2434 658 1666
f 3 2434 1666
f 3 2390 1651
f 1849 1244 2767
f 1849 2515 1244
f 2057 2650 2515
f 1736 2544 2057
f 2072 2898 2606
f 16 2606 2145
f 175 2509 91
f 91 2509 609
f 342 1553 2385
f 1093 743 2736
f 2228 46 1640
f 280 1201 1093
f 1828 22 2626
f 2248 304 2626
f 2855 46 1919
f 2527 2905 2873
f 2873 2905 2684
f 2684 2905 2788
f 2905 96 2788
f 96 2897 2788
f 1004 2147 1880
f 1637 1269 307
f 1386 1004 2141
f 1408 518 1027
f 1027 1598 1408
f 1598 508 1408
f 1598 1796 508
f 2934 2530 1796
f 2408 2292 1046
f 1966 2292 2408
f 1966 2408 1719
f 269 1966 1719
f 2225 2357 1625
f 1900 2231 269
f 1900 507 2231
f 2109 535 507
f 1410 158 2225
f 1833 535 2373
f 1833 2373 2017
f 2330 1147 1833
f 1228 1154 1147
f 1990 1580 877
f 2723 568 1334
f 1990 1226 1675
f 568 2723 2139
f 568 2139 903
f 1958 1675 762
f 2413 2092 2853
f 2218 2061 2092
f 1171 333 2218
f 333 1171 2207
f 64 2886 2207
f 64 2874 2886
f 1720 2874 64
f 1426 2874 1720
f 2610 92 1161
f 1651 1806 2767
f 1806 1849 2767
f 2057 2072 1736
f 2383 2606 2898
f 2383 2145 2606
f 2498 963 777
f 2498 2315 963
f 1109 2315 2498
f 1109 2325 2315
f 612 2325 1109
f 612 91 2325
f 609 1173 91
f 1640 609 2509
f 1553 342 1097
f 46 1865 1640
f 46 1539 1865
f 1201 2997 1678
f 2453 1491 2979
f 2979 1491 22
f 22 2248 2626
f 304 2873 2283
f 1539 46 2855
f 1539 2855 1540
f 2527 1502 2905
f 1502 2683 2905
f 2905 2683 96
f 2683 2737 96
f 2737 2897 96
f 2855 1100 1540
f 1100 2897 1540
f 1880 944 307
f 1555 1880 2147
f 944 1637 307
f 2171 2147 1004
f 2171 1004 1386
f 1269 1637 518
f 1637 1027 518
f 334 798 536
f 2488 1796 1598
f 1796 2488 2934
f 1046 1449 2442
f 2934 1625 2530
f 507 1283 2231
f 1147 2474 1833
f 1154 2474 1147
f 760 1228 179
f 760 1154 1228
f 924 2723 927
f 877 1580 760
f 1990 1675 2850
f 1068 1958 762
f 1728 1068 728
f 728 1110 1254
f 2853 2092 2061
f 2218 333 2061
f 333 947 2061
f 2299 2511 2037
f 2037 664 2299
f 2207 2495 333
f 2886 2495 2207
f 2426 213 2534
f 792 2610 1777
f 2610 1098 92
f 92 1098 527
f 527 1033 92
f 92 1033 862
f 862 1852 658
f 1852 1666 658
f 630 1440 1666
f 3 1666 1440
f 3 1440 2390
f 2390 1806 1651
f 2515 1849 1773
f 2057 2515 2119
f 1173 2325 91
f 391 1173 609
f 609 671 391
f 1954 342 2145
f 1640 671 609
f 2736 1553 1097
f 1865 671 1640
f 1436 671 1865
f 1201 151 2997
f 280 151 1201
f 151 2453 2997
f 304 478 2873
f 478 2527 2873
f 1774 2737 2683
f 2897 2737 1540
f 1555 944 1880
f 811 2147 2659
f 2659 2147 2171
f 2102 1027 1637
f 2492 1386 2141
f 798 154 2492
f 334 154 798
f 2102 1598 1027
f 1598 2102 1779
f 2442 1449 536
f 323 1449 1046
f 1803 1625 2934
f 1803 495 1625
f 2011 1625 495
f 2225 1625 2011
f 1040 507 535
f 1040 1833 2474
f 1040 535 1833
f 1154 2412 2474
f 760 2412 1154
f 760 1580 17
f 1254 1728 728
f 1195 2134 2777
f 1110 2413 1254
f 1195 2511 2134
f 333 2495 947
f 2440 664 2037
f 2874 552 2886
f 1426 552 2874
f 2534 664 2440
f 2426 792 1777
f 792 1098 2610
f 1852 862 1033
f 1852 630 1666
f 2119 2515 1773
f 2898 2072 1933
f 777 319 2959
f 963 319 777
f 963 2315 319
f 2909 2315 2325
f 1173 2909 2325
f 1954 1097 342
f 1436 2627 671
f 1093 2736 2254
f 2254 280 1093
f 1491 1285 22
f 1436 1865 1539
f 151 455 2453
f 2453 455 1491
f 22 1285 2248
f 1540 231 1539
f 1502 1774 2683
f 1774 1667 2737
f 2737 1667 231
f 2737 231 1540
f 2508 944 1555
f 2508 1555 710
f 710 1555 811
f 1555 2147 811
f 944 2223 1637
f 2223 2102 1637
f 1721 2659 2171
f 1386 2492 154
f 334 536 313
f 1779 2488 1598
f 1779 2980 2488
f 2980 2934 2488
f 1046 2292 323
f 1251 1966 269
f 269 2811 1251
f 2811 269 2231
f 2011 1410 2225
f 716 1283 507
f 1040 716 507
f 1726 716 1040
f 2474 1726 1040
f 107 1726 2474
f 2412 107 2474
f 760 17 2412
f 1990 2850 1580
f 903 1195 2777
f 2413 2853 2893
f 145 2061 947
f 1452 2061 145
f 947 1909 145
f 2877 2037 2511
f 2495 1909 947
f 1909 2495 47
f 2495 2886 47
f 552 47 2886
f 2534 2440 2426
f 1098 792 527
f 1773 1849 1806
f 2119 2072 2057
f 1933 2114 2898
f 2315 1013 319
f 2315 2909 1013
f 1173 62 2909
f 62 1173 391
f 671 62 391
f 295 149 1097
f 1097 149 2736
f 1436 2310 2627
f 2254 2736 149
f 1491 1783 1285
f 1285 2080 2248
f 1539 231 1436
f 226 2527 478
f 2527 256 1502
f 1502 256 1774
f 174 944 2508
f 174 2223 944
f 811 2659 1721
f 1386 1721 2171
f 2573 1721 1386
f 2573 1386 154
f 2102 2223 1639
f 1779 2102 1639
f 1449 313 536
f 2776 2934 2980
f 2934 2776 1803
f 1354 1966 2605
f 807 2011 495
f 2605 1966 1251
f 2410 107 2412
f 1802 2412 17
f 1425 2850 1675
f 1675 2450 1425
f 2139 2723 847
f 2450 1675 1958
f 1068 463 1958
f 903 637 1195
f 1254 303 1728
f 2413 303 1254
f 2893 2853 1452
f 1452 2853 2061
f 145 1909 1785
f 1909 47 2759
f 2759 47 2730
f 552 2730 47
f 1931 2426 2440
f 1426 1507 552
f 286 1507 1426
f 2277 1033 527
f 1033 954 1852
f 1852 954 630
f 1440 630 2088
f 2088 2387 1440
f 2387 2390 1440
f 2390 267 1806
f 267 1773 1806
f 2959 796 2081
f 2959 319 796
f 1864 1013 2909
f 316 2383 2898
f 1892 1864 2909
f 1892 2909 62
f 62 326 1892
f 671 502 62
f 62 502 326
f 2383 1954 2145
f 671 2627 502
f 1246 2627 2310
f 1954 1857 1097
f 295 1097 1857
f 149 295 2254
f 2310 1436 2791
f 231 2791 1436
f 2254 1210 280
f 1210 151 280
f 455 1783 1491
f 2521 2248 2080
f 2521 304 2248
f 304 2521 478
f 2521 226 478
f 226 256 2527
f 1774 2738 1667
f 1667 2791 231
f 710 324 2508
f 324 710 1229
f 1229 710 811
f 1229 811 2031
f 2031 811 1721
f 174 1639 2223
f 949 2573 154
f 154 334 949
f 750 1779 1639
f 469 2980 1779
f 469 2776 2980
f 867 2776 469
f 1449 323 14
f 14 323 2292
f 2776 495 1803
f 2776 2298 495
f 1354 2292 1966
f 2298 807 495
f 1877 2605 1251
f 1272 2011 807
f 1272 1410 2011
f 191 158 1410
f 924 927 158
f 2410 2412 1802
f 1202 17 1580
f 1580 2850 1425
f 1304 903 2139
f 1068 1728 463
f 2413 2893 303
f 303 2893 890
f 890 2893 1452
f 2511 1195 2877
f 1452 145 2482
f 1785 2482 145
f 1785 1003 2482
f 1003 1785 718
f 1785 1909 718
f 1931 2440 2037
f 2759 718 1909
f 552 2286 2730
f 1507 2286 552
f 792 2426 325
f 286 2209 1507
f 1980 836 527
f 527 836 2277
f 2277 954 1033
f 778 2209 286
f 2387 267 2390
f 778 1301 2209
f 2633 1301 778
f 1933 2072 2119
f 2081 1301 2633
f 2081 796 1301
f 319 1013 796
f 316 2898 2114
f 1864 2036 1013
f 1066 1864 1892
f 326 1066 1892
f 1246 266 502
f 2627 1246 502
f 1246 2310 1630
f 2791 2919 2310
f 2842 783 1783
f 783 1976 1783
f 1891 1210 2254
f 455 151 1210
f 1783 1976 1285
f 1285 1976 2080
f 1976 2937 2080
f 1838 2521 2080
f 226 2066 256
f 256 2066 1774
f 1774 2066 2738
f 324 174 2508
f 2205 1639 174
f 2205 174 324
f 1370 324 1229
f 388 750 1639
f 949 334 589
f 589 334 313
f 462 469 750
f 469 1779 750
f 684 313 1449
f 1221 684 1449
f 1288 867 469
f 1449 14 1221
f 2776 867 2298
f 14 2292 1354
f 996 1354 2605
f 1877 996 2605
f 218 807 2298
f 2811 1877 1251
f 2231 1283 2811
f 2811 1283 2529
f 1283 716 2529
f 1726 843 716
f 1272 191 1410
f 1726 107 970
f 191 924 158
f 970 107 2410
f 970 2410 1537
f 1537 2410 1802
f 1202 1802 17
f 1202 919 1802
f 1580 1425 1202
f 1202 1425 2461
f 924 847 2723
f 619 847 924
f 897 2461 1425
f 847 619 1535
f 2450 897 1425
f 1535 2139 847
f 463 2450 1958
f 1304 2139 1535
f 1728 1984 463
f 1728 1260 1984
f 1260 1728 303
f 903 1304 637
f 890 683 303
f 637 2877 1195
f 1452 2482 890
f 2482 1003 1101
f 1003 931 1101
f 718 931 1003
f 1931 2877 318
f 1931 2037 2877
f 2759 2537 718
f 2426 1931 325
f 2286 264 2730
f 1507 264 2286
f 1507 2872 264
f 1980 792 325
f 792 1980 527
f 2209 2872 1507
f 2277 504 954
f 2209 229 2872
f 954 142 630
f 2088 630 142
f 2229 2387 2088
f 1301 229 2209
f 267 2110 1773
f 2119 1773 2110
f 1301 306 229
f 2335 1933 2119
f 1301 1259 306
f 796 1259 1301
f 796 343 1259
f 796 2036 343
f 2036 796 1013
f 1864 1066 2036
f 1393 326 502
f 1393 1066 326
f 266 1393 502
f 2919 2543 2310
f 2310 2543 1630
f 455 1384 1783
f 1384 2842 1783
f 2791 1722 2919
f 2429 2937 1976
f 2937 1838 2080
f 1838 574 2521
f 574 1947 2521
f 2066 1389 2738
f 1389 1722 2738
f 1667 2738 1722
f 1667 1722 2791
f 226 2521 1947
f 226 1947 2066
f 2205 324 1130
f 1370 1130 324
f 2205 388 1639
f 2816 1370 1229
f 1721 2367 2031
f 2816 1229 2031
f 2816 2031 2891
f 2367 1721 2573
f 2614 2367 2573
f 2614 2573 949
f 388 431 750
f 470 2614 949
f 949 589 470
f 431 462 750
f 313 684 589
f 469 462 1288
f 2233 684 1221
f 1022 1221 14
f 1354 1022 14
f 1344 1022 996
f 1022 1354 996
f 723 1344 996
f 218 2298 2427
f 940 1877 2811
f 2811 2529 940
f 2018 1272 807
f 843 2529 716
f 843 1726 2878
f 191 619 924
f 919 1537 1802
f 2461 919 1202
f 2450 578 897
f 303 683 1260
f 890 2234 683
f 2482 2234 890
f 2482 1101 2234
f 637 2623 2877
f 318 2877 2623
f 931 838 1101
f 1931 318 42
f 2537 931 718
f 1931 42 325
f 2537 2759 1831
f 264 1831 2730
f 2730 1831 2759
f 1980 325 228
f 1980 228 1129
f 2872 2704 264
f 836 758 2277
f 229 2704 2872
f 504 142 954
f 142 2229 2088
f 712 2229 142
f 2387 2229 1757
f 267 2387 1757
f 229 773 2704
f 267 1592 2110
f 306 773 229
f 306 288 773
f 288 1259 1447
f 288 306 1259
f 1259 837 1447
f 343 837 1259
f 2036 2991 343
f 343 2991 837
f 1835 2991 2036
f 1835 2036 1066
f 1066 1393 1835
f 266 959 1393
f 2383 316 1472
f 1954 2383 1781
f 1246 498 266
f 1246 1630 498
f 1954 1781 1857
f 2254 295 1434
f 2919 105 2543
f 2919 1722 105
f 1891 1197 1210
f 1210 1384 455
f 1197 1384 1210
f 783 184 1976
f 769 2429 1976
f 2625 574 1838
f 574 1389 1947
f 1947 1389 2066
f 1389 1998 1722
f 2955 2205 1130
f 2652 1130 1370
f 2652 1370 2816
f 2205 2955 2784
f 388 2205 2784
f 1318 2614 470
f 2784 431 388
f 684 470 589
f 2438 462 431
f 462 2438 1288
f 2457 1221 1022
f 1288 2604 867
f 2298 867 2427
f 723 996 1877
f 2655 723 1877
f 1817 2655 1877
f 940 1817 1877
f 456 1817 940
f 2529 456 940
f 218 2018 807
f 843 456 2529
f 970 2878 1726
f 853 191 1272
f 1537 2749 970
f 1537 2470 2749
f 191 2073 619
f 2470 1537 919
f 2470 919 2461
f 2470 2461 2516
f 897 2516 2461
f 2073 1535 619
f 578 2450 463
f 250 1304 1535
f 683 2131 1260
f 2465 2131 683
f 2465 683 2234
f 2623 637 1304
f 2234 65 2465
f 1101 65 2234
f 318 2623 2295
f 931 2420 838
f 42 318 2295
f 80 2420 931
f 2537 80 931
f 42 473 325
f 2537 2594 80
f 325 473 228
f 1129 228 808
f 1753 1129 808
f 1831 2594 2537
f 2594 1831 341
f 264 341 1831
f 1753 573 1129
f 2704 341 264
f 1980 1129 836
f 1809 341 1562
f 2704 1562 341
f 836 1129 573
f 2419 836 573
f 2419 758 836
f 1416 142 504
f 712 1349 2229
f 2229 1349 1757
f 982 267 1757
f 1809 1562 2546
f 773 1562 2704
f 982 1592 267
f 2546 1562 665
f 773 665 1562
f 2335 2119 2110
f 2546 665 88
f 288 665 773
f 88 665 1447
f 288 1447 665
f 724 88 1447
f 837 724 1447
f 1933 2335 1853
f 1933 1853 2114
f 2943 724 119
f 2991 724 837
f 119 724 794
f 2991 794 724
f 2485 2114 1853
f 1835 794 2991
f 1835 1797 794
f 1393 1797 1835
f 2485 316 2114
f 266 953 959
f 1630 2783 498
f 2543 2235 1630
f 1630 2235 2783
f 1857 1434 295
f 1891 2254 1434
f 1891 1434 197
f 2820 2235 105
f 2543 105 2235
f 197 1197 1891
f 2820 105 845
f 1384 1197 533
f 1384 533 2842
f 440 783 2842
f 440 184 783
f 845 105 1998
f 1722 1998 105
f 2429 2625 2937
f 2937 2625 1838
f 2625 1708 574
f 574 1708 1389
f 1708 1055 1389
f 1998 1389 1055
f 2367 385 2031
f 2891 2031 300
f 300 2031 385
f 1142 2367 2614
f 2614 1318 1142
f 2338 1130 2652
f 2123 1318 470
f 1679 431 2784
f 431 1679 2438
f 548 470 684
f 2233 548 684
f 2457 2233 1221
f 2427 867 2604
f 723 624 1344
f 2655 2020 723
f 2427 2255 218
f 97 2655 1817
f 2255 2018 218
f 2177 2018 2255
f 456 843 625
f 843 2878 625
f 2018 853 1272
f 2878 970 2749
f 816 2073 191
f 254 2749 2470
f 254 2470 2516
f 254 2516 588
f 578 2516 897
f 588 2516 268
f 578 268 2516
f 1353 578 463
f 2073 250 1535
f 1353 463 1984
f 2039 1353 1984
f 250 2331 1304
f 2052 2039 2131
f 2131 2039 1260
f 2039 1984 1260
f 2131 2465 2052
f 775 1304 2331
f 775 2623 1304
f 2138 2465 65
f 2623 775 817
f 1101 2138 65
f 1475 2138 1101
f 2623 817 2295
f 817 2320 2117
f 1475 838 1503
f 1101 838 1475
f 2295 817 2117
f 1758 600 473
f 1503 838 2420
f 42 2295 473
f 808 473 600
f 2090 2420 80
f 2594 2090 80
f 228 473 808
f 1753 808 600
f 2090 2594 1858
f 763 1753 1218
f 341 1858 2594
f 573 1753 763
f 341 1809 1858
f 2419 573 763
f 758 1416 2277
f 1416 504 2277
f 1416 2095 142
f 2095 712 142
f 1858 1809 1801
f 371 1349 712
f 2406 1757 1349
f 2406 982 1757
f 1536 1592 982
f 2546 1801 1809
f 1204 2110 1592
f 1801 2546 948
f 2110 1204 2335
f 1204 1853 2335
f 88 948 2546
f 948 88 1338
f 724 1338 88
f 724 2943 1338
f 1338 2943 119
f 119 1797 629
f 794 1797 119
f 1393 629 1797
f 959 432 1393
f 1393 432 629
f 953 432 959
f 498 953 266
f 498 2783 953
f 1472 1781 2383
f 2697 2783 2235
f 1781 1434 1857
f 2235 2820 2697
f 197 2976 1197
f 2976 533 1197
f 533 440 2842
f 167 2153 2820
f 2257 184 440
f 184 769 1976
f 845 210 167
f 2820 845 167
f 1878 2429 769
f 2429 1280 2625
f 1280 2674 2625
f 2625 2674 1708
f 1708 210 1055
f 2674 210 1708
f 845 1055 210
f 1055 845 1998
f 1142 385 2367
f 2816 2891 2652
f 2652 1712 2338
f 2269 2652 2891
f 1712 2652 2269
f 2269 2891 300
f 1266 1142 1318
f 1266 1318 2123
f 2190 1679 2784
f 2955 2190 2784
f 1130 757 2955
f 1130 2338 757
f 548 2123 470
f 2882 2604 1288
f 2438 2882 1288
f 2457 1022 2996
f 1344 2996 1022
f 2631 1344 979
f 979 1344 624
f 624 723 2020
f 2051 2020 2655
f 1086 97 1817
f 1817 456 1086
f 2793 1086 456
f 456 625 2793
f 2793 625 1928
f 1928 625 2878
f 1928 2878 2471
f 2471 2878 2749
f 853 816 191
f 2749 571 2826
f 254 571 2749
f 1724 571 254
f 588 657 254
f 657 1724 254
f 2695 1724 657
f 588 268 657
f 1353 268 578
f 2695 657 2867
f 2867 657 268
f 2867 268 1054
f 1054 268 1353
f 103 250 2073
f 2779 2867 1054
f 1353 2039 1054
f 2078 2867 2779
f 2039 693 1054
f 693 2039 2052
f 2465 1706 2052
f 1473 775 2331
f 817 775 2320
f 1706 2130 2052
f 2138 1706 2465
f 2138 2130 1706
f 2130 2138 2654
f 2138 2868 2654
f 2868 2138 1475
f 2117 1758 2295
f 1758 473 2295
f 2500 933 1503
f 2420 2500 1503
f 1183 2500 2420
f 2090 1183 2420
f 1218 1753 600
f 1858 1183 2090
f 602 763 1218
f 1111 1183 1499
f 1111 1499 2063
f 1858 1499 1183
f 758 2419 2918
f 758 2918 1416
f 605 2095 1297
f 605 712 2095
f 605 371 712
f 1801 1499 1858
f 982 1798 1536
f 1536 1798 891
f 2063 1499 86
f 86 1499 1692
f 1801 1692 1499
f 1536 2879 1592
f 1536 891 2879
f 2879 891 2884
f 2879 1204 1592
f 2322 565 86
f 1692 2322 86
f 948 2322 1801
f 1801 2322 1692
f 565 2322 1094
f 1094 2322 90
f 948 90 2322
f 1338 90 948
f 2043 90 1338
f 2043 1094 90
f 2992 1853 1204
f 1281 2265 2043
f 119 2043 1338
f 119 1281 2043
f 2485 1853 2992
f 2265 1281 595
f 629 595 119
f 119 595 1281
f 2866 2265 595
f 241 595 629
f 241 2866 595
f 432 241 629
f 739 1379 2485
f 2485 1379 316
f 1343 241 432
f 1343 2866 241
f 1472 316 1379
f 1343 1693 2866
f 953 1343 432
f 528 1180 1693
f 528 1343 2783
f 528 1693 1343
f 2783 1343 953
f 1472 1602 1781
f 1012 1747 1180
f 1012 528 2697
f 1012 1180 528
f 2697 528 2783
f 1781 1872 1434
f 1747 1012 1128
f 2153 1128 1012
f 2697 2153 1012
f 449 1128 2153
f 2820 2153 2697
f 667 449 2153
f 2976 1615 533
f 533 1615 440
f 1615 2778 440
f 2257 440 2778
f 167 667 2153
f 184 2257 769
f 2257 1878 769
f 2927 667 167
f 2429 1878 1280
f 1878 1479 1280
f 1280 1479 2674
f 1479 2927 2674
f 2674 2927 167
f 2674 167 210
f 300 385 2006
f 1266 385 1142
f 2269 300 2006
f 852 1679 2190
f 2233 2457 548
f 2438 1679 852
f 2631 2996 1344
f 1543 2427 2604
f 1442 1543 2604
f 2882 1442 2604
f 624 497 979
f 497 624 1545
f 2924 1545 624
f 2051 2924 2020
f 2924 624 2020
f 2747 2924 2051
f 1543 2255 2427
f 1800 2747 2051
f 1800 2051 2392
f 2392 2051 97
f 2051 2655 97
f 1086 2392 97
f 2671 2392 1086
f 2671 1086 2793
f 2177 853 2018
f 2471 925 1928
f 2749 2826 2471
f 2471 2826 925
f 2826 246 925
f 2177 816 853
f 2227 2073 816
f 2826 1599 246
f 1724 2826 571
f 2695 2826 1724
f 2695 1599 2826
f 2695 458 1599
f 700 458 2695
f 700 2695 2078
f 2867 2078 2695
f 2331 103 1473
f 2331 250 103
f 2779 2948 2078
f 1054 693 2779
f 693 2948 2779
f 1473 1156 775
f 2948 700 2078
f 2535 2948 693
f 700 2948 124
f 407 2948 2535
f 2320 775 1156
f 2535 2929 407
f 2929 2535 2729
f 2052 2535 693
f 2052 2729 2535
f 2320 1156 2244
f 2130 2729 2052
f 2320 2071 2117
f 892 2729 2130
f 1475 2654 2868
f 892 2130 2654
f 2654 2418 892
f 1503 2746 1475
f 2746 2654 1475
f 2746 2418 2654
f 933 2746 1503
f 2746 1482 2418
f 2122 1482 2746
f 1795 1482 2122
f 2500 2122 933
f 933 2122 2746
f 679 1795 2748
f 1183 2122 2500
f 1905 2748 1795
f 2630 1795 2122
f 1905 1795 2630
f 1111 2630 1183
f 1183 2630 2122
f 2063 2630 1111
f 1547 1856 329
f 1547 2370 1856
f 208 2846 2653
f 208 2653 2748
f 208 2748 1905
f 1868 821 2782
f 398 2782 1740
f 398 1740 1923
f 398 1923 1362
f 1362 1923 329
f 1362 329 1856
f 1856 2370 734
f 734 2370 2846
f 734 2846 208
f 1868 2782 396
f 396 2782 398
f 620 398 1362
f 620 1362 628
f 628 1362 1856
f 628 1856 734
f 1563 396 398
f 398 620 294
f 1607 1905 2630
f 2063 1607 2630
f 1297 2095 1416
f 1868 396 480
f 870 398 294
f 620 628 1157
f 1941 628 734
f 2990 1741 605
f 1741 371 605
f 480 396 809
f 809 396 1563
f 752 620 653
f 2999 734 208
f 2469 208 1905
f 2999 208 2469
f 2469 1905 1607
f 604 2936 371
f 1741 604 371
f 480 809 1061
f 1298 1563 398
f 2936 1349 371
f 1349 2936 2406
f 1061 809 2158
f 653 620 531
f 531 620 1157
f 2406 2936 443
f 443 1798 2406
f 2099 443 2895
f 1798 443 2099
f 2158 809 865
f 865 809 1563
f 2862 2895 1994
f 2099 2895 2862
f 1994 2638 2862
f 2430 865 1563
f 901 870 294
f 1798 982 2406
f 1798 2099 891
f 2099 2862 891
f 891 2862 742
f 2687 2862 2638
f 742 2862 2687
f 2687 2638 1278
f 1278 2638 2430
f 1298 1278 2430
f 1298 2430 1563
f 1157 628 1268
f 1268 628 1941
f 1941 734 2999
f 86 1607 2063
f 1533 1278 1298
f 2687 1278 1533
f 2673 1298 398
f 742 2687 1533
f 1070 398 870
f 891 742 2884
f 1913 742 1533
f 2884 742 1913
f 2673 398 1070
f 1070 870 901
f 1312 620 752
f 294 620 1312
f 1610 2879 2884
f 1610 1204 2879
f 1071 2884 1913
f 1610 2884 1071
f 5 1913 1533
f 1071 1913 5
f 1533 1298 2673
f 2398 1941 2999
f 1588 2999 2469
f 2398 2999 1588
f 1588 1607 565
f 1588 2469 1607
f 565 1607 86
f 1204 1610 1569
f 1610 1071 1569
f 5 1533 2673
f 531 1157 338
f 646 1268 1941
f 2104 1941 2398
f 646 1941 2104
f 2104 2398 1588
f 1094 1588 565
f 1188 1071 5
f 1569 1071 1188
f 2417 2104 1588
f 1094 2417 1588
f 2992 1204 1569
f 2992 1569 1188
f 2043 2417 1094
f 240 1188 5
f 1059 901 294
f 1059 294 1312
f 2059 646 2104
f 2059 2417 2265
f 2059 2104 2417
f 2265 2417 2043
f 646 1157 1268
f 2951 752 653
f 2829 2992 1188
f 739 2992 2829
f 2829 1188 240
f 1432 1157 646
f 1432 646 2059
f 739 2485 2992
f 240 5 2673
f 1432 338 1157
f 1705 1432 2059
f 2866 1705 2265
f 2265 1705 2059
f 739 2829 994
f 1832 338 1432
f 1832 1432 1705
f 739 994 1379
f 242 2829 240
f 994 2829 242
f 1832 1705 1693
f 1693 1705 2866
f 1472 1379 1602
f 1379 994 1602
f 1180 1832 1693
f 1872 1602 994
f 1887 994 242
f 1872 994 1887
f 2472 531 338
f 1747 338 1832
f 1180 1747 1832
f 2951 653 531
f 2951 531 2472
f 2472 338 1747
f 1602 1872 1781
f 1390 1070 1363
f 1363 1070 901
f 1363 901 485
f 485 901 1059
f 1059 1312 485
f 1020 2951 2472
f 1020 2472 1128
f 1128 2472 1747
f 9 1872 1887
f 2526 1887 242
f 2673 2526 242
f 2673 242 240
f 2149 752 2951
f 2149 2951 1020
f 2121 1872 9
f 485 1312 752
f 449 1020 1128
f 2121 1434 1872
f 9 1887 2526
f 2526 2673 1390
f 1390 2673 1070
f 2121 197 1434
f 1106 9 2526
f 2121 9 1106
f 1106 2526 952
f 952 2526 1390
f 952 1390 2565
f 2565 1390 2599
f 2599 1390 1363
f 485 752 2149
f 2120 952 2565
f 1106 952 2120
f 2740 2565 2599
f 2120 2565 2740
f 116 2599 1363
f 2740 2599 116
f 116 1363 2531
f 2531 1363 485
f 496 485 2149
f 276 2149 1020
f 496 2149 276
f 667 276 449
f 449 276 1020
f 2121 2976 197
f 2976 2121 1615
f 1615 2121 1106
f 1615 1106 2120
f 1615 2120 2778
f 2120 2360 2778
f 2120 2740 2360
f 1052 2740 116
f 2360 2740 1052
f 1776 116 2531
f 1052 116 1776
f 1776 2531 485
f 1776 485 496
f 2360 2257 2778
f 2257 2360 1052
f 2257 1052 1878
f 1878 1052 1091
f 1052 1776 1091
f 1091 1776 115
f 115 1776 496
f 115 496 276
f 2927 115 667
f 667 115 276
f 1878 1091 1479
f 1479 1091 115
f 1479 115 2927
f 2396 2269 2006
f 2457 951 548
f 262 2438 852
f 2438 262 2882
f 497 2631 979
f 1545 2766 497
f 1545 2924 1240
f 2794 1545 1240
f 2766 1545 2794
f 2794 1240 1250
f 2747 499 2924
f 499 1240 2924
f 1250 1240 2163
f 1189 1240 499
f 2163 1240 1189
f 1543 856 2255
f 1494 2163 1189
f 1800 2598 2747
f 2598 499 2747
f 2598 1189 499
f 74 1494 1189
f 196 1189 2598
f 74 1189 196
f 188 2598 1800
f 196 2598 188
f 824 1800 2392
f 824 188 1800
f 2671 824 2392
f 515 196 188
f 74 196 515
f 1730 2177 2255
f 1730 2255 856
f 188 824 2681
f 2793 2279 2671
f 2279 824 2671
f 2279 2681 824
f 1928 2279 2793
f 1250 2163 2280
f 2280 2163 1494
f 1179 188 2681
f 1928 148 2279
f 102 2279 148
f 2681 2279 102
f 374 2280 1494
f 374 1494 74
f 925 148 1928
f 1762 2681 102
f 1179 2681 1762
f 1250 2280 2497
f 515 188 1179
f 246 148 925
f 2497 2280 805
f 805 2280 374
f 2227 816 2177
f 102 148 246
f 1762 102 2701
f 1542 246 1599
f 102 246 1542
f 458 1542 1599
f 2701 102 1542
f 2852 515 1179
f 2852 1179 1762
f 2701 1542 189
f 189 1542 458
f 551 374 74
f 1517 74 515
f 1473 2691 1156
f 2089 805 374
f 2089 374 551
f 189 458 2798
f 700 2798 458
f 2497 805 2952
f 551 74 1517
f 1463 189 2798
f 2952 805 1374
f 1374 805 2089
f 407 124 2948
f 124 2798 700
f 2150 124 407
f 2929 2150 407
f 2852 1517 515
f 2512 1463 2798
f 2512 2798 124
f 2512 124 2443
f 2443 124 2150
f 1463 1762 2701
f 131 2443 2150
f 2849 2150 2929
f 131 2150 2849
f 2244 2071 2320
f 1758 2071 1486
f 2117 2071 1758
f 892 2929 2729
f 600 1758 1486
f 2852 1762 1463
f 1089 2512 2443
f 1544 2929 892
f 1544 2849 2929
f 387 2089 551
f 679 2849 1544
f 131 2849 679
f 2952 1374 1172
f 155 1374 2089
f 155 2089 387
f 387 551 1517
f 1089 2443 131
f 2418 1544 892
f 1463 2701 189
f 1482 1544 2418
f 1482 679 1544
f 1089 1463 2512
f 2727 131 679
f 1089 131 2727
f 1795 679 1482
f 155 387 2682
f 2682 387 1517
f 2682 1517 2852
f 2682 2852 1968
f 1968 2852 1463
f 1968 1463 1089
f 1968 1089 1451
f 2405 1089 2727
f 1451 1089 2405
f 1918 2727 679
f 2405 2727 1918
f 2748 1918 679
f 1279 1374 155
f 1279 155 2682
f 1279 2682 1144
f 1144 2682 1968
f 1144 1968 1451
f 2653 2405 2748
f 2748 2405 1918
f 1172 1374 2876
f 2045 1374 1279
f 2876 1374 2045
f 2045 1279 2365
f 2365 1279 1704
f 1704 1279 1144
f 1704 1144 887
f 887 1144 1451
f 887 1451 2405
f 1172 2876 2271
f 2876 2045 2782
f 2782 2045 1740
f 1740 2045 2365
f 1740 2365 1923
f 1923 2365 329
f 329 2365 1704
f 329 1704 1547
f 1547 1704 887
f 1547 887 2370
f 2370 887 2846
f 2846 887 2405
f 2846 2405 2653
f 2609 2918 763
f 763 2918 2419
f 2271 2876 821
f 1868 2271 821
f 821 2876 2782
f 2918 2587 1416
f 1868 709 2271
f 422 605 1297
f 422 2990 605
f 480 709 1868
f 480 1265 709
f 2936 604 443
f 604 1477 443
f 1556 2895 1477
f 1556 1994 2895
f 1061 1265 480
f 1061 2585 1265
f 443 1477 2895
f 1994 1556 1118
f 2585 1061 2158
f 130 1994 1118
f 865 1118 2158
f 1994 130 2638
f 2430 130 865
f 865 130 1118
f 2638 130 2430
f 1266 2726 385
f 385 2726 2006
f 951 2123 548
f 260 2190 2955
f 2966 2882 262
f 2882 2966 1442
f 1250 18 2794
f 1442 856 1543
f 1250 2977 18
f 3009 2177 1730
f 2497 2977 1250
f 2227 2177 3009
f 894 2227 3009
f 2497 1907 2977
f 103 2227 894
f 2691 103 894
f 2073 2227 103
f 103 2691 1473
f 2691 1636 1156
f 2952 1907 2497
f 2244 1156 1636
f 2952 1396 1907
f 600 165 1218
f 1172 1396 2952
f 2609 763 602
f 2271 1396 1172
f 2271 2317 1396
f 461 1416 2587
f 461 1297 1416
f 709 2317 2271
f 709 2221 2317
f 709 2086 2221
f 2220 1477 604
f 1249 1743 1556
f 1249 1556 1477
f 2962 1743 1249
f 1265 2086 709
f 1265 2596 2086
f 1743 2962 2596
f 2585 1743 2596
f 2596 1265 2585
f 1743 1118 1556
f 1118 1743 2158
f 2158 1743 2585
f 2269 1373 1712
f 2269 2396 1373
f 2726 1266 951
f 951 1266 2123
f 1712 1373 2338
f 260 2955 757
f 2338 1373 827
f 2457 2996 1686
f 2794 3011 2766
f 2794 1538 3011
f 18 1538 2794
f 696 1730 856
f 1730 2113 3009
f 1907 514 2977
f 2691 894 2667
f 2691 2667 2703
f 1636 2691 2703
f 1396 514 1907
f 2244 1392 2071
f 2071 1392 1486
f 1396 2317 514
f 165 600 1486
f 602 1218 165
f 2609 602 1051
f 2750 1741 2990
f 2750 1107 1741
f 1107 604 1741
f 604 1694 2220
f 1107 1694 604
f 202 1477 2220
f 1477 202 1249
f 2006 2402 2396
f 1083 852 2190
f 260 1083 2190
f 2338 827 757
f 2253 827 1373
f 2457 1686 951
f 63 757 827
f 63 827 2709
f 2709 827 2253
f 2996 2631 1686
f 852 1873 262
f 497 1830 2631
f 1873 2765 262
f 2765 2966 262
f 2765 1759 2966
f 18 1358 1538
f 1759 1442 2966
f 2977 1358 18
f 1442 696 856
f 81 1730 696
f 2113 1730 81
f 2699 2113 81
f 2667 894 2113
f 2113 894 3009
f 514 2680 2977
f 2667 2113 2699
f 2703 2667 2699
f 2699 347 2703
f 2703 347 1636
f 1991 2918 2609
f 1337 2990 422
f 2086 1380 2221
f 2086 291 1380
f 293 2962 1249
f 293 291 2962
f 291 2596 2962
f 291 2086 2596
f 2006 2726 2690
f 2690 2726 951
f 951 1686 695
f 757 63 260
f 63 2709 935
f 1686 2631 1830
f 1083 1873 852
f 497 2766 1830
f 1830 2766 1935
f 3011 1935 2766
f 2765 1873 2663
f 1538 2863 3011
f 1358 2863 1538
f 1153 696 1442
f 1759 1153 1442
f 696 1153 81
f 2977 1926 1358
f 2699 81 409
f 81 613 409
f 2680 1926 2977
f 2914 2699 409
f 409 2636 2914
f 347 2699 2914
f 2343 1636 347
f 2343 2244 1636
f 910 2244 2343
f 1392 2244 910
f 165 1486 1392
f 2317 2978 514
f 602 165 1347
f 1337 1297 461
f 1297 1337 422
f 2750 2990 1337
f 1380 562 2221
f 1107 2132 1694
f 2220 1694 202
f 2253 1373 2396
f 2402 201 2396
f 2396 201 2253
f 2690 2402 2006
f 2690 951 695
f 1830 1739 1686
f 1739 695 1686
f 2731 1739 1830
f 1083 855 1873
f 855 2663 1873
f 3011 2863 1935
f 2663 1759 2765
f 1759 2663 736
f 736 1153 1759
f 613 1153 736
f 2863 2433 929
f 1358 2433 2863
f 81 1153 613
f 1926 2433 1358
f 613 1910 2721
f 409 613 2721
f 2636 409 2721
f 2466 2914 2636
f 514 1330 2680
f 1765 347 2914
f 910 878 1392
f 878 165 1392
f 2587 2918 1991
f 461 2587 1768
f 202 990 1249
f 1694 990 202
f 990 293 1249
f 201 2402 2690
f 868 2709 2253
f 855 1083 260
f 1222 855 260
f 260 63 1222
f 2709 868 935
f 855 1222 143
f 143 2663 855
f 63 1435 1222
f 173 935 868
f 1935 2731 1830
f 143 736 2663
f 1435 63 935
f 2863 929 1935
f 736 143 1770
f 736 1910 613
f 736 1770 1910
f 2721 1910 2454
f 2454 2636 2721
f 2751 1330 514
f 1765 2914 2466
f 1765 2343 347
f 1514 910 2343
f 878 910 1514
f 514 2978 2751
f 1347 1051 602
f 2221 562 2317
f 1380 1949 562
f 1380 2366 1949
f 2132 424 1694
f 990 1694 424
f 291 2366 1380
f 668 868 2253
f 2253 201 668
f 557 2690 695
f 695 1739 557
f 868 668 173
f 1739 2731 87
f 2538 143 1222
f 1435 2538 1222
f 87 2731 1935
f 2538 1435 1612
f 633 1435 935
f 633 935 173
f 1612 1435 633
f 929 87 1935
f 770 1910 1770
f 3002 929 2433
f 1926 1224 2433
f 770 2454 1910
f 770 224 2454
f 1926 2680 1224
f 1514 2343 1765
f 878 1604 165
f 1347 165 1604
f 2317 1908 2978
f 562 1908 2317
f 1768 1632 461
f 1632 1337 461
f 2750 494 1107
f 494 2132 1107
f 2366 291 1842
f 293 1842 291
f 2690 26 201
f 201 26 668
f 557 26 2690
f 2424 668 26
f 453 557 1739
f 557 453 26
f 87 453 1739
f 2424 173 668
f 2424 180 173
f 173 180 633
f 180 2424 1138
f 2538 1612 1922
f 143 2538 1922
f 143 1922 1770
f 1431 87 929
f 3002 1431 929
f 770 1770 2193
f 2433 1224 3002
f 1330 593 2680
f 2466 2636 2454
f 224 2466 2454
f 2609 1051 2175
f 1991 1768 2587
f 1949 1908 562
f 424 2132 494
f 468 2424 26
f 26 453 468
f 618 468 453
f 87 618 453
f 2424 468 1138
f 1541 468 618
f 468 1541 622
f 1138 468 622
f 618 577 1541
f 1431 618 87
f 577 618 1431
f 633 180 1326
f 1326 180 1138
f 2372 770 2193
f 770 2372 224
f 1604 878 1207
f 2467 1347 1604
f 2151 1347 2467
f 2151 1051 1347
f 1337 1632 1321
f 1337 1321 2750
f 1321 494 2750
f 990 1842 293
f 1541 2369 622
f 1612 670 1922
f 633 670 1612
f 1454 1138 622
f 1326 1138 1454
f 1454 622 2369
f 2193 1770 1922
f 670 633 1326
f 1541 2912 2369
f 577 2912 1541
f 3002 577 1431
f 3002 2912 577
f 1224 2289 3002
f 1224 2680 593
f 2466 224 2965
f 1330 1299 593
f 2751 1299 1330
f 2466 2965 1662
f 1662 1725 2466
f 1725 1765 2466
f 1375 1765 1725
f 1514 1765 1375
f 1514 1375 1207
f 1207 878 1514
f 2467 1604 1207
f 2151 2175 1051
f 2175 1991 2609
f 1908 168 2978
f 1991 1632 1768
f 1233 1321 1632
f 1321 1273 494
f 494 1273 2339
f 2339 424 494
f 1949 2366 1565
f 990 424 1876
f 990 1876 1842
f 1842 1876 1565
f 1842 1565 2366
f 1973 1922 670
f 2213 670 1326
f 2645 2213 1326
f 2645 1326 1454
f 1903 2369 2912
f 224 2372 2965
f 2751 751 1299
f 2349 1662 2965
f 1662 2349 1725
f 2349 1498 1725
f 1498 1375 1725
f 1498 356 1647
f 1498 1647 1375
f 2751 2978 751
f 1207 1375 1647
f 1647 1989 2411
f 2411 1207 1647
f 2467 1207 2411
f 741 2467 2411
f 741 2411 1989
f 2467 741 2151
f 2175 2151 741
f 2030 741 1939
f 2175 741 2030
f 2175 2030 1991
f 2978 168 2848
f 2030 659 1991
f 1991 659 1632
f 1233 1632 659
f 1908 1021 168
f 1233 1273 1321
f 1908 534 1021
f 1949 534 1908
f 1949 1565 534
f 2339 1876 424
f 2645 1454 2369
f 859 1922 1973
f 2193 1922 859
f 1973 670 2213
f 2912 2293 1903
f 2193 859 2116
f 2293 2912 3002
f 2116 2372 2193
f 2293 3002 2289
f 2965 2372 2116
f 909 1498 2349
f 909 2349 1960
f 909 356 1498
f 896 356 909
f 2900 356 896
f 2978 2219 751
f 2900 896 2564
f 356 1989 1647
f 1767 356 2900
f 1989 356 1767
f 692 1767 2900
f 692 2900 2564
f 692 2564 1403
f 359 1403 2564
f 1989 1939 741
f 1989 1767 1939
f 1956 1767 692
f 1939 1767 1956
f 2341 692 1403
f 1956 692 2341
f 2978 2848 2219
f 1939 1956 2030
f 1956 2098 2030
f 2098 1956 2341
f 1403 1654 2341
f 2098 659 2030
f 659 2098 75
f 75 2098 2341
f 1515 2341 1654
f 1515 1654 2550
f 2212 1021 534
f 659 75 1233
f 1515 75 2341
f 942 2 2212
f 942 2212 534
f 1273 1233 75
f 75 1515 861
f 861 1515 2393
f 2393 1515 2550
f 2393 2550 100
f 100 2550 2
f 100 2 942
f 1273 75 2339
f 2339 75 861
f 861 2393 2339
f 1565 942 534
f 100 942 1565
f 2339 2393 1876
f 1876 2393 100
f 1876 100 1565
f 2369 1903 2645
f 1087 2116 859
f 1973 2213 1331
f 2824 2116 1087
f 1224 1237 2289
f 2824 2965 2116
f 1237 1224 593
f 685 2965 2824
f 2349 2965 685
f 685 1960 2349
f 685 2661 1960
f 896 909 1811
f 896 1811 2787
f 2564 896 2787
f 2848 40 2219
f 1335 40 1518
f 40 168 1518
f 40 2848 168
f 1403 607 1654
f 1654 607 720
f 2550 720 1597
f 2550 1597 2
f 2 1597 1001
f 2212 1001 1335
f 2 1001 2212
f 2212 1335 1518
f 2550 1654 720
f 1021 1518 168
f 2212 1518 1021
f 2293 1658 1903
f 2213 2127 1331
f 2213 2645 2127
f 2645 1903 1658
f 2995 1658 2293
f 1973 1087 859
f 1973 1331 1087
f 2995 2293 2289
f 1087 2187 2824
f 1237 2995 2289
f 2910 1237 593
f 751 2910 1299
f 1299 2910 593
f 751 1554 2910
f 1960 2661 909
f 2219 1554 751
f 2787 359 2564
f 359 2460 1403
f 2219 2786 1554
f 2460 607 1403
f 40 2786 2219
f 2460 720 607
f 1001 964 1335
f 40 1335 2786
f 2645 1985 2127
f 2645 1658 1985
f 2187 1087 1331
f 1331 1015 2187
f 1331 2127 1015
f 2722 2995 1237
f 1578 2824 2187
f 1578 2187 1015
f 2661 685 2824
f 2824 1578 2661
f 1811 909 381
f 381 909 2661
f 1811 381 2787
f 1554 1822 2910
f 359 2787 2458
f 1554 2023 1822
f 2460 359 402
f 2786 2023 1554
f 720 2460 402
f 720 402 1616
f 1616 2023 964
f 1335 964 2786
f 2786 964 2023
f 1597 720 1616
f 1597 1616 1001
f 1001 1616 964
f 1015 2127 1985
f 1985 1658 98
f 98 1658 2995
f 1211 1015 1985
f 2995 2722 1557
f 1211 1578 1015
f 2910 2722 1237
f 2661 1578 381
f 2787 381 1836
f 1822 2722 2910
f 689 2722 1822
f 2787 1836 2458
f 689 1822 1731
f 359 2458 402
f 2023 1616 1731
f 2023 1731 1822
f 1985 98 1211
f 1557 98 2995
f 871 98 1557
f 1211 98 871
f 689 871 1557
f 2722 689 1557
f 2493 1578 1211
f 1242 2493 1211
f 1578 2493 381
f 2493 1836 381
f 690 2493 1242
f 1242 1211 871
f 1836 2493 690
f 1836 690 2458
f 690 1242 1731
f 1731 1242 871
f 402 2458 690
f 1731 871 689
f 402 690 1731
f 402 1731 1616