# https://github.com/mikedh/trimesh
v -95.28849485 -44.60863060 50.79156303
v -77.15827061 -52.18232843 51.70562957
v -79.52150214 -43.33275816 54.46008067
v -87.15228722 -45.90422612 63.01633183
v -89.98679350 -68.41242419 59.37175885
v -82.46018677 -65.48841300 60.77706118
v -87.34743439 -56.33446963 49.86723764
v -84.28879273 -55.66062497 48.55441970
v -96.97821442 -51.65343303 51.31514930
v -86.11309334 -56.58166982 49.37228356
v -81.63278808 -67.54375641 53.05041151
v -80.52472799 -43.65225048 52.18797944
v -88.54237052 -45.52840531 47.56931891
v -95.04177364 -43.88647900 53.32804283
v -90.59913229 -69.54384422 55.20200749
v -80.12743682 -61.46694590 56.31584547
v -87.75848561 -42.91078452 56.67527304
v -86.12764548 -48.98534224 47.48873384
v -77.88148104 -57.36263407 52.65831414
v -103.37410648 -54.62589214 64.54160887
v -85.50805569 -43.46549529 60.03346806
v -78.94106494 -52.10680657 54.61707359
v -86.32849011 -70.72100273 54.20710469
v -86.02876751 -70.03223696 57.80642365
v -89.51113189 -63.43641277 63.00783478
v -76.83132142 -47.41832285 54.26867379
v -79.24587164 -51.22316229 55.39713615
v -87.26103582 -46.11437824 47.59535904
v -77.55001643 -45.31643419 55.96776979
v -102.75158589 -61.40017099 58.35075667
v -85.33875811 -62.71498743 50.72369887
v -87.86048298 -66.23063208 52.28460205
v -85.89909399 -51.27465153 60.56498448
v -83.59876660 -69.35193004 59.01318890
v -86.21286482 -70.69081651 55.83590578
v -100.75011583 -53.02504004 55.23456110
v -86.77190416 -68.62027837 59.79891378
v -80.99296302 -65.28658207 51.60211893
v -102.40729325 -54.55135564 65.39882753
v -84.60378026 -41.41549966 51.48354645
v -85.48954131 -67.13475809 61.18350279
v -83.42746486 -42.32725187 53.66084679
v -81.44696455 -51.00620430 57.62793739
v -79.48418824 -63.04289488 51.68582433
v -94.67398598 -63.16511733 62.17397829
v -98.36890982 -52.09245444 64.11689435
v -81.70504186 -65.87640013 59.21878680
v -88.29384922 -69.71835669 52.80293589
v -93.80215724 -66.33938144 55.93075619
v -89.14805680 -46.43991997 47.67375214
v -87.66623089 -40.32669531 49.77460576
v -97.82632599 -58.37749368 64.25507594
v -89.73303178 -53.37025890 49.62227576
v -86.25655464 -41.17926000 52.05486879
v -87.61552481 -50.87581955 61.48274460
v -82.64703825 -56.57504371 48.75292330
v -96.07469249 -44.95988872 52.42866922
v -81.05946865 -43.00694662 55.03118885
v -82.87439677 -64.34660993 61.14606010
v -87.63293437 -68.95864165 52.35330206
v -96.47586997 -58.61760436 64.27723984
v -81.44583145 -56.74790563 48.91312116
v -79.68256191 -54.55293056 54.58077986
v -85.00654372 -55.85069873 59.89177563
v -79.90746993 -49.49536510 49.58508502
v -84.05312749 -50.02040313 60.05783569
v -99.39522457 -52.79901373 53.73127823
v -77.84910421 -44.20253293 56.38100081
v -84.55259836 -52.78064056 59.30142005
v -81.76978544 -44.34181016 59.26817476
v -87.89097228 -61.98372782 63.62524372
v -76.83366626 -50.10042793 52.17798242
v -97.28664998 -51.55057796 63.79869065
v -84.36395775 -47.00560718 61.30854590
v -97.62032297 -47.64659932 54.01053725
v -90.21221432 -63.42798736 53.23708975
v -77.42176886 -46.24354585 55.43664322
v -90.83100591 -44.21947695 47.55268999
v -92.80797507 -42.64097970 52.94780576
v -85.65673955 -41.01773019 50.28276960
v -82.20802291 -55.20677220 48.37452589
v -78.99242140 -43.78992680 53.69229352
v -85.03153398 -60.11339356 61.97356363
v -96.52873887 -45.84073355 52.00073214
v -85.08616390 -55.31231640 48.65875691
v -104.22560304 -55.31225109 63.90978623
v -83.18937120 -55.34992002 57.85632234
v -85.00607681 -52.03506814 59.84112548
v -83.51605712 -63.58302327 61.62313473
v -80.62351975 -47.12525651 50.02941099
v -86.03548093 -55.11073613 60.41672279
v -90.32938205 -64.34669033 62.46088684
v -95.19695680 -49.27024611 62.66814665
v -96.69691727 -50.51640472 50.75360766
v -86.64066572 -70.69067009 55.75516349
v -85.56165549 -70.75577733 54.82363992
v -94.88154992 -67.04751634 56.47088603
v -85.98974885 -58.82710367 49.92786626
v -91.20984601 -61.73046478 53.56938402
v -94.73609486 -53.41111904 51.07697806
v -95.38873061 -44.88723624 50.68371932
v -100.45943775 -51.58695398 55.71468475
v -80.01528350 -48.70947255 49.79690195
v -84.45620498 -50.93155839 47.46342596
v -106.33130897 -56.11306607 60.06579520
v -84.55207246 -70.38330573 57.31688849
v -97.22225969 -63.12312401 56.96815140
v -91.80238787 -66.11663752 54.73529741
v -94.69331880 -50.88089277 49.68490222
v -93.60332022 -44.35149027 48.63644300
v -91.30351453 -69.00283203 57.28615569
v -86.80158311 -58.31362335 50.13711841
v -85.80147377 -44.34005221 61.78441039
v -77.15425956 -44.74308757 55.55179990
v -93.38540808 -43.04816093 53.56988040
v -90.65005717 -53.84738686 62.68604469
v -79.72284959 -64.20532336 52.33450618
v -99.03397530 -53.53561692 53.50910803
v -90.80825665 -62.42376112 63.23438138
v -101.03512049 -54.21653823 55.32131934
v -79.53885481 -64.03004767 54.27471256
v -80.37264990 -63.13379576 50.83463649
v -93.93952763 -55.14461448 64.32234150
v -81.85132514 -45.66934782 49.80400988
v -80.11914264 -65.21704194 52.83133836
v -93.89167734 -43.44204148 53.97933666
v -101.30571992 -55.37808529 65.47987529
v -82.77552001 -49.96358931 59.20450700
v -100.02503004 -61.91448773 60.93542654
v -80.73957937 -43.73427869 58.18339732
v -87.60673535 -57.41248898 50.28358363
v -88.25386815 -60.44307012 63.69982499
v -79.75589253 -43.27641575 54.02980107
v -87.37048162 -56.97398522 62.21044406
v -81.76114428 -44.03408783 59.12592121
v -88.63189265 -66.53378168 52.69743573
v -86.57673672 -43.71217927 61.37754967
v -99.76567092 -50.95045679 58.74242730
v -94.33227308 -55.85268932 52.43269537
v -86.02778925 -57.47903338 49.54428308
v -89.57055339 -43.23418811 57.30282820
v -83.00320379 -64.81774978 61.51147944
v -81.72395535 -54.18560378 56.61484055
v -84.75632073 -58.45563325 60.95964284
v -93.99945993 -43.76879547 49.68908546
v -93.07011433 -42.36192296 51.50093408
v -77.65409591 -54.46625784 51.65090682
v -79.52772130 -47.53075905 50.68258779
v -89.63377635 -59.31944448 51.96883822
v -90.50176083 -68.24056063 53.95378232
v -84.57410646 -67.76738506 51.42795005
v -102.47254376 -53.40558113 57.65620603
v -95.21298217 -50.57758017 49.75107171
v -89.24478285 -50.74146629 61.99303537
v -89.83888674 -41.19071091 51.85615777
v -99.64013176 -51.65119808 54.10556026
v -87.74022763 -68.32628174 59.94934062
v -85.69761537 -56.58677985 60.79914281
v -102.71774862 -55.76946319 57.05189274
v -103.93807634 -56.23443825 63.78766554
v -87.08688462 -41.55439199 48.63085881
v -89.46000160 -55.42617731 50.53013058
v -88.85621921 -57.36604672 51.02497725
v -94.98907465 -52.61971780 63.80440397
v -103.69174065 -55.81624442 57.83048742
v -92.00784281 -62.74640497 54.43550786
v -100.11736109 -54.05077981 54.51341818
v -78.95433861 -54.69436964 53.79746524
v -86.16932286 -43.25108674 58.65033403
v -81.35393327 -68.24757140 55.09865384
v -85.42955645 -46.32728162 47.71271160
v -91.66486303 -43.80572491 56.54140309
v -86.57005728 -56.52805227 61.47881572
v -100.65697677 -57.00205064 64.62187429
v -88.87332737 -42.45606602 54.32789181
v -84.72627575 -70.40687513 54.41740335
v -87.11730647 -40.93160969 51.83234609
v -85.55617286 -54.34234300 59.90517135
v -77.06908392 -48.62098200 53.92281476
v -93.46556188 -61.65785729 63.17183733
v -89.30030265 -45.67945439 47.58565997
v -91.43077937 -44.09097222 60.48922076
v -85.57873361 -70.56822810 54.15818693
v -97.30596489 -60.51779699 56.17104068
v -90.38908732 -45.26663705 47.56897087
v -81.93771865 -67.06629428 59.48207247
v -91.19141881 -46.97455752 62.56589493
v -83.67732321 -65.30848632 62.34476626
v -84.87366968 -54.45765387 59.39740577
v -88.91813260 -48.99915540 62.61810009
v -86.06063299 -53.06422130 48.34222202
v -86.47653593 -44.72020808 47.79789323
v -97.37899582 -57.31993475 54.60411525
v -85.64560391 -70.78952497 55.20958707
v -94.46036151 -48.17483633 61.16467658
v -79.16917444 -55.15320140 49.13665580
v -91.17110173 -63.39054610 53.96133840
v -100.64321345 -57.53019325 56.24221324
v -84.34785001 -42.97757169 57.09766563
v -89.53212864 -51.12772084 62.01792295
v -81.44660400 -47.69856491 49.21517404
v -88.85330773 -54.75335273 50.01727776
v -86.43994645 -50.36753485 47.76860802
v -95.33940752 -44.40709203 51.23237174
v -88.02802262 -59.00309411 50.95875433
v -97.35217186 -49.10367168 57.42588021
v -85.39259590 -44.99891491 61.82129913
v -84.01761617 -49.79165269 47.41094744
v -104.22149760 -59.44874966 59.36580364
v -78.56848713 -55.56634426 49.58561925
v -92.17336187 -42.26902711 52.47138349
v -93.08480286 -45.78164436 58.68250353
v -77.62013935 -51.33399133 52.98307951
v -87.01061643 -48.40913736 62.38188668
v -104.77215967 -54.52641316 61.34240156
v -87.51956553 -70.03600929 57.41301018
v -90.21613918 -56.86831398 51.51826002
v -95.19066884 -43.87759228 52.16759109
v -90.99434865 -43.72844966 57.37509985
v -98.73978650 -49.51976436 56.53773566
v -90.18902227 -69.37956847 53.97991737
v -84.22081851 -70.06338566 58.13493888
v -83.90782309 -51.79293036 59.17494637
v -91.26221316 -42.29911838 52.99533848
v -81.91599860 -63.45655021 50.48918321
v -92.37402747 -42.13235684 49.60639895
v -95.64755328 -67.43265783 57.10349196
v -80.15126838 -46.20876780 50.81563081
v -101.85312593 -62.45981482 58.75887783
v -77.58253648 -54.86620403 51.10561135
v -86.42412263 -67.55373552 60.87829975
v -100.55665936 -51.15372619 56.93279783
v -103.03231564 -55.28911129 57.28356310
v -76.96559334 -51.08205557 51.86003167
v -98.72045609 -49.73000521 53.51021715
v -77.82672748 -55.84907388 51.25923527
v -83.04753552 -42.94576661 50.44041857
v -97.28251309 -48.25385172 51.59595520
v -100.32943441 -51.61201307 59.63977932
v -83.50902165 -65.95715037 61.93115240
v -77.33388768 -50.02791494 51.40324764
v -94.23292323 -49.61623635 62.81322808
v -82.94238253 -47.41195204 60.12621400
v -88.56623597 -50.06324820 62.04280366
v -98.20323824 -51.20832998 52.38790989
v -97.54356406 -48.44663634 52.02588376
v -83.44686959 -54.06661229 48.00405605
v -97.26059451 -50.57495312 62.11991123
v -97.69894649 -53.15645836 64.68411586
v -80.26164625 -51.33173918 48.86942261
v -95.36820823 -51.55242725 63.53432720
v -77.15956274 -44.40754747 55.00291764
v -83.32472872 -48.85151681 60.01531745
v -81.72202253 -50.10058931 48.28017023
v -81.99135679 -46.58502111 49.29818788
v -77.72189499 -50.37202297 53.79428499
v -99.52717991 -59.04143017 63.39815411
v -88.04831135 -40.81922211 48.93115064
v -92.43985051 -45.89163576 60.67673019
v -90.41510020 -45.08904685 62.21927136
v -82.98633392 -68.33223339 52.59000036
v -90.89951261 -49.99295143 62.47833272
v -88.21088546 -40.13072701 49.87442280
v -96.94495126 -57.07011140 65.12457705
v -77.28010762 -51.74105256 50.96724230
v -88.20278379 -70.48901051 55.24566044
v -93.17618990 -48.61943389 48.45424310
v -94.67051964 -47.25381056 57.69309207
v -88.15549297 -56.89515133 50.46730280
v -94.02723241 -53.68569104 50.90998201
v -98.57742228 -48.87613502 54.58017172
v -99.04263382 -51.41915956 61.10994032
v -99.42103699 -61.23598717 57.17745283
v -106.11413989 -56.87094016 59.61541615
v -90.13931660 -51.47244820 48.85206773
v -85.62219525 -41.54823674 49.60719349
v -104.20571146 -55.86850610 58.24900667
v -80.12982913 -57.24327223 54.87059049
v -76.91653247 -46.10725553 54.75144416
v -82.37598448 -67.86559480 60.33831290
v -100.01456713 -52.36378062 62.86585090
v -103.04307831 -54.95771282 65.05194541
v -78.69167076 -56.73443881 49.90270714
v -80.11111149 -58.30544568 49.61305577
v -93.66145282 -45.33782966 48.22279470
v -96.23497789 -50.26588837 62.83149337
v -84.94095577 -45.89821253 61.73099974
v -80.53226559 -43.14781324 52.94721451
v -82.43928621 -67.96125410 52.73904322
v -101.20151027 -53.16297782 63.78676168
v -92.52081621 -45.01550868 57.96784291
v -96.16336479 -45.12547926 53.15958680
v -76.95750855 -50.29154718 52.64720432
v -82.86004347 -69.71195344 55.60215369
v -89.40298754 -68.51985032 59.32686013
v -83.90085410 -55.17097693 58.57057457
v -76.64350947 -47.82217843 53.84842041
v -99.51243600 -53.25670677 53.81710668
v -90.80912526 -43.93575177 61.41454763
v -86.37476188 -47.79918940 47.50772094
v -94.02439866 -48.17337483 61.81232829
v -96.31775701 -58.00841582 64.68648362
v -101.79842806 -62.38695492 59.04765923
v -101.85452857 -52.58390533 57.61370487
v -76.71116749 -48.99751975 53.24233188
v -85.30338190 -57.81813429 49.40753232
v -80.45673324 -47.55327336 57.94024024
v -96.38417147 -45.49902153 53.42879247
v -87.46835116 -52.10260220 48.53368492
v -86.49631353 -43.37810926 60.00988152
v -82.19112556 -62.19408650 59.82886349
v -86.01988977 -63.78371419 63.15721395
v -82.10846281 -68.93921871 55.84399940
v -83.67421068 -41.74974860 51.86287989
v -77.20436419 -50.59340695 51.42910407
v -87.94486610 -45.87827536 47.60396823
v -81.67085188 -55.09226490 56.37333226
v -84.07801943 -42.40993727 50.03776805
v -103.22916009 -54.32969281 64.15705855
v -81.29236833 -60.87682372 58.06028840
v -106.09936739 -55.78033959 60.20670857
v -92.13162025 -56.43351820 52.00368108
v -83.01608789 -57.10760235 58.29777614
v -89.94571212 -41.19433559 48.52981765
v -100.66322572 -57.86979285 64.01794459
v -94.60798515 -45.08493676 49.21799997
v -101.37363480 -60.30468696 57.59091456
v -93.30709038 -47.00072387 60.75049501
v -78.28779023 -54.49850111 52.94547345
v -83.71329079 -45.57323640 60.78484308
v -97.29968248 -49.80430340 59.45294272
v -92.59638634 -44.06992103 48.01520729
v -86.34410856 -67.83787223 51.80992120
v -81.39306920 -59.28120921 57.22382245
v -93.33444985 -43.29414284 54.17803835
v -92.19498587 -58.43210980 64.50054401
v -93.93073600 -67.14243692 59.74444329
v -79.33090335 -52.37496976 49.19281738
v -77.44839597 -46.87516462 52.78358425
v -93.37052679 -66.36953212 60.60574212
v -80.53682507 -44.64007550 58.60560993
v -96.44495655 -47.58750587 50.39896319
v -77.45642109 -52.04193079 52.42853395
v -95.90785966 -44.79166075 53.37022540
v -77.02082538 -45.59164151 55.20339498
v -81.48148630 -66.87573981 58.02223964
v -90.82860857 -41.66267329 52.07279052
v -95.92170626 -61.99134927 56.20642508
v -85.80106810 -69.62111917 58.57510339
v -91.66368612 -42.79898635 48.07157444
v -86.85558289 -43.10478123 57.89653539
v -77.88970579 -54.15294995 49.89821543
v -76.76452075 -49.51429705 52.41058883
v -93.78429126 -46.51404431 48.20901653
v -80.70286750 -59.16782874 56.19877852
v -82.72566885 -44.32519550 49.84572243
v -87.31753357 -63.15797100 51.49938953
v -83.87767274 -52.20852047 59.01295566
v -86.72692370 -40.90988950 49.36926596
v -82.53861959 -48.37556474 59.54802847
v -76.85083205 -46.52403727 53.74213735
v -98.53392959 -50.33644146 58.91447335
v -92.86990798 -68.38166278 56.05709448
v -85.98624947 -46.66373147 47.54737040
v -101.45445241 -53.05683632 56.13753136
v -89.19020292 -69.70361965 53.21182550
v -77.98234601 -52.02299366 53.29756006
v -89.58252577 -42.07068739 47.77139763
v -88.92291928 -47.87412282 47.86629003
v -82.41960442 -50.59543720 47.80604973
v -102.64636710 -59.66516443 61.24869585
v -94.96467171 -67.83534180 57.22895327
v -85.91950021 -48.38291458 47.41803362
v -81.24349354 -54.94514859 56.05238197
v -92.59654892 -42.11193224 50.16708968
v -97.32921601 -58.27813271 55.07068204
v -83.46813730 -54.07185875 58.13337969
v -94.16318626 -48.51518827 48.64772668
v -90.26934218 -41.76104003 48.06317854
v -90.21809024 -46.91810306 63.43200369
v -85.05138114 -55.17323713 59.70423275
v -102.00471013 -55.72851558 56.48391066
v -94.44458938 -51.69822553 49.99802737
v -87.18584166 -62.35301586 63.48366199
v -105.54348372 -55.49390178 62.02435608
v -81.94003983 -68.29637738 57.59666756
v -81.82021144 -66.02151510 51.35823879
v -90.07509724 -48.48686475 48.04215625
v -93.24298451 -45.03940167 56.37014497
v -101.76764256 -55.58204688 65.25389290
v -98.34392685 -57.14182580 64.96260794
v -83.55082245 -70.05083651 56.48509469
v -79.59764472 -51.58698360 55.68147791
v -89.20083637 -40.22687146 50.41709647
v -78.81142298 -62.28995254 53.46021751
v -81.87862454 -57.57300381 49.07190496
v -98.29536147 -51.00245876 61.34061877
v -96.20442752 -51.57278025 63.70242599
v -85.19521767 -41.14530603 51.17046815
v -93.66173143 -64.42674610 61.77522325
v -98.41176168 -61.24924542 56.85459034
v -94.95598337 -67.84102116 57.55224902
v -87.87446616 -41.83702922 48.18340569
v -87.97113097 -64.70059085 52.12232781
v -100.94612172 -51.51344747 57.53645364
v -104.79078848 -57.68777652 61.53236528
v -79.02487471 -56.99384104 49.74432852
v -104.55610808 -58.77422632 58.71238596
v -84.48795434 -64.41146482 62.83504223
v -89.29575132 -43.56360869 47.46653610
v -90.33545169 -46.29086812 62.99989158
v -100.38485565 -62.41548284 57.61947098
v -78.08884801 -51.30928647 53.70993425
v -82.41834538 -53.78845898 57.35460451
v -88.66762761 -40.03731138 50.16383456
v -76.59211557 -48.31226754 53.34026023
v -89.56744742 -47.96152149 63.29847904
v -93.45013695 -61.80978598 55.02831690
v -84.22079351 -57.85555036 49.24262756
v -89.25588663 -61.49438478 63.79040593
v -103.08241393 -61.05391460 58.63866458
v -85.48312156 -44.11732484 48.33834560
v -82.50583216 -58.44181253 49.22629041
v -91.47398524 -50.97132955 48.81614742
v -89.94218203 -60.21072723 64.12211546
v -82.64708154 -57.62508740 49.02961010
v -94.83650906 -45.05670494 54.81516294
v -82.90307605 -65.64120174 61.67985996
v -92.13523943 -45.35933613 60.84347108
v -92.09332747 -44.69824779 58.87411599
v -84.84687486 -68.65214438 51.76869454
v -89.78151229 -43.13875135 47.47478759
v -84.37126772 -43.48204924 59.25859523
v -86.80881713 -55.44533955 49.38732946
v -100.23583605 -64.26382139 58.39604782
v -89.56232646 -43.71005459 61.45714336
v -101.35756213 -55.01544917 55.81476965
v -91.84226651 -44.17390420 57.05452365
v -101.95815843 -60.69294021 60.73777556
v -92.38644276 -53.64572326 50.33518035
v -86.98109513 -67.40177446 52.01590698
v -82.80727108 -45.80315572 49.09822087
v -104.73625424 -54.72628287 62.12773588
v -89.37564882 -70.05240058 53.99238455
v -79.31635104 -60.70022960 55.02128922
v -102.33148585 -54.00271273 64.69311022
v -87.50144906 -42.65592094 48.01123426
v -88.59942615 -43.49874505 47.52805407
v -92.54202864 -47.19460174 61.74726958
v -83.33684853 -56.72928111 48.80240837
v -105.10387601 -55.02212710 60.01204409
v -91.69153112 -44.38070924 58.80129082
v -99.08909143 -49.71061386 54.72614050
v -83.61209390 -55.46596582 48.46323118
v -87.12801144 -65.99268479 51.94483747
v -96.79315501 -49.73911023 60.62872571
v -94.01596923 -45.33908607 48.48651974
v -93.79721550 -43.88986980 49.21645826
v -93.08157371 -54.39134550 51.01643224
v -85.69092707 -42.14024421 53.92624510
v -76.82313812 -49.38333340 52.30875445
v -101.16975223 -55.04345448 65.57820434
v -79.43317136 -53.45338199 54.70036427
v -79.09219222 -61.18152447 50.95094109
v -88.30673348 -40.30051698 51.03651068
v -99.02334659 -65.00673014 58.91580824
v -92.73589354 -44.57330661 47.97792587
v -95.02373762 -56.55456033 64.91894285
v -79.98556925 -56.05397604 54.56005423
v -86.11802956 -54.81402470 48.87863212
v -98.31429950 -55.53641008 65.35709280
v -86.41297405 -65.09665812 51.55280668
v -92.42623911 -67.45128011 59.90468944
v -87.31608858 -50.11290877 47.93505395
v -76.97614494 -45.94746921 53.81780257
v -101.14981629 -63.07004321 58.13020312
v -77.94756958 -47.53060342 55.43759003
v -92.62825287 -47.56008220 48.12455549
v -81.49890897 -48.94806030 58.43731935
v -87.91155700 -40.39681874 51.21377177
v -99.31622424 -64.29011951 57.73268572
v -80.18443450 -63.24734523 56.76218057
v -79.04323080 -50.19127594 55.53393889
v -92.06695583 -44.54923880 57.77577337
v -94.89621814 -56.03668135 52.82647731
v -81.49104278 -68.01143814 56.50374365
v -84.61364454 -44.05201817 60.89333157
v -89.30183834 -62.70163479 52.51313570
v -84.52865237 -62.78084965 62.30810768
v -85.85138150 -70.18635116 53.28097027
v -97.28120421 -49.55009263 58.81951720
v -98.69870828 -56.47541682 65.26606388
v -87.67979060 -43.38528371 60.87949663
v -94.52237442 -62.40159741 55.76395991
v -87.52041093 -45.07472269 47.57607354
v -79.51072794 -63.53256009 54.86924032
v -88.38698112 -42.87696285 47.67567278
v -95.16268812 -44.48053515 54.08147610
v -104.73658452 -58.85865711 59.23911997
v -84.55366392 -67.53020969 60.88931823
v -81.08203585 -58.24287631 56.18924691
v -82.30386477 -66.75846020 60.81790717
v -92.53168490 -68.63348085 57.58884860
v -89.26265326 -43.12968992 56.79193745
v -87.26143728 -59.85919954 63.18291043
v -97.09976252 -54.12590051 52.63409448
v -97.27013469 -52.46623731 64.36088354
v -93.74573088 -44.57231342 55.32593030
v -79.43918844 -60.42995997 50.46334335
v -96.63168291 -51.33167992 63.63002005
v -79.02821715 -43.60772494 54.09166978
v -82.46314669 -42.31240201 52.64124615
v -99.81379980 -51.55982764 54.48627704
v -89.30219100 -58.10936283 51.48311930
v -79.53756511 -50.91629403 49.41271842
v -96.78809470 -50.91087004 63.30640899
v -78.42209643 -57.11217978 53.34527765
v -84.15952149 -65.41788579 51.02050202
v -97.55125541 -53.67885828 52.60043557
v -78.69190625 -58.07919224 50.36605437
v -79.15740533 -56.05046112 53.76977125
v -93.35592291 -48.04127341 62.08816965
v -98.88253307 -51.80350847 62.82305107
v -95.75588051 -45.72934985 50.55304231
v -84.68400330 -46.41385926 61.57758697
v -78.48705769 -54.98295552 53.15580811
v -93.44440911 -43.61819130 54.67634418
v -94.55702270 -44.73779184 49.39482595
v -102.97787032 -61.12317691 58.88426040
v -86.36034646 -46.44738391 47.57383257
v -91.13771587 -49.48601167 62.54664870
v -91.26134175 -43.59605608 56.58416783
v -94.74361576 -47.86379289 59.43927370
v -94.96990290 -43.88778061 51.49664707
v -100.39905946 -62.95773289 59.87973941
v -98.72537563 -51.07814456 53.00354021
v -87.09618413 -40.61576939 49.54138488
v -87.68913928 -49.23405268 47.87769045
v -90.92047124 -51.73499240 62.42325857
v -78.24360670 -52.68292448 49.86530275
v -105.83091757 -57.03528940 60.65111974
v -82.11678642 -58.01048554 57.50429118
v -90.38879981 -61.70009406 63.64948716
v -87.91956275 -53.09730020 61.27210559
v -79.36568565 -43.93552293 53.01440714
v -83.19630934 -66.96010036 61.23259593
v -76.95387434 -45.18193836 54.66596913
v -90.35064908 -58.69391214 52.24292016
v -95.48511462 -50.56581106 63.16147678
v -101.58587343 -52.43982735 57.03684312
v -97.17106660 -47.39920968 54.64150640
v -99.91718290 -50.56923864 57.27739504
v -96.38533256 -49.24125184 50.23905184
v -83.83101130 -44.36681643 60.56970859
v -81.79459415 -64.29311785 59.60876014
v -90.41338840 -40.93721761 49.19230234
v -101.16610113 -52.06931030 56.67827702
v -97.86711437 -55.14815555 53.64765491
v -79.96991361 -60.48625243 55.73961121
v -98.28555747 -65.86438126 58.09159459
v -77.12541791 -44.51435552 55.32154457
v -96.86599354 -49.18283403 58.39120755
v -77.39969676 -50.29856681 53.35570505
v -90.12609760 -55.66703349 50.88707685
v -84.85410724 -66.13359563 61.82086907
v -82.67503641 -68.86411467 59.14221303
v -90.97516907 -42.49984290 53.57718043
v -80.32551244 -63.50585882 51.05114259
v -86.24995120 -50.76331573 60.96827470
v -80.17980922 -54.34103298 55.20963752
v -88.73705687 -48.24193421 62.95643854
v -81.62218313 -68.41914205 55.76946203
v -80.69680561 -43.52046269 57.63207876
v -89.69500858 -43.58806654 60.99725681
v -89.33844206 -44.98588180 62.71436404
v -93.23695881 -58.22090435 64.65433913
v -91.21705688 -41.57225173 51.77545883
v -80.47783025 -62.27552757 57.27573138
v -92.62197840 -60.15506059 53.96362913
v -83.16083957 -50.82535748 47.51387231
v -98.90342697 -52.15430576 63.84680172
v -87.56220597 -43.37589251 60.25711038
v -87.99535442 -43.15637898 58.01135338
v -85.27951964 -42.71357258 49.01648994
v -81.54988297 -67.52086068 57.56129278
v -84.45262065 -41.63063974 50.66802907
v -78.03688002 -50.79319410 50.56006743
v -82.94305832 -42.51676183 54.40593675
v -94.81489895 -58.33701668 64.63487634
v -88.88393594 -61.36533721 63.78702354
v -80.97876321 -47.43459513 49.65245142
v -77.39243890 -54.32538047 50.98214398
v -85.57331983 -41.27704695 49.93532210
v -96.58588192 -50.97792837 50.78166663
v -82.39715552 -68.46157929 53.36498470
v -88.53276035 -68.38550668 59.69219964
v -105.25851455 -55.52030051 59.39618123
v -86.98735182 -63.99471082 51.56797608
v -104.93272118 -56.84435660 62.45049185
v -78.89052850 -43.57055765 54.87611917
v -86.94790304 -54.36526121 60.87718830
v -79.23889002 -44.57034429 52.58097439
v -88.96589596 -44.30686490 47.46314709
v -86.46247288 -70.37932299 56.96654910
v -83.66729871 -67.25422380 51.33038981
v -82.30135316 -68.70212019 53.90090125
v -94.25397919 -43.77444782 50.03780453
v -83.33419584 -64.13158326 50.66007667
v -91.63393077 -48.31014657 48.14597432
v -103.82619613 -56.48760412 57.96142898
v -94.10462876 -47.65305593 48.45977275
v -79.84454360 -48.62956033 56.79797339
v -77.77000400 -53.30519481 52.45931450
v -88.75584304 -65.87508801 61.85347425
v -80.85002942 -65.89145571 57.28375762
v -85.06390890 -70.64357920 54.91819570
v -86.23456092 -57.52988207 61.70859644
v -101.83258594 -52.90643527 57.01205846
v -88.52787208 -52.34778407 61.55680409
v -93.33024632 -50.78461016 62.95016449
v -92.83630674 -68.62235260 56.69905035
v -92.19105087 -57.64994603 64.45310018
v -82.47361191 -43.57394078 50.39798233
v -81.39987269 -52.73178690 56.95583993
v -87.66266861 -43.46889986 61.28714574
v -78.18295103 -59.37323792 53.85512347
v -93.50363874 -42.66966253 51.28999464
v -88.76589180 -50.49277632 61.95771503
v -93.16719132 -49.71665905 48.70869629
v -97.55039676 -51.77658480 51.79662649
v -98.26842672 -52.37336096 64.46069843
v -89.17667171 -45.60140704 63.10481342
v -92.33889492 -44.65087237 47.84910122
v -90.72136555 -56.46089813 51.48709910
v -81.15352006 -46.43413619 58.92020058
v -77.89177547 -45.43988873 53.14917829
v -85.86105425 -64.17054561 51.19460395
v -92.71258475 -46.84659870 61.30659397
v -87.27255592 -41.74860477 52.99681929
v -81.27834341 -58.74706248 56.83020081
v -81.18712222 -66.55344146 52.53769121
v -80.58779285 -65.78340204 52.60848283
v -78.66871368 -60.70764135 54.18373569
v -90.66783969 -43.39005804 47.53750232
v -90.22412055 -61.08740583 52.74922039
v -91.09549882 -41.82370993 48.49321301
v -82.54806915 -50.39177414 58.86477912
v -100.21871621 -53.87688179 65.35674971
v -80.54801350 -43.04363252 53.34303146
v -81.09041552 -63.69667519 58.49359233
v -78.15204085 -56.66732310 50.51130284
v -95.73183756 -49.99442386 62.86870196
v -94.61621462 -43.39798391 52.30857199
v -81.18901905 -56.08240413 55.78149119
v -84.95956481 -41.46403519 50.34415439
v -78.06044085 -48.44772740 55.03019847
v -82.05757278 -65.61809716 60.06144213
v -85.69447804 -52.20890446 47.96391376
v -89.24424571 -53.90387662 62.09704885
v -95.92320472 -49.08125009 49.78831084
v -95.58227238 -59.48221725 54.99913791
v -82.21041855 -43.59048451 58.49510944
v -89.94626139 -51.33604121 62.15263623
v -98.54589471 -49.04641728 55.67111443
v -80.02474955 -52.86484027 48.74771254
v -95.67292931 -52.42521810 63.92102188
v -97.64181373 -48.76211405 56.44916267
v -88.83577957 -59.00860404 51.40488755
v -91.93524314 -57.16234546 52.34533424
v -103.45982455 -58.58526359 58.09329048
v -85.74240009 -55.67774435 48.97935394
v -90.08372539 -41.03839712 51.52909330
v -83.60515572 -69.93964218 58.03703201
v -89.88328652 -44.38556189 47.46149726
v -88.78749018 -56.60228532 50.74555329
v -98.01632380 -48.37268177 54.86568367
v -92.19184853 -47.82780597 62.34764098
v -93.37184422 -47.55629843 48.25951372
v -96.74380678 -46.21400012 52.71033700
v -97.03454982 -55.20190343 53.26783594
v -91.45627386 -52.12364395 49.33539064
v -82.84955364 -52.99674037 57.99841742
v -82.58967013 -44.03265196 59.59153323
v -89.09032626 -41.53698785 48.20454527
v -99.00586129 -50.27781526 58.27127178
v -81.17370078 -55.96429469 48.74131211
v -89.24123435 -65.34548886 52.94141633
v -77.90106612 -55.60290490 52.00697803
v -81.59984208 -61.91468062 50.18799836
v -92.25867354 -47.07686338 47.98219612
v -83.64138943 -66.54075233 61.55965195
v -99.16741327 -52.48871840 64.27785260
v -101.71212279 -54.13206785 65.41305915
v -96.77326737 -55.56654800 65.10621457
v -82.65099225 -66.60556088 61.29215870
v -94.69939087 -43.93377612 53.94477124
v -87.68420976 -42.09009742 53.61148216
v -82.07390281 -66.41288166 60.21655167
v -84.75746598 -43.68879174 60.35442930
v -87.77643772 -46.40921446 63.30545575
v -97.43372285 -47.52100740 54.33743504
v -96.87159240 -49.96550679 50.82705623
v -90.96159498 -67.96702804 59.63342183
v -93.55987488 -64.60227817 55.75120541
v -100.45959087 -55.01746973 55.15973587
v -88.63925919 -67.55403944 60.57153422
v -77.62572994 -48.56462785 54.56939097
v -95.70517442 -45.98450890 50.12879575
v -81.33893113 -43.01779555 52.08144027
v -89.37104372 -43.38489300 58.84360738
v -85.90831227 -45.88704874 62.31593177
v -85.12096490 -51.89989986 47.72198148
v -101.72712980 -61.40500447 57.88241316
v -92.99149551 -45.73703519 59.23397353
v -90.47722464 -60.26003334 52.69965704
v -94.38031390 -43.39065999 53.09450952
v -84.54009301 -42.70609926 55.71400821
v -90.20492140 -65.93217107 61.63813383
v -95.92638295 -46.66361169 50.12140333
v -105.25570068 -57.21293959 58.84476376
v -87.02543914 -42.33888475 48.29885333
v -89.38365143 -61.04792313 52.20134330
v -84.05781171 -64.24725783 62.81456665
v -89.46875112 -44.49459351 62.31776003
v -80.98252307 -67.66475885 55.09110524
v -103.91229560 -59.80112574 59.46255885
v -85.30658601 -49.85296487 47.40158963
v -82.53244903 -46.97795048 59.92862475
v -84.99401838 -51.24743288 47.55966947
v -78.00478897 -46.14110494 52.63917884
v -87.98773994 -70.64993664 54.28654116
v -85.35774102 -63.76050222 63.23236117
v -84.76719535 -70.02319448 58.13213660
v -90.97130360 -40.99249100 49.94408210
v -85.42115937 -65.30989285 62.33806875
v -94.79737566 -44.70085672 54.63425746
v -86.91962886 -42.49048388 55.09369424
v -79.87139100 -53.68418390 48.73875818
v -84.45214137 -50.18119958 47.40035249
v -89.21411519 -66.74286812 53.03092678
v -96.73644708 -65.31270785 60.22987153
v -89.86907036 -43.41170291 57.92945968
v -89.50447225 -40.60409102 51.15131229
v -84.46798225 -44.83465368 61.15411040
v -86.91048239 -52.07983056 60.82792743
v -96.05969372 -47.69427464 49.90555488
v -80.26862718 -65.97863636 53.66169788
v -94.63701819 -43.98560691 50.45584403
v -84.22403676 -58.28791254 60.34799305
v -92.03467760 -43.68065458 55.83157247
v -82.92623104 -42.17320496 52.94072195
v -101.28274425 -52.05753490 59.18074130
v -86.08903112 -44.50451849 47.94557251
v -93.60970954 -68.15905398 58.29259794
v -83.51272376 -45.67391767 48.74596708
v -85.97639428 -47.23872617 62.32867654
v -91.56042149 -41.31789172 50.27270541
v -87.15444022 -61.23327027 50.99368747
v -93.15112268 -42.50937701 50.60434309
v -80.34887052 -64.48417902 51.69110354
v -91.11752342 -65.69897167 54.24497380
v -98.88027063 -57.91039738 55.53733968
v -94.53099596 -57.69191874 64.82286961
v -99.69246237 -55.18215660 54.69740256
v -84.53263486 -63.50492505 62.72711105
v -91.62569598 -41.43109253 51.01192623
v -95.38435599 -53.52469266 64.19827097
v -89.74961910 -40.36087703 49.74377830
v -86.20949152 -44.54512430 62.06720490
v -93.28833924 -56.03703512 52.15524764
v -79.63506329 -59.23639103 55.08306886
v -90.40025930 -43.60818620 57.96200404
v -78.27984772 -60.96529451 53.26747501
v -93.60115673 -51.73362071 49.69937638
v -86.19496771 -41.26521671 49.38676543
v -88.28302154 -44.77839179 62.69263169
v -91.20323212 -43.33984617 47.63864017
v -91.47559820 -42.05813209 52.41708809
v -87.02483214 -42.99241915 57.14826679
v -84.89276497 -41.78644972 49.96083650
v -97.58336706 -57.76558486 64.69949389
v -96.80904579 -46.34566175 53.24870981
v -96.23561474 -46.38052913 50.81979166
v -92.06162746 -44.61491247 60.18504209
v -96.98686318 -46.85094201 52.17029290
v -91.86806223 -42.74279908 48.24048347
v -84.68272755 -48.85968748 47.34591479
v -80.50209652 -65.40610857 52.22348588
v -92.25773303 -68.44086291 55.40624018
v -88.96905222 -42.88411948 56.09870727
v -84.93883020 -47.94664269 47.42702299
v -94.07805070 -44.32652692 49.18414473
v -90.24627534 -60.94819586 63.94066695
v -84.47860396 -46.38270321 48.01224690
v -90.40484400 -43.66979375 59.65784247
v -100.15562704 -51.01016718 55.76848119
v -97.18286160 -52.52111210 51.76914279
v -92.56464261 -42.70824680 53.27566532
v -86.28254350 -61.98121032 50.83635906
v -87.25086228 -70.53095522 53.53526575
v -105.47207003 -55.85502487 62.27079445
v -93.90047233 -68.23179592 57.11376975
v -81.19521710 -64.94419839 51.15155631
v -87.44892787 -69.73957739 52.51250009
v -76.57562528 -47.76654765 53.39387692
v -89.56850953 -52.35819391 49.16769087
v -98.44933359 -54.48486660 53.59629793
v -82.32470262 -43.12217046 57.01628624
v -102.43330903 -53.12609288 60.79795289
v -92.25245898 -42.91084078 54.02971075
v -99.78363322 -50.60503041 57.89910653
v -77.75772822 -51.69538150 50.54376881
v -96.86549551 -46.72062767 54.20065425
v -99.41676682 -50.32182253 54.66374790
v -81.66502452 -51.39929106 48.06803740
v -96.17604305 -53.52141360 64.48727410
v -87.45970297 -66.60781092 61.50724975
v -92.37745322 -42.35924680 49.27871383
v -82.85383396 -46.87315037 48.67168374
v -90.79882487 -55.68457652 63.37159909
v -96.08416522 -53.11426182 51.52787266
v -86.51493039 -58.30746110 62.28075807
v -85.64552587 -57.72835925 61.35590336
v -92.99154281 -46.41076665 48.01095556
v -83.44931590 -67.50603119 51.49676829
v -97.62863226 -59.14002356 55.64701280
v -86.64647103 -49.67492815 47.68126573
v -79.73202986 -61.62508851 50.67110152
v -80.17111062 -66.17020002 54.49253331
v -104.27288152 -59.17620473 60.03846810
v -96.68290521 -46.19205280 53.66234306
v -79.30011171 -45.01163175 52.21086035
v -97.60027346 -47.76375652 52.89801743
v -92.57282277 -42.03850079 50.65972332
v -92.96729005 -46.31080494 60.28841458
v -94.42914833 -46.50556479 48.47039727
v -96.73412235 -47.66269915 50.88295572
v -76.99109050 -48.57157218 52.36433495
v -102.96115520 -54.48240489 57.45040202
v -103.38083031 -57.51587226 63.06537169
v -86.30949203 -55.66843620 60.86763413
v -79.50246998 -57.63559840 54.42063518
v -91.56337071 -44.24041780 57.91166229
v -94.63907191 -49.39095000 49.06694814
v -90.22417718 -43.97258895 61.76026805
v -81.80264061 -67.74202809 58.24382573
v -88.95429305 -54.69167944 62.15461049
v -87.37024509 -43.19623014 47.88693924
v -101.61819465 -54.70221461 55.96939492
v -85.52383332 -67.28203716 51.53143138
v -88.15919143 -42.51237623 54.99872868
v -90.40325883 -49.43082568 62.53198752
v -83.97599795 -53.69386156 58.62501640
v -91.52727234 -64.65032523 54.42805630
v -87.97027640 -47.68046300 47.76679669
v -83.55940160 -42.61035761 55.08606959
v -84.59905931 -61.64806942 62.08589404
v -82.76989602 -46.29492675 60.20321452
v -91.76431168 -49.21557803 48.32292097
v -96.92235858 -50.65214081 62.74832919
v -85.16872699 -63.59310381 63.24883994
v -91.27375324 -47.51896883 62.72304569
v -80.18829112 -46.40532371 58.02133623
v -95.07432795 -58.61125586 64.45349002
v -89.73495234 -42.58991652 47.56478139
v -102.76676541 -56.47517533 57.23792286
v -80.04315458 -64.67475968 56.10541208
v -93.92367517 -50.64050299 63.01207272
v -78.40381283 -57.12721810 50.33756120
v -92.62034613 -55.07123039 51.24653817
v -87.31265212 -52.51473892 61.00346780
v -87.37918360 -42.74957533 55.95639671
v -77.98965232 -48.68831075 51.35596400
v -78.86726491 -59.51358241 50.61925319
v -88.96043354 -57.42067277 63.21180797
v -92.68054183 -44.69068706 56.79213479
v -84.40239907 -56.85195893 59.74310222
v -91.74133837 -68.77073048 55.27486036
v -94.52810451 -47.94604983 60.38904753
v -82.06940957 -52.50290142 47.77536207
v -77.53264306 -44.02993758 55.36623245
v -95.42613770 -47.63073697 49.19993073
v -98.57074562 -49.33146772 53.62710444
v -88.66388851 -43.43793864 61.17484944
v -90.69160262 -43.77994952 60.72771594
v -95.74865628 -44.97356815 51.34659332
v -83.77589646 -57.13449392 48.93798580
v -90.19247214 -43.11092884 56.09572829
v -101.35553907 -57.22576357 64.26484429
v -98.57102843 -52.84693232 52.86283639
v -79.03440773 -43.89911813 57.11068577
v -86.27817670 -41.82073513 53.07262963
v -87.17965775 -60.61347358 63.29290000
v -85.20357165 -45.02950215 48.13559710
v -80.29276841 -61.22197365 50.31794071
v -100.42277620 -55.48557967 65.54851852
v -103.86416392 -55.81187956 64.02364560
v -94.83042726 -48.66744762 61.99840350
v -85.52915194 -70.29407159 57.35753987
v -84.06810970 -50.22046496 47.40478180
v -88.35231617 -58.04757640 50.89495515
v -88.37187130 -46.98704797 63.39123572
v -85.96924893 -61.74442855 62.95604857
v -96.17063610 -45.18534978 52.18841540
v -92.74031534 -43.71053493 48.28790504
v -91.06919223 -59.00619291 64.33810088
v -93.84946263 -49.90976492 48.92537809
v -90.78301196 -45.51218443 62.06507554
v -91.51402740 -48.35774438 62.69239655
v -78.57925097 -55.97791589 53.24142693
v -82.23877330 -69.05662704 54.68760338
v -85.53436007 -52.55292430 60.03898065
v -99.37295908 -58.10716785 64.14937283
v -93.16855122 -43.14907273 49.31780930
v -102.49968570 -58.23965723 57.55948198
v -100.40772896 -58.52843461 63.60227738
v -84.24027522 -66.43031508 61.60454237
v -99.37363059 -51.87239462 53.73736252
v -101.48262004 -52.07833426 57.59002419
v -83.43515951 -46.19963186 60.60885212
v -87.01905438 -50.95386122 48.05634861
v -96.46052611 -52.31113073 64.05732761
v -93.62116673 -57.60946753 64.70562168
v -87.33024500 -45.19451114 62.79834207
v -103.46427054 -53.70757839 60.31746742
v -78.66405420 -50.88495508 54.70437573
v -82.07351934 -67.89838157 60.08646989
v -93.25373088 -53.01311194 63.40531550
v -95.62202432 -49.48439458 49.59829979
v -81.98902783 -68.19121736 58.60329167
v -80.85236632 -54.89872251 48.48519106
v -78.99020793 -62.05835993 51.53375294
v -99.63186643 -52.95935497 64.75617715
v -88.01395746 -70.27611017 53.37505864
v -90.21961056 -42.31122855 47.73555070
v -82.67332911 -60.21477360 59.72098943
v -101.36694268 -52.05054755 57.24738160
v -83.96345720 -59.85620836 49.71500851
v -95.59237875 -44.71941105 53.85230192
v -80.35648048 -59.46588311 49.80212812
v -86.66080223 -45.32545543 47.63888436
v -92.79017672 -66.87321112 55.37101821
v -88.40891849 -41.74157301 52.93332597
v -94.16741883 -61.04268125 55.07630528
v -97.15142322 -51.14664539 51.26696629
v -85.41414635 -42.81209106 56.44121861
v -87.97878249 -48.50047933 47.87874459
v -82.24354275 -63.94845639 60.17890606
v -103.42597778 -59.78392647 60.35218090
v -80.73231329 -63.28442365 50.71411660
v -77.99252492 -45.86170266 56.24265995
v -85.77754373 -41.13027510 51.80757330
v -79.72192773 -64.52352262 52.99770072
v -95.46620509 -65.89141264 56.71426050
v -93.17270925 -57.12148622 52.77833931
v -98.52183478 -50.71000901 59.79353480
v -77.11465457 -51.52901641 52.17799974
v -84.30093445 -68.98672993 52.45404794
v -94.82344503 -61.23072187 63.08467602
v -96.37881295 -52.31706901 51.25196266
v -86.75678898 -69.69554756 52.36438257
v -98.11202273 -49.02864692 56.44094566
v -78.05190805 -58.82189863 51.37510786
v -90.47276953 -69.43690112 56.46697600
v -101.46257260 -58.27788642 57.06685111
v -87.69588073 -70.13580588 52.92553264
v -92.92750524 -43.29793443 54.55646669
v -77.22469958 -49.26959843 51.79960645
v -82.83827279 -54.93936011 57.51147843
v -84.41101386 -65.55834989 62.19929802
v -90.78675879 -41.00324065 49.51089689
v -81.87768547 -60.44984002 49.80533789
v -77.29217031 -44.43586028 54.66652498
v -84.69897216 -50.40247809 60.29991064
v -90.48557569 -58.66241915 64.16055241
v -84.93671047 -53.28571911 59.45496918
v -89.97648082 -42.53279469 54.14185828
v -95.40168737 -44.22769958 51.89029901
v -87.46958995 -61.67249682 63.54796209
v -83.15715118 -68.82115584 59.53897213
v -80.31548166 -44.05314567 51.99676746
v -94.00337312 -43.23214523 50.65193812
v -83.72019929 -58.97295939 49.46199517
v -90.84278934 -41.16506718 51.33514996
v -104.38734233 -54.97141122 63.75967950
v -92.57544698 -45.15777535 58.66744249
v -100.39768897 -51.09467639 57.95587205
v -91.07284136 -68.05605260 54.29586061
v -89.84426131 -46.28708403 63.28358808
v -98.71960522 -63.16194568 57.37764789
v -90.83895034 -69.15080404 54.47101547
v -92.36233451 -63.99385064 54.93796160
v -92.04456039 -41.63401316 50.80358814
v -89.78406329 -61.70557120 63.69960746
v -92.90359992 -45.97667193 47.95654613
v -104.52645393 -59.04985394 58.92510572
v -98.28465107 -51.97458754 52.49742293
v -92.73050367 -68.66317620 57.06903964
v -99.29499604 -49.79489427 55.24763481
v -81.75367605 -66.69104072 59.02383603
v -96.42839140 -46.89667950 50.72277668
v -82.63931456 -43.80260358 59.33623015
v -97.73138295 -50.24447792 59.97535367
v -80.95227745 -61.08291247 50.10889506
v -87.42134694 -55.00965478 49.54603888
v -87.33039876 -65.91168748 61.95340996
v -102.50999811 -61.26331661 58.18649910
v -89.87417030 -62.51454235 63.33100664
v -94.72151762 -66.10336200 60.44155553
v -82.43142693 -63.66462885 50.53534253
v -84.24698674 -56.08715497 59.26077812
v -97.51832004 -52.15464803 64.24190788
v -87.03719423 -61.17901214 63.37160425
v -91.50693231 -41.56480912 51.57523640
v -82.08013892 -68.76682495 56.61411875
v -95.70736904 -55.44374429 64.86274151
v -78.27839774 -58.21878658 50.79655752
v -91.25017673 -41.21537452 49.69140410
v -104.64749494 -56.75669125 58.51968253
v -85.12829606 -42.02973052 53.51520116
v -91.97204239 -45.71574206 61.16942004
v -86.81219505 -44.98121896 62.52520233
v -94.46007820 -45.91258788 48.68851684
v -79.71711134 -45.20110785 58.01414841
v -77.20754939 -50.95956438 52.65933348
v -91.71744625 -47.66729395 62.52482393
v -98.63593984 -49.18887507 53.96219317
v -84.77560661 -70.59305632 55.82993821
v -96.50857493 -45.98273063 51.65273916
v -88.88793487 -42.10651925 53.47269272
v -83.10621938 -48.76554241 47.87204448
v -79.89677730 -47.63226396 57.31191573
v -80.42765178 -53.32324776 55.90754821
v -94.30672974 -54.06954555 64.02234992
v -91.53517471 -59.50633027 53.13233547
v -101.32509477 -61.70051866 60.26996580
v -94.17495680 -54.90178446 51.75292525
v -87.24966085 -53.87653774 49.10451751
v -93.16033518 -60.87967800 54.51029388
v -86.73193962 -57.35493694 49.85109770
v -103.95020107 -59.61722021 58.56529012
v -96.47781043 -51.81118761 51.08424735
v -92.58463269 -44.85846294 57.37645036
v -84.23636602 -48.02719845 47.58922622
v -89.50240360 -41.07927049 48.60226178
v -95.16420153 -45.10407690 54.60010790
v -95.40236563 -67.25080788 56.82123570
v -77.20800805 -52.80391184 51.30451565
v -93.68688033 -67.47152168 55.89640108
v -102.51212839 -61.06152401 59.78367893
v -95.88159707 -47.03403073 49.82967581
v -100.89374544 -63.54837000 58.74889543
v -84.51498905 -44.96681896 48.49386370
v -87.66019184 -40.58421299 49.35605569
v -104.25219126 -58.09669606 61.61976702
v -79.73394986 -43.74200427 57.43781194
v -93.12635788 -44.38115899 48.21014443
v -97.93537700 -53.33719173 52.66173076
v -87.17799366 -40.51670068 51.24640854
v -87.93699100 -70.32508046 56.33517831
v -100.43294538 -59.52949991 62.72326762
v -78.79275569 -60.00325721 54.45247650
v -92.31690354 -43.09389893 54.59852984
v -94.49422384 -49.09249535 62.66317255
v -93.65115101 -42.96458497 53.01317517
v -96.43806611 -45.64116395 53.01618238
v -93.93077509 -47.33680780 60.15173863
v -84.97165380 -43.81455496 60.78306748
v -84.63649451 -66.56124472 51.28365556
v -95.81039691 -44.71210621 52.07473287
v -91.15708147 -42.73133609 47.82048791
v -101.58258920 -56.00460691 56.27606704
v -86.61209329 -69.22486086 52.06771141
v -91.97717005 -42.28393655 48.94343244
v -98.33288936 -49.40305775 52.94861013
v -95.80459936 -44.76090590 51.88996914
v -78.40781501 -60.82650103 53.74215898
v -96.81179816 -65.54206118 57.17276896
v -92.63848387 -44.07772484 55.85690541
v -95.15036230 -46.13825872 49.34689280
v -77.69689034 -55.37398608 50.64188640
v -79.29446365 -47.58673375 56.67865773
v -85.14550608 -70.31603042 53.88140472
v -82.38496241 -52.02842475 58.05778281
v -83.56235387 -48.18933139 60.39716188
v -98.01747902 -48.49783339 53.15480617
v -84.26697811 -43.02424803 49.48302984
v -87.90823623 -45.66888091 63.16253546
v -89.18194558 -40.71287043 48.98140614
v -89.87199581 -45.00126718 62.48809468
v -105.98869046 -56.51015267 59.43820417
v -82.33913258 -50.11276055 47.93026283
v -77.14483418 -47.89575896 54.43733132
v -86.91999228 -54.65448250 49.17293474
v -101.32930509 -52.21745881 59.87358732
v -90.84903692 -44.86526906 47.55541060
v -93.29394867 -57.38306692 64.65766067
v -92.85596369 -68.24954003 55.80344611
v -85.75262767 -62.64224389 63.11579181
v -87.32349484 -62.82679104 63.42392291
v -98.37596540 -53.86638463 65.02519718
v -80.24929971 -56.27077346 49.03202562
v -78.62518076 -44.61352034 57.18067447
v -94.09372688 -43.02790235 52.26841059
v -97.67726722 -49.59071805 51.91219652
v -85.71233311 -47.80568708 47.42494444
v -77.02027042 -46.64981891 53.39328235
v -85.31547298 -68.89116579 51.82382573
v -85.29570510 -70.62554821 56.13623828
v -81.53534579 -43.24605818 51.59362833
v -92.01285040 -43.51212601 55.52690036
v -95.85609277 -60.46659215 55.61284528
v -87.00288926 -46.91218777 47.58912860
v -98.35149581 -65.73209018 58.46267161
v -86.13871425 -47.40294003 47.47978448
v -90.57310690 -68.72170498 58.59971883
v -93.93764617 -43.10023203 50.93801655
v -95.75772807 -50.36279982 63.08271092
v -80.67656147 -67.14059893 54.42914934
v -93.97447656 -43.07112495 52.82919150
v -95.15246747 -57.16165554 53.58611586
v -79.00382531 -62.57057808 52.03213199
v -79.96126219 -60.35219869 50.16922213
v -105.20691964 -55.99145532 62.75824824
v -95.23851875 -47.07378577 56.44049324
v -95.74526835 -47.59565926 49.59047574
v -96.68092569 -48.66135640 57.42970279
v -82.89840992 -48.40878200 48.10725118
v -93.89160679 -43.76444037 54.41378289
v -82.82528171 -66.85746257 61.22582477
v -98.16432261 -48.36479251 54.42546290
v -100.05775898 -59.67798017 56.88903104
v -103.49428238 -54.82600578 57.96196430
v -97.94349906 -65.80172931 57.65135161
v -79.71094205 -59.80100718 55.28295404
v -82.38115987 -64.83227907 60.47788797
v -93.57000089 -42.77245287 52.51333228
v -99.55210771 -51.33133479 60.00125600
v -97.65867219 -59.86854448 63.29653833
v -91.24329552 -53.32785101 49.88904767
v -78.03130003 -54.73244574 52.50778873
v -95.38504345 -53.22859662 51.25502832
v -105.04967048 -54.74349807 60.67064701
v -89.29896654 -42.75365148 55.30703045
v -104.89728059 -55.09285220 63.17782634
v -86.97794824 -44.20851232 62.12821422
v -83.37105483 -65.16039306 62.26158861
v -91.96754559 -57.75344006 52.67463831
v -96.32160383 -64.57285907 56.87956257
v -100.72588954 -54.48758292 55.12418734
v -85.28922230 -53.96529442 48.30336228
v -80.17564788 -58.22958641 55.26939861
v -80.93329280 -67.26619895 56.00821034
v -82.90092326 -47.70715253 48.30491403
v -93.48266409 -48.82977712 62.55394860
v -86.10122408 -45.07182924 62.20457377
v -96.96621759 -48.23286480 51.08825213
v -86.74726645 -43.42560336 60.95324628
v -90.10193875 -69.77349709 55.43907671
v -85.55115819 -65.57984843 51.32632441
v -83.46945838 -66.43674969 51.11043970
v -93.76965405 -52.57207890 50.17920341
v -82.92383398 -44.49741972 60.01807320
v -97.31847137 -57.24995594 65.01669642
v -102.39960734 -59.05445647 57.69463709
v -78.49796711 -46.66545937 51.89596026
v -96.95926568 -53.54448578 64.67184879
v -98.95957124 -59.86039436 56.55250273
v -99.01367279 -49.47597861 55.86791841
v -90.11299635 -50.16949638 62.32655887
v -82.67013117 -61.60277872 60.30774996
v -81.46287097 -49.19980202 48.63693711
v -88.90801692 -52.02444073 48.90903250
v -84.75125349 -65.08990098 51.09054068
v -90.66753020 -42.63685942 54.14343657
v -91.92456075 -43.90420329 47.79574866
v -88.76002854 -70.23691005 55.59145768
v -84.82499799 -64.88711247 62.60687968
v -98.43854593 -49.41669751 56.90275031
v -91.17082750 -41.08148592 50.60052280
v -92.14937604 -45.10550472 47.74960733
v -90.71663613 -48.88000716 62.69905801
v -103.44199489 -59.58062102 58.22867035
v -106.24616376 -56.14811835 60.46265667
v -100.91955410 -53.18624320 64.36845826
v -77.07902046 -46.82593980 54.89776060
v -84.21830528 -63.25972327 50.61653297
v -92.14245990 -66.07079140 61.19297541
v -98.15502029 -50.37643116 52.40206776
v -96.51548715 -56.58722909 65.16511890
v -92.99958922 -56.05888198 64.31511714
v -78.22853535 -55.71584109 52.76285262
v -81.35797249 -42.64691102 52.79101925
v -93.13818626 -44.53143724 55.91099336
v -82.47417000 -69.15057875 57.64743828
v -94.98679254 -54.19662479 51.65950224
v -79.30716096 -62.65887488 54.64767069
v -92.66803122 -43.72074468 55.33978551
v -83.84223201 -69.79281160 58.52476938
v -79.71600755 -50.84438937 56.03858995
v -86.27325323 -59.26006399 62.51189834
v -88.32003045 -62.22963129 51.82378192
v -91.28312727 -43.25378877 55.63603741
v -88.86112362 -47.36200912 63.42711284
v -94.15599686 -43.09250697 51.91843546
v -101.35895379 -60.10098889 61.83582084
v -94.76258572 -43.90616427 50.95120618
v -84.35885254 -45.82006829 48.24523806
v -103.07336406 -53.94213390 63.11646162
v -87.86163685 -49.23609654 62.25547424
v -96.24668410 -49.60180655 61.48762125
v -80.78936775 -44.71231569 51.16429906
v -93.96535034 -67.87979266 56.27475448
v -79.24743620 -63.62530006 53.10924722
v -77.71130657 -58.64397035 52.43277829
v -88.75723314 -67.94258975 52.84075934
v -94.59539083 -45.57687111 48.96958879
v -80.92751892 -58.37217218 49.43676424
v -92.19023030 -52.57303072 49.71017200
v -77.39568495 -48.15219858 52.12333522
v -93.82753989 -60.12460073 54.53334462
v -90.15743969 -56.68693116 63.47180469
v -87.88901259 -47.09910237 63.24286441
v -84.10227038 -70.30540277 57.32033838
v -85.35443122 -66.43773929 61.62006808
v -98.42541536 -64.61850116 57.53365031
v -84.96840338 -62.07900075 62.40850304
v -79.34728661 -58.12188973 49.90577120
v -91.46746281 -59.24234220 64.42953462
v -92.03473553 -41.68389615 50.06982703
v -89.08450051 -62.55405790 63.46085936
v -78.57350257 -62.08174104 52.87358248
v -93.48151694 -47.53729051 61.37425037
v -81.72897611 -68.06936777 57.05524480
v -85.42035994 -67.94914091 60.57481397
v -95.32137027 -56.49995816 53.30412112
v -100.89475312 -52.31020065 55.90433023
v -79.47741325 -56.89673838 49.48183263
v -93.71980868 -43.12960293 53.50943028
v -96.85159990 -46.54771451 52.34582434
v -91.28711686 -46.14949294 61.93719784
v -94.50071450 -55.65671602 64.62466367
v -81.55116847 -63.09470567 59.16028622
v -89.89262322 -67.48043649 60.46900168
v -85.19448783 -41.45146767 52.15570934
v -89.45389863 -59.80251658 64.00981762
v -86.52900826 -43.95915400 61.84532531
v -100.42624428 -51.33592707 58.72339609
v -96.82212766 -63.70679045 61.23007030
v -103.55522209 -60.28448843 58.52975357
v -105.57218677 -56.20936220 61.93245043
v -83.95660827 -41.87936021 52.62500501
v -80.96952787 -67.18133296 53.73503496
v -78.34483638 -52.24803235 53.84810395
v -88.52016296 -40.64752164 51.54293109
v -88.97192872 -59.35892848 63.78915375
v -77.95864711 -49.60459135 51.00692112
v -82.31712001 -68.63083280 59.12541074
v -104.22103491 -54.43015335 62.61117556
v -94.19799273 -58.20560759 64.72179915
v -85.70058700 -62.27364560 62.96880779
v -99.28689332 -52.21513355 63.58153918
v -96.96998209 -55.04282088 65.06175382
v -88.61990066 -64.67351536 52.46421039
v -79.62455908 -64.38785921 53.31152068
v -87.94290206 -69.68901862 57.85370992
v -96.56731840 -56.18912506 65.13791480
v -91.98851285 -47.25981228 62.15876496
v -89.59219458 -68.99133911 53.40508450
v -79.75583013 -50.35935914 56.22641485
v -86.82772503 -44.86049765 47.68788102
v -88.72162664 -53.78573090 49.59790528
v -86.11433947 -49.43816263 61.52769763
v -101.38607908 -59.32043733 57.33692328
v -104.30471836 -54.73713063 59.10901122
v -82.74033820 -42.17207355 52.22123186
v -85.75360186 -45.45464068 62.11884697
v -87.32387813 -53.28444789 60.94003938
v -77.84512651 -47.21022628 52.23927547
v -78.50558128 -54.11226532 49.45649808
v -80.00417954 -44.30330734 58.21729896
v -97.55085938 -52.35243015 51.91157247
v -91.22197658 -48.01995386 62.82465998
v -76.97692379 -47.68754544 52.83966312
v -96.20399124 -66.75922011 58.99609454
v -86.09952268 -42.38616920 48.74580888
v -82.58430633 -69.31477492 56.96627174
v -99.81486807 -52.96718752 54.13383890
v -93.59524997 -60.12138027 63.87618534
v -84.27461114 -48.85473613 47.40965296
v -90.39513426 -42.68341154 47.61751898
v -83.85342871 -69.94741829 54.45834420
v -83.97633508 -70.26035042 55.42243228
v -80.72641197 -55.67460046 55.30399403
v -77.24610817 -53.54657430 50.61129351
v -97.35470559 -50.39834914 51.41962370
v -93.74536591 -44.18049318 48.88842021
v -86.92853416 -40.44704486 50.13720082
v -89.97347608 -43.18632590 56.74614100
v -78.57980558 -49.36212128 55.20096386
v -77.56372643 -44.14486605 55.88689203
v -87.21111664 -40.23566086 50.78305066
v -97.55560322 -49.97609063 51.71737138
v -92.56463115 -42.15871359 52.06310935
v -89.85286221 -69.61100605 56.55386703
v -83.49078948 -41.95210712 51.28318879
v -79.16846473 -59.45002147 54.70917103
v -90.67177123 -52.15414507 49.19190093
v -77.83491710 -56.97857321 51.88052391
v -96.73347982 -49.11406060 50.62129405
v -88.70359694 -40.19506200 50.58449993
v -80.08350412 -54.21352972 48.60766732
v -93.12903865 -42.86316183 49.72449048
v -102.24285531 -54.96257212 65.35730261
v -80.25113358 -43.28261149 56.17559033
v -79.09918704 -46.19862953 57.09488865
v -82.93709616 -50.41482477 47.62619703
v -85.46761351 -43.11992654 57.72262197
v -83.32135493 -61.00953533 60.81098282
v -81.72037097 -68.18394291 53.82803620
v -97.14004277 -46.96364948 53.76877228
v -80.64892318 -43.26608766 52.58471585
v -96.88354305 -48.69879349 50.92089412
v -82.61322595 -42.83368533 55.57491586
v -90.73915973 -47.18242805 47.88587079
v -87.44629419 -51.35168198 61.25501150
v -91.22189960 -50.01539920 48.43516792
v -91.31840375 -42.75208686 54.13964022
v -90.80163919 -64.57659823 62.27612246
v -95.34976153 -51.02107157 63.36425949
v -99.97329505 -64.15386687 57.96047437
v -81.06220809 -62.79772080 50.48846921
v -76.69408913 -49.17891852 52.91372224
v -98.96100648 -54.68760611 65.30612439
v -87.54184040 -40.85158751 49.03783014
v -83.54514569 -63.00060952 61.49321496
v -97.91327190 -48.53812984 52.76621569
v -80.74765924 -50.32166191 57.20313569
v -90.99258340 -56.09624902 63.63392377
v -96.59951684 -47.02556610 51.00249496
v -83.59737956 -59.35525907 60.37979925
v -86.30543620 -40.66076216 51.16840677
v -103.70618902 -57.11709822 57.98643096
v -95.64087036 -57.70259059 54.09929941
v -76.55302960 -47.63796903 53.63553226
v -88.04926723 -69.98080721 57.18707298
v -88.64768892 -46.61336023 63.42084189
v -80.05701268 -65.62597996 54.01684438
v -78.15061342 -43.90799712 54.59720663
v -94.22337603 -51.12836773 49.61608722
v -94.73273703 -44.34582582 50.07023638
v -93.93153450 -44.18244331 54.86037791
v -84.50344048 -61.47182211 50.24109886
v -89.76803843 -66.90188983 53.40062113
v -88.12789850 -46.87256614 47.67774400
v -92.52656430 -50.65670720 62.73333128
v -86.78600618 -46.55276722 62.84526151
v -82.05007317 -49.48242963 58.74160197
v -78.66273602 -47.37733038 51.41810873
v -102.88624717 -56.01262923 64.49105824
v -77.52119967 -50.54704956 51.01808841
v -86.75497732 -70.77740818 54.57094921
v -94.19025451 -47.15390598 58.83584636
v -94.73057198 -47.41870095 48.66078333
v -102.69182489 -60.20702451 58.05449924
v -96.11263222 -50.23059536 50.16416528
v -87.74414041 -43.97052365 62.04296480
v -77.86621682 -46.58591038 55.84848845
v -80.17006443 -51.83902016 56.10317672
v -88.41917663 -43.69486437 61.65021934
v -90.83886472 -41.01109287 50.98569969
v -98.90287662 -49.30475018 55.22426348
v -78.38083877 -60.54072288 51.59332918
v -84.05156207 -68.90682131 59.65976947
v -82.58030929 -55.65452398 57.27903948
v -86.79833794 -65.58274509 62.16453875
v -96.11474262 -49.18856870 60.44561990
v -96.13409993 -48.63611679 58.27868896
v -95.80156578 -51.55377177 50.50603509
v -86.76683210 -52.80421911 48.51765002
v -80.00052155 -43.16896431 55.40143278
v -100.96065247 -53.65989241 55.31754808
v -78.10896638 -57.91781722 50.94563579
v -99.04661425 -50.84074798 53.44431515
v -97.83101730 -49.41786965 57.62782350
v -88.05396447 -53.31830852 49.19887884
v -82.28741156 -42.73416202 51.43867137
v -87.97636184 -40.08344203 50.18899653
v -100.19049571 -52.92220909 64.47842258
v -102.64226965 -53.16764902 60.23206268
v -89.04424501 -70.22736786 54.41451654
v -97.51032934 -54.13705173 64.93476094
v -105.26956554 -55.17111202 62.14252663
v -87.49837630 -58.37394327 62.82617596
v -88.20504957 -45.19883423 62.98446138
v -97.59113800 -51.52106935 63.73341133
v -96.19527384 -45.80259587 51.27477128
v -81.88475705 -67.65281843 58.78691753
v -99.76668590 -64.57859735 58.57725921
v -87.19127333 -70.65985846 55.87550263
v -93.55138553 -44.96573401 55.94590714
v -86.77725779 -49.91152956 61.57095630
v -89.04139026 -40.21590731 49.66761055
v -95.54079341 -56.82855208 64.99596209
v -94.12220468 -48.57788515 62.33275821
v -89.58102148 -47.30433982 63.54260256
v -92.94081528 -54.20469880 63.62813299
v -84.13733591 -66.61491713 51.22277434
v -77.85178915 -59.92421690 53.38118510
v -81.78709541 -47.79774522 59.12402364
v -89.00069257 -64.00187055 52.56083436
v -96.41408066 -46.28481313 51.17291289
v -92.94421971 -65.60080331 55.45829026
v -86.68437955 -62.69179403 63.41316696
v -95.90074698 -54.58115761 64.72499668
v -103.74326479 -53.92753326 61.08880500
v -78.44895457 -51.31920627 50.05411119
v -86.32090152 -41.50987157 52.56812333
v -90.51319280 -53.44853124 49.80436362
v -94.47633175 -62.54506410 62.47430135
v -98.75146911 -64.66187110 59.53857670
v -82.66817558 -58.11684454 58.45154466
v -91.78803439 -68.21598879 54.84138132
v -78.08135189 -53.46438230 49.83767282
v -88.49786664 -41.29232365 48.44680207
v -89.59534430 -40.23031795 50.09346602
v -83.43743885 -70.05758978 55.79172875
v -82.23846332 -51.71101867 47.78044011
v -85.50302190 -41.03436173 51.42051888
v -83.75207930 -62.07999974 61.48463880
v -83.40392507 -44.72735095 49.19215501
v -95.90747703 -48.48053741 49.72872695
v -89.30379635 -40.46246237 49.35482380
v -98.31728102 -54.30725049 65.12232332
v -77.48860196 -53.79404261 50.24332875
v -77.52898857 -45.98387027 53.18966059
v -82.65243691 -49.15735961 59.40928817
v -94.71229369 -45.45259305 55.21836377
v -78.11103919 -55.61709640 49.99636605
v -79.10824709 -61.73529609 54.61619157
v -90.84325980 -50.87406202 62.36442304
v -99.64836810 -56.05739248 65.38649044
v -92.37150734 -42.71800046 48.79216843
v -87.01529099 -68.61067119 52.10917896
v -91.88873130 -43.25038680 55.15388192
v -83.03828408 -42.06904426 51.85731652
v -92.21715997 -49.85406810 48.55046104
v -83.58924338 -43.41451789 49.72273182
v -79.87276356 -65.17467609 54.32650860
v -86.21673150 -40.62430645 50.54269069
v -97.15402766 -55.96607901 53.77676947
v -87.21403410 -69.15423475 52.22744731
v -86.86141656 -64.56300012 62.69355041
v -104.44542680 -57.01521793 62.76903960
v -105.37074037 -56.80088979 61.83869485
v -92.87121676 -52.10621830 49.65886499
v -99.10266385 -55.53693855 54.52934343
v -103.03173563 -56.75993228 63.88117396
v -94.98480633 -46.40399110 55.90559164
v -86.15206601 -60.80129858 62.86425990
v -85.80697594 -53.40081678 60.07378895
v -100.44070258 -63.20662698 57.80929277
v -85.25486018 -43.76455472 48.57681248
v -91.89718527 -43.38738927 47.89954621
v -101.46304426 -62.55781515 59.31125130
v -84.05207910 -42.31202127 53.87032689
v -100.68036668 -51.36431764 56.67850860
v -85.78057314 -58.85296904 62.00010710
v -92.46526999 -45.31740665 60.23140027
v -103.25316493 -55.08712086 57.56091242
v -86.95868953 -45.82001249 47.59077134
v -90.01957936 -46.87283685 47.79213385
v -90.88453843 -57.91734018 64.13965799
v -76.98211811 -45.42766815 54.15110094
v -99.55209288 -56.69928903 65.07796003
v -85.99206813 -41.99127591 48.99682591
v -91.06977132 -69.16523080 55.01361948
v -85.41930408 -44.21549362 61.48684394
v -100.46643236 -60.53566830 61.85296871
v -101.70467447 -53.44898516 56.27412908
v -77.83405984 -58.31014244 51.77135488
v -83.73702581 -70.11386411 55.07646152
v -101.85674017 -54.36563656 56.17031025
v -80.04953719 -65.44833902 55.31052395
v -101.49217879 -61.83917722 57.86450154
v -95.26480030 -43.98089776 52.80891408
v -84.67513112 -48.79079981 61.01800057
v -88.99083579 -69.25669582 58.10321232
v -100.66564932 -53.39351038 65.02331076
v -100.54247592 -53.72369485 65.33033178
v -89.15392109 -58.50928143 63.62230095
v -93.23383849 -46.27885224 59.63714120
v -90.60355302 -57.34338900 51.88772925
v -83.55600624 -43.63585228 59.33384308
v -84.64347304 -43.82170785 48.85628535
v -92.23712599 -60.84301347 63.75212068
v -101.72131761 -52.33303836 58.31091912
v -81.92252236 -56.03113540 56.58251918
v -102.03447275 -52.55801368 59.20008342
v -94.09309781 -44.79614085 48.85097666
v -91.65116770 -50.43443906 62.52499271
v -89.75805113 -42.25280737 53.58731773
v -81.91250286 -65.04123660 59.78340468
v -96.17665898 -51.11854421 50.53177491
v -80.34252616 -60.47780806 56.29849587
v -97.08670015 -59.16624649 63.89639825
v -104.90626635 -54.95901601 62.74459790
v -85.35720975 -60.53616042 62.34836277
v -96.22532351 -47.12026040 55.39744280
v -80.46364926 -60.37643296 50.04002678
v -81.19801944 -67.78557446 55.83530256
v -89.93315198 -49.26861603 48.16577501
v -88.61169709 -70.38872750 55.00692458
v -98.58375756 -48.85873012 55.01748932
v -95.79772660 -51.07771738 50.25682544
v -95.61611795 -50.12248298 49.77902891
v -88.62668963 -64.34426417 62.70666805
v -92.81059492 -68.02971540 55.57703157
v -95.35171571 -45.99222265 49.65325964
v -105.84053697 -55.78366879 61.56906397
v -86.47043649 -70.46347812 53.47651305
v -90.78191683 -50.36980184 48.50225441
v -100.37764516 -50.97027938 57.00670078
v -84.60854284 -42.39410808 54.63818717
v -85.08509861 -59.34640620 49.78510337
v -85.08584712 -47.15465377 61.80578763
v -98.72911824 -57.64980492 64.60989070
v -83.65587154 -49.30335855 60.07813018
v -95.75942394 -57.73437165 64.89142691
v -84.33658087 -59.91631150 61.36891048
v -82.24213518 -61.76197071 50.09145483
v -77.18734671 -52.78048357 50.87696031
v -78.23114829 -43.76888896 55.97520257
v -99.47465826 -57.42109073 64.60820674
v -79.82114469 -64.94149850 54.75244779
v -91.68440135 -41.69355941 49.45318684
v -97.99542777 -52.49320416 52.30739131
v -94.29179587 -47.14214427 48.45214854
v -95.78368582 -45.39883742 54.27046786
v -83.50671312 -44.87789137 60.51235413
v -82.19762391 -68.82171775 57.17036994
v -77.82309507 -58.90088184 53.34720835
v -96.91780780 -47.37781394 51.39575207
v -94.62252311 -50.16743371 49.30862867
v -98.59594426 -52.98621009 64.77976242
v -86.02974972 -48.74898174 61.78244972
v -99.35823797 -64.94119509 58.06834222
v -86.31715832 -43.73323805 48.06049372
v -99.51005909 -50.07518385 56.36522094
v -91.13075126 -47.67646341 47.98647007
v -96.50219985 -66.83491407 57.27270913
v -89.45394365 -69.53436783 57.23059236
v -88.88815297 -68.90981850 52.95427344
v -88.04484709 -43.34454376 60.02244303
v -90.81432798 -69.39891117 55.96746593
v -90.59493301 -66.48126464 53.91438123
v -91.81598738 -68.97232087 56.62384028
v -100.67296977 -55.93942475 65.32867290
v -80.44058611 -57.59811537 49.33868761
v -92.37147944 -43.52415490 48.07911851
v -97.12788211 -49.51519692 51.17880657
v -97.36125169 -47.49184727 52.38261245
v -95.04400040 -48.94954714 62.47925165
v -94.03462427 -51.75583529 63.31345775
v -85.55395117 -47.46478855 47.44096107
v -96.74672760 -66.92193484 57.74793208
v -83.69873460 -68.44907875 60.05214531
v -94.77978835 -56.08568288 64.81089271
v -95.02520300 -47.42659122 48.88189464
v -96.08401591 -56.85315242 53.80858180
v -88.39410766 -51.28006992 61.66384998
v -97.18471187 -47.49405161 51.86340780
v -99.50476358 -54.43539114 54.24532133
v -83.67436421 -69.47216666 53.55448811
v -78.59755450 -62.07905672 52.40222401
v -91.96862400 -55.01261378 51.04197706
v -92.78773297 -55.09848145 63.85664991
v -82.16465423 -56.56332045 56.92257100
v -77.21326994 -45.15070747 54.00983750
v -84.62864655 -63.07923334 62.49955077
v -91.22422978 -52.27321251 62.59303075
v -87.72239107 -47.78907558 62.89131864
v -95.26672318 -59.65225079 63.87088896
v -84.49847506 -68.35021256 60.27309112
v -84.76681868 -56.81028094 60.11842226
v -92.23906019 -53.62248783 63.25573930
v -78.50937305 -59.54604025 51.03992487
v -81.16545613 -56.90444909 55.83006134
v -78.12151088 -43.98756268 54.35322172
v -88.88169172 -44.81432616 62.67323614
v -103.66881946 -59.94092130 59.79935410
v -101.86508357 -53.43085588 63.43246712
v -91.28206898 -44.07024007 61.20204655
v -90.05248780 -54.82471529 62.72462980
v -80.39736107 -61.86403027 50.41999823
v -93.61025780 -46.86884512 59.92563955
v -77.81752689 -60.17144957 52.96861551
v -95.98753996 -57.15595548 65.02969360
v -95.94255041 -54.27709823 52.15846124
v -93.59564291 -46.47754256 58.91626180
v -92.60218711 -68.30065260 58.58913293
v -77.96836476 -52.84277399 52.91673216
v -105.44794881 -57.54019420 59.13879231
v -91.84443765 -54.94686291 63.48650163
v -81.67968671 -43.57483326 51.16632575
v -98.93364581 -52.81880580 64.70884013
v -79.93896944 -64.07742329 51.86661579
v -98.76000436 -56.82021999 55.02539666
v -85.13459181 -41.18965951 50.73148759
v -78.36352565 -43.72521052 55.53214522
v -88.57124999 -61.04515897 63.79173083
v -85.34863483 -50.52267184 47.52353911
v -90.77470346 -43.34470136 56.59534422
v -98.23360539 -49.77759221 52.65582636
v -97.96788303 -56.34636672 65.31545970
v -87.59603230 -48.66411693 62.45885460
v -88.79149002 -46.03143914 63.33431339
v -93.79416082 -46.07157493 57.21219629
v -101.33601771 -51.96404316 58.51191076
v -85.53370155 -63.11455423 63.18523724
v -88.83856883 -43.17905834 57.60837951
v -92.06145471 -49.51358265 62.58485563
v -94.98328033 -55.35014617 52.41593984
v -95.11278514 -61.04902644 55.51645631
v -83.35625629 -43.00488045 56.66696398
v -83.96509927 -49.10520360 47.46322892
v -87.02204936 -60.30905883 50.73278552
v -96.75858923 -66.86820395 57.51852850
v -88.39421322 -42.73599321 55.80406489
v -101.20869394 -63.27862025 58.40700788
v -89.27616190 -41.66756555 52.61209218
v -100.60241967 -52.53110958 55.24137957
v -88.72014937 -70.00365977 53.26805503
v -82.86116934 -61.05051129 49.93928091
v -83.76079631 -41.81444086 52.31672761
v -89.09896532 -41.01386466 48.65701478
v -93.87872080 -45.76098774 56.44345350
v -101.19954094 -53.62048352 65.05903180
v -85.62137259 -48.26674461 61.77986130
v -90.61203720 -69.12823732 57.53677565
v -82.11273173 -57.14529741 57.05330888
v -82.17296464 -65.13221670 50.85976330
v -87.48289430 -67.77865854 60.56748289
v -91.17427852 -43.90823484 57.77854842
v -84.51248815 -43.58664371 59.79066961
v -85.77473238 -46.49601441 62.28915870
v -91.31049722 -41.31726653 51.23270326
v -101.82637153 -62.57654485 58.47972624
v -82.01977473 -67.62943412 59.80977294
v -89.80779462 -41.48095721 52.20957104
v -103.02971922 -54.05071792 57.88004101
v -78.09646468 -60.14983256 51.96895602
v -97.57442407 -50.66118803 61.64902593
v -88.42454813 -61.19920884 51.65380520
v -99.14920367 -49.95195505 57.29534817
v -93.26017231 -53.20423389 50.33874420
v -79.67868861 -56.82615133 54.30176853
v -88.48223873 -51.87296816 61.57223281
v -84.48229549 -41.48628621 51.06795525
v -87.97944112 -61.00856878 63.65067926
v -97.81998867 -48.47535908 55.64250670
v -82.82557450 -56.38975612 57.67828515
v -79.72131716 -64.68378479 53.81643742
v -87.50015854 -70.73479936 54.61529521
v -96.38349113 -46.41167601 54.54913713
v -76.73102814 -46.56991139 54.00148674
v -83.22688637 -59.71031474 60.11995902
v -84.61219353 -48.20319513 61.18923213
v -94.70873601 -43.65528020 53.47227152
v -95.12849601 -46.66043474 49.12806959
v -96.27350127 -49.88850179 62.21579803
v -92.18477619 -55.72834402 63.89764372
v -98.60614107 -53.91330461 53.38480062
v -98.39042087 -51.63264171 63.24089342
v -101.23996160 -52.51598947 60.96812896
v -88.78015446 -44.14863036 62.15650554
v -100.09900399 -56.79562756 64.92244191
v -95.01905804 -49.74351470 62.86158833
v -92.68826973 -59.91737922 64.11737706
v -105.61565205 -57.69066608 59.46437400
v -86.98555763 -61.58073766 63.41833122
v -81.12113165 -45.56541389 58.96094404
v -95.99396309 -66.36996534 56.95277114
v -93.35690417 -45.40565102 56.85712153
v -83.02107468 -62.53217731 60.85945121
v -84.83833794 -47.51793882 47.54733327
v -76.72333805 -46.80333401 54.21535219
v -83.72772399 -56.97732873 59.09537638
v -94.38938335 -68.01222979 57.81319588
v -88.87724340 -52.90223139 61.70451796
v -105.56307608 -57.79963830 59.90123189
v -78.31650697 -58.86535988 53.94423771
v -102.34288642 -54.33729255 56.73420472
v -87.81779620 -50.16639560 61.83968067
v -89.05380826 -40.41520028 50.93891395
v -90.36978839 -59.30037837 52.43786214
v -94.03484382 -56.97093587 53.07004467
v -89.59139924 -56.17056733 63.00145837
v -103.16941759 -53.91673767 58.29457282
v -82.39618231 -62.83969966 60.23020541
v -92.83913883 -42.98761688 53.79827364
v -89.16234633 -69.99156936 56.17938779
v -89.74276259 -41.51139597 48.19008094
v -102.74449177 -53.35698964 58.36557039
v -86.95859226 -59.32688751 50.44491578
v -89.01184996 -69.60841587 53.04999751
v -93.93752252 -43.27294577 53.63533770
v -85.70760539 -70.51398541 56.75483610
v -98.87387697 -60.81270841 62.24775761
v -89.42749406 -68.11377847 53.20328650
v -100.44727809 -60.62039491 57.34533659
v -84.29655698 -70.38688858 56.96806746
v -98.75396594 -55.81290533 65.42306146
v -94.13205025 -67.46430743 59.17750243
v -96.37898364 -45.77467962 53.77817626
v -103.47706840 -58.94054397 61.35948266
v -85.84755638 -43.95088173 61.48199653
v -83.44614566 -46.68055374 60.62954732
v -81.73515419 -55.52518399 56.36500273
v -82.55579214 -53.73020715 47.94106373
v -85.06518751 -69.47390961 52.60323186
v -91.17949686 -69.23443324 55.53326260
v -79.80187272 -53.29612320 55.23648356
v -78.83860653 -53.40797024 49.34245416
v -80.36939394 -66.55061602 54.98302708
v -77.96336290 -58.59850546 53.47161921
v -83.10493731 -51.90807390 47.59928115
v -96.96015252 -61.87511874 62.20659938
v -83.44001632 -52.20547450 47.62027649
v -82.33201659 -69.00903031 58.44597002
v -100.18979093 -64.28062511 58.19084883
v -98.29669720 -49.85247232 58.18993858
v -80.56817721 -51.15070270 56.83884909
v -80.96402018 -44.24699621 51.27977337
v -87.11829523 -41.14562421 48.92069016
v -96.86493151 -47.54495146 55.29430114
v -79.58570925 -45.37942693 51.73056747
v -85.06859953 -68.48612993 51.62293478
v -96.40776177 -49.88176644 50.34202379
v -103.81680631 -54.72586520 58.47888683
v -86.83832842 -70.17848905 52.92957942
v -83.26986261 -44.00247100 59.94893467
v -80.65499935 -54.46180616 48.44144676
v -91.43106903 -68.72751727 54.87182197
v -81.20631015 -45.09031722 50.59174565
v -82.01628530 -42.56972132 52.02844009
v -92.74512101 -43.32272920 48.55564796
v -88.63026827 -62.11254387 63.62260251
v -84.46759383 -61.02580449 61.82399892
v -82.67070747 -66.36460161 51.08950623
v -91.73597586 -45.73409698 47.73689490
v -78.43432461 -53.42966194 53.50798531
v -79.26668863 -49.37831191 55.95107682
v -83.88195939 -60.84753380 61.31264667
v -78.09452682 -50.26941593 54.30180439
v -93.17519480 -42.58450389 50.19558727
v -78.95415921 -45.38218207 57.36835194
v -85.57407671 -64.52896808 62.80592542
v -86.30020074 -42.81099707 56.33571669
v -88.34012336 -55.45570747 50.10602757
v -77.46282533 -54.37180022 50.54954332
v -105.98155792 -56.28415615 61.09918580
v -95.51434745 -54.80317681 52.33457937
v -82.23103249 -68.94997942 54.41283261
v -84.39770235 -43.14223400 57.85319299
v -86.67867187 -69.55691130 58.55235575
v -88.86697346 -42.26228156 47.77061174
v -83.51257483 -49.06979649 47.63713141
v -88.58214054 -44.19835777 47.49948819
v -94.60882837 -51.51722736 63.37271476
v -88.72484742 -40.59990577 49.11283569
v -79.11365961 -63.33757571 52.61025338
v -88.00607500 -59.99821841 51.14247238
v -88.65628334 -41.34458346 52.25808142
v -78.52293981 -51.39648015 54.38297168
v -79.21486167 -51.93744388 49.36545639
v -78.51657309 -49.90823235 50.45351193
v -83.45901948 -42.08340266 53.01255554
v -79.67362696 -61.46553594 55.61280819
v -95.00247472 -45.07982407 49.78608743
v -91.40136087 -68.47527820 54.65636949
v -81.93860553 -61.20893613 59.21685662
v -91.54090922 -68.53493786 58.57051222
v -89.11188564 -42.75042403 47.53122608
v -79.46972476 -61.76397405 55.24282629
v -88.99094832 -49.34794058 48.13097088
v -99.89599747 -55.17322413 65.50404462
v -95.12445696 -44.01524048 53.51620092
v -93.11726581 -43.39268808 48.88217424
v -92.56038356 -46.30890235 60.94886473
v -96.40252331 -48.21271371 50.28038627
v -84.18762121 -55.43493988 58.93906715
v -92.86327706 -56.64927648 64.44883057
v -83.13894168 -69.74782538 57.26284105
v -83.32142866 -42.52252900 50.57172414
v -91.01901087 -43.07321352 55.33259014
v -77.62110769 -44.79835221 53.92035762
v -98.03314398 -59.17543217 63.71831652
v -92.64153511 -58.49040471 53.29105416
v -106.13446129 -55.87253200 60.95298097
v -82.67626549 -55.44286433 48.42561127
v -91.13194373 -54.59711046 63.09772767
v -92.01422017 -45.45077477 47.74251179
v -78.25382173 -54.48913244 49.59592569
v -86.02045788 -68.45621089 51.75515149
v -77.32549004 -52.39206581 51.88886208
v -81.11824238 -67.87337613 54.60433518
v -87.66064330 -55.35696486 61.65109523
v -93.20876342 -42.49105923 52.28396730
v -77.15854263 -52.60520767 50.99845479
v -92.04150201 -50.26528276 48.62528657
v -83.52543289 -49.96726350 47.50631976
v -98.72756912 -51.91751753 52.98542261
v -95.16350940 -52.04958958 50.45862242
v -96.10889709 -61.13278423 62.82871480
v -97.92570746 -48.16394295 53.98413321
v -85.77787073 -40.81625358 50.73265021
v -81.93631976 -44.94883442 59.48039133
v -92.31697334 -48.27398864 62.45457088
v -99.20311891 -50.58259005 53.82743886
v -90.73086817 -43.78006967 58.91624546
v -77.91277190 -56.71731303 52.38043260
v -91.79019465 -44.43914352 61.08252732
v -97.27009512 -61.62042810 56.59892452
v -77.97531504 -56.99813464 51.07949322
v -90.92278979 -48.84111038 48.14206038
v -94.74156005 -43.59217795 52.96902036
v -103.10845076 -57.61142552 57.74319206
v -84.69074419 -69.34888988 59.16179435
v -90.96119615 -48.36401635 62.84476160
v -92.00279149 -42.49166517 53.06251754
v -92.67778999 -51.12004954 49.09279382
v -95.93911821 -63.18758534 56.50192176
v -101.99684879 -54.05582538 65.15844982
v -86.84658156 -40.34299215 50.87210765
v -77.87839672 -54.71503186 49.95019021
v -86.01522403 -43.55051774 60.86715741
v -94.82632995 -48.62278940 48.88576730
v -78.88712997 -52.93619985 54.25938634
v -83.71005325 -52.75114475 47.72152581
v -78.13761418 -56.85021450 52.89683735
v -85.96231735 -40.71623216 50.96602081
v -76.99688009 -49.86962648 51.88312451
v -88.35831553 -57.14844725 62.75620286
v -94.53780716 -50.49078197 63.04686898
v -87.66408494 -64.78891964 62.54529978
v -105.38165871 -55.90703041 59.20725062
v -93.12834521 -59.24592561 64.39629091
v -82.47419017 -52.94258500 47.78759028
v -90.43281497 -41.86023665 52.59643656
v -80.53424063 -66.12662590 53.22040328
v -85.56295299 -61.39823067 62.65909699
v -79.27452220 -63.36751988 53.85839458
v -90.52180480 -42.20964354 53.13020628
v -89.34144630 -41.09501846 51.90246806
v -92.80571659 -43.09945600 54.13409850
v -96.89345206 -48.33167862 56.43467515
v -96.27802770 -60.20015612 63.36427426
v -93.92187566 -59.34988367 64.21372555
v -92.37792581 -43.31354398 55.01794632
v -88.47072725 -63.59804909 63.07691498
v -77.94267895 -56.27115317 50.79486808
v -84.11643368 -70.35450287 56.24527174
v -87.75569514 -55.88267533 49.94847329
v -88.65934211 -60.30591300 51.59946028
v -81.62967959 -43.39644970 57.72185743
v -93.10581506 -45.58343387 48.01315627
v -77.71516929 -58.69026317 53.05722200
v -90.89020956 -57.94546771 52.24878588
v -91.77218154 -48.84543867 62.61351441
v -80.90981819 -52.97960245 56.44225733
v -89.55563716 -69.47345689 53.42914630
v -89.42661433 -69.79181172 53.52203972
v -77.71730013 -54.93731875 50.23746500
v -90.24911898 -69.74795474 54.88110475
v -103.88301927 -54.44449909 63.31716807
v -90.09137545 -47.56055847 63.40749135
v -96.70784157 -46.65848760 51.50433808
v -80.74353821 -42.93682691 54.04257992
v -88.28493272 -41.68064934 48.18670164
v -82.58648058 -43.35479057 58.00859256
v -83.81742686 -67.60478613 60.78000257
v -91.73398539 -56.68866178 64.10051713
v -77.83026710 -54.18156121 52.19863364
v -89.18662780 -46.24892541 63.41206474
v -90.14763633 -40.65518609 50.59129852
v -83.42162525 -61.95771576 50.19293392
v -82.93254967 -69.16483378 53.91215143
v -80.84905098 -52.74561206 48.33190796
v -94.84809001 -65.63357569 56.42984727
v -81.60957386 -47.04797671 59.14805524
v -95.16737863 -49.49827954 49.34728592
v -102.77778660 -53.18405515 59.10985399
v -95.45676033 -48.96907813 61.52056666
v -78.38136807 -61.27989522 52.11467666
v -81.80466324 -42.55045427 53.57335350
v -81.42649620 -66.26830440 51.94772756
v -83.06592477 -58.99825881 49.38966134
v -97.77923608 -47.96487363 53.37340406
v -92.34527929 -41.83778666 51.24474056
v -84.39387941 -41.87909994 50.31594423
v -79.32951531 -52.27499073 55.06159572
v -87.59228095 -62.19993638 51.42102258
v -91.21819922 -44.07559689 58.97562515
v -78.17275994 -43.91571524 56.46999810
v -88.52729669 -49.58309645 62.23977928
v -92.12183049 -68.03885920 59.16832957
v -103.91965400 -54.21491339 59.29985194
v -89.92940527 -43.53314705 59.43575319
v -78.73968432 -60.69112529 51.16379297
v -87.34488091 -69.44465027 58.53345221
v -86.89118954 -43.29173815 59.18766295
v -80.51795026 -56.44380357 55.04346526
v -89.87291680 -52.00949072 62.08237511
v -92.98028641 -48.15525278 62.30543751
v -86.31670119 -40.95525464 49.68240782
v -88.10195500 -63.14204620 63.29213394
v -86.61357960 -62.20394444 63.33273795
v -86.04718990 -51.74279173 60.47506214
v -89.92278718 -43.54654025 60.52607936
v -97.29283966 -49.01735282 51.42935298
v -82.94169614 -69.77016434 55.34141216
v -79.91381785 -57.66575492 49.51839562
v -96.73165748 -66.90330687 58.09547781
v -103.57036195 -54.94444519 64.50297829
v -84.19252869 -54.03359680 48.08482312
v -92.62475675 -49.04340009 62.57872003
v -78.87209744 -54.70094124 49.18205527
v -79.96190033 -43.93262409 58.00603516
v -100.48259963 -54.32115137 65.49346018
v -91.35401461 -44.60564707 61.54234026
v -86.91419038 -47.79720940 47.59882833
v -86.88905942 -59.28229009 62.86979793
v -88.89701870 -64.86530919 62.39508935
v -89.65634533 -70.02451164 54.64720257
v -97.99365069 -65.96186271 57.75927532
v -91.49358000 -60.47809994 53.40710329
v -96.40457439 -45.56941562 52.48954906
v -105.98499715 -55.54762894 60.70621211
v -87.60122287 -43.66734814 61.57416768
v -79.68877479 -59.01501501 49.93063658
v -93.73752141 -46.32560952 57.98961690
v -81.12001078 -51.39699007 48.33588885
v -89.55444981 -49.74991807 62.33429699
v -79.22991162 -43.61784706 56.66230316
v -83.18483249 -69.49916552 58.47111686
v -93.86919073 -43.36017338 50.10153417
v -90.81725409 -44.14561062 61.71003063
v -89.90340289 -53.01001674 62.18018431
v -88.21103910 -54.15638995 61.57319869
v -78.89408227 -61.66638659 54.14793766
v -89.67547422 -49.05614478 62.66060706
v -80.62903050 -49.72173460 57.20113689
v -90.18372040 -62.01786950 52.96300249
v -93.02362220 -42.61555485 52.71474209
v -78.76215359 -61.80992124 51.72456324
v -90.03602354 -48.42180529 62.98793916
v -89.37651661 -40.75083679 51.50621568
v -99.38285773 -50.05186769 56.93296358
v -96.05828892 -66.46274577 59.51683947
v -81.34424792 -50.29371819 57.85490147
v -87.34173243 -70.69709438 55.15318604
v -98.78680053 -49.82867482 57.60403425
v -85.85679612 -42.55956890 55.45550444
v -81.02928378 -64.52502065 58.29583963
v -92.37037033 -41.94194717 51.67829471
v -89.35702156 -59.51728902 63.95918639
v -91.60189681 -41.38427727 49.88498738
v -81.36959075 -65.84214917 58.53510641
v -88.30919429 -68.98630933 58.90627502
v -102.76155549 -53.92511051 57.53186818
v -93.39582061 -49.47636247 62.71484764
v -91.30050107 -61.23908431 63.71660743
v -85.85341616 -68.52658669 60.05665970
v -95.50738660 -54.46042915 64.58440363
v -82.42893749 -69.32651413 55.55086034
v -80.68607557 -51.91286939 56.57734491
v -90.74094815 -41.46810082 48.66151922
v -105.27502396 -57.72619432 60.68836458
v -79.66846530 -43.26302817 55.08702909
v -91.51662555 -44.19024308 47.69377496
v -96.82077503 -47.84624523 55.74921706
v -77.30349746 -53.52503374 51.48301089
v -96.37710487 -66.97538237 58.49099212
v -103.58254596 -58.03169238 62.42788159
v -81.67570069 -68.62414101 54.88142077
v -84.80001454 -50.35467987 47.42763861
v -94.20676720 -45.56563266 55.83214357
v -97.00491689 -47.41507229 54.98755082
v -88.32889328 -49.68143596 48.06687298
v -104.36353080 -57.61586602 58.45499225
v -86.38550378 -69.62065538 52.30967123
v -87.77148909 -50.90714542 48.22747303
v -90.32320974 -40.68143131 50.21513108
v -80.84567667 -43.96259450 58.48774192
v -83.06162412 -66.05058203 61.75983455
v -91.99133026 -51.17322709 62.69129674
v -81.74501920 -43.09070299 56.39748064
v -90.30174259 -69.66068927 54.40338662
v -78.12983791 -44.91340199 56.72080203
v -90.65594285 -63.10409936 62.95427269
v -95.64744503 -48.74000092 60.15663960
v -86.70284154 -42.06941844 53.74434532
v -95.66505531 -44.36023949 52.55869815
v -104.76113919 -56.08052855 63.22975383
v -87.78475062 -40.79040999 51.68423900
v -92.24275078 -41.80752575 51.38218628
v -95.55233576 -46.19401116 55.09513077
v -92.14393769 -52.35429410 62.93322824
v -96.21727815 -46.60789170 54.90418475
v -82.29522053 -50.98874190 58.37921213
v -88.51039934 -40.25902625 49.56354860
v -94.34351408 -52.85743268 63.68336052
v -78.75526254 -50.42498187 55.05357720
v -89.51784672 -57.54994664 51.44098806
v -84.78814534 -41.42897117 51.81330909
v -85.03702532 -41.78689426 52.78611852
v -83.02727546 -69.56662304 54.55967686
v -86.60065736 -41.38083514 49.03231151
v -80.01692385 -55.34566275 54.68963171
v -90.39418200 -42.91780165 55.14788807
v -94.45721127 -44.16660146 54.45520278
v -83.57018630 -58.21989637 59.59928928
v -99.13401415 -50.15145963 57.90230973
v -83.36353201 -43.16610744 57.67283363
v -91.80253545 -52.98100711 49.82206201
v -77.84833226 -59.75581112 52.37599123
v -94.61853553 -64.11851242 56.19085608
v -91.92512527 -67.14105870 54.84285533
v -102.21735556 -55.82325128 64.93323421
v -105.16973832 -58.29781176 59.81256402
v -87.25482543 -44.55550342 47.66437895
v -87.85078303 -70.65772149 54.05156703
v -94.47400803 -48.55725483 62.18037097
v -79.58470010 -62.93056874 55.46479586
v -102.32338300 -54.97382281 56.64500215
v -88.03451903 -42.43875176 47.91002613
v -77.23736090 -49.36919211 53.69446345
v -98.55330519 -64.01186204 60.21177890
v -81.20102479 -59.68300202 49.69799289
v -105.14001840 -55.56752090 62.86301675
v -97.46610533 -48.30337430 55.73490282
v -96.29856738 -55.78788978 53.29881673
v -87.80559225 -54.19573061 49.43166510
v -85.04680948 -67.74934987 51.49782392
v -97.58065632 -51.23717425 63.30080592
v -86.95558637 -70.35139179 57.01446553
v -105.65337444 -55.30523510 61.54934069
v -89.43463986 -51.01330206 48.61785609
v -97.81338163 -48.27974175 55.20724553
v -101.18750811 -56.28438945 65.02428959
v -86.43354355 -70.77199605 55.17783707
v -83.56085489 -42.09474647 50.80296265
v -76.95042637 -50.54878987 52.42115562
v -93.06427065 -44.13255488 55.53718802
v -81.86288926 -58.56997519 49.34732531
v -84.83421586 -45.38540502 61.58296398
v -92.23195983 -51.33319688 49.07886961
v -91.15507118 -55.99437323 51.37215165
v -100.51793276 -63.34414025 59.39866205
v -80.83464138 -66.38061999 56.83108279
v -77.47822636 -52.43992652 50.58417813
v -84.47599830 -43.30729159 58.59037276
v -84.20697194 -69.38249529 52.95834079
v -82.30710323 -67.14627063 51.93357795
v -101.67818109 -58.93605771 62.79670191
v -90.06335603 -65.63689994 53.50776953
v -85.38920421 -43.34422690 58.94497685
v -91.91450502 -66.84122399 60.62510616
v -92.74812339 -47.65655677 62.05549570
v -83.43652631 -68.91529421 52.91369719
v -80.89663774 -48.46349137 57.94424783
v -86.41677456 -40.72609005 50.01056016
v -90.47423296 -57.10591733 63.75761077
v -99.80371958 -51.06637565 54.81181869
v -87.84757989 -40.12198911 50.42984585
v -77.03195853 -51.57599753 51.61591088
v -88.72873821 -40.03705997 49.95260564
v -92.72159607 -67.64071162 55.37177506
v -90.15706975 -41.11245795 48.75925521
v -83.59258366 -64.00989688 61.87811673
v -79.10246414 -62.75205441 53.87114098
v -91.88924285 -42.72173093 53.69993693
v -82.56059100 -60.90210934 59.90448062
v -80.11741535 -49.25976475 56.87112995
v -84.22099438 -42.70714638 49.72323258
v -98.49415508 -53.43521186 64.90791113
v -106.02606993 -57.07232250 59.98920228
v -79.09427822 -48.40311670 56.11890297
v -88.36258292 -70.06258506 56.72731152
v -90.75394440 -41.93788750 48.16547572
v -81.33898197 -42.65566071 53.36272904
v -93.15505339 -68.47905214 56.56429438
v -100.11664755 -52.58579934 54.58179385
v -85.13631110 -48.98747227 47.36371810
v -79.91410408 -55.74152195 48.98097823
v -89.01890277 -49.92349893 48.22160383
v -79.67886532 -62.55235308 51.11089750
v -99.81110032 -50.39420528 56.06893009
v -78.36388617 -44.17877540 56.88910705
v -97.57409200 -48.09352159 52.35086441
v -96.12200610 -67.25470551 57.95120587
v -82.67920677 -65.77543987 50.95940382
v -77.13480116 -50.28319406 52.97183084
v -93.51495053 -42.63693957 52.00837332
v -80.73466706 -60.87162412 57.15578095
v -84.90431539 -46.43226966 47.83622189
v -95.03078300 -48.55143932 61.12992065
v -92.62219152 -61.51335529 63.35690330
v -87.04731871 -40.28257086 50.47900785
v -87.75728520 -43.67179689 47.67811912
v -94.88071022 -65.44168347 60.89345292
v -81.18138521 -67.11183884 56.90628803
v -99.68719792 -57.86044273 55.91138497
v -101.91890901 -58.19111960 63.31652540
v -82.50353360 -66.63745994 51.34613672
v -94.01722049 -45.87206085 48.32110555
v -101.88248230 -53.04184732 61.66297349
v -100.54179495 -56.04179341 55.60239095
v -85.05739317 -42.04907212 49.56634880
v -95.47927992 -48.66862219 49.26834214
v -90.75893865 -47.43480938 63.07847821
v -85.41316312 -42.11364823 49.26150666
v -102.32764388 -59.88255294 57.85471693
v -87.95617928 -58.64402000 63.15638876
v -102.96019136 -54.61394191 65.09270308
v -85.69809143 -69.63672846 52.53432653
v -105.10865388 -56.23229815 58.84880670
v -78.01794380 -60.68656151 52.50456082
v -95.20827090 -44.88136914 50.34267813
v -82.86304351 -63.54031431 60.91556306
v -87.61262680 -41.41098282 48.55963555
v -95.03544581 -67.55759898 58.46457962
v -101.45411226 -54.44986998 65.54104303
v -92.40115320 -61.49947812 54.27642188
v -78.62248383 -44.49064696 53.21111909
v -88.33138680 -43.28910147 58.93544399
v -80.30717349 -65.24032662 56.40107311
v -88.49544489 -70.40254338 54.02302252
v -91.29642464 -65.58689641 61.67667765
v -90.52502850 -43.40704426 57.03484681
v -86.91918522 -44.01499321 47.82896458
v -93.44827075 -50.23456570 48.91804884
v -83.58605187 -51.15732719 47.46323891
v -82.75858272 -45.66710821 60.08291278
v -86.46131389 -42.88927451 48.29092275
v -98.39060540 -48.77115903 54.05532190
v -84.29237249 -43.44458643 49.24380457
v -87.61982877 -44.42540710 62.42795553
v -98.84001107 -62.66340500 61.02196508
v -100.21776055 -52.09142934 61.34434603
v -92.39583088 -48.52925096 48.28991019
v -97.36696124 -47.24153869 53.40687525
v -101.63808678 -57.32885713 56.77723547
v -91.35373007 -41.63078368 49.10403099
v -91.65392902 -58.84386549 52.97670882
v -88.46620519 -56.03745015 62.39772869
v -78.89659568 -55.52015783 53.56572229
v -95.45288763 -47.65372349 57.12812970
v -80.49680123 -66.36216677 55.82257266
v -77.40532820 -47.27044564 55.00283904
v -89.57166039 -42.98874840 56.02086604
v -82.13617071 -67.51573964 60.54730945
v -85.64377006 -45.02761846 47.97041307
v -90.40892023 -68.89796354 53.98559231
v -79.27606879 -44.13458448 57.55970939
v -87.49104130 -41.44168968 52.55162876
v -81.18452202 -67.57256808 53.86298643
v -89.05118786 -43.26471131 58.15871439
v -81.85513118 -42.86992062 55.04276371
v -78.33654499 -56.29981419 50.05016950
v -84.67700011 -53.92646678 59.22087104
v -92.88941695 -48.62822134 62.50421977
v -82.15165884 -46.06623491 59.68047238
v -84.35705281 -69.73221436 53.38933482
v -87.48289188 -40.23559998 50.16006265
v -80.98509527 -57.65087927 55.83090396
v -93.90716901 -68.12166932 56.59522043
v -92.96771720 -42.26955581 51.97584393
v -97.07841480 -66.10293919 57.32609051
v -98.24168101 -65.35375549 59.17121113
v -77.52904153 -53.13545186 50.33522218
v -86.01091478 -69.17703396 59.20527394
v -93.77648333 -59.24100812 54.13431751
v -96.08911546 -45.61943854 54.10903214
v -94.39625586 -43.28609491 52.71129800
v -86.60590605 -66.23484725 61.81834703
v -92.48400568 -59.09311169 64.53154243
v -85.09097343 -68.63357868 59.99043914
v -86.00410762 -60.28264536 50.30949417
v -93.31934553 -45.74348970 57.80780264
v -91.86387573 -59.91170321 64.25766467
v -77.07113586 -51.32562132 51.43451445
v -82.76367862 -67.70625541 60.64395543
v -79.19933694 -48.73955887 50.37816803
v -89.53337217 -69.97275324 55.52743800
v -77.45581877 -44.67845177 55.99094031
v -81.44159249 -53.24015401 48.01414504
v -86.86610654 -48.68502045 47.63818833
v -89.88827925 -42.01528719 53.00479482
v -91.58354463 -53.27598020 62.94911025
v -104.94311078 -55.29190375 63.35126710
v -94.73770163 -60.53988756 63.49443173
v -78.28779147 -49.81681956 54.74042893
v -82.16223690 -59.58757084 58.67269824
v -103.73888224 -53.99283449 61.83643816
v -83.65864682 -68.14430377 51.88999834
v -81.62254856 -42.69885562 54.20610497
v -93.96798890 -58.02780336 53.64202113
v -85.65409439 -46.67825755 47.56153976
v -81.57489544 -64.72459393 50.86852545
v -81.59907814 -52.06901929 57.41001568
v -78.20191243 -44.22142029 53.92386624
v -82.16256522 -68.63275457 57.88047284
v -85.08235013 -57.41716121 60.69020776
v -89.67494841 -40.69817483 49.14602899
v -84.70148944 -56.65797961 48.95116131
v -80.49411334 -64.43445453 57.23545603
v -88.33877847 -43.05437130 57.00225999
v -91.72565484 -42.95362407 54.48870235
v -90.67529824 -42.32307550 47.87173286
v -90.81289691 -43.81482757 60.23997451
v -90.70426534 -60.22282493 64.21557884
v -89.30234042 -66.52251377 61.39269492
v -86.58623299 -47.81633889 62.44134643
v -84.05503911 -54.55723088 58.68329140
v -77.90260810 -57.13226293 51.49979547
v -90.34360647 -67.48630119 53.81749471
v -94.12545219 -43.12838873 51.47602129
v -83.97762334 -47.60775831 47.81868584
v -82.99155821 -58.63713613 59.20770940
v -92.57597600 -49.89324349 62.66823765
v -94.81372051 -47.99489380 48.75650759
v -88.81345310 -43.36909572 60.04581722
v -79.08624619 -58.64435581 50.19769458
v -89.99100446 -50.70846605 48.56754661
v -104.10471477 -54.19814220 59.87002363
v -89.03288178 -56.07831198 50.65681210
v -86.88498747 -63.81905175 63.06916066
v -82.61586907 -54.57180407 57.34229047
v -82.66513839 -42.41289867 53.63906890
v -81.11801645 -62.66491240 58.45813158
v -87.57063139 -46.89299267 47.62123074
v -91.96695385 -68.81872459 55.79433636
v -86.86571859 -51.79645273 48.21971609
v -92.81285055 -46.84292235 48.03230885
v -83.10906607 -69.76083413 56.56377088
v -89.31279877 -60.19178245 51.97924740
v -86.74562748 -40.69914577 51.37722567
v -88.03244316 -62.60095311 63.49258005
v -87.98600674 -40.14841828 50.67570948
v -104.58459548 -58.53711140 60.64989669
v -104.12052844 -58.73009646 58.43404693
v -92.01949643 -62.88186295 62.81827298
v -89.97369222 -40.66451875 50.95322704
v -87.26097442 -43.23033664 58.63469594
v -94.54219250 -46.61052907 56.76885410
v -90.39488370 -54.56756688 50.34031897
v -104.85229872 -58.10638807 58.78371309
v -92.01255205 -68.89916725 56.29315494
v -81.27715504 -67.35523024 53.40944893
v -83.49151124 -56.42545293 58.55795154
v -99.83346806 -56.72710974 55.48162471
v -92.94665048 -51.61774237 63.04722160
v -102.01860934 -62.22392211 58.19144752
v -83.56725342 -53.05987242 58.50301264
v -88.01352722 -44.06204553 47.58250990
v -86.63615542 -43.54887633 47.99129810
v -93.19355406 -63.06950975 55.24244326
v -80.71261193 -44.18889214 58.58360375
v -76.89026574 -45.62507484 54.65067207
v -81.63545707 -54.34813148 48.19411029
v -82.79508457 -62.47273988 50.27054904
v -100.43055519 -53.54437024 54.71054377
v -95.16709669 -43.81645270 52.59100699
v -92.70618496 -63.39148826 62.49496269
v -86.06010512 -45.54600831 47.69657647
v -100.20397474 -52.29113318 62.15492204
v -101.73619876 -56.33867650 64.78777743
v -94.86777335 -43.65699949 51.86434463
v -105.25363567 -55.28577520 62.42873532
f 1433 768 1403
f 768 2078 1403
f 1403 2078 2012
f 768 1426 2078
f 2078 1426 415
f 2012 2078 263
f 1426 394 415
f 1433 1403 1771
f 1771 1403 2012
f 2216 556 768
f 2216 768 1433
f 971 768 556
f 51 1054 2012
f 2012 263 51
f 971 1018 734
f 971 734 768
f 734 1994 768
f 768 1994 1426
f 2078 1388 263
f 415 1388 2078
f 1388 415 2076
f 1994 1886 1426
f 1311 415 394
f 415 1311 2251
f 415 2251 2076
f 394 1426 1886
f 394 1695 1311
f 1886 2255 394
f 394 2255 1695
f 2080 324 1978
f 2080 2216 324
f 324 1089 1045
f 324 2216 1089
f 1978 556 2080
f 2080 556 2216
f 2216 1433 1089
f 1045 1089 1636
f 1089 1433 1771
f 1636 1089 1771
f 1636 1771 258
f 2155 556 1978
f 1771 2012 258
f 258 2012 1054
f 1335 258 1054
f 2155 971 556
f 2155 1018 971
f 51 537 1054
f 537 51 1298
f 51 2176 1298
f 263 2176 51
f 2176 263 1388
f 2076 2176 1388
f 2110 2176 2076
f 757 1994 734
f 757 1180 1994
f 465 2251 1311
f 465 1311 1695
f 1180 1886 1994
f 1695 2255 743
f 1958 465 1695
f 1180 1371 1886
f 743 1958 1695
f 1886 1371 2255
f 684 368 1703
f 379 1045 1703
f 379 324 1045
f 2091 324 379
f 1703 1636 684
f 1703 1045 1636
f 1978 2091 646
f 2091 1978 324
f 684 1636 1425
f 1425 1636 258
f 1425 258 2132
f 646 2155 1978
f 2132 258 1335
f 537 359 1054
f 1536 1018 2155
f 1536 1968 1018
f 2073 537 1298
f 1968 734 1018
f 1968 757 734
f 2176 2110 1298
f 2251 1302 2076
f 2076 1302 2110
f 757 993 1180
f 993 766 1180
f 766 1371 1180
f 766 1647 1371
f 1371 1647 984
f 1371 984 2255
f 2255 984 743
f 379 935 2221
f 368 935 379
f 2221 2091 379
f 368 379 1703
f 350 786 2091
f 786 646 2091
f 1880 2132 403
f 1880 1425 2132
f 1074 2155 646
f 1735 2132 1335
f 1074 1536 2155
f 818 1536 1074
f 1335 359 1735
f 818 226 1536
f 1054 359 1335
f 226 1968 1536
f 1230 1968 226
f 2110 1450 1298
f 1230 757 1968
f 1230 834 757
f 480 1302 465
f 465 1302 2251
f 834 993 757
f 672 743 984
f 1958 743 672
f 993 1900 766
f 1900 2007 766
f 766 2007 1647
f 935 1071 2221
f 935 1291 1071
f 935 368 865
f 1291 935 865
f 368 684 1767
f 1071 2091 2221
f 1767 684 1880
f 1071 350 2091
f 1880 684 1425
f 1880 403 1767
f 537 1916 359
f 2073 1916 537
f 1298 1450 2073
f 375 1230 226
f 2110 1835 1450
f 2110 1302 1835
f 375 834 1230
f 1958 1255 465
f 480 465 1255
f 1900 993 834
f 984 577 672
f 2007 1966 1014
f 2007 1014 1647
f 1647 1014 984
f 984 1014 577
f 432 1291 865
f 1784 368 1767
f 1784 865 368
f 777 1071 1291
f 1464 350 1071
f 1071 777 1464
f 1443 646 786
f 161 403 2132
f 1443 1074 646
f 1735 161 2132
f 1443 818 1074
f 1443 1789 914
f 914 818 1443
f 1313 226 818
f 1756 226 1313
f 593 1916 2073
f 1756 375 226
f 1450 80 2073
f 80 1450 1817
f 1835 1842 1450
f 1817 1450 1842
f 1342 1842 1835
f 1302 1059 1835
f 759 834 375
f 480 1059 1302
f 1255 2006 480
f 146 834 627
f 1958 1855 1255
f 146 1900 834
f 672 155 1958
f 146 2007 1900
f 577 347 672
f 1966 1304 1014
f 865 1784 432
f 644 777 1291
f 2037 1784 1767
f 350 1464 1560
f 2037 1767 403
f 786 350 1560
f 161 721 403
f 1747 1443 786
f 1443 1747 1789
f 359 2019 1735
f 775 2019 359
f 914 1313 818
f 1916 775 359
f 80 593 2073
f 1817 1609 80
f 1756 759 375
f 1059 2249 1835
f 759 627 834
f 1958 155 1855
f 2179 2007 146
f 577 1014 1304
f 347 155 672
f 2179 1966 2007
f 1291 432 644
f 777 1176 1464
f 905 786 1560
f 403 447 2037
f 721 447 403
f 1747 786 905
f 1735 2019 161
f 914 1789 458
f 914 458 145
f 145 1313 914
f 607 1947 145
f 1947 1313 145
f 80 1609 655
f 1756 1313 1947
f 1947 982 1756
f 1835 2249 1342
f 1429 1842 1342
f 982 1117 759
f 759 1756 982
f 2006 1059 480
f 627 759 1117
f 146 627 1205
f 1205 2105 146
f 2105 2179 146
f 2179 1304 1966
f 347 577 778
f 1304 211 577
f 577 211 778
f 777 644 1981
f 1464 1176 332
f 332 1176 467
f 1981 1176 777
f 447 497 2037
f 332 1560 1464
f 1057 905 332
f 905 1560 332
f 1747 1297 1789
f 1297 458 1789
f 2019 775 1476
f 1916 276 775
f 1916 593 276
f 80 655 593
f 780 593 655
f 748 1947 607
f 748 982 1947
f 1817 399 1609
f 1842 1429 399
f 1842 399 1817
f 952 1342 2249
f 1342 952 1429
f 2249 1059 2006
f 2249 177 54
f 2249 2006 177
f 2249 54 952
f 1117 2229 627
f 1774 1255 1855
f 1774 2006 1255
f 1650 1855 155
f 1855 1650 1774
f 2229 1205 627
f 1650 155 347
f 1650 347 1850
f 1650 1850 1631
f 347 778 1850
f 1809 2179 2105
f 778 224 1850
f 1137 1809 2105
f 1809 1304 2179
f 410 432 1784
f 1784 448 410
f 1784 497 448
f 644 432 78
f 2037 497 1784
f 78 1981 644
f 633 467 1176
f 633 1176 1981
f 848 497 447
f 332 467 1057
f 110 1747 905
f 110 905 1057
f 161 2146 721
f 110 1297 1747
f 1286 2146 161
f 1476 1286 161
f 1297 792 458
f 2019 1476 161
f 775 2123 1476
f 276 2123 775
f 792 145 458
f 1351 145 792
f 593 780 276
f 1351 607 145
f 1351 748 607
f 1609 586 655
f 1207 982 748
f 1207 1117 982
f 1774 2167 2006
f 2006 2167 177
f 1631 1774 1650
f 1774 943 2167
f 1774 1631 943
f 1205 1104 2105
f 1631 1850 2200
f 224 1854 1850
f 2200 1850 1854
f 1104 1137 2105
f 211 1304 1955
f 211 224 778
f 1955 1304 1809
f 432 410 674
f 448 497 2111
f 1981 78 1181
f 848 2111 497
f 633 1981 1181
f 1057 467 285
f 2268 848 447
f 721 2268 447
f 721 2146 2268
f 1297 110 1500
f 1500 792 1297
f 2120 276 780
f 780 655 1901
f 655 586 1901
f 586 1609 1659
f 1659 1609 399
f 1117 1207 534
f 534 2229 1117
f 2280 1205 2229
f 2280 2229 534
f 1205 2280 653
f 653 1104 1205
f 2186 1104 653
f 2186 1120 1104
f 1120 1137 1104
f 1955 79 211
f 1120 1065 1137
f 1137 1955 1809
f 1065 1955 1137
f 79 1831 211
f 224 211 1831
f 1955 1065 79
f 1065 115 79
f 79 115 798
f 79 798 1831
f 448 603 410
f 674 78 432
f 674 1096 78
f 78 1803 1181
f 1181 1867 633
f 467 633 1867
f 457 110 1057
f 457 1057 285
f 1500 110 457
f 326 792 1500
f 528 792 326
f 276 2120 2123
f 528 1351 792
f 1780 1351 528
f 2120 780 318
f 318 780 1901
f 2130 748 1351
f 586 2053 1901
f 1 204 1207
f 1207 748 1
f 1659 1306 586
f 1429 40 399
f 40 1659 399
f 2016 40 1429
f 40 314 1659
f 534 1207 204
f 1429 952 2016
f 1418 54 177
f 218 653 2280
f 653 218 2275
f 2275 2186 653
f 716 1120 2186
f 1854 224 567
f 716 1065 1120
f 2083 1831 798
f 224 1831 2083
f 1239 1065 716
f 1065 1239 115
f 115 1701 798
f 798 1701 2083
f 448 1769 603
f 603 674 410
f 2111 2267 448
f 1096 1803 78
f 995 1867 1181
f 1867 285 467
f 1217 1500 457
f 1217 326 1500
f 584 1286 1476
f 2123 2120 2086
f 2120 318 2086
f 1351 1780 2130
f 1 748 2130
f 886 204 1
f 1076 534 204
f 40 2016 314
f 1076 978 534
f 978 2280 534
f 978 218 2280
f 639 2167 943
f 943 1631 2200
f 943 2200 1030
f 2275 1827 2186
f 1827 716 2186
f 567 977 1854
f 1827 1669 716
f 567 224 2083
f 1707 1239 716
f 1701 810 2083
f 115 1239 1707
f 1707 335 115
f 115 335 1701
f 2267 1769 448
f 1803 995 1181
f 2268 2142 848
f 1867 2117 285
f 2146 1548 2268
f 584 1476 2123
f 1780 528 326
f 1901 1795 318
f 101 1 2130
f 1901 2053 1795
f 101 886 1
f 1306 2053 586
f 1446 1306 1659
f 1076 204 886
f 952 1245 2016
f 1245 1635 2016
f 314 2016 1635
f 54 1245 952
f 54 1418 1245
f 1070 218 978
f 1418 177 2167
f 639 1418 2167
f 1030 2200 1502
f 1486 1827 2275
f 1502 2200 1854
f 1486 14 1827
f 1502 1854 977
f 14 1669 1827
f 1669 1707 716
f 2083 1328 567
f 126 1707 1669
f 1707 126 335
f 1856 1701 335
f 1701 1856 810
f 810 1856 1063
f 335 967 1856
f 1856 967 1063
f 1751 1803 1096
f 2142 2111 848
f 1867 354 2117
f 285 2117 457
f 1023 457 2117
f 422 2146 1463
f 1023 1217 457
f 1217 1080 326
f 1080 1519 326
f 326 1519 1780
f 2130 1780 708
f 1397 886 101
f 1659 314 1446
f 1070 978 1076
f 2017 1245 1418
f 2017 1418 892
f 218 1070 2004
f 892 1418 639
f 2275 218 2004
f 943 697 639
f 892 639 697
f 2004 1486 2275
f 697 943 1030
f 1175 977 567
f 1328 1175 567
f 696 126 1669
f 696 1129 126
f 810 1328 2083
f 1129 527 335
f 126 1129 335
f 810 1063 2220
f 1328 810 2220
f 335 527 967
f 181 674 603
f 2111 2032 2267
f 185 1751 1096
f 1096 674 185
f 1803 824 995
f 995 354 1867
f 2117 836 1023
f 1463 2146 1286
f 1670 1080 1217
f 584 2123 1087
f 2086 1087 2123
f 708 1780 1519
f 2130 524 101
f 708 524 2130
f 1795 2053 1387
f 1387 2053 1306
f 1387 1306 1746
f 1746 1306 1446
f 1276 1446 314
f 1635 1276 314
f 1252 1635 1245
f 1635 1252 751
f 1245 2017 1252
f 2017 1778 1252
f 57 2004 1070
f 892 1020 2017
f 892 2003 1020
f 2003 892 697
f 1502 175 1030
f 175 697 1030
f 1486 1788 14
f 1502 977 175
f 1328 2021 1175
f 2220 2021 1328
f 967 527 1860
f 1063 967 1860
f 181 185 674
f 354 836 2117
f 1548 2146 422
f 1670 1217 1023
f 1670 1023 836
f 1495 1463 1286
f 584 1495 1286
f 719 708 1519
f 237 318 1795
f 1397 101 524
f 1110 1795 1387
f 1029 886 1397
f 1029 1076 886
f 512 1276 1635
f 1076 1029 904
f 512 1635 751
f 904 1070 1076
f 1778 751 1252
f 904 57 1070
f 460 1020 2003
f 1486 344 1788
f 737 2003 697
f 697 851 737
f 1788 1669 14
f 175 851 697
f 1788 696 1669
f 696 2022 1129
f 175 977 1144
f 175 1144 851
f 977 1175 1144
f 1175 2021 1144
f 1445 2220 1063
f 1445 1063 1860
f 1796 2220 1445
f 2021 2220 1796
f 13 603 1769
f 495 1769 2267
f 495 13 1769
f 603 13 181
f 2111 2142 2032
f 824 1751 2246
f 1751 824 1803
f 995 824 354
f 1364 1569 836
f 1569 1670 836
f 1087 2148 584
f 1670 1051 1080
f 1519 1080 1051
f 719 1519 1051
f 1087 2086 1448
f 318 237 2086
f 237 623 2086
f 524 708 783
f 783 1397 524
f 1412 1397 783
f 1110 237 1795
f 1412 1029 1397
f 1276 1746 1446
f 292 2004 57
f 292 344 2004
f 344 1486 2004
f 2003 737 460
f 498 2022 696
f 737 851 872
f 851 1144 1629
f 851 1629 872
f 2022 1352 1129
f 1129 1352 527
f 527 1198 1860
f 2021 2162 1144
f 1198 1111 1860
f 1111 1445 1860
f 1445 1203 1796
f 1445 1111 1203
f 2032 495 2267
f 185 1325 1751
f 824 678 354
f 354 1538 836
f 1364 836 1538
f 584 2148 1495
f 1670 1126 1051
f 1001 783 708
f 1029 1412 1878
f 1746 709 1387
f 1193 1746 1276
f 512 1193 1276
f 84 904 1029
f 2092 512 751
f 1193 512 2092
f 84 1938 904
f 1938 57 904
f 1466 1778 2017
f 57 1938 292
f 1466 2017 1020
f 1020 460 1524
f 737 1964 460
f 1788 939 696
f 939 498 696
f 737 872 1759
f 2162 2021 888
f 1629 1144 790
f 888 2021 1796
f 1144 2162 790
f 316 13 495
f 495 2032 1271
f 181 1472 185
f 1271 2032 2142
f 1751 1550 690
f 1325 1550 1751
f 1271 2142 192
f 690 2246 1751
f 2268 192 2142
f 678 824 2246
f 753 2268 1548
f 354 611 1538
f 2164 1548 422
f 1087 1448 2148
f 2086 623 1448
f 719 1051 342
f 342 1001 719
f 1001 708 719
f 1110 1605 237
f 1340 1412 783
f 1340 783 1001
f 1340 1878 1412
f 1340 1543 1878
f 709 1110 1387
f 1193 1322 1746
f 1240 84 1029
f 1938 84 1240
f 751 1896 2092
f 1938 1240 679
f 42 1778 1466
f 2241 1778 42
f 1778 2241 751
f 1938 1066 292
f 1020 1524 1466
f 344 292 308
f 939 1788 344
f 1964 1524 460
f 1759 1964 737
f 2055 1198 527
f 888 1796 1203
f 1198 750 1111
f 1111 750 532
f 1111 532 1613
f 1111 1613 1203
f 495 28 316
f 181 13 50
f 2246 478 678
f 2246 690 478
f 753 192 2268
f 611 2233 1538
f 354 678 611
f 1548 2164 753
f 2233 1364 1538
f 894 2164 422
f 1569 882 1670
f 1126 1670 882
f 623 356 1448
f 342 837 1001
f 1605 623 237
f 837 1340 1001
f 1340 837 1543
f 1572 1029 1878
f 1572 1878 1543
f 785 1029 1572
f 785 1240 1029
f 1322 709 1746
f 288 1322 1193
f 1896 751 2241
f 679 1066 1938
f 1466 588 42
f 42 588 2241
f 1524 588 1466
f 292 1066 308
f 588 1524 856
f 498 736 2022
f 717 1524 1964
f 946 717 1964
f 1352 2022 736
f 946 1964 1759
f 527 1352 2055
f 1198 2055 1079
f 872 1629 17
f 1299 2162 888
f 790 17 1629
f 172 532 750
f 1613 888 1203
f 888 1613 1299
f 1471 28 495
f 495 941 1471
f 941 495 1271
f 192 941 1271
f 609 478 690
f 609 690 1550
f 678 378 611
f 2233 611 1838
f 1569 1364 2233
f 1051 1126 746
f 1448 356 2148
f 837 238 1543
f 1605 1110 12
f 12 1110 709
f 1322 12 709
f 288 82 1322
f 1193 649 288
f 2092 649 1193
f 1879 2092 1896
f 2241 2208 1896
f 1879 1896 2208
f 588 2208 2241
f 1066 782 308
f 1066 679 782
f 344 308 1715
f 344 1715 939
f 717 856 1524
f 736 508 1352
f 1352 508 2055
f 750 1079 172
f 1198 1079 750
f 504 2162 1299
f 504 790 2162
f 2219 17 790
f 790 504 2219
f 1613 532 2141
f 1613 2141 1299
f 504 1299 141
f 141 1299 2141
f 316 1355 13
f 1472 1325 185
f 50 1472 181
f 2277 941 192
f 753 2277 192
f 1838 611 378
f 2121 1569 2233
f 422 1053 894
f 2121 882 1569
f 1053 422 1463
f 2148 356 1431
f 746 342 1051
f 1605 12 981
f 1562 785 1572
f 82 545 1322
f 1562 1240 785
f 833 1240 1562
f 288 649 82
f 649 2092 133
f 133 2092 1879
f 679 1240 833
f 679 2153 782
f 2170 2208 588
f 588 1324 2170
f 588 856 1324
f 1715 2185 939
f 2185 1539 939
f 498 939 1539
f 1539 1046 498
f 1046 736 498
f 856 717 1324
f 1324 717 1625
f 1625 717 199
f 199 717 946
f 427 508 736
f 1759 872 779
f 779 872 17
f 1079 438 172
f 779 17 2219
f 779 2219 583
f 1621 504 141
f 2219 504 1621
f 2219 1621 583
f 172 438 219
f 172 219 532
f 532 219 2141
f 219 772 2141
f 2141 772 742
f 141 2141 742
f 1471 1113 28
f 2243 1355 316
f 316 28 2243
f 941 530 1471
f 609 2152 478
f 678 478 2152
f 378 678 267
f 1126 882 1432
f 2148 1431 1495
f 746 1791 342
f 623 1745 356
f 623 1605 1734
f 1543 238 1572
f 1605 981 1734
f 2101 1562 1572
f 1322 545 12
f 649 511 82
f 133 511 649
f 1899 679 833
f 3 133 1879
f 1899 2153 679
f 1980 1879 2208
f 3 1879 1980
f 58 2208 2170
f 1980 58 1381
f 1980 2208 58
f 308 782 831
f 1715 308 831
f 1324 1998 2170
f 736 1046 427
f 508 1194 2055
f 1079 2055 1194
f 1194 438 1079
f 351 779 583
f 219 438 1644
f 2169 1621 141
f 2169 141 742
f 1115 1113 1471
f 1115 300 1113
f 530 1115 1471
f 13 1355 50
f 2243 28 1113
f 1325 1472 388
f 2277 753 2164
f 678 2152 267
f 1838 378 844
f 1838 2121 2233
f 1495 1053 1463
f 1432 882 2121
f 1431 755 1495
f 1432 746 1126
f 1323 837 342
f 1157 837 1323
f 623 1734 1745
f 1157 238 837
f 246 1572 238
f 246 2101 1572
f 981 12 545
f 782 2153 1321
f 831 782 1321
f 1381 58 2170
f 2170 1998 1381
f 1324 1625 1998
f 1625 2025 808
f 199 2025 1625
f 876 438 1194
f 1318 946 1759
f 199 946 1318
f 351 1759 779
f 351 1318 1759
f 438 843 1644
f 1644 772 219
f 1644 1821 772
f 742 710 2169
f 1113 300 1932
f 2243 855 1355
f 1932 2243 1113
f 941 364 530
f 2277 364 941
f 1325 388 1550
f 369 1472 50
f 2164 171 2277
f 907 844 378
f 378 267 907
f 1208 894 1053
f 1495 755 1053
f 1310 1323 1791
f 1323 342 1791
f 2101 246 1337
f 1337 1562 2101
f 833 1562 1337
f 1589 82 511
f 133 3 511
f 1539 2010 1046
f 808 1998 1625
f 1988 1401 1438
f 1438 1401 427
f 1401 508 427
f 1401 1194 508
f 1194 1401 389
f 1194 389 876
f 876 484 438
f 843 1821 1644
f 2169 583 1621
f 1909 742 772
f 710 742 1909
f 369 50 1355
f 855 369 1355
f 1932 855 2243
f 2210 364 2277
f 1550 1826 609
f 1826 1550 388
f 388 1472 369
f 171 2210 2277
f 2152 609 859
f 894 2107 2164
f 2152 629 267
f 844 1892 1838
f 1838 1892 2121
f 1208 1053 755
f 2121 660 1432
f 1432 1791 746
f 1734 1212 1745
f 981 602 832
f 981 545 602
f 2136 545 2213
f 82 2213 545
f 82 1589 2213
f 3 1349 511
f 511 1349 1589
f 1980 600 3
f 1381 1998 1315
f 1539 1665 2010
f 2185 1665 1539
f 2010 2008 1046
f 2008 427 1046
f 427 2008 1438
f 1765 2025 199
f 1318 1765 199
f 438 484 843
f 351 169 1318
f 2256 351 583
f 843 1904 1821
f 710 2137 2169
f 2137 583 2169
f 583 2137 2256
f 1821 1909 772
f 2137 710 2234
f 530 364 1115
f 171 2164 2107
f 894 794 2107
f 907 267 629
f 1892 929 2121
f 660 2121 929
f 442 755 1431
f 660 553 1432
f 553 1791 1432
f 1310 1791 553
f 356 442 1431
f 1921 238 1157
f 238 1614 246
f 981 832 1734
f 1075 1337 246
f 545 2136 602
f 1337 1086 833
f 1086 1899 833
f 3 600 1349
f 2153 1899 1816
f 2153 1816 75
f 75 1321 2153
f 813 1665 2185
f 1715 813 2185
f 1438 2008 1988
f 1401 1988 389
f 876 1043 484
f 1765 1318 2068
f 169 2068 1318
f 169 351 2256
f 169 2256 1912
f 2222 795 1821
f 795 1909 1821
f 2234 1554 2137
f 2137 1554 2256
f 795 1920 1909
f 1909 1920 710
f 1565 1115 364
f 369 1512 388
f 855 1932 2199
f 1512 1826 388
f 859 609 1826
f 1208 794 894
f 819 1208 755
f 356 1745 124
f 1105 238 1921
f 1614 238 1105
f 832 1212 1734
f 832 1737 1212
f 1075 246 1614
f 2136 2213 1797
f 2213 1589 973
f 881 1349 600
f 1816 1899 2147
f 1610 600 1980
f 881 600 1610
f 1131 75 1816
f 1610 1980 1381
f 813 831 1321
f 831 813 1715
f 2008 1459 1988
f 876 1684 1043
f 1765 2063 2025
f 1684 291 1043
f 1043 291 484
f 484 452 843
f 843 452 1904
f 1904 2222 1821
f 582 2256 1554
f 1912 2256 582
f 2222 1904 182
f 2222 1920 795
f 2222 885 1920
f 1920 2234 710
f 1565 1106 1115
f 2210 1565 364
f 373 2199 1932
f 300 373 1932
f 300 1106 373
f 1106 300 1115
f 1786 1512 369
f 1786 369 947
f 855 947 369
f 1512 1327 1826
f 1327 1811 859
f 859 1826 1327
f 1447 629 2152
f 2152 859 1447
f 1544 844 907
f 1516 929 1892
f 1516 1892 1544
f 1892 844 1544
f 755 442 819
f 1366 660 929
f 1366 929 1516
f 1739 660 1366
f 1739 553 660
f 124 442 356
f 1157 1323 1921
f 1212 1737 1745
f 602 636 832
f 602 2136 636
f 883 1086 1337
f 1027 1086 883
f 973 1797 2213
f 1579 1797 973
f 1899 1086 1027
f 1027 2147 1899
f 1589 1349 973
f 1349 252 973
f 1349 881 252
f 271 1816 2147
f 1816 271 1131
f 1381 1533 1610
f 881 1610 1533
f 701 1321 75
f 813 1321 701
f 1945 1381 1315
f 1533 1381 1945
f 808 1866 1998
f 1998 1866 1315
f 1866 808 1881
f 2025 1881 808
f 1637 389 1988
f 1637 1684 389
f 1684 876 389
f 484 291 452
f 2068 2063 1765
f 310 169 1912
f 2068 169 310
f 452 182 1904
f 310 1912 582
f 493 582 1554
f 310 582 493
f 493 1554 2234
f 182 885 2222
f 884 2234 1920
f 884 1920 574
f 884 493 2234
f 885 574 1920
f 538 1786 947
f 855 2199 947
f 1686 171 2107
f 1447 859 1811
f 907 629 2143
f 1516 1544 153
f 553 702 1310
f 1561 1323 1310
f 1561 1303 1921
f 1561 1921 1323
f 1303 1105 1921
f 235 1337 1075
f 1579 636 1797
f 636 2136 1797
f 883 1337 235
f 1474 1579 252
f 1579 973 252
f 561 252 881
f 561 881 1301
f 1131 701 75
f 881 1533 1301
f 1301 1533 1905
f 1945 1905 1533
f 1905 68 1301
f 551 1665 813
f 1945 1315 573
f 2010 1509 2008
f 573 1315 1866
f 1988 1459 1637
f 2063 433 2025
f 1881 2025 433
f 1494 1881 433
f 291 430 452
f 433 2063 2068
f 986 430 291
f 433 2068 21
f 21 2068 310
f 430 784 182
f 430 182 452
f 1158 310 493
f 1593 885 182
f 182 1823 1593
f 574 885 299
f 625 493 884
f 493 625 1158
f 1593 299 885
f 299 436 574
f 1565 2210 1686
f 171 1686 2210
f 1512 1786 2097
f 1327 1512 1522
f 2230 2107 794
f 629 1447 1811
f 629 1811 2143
f 819 1154 1208
f 1515 1366 1516
f 153 1515 1516
f 1739 1366 94
f 1739 94 702
f 702 553 1739
f 124 255 442
f 702 1296 1561
f 702 1561 1310
f 1745 228 124
f 1303 1561 1296
f 1745 1737 228
f 547 1474 252
f 2271 547 561
f 252 561 547
f 561 1301 114
f 2197 114 1301
f 1131 676 701
f 2197 1301 68
f 891 1905 1945
f 68 1905 2100
f 551 1989 1665
f 1665 1989 2010
f 891 2100 1905
f 1989 1736 2010
f 1945 1056 891
f 1736 1509 2010
f 1056 1945 573
f 891 2166 2100
f 1509 1459 2008
f 891 1056 2166
f 1056 130 1929
f 1056 573 130
f 1056 1929 2166
f 662 1866 1881
f 573 662 130
f 573 1866 662
f 1637 1618 1684
f 1618 291 1684
f 1494 662 1881
f 1618 2191 291
f 2191 986 291
f 1645 1494 433
f 21 1645 433
f 1645 699 1494
f 784 430 986
f 1645 21 699
f 1158 21 310
f 21 1837 699
f 1158 1837 21
f 1823 182 784
f 1158 137 1837
f 299 1593 1948
f 845 436 299
f 436 884 574
f 1370 625 884
f 137 1158 625
f 299 1948 845
f 436 1370 884
f 625 1370 1940
f 625 1940 137
f 1786 1990 2097
f 2097 1522 1512
f 1832 2143 1811
f 1154 2230 794
f 1154 794 1208
f 907 2143 1350
f 1544 907 1350
f 109 153 1544
f 1504 594 1366
f 1504 1366 1515
f 594 94 1366
f 1166 228 1737
f 1105 1189 1614
f 1579 1436 636
f 114 2271 561
f 676 1131 1514
f 701 551 813
f 2197 68 2000
f 2100 2000 68
f 1103 2100 2166
f 1929 1281 2166
f 1995 1929 130
f 1995 2270 1929
f 1995 130 1002
f 2257 1618 1637
f 1002 130 662
f 1002 135 1995
f 2270 1995 135
f 1494 1002 662
f 1002 683 135
f 2191 212 986
f 212 784 986
f 1002 1494 699
f 1742 1002 699
f 683 1002 1742
f 714 784 212
f 1742 699 1068
f 1742 1068 487
f 784 714 1469
f 1068 699 1837
f 1469 1823 784
f 1068 1478 487
f 1837 1717 1068
f 1478 1068 1717
f 1837 137 1717
f 1823 1948 1593
f 1717 137 1247
f 1370 436 845
f 1367 1940 1370
f 1247 137 1940
f 1367 1247 1940
f 845 1676 1370
f 1370 1676 1367
f 1247 1367 1146
f 1686 791 1565
f 18 2199 373
f 2199 538 947
f 2097 2236 1522
f 1686 2107 2230
f 1544 1350 109
f 153 109 1515
f 255 819 442
f 94 594 945
f 945 702 94
f 90 591 124
f 591 255 124
f 945 1296 702
f 1189 1105 1303
f 832 730 1737
f 832 636 730
f 1614 1384 1075
f 730 636 1436
f 1579 475 1436
f 1579 1474 475
f 1474 1666 475
f 547 1666 1474
f 547 2271 1666
f 345 279 2271
f 345 2271 114
f 453 2147 1027
f 271 2147 453
f 29 345 2197
f 2197 345 114
f 2000 29 2197
f 676 551 701
f 2050 1989 551
f 1103 1757 2000
f 2100 1103 2000
f 1982 1125 1509
f 2166 1281 1103
f 1459 1509 1125
f 1459 1125 1637
f 1929 2270 1281
f 1637 1125 2257
f 2270 341 1281
f 341 70 1818
f 135 70 2270
f 70 341 2270
f 683 70 135
f 1942 212 2191
f 1818 70 1163
f 683 1163 70
f 1742 1163 683
f 554 1163 1742
f 1742 487 554
f 429 1823 1469
f 1931 1823 429
f 113 1478 1717
f 1931 1948 1823
f 1717 1247 113
f 845 724 1676
f 1948 724 845
f 1676 2149 1367
f 2149 1146 1367
f 2095 373 1106
f 538 1990 1786
f 1811 1327 424
f 1832 1811 2058
f 774 1350 2143
f 109 1350 383
f 383 1814 109
f 1515 109 1814
f 1504 1042 594
f 9 945 594
f 594 1042 9
f 228 90 124
f 730 1436 339
f 1820 1075 1384
f 1820 235 1075
f 475 1107 1436
f 475 1666 361
f 814 1027 883
f 271 1514 1131
f 951 1368 29
f 951 29 2000
f 676 2050 551
f 1989 1661 1736
f 1024 1757 1103
f 1281 1024 1103
f 341 1024 1281
f 2191 1618 1942
f 1600 212 1942
f 1163 1540 1818
f 714 212 1600
f 1540 1163 554
f 1469 714 1492
f 744 554 487
f 259 429 1469
f 1021 1931 429
f 1478 2057 744
f 487 1478 744
f 1931 260 1948
f 769 113 1247
f 724 1590 1676
f 1590 776 1676
f 1676 776 2149
f 787 1106 1565
f 787 2095 1106
f 538 474 1990
f 827 538 2199
f 827 474 538
f 2049 2236 2097
f 2230 1044 1686
f 424 2058 1811
f 2143 1832 774
f 1814 1379 1515
f 1515 1379 1504
f 1504 1379 1042
f 591 201 255
f 630 1296 945
f 997 1296 630
f 1296 997 245
f 245 1189 1303
f 245 1303 1296
f 730 1166 1737
f 339 1436 1107
f 1820 883 235
f 814 883 1820
f 453 1027 814
f 29 77 345
f 29 1368 77
f 1757 951 2000
f 1757 1316 951
f 2050 1661 1989
f 1736 1982 1509
f 1024 341 1682
f 1682 341 1818
f 2257 1125 268
f 2257 268 1618
f 1618 268 1942
f 1818 1540 2145
f 1492 714 1600
f 1540 554 744
f 908 1931 1021
f 113 207 1478
f 2057 1478 207
f 1022 769 1247
f 1090 724 1948
f 1247 1146 1022
f 2095 727 373
f 1565 791 787
f 18 827 2199
f 727 18 373
f 474 2097 1990
f 1522 424 1327
f 2230 1154 1128
f 201 819 255
f 1042 1379 960
f 945 9 630
f 148 90 228
f 1166 1359 228
f 536 1189 245
f 1189 536 1614
f 1166 730 1279
f 730 339 1279
f 475 361 1107
f 1687 1666 2271
f 2271 279 1687
f 345 1186 279
f 1186 345 77
f 271 453 999
f 271 999 1372
f 271 1372 1514
f 2042 1736 1661
f 2042 1982 1736
f 863 1757 1024
f 1982 1857 1125
f 2159 268 1125
f 2145 1540 330
f 1540 744 330
f 259 1021 429
f 1931 908 260
f 260 1090 1948
f 724 575 1590
f 1090 575 724
f 776 1395 2149
f 1146 2149 1022
f 787 791 1290
f 1290 791 1686
f 1290 1686 1044
f 1993 2097 474
f 2236 275 1522
f 1282 9 797
f 797 9 1042
f 9 1282 630
f 1537 997 630
f 1537 630 1282
f 536 1384 1614
f 26 1687 279
f 1820 2075 814
f 279 1186 26
f 1169 664 1514
f 664 676 1514
f 676 664 2050
f 1316 1757 863
f 1982 2042 667
f 2145 2174 1818
f 268 1363 1942
f 2057 330 744
f 1156 207 113
f 1156 113 769
f 2049 2097 1993
f 275 1308 424
f 275 424 1522
f 2230 1128 1031
f 383 1350 774
f 383 774 1162
f 1172 1154 819
f 383 100 1814
f 819 201 1172
f 960 1379 1814
f 797 1042 960
f 228 1359 148
f 1813 245 997
f 536 245 1813
f 361 1666 1107
f 1687 26 297
f 796 453 814
f 2161 1186 77
f 77 1368 477
f 1368 951 1316
f 664 1661 2050
f 667 1857 1982
f 1857 2159 1125
f 1024 1682 635
f 1818 2174 1682
f 1942 1363 1600
f 1596 1600 1363
f 1492 1600 1596
f 1469 1492 835
f 259 1469 835
f 259 835 1790
f 1790 1021 259
f 2057 207 1277
f 908 1090 260
f 1395 924 2149
f 1022 2149 924
f 727 827 18
f 1626 1290 1044
f 1768 1626 1044
f 275 2236 2049
f 1044 2230 1768
f 2230 1031 1768
f 681 2058 424
f 1456 1832 2058
f 774 1832 1456
f 100 383 1162
f 797 1537 1282
f 1058 1537 797
f 890 997 1537
f 997 890 1813
f 1166 1279 1359
f 339 1107 1284
f 1384 156 1820
f 1687 1345 1666
f 1687 297 1345
f 77 477 2161
f 1514 1372 1169
f 635 863 1024
f 1127 2159 1857
f 1682 2174 635
f 1241 908 1021
f 1590 1395 776
f 1395 1088 924
f 1612 203 827
f 474 827 203
f 1173 275 2049
f 681 424 1308
f 1219 2058 681
f 2058 1219 1456
f 1162 774 1456
f 270 100 1162
f 65 1172 201
f 1814 100 1142
f 821 960 1814
f 1537 1058 890
f 1279 339 1220
f 1666 805 1107
f 1666 1345 805
f 513 1820 156
f 513 2075 1820
f 26 1186 1093
f 1093 1186 2161
f 453 796 999
f 1372 1549 1169
f 962 2042 1661
f 2042 962 667
f 1378 268 2159
f 2174 2145 858
f 1241 1021 1790
f 711 2057 1277
f 207 1156 1277
f 575 632 1590
f 1395 632 1617
f 1590 632 1395
f 1617 1088 1395
f 727 2095 1987
f 739 2095 787
f 1612 827 727
f 474 921 1993
f 1993 1173 2049
f 806 1308 275
f 1173 806 275
f 1140 681 1308
f 1219 681 2026
f 2026 681 1140
f 1656 1162 1456
f 103 65 201
f 201 591 103
f 1814 1142 821
f 797 960 821
f 1058 797 519
f 339 1284 1220
f 805 1284 1107
f 102 814 2075
f 102 796 814
f 656 2161 477
f 656 1093 2161
f 2099 1372 999
f 1549 1372 2099
f 1316 1082 1368
f 1082 1316 1032
f 664 220 1661
f 1661 220 962
f 1857 667 206
f 1857 206 1127
f 2159 1127 1378
f 2145 330 920
f 287 330 2057
f 835 1492 1596
f 835 1596 328
f 1790 835 328
f 638 1790 328
f 1241 1790 638
f 1022 1156 769
f 1090 989 575
f 575 989 632
f 208 787 1290
f 739 1987 2095
f 739 787 208
f 1626 208 1290
f 921 474 203
f 53 1308 806
f 1656 1456 1219
f 270 1162 1656
f 90 103 591
f 90 2195 103
f 2195 90 148
f 519 797 821
f 1359 873 148
f 1279 1220 1359
f 890 298 67
f 890 67 1813
f 1813 67 918
f 918 1384 536
f 918 536 1813
f 1384 918 156
f 1093 297 26
f 1632 2075 513
f 1237 2075 1632
f 102 2075 1237
f 656 707 1093
f 796 2099 999
f 2099 1523 1549
f 664 1169 1959
f 1169 1549 1959
f 1959 220 664
f 1179 962 220
f 962 1179 667
f 635 2174 1891
f 920 858 2145
f 1596 1363 1067
f 287 920 330
f 908 1241 411
f 1241 187 411
f 1277 1156 711
f 411 1090 908
f 1156 1022 4
f 411 989 1090
f 924 1088 4
f 1022 924 4
f 900 739 208
f 729 203 1612
f 1768 1812 1626
f 1140 1308 1419
f 1419 1308 53
f 1172 1128 1154
f 519 821 506
f 1359 1220 873
f 118 298 890
f 1284 838 1220
f 1284 805 838
f 67 1288 918
f 416 805 1345
f 918 1288 2094
f 297 416 1345
f 2094 156 918
f 513 156 2094
f 796 1467 2099
f 2099 1467 232
f 1368 1082 2089
f 1523 2099 232
f 1959 1655 220
f 220 1655 1179
f 1316 863 1032
f 1032 863 307
f 667 1179 206
f 1179 1385 206
f 533 268 1378
f 920 1718 858
f 268 533 1363
f 533 1067 1363
f 1067 328 1596
f 638 1268 1241
f 711 287 2057
f 989 1885 632
f 632 1885 1617
f 1626 1812 208
f 921 2245 1993
f 1317 1812 1768
f 1317 1768 370
f 309 1173 1993
f 370 1768 1031
f 370 1031 1092
f 1031 1128 1092
f 1656 1219 440
f 440 1219 2026
f 270 1656 459
f 821 1142 1599
f 148 873 2195
f 1058 1673 890
f 118 890 1673
f 1288 67 298
f 805 461 838
f 805 416 461
f 305 416 297
f 2274 2094 1288
f 179 305 297
f 2094 1632 513
f 2094 36 1632
f 1093 179 297
f 179 1093 707
f 102 557 796
f 1368 2089 477
f 1959 1549 552
f 1655 1963 1179
f 635 307 863
f 1963 1385 1179
f 1127 206 562
f 1127 562 1378
f 879 1067 533
f 1233 638 328
f 638 449 1268
f 638 1233 449
f 711 1156 4
f 411 380 989
f 1617 700 1088
f 700 4 1088
f 104 1987 739
f 1812 580 208
f 580 900 208
f 727 1987 1612
f 1173 309 1386
f 1993 2245 309
f 1386 806 1173
f 440 2026 1140
f 1128 1172 254
f 1142 100 1196
f 1599 1142 1196
f 1220 968 873
f 118 1673 1573
f 2274 1288 298
f 416 1333 461
f 305 1333 416
f 2274 1382 36
f 36 2094 2274
f 477 1300 656
f 557 1467 796
f 2089 1753 477
f 552 1549 1523
f 1959 811 1655
f 1959 552 811
f 1385 562 206
f 1891 2174 858
f 2002 533 1378
f 2002 879 533
f 920 287 525
f 879 195 1067
f 195 328 1067
f 328 195 1233
f 1241 1268 187
f 287 711 1646
f 1233 301 449
f 449 301 2070
f 411 187 380
f 1617 1347 700
f 104 1612 1987
f 1317 580 1812
f 712 921 203
f 712 658 921
f 712 203 729
f 1092 1128 254
f 440 459 1656
f 270 1196 100
f 2195 65 103
f 506 821 1599
f 1058 519 1673
f 1573 1673 807
f 118 167 298
f 118 1573 167
f 298 167 2274
f 1333 353 461
f 365 1632 36
f 365 1237 1632
f 557 102 1237
f 1300 477 1753
f 1467 557 937
f 937 232 1467
f 405 1523 232
f 612 2089 1082
f 1032 612 1082
f 635 1891 307
f 1963 1732 1385
f 1732 491 1385
f 491 562 1385
f 1378 562 2002
f 1891 858 728
f 858 1718 728
f 920 525 1718
f 2108 879 2002
f 525 287 1646
f 195 879 2108
f 449 2070 1268
f 1268 862 187
f 2070 301 522
f 1646 711 1357
f 711 4 1357
f 4 700 1357
f 1885 1347 1617
f 900 580 2144
f 2144 104 739
f 2144 739 900
f 729 1612 104
f 658 2245 921
f 1380 1386 309
f 53 806 1272
f 1386 1272 806
f 2258 1419 53
f 1196 1763 1599
f 873 1257 2195
f 968 1257 873
f 838 968 1220
f 1673 519 807
f 968 838 461
f 2038 305 179
f 1480 36 1382
f 1480 365 36
f 618 1237 365
f 179 707 1755
f 707 2204 1755
f 2204 707 656
f 1237 618 557
f 405 552 1523
f 307 612 1032
f 2024 1963 1655
f 1891 2072 307
f 2024 685 1963
f 1963 685 1732
f 1410 1891 728
f 1410 728 243
f 491 2002 562
f 74 243 1718
f 1718 243 728
f 525 74 1718
f 1526 74 525
f 525 1646 1526
f 2070 677 1268
f 1915 677 2070
f 677 1026 1268
f 1268 1026 862
f 898 195 2108
f 195 301 1233
f 2070 522 1915
f 898 301 195
f 862 2122 187
f 898 2034 301
f 301 2034 522
f 2122 380 187
f 989 380 1885
f 700 1347 902
f 1357 700 1223
f 700 902 1223
f 380 1406 1885
f 1885 1406 1347
f 1380 309 2245
f 1272 1386 2044
f 1196 270 1037
f 1763 1196 1037
f 1257 1777 2195
f 558 807 519
f 519 506 558
f 120 2274 167
f 179 1755 2038
f 550 557 618
f 550 937 557
f 232 937 919
f 919 405 232
f 2089 612 1753
f 1619 987 405
f 405 987 552
f 811 552 987
f 2072 612 307
f 811 2024 1655
f 1891 1410 2072
f 1377 2002 491
f 1377 1894 2002
f 1894 2108 2002
f 1646 756 1526
f 1819 677 1915
f 862 1026 1283
f 1357 756 1646
f 1405 1915 522
f 2034 1405 522
f 1357 1223 756
f 2122 1877 380
f 1406 1204 1347
f 1204 902 1347
f 1729 104 2144
f 1727 1729 2144
f 2245 658 191
f 1380 2245 191
f 1386 1380 1038
f 1576 1140 1419
f 2258 1576 1419
f 870 440 1140
f 459 440 870
f 515 1172 65
f 459 870 1037
f 1037 270 459
f 2195 1777 65
f 968 241 1257
f 506 1599 680
f 968 461 1843
f 807 764 1573
f 167 1573 705
f 1150 120 167
f 1150 167 705
f 2104 305 2038
f 1382 2274 120
f 1483 1480 1382
f 2038 256 563
f 1755 256 2038
f 1300 2204 656
f 612 2072 2085
f 1410 479 2072
f 811 138 2024
f 1410 360 479
f 2024 138 685
f 1410 243 360
f 243 1085 360
f 1732 331 491
f 74 1085 243
f 74 1526 1085
f 331 456 1377
f 2173 1819 1915
f 677 1819 1026
f 1026 909 1283
f 1819 909 1026
f 1894 898 2108
f 2173 1915 1155
f 2122 862 1283
f 2122 1283 1830
f 1155 1915 1405
f 1223 2225 756
f 898 1563 2034
f 2034 1563 1405
f 1582 2225 1223
f 1223 1204 1582
f 1877 2122 1830
f 1877 1406 380
f 902 1204 1223
f 729 104 1840
f 1428 580 1317
f 191 658 1151
f 191 1038 1380
f 815 370 1092
f 1038 2044 1386
f 250 254 1172
f 870 1140 1576
f 1172 515 250
f 1763 1037 1623
f 1361 1777 1257
f 241 1361 1257
f 1599 1763 680
f 558 506 680
f 1843 461 353
f 1457 807 558
f 764 807 1457
f 705 1573 764
f 120 1483 1382
f 550 304 937
f 405 919 1497
f 1619 405 1497
f 987 1248 811
f 1248 138 811
f 360 1437 479
f 138 1138 685
f 685 362 1732
f 1732 362 331
f 491 331 1377
f 1526 1668 1085
f 756 1668 1526
f 1639 1668 756
f 1211 1377 456
f 756 2225 1639
f 1894 1377 1211
f 2173 1927 1819
f 1819 1927 1870
f 1819 1870 909
f 1830 1283 909
f 898 1894 1563
f 1064 1155 1405
f 1582 214 2225
f 1563 1064 1405
f 1830 1957 1877
f 1204 571 1582
f 417 571 1204
f 1406 417 1204
f 1840 104 1729
f 2144 580 1727
f 1428 880 580
f 712 729 1840
f 658 712 1926
f 370 1428 1317
f 370 815 1428
f 1092 254 1943
f 53 1272 202
f 1943 254 250
f 202 2258 53
f 65 1777 515
f 1623 1037 139
f 139 485 1623
f 1623 2043 1763
f 680 1763 2043
f 241 968 1843
f 315 241 1843
f 315 1843 72
f 72 1843 353
f 72 1333 2054
f 353 1333 72
f 293 2054 1333
f 293 1333 305
f 305 2104 293
f 437 849 1150
f 849 120 1150
f 563 2104 2038
f 120 849 1483
f 1480 618 365
f 483 2014 1300
f 618 304 550
f 483 1300 1753
f 152 304 618
f 304 919 937
f 2085 1270 612
f 1753 612 1270
f 360 253 1437
f 685 1138 362
f 1085 253 360
f 1085 1668 253
f 362 1003 331
f 1668 1487 253
f 1487 1668 1639
f 331 1003 456
f 2225 1546 1639
f 1546 2225 214
f 909 1870 1182
f 1182 1830 909
f 1894 1211 1563
f 1957 1830 1182
f 1582 1616 214
f 571 1616 1582
f 417 1877 1957
f 1877 417 1406
f 880 1727 580
f 1576 2258 564
f 515 1776 250
f 770 1037 870
f 2043 1623 485
f 1451 680 2043
f 558 680 1451
f 437 1150 705
f 1693 1480 1483
f 618 1480 1971
f 2204 1300 2014
f 1270 483 1753
f 1953 1270 2085
f 2085 2072 1953
f 1953 2072 479
f 1499 752 1619
f 1619 752 987
f 752 1248 987
f 1437 1358 479
f 1138 138 239
f 253 1528 1437
f 1138 956 362
f 253 1487 1528
f 362 956 1003
f 1487 1639 1546
f 1546 214 1273
f 531 1182 1870
f 1870 1927 1622
f 1563 1211 1671
f 1155 1927 2173
f 417 190 571
f 1064 1563 93
f 1092 1943 815
f 1272 2044 202
f 162 564 2258
f 162 2258 202
f 2059 1576 564
f 870 1576 322
f 1777 587 515
f 770 870 322
f 587 1777 1361
f 139 1037 770
f 241 315 1361
f 1236 2043 485
f 2119 705 764
f 413 213 256
f 256 213 563
f 849 2036 1483
f 1483 2036 1693
f 1480 1693 839
f 618 1971 152
f 479 1338 1953
f 1961 1338 479
f 1961 479 1358
f 1095 1248 752
f 239 1248 1095
f 1248 239 138
f 1487 1546 66
f 1487 66 1528
f 456 1003 1653
f 214 1402 1273
f 1616 1210 214
f 531 1870 1622
f 1182 531 852
f 852 1952 1182
f 1182 1952 1957
f 190 1210 571
f 571 1210 1616
f 1927 1155 1972
f 190 1957 1952
f 417 1957 190
f 1678 1064 93
f 1849 1729 1727
f 880 1849 1727
f 712 247 1926
f 712 1840 247
f 1094 2044 1038
f 1094 1005 2044
f 191 1094 1038
f 2059 322 1576
f 515 587 1417
f 72 2193 315
f 72 234 2193
f 2054 234 72
f 1608 1457 558
f 2263 764 1457
f 1025 293 2104
f 764 2263 2119
f 563 213 2104
f 705 2119 1072
f 437 705 1072
f 437 1072 382
f 849 437 382
f 2036 233 1693
f 1775 413 256
f 1755 1775 256
f 839 1971 1480
f 1704 304 152
f 1270 1200 483
f 919 1893 1497
f 1619 1497 1893
f 1953 1338 1270
f 1499 1619 1893
f 1437 128 1358
f 1528 66 128
f 1437 1528 128
f 1138 272 956
f 397 1003 956
f 397 1653 1003
f 214 1210 1402
f 1944 852 1170
f 852 531 262
f 852 1944 1952
f 1210 190 1906
f 262 531 1622
f 1952 1944 1906
f 190 1952 1906
f 1211 456 248
f 1927 2232 1622
f 1972 2232 1927
f 1211 248 1671
f 242 1972 1155
f 1155 1064 242
f 93 1563 1671
f 1064 1678 242
f 1678 93 652
f 1729 1720 1840
f 1729 1849 1720
f 1926 1151 658
f 815 1889 1428
f 1943 1889 815
f 2044 1760 202
f 2238 564 162
f 515 1417 1776
f 1697 485 139
f 1236 485 1697
f 1570 2043 1236
f 293 1025 2054
f 382 2036 849
f 1693 233 839
f 926 1775 1755
f 2204 926 1755
f 926 2204 2014
f 1651 152 1971
f 27 2014 483
f 1699 152 1651
f 1699 1704 152
f 1200 27 483
f 304 1704 919
f 1338 1733 1270
f 128 647 1358
f 128 66 647
f 66 1546 974
f 1546 1273 974
f 272 397 956
f 628 244 1944
f 1170 154 1944
f 628 1944 154
f 1906 1944 244
f 1694 1402 1210
f 852 262 1170
f 1906 244 1694
f 1906 1694 1210
f 456 1653 248
f 286 93 1671
f 286 652 93
f 1678 652 1118
f 1428 1889 880
f 1094 191 1151
f 470 1094 1151
f 2044 1005 1760
f 338 1943 250
f 162 202 1760
f 2238 162 1760
f 564 634 2059
f 564 2238 634
f 634 322 2059
f 322 634 669
f 1361 812 587
f 315 265 1361
f 315 2193 265
f 1697 139 770
f 1697 770 955
f 1570 1236 1121
f 1570 1121 1344
f 1451 2043 1570
f 1451 1570 193
f 1457 1608 2263
f 413 367 213
f 2036 382 159
f 233 1470 839
f 1733 1200 1270
f 43 1961 1358
f 43 1358 2011
f 1358 647 2011
f 1390 752 1499
f 2011 647 66
f 66 974 1084
f 1273 569 974
f 1402 569 1273
f 1501 1622 2232
f 1622 1501 262
f 2232 1972 868
f 242 868 1972
f 1671 860 286
f 1678 1118 549
f 247 1840 1720
f 880 1889 2198
f 1943 665 1889
f 1005 1094 434
f 1005 1864 1760
f 1776 338 250
f 634 2238 217
f 812 1417 587
f 217 669 634
f 1361 265 812
f 955 770 322
f 322 669 955
f 2077 2193 234
f 1121 1236 1697
f 1570 1344 193
f 234 2054 957
f 558 1451 1608
f 2054 1025 957
f 213 1025 2104
f 1470 1133 839
f 1133 1971 839
f 1971 1133 1651
f 27 926 2014
f 1893 919 1704
f 1338 1961 1733
f 809 1095 752
f 66 1084 2011
f 1138 239 1675
f 1675 2151 1138
f 569 55 33
f 1571 1326 55
f 628 1571 55
f 244 628 55
f 244 55 1694
f 1694 569 1402
f 1694 55 569
f 154 200 1571
f 628 154 1571
f 200 1170 1441
f 1170 200 154
f 262 1441 1170
f 262 1501 1441
f 1501 2232 1356
f 620 2232 868
f 620 1356 2232
f 868 242 1845
f 1671 248 860
f 242 1678 1845
f 1678 549 1845
f 2198 1849 880
f 738 2198 1889
f 1943 338 665
f 1864 1005 434
f 1864 675 2238
f 2238 1760 1864
f 1776 540 338
f 540 1776 1417
f 675 217 2238
f 2015 217 675
f 669 217 1493
f 265 2062 812
f 1121 1697 2209
f 1121 2209 1344
f 234 2 2077
f 1806 2 957
f 2 234 957
f 193 1608 1451
f 957 1025 343
f 762 2263 1608
f 233 2036 159
f 165 1470 233
f 1740 1651 1133
f 1200 393 27
f 1961 43 1733
f 974 223 1084
f 974 33 223
f 1675 239 1095
f 33 1326 1919
f 569 33 974
f 55 1326 33
f 1441 663 200
f 286 1118 652
f 665 738 1889
f 470 434 1094
f 2062 540 812
f 540 1417 812
f 217 2015 1493
f 1810 2062 265
f 1532 2062 1810
f 1493 1148 669
f 1810 265 2193
f 2077 1810 2193
f 955 2209 1697
f 1148 955 669
f 1148 2209 955
f 957 343 1806
f 762 1608 193
f 213 343 1025
f 198 2119 2263
f 1775 1254 413
f 926 22 1775
f 22 926 27
f 1740 1699 1651
f 1369 393 1200
f 1200 1733 1369
f 1977 1369 1733
f 1704 1908 1893
f 1908 2237 1893
f 1977 1733 43
f 2212 1977 43
f 43 2011 2212
f 1084 223 358
f 358 223 88
f 272 1138 2151
f 1326 1658 745
f 1571 1658 1326
f 200 1658 1571
f 2278 281 272
f 397 272 281
f 1997 1441 1501
f 1501 1356 1997
f 1653 523 248
f 248 2046 860
f 516 286 860
f 1845 549 1330
f 516 1118 286
f 2272 1720 1849
f 2272 1849 2198
f 2272 2198 1743
f 1312 1743 2198
f 2198 738 1312
f 8 1151 1926
f 1864 269 675
f 2062 2182 540
f 675 163 2015
f 1148 1493 1869
f 1048 1810 2077
f 2 1048 2077
f 1344 376 193
f 193 376 762
f 2114 2263 762
f 413 1254 367
f 1072 2119 2154
f 22 1254 1775
f 159 165 233
f 1275 1699 1740
f 1275 1704 1699
f 1704 1275 1908
f 2212 2011 1084
f 1499 925 1390
f 33 88 223
f 33 1919 88
f 1919 1326 745
f 2151 2278 272
f 200 663 1658
f 539 663 1441
f 281 523 397
f 397 523 1653
f 1330 549 398
f 549 1118 510
f 1118 516 510
f 81 247 1720
f 85 470 1151
f 8 85 1151
f 434 470 671
f 338 540 1724
f 1724 540 1424
f 7 269 1864
f 1864 434 7
f 269 163 675
f 1424 540 2182
f 2015 1869 1493
f 1148 1799 2209
f 1983 1048 2
f 613 1806 343
f 1602 613 343
f 1602 343 213
f 198 2263 2114
f 367 1602 213
f 198 2154 2119
f 1752 367 1254
f 1072 866 382
f 382 866 159
f 1470 165 277
f 277 1133 1470
f 27 1902 22
f 1902 27 393
f 2212 1084 624
f 682 414 1084
f 358 2266 682
f 358 682 1084
f 1893 925 1499
f 69 2266 358
f 88 912 69
f 88 69 358
f 88 1919 912
f 1919 745 912
f 1095 809 1675
f 1675 2118 2151
f 1658 871 745
f 663 1914 1658
f 663 539 1914
f 1997 539 1441
f 1356 2264 1997
f 2264 1356 620
f 251 1845 1330
f 1770 1845 251
f 868 1845 1770
f 860 2046 516
f 510 398 549
f 1743 931 2272
f 1801 247 81
f 2272 81 1720
f 454 8 1926
f 454 1926 247
f 738 665 1724
f 671 470 85
f 1724 665 338
f 2182 1435 1424
f 2182 1295 1435
f 2182 2062 1532
f 1295 2182 1532
f 2015 163 514
f 1810 1048 1532
f 1869 1799 1148
f 1806 1983 2
f 376 1344 661
f 1752 1602 367
f 1828 866 1072
f 1072 2154 1828
f 866 610 159
f 610 165 159
f 1723 1902 393
f 1369 1033 1723
f 1369 1723 393
f 451 1908 1275
f 1908 451 2237
f 2212 624 1977
f 2237 925 1893
f 925 1143 215
f 925 215 1416
f 69 853 2266
f 1390 925 1416
f 69 976 853
f 1416 809 1390
f 1390 809 752
f 912 976 69
f 745 1461 912
f 809 2118 1675
f 745 871 1461
f 1658 619 871
f 539 1997 2009
f 2264 2009 1997
f 248 523 1674
f 868 1564 620
f 1674 2046 248
f 251 1330 398
f 516 2046 1396
f 1396 73 516
f 510 516 73
f 1801 454 247
f 1724 1928 738
f 10 7 434
f 434 671 10
f 1424 1280 1724
f 131 269 7
f 1435 352 1424
f 2015 548 1869
f 548 2156 1869
f 1983 1532 1048
f 1869 2156 1799
f 1799 2184 2209
f 2184 661 1344
f 1344 2209 2184
f 826 762 376
f 22 1839 1254
f 1839 22 1902
f 277 1847 1133
f 277 2128 1847
f 1033 1369 1977
f 1871 1033 1977
f 624 1871 1977
f 1084 414 624
f 925 2237 1143
f 2266 853 377
f 1461 189 2172
f 1461 2172 976
f 912 1461 976
f 871 1278 1461
f 1658 1914 619
f 2151 2118 2278
f 2009 1581 539
f 1674 523 1262
f 620 1564 2264
f 868 1770 1564
f 686 81 2272
f 1928 1312 738
f 8 454 450
f 56 454 1801
f 2217 671 85
f 2217 85 8
f 1280 1928 1724
f 1040 131 7
f 352 1804 1280
f 1424 352 1280
f 1836 352 1435
f 269 131 901
f 163 269 901
f 1295 1761 1435
f 1295 592 1761
f 1532 592 1295
f 2015 514 548
f 1532 1983 592
f 1168 762 826
f 915 1828 2154
f 463 1839 1902
f 1343 610 866
f 866 1828 1343
f 1723 463 1902
f 610 277 165
f 1019 277 610
f 277 1019 2128
f 1847 1740 1133
f 1847 597 1740
f 597 1275 1740
f 624 414 143
f 377 414 2266
f 2266 414 682
f 853 2172 377
f 976 2172 853
f 178 189 1461
f 809 1416 2206
f 1278 178 1461
f 871 544 1278
f 1690 544 619
f 619 544 871
f 619 1914 1690
f 290 281 2278
f 1914 539 1581
f 1770 251 666
f 581 2046 1674
f 73 1012 510
f 931 686 2272
f 56 450 454
f 62 1801 81
f 62 56 1801
f 887 2217 8
f 8 450 887
f 1804 1928 1280
f 306 140 10
f 10 1040 7
f 1836 1804 352
f 1435 1874 1836
f 1435 1761 1874
f 514 163 901
f 548 1035 2156
f 1806 1884 1983
f 613 1884 1806
f 376 661 826
f 1168 2114 762
f 965 2154 198
f 1839 1752 1254
f 2154 965 915
f 1019 610 1343
f 321 1275 597
f 624 143 1871
f 321 451 1275
f 451 1143 2237
f 2172 2226 377
f 1592 290 2278
f 2118 1592 2278
f 1914 1581 1949
f 2264 1564 2013
f 1674 1262 581
f 666 164 1770
f 1564 1770 164
f 666 251 922
f 251 398 922
f 581 46 2046
f 398 510 1012
f 46 1396 2046
f 1743 2096 931
f 1743 196 2096
f 1312 196 1743
f 1102 686 931
f 1102 931 2096
f 196 1312 1928
f 426 450 56
f 62 81 686
f 887 419 2217
f 1898 887 450
f 1898 450 426
f 1804 210 1928
f 2217 10 671
f 2217 306 10
f 1836 210 1804
f 1439 210 1836
f 140 1040 10
f 140 112 1040
f 1874 1439 1836
f 514 901 668
f 514 668 149
f 548 514 149
f 548 149 1696
f 1696 1035 548
f 1884 147 1983
f 1132 2114 1168
f 168 1752 1839
f 463 168 1839
f 720 2128 1019
f 1091 2128 720
f 1091 1847 2128
f 105 1847 1091
f 105 597 1847
f 414 317 143
f 414 2240 317
f 105 321 597
f 2240 414 377
f 377 969 2240
f 1184 321 105
f 451 321 1143
f 1939 1143 321
f 2172 189 2226
f 1416 215 2206
f 2118 809 2206
f 2118 2206 1209
f 2118 1209 1592
f 1914 1949 1690
f 1581 116 1949
f 1581 2009 2201
f 2264 928 2009
f 2264 2013 928
f 1012 73 631
f 398 1012 507
f 631 1396 46
f 1396 631 73
f 396 56 62
f 396 426 56
f 196 210 407
f 1928 210 196
f 1898 419 887
f 205 901 131
f 112 131 1040
f 112 205 131
f 1761 1081 1874
f 1874 1081 1439
f 592 1081 1761
f 205 668 901
f 592 230 1081
f 230 592 147
f 1035 579 2156
f 2184 1799 2156
f 1983 147 592
f 2184 1221 661
f 613 1141 1884
f 1141 613 1602
f 826 661 184
f 329 1141 1602
f 329 1602 1752
f 965 198 1132
f 198 2114 1132
f 570 63 1723
f 1723 63 463
f 1991 720 1019
f 1019 1343 1991
f 1723 1033 570
f 374 1871 143
f 1871 374 1033
f 105 1091 274
f 317 374 143
f 105 274 1184
f 969 377 2226
f 321 1184 1939
f 1184 1800 1939
f 1792 296 2226
f 1800 2048 1939
f 1939 215 1143
f 178 381 189
f 2048 215 1939
f 215 443 2206
f 443 1259 2206
f 1278 601 178
f 544 1690 659
f 1690 1949 659
f 1581 2201 116
f 581 1262 1389
f 164 2013 1564
f 692 46 581
f 1559 62 686
f 1559 686 1102
f 1923 1559 1102
f 1238 1102 2096
f 1238 196 407
f 1238 2096 196
f 210 283 407
f 1439 2171 210
f 210 2171 283
f 651 2171 1439
f 668 2248 149
f 715 149 2248
f 1696 149 715
f 1696 1937 1035
f 1035 1937 579
f 579 1221 2184
f 2184 2156 579
f 1112 661 1624
f 661 1221 1624
f 184 661 1112
f 1168 826 184
f 965 1132 1274
f 1828 1991 1343
f 274 1091 1603
f 1603 1091 720
f 2088 1184 274
f 296 87 2226
f 2226 87 969
f 1184 2088 541
f 1184 541 1762
f 1184 1762 1800
f 381 1011 1792
f 189 381 1792
f 2226 189 1792
f 1800 1520 2048
f 2048 1520 385
f 381 178 91
f 385 1393 2048
f 2048 443 215
f 1393 443 2048
f 443 1393 1507
f 1507 1259 443
f 1259 1209 2206
f 1950 601 1278
f 1278 544 1950
f 290 523 281
f 928 1586 2009
f 2201 2009 1586
f 1185 523 290
f 523 1185 1262
f 1185 1389 1262
f 692 581 1389
f 507 666 922
f 398 507 922
f 933 46 692
f 933 1606 46
f 1606 631 46
f 1238 1923 1102
f 140 98 112
f 651 1439 1081
f 205 1865 668
f 1865 2248 668
f 1862 1081 236
f 230 236 1081
f 147 236 230
f 147 688 236
f 1039 1221 579
f 1884 688 147
f 329 1752 526
f 915 965 1274
f 1828 915 670
f 1033 374 570
f 1680 274 1603
f 969 1719 2240
f 2240 1719 317
f 1680 2088 274
f 1375 969 87
f 1762 1520 1800
f 1520 1762 1251
f 178 601 91
f 385 2281 1393
f 1507 1393 2281
f 544 659 1950
f 666 767 164
f 933 692 1389
f 1606 1012 631
f 1218 396 62
f 1559 1218 62
f 419 306 2217
f 1898 426 423
f 140 306 98
f 2171 869 283
f 2171 651 869
f 1705 205 112
f 112 98 1705
f 1081 1862 651
f 1773 1865 205
f 715 2248 645
f 1937 1696 715
f 1884 1141 688
f 1192 1141 329
f 1192 329 526
f 1168 184 401
f 168 526 1752
f 168 463 63
f 915 1274 1165
f 570 2020 63
f 1294 2020 570
f 1991 1828 670
f 374 1294 570
f 2259 1603 720
f 317 1719 374
f 1498 969 1375
f 1498 1719 969
f 541 1455 1762
f 1762 1455 1251
f 801 1520 1251
f 801 385 1520
f 801 2281 385
f 2281 801 2041
f 2041 1145 2281
f 2281 1145 1507
f 1145 1259 1507
f 1876 1259 1145
f 1876 1209 1259
f 1876 319 1209
f 1949 1594 659
f 319 1592 1209
f 116 1594 1949
f 1489 933 1389
f 1012 1606 507
f 2056 426 396
f 2056 423 426
f 1923 284 1559
f 1923 1238 1228
f 407 1228 1238
f 1898 983 419
f 407 283 520
f 1525 98 306
f 869 520 283
f 2248 1865 722
f 1862 1825 651
f 2248 722 645
f 645 99 715
f 236 1825 1862
f 99 1937 715
f 236 2227 1825
f 2227 236 1309
f 1221 1039 944
f 1309 236 688
f 1309 688 1822
f 1221 944 1624
f 1822 688 1192
f 1192 688 1141
f 910 1192 526
f 1112 1824 184
f 401 184 1824
f 2158 910 526
f 2158 526 168
f 1132 273 1711
f 1132 1168 273
f 63 2158 168
f 670 915 1165
f 670 2253 1991
f 654 1294 1719
f 1719 1294 374
f 720 1991 2253
f 1719 1498 654
f 1691 2088 1680
f 541 2088 1691
f 1011 381 64
f 1124 801 1251
f 1124 2041 801
f 1145 2041 2202
f 2202 985 1145
f 1145 985 1876
f 446 1592 319
f 446 290 1592
f 290 446 1185
f 164 767 2013
f 1638 1389 1185
f 666 816 767
f 1389 1638 1489
f 1490 648 1545
f 1545 507 1606
f 1545 1606 1490
f 1218 2056 396
f 284 1218 1559
f 651 1383 869
f 1865 1773 1654
f 1954 99 645
f 1937 99 2135
f 579 1937 2135
f 1039 579 2135
f 944 1039 418
f 1841 1822 1192
f 1192 910 1841
f 1624 348 1112
f 521 1657 910
f 521 910 2158
f 1168 401 273
f 2020 521 2158
f 469 1657 521
f 2020 469 521
f 1132 1711 1274
f 327 1274 1711
f 1913 1657 469
f 63 2020 2158
f 654 1913 1294
f 469 1294 1913
f 1294 469 2020
f 2124 670 1165
f 720 2253 2259
f 1498 1588 654
f 996 1680 1603
f 499 1680 996
f 1498 1375 1578
f 1578 1375 1662
f 1375 87 1662
f 1662 87 296
f 541 1979 1455
f 381 91 64
f 1455 1124 1251
f 601 841 91
f 2202 2041 1124
f 2202 1124 2005
f 601 1950 1808
f 319 985 20
f 319 1876 985
f 116 2201 1802
f 1586 928 1407
f 928 2013 1034
f 1834 1185 446
f 2013 767 1034
f 1834 1638 1185
f 507 816 666
f 507 1545 249
f 1489 1490 933
f 933 1490 1606
f 1941 1923 1228
f 1941 284 1923
f 306 419 1525
f 419 938 1525
f 983 938 419
f 98 2190 1705
f 1525 2190 98
f 1705 1627 205
f 1654 722 1865
f 1825 1383 651
f 1383 1825 1481
f 166 2135 99
f 2135 418 1039
f 1822 19 1309
f 1841 19 1822
f 1841 910 517
f 348 1824 1112
f 910 1657 517
f 1274 2124 1165
f 1588 1913 654
f 670 2124 1183
f 670 1183 2253
f 408 2259 2253
f 996 1603 2259
f 1578 1588 1498
f 2262 1662 296
f 1979 541 1691
f 2262 296 1792
f 841 64 91
f 599 1124 1455
f 2005 1124 599
f 86 2202 2005
f 847 1808 1950
f 86 985 2202
f 847 1950 659
f 1925 20 985
f 86 1925 985
f 1594 116 1802
f 20 446 319
f 1586 1802 2201
f 20 2126 446
f 1604 1586 1407
f 2126 1834 446
f 1034 1407 928
f 39 1834 2126
f 1834 39 693
f 1545 2087 249
f 507 249 1167
f 507 1167 816
f 1834 693 1638
f 693 1489 1638
f 693 1490 1489
f 1545 648 2087
f 284 940 1218
f 407 2235 1228
f 407 520 2235
f 758 1773 1627
f 1627 1773 205
f 758 1654 1773
f 1383 1017 869
f 722 1954 645
f 1481 963 1383
f 2227 1481 1825
f 1215 2227 1309
f 418 2135 2269
f 494 944 418
f 1624 944 494
f 494 348 1624
f 2124 1274 327
f 1657 1913 278
f 1365 1183 2124
f 996 2259 408
f 1578 2177 1588
f 499 2031 1680
f 1691 1680 2031
f 1641 1578 1662
f 1979 1691 2031
f 1011 2262 1792
f 406 1455 1979
f 841 601 1808
f 2005 160 897
f 897 86 2005
f 659 1594 847
f 1925 86 897
f 282 1925 897
f 2126 20 1925
f 2126 1925 282
f 1586 1604 1802
f 282 39 2126
f 648 1490 2134
f 1930 1101 648
f 648 1101 2087
f 2087 1101 249
f 249 1101 1167
f 39 2134 693
f 693 2134 1490
f 1941 940 284
f 1353 2190 1525
f 520 869 1017
f 1654 758 1903
f 1654 1903 1202
f 963 1017 1383
f 99 1954 197
f 2135 166 2269
f 1824 348 107
f 401 1824 107
f 1657 842 517
f 412 327 1711
f 2124 327 713
f 2124 713 1365
f 1588 278 1913
f 2253 1183 1041
f 408 2253 1041
f 830 2252 1979
f 830 1979 2031
f 323 1662 2262
f 2262 1688 323
f 2252 406 1979
f 1688 2262 1011
f 877 1688 1011
f 599 1455 406
f 1011 64 877
f 877 64 1585
f 1314 39 282
f 1415 816 1167
f 648 2134 1930
f 1898 938 983
f 2190 1627 1705
f 1654 488 722
f 1654 1202 488
f 488 1954 722
f 197 166 99
f 2269 166 992
f 494 418 2269
f 1841 1868 19
f 348 494 1833
f 1726 1841 517
f 107 348 1833
f 990 273 401
f 273 412 1711
f 713 327 412
f 1657 278 842
f 1183 1365 1007
f 2177 278 1588
f 408 1041 996
f 1578 1641 2177
f 542 1641 1662
f 323 542 1662
f 2252 1055 406
f 1454 599 1055
f 841 158 64
f 1454 2005 599
f 1808 173 841
f 2005 1454 160
f 1808 847 2157
f 1360 897 160
f 1360 282 897
f 1594 1802 820
f 1975 1034 767
f 390 1314 282
f 767 816 1975
f 462 1314 127
f 1314 390 127
f 2134 39 462
f 462 39 1314
f 1930 1334 1101
f 1101 1392 1167
f 423 972 1898
f 2040 2056 1218
f 940 2040 1218
f 2235 1941 1228
f 520 874 2235
f 1627 2190 758
f 992 166 197
f 1215 1481 2227
f 2269 992 704
f 1309 19 1868
f 494 2269 2028
f 1833 494 2028
f 1365 713 1007
f 278 2177 1152
f 1183 1007 1250
f 1641 501 2177
f 209 2031 499
f 542 323 1422
f 1055 599 406
f 158 2215 1585
f 64 158 1585
f 282 1360 2030
f 2030 390 282
f 1577 1034 123
f 1407 1034 1577
f 1415 1975 816
f 462 1930 2134
f 1415 1167 1392
f 1101 1334 1434
f 1101 1434 1392
f 2056 972 423
f 874 520 1587
f 1587 520 1017
f 1954 488 76
f 76 197 1954
f 2028 2269 704
f 1841 1726 1868
f 1149 107 1833
f 1149 1833 2028
f 1149 990 107
f 401 107 990
f 1692 517 842
f 273 990 412
f 278 1152 842
f 1183 1250 1041
f 996 1041 1250
f 640 501 1641
f 640 1641 542
f 2031 209 830
f 1454 840 1458
f 1458 160 1454
f 160 1458 1360
f 1594 1698 2157
f 847 1594 2157
f 1594 820 1698
f 1604 820 1802
f 1604 1407 1577
f 1975 123 1034
f 462 1787 1930
f 1787 1334 1930
f 938 1353 1525
f 2235 509 1941
f 799 758 2190
f 992 197 854
f 704 992 1413
f 1868 1726 1542
f 1149 2028 1890
f 1726 517 1692
f 713 412 1485
f 1250 1007 30
f 209 996 1250
f 499 996 209
f 640 355 501
f 726 830 209
f 1716 1055 2252
f 2231 1422 323
f 323 1688 2231
f 1688 877 2023
f 1055 1716 1985
f 1055 1985 1454
f 841 173 158
f 134 617 173
f 173 1808 134
f 134 1808 2157
f 1458 2279 1360
f 2030 1360 2279
f 896 1787 462
f 1415 1392 1263
f 2040 972 2056
f 1510 2040 940
f 1123 1510 940
f 509 1123 1941
f 1123 940 1941
f 1634 1898 972
f 509 2235 874
f 758 357 1903
f 1202 1411 488
f 1587 1017 963
f 963 1481 2027
f 1413 992 854
f 1309 1868 1215
f 626 1726 1692
f 1542 1726 626
f 990 1226 412
f 1692 842 1152
f 1007 713 1485
f 30 421 1250
f 421 209 1250
f 421 529 209
f 529 726 209
f 640 542 334
f 1591 830 726
f 949 2252 830
f 2205 542 1422
f 2252 949 1716
f 2023 2231 1688
f 1454 1985 840
f 158 823 2215
f 158 173 823
f 823 173 617
f 134 2157 1844
f 2157 1698 1844
f 889 2279 1458
f 1698 820 1222
f 2051 2030 2279
f 820 1604 1672
f 1604 1577 1672
f 390 2051 1558
f 390 2030 2051
f 127 390 1558
f 123 1975 1242
f 896 462 127
f 1004 972 2040
f 1510 1004 2040
f 1887 1353 938
f 1634 938 1898
f 1634 972 1531
f 2190 31 799
f 854 197 76
f 954 1078 1149
f 1149 1890 954
f 1149 1078 990
f 1226 1462 412
f 771 1307 1692
f 1152 771 1692
f 1485 412 1462
f 1462 2265 1485
f 1007 1485 2265
f 2265 30 1007
f 501 355 771
f 1152 501 771
f 2177 501 1152
f 529 1591 726
f 1591 949 830
f 542 2205 334
f 749 2023 877
f 1585 749 877
f 1585 2215 749
f 749 2215 144
f 840 1985 2115
f 840 2115 1458
f 617 134 822
f 889 1458 2115
f 1844 1698 875
f 1698 1222 875
f 820 1672 1339
f 1577 123 1672
f 896 127 1558
f 1415 1242 1975
f 1713 1787 896
f 1334 1392 1434
f 1634 1887 938
f 1903 1411 1202
f 704 1413 49
f 49 2028 704
f 1868 1597 1215
f 1683 1078 954
f 990 1078 1226
f 1462 1226 481
f 2265 1462 476
f 1648 421 30
f 2265 1648 30
f 529 1050 1591
f 1422 2231 2205
f 371 1716 949
f 2066 1716 371
f 2023 1667 2231
f 1341 2023 749
f 2066 1985 1716
f 2115 1985 2066
f 144 2215 823
f 1222 820 1339
f 2279 174 2051
f 1339 1672 1883
f 1191 123 1242
f 1672 123 1191
f 1263 1016 1415
f 1242 1415 1016
f 1334 1263 1392
f 895 1004 1510
f 895 1595 1004
f 895 1510 1123
f 31 2190 1353
f 758 799 357
f 874 464 509
f 1910 464 874
f 1910 874 1587
f 2027 1652 963
f 1413 854 108
f 1481 1215 2027
f 1215 1597 2027
f 1597 1868 1409
f 2028 49 1890
f 1542 1409 1868
f 626 1409 1542
f 1692 1062 626
f 1307 1062 1692
f 1135 1307 771
f 1135 355 559
f 355 1135 771
f 229 421 1648
f 421 229 529
f 229 303 529
f 1050 529 303
f 640 1505 355
f 640 334 1505
f 1050 949 1591
f 1050 439 949
f 2205 320 334
f 949 439 371
f 1667 2023 1341
f 749 144 1341
f 822 1468 617
f 823 617 1468
f 1844 822 134
f 2115 325 889
f 1339 2074 1222
f 174 2279 889
f 1191 1883 1672
f 1558 1442 896
f 1016 1263 694
f 1334 1787 471
f 1334 471 1263
f 689 1531 972
f 1004 689 972
f 895 1123 828
f 1887 1187 1353
f 509 828 1123
f 404 1411 1903
f 1910 1587 1373
f 1373 1587 963
f 1652 1373 963
f 761 108 854
f 626 643 1409
f 1062 643 626
f 1462 481 1331
f 1331 476 1462
f 1630 2265 476
f 1731 1630 476
f 1648 2265 1630
f 559 355 1505
f 303 1465 1050
f 334 320 2106
f 371 439 1206
f 2231 1667 936
f 325 2115 2066
f 822 1844 1394
f 1844 875 1394
f 2074 875 1222
f 1339 1883 2074
f 1677 2051 174
f 1558 2051 1677
f 1568 1242 1016
f 1713 896 1442
f 471 694 1263
f 1787 1713 471
f 1634 1531 2273
f 1531 1010 2273
f 1531 225 1010
f 689 225 1531
f 1332 689 1004
f 1595 1332 1004
f 895 828 1595
f 828 509 464
f 1187 31 1353
f 357 799 598
f 31 598 799
f 404 1903 357
f 1411 76 488
f 1373 1652 1895
f 1652 2027 2129
f 1413 108 942
f 643 1077 1409
f 1683 2180 1078
f 1062 1307 445
f 1331 1731 476
f 1307 1135 445
f 445 1135 559
f 229 1648 303
f 1036 1050 1465
f 1036 439 1050
f 2231 936 2205
f 1530 1341 144
f 144 823 1530
f 325 174 889
f 1442 1558 1475
f 1475 1558 1677
f 1713 1267 471
f 471 1267 694
f 1595 950 1332
f 828 122 1595
f 464 1910 932
f 1411 404 1264
f 932 1910 1956
f 76 1411 2067
f 1910 1373 1956
f 1895 1956 1373
f 2067 854 76
f 2129 1895 1652
f 1597 2129 2027
f 942 49 1413
f 773 1597 1409
f 1077 773 1409
f 481 1226 1134
f 1062 445 643
f 559 1779 445
f 1731 435 1630
f 1648 1630 1052
f 1052 303 1648
f 371 1206 2066
f 875 2074 1491
f 325 1534 174
f 1534 1677 174
f 1534 1475 1677
f 1534 391 1475
f 391 492 1475
f 1883 1191 1793
f 1568 1793 1242
f 1191 1242 1793
f 492 1442 1475
f 1442 492 1615
f 694 1267 1016
f 1016 1267 1568
f 1713 1442 1615
f 1615 1267 1713
f 1332 225 689
f 122 950 1595
f 1634 2273 1887
f 2098 122 828
f 568 122 2098
f 464 2098 828
f 687 1411 1264
f 854 2067 761
f 1575 1956 1895
f 1895 2129 1575
f 1597 1232 2129
f 773 1232 1597
f 1049 97 1890
f 1890 49 1049
f 97 954 1890
f 643 1951 1077
f 1226 1078 2180
f 1134 1226 2180
f 1440 643 445
f 1936 1547 1331
f 1331 481 1134
f 1779 1785 445
f 1731 1331 1547
f 1052 435 1399
f 1630 435 1052
f 1465 303 1052
f 1465 1052 2060
f 535 1465 2060
f 334 2106 1505
f 1465 535 1036
f 1036 535 129
f 1036 1479 439
f 1479 1206 439
f 823 1468 1530
f 916 325 2066
f 822 1394 1201
f 2125 1394 875
f 913 1534 325
f 2125 875 1491
f 1473 1883 1793
f 1615 492 264
f 468 1568 1267
f 1615 1190 1267
f 608 1187 1887
f 608 1887 2273
f 598 31 637
f 464 932 44
f 687 2067 1411
f 2129 1232 1575
f 395 1232 773
f 1077 395 773
f 395 1077 1951
f 97 1683 954
f 643 1440 1951
f 1331 1134 1936
f 1785 1440 445
f 435 1731 1547
f 1779 559 16
f 1399 466 1052
f 1505 16 559
f 466 2060 1052
f 129 535 2150
f 129 1479 1036
f 129 1709 1479
f 2205 936 1782
f 1479 2066 1206
f 1061 2066 1479
f 1061 916 2066
f 916 1061 257
f 1530 1468 83
f 1201 1468 822
f 916 913 325
f 1933 1394 2125
f 1201 1394 1933
f 1534 1527 391
f 1883 1473 2074
f 1491 2074 1473
f 391 1164 492
f 1473 1793 622
f 264 492 1164
f 622 1793 1568
f 1190 1404 1267
f 1404 468 1267
f 2273 1010 608
f 950 2211 1332
f 31 1187 1174
f 1174 637 31
f 598 637 472
f 44 2098 464
f 687 1264 136
f 1122 932 1956
f 1575 1122 1956
f 1556 761 2067
f 1772 1122 1575
f 1556 108 761
f 1772 1575 1232
f 395 1214 1232
f 1951 2082 395
f 1197 2082 1440
f 1440 2082 1951
f 1047 2180 1683
f 1785 1197 1440
f 1547 560 435
f 560 1399 435
f 1399 560 1114
f 1399 1114 466
f 1421 466 2181
f 2039 2060 1421
f 1421 2060 466
f 2039 535 2060
f 2205 1782 320
f 129 2150 1709
f 1667 2084 936
f 1709 1061 1479
f 1319 1667 1341
f 257 1061 1709
f 916 257 913
f 1527 913 52
f 1527 1534 913
f 781 391 1527
f 781 1164 391
f 1097 468 923
f 1404 923 468
f 1568 468 1097
f 1568 1097 622
f 1615 264 1190
f 1190 264 1598
f 1190 1598 1404
f 2211 225 1332
f 950 122 803
f 803 122 568
f 760 568 2098
f 2098 44 1607
f 404 357 598
f 1607 44 117
f 1264 404 136
f 740 2067 687
f 687 136 740
f 117 44 1122
f 44 932 1122
f 1772 117 1122
f 2029 108 1556
f 942 108 2029
f 1853 1214 395
f 2082 1853 395
f 1049 49 942
f 2082 1197 1853
f 97 1047 1683
f 2180 1047 1551
f 1134 2180 1551
f 1134 1551 1936
f 1936 560 1547
f 1785 2035 1197
f 466 1114 2181
f 16 1505 2106
f 1709 1728 1139
f 1319 2084 1667
f 1341 1530 1754
f 1139 257 1709
f 257 1139 1798
f 1798 913 257
f 1201 1508 83
f 1201 83 1468
f 913 1798 1506
f 1933 2125 505
f 52 913 1506
f 1491 505 2125
f 1256 505 1491
f 52 781 1527
f 1491 1473 1256
f 1256 1473 975
f 302 781 61
f 781 302 1164
f 1529 1164 302
f 622 975 1473
f 1529 264 1164
f 264 1529 1598
f 763 1404 1598
f 763 923 1404
f 1642 1010 225
f 2211 1642 225
f 2211 950 803
f 803 568 38
f 1160 472 637
f 1160 637 1174
f 760 38 568
f 760 2098 1607
f 32 136 404
f 32 404 598
f 1232 1214 1772
f 942 2079 1049
f 97 1049 1047
f 227 1551 1047
f 227 1628 1551
f 1551 1628 1936
f 560 1936 1628
f 560 1628 1566
f 560 1566 1924
f 1779 2035 1785
f 1114 560 1924
f 1114 1924 1984
f 1114 1984 1285
f 2181 1114 1285
f 1421 2181 741
f 2039 1421 741
f 16 2106 578
f 535 2039 1249
f 1249 2150 535
f 1728 2150 1249
f 1728 1709 2150
f 936 2084 1782
f 1754 1319 1341
f 1798 1139 1858
f 1201 1933 1508
f 52 1506 61
f 52 61 781
f 1967 975 1246
f 975 1967 1256
f 1529 302 589
f 763 576 923
f 336 1097 923
f 622 1097 336
f 622 336 906
f 622 906 975
f 1598 1529 763
f 1161 608 1010
f 2103 1010 1642
f 518 1174 1187
f 1187 608 518
f 472 441 455
f 455 32 598
f 598 472 455
f 2067 1354 1556
f 2067 740 1354
f 117 1772 953
f 942 2029 2079
f 1047 1049 1213
f 1213 227 1047
f 1566 1628 227
f 1566 227 2102
f 2102 227 372
f 1566 2102 1924
f 1924 2102 1984
f 1779 482 2035
f 2181 1285 1960
f 2039 741 2112
f 2039 2112 1249
f 2242 320 1782
f 2242 2106 320
f 45 1728 1249
f 2084 1319 1171
f 1815 1139 1728
f 1815 1858 1139
f 1530 1749 1754
f 83 1749 1530
f 1506 1798 1858
f 1506 1858 2203
f 1508 1933 1460
f 1933 505 1460
f 893 505 1256
f 61 1506 1583
f 906 1246 975
f 61 864 302
f 589 302 864
f 1529 589 1260
f 336 923 576
f 1529 1260 763
f 608 1408 518
f 1161 1408 608
f 2103 1161 1010
f 760 1607 788
f 1607 117 788
f 1354 2228 1556
f 1354 740 1710
f 2228 2029 1556
f 2228 988 2029
f 988 1423 2029
f 2029 1423 2079
f 1049 2079 1518
f 1518 1213 1049
f 1197 121 1853
f 227 1213 2178
f 1197 496 121
f 372 227 2178
f 2035 496 1197
f 402 2102 372
f 2106 2242 578
f 2084 311 1782
f 1420 1728 45
f 1815 1728 1420
f 1815 959 1858
f 1858 959 2203
f 83 1508 1749
f 1583 1506 2203
f 1583 1289 1859
f 1583 864 61
f 1583 1859 864
f 1256 1967 132
f 2188 864 1848
f 589 864 2188
f 2188 1229 576
f 1229 336 576
f 906 336 1229
f 589 2188 1260
f 2188 576 1260
f 763 1260 576
f 760 788 38
f 2228 1354 1710
f 2079 1423 1518
f 1098 1213 1518
f 1213 1098 363
f 2178 363 2093
f 1213 363 2178
f 372 2178 802
f 2178 2093 802
f 402 372 802
f 1689 2102 402
f 2102 1689 2133
f 2133 1984 2102
f 1285 1984 2133
f 16 482 1779
f 1960 741 2181
f 741 1960 1009
f 2112 741 1009
f 1782 1243 2242
f 311 1243 1782
f 1171 311 2084
f 959 1815 1420
f 1430 1685 1319
f 1430 1754 1749
f 1319 1754 1430
f 1430 1749 857
f 959 180 2203
f 2203 1289 1583
f 1460 505 893
f 1859 1289 1496
f 132 893 1256
f 1246 132 1967
f 1859 1848 864
f 1848 1859 1679
f 2192 1848 1679
f 1848 2192 2188
f 906 1229 425
f 1750 2103 1642
f 387 1750 803
f 1750 2211 803
f 1750 1642 2211
f 1069 1174 518
f 1069 850 1174
f 1408 1069 518
f 472 333 441
f 1160 333 472
f 850 1160 1174
f 38 387 803
f 1216 740 136
f 1216 136 32
f 1710 150 2228
f 150 988 2228
f 788 117 125
f 1423 988 1781
f 125 117 953
f 1772 1265 953
f 1772 1214 1265
f 1423 789 1518
f 789 1098 1518
f 363 1098 789
f 2093 621 802
f 621 998 802
f 802 998 1689
f 1689 402 802
f 1285 2133 1714
f 867 2035 482
f 578 482 16
f 578 2242 650
f 2112 400 1249
f 1249 400 45
f 1171 1700 311
f 1171 1319 1685
f 1420 2276 959
f 180 959 2276
f 180 2109 2203
f 1508 857 1749
f 1289 2203 2109
f 1289 2109 1496
f 1508 1852 857
f 1460 1852 1508
f 1859 1496 1679
f 893 132 1013
f 906 425 1246
f 2188 2223 1229
f 2188 2192 2223
f 1229 2223 425
f 2103 1750 1161
f 850 333 1160
f 1444 1216 32
f 441 32 455
f 988 150 2165
f 988 2165 1781
f 125 642 788
f 1744 789 1423
f 1781 1744 1423
f 125 953 747
f 789 1744 878
f 747 953 1265
f 878 2244 789
f 2244 363 789
f 2093 363 2244
f 1214 1853 1663
f 1663 1853 121
f 2093 2244 621
f 754 1689 998
f 754 2133 1689
f 754 1714 2133
f 1285 1714 1960
f 1714 337 1960
f 650 482 578
f 1700 948 311
f 1430 1336 1685
f 1852 903 1227
f 1852 1227 857
f 1496 1973 1679
f 1460 903 1852
f 1679 1973 543
f 1460 1013 903
f 1460 893 1013
f 2192 1679 543
f 1013 132 1660
f 1611 1246 425
f 1246 1660 132
f 1611 1660 1246
f 1408 2045 1069
f 2116 1750 387
f 850 1069 2045
f 441 1444 32
f 387 38 1897
f 1710 740 1216
f 1897 38 788
f 1269 2165 150
f 991 1781 2165
f 1663 1265 1214
f 2244 2260 621
f 121 496 1535
f 1009 1960 337
f 2218 482 650
f 1009 340 2112
f 1243 650 2242
f 2112 340 1188
f 2112 1188 400
f 948 1243 311
f 1685 1700 1171
f 2276 1420 45
f 2254 180 2276
f 2254 2109 180
f 1496 2109 119
f 1496 119 1973
f 903 1261 1227
f 1013 1681 1261
f 903 1013 1261
f 543 994 2192
f 994 793 2192
f 979 1660 1611
f 1013 1660 1681
f 1681 1660 979
f 793 2223 2192
f 793 420 2223
f 2223 590 425
f 2223 420 590
f 425 590 1611
f 605 1161 1750
f 825 605 1750
f 825 1750 2116
f 1553 1710 1216
f 641 1897 788
f 1710 1269 150
f 788 642 641
f 991 1744 1781
f 1851 642 125
f 1477 878 1744
f 1722 2244 1477
f 1477 2244 878
f 2260 2244 1722
f 1265 1663 747
f 1535 1449 121
f 1663 121 1449
f 998 621 2260
f 503 754 998
f 503 1601 754
f 1601 1714 754
f 1907 337 1714
f 1714 1601 1907
f 867 482 2218
f 337 1907 473
f 340 1009 337
f 337 473 340
f 340 2069 1188
f 650 1243 555
f 2140 400 1188
f 2276 45 400
f 1430 489 1336
f 857 489 1430
f 1227 489 857
f 1008 1973 119
f 1008 543 1973
f 1227 1261 489
f 1261 1918 1099
f 793 994 420
f 1681 1918 1261
f 1681 979 1918
f 979 71 384
f 1611 590 71
f 1611 71 979
f 1408 151 2045
f 151 1408 1161
f 1161 605 151
f 2045 1805 850
f 441 333 1444
f 2065 2116 387
f 387 1897 2065
f 991 1477 1744
f 125 747 1851
f 747 1663 1348
f 1557 2260 1722
f 1722 1555 1557
f 1449 1348 1663
f 1449 829 1348
f 1557 998 2260
f 1557 503 998
f 496 1484 1535
f 1601 503 111
f 2035 1484 496
f 2035 867 1484
f 1601 1783 1907
f 2069 340 473
f 400 2140 2276
f 1700 1685 2131
f 1685 1336 2131
f 1336 89 2131
f 2276 92 2254
f 2254 2001 2109
f 2254 92 2001
f 489 1580 89
f 489 89 1336
f 2001 119 2109
f 119 2001 25
f 1261 1099 1580
f 1261 1580 489
f 1008 1231 543
f 994 543 1231
f 1231 1748 994
f 1231 1917 1748
f 384 1414 1918
f 1748 420 994
f 979 384 1918
f 420 1748 590
f 590 1748 71
f 151 605 1738
f 333 850 1805
f 2065 825 2116
f 991 2165 221
f 1535 829 1449
f 111 1557 1555
f 111 503 1557
f 1783 1601 111
f 703 1907 1783
f 2218 2138 867
f 703 473 1907
f 1783 1116 703
f 615 2138 2218
f 473 703 2069
f 1965 2218 650
f 555 1243 948
f 1700 2131 948
f 2276 2140 1329
f 2276 1329 92
f 2131 89 59
f 59 89 2081
f 89 1580 2081
f 25 1008 119
f 1620 1580 1099
f 1748 1917 2250
f 1414 1620 1918
f 1099 1918 1620
f 2250 71 1748
f 2250 1100 71
f 71 1100 384
f 605 825 431
f 2065 2207 825
f 60 1216 1444
f 1710 1553 1269
f 1872 2165 1269
f 11 2065 641
f 2065 1897 641
f 641 2261 11
f 641 642 2261
f 1999 1477 991
f 642 1851 2261
f 1477 1999 15
f 747 1348 829
f 1555 1722 15
f 15 1722 1477
f 1484 829 1535
f 1640 1783 111
f 2069 703 1244
f 1244 1188 2069
f 1188 1244 2140
f 2140 718 1329
f 59 948 2131
f 1329 718 92
f 2001 92 1934
f 2001 1934 25
f 2081 1580 765
f 25 1861 1008
f 1580 1620 765
f 1008 1861 1231
f 1231 1861 1917
f 2239 2250 1917
f 1620 1414 861
f 384 1100 1414
f 732 861 1414
f 605 431 1738
f 1805 2045 1738
f 1738 2045 151
f 825 2207 431
f 1805 1444 333
f 60 1444 1452
f 1553 1216 60
f 2207 2065 261
f 366 1872 1706
f 1872 1269 1706
f 1706 1269 1553
f 261 2065 289
f 2165 1872 221
f 1999 991 221
f 1875 15 1999
f 1253 2261 1851
f 1119 1253 1851
f 1119 1851 747
f 747 829 1119
f 1484 1725 829
f 1555 964 111
f 111 964 1640
f 867 2160 1484
f 1640 1116 1783
f 867 2138 2160
f 2160 2138 2061
f 2138 615 2061
f 5 703 1116
f 1969 615 2218
f 1965 1969 2218
f 703 5 1244
f 555 47 650
f 650 47 1965
f 1244 718 2140
f 1136 1503 948
f 948 1503 555
f 59 1136 948
f 1517 25 1934
f 25 1517 1861
f 1861 1453 1917
f 1453 2239 1917
f 1620 861 765
f 765 861 723
f 1100 732 1414
f 1738 1108 1073
f 431 1108 1738
f 1073 1805 1738
f 1452 1805 1073
f 1452 1444 1805
f 1553 60 1706
f 60 48 1706
f 48 60 1452
f 1872 366 1873
f 221 1873 1999
f 221 1872 1873
f 11 289 2065
f 2168 2261 1253
f 1159 15 1875
f 1159 1555 15
f 964 1555 1159
f 964 1305 1640
f 2160 1725 1484
f 1640 1305 1552
f 1640 1552 1116
f 5 295 1244
f 47 555 1503
f 1244 2224 718
f 1136 657 1503
f 614 92 718
f 92 614 1934
f 59 2081 142
f 1846 1861 1517
f 765 723 2081
f 1846 1453 1861
f 2250 2239 1100
f 1100 2239 312
f 732 1100 312
f 723 861 409
f 1073 1992 961
f 1073 1108 1992
f 1073 961 804
f 804 1452 1073
f 2127 1992 1108
f 1108 431 1721
f 804 48 1452
f 958 1721 431
f 2207 958 431
f 366 1706 1633
f 1633 1706 48
f 1873 366 1633
f 958 2207 2071
f 261 2071 2207
f 444 1873 1633
f 444 1999 1873
f 1999 444 1935
f 1320 11 2261
f 1875 1999 1935
f 1935 1159 1875
f 2196 1159 1935
f 2196 1305 1159
f 829 1725 1119
f 1305 964 1159
f 1116 1552 1488
f 1488 5 1116
f 5 1488 295
f 295 596 1244
f 706 1244 596
f 2224 1244 706
f 614 718 2224
f 142 6 59
f 1136 59 6
f 1006 1517 1934
f 1006 1846 1517
f 2081 723 142
f 1758 2239 1453
f 2239 1758 312
f 732 312 1758
f 861 732 409
f 804 966 48
f 804 961 966
f 966 961 1741
f 1741 961 1992
f 1108 1721 2127
f 1633 48 966
f 966 934 1633
f 958 2064 1721
f 2071 2064 958
f 2139 444 1633
f 1935 444 1391
f 444 2139 1391
f 1320 289 11
f 595 289 1320
f 2168 1320 2261
f 1153 1725 2160
f 346 615 1969
f 295 1970 596
f 47 1969 1965
f 596 157 706
f 657 47 1503
f 2224 706 1643
f 817 2224 1643
f 817 614 2224
f 6 657 1136
f 817 1006 614
f 1006 1934 614
f 142 1147 428
f 1376 1846 1006
f 723 1147 142
f 1846 1376 1453
f 188 723 409
f 732 1758 1178
f 732 1178 409
f 2127 1741 1992
f 934 966 800
f 966 1741 800
f 1741 2127 490
f 490 2127 1721
f 934 2139 1633
f 2071 261 595
f 289 595 261
f 1513 1935 1391
f 1119 2168 1253
f 1513 2196 1935
f 1119 725 1807
f 1725 725 1119
f 2196 1702 1305
f 1702 1552 1305
f 1346 1488 1552
f 1488 1346 1266
f 2061 1153 2160
f 2061 2113 1153
f 1970 295 1488
f 1970 1488 1266
f 346 2061 615
f 1970 157 596
f 1398 1969 1000
f 47 1000 1969
f 157 1643 706
f 1006 817 231
f 2187 1006 231
f 428 6 142
f 2187 1376 1006
f 1376 735 1453
f 735 1376 565
f 723 188 1147
f 735 1758 1453
f 1178 1758 735
f 970 1178 735
f 1178 188 409
f 1521 1741 490
f 934 800 2033
f 934 2033 2139
f 2139 2033 731
f 606 595 1320
f 731 1513 1391
f 2139 731 1391
f 1807 1320 2168
f 1119 1807 2168
f 1177 2196 1513
f 2196 1177 1702
f 1702 1177 2090
f 170 725 1511
f 1702 2090 1552
f 1725 1511 725
f 1153 1511 1725
f 2090 1346 1552
f 2113 486 1153
f 2061 585 2113
f 2061 346 585
f 1911 1970 1266
f 1911 157 1970
f 846 346 1398
f 1398 346 1969
f 1643 157 37
f 47 186 1000
f 186 47 657
f 817 1643 231
f 657 6 698
f 1225 2187 41
f 2187 1225 1376
f 1225 565 1376
f 565 970 735
f 240 188 970
f 1178 970 188
f 1741 1521 800
f 1721 2175 490
f 1721 2064 2175
f 2071 1574 2064
f 1888 2071 595
f 1888 595 606
f 731 266 1513
f 1764 606 1320
f 1764 1320 1986
f 1986 1320 1807
f 266 1177 1513
f 725 170 1807
f 1807 170 1986
f 2090 1177 266
f 1346 2090 1060
f 486 1511 1153
f 2113 1234 486
f 585 1234 2113
f 1911 1266 216
f 37 157 1911
f 698 186 657
f 1643 37 1974
f 231 1643 1974
f 231 1974 1235
f 231 41 2187
f 41 231 1235
f 428 1147 1996
f 565 917 970
f 691 240 970
f 691 970 917
f 1996 1147 188
f 240 1996 188
f 1521 23 800
f 490 183 1521
f 490 1083 183
f 23 1521 183
f 490 2175 1083
f 1574 2175 2064
f 731 2033 1664
f 2071 1888 1574
f 1764 1888 606
f 266 731 1664
f 911 1764 1986
f 1060 2090 266
f 1511 572 170
f 1060 216 1346
f 1060 2047 216
f 572 1511 486
f 216 1266 1346
f 1398 930 846
f 186 1398 1000
f 2183 1974 37
f 186 698 2163
f 2163 698 502
f 502 698 6
f 41 1235 500
f 41 500 1225
f 428 502 6
f 695 502 428
f 565 1225 500
f 565 500 917
f 428 1996 695
f 800 23 2033
f 2033 23 1362
f 176 1083 2175
f 176 2175 1292
f 1292 2175 1574
f 1292 1574 2018
f 1888 2018 1574
f 266 1664 1962
f 2018 1888 1764
f 266 1962 1400
f 266 1400 1060
f 911 2018 1764
f 911 1986 1922
f 1986 170 313
f 572 313 170
f 1400 2047 1060
f 1015 572 486
f 1234 1015 486
f 1234 1541 1015
f 1234 386 1541
f 216 1766 1911
f 216 2047 1766
f 585 386 1234
f 2214 386 846
f 346 846 585
f 585 846 386
f 1766 37 1911
f 930 2214 846
f 2183 37 1766
f 186 1649 1398
f 1398 1649 930
f 186 2163 1649
f 2189 1235 1974
f 500 2189 1584
f 1235 2189 500
f 502 695 2163
f 500 1882 917
f 917 1882 691
f 691 1882 546
f 240 691 546
f 240 546 1130
f 240 1130 1996
f 1996 1130 695
f 1083 176 183
f 1362 1664 2033
f 183 96 23
f 96 183 176
f 1962 1664 2052
f 1482 176 1292
f 1400 1962 95
f 95 1962 2052
f 95 2052 35
f 2018 1482 1292
f 911 1922 2018
f 294 1922 1976
f 1986 1976 1922
f 313 1976 1986
f 294 1976 313
f 2047 1400 604
f 313 1287 294
f 1015 313 572
f 1015 1287 313
f 2047 604 24
f 1287 1541 1195
f 1541 1287 1015
f 1195 1541 2214
f 2214 1541 386
f 2047 24 1766
f 349 2183 1766
f 1258 930 927
f 2183 2189 1974
f 1649 927 930
f 927 1649 2163
f 1584 1882 500
f 2163 2194 280
f 546 1882 2194
f 546 2194 1130
f 1130 2194 2163
f 695 1130 2163
f 1664 1362 2052
f 2052 1362 23
f 2052 23 194
f 194 23 96
f 176 616 96
f 176 1482 616
f 35 2052 194
f 194 96 616
f 1293 616 1482
f 2018 1922 1482
f 1109 35 194
f 1028 194 616
f 1028 616 1293
f 1922 1293 1482
f 1427 1293 1922
f 1427 1922 294
f 95 604 1400
f 2247 1427 294
f 35 604 95
f 1708 604 35
f 604 899 24
f 2214 1730 1195
f 24 349 1766
f 733 349 24
f 349 733 1829
f 930 1730 2214
f 349 1829 2183
f 1258 1730 930
f 1829 2189 2183
f 1584 2189 1829
f 566 1258 927
f 1584 1829 1374
f 280 980 566
f 280 566 927
f 1567 1584 1374
f 1567 980 2194
f 2194 980 280
f 2163 280 927
f 1567 1882 1584
f 1882 1567 2194
f 194 1028 1109
f 1293 1863 1028
f 1427 1863 1293
f 106 1109 1028
f 106 1028 1712
f 1712 1028 1863
f 392 1863 1427
f 2247 392 1427
f 1708 35 1109
f 1708 1109 106
f 1224 1712 1863
f 1224 1863 392
f 1287 2247 294
f 1224 106 1712
f 899 604 1708
f 899 1708 106
f 1794 1224 392
f 1794 392 2247
f 1195 1794 1287
f 1794 2247 1287
f 733 24 899
f 673 1794 1730
f 1730 1794 1195
f 1946 673 1730
f 1199 733 222
f 1946 1199 673
f 566 1946 1730
f 1829 733 1199
f 1258 566 1730
f 34 1199 1946
f 1374 1199 34
f 1829 1199 1374
f 980 34 1946
f 980 1946 566
f 980 1374 34
f 1374 980 1567
f 222 106 1224
f 1794 673 1224
f 733 899 106
f 673 222 1224
f 222 733 106
f 1199 222 673