# https://github.com/mikedh/trimesh
v 30.37751927 -51.14275998 69.90591579
v 44.35822479 -68.45550090 77.61966124
v 23.71204838 -70.53474166 76.17129219
v 42.67505544 -57.85840768 68.97335924
v 31.98137845 -56.05277477 69.45386284
v 32.49999045 -42.15561123 69.36478116
v 43.15181574 -73.85946998 78.68932565
v 32.83508585 -37.27384555 74.16499535
v 39.57368152 -36.01074918 73.08561285
v 40.02818292 -70.89343592 84.01701826
v 29.54145364 -72.58950422 70.55065837
v 31.84663896 -71.39271945 70.19245575
v 48.18755016 -45.53567831 66.90204673
v 45.57385925 -43.35600486 80.06955939
v 39.03131803 -55.73724914 82.71333637
v 48.43107249 -42.91027164 68.73702288
v 41.17313264 -51.62069600 80.45363523
v 42.20347601 -74.35611366 73.89403072
v 38.06590702 -74.09303145 75.38340192
v 31.97519351 -57.68016175 82.28285517
v 42.04986940 -74.12853982 70.29966357
v 25.61781235 -50.30718910 73.02758121
v 48.60304291 -43.72689420 68.45662154
v 29.71280662 -38.03372954 71.38206226
v 32.03485397 -50.20826304 69.44769659
v 36.41962673 -36.02197625 71.06903321
v 30.07214880 -54.17738960 80.77899005
v 30.43878237 -37.70311609 72.94557272
v 47.31139950 -41.98839795 77.32902061
v 40.02623155 -55.36657905 68.09971830
v 45.58139106 -63.73514892 84.06134718
v 37.77057395 -71.45167255 80.44870548
v 40.57538975 -73.09876615 81.36666645
v 41.07418363 -70.21934234 70.25931968
v 28.70007530 -39.71738155 71.21739137
v 35.11566366 -49.20827639 79.51207407
v 30.22139592 -43.03677532 69.73696281
v 44.43588977 -62.17057525 84.82433598
v 30.10976724 -37.76254561 72.21326131
v 36.72361392 -73.60757039 69.13426223
v 46.04494938 -55.17247994 79.54155955
v 44.05404240 -72.08388773 81.02927716
v 48.77766116 -44.36243657 68.53974086
v 28.55767277 -65.53445420 79.37482581
v 32.37739401 -60.93598686 81.76690087
v 42.32600228 -73.93596058 72.62801457
v 29.24871527 -46.10683975 76.98604174
v 35.59346956 -71.31491158 79.15757574
v 41.81019989 -69.89887701 70.32178582
v 41.52657279 -70.09853298 85.64081072
v 41.34149582 -58.04340535 83.81371750
v 45.88701542 -45.96059254 80.59844952
v 48.93398620 -41.82009843 74.71897551
v 42.99217763 -72.45398857 84.74383069
v 45.08448311 -40.08496091 77.54981611
v 25.93203427 -54.57254323 71.18922363
v 41.01752414 -75.12176372 73.86829106
v 37.31745718 -73.03431616 77.05273153
v 29.04607283 -56.95477128 80.90544727
v 26.99263067 -72.27705142 76.43682589
v 29.37274071 -39.20864755 73.24575200
v 42.66255948 -73.39393039 83.53800634
v 41.18260274 -75.28386388 71.40896400
v 34.90177291 -59.27851764 82.40526271
v 31.33319176 -60.53958348 69.20401205
v 28.45788552 -42.67564581 75.09829322
v 27.56257186 -43.23026259 74.22121867
v 45.25076717 -41.20057172 67.78977604
v 26.56235430 -64.96073784 69.47707774
v 33.69849084 -72.85779820 76.08971002
v 23.69066683 -58.59491217 70.11855390
v 43.38135322 -39.15364471 78.45649178
v 32.47777520 -73.71344900 70.78241753
v 33.92421069 -60.03006462 82.18863171
v 33.58951401 -40.04591120 69.55447969
v 28.47410544 -45.76999987 70.03719034
v 42.86317055 -54.36840409 67.50855247
v 42.11151140 -45.75684235 79.30246021
v 31.15670719 -42.67747969 69.58389945
v 24.45779732 -71.02977570 76.44952213
v 41.88546237 -74.35989709 81.10484990
v 42.31234372 -38.97408946 68.49822671
v 37.43571315 -36.31813432 74.38217271
v 32.56836718 -68.00982394 79.69443854
v 29.54516048 -41.19464137 75.26700228
v 49.40264148 -42.30994080 74.27300116
v 23.15132091 -69.96562458 75.32246387
v 44.04643920 -58.52231563 83.60429491
v 39.68838526 -37.94307957 69.86111129
v 42.45056980 -74.64230663 79.59533442
v 41.32420793 -70.84967593 70.20888587
v 44.48216676 -66.34167004 85.50337019
v 27.88444445 -70.69517792 78.18146239
v 38.77845389 -75.51050591 72.14500993
v 28.69738940 -41.18970563 70.78784341
v 29.03893761 -54.75126247 69.98440511
v 37.63331072 -43.00305033 77.97571166
v 33.11005773 -73.84725164 69.77900931
v 33.32228085 -35.87905858 71.65085958
v 43.62220395 -49.90499353 66.24568334
v 48.18339666 -44.35616973 67.66291914
v 42.52972067 -73.60569349 73.11688153
v 44.03959933 -59.10107224 69.81653450
v 24.06107004 -57.88892708 72.36230811
v 37.58026550 -70.36294887 81.38368651
v 44.06736464 -40.82959483 67.65521082
v 42.22039576 -74.59221483 80.16475169
v 30.64981995 -46.93042049 78.01144687
v 28.33238444 -43.56686223 75.55612267
v 42.09990648 -74.09140171 71.65522876
v 31.90634407 -38.57371724 70.28789452
v 36.25778437 -70.62879534 70.46988478
v 40.64908138 -54.07694035 81.79578879
v 39.31106256 -47.01524482 79.04575688
v 40.10003284 -73.84876644 69.13688519
v 46.55222488 -50.38789086 79.00005710
v 35.24695521 -50.31103683 80.19103061
v 28.81810656 -40.07429840 70.82784323
v 37.03805401 -35.82622840 71.38397335
v 27.47368022 -53.45316603 70.73793868
v 36.66360705 -74.40076194 73.99374166
v 25.76868465 -64.48219200 69.62929694
v 46.46298665 -43.69878010 80.10920998
v 41.43773341 -71.71796849 70.04631524
v 35.05410975 -54.87079312 82.38637242
v 26.46926987 -69.75181807 70.56725533
v 27.35978561 -50.54929993 70.50121825
v 36.32941466 -71.21627076 70.44634145
v 41.53007123 -54.58975753 82.16065307
v 26.30280834 -53.25007550 71.56583674
v 38.46438956 -52.02567627 81.06179834
v 28.37621194 -69.23018189 70.24209635
v 23.44448990 -64.32738235 74.20562316
v 38.58869855 -38.34276758 69.32990217
v 48.83610163 -41.87910801 70.04157690
v 41.85236771 -37.17477135 75.49753710
v 33.86434511 -72.27541765 77.30868828
v 39.45474386 -71.89298539 81.88967656
v 38.61368898 -43.16766827 77.97871724
v 45.08573590 -64.14149616 84.80665076
v 36.45467183 -60.69822640 82.44492762
v 49.48658658 -42.08094107 73.54578552
v 43.61032700 -72.70171433 83.93293515
v 26.23679861 -54.74685129 70.84194065
v 25.80283706 -47.93898933 74.64148999
v 40.17305955 -36.18255014 73.83148569
v 39.15271561 -63.07051185 84.44766140
v 27.75842495 -54.69513075 70.29200234
v 42.74468666 -72.78829275 72.60721081
v 25.79718069 -46.84019867 73.49495874
v 42.38313252 -74.17762474 74.52516076
v 28.95311200 -53.58528658 70.24442953
v 45.86792240 -60.33921696 80.62411387
v 28.66569933 -57.73438103 68.99343455
v 25.54060042 -50.90106746 74.22223612
v 24.55226770 -65.87920072 71.29303585
v 34.63403956 -67.42386622 80.46115747
v 38.19922574 -75.43162114 70.36109692
v 37.10300800 -71.91672266 79.22702246
v 39.67592376 -71.50403690 82.77038612
v 39.02843236 -75.63913752 70.17279233
v 23.73545978 -62.04566769 74.44508982
v 36.02959797 -70.54928495 80.03480364
v 45.67129318 -57.75755023 82.02558208
v 37.87606509 -59.73499329 83.14705572
v 38.20126493 -38.10153115 69.58616895
v 25.17564563 -55.75153772 73.90617794
v 43.10633306 -40.48051515 78.93935068
v 41.60174075 -74.41897765 76.96193724
v 24.10990411 -63.56489486 75.55702082
v 41.32993528 -74.46519490 69.55532512
v 31.32468878 -37.06066892 71.26007537
v 44.75873396 -50.54337781 80.33514604
v 25.41718817 -56.56093177 74.81569886
v 23.63318585 -70.57460625 75.33549708
v 25.77987641 -54.30700810 75.33464157
v 44.52687307 -56.52128209 82.79286756
v 41.05983381 -45.76274719 66.55681342
v 44.63523851 -58.28697153 83.31705271
v 34.01841132 -55.08645496 82.41241062
v 31.42759273 -46.10985717 78.00806811
v 24.29447924 -66.35716571 76.17254160
v 26.92497074 -57.95828885 68.82718700
v 26.49332566 -71.07670744 70.20467149
v 27.33091552 -43.65852953 72.68600431
v 31.68789835 -68.81398154 70.18405077
v 40.23786919 -48.52067667 79.67523715
v 37.15299915 -40.41794719 77.42511579
v 35.67663003 -39.99266155 68.95512095
v 29.53522660 -52.82102394 70.17089107
v 45.39405156 -60.37850747 78.61187980
v 34.45733205 -48.96771355 68.62123174
v 49.01754670 -47.11248189 71.11939145
v 24.08124093 -65.86994907 75.73543641
v 23.20975384 -60.43182046 71.04210983
v 26.83379213 -54.19574554 70.81481632
v 42.89689117 -74.38310508 80.47730762
v 33.78961542 -61.79357608 69.39813291
v 46.61162710 -40.76123327 76.89230781
v 47.26370356 -43.13632172 77.79833155
v 37.42662337 -57.18477882 68.85668185
v 30.28800348 -44.17600274 76.93409662
v 42.61580886 -72.62882454 84.45394697
v 48.06645195 -42.28633644 68.79458141
v 42.43681149 -65.79036516 70.50366245
v 24.30126591 -70.48362064 72.27819311
v 27.64340010 -42.79624828 72.98403163
v 27.43056129 -56.10700317 69.61728266
v 45.02929429 -68.71206875 84.45815131
v 46.57003630 -39.93322797 74.00205757
v 27.31084778 -48.17865513 76.29150705
v 25.44986922 -66.99394271 71.12219982
v 29.52740775 -53.43033151 80.13844633
v 45.86946029 -43.00908116 67.11185097
v 29.47184168 -45.03638057 69.73266855
v 42.17296891 -74.48486373 73.26301136
v 27.43787562 -68.43839366 70.31762619
v 45.56708628 -57.15692038 77.39995617
v 39.86794574 -42.72466557 77.92563737
v 45.59419621 -42.36268671 79.10313768
v 46.26872985 -52.68308150 79.22042406
v 46.22714018 -53.59152668 79.15770645
v 39.87160352 -75.64326481 69.87501001
v 30.41015440 -37.44706521 71.69041869
v 29.08572491 -42.92911470 75.80431001
v 42.14604257 -37.57100379 73.68654522
v 38.02678970 -72.70721335 78.16411708
v 28.33818266 -41.27614276 72.28840716
v 45.37996571 -64.99761976 84.58596473
v 42.47522284 -41.06584114 78.77510661
v 23.18424597 -63.12268826 73.23765206
v 27.36286318 -62.59065690 69.09352401
v 31.79276626 -36.48496909 72.79041165
v 37.66885499 -56.52532945 82.79845570
v 42.80512061 -38.33722046 70.40876411
v 43.44956655 -73.35356439 78.84987905
v 27.61755245 -44.56160381 71.14269855
v 41.31979625 -37.97279992 70.30602630
v 39.05691538 -45.12698136 67.06592752
v 28.81504715 -42.15735890 70.48910249
v 28.93142405 -44.05976279 69.99595869
v 35.38715525 -72.79367807 69.67497042
v 34.66079269 -35.52996003 71.56630974
v 32.46203855 -69.60356566 70.33341207
v 43.93622702 -68.52129081 85.86539515
v 25.65764632 -53.31048705 72.37404962
v 29.75167434 -46.88780929 77.58934137
v 26.67518540 -71.68458452 70.83972343
v 25.55291101 -52.32381876 73.85690071
v 45.81215480 -57.07946030 78.71449031
v 42.10055339 -67.74076694 86.15308263
v 23.73586774 -59.35941982 72.71630714
v 40.69222300 -46.60716310 79.10369026
v 45.93847897 -56.78402411 80.35022307
v 43.42159228 -72.43595675 75.92950592
v 39.90825049 -72.52716211 69.79015222
v 30.90975684 -52.85296857 69.91143831
v 42.30481390 -74.43045570 77.09548490
v 25.70239645 -71.33773668 71.14284909
v 44.19620129 -71.34906079 80.41665936
v 29.65430562 -58.66453944 69.08235161
v 45.80548580 -58.18919373 79.34409552
v 26.48619678 -66.57544991 70.12920930
v 23.92669199 -64.37451261 71.00412219
v 46.57422090 -47.43032565 79.69448818
v 44.15122153 -71.92555429 82.52219929
v 40.65613661 -65.05189594 70.06459590
v 49.59051438 -43.95490787 73.79368868
v 42.51972240 -74.28214243 76.61165583
v 42.89991516 -72.86071984 73.67190576
v 38.30958395 -62.54261300 83.77648138
v 27.44640706 -62.47760897 78.74750978
v 23.64533742 -68.39159409 74.94646796
v 26.72908379 -53.60554558 71.11411469
v 41.46622681 -74.53659301 76.06703321
v 42.24778267 -55.67404388 82.92623036
v 44.81945366 -40.59820646 78.26852544
v 25.71858277 -50.83521133 75.01202781
v 30.67356451 -69.55642779 70.25011475
v 41.76514692 -74.58290315 70.21948609
v 42.50372585 -66.62573660 86.12515690
v 39.97869254 -37.50501142 70.46904446
v 23.28212584 -69.77063752 74.12492210
v 26.52196710 -61.62694806 77.88240025
v 41.95175650 -65.91787168 85.98542845
v 42.29916856 -73.44060342 70.37698531
v 39.59474795 -72.93821618 79.50766960
v 26.86443223 -44.99436556 74.59824600
v 39.81391974 -39.19578029 68.40802268
v 44.23048454 -41.87871334 67.21735616
v 38.48503106 -71.65774505 70.26737739
v 42.39033739 -51.85419264 80.47355256
v 27.10717440 -68.15510250 78.49420253
v 30.53776966 -56.79935261 69.37224313
v 48.46694412 -46.48826031 68.09002568
v 39.23216285 -67.64688338 84.48772635
v 47.17516811 -47.09509927 66.07945491
v 28.79914358 -72.64394066 76.54033449
v 50.32246654 -42.92287690 72.34639501
v 46.02234236 -59.47475378 81.52826747
v 40.87885904 -66.50369171 85.72818676
v 43.75256439 -39.39723362 68.49555403
v 45.43226130 -43.81814518 80.34689134
v 43.85444670 -58.39602357 69.43646997
v 25.59426746 -71.98350604 75.06713074
v 29.27679889 -41.94867469 70.23529956
v 33.01314091 -73.08909027 69.39482098
v 28.38790632 -47.30987969 76.88000091
v 25.80940920 -69.86232951 70.87730285
v 43.46079728 -43.89200593 79.54086683
v 45.78289039 -44.34211544 80.59238064
v 42.62636592 -74.31045941 81.53704454
v 40.02265690 -75.18393414 73.88843252
v 41.13765604 -36.84803870 73.64100374
v 23.04567144 -61.89177875 71.88871372
v 43.36779617 -71.17607965 73.92493515
v 49.55269221 -44.72774234 73.16803990
v 40.35003520 -73.34387104 69.27955569
v 33.18562918 -56.80021637 69.32894778
v 28.72925466 -53.34275640 79.46687996
v 33.18708061 -70.54839259 70.40504010
v 28.37144612 -59.92720242 68.96182766
v 40.74921076 -54.94278106 82.41100072
v 45.09231740 -67.06072446 84.84318563
v 45.32509023 -39.41902995 74.87636224
v 39.56098116 -40.78458343 67.63565050
v 39.97050243 -54.76911019 82.27810398
v 30.36722027 -70.70670684 70.25924055
v 45.80863453 -55.77505783 80.70965288
v 49.73016202 -45.62429672 71.25806741
v 30.21349407 -60.72802022 81.19783900
v 41.58944265 -75.00196689 72.55191031
v 28.29879080 -41.28029851 72.99137323
v 46.06209245 -51.59629368 79.48084607
v 40.74080918 -75.09936537 69.21288811
v 47.62811356 -48.67573622 66.55419342
v 23.14422033 -61.75495068 71.21751943
v 48.15894152 -47.78752021 68.23172891
v 42.23410228 -71.64732181 85.18995534
v 40.00834787 -38.74833365 68.77351216
v 45.67637452 -39.48432207 74.19108911
v 43.17212935 -73.28596017 76.47291634
v 25.61053759 -68.06974660 71.42874791
v 45.28484076 -56.93557643 82.33611546
v 48.84301009 -45.64165673 68.90078145
v 37.80807402 -75.38000290 71.39209506
v 44.81330335 -56.57444258 82.65436993
v 44.88664997 -38.89155816 72.64501546
v 28.71334287 -64.63376124 69.38945515
v 32.88536833 -38.94269768 69.96068247
v 43.90634832 -47.09400192 80.46597124
v 36.39682018 -35.73892003 73.35384575
v 25.91901123 -53.81987780 71.69020679
v 33.45386665 -38.00640653 70.12553834
v 46.58568671 -52.33515522 75.80054659
v 39.39116808 -39.78630953 68.10798850
v 42.88062848 -55.98825381 68.19528997
v 33.02577386 -73.60433608 69.27783237
v 45.36607171 -39.10555007 70.90068585
v 47.79873193 -45.14341413 76.51287867
v 35.94267083 -74.78848830 70.76416606
v 42.15365434 -42.01270630 67.03568038
v 38.84398840 -35.72382600 73.35582583
v 38.08639174 -70.75345195 81.72270654
v 42.09416262 -72.32467104 84.60165767
v 30.67047848 -44.15413177 69.51569053
v 26.67994832 -44.87167982 73.08765843
v 25.69085627 -70.83291837 70.35468946
v 39.50475923 -61.93065173 84.43214003
v 36.50971972 -60.15247372 69.28290993
v 26.26468024 -68.84486324 70.91180466
v 23.19645969 -62.70119867 71.18625687
v 29.71204397 -54.14012677 70.00282122
v 25.41227145 -70.97225884 70.75919690
v 46.84848340 -39.94784493 71.01645832
v 24.92248422 -70.43997180 71.40873008
v 26.20244485 -64.12055792 69.36264505
v 28.68290990 -44.72244943 76.31334624
v 28.87484838 -56.51632175 69.38816903
v 34.39172143 -42.10564756 68.76131271
v 27.89147958 -42.41740452 72.44149267
v 42.58553759 -37.85967824 76.89694530
v 47.45136317 -44.39988464 77.89172727
v 50.81172901 -44.04393354 71.39764910
v 45.11111524 -58.00218921 74.30191425
v 44.57137278 -60.41326837 74.36371948
v 35.54482330 -43.54387637 78.13146845
v 33.01395630 -66.84230584 69.88806122
v 43.15465163 -59.72965262 84.21410578
v 45.66860887 -54.23702187 80.23933943
v 42.07208021 -66.76222301 86.07498245
v 41.26931576 -49.00344971 80.02583272
v 33.41318814 -44.69108788 68.84217837
v 27.97664486 -55.32947859 79.60027547
v 40.85501253 -75.40145446 70.06756602
v 44.62267439 -57.89794942 69.66046728
v 25.04863604 -71.23013773 72.15120697
v 26.30860034 -72.22873565 73.71596585
v 36.79313322 -40.36764522 68.47653396
v 45.37368680 -66.65339489 83.32303565
v 45.43668823 -51.76894241 66.79287118
v 42.92563184 -38.75472569 69.16046504
v 44.25361518 -71.49045839 84.23588647
v 24.64107641 -66.94070496 76.83104006
v 37.18634691 -71.61446207 79.71601083
v 28.84275763 -62.18821529 69.12810226
v 27.09746186 -52.55727771 70.98022624
v 39.78498509 -39.15642255 77.31951394
v 27.16976697 -69.29644271 70.39541470
v 37.86026155 -67.25507083 83.04886568
v 24.56817537 -71.31285691 74.93562471
v 43.98328935 -71.11236504 77.22125590
v 26.81016403 -52.20209672 77.16070946
v 23.52677460 -59.34579575 70.16809974
v 31.20367819 -43.99118026 77.29034233
v 44.64704442 -40.90642120 78.57110668
v 30.84606073 -58.97955213 69.15970741
v 48.69290803 -42.22680142 75.86411347
v 27.57906898 -45.34208801 75.73993170
v 38.85978438 -74.61316400 68.90899023
v 32.53730276 -49.65324624 79.53113016
v 42.93839898 -43.10179079 66.65458830
v 46.36696543 -39.56971739 71.99534654
v 23.87187839 -66.15302925 75.24646876
v 40.69741377 -72.43208324 83.00819358
v 47.48143519 -41.01461874 76.27955661
v 50.16893033 -44.83576855 71.63426078
v 39.48356176 -66.49618722 84.89357407
v 31.18497911 -72.80681802 75.70353753
v 40.84204059 -75.22829153 69.55842864
v 30.64199379 -62.98026141 80.72437279
v 24.20254570 -66.38547468 72.06329617
v 42.23786333 -73.90486157 70.77983807
v 38.62761803 -61.42217219 83.85986555
v 23.21495325 -64.52382199 73.01387462
v 43.89769822 -69.68656106 75.33189838
v 23.62892543 -69.82272013 73.13538744
v 38.92842484 -35.72945851 73.04876449
v 42.30624365 -73.73393217 72.08995398
v 49.51458770 -45.89667135 70.61821918
v 25.95081652 -71.70428198 71.87812906
v 43.45131120 -69.56764516 73.41625327
v 31.11232814 -50.31069244 79.55927632
v 28.74827532 -43.07792330 70.35042451
v 43.77855774 -60.45392925 84.35303309
v 41.20593274 -37.13233291 76.08686334
v 34.66935545 -35.46974917 72.29383796
v 35.36364141 -70.77857406 79.52451435
v 44.00883099 -39.43562424 78.16249726
v 41.88199061 -70.77471311 70.27691213
v 42.15953251 -63.76309021 70.33485586
v 26.90521633 -68.64061572 70.52995832
v 45.11418945 -53.86284485 80.75053047
v 29.81654753 -51.96015030 79.70986592
v 42.20097767 -74.42640428 74.90789584
v 34.97465483 -58.05194689 82.59722639
v 27.31130700 -72.54470706 73.73121634
v 31.28427114 -54.41824426 69.76127962
v 29.77552233 -55.56473512 81.04629171
v 32.30522228 -39.50892512 75.71078607
v 34.39230102 -42.90211465 77.86648533
v 42.53508660 -74.49087516 80.75863447
v 48.38209979 -46.62041729 67.15936495
v 27.77017646 -48.93695283 70.25924277
v 42.11994386 -74.47586478 81.02092608
v 35.20182757 -59.11943401 69.23925609
v 49.14969314 -44.68337730 69.21381087
v 26.29978140 -56.97832568 69.31921578
v 44.83193270 -69.65259070 83.08803395
v 23.79710801 -67.70434448 74.86335860
v 30.90674697 -41.36699307 76.23619512
v 34.23430496 -58.26935036 82.51869947
v 38.03495279 -39.12253559 76.96439274
v 35.09166616 -68.58323613 80.44087850
v 31.37174106 -69.63561798 79.16084424
v 50.45884494 -43.66158910 72.72111643
v 33.33085279 -60.66628868 81.96625062
v 39.29356655 -69.74323372 84.00266396
v 29.20414525 -49.08949432 78.16122722
v 37.22589843 -52.52496372 81.44452190
v 36.12023133 -50.58318454 80.40245264
v 45.76584501 -63.92570941 83.48599484
v 44.82356130 -56.04824818 68.51055222
v 28.01325759 -50.45831049 70.26464946
v 30.03673206 -40.73302661 75.34151623
v 28.11332471 -42.19155438 74.10371402
v 45.82777593 -54.12137967 68.27463776
v 41.22739545 -36.76841789 74.15994333
v 29.61514951 -70.24766363 70.25070360
v 23.64037454 -60.38907576 73.25695638
v 35.27087874 -35.79378651 71.16609503
v 23.33197092 -60.36429602 70.45703058
v 23.22113899 -69.23748469 75.20693063
v 24.02834494 -61.27380246 74.90995787
v 43.38868196 -72.12046060 84.95219137
v 27.97871809 -51.66707009 78.27223706
v 25.54989188 -52.99568299 74.05455611
v 47.72555230 -43.32657569 77.03000110
v 37.62187931 -72.29782861 78.86395331
v 41.50093497 -59.26018509 84.13077409
v 27.28801186 -71.00262767 77.86170923
v 43.03523912 -38.07850090 75.66175895
v 28.59873303 -40.34606881 72.18497745
v 50.16519705 -42.46276134 71.80232690
v 28.69206385 -52.21065115 70.30419660
v 39.94310754 -69.84197185 84.72886854
v 30.89684330 -71.61525304 78.26835145
v 44.28043388 -59.80103842 70.65559311
v 30.50265753 -72.73979340 76.27532758
v 41.85215528 -74.73735953 74.00969162
v 23.06929193 -69.67718114 76.11014309
v 34.05672039 -36.43209408 73.75961020
v 38.55762449 -52.89677068 81.41594947
v 40.01304127 -62.83323086 85.05933128
v 29.95462379 -53.44872007 70.06174434
v 43.96222581 -47.93816806 80.54580582
v 23.71221540 -68.92575380 76.20212049
v 30.77187711 -45.59602903 69.43560021
v 39.01518446 -73.53299674 76.91403635
v 31.18423328 -39.94629305 75.51617684
v 34.88949089 -52.30307146 68.89777188
v 40.55050844 -75.04506729 74.29252588
v 25.80249175 -61.61318086 69.17684926
v 29.45076031 -70.09084068 78.76550781
v 40.98956452 -74.11210236 77.49162554
v 35.92270457 -37.21639497 70.29167362
v 44.23387882 -54.47398995 67.55969464
v 49.88933639 -42.95606872 73.68728311
v 28.53696143 -55.16032166 80.03557081
v 45.30396287 -54.83965855 81.11350306
v 32.19660810 -73.00962145 75.11789020
v 35.83814917 -51.98086473 81.18835074
v 44.90762261 -69.61728317 84.22285549
v 23.78962649 -58.10701392 70.58368811
v 26.70971627 -55.01814188 70.47702975
v 24.92762560 -64.57665017 76.94284282
v 45.84907624 -62.83262739 82.91965798
v 39.89383997 -53.30377308 67.47006339
v 38.77686367 -44.49827140 78.22002272
v 39.43086332 -75.67908342 70.37053140
v 43.33273575 -71.76242848 85.30649594
v 37.98344955 -71.77371140 80.16557031
v 23.50701537 -65.45618465 72.67012191
v 44.00842250 -71.49669180 78.08756523
v 47.16610021 -44.15313767 79.24203342
v 35.20174062 -71.99764618 78.10528223
v 36.41372327 -74.52848980 69.47455491
v 42.11972843 -38.00738973 71.14424787
v 34.52551030 -63.16883320 81.31034783
v 45.14061600 -42.39821181 79.30761295
v 30.72733573 -72.87769341 69.94457611
v 30.45818397 -49.34722975 69.67275512
v 48.39331151 -45.94625385 67.12557319
v 43.86222879 -71.71813465 84.87937358
v 25.44135913 -54.27237513 73.84386309
v 45.71156578 -39.95576659 76.17741278
v 46.60293720 -42.56391486 67.59371693
v 33.28475697 -39.47350240 69.78678878
v 44.57313643 -70.58945608 82.99858837
v 30.14914628 -54.89763327 69.78211057
v 30.97055505 -71.86976039 69.99296799
v 28.95201734 -51.34989102 78.90795823
v 28.37776181 -48.04289016 69.96345213
v 38.54757038 -70.16738295 82.82645026
v 45.92311274 -54.59012985 79.87233495
v 38.17092862 -72.19544619 79.65107102
v 41.80320829 -74.43991185 80.62619884
v 45.89868748 -61.85197029 82.47526549
v 48.65063356 -42.03663511 75.75959210
v 42.23768064 -49.58946799 80.33446187
v 35.64458143 -58.53988856 82.58311276
v 42.90755247 -71.53274867 72.09633406
v 26.87539020 -47.72124107 70.93167461
v 35.84620066 -35.35239051 72.04304039
v 25.95790606 -46.57270128 73.01320165
v 43.05473534 -73.49729156 83.18811937
v 23.75765683 -65.19150130 71.81960864
v 36.07886477 -65.24441320 81.63185276
v 42.30031715 -69.84274804 70.43391999
v 35.75848114 -67.82225081 81.06449498
v 44.27717915 -63.66524187 85.40670758
v 23.17905525 -63.89758404 73.29802297
v 23.89268749 -60.65188885 69.99600888
v 27.45616886 -46.22825783 70.67473997
v 44.60531910 -52.18258408 66.77772228
v 44.76592057 -66.54040558 79.64222726
v 41.23877194 -37.08930952 73.00201061
v 29.79326270 -38.15494831 71.13790455
v 43.66246270 -49.47838841 80.56921924
v 45.93932002 -57.04320475 79.75901324
v 42.29146302 -37.53881745 75.19984040
v 27.66051020 -66.01412778 78.93747685
v 27.40500598 -54.23460715 70.54715771
v 31.35172155 -55.74257248 81.88335716
v 40.93930037 -72.31278105 69.84705633
v 33.88629318 -62.40407344 81.46062325
v 40.17629368 -73.47412248 78.72476995
v 36.56633329 -73.53934932 75.79907572
v 43.76572922 -72.87145405 81.03359175
v 30.07860410 -72.92694323 72.46573153
v 28.83240887 -39.68812104 72.24454435
v 47.60221506 -43.87867387 67.38105698
v 49.25202632 -43.74233324 74.56479662
v 27.19916768 -64.92214625 69.43997027
v 28.55306416 -71.83217366 70.05068543
v 29.81024675 -40.20186421 70.39173587
v 29.93015987 -44.98189716 69.60368208
v 34.77819596 -58.27652919 69.20308367
v 25.62924464 -49.19379403 74.51853442
v 44.18051973 -71.74230641 83.27757799
v 45.58263772 -62.69427371 80.83170349
v 47.62277896 -49.33551669 67.77696024
v 26.60317850 -57.21897796 78.26702199
v 43.00868570 -54.66702173 82.23796654
v 40.36540694 -38.42659734 69.28647161
v 41.45997283 -49.99104360 66.49453654
v 36.58529645 -66.60012879 81.92200038
v 44.89496358 -44.49694329 80.44797497
v 37.54171728 -51.15747674 80.71227962
v 36.23834216 -68.61685061 81.15050239
v 28.04487621 -45.67692358 70.29689353
v 26.72546029 -46.37706494 71.57678825
v 35.91803354 -72.08704643 70.13690294
v 43.36953469 -73.27804879 83.12981488
v 45.54067900 -63.19718124 84.03936573
v 32.71627343 -53.81406818 81.77862394
v 43.21698153 -72.60722405 75.03721422
v 31.23364670 -66.90025438 79.85501397
v 40.92731494 -56.21518648 83.29028232
v 41.89547241 -74.45739849 78.57776444
v 31.26637269 -67.49823371 69.91040412
v 39.99158282 -38.65391412 77.12027678
v 46.09668770 -39.80901158 74.65093542
v 32.12776771 -72.06990102 69.97513970
v 44.83832176 -39.03719799 70.00830382
v 26.35637315 -63.12555616 77.91746569
v 37.55987978 -46.29476170 78.63400937
v 43.30020906 -68.30974012 72.27610698
v 39.93628891 -75.64205869 72.29016181
v 24.52536386 -70.19980394 71.91691715
v 30.85748103 -57.76073545 81.97363111
v 27.21400555 -70.70731915 70.19040715
v 37.75206941 -70.88436533 81.14126437
v 44.22383385 -43.19860290 79.73694042
v 45.82022757 -46.26847370 66.07583690
v 25.08953179 -70.07278850 71.38340574
v 41.28288566 -44.02186160 66.62090420
v 43.52567961 -73.41828916 81.62523876
v 23.96222169 -59.67510229 73.80758937
v 44.23375571 -52.01154093 80.50429046
v 25.53273656 -48.13174721 73.91985931
v 37.16860420 -74.93177309 69.79089458
v 45.89664217 -57.05407073 81.05186596
v 47.06585399 -44.71765255 66.65343490
v 24.30898739 -56.73452834 71.81857093
v 40.23023809 -37.01394286 75.89145589
v 47.00490742 -49.57475041 66.53346324
v 39.91093289 -41.38352469 77.80728816
v 42.88626612 -38.09818985 71.94437649
v 42.59133694 -69.05931383 70.60080228
v 43.34739658 -38.69733906 78.07424125
v 45.73582891 -63.09209834 81.98455264
v 29.22996223 -68.72345826 70.13674791
v 32.01653973 -51.96103160 80.71319339
v 48.05270224 -40.57140423 71.92584344
v 46.62141483 -51.69793407 67.49676991
v 25.13369517 -56.73733189 69.90250064
v 24.01955268 -62.43196907 70.19008334
v 41.69978723 -54.59122101 67.64002415
v 43.00082253 -43.17306420 79.16046006
v 23.73573646 -68.17184656 73.92896019
v 38.47789979 -49.66616813 80.01131748
v 32.33483918 -58.31109807 69.28171658
v 43.38743351 -69.35594625 86.02458143
v 25.40835796 -57.72756015 75.42360390
v 32.35734279 -72.01426250 77.74051787
v 27.92276325 -66.40885323 69.72299709
v 48.88235364 -41.41901770 73.82621183
v 48.75441756 -44.57178190 74.89293816
v 37.82412362 -35.45383892 72.29169348
v 46.60861587 -42.91979925 78.97122985
v 47.23239232 -40.11717222 72.50006304
v 30.46292459 -38.16446389 73.58031103
v 44.70352854 -64.60203390 85.22235944
v 40.27256560 -36.61715143 75.31994640
v 30.99750140 -73.05921952 73.95571005
v 41.00922302 -75.33415836 70.66452235
v 27.14134288 -49.28095130 70.64212610
v 40.67308331 -69.43154005 70.25529204
v 28.68381528 -41.01107217 73.93718379
v 42.53780673 -58.85341405 83.98792607
v 42.81416309 -71.39937881 85.61986289
v 41.73660965 -37.17793227 75.88903579
v 29.63543014 -44.76679356 76.80473504
v 23.88112525 -60.69276006 74.17252085
v 32.27973812 -73.37216560 73.33817734
v 44.37909779 -68.66027410 85.66488422
v 41.52248057 -52.57924236 80.74487103
v 26.39196427 -60.13533597 77.76027551
v 47.32407823 -50.08799085 67.27401444
v 42.94938962 -52.40444104 80.64131550
v 42.10663012 -68.61843743 86.14948358
v 43.94058768 -38.68483212 76.52947772
v 44.10789721 -38.85123755 75.79272850
v 43.37564774 -52.66830620 66.84840781
v 49.00914498 -41.36507920 72.69403876
v 35.05454908 -61.99234010 81.74514265
v 38.62231735 -73.29541256 77.21816189
v 25.60636716 -65.46168944 77.67047918
v 42.92257169 -65.33063535 70.64481770
v 27.54052553 -72.23048130 71.49449837
v 42.45212942 -52.86546108 80.86667903
v 42.26541415 -73.22190879 83.62247666
v 23.77797669 -70.28940239 72.90378408
v 45.61395001 -55.56673749 72.90265545
v 27.59904902 -60.83845143 68.96627785
v 38.81343079 -38.89003360 68.76113329
v 47.68828261 -41.02784410 75.74828398
v 49.05637892 -41.50756569 70.87896433
v 44.53702578 -67.67273282 78.51981588
v 40.75509388 -75.52974971 71.47409775
v 48.15558553 -46.58587141 66.38191633
v 41.50520866 -74.94715477 74.06049855
v 23.51057671 -70.41672500 74.98134999
v 28.02850870 -56.36465139 69.42724977
v 38.77476240 -66.04835297 84.21805999
v 34.73034374 -65.15322596 80.91327788
v 33.94690988 -53.80211983 69.30670687
v 31.77909458 -38.12251869 70.47831760
v 44.37601125 -52.87443119 80.67076694
v 37.14668616 -70.87276820 80.55458555
v 45.08878501 -63.66219246 79.53064496
v 36.92773706 -64.65650627 82.44704322
v 35.80343464 -55.15204403 82.47807396
v 24.52455424 -64.86299885 76.47825686
v 34.90712986 -56.71576627 82.66291971
v 28.98926464 -38.98851922 71.50965710
v 42.00884011 -53.70993780 81.49730756
v 41.76890152 -73.73656237 69.71453043
v 48.69125350 -42.90101394 75.80092932
v 42.83782680 -74.27669149 81.32281203
v 34.96170839 -71.40059120 70.37529855
v 26.40678288 -71.39766088 70.44354896
v 30.99673213 -57.44010101 69.25472376
v 42.61173517 -61.20418832 84.94453288
v 45.63729365 -59.00692608 82.70107719
v 28.36569036 -53.04642095 70.45785549
v 29.30417681 -39.99179845 70.60770446
v 47.23791080 -46.29577513 78.10928629
v 46.24276442 -51.10959844 66.80083919
v 27.57938985 -57.46728799 68.97925469
v 48.78362559 -43.90520641 75.27426406
v 27.26857612 -43.67233726 73.85728502
v 47.30934100 -40.64652789 69.61882809
v 23.81251721 -67.42757403 73.62740110
v 30.22551717 -67.91930763 70.01006038
v 26.60918758 -58.72488776 68.78226249
v 41.27305664 -74.88940806 74.71196145
v 41.10680460 -73.52115251 81.45970469
v 47.55849450 -42.77217228 77.29381852
v 28.68713794 -40.43387043 73.25252730
v 41.23354423 -53.40803617 81.24136266
v 37.34100289 -54.71128319 82.32064813
v 31.33821906 -70.35963730 78.91901066
v 40.50015605 -40.95599926 67.45423781
v 37.16007144 -65.44027736 82.59038326
v 37.78108562 -74.71626544 69.11015797
v 40.34200784 -75.63505323 71.70814342
v 45.94666368 -60.69152157 82.60343951
v 42.98924581 -73.32370287 75.49890541
v 43.70884510 -40.27770877 78.86561476
v 30.81939961 -51.13663316 79.82793537
v 28.40081592 -42.60758866 70.90800865
v 41.09764904 -44.42921042 78.45679027
v 42.04724981 -63.04133687 85.54314676
v 33.04852137 -51.38425507 69.30012201
v 34.89909063 -65.98896151 80.84390232
v 23.56721597 -70.11245588 76.59880090
v 26.94410483 -63.67225773 69.22667804
v 32.88936973 -57.34924742 82.47117310
v 25.30227755 -66.51008195 77.52449045
v 25.33702559 -70.72671689 70.66738193
v 43.68225979 -42.07533628 79.18828869
v 48.48555497 -46.80999206 68.51788368
v 30.55424124 -41.08891963 75.90730381
v 40.12551475 -38.07630495 76.77945001
v 47.20700557 -47.33375273 77.17609245
v 49.16788838 -44.71910089 74.03777148
v 26.04888802 -54.87340714 76.31375166
v 27.77998043 -44.68409587 70.84136520
v 25.42410195 -67.82488528 77.70913502
v 27.20654950 -43.78286623 73.35954685
v 43.44781461 -41.28260093 79.07863423
v 43.44131277 -51.41810720 80.48078267
v 24.52098681 -63.58934256 70.09807877
v 50.17088853 -44.83283329 71.11211493
v 25.33478267 -68.69967070 71.71102559
v 37.22246060 -47.72645247 79.05847726
v 40.27369802 -75.46088880 69.20751747
v 23.31823770 -59.46367407 70.86447115
v 48.03574643 -48.10341442 67.09278128
v 23.78290005 -68.87741536 73.50168088
v 36.01301221 -56.98802823 69.02590824
v 32.96713212 -52.75274506 69.46931153
v 32.13603728 -42.66514484 77.18501816
v 28.43657504 -48.95390931 77.59312214
v 29.46802096 -72.37527567 70.12376641
v 45.06617330 -66.52285095 81.11998133
v 37.98745506 -70.04165818 82.11194955
v 39.50104094 -48.73765804 66.91346726
v 38.08926498 -74.98525871 73.57967531
v 26.32965373 -65.78196781 69.86876037
v 44.52365865 -69.78991652 85.47480152
v 30.35538001 -52.50802188 80.27167923
v 24.58987602 -62.00859614 75.94112560
v 45.09556722 -57.80732250 82.87397844
v 41.56929393 -66.69243799 85.94021250
v 37.62651587 -58.46058733 69.04044678
v 47.02497293 -45.83547372 79.45656186
v 27.82637739 -72.02277814 70.52749300
v 42.08875998 -74.47749928 77.83162832
v 26.38273999 -45.87630020 72.59327521
v 44.90970182 -65.78382103 85.17928523
v 24.36909851 -62.85370859 75.84761879
v 37.55384921 -50.30797579 67.67842990
v 35.93535745 -53.68075816 82.02542417
v 30.31568582 -72.95917476 74.33573935
v 25.73855683 -65.92258609 70.32464790
v 34.79115044 -73.50505931 69.22892452
v 28.10400110 -56.60237452 79.99986924
v 25.75946179 -59.34673473 76.61520985
v 28.49020364 -41.49450953 71.13007019
v 33.97141484 -46.31060621 78.52235710
v 46.29612398 -44.39547112 80.56381344
v 41.17734788 -72.30508899 83.80318405
v 26.75673524 -67.43434917 78.41712758
v 36.61987524 -72.74746699 69.70959977
v 38.66966777 -74.60665845 74.67655493
v 38.08461963 -71.05644911 70.38823889
v 43.53440978 -72.40368921 84.50979961
v 42.85843411 -68.20167254 70.84060975
v 27.51365502 -71.74331304 70.18389254
v 43.13146131 -72.89160607 84.17961088
v 27.95339178 -47.05166631 70.12165592
v 43.81805072 -61.92140615 84.93403240
v 27.93030447 -58.20394145 80.11536858
v 39.06534339 -36.14177920 74.34287394
v 29.76730745 -50.34138423 69.89995549
v 27.07254066 -44.20864618 74.30134447
v 25.19124013 -54.82941804 73.32867467
v 34.08451185 -69.30867677 70.36278607
v 44.09823278 -66.47461082 85.73444084
v 45.95428707 -49.64469459 79.80616000
v 31.13577393 -55.25812496 69.63304920
v 39.49830098 -70.28542095 83.92119402
v 31.29089207 -72.05416074 77.69637698
v 45.39246526 -66.28881281 84.29517502
v 39.36197667 -68.97704760 84.34508419
v 44.56279095 -70.62627598 84.09175944
v 26.32731175 -49.55117545 71.62312547
v 34.02184130 -70.25054682 70.41016268
v 29.14284893 -41.22250755 74.86697635
v 39.73231439 -75.51103011 69.02237901
v 36.14836315 -71.73093302 78.89424965
v 37.94336540 -68.96349398 82.62513467
v 26.27985520 -51.70536482 71.85243323
v 48.89625126 -47.02398488 72.41891430
v 39.63142048 -36.24630585 72.47247545
v 25.50255922 -53.37476639 73.34636200
v 42.35746258 -74.45705728 77.71209131
v 43.32635793 -46.83460584 66.09403290
v 30.48574879 -40.71921154 70.15029261
v 41.01305184 -71.76119204 84.15596414
v 45.56678280 -49.03831239 80.11380869
v 46.00744611 -56.03144992 79.21983826
v 27.47380002 -64.61176454 78.81804830
v 41.52750168 -74.70273891 75.24448774
v 42.72643280 -74.15914816 77.08208516
v 37.96654404 -64.94607688 83.46613405
v 45.79386532 -57.03685493 81.44633021
v 24.72353000 -68.16425428 72.33369669
v 39.52821820 -75.37565195 68.75407835
v 44.20683842 -39.97933594 68.06632857
v 42.81578884 -74.26400180 77.64218300
v 43.11029975 -67.16834779 86.13128198
v 30.02310937 -55.83433591 69.59677500
v 41.69407695 -74.73286196 71.35907734
v 28.21163376 -42.05011773 71.50192839
v 41.81389510 -74.53425203 76.44420232
v 49.91165840 -42.33820546 71.16053957
v 35.97386973 -69.59835726 80.59757540
v 46.32358326 -42.27880145 78.46000947
v 26.44650571 -51.36666027 76.45364746
v 26.28533247 -45.69797971 73.70783338
v 35.70515252 -72.78237214 76.85098421
v 49.15957878 -41.75934523 73.94027982
v 46.63118400 -51.24882256 78.53615363
v 41.54068002 -72.67847195 83.75468331
v 39.97488090 -70.77167508 70.26671593
v 42.63747913 -43.72911392 79.04593357
v 44.44404842 -60.69285083 73.60848453
v 44.25485903 -71.24860492 84.64568070
v 34.90538292 -37.61867798 70.09704241
v 26.28662249 -71.65671935 77.00149420
v 42.43915539 -37.74324338 74.58804540
v 36.23745688 -70.97626489 79.81538515
v 44.54304857 -55.95900017 68.36823827
v 34.39266697 -37.10819233 74.57109757
v 45.76428629 -40.09936655 68.88271191
v 34.60588570 -73.64710976 74.37477936
v 45.73607242 -51.69088994 79.79812596
v 47.30425875 -43.97072737 78.38382349
v 39.05683056 -70.44858558 83.27255419
v 24.91920975 -59.98958760 69.25062976
v 33.09561676 -68.36412806 70.17227850
v 31.44638920 -70.74258338 78.80576764
v 32.93534283 -51.46171528 80.60873070
v 43.12746565 -65.21369896 70.82699168
v 27.40396446 -58.17553243 68.85441555
v 28.94332268 -49.58674015 69.94740051
v 43.01369642 -70.41514026 85.93193431
v 26.07269997 -67.37905191 70.76884685
v 42.96466513 -60.76523655 70.03985879
v 46.16843452 -54.64235221 78.87701356
v 45.60063764 -55.12040371 80.87410305
v 38.59426715 -71.76863821 80.95986320
v 43.47942700 -38.37079875 73.98467071
v 36.87737273 -74.31735101 69.13360489
v 37.22831903 -73.82795907 75.50386301
v 42.02110601 -37.76485622 76.96445127
v 23.13515369 -62.17722446 72.49642494
v 49.51837318 -43.23014684 70.04131154
v 41.88565655 -73.25446478 69.60383282
v 45.35403756 -39.22766821 73.64801218
v 25.64228043 -52.48032743 74.69241784
v 50.67660277 -44.07929723 72.07527951
v 41.63531313 -74.83086615 70.61231239
v 30.00348087 -72.37138752 77.30565151
v 34.26617680 -50.79738132 80.34609003
v 40.87745580 -60.56935301 84.52743610
v 41.32465127 -68.46624319 85.92590737
v 39.81799274 -36.17677887 74.39666345
v 30.51832898 -49.46184109 78.94833436
v 29.16304703 -67.77797204 69.96257136
v 31.44221873 -60.07779253 81.80306347
v 43.06080375 -66.46603055 70.92660776
v 42.77025712 -63.26868641 85.64879260
v 37.26567711 -61.44631502 69.44220085
v 25.39234007 -58.31602193 69.03301741
v 36.81187401 -61.69348320 82.56749467
v 48.04509205 -41.60446681 76.30206324
v 44.37277395 -70.90855159 81.73506432
v 38.97856731 -64.45590945 84.48666263
v 24.52550218 -59.28819885 74.74279445
v 35.85116037 -53.93204769 68.79541652
v 26.99766079 -72.56589828 74.97488558
v 31.91659898 -73.29728947 69.35064816
v 39.91204513 -74.48359375 68.97218992
v 25.56620321 -47.94205351 73.21884032
v 40.66296497 -43.11293398 78.14693545
v 48.44708821 -47.18682160 69.06540253
v 29.00528265 -40.67113628 70.59375202
v 41.30097043 -38.44476097 77.43818655
v 38.83595772 -75.62710196 71.03311887
v 42.41538924 -72.58680504 70.34682692
v 40.62387542 -75.29838832 73.48545683
v 34.60429136 -42.72481392 68.57796339
v 28.44568180 -41.05630937 71.62519686
v 37.18039302 -35.37871381 72.37182977
v 31.19400132 -37.77644121 73.81237762
v 49.14609777 -41.52890024 73.30863269
v 33.68941501 -67.44207000 80.03437167
v 29.90791763 -69.84081533 70.26902426
v 46.38174671 -53.50075895 77.57241951
v 32.46368996 -60.98709919 69.29889285
v 44.63615826 -42.83959663 79.65550950
v 23.55619992 -68.68996051 74.19631146
v 42.54787701 -61.55564383 70.14380458
v 42.81359541 -73.90075737 82.52138770
v 43.95792455 -70.73637255 85.67460319
v 43.80173814 -71.50938706 76.49697273
v 37.42477433 -41.93292198 77.75042964
v 29.37277879 -72.21283364 77.52820846
v 33.01908017 -48.71190461 79.18954452
v 43.19106544 -38.20886040 74.77071171
v 44.43765270 -66.87705836 77.46394738
v 43.80422862 -46.18165961 80.28022898
v 43.00668984 -73.76991169 77.08809222
v 24.51648394 -71.24151663 75.53464286
v 41.48900848 -71.52812579 84.79505686
v 39.16708084 -75.21921712 73.52001072
v 41.90336144 -74.54608102 79.47967258
v 45.13128405 -39.71099444 76.65096337
v 28.34266071 -72.77596168 75.21109506
v 38.37209808 -71.16210301 81.67967595
v 45.75368999 -62.41788683 83.40570734
v 44.77651365 -63.17063501 77.63361070
v 35.34100554 -70.13816389 79.95837103
v 46.97773079 -47.01908243 79.08245228
v 33.87281784 -35.66186851 72.04682693
v 48.41341448 -45.20633972 67.71867484
v 47.05008386 -47.33304791 78.42484297
v 25.74245768 -48.10819524 72.63251927
v 42.93509841 -74.28785373 79.14354662
v 27.23019348 -60.95305305 78.71969197
v 38.12991274 -73.84328046 69.03605508
v 46.63853574 -43.40238861 79.64551100
v 35.60243716 -36.51530062 74.18629940
v 30.24869901 -38.98427080 74.20045355
v 42.87243415 -67.12103973 70.69607878
v 26.05782496 -57.83198151 76.99763306
v 24.84634713 -56.09989232 70.79377956
v 44.09935814 -38.77079319 70.15443690
v 40.26904233 -61.47675376 84.66687074
v 41.23261658 -73.41192756 69.33824367
v 44.01553656 -72.21138496 82.06202488
v 45.27883413 -65.92499101 84.72190764
v 43.80619932 -64.95905275 85.83281989
v 24.46697130 -56.63430424 72.83858256
v 49.12800974 -42.43491851 74.98191861
v 38.76852184 -37.01601097 70.75079084
v 39.17023756 -70.73773863 83.13931321
v 41.15786394 -62.10555476 85.19210470
v 26.97875876 -53.26337627 77.71877624
v 42.56474382 -70.75245587 70.57337107
v 38.22257270 -53.03994425 67.90891782
v 42.78890717 -73.98037254 76.48042488
v 44.77995583 -61.14159049 84.17994712
v 24.72463926 -58.69234936 69.32138500
v 45.72876075 -50.39516681 79.87549707
v 33.51295234 -64.15631071 80.85623687
v 36.49278526 -56.90383681 82.73346883
v 36.31318620 -73.11474815 69.37158558
v 26.25059256 -46.45367426 74.52967046
v 45.01548705 -47.80144916 66.06386936
v 30.71850542 -71.15847069 78.54502728
v 43.05726170 -38.13849889 72.88193561
v 37.13631815 -63.54740538 82.76845917
v 29.55714684 -47.57947308 69.66768634
v 44.02397367 -71.71476842 78.97206425
v 23.75608963 -63.63051424 70.74476703
v 37.43204381 -37.18926718 75.39182455
v 39.72801468 -72.86856745 80.10493164
v 30.40815931 -45.55085923 77.41719838
v 30.57404690 -66.25646975 69.71629450
v 24.97487627 -62.97567842 69.64248845
v 44.74869927 -63.67858620 85.04880252
v 38.51736693 -69.61999163 70.27217009
v 44.89886804 -52.52810622 80.38632039
v 42.94531076 -64.75989575 85.90611238
v 42.92260739 -49.11369643 80.45438332
v 37.68583434 -35.57584736 71.93717404
v 46.65079713 -43.76167920 66.96889639
v 32.92374585 -37.78014282 74.63401329
v 45.42605157 -53.44595676 80.26468224
v 28.18641157 -69.18822033 78.67799814
v 24.08975033 -68.91052724 72.98122659
v 36.68045552 -69.57633541 70.36628923
v 45.28753086 -40.00548063 77.14747410
v 24.12810619 -69.81068919 72.52709104
v 28.46311350 -44.64944297 70.16412492
v 43.24186482 -57.53606103 68.88082832
v 43.34956624 -56.81911760 83.32248618
v 33.54993238 -72.65226968 76.62155665
v 33.32701813 -40.03290394 76.45124343
v 43.40928375 -73.47444165 82.34639721
v 30.22802974 -48.86790574 78.56809044
v 46.69733414 -41.05789643 77.12268566
v 44.85271145 -67.09397295 85.19174619
v 26.69923535 -68.18300929 70.58489088
v 45.42846115 -45.11026166 80.64925124
v 29.25943820 -42.99248634 70.06495177
v 25.52324888 -62.75539150 77.17143920
v 24.96008301 -70.99203060 76.91191524
v 27.34715942 -52.75599441 77.99517232
v 35.54175287 -66.57962771 81.11805216
v 26.32427830 -59.05727246 77.71467865
v 44.44606370 -60.69208641 84.24482457
v 39.04674857 -72.57899419 79.49444270
v 45.45127087 -47.85353302 80.41860912
v 28.09849585 -42.64293718 74.59793769
v 45.93486597 -41.16937633 77.92267728
v 36.73713488 -58.18638385 82.76964186
v 27.51917509 -55.28403776 70.05940413
v 37.81244629 -71.96684262 70.19325262
v 29.57155577 -57.65447294 81.33709239
v 44.21579584 -50.70849302 80.45168191
v 43.56217567 -67.56948786 85.99831005
v 38.53012899 -69.29920458 83.33434624
v 27.69854674 -58.59174705 68.86426626
v 41.83602351 -72.75139322 69.69259578
v 25.73017477 -69.55059651 77.76292511
v 40.03776376 -52.51831031 80.93823097
v 35.93150164 -55.54181978 68.93301909
v 42.41075196 -51.14623439 66.51224733
v 28.58219324 -63.88549719 79.53393946
v 31.59435636 -61.91481896 81.30596807
v 40.11022555 -71.50408450 83.37451647
v 28.22071012 -71.77701404 77.75986925
v 46.16018882 -39.97236004 75.27689864
v 26.01871059 -50.60822324 72.24086451
v 40.17222143 -64.18016920 85.26092794
v 43.01170019 -66.13853506 86.03133430
v 31.38292332 -51.69767353 69.72502556
v 42.84322609 -70.86389817 71.36720915
v 32.18000111 -71.62670753 78.19057624
v 42.66656493 -40.00446094 78.70567652
v 42.52636608 -41.20205653 67.31801360
v 38.17164357 -54.60190758 82.26036682
v 46.11694447 -47.92433125 80.02541191
v 25.84292550 -57.03451481 76.17447428
v 47.02675669 -51.17059244 69.60425722
v 47.27402816 -46.00161983 66.27779036
v 50.05637149 -44.61682485 70.62861509
v 25.51299185 -53.98992073 72.25628378
v 48.17768824 -48.86268057 70.47112051
v 33.46908740 -52.85478063 81.44231847
v 28.12826589 -45.11295448 76.08317605
v 31.80606919 -38.36777776 74.67723944
v 34.72371505 -61.13230873 81.93665973
v 28.85221358 -58.87189128 80.85646538
v 25.68923166 -60.97611166 76.86897735
v 24.66273864 -57.83775830 74.07103972
v 30.98655938 -53.70262441 69.86637630
v 36.39851021 -35.49430482 71.62851139
v 29.01455638 -47.84550584 77.50605768
v 45.87311383 -53.59599568 79.78122121
v 45.38466844 -55.88416695 69.70339936
v 36.13160157 -63.84442768 81.84942881
v 37.00623081 -75.10632118 71.85903038
v 29.32765300 -72.60449672 71.02625359
v 43.80338143 -72.69629948 82.85651124
v 25.59545728 -53.92636689 74.50401832
v 47.88453227 -48.37149797 66.71154542
v 32.32788482 -59.68099609 69.27176222
v 44.70127165 -51.60008970 80.34687940
v 26.89423539 -55.78727018 69.92541331
v 42.42903572 -74.50125446 78.57189455
v 42.39390323 -73.38717676 70.71566567
v 23.85646935 -67.12469803 75.06243972
v 48.17573717 -43.36326795 76.32656288
v 44.08597236 -54.52465803 81.76743624
v 42.85614137 -73.81025348 75.94411426
v 50.35931782 -43.47634885 70.98126542
v 32.71644848 -43.53804093 77.66420631
v 47.04570814 -48.39580544 77.59394092
v 38.82622970 -56.23340414 68.47463399
v 37.96952986 -53.80682127 81.95811402
v 41.90933603 -74.60360896 75.20698111
v 40.89925023 -69.96601367 85.37244896
v 48.69055057 -47.33986078 70.03939196
v 37.01858104 -59.57300123 82.77363451
v 39.49993413 -74.14547654 75.99369048
v 25.00029385 -65.50529224 70.65289461
v 31.28116758 -38.29843357 74.35814995
v 40.27709193 -62.18708181 69.79617758
v 36.55354033 -63.02766727 82.27798340
v 26.13464722 -70.29426018 77.73391873
v 27.69400360 -43.53810655 71.71315256
v 28.91339512 -69.74455063 70.25434774
v 26.30992079 -47.82301071 75.18348784
v 27.19486437 -72.03985601 77.00322463
v 43.74653063 -38.76563069 77.48633552
v 31.91853260 -37.13016470 73.66607274
v 46.71976803 -47.67103732 79.36118423
v 47.29789956 -40.50988387 74.66893033
v 44.99001072 -68.28436438 84.86646929
v 27.07302742 -51.14859979 77.17043610
v 35.11384725 -73.18011224 75.77306565
v 48.73692618 -41.17811093 71.55965757
v 40.85053667 -41.74985833 78.06257219
v 42.27428395 -61.62775133 85.11447778
v 44.90599323 -39.60618916 68.88351872
v 28.67184467 -50.47213902 78.38166419
v 48.13594273 -40.71665344 72.78744400
v 41.29295997 -74.84034589 69.72578015
v 43.24810133 -38.30710680 77.32900444
v 25.81387968 -58.18265751 68.89672701
v 34.11392251 -41.79223498 77.49956804
v 38.13683563 -66.44060075 69.92732221
v 39.85241109 -75.39245831 73.23186912
v 46.99354330 -43.31356923 78.60296094
v 47.57329242 -44.02818397 77.26103324
v 33.53683857 -70.54312451 79.13153734
v 32.30250035 -36.22669309 72.22936757
v 36.49822697 -72.63219805 77.49168774
v 28.40899287 -43.90417008 70.42889605
v 41.29638411 -38.27943706 69.69614222
v 33.22217870 -72.34803564 69.80313572
v 24.61228677 -58.08068235 69.46661462
v 35.45532837 -48.19649189 79.09284854
v 28.16944704 -67.42466883 79.00454755
v 34.93480814 -56.23534501 69.13745701
v 35.23895944 -74.56932462 71.73938476
v 27.00010404 -70.00439850 70.32624362
v 30.06302852 -72.37336124 69.93123314
v 45.98443851 -57.87750002 80.43524726
v 31.16382636 -72.79837901 69.67955848
v 45.39770847 -55.16375657 68.42167925
v 30.33322504 -52.14966857 69.99894606
v 35.57517322 -42.94222864 68.23284980
v 37.42208556 -67.75981530 82.45454852
v 40.84984731 -74.80707324 69.21585803
v 42.91547544 -55.83222594 82.90001079
v 25.22232222 -69.19577260 71.66166066
v 42.28652839 -73.89033590 82.36566036
v 39.78476229 -73.14459721 69.41445107
v 34.56177182 -37.82430366 75.28569081
v 33.58164387 -68.85326323 79.75719706
v 41.03876224 -64.37378215 85.55804872
v 29.91286212 -42.43473436 76.10151988
v 38.75229252 -68.31376601 83.87340600
v 24.08461896 -68.23573067 73.15916579
v 39.99849232 -65.52927571 85.29164710
v 25.62746423 -52.40184703 72.89040541
v 27.83516684 -58.67178889 80.01099008
v 48.81534399 -42.76361244 69.32407404
v 30.19536854 -38.73913611 70.71221622
v 49.14775402 -45.59044175 69.60489552
v 46.56345271 -52.05884240 68.10765241
v 43.77540210 -68.36394118 74.35595383
v 24.26944685 -69.03390378 77.03363615
v 42.29282955 -52.23408204 66.76853466
v 24.97400622 -55.23230400 72.88438610
v 42.63123094 -73.88785370 75.00494827
v 38.08844476 -68.25311867 83.01992894
v 29.69768781 -39.36251214 70.64665836
v 38.92936338 -53.58091802 81.66824216
v 29.63975834 -51.83354183 70.07727944
v 40.71919679 -74.65889422 75.44544756
v 33.50033870 -47.98013820 78.94875165
v 40.66894074 -36.45549600 74.62642602
v 38.81668726 -42.00263016 77.76327230
v 31.25236009 -70.22387700 70.32659489
v 41.44838368 -75.04603732 70.89085462
v 49.91595408 -42.69515705 73.44345417
v 28.27082971 -72.73194832 76.01522430
v 32.33767761 -69.40644040 79.34790561
v 25.87428330 -52.24604609 75.45489848
v 27.13240895 -44.45134209 72.20655097
v 25.37371391 -54.56723785 71.87309026
v 24.38048976 -59.11313026 69.50511457
v 33.89296246 -41.44366487 69.09992491
v 39.16765900 -63.77148157 69.77096387
v 23.47515067 -58.87732513 70.33876661
v 43.55172646 -71.60365927 75.33332926
v 37.27293450 -56.07294659 82.69147974
v 47.98351072 -44.30961086 76.34240535
v 36.57671742 -55.72718886 82.61580066
v 44.07756587 -56.70054128 83.05388780
v 24.35244274 -57.89032401 73.41836355
v 25.50981650 -50.94653097 73.55699695
v 33.56957387 -46.05871921 68.76193487
v 43.75154552 -72.18835728 77.50192449
v 24.84486521 -58.30540663 74.70542183
v 44.55503646 -69.34968939 80.33438825
v 42.30881221 -70.92616828 85.63186729
v 32.88208841 -36.01097376 72.70785463
v 39.82815376 -59.44531177 84.04508768
v 29.01316402 -72.87401540 74.51516366
v 43.74340643 -72.62194176 83.58082304
v 45.51401367 -65.16936911 84.33172762
v 33.27457863 -36.50185469 70.83724758
v 46.17526397 -49.48120775 66.29530824
v 43.65617161 -38.50210894 76.68211921
v 32.10264300 -56.32568471 82.24690229
v 44.16277512 -69.04750628 76.63360288
v 24.25359422 -71.03475759 74.28067661
v 27.21022471 -71.45059599 70.10233801
v 44.48438159 -70.42886152 85.18421372
v 33.44813945 -70.22859453 79.29196924
v 26.53637331 -49.32066174 75.92927636
v 35.40620406 -73.90826124 69.20832925
v 43.70090905 -54.90669442 82.18633509
v 46.52072435 -45.95115310 80.30201054
v 25.62686240 -47.35098329 73.88280837
v 37.34451225 -38.92379729 69.05182224
v 36.71946161 -48.53291776 79.34652601
v 25.47213251 -53.52947409 72.88964734
v 23.10531685 -69.66552196 75.11659306
v 39.95370084 -53.60607089 81.55082281
v 35.59625605 -74.14423223 73.86463226
v 37.80074478 -72.43567909 69.96794543
v 50.05783172 -44.52927880 72.39394068
v 42.02167588 -68.12757312 70.41375620
v 46.00758385 -59.18096676 80.69517846
v 47.03883465 -50.55769683 67.01307370
v 26.64520715 -50.30083648 71.17945730
v 44.52285411 -43.95345135 66.47102182
v 25.14766502 -61.73655967 69.41330961
v 46.49304074 -51.55356149 67.20168453
v 28.22927124 -71.48112602 77.95613077
v 34.14194895 -65.61893313 80.61842915
v 31.32165321 -40.13020327 70.08287301
v 27.93364211 -44.98569987 70.50813300
v 45.92428488 -58.07752558 79.97078838
v 36.60901764 -68.37260993 70.21368044
v 28.03830077 -43.68961528 70.92278809
v 33.29423917 -54.51783134 69.47344661
v 31.50147444 -72.52833754 69.73529977
v 49.43878317 -44.33557215 69.69180559
v 26.08773374 -49.04301271 75.33376792
v 28.19802945 -53.94937224 70.39379183
v 43.60876077 -58.14779336 69.24840695
v 25.83389230 -58.35427607 76.47153555
v 49.11135286 -43.75984052 69.29993874
v 42.78017186 -38.33132560 77.83067010
v 24.67081665 -67.27166495 72.02086883
v 41.90577807 -73.33554160 83.07732322
v 46.61766198 -44.48301808 80.38602655
v 26.66833337 -52.30152211 71.32099840
v 45.05901027 -55.57400137 81.92403742
v 25.57346345 -48.37747326 74.26855104
v 26.96153395 -55.42087336 78.37065712
v 41.07974674 -66.86026344 70.23299757
v 42.14875383 -64.65791738 85.86298520
v 44.65424909 -70.42037463 84.56895132
v 45.00803687 -46.42780988 80.60620429
v 38.98788942 -39.93639076 77.46003022
v 26.01283622 -66.93244616 78.03145910
v 45.51340007 -56.52400467 81.81233625
v 45.96789242 -43.00128644 79.63530905
v 39.65255192 -68.71854923 70.17663639
v 24.80023073 -68.17814156 77.27157838
v 23.55024339 -61.65331878 70.46456836
v 35.64652374 -44.40966126 68.07783017
v 42.47404613 -68.07979142 70.50243758
v 32.59403700 -70.76206044 78.88566642
v 45.89847413 -58.52791361 81.67702952
v 41.26782909 -37.54960325 76.63986188
v 43.30303553 -73.79053154 79.70016261
v 33.82626861 -71.83576911 70.15068320
v 43.26217369 -50.79580276 80.46453088
v 40.44791818 -50.72792072 80.28358245
v 46.08463666 -39.60683277 70.19229608
v 34.90064595 -72.42936061 77.24066622
v 42.27681570 -37.72843747 72.96322242
v 33.84970401 -57.56972079 69.22187221
v 24.21658598 -56.99590915 70.91878692
v 29.19016865 -39.05469086 72.35052140
v 44.76809034 -69.20192450 81.93733860
v 37.69052196 -73.22956281 69.36095954
v 23.46063001 -59.68837065 72.02646828
v 31.92648312 -58.82508582 82.18860462
v 44.82241477 -40.19009200 77.92137594
v 41.16593585 -63.26415363 70.02363890
v 38.01572186 -66.66417105 83.33124204
v 43.12574462 -71.73502506 73.19676131
v 47.59654061 -44.95998865 77.21074127
v 45.94952419 -59.52015082 82.32190301
v 41.01015610 -65.63531657 85.75257466
v 32.49371389 -36.30728419 73.05736637
v 24.36335134 -68.10486588 76.65573782
v 27.06655970 -69.34934362 78.28328479
v 31.18807523 -37.46956921 70.97839091
v 31.67672664 -47.01308531 69.26605713
v 44.16624858 -69.47875053 85.84054911
v 50.74279833 -43.74051745 71.75470910
v 40.70184502 -75.39581864 72.88762325
v 45.50828010 -55.51426712 81.39928353
v 37.43597815 -36.74596448 74.90242794
v 39.71980477 -74.70395810 74.92179735
v 41.16586897 -40.36452436 78.08184744
v 37.73502406 -62.43528887 83.33715513
v 26.07179202 -71.11068960 77.34006440
v 35.71858828 -60.33599141 82.31600151
v 45.55014385 -57.95955689 82.41129067
v 39.91283423 -75.43732693 68.65163833
v 27.77660317 -72.55769488 73.03386195
v 23.43951829 -68.94592791 75.45691707
v 49.75943520 -43.31050671 73.89959638
v 45.19819069 -67.80436033 84.20933241
v 40.04772347 -66.85474633 85.27510311
v 48.59907400 -45.59224460 68.08412245
v 42.58336110 -74.15461376 75.99347729
v 39.11395144 -36.86272610 75.37648009
v 43.98136043 -39.06846219 69.14087763
v 49.61537723 -41.90093772 72.64489026
v 34.08575164 -72.80856223 69.55737567
v 37.24431670 -37.85091289 69.82342836
v 42.44192786 -39.72561213 67.97782931
v 23.15511721 -63.81342005 72.12189082
v 46.15678003 -42.54403346 78.94545125
v 46.33325865 -49.18307745 79.49253399
v 46.20095680 -41.89934610 78.26624709
v 45.01946505 -63.08012324 78.59523286
v 43.13875650 -41.92004204 79.03071756
v 35.48915285 -74.15798775 69.30811391
v 45.30537356 -51.12042129 80.05956644
v 23.31820247 -69.31040752 74.21911702
v 34.55184765 -70.89758017 79.10216957
v 38.51204495 -75.29011895 72.91603510
v 37.95358874 -70.61625651 70.38475951
v 37.25135517 -54.51017854 68.45268205
v 36.42920241 -67.72604739 81.55880460
v 46.37856623 -53.42207069 78.39479005
v 25.86198863 -55.85192623 70.22159625
v 48.64801631 -43.33425944 75.70566722
v 44.70258896 -69.82667337 85.07250949
v 46.33268169 -50.84694105 79.26301721
v 27.42305680 -61.59356646 68.99857125
v 44.14791037 -65.43532483 75.47948647
v 35.36785937 -64.88128611 81.22934392
v 42.20535089 -60.26510439 69.72614469
v 41.68638683 -60.68039620 84.67772798
v 32.79792829 -43.27881252 69.12546158
v 45.64250430 -41.97869156 67.55191900
v 23.49479438 -69.70568321 76.67573040
v 40.40445944 -75.55000016 69.99826716
v 37.99579924 -36.48946723 71.09441445
v 36.06483194 -61.85173161 82.14307208
v 39.54302911 -37.44243602 76.10394214
v 38.62092547 -58.12022100 83.29818889
v 44.64903088 -48.24557581 80.55173316
v 43.52722625 -71.13609590 74.66244458
v 29.85150918 -66.90858968 79.59819746
v 43.79027214 -65.97082034 85.83506498
v 24.84223012 -71.40919264 73.21762936
v 38.53409939 -36.27397901 74.50107581
v 45.57249924 -48.62687875 66.12386882
v 40.09574934 -72.41869840 82.09414627
v 48.11213171 -41.03880214 74.47564649
v 30.70981513 -58.19330408 69.18639766
v 49.14004109 -43.19729535 75.02706493
v 34.39482037 -64.19500266 80.98017816
v 33.59289222 -40.94719895 77.06067020
v 37.86288639 -63.96010453 83.41433470
v 34.40127440 -71.74386884 78.19235851
v 44.31992323 -65.07040276 85.58007490
v 41.76737200 -66.91378030 70.35675879
v 43.09412511 -68.74463125 71.66427661
v 44.65659261 -54.70642740 67.75375423
v 43.78334285 -72.54326666 79.04265676
v 42.01697549 -42.31837485 78.57390273
v 34.81292369 -74.19615659 69.56425148
v 40.47262005 -74.82733814 69.01621473
v 42.77198254 -39.43599808 68.21353294
v 26.63413263 -53.84806769 77.33625239
v 44.13321393 -42.14344913 79.25054806
v 25.55002242 -55.47781753 74.81307117
v 32.47713705 -53.37986668 69.61781699
v 27.02472996 -59.66303411 68.87310057
v 31.08749363 -37.98159554 70.73436934
v 30.06406673 -71.35803689 70.15649555
v 44.70189853 -68.74850121 85.34356773
v 47.31184376 -44.43753814 78.78712174
v 47.25161006 -45.03225382 79.01352709
v 30.77711371 -60.29923142 81.54671590
v 45.36062546 -40.48357900 68.22145427
v 23.42351841 -70.06543985 74.04484413
v 44.68257251 -50.67116239 66.42853540
v 27.84043966 -47.83520545 76.62082599
v 28.74619204 -65.88877825 69.55681968
v 44.96774453 -56.25836334 68.78571195
v 41.09936923 -74.15803239 69.34130141
v 32.03490761 -73.41987906 69.54697332
v 28.00159858 -42.53330368 71.80360252
v 45.51005583 -52.72325155 80.08120206
v 33.12400296 -55.68159121 69.40813680
v 44.59122909 -59.45260258 72.86186362
v 47.02774336 -43.90308910 79.62418408
v 34.39761420 -68.83176180 80.05848941
v 29.16853441 -39.01056160 70.96700974
v 37.54684584 -60.81234470 83.04760701
v 42.90376788 -69.16396490 86.10552898
v 26.04305511 -71.95965558 76.34393309
v 26.87883422 -67.52620185 70.34873253
v 24.20781075 -60.00581316 69.66969221
v 42.54927674 -72.94678535 71.58877439
v 32.29219834 -40.26058422 69.82765105
v 44.46248792 -55.70469216 82.45105186
v 23.67580461 -65.83634417 74.60953411
v 41.65246238 -74.37485761 79.69380184
v 43.30999234 -45.89239018 79.98553096
v 39.32363680 -74.55170344 68.93801164
v 40.66943228 -42.91571499 66.94663824
v 25.44482263 -59.36401744 69.03679423
v 25.50575188 -59.12555094 76.07173206
v 42.97667801 -63.29153144 70.54525372
v 42.67195980 -72.41355830 71.15413268
v 42.08470439 -73.83545199 70.10233660
v 36.45290208 -41.70808318 68.18225182
v 36.75785778 -69.16825448 81.33003755
v 40.53834165 -57.65016746 83.73965425
v 36.54849047 -35.36972766 72.55437211
v 48.32461228 -41.20582387 70.05684395
v 48.32662680 -41.55713000 75.67054144
v 43.50641768 -62.83788482 85.37925945
v 29.36823562 -68.30420802 79.18980691
v 41.45601269 -55.69822904 83.01589505
v 46.95602338 -44.83672846 79.86979283
v 35.48615408 -64.08396628 81.40185676
v 44.32005818 -38.71568715 73.78828654
v 42.66391371 -60.30315666 84.51139882
v 23.24144522 -69.45961039 76.19585601
v 38.15382769 -56.77155097 82.92812954
v 42.83509815 -73.38828767 74.68207598
v 23.79874004 -58.01221534 71.28404657
v 27.88507529 -42.35505907 73.47359576
v 28.85935418 -48.41833399 69.85567413
v 27.33696744 -45.13136871 75.39341896
v 47.34002994 -42.64963040 67.92504086
v 40.41346984 -70.85796390 84.42192751
v 36.53981382 -38.14337530 76.04348706
v 32.39215193 -54.37329687 69.63545557
v 31.06314490 -73.16414906 71.73543565
v 47.27368930 -40.58607643 75.11136519
v 32.77245151 -36.32715910 71.12640269
v 34.43886450 -71.32211748 78.67409731
v 33.23335804 -55.90212216 82.44151452
v 40.97847627 -37.77049777 76.80419390
v 37.72364748 -39.40633822 68.68580177
v 43.21239104 -70.62051150 72.71504442
v 27.33780294 -49.83297905 76.98578601
v 43.94209216 -39.11173100 77.87828039
v 29.52526061 -43.56112246 69.84120134
v 48.57801147 -41.08239187 73.30551295
v 23.41826979 -65.34387151 73.44722782
v 26.50885134 -61.09911296 69.01346731
v 43.52373258 -42.52089373 66.89749778
v 31.28484532 -49.94393789 69.57715789
v 32.32458606 -63.83532979 80.88759894
v 25.24068462 -54.49329348 72.50137775
v 40.41269108 -73.89359356 77.47607761
v 27.99550355 -53.10675164 78.76315364
v 26.20490318 -69.23553115 70.88807298
v 26.16750378 -57.47690134 69.06457791
v 26.30409187 -59.54996972 68.88955237
v 44.41460252 -45.09257783 66.21479485
v 24.29864282 -70.07714569 77.07428419
v 36.76895705 -52.44969202 68.26285714
v 39.73641176 -36.80916864 71.57869124
v 41.57539154 -73.64415843 81.98704497
v 25.25402443 -57.48499096 69.39325941
v 44.67602352 -42.12064184 79.22818017
v 45.31369909 -39.01451113 71.66318060
v 39.31169518 -72.23233126 80.96922637
v 25.82976942 -56.65110805 69.64745174
v 24.22947286 -57.58414846 70.12500715
v 27.73657020 -67.29788057 69.99150836
v 42.11630165 -74.47760220 76.08637344
v 35.48224784 -36.00273585 73.52519153
v 45.61932042 -60.01914422 83.15098197
v 43.46709143 -64.01307398 85.75487177
v 40.87307923 -73.75800722 79.86495664
v 33.38876289 -39.17605150 75.94827022
v 43.63774431 -73.11234247 80.04900662
v 31.06881438 -42.57457270 76.76743133
v 41.40834224 -37.43952618 72.08045207
v 31.64514267 -41.15073418 76.40907224
v 43.00520528 -45.38188852 66.20877709
v 42.19314724 -74.62267851 79.15302416
v 29.48941103 -71.02873118 78.44841711
v 43.33197336 -73.37850759 77.67031980
v 29.59288014 -64.52519527 69.41197287
v 37.67361428 -58.49410962 83.01369815
v 41.78647058 -47.26873461 79.67443633
v 44.31437992 -41.34416413 78.96712960
v 43.17445947 -39.95180739 78.86813324
v 42.93616418 -38.96977024 78.43584322
v 41.09806570 -74.01359892 79.29763924
v 29.54004952 -60.40304881 69.09872779
v 43.18627661 -72.48895024 74.32876645
v 38.83377413 -75.42460284 69.55015168
v 40.83606549 -39.76303470 67.94611364
v 41.67482386 -74.74500362 71.92493680
v 31.47573693 -47.82994540 78.54449002
v 32.13568866 -72.42214219 77.10151610
v 29.58163988 -61.73468583 80.54738570
v 45.85878746 -50.58433918 66.53070134
v 35.88897469 -47.24459574 78.84664472
v 46.96753115 -42.32160832 77.82306914
v 28.28797354 -46.19532372 76.45236564
v 45.18963475 -58.99942275 83.18961014
v 26.12545503 -51.11207702 75.90087074
v 43.84210208 -56.20294582 82.96290784
v 27.97330880 -50.24444774 77.76200161
v 43.44700726 -42.56762532 79.22079512
v 35.13271637 -39.10586060 69.46668370
v 43.21025350 -66.59636239 71.41306023
v 46.69524835 -50.90824271 77.99589973
v 37.03301363 -53.70218387 81.98485515
v 48.95316525 -42.70220329 75.44280842
v 37.20084253 -58.45182302 82.88231699
v 27.77893297 -52.08942057 70.54390968
v 39.17602130 -54.51603009 82.14328939
v 42.83940759 -49.12550625 66.20738216
v 30.76368589 -39.58765265 70.30301563
v 42.04967228 -74.22572124 71.14215149
v 39.99857620 -72.68500660 81.17586577
v 46.15046563 -54.87869920 77.95277181
v 45.14473386 -67.62530744 82.60097988
v 27.16807814 -56.20747633 78.93177169
v 47.29575544 -47.93352035 66.18061004
v 37.60764049 -38.45701241 76.50280855
v 39.71939649 -55.71199664 82.79849804
v 42.17442205 -60.41904920 84.58794294
v 41.16619289 -70.51577451 85.22877918
v 47.40833387 -45.53462083 77.64433543
v 23.62711754 -70.33007712 73.43952476
v 47.61996951 -42.36945891 77.11159091
v 26.11401562 -47.27026037 72.21709730
v 28.36651506 -70.41929654 70.20148781
v 40.95135009 -53.75517064 67.43233281
v 32.50624118 -37.11449835 70.69231311
v 23.71656979 -70.50326447 74.17762506
v 45.52394483 -64.79214421 82.35079205
v 25.52442244 -48.86472085 73.67377571
v 31.36239035 -52.96326595 80.94311094
v 42.16114148 -39.07540069 78.13887476
v 39.53098210 -57.50223176 83.47138697
v 29.61601799 -46.72832090 69.63220895
v 46.86216482 -46.51204948 66.11687586
v 39.52174525 -59.07931466 69.14309412
v 39.46419504 -51.42287643 67.16523185
v 45.56994876 -65.78759528 83.82628627
v 28.74815089 -55.58946624 69.72319323
v 44.94287515 -62.34005241 84.51428564
v 44.55811003 -39.23670134 76.35589911
v 40.41857137 -45.13037099 78.49829299
v 37.90908262 -49.28553049 79.82871095
v 27.20876214 -66.39469967 69.82994843
v 29.13861246 -65.74664670 79.57747523
v 39.11112152 -35.96826210 72.50560713
v 45.28953156 -67.02109955 84.13402299
v 24.10423179 -70.82068154 73.34985639
v 42.66433268 -37.79500478 76.23046518
v 39.54979331 -75.57927781 72.42189124
v 25.74199667 -70.62740809 77.47405938
v 29.69315029 -38.25678258 72.23378418
v 38.67560553 -36.73802030 71.09511598
v 24.61583017 -55.74082035 71.85273215
v 45.34142554 -60.92436901 83.64432045
v 48.33125278 -42.67884358 76.29556310
v 25.13062110 -71.58648478 75.91694568
v 23.81276805 -66.38209296 72.79412942
v 26.61657721 -46.21740566 74.96975921
v 24.93342132 -60.86295407 75.93695060
v 43.82727959 -42.93100241 79.50208457
v 45.09024095 -68.34368680 83.58589052
v 47.83236986 -44.78567206 67.00596775
v 28.19410399 -71.36099898 70.07737291
v 45.73649100 -64.24754411 83.01455958
v 35.30821902 -71.59719504 78.69942823
v 40.60054640 -74.33947207 76.17830302
v 45.08248427 -39.52631102 75.80933043
v 34.81892649 -50.86996967 68.71483370
v 37.71665179 -55.53416009 68.52649828
v 23.82338807 -64.31907144 75.13736853
v 48.05471175 -42.08225656 76.56647428
v 35.42225054 -38.02218536 69.84178199
v 45.89584587 -61.01622366 81.24523830
v 42.76257900 -74.49247788 79.15124238
v 25.42141647 -68.89120317 77.73037081
v 42.21495760 -38.39581824 77.77710973
v 44.41318034 -64.98549026 76.62873324
v 33.55722756 -44.38269629 78.04744530
v 26.22940778 -55.75833114 77.09519495
v 40.16914385 -74.14830923 76.37018908
v 40.47478508 -74.13624154 69.17792504
v 39.63985155 -62.97886214 84.83593341
v 46.05534161 -55.38946429 78.38115908
v 25.75018555 -63.00983251 69.37226467
v 43.97845601 -61.99677425 71.94496308
v 42.77297414 -40.60993678 67.55316154
v 41.63978026 -57.84094053 68.90255103
v 43.38535007 -58.75008102 83.84702208
v 23.30331311 -61.99796194 70.81338584
v 41.68312802 -38.76004821 68.83259709
v 24.56276158 -69.13178588 77.34504442
v 30.19480293 -42.93648816 76.46045100
v 27.43730152 -54.28305725 78.62634701
v 44.89788079 -59.65775795 75.57130825
v 39.61168724 -51.58169068 80.66761927
v 48.21057165 -47.52313625 67.18704909
v 41.09202854 -69.14769572 85.77715790
v 34.73328829 -70.31782665 79.58551130
v 24.87813724 -66.16464927 77.04392312
v 36.95702299 -38.61140776 69.33615748
v 43.94728947 -53.82206155 67.31532089
v 23.25057595 -61.70007128 72.87125890
v 39.23859420 -60.81799511 84.08248317
v 35.74147364 -57.02921846 82.68870526
v 42.28460517 -54.57278858 82.20890564
v 41.09225903 -62.66135160 85.32997678
v 46.33817111 -39.63306906 73.17613750
v 24.10963791 -59.31581319 74.06509936
v 42.23578791 -72.72829293 70.00999255
v 46.00388900 -44.88394094 66.36692773
v 29.43057654 -56.80375761 69.32089860
v 26.84762959 -58.54647728 78.75512235
v 34.98984606 -69.46877189 80.08863427
v 36.34820260 -64.53830288 69.75294202
v 35.37709819 -36.65030797 70.57867717
v 32.41712102 -41.30854999 69.55614675
v 44.06945057 -64.00696371 74.36749667
v 41.63209836 -47.85845249 66.33359006
v 24.62432901 -62.48678960 69.75960593
v 46.53174638 -40.31396701 75.75819839
v 43.11539351 -62.47322671 85.31454881
v 44.45944448 -57.89252614 69.45537772
v 29.16298829 -40.39671017 74.22523325
v 39.28968873 -42.31511026 67.34591167
v 47.73415386 -49.58881743 73.37239664
v 30.53649000 -72.45360861 77.09852954
v 43.11439609 -74.00625622 81.94869821
v 46.67840449 -42.60097203 78.40583916
v 46.82127289 -46.00965082 79.91662142
v 28.82008428 -55.44839066 80.34354007
v 33.42470678 -72.08534135 77.65415568
v 42.32725838 -74.37120650 75.61809103
v 42.77621443 -73.49148356 74.38659358
v 25.79976459 -60.24535171 69.06889780
v 44.26409693 -69.80534404 77.83075821
v 42.76744991 -74.30044755 78.50900891
v 27.92697294 -49.36951738 77.37104879
v 40.10090809 -68.95312599 85.06730025
v 31.01316813 -37.02012393 72.55357226
v 45.74093892 -63.63791929 82.64123103
v 30.95134704 -37.02835145 72.19867392
v 24.52393973 -56.30025979 71.16751032
v 23.02381191 -62.77373439 71.83725905
v 42.57730128 -72.36199399 70.72774253
v 24.54649845 -56.84475001 73.27534149
v 28.11342079 -68.31088476 70.13854868
v 25.18971980 -71.73336637 73.95302866
v 41.23948931 -75.20548021 73.27635284
v 28.61237976 -60.82257752 80.09943716
v 43.82066654 -64.81992993 73.34762149
v 46.57282035 -41.76527370 68.05105505
v 43.41802671 -53.54442107 81.25879024
v 40.66749790 -68.44025122 85.59549938
v 31.44743895 -41.35547327 69.79384701
v 30.19024202 -59.16634767 81.52924050
v 26.45127243 -61.96113259 69.04921633
v 32.60823174 -70.04697817 79.20712310
v 37.42885615 -37.18594927 70.32195305
v 43.59691633 -72.44268358 77.02837571
v 41.06717704 -74.40046343 76.39000062
v 30.53111018 -72.61103994 76.71338526
v 29.63065237 -50.44247690 78.95005762
v 44.94188224 -57.69332596 71.63058112
v 23.84471327 -62.98277060 70.44700622
v 43.63206420 -61.59539412 70.58956146
v 43.70492205 -62.38190062 71.00209509
v 23.38485522 -63.78348248 71.36466843
v 25.71475070 -54.41655165 71.51224995
v 44.83004099 -64.91321911 78.73651949
v 38.73769448 -56.89324308 83.07418542
v 48.88139272 -44.89159409 68.74667454
v 23.62950879 -66.44812073 73.53334687
v 36.24215238 -58.41467666 82.63515172
v 34.55784381 -40.10895291 69.25305421
v 42.25227369 -69.50286036 85.99787165
v 47.43181103 -40.41167719 73.75181749
v 36.03681218 -71.60476372 70.35933758
v 40.91717476 -75.43272350 72.35354258
v 40.08032998 -75.67322262 70.80453035
v 43.11013842 -74.15977973 80.47175092
v 39.01851436 -36.32726293 71.78116275
v 43.79529450 -70.97221787 75.91532736
v 40.83363827 -37.49492950 71.19561113
v 43.16632272 -44.03135005 66.42983324
v 24.06446418 -58.90152805 73.47146737
v 49.62283934 -45.58635949 71.98501192
v 34.02029339 -38.21407046 69.95223608
v 45.18334215 -41.80507372 78.84597103
v 45.70637224 -60.17529928 79.90203135
v 48.86901340 -45.80101425 73.83133741
v 30.39331424 -59.83792450 69.16867974
v 48.03585128 -46.30533798 75.23327228
v 28.15189727 -62.27166908 79.35946250
v 27.49022563 -47.37554196 70.35872406
v 35.82317889 -73.39230939 69.26014110
v 41.36569721 -74.23382544 77.91975778
v 28.96168793 -45.60423890 69.84149526
v 44.57956559 -54.99841900 81.83513764
v 50.00376881 -44.12863663 70.41763052
v 40.54433548 -58.76935523 83.98505675
v 41.73201871 -61.88292204 69.99643045
v 41.76794066 -74.93055150 73.22860654
v 31.63261457 -65.33551382 69.60342592
v 44.30660649 -53.71214498 81.08990260
v 30.20444164 -62.44431215 69.22422650
v 38.26566190 -35.72995019 73.59635064
v 32.17770553 -47.05636285 78.45980015
v 42.14874148 -57.17968745 83.57915908
v 33.55679903 -71.53365752 78.30413526
v 35.42265978 -41.12909009 68.63126998
v 35.27678022 -36.35582452 70.75418838
v 34.23240908 -55.08281883 69.28118589
v 45.89235511 -59.92552603 82.74170911
v 38.47221047 -37.71694255 76.10436697
v 32.07901703 -72.91999883 69.48034720
v 30.56434999 -72.96768391 70.70950874
v 47.52017433 -41.53517954 76.80565175
v 41.31038845 -73.03736635 82.87416524
v 42.83907997 -72.83689434 73.13688782
v 40.68398019 -37.00010512 72.28484863
v 40.55984724 -71.57020007 70.13447773
v 32.37971876 -38.19775722 70.29077153
v 41.16431017 -75.26407227 72.07750061
v 32.32998770 -45.85997554 78.18415002
v 26.59062525 -72.06773197 72.40219394
v 45.44948647 -53.65314871 67.41479186
v 34.14023594 -37.28471425 70.31116735
v 29.64023602 -66.94144989 69.79103289
v 35.49219352 -62.64440528 81.72774870
v 24.81576269 -63.00634959 76.46298910
v 43.61817387 -67.82991549 73.24802671
v 43.42123176 -60.63873621 70.14953496
v 46.81311472 -40.05969686 70.13953273
v 41.48067030 -39.75642872 78.09248189
v 39.71698497 -73.82808688 76.84937436
v 25.89237644 -49.75500328 75.18638905
v 39.25074160 -73.03826357 78.39666703
v 36.98549363 -36.81412291 70.59989007
v 33.85366736 -69.56384714 79.64898027
v 24.58454618 -70.80464820 72.24375794
v 28.19923703 -72.47074941 71.85641845
v 44.42843761 -39.40541054 77.40013890
v 32.65950660 -73.55761321 69.29395584
v 44.87001701 -59.63027597 83.69564479
v 39.95189048 -49.89273464 80.08656211
v 44.14460031 -59.61243307 70.23600220
v 23.72725413 -67.07129599 74.29904580
v 38.85633574 -73.42997742 69.21250079
v 39.85645278 -43.73571069 78.11159472
v 42.53396623 -73.84840811 73.82379267
v 34.11709306 -36.07600208 71.03217135
v 43.26125165 -63.36196874 70.71320919
v 42.63788240 -42.25254999 78.85173697
v 26.33791470 -50.11860149 75.97755885
v 46.81247771 -41.58601702 77.57017784
v 34.23170340 -38.68944255 69.78512923
v 30.06738651 -72.00409458 77.85433318
v 47.80324351 -45.67318155 66.51644302
v 47.49279443 -46.71791401 76.45189225
v 28.24537883 -72.38795132 76.90513790
v 49.30479888 -42.21221383 70.39940904
v 38.25146888 -63.29087368 83.75488726
v 49.44351419 -45.69113292 70.12134124
v 39.28455926 -73.84721651 69.05738148
v 24.02601442 -58.51390386 72.98402010
v 43.46621181 -52.92497721 80.85970758
v 24.03894805 -67.43246668 72.99042834
v 40.85891641 -73.62423126 80.64186184
v 42.50537152 -47.96593451 80.14774201
v 33.83154061 -37.00338873 70.46330996
v 25.51648979 -71.47810969 76.67440234
v 38.24052107 -74.52896776 68.97712004
v 27.77782033 -70.23500065 78.29585307
v 25.98926978 -52.64750297 72.11548689
v 35.75775552 -39.74823397 76.97704286
v 28.01311405 -63.20784476 69.16878757
v 23.99026578 -68.54918861 76.34654744
v 42.25565678 -51.11250536 80.37616484
v 45.88312699 -52.99589605 67.33963890
v 24.33308741 -65.42699459 76.24130642
v 34.13076208 -73.96139166 72.95577648
v 37.29264177 -68.53944260 82.08728731
v 39.82757696 -56.87897712 68.57965181
v 43.53312256 -70.73535935 85.86796086
v 45.87666269 -62.05739403 82.03360902
v 44.81092707 -53.32501373 80.65312700
v 32.81072901 -44.17066431 69.04151144
v 29.89251501 -41.97052317 70.00613624
v 44.28257245 -70.34634390 78.92020989
v 24.42346989 -57.66131146 69.79942630
v 47.77621815 -49.85444679 71.44472944
v 30.11135550 -65.65914136 79.94554398
v 43.49190240 -68.42382807 72.99043298
v 35.62440282 -74.48134374 72.74537586
v 47.85011598 -40.54305740 70.91436923
v 29.45763564 -63.94832086 80.03125914
v 36.01662522 -73.79912859 69.16540418
v 42.93105591 -53.80125819 81.54776468
v 33.38167696 -71.07259986 78.69993584
v 27.41987775 -44.13360476 74.86434646
v 38.55141417 -37.50959275 70.14455026
v 46.77472663 -41.17842271 68.55847387
v 42.00416097 -74.44993753 72.40286912
v 44.15579426 -38.81031625 74.75387664
v 26.34086182 -53.31899016 76.71315118
v 26.98256516 -46.88181210 75.63546858
v 47.75383722 -41.15441753 69.38911126
v 44.58951923 -39.15038245 75.36653842
v 38.76972661 -59.34450238 83.56334958
v 32.41055781 -37.68667197 70.47608789
v 27.57166963 -46.60633560 76.06703715
v 29.90858660 -69.02874143 70.20229777
v 48.41698013 -44.20052812 75.66153390
v 43.44888016 -73.59208857 80.83627161
v 48.25076949 -41.28306282 75.05232605
v 42.60265489 -74.03651007 75.48353385
v 45.44507728 -56.50946179 74.52385522
v 35.52956784 -74.60224671 70.14726169
v 43.33169061 -64.35027736 71.01298233
v 39.68330104 -75.70043083 71.25536310
v 43.94194903 -71.31494192 85.24742895
v 35.66386134 -45.43008506 78.45604741
v 41.16817643 -74.08790710 78.27117868
v 40.30638691 -73.72686430 78.07114515
v 48.15210101 -47.12657130 66.30077093
v 25.34289067 -55.97545365 70.44747865
v 36.46987349 -37.61055072 70.00327364
v 23.55355695 -65.93698284 73.99257135
v 36.46767895 -38.34730149 69.57546809
v 28.72612985 -67.14343678 69.83494315
v 37.96592619 -74.98784094 69.31706668
v 26.76962878 -72.40480230 75.75291959
v 42.71468425 -57.33734613 83.54977848
v 26.14004722 -52.53406894 76.11644475
v 44.03781523 -40.12080488 78.58894749
v 32.18629869 -36.46218957 71.53481205
v 47.18215265 -41.72734286 68.45051457
v 36.12615634 -72.17525902 78.17021627
v 45.10825426 -56.36923770 69.18560015
v 46.03811343 -58.37170011 81.07008143
v 43.47850291 -52.06720169 80.58227880
v 26.39452976 -45.70791096 74.23356002
v 45.58853373 -61.50559208 83.59801564
v 32.23826433 -71.24626087 78.54397317
v 44.95063794 -43.23262716 66.78795031
v 24.90361962 -70.77888832 71.52310771
v 45.91102557 -53.55741908 67.69406224
v 33.44272794 -73.26939508 74.75515763
v 24.97121997 -64.32981472 70.08510290
v 42.10012994 -71.56597044 70.14486665
v 43.96615010 -38.53598214 70.98344348
v 42.19204385 -70.78330022 70.34098903
v 36.91519428 -71.21386738 80.02013614
v 26.55371207 -48.93341000 71.22773159
v 33.04373319 -70.99661858 70.35878200
v 46.74021104 -49.24988401 78.75102633
v 30.49724580 -41.71426938 69.90413457
v 46.33207755 -40.47859323 76.61070883
v 36.71598179 -69.76112505 81.01213103
v 49.44488516 -41.71366964 71.70770997
v 46.02989381 -60.47733909 81.71545754
v 40.46410186 -75.61706764 70.50371841
v 35.06980986 -35.55829370 72.81544449
v 37.55187517 -69.47236432 81.92000333
v 31.04384411 -54.46339356 81.41727265
v 29.60745858 -71.79813819 70.05701283
v 28.29302814 -61.16166109 69.04011536
v 24.47982241 -61.34305949 69.73615011
v 23.16774371 -70.05394462 75.93884300
v 29.21215572 -60.22446857 80.73503233
v 43.38641370 -55.22776704 82.49053889
v 38.46764573 -55.43612067 82.56499972
v 36.94497099 -70.35217312 80.79068863
v 35.53063509 -41.35813572 77.61473487
v 33.62685933 -65.72966853 80.44516926
v 23.95424581 -67.91764474 75.59558834
v 23.48488435 -58.84872855 71.03861055
v 24.38486290 -60.23923314 75.05914246
f 1915 1508 172
f 172 588 24
f 172 24 224
f 172 224 1915
f 224 24 39
f 1915 99 1508
f 224 1185 1915
f 1915 1185 99
f 1508 99 243
f 224 39 1720
f 224 1720 1185
f 1720 39 1718
f 99 1000 243
f 1718 233 1720
f 1720 233 1185
f 99 1185 1000
f 1185 1258 1000
f 574 243 1000
f 1258 1185 233
f 574 1000 447
f 233 1352 1258
f 1000 1258 447
f 1258 1942 447
f 1605 1443 1355
f 588 1218 1463
f 1355 1443 588
f 588 1443 1218
f 1355 1508 1605
f 1605 1508 1263
f 24 588 1463
f 588 172 1355
f 1508 1355 172
f 737 39 24
f 1263 1508 1830
f 1630 39 737
f 1830 1508 243
f 1830 243 491
f 1718 39 28
f 39 1630 28
f 28 233 1718
f 574 447 1485
f 1258 1352 1942
f 447 1942 1485
f 1942 1352 1542
f 1443 1605 1889
f 1889 1605 1849
f 1218 1227 1463
f 1605 1263 1849
f 737 24 1463
f 1849 1263 1790
f 1790 1263 1830
f 1830 491 1790
f 1790 491 26
f 1340 1630 737
f 491 243 1125
f 61 1630 1340
f 119 1125 1052
f 1630 61 28
f 1125 680 1052
f 233 28 683
f 243 574 1125
f 1125 574 680
f 680 574 969
f 1485 969 574
f 1542 1352 512
f 352 1485 1942
f 1485 352 1785
f 1942 1542 352
f 1849 1801 1889
f 1801 729 1889
f 1849 1806 1801
f 1218 1443 729
f 729 1443 1889
f 1849 1694 1806
f 1694 1849 1790
f 601 1340 737
f 119 26 491
f 1125 119 491
f 438 1052 680
f 363 680 969
f 438 680 363
f 683 970 233
f 233 970 1352
f 970 1164 1352
f 1485 363 969
f 1164 8 1352
f 8 512 1352
f 1485 1785 363
f 942 363 1785
f 1785 352 1419
f 1785 1419 847
f 1806 354 1801
f 1218 729 111
f 111 729 1801
f 1227 118 1463
f 748 118 1227
f 737 1463 35
f 1694 1790 1410
f 1790 26 1410
f 26 119 868
f 761 601 503
f 761 1340 601
f 1624 119 1052
f 868 119 1624
f 1624 1052 9
f 9 1052 438
f 438 146 9
f 61 683 28
f 438 363 146
f 363 1232 146
f 363 942 1232
f 512 1008 1542
f 1542 1008 83
f 1542 83 352
f 352 83 1419
f 847 942 1785
f 354 1766 350
f 1227 1588 606
f 111 1588 1227
f 111 354 350
f 1801 354 111
f 606 748 1227
f 1227 1218 111
f 35 1463 118
f 526 1806 1694
f 35 601 737
f 26 1760 1410
f 1760 26 868
f 503 601 35
f 868 1624 314
f 1624 9 314
f 761 61 1340
f 314 9 488
f 9 146 488
f 146 136 488
f 146 1232 136
f 8 908 512
f 512 908 1008
f 693 1232 942
f 83 1361 1419
f 1419 1361 1376
f 847 685 942
f 1419 1376 685
f 847 1419 685
f 693 942 685
f 656 685 1376
f 685 656 446
f 903 1766 354
f 1588 111 350
f 1806 903 354
f 903 1806 526
f 1694 1817 526
f 1817 1694 1410
f 1410 1760 1532
f 503 35 968
f 868 314 587
f 1702 683 61
f 488 136 591
f 8 1164 1119
f 693 136 1232
f 1008 1361 83
f 908 1361 1008
f 1376 1361 1042
f 693 685 446
f 1627 136 693
f 656 1330 446
f 1511 1330 656
f 446 930 693
f 446 1330 930
f 382 693 930
f 1588 1294 872
f 748 962 118
f 526 1906 903
f 526 1817 1737
f 1817 1410 1631
f 1532 1631 1410
f 1532 1799 1549
f 968 228 503
f 1799 1532 1760
f 1799 1760 587
f 587 1760 868
f 587 314 226
f 314 905 226
f 226 905 985
f 314 591 905
f 591 314 488
f 905 591 502
f 905 502 985
f 985 502 704
f 502 703 704
f 970 1155 1164
f 1155 1119 1164
f 136 1627 591
f 591 1627 502
f 502 1265 703
f 1054 908 8
f 1627 1265 502
f 1821 703 1163
f 656 1376 1412
f 703 1265 1163
f 1627 693 382
f 1627 1177 1265
f 1627 382 1177
f 1511 656 1412
f 1511 1412 786
f 1177 1163 1265
f 930 1330 1307
f 1163 1177 661
f 1511 1655 1330
f 1330 1655 1307
f 930 1307 382
f 382 1307 1177
f 1177 1307 661
f 1307 1655 1560
f 1307 1560 661
f 1766 1835 350
f 1651 1835 1766
f 1588 350 1294
f 903 1651 1766
f 606 1588 872
f 1651 903 1906
f 748 606 962
f 95 118 962
f 1906 526 1737
f 118 95 35
f 1817 1021 1737
f 1631 1021 1817
f 35 832 968
f 1021 1631 1532
f 1021 1532 1762
f 1532 1549 1762
f 1549 1799 1337
f 1549 1337 1037
f 1337 1799 587
f 1037 1337 927
f 927 1337 226
f 587 226 1337
f 1037 927 1493
f 503 333 761
f 226 985 927
f 927 1883 1493
f 985 1883 927
f 1493 1883 325
f 1883 985 704
f 1883 1887 325
f 1887 1646 325
f 1883 704 1887
f 1887 704 1646
f 1646 1619 993
f 1646 704 1619
f 1119 1054 8
f 704 703 1619
f 1619 703 993
f 908 1042 1361
f 1821 1059 993
f 1821 993 703
f 1042 1412 1376
f 1515 1821 1163
f 963 1511 786
f 1163 661 1515
f 1511 963 1655
f 1560 1655 1610
f 1470 1294 350
f 558 350 1835
f 558 1470 350
f 1380 1651 1906
f 1380 1906 1880
f 1906 1737 1880
f 1880 1737 1021
f 1880 1021 282
f 832 35 95
f 282 1021 1762
f 1762 548 282
f 548 1762 659
f 659 1930 548
f 1762 1549 659
f 659 1549 1037
f 1037 348 659
f 1037 1493 348
f 1493 934 348
f 1493 341 934
f 341 1686 934
f 333 503 228
f 341 210 1686
f 341 633 210
f 210 633 1166
f 341 1493 325
f 633 1100 1166
f 1507 1166 1100
f 341 325 633
f 633 325 1100
f 683 1702 1009
f 325 1646 1100
f 1100 1646 556
f 1100 556 1699
f 1009 485 970
f 683 1009 970
f 970 485 1155
f 993 556 1646
f 1937 556 993
f 1119 460 1054
f 908 1054 1208
f 1059 1937 993
f 908 1208 1042
f 1042 1208 1504
f 1821 55 1059
f 1042 1793 1412
f 1821 1345 55
f 1515 449 1821
f 661 449 1515
f 72 449 661
f 963 1610 1655
f 1560 72 661
f 166 1679 1908
f 1908 1679 1579
f 89 134 166
f 166 134 1679
f 558 75 1470
f 75 558 1835
f 1579 1835 1651
f 1579 75 1835
f 1651 1908 1579
f 1908 1651 1380
f 166 1908 1380
f 166 1380 89
f 1294 1733 872
f 1470 1733 1294
f 89 1380 1880
f 306 240 962
f 306 962 606
f 1867 306 606
f 606 872 1867
f 1880 282 89
f 89 282 238
f 89 238 1188
f 240 95 962
f 238 235 1188
f 832 95 773
f 238 548 235
f 238 282 548
f 235 548 1930
f 423 359 1536
f 1930 348 1536
f 348 1930 659
f 1536 348 1686
f 1536 1686 423
f 423 1686 682
f 1175 682 1686
f 888 228 968
f 348 934 1686
f 1175 1686 1755
f 1755 1686 210
f 1166 1755 210
f 690 1702 61
f 690 61 761
f 1507 1100 1699
f 426 1699 1937
f 1699 426 1507
f 1507 426 718
f 1699 556 1937
f 460 1208 1054
f 1504 1793 1042
f 1504 1595 1793
f 449 1345 1821
f 1793 786 1412
f 632 963 786
f 340 717 134
f 134 717 1277
f 340 615 1669
f 1579 1753 75
f 1277 1579 1679
f 1277 1753 1579
f 1277 1679 134
f 134 615 340
f 1695 1470 75
f 89 615 134
f 1188 615 89
f 615 1188 1669
f 1669 1188 402
f 402 1188 235
f 402 235 1013
f 402 635 1377
f 402 1013 635
f 1377 635 1335
f 240 773 95
f 235 1930 1013
f 1013 359 635
f 635 359 1335
f 1335 359 375
f 1013 1930 359
f 375 665 1874
f 1930 1536 359
f 888 968 832
f 375 359 423
f 375 423 665
f 665 423 682
f 682 1175 665
f 1457 228 888
f 1517 1175 1755
f 1517 1755 1422
f 1422 1755 1166
f 1499 761 333
f 1507 1422 1166
f 1507 718 1422
f 1894 1422 718
f 1702 862 1009
f 1937 199 426
f 485 1119 1155
f 1059 199 1937
f 460 1119 520
f 55 1068 1059
f 1059 1068 199
f 1546 1208 460
f 1546 1065 1504
f 1546 1504 1208
f 1595 786 1793
f 1595 632 786
f 277 1345 449
f 632 408 963
f 1610 963 408
f 72 1914 449
f 1610 1107 1560
f 1560 1559 72
f 340 82 289
f 340 1669 82
f 289 717 340
f 1437 82 302
f 1277 189 1753
f 1753 189 1243
f 189 1277 1512
f 1512 1277 717
f 302 82 1377
f 302 1377 1173
f 75 1753 1695
f 1669 402 82
f 82 402 1377
f 1733 1936 872
f 1335 1173 1377
f 1173 1335 1812
f 1874 754 1812
f 1812 375 1874
f 1812 1335 375
f 1170 719 1874
f 1874 665 1170
f 665 1939 1170
f 773 888 832
f 665 1175 1939
f 706 1939 1175
f 706 1175 1517
f 1517 971 706
f 971 1517 678
f 1457 381 228
f 1422 678 1517
f 333 228 381
f 1894 678 1422
f 1499 690 761
f 486 690 1499
f 862 85 1009
f 85 485 1009
f 520 1119 485
f 1345 1068 55
f 632 1595 473
f 632 473 408
f 277 449 1914
f 1610 408 1813
f 72 771 1914
f 72 1559 771
f 1107 1559 1560
f 356 1565 326
f 1565 82 1381
f 1381 82 1437
f 356 289 1565
f 1565 289 82
f 1512 289 356
f 883 1437 302
f 1512 717 289
f 883 302 1173
f 1789 1243 189
f 1789 189 399
f 399 189 1512
f 6 1695 1243
f 1243 1695 1753
f 1470 1695 1733
f 872 1936 1867
f 1812 909 1173
f 719 1486 1874
f 1170 1939 719
f 971 1378 706
f 381 207 333
f 207 1499 333
f 486 1702 690
f 1702 1081 862
f 1702 486 1081
f 426 1487 718
f 1487 1894 718
f 199 1068 426
f 485 785 520
f 785 460 520
f 1504 1854 1595
f 1854 473 1595
f 416 277 1914
f 1813 1107 1610
f 1437 883 1381
f 399 1512 356
f 909 883 1173
f 909 1449 883
f 380 1406 1243
f 1789 380 1243
f 1936 1733 79
f 909 1812 754
f 1874 1486 754
f 706 504 1939
f 706 1378 504
f 1378 971 142
f 896 971 678
f 678 53 896
f 1894 53 678
f 67 1081 486
f 862 1081 66
f 862 66 85
f 1082 1068 1345
f 460 785 471
f 1550 1546 460
f 1065 1546 1550
f 1082 1345 277
f 1504 1065 1426
f 1504 1426 1854
f 473 1319 408
f 1319 1363 408
f 1363 1813 408
f 1363 1107 1813
f 1363 230 1107
f 1559 168 771
f 1665 1565 1381
f 1665 765 1565
f 883 1665 1381
f 765 326 1565
f 1449 68 883
f 1789 1482 967
f 1482 1789 399
f 399 356 326
f 399 326 1482
f 1243 1406 6
f 79 1733 1695
f 1695 6 79
f 1936 37 1867
f 890 719 1939
f 1457 888 773
f 1457 1159 381
f 896 142 971
f 486 1499 753
f 1894 1487 53
f 753 67 486
f 1487 426 951
f 1879 66 1081
f 1796 426 1068
f 426 1796 951
f 109 225 85
f 85 225 485
f 785 485 225
f 785 1211 471
f 471 1550 460
f 1854 188 473
f 1953 188 1854
f 473 188 1319
f 1558 416 1914
f 771 1558 1914
f 1363 1434 230
f 1107 168 1559
f 765 1665 1108
f 883 106 1665
f 883 68 106
f 967 380 1789
f 1881 909 1886
f 6 1406 79
f 754 1886 909
f 1936 79 37
f 37 1516 1867
f 135 1486 719
f 504 890 1939
f 207 381 185
f 792 753 1499
f 1487 951 569
f 1834 1796 1068
f 66 109 85
f 1068 1082 1834
f 225 1211 785
f 471 1211 1671
f 471 1548 1550
f 1548 805 1550
f 1550 805 1065
f 805 1426 1065
f 1426 1179 1854
f 1179 1953 1854
f 230 168 1107
f 1201 967 1482
f 1449 909 1881
f 1866 1406 380
f 380 967 1866
f 1406 366 79
f 1486 1886 754
f 444 306 1072
f 306 444 240
f 1072 306 1867
f 1072 1867 1516
f 444 773 240
f 890 1840 719
f 1298 1457 773
f 1298 1159 1457
f 1378 299 504
f 1378 142 299
f 792 207 185
f 792 1499 207
f 53 86 896
f 849 1081 67
f 951 418 569
f 1796 1650 951
f 1879 109 66
f 1233 1319 188
f 471 1671 1548
f 1953 1179 461
f 1319 658 1363
f 658 1171 1363
f 793 168 230
f 771 168 793
f 326 765 1703
f 1703 1482 326
f 1866 366 1406
f 366 37 79
f 241 444 1072
f 1840 135 719
f 1187 773 444
f 1298 773 1187
f 504 1144 890
f 142 1236 299
f 381 1159 185
f 896 86 142
f 185 367 792
f 849 67 753
f 1081 849 1879
f 1650 418 951
f 1796 29 1650
f 1796 1834 29
f 1319 1233 658
f 416 1767 277
f 805 1145 1426
f 1145 1179 1426
f 1363 1171 1434
f 793 1558 771
f 1832 1387 230
f 230 1387 793
f 1387 783 793
f 362 765 1108
f 106 290 1665
f 290 1108 1665
f 1449 1881 1730
f 1201 1482 1703
f 1881 1886 1916
f 37 215 1516
f 607 215 37
f 607 37 366
f 241 1072 1516
f 1187 444 241
f 1840 890 932
f 790 1298 1187
f 790 237 1298
f 299 1358 504
f 237 1159 1298
f 237 1240 1159
f 185 1159 1240
f 142 86 1236
f 367 185 1240
f 792 894 753
f 849 753 894
f 1487 569 53
f 288 849 1921
f 1879 849 288
f 1650 29 1601
f 1211 225 378
f 1233 188 982
f 1953 982 188
f 1082 277 1767
f 415 805 1548
f 1145 1657 1179
f 1657 461 1179
f 230 1434 1832
f 1439 1558 793
f 783 1439 793
f 362 1108 1520
f 290 1520 1108
f 1476 765 362
f 68 290 106
f 1703 765 1476
f 1407 68 1730
f 68 1449 1730
f 393 518 1866
f 204 1886 135
f 1886 1486 135
f 76 1061 241
f 241 1776 76
f 1776 241 1516
f 215 1776 1516
f 1061 1187 241
f 890 1144 932
f 367 1240 822
f 894 792 367
f 1921 849 894
f 378 1671 1211
f 1233 219 658
f 658 219 1171
f 219 960 1171
f 960 1434 1171
f 1832 1578 1387
f 783 1387 1578
f 362 1520 422
f 1407 290 68
f 1326 1201 1703
f 1881 1916 1730
f 1326 393 1201
f 393 1866 967
f 1201 393 967
f 1886 204 1916
f 135 1217 204
f 1840 1217 135
f 1866 518 366
f 1217 1840 932
f 1295 1187 1061
f 1295 790 1187
f 1144 504 384
f 504 1358 384
f 476 299 1236
f 1236 528 476
f 86 528 1236
f 1020 528 86
f 53 1020 86
f 569 1020 53
f 418 1020 569
f 1583 1020 418
f 1501 109 1879
f 1601 1634 1650
f 1650 1634 418
f 1601 760 1634
f 1385 1572 1834
f 1834 1572 29
f 1572 1601 29
f 1118 378 225
f 1082 1385 1834
f 1385 892 1572
f 1767 1385 1082
f 1767 220 1385
f 1558 1767 416
f 220 1767 550
f 1535 1767 1558
f 550 1767 1535
f 1535 1558 1439
f 1439 783 1639
f 1535 1439 976
f 1439 1639 976
f 1763 647 422
f 1520 290 1924
f 214 1924 290
f 362 422 1476
f 422 647 1476
f 290 1407 214
f 557 214 1407
f 214 557 1053
f 1730 557 1407
f 1053 557 1502
f 1502 557 1730
f 1916 1502 1730
f 204 1502 1916
f 1217 16 204
f 23 16 1217
f 23 1217 1306
f 43 1306 467
f 1306 1301 467
f 1301 1219 467
f 518 607 366
f 1306 1217 932
f 1301 1306 932
f 76 621 1061
f 1301 1778 1219
f 1301 932 1778
f 621 1295 1061
f 1778 932 1144
f 384 1778 1144
f 622 1240 237
f 299 476 1358
f 936 1358 476
f 476 528 1371
f 1583 1371 528
f 575 894 367
f 1424 1371 1583
f 1020 1583 528
f 1637 1879 288
f 1879 1637 1501
f 1424 1583 740
f 418 740 1583
f 109 1501 419
f 740 418 1634
f 1424 740 1398
f 1141 1634 760
f 1634 1398 740
f 1634 1141 1398
f 1398 752 1424
f 419 1118 109
f 109 1118 225
f 760 1601 1572
f 1892 1141 1248
f 1141 498 1248
f 1141 760 498
f 1141 1892 1398
f 1398 1892 752
f 760 1572 200
f 498 760 200
f 498 1183 1248
f 1671 378 694
f 1572 892 1707
f 1572 1707 200
f 1548 1671 202
f 892 1385 220
f 202 415 1548
f 461 387 1953
f 387 982 1953
f 982 97 1233
f 892 220 1383
f 892 1383 1707
f 415 1803 805
f 1803 1145 805
f 960 900 1434
f 220 1322 1383
f 1832 1434 670
f 1578 1832 670
f 1639 783 1578
f 976 550 1535
f 550 976 14
f 220 550 14
f 976 1639 644
f 1520 1289 1763
f 1289 1520 1924
f 1689 1924 214
f 1689 214 1053
f 422 1520 1763
f 1053 1502 602
f 1502 204 602
f 602 204 101
f 101 204 16
f 101 16 23
f 43 1750 1374
f 1750 345 1374
f 239 1326 1703
f 1306 43 23
f 1750 43 467
f 345 1750 467
f 1219 345 467
f 1219 961 345
f 518 1612 607
f 1151 1219 1842
f 961 1219 1151
f 1151 1842 440
f 1151 440 193
f 1114 1842 1219
f 1114 440 1842
f 1778 1114 1219
f 193 440 330
f 796 440 1114
f 330 440 796
f 427 330 796
f 384 1114 1778
f 384 796 1114
f 384 427 796
f 193 330 1765
f 1765 330 427
f 237 790 622
f 384 936 427
f 1284 1765 427
f 1284 427 936
f 1358 936 384
f 193 1765 867
f 867 1765 317
f 317 1765 1284
f 476 1284 936
f 317 1284 476
f 822 575 367
f 268 317 476
f 268 476 1371
f 1424 603 1371
f 1371 603 268
f 867 317 1769
f 288 1921 1034
f 1769 317 788
f 788 317 268
f 288 1034 1637
f 788 268 603
f 1769 788 679
f 1769 679 1771
f 679 603 752
f 679 788 603
f 752 603 1424
f 1771 679 1892
f 1248 1771 1892
f 1892 679 752
f 360 1248 1183
f 360 1771 1248
f 1183 498 200
f 383 1183 200
f 360 1183 1349
f 1349 1183 383
f 1182 200 1707
f 1671 694 202
f 1233 139 219
f 681 1182 1707
f 387 97 982
f 681 1707 1383
f 200 912 383
f 200 1182 912
f 681 1383 1322
f 681 1461 1182
f 912 1446 383
f 681 1007 1461
f 1182 545 912
f 670 1434 900
f 681 1322 1007
f 1639 1578 670
f 1639 670 310
f 14 1322 220
f 1007 1322 123
f 644 14 976
f 123 1322 14
f 303 14 644
f 1924 1689 1289
f 1763 1289 1529
f 1641 1837 654
f 654 1053 602
f 654 602 1641
f 1641 602 101
f 1641 101 13
f 1001 13 101
f 647 239 1476
f 1001 1374 463
f 295 463 1374
f 101 23 1001
f 1001 23 43
f 1374 1001 43
f 1703 1476 239
f 345 295 1374
f 345 784 295
f 345 961 784
f 393 1253 1356
f 1356 518 393
f 1612 215 607
f 1151 1112 961
f 1151 1116 1112
f 193 1116 1151
f 193 1870 1116
f 822 1240 622
f 867 1870 193
f 575 150 894
f 867 1704 1870
f 1769 1704 867
f 1501 1637 419
f 1771 1704 1769
f 1771 355 1704
f 1771 1838 355
f 360 1838 1771
f 1349 1838 360
f 1349 1599 1838
f 97 139 1233
f 383 1599 1349
f 1901 387 461
f 1599 383 1446
f 545 1182 1461
f 1446 912 545
f 1599 1446 1447
f 670 900 310
f 1461 1007 123
f 1446 545 1447
f 310 644 1639
f 303 644 618
f 123 1310 1461
f 618 311 303
f 14 834 123
f 14 303 834
f 1310 123 834
f 303 311 834
f 1529 1289 1689
f 1763 1529 1551
f 1689 1053 654
f 1837 1641 13
f 1763 178 647
f 1763 1551 178
f 13 1001 553
f 1001 463 553
f 178 239 647
f 784 338 295
f 961 338 784
f 1326 1253 393
f 961 1112 338
f 621 844 1773
f 76 844 621
f 584 1295 621
f 584 621 1773
f 790 1295 584
f 1870 1112 1116
f 1870 715 1112
f 1704 715 1870
f 1276 894 150
f 1276 1921 894
f 1034 1921 1276
f 1704 355 715
f 1838 787 355
f 1599 787 1838
f 139 1828 219
f 1828 960 219
f 960 774 900
f 1599 749 787
f 1447 749 1599
f 1447 545 1491
f 618 644 310
f 545 1461 1491
f 1461 1310 1491
f 1113 1613 1689
f 1689 1613 645
f 1837 1113 654
f 1529 1689 645
f 1113 1689 654
f 295 1675 463
f 338 1675 295
f 338 612 1675
f 338 1112 612
f 215 1612 1776
f 622 1602 822
f 1602 575 822
f 1885 419 1637
f 787 1146 355
f 694 1044 202
f 1044 415 202
f 1901 97 387
f 539 1828 139
f 1657 1901 461
f 1828 774 960
f 749 1146 787
f 749 1002 1146
f 1447 1002 749
f 13 722 1837
f 722 13 553
f 722 553 463
f 1551 1529 871
f 178 1551 1697
f 1675 612 801
f 1612 518 1356
f 1500 1776 1612
f 1776 844 76
f 573 790 584
f 573 622 790
f 1933 622 573
f 622 1933 1602
f 1003 575 1602
f 959 575 1003
f 150 575 959
f 1885 1637 1161
f 539 97 1901
f 539 139 97
f 415 181 1803
f 1145 1803 1657
f 774 78 900
f 1447 1491 819
f 618 310 1474
f 618 1071 311
f 1071 834 311
f 722 1904 1113
f 1113 1837 722
f 463 1904 722
f 463 1675 1904
f 871 1529 645
f 1697 1551 871
f 178 1697 810
f 239 178 810
f 192 1326 239
f 1356 1253 1521
f 1039 1500 1612
f 844 1776 563
f 573 584 1773
f 959 1276 150
f 355 1896 715
f 145 1637 1034
f 145 1034 1276
f 1637 145 1161
f 1885 1890 419
f 1890 1118 419
f 1890 1573 1118
f 378 1118 1573
f 1573 47 378
f 378 47 694
f 47 1044 694
f 1044 181 415
f 539 1620 1828
f 1828 1620 774
f 1447 999 1002
f 78 1474 900
f 900 1474 310
f 1447 819 999
f 1904 297 1113
f 1113 297 1613
f 1675 1134 1904
f 1035 645 1613
f 1675 801 1134
f 1587 871 645
f 612 700 801
f 825 192 239
f 1500 563 1776
f 1773 844 464
f 1933 1003 1602
f 1313 1276 651
f 1313 145 1276
f 1573 308 47
f 1044 47 247
f 247 108 1044
f 1044 108 181
f 1803 833 1657
f 1657 833 1901
f 539 1901 637
f 114 1620 539
f 539 637 114
f 1620 78 774
f 1491 1310 1708
f 1708 1310 1275
f 1071 52 834
f 1310 834 52
f 1594 297 1904
f 1904 1134 336
f 297 1035 1613
f 1587 645 1035
f 801 700 1134
f 1326 192 1253
f 464 688 1773
f 573 1773 688
f 1608 1276 959
f 1608 651 1276
f 1885 211 1890
f 1146 1581 355
f 1573 1890 211
f 47 308 1126
f 1126 247 47
f 1146 1002 1581
f 819 1491 1708
f 618 1474 987
f 618 987 1071
f 1275 1310 52
f 1904 657 1594
f 336 657 1904
f 1594 1264 297
f 1420 1035 297
f 1420 297 1264
f 1587 1035 100
f 1420 100 1035
f 700 1287 1134
f 871 1587 616
f 1697 871 616
f 825 239 810
f 552 1039 1612
f 1039 920 1500
f 22 1608 959
f 1302 145 1815
f 145 1302 1161
f 1272 1161 1302
f 1161 1272 1885
f 211 1885 1272
f 1452 1573 211
f 1452 308 1573
f 1786 1803 181
f 1620 253 78
f 1708 1165 819
f 819 1165 999
f 1287 336 1134
f 612 1220 700
f 1112 1220 612
f 552 848 1039
f 1521 1612 1356
f 844 563 464
f 1933 573 688
f 1112 715 1742
f 860 1003 1933
f 1003 22 959
f 609 145 1313
f 609 1815 145
f 247 1126 479
f 108 1567 181
f 1567 1786 181
f 833 1803 1786
f 999 1935 1002
f 833 1571 1901
f 1571 637 1901
f 1620 114 253
f 1571 798 637
f 798 114 637
f 1165 1708 265
f 1275 265 1708
f 987 351 1071
f 351 1318 1071
f 1318 52 1071
f 657 1264 1594
f 1451 1420 1264
f 700 666 1287
f 700 1220 666
f 1112 1128 1220
f 25 1253 192
f 25 1521 1253
f 1521 552 1612
f 848 920 1039
f 688 464 127
f 1252 1608 22
f 1608 1313 651
f 1581 974 355
f 1452 211 1716
f 308 1452 1716
f 308 1716 806
f 479 108 247
f 1786 1231 833
f 78 1557 1474
f 657 336 1291
f 1420 1451 100
f 1570 1451 1264
f 1287 1291 336
f 616 1615 1697
f 1647 192 825
f 464 563 484
f 860 1101 1003
f 22 1003 1101
f 1252 1313 1608
f 155 1313 1252
f 155 609 1313
f 1833 1302 1815
f 1833 1272 1302
f 1716 211 1514
f 308 806 1126
f 1002 1935 1581
f 1567 984 1786
f 1935 999 1165
f 1786 984 1231
f 833 1231 1571
f 1231 1191 1571
f 1191 798 1571
f 78 253 1557
f 1557 1848 1474
f 1848 987 1474
f 1275 52 1110
f 1264 657 1570
f 100 1095 1587
f 1697 1615 810
f 810 1615 825
f 563 920 484
f 1500 920 563
f 484 127 464
f 688 1288 1933
f 1288 860 1933
f 1288 866 860
f 866 1101 860
f 278 609 155
f 278 1815 609
f 218 1673 355
f 974 218 355
f 1514 211 1272
f 479 1126 806
f 479 1067 108
f 1067 1567 108
f 1278 798 1191
f 265 1275 1110
f 1110 52 1080
f 1848 351 987
f 516 1318 351
f 52 1318 1414
f 750 1570 657
f 657 1291 750
f 666 1291 1287
f 1647 825 1531
f 1112 1742 1128
f 1514 1272 1833
f 1716 1577 806
f 479 806 1577
f 943 421 1567
f 1567 421 984
f 984 36 1231
f 1231 36 1191
f 36 1278 1191
f 798 1278 187
f 798 187 114
f 253 114 1557
f 1557 187 1848
f 52 1414 1080
f 585 1451 1570
f 401 585 1570
f 1570 750 401
f 750 1291 1858
f 1291 1926 1858
f 666 1926 1291
f 1531 521 1647
f 776 1647 521
f 192 1647 776
f 715 1460 1742
f 1575 1815 278
f 1833 1815 1575
f 1833 1168 1514
f 479 943 1067
f 1067 943 1567
f 36 1621 1278
f 1278 1621 187
f 187 1557 114
f 1318 516 1414
f 1051 351 1848
f 1051 516 351
f 750 1858 1805
f 100 1223 1095
f 100 1451 1223
f 1095 616 1587
f 538 1615 616
f 192 776 25
f 776 1104 25
f 715 386 901
f 1896 385 715
f 935 278 155
f 1833 1575 893
f 893 1168 1833
f 1168 1577 1514
f 1577 1716 1514
f 1174 479 1577
f 443 421 943
f 421 117 984
f 984 117 36
f 1110 1384 265
f 1165 265 1384
f 117 1621 36
f 1080 874 1110
f 187 392 1848
f 1051 589 516
f 585 401 527
f 527 401 750
f 1095 538 616
f 1531 825 1026
f 1026 825 1615
f 1521 1 552
f 407 127 1585
f 1585 127 484
f 1585 484 505
f 1311 688 127
f 1311 1288 688
f 1215 1252 22
f 249 155 1252
f 935 155 249
f 1935 897 1581
f 1741 943 479
f 1621 672 187
f 672 392 187
f 392 570 1848
f 570 1051 1848
f 516 589 1414
f 776 521 804
f 25 1104 1521
f 1311 127 407
f 1101 1215 22
f 1575 278 1239
f 1913 1575 1239
f 893 1575 1913
f 893 413 1168
f 1174 1741 479
f 1935 116 897
f 772 943 1741
f 772 443 943
f 1935 1165 116
f 1384 116 1165
f 117 481 1621
f 481 672 1621
f 1110 874 853
f 672 1824 392
f 1824 570 392
f 874 1080 173
f 173 1080 1414
f 585 527 1680
f 705 1451 585
f 705 1223 1451
f 705 585 1680
f 1223 538 1095
f 666 487 1926
f 1220 487 666
f 1531 1394 955
f 1531 1026 1394
f 955 521 1531
f 955 728 521
f 521 728 804
f 257 1104 804
f 804 1104 776
f 1 1521 1104
f 1 1229 848
f 848 552 1
f 920 848 1229
f 484 920 505
f 1229 505 920
f 1311 866 1288
f 1239 278 935
f 1168 496 1577
f 1174 1577 496
f 496 562 1174
f 1174 562 1741
f 421 939 117
f 1384 1110 853
f 481 619 672
f 1824 1334 570
f 538 1223 1604
f 1220 1128 487
f 1441 257 804
f 1 1104 1200
f 1853 1101 866
f 1853 1215 1101
f 497 935 249
f 1884 893 1913
f 562 454 1741
f 1741 454 772
f 1384 1400 116
f 1400 1384 853
f 1389 874 173
f 853 874 1030
f 1030 874 1389
f 1857 589 1051
f 570 1857 1051
f 589 1087 1414
f 1414 1087 173
f 1432 527 750
f 1805 1432 750
f 77 705 1680
f 1394 1026 538
f 538 1026 1615
f 257 1200 1104
f 1200 1229 1
f 190 505 1229
f 1200 190 1229
f 505 747 1585
f 1585 747 120
f 1853 1311 130
f 1311 1853 866
f 715 385 386
f 1215 249 1252
f 355 1673 1896
f 413 893 1884
f 1168 413 1075
f 1075 496 1168
f 443 664 421
f 421 917 939
f 853 1030 334
f 853 334 1400
f 939 481 117
f 532 481 939
f 589 1857 1333
f 589 1333 1087
f 1680 357 77
f 538 1604 30
f 705 1604 1223
f 804 728 1441
f 1441 1505 1124
f 1124 257 1441
f 1200 257 190
f 747 505 190
f 1585 120 407
f 407 120 274
f 407 130 1311
f 1853 130 353
f 1853 353 246
f 1215 1853 246
f 869 249 1215
f 497 249 869
f 413 1884 1438
f 1438 1024 413
f 1525 320 496
f 320 562 496
f 454 814 772
f 772 664 443
f 664 917 421
f 1389 911 1030
f 334 1030 911
f 532 619 481
f 619 1824 672
f 131 1824 619
f 705 77 669
f 1604 705 669
f 1648 538 30
f 1299 728 1791
f 1791 728 955
f 728 1299 1505
f 1505 1441 728
f 515 257 1124
f 515 190 257
f 152 190 515
f 152 747 190
f 1303 747 152
f 1303 120 747
f 274 130 407
f 274 353 130
f 353 1747 1241
f 901 1460 715
f 353 1241 1115
f 353 1115 246
f 246 1115 1279
f 1279 1215 246
f 1215 1279 869
f 413 1024 1075
f 1525 496 1075
f 814 1609 772
f 1136 173 1087
f 1389 173 1136
f 1334 1857 570
f 669 1862 30
f 77 1862 669
f 907 1432 1805
f 907 1805 483
f 1805 1858 483
f 1858 1454 483
f 1604 669 30
f 1926 1454 1858
f 1926 1199 1454
f 1648 1394 538
f 487 1199 1926
f 1791 955 1094
f 1094 955 1394
f 854 458 1505
f 458 1124 1505
f 373 1124 458
f 373 515 1124
f 1303 152 373
f 373 152 515
f 593 120 1303
f 593 196 120
f 196 274 120
f 196 56 274
f 144 56 196
f 56 353 274
f 56 1747 353
f 1115 1241 1523
f 1523 1279 1115
f 1896 1673 385
f 1239 176 1913
f 1672 1525 1075
f 1581 1396 974
f 897 1396 1581
f 221 897 116
f 221 116 1400
f 772 1609 664
f 1400 334 221
f 917 1117 939
f 1117 532 939
f 17 292 1857
f 794 1333 1857
f 1136 1087 794
f 1674 1334 1824
f 1334 17 1857
f 1333 794 1087
f 357 527 4
f 1666 1862 77
f 357 1666 77
f 357 1680 527
f 1147 1648 30
f 1094 1394 1648
f 1459 1299 1791
f 854 1505 1459
f 1459 1505 1299
f 560 458 854
f 560 373 458
f 96 373 560
f 148 1303 96
f 96 1303 373
f 535 148 1084
f 196 593 535
f 535 593 148
f 148 593 1303
f 535 144 196
f 56 1012 1747
f 1012 1241 1747
f 1632 1224 1523
f 1224 850 1523
f 850 1279 1523
f 869 1279 850
f 555 869 850
f 555 497 869
f 1133 497 555
f 1133 935 497
f 176 935 1133
f 176 1239 935
f 789 1913 176
f 1884 1913 789
f 1075 1024 1672
f 1396 1591 974
f 562 320 213
f 222 1396 897
f 562 213 454
f 221 222 897
f 1458 1127 334
f 221 334 1127
f 334 911 1458
f 1049 1458 1136
f 1458 1389 1136
f 911 1389 1458
f 532 480 619
f 131 1674 1824
f 1857 292 794
f 292 1920 794
f 794 650 1136
f 1920 650 794
f 1136 650 1049
f 1674 17 1334
f 1614 1862 1666
f 1147 201 1648
f 1862 1147 30
f 487 1918 1199
f 1128 1918 487
f 5 854 1459
f 886 560 854
f 1617 96 560
f 1617 560 886
f 208 1084 1617
f 1084 96 1617
f 1084 148 96
f 1905 56 144
f 1905 144 535
f 1012 56 1905
f 1632 1523 1241
f 1525 1672 394
f 320 1525 394
f 1591 218 974
f 1396 1662 1591
f 529 213 320
f 924 1396 222
f 924 1662 1396
f 213 814 454
f 222 41 924
f 664 626 917
f 626 1117 917
f 480 131 619
f 17 698 292
f 698 701 292
f 292 701 1920
f 1920 730 650
f 650 730 1049
f 701 1845 1920
f 1920 1845 730
f 1147 1862 201
f 1199 1918 1454
f 1791 1193 1459
f 1791 1094 1193
f 508 1918 1128
f 1690 886 294
f 294 886 854
f 294 854 5
f 379 886 1690
f 725 1617 379
f 379 1617 886
f 725 208 1617
f 1137 1084 208
f 1397 535 1137
f 1137 535 1084
f 1397 1905 535
f 1721 1241 1012
f 555 1440 1133
f 176 1133 1440
f 1024 1438 1314
f 1314 1672 1024
f 529 320 394
f 1662 218 1591
f 27 814 213
f 1944 1609 814
f 1127 222 221
f 626 664 1609
f 1117 826 532
f 1055 1127 1458
f 826 480 532
f 1674 1093 17
f 1093 698 17
f 712 701 698
f 730 1865 1049
f 1055 1458 1049
f 1865 1055 1049
f 712 1731 1845
f 712 1845 701
f 1865 453 1055
f 390 1055 453
f 730 1783 1865
f 1865 1783 453
f 1432 1062 527
f 1862 818 201
f 1614 818 1862
f 1648 201 803
f 1094 803 1193
f 803 1094 1648
f 319 1459 1193
f 319 5 1459
f 468 1538 1137
f 468 1137 208
f 1538 1397 1137
f 1742 1664 1128
f 1632 1241 1721
f 167 555 850
f 789 1658 1884
f 1658 1438 1884
f 529 1709 213
f 459 27 213
f 1944 814 27
f 924 41 875
f 626 1609 1944
f 1127 565 222
f 565 41 222
f 1055 390 1127
f 1127 390 565
f 131 1093 1674
f 698 1093 762
f 712 698 762
f 762 738 712
f 738 1731 712
f 1783 730 1845
f 1783 1845 1731
f 738 1877 1731
f 1731 1142 1783
f 453 1783 1777
f 1783 1142 1777
f 1062 4 527
f 1193 1338 319
f 468 208 725
f 667 1397 1538
f 667 1869 1012
f 667 1905 1397
f 1012 1905 667
f 1224 1632 1019
f 1440 555 167
f 174 1440 167
f 789 176 1440
f 1672 1314 1593
f 1672 1593 394
f 1662 250 218
f 1709 459 213
f 924 250 1662
f 924 875 250
f 131 513 1093
f 762 1093 1281
f 390 925 565
f 453 530 390
f 129 738 762
f 1777 530 453
f 1142 1731 1274
f 1877 1274 1731
f 1877 614 1274
f 4 1666 357
f 1304 1062 1432
f 1304 1432 907
f 483 103 907
f 483 1701 103
f 1454 1701 483
f 1454 396 1701
f 803 608 1338
f 1918 396 1454
f 1338 1193 803
f 744 294 5
f 744 5 319
f 751 379 1690
f 1527 1178 1534
f 1534 1178 949
f 751 725 379
f 949 1190 1534
f 1190 1869 1534
f 751 468 725
f 1534 1538 1527
f 1527 1538 468
f 1869 667 1534
f 1534 667 1538
f 1539 1012 1869
f 1012 1539 1339
f 1339 1721 1012
f 655 1632 1721
f 1224 1019 1724
f 850 1224 1724
f 1440 174 1111
f 1440 1111 789
f 830 529 394
f 594 626 1944
f 626 180 1117
f 180 125 1117
f 1117 125 826
f 1582 480 826
f 480 513 131
f 1582 513 480
f 565 329 41
f 113 762 1281
f 925 329 565
f 530 925 390
f 762 113 129
f 1777 1312 530
f 614 1877 738
f 738 1684 614
f 304 1304 907
f 907 103 304
f 1404 1666 4
f 1338 608 673
f 466 608 803
f 201 466 803
f 744 154 294
f 1423 744 319
f 1423 319 673
f 673 319 1338
f 154 1690 294
f 751 1690 154
f 1178 1527 183
f 1527 468 751
f 1527 751 183
f 949 1029 1190
f 1869 71 1539
f 1339 1539 534
f 655 1721 1339
f 655 1019 1632
f 167 850 1724
f 167 1123 174
f 1111 1658 789
f 613 1438 1658
f 1314 1438 613
f 830 394 1593
f 830 1709 529
f 459 1944 27
f 513 1228 1093
f 1228 1281 1093
f 41 590 875
f 1281 327 113
f 254 41 329
f 254 590 41
f 1360 329 925
f 1312 1360 530
f 530 1360 925
f 129 1684 738
f 614 1950 1274
f 1142 1274 1777
f 4 1062 1404
f 923 1062 1304
f 1614 370 818
f 466 201 818
f 261 154 1423
f 1423 154 744
f 919 183 751
f 919 751 154
f 1178 183 757
f 1190 1029 1242
f 1242 71 1190
f 1190 71 1869
f 534 1539 71
f 1339 534 1498
f 655 1339 1498
f 1724 1123 167
f 1011 1658 1111
f 613 1658 1011
f 250 191 218
f 875 262 250
f 594 1266 626
f 590 262 875
f 1582 1148 513
f 513 1148 1228
f 1228 1586 1281
f 590 1296 262
f 1281 1586 327
f 254 1296 590
f 1197 1296 254
f 327 323 113
f 653 254 329
f 113 323 129
f 1360 653 329
f 323 1684 129
f 1204 614 1684
f 1204 1684 276
f 614 1204 1950
f 1274 1471 1777
f 608 466 1135
f 1423 417 261
f 417 1423 673
f 757 183 919
f 757 919 1090
f 1090 919 154
f 1090 154 261
f 1178 757 1528
f 1178 1528 1477
f 949 1178 1477
f 1242 414 71
f 1245 534 71
f 104 655 1498
f 104 1019 655
f 1724 1019 1251
f 1251 1123 1724
f 1255 174 1123
f 675 1111 174
f 1314 613 1593
f 1944 459 594
f 1582 734 763
f 826 734 1582
f 763 1148 1582
f 763 1109 1148
f 1228 1148 1109
f 1109 1586 1228
f 327 1596 323
f 1360 880 653
f 1321 880 1360
f 1490 276 1684
f 323 1490 1684
f 1321 1360 1312
f 1576 1471 1274
f 1576 1274 1950
f 1777 1471 1312
f 1950 1204 1576
f 1528 757 1442
f 757 1090 1442
f 1135 417 673
f 1135 673 608
f 1918 508 396
f 914 1029 949
f 414 1245 71
f 1956 534 1245
f 534 1956 1498
f 1844 1019 104
f 1251 1019 1844
f 1251 1687 1123
f 174 1255 675
f 218 997 1673
f 1593 846 830
f 830 59 1709
f 1709 59 459
f 1086 459 59
f 262 191 250
f 459 641 594
f 626 1510 180
f 1266 1510 626
f 125 734 826
f 1109 1951 1586
f 327 1586 15
f 1197 1286 1296
f 15 1596 327
f 1312 1471 347
f 1204 1063 1576
f 1576 177 1471
f 1811 1304 304
f 304 103 1811
f 1701 1825 103
f 261 1770 322
f 322 1770 1562
f 370 466 818
f 396 1825 1701
f 396 508 1825
f 1442 1090 322
f 322 1090 261
f 261 417 1770
f 1770 417 1135
f 1477 1528 1713
f 914 949 1477
f 914 1242 1029
f 1956 1245 800
f 1498 1956 104
f 104 1956 1844
f 385 1673 386
f 1305 1111 675
f 1086 641 459
f 1296 1768 262
f 1586 1951 15
f 1286 1768 1296
f 254 1919 1197
f 1596 629 323
f 254 653 1919
f 629 1490 323
f 344 1321 1312
f 276 1490 1787
f 1312 347 344
f 276 1063 1204
f 1471 177 347
f 1576 1063 1250
f 1666 1404 1156
f 1156 1614 1666
f 1519 1528 1442
f 716 1442 322
f 716 1519 1442
f 1946 322 1562
f 1946 716 322
f 65 1562 1770
f 65 1770 1135
f 975 65 1135
f 975 1135 466
f 975 466 370
f 370 1614 948
f 1713 914 1477
f 1343 1956 800
f 252 1956 1343
f 252 1844 1956
f 901 386 1696
f 1764 1251 1844
f 1764 1687 1251
f 1011 1111 1305
f 846 1593 613
f 1247 1109 763
f 1197 1919 1286
f 1321 164 880
f 1490 629 1787
f 276 1787 1063
f 1576 1250 177
f 1404 1780 1156
f 923 1404 1062
f 1156 948 1614
f 1519 1713 1528
f 716 1946 1401
f 1519 716 1401
f 406 1946 1562
f 65 406 1562
f 1242 914 1468
f 414 1242 1468
f 800 1245 414
f 1460 1729 1742
f 901 1729 1460
f 1764 1844 252
f 1123 954 1255
f 191 997 218
f 846 59 830
f 1266 594 641
f 763 734 1249
f 1249 1247 763
f 1247 234 1109
f 234 1951 1109
f 15 1749 1596
f 1329 1919 653
f 880 1329 653
f 1329 880 164
f 1787 1912 1063
f 978 1780 1404
f 978 1404 923
f 1811 923 1304
f 1811 103 1744
f 1735 1519 1401
f 406 1401 1946
f 1825 1744 103
f 1825 1745 1744
f 1519 523 1713
f 198 975 370
f 198 370 948
f 508 1745 1825
f 914 1713 1290
f 1742 1729 1664
f 1343 800 315
f 1343 1681 490
f 490 252 1343
f 649 252 490
f 649 1764 252
f 1687 1764 649
f 1123 1687 954
f 1255 954 675
f 954 1478 675
f 1305 675 1478
f 1077 613 1011
f 1691 613 1077
f 846 613 1691
f 846 1691 1216
f 846 1086 59
f 780 1510 1266
f 180 736 125
f 1951 1496 15
f 1749 15 1496
f 629 1596 1611
f 344 164 1321
f 347 816 344
f 1831 1479 1811
f 978 923 1811
f 1811 1744 1831
f 1735 523 1519
f 1784 65 975
f 1290 1713 523
f 414 1468 583
f 414 583 492
f 492 800 414
f 195 800 492
f 315 800 195
f 1681 1343 315
f 695 649 490
f 695 1687 649
f 1305 1478 831
f 1077 1011 1305
f 1216 1121 846
f 1121 1086 846
f 1734 1086 1121
f 1734 641 1086
f 20 1266 641
f 780 1266 20
f 1286 153 1768
f 1749 1611 1596
f 629 1611 1484
f 300 1286 1919
f 1919 1329 300
f 164 344 1367
f 344 816 1367
f 347 177 816
f 1063 88 1250
f 1250 179 177
f 88 179 1250
f 177 179 816
f 978 451 1346
f 1780 1346 1156
f 451 978 1479
f 1479 978 1811
f 1744 1898 1831
f 232 1735 1401
f 232 1401 406
f 1855 232 406
f 1244 948 1156
f 1745 1898 1744
f 65 1784 406
f 1784 975 198
f 1290 1947 914
f 1468 914 1947
f 1468 1947 583
f 695 490 1681
f 695 1681 162
f 1687 1957 954
f 1957 1478 954
f 1077 831 699
f 1077 1305 831
f 1077 699 1691
f 472 1510 780
f 736 180 1510
f 736 734 125
f 1496 1951 234
f 164 1350 1329
f 1912 1667 1063
f 1063 1667 88
f 1346 1780 978
f 779 1735 232
f 1244 198 948
f 1244 1693 198
f 1745 1580 1898
f 508 1580 1745
f 1325 492 583
f 315 931 1681
f 162 494 695
f 1957 1687 695
f 695 494 1957
f 1957 1638 1478
f 1638 1122 1478
f 1122 831 1478
f 699 1216 1691
f 1728 1121 1216
f 1344 20 641
f 1768 191 262
f 472 736 1510
f 736 1683 734
f 1249 734 1683
f 1611 1749 1413
f 164 1367 1350
f 1787 629 51
f 1912 691 1667
f 451 267 1346
f 1663 523 1735
f 377 1663 1735
f 1663 1290 523
f 1698 1947 1290
f 668 583 1947
f 1128 1664 508
f 1325 1668 492
f 337 195 492
f 231 1681 931
f 231 162 1681
f 1957 494 815
f 831 1122 699
f 1121 1728 1949
f 1949 1734 1121
f 641 1734 945
f 945 1344 641
f 20 1344 74
f 74 780 20
f 1683 1032 1249
f 1032 1247 1249
f 1032 234 1247
f 1584 1496 234
f 1556 1496 1584
f 1749 1496 1556
f 1749 1556 1413
f 1286 1652 153
f 300 1652 1286
f 300 1940 1652
f 1350 1367 746
f 1484 51 629
f 1367 816 746
f 746 816 1574
f 1787 691 1912
f 1479 1831 710
f 1831 918 710
f 1244 1156 1346
f 1244 1346 267
f 1898 918 1831
f 1735 779 377
f 1555 406 1784
f 198 1782 1784
f 1782 198 1693
f 1663 1046 1290
f 1698 1290 1046
f 668 1947 1698
f 508 1664 1580
f 583 668 1325
f 337 492 1668
f 195 337 315
f 901 1696 1729
f 815 1638 1957
f 1122 284 699
f 1005 1216 699
f 1216 1005 1728
f 1949 331 1734
f 1734 331 1448
f 945 1734 1448
f 456 736 472
f 1683 736 456
f 234 1083 1584
f 1032 1083 234
f 1652 611 153
f 1329 1350 300
f 1779 51 1484
f 51 500 1787
f 1787 500 691
f 1574 816 179
f 1430 1315 451
f 451 205 1430
f 205 451 1479
f 710 205 1479
f 1855 779 232
f 1898 946 918
f 349 406 1555
f 349 1855 406
f 1782 1555 1784
f 1580 946 1898
f 1698 1743 668
f 1325 668 1743
f 1325 1743 1668
f 133 162 231
f 162 133 1649
f 494 162 170
f 494 170 824
f 494 824 815
f 1005 699 284
f 272 1005 284
f 331 1949 1569
f 74 472 780
f 571 1683 456
f 1752 1683 571
f 1683 1752 1032
f 1083 1032 1752
f 153 611 1768
f 1350 1940 300
f 746 1792 1350
f 1315 267 451
f 267 1180 1244
f 1663 377 122
f 1046 1663 122
f 795 1698 1046
f 795 1743 1698
f 1668 372 337
f 1402 386 1673
f 1649 170 162
f 1638 1809 1122
f 815 1809 1638
f 1772 1005 272
f 1673 997 1656
f 1772 1728 1005
f 1569 1728 1772
f 1569 1949 1728
f 945 45 1344
f 74 64 472
f 64 456 472
f 456 64 571
f 1083 1752 1152
f 1152 1584 1083
f 165 1413 1556
f 1413 165 1888
f 769 1940 1350
f 1543 1792 746
f 1779 500 51
f 1543 746 1574
f 500 1597 691
f 691 389 1667
f 88 1823 179
f 179 1823 1574
f 918 1010 710
f 1180 1693 1244
f 946 1010 918
f 779 604 69
f 377 779 69
f 349 779 1855
f 1928 1046 122
f 1743 795 1041
f 1743 1041 1668
f 372 1668 1041
f 1722 337 372
f 1722 315 337
f 1722 931 315
f 231 931 1722
f 582 133 231
f 824 170 735
f 824 735 1809
f 1809 815 824
f 1809 1073 1122
f 272 284 636
f 45 477 1344
f 477 74 1344
f 64 1366 571
f 1366 1752 571
f 1366 1152 1752
f 1556 1584 1152
f 1611 1413 1888
f 1484 1611 1259
f 1940 1864 1652
f 1779 1484 1259
f 769 1350 1792
f 445 88 1667
f 445 1667 389
f 1078 88 445
f 1078 1823 88
f 1285 205 710
f 1580 841 946
f 795 1046 1928
f 1746 372 1041
f 386 1402 1696
f 536 1073 1809
f 1122 1073 284
f 1073 636 284
f 1772 272 1096
f 431 331 1569
f 331 431 1448
f 1386 997 191
f 1097 945 1448
f 165 1556 1152
f 165 1152 1464
f 1652 662 611
f 1259 1611 1888
f 1864 662 1652
f 568 1940 769
f 568 1864 1940
f 1779 1259 940
f 940 500 1779
f 1597 1494 691
f 691 1494 389
f 1823 1543 1574
f 1285 710 1327
f 1323 1048 267
f 1315 1323 267
f 1010 1327 710
f 604 779 349
f 69 122 377
f 795 1928 1041
f 1382 1722 372
f 1746 1382 372
f 582 231 1722
f 1859 735 170
f 536 1809 735
f 1569 1096 1875
f 431 1569 1875
f 1097 1448 431
f 1366 141 1152
f 950 1152 141
f 1152 950 1464
f 1888 165 1682
f 940 1405 500
f 500 1405 1597
f 1323 1315 689
f 1285 1430 205
f 267 1048 1180
f 946 841 1010
f 264 1041 1928
f 264 1746 1041
f 1722 1382 435
f 582 1722 435
f 435 1518 582
f 194 170 1649
f 1859 170 194
f 536 709 1073
f 709 636 1073
f 636 876 272
f 876 1096 272
f 1569 1772 1096
f 1097 45 945
f 1120 74 477
f 74 1120 64
f 1366 64 1120
f 611 732 1768
f 1464 434 165
f 434 1682 165
f 1888 1682 1259
f 1682 1014 1259
f 940 1259 1014
f 996 769 1792
f 568 769 996
f 1543 1922 1792
f 1922 996 1792
f 1633 1922 1543
f 1823 1633 1543
f 1494 745 389
f 1823 1078 1028
f 1823 1028 1633
f 689 1315 1430
f 69 604 1622
f 1453 604 349
f 1048 1297 1180
f 349 1555 1453
f 1045 1555 1782
f 388 1782 1693
f 388 1693 1180
f 812 122 69
f 828 122 812
f 1928 1154 264
f 577 1746 264
f 1729 638 1664
f 577 543 1746
f 1746 543 1382
f 133 582 1518
f 133 1472 1649
f 1320 876 636
f 596 45 1097
f 596 477 45
f 596 1120 477
f 1411 141 1366
f 950 141 1411
f 1768 732 191
f 1864 1719 662
f 568 1719 1864
f 568 537 1719
f 537 568 996
f 445 745 845
f 389 745 445
f 1633 1028 1922
f 845 1078 445
f 604 677 1622
f 1045 1453 1555
f 1782 388 1045
f 1928 122 828
f 156 264 1154
f 156 577 264
f 543 435 1382
f 1518 1907 133
f 1907 1472 133
f 1673 1656 1402
f 1678 735 1859
f 709 1320 636
f 997 986 1656
f 1096 876 592
f 1096 592 44
f 44 1875 1096
f 707 1366 1120
f 1464 950 1364
f 1364 434 1464
f 1597 1405 745
f 1597 745 1494
f 1028 1078 38
f 677 604 1453
f 1909 677 1453
f 388 1180 1297
f 812 69 263
f 263 69 1622
f 1154 1928 828
f 1154 828 212
f 1664 638 1580
f 156 432 577
f 577 1636 543
f 435 543 1518
f 424 1649 1472
f 194 182 1859
f 536 735 1678
f 1678 709 536
f 431 1522 1097
f 1522 596 1097
f 1411 1366 707
f 1411 707 1808
f 369 1682 434
f 1014 1682 369
f 1023 940 1014
f 940 1023 1405
f 1023 1172 1405
f 1405 1172 745
f 1618 1028 38
f 1028 1618 1922
f 1285 689 1430
f 1048 1058 1297
f 1327 660 579
f 1010 660 1327
f 1010 841 660
f 1622 677 1540
f 677 1909 1540
f 1807 1909 1453
f 1045 1807 1453
f 812 263 828
f 263 922 828
f 922 212 828
f 212 156 1154
f 1308 432 156
f 432 1636 577
f 1751 543 1636
f 1696 1221 1729
f 1649 424 194
f 1678 781 709
f 781 1320 709
f 1320 592 876
f 1875 44 1623
f 596 707 1120
f 1129 1411 1808
f 271 434 1364
f 271 147 434
f 147 369 434
f 996 1922 625
f 845 745 1700
f 845 38 1078
f 689 1048 1323
f 1285 1327 49
f 1327 579 49
f 1297 915 388
f 1807 1045 631
f 631 1045 388
f 1622 1467 263
f 1467 1622 1540
f 922 263 1467
f 1308 156 212
f 1729 442 1810
f 755 1751 1636
f 1751 1518 543
f 1518 1751 1907
f 1729 1221 442
f 182 194 424
f 1678 1859 182
f 1623 431 1875
f 1522 549 596
f 549 1808 707
f 1386 732 1748
f 191 732 1386
f 1157 1411 1129
f 950 1411 1157
f 950 1157 1038
f 950 1038 1364
f 369 147 1661
f 1661 514 369
f 369 514 1014
f 1014 514 1023
f 537 996 482
f 1922 1618 625
f 745 1172 1700
f 1700 1488 845
f 49 34 1285
f 899 1048 689
f 851 915 1297
f 1058 851 1297
f 1725 1540 944
f 1909 944 1540
f 915 631 388
f 1909 1807 944
f 944 1807 756
f 756 1807 631
f 212 343 1308
f 1846 432 1308
f 1846 1636 432
f 1846 755 1636
f 1472 1907 1826
f 1907 1751 1826
f 1472 1826 1140
f 1140 424 1472
f 182 424 1140
f 781 1678 404
f 791 1320 781
f 44 592 1192
f 1623 1871 431
f 1031 549 1522
f 596 549 707
f 1492 1808 549
f 1841 271 1364
f 271 1841 147
f 537 1643 1719
f 482 1643 537
f 1023 514 1685
f 1685 775 1023
f 1023 775 1172
f 775 947 1172
f 947 1700 1172
f 34 689 1285
f 1393 1058 1048
f 915 186 631
f 881 1846 1308
f 755 1826 1751
f 470 1140 1826
f 1955 182 1140
f 1955 404 182
f 404 1678 182
f 592 1320 836
f 592 836 1192
f 1192 1623 44
f 1416 1871 1623
f 1192 1416 1623
f 1871 1522 431
f 549 1031 1425
f 1425 1492 549
f 1129 1808 1492
f 1038 1427 1364
f 1427 1841 1364
f 147 1841 953
f 1719 1607 662
f 953 1661 147
f 1618 140 625
f 1047 1618 38
f 1488 38 845
f 38 581 1047
f 112 1058 1393
f 1393 1048 899
f 660 1025 579
f 663 1725 944
f 841 1025 660
f 217 1540 1725
f 217 1467 1540
f 1580 1105 1025
f 922 343 212
f 343 881 1308
f 1213 1846 881
f 755 1846 1213
f 1955 1140 470
f 1696 1402 1221
f 1324 404 1353
f 1324 781 404
f 1324 791 781
f 791 836 1320
f 836 293 1192
f 1386 1748 997
f 662 1607 611
f 1841 1427 953
f 514 1661 1102
f 996 31 482
f 1102 1685 514
f 996 625 31
f 775 1685 1210
f 947 1488 1700
f 899 689 34
f 49 579 450
f 579 1931 450
f 756 1891 663
f 756 186 1891
f 112 851 1058
f 1025 1931 579
f 663 944 756
f 756 631 186
f 1580 1025 841
f 217 1070 1467
f 1070 922 1467
f 343 922 1070
f 1213 671 755
f 755 671 1826
f 671 470 1826
f 273 470 671
f 1353 404 1955
f 1656 1267 1402
f 1654 836 791
f 1354 1192 293
f 1522 1871 628
f 1157 1129 1038
f 879 1427 1038
f 953 1427 879
f 1661 953 1102
f 1102 1210 1685
f 625 140 31
f 1618 1047 140
f 947 1544 1488
f 1488 581 38
f 91 34 49
f 49 450 91
f 839 1393 899
f 851 186 915
f 132 1725 663
f 452 1070 217
f 1070 797 343
f 881 343 797
f 273 671 977
f 273 1955 470
f 1353 1955 1856
f 1324 1670 1654
f 791 1324 1654
f 1654 293 836
f 1192 1489 1416
f 628 1871 1416
f 1954 1522 628
f 1954 628 84
f 1031 1522 1954
f 1031 1954 1425
f 1954 1293 1425
f 1425 1293 727
f 1425 727 1492
f 727 1403 1492
f 1403 1129 1492
f 31 1262 482
f 1316 947 775
f 1544 581 1488
f 91 899 34
f 851 112 861
f 186 279 1891
f 244 186 851
f 244 851 861
f 217 1725 132
f 409 452 217
f 371 1070 452
f 797 1070 371
f 881 797 1057
f 802 1213 1057
f 1057 1213 881
f 802 671 1213
f 802 977 671
f 1390 977 802
f 493 273 977
f 493 1370 273
f 1370 1955 273
f 1370 517 1856
f 1856 1955 1370
f 517 1222 1856
f 1222 1324 1353
f 1222 1353 1856
f 1222 1670 1324
f 1092 293 1654
f 1092 1354 293
f 1056 1192 1354
f 1056 1489 1192
f 997 720 986
f 997 1748 720
f 972 1293 1954
f 1293 777 727
f 777 1403 727
f 578 1129 1403
f 1038 1129 733
f 879 1038 733
f 953 1214 1102
f 1210 1316 775
f 839 128 112
f 839 291 128
f 839 899 1800
f 1800 899 91
f 1800 91 124
f 91 450 124
f 450 1929 124
f 112 1393 839
f 1931 1929 450
f 1931 1025 1929
f 1891 132 663
f 279 244 1234
f 186 244 279
f 1234 244 861
f 1526 452 409
f 452 1526 371
f 1526 1205 371
f 371 1205 797
f 1060 797 1205
f 437 1057 1060
f 1060 1057 797
f 1729 1872 638
f 1810 1872 1729
f 437 802 1057
f 283 1390 802
f 283 802 437
f 283 1280 1390
f 493 977 1390
f 1280 493 1390
f 493 511 1370
f 1280 511 493
f 511 517 1370
f 1948 511 87
f 511 1280 87
f 511 1495 517
f 778 1408 511
f 1408 1495 511
f 1495 1408 517
f 517 1408 1222
f 1092 1654 1670
f 1076 1403 777
f 578 1403 1076
f 732 586 1748
f 578 733 1129
f 766 879 733
f 726 953 879
f 1210 1102 1214
f 1316 1050 947
f 1050 1544 947
f 684 140 1047
f 1544 1018 581
f 1047 581 684
f 291 1085 1756
f 861 742 321
f 861 128 742
f 1756 128 291
f 291 839 1800
f 1234 489 973
f 321 1234 861
f 128 861 112
f 1603 1195 132
f 1603 132 1160
f 1160 132 1891
f 1160 1891 973
f 973 1891 279
f 973 279 1234
f 1195 409 132
f 409 217 132
f 309 1526 126
f 126 1526 409
f 646 1526 309
f 646 1205 1526
f 640 1205 646
f 640 1060 1205
f 1060 640 714
f 714 437 1060
f 714 1600 437
f 1600 1450 437
f 1450 283 437
f 1450 1280 283
f 1450 1606 724
f 87 1280 1450
f 87 1450 724
f 175 87 724
f 1948 87 175
f 1948 3 778
f 778 511 1948
f 1408 778 1530
f 1530 1222 1408
f 1530 1670 1222
f 1530 1092 1670
f 1158 1354 1092
f 475 628 1416
f 1293 972 777
f 972 157 777
f 1719 1643 1607
f 1351 1210 1214
f 1262 31 229
f 31 140 229
f 684 581 1429
f 581 1018 1429
f 124 1091 595
f 1085 595 256
f 1283 1085 256
f 1085 291 595
f 595 291 1800
f 595 1800 124
f 1929 1091 124
f 1929 1025 1091
f 321 742 1934
f 742 128 1756
f 489 1160 973
f 1234 321 328
f 489 1234 328
f 368 126 1195
f 1195 126 409
f 368 309 126
f 782 646 309
f 376 1925 206
f 206 640 376
f 376 640 646
f 640 206 714
f 714 1626 1600
f 1606 1450 1600
f 1600 1626 1606
f 175 3 1948
f 1416 1489 475
f 475 84 628
f 972 1954 84
f 777 157 1076
f 578 766 733
f 1214 953 428
f 1316 1210 1351
f 823 140 684
f 229 140 823
f 823 684 1429
f 256 595 318
f 318 595 1015
f 1091 1015 595
f 623 1756 1085
f 742 1756 623
f 489 328 1603
f 328 321 1934
f 374 782 368
f 368 1195 642
f 642 1195 1603
f 1603 1160 489
f 368 782 309
f 1925 376 782
f 376 646 782
f 1925 1819 206
f 1819 397 1626
f 206 1819 714
f 1819 1626 714
f 1268 1606 1626
f 1268 724 1606
f 724 1268 411
f 724 411 175
f 1402 436 1221
f 3 175 989
f 3 80 778
f 778 1074 1530
f 1656 986 1267
f 1158 1092 1530
f 1158 1852 1354
f 1852 1056 1354
f 1076 617 578
f 766 578 617
f 611 808 732
f 1347 879 766
f 428 953 726
f 482 1616 1643
f 1262 1616 482
f 1214 301 1351
f 1351 285 1316
f 285 1050 1316
f 1015 115 318
f 1827 1207 318
f 1283 1207 1342
f 1207 256 318
f 1207 1283 256
f 1283 623 1085
f 1332 742 623
f 1025 933 1091
f 642 1603 1642
f 1332 12 1934
f 1332 1934 742
f 184 368 642
f 1444 1603 328
f 12 328 1934
f 374 368 743
f 374 743 259
f 782 374 1925
f 397 1925 374
f 397 374 259
f 397 259 441
f 397 1819 1925
f 397 441 1418
f 1418 1626 397
f 1418 1726 1626
f 1626 1726 1268
f 989 175 411
f 80 3 1635
f 1635 3 989
f 778 80 1074
f 1629 1158 1530
f 1158 93 1852
f 1056 524 1489
f 972 84 1238
f 1347 766 617
f 726 879 1347
f 1373 1214 428
f 229 823 1017
f 229 1017 1262
f 281 285 391
f 281 1050 285
f 281 1103 1050
f 1103 1018 1050
f 1417 1429 1018
f 92 1429 1417
f 823 1429 92
f 1050 1018 1544
f 1843 1827 318
f 115 1843 318
f 1660 115 1015
f 1342 1207 1827
f 837 1342 1033
f 1015 1091 933
f 623 837 242
f 837 1283 1342
f 623 242 1332
f 837 623 1283
f 184 1269 743
f 184 642 1269
f 1269 642 1642
f 1642 1444 1945
f 1444 328 12
f 743 368 184
f 1642 1603 1444
f 743 248 259
f 1025 965 1688
f 259 248 441
f 1726 411 1268
f 1635 1466 80
f 1074 1629 1530
f 1629 501 1158
f 1852 524 1056
f 1489 524 475
f 84 475 1238
f 1209 157 972
f 580 1076 157
f 617 1076 580
f 1373 301 1214
f 301 285 1351
f 817 391 285
f 1774 1342 40
f 1774 1033 1342
f 1006 40 1827
f 40 1342 1827
f 1843 1006 1827
f 1033 242 837
f 1379 1189 242
f 1189 634 1332
f 1189 1332 242
f 842 1269 605
f 1269 1642 605
f 605 1642 1945
f 561 12 634
f 634 12 1332
f 1945 1444 561
f 561 1444 12
f 743 1269 842
f 1025 1688 933
f 743 842 248
f 1025 1723 965
f 1025 1105 1723
f 1726 305 411
f 411 305 989
f 989 305 1911
f 989 1911 1635
f 1074 80 1850
f 1365 1629 1074
f 1158 501 93
f 157 1209 1462
f 157 1462 474
f 580 157 474
f 1395 617 580
f 1202 617 1395
f 410 617 1202
f 410 1347 617
f 428 726 1347
f 817 285 301
f 1033 1379 242
f 1300 1196 1945
f 1196 807 605
f 605 807 842
f 1196 605 1945
f 1300 561 634
f 1945 561 1300
f 820 248 842
f 711 248 820
f 248 711 441
f 711 1804 441
f 1804 711 1369
f 1804 398 441
f 441 398 1418
f 398 1726 1418
f 956 1726 398
f 956 305 1726
f 305 956 1911
f 1911 1466 1635
f 1466 1850 80
f 904 1074 1850
f 1074 904 1365
f 1629 1365 501
f 1292 501 1365
f 1852 93 524
f 524 93 764
f 764 475 524
f 1395 580 620
f 611 1607 808
f 296 1347 1212
f 1347 296 428
f 1373 1732 301
f 1262 857 1616
f 1262 1017 857
f 823 1069 1017
f 1103 1417 1018
f 1417 852 92
f 829 307 1774
f 1774 1876 829
f 40 1876 1774
f 307 1033 1774
f 307 1379 1033
f 1660 1015 1455
f 933 1455 1015
f 1794 1300 1189
f 1794 1189 1379
f 1198 1196 1300
f 1198 1300 1794
f 1300 634 1189
f 842 807 11
f 820 842 11
f 820 11 1131
f 711 820 1131
f 1131 1820 711
f 711 1820 1369
f 457 1804 1369
f 1804 457 398
f 398 457 956
f 60 1466 1911
f 1267 436 1402
f 60 1162 1466
f 1466 904 1850
f 904 1466 1162
f 1099 904 1162
f 1365 904 1099
f 1365 1099 1292
f 1292 1553 501
f 1553 93 501
f 1553 764 93
f 916 764 1553
f 1714 2 720
f 1209 972 1238
f 620 580 474
f 1226 410 1202
f 1212 1347 410
f 1643 400 1607
f 1616 400 1643
f 1616 1625 400
f 857 1625 1616
f 857 1017 324
f 817 301 1732
f 251 281 391
f 957 358 1822
f 829 358 957
f 957 307 829
f 1273 358 829
f 1273 829 1876
f 957 1794 307
f 307 1794 1379
f 958 1843 115
f 1660 958 115
f 933 739 1455
f 551 1196 1198
f 1198 957 551
f 957 1198 1794
f 1196 551 807
f 11 551 1795
f 11 807 551
f 1820 1131 1506
f 457 1260 994
f 457 994 956
f 1237 1911 956
f 1911 298 60
f 1162 60 1839
f 720 2 986
f 764 1238 475
f 764 1736 1238
f 1209 1238 1736
f 1209 1736 1818
f 1462 1209 1818
f 1692 891 474
f 891 620 474
f 1748 586 720
f 1861 1202 1395
f 1212 410 1226
f 296 1717 428
f 428 1717 1373
f 1717 1732 1373
f 857 324 1625
f 1017 1069 324
f 1069 823 92
f 957 1822 1456
f 1456 551 957
f 40 1851 1876
f 40 1006 1851
f 1475 1006 1843
f 958 1475 1843
f 1795 551 1456
f 1456 73 1795
f 1688 739 933
f 1688 1481 739
f 1688 965 1481
f 11 1795 1131
f 1506 1131 1795
f 1506 600 1820
f 600 686 1820
f 638 1431 1580
f 686 1369 1820
f 827 1369 686
f 1260 1369 827
f 1369 1260 457
f 1237 956 994
f 298 1911 1237
f 1839 60 298
f 1162 1839 983
f 1836 1162 983
f 1836 1099 1162
f 1292 1099 1036
f 1553 1292 1036
f 916 1553 1036
f 1736 764 916
f 1692 1462 1818
f 1692 474 1462
f 1692 998 891
f 1861 1395 620
f 620 1483 1861
f 1202 865 1226
f 1732 941 817
f 1069 697 324
f 251 391 817
f 1069 92 697
f 281 885 1103
f 1103 885 1417
f 1417 885 1088
f 1417 1088 852
f 358 1273 1388
f 928 1388 1273
f 98 1456 1822
f 1822 358 98
f 928 1273 1876
f 1851 928 1876
f 73 1456 98
f 1851 1006 420
f 420 1006 1475
f 958 1660 1436
f 1660 1455 1436
f 1455 1203 1436
f 1455 171 1203
f 739 171 1455
f 739 1481 171
f 965 286 1481
f 73 1506 1795
f 1723 286 965
f 696 600 1506
f 1580 1431 1105
f 686 600 696
f 1810 442 1872
f 429 1260 827
f 429 994 1260
f 509 994 429
f 509 1237 994
f 1740 1237 509
f 1237 1740 298
f 298 938 1839
f 298 1705 938
f 983 1839 938
f 1099 1836 507
f 1099 507 1036
f 1271 1818 1736
f 1271 1677 1818
f 1677 1692 1818
f 1692 1677 998
f 1483 620 891
f 1861 1483 1943
f 1861 1943 865
f 865 1202 1861
f 1089 1212 1226
f 324 1167 1625
f 817 941 251
f 697 92 245
f 251 885 281
f 92 852 245
f 1388 1435 358
f 767 928 1851
f 1851 882 767
f 1435 98 358
f 1851 420 1368
f 1368 420 1475
f 1368 1475 958
f 1368 958 1436
f 171 335 1203
f 1897 98 1435
f 430 335 1176
f 1481 1176 171
f 171 1176 335
f 361 73 98
f 361 98 1897
f 286 21 1481
f 286 1139 21
f 1723 1139 286
f 73 1860 1506
f 531 827 686
f 531 429 827
f 1705 298 1740
f 1836 983 856
f 1036 507 1923
f 1328 1036 1923
f 1328 1736 916
f 1036 1328 916
f 1271 1736 1328
f 1938 1483 891
f 1089 1226 865
f 400 1592 1607
f 296 1212 858
f 1625 1372 400
f 1625 1167 1372
f 852 1088 245
f 882 1851 1368
f 547 1388 928
f 767 547 928
f 1436 1203 1368
f 547 1435 1388
f 1910 547 767
f 652 547 1910
f 652 1910 1564
f 1897 1435 547
f 1897 547 652
f 1897 652 158
f 430 1176 280
f 21 280 1481
f 1481 280 1176
f 361 1897 158
f 430 280 937
f 21 433 280
f 21 1139 433
f 361 1194 73
f 1723 1480 1139
f 1194 1860 73
f 1723 1105 1480
f 910 696 1860
f 1860 696 1506
f 1927 686 696
f 531 686 1927
f 1740 1568 1705
f 856 938 1705
f 856 1705 676
f 1705 1568 676
f 856 983 938
f 856 1106 1836
f 1106 856 676
f 1106 507 1836
f 507 1106 1923
f 1106 676 1788
f 986 2 1267
f 1878 1106 1788
f 1923 1106 1878
f 1923 1878 1328
f 1328 1184 1271
f 1328 1878 1184
f 1184 1878 1391
f 1184 1677 1271
f 1938 891 1952
f 1607 1592 808
f 858 1717 296
f 324 1445 1167
f 697 1445 324
f 702 251 941
f 1465 885 702
f 251 702 885
f 882 1368 863
f 1368 799 863
f 799 1368 335
f 882 1910 767
f 1203 335 1368
f 1564 1910 882
f 882 863 1564
f 799 335 430
f 652 1564 158
f 799 430 395
f 937 395 430
f 433 937 280
f 1194 361 1130
f 1480 433 1139
f 1194 1873 1860
f 1431 638 1105
f 429 531 70
f 509 429 1064
f 1568 1740 509
f 1568 509 1064
f 137 1568 1064
f 1710 1568 137
f 1710 676 1568
f 1428 676 1710
f 1788 676 1428
f 1428 1509 1788
f 1878 1788 1509
f 1878 1509 1391
f 1509 48 1391
f 1677 1184 1391
f 1677 1391 448
f 1391 48 448
f 448 998 1677
f 906 448 48
f 448 163 998
f 448 906 163
f 163 891 998
f 1952 891 163
f 731 1952 163
f 564 1943 809
f 564 865 1943
f 564 1089 865
f 1212 1089 478
f 858 1212 478
f 400 1640 1592
f 1717 858 506
f 1372 1640 400
f 1372 209 1640
f 209 1372 1167
f 1445 1399 1167
f 1445 813 1399
f 1717 1676 1732
f 1357 813 1445
f 1732 1676 941
f 697 1357 1445
f 1676 702 941
f 697 245 1357
f 885 1465 674
f 885 674 1088
f 1088 674 245
f 161 1564 863
f 161 863 223
f 223 863 799
f 1409 223 799
f 1409 799 395
f 395 1941 1409
f 361 158 346
f 937 687 395
f 395 687 1941
f 346 1130 361
f 1235 687 937
f 1589 1235 937
f 433 1589 937
f 1480 1469 433
f 1105 1469 1480
f 1105 572 1469
f 1282 1860 1873
f 638 572 1105
f 638 1513 572
f 910 1860 1282
f 1872 1513 638
f 1872 442 1513
f 1927 696 910
f 1169 531 1927
f 70 531 1169
f 70 1064 429
f 1710 546 1428
f 1644 1509 1428
f 1644 1428 546
f 1644 48 1509
f 731 163 906
f 1943 1483 1938
f 808 586 732
f 506 858 478
f 1399 209 1167
f 506 1676 1717
f 702 1754 1465
f 223 540 161
f 161 158 1564
f 1941 223 1409
f 964 158 161
f 158 964 346
f 964 161 540
f 223 1758 540
f 1758 223 1941
f 887 1235 1589
f 1469 1589 433
f 1873 1194 1130
f 110 887 1589
f 1589 1469 110
f 572 149 1469
f 1513 149 572
f 1282 1873 121
f 1513 1348 149
f 442 1348 1513
f 1169 1927 910
f 442 316 1348
f 1221 316 442
f 895 1064 70
f 1336 1064 895
f 1336 137 1064
f 137 1336 546
f 546 1710 137
f 1917 546 1336
f 1336 895 1917
f 1644 546 864
f 48 1644 864
f 48 864 1932
f 1932 906 48
f 906 1932 731
f 105 1938 1952
f 105 1943 1938
f 809 1943 105
f 564 913 478
f 564 478 1089
f 533 1640 209
f 1399 533 209
f 1150 1676 506
f 50 1676 1150
f 702 1676 50
f 50 1754 702
f 245 674 1357
f 1899 964 540
f 1758 1899 540
f 94 346 964
f 1941 721 1758
f 687 721 1941
f 63 721 687
f 63 687 1235
f 887 63 1235
f 1566 63 887
f 1566 887 110
f 1566 110 439
f 1566 439 1882
f 149 439 1469
f 1469 439 110
f 1130 811 1873
f 811 121 1873
f 1882 439 46
f 149 46 439
f 1348 1798 149
f 1348 270 1798
f 929 1282 121
f 929 910 1282
f 1348 316 270
f 1169 910 598
f 910 929 598
f 1221 1415 316
f 436 1415 1221
f 895 70 1169
f 1186 1917 895
f 546 1917 864
f 864 1917 159
f 864 159 405
f 405 1932 864
f 643 1952 731
f 643 105 1952
f 105 364 809
f 564 809 364
f 855 506 478
f 1399 813 1270
f 980 1357 1863
f 921 1465 1754
f 674 921 1863
f 674 1465 921
f 674 1863 1357
f 964 1899 1628
f 964 1628 94
f 768 1899 1758
f 768 1758 721
f 1392 346 94
f 63 1802 721
f 346 1392 1130
f 811 1130 1392
f 332 1566 1882
f 991 1392 94
f 216 1882 46
f 811 838 121
f 216 46 102
f 1798 102 149
f 149 102 46
f 838 19 121
f 270 102 1798
f 216 102 1829
f 270 1829 102
f 19 929 121
f 316 1563 270
f 1415 1563 316
f 1415 627 1563
f 1415 1246 627
f 436 1246 1415
f 436 1761 1246
f 58 1169 598
f 1169 58 895
f 1186 895 58
f 436 1267 1761
f 405 32 1932
f 32 731 1932
f 364 105 643
f 855 478 913
f 855 913 1022
f 10 506 855
f 50 1150 1598
f 1357 980 813
f 1270 813 980
f 1754 50 1257
f 1257 921 1754
f 639 1628 1899
f 768 639 1899
f 721 1757 768
f 1802 1757 721
f 1359 639 768
f 1359 768 1757
f 1566 1802 63
f 332 1802 1566
f 1181 1628 639
f 991 94 1628
f 991 1628 1181
f 1757 1727 1359
f 332 1781 1727
f 1757 332 1727
f 1802 332 1757
f 1882 1781 332
f 1392 991 811
f 1781 1882 216
f 991 838 811
f 991 1181 313
f 991 313 1362
f 1781 216 510
f 991 1362 838
f 510 216 18
f 1829 18 216
f 1563 1712 270
f 270 1712 1829
f 1563 1497 1712
f 627 1497 1563
f 1246 255 627
f 929 19 519
f 1761 255 1246
f 519 598 929
f 1761 981 255
f 598 519 708
f 58 598 708
f 1267 981 1761
f 1267 412 981
f 1267 1714 412
f 2 1714 1267
f 499 1917 1186
f 159 1917 499
f 499 566 159
f 542 405 159
f 159 566 542
f 542 32 405
f 32 542 926
f 32 643 731
f 643 32 995
f 995 364 643
f 364 1022 564
f 1022 913 564
f 1022 10 855
f 1640 469 1592
f 10 1503 506
f 533 469 1640
f 1150 506 1503
f 1150 1503 1598
f 1317 533 1399
f 1317 1399 1270
f 980 1900 1270
f 692 921 1257
f 1359 966 639
f 639 966 1181
f 313 1181 966
f 966 1359 1727
f 57 966 1727
f 313 966 57
f 313 57 522
f 1727 723 57
f 510 723 1727
f 1781 510 1727
f 522 1362 313
f 1712 151 1829
f 1829 151 18
f 838 1153 19
f 1153 838 1362
f 1497 151 1712
f 1497 1225 151
f 1225 1497 770
f 627 770 1497
f 255 770 627
f 19 1153 519
f 981 1738 255
f 412 1738 981
f 412 1254 1738
f 58 708 1816
f 412 544 1254
f 227 1186 58
f 227 58 1816
f 1714 544 412
f 1186 227 499
f 1714 1868 544
f 720 1868 1714
f 720 1256 1868
f 542 566 926
f 586 1256 720
f 32 926 995
f 1022 364 995
f 808 1256 586
f 808 1341 1256
f 1592 1341 808
f 1592 469 1341
f 50 1598 1257
f 921 692 1863
f 758 522 57
f 758 57 723
f 1230 1362 522
f 758 1230 522
f 1149 758 723
f 510 1149 723
f 151 510 18
f 455 1149 510
f 151 455 510
f 758 877 1230
f 877 758 1149
f 1645 1362 1230
f 1225 455 151
f 1153 1362 1659
f 1659 1362 1645
f 1895 455 1225
f 770 1895 1225
f 1143 1895 770
f 1814 1153 1659
f 1143 770 342
f 255 342 770
f 1814 519 1153
f 1738 342 255
f 988 342 1554
f 1738 1554 342
f 544 1433 1254
f 544 1040 1433
f 1868 1040 544
f 1868 260 1040
f 1256 260 1868
f 566 1537 926
f 926 1537 138
f 995 926 138
f 160 995 138
f 160 1022 995
f 1022 160 1098
f 1256 952 260
f 1098 10 1022
f 1341 952 1256
f 1341 559 952
f 469 559 1341
f 10 1098 873
f 1503 10 873
f 469 859 559
f 859 533 1317
f 859 469 533
f 1503 990 1598
f 1503 873 990
f 1317 902 859
f 1270 902 1317
f 1270 1900 902
f 1863 692 541
f 1863 541 980
f 980 541 1900
f 275 1230 877
f 275 1739 1230
f 1230 1739 1645
f 1541 877 1149
f 1895 1711 455
f 1711 1149 455
f 1711 1541 1149
f 1143 1375 1895
f 1895 1375 1711
f 1027 1375 1143
f 1659 1645 1524
f 342 1027 1143
f 1659 1524 1814
f 1524 1645 525
f 988 1027 342
f 1524 519 1814
f 1254 1554 1738
f 1903 708 519
f 519 1524 1903
f 1433 1554 1254
f 708 1903 1816
f 1554 1433 236
f 260 1433 1040
f 1079 499 227
f 1079 227 1816
f 499 1079 566
f 287 1079 1816
f 566 1079 1590
f 260 42 1433
f 1537 566 1590
f 138 1537 1421
f 160 138 1421
f 425 160 1421
f 1098 160 425
f 952 42 260
f 42 952 1016
f 1098 425 835
f 559 266 952
f 952 266 1016
f 559 610 266
f 873 1098 835
f 859 610 559
f 873 835 365
f 859 403 610
f 990 873 365
f 990 365 339
f 902 403 859
f 990 339 1598
f 339 1257 1598
f 339 692 1257
f 1900 554 902
f 877 889 275
f 877 1541 889
f 1375 1541 1711
f 169 1739 275
f 169 275 889
f 258 889 1541
f 1027 269 1375
f 269 1541 1375
f 269 258 1541
f 1739 525 1645
f 269 878 258
f 988 878 1027
f 1027 878 269
f 884 878 988
f 1554 884 988
f 1524 525 1903
f 1554 7 884
f 597 1816 1903
f 7 1554 236
f 7 236 1331
f 1331 236 1547
f 1433 1547 236
f 1816 597 287
f 1043 1079 287
f 1331 1547 1893
f 1043 1590 1079
f 42 1547 1433
f 1893 1547 599
f 42 599 1547
f 1590 1421 1537
f 1421 1590 33
f 425 1421 1797
f 1893 599 648
f 835 425 1797
f 648 599 1016
f 42 1016 599
f 835 1797 898
f 1132 648 1016
f 266 1132 1016
f 610 1132 266
f 610 1261 1132
f 365 835 898
f 1261 403 143
f 610 403 1261
f 902 143 403
f 554 840 143
f 554 143 902
f 692 339 365
f 692 365 203
f 54 541 692
f 54 692 203
f 495 541 54
f 495 840 554
f 1900 495 554
f 541 495 1900
f 169 1775 1739
f 821 169 889
f 821 889 258
f 1739 1775 525
f 870 821 258
f 884 258 878
f 884 870 258
f 630 1775 169
f 630 169 821
f 1775 1902 525
f 1902 1903 525
f 870 1138 821
f 884 1715 1138
f 870 884 1138
f 1561 1903 1902
f 7 1715 884
f 1473 1561 1902
f 1902 1775 1473
f 1004 1715 7
f 1331 1004 7
f 1903 1561 597
f 1561 1545 597
f 1653 1004 1759
f 1331 1759 1004
f 1545 287 597
f 1847 1043 1545
f 1545 1043 287
f 1893 1759 1331
f 33 1043 1847
f 33 1590 1043
f 759 33 1847
f 33 759 1421
f 759 1797 1421
f 1797 759 1533
f 1706 1759 648
f 1893 648 1759
f 1706 648 1066
f 898 1797 1309
f 1132 1066 648
f 898 1309 713
f 1132 624 1066
f 624 1261 143
f 1132 1261 624
f 365 898 713
f 203 713 62
f 203 62 843
f 365 713 203
f 54 203 843
f 840 843 143
f 840 54 843
f 495 54 840
f 821 1552 630
f 1138 1552 821
f 1653 1138 1715
f 1004 1653 1715
f 992 1473 1775
f 992 1775 630
f 992 630 1552
f 90 1552 1138
f 90 1138 1653
f 90 1653 197
f 1759 197 1653
f 1545 1561 567
f 1561 1473 567
f 567 1847 1545
f 90 197 462
f 1847 567 759
f 81 759 567
f 1533 759 81
f 462 197 741
f 1706 741 1759
f 1759 741 197
f 1206 81 465
f 1706 312 741
f 1309 1533 81
f 1206 465 979
f 979 465 312
f 979 312 1706
f 1309 1797 1533
f 1309 81 1206
f 713 1309 1206
f 62 1206 979
f 62 713 1206
f 576 62 979
f 576 1706 624
f 576 979 1706
f 624 1706 1066
f 143 576 624
f 843 62 576
f 843 576 143
f 1552 90 992
f 107 992 90
f 567 1473 992
f 567 992 107
f 465 567 107
f 462 107 90
f 81 567 465
f 462 465 107
f 312 465 462
f 741 312 462