# https://github.com/mikedh/trimesh
v -60.90814939 -127.65049285 39.07817180
v -67.00078642 -121.12882419 35.56685565
v -64.48205494 -115.13918034 32.90590080
v -78.24327318 -115.01624687 45.06640230
v -61.28080073 -98.92926584 35.92590867
v -59.39315249 -106.57028596 32.20751816
v -70.22847988 -130.52600661 43.95304082
v -66.77816005 -103.63485835 40.26162123
v -60.99848436 -87.72446647 32.18072236
v -52.61359701 -123.44248013 40.53088082
v -54.64359580 -114.40093474 40.09563910
v -74.91256689 -114.76703230 51.61140045
v -61.38635968 -127.60652954 38.63075412
v -64.84829488 -93.10797437 24.65385969
v -54.88716809 -122.10523737 37.35341626
v -80.30753000 -107.85952863 53.78895997
v -83.73029205 -109.51927296 47.52162897
v -65.92148196 -86.77427414 30.99967770
v -57.89862512 -89.80602359 29.84693555
v -64.66367056 -106.27174364 30.61118848
v -66.33927010 -112.51191853 32.92624513
v -65.19113453 -92.69696246 33.88564801
v -74.83387686 -127.83961346 41.31448780
v -58.34891257 -101.22083985 29.29399787
v -54.23317347 -116.74899252 38.85345814
v -69.82640741 -114.53137540 34.83334619
v -74.85055049 -116.11578005 49.28392174
v -66.50083789 -106.46611134 34.15079255
v -78.45565155 -116.10614230 46.34375361
v -62.55495788 -91.81955382 33.67006221
v -72.28198384 -127.69513924 43.48888543
v -58.22699343 -125.02454425 37.75896631
v -65.08337648 -106.63684249 30.73968200
v -66.35561529 -90.08567994 32.44788047
v -72.00474459 -132.52404607 41.29067298
v -57.16809281 -100.58328809 32.46076764
v -63.23819777 -114.09419498 32.40612809
v -57.78582153 -112.97123864 35.11752835
v -59.89460552 -122.35829116 41.91869670
v -77.17229492 -103.37277174 45.31400994
v -70.50378798 -119.98785308 34.91816918
v -49.70690845 -116.83735977 43.41120220
v -76.68482388 -106.62259149 50.74974724
v -59.61596018 -124.32003029 36.13289050
v -62.43273372 -107.63549327 48.92223807
v -66.02945640 -105.18309418 33.54892222
v -60.29256380 -87.24936039 31.39447887
v -64.23100017 -88.57570709 25.41152239
v -50.50013922 -116.42337802 42.83059189
v -58.77888502 -89.49824602 26.71596305
v -62.41484903 -95.63657833 35.18315475
v -53.49791075 -118.28425039 38.70310654
v -64.77753436 -111.86964502 31.62645675
v -65.93971785 -105.10000676 42.32962101
v -63.86724076 -103.53887374 31.63820131
v -55.52740228 -123.85471981 40.56237504
v -66.75126926 -98.50042706 33.84629681
v -68.33049517 -119.55848136 45.00570411
v -61.73105217 -125.75934059 41.54623779
v -64.71503382 -102.76270806 39.00922847
v -83.37985564 -109.21303584 47.51805148
v -74.26567513 -120.34328199 35.44698597
v -62.20985753 -123.43826680 41.96492163
v -74.44296542 -118.79199269 36.66429128
v -72.36360125 -105.24737634 40.24695941
v -74.02734034 -121.79155900 35.68519398
v -62.54116738 -92.66627236 23.98638501
v -61.81354035 -120.05573221 35.57836664
v -64.94229576 -115.56382964 33.48447201
v -57.72973904 -109.01329394 37.81200415
v -72.29531403 -101.81134413 45.77419751
v -57.66760858 -110.42265121 50.27337448
v -54.69146839 -112.35061773 48.50574640
v -62.36767533 -109.59292086 31.17406042
v -65.95931189 -103.25935946 33.55915864
v -64.74999030 -107.82147893 50.21651177
v -70.63502382 -111.42969093 53.33869082
v -78.02247270 -115.72046508 50.53957157
v -71.70440036 -126.66103879 43.65798091
v -66.81255363 -93.56233418 32.91716351
v -50.84852536 -122.00656349 39.59637854
v -80.12362520 -109.92942088 44.69323339
v -69.52519972 -113.06831384 35.51015729
v -62.71405557 -107.16033595 41.39905944
v -69.96899049 -103.41534200 40.34474210
v -63.78007036 -111.76525642 31.60368990
v -60.71734825 -88.92765974 25.57517784
v -63.18910768 -106.57513706 48.13235163
v -66.60197798 -111.39954129 51.39547766
v -58.08812497 -103.07920675 34.51108377
v -80.21270345 -109.48296704 54.48113174
v -82.30065665 -111.36209119 54.46458292
v -68.89408550 -123.36714298 43.49834312
v -78.32476594 -116.46210386 48.06780888
v -57.09164854 -111.09140449 39.48504805
v -76.51923280 -104.93166318 43.16115625
v -69.27103714 -90.53697569 27.39439950
v -57.07045233 -115.58890150 36.51549776
v -51.13155192 -123.03098561 41.67981936
v -57.02663700 -92.95648361 25.99095683
v -67.59028971 -102.18250046 38.71916642
v -57.52726051 -105.81196457 33.87521323
v -68.35539566 -90.66465652 30.21347039
v -62.60147928 -98.01830366 26.31185759
v -65.29986791 -97.56332160 26.29746548
v -76.67593124 -120.83413897 44.55506211
v -60.46726068 -127.18884892 41.04649345
v -64.49856371 -103.97187931 31.83189224
v -56.23568782 -112.40976795 39.53894427
v -68.60676866 -124.77780483 43.16463878
v -59.11734189 -111.66139828 33.38956534
v -68.29831726 -103.84988547 43.20770031
v -67.86267697 -134.10887051 43.69196065
v -60.50881242 -111.81840683 32.32605316
v -74.41355515 -101.81982246 48.45742936
v -65.73626898 -102.26010770 33.09958177
v -65.95280210 -132.25509238 43.57819418
v -71.39815551 -112.72342032 51.63083458
v -77.89954057 -105.31353817 48.06015140
v -50.86202493 -122.29081870 42.94736846
v -57.41461177 -92.25078598 25.87257006
v -49.94385732 -122.39076639 41.29290076
v -71.62186552 -130.84740037 43.23661321
v -74.63397933 -123.00895805 45.46076911
v -54.56539649 -113.54567770 41.42590239
v -72.11808806 -109.34431927 39.10293789
v -63.70278516 -121.45596028 42.84980782
v -60.58053422 -125.59342432 41.18240543
v -75.13496149 -124.36533285 41.72246256
v -66.23285099 -87.98938473 31.64573199
v -75.17017029 -114.89914062 40.51125363
v -69.77433144 -102.76355457 45.88780585
v -74.57950883 -113.69366983 53.20765592
v -83.56697555 -108.33464391 50.13800732
v -69.06518348 -104.80324306 37.64097019
v -57.36513506 -107.82656983 35.30182236
v -62.64839008 -102.86144062 31.33445162
v -64.80126565 -123.07479302 42.53893330
v -59.46541487 -89.30116044 32.55373906
v -84.27066725 -109.18184565 48.30362343
v -67.58259190 -103.55666155 40.47725542
v -77.78232479 -104.23457452 44.94118671
v -71.60263438 -117.48689458 34.65889678
v -73.99966534 -130.84435103 39.91728963
v -75.26184403 -121.49015005 46.63393251
v -63.64710413 -99.76023512 37.17322727
v -68.93318460 -116.11899350 47.08071570
v -58.44594411 -103.30186912 35.24376460
v -62.31763145 -101.01891629 30.34558339
v -59.78899426 -109.56071258 41.84588106
v -57.52301756 -95.94738282 25.71229303
v -58.48206871 -123.62095584 35.84402213
v -82.36876319 -108.61465809 48.06928747
v -81.65150340 -108.28834771 53.82199426
v -56.17307499 -120.93086615 37.05561312
v -68.52872479 -110.35902872 35.75796743
v -64.08083379 -107.75440297 49.89936177
v -67.97600382 -101.53709822 38.01182420
v -76.36176760 -115.55701790 41.39187967
v -79.97068377 -107.14136496 47.65544913
v -69.88920069 -115.64548465 34.29675263
v -61.27888798 -101.73808643 37.07288062
v -59.50794782 -108.65482661 47.99694868
v -59.40796094 -115.70281409 46.34130647
v -65.70303346 -99.15847505 37.09157128
v -63.12983056 -106.99516604 30.62670650
v -54.91443332 -98.04421746 26.83795719
v -63.12351735 -88.71269210 24.92393454
v -70.51656857 -132.98090314 41.19789140
v -55.37975617 -94.90927826 27.75298583
v -73.90145284 -104.46678009 41.68934473
v -67.64342624 -101.62679687 38.25731284
v -60.89987981 -111.02950770 31.92510187
v -65.76763214 -104.51195235 47.79745000
v -70.68874153 -107.77646173 53.16386619
v -60.39818487 -101.91105215 36.64172803
v -53.65298973 -123.61691409 39.84337981
v -59.96810196 -88.47373662 32.35853474
v -49.21442275 -117.65467164 43.49972964
v -73.28865542 -125.65214092 43.95417232
v -60.60956572 -119.82255164 43.33405910
v -58.87522862 -116.47354106 45.75697926
v -56.23288708 -117.74806035 37.26080748
v -63.59332536 -131.77519305 42.50627120
v -61.13581566 -113.56030113 48.06681958
v -58.96193112 -106.89107728 37.98868016
v -77.33641655 -120.71250343 45.98781919
v -64.11511028 -94.70800191 34.91078815
v -60.95028627 -108.79838305 31.52268339
v -65.56158088 -105.29223343 45.57682444
v -55.12177863 -121.71789901 42.44320330
v -64.69995182 -98.78687823 36.88811571
v -67.77487717 -95.16292399 29.44959058
v -63.80403959 -124.31629741 36.85511519
v -61.87007453 -92.75086075 24.07808319
v -52.20709795 -114.78928772 46.99126812
v -83.17616492 -108.65141108 53.63075986
v -64.31767460 -128.48276827 38.69416969
v -71.09864143 -101.82780057 49.26983515
v -73.82594195 -101.88449811 45.22991888
v -64.37095782 -131.47821163 42.87629023
v -68.61945392 -132.07563006 44.14630443
v -68.00352061 -95.29411642 28.68211206
v -65.02123322 -92.12653734 24.79286550
v -58.40359717 -89.11525690 30.73024660
v -64.46238218 -93.77036172 24.53631579
v -64.20433114 -112.44657457 49.78231214
v -54.12017391 -111.86174702 47.20602014
v -63.83853396 -132.25490016 42.56319949
v -65.96554319 -103.34083449 39.72296014
v -63.27511106 -107.06464099 30.53071873
v -74.76356393 -126.97893765 41.85295316
v -65.83142305 -90.66728954 25.62025408
v -60.26140617 -116.85265343 35.13102199
v -71.45660761 -104.66925307 39.97999069
v -68.08438302 -131.78269249 44.02812813
v -56.91128238 -111.78263260 36.15795711
v -72.87408605 -129.17728127 42.95946224
v -84.63093708 -111.93138041 50.66413942
v -79.73122038 -107.12154842 44.49565849
v -64.57959962 -105.39446127 30.97421811
v -65.94394422 -95.84946004 35.13537141
v -59.10681096 -111.66639213 50.05380012
v -63.33224651 -103.11422016 38.75975913
v -67.07254317 -98.54350528 36.42478649
v -57.32999946 -110.92089080 50.51656519
v -69.25013439 -92.56181018 27.75941193
v -60.91442641 -102.13084564 30.74969766
v -64.92065243 -98.92617065 29.39587152
v -69.02424478 -103.20452644 46.08535559
v -71.36495635 -113.71520326 49.83992220
v -68.56452166 -104.05653172 37.22995783
v -64.02575207 -103.37034436 39.18495983
v -57.56629892 -102.30642174 31.07419500
v -76.08138890 -116.40040937 41.27519508
v -60.98528920 -95.24295917 24.89740410
v -76.20305476 -121.21564348 46.88019852
v -72.01215956 -102.70255647 43.17410641
v -57.36999942 -111.10909546 42.12130779
v -64.05466433 -126.94129856 38.04416072
v -73.38722670 -122.34789582 45.41842885
v -64.82839701 -88.14802035 25.92216102
v -58.25169362 -110.61403409 41.44105847
v -69.30863181 -134.15826164 43.00152971
v -77.00384965 -115.30707636 41.92075743
v -57.03710533 -123.28861818 36.34289705
v -66.12763612 -130.33010977 39.51570041
v -75.60085810 -120.98897797 37.88399843
v -63.37367755 -122.85057126 36.10581176
v -65.53598436 -105.55961764 43.57435916
v -76.48699719 -116.86604170 48.75541841
v -65.75515181 -94.51667475 34.48797028
v -73.58420373 -105.99771384 51.92878356
v -60.18844050 -101.83400078 30.36701524
v -60.50580566 -125.11710549 36.71653198
v -54.02584578 -118.61104699 38.31115857
v -61.69938474 -86.86064167 31.65355981
v -59.75414974 -104.30845894 37.20934138
v -72.24602173 -102.87132297 50.38902313
v -66.49501921 -104.12258972 47.95218911
v -70.73006307 -124.72705377 43.75208140
v -71.92572169 -110.12438802 54.67088673
v -70.97101734 -131.96173496 40.48402722
v -83.83283679 -113.17177444 51.22673106
v -73.14369342 -101.18566345 48.03992096
v -72.88643509 -126.52205087 43.61710316
v -78.44128730 -113.02001853 43.59890241
v -55.67087914 -95.51139766 29.45447240
v -54.48696191 -122.35085368 42.13010456
v -58.32482491 -111.20435723 50.49612328
v -78.19017904 -113.12490309 43.00672015
v -59.17608846 -88.86528861 27.74978024
v -60.63759624 -122.80211836 41.86922688
v -70.21859713 -103.92007466 51.18293319
v -57.73384516 -105.25059765 33.04637444
v -72.41774530 -128.93892770 43.25723380
v -60.50318665 -120.96485945 35.90818573
v -68.54688840 -92.34186465 29.91370769
v -55.76321022 -99.46527534 27.02425082
v -69.30983714 -111.98626628 35.93618664
v -53.35114708 -117.73224187 45.44961157
v -69.08349833 -133.49872750 43.67883761
v -53.63415226 -113.11972043 47.69477314
v -63.95820039 -85.97848047 30.35728938
v -80.09018793 -115.11672017 50.44189897
v -64.29442410 -89.17507959 25.14090641
v -62.53018221 -130.81509289 40.20843231
v -59.70010024 -126.11575643 38.92360059
v -61.02129062 -107.71264309 47.56514387
v -55.26056347 -99.36116891 27.57846894
v -67.69434324 -110.37906342 34.09515265
v -60.20650323 -96.76990467 25.52432361
v -57.84049559 -90.26711187 27.55796690
v -83.30983758 -112.65221369 49.42200818
v -67.09141906 -95.08874966 31.76552866
v -66.69257179 -112.74465785 33.23382508
v -66.77321547 -96.17170391 31.75756621
v -63.76672192 -106.34932334 45.09236045
v -60.57266157 -103.57658734 31.40865088
v -63.50358527 -106.78545383 48.83349630
v -61.78020636 -88.39887032 25.66972869
v -72.24714132 -101.58421817 46.66087522
v -63.14069250 -130.59288774 42.39265729
v -67.13938556 -113.01635300 33.53136673
v -78.44083187 -114.61411282 52.90523945
v -57.43158051 -112.29823641 35.31755588
v -65.14469208 -110.67521670 51.13401918
v -68.43350095 -122.73194000 43.55314119
v -56.53995048 -112.03597142 37.86986487
v -59.10951296 -92.36492494 24.91288787
v -59.11236580 -121.09514239 42.49507266
v -76.99380825 -121.13950771 46.25066821
v -63.96056340 -104.95279211 40.22442578
v -65.22146513 -116.35009304 46.52736549
v -62.11674984 -104.47643361 31.45531231
v -64.45713897 -103.08862063 31.92458608
v -52.71537540 -113.26301979 46.45159787
v -63.25058012 -129.33676269 39.08406419
v -82.98312882 -113.48860830 49.80875246
v -52.29067860 -117.64095579 39.85580939
v -73.96157227 -130.22080151 41.62508787
v -69.72049853 -133.59069616 43.26522018
v -69.69880707 -124.69129878 43.49439577
v -78.34144105 -116.88339939 46.72803530
v -64.05006100 -99.47754379 29.46428510
v -56.91111358 -101.12642085 29.92441961
v -55.09879542 -97.48823854 28.75414642
v -70.68914794 -103.55946341 40.59332208
v -82.68561349 -108.83164441 47.70759541
v -57.14117139 -92.54477271 31.47209140
v -62.19616983 -104.73743790 39.09442008
v -68.17107805 -88.31101185 29.07472282
v -61.04009150 -121.67547261 35.75679097
v -83.77673369 -113.25243717 51.69777751
v -63.28635724 -125.43725207 41.93285813
v -55.63245754 -114.89074699 38.14828220
v -80.81707725 -107.89112980 51.07993369
v -68.33765066 -90.60953410 26.99868084
v -70.86609755 -119.78919686 45.58900156
v -68.64051288 -94.08461596 28.01450689
v -53.24433398 -117.15304818 39.41042407
v -61.00763213 -126.68065466 38.03129430
v -68.58410554 -102.32774943 37.88501664
v -64.54715174 -95.84269175 35.48186061
v -76.19050481 -110.06300062 54.85644908
v -61.37921452 -128.85326507 39.49610861
v -81.45343670 -108.15402465 49.50376298
v -66.01027851 -104.64232745 41.23898403
v -58.24555733 -109.25772143 33.44358102
v -56.89090967 -92.03362076 30.41561257
v -61.79730435 -107.10167115 31.17591500
v -67.87603271 -100.34856077 37.06496269
v -49.37470057 -117.20192657 45.41591635
v -66.46152105 -95.89290918 34.55285248
v -62.82659670 -114.64699954 32.74097079
v -73.86304033 -109.17646132 54.97405488
v -58.40182923 -109.77746091 44.19701886
v -63.71591627 -124.12909529 42.13128416
v -66.32867461 -87.04276389 27.12152724
v -60.51507611 -108.51012083 48.76885548
v -62.00970520 -108.29289183 49.34800029
v -75.49063651 -116.40413056 40.68422544
v -74.89683353 -111.78511538 54.60122674
v -70.11958923 -132.43120931 43.67238900
v -83.26138746 -113.57502797 51.44035136
v -60.48539452 -98.45927743 35.34389441
v -56.03478504 -119.79084999 37.27145105
v -57.68084454 -100.42645595 33.33864948
v -63.91188323 -85.93367909 28.99064296
v -64.50344857 -90.06724089 33.19501608
v -59.69793520 -124.29121306 41.21202955
v -59.78490260 -100.74523973 35.63915095
v -58.19681063 -109.28695833 38.94359661
v -52.32868587 -123.08997125 41.63522465
v -80.16489105 -110.52601721 44.99783724
v -72.64352319 -111.94617576 53.87468852
v -59.07393751 -125.20035915 37.11507280
v -55.54051874 -118.12000649 44.75609477
v -64.79103497 -86.63641077 31.59108825
v -66.13714074 -134.05226842 43.53267714
v -54.75488316 -112.62318829 43.05779582
v -74.22061834 -129.59815560 41.68104098
v -70.85257232 -113.89096801 36.84621213
v -85.58221524 -110.73415492 52.63913216
v -66.85038893 -105.35513186 35.08309773
v -63.68401392 -128.82626521 38.83298514
v -54.95485586 -113.19027488 48.26400295
v -71.75939412 -112.34048379 38.39711670
v -81.76883287 -110.17196989 46.31182593
v -82.42780285 -109.31244436 46.49661818
v -81.85451622 -114.19726918 51.46298568
v -61.18821004 -87.33452310 27.89130723
v -73.17282294 -123.52693970 44.81167229
v -61.40589899 -108.01020891 31.32324588
v -74.69194851 -119.43657136 36.25032461
v -68.85919355 -112.82230932 49.96972627
v -67.74613622 -113.76125835 48.63889216
v -57.35189472 -101.67556021 30.46094881
v -60.35728723 -88.26924952 27.06081495
v -70.23235202 -114.46186401 35.34959112
v -66.27388019 -105.60292945 33.92813831
v -63.71509549 -124.67323654 42.06485329
v -58.74146035 -106.13849428 37.13431295
v -67.91171400 -103.76659707 49.51960827
v -75.51569537 -118.31182376 39.62823532
v -74.32150099 -116.70679087 48.41942909
v -59.25107865 -99.33614150 34.85623923
v -85.31494159 -109.99465643 49.79700906
v -70.19120070 -121.62754754 35.61587159
v -56.95199380 -91.86702386 26.55579011
v -77.34439605 -113.85509972 41.83683211
v -73.87770664 -101.91915550 48.89822458
v -51.96446937 -121.49773337 38.61790393
v -55.10412576 -115.76136874 38.47294333
v -67.23278165 -89.24749932 31.29901582
v -66.12610097 -95.01903370 34.46122210
v -75.33998599 -123.91073419 43.09639266
v -78.82424863 -112.92435175 44.50716879
v -50.19027486 -115.79682491 45.22319215
v -75.53614411 -106.80355708 52.06710206
v -76.04893683 -109.76502668 41.05044979
v -81.02869312 -113.69173905 53.82526623
v -80.35074918 -110.89618941 45.41129959
v -75.78248274 -118.03667908 40.56555362
v -55.79032134 -110.46858072 47.31574259
v -61.07602239 -110.16138349 31.64572195
v -59.78498211 -124.95025718 40.98557235
v -56.29224800 -123.55617148 40.97790917
v -64.95845099 -99.83453657 30.81977010
v -72.86895334 -105.91787143 40.25147215
v -66.96527762 -95.00388440 26.55328248
v -69.92136184 -126.94455729 43.39803957
v -78.25472161 -109.30197183 42.84360427
v -71.31440196 -116.41915522 35.02822147
v -68.69335783 -130.86313366 39.77894118
v -58.82326113 -109.56259316 39.92149408
v -57.57524780 -90.51024577 27.93307952
v -69.43318186 -111.31540013 36.54458491
v -71.40154054 -101.60058459 47.88490093
v -69.66903907 -113.18582459 49.62701061
v -64.71970657 -117.73207699 34.58462521
v -71.36726793 -106.58523658 52.68920222
v -67.40455393 -95.08243795 30.53704034
v -56.35379477 -99.85821573 27.06149436
v -60.68058897 -106.16026633 38.90628298
v -84.78381923 -112.03869454 52.65496536
v -67.42685571 -134.54608865 42.38682141
v -64.17240243 -110.73533853 31.28920187
v -81.93392826 -114.22892207 49.75224291
v -56.34391522 -116.80017438 37.16709173
v -69.19437695 -102.76773594 48.26537079
v -78.55069559 -116.19965868 47.53431333
v -69.62195146 -112.13166462 51.45941756
v -53.49924989 -122.95079808 38.36324702
v -66.28950826 -121.29555468 43.55398711
v -62.31262520 -125.76942402 37.34951496
v -57.58592439 -91.74125998 31.88679562
v -59.80497933 -87.58115584 31.35598815
v -57.64786628 -109.33022071 34.35367740
v -56.39174134 -92.72724807 26.89070795
v -70.28567195 -129.20634833 39.05008048
v -64.57774724 -119.09376564 44.42438966
v -56.99991620 -112.70903041 36.07426905
v -74.00695059 -115.51345750 49.66851337
v -59.66929778 -97.86089547 25.96917703
v -66.38899649 -119.76337660 35.04198674
v -65.24691556 -110.21704120 31.44676518
v -81.54027595 -112.94727977 54.44929757
v -64.58457021 -86.02462219 28.37359225
v -57.58287811 -103.14370245 31.94023602
v -82.53275510 -107.85506034 53.11091250
v -75.55414630 -123.08599768 43.15239859
v -61.89610584 -115.45510828 33.65834480
v -67.65090692 -118.23884497 34.45336132
v -59.40086784 -109.81045482 42.17569037
v -57.55954505 -106.98155868 35.37219823
v -56.51266702 -113.89701035 36.95976040
v -59.05030405 -124.53302909 40.84789649
v -68.08496785 -88.10241097 27.47439893
v -63.61980682 -100.45829018 30.39961639
v -67.81495050 -125.23140181 37.46555133
v -81.49700498 -107.66332815 52.66996164
v -62.40370734 -131.38972106 40.97579178
v -64.54811198 -106.95397591 30.47395041
v -73.94909089 -130.93983664 40.72792575
v -78.87229969 -114.62866958 46.27253493
v -66.54144804 -104.05913719 40.73876135
v -74.64150228 -128.24257592 41.52886518
v -84.42730103 -112.55263182 50.99538895
v -57.68866108 -104.61724967 33.97895489
v -69.63051153 -134.14121121 42.43470129
v -66.68275014 -123.84932577 42.80433001
v -64.17817975 -106.73114361 30.50864420
v -60.75011230 -103.53095816 37.62582893
v -49.12274275 -118.59971374 43.17323806
v -53.87896588 -114.35999717 47.40984931
v -56.92717855 -101.35254413 30.98743407
v -50.15454319 -122.55621203 41.81952826
v -50.14530062 -120.86558433 44.03889306
v -67.66518785 -94.96141031 27.10311988
v -72.72159825 -107.47720860 39.72012474
v -60.55419167 -110.59421536 31.94404147
v -61.88848133 -129.88725605 39.85205191
v -60.40073172 -128.02632933 40.02597828
v -61.96142911 -130.36981916 40.29193486
v -65.34231479 -97.05929938 36.03577230
v -65.95628786 -86.27643853 28.73793862
v -66.61235328 -87.71593536 31.16108982
v -54.38366083 -116.22212596 46.24465018
v -74.40600916 -130.26671566 40.70728107
v -70.01285458 -129.95351282 43.92957942
v -57.61813134 -93.34430056 32.30627497
v -63.24179980 -118.29312598 34.93888700
v -49.24283093 -118.23630692 45.15349049
v -59.33741157 -110.60749718 50.60846993
v -68.13540087 -93.95822240 29.77919666
v -71.03611533 -112.76799886 51.08301300
v -68.26498437 -91.42539103 30.55703613
v -59.89921689 -99.38356888 27.03964287
v -63.10795758 -92.70564900 23.94308030
v -58.51613290 -93.93479484 25.17261591
v -75.11071843 -101.72438265 47.72424996
v -56.03863590 -124.21924175 38.47895834
v -51.44879492 -122.41732001 39.44433423
v -80.11397936 -109.16240513 44.44392979
v -81.42629705 -108.22767336 48.88824598
v -56.05659379 -97.10808974 30.55037534
v -75.60116291 -119.15972583 38.64236309
v -62.85121641 -90.17307018 33.12481015
v -69.74676217 -102.56095147 49.30876350
v -72.74507397 -101.78622376 49.38297597
v -68.81688773 -91.03065139 29.40631290
v -78.65354753 -107.60772303 52.87077022
v -78.80481671 -107.95923681 54.00441522
v -74.14473205 -126.59749435 42.86091266
v -63.76616699 -132.08751036 40.67386752
v -63.27020377 -130.53283447 39.74034925
v -61.64045806 -100.75517231 29.82736854
v -50.77112693 -122.97965589 41.21007181
v -49.59213148 -119.11694822 41.67099963
v -60.16551079 -87.87060541 32.01107169
v -73.54538554 -104.99016126 51.07004477
v -61.40832525 -117.86812239 35.14747194
v -55.51179905 -114.68286771 38.46072329
v -63.78538492 -107.12039741 49.38096086
v -69.58981561 -119.57542529 45.30147525
v -65.93970413 -93.24391845 25.56126387
v -74.95473779 -125.80548372 41.17074837
v -67.32474677 -109.17142970 34.26480583
v -49.25509680 -119.96803234 43.97600705
v -63.94830205 -106.27350645 48.71404266
v -65.48724383 -95.13858776 34.94346028
v -52.44373613 -122.49943293 42.37072712
v -71.67652227 -116.76375642 47.31919800
v -77.32811420 -115.63338713 42.75201857
v -63.74477665 -104.63704358 39.86654803
v -55.58458779 -117.93432907 37.62543965
v -73.17715373 -101.23389668 47.39012574
v -53.89543449 -116.26171795 39.40315288
v -68.48990702 -88.03918622 27.83882773
v -69.44423181 -103.26176653 50.22649884
v -67.70595358 -117.13447121 46.34409045
v -66.61433798 -96.92770479 30.97182230
v -62.74486398 -123.81177990 36.38313391
v -79.49698645 -115.31041953 48.56631716
v -75.80588488 -102.03527369 46.21653741
v -62.18317277 -105.61366820 39.63035737
v -83.59061424 -110.86730056 48.31157071
v -59.90828556 -126.26602866 40.69118718
v -75.52387349 -120.23712472 36.97713163
v -58.00629481 -103.17017178 31.53154380
v -66.29214733 -97.64962960 30.01253790
v -65.26730347 -133.71705317 41.85815686
v -63.04966386 -118.04468719 44.77228514
v -59.38078728 -91.41203899 24.81543499
v -63.56652967 -120.70956518 43.15655605
v -84.83370585 -108.22809343 51.14520118
v -76.49739276 -114.17143720 53.50300370
v -76.93110280 -108.81758340 41.80341256
v -66.54303799 -103.34257009 34.43813397
v -60.03661856 -111.48193754 32.48624705
v -64.73266698 -87.23870867 26.59598309
v -67.29178260 -112.02164506 33.43244032
v -60.01872632 -110.86500307 50.58555091
v -68.06710711 -122.32360425 36.02065313
v -50.05225999 -119.64205643 40.54099522
v -55.19654431 -98.03429545 29.00025924
v -76.12227504 -117.12049249 41.38207383
v -63.85890960 -98.84700239 27.92863770
v -58.88893535 -96.96628179 25.69037857
v -61.43108099 -107.80779152 44.93144723
v -75.81708269 -106.32984170 41.80332265
v -60.84157723 -114.37780469 33.53378610
v -49.76341301 -118.92458007 45.20764388
v -50.40787832 -121.56878881 39.81302273
v -51.12412787 -114.76066113 45.76653669
v -68.31662106 -106.41811494 51.71800550
v -59.00979919 -101.54156788 29.90225414
v -62.98082594 -87.67374453 26.10048241
v -68.14779434 -109.14709919 35.81376239
v -65.32204587 -132.84544647 40.91742515
v -57.78717506 -98.82294895 33.29359785
v -59.30700377 -100.08433786 27.58433191
v -71.78004321 -101.60688860 47.05009289
v -69.75182854 -103.49437149 39.72026460
v -77.28806036 -103.13427796 47.09912180
v -61.58066799 -99.48043359 27.77433349
v -62.72593174 -131.20574710 42.12470773
v -74.64136572 -123.33979564 36.73986265
v -71.63665692 -110.87450266 54.31878506
v -79.75989383 -107.78917001 50.62843425
v -54.80450273 -96.61873365 27.51103243
v -80.77404281 -107.47155435 46.81518611
v -54.17591218 -117.45688026 38.54697099
v -64.09985962 -104.10594332 31.58269802
v -66.09501538 -114.80863200 33.55640452
v -52.53760536 -122.54965338 38.74280402
v -76.00572787 -114.86847670 41.10282045
v -77.15827015 -115.33116683 51.39272915
v -78.29249028 -107.66118467 53.35385086
v -51.99854934 -121.80795868 43.12664903
v -63.37217126 -102.82889365 31.49000520
v -78.36190370 -107.33312143 43.17282441
v -64.58722818 -116.17097089 33.79333465
v -59.34518108 -102.16368046 35.84925368
v -59.60598172 -103.12554415 36.49691161
v -72.16394747 -106.17940498 52.40771054
v -67.27257246 -95.01613800 31.15283233
v -75.64682400 -101.89776274 46.47096542
v -64.92350935 -95.90655421 25.30195934
v -57.93223366 -101.60244077 34.01362825
v -75.40468187 -120.87098721 41.81028100
v -69.91322941 -131.76767664 40.34556196
v -55.50484757 -96.98374158 29.51574435
v -57.60858229 -110.92843774 40.45099705
v -66.10286238 -97.05693061 26.65974299
v -68.21246500 -101.51464763 37.68998356
v -59.67636084 -87.62665776 30.84650363
v -56.15574543 -124.04250872 37.55133881
v -65.49446632 -87.50656112 26.61884909
v -71.29114686 -106.53820822 39.04183049
v -68.47315158 -103.78292339 42.70156275
v -72.83862133 -109.36084848 54.74674603
v -65.17649260 -90.38340441 25.20101213
v -74.93068828 -118.97764642 37.49821130
v -50.68227905 -120.56189155 39.51871750
v -77.17861162 -120.15661831 45.11857866
v -66.03744394 -107.21890196 32.01256412
v -59.60018011 -123.66436658 35.80993343
v -69.05692277 -103.44236725 38.09799641
v -68.23869765 -132.28919644 40.54722695
v -75.72550208 -116.40360913 49.31420569
v -58.36127851 -114.51556047 35.15618974
v -69.96871248 -102.29618959 48.86530324
v -66.27130422 -96.28946635 35.15979143
v -74.60984085 -127.32847690 38.32829890
v -64.19025667 -90.67583481 33.35857327
v -77.54072621 -117.81198379 44.86963930
v -63.75674796 -96.92433430 25.61372684
v -58.97630530 -100.87225805 35.07187994
v -59.78580261 -108.98335304 40.18097778
v -73.63829929 -101.36027246 48.38219827
v -68.16815124 -108.50264233 36.07273455
v -65.58154274 -104.62831642 48.57266281
v -67.11412208 -96.64325543 27.56026279
v -55.80956606 -112.54024525 41.19790048
v -76.50533460 -116.23631918 41.72697927
v -61.36821778 -121.00934604 42.67627180
v -62.19549308 -128.25221944 38.65260088
v -79.35745056 -107.75571593 43.92785800
v -57.57001765 -110.50237628 43.47886058
v -65.50973425 -86.13622641 28.60348317
v -57.30264958 -91.58182412 31.28620230
v -64.30424500 -105.96266847 41.71870342
v -68.49077795 -110.92323548 52.64888922
v -79.43642986 -115.09679259 51.45654345
v -67.30964830 -104.21328610 49.74721017
v -54.90940224 -97.29072975 26.82569728
v -69.71795603 -110.11417557 53.60138623
v -58.97263297 -120.17833120 43.02810064
v -75.20008217 -118.15331552 39.24942604
v -59.05426456 -95.53313208 33.86916387
v -72.37214876 -102.30476878 44.26460627
v -63.61298867 -89.02660828 24.88188985
v -66.57147339 -94.08948894 33.40705070
v -78.86634038 -115.76907388 47.97742970
v -61.83305327 -97.80955539 26.10997379
v -65.75921169 -105.91835427 49.92610215
v -64.23558382 -123.01479568 36.32587316
v -64.60188331 -91.65603023 33.67280116
v -83.43258603 -108.57692363 49.38149489
v -56.75988004 -122.71194823 41.63814169
v -74.07624186 -119.04507574 47.00445840
v -74.45375931 -113.18053284 53.67689422
v -61.59029730 -90.23496976 24.34043385
v -59.77510289 -112.06133481 49.63086990
v -75.82056178 -121.34824350 43.17341221
v -58.22076023 -102.43781851 34.59245819
v -56.08025291 -93.10820090 28.40430675
v -54.57349571 -117.76975542 38.20146279
v -63.52737480 -112.67443949 49.31750313
v -73.43296869 -124.71940602 36.57156323
v -84.97042464 -111.52379565 53.10769312
v -56.31503889 -110.12920319 47.59526014
v -70.55978982 -130.94598203 43.76732594
v -57.15371234 -101.37194047 32.28496067
v -77.12912180 -116.21594681 49.73449877
v -60.97377208 -124.46787846 36.36355274
v -63.52126531 -119.03411490 44.23272719
v -68.65456973 -93.93295334 27.63659831
v -54.46067239 -111.60579159 47.70645428
v -53.69043060 -112.65176082 47.57226018
v -74.88496157 -120.01080297 36.09913333
v -67.25107153 -100.14668054 34.98160884
v -62.95181652 -131.64692741 40.75327466
v -75.25353410 -107.70569779 53.80169328
v -77.35527923 -105.43494306 48.57879246
v -69.73972931 -107.73929388 37.70071334
v -79.09793284 -114.14542091 53.50452147
v -74.66835991 -118.82426545 47.27470229
v -53.52525365 -114.11042720 42.20703295
v -67.35449657 -111.69067377 51.40818583
v -76.65112101 -104.56593901 48.52946135
v -49.54129972 -119.91272085 44.41096853
v -75.06010848 -127.13237042 40.69087529
v -77.91297716 -115.35210603 44.36185442
v -57.18298769 -116.54926446 36.56427751
v -68.74398023 -91.75840459 29.62378537
v -67.22366232 -132.35242002 43.94711835
v -56.05261059 -96.00842558 30.40994126
v -68.90528108 -116.15194627 34.10309545
v -56.86661861 -97.98428543 31.88294561
v -61.26047229 -125.86873301 37.33494974
v -74.08838115 -112.89409076 39.84548248
v -63.35781979 -94.99777977 35.05231542
v -49.70495696 -120.47923703 40.78090057
v -58.22171611 -124.83455073 40.03759324
v -59.25369132 -125.66182799 38.41490402
v -68.07669910 -115.39592497 47.42432418
v -71.95215966 -113.56194073 38.28006065
v -58.85529349 -109.17642384 32.90073649
v -57.78286721 -105.04606931 34.56418581
v -80.52029423 -114.62093304 51.74385003
v -55.68616877 -94.22216378 27.31909864
v -66.92723856 -96.02853570 30.98106557
v -64.67142878 -105.97218035 42.40813114
v -61.70216526 -102.20652111 37.55097218
v -59.42558133 -88.18020918 31.63534254
v -55.31184762 -116.31137116 38.05827206
v -65.74930281 -95.98367178 25.80276120
v -74.10037509 -111.21821867 39.97936485
v -54.97117731 -114.40626634 47.48141416
v -56.12271849 -93.99839107 29.91689367
v -76.31752245 -122.01039239 45.86543910
v -64.49816231 -97.78502664 36.41688720
v -56.05063635 -100.16911481 29.18586157
v -57.94887672 -109.35460861 47.75452730
v -58.35511424 -116.60850209 35.89701276
v -72.13415683 -101.29603379 48.76416374
v -77.16442051 -114.78549435 52.55909412
v -49.90901735 -122.24275407 42.60856009
v -72.18456759 -110.56358438 54.69121970
v -58.03688371 -100.60488954 33.94394709
v -64.65840192 -133.41153033 42.55281996
v -60.94130812 -108.77991216 49.41464037
v -68.44471404 -132.89902652 44.13489156
v -54.98297719 -111.41457943 48.39270685
v -77.83700170 -115.41538816 51.11243089
v -71.75694747 -105.33405361 51.97739397
v -58.36856292 -100.36217064 27.66884338
v -76.53981983 -115.28695290 51.38617601
v -57.41792810 -102.95194634 32.32864025
v -75.04093916 -129.00644744 40.38715966
v -57.48763510 -103.30979173 32.91502348
v -57.77969310 -96.89403095 32.97780359
v -62.69269712 -102.25558994 38.04544323
v -69.31909516 -125.47546775 37.53338822
v -58.73317175 -107.38380587 32.65711352
v -50.45956218 -115.50701434 45.84895826
v -55.77172035 -110.81453775 45.72882773
v -75.57070764 -108.65096878 54.79879363
v -73.45259907 -131.42323795 40.75559800
v -56.11996796 -99.86832275 30.03880568
v -65.44629541 -106.55157617 31.18962092
v -61.77057964 -95.12048670 24.80600081
v -57.60603345 -109.67993179 46.02177049
v -82.82361400 -109.86148379 46.94100467
v -67.88626641 -100.92473420 37.54838952
v -55.65004443 -113.90048042 38.80608403
v -61.05603321 -91.45538535 33.49355025
v -62.54623374 -108.45386435 49.69460850
v -65.59116007 -125.54942447 37.59115341
v -69.33312277 -105.20483169 51.76500741
v -64.78307268 -110.41030987 31.22280992
v -71.80502449 -105.70461127 39.65526894
v -72.87973517 -117.44472339 35.90882393
v -58.38862846 -124.63646342 40.46420125
v -62.00514928 -116.63145855 34.36177366
v -57.08990478 -101.04463563 29.30178055
v -64.36349955 -105.83273355 46.07101969
v -73.91684907 -107.20138449 53.09667711
v -66.14617982 -108.68534863 32.01818086
v -74.84684457 -128.54456176 39.11844207
v -84.33355865 -109.68651450 53.70039210
v -85.68894796 -108.92996970 53.12724576
v -61.71252093 -118.48910037 44.27734505
v -58.33639877 -117.45730174 36.12815791
v -79.76611218 -106.19023915 46.81183871
v -58.33079533 -109.16550634 46.77570138
v -74.45170429 -118.12212544 47.58330366
v -76.66504201 -117.77833823 47.94972378
v -78.39485575 -112.55258742 43.26255320
v -64.52844964 -85.96050440 29.13903704
v -62.00763057 -118.22415253 35.13524226
v -59.96084316 -102.59199714 36.57868616
v -75.88208493 -119.02067776 39.93171411
v -66.03934191 -122.27849765 36.07586201
v -62.42450813 -115.38027410 33.40392239
v -61.76719769 -115.89380627 46.27911499
v -66.92876786 -122.79215521 43.10245013
v -73.74392728 -123.67622983 44.86712940
v -66.96793508 -90.18919506 31.96052192
v -68.64239412 -89.84540661 27.25177521
v -65.83497618 -111.05332887 51.23543055
v -83.69321654 -112.15709669 53.87699172
v -76.34205400 -112.76187988 54.51500332
v -67.42010351 -123.32435334 43.09217758
v -58.45141955 -114.85543655 47.06905034
v -68.42615553 -89.79696333 29.69666757
v -73.12526080 -126.16391523 37.34801013
v -75.78133915 -120.47288790 37.54361302
v -57.15176223 -91.14715994 28.20024822
v -61.78040342 -90.15948137 33.12721889
v -70.06565423 -105.19320949 52.01041145
v -62.69028012 -122.48765204 35.86316353
v -58.63013716 -90.20203760 25.71026387
v -49.20134242 -119.38106768 44.09059867
v -53.12085862 -120.28212303 38.31336015
v -54.70405711 -98.17945596 28.00618063
v -55.56039905 -99.82241249 28.33956500
v -69.68162566 -106.62961640 52.49797584
v -72.97447818 -115.58694302 38.14544008
v -68.48249200 -120.80497378 44.40868209
v -79.75264550 -111.58149596 45.12677084
v -75.71140819 -120.02365808 40.21288628
v -52.65838675 -119.08573423 38.87587448
v -67.44873248 -110.91420151 33.57901989
v -66.54189594 -133.89982226 41.64288085
v -70.30957356 -110.78855839 53.66437053
v -61.84388599 -99.07055829 27.25116010
v -77.97209097 -117.08646938 47.79356101
v -65.08642733 -131.46287902 43.11615873
v -67.54339304 -104.31110087 44.61778982
v -71.18415760 -110.09911988 38.38124977
v -77.30536080 -104.05169370 47.72441510
v -82.52308190 -113.92609455 51.31452989
v -55.79666434 -93.81996150 28.41002390
v -69.24330659 -104.41164437 37.95564427
v -84.91856642 -111.05270293 50.29793696
v -82.11001811 -113.87232666 52.28938225
v -55.63818957 -116.48259533 37.75634286
v -74.13405685 -124.93376721 44.26191401
v -54.13953117 -113.61352209 47.81936128
v -76.38261761 -111.51588148 54.81331897
v -74.34678198 -107.74529858 40.57023114
v -74.82992008 -103.00924443 43.90279876
v -71.80867826 -107.97661916 39.11803026
v -84.72670091 -109.49929290 48.14356203
v -62.93888583 -86.91467993 31.90659178
v -60.91370001 -108.07017023 48.29814740
v -59.18552210 -90.75605365 32.91841836
v -72.40334030 -131.27179897 42.49047495
v -65.99734778 -104.18229461 40.60818528
v -77.40823239 -111.37403763 41.89407466
v -62.36152420 -130.19965652 42.07019952
v -70.03837900 -102.95064559 44.37851985
v -76.37247475 -106.25105765 50.40217066
v -58.64948929 -95.49764288 25.34637956
v -60.34965996 -87.53980064 28.76857278
v -67.12629888 -103.35607907 40.05072563
v -67.96977855 -101.78950652 36.31349685
v -65.21502162 -86.07096283 29.05697132
v -79.71047953 -111.56647773 54.85806193
v -66.49399593 -107.39262329 50.92507051
v -51.58676985 -122.71093809 42.35329267
v -62.33966452 -111.31899813 50.49020881
v -62.88830834 -117.70284786 34.75927343
v -66.20482903 -99.82409280 32.88811570
v -66.56200640 -109.45716577 32.65535320
v -63.63533126 -113.03062584 31.96577721
v -60.27659683 -112.50399253 32.76769800
v -61.36995031 -129.73266658 41.62874374
v -58.24774615 -99.74470931 26.97333684
v -76.04734687 -118.77518767 41.93775282
v -70.64045762 -131.28451522 43.68181823
v -64.30874352 -86.98970546 31.95856338
v -63.85582807 -118.85965692 35.01845287
v -61.67234007 -117.15821270 34.75267709
v -74.72326552 -126.37684360 37.87395113
v -70.75733939 -133.61412561 42.10355625
v -70.56354092 -126.33553708 43.50944944
v -66.12540276 -89.27941201 32.29394539
v -60.78391443 -106.76962081 39.31696757
v -69.33086553 -130.98481155 44.07018537
v -66.97736114 -104.10008441 49.24659093
v -70.15836303 -121.81408776 44.47920016
v -79.52529059 -113.55211960 46.59201795
v -68.91564763 -108.78658072 36.79252554
v -67.90660743 -91.07386151 31.09685455
v -64.33044967 -101.51695745 31.48332868
v -85.89485475 -110.20464512 52.26429101
v -75.35367281 -122.56479935 45.91527355
v -62.65264576 -98.65983980 36.41399390
v -74.46560561 -124.46351187 36.77416627
v -62.14000301 -114.31315406 47.47817468
v -59.11296413 -88.15178149 30.37273226
v -77.87234149 -118.61819373 46.87545969
v -67.51095679 -95.64552555 27.21544247
v -58.48053969 -89.63636936 27.21312600
v -55.50638638 -94.82651883 28.52506240
v -69.84593339 -106.44649813 37.96305759
v -70.18282812 -123.96154876 43.76856524
v -69.58308801 -125.21567212 43.39109453
v -65.41146921 -111.83797737 31.92936547
v -66.49790940 -131.50602720 43.51688081
v -66.62970917 -103.06707758 39.62987837
v -84.45133353 -108.56860541 49.78728942
v -85.19608898 -110.94327396 53.36347093
v -75.96046296 -118.10470111 47.78776645
v -67.35189319 -111.18166638 51.80724949
v -66.89353134 -100.91129903 34.48203521
v -56.83497364 -120.19914593 36.96884765
v -80.55726593 -114.87583057 49.22243972
v -59.01802705 -88.45370995 29.25383374
v -69.56111948 -117.83734871 46.21490252
v -64.90770213 -101.75344261 32.01245502
v -77.38246455 -109.79333011 42.11959907
v -51.21710519 -120.28224847 44.32438977
v -66.21396938 -104.54350419 49.30821527
v -64.03397465 -114.64322582 32.55516916
v -71.06690795 -102.19392764 49.73903994
v -55.99162090 -112.52617008 48.98932855
v -72.48927815 -132.16331897 41.75637398
v -67.39371032 -112.79266170 49.75904138
v -63.95329469 -105.50626462 40.67257590
v -67.09926302 -101.99770773 38.66208956
v -55.82855498 -124.19366413 39.81406737
v -77.82094110 -119.49570230 46.30726731
v -63.13687251 -109.87806332 50.53675055
v -71.80896707 -116.25255511 35.83602350
v -75.37605853 -105.61209365 50.44942183
v -63.36314299 -120.75798910 35.56532279
v -68.35364211 -133.37249216 44.00554111
v -65.27934625 -115.23867340 47.36528703
v -57.80287078 -103.45627855 34.10661219
v -69.34141715 -103.39461029 42.81759126
v -60.21947960 -103.86581019 37.37685600
v -64.58616835 -98.60273821 28.13268693
v -74.11541378 -125.43756164 43.71111428
v -57.53889590 -93.01130312 25.68337213
v -61.55989393 -88.23107413 32.48812793
v -59.73198207 -103.46607151 31.31083035
v -77.66153653 -113.06345477 41.98650773
v -66.54857333 -104.11629518 48.83524881
v -83.07011186 -110.58304572 54.21026684
v -53.63772366 -114.85365244 41.05176834
v -70.50437518 -118.40328469 46.12100343
v -56.18160773 -94.51374448 30.33554230
v -63.09971251 -88.43736541 32.56498364
v -79.99491175 -106.31608701 45.31285025
v -69.77648673 -113.73406459 35.33890392
v -65.93211705 -98.49659656 31.05777652
v -70.24577896 -109.68694241 53.77075714
v -66.64180603 -128.94302196 38.91976095
v -57.20058428 -95.99091232 32.10090070
v -69.34409613 -132.93708245 43.81720621
v -58.95637344 -90.37968934 25.35190293
v -57.90258895 -109.76141330 45.09371575
v -62.06505221 -86.19119793 29.91578273
v -51.00530386 -122.82157619 42.21186763
v -60.13551456 -125.35142463 36.88875092
v -78.01901259 -117.46348354 47.35287824
v -70.60420096 -119.03400684 34.59178525
v -72.15425792 -101.59965342 49.27794501
v -60.31406391 -87.13254608 31.20799104
v -75.07378524 -122.07450998 46.22763448
v -66.86272561 -102.71166390 34.76457698
v -51.46834749 -121.72208769 38.92237258
v -56.48561731 -94.58798255 31.00615720
v -79.30287323 -114.53929165 47.31746081
v -65.52564451 -105.17816643 41.89136847
v -59.82724593 -126.60611525 40.39418069
v -61.45326963 -92.63790779 33.90747378
v -64.57371863 -104.21053572 39.96894741
v -73.25218667 -130.32422193 42.25985095
v -69.53110797 -108.61400362 53.08426191
v -79.90629138 -113.77682588 54.06841036
v -64.57621065 -93.27173114 34.21346896
v -55.17061636 -121.49857876 37.33551150
v -68.19237320 -111.70122475 51.66766530
v -65.02696148 -117.43008906 45.69055230
v -73.50387142 -127.99195402 42.78661593
v -72.98640726 -112.03514088 39.24171939
v -56.02217706 -120.97103688 42.80722796
v -75.79390592 -122.07510875 43.40346277
v -62.68826578 -107.14211764 48.46808316
v -57.29987687 -91.28986298 26.69756628
v -60.62989685 -108.96447250 42.59988260
v -63.11217457 -108.40907238 30.78883440
v -61.86921869 -91.35416221 24.03337979
v -56.85647132 -100.40275882 31.74465616
v -66.05091325 -106.33709382 32.76570763
v -71.15229363 -115.28392702 48.11264411
v -58.17264244 -89.61108604 31.12205242
v -64.38270429 -89.16972238 32.84831399
v -69.02992692 -129.19391412 43.48230758
v -51.49866688 -123.24340829 41.26426959
v -56.35365712 -92.49881295 28.17061658
v -58.90888508 -106.29243104 37.50066327
v -72.85030084 -118.18853160 35.12048744
v -54.62927911 -112.05156991 48.36341182
v -72.17038960 -129.08692131 38.93654877
v -55.85094804 -94.74206098 26.53125443
v -72.93370854 -104.68887080 40.91936001
v -67.24541263 -125.64771062 42.78905687
v -72.09837624 -132.25233988 40.94895283
v -56.62562772 -96.34246106 31.37396254
v -76.21812203 -120.41761771 43.60701811
v -71.19490918 -105.18442621 39.45710402
v -56.91130883 -116.94142359 36.81786657
v -66.96000738 -129.45648205 43.06502297
v -63.61039201 -116.94909534 34.24021882
v -57.62054191 -100.73138878 28.19036765
v -62.48080160 -101.78971531 30.86869716
v -64.69754604 -86.29791818 31.29572315
v -57.37914294 -101.98362716 32.85858958
v -56.74390814 -100.71889974 31.26039758
v -57.34350749 -98.70162572 26.31316077
v -81.32612607 -108.43206095 45.44077584
v -70.85433027 -110.18009524 54.18663368
v -75.34270130 -121.15841348 41.70399135
v -69.87692114 -113.97307997 48.69359143
v -68.15023241 -134.50171972 42.95457834
v -69.71862358 -103.21199005 43.46721810
v -71.52146235 -102.68416612 43.40618161
v -63.74670771 -106.10348984 48.13784183
v -63.83123039 -107.65433446 30.51949883
v -65.88367650 -123.29738150 36.56474607
v -64.22083557 -132.02968583 42.84931925
v -55.73159930 -121.79913395 37.06144817
v -69.37935276 -114.50946466 48.14797728
v -49.50068743 -117.95829240 42.64525471
v -64.57808369 -86.41859154 27.59881772
v -59.95152956 -125.59633500 40.89408258
v -66.28357386 -108.35557198 32.27477662
v -61.46132780 -112.35990323 49.28936205
v -66.15733719 -99.12475622 32.39386515
v -57.77464193 -94.03518674 32.61582946
v -75.82287779 -119.25674271 39.11158666
v -80.68562161 -112.84731473 54.77605995
v -64.46485799 -127.34751517 42.26407345
v -68.82410710 -92.59609604 29.17040261
v -70.36862661 -112.67206790 50.79743887
v -65.73090587 -90.31099165 32.89040005
v -66.06520864 -91.71563439 25.66801403
v -56.90626189 -114.73623708 36.53560950
v -70.88377391 -114.92460968 35.86154730
v -79.90395178 -114.60584145 52.29996370
v -67.71944263 -112.14496157 50.99766799
v -56.49367844 -110.31177024 48.79983057
v -53.99139103 -122.70431281 41.91057353
v -69.32788157 -90.05111837 27.61833563
v -69.10466564 -91.77763886 28.69075326
v -55.98805454 -113.54412178 38.27034708
v -60.19607980 -109.21716867 42.79429156
v -79.79229609 -108.15113091 54.13213857
v -72.60684214 -114.89394995 49.42363019
v -72.64723894 -114.01776871 50.81892418
v -79.01631236 -115.54774706 50.30720632
v -56.02642391 -113.14034367 38.56452860
v -74.59788811 -107.09356076 40.83525280
v -72.28966957 -124.57031681 36.65231759
v -71.93878226 -118.00368958 46.73641187
v -75.83423055 -111.76694861 54.72937141
v -83.10111771 -110.39970046 47.47891623
v -57.29928986 -97.39994654 32.43170942
v -70.79167141 -116.54075951 34.50400119
v -66.30858866 -87.65683710 26.81051925
v -60.41320113 -108.62726892 40.46159750
v -86.33967739 -109.35479786 51.81322742
v -65.74195389 -106.40454133 31.68216488
v -68.24299125 -101.32728021 37.28143239
v -59.30908653 -109.52255287 40.40460435
v -72.83601370 -109.83913300 54.91619987
v -60.73498553 -129.13525208 41.27513138
v -78.62115669 -115.48448137 46.39833391
v -65.92493298 -97.81522122 36.35136930
v -64.85266569 -88.73244982 32.60545073
v -75.13542670 -121.25172708 36.84807722
v -65.28335129 -115.10184818 33.36423174
v -77.18532976 -116.94743230 48.55010037
v -66.25619285 -102.23224009 33.73979819
v -73.01869174 -102.15696332 44.51163703
v -57.88348172 -119.18455517 36.65561692
v -72.21342862 -126.98684181 43.61570015
v -65.87091222 -108.48873643 50.92540503
v -51.00288688 -115.00761875 45.03411855
v -70.53085965 -103.28128806 41.28761113
v -66.03494481 -133.99786635 41.88414647
v -51.16041205 -117.59078405 45.95630344
v -74.27863664 -114.43108351 51.80305403
v -73.02126106 -120.42036874 46.06598251
v -68.33466425 -111.99269225 51.33992882
v -73.20617353 -110.46419477 39.57247633
v -69.17226654 -118.61985763 45.68700026
v -65.32983577 -132.78287959 43.45727817
v -78.43255961 -114.03211207 53.92515410
v -49.71444941 -119.92818980 41.00938379
v -67.75951711 -132.80793247 40.85218090
v -70.50441345 -127.86997496 43.54741288
v -86.41324681 -108.08706920 52.39404326
v -79.30037618 -111.84585443 44.61600365
v -56.33755288 -100.43994252 29.75123193
v -79.88122504 -107.65638286 52.63228157
v -65.18440465 -133.82121313 42.57182847
v -64.56646994 -100.80541818 31.26091728
v -71.17896004 -105.88764755 39.15582639
v -59.56286627 -101.51106882 35.81323418
v -69.07827244 -127.23524024 43.21836755
v -78.08869398 -118.16567766 46.34244747
v -63.58669964 -89.48771135 32.97176137
v -70.06954182 -122.62767118 36.06736593
v -75.67080794 -111.02730491 40.75325814
v -57.83269988 -111.78902813 34.69288757
v -61.28152086 -113.83066349 32.95123834
v -70.77348204 -108.09188155 38.35692978
v -65.31227116 -97.91049766 36.45960100
v -58.85956792 -101.76771396 35.23149256
v -62.86796449 -90.06913989 24.16366229
v -71.27225393 -102.09086874 45.76995390
v -72.42230081 -121.65319077 35.40157939
v -68.97081836 -103.03881067 38.89544907
v -63.60637514 -117.45054257 34.52866156
v -78.26213460 -115.70934374 45.66667101
v -62.01206744 -120.09834718 43.22011025
v -72.98889932 -114.27805334 38.80803035
v -81.14118749 -108.77959806 45.22045512
v -49.94575971 -119.79865090 44.73285337
v -67.54556569 -101.85106415 35.62061139
v -62.83810191 -104.56360667 39.34770996
v -67.82504108 -103.24224023 40.01109548
v -86.26590372 -108.95221249 51.32939367
v -53.32357302 -123.42150340 39.51475204
v -74.57959965 -129.62462888 41.15110176
v -63.56454143 -98.44051454 36.63056777
v -66.45890184 -91.65571576 32.91565084
v -60.52777147 -87.80918773 27.86734971
v -81.52549722 -108.08564709 46.61614972
v -79.42611170 -108.68156664 54.37068215
v -56.77070906 -91.71067816 29.23403160
v -62.06045317 -102.39129684 31.09988715
v -67.87996999 -95.64234734 27.63408808
v -80.35645548 -107.85294321 44.71343598
v -67.32232297 -104.46906001 50.00626477
v -61.05335950 -107.76054183 45.65749433
v -51.63761104 -123.23702246 40.80862812
v -57.81585931 -101.82057477 30.30155549
v -55.78595554 -122.56473638 41.79502470
v -63.65813560 -101.42362466 31.09707259
v -75.70314323 -109.22414057 54.87649226
v -72.99516747 -125.02570992 44.17809039
v -70.84345862 -102.51493170 44.55516739
v -70.37390908 -102.55512724 49.90933137
v -60.37067940 -114.84312757 34.08673094
v -67.15212407 -88.35258902 30.87441322
v -59.81898788 -109.42957503 41.24537208
v -85.00724052 -108.99907835 49.10555274
v -73.97251131 -114.60609559 39.55516563
v -73.38845500 -102.87258717 43.23957942
v -68.71392584 -121.49111810 44.17631943
v -76.63752390 -121.78053966 45.57479561
v -59.02637053 -109.05659167 48.62545200
v -65.68912191 -102.56111386 39.05323149
v -77.60462511 -107.85560564 42.48108296
v -58.43990972 -110.43337590 42.07044140
v -59.65155399 -104.39001973 31.66419163
v -62.07667399 -113.32671011 32.32655059
v -61.73102268 -86.33836365 30.61051612
v -65.01001489 -129.02107174 38.93308938
v -54.94256473 -116.77840959 45.72230640
v -73.33266235 -107.64435139 53.55953540
v -59.19953466 -104.73323777 36.85767506
v -65.09394884 -96.03145727 35.53143566
v -77.20701366 -113.73901238 54.16433867
v -65.98814128 -109.21512733 31.88043024
v -78.10973624 -116.20931815 49.21678466
v -78.52408118 -107.56430012 52.58977369
v -64.36025973 -86.14547117 31.05882663
v -58.07151622 -108.58931589 38.13594115
v -78.21269254 -116.58266047 45.91931734
v -62.92783502 -89.44370224 24.44190022
v -68.76864261 -103.41553977 40.86524448
v -58.47342813 -96.44952881 33.57930398
v -66.51268611 -97.73443635 32.70161268
v -59.23821191 -103.19894923 36.12359631
v -69.18315388 -103.18600804 39.24395305
v -64.95198457 -131.96573697 40.37299510
v -74.50689961 -126.05383578 37.49760131
v -75.86971225 -118.66315241 40.60679229
v -64.37766975 -119.24830419 35.08836680
v -63.69051609 -86.25752481 31.24337412
v -70.51514047 -133.62748542 42.64259695
v -78.92762186 -115.06134556 51.82935518
v -57.44402580 -113.62541317 48.13241155
v -59.96145027 -89.47228284 25.30849239
v -67.82876707 -104.20459266 43.73838166
v -57.98028536 -105.98753685 32.96380953
v -56.71308519 -111.10327232 43.41762394
v -68.39162088 -103.81737405 44.40165180
v -64.44370025 -125.94968593 37.68120244
v -50.36534121 -117.72525788 45.93930852
v -65.45133505 -97.91796885 26.95189678
v -71.90587110 -118.84462573 46.32404475
v -77.97048593 -118.55169002 45.92990399
v -78.31095754 -116.78574251 47.36922623
v -62.63489303 -86.06956678 30.37235569
v -71.12920462 -113.63562487 37.38935414
v -72.25930511 -120.10296572 34.94039716
v -65.25738030 -128.84952738 42.62236304
v -56.40959216 -95.78618360 31.02261093
v -58.35600199 -106.50724200 36.86110653
v -82.89483439 -107.99090510 51.07735870
v -76.70019649 -121.32005018 46.54361552
v -54.99653451 -111.77611315 44.53685468
v -67.98215434 -129.30603913 43.23953756
v -67.41966426 -112.29597552 50.65487078
v -66.83781979 -134.08749157 43.71696744
v -84.28197228 -108.30281804 50.41194922
v -51.30638884 -123.04466597 40.55193424
v -69.80161337 -120.77236545 35.23931996
v -78.15496314 -112.02653628 42.83316555
v -58.14280272 -99.59862485 33.89345946
v -65.43664632 -87.14491380 31.74802697
v -58.19747657 -93.43355495 32.87643611
v -57.53487954 -103.86057698 32.82978302
v -68.42496053 -118.06553605 45.85822895
v -62.11778645 -86.97006159 27.78543053
v -68.81021481 -103.47881658 37.57650947
v -60.24131273 -126.33190318 38.40163184
v -62.28227692 -86.39183583 31.29969905
v -72.76705075 -127.65883421 43.34920323
v -82.97496078 -109.48416009 47.03209219
v -59.53379121 -101.59782435 30.02922474
v -66.31340319 -98.46875427 32.32063158
v -65.52015460 -127.66425825 38.41382574
v -50.01619370 -116.06613651 44.48830286
v -80.54511054 -114.62726275 48.75554215
v -63.36300896 -85.89064973 29.71423436
v -66.92672464 -110.02702352 51.78685039
v -60.73478135 -129.23098493 40.93206894
v -56.53018987 -118.72013937 44.23806735
v -67.65157494 -108.85098480 35.25195200
v -58.37009477 -118.15911881 36.27777821
v -65.80660894 -123.79680570 42.59893761
v -64.03143058 -115.68274173 46.77465937
v -61.74104142 -107.28607871 47.21383855
v -67.07174707 -96.45960095 29.49038134
v -69.49960279 -110.53025440 53.38259910
v -67.08184655 -110.03972565 33.29822435
v -74.85565819 -111.68967537 40.32521977
v -57.12134366 -111.44746038 40.81185084
v -74.29318534 -127.57278899 38.26758846
v -58.74246538 -116.30999818 35.58202986
v -50.97516236 -121.13367699 39.19142676
v -75.02607064 -105.90226000 51.04153741
v -68.16987165 -88.68131319 29.46116736
v -74.38234417 -125.27557454 37.02312368
v -76.65985620 -117.74265135 42.85943110
v -79.02978295 -106.92684185 43.96714500
v -58.21038544 -89.58261435 28.54019337
v -73.07191020 -116.58823926 47.96803451
v -56.72562233 -117.63386946 36.97293509
v -69.08067677 -92.45305761 28.55369390
v -54.54085130 -123.32149201 41.24031074
v -66.93065399 -110.73238562 51.72857053
v -62.52063199 -129.21020841 39.07003952
v -76.90447225 -112.73750063 41.37007072
v -62.93637601 -103.33630369 31.44490207
v -66.80042883 -96.67626285 30.08648878
v -75.75297984 -105.20889837 49.69788029
v -75.63085489 -114.23106290 40.84752404
v -59.05758744 -125.57262898 38.89241782
v -61.04240288 -123.50798556 41.72002927
v -65.39450583 -95.02224208 25.31757212
v -64.66644862 -104.71105659 40.41988789
v -75.89904658 -122.41821378 45.87333554
v -58.14896842 -102.76825144 31.12888333
v -58.91762624 -105.08176084 32.02955729
v -58.16724634 -108.06715267 33.31501493
v -62.61216074 -126.18588504 41.76933702
v -62.83981836 -110.61083485 50.71611926
v -57.43639203 -117.04149722 45.35725947
v -58.52507494 -104.77361021 35.97317134
v -74.00203289 -130.91009718 40.14590142
v -84.17276964 -111.69071191 53.88337453
v -49.43365250 -121.28545094 42.81072527
v -77.42675258 -109.69474781 54.80072027
v -70.37170415 -117.31939983 46.64399081
v -56.05590161 -114.49741911 37.63343820
v -66.57149068 -115.94999657 34.00415613
v -66.71604932 -115.02512735 33.82616647
v -73.68505205 -110.97564730 54.69011634
v -67.54284464 -94.01219476 26.75719421
v -68.16765940 -110.14632970 52.61800293
v -70.36683184 -124.91319504 37.14795960
v -77.78270805 -116.26986135 44.76569910
v -78.05738651 -107.43953242 51.42794525
v -76.15334732 -122.44976406 44.82514214
v -66.02276959 -120.00290944 44.23780834
v -55.01082301 -96.18538117 27.93596529
v -66.23427871 -92.58812527 33.33279710
v -53.17075224 -122.38811358 38.16295451
v -57.73209866 -102.27203505 33.72712820
v -60.12245560 -105.23945804 31.81004091
v -54.98750493 -98.96811805 27.85774207
v -74.88977906 -124.52362604 40.19684721
v -74.29988054 -125.94535592 43.18467041
v -62.27085110 -109.63599440 50.35067033
v -78.24480307 -104.23495823 47.02333659
v -69.97806085 -105.75914212 38.26895612
v -67.16509267 -98.32004867 35.74138316
v -60.98585956 -129.47689420 40.72985761
v -63.16040644 -91.34338158 23.94968564
v -81.02339825 -107.34800474 45.82521669
v -77.04047099 -120.84181699 45.25619297
v -58.57532895 -89.67798080 32.01370291
v -61.80029926 -91.33980964 33.49122355
v -67.29118370 -108.86925839 51.79012546
v -68.82343060 -91.84732866 27.26680282
v -78.29238936 -104.95617004 47.51369705
v -76.82766808 -106.10973086 49.65155206
v -60.72359497 -91.03944631 24.39392806
v -67.30198955 -94.29434715 31.64284883
v -57.80914831 -115.68876356 35.97781898
v -81.86377490 -108.79186146 46.02227216
v -69.03011941 -110.63708930 53.04019237
v -71.02181938 -133.03537379 41.37561580
v -62.41597133 -88.83748040 24.85004473
v -70.62288622 -115.91112295 34.64257313
v -67.45896332 -128.58335380 38.81287413
v -52.87797065 -119.47320718 44.39892047
v -57.27361316 -111.05048832 39.80976607
v -59.35381711 -95.69247662 25.24631017
v -58.81241179 -89.74138054 32.35048455
v -75.03920420 -102.14955954 45.25142102
v -75.04216062 -118.34126487 47.58151372
v -49.25460365 -119.99261976 42.72402169
v -65.34238695 -109.88072872 51.05245918
v -75.96075719 -119.35487342 42.45062073
v -63.99756157 -126.44051725 42.13539100
v -82.53136228 -107.87103439 51.57509958
v -67.76466782 -108.24271930 35.69417894
v -73.73022709 -119.74011406 35.20673537
v -63.80056872 -110.99927229 50.84781173
v -57.31083115 -94.97688653 25.73847607
v -62.74754212 -120.62194500 43.06696199
v -74.77996296 -127.39629965 38.56596464
v -61.01007876 -112.81337265 32.54675444
v -61.53923750 -112.05873811 49.73959123
v -85.93157485 -108.08410656 52.82991462
v -55.79071819 -113.33700763 39.09921250
v -68.03709460 -92.17803473 30.91880720
v -68.48454309 -123.99327449 43.24088226
v -81.18693259 -109.92872983 45.67586211
v -81.36316105 -109.31254041 45.57880392
v -80.07894725 -106.16616893 45.97187401
v -56.34222323 -113.80107323 37.28270626
v -78.81494317 -110.12959648 54.74913541
v -78.26461230 -113.78582551 54.23479065
v -72.52671136 -113.61525489 38.66903028
v -67.80821791 -125.26242034 42.93289509
v -58.23758584 -98.31567649 26.16346970
v -70.49467813 -131.97115453 43.60263779
v -61.78093761 -123.88632778 36.20966304
v -74.59238181 -129.18117100 39.15345812
v -75.36021506 -103.52744458 43.61878937
v -66.88008261 -126.07605694 37.82477111
v -58.11441322 -95.66719754 33.13929043
v -77.32835521 -115.02609507 42.22113182
v -61.45271121 -126.97151830 41.47570925
v -63.77704453 -95.91893853 35.53693549
v -60.82588179 -107.11697383 31.50437628
v -52.40446320 -123.28871086 40.02274686
v -60.15329001 -87.33245089 29.72521566
v -68.16693939 -103.86591183 45.12337754
v -74.98188499 -126.19875893 40.69268234
v -59.05824300 -94.26278657 33.58985249
v -60.48518887 -107.93339732 39.85890793
v -77.52652411 -116.45017170 49.13652043
v -74.05830456 -127.40318717 42.57187685
v -69.14513161 -92.88308267 27.87091428
v -53.73203796 -123.41390229 38.93817105
v -58.29819670 -103.98581778 35.25968168
v -61.99011265 -122.26453166 42.21653151
v -69.46778806 -91.00899148 27.67835798
v -49.05395783 -118.16403380 44.01399148
v -70.16189845 -107.94787756 37.97883558
v -77.67446551 -114.07895219 53.93889156
v -63.62808646 -87.66175546 26.06628617
v -59.25152324 -102.83328058 30.96419960
v -58.45746874 -101.45441131 29.72094259
v -59.96283704 -121.62485958 35.93899806
v -66.76709321 -133.40971715 41.22982542
v -65.34825393 -118.20185076 34.70838327
v -64.37339685 -87.72748744 25.98013403
v -73.44842415 -129.16988172 38.94628350
v -74.74580106 -125.43248909 37.42462521
v -60.75854380 -105.29868660 31.72633622
v -79.68795561 -110.35231157 54.67270978
v -64.11963910 -86.45703634 31.54947105
v -59.74324180 -89.80838986 25.15270677
v -69.79274831 -110.51962403 37.18520563
v -59.34728676 -117.02365253 35.53652149
v -58.29214902 -110.29662446 40.29832742
v -66.93724040 -93.87999818 26.33563704
v -65.09277301 -113.57406167 32.27545718
v -57.47059921 -90.84310176 30.79173874
v -84.18575783 -112.41580728 50.40266512
v -62.38480958 -89.18966137 32.82486556
v -57.48679629 -108.11203624 36.40408248
v -76.65056123 -118.44375830 47.63231316
v -57.37946829 -109.78380553 37.82561250
v -76.83986828 -116.43311805 42.32945603
v -67.27667234 -126.79866629 42.81596102
v -65.20255273 -93.73569292 34.32255821
v -63.76720666 -95.90073999 25.05603507
v -71.73937519 -113.36664840 38.12476956
v -59.45285591 -125.96146634 40.25495689
v -72.86614128 -102.48437577 43.75862406
v -69.42245043 -114.74980162 34.39803739
v -81.13146570 -114.43112371 51.48964495
v -74.70955317 -101.50466000 47.33012523
v -76.52963818 -121.57870249 44.73944015
v -68.97255081 -103.09747047 38.42103791
v -63.00120498 -109.26202880 30.95232390
v -78.63423327 -110.13109244 43.27695610
v -65.70002507 -122.28142494 42.95258843
v -72.18302536 -126.22683147 43.73397833
v -70.65193307 -130.76129683 39.81424250
v -64.43349222 -106.18174922 43.48455040
v -57.92459885 -122.58280767 41.73081505
v -65.19205909 -131.01401420 39.81961756
v -65.52740207 -114.34904659 33.03159429
v -58.97375874 -93.05484369 33.29230408
v -72.02751367 -106.30958493 39.57921744
v -67.31485435 -121.78647559 43.57184727
v -68.99341593 -90.24676340 28.70796997
v -62.39951878 -106.96855959 46.20329352
v -55.59798033 -123.93378060 38.15402889
v -85.93309018 -109.27944204 50.44891098
v -49.69517824 -121.79886748 43.34692566
v -76.27315146 -107.26417620 41.70810399
v -79.40251000 -106.62603719 47.68934828
v -75.06833714 -112.49999557 54.39308916
v -61.01915202 -127.39245921 41.33589984
v -82.09769124 -113.47832842 48.99555619
v -75.66403897 -119.90395916 41.88008686
v -56.81073213 -92.66917188 30.85676973
v -75.75121231 -102.62335750 44.97664173
v -67.65349714 -104.22566261 42.93705961
v -67.12122129 -96.71071042 28.28337905
v -56.63802424 -111.78239361 41.47812417
v -58.86422620 -120.78923603 36.28315969
v -77.85135974 -108.64282057 54.52586707
v -64.52127668 -116.95841307 34.24941672
v -75.31548838 -120.96130256 40.93195419
v -78.46997166 -111.34691536 43.23951271
v -74.84245942 -101.48216014 46.62790264
v -66.67847136 -96.27356915 33.26658177
v -54.59537003 -112.83499773 48.31146144
v -68.17591600 -128.38365673 43.12198917
v -67.67615353 -91.46971680 26.72207541
v -67.81995752 -112.17681817 33.79806216
v -66.69950322 -97.69536405 35.94679120
v -54.67437044 -113.84493681 47.81874056
v -66.55444548 -105.30967252 34.59198496
v -63.69209692 -112.01359096 50.18915931
v -56.64872560 -111.84831566 40.83997532
v -83.43027356 -113.30695966 50.36396944
v -57.11361778 -116.00971309 46.18509448
v -74.53716011 -126.58988917 42.42993340
v -60.39590704 -108.88915316 40.91368457
v -57.08010648 -110.72510823 38.32547248
v -56.14538617 -111.06479854 44.35932491
v -72.67319596 -130.89333663 39.89202613
v -77.34674848 -107.67554911 53.67319519
v -61.68539918 -103.37277548 38.14457732
v -64.76014409 -109.74849956 50.84842094
v -57.17992608 -123.75001001 40.90268412
v -75.62391313 -123.40641146 43.71936021
v -52.62555343 -119.72032985 38.69022795
v -86.67155488 -108.44143178 52.06000734
v -73.92048401 -126.02408964 37.27701111
v -65.60879688 -86.38739674 27.81125548
v -70.57365081 -129.05736790 43.75386794
v -71.81856911 -119.90099532 45.84201223
v -70.14341345 -133.81633402 42.00016854
v -64.39542527 -132.91702844 42.78726789
v -60.82550394 -105.18630962 38.47968494
v -65.29707325 -99.82940671 31.31106200
v -82.01673026 -108.44201552 48.42646183
v -64.95378294 -121.40384601 43.14383364
v -60.74309876 -108.43797895 44.16376589
v -56.15212315 -112.32923062 40.68095359
v -70.09020752 -111.98060359 52.04120506
v -49.93956632 -120.36177819 44.38463681
v -83.15452692 -113.35172138 52.74386213
v -65.99569410 -110.37033632 32.14895644
v -80.29330069 -112.26965187 54.83131453
v -74.16477023 -109.83183163 40.10199263
v -76.93421447 -102.97996218 45.63768991
v -71.23546550 -126.19905036 43.64849001
v -81.56381812 -107.96748588 53.61815322
v -59.29666667 -110.98288239 32.96100488
v -68.71054895 -93.25830120 28.96240372
v -71.78103911 -112.40148601 52.62254548
v -56.61010656 -92.97662747 30.56828034
v -55.51155995 -96.28595705 29.36511965
v -55.71122274 -99.51479704 29.23654527
v -65.42576355 -104.96322464 49.01617314
v -66.95195206 -107.40802585 34.69492909
v -74.06579953 -106.69237462 52.47538585
v -70.37723278 -102.21480158 47.41439536
v -65.09394334 -103.25025113 32.48672090
v -65.80707363 -92.07814971 33.41632007
v -60.03336865 -127.19493668 40.29509336
v -81.58570963 -108.16505383 45.84910119
v -57.58647502 -102.49802559 33.40927146
v -55.88687988 -116.80838064 37.50994488
v -74.13396363 -124.38703008 36.51791137
v -77.53347286 -118.40617408 47.37314040
v -79.60562100 -108.97506131 43.95145212
v -56.64021562 -100.76542668 30.74150583
v -75.17514789 -128.30695791 39.84572761
v -67.53574929 -92.39160643 31.67352337
v -64.49525418 -105.70691328 48.72853060
v -63.77497919 -98.00669129 26.40256025
v -68.58685471 -103.60244128 42.04664433
v -49.29651721 -118.55378015 42.64158056
v -82.16458044 -108.79674907 46.46587756
v -58.43393611 -94.43454173 33.20232291
v -79.96238865 -115.10548991 50.79430932
v -72.55171506 -108.06154723 53.75372062
v -75.21250463 -121.59818978 40.85433114
v -68.97319976 -126.03254019 43.18089413
v -59.53482947 -126.14616935 39.89725314
v -59.06012294 -90.92690465 25.08228885
v -59.34249263 -89.68533143 25.59974782
v -76.43606488 -116.26074428 49.59352494
v -58.65731330 -89.17372655 28.20994407
v -58.61922954 -88.75579684 30.29395451
v -57.12200450 -100.79305258 28.52908137
v -62.79106228 -107.37052516 42.11860076
v -64.02106783 -86.97829368 26.86788064
v -56.40041490 -116.72317224 45.69012682
v -79.87243795 -115.27900283 49.07944587
v -64.79039653 -97.27382661 25.89724635
v -66.72853363 -107.94126011 51.19061518
v -76.10544689 -120.11068485 38.71799380
v -71.23265831 -133.18137468 42.39548312
v -60.11042285 -108.23579743 46.32532412
v -50.35196037 -119.82826055 44.75425495
v -65.02916181 -89.46508570 32.87313990
v -51.38100856 -114.71800405 46.40806857
v -69.14272999 -123.50481026 36.56612151
v -75.32494888 -123.92760844 44.15333388
v -66.79478022 -134.48272080 42.47561753
v -81.58916708 -112.10993697 54.67243868
v -56.19529549 -100.31840771 28.04657082
v -52.18231153 -117.46786960 45.87342193
v -66.54766857 -111.78587240 51.07065710
v -62.64013939 -120.32346721 35.54148855
v -67.84213140 -112.56335893 50.24674376
v -66.82659424 -108.31482491 33.58639809
v -73.80237852 -123.39122925 36.05134426
v -71.28810218 -128.04266932 43.61507945
v -62.34348433 -106.43967163 40.29577672
v -60.87647513 -99.90268156 36.08453330
v -67.41697895 -103.99718588 46.69012253
v -72.77723493 -113.60170587 51.76949207
v -51.11972345 -115.35059302 46.63782892
v -61.59330145 -96.79631855 35.35891474
v -68.24730849 -101.45339670 37.02101611
v -78.47859245 -108.19679663 54.26274892
v -60.11129101 -122.83706374 35.79476779
v -74.98362454 -122.52338506 37.86374699
v -76.55792234 -117.33856938 48.31428637
v -65.80987949 -104.24874245 33.35375682
v -50.86990300 -122.64268682 40.28725349
v -65.55283881 -109.13685953 31.42240663
v -79.44162170 -105.53363626 45.37318150
v -68.48291166 -112.59335832 34.36955909
v -72.20567036 -112.35206638 38.70212687
v -52.19017058 -114.07973477 44.64441072
v -82.20762334 -107.73954686 52.29394906
v -63.87418820 -86.43186798 27.75069833
v -58.95914798 -103.53512924 31.35110720
v -79.86828598 -113.25212068 46.85419432
v -54.41765347 -123.64894876 40.82124897
v -54.95280331 -119.96792011 37.64263208
v -71.18196928 -122.46259908 44.57710540
v -70.77621392 -132.49289865 43.25445396
v -60.90508468 -86.63546945 30.44526759
v -49.58150822 -116.57847038 45.30122754
v -76.56114487 -114.48496059 41.37933989
v -80.89467866 -107.81534465 53.52603061
v -65.11903465 -100.42047878 31.53082184
v -67.69972950 -113.71469650 33.82646417
v -77.27064233 -116.78313753 43.69688861
v -66.06888703 -114.51026296 48.03826483
v -59.32512706 -113.34816817 48.24235559
v -57.75946698 -91.02538772 26.16538211
v -82.30317104 -112.69020610 54.23834643
v -62.06220751 -127.81941285 41.75221208
v -69.58839921 -110.83329452 36.93718460
v -65.80201477 -134.15685378 42.44465322
v -57.02305700 -99.75771968 32.25769333
v -60.03359191 -104.18136233 31.59040507
v -58.28386367 -105.32910091 32.46800946
v -56.98755454 -124.50482907 38.21557756
v -54.00593948 -123.73222090 40.19691821
v -68.00193186 -87.50027047 28.22484146
v -56.52301256 -123.29041453 36.55036832
v -67.82129786 -93.54854684 30.78426641
v -76.65513506 -104.51209512 43.67952176
v -69.48069844 -109.37807049 37.18492267
v -75.45303015 -115.04479805 51.38584404
v -53.49439126 -116.01400983 40.02005174
v -81.65707855 -108.98426839 54.09454190
v -56.12984390 -93.03849021 27.58386410
v -68.09328336 -94.71480741 27.42890008
v -60.59745816 -107.88755911 46.88603284
v -68.30528938 -95.05072194 27.86789389
v -66.50195237 -97.34490556 29.45906027
v -63.04011898 -115.64727469 33.37940578
v -69.80213262 -120.41590199 44.96414601
v -69.30889540 -91.64681967 27.55950096
v -77.73100690 -114.53952984 53.05920406
v -66.89398918 -91.94360076 32.54192729
v -62.93386715 -99.71882539 36.96005933
v -61.13799217 -116.57481510 34.63927942
v -62.94744397 -130.66312246 39.88089457
v -65.52350129 -96.64236173 25.89137297
v -58.32109235 -124.22089106 36.04765245
v -76.71501842 -118.78989215 43.63440129
v -65.51692757 -120.88016001 43.55869218
v -74.91990198 -123.85217790 38.28477288
v -55.19543374 -123.71104386 40.80215893
v -63.18362594 -91.60646701 33.58578787
v -66.96832983 -86.78122183 27.90637526
v -57.82980878 -114.65492898 35.62834186
v -68.65953777 -108.46737612 52.61119339
v -59.86346119 -88.07581872 32.00032201
v -56.78306195 -111.28604440 37.40936888
v -85.93423277 -109.93643277 52.87789449
v -52.06634533 -122.03932358 38.69597693
v -62.76728074 -111.00328380 50.69905149
v -58.66546133 -122.55664632 35.99111600
v -55.48597874 -112.24066254 49.02394803
v -58.72817078 -102.78357743 35.35741990
v -62.04356090 -131.03958945 41.35312357
v -53.58836187 -119.38095367 38.32169728
v -70.29177182 -103.89931316 39.66964087
v -79.51558468 -107.39077068 48.76797325
v -60.29312194 -97.61453944 34.99665560
v -78.91534720 -115.07256984 46.88956712
v -49.05459443 -117.36402320 44.01402805
v -77.31588146 -102.90158814 46.33380268
v -56.25302019 -115.75989644 37.24970537
v -73.89351425 -108.18036580 54.21692811
v -65.35121415 -118.36811851 45.17728959
v -75.58563160 -117.73509054 40.26976336
v -82.23896744 -108.67932893 47.19995258
v -62.12828867 -117.57428243 34.85266894
v -59.69291825 -110.52221728 32.46801374
v -56.52646488 -111.93412363 38.50287421
v -72.93722121 -113.36391778 52.32761226
v -74.92543419 -125.50249395 38.93471579
v -75.27284118 -124.23772945 43.46049019
v -59.19016894 -125.03448037 36.73693279
v -75.31475777 -123.80975429 42.46143024
v -71.39808839 -102.82380288 50.49491333
v -61.58769378 -101.18942010 30.21250130
v -68.26578235 -103.37905765 40.41520179
v -63.91364590 -111.34536889 50.78982122
v -63.69828992 -105.93632081 30.74823832
v -56.87951314 -92.39985817 26.25395423
v -85.41274825 -108.51941853 50.51969969
v -68.54637197 -102.47467413 37.43380043
v -85.38633002 -108.06474797 51.97558317
v -77.05443272 -121.03324895 45.49304405
v -61.09887301 -86.91875135 29.02162009
v -83.29917685 -109.22824136 53.82570692
v -69.41749890 -111.03515367 53.02519023
v -50.16709897 -120.50896400 39.99939698
v -54.66088789 -97.67075289 27.84075578
v -64.13658973 -106.24524861 44.51232651
v -65.70128039 -87.04036994 27.01310663
v -64.72338359 -108.07243338 30.64314339
v -59.87903733 -118.41658608 35.76679113
v -68.34358560 -126.49678000 43.02149090
v -55.17024871 -98.83161729 27.07038027
v -76.89603866 -120.77779121 46.83977961
v -65.08996559 -101.09734721 31.89363854
v -74.79822562 -126.17735110 42.28020700
v -63.24723925 -87.23489235 32.08422093
v -60.50258795 -118.89340687 35.71672594
v -80.18302926 -106.95506020 47.12614805
v -74.08697261 -101.30317009 46.78068070
v -56.53638227 -92.96673171 26.38765610
v -77.84215052 -113.65893759 42.49678845
v -68.27498662 -93.18088137 27.10200196
v -66.22028654 -101.05925618 33.37166052
v -65.63235543 -107.71952085 50.55538311
v -61.81247453 -89.57321741 24.50749520
v -83.95093569 -112.92145732 52.61068499
v -56.84543703 -111.51098153 36.44224028
v -61.40517094 -125.15461314 41.48776902
v -62.83946499 -86.14797247 29.11306730
v -68.37659777 -107.82637574 36.47220736
v -56.61267239 -124.40043906 39.50471825
v -61.75246669 -87.25513028 27.47894292
v -77.58748691 -119.40769917 45.53491963
v -69.33122633 -103.71479342 38.48985375
v -56.52533987 -100.73204508 29.27111737
v -65.39215458 -103.92151028 40.06792084
v -55.84609856 -111.49441313 49.47859863
v -64.53568535 -96.27266595 25.32836972
v -62.01648389 -122.38023479 35.72046693
v -68.37758145 -103.13882666 39.83990979
v -73.10008334 -131.67047788 40.66924348
v -50.70869008 -119.46673010 39.90194526
v -59.19425041 -99.22159939 26.69805378
v -72.22537351 -101.26524293 47.96837581
v -59.65545446 -108.02323786 39.31722802
v -77.43909296 -105.82869920 43.27873343
v -71.64550934 -103.54688094 41.22412968
v -62.44671821 -90.59153467 24.02389242
v -53.40335906 -114.11184436 47.45144020
v -76.89551013 -114.49185441 53.07556427
v -71.78704657 -115.85927983 47.95271349
v -69.82772726 -132.52379205 40.80430122
v -72.95175516 -101.81292430 45.43689710
v -66.91342445 -104.30261608 41.69880419
v -65.94453458 -98.75749577 36.84495843
v -49.56214831 -117.61036183 45.82932155
v -61.12638800 -112.82366242 48.77682868
v -70.38216066 -102.90119413 43.74900363
v -64.44220695 -98.92419902 28.78962611
v -68.89917873 -103.15637726 49.34300946
v -74.94686780 -129.57090332 40.15845438
v -68.80414085 -89.28134455 27.40132429
v -66.25655366 -93.58754841 33.63833367
v -63.89254483 -120.14269790 35.39403372
v -62.53806805 -99.03993653 27.53375210
v -61.57310971 -90.92435679 24.17333302
v -69.20938625 -103.24435952 39.85483461
v -50.86047122 -117.78361999 41.06716129
v -63.42751407 -85.96453275 30.46148526
v -70.90296045 -106.96721377 52.84796375
v -57.34427964 -114.59340488 47.31441228
v -67.08341297 -87.94843241 27.04851650
v -63.59105151 -122.48023116 42.44540730
v -65.55688530 -106.73239269 50.18030826
v -59.63190942 -101.14377198 29.57351031
v -75.49742173 -118.90027775 47.41614466
v -61.30953779 -108.08994529 44.00751544
v -56.33155779 -97.15939239 30.99140327
v -59.53607097 -105.24165380 31.92651465
v -66.06460442 -97.67913787 27.73428806
v -64.47515352 -98.38384513 27.17943864
v -69.25139096 -115.75374965 34.13928555
v -62.38735532 -121.25017345 35.65567971
v -74.86914119 -126.91169770 38.53299052
v -57.85354665 -107.80872039 36.94825107
v -65.17056365 -104.75581931 32.10609718
v -66.95979898 -108.97295457 33.40636376
v -57.47897664 -116.08040074 36.32998779
v -56.00960629 -114.69843314 47.26563265
v -70.07879998 -116.34556333 34.24050898
v -55.85492566 -96.50270402 26.30471549
v -85.15552020 -109.23252810 48.78299004
v -61.62869585 -104.60557373 38.69622533
v -73.60811882 -121.34290921 35.36657395
v -76.10642122 -108.28958321 54.53400982
v -59.05855652 -106.94017259 32.39148110
v -77.40258176 -112.58766497 41.61800915
v -60.08467763 -126.93456425 39.57964764
v -68.31702468 -126.93556884 38.21179690
v -74.54803619 -117.23177903 38.99471404
v -54.77947850 -98.46964513 27.40171865
v -63.52706265 -106.75508044 43.57511051
v -55.42374599 -119.52498387 43.81644313
v -70.57788882 -113.17067381 50.03032235
v -64.15007998 -116.56754682 34.00091243
v -55.33648926 -113.48686173 40.08693573
v -65.59054173 -105.50774023 32.20674754
v -77.76413483 -114.85856881 43.25430735
v -68.57265574 -113.49087972 34.19119171
v -62.59275137 -118.60218072 35.15530477
v -63.79782616 -130.39604924 39.58403587
v -80.89366856 -107.35462999 45.50435770
v -52.99029866 -115.72396418 40.77033649
v -83.55522797 -107.84485191 52.20320468
v -75.53031942 -121.00868951 46.85507852
v -74.32996206 -122.76055533 45.52464169
v -58.23500476 -101.75858640 30.07886957
v -78.34444414 -106.65601299 43.51279928
v -59.04861382 -112.65687126 33.89818467
v -67.42694334 -88.08030757 30.22543840
v -62.92514165 -87.35882182 26.63076048
v -77.19544972 -117.94727235 44.18791082
v -77.92446063 -116.71275991 48.40310135
v -68.90472626 -102.98271300 48.85957484
v -68.76991804 -107.06905880 36.99321787
v -79.62245799 -113.44493277 54.51427269
v -79.86559800 -108.41327564 44.21640299
v -68.21919506 -102.12051213 38.38993034
v -55.93401373 -112.67184025 40.16079044
v -62.68870789 -121.79576015 35.71708400
v -62.11157417 -99.80483376 28.75684423
v -60.07012612 -109.60393541 32.05319517
v -57.33937576 -100.14281183 27.21903733
v -59.04384042 -125.53791938 39.98898858
v -63.29492025 -125.08221167 37.14915350
v -75.00632346 -125.35867679 41.53519951
v -71.44136818 -126.73867721 37.86609592
v -65.70420732 -87.88846809 26.46154481
v -65.73493548 -97.58893876 26.70988658
v -71.51750191 -125.09801065 43.88001771
v -67.73104975 -106.11586924 51.20462446
v -68.13571015 -134.07397354 41.78787829
v -68.68043301 -110.21700482 52.92981566
v -58.48420560 -109.41858543 39.41133621
v -67.58775804 -100.73288909 37.66144223
v -74.43870163 -124.94904172 44.03681635
v -69.12295788 -117.12269323 46.55936206
v -57.97456732 -105.48897980 35.35426645
v -68.89231027 -104.11163339 50.67781761
v -67.95197617 -92.91195360 26.90231185
v -60.21711182 -89.29224820 32.83802418
v -68.93707421 -128.34506749 38.72622248
v -66.35735202 -94.70782059 26.00104522
v -57.35880512 -109.88863104 48.84026664
v -74.54662784 -117.50508718 47.90095142
v -68.73422378 -113.14174673 49.35265341
v -58.86335045 -104.42370751 36.25808114
v -68.75128795 -112.42161123 50.60068959
v -58.42520159 -110.21860827 33.54880264
v -52.58922456 -116.59446152 40.35161050
v -54.81946671 -115.28801217 46.83061388
v -67.16965790 -91.38145039 32.11857401
v -71.51208717 -114.37252813 49.14085875
v -64.78413894 -97.86658380 26.34507344
v -68.02058296 -110.57778764 34.67564834
v -66.83156842 -115.79715836 47.10592605
v -61.61502803 -109.18806559 49.92620760
v -57.58558912 -118.18082285 44.53565249
v -59.71294532 -90.19912120 32.92185671
v -60.36859715 -116.25460869 34.77433182
v -74.34848498 -120.42813193 46.60548177
v -61.96676700 -107.51205112 48.33969063
v -60.31686489 -106.35156015 31.82563168
v -68.54999565 -89.30941574 29.16696544
v -63.34683811 -122.90359009 42.27740905
v -49.54946629 -121.12629035 41.60064341
v -74.58494346 -114.23988706 40.12463247
v -72.83056441 -106.77698448 52.74966030
v -72.03898205 -113.36488077 51.09711222
v -73.24059908 -102.01985194 49.35054420
v -76.82037126 -117.82561268 43.34241613
v -51.62792855 -121.18468426 43.61084944
v -60.91918079 -89.15344624 25.14532027
v -54.36563184 -115.28482293 39.60664615
v -79.05862924 -107.55413402 50.09001618
v -68.38903579 -88.70073842 29.11249054
v -65.26311395 -116.91818779 34.25273200
v -57.00268881 -123.76960433 36.43413719
v -67.65585666 -87.16100970 27.92905992
v -59.07366645 -104.51305906 31.79462205
v -66.67582542 -104.65045613 45.58445718
v -58.38395217 -112.43794750 34.33886197
v -58.63281112 -124.11949378 40.93725342
v -83.68595763 -108.12460708 53.23916901
v -74.22946966 -123.96659259 44.78269618
v -62.79230758 -85.97397937 29.95131128
v -75.67682277 -123.27781375 44.18381873
v -63.20968781 -98.94156719 27.71757607
v -74.90802555 -125.17616154 42.93264536
v -76.67847462 -109.03421707 54.73549923
v -77.98081943 -113.04486169 42.49031909
v -60.74145519 -109.57974229 50.06324897
v -74.62922254 -125.20831046 43.43562026
v -67.53154637 -110.67198974 52.11497902
v -64.17602119 -99.72325479 29.96193922
v -57.91766643 -91.48446212 25.75117947
v -64.44628727 -121.90719565 35.92379987
v -75.49396846 -120.84599712 39.67204130
v -74.65602406 -116.74338430 39.44156706
v -81.67336599 -114.45047909 50.08253859
v -85.92460586 -109.37192861 52.98120775
v -56.82575592 -91.60783154 28.71464128
v -67.20887998 -92.09856111 32.12715612
v -77.59263373 -103.82959683 47.35574495
v -67.70995783 -106.53192030 36.05163617
v -64.27903209 -104.85727868 31.24780090
v -50.10084482 -116.63298665 46.16425930
v -65.53022579 -86.75879785 31.31970276
v -78.80152844 -115.82949805 49.48130361
v -64.27954452 -106.45672431 49.22295686
v -76.35061089 -103.16744812 47.89766903
v -70.26097637 -104.24949372 39.24517395
v -72.01338382 -115.71434014 36.75874404
v -74.95291948 -125.58406979 42.21136135
v -81.25274100 -111.08669656 46.46357920
v -68.78570788 -113.53448263 48.95989620
v -61.17806623 -86.82002963 31.46190050
v -70.46804195 -119.11140848 45.77895915
v -62.01611389 -108.58488664 31.10907707
v -60.76621829 -119.95187523 35.83149050
v -62.10623903 -110.42952234 50.61704381
v -61.40058008 -98.45437055 26.48433071
v -82.21163938 -109.68427378 46.41113231
v -66.90243276 -104.67743487 42.99637420
v -61.67116711 -129.26019231 41.81177109
v -63.33231732 -113.73316885 48.18703728
v -58.54188077 -105.28745006 32.24195551
v -80.87410265 -107.70873796 53.17647797
v -64.60192710 -130.80614174 42.82986282
v -74.25262674 -123.27244221 45.22393125
v -64.72968632 -104.70455833 31.60305888
v -63.94120465 -89.90634769 24.60596490
v -56.83567341 -111.31856039 42.57620422
v -70.53333139 -129.82460196 43.87433147
v -53.54244078 -113.56631310 47.63904167
v -59.14953343 -121.66959581 36.09214485
v -58.30808803 -125.01357955 39.58700134
v -70.68353113 -127.00009319 43.51749515
v -84.79461305 -108.19995659 53.06464513
v -65.57981138 -100.13126752 31.94989917
v -80.05061494 -114.30822591 52.84808991
v -59.75932047 -112.60348163 33.28828086
v -72.01902394 -128.64475478 43.47953670
v -76.10436594 -121.72901089 46.48399188
v -69.15310808 -103.39423193 41.62434591
v -66.79736473 -97.61448410 35.71655582
v -75.83246204 -108.02390262 54.28707588
v -57.56274699 -107.30873729 33.94983745
v -66.18174153 -117.46076753 34.40544956
v -62.34618942 -124.19847108 36.48295171
v -84.06386265 -108.00215734 52.91751062
v -65.34978378 -126.00716095 42.39125772
v -70.40475095 -117.56820986 34.28604142
v -55.38807008 -124.03608708 40.09911272
v -66.82205036 -104.90446133 50.00017655
v -69.56602624 -112.58101594 50.63693144
v -72.79565179 -108.77662008 39.53454054
v -60.70558600 -90.15753849 24.63962485
v -61.21622128 -112.11600590 32.13673535
v -72.15022853 -110.66911416 38.93313096
v -55.81737764 -112.27408715 41.93975429
v -57.22967538 -109.06636012 35.17477337
v -66.76657866 -94.69147251 33.16420641
v -74.43282563 -121.65238548 35.93192791
v -73.49469155 -115.69121037 38.67282421
v -62.21508541 -87.39736670 26.89904462
v -59.15592200 -110.01726064 32.82596639
v -73.91549622 -118.75464468 35.67428490
v -68.00106172 -108.05612891 52.05160558
v -69.77202343 -104.08662430 38.83961184
v -74.87870273 -120.72474518 36.11854989
v -69.55791898 -105.15849099 38.06145758
v -68.86686168 -131.70975932 40.21873396
v -73.17244545 -117.37653572 36.41804244
v -70.31870688 -116.52815494 47.03581103
v -55.23753658 -97.44961997 26.56729007
v -75.83244180 -113.63663993 40.90452996
v -54.66098060 -97.34431784 27.18976683
v -75.49668566 -105.08833802 42.30542293
v -74.57981467 -103.60540804 42.99428397
v -65.66525165 -89.22928114 32.54557618
v -71.09654790 -103.17276112 41.85517210
v -66.99080486 -104.68742415 43.84289056
v -66.65967380 -99.60695928 37.26330137
v -84.66466591 -108.02162453 51.74060068
v -73.88672986 -124.80358087 36.59702111
v -61.53649380 -89.04981276 32.77900885
v -77.81674857 -111.70199644 42.38888023
v -49.37314586 -119.47425735 42.16972357
v -77.60032731 -107.84588925 54.04605723
v -56.79092664 -111.45491646 38.74531987
v -73.85053060 -103.93162922 42.17042939
v -71.11943338 -117.59215648 34.46842878
v -75.54452347 -106.86745114 41.41211565
v -57.13577991 -101.84036886 31.56115555
v -77.81135196 -118.35285369 45.58513029
v -66.17548901 -126.97247846 42.60968292
v -66.38081492 -97.56828363 30.94954407
v -82.68494303 -108.35606281 53.62669223
v -75.12143639 -123.84755569 44.75050636
v -83.51258212 -111.45472661 48.79744911
v -78.94956806 -115.81087076 48.46606619
v -81.45218962 -107.74999251 51.82796946
v -60.45176428 -103.02227040 31.15803925
v -67.46946946 -90.41897751 26.67576190
v -52.78978101 -122.88732578 41.90787509
v -58.92141146 -102.04652924 30.38899071
v -59.36629595 -116.39762583 35.30938992
v -74.67515241 -104.11119597 42.53208254
v -70.51763699 -113.71394662 36.42676620
v -65.96080251 -125.48251143 42.50091725
v -73.79369183 -115.22978858 39.17435854
v -77.48419072 -116.03760007 43.64875514
v -62.53532212 -124.52771979 41.84379960
v -67.67374031 -91.73460081 31.52563780
v -73.75750322 -102.42180638 49.35497626
v -66.87741959 -97.57505958 34.44835777
v -56.25482224 -98.17872563 30.97455697
v -70.69304856 -110.19869845 38.00415357
v -49.35023084 -118.40935060 45.24980641
v -57.40596634 -98.01961949 26.09272389
v -75.81128140 -119.34010048 40.69371613
v -67.54346248 -99.61458734 36.85216331
v -67.22097243 -134.27522572 42.04140438
v -73.28336574 -106.60283044 40.26377727
v -56.35202840 -113.19956318 37.48361013
v -65.62616079 -122.76683451 42.77858749
v -67.21756053 -87.13980676 27.52651952
v -58.37373612 -107.93272290 33.03329780
v -79.44738412 -111.03769294 44.35195415
v -67.44186206 -119.47240995 44.87354064
v -67.71023018 -103.73000657 49.21238725
v -54.75156363 -116.67969418 38.43834651
v -75.86380518 -115.77486150 41.04474467
v -61.42619850 -109.91430569 50.36793992
v -67.01995834 -104.09267242 41.23929018
v -64.32836809 -95.04315208 24.82364606
v -70.11089779 -123.33503603 43.90745475
v -58.03280871 -104.36942002 34.89680529
v -70.84692687 -101.78428794 48.79048384
v -57.57247610 -110.25074495 39.07579882
v -69.01899645 -114.57304738 34.23920766
v -56.95278528 -101.33050931 30.53179690
v -75.37841615 -122.95670429 42.39280388
v -66.00647694 -88.40643892 26.36055499
v -61.18054678 -129.36440376 40.15013845
v -61.34337569 -108.10012696 40.95999428
v -80.58001045 -107.54930328 47.31581013
v -77.01682504 -118.65615921 47.46577549
v -59.26475858 -122.71697272 35.87142375
v -64.91113284 -88.60775095 25.74468386
v -73.07478030 -128.17222480 38.43918678
v -72.74078287 -123.19386776 44.85589359
v -51.98326387 -122.84594172 39.56756840
v -75.64214810 -114.35368054 52.80825016
v -66.52879760 -96.57693245 35.07696367
v -65.50374984 -107.85900483 31.10317116
v -73.67186437 -125.61897323 43.87843927
v -56.49474648 -112.01600525 39.90043143
v -67.67363145 -127.69290621 42.93774589
v -79.76859906 -114.90632009 48.41253747
v -84.99994391 -110.36329793 53.54534785
v -49.83776974 -116.46693223 45.97784933
v -76.55642370 -120.28245207 47.14292309
v -62.23278388 -110.96083499 31.58324666
v -85.31060212 -111.37724525 51.91605128
v -85.14182912 -108.79027931 53.25899667
v -60.57485782 -104.44385382 31.64895544
v -73.64039096 -123.03731217 45.17696087
v -49.95814568 -122.15714996 40.82895176
v -63.46476248 -110.19405482 31.18753814
v -57.22508834 -108.92515426 36.23372755
v -57.92827398 -123.97560487 40.85598331
v -57.58441934 -112.37428139 49.30122466
v -75.50869743 -119.64445512 47.17872051
v -61.59530040 -109.22469445 31.34632547
v -71.79032336 -117.22541692 34.90677797
v -63.58059885 -105.27480348 30.96367037
v -63.51078696 -102.03044409 31.30746585
v -71.12012749 -107.19514002 38.76576957
v -57.34999299 -119.66808698 36.85883936
v -57.06454779 -99.11541640 32.28692275
v -73.19084432 -127.99498090 43.02110023
v -75.19365128 -105.84827536 41.64069677
v -57.53545483 -111.31646782 50.34814332
v -79.57611547 -107.67637124 51.96892159
v -61.74126499 -88.79427071 25.17942382
v -57.80922562 -110.32752507 34.28069041
v -60.73462592 -89.60076965 24.91067661
v -71.72309190 -111.05366032 38.64175116
v -75.19305285 -124.35767216 42.59703027
v -57.52292554 -90.48884162 29.30882749
v -54.14077912 -122.68421138 37.68323053
v -57.14796146 -113.69087299 36.09615327
v -60.02476173 -87.53234148 29.40106664
v -79.74525057 -115.37568320 49.81336460
v -62.87072995 -131.68773715 41.91606326
v -79.24433010 -108.06427610 43.72898889
v -74.13038798 -129.80913974 39.34159995
v -55.99326069 -93.69157831 29.15779992
v -79.77675902 -107.64619960 53.05046156
v -59.10336529 -108.98871077 39.62769152
v -55.30435465 -112.52642474 42.30971271
v -59.19577613 -100.80347695 28.83526941
v -85.97177274 -108.36046334 51.38545030
v -80.49026635 -114.09081563 48.29428012
v -73.04478500 -103.01816941 50.04800096
v -75.83051242 -115.62209442 50.55310485
v -70.00214757 -132.99359162 43.49620338
v -56.69646176 -91.99651826 29.53002831
v -76.88366525 -111.10225318 54.85554967
v -57.89468143 -104.65501813 32.51525857
v -64.39651569 -121.68700481 42.89672203
v -75.81208293 -117.22938928 40.93492203
v -65.92960876 -93.30442610 33.78309184
v -55.79292477 -99.03168930 26.71735779
v -64.09321112 -125.28020525 42.12690742
v -67.54303274 -104.97661892 36.03941147
v -54.62975410 -115.96318494 38.85809270
v -70.08347702 -115.63947677 47.50372675
v -81.02023248 -107.48362701 46.32086982
v -63.59754106 -127.82096534 38.40369354
v -66.43442181 -128.15060248 42.73252318
v -67.61284666 -100.05465366 35.67058389
v -84.30886544 -112.19225615 53.22206804
v -71.32216536 -103.33158229 41.40542017
v -68.13987088 -134.36937175 42.11479827
v -62.51288148 -107.11302317 44.89175532
v -64.64769119 -87.95764253 32.28405754
v -76.41893504 -118.73195350 42.96150861
v -81.46302982 -111.84459989 47.28499615
v -55.68927910 -113.19560887 39.63797967
v -68.75538093 -134.38304170 42.44161297
v -55.79930287 -123.50097970 37.11973639
v -63.08108064 -107.39236170 49.12684489
v -71.50035259 -102.44879865 44.26106254
v -58.59420131 -102.52171522 30.79317836
v -67.62031360 -99.34811709 36.48946050
v -73.24617489 -120.56590873 35.12105501
v -60.73495580 -88.64734427 32.63277817
v -65.35390692 -111.61935221 50.92259759
v -60.60347451 -118.55109878 44.17157566
v -84.81706474 -108.06155868 52.91071043
v -68.67892930 -102.68199825 38.54299841
v -76.72928441 -106.16403010 42.53067100
v -59.37916506 -89.12151169 26.50299989
v -79.42972123 -112.57788439 45.42642300
v -66.72113596 -104.79853081 44.49209716
v -67.15205084 -116.42194675 34.14399053
v -66.53087930 -104.28174407 34.52095738
v -62.95453961 -106.70461048 45.84123058
v -68.91232030 -106.80209404 52.20916330
v -55.76867126 -94.37581804 26.94102859
v -65.12139709 -102.38415211 32.42358387
v -63.61430635 -99.15612594 28.51098190
v -57.53395315 -124.71198916 39.15688030
v -71.42966315 -121.22294701 35.27845579
v -68.51321893 -105.39419132 37.06369231
v -69.32176637 -109.89494930 53.34827832
v -67.04285495 -87.37825470 30.23093755
v -81.04838658 -107.95154072 47.54096583
v -55.54028042 -123.70700395 37.66413020
v -77.49460444 -117.06576363 48.23697317
v -71.28996881 -108.70156843 38.64822934
v -74.89946567 -125.81129728 37.91251152
v -58.53570755 -112.32982762 49.34792902
v -60.80040855 -100.81939991 36.37263571
v -57.80633004 -109.55474909 38.62053355
v -64.07075189 -121.25820416 35.70265293
v -81.72640486 -109.04431560 45.84779962
v -57.21425302 -123.20955519 41.31495653
v -74.91466980 -125.53277472 40.00263690
v -66.46873127 -113.76644847 33.33266757
v -73.21606283 -126.70492027 43.44119544
v -63.25124677 -97.20781209 36.02490670
v -70.81589011 -110.41893406 54.15507905
v -62.67323645 -116.59172884 34.15014238
v -86.49150160 -108.21072241 52.58141492
v -69.62684494 -104.44651917 38.39415100
v -67.11291077 -124.52030059 42.80648389
v -51.72193944 -119.03967645 44.99681038
v -58.05278775 -90.24103820 31.68980433
v -76.01392817 -106.68821054 51.48139533
v -64.61379583 -106.84437827 49.69894088
v -60.34002619 -124.75567018 41.22257857
v -65.11689226 -107.21952015 50.12893371
v -60.80970065 -111.33471614 50.39838440
v -56.47964806 -123.51272023 36.64229595
v -61.98127821 -126.41066090 37.72326244
v -72.72204193 -122.20941826 45.23082860
v -75.72277470 -119.53395036 41.29381803
v -70.85383309 -104.40858486 39.70732835
v -59.99082455 -113.97764007 33.82911762
v -72.85682819 -122.46238056 35.65211582
v -63.52289006 -89.02814683 32.80647232
v -73.15266953 -110.40460349 54.83777806
v -70.79967938 -102.85601008 43.14597768
v -66.77035606 -95.43550291 32.72135153
v -69.23717456 -107.56446798 52.67031628
v -56.93424352 -122.03688571 36.60187526
v -65.39548181 -112.56672036 49.91521409
v -70.16325704 -104.77119362 38.83284672
v -66.37747861 -97.84484884 31.88163158
v -61.07668394 -122.51194224 35.74383150
v -63.65484421 -106.25133605 46.09847207
v -72.23389352 -125.17421793 43.98902043
v -69.39207926 -104.12802028 51.03435861
v -53.20835695 -121.96598895 38.06769179
v -84.44796385 -107.95623283 52.47329496
v -56.00600430 -98.72105323 30.37789807
v -63.08865325 -116.96361294 34.30683253
v -57.86382631 -89.99932667 28.81263163
v -57.99204564 -110.22386160 39.74313413
v -80.05750508 -113.79389691 47.63137081
v -66.38757707 -94.82868401 34.00935620
v -75.28932853 -121.47814790 37.63214623
v -72.46907893 -104.14948889 41.07425945
v -65.20796940 -121.36328108 35.73062409
v -68.44867026 -111.87808525 34.61202137
v -77.69865683 -106.93986587 42.84095960
v -61.48939017 -117.53117211 44.99307719
v -66.54024529 -92.87828890 26.01572057
v -69.99028225 -111.29840874 53.02456298
v -57.55729475 -124.76845248 38.72236743
v -65.51442742 -103.65830054 33.00619712
v -72.15706879 -114.83147838 37.78663848
v -62.49295292 -107.48021963 41.68866065
v -76.43096296 -102.54611520 47.42657339
v -85.97225170 -108.63900888 50.88813734
v -65.91253119 -112.34655315 50.26334231
v -68.09079208 -104.39847574 50.36218184
v -79.81092811 -112.29949260 45.90325502
v -75.76869588 -122.89421963 45.26337840
v -60.26636086 -108.44435670 40.09583982
v -61.43123279 -127.12571232 38.22140629
v -58.22916401 -121.60100917 36.31834134
v -57.43907515 -113.86811270 35.75539611
v -83.39688571 -108.87331209 48.32366540
v -73.56597212 -114.66232351 50.67995256
v -69.20166846 -113.22059992 34.94169236
v -53.09767861 -121.88927265 42.77283389
v -55.56449686 -119.04912220 37.51755292
v -75.41409859 -109.73425872 40.69541098
v -61.85629450 -99.92147498 36.64454441
v -65.80113701 -99.09648129 31.51598773
v -66.15457867 -86.36520898 28.22905082
v -76.39017003 -112.01669736 41.07765339
v -80.86544585 -107.92434203 48.33084634
v -62.03485901 -111.63065301 50.24012403
v -63.26047188 -128.35556821 42.09901866
v -63.98594079 -110.19603979 50.78663078
v -80.14647188 -113.97080824 53.57113663
v -68.88416221 -92.77442399 27.40599498
v -60.19414149 -123.94222193 35.96405050
v -61.33427134 -118.56606702 35.40494781
v -82.32507719 -109.66921781 54.18428467
v -57.36146694 -107.69117187 34.66099884
v -68.11430774 -102.84060928 39.28967952
v -76.42898763 -102.20522200 47.14393175
v -62.36670073 -106.96343551 47.43761160
v -62.93985862 -100.71472831 30.31402851
v -61.18359248 -102.63037598 31.06717002
v -69.69846378 -125.87053929 43.36619388
v -66.62272604 -96.93330976 32.73198572
v -64.87528602 -104.89773214 40.75840566
v -70.94703228 -112.91137998 37.52773046
v -53.32179255 -116.65423553 39.66377450
v -69.36290361 -92.03784744 27.82274177
v -74.81156274 -105.10658522 50.36444644
v -72.81341595 -112.91825788 52.92666435
v -56.77291966 -99.64451627 31.75816132
v -77.44857371 -108.76777030 42.22998153
v -67.21194553 -118.90942182 45.15106983
v -69.12315364 -113.84494523 34.52749867
v -80.25406824 -111.50574152 45.76807362
v -61.27881485 -100.50647000 29.38929492
v -63.63573439 -115.98596139 33.48895649
v -60.64278573 -126.26116843 41.15354825
v -52.55195504 -121.23072785 38.39734923
v -76.38471138 -114.75447940 52.43103470
v -73.36970353 -123.47987985 36.01273653
v -73.90253249 -112.29096073 54.14335733
v -62.81724098 -106.60295165 47.30526637
v -72.75418786 -118.45704756 46.78199553
v -64.06430666 -132.74597829 41.22745245
v -62.09005839 -122.95332593 35.88062615
v -71.24987399 -111.82629509 38.14274157
v -69.36390193 -103.51224069 38.80780930
v -54.86529221 -123.83507644 38.87093213
v -59.66667212 -115.84150359 34.92767902
v -77.77809355 -105.26637702 43.95509483
v -83.34218660 -109.90233121 47.34617869
v -84.44302745 -112.56966282 51.82911026
v -60.20806008 -107.59730763 31.84405192
v -75.10184138 -113.82250633 53.31974688
v -71.79515173 -103.85878323 40.96316729
v -54.72129735 -123.71289666 38.51817274
v -62.16362336 -89.78635316 24.34973579
v -73.10426477 -101.40587386 48.83495566
v -65.35113596 -103.32538354 39.51994358
v -72.80391348 -103.54835107 41.92943384
v -64.01460042 -88.37648037 32.52752873
v -59.48275358 -126.05124316 39.41144134
v -80.39098773 -108.68809432 44.63732332
v -66.22801838 -104.40333245 34.04476694
v -54.69216909 -123.54671523 38.15675682
v -66.15533806 -113.40607770 33.02974966
v -84.59561462 -109.81614471 48.29480075
v -66.46452092 -126.83872874 38.11392445
v -73.17164140 -104.27720092 50.76941488
v -63.03842120 -113.20454755 32.09430009
v -56.97481812 -110.61096081 36.58749458
v -66.41802108 -108.16566241 32.60800718
v -54.85998310 -114.75477301 39.45378649
v -54.05767690 -113.33534868 42.80053420
v -67.65594989 -99.34263765 36.23205239
v -75.07999535 -115.57124088 50.22779660
v -57.65652007 -124.07739787 36.18525864
v -55.12048430 -117.18200993 37.99778767
v -57.23477032 -110.69514582 38.80718107
v -80.71492501 -107.99117760 49.91680480
v -72.66405746 -117.22542790 47.40260456
v -64.42167149 -113.37912832 32.07269482
v -56.24082248 -112.45080807 39.13433561
v -62.94871848 -86.10055697 30.79804813
v -62.63392126 -100.34373047 29.82425488
v -74.59877587 -129.77345585 39.50590441
v -55.25986374 -114.07714598 39.41992515
v -71.72869232 -123.15586610 36.05711901
v -66.94721861 -91.44387407 26.29380109
v -66.56435262 -89.16063647 26.41658602
v -63.60857887 -98.44482221 26.93540678
v -53.90096019 -121.65792880 37.79158493
v -61.65071729 -103.79603001 31.47093859
v -65.51291343 -99.06735357 30.88821013
v -66.35824549 -86.63673300 27.55786532
v -66.47150997 -102.23340070 38.93707881
v -80.44448298 -109.11550607 44.75204401
v -65.07989602 -105.35994936 31.45790751
v -61.44514230 -106.53296764 31.38278283
v -64.97658636 -111.06994373 31.46059218
v -67.05781915 -103.94716563 35.33307628
v -63.79851611 -106.17605978 41.40988871
v -66.58234989 -110.29899016 32.69705689
v -76.71429123 -119.52143327 44.06677153
v -78.95333176 -104.94063341 45.39629816
v -78.59016281 -105.33445289 44.69485235
v -57.57062511 -107.92000892 34.11103263
v -83.45863903 -107.85555446 52.74407861
v -62.00142382 -87.35348454 32.09845962
v -63.43028174 -90.32240080 24.25505904
v -75.01629290 -113.53395245 40.43776476
v -51.41028707 -119.76331374 39.27646044
v -62.73401868 -108.98837115 50.08895752
v -63.64603991 -117.24994980 45.53789723
v -77.33288934 -120.50262324 46.49837008
v -65.85310425 -115.98560879 33.93465394
v -62.66325859 -96.49395565 25.36627508
v -76.12108841 -120.21033647 38.36306064
v -67.20745846 -103.88035565 40.86188884
v -71.62341795 -114.93559446 37.05807564
v -65.60223024 -105.46939724 44.42581323
v -56.32363986 -118.34291157 37.24753365
v -55.11739436 -99.06957591 28.20016786
v -70.04851890 -103.14652546 50.38487137
v -69.80538430 -103.75647315 39.25154818
v -73.63322518 -101.70194895 45.63065383
v -74.94024512 -123.00016199 37.97515163
v -56.61044577 -92.13304980 27.50493081
v -67.49268184 -133.04879841 44.14692876
v -75.08317778 -119.90096778 47.01290716
v -80.42688800 -114.97640822 49.55851612
v -66.55242671 -95.44735313 33.84389251
v -68.02912095 -105.75199691 36.52999011
v -76.95676242 -110.43444839 54.86909742
v -69.61774199 -127.93244323 43.40072230
v -65.44637506 -130.16153532 42.90664213
v -74.72520490 -103.84312965 49.45096774
v -58.11309933 -102.12134557 30.50326207
v -59.26720695 -108.95443976 32.44078342
v -62.10986989 -87.93342726 26.07183123
v -72.56210887 -103.31677894 42.10376588
v -62.87484545 -128.43416542 38.67010916
v -73.00038817 -131.26859461 40.14661744
v -72.04906567 -129.92207338 43.27180233
v -49.09599088 -117.37197363 44.70930759
v -67.09029487 -92.31328456 26.33250919
v -67.08655649 -96.45408794 27.31734788
v -74.11039985 -128.79294609 38.82203727
v -65.23740820 -105.19686800 41.46211279
v -59.74729336 -105.24503497 37.69620695
v -68.49478985 -104.75771437 50.98191919
v -65.99611723 -97.93071403 29.02004302
v -62.89591954 -88.27057028 25.32002456
v -76.29480045 -102.49702915 45.72625531
v -60.82883442 -123.10976914 35.75957204
v -59.18318408 -108.32487605 39.13677027
v -74.28961081 -102.01805709 45.14131816
v -60.32490744 -110.19583107 50.45156369
v -57.15243112 -124.52325417 39.72491979
v -56.29278105 -114.88195173 37.22778446
v -52.58840907 -113.40051625 45.86175064
v -64.39372561 -90.57052258 24.63088050
v -57.50897145 -101.12338148 33.13164559
v -70.76532237 -102.85883636 50.38904327
v -74.68383420 -116.15659171 39.75830151
v -71.77424482 -132.85797346 41.96115438
v -58.97789422 -125.51348159 39.66237007
v -76.94697917 -105.68271385 49.11061529
v -71.14446914 -129.71082999 43.71378577
v -76.60850643 -107.47644927 53.19086621
v -60.68250112 -109.14123525 31.65074332
v -63.76061285 -94.54054999 24.52206410
v -59.10504158 -109.97783909 41.39470792
v -60.95309143 -124.45425284 41.49910517
v -67.42369097 -134.65695233 42.75432936
v -70.96078654 -117.67980914 46.60521008
v -58.95049291 -125.17130741 40.33465674
v -81.46930514 -114.54542943 50.45668095
v -61.93404149 -107.97383404 41.92161466
v -74.90748106 -125.34805354 38.03966177
v -66.43660016 -102.72183748 39.28684865
v -66.41982358 -86.84527924 30.44340760
v -85.70940110 -110.57012761 51.75953826
v -58.32132782 -110.35942607 42.66601711
v -66.04047046 -134.27476847 42.98810526
v -65.45362083 -133.76335567 43.30447575
v -58.10973576 -99.15459495 26.51924921
v -73.81143966 -126.66670475 43.13928715
v -57.89779000 -124.70855734 37.03739335
v -56.67156280 -124.24483457 37.24611229
v -64.76274290 -124.81399260 37.19818792
v -67.86689431 -103.50593106 48.64050195
v -79.27698558 -107.00980663 48.31858970
v -78.73423914 -109.17935063 54.61515276
v -78.01923972 -111.72549429 54.83951269
v -74.94228859 -122.91551490 39.12625932
v -66.37870077 -117.29536075 46.04611660
v -81.28974924 -112.87740599 47.91276392
v -59.02467121 -108.48647486 32.57004934
v -76.59381103 -102.37996884 46.40041947
v -74.55043765 -101.59758097 45.95158901
v -76.21456025 -119.60728033 43.21666083
v -62.76328772 -102.32206065 31.22589708
v -59.26009042 -125.08494860 40.67018389
v -57.63654045 -104.04811863 32.58935638
v -54.21402488 -119.19295115 44.25687577
v -71.65375523 -125.49925247 37.21065408
v -73.48610735 -113.88882521 52.00331674
v -54.85375715 -123.24511486 37.66642391
v -65.21518938 -98.91894317 29.87930021
v -64.51210594 -102.39845441 31.89725626
v -79.53973830 -115.51677062 49.28755291
v -67.95553948 -111.19447499 52.11607389
v -57.99725792 -91.54769837 32.38636313
v -70.87706077 -112.15891498 37.71702821
v -67.66800420 -88.89621169 27.00474899
v -67.43093828 -102.92271186 39.51135425
v -75.52710039 -112.93527708 54.25244749
v -78.80408862 -104.43670839 45.99228687
v -76.74298645 -103.34202318 44.95685485
v -55.11461184 -95.82704379 27.21176633
v -62.16946220 -125.04605414 36.89168609
v -59.02203573 -115.05119546 34.92977216
v -52.52931112 -120.93168154 43.59074522
v -57.84347491 -103.75655811 32.03657593
v -58.08890107 -111.79827054 49.93574872
v -61.77616640 -95.88288424 25.10737910
v -65.70216354 -119.22056282 44.65171571
v -61.69818315 -126.52605502 41.54877150
v -52.62972810 -123.37130125 41.08660338
v -62.13385724 -112.46874353 32.03258989
v -50.51726516 -122.78988724 42.03869166
v -75.28752620 -121.09107660 40.09540489
v -62.92355828 -113.07740754 48.70644246
v -68.64677511 -91.26761952 27.14726374
v -73.74322881 -101.23874679 47.58162826
v -59.13552760 -91.55523869 33.09003642
v -62.32903299 -100.14937499 29.43905678
v -76.71022326 -108.44790332 54.55574731
v -60.10342636 -92.08464297 24.47841941
v -67.11796583 -104.35437153 42.21453330
v -59.80954563 -106.04589153 31.99819476
v -80.61083787 -111.68794440 46.31309684
v -69.32873554 -104.62041107 51.40385586
v -74.55357300 -106.27315395 51.78265434
v -70.19640998 -105.34793394 38.56747544
v -80.72181238 -112.62941129 47.24974508
v -77.36572326 -119.43959193 47.07946096
v -68.14153092 -103.67731837 36.72258689
v -74.93382346 -126.86181441 41.41512467
v -78.21017274 -103.80564948 46.47198951
v -66.63485277 -113.18929051 49.22062891
v -69.14677610 -106.37477694 37.44765222
v -75.01811503 -124.68571479 43.33338840
v -55.21734188 -98.73937123 28.75148674
v -75.01803810 -127.68565798 39.17055813
v -71.68595083 -109.53020167 54.33316275
v -63.79844218 -115.45086897 33.02967135
v -72.69028531 -125.75687361 43.87105926
v -84.24111191 -111.49301926 49.68740469
v -75.93185839 -122.77371239 45.00484907
v -56.71855769 -96.16552035 25.99491775
v -80.77920056 -108.28146012 44.96804865
v -82.11536416 -110.43211700 46.72305277
v -56.85253247 -111.39082783 50.11677981
v -59.88444322 -119.59621329 35.99060209
v -58.75165459 -108.47460586 38.89556844
v -65.05213592 -87.04282458 31.84165067
v -76.99795732 -114.65168445 41.67644614
v -67.99270875 -122.13453369 43.61784382
v -50.68248367 -115.66190041 43.90387453
v -74.69596229 -101.54366754 46.13295802
v -83.32317115 -112.84489243 53.35166683
v -63.93355934 -92.39790756 24.06228526
v -74.73202262 -129.02806432 41.10140981
v -61.24159556 -119.19217747 35.59168903
v -75.97238916 -119.87325950 39.38598121
v -74.82607945 -123.51066359 37.41557053
v -61.33499860 -107.85436955 40.59806237
v -65.42220780 -100.33098894 37.72309866
v -62.03512611 -86.67311592 28.43502144
v -65.00396275 -89.50159920 25.38069609
v -62.00262823 -106.37808757 31.19103041
v -80.15217793 -107.81035706 49.23213235
v -56.12204917 -115.58102598 46.54212841
v -55.71724779 -98.50606436 29.85444774
v -78.29155066 -113.68542633 43.68781741
v -61.52978608 -105.04441942 31.58613919
v -55.61347254 -113.52155041 48.15041746
v -57.67606406 -110.96735110 40.99521331
v -75.74010321 -108.52594723 41.02976373
v -53.83098263 -112.11570992 46.53928193
v -75.01930903 -129.33286985 39.75458602
v -66.60559621 -96.26390881 34.34066458
v -79.32482877 -107.77582430 53.60588395
v -77.52742413 -116.54192212 44.25490363
v -71.80501800 -107.67174168 53.29057932
v -68.27926624 -114.02103874 34.04932092
v -78.41182635 -110.81532826 43.10978246
v -67.91480870 -100.29027851 36.43045049
v -60.31666840 -126.82917355 39.02185385
v -59.51709062 -111.17868469 50.42684841
v -66.72441275 -96.81060065 34.76909780
v -67.45850130 -115.48473534 34.02310736
v -69.53459017 -132.20094515 43.91230363
v -56.66799372 -119.05949780 37.07351119
v -70.64718397 -104.91335363 39.15732122
v -62.93805314 -86.65492858 31.69080110
v -66.20621682 -133.07705991 43.82988213
v -53.35902358 -117.63933307 39.07380165
v -66.64292605 -133.53514588 43.96391831
v -72.50407008 -124.03532988 44.46179751
v -59.57216441 -109.20523931 32.34056083
v -57.29673117 -102.11234611 31.31222850
v -58.56536359 -107.42285747 37.90598520
v -57.81904134 -120.20833465 43.07542226
v -79.00619583 -113.07836808 54.72040744
v -78.40482676 -116.15720633 48.94368026
v -67.20874169 -99.59625245 37.09022990
v -74.72010330 -107.10453950 52.90831488
v -56.15064384 -122.62700774 36.75823662
v -67.59817337 -90.56352119 31.35797805
v -58.99431723 -98.72392912 26.33305613
v -56.52547207 -113.00302964 37.00103822
v -82.63869429 -109.01676075 46.96442492
v -66.04857225 -103.70736125 40.07257622
v -67.18551779 -98.88889432 34.96480962
v -73.82319182 -125.88897539 43.63925599
v -63.23024671 -126.14055191 37.63321609
v -62.05690581 -114.38309470 32.91405927
v -69.16929338 -103.27113413 44.97408087
v -73.66843704 -115.85422443 48.99547430
v -56.95756547 -110.81850290 37.85855648
v -66.26411076 -107.35816166 32.71571747
v -69.21597466 -103.36901040 44.05077844
v -58.10786429 -110.63629768 40.78100083
v -66.81041189 -99.86320253 34.11796949
v -61.72897303 -130.40692414 40.60987169
v -52.26747158 -115.75611491 41.53101914
v -62.59445116 -107.67751686 30.88000588
v -78.59078888 -116.05910775 46.99280749
v -60.62935765 -100.42829928 28.85346456
v -72.96626460 -111.58855424 54.29279810
v -79.08243812 -112.46615577 54.86262481
v -58.58747947 -89.14447594 31.46017801
v -57.16684049 -110.44044119 44.18565243
v -70.66265305 -108.84754708 53.61617434
v -59.39728870 -124.72126701 36.38810374
v -64.94976285 -133.60593390 42.07632350
v -58.26752404 -113.42319575 34.85381483
v -66.33900107 -97.56834271 36.07562956
v -65.08571249 -100.85464642 37.97331999
v -64.46239275 -105.37878158 47.68861839
v -63.34704367 -129.63442251 42.31646212
v -55.83048320 -99.09255837 29.79710954
v -49.93188463 -117.24999237 42.58651715
v -79.45200459 -105.21662293 45.91570524
v -57.35888297 -111.19621270 41.47341454
v -67.42775877 -114.29477133 48.17388608
v -64.27916737 -131.80396350 40.37359177
v -58.91624803 -89.85613353 25.83655818
v -65.61789471 -110.46534606 51.22131561
v -74.96523123 -118.31870138 38.56819542
v -73.60740656 -130.54295061 39.72057881
v -49.63348630 -121.87177194 42.24781662
v -59.02837372 -100.11744382 34.87590816
v -63.90629452 -102.67084652 31.64612888
v -71.37125576 -115.17795568 36.51213177
v -68.71998137 -93.63799927 28.40184660
v -61.61574591 -119.68006216 35.56546434
v -85.68536735 -109.96112436 50.66676250
v -61.48212985 -86.54900618 29.42201258
v -55.17726707 -114.91917916 38.79228280
v -60.17653035 -123.63136790 41.54148481
v -77.76861304 -119.43798409 46.75559291
v -54.46388758 -122.44254512 37.49941247
v -56.71358561 -111.60766353 39.24556125
v -61.77955371 -110.89964975 31.63746176
v -60.98282482 -87.96047035 27.05374711
v -58.27865081 -92.10032549 25.34766952
v -63.04550171 -106.91748749 44.52975751
v -56.36763190 -100.53897919 28.67038887
v -71.76979067 -113.99024389 37.81325880
v -51.38205614 -116.52758040 46.35708582
v -59.69632901 -107.51877819 32.07775988
v -66.81693587 -96.19737534 26.81580997
v -76.12036409 -118.57363464 47.58582832
v -75.72300366 -107.01741996 52.39355294
v -55.73360042 -115.37002250 37.88310665
v -60.62194207 -108.93927570 41.72090646
v -64.30527013 -103.79518912 39.55261012
v -74.32532134 -126.88475964 37.87807795
v -49.54743034 -121.09416743 43.67114556
v -66.68789462 -111.60181089 32.97341182
v -76.96477374 -113.30124668 54.37100474
v -75.10203244 -124.64564402 42.89916360
v -65.59246668 -88.80331798 26.00271466
v -56.03406682 -99.85932183 27.28840836
v -62.68092469 -108.60627883 30.90327900
v -58.40052135 -101.49813489 34.60781618
v -75.12506887 -116.67589857 40.13009831
v -69.27194838 -133.96639670 43.24310763
v -60.92269354 -106.57608184 31.54940549
v -65.55931595 -113.60907178 48.77356789
v -70.72879140 -103.82109537 40.16256289
v -50.05791380 -118.55025129 41.33879312
v -59.19815664 -109.79053805 49.89273897
v -64.39539335 -108.68360904 50.39354461
v -66.61801748 -134.49703993 42.97420060
v -57.90985362 -110.04501670 39.37316255
v -62.74732021 -110.42360311 31.32452154
v -75.03771328 -129.36064853 40.07444407
v -67.01708633 -94.23180086 32.47470440
v -82.39019101 -113.06194963 53.80305474
v -56.79008528 -111.71579498 40.28634835
v -68.60632672 -133.32825433 41.22892017
v -80.09921010 -107.48058597 48.06904688
v -51.67506484 -120.51991432 38.90316495
v -69.96396959 -106.37101139 52.46649247
v -57.62469972 -105.35435649 33.45139501
v -78.57944837 -112.12929649 43.51048541
v -61.37510515 -120.72009892 35.74626248
v -77.98761193 -111.10532345 42.67113602
v -77.04746100 -117.58235623 48.01996824
v -64.77215545 -105.91978951 44.09376299
v -62.81574089 -99.68955632 28.96531055
v -77.86792294 -103.63822575 45.73337389
v -54.08348741 -123.66794228 40.62688087
v -59.81361075 -102.91701822 31.04810605
v -74.67923682 -110.19830660 54.92518625
v -66.42001368 -97.17855266 27.32923663
v -61.77575532 -121.44372406 35.72253260
v -65.17590451 -108.85008879 50.70246984
v -71.82917916 -102.15676462 49.82896223
v -74.48426568 -106.33571623 41.02262697
v -49.88908838 -121.32317417 40.36540483
v -57.10245654 -111.78927218 49.88075331
v -63.10355199 -87.76705007 32.30918851
v -66.77699938 -114.25634633 33.63010042
v -57.99568039 -93.45921096 25.40126412
v -78.06949986 -112.88176666 54.73166957
v -64.61170319 -86.12706643 30.43753354
v -63.44923906 -106.82093600 42.83553192
v -56.41005052 -112.28297330 38.19799269
v -75.10250565 -117.42112752 39.70919294
v -57.31273408 -110.71815883 35.24217252
v -66.68192511 -96.57447953 33.93660583
v -65.64852696 -93.42198522 34.01648657
v -65.15946301 -105.60220621 49.36487895
v -52.80496713 -115.12466045 46.97617476
v -61.16703614 -97.02439042 25.58960581
v -57.80269474 -89.90538427 30.39336506
v -72.58066895 -118.60785487 34.84976248
v -63.25826074 -111.68630440 50.41189968
v -78.53693060 -115.63388975 50.44681225
v -63.49132366 -99.61170706 29.29403065
v -77.62422922 -119.85321613 45.79875233
v -66.65281533 -95.71715946 33.54587575
v -64.02124367 -97.00109597 36.03034900
v -76.70819578 -111.46223712 41.27669288
v -68.91972718 -112.17148132 35.20999470
v -57.66049407 -95.79397655 32.70349015
v -59.36982418 -113.77179501 34.17887088
v -59.32815536 -119.09357615 36.10270033
v -61.96492961 -107.30425813 47.88660555
v -63.37693486 -107.76779557 49.57337702
v -66.44621769 -112.18338993 50.65833020
v -50.14602518 -122.06931327 43.16269487
v -69.46041441 -131.55614257 44.06229378
v -73.35634843 -120.08007617 35.06654511
v -78.90341574 -104.61989035 45.72170970
v -62.31772163 -106.93358234 40.68063126
v -62.01686916 -118.94944281 35.34581447
v -58.12672740 -107.78683788 37.48323284
v -67.45053112 -109.94026013 52.11001827
v -78.80202638 -104.60746013 46.54525551
v -67.35102182 -114.44128928 33.83947576
v -62.00693465 -87.75160826 32.33329168
v -75.81011997 -104.63947642 49.21061948
v -55.32480239 -112.88593148 41.40691746
v -79.31974834 -115.12765280 47.98735195
v -66.75005089 -97.08874738 27.71681744
v -49.22235875 -117.03059406 44.44695996
v -57.31028303 -114.89250300 36.14916541
v -50.67711601 -121.41723267 43.62778696
v -61.49495153 -108.32665918 42.21107510
v -56.35377415 -94.38070936 26.23152165
v -71.73249919 -123.55211765 44.35335455
v -71.36167430 -118.36587123 34.54319276
v -61.61152035 -106.89866815 40.01196921
v -79.04296418 -110.26956787 43.66259347
v -60.45340872 -107.54432189 39.56685368
v -59.78406516 -120.23091398 36.07043204
v -62.40949162 -101.11422866 37.39556428
v -55.78599241 -93.78191000 27.76001368
v -74.88162660 -102.62254793 48.64496655
v -64.95889213 -105.12362274 41.12692476
v -64.45583746 -111.78291239 50.62743758
v -71.01204000 -103.64498110 51.10317159
v -52.99598459 -123.12588292 39.04308066
v -72.36161430 -104.52552708 51.33237373
v -72.10261815 -108.80049581 54.12324018
v -66.53807569 -88.70094826 31.75957796
v -75.94664179 -117.89839068 41.13151381
v -64.45812572 -109.66583238 31.00146705
v -57.71859340 -101.24148406 29.43278570
v -64.16817859 -118.28322682 44.90442534
v -75.02262652 -127.79612163 40.82865299
v -80.83079862 -110.77304500 45.86306666
v -60.37377898 -98.17638376 26.13781435
v -65.10864880 -119.56095843 35.10747128
v -58.97961000 -110.32964557 50.42166187
v -74.38800781 -128.57297269 41.79574539
v -83.34075106 -113.41633179 52.25765640
v -53.14446621 -123.56349250 40.49091262
v -60.10858377 -108.90831773 44.01529826
v -70.84731060 -105.56619706 52.22475654
v -75.59973329 -102.26625113 45.49967190
v -68.13471118 -94.12172130 27.23484675
v -55.27631918 -124.03668565 39.11419877
v -86.55490152 -108.78226191 52.39891918
v -65.51869608 -124.02071704 36.90763693
v -65.56847530 -104.86284069 32.64825639
v -65.20302347 -133.34406959 41.33695181
v -75.69914750 -121.50450085 46.75820843
v -65.21958476 -105.89304278 31.06423352
v -64.85031965 -114.19687777 32.44297377
v -63.17067928 -85.96449184 29.38929714
v -70.84317572 -111.82306762 52.71378564
v -69.62861975 -127.10041568 38.19162937
v -56.46347286 -112.47130983 37.61148923
v -58.46638910 -100.57706108 34.46066717
v -59.64176164 -125.72557386 40.62764099
v -57.47718142 -106.31819087 34.53366727
v -64.96763477 -109.48443507 31.05668811
v -59.30756412 -88.77619906 32.12302296
v -71.91853764 -131.05197242 42.92885438
v -53.92003562 -112.60907736 44.59557763
v -65.37378303 -86.39150416 30.88972356
v -65.82994964 -89.87885143 25.80066932
v -63.74118096 -132.66799646 41.96713995
v -68.88540120 -111.74826111 51.96034009
v -75.65755986 -101.86641345 47.22125935
v -78.93350718 -108.46381183 43.39552911
v -57.13156108 -110.68257319 35.56381782
v -78.72423143 -116.00011180 48.81245086
v -63.03799255 -105.43566662 31.05005771
v -63.54088137 -86.32468104 28.05021890
v -49.70587222 -121.66700076 40.99844312
v -73.34083031 -106.40972066 52.35224058
v -59.00435428 -88.71393587 31.71589484
v -74.75032387 -124.38441980 37.21710296
v -58.98897040 -97.23776196 34.15097852
v -59.07461903 -125.41052979 37.76429165
v -62.17510106 -103.44593529 31.39179857
v -61.00175432 -101.56645819 30.39612873
v -72.06364474 -103.17668443 42.02114883
v -69.66334470 -117.55334970 34.18136656
v -53.88764798 -115.00852734 40.47984283
v -75.36228774 -109.77830959 54.92677094
v -53.39184323 -121.28392466 43.18450360
v -63.92607848 -132.70332106 42.31981506
v -70.15438780 -103.09392948 42.79519714
v -71.97658017 -102.94436153 42.53809506
v -71.57265039 -127.43867247 43.59296132
v -78.33570639 -113.35798370 54.55165081
v -68.99381900 -109.97131679 36.57397592
v -68.91098314 -112.22781133 51.10500551
v -57.74294130 -124.29179157 40.52520438
v -57.79989249 -110.58446145 40.02850318
v -65.64573737 -100.96449657 32.53553829
v -69.61772180 -102.78506745 49.57037669
v -63.68114591 -104.47531526 31.30491694
v -62.11291648 -127.16874790 38.13340461
v -58.49612034 -89.00521106 29.43503059
v -71.54453738 -128.60039856 43.61925752
v -60.01497123 -117.59249527 35.50963668
v -50.88343103 -118.49097844 40.48269207
v -64.93745223 -120.14379576 43.88027718
v -62.32119851 -97.49775050 35.86626183
v -60.13713248 -126.90994856 40.77153298
v -50.34702645 -122.21214176 40.40767314
v -56.16757862 -98.76547630 26.48813306
v -60.89709063 -108.62958852 41.31042954
v -56.73264937 -114.10536672 36.65442983
v -58.33707831 -90.06640425 26.46925917
v -82.40682349 -112.34582371 48.40387116
v -75.00429865 -126.64603934 39.08831240
v -78.15126862 -115.13576216 51.87733203
v -50.16732249 -116.03728892 46.09899227
v -74.88068192 -122.21878922 36.99581241
v -59.82569566 -126.63394516 39.92088484
v -59.74638206 -93.54443949 33.75470570
v -72.83067730 -119.04311746 46.56205739
v -75.90036084 -118.60342154 40.98667547
v -72.52822330 -117.45728331 35.39382436
v -64.59785230 -106.11575358 42.88824993
v -74.58196145 -130.21236919 40.05266220
v -67.19848288 -93.04083419 32.21139439
v -67.81690676 -94.17143164 30.39069223
v -74.00617109 -103.35626473 42.97387900
v -81.43491472 -108.09802896 47.09309323
v -64.15295368 -110.56807037 50.90978772
v -82.56173992 -112.16348934 54.42150361
v -69.42972981 -103.32402484 40.75904813
v -73.82007746 -129.28171292 42.19650797
v -81.11532885 -107.94746001 45.35385285
v -82.50665879 -108.33236243 49.76449267
v -83.64414296 -111.09744524 54.10840142
v -59.72549529 -107.19042969 38.83117413
v -64.00337400 -107.35227161 30.46949254
v -66.10247406 -101.59722639 38.45086063
v -54.98618407 -96.64509145 28.20795074
v -54.66399850 -97.78528390 27.21021763
v -67.78335655 -88.98609254 30.31417563
v -53.82387841 -115.09006206 47.00586175
v -52.48536397 -118.26685613 39.33522720
v -76.91779962 -113.59251979 41.48411027
v -76.44681791 -115.78050839 50.40952236
v -74.22275541 -102.63691663 44.09931112
v -70.74397548 -103.05127049 42.31394341
v -63.90091506 -109.44917130 50.54014348
v -60.04302479 -95.01645656 34.27477358
v -59.70553317 -91.52012248 33.24329947
v -61.37727550 -110.91732522 31.74361795
v -65.42308036 -86.27448949 29.69382475
v -49.41743133 -120.05888821 41.79307002
v -60.29417191 -128.11193104 40.79577566
v -81.96482404 -113.62490210 53.16588969
v -75.14103485 -123.18420020 45.35856996
v -63.74380534 -105.98700040 41.05449632
v -57.51464114 -98.97867719 32.97071189
v -73.44150502 -102.60786355 43.83416122
v -62.03472749 -122.75835491 42.06854644
v -62.62668087 -125.48518510 41.75103055
v -76.18485678 -119.23247492 47.38976056
v -67.35502659 -120.86822043 44.06574540
v -66.58094025 -98.56450388 36.62907686
v -55.36069036 -113.17524200 40.71271219
v -81.96383335 -108.09828871 50.50977934
v -70.20969035 -102.34348270 49.46097226
v -63.71685842 -93.11691933 24.02072378
v -58.26371362 -103.94904595 31.83875219
v -59.14023128 -93.81847798 24.91377551
v -63.06694233 -104.61694095 31.30357828
v -85.66850214 -108.90013521 49.74167686
v -77.11186514 -112.32268161 54.72430874
v -66.53729251 -109.42558509 51.41859653
v -63.57084613 -90.87724089 24.11595437
v -79.35262625 -105.98416075 47.17868055
v -59.16438932 -118.22295104 35.97522053
v -50.40734643 -118.47959176 45.57345594
v -83.47629473 -113.13415164 50.07174980
v -68.57044203 -88.39978240 28.35748569
v -57.53715846 -109.79974325 38.29832254
v -58.14619060 -123.58646836 41.15367486
v -58.24899477 -105.07813994 35.69744931
v -76.78920658 -110.53855920 41.47077865
v -67.99755193 -103.64416897 41.06073195
v -55.60097662 -99.86711484 27.94472050
v -56.20828356 -113.94841659 47.83912081
v -57.33864997 -118.41296787 36.74985503
v -65.82894337 -87.93210809 31.88516467
v -63.85599064 -106.50828886 42.31991544
v -64.08045366 -100.82334164 37.79785884
v -65.85914935 -107.41776912 31.64200025
v -72.85827780 -129.96489617 39.36336994
v -56.39483865 -124.06541895 40.45853815
v -75.94046347 -117.20930915 48.40916219
v -71.89734796 -125.77932331 43.80600474
v -74.56668948 -108.69290134 54.80297426
v -66.68800914 -104.75886754 44.99668349
v -79.01115720 -111.08779005 43.83209600
v -64.36602635 -111.01049905 50.99382045
v -71.37297622 -104.08622337 51.37476694
v -70.02239554 -103.16449633 41.97305191
v -57.85374643 -122.92064342 36.13190629
v -61.76119217 -124.28575655 41.73378918
v -57.38233297 -124.49186234 40.14265897
v -70.97465621 -133.03666849 42.84945836
v -67.27860707 -134.59143330 43.07570047
v -74.23229388 -119.43007272 35.58194966
v -62.63174758 -119.55211489 35.39423554
v -65.66775515 -111.34152853 51.08800563
v -76.39376404 -103.54807299 44.37871813
v -59.15074024 -109.82802650 40.83035466
v -50.07430181 -121.64250618 43.54278095
v -74.30849564 -115.25920059 39.70018085
v -56.72564889 -124.35522010 37.60785593
v -57.23951784 -94.74520141 32.10692429
v -59.25609357 -123.65983796 41.34807690
v -62.07476627 -107.86607538 42.42104082
v -62.68024629 -107.35924846 43.03393586
v -62.37424452 -111.94117265 49.94708942
v -57.20332117 -100.56627747 27.82157681
v -56.66081567 -100.39301764 27.74927160
v -58.92280521 -90.20513087 32.63597019
v -67.66852879 -133.71300482 43.94615443
v -70.01886833 -112.41229855 36.72925071
v -57.53788575 -90.39804433 29.95637635
v -63.16956923 -119.99401019 43.47681959
v -58.46804531 -120.08194182 36.49863844
v -63.09580780 -107.03848145 41.84710808
v -65.03958423 -104.12372378 32.23240346
v -74.53421128 -124.48919143 44.48201853
v -65.20806578 -90.85948247 33.28086020
v -59.70869601 -109.02625263 49.16206825
v -76.07247443 -117.65910140 48.05743715
v -61.51192248 -103.08232396 31.27101268
v -68.59318433 -105.31075724 51.41877729
v -71.35393799 -108.20684128 53.53375827
v -59.27576179 -109.79744859 42.77642416
v -56.08196182 -113.63361461 37.90768302
v -58.21681745 -100.88873721 28.61411150
v -58.51430212 -123.02073728 41.53579202
v -70.61853441 -120.60376854 45.13589863
v -74.11263810 -122.26503278 45.72595724
v -71.29905617 -104.04120927 40.44448496
v -68.41525918 -103.35409702 46.96167915
v -57.12583350 -109.94615010 36.97197754
v -67.52421245 -123.24201950 36.49659060
v -60.80073598 -126.95296352 38.53139951
v -65.21733760 -86.66277733 27.36570198
v -66.87657944 -120.31003341 44.25955826
v -62.71150643 -94.05558026 34.58006647
v -61.10208292 -103.91340114 31.53594671
v -73.68664905 -127.58494520 38.14255352
v -58.25153330 -90.57272005 32.26816439
v -57.54374325 -117.41390684 36.53235760
v -76.95741180 -116.57238255 49.08804598
v -63.40081751 -100.14134735 29.93759366
v -55.73579792 -97.97160609 29.99848499
v -66.55558501 -132.27357328 40.48407299
v -65.21717547 -102.14744862 38.72311933
v -69.64724719 -109.60862369 53.43544840
v -65.82708402 -109.50594717 51.13245301
v -70.18674038 -108.16850308 53.18090568
v -59.83434354 -88.04968498 28.56209534
v -75.27370470 -101.95209110 47.85828134
v -72.00651419 -132.63629314 41.59625138
v -68.30939322 -105.26812788 51.20840000
v -58.68411710 -104.01451709 31.66061467
v -61.24972903 -126.42665891 37.77716477
v -54.75797286 -118.85699886 37.88298813
v -57.38268094 -109.09911586 36.92913034
v -63.84878806 -87.44611900 32.21324702
v -60.07696264 -90.61621072 24.70914593
v -56.71576590 -110.32437102 45.45810329
v -58.42996303 -98.14767870 33.85902462
v -76.28874147 -108.53380111 41.38314594
v -68.23645460 -102.03119016 36.83711433
v -56.42981850 -92.82407725 29.83794244
v -56.59897076 -112.82590264 48.81552235
v -64.69364534 -96.90384801 35.99962793
v -67.39201338 -93.58706795 31.73012577
v -67.14604877 -96.03463747 30.12840533
v -55.47067977 -123.02760619 37.06059201
v -63.96224196 -117.99624955 34.71026605
v -74.84491060 -124.60753878 43.99681729
v -84.91622703 -108.49873464 53.19961472
v -74.04447894 -111.74700636 54.45688420
v -74.44303368 -104.44909285 50.13894113
v -67.59840687 -110.68921360 33.80440725
v -57.75146377 -120.41265022 36.67154217
v -65.88453802 -86.56825389 30.29604860
v -59.36130052 -105.90173507 37.76923100
v -73.38548025 -118.05617803 47.17872900
v -75.16149149 -115.71751084 40.40047583
v -65.15241248 -98.37387566 28.29705242
v -61.08725966 -110.62637742 50.61073298
v -57.15072909 -101.83068112 32.03800338
v -78.77390073 -105.92375135 47.71573084
v -72.47106950 -131.75577561 42.16868856
v -59.99529780 -105.65539382 38.16657344
v -79.78806560 -105.87228141 46.28564164
v -81.86229251 -108.44713182 47.60422589
v -70.49076909 -106.51726630 38.46995010
v -57.11708970 -110.57692930 50.11587119
v -60.45772134 -101.28306408 29.98681758
v -67.65557540 -104.93960304 50.49459263
v -54.67200836 -113.99057099 40.56222882
v -62.35063831 -129.59546248 39.33875221
v -75.43893178 -121.25013286 38.61551532
v -67.48360178 -92.83422370 26.59674022
v -60.23506621 -88.86597945 26.02931904
v -72.96789533 -101.32824752 46.95600188
v -75.38515264 -120.82848836 37.11725472
v -62.32389257 -107.42664169 44.05721836
v -59.79777336 -102.07666070 30.51516044
v -65.15069099 -108.16068647 30.87482192
v -59.08529510 -117.44141518 35.80181691
v -72.44055253 -114.27350840 50.13728696
v -55.17695455 -124.01514274 39.60676696
v -68.21453541 -87.95060722 28.59621651
v -58.20400283 -91.95924986 32.67046470
v -67.28541644 -104.18110343 45.96611249
v -74.64387863 -123.94284428 44.84542103
v -61.96102199 -98.60902666 26.77988568
v -74.64736577 -128.24375683 38.79036200
v -50.86824133 -119.20460185 45.08157489
v -62.88360870 -126.88361205 37.97230953
v -75.59457678 -104.39311676 42.97605262
v -78.91460317 -112.14911875 44.09030105
v -73.56999483 -107.54843158 40.15174790
v -60.23685569 -125.61276549 37.21424007
v -60.41365151 -128.63747258 40.66309830
v -56.50367247 -111.69201882 42.12762164
v -70.51288228 -113.48985224 49.56577727
v -73.56794405 -117.56160369 47.54604433
v -62.51072408 -119.22003975 43.85434939
v -83.74014220 -107.97404589 51.65006110
v -71.69201312 -132.13147167 40.74260584
v -67.14330445 -117.59674428 45.97408327
v -62.94482349 -123.73664058 42.02048306
v -56.93733602 -91.64782337 27.09702787
v -68.28186949 -109.15806126 52.51645506
v -77.46715969 -107.12172410 50.92813708
v -59.77219368 -88.49574826 27.54074701
v -75.76863911 -120.00141297 37.74036425
v -55.49729591 -110.71900624 48.30922964
v -74.01151603 -116.84926186 38.47281371
v -56.41542713 -123.98796458 37.12530571
v -72.62134480 -126.30567571 37.46719490
v -73.81498226 -105.31565134 41.07383155
v -49.12382098 -118.02940055 44.71357301
v -70.56927797 -104.25027010 51.55075702
v -69.39690040 -128.83625881 43.49278494
v -75.83576443 -113.53674610 53.94162510
v -63.61257586 -88.19161076 25.48456418
v -78.92043695 -115.38258023 47.44977524
v -77.87986838 -106.77239436 49.58998475
v -62.09512185 -130.83759898 41.73957306
v -59.57268261 -106.27596893 38.21150044
v -55.11639283 -96.06809241 26.89917086
v -62.25814126 -97.23805681 25.76319550
v -72.94659371 -119.79358913 46.31469882
v -77.54173216 -114.05067907 42.13834523
v -70.94816383 -106.11613504 52.46405426
v -72.82046007 -105.60802336 51.89067577
v -50.17135276 -117.20878092 46.09803408
v -55.97485695 -111.03017981 49.44691612
v -57.45044653 -101.40073892 29.85907023
v -62.69372658 -91.57919655 23.92853672
v -66.88096213 -86.80236324 29.10814051
v -62.45356454 -104.22916177 31.41995274
v -64.16249190 -101.91881457 38.39206621
v -82.33815025 -114.06323536 50.82924390
v -73.70353570 -108.68638759 40.05186236
v -50.23757288 -121.02650629 39.85826129
v -66.38107565 -110.51124378 51.53269876
v -69.74648881 -102.93298323 44.94903000
v -53.45812753 -123.35579483 41.20782174
v -77.35757137 -117.89029553 47.72598021
v -53.39754057 -116.00949421 46.46022433
v -69.94881369 -128.72196064 43.58083602
v -55.97817754 -115.52753491 37.57619431
v -65.52102645 -112.04009112 50.66452797
v -72.72649219 -107.19048848 53.08836618
v -68.34712891 -117.13813986 34.15275311
v -77.74054199 -117.61955135 47.58750595
v -73.48325660 -131.06077976 41.45818377
v -55.63895540 -111.83392634 43.42619771
v -76.02648559 -122.29693733 44.13159578
v -64.12405425 -123.64453806 36.58820519
v -57.88984141 -124.47185369 36.61884062
v -73.17040437 -116.48307536 37.58134703
v -64.25585862 -85.99087063 29.74186370
v -67.60313628 -90.09428080 31.18486870
v -58.01915949 -97.92993799 33.40043142
v -75.45404484 -117.59618223 48.08182412
v -74.38536803 -127.41881522 42.21324216
v -70.12575491 -102.21879440 48.18360949
v -59.17341269 -108.72962752 47.39140108
v -52.33434013 -114.69772871 43.01412588
v -84.55275474 -110.52589635 49.14870966
v -66.41824066 -106.38710227 50.52628288
v -63.01841647 -95.99817459 35.46535917
v -61.69084790 -101.83938886 30.71307145
v -59.73769196 -121.65210278 42.21957769
v -58.76497261 -115.52804156 35.28007638
v -82.83715669 -113.80346316 50.24011267
v -64.07776792 -94.21591748 24.51210971
v -66.34569001 -100.70304109 37.91405553
v -71.66207850 -124.46624890 44.06269531
v -61.06506440 -108.41269428 43.49245627
v -62.48642265 -121.40059127 42.66525980
v -66.61312690 -99.54588654 33.58880101
v -60.46448509 -100.76731433 29.35804879
v -60.47438820 -126.02734987 37.64091628
v -64.16874357 -133.07434367 41.82178724
v -64.43851929 -99.97280263 30.45356430
v -73.10420605 -101.46810669 46.30206565
v -65.22455283 -133.32990255 43.41440538
v -76.13906220 -118.01858286 41.61643821
v -72.62850740 -112.33411370 53.46232277
v -75.77094926 -120.28631163 42.58661849
v -67.81654371 -89.45594985 30.57653642
v -67.10091105 -103.82022803 48.29007383
v -73.21231933 -129.46911822 42.67476556
v -55.81761237 -110.79957375 48.91617704
v -68.59755843 -103.76409429 49.99247754
v -84.08794600 -108.86594400 48.88783835
v -72.74169951 -115.62699165 48.70553882
v -81.84136049 -108.41678980 46.42759115
v -62.74915691 -111.83417151 31.71894140
v -70.86375932 -133.39936378 41.76189970
v -67.85432427 -103.93994531 41.94481161
v -68.82103935 -88.70567092 27.72407315
v -61.55549988 -108.16899175 42.95690517
v -51.51225287 -115.83051394 46.57896498
v -52.17587742 -114.19034331 46.92754890
v -61.42503239 -130.09767012 41.30231355
v -58.37005522 -109.82001535 49.57435030
v -69.02409830 -89.30482479 28.16189039
v -78.14929481 -117.70684680 46.89022334
v -79.12076624 -113.32486282 45.60431383
v -83.93067628 -109.45392016 53.76726357
v -64.01702449 -91.99501939 33.75902754
v -67.27639239 -98.61208172 35.41533008
v -72.27724420 -110.35527211 54.77209311
v -65.19655873 -87.75334887 32.09546250
v -58.34658849 -108.54249354 38.50247346
v -80.20403125 -107.08771881 45.02731637
v -77.75664258 -114.38827084 42.76134202
v -78.70574647 -111.00616709 54.82391273
v -75.21165668 -122.51161803 41.25187836
v -68.10590429 -103.78921678 45.84552552
v -66.68036741 -97.43369692 33.44999571
v -79.65160994 -109.95818770 44.19925224
v -69.19260906 -102.81150150 47.65433798
v -81.75302133 -110.17674670 54.43207400
v -78.38325364 -113.94027087 44.27504319
v -74.67487635 -125.71945068 42.88146409
v -64.58096707 -105.36219351 48.23259341
v -67.39551686 -87.31844654 29.29287990
v -62.98125097 -93.72698737 24.18918515
v -85.50272283 -109.28690106 49.23886199
v -78.72299203 -106.43565310 48.21510639
v -66.58939808 -133.05543511 40.97255860
v -60.18821966 -109.21410071 31.90937963
v -64.96805836 -107.41743917 30.60892674
v -74.94607995 -114.09938117 52.92555305
v -75.82490454 -112.51042929 40.84244246
v -55.49122266 -96.17233650 26.46731105
v -72.04566052 -104.56577602 40.51790728
v -57.97022924 -106.91065070 36.50580524
v -71.48276452 -121.42442891 45.08026776
v -66.51232847 -90.43731887 26.16867310
v -62.49051386 -105.82865886 39.93050768
v -66.52254669 -93.00045743 33.15643438
v -57.51026788 -122.08289630 42.03422101
v -63.56365753 -108.54822317 50.09399563
v -56.55549761 -124.39178905 38.89906579
v -81.97738750 -114.06273119 49.43305596
v -56.75482706 -94.67059643 31.41131189
v -59.96132740 -99.91379630 27.64781741
v -67.14255548 -111.01109617 33.30020717
v -71.56652920 -113.41787419 50.52238396
v -68.44098291 -111.30388728 34.94355377
v -71.82989827 -107.09071060 52.95258672
v -69.91154183 -102.86701242 50.03732053
v -60.83739397 -92.60461526 24.22469529
v -68.84774028 -103.60250310 43.65024155
v -69.30387870 -90.57481469 28.15230427
v -72.84162638 -124.10359518 36.32589605
v -61.47759321 -86.49925038 31.03770745
v -60.77606428 -118.15476364 35.43965416
v -57.90882342 -123.78866073 35.96156210
v -55.89237507 -123.09351105 41.37284967
v -82.60995741 -113.76222054 52.04469876
v -56.26877953 -122.17793759 42.02644345
v -65.38279436 -115.82427406 33.78496958
v -63.07877949 -101.37427519 30.80354228
v -75.12687194 -121.84806461 39.11581259
v -60.91966356 -117.45735445 35.11556339
v -78.71661984 -106.14887409 44.19515807
v -57.34609089 -92.92344412 31.88444556
v -65.14888048 -109.17491857 31.10876081
v -67.94326582 -112.88853058 33.86322682
v -55.09378053 -110.98243790 46.96927484
v -85.35218299 -110.93172128 51.13763512
v -56.69699075 -94.73134294 26.02997399
v -67.12120974 -100.73280038 37.84334453
v -70.12382868 -109.83700574 37.63219668
v -70.14344445 -111.81295596 37.11750378
v -60.44959447 -111.71119227 49.96896014
v -66.70675222 -96.23324123 32.54012948
v -71.46217901 -102.20446349 45.06965832
v -77.06864721 -119.00089375 44.47808619
v -59.10618238 -88.25733381 31.15337532
v -59.76014543 -87.49732228 30.18211013
v -65.99654559 -98.16960350 30.59380345
v -80.62411633 -111.41234724 54.76680603
v -64.85905080 -94.63775125 34.82215923
v -69.56271776 -133.62542360 41.55473131
v -77.98100495 -108.02686872 42.71299116
v -66.57995851 -104.45620708 46.46165520
v -75.12816929 -121.84952920 39.96485734
v -62.98772616 -95.05038359 24.69025697
v -66.60363764 -124.85731963 37.31214722
v -51.01515165 -119.78713538 39.50842411
v -74.39914006 -110.64648475 54.84969461
v -65.80232910 -98.29268365 29.81835549
v -74.28742065 -123.05409942 36.18297400
v -67.44566905 -96.17110475 28.77145192
v -52.61973918 -113.53399174 46.78051289
v -61.04537271 -120.48531679 42.90572537
v -74.27171774 -121.47810378 46.19885430
v -73.30560799 -127.12844059 43.23199529
v -64.43916782 -132.71496166 40.99011586
v -56.68934709 -115.76541712 36.88441958
v -60.54444381 -93.74458886 24.49741276
v -64.38241841 -107.71667668 30.47112066
v -68.26488368 -94.71446739 28.67266853
v -64.29523641 -100.48396218 30.82537713
v -78.72647317 -113.66032840 44.91648829
v -73.43028678 -108.83604429 54.61696950
v -63.77867106 -105.92516255 47.62007486
v -68.43783009 -102.18460665 38.15852534
v -54.45801789 -117.76722247 45.12901331
v -65.69643101 -124.52776025 42.51819538
v -56.56995155 -98.19579365 26.27310209
v -59.83384535 -117.96825096 44.63413622
v -52.64559302 -115.75091464 46.66436990
v -68.62117162 -102.90881079 39.11309196
v -85.12856908 -109.52661361 48.71371055
v -61.57179002 -108.03636967 48.82192413
v -61.98776373 -93.85861481 24.28194425
v -72.26222499 -120.82517196 45.62799363
v -82.25138235 -107.75395094 52.85147617
v -70.65716353 -113.95634160 49.07366680
v -57.58833617 -104.39215992 33.46791187
v -75.67614267 -120.88058695 38.58143822
v -78.36979696 -104.39688935 45.29437768
v -59.41711682 -108.00428446 32.31374972
v -67.70662558 -134.25884657 43.56738609
v -68.34794098 -130.87396745 43.78778510
v -64.14383740 -97.41890574 25.95369642
v -57.89990965 -90.47745695 26.88284215
v -67.13084794 -89.67197702 26.60881938
v -69.09388120 -134.07258063 41.96305125
v -68.22532877 -102.46892053 38.76522561
v -77.92186075 -116.12509306 49.70149843
v -58.43643245 -99.30527897 34.14710249
v -69.34066135 -111.41107081 52.53337575
v -56.48363820 -99.52344660 26.75686288
v -70.91976250 -115.59820176 35.21153076
v -56.65264748 -111.96516833 37.04903777
v -80.48044936 -113.48423412 54.32584010
v -68.13783538 -114.55166107 34.04131874
v -75.19738078 -117.00554549 48.50678801
v -63.56016571 -93.71415119 34.44523220
v -66.14884751 -87.04081939 31.13614598
v -80.77123548 -114.01988484 53.04756441
v -80.37058150 -106.76731606 46.51358455
v -73.76140562 -124.47312016 44.50305444
v -61.57014159 -110.97965424 50.61788790
v -67.38018602 -102.58458405 39.16900463
v -80.13909166 -106.26489029 45.66415005
v -59.56883801 -120.94171803 36.09849368
v -64.26299007 -101.98259487 31.61737667
v -81.00383297 -114.20273207 52.44954872
v -54.86941007 -122.92557001 41.65055149
v -65.56754715 -98.19132860 28.61941421
v -75.21865290 -127.65283486 39.93284791
v -60.13721462 -125.96633007 37.85909820
v -70.45137492 -125.58751390 43.52133205
v -79.64180924 -106.40661616 44.79985633
v -57.73791079 -106.62913229 35.65252141
v -70.32802824 -102.52040705 45.74023044
v -60.67239452 -88.49320963 26.35796549
v -82.06257054 -111.73465346 47.65379609
v -69.89151310 -104.50890032 51.52992737
v -73.34841374 -105.27334400 51.43855604
v -75.06514241 -122.60838065 40.21934285
v -77.03008479 -111.46744805 41.49068117
v -65.77265052 -96.53492572 35.67469467
v -78.50656312 -107.21806442 49.71740401
v -64.67902588 -94.46446037 24.76385018
v -60.83634909 -90.37885955 33.13543783
v -58.44390947 -110.02440323 43.46559111
v -57.51150398 -121.41673911 42.38496386
v -68.99077575 -103.27556609 40.27428220
v -67.82089420 -93.00947656 31.04209579
v -67.18225386 -124.08381479 36.94881615
v -63.15576070 -127.16854404 41.97687118
v -70.22817954 -110.62254327 37.52210489
v -73.69188224 -113.79612376 39.48661016
v -84.80381206 -112.09475407 52.19036280
v -80.65117333 -109.86039065 45.18523327
v -66.51657745 -98.77593673 33.12967212
v -65.28995540 -131.63805154 40.15165487
v -55.23890456 -96.85172332 28.94162440
v -60.10143258 -108.58936494 44.80912658
v -62.39233348 -105.42080780 31.23644974
v -66.63539226 -96.81451312 31.72856188
v -58.67494823 -91.97930022 32.97562563
v -59.97794593 -93.40206558 24.60595600
v -63.45247024 -103.68601291 31.48924307
v -59.51613934 -119.30144046 43.71546179
v -65.75689419 -133.68759063 43.69310632
v -52.09817375 -114.55731807 46.96226067
v -72.16377564 -107.04245531 39.47921147
v -58.40045427 -111.45820151 33.97165966
v -73.59673586 -118.95733715 35.25963992
v -74.66909555 -122.61918800 36.52603579
v -72.48812625 -102.48100897 49.93971849
v -57.54251519 -103.19092506 33.32699007
v -66.93632295 -131.48964891 40.06456944
v -65.88174715 -105.27610176 42.92071271
v -75.11132720 -121.90382555 37.96456120
f 1088 359 1708
f 1708 640 1088
f 1708 582 640
f 1708 2974 582
f 359 2974 1708
f 359 2346 2974
f 2346 1504 2974
f 2974 1504 1053
f 672 1504 2256
f 1504 469 1053
f 1053 469 1606
f 1504 672 469
f 469 672 813
f 582 1415 640
f 1415 582 1564
f 640 1838 1088
f 2974 1564 582
f 359 1772 2038
f 359 1088 1772
f 2038 2346 359
f 1564 2974 1053
f 1564 1606 1821
f 1564 1053 1606
f 1976 1821 1606
f 2346 2038 1660
f 2346 1660 2256
f 2256 1504 2346
f 2256 507 672
f 1247 2799 2532
f 507 882 672
f 469 2799 1606
f 2799 1729 2532
f 672 882 813
f 469 1729 2799
f 813 369 469
f 469 369 1729
f 882 3118 813
f 369 2779 1729
f 813 3118 1258
f 813 1258 369
f 369 1258 2779
f 3118 284 1258
f 1258 1896 2779
f 284 1769 1258
f 1258 1769 1226
f 1258 1226 1896
f 3080 1409 2404
f 2404 1409 599
f 1409 3080 1415
f 1409 1564 599
f 242 640 1415
f 1564 1409 1415
f 1821 2391 599
f 1838 2055 1088
f 640 242 1838
f 1564 1821 599
f 2055 1772 1088
f 2391 1821 1976
f 1660 2038 1889
f 1976 1606 2799
f 2799 1247 1976
f 1976 1247 1732
f 507 2256 1660
f 1732 1247 392
f 1247 2532 392
f 2877 882 507
f 1702 2532 2623
f 2532 1729 2623
f 1729 979 2623
f 2693 882 2877
f 2779 979 1729
f 2693 3118 882
f 2693 284 3118
f 1896 979 2779
f 2335 1769 284
f 2335 1226 1769
f 1226 979 1896
f 1188 979 1226
f 2335 3217 1226
f 1226 3217 1188
f 2404 1348 168
f 1348 2404 2097
f 168 684 3080
f 2404 168 3080
f 2404 301 2097
f 48 3080 684
f 1415 3080 48
f 599 2391 2404
f 2404 2391 301
f 242 1415 48
f 242 48 2061
f 1772 479 2038
f 2630 2391 1976
f 1976 1732 2630
f 3095 1660 1889
f 1732 392 2630
f 2630 392 1157
f 3095 507 1660
f 879 1157 392
f 392 1702 879
f 2532 1702 392
f 3016 2877 507
f 1613 2623 979
f 979 1188 1613
f 1198 284 2693
f 2335 284 1198
f 3217 2335 1250
f 1201 1348 2308
f 1348 1725 2308
f 1883 1725 1348
f 2097 1883 1348
f 1348 1201 168
f 1883 2097 87
f 1201 684 168
f 301 87 2097
f 684 286 48
f 3322 301 2391
f 87 301 3322
f 87 3322 3036
f 2061 48 286
f 2648 1838 242
f 2156 3036 399
f 2055 2467 1772
f 399 3036 3322
f 2630 3322 2391
f 1889 2038 560
f 2630 399 3322
f 1157 399 2630
f 3069 399 1157
f 1157 879 2989
f 3069 1157 2989
f 3016 507 3095
f 1702 2623 1394
f 2790 2877 3016
f 1394 2623 1613
f 2790 2693 2877
f 1188 3217 1613
f 1211 2335 1198
f 1211 1250 2335
f 2308 1139 1201
f 1883 2099 1725
f 1215 2099 1883
f 87 1215 1883
f 1215 87 3036
f 1215 1558 1421
f 3036 1558 1215
f 3036 2156 1558
f 242 2061 2648
f 2648 2341 2055
f 2055 1838 2648
f 2055 2341 2467
f 479 560 2038
f 560 1632 1889
f 399 3069 2156
f 3095 1889 1632
f 2105 879 1702
f 2433 3016 3095
f 1702 1394 2105
f 2433 2790 3016
f 1394 1613 3242
f 2693 2790 1198
f 1927 3217 1250
f 1927 1250 257
f 1035 1211 1198
f 1035 1420 1211
f 2308 1725 695
f 1139 2361 1201
f 1968 695 1725
f 1968 1725 2099
f 1421 1968 2099
f 1215 1421 2099
f 684 1942 286
f 2648 2061 2533
f 2791 2341 2648
f 2467 479 1772
f 2156 272 50
f 3069 272 2156
f 3045 3186 1632
f 3095 1632 3186
f 2989 934 272
f 2989 272 3069
f 2989 2105 934
f 2105 2989 879
f 3186 2433 3095
f 2105 1394 3242
f 1035 1198 2790
f 3217 985 1613
f 3217 1927 985
f 2559 1211 1420
f 2559 1250 1211
f 2308 1748 1139
f 695 1748 2308
f 1558 977 1421
f 286 1942 2533
f 977 1558 836
f 1558 2612 836
f 2533 2061 286
f 2156 2612 1558
f 2648 2533 2791
f 2612 2156 50
f 50 272 919
f 1632 560 2905
f 2905 3045 1632
f 1560 272 934
f 934 2105 3242
f 2170 2433 3186
f 18 2790 2433
f 1613 985 3242
f 638 3242 985
f 18 1918 2790
f 1918 1035 2790
f 1035 379 1420
f 1250 2559 257
f 1766 1748 695
f 1766 1010 1748
f 2361 684 1201
f 2998 1968 1421
f 684 2361 1942
f 1421 977 1557
f 644 2791 2533
f 50 2837 2612
f 836 2612 2837
f 3199 2341 2791
f 3291 2467 2341
f 2467 1762 479
f 479 3159 560
f 560 3159 2905
f 293 919 1560
f 272 1560 919
f 916 934 3242
f 3304 2433 2170
f 638 916 3242
f 2433 3304 18
f 18 3304 1918
f 1918 379 1035
f 257 9 1927
f 1420 869 2559
f 1333 2361 1139
f 1748 1333 1139
f 695 1342 1766
f 1342 695 1968
f 1968 2998 1342
f 1421 1557 2998
f 2413 644 2533
f 2413 2533 1942
f 644 213 2791
f 1622 836 2837
f 3291 2341 3199
f 3290 2837 919
f 50 919 2837
f 3165 2905 3159
f 1560 1280 293
f 3045 2905 332
f 1560 2826 1280
f 934 2826 1560
f 3186 3045 2170
f 3045 332 2170
f 2826 934 916
f 638 3241 916
f 1918 1243 379
f 1927 47 985
f 379 1243 2519
f 2360 9 257
f 896 379 2519
f 896 869 1420
f 379 896 1420
f 869 896 1716
f 2559 869 257
f 257 869 2360
f 1333 2900 2361
f 2900 1942 2361
f 2900 2413 1942
f 977 836 1906
f 836 1622 1906
f 213 3199 2791
f 2837 3290 1622
f 1007 1622 3290
f 3199 2015 3291
f 3159 479 1762
f 293 3290 919
f 3165 1886 2905
f 332 2905 1886
f 916 1561 2826
f 508 2170 1820
f 2170 508 3304
f 1243 1918 3304
f 458 3241 638
f 985 458 638
f 458 985 47
f 3094 1333 1748
f 1010 3094 1748
f 575 2491 1342
f 575 1342 2998
f 1557 575 2998
f 3159 1762 1072
f 3165 3159 1072
f 3165 1874 1886
f 2826 2222 1280
f 19 2222 2826
f 1276 332 1886
f 332 1276 1820
f 2170 332 1820
f 3241 1561 916
f 9 541 1927
f 1927 541 47
f 869 1716 2360
f 2360 1716 2729
f 3213 1010 1766
f 1342 3213 1766
f 204 213 644
f 977 1906 1557
f 410 1697 1622
f 1007 410 1622
f 3291 823 2467
f 1762 2467 823
f 3290 293 1007
f 3066 1007 293
f 1280 437 293
f 2222 437 1280
f 1561 19 2826
f 508 1820 1175
f 458 748 3241
f 130 3304 508
f 1243 3304 130
f 1243 130 2914
f 47 541 458
f 3172 2519 1243
f 2139 896 2519
f 2997 1716 896
f 2689 1716 2997
f 2519 3172 2139
f 1010 67 3094
f 1342 2491 3213
f 2413 204 644
f 1906 2631 1557
f 2631 1906 121
f 121 1906 1622
f 1622 1697 121
f 2015 823 3291
f 410 1007 3066
f 3066 293 437
f 2222 832 437
f 1276 2866 1820
f 205 19 1561
f 1820 2866 1175
f 3241 205 1561
f 458 541 1663
f 458 1663 748
f 3172 1243 2914
f 2689 2729 1716
f 2360 2729 961
f 2360 961 9
f 2139 2997 896
f 2689 961 2729
f 2525 2413 2900
f 3213 195 1010
f 2631 310 575
f 1557 2631 575
f 213 2340 3199
f 2015 3199 2340
f 460 410 3066
f 1762 97 1072
f 3165 1072 3215
f 19 2102 2222
f 2102 832 2222
f 1874 1276 1886
f 2951 2102 19
f 2596 205 3241
f 748 2802 3241
f 961 2150 9
f 2997 969 2689
f 2689 969 961
f 2139 2312 2997
f 2900 1333 2525
f 1333 520 2525
f 520 1333 3094
f 67 520 3094
f 195 67 1010
f 2525 204 2413
f 2491 310 2895
f 575 310 2491
f 204 1065 213
f 2691 310 2631
f 2631 121 960
f 960 121 100
f 121 1697 100
f 1697 410 1720
f 823 2015 338
f 338 97 823
f 2379 460 3066
f 97 1762 823
f 2379 3066 437
f 2379 437 832
f 3165 3215 1457
f 1457 1874 3165
f 2102 1912 832
f 1276 1874 829
f 2703 2951 19
f 205 2703 19
f 1175 2866 3148
f 415 508 1175
f 2802 2596 3241
f 748 2787 2802
f 748 1663 2787
f 3172 1098 2139
f 2139 1098 2312
f 2997 2312 969
f 2893 2525 520
f 2491 3349 3213
f 2491 2895 3349
f 2631 960 2691
f 460 1720 410
f 1072 1405 3215
f 832 1912 2379
f 1874 1457 829
f 2951 1912 2102
f 2703 1427 2951
f 829 2866 1276
f 2866 829 3148
f 1014 2703 205
f 1175 3148 415
f 2596 1014 205
f 541 178 1663
f 178 2787 1663
f 2150 178 9
f 9 178 541
f 3172 2914 1991
f 969 1997 961
f 1429 1997 969
f 1991 1098 3172
f 1098 1015 2312
f 2312 2205 969
f 1015 2205 2312
f 521 310 2691
f 213 1065 2340
f 1065 2232 2340
f 100 1697 1720
f 2340 1482 2015
f 97 1405 1072
f 532 1457 3215
f 1912 1018 2379
f 1912 1160 1018
f 1457 532 829
f 2951 1160 1912
f 2120 1160 2951
f 1427 2120 2951
f 103 3148 829
f 1014 1427 2703
f 3119 415 3148
f 508 415 2754
f 130 508 2754
f 2802 2787 1336
f 2802 1336 2596
f 2914 130 2754
f 961 1997 2150
f 1991 1573 1098
f 969 2205 1429
f 3187 2893 520
f 520 67 3187
f 14 204 2525
f 3213 3349 3263
f 310 521 2895
f 960 3233 2691
f 2340 2397 1482
f 2015 1482 338
f 829 532 103
f 3148 103 3119
f 2596 2192 1014
f 822 415 3119
f 1336 2192 2596
f 822 2754 415
f 1354 1336 2787
f 178 139 2787
f 2787 139 1354
f 2914 2754 902
f 902 1991 2914
f 1015 1131 2205
f 2205 1131 1429
f 2893 14 2525
f 67 3279 3187
f 195 3279 67
f 204 547 1065
f 1065 547 2232
f 100 3233 960
f 100 2738 3233
f 2340 2232 2397
f 100 1720 2738
f 460 2163 1720
f 2486 338 1482
f 1339 1405 97
f 97 338 2486
f 2379 1640 460
f 1073 532 3215
f 1014 2192 1427
f 2754 822 902
f 1851 178 2150
f 1997 1851 2150
f 1573 1015 1098
f 3133 206 2893
f 206 14 2893
f 3279 195 3213
f 1365 2691 3233
f 1365 521 2691
f 2486 1482 3035
f 1339 1647 1405
f 2486 1339 97
f 1647 2278 1405
f 1073 3215 1405
f 1018 1640 2379
f 1427 350 2120
f 3119 103 909
f 2573 3119 909
f 2979 2192 1336
f 1131 529 1429
f 902 1064 1991
f 1991 1064 1573
f 3213 3263 3279
f 547 204 14
f 1023 2738 1720
f 2397 3035 1482
f 2163 1023 1720
f 2486 3035 1339
f 460 1640 744
f 2278 1073 1405
f 1018 699 1640
f 1160 2120 699
f 1160 699 1018
f 728 532 1073
f 532 518 103
f 518 909 103
f 2192 673 1427
f 673 2192 2979
f 2573 822 3119
f 1354 2979 1336
f 1851 139 178
f 139 2948 1354
f 822 34 902
f 1429 833 1997
f 1015 370 1131
f 1429 529 833
f 34 1064 902
f 1064 2957 1573
f 1015 1573 370
f 3250 2893 3187
f 878 1353 3263
f 3349 878 3263
f 2895 878 3349
f 460 744 2163
f 744 1640 2746
f 1073 2278 1283
f 699 2746 1640
f 518 532 728
f 673 350 1427
f 2573 909 2025
f 1862 2573 2025
f 2979 457 673
f 2573 1862 822
f 1156 34 822
f 3331 1997 833
f 2957 370 1573
f 2047 3330 3133
f 3133 3330 206
f 2047 3133 2423
f 2423 3133 2893
f 3250 2423 2893
f 3279 785 3187
f 236 785 3279
f 206 3330 14
f 3279 3263 236
f 236 3263 1353
f 151 2895 521
f 151 878 2895
f 1365 151 521
f 2232 547 1853
f 2163 3085 1023
f 1850 1339 3035
f 744 3085 2163
f 2120 857 699
f 350 3003 2120
f 2025 909 518
f 1862 1156 822
f 2948 2979 1354
f 1997 3331 1851
f 1851 1869 139
f 139 1869 2948
f 2948 1869 871
f 370 529 1131
f 1294 547 14
f 1365 2513 151
f 3233 2513 1365
f 2232 1853 1425
f 2738 3195 3233
f 2738 1023 3195
f 744 2472 3085
f 1722 2263 1339
f 1850 1722 1339
f 227 2278 1647
f 1647 1339 2263
f 1647 2263 227
f 170 2472 744
f 1401 2278 227
f 1401 1283 2278
f 744 2746 170
f 2746 699 857
f 1062 1073 1283
f 1062 728 1073
f 3003 2110 2120
f 518 728 278
f 1372 518 278
f 1527 3003 350
f 2025 518 1372
f 2979 2465 457
f 1649 1156 1862
f 2465 2979 2948
f 3331 1869 1851
f 1156 1064 34
f 3250 1436 2423
f 3187 785 3250
f 3250 785 2478
f 1294 14 3330
f 1294 1853 547
f 2513 3233 1791
f 3195 1791 3233
f 1425 3035 2397
f 2397 2232 1425
f 1023 3085 3195
f 1313 1850 3035
f 278 728 1062
f 2120 2110 857
f 350 1468 1527
f 673 1468 350
f 673 330 1468
f 1913 2025 1545
f 1913 1862 2025
f 457 330 673
f 833 790 3331
f 3331 2875 1869
f 2875 871 1869
f 657 529 370
f 529 1337 833
f 2957 690 370
f 1436 2047 2423
f 785 236 2478
f 292 2478 236
f 590 292 236
f 590 236 1353
f 1313 3035 1425
f 170 612 2472
f 857 170 2746
f 753 2110 3003
f 1527 753 3003
f 2025 1372 1545
f 1862 1913 1649
f 2465 3228 457
f 2875 2488 871
f 871 3348 2948
f 2488 3348 871
f 2465 2948 3046
f 3046 2948 3348
f 833 1337 790
f 1156 1535 1064
f 2047 630 3330
f 2368 1436 3250
f 630 1294 3330
f 2368 3250 2478
f 878 590 1353
f 2031 878 151
f 431 1425 1853
f 3085 678 3195
f 1313 1722 1850
f 227 710 1401
f 227 2263 710
f 1283 1401 2620
f 1525 1062 1283
f 2110 920 857
f 1372 278 3335
f 753 920 2110
f 3228 330 457
f 3046 512 2465
f 1659 529 657
f 30 1337 529
f 2957 1064 1535
f 657 370 690
f 2047 1738 630
f 2702 2478 292
f 1382 292 590
f 2031 590 878
f 3273 151 2513
f 431 1313 1425
f 2263 1722 2770
f 2263 2770 710
f 2620 1525 1283
f 170 1320 612
f 516 1062 1525
f 857 920 170
f 3335 278 1062
f 1527 968 753
f 1545 1372 3335
f 330 1527 1468
f 2850 1913 1545
f 1156 1649 3201
f 2465 512 3228
f 1321 1156 3201
f 790 2875 3331
f 1535 1156 1321
f 1659 30 529
f 22 690 2957
f 1738 2047 1436
f 2702 2368 2478
f 630 750 1294
f 465 2702 292
f 1294 750 1853
f 3273 2031 151
f 750 431 1853
f 1791 1986 2513
f 1986 1791 3195
f 1986 3195 678
f 1313 2770 1722
f 678 3085 1988
f 2472 1988 3085
f 1401 710 340
f 2472 612 1988
f 340 2620 1401
f 1320 170 920
f 1634 1062 516
f 3335 1062 1634
f 920 753 268
f 1527 330 989
f 3201 1649 80
f 2125 1535 1321
f 22 2957 1535
f 3169 657 690
f 1382 465 292
f 2031 1382 590
f 3273 1038 2031
f 1986 3273 2513
f 500 2770 1313
f 500 1313 431
f 1641 710 2770
f 3265 1525 2620
f 3265 516 1525
f 516 2851 1634
f 3006 3335 1634
f 753 968 268
f 1545 3335 3006
f 3006 2850 1545
f 80 1913 2850
f 1649 1913 80
f 1763 1321 3201
f 2125 1321 1763
f 2125 2699 1535
f 2699 22 1535
f 3169 1659 657
f 22 998 690
f 1436 659 1738
f 659 1436 2368
f 3086 659 2368
f 630 1653 750
f 3086 2368 2702
f 2761 3086 2702
f 465 2761 2702
f 2637 431 750
f 678 167 1986
f 500 1641 2770
f 500 431 918
f 710 1641 1643
f 1643 340 710
f 3265 2620 340
f 3265 193 516
f 193 2851 516
f 268 2864 920
f 1320 920 2864
f 2851 3006 1634
f 1343 3006 2851
f 2664 2850 3006
f 80 2850 2664
f 968 1527 989
f 989 330 3206
f 3228 3206 330
f 3201 685 1763
f 3201 80 685
f 3228 512 3206
f 3046 1244 512
f 993 790 1337
f 2488 1454 3348
f 2875 1454 2488
f 3046 3348 1244
f 3348 1454 1244
f 2699 1435 22
f 1435 998 22
f 998 3169 690
f 630 1738 1567
f 1567 1738 659
f 1038 1382 2031
f 2834 1038 3273
f 2637 750 1653
f 2637 918 431
f 678 2865 167
f 1988 2865 678
f 1641 1162 1643
f 1643 3265 340
f 1320 2864 612
f 193 3265 203
f 443 2851 193
f 268 1528 2864
f 2851 628 1343
f 1763 685 2225
f 1058 2941 512
f 3206 512 2941
f 416 1763 2225
f 2125 416 252
f 2125 1763 416
f 790 2844 2875
f 512 1244 1058
f 252 2699 2125
f 1435 2699 252
f 630 1567 1653
f 104 659 3086
f 1382 2574 465
f 3273 1986 2834
f 918 1641 500
f 203 3265 1643
f 1988 612 1706
f 2864 1706 612
f 628 2851 443
f 295 1343 628
f 968 1528 268
f 1343 2664 3006
f 993 2874 790
f 790 2874 2844
f 252 552 1435
f 1435 3245 998
f 998 3303 3169
f 3303 1659 3169
f 1659 2976 30
f 1567 659 3289
f 687 104 3086
f 687 3086 2761
f 636 1653 105
f 2438 2574 1382
f 1038 2438 1382
f 636 2637 1653
f 2126 2834 1986
f 1986 167 2126
f 918 1162 1641
f 3256 193 203
f 1706 2865 1988
f 3344 1706 2864
f 3344 2864 1528
f 989 730 968
f 1973 80 2664
f 1973 685 80
f 2383 685 1973
f 2383 2225 685
f 552 3245 1435
f 3245 188 998
f 1337 30 993
f 993 30 2976
f 1567 105 1653
f 104 3289 659
f 2574 2761 465
f 1839 636 105
f 3297 1038 2834
f 167 1712 2126
f 2398 918 2637
f 918 2398 1162
f 2865 1801 167
f 3256 203 1643
f 193 3256 1267
f 3007 193 1267
f 443 193 3007
f 1706 3344 327
f 745 628 443
f 968 730 1528
f 295 2664 1343
f 2208 2664 295
f 989 1230 730
f 3206 1230 989
f 2844 1454 2875
f 1454 1551 1244
f 1058 1244 1551
f 1567 3289 1864
f 1864 105 1567
f 104 1547 3289
f 1932 104 687
f 2574 1743 2761
f 2637 636 2398
f 1712 167 1801
f 2398 665 1162
f 1162 1471 1643
f 1162 665 1471
f 1471 3256 1643
f 2865 839 1801
f 1706 839 2865
f 3007 745 443
f 1528 634 3344
f 1528 730 634
f 2208 1973 2664
f 3206 1027 1230
f 3206 2941 1027
f 2941 1058 2713
f 2844 1397 1454
f 1397 1551 1454
f 188 3303 998
f 3289 1547 1864
f 104 3049 1547
f 3049 104 1932
f 105 1222 1839
f 1222 105 1864
f 1038 3297 2438
f 2834 2126 3297
f 1712 279 2126
f 1801 839 1325
f 1289 3007 1267
f 1706 327 839
f 327 3344 634
f 628 745 295
f 297 295 745
f 2208 295 297
f 634 730 527
f 730 1230 527
f 1973 2208 2709
f 2709 2383 1973
f 1027 2941 975
f 354 2225 2383
f 2713 975 2941
f 354 416 2225
f 1388 2713 1058
f 416 222 252
f 222 552 252
f 2874 682 2844
f 682 1397 2844
f 1058 1551 1388
f 188 735 3303
f 2976 51 993
f 1547 2342 1864
f 2342 1781 1864
f 3049 850 1547
f 1864 1781 1222
f 2761 1932 687
f 1222 1780 1839
f 958 1222 1781
f 1839 2682 636
f 1780 2682 1839
f 636 2682 2398
f 665 2398 2682
f 665 2682 2733
f 1801 290 1712
f 2733 1471 665
f 1801 1325 290
f 839 2374 1325
f 1289 1267 1644
f 1267 3256 1644
f 1289 745 3007
f 587 839 327
f 297 3238 2208
f 1479 2208 3238
f 2709 2208 1479
f 2545 354 2383
f 552 1193 3245
f 3245 344 188
f 1193 344 3245
f 3303 2976 1659
f 735 2976 3303
f 1547 850 2342
f 1898 2342 1765
f 2342 850 1765
f 519 3049 1932
f 519 1932 1743
f 1743 1932 2761
f 2574 2438 1743
f 2342 1898 1781
f 2438 3297 893
f 1898 589 1781
f 1780 2733 2682
f 279 444 2126
f 1222 3020 1780
f 1222 958 3020
f 1712 290 279
f 2403 2733 1780
f 1471 2733 2403
f 1644 1471 2403
f 1644 3256 1471
f 839 2506 2374
f 1289 1644 572
f 563 745 1289
f 1289 572 563
f 563 297 745
f 2983 327 634
f 587 327 2983
f 3347 3238 297
f 2274 1479 3238
f 1230 1778 527
f 1778 1230 1027
f 2698 2383 2709
f 2545 2383 2698
f 682 1551 1397
f 3328 1193 552
f 850 607 1765
f 3207 3049 519
f 3207 850 3049
f 893 1743 2438
f 2126 444 3297
f 2165 589 1898
f 589 958 1781
f 2165 1898 1831
f 1831 1898 1765
f 290 2911 279
f 2165 958 589
f 1759 958 2165
f 3315 1780 3020
f 2403 1780 3315
f 1759 3020 958
f 1325 2911 290
f 2911 1325 840
f 1644 2403 3254
f 2008 563 572
f 587 2506 839
f 3347 297 563
f 527 2983 634
f 2274 3238 3347
f 2698 2709 1479
f 2554 2545 2698
f 1086 1027 975
f 975 2713 1086
f 655 416 354
f 1675 2804 2874
f 2874 2804 682
f 655 222 416
f 51 2874 993
f 1203 1551 682
f 1388 1551 1203
f 2976 735 51
f 1833 893 3297
f 444 1833 3297
f 279 2649 444
f 1765 607 1831
f 279 2911 2649
f 2677 2165 1831
f 1759 229 3020
f 3020 229 3315
f 1759 2165 2707
f 2707 2165 2677
f 2403 3315 229
f 229 1759 325
f 2403 229 2461
f 2403 2461 3254
f 2374 840 1325
f 3254 572 1644
f 2537 2506 587
f 2983 2537 587
f 563 2008 3347
f 2213 2274 3347
f 527 2028 2983
f 527 1778 2028
f 3179 1479 2274
f 3179 2698 1479
f 1778 1027 732
f 2554 2698 2027
f 1086 732 1027
f 775 1086 2713
f 2554 354 2545
f 2066 354 2554
f 2066 655 354
f 1203 775 1388
f 775 2713 1388
f 222 3328 552
f 1592 2874 51
f 344 1391 188
f 1391 735 188
f 850 3207 607
f 519 603 3207
f 1743 603 519
f 893 603 1743
f 607 3207 2593
f 2649 2947 444
f 607 2593 1831
f 2649 1579 2947
f 2911 1579 2649
f 1759 2707 325
f 2489 2707 2677
f 2506 1529 2374
f 2374 1529 840
f 572 3243 2008
f 3254 3243 572
f 2537 2606 2506
f 2220 2537 2983
f 2213 3347 2008
f 2220 2983 2028
f 3179 2274 1204
f 732 2028 1778
f 2804 1203 682
f 1391 3128 735
f 3128 51 735
f 770 603 893
f 770 893 1833
f 2593 3207 603
f 2946 770 1833
f 444 2946 1833
f 2947 2946 444
f 2911 2633 1579
f 840 2633 2911
f 2606 1529 2506
f 972 2008 3243
f 2213 2008 972
f 1204 2274 2213
f 3179 2027 2698
f 2092 2028 732
f 732 1086 2883
f 3170 2554 2027
f 2554 1956 2066
f 2804 3000 1203
f 775 1203 3120
f 3120 1203 3000
f 1956 655 2066
f 655 2602 222
f 2602 3328 222
f 3328 506 1193
f 1193 3005 344
f 506 3005 1193
f 603 2114 2593
f 2114 603 770
f 2114 770 2965
f 2965 770 1033
f 1033 770 2946
f 2946 1562 1033
f 2489 2677 1831
f 1562 2946 2947
f 1579 1562 2947
f 325 1905 229
f 2982 325 2707
f 2982 1905 325
f 2982 2707 2336
f 2336 2707 2489
f 2633 1562 1579
f 1905 2461 229
f 840 1735 2633
f 756 1735 840
f 1529 756 840
f 2345 3254 2461
f 2345 3243 3254
f 2345 972 3243
f 1529 1123 756
f 1123 1529 783
f 783 1529 2606
f 2606 2537 2220
f 1254 1204 2213
f 57 2027 3179
f 2028 2092 2281
f 602 1086 775
f 775 3120 602
f 2804 407 3000
f 1675 2874 1592
f 1484 655 1956
f 2602 655 1484
f 506 755 3005
f 2114 3139 2593
f 3139 2286 2593
f 1562 2965 1033
f 2593 2286 1831
f 1831 2286 2489
f 1775 3139 2114
f 24 2965 1562
f 2336 2489 538
f 538 2489 2286
f 3142 1905 480
f 1905 2982 480
f 2271 480 2982
f 2271 2982 2336
f 2271 2336 149
f 1562 2757 24
f 3142 2461 1905
f 1562 799 2757
f 2633 799 1562
f 429 2461 3142
f 2461 429 2345
f 2255 2213 972
f 1254 2213 1057
f 1204 1254 3342
f 3342 3179 1204
f 57 3179 3342
f 2883 2092 732
f 602 2883 1086
f 3120 3000 3295
f 1331 1956 2554
f 1331 2554 3170
f 344 3005 2710
f 2710 1391 344
f 2602 1097 3328
f 3328 1097 506
f 1137 755 506
f 2114 24 1775
f 2965 24 2114
f 538 2286 3139
f 538 3139 3030
f 3030 3139 1775
f 149 2336 538
f 1693 149 538
f 3266 429 3142
f 1735 799 2633
f 756 1123 1735
f 2345 2255 972
f 1950 1057 2255
f 1057 2213 2255
f 2028 2281 2220
f 2092 1627 2281
f 2578 3170 2027
f 2804 1675 407
f 225 1484 1956
f 1137 506 1097
f 3005 755 2710
f 1484 225 2602
f 538 3030 1693
f 1775 1253 3030
f 24 598 1775
f 2807 1693 3030
f 2807 3030 254
f 254 3030 1253
f 1253 1775 598
f 1411 598 24
f 480 3266 3142
f 2757 1411 24
f 3093 1817 2757
f 1817 1411 2757
f 799 3093 2757
f 799 1735 3093
f 1510 2345 429
f 1510 2255 2345
f 1950 2255 1510
f 2606 2220 1011
f 1057 3342 1254
f 2281 1011 2220
f 1675 366 407
f 1391 2710 2185
f 1391 2185 3128
f 3128 2831 51
f 2185 2831 3128
f 51 2831 1592
f 755 1155 2710
f 1097 2602 2889
f 165 192 1137
f 1137 192 755
f 2889 1755 1097
f 1097 1755 1137
f 1137 1755 165
f 3224 480 2271
f 149 3224 2271
f 3129 1693 2807
f 3129 149 1693
f 1169 3266 480
f 1169 480 3224
f 1126 429 3266
f 1817 598 1411
f 3093 1167 1817
f 398 1167 3093
f 398 3093 326
f 326 3093 1735
f 2053 398 326
f 1123 326 1735
f 1543 2053 1123
f 1123 2053 326
f 783 1543 1123
f 783 2606 1543
f 1037 2606 1011
f 888 3342 1057
f 3342 888 3138
f 3342 3138 57
f 57 3138 2588
f 57 2578 2027
f 1242 602 3120
f 407 2617 3000
f 2617 3295 3000
f 3120 3295 1242
f 2148 225 1956
f 2148 1956 1331
f 755 192 146
f 146 1155 755
f 2710 1155 2185
f 225 2148 2033
f 2889 2602 225
f 1994 1755 2889
f 165 2531 192
f 3040 254 1253
f 3266 1169 1126
f 2017 3040 1253
f 598 2017 1253
f 2017 598 1817
f 1617 1510 429
f 1950 1510 1617
f 2606 1037 1543
f 1627 36 2281
f 2588 2578 57
f 1627 2092 2414
f 1242 2883 602
f 2326 1331 3170
f 2831 2185 913
f 2326 2148 1331
f 2185 1155 913
f 225 2570 2889
f 2570 1994 2889
f 1994 165 1755
f 3224 2089 1169
f 1034 3224 149
f 228 3129 2807
f 254 228 2807
f 2017 1410 3040
f 1817 2389 2017
f 2389 1817 1167
f 1126 1617 429
f 1617 1126 1714
f 234 2389 398
f 2389 1167 398
f 398 2053 234
f 1950 1617 1714
f 1950 1714 2822
f 1543 497 2053
f 1057 1950 2822
f 888 1057 2822
f 36 1011 2281
f 2588 931 714
f 714 2578 2588
f 2414 2092 368
f 368 2092 2883
f 2134 3170 2578
f 2134 2551 3170
f 2551 2326 3170
f 1675 1592 366
f 366 1592 5
f 2570 225 2033
f 2089 910 1169
f 1034 149 3129
f 3040 228 254
f 910 1126 1169
f 1410 2680 3040
f 2147 1410 2017
f 2147 2017 2389
f 1297 2147 2389
f 234 1297 2389
f 234 2053 2565
f 2053 497 2565
f 497 1543 1037
f 888 2822 1723
f 888 1723 3138
f 3022 1037 706
f 706 1037 1011
f 36 706 1011
f 1627 2414 36
f 2578 714 2134
f 368 2883 763
f 1242 763 2883
f 1242 2783 763
f 1242 3295 2783
f 2831 5 1592
f 913 5 2831
f 352 2033 2148
f 2454 2089 3224
f 2454 622 2089
f 1034 2454 3224
f 1161 1034 3129
f 2680 2272 3040
f 1714 1126 910
f 936 2822 1714
f 2565 497 2005
f 1037 2005 497
f 3138 1723 2588
f 2588 1723 931
f 2414 1036 36
f 36 1036 706
f 368 763 631
f 913 2254 5
f 1155 146 1650
f 2551 2148 2326
f 1994 3134 165
f 1161 2454 1034
f 2272 1161 3129
f 2272 3129 228
f 2272 228 3040
f 2014 2272 2680
f 1607 1410 2147
f 910 936 1714
f 1297 234 571
f 3022 2005 1037
f 3022 706 1036
f 368 631 2414
f 2617 660 3295
f 2783 3295 660
f 1092 2148 2551
f 1092 352 2148
f 192 2916 146
f 2916 192 2531
f 2033 352 788
f 788 1845 2033
f 2033 1845 2570
f 1845 3234 2570
f 2570 3234 1994
f 165 3134 2531
f 2618 3312 2089
f 2089 3312 910
f 622 2618 2089
f 137 622 2454
f 137 2454 1161
f 2680 1410 962
f 3312 936 910
f 1607 962 1410
f 1607 2147 1297
f 936 2164 2822
f 571 234 470
f 2565 470 234
f 2164 116 2822
f 2565 772 470
f 116 1723 2822
f 2005 772 2565
f 2005 3022 772
f 2414 1538 1036
f 2783 2651 763
f 366 372 407
f 2551 881 3002
f 2134 881 2551
f 913 1155 1650
f 1593 1092 2551
f 637 352 1092
f 637 788 352
f 1288 3350 622
f 2618 2462 3312
f 1288 622 137
f 137 2806 1288
f 2960 1161 2272
f 2960 137 1161
f 962 2014 2680
f 2462 936 3312
f 936 2462 2164
f 470 2476 571
f 1102 1723 116
f 931 1723 1102
f 987 931 1102
f 714 931 1149
f 2134 714 1149
f 2651 631 763
f 881 2134 1149
f 1588 372 5
f 366 5 372
f 1588 5 2254
f 1593 2551 3002
f 913 1650 2254
f 3234 3134 1994
f 3134 2863 2531
f 3350 55 622
f 55 2618 622
f 55 316 2618
f 2618 316 2462
f 2806 137 2960
f 2960 2344 2806
f 2960 2272 2014
f 299 2960 2014
f 962 299 2014
f 571 1607 1297
f 1036 774 3022
f 2414 1323 1538
f 2414 631 1323
f 1149 2500 881
f 372 2617 407
f 2531 2603 2916
f 2824 55 3350
f 3096 2896 1288
f 615 316 55
f 3350 1288 2896
f 3096 1288 2806
f 3096 2806 2344
f 615 108 316
f 2344 2960 2977
f 299 2977 2960
f 962 1628 299
f 1534 2462 316
f 1607 1186 962
f 2462 1534 2164
f 2993 1607 571
f 571 2894 2993
f 3022 774 772
f 1036 3359 774
f 987 1149 931
f 1538 3359 1036
f 372 1128 2617
f 2617 1128 660
f 2254 2177 1588
f 2603 3097 2916
f 3234 1845 172
f 172 946 3234
f 3234 2863 3134
f 2824 615 55
f 2824 3350 2896
f 2344 315 3096
f 2078 2344 2977
f 108 2955 316
f 299 2078 2977
f 1628 2078 299
f 962 1186 1628
f 1890 1186 1607
f 2993 1890 1607
f 1534 2235 2164
f 2164 2235 116
f 2476 2894 571
f 2235 75 116
f 2476 470 2456
f 772 2456 470
f 772 1245 2456
f 75 580 1102
f 1102 116 75
f 772 774 1245
f 1102 580 987
f 2352 1149 987
f 2783 1138 2651
f 2783 660 1138
f 1588 2177 372
f 2745 1650 146
f 2254 1650 2745
f 2254 2745 162
f 146 776 2745
f 146 2916 776
f 1845 788 158
f 788 637 158
f 158 172 1845
f 2863 2603 2531
f 221 2824 2088
f 221 1916 2824
f 2088 2896 2798
f 2798 3096 3346
f 2798 2896 3096
f 1916 615 2824
f 2088 2824 2896
f 221 1941 1916
f 1941 615 1916
f 3096 315 3346
f 2539 3346 315
f 1941 108 615
f 2344 2539 315
f 2955 108 1941
f 2539 2344 2078
f 2955 1534 316
f 2235 1534 2955
f 1298 1890 2993
f 2993 2894 1298
f 2476 1629 2894
f 1323 955 1538
f 631 90 1323
f 1670 698 2651
f 631 2651 698
f 1138 1670 2651
f 625 1138 660
f 660 1128 625
f 2177 176 372
f 2254 162 2177
f 2177 162 176
f 1699 1092 1593
f 343 1092 1699
f 343 637 1092
f 3270 637 343
f 3270 158 637
f 946 2347 3234
f 3234 2347 2863
f 20 493 484
f 1696 493 20
f 1696 20 2088
f 1696 2798 166
f 166 2798 3346
f 20 33 2777
f 2777 221 20
f 20 221 2088
f 1696 2088 2798
f 2349 221 2777
f 2349 1941 221
f 2349 1786 1941
f 1786 2955 1941
f 1186 1324 2078
f 1628 1186 2078
f 2774 2955 1786
f 2774 1598 2235
f 2235 2955 2774
f 2476 2122 1629
f 2476 2456 2122
f 1598 75 2235
f 1598 2315 75
f 580 2315 2160
f 75 2315 580
f 774 3283 1245
f 774 3359 3283
f 1538 955 3359
f 1323 90 955
f 698 90 631
f 1205 1138 625
f 372 176 1128
f 162 2745 747
f 2603 2863 2985
f 2603 2985 3097
f 3270 1828 158
f 1828 172 158
f 172 101 946
f 484 33 20
f 211 493 1696
f 166 211 1696
f 3346 2534 166
f 2777 33 784
f 1091 2777 784
f 3346 2539 2534
f 2350 2534 2539
f 1807 2349 2777
f 2078 1418 2539
f 1418 2350 2539
f 1807 1786 2349
f 1324 1418 2078
f 1807 2774 1786
f 1937 1298 2894
f 2894 1629 1937
f 2456 275 2122
f 1245 275 2456
f 275 1245 2671
f 3283 2671 1245
f 580 2160 987
f 490 3283 3359
f 3359 955 490
f 2500 1149 2352
f 698 1670 148
f 2500 3002 881
f 176 815 1128
f 1699 1593 3002
f 162 747 494
f 2347 1183 2863
f 2863 1183 2985
f 1828 3293 172
f 172 3293 101
f 3264 3192 484
f 493 2862 484
f 484 2862 3264
f 3192 33 484
f 2534 351 166
f 351 2534 2350
f 2067 33 3192
f 2067 784 33
f 1418 2654 2350
f 1807 2777 1091
f 1779 1324 1186
f 1890 1779 1186
f 1890 1298 1779
f 3283 102 2671
f 3283 490 102
f 742 490 955
f 148 90 698
f 1670 1138 1205
f 815 626 1128
f 1128 626 625
f 626 1205 625
f 776 747 2745
f 101 3309 946
f 946 2432 2347
f 3309 2432 946
f 2432 1183 2347
f 2862 493 211
f 2862 211 1047
f 351 2350 1392
f 1392 2350 2654
f 2917 784 2067
f 784 2917 1091
f 1012 1807 1091
f 1418 1873 2654
f 1324 1873 1418
f 1779 2493 1324
f 1779 1298 6
f 1217 1629 2122
f 2122 275 1217
f 46 2315 1598
f 2160 385 2352
f 2352 987 2160
f 490 2785 102
f 90 2049 955
f 2049 742 955
f 148 1403 90
f 232 3002 2500
f 3002 1248 1699
f 1444 3270 343
f 2985 60 3097
f 2154 1828 3270
f 2154 3270 1444
f 2154 3293 1828
f 3309 101 3293
f 3309 2468 926
f 3309 926 2432
f 1355 2452 2408
f 2452 200 2408
f 2523 2452 1355
f 200 2452 2377
f 2452 1719 2377
f 2452 2523 1719
f 2523 1478 1719
f 3264 1709 3192
f 1047 3264 2862
f 166 2591 211
f 2591 166 351
f 2917 648 1091
f 648 1012 1091
f 1324 2493 1873
f 6 2493 1779
f 1298 1937 6
f 1937 1796 6
f 46 2774 1807
f 46 1807 1012
f 46 1598 2774
f 46 401 2315
f 385 2160 1486
f 2049 1848 742
f 90 1403 2049
f 1670 1857 148
f 1205 1857 1670
f 1248 3002 232
f 494 176 162
f 176 494 815
f 776 1497 747
f 747 1497 494
f 650 1699 1248
f 650 343 1699
f 1444 343 650
f 2916 3097 776
f 3097 224 776
f 3097 60 224
f 1142 2154 1444
f 1183 60 2985
f 2432 2310 1183
f 1183 2310 60
f 3293 2154 3276
f 2154 1142 3276
f 2268 3293 3276
f 3309 3293 2268
f 2432 926 210
f 3309 2268 2468
f 2468 1151 880
f 2468 880 926
f 926 880 8
f 2408 200 2884
f 200 2377 1103
f 2769 1355 1469
f 2769 2523 1355
f 2377 3143 1753
f 566 2769 2405
f 2769 566 2523
f 629 2523 566
f 629 1478 2523
f 566 2405 2451
f 1719 3143 2377
f 566 2451 629
f 3037 3143 558
f 3143 1719 558
f 629 2794 1478
f 2269 629 2451
f 629 2269 2794
f 2794 1442 1478
f 1478 1442 1719
f 1719 1442 2487
f 1719 2487 558
f 2487 265 558
f 2794 522 1442
f 2794 2269 522
f 2269 2990 522
f 662 1442 522
f 2487 1442 662
f 2487 662 265
f 3041 3192 1709
f 2591 394 1929
f 351 394 2591
f 1392 394 351
f 2067 3192 3041
f 1873 2304 1392
f 802 648 2917
f 2654 1873 1392
f 1796 1937 778
f 778 1937 1629
f 401 46 1012
f 1629 1217 2039
f 28 1486 401
f 401 1486 2315
f 1486 2160 2315
f 2352 385 2128
f 2128 2500 2352
f 490 742 2785
f 1192 1205 626
f 1192 1857 1205
f 1248 232 135
f 815 494 957
f 957 258 815
f 815 258 626
f 1497 1509 494
f 1734 1444 650
f 1444 1734 2298
f 2298 1142 1444
f 60 233 224
f 1206 1142 2298
f 1206 3276 1142
f 2577 210 926
f 2432 210 2310
f 605 1767 1206
f 1151 2468 2268
f 926 8 2577
f 1740 3276 1767
f 3276 1206 1767
f 3276 1740 2268
f 2268 1740 1151
f 2884 200 1439
f 1439 200 1103
f 1439 1103 683
f 2871 2408 2884
f 2377 1753 1103
f 866 1469 1355
f 866 1355 2871
f 2871 1355 2408
f 683 1753 71
f 683 1103 1753
f 1753 3143 71
f 302 3143 3037
f 1678 2269 2451
f 1744 3037 558
f 2269 606 2238
f 2269 2238 2990
f 265 1744 558
f 2990 115 522
f 2309 265 662
f 1744 265 759
f 2309 759 265
f 522 115 662
f 662 115 2309
f 1009 1047 211
f 1009 211 2591
f 2650 1009 2591
f 2650 2591 1929
f 1709 2786 3041
f 648 802 1055
f 2636 1873 2493
f 2636 2493 6
f 648 1055 2323
f 2585 648 2323
f 648 2585 1012
f 778 1629 2039
f 2049 1403 2908
f 2500 2128 2384
f 2168 2500 2384
f 148 1303 1403
f 2168 232 2500
f 1497 776 224
f 1980 2298 1734
f 2376 1206 2298
f 1980 2376 2298
f 605 1206 2376
f 873 2577 8
f 210 2577 1736
f 1767 605 85
f 3334 1740 1767
f 3334 1694 1740
f 1740 1694 1151
f 1767 85 2856
f 1767 2856 3334
f 1179 2815 2808
f 1179 1439 2815
f 2852 2871 1179
f 2884 1439 1179
f 1439 238 2815
f 866 2871 2852
f 2871 2884 1179
f 1439 683 238
f 683 71 2146
f 2146 71 3239
f 1469 2936 2471
f 2471 2769 1469
f 2471 2405 2769
f 1521 2405 2471
f 3143 302 71
f 1521 2451 2405
f 1521 1678 2451
f 3037 1744 302
f 2990 2238 2747
f 2990 2747 115
f 412 2309 115
f 2756 3264 1047
f 2756 1709 3264
f 1445 1047 1009
f 189 394 1392
f 1195 802 2067
f 2067 802 2917
f 1873 2636 2304
f 1012 28 401
f 2039 1217 1299
f 275 1958 1217
f 385 1915 2128
f 2785 742 476
f 2908 1848 2049
f 1857 1303 148
f 258 1192 626
f 135 858 1248
f 1248 858 650
f 1497 224 1793
f 858 2189 650
f 650 2189 1734
f 2212 1980 2189
f 2189 1980 1734
f 1922 2376 1980
f 1922 1980 2212
f 60 2642 233
f 233 1150 224
f 2310 1736 994
f 2642 2310 994
f 60 2310 2642
f 1673 605 2376
f 1922 1673 2376
f 210 1736 2310
f 2656 605 1673
f 2656 85 605
f 880 1151 141
f 328 2656 2969
f 141 1151 1694
f 328 85 2656
f 3334 1202 1694
f 1694 2910 141
f 1747 328 2969
f 328 2136 1108
f 328 1108 85
f 1202 3334 2856
f 2136 328 1747
f 1108 2856 85
f 1108 2927 2856
f 2311 2808 1747
f 2808 2136 1747
f 2136 1992 1108
f 2808 2311 2392
f 1992 2927 1108
f 2808 1992 2136
f 1992 2808 2815
f 2927 1992 2872
f 2392 1179 2808
f 2815 2872 1992
f 2311 2852 1179
f 2311 1179 2392
f 2207 2872 1045
f 2815 238 2872
f 2872 238 1045
f 1990 866 2852
f 683 1045 238
f 1469 1386 2936
f 1469 866 1386
f 2146 1045 683
f 40 1521 2471
f 71 1140 3239
f 1140 71 302
f 40 2678 1521
f 302 604 1140
f 2502 2269 1678
f 2502 606 2269
f 1744 604 302
f 1921 2747 2238
f 2309 984 759
f 412 1880 2309
f 1880 531 2309
f 1445 2756 1047
f 2650 1445 1009
f 2650 1929 74
f 2086 74 1929
f 394 2086 1929
f 189 1392 2304
f 1600 2067 3041
f 3229 1600 3041
f 2786 3229 3041
f 3286 2636 6
f 6 1796 3286
f 1584 2585 2323
f 2585 28 1012
f 28 2585 1584
f 1958 1299 1217
f 2671 1958 275
f 102 1958 2671
f 28 1531 1486
f 2267 102 2785
f 1362 385 1486
f 2785 476 136
f 1915 2384 2128
f 1848 3320 742
f 3320 476 742
f 1403 1303 2908
f 2168 135 232
f 1192 403 1857
f 2401 258 957
f 858 135 1982
f 957 3025 2401
f 1793 1509 1497
f 2189 1982 2497
f 858 1982 2189
f 2212 2189 2497
f 224 331 1793
f 2212 2558 1922
f 1150 233 2642
f 2202 1673 1922
f 2202 1922 2558
f 2202 2656 1673
f 2969 2656 2202
f 8 487 873
f 8 880 141
f 8 2370 487
f 2969 2306 1747
f 2910 1694 1202
f 2910 2370 141
f 141 2370 8
f 1955 1202 2856
f 1955 2910 1202
f 1955 2856 2927
f 2002 2311 2306
f 2306 2311 1747
f 1990 2852 2002
f 2002 2852 2311
f 2872 2814 2927
f 2872 2207 2814
f 1386 866 1990
f 2146 2207 1045
f 1635 2936 1386
f 1172 2146 3239
f 2678 1678 1521
f 2470 1678 2678
f 1678 2470 2502
f 1744 439 604
f 115 2747 412
f 2747 2026 412
f 412 2026 1880
f 1709 2756 2786
f 189 2086 394
f 2304 2422 189
f 1600 1195 2067
f 2304 2636 3191
f 1796 2450 3286
f 889 2323 1055
f 1055 802 889
f 1796 778 2450
f 1584 2323 1787
f 135 2168 2504
f 494 3025 957
f 2497 2558 2212
f 224 1150 331
f 1150 2642 567
f 215 2202 1029
f 1029 2202 2558
f 2577 2275 1736
f 65 215 1029
f 215 2969 2202
f 2275 2577 873
f 3196 215 65
f 3196 2969 215
f 2370 2046 487
f 2969 3196 2306
f 2370 2910 2046
f 2046 2910 3158
f 3196 2227 2306
f 1548 2910 1955
f 171 2002 2227
f 2227 2002 2306
f 2019 1990 2002
f 2927 2814 1955
f 1548 1955 2814
f 3053 1990 2019
f 3053 1386 1990
f 2814 2207 1758
f 2207 2146 1758
f 96 1635 3053
f 3053 1635 1386
f 1758 2146 1172
f 2301 2936 1635
f 2301 2471 2936
f 2301 142 2471
f 1172 3239 1140
f 142 40 2471
f 40 142 3285
f 3285 2678 40
f 2678 3285 2722
f 2722 2470 2678
f 604 3321 1140
f 439 3321 604
f 2050 439 1744
f 2309 531 984
f 2650 74 1445
f 2304 3191 2422
f 889 1269 2323
f 1269 1787 2323
f 1958 2358 1299
f 102 2267 1958
f 2785 136 2267
f 1303 3197 2908
f 2168 1825 2504
f 1231 3197 1303
f 1857 1231 1303
f 403 1231 1857
f 1982 2504 921
f 135 2504 1982
f 1330 1982 921
f 258 2401 3017
f 1192 258 3017
f 3028 2497 1330
f 1330 2497 1982
f 2497 1127 2558
f 1029 2558 1127
f 556 2642 994
f 1455 795 1127
f 795 1029 1127
f 1295 1736 2275
f 1736 1295 994
f 795 65 1029
f 2046 348 487
f 487 348 873
f 1024 2227 3196
f 65 1024 3196
f 1548 3158 2910
f 1024 171 2227
f 171 2019 2002
f 1989 2019 171
f 3053 2019 1989
f 956 1548 2814
f 1044 956 2814
f 1758 1044 2814
f 1044 1758 876
f 1172 876 1758
f 3321 876 1172
f 876 3321 3102
f 1140 3321 1172
f 439 1533 3321
f 439 3123 1533
f 1914 2238 606
f 2050 3123 439
f 855 1921 2238
f 759 199 2050
f 759 2050 1744
f 2050 199 2892
f 199 759 984
f 3358 531 1880
f 2026 2117 1880
f 1880 2117 3358
f 467 1600 3229
f 2636 3286 3191
f 1195 1600 1518
f 2390 3286 2450
f 2354 889 802
f 2039 2450 778
f 2267 2358 1958
f 1531 1362 1486
f 136 476 2082
f 2384 1730 2168
f 1848 2908 3197
f 3017 1019 1192
f 1019 403 1192
f 3028 1330 921
f 1127 3028 641
f 2497 3028 1127
f 1509 3025 494
f 1509 445 3025
f 2090 641 3028
f 3354 1455 641
f 1455 1127 641
f 2642 556 567
f 1295 313 994
f 313 556 994
f 1754 348 2046
f 430 65 795
f 430 3075 65
f 3075 1024 65
f 1754 2046 3158
f 3075 171 1024
f 1989 171 3075
f 642 3158 1548
f 2492 3158 642
f 1548 956 642
f 642 956 3214
f 3214 956 1044
f 96 3053 1989
f 2586 1044 876
f 3214 1044 2586
f 2586 876 2582
f 2582 876 3102
f 132 3102 3321
f 3285 2356 2722
f 3321 1533 132
f 132 1533 3181
f 2727 1329 2502
f 2502 1329 606
f 3181 1533 3123
f 606 1329 1914
f 1914 855 2238
f 654 3123 2050
f 723 2747 1921
f 1173 2892 199
f 2050 2892 530
f 941 199 984
f 941 1173 199
f 2685 984 531
f 2685 531 3358
f 984 2685 941
f 2685 3358 1692
f 2685 2415 941
f 2081 2756 1445
f 2086 2629 74
f 426 2086 189
f 2422 426 189
f 467 3229 2786
f 3191 3286 2564
f 2390 2564 3286
f 1195 2354 802
f 1531 28 1584
f 1730 2384 1915
f 1825 2168 1730
f 1848 3197 3320
f 186 1019 3017
f 3028 921 1407
f 331 445 1793
f 1793 445 1509
f 3200 567 556
f 313 1295 945
f 2035 430 1455
f 430 795 1455
f 348 2748 873
f 873 2748 2275
f 991 348 1754
f 2400 2748 348
f 1754 3158 2492
f 2094 1989 3075
f 2155 1989 2094
f 112 642 3214
f 2155 96 1989
f 96 2155 1746
f 2301 1635 1746
f 1746 1635 96
f 2357 142 2301
f 2357 3285 142
f 132 2582 3102
f 2582 132 230
f 2722 2608 2470
f 2470 2727 2502
f 2050 530 654
f 3212 2892 1173
f 2415 1173 941
f 2415 2685 1692
f 2117 259 3358
f 259 1692 3358
f 2662 2081 1445
f 2075 2662 74
f 2662 1445 74
f 1832 502 3191
f 502 2422 3191
f 3191 2564 1832
f 2450 741 2390
f 663 1730 1915
f 1430 476 3320
f 1430 2082 476
f 3197 1430 3320
f 2504 718 921
f 2861 3025 445
f 3025 3084 2401
f 3354 641 867
f 867 641 2090
f 3200 556 313
f 1295 2275 945
f 2686 3075 430
f 991 2400 348
f 2094 3075 2686
f 2155 2094 592
f 642 1470 2492
f 1470 642 112
f 2586 1219 3214
f 1219 2586 2582
f 2356 3285 2357
f 1601 2722 2356
f 132 3181 230
f 2608 2722 1601
f 2608 3026 2727
f 2470 2608 2727
f 3123 451 3181
f 3123 654 451
f 1921 855 723
f 2892 2823 530
f 2892 3212 2823
f 2375 3212 1173
f 2375 1173 2415
f 794 2786 2756
f 794 2351 2786
f 2629 2075 74
f 2876 2629 2086
f 2876 2086 426
f 2351 467 2786
f 2564 1685 1832
f 1518 1600 467
f 1518 2354 1195
f 2039 741 2450
f 2039 1299 349
f 385 1362 1915
f 1362 663 1915
f 403 2725 1231
f 2861 3084 3025
f 2401 3084 3017
f 331 1150 567
f 331 903 445
f 2035 3354 501
f 2035 1455 3354
f 430 2035 2686
f 2275 2882 945
f 2004 592 2094
f 54 991 1754
f 2155 592 1462
f 1934 2492 1470
f 1216 1470 112
f 1934 1470 1216
f 3214 1216 112
f 3214 1219 1216
f 1818 2301 1746
f 3227 2301 1818
f 1395 1219 2582
f 2357 2301 3227
f 2357 3227 3319
f 2357 3319 1601
f 1601 2356 2357
f 230 3181 2970
f 1329 1340 1914
f 1340 855 1914
f 451 654 1824
f 654 530 1824
f 2747 723 2388
f 1824 530 1760
f 2388 2026 2747
f 1760 530 2823
f 2026 2388 2117
f 561 2823 3212
f 3152 2823 561
f 2750 1692 259
f 2415 1692 274
f 3212 2375 2217
f 2926 2750 259
f 502 426 2422
f 1685 2564 1977
f 2390 1977 2564
f 741 1977 2390
f 2039 349 741
f 1299 2358 349
f 2358 459 349
f 136 1972 2267
f 908 1825 1730
f 2504 1825 1636
f 1231 1785 3197
f 2566 2725 403
f 1019 2566 403
f 1136 3028 1407
f 186 2566 1019
f 1136 2090 3028
f 3017 3084 186
f 445 903 1745
f 903 331 567
f 501 3354 867
f 2035 501 3055
f 1081 2686 2035
f 2275 2748 2882
f 2004 2094 2686
f 1462 592 2004
f 2492 54 1754
f 1934 54 2492
f 2230 2155 1462
f 1818 1746 2230
f 1746 2155 2230
f 1993 1934 1216
f 853 1216 1219
f 1219 1395 853
f 2582 3178 1395
f 1601 3319 970
f 3178 2582 230
f 230 2970 3178
f 970 3310 1601
f 3310 2608 1601
f 1376 2608 3310
f 2608 1376 3026
f 1329 2901 1340
f 2823 3152 1760
f 561 3212 2217
f 2375 2415 274
f 561 2217 1849
f 561 1849 3152
f 274 1692 2750
f 2750 2926 3077
f 2756 448 794
f 448 2756 2081
f 173 2876 426
f 173 426 502
f 502 1832 581
f 1832 1685 581
f 1977 741 1859
f 1518 2645 2354
f 2267 1972 2358
f 908 1636 1825
f 3197 1785 1430
f 1231 2725 1785
f 501 867 1967
f 3200 313 1587
f 313 2723 1587
f 313 945 2723
f 865 1081 2035
f 1081 2004 2686
f 2882 2748 2353
f 991 674 2400
f 2400 674 2748
f 1934 3361 54
f 3247 2230 1184
f 1184 2230 1462
f 623 2230 3247
f 3361 1934 250
f 2230 623 1818
f 1216 853 1993
f 2158 1993 853
f 1279 3227 1818
f 853 2923 2158
f 1395 2923 853
f 1279 220 3227
f 2923 1395 1891
f 3319 3227 220
f 1395 3178 3047
f 970 3319 3174
f 3047 3178 1589
f 2970 1589 3178
f 3026 808 2727
f 808 1329 2727
f 1329 808 2901
f 3181 2443 2970
f 451 2443 3181
f 451 1824 2443
f 1340 119 855
f 119 723 855
f 1824 2042 2443
f 1760 404 1824
f 1824 404 2042
f 1760 3152 404
f 3152 1849 2241
f 2752 2926 259
f 1849 2402 2241
f 2217 2375 274
f 2750 3077 274
f 2402 1849 2961
f 1849 2495 2961
f 1849 2217 2495
f 274 3324 2217
f 2217 3324 2495
f 448 2351 794
f 114 173 502
f 581 114 502
f 1977 1524 1685
f 1859 1524 1977
f 349 1859 741
f 349 2098 1859
f 459 2098 349
f 1972 2697 2358
f 2082 2322 136
f 1430 2996 2082
f 2996 1430 1785
f 718 2504 1636
f 70 1785 2725
f 1407 921 718
f 2174 2090 1136
f 3084 2518 186
f 2174 867 2090
f 445 1745 2861
f 867 126 1967
f 903 567 2743
f 3200 2741 567
f 567 2741 2743
f 2035 3055 865
f 2542 1081 865
f 2542 1462 2004
f 2748 674 2353
f 991 746 674
f 3001 1184 1462
f 54 746 991
f 746 54 3361
f 2282 1184 579
f 1993 250 1934
f 2158 2372 1993
f 2372 250 1993
f 3174 3319 220
f 1395 3047 1891
f 3174 1812 970
f 970 1812 3310
f 1334 3310 1812
f 2131 3306 1376
f 1334 2131 1376
f 3310 1334 1376
f 3306 808 3026
f 1376 3306 3026
f 2970 2443 3149
f 3023 119 1340
f 717 723 119
f 723 2730 2388
f 2388 2730 3013
f 2443 2042 905
f 2042 677 905
f 2042 404 677
f 404 3152 677
f 2388 3013 2117
f 3152 2241 677
f 2320 259 2117
f 2320 2752 259
f 2992 2402 2961
f 2961 2495 793
f 3324 274 3077
f 3324 793 2495
f 3324 3077 834
f 834 793 3324
f 53 2351 448
f 86 53 448
f 2081 86 448
f 2876 173 1969
f 114 1969 173
f 924 467 2351
f 1524 581 1685
f 467 924 1518
f 3014 1787 1269
f 1787 3014 291
f 459 2358 2697
f 1972 2796 2697
f 1531 1262 1362
f 136 1727 1972
f 663 1362 600
f 2322 1727 136
f 663 908 1730
f 1136 1407 2029
f 2725 2566 1199
f 126 867 2174
f 2743 2741 1398
f 501 1967 3099
f 3200 1587 2741
f 3099 3055 501
f 865 3099 2542
f 865 3055 3099
f 2882 2723 945
f 2542 2004 1081
f 3001 1462 2542
f 579 1184 3001
f 746 3361 2848
f 3247 1184 2282
f 3247 2795 2108
f 623 3247 2108
f 2108 670 623
f 623 670 1279
f 623 1279 1818
f 2923 2372 2158
f 670 1163 220
f 670 220 1279
f 3174 220 1163
f 2858 3174 1163
f 2858 1812 3174
f 1537 1812 2858
f 1812 1537 1334
f 1537 3155 1334
f 2131 1334 3155
f 2970 3149 1589
f 260 1589 3149
f 1340 2901 3023
f 3149 964 260
f 3149 2443 964
f 2730 723 717
f 2443 905 964
f 939 964 905
f 939 905 677
f 3013 2320 2117
f 677 2241 1164
f 1164 2241 3031
f 2992 3031 2241
f 2241 2402 2992
f 2768 834 3077
f 2081 2662 86
f 86 2662 3156
f 1518 924 2645
f 1524 1859 111
f 1859 3355 111
f 1787 291 549
f 1584 1787 549
f 549 1531 1584
f 1262 600 1362
f 2818 908 663
f 2996 2971 2082
f 1785 2584 2996
f 1432 1785 70
f 70 2725 1199
f 2174 1136 854
f 2100 126 2174
f 3099 1967 1114
f 1587 2723 2741
f 2882 2353 84
f 3247 2282 433
f 2795 1542 1827
f 2108 2795 1827
f 670 2108 1827
f 1542 2314 1827
f 1827 1163 670
f 190 2923 1891
f 1827 2314 2514
f 190 1891 3248
f 2514 1163 1827
f 2514 2314 1147
f 2514 2858 1163
f 2514 1147 1039
f 3248 3047 1589
f 1039 2858 2514
f 1537 2858 1039
f 1537 1039 1345
f 3155 1158 2131
f 2131 1158 613
f 2131 613 3306
f 1589 260 3248
f 1718 808 3306
f 174 3248 260
f 2901 808 1718
f 1463 2901 1718
f 1463 3023 2901
f 664 260 964
f 3023 717 119
f 939 677 1965
f 2730 717 2419
f 2730 2419 1290
f 1290 3013 2730
f 1290 2279 3013
f 542 2320 2279
f 2320 3013 2279
f 2752 769 2926
f 2926 769 3077
f 769 2768 3077
f 834 2670 793
f 841 793 2670
f 3156 2662 2075
f 2482 3156 2075
f 2482 2075 2629
f 2876 2482 2629
f 114 581 891
f 3208 1269 889
f 2354 3208 889
f 3355 1859 1134
f 1859 2098 1134
f 1262 1531 549
f 2098 459 2697
f 1727 2796 1972
f 1727 217 2796
f 2996 2584 2971
f 1432 2584 1785
f 2174 854 2100
f 2861 2407 3084
f 3084 2407 2518
f 2542 3099 2253
f 84 2723 2882
f 2353 2954 84
f 674 2954 2353
f 674 2915 2954
f 2848 2915 746
f 2915 674 746
f 2795 3247 433
f 250 2848 3361
f 2795 433 1542
f 525 2314 1542
f 2348 2314 525
f 2348 1147 2314
f 1147 2180 1039
f 2180 1345 1039
f 1550 1537 1345
f 1537 1550 3155
f 2853 613 1158
f 613 1718 3306
f 2058 613 2853
f 2058 1718 613
f 160 1718 2058
f 160 1463 1718
f 160 2058 2668
f 260 664 174
f 160 2444 1463
f 1463 3189 3023
f 2444 3189 1463
f 2444 160 2668
f 1674 2444 2668
f 964 939 664
f 1530 664 939
f 717 3023 3189
f 2444 2419 3189
f 2419 717 3189
f 677 1164 1965
f 1341 2419 2444
f 2419 1341 1290
f 1290 1341 2279
f 2279 1341 951
f 951 542 2279
f 542 951 3325
f 542 2752 2320
f 542 3325 2752
f 2752 3325 769
f 793 2162 2961
f 793 841 2162
f 2482 2876 1969
f 114 1368 1969
f 111 891 581
f 581 1524 111
f 2645 924 21
f 3208 847 1269
f 847 3014 1269
f 1892 111 3355
f 549 291 1865
f 1865 1262 549
f 2697 1134 2098
f 600 2818 663
f 2818 1636 908
f 2971 2322 2082
f 718 1636 3235
f 1407 718 3235
f 2029 854 1136
f 2518 3173 186
f 3173 2566 186
f 3173 1199 2566
f 1520 3099 1114
f 3099 1520 2253
f 421 3001 2542
f 2848 250 1450
f 190 2372 2923
f 2348 3341 1147
f 3248 1891 3047
f 1375 2180 1147
f 174 190 3248
f 1550 1345 390
f 3155 1683 1158
f 2853 1158 1683
f 2171 2058 2853
f 2171 2668 2058
f 3027 2258 2171
f 2258 2668 2171
f 2668 2258 1674
f 939 2700 1530
f 2700 939 1965
f 2258 526 2535
f 2258 2535 1674
f 2535 526 347
f 1674 3329 3082
f 1674 2535 3329
f 1674 3082 2444
f 1164 3031 1965
f 1965 3031 1841
f 2444 3082 1341
f 3031 2992 1841
f 347 2331 2535
f 2535 1885 3329
f 3082 877 1341
f 1341 877 951
f 2535 2331 1885
f 3082 3329 877
f 3329 43 877
f 877 1275 951
f 877 43 1275
f 1275 3325 951
f 1841 2992 597
f 3329 1885 43
f 1275 43 2496
f 253 1275 2496
f 253 3325 1275
f 253 3090 3325
f 2992 2961 597
f 1885 3068 43
f 3090 769 3325
f 841 2209 2162
f 1952 111 1819
f 3208 1483 847
f 3208 583 1483
f 2645 3208 2354
f 2645 583 3208
f 1892 1819 111
f 1134 1892 3355
f 600 1262 156
f 156 2818 600
f 1636 1625 1422
f 2818 1625 1636
f 2971 1664 2322
f 1422 3235 1636
f 3235 2029 1407
f 1199 2906 70
f 126 2100 1970
f 2861 1745 2407
f 1114 1967 126
f 903 2743 1745
f 2741 2723 2530
f 421 2542 2253
f 2848 2694 2915
f 433 2282 937
f 2676 1450 250
f 250 2372 2676
f 1542 3180 525
f 82 2348 525
f 3341 1375 1147
f 3155 1550 2576
f 2576 1683 3155
f 3027 2853 1683
f 1683 329 3027
f 3027 2171 2853
f 153 3027 329
f 153 1511 3027
f 1511 2258 3027
f 664 1530 1546
f 1511 526 2258
f 2859 1511 691
f 1511 2859 526
f 2859 347 526
f 2859 691 134
f 2859 2891 347
f 2891 2331 347
f 134 1232 2859
f 2859 1232 2891
f 2891 337 2331
f 2331 337 611
f 2891 2013 337
f 611 1885 2331
f 2193 43 3068
f 2193 2496 43
f 337 2096 611
f 2193 420 2496
f 1885 611 1317
f 1885 1317 3068
f 3068 1317 2193
f 611 2096 1317
f 3090 627 769
f 253 627 3090
f 3089 2768 769
f 1317 420 2193
f 769 627 3089
f 1232 1361 2891
f 2891 1361 2013
f 2013 2096 337
f 420 1317 2639
f 1317 1197 2639
f 3089 834 2768
f 3089 2670 834
f 1317 2096 1197
f 1605 2013 1361
f 2013 1124 2096
f 2013 1605 482
f 2096 1124 1197
f 1197 1124 533
f 2013 482 1124
f 1124 2111 533
f 533 620 1197
f 482 1605 3281
f 1124 482 2111
f 2111 620 533
f 3281 1938 482
f 482 1938 2111
f 2111 1938 2546
f 2111 2546 620
f 1938 1616 16
f 1938 16 2546
f 53 924 2351
f 1426 924 53
f 86 2333 53
f 86 3156 890
f 891 1368 114
f 891 111 1952
f 21 924 2317
f 1952 1819 2714
f 1134 2697 306
f 438 2818 156
f 1664 3299 2322
f 751 1520 1114
f 84 2530 2723
f 2909 3001 421
f 2909 579 3001
f 2282 579 937
f 2915 1563 2954
f 433 1446 1542
f 1542 1446 2742
f 2742 3180 1542
f 1707 2676 2372
f 525 3180 82
f 190 1707 2372
f 800 190 2604
f 190 174 2604
f 390 1345 2180
f 174 3185 2604
f 61 1683 2576
f 174 664 3185
f 61 2248 329
f 329 1683 61
f 3185 664 1546
f 2248 153 329
f 2248 1511 153
f 688 2700 1965
f 3153 691 2248
f 691 1511 2248
f 3153 927 691
f 927 3153 1177
f 927 134 691
f 927 1238 134
f 1965 1841 3127
f 927 1698 1238
f 1238 1232 134
f 597 2961 2162
f 1238 1698 577
f 1238 577 1232
f 2801 253 2496
f 420 1532 2496
f 2496 1532 2801
f 2801 627 253
f 442 3089 627
f 420 2639 1532
f 2801 1878 627
f 627 1878 442
f 1532 2639 2571
f 1532 1878 2801
f 442 1770 3089
f 3089 1770 2670
f 1770 841 2670
f 2421 2571 2639
f 1232 3062 1361
f 2421 2639 1197
f 3062 1232 577
f 3062 1605 1361
f 2571 2421 716
f 2571 716 801
f 3062 1814 1605
f 2421 1496 716
f 1814 2359 1605
f 1197 620 2421
f 2421 620 1496
f 2359 471 3281
f 2359 3281 1605
f 1961 1894 471
f 471 1894 1523
f 471 1938 3281
f 1616 1938 471
f 620 2546 1496
f 471 1523 1616
f 1523 16 1616
f 16 534 2546
f 1076 534 16
f 2546 2000 1496
f 2546 534 2000
f 534 1076 1594
f 890 2333 86
f 2321 890 3156
f 583 3230 1483
f 1602 847 1483
f 1602 3014 847
f 1134 38 1892
f 1865 156 1262
f 2322 3299 1727
f 3338 3235 1422
f 2906 1432 70
f 2178 1199 3173
f 2906 1199 2178
f 1003 126 1970
f 373 3173 2518
f 373 2178 3173
f 2407 1745 2112
f 2244 2743 1398
f 2112 2743 2244
f 2743 2112 1745
f 2741 2244 1398
f 2253 1520 1133
f 2741 2530 2244
f 421 2253 1133
f 84 2954 2237
f 2694 1563 2915
f 2848 1450 2694
f 1450 1802 2694
f 3341 1374 1375
f 389 1375 1374
f 1933 390 2180
f 1375 1933 2180
f 1252 1550 390
f 1252 61 2576
f 1550 1252 2576
f 1252 17 61
f 3185 1546 1046
f 140 17 868
f 140 61 17
f 140 2248 61
f 868 1792 140
f 1792 1177 140
f 140 3153 2248
f 1177 3153 140
f 1792 3188 1177
f 3127 688 1965
f 2897 1177 3188
f 1177 2897 927
f 2897 1698 927
f 2239 1698 2897
f 1698 2239 2115
f 1698 2115 577
f 1878 1532 801
f 801 1532 2571
f 1878 801 3109
f 1878 3211 442
f 442 3211 1770
f 175 841 1770
f 801 716 1191
f 3109 801 1191
f 1878 3109 3211
f 841 175 2988
f 841 2988 2209
f 2115 1700 577
f 1995 3062 577
f 1700 1995 577
f 1995 1814 3062
f 1700 1121 2219
f 1700 2219 1995
f 2219 2359 1814
f 2219 1814 1995
f 1961 2219 2153
f 1961 2359 2219
f 1961 2153 1894
f 1961 471 2359
f 1894 2009 1523
f 2009 154 1523
f 154 1076 1523
f 1496 1957 716
f 1076 16 1523
f 1957 1496 2000
f 1076 1474 1594
f 1795 1957 2000
f 1594 2490 534
f 1795 2000 534
f 1795 534 2490
f 2321 3156 2482
f 1426 2317 924
f 593 891 2203
f 891 1952 2203
f 1952 2714 2203
f 296 304 2645
f 2645 21 296
f 583 2645 304
f 2229 3014 1602
f 1892 2601 1819
f 1819 2601 653
f 2229 291 3014
f 1892 38 2601
f 291 2229 1865
f 1865 2229 3210
f 3210 156 1865
f 2697 2796 463
f 156 280 438
f 1493 2584 1432
f 1432 2906 1493
f 1603 1970 2100
f 2330 2906 2178
f 2330 1493 2906
f 1003 1114 126
f 2518 2407 1844
f 373 2518 1844
f 2407 2112 1844
f 2244 661 2112
f 2530 1089 2244
f 2711 2909 421
f 84 2057 2530
f 2237 2057 84
f 2237 2954 1563
f 2676 1802 1450
f 2924 3180 2742
f 190 298 1707
f 190 800 298
f 2348 82 3341
f 1375 389 1933
f 390 787 1252
f 390 1933 787
f 3185 1046 2604
f 1252 2302 17
f 787 2302 1252
f 1530 2700 1546
f 3277 1792 868
f 3277 868 2318
f 3277 3188 1792
f 1979 1841 597
f 2115 2239 1502
f 2162 1662 597
f 2209 1662 2162
f 1700 2115 1121
f 1191 1553 3109
f 2548 3211 3109
f 3211 2548 1770
f 2548 175 1770
f 3109 1553 2548
f 1370 2219 1121
f 1370 1949 2153
f 2219 1370 2153
f 1191 716 1680
f 2153 1949 1894
f 197 2009 1894
f 1949 197 1894
f 1639 154 2009
f 1639 1159 154
f 154 1159 1076
f 1957 1680 716
f 1159 1474 1076
f 1957 2922 1680
f 1957 1795 2922
f 1474 2490 1594
f 2490 781 1795
f 1187 2321 2482
f 1187 2482 1969
f 1368 1187 1969
f 593 1368 891
f 1135 1368 593
f 3230 1809 1483
f 1809 1602 1483
f 653 2714 1819
f 156 3210 2712
f 306 38 1134
f 2697 463 306
f 1625 2818 438
f 217 463 2796
f 2575 217 1727
f 463 217 2575
f 3235 3338 2029
f 2584 1664 2971
f 2584 309 1664
f 2297 854 2029
f 2330 2001 1493
f 1844 2661 373
f 2661 2051 373
f 2051 2178 373
f 2178 2051 2330
f 661 436 2112
f 2244 1089 661
f 2530 2057 1089
f 2057 1492 1089
f 937 579 2909
f 937 2550 433
f 2550 2742 1446
f 1707 1802 2676
f 2040 3180 2924
f 2040 82 3180
f 375 3341 82
f 2604 2215 800
f 2604 3269 2215
f 2515 1933 389
f 3269 2604 1046
f 2515 787 1933
f 1085 787 2515
f 2302 787 1085
f 1546 551 1046
f 17 2302 868
f 1085 868 2302
f 2318 868 1085
f 2194 2700 688
f 3277 408 3188
f 1460 2897 3188
f 884 3127 1841
f 1460 2239 2897
f 1841 1568 884
f 1460 1152 2239
f 1841 1979 1568
f 1152 1502 2239
f 1121 2115 1502
f 1121 1502 2188
f 2188 1502 2772
f 2209 996 1662
f 2962 175 2548
f 2962 2548 1553
f 2753 2962 1553
f 175 2962 2598
f 175 2598 2988
f 2188 1370 1121
f 1553 1191 1680
f 1370 3011 1949
f 1703 197 3011
f 197 1949 3011
f 1639 2009 197
f 1639 91 1159
f 2445 1159 91
f 2445 1474 1159
f 1900 2490 1474
f 2490 1900 781
f 781 2922 1795
f 53 2333 1426
f 593 2203 1174
f 2183 304 296
f 2183 2690 304
f 2549 1809 3230
f 1618 3230 583
f 1618 2549 3230
f 304 1618 583
f 2712 3210 2229
f 2104 2247 306
f 306 463 2104
f 1422 3236 3338
f 2297 2029 3338
f 2584 2695 309
f 854 2297 2100
f 1493 1686 2584
f 1686 2695 2584
f 1603 1003 1970
f 2001 1686 1493
f 2112 436 1844
f 1844 2223 2661
f 1520 751 1270
f 1270 1133 1520
f 1089 1093 661
f 2711 3327 2909
f 2237 2835 2057
f 1492 2057 2835
f 2430 2835 2237
f 1563 2430 2237
f 2694 2944 1563
f 2943 1563 2944
f 1802 2944 2694
f 2550 1446 433
f 1707 2632 1802
f 298 2632 1707
f 800 2215 298
f 2760 1374 3341
f 2760 389 1374
f 1925 2515 389
f 3269 1046 2293
f 1046 551 88
f 1546 1920 551
f 2700 1920 1546
f 568 1085 2515
f 2318 3126 3277
f 3277 3126 408
f 3188 408 1460
f 1460 408 2622
f 1460 1090 1152
f 597 1662 1979
f 1152 1090 1502
f 1662 996 2169
f 996 2209 2988
f 805 1370 2188
f 2753 2598 2962
f 2988 2598 996
f 1370 805 3011
f 3011 805 2077
f 3011 2077 3168
f 3168 1703 3011
f 2753 1553 1680
f 197 1703 1639
f 1703 2266 1639
f 91 1639 2266
f 2753 1680 3268
f 2445 1900 1474
f 1900 1170 781
f 3268 1680 2922
f 356 3268 2922
f 3268 356 643
f 1170 2922 781
f 1170 356 2922
f 1135 1187 1368
f 296 21 2183
f 21 2317 2183
f 1618 3301 2549
f 2728 1618 304
f 304 2690 2728
f 653 2474 2714
f 2229 1602 2250
f 2229 2250 2712
f 2712 280 156
f 38 306 2247
f 438 3236 1625
f 1625 3236 1422
f 2466 3338 3236
f 2466 2297 3338
f 1664 2782 3299
f 2001 2334 1686
f 734 751 1114
f 734 1270 751
f 2223 1844 436
f 1093 436 661
f 1133 1270 3194
f 1492 1093 1089
f 2711 421 2257
f 2257 421 1133
f 874 2909 3327
f 2430 2641 2835
f 2430 2737 2641
f 2943 2430 1563
f 2737 2430 2943
f 874 937 2909
f 2674 937 874
f 2550 937 2674
f 3039 2944 1802
f 3039 1802 2632
f 2742 2550 2924
f 298 2161 2632
f 298 2215 2161
f 423 3341 375
f 423 2760 3341
f 2215 3269 2161
f 2161 3269 2293
f 2760 1925 389
f 1046 88 2293
f 2141 2515 1925
f 3323 568 2515
f 1085 568 2318
f 3126 2318 568
f 3127 1774 688
f 2622 1090 1460
f 3067 1979 1662
f 1090 2772 1502
f 3067 2169 1843
f 3067 1662 2169
f 805 2188 1911
f 996 2598 973
f 996 2986 2169
f 996 973 2986
f 2986 973 679
f 2986 679 2169
f 2753 2508 2598
f 3182 91 2266
f 3268 643 2753
f 2508 2753 643
f 2445 1307 1900
f 356 1094 643
f 2778 1426 2333
f 2333 940 2778
f 37 890 2321
f 2581 1187 1135
f 2728 3301 1618
f 2300 1174 2203
f 2284 1602 1809
f 2601 38 2247
f 2950 438 280
f 2104 463 2836
f 2276 2466 3236
f 1727 3299 2575
f 1437 2297 2466
f 388 2297 1437
f 309 2782 1664
f 1603 2100 388
f 388 2100 2297
f 2001 2628 2334
f 2330 2628 2001
f 95 2628 2330
f 2051 95 2330
f 1270 734 2362
f 2223 1352 2661
f 1352 95 2661
f 95 2051 2661
f 436 1424 2223
f 2821 2223 1424
f 2821 1352 2223
f 3194 2257 1133
f 1424 436 1093
f 1093 2937 1424
f 2821 1424 635
f 2821 635 1352
f 1797 3327 2711
f 2937 1093 1492
f 1176 1492 2835
f 2937 1492 1176
f 3327 1797 874
f 2835 2641 1176
f 2943 3160 2737
f 2943 2944 3160
f 2944 3039 3160
f 1477 2550 2674
f 1477 2924 2550
f 2632 2138 3039
f 2161 2138 2632
f 2040 2924 3054
f 375 82 2040
f 844 423 375
f 2161 2293 1458
f 2494 1925 2760
f 2270 2293 88
f 2270 88 1006
f 2011 568 3323
f 1774 2194 688
f 2011 3126 568
f 2511 408 3126
f 859 2622 408
f 1979 1338 1568
f 3232 1090 2622
f 3067 1338 1979
f 2434 1090 3232
f 1314 1338 3067
f 1843 1314 3067
f 1911 2188 2772
f 1843 2169 1268
f 804 2077 805
f 2169 679 1268
f 3168 2077 804
f 679 973 1040
f 973 2598 2508
f 2508 1040 973
f 91 1378 2445
f 2508 262 1040
f 1378 1307 2445
f 643 1094 262
f 643 262 2508
f 1170 2811 356
f 940 2333 890
f 1453 2317 1426
f 1809 2549 2052
f 2052 2284 1809
f 2284 26 2250
f 2250 1602 2284
f 83 2712 2250
f 83 280 2712
f 83 2950 280
f 3236 438 2950
f 1437 2466 2276
f 3299 2036 2575
f 2782 2036 3299
f 2695 1074 309
f 2695 1080 1074
f 1686 1080 2695
f 1686 1371 1080
f 2334 1371 1686
f 2628 109 2334
f 734 1003 3339
f 1114 1003 734
f 95 2069 2628
f 1352 2069 95
f 2257 1287 2711
f 635 1424 2587
f 2666 1352 635
f 1797 2711 1287
f 2587 1424 2937
f 635 1271 2666
f 2587 2541 635
f 1176 2424 2937
f 2587 2937 2424
f 2641 150 1176
f 2424 1176 150
f 1008 2641 2737
f 1998 2674 874
f 3160 1008 2737
f 1008 3136 1075
f 3160 3136 1008
f 3160 3039 3136
f 1241 2674 1998
f 3039 1777 3136
f 2672 1477 1241
f 1241 1477 2674
f 2672 3054 2924
f 2672 2924 1477
f 3039 2138 1777
f 1513 1777 591
f 2138 591 1777
f 2161 1458 591
f 2161 591 2138
f 2040 844 375
f 1122 844 2040
f 591 1458 1165
f 1458 1266 1165
f 2285 423 844
f 1458 2293 1266
f 1642 1165 1266
f 2285 2760 423
f 2494 2760 2285
f 1266 2293 2270
f 2270 2716 1266
f 2716 2270 1006
f 1006 88 300
f 2141 3323 2515
f 300 88 551
f 1920 300 551
f 300 2145 1006
f 2145 300 545
f 300 1920 545
f 2700 2194 1920
f 545 1920 2194
f 2011 3323 2838
f 2194 76 157
f 2194 1774 2196
f 2194 2196 76
f 2511 3126 2011
f 3127 1724 1774
f 2511 859 408
f 884 1724 3127
f 884 1568 1106
f 859 3232 2622
f 1314 2726 1338
f 1314 1904 2726
f 1314 675 1904
f 1346 675 1843
f 1843 675 1314
f 1346 1268 1704
f 1268 1346 1843
f 805 2072 804
f 2186 849 1268
f 1040 2186 679
f 2186 1268 679
f 3168 2266 1703
f 2186 1040 262
f 1307 1170 1900
f 2811 2681 356
f 262 1094 3171
f 37 940 890
f 37 2321 1187
f 1453 1426 2778
f 1135 593 473
f 616 2183 2317
f 616 2690 2183
f 2052 3301 1782
f 2052 2549 3301
f 1440 2284 2052
f 1440 26 2284
f 971 2250 26
f 2203 2714 2474
f 971 83 2250
f 2950 2276 3236
f 2575 477 463
f 477 2575 1377
f 1227 1437 2276
f 2036 1377 2575
f 309 2964 2782
f 740 388 1437
f 309 1074 2964
f 740 1603 388
f 1074 1080 789
f 789 1080 1371
f 2628 2069 109
f 1352 2666 2069
f 1271 635 2541
f 2666 1271 1488
f 1998 874 1797
f 2424 243 2587
f 2587 243 2541
f 150 475 2424
f 2424 475 243
f 1271 2541 2609
f 2609 2541 243
f 243 1185 2609
f 243 475 1185
f 150 2641 1008
f 1075 150 1008
f 150 1075 475
f 475 2963 1185
f 475 1075 2963
f 3136 1513 1075
f 1777 1513 3136
f 1513 2767 1075
f 2963 1075 2767
f 3054 1122 2040
f 2767 1513 3345
f 591 3345 1513
f 3345 1571 978
f 3345 591 1165
f 1571 786 978
f 1165 1571 3345
f 2242 2285 844
f 1642 1571 1165
f 1266 289 1642
f 1266 2716 289
f 1872 2716 1006
f 2716 1872 870
f 2716 870 289
f 1006 45 1872
f 1006 2145 45
f 870 1872 3278
f 1872 45 3278
f 2145 545 2717
f 157 545 2194
f 2717 545 157
f 1724 2196 1774
f 884 1106 1724
f 2899 1568 1338
f 2899 1338 1259
f 2726 1259 1338
f 2726 1904 1259
f 1346 1704 675
f 849 77 2233
f 1704 849 2233
f 1665 1911 2772
f 849 1704 1268
f 1911 2072 805
f 2186 610 849
f 262 762 2186
f 762 610 2186
f 1419 1378 91
f 1307 345 1170
f 1170 345 2811
f 3171 762 262
f 356 2681 1094
f 1094 2681 2206
f 1094 2206 3171
f 940 3 2778
f 355 37 1187
f 2581 355 1187
f 2581 1135 473
f 2317 1453 616
f 2690 1311 2728
f 1311 2690 616
f 3301 2555 731
f 3301 2728 2555
f 2052 1782 161
f 731 1782 3301
f 1440 2052 161
f 2203 2474 2300
f 2020 2950 83
f 2601 2247 1661
f 2950 1227 2276
f 477 2836 463
f 2964 2036 2782
f 1603 740 1380
f 3339 1603 1380
f 3339 1003 1603
f 1371 2338 789
f 1371 2334 2142
f 3194 2362 1987
f 2362 3194 1270
f 2666 1829 2069
f 1287 2257 3194
f 2666 1514 1829
f 1488 1514 2666
f 1998 1797 963
f 1472 1488 1271
f 1514 1488 1472
f 1271 2609 1472
f 1185 239 2609
f 2609 239 1472
f 1998 963 1241
f 1185 2963 2435
f 1185 2435 239
f 1472 239 3058
f 2435 1943 239
f 3058 239 1943
f 1901 812 1241
f 2963 2767 2435
f 2435 3332 1943
f 2672 1241 812
f 2767 3332 2435
f 2672 267 3054
f 3332 671 1943
f 1218 1943 671
f 1218 671 2597
f 2767 357 3332
f 3332 357 671
f 671 357 2597
f 357 2767 3345
f 357 3345 978
f 357 978 2597
f 2157 844 1122
f 2157 2242 844
f 786 1571 809
f 1642 3124 1571
f 1571 3124 809
f 3124 1642 289
f 289 163 3124
f 2498 2141 1925
f 757 809 3124
f 163 289 870
f 360 870 3278
f 757 3124 163
f 45 361 3278
f 870 360 1182
f 870 1182 163
f 163 1854 757
f 3278 361 765
f 3278 765 360
f 360 765 2958
f 360 2958 1182
f 163 1182 1854
f 2717 791 2145
f 361 45 2145
f 361 2145 791
f 157 3203 2717
f 791 2717 3203
f 2659 3203 157
f 2659 157 76
f 1724 76 2196
f 2684 76 1724
f 2659 76 2684
f 1724 1106 2684
f 1568 2899 1106
f 2899 2987 1106
f 2613 2987 3101
f 2987 2899 3101
f 1285 1904 930
f 1259 1285 3101
f 2899 1259 3101
f 1904 1285 1259
f 1904 2464 930
f 675 2464 1904
f 2233 3296 1704
f 1704 3296 675
f 1090 911 2772
f 2434 911 1090
f 2772 911 1665
f 610 77 849
f 965 2266 3168
f 1378 2385 1307
f 345 2681 2811
f 1100 1453 2778
f 1100 2778 3
f 818 355 2581
f 818 2581 473
f 593 1651 473
f 1311 2555 2728
f 400 971 26
f 400 83 971
f 3131 2474 653
f 400 2020 83
f 653 2601 1661
f 2735 1661 2247
f 383 2950 2020
f 2735 2247 2104
f 383 1227 2950
f 1074 336 2964
f 1074 789 544
f 2338 2624 789
f 109 2142 2334
f 109 2069 1829
f 411 963 1797
f 1472 666 1514
f 666 1472 1971
f 666 1971 2731
f 1901 1241 963
f 3058 1971 1472
f 2113 1971 3058
f 2113 3058 1943
f 3113 1943 1218
f 812 267 2672
f 2597 1494 1218
f 3054 418 1122
f 2597 2999 1494
f 2999 2597 978
f 418 2157 1122
f 786 2999 978
f 786 809 704
f 2999 786 704
f 809 757 704
f 2242 1608 2494
f 2285 2242 2494
f 704 1070 425
f 2498 1925 2494
f 757 1854 704
f 704 1854 1070
f 425 1070 3071
f 1070 3151 3071
f 3151 3029 3092
f 3151 1070 3029
f 1867 361 791
f 1854 3029 1070
f 791 2364 1867
f 361 1867 765
f 765 2658 2958
f 2958 3164 1182
f 2958 2658 3164
f 1182 3164 1854
f 1854 3164 72
f 1854 72 3029
f 3203 2364 791
f 1867 1902 765
f 765 1902 2658
f 3164 2658 72
f 3203 2659 2873
f 3203 2873 2364
f 1498 2659 2684
f 2873 2659 1498
f 1498 2684 1358
f 2987 2684 1106
f 1358 2684 2987
f 2987 2613 1358
f 307 1358 2613
f 3232 859 219
f 675 3296 2464
f 384 1665 911
f 804 965 3168
f 3182 2266 965
f 3182 1419 91
f 1419 3176 1378
f 345 1307 2385
f 3171 1312 762
f 2681 3253 2206
f 2206 1312 3171
f 37 2509 940
f 37 355 2509
f 69 1100 3
f 1310 1311 2367
f 616 2367 1311
f 400 26 3298
f 3298 1067 400
f 400 1067 2020
f 653 1344 3131
f 1344 653 1661
f 1661 2735 1344
f 2735 2104 1066
f 2836 1066 2104
f 2836 477 1066
f 1227 2634 1437
f 2634 740 1437
f 1146 3339 1380
f 789 2624 544
f 2338 1371 2142
f 109 1829 2142
f 1806 2142 1829
f 2869 1797 1287
f 1987 1287 3194
f 1901 963 1721
f 271 812 1901
f 3113 2113 1943
f 267 812 271
f 1218 1494 3113
f 418 3054 267
f 1494 780 1234
f 780 1494 2999
f 2999 425 780
f 2999 704 425
f 425 3231 780
f 3231 711 208
f 425 3071 3231
f 711 3231 3071
f 226 3092 3029
f 1867 2045 1902
f 1902 2045 2409
f 2763 2658 1902
f 2763 72 2658
f 949 2364 2873
f 2364 949 1328
f 2364 1328 1867
f 1867 1328 2045
f 1902 2409 2763
f 515 2763 2409
f 2261 2873 1498
f 2873 2261 949
f 2763 515 72
f 2261 1498 2854
f 226 72 515
f 3029 72 226
f 307 1498 1358
f 2854 307 2925
f 2854 1498 307
f 824 2613 3101
f 824 3101 89
f 307 2613 824
f 1285 89 3101
f 930 722 89
f 930 89 1285
f 2464 1000 930
f 2464 3296 2793
f 3296 2233 2780
f 2076 911 2434
f 911 2076 384
f 77 2780 2233
f 1665 2072 1911
f 2072 2860 804
f 610 376 77
f 3182 3244 1419
f 2594 376 610
f 762 3012 2594
f 762 2594 610
f 2121 345 2385
f 2121 2681 345
f 3253 1312 2206
f 1312 3012 762
f 3 940 2509
f 1645 2509 355
f 818 1645 355
f 2187 818 473
f 616 1453 1100
f 3223 616 1100
f 2367 616 3223
f 1310 2555 1311
f 1174 1651 593
f 1790 161 1782
f 1349 26 1440
f 1349 1440 161
f 1174 2300 1870
f 3298 26 1349
f 2735 1788 1344
f 1227 383 2371
f 98 1788 2735
f 2735 1066 98
f 2371 2634 1227
f 2411 477 1377
f 2411 1377 1309
f 2036 1309 1377
f 2036 2964 1309
f 1146 1380 740
f 2964 336 1309
f 1074 544 336
f 2338 2324 2624
f 734 3339 1877
f 2362 734 1877
f 2142 1806 2338
f 411 1797 2869
f 2890 1514 666
f 2890 666 2731
f 3088 1721 963
f 1721 271 1901
f 1971 2113 2731
f 2113 3113 381
f 1234 3113 1494
f 780 3231 1234
f 2543 3231 208
f 317 2543 208
f 317 208 3257
f 711 3071 767
f 3151 767 3071
f 3151 3092 767
f 226 1737 3092
f 1328 949 1931
f 1328 1931 2045
f 226 2095 2516
f 949 2261 1301
f 949 1301 1931
f 3021 2045 1931
f 2045 3021 2409
f 515 3021 584
f 515 2409 3021
f 584 270 515
f 1301 2261 2854
f 219 859 2511
f 270 226 515
f 226 270 2095
f 824 89 2935
f 307 824 2935
f 307 2935 2925
f 930 1000 722
f 3296 2780 1515
f 3296 1515 2793
f 804 2860 965
f 1419 883 3176
f 3176 2385 1378
f 2681 2121 864
f 3253 2681 864
f 1645 2287 2509
f 624 3 2509
f 1645 818 2187
f 473 798 2187
f 473 1651 798
f 1963 1790 1782
f 731 1963 1782
f 161 1087 1349
f 2018 2300 2474
f 3131 2018 2474
f 3131 1344 1273
f 2020 1067 2619
f 2619 383 2020
f 2619 2371 383
f 3262 98 1066
f 1066 477 2411
f 2634 2236 740
f 1309 3107 2411
f 2640 3107 1309
f 1309 336 2640
f 3339 1146 1178
f 1146 2022 1178
f 2624 2324 2129
f 1877 3339 1178
f 2324 2338 11
f 1806 11 2338
f 3032 11 1806
f 1829 2890 1806
f 3032 1806 2890
f 2869 1287 1987
f 1514 2890 1829
f 411 3088 963
f 2538 271 1721
f 2538 267 271
f 267 2538 3183
f 3183 418 267
f 1234 3231 2789
f 418 3267 3167
f 2789 3231 2543
f 3167 2157 418
f 2412 2543 317
f 3257 208 712
f 712 208 711
f 3092 1021 767
f 2449 3323 2141
f 1021 3092 1737
f 2449 2838 3323
f 1466 2838 2449
f 2838 294 2011
f 2553 2197 223
f 2553 223 270
f 584 2553 270
f 1667 1301 1364
f 1931 1301 1667
f 1931 1667 3308
f 1931 3308 3021
f 584 3308 2197
f 3021 3308 584
f 584 2197 2553
f 1428 219 2511
f 2925 2151 1695
f 2925 1695 1364
f 1364 1695 1667
f 2854 1364 1301
f 89 1581 2935
f 2935 1581 2151
f 2935 2151 2925
f 2925 1364 2854
f 89 722 1581
f 2464 2793 1000
f 489 3232 219
f 489 2434 3232
f 489 2076 2434
f 3340 384 2076
f 77 3146 2780
f 928 384 703
f 928 1665 384
f 1665 928 2072
f 376 3146 77
f 2594 2292 376
f 3012 2292 2594
f 1084 3253 864
f 3253 1084 363
f 3253 363 1312
f 1312 363 3012
f 2287 624 2509
f 2221 2287 1645
f 624 69 3
f 2221 1645 2187
f 3223 1100 69
f 2159 2555 1310
f 1310 2367 1959
f 731 2555 2159
f 1790 1963 2003
f 2003 1087 1790
f 1087 161 1790
f 214 1870 2300
f 2018 214 2300
f 1273 2018 3131
f 950 1067 3298
f 1273 1344 758
f 2619 1923 2371
f 98 727 1788
f 98 3262 727
f 2634 2371 2236
f 2411 3262 1066
f 842 1975 740
f 842 740 2236
f 1975 1146 740
f 336 544 414
f 2624 414 544
f 2624 2129 414
f 1178 2022 2939
f 2324 1884 2129
f 2362 1877 131
f 11 1884 2324
f 1291 2362 131
f 1987 2362 1291
f 2890 125 3032
f 2731 125 2890
f 3175 1721 3088
f 2731 2113 125
f 3175 2538 1721
f 125 2113 2325
f 3175 1808 2538
f 381 2325 2113
f 3113 1234 381
f 381 1234 2789
f 3183 3267 418
f 1604 2789 2543
f 1604 2543 2412
f 907 2242 2157
f 907 1608 2242
f 711 767 712
f 712 767 1021
f 1608 2224 2494
f 2494 2224 2498
f 2498 2449 2141
f 1021 1737 73
f 1669 1737 2516
f 226 2516 1737
f 2095 2477 2688
f 2095 2688 2516
f 294 2511 2011
f 270 223 2477
f 270 2477 2095
f 2511 294 1428
f 1695 2749 886
f 1695 886 1667
f 1667 886 3308
f 3308 886 2197
f 2151 2718 3108
f 2151 2749 1695
f 2151 3108 2749
f 1581 2718 2151
f 722 1069 1581
f 2793 1113 1000
f 722 1000 1113
f 1515 453 2793
f 1526 118 2780
f 3340 446 384
f 3146 1526 2780
f 446 703 384
f 3146 2280 1526
f 1305 2860 2072
f 92 3182 965
f 3244 883 1419
f 883 2446 3176
f 2121 2385 3176
f 2287 1805 624
f 3223 69 624
f 2367 3223 1887
f 3110 2809 731
f 2159 3110 731
f 1870 1651 1174
f 214 1651 1870
f 434 3298 1349
f 1423 214 2018
f 1423 2018 1273
f 950 3298 434
f 2619 1067 950
f 1344 1788 758
f 727 3262 1030
f 1679 3262 2411
f 2411 3107 1679
f 2939 2022 2416
f 11 2810 1884
f 3032 2810 11
f 1987 1291 1615
f 1291 618 1615
f 1615 2869 1987
f 3032 966 2810
f 125 966 3032
f 721 966 125
f 3088 1389 3175
f 2325 721 125
f 3183 2538 1808
f 721 2325 3125
f 381 2789 2325
f 2325 1604 3125
f 2325 2789 1604
f 1604 2412 1107
f 1107 2412 596
f 596 2412 317
f 317 3257 596
f 907 2157 3167
f 3167 990 907
f 283 712 1021
f 73 283 1021
f 2498 2224 2449
f 2449 2224 2116
f 73 1737 1669
f 2688 2084 3004
f 2688 3004 942
f 2477 223 2176
f 2477 2176 2084
f 2688 942 1669
f 2688 1669 2516
f 2477 2084 2688
f 2838 319 294
f 2838 1466 319
f 2259 3237 2197
f 2197 3237 223
f 2705 2259 886
f 886 2259 2197
f 2904 1428 294
f 294 319 2904
f 886 2749 2705
f 722 1113 1069
f 1069 2718 1581
f 489 219 1428
f 453 1113 2793
f 2780 118 1515
f 3340 2076 2303
f 3146 694 2280
f 694 376 2292
f 376 694 3146
f 965 2860 92
f 92 3244 3182
f 3012 1464 2292
f 2446 2121 3176
f 3012 363 1464
f 3223 1475 1887
f 3223 624 1475
f 898 798 1651
f 1963 731 2809
f 3226 898 1651
f 214 3226 1651
f 1087 2003 143
f 1087 143 2087
f 1087 2087 434
f 434 1349 1087
f 2828 214 1423
f 2828 1423 3042
f 1423 1273 3042
f 1273 758 3042
f 3042 758 807
f 758 1788 807
f 807 1788 2980
f 1788 727 2980
f 1030 3262 450
f 1679 450 3262
f 3107 1539 1679
f 3107 2640 861
f 2640 749 861
f 2640 336 749
f 414 749 336
f 414 2043 749
f 2022 1146 1975
f 414 2129 2043
f 1884 559 2129
f 1291 131 618
f 411 2869 2520
f 411 2520 3088
f 2520 2869 1615
f 2520 1389 3088
f 1389 555 3175
f 3175 555 1808
f 3125 1604 2522
f 726 3183 1808
f 726 4 3183
f 4 3267 3183
f 1604 1107 2522
f 3257 1574 596
f 486 990 3167
f 712 3162 3257
f 73 1480 283
f 73 1669 1480
f 223 696 2176
f 2259 2945 3237
f 2705 1487 2259
f 3108 2240 2749
f 2749 1487 2705
f 2718 2240 3108
f 1069 1236 2718
f 2819 1069 1113
f 453 2819 1113
f 1515 517 453
f 118 517 1515
f 2303 2076 489
f 2135 703 446
f 703 1305 928
f 1305 2072 928
f 2469 694 2292
f 1464 2469 2292
f 2446 864 2121
f 1032 1805 2287
f 1032 2287 2221
f 1475 624 1805
f 1684 2221 798
f 2221 2187 798
f 898 1684 798
f 1684 898 543
f 898 3226 543
f 3226 214 2828
f 2847 434 2087
f 2847 950 434
f 2619 950 1923
f 450 1282 1030
f 1539 450 1679
f 3107 861 1539
f 749 2043 2329
f 2129 25 2043
f 559 25 2129
f 3019 1877 2939
f 2939 1877 1178
f 3019 131 1877
f 2810 1638 1884
f 1638 2810 1813
f 2044 618 131
f 159 1615 618
f 1615 159 2520
f 966 1813 2810
f 1813 966 2590
f 966 721 2590
f 721 3125 2590
f 49 2590 3125
f 49 3125 2522
f 2522 1256 42
f 2522 1107 1256
f 419 1256 1107
f 3267 486 3167
f 3257 3162 1574
f 283 3162 712
f 1480 387 863
f 1480 863 1945
f 1480 1945 283
f 990 1608 907
f 1669 387 1480
f 990 2224 1608
f 942 2540 387
f 942 387 1669
f 990 2732 2224
f 3004 2540 942
f 1369 696 3237
f 223 3237 696
f 2116 1466 2449
f 2945 1369 3237
f 207 1487 2211
f 1487 207 2945
f 1487 2945 2259
f 2240 2211 1487
f 2240 1487 2749
f 1858 1583 1236
f 1236 1583 2718
f 2819 1858 1069
f 1069 1858 1236
f 2819 1966 1858
f 453 1063 1966
f 453 1966 2819
f 2904 489 1428
f 1489 489 2904
f 1489 264 489
f 453 517 1063
f 264 2303 489
f 1590 118 1526
f 446 3340 2303
f 1726 446 2303
f 2280 1590 1526
f 446 1726 2135
f 1687 1590 2280
f 133 1687 2280
f 694 133 2280
f 2135 1305 703
f 1464 826 2469
f 1084 2898 826
f 1084 864 2898
f 1084 826 363
f 363 826 1464
f 887 1032 2221
f 887 2221 1684
f 1684 543 814
f 3218 2265 543
f 3218 543 3226
f 3226 2828 3218
f 2087 143 1020
f 143 2704 1020
f 143 2003 2704
f 796 950 2847
f 1030 2980 727
f 3117 2371 1923
f 2236 2371 3117
f 3117 842 2236
f 3072 1975 842
f 749 2329 861
f 1909 2022 1975
f 2043 25 614
f 2939 2416 3019
f 559 1638 2277
f 1884 1638 559
f 131 3019 2044
f 1860 2277 1638
f 159 618 2044
f 1860 1638 1813
f 245 1389 2520
f 245 1433 1389
f 49 2522 42
f 49 42 2607
f 179 42 1677
f 42 1256 1677
f 1677 1256 2734
f 1677 2734 2396
f 419 2734 1256
f 1614 2734 419
f 2396 2734 1614
f 1316 4 726
f 419 1107 596
f 779 419 596
f 1574 779 596
f 779 1574 2841
f 2841 1574 1591
f 1591 1574 3162
f 3162 3353 1591
f 1945 1749 196
f 863 496 1749
f 1945 3353 283
f 1945 196 3353
f 283 3353 3162
f 1485 496 863
f 863 1749 1945
f 387 1485 863
f 387 2540 1485
f 2084 1214 3004
f 2176 1214 2084
f 2071 2116 2224
f 207 1369 2945
f 207 701 1369
f 1466 2116 1257
f 319 1466 3205
f 2718 1583 2240
f 334 2303 264
f 334 1726 2303
f 1517 2135 1726
f 825 1305 2135
f 3079 694 2469
f 2855 92 2860
f 1578 3244 92
f 3244 1519 883
f 826 2646 2469
f 883 2595 2446
f 2595 2898 2446
f 2446 2898 864
f 441 1887 1475
f 2367 1887 1959
f 2740 2003 1963
f 983 2740 1963
f 2740 2704 2003
f 1020 2847 2087
f 3042 1710 2828
f 807 2902 3042
f 807 1263 2902
f 807 2980 1263
f 950 796 1984
f 1984 1923 950
f 3117 1923 1984
f 1282 2980 1030
f 1539 183 450
f 3072 842 3117
f 1539 861 557
f 1800 1975 3072
f 614 700 2043
f 2043 700 2329
f 1909 1975 1800
f 559 341 25
f 25 341 2561
f 341 559 2277
f 320 341 2277
f 320 2277 1860
f 362 2044 3019
f 159 2044 235
f 235 667 159
f 1813 1768 1860
f 159 667 2520
f 667 245 2520
f 1768 1813 2590
f 2590 2607 1768
f 555 1389 1433
f 2023 1808 555
f 2590 49 2607
f 1549 1052 179
f 2607 42 1052
f 1808 2023 726
f 42 179 1052
f 495 179 1677
f 495 1677 1406
f 1406 1677 2396
f 353 2396 1614
f 779 2841 1614
f 779 1614 419
f 1614 2841 2073
f 353 1614 2073
f 486 3267 4
f 1917 2073 2841
f 1591 1917 2841
f 1591 196 3161
f 1749 2701 196
f 3353 196 1591
f 1749 496 2701
f 1485 752 496
f 2912 752 2540
f 2540 752 1485
f 1214 2912 3004
f 3004 2912 2540
f 2176 1757 1621
f 2176 1621 1214
f 696 1056 2176
f 1369 1056 696
f 1583 944 2240
f 1583 396 944
f 1966 1804 396
f 1966 396 1858
f 1858 396 1583
f 1966 1063 1804
f 1489 2904 319
f 3132 1489 319
f 517 3209 1804
f 517 1804 1063
f 264 1489 3132
f 517 1879 3209
f 118 1879 517
f 1590 1879 118
f 2459 1590 1687
f 133 2459 1687
f 2524 2135 1517
f 2524 825 2135
f 2860 1305 2855
f 2855 1305 825
f 2855 1578 92
f 2469 2646 3079
f 1578 1519 3244
f 1519 2595 883
f 2692 2898 2595
f 826 2898 2692
f 1143 1805 1032
f 1475 1805 1143
f 887 1143 1032
f 887 1684 1810
f 814 1810 1684
f 3110 2159 474
f 2265 814 543
f 983 2809 3110
f 2265 3218 1717
f 983 1963 2809
f 1020 2704 3356
f 2828 1710 3218
f 2902 1710 3042
f 2913 1263 2980
f 2980 1282 2913
f 2913 1282 2373
f 183 2373 1282
f 183 1282 450
f 557 183 1539
f 2329 557 861
f 614 25 52
f 52 25 2561
f 2416 2022 1909
f 2868 341 320
f 2829 320 1860
f 362 235 2044
f 2829 1860 1768
f 320 2829 1742
f 588 667 235
f 1433 245 667
f 586 2829 2657
f 1768 2657 2829
f 1768 2607 2657
f 540 2657 1052
f 540 1052 1549
f 2657 2607 1052
f 179 495 1549
f 2547 726 2023
f 726 2547 1316
f 353 3076 2396
f 353 514 3076
f 1917 3161 3091
f 1591 3161 1917
f 3161 3275 2635
f 3275 3161 2701
f 2701 3161 196
f 496 2867 2701
f 2701 2867 3275
f 752 2867 496
f 1676 990 486
f 990 1676 3081
f 1056 1757 2176
f 1369 701 1056
f 207 2503 701
f 2211 2503 207
f 2240 944 2211
f 1257 3205 1466
f 944 396 1856
f 1804 440 396
f 3205 3132 319
f 3209 231 1804
f 3209 1078 3043
f 1078 3209 1879
f 365 264 3132
f 365 334 264
f 1590 1078 1879
f 2765 1726 334
f 2459 1078 1590
f 1517 1726 2765
f 2459 133 3193
f 2305 3193 133
f 2524 2665 825
f 694 3079 2305
f 133 694 2305
f 1623 825 2665
f 2855 825 1623
f 1578 1060 1519
f 1060 2595 1519
f 2692 2646 826
f 1475 3009 441
f 1475 1143 3009
f 513 1143 887
f 513 3009 1143
f 887 1810 513
f 1959 1887 1414
f 441 1414 1887
f 2724 1810 814
f 1959 2159 1310
f 814 2265 2724
f 1020 3356 1978
f 1710 1717 3218
f 2847 1020 1978
f 1710 2902 2715
f 1978 796 2847
f 64 796 1978
f 64 1984 796
f 183 557 2373
f 700 557 2329
f 2614 1800 3072
f 614 256 700
f 52 256 614
f 2868 52 2561
f 341 2868 2561
f 2868 3252 2363
f 2652 2416 1909
f 1742 2868 320
f 3252 2868 1742
f 3019 2416 2652
f 362 3019 2652
f 362 2124 235
f 235 2124 588
f 1742 586 1705
f 1118 1705 586
f 1742 2829 586
f 3145 1433 667
f 2657 540 586
f 540 1118 586
f 540 1999 1118
f 1278 555 1433
f 1549 1999 540
f 1619 2023 555
f 1549 495 1999
f 2547 2023 1619
f 3076 1406 2396
f 353 1756 514
f 4 1316 1144
f 1756 2073 1917
f 1756 353 2073
f 3161 2635 3091
f 1144 486 4
f 1096 486 1144
f 1861 3105 2867
f 2867 3105 3275
f 1789 1861 752
f 752 1861 2867
f 1096 1676 486
f 2912 1789 752
f 2912 1214 1789
f 1621 1771 1214
f 1757 185 1621
f 1056 701 1757
f 2116 2071 1257
f 1856 1926 944
f 944 1926 2503
f 944 2503 2211
f 440 1856 396
f 1804 3059 440
f 1804 231 3059
f 3132 3205 449
f 3209 3043 231
f 3098 365 3132
f 2249 3043 1078
f 365 3098 856
f 2765 334 365
f 2459 1111 1078
f 1111 2249 1078
f 2459 3193 1111
f 2880 2524 1517
f 578 3193 2305
f 2665 2524 2880
f 3079 578 2305
f 2665 468 1623
f 1194 3079 2646
f 2855 1623 468
f 468 1578 2855
f 1578 468 1060
f 2265 1717 2527
f 3356 2933 1978
f 1710 2715 1717
f 2902 1263 2715
f 2913 2715 1263
f 645 1984 64
f 645 3117 1984
f 2913 2373 2557
f 2614 3072 3117
f 2614 3117 645
f 256 2995 700
f 1672 256 52
f 1672 52 846
f 681 2696 1800
f 846 52 2868
f 2696 1909 1800
f 2868 2363 846
f 1501 846 2363
f 2696 2652 1909
f 2755 2124 424
f 1682 2124 362
f 1682 362 2652
f 3252 1742 646
f 646 1742 1705
f 2124 2755 588
f 2687 1705 736
f 1118 736 1705
f 3145 667 588
f 1118 2878 736
f 1999 2878 1118
f 1999 1357 2878
f 495 1357 1999
f 1406 1357 495
f 514 1756 2030
f 1756 1917 3091
f 1756 3091 1221
f 3091 2635 1221
f 29 1096 1144
f 828 1771 1621
f 1214 1771 1789
f 2592 1676 1096
f 185 828 1621
f 2485 185 1757
f 3081 2732 990
f 701 2485 1757
f 2655 2485 701
f 2503 2655 701
f 2224 2732 2071
f 2503 397 2655
f 1926 397 2503
f 1856 440 1926
f 3282 1042 440
f 3282 231 1863
f 3059 3282 440
f 231 3282 3059
f 231 3043 1077
f 3132 449 1910
f 3098 3132 1910
f 3221 365 856
f 3221 2765 365
f 1111 12 2249
f 3221 1517 2765
f 3221 860 1517
f 2880 1517 860
f 3193 2065 1111
f 578 2065 3193
f 2065 578 1750
f 2665 2880 422
f 468 2665 422
f 3079 1194 578
f 468 422 3300
f 1408 578 1194
f 1060 468 3300
f 1379 1194 2817
f 1194 2646 2817
f 3300 1826 1060
f 2568 1060 1826
f 2568 2595 1060
f 2568 2692 2595
f 2692 2568 2817
f 2692 2817 2646
f 2568 1826 2817
f 513 2934 1764
f 897 513 1764
f 3009 513 897
f 513 1810 2934
f 2934 1810 2724
f 1959 474 2159
f 2527 2621 2724
f 2527 2724 2265
f 2740 2721 2704
f 2740 983 1228
f 1978 2933 395
f 2715 2913 1104
f 1104 2913 2557
f 2373 2252 2557
f 557 2252 2373
f 2995 2252 557
f 700 2995 557
f 681 1800 2614
f 1672 846 1501
f 405 1682 2696
f 2363 3252 646
f 646 1705 3100
f 1682 2652 2696
f 2687 3100 1705
f 2124 1682 424
f 1209 2755 424
f 1209 2846 2755
f 3145 588 2755
f 2878 1876 736
f 3145 1278 1433
f 1881 555 1278
f 1881 1619 555
f 1357 1876 2878
f 2903 1756 1221
f 3275 1110 2635
f 2635 1110 1221
f 3105 509 1580
f 3105 1580 3275
f 1580 1110 3275
f 1771 828 2536
f 1789 2536 1861
f 1861 2536 509
f 1861 509 3105
f 1771 2536 1789
f 29 2592 1096
f 3081 1676 2592
f 2485 1936 185
f 2655 1936 2485
f 397 2610 2655
f 397 1926 1051
f 2071 2732 565
f 1042 1926 440
f 565 1257 2071
f 231 1077 1863
f 1910 2429 3098
f 2429 391 3098
f 391 856 3098
f 391 3221 856
f 860 391 1441
f 860 3221 391
f 743 860 1441
f 3313 860 743
f 3313 743 1068
f 2880 860 3313
f 1951 3313 1068
f 3305 2880 3313
f 3305 3313 1951
f 719 1951 1068
f 2065 12 1111
f 422 2880 3305
f 3305 1951 2262
f 2065 2290 12
f 719 1068 305
f 422 3305 2262
f 1750 1648 760
f 1750 760 2290
f 1750 2290 2065
f 2262 1951 719
f 1117 719 305
f 1117 305 1648
f 1408 1117 1648
f 1408 1750 578
f 1408 1648 1750
f 997 422 2262
f 3300 422 997
f 997 2262 719
f 997 719 1117
f 1379 1117 1408
f 1194 1379 1408
f 1826 3300 997
f 1379 997 1117
f 1826 997 1379
f 2817 1826 1379
f 441 3009 897
f 2724 2621 2934
f 474 41 983
f 474 983 3110
f 1228 2721 2740
f 62 2933 1363
f 2933 3356 1363
f 1363 3356 2704
f 2721 1363 2704
f 2517 1717 2715
f 1978 395 64
f 2557 2091 1104
f 367 2557 2252
f 405 2696 681
f 646 1274 2669
f 2669 1501 2363
f 2363 646 2669
f 646 3100 1274
f 3100 595 1274
f 424 1682 405
f 595 3100 2687
f 736 2800 2687
f 2846 3145 2755
f 736 1876 2800
f 1406 837 1357
f 1406 3076 837
f 658 1144 1316
f 509 281 1580
f 828 1490 2536
f 2536 1190 509
f 29 1144 1200
f 185 915 164
f 185 1936 915
f 2655 1620 1936
f 2610 1620 2655
f 3282 1051 1042
f 1051 2610 397
f 686 2732 3081
f 1926 1042 1051
f 2732 686 565
f 1863 3154 1751
f 1863 1013 3282
f 1863 1751 1013
f 1077 3154 1863
f 1566 933 1257
f 565 1566 1257
f 933 3205 1257
f 3043 464 1077
f 933 449 3205
f 449 933 1910
f 464 3043 2249
f 2429 1910 2106
f 1441 391 285
f 285 391 2429
f 1637 464 2249
f 2249 12 1637
f 1068 743 676
f 1068 676 1213
f 2290 771 1637
f 12 2290 1637
f 771 2290 760
f 1068 1213 305
f 305 1213 2840
f 305 2840 1648
f 1648 2840 619
f 760 1648 619
f 1582 1764 2934
f 897 1764 1210
f 1414 441 1210
f 1210 441 897
f 68 1582 2934
f 68 2934 2621
f 466 474 1959
f 1414 466 1959
f 474 466 41
f 2621 2527 1930
f 62 1363 2721
f 1930 2527 1717
f 62 713 2933
f 2517 1930 1717
f 2933 713 395
f 2517 2715 1104
f 2557 367 2091
f 1610 2252 2995
f 2995 256 1672
f 528 681 2614
f 1501 838 1672
f 838 1501 2669
f 413 2669 988
f 2669 1274 988
f 1059 405 681
f 405 816 424
f 81 1274 595
f 988 1274 81
f 1209 424 816
f 3145 894 1278
f 1357 1306 1876
f 1822 1619 1881
f 1822 2547 1619
f 658 1316 2547
f 3076 514 837
f 1756 594 2030
f 1110 1580 2903
f 1110 2903 1221
f 2903 594 1756
f 509 1190 281
f 2006 1200 1144
f 2536 1490 1190
f 828 185 164
f 915 954 1265
f 1936 954 915
f 1620 954 1936
f 324 2592 29
f 1620 739 1866
f 1620 1866 954
f 739 1051 147
f 1051 2130 147
f 2610 1051 739
f 2610 739 1620
f 1013 2130 3282
f 1051 3282 2130
f 565 686 2012
f 464 2583 1077
f 1077 2583 3154
f 1566 2382 933
f 2106 1910 2382
f 2382 1910 933
f 2106 285 2429
f 1552 1441 285
f 1637 2327 464
f 1552 743 1441
f 743 1552 676
f 771 2327 1637
f 760 619 771
f 2762 1414 1210
f 466 1414 2762
f 1240 41 466
f 1794 62 2721
f 41 1228 983
f 41 2167 1228
f 1228 2149 2721
f 1981 713 62
f 1104 2953 2517
f 570 395 713
f 2091 2953 1104
f 570 645 395
f 645 64 395
f 528 2614 645
f 1610 2995 1672
f 838 1610 1672
f 1059 681 528
f 1569 816 1059
f 816 405 1059
f 2687 2080 595
f 1655 1822 1881
f 514 724 837
f 2030 724 514
f 2030 594 724
f 1572 2903 3051
f 2903 1572 594
f 1580 281 2191
f 1580 2191 2903
f 2903 2191 3051
f 658 2006 1144
f 1190 3271 281
f 1490 164 182
f 1490 182 1565
f 1490 1565 1190
f 828 164 1490
f 915 819 164
f 915 1265 819
f 954 1866 1265
f 739 147 1866
f 1013 1751 1985
f 2130 1013 1985
f 3154 1281 1751
f 1566 565 2012
f 1566 2012 2463
f 464 27 2583
f 1566 2463 2382
f 2463 2106 2382
f 464 2327 27
f 2106 1079 285
f 1552 285 1079
f 676 1552 1079
f 1213 676 2706
f 2840 2706 768
f 2840 1213 2706
f 2840 768 619
f 771 2118 2327
f 1764 1582 952
f 2 1240 466
f 1794 2721 2149
f 1240 2167 41
f 1930 2517 2744
f 1974 1981 62
f 2744 2517 2953
f 713 1981 570
f 570 831 3070
f 3070 645 570
f 367 932 2091
f 3070 528 645
f 2252 1610 367
f 2369 528 3070
f 1610 838 2289
f 2369 1059 528
f 2369 1569 1059
f 2289 838 2669
f 2289 2669 413
f 2528 816 1569
f 2528 2032 816
f 1209 816 2032
f 1209 2032 2846
f 81 595 2833
f 2846 2032 2201
f 2800 2080 2687
f 894 3145 2846
f 1876 2616 2800
f 1359 1278 894
f 2140 1881 1278
f 1357 550 1306
f 837 550 1357
f 1822 658 2547
f 1302 378 1565
f 1565 378 3271
f 281 3271 2191
f 164 819 182
f 1565 3271 1190
f 1565 182 1302
f 314 2448 1001
f 2448 147 562
f 147 2448 1866
f 1866 2448 314
f 1866 314 1265
f 147 1847 562
f 2130 1985 147
f 147 1985 1847
f 324 1225 2592
f 1751 554 1985
f 1281 554 1751
f 2592 452 3081
f 1225 452 2592
f 94 686 452
f 686 3081 452
f 94 2012 686
f 2583 406 3154
f 27 406 2583
f 1919 2463 2797
f 2797 2463 2012
f 1919 2106 2463
f 1919 1079 2106
f 2327 2118 27
f 1079 2706 676
f 768 2706 78
f 619 768 2870
f 771 2870 2118
f 619 2870 771
f 466 2762 2228
f 2762 2179 2228
f 2762 1210 1764
f 2179 2762 1764
f 68 2621 1930
f 1141 2149 1228
f 2167 1141 1228
f 66 1974 62
f 1794 66 62
f 1981 1099 570
f 570 3038 831
f 570 1099 3038
f 2091 3015 2953
f 831 2369 3070
f 367 155 932
f 988 1666 413
f 2528 845 2032
f 81 524 988
f 2080 2833 595
f 2201 894 2846
f 2140 1278 1359
f 1655 1881 2140
f 2453 1655 2140
f 3240 658 1822
f 837 724 550
f 1261 378 1868
f 182 3274 1302
f 1302 1868 378
f 3271 1351 2191
f 594 1572 1148
f 819 2231 182
f 2365 2231 819
f 1224 1200 2006
f 1265 2365 819
f 1265 314 2365
f 1130 29 1200
f 562 3064 2448
f 324 29 1130
f 1985 1308 1847
f 554 1308 1985
f 1225 324 3166
f 1281 2332 554
f 1225 94 452
f 406 1281 3154
f 2797 2012 94
f 406 27 3302
f 2569 1919 2797
f 2569 1196 1919
f 1919 1196 3294
f 2706 1919 3294
f 2870 1559 652
f 2706 1079 1919
f 2870 652 2118
f 2118 652 27
f 78 2706 3294
f 707 78 3294
f 768 78 707
f 768 707 1559
f 768 1559 2870
f 1783 952 1582
f 1783 1830 952
f 1582 2683 1783
f 2673 2683 68
f 2683 1582 68
f 466 2228 2
f 2744 277 1930
f 1794 2149 2204
f 2149 1141 2204
f 932 3015 2091
f 2226 3038 1099
f 248 831 3038
f 3038 2226 248
f 2369 831 248
f 155 367 1610
f 3284 2369 248
f 2289 2343 1610
f 413 1322 2218
f 413 1666 1322
f 2369 3284 1569
f 2343 2289 2218
f 2218 2289 413
f 1908 2528 1569
f 524 617 988
f 617 1666 988
f 81 2833 1599
f 2201 1467 894
f 894 1467 1359
f 3147 1359 1467
f 1359 2453 2140
f 1655 3240 1822
f 550 724 2644
f 3274 1868 1302
f 1516 724 1148
f 2365 574 806
f 2365 806 2231
f 2231 3274 182
f 378 1261 2457
f 378 2457 3271
f 3271 2457 1351
f 1572 1516 1148
f 594 1148 724
f 2191 938 3051
f 3051 938 1572
f 2365 2758 574
f 1001 2758 2365
f 314 1001 2365
f 562 1246 3064
f 1847 935 1246
f 562 1847 1246
f 1308 935 1847
f 1308 2427 935
f 3166 324 1130
f 554 2427 1308
f 554 2332 2427
f 1225 3166 982
f 1225 982 851
f 851 94 1225
f 1823 2797 94
f 851 1823 94
f 2569 2797 1823
f 652 251 2920
f 652 2920 3302
f 2569 1823 1196
f 1559 2981 251
f 1559 251 652
f 3294 1196 1399
f 652 3302 27
f 707 2981 1559
f 707 1399 2981
f 3294 1399 707
f 952 2179 1764
f 1930 2673 68
f 277 2673 1930
f 2291 1794 2204
f 1473 2744 2953
f 3255 1974 66
f 3015 1473 2953
f 3357 1981 1974
f 2842 1099 1981
f 1981 3357 2842
f 3015 932 155
f 2226 1099 2842
f 155 1610 999
f 999 1610 2343
f 2218 2103 2343
f 2218 1322 2103
f 1322 1666 617
f 1908 1569 3284
f 1908 845 2528
f 845 1908 2484
f 1599 524 81
f 2484 2032 845
f 2201 2032 2484
f 2616 122 2800
f 632 1467 1476
f 1476 1467 2201
f 1876 1306 2616
f 2453 1359 3147
f 550 2644 1306
f 1868 3351 680
f 1868 680 2567
f 1868 2567 1261
f 1261 2567 1803
f 3240 1655 2355
f 3274 2152 3351
f 3274 3351 1868
f 1882 2736 938
f 499 2644 1516
f 499 938 2736
f 806 2152 2231
f 2231 2152 3274
f 1261 1803 2457
f 2191 1351 938
f 724 1516 2644
f 1572 938 499
f 1572 499 1516
f 1001 1681 2758
f 2006 658 1733
f 3064 1681 2448
f 2448 1681 1001
f 1224 1130 1200
f 935 1115 1246
f 2332 1083 2427
f 3060 1083 2332
f 3111 851 982
f 1281 1855 3060
f 1281 3060 2332
f 3302 3121 1855
f 3302 1855 406
f 406 1855 1281
f 3121 3302 2920
f 851 2173 1823
f 1101 1823 2173
f 1196 1823 1101
f 1399 1196 1101
f 1101 251 2981
f 2981 1399 1101
f 952 1830 2179
f 2228 2179 1907
f 409 2167 1240
f 2744 3311 277
f 1473 3311 2744
f 1585 3255 66
f 66 1794 1585
f 3255 3357 1974
f 3015 155 2246
f 1050 155 999
f 1050 999 15
f 2226 2842 3362
f 999 2343 15
f 2627 15 2343
f 2226 3034 248
f 2103 2627 2343
f 3034 3284 248
f 3362 3034 2226
f 3225 3034 3362
f 454 1322 617
f 1908 3284 3034
f 3034 3225 1908
f 1908 3225 2484
f 122 2080 2800
f 3147 1467 632
f 806 3061 181
f 2152 806 181
f 2152 181 3351
f 3351 181 680
f 2644 1461 1306
f 2567 1004 1803
f 2938 1461 2644
f 1351 2457 2475
f 574 709 3061
f 574 3061 806
f 1351 2475 938
f 938 2475 1882
f 2736 2938 499
f 499 2938 2644
f 2758 462 709
f 2758 709 574
f 2479 462 1681
f 1681 462 2758
f 3240 1733 658
f 3064 2283 2479
f 3064 2479 1681
f 1246 2041 2283
f 1246 2283 3064
f 1246 1115 2041
f 967 546 1115
f 2427 967 935
f 935 967 1115
f 1130 917 3166
f 3060 3018 1083
f 3111 982 1541
f 1855 810 3060
f 2173 851 3104
f 3104 851 3111
f 2173 3104 2675
f 811 1597 2675
f 2920 1597 2959
f 2959 3121 2920
f 1101 2173 2675
f 1101 2675 1597
f 1101 1597 251
f 251 1597 2920
f 1830 1783 1739
f 2683 1739 1783
f 2673 333 2683
f 277 333 2673
f 333 277 1412
f 1412 277 3311
f 2339 2204 1141
f 2339 1141 2167
f 1585 1794 2291
f 3015 2246 1473
f 2246 155 2210
f 2210 155 1050
f 15 2572 1050
f 1050 2572 2210
f 15 2627 3008
f 2103 3008 2627
f 3362 2842 1596
f 1322 454 2103
f 1596 3225 3362
f 2751 617 2064
f 524 2064 617
f 3249 2484 3225
f 2484 3249 1554
f 2064 524 1599
f 1554 1476 2484
f 1476 2201 2484
f 1599 2833 122
f 2080 122 2833
f 181 3258 680
f 2952 1145 3061
f 3061 1145 181
f 1306 1461 2616
f 709 2952 3061
f 2457 2812 2475
f 462 2952 709
f 1004 2812 1803
f 1803 2812 2457
f 2475 621 1882
f 2453 1028 1655
f 1028 2355 1655
f 2479 2283 1319
f 1115 58 2041
f 967 1928 546
f 2427 1083 967
f 982 917 1541
f 982 3166 917
f 1083 3018 2294
f 3060 810 3018
f 3104 3111 1541
f 1356 810 1855
f 3121 929 1356
f 3121 1356 1855
f 2959 811 929
f 2959 929 3121
f 1597 811 2959
f 2214 2683 333
f 1907 2179 835
f 585 409 1240
f 1946 1412 3311
f 1946 3311 1473
f 1946 1473 2246
f 3216 2291 2204
f 2572 15 3008
f 2842 3357 609
f 2529 2378 2842
f 2460 3008 2103
f 454 2460 2103
f 1554 3249 3326
f 1041 632 1476
f 1599 122 539
f 2616 761 122
f 311 3333 680
f 680 3333 2567
f 3147 632 697
f 181 1145 3258
f 2616 1461 761
f 1028 2453 3147
f 2475 2812 621
f 1882 621 2736
f 2736 2719 2938
f 2938 2719 1461
f 462 2830 2952
f 2479 1319 2830
f 2479 2830 462
f 2283 2041 1319
f 1115 546 58
f 1733 1224 2006
f 1130 1224 948
f 967 1223 1928
f 1083 1223 967
f 2294 1223 1083
f 810 720 3018
f 810 1356 720
f 2675 3104 2059
f 1431 2675 2059
f 929 1431 2638
f 811 2675 1431
f 811 1431 929
f 2214 2406 1739
f 835 1830 1739
f 2683 2214 1739
f 1595 2214 333
f 2179 1830 835
f 1595 333 1412
f 2 2228 817
f 1412 1946 2060
f 2 585 1240
f 1946 1668 2060
f 1132 2167 409
f 1946 2246 1668
f 2246 2210 2928
f 246 2928 2210
f 246 2572 1633
f 246 2210 2572
f 609 3357 3255
f 2572 3008 1633
f 609 2529 2842
f 2144 3008 2460
f 2378 1596 2842
f 454 2316 2460
f 2447 3225 1596
f 3225 2447 3249
f 617 2751 454
f 1239 2064 1599
f 1554 1041 1476
f 1239 1599 539
f 498 539 122
f 1145 1366 668
f 1145 668 3258
f 680 3258 311
f 761 498 122
f 2952 576 1366
f 2952 1366 1145
f 2251 621 2812
f 2736 120 2719
f 761 1461 2719
f 2830 576 2952
f 621 120 2736
f 1028 3147 697
f 1319 2975 1656
f 1319 1656 2830
f 2041 2975 1319
f 2041 58 2975
f 58 546 2888
f 647 1733 3240
f 2708 1224 1733
f 1928 339 546
f 1928 1223 1506
f 1928 1506 339
f 1130 948 2626
f 1130 2626 917
f 2294 2845 1223
f 2294 693 2845
f 3018 693 2294
f 917 2626 1541
f 720 693 3018
f 1356 1776 720
f 2638 2887 1776
f 929 2638 1776
f 929 1776 1356
f 2638 1431 2887
f 2406 2296 1739
f 249 1907 835
f 1412 2060 1595
f 2060 152 1595
f 2060 1668 152
f 817 585 2
f 2928 152 1668
f 585 1132 409
f 246 2198 3219
f 2167 1132 2339
f 1668 2246 2928
f 3219 2928 246
f 2204 2339 3216
f 1585 1540 3255
f 1633 2198 246
f 914 3255 1540
f 1633 3008 2198
f 3008 2144 2198
f 2447 1596 2378
f 1402 2316 454
f 2751 1402 454
f 3326 3249 2447
f 2751 2064 1393
f 2064 1239 1393
f 1166 1239 539
f 539 498 2483
f 311 3202 3333
f 3258 3130 311
f 1004 3333 191
f 1004 2567 3333
f 1041 697 632
f 1366 576 127
f 1004 191 2812
f 2812 191 2251
f 2251 553 621
f 885 120 621
f 2483 498 761
f 576 1512 127
f 120 885 980
f 2830 1512 576
f 120 980 2483
f 2830 1656 1512
f 2719 120 2483
f 2719 2483 761
f 455 1656 2975
f 2975 2888 455
f 58 2888 2975
f 546 843 2888
f 546 1646 843
f 948 1224 2708
f 339 1506 2967
f 1223 3087 1506
f 2845 3087 1223
f 2845 693 3087
f 2499 1541 2626
f 720 2085 2381
f 720 2381 693
f 1776 2085 720
f 2059 3104 1541
f 1431 2059 2887
f 835 1739 2296
f 2406 2214 1595
f 2406 1595 649
f 152 649 1595
f 1907 817 2228
f 1888 2328 3219
f 152 2928 3219
f 2198 1888 3219
f 3216 702 2291
f 2198 2144 1888
f 2529 609 2803
f 3073 2144 2172
f 2172 2144 2460
f 1657 2378 2529
f 1402 2307 2316
f 2751 1153 1402
f 1393 1153 2751
f 1166 539 1017
f 1451 311 3130
f 1366 3137 668
f 3258 668 3130
f 3202 3222 3333
f 1017 539 99
f 2483 99 539
f 1366 127 3137
f 3222 191 3333
f 2251 191 269
f 2251 269 553
f 2483 980 99
f 621 553 885
f 697 106 1028
f 2355 1028 106
f 647 3240 2355
f 339 2967 1646
f 546 339 1646
f 2967 1506 3280
f 2381 1871 693
f 2059 1541 2499
f 1776 2887 2085
f 2406 2264 2296
f 649 2264 2406
f 1384 2296 2264
f 2296 249 835
f 249 689 1907
f 649 152 1654
f 1654 152 3219
f 3219 2328 1654
f 585 1575 1132
f 2339 1082 3216
f 1888 3073 2328
f 702 1585 2291
f 2144 3073 1888
f 3073 2172 639
f 2460 2316 2172
f 1657 2447 2378
f 1153 2299 1402
f 10 177 1393
f 3177 1041 1554
f 1166 10 1393
f 1239 1166 1393
f 2481 10 1017
f 1017 10 1166
f 311 1451 3202
f 3103 374 2016
f 3222 269 191
f 553 1071 2016
f 269 1071 553
f 99 2481 1017
f 374 2481 99
f 553 2016 885
f 885 2016 374
f 885 374 980
f 980 374 99
f 1005 697 1041
f 1512 2123 127
f 455 1456 1512
f 455 1512 1656
f 2888 1456 455
f 843 1180 1456
f 843 1456 2888
f 106 697 3114
f 843 1646 1180
f 647 2355 106
f 2967 906 1646
f 2967 3198 906
f 3280 3198 2967
f 3087 1112 1506
f 44 2264 649
f 649 1654 44
f 689 817 1907
f 689 1048 817
f 2972 585 817
f 3073 2441 2328
f 1996 1540 1585
f 702 1996 1585
f 2940 639 1459
f 2316 1459 2172
f 2172 1459 639
f 2316 2307 1459
f 1402 2299 2307
f 177 2299 1153
f 177 1153 1393
f 3177 1554 3326
f 2766 177 10
f 2766 2481 2679
f 39 1451 3130
f 2481 3103 2679
f 10 2481 2766
f 692 3202 1451
f 668 1404 39
f 668 39 3130
f 692 3220 1168
f 3314 3220 1284
f 1875 1404 1773
f 668 3137 1404
f 3202 692 3222
f 3222 692 1168
f 1168 3220 3314
f 374 3103 2481
f 127 1773 1404
f 127 1404 3137
f 3222 1168 269
f 269 1168 3314
f 269 3314 1071
f 1071 3314 1284
f 1071 1284 2016
f 2016 1284 3103
f 2123 2037 1773
f 2123 1773 127
f 1447 2037 2123
f 1005 1041 2054
f 1512 1447 2123
f 1447 1456 820
f 1456 2521 820
f 1456 1447 1512
f 1180 2521 1456
f 1180 906 2521
f 1646 906 1180
f 2708 1733 647
f 1506 1112 3280
f 2366 2626 948
f 693 1871 3087
f 1871 2381 145
f 2059 2074 2887
f 708 1384 2264
f 564 3115 249
f 564 249 2296
f 3115 689 249
f 3116 1654 2328
f 2972 1575 585
f 2441 3116 2328
f 2339 2458 1082
f 914 609 3255
f 914 2803 609
f 3073 639 2441
f 2307 2299 1459
f 1326 2447 1657
f 2447 1326 3326
f 2771 2299 177
f 2766 1631 177
f 2766 2679 1631
f 2181 1451 2966
f 39 2966 1451
f 3220 2181 428
f 692 2181 3220
f 3220 428 1284
f 1284 428 1658
f 1284 1609 3103
f 3103 1609 2679
f 1404 2885 273
f 1404 273 39
f 1451 2181 692
f 1284 1658 1609
f 3177 2054 1041
f 1404 1875 2885
f 1773 138 1875
f 2037 138 1773
f 1447 820 2037
f 2521 308 820
f 3114 697 1005
f 106 1335 647
f 647 1335 2708
f 1701 2708 1335
f 1701 187 2708
f 948 2708 187
f 3087 1871 1112
f 2887 2074 2085
f 2074 2059 2499
f 1384 564 2296
f 44 1654 2599
f 1132 1575 2339
f 2441 2440 3116
f 639 2940 2441
f 2431 1657 2529
f 1630 2940 523
f 2299 523 1459
f 1459 523 2940
f 523 2299 2771
f 1964 947 3044
f 177 3044 2771
f 1631 3044 177
f 2919 1964 56
f 2679 1964 1631
f 1631 1964 3044
f 56 1964 2679
f 1658 56 1609
f 1609 56 2679
f 2181 2966 2907
f 2181 2907 1499
f 428 1499 2919
f 428 2919 56
f 39 273 2942
f 39 2942 2966
f 2181 1499 428
f 1658 428 56
f 2885 1875 63
f 273 2885 1293
f 2037 1264 138
f 492 820 827
f 820 492 2037
f 308 827 820
f 3114 1443 106
f 3198 1611 906
f 3280 2200 3198
f 1112 3259 3280
f 2366 948 187
f 2381 1815 145
f 2085 1815 2381
f 1713 2499 2626
f 1960 564 1384
f 44 708 2264
f 1048 2972 817
f 2458 2339 1315
f 3216 830 702
f 3216 1082 3074
f 914 1540 1277
f 2182 1326 1657
f 3204 523 2771
f 3204 2771 3044
f 129 3177 3326
f 2942 1893 2907
f 2907 1893 2083
f 2907 2083 1499
f 1293 2625 273
f 273 2625 2942
f 2966 2942 2907
f 129 2054 3177
f 2885 63 1293
f 3065 63 1875
f 358 1875 1264
f 1875 358 3065
f 138 1264 1875
f 2037 492 1264
f 308 93 827
f 308 2048 93
f 2521 906 308
f 906 1611 308
f 1335 106 1443
f 1335 1443 1701
f 3280 3259 2200
f 312 2366 187
f 1112 1871 3259
f 3259 1871 145
f 145 1815 2776
f 1815 2085 2074
f 237 1815 2074
f 1713 2074 2499
f 1384 708 1960
f 1960 194 564
f 255 708 44
f 2599 255 44
f 2440 1690 3116
f 1690 1654 3116
f 1575 2972 3336
f 2339 1575 1315
f 830 3216 3074
f 2441 2940 2440
f 1503 1277 1996
f 1996 1277 1540
f 702 1503 1996
f 2431 2529 2803
f 2431 1688 1657
f 2182 1657 1688
f 2234 1630 3204
f 523 3204 1630
f 3204 3044 1731
f 947 1731 3044
f 1731 947 2410
f 947 2930 2410
f 2919 2930 1964
f 1964 2930 947
f 1499 2820 2919
f 2919 2820 2930
f 129 3326 1326
f 2083 1893 2820
f 2083 2820 1499
f 2425 1293 2929
f 1293 2425 2625
f 63 2929 1293
f 358 1264 3272
f 492 827 1373
f 93 1373 827
f 1611 2048 308
f 3198 2200 1611
f 1181 187 1701
f 312 187 1181
f 2366 1713 2626
f 708 2473 1960
f 689 3115 2773
f 3115 564 194
f 255 2473 708
f 1690 2599 1654
f 2773 1048 689
f 3336 2972 1048
f 2940 32 2440
f 830 1503 702
f 1277 1417 914
f 1417 2803 914
f 2175 2431 2803
f 2175 2803 1417
f 1630 32 2940
f 3204 2166 2234
f 1731 2166 3204
f 2166 2410 1947
f 1731 2410 2166
f 2930 737 2410
f 2930 797 737
f 2820 797 2930
f 1893 371 478
f 1893 478 797
f 1893 797 2820
f 2625 2425 371
f 2942 2625 371
f 2942 371 1893
f 2425 2929 1728
f 63 2024 2929
f 2024 3065 402
f 3065 358 402
f 3065 2024 63
f 1264 492 2190
f 472 1005 2054
f 472 3114 1005
f 1318 1701 1443
f 1713 2366 1233
f 1233 2366 312
f 1713 1233 237
f 2074 1713 237
f 1815 237 2776
f 1835 194 1960
f 2473 1835 1960
f 3336 1048 2773
f 981 255 2599
f 981 2599 1690
f 2440 377 1690
f 1315 1575 3336
f 1315 3336 777
f 2440 32 377
f 3074 1082 2458
f 1277 1208 1417
f 2166 1292 2234
f 2418 1292 2166
f 1947 2418 2166
f 737 1947 2410
f 797 2428 737
f 797 2455 2428
f 478 2455 797
f 2425 2195 371
f 1728 2929 2024
f 402 358 3272
f 3272 1264 2190
f 492 1373 2190
f 93 922 1373
f 922 93 2048
f 1500 3114 472
f 1611 2739 2048
f 3114 1318 1443
f 1897 1318 3114
f 1181 1701 1318
f 3259 241 2200
f 3259 2968 241
f 1233 312 754
f 754 312 1181
f 1954 1233 1296
f 145 986 2968
f 3259 145 2968
f 2776 1954 912
f 986 145 2776
f 237 1233 1954
f 237 1954 2776
f 3251 3336 2773
f 2442 2773 3115
f 2442 3251 2773
f 2442 3115 194
f 255 456 2473
f 3336 481 777
f 32 2805 377
f 1503 1208 1277
f 1208 899 1417
f 830 2978 1503
f 738 2805 32
f 1630 738 32
f 2234 738 1630
f 2234 1292 738
f 2313 1292 2418
f 1834 2418 1947
f 737 1834 1947
f 2428 1834 737
f 478 427 2455
f 2195 427 371
f 371 427 478
f 2425 1728 2195
f 1728 2886 59
f 335 2886 2024
f 1728 2024 2886
f 335 402 2127
f 2024 402 335
f 2127 3272 2021
f 402 3272 2127
f 3272 2190 2021
f 1691 472 2054
f 110 2190 1373
f 922 323 1373
f 1500 1897 3114
f 2739 1611 2200
f 241 2063 2200
f 754 1181 2512
f 2512 1181 1318
f 1296 1233 754
f 986 1816 2968
f 912 1954 1296
f 2776 912 986
f 1835 2442 194
f 1690 3056 981
f 377 3056 1690
f 733 255 981
f 3140 3056 377
f 3317 3140 377
f 2805 3317 377
f 2805 1249 3317
f 2643 1208 1503
f 738 1249 2805
f 899 2175 1417
f 288 1249 738
f 1292 288 738
f 2313 288 1292
f 2843 2313 1556
f 2418 1556 2313
f 1438 1556 1834
f 1556 2418 1834
f 2428 1438 1834
f 2428 2784 1438
f 1054 427 128
f 2455 1054 2784
f 2455 2784 2428
f 427 1054 2455
f 1728 59 128
f 1728 128 2195
f 2195 128 427
f 1326 1836 129
f 1691 2054 129
f 1025 2190 1381
f 1025 2021 2190
f 1381 2190 110
f 417 472 1691
f 1373 323 110
f 417 1500 472
f 2739 2200 2063
f 754 2512 2243
f 2079 393 2063
f 241 2079 2063
f 1816 2079 2968
f 2968 2079 241
f 986 124 1816
f 912 124 986
f 1835 1220 2442
f 3336 3251 481
f 792 3251 2442
f 456 1835 2473
f 255 733 456
f 981 3056 733
f 733 3056 2994
f 3140 342 2994
f 3056 3140 2994
f 342 3140 3317
f 1837 3074 2458
f 2978 2643 1503
f 2973 1249 2552
f 288 2552 1249
f 2839 1688 2431
f 2313 2552 288
f 1798 2552 2313
f 1688 2839 2182
f 2843 1798 2313
f 992 1556 1438
f 1438 569 992
f 1438 2784 569
f 1054 2288 569
f 2784 1054 569
f 128 2288 1054
f 2288 128 2480
f 59 2480 128
f 1396 1326 2182
f 2127 1360 335
f 548 1836 1326
f 1360 2127 1962
f 129 1836 2101
f 2127 2021 1962
f 129 2101 1691
f 2101 417 1691
f 110 323 923
f 261 323 922
f 1689 1897 1500
f 2048 2739 922
f 2512 1318 1897
f 1897 1576 2512
f 754 2243 1296
f 1940 821 2079
f 2079 821 393
f 1296 2243 2881
f 912 1296 2881
f 1816 1940 2079
f 912 2881 124
f 124 1940 1816
f 1835 2580 1220
f 456 2580 1835
f 1387 481 3251
f 2199 456 733
f 2994 2199 733
f 1799 777 481
f 2781 777 1799
f 1249 2973 3317
f 3317 2973 342
f 1837 2458 1315
f 1837 1315 777
f 2062 2978 830
f 2643 899 1208
f 2839 2431 2175
f 1556 1536 2843
f 1556 992 1536
f 2832 569 107
f 2288 107 569
f 2288 2480 1390
f 2480 59 1300
f 2886 1300 59
f 1326 1396 548
f 1360 1300 335
f 2886 335 1300
f 110 1555 1381
f 2647 417 2101
f 110 923 2273
f 2647 1689 417
f 1689 1500 417
f 1689 1576 1897
f 2063 2563 2739
f 2010 2512 1576
f 2010 2243 2512
f 393 821 2563
f 393 2563 2063
f 2881 2243 2010
f 2010 3048 2881
f 1940 3048 1895
f 1940 1895 821
f 2881 3048 124
f 124 3048 1940
f 2442 1220 792
f 1387 3251 792
f 2580 240 1220
f 3052 2580 456
f 2199 3052 456
f 1387 1799 481
f 3074 2062 830
f 2643 656 899
f 1784 899 656
f 1784 2175 899
f 2839 2175 1784
f 2552 1 2973
f 2552 1798 1
f 2832 992 569
f 2288 1465 107
f 2288 1390 1465
f 1624 1390 2480
f 3337 2480 1300
f 3337 1300 1360
f 1962 1061 1360
f 1924 2101 1836
f 1924 2647 2101
f 2647 2505 1689
f 2273 1555 110
f 1689 2505 1576
f 922 3135 261
f 922 2739 3135
f 1895 3048 3307
f 1895 3307 821
f 2319 1387 792
f 1220 2319 792
f 240 2580 3052
f 2994 342 2245
f 2973 2245 342
f 2973 13 2245
f 1272 656 2643
f 2978 1272 2643
f 504 1798 2843
f 2843 1536 504
f 1624 2480 3337
f 1061 3337 1360
f 1836 2501 1924
f 2021 1025 1434
f 1434 1025 1711
f 1381 1711 1025
f 1924 1899 2647
f 1381 1555 1711
f 1899 2505 2647
f 2505 1899 1903
f 3318 323 261
f 923 323 3318
f 2505 3010 1576
f 2739 2563 3135
f 3010 2010 1576
f 2010 3010 2956
f 2563 821 1171
f 3048 2010 2956
f 2132 240 3052
f 2199 2825 3052
f 2994 2825 2199
f 2245 2825 2994
f 2132 3052 2393
f 2393 3052 2825
f 2825 2245 669
f 1837 777 2781
f 1367 1784 656
f 1798 504 1
f 3316 2182 2839
f 2182 3316 1396
f 725 548 1396
f 1390 1624 1465
f 3337 2260 1624
f 2501 1836 548
f 1962 2007 1061
f 2007 1962 2021
f 1434 2007 2021
f 3184 1899 1715
f 1715 1899 1924
f 1903 1899 3184
f 3318 2273 923
f 3010 2505 1903
f 3318 261 1840
f 261 3135 1840
f 3135 2216 1840
f 3010 1846 2956
f 2563 1171 2216
f 2563 2216 3135
f 3307 1171 821
f 1220 1255 2319
f 240 2132 198
f 2825 669 2393
f 2245 13 669
f 2973 1 13
f 1416 2978 2062
f 2062 3074 1022
f 3050 1367 656
f 3050 656 1272
f 2399 1272 2978
f 1416 2399 2978
f 1536 992 2879
f 107 1465 1095
f 1465 1624 1935
f 1061 2007 2133
f 2007 1434 2070
f 1434 1711 2070
f 1129 2070 1711
f 1846 3010 1903
f 2921 1840 2216
f 2956 1846 862
f 3307 862 180
f 3307 180 1171
f 3048 2956 862
f 3048 862 3307
f 1220 240 1255
f 1350 1799 1387
f 1350 1387 2319
f 198 1255 240
f 386 2132 2393
f 1837 1022 3074
f 1022 1837 2781
f 2399 3050 1272
f 1416 2062 1022
f 1536 3057 504
f 1536 2879 3057
f 2832 2879 992
f 2501 548 725
f 212 1924 2501
f 3337 1061 2260
f 1715 1924 212
f 1229 1061 2133
f 3184 1715 1491
f 1327 1903 3184
f 1711 1555 1129
f 1129 1555 432
f 959 1903 1327
f 1555 2273 432
f 901 2273 3318
f 1840 1522 3318
f 3318 1522 901
f 1522 1840 2921
f 862 1846 959
f 959 1846 1903
f 862 959 2068
f 959 2579 2068
f 2216 1171 2510
f 1852 2781 1799
f 1 346 13
f 803 1367 3050
f 3050 1385 803
f 3050 2399 1385
f 2507 1367 803
f 2507 1784 1367
f 2507 2839 1784
f 1 504 346
f 2839 2507 3316
f 725 1396 3316
f 23 212 2501
f 2260 1061 1229
f 2070 2133 2007
f 1491 535 3184
f 3184 535 1327
f 1327 535 2439
f 959 1327 2439
f 2579 959 2439
f 901 432 2273
f 2921 2216 2510
f 180 862 2068
f 1171 180 2510
f 1852 1799 1350
f 1350 2319 974
f 974 2319 1255
f 386 198 2132
f 13 3033 669
f 461 1022 2781
f 346 3033 13
f 2109 1385 2399
f 3316 2507 1544
f 2759 2501 725
f 2832 107 2879
f 2759 23 2501
f 107 1095 2879
f 1935 1095 1465
f 3122 212 2764
f 3122 1715 212
f 3122 1491 1715
f 3122 1400 1491
f 1491 1400 535
f 2070 1481 2133
f 1129 1481 2070
f 1129 432 2386
f 432 901 1948
f 2068 2579 2184
f 2068 2184 266
f 1948 1522 79
f 901 1522 1948
f 1105 1448 266
f 1448 1522 2921
f 79 1522 1448
f 180 2068 266
f 180 266 2510
f 2510 266 1448
f 2510 1448 2921
f 247 974 1255
f 1189 1255 198
f 1189 247 1255
f 1286 2393 669
f 1852 461 2781
f 3033 1286 669
f 1416 1022 2918
f 2544 2507 803
f 1385 2544 803
f 1416 2109 2399
f 1544 2507 2544
f 2759 725 3316
f 2879 1260 3057
f 488 212 23
f 2764 212 488
f 1624 2260 2605
f 1031 1229 2133
f 2133 1481 1031
f 3260 2579 2439
f 2386 1481 1129
f 2579 3260 2184
f 1105 266 31
f 1120 432 1948
f 79 1105 2816
f 1948 79 2816
f 1448 1105 79
f 2393 318 386
f 2393 1286 318
f 3033 346 503
f 2109 2337 1385
f 504 2056 346
f 3057 2056 504
f 2759 3316 1544
f 1260 2879 1095
f 1095 1935 892
f 2605 2260 2387
f 3122 2857 1400
f 2260 1229 2387
f 1031 2387 1229
f 2439 535 1400
f 2439 1400 1002
f 3260 2439 1002
f 1481 1235 1031
f 2184 3260 1251
f 3078 1481 2386
f 2184 1251 266
f 266 1251 31
f 31 2816 1105
f 1586 2816 31
f 2386 432 1120
f 1586 1948 2816
f 1120 1948 1586
f 386 1189 198
f 1449 1022 461
f 144 2337 2109
f 2109 1416 2615
f 2918 2615 1416
f 2544 1385 2337
f 2056 1332 2589
f 3057 1332 2056
f 773 2759 1544
f 1260 1332 3057
f 23 2759 773
f 1624 2605 1935
f 2857 1002 1400
f 3260 1002 2093
f 3260 2093 1251
f 1016 1235 1481
f 31 1251 1953
f 3078 1016 1481
f 2827 31 1953
f 3106 3078 2386
f 2827 1586 31
f 1120 3106 2386
f 537 318 1286
f 537 1286 3033
f 1449 2918 1022
f 505 503 2056
f 346 2056 503
f 2663 1544 2544
f 2663 773 1544
f 2526 23 773
f 1671 1332 3163
f 3163 1332 1260
f 2526 488 23
f 2764 488 2526
f 3163 1260 1095
f 3163 1095 892
f 2857 3122 2764
f 303 1935 2605
f 3150 1002 2857
f 2093 1002 218
f 2093 218 276
f 276 1251 2093
f 276 1953 1251
f 1452 1189 386
f 318 1452 386
f 435 461 1852
f 1811 1452 318
f 318 537 1811
f 503 287 3033
f 2615 144 2109
f 2615 2918 1495
f 1495 2918 1449
f 773 2663 1761
f 1154 773 1761
f 1154 2526 773
f 2526 1154 382
f 2764 2526 382
f 1935 875 892
f 1939 303 2605
f 3150 218 1002
f 1031 1235 3288
f 3078 511 1016
f 1505 1586 2827
f 3106 1120 1505
f 3106 511 3078
f 3106 1505 511
f 1852 1350 435
f 435 1350 974
f 247 435 974
f 247 1189 1452
f 1207 1452 1811
f 3033 287 1652
f 2544 2337 2849
f 505 287 503
f 2589 505 2056
f 1671 483 1332
f 3083 1671 3163
f 892 3083 3163
f 1935 303 875
f 2605 2387 1939
f 2387 1031 925
f 1235 1016 3288
f 1505 1120 1586
f 1207 3343 1452
f 1811 537 1207
f 3033 1652 537
f 2849 2337 144
f 1761 2663 2544
f 2849 1761 2544
f 1332 483 2589
f 510 1154 1761
f 321 382 1154
f 382 2857 2764
f 608 3083 892
f 875 608 892
f 3288 925 1031
f 2420 2827 1953
f 1944 1505 2827
f 1505 1944 511
f 3360 435 247
f 435 1449 461
f 263 1495 1449
f 2611 1207 537
f 1652 2611 537
f 144 1304 2849
f 2394 2615 1495
f 2394 144 2615
f 536 1652 287
f 510 1761 2849
f 2589 483 505
f 505 483 287
f 510 321 1154
f 3083 2107 1671
f 3083 608 2107
f 875 184 608
f 303 184 875
f 303 1939 201
f 852 1939 2387
f 218 2395 276
f 276 2420 1953
f 2827 2420 1944
f 3360 247 1452
f 536 2611 1652
f 2394 1495 263
f 483 715 287
f 485 2849 1304
f 485 510 2849
f 483 1671 3141
f 321 510 3112
f 608 209 2107
f 382 995 2857
f 3150 2857 995
f 852 2387 925
f 1016 904 3288
f 7 511 1944
f 7 904 511
f 1016 511 904
f 435 1983 1449
f 3063 2394 263
f 287 715 536
f 1304 782 485
f 510 485 3112
f 1671 2792 3141
f 2107 2792 1671
f 3112 3024 321
f 2107 2813 2792
f 995 382 321
f 2107 209 2813
f 3150 995 872
f 608 184 209
f 2788 3150 872
f 303 1049 184
f 123 3150 2788
f 303 201 1049
f 201 1939 852
f 2395 3150 123
f 218 3150 2395
f 729 925 216
f 925 3288 216
f 7 1944 2420
f 216 3288 904
f 1983 435 3360
f 2984 3360 1452
f 3343 2984 1452
f 1207 2984 3343
f 144 1741 1304
f 1741 144 2394
f 1026 1741 2394
f 3063 1026 2394
f 536 2295 3261
f 1304 1741 782
f 715 2295 536
f 715 483 2295
f 321 872 995
f 2395 123 895
f 2395 705 276
f 2395 895 705
f 705 2420 276
f 633 263 1449
f 633 1449 1983
f 601 2611 3261
f 601 1207 2611
f 536 3261 2611
f 483 3141 2295
f 943 782 1741
f 782 943 485
f 943 3112 485
f 3024 3112 943
f 3024 872 321
f 209 1508 2813
f 184 1049 209
f 2788 1612 123
f 925 117 852
f 2420 705 7
f 7 705 2720
f 202 216 904
f 2720 202 904
f 2720 904 7
f 651 1983 3360
f 2984 1207 3190
f 1026 35 1741
f 3190 1207 601
f 943 1741 2991
f 1741 35 2991
f 1570 3024 943
f 3024 1570 2931
f 2931 872 3024
f 1612 2788 872
f 209 3144 1508
f 123 1612 1383
f 895 123 1383
f 925 729 117
f 633 1752 263
f 2984 651 3360
f 35 1026 1347
f 2775 601 3261
f 2295 2775 3261
f 2295 573 2775
f 3141 573 2295
f 3141 2600 573
f 2991 2417 943
f 3141 2792 764
f 2417 1570 943
f 2792 2813 764
f 764 2813 1508
f 1612 872 2931
f 1612 364 1383
f 852 1116 201
f 3144 201 1116
f 1049 201 3144
f 1049 3144 209
f 852 117 1116
f 1383 364 2556
f 1383 2556 895
f 895 2556 705
f 2556 2720 705
f 651 633 1983
f 651 2984 1119
f 1026 3063 1347
f 169 3063 263
f 169 1347 3063
f 1752 169 263
f 1752 633 651
f 2667 1752 651
f 2667 651 1119
f 3157 2991 35
f 3157 35 1347
f 764 1125 2600
f 764 2600 3141
f 1508 2437 764
f 1508 3144 2437
f 2560 1116 117
f 729 2560 117
f 2720 2556 202
f 729 216 202
f 3190 1119 2984
f 1413 601 848
f 1413 3190 601
f 601 2775 848
f 1109 2775 573
f 900 2417 2991
f 3157 900 2991
f 900 1570 2417
f 764 2437 1125
f 2119 364 1612
f 1116 3352 3144
f 976 2556 364
f 1116 2560 3352
f 729 2380 2560
f 2556 766 202
f 202 2380 729
f 2380 202 766
f 1347 169 3246
f 3246 169 1752
f 2667 3246 1752
f 1413 1119 3190
f 1413 2667 1119
f 3157 1347 3246
f 1109 848 2775
f 2600 1626 573
f 2436 1626 2600
f 2436 2600 1125
f 2437 2436 1125
f 2931 2119 1612
f 2437 380 2436
f 976 364 2119
f 3144 3352 2437
f 2556 976 766
f 2560 2562 3352
f 2380 953 2949
f 2560 2380 2562
f 766 953 2380
f 1842 3246 2667
f 1413 1842 2667
f 1413 848 1842
f 1507 3157 3246
f 1842 848 2034
f 2034 848 1109
f 1626 1577 573
f 573 1577 1109
f 2436 2660 1626
f 2931 322 2119
f 282 953 976
f 3352 380 2437
f 953 766 976
f 2562 2949 1237
f 3352 1237 380
f 2562 1237 3352
f 2380 2949 2562
f 3246 3292 1507
f 1842 3292 3246
f 2137 3292 1842
f 2137 1842 2034
f 491 1507 3292
f 2137 2034 447
f 1109 447 2034
f 1507 900 3157
f 900 1507 491
f 1577 447 1109
f 1212 1570 900
f 1212 900 491
f 2660 1577 1626
f 2426 1577 2660
f 1212 2931 1570
f 2932 2426 2660
f 322 2931 1212
f 1237 2932 2660
f 3287 2932 1237
f 1237 2660 380
f 380 2660 2436
f 282 2119 322
f 282 2653 113
f 282 976 2119
f 953 282 113
f 113 3287 1237
f 953 113 2949
f 2949 113 1237
f 2137 2143 3292
f 3292 2143 491
f 447 2143 2137
f 244 491 1043
f 1043 491 2143
f 2426 1043 2143
f 2426 2143 447
f 244 1212 491
f 2426 447 1577
f 2653 1212 244
f 1043 2426 2932
f 1212 2653 322
f 3287 244 1043
f 3287 1043 2932
f 113 2653 244
f 113 244 3287
f 2653 282 322