# https://github.com/mikedh/trimesh
v -86.57440474 10.07173811 25.55519374
v -99.48153675 2.90808115 47.15402993
v -95.67487873 0.66593393 23.81189077
v -82.16817335 8.59173142 29.79037923
v -53.20586598 9.16284790 37.88253873
v -20.04096600 -7.10565472 26.04066951
v -97.66025341 -0.23865765 46.76172190
v -57.21964292 21.60096234 30.99441293
v -48.25681561 14.48508654 15.50115216
v -50.01811092 10.78259917 14.00848846
v -61.53451022 13.12796170 21.70864142
v -97.71996975 1.49790829 48.43002940
v -95.82458287 1.26414328 41.28857815
v -42.57633346 -0.99051429 29.81108430
v -14.25549202 -3.29419858 16.65147456
v -58.19194104 12.84421922 19.96655317
v -69.01027970 5.88046587 40.65451949
v -85.63919957 8.30040432 27.37021328
v -98.04089369 -0.03178925 33.59224655
v -94.20570334 21.01600582 41.00522240
v -32.08665199 -7.11731332 29.31107048
v -103.32921761 16.53536071 40.46539314
v -39.21040941 13.95781526 10.44515616
v -99.91719940 -0.40519552 24.20934959
v -62.35357159 20.56616949 36.46560912
v -107.61532193 5.38341620 38.33764479
v -46.68439665 17.29617812 22.58709158
v -83.68870015 16.76208542 42.93700779
v -34.24584899 -11.91432040 20.17864872
v -47.35883887 18.43514501 35.36062376
v -52.64943891 5.46734296 24.20567952
v -76.65883206 9.85547496 47.93268462
v -82.91579042 13.96377523 29.49554635
v -20.03509547 6.48679049 29.87739700
v -13.03615121 -1.62211145 16.72162067
v -25.77562992 -8.19890758 29.83348069
v -79.52046753 10.17008737 29.16353028
v -83.41378686 18.54832848 38.99417148
v -99.19897799 -3.27738133 28.47418286
v -54.45056103 11.60174796 17.93408595
v -80.27718274 13.17888241 28.65375589
v -45.50631840 15.55256674 16.83663351
v -68.77446360 12.31982736 43.58389096
v -62.21868714 10.80878986 23.00450290
v -95.84841201 21.62014574 34.14846410
v -77.12968083 12.39177812 27.90550916
v -110.28350706 13.06441181 34.88695992
v -33.20862150 -12.64361426 22.71550438
v -82.97627171 1.60476906 44.89370403
v -64.62744603 8.83325720 41.32116714
v -46.11615417 3.72952736 32.97406434
v -85.58773514 12.09842303 47.99695339
v -97.79877449 20.92306705 32.70267174
v -15.21305111 -9.21064697 18.17933815
v -109.60220689 6.24217061 35.25534551
v -71.47320234 3.73212556 35.64574380
v -73.89546470 16.34802142 40.70582580
v -56.39677699 6.88967370 25.19055394
v -110.19114717 10.65697939 35.08142126
v -10.35170924 -4.26455499 19.41520784
v -19.58716865 9.77834498 28.44204603
v -100.62426724 -0.80203130 44.24277475
v -13.77335955 8.76632524 19.45970694
v -41.02951816 -4.42118035 17.24977912
v -22.37159921 -1.93455251 29.92574970
v -56.18474643 9.44352460 21.19349191
v -48.42939723 16.17198971 19.01162980
v -96.68046173 1.92574658 37.97359773
v -22.87104690 12.11470079 12.68065742
v -49.86574610 19.11050073 36.55977638
v -52.87737487 4.80309707 31.36759250
v -59.11940102 6.90613261 36.60630973
v -33.04875597 -4.96162886 30.63183596
v -55.62117274 16.04756863 20.06081951
v -88.14309971 20.10906676 38.26125965
v -29.49129486 -14.14155916 19.67783090
v -69.23285168 11.05677227 43.99909207
v -49.27044019 9.97556845 37.30501175
v -54.79161216 5.13760787 29.88295588
v -59.03470015 5.88472564 30.02943136
v -39.60916616 1.93273406 13.52744334
v -31.50872817 -7.57554046 16.65216542
v -72.85269654 18.29597159 32.46057883
v -50.66234938 21.43845768 34.87725635
v -48.28802189 12.29181389 12.85889118
v -20.05786653 12.75763600 15.16212283
v -84.97404550 11.32269768 26.34399334
v -109.00861032 10.54740801 36.92240365
v -33.87647900 3.01547395 35.05897847
v -99.42712303 11.78086428 28.48362903
v -105.98432252 12.99793119 31.20788504
v -94.26430854 19.63519674 42.12429641
v -35.12911777 6.70457117 35.73060746
v -87.90843139 2.23721372 41.05791705
v -104.62296211 9.91526264 41.67948791
v -32.26715267 1.16448580 34.37387905
v -36.72182486 19.33003295 25.35648953
v -106.55432944 18.89147212 33.49657911
v -51.82170654 21.52581020 31.00454254
v -94.08790809 21.63065240 40.22620158
v -62.89130478 13.66948609 22.49532938
v -54.59901408 18.04298727 22.18817641
v -13.05614258 7.20873021 14.60806564
v -27.91947075 -3.20709499 32.91772641
v -103.70766378 -2.99557413 27.06302826
v -46.23421099 13.74031978 13.49925645
v -89.09859681 8.22952905 24.27058431
v -31.79685139 15.04556623 10.87721089
v -29.06982962 5.42881337 35.25158483
v -71.90981823 14.77772882 26.83361684
v -34.75783421 9.22440042 35.30363323
v -25.73689098 13.36037098 30.14492675
v -19.02379433 12.20856529 13.72145832
v -71.63851534 6.61772705 43.61175567
v -27.69421675 -8.45487905 30.39144176
v -61.99225969 17.37517400 39.75448321
v -101.79425319 5.04460235 44.63749120
v -87.63858710 15.13779037 45.06196186
v -80.50399009 3.42432728 48.10521844
v -78.06360723 16.60473612 32.96037768
v -65.31406325 7.01342281 28.10485350
v -70.91957594 8.05559668 44.16786215
v -81.60789584 2.27785203 36.89370195
v -105.84699510 -1.85569299 27.49323388
v -81.42523637 11.26207630 28.07004314
v -77.55828190 11.03052884 28.51475829
v -82.62763593 17.55654211 34.36490778
v -94.90192200 13.14807279 45.88514834
v -82.09488602 16.31061624 32.43254150
v -97.92515501 2.37322577 48.69104664
v -67.06648360 4.73124812 36.22414481
v -25.31869197 -4.06669248 31.99562607
v -34.51194493 3.57741225 35.23586257
v -106.38402147 6.60934347 40.25534285
v -92.92018977 1.80033788 25.16383804
v -25.34993541 15.89481642 26.24558379
v -45.14927390 4.53679516 12.84135304
v -13.64327023 7.17308071 20.37148996
v -75.74147978 4.62497357 33.10346400
v -103.70838108 -0.94180466 39.40630396
v -85.59052349 4.83133463 32.63031916
v -71.08006003 8.79659498 27.82908537
v -107.18749962 21.82013080 34.82938027
v -42.28175877 14.77831173 12.80704978
v -67.09963599 15.14920559 24.63091182
v -32.73381725 0.18040675 33.77065793
v -49.59277409 14.69210673 16.21101318
v -49.14655359 14.30366923 15.70193661
v -86.93254215 11.91769215 25.58476925
v -103.36787320 -1.44876374 39.27691171
v -27.77498478 -5.27231236 31.92617322
v -69.20853245 8.88908948 27.20926063
v -53.31850689 4.86482819 27.49940211
v -25.84426434 -4.64061656 32.06426239
v -66.91437099 20.53265822 33.68478878
v -48.55309854 18.14064176 25.71124874
v -97.12103057 -0.92297195 24.34957109
v -103.98822995 23.63615088 36.55557764
v -60.76252298 6.87332658 27.12306508
v -100.25923022 13.20822110 43.56638173
v -46.14806800 18.52720997 34.38705428
v -75.87851797 3.33913834 43.99315917
v -28.40912159 16.56556567 21.79090943
v -57.13187138 6.83609882 35.77550318
v -63.25971262 11.26169992 23.12744152
v -106.71758795 9.30384051 30.77211342
v -56.20559096 17.90876236 39.08677032
v -96.96601255 7.31887555 47.74337939
v -110.20659267 7.34132209 34.49220246
v -46.24461739 15.31876291 16.26042824
v -91.63363257 2.86418042 26.38414504
v -62.36688166 18.27959492 39.02251465
v -102.06358459 5.90218298 27.68289741
v -11.74781542 -3.72877748 17.91261462
v -46.62364891 -0.28186747 24.64547339
v -27.75478461 15.59562267 20.57517400
v -49.75527111 6.31282592 15.89772170
v -80.13852878 7.19605353 50.34810806
v -36.64969999 7.50894344 35.68328485
v -49.48380667 21.29212597 32.70337216
v -39.82786450 17.70895415 20.78165647
v -102.82543431 -1.84682099 24.07512418
v -54.53485812 19.44042855 24.90522376
v -44.50054799 -3.99775347 21.00830401
v -67.13008398 5.24804335 37.96315240
v -49.58386735 8.54264456 36.48625184
v -85.51158388 6.68879691 29.41769996
v -46.70592356 18.91104231 34.48372462
v -57.44279695 20.06252194 25.49701563
v -92.04179835 21.28696286 39.61668971
v -89.72996421 15.26169609 27.33962588
v -98.73132494 3.51360494 47.71928492
v -108.51973407 14.68148360 32.16582826
v -12.63285670 -8.87451237 20.68850806
v -91.28395829 13.39977024 46.44056480
v -36.50773984 4.69498404 12.47148813
v -31.95435330 -11.43144210 18.35924267
v -50.00875332 11.16836118 37.99229100
v -72.10531332 12.48348746 26.39874262
v -45.03785513 0.31184599 29.02458214
v -45.35153691 19.56845182 29.44331903
v -101.69940934 22.60984557 34.62956791
v -58.22633672 14.71954094 20.63647768
v -51.34873835 11.92530409 15.54355380
v -16.35026979 3.68719178 14.10823234
v -98.50064054 0.18429071 39.85989804
v -25.85082615 -11.72675219 27.39248805
v -12.77580899 7.35681792 16.76266375
v -101.28732890 3.46029557 26.40773954
v -55.77918580 11.78558200 40.00528794
v -57.23825478 15.16712680 20.33245563
v -100.61839041 -2.57165488 24.79251012
v -73.92772911 4.23016099 43.15918641
v -46.81747317 4.08985833 33.03099988
v -86.02812169 5.86384789 30.32831664
v -102.78563843 -2.46674345 23.98630415
v -64.83388247 21.15487597 30.29948336
v -12.89949964 1.37709856 16.23964186
v -88.43227390 11.03113666 24.49192703
v -87.24656402 1.70935686 42.13086730
v -45.78077879 5.23862916 34.09607342
v -40.25353942 -6.16061348 25.40764307
v -51.75847271 20.27558955 36.76417050
v -89.94267214 20.30351315 36.34604972
v -59.04041416 6.17613946 28.21149924
v -66.59459802 16.74441851 40.58568845
v -96.70237879 -0.35023222 46.32171584
v -11.05966379 2.07400317 21.21491432
v -84.76027545 14.68588916 45.13959342
v -36.93139335 -10.17837560 20.53839387
v -36.09658237 -5.19605156 16.22309524
v -94.01937095 21.80038320 39.85493620
v -52.67019711 4.43875117 29.26242593
v -32.15213417 -12.65426409 19.48587614
v -11.71496176 -3.23867118 21.70805048
v -83.95240144 18.15168628 34.99961973
v -84.12758448 13.15433213 46.72279962
v -86.50242029 1.23926670 48.07940274
v -64.05857013 20.26070560 26.60330815
v -92.71264583 1.83663780 26.52687064
v -46.77004715 -0.09501492 19.65995138
v -38.36450818 -9.05813374 21.09705649
v -95.95330842 10.05189128 26.42345578
v -87.07658992 14.54694378 28.15948717
v -79.43110130 16.62370591 33.23134634
v -52.15261986 4.63151534 25.63599291
v -33.18476431 16.20367870 19.33953878
v -87.11847046 6.07532675 28.55041067
v -57.11125316 21.53636637 30.36129973
v -16.67464591 12.03533679 19.07365234
v -25.92126320 -16.81283974 23.93128045
v -27.56266787 4.83439163 34.88345000
v -76.75650416 12.68656578 27.85817273
v -42.26889976 18.78775147 23.91158434
v -49.08560287 5.82116292 34.11076229
v -55.91511318 21.77134817 34.99107789
v -28.67293402 4.44521955 35.25686269
v -26.84873347 -14.34480404 19.19087317
v -32.05894284 15.30472990 17.15769578
v -69.57845339 6.48811563 29.63558731
v -85.92791770 16.02424972 44.12984094
v -56.51653922 15.04663253 19.72452942
v -60.75686235 9.34504785 23.87165590
v -13.42204803 9.52084438 13.68131236
v -24.98739783 15.41831560 23.18829958
v -54.97786606 7.71012586 36.79096289
v -93.50612683 0.26937046 48.34000133
v -45.49075057 -1.57828217 19.14656463
v -97.68682488 -1.72877606 30.11957586
v -82.42201257 12.16439055 27.72059014
v -59.90858681 21.37448548 34.97520250
v -91.84650127 4.53849854 23.62795291
v -17.91716330 12.19069939 17.47273870
v -89.63111566 9.81871644 49.34731197
v -65.46381239 14.33439861 42.02280012
v -98.36948963 12.86154237 44.71480472
v -45.29063204 17.67825150 22.73702802
v -39.79680022 18.39226643 22.22448146
v -92.75664983 4.92596955 50.39825803
v -101.37094038 -1.79322079 39.20715575
v -67.05246664 5.13371989 32.34051356
v -17.50385222 3.13320249 27.96584306
v -23.94403419 4.98062571 13.00881825
v -99.10411482 10.35453427 45.44652649
v -27.86026953 14.15635680 17.00715602
v -97.72563407 6.81674574 47.47454039
v -60.74799628 7.49275443 38.02765334
v -83.95734938 5.58182379 51.58851557
v -77.80611615 17.29111709 39.12012810
v -101.74000797 8.37517621 44.40592629
v -35.44064924 15.81778993 11.18438355
v -37.65138941 8.00529071 35.65450605
v -21.84910943 -15.74468574 21.19233825
v -34.99939839 7.65951617 35.64092597
v -74.10670501 3.67902054 42.26575286
v -33.04158101 16.29076092 14.11367145
v -37.59399857 -8.35580363 24.99847068
v -27.61541846 -0.34859820 34.01670559
v -18.25405310 -8.35525228 24.88605138
v -44.26677286 9.33339392 10.36100506
v -61.98378918 6.19491149 36.59579765
v -104.80964775 0.00757861 38.43981354
v -104.50684612 0.76136810 39.45291716
v -90.28786840 4.41110910 25.57882872
v -96.88009580 17.94069233 30.13472017
v -35.35145033 12.82748494 10.24385834
v -83.74578906 1.36138146 40.60153516
v -63.33165067 6.74652246 38.04539721
v -52.44198315 4.33926456 28.74443461
v -15.81946484 11.36971640 14.55126756
v -26.37115107 -16.46483189 24.47232365
v -81.51704733 10.27734042 28.67952360
v -53.10395824 21.94974633 32.60706775
v -61.50693377 7.11924532 27.04705927
v -84.85055592 2.84010585 50.13738990
v -43.10639683 -5.34284372 20.14778749
v -72.84744029 18.42944698 37.02703106
v -76.85042367 16.73525215 32.41448806
v -72.15176327 5.45844147 42.85947454
v -22.27513184 5.17435689 12.99387924
v -92.40467820 21.36466275 39.86551901
v -66.52947247 20.00196412 36.60825137
v -35.90371773 17.82248968 21.41945330
v -25.76249258 -1.68198309 15.09832730
v -74.36857278 18.17259154 36.54398580
v -110.89883060 13.51563080 33.56844105
v -102.78290776 18.10528336 32.00366152
v -41.78312156 13.96966997 34.54183432
v -82.91693615 8.14571012 51.02242333
v -57.73928773 20.69984424 37.05131346
v -17.79848681 -12.70290838 19.24788082
v -23.17683425 14.51506204 24.57227002
v -17.30218727 -11.68624453 18.66942998
v -9.23141348 -1.06395653 19.13168144
v -50.07942096 21.44724703 32.26615156
v -10.08483633 -0.46045430 18.05086230
v -58.62866507 21.67636592 33.65131019
v -67.40324977 14.50025834 24.48560214
v -51.88162486 13.08886770 39.06113444
v -41.84309572 -5.13190340 25.46792295
v -41.14871719 14.90970974 12.23187392
v -67.46097869 18.98301384 27.40230642
v -47.88399547 9.06502606 36.33443023
v -11.19979176 0.49223206 17.32662804
v -72.72435269 18.66920202 35.45862922
v -38.25794655 16.18541482 14.13078649
v -23.79628332 -0.81146308 14.93610410
v -102.33314497 -0.48497366 42.85835400
v -106.38700313 3.67108509 39.04292659
v -28.36627766 15.83293218 29.93991773
v -42.52208499 18.80294016 32.13578352
v -55.69772630 15.27674835 39.92258981
v -91.19423751 13.88146876 26.35294780
v -110.49428439 7.51396410 32.84392109
v -16.49067930 12.03300997 21.51520990
v -16.03720226 11.04863031 13.45880038
v -102.23854890 -2.10952261 23.88283180
v -80.58247223 3.09205281 47.47314311
v -64.78609709 21.16691508 32.34083797
v -107.67950048 13.67648149 37.98437738
v -39.14987248 2.92720501 34.39010621
v -100.10922993 -0.99300583 43.09343509
v -85.45915884 1.20405350 44.04226683
v -47.96037002 11.09223493 11.52373053
v -57.62356199 10.10479129 21.40161507
v -101.49717093 0.93764567 44.71855960
v -85.66891931 15.28196229 30.04478110
v -109.37424009 19.18060161 34.99782154
v -107.71477512 8.68013348 31.01768785
v -54.38011429 15.10350240 39.69053471
v -64.42223461 6.42310451 38.05191254
v -26.57143099 13.86591827 16.03428081
v -73.58880630 13.80508810 27.10887313
v -30.69810294 13.67932764 11.03128476
v -81.82495507 8.41847814 50.74097896
v -61.24276759 21.51925397 29.45308245
v -47.61407422 15.18790837 37.15708708
v -82.90227307 10.51835451 27.83191436
v -65.50890134 8.73986872 25.95625541
v -33.91732774 -6.88073203 28.63519717
v -22.37673558 5.76279652 31.70254916
v -104.14621530 -2.91147488 27.46628908
v -82.30847353 1.88238292 37.96793014
v -80.50987415 13.06087256 45.95133043
v -67.69962441 11.25275190 43.39234729
v -11.09091165 1.08238217 17.49245380
v -30.28854766 1.97381751 34.86839955
v -40.75932078 17.53941604 20.57863491
v -43.35091486 -0.87615003 16.46708196
v -79.38120499 1.86958020 38.92019112
v -94.72945945 22.22268143 38.87507191
v -43.97204930 11.97482459 35.68625036
v -13.68295273 7.41363324 13.51089447
v -25.90598845 -2.10023384 32.87657949
v -31.98620282 -6.58033874 29.78202934
v -101.68828932 21.06269291 39.52181614
v -23.25941901 -15.11460358 19.87281677
v -101.85926670 23.69508986 37.28708622
v -82.60364351 3.25572602 49.51272497
v -80.24739977 2.93695850 35.77799571
v -26.50223339 14.02580846 14.79245092
v -63.01008395 7.92943394 26.35655550
v -108.32300586 7.01238382 37.78691862
v -44.98164188 -3.22158109 21.90856252
v -55.35542312 21.67647429 32.06189398
v -38.21559269 -1.16204300 14.90019793
v -64.49869208 5.91970109 37.30746872
v -51.35996437 10.80404376 38.28550875
v -78.51015511 14.87006119 30.29753441
v -47.30953723 13.66666136 37.16764776
v -35.97649344 5.42647651 35.63988963
v -94.34952999 2.19218932 49.84486513
v -74.42984255 10.05849238 28.26126423
v -58.46731897 19.20499212 38.31181143
v -100.83419408 -1.45652642 40.45073025
v -26.20026696 6.65697281 12.68103430
v -73.75643305 12.26022572 45.06830451
v -98.02032171 17.24350296 42.81311598
v -37.90672052 -2.43211576 30.85810527
v -98.16052373 0.56891729 47.68196973
v -27.50565475 -11.12983975 28.31158281
v -17.73780494 12.25601638 19.46069423
v -13.21008490 7.35854433 18.99706230
v -106.80709969 2.71508957 37.82790239
v -42.07633129 14.14453052 11.57748589
v -12.93742197 5.45484017 20.27583860
v -55.00873640 20.14343922 26.52196798
v -56.40045257 5.62780536 30.97363452
v -34.08890492 13.14332932 10.47305777
v -103.15176143 20.12026662 39.19466837
v -101.13157744 0.46015177 45.20299212
v -9.19425889 -1.28423971 20.06885315
v -70.24896349 16.66484898 40.41872393
v -52.92270826 5.80701303 23.80205675
v -84.06264408 9.68359206 27.65885043
v -109.38289347 15.45194183 32.62381742
v -67.06889040 13.78765462 42.63690292
v -99.34187243 -2.01505573 24.34259702
v -16.36282567 5.39673149 26.46139614
v -48.56171345 15.55921525 37.55130378
v -89.16140282 10.20802186 49.22296478
v -99.01446556 -0.69858087 44.91322766
v -73.34005073 10.18249840 27.78905290
v -100.42362696 -3.54066355 27.56722079
v -15.33616098 5.21216498 13.49259763
v -108.19673002 0.87248339 32.72835546
v -72.54826494 14.10310101 26.71393107
v -75.06319593 3.15469081 36.29849177
v -61.99893753 13.69172112 41.47369316
v -18.22769150 3.95137317 28.62484442
v -86.29684562 1.09524781 44.78633181
v -66.80581245 6.77355772 28.77069842
v -20.28830566 5.98208071 12.72022839
v -34.00979012 -1.17230056 32.81684637
v -33.63542756 16.32897553 31.53320829
v -52.32286546 18.56872007 37.97494495
v -59.38173503 7.05747249 36.94670672
v -37.83366742 -9.31319826 20.13670655
v -65.07398487 12.38465811 23.65997580
v -39.26408469 9.90029895 35.15625093
v -50.20042686 9.70553349 14.70572415
v -91.07881872 1.72571161 42.79524512
v -49.30975818 3.23747767 29.24972812
v -35.66448631 -6.49652810 28.23735377
v -28.04702008 14.64010607 14.51337280
v -30.20219726 15.42419230 11.63896612
v -53.42773841 21.17207238 36.52232479
v -23.16597905 -15.58593946 20.45947324
v -60.88200337 20.72345891 36.38728745
v -34.79307224 -11.83064919 21.43825077
v -37.83583924 -9.15771784 23.40430089
v -68.67218520 20.09106257 32.54996703
v -85.30009014 1.35533301 46.81438236
v -74.62709946 13.06770755 44.53508128
v -73.46626947 3.21237703 39.04480666
v -41.70617646 -2.67820036 16.69142676
v -58.74127312 21.53009101 29.21171519
v -88.98146418 11.81145538 24.77938227
v -98.86013615 15.22768259 29.44853877
v -99.66499579 0.90890245 47.08019579
v -48.64780362 20.02793665 35.04314454
v -35.00377650 15.83097155 17.70354184
v -16.96449121 3.89418338 27.53883951
v -93.18731704 2.22822823 29.24998206
v -102.62513059 23.36256763 37.75267373
v -62.43254063 8.69713647 25.20331369
v -80.06090533 11.87614532 28.14146543
v -84.17772493 2.69312338 36.52179866
v -66.44301645 4.93976483 33.22997876
v -28.63350892 -12.36886371 18.21786835
v -12.96802648 8.83486287 15.36038775
v -40.55862889 8.63873067 35.31346390
v -69.85341550 4.00489647 36.91016515
v -51.43368878 5.43395021 33.54782104
v -48.60398612 11.26585514 12.06061982
v -102.90821097 -2.77518440 36.09281614
v -39.46519315 11.00121629 10.07640717
v -53.11146832 13.20292171 16.58989091
v -77.59693159 3.58388543 46.23039465
v -83.09750044 15.51710071 31.26167617
v -105.82493685 8.45277132 40.80611037
v -48.81441821 9.57122123 12.46045204
v -53.24471233 6.70906040 22.56128403
v -103.91459243 3.52710863 41.94908089
v -100.19813854 -3.77232362 29.77001385
v -47.65955386 20.48255431 32.71430752
v -29.93445326 10.78229189 11.71502276
v -87.87985378 18.49925094 42.21002736
v -15.77591823 -3.67946079 24.03591242
v -41.12546700 11.43777970 34.96023629
v -84.59786333 18.44995163 41.23768558
v -31.49735514 -12.18418457 25.26796037
v -26.92934854 -15.87209384 20.84259062
v -85.96155722 7.18764068 51.53750534
v -55.44205772 5.38660737 30.79169527
v -54.32893746 13.13540419 17.13492708
v -83.37121523 2.05932972 47.12994338
v -54.48699359 21.74210419 35.56412906
v -63.71443151 6.33011267 28.96367391
v -52.68911754 18.27467325 23.97091727
v -60.43031246 6.40271783 28.01533574
v -63.68242320 16.30092819 40.67478681
v -25.62232003 -10.11866988 28.36500230
v -30.65521539 -5.83933956 30.85798044
v -13.58859432 10.69212849 17.92385398
v -47.81001058 16.25603063 36.87097440
v -92.61559402 4.51024351 23.40516610
v -76.18074496 5.44209553 47.16856537
v -94.26445363 3.19205529 50.00870785
v -24.28024500 -8.20445300 28.60222746
v -58.16412262 18.73489625 23.83981846
v -79.77158920 16.90561498 33.85640031
v -55.24403783 8.44719047 21.78924870
v -92.95440930 0.72591076 44.16151231
v -30.95075551 -14.28625704 21.05712431
v -89.33454902 18.88871020 42.20377516
v -57.00382155 19.25045127 38.31233673
v -67.00407573 10.29394428 43.04767976
v -51.33473111 14.41122412 16.48654518
v -67.97807326 8.61196367 26.96020562
v -61.41279803 5.53231015 33.28708265
v -71.48740817 17.49841142 39.44216131
v -18.75570830 11.97210672 13.44143162
v -30.36893378 -8.25013934 29.38108839
v -59.33269523 21.67424682 33.69009146
v -105.44192679 22.90400528 35.09536249
v -54.85585413 6.77674132 24.15796313
v -103.48285505 0.41367722 25.58163943
v -60.80325907 21.14680924 27.34534692
v -86.75019694 6.64049346 28.11641711
v -106.23856637 -1.10293243 34.62007595
v -82.79964178 4.80653642 33.09990104
v -24.04320371 13.43889840 15.20935455
v -37.27613959 10.35332830 10.32222179
v -85.79557801 5.28052840 51.93147855
v -48.46699385 6.24923295 34.44490240
v -104.33861719 7.25486471 42.35334263
v -106.14168487 18.48004541 37.85744166
v -50.48088321 4.48275091 22.08320210
v -86.47985006 4.54658781 51.91384936
v -56.24228136 19.79200664 37.97544898
v -45.26522622 1.76732104 31.01157690
v -33.09390325 -4.24095071 31.12029908
v -99.78162843 6.52598129 46.24073599
v -45.73677466 -1.77939807 19.80039666
v -104.58465719 -1.96886083 36.27268665
v -102.23874505 2.91508706 43.89215373
v -44.07419859 9.65902021 35.55460600
v -100.37070338 4.56814423 46.04785229
v -78.56640874 3.56183526 46.90049246
v -15.12890175 11.28212452 14.94785542
v -92.45468469 3.88376216 36.29696420
v -49.30548574 2.53131139 26.15420596
v -43.47818910 -4.95656848 22.67151708
v -110.46349466 13.91788494 34.51071474
v -85.72778490 3.94718495 51.42900911
v -76.73068785 15.57593107 30.45645984
v -54.03054690 7.48802447 36.31715395
v -39.68925116 -4.15512236 16.54165074
v -21.70313821 10.60406904 29.78649858
v -32.39267511 16.31305418 31.09642538
v -49.59894373 6.07252338 15.47979305
v -107.33249437 19.14184251 36.72944982
v -40.84597637 4.57532950 12.07285842
v -85.41423756 1.74710181 48.35689212
v -54.80725169 5.28138235 31.14830663
v -39.61597920 2.37631606 33.98794671
v -45.77090314 3.45529127 32.86204783
v -12.66832151 5.50007461 19.41269912
v -46.04640367 0.94502697 17.12647001
v -91.06657934 20.41102146 41.03303989
v -64.02413286 10.68904998 23.86772736
v -83.62125267 18.32625552 40.54148962
v -94.97587074 -0.08512123 25.64554105
v -89.66403954 20.34327717 40.11524375
v -37.87849775 17.92318907 31.77906801
v -63.99868672 13.83412411 23.20048121
v -99.52611723 -0.92484055 35.04951015
v -60.63339756 5.87860210 34.98761218
v -104.40392026 15.64169026 31.39289641
v -81.90486407 17.14914683 41.70560684
v -74.15541996 4.51608300 43.87900455
v -60.09804031 7.25273880 26.27441954
v -45.56971677 2.74969937 32.19601996
v -59.23005496 9.12902495 23.35555350
v -103.72190550 -2.55238753 36.19066789
v -81.34572995 6.69521880 31.52923027
v -63.00812437 7.18016654 38.41639161
v -104.85939749 -3.08520661 30.18362102
v -109.83972196 9.18001475 35.83921421
v -41.66659432 9.77959293 35.28141413
v -47.31715220 14.83608007 15.70462279
v -41.87380687 17.22054430 33.27634324
v -28.07974051 17.32092697 24.22017814
v -100.00372496 -2.67691909 25.22705920
v -51.08774574 17.14477011 22.37789761
v -84.15439488 13.57347963 28.81818289
v -91.29426234 0.25914824 46.07252969
v -58.06459370 21.64948786 30.74427598
v -104.09673840 15.61070546 40.33386788
v -109.40239909 10.79595121 36.41076399
v -14.80254135 5.32152932 13.62643706
v -71.94251208 7.01441463 44.17152384
v -74.52361257 3.95462426 33.80915312
v -88.29847286 5.74634497 52.02246109
v -33.62616038 14.86052611 10.57382157
v -103.70529407 -2.09848929 37.20919627
v -102.99937400 -3.23882208 27.13382011
v -60.81049258 12.55617573 21.59855625
v -44.61413498 -1.55629766 18.10283701
v -64.06954691 5.30562734 35.42439323
v -110.08771606 6.13824093 34.01293911
v -92.81335976 0.16204455 45.89966943
v -32.68583715 -13.15389435 22.12294457
v -43.31260364 19.47196906 28.48812422
v -102.32692174 6.36059327 44.19584543
v -23.12671991 10.45370242 30.88899038
v -89.22923732 5.67039135 51.57827846
v -96.55740745 -1.12822359 25.38372938
v -97.19847256 -0.41042718 44.62598773
v -31.03160737 4.68791946 35.52573596
v -14.49034573 -0.04567571 15.84451449
v -93.93021139 4.37615757 50.06870929
v -107.27740870 20.93537640 36.30377846
v -89.25613728 4.91293891 52.19606619
v -66.68554588 6.99273090 40.52213580
v -76.78505266 17.36148772 34.13098416
v -52.54183386 4.74379713 26.16848128
v -18.40344481 10.62543143 26.67547857
v -65.56319925 20.66943252 34.66475211
v -79.31747261 17.04746425 40.47128955
v -21.46153789 12.93301993 13.94579257
v -106.06251487 -1.03502362 25.82615168
v -101.89299266 19.36146352 40.16870951
v -75.17973065 15.01885790 42.22394575
v -91.94943494 2.82799179 40.35911911
v -49.48744870 7.52610798 35.57944461
v -48.76124440 1.96757267 24.27293131
v -108.45835354 1.31792660 29.25118308
v -11.59034660 -6.81184366 19.44108399
v -84.32540771 3.98356532 51.06201359
v -66.20688590 16.83558588 25.11839972
v -92.94678420 2.03435788 28.30128197
v -100.34329052 23.45222795 36.38515813
v -103.65731519 23.10765746 35.21512199
v -61.17370965 5.58117990 34.01423613
v -70.30276205 10.66244275 26.45587596
v -46.99930582 1.53816552 28.50711878
v -106.44299913 -0.38373435 35.17225581
v -83.97394563 8.57162686 28.67769869
v -110.17013970 17.11210562 34.35607413
v -39.37991774 -7.72435016 18.43691550
v -60.29270895 14.24000916 21.50070443
v -90.04343813 20.63635520 37.74608875
v -48.90938337 16.15181894 37.57776101
v -59.90587387 14.32547344 40.85411533
v -35.51542407 -10.68485239 19.64712803
v -104.96419780 6.85019941 41.74233898
v -18.35417431 1.29744528 28.32674218
v -18.95496279 7.58866550 28.73623065
v -78.66348294 9.02615175 29.98556029
v -86.54897564 7.49785240 51.21958590
v -34.42346526 -5.52273868 29.65988054
v -90.46294148 0.39052742 45.55145978
v -13.46344108 0.95488145 23.67845301
v -95.72668826 21.65357909 40.43262893
v -39.37825206 9.09904727 35.31845481
v -44.03179811 6.32840704 11.37432245
v -16.34366403 -10.35725653 18.22752668
v -94.85900671 2.96057887 36.16780323
v -23.12512097 1.35861559 14.54141456
v -95.18674872 4.06869352 49.52630367
v -85.59349522 19.30924944 38.01512516
v -99.69867811 19.52252936 41.05960446
v -88.52172500 10.81931618 48.92921901
v -50.58477000 21.44717864 31.23189864
v -54.19071616 10.64963160 18.54393801
v -37.23701529 8.49985546 10.84394439
v -51.38856540 4.10704242 25.70740167
v -50.84217075 11.81982437 15.06307485
v -91.81695752 2.89168156 25.35607640
v -109.46027846 4.05445810 30.80377834
v -36.43738152 18.74631487 29.48566667
v -39.65636535 5.00661814 35.06744260
v -84.64986434 1.43162289 46.09506201
v -30.07193041 15.71521130 12.44455620
v -75.54784977 11.78264868 27.77012635
v -37.44026715 -3.46426710 30.26731010
v -83.87354023 5.96193378 51.61413925
v -24.87369308 13.49096970 16.51214503
v -49.01756958 5.47481979 33.82811729
v -82.23138670 2.63201989 36.28801960
v -83.23285207 6.58311213 51.46318061
v -76.65289735 7.95527435 48.40626996
v -95.90560125 8.72070384 25.91447694
v -39.96959785 -7.44032538 18.91673048
v -11.36180067 3.13303090 18.59099975
v -46.45718944 -0.79717007 23.11835901
v -78.10860492 2.03264413 39.66309393
v -26.78659068 -5.50831708 31.91436948
v -61.49163554 9.41152751 24.04527324
v -48.34426892 13.74109807 14.68770708
v -55.65203715 21.12147881 29.27092458
v -46.50889086 -0.10744292 19.03121012
v -79.47434385 2.39969760 44.81676988
v -94.36709286 0.54589770 48.71307867
v -14.36975216 8.01633604 12.60265744
v -10.81668574 -0.69378202 21.70504446
v -108.57161040 12.56806429 37.18248987
v -101.20426540 3.78183246 45.22227071
v -16.78471301 11.83294589 15.28653713
v -88.27354676 3.83462175 51.84112232
v -80.64312400 8.04409282 50.51327276
v -23.79271852 8.83554718 32.07150660
v -93.32797394 1.20733087 43.01777829
v -36.33425595 -3.62234235 30.59207420
v -45.07699435 6.95872061 34.86519295
v -68.76297154 6.93233700 41.77162988
v -105.52010999 1.13085430 38.24545414
v -93.36873661 13.93107747 26.92745844
v -14.23645812 -9.33781081 18.79561047
v -60.77919265 7.95288778 38.56098062
v -11.73295705 3.22650495 17.70849193
v -60.93376474 8.83032421 39.56597209
v -110.82832690 15.54238505 33.52189139
v -94.90656782 21.58735906 40.49174632
v -85.79550473 11.65343655 26.07901783
v -80.79076869 2.06060043 44.65581709
v -55.75502742 19.10986851 38.39070722
v -61.16498881 16.55373724 40.22611522
v -21.14416547 13.56412000 22.59275300
v -64.16106796 10.82181693 42.07662892
v -43.06203098 13.05426960 35.16909529
v -57.55640791 12.07760712 40.39825641
v -58.44294830 5.75200837 32.00576604
v -44.21952826 18.21625182 33.41930460
v -31.58236037 -10.69822825 26.66251355
v -51.03583866 12.91503576 15.49878714
v -35.96056522 6.51117589 35.71627506
v -12.69989785 3.78378264 21.85755704
v -87.93786994 10.43028465 49.22562005
v -63.57321365 12.48874288 22.88260680
v -21.84545131 9.95135383 12.17163586
v -23.48552178 14.39229736 22.75899753
v -96.09810068 8.75874379 47.63806106
v -69.62820102 10.16988719 26.44102540
v -27.30916536 6.92872897 12.73633227
v -47.76689009 1.32850210 21.09159935
v -97.39904637 20.35840314 41.26454292
v -50.44091364 3.80316518 29.60785280
v -49.97829133 6.54951954 34.83264434
v -71.82793439 3.99397826 34.12005297
v -103.60170479 -2.93185903 26.48025506
v -12.03192036 3.76132278 17.34132170
v -59.81900013 8.20798498 38.56015860
v -85.30993116 3.92051436 34.56157045
v -36.94994866 -0.10668503 14.41689821
v -103.11141882 2.69168332 42.65819202
v -80.71587934 4.47145506 33.70115524
v -93.67253276 8.89364576 24.96087330
v -103.60994126 5.82932898 28.27633228
v -32.51955844 2.35400689 34.86062756
v -55.00053011 19.14661932 24.06013871
v -18.80052373 5.70396163 28.94428834
v -81.31737835 17.53274768 40.57796814
v -96.88425359 16.40236665 29.30989928
v -56.91733807 21.77073805 33.30244022
v -78.91997686 2.13699314 37.91051314
v -83.68399123 10.76026815 27.17105993
v -68.71091580 5.33704104 31.57347409
v -55.87408701 9.12959918 38.54698092
v -56.32357899 17.02298826 21.34372394
v -97.20949195 22.15359237 34.65190640
v -24.08296076 4.71948231 32.79161204
v -30.71219930 12.94091734 11.03844461
v -51.11257622 19.75395795 27.94746613
v -52.44679045 19.37431735 26.53339318
v -86.26961834 3.31840068 36.58143068
v -58.68825280 14.26169449 20.71257533
v -110.63492607 8.79849632 33.27855023
v -108.84897329 3.54158552 34.93881148
v -90.69398536 3.76876839 26.30571629
v -98.96669456 21.84168228 33.69984915
v -58.44233609 20.44838813 25.73001515
v -27.72179971 -8.93572027 29.96246586
v -80.98631170 11.00575136 48.45593337
v -75.16698949 17.97456863 36.54360611
v -105.87211588 10.01595272 30.65105263
v -43.97644754 19.48324288 29.04675410
v -50.89329729 14.34584062 38.79401233
v -31.35393765 18.20768241 24.26540165
v -98.86303444 14.18125610 29.08454771
v -92.68183311 19.18002939 31.02198417
v -36.74696250 -9.73222701 19.54803145
v -33.05661014 -6.64261958 29.24287243
v -89.23973412 3.29891381 51.49518784
v -66.93417727 5.49394357 38.27827195
v -67.38612717 9.07163485 42.68488068
v -13.35162054 6.85977485 14.17912132
v -55.82058324 6.57988294 25.45558536
v -22.73551638 13.84355807 26.88381292
v -37.74617363 13.36525996 10.20808263
v -80.90288218 2.64130012 46.61501568
v -27.98594810 14.45995268 12.29226680
v -76.89260204 17.53354519 35.37679375
v -64.27995095 5.38620538 36.12035110
v -53.41310987 5.14551323 26.25777091
v -54.41775684 21.86115233 33.00645794
v -104.85775962 9.70501535 30.15394413
v -106.73617304 4.35131964 28.94698066
v -40.71789751 -0.78065256 31.20253094
v -47.16993785 6.93300505 12.29731144
v -30.49128525 -8.53135125 16.81620484
v -75.38476817 17.93206372 35.96730276
v -92.27099821 2.34655582 27.19592731
v -49.77542566 16.46498561 20.07077402
v -74.76024638 17.80453502 33.11598761
v -74.37181495 2.96568620 39.88986158
v -45.08949514 1.62969686 15.44637135
v -85.07074486 14.16142485 29.04058207
v -69.88047366 14.33440434 25.59508896
v -18.75962302 6.65724157 12.39836307
v -30.42790615 17.37319371 29.23068569
v -14.80613152 11.40798854 16.61902890
v -27.75906869 2.63190672 34.66637648
v -69.91012371 4.34192136 33.76386755
v -63.21594643 5.67363753 30.94919580
v -82.61194807 18.28015350 37.53053451
v -20.61005807 12.68084215 26.74399824
v -105.30856564 16.80683287 32.03230024
v -105.07127050 -3.08465281 32.51642155
v -106.21575988 22.21652322 36.53823494
v -77.70596674 12.49899993 45.90823908
v -29.40400609 15.35500816 13.35753243
v -36.58018880 1.41759327 33.93421988
v -54.06158077 4.82179418 29.49997605
v -86.76901634 4.35446771 34.22640086
v -26.54668510 3.62597344 34.23753052
v -58.86337807 10.19513553 39.97483410
v -11.61794924 -6.78862659 20.84667356
v -101.13047151 13.99771940 42.78346982
v -84.26961835 2.59191256 49.43523134
v -16.03646841 -2.55988862 24.56777252
v -107.35044766 -0.69201196 30.42326409
v -30.01162182 -2.61013659 32.83239983
v -83.71109798 10.43123296 49.49882536
v -68.63301185 4.42961876 37.54289351
v -15.44717802 -6.62390720 23.34367611
v -62.29453596 21.40689021 28.37074530
v -103.84446537 -3.82882492 32.57888490
v -10.95354450 2.67607544 19.06340487
v -105.20834704 3.87250428 40.62205040
v -58.70935948 9.42761931 39.39004892
v -94.90985793 2.66100825 38.84023380
v -44.92564289 1.93362822 31.51060252
v -42.51193968 8.06932252 35.27636802
v -108.06678092 6.11076390 37.95543136
v -67.11983293 12.93319047 24.31395966
v -26.63481608 -11.43465661 17.51262398
v -102.32316494 -4.10733166 31.88297607
v -47.79452878 9.55276110 11.73528646
v -13.45221915 8.34813933 13.63998715
v -95.66845001 -0.65745475 26.04553456
v -89.42008705 11.46773366 48.33669224
v -61.53439023 17.11672452 23.73422063
v -44.19922997 11.72429659 10.30850311
v -57.69853306 8.99365201 38.78912616
v -51.44922502 21.04349675 36.04476067
v -90.64817542 7.29548946 23.57663935
v -58.24485564 7.77302001 24.62992534
v -28.25697297 -13.66126864 18.93503595
v -41.06564451 -2.44281365 29.29427852
v -104.94673493 12.75401678 40.60540757
v -64.15502716 14.23747851 23.36245766
v -80.56961976 3.73123430 48.78538805
v -98.46941334 -2.11845465 25.07014660
v -38.00052592 -6.95557864 26.36249134
v -32.53678124 -1.48223125 32.94370226
v -65.72943630 5.64464278 37.55378925
v -88.70646799 4.37080835 35.33834522
v -103.02727396 -3.94730735 29.29272717
v -96.36630212 0.29458089 23.81767873
v -49.20741685 7.52428650 13.73344339
v -47.65215439 3.05721184 16.83866112
v -70.05420227 13.84969131 25.49459220
v -53.84895471 7.73131996 21.57706919
v -48.62129488 20.87236319 31.69584470
v -76.01316937 9.38877158 47.70298473
v -43.06283881 0.05326957 15.55611446
v -90.44789965 4.57664873 34.13370786
v -67.48592158 4.54896150 35.66095306
v -57.66559395 21.45780914 29.33534248
v -46.43628054 14.50212123 36.60207739
v -56.98779893 20.04680455 25.57641776
v -33.34407848 -9.35392218 17.69356453
v -46.39750383 1.80215790 16.60210672
v -99.12227701 6.29033170 46.72880241
v -70.83568470 4.13743300 34.02561520
v -31.27139546 14.23916683 10.91801610
v -64.53996798 5.25941466 32.53033334
v -83.24541161 3.87778932 50.58940110
v -22.57725824 -14.50427179 19.44860747
v -92.98137042 12.05877109 25.99360417
v -44.84080411 1.07779640 30.41711780
v -48.05016151 11.81286088 12.02626358
v -67.43032365 7.12183939 28.35914003
v -90.90038677 18.70213379 42.58518340
v -87.94214740 19.97235905 37.53072732
v -38.95587791 6.91775792 35.51354927
v -89.47781083 5.30102264 25.78421694
v -80.28791732 15.26125288 31.20629228
v -82.87948601 11.48550803 27.37204442
v -37.44079968 -4.29064724 29.49007900
v -33.69844187 13.44286537 32.89470059
v -81.77179750 7.96922081 30.35555598
v -11.89361486 -2.58402586 17.50221767
v -61.71820344 20.69126783 26.31453908
v -70.54395321 3.87411279 37.51807839
v -98.97443453 22.97343808 35.47724899
v -51.90782133 5.43054863 22.97167957
v -42.86964747 -0.32217341 30.33938295
v -21.88295938 -14.51163664 24.33943230
v -30.09236638 16.08269317 30.43967117
v -104.97473552 16.14741248 39.49111418
v -68.79036849 18.69036801 38.18877885
v -95.99892614 9.77556855 47.26581693
v -81.95529926 10.87769599 28.09869908
v -51.02917027 8.81804119 37.15454980
v -17.01387504 11.85645956 22.73864978
v -32.78787304 -8.37201712 17.13270546
v -105.82848583 -2.26591339 32.81452909
v -42.88021931 5.25312871 11.80936733
v -110.35379508 12.05088520 32.92097387
v -69.49107165 17.77776082 39.32921524
v -83.16265535 16.42132741 32.42069471
v -54.99724802 15.79904091 39.64484447
v -96.15513338 0.93072420 41.73305772
v -81.99885186 5.67813493 51.01220282
v -30.05435576 17.78764375 28.03910694
v -39.70019893 19.43752467 25.48635829
v -78.12229108 17.42992604 38.49832187
v -102.45247775 -2.78689241 24.91387306
v -12.87292262 2.85863144 16.02995743
v -78.99760151 12.37400866 28.11969554
v -102.68277111 22.89872998 34.96003606
v -16.40942680 -7.27491913 17.01190671
v -12.08338795 4.15307793 19.92395818
v -81.30433481 6.51414191 50.82340451
v -40.21267861 11.55193610 10.03849744
v -106.27576151 -1.83850971 29.75451953
v -89.67722215 2.13368327 50.59922077
v -71.74219408 4.59781926 41.12769501
v -11.76711457 -0.31062475 17.05548948
v -12.71804479 6.57553451 17.77783453
v -72.28063295 4.29586602 33.20133191
v -43.82559711 18.87006214 32.57033961
v -57.66552963 5.85512397 30.37802445
v -40.92889520 1.77425170 13.71663926
v -101.45887660 9.75992003 44.20342740
v -65.30382770 13.35507956 23.68953606
v -17.66454912 -14.03156789 22.94064954
v -78.51523186 13.14260335 28.44768421
v -40.97468308 18.30065852 32.22583702
v -66.21579763 12.13447314 24.16777364
v -86.61836468 2.97710828 37.81675470
v -62.16272724 19.00232903 24.73731400
v -56.72952961 6.28410846 34.55227815
v -98.02214442 -1.60594824 24.61071217
v -10.90366898 -2.68801958 18.06690100
v -98.20335348 14.38304396 44.01580831
v -76.28859848 15.61012753 30.26826238
v -68.97191956 5.60520303 31.03676002
v -84.80353166 15.23997419 30.40448756
v -42.33781334 -5.78710099 23.35468026
v -31.69572383 -13.74287279 20.73904914
v -63.76532151 8.24983259 26.19822473
v -49.45849246 8.95776217 36.77074122
v -21.84084165 6.37150909 31.26170995
v -92.44505992 6.72380681 23.61537106
v -26.17416399 2.86033274 13.87448267
v -56.51045865 13.99407847 40.22823743
v -38.83449325 16.06957498 15.29173105
v -76.43629084 14.40843300 28.85947697
v -12.55926708 6.23275862 16.71961887
v -48.23874696 19.65103108 28.94663640
v -38.78516394 16.18082543 16.48344458
v -104.00193468 10.24527697 42.10940969
v -91.85061408 3.47826627 24.35294248
v -27.30290146 13.99420744 12.31320734
v -39.21588193 8.02646751 10.71967253
v -36.15867891 -10.50917107 19.97949829
v -65.81750891 14.54884009 23.92829195
v -38.51531456 3.30694361 34.66316479
v -109.53075869 6.71959828 31.46115757
v -45.65484937 13.62136488 36.34570020
v -65.76114812 5.38847160 37.04037204
v -89.60049938 2.59248410 40.95061218
v -19.36133970 -11.84037716 18.14938848
v -11.86771799 1.25597055 16.91819640
v -99.78130106 -0.74787966 44.63586471
v -107.37182374 -0.54935592 28.66143903
v -81.05421506 16.12720425 42.58035577
v -20.89081977 11.32501736 12.50437226
v -27.11764297 -16.77097209 22.66140736
v -102.30670700 23.37429756 35.53928694
v -13.41254673 7.10136634 19.80122232
v -103.05367493 21.59016970 38.67732806
v -47.46345146 17.50690526 23.67000457
v -75.04386429 17.65858024 38.35227159
v -57.15413150 9.41188545 39.04460910
v -48.08152184 2.14659945 28.07828084
v -35.81667444 17.77035754 31.23085953
v -37.33516248 4.32445924 35.21862710
v -13.93835665 7.42789351 20.96794896
v -39.80112350 17.45472024 32.60414417
v -102.87392099 22.18064914 38.50591986
v -13.36139265 9.67299712 17.70235580
v -90.84269176 2.34467505 41.57049804
v -38.44323543 8.71515285 35.43947605
v -83.24323174 2.65581808 36.37552899
v -70.34614976 14.45883559 42.67981144
v -48.93328120 20.49581126 30.22150362
v -44.90984289 14.06297710 13.08289611
v -18.75733562 -8.98361291 24.95624402
v -100.82150895 9.64638566 44.64138612
v -81.13389885 9.84609123 29.08859797
v -52.22551654 12.30956570 39.02890945
v -44.38603446 -2.85111672 18.87226276
v -79.43629520 3.54575276 47.60287265
v -72.92844602 6.48842335 30.30631831
v -110.48886280 9.23660300 32.97917616
v -62.64228460 9.78498471 24.07762416
v -73.61390063 5.47184966 31.62276931
v -109.99027356 16.77986411 34.96387334
v -78.37984939 3.34495348 35.14847909
v -78.65255800 8.32763772 49.68399245
v -36.71267056 16.16955979 17.97818818
v -109.69456314 4.65245275 31.62188705
v -21.27331437 13.74506454 23.96559599
v -84.05633869 13.53929487 46.28154960
v -46.17377224 17.39215589 35.22255837
v -61.28119780 20.67954311 26.14376091
v -82.52796315 9.57196088 50.13732945
v -19.70864865 11.68761599 12.82490595
v -35.01221095 12.15305578 33.85767046
v -12.48158449 0.36844516 16.58903692
v -67.37929497 8.05783095 41.97342221
v -57.34919313 6.10090901 34.05135832
v -102.22638005 16.06792080 41.37058127
v -39.74660606 0.73727261 14.17895428
v -17.94285135 2.16395190 28.22959121
v -32.24748727 13.35409184 10.70046909
v -103.34838043 -3.52392562 34.14472920
v -11.28544811 2.95677713 20.50515248
v -98.83566984 0.35728353 24.23350912
v -11.05770180 -5.90264019 19.67895319
v -62.47711787 10.79052982 41.39380233
v -47.15284968 0.45190422 25.22642909
v -70.32757640 5.49793139 41.14584749
v -22.72019318 14.31252012 25.01109417
v -50.90036888 7.63574704 18.01963786
v -15.02554533 9.06569388 22.28445626
v -78.30292257 5.90292552 32.31991763
v -66.52162133 11.45023829 24.52801594
v -81.40028551 13.38615050 28.87723298
v -98.09945582 21.81014034 33.72383560
v -61.45944050 21.34320325 34.93074295
v -14.82002293 8.62763299 12.30761702
v -48.93778897 4.47485396 17.43916935
v -46.30053597 0.08109111 26.75519523
v -9.30056378 0.05203600 19.17725336
v -99.32389171 23.35509362 36.74130703
v -108.16444292 0.69663986 31.58626689
v -100.96247618 -3.93242331 28.86929626
v -52.90814589 5.08834482 25.54532650
v -27.64139554 -2.01471514 33.45424501
v -16.14523692 11.90356386 18.82338408
v -13.87901519 4.58522590 23.08470137
v -50.64087195 10.51100272 15.14515048
v -100.90974344 20.88807639 39.91651546
v -10.97113935 -3.62867809 21.15209729
v -103.99594877 23.59155262 36.16877884
v -59.47668054 14.51450123 21.26778870
v -74.82032196 17.92559847 37.52558100
v -105.67348024 4.86427133 40.56048362
v -97.46283806 21.22470927 33.05550982
v -28.09662149 -15.02596016 20.19353709
v -30.28670115 -12.69119668 18.77360592
v -54.90271471 14.01744001 17.75155335
v -36.22816797 11.70612856 10.22721476
v -82.66115370 18.35565380 38.47890666
v -92.69019691 4.45264002 50.56642369
v -57.13193053 21.68556160 31.93698121
v -35.24380555 -5.42391244 29.44296638
v -53.17259859 15.86468785 18.69088179
v -47.48629105 20.48439306 32.08587359
v -69.58153914 7.02905163 28.96001410
v -43.86064685 5.12689109 12.03616099
v -101.50164887 -4.21775871 30.24560138
v -17.80288478 10.04846309 12.00587465
v -25.40018911 -9.20493861 28.80454445
v -54.20277714 16.07824651 39.45617558
v -56.11107782 12.77919879 18.22412929
v -16.32874940 1.97409860 26.74675029
v -16.94503837 12.25835077 20.64529565
v -28.43936700 -4.55442718 32.13812175
v -75.04043350 12.25058705 45.44244094
v -13.70283689 6.01462475 21.69208718
v -14.91039389 7.10367521 12.61841558
v -22.36104487 4.02222274 31.64308823
v -26.81914431 16.62703629 27.33788235
v -15.42253325 10.60744574 13.02960480
v -103.66330042 16.72898759 31.63243850
v -24.63538275 -6.85504480 29.88736935
v -102.24363508 22.60733248 38.47540216
v -47.00638162 7.92420420 35.41836053
v -64.82952079 20.43740009 36.12184266
v -12.29570727 4.71536624 17.08364800
v -89.06564283 0.41661741 46.50539264
v -37.74521614 -8.74957724 18.89557472
v -72.83587171 7.09000537 29.74356046
v -26.12627556 -15.52720396 20.26772072
v -28.20451567 12.28386037 31.93176194
v -71.71704803 13.66046318 26.20464360
v -57.57617592 5.76150846 31.01933599
v -108.32478230 0.97809379 30.03103700
v -60.79497472 21.47325675 28.85045726
v -57.58376256 6.36366204 34.99578682
v -88.95179433 6.17331256 25.53751149
v -64.18121484 12.53314721 23.19718242
v -22.70120990 -0.05804576 30.84840717
v -53.31850028 16.87913731 20.39001554
v -16.09511058 -13.36947637 21.99707970
v -39.63819046 16.24160064 17.38604355
v -38.97321454 17.90736418 21.07109159
v -41.07251828 19.41078700 28.24269555
v -24.33858813 10.20782169 12.20654304
v -110.46217034 8.43133189 32.72869739
v -66.75231730 8.89731797 26.25350715
v -83.70141669 2.30003355 37.17121950
v -107.92612800 19.55157847 34.21374758
v -75.18854395 6.16142321 46.50298547
v -79.82742577 1.69293330 39.74404079
v -50.38891496 4.13074476 31.24103384
v -103.78401023 1.78085382 26.47994851
v -61.96850134 6.18377994 28.90335588
v -80.64116443 5.97892597 50.45326616
v -82.20363267 4.46778770 33.63791870
v -56.80849642 21.34855718 29.57420419
v -79.51669722 4.91079234 33.29829848
v -106.53732961 -1.07591527 26.38204998
v -96.59683386 20.52970851 32.22639553
v -41.85835738 13.85293320 11.05506093
v -91.66485608 14.92831249 27.10452593
v -61.64166168 5.64741426 31.02346500
v -47.71611291 5.26625433 33.77155760
v -24.42369760 5.58233029 12.82950113
v -82.72899853 3.94986000 34.31228478
v -75.32297579 13.00734716 27.50199872
v -20.45540029 13.44985084 24.28778602
v -13.34476833 3.61104893 22.83625711
v -69.93004975 12.67291064 43.81317796
v -21.58895541 -13.36226842 18.69598166
v -76.25471882 6.13100575 47.61647825
v -107.15784351 15.41288324 31.91885208
v -107.07865997 3.56482327 38.01827349
v -36.55376709 16.10788791 12.12171649
v -97.60020766 22.18152761 39.78269275
v -18.73839405 -2.62412152 26.89562899
v -33.45603317 4.33711588 13.10428664
v -46.48223966 0.87075899 27.90506358
v -37.07886730 16.22076004 15.69891692
v -64.20016476 16.05457383 24.00238844
v -96.10732076 22.52900813 38.70408331
v -29.05816562 -13.82799430 25.64282301
v -20.37484502 -3.51506483 27.61492561
v -75.94954842 14.65071122 42.83826900
v -98.94889716 0.00509708 38.92591936
v -105.49209475 -1.40258968 35.59364370
v -43.22184870 17.17361454 20.65361727
v -75.13157295 6.20542856 31.24940842
v -87.34985519 13.19632474 26.40240701
v -39.90297771 15.60281919 12.84819471
v -88.75024335 17.17429485 43.38726325
v -94.40666814 2.97446005 38.28082020
v -104.40051536 23.40421876 36.79164520
v -12.75994240 -0.17014488 23.02652632
v -96.74684557 21.37798670 33.38868988
v -50.81374951 21.58963746 34.59404521
v -100.59450626 2.58388475 45.97013238
v -32.27805339 18.12896039 28.85941744
v -52.47248076 19.00576321 25.76436139
v -84.15475117 16.59389019 32.32692400
v -76.02796662 7.21642203 30.67109942
v -26.88274132 16.86491653 25.86700881
v -60.37562742 18.06064164 23.91307759
v -54.79305141 10.36808964 39.17384102
v -109.10469362 9.69392396 36.87946227
v -105.63186052 -2.35733143 29.26954605
v -21.24591056 -14.77075758 20.00977538
v -102.68827702 -3.48701227 34.42528384
v -30.10540573 -0.51388851 14.91524947
v -17.91363905 -11.04691112 18.03388812
v -87.82063245 7.29769010 25.93683432
v -41.01454962 -5.90020910 25.02156707
v -103.87326865 17.91263909 39.61801378
v -64.16074767 5.65908810 30.93201178
v -72.79493467 12.32828222 44.77264806
v -81.31560507 17.86925441 36.78512988
v -28.76350883 14.98685281 14.06436202
v -106.43892753 8.54922768 30.44728751
v -48.94897751 15.32344528 16.84671821
v -49.66594044 20.32383954 35.62702403
v -75.54921238 11.22661531 28.02591334
v -103.21172107 18.77052958 39.68991691
v -100.30846101 7.81661138 45.61886263
v -18.57443151 12.20800453 14.26213511
v -104.55371913 -3.24469909 29.65127841
v -79.49943118 8.81624210 49.97910476
v -101.52456796 -2.32640204 36.29962529
v -67.92975215 4.82510563 33.05769572
v -88.23995777 8.51868342 24.79003024
v -107.11771388 4.87434337 38.87564661
v -48.98768983 2.36380102 26.62763222
v -90.11744612 11.03257544 24.57417434
v -38.24636363 -4.41399083 28.91046614
v -10.28882250 0.61742189 21.09293768
v -103.54946420 0.29689895 40.89453294
v -63.12432532 18.44575685 38.91092775
v -58.34940272 18.00255810 39.13338064
v -43.75731716 15.97105920 17.64128357
v -80.32448518 2.78285010 46.54527939
v -64.37048696 7.99068121 26.61459295
v -89.79022978 9.94310701 24.15781952
v -60.22579248 17.40224365 23.45772834
v -51.28538150 12.23695080 15.49151634
v -15.66520179 8.01733074 24.18779001
v -90.95573421 2.96213811 51.03023648
v -85.63661978 10.28333947 49.57391723
v -106.61855699 13.42015558 39.06377151
v -42.35926253 13.05224646 10.63473323
v -15.60375251 4.09886834 14.07653855
v -85.28155433 5.81732455 30.87031607
v -23.44469955 14.34276301 26.96562704
v -65.34845914 7.48561645 27.34911155
v -52.30588640 13.93619125 16.48222498
v -13.44885905 10.39265391 17.74714333
v -109.19418585 5.41059222 30.76694879
v -90.12227696 0.44276848 47.72429785
v -102.16750558 -4.26814495 30.99524720
v -15.88724113 -12.72788073 20.43239034
v -91.38755777 17.81040091 29.58573145
v -91.52938392 17.22702033 28.83488789
v -103.86750372 1.76845789 41.19297545
v -43.58790230 11.28149459 35.57662712
v -97.88416518 -2.44183942 28.08023783
v -100.90252787 23.42279495 37.92529731
v -103.81665159 -1.31086732 24.60217044
v -21.66016592 12.64637990 13.20986925
v -96.77069121 0.00160743 47.42920448
v -23.81045282 14.79805237 26.50772749
v -54.23545935 6.49543655 34.96569068
v -53.28930217 4.69215908 28.25581736
v -80.05273994 10.91314477 28.59310443
v -36.64366481 -10.49763371 20.85943681
v -80.37187905 17.66390017 38.71182287
v -28.22212305 3.29834893 13.72166198
v -77.44642755 16.90910647 40.12850181
v -57.86227012 21.31557709 35.82822736
v -12.33422833 1.98200452 22.48615848
v -67.78211127 5.63031593 39.32370725
v -44.17318251 -3.95809227 19.69100624
v -87.75940884 19.41980433 41.15527482
v -104.75907386 4.26652816 41.31049566
v -58.67958648 21.38588440 35.40897568
v -80.30879310 6.26503697 32.05793506
v -43.03862548 15.34196861 14.66836638
v -95.73327832 16.79354349 43.47639901
v -95.16839196 4.77748489 24.11071915
v -35.10310601 -11.36560249 22.42637915
v -17.02755775 -2.65878133 15.79669088
v -76.33539341 4.64434363 46.57785530
v -37.29847926 -6.88473967 26.84428885
v -90.88206382 16.89493886 28.59345200
v -90.05411052 8.53541238 23.77389525
v -107.49343128 -0.24986997 27.82536172
v -10.30125925 -1.63461143 18.07212826
v -69.98730704 4.56264519 32.99130984
v -106.94299249 21.42670529 34.60258669
v -59.21045400 7.53826989 25.40747421
v -67.08068511 9.61563894 42.82505056
v -61.82535093 20.91569229 35.89737394
v -81.57386163 7.09279007 31.16623708
v -10.92808314 -5.11213221 20.58484707
v -67.54863644 12.40416614 24.58325464
v -10.63352141 -3.96942319 20.73771133
v -47.20704845 0.37577017 24.53117403
v -43.37426553 8.51423378 35.32473128
v -38.82079285 18.71974849 30.73637457
v -58.90504911 15.66727642 40.32346166
v -94.16089761 1.81725534 30.06047274
v -41.43486834 18.03799826 32.61650441
v -49.11638996 18.69002980 26.95637482
v -33.04457461 1.91701437 34.66558703
v -40.89917349 12.00721632 34.78237647
v -25.12639124 11.72294661 12.24106642
v -99.84173809 4.82873796 46.49446990
v -57.55723896 5.81994323 32.71500815
v -43.64097007 12.55941375 35.48436892
v -19.35489335 -0.03351142 15.07616386
v -50.96277477 9.02508236 16.84256925
v -52.55630017 6.27210155 22.44232238
v -18.16891203 8.19542259 11.93132141
v -103.57210568 8.87094791 42.85711644
v -58.45081267 19.70904364 24.81980097
v -46.81657814 8.98558246 11.35604871
v -83.69181619 18.60224758 37.40133294
v -89.29743194 3.75869776 51.76740797
v -27.77973884 -15.85761523 21.21352633
v -40.56116087 16.66292619 18.91214543
v -108.67613360 19.47105756 34.45520317
v -68.77608870 13.04257551 43.35552308
v -40.49627818 16.92154780 33.08407418
v -12.42923596 5.71964291 17.44327450
v -63.17761026 13.16137500 22.60069736
v -58.83475980 21.72603561 31.25014778
v -72.59509282 3.78359794 34.67485630
v -22.37802291 -6.33492094 27.76960379
v -36.16020551 10.37513074 10.49843202
v -62.39574226 19.51382562 25.19439427
v -107.23512968 2.22691943 28.14583546
v -85.59830095 17.98794941 42.29883370
v -36.15935655 19.02308883 23.99869352
v -94.10167121 22.04929847 38.16469879
v -96.90349671 16.63640196 43.31487823
v -41.77876293 12.65424567 10.33677283
v -14.65978153 1.34543727 24.89598752
v -72.36943483 18.79447897 34.12026255
v -51.32764219 18.15536176 37.82180649
v -47.26363926 20.16542385 33.06439590
v -85.51687225 1.89039645 48.84653560
v -109.46203309 3.73422250 31.02240277
v -60.35598500 5.74572303 30.74290938
v -50.85683105 4.13130151 30.77309870
v -93.09155505 0.40566776 44.89227362
v -49.65846143 19.79356874 36.02486982
v -98.36650257 20.73063696 32.59683399
v -59.20900782 7.39057802 37.33581842
v -40.37770469 19.23869929 29.45662791
v -12.25207272 4.88433204 18.20886805
v -95.08562540 21.08551697 41.00033739
v -110.53855502 16.18939241 33.66308792
v -93.50724507 1.68484016 49.84211350
v -28.97136971 -12.57918490 26.72165679
v -101.17277808 -1.04887466 43.01450794
v -95.87431003 -0.22678391 45.02380310
v -45.96542395 2.59227743 31.66406903
v -55.92639167 5.57633156 28.70588442
v -41.49783493 18.58586529 32.02953498
v -53.14540649 8.53128641 19.96691340
v -75.85735186 13.07838714 27.69398195
v -43.18122551 -3.53376818 26.14624865
v -26.93103442 11.47262038 12.06727657
v -70.86737428 3.77949788 36.17199811
v -51.17843221 4.27276511 24.26435284
v -29.13027856 13.99817918 11.41927437
v -39.23506323 -5.07482007 27.72256838
v -43.33669775 14.99551698 34.82336300
v -25.19742758 12.14701079 30.74020317
v -17.38876098 7.39193308 27.15858490
v -109.97712708 6.25952487 34.40264595
v -109.02768949 2.47483133 30.33349453
v -39.14268956 14.42588048 10.72911570
v -54.31576158 16.91663817 20.50609439
v -72.13059476 10.44592655 27.16624585
v -81.74705423 1.47496645 43.23273345
v -10.71846037 2.18366146 18.48538292
v -62.53050364 21.52666136 29.63885830
v -47.89860913 5.87433819 34.17816542
v -102.68279432 13.32856603 30.27263107
v -102.83591593 -0.41084220 41.94156535
v -35.56146651 18.93799210 28.18518447
v -48.91098132 12.10231232 13.19703107
v -21.50414056 13.23537594 20.98142742
v -71.90046161 5.29995473 31.58671594
v -62.95252659 18.43773267 24.70607389
v -13.26316661 10.76270055 16.49577768
v -100.16376635 -0.13513138 45.76425325
v -40.31599049 -3.38508334 28.72077723
v -70.32848196 4.83212776 32.35506033
v -65.31171157 17.11553962 24.85858341
v -103.29166134 23.71895531 37.03594135
v -82.98583522 1.35528220 44.01948863
v -13.91815636 7.18424174 13.26714301
v -68.76110518 7.09295156 28.73179527
v -13.79464682 2.34911705 23.95536746
v -84.42467095 10.33098024 26.91357971
v -92.16068370 20.48035786 34.38959523
v -57.52919242 17.49752892 39.43117558
v -93.71605054 9.96986710 25.43722768
v -27.60464955 3.90841220 34.79874223
v -42.55787487 12.01775961 10.22538467
v -98.34638507 -0.33637666 42.23937528
v -79.12195467 1.77449332 41.23518956
v -100.03909577 16.89446219 42.17011519
v -9.58064066 -0.95184855 20.67114831
v -48.60606732 14.02188565 15.15395324
v -51.35210095 4.36821612 31.19867049
v -105.70797141 2.67074323 39.23829350
v -43.34341769 0.58488089 31.07820563
v -103.66287889 -1.34692111 38.78461762
v -34.42892130 16.13428918 18.93416583
v -64.80682019 12.00128308 23.61519294
v -33.34288849 -12.12759960 19.66900827
v -74.20587665 3.04764664 38.41893829
v -46.25157883 -1.28924615 20.68980073
v -46.20413878 13.40355434 36.64079037
v -22.81561627 12.21906546 29.06825691
v -109.62262306 8.63395519 36.18197835
v -79.08455175 4.98559408 49.08117668
v -89.37469561 12.63497676 47.33876513
v -12.86054337 5.93617823 15.38405826
v -99.30217820 12.99262347 44.17522276
v -68.86246311 8.76592102 43.30804245
v -79.05768587 6.76584639 49.78411068
v -93.47915730 8.62653995 48.78064923
v -87.07349964 16.97199878 43.46666353
v -38.25704628 13.79822757 10.33973508
v -30.29989968 -14.51076654 23.54877656
v -33.38594227 15.65154316 16.78698731
v -108.06730445 14.49434937 37.39497209
v -41.97344630 -3.34348765 27.58631898
v -60.82970979 19.33906662 38.09828228
v -51.52652116 18.66190962 26.12920452
v -40.60852316 -7.11606063 23.15938992
v -92.60092034 12.07125749 47.20176870
v -37.28422554 -7.82855574 25.78085603
v -61.53852901 13.40394892 21.71020464
v -45.15669557 16.57539143 19.92578133
v -17.63719091 -11.65300055 23.97096063
v -102.94472030 3.80277474 43.17383786
v -56.66380911 20.73200456 27.26195177
v -35.57872314 16.03215727 11.53104947
v -98.11617698 18.69743624 30.97282055
v -78.20257873 13.58004237 28.74711269
v -106.15981842 19.72064288 33.78981328
v -101.53572151 22.76516320 38.58075802
v -57.95440461 21.72900639 33.06162526
v -59.75323159 10.46784688 22.20267291
v -33.17107089 16.27933424 11.58249426
v -44.55057531 19.61057819 30.90298313
v -61.44216596 5.65064360 34.49986581
v -93.61564535 1.34867080 24.75134728
v -54.33155116 19.03455152 24.18454324
v -102.07447992 -3.50139590 33.78035165
v -28.16203773 14.45778334 30.79449592
v -83.65952553 17.36792009 33.63361668
v -106.45763050 14.27098631 38.96939751
v -22.34507989 6.13524273 12.60200600
v -37.59113231 -9.71670245 21.09725219
v -89.45878546 14.54398455 26.81115277
v -40.31326414 19.33711025 25.09231062
v -59.85638498 9.60700067 39.84695279
v -70.76682060 7.37969556 28.85484919
v -18.70323776 12.40306787 19.28632726
v -79.22262571 17.09247168 34.52480708
v -92.62985739 9.20028710 24.66078140
v -54.83436332 9.79203781 19.81043990
v -98.27154679 13.64562140 44.35282063
v -39.44939469 15.97697401 15.09647937
v -49.87581765 15.82829843 17.84010579
v -45.31033003 -0.15537933 17.44740308
v -20.55011936 -15.58608832 21.87798378
v -61.41029623 6.66757432 27.77126688
v -49.46533110 21.11251052 31.51995282
v -21.82019593 0.54916515 30.43067801
v -102.08894779 -0.87854491 42.83205775
v -34.31851013 -8.52676762 17.53537675
v -102.56867635 -2.40985671 37.21575591
v -39.10303218 -6.09579645 17.29820849
v -15.17870645 2.82161109 25.52660604
v -98.24883359 -0.14304460 41.59743376
v -13.40912281 5.70940121 14.48061192
v -95.04086562 0.41139296 24.42474097
v -69.62848124 6.17276724 41.49887766
v -98.80925008 -1.25593945 23.86721061
v -14.54755305 -0.44936154 24.27533230
v -93.24589998 3.72892907 23.45092881
v -50.11110005 5.47238649 33.74325733
v -55.53918951 5.67275063 32.67331413
v -22.03084237 -0.16598923 14.91279314
v -61.54036963 10.37435610 23.10668970
v -14.34468518 -7.43106294 22.61533030
v -60.53964327 18.47315618 24.17224872
v -104.80196732 -0.49722728 25.50093334
v -95.65201608 3.54372515 49.45195537
v -83.55718624 1.25547881 43.37745733
v -28.26036560 17.15286538 23.37618538
v -64.66114111 14.70932902 23.66818004
v -39.64819909 15.79316270 33.37803561
v -29.91900486 17.86105783 27.44287404
v -72.05818679 17.35555425 29.61232051
v -56.98703535 21.71198462 34.31056612
v -67.27224801 20.27649745 34.80023666
v -74.51321133 3.53249179 34.81986170
v -36.67171500 10.24057636 35.01960265
v -66.92752674 5.76133200 30.70268863
v -49.07520846 18.39109306 26.33550937
v -17.04278416 -6.13957756 24.58087440
v -33.68740678 -12.03231861 23.28060633
v -73.60151629 4.34213527 33.11092218
v -49.54026027 7.08051754 35.20661115
v -41.61592272 16.55506385 18.86610129
v -49.56442080 4.94651638 18.61583232
v -36.65416591 2.51789356 13.35542831
v -51.23258265 5.23013986 22.19363720
v -21.56885517 -11.32549478 17.50754382
v -88.40152424 0.54365894 47.39520749
v -92.90732626 1.36275060 49.75062898
v -92.20882250 6.31970712 50.09089872
v -48.76267943 16.40156680 19.80570152
v -21.91461413 -1.21635149 29.85957557
v -19.28506720 -10.98137453 17.69996977
v -28.38967108 1.63402935 34.65703474
v -32.19491460 8.04143535 35.21633478
v -92.36167396 0.10671898 46.67331528
v -103.87108818 11.43631127 41.84917679
v -53.90868993 5.47414324 33.05127631
v -47.72943228 19.20228843 35.00974267
v -19.24349468 -9.60610755 17.14585724
v -17.30301320 10.20257175 12.10035438
v -22.56475604 12.64282326 28.33580179
v -84.00931515 1.25626392 41.76238400
v -83.49980793 14.87559622 44.67539126
v -53.24245273 12.33195856 16.78912426
v -34.35954687 -10.53233533 24.71541606
v -29.58278697 10.16754438 33.42144504
v -50.73316424 11.86259064 38.43959647
v -68.91944681 19.29179355 29.32497843
v -40.71882415 0.05563509 32.02582331
v -51.57319871 21.32362527 35.74643815
v -59.04634900 6.12306478 34.84794754
v -67.78107239 4.52184627 34.38449572
v -55.47496252 5.77572499 33.24137383
v -85.05990056 6.21981204 51.81098896
v -108.72914802 8.45467398 31.50124102
v -33.56476853 -11.34773754 24.27452511
v -47.34681839 5.72550647 13.12659885
v -13.00969261 3.84341061 15.71098979
v -17.52363961 -2.35589705 25.96626806
v -29.15264842 16.01396385 20.45268931
v -99.86085527 20.90398527 32.97415676
v -94.52824657 14.32213660 45.18319008
v -102.26774999 -2.65498391 36.16051903
v -67.96819604 4.52172133 36.69409106
v -48.84438589 13.02925798 37.86190269
v -44.71038304 6.94743953 11.20810446
v -98.30388888 1.93153496 48.42011601
v -96.53422504 22.67259985 38.24384637
v -94.47996297 1.74066862 23.69077805
v -54.70322144 6.08354872 34.13107433
v -84.54063767 14.67940302 29.90220956
v -20.15967460 12.19212752 13.16234195
v -30.41411061 3.73986929 35.40813149
v -61.29956116 20.34823434 25.73162248
v -44.34282391 14.74364406 14.00496820
v -93.74825510 5.25532201 23.66746131
v -82.33623837 17.56317396 41.34938967
v -21.95239937 12.91819946 13.47461450
v -93.72962660 21.00175484 34.05457106
v -97.37010458 11.31630077 27.46327862
v -53.92717607 18.43671083 23.15438839
v -36.55498865 -4.29632126 29.96137027
v -67.21173269 15.44683654 24.86452891
v -99.32982211 0.40070839 46.83961157
v -38.87971715 -5.08493926 16.73954412
v -32.27779127 18.60729128 25.27923581
v -63.01132001 9.38486649 24.62436321
v -108.28583105 20.16193605 34.52466857
v -106.66468777 18.12846134 37.56740765
v -24.00548504 13.49393840 14.20063722
v -45.71087907 -0.29513263 18.04109359
v -84.89041550 18.76004930 40.57424875
v -18.41420499 8.54088690 27.80939468
v -74.50698354 10.88411451 46.24316107
v -49.30996716 10.67619173 12.76900278
v -85.92756063 12.31853944 26.60556603
v -105.05821542 20.72564508 33.93156625
v -77.42592911 9.45203412 48.64686839
v -85.55844274 10.91693951 26.03028972
v -18.41552400 12.41085447 24.45108414
v -72.43256485 15.18859694 27.42939968
v -40.46424220 6.28944682 35.22211783
v -56.96740778 19.05080368 23.93584231
v -81.56817053 17.60617040 35.05212705
v -56.67800920 17.64663945 22.11671324
v -103.05764763 -3.79730637 33.41462366
v -102.15290649 -1.13058715 42.29553961
v -97.09153027 0.86731583 33.60811916
v -93.68574742 3.33837504 37.48370820
v -85.35821610 3.21587563 36.13705093
v -81.88442501 1.93926361 45.37174875
v -55.03976362 5.21643660 29.26872056
v -62.09941214 11.82471134 22.37596703
v -89.24903150 13.39617653 46.62114440
v -40.61809281 0.22599021 14.58994408
v -57.81526637 6.61074269 26.56111488
v -51.71063464 18.04060042 24.66853462
v -26.53190601 -1.63885953 33.30858080
v -71.88179728 3.81561381 39.43041535
v -67.84159010 15.17841132 42.05092110
v -15.53322528 11.54508690 20.56848572
v -10.99175403 1.24673710 21.53978347
v -100.62803727 16.30060322 30.51380428
v -108.35642646 20.59129982 35.63561573
v -98.88890562 8.33795800 27.14297653
v -50.18970960 3.45035084 28.26553357
v -34.90064479 5.97346891 35.72091325
v -36.20812442 -9.67811559 19.06631656
v -40.83164617 6.66841903 35.21413096
v -109.73156419 9.94186437 36.02518383
v -16.88001401 5.99208263 12.69435701
v -44.59507496 19.14468427 26.56213063
v -100.23825157 2.74171195 25.64090827
v -86.57958480 11.14949845 25.46511166
v -107.22168042 9.40757780 39.16932083
v -97.64107101 22.83924357 38.43088685
v -85.01528863 18.63176954 35.48560078
v -32.60474748 4.48960539 35.57187425
v -28.14975588 -15.33377526 24.91793651
v -51.78636580 9.74939745 17.25345543
v -68.40058432 14.17054451 42.73161180
v -62.53473313 12.06450690 41.72739090
v -42.27233145 5.23970257 34.68732446
v -13.12873031 10.34774560 16.33799301
v -100.44495852 10.73299937 28.60785768
v -30.87136314 -14.43062424 22.47404405
v -109.70683692 11.90172682 32.44839634
v -10.85438299 -5.57144591 19.89046122
v -53.05027930 21.68413892 31.32589639
v -26.33503986 11.78984998 12.11542548
v -92.49311854 2.03363882 26.01936310
v -81.37637713 6.93779799 50.83763328
v -73.50590040 3.55655702 34.93153772
v -83.17368188 9.42264677 28.54708152
v -86.96732527 19.57744109 36.93420658
v -98.40361583 10.66307189 27.65181232
v -50.44757627 4.51684871 32.18550863
v -18.26865018 12.58016278 23.34881519
v -15.39088554 7.11703514 12.39992861
v -91.66914331 4.46578118 23.78658468
v -44.44823608 5.01661375 34.20371128
v -62.05472149 6.70788993 37.45660389
v -60.40084216 17.41582524 39.61628622
v -21.78203105 9.82529334 30.38830121
v -39.98303920 -2.68462820 29.73130003
v -52.55377692 4.46354111 30.32612908
v -52.58130864 12.82620328 16.26026432
v -44.77625486 15.36295696 15.94723399
v -65.23459056 5.91579793 30.21877523
v -70.79017856 17.66100460 28.82753355
v -89.18421084 15.33138372 27.65749385
v -88.35664566 12.02187259 24.92676683
v -44.23322089 18.66719608 33.00179991
v -30.90499068 16.86629041 30.16441324
v -40.64869690 2.91602511 13.00848173
v -73.28456764 8.03315682 29.14433607
v -38.67377233 18.09602973 21.54633105
v -53.48913631 18.45183771 23.46228300
v -22.70814869 2.52854581 31.60130353
v -84.67727415 6.14915781 30.82332671
v -108.86305288 16.26608486 32.81500530
v -55.45019493 6.16810012 34.10786011
v -81.32482756 9.96196066 49.61357037
v -89.47455741 19.61013547 41.52576250
v -82.77099866 1.67150365 38.67860709
v -49.76307597 15.10264937 16.71367859
v -39.52798226 4.21753657 34.89727893
v -49.16648976 20.95416056 31.14468869
v -78.22384614 10.72680798 47.89127520
v -88.92075928 19.97072619 40.55845426
v -60.02000639 16.88523826 39.94385603
v -40.35751450 -7.39827436 22.65578828
v -85.71375923 2.86424501 50.55197963
v -63.74698135 7.34631800 39.12013064
v -83.54792290 18.61911820 38.40012640
v -51.00008360 18.05784699 25.17837437
v -90.37106751 13.33080505 46.59093591
v -10.59806002 2.27916288 20.33061288
v -67.01519756 10.46134401 25.21086231
v -55.76962311 6.28068480 26.00203655
v -90.38924497 14.77211731 26.86404205
v -33.65725125 10.90910871 34.16965595
v -48.42259153 4.26693155 32.65288845
v -77.43534907 5.36954354 48.21591544
v -108.17104787 17.39961340 36.60551074
v -50.52368955 13.30195942 15.42213608
v -58.18862880 13.40635073 20.07658906
v -47.95055899 8.01149050 12.39875694
v -105.60830033 0.38610683 26.35512985
v -35.74514634 16.44490408 13.75817151
v -18.69045229 0.79434458 15.00459050
v -99.81998233 22.07662497 39.54286053
v -83.77626093 18.51904978 36.36434809
v -66.86425422 6.26721919 29.64914284
v -27.56511952 -7.94332713 30.76272310
v -78.76444974 17.17058856 39.77492003
v -20.31677390 1.80164367 14.53846181
v -85.67942388 14.49612124 29.04788758
v -65.36861592 6.58020269 28.80498402
v -58.74064256 21.39076188 28.64244816
v -73.39214368 18.13957311 37.73468174
v -62.55106673 15.61508376 23.27991972
v -91.66719047 19.53905851 42.11816841
v -85.89334169 9.90997869 26.07864672
v -85.97357520 6.52254759 29.17013544
v -47.31806720 2.90798357 16.36982967
v -14.14183674 6.96552945 21.86060069
v -17.33706862 10.91690076 25.26220902
v -93.94301548 0.88083899 27.44168845
v -76.49546494 17.68524445 36.91024824
v -51.74152197 17.22450568 22.27610595
v -108.26495855 15.21952203 32.19860136
v -63.25069190 14.13764324 22.82332933
v -27.79788349 16.50746846 28.72196843
v -79.25743890 16.13887083 32.33354277
v -106.08371450 12.61549703 39.75305418
v -35.86633593 16.33870232 18.90152863
v -62.69361615 14.35356297 41.44905021
v -105.96580419 -2.21855817 31.85126470
v -78.63694774 2.50324385 44.65650456
v -86.79893720 19.72396361 38.51828598
v -43.98576170 10.21903734 35.63368120
v -48.78613980 11.34809331 12.33363899
v -11.46008966 -5.68075884 21.01667451
v -34.76669510 -10.10444358 18.66411995
v -110.68007485 10.72473184 33.36458478
v -104.62602509 20.30140951 33.66183483
v -102.54989771 14.26910707 30.45830345
v -52.62517173 15.24750310 17.63025145
v -45.09008856 -0.53457900 27.66864263
v -53.89273491 21.56018624 36.01237050
v -80.01248524 10.42772874 28.93463293
v -100.96393639 -2.43066818 34.79442156
v -109.62486090 18.37539291 34.91748329
v -16.42538645 0.34316550 15.34752725
v -100.66625154 1.33992790 46.04741930
v -49.03295241 10.59800576 12.42870291
v -92.04120096 7.71912672 23.79102414
v -86.33437419 11.91411822 25.97553847
v -45.20179945 0.67901499 16.48736184
v -32.24127271 18.34692913 28.17156380
v -45.08884683 10.54026438 10.34563163
v -30.87837468 0.21623296 34.05862298
v -99.51080422 11.92906861 44.58172987
v -18.49055922 6.71871047 28.47557546
v -55.26141444 13.63816387 17.77808863
v -101.04405530 22.71244234 38.76401441
v -97.01611606 22.52732207 35.92031122
v -66.48885373 5.53832202 31.23207310
v -81.92154765 10.53118979 28.33916960
v -21.11077925 11.04281632 12.38687749
v -63.55325617 10.32334781 41.65166995
v -18.04130265 12.15592467 14.80694313
v -108.65439840 18.03312773 33.81717339
v -42.74670565 10.75961420 35.36160102
v -77.40635286 15.92704698 31.36638140
v -14.05966956 6.11080884 22.25843103
v -26.46983810 13.48466276 12.37934000
v -54.31878392 10.18313393 38.92753014
v -89.53804015 1.36483083 49.68387862
v -54.20956944 5.27398820 27.22403110
v -108.13174353 15.28019604 37.16850423
v -62.71747473 5.44193014 32.22982209
v -15.00746353 4.04585662 14.25850217
v -110.76832007 9.68522387 33.62383188
v -13.19514361 7.89652890 14.14742758
v -57.30425563 21.23027280 28.59747445
v -107.95046423 0.48656002 28.32213291
v -48.61902270 2.01649302 22.94153260
v -81.08279834 1.46136315 42.05257257
v -14.84368805 11.33436720 19.48756600
v -60.63879837 21.08768645 35.71333837
v -21.28742202 -15.28368655 20.66945720
v -17.84585883 11.61041321 25.26485606
v -50.07018899 3.28533164 24.29503585
v -99.01221098 22.66505528 34.82235268
v -94.70857075 18.32644484 42.87399899
v -19.67812296 12.72411168 19.87348100
v -54.39078626 15.50066114 18.75185062
v -19.77683431 2.17452162 29.64450093
v -24.90933383 -4.49393859 31.49538196
v -59.43708278 12.68050350 20.90530417
v -79.47009309 10.17418836 48.91777865
v -61.55136842 5.55746545 32.19649294
v -78.11319935 16.35931068 41.22628666
v -81.01807403 6.02668884 32.19665587
v -31.43669320 6.08793732 35.54414932
v -24.29302923 13.37422273 13.30519447
v -45.24739351 2.97434427 32.55018177
v -98.65456622 15.87672864 43.16409603
v -26.02937497 -13.43406702 18.48754869
v -40.89963547 -0.21292215 31.69677636
v -38.08153581 15.32237377 33.18697509
v -72.59966355 5.81500311 30.97246481
v -59.30831597 21.12434642 27.21089052
v -101.13764819 12.09542804 29.30469244
v -14.57425948 -11.48108159 20.49171598
v -90.89920009 0.50157718 45.03565834
v -88.63666935 14.29150076 45.84316182
v -94.28599358 1.26442425 42.41474393
v -82.04037244 2.28718679 46.62113109
v -30.28238502 15.17250392 11.39610184
v -64.39243045 8.53465213 25.96319960
v -23.61897161 14.18749305 21.85082979
v -100.80699601 -1.64754689 37.70763088
v -12.60374975 -8.55390980 19.77207486
v -90.73884376 2.10901855 42.06943103
v -90.83972545 3.74908816 28.73837624
v -63.55876123 5.24943767 33.59468483
v -104.69735236 23.25850027 35.41875410
v -26.24722229 15.63108054 28.55776206
v -48.39908555 8.71777101 12.51512967
v -104.03801491 11.93713036 30.38501801
v -101.69786570 -2.88527730 34.95521932
v -83.25751036 3.46997061 50.18761693
v -88.13695033 1.22281943 49.22763624
v -94.87942205 0.05672529 27.28541788
v -52.24733073 21.82464031 35.00160473
v -26.08253395 -0.67448350 33.24280665
v -55.48435279 20.77636690 37.15743107
v -27.56134645 -11.94725909 27.65165899
v -95.36610057 2.22879782 23.65599055
v -33.14199223 8.03832620 35.35670421
v -106.40626991 0.87631878 36.79105316
v -97.79092687 10.68175774 46.05981991
v -55.37687124 17.42415042 39.16194713
v -29.55004423 9.45533580 12.20464267
v -24.14486663 -15.29278999 24.91218022
v -30.09374136 -15.02343106 22.17901387
v -32.91232883 -13.02693512 20.97824210
v -12.54041766 0.96486795 22.86898566
v -95.09550735 3.35744978 23.77431702
v -18.87774863 8.90299042 28.19423033
v -84.22894222 14.31165870 29.64271312
v -13.92358253 3.32444391 23.80482069
v -50.88454087 19.13407618 27.18656497
v -10.54148748 1.77871760 18.35852229
v -107.14075120 14.19543425 38.36677919
v -63.61517010 19.44615273 25.48136334
v -42.98615661 11.44325575 10.16339699
v -15.65764427 1.56470539 15.18213265
v -36.81478808 -5.03994783 29.08460441
v -14.91429865 -3.16263671 23.50280165
v -56.42903521 5.67610478 32.01409234
v -50.40595983 7.91603303 16.73463492
v -81.22400494 7.62013475 30.82463280
v -93.22645746 10.65201790 25.55374859
v -70.64367268 8.48771619 44.25620818
v -77.76353330 14.44442733 29.45606666
v -104.39687296 -2.61192531 35.24660304
v -104.48065915 -2.62279544 25.86107362
v -17.17491491 6.81061314 27.06695717
v -58.04557936 5.86087635 29.92777527
v -91.17523246 18.07861951 42.97790312
v -15.09793499 11.58794658 18.27899969
v -18.79295069 1.47479127 28.74970703
v -63.01163105 5.54336365 35.55290393
v -89.06948134 10.53777616 24.29390490
v -46.89691931 0.50199925 26.21227064
v -68.96825222 5.92852903 30.47203307
v -109.04815122 2.86251415 33.60296680
v -95.05029134 -0.17717343 47.19226838
v -102.08968180 4.12500790 44.24269557
v -41.56645009 18.82398255 31.62293641
v -66.84852050 18.59398644 26.58738581
v -57.65647850 21.58383761 34.73560893
v -16.34797686 8.59053773 11.73086522
v -56.32756186 6.11810097 34.08382635
v -21.51851086 3.80961155 31.01431266
v -75.03132240 6.93364574 46.72231200
v -42.64488520 -4.09830202 18.10647711
v -43.35792851 2.29107409 32.86382469
v -54.57500196 16.48682603 20.07746237
v -40.40707680 -6.44794353 18.16388995
v -98.20113294 21.94065293 39.95510081
v -21.12998333 10.49975314 12.23462749
v -90.68854989 9.39210339 49.28739420
v -43.98116352 10.73968376 35.68039918
v -26.89935928 16.07107533 28.58984122
v -28.21934266 -12.78414479 26.87459689
v -83.99174425 1.29946777 44.40774514
v -43.08010420 13.78238294 35.04365053
v -27.92120736 -3.20988103 15.41621338
v -34.02788090 17.14923033 20.62568973
v -106.49848039 12.17266373 39.45462543
v -75.75953443 17.66603948 34.16704561
v -15.63163663 -0.39202807 25.18200994
v -22.45428417 -12.75392227 25.26686037
v -69.06479535 17.48181336 39.65859224
v -33.22734922 -12.71040736 20.48679307
v -51.07762538 15.74358268 17.80689041
v -86.89943671 18.34829113 42.21851811
v -56.26206450 19.85925621 25.21329649
v -38.24159220 16.07017874 12.92908838
v -84.11907759 4.15141761 33.82953210
v -58.31916179 9.35263249 22.60353388
v -77.09388879 10.72845493 47.41865308
v -106.98831584 16.14921664 37.95858200
v -62.64351697 21.30930745 27.91492344
v -34.52474694 -11.91760032 22.08964292
v -36.11400494 1.78047739 13.72193358
v -101.85294980 22.99719708 38.26574272
v -94.85793978 -0.02133073 47.69663999
v -73.28772791 17.95128141 38.29363591
v -18.88126091 12.41830319 18.40345566
v -32.93289651 16.09858781 14.68066449
v -95.53994108 2.45525509 49.47130883
v -97.14935767 0.42635942 23.83626613
v -49.26407353 11.49332653 13.05485652
v -24.86310893 13.66408398 14.13130941
v -54.67394089 5.41865634 32.21948605
v -93.02103377 3.29085672 23.59782888
v -53.27880214 6.99567649 35.62594313
v -51.53911054 6.02431855 34.47303784
v -103.98924698 -3.58295066 29.67555240
v -55.62989598 20.32523016 26.79880558
v -40.30709431 -4.61684795 27.42236616
v -83.06957606 11.08126277 27.39916246
v -27.36352885 -13.12918014 18.44129073
v -47.50393255 6.81163686 34.79821186
v -69.38836619 9.54912226 43.97985214
v -67.02471293 6.36074783 39.89689888
v -102.59419308 12.75354130 42.33841335
v -99.64361128 23.21217306 38.16811894
v -31.28280982 -4.54288657 31.43656856
v -59.42561105 13.66435886 20.97519485
v -66.99411849 12.48659785 43.07814590
v -52.01444746 4.73385472 24.93326695
v -18.72503905 8.62001441 11.90754211
v -77.22558748 2.96199216 44.68052110
v -47.09126480 13.41007510 13.51688653
v -42.57797450 15.86260537 16.57661050
v -72.19593766 11.28922688 26.80293846
v -105.74918183 -2.36274278 30.20140004
v -54.13138913 19.27585536 38.05903656
v -44.83412432 -0.91242870 17.72922462
v -68.63781616 7.91091403 42.56107119
v -18.76027799 7.94527232 28.45460374
v -63.17173661 21.40085016 33.19612392
v -110.69863853 14.94703834 33.11026223
v -107.19143309 15.16590019 38.03465807
v -20.18912874 12.65579542 13.98062979
v -73.20158309 16.00756663 28.84477871
v -54.91768486 13.36602040 39.95108857
v -103.23233697 -1.12385680 40.28526164
v -57.68195646 16.29276639 21.49028570
v -26.75699259 10.32422328 12.17087609
v -18.92670400 2.63603439 29.10766508
v -70.08716042 18.53251116 29.30451332
v -64.46948174 9.32085751 41.52325761
v -48.33781311 8.63792254 36.20039817
v -24.82240716 -16.24397626 21.09269368
v -55.63171908 18.37797495 22.65515786
v -29.95669423 -14.99634237 21.30743249
v -80.15578011 6.65213241 50.32574917
v -81.14854861 10.86842178 28.38745682
v -86.55484170 7.30450044 27.43643728
v -86.95001014 0.89014694 45.88754118
v -12.60214856 0.36024219 22.92347691
v -96.33013281 1.25748905 32.85527971
v -17.17969003 -5.93753856 16.44047871
v -59.68691694 5.78623213 31.06842427
v -80.67915251 15.64465710 42.89064337
v -54.81565174 12.23511508 17.79778318
v -13.66544216 -9.92559186 19.79851895
v -79.19089859 5.49832814 32.75482693
v -69.94307033 5.32950296 40.63464170
v -47.43360756 8.23056449 11.92031846
v -25.69904434 8.24714638 33.14448521
v -20.21659670 13.22708583 25.15522872
v -90.26128186 1.58852145 50.11783951
v -37.77380955 -8.06230173 18.06420783
v -90.67704725 3.62705447 51.35274671
v -34.48475169 18.72819233 28.28783311
v -98.63855820 -2.95856037 28.09795152
v -85.72834898 1.31890192 42.76928341
v -23.96510330 0.67888793 14.70027215
v -90.01715041 12.29311715 47.60199715
v -26.47616568 -4.12211078 32.53185021
v -62.03092908 14.29467407 22.22926590
v -39.07424949 15.20540395 11.56489203
v -28.65452708 11.13676610 11.89909576
v -83.54781946 8.60145019 28.98041817
v -65.51123991 12.53727107 42.57878305
v -14.19524120 11.02692408 18.67550591
v -99.76034039 3.93579675 46.65983397
v -47.36708737 11.42354173 11.23770942
v -17.96273056 -14.64362790 22.17064267
v -17.49430796 6.53384752 27.54268724
v -66.96389634 19.60169131 37.27527179
v -46.99663327 -0.00744886 21.97496054
v -82.08327078 3.80601891 49.94879447
v -10.32165780 1.89864688 19.74145451
v -41.76305010 2.76393590 13.15080120
v -37.98626589 9.33611729 35.29287885
v -43.86181413 -3.36418692 25.21604143
v -22.09973054 -8.84852185 16.56390716
v -84.94184576 2.19349728 38.20349590
v -71.28695020 12.50771750 44.26713864
v -84.64246737 19.01513754 38.28419619
v -108.70744439 16.37132618 36.44800360
v -100.47032757 23.04478490 38.56565480
v -27.03645302 14.99954410 29.85230664
v -11.29923776 1.73870792 17.54363736
v -69.68237701 19.06487285 37.13550267
v -24.02361393 13.87189786 20.55544316
v -96.54386970 -0.16236958 44.14527949
v -89.28276160 4.78905817 29.23530708
v -103.65297710 2.41333890 41.80732948
v -107.10449100 5.75513580 39.15244566
v -38.57627749 9.26309083 10.45409706
v -21.95825921 -10.90757982 25.68894022
v -49.06030578 21.13455232 33.27489289
v -15.86096502 9.36550180 23.87661852
v -41.39814613 8.17891840 35.34156943
v -57.89654344 20.21943778 37.54836508
v -24.61709115 -15.83497634 20.54810136
v -75.98797447 6.56234752 31.23113461
v -101.53205230 14.03799704 30.04971932
v -54.63652141 13.31107662 17.34858885
v -42.21115724 -5.85236153 19.60588024
v -63.67721201 6.09565021 29.47798316
v -42.37669307 8.80133269 35.29592827
v -90.12304632 19.48484761 41.86092960
v -53.73009220 14.19594148 17.20518072
v -83.59494855 1.96863995 38.03827058
v -29.74304621 1.01073043 14.53158280
v -36.67835290 16.81415793 19.49876399
v -19.40926679 -14.63472833 20.65523912
v -45.32679054 14.89769129 14.92131764
v -57.56049951 19.72509337 24.89153075
v -24.19784634 -2.14385529 31.65269752
v -24.97446005 14.81689758 28.19200796
v -87.99207853 3.81392309 36.72813998
v -93.94801993 10.79102032 47.56458173
v -97.49661447 21.97328693 34.14912263
v -35.75751389 16.33008094 14.86005783
v -103.70544947 -0.48189755 39.93275646
v -52.08263475 21.93984913 34.46520881
v -70.71636456 5.29533560 31.46147462
v -70.38759425 4.12896110 34.47427619
v -14.44888326 0.88586770 24.60546709
v -100.95314282 -3.53710802 32.12000272
v -93.39407569 0.93274969 49.27156863
v -64.73798272 13.48013433 23.43404524
v -61.04114581 13.82825075 21.60884415
v -48.57604754 13.24499516 14.18368377
v -32.43766056 15.42729154 10.93258940
v -31.41174763 9.18923699 34.45058241
v -39.99431176 6.99518716 35.37361297
v -97.75276440 -0.39732413 32.45137388
v -47.47487299 19.58620653 34.36192305
v -11.75216206 3.77530097 18.58960060
v -51.27954242 3.97266065 28.51589371
v -83.06499252 1.21327672 41.37182510
v -24.67081105 0.46070035 32.43840123
v -29.17862982 7.17143872 34.81457952
v -47.02254462 2.02966202 17.18107130
v -64.68515634 10.12456115 42.05795512
v -80.81095885 11.98454159 28.08201543
v -42.67841297 17.65875470 33.24383346
v -83.17052405 9.97111794 28.06297503
v -49.69773593 5.75181831 17.13975524
v -15.69856396 4.18499301 26.05485986
v -19.29528113 12.54999989 15.78054355
v -102.78355002 -4.10292929 29.77690444
v -95.78197268 13.76016031 45.21585310
v -100.38924937 13.39417408 29.40314521
v -29.39277786 -11.37902715 17.79232257
v -23.00581187 13.40061099 27.91713453
v -45.35521654 -1.84713815 24.49154320
v -63.81485397 10.21387826 24.13195495
v -56.99049468 13.53725413 19.09121541
v -12.63552118 6.66701223 17.26386518
v -30.27667646 -3.04817173 32.53220959
v -86.43545598 1.06064346 47.20290042
v -16.71358661 11.33672085 23.21929240
v -35.69093846 9.35377867 35.32127824
v -85.61323168 10.50944917 26.09303619
v -107.12104491 21.89849837 36.09684517
v -26.74097089 -12.00018040 27.51899747
v -91.51037852 10.29940308 48.63116317
v -51.84543091 5.02696341 23.76810206
v -58.66563327 20.88574955 26.75510016
v -97.80271347 22.84158915 36.23541503
v -33.05092875 2.20533235 13.89984983
v -44.53683975 12.66448534 35.85885385
v -108.86408788 4.14934116 29.97956192
v -63.68716024 16.80836096 24.20623876
v -106.34097225 1.33919251 37.27347042
v -57.03299863 20.92256101 27.63923886
v -94.07012139 15.22273770 27.77757290
v -16.12296890 10.90122159 22.59848691
v -46.62412721 3.05967434 31.97522777
v -82.05920482 2.54194887 47.54632544
v -59.47395244 21.54854086 29.46137897
v -56.12872452 20.08023560 25.88120822
v -65.14894232 20.91555245 33.89511176
v -72.26499411 13.16594439 44.01766135
v -48.36092093 5.61399734 14.08033058
v -34.50404648 18.88021613 27.44718590
v -16.71607819 -12.24436574 23.40591528
v -80.15899712 10.62581489 48.63236762
v -102.21539459 16.38660932 31.05623611
v -90.89078117 5.38847930 50.94386779
v -53.31608862 8.76310378 37.58366056
v -46.97324555 20.18241972 32.59465055
v -28.68455607 17.40441307 27.63772156
v -87.23462881 19.62823775 40.06120598
v -22.80000367 13.22969940 13.96199805
v -89.09200930 6.50444776 51.05006935
v -69.33870696 14.40958416 42.68202076
v -89.90332182 4.67170035 30.52897462
v -27.97026409 1.66024618 34.53173873
v -67.00492276 9.72990521 25.67513058
v -97.93638727 0.22429243 23.95119328
v -95.93588491 20.62944918 32.35780394
v -10.34901706 -1.74682504 21.30687219
v -48.34011929 20.61189525 33.52942914
v -82.47866522 17.97589777 40.26516149
v -71.75287826 18.39575605 37.70452241
v -20.96313196 13.31015159 25.86505689
v -56.53387075 6.25259390 26.69534035
v -28.87684004 -11.60137869 27.60017173
v -50.51640882 3.49443687 26.88958158
v -108.38795310 9.29322407 31.53422928
v -79.94267477 4.53571417 33.66578924
v -91.51692567 9.50028869 24.34585334
v -39.26078443 -0.80442129 14.91890077
v -39.28923665 5.76837242 11.61076560
v -15.43030920 -12.72962255 21.61096995
v -43.39098685 -1.32282149 28.63157101
v -50.06759828 21.58412498 33.16563633
v -58.09689180 16.39885424 39.98438869
v -104.76748368 14.86775628 40.07678531
v -47.71546201 1.48442672 20.15070612
v -88.74653626 16.16704047 44.18319974
v -40.13886745 16.13346547 17.08697862
v -108.40609854 13.87293175 37.18287505
v -75.91299583 3.02989991 36.45131640
v -29.34223068 5.82311971 35.25248852
v -75.35672979 12.65900232 27.49831631
v -79.73507453 2.09987129 37.66165143
v -13.25932226 2.87541833 15.77813187
v -69.29611881 19.85926097 32.21945802
v -79.25588641 2.55802433 36.56488543
v -54.30449704 5.44633772 32.66306596
v -56.63560509 6.43160279 34.94208235
v -20.77996483 5.33512139 30.55850044
v -68.55990006 10.80990833 25.63021773
v -28.95179844 -1.00466179 33.76284401
v -48.53599892 15.03514157 16.42868331
v -61.63128935 8.31060685 39.31455968
v -30.21084544 14.42616632 11.15754802
v -102.33009821 21.27582748 33.65944752
v -49.90048240 11.39811637 13.88319014
v -99.54512804 19.70287234 32.05363401
v -38.45201012 7.37966001 35.63089835
v -12.18317253 -0.68071274 22.51858068
v -70.63876818 13.71859028 43.34613465
v -104.80674798 -2.16647695 24.57979798
v -94.02283083 6.89452904 49.22360677
v -12.72957007 -7.27514339 18.60217533
v -64.46147271 19.25652804 38.08293817
v -88.46568680 19.57530060 35.52558559
v -73.91223232 17.58955282 31.90290469
v -55.15635996 6.22991000 25.60127393
v -109.47267232 16.24806357 35.66141562
v -63.80138909 5.21810125 33.14017642
v -22.68232414 14.18298876 23.54501206
v -85.47400475 8.86272910 50.53688200
v -50.88863286 10.96527102 15.33872049
v -108.72859132 6.77233958 37.06040751
v -14.07844740 -4.47820455 17.05027483
v -87.33418389 5.93726112 52.10207896
v -102.99878234 23.10101710 37.86507408
v -21.90216399 13.22324388 20.34490096
v -14.94964505 -10.14647837 18.85779701
v -110.85932404 13.77588425 33.22592201
v -17.15486152 -9.03609656 24.15422379
v -19.16375208 12.51720482 16.71406436
v -98.46436543 8.08925292 46.67731440
v -29.12682974 15.42115943 19.67300120
v -93.26214904 4.44482060 23.40763483
v -35.93282077 17.54672844 20.93686790
v -47.33904265 20.48627796 31.25977152
v -31.09940823 15.06733356 17.29751377
v -29.06110790 10.78993807 32.96668483
v -95.56412021 2.01266687 49.35883266
v -77.44025022 3.63921412 34.65943031
v -70.02466010 4.67414325 39.62419823
v -110.46027870 9.80387667 34.62603368
v -41.24187770 -2.88121389 28.65690511
v -77.68859275 2.06857476 40.25667835
v -75.65056810 9.90840586 47.28824722
v -109.07286526 19.37496112 35.29307289
v -75.08669584 15.55409567 29.56641465
v -94.35535903 1.18364085 24.13859009
v -48.08491090 1.35121228 23.65635898
v -53.27103497 20.92259801 36.74819632
v -71.89995075 3.72254159 38.93553921
v -79.62001815 11.37202455 47.70669899
v -102.25310744 -3.98124375 28.84128870
v -68.72335569 16.09475969 25.96994390
v -99.16460801 15.16891576 43.26641439
v -79.01620422 3.95829484 47.93945552
v -56.67196617 7.26198750 24.59080314
v -62.13604614 20.03972895 37.27022581
v -49.86592852 20.84217766 30.35787352
v -102.34522661 1.38895160 43.47311855
v -21.29949038 12.43160132 27.62129414
v -71.78358206 4.70935357 32.40013997
v -61.48966925 16.31726705 23.22836229
v -46.15266421 20.07725410 31.34857953
v -60.24949325 13.67690640 21.35242256
v -63.16994333 16.71716042 24.03239710
v -70.45761903 9.27549919 27.29627267
v -27.97426947 6.90852038 34.61190104
v -70.58121302 12.89213077 25.66563726
v -77.95127018 17.47852208 37.82968343
v -41.46531045 19.31717357 25.29542060
v -49.40889232 16.59582193 20.70362130
v -18.73986383 -3.65232679 26.52158331
v -65.20890227 12.82187083 23.67925419
v -83.01905053 11.23819269 48.68498010
v -81.04094977 8.28516692 30.38040533
v -50.73431195 20.87625003 29.95655451
v -108.58390565 2.03657166 33.83008140
v -22.73069260 11.05914832 30.12682737
v -99.76709131 1.49584492 47.26765376
v -105.83159556 -1.62591235 25.62170115
v -44.86784052 5.24505633 12.21768291
v -28.37078437 14.93839487 13.47286592
v -30.90684683 16.11673101 12.37988426
v -90.48621266 18.01386491 30.43183391
v -57.25903287 21.76819363 33.65587866
v -73.76190218 13.07832427 44.35694281
v -83.22662433 1.40954496 39.94153874
v -50.27786479 5.41853936 19.91055952
v -57.59743554 21.74984247 32.22893895
v -45.96575364 -1.76372407 21.01164104
v -29.99214432 -1.02504039 33.67184142
v -65.29116936 20.52558658 35.72841395
v -71.22649876 13.78996677 43.36835559
v -31.29247543 13.47996929 32.23821619
v -29.09575465 17.20712738 22.84575217
v -21.60319907 8.79425275 12.10808922
v -91.51315798 5.89493938 23.47007614
v -90.56371517 19.33364053 42.09393191
v -47.34911338 3.15345994 31.61875621
v -82.21480812 16.63326989 42.52075471
v -86.99696844 1.44192181 42.99611100
v -71.34451935 5.95186544 30.58939944
v -94.78496350 2.19601190 31.95502897
v -60.10462869 6.63007002 27.39097816
v -16.69491649 7.73749094 11.89668032
v -44.10363533 1.56334131 31.66148973
v -107.88045797 7.13769680 38.40319631
v -102.48049118 9.55254933 29.13680250
v -27.29793107 12.57590754 11.95348786
v -40.93368862 -1.31907010 30.60059726
v -53.47523723 21.27846136 29.95133261
v -96.58434755 21.93076970 40.09264152
v -109.45435893 15.44964286 35.87052017
v -109.16464085 13.27240970 36.42018081
v -50.10006921 3.52352832 23.68257682
v -43.97480599 -2.80241479 26.02822291
v -41.17326242 -5.23230130 17.81484862
v -41.12675766 16.10122550 17.27598520
v -37.78278757 10.66092194 34.92859936
v -49.16535968 21.16130283 32.38702619
v -36.05023655 17.32650539 20.49776274
v -86.12267600 10.18990522 25.84774117
v -35.66660953 3.11150676 34.90701782
v -28.25041685 -15.93255879 21.66897652
v -81.85676671 12.35986890 47.16349751
v -15.67820339 -4.70024583 23.74327730
v -44.94704556 2.44295465 14.48078408
v -97.94943151 19.92417477 41.39364105
v -38.01966501 17.29367803 20.03385701
v -51.45634378 9.24511275 17.36726269
v -65.14091852 5.02504002 34.10394470
v -28.74777065 4.31796901 13.39481288
v -71.72743772 18.12115108 30.52361366
v -42.46497950 6.79452313 35.04789899
v -99.96209273 -2.33480706 24.58857474
v -32.33738778 16.73530721 20.51957141
v -92.22837436 0.34714258 48.31757458
v -50.34122342 4.05140182 22.78949035
v -50.50183047 14.85214235 16.61340036
v -97.20737335 -1.65840868 29.05802380
v -70.09882680 5.11339383 31.82073724
v -52.72622521 11.32154177 38.90950986
v -22.90261254 5.21366826 32.04333184
v -101.32808189 -3.34387336 26.73700551
v -67.81116054 10.85283215 25.29647791
v -74.02612149 14.53029980 27.78203249
v -107.79252811 13.54845659 31.82023816
v -20.87392496 12.88787768 18.42400492
v -92.39286402 13.51248511 46.12272255
v -12.72469139 6.08717405 18.62357395
v -22.95746214 11.23598182 12.33513110
v -23.59338088 10.79193257 12.26709489
v -31.25201925 15.81534610 30.99699880
v -18.07840799 -12.02326600 24.05125869
v -90.46520133 15.50085087 27.41425221
v -44.61739706 19.55313849 29.73980047
v -93.46020397 19.99748871 32.04272442
v -28.73699973 1.19202917 34.57810549
v -85.85961384 5.34632767 31.40808733
v -78.47628496 2.13641592 38.38479555
v -43.26515521 4.83196325 34.37266005
v -68.25455918 5.74951465 39.92446088
v -42.34028959 9.47740836 35.30594416
v -45.43643544 16.88265224 20.78191910
v -64.82289243 11.45101179 42.44292086
v -106.96954284 -1.12474519 29.33483130
v -85.32041464 2.55600130 37.65740453
v -37.68272285 -9.65746565 22.03018724
v -59.30851759 21.18332982 35.67822715
v -101.91658297 9.51382924 43.94460761
v -69.14816957 6.26255751 29.93695490
v -16.20278230 -13.52409179 21.73913672
v -51.75802006 16.65744629 20.25177630
v -49.87804296 6.43556749 16.66582121
v -73.17235668 4.70101022 32.50703892
v -26.97041156 4.28749020 34.53241325
v -51.75573030 19.37564398 37.38683792
v -51.40966716 16.36674798 19.51268642
v -23.60520065 -15.93779965 24.27451008
v -16.76538574 2.55996375 14.56748252
v -15.70431496 5.48891848 13.19328699
v -44.47545504 -1.24501115 27.60207424
v -30.71970386 -10.90850382 27.08634902
v -66.81730372 15.25168667 41.83658570
v -36.97234151 18.40814679 30.69615446
v -13.07467393 9.72141877 14.80863735
v -43.92237089 9.15449908 35.44724217
v -94.07782336 12.11534415 46.77240703
v -40.13818888 -1.76991713 15.56504124
v -99.46377827 -1.69821252 23.91146562
v -52.71967632 21.48660698 30.66700493
v -34.20597249 -8.14458668 27.41068379
v -47.78582914 8.28038295 35.74848507
v -76.98171727 11.81238735 28.03562765
v -41.02684172 16.43231800 33.45331171
v -82.16173312 2.07296478 37.44849290
v -57.61855189 19.05939032 24.02801530
v -37.06888521 -6.25095770 27.64690195
v -32.63241604 5.45920298 35.67245425
v -31.99790014 7.04677156 35.43093913
v -96.03432502 20.96803495 41.05057628
v -101.66310739 23.53298909 35.88279088
v -46.56461987 15.64344419 17.30282290
v -64.87382947 9.35500371 25.24939197
v -68.11042289 17.13751116 40.06637725
v -62.48755857 8.94410096 40.29816692
v -66.59799591 20.64925834 30.39410574
v -88.66977716 16.30533533 29.30574082
v -38.85792639 -6.10999233 26.76026562
v -110.27911953 16.76423919 33.96244945
v -28.93414109 -3.97335678 32.34355469
v -81.95015526 5.86389180 32.18994393
v -18.36146735 2.39640625 14.46188641
v -47.41967275 16.60136688 20.47280544
v -35.95101389 -1.94217107 15.00340965
v -38.56653560 -8.60594278 23.44380740
v -76.83997826 2.27604885 39.64144816
v -101.20173705 -2.95218350 33.87229865
v -65.74491119 19.48825756 37.77929722
v -93.02654276 18.77173651 42.62808258
v -11.95531375 4.17097215 18.28420087
v -68.61092418 6.39978150 41.12879764
v -42.56079825 -4.67648104 25.15944389
v -40.14430949 18.80593859 23.29617577
v -85.88289493 18.76146917 41.29417232
v -100.03470772 18.75157787 41.32746565
v -91.86432641 18.45415486 30.30698053
v -44.44464459 3.35256103 33.29414249
v -66.59153116 20.00101669 28.11224882
v -74.05334594 9.00243676 28.77339540
v -93.34128509 2.03101573 41.56213279
v -24.38597761 -14.12072913 25.60347731
v -78.61243689 12.77349056 28.22564823
v -23.35324838 13.95213258 27.47620582
v -85.23096044 9.50654954 26.82150135
v -68.09804619 18.28349899 38.92347675
v -52.38969527 4.52153048 26.68982936
v -83.61158248 9.80468821 27.84876808
v -109.35208415 3.14981681 32.31180445
v -15.45682547 -1.69171610 15.87243039
v -74.20186315 9.05706955 46.64385380
v -103.12384347 -1.49540345 39.89606277
v -50.72899921 6.06690679 19.82374325
v -30.06774892 -13.98700646 24.61021247
v -53.48013048 17.96440756 38.55450600
v -108.43544549 3.46179252 35.76912519
v -9.78982085 0.86302349 20.39310484
v -75.23181432 9.59016237 28.85306327
v -78.58118088 15.53125043 31.17341155
v -44.41340081 19.45223484 28.63106758
v -90.28431758 7.03960832 23.77947656
v -46.40145530 19.36347560 33.64041148
v -49.88683690 7.90600138 14.80045155
v -22.54498520 12.44105828 12.93163056
v -37.99093858 16.23743643 13.55667441
v -76.03405529 12.69595549 27.68440119
v -53.22806384 22.03485680 33.32222951
v -38.24717996 17.65425599 20.63747755
v -32.22594262 -6.14387169 16.24660783
v -62.58791499 17.64106107 24.24045376
v -20.73415349 11.90080877 27.75029317
v -86.57728279 19.58097190 37.71043138
v -89.96568663 7.75364504 23.80579146
v -65.43867847 13.59626597 42.28463262
v -63.93144638 8.01070056 40.12279347
v -15.26894644 -4.30623757 16.55649727
v -43.12371581 -2.67119371 27.31905241
v -60.85628086 21.55945717 34.10320533
v -26.28334798 10.93954776 31.97905024
v -48.06470743 17.78745024 24.77365681
v -80.27409568 4.05070928 34.25643713
v -35.04438795 -4.50589495 30.33701255
v -44.90975341 4.29117889 33.76861138
v -70.94810299 11.22172961 44.65546844
v -44.44956085 2.07939869 32.07751240
v -109.05680461 2.62224211 30.21447474
v -95.12115774 17.96173023 42.99914527
v -106.88675200 14.05010243 31.62466821
v -76.38652986 11.65555303 46.40414883
v -38.48967228 -3.65435081 29.53913752
v -31.19760030 1.76413339 34.72611753
v -107.80688030 9.99613338 38.42379658
v -73.25835307 3.23506481 38.08414942
v -96.66484553 -1.03227485 29.34560918
v -80.91060198 14.00879456 29.63678795
v -108.89126415 20.22334474 35.31924093
v -48.78137293 17.33750592 23.82645953
v -110.48265418 8.90912509 34.42461615
v -79.67198645 17.60792562 37.59276510
v -46.51823278 9.26166289 36.01080555
v -86.88700074 15.98252331 44.26881526
v -59.39094954 8.16064826 24.66575548
v -13.06638858 6.40618624 19.40720979
v -59.11405401 21.62520931 34.26682300
v -59.77884947 20.93217185 36.13667215
v -35.15830081 16.07096991 18.44739619
v -23.36371400 -12.84859557 18.16828326
v -23.91907410 -6.10857474 29.53897437
v -77.19509210 8.38288690 30.17934087
v -36.10067103 -7.25024498 27.27977331
v -110.39452178 10.13731578 32.96263070
v -42.21382914 16.04434472 17.46913704
v -47.57943775 15.90512689 18.07663042
v -51.54191257 6.87717253 20.09068223
v -56.84401061 13.17536502 18.85574877
v -88.30227884 7.69559617 25.13740569
v -103.45578115 0.89931548 41.36602511
v -59.29137004 8.66099338 38.87478159
v -11.33434339 2.92623206 18.26141377
v -64.75248885 15.29624469 41.38273098
v -81.93674454 14.24614388 29.90900154
v -33.40230590 -0.34987448 33.42269536
v -28.00249879 10.23019636 12.14541178
v -13.24398617 -1.28627363 23.07339819
v -82.88270359 17.97651143 35.22053011
v -13.08363005 10.26714255 15.28921911
v -95.32186358 2.76438767 36.87854750
v -70.20338650 15.03246218 26.12316224
v -46.83190779 17.11618333 21.97247636
v -33.91095735 6.92146553 35.66763052
v -96.90741006 3.88027651 48.77667510
v -63.32488671 6.86549065 27.99438170
v -45.96628710 12.40379947 36.53382721
v -99.60014850 1.18428800 24.77623071
v -11.58956036 -7.25222986 20.37763419
v -56.66059162 5.81532773 28.39886631
v -105.00345803 9.45910736 41.46191611
v -95.24450980 3.10517603 49.63666341
v -49.78394295 3.39759352 28.96631447
v -91.87497873 10.83561616 48.15519895
v -12.37560426 4.28574277 20.56336402
v -24.83446510 4.82177995 13.13796913
v -81.12522176 14.01279135 44.97909590
v -56.06930888 13.59821305 18.29401091
v -105.02571516 0.86794728 26.38665881
v -89.52494951 8.44960369 23.98696527
v -81.40283869 12.45099990 28.05651089
v -41.84195422 7.09216406 10.91740414
v -78.52438849 15.00287162 42.98712676
v -23.30660296 11.86097458 29.77917431
v -32.70824907 18.23011576 23.17965076
v -12.61274414 -8.54025377 21.12043563
v -77.63158070 17.04971405 33.89318676
v -68.83343265 5.30189654 39.66659883
v -76.86640247 17.45117133 34.85565065
v -94.52511376 0.96070749 29.01877205
v -32.21395854 3.40680258 35.28470034
v -62.17006791 7.73165739 38.80299337
v -89.88316706 16.79726766 28.93114496
v -109.34822394 17.56570326 33.88491530
v -17.15313353 -6.83101413 16.70851715
v -23.30735931 -3.00947254 30.49955092
v -43.52795386 2.12974584 14.02865671
v -110.75760323 10.52036575 33.62266353
v -71.69448123 3.61924826 38.30599443
v -97.27979732 -0.27684264 43.89334842
v -21.36569510 -4.85015999 27.66951196
v -55.11852145 20.68729982 27.98816559
v -60.25473688 19.86144092 25.01653012
v -95.88156741 17.66068418 43.04021218
v -43.99608601 -1.76513755 17.69171312
v -107.88925638 3.44031507 36.73511204
v -50.38381217 9.27815409 15.45738922
v -47.56414233 12.95769554 37.29485767
v -83.32657954 4.24435293 33.77880996
v -52.21542550 9.11390202 18.40798770
v -42.07006623 17.94433267 21.70910170
v -93.90875250 -0.12553652 46.76903840
v -99.37723189 -3.39551515 29.53808374
v -12.90827797 -9.26599156 20.39408499
v -21.88828957 9.05594360 30.83730835
v -90.25392763 14.12716664 45.93588360
v -60.96357459 16.98471394 23.42793454
v -43.35021632 14.20541180 12.43114918
v -13.29303485 4.83043314 14.95879511
v -92.18379279 4.04253727 50.80150015
v -90.26288173 8.66033672 23.73666184
v -93.70677085 2.42492150 50.06779855
v -44.41061873 17.80327405 33.88881818
v -84.05676662 1.61062441 39.44389656
v -26.78528634 11.69137486 31.74926630
v -96.15488737 0.02664093 24.00844637
v -62.23420946 8.55600703 39.84577891
v -56.13256374 10.78301097 19.71510168
v -17.65647772 6.93160642 12.24454942
v -67.53777960 7.17352601 41.17041055
v -86.37887507 5.31034256 31.26892376
v -49.75103834 9.45141106 37.20870402
v -56.04760088 20.73256842 37.16013560
v -75.26072315 16.94897433 31.72163028
v -40.68953760 -3.93751049 27.86580633
v -40.48907584 5.63312850 35.05750418
v -37.81238827 2.61988817 34.41185806
v -49.38891961 8.56807025 13.47623151
v -35.17618484 4.45711544 35.46689319
v -108.65620416 1.91042124 29.24834600
v -50.78251164 16.63504189 20.57334324
v -84.94911944 5.20340609 31.97586586
v -18.50829836 12.31809224 17.19550424
v -58.04049867 5.90669591 33.54336025
v -93.86242942 19.06363552 30.58729983
v -37.32296628 16.23857694 14.91634116
v -75.18617456 7.73441499 47.12265029
v -13.78852127 5.33155914 14.23641144
v -110.54321214 12.20349595 34.33027647
v -107.24978452 -0.18629776 33.86062809
v -33.64817093 -12.61523953 21.25271972
v -107.72990698 0.89397833 27.70811325
v -106.78343114 10.14211826 39.50242716
v -45.70883885 -2.13787400 20.25981613
v -39.38824099 3.13949005 12.89969728
v -39.08327445 16.48272588 32.95981315
v -72.38541592 5.89597694 43.54931951
v -33.65641282 15.11838554 32.09932522
v -86.11322766 9.18611318 26.28288948
v -50.94265156 8.52870943 36.86068015
v -98.58206009 22.95194716 38.51019594
v -32.84953747 -5.77258041 30.05804164
v -68.62037216 14.80259435 25.19102999
v -97.47097181 9.43776482 26.82846943
v -94.11130478 2.73462742 23.53628638
v -99.94796581 -0.95058527 36.96186476
v -33.51240260 17.68034791 21.61878683
v -90.97794772 15.53969089 44.70856547
v -107.15602950 11.84963284 31.43339480
v -100.84023064 18.27075451 31.50924328
v -63.27599789 21.00471685 27.47252479
v -17.08737457 -4.90415463 24.83125253
v -109.96736489 6.53108801 31.78497816
v -36.65928726 -9.91243101 23.48332512
v -14.71427379 11.22983384 15.24609709
v -78.08035752 2.27090893 43.60694664
v -61.00983356 5.63898981 31.53879201
v -33.77799734 16.47631001 13.00299139
v -96.58108041 22.65700326 37.13982590
v -26.83542075 12.50528336 31.28362493
v -79.90171242 5.51443604 32.73863901
v -45.93389293 -1.05925701 19.16783281
v -95.05744510 22.35796192 38.31643843
v -59.80925761 5.67807325 33.22383041
v -13.35850940 3.93933177 15.32354193
v -55.37370724 19.35977998 24.40418850
v -55.39747677 16.61261716 39.48671323
v -50.43168014 7.26645073 17.43126795
v -83.81363921 18.07206715 41.45571160
v -30.68932220 18.14585539 27.08438780
v -40.69358992 12.21418238 10.07979168
v -28.87367658 3.14369752 35.09583610
v -42.85608627 18.02232225 22.20448426
v -52.46582402 21.88662920 32.38816868
v -46.66933792 4.91164184 33.72971000
v -89.14276264 12.49743198 25.19637035
v -55.16511023 6.91799274 35.61957938
v -29.18540737 14.98986073 11.93704663
v -67.97476225 15.78321574 25.37690280
v -59.98846547 12.88690539 21.18200339
v -76.26498628 7.22816197 47.94527341
v -49.44460672 21.28021140 33.90487244
v -43.23394224 15.12572844 14.13901327
v -34.29239992 -9.76275709 18.21037353
v -46.31829447 5.23881858 12.85068846
v -73.63745391 11.47041089 27.26547943
v -14.23579446 9.93575903 19.69778937
v -51.75377484 4.24814104 26.20154765
v -34.13159351 0.62291049 33.81765967
v -76.44875705 16.57050246 40.63151328
v -64.58040762 6.07440822 29.80242084
v -16.50141115 10.53918747 24.11728751
v -12.35800617 2.99467971 16.59523154
v -12.05883192 3.46834854 17.11578934
v -19.66730396 11.79663295 26.97276767
v -27.55606294 -9.55878310 29.51514367
v -97.99702726 14.31367258 28.76587106
v -73.28439268 5.50671031 44.11147153
v -42.34418140 19.47934817 27.16609572
v -18.44754350 11.64270580 13.12796541
v -99.21322108 1.87507537 47.87545892
v -94.00269154 1.11716568 49.35486488
v -88.32399779 5.96566190 26.78929118
v -103.42679460 1.64447064 41.75908980
v -99.22953285 -2.97335881 30.51092225
v -21.78706214 -4.20678648 15.53138383
v -52.23804023 8.35753228 19.25623229
v -48.21478120 6.26283232 13.50589798
v -83.42187633 2.99006535 35.78701139
v -47.76799224 18.41714088 26.33357222
v -37.29902361 -1.78268808 15.02669512
v -45.23669609 8.02245182 35.24266313
v -14.34443979 10.37824095 13.32331460
v -38.73932809 12.56624495 34.31671709
v -106.83232694 6.53026759 39.66186296
v -104.19138319 2.83485079 41.30206766
v -40.34959722 19.06753926 30.17039922
v -22.34660278 6.79424167 12.39718490
v -82.26678834 11.01953184 27.86594281
v -16.20773380 -11.81511160 23.19888524
v -47.70583979 7.43838153 12.43276738
v -103.93565631 4.79521796 42.34357640
v -46.01220054 15.73435747 17.55409239
v -92.17274587 5.34198403 50.48515129
v -66.59988094 12.56403809 24.20079424
v -26.21027356 12.29489950 12.14889000
v -65.29543712 11.04225568 24.22719923
v -29.20493378 17.73005416 26.44750472
v -16.30123900 -11.41681382 18.86384411
v -66.74335439 20.55462817 29.71823654
v -107.52692184 21.97906811 35.37397219
v -74.54130132 10.93815482 27.81858301
v -42.85459886 10.14000374 35.40048850
v -64.13405584 17.54271101 24.62951297
v -63.23744460 21.20292208 27.79764498
v -46.49358045 4.05331704 14.01881776
v -55.23077898 10.67817761 39.46159070
v -48.45528673 3.72115999 17.73090412
v -99.58891040 8.85652777 45.72140586
v -13.27818967 -5.50395723 17.71700243
v -85.87136051 19.36428015 39.24583204
v -105.83547467 17.26179883 32.42769170
v -15.56552114 -11.53043988 19.42215461
v -106.03149020 16.45413320 38.63157359
v -27.72090054 14.35824240 15.31300652
v -77.10464702 14.97642078 42.65548479
v -91.53045342 3.91005455 37.28154526
v -36.96543087 18.02003395 31.38626831
v -100.12792732 22.46880795 34.39774801
v -82.22898964 14.69977542 30.46429527
v -17.99120152 12.64513910 21.77338517
v -100.68102591 6.09534437 45.63873643
v -98.55562762 23.08010940 36.47488470
v -85.20527646 17.54014215 33.24064110
v -49.04517957 4.81591566 16.44686369
v -32.08396583 4.03929502 35.46127922
v -65.60435516 5.99299155 38.19071840
v -76.20175992 8.20488060 30.05470954
v -45.48486609 19.69742537 30.29344534
v -91.89617348 3.84746712 24.00344424
v -52.70669776 19.71275183 26.90823717
v -76.07012664 13.38798600 27.87687892
v -70.34195293 17.09974856 27.80179248
v -36.69737435 0.29425297 33.14206566
v -40.67828409 -6.75734633 18.73577515
v -100.56388714 -3.36062763 26.95068897
v -33.53590329 3.74438803 35.36758923
v -68.24031605 11.85304664 25.04680102
v -60.39110969 5.72188511 31.96053161
v -44.55460821 -2.73847070 24.90833992
v -53.38870120 19.80216144 26.57054975
v -84.14527863 7.70099922 51.33547307
v -34.05460899 -6.42476032 16.47515344
v -45.81868779 4.14617563 33.40376330
v -64.23412156 13.97718594 41.85253813
v -105.37357869 23.18553046 35.66389241
v -104.11953887 0.50223454 39.99652760
v -107.85759265 16.20339216 37.19381822
v -32.96158505 8.53452224 35.14908582
v -17.33551533 -13.39119875 23.24359785
v -42.51857102 14.29839206 34.69290958
v -73.01540539 9.76915231 45.94203168
v -15.87977456 -3.07020758 16.06966606
v -41.30095812 11.42162232 10.09493028
v -91.40278655 18.56554584 30.76224041
v -44.21845401 4.55135016 34.06663508
v -82.21604643 6.58268085 31.38210879
v -15.92878403 11.54090995 21.40703349
v -31.72981498 -9.05574117 28.04944128
v -35.57792251 18.05882207 30.56787408
v -55.74445021 6.66549454 35.26146289
v -75.05540284 3.07823556 36.90202279
v -30.42811136 17.58642156 28.80058291
v -37.63933751 15.33404410 11.11732448
v -62.01864956 11.47398246 41.41264474
v -83.47983793 4.39858340 51.06321780
v -102.10651731 -4.11519494 29.56712611
v -74.88270005 2.98409038 37.74455253
v -16.81777893 4.62030093 13.49084289
v -58.77515791 18.23423604 23.50633687
v -107.39719039 10.94521753 38.69586810
v -52.43332134 22.00433162 33.19264313
v -15.49971182 0.57012793 25.44583376
v -50.52367275 5.65925005 33.96562841
v -67.29175761 4.96404178 37.51300896
v -37.98852886 -6.20269682 17.05968680
v -99.52858239 -2.03400048 32.90003869
v -37.08446009 -5.58893392 28.36179091
v -60.84421619 15.79227882 40.60670416
v -42.72200986 -3.37901032 26.88072103
v -52.38658733 4.55518472 30.83854006
v -86.10494887 19.30303268 40.12359923
v -97.42197450 -0.33824779 23.84080347
v -90.81251655 12.22953180 47.49960775
v -87.35264987 15.95239797 29.83014784
v -73.80457239 15.18480155 28.31501970
v -65.84187723 20.83288994 33.61806213
v -101.56557060 -3.86056128 31.95329553
v -15.99068715 0.17262199 25.71995104
v -78.23317631 2.68018537 44.89648552
v -59.63223378 15.16861268 40.56645013
v -110.27251347 13.51598281 32.79929024
v -100.31082661 0.73753771 46.42980617
v -51.74915964 11.63615360 38.67754597
v -45.68264071 9.91534610 10.60042040
v -81.54842929 5.04511898 50.55628987
v -32.27776176 -9.29828273 27.50681745
v -34.74362722 16.29331567 14.79940464
v -90.42649753 4.19877625 36.26259061
v -46.45328168 3.42107247 32.49526192
v -64.18501661 15.31640396 23.71036768
v -19.90017894 9.08831852 29.05341410
v -89.55694049 5.89191392 24.95503553
v -42.48172573 16.35900540 18.49732663
v -42.87792805 19.35641787 30.12265038
v -22.38402229 13.80949666 22.42731048
v -10.75308298 -3.80030356 18.56211711
v -25.40117502 -4.98633711 31.68055849
v -68.09075361 11.31872738 25.17502680
v -50.89152832 6.87568764 35.28416247
v -82.64836900 10.08181576 28.27217597
v -84.02014737 9.87960407 49.95580868
v -90.48156407 20.73933958 39.66454057
v -79.96302232 12.43511174 28.18588703
v -28.57013254 -0.22226688 34.15205249
v -83.63670922 15.47872739 44.15431717
v -29.65644506 17.84782338 24.45904218
v -13.82408060 -0.69618388 23.65084111
v -100.92830067 -1.27095861 24.01769592
v -65.97623450 9.62422938 42.31810188
v -76.25129049 9.17465417 29.42577194
v -17.22773837 -10.06846266 17.72628323
v -24.41216576 -16.84393221 22.92884406
v -16.95027975 -11.40441543 23.72536398
v -62.38648383 5.60886816 31.24882559
v -86.54753839 7.80987059 26.88213034
v -72.92128354 5.08247337 43.21253911
v -35.60313500 16.20177092 12.03623983
v -40.77383366 15.21037327 33.83772410
v -25.23465200 15.08785050 22.03633035
v -13.47980505 10.80121828 15.81254798
v -56.09614698 5.48762965 29.35578897
v -20.49341458 9.93377845 29.17366298
v -58.65714806 13.75897602 20.47658997
v -103.34450411 3.71623477 42.65932402
v -29.28890784 14.54948882 16.73953223
v -16.53407429 5.07676968 26.85324244
v -49.86540905 5.91499714 17.67754995
v -57.59535734 8.48290661 23.27173201
v -89.93712074 1.66396017 42.95091972
v -90.92380413 0.29974153 45.86788027
v -41.46910919 14.64808694 34.26373631
v -22.00625315 13.98728664 25.35263927
v -100.39264021 19.05497018 31.81246426
v -52.98460689 12.79490982 39.36623860
v -85.70184913 16.90614190 32.09295211
v -57.51306035 6.91672118 25.73191739
v -97.22868827 0.05695132 42.61341920
v -58.18718633 20.91361824 36.70757074
v -99.69774756 -0.69547202 38.17548450
v -89.63493190 4.72544537 33.64583748
v -40.07581049 17.94292167 32.34614143
v -40.10777077 14.37778904 10.92353943
v -97.81760336 -0.94135251 23.96990575
v -13.76767273 9.32047968 13.21084298
v -105.88208249 22.73564028 36.40813297
v -61.76683072 20.44152297 36.78613245
v -20.30376094 -13.98652992 24.03891529
v -74.34293334 5.48138170 45.08109506
v -108.89457800 2.03171230 31.01945811
v -85.44915704 13.15518620 27.84768619
v -61.79994827 21.63212926 31.76420830
v -44.89032586 8.81713824 10.61738275
v -66.14583900 20.86718316 31.27109289
v -64.08978725 6.87562799 38.60360200
v -16.84584553 -13.79710574 21.21517000
v -100.21805764 -2.97143515 26.07040011
v -51.80765318 13.01813232 15.94087103
v -62.40861079 14.61132916 22.60922485
v -86.66278544 2.04461294 49.92293931
v -61.53077132 8.44442890 25.27771832
v -65.49101195 18.36323806 25.62682751
v -51.69100925 4.27606693 30.46374201
v -92.00041744 1.35088757 49.79484434
v -102.22617318 -3.07500716 35.11799175
v -75.45488853 17.16523806 32.33280209
v -98.90919141 0.10098024 38.12644833
v -62.81748598 14.17670332 22.58222748
v -48.03383327 3.65719628 16.58809612
v -33.03042751 15.56960047 18.16546415
v -84.39580746 4.66650695 32.97250781
v -25.45272997 13.55048183 12.91126597
v -97.75283843 0.29631884 41.13191715
v -21.59287415 11.87485648 28.50952628
v -52.65972470 21.68858740 35.58507859
v -62.28274744 10.22025588 23.50544974
v -82.21022817 10.29067603 49.45592088
v -90.90824932 20.78083422 40.21308893
v -92.51918297 3.64270191 31.62421627
v -55.09259965 21.42841405 36.28560323
v -99.69635637 8.02317518 45.94713091
v -85.89467120 17.00344112 43.30641627
v -79.33455853 13.65499568 44.89964164
v -97.54644169 14.06640396 44.45810963
v -33.26512461 10.90106686 10.90854909
v -85.00349814 6.57343999 51.73385855
v -43.80886856 -0.40410138 29.34440075
v -84.89305241 4.19372953 33.85346322
v -92.90035345 0.61024519 48.90417257
v -78.36990671 12.01106707 28.13019541
v -50.09650426 21.16442298 34.98634844
v -51.75924292 4.81735214 32.14877536
v -55.56115340 9.69434859 20.44459954
v -59.59907329 6.90976697 26.64536982
v -21.20897466 -15.80885735 22.46278090
v -51.56862383 7.44547919 19.45710198
v -92.89044394 20.77497047 41.11819002
v -9.66032487 0.05257249 18.40467962
v -75.36727566 12.94391719 44.79435121
v -35.33128394 10.76231803 34.63528209
v -42.67644930 0.98376702 31.98191890
v -57.05271232 11.74609887 19.51749445
v -91.85967600 2.20256376 41.75826778
v -92.72525547 21.32653850 40.24834763
v -96.48832774 12.65836151 45.65783654
v -100.37299144 -2.28852807 33.90293522
v -91.85975462 4.21320716 32.88278251
v -53.24948632 20.64843092 28.45407103
v -102.89160963 20.01692043 33.05751531
v -37.67566200 -3.97542688 15.96327538
v -66.10240866 4.95819794 35.84413187
v -36.26397506 4.82465721 35.46953660
v -21.91520734 -3.90590025 28.60481324
v -79.92698462 9.35577130 29.72499214
v -24.06882443 12.74206856 12.76403268
v -101.98266823 -0.17946994 43.73857888
v -96.26692019 7.35128095 25.49549465
v -55.59427548 5.61633288 27.86845136
v -55.43158943 15.59649634 19.48447853
v -64.00890874 11.28084681 23.53966284
v -91.51056966 0.44940930 48.37974157
v -73.90299952 10.63601391 27.78207523
v -32.07319709 17.02800430 30.51377719
v -14.05919220 11.14496033 17.59926476
v -52.32727487 16.46236523 19.73656401
v -49.18958816 5.44663385 15.37647180
v -94.26118600 3.28750325 23.52841636
v -94.11554588 3.30594875 35.29433237
v -49.30654724 17.59527790 24.52234004
v -29.25216366 6.51305218 12.88962646
v -64.64419345 18.59469609 38.73779710
v -33.93750864 5.04454880 35.63508873
v -49.22379914 4.73151648 18.03183045
v -26.17622842 -9.03243321 29.40316298
v -63.70795031 17.76309468 39.53118476
v -107.11682826 17.31064633 37.49971689
v -109.56955898 4.00177315 31.96176666
v -12.64537195 1.90921419 16.34158341
v -34.77629177 0.43672802 33.62238762
v -34.57348738 16.91804655 20.20971378
v -86.27255380 6.06468304 29.67144695
v -107.21752252 2.58005680 37.15875866
v -85.80682502 11.19258442 25.89712902
v -32.29602868 14.96187785 31.78400465
v -29.48248991 16.99752253 22.05090694
v -88.06844446 17.47445085 43.12400904
v -83.42364860 18.09939234 41.01568022
v -11.94942549 -1.42164512 17.16908543
v -56.04733095 7.46192541 23.86872422
v -22.73727285 2.46492068 14.18618128
v -103.75126653 23.37857210 37.27820442
v -68.56160563 12.95195636 24.84939888
v -47.20904021 0.73885052 19.74187034
v -84.93471029 2.81918699 36.69025744
v -47.41550378 16.24223453 19.34483530
v -70.11342454 11.89947181 25.78490945
v -39.09622239 -1.91631379 30.84725347
v -106.70402404 0.94773375 27.13310331
v -48.55480841 7.41001624 13.12704218
v -17.38675617 9.11748122 11.80464397
v -85.60888377 1.81187054 40.23630845
v -25.64184400 13.85414355 13.32371989
v -75.16114239 17.32550540 39.13869068
v -41.67830346 15.31673013 13.49696650
v -51.68899156 4.08998391 28.00085849
v -73.84352966 14.50170301 42.84207023
v -18.05257844 4.53199208 28.38755363
v -37.78666031 18.36248668 31.12409841
v -14.77484347 10.62636125 13.35899600
v -30.94413569 -13.82563565 20.11485096
v -78.47558407 16.84192304 33.64459371
v -70.05243272 8.54710860 27.67343298
v -38.82914663 19.06932152 29.50584340
v -36.43993119 16.43732510 13.19452463
v -28.49257745 5.70251903 35.09760086
v -96.00461525 2.20065909 23.81871561
v -13.74459750 -1.76093696 23.24804105
v -25.64636685 13.77051910 13.07985925
v -77.40790560 2.33060109 43.08993559
v -91.38010436 19.75550106 33.26022025
v -68.00218701 13.12093916 24.55720858
v -10.14623898 1.63206279 19.13993680
v -43.65208972 14.33981652 35.14125253
v -18.00921155 7.15270811 27.90988160
v -83.19686734 11.84880477 27.26007102
v -40.18864240 1.67058962 33.47855233
v -100.86192723 17.69005786 31.19596632
v -13.99341441 8.55881484 20.18725751
v -19.97893909 10.62718806 12.25357800
v -50.33952437 17.07634718 22.44143926
v -51.86171391 4.19376670 27.53392490
v -56.69817188 14.10137847 19.14849803
v -82.66368896 8.45236530 29.66415885
v -82.55031593 16.98795883 42.24470430
v -50.10867694 7.73059646 15.91393480
v -24.58671193 15.42957181 25.43366854
v -15.79421266 11.88930126 19.64248797
v -35.07278914 -0.29806294 33.12130247
v -85.22607758 18.20428805 34.43173151
v -56.63573092 21.21474797 29.05796082
v -23.95817073 7.77712077 32.45667654
v -84.19390773 7.61081302 29.38787374
v -34.05981238 4.28928217 35.49626157
v -109.52002755 8.33933708 31.93761793
v -11.35305359 2.27104760 17.68521906
v -55.10261339 5.26442291 28.73783856
v -90.89809180 10.87278864 48.44328242
v -72.96772194 17.76402764 31.16663136
v -103.77862900 -3.44513949 28.72650106
v -105.14553159 -2.72610607 28.90070724
v -26.91325329 16.47325397 27.85705955
v -46.26092927 7.09060951 34.89255663
v -97.65448185 13.11473718 44.92420386
v -40.44722031 18.18092822 21.82545766
v -41.28244242 3.79980890 34.34330417
v -47.05100738 19.71926150 33.70222273
v -48.01868087 14.79986027 37.46666925
v -66.51045431 4.76997020 35.29647929
v -87.39045697 5.60060317 29.50570906
v -100.09301672 17.93897668 41.66064709
v -71.74538694 9.38627940 45.34237792
v -75.90494004 2.64841910 38.61668825
v -88.11572074 3.24335855 38.55758198
v -93.01330575 19.75856202 42.08815556
v -51.55302108 13.89132219 16.20271110
v -26.40788527 14.01194170 18.70740551
v -29.90410661 -12.57441851 26.15001039
v -79.67254493 15.21776062 30.97526295
v -81.74647566 16.85542645 33.37827735
v -30.41151768 8.22898852 34.64951453
v -70.59634317 10.91824496 44.62411761
v -67.33494573 16.74183801 25.59498131
v -56.97215057 5.75407651 30.33291122
v -90.90625461 1.83718492 50.35090690
v -97.04514103 22.38162436 39.43863824
v -53.27781177 11.27128859 17.34720674
v -63.20282193 20.03236214 25.92177788
v -64.96424506 6.10581615 37.85666231
v -12.01850275 -7.94509742 20.13543896
v -52.32250329 9.23502190 37.72121210
v -101.97591661 -2.17936618 38.24285831
v -68.37415192 10.21800223 25.91145219
v -37.30550287 16.15580417 16.98613785
v -109.91971355 7.33040472 35.18470213
v -56.18248419 17.50081713 21.76702186
v -42.97771681 7.49876257 35.13104169
v -18.11335849 11.22551751 25.91243751
v -110.64385082 9.83111828 34.15846341
v -13.75685954 8.31195538 13.21402691
v -11.98310819 3.47883113 20.97808164
v -82.12356611 5.14125432 32.86104903
v -92.94449730 21.61764293 38.78133978
v -101.48811707 16.48065484 41.62150105
v -106.24852482 1.95943153 37.94660888
v -42.64307904 19.22151423 30.86799056
v -58.26342249 19.47844655 24.60201850
v -83.08110571 7.51675164 30.18144992
v -83.97362629 7.19384025 51.48904730
v -109.07266335 8.74028706 36.94130659
v -60.08938708 10.23724520 40.31925691
v -56.64997788 5.74843522 31.62110712
v -52.13304033 20.87089587 36.44406924
v -94.91790599 17.21813940 29.19462222
v -85.77225463 4.35827193 33.71866911
v -96.98644325 14.02217421 28.27122486
v -57.84684449 5.99672773 28.38658056
v -28.69788281 14.53474574 11.85028759
v -34.70152101 16.99993238 31.48066073
v -47.93031553 1.26876209 22.37579774
v -26.71276793 8.19330763 33.54646681
v -71.37072904 7.16119500 29.20353317
v -89.59845411 4.82515812 31.68018857
v -110.48941413 7.28348389 33.15167867
v -42.34400237 0.22101858 31.34840923
v -54.70781828 8.63256982 37.78115496
v -83.80315995 11.03427657 48.98466591
v -75.35407630 3.00011182 42.43780014
v -87.69182357 4.66912977 33.71572772
v -78.43148983 15.99120507 41.79074030
v -70.67165332 13.38653805 25.70159451
v -13.07740843 8.33475031 14.46752134
v -64.64030646 8.87409191 25.61083535
v -93.67925356 1.57746743 42.18359916
v -12.51744950 5.84290243 16.48149528
v -16.63010909 -4.61768737 16.27606534
v -96.57169814 19.92936728 41.70266674
v -60.28037964 5.83196026 34.40921382
v -89.15853280 4.64119843 34.43474233
v -49.30435712 17.60502624 37.09076973
v -97.01203960 4.74295761 48.43837884
v -70.07373239 14.10711024 42.96433786
v -11.36260315 3.28037846 19.32204029
v -104.41618027 -2.41777319 24.85711988
v -23.00723466 7.94914610 12.19207790
v -79.45517699 12.93753654 28.45548261
v -45.44832373 -2.02786352 23.83095017
v -58.09133985 21.38675506 28.74094317
v -89.77713996 17.96658258 31.00411406
v -85.15589804 14.19717728 45.70993136
v -59.87904805 7.85856697 38.23434158
v -85.21180324 10.31634415 26.40982432
v -69.94570929 4.06260621 37.82696367
v -47.22968871 19.63287957 29.20047426
v -10.08366656 0.70521539 18.19350519
v -101.85193363 12.16543917 43.02136527
v -41.69880102 7.65781701 35.28319824
v -31.81815245 16.30520798 12.29001680
v -35.45587657 -11.12888143 20.24263963
v -19.57354104 -12.98067538 18.88075508
v -54.80082123 21.92223465 34.61185312
v -104.86521756 -1.30735461 36.83120057
v -44.29543413 6.61876320 34.82151118
v -82.18616061 7.87009793 50.97398045
v -104.53111831 11.37574525 41.32120813
v -44.26432117 -4.16841277 22.13388419
v -17.95502431 8.01436165 27.52089687
v -60.10656623 21.12432630 26.99482782
v -86.46178507 14.17678898 28.14171180
v -62.68030320 6.06658151 29.37950066
v -80.92506639 17.40446061 34.87065565
v -55.58498847 20.26603875 37.56404937
v -43.24055605 1.59744894 32.20806978
v -14.48301351 -11.56468457 21.03615375
v -59.43855662 5.70390029 32.47650896
v -103.89201017 23.03782688 37.49835748
v -92.00959240 17.15277403 28.76926294
v -72.96921829 8.50469566 28.68886581
v -29.20789186 14.42502091 11.50583459
v -9.69204154 -0.12139119 20.68895660
v -102.45816599 -0.11005383 24.96549825
v -63.62381340 15.00900987 23.42642999
v -97.06886000 -1.71415826 28.09771086
v -91.19398560 5.74353237 23.58627540
v -60.13758191 7.97497547 25.19529297
v -93.52772024 6.38543142 23.93528543
v -59.44813906 20.61493638 25.89702749
v -77.22070880 4.40105855 47.15590984
v -71.01364101 3.73881707 37.05574010
v -98.37317413 -1.87057786 31.17172016
v -62.02962466 21.23426619 27.85251764
v -109.62116939 16.68353730 35.36431914
v -105.71635193 10.40291984 40.55485004
v -28.87671858 6.34500835 35.04392360
v -12.82005488 5.13515349 15.62432358
v -56.05950000 17.91793052 22.19279374
v -34.70636853 15.46985431 10.77586321
v -38.18842646 -6.09819424 27.15928824
v -97.25812745 0.70783369 40.85825009
v -38.81079612 2.12520371 34.00376443
v -32.21771001 -2.94741345 32.15497239
v -44.76789407 16.33454593 19.06372440
v -56.58698547 18.55198453 23.11569427
v -13.31751359 6.36999470 20.11900709
v -66.80042198 4.71380975 34.85459607
v -83.52090488 6.72423841 30.78077165
v -83.21275487 4.83414886 51.14895151
v -52.90831490 15.45493716 39.29288544
v -18.81126377 -13.47536927 19.52229267
v -107.01360603 -1.00370811 31.61425970
v -87.24240784 17.64866775 42.95712599
v -89.30839402 8.19840249 50.13390132
v -15.42060006 5.96837260 24.84548713
v -91.41557641 20.83855975 36.47464933
v -59.98397259 11.48384175 21.66344340
v -87.56255790 0.70135394 47.42873966
v -77.86027749 2.04914622 41.97002822
v -45.84883782 -1.75793447 22.62153291
v -56.89500037 16.48015924 21.17740480
v -82.82650265 17.09527715 33.45041342
v -36.18171672 8.55509239 35.51791743
v -104.41229133 19.11688066 38.86122623
v -57.91639586 7.37329277 25.16801413
v -58.72253741 11.79769512 40.55820005
v -45.96982600 1.89271757 30.55591329
v -58.23333588 21.03753699 27.30015112
v -51.41146868 9.15697642 37.46705849
v -85.16262122 12.52018593 47.49072641
v -44.64081010 -3.19575000 23.50077931
v -70.04355835 9.77441106 26.86267525
v -73.16563761 16.97044526 39.99439408
v -22.36373171 6.89052089 31.68326453
v -85.04201105 3.24671568 50.69731917
v -30.54275960 15.91000591 13.02353685
v -12.91473720 -6.52086736 21.92578873
v -22.74566434 13.13494460 18.20488814
v -33.58468590 9.14058765 35.04264107
v -73.18383371 16.50589041 29.43445312
v -12.57965327 4.15358570 16.37894473
v -38.47983860 -3.25785423 29.89483050
v -71.15677382 4.52347977 40.40242011
v -76.89824156 12.11736916 27.92369763
v -76.52465959 14.81182240 29.32740382
v -60.14814321 6.23106658 28.41116522
v -35.70906763 -9.39516825 18.53976166
v -21.86292073 8.13133850 31.08494768
v -51.22650265 13.54350758 15.89673169
v -48.67399506 9.32891195 36.77987801
v -54.26042989 18.74774042 23.53886694
v -42.01500440 17.64109574 21.08199279
v -45.30734095 19.54494817 32.43668177
v -96.67626108 0.60008381 48.24197994
v -30.25600166 15.16423072 31.05554101
v -90.93696821 4.43051133 31.71082465
v -105.47896550 19.60701571 37.96787537
v -60.23601172 10.80530292 40.57561246
v -46.51504519 19.89265169 30.15976186
v -105.68081764 -2.46722639 30.96734141
v -90.69607493 17.48655362 29.40515270
v -102.36323091 20.51313580 39.43870111
v -45.34917099 16.38447766 35.29016532
v -13.36375419 -8.81822918 19.07338647
v -48.48578489 1.85209356 25.93919871
v -33.75680737 16.55139402 19.79053270
v -90.37410118 16.60864978 28.45396661
v -74.59080899 16.96162616 31.24409930
v -85.52453269 6.30187283 29.96034520
v -48.34304193 20.06754574 29.72484826
v -31.27154735 18.18695587 27.94115859
v -96.18280476 0.98179749 23.74308641
v -64.23892508 20.39260644 36.50662020
v -79.02574179 6.87151289 31.56560164
v -32.03504301 14.20632438 10.77371563
v -17.73921839 1.46584984 27.80981686
v -75.52779948 2.64127354 39.29845577
v -91.62238003 0.73802632 44.43990146
v -13.64395725 6.38702138 21.20328440
v -96.39115748 15.96329798 43.79598310
v -47.23828516 10.87504644 11.05494042
v -105.43042516 9.15012884 41.13158224
v -20.44289446 0.98996624 29.69568791
v -69.42277035 4.40234933 38.40015643
v -27.28497477 -10.60964698 28.68374025
v -109.62413686 13.37623159 35.73816632
v -72.84159512 3.84478638 34.22587942
v -38.76508009 -5.05838303 28.04073240
v -24.07024724 -10.30415624 27.17799156
v -39.90403713 -3.85149282 28.54988701
v -72.65725366 15.94321789 28.39440364
v -36.01246168 19.12751933 27.55618685
v -87.83953397 0.77003457 45.58148929
v -44.15336273 2.38180337 32.48574057
v -28.25760749 8.80638132 33.77593146
v -64.45603214 9.75498698 24.76565485
v -92.41904258 0.50322650 48.68858362
v -92.56354849 7.18617349 49.65306679
v -79.50969296 8.10406592 50.13320317
v -82.29682116 17.78354445 35.05860805
v -73.55853562 3.32742900 36.34224971
v -56.98793197 5.75377474 29.48139130
v -79.26526015 14.16826323 44.21804083
v -12.20756698 4.72802684 17.55433412
v -9.44215672 -2.09418640 20.32258646
v -71.63428163 7.88361630 28.67086090
v -15.29924234 -8.64002155 17.87010679
v -59.75307449 12.17221756 40.83143335
v -98.96397349 14.20064425 43.80170124
v -87.12537035 8.16596711 25.96845611
v -18.90530990 9.65598223 27.85926538
v -99.58870201 23.21511038 35.77882490
v -15.43870084 1.13233383 25.62101252
v -30.19995134 15.73660485 12.00824313
v -85.34665576 5.37263570 31.52404464
v -54.30420521 6.91994452 23.33648444
v -49.56322017 11.93060276 13.70532790
v -56.04721864 20.51646897 27.13270007
v -10.23381678 -2.13294326 18.29622022
v -75.93714347 16.18424522 41.05555554
v -32.26631674 15.42293094 16.76495078
v -96.31406293 0.20432899 47.87796636
v -31.15346541 -0.87937172 33.51120448
v -93.03776754 15.30180057 44.74453935
v -14.52633341 0.09909304 24.41392133
v -107.68465610 18.13483706 36.77158782
v -67.96125297 8.17660602 27.31385581
v -65.09577236 17.73903595 39.55101252
v -46.73773228 10.93914299 36.64698989
v -82.67364754 7.56367945 30.38667332
v -45.72186605 4.15275005 13.41407610
v -97.86642290 0.97019899 36.10302537
v -50.92521889 16.85372422 21.20905911
v -105.24333896 -2.02315210 25.09901416
v -61.09791949 11.40556405 41.05464192
v -62.69617288 12.74706606 22.35611443
v -64.66455972 21.21685914 31.06759571
v -93.32221069 16.90446481 43.63494315
v -36.46887854 2.01685561 34.26327058
v -31.58429825 10.75487527 33.73418145
v -94.13945871 20.30769978 41.68631844
v -61.57506449 19.35950519 38.03099281
v -28.38089568 -8.59470410 30.06089732
v -105.04571484 -2.13737836 35.15975955
v -105.81228087 -0.73069678 35.90734813
v -64.73774596 6.34703243 29.13139416
v -87.94321541 19.24319972 41.46106332
v -61.37452623 7.38326390 26.57909914
v -12.35251982 4.37021537 16.75404561
v -13.60451901 -4.49235037 22.45988796
v -77.07239820 7.20942885 48.64927685
v -38.26442763 -9.17155542 22.51151533
v -99.06512035 -0.08451142 36.67193403
v -58.36901711 21.47978995 35.10113686
v -45.79792117 -0.93217887 25.54635891
v -61.48234452 15.11527629 22.51128657
v -36.00202233 -2.84449051 31.23789063
v -67.88691278 18.72725994 38.42841802
v -35.34724113 -7.21491117 27.66631884
v -12.95436283 8.63773103 16.05268743
v -96.07826398 11.25892017 26.86233286
v -56.91893697 18.59220906 38.75026219
v -91.17476166 0.32315672 47.86461432
v -103.53292109 20.71658616 38.78148356
v -19.53405871 8.33647659 11.99139943
v -53.23636515 21.96013488 34.95129542
v -35.55669399 -11.23426610 21.71478046
v -55.80693365 21.27256452 29.92657083
v -67.73201539 4.48383606 35.09287015
v -59.74769263 8.88035132 23.97088628
v -95.57257775 0.78077551 42.52027327
v -10.08284578 1.43280840 18.77456181
v -82.26048278 2.99507150 35.70992250
v -107.40938404 10.07335183 31.24874995
v -107.87255945 1.71082337 28.23880011
v -11.23390872 -6.34138739 20.29006955
v -86.10170445 10.58166622 25.77756724
v -31.87256198 18.52953993 25.65163255
v -14.22392247 -9.90761603 22.06485025
v -59.41520213 18.99180563 24.35189726
v -27.43834886 -13.27841045 26.70599859
v -103.52108578 -3.93365368 30.06030461
v -65.52921903 13.02219017 42.46897656
v -54.10052174 12.12366381 17.35878082
v -21.94334245 1.42122186 30.81531982
v -79.74618235 8.44068559 30.42039442
v -18.77778402 -13.65969123 23.74297305
v -69.20902985 4.10685623 36.21113532
v -23.08428093 8.56783464 31.78732488
v -89.65499077 19.97685930 41.04792024
v -55.63040739 20.81784587 28.31446556
v -41.15800730 19.34345966 29.16502451
v -72.04978034 4.07341935 40.45067403
v -84.98342672 12.71976053 27.42188133
v -38.38287777 11.93429221 10.07986828
v -84.73993461 8.23418543 28.35009611
v -60.98879541 20.07180374 37.28289941
v -54.03259475 8.84497102 20.38058147
v -35.45820851 18.79283169 28.81760720
v -87.03058240 18.73231827 41.79700524
v -31.21047452 17.40893392 21.88351886
v -21.44627545 13.23479372 26.65532074
v -39.81747684 19.48998765 26.73781862
v -14.79457057 -11.44747812 22.02989590
v -60.94153690 14.74441153 40.97144303
v -11.05709623 -1.88447680 17.72699197
v -50.41002364 18.47112577 26.25678879
v -67.57526083 16.75659698 40.56442685
v -63.20021638 21.43729279 30.57244899
v -19.27682528 13.02877319 22.67544636
v -38.76947948 -7.43618489 25.14919117
v -84.35288972 12.29777729 27.25149225
v -19.47633353 -7.47173677 16.48425167
v -83.76124569 15.88122355 43.81300212
v -45.42092192 18.40629604 24.62463675
v -102.61074508 -3.04786017 35.41177930
v -53.52070472 20.84026398 28.83371044
v -96.22191139 3.14657913 49.26161940
v -48.29086697 3.30912875 31.12189135
v -59.35996700 14.11955055 21.04961474
v -12.49709315 -7.12685948 21.61776231
v -100.69604799 16.37111063 42.07726253
v -28.77435768 12.97182817 11.56188855
v -75.54376791 17.89177926 35.17475424
v -39.00855734 -7.74925020 18.13558442
v -12.85248263 4.97229004 20.69309299
v -79.02369801 7.90315393 49.90553172
v -19.31153413 0.22107028 28.65447682
v -106.79380311 19.95306183 36.88494821
v -88.11521380 20.10862956 38.88025017
v -72.62341862 13.66282365 26.58805073
v -103.81581695 13.53940210 30.69784839
v -61.41496887 18.31870045 24.32591788
v -58.92031997 5.84468915 33.54513165
v -104.36672472 -0.75172086 38.34303388
v -78.11463961 16.06809928 31.86101084
v -88.34460813 5.21535153 52.33121529
v -34.67240063 -7.29460393 16.92005815
v -95.73022914 22.45455645 36.81460516
v -82.56477125 18.19269063 39.45955780
v -94.47085478 0.29401426 26.76042259
v -57.84922524 11.05792481 40.16482222
v -73.12088260 18.56428081 34.08766507
v -95.82505750 14.69442396 28.15447162
v -110.19168182 7.63496278 32.24873652
v -62.87102900 5.74393865 36.01849103
v -61.13651962 21.36572826 28.16742257
v -22.16626961 10.19819745 30.46110204
v -106.79690346 0.18078632 26.82484751
v -75.34811629 12.26513948 27.54230537
v -60.15827187 19.44568042 24.68634951
v -69.40418592 19.62998663 31.07513432
v -50.70251329 19.00813271 37.07502239
v -26.57660338 3.75957139 13.51023333
v -56.56857600 12.96753888 18.61624450
v -74.73494413 5.74579731 45.74116410
v -57.82944157 21.14317057 27.96368441
v -26.23748391 6.06426930 34.14220944
v -68.38666608 4.65858973 37.98863544
v -23.61075216 -15.96074885 20.93723296
v -100.21021808 3.17382821 46.36343591
v -94.60619525 1.92659129 31.06873880
v -107.66844745 18.97117481 33.87742425
v -43.64409547 10.25113042 10.18643975
v -80.26811307 16.21515363 32.49858732
v -62.85486499 5.34252670 34.33966179
v -36.20123669 -9.87960647 24.20964288
v -110.19805347 12.66913633 32.80002653
v -61.60972608 11.08057884 22.57737293
v -109.07030988 12.28370076 36.66738795
v -65.78315139 11.02260070 24.45495917
v -55.10026382 8.14070134 37.29293234
v -35.59267680 -0.28501864 14.50795548
v -99.06902208 -0.46388365 23.95784799
v -13.31876715 8.82844881 18.07203104
v -59.08025090 17.30821200 22.93847368
v -66.82558347 11.92675494 43.07121956
v -32.26657766 -13.55518419 21.45636580
v -21.06849367 -7.08132546 26.55153447
v -32.33416259 2.90256865 35.12533825
v -14.39581525 2.30100689 15.26041421
v -80.37562508 11.37218476 28.25796630
v -81.51015953 17.84498408 39.62733533
v -43.85029395 -3.85415105 19.01801526
v -90.52272825 3.89603458 27.08869080
v -53.84687672 5.62021359 25.44023328
v -59.51248473 18.58098432 24.08057136
v -60.56128391 10.01503993 23.04205619
v -77.82790214 14.43521047 43.54012722
v -43.15707178 -4.46149492 24.62279584
v -15.65664814 1.74785922 25.99667564
v -16.06462412 11.63197486 15.51614472
v -58.91650881 5.83636403 30.58800190
v -85.23235344 10.62611600 49.35299325
v -49.29630678 5.86346734 14.95546789
v -78.08690093 7.14420268 49.29617769
v -50.86382259 20.89042895 35.89214355
v -46.97450819 0.40149709 25.73096620
v -94.89608015 6.61552401 48.93202273
v -77.01443424 11.45300687 28.19910820
v -42.80043431 5.86536183 34.78668459
v -39.08485499 11.82866341 34.60158599
v -37.23924063 18.98459481 29.13546605
v -75.02400092 15.14175964 29.01220655
v -25.47995818 12.96195065 12.47226114
v -25.77535624 15.76289196 22.76860570
v -78.99284106 6.17682317 32.13778698
v -55.62736507 9.98800781 39.18706875
v -100.92538101 3.07852716 45.52254763
v -28.04686976 -10.34625481 17.19573669
v -100.00085746 -0.46732370 45.43864150
v -102.97038341 17.42586145 40.35598363
v -108.46421280 4.90807416 30.07879815
v -59.18465986 16.41335788 22.30050655
v -103.55922259 5.16009469 42.84102320
v -13.77260433 -2.56033656 16.66282106
v -87.83037318 11.93185991 25.06940776
v -28.20352038 14.93982435 19.42339814
v -51.65630129 16.95195004 21.21648681
v -10.91192070 2.70250264 19.81297599
v -9.56460335 0.66566187 19.07510020
v -38.61585365 18.31471394 22.03412683
v -61.01092734 13.71262285 41.17981203
v -42.83684247 -4.96369188 24.19892659
v -96.83839685 21.54456725 40.51052806
v -47.13529870 4.67057011 33.48671025
v -20.39500748 -1.44373213 28.57902431
v -98.84531327 22.74240355 38.94969642
v -108.77609215 11.25561069 37.07233012
v -34.37875422 2.33069221 34.68260316
v -68.80181582 9.25210161 26.77915691
v -74.18706797 7.30731677 29.96856468
v -81.66037150 9.22935515 50.28922658
v -49.49476236 10.93194266 37.80696717
v -33.58443611 17.00211662 31.13327040
v -99.83508369 15.74335770 29.99702505
v -44.36089249 15.83131972 35.00797578
v -50.69817371 4.92726161 32.76869230
v -98.80940290 5.36709721 47.12797635
v -49.64803693 6.11990042 34.34563090
v -53.10531719 10.25455372 18.08718543
v -99.46410553 -0.77755157 41.63739855
v -64.00396854 20.90561151 27.70557177
v -105.01737452 -2.29755047 25.71940208
v -104.51723531 -3.14493653 28.86100229
v -35.65525102 15.46032930 10.87089506
v -22.09924884 -13.99265138 24.71277242
v -101.55470707 13.00123155 29.73660458
v -90.25523639 20.38200397 40.68471707
v -26.21490460 -3.10336372 32.82919224
v -14.76764150 10.28940537 20.54822005
v -39.94658236 18.79742704 30.90469729
v -38.15469217 16.26895022 17.86907608
v -20.90837871 4.73655480 30.60556171
v -97.71595385 19.21412049 31.21471496
v -105.51050849 18.91964740 33.20691420
v -55.77242043 19.52031694 24.67411007
v -14.53381279 6.32856215 23.07274176
v -73.48069162 4.13064744 42.38053033
v -11.88320997 -6.72213407 19.00825892
v -105.59371286 1.93328635 38.84316328
v -90.50360717 6.21004242 23.87343165
v -10.33439841 -4.14636828 20.29127598
v -38.41252788 -0.95564185 31.91524008
v -39.81048341 15.90603767 14.69985722
v -52.46444904 8.15331196 36.92045658
v -77.21458239 10.18861685 47.93778851
v -76.39012087 5.00622085 32.88642048
v -99.94352934 9.77137328 45.17795173
v -88.92750995 5.28124926 52.14174038
v -17.46177865 2.54313816 27.86041611
v -76.16040047 12.33859854 27.75372592
v -63.79250459 21.31865964 29.49116153
v -12.85885101 6.80604197 18.22013380
v -17.33757814 12.40772422 21.68189482
v -63.70118696 8.81413507 40.77119081
v -17.01214666 0.50078792 26.79709059
v -47.68231208 11.23034250 37.10236112
v -110.21861496 14.40594475 34.92881270
v -54.86322441 5.86113574 33.57303347
v -73.53720894 5.96807546 31.04884598
v -37.02854382 3.41200740 34.89622596
v -42.91513201 15.60388149 15.77162439
v -53.51329070 5.75182177 24.77475016
v -98.79474412 -0.16683304 40.46581488
v -36.98717088 18.38278096 22.36153935
v -86.99059872 2.33846506 50.45258034
v -93.76104792 17.51014803 43.33257197
v -20.54502454 3.04527828 30.29075165
v -70.64870457 4.85635073 40.51486535
v -42.73602502 0.93540981 14.65175426
v -42.51583868 3.78274743 34.06839886
v -16.79160502 11.14024536 24.06753273
v -62.40051819 5.73475661 30.51426272
v -55.16767054 11.22993497 39.66677813
v -57.13700818 7.04728182 36.16690836
v -51.59186558 4.12313225 29.24745347
v -50.38559086 13.87800301 38.57254843
v -14.76703122 6.32263981 13.04509622
v -12.50289711 -7.72945802 19.01248774
v -65.05037887 17.94553844 25.20832888
v -42.19158721 18.45836265 32.42804791
v -80.62769022 3.53006117 34.94063046
v -46.55198380 10.23578181 36.39576748
v -103.40313250 -4.07203346 31.59049946
v -88.49652199 19.91732037 36.60878033
v -101.80807827 0.13600991 44.09700653
v -52.11807757 20.53088325 28.65430577
v -27.56890072 14.56149709 13.15613758
v -40.17167437 -3.50904703 16.40092569
v -39.20037647 -8.05355786 23.66140587
v -32.91086571 18.63276475 27.32259649
v -33.48002181 -12.00697388 23.63791759
v -40.11273102 14.16487823 34.04910196
v -17.33211835 -12.96279527 19.60842160
v -100.80655241 -1.13199027 42.72997816
v -66.61569459 5.85951242 38.72318830
v -22.21436010 13.84711033 22.77358736
v -13.52299306 9.47135543 18.37583130
v -101.36354040 -0.05049405 44.71359408
v -64.77721799 16.46355920 24.34194674
v -16.21296708 10.61992153 23.34833244
v -54.90561812 5.53008126 27.18715454
v -33.59296729 18.91464310 25.93378890
v -62.23920004 16.37853150 23.57293227
v -76.71785044 2.33304182 42.00575039
v -69.51639855 15.99939532 41.17060705
v -56.80438076 6.55293715 26.09174963
v -85.62589574 9.67476912 49.99390564
v -83.87909129 18.36408765 35.63238504
v -41.59826522 18.42234471 22.56422198
v -13.30679238 -9.55876370 21.26944140
v -107.47267674 7.58725543 38.98809646
v -26.74699535 -13.59196915 26.52259477
v -89.00983285 3.75430888 37.56144688
v -32.36421506 13.68882281 32.42508689
v -38.60523173 17.03925403 32.58531705
v -99.85084014 22.34196996 39.28963735
v -18.60170805 9.98625836 12.01195878
v -49.48818535 2.67659585 25.58214723
v -15.23682387 1.98614806 25.61941453
v -32.33534232 0.49997594 34.00939506
v -18.33138128 12.69926978 22.93035283
v -34.88644942 18.01969462 22.00466946
v -61.65855594 21.44059491 28.45155433
v -49.52916407 2.84673430 27.04219613
v -85.73579057 1.10485501 45.74867584
v -65.21495249 19.92954442 26.83531923
v -51.67055851 21.60527566 35.28462355
v -13.73087329 -10.40906431 20.98751231
v -34.95287148 -10.54638065 24.28276012
v -47.17616332 14.23024726 14.69782801
v -53.11348800 14.86035835 39.45301637
v -84.32913099 7.05000345 29.89638480
v -60.04595634 11.54092320 40.77912013
v -29.48227921 14.91284737 18.57033522
v -106.74387125 -1.40037633 30.15690513
v -69.49133405 13.95980503 42.99789613
v -67.72219296 6.55692376 40.57730521
v -77.41177112 2.48429433 37.68025193
v -102.60727474 -2.18385000 38.39705379
v -15.43653522 -11.85818849 19.82462479
v -16.59177204 8.71021438 25.42868499
v -84.30075303 5.23839488 32.15436288
v -30.95682569 16.40888026 30.53393556
v -55.27530265 18.47536552 38.71711420
v -30.00029167 -5.87118560 31.11916582
v -79.68710741 3.48505435 34.91375120
v -10.01359265 -2.49941411 18.62471211
v -21.60007707 7.19449619 31.01682205
v -49.29316988 15.92901706 18.14109875
v -99.21060431 -0.15949544 46.24798070
v -45.24397897 11.51248817 36.19610916
v -53.74956548 19.53907452 25.73341482
v -44.44557361 11.06370005 10.24641293
v -50.60122285 16.46994078 19.90904646
v -79.24076652 8.19623282 30.59856442
v -39.17425124 14.44417855 33.77467214
v -40.68239354 4.33255542 34.64345954
v -14.00085184 0.24911690 24.04999134
v -50.19167949 15.39000106 17.14126472
v -14.58096457 4.25761254 24.37109019
v -76.90666846 2.84737277 36.65442483
v -72.67697552 4.46294169 32.87233755
v -91.99747031 13.77111642 26.49741808
v -83.39859894 8.07783778 29.52933138
v -39.09959542 11.08845722 34.81984871
v -77.53398538 3.16287962 35.52436120
v -79.42601622 1.77737667 40.54888312
v -79.62545743 17.32155086 35.23152615
v -100.60246132 7.45203659 45.46802327
v -74.51186127 8.07723732 29.59942317
v -104.03516367 18.50075287 39.32472080
v -76.01918849 13.86400907 28.17158703
v -38.82211116 5.53642367 35.32284142
v -43.27597023 12.70383037 10.61150143
v -66.79977640 20.63354617 32.19035665
v -108.91323181 2.91363676 29.70399533
v -54.44111404 19.83352895 37.82081123
v -52.77377333 11.75901399 16.67925071
v -58.19373440 13.51655101 40.59453250
v -13.27157978 9.28095435 13.99126058
v -73.09170152 18.50893846 36.23654786
v -42.52292391 19.41584035 29.15548255
v -46.96022716 10.14712769 11.11822907
v -44.50782840 15.76648751 17.19641369
v -97.33278737 11.70558285 45.80974251
v -100.84119046 0.27456790 45.50243235
v -42.44462291 15.54709093 15.05521111
v -48.41504834 5.05233835 14.80558089
v -89.24626484 0.99885999 49.01654021
v -42.80736288 15.47980114 34.43069434
v -60.56724357 7.86185624 25.60998744
v -33.22025280 18.42315925 28.67077549
v -23.17153749 6.34379580 32.27628147
v -38.90429231 -8.64094481 21.89564720
v -41.73855866 5.96963954 34.95177943
v -29.85766106 9.21421400 33.98177199
v -41.55055998 19.25519734 29.91464852
v -75.84648694 8.86427816 47.68767826
v -26.07249737 14.01986290 14.28719502
v -84.53371089 1.66997255 47.23501394
v -45.23419055 16.09421519 18.50268547
v -101.48970554 -4.06092437 29.24247684
v -71.47441860 4.16361705 39.93751162
v -66.01367473 4.85654553 34.52554401
v -86.41250479 2.70465720 38.36966996
v -83.59115786 13.91767428 45.73225562
v -52.57787520 5.09007749 25.10054487
v -85.21961423 15.08306953 44.86264452
v -25.05291904 -7.91955461 29.48560523
v -67.39250715 8.56379929 42.30060177
v -71.31433123 18.05302868 38.64314395
v -82.55894606 13.21046743 28.65732344
v -90.16045924 5.79805048 24.30956847
v -27.70848981 -16.24522810 23.89546953
v -99.24801024 16.63993983 30.20882238
v -105.26331216 11.72244419 40.66267690
v -25.21047892 -16.92622805 23.28638873
v -30.92509538 9.93275860 33.93826922
v -27.30642528 -3.49234794 32.86443866
v -88.00892280 8.27517341 50.41887087
v -96.30464808 11.05042515 46.56052852
v -96.13805350 0.37119200 42.93719940
v -34.23731691 -5.00491673 30.17519682
v -30.68114942 12.49604751 32.55509767
v -53.62997351 8.07683167 36.97414403
v -71.39674168 18.94449538 36.09522754
v -14.97199195 0.69540255 25.03293953
v -94.33229281 22.12828135 37.49445696
v -95.86912253 6.98099544 48.37847950
v -41.28547890 -6.03367771 18.48789489
v -21.88419807 1.09814651 14.70546426
v -12.72562496 4.51492618 21.12341090
v -104.84751061 -0.60218502 37.66617657
v -71.30080738 16.30868165 27.76336464
v -34.91160139 1.93883450 34.42066828
v -73.54503693 6.77353113 30.20901670
v -78.21155752 12.95833528 45.49858705
v -93.40216117 3.89659535 50.37355793
v -102.59929266 -3.87598400 32.93006691
v -33.76281061 18.65988316 23.83081772
v -41.55200801 -1.76824699 29.75897469
v -12.18908707 -7.58977010 21.21288630
v -106.98190856 22.15807946 35.01207050
v -92.13237523 10.09257075 24.86602851
v -86.08606802 19.30711743 36.86728638
v -59.28644968 10.96254932 21.59710514
v -89.52593991 15.07127428 45.12322788
v -31.77730235 -1.03606968 33.34438967
v -67.61721136 5.28727433 31.83714728
v -69.71324805 10.83861897 26.10023513
v -79.45633380 15.90908612 42.24932979
v -93.09069186 7.99131210 24.30399542
v -42.64202433 -2.24318858 16.95181002
v -13.73841491 4.32996946 14.77737737
v -92.88980652 3.19867155 30.95905876
v -12.35795811 2.15606160 16.59350969
v -52.89539397 10.80128851 17.42722014
v -56.09276994 11.67558225 18.92112086
v -105.75783167 15.47745872 39.13406255
v -86.41780575 15.38118902 29.66665946
v -94.21414292 16.82541400 28.74012888
v -76.72810692 3.23993385 35.40032223
v -27.72495341 10.96804557 12.03161550
v -58.71582145 12.54024967 20.42921011
v -81.83933069 10.74784877 48.96859097
v -27.04668939 8.98754682 33.24819065
v -93.68223085 21.30978694 35.16826239
v -76.69554343 9.45851813 29.32008894
v -60.62773647 10.80404578 22.38950611
v -61.74078579 5.67401586 35.19747259
v -25.32368203 -0.07066099 32.83993889
v -77.97651700 9.05650786 49.20570516
v -29.10453294 14.80138702 15.29191867
v -77.93624169 17.37795282 35.44000964
v -28.01619923 9.80673690 33.14786500
v -102.76630731 -1.81086724 39.83959806
v -108.06473112 5.22784438 37.53545317
v -79.77022195 11.30871140 28.37768576
v -103.95804590 7.66458578 29.13183003
v -86.23899144 5.62549495 52.04619613
v -60.34802240 21.59172994 29.71871252
v -87.92999949 14.22087794 45.87710171
v -65.99800358 16.08180371 41.12982154
v -33.83303012 12.67552553 33.31510654
v -74.38637270 12.51801505 27.19703080
v -36.35168265 10.94168292 34.70416385
v -32.43694208 -13.02075386 20.18187333
v -102.75849033 -3.70434106 28.29780593
v -12.38590883 4.92396523 19.17596667
v -93.55070918 3.04194545 31.78796352
v -19.71947804 10.64789914 28.03536644
v -18.24429541 11.29902186 12.80361522
v -54.21471194 17.84956237 38.82378891
v -39.78752211 16.07879605 16.42300287
v -58.72729341 12.14596131 20.52466730
v -30.20123915 17.00717590 29.56240223
v -89.59253928 4.67187243 27.10473375
v -89.00422357 4.83440072 33.07957213
v -51.08325436 4.50061617 23.38732316
v -18.44581860 12.34218309 15.08221208
v -79.68681746 5.95002765 49.90682045
v -14.46790293 7.26643144 12.79987471
v -24.67815214 -14.63288259 19.31763666
v -16.07716873 -5.83175782 16.71092102
v -63.20316714 20.22102628 36.93785301
v -109.72391944 12.17352123 35.66924479
v -50.33498133 20.60984617 29.69887374
v -84.64158940 9.31474115 50.32425872
v -60.34134390 15.80475813 22.35426750
v -34.40006416 7.84781494 35.55924880
v -107.17150491 -0.21733407 26.99792784
v -84.10036438 8.55300314 50.84671054
v -66.08870106 6.21854256 29.69818146
v -47.71532030 17.25910032 23.00874674
v -93.47744074 20.50494375 41.51592499
v -17.10151925 -8.93779349 17.34868294
v -59.94880580 14.81115491 21.62768794
v -93.77948942 1.01900946 25.24133724
v -91.01804285 7.46956535 50.03566275
v -72.48834954 4.59711918 42.03535353
v -76.83909550 2.75717320 43.81636324
v -108.71933243 13.89202560 36.86893921
v -48.53188299 2.22319600 27.38284337
v -40.33447348 16.43812668 18.36603807
v -28.70520541 -6.84996680 16.22461359
v -85.34662420 7.42613424 28.69105881
v -73.71873206 9.42786973 46.39102588
v -49.62494231 15.58559688 17.33235133
v -50.54451267 12.32062520 14.92747629
v -100.48390775 -2.74205848 33.19535335
v -49.91780798 13.09416527 14.92931277
v -47.85492243 2.86193309 17.56690423
v -102.05572097 23.56748227 37.57849714
v -35.19467327 0.90217118 33.81402427
v -47.52004186 20.53281973 31.64895716
v -48.72907828 6.03098128 14.14091336
v -40.94849934 15.90694100 33.65085436
v -57.65962373 21.01783119 27.47402974
v -41.17855445 0.93110174 32.63868377
v -42.42277834 3.28270906 33.90727663
v -72.74872610 3.48299902 39.18568974
v -92.01406603 15.48613270 44.67236151
v -27.02730122 -16.36317326 24.40227385
v -31.67891428 11.42060282 11.12148305
v -71.77669078 8.37438555 44.98673978
v -18.89335038 -4.55281595 26.31257512
v -88.71361821 0.49586199 45.84551825
v -14.33523361 -10.51933061 19.62179810
v -34.25980190 18.10495544 29.92492859
v -110.53944194 12.92715541 34.36491695
v -109.47682080 14.97702363 35.88439367
v -102.67073714 1.32417920 42.93910992
v -78.96690245 11.13324749 47.71479928
v -55.47133099 7.10741910 24.09075272
v -45.98183160 3.18876934 14.52235065
v -46.82236042 17.82899533 24.22606504
v -26.02847566 -13.90573552 26.20575174
v -92.69301109 10.30674570 48.25407565
v -46.22908963 16.68731544 35.67853388
v -32.16206451 18.31721331 23.98610220
v -28.00504407 -1.00027894 33.82552228
v -11.38652337 -5.72593431 18.95638812
v -64.48569087 12.95927362 23.32251817
v -86.30534013 12.63972838 47.41852399
v -90.01728485 3.35451050 51.38815876
v -100.43729665 -1.26363231 38.92704394
v -44.47543463 8.26480725 35.28071032
v -39.18107526 1.63285064 33.63368628
v -58.58064147 15.10103708 21.08280591
v -56.86270643 5.74775200 28.95589008
v -36.34507755 16.24776037 18.51352881
v -82.90709579 8.82224831 29.18515733
v -110.32570051 16.11750391 34.57671086
v -100.07086053 21.06605988 40.11962351
v -61.85640607 15.17231819 40.98192176
v -52.17673529 21.32455503 30.26260305
v -102.67463983 -1.50646380 40.93518927
v -9.45322765 -2.11673946 19.06849013
v -12.74373126 6.13817451 15.68445717
v -103.01917481 -3.04682638 26.13025859
v -39.69161805 7.36301701 10.89128497
v -10.80539683 1.67412266 17.91857928
v -12.59197008 1.73620264 22.82716728
v -40.97961458 15.79195124 15.19886612
v -53.71258404 21.72257751 31.77372719
v -21.23508807 13.42484904 21.76821333
v -105.11903871 13.97482797 40.11229388
v -106.33569887 17.01092058 38.20019465
v -31.93238124 -13.29592428 23.53131752
v -100.28145106 23.28038779 38.17931686
v -87.76779484 12.92873468 47.12660805
v -62.90003585 21.48800613 32.70711000
v -55.36022800 8.67453666 37.98476130
v -58.44514932 10.79351473 21.26062450
v -91.58506274 2.88671300 27.05304461
v -105.37608236 -1.55451859 25.08714663
v -28.30469178 15.29302563 30.29869537
v -35.93592336 16.98674895 31.85065126
v -96.99369031 19.52198140 41.88648792
v -88.75263859 17.50707356 31.06482087
v -88.86584210 0.87910218 44.82941368
v -48.23400438 20.40352707 33.99945990
v -101.07419112 14.99196542 42.44168990
v -88.33797116 5.25714587 29.15313607
v -53.59282938 18.92134801 38.13664567
v -77.71429965 14.04863506 29.03291232
v -66.68166405 14.81292514 42.06704453
v -63.54917414 15.37139176 41.17333579
v -73.90059545 6.29429394 45.28710180
v -32.61080628 17.42488218 21.45283052
v -59.80674275 21.13803261 27.00763416
v -57.19440798 18.13372792 22.86757752
v -93.39471227 12.58929953 46.61107972
v -32.90840715 -3.56317809 31.58534141
v -50.72487658 8.10407713 17.28364671
v -70.90716231 11.36650287 26.28595450
v -69.85403914 4.03801375 35.23444081
v -48.31895727 3.77163134 17.10544526
v -90.78092247 5.25670541 23.99297628
v -36.75185694 -0.85951034 32.38406326
v -88.00483589 8.33907610 25.06055121
v -107.34506823 15.98511167 32.21277534
v -89.33802560 20.41008826 39.15544568
v -45.21300781 19.72449359 31.46125668
v -48.32055268 3.72036040 31.85500898
v -106.49886791 5.30883136 39.77548408
v -87.35844897 9.64175991 25.13249446
v -95.45533218 16.24041876 28.74443970
v -40.28401218 1.12307779 33.07350571
v -69.69229589 19.76753010 33.60407448
v -109.63383362 17.97076756 34.24158396
v -103.37635704 -2.28534772 24.01696959
v -91.09833620 19.04775140 31.96663199
v -32.92218294 18.71282914 26.62889104
v -76.58037120 17.31716723 39.00543061
v -88.88366375 1.81672152 42.67568291
v -28.84729032 16.58809738 29.47909952
v -67.41363949 13.51074873 24.32891325
v -68.28903486 14.37274105 24.88697870
v -61.29088738 21.60691144 33.41990425
v -41.86719973 4.17091788 12.34672372
v -21.97921011 -8.34605955 26.61487979
v -21.90470032 11.92975643 12.70781271
v -49.60164229 4.03383270 31.71366092
v -81.14953521 16.22022289 32.42864713
v -54.01622995 17.26649604 21.03652158
v -55.17240861 16.32124913 20.12271812
v -55.95514300 5.50734592 30.37418101
v -33.49894183 15.50093034 10.83096693
v -36.25118718 7.90615309 35.65697674
v -67.29980622 4.77256634 33.50682115
v -29.82221641 13.37653673 11.23267852
v -33.19575588 18.74154290 24.77321267
v -51.42503287 21.64326352 34.95164544
v -94.09087424 1.01896089 43.02223828
v -91.68471848 12.45965151 25.75497565
v -96.94488868 10.03840289 26.81544441
v -88.35471507 5.61503833 27.44926764
v -102.26744284 11.65036764 29.67406357
v -75.79647319 5.92329425 31.77620914
v -58.69155036 21.79800956 32.55434964
v -90.70711008 4.29672548 51.49380531
v -106.48215688 2.13061527 27.68912442
v -24.13935767 -9.80982035 16.80739909
v -44.68751942 14.48902490 35.63995305
v -42.69812043 8.84648351 10.28874442
v -32.23955576 11.84025823 33.34607181
v -76.95060014 8.80004353 48.55947521
v -48.41533740 18.31421758 36.17665424
v -37.23771508 19.10388400 28.41323189
v -84.83540559 9.28584252 27.28779437
v -69.34618476 13.53411951 25.16002442
v -44.02442473 13.06809574 11.15664504
v -94.32278250 13.02101095 26.89736609
v -99.09400494 -0.72137139 42.52374486
v -54.28017841 13.70919077 17.24561703
v -14.03949808 5.41306515 22.71921509
v -94.68403228 -0.11068479 45.68111780
v -67.59880273 20.10001469 35.42090946
v -41.50099423 17.04697261 20.02469476
v -103.44048383 14.47391520 41.14928280
v -98.37473999 22.62526541 35.11680540
v -100.79278245 -3.70613220 31.37433805
v -104.56562758 8.12141296 42.10023527
v -69.57757432 13.25019466 43.45942647
v -14.50241357 9.52938357 12.63079701
v -58.21255714 21.66629602 31.29136963
v -108.80460614 5.27303265 36.23552572
v -86.62608871 10.68172618 25.45254074
v -95.50775179 1.77087791 40.50346425
v -86.65899599 19.03395737 35.50507682
v -35.10203960 -1.92323319 32.06828747
v -23.20942890 -5.44123801 29.08144873
v -25.71896803 14.93090000 21.12384557
v -102.08903993 -2.44951523 36.74556510
v -64.57055886 10.89101758 23.99646528
v -39.74189481 12.81740273 34.36563299
v -110.58544884 11.87237365 33.20115742
v -82.48207521 11.60919134 48.18397044
v -95.62264301 1.68843499 32.44798786
v -61.89863766 5.94719075 35.99798697
v -108.57664544 8.66142509 37.59855512
v -87.27561390 10.58995800 49.19671314
v -87.98299497 17.57164769 31.81658765
v -70.87485838 13.90325707 25.94461332
v -61.27817575 19.66750670 24.90982723
v -101.26154473 2.01994637 45.12310117
v -107.77622955 0.32025972 27.65019621
v -103.91946759 13.69020656 41.07341700
v -60.32985443 18.89367936 38.49671298
v -51.38728628 15.19307204 17.22012813
v -28.45154022 -2.19457180 33.31097357
v -70.59165842 5.72183890 41.76519235
v -33.83710996 8.23246453 35.39491036
v -95.37675838 21.91681491 40.06458313
v -26.52921761 -16.53473422 21.66498848
v -40.15576343 -6.90322833 24.49566980
v -49.68585386 12.23764133 38.11706269
v -50.11476390 6.75646170 17.12719327
v -42.42592976 4.52204291 34.38284427
v -97.73153777 -1.06684917 31.38833291
v -72.64918018 18.63618167 33.28124776
v -107.32917220 2.36172711 36.81054087
v -58.75587568 9.66309884 22.47601616
v -97.71170017 15.89169676 29.36558290
v -41.99216377 -4.11255305 17.62247939
v -18.57857660 -14.66463662 22.88843048
v -92.86030904 2.94383716 23.86810786
v -33.96912789 -1.49468438 14.95338703
v -21.10313915 -1.86649443 15.15407618
v -12.56492536 5.07471177 16.31862374
v -54.01511263 5.13068231 31.68968911
v -29.57947989 11.74040923 11.57942427
v -91.23888953 3.76255927 37.88245169
v -35.49363503 -6.10864113 16.57115954
v -75.35630377 8.35583493 47.33955049
v -46.13395431 -0.15907633 18.39688659
v -39.83638872 18.16757178 32.10138622
v -72.25143067 11.83687854 26.61325074
v -24.51159508 15.26901923 23.77230020
v -59.35463932 20.49044750 36.92647894
v -68.81730428 8.38852470 42.98149244
v -38.69654817 4.24448796 12.37886532
v -88.38173841 9.61216328 49.63593551
v -43.23011301 17.64513725 21.47789466
v -64.25115645 9.39663535 25.06166272
v -14.52966501 5.03434638 23.93024792
v -47.59057067 1.24163222 26.51965331
v -12.53140690 5.54153350 18.47837052
v -84.76213889 18.97499761 37.19928472
v -23.85359734 6.79578582 32.64981790
v -86.91950111 18.11461219 33.49234524
v -97.89464873 1.12721360 24.19272150
v -15.93119021 6.52712538 12.53305001
v -29.95540953 -13.68423274 25.09256929
v -15.03185788 -0.11884955 24.78346952
v -87.70048921 6.44149166 26.97596831
v -18.22829781 -3.78905308 26.02928538
v -34.02276830 -11.52321434 19.42719015
v -20.72664734 13.02145235 20.18967132
v -16.44781016 10.84288760 12.93419787
v -19.13092734 -14.15922562 20.10681162
v -42.09146582 -0.44954081 15.49240771
v -38.86253859 18.58281493 22.65727788
v -29.12939561 2.04887974 34.89475490
v -13.35153219 5.99397651 20.76666106
v -94.96209287 22.05607753 39.70983656
v -45.04663914 12.20796364 36.11030514
v -86.40185448 4.83899298 32.61190728
v -35.02636949 -11.04461073 23.35181446
v -13.98583444 8.90806902 12.95661447
v -105.45663803 0.15610561 37.44591773
v -90.87774612 4.73466213 51.26081529
v -62.67044852 8.09475210 39.52662706
v -24.34217440 -0.94634395 32.01179254
v -37.36323129 -8.55463756 18.43956316
v -93.46639687 0.01115997 47.66182865
v -97.99236052 3.26443635 48.37028224
v -90.60353744 12.31333065 25.37848527
v -70.61515839 15.96033741 26.95990883
v -107.09883126 0.91547249 35.71160386
v -31.29016322 8.89807471 12.03697658
v -109.52610435 18.18867633 35.11181485
v -35.10001482 -1.34082020 32.49492765
v -74.85672488 2.89314250 41.00694364
v -43.26020166 -4.18762773 18.63932761
v -74.98417614 13.85776713 27.77560536
v -100.27373146 -1.15448548 41.62420116
v -71.49473741 8.89123720 45.05113837
v -46.59934876 1.38590268 17.34064940
v -82.49546589 11.83413922 27.56695902
v -9.93301688 -3.61231898 19.74816280
v -20.62975003 13.31259410 21.87076756
v -12.43216259 3.11639801 22.08109023
v -53.82773741 20.50168772 37.23099594
v -87.76947443 11.86442381 48.14489548
v -32.50632479 9.82208456 34.45566908
v -10.39076163 -0.08943952 21.31693455
v -31.44499095 16.09421193 13.88782575
v -20.58439391 -10.64493180 25.24523385
v -16.17751966 4.66286447 13.56869656
v -47.78356712 6.27362389 13.13020996
v -75.99581269 11.26618579 46.59363807
v -44.58211151 19.45754179 31.94067198
v -43.22687642 19.46886384 29.20030108
v -102.92104587 15.09376914 41.28875641
v -96.78241660 20.60450089 41.22035315
v -9.22331456 -0.59683124 20.01412505
v -101.15598284 23.20975121 35.40678725
v -23.56481043 -7.28773916 28.46439216
v -18.87135289 -6.77431443 25.59276085
v -68.15398585 9.98799539 43.46318895
v -21.67767779 13.05913849 15.81278349
v -85.57141494 13.78247818 46.16603116
v -107.33128596 8.48289362 39.13875101
v -96.81495756 -1.57967448 26.85153744
v -29.38963017 8.16705409 12.52398697
v -90.00194035 11.16950308 48.43244153
v -56.26529798 5.97693419 27.25828872
v -109.39911700 19.08502393 34.74060656
v -20.28709239 -15.22729937 21.17074855
v -38.06940422 19.39436205 27.23380680
v -85.95643248 5.06359596 32.06454383
v -83.90908298 3.68286566 34.64854075
v -75.11704934 9.54983701 47.10615265
v -78.27887656 10.43021731 28.94104342
v -70.41674887 12.46802311 25.73584352
v -11.06037155 -0.59486174 17.46602060
v -46.90180814 0.91058199 27.25409996
v -48.38269955 20.75136559 32.84364328
v -37.98643603 -2.98546451 30.41114762
v -25.04119857 -6.35813677 30.55929031
v -98.95736449 -0.73042034 43.59026974
v -87.25933657 19.79376562 39.33497220
v -13.87517441 6.46732778 13.66757205
v -46.37543190 10.18968177 10.82013500
v -58.63080692 20.07404036 37.58712717
v -41.07495418 -3.26414821 16.66623374
v -16.35466904 -13.08062778 22.80023560
v -70.86197194 15.71102620 41.41123322
v -61.70746368 9.00044169 24.63899891
v -34.96220494 -9.27182031 25.69593901
v -56.40466361 15.92063065 20.44368587
v -35.21301945 -3.53818104 31.00374088
v -90.07773051 4.17244141 51.75568310
v -95.13332060 19.68861709 31.25264251
v -103.55172920 3.95059607 27.47472945
v -42.18688777 -4.22426353 26.50297032
v -50.71045107 21.72201358 33.80726014
v -31.96452101 -4.06676933 15.62287901
v -17.50130009 4.28941554 13.63427456
v -110.65718961 11.26686255 33.91899470
v -97.81340989 22.43168206 39.45163380
v -14.48134504 10.88937062 19.40378119
v -55.54100763 21.57585795 35.93018833
v -23.51497169 9.37764338 12.14768845
v -40.41545161 9.37094085 35.26279213
v -65.51541899 5.10627384 32.93663426
v -99.45809690 21.37112836 40.13669702
v -15.23609811 9.35719670 12.16712815
v -24.76439742 6.33662234 12.60424870
v -74.89621209 2.90042096 38.41572141
v -92.93630181 16.16126151 44.14380051
v -78.42561054 13.44684325 44.92773890
v -42.24400265 9.82625159 10.14268631
v -55.63416012 16.59166083 20.64895552
v -26.86760652 8.30731047 12.49022844
v -56.58962937 6.74291305 35.54001627
v -104.71113999 18.15733148 38.98264342
v -87.89041363 6.83185510 26.30134099
v -68.65641128 18.80096163 28.33335855
v -63.95772126 6.67471993 28.42639556
v -81.40292012 3.22659495 35.35667997
v -13.32555020 10.59324107 15.05652227
v -25.74578129 14.22828977 29.48960863
v -78.35483470 5.86011987 49.09743122
v -97.05591097 22.63977718 38.84894975
v -87.89319999 15.00424627 28.12991005
v -99.19237274 -1.57855359 33.07688471
v -51.12532371 18.43442351 25.89433129
v -51.62686424 13.88947683 39.05969472
v -37.90400660 1.39960607 33.64197281
v -106.42602492 4.61480519 39.56312790
v -63.95241009 20.98414272 34.91240077
v -21.82841171 -0.37360586 30.11851167
v -100.78964323 23.36335571 35.92782076
v -88.00095159 7.35960842 50.88225136
v -90.84578748 10.05566672 24.41257556
v -73.88518638 7.53519644 46.02438213
v -59.72193595 8.94337154 39.28121714
v -39.36910610 -8.10756073 23.17885005
v -52.86008620 14.37896214 17.02340808
v -101.77470924 -2.49407100 24.18222552
v -50.02369315 3.75804730 30.27954986
v -87.66361171 2.30777207 50.54818333
v -42.85004819 3.20255102 13.04683287
v -81.65507859 1.68171744 38.64987376
v -62.30318996 5.42841160 32.58391332
v -37.10384450 -7.73954997 17.68912624
v -33.13923181 18.55210681 28.07574139
v -104.15850093 -3.65921606 30.66041082
v -27.34467883 13.64448842 12.08036416
v -44.06971190 18.08680023 22.91052051
v -73.36497818 7.31126268 45.48309269
v -72.90338043 14.58888906 27.28293965
v -63.93641066 16.67229183 40.41891590
v -38.02009985 10.58925792 10.21041328
v -108.98438327 7.52387662 31.35393412
v -108.34236000 1.83167247 28.66402597
v -82.47329643 2.40883135 36.80828333
v -11.76397489 3.50357801 20.47408293
v -14.36300819 5.57505654 23.28077414
v -93.21216130 21.70454098 37.96635842
v -25.64263064 5.80677653 33.83737228
v -39.53705346 19.23501376 28.67259626
v -110.91474556 15.25483193 33.70310677
v -54.30153818 21.75451808 32.31852426
v -88.00152599 13.05473775 25.80339866
v -34.95920646 18.33035006 29.83868523
v -104.77372949 5.24309183 41.63462103
v -9.15088910 -1.24827005 19.66676244
v -90.03971686 4.23078870 27.85037281
v -55.43245026 12.83827263 17.89090873
v -71.78636401 16.99396180 28.85553300
v -76.10561026 10.15371359 47.40331430
v -22.40796849 8.52288915 31.39800806
v -19.01029184 11.10736357 26.97283128
v -25.96117844 10.67782597 12.18158505
v -73.06185737 3.89453427 41.28214699
v -54.96630138 15.97623709 19.64677246
v -87.80833070 3.54009278 37.37011130
v -54.11210065 14.51659738 17.66314086
v -51.53455283 16.27516657 38.61715641
v -58.25060089 17.08034365 22.35049064
v -27.89802701 -16.39328661 22.66821497
v -12.49827032 4.83560244 19.97298273
v -17.65365941 -13.62373036 20.17422911
v -98.24898762 23.01526697 37.97735698
v -73.10298150 10.82222662 27.35567389
v -31.95521124 18.42484704 27.35929167
v -61.04237675 19.08803912 24.54902032
v -69.30624026 11.64899399 43.91595997
v -29.88542267 -4.16288717 32.03978114
v -57.41010269 16.76290458 21.66048165
v -30.93193138 18.25476597 26.43621225
v -34.45109628 10.10383095 34.81652234
v -83.98768327 13.34433376 28.55548473
v -59.50442004 6.24010817 35.42846220
v -40.77777427 -7.14574409 21.45125402
v -25.37391128 -5.87810868 31.15667137
v -35.98922730 2.61479575 34.65445881
v -31.82476262 18.50481094 26.52172142
v -70.43052824 16.11739507 41.01983626
v -105.96000076 14.48394075 39.31703780
v -107.98358935 0.17090723 30.15684256
v -49.79970519 9.88387922 13.81847038
v -48.02998140 14.26240766 37.53720235
v -40.75845687 17.49802013 32.80325699
v -47.70996328 3.59267826 16.00195390
v -99.38660824 -0.64200867 40.92343707
v -97.86110643 6.25754720 25.87729673
v -68.91023612 4.35434060 34.22385617
v -85.56716579 19.14914249 40.03648451
v -71.83060884 8.54017238 28.26551193
v -52.41391788 13.50228643 16.29989664
v -81.90129584 11.86006295 27.77538101
v -12.03108670 -7.97857519 20.63766764
v -56.99453532 15.41935939 40.12842245
v -28.77868705 -5.13678586 15.83209838
v -30.23611338 14.91417873 16.31706431
v -89.65495999 4.63334932 29.72822533
v -37.03620098 15.84539102 11.64170700
v -79.52952473 17.53977798 36.69721179
v -15.68198984 2.60862912 26.09323943
v -9.62530564 0.63299678 20.17004057
v -44.13125300 3.18326192 13.40631208
v -90.76040419 4.76096087 24.44020126
v -109.96386818 5.09272458 32.45938183
v -30.86425296 18.20091459 24.86267112
v -40.45010054 0.39693288 32.41841967
v -103.79011522 -2.55568830 24.68041300
v -41.96630692 18.97615447 31.35910398
v -60.34410313 13.30376049 41.05458377
v -76.80529658 10.79930124 28.52451327
v -71.15935697 10.87858155 26.59719757
v -15.41246888 6.80690106 24.44552678
v -38.97706213 -7.99606893 24.03023191
v -10.35205133 0.25092405 17.85021144
v -82.42961143 4.31915513 50.57912181
v -91.87682376 3.87950673 31.14444271
v -103.22030102 -4.08484489 32.13554315
v -104.46701361 18.27021072 32.54563902
v -41.34005251 -0.47712208 15.21902048
v -56.21373183 8.11806512 22.90008815
v -43.13214370 -3.17702531 17.88419629
v -91.01549333 16.85478245 43.74698231
v -23.89432075 11.39605564 30.60325019
v -13.37571981 1.62855716 23.54245162
v -110.57398698 12.80620150 33.06980223
v -104.63145197 1.53782569 39.97360932
v -14.14897360 -8.30780667 22.38439472
v -86.45094180 9.56371782 25.79599849
v -88.20922901 9.43612218 24.61841097
v -85.03348105 4.68881334 51.60467110
v -64.93700686 5.63812954 31.01632416
v -103.90929843 1.05522183 40.73567399
v -85.84495558 3.66685330 35.37213404
v -52.03108384 19.80857081 27.48808051
v -65.27510314 5.14518337 35.86859365
v -11.15145918 2.55950275 20.96139930
v -23.99856747 13.11087879 13.10018720
v -39.42685774 -0.34139254 32.08612329
v -52.91680677 10.57357778 38.66959850
v -96.34893121 14.12519845 44.84224690
v -44.78009852 -1.20754141 27.14839092
v -34.56516460 17.60239557 21.30067474
v -63.52774122 21.19842924 34.24801474
v -33.67750826 14.00810776 10.51424798
v -24.39242563 -16.76196389 23.45767678
v -97.52031213 -0.49433193 45.18850942
v -88.60461014 5.24461008 28.19557650
v -82.86454385 13.61940039 29.06713268
v -105.91840245 6.75855437 40.78955381
v -17.99354045 12.16130249 16.17285300
v -46.05233508 0.10119690 27.28409393
v -38.63562833 16.89533456 19.42927730
v -105.77639844 11.25461800 40.34988478
v -78.29603825 17.26931662 34.95149281
v -89.00160055 18.30795070 32.31388322
v -31.38961495 2.77341624 35.11181420
v -35.30421830 11.30573827 10.40979614
v -20.60182962 11.58047076 12.65780014
v -88.63136716 14.24105200 26.78268591
v -88.65841213 11.34655177 24.53993727
v -41.01085235 13.78949645 34.37350635
v -19.35484787 -1.74219740 27.76771515
v -27.98212697 11.88314542 11.86116188
v -77.01147013 4.95712432 47.50986660
v -78.87480854 10.88017149 28.67985525
v -40.29442562 14.54597409 11.19219775
v -45.53806493 19.03979148 33.43292003
v -57.88995983 12.13118967 19.86273317
v -49.91216764 18.79804646 27.04254513
v -15.44521730 -12.47644350 20.61618484
v -47.89702887 7.28567573 35.11644466
v -91.46615374 0.42574270 45.20159293
v -17.80942690 12.13913448 18.66431328
v -11.01807282 -5.33748667 19.15982527
v -48.76092964 2.84267513 29.02803477
v -35.57646705 -8.90473438 18.13159334
v -14.16047311 6.32366454 13.45082394
v -106.13822389 -1.72947049 28.48517582
v -102.12217248 -1.41228604 41.73005822
v -21.69175925 -2.26717863 29.21726725
v -44.48123361 16.32192204 34.86455773
v -43.04529949 4.28065055 12.37836268
v -91.01235881 6.16764863 50.54583535
v -45.02318079 15.65491582 35.48093629
v -98.65678113 -2.80164265 29.85664191
v -56.12953020 19.15169131 23.99570029
v -92.25778593 3.68089822 37.75657364
v -15.70190611 -10.43726286 23.11022435
v -50.24320893 20.88227471 35.49250924
v -26.83345501 -7.14382394 31.19086229
v -50.96005527 3.74647262 27.20588569
v -79.96128835 17.37030980 39.92059472
v -68.01152813 6.31470415 29.69548061
v -33.26190451 4.27395969 35.51465296
v -94.30816545 3.66121105 50.00954764
v -56.02528932 14.58638026 19.00066578
v -64.85840317 13.96288111 23.54726020
v -101.06326528 12.53095596 43.36711448
v -32.21431248 15.69839842 18.81973760
v -101.77538456 15.35886831 30.55436915
v -62.26861460 6.54792346 28.29074615
v -77.23556942 4.66762750 33.39396129
v -47.57417211 12.06835420 37.20382616
v -70.56099210 4.16616323 39.04913055
v -79.75742093 13.70992892 29.16914597
v -47.88037736 9.68335747 36.64104482
v -14.85260161 3.56581666 24.99156131
v -30.33968621 16.24774533 20.29052694
v -27.14139706 -15.87031973 25.02133767
v -84.58653336 15.90865177 31.27794415
v -91.48155086 6.47382399 23.43803129
v -27.55313780 14.10331928 17.66252901
v -110.35926241 7.26865317 32.51916109
v -71.27470735 15.92551876 27.37879000
v -105.11987965 22.21320721 37.29893431
v -104.56400586 16.06283978 39.84143213
v -57.47475249 11.01462206 20.41473134
v -98.74599395 2.47554969 48.09196732
v -47.81254613 19.39314687 28.52564588
v -28.43610609 -8.35372423 16.64216094
v -58.84831914 19.86381181 24.92325993
v -19.44143263 12.55402680 14.60838041
v -61.68558183 9.33253534 40.27274896
v -70.94469371 15.34142028 26.65837640
v -92.72441364 14.88991025 27.24934855
v -41.29986353 -5.02894538 26.23194988
v -83.97398451 1.74499226 38.88956362
v -106.06594983 22.85587969 35.85880492
v -55.22683425 9.54655716 38.74818413
v -36.03465152 -8.19800604 26.27930629
v -26.75672076 -16.72257200 23.66849533
v -62.88875960 21.50286992 31.16531690
v -88.17960227 0.88852235 44.97099249
v -92.25398829 19.77971623 32.46394811
v -15.88831687 3.59186371 26.41237974
v -28.44975092 -6.67524583 31.23573936
v -46.62049896 12.38734235 11.72983913
v -82.19146106 10.03678930 28.54806623
v -60.55593631 21.30218474 28.02139386
v -108.45088722 11.84736176 31.91068711
v -61.09282650 11.93602472 21.90469685
v -97.81451433 0.76981480 39.55517386
v -93.13088828 13.26327421 46.23463358
v -74.82078168 3.73469828 34.26704482
v -19.64024511 4.29897101 29.68932885
v -29.70160202 15.18855823 19.02926150
v -56.67318350 9.76579957 39.24666933
v -45.65019417 0.41854410 28.35856725
v -86.63023823 18.68301291 34.73782761
v -59.66840845 17.94495517 23.60892177
v -105.31003429 11.01811658 30.63005159
v -47.71493569 18.04923836 25.32477701
v -99.93136964 -1.47593279 34.79431131
v -19.77081985 1.14558265 29.34846602
v -27.27816386 14.50472684 13.75809203
v -81.62624898 3.87027758 34.41240690
v -110.43253628 7.17602680 33.60679276
v -88.80477419 4.89693866 52.28703467
v -52.49966638 16.74055813 20.28651279
v -38.72242752 -3.58978406 16.02876124
v -61.21404738 18.31968240 38.94814347
v -74.15680133 18.34848818 35.03337015
v -28.80670987 7.46888450 12.68419513
v -41.44501350 0.87923452 14.30741783
v -92.44457200 2.61624283 24.63304925
v -80.48306546 7.68967423 30.87952627
v -54.48102288 5.26861906 27.63466532
v -36.64755313 -10.32997102 22.54280266
v -85.65233010 8.75432773 26.97108697
v -9.43123216 -2.44079744 19.82982313
v -21.80922516 -12.99482175 24.93962866
v -106.00686653 -1.81073685 33.59441917
v -16.87343228 -12.94983181 19.85630064
v -12.98335624 8.47191334 14.95080675
v -89.34506837 9.72848264 24.14675896
v -63.56623193 13.60323649 41.83696581
v -104.07499187 5.91941415 42.46458723
v -20.30041523 -15.21187683 23.18101343
v -54.48573271 20.93271228 36.89008701
v -109.43368783 12.78873682 32.39739084
v -23.25970713 13.39840997 19.78953360
v -54.58520853 5.11509464 30.46273203
v -16.82735478 1.63484494 27.08827769
v -109.77455013 4.54120838 33.14405463
v -51.25024065 6.14602432 20.61238781
v -77.69904523 11.16711796 47.28189941
v -94.32638311 21.99963804 39.37434630
v -37.68797679 -0.88597445 32.12553845
v -95.08522110 18.79852977 42.56620793
v -104.29039619 20.33996525 38.51753435
v -107.66500179 5.05995607 29.71891183
v -25.48003046 -11.10085308 27.63547533
v -45.86898403 11.33856193 10.54197266
v -106.41141750 -1.70516799 31.09380174
v -88.07845240 4.82875297 33.18657907
v -59.00463405 17.74254082 23.16705095
v -35.60612134 5.74169604 12.20372485
v -12.82808183 -3.24331727 17.22609749
v -107.65194932 -0.18164469 31.01042658
v -13.16844012 9.61643606 16.95958772
v -87.40052956 9.77899720 49.69630402
v -42.39689000 1.88636092 13.88159523
v -90.66438888 4.41816879 31.07097998
v -68.00848299 9.12620778 26.53412115
v -107.40574996 -0.41486581 32.28139597
v -72.08656043 18.89908808 34.55944506
v -95.71642765 -0.53789524 27.83619394
v -37.63800715 -1.95388049 31.32539967
v -46.88249897 0.01844775 20.28390355
v -32.23206102 -12.77914956 24.01600552
v -102.72856654 21.02895348 39.03611992
v -103.25990432 2.71652174 26.78527251
v -103.00092150 7.52226973 43.52004293
v -24.29503942 -3.32652173 31.36780488
v -52.92083512 20.07479233 27.47329839
v -96.10513287 17.97624178 29.98465353
v -9.69355003 -2.32043092 18.87603197
v -107.82223066 2.06193349 35.71300367
v -65.03650494 9.94393989 24.83208651
v -41.85180196 13.11186436 34.75141072
v -76.41357983 3.04581021 36.06338781
v -104.26314407 22.75173004 37.52280416
v -66.34935585 4.84481106 34.18022319
v -51.57183236 16.02540986 18.45785455
v -19.40323792 -3.17318877 27.16594935
v -45.95995136 13.44609272 12.79485460
v -39.43777598 -5.51641158 27.01393106
v -107.73352844 14.80293811 37.65294793
v -54.04970506 21.02595316 29.11709718
v -75.88810392 6.75879158 47.50096959
v -55.13787613 11.26719807 18.65473335
v -90.80048919 8.58454906 23.70257876
v -79.87669354 2.28058523 37.08574760
v -86.30514894 14.64921304 45.39380515
v -105.39461072 19.01260601 38.20807056
v -61.99220070 21.53003684 29.03108784
v -50.70849533 11.44033907 14.94742838
v -96.12059945 18.73845522 42.47268657
v -86.21834767 13.60150551 46.42018114
v -85.56169665 1.24503216 43.27847368
v -83.85039419 9.29539589 28.13671116
v -65.17891006 10.52742792 24.45772351
v -13.55421141 2.00506886 15.74293380
v -48.76095636 5.16573471 33.56500043
v -16.63654471 11.36364412 13.71373436
v -27.80915337 11.12318614 32.39497573
v -97.10303299 4.16470842 24.81706803
v -93.86441453 0.68263621 43.84027903
v -86.86997792 13.62726669 27.27458888
v -58.77436977 17.02256469 39.75555717
v -20.49429047 -11.93916510 17.95395061
v -86.59718937 3.67077605 36.02603812
v -103.49005832 -1.69459810 24.27770921
v -57.71104393 6.21170682 27.64968134
v -99.91329422 -3.64028774 28.54793177
v -50.03005508 21.18075154 31.10045844
v -23.83327144 13.31408735 16.99274755
v -53.29410139 13.09029732 39.51505701
v -74.51377409 8.23782001 46.73595825
v -25.69331169 -3.41623316 32.48013948
v -55.53879247 19.06175471 23.77199496
v -15.64071546 -12.25370213 22.63749087
v -56.16049771 5.51581421 29.78855536
v -45.65777194 19.46687764 28.84657172
v -95.69452200 15.79864906 28.55808264
v -26.13891742 10.11683238 32.38641759
v -72.48371378 9.13636560 45.69985555
v -92.67615370 21.26656111 36.36651973
v -84.20382046 11.82172591 26.88751998
v -48.86052829 20.46967192 34.75032303
v -108.87864561 18.71490769 34.19264360
v -62.08919421 5.44499230 33.70275599
v -110.15883182 5.85289324 32.50007639
v -50.55239625 5.13506613 33.20965066
v -93.83933830 5.90919356 49.64802884
v -76.88455301 3.46203726 34.95845033
v -110.24927802 8.92859394 35.07026290
v -90.75165699 3.53859576 38.78358560
v -27.97199710 1.14772691 14.47838056
v -56.93631026 19.65356638 24.83304811
v -38.29930789 16.64473978 18.91123942
v -79.51431849 17.46166792 39.21912473
v -93.52852781 9.41347494 48.39504019
v -50.33102323 17.76684907 37.53497192
v -36.00476913 16.87119803 19.81302300
v -49.66032571 2.86187790 24.99517565
v -40.79907520 12.56519943 10.16029535
v -27.35797171 -6.36235185 31.58949001
v -15.03795918 3.26823310 25.30969795
v -89.75542639 13.89112241 26.18683991
v -82.18355809 15.72357349 43.42523238
v -57.18487899 8.98421360 22.35814450
v -101.70746031 -0.55540434 43.70107985
v -69.52283208 19.49145530 35.82687733
v -76.45806547 2.34710084 40.61432575
v -74.00441534 10.62558645 46.14394215
v -19.85579290 9.07601259 11.99304524
v -31.22825201 15.42144639 18.86085269
v -39.75850852 19.03777008 30.21082354
v -100.98968457 5.31309857 45.42832111
v -109.89557398 17.13754647 33.92915093
v -29.75236731 -14.89569915 20.91007465
v -76.92790496 5.74395694 48.07650346
v -101.40701884 -0.80872554 43.55083698
v -53.23623011 4.63055174 30.10848681
v -49.73147507 14.48224306 38.31560741
v -64.99965066 15.57134683 24.05330400
v -60.07279745 12.21392387 21.35917223
v -49.95241655 7.93553875 36.07562187
v -87.77637385 13.73886345 26.71255203
v -94.10268978 0.25730837 44.68485294
v -37.35894519 -8.95962377 24.41589187
v -101.32698952 -1.99515015 37.74518629
v -20.07914762 11.22844884 27.84302080
v -63.33652251 14.77912082 23.21021219
v -57.62663290 13.89716870 19.78576982
v -42.74429770 -1.30414514 16.41735776
v -25.21855602 14.61064019 28.66464521
v -55.93494532 11.19757808 19.23767783
v -47.10843892 8.88261709 35.96883994
v -105.01655970 22.93573390 35.06064374
v -50.87746163 21.76021771 32.74120207
v -43.74496746 -3.22334017 18.48160644
v -68.76519609 10.23495529 43.84752929
v -16.37170126 2.91097186 26.97116022
v -22.61483827 -7.78748826 27.28112009
v -46.50008347 20.09235022 30.94857302
v -35.15794790 1.11526217 14.06842931
v -25.10182951 13.70951447 14.68903324
v -65.14760373 21.05039801 33.07549876
v -98.16343458 22.76333235 35.65715432
v -52.13184513 14.88084361 17.17053301
v -16.31974940 6.54010553 25.99482623
v -69.12136585 19.01666800 37.59147115
v -32.60247886 -10.55300700 26.00319352
v -38.31907754 18.94202155 23.43413020
v -50.21400674 11.97040884 14.40933931
v -94.65947411 5.86919661 24.22073374
v -60.62377069 20.09002542 25.27023402
v -104.93859407 -2.93256317 33.72301925
v -45.98482760 20.01436237 31.66739345
v -53.08205844 19.50491703 26.17940915
v -101.48644704 22.93109114 34.97380085
v -29.56475263 -8.61329551 29.53470640
v -81.19414561 3.97560647 49.54299767
v -56.83513063 12.02661921 40.29199136
v -56.42883979 8.74270275 22.14602822
v -25.87224443 -6.60875204 31.01163536
v -59.96654060 20.78404508 26.22861319
v -21.04049500 -12.86458103 24.70308337
v -98.47201738 0.19002267 47.05330323
v -41.33877231 2.01729215 33.39166809
v -109.33581632 18.19901802 35.31083136
v -73.93063885 11.99644926 27.19464345
v -92.66770546 20.44539913 33.65770548
v -96.19226905 1.11313579 48.81809425
v -56.12391200 21.73281569 33.11531042
v -17.77390471 12.12331810 15.22459585
v -57.84913023 10.21304614 39.77078881
v -55.33369436 21.77225155 35.40596859
v -93.85688305 2.92602972 50.11764006
v -79.38659413 15.71399706 31.61913379
v -102.31060719 -2.10544646 38.98094211
v -72.80722286 5.23425826 31.73743980
v -57.02132674 20.70852932 37.11598114
v -109.67247534 7.72577678 35.85602535
v -96.34280230 -0.39035593 45.75566471
v -63.73716879 7.28688340 27.46183305
v -110.26685311 12.11632162 34.87421854
v -98.93580318 -2.47181247 25.41981568
v -45.77103262 9.86171788 36.06399755
v -104.00954539 22.12064932 38.01203220
v -104.07412839 -1.55932497 37.70287534
v -38.11697092 19.15764545 28.59141145
v -25.21133864 11.01129896 12.22957601
v -38.63237840 15.57261012 11.95162053
v -54.28422112 14.32624196 39.81121347
v -30.55511857 -6.29421217 16.16509512
v -24.99460796 13.65096462 18.87901843
v -39.67239454 16.76930574 19.05553148
v -35.51511275 16.05898911 16.53246141
v -91.60165459 20.00445812 41.70792929
v -95.49642688 11.89646473 46.42976902
v -37.47988267 4.58290298 12.36705332
v -57.08418347 21.61126198 35.17917553
v -85.75935747 17.44847531 42.87575735
v -37.22743439 18.04345418 21.63757947
v -13.62798306 0.05247431 16.11439403
v -11.50161115 -5.16231500 18.57829543
v -70.55862784 3.98397239 38.40701104
v -55.33495229 19.82660292 25.40280154
v -15.60769457 5.52461128 25.40690527
v -65.90820140 7.19781707 27.87600833
v -81.25627742 4.22837947 33.92990921
v -32.74507707 17.34981308 30.43160297
v -46.57673877 20.11742750 32.22037338
v -67.52468171 20.39966691 33.39115831
v -91.51817065 3.40630482 24.89116006
v -74.08909686 6.75204172 45.75590569
v -25.93258464 2.45752303 33.58203621
v -109.40042791 4.84409631 34.80344098
v -97.41439786 0.11113510 47.52331182
v -103.02083969 15.75111179 31.09600088
v -81.12823964 4.78712000 33.32155993
v -46.84911374 9.62410812 36.25210014
v -28.87538588 -10.82858736 28.21398588
v -101.52755231 -3.67023527 27.74861339
v -97.65082973 -2.27298682 27.29460619
v -100.82463641 0.74640851 45.72704130
v -101.48039209 10.54146265 28.99202110
v -99.22621748 9.39990346 45.77398230
v -38.48117103 -8.72678965 19.78479772
v -41.44323677 -6.37600382 23.53408212
v -79.72039755 14.47964892 30.06371184
v -101.29379184 -3.30045803 33.15611897
v -53.96118344 16.56324255 20.01605980
v -106.43851732 22.59498942 36.09741159
v -25.94712376 1.63806009 14.35622293
v -79.80914527 15.17337964 43.16696519
v -83.00457607 8.54450249 50.85740231
v -83.07580052 1.70431901 45.45344258
v -75.04171921 16.43324084 30.70353304
v -11.28025573 -4.76299298 21.03461689
v -46.86784880 17.44650949 35.68083456
v -110.95216423 14.29028837 33.35321781
v -79.33281373 4.03819556 34.28174620
v -82.48899041 18.08395027 36.17384195
v -49.59075902 16.15232370 18.79071814
v -53.54759745 9.48663082 38.25584992
v -39.64330571 7.47614582 35.45248410
v -110.94597042 14.17787549 33.72967916
v -86.71318131 19.37942633 36.37138351
v -31.96397827 5.94804824 35.60241083
v -36.55488976 -10.55356446 22.02693645
v -98.54724482 12.56529453 28.34755133
v -56.04961959 21.78579079 33.91447793
v -26.97954412 3.01275738 34.38894778
v -71.82723728 16.68335712 40.36692858
v -68.22167396 14.02217755 24.74496976
v -66.13629490 5.07050121 36.47224298
v -80.52228948 9.63888720 29.43659091
v -79.34960401 1.80745273 42.31228697
v -99.57532854 9.71211466 27.89469125
v -85.20649354 8.42501967 27.68811015
v -97.05772620 2.77058095 48.95656860
v -83.09263400 2.10586177 37.52976815
v -103.13487172 10.42791712 42.69178217
v -71.15461673 10.05979595 27.06164960
v -26.33106959 5.06232400 34.23358757
v -73.08458233 7.49727123 29.47108346
v -80.58168097 16.78958440 41.57339624
v -74.35903766 13.04913572 27.17011229
v -33.34566618 -3.46565156 15.42488069
v -16.23739431 9.27922741 24.58993127
v -109.91753092 14.77146765 32.68955382
v -43.38515046 7.04872349 35.00871048
v -60.85149104 6.48442839 36.64173518
v -20.00692900 7.55912168 12.15542764
v -87.26345976 1.22380630 48.74918324
v -106.91426712 -0.87341018 33.51560980
v -54.36607935 9.23295613 38.28154369
v -92.78958035 2.45365061 24.38404572
v -33.59808926 -2.19975322 32.25521792
v -105.32307747 17.27211153 38.81171642
v -106.13295654 -0.02266227 26.37482694
v -64.80632110 20.80682184 28.14384339
v -51.95067617 9.63847972 37.92445433
v -92.34012770 20.75164375 41.02895388
v -68.24334526 4.41104811 36.34473367
v -87.29836209 8.13330527 50.63877215
v -45.40691844 17.04720040 34.95543704
v -27.90072961 17.32159159 24.85939751
v -42.29740714 -2.27072603 28.55106841
v -31.60904893 -12.06195661 18.66158939
v -17.14511221 9.23189288 25.94098520
v -68.75592855 7.40494433 42.21585531
v -107.96471148 3.12621403 29.01060874
v -18.99546127 12.40375216 25.67440037
v -76.64580192 2.55538765 42.92293914
v -20.18077891 12.71523241 26.36764616
v -60.51266739 20.57437695 25.94547986
v -52.42689086 4.37514859 28.02211842
v -16.69237486 5.50036241 12.99892113
v -86.90377137 6.76525017 51.66150816
v -24.55298359 5.39204316 33.17931464
v -23.75703423 14.86116386 25.83029929
v -77.26623116 10.21394812 28.96532304
v -15.52185880 8.74378511 11.95536347
v -61.46619972 21.13532089 27.50403382
v -48.35985851 14.80246952 15.96041889
v -16.50722555 -9.16029696 23.77507470
v -107.80376977 18.29890499 33.60814347
v -97.93150112 22.65854099 39.06496870
v -79.17779904 9.16809244 29.91012479
v -16.02247794 10.02251929 23.68644710
v -65.51219826 5.19108417 32.56412779
v -27.33971136 14.44676113 19.08926234
v -26.54344752 -14.86358561 25.76576428
v -55.65636238 5.44113509 31.36407485
v -74.34813714 3.14351183 37.26908814
v -57.63486189 15.78235842 21.04731521
v -24.78262733 -8.79658088 28.61958482
v -18.78461293 6.51083427 28.82835982
v -44.57368566 -1.82069544 26.60941742
v -51.47812565 12.40821717 38.78614986
v -68.79474436 12.13869766 25.17123296
v -97.23272672 2.28401043 48.87025757
v -89.12630776 0.84401992 48.68786980
v -74.89504752 4.13166224 33.59386968
v -104.40619226 -3.54671726 32.61395279
v -98.88026886 -0.50904871 45.61259907
v -18.78815338 12.11707579 25.91698757
v -67.70150668 17.19417009 26.09821130
v -15.20142611 -11.01764601 22.62897664
v -37.63027635 6.01673358 35.60037659
v -59.97956114 16.62785971 22.78895443
v -24.96316673 2.01431985 32.91006574
v -15.08429254 -4.61065157 23.31700957
v -105.93761226 4.17532156 39.95373385
v -99.25471912 21.37279155 33.30216310
v -64.47768229 20.16685095 36.91747572
v -34.45597808 5.11824200 12.68312791
v -79.83236023 4.32631444 49.02181216
v -20.00847593 0.72719831 14.89611403
v -44.25767076 15.20062759 35.21647494
v -15.96174719 10.05826921 12.29459382
v -85.94369250 7.66163992 27.77415213
v -32.94024457 11.78746753 10.76712575
v -93.70856151 18.50140680 42.81303389
v -90.12939917 4.88501570 25.12701270
v -29.24804390 12.44712308 11.52925036
v -88.30305381 2.62873194 40.28873416
v -70.06467851 6.04811041 30.33279119
v -65.53467612 7.92502225 40.88361510
v -16.58426839 7.84833824 25.84888536
v -10.43295881 -4.58275876 19.69507925
v -92.59776585 12.53781963 26.06374233
v -91.16881519 3.00435273 40.18322419
v -59.33393583 19.43832483 24.62706076
v -50.82311591 16.13618524 18.62884103
v -65.04307782 8.41242507 41.15300103
v -76.79519028 3.62363436 45.53011013
v -98.73651964 -0.72824239 44.58153296
v -83.27826746 17.55763514 41.92541450
v -102.83530575 0.42248603 42.37617313
v -19.18788503 5.16958029 13.06380848
v -25.63082085 5.60777831 12.90758386
v -56.67620459 5.77531152 32.60503090
v -103.78384088 6.55018408 42.83579990
v -36.46048005 -9.05231213 25.04226540
v -102.68093610 19.68081307 39.64470949
v -31.39657157 17.36313567 29.80723059
v -40.18817286 -3.04733600 29.19776643
v -79.05474711 14.35203602 29.82338876
v -11.80974182 2.29212906 21.87726224
v -59.34690154 11.92135335 21.06136714
v -97.69457886 18.93413223 42.02222735
v -109.48085887 12.44614052 36.01768283
v -18.11698031 7.66686887 12.02148680
v -69.15541295 15.33280039 41.85152184
v -27.78835779 6.18976766 34.78795251
v -89.67984710 12.03673804 24.97092099
v -94.36347555 2.67730873 39.41588288
v -65.31486241 16.36310020 24.50392744
v -17.32772349 8.25295630 26.64824940
v -106.94579583 -0.84293843 27.05269058
v -24.98117945 13.14611361 12.75338952
v -54.82722044 21.19563300 36.59559208
v -36.88503479 -9.16252268 18.92430114
v -73.69239090 5.01541201 44.01539299
v -14.66679828 3.80533639 24.69703101
v -61.95176704 15.74667364 23.07482722
v -37.85941990 11.33641534 10.14819180
v -87.32865938 16.55745828 43.86363547
v -53.15235419 19.26984221 25.64644061
v -43.17654772 18.85785946 32.30398993
v -90.17540617 0.93540819 49.16259878
v -103.22823481 5.72217941 43.29130350
v -64.19504673 7.46246102 27.26867299
v -79.02076817 5.31580677 49.24627345
v -23.99173917 11.86958420 12.43252288
v -36.99451071 16.62923973 19.07562282
v -43.82647807 -1.17888112 17.05023778
v -86.16828931 1.54066231 42.00534835
v -79.90170038 7.54989073 31.06577559
v -72.74817644 3.57033412 35.32360021
v -67.60366221 13.94482310 42.70301731
v -17.72590313 5.73449975 27.92948604
v -13.03293715 9.33035179 16.05221300
v -21.78227789 12.86978954 27.37134992
v -99.92713354 16.07602154 42.60412777
v -41.71800927 -6.41959183 22.78391976
v -56.37203547 21.57548528 35.67566571
v -89.80798958 4.74299582 26.26430408
v -90.87191668 0.93426407 49.24079820
v -108.27883855 10.19821764 37.83997096
v -48.14342302 20.71403947 32.32315946
v -39.03533078 15.99255505 13.32888392
v -27.29675732 6.46253634 34.53310033
v -13.12965444 8.89922989 17.29162763
v -31.56724906 -13.72736056 23.01639137
v -82.64812820 5.93284198 31.91411041
v -55.21873565 5.42616789 31.73963762
v -100.79250896 4.25403575 45.64098011
v -26.38886343 -7.44846129 30.71580727
v -106.25525367 -1.50653787 26.78866119
v -92.36941505 3.08767542 29.68989156
v -22.56684928 9.50554742 31.13205508
v -85.18804927 9.97136153 26.59354456
v -27.25961011 14.35462438 12.75026789
v -26.11919366 13.73833195 16.39383135
v -78.37202954 3.07165945 35.58212875
v -63.12461721 5.43221866 35.17834074
v -109.06472149 17.46990114 35.73697064
v -88.46173829 11.46694940 48.45467639
v -69.92663057 14.75489684 25.83582482
v -55.25120889 8.07600343 22.20138649
v -71.48906612 12.32121113 26.17761879
v -107.48535962 -0.14329640 33.04198264
v -75.03710327 4.52121404 44.92026406
v -34.20699588 17.38845776 31.02303638
v -100.33090440 23.42905601 37.73022630
v -64.98085157 6.77710044 39.13437614
v -80.11377290 1.89393794 38.29311795
v -97.73929403 9.55071962 46.54519879
v -38.26126719 19.31888669 27.87628189
v -28.55375401 15.01057797 12.94021155
v -64.95677180 5.48148261 36.56772430
v -50.65793453 17.56187916 23.97580174
v -92.94507923 3.64269954 32.58105699
v -95.36776106 16.20459498 43.82242969
v -89.51942360 3.63204374 38.30021100
v -41.54877907 18.64149162 23.12261555
v -75.83269351 4.19276279 33.71287651
v -40.01153655 -7.71372370 20.81130962
v -74.31368686 16.39634191 30.07626496
v -88.39746119 1.15793186 44.24398290
v -78.17815917 6.85970106 31.45267924
v -27.36859728 15.85158848 29.31361579
v -74.75001327 3.53766674 43.02883057
v -104.65799386 -2.53088929 26.69665429
v -98.74251223 21.46649015 40.22612231
v -103.72623826 11.29893177 30.14993529
v -57.03957893 6.00943496 27.89471654
v -91.68207367 7.02273415 23.45191253
v -56.05798605 7.59938889 36.77932811
v -64.62463296 18.96776952 25.59241224
v -85.72272515 2.26655296 38.82840745
v -93.54192619 0.46675410 44.47059349
v -68.04069126 10.78909147 43.52796888
v -80.53640063 4.82766475 49.87334723
v -37.87065352 3.63327386 12.76958758
v -59.11236980 21.64320540 30.20731015
v -49.94921202 17.95242229 25.26402379
v -66.79853869 17.28530172 40.05758387
v -107.86769186 7.68947214 30.84835490
v -102.74965597 22.47589700 34.59075055
v -31.29646363 -2.43766830 32.66683322
v -108.65781072 2.67283370 34.51190064
v -88.87983377 4.96456234 31.40735707
v -18.13232724 5.34352739 28.33083911
v -45.21517905 -2.97290297 20.73911237
v -50.83696119 3.70569384 26.23331576
v -94.89243686 9.54226960 47.86172186
v -96.13940551 3.51059075 24.19742276
v -57.32865369 20.66375472 26.74774128
v -60.82544567 6.21602534 36.09418026
v -85.54594874 7.74461612 28.11046158
v -58.96925609 15.28871358 21.39845584
v -84.95895163 8.33839167 50.96273121
v -72.11781788 15.68182076 41.40621094
v -92.65740854 2.34391568 50.36220468
v -47.90602427 16.69420441 21.08121396
v -103.97619691 -3.63795378 33.27403694
v -85.77943923 16.10121173 31.01317853
v -108.21913680 21.15313137 35.54103997
v -51.48015328 17.68797470 23.95126707
v -44.63175301 7.57764298 35.05313880
v -26.49810147 13.84993034 12.62992417
v -18.49800823 10.37925640 12.12356917
v -94.26059147 15.78860825 44.22994331
v -22.57228175 -0.93004615 30.49843473
v -53.22476445 17.85202309 22.50928829
v -83.42950736 5.95803212 31.62789779
v -28.04465704 17.30656977 26.68720202
v -87.36192257 3.39352791 51.49119704
v -82.86710160 1.89694945 46.12088603
v -98.74113415 18.78090432 41.80381402
v -96.49707479 3.60388296 49.05740506
v -56.94256209 5.98255916 33.63155439
v -46.55284763 6.03881548 12.35680743
v -14.33923229 -2.77360356 23.26083165
v -88.55381344 13.61602217 26.22035703
v -32.56809097 -2.12431110 32.52810767
v -14.51099032 4.65681656 14.12155807
v -108.09242921 19.87525920 35.96356180
v -86.74922155 5.73625647 52.14187248
v -85.44286334 5.95495299 30.49984187
v -52.17236053 4.34855821 27.15038593
v -101.47968243 17.71390528 41.12214632
v -103.22240478 -0.57404193 40.89369439
v -21.12214007 -1.06105756 29.33197032
v -37.93698420 2.41537043 13.30312899
v -70.64993365 9.36092466 44.65756962
v -105.42135887 21.37924184 34.28362422
v -47.36221142 16.90601165 36.25190244
v -57.78235080 20.89856069 27.02980664
v -49.86358466 12.45078624 14.39492019
v -31.39871278 15.65001163 19.20431421
v -106.87635200 11.72534906 39.15983674
v -59.64687670 20.24012700 25.33877460
v -14.90718105 -1.18134422 15.94738119
v -9.61208625 -1.85811690 20.76762349
v -54.00624161 6.36723924 24.03366859
v -89.97008579 4.02950083 36.98126017
v -30.31143626 -6.77386446 30.41758748
v -49.23751013 12.72654780 14.11889550
v -95.35841993 22.21248061 36.23800866
v -53.33379961 14.77295364 17.50817746
v -68.46840217 9.63759609 26.32973419
v -104.16942954 -3.70608192 31.09125935
v -73.15610086 6.01445458 44.37920067
v -108.09029328 10.61147262 38.01491552
v -66.47267277 18.36528786 38.89737148
v -18.71320432 -1.08907684 27.54270047
v -33.91462105 16.17496111 11.39409645
v -17.70458747 9.35271882 26.60208118
v -14.38087984 11.21231075 18.63413780
v -93.07168777 20.17720869 41.77722819
v -10.83972455 -2.22796255 21.53469247
v -73.19922659 17.34571077 39.52386879
v -34.08589520 10.43616751 34.54065305
v -54.40318994 6.01904353 25.23835631
v -47.11913318 2.64522901 30.77600726
v -25.29292417 7.32947822 12.48261241
v -40.86629981 -1.86074721 15.85048127
v -24.75487392 12.43515388 12.47005353
v -53.48082161 13.80485472 39.61678512
v -19.39444860 -1.88616994 15.34926037
v -62.85753083 6.44363118 28.60482963
v -13.28853378 10.03401370 14.22180352
v -90.46709131 20.79658663 38.84898272
v -44.90060242 8.88169904 35.47186722
v -37.97205846 11.39401560 34.68146022
v -13.55818154 10.91538174 17.39493073
v -91.39892402 1.14572399 49.55558366
v -75.85623046 3.03688176 43.18688380
v -50.74305684 17.82384379 24.61871383
v -45.03849428 18.35315637 24.12375972
v -95.24923300 -0.28420456 46.07455304
v -88.68249222 7.00980269 25.16322514
v -110.50464674 11.16739423 34.39035233
v -100.02680448 10.92551313 44.67822280
v -55.44975138 10.49411374 19.51362583
v -70.61531314 6.76290837 42.95028881
v -93.68276932 15.82296280 27.98427563
v -81.38827138 17.96935033 38.45057432
v -46.16211525 17.69133671 23.27895310
v -101.76773296 2.58019914 44.46836043
v -96.65708233 2.56560900 49.14323978
v -85.00611443 15.84759509 44.16779921
v -110.41294227 11.01744457 32.97619268
v -17.20769715 11.99854537 16.83157496
v -108.99910229 19.77292558 34.68235380
v -21.39358409 12.21947916 12.95887161
v -110.53481777 14.95639775 34.54467246
v -104.30665598 8.70141796 29.67307645
v -103.25090525 -2.52390163 36.58407575
v -84.34363607 3.11413107 35.76972514
v -43.33471003 12.23935421 10.37392461
v -56.10302391 14.58265260 40.11694201
v -31.34962507 -10.04849663 17.56453730
v -78.23867000 17.44679802 36.54310732
v -100.25773045 21.90342743 33.90711393
v -51.34503253 7.78398736 36.29159384
v -44.12415111 1.88352031 14.49157293
v -73.15153320 6.78749171 44.97727711
v -107.87580366 0.10956131 29.44433913
v -84.90018571 1.21740661 45.23007411
v -15.09428515 -9.70782983 18.48272688
v -89.34487587 4.86362930 32.11329385
v -17.95698438 -9.48366083 24.45198788
v -101.12073754 -4.02870651 30.71009106
v -26.69003627 -8.17831037 30.29174131
v -87.95908525 15.91526597 44.35974702
v -45.86131080 6.37970348 34.61523294
v -41.07318759 19.49594705 27.46368593
v -23.47972666 9.56214866 31.54163441
v -37.70286024 6.50635693 11.49700026
v -89.13183721 20.28629101 37.46694095
v -91.45363420 3.77900601 51.09711502
v -34.29227144 12.30404939 33.62853383
v -84.70131368 7.63005438 29.00109350
v -78.00069632 2.18329187 43.00611885
v -93.96780362 0.07539799 45.39274659
v -47.33670171 20.12584094 30.34150771
v -103.91986385 -3.84627376 31.96893480
v -100.22577396 6.41251645 45.95181800
v -78.49031229 7.87893244 30.77523707
v -95.20413680 -0.30500085 46.60787734
v -43.95481807 8.46304251 10.50543351
v -74.66373550 6.89947838 46.33149223
v -14.39561743 8.95475996 20.87547452
v -50.40307579 21.11698776 30.63025171
v -28.04121347 13.13246131 11.76482837
v -39.72461832 -2.45497712 30.09807342
v -88.11025642 18.57504798 33.56858122
v -58.54868332 21.01833376 36.40549819
v -84.44994862 1.22105108 43.41165146
v -44.94753592 15.88748744 17.72202740
v -17.55010108 -3.89911151 25.47647222
v -55.33263153 15.22131668 19.03703081
v -86.98492416 19.44194259 40.50913496
v -74.58388511 18.15020045 34.54351142
v -58.30830185 6.69225311 35.84781522
v -37.34435248 -9.53764494 19.92042781
v -27.70696091 7.54982307 34.26044885
v -30.65442280 -1.71849273 33.14429913
v -107.53188908 12.47240205 31.60019679
v -90.55430903 3.99227108 25.90300738
v -104.85119757 -3.21852161 31.48335961
v -64.06498138 20.63806028 27.23544505
v -78.72434912 13.77838000 29.05988353
v -59.26066489 5.90941702 34.23310208
v -75.91614647 2.48151830 40.90194625
v -67.68990285 7.55420145 27.86566889
v -57.80252612 19.40479789 24.49945327
v -65.98748755 13.58459824 23.87707647
v -107.54027659 5.87706767 38.60054553
v -90.94376802 3.94831580 29.53341068
v -25.11682297 15.30119583 27.66271901
v -34.54309634 14.92514347 10.53092864
v -95.88014578 22.35783645 39.26708917
v -59.45401570 21.27367790 27.62792575
v -76.12442966 13.36008314 44.49375790
v -15.41847055 -7.67958116 17.46042169
v -91.92912596 1.98785456 50.30570073
v -27.77059347 15.13088659 19.95765462
v -78.42613621 9.77352855 29.38754852
v -91.27880177 3.85500097 29.98939997
v -42.76090735 12.02414346 35.26018417
v -46.40610052 11.56659512 36.64187253
v -100.57438486 9.01438720 45.05430291
v -84.70635667 8.85719436 27.77256086
v -100.78517515 21.97436231 39.35540763
v -59.75226946 18.35575822 38.91029504
v -58.12517991 10.36100262 21.42625377
v -56.93814409 12.36111336 19.03486139
v -94.27076766 0.76990236 27.97156386
v -77.67018086 8.00384274 49.13580292
v -95.51713486 22.44281521 37.57927425
v -18.34930327 -4.61660456 15.96336884
v -59.72726375 6.40604541 27.83756207
v -105.92234005 -1.27165562 35.08174907
v -19.20232991 10.95487752 12.37430785
v -15.89611922 11.86066726 19.19870017
v -101.94033944 23.12174228 35.22812596
v -17.42552407 -7.84427259 24.54928653
v -49.20483121 4.19071875 32.21627583
v -84.91998735 10.82931313 26.40492749
v -77.34345836 15.40132530 42.19787097
v -81.02788790 1.48391485 40.30612919
v -57.47468599 12.75576759 19.34764002
v -91.84890835 4.26796707 34.32797927
v -18.18463662 4.71129541 13.35044758
v -69.36937123 16.99295387 26.99825761
v -54.28680718 20.15439888 26.76289986
v -17.05427828 -12.81114462 23.39507758
v -67.41099163 11.72495457 24.73194059
v -95.01162614 1.87914024 23.62001527
v -90.73942480 4.56159462 32.35410847
v -56.68292978 5.81509585 33.06217713
v -81.24673515 1.52027165 39.59780486
v -16.68093476 11.64283573 14.48465488
v -54.01774817 10.00878453 19.00977786
v -40.69075042 -7.10236024 20.01840685
v -63.16159686 10.66477776 23.47899466
v -49.19103017 2.92573745 22.58498693
v -44.04934341 16.13668255 18.30273046
v -107.34021878 4.33923526 38.12345409
v -51.59708529 18.39877731 25.52003910
v -78.52170008 9.63330025 49.06796243
v -87.92947127 15.69182899 28.99051538
v -96.23095941 8.02298100 47.82584416
v -17.41886262 12.00943803 23.31057469
v -72.56753823 17.36752963 30.14212078
v -73.06251743 8.47366899 45.80080475
v -14.17814482 10.57297604 19.09460666
v -67.54652817 6.51902263 29.28626918
v -60.67271153 11.60076722 21.85805935
v -98.74222751 11.09172916 45.38246484
v -29.01517741 -0.30134494 34.07887235
v -97.87942138 -0.54850990 45.62636787
v -35.99115484 18.35030552 22.47010103
v -72.58200524 16.86991961 40.12966614
v -103.46347072 20.73819776 33.62216752
v -28.29204391 -15.66348105 24.28908914
v -48.09191057 19.82306121 34.74077148
v -86.60575741 13.03782146 47.01267566
v -65.90678622 17.47195920 25.32714145
v -51.84955562 21.94695106 33.91090696
v -18.54142443 0.73226620 28.25434022
v -54.35348458 11.70637615 39.57858851
v -61.06841300 7.11619907 37.64846126
v -35.67832394 -5.70898014 29.00258407
v -81.23443397 17.93825791 37.64126496
v -41.91065365 -0.62624257 30.69214346
v -57.81501671 19.80554432 37.88202348
v -21.56475448 -15.81821373 21.57698820
v -29.81058193 15.35624111 14.51475540
v -69.00237354 9.20483368 43.63830825
v -54.86378913 21.57804222 31.33686298
v -99.32868739 23.26731207 37.62656001
v -20.72379104 -5.32793012 27.08106621
v -19.19991115 -13.11598633 24.07230789
v -21.98329774 13.51426688 21.70723277
v -12.33631918 3.71110282 21.34526265
v -35.18441827 18.54842386 29.43137606
v -59.42539074 20.88722584 26.57436032
v -73.56363113 13.01027232 26.86282527
v -58.05731200 11.50973974 20.40975730
v -50.77365853 5.28258013 21.13488640
v -16.93487524 11.46184647 23.72135816
v -31.98822374 8.74296795 34.82844797
v -84.28330203 1.50238258 40.05862067
v -74.92061164 5.38399798 32.10036853
v -93.24507586 3.74417951 34.37060460
v -58.66399301 18.97486444 24.15870131
v -35.13471574 15.90600348 17.97399871
v -76.61437754 2.50653638 38.51677942
v -29.40285941 2.70537225 13.93439626
v -52.32549942 11.14327205 16.63066248
v -43.12353475 9.35559112 35.39489425
v -84.72511005 13.01374414 47.00007462
v -32.90011262 16.38323476 12.01206729
v -48.98912896 6.29887237 14.25516432
v -47.27727997 12.65987891 12.58051493
v -53.45761002 11.61377339 39.26348224
v -80.11746006 11.97768495 47.15021346
v -52.10107335 4.31958918 29.83109195
v -29.87808148 17.96062013 26.50826008
v -60.20048959 5.71119335 33.86191702
v -23.47501832 -11.72691889 26.13030505
v -37.07441491 17.52887293 20.66040909
v -76.30633682 17.61865851 37.64166134
v -67.84090130 19.88289532 36.11505804
v -32.60008741 16.30033473 19.72343639
v -99.41283374 22.70154840 34.73621525
v -57.52330822 14.37140505 40.41916159
v -35.86368108 -7.58189863 17.35283182
v -47.10552632 17.16087467 22.27918355
v -72.47649598 13.31031764 26.45405751
v -70.44688277 13.38156378 43.58028003
v -75.16514128 2.68124029 40.19763237
v -11.91910263 -4.69519393 18.14148359
v -57.94421614 17.75109753 22.72780025
v -76.13460028 9.97619774 28.86246650
v -57.10854961 14.61315350 19.84296214
v -39.87527090 13.44078525 10.27464909
v -58.93783424 18.29154519 38.96205105
v -60.67348019 6.76870553 36.97167554
v -43.57865504 16.87576728 20.15946673
v -74.09163256 17.28262078 39.44776162
v -63.74889971 11.83524912 23.16178234
v -40.84092339 -7.13267160 22.03213210
v -48.04650448 7.74516585 35.46644733
v -29.75742694 -3.45040160 15.45638679
v -48.91612087 21.02278518 32.09632948
v -35.39460862 13.70753765 33.23111784
v -58.79985882 14.62410625 40.52301877
v -34.48541523 16.01271931 15.92179969
v -65.67641628 4.88071196 34.89423317
v -65.68974548 5.37372833 31.93059248
v -17.75707159 11.91203410 24.50632061
v -67.26799299 16.04913494 41.25197931
v -14.24632284 -10.93199604 21.50660563
v -90.04327887 20.66463827 38.30679886
v -49.48969916 5.52609804 16.04882581
v -30.34564314 17.95838648 24.19181732
v -53.00886683 17.32770134 21.50295929
v -90.71462274 4.46643021 34.89265061
v -83.98631468 15.38552113 30.90432649
v -37.71380298 -9.04218369 19.43435984
v -110.06565449 9.04256223 32.44908334
v -89.13992028 13.88760874 26.25783530
v -66.16368657 14.97546894 24.19707096
v -59.45246098 21.77539479 32.39753927
v -98.49655066 11.90950981 45.13030092
v -70.36207823 3.87119330 36.43625946
v -43.55952683 9.49486764 10.24737239
v -29.50427335 14.64839974 17.88932543
v -94.85711109 21.08544033 33.43410046
v -36.73515343 16.40111046 12.93691771
v -42.19575061 16.69772891 33.65600593
v -48.77983339 20.73615786 30.84598049
v -91.00330076 9.26020758 24.06622707
v -55.26914229 5.87393016 26.56809934
v -24.05591637 5.88105109 32.85250829
v -86.91147228 9.04886021 25.66948292
v -13.73772522 2.67031605 15.46050537
v -60.32833877 5.82908770 30.11697704
v -63.40396795 5.94482936 29.88862331
v -51.16874546 7.61811136 18.67027763
v -106.68281413 -1.23466349 27.62809268
v -99.06074362 -2.71574118 26.22671780
v -91.90993154 8.31227704 23.93512287
v -74.72796351 8.62033919 29.29119150
v -26.07270945 14.22942647 19.55065140
v -84.41587417 5.10262403 51.59440582
v -40.56855888 18.51463571 31.80022484
v -34.30506231 18.95295299 26.77469782
v -66.68537006 5.08399177 32.72506879
v -51.15635345 4.84022001 32.45042321
v -73.28896062 12.40172267 26.83001137
v -52.51227173 5.19597846 32.79105694
v -81.72386886 12.69722656 28.13304315
v -24.74989753 2.03706465 14.25438387
v -61.48927721 13.08905745 41.39849233
v -72.20291283 12.78002420 26.39680591
v -103.17042694 6.38850890 43.40111656
v -63.54463009 7.82045968 26.64812109
v -103.94015482 -2.66489942 25.29263468
v -58.98206504 21.27929237 27.93575385
v -62.71768129 20.89462399 27.16820895
v -69.76791345 11.38973208 25.82092078
v -52.04269711 20.17792552 28.11444681
v -80.77120035 8.96732297 29.89919933
v -30.32721800 17.41923584 22.51931937
v -87.86793646 9.05149842 24.92005784
v -17.68980160 8.59503560 26.96667119
v -26.82383359 14.00122231 15.49905558
v -14.76456286 1.19920273 15.47058006
v -90.11302431 19.60147774 34.09925103
v -15.23951858 -9.32580309 22.95571060
v -55.09956865 21.85858333 35.05452524
v -65.61559755 14.07006937 23.83538298
v -51.92458559 15.57792929 17.75611071
v -45.33559527 -2.72966052 21.47615821
v -43.46366531 -5.02960620 20.83734538
v -43.51070892 18.81717860 24.61597143
v -50.88008874 20.26152305 36.40801705
v -33.17901588 -10.86907506 25.27181628
v -68.86905105 19.85691783 34.99670840
v -43.78742164 16.38397552 18.91056459
v -88.64534669 6.00700562 26.17902497
v -94.21451171 20.26759206 32.18792707
v -49.45932129 13.48643968 38.22433539
v -67.84611283 5.84037846 30.61439377
v -56.96414926 19.38897912 24.35162253
v -24.74836509 13.45121715 17.39345527
v -51.95221176 10.21439653 38.17796238
v -110.49416307 8.25992305 34.03995217
v -81.28363349 17.76451001 35.93594165
v -52.86743314 22.06964858 34.04649909
v -64.61488059 20.98515728 28.52459573
v -91.23690337 15.52426334 27.43238446
v -34.52942805 -6.20975639 28.98565343
v -36.75905850 16.18789227 16.11454225
v -16.17213215 -2.37862261 24.76205660
v -41.13574600 8.41951126 10.47246982
v -90.72092451 0.22737960 46.75811340
v -86.47806320 6.24394056 52.02585962
v -39.77394542 10.57909565 35.03587985
v -109.49504316 16.85055350 33.42372772
v -34.61265395 12.35290130 10.40625400
v -63.89436840 13.30598754 23.02871001
v -39.74065492 -7.88835151 20.13039088
v -11.59866784 -7.15732604 19.84340497
v -30.41961634 0.70452696 34.36231239
v -95.74391018 20.91093500 32.76932036
v -22.38471379 -9.93716857 26.22446826
v -44.46736075 1.55246999 15.04604195
v -33.35395269 13.98169421 32.55956283
v -93.86652907 17.61717714 29.28233447
v -95.35196757 2.38894980 33.89232106
v -109.21251694 20.17853063 34.93352039
v -103.37821080 21.73109233 34.13267037
v -67.54180675 14.70396387 42.33195617
v -100.33644675 -1.27198759 37.75483787
v -96.34409648 12.73428786 27.51468896
v -99.10611097 4.30532348 25.79600767
v -26.15665161 -12.41569703 27.09628842
v -50.34959004 14.87725578 38.58123476
v -27.08095192 15.41269516 29.52399125
v -40.72786246 -6.97991443 19.32559372
v -83.80694805 2.42130459 48.65904874
v -90.55292888 16.19166489 44.19469071
v -90.21020963 4.25374096 29.05709946
v -44.09954837 7.26701862 35.03835634
v -101.17083568 8.87407649 44.67329307
v -107.40043877 3.45217661 28.87103324
v -99.58881835 5.66857895 46.56683858
v -52.52873901 17.28578069 21.76192870
v -42.20735785 -6.13555644 21.13387425
v -48.84527199 14.25866351 37.93530571
v -53.84598581 10.88172606 39.10130619
v -37.21477854 17.45057550 31.99473744
v -99.24504654 -1.03857908 34.17676240
v -97.74334845 22.92821984 37.16316025
v -35.33363752 19.10930127 26.77028576
v -28.39195652 16.56259093 29.19895212
v -53.13169078 5.13245606 32.34781955
v -89.05873751 7.13270931 24.67462399
v -58.90980083 6.94676681 26.23950491
v -99.40451223 -1.18039965 23.81711812
v -45.82845672 1.13281459 29.36793933
v -85.75025747 8.19184006 50.96366954
v -31.14651619 -11.69900027 26.06803796
v -72.06628908 18.41104138 31.61526392
v -33.21409323 11.41236157 33.81390339
v -63.62591905 5.21377714 34.01330405
v -79.46266394 3.22018561 46.96850845
v -107.86774746 8.94155354 38.49877284
v -13.80674296 1.42298025 24.00846995
v -44.69174083 9.97412589 35.77623240
v -74.17086210 3.88114684 42.82396213
v -26.66138462 16.65806321 26.59347175
v -53.44387700 4.99505737 27.05064796
v -73.60284263 10.13738622 46.14437339
v -72.66299645 9.61193608 27.87203256
v -46.84746457 7.34175606 11.90064535
v -103.89758628 22.53415708 34.69311940
v -92.77283790 3.35355489 38.61612187
v -109.72964674 18.22727373 34.55375735
v -104.35014307 -3.27043167 33.83069151
v -84.22719309 6.58987740 30.52053438
v -89.86226294 14.63354189 45.47283274
v -110.01580511 15.53744984 35.11964732
v -62.51642073 5.36201798 33.01666646
v -31.83804914 16.14089438 19.82195905
v -89.57430213 16.05700088 44.25169388
v -86.73403019 15.16631536 44.96930533
v -42.19881338 15.83183864 34.06660806
v -63.78071716 5.27419638 32.59308136
v -30.65122907 7.69645090 12.50152535
v -103.16391141 -2.53126414 24.18724869
v -68.71500308 4.27687519 34.90850074
v -47.55660447 15.67808346 36.97409728
v -26.20574571 9.70604220 12.27602898
v -11.12442242 0.22723505 21.82854204
v -22.70758325 3.93884968 13.56358440
v -25.27866291 15.83493939 24.41432472
v -75.46241925 3.40074605 35.10362012
v -28.33320676 3.05870340 34.97674031
v -85.46367977 1.48525968 41.58355565
v -102.99412889 -2.85294868 25.29181134
v -34.18828756 6.88303862 12.02356324
v -90.35885746 13.80616985 46.22363274
v -103.18667296 10.35664196 29.70701161
v -95.17095751 21.62236634 34.60494614
v -103.55548946 22.45897558 38.04200704
v -14.01327912 3.37186455 15.02825481
v -76.31099469 17.21083201 33.29827579
v -81.77464846 9.80660707 28.93051394
v -60.97373340 15.93642378 22.77543409
v -25.57361238 -7.21915901 30.36230941
v -24.80673045 -16.89650317 22.75177259
v -62.00370955 11.42750417 22.54110982
v -63.70500370 5.47054469 31.91417181
v -70.50663552 4.32848782 39.39758230
v -73.39331337 8.92674723 46.17502526
v -56.89123353 10.54223617 39.77115062
v -45.56486264 -0.80342622 26.41517707
v -81.69678624 14.90290647 44.15195707
v -54.02762583 16.06397343 19.29227180
v -17.21047440 -13.65637223 20.56316971
v -27.60506728 -7.38037219 31.07235133
v -13.02371766 8.66631212 16.64993858
v -25.62083654 14.80230450 28.85533254
v -98.77413534 20.59586336 40.76643833
v -94.97176851 14.69917880 27.82807201
v -51.45130306 10.33766992 16.37297682
v -58.15077145 6.55831286 35.42816508
v -33.20897145 5.75010810 35.72299897
v -66.11183034 6.83745429 39.87477715
v -81.23803108 5.25735526 32.90212660
v -77.29676614 6.02183940 32.05063824
v -53.58078369 15.52624370 18.39593326
v -54.56807313 8.46486880 21.17362043
v -105.25326528 7.29242518 41.47736385
v -15.51566973 11.54798549 16.65722132
v -59.90093308 21.67963928 30.44456258
v -53.35730098 22.03702538 34.28677180
v -48.70952831 3.41018301 19.40223409
v -34.66098048 16.34746170 14.37627579
v -90.93758142 14.76937575 45.34313627
v -19.04777801 12.67502486 20.31035413
v -69.94791680 19.21010858 36.62512215
v -27.21569012 15.77769196 21.24001536
v -59.53089031 21.39806062 28.54375991
v -35.15602079 -3.02518679 31.38314472
v -53.75470994 5.14951043 32.12205852
v -13.55325952 -10.10728222 20.28914253
v -108.46542268 4.20483751 36.25450484
v -18.67632242 -0.42861971 15.20912118
v -11.89674330 3.80105295 17.84987027
v -33.30373931 1.59088606 34.46413763
v -76.96290904 4.08553952 34.02255142
v -50.92744263 7.38335396 35.82591030
v -44.47364722 13.75703856 35.66160719
v -53.60569914 12.72289552 16.90338428
v -12.53808049 -4.62079865 21.87181227
v -21.62587026 -6.75760185 27.00573966
v -14.00462308 4.08583012 23.56060736
v -34.08512808 -4.36445088 30.69645093
v -82.13178229 7.34449074 30.76025284
v -80.50470657 15.62428644 31.63284721
v -47.90304635 13.03691844 13.49712118
v -109.27589561 3.01895729 31.23899358
v -54.23063852 6.70378287 35.27904974
v -46.65256787 12.94185165 36.83767553
v -50.58989945 6.96585173 18.36334551
v -80.89104913 1.46148601 41.26721387
v -105.95931353 16.19117032 31.94414199
v -106.07860931 6.01369410 40.51019813
v -92.11948575 3.03059702 50.72431887
v -78.17135120 3.88775319 47.13471662
v -44.63452770 -3.66138637 20.13194905
v -93.89552766 21.35096327 40.55395130
v -34.81993298 16.46688547 19.46041321
v -108.45879396 21.16883806 35.21656821
v -104.99069413 2.86636104 40.31125331
v -22.27592478 -16.16233527 22.85236734
v -51.34931571 12.57565258 15.58540579
v -61.38542126 21.59791456 30.16035978
v -12.94187688 -6.85815675 18.32411146
v -49.80334176 3.13481981 27.43393155
v -43.78561293 19.15341474 32.03810250
v -42.10884184 11.65105701 35.13896713
v -105.25742992 -2.24043574 27.09106663
v -43.25898628 16.82626941 34.01628091
v -13.97139227 -5.21713941 17.29380765
v -85.73275179 2.06754039 39.39220951
v -91.87145154 4.12147925 35.62888300
v -41.22961298 10.00129013 35.24548175
v -73.28060039 3.37570043 39.76630815
v -84.28995945 1.94037513 38.35775094
v -57.07802576 7.89053170 23.86625774
v -30.72583201 16.89231672 21.08551045
v -94.94757982 10.23520745 26.07233717
v -42.47062441 10.86371866 10.10485300
v -72.19943404 3.44127080 37.23438799
v -53.20754868 13.67379415 16.69908138
v -50.40009434 17.32567865 23.38272329
v -85.24710624 18.25769065 41.83978434
v -52.18869835 4.65286359 31.50187137
v -98.16225931 17.07103780 30.06959244
v -74.85364022 11.65447498 27.60679352
v -65.23884905 6.44076880 38.68023649
v -58.79419815 20.07446984 25.17504711
v -100.62763203 20.55984371 32.89722711
v -15.43365274 10.51431230 21.77579868
v -35.99345750 18.43499045 30.06769553
v -40.20984440 -5.13196426 17.26366136
v -30.24149364 -14.23595360 24.11740286
v -96.56064059 0.01736826 43.51442522
v -85.79390354 2.87697526 37.27409678
v -44.37200142 13.20994284 35.71139884
v -16.40370994 3.79076194 26.93187733
v -48.08648091 20.50326969 30.70120550
v -45.76345835 -1.64532379 23.61017164
v -60.84163618 5.95017019 35.42472131
v -66.80642691 4.76690912 33.85650658
v -91.86256844 21.24011391 38.36226517
v -101.18948808 7.15620526 45.05524025
v -63.05924494 17.45120509 39.74445414
v -26.27425482 -5.87847270 31.66631073
v -93.36839774 21.78381879 39.17172066
v -100.05582156 23.18950995 35.64015240
v -107.22938313 6.78483116 30.20309223
v -103.87493062 -2.44623789 24.25475144
v -45.47615090 15.15442863 15.55803165
v -99.46248527 -0.52938086 39.75460743
v -97.86890614 0.95171888 48.08460284
v -88.70931680 15.13083902 45.06603556
v -104.11938072 -0.26799554 39.24762579
v -42.31994411 15.94712518 16.99503841
v -73.83305141 3.16547817 37.75348541
v -84.79416313 1.24582316 42.50322867
v -52.02239473 21.72295616 31.80662758
v -62.58025699 6.96808447 27.64612498
v -53.96078564 7.19297312 22.50380683
v -90.19279832 4.76680161 51.75598158
v -68.42867533 18.08819360 27.31770095
v -64.92897256 21.15700870 31.76884413
v -13.54175121 -8.29600567 18.62070093
v -25.46825575 -16.85219497 22.31647583
v -88.16190585 16.94474545 30.67389907
v -101.19351651 7.20296101 27.79577136
v -46.85301659 18.45899547 34.95005863
v -13.69646285 10.51775184 14.19669497
v -68.95771822 11.52315232 25.48472642
v -19.36025738 4.85093245 29.42293402
v -75.00599970 14.67955316 28.49118364
v -81.49648707 17.36530551 41.16266250
v -29.63309973 6.49677069 35.16891486
v -61.37916016 9.87046114 23.50281902
v -65.10724261 7.59948757 40.34151465
v -52.19959773 10.51694989 17.02616828
v -64.30555402 18.57533312 25.22266165
v -25.06492834 -5.89912007 15.84090838
v -20.64874319 13.16356272 20.94033745
v -85.35335875 11.60663709 48.42960941
v -61.48100670 21.67064884 32.62231382
v -43.89887935 18.36039262 23.51226129
v -90.38256655 3.99804957 28.34619735
v -89.72434001 16.93941560 43.60538745
v -15.30840165 9.73597639 22.19267418
v -13.83015200 -1.54536619 16.37963362
v -60.77303548 8.71698357 24.65192629
v -71.07767114 4.33010225 33.45803577
v -51.95714335 17.52890310 22.91025149
v -44.06409432 19.36135147 27.91093605
v -51.26810008 21.60044307 31.49186262
v -98.40550770 9.18897776 27.16209001
v -100.34822962 -3.09463476 32.25661288
v -103.38824908 14.87989099 30.90663552
v -47.56544452 0.70782764 23.09807029
v -13.20087974 2.41023846 23.22207915
v -34.03192544 18.99572110 25.37669073
v -94.53913350 18.60986612 30.17174506
v -14.95052149 10.99926945 13.99828959
v -30.97697298 15.65273415 14.85737900
v -40.41749658 -0.81765927 15.11451093
v -15.67169318 10.40193865 12.71075227
v -60.38689426 18.99965706 24.46323862
v -41.83679620 -4.94363718 18.07726670
v -32.02701134 17.38820110 21.51857318
v -36.71376620 18.11698386 31.12714433
v -109.23806688 4.26011134 30.43386727
v -59.12380972 10.97783497 40.39346020
v -72.74017838 3.34640227 38.47437334
v -48.66323139 4.66935902 15.95110877
v -78.02364335 4.54243045 47.82839222
v -79.40103980 15.51307106 42.66339340
v -79.13133295 4.57521239 48.71615720
v -23.68897150 -4.90512536 15.61513486
v -64.73871625 17.35158562 39.92589179
v -52.97210946 5.38139336 33.25097384
v -15.72962045 10.35992350 22.48064285
v -92.95819677 17.77116301 29.34857364
v -29.51300868 0.93151438 34.50530004
v -61.83871374 7.99176522 25.98235663
v -49.06688519 4.91322714 33.24529303
v -62.28245867 21.04279372 35.54414788
v -53.99216175 5.49513831 26.09542539
v -50.40002786 15.63884021 38.42172441
v -46.15102652 8.57394761 35.59687971
v -37.92558024 14.48727062 33.52124884
v -86.95636799 4.11181963 35.04231934
v -9.59575014 0.86502532 19.55517486
v -62.55574446 14.98352879 22.89620396
v -79.88047400 9.68878034 49.46535031
v -46.08132316 -0.81649886 25.03188510
v -35.72963193 14.63333131 32.90378276
v -15.54029667 4.75940698 25.63089570
v -79.90097622 8.95599980 50.01184444
v -86.37382268 12.75849086 26.75444287
v -91.21280859 11.61023716 47.87290928
v -50.88703696 8.17906503 36.55469429
v -38.55373642 16.24428144 17.08588461
v -80.44959585 12.76166440 28.33230840
v -107.46169160 21.96692253 35.69335535
v -69.19789878 4.41057034 33.85672362
v -105.99836315 -0.13082672 36.35915232
v -88.54857704 18.08954235 42.68645502
v -39.60312596 -7.84720633 19.45481739
v -34.82827482 16.72843551 19.85586143
v -12.13674508 4.51206872 18.89229129
v -13.31664817 -9.85361018 20.77001902
v -81.59724609 8.70825758 29.89858472
v -48.47591707 4.86877634 15.24885766
v -92.07350133 1.25769563 43.40976637
v -47.42493190 0.51765861 23.96400393
v -23.08704196 0.33211320 31.32844968
v -61.44496574 18.88012824 38.51808809
v -81.02812011 7.52653535 50.70923924
v -92.69887749 21.05857535 40.70842142
v -35.02081259 16.44234413 12.78948952
v -79.92960665 16.34561736 41.90818045
v -95.98539099 2.38479169 37.50324606
v -106.08281057 11.48578749 31.00597435
v -105.11968613 8.04256850 41.58257827
v -26.09164480 15.99472477 27.75148633
v -9.22939480 -0.29637473 19.43511318
v -37.82805132 19.28752632 24.69102644
v -53.12380823 20.42869926 37.10774896
v -63.23751970 6.24646638 37.19438495
v -87.01582889 5.33494774 30.94296644
v -71.59173629 9.23508431 27.69313876
v -97.04256772 9.04649161 47.11741237
v -82.33457037 1.31685984 42.68281800
v -47.09451941 3.99855581 14.71935625
v -26.94337990 14.06712486 18.13572658
v -39.38137775 18.52654830 31.31680044
v -45.75687705 11.02329376 10.46762468
v -37.69245222 14.55124673 10.58701153
v -57.36208374 8.49763408 38.24620488
v -25.15344056 -3.00931280 32.20281516
v -49.18205285 17.84853570 25.09119065
v -19.52602297 5.60627082 29.52469481
v -79.52590217 3.13088771 35.44682935
v -80.80495969 6.98634472 31.39797405
v -95.92367422 1.99312489 34.06710783
v -90.90648818 11.49147096 25.02046603
v -28.28734364 0.14106981 34.28464932
v -31.71240411 0.80047893 14.51281702
v -68.65546438 19.71924926 30.04786038
v -48.00983995 2.65739576 29.71113336
v -25.51362163 4.45384560 33.72162020
v -24.17996332 -4.34352022 30.83437611
v -76.66654229 6.51241913 48.19948400
v -16.93086401 7.27021348 26.53241303
v -101.49261007 22.33445612 38.89706015
v -85.97209918 7.03418455 28.53009601
v -88.73567465 19.08413168 34.11039535
v -66.95758610 11.20927859 43.13707961
v -63.60849990 6.39130444 37.66907763
v -71.28616337 10.08582136 45.03667842
v -83.83244906 11.63591464 26.94018680
v -92.40254853 2.42672362 28.07739043
v -65.18859110 10.62614571 42.41325255
v -72.73455835 3.73118521 40.36723821
v -86.75665911 12.00289517 48.06889859
v -47.65904936 10.28584671 36.79887570
v -21.20025737 1.91095327 30.47726652
v -21.43562247 9.47461739 12.12941887
v -88.69701394 1.34924476 49.53151574
v -82.86242731 2.80705170 48.86314746
v -86.44080577 1.78026732 41.21013771
v -87.60150151 10.69144674 24.83494613
v -83.68498694 11.12927247 26.99285735
v -44.13537668 19.49638015 30.33726417
v -62.19573297 12.82882105 22.05957881
v -34.83822543 4.05817378 35.36856194
v -77.70873562 2.53079117 37.23479662
v -102.25187978 -4.30883399 30.30404707
v -107.49447015 12.39792287 38.42303844
v -38.97068324 6.25164790 35.43993329
v -52.81717587 5.60892433 33.68750589
v -106.40459290 15.28138320 38.67794746
v -84.51612605 9.86513116 27.09159515
v -11.90080273 -0.14922563 22.39517379
v -94.76718082 7.18065885 24.74278695
v -54.72168978 5.83781214 26.06578234
v -38.52180356 -7.57101014 17.91518994
v -28.31766833 4.95490423 35.15177471
v -19.99260872 -0.19384546 28.94971397
v -99.31614262 20.16003467 40.82967611
v -17.28232550 12.27852758 20.10301231
v -80.94552667 1.93811595 37.81284199
v -86.51900770 6.31918485 28.92220585
v -40.61098148 4.97228694 34.87618191
v -33.18508259 15.87825290 15.90350825
v -19.35945062 13.08825157 23.31664310
v -58.32999349 21.62284274 29.85667202
v -33.90728056 -9.25257750 26.56566873
v -66.54810554 19.14343833 26.87581955
v -85.15359902 4.64948401 33.03684995
v -20.13647974 -14.67133797 23.56872915
v -25.95448461 0.21100758 14.75381171
v -94.21953030 21.96930569 36.91841728
v -21.07836100 7.86974991 12.11232183
v -91.88174056 2.72696358 25.71127142
v -45.01182962 -1.84237419 25.53545655
v -99.61263828 3.47332655 46.90584029
v -12.75609425 3.85059041 16.07588900
v -11.69525895 1.68207949 17.10862192
v -81.41018474 17.21656973 34.11218180
v -44.78312184 -3.08085681 19.58549750
v -107.44176898 6.60317123 38.89945696
v -28.51197483 14.84292520 12.49798299
v -21.06532376 4.53318243 13.31262478
v -57.45978301 5.76763635 32.03578399
v -19.37969430 -10.46891955 17.43710515
v -48.85766498 6.66071533 34.79527259
v -106.06001041 22.82006841 35.41752219
v -49.48821805 19.76200290 28.69873233
v -52.35913277 9.86555104 17.77259848
v -52.86107566 20.51428664 28.33549592
v -23.61179851 13.28303461 18.60286625
v -95.27534859 11.73678879 26.72789393
v -27.70269273 5.14034440 13.13962985
v -79.55839738 16.86400580 40.98277106
v -47.42463355 15.11027856 16.24317609
v -94.58015587 0.77700413 43.21308668
v -71.95109762 17.57535607 39.29378441
v -24.34409815 10.28537300 31.55570277
v -92.14956407 18.15728225 29.85143433
v -105.67350222 -2.10697189 33.95498787
v -109.01314823 13.53129832 32.25574784
v -80.81519104 1.74852134 38.60680123
v -100.35372222 4.04358039 26.21109867
v -75.55125653 4.04832779 44.95384580
v -25.72099899 15.99403679 26.98764099
v -96.82851831 19.99732028 31.72310531
v -74.95065976 3.73051587 43.61843062
v -110.14126142 16.33249864 33.46280629
v -109.88689436 11.15078971 32.55260446
v -88.26471901 18.96700332 41.79922345
v -64.45263007 21.11343845 28.90251685
v -80.17274536 14.73204532 30.47621326
v -68.10457693 5.31600115 38.98696815
v -62.25868248 13.93522655 22.17372888
v -79.25950506 2.80363232 45.84049363
v -48.82404227 20.93556857 33.85149256
v -19.43866524 12.54421874 17.90278619
v -16.49957277 -11.95474792 19.19619202
v -50.21886501 20.27786046 36.05567935
v -24.00257862 4.35922499 13.29907802
v -106.29830087 2.80428013 38.54367225
v -41.89235045 -1.53660976 16.11308723
v -24.74615164 11.34200896 31.09738200
v -32.30253058 -12.21816020 24.52533881
v -102.01670882 1.25772264 25.61714429
v -89.68368235 4.56221064 28.73658731
v -77.69644838 2.74427802 36.51699125
v -56.43378457 19.34177496 24.31027355
v -74.57930652 6.56970174 30.75034824
v -69.39133338 14.10693181 25.28216015
v -26.43371058 -10.42086934 28.49371404
v -104.45530752 22.98886354 37.21991026
v -81.02929675 16.72084489 33.27221729
v -83.11738105 1.56448129 39.22168502
v -43.46214179 -5.06801060 21.65669737
v -61.15664566 5.74675830 30.43027668
v -22.64002740 -16.14172753 23.38920776
v -42.78953052 13.36270183 10.97882154
v -16.12698752 -13.36544646 21.15757024
v -67.80099825 20.36717554 32.89380729
v -65.95537523 5.82345440 30.49487465
v -65.54943065 4.95265958 35.34174849
v -62.82283487 20.55746091 26.56366365
v -94.22472362 12.01124211 26.45986507
v -102.90652268 -2.26512267 37.71176176
v -45.42550907 19.72187034 32.05187420
v -24.71644589 -5.25201337 30.99025235
v -71.52507381 13.09010742 26.09232397
v -58.62588344 8.12018025 38.03891346
v -101.14412364 0.12894298 24.75442767
v -25.93653311 6.59334409 33.85275211
v -75.18040399 16.56440271 40.47047704
v -86.60829096 8.20934247 26.51863318
v -57.52266605 17.63139300 22.48512459
v -90.87424924 7.57731953 23.49976454
v -62.07713204 9.89732751 40.80054302
v -103.71003062 19.66617502 39.05481677
v -35.66477570 16.17423468 15.85113048
v -77.24976873 2.45154063 38.20054399
v -32.16909099 -11.12409866 25.82178399
v -60.18891060 21.38104645 28.47646671
v -98.20963130 21.67016275 40.20128082
v -74.39182004 5.68509699 31.60388970
v -65.70975424 9.40149654 25.46066665
v -99.74319505 -0.86921648 36.00295715
v -53.13854040 9.51469232 18.87130631
v -65.26192467 20.95863376 29.59585357
v -94.47316784 5.14901852 49.61143779
v -56.08444724 7.21750787 36.17214045
v -35.84123593 -0.54778075 32.86959391
v -96.74273011 0.48026878 42.14008903
v -86.68957916 6.47058594 51.90245925
v -107.62340465 17.03590229 32.82035197
v -42.15744856 -1.94219916 28.97686055
v -34.61989990 -11.91110812 20.78627818
v -71.51987705 18.73186311 36.91361054
v -19.40891465 12.77651586 25.31859348
v -30.78788184 15.98945888 13.37699997
v -18.46503771 12.62546665 20.81525967
v -94.79078691 0.24874607 48.26963139
v -58.33619174 21.63270120 34.08088193
v -55.92523780 13.26441003 18.07044999
v -91.24151611 3.32703840 28.02787048
v -40.84083557 16.91592360 19.50564992
v -28.05693969 9.40070856 12.36950524
v -45.22910232 17.10966685 21.23305922
v -109.92982176 11.27784919 35.44005938
v -15.82318437 11.70518403 17.70090181
v -59.75072145 21.73489645 33.06459002
v -75.00385092 13.47397532 27.56063692
v -78.85348499 3.58250962 34.78736145
v -97.57527863 2.86947583 48.71786737
v -55.25396033 17.57590748 21.58273392
v -44.89657660 -1.63258714 26.15327513
v -42.59604538 -5.88829784 21.68124320
v -105.66443837 -1.87881323 26.41121415
v -34.04996874 15.82152674 11.02214229
v -26.08763545 12.80367051 12.24976217
v -102.50188623 11.04012145 42.96014136
v -54.61600640 6.31647198 24.83724304
v -61.20417943 6.15400283 28.77464777
v -23.10075917 4.48792457 32.17009801
v -18.55518362 -8.18111534 16.80477837
v -100.45939973 -1.75300620 23.81794192
v -62.73002716 9.44047111 40.81460323
v -46.49079676 3.05019354 15.14761484
v -103.37505126 -1.71347014 38.57213357
v -14.05794537 10.84784554 14.33707838
v -49.34129218 20.84944617 34.69842536
v -85.21898293 7.45430241 51.45029017
v -54.91325600 14.58695020 18.19605734
v -98.32775969 -2.59530246 26.93670291
v -62.46407645 13.40531448 22.20187549
v -19.72002012 7.23400406 29.49029418
v -61.02646441 9.80386285 40.34236629
v -82.16287769 11.36832526 27.75430575
v -88.91810029 2.68130853 51.05821256
v -101.94102372 6.95082508 44.48248374
v -48.31757549 13.68516644 37.66530716
v -58.75803206 21.12301980 27.44879556
v -62.62301715 7.46734781 26.98395659
v -106.50896729 11.08902111 39.64757545
v -55.18144326 6.26896713 34.45428226
v -43.61478347 0.39763924 30.60776342
v -87.84665194 14.59665250 45.48684187
v -104.33450510 21.40744993 34.11468338
v -21.48197287 -7.53714333 16.25564165
v -38.75944617 19.45284635 26.78549523
v -39.19812117 16.51157987 18.51011733
v -81.50701117 15.43569355 31.32694930
v -80.29020615 14.57325795 44.01587229
v -87.09431733 16.70398885 31.05747275
v -72.15994939 10.45170238 45.34207033
v -40.22854089 -5.41345718 26.55440579
v -22.21238266 13.33097120 27.18272570
v -82.89464257 10.91138148 27.56868664
v -17.46153649 -4.03336080 15.98071710
v -29.08269210 17.75773064 25.17947140
v -39.87478720 4.29947803 12.28662708
v -43.15400145 -5.03174541 19.51688719
v -106.22220503 10.40717071 40.03387456
v -48.04887701 2.32001407 28.70269678
v -49.27318907 13.28491179 14.68712543
v -83.86560868 6.29354563 31.03618811
v -94.73901224 11.45189356 46.94862632
v -52.51509677 16.91066743 20.77223945
v -47.10000934 0.13657306 20.95872173
v -71.89684539 3.57087697 36.67953290
v -43.98997372 0.18708261 15.99033017
v -59.90588378 8.53188864 24.41598508
v -18.32376362 -14.72025696 21.58650779
v -44.54458246 12.15689841 10.54501105
v -103.70600394 7.57133179 42.89799980
v -77.10525852 17.12404597 39.60143738
v -76.87102507 2.29179314 41.67200735
v -47.53715926 4.12856560 15.08637072
v -54.89510674 21.43527495 30.63698313
v -69.18342976 4.61825045 33.03779381
v -47.15507205 19.49076962 34.14897877
v -58.36357959 12.76532800 40.60603526
v -40.87095828 3.21045009 34.19066907
v -33.39158404 16.43379027 12.46179216
v -88.55549684 9.67035697 24.44514037
v -57.28916294 17.24395426 21.99523195
v -78.65527342 4.96646848 33.25031724
v -39.95431892 -6.21304374 17.75240900
v -46.40503836 1.71430732 29.72756803
v -18.31902416 -6.17253212 25.43515095
v -63.53787738 5.93072366 36.70473952
v -90.21908563 5.75034789 51.05423560
v -77.17234870 15.60288248 30.75998578
v -108.19475434 0.97127372 28.36986512
v -82.21992124 15.68293020 31.60785700
v -13.47779770 -9.14465271 21.73334487
v -84.01707421 17.84116955 34.31690289
v -94.00264551 21.70199371 36.20346578
v -60.12373085 5.95880388 29.55538890
v -100.63413556 17.10013972 30.85199743
v -44.73334076 19.12921241 32.73149368
v -15.19540947 10.90624049 20.80687053
v -64.58123429 11.43236490 23.72512691
v -63.81556383 21.38036912 30.23594433
v -104.97225103 12.32197524 30.79323854
v -64.35458493 14.70647646 41.58968685
v -55.67953074 13.93393447 18.18119335
v -49.51330501 9.42912280 13.37846002
v -105.87897341 6.92355346 29.65485772
v -73.39137217 3.53383903 40.75277833
v -44.18779371 -4.29204601 20.40674815
v -75.77410378 15.83515906 41.43163814
v -39.06068831 -1.26116147 31.39769916
v -50.12212302 7.20617606 16.33622553
v -98.40085846 -0.13698920 34.18644307
v -77.76329398 2.52557439 44.07389300
v -91.36249574 20.81810545 40.48587374
v -47.18868738 1.99069254 29.26281104
v -31.65498778 -10.85796462 17.96121426
v -28.39578036 -13.99882572 25.89717165
v -66.75930713 13.38079685 24.11169022
v -98.47635607 2.20587929 24.74978284
v -14.71965949 2.34632234 25.03314019
v -45.78500378 19.87163625 30.84844593
v -41.63993378 10.71572741 35.19832429
v -29.86470010 16.52933336 29.99955281
v -48.78722784 17.02056629 22.69239913
v -9.75952001 1.04545285 20.01381834
v -109.99546748 10.65362868 32.64731233
v -83.14050640 15.97576002 31.85075437
v -76.76375314 17.61429177 36.24502080
v -37.02522045 16.34451356 13.92245762
v -67.05078615 8.05670499 27.08860470
v -10.31718639 -3.51930667 18.89420414
v -56.40840093 21.68552827 32.19558849
v -21.22502668 -3.80169554 28.07091496
v -66.24675567 16.37611649 24.91243593
v -19.82011028 9.81787276 12.09378064
v -48.25223204 11.73570791 37.47765991
v -13.22918932 5.06174431 21.52817409
v -15.11734794 -8.40531948 22.98955725
v -13.67523246 3.49275570 15.18084495
v -39.75720889 17.14438203 19.84989100
v -28.26912165 -9.76198448 29.37254884
v -40.35324436 13.72508437 10.45693026
v -20.04155566 12.72020686 16.43256572
v -14.37181097 -7.58622989 17.88962070
v -80.47968751 12.66029347 46.48817850
v -24.60899235 13.52315195 29.15346254
v -26.45509120 0.57031191 33.61877962
v -27.11894164 5.59286105 34.60483953
v -100.54644731 0.07231841 45.64554938
v -30.08524058 5.07072531 35.43558821
v -74.65983371 3.17583118 41.82684088
v -34.61326404 14.68229571 32.57003568
v -54.48197601 12.26885713 39.75558117
v -42.77871322 -5.64867085 22.43635205
v -62.63388757 5.85735878 29.88268166
v -73.57944084 13.41595759 26.90853303
v -75.14419413 7.49863119 30.21110257
v -38.71280364 -8.16529302 18.64435791
v -12.75970179 6.96816492 15.93090193
v -70.78297481 19.26556477 34.67440900
v -42.54307268 1.60522363 32.57794896
v -46.17871605 6.96046046 11.72362048
v -28.84948148 17.66960480 25.78734392
v -14.11718156 11.14749282 16.27172911
v -95.67102638 19.85944906 41.87041970
v -99.81052412 22.76718210 38.91578382
v -48.39706267 2.33368117 20.84783056
v -22.94503400 -6.92122943 28.00829522
v -26.44927947 7.05310150 33.95388989
v -105.86883871 3.38565017 39.55305531
v -65.64258237 9.92634970 42.32311136
v -52.14365929 6.97011662 20.76921944
v -30.98280423 15.30092298 11.22024808
v -91.55397067 20.61884578 35.53122885
v -90.25914096 10.01026773 24.23714219
v -49.24942351 18.80037049 36.44109443
v -84.22649471 17.45610204 42.49845271
v -100.11045604 1.69979803 46.76584068
v -56.14883975 15.64704555 19.96867177
v -106.45376372 20.86447419 36.86341828
v -58.58575617 15.86719734 21.58527004
v -47.88305293 3.96246467 32.51625622
v -23.94109078 14.96501605 24.40631919
v -34.17740049 16.15668094 15.12722834
v -57.38492556 9.47529423 21.88119070
v -96.28918420 -0.25962806 46.90834986
v -61.59348705 10.58000381 40.93145172
v -22.33534960 -5.13671631 28.38991277
v -91.40684477 0.29688019 45.73509996
v -23.58383767 -16.45411869 21.73329253
v -15.55009995 -12.65040323 22.14969267
v -97.24562712 1.32052535 38.91517558
v -42.16167259 -6.01631484 20.35503640
v -42.63149340 6.53178708 11.16260917
v -69.33219154 5.36888826 40.12402691
v -94.30006235 3.04030509 33.56243363
v -93.34118617 1.31126077 26.80739041
v -22.39744446 -16.26610408 22.47634955
v -51.83004090 5.27251939 33.14277981
v -31.71683854 -5.85776086 30.42246428
v -65.01642081 15.88441981 41.09852219
v -49.81298617 6.91170931 15.20450778
v -24.65882288 -9.70957947 27.94668625
v -31.12016533 15.19329778 18.17495466
v -21.43868512 -11.86006943 25.14250985
v -48.22931961 15.39271296 16.90930130
v -28.07983043 -4.01401690 32.48857363
v -72.45098236 4.87395401 42.45892312
v -77.11138048 14.99477330 29.85470979
v -41.98758248 2.74107122 33.66457093
v -79.13816678 17.39827721 35.89344106
v -13.06309195 8.04308473 17.78298865
v -21.63738261 5.26603499 31.20931880
v -10.43652688 -4.60037353 19.99946039
v -70.68775354 7.48257287 43.58611721
v -15.62623544 0.02993366 15.53192802
v -56.54337834 20.12377014 37.69580402
v -97.89335562 -0.31501519 43.13068711
v -33.03056534 12.47398029 10.63682024
v -95.73894204 22.06489868 35.44576174
v -31.16600857 -3.50486327 32.09880727
v -35.85566174 0.44221966 33.39865393
v -79.59498956 2.73711290 36.13117353
v -69.51391872 10.38369592 44.17092896
v -22.70625599 13.12535569 17.07141406
v -58.25597112 7.58721551 37.28459175
v -31.68941193 17.67998835 29.43357725
v -91.03681628 20.09841124 41.46445618
v -14.76594284 7.76621575 22.64434701
v -82.22551477 9.17860168 29.25400637
v -48.32344071 1.55331570 25.02835236
v -103.09173184 1.67524598 42.31169336
v -104.77173009 20.47403175 38.15211613
v -30.84945859 5.98933808 35.47179045
v -96.95942435 10.65567272 46.46473699
v -108.07277754 0.88307771 27.97582911
v -102.86669964 4.44863981 43.44750687
v -53.71153807 8.32707641 37.29732084
v -35.98925543 13.51104996 33.44347377
v -102.10510207 -1.68456719 40.69281421
v -56.22122993 7.97333060 37.34519631
v -18.40354674 12.55400607 20.26165243
v -40.41804222 19.50987062 26.38611436
v -55.28118647 17.94066586 22.09239790
v -55.36723863 21.55318577 31.20805389
v -43.58147812 -2.81864916 26.70305806
v -105.93178107 22.40163646 34.87158359
v -47.87926769 2.15178752 19.07831160
v -34.64408984 17.78858127 30.61656764
v -17.62502671 10.71155647 12.34308148
v -58.26264528 5.77155217 31.48274919
v -57.83088817 6.36286583 27.18623304
v -99.46883914 -2.75967785 31.48548189
v -98.62402077 3.16649939 25.12959682
v -33.44933379 8.64739998 11.60363128
v -40.22168686 11.54282693 34.78044542
v -96.63661024 22.60267944 36.56293416
v -52.90936125 21.16184479 29.63084948
v -40.80725295 17.87804663 21.28244590
v -56.78722205 12.96831601 40.32669020
v -92.73171032 5.24365681 23.39866245
v -41.76453935 -5.97249185 18.98539233
v -105.18887261 5.24869436 41.20988280
v -48.78386817 19.09177255 35.89137770
v -83.23799248 6.31697371 31.27887589
v -74.08723924 14.01988962 27.45625549
v -65.19775973 8.07868612 26.54463350
v -48.78436602 8.04854870 13.08529247
v -100.52568925 -1.16597106 42.15362006
v -65.72121565 12.88146646 23.83945415
v -105.70237077 17.92620236 32.73984150
v -49.97000680 3.07392424 26.49064057
v -24.61319644 -13.94127484 18.76840170
v -86.85115633 8.73449928 50.38128045
v -33.77376978 15.83527495 18.45446621
v -15.16861964 -6.06884971 17.05702272
v -34.55474789 8.71517325 11.27862923
v -98.62018333 7.25490733 46.81131576
v -103.59205803 -3.96684496 30.66340236
v -87.88163054 5.64025077 28.48773150
v -65.92506065 11.78393509 24.17076055
v -44.66845803 16.96292483 34.64477238
v -51.09409928 4.53589380 31.88769765
v -17.66042155 11.82351735 14.06536422
v -12.17253026 -7.86372713 19.59558371
v -92.70095255 16.55624056 28.32153945
v -25.91529354 14.03073604 13.73267784
v -102.90359834 7.55789413 28.67629821
v -58.78174178 11.56382920 20.88388839
v -16.75435623 -10.36994836 23.77071614
v -99.54607843 13.76751280 29.19656162
v -76.56512616 16.55095653 31.92218830
v -86.80816400 13.90882269 46.12094817
v -33.14641418 7.29987606 35.54225990
v -106.65922811 -1.42847176 32.65705949
v -16.33420469 2.49121227 26.88341189
v -105.59785152 -0.32166209 36.83244573
v -30.61229001 7.13459660 35.14845014
v -34.82498195 4.83113276 35.58263500
v -62.59129022 19.09925806 38.24517110
v -49.11732879 14.74961309 38.02633537
v -77.16335682 12.15939753 46.14095971
v -65.42794030 11.98424421 42.60943060
v -95.46507980 0.33563108 43.56339532
v -66.65177387 20.69852919 31.00624654
v -108.98256714 4.92182978 35.66765671
v -64.02224615 5.53929496 31.59070343
v -37.29174489 15.20107294 10.89959647
v -60.53379273 20.96461177 26.63764175
v -46.39055849 14.95221967 15.56013053
v -88.29752060 14.63988979 27.41548173
v -77.32025581 13.47286546 28.42327601
v -31.28191922 -8.30778202 28.83752006
v -36.19105730 6.10371041 35.70411927
v -38.50593168 18.84521307 30.32566421
v -45.22290159 18.52355751 33.81350098
v -29.34988453 -15.47618625 21.86437480
v -63.57728914 9.93030030 24.25027552
v -101.93842194 -2.33407006 37.40971072
v -10.03642673 -1.00099715 21.13476301
v -64.47053961 19.79735671 26.20466278
v -63.08404532 5.39450578 34.85261419
v -59.68229419 6.09444285 28.72678256
v -25.58108113 -15.26258652 25.40321582
v -110.27337158 16.75603152 34.46288465
v -54.70515774 12.89921239 17.42130314
v -51.27858168 4.14843448 25.08254927
v -31.19674074 -14.21231404 21.50975055
v -24.28870227 9.39254016 32.01222508
v -25.45490356 8.96640277 12.29954159
v -51.00595650 21.40328955 30.85015848
v -58.71517423 20.73450456 26.25051885
v -93.45810683 3.47635348 33.22262442
v -99.95401862 0.20273812 46.25927353
v -82.21049453 1.34607231 40.18603625
v -69.06558745 4.83642029 38.94560260
v -32.47428169 -8.09597051 28.31381603
v -100.95871956 -1.98739601 36.21819912
v -86.87639470 5.03871513 31.91805525
v -50.74957840 9.86377212 37.73883111
v -108.67219579 5.99293975 36.79636876
v -43.63625144 14.46742984 13.05168684
v -47.82691465 5.07471866 14.15188515
v -11.56962808 -4.24001571 21.37235792
v -98.81872756 19.63440784 41.27839332
v -53.17253165 9.98873682 38.45743250
v -57.74004991 20.39963264 25.98338690
v -95.45208061 0.35505978 29.68539717
v -74.18330205 5.08326707 32.21295166
v -20.20678264 6.85078786 12.37360876
v -51.87119353 16.27771455 19.17358790
v -52.46958841 8.50734607 37.23478561
v -29.76501161 -9.80178957 28.65156487
v -105.93754234 22.01889789 34.68205466
v -23.15914099 12.97060716 13.24544711
v -36.66230798 13.02943495 33.80416528
v -46.56948787 5.54339759 34.08886130
v -104.29586209 12.76025994 41.07651359
v -38.57288126 0.71144538 14.13569842
v -94.80372425 1.39066256 49.36413523
v -109.96296747 15.56301959 32.90275522
v -41.32302454 -4.30949533 27.03516636
v -10.38582075 1.50064813 20.86060203
v -97.18366169 1.20376257 34.77248557
v -81.50010916 3.03228956 48.26252182
v -96.90181006 -1.47852442 25.85632202
v -45.06030913 12.30488111 10.83519633
v -104.36040467 21.45998671 38.09807243
v -107.83772542 12.37643931 38.01916944
v -49.49286859 13.69093308 15.21324974
v -17.96047599 -9.67406073 17.41476199
v -99.27799686 22.20698650 34.12265580
v -90.69792361 14.20734368 26.50768413
v -17.57557467 -0.58342594 26.76115942
v -25.47672304 -8.61993544 29.30626585
v -52.12508689 12.19141682 16.10818165
v -77.40739168 5.43166161 32.68343121
v -30.43664747 18.12728845 25.50142821
v -87.72126760 13.60753066 46.47711114
v -9.99304486 -2.24883362 20.93365318
v -71.37504232 5.93250664 42.61988175
v -72.15217052 7.49497067 44.68989189
v -55.82116043 21.71549385 32.48563497
v -13.81504406 1.59855133 15.72651307
v -77.96040011 2.01076868 41.05996556
v -62.59179463 19.85605151 25.58142768
v -25.12821753 -16.39914794 24.31237100
v -51.74051710 19.00414805 26.53587497
v -31.46890768 5.44361699 13.00710144
v -15.22713196 3.20968530 14.58920651
v -51.29345367 3.97929598 26.65859119
v -84.98211846 3.49126893 35.36085087
v -82.86596168 6.93234481 30.86851524
v -80.92326478 3.12675513 35.48437619
v -80.87592166 8.56183088 50.48520746
v -71.93520940 11.09117358 45.05772483
v -81.36679076 13.54332863 45.63908947
v -45.67030459 10.65357158 36.21899617
v -14.42489299 9.02092185 12.62196692
v -99.62051933 -3.06707464 26.82305490
v -96.72184678 17.39422655 29.77822803
v -89.07203223 3.27304270 39.08746005
v -84.38800518 10.83810947 26.72017203
v -15.05561198 -1.39358546 24.25173242
v -101.02162335 -0.42116491 44.59290259
v -30.06469619 -10.32746263 27.97572008
v -87.04686990 2.41481109 39.77251583
v -59.58127359 12.83794529 40.84236209
v -84.56668720 16.78516153 43.25543036
v -107.14450529 1.68198492 36.47333401
v -11.27106517 2.55766362 18.00021513
v -67.90097070 19.55802719 28.74826046
v -50.26415784 6.50104070 18.08888757
v -80.96764879 13.25057165 28.74598595
v -87.68666041 12.49374653 25.53827623
v -26.48502213 -4.77616443 32.26961289
v -63.22962716 19.94248985 37.31890300
v -9.28931482 -0.06349229 19.89513822
v -101.89242404 21.82789205 33.96271547
v -60.81545563 15.15586686 22.16187362
v -16.84710079 10.57971563 24.84176998
v -13.23911823 4.22797335 22.38203867
v -24.00682190 13.32987305 17.91716245
v -101.27353236 -1.50386082 41.03445981
v -19.82367919 8.48168548 29.25413199
v -15.87929889 2.61885554 14.71107018
v -58.05787033 20.15931313 25.38342576
v -19.50265434 2.98538094 29.55368249
v -35.31283267 16.49373642 13.27211455
v -12.42938700 -3.88039195 21.92605659
v -64.67486324 5.06570214 34.88489803
v -33.11401669 -11.43010887 18.83990250
v -36.15372629 -10.86035082 21.38261001
v -95.16044124 10.48078204 47.28649412
v -60.33425460 20.58289757 36.68830238
v -97.73084526 4.51274262 48.11219414
v -80.79452026 2.46751531 36.64128438
v -29.92615727 -4.90513919 31.64955277
v -19.77576704 -5.96626446 26.27789349
v -22.46782576 -3.05834485 29.55815988
v -25.64788067 -12.36205915 17.88474735
v -104.11228015 19.45334889 33.09716908
v -58.47617462 5.90895700 33.97763933
v -46.22024565 14.64321701 14.80950197
v -108.31588981 7.85265880 37.91327551
v -18.33417757 12.12663745 25.25504686
v -103.31982008 -2.98318543 35.44660552
v -48.79407211 8.14148390 35.88500404
v -97.55989355 5.71547082 47.86478716
v -71.19489081 14.60375952 42.57056937
v -66.94217955 13.09472995 42.90310955
v -65.56775171 19.08462904 26.19793434
v -69.69920749 12.98147683 25.34399776
v -52.85215360 16.18248651 19.16313554
v -43.12453746 16.11492176 34.30578366
v -45.87065509 8.13506809 35.40913538
v -78.16037720 2.10927241 39.00552490
v -20.89812299 11.17949847 28.63079795
v -86.94160951 5.11710774 52.14496061
v -22.14521234 13.12474118 19.07656039
v -88.61072560 0.80202941 48.43384619
v -30.43337839 17.71759401 23.40950004
v -78.26837692 4.04802568 34.22269325
v -47.21324573 14.50819553 37.03717530
v -46.94995347 15.43936927 16.79593879
v -14.22222821 -1.25517219 23.74773977
v -14.05447518 10.95886670 15.03957643
v -109.16211117 6.70963674 36.33988338
v -61.69876562 17.56980775 24.05307855
v -102.31624441 18.29308587 40.40326840
v -101.92459687 9.09855793 28.77246793
v -105.76154262 2.64880519 27.68980435
v -103.36258144 22.11913486 34.37777398
v -18.97429278 -15.11942410 22.43172863
v -90.35434286 11.86660032 47.86126941
v -46.66791608 15.21422715 36.56785905
v -91.80956740 14.36290665 45.56192428
v -48.07098662 17.53030795 36.39951102
v -69.93680181 13.40315440 25.36305392
v -57.64956629 13.25165405 19.54043074
v -23.82692583 6.63762919 12.44394078
v -19.85714963 13.21730927 22.47739955
v -37.84015031 17.20777430 32.34609828
v -13.49243902 0.32700814 23.62796372
v -109.24430324 7.95258535 36.60108345
v -47.48445115 2.21462956 17.83296639
v -98.07512841 -2.49068723 28.93715427
v -21.76958469 -14.97361639 24.01134472
v -13.47670353 8.54501481 18.85150403
v -101.30453407 -2.82478341 25.08647086
v -63.16284713 21.34244008 28.26420057
v -105.47323747 12.85256356 40.20444604
v -94.64829915 20.17555512 31.91126696
v -27.93607865 10.60113795 32.70656249
v -13.06203596 5.90667412 14.94804456
v -83.83282321 12.94129603 28.04458960
v -47.75391635 20.29204959 33.30775447
v -56.92774940 21.31090555 36.21215497
v -19.92737865 12.32776420 26.69806324
v -92.71871535 21.42861049 37.19911856
v -43.09247177 6.46683196 34.92431112
v -44.70211907 11.12740289 35.95343738
v -83.14694571 5.58870848 32.12108913
v -54.01183621 15.14765910 18.21148608
v -12.18219173 -6.01386778 18.46925346
v -77.79250360 2.86607916 36.13984165
v -43.64614292 19.31755514 31.50279622
v -45.49779221 19.42409476 32.87812189
v -96.85462845 13.51108668 45.02937340
v -80.09954162 5.53601816 49.96417058
v -16.43099526 -7.73818248 23.86781855
v -108.12018968 1.09185488 33.60952031
v -21.51646676 -15.74544381 23.07982937
v -25.45491022 13.75741319 15.19476800
v -74.42539634 14.71690916 42.62883649
v -39.10458567 18.29007833 31.64375438
v -35.79965950 10.24985425 34.92309406
v -39.35805216 16.37275559 18.02373012
v -21.45075259 2.80153024 30.83460343
v -19.40846512 11.32954432 12.59742615
v -20.31056799 -15.48861957 22.59682414
v -43.94677327 5.44124558 34.47631761
v -93.12717335 16.01342256 27.97106264
v -47.32561526 1.41445984 18.71255079
v -33.70819700 1.20130589 34.17250236
v -30.76805436 14.40153059 31.63333938
v -68.09462353 4.97819133 32.41902456
v -47.07347010 18.33653997 25.74958822
v -25.08561013 -1.28524242 32.51862079
v -75.35443364 10.56289209 28.30802801
v -60.81870663 6.04711347 29.20114381
v -62.84344055 21.06535366 35.24972140
v -30.16277030 11.75568073 32.78280884
v -107.07820899 0.21444507 34.95933377
v -104.92827316 6.17324397 41.68749180
v -106.62348453 8.59454828 39.91019440
v -52.99111567 7.52641199 21.05828700
v -54.67539921 20.51106387 37.30003313
v -82.37237992 6.21931468 51.24196336
v -74.86012788 4.32835927 33.31754331
v -15.00955582 11.52841189 18.89645315
v -97.82178968 8.62013556 46.87122794
v -81.15975187 2.69385800 36.13909280
v -52.76684911 6.42544255 34.83320660
v -62.86058451 9.98006583 41.16581311
v -81.50493414 1.67754791 44.01330890
v -50.26623310 12.75675299 14.91780896
v -25.04446384 10.81714194 31.56293210
v -41.26609723 18.99330821 30.89497786
v -47.03986592 19.79562876 29.66818060
v -46.43861359 -0.91066786 22.23335603
v -35.94889273 19.28373008 25.70883883
v -67.14032927 4.75387076 36.80994833
v -11.84060723 2.32525417 17.04959170
v -27.35175316 17.10613456 25.23688971
v -98.37454750 5.93963014 47.32664573
v -97.45543534 21.85591624 40.12137029
v -23.30355897 7.57075083 32.12953542
v -109.72771513 5.02036366 34.09128577
v -28.27911441 -10.39317716 28.91671512
v -12.44496448 2.54332195 22.41462293
v -68.68742314 7.64388563 28.14600431
v -70.67604636 6.91027854 29.32932731
v -32.85774109 15.98794302 11.11384126
v -49.41991658 10.50540465 37.62037177
v -102.01298955 -3.79844500 32.74447949
v -52.28474029 6.79232081 35.30157799
v -102.53800445 7.88784256 43.82628136
v -23.38017148 1.67065250 31.80549576
v -107.81546143 2.69973076 36.33010091
v -11.84937254 3.99295970 19.34870184
v -13.98292051 1.90451329 24.19591629
v -89.91375233 6.93822109 24.03794435
v -108.52268464 18.66856280 35.94038679
v -12.76926126 -8.17849055 21.53199560
v -55.22311400 21.77902374 33.18714787
v -16.96561078 11.27189182 13.23279667
v -9.52752444 -2.63692304 19.45653105
v -58.92357470 7.76509112 37.74518043
v -49.99252011 5.68462435 18.68319913
v -97.10568497 6.31703455 47.92265607
v -81.09293578 2.14654431 37.20964314
v -109.35938424 10.47570604 32.25862894
v -110.18455143 6.01185948 33.03365638
v -64.46214072 19.58695942 25.99599966
v -21.02983395 13.59801773 23.19200527
v -49.66045781 8.12188700 14.01768444
v -84.12465602 1.32059230 41.13543712
v -81.41491524 11.84165566 27.94752785
v -51.34245988 6.48891014 34.84217075
v -63.51088715 14.53410152 41.47851625
v -109.05147592 14.93859282 36.33308090
v -86.39823341 0.99320352 46.64232807
v -95.04708602 2.16340650 40.07380370
v -64.94403554 7.24538153 39.80492629
v -93.47220367 19.36482256 30.98538981
v -97.76752839 -2.18368942 26.31697730
v -24.27258277 3.55846578 13.63635988
v -32.87485451 15.94170300 15.22507531
v -42.56337054 18.01508480 32.95088247
v -87.35197618 0.91205209 45.23804442
v -69.28140432 18.09495527 28.01380021
v -35.34944140 7.31405136 35.69981164
v -55.88744106 21.78872632 34.51124519
v -25.19080679 7.31158642 33.26096544
v -13.18472745 10.67451038 16.79296620
v -38.26459236 10.10460494 35.12420581
v -79.36519872 11.94300341 28.16069094
v -61.68422011 20.90005882 26.78807038
v -99.95128740 23.41837415 37.15297776
v -88.42298083 2.13301335 41.71079530
v -82.90648262 7.69981448 51.17850606
v -60.53206784 8.46912019 39.05890558
v -67.74931430 15.61724297 41.68422149
v -101.36543997 23.31800186 38.04869677
v -58.16594809 8.86557808 23.09659908
v -100.55851883 19.67090278 40.64391942
v -53.77978781 17.73202880 21.93273238
v -65.13113417 20.43625757 27.54302435
v -105.23196381 -2.91432113 33.03753774
v -39.19315449 8.23233640 35.47266033
v -59.49409033 20.17127053 37.30777169
v -66.30439571 17.84132104 25.72611940
v -90.46646754 2.88270322 40.37606531
v -56.13279907 11.16221753 39.89695060
v -34.95152994 -10.64977015 19.18801988
v -51.86356469 15.84066634 18.08552403
v -34.22338338 16.49625712 13.55714261
v -60.52392234 13.11030748 21.40471668
v -77.72241350 7.66334643 30.80493385
v -98.09059826 20.96890279 40.72050840
v -33.28204673 5.36418704 35.68298639
v -54.31769436 20.56034504 27.89079250
v -21.89267378 -15.45181749 23.71445999
v -18.10695122 -2.31374285 26.51397846
v -45.76313487 2.43606770 15.18547654
v -95.24953403 18.30996833 30.05967880
v -66.79110784 14.04230810 24.13819940
v -27.73884052 14.73952018 30.41252213
v -92.49453850 19.06493190 42.46197529
v -88.48076382 20.08832731 39.66211232
v -29.25098170 17.06214199 28.98526614
v -63.25973227 8.72578183 25.46793685
v -95.71352270 6.14866439 24.79399476
v -106.40781014 7.34975001 40.26066199
v -74.94416546 11.28891329 46.16024982
v -27.96904467 8.23875376 12.54315591
v -71.46699252 4.99880203 41.52186990
v -23.05025266 -4.32649000 29.51324914
v -56.13057153 21.46585766 30.68456380
v -98.81028665 -1.28093281 32.87182395
v -23.09020026 -16.46341282 22.11209183
v -18.70936348 9.95633526 27.46485220
v -105.05249869 10.62855129 41.08163828
v -77.84467495 16.69210772 40.67789123
v -49.20473475 20.08200984 29.36117384
v -26.75435308 -2.98837426 33.04826235
v -72.15511679 6.38334643 30.22221957
v -62.17209766 5.54232901 31.77144971
v -31.24935695 16.01672923 11.63485790
v -49.42527198 2.80562597 23.76514169
v -31.45774848 7.81789425 12.31766277
v -40.68037636 12.97586764 34.47215635
v -110.02165569 6.92959224 34.72827025
v -67.07426107 11.09933765 24.89944075
v -89.51099549 6.92729171 50.68234802
v -69.51980699 19.73381742 31.72615542
v -65.95363093 11.00457195 42.73905589
v -87.88901861 1.32297815 43.77624872
v -35.98978927 14.83800053 10.56014863
v -83.18127209 14.41159662 30.02364738
v -37.74021612 0.28816152 32.95550599
v -67.74811957 9.99763432 25.78638837
v -77.91547107 8.70847209 30.11141040
v -72.74107837 11.80956747 45.05008300
v -57.95603711 14.34721228 20.30242413
v -68.87375549 15.03146105 42.18077599
v -74.81491128 8.80711302 47.00828291
v -20.24028662 12.98771398 25.88997091
v -100.85539363 -4.03449355 29.76687559
v -14.72448696 9.74740647 20.94401885
v -61.64554115 5.88525161 29.77122655
v -24.82639106 6.53271865 33.22620411
v -56.08785589 21.35802180 36.26738764
v -11.48816407 3.35921575 19.88271392
v -101.50775756 2.32899301 25.94377349
v -46.51174631 19.73324300 33.18405915
v -109.80855710 9.67635362 32.39984891
v -73.67167939 4.92977513 32.30151019
v -88.47775881 19.72477776 40.97063113
v -29.97686810 4.61578528 13.29664619
v -76.27135672 11.91517614 27.89945126
v -26.07952410 7.53998893 33.61023481
v -84.16810670 11.79357826 48.21604086
v -38.62963561 -8.41802233 19.20993166
v -22.84717896 13.20115898 15.84487759
v -89.85833252 0.67270513 44.88374837
v -45.49581173 12.50790587 11.21288517
v -72.46233205 14.69842647 42.50228404
v -47.47218301 3.53107951 32.12430314
v -80.87539095 2.26621650 45.51931749
v -41.24308808 16.31716586 18.07032885
v -97.97532711 -0.35208833 23.85956663
v -70.14325037 6.34758471 42.10154643
v -45.38126475 7.81644277 11.08768516
v -43.16129406 -2.08660103 17.23318322
v -29.57362370 13.23386601 31.90465617
v -21.20607242 -10.10285376 17.03402516
v -42.63677067 16.68645601 19.39051314
v -70.94446214 11.95899236 26.08549498
v -101.17889108 -2.33631098 35.45323425
v -42.35321061 17.12197983 20.35578248
v -38.67759923 13.23538320 34.08468501
v -90.23657201 0.31730630 46.37356632
v -84.51661517 18.92833442 39.25152120
v -28.27582595 13.50292176 31.37300323
v -16.01895072 11.94454888 20.65422176
v -15.89377542 11.26120013 13.96021529
v -63.78349749 5.81120944 30.37775893
v -37.38766785 0.87648907 14.02249530
v -83.12464958 3.47985141 34.97004548
v -29.93604550 18.01670149 25.84235974
v -84.91798534 1.22937247 44.53590454
v -96.79533418 1.91729923 48.96572554
v -78.06467612 12.36635235 28.04062273
v -62.10754896 20.45292864 26.06217234
v -53.01162278 16.58655933 19.94170454
v -102.47661739 9.86766792 43.40305222
v -20.96198495 9.22519370 29.97888861
v -43.59050631 -1.63866723 28.03102354
v -101.32159787 18.36024060 40.91863166
v -17.59700435 10.11340054 26.07412369
v -19.38395172 -5.15005986 26.38187764
v -101.13372106 21.53050800 39.49068730
v -70.58088254 15.17918905 41.95661161
v -34.29894854 -7.30491876 28.11067943
v -25.86877226 1.29903842 33.36868219
v -14.56483185 11.36054415 17.42035022
v -15.94633741 9.11276317 11.86347021
v -43.62192351 19.36553787 27.18906581
v -78.69582250 15.15549507 30.70864936
v -50.97135844 21.82449179 33.31282001
v -58.81023252 6.36051129 27.52008735
v -83.41430874 1.17124510 42.28073497
v -101.15387307 -3.15741411 26.12030569
v -106.89322692 7.93391752 39.67423623
v -22.21306212 13.78265546 26.33050912
v -96.17848548 0.26428942 30.76742546
v -42.49600831 2.35782404 33.24665572
v -36.42902168 19.26967479 26.90208716
v -13.21272972 -0.68048854 23.22114112
v -65.98078646 19.67880556 37.46553082
v -80.80107473 10.48538816 28.75178901
v -22.60531959 11.67195698 12.50393722
v -52.12507717 20.97477773 29.45651866
v -27.24423522 13.17642057 12.00602692
v -84.29551432 18.73446527 39.86413233
v -97.38557305 21.17326078 40.71933101
v -91.43159695 17.56230269 43.32600441
v -67.44603056 19.26311831 27.77600085
v -53.10540484 17.34459155 38.73502261
v -78.09862405 14.66117977 29.81294685
v -74.66844168 12.15104358 27.38529899
v -98.64837684 17.04146066 42.67304816
v -44.02570597 -3.74241605 24.10642314
v -83.38367272 2.32727920 48.04667278
v -91.78526303 3.14452161 28.93446228
v -41.18286325 15.57191570 13.92975632
v -50.21309608 8.23120502 15.80201511
v -93.92340049 1.68719617 23.97570054
v -102.54162666 23.85565217 36.90591026
v -78.28717726 3.09261424 45.77492202
v -58.09213986 5.83524731 33.07099660
v -89.14073863 4.89893346 28.43032481
v -69.28924321 4.16317594 37.18543032
v -82.30892854 1.47662340 39.48985219
v -76.12928063 10.56708341 47.12685551
v -14.30052796 4.18776710 14.50271394
v -106.43687488 5.50648800 29.31756541
v -18.26458347 -14.46314360 21.09868564
v -96.94953955 22.80036547 37.76567322
v -97.25636747 4.94750971 25.13825102
v -85.24853635 1.67862863 47.88831369
v -44.79725429 5.99256253 34.54423111
v -63.49098489 15.99436394 23.81142379
v -108.04561071 8.45720009 38.26376610
v -9.33473157 -2.10136345 19.42625216
v -14.50180262 9.96693678 12.79667562
v -32.98710174 17.59372344 30.20009082
v -102.20285292 18.83692847 32.20615547
v -88.65113957 10.22960121 24.37134092
v -28.28570437 -5.99880565 31.58880352
v -15.25733479 11.43944617 15.84106491
v -46.28601048 16.04816050 18.59471530
v -102.00309696 21.84389958 39.02455084
v -77.97759807 17.48330715 37.27164939
v -32.78373966 16.41661786 13.35950969
v -104.74617582 14.71539878 31.25351087
v -61.79941898 13.53541676 21.79602315
v -36.75615782 11.70205593 34.42527799
v -14.90287308 -10.76951325 19.30014780
v -99.47621891 1.45647577 47.58677132
v -46.42653416 16.02124375 36.10899038
v -56.08167766 5.95437886 33.63725245
v -81.87516447 5.92928431 51.02829631
v -18.49616960 12.76445012 21.52149058
v -96.81826646 22.29614451 35.24882073
v -100.14445856 20.28235396 40.50248562
v -46.86361517 1.15932776 18.03393932
v -62.13490312 12.41372046 22.16421758
v -72.61210950 8.08198344 45.34386515
v -50.22886081 3.37724275 27.68085225
v -85.03789432 6.85073181 29.66262206
v -44.09000291 3.75862903 33.66631508
v -91.50210588 4.97655496 50.86319041
v -104.21199701 17.23553214 39.62598452
v -50.23146990 14.09587495 15.88840471
v -52.96987430 7.56840874 36.38839051
v -46.02804975 15.35754801 36.17904583
v -85.77401901 13.39636704 27.90263264
v -46.40176923 2.30906679 15.99518294
v -21.07347863 8.06973523 30.47557482
v -79.15199692 2.10306926 43.78522724
v -80.27996964 13.84876867 29.39945131
v -50.94107625 21.26096329 35.40703061
v -99.34916929 -3.16941350 27.58595252
v -78.90101460 4.45784649 33.77894171
v -15.20839829 -12.44389891 21.09829524
v -17.06628579 10.06871162 25.44967108
v -45.70023776 7.52037827 35.04574002
v -72.84688259 4.16921498 41.67709709
v -102.89161672 9.09590232 43.34867492
v -102.95778120 23.64000576 35.95476194
v -89.11030964 1.89971077 50.33216888
v -99.55132551 14.15439898 43.51036133
v -29.46651249 -11.75820356 27.11054467
v -74.66356979 3.38340517 35.42660195
v -14.52967218 -11.13189232 20.05273937
v -88.93057754 2.93950739 39.87659399
v -20.95002945 12.86546981 14.40406392
v -40.43076002 -7.05524115 23.86304667
v -9.99047079 -3.29493799 20.44759999
v -109.76308340 5.29819715 31.52947234
v -48.27377567 20.71071031 31.26390834
v -35.41274790 -3.63807662 15.58093977
v -28.85372354 -2.86038255 32.92465460
v -48.45817739 16.94618051 36.93289376
v -83.77868603 11.38642038 26.92814277
v -20.47236968 8.16152740 29.95676367
v -25.93180212 -3.50938396 15.39769934
v -99.94918892 -0.91630811 43.81291320
v -23.07161561 13.27209051 14.65772903
v -88.17960169 5.19279243 29.98415731
v -98.52011753 23.14752456 37.31042075
v -31.53531190 15.79386886 11.35068842
v -103.15325976 -1.96915574 38.31176469
v -76.47895965 13.06675399 27.88810071
v -77.76225063 10.35863343 48.03854188
v -102.60800002 23.80648324 36.40920177
v -41.52391351 7.21783673 35.22642631
v -89.23866245 1.46391652 43.43523146
v -38.65717302 12.35592367 10.06241501
v -86.29759085 9.24272534 50.17448654
v -44.63194016 -0.12136192 16.79339309
v -68.88698344 8.16013026 27.66967251
v -91.82805288 0.15196655 47.36755127
v -72.36381898 3.37802427 37.65006777
v -95.26996989 15.66679240 44.14693784
v -63.83185755 8.78893698 25.52077892
v -54.99398081 12.70449358 39.96075386
v -61.16143923 12.14010037 41.21528161
v -87.72758105 0.63652919 46.96733545
v -100.50180279 3.65179145 45.96340575
v -54.07154257 19.85995157 26.19741590
v -77.25576942 13.17642576 28.18105596
v -37.94033703 16.18523545 15.47009347
v -36.15400396 13.47717411 10.23839299
v -17.31930690 1.38656928 14.91645664
v -18.10078352 0.21678354 27.61961217
v -98.98642477 21.83714810 39.90338726
v -11.79100113 0.54233461 16.96195239
v -88.95074535 15.83969859 28.43360092
v -88.70843244 12.77144223 47.25984709
v -20.69524610 10.59105911 28.93877221
v -47.36821241 6.28659376 34.46644388
v -95.38297232 -0.03756195 24.73113910
v -71.98055596 4.19784211 33.53927191
v -105.89200247 4.14349817 28.46303867
v -88.23044783 1.85710288 50.13506102
v -82.52624796 13.38267561 46.11613165
v -70.56296932 19.28047157 35.23959419
v -66.94980399 18.04678773 26.22021222
v -57.85511322 5.94786785 28.98748882
v -109.18180276 3.47814551 33.86155543
v -101.28776947 20.26679353 32.84648696
v -92.50813612 17.39309288 43.44411413
v -86.37663643 4.61347833 33.28621674
v -92.78984622 21.08830730 35.63516151
v -48.66002474 19.54436731 35.47305983
v -43.12263087 19.11372379 31.79371788
v -38.57022657 -8.80934373 20.33828597
v -100.25513485 -3.56453238 30.90456661
v -101.49201532 10.84870303 43.72869740
v -75.90653737 16.90733970 39.97371758
v -33.49696813 5.77155903 12.59227558
v -37.40026590 -6.95590399 17.28247690
v -46.48104794 15.90823356 18.16549177
v -11.73477797 1.07152888 22.18662790
v -86.35838851 19.18569691 40.78080321
v -48.18469071 3.05521811 30.39847784
v -36.78899540 16.38034630 32.45280994
v -100.36807576 -1.58292036 35.72105901
v -56.76443563 21.16414925 36.51724919
v -15.88815992 7.93883271 11.93882468
v -101.90795761 20.77765306 33.29907015
v -98.36118410 -0.65660629 44.12203150
v -62.23033980 16.69325054 40.24465249
v -63.01156568 19.00187422 25.00346084
v -41.71580887 -5.83530971 24.40535127
v -75.70867128 2.58119887 41.23298149
v -110.10502611 10.19706282 35.42038899
v -29.62222465 17.40211213 28.59129632
v -56.68400759 21.06654106 28.44964418
v -37.38851107 0.86614217 33.41981058
v -28.96891285 -7.94613840 30.31041332
v -50.90760590 6.72065865 19.22291693
v -49.94488796 4.97443856 33.12239369
v -96.64067302 -0.96348281 24.86490495
v -78.78647840 11.67089706 28.25925044
v -74.40788613 7.77875884 46.51135127
v -12.95826594 -9.22481966 20.10088353
v -53.68279168 21.79876768 35.49527920
v -58.90211048 10.19310631 22.05939268
v -45.41612623 9.34646531 35.75861071
v -88.81946175 13.10454827 25.64495722
v -74.40211536 13.32751940 27.23786479
v -13.13407868 7.93760692 18.31570946
v -86.46522130 3.17531270 51.09279365
v -79.12405678 1.93832600 43.01243390
v -13.02807726 0.11336504 16.36436926
v -28.19651322 13.76397891 11.76741428
v -16.88634247 10.39596165 12.32697928
v -89.57863908 16.73819890 29.08691430
v -41.13474841 15.84770946 15.79127487
v -71.12046803 14.17333770 26.11063377
v -69.70654188 15.86320938 26.37142496
v -110.67318352 11.47872153 33.64526893
v -71.47166857 5.35785217 42.06193930
v -50.36517797 16.73717256 38.03156170
v -82.52898927 9.48312222 28.79398817
v -62.53057904 19.56010342 37.75043468
v -34.12652781 16.35913132 12.08258582
v -38.74508361 -6.86048718 25.79571818
v -41.13612837 9.66669206 10.18735360
v -78.33045443 2.86388251 35.98248590
v -67.52047509 13.89057931 24.37880432
v -49.42736890 5.20930463 17.23571179
v -97.36635431 15.76621802 43.63021507
v -108.44353470 17.55939978 33.40752077
v -78.59790159 4.70976119 48.45889766
v -16.76155389 0.79840605 26.69580534
v -76.29162301 17.46802837 38.34035948
v -74.14791423 18.17159990 33.96470020
v -94.89452572 0.04681348 44.71700011
v -18.89791633 1.77915091 14.67020930
v -41.54308279 19.45730841 26.05254216
v -87.20710133 2.77877227 39.02198859
v -14.10463478 -9.07168601 22.23479671
v -37.28376388 9.70894258 35.21000420
v -96.17263620 5.62817574 48.66528822
v -91.88361890 16.53482726 43.92836761
v -55.25084349 6.56871343 24.87890325
v -12.84386355 7.98173944 15.70792512
v -102.29120352 17.32083836 31.45713788
v -75.71739473 2.55197334 39.83612187
v -49.18010726 20.99909795 34.29678587
v -95.92178397 22.17472826 39.68216734
v -52.40736804 8.00166424 19.90757310
v -14.18514026 1.38958049 15.61033006
v -51.63268914 10.97530252 16.11581477
v -38.60227965 -0.08233348 32.47192259
v -52.75754564 19.09321526 37.83095424
v -100.53184901 -1.29175291 39.92755928
v -53.21521048 19.06043586 25.14327067
v -99.25262774 4.28994705 47.03739657
v -102.36795442 0.17892326 43.18367292
v -104.48374558 -1.78035091 24.51752552
v -65.45452126 4.99723805 33.53348733
v -56.37460770 21.60342356 31.61212705
v -27.42323867 -14.45189604 25.96986222
v -50.46855142 12.31000025 38.45339951
v -53.48647726 20.17066137 27.36251219
v -29.52965636 -15.29240660 22.94534101
v -109.94654491 14.08086238 32.65728769
v -44.56383850 13.36681472 11.75711350
v -73.15792907 4.56820249 42.76563205
v -17.82218333 -5.66815092 25.20956727
v -20.86527191 7.32751898 30.41940704
v -17.39284676 3.65523522 27.89511685
v -55.60232988 6.49717934 34.92544757
v -33.50938902 -3.24893225 31.61318322
v -42.16733454 -5.31103563 18.65048730
v -44.04090356 4.16035923 12.66844637
v -30.80102198 15.40467656 15.44780631
v -58.69851433 5.88855262 29.38370079
v -13.73656278 2.75409780 23.77289631
v -53.24519272 17.11889508 20.95587210
v -45.20408091 19.23530361 27.65274988
v -90.06158384 17.83749216 43.06157913
v -101.56298011 6.05737165 44.91298771
v -89.58197212 11.03960364 24.44545711
v -87.26154412 10.15764064 25.10793667
v -58.94988055 13.77645000 40.69544677
v -62.92810548 12.06638007 22.62436871
v -43.13696268 18.50113217 32.71652611
v -32.51799189 12.86467545 32.88530286
v -108.68550903 9.44770093 37.47645628
v -51.88245426 5.79282718 34.10155763
v -20.36195336 12.53155418 13.62289353
v -80.53893818 5.45363433 32.73390724
v -81.19679087 4.38452326 49.96329030
v -58.55874401 8.56591957 38.55176151
v -59.49997235 16.22871090 40.15607780
v -58.83071249 13.06936414 20.48231098
v -53.82514755 4.86206662 30.52430518
v -101.79790037 -1.50325872 41.37643691
v -97.00411022 17.49425825 42.91713807
v -54.18202313 21.95327284 33.49940055
v -16.55443308 9.63399360 11.90928598
v -92.44018644 1.70990179 42.49880999
v -107.93481550 20.96313649 34.68680571
v -50.16328679 21.45860234 34.26286161
v -49.87341554 4.53871426 20.45385795
v -85.99849238 11.21326670 48.83907538
v -60.90505254 10.42070747 40.64826271
v -31.47786286 -12.65170603 19.16383974
v -46.72283515 20.24209133 31.78211852
v -83.79443315 12.58426055 47.29597964
v -47.80645199 10.73225351 37.02516234
v -51.33949810 8.31695412 18.07984114
v -33.54327743 -4.98320077 15.86902007
v -66.62794971 6.19797212 39.31872274
v -14.46662847 3.46257679 14.77319957
v -83.70831260 7.21171473 30.14442501
v -90.73613626 12.71344030 47.06339886
v -84.81848013 6.52833670 30.24149368
v -96.41237619 15.02395819 44.31064444
v -31.01770532 3.02777741 35.22062281
v -62.91091028 21.42244319 29.00601995
v -11.87280759 2.88315067 17.21012638
v -108.80146825 2.01265312 32.61552932
v -89.14851108 17.73849665 43.01484095
v -37.12123962 16.14616462 17.55502951
v -24.18792829 -10.92921001 26.84384020
v -23.36227847 13.77262502 21.05940750
v -88.46782607 12.46758758 25.19766304
v -93.34421713 14.51696412 45.23374600
v -46.28938314 19.05912240 33.98738803
v -102.92218986 6.88086728 43.64106019
v -81.13438106 11.61347448 28.04272926
v -32.79277629 17.90203771 29.69561221
v -25.56106096 -15.75498036 25.07052378
v -85.29167950 12.12476522 26.71447666
v -20.22773823 2.11019205 29.91216266
v -28.63342233 -7.42829112 30.76156642
v -30.79881141 7.91571278 34.89916956
v -87.92240990 11.26428483 24.72898065
v -54.87482756 7.22773843 36.06419247
v -46.69552770 6.59794943 34.67069638
v -70.77784304 7.98099314 28.38050000
v -31.64600658 16.28882271 12.88242378
v -54.26375196 5.09033547 28.30443979
v -67.70550842 7.62931948 41.79475843
v -19.14443457 -12.25596064 18.48454176
v -9.61596017 -1.43892925 18.50587537
v -49.58808227 4.65844474 32.74451688
v -90.63852910 20.09727490 34.97821953
v -36.25550227 3.79155602 35.15076111
v -94.50971133 8.40524039 25.13711518
v -110.85034628 15.24827072 33.30102521
v -25.96025671 -16.96455646 23.01077903
v -29.37874745 -2.06206042 33.21051527
v -46.78856279 7.53559820 35.07218148
v -54.01577101 9.36780368 19.66277606
v -46.37765041 11.76346538 10.87069687
v -50.50095418 6.24166045 19.07438760
v -86.04161314 1.94441879 49.38989502
v -87.30418834 1.06656695 44.48136191
v -42.04507932 1.78701937 32.97811837
v -15.04223966 11.52705204 17.80064446
v -34.96343009 3.19529751 13.30097929
v -70.15723194 12.02047867 44.15152456
v -76.90270976 14.02786439 43.78298363
v -109.65152278 10.82015859 36.05297365
v -49.10192699 2.86318481 28.20122029
v -42.79223977 19.48269923 27.90310468
v -26.97844223 -6.78597449 16.11635743
v -14.84782829 10.00520152 12.61874763
v -70.80794684 9.73600491 44.81362636
v -26.19655818 14.50204211 20.03330359
v -46.02834531 8.41837690 11.13888768
v -102.46330106 -1.93181365 39.61243786
v -43.56877991 -4.32148574 19.06151051
v -40.53583730 7.86286911 35.34577277
v -82.25654205 14.47541487 44.79003542
v -49.00308430 4.09871643 18.74106136
v -34.02514907 0.00572230 14.54052524
v -102.03791790 1.84843916 44.00176564
v -103.65443588 0.01872189 40.49479762
v -48.75332095 15.67774812 17.49374582
v -108.06995040 11.02679636 31.69930068
v -36.66944717 7.05849372 11.45511672
v -30.62061704 -13.30871624 19.39258526
v -105.93040168 21.33469596 37.10373102
v -28.08535366 -0.56157435 14.95340737
v -44.77402389 18.75828218 25.27174074
v -110.02089906 6.11452676 31.84274320
v -9.37140353 -0.53590086 20.40783678
v -25.35499638 15.93707403 25.07089993
v -101.55779321 -0.64687657 24.42146720
v -46.50876165 18.14071215 24.86234924
v -63.70556878 11.45957375 42.03967855
v -51.13823157 4.07474258 29.92368807
v -92.47954660 19.60309691 31.88669705
v -49.96768980 16.71372566 21.23740454
v -31.76892562 12.33687568 10.88099822
v -107.67752609 21.85183893 35.10557610
v -80.28394242 8.50450231 30.34642046
v -15.15559656 8.05424030 12.18260366
v -100.33761211 2.20899062 46.33146257
v -92.71494679 18.11329781 29.71357145
v -71.84765288 13.88403345 43.36471374
v -108.60917554 6.19910391 30.69104059
v -78.96072433 11.28521446 28.44245293
v -53.13269261 16.03032249 39.20426097
v -23.12159537 -13.66122853 18.72462796
v -54.71321005 21.91519313 33.94747893
v -53.14966328 5.99576661 34.35925725
v -10.06702565 -3.48598498 19.17894571
v -95.20721504 -0.04860139 25.03968197
v -20.66820870 5.93783501 30.44294315
v -16.74738745 11.93432381 18.21545535
v -45.53019419 1.53334964 16.01349739
v -13.96910654 9.95149270 13.21402951
v -35.08825345 8.92608412 35.40757156
v -55.15161575 7.51916564 23.05916013
v -110.74494634 12.60761961 33.41667003
v -28.16264235 -11.79515732 27.70417153
v -94.72419664 8.40504513 48.37763453
v -14.98656216 1.90923926 15.21257848
v -30.60059859 4.00056719 13.46498331
v -94.74745284 19.91050361 31.51227860
v -54.16911313 16.89138425 39.17470711
v -102.54570168 5.50958703 43.93838160
v -61.99478251 21.41857299 34.43013203
v -21.88135478 13.06854799 14.95559582
v -37.52672380 12.57886330 34.17195144
v -81.90054774 1.29964768 41.09845765
v -73.93969631 3.42193417 35.58100723
v -49.69478224 20.75252422 35.22948208
v -48.23197239 10.67237433 11.75351184
v -21.79498658 13.78348792 25.77902970
v -77.75080019 12.73163683 28.02882570
v -54.34192011 5.51366972 26.55921543
v -68.66792260 6.70592744 29.22306161
v -73.83142004 18.38437392 35.53372065
v -92.44408446 6.23063891 23.46638037
v -82.16879420 3.64696508 34.69082447
v -76.11554782 10.64895936 28.45783426
v -52.44453782 6.80828563 21.50765147
v -78.52185451 2.57322572 36.75113068
v -86.56637889 11.48496176 25.57287654
v -29.83718604 2.43685814 35.04818386
v -35.39037873 11.80287909 34.13923563
v -64.63479861 10.38030994 24.36727214
v -83.19376380 8.96394550 50.59421181
v -58.38665409 16.49815543 21.96993279
v -70.54343444 8.94773977 44.44241724
v -50.64931218 10.61152784 37.95626599
v -108.55133199 15.53210195 36.77233137
v -57.57611186 15.44701238 20.73492420
v -36.21771360 -1.93544167 31.74261085
v -92.65687470 0.10745332 47.64261352
v -98.16782760 0.81914862 37.25648837
v -54.74636489 17.31352114 21.10125404
v -83.77224472 10.32554707 27.37683420
v -73.02067364 3.33937290 37.24744363
v -100.10619999 8.38932820 27.67910204
v -90.23659627 18.82373083 42.43095423
v -93.54986733 20.61090675 33.20986800
v -96.33940158 19.36111206 31.10772104
v -72.37776378 11.32146899 45.15153601
v -31.32239197 17.90732398 23.25475438
v -94.23358731 16.57112673 43.77675821
v -63.31934567 7.69755711 39.34830942
v -17.18722516 11.15690850 12.93476188
v -18.74238928 3.34371865 29.02323181
v -89.83279426 18.98601172 33.00919022
v -82.21389017 7.22745175 51.09784336
v -78.71377481 14.13102095 29.50239862
v -91.36883522 3.10211285 50.97824400
v -15.39615593 6.33876634 12.74883642
v -17.07353225 -14.01017781 22.34544304
v -18.44614692 9.25803209 27.53755429
v -9.40209476 -0.76101666 18.68949657
v -34.93534904 13.90769154 10.39556440
v -79.54570821 13.27435480 28.70623717
v -45.55330166 6.18974732 11.86772765
v -85.22945705 6.93737900 51.67032248
v -13.83586985 9.98270876 18.79008624
v -29.14967531 -14.90962953 20.49224930
v -51.13959151 14.90537300 38.84476522
v -51.86682905 15.71058903 38.91398334
v -103.87189981 17.60943095 32.07556560
v -51.77877859 17.07976703 38.39417024
v -89.00540549 7.76663176 24.47772764
v -40.73932193 10.78973664 35.05592872
v -23.29013959 -9.66414630 26.93864800
v -59.09506799 6.60532429 36.12888733
v -102.67907817 2.56587701 43.21268283
v -91.96646080 21.22482665 37.57428710
v -76.94089069 15.98798368 41.47852952
v -21.13122124 -6.55035458 16.06469607
v -9.94520446 0.99041094 18.62818138
v -94.83649648 21.83203485 35.30988302
v -108.30078538 2.50367245 35.31814105
v -40.99050914 2.51132133 33.82293299
v -47.18831786 19.11593686 27.97898837
v -103.31070807 12.15285806 42.00496551
v -102.79649079 -4.28433280 30.98529955
v -95.62624331 4.78206193 49.14575374
v -82.34561009 1.23194077 42.03394940
v -102.12830028 -3.40307800 27.05056108
v -83.81116824 5.52609725 31.96198704
v -44.48691843 2.88738493 32.85055811
v -70.96017205 6.37945499 29.94888322
v -108.97830477 2.29273650 31.69912212
v -92.24745886 4.07864441 35.05131709
v -73.62140950 8.07654575 46.05975661
v -33.33010737 -10.40955700 18.21431593
v -100.43686024 0.53409547 24.76203946
v -100.29976502 14.77833412 42.92434435
v -71.33991633 4.49680208 32.92709918
v -25.27680676 -13.41904358 26.23086004
v -56.34749173 10.16530140 20.52175196
v -91.32219169 16.01269471 44.31876519
v -20.66444227 3.30937872 13.91404849
v -38.78579052 17.75232220 32.15406499
v -76.46673350 2.47180859 42.31437796
v -98.08837374 15.12632430 43.66816838
v -92.89827773 11.48385014 47.52267953
v -51.17369076 9.84236287 16.35997509
v -11.27803211 -1.50196538 21.88053624
v -107.08497952 13.30502504 38.64026376
v -57.44568146 18.50418294 23.30088652
v -89.74765039 1.11225628 44.12974092
v -21.34195964 4.39699856 30.94144744
v -14.15009171 5.16128486 14.02598009
v -42.95296738 8.10177513 10.51388909
v -77.65186681 9.68473611 29.33733501
v -23.59058206 -6.84439176 15.99558512
v -47.50351094 12.28313407 12.19678657
v -43.71656902 7.89469129 35.17714365
v -10.75454863 -5.20051016 20.23161173
v -59.66931080 21.69138753 30.93819250
v -39.25176159 12.87007845 10.14353594
v -104.57522739 22.26799727 34.59127791
v -26.98509821 -8.95964462 29.82974184
v -106.31269266 20.46144987 34.14200145
v -98.50059605 -0.18277017 46.45115260
v -30.07177860 4.32615738 35.41799982
v -86.83093679 5.62069890 30.12802989
v -26.90646237 -1.87036798 33.40448794
v -109.46264139 5.31927599 30.99805392
v -49.51082275 16.73834895 37.60521297
v -11.92843424 -5.39455143 21.41537260
v -29.75330260 2.96494940 35.16293147
v -24.17426312 13.41701586 13.60655289
v -58.15513517 6.13430776 34.42309501
v -58.37900242 18.17773527 23.28736599
v -108.16869417 9.49578214 38.03400091
v -61.29191498 21.64603751 30.83587005
v -96.79846586 2.37859445 24.15536346
v -47.18239747 5.20682626 13.42022920
v -94.35779929 4.29231991 23.66767215
v -31.58381152 -13.97817950 21.92134173
v -98.51579150 4.45514705 47.59979238
v -76.86038755 4.09646140 46.34275542
v -109.26567944 9.46803735 32.01414410
v -66.78712484 17.78721233 39.51512373
v -107.43057014 16.95787720 37.34522733
v -23.83718777 3.30728019 32.47102367
v -31.25276019 17.85709298 28.82914294
v -41.51757539 8.72541059 35.34182931
v -58.75436130 19.69262460 37.89902543
v -95.44545318 20.38869878 41.55108650
v -49.01256952 15.19216032 37.89825630
v -50.64465157 13.07531796 38.60718727
v -87.39833155 11.41068662 48.58812933
v -92.01197131 12.60230992 46.93919212
v -56.70858671 20.32611399 26.29887220
v -46.30338669 19.31483692 28.38256305
v -15.33537950 11.67311773 19.71919920
v -92.09896224 9.19549942 48.99088327
v -22.82730893 -10.81245888 17.19736851
v -102.22628457 13.41792922 42.34679324
v -55.27999478 17.06202950 20.95657836
v -30.54532511 14.77644557 11.11684820
v -90.47078545 0.61195603 48.57927476
v -35.87183306 16.37915290 14.30919853
v -50.49673412 3.69735743 28.95632850
v -82.68506682 12.82914148 28.16649729
v -49.00621082 3.77934699 31.45352121
v -45.64174589 17.74237036 34.67345970
v -105.26058854 -2.31528940 34.47249165
v -20.85367388 -14.04386644 19.39991613
v -25.04069705 3.84327098 33.27840040
v -98.68113100 -0.01568864 35.09696794
v -61.00870200 5.59183720 32.82856148
v -73.46806966 13.83541695 43.54357335
v -66.21275179 20.52918022 28.96347992
v -98.93250973 4.73465253 47.19829835
v -44.65899008 17.48845693 21.95339373
v -71.42615674 3.87912876 34.74321199
v -48.82808103 2.71772564 21.48290005
v -73.00904687 18.44753115 33.01257001
v -52.07718388 7.28549287 35.90152385
v -53.76840325 5.62391840 33.41856953
v -12.97649011 4.38997689 21.76374433
v -32.88708023 -7.34423754 28.66904949
v -31.48957085 1.30996680 34.50807963
v -83.65456209 4.92107455 32.76079154
v -59.73250318 15.57628765 21.94134427
v -66.06545814 10.01735519 25.12654059
v -103.98904127 -3.19673959 28.10055725
v -59.10863449 5.99061280 28.98672168
v -16.68746526 4.66596737 27.15318456
v -100.68344183 21.35084885 33.50411941
v -68.87897438 5.01303080 32.19181013
v -104.15129610 8.85449804 42.35156641
v -48.95831911 3.19983058 29.82016193
v -74.67337626 15.57007420 41.56525991
v -77.84293044 11.72873597 46.76200191
v -50.66484221 8.89174054 16.37014658
v -63.83300523 12.38946918 42.13425328
v -109.92650741 17.53674045 34.78149728
v -42.72214239 16.14213273 18.04355394
v -21.13324147 -8.62349431 26.07085134
v -31.47711832 16.15477691 11.72249830
v -79.26553377 7.45000743 31.11125596
v -76.03456558 16.30264599 31.19147987
v -87.67985172 6.51054183 51.62296385
v -15.32675819 9.21736788 22.82857795
v -96.44068140 0.83468457 48.53152937
v -27.01374046 13.36531246 30.85980915
v -53.55097271 18.78128338 24.14970629
v -108.83577259 10.70253768 32.00975233
v -110.72165920 15.68506030 33.96796973
v -47.39315461 1.59181275 27.84249210
v -85.22897623 11.65309601 26.35493183
v -53.87093514 4.93426843 31.04911710
v -16.48179465 -0.45436373 25.85398204
v -83.03849530 12.37698411 27.63816830
v -76.96259260 6.87101229 31.23131308
v -49.74139624 15.28062504 38.26123009
v -78.74977458 2.33606334 37.35269665
v -20.11570632 3.73708833 30.03905581
v -88.31245245 0.51247573 46.32124954
v -89.54472649 0.43558425 47.32728454
v -11.76297589 2.77726221 21.49562899
v -87.77085434 11.64280074 24.93111700
v -59.15955079 5.74871604 31.80406381
v -20.00004077 -8.66095053 25.55495831
v -102.85166205 -1.16311828 41.30519972
v -35.59765998 8.11026068 11.28128653
v -12.08650021 -2.49245432 22.10807958
v -17.13363876 4.64022416 27.56365158
v -52.36143561 16.60822641 38.82740261
v -68.28832073 16.14079115 41.14401167
v -88.27697614 2.80032993 51.13328805
v -12.91280590 7.85922580 17.29282454
v -21.16283000 7.31143934 12.27027446
v -108.75296137 7.65248524 37.29771921
v -14.02074727 -9.72461937 19.25270923
v -62.51531642 16.70947536 23.87269379
v -40.98523799 6.21462644 11.30232225
v -27.09745804 0.13175058 33.85671405
v -53.80737619 19.18781226 24.95065936
v -76.74375356 13.96858332 28.57621361
v -86.60667606 3.86725094 51.62780140
v -55.98516665 21.10732105 36.72975864
v -56.04109413 18.83496019 23.41836772
v -61.44579175 14.43558523 22.03914450
v -52.71759682 18.69865334 24.92525511
v -81.26580273 14.96317288 30.83588088
v -12.85397014 7.41737485 15.10284874
v -42.68821827 13.73835242 11.34388081
v -55.01627303 18.77310769 23.29943485
v -110.63645670 8.57194075 33.53176539
v -90.35360154 5.11789790 51.40833558
v -68.64731296 4.26272471 35.52210410
v -27.72452175 16.70848771 22.65102750
v -73.65621180 17.12806238 30.69175373
v -36.11376568 17.58903230 31.55718146
v -55.43076704 5.68221670 27.41766905
v -107.91751811 1.26301048 34.66595736
v -29.31475070 8.18217810 34.36790340
v -92.17180252 3.54558678 50.78572529
v -69.65059767 12.25848719 25.46504046
v -12.83685953 4.55523381 15.78391162
v -16.84039664 11.84323824 16.12889382
v -93.82061146 16.93099841 28.71872950
v -39.70240338 16.03038439 15.96054391
v -87.69345612 4.93684377 32.49739099
v -23.80745710 -8.85530496 27.75810562
v -36.21151260 -8.28324372 17.86478929
v -58.37905440 21.22536921 27.98457269
v -101.73545825 23.71619895 36.49515376
v -91.92919023 11.51692525 25.38203829
v -49.63640203 7.13702883 14.48914307
v -79.12604910 10.43333050 48.47416546
v -45.22952523 -1.32749342 18.51562690
v -53.03689598 21.59684238 35.85094692
v -27.15840626 -4.85526912 32.24810918
v -91.47461216 4.36529238 51.06734102
v -58.86959954 6.62132250 26.94697426
v -83.37558243 14.97975229 30.63943583
v -43.43369885 2.99496589 33.43614601
v -93.92876792 0.75481250 25.92181415
v -19.91312586 12.71302620 19.04792879
v -45.99978560 13.08656630 12.26397233
v -108.36441845 2.89233194 29.13636776
v -47.72770550 1.50739495 26.95176069
v -49.17252700 3.56219754 30.75354140
v -54.55579427 21.21334083 29.82579228
v -56.94083563 16.49089867 39.79458600
v -101.56280230 3.24827513 44.79462441
v -39.70008703 -8.03200058 21.40810987
v -39.05472103 18.90554627 30.31223051
v -51.94548360 14.86791753 39.12430784
v -101.75394417 13.42309512 42.65823390
v -49.17327248 17.19808914 23.27122222
v -51.99695123 21.99839884 33.52248722
v -91.86510817 21.23754948 39.11185219
v -19.47698975 13.04053255 24.30349176
v -27.69201698 0.57285319 34.23788480
v -59.29018215 13.26158555 20.81173852
v -67.60378796 5.45254950 31.36736503
v -96.05636526 21.35590976 33.57053028
v -44.62221745 0.62208698 29.89404754
v -53.87169741 21.95852094 34.97123844
v -108.70695370 17.65975752 36.05922405
v -13.05751921 -8.85768882 19.44459188
v -47.73972306 20.03814290 33.92087317
v -101.50052289 23.70894757 37.11052080
v -62.92198544 15.78216178 23.51419344
v -101.06807058 23.62109214 36.90125403
v -106.72077667 5.98446847 39.70612491
v -106.55498902 7.69481098 30.21205041
v -107.08652590 19.97670351 34.12884999
v -39.53543068 19.40976725 27.59659870
v -37.80775398 13.60310714 33.82381261
v -51.26173400 17.37107771 23.15761335
v -68.40201450 13.65239896 24.75384888
v -55.64813480 12.02125470 18.44735068
v -45.49288180 17.97263601 23.55361966
v -61.32098804 6.39953744 28.22818738
v -100.93806263 -2.11944458 23.90404942
v -59.64366683 9.89348996 22.75111081
v -55.29024132 9.17347941 20.89647213
v -110.60665110 16.17763495 33.93120668
v -31.97002104 17.81493874 22.53865630
v -101.86305385 -1.97742269 39.36580747
v -73.38927604 3.90376331 33.98319259
v -16.37390739 11.21590167 22.56452229
v -96.67070942 0.17541596 31.53715711
v -47.74627994 4.47027262 33.13378691
v -21.64693564 11.28979992 29.14171300
v -108.03710768 4.48644164 37.15515612
v -79.86528019 6.75978799 31.65888840
v -98.74413317 18.06086471 30.75928848
v -81.06124069 14.49473498 30.24307667
v -35.95341632 16.05048661 17.05229586
v -49.25044893 16.89904368 22.01713180
v -51.52645742 11.54590648 15.78239509
v -101.34473942 19.79857071 40.23502287
v -80.44696591 12.42175864 28.19648462
v -105.55139459 -1.00706482 25.53448183
v -95.71730171 -0.40398913 28.39645060
v -74.14676707 3.02761260 38.87129221
v -110.70822198 12.36333010 33.82460076
v -51.33144093 21.78924619 32.39478040
v -93.67337199 2.79312952 23.56389995
v -105.03304783 23.29670797 36.12796119
v -60.36325747 21.74538657 31.68075784
v -41.02214619 15.69582414 14.48768646
v -88.13712186 4.58115894 52.19938000
v -75.52514914 13.85770828 43.80840466
v -53.06541939 19.98118540 37.38445991
v -10.66420064 1.52471710 21.11769771
v -75.86960295 2.69792318 42.09727377
v -104.39798498 1.83497482 40.47260359
v -34.82415844 19.00324879 24.53493273
v -89.01529383 4.93890337 30.31051911
v -39.32428248 0.44566263 32.77067390
v -63.27835993 8.39813890 40.14830944
v -98.38392170 20.03356013 32.01051444
v -28.96066310 -8.45688650 29.92434787
v -77.75151661 6.60507441 49.00449853
v -39.07623351 16.04833419 14.15541455
v -24.44454259 -12.31017640 26.42087798
v -51.46453998 21.90411369 33.01543834
v -45.54772848 18.22811855 34.24036734
v -107.53413365 3.50530097 37.34336624
v -63.06927960 15.92981302 40.79482257
v -44.00419531 15.62590909 16.56690927
v -107.00003392 18.08720483 33.20759082
v -72.48063601 8.96683182 28.18192006
v -24.65688579 12.79156825 29.84117152
v -46.81945073 18.88347397 27.15811085
v -68.17140705 11.82525304 43.53878529
v -17.62922007 11.57698489 13.36183061
v -90.43410120 2.46274240 50.83496380
v -69.83075622 7.76389737 28.31469251
v -48.02260315 2.76393360 18.34916889
v -70.75894251 5.67377532 30.89800294
v -27.09816168 1.75567171 34.19436586
v -98.68203131 22.36003985 39.45919613
v -54.35857968 18.29125815 22.71543989
v -90.92563249 0.98539552 44.05832597
v -81.10390474 15.32176671 43.43238224
v -58.05095627 8.12594587 23.98900768
v -93.86343156 -0.05152263 46.10256712
v -21.80702922 -5.75204160 27.59027592
v -96.93898827 18.77346415 30.73026450
v -89.61886171 4.38333019 35.45051717
v -52.79255119 14.28761342 39.40880169
v -9.67733773 -2.95737391 20.12329638
v -62.02791824 7.26893181 38.14436011
v -35.68596447 16.01002517 32.32003944
v -28.85082233 5.56659246 13.04776812
v -53.87660276 4.82673518 28.97187390
v -39.22980530 -1.79252671 15.36091338
v -43.83259746 17.30947300 33.97171364
v -77.00457519 7.70630922 30.60649842
v -95.82588942 1.64077138 49.16299296
v -100.53426117 14.85015961 29.91702305
v -108.54980346 21.02258570 34.89180486
v -50.59886644 3.61760454 25.49226922
v -75.65810038 3.71821623 44.47989952
v -102.34123889 3.54865171 26.84020514
v -79.46084903 16.55724617 41.43041735
v -37.28379700 15.91442232 32.78165396
v -90.69404643 20.70666586 37.00147390
v -87.66521077 5.14868826 31.24257627
v -65.43559138 16.71360135 40.57826865
v -105.05566353 -2.51491014 27.92184125
v -100.20682175 12.23680279 43.98812877
v -30.40564562 -4.72257013 15.75258930
v -105.10803758 14.10991675 31.16157942
v -46.56891161 16.36773818 19.61825815
v -36.61680110 14.34633412 10.39066785
v -29.13766351 16.36501428 21.01808574
v -75.11743264 5.04383549 45.58810128
f 546 4562 6059
f 4562 1841 665
f 3710 5718 546
f 546 5718 2734
f 4562 546 1841
f 2734 1841 546
f 1841 2734 1102
f 158 1206 1412
f 158 1412 6583
f 965 4898 5363
f 6059 4562 7079
f 7079 4562 5363
f 5363 4562 965
f 965 4562 665
f 965 665 5098
f 665 1025 5098
f 665 1841 1025
f 546 143 3710
f 143 546 6059
f 6939 5718 3710
f 1841 6645 1025
f 2689 5718 6939
f 5718 2689 4369
f 4369 2734 5718
f 5604 4658 2689
f 4369 2689 4658
f 2734 4369 7306
f 1102 2734 7306
f 1841 1102 6645
f 1102 7306 158
f 4369 4658 7306
f 6671 1102 158
f 6645 1102 6671
f 1206 4658 2844
f 1206 7306 4658
f 7306 1206 158
f 6583 6671 158
f 5763 1206 2844
f 2949 1412 1206
f 2949 1206 5763
f 6285 7079 5363
f 6285 5363 4898
f 965 202 4898
f 4584 202 965
f 6166 6059 7079
f 965 5098 4584
f 6059 6166 143
f 1025 6645 2384
f 6645 6671 2384
f 6671 7230 2384
f 2111 4658 5604
f 4658 2111 2844
f 6583 7230 6671
f 852 5763 2844
f 3800 6583 1412
f 5763 3123 2949
f 2949 485 1412
f 1412 485 3800
f 6583 3800 398
f 6583 398 7267
f 202 4584 2707
f 6166 1309 143
f 4076 4584 5098
f 4584 4076 5189
f 1025 4076 5098
f 3710 143 7360
f 5189 4076 5510
f 7360 6939 3710
f 4076 4153 5510
f 2384 4076 1025
f 2384 4153 4076
f 2689 5462 5604
f 4917 2111 5604
f 2384 7230 4153
f 5510 4153 664
f 4153 7230 664
f 852 2844 2111
f 852 4356 5763
f 7267 7230 6583
f 664 7230 7269
f 7230 7267 7269
f 5763 4356 4463
f 5763 4463 3123
f 2949 2207 485
f 2949 3123 2207
f 5189 6184 2707
f 6285 4898 6231
f 5189 2707 4584
f 7079 6285 5318
f 5189 3257 1807
f 5189 5510 3257
f 7360 143 6843
f 6843 143 1309
f 1807 3257 939
f 7360 5462 2689
f 6939 7360 2689
f 4917 5604 5462
f 664 3257 5510
f 664 1092 3257
f 664 6422 1092
f 664 7269 6422
f 7269 7267 6422
f 4863 7267 398
f 7267 4863 6422
f 398 3800 1277
f 398 1277 4863
f 1277 3857 4863
f 803 6184 1086
f 6184 2067 1086
f 5015 6184 803
f 1807 6184 5189
f 6184 1807 2067
f 793 2067 3949
f 5015 2707 6184
f 2067 1807 3949
f 6231 4898 5015
f 5015 4898 202
f 5015 202 2707
f 5318 6285 6231
f 4946 1309 6166
f 4946 6166 5857
f 5857 6166 7079
f 1807 939 3949
f 3949 939 4572
f 1635 2111 4917
f 939 3257 4572
f 3257 2711 4572
f 6926 4356 852
f 3257 1092 2711
f 4572 2711 2116
f 2711 5340 2116
f 1092 6666 2711
f 5340 2711 6666
f 1933 485 2207
f 6422 5154 1092
f 6666 1092 5154
f 485 6427 3800
f 3800 6427 1277
f 4863 1955 5154
f 4863 5154 6422
f 6427 1933 2033
f 6427 2033 1277
f 2033 3857 1277
f 4863 3857 1955
f 1106 1086 1208
f 1208 1086 2067
f 1208 2067 7261
f 4761 5015 803
f 2067 793 7261
f 7261 793 45
f 6231 5015 7150
f 793 6619 45
f 45 6619 5391
f 3949 6619 793
f 5391 6619 6032
f 5318 5857 7079
f 6619 3949 4572
f 7360 1599 5005
f 1599 7360 6843
f 6619 1779 6032
f 5317 5462 7360
f 4572 1779 6619
f 4917 5462 5317
f 2468 4917 5317
f 4917 2468 1635
f 1779 6069 6032
f 4959 6032 6069
f 644 6926 2111
f 852 2111 6926
f 2116 1779 4572
f 2116 6069 1779
f 2116 5340 6069
f 4613 4463 4356
f 4463 5392 3123
f 4613 5392 4463
f 3123 5392 2207
f 5154 4205 6666
f 6666 4205 5340
f 485 1933 6427
f 3473 1955 3857
f 5154 1955 4205
f 1955 2599 4205
f 1955 3473 2599
f 4205 2599 1647
f 1933 1467 2033
f 1467 1778 2033
f 3857 2033 3473
f 2148 5311 6305
f 1172 1106 2148
f 2148 1106 5311
f 5311 5233 5287
f 53 1106 1172
f 1106 1208 5311
f 7261 5311 1208
f 5311 7261 5233
f 1106 53 1086
f 53 4761 803
f 1367 4761 53
f 53 803 1086
f 7261 45 5233
f 4761 7150 5015
f 1572 7150 4761
f 5233 45 5391
f 2186 6231 7150
f 5318 2186 5857
f 2186 5318 6231
f 1608 4946 5857
f 1309 7081 7272
f 1309 4946 7081
f 6032 7037 5391
f 7272 6843 1309
f 5005 5317 7360
f 6032 4959 7037
f 1635 644 2111
f 6069 3384 4959
f 6926 644 5992
f 6069 2617 3384
f 2617 5092 3384
f 5092 2617 6593
f 5340 6593 2617
f 5340 2617 6069
f 6180 4613 4356
f 6593 5340 4205
f 1647 6593 4205
f 6593 1647 1579
f 5392 1036 2207
f 2207 1135 1933
f 1036 1135 2207
f 4734 2599 3473
f 1647 2599 4734
f 1647 4144 1579
f 1135 1467 1933
f 2033 5978 3473
f 2033 1778 5978
f 1172 2148 6964
f 6964 2148 6305
f 5287 6305 5311
f 5737 53 1172
f 2339 5287 5233
f 2339 5233 7002
f 1572 4761 1367
f 6727 7150 5492
f 5492 7150 1572
f 1590 7002 5233
f 6727 2186 7150
f 5391 7037 5233
f 1341 5005 1599
f 368 2227 5317
f 2227 2468 5317
f 4959 5907 7037
f 4959 5703 5907
f 4937 644 1635
f 4959 3384 5703
f 3384 5092 5703
f 6593 1579 5092
f 5092 1579 2621
f 1579 1194 2621
f 4734 4144 1647
f 3033 4144 4734
f 1579 4144 1194
f 4144 5074 1194
f 4144 3033 5074
f 1135 5655 1467
f 5655 1778 1467
f 5978 7340 3473
f 3583 7340 5978
f 4734 4120 3033
f 2583 4113 6964
f 2583 6964 6408
f 6408 6964 6305
f 6408 2339 813
f 5737 1172 4113
f 2339 6936 813
f 1172 6964 4113
f 5287 6408 6305
f 5287 2339 6408
f 1367 53 5737
f 2339 7002 6936
f 6936 7002 4375
f 5492 1572 7319
f 7319 1572 1367
f 7002 4596 4375
f 4596 7002 1590
f 5137 6727 2907
f 5137 2186 6727
f 4596 3734 1418
f 4596 1590 3734
f 1590 5233 7037
f 1608 5137 1758
f 7037 3734 1590
f 1608 5857 5137
f 5137 5857 2186
f 1608 7081 4946
f 3734 5907 6710
f 5907 3734 7037
f 2468 6386 1635
f 6386 4937 1635
f 4937 583 644
f 3374 5992 644
f 3695 5703 5092
f 1354 3695 2621
f 5092 2621 3695
f 391 2621 1194
f 4613 1036 5392
f 6789 5074 3033
f 1194 5074 391
f 1036 5655 1135
f 1778 3583 5978
f 5086 3583 1778
f 7340 4734 3473
f 4120 4734 7340
f 3583 1723 7340
f 4120 7340 1188
f 5730 2409 1272
f 2583 6408 6943
f 6943 6408 5730
f 2409 2743 1272
f 5730 6408 813
f 5730 813 2409
f 2409 813 2743
f 5562 4113 2583
f 7003 4113 5562
f 813 6936 2743
f 7003 5737 4113
f 6936 3900 2743
f 7003 7319 5737
f 6936 4375 3900
f 7319 1367 5737
f 2188 6707 5492
f 2188 5492 7319
f 4375 2978 3900
f 7010 3900 2978
f 4375 4596 2978
f 6707 6727 5492
f 4596 1418 2978
f 2907 6727 6707
f 1758 5137 2907
f 7081 1608 1466
f 1466 1608 1758
f 3734 6710 1418
f 1418 6710 5986
f 1161 6843 7272
f 6710 4509 5986
f 1341 1599 1161
f 1161 1599 6843
f 3161 5986 4509
f 1341 4087 5005
f 5005 4087 5317
f 4087 368 5317
f 2227 6386 2468
f 6710 5907 4509
f 5907 5703 4509
f 583 3374 644
f 3695 4180 5703
f 1354 4180 3695
f 2621 391 1354
f 4613 1027 1036
f 6180 1027 4613
f 391 5074 4428
f 5655 5086 1778
f 5086 1723 3583
f 1188 3033 4120
f 3033 1188 2294
f 6789 3033 2294
f 1273 1272 1304
f 1304 1272 3206
f 6943 5730 1273
f 1273 5730 1272
f 5562 2583 5582
f 5582 2583 6943
f 2743 3206 1272
f 2743 2266 3206
f 2743 3900 2266
f 6449 7003 5562
f 2266 3900 3096
f 7347 7003 6449
f 3500 7003 7347
f 3500 7319 7003
f 3500 2188 7319
f 2907 6707 2832
f 7010 2978 5274
f 6254 1758 2907
f 1418 6889 2978
f 2978 6889 5274
f 1466 1758 6254
f 5986 6889 1418
f 1466 7272 7081
f 1161 4512 1341
f 5365 4087 4512
f 4087 1341 4512
f 2227 368 4050
f 3161 4509 6312
f 5703 6312 4509
f 6312 5703 4180
f 6180 4356 6926
f 1354 3050 4180
f 1354 5509 3050
f 1354 391 5509
f 391 4428 5509
f 6180 3309 1027
f 5074 4034 4428
f 4428 4034 232
f 1036 6607 5655
f 5655 6546 5086
f 5074 6789 4034
f 4034 6789 3982
f 5086 4126 1723
f 4126 6692 1723
f 1723 6692 7340
f 7340 1906 1188
f 6692 1906 7340
f 3124 1273 5297
f 6098 5582 3124
f 3212 1304 3206
f 2531 3212 3206
f 5582 6943 1273
f 5582 1273 3124
f 6449 5562 5315
f 5315 5562 5582
f 4457 6449 3061
f 2266 2531 3206
f 305 7347 4457
f 4457 7347 6449
f 1464 3500 7347
f 3900 4296 3096
f 1464 2188 3500
f 2832 6707 2188
f 3900 7010 4296
f 3501 1466 6254
f 3408 1466 98
f 98 1466 3501
f 3408 7272 1466
f 6889 5986 224
f 2532 4512 1785
f 3408 4512 1161
f 1785 4512 3408
f 3408 1161 7272
f 5986 3161 224
f 3898 4512 2532
f 3898 5365 4512
f 4087 1765 368
f 4050 368 1765
f 4050 4594 2227
f 6312 7033 3161
f 4937 6386 3271
f 7366 3161 7033
f 6312 4180 7033
f 4180 5505 7033
f 4180 3050 5505
f 6180 6926 3202
f 3202 6045 6180
f 4431 6180 6045
f 3050 5509 190
f 3309 6180 4431
f 100 232 4034
f 232 5509 4428
f 1027 6607 1036
f 6607 6546 5655
f 3982 6789 2294
f 4034 3982 100
f 5793 1906 6692
f 6369 1188 1906
f 2294 1188 6369
f 6692 4126 4883
f 6692 4883 5793
f 5297 1273 1304
f 5297 6098 3124
f 3061 5315 7224
f 7224 5315 6098
f 6098 5315 5582
f 3061 6449 5315
f 2531 3096 6755
f 2266 3096 2531
f 1464 305 7293
f 1464 7347 305
f 3867 3096 4296
f 1464 2832 2188
f 2832 6602 2907
f 6602 6254 2907
f 4259 6254 6602
f 6083 3501 4259
f 5657 7010 5274
f 3501 6254 4259
f 7329 98 3501
f 7329 4733 98
f 4733 3408 98
f 5274 6889 224
f 2532 1785 6771
f 4733 1785 3408
f 2532 4542 3898
f 3161 7366 224
f 5365 3898 2392
f 3898 4542 2392
f 5365 1765 4087
f 4594 4855 2227
f 4855 6386 2227
f 7264 6386 4855
f 674 7366 5505
f 5505 7366 7033
f 3374 3202 5992
f 3202 6926 5992
f 3050 7256 5505
f 3050 190 7256
f 321 190 5509
f 321 5509 232
f 321 232 2902
f 3309 4452 1027
f 1027 4452 6607
f 4452 396 6607
f 6607 396 6546
f 232 100 2902
f 6546 3841 5086
f 5086 3841 4126
f 686 3982 2294
f 3982 746 100
f 1906 5793 6369
f 2294 6369 3470
f 2294 3470 686
f 3212 191 2337
f 3212 2337 1304
f 191 3212 1682
f 2337 5297 1304
f 2531 1682 3212
f 1682 2531 6755
f 3728 3061 7224
f 6213 305 4457
f 6213 4457 3061
f 7293 305 6213
f 3867 6755 3096
f 2832 7293 2608
f 7293 2832 1464
f 2608 6602 2832
f 4259 6602 327
f 6083 4259 2700
f 5804 7329 6083
f 6771 7329 5804
f 6083 7329 3501
f 6771 1785 4733
f 6771 4733 7329
f 5657 5274 2196
f 4542 5305 5739
f 5305 2532 6771
f 224 2196 5274
f 5305 4542 2532
f 5365 2392 671
f 5365 671 7158
f 1765 5365 7158
f 1765 7158 4050
f 224 7366 5031
f 4937 3271 583
f 7366 674 5031
f 4983 674 5505
f 5218 674 4983
f 7256 4983 5505
f 4476 6045 3202
f 7256 190 4983
f 190 321 5926
f 2876 190 5926
f 2902 5926 321
f 3309 430 4452
f 4452 3207 396
f 100 5619 2902
f 6546 1100 3841
f 396 1100 6546
f 746 3982 686
f 100 746 5460
f 100 5460 5619
f 4883 6443 5793
f 1174 6098 5297
f 3728 7224 6335
f 6335 7224 6098
f 6755 6694 1682
f 2390 6694 6755
f 786 6213 3895
f 3895 6213 3061
f 3895 3061 3728
f 5488 6213 786
f 5488 7293 6213
f 6755 3867 5529
f 2985 7293 5488
f 5529 3867 3971
f 2985 327 2608
f 2608 7293 2985
f 327 6602 2608
f 4296 3971 3867
f 7026 4259 327
f 7026 2700 4259
f 5048 4296 7010
f 4296 5048 4019
f 5804 6083 2700
f 7010 5657 5048
f 1692 6771 5804
f 1692 5305 6771
f 7283 2392 1372
f 5739 2392 4542
f 1372 2392 5739
f 671 2392 7283
f 671 6137 7158
f 224 3551 2196
f 4050 7158 1054
f 1054 4594 4050
f 224 5031 3551
f 5031 674 5218
f 558 3202 3374
f 190 2876 2801
f 190 2801 4983
f 6045 3169 4431
f 2902 5619 5926
f 5926 5619 591
f 4792 7298 3207
f 7298 396 3207
f 5619 5460 2895
f 5619 2895 4709
f 1100 6620 3841
f 1371 686 3470
f 686 1371 746
f 5460 746 20
f 4126 5411 6443
f 4126 6443 4883
f 6443 6570 5793
f 6369 5793 3470
f 5297 2337 1712
f 2337 1481 1712
f 2337 191 1481
f 6335 6098 1174
f 4997 3728 6335
f 5124 6694 2390
f 3895 3728 4997
f 3682 5488 3992
f 3992 5488 786
f 2390 5529 2773
f 5909 5488 3682
f 5529 2390 6755
f 5909 2985 5488
f 6786 2985 5909
f 7026 327 6786
f 6786 327 2985
f 5529 3971 5863
f 1133 7026 6786
f 850 7026 1133
f 850 2700 7026
f 850 3889 2700
f 5455 3889 850
f 3971 4296 4019
f 436 1692 3889
f 3889 1692 5804
f 3889 5804 2700
f 1692 436 6173
f 6173 6892 5739
f 5739 6892 1372
f 1372 6892 745
f 6173 5305 1692
f 6173 5739 5305
f 745 7283 1372
f 7170 7283 745
f 5657 2196 3958
f 7170 6137 7283
f 671 7283 6137
f 3958 2196 4673
f 1054 7158 6137
f 2196 3551 4673
f 3551 1666 4673
f 3551 928 1666
f 1054 3139 4594
f 4594 3139 4855
f 5031 928 3551
f 5031 75 928
f 5218 75 5031
f 5218 3890 75
f 3375 75 3890
f 583 1600 3374
f 3374 1600 558
f 5218 4983 3890
f 4983 2801 3890
f 3169 6045 4476
f 3169 5788 4431
f 4431 5788 3309
f 5788 430 3309
f 2876 5926 3494
f 430 3207 4452
f 4709 591 5619
f 20 746 1371
f 5460 20 2895
f 3841 5411 4126
f 5793 6570 3470
f 3470 2383 1371
f 1481 4531 1712
f 1712 4531 6185
f 4300 5226 1481
f 1481 5226 4531
f 1174 1712 6185
f 4300 1481 191
f 1174 5297 1712
f 1682 4300 191
f 4300 1682 6123
f 4366 6335 1174
f 2123 4997 4366
f 4366 4997 6335
f 1682 4145 6123
f 4145 1682 6694
f 4506 3895 2123
f 2123 3895 4997
f 5124 4145 6694
f 3389 786 4506
f 786 3895 4506
f 2773 5124 2390
f 3481 3682 3992
f 1634 3682 3481
f 5529 5863 2773
f 4341 1634 3481
f 1634 5909 3682
f 2135 4341 4644
f 4341 2135 1634
f 2135 5909 1634
f 2135 6786 5909
f 1133 4644 600
f 4644 1133 2135
f 1133 6786 2135
f 600 5455 1133
f 5455 600 1185
f 5455 850 1133
f 5455 1185 3889
f 4019 5048 4390
f 5048 5657 4390
f 7170 745 4183
f 4390 5657 3958
f 6137 7170 3840
f 3840 1054 6137
f 1666 3712 4673
f 3712 1666 2444
f 7264 1716 6386
f 1666 928 2444
f 3271 6386 1716
f 928 75 2444
f 75 1752 2444
f 3271 1600 583
f 3890 6453 3375
f 3890 595 6453
f 2801 595 3890
f 2876 3494 595
f 2876 595 2801
f 1701 595 3494
f 3494 5926 591
f 3494 591 3335
f 3494 3335 1701
f 3207 430 4792
f 6040 591 4709
f 4709 2895 6040
f 2895 20 3782
f 5690 5411 3841
f 2383 3470 6570
f 20 1371 3782
f 6443 4074 6570
f 6570 4074 2383
f 4366 1174 353
f 353 1174 6185
f 2123 4366 740
f 5412 4506 2123
f 3727 4145 5124
f 3992 786 3389
f 5124 2773 3727
f 7359 3481 479
f 5863 4916 2773
f 4341 3481 7359
f 4644 4341 5558
f 2712 5863 3971
f 1743 3889 1185
f 1743 436 3889
f 436 4696 6173
f 2712 3971 4019
f 6173 4696 1971
f 6892 6173 1971
f 2997 2712 4019
f 4390 2997 4019
f 7170 4183 5007
f 5007 3840 7170
f 2997 4390 1648
f 4390 3958 1648
f 3958 4673 1648
f 4673 3712 1648
f 2199 4855 3139
f 3712 2444 4017
f 1600 3271 2934
f 3375 4101 1752
f 3375 1752 75
f 3375 6453 4101
f 558 4476 3202
f 595 1701 6453
f 3335 591 1695
f 591 6040 1695
f 2895 4623 6040
f 396 7298 1100
f 7298 6429 1100
f 2895 3782 4970
f 2895 4970 4623
f 6620 5690 3841
f 1371 2383 3286
f 5411 769 6443
f 769 4074 6443
f 3630 4366 353
f 4300 4934 5226
f 6123 4551 4300
f 4551 4934 4300
f 740 4366 3630
f 740 5412 2123
f 244 6123 4145
f 3389 4506 5412
f 479 3481 3992
f 7359 2050 4341
f 4341 2050 1759
f 4916 5863 2834
f 600 4644 5558
f 2834 5863 2712
f 193 1743 1185
f 436 1743 193
f 4183 745 6892
f 4672 5007 4183
f 5007 5369 3840
f 3840 5369 1054
f 2032 7264 4855
f 2444 1752 693
f 2444 693 4017
f 1752 2699 693
f 1752 4101 2699
f 1716 7103 3271
f 2934 3271 7103
f 6453 2140 4101
f 2140 6453 1701
f 6502 2140 1701
f 3169 4476 4136
f 1701 3335 6502
f 3335 1695 6502
f 4792 654 7298
f 4623 2055 6040
f 6429 6620 1100
f 3782 1371 3286
f 5690 2310 5411
f 2310 769 5411
f 769 3084 4074
f 2383 7108 3286
f 4074 7108 2383
f 4531 6747 2634
f 4531 5226 6747
f 4934 6747 5226
f 4551 4185 4934
f 4185 6747 4934
f 244 4551 6123
f 3116 4551 244
f 3727 244 4145
f 2655 3992 3063
f 2655 479 3992
f 3727 4916 367
f 3727 2773 4916
f 4916 2834 1213
f 5558 1759 3377
f 1759 5558 4341
f 6610 600 5558
f 6610 1185 600
f 436 193 4696
f 2834 2712 1477
f 1477 2712 5906
f 2712 2997 5906
f 236 5906 2997
f 236 2997 1648
f 1648 3575 236
f 1648 1724 3575
f 5007 3524 5369
f 1648 3712 1724
f 1054 5369 3139
f 2199 3139 5369
f 4017 1724 3712
f 2032 4855 2199
f 1337 4017 693
f 1716 7264 2032
f 2140 2699 4101
f 6502 5054 2140
f 4705 4136 4476
f 3292 1293 6502
f 6502 1293 5054
f 3169 3638 5788
f 1235 4792 430
f 3286 4970 3782
f 6157 2310 5690
f 4074 5977 7108
f 3084 5977 4074
f 6185 4531 2634
f 6747 4185 6868
f 3923 740 3630
f 4551 4490 1202
f 4490 4551 3116
f 3941 3389 5412
f 3063 3992 3389
f 244 3727 367
f 6103 7359 812
f 812 7359 479
f 993 367 4351
f 6103 2050 7359
f 4916 4351 367
f 993 4351 5223
f 4351 4916 1213
f 7372 5558 3377
f 4351 1213 955
f 7372 6610 5558
f 4696 193 6806
f 1213 2834 1477
f 955 1213 3167
f 1971 4666 6892
f 1213 1477 3167
f 4666 4183 6892
f 4672 4183 4666
f 127 5906 236
f 2199 5369 2295
f 2295 2032 2199
f 2031 1337 693
f 2699 2031 693
f 2770 2699 2140
f 5054 1293 6721
f 6502 1695 3292
f 5788 1235 430
f 3638 1235 5788
f 1695 6040 2055
f 694 6157 5690
f 2310 3866 769
f 3866 3084 769
f 4046 6185 4803
f 4803 6185 2634
f 6868 2634 6747
f 4046 353 6185
f 3630 353 4046
f 1202 4185 4551
f 4778 740 3923
f 3941 740 4778
f 3941 5412 740
f 3063 3389 3941
f 1729 244 367
f 812 479 2655
f 993 1729 367
f 1582 1729 993
f 993 5223 1582
f 2099 2050 6103
f 1400 1759 2050
f 7239 5223 500
f 1400 3377 1759
f 5939 5223 4351
f 500 5223 5939
f 955 5939 4351
f 193 1185 2460
f 955 3167 129
f 6806 1971 4696
f 127 3167 1477
f 5906 127 1477
f 127 2497 3245
f 127 236 2497
f 236 3575 2497
f 2497 3575 4668
f 4668 3575 1724
f 1337 1724 4017
f 6527 2031 2699
f 2699 4230 6527
f 1600 2934 3855
f 2770 4230 2699
f 3855 558 1600
f 558 2702 4476
f 5054 2770 2140
f 2770 5054 6721
f 1695 5741 3292
f 4970 1734 4623
f 6620 694 5690
f 5977 92 7108
f 92 3286 7108
f 478 6868 1683
f 4803 2634 478
f 478 2634 6868
f 6868 6227 1683
f 3923 3630 4046
f 6868 4185 6227
f 4185 1202 6227
f 6632 4490 3116
f 3116 1729 6632
f 3063 3941 5321
f 244 1729 3116
f 1729 840 6632
f 840 1729 1582
f 7239 1582 5223
f 3493 2050 2099
f 500 5939 5904
f 5939 129 5904
f 7372 1185 6610
f 129 5939 955
f 2329 193 2460
f 129 3027 5764
f 6806 193 5732
f 3027 129 3167
f 1971 2210 4666
f 3027 3167 5710
f 4672 4666 326
f 3167 127 5710
f 127 1615 5710
f 127 3245 1615
f 5710 1615 3118
f 575 5007 4672
f 575 3524 5007
f 3118 1615 5294
f 4668 3245 2497
f 3245 4668 1615
f 1615 4668 5294
f 2295 5369 3524
f 1337 848 4668
f 1337 4668 1724
f 1706 848 1337
f 2031 1706 1337
f 1706 2031 6527
f 1706 6527 38
f 2032 2736 1716
f 2736 7103 1716
f 1929 2934 7103
f 4230 6569 6527
f 2702 4705 4476
f 4230 2770 6721
f 1293 2407 6721
f 4136 3638 3169
f 1695 2055 5741
f 4792 6282 654
f 1235 6282 4792
f 654 6543 7298
f 4623 1734 2280
f 4623 2280 2055
f 6429 694 6620
f 4970 3286 3022
f 4970 3022 1734
f 6157 4798 2310
f 4798 3866 2310
f 3866 4430 3084
f 4430 5977 3084
f 6823 478 4301
f 6823 4803 478
f 4046 4803 1245
f 478 1683 4301
f 1683 6227 3462
f 4778 3923 5646
f 5646 3923 4046
f 5321 3941 5775
f 5599 1202 4490
f 4676 812 2655
f 6103 812 4676
f 1865 840 1582
f 1865 1582 7239
f 7239 500 5904
f 1185 7372 2460
f 129 3912 5904
f 3912 129 5764
f 3912 5764 245
f 193 2329 5732
f 2780 2210 1971
f 2780 1971 6806
f 3027 5710 5764
f 5764 5710 532
f 326 4666 2210
f 5710 3118 532
f 1486 532 3118
f 1229 5294 4668
f 3231 3818 3524
f 2295 3524 3818
f 848 1229 4668
f 1111 848 1706
f 848 1111 5147
f 848 5147 1229
f 1706 38 1111
f 2032 2295 6992
f 6992 2736 2032
f 1929 7103 2736
f 6527 6569 38
f 1603 6569 4230
f 4230 6721 1603
f 3292 3345 1293
f 3345 2407 1293
f 6721 2407 1603
f 3292 5741 3345
f 2055 536 5741
f 5741 536 508
f 2055 2280 536
f 6429 2408 694
f 694 4929 6157
f 92 3022 3286
f 4929 4798 6157
f 3866 4479 4430
f 4301 219 1889
f 6823 1245 4803
f 4301 6879 219
f 1245 5646 4046
f 7183 6879 4301
f 7183 4301 1683
f 7183 1683 3462
f 923 4778 7231
f 7231 4778 5646
f 6227 149 3462
f 923 3941 4778
f 90 2099 6103
f 840 1865 6632
f 1865 7239 6483
f 2708 6483 7239
f 1400 2050 3493
f 2708 7239 5904
f 5861 2708 5904
f 1844 3377 1400
f 5861 5904 3912
f 3912 5448 5861
f 3410 5448 3912
f 5448 3410 4603
f 245 1746 3410
f 3410 1746 4603
f 3410 3912 245
f 245 5764 532
f 2969 532 1486
f 3817 4672 326
f 575 4672 3817
f 3118 3635 1486
f 3524 575 47
f 3635 3118 5294
f 3635 5294 6023
f 6023 5294 1229
f 6992 2295 6404
f 1111 4998 5147
f 3385 38 6569
f 593 6569 1603
f 3855 2702 558
f 593 1603 511
f 5486 2407 3345
f 1603 2407 511
f 2407 5486 511
f 5741 508 3345
f 1923 3345 508
f 2280 7001 536
f 6282 6543 654
f 7298 2408 6429
f 6543 2408 7298
f 4798 4479 3866
f 5977 4430 92
f 1245 6823 5987
f 4301 1254 6823
f 4301 1889 1254
f 3462 149 7183
f 5775 3941 923
f 1202 149 6227
f 5723 5321 5775
f 4676 2655 5321
f 5321 2655 3063
f 90 6103 4676
f 1865 2849 6632
f 1827 3493 2099
f 7207 2708 5861
f 931 7207 5448
f 931 5448 4603
f 7207 5861 5448
f 2460 7372 91
f 91 2329 2460
f 1746 245 120
f 5732 2329 5060
f 120 245 2969
f 4266 2210 2780
f 245 532 2969
f 120 2969 2525
f 2525 2969 1486
f 3635 4295 1486
f 4295 3635 6023
f 47 575 3817
f 3741 4295 6023
f 4240 6023 1229
f 5014 6023 4240
f 1229 5147 4240
f 4240 5147 2471
f 4998 2471 5147
f 2471 4998 1286
f 1111 3385 4998
f 4998 3385 1286
f 6992 1793 2736
f 3385 1111 38
f 3385 3428 1286
f 1929 3855 2934
f 3385 6569 593
f 2945 511 2627
f 2945 593 511
f 511 5486 2627
f 3345 1923 1352
f 3345 1352 5486
f 5607 508 536
f 536 7001 5607
f 1734 7001 2280
f 3022 927 1734
f 3022 6452 927
f 5237 5987 4473
f 2159 4155 5237
f 4155 1245 5987
f 5237 4155 5987
f 6823 1254 5987
f 4155 3711 5646
f 2159 3711 4155
f 4155 5646 1245
f 3711 7231 5646
f 3711 1878 7231
f 1878 923 7231
f 7183 149 6879
f 1420 5775 1878
f 1878 5775 923
f 1420 5723 5775
f 3306 5321 5723
f 1202 5599 149
f 4490 6632 5599
f 1591 4676 5321
f 1827 2099 90
f 1865 6483 617
f 6483 33 617
f 2708 33 6483
f 33 2708 2493
f 3026 5743 7294
f 2493 2708 7207
f 7294 2493 7207
f 7294 7207 931
f 7294 931 3026
f 3026 931 4603
f 3026 4603 2431
f 2431 4603 3381
f 6104 1787 3381
f 3381 1787 2431
f 4603 1746 3381
f 3381 318 6104
f 91 7372 3377
f 3381 120 318
f 3381 1746 120
f 91 5060 2329
f 318 120 5394
f 5732 4421 6806
f 3413 4266 2780
f 6959 2210 4266
f 120 2525 5394
f 326 2210 6959
f 2525 647 5394
f 3817 326 7303
f 1486 4295 2525
f 2525 4295 647
f 4295 2527 647
f 1917 647 2527
f 4295 3741 2527
f 825 2527 3741
f 47 3231 3524
f 5014 3741 6023
f 825 3741 5014
f 4240 2471 5014
f 5014 2471 6608
f 2296 3818 3231
f 6404 2295 3818
f 2471 1286 2251
f 3789 6992 6404
f 3789 2170 6992
f 6992 2170 1793
f 3385 2151 3428
f 3855 1929 2702
f 2151 3385 593
f 593 2945 2151
f 3638 4136 1226
f 1226 1235 3638
f 927 7001 1734
f 3022 2402 6452
f 92 2402 3022
f 2408 4929 694
f 418 4798 4929
f 4798 6839 4479
f 6839 2542 4479
f 5987 1254 4473
f 1254 1889 4416
f 6603 1889 219
f 5672 6603 219
f 219 6879 5672
f 1645 5672 6879
f 6879 6984 1645
f 6984 6879 149
f 149 1770 6984
f 1770 149 5599
f 3306 1591 5321
f 6632 2849 5599
f 90 4676 1591
f 2693 6303 1930
f 617 2849 1865
f 33 4289 4214
f 4214 617 33
f 1980 5127 2315
f 2315 1559 1980
f 3493 1827 3926
f 4289 33 2493
f 6553 4655 5743
f 1930 6303 869
f 5902 409 6553
f 1559 2315 5649
f 1559 5649 7133
f 7133 5649 2688
f 5743 3026 6553
f 7215 2315 5127
f 7215 3006 2315
f 6553 3026 2431
f 2431 1787 6553
f 6553 1787 5902
f 5902 1787 7163
f 5902 7163 577
f 7163 4663 577
f 6303 6861 869
f 1787 6104 7163
f 7163 6104 2572
f 7163 3213 4663
f 7163 2572 3213
f 4663 3213 7215
f 7215 3213 3006
f 2315 5350 5649
f 6104 2864 2572
f 2572 2197 3213
f 2572 2864 2197
f 3213 2197 3006
f 5350 3397 5649
f 5649 3397 2688
f 3377 5914 91
f 6104 318 2864
f 2315 3006 5350
f 2864 837 2197
f 3006 2197 5350
f 2864 318 5394
f 2864 5394 837
f 2197 837 83
f 5350 83 3397
f 5060 91 2607
f 2197 83 5350
f 3397 83 6479
f 83 7138 3989
f 6479 83 3989
f 6806 4421 2780
f 837 7138 83
f 5394 647 837
f 3965 6959 4266
f 837 6775 7138
f 647 1917 837
f 837 1917 6775
f 7138 6775 3989
f 7303 326 6959
f 6775 3388 3989
f 6775 1917 5055
f 3388 6775 5055
f 1917 2527 5055
f 5055 4403 3388
f 2527 3369 5055
f 4403 5055 3369
f 2527 825 3369
f 834 3369 5940
f 3369 825 5940
f 5014 5940 825
f 5014 6608 5940
f 2251 6608 2471
f 6404 3818 2296
f 2296 3789 6404
f 4523 1286 3428
f 2736 1793 4469
f 4333 3428 2151
f 4333 2151 785
f 2151 2945 785
f 2627 1588 2945
f 785 2945 1588
f 5486 4785 2627
f 4785 1588 2627
f 4136 6628 1226
f 1226 3457 1235
f 3457 6282 1235
f 508 5607 3158
f 6543 3018 2408
f 2542 2459 4479
f 4479 2459 1808
f 4479 1808 4430
f 2559 4473 1254
f 4416 2559 1254
f 6603 4416 1889
f 5894 4416 6603
f 1487 3711 2159
f 5672 5894 6603
f 3711 1420 1878
f 1645 6984 2941
f 6984 747 2941
f 6984 1770 747
f 243 3306 5481
f 3306 5723 5481
f 5481 5723 1420
f 1770 6875 747
f 1770 1607 6875
f 7172 747 6875
f 243 1591 3306
f 5599 1607 1770
f 6133 239 3035
f 3035 239 6538
f 3115 3878 6121
f 5699 3593 6133
f 6133 3593 239
f 239 5774 6538
f 6538 5774 937
f 937 6121 1062
f 239 3593 5063
f 239 5063 5265
f 239 5265 5774
f 5774 6421 937
f 5774 5265 6421
f 937 6421 6121
f 1667 1591 3924
f 6875 1607 3339
f 6414 6572 342
f 342 6572 5699
f 5699 6572 3593
f 3593 6572 6431
f 3593 6431 5063
f 5063 2609 5265
f 6421 5265 4730
f 6421 549 6121
f 6421 4730 549
f 6121 549 3115
f 5599 2849 1607
f 3339 1607 2849
f 6414 4138 6572
f 6572 4138 2411
f 6572 2411 6431
f 6431 3488 5063
f 5063 3488 2609
f 2609 1930 5265
f 3115 5075 3878
f 1667 90 1591
f 6414 1681 4138
f 2411 4707 6431
f 2609 3488 2693
f 2609 2693 1930
f 5265 3138 4730
f 549 4380 3115
f 3115 4380 5075
f 3339 617 4214
f 1681 1980 4138
f 4138 1980 6224
f 4138 6224 2411
f 5265 1930 3138
f 3339 2849 617
f 1980 1559 6224
f 2411 7133 4707
f 6431 4707 3488
f 6308 4289 3679
f 4191 1522 1681
f 1681 1522 1980
f 6224 7133 2411
f 6224 1559 7133
f 3488 4707 2693
f 3138 3392 4730
f 4651 1827 1656
f 1656 1827 90
f 4214 4289 6308
f 2228 4877 3185
f 4707 7133 5296
f 1930 869 3138
f 4730 4380 549
f 1731 5075 5431
f 3926 1827 4651
f 3679 4289 2493
f 3679 2493 2467
f 2467 2493 7294
f 2467 4655 6636
f 6636 4655 4795
f 6574 7012 4795
f 3185 1522 4191
f 1522 5127 1980
f 4707 6303 2693
f 869 3590 3138
f 4380 5792 5075
f 5075 5792 5431
f 2467 7294 5743
f 2467 5743 4655
f 4795 4655 409
f 4795 409 6574
f 991 6021 6574
f 4877 1522 3185
f 4707 5296 6303
f 3590 3392 3138
f 4730 3392 4380
f 4655 6553 409
f 1400 3493 3926
f 6574 409 577
f 6574 577 991
f 4877 5127 1522
f 3590 1147 3392
f 3392 1147 4380
f 5431 5792 2127
f 1844 1400 4884
f 409 5902 577
f 2688 5798 7133
f 5296 5742 6303
f 1147 5792 4380
f 991 577 4663
f 991 4663 4877
f 4877 4663 7215
f 4877 7215 5127
f 4477 869 6861
f 869 4477 3590
f 3590 4477 1147
f 5792 1147 2127
f 7133 5798 5742
f 7133 5742 5296
f 5742 3518 6303
f 6861 6303 3518
f 4477 376 1147
f 2688 2389 5798
f 6861 1398 4477
f 376 3748 1147
f 2389 2688 3397
f 5742 5798 3518
f 6861 3518 1398
f 1398 376 4477
f 91 5914 2607
f 3397 6479 2389
f 2389 217 5798
f 5798 217 3518
f 3518 217 5913
f 3518 5913 1398
f 2389 6479 6117
f 2389 6117 217
f 217 6117 2852
f 217 2852 3282
f 217 3282 5913
f 5913 3354 1398
f 1398 3354 5466
f 5913 3282 3354
f 4381 5732 5060
f 6479 2176 6117
f 6117 2176 2852
f 1658 3413 4421
f 4421 5732 4381
f 3989 2176 6479
f 2176 472 2852
f 3282 2852 3642
f 4421 3413 2780
f 472 3642 2852
f 953 4266 3413
f 3965 4266 953
f 472 5771 3642
f 2176 1358 472
f 2176 3989 1358
f 472 1358 3897
f 472 3897 5771
f 6759 6959 3965
f 3388 1358 3989
f 6759 7303 6959
f 2587 3817 7303
f 3388 4403 1358
f 3897 1358 4447
f 1358 4403 6978
f 4447 1358 6978
f 3369 834 4403
f 6978 4403 834
f 6978 345 4447
f 47 3817 4610
f 345 6978 325
f 834 807 6978
f 6978 807 325
f 3231 47 3773
f 1741 834 5940
f 834 1741 807
f 1741 5940 6608
f 2251 1741 6608
f 1286 961 2251
f 961 1286 4523
f 1793 2170 1451
f 3428 4333 4523
f 1972 2736 4469
f 1972 1929 2736
f 2702 1929 5682
f 5536 785 1588
f 2702 944 4705
f 944 4136 4705
f 5486 5989 4785
f 5486 1352 5989
f 4627 1923 508
f 22 3457 1226
f 6452 1885 927
f 927 6821 7001
f 927 1885 6821
f 3018 4929 2408
f 4929 6576 418
f 4770 92 4430
f 4430 1808 4770
f 5247 5237 4473
f 5247 2159 5237
f 1305 2559 4416
f 5894 1305 4416
f 1487 1420 3711
f 1487 780 1420
f 5672 1645 3956
f 5481 1420 780
f 2941 3956 1645
f 747 7172 2941
f 7172 87 2941
f 4722 4952 4580
f 7172 4510 87
f 1585 4722 4580
f 4952 4722 3134
f 4888 6397 1870
f 1870 6397 3035
f 1870 3035 6198
f 6198 6538 1585
f 4722 4590 3134
f 7172 3357 4510
f 7172 6875 3357
f 6198 3035 6538
f 6538 1062 1585
f 3134 4590 5160
f 3134 5160 6144
f 3924 1591 243
f 4510 3357 7175
f 6264 6397 4888
f 6397 6133 3035
f 1585 1062 4722
f 4722 6121 4590
f 4722 1062 6121
f 2721 5525 5107
f 5107 5525 1896
f 6264 1896 5699
f 6264 5699 6133
f 6264 6133 6397
f 1062 6538 937
f 4590 6121 3878
f 5525 5699 1896
f 4590 3878 5160
f 5160 2115 6144
f 2721 6414 5525
f 5525 342 5699
f 5160 3878 1826
f 7124 7175 3357
f 5525 6414 342
f 5160 5851 2115
f 5160 1826 5851
f 2115 5851 3173
f 3357 6875 3339
f 3357 3339 6308
f 3357 6308 7124
f 4191 6414 2721
f 3236 4191 2721
f 5075 5264 1826
f 5075 1826 3878
f 1826 5264 5851
f 3339 4214 6308
f 4191 1681 6414
f 3173 5851 7229
f 7124 6308 3679
f 7124 3679 1085
f 3679 2467 1085
f 1085 6636 6226
f 3449 2228 1974
f 3236 1974 4191
f 5851 5264 7229
f 1085 2467 6636
f 6226 6636 4346
f 4346 6636 4795
f 4346 7012 5064
f 1880 3873 5064
f 3190 3873 1880
f 1974 2228 3185
f 1974 3185 4191
f 4346 4795 7012
f 5064 7012 1880
f 1880 6021 3190
f 3449 3190 2228
f 1731 5264 5075
f 7229 5264 1731
f 5390 3926 4651
f 7012 6574 1880
f 1880 6574 6021
f 6021 2228 3190
f 991 2228 6021
f 2228 991 4877
f 4884 1400 3926
f 5431 477 1731
f 5431 2127 477
f 3748 2127 1147
f 3748 5423 2127
f 2127 4894 477
f 5914 3377 1844
f 376 5466 3748
f 5423 3748 5466
f 2127 5423 4894
f 2607 5914 5623
f 1398 5466 376
f 5466 7094 5423
f 7094 7307 5423
f 5423 7307 7077
f 5526 3354 3282
f 3354 4373 5466
f 5466 4373 7094
f 1658 953 3413
f 4421 4381 1658
f 3282 3642 5526
f 5526 4373 3354
f 4373 2850 7094
f 5526 359 4373
f 5771 5526 3642
f 5771 4638 5526
f 5526 4638 359
f 4638 5771 3897
f 5972 4638 3897
f 4638 155 4571
f 4638 4571 359
f 7303 6759 4119
f 2587 7303 4119
f 155 4638 6703
f 4447 5972 3897
f 4610 3817 2587
f 4447 345 5972
f 5972 6703 4638
f 345 3648 5972
f 5972 3648 6703
f 325 3648 345
f 4799 3231 3773
f 5186 325 807
f 5186 807 1741
f 1104 325 5186
f 2251 5186 1741
f 961 5186 2251
f 961 6774 5186
f 961 289 6774
f 289 961 4523
f 4469 1793 1451
f 4523 4333 1727
f 651 4333 785
f 651 785 5536
f 5682 3726 2702
f 1588 601 5536
f 1588 4785 601
f 4785 2992 601
f 6628 4136 944
f 22 1226 6628
f 1352 1923 4627
f 3158 4627 508
f 6543 6282 4941
f 6864 5607 7001
f 3018 6576 4929
f 4770 2402 92
f 1769 5247 4473
f 2159 5247 1487
f 2518 1305 5894
f 5247 780 1487
f 4270 2518 5894
f 5672 6824 5894
f 6891 5481 780
f 3956 6824 5672
f 2941 3322 3956
f 3973 4580 2541
f 6891 243 5481
f 1610 3322 2941
f 6730 1350 3973
f 4952 3134 804
f 715 243 6891
f 87 1610 2941
f 4888 1870 5541
f 5541 1870 6730
f 1350 6730 1870
f 2860 6264 4888
f 6198 1350 1870
f 1350 6198 3973
f 3973 6198 1585
f 3973 1585 4580
f 3134 6144 804
f 2602 715 2915
f 2602 3924 715
f 715 3924 243
f 4510 5661 87
f 2983 5661 4510
f 5107 1896 6704
f 6704 1896 6264
f 6704 6264 2860
f 2983 4510 7175
f 2983 7175 270
f 4355 3701 5107
f 270 7175 5257
f 3701 2721 5107
f 1667 3924 2602
f 3701 3236 2721
f 2115 3173 6144
f 4948 6144 3173
f 7175 7124 5257
f 5257 7124 6226
f 5257 6226 41
f 1085 6226 7124
f 4346 41 6226
f 41 4346 5064
f 2774 3449 1974
f 5535 3449 2774
f 2774 1974 3236
f 7229 3402 3173
f 3173 3402 3805
f 1465 3873 1003
f 5535 1003 3449
f 7229 3095 3402
f 1003 3873 3190
f 1003 3190 3449
f 3095 7229 1731
f 4884 3926 5390
f 3095 1731 477
f 5697 477 4894
f 4894 5423 7077
f 7307 7094 2850
f 2850 4373 359
f 7307 2850 5545
f 2850 359 3859
f 359 4571 3859
f 155 2775 4571
f 155 5284 2775
f 6703 5284 155
f 5284 1524 2775
f 3773 47 4610
f 6703 3648 3693
f 3693 3648 317
f 2296 3231 4799
f 325 1104 3648
f 1104 317 3648
f 5186 6774 1104
f 6774 289 3902
f 1451 2170 360
f 1727 289 4523
f 360 4469 1451
f 651 1727 4333
f 5682 1929 1972
f 651 5536 5725
f 601 4692 5536
f 5536 4692 5725
f 944 2702 3726
f 601 2992 4692
f 2992 4785 5989
f 1352 4627 5989
f 3158 2880 4627
f 2944 3158 5607
f 4941 3018 6543
f 6864 7001 6821
f 5607 6864 2944
f 4798 418 6839
f 4886 4473 5786
f 4886 1769 4473
f 4473 2559 5786
f 1305 5786 2559
f 3719 780 5247
f 6891 780 3719
f 3973 2541 4208
f 6824 4270 5894
f 5541 6730 1406
f 6730 986 1406
f 2541 4952 4362
f 2541 4580 4952
f 4362 4952 5491
f 1 6824 3956
f 2860 4888 3546
f 986 6730 3973
f 2915 715 5685
f 5685 715 6891
f 3322 1 3956
f 3546 4888 5541
f 5491 4952 804
f 3322 1610 2110
f 4754 6704 6435
f 6435 6704 2860
f 87 5101 1610
f 5101 87 5661
f 5661 6660 5101
f 4047 5107 4754
f 4754 5107 6704
f 6660 5661 2983
f 4047 4355 5107
f 932 6660 2983
f 270 4058 2983
f 4058 932 2983
f 270 4233 4058
f 6144 4948 804
f 5556 1667 2602
f 2519 270 5257
f 2774 2328 5535
f 2774 3236 3701
f 4684 1667 5556
f 2519 5257 41
f 7019 5064 1465
f 3639 7201 5535
f 3173 3805 4948
f 1656 90 4684
f 4684 90 1667
f 7019 41 5064
f 3873 1465 5064
f 1465 1003 7201
f 7201 1003 5535
f 1798 3402 3095
f 1798 3095 912
f 477 5697 3095
f 3095 5697 912
f 5623 5914 4392
f 4392 5914 1844
f 5697 4894 619
f 7077 1346 4894
f 2607 6923 4381
f 4381 5060 2607
f 5228 7077 7307
f 5228 1346 7077
f 5545 2850 3859
f 3859 1970 5545
f 2775 3859 4571
f 1970 3907 5545
f 3859 2775 1970
f 2775 2129 1970
f 4993 2587 4119
f 4993 4610 2587
f 2129 2775 1524
f 2129 650 4284
f 2129 1524 650
f 5284 4535 1524
f 3693 5284 6703
f 1524 4535 3946
f 5284 3693 4535
f 3693 5807 4535
f 3693 317 5807
f 1732 317 1104
f 1732 1104 1029
f 3789 2296 3415
f 1029 1104 6774
f 3902 1029 6774
f 289 5885 3902
f 5885 289 1727
f 360 1869 4469
f 5885 1727 651
f 1869 1972 4469
f 3726 5682 4221
f 2992 5989 2282
f 1069 6282 3457
f 6282 1069 4941
f 1447 3158 2944
f 2880 3158 1447
f 1204 2944 6864
f 1885 6452 2402
f 6864 6821 1204
f 2402 4770 6571
f 2402 6571 1885
f 1769 4886 999
f 1305 889 5786
f 1305 2445 889
f 1769 3719 5247
f 2445 1305 2518
f 5567 4208 3396
f 3719 5685 6891
f 3396 2541 4362
f 4270 5270 2518
f 4208 2541 3396
f 4362 5491 6239
f 5141 3546 1411
f 4208 986 3973
f 3894 4270 6824
f 3546 5541 2692
f 2692 5541 1406
f 4754 6435 3030
f 3030 6435 5141
f 5141 6435 2860
f 5141 2860 3546
f 3894 6824 1
f 1 3322 2304
f 4365 4047 6758
f 6239 5491 804
f 6159 6239 804
f 3322 2110 2304
f 5556 2602 2915
f 5101 2110 1610
f 6660 6215 5101
f 4365 1612 4047
f 804 4948 6159
f 6159 4948 4907
f 5673 6215 6660
f 6660 932 5673
f 1612 4355 4047
f 1949 5673 932
f 4233 932 4058
f 7299 6401 4233
f 1612 3701 4355
f 2519 4233 270
f 4233 2519 7299
f 2328 2774 1612
f 1612 2774 3701
f 7019 3093 5603
f 41 5603 2519
f 5603 41 7019
f 3639 5535 2328
f 3093 7019 1465
f 6124 1465 7201
f 6124 7201 3639
f 3402 1798 3805
f 2290 5390 4651
f 1169 1798 912
f 5390 829 4884
f 4392 1844 4884
f 912 5697 249
f 912 249 1169
f 5697 619 8
f 2607 5623 6923
f 4894 3954 619
f 4381 6923 7169
f 1658 4381 7169
f 3954 4894 1346
f 5228 3928 1346
f 1757 6759 3965
f 2536 6759 1757
f 5545 5820 7307
f 5545 3907 5820
f 7307 5820 5228
f 6759 2536 4119
f 4284 1970 2129
f 1970 4284 3907
f 59 4610 4993
f 5818 4610 59
f 3773 4610 5818
f 3946 650 1524
f 4535 5429 3946
f 5807 5429 4535
f 5429 5187 3946
f 3415 2296 4799
f 1732 5807 317
f 1732 1935 2152
f 1732 2152 5807
f 1029 1935 1732
f 3902 2961 1029
f 6181 360 2170
f 2961 3902 5885
f 5885 651 1288
f 1869 1478 1972
f 1288 651 5725
f 1478 5682 1972
f 5725 7364 6467
f 5725 4692 7364
f 6628 944 4357
f 28 2282 5989
f 1069 3457 22
f 5989 4627 6221
f 5989 6221 28
f 4627 2880 6221
f 2944 1204 4815
f 1447 2944 4815
f 2459 3533 1808
f 1808 3533 4770
f 4770 6708 6571
f 6708 4263 6571
f 1885 6571 5548
f 1885 5548 6821
f 6839 1298 2542
f 4886 6979 999
f 4886 5786 4352
f 4780 1335 3325
f 5685 3719 3133
f 3133 3719 1769
f 3378 5567 1514
f 1514 5567 3325
f 3325 5567 4780
f 2518 107 2445
f 1406 2442 2692
f 3378 2442 1406
f 4780 4362 1335
f 3378 4208 5567
f 4780 5567 3396
f 4780 3396 4362
f 1411 2692 4805
f 1406 986 3378
f 3378 986 4208
f 1411 3546 2692
f 662 5141 1411
f 6239 1335 4362
f 1335 189 2062
f 3894 5270 4270
f 1335 6239 189
f 2235 4754 3030
f 3030 5141 662
f 6456 2915 5685
f 6758 4047 4754
f 6758 4754 2235
f 6239 6159 189
f 1 2304 4269
f 447 4172 110
f 7113 189 6159
f 1636 5556 2915
f 2110 5101 3099
f 110 1612 4365
f 6215 3099 5101
f 6078 4054 2328
f 6078 2328 4172
f 4172 1612 110
f 7113 6159 4907
f 2720 3639 4054
f 4172 2328 1612
f 789 6215 5673
f 1949 789 5673
f 5847 1949 932
f 4233 5847 932
f 6401 5847 4233
f 6401 6872 5847
f 6401 2091 6872
f 3639 2328 4054
f 2677 5867 5847
f 2677 5847 125
f 125 5847 6872
f 6401 7299 2091
f 2802 2091 7299
f 4948 2122 4907
f 4907 2122 1462
f 7299 3093 2802
f 2802 3093 2415
f 7000 4684 1636
f 1636 4684 5556
f 7299 2519 5603
f 7299 5603 3093
f 2415 3093 982
f 6124 982 1465
f 3805 2122 4948
f 982 3093 1465
f 1656 4684 7000
f 6283 4651 1656
f 3805 6735 2122
f 6283 2290 4651
f 1798 6735 3805
f 1798 2998 6735
f 2998 1798 1169
f 4392 4884 808
f 5623 4392 3319
f 8 249 5697
f 8 619 1113
f 5740 1658 7169
f 1113 619 3954
f 5740 953 1658
f 5003 953 5740
f 1346 3928 3954
f 5003 3965 953
f 1757 3965 5003
f 5228 5820 3928
f 3046 4993 4119
f 2223 4993 3046
f 4284 6967 3907
f 4993 2223 59
f 650 4151 4284
f 5187 650 3946
f 4151 650 5187
f 4799 3773 6906
f 2152 5429 5807
f 5429 2036 5187
f 2152 2036 5429
f 729 3789 3415
f 2170 3789 729
f 2961 1935 1029
f 729 6181 2170
f 5885 1288 2961
f 5725 6467 1288
f 4221 5682 1478
f 6467 7364 1816
f 7364 4692 5621
f 7364 5621 1816
f 2992 2282 4692
f 620 6628 4357
f 6628 620 22
f 4941 3367 3018
f 3051 3367 4941
f 3367 1425 3018
f 5548 1204 6821
f 4770 3533 6708
f 6571 4263 5548
f 3133 999 6979
f 3133 1769 999
f 889 4352 5786
f 1216 3432 4391
f 3432 5169 2758
f 5068 531 5169
f 5169 531 2758
f 3432 3325 5169
f 5169 3325 3054
f 889 2445 2433
f 1216 6281 1514
f 1216 1514 3432
f 3325 1335 3054
f 5169 3054 5068
f 4548 3566 1193
f 1193 2120 2247
f 2247 2442 6281
f 1514 3325 3432
f 5685 3133 4579
f 1193 3566 2120
f 2247 2120 2442
f 2442 3378 6281
f 6281 3378 1514
f 3566 4805 2692
f 3566 2692 2120
f 2120 2692 2442
f 5290 5068 4521
f 5946 1411 4805
f 3054 1335 2062
f 3054 2062 5068
f 2518 5270 107
f 107 5270 1242
f 5946 662 1411
f 5068 2062 4521
f 2235 2637 4857
f 2637 662 5946
f 2062 914 4521
f 4579 6456 5685
f 2637 2235 3030
f 2637 3030 662
f 189 914 2062
f 1924 4521 914
f 5161 5968 3376
f 3376 5193 5161
f 447 1144 3376
f 3376 1144 5193
f 4857 2500 2235
f 5968 447 3376
f 2500 6758 2235
f 914 2128 1924
f 5240 5270 3894
f 447 110 2500
f 2500 4365 6758
f 4228 2915 6456
f 4269 5240 3894
f 4269 3894 1
f 6748 373 5968
f 5968 373 447
f 110 4365 2500
f 4228 1636 2915
f 6748 5821 373
f 189 7113 914
f 914 7113 2128
f 1381 2438 253
f 253 2438 46
f 2438 1381 1179
f 1381 5821 1179
f 1179 5821 6748
f 5821 6078 373
f 373 6078 4172
f 373 4172 447
f 1735 2304 2110
f 2110 3099 1735
f 253 6669 1381
f 1381 6669 2720
f 1381 2720 5821
f 5821 2720 4054
f 5821 4054 6078
f 1417 3099 6215
f 6420 487 964
f 6537 964 6975
f 6537 6975 253
f 6975 6669 253
f 7113 4907 1462
f 7113 1462 3263
f 1947 7113 3263
f 789 1417 6215
f 5847 5867 1949
f 6872 487 3427
f 6872 2091 487
f 487 2091 2802
f 2802 964 487
f 964 2415 6975
f 6975 6687 6669
f 6669 6687 2720
f 5867 789 1949
f 947 2677 125
f 125 6872 3427
f 2415 6687 6975
f 6687 6124 3639
f 6687 3639 2720
f 964 2802 2415
f 2415 982 6124
f 2415 6124 6687
f 3336 3263 1462
f 3336 1462 2122
f 6735 2998 723
f 829 808 4884
f 249 6462 1169
f 3319 6923 5623
f 6395 5740 7169
f 8 1113 6801
f 5003 5740 5938
f 2271 1113 3954
f 2271 3954 3928
f 337 3928 5820
f 4119 2536 3046
f 5820 545 337
f 3907 2450 5820
f 6967 2450 3907
f 4151 6967 4284
f 6906 3773 5818
f 5187 2274 4151
f 5187 322 2274
f 5187 2036 322
f 729 3415 3474
f 6181 5679 360
f 360 7066 1869
f 6716 2961 1288
f 6467 6716 1288
f 1869 1260 1478
f 3726 4221 3854
f 3854 2166 3726
f 944 3726 2166
f 4692 2282 5621
f 2166 4357 944
f 22 620 4073
f 2282 28 1022
f 3051 4941 1069
f 1425 6576 3018
f 4263 5372 5548
f 5548 2168 1204
f 5548 5372 2168
f 2542 7006 2459
f 7006 3533 2459
f 2758 7092 4437
f 2758 531 7092
f 7092 531 7067
f 531 2379 7067
f 6073 1587 6979
f 6979 4352 6073
f 4886 4352 6979
f 4391 3432 2758
f 1587 3133 6979
f 4352 889 2279
f 2279 889 3131
f 7067 1614 3150
f 1255 885 1216
f 1255 1216 4391
f 2379 531 5068
f 3150 1614 7204
f 889 2433 3131
f 3131 2433 3507
f 6597 2247 7197
f 6597 1193 2247
f 885 6281 1216
f 2379 1614 7067
f 5227 145 4805
f 7197 2247 6281
f 7197 6281 885
f 2379 5068 5290
f 2379 5290 1614
f 7204 1614 4327
f 4579 3133 1587
f 1594 145 3906
f 4805 3566 4548
f 1614 5290 5759
f 4327 1614 5759
f 6385 3507 2433
f 6385 2433 2445
f 2445 107 6385
f 2601 1594 3906
f 145 1594 5946
f 145 5946 4805
f 2601 2637 1594
f 7028 6385 107
f 3078 5779 3972
f 905 3078 3972
f 905 841 5761
f 5761 841 2601
f 1594 2637 5946
f 5290 4521 5759
f 1242 7028 107
f 905 3972 841
f 841 4857 2601
f 2601 4857 2637
f 4521 1924 5759
f 1144 5779 5193
f 1144 3972 5779
f 1144 6757 3972
f 3972 4857 841
f 5759 1924 3502
f 3972 6757 4857
f 1242 5270 3888
f 1144 447 6757
f 6757 447 2500
f 6757 2500 4857
f 1924 4632 3502
f 1924 2128 4632
f 5161 4693 5968
f 6748 5968 4693
f 2128 427 4632
f 1179 4693 2173
f 4693 1179 6748
f 1735 4269 2304
f 3517 3189 46
f 3517 46 2438
f 3517 2438 2173
f 2173 2438 1179
f 7113 1947 2128
f 2128 1947 427
f 2888 6420 6537
f 2888 6537 46
f 46 6537 253
f 6445 1947 2540
f 964 6537 6420
f 3263 2540 1947
f 6998 1417 789
f 6998 789 5867
f 5867 378 6998
f 5867 2677 378
f 378 2677 947
f 3263 3336 2540
f 6283 1656 7000
f 2122 723 3336
f 6735 723 2122
f 5008 5390 2290
f 2998 3313 723
f 1169 3313 2998
f 6462 3313 1169
f 249 6801 6462
f 6395 5938 5740
f 6801 249 8
f 2483 5003 5938
f 1113 5944 6801
f 1757 5003 2483
f 1468 2271 3928
f 1796 3046 2536
f 3928 337 1468
f 5820 2450 545
f 5818 59 6733
f 6967 4151 6344
f 6344 4151 2274
f 621 4799 6906
f 2274 1137 6344
f 3415 4799 621
f 322 1137 2274
f 2036 4575 322
f 2036 2152 4575
f 2152 1935 3678
f 5204 1935 2961
f 5204 2961 6716
f 7066 360 5679
f 7066 1260 1869
f 6467 1816 2648
f 6467 2648 6716
f 2282 1022 5621
f 1447 261 2880
f 2880 261 5002
f 3533 3283 6708
f 2168 5026 1204
f 1204 5026 4815
f 3533 7006 3283
f 6708 3283 6783
f 6708 6783 4263
f 4263 6783 5328
f 4263 5328 5372
f 1616 3143 3043
f 5785 4201 5197
f 4201 5785 5895
f 5785 1616 5895
f 5785 3879 1616
f 5785 5197 3879
f 1616 3879 3143
f 3421 5197 4201
f 3421 4437 5197
f 1255 3421 4757
f 1255 4437 3421
f 4437 7092 5197
f 3143 3150 1984
f 5197 7067 3879
f 5197 7092 7067
f 3879 3150 3143
f 2244 2555 4757
f 4757 2555 1255
f 4437 1255 4391
f 4437 4391 2758
f 3570 2555 2244
f 1984 3150 7204
f 1984 4502 7210
f 1984 7204 4502
f 4352 2279 6073
f 3879 7067 3150
f 5227 1012 6450
f 4548 1012 5227
f 4548 2789 1012
f 3570 885 2555
f 2555 885 1255
f 6768 338 5227
f 6768 5227 6450
f 7268 6597 3570
f 3570 7197 885
f 7276 4680 6768
f 4680 338 6768
f 5227 4805 4548
f 2789 4548 1193
f 2789 1193 6597
f 6597 7197 3570
f 7276 3939 4680
f 4680 3906 338
f 338 145 5227
f 3886 3507 6385
f 3906 4680 3939
f 3939 5761 3906
f 3906 145 338
f 1299 4579 1587
f 5761 2601 3906
f 7204 4327 4502
f 6456 4579 1299
f 3078 905 6291
f 6291 905 3939
f 3939 905 5761
f 4327 5759 3502
f 4327 2624 4502
f 4327 3502 2624
f 4502 2624 783
f 2624 183 783
f 7028 5344 6385
f 3888 7028 1242
f 3502 4632 2624
f 6594 6456 1299
f 5260 5193 5779
f 183 2624 4632
f 183 4632 6686
f 5193 5260 5161
f 5270 5240 3888
f 6686 4632 5108
f 5161 3752 2173
f 2173 4693 5161
f 427 5108 4632
f 3395 3517 2173
f 2173 3752 3395
f 6504 3189 3517
f 6504 2376 3189
f 7000 1636 4228
f 1735 3099 4850
f 2376 6741 3189
f 1947 6445 427
f 427 6445 5108
f 4850 3099 1417
f 2888 3189 6741
f 3189 2888 46
f 487 6420 3427
f 125 1987 947
f 125 3427 1987
f 378 2420 6998
f 1781 947 1987
f 2540 3336 4470
f 3336 7247 4470
f 3336 723 7247
f 723 3313 7247
f 829 5390 5008
f 7247 3313 5888
f 3313 6462 5888
f 808 829 166
f 5888 6462 6057
f 3319 4392 808
f 7169 6923 3319
f 6801 6057 6462
f 6500 5938 6395
f 6500 2483 5938
f 6057 6801 405
f 6801 6195 405
f 6801 5944 6195
f 1113 4598 5944
f 1113 787 4598
f 787 1113 2271
f 787 2271 1468
f 1468 337 5812
f 2267 1468 5812
f 1468 2267 787
f 545 2476 337
f 2450 1087 2476
f 2450 2476 545
f 2450 6967 1087
f 6906 5818 6733
f 1087 6967 6344
f 6344 5586 1087
f 5586 6344 1137
f 1137 3218 5586
f 3415 621 3474
f 322 2021 1137
f 3218 1137 2021
f 2021 322 4575
f 2021 4762 3218
f 2021 4575 945
f 729 4964 6181
f 5204 6716 2648
f 5621 3077 1816
f 1022 3718 5621
f 4357 2166 620
f 2166 3948 620
f 4073 620 3948
f 28 4532 1022
f 6221 3359 28
f 1447 4815 261
f 1425 4832 6576
f 418 1355 6839
f 5824 6997 7119
f 3043 7119 792
f 7119 3043 5824
f 5824 6056 6997
f 6997 6056 102
f 3043 3143 5824
f 4211 5895 792
f 792 5895 3043
f 5824 3143 6056
f 3043 5895 1616
f 1977 6989 4211
f 4211 6989 5895
f 6056 3143 1984
f 3459 4201 6989
f 6989 4201 5895
f 6430 7341 1592
f 4757 3459 3776
f 6056 1984 102
f 5396 4757 3776
f 3459 4757 4201
f 4757 3421 4201
f 1984 7210 102
f 7210 7341 102
f 2244 5396 4813
f 2244 4757 5396
f 1733 2244 4813
f 7268 1733 3129
f 527 6073 2279
f 527 2215 6073
f 1519 2789 3129
f 3129 2789 7268
f 7268 3570 1733
f 1733 3570 2244
f 3196 7341 7210
f 5277 5930 6450
f 5277 5069 5930
f 5277 1012 1519
f 1519 1012 2789
f 2789 6597 7268
f 7097 1587 6073
f 6768 6450 3905
f 5277 6450 1012
f 7276 6768 2979
f 2979 6768 3905
f 2950 7276 2979
f 4502 783 7210
f 3196 7210 1474
f 783 1474 7210
f 6291 3939 6265
f 5344 3680 6385
f 2250 3078 6291
f 1474 783 183
f 3888 5344 7028
f 5779 3078 2250
f 199 5260 5779
f 199 5255 5260
f 6594 4228 6456
f 5255 3752 5161
f 5255 5161 5260
f 2597 5240 4269
f 3395 6504 3517
f 707 6504 3395
f 3395 3752 6575
f 3395 6575 707
f 3445 6741 2376
f 3445 6946 6741
f 3427 6420 3745
f 6741 6420 2888
f 6741 3745 6420
f 1284 1987 3427
f 1284 3427 3745
f 2540 4470 6445
f 378 2093 2420
f 378 2799 2093
f 947 2799 378
f 1781 1987 312
f 2799 947 1781
f 4470 7247 2293
f 6283 6100 3746
f 3746 2290 6283
f 7247 1660 2293
f 5888 1660 7247
f 808 166 3319
f 6057 5153 5888
f 5153 3852 5888
f 7169 2157 7101
f 2157 7169 3319
f 7101 6500 6395
f 7101 6395 7169
f 405 5153 6057
f 5153 4184 3852
f 1757 2483 1051
f 2483 5225 1051
f 2483 6500 5225
f 4184 5153 405
f 405 828 4184
f 405 6195 6388
f 405 6388 828
f 2536 1757 1796
f 5944 4598 6195
f 6195 4598 6388
f 6388 4598 4677
f 787 4677 4598
f 2267 1523 787
f 4677 787 1523
f 59 2223 6733
f 5812 1523 2267
f 2476 5812 337
f 5812 1897 1523
f 2476 3299 5812
f 2476 271 3299
f 5812 3299 1897
f 1087 271 2476
f 271 1295 3299
f 5586 3218 1312
f 1312 3218 4762
f 1312 4762 25
f 4762 2021 6564
f 6564 2401 4762
f 4762 2401 3772
f 4964 729 3474
f 4575 2152 3678
f 3678 1935 5204
f 4575 3678 945
f 2021 945 6564
f 5204 4972 3678
f 3678 5728 945
f 5783 5204 2648
f 5204 5783 4972
f 1260 1747 1478
f 3265 2648 1816
f 4221 1478 1747
f 3077 7034 1816
f 3077 5621 3718
f 1022 1994 3718
f 1022 4532 1994
f 4532 28 3359
f 2473 4815 5026
f 261 4815 2473
f 3367 4832 1425
f 1821 418 6576
f 1355 1298 6839
f 1298 7006 2542
f 7006 4130 3283
f 3283 4130 6783
f 4130 7058 6783
f 6783 7058 5328
f 7119 1904 3914
f 4133 7119 3914
f 1904 7119 1394
f 1394 6997 3913
f 7119 6997 1394
f 4133 792 7119
f 3166 792 4133
f 102 3913 6997
f 3913 102 6430
f 5993 1977 4742
f 1977 3166 4742
f 7341 6430 102
f 3166 1977 4211
f 3166 4211 792
f 5221 6430 4924
f 6232 7145 3784
f 5993 6989 1977
f 3301 6232 7205
f 6232 3301 3776
f 6232 3776 7145
f 7145 3459 6989
f 7145 6989 5993
f 3301 2011 2857
f 3301 7205 2011
f 7145 3776 3459
f 1592 1689 4924
f 1592 4924 6430
f 2857 2866 1744
f 3301 5396 3776
f 1744 5593 2857
f 2857 5593 3301
f 5593 4813 3301
f 3301 4813 5396
f 597 4556 1744
f 1744 4556 5593
f 3196 1592 7341
f 894 4556 597
f 4556 3129 1733
f 4556 1733 5593
f 5593 1733 4813
f 4338 5277 1519
f 4338 1519 894
f 894 1519 3129
f 894 3129 4556
f 3196 7168 1592
f 1689 1592 7168
f 7097 6073 2215
f 272 527 2279
f 3131 272 2279
f 3905 6450 5930
f 3507 272 3131
f 1474 7200 7168
f 1474 7168 3196
f 7097 1299 1587
f 3939 7276 2950
f 3939 2950 6265
f 3680 3886 6385
f 7168 7200 6796
f 4992 3680 5344
f 2250 6291 6265
f 5344 3888 2488
f 5779 4859 199
f 4859 5779 2250
f 183 3619 7200
f 183 7200 1474
f 6686 3619 183
f 2488 3888 5240
f 4595 3752 5255
f 2729 6686 6804
f 6804 6686 5108
f 7000 4228 5530
f 6504 707 3445
f 707 6575 5489
f 4269 1735 2597
f 2376 6504 3445
f 1735 4850 2597
f 6804 5108 2906
f 6445 2906 5108
f 6946 3745 6741
f 5683 2417 4850
f 5683 4850 1417
f 5683 1417 6998
f 1284 3745 6946
f 2906 6445 3362
f 312 1987 6565
f 6565 1987 1284
f 6445 4470 3362
f 5530 6283 7000
f 4379 2799 1781
f 4379 1781 312
f 2293 3362 4470
f 6100 6283 5530
f 5008 2290 3746
f 166 829 5008
f 1660 5888 3852
f 2157 3319 166
f 6840 828 6388
f 6388 6949 6840
f 4677 6949 6388
f 4677 6416 6949
f 6949 6416 3108
f 6416 4677 1523
f 256 6416 1523
f 256 5276 6416
f 3108 6416 5276
f 1523 4626 256
f 5276 256 4601
f 1641 6906 6733
f 4626 1523 1897
f 4626 1289 4834
f 4626 4834 256
f 4601 4834 4122
f 4601 256 4834
f 4626 1897 3299
f 1289 4626 3299
f 4834 1289 6310
f 1641 621 6906
f 2351 1295 271
f 1289 3299 1295
f 6310 1289 5049
f 1803 1087 5586
f 1803 5586 1312
f 1803 271 1087
f 271 1803 2351
f 1295 2351 1289
f 1803 2477 2351
f 2351 2477 5049
f 2351 5049 1289
f 1312 25 469
f 1312 469 1803
f 2477 1803 469
f 469 2845 6247
f 469 6247 2477
f 88 3474 621
f 3772 25 4762
f 25 3772 2845
f 469 25 2845
f 3772 6229 2845
f 945 3303 6564
f 3303 2401 6564
f 4972 5728 3678
f 3303 945 5728
f 5728 542 3303
f 4972 3178 5728
f 5728 3178 542
f 5783 3178 4972
f 7066 1916 1260
f 2648 3265 5783
f 1816 7034 3265
f 4221 6304 3854
f 3077 5102 7034
f 1069 22 4073
f 6221 2880 3359
f 4832 1821 6576
f 1355 3225 1298
f 3225 4872 1298
f 1298 4872 7006
f 4130 7006 4922
f 2606 5328 7058
f 4130 3809 2606
f 4130 2606 7058
f 4197 5406 1810
f 4197 1904 5406
f 74 4197 2917
f 74 3914 4197
f 4197 3914 1904
f 1904 4657 5406
f 1904 1394 4657
f 4657 1394 1152
f 4110 74 5991
f 74 4133 3914
f 1152 1394 3913
f 4110 4133 74
f 4110 3166 4133
f 6819 1152 3913
f 6993 3166 4110
f 6430 5221 6819
f 6430 6819 3913
f 4742 3166 6993
f 3836 4742 6993
f 3836 5993 4742
f 5745 2011 6611
f 6611 2011 7205
f 3836 4910 5993
f 7145 5993 4910
f 5221 4924 5334
f 7205 6232 3784
f 2866 5745 101
f 2011 2866 2857
f 5745 2866 2011
f 1744 2866 101
f 2076 894 597
f 2076 4338 894
f 3905 878 2979
f 3905 5930 878
f 6265 2950 7221
f 6265 7221 4094
f 2250 6265 4094
f 4488 6594 1299
f 4816 6796 7200
f 4859 2250 4094
f 3619 4816 7200
f 6594 5322 4228
f 2488 5240 3255
f 199 4595 5255
f 4859 4006 199
f 3619 6686 2729
f 4583 3619 2729
f 4595 6575 3752
f 6804 4456 2729
f 5530 4228 5322
f 3445 707 1234
f 1234 707 5489
f 4456 6804 5721
f 126 6946 3445
f 2906 5721 6804
f 5721 3553 4456
f 2417 2597 4850
f 5721 6567 3553
f 5721 2906 6567
f 1284 6946 4306
f 6070 2906 3362
f 6567 2906 6070
f 435 5683 6998
f 435 6998 2420
f 6070 3843 6567
f 2293 6070 3362
f 6070 2373 3843
f 6070 2293 2373
f 2373 99 3843
f 6567 3843 6143
f 3843 99 6143
f 6143 99 5555
f 2373 5521 99
f 5555 696 6143
f 1660 2373 2293
f 2373 1660 5521
f 99 5521 5555
f 7271 1231 5008
f 1231 166 5008
f 369 166 1231
f 1660 2632 5521
f 1660 3852 2632
f 5555 7304 4563
f 5555 4563 696
f 1566 2157 369
f 369 2157 166
f 5521 7304 5555
f 696 4563 335
f 5225 6500 3002
f 6500 7101 3002
f 3002 7101 1566
f 1566 7101 2157
f 3852 313 2632
f 2632 7324 5521
f 5521 7324 7304
f 4563 2164 335
f 1158 1051 5225
f 7304 7324 4563
f 4563 7324 6554
f 4563 6554 2164
f 1796 1757 1051
f 4184 313 3852
f 2632 313 2760
f 2632 2760 7324
f 2439 313 4184
f 313 2439 2760
f 7324 2760 7255
f 7324 7255 6554
f 6554 4116 2164
f 828 2439 4184
f 6554 5142 4116
f 6554 7255 5142
f 6840 2439 828
f 2760 2439 7255
f 5142 2070 4116
f 6949 5424 6840
f 2439 6840 5295
f 2439 5295 7255
f 5142 5295 2070
f 5142 7255 5295
f 2223 3046 2470
f 6840 5424 5295
f 5295 5424 2070
f 6949 3108 5424
f 5424 3311 2070
f 3108 7263 5424
f 5424 7263 3311
f 4518 6733 2223
f 5276 7263 3108
f 7263 6744 3311
f 5276 4601 518
f 5276 518 7263
f 7263 518 6744
f 6496 4122 4834
f 6496 4834 6310
f 6310 6725 6496
f 5049 2837 6310
f 6310 2837 6725
f 2477 6247 5049
f 2845 2239 6247
f 6247 2239 3342
f 6229 2239 2845
f 2401 6229 3772
f 2418 2401 3303
f 2418 3303 954
f 5679 4951 7066
f 954 3303 542
f 5136 542 3178
f 542 5136 954
f 4951 1916 7066
f 57 5136 3178
f 57 5783 3265
f 3178 5783 57
f 1747 6304 4221
f 5102 3077 3718
f 6304 893 3854
f 3718 1994 5576
f 4532 7343 1994
f 2880 5002 3359
f 3870 3051 1069
f 418 6770 1355
f 4922 4872 6680
f 4922 7006 4872
f 3269 4130 4922
f 3269 3809 4130
f 6439 5278 5419
f 5419 1115 6439
f 6316 1810 5419
f 1115 6266 6439
f 1810 5406 5419
f 5406 1115 5419
f 6439 6266 4465
f 5053 2917 1810
f 6266 6163 4465
f 2917 5053 262
f 2917 4197 1810
f 1115 5406 6266
f 4657 6539 6266
f 4657 6266 5406
f 6266 2923 6163
f 262 5991 2917
f 2917 5991 74
f 1152 6539 4657
f 6266 6539 2923
f 6539 4400 2923
f 2355 2923 4400
f 1152 4400 6539
f 4400 1152 5877
f 5991 211 4110
f 262 211 5991
f 6819 5877 1152
f 6993 4110 211
f 6819 5221 5877
f 1458 6611 2077
f 6611 7205 2077
f 2077 7205 673
f 3784 7145 4910
f 5844 5745 6611
f 7205 3784 673
f 5844 101 5745
f 5553 5334 4924
f 1345 101 5844
f 1345 5307 101
f 5307 1744 101
f 5307 3830 597
f 5307 597 1744
f 2076 597 3830
f 2076 3830 2255
f 2215 527 1508
f 980 4338 2076
f 6082 5069 980
f 980 5069 5277
f 980 5277 4338
f 7168 520 1689
f 3886 272 3507
f 4747 7221 2950
f 4747 2950 2979
f 6796 1212 7206
f 6796 7206 7168
f 4906 1299 7097
f 4816 1212 6796
f 4906 4488 1299
f 2488 4992 5344
f 4859 4094 6522
f 4583 4816 3619
f 797 4816 4583
f 2729 4456 2719
f 2729 2719 4583
f 2719 4456 4275
f 2644 5489 4595
f 4595 5489 6575
f 2644 2690 5489
f 4456 5267 4275
f 5240 2597 3255
f 5489 2690 1234
f 3553 5267 4456
f 1234 4251 3445
f 126 3445 4251
f 126 4306 6946
f 5267 3553 3774
f 173 6100 5530
f 3938 2417 5683
f 3938 5683 435
f 3938 435 5085
f 3553 6567 2258
f 3774 3553 2258
f 312 5395 4379
f 1046 312 6565
f 5395 312 1046
f 4482 2420 2093
f 1665 4482 2093
f 1665 2093 2799
f 6762 2799 4379
f 5045 2240 2258
f 6567 6143 2258
f 2258 6143 5045
f 7271 5008 3746
f 6143 696 5045
f 5045 4497 2240
f 4497 1495 1699
f 7271 4897 1231
f 696 4497 5045
f 4897 369 1231
f 4497 696 335
f 1495 335 2302
f 1495 4497 335
f 4175 3002 1566
f 4175 1566 4897
f 4897 1566 369
f 2302 335 180
f 1158 5225 3390
f 335 2164 180
f 800 1051 1158
f 800 1796 1051
f 2640 2164 4116
f 2640 4116 6844
f 4116 1209 6844
f 1209 4116 2070
f 1209 2070 3921
f 3921 2070 1849
f 4518 2223 2470
f 1849 3594 3921
f 1849 2070 3311
f 2873 1849 3311
f 1849 2873 3594
f 6744 2873 3311
f 7235 2873 6744
f 518 1762 6744
f 6744 1762 7235
f 610 1641 6733
f 518 4601 4122
f 2878 518 4122
f 518 2878 1762
f 7203 6496 6725
f 4122 6496 2878
f 6725 4606 7203
f 6725 2837 330
f 6247 4008 5049
f 2239 6229 2195
f 2239 6763 3342
f 5679 6181 2759
f 5136 57 4679
f 57 3265 5921
f 7034 5921 3265
f 5102 3718 5576
f 2166 3976 3948
f 3854 3976 2166
f 3359 2804 4532
f 3051 3870 3367
f 2473 5026 5373
f 1821 6770 418
f 6770 3225 1355
f 3225 6680 4872
f 2606 3714 5328
f 5328 3714 5372
f 4573 1760 3978
f 3978 5278 3626
f 4960 4573 4159
f 4960 1760 4573
f 3626 1922 3795
f 3626 5278 1922
f 3795 1922 1491
f 3978 1760 5278
f 5842 4199 1109
f 5842 6316 4199
f 4199 6316 4960
f 4960 6316 1760
f 1760 5419 5278
f 5278 6439 1922
f 1760 6316 5419
f 6439 4465 1922
f 1922 4465 1491
f 4465 4781 1491
f 5842 1810 6316
f 3616 1491 4781
f 5842 4337 5053
f 5842 5053 1810
f 4337 262 5053
f 4465 6163 4781
f 4337 5199 262
f 2990 5199 4337
f 6163 2360 4781
f 2923 2360 6163
f 2923 2355 2360
f 4400 5877 2355
f 211 262 5199
f 5877 3464 2355
f 203 6993 211
f 203 3836 6993
f 5221 3464 5877
f 5221 5334 3464
f 3464 5334 1742
f 203 1103 3836
f 5675 6611 1458
f 1103 3784 4910
f 1103 4910 3836
f 5844 6611 5675
f 673 3784 1103
f 3281 5844 5675
f 3281 762 1345
f 3281 1345 5844
f 6082 980 2255
f 2255 980 2076
f 1508 2603 2925
f 2215 1508 2925
f 1508 527 1943
f 1863 7097 2925
f 2925 7097 2215
f 527 272 1943
f 2683 5069 6082
f 5930 2683 878
f 2683 5930 5069
f 7168 7206 520
f 878 1315 2979
f 272 3886 1671
f 1315 4747 2979
f 1863 4906 7097
f 7221 2954 4094
f 2791 3680 4992
f 1212 4816 797
f 5322 6594 4488
f 4006 4859 6522
f 4006 4595 199
f 4006 2644 4595
f 797 4583 2719
f 4275 797 2719
f 5734 5530 5322
f 4275 5267 796
f 173 5530 5734
f 796 5267 6468
f 2417 4410 2597
f 126 4093 4306
f 173 781 6100
f 5267 3774 6468
f 1763 1284 4306
f 37 1763 4306
f 37 4306 4093
f 1284 1763 6565
f 1046 6565 1763
f 6100 781 3746
f 4482 435 2420
f 6762 1665 2799
f 5395 6762 4379
f 3774 2258 2240
f 2240 5236 1042
f 5918 7271 3746
f 5236 2240 1699
f 4497 1699 2240
f 6656 5236 1699
f 5511 4897 7271
f 1699 1495 907
f 6656 1699 907
f 907 5209 4838
f 907 1495 5209
f 3390 3002 1014
f 1014 3002 4175
f 5209 1495 2302
f 4838 5209 4097
f 4097 5209 2302
f 3390 5225 3002
f 2044 180 2164
f 2044 2164 2640
f 7211 1796 800
f 6844 6788 2640
f 5293 1796 7211
f 5293 3046 1796
f 84 6844 1209
f 6844 84 2889
f 3046 5293 2470
f 3921 84 1209
f 3594 6637 3921
f 6637 84 3921
f 1561 6637 3594
f 2873 1561 3594
f 6733 4518 610
f 1762 467 7235
f 1218 621 1641
f 6725 330 4606
f 621 1218 88
f 2837 5049 4008
f 4008 6247 3342
f 6829 3474 88
f 4837 4964 3474
f 2195 6229 2401
f 2418 2195 2401
f 2759 6181 4964
f 4951 5679 2759
f 5136 4679 954
f 1747 1260 1916
f 5921 7154 57
f 2521 5102 5576
f 7343 4660 1994
f 1994 4660 5576
f 4073 7253 1069
f 3870 1069 7253
f 5002 2804 3359
f 3870 4832 3367
f 4832 2236 1821
f 118 2168 5372
f 5026 2168 118
f 118 5373 5026
f 6770 6859 3225
f 6859 6680 3225
f 5372 5516 118
f 5372 3714 5516
f 3809 5427 2606
f 6376 7161 6667
f 1925 5234 4239
f 1925 4839 5234
f 5234 4839 2437
f 2437 2972 5234
f 2972 2437 5941
f 2437 346 5941
f 4839 7308 2437
f 2437 7322 346
f 7308 7322 2437
f 2056 4159 5484
f 1697 3626 1232
f 3943 2056 5484
f 2321 4573 3978
f 2321 3978 1697
f 1697 3978 3626
f 3626 3795 1232
f 1232 3795 6018
f 6018 6922 6277
f 5813 1777 2051
f 1777 3943 2051
f 1777 1109 3943
f 3943 1109 2056
f 2056 4960 4159
f 1109 4199 2056
f 2056 4199 4960
f 3795 6922 6018
f 3795 1491 6922
f 1777 5916 1109
f 6922 3616 2385
f 1777 5813 2516
f 1777 2516 5916
f 1491 3616 6922
f 5916 5842 1109
f 3616 2485 2385
f 5916 4337 5842
f 2516 2104 5916
f 5916 2104 2990
f 2990 4337 5916
f 3616 4669 2485
f 4557 2990 2104
f 4669 3616 4781
f 4669 67 2485
f 4557 5199 2990
f 4669 3621 67
f 67 3621 1541
f 4669 4781 2360
f 3621 4669 2360
f 1541 3621 836
f 5199 4557 6488
f 3621 2360 2355
f 2579 3621 2355
f 836 3621 2579
f 6488 211 5199
f 3464 2579 2355
f 799 203 6488
f 203 211 6488
f 2579 3464 3278
f 799 3365 203
f 11 5675 1458
f 2077 673 2246
f 2246 673 1103
f 3365 1103 203
f 11 1458 2077
f 3464 1742 616
f 6622 6826 3281
f 3281 5675 6622
f 5553 1742 5334
f 1345 762 1150
f 1689 520 4924
f 2255 459 984
f 459 2255 3830
f 984 6082 2255
f 7305 2603 1508
f 1508 1943 7305
f 1853 1863 2925
f 2974 1863 1853
f 2683 1315 878
f 7206 1628 520
f 7206 5122 1628
f 7095 1863 2974
f 1671 3886 2718
f 2726 4747 1315
f 1212 5122 7206
f 4906 1863 7095
f 2726 5533 4747
f 1212 1454 5122
f 7221 4747 5533
f 1212 6200 1454
f 2954 6522 4094
f 4906 6066 4488
f 797 6200 1212
f 6066 5322 4488
f 797 4275 6200
f 3255 4992 2488
f 3883 4006 6522
f 6200 4275 1867
f 4275 796 1867
f 5784 3255 2597
f 6342 1234 2690
f 4251 1234 6981
f 6981 1234 6342
f 2597 4410 5784
f 126 4251 4728
f 796 6468 5719
f 2417 3938 4410
f 4410 3938 4685
f 37 4093 5080
f 5085 4685 3938
f 6468 3774 1042
f 5085 435 4482
f 6042 6762 5395
f 6468 1042 3215
f 781 5918 3746
f 1042 3774 2240
f 3215 1042 5501
f 5501 1042 5236
f 5501 5236 6656
f 6656 2217 5501
f 5511 7271 5918
f 3802 6656 907
f 907 4838 1116
f 907 1116 3802
f 1014 2611 3390
f 1116 4838 506
f 4097 506 4838
f 6309 506 4097
f 180 2044 2302
f 2044 4097 2302
f 2150 4097 2044
f 6309 4097 2150
f 4354 1158 3390
f 354 1158 4354
f 354 800 1158
f 5747 2150 2044
f 800 354 7211
f 2640 5747 2044
f 2889 6788 6844
f 6637 2889 84
f 1561 3442 6637
f 7235 1561 2873
f 1439 1641 610
f 2878 4809 1762
f 1762 4809 467
f 6496 7203 2878
f 7203 4809 2878
f 1218 1641 1439
f 4606 2571 7203
f 7203 2571 1851
f 330 2837 6434
f 1218 6829 88
f 4008 6434 2837
f 6829 4837 3474
f 6434 4008 3342
f 6763 3287 3342
f 3287 6434 3342
f 1453 6434 3287
f 6763 2239 2195
f 3287 6763 6112
f 2759 4964 2464
f 4965 2195 2418
f 2418 1920 4965
f 1920 2418 954
f 4951 5853 1916
f 954 4679 1920
f 4679 57 7154
f 5921 7034 5102
f 893 6170 3854
f 6170 3976 3854
f 5576 4660 2521
f 4073 3948 7118
f 1821 7062 6770
f 6770 7062 6859
f 4922 6869 3269
f 2606 5427 5368
f 2606 5368 3714
f 3491 291 3144
f 3144 291 5828
f 5828 3916 3144
f 291 4239 1463
f 291 4967 5828
f 291 1463 4967
f 5828 4967 6376
f 5828 6376 3916
f 2079 3916 6376
f 4239 1187 1463
f 1463 2816 4967
f 6667 2079 6376
f 6472 1833 6667
f 1187 2816 1463
f 1470 6376 4967
f 1470 7161 6376
f 6472 6667 7161
f 2816 6764 4967
f 7161 5176 3105
f 7161 1470 5176
f 1187 5234 2816
f 2816 5620 6764
f 4967 6764 1470
f 1470 6764 5176
f 6764 5893 5176
f 3105 5176 5893
f 1203 1925 4617
f 4617 1925 4239
f 4239 5234 1187
f 2816 5234 5620
f 1203 4839 1925
f 5234 2972 5620
f 6764 5620 5893
f 3105 5893 2616
f 2972 6241 5620
f 5620 2616 5893
f 5620 6241 2616
f 2962 4839 1203
f 2962 6580 4839
f 2616 6241 6440
f 2972 5941 1721
f 2972 1721 6241
f 6440 6241 1721
f 6580 7308 4839
f 1721 7122 6440
f 6580 3654 7308
f 5941 7122 1721
f 1297 3654 6580
f 7308 3851 3510
f 7308 3510 7322
f 7322 3510 346
f 5941 2584 7122
f 3654 3851 7308
f 3510 1490 346
f 7122 2584 2068
f 5513 1679 1297
f 1297 1679 3654
f 3510 3851 1490
f 1490 1002 346
f 346 1002 5941
f 5941 1002 2584
f 3851 6756 1490
f 6122 5513 2061
f 5513 1297 2061
f 6756 1002 1490
f 6688 1002 7225
f 6122 170 5513
f 5513 170 1679
f 3654 1679 3528
f 3654 3528 3851
f 539 3023 1266
f 147 4731 148
f 147 2183 4731
f 4731 5726 612
f 4731 2183 5726
f 612 5726 6122
f 3851 3528 6756
f 6756 7225 1002
f 539 2321 147
f 2183 6018 5726
f 5726 170 6122
f 5726 6277 170
f 3528 7328 6756
f 7225 6756 5518
f 1266 5484 4159
f 1266 4159 539
f 539 4573 2321
f 147 2321 1697
f 147 1697 2183
f 2183 1697 1232
f 2183 1232 6018
f 5726 6018 6277
f 1679 7328 3528
f 7328 1963 6756
f 6756 1963 5518
f 539 4159 4573
f 170 6277 42
f 170 42 1679
f 1679 42 7328
f 3943 5484 516
f 2051 3943 516
f 6922 2385 6277
f 2385 42 6277
f 2051 4190 5813
f 4190 1123 5813
f 42 3651 7328
f 7328 3651 1963
f 5518 1963 3651
f 3651 1251 5518
f 2385 2681 42
f 42 2681 3651
f 3651 5051 1251
f 2385 2485 2681
f 3651 2681 5051
f 3400 2487 5813
f 2487 2516 5813
f 6719 5051 2681
f 2681 2485 6719
f 6719 6606 5051
f 1251 5051 3668
f 3668 5051 6606
f 2516 2487 2104
f 2485 67 6719
f 6292 2487 5104
f 6292 2104 2487
f 67 6606 6719
f 2104 6292 4557
f 6606 2953 7373
f 6606 67 2953
f 1718 6292 16
f 1718 4557 6292
f 67 1541 2953
f 2953 2396 7373
f 2822 4557 1718
f 2396 2953 1541
f 6488 4557 2822
f 836 2253 1541
f 1541 2253 2396
f 2822 799 6488
f 2253 836 2579
f 2579 6937 2253
f 1957 799 2822
f 6937 2579 3278
f 3365 1957 2246
f 2246 1957 6441
f 1957 3365 799
f 11 6441 629
f 6441 11 2246
f 6937 3278 7296
f 11 2077 2246
f 2246 1103 3365
f 11 6622 5675
f 3278 2988 7296
f 616 3278 3464
f 3278 616 2988
f 6826 762 3281
f 1150 762 5205
f 1345 1150 5307
f 1150 3830 5307
f 5553 4924 4918
f 459 3830 1150
f 4918 4924 520
f 4918 520 1628
f 6093 984 459
f 2603 1853 2925
f 984 2683 6082
f 3995 1943 272
f 5110 1315 2683
f 2683 984 5110
f 2718 3995 272
f 1671 2718 272
f 2726 1315 5110
f 3886 3680 4244
f 5533 5266 7221
f 1454 4147 5122
f 2954 7221 5266
f 5931 6066 4906
f 6522 2954 3883
f 1454 6200 1867
f 5734 5322 6066
f 4006 3883 1964
f 1964 2644 4006
f 2690 2644 2920
f 5784 1224 3255
f 209 173 5734
f 5719 1867 796
f 209 781 173
f 5784 4410 2814
f 4093 126 4728
f 1046 1763 4682
f 4682 1763 37
f 2014 4482 1665
f 2014 1665 3839
f 3839 1665 6762
f 3839 6762 6042
f 6591 5918 781
f 5501 5037 3215
f 5918 6591 5511
f 6945 5511 4432
f 4432 5511 6591
f 6656 3802 2217
f 6849 2217 3802
f 6945 4897 5511
f 3802 1116 6849
f 6945 1014 4175
f 6945 4175 4897
f 4354 3390 2611
f 2150 7266 6309
f 7266 2150 3869
f 3869 2150 5747
f 3071 7211 354
f 4398 7211 3071
f 2640 6788 5747
f 5293 7211 4398
f 6788 2889 5840
f 169 2470 5293
f 4518 2470 169
f 6637 4330 2889
f 6637 3442 4330
f 3042 4518 169
f 888 3442 1561
f 3060 888 1561
f 7235 467 1561
f 467 3060 1561
f 1439 3057 1218
f 330 2047 4606
f 2464 4964 4837
f 4965 1920 2387
f 4294 1916 5853
f 4679 433 1920
f 4294 1747 1916
f 4679 7154 433
f 3683 6304 1747
f 7154 5921 5102
f 4660 7343 5862
f 5405 4532 2804
f 7343 4532 5405
f 4073 7118 7253
f 261 3675 5002
f 2804 5002 3675
f 3870 7054 4832
f 261 2473 3675
f 2236 7062 1821
f 2473 5373 3675
f 6680 1573 4922
f 1573 6869 4922
f 3269 6289 3809
f 6289 5427 3809
f 3491 5638 6120
f 3491 6482 5638
f 1393 2841 2752
f 1393 2752 6120
f 3144 6482 3491
f 3144 5073 6482
f 3144 3916 5073
f 2012 2752 2841
f 6120 2752 3491
f 2752 4239 291
f 2752 291 3491
f 2079 6667 5985
f 1833 5985 6667
f 2752 2012 4239
f 6472 466 1833
f 466 6472 3259
f 2012 4617 4239
f 7161 3105 2265
f 7161 2265 6472
f 3259 6472 2265
f 341 4617 2012
f 341 1203 4617
f 3105 6883 2265
f 3105 6609 6883
f 3105 2616 6609
f 144 2962 1203
f 2616 6440 6609
f 2962 2641 6580
f 1586 2641 2962
f 2641 1297 6580
f 5426 6440 7122
f 6440 296 6609
f 2641 2061 1297
f 1586 2061 2641
f 6440 5426 296
f 296 5426 2786
f 296 2786 1937
f 7122 2068 5426
f 1586 6256 2061
f 2068 2786 5426
f 2584 1192 2068
f 6256 6122 2061
f 1002 6688 2584
f 2584 6688 1192
f 2068 1192 2786
f 148 4731 9
f 9 612 6256
f 6256 612 6122
f 6688 1006 1192
f 2786 1192 5299
f 3023 6629 3194
f 3023 539 6629
f 9 4731 612
f 7225 1006 6688
f 498 5484 4232
f 5484 1266 4232
f 4232 1266 3023
f 539 147 6629
f 6629 147 148
f 7225 3761 1006
f 5484 498 516
f 3761 7225 5518
f 5518 2484 3761
f 1006 3761 2169
f 2051 516 6138
f 2484 2300 3761
f 2169 3761 2300
f 6138 4190 2051
f 5518 1251 2484
f 2300 2484 7159
f 7159 6514 2300
f 1251 5120 2484
f 1123 3400 5813
f 5120 7159 2484
f 1251 3668 5120
f 5089 3400 1123
f 5120 5285 7159
f 3400 5089 5104
f 3400 5104 2487
f 5120 3149 5285
f 3668 3149 5120
f 6606 7373 3668
f 3149 3668 7373
f 5104 16 6292
f 1718 16 6836
f 3731 1813 6836
f 3731 6836 16
f 2822 1718 6836
f 1459 2396 2346
f 1459 7373 2396
f 7259 6836 1813
f 6836 7259 2822
f 4914 2396 2253
f 2638 7259 1813
f 2638 1957 7259
f 7259 1957 2822
f 2253 6937 4914
f 629 6441 2638
f 2638 6441 1957
f 11 629 6622
f 6622 1624 6826
f 5205 762 6826
f 5553 7275 1742
f 1742 7275 616
f 7275 5553 4918
f 459 1150 1433
f 459 1433 6093
f 2603 7305 1580
f 6093 1084 984
f 1943 1580 7305
f 3995 6582 1943
f 5110 984 1084
f 1707 1628 5122
f 5110 2797 2726
f 5122 4147 1707
f 5533 2726 2797
f 4244 1008 2718
f 4244 2718 3886
f 5266 5533 2181
f 5931 4906 7095
f 4147 1454 3352
f 2791 4244 3680
f 3883 2954 5266
f 1454 1867 4310
f 1454 4310 3352
f 2791 4992 1149
f 3255 1224 4992
f 2644 1964 4206
f 2920 2644 4206
f 4310 1867 5719
f 5198 6981 6342
f 5198 6342 2430
f 4251 6981 5198
f 781 209 7363
f 2814 4410 18
f 4093 4728 7072
f 4410 4685 18
f 4735 37 5080
f 670 4482 2014
f 2991 3839 6042
f 5037 5501 2217
f 5037 2217 4568
f 4568 2217 2245
f 1268 1014 6945
f 6849 2245 2217
f 506 2138 1116
f 506 1360 2138
f 6309 1360 506
f 2889 6972 5840
f 1439 610 4518
f 4420 467 4809
f 467 4420 2231
f 3057 1439 6297
f 7203 1851 4809
f 4809 1851 4420
f 4104 330 6434
f 6434 1453 4104
f 7093 2464 4837
f 5617 3287 6112
f 3287 5617 1453
f 4965 2929 2195
f 6112 6763 2195
f 4965 7102 2929
f 4965 2387 7102
f 4912 433 7154
f 3683 1747 4294
f 2704 7154 5102
f 3683 893 6304
f 5862 2521 4660
f 7118 3948 1954
f 7343 5405 5862
f 5405 2804 1554
f 1554 2804 3675
f 7054 2236 4832
f 118 4475 5373
f 3269 6869 6289
f 5638 23 1393
f 5638 1448 23
f 5638 7374 1448
f 6482 7374 5638
f 5638 1393 6120
f 5073 7374 6482
f 3916 626 5073
f 2079 626 3916
f 626 2079 108
f 108 2079 5985
f 1173 425 4307
f 4307 2012 2841
f 4307 425 2012
f 1833 466 2636
f 466 3259 2636
f 425 341 2012
f 3259 2265 706
f 2556 341 425
f 144 341 2556
f 341 144 1203
f 2265 3181 706
f 144 2556 6154
f 2265 6883 3181
f 6883 5809 3181
f 6883 4066 5809
f 144 6154 1586
f 144 1586 2962
f 6609 4066 6883
f 4066 6609 296
f 4066 296 1937
f 3597 6256 1586
f 6154 3597 1586
f 5996 1937 2786
f 5996 6411 1937
f 2786 5789 5996
f 6182 148 1427
f 1427 9 3597
f 3597 9 6256
f 5996 5789 5212
f 5996 5212 6411
f 3194 6629 6182
f 6182 6629 148
f 1427 148 9
f 5299 5789 2786
f 1678 498 4232
f 4232 3023 3194
f 5442 498 1678
f 5299 1192 1006
f 516 498 5442
f 1006 5602 5299
f 5789 5299 3041
f 5602 3041 5299
f 2169 1154 1006
f 1006 1154 5602
f 1154 2169 6514
f 6514 2169 2300
f 2792 6514 7159
f 7159 5285 2792
f 5089 4309 5104
f 3149 1459 5285
f 1459 3149 7373
f 3731 4797 1813
f 1813 4797 4549
f 1813 4549 2638
f 5131 4549 3162
f 3162 4549 4797
f 2346 4914 5817
f 2346 2396 4914
f 629 2638 4549
f 629 4549 4382
f 6937 2501 4914
f 7296 2501 6937
f 4382 1624 6622
f 6622 629 4382
f 2988 5936 7296
f 1624 5399 165
f 6826 1624 165
f 5936 2988 7254
f 616 5485 2988
f 7254 2988 5485
f 165 5205 6826
f 7275 5485 616
f 5485 7275 4870
f 4918 4870 7275
f 5205 1433 1150
f 6093 1433 3416
f 4989 4918 1628
f 4870 4918 4989
f 2603 5111 1853
f 1580 5111 2603
f 1628 1707 4989
f 1943 6582 1580
f 5110 1084 6477
f 2797 5110 6477
f 1707 4147 3352
f 4895 1707 3352
f 4895 3352 1528
f 2181 5533 2797
f 3717 5266 2181
f 5266 3717 667
f 3883 5266 667
f 1644 6066 5931
f 1644 5734 6066
f 4992 1224 1149
f 1964 3883 4252
f 1964 4252 1395
f 6498 209 1644
f 1644 209 5734
f 1964 1395 4206
f 413 2690 2920
f 4310 5719 1005
f 4310 1005 4360
f 1224 5784 2814
f 6342 413 2430
f 6342 2690 413
f 4728 4251 5198
f 781 7363 4114
f 1005 5719 6468
f 4114 6591 781
f 2814 18 4768
f 5080 4093 7072
f 1005 6468 3215
f 4482 3341 5085
f 2912 4682 37
f 1005 3215 6362
f 1005 6362 3101
f 670 3341 4482
f 3631 2014 3839
f 4 2991 6042
f 4 6042 5395
f 6362 3215 5037
f 6362 5037 3204
f 5037 4568 3204
f 7086 1014 1268
f 7086 2611 1014
f 6849 4582 2245
f 4582 6849 5777
f 1116 4637 6849
f 6849 4637 5777
f 4637 1116 2138
f 6929 4354 2611
f 4514 4354 6929
f 1360 6499 2138
f 354 4354 4514
f 6309 3014 1360
f 4514 3071 354
f 6309 7266 3014
f 6788 3869 5747
f 5840 4511 6788
f 4330 6972 2889
f 6476 3042 169
f 3042 4607 4518
f 4607 1439 4518
f 2231 3060 467
f 1851 6350 4420
f 6829 1218 3057
f 2571 4606 6029
f 4104 2047 330
f 6829 7093 4837
f 1453 5617 3977
f 2464 1646 2759
f 1646 2591 2759
f 4951 2759 2591
f 2929 6112 2195
f 5853 4951 2591
f 6112 2929 1249
f 4294 5853 5872
f 2387 1920 433
f 655 7154 2704
f 3976 1954 3948
f 1554 6917 5405
f 7253 861 3870
f 6647 2236 7054
f 2236 3254 7062
f 3675 229 1554
f 3254 990 7062
f 990 2882 7062
f 2882 6859 7062
f 5373 4475 3675
f 6859 2098 6680
f 6680 2098 1573
f 5516 5856 118
f 3714 5856 5516
f 118 5856 4475
f 3714 5368 1830
f 5954 1393 23
f 5954 23 5200
f 23 1448 5200
f 822 1448 7374
f 1261 5769 1173
f 1261 2841 5954
f 1261 1173 2841
f 2841 1393 5954
f 626 7018 5073
f 626 108 3220
f 7209 1173 5769
f 2841 1173 4307
f 5985 7120 108
f 1833 7120 5985
f 3126 7120 1833
f 7209 425 1173
f 3065 1833 2636
f 6807 425 7209
f 3259 5713 2636
f 2636 824 3065
f 706 5713 3259
f 2556 425 6807
f 5713 706 4868
f 4868 706 854
f 1043 6807 4467
f 6807 1043 2556
f 3181 854 706
f 106 1043 4467
f 1043 6154 2556
f 854 3181 5809
f 5151 5809 4066
f 5151 4066 5564
f 1043 3597 6154
f 106 3597 1043
f 722 106 1962
f 5564 4066 1937
f 106 722 3597
f 6411 5564 1937
f 5564 6411 6816
f 1717 758 2856
f 1717 6182 3798
f 722 1427 3597
f 6182 1427 722
f 5465 1678 2856
f 1678 4232 2856
f 2856 4232 3194
f 2856 3194 1717
f 1717 3194 6182
f 5695 6411 5212
f 4622 5695 5212
f 4622 5212 5789
f 4622 3041 7295
f 4622 5789 3041
f 5442 3329 516
f 3329 6138 516
f 3329 1995 6138
f 3498 3041 5602
f 1995 4190 6138
f 5602 1154 6330
f 5602 6330 3498
f 7277 1123 4190
f 6330 1154 6514
f 3791 6514 1533
f 1533 6514 2792
f 6521 1533 2792
f 5285 6521 2792
f 1459 6521 5285
f 6521 1459 5203
f 4309 16 5104
f 4309 3762 16
f 3762 3731 16
f 3762 4797 3731
f 5203 1459 2346
f 2501 5817 4914
f 4382 4549 5131
f 4382 5399 1624
f 5192 2501 7296
f 5936 5192 7296
f 5205 165 2918
f 5485 4870 7254
f 2469 7254 4870
f 5205 5912 1433
f 4870 4989 2927
f 2685 3416 1433
f 4989 4895 2927
f 1084 6093 3416
f 4895 5641 2927
f 6477 1084 3416
f 1707 4895 4989
f 4703 6582 3995
f 2718 4703 3995
f 4895 1528 5641
f 1008 4703 2718
f 4020 7095 2974
f 2797 2327 2181
f 1528 3352 1323
f 1323 3352 4310
f 4244 2791 4771
f 4252 3883 667
f 4689 4252 667
f 4252 4689 1395
f 1323 4310 4360
f 1224 2814 4137
f 443 2920 4206
f 1323 7040 1528
f 1323 4360 7040
f 7114 4360 3101
f 1005 3101 4360
f 6700 6591 4114
f 4685 4768 18
f 4735 5080 681
f 3341 4909 4685
f 3341 4685 5085
f 830 6591 6700
f 5034 3793 3341
f 670 5034 3341
f 1046 5612 5395
f 5268 1046 4682
f 5268 4682 2912
f 3839 2991 3631
f 5612 4 5395
f 4432 6591 830
f 3458 6945 4432
f 2717 3204 5933
f 4568 5933 3204
f 5933 4568 2245
f 1268 6945 3458
f 5933 3891 1471
f 5933 2245 3891
f 3891 4582 5777
f 3891 2245 4582
f 6929 2611 7086
f 4637 3198 5777
f 4514 6929 6655
f 2138 3198 4637
f 6396 3071 4514
f 2083 7266 3869
f 6396 4398 3071
f 5139 2083 6788
f 2083 3869 6788
f 6788 4511 5139
f 5293 4398 169
f 3442 888 5282
f 4607 6297 1439
f 2231 5628 3060
f 4420 4062 2231
f 2231 4062 5628
f 4420 6350 4062
f 3119 1851 2571
f 6350 1851 3119
f 6350 3119 3644
f 2047 6029 4606
f 2571 6029 3119
f 2047 5149 6029
f 4104 5149 2047
f 5354 2464 7093
f 1249 5617 6112
f 655 4912 7154
f 433 4220 2387
f 433 4912 4220
f 2704 1197 655
f 3112 6170 893
f 5102 2521 2704
f 3976 6170 7041
f 7041 1954 3976
f 5862 3248 2521
f 6917 5862 5405
f 861 7054 3870
f 6647 3254 2236
f 2882 4281 6859
f 3714 1830 5856
f 6869 2331 6289
f 6289 2554 5427
f 5427 2554 5368
f 3641 5011 5883
f 6179 3641 5883
f 1356 3641 1261
f 3641 1356 5011
f 1356 1261 5954
f 1356 5954 5200
f 3641 6179 3940
f 3641 5769 1261
f 3641 3940 5769
f 6689 822 7374
f 7018 7374 5073
f 7018 6689 7374
f 4285 7018 626
f 4285 626 3220
f 3940 6179 6510
f 3220 108 919
f 919 108 7120
f 2185 919 7120
f 5769 3940 7209
f 3126 2185 7120
f 6807 6510 4378
f 6510 6807 3940
f 3940 6807 7209
f 3065 3126 1833
f 6807 4378 7243
f 2636 5713 824
f 3065 824 1009
f 4467 7243 5178
f 7243 4467 6807
f 4868 3554 5713
f 1962 5178 5449
f 5178 1962 4467
f 4467 1962 106
f 2264 4868 854
f 1230 2264 854
f 854 5809 1230
f 1230 5809 5151
f 5449 2078 1962
f 3798 2078 4958
f 3798 5874 2078
f 2078 722 1962
f 6359 3796 5465
f 2078 5874 722
f 6359 5465 758
f 6359 758 3798
f 5874 3798 6182
f 5874 6182 722
f 2856 758 5465
f 758 1717 3798
f 6816 6411 5695
f 6188 1678 5465
f 1678 6188 1555
f 1678 1555 5442
f 1450 3266 5695
f 4622 1450 5695
f 5442 1555 3329
f 6865 7295 3041
f 3498 6865 3041
f 7277 4190 1995
f 3725 1123 7277
f 3791 6330 6514
f 3791 5860 6330
f 1123 3725 5089
f 1533 1340 3791
f 3947 6521 5203
f 6101 3762 4309
f 5399 4382 5131
f 44 5399 3414
f 27 5192 3781
f 44 165 5399
f 3781 5192 5936
f 3781 5936 7254
f 1028 3781 7254
f 7254 2469 1028
f 2469 3823 1028
f 592 2918 165
f 2469 2927 3823
f 4870 2927 2469
f 2918 5912 5205
f 2927 2452 3823
f 2927 5641 2452
f 2685 1433 5912
f 5641 156 2452
f 2452 156 4393
f 3217 1853 5111
f 3 1580 6582
f 3217 2974 1853
f 2327 2797 6477
f 4406 4703 1008
f 1528 156 5641
f 2668 156 1528
f 4639 4406 1008
f 4393 2668 6340
f 4393 156 2668
f 4020 5931 7095
f 667 3717 766
f 4771 4639 1008
f 4771 1008 4244
f 2506 6498 1644
f 5931 2506 1644
f 6340 2668 7332
f 6340 7332 1643
f 930 4771 2791
f 930 2791 1149
f 2668 1528 7332
f 1395 443 4206
f 4137 1149 1224
f 1528 7040 7332
f 4453 7363 6498
f 6498 7363 209
f 6820 7332 7114
f 4453 4114 7363
f 413 2920 443
f 7332 7040 7114
f 6820 7114 4505
f 6700 4114 4453
f 1988 2814 4768
f 4360 7114 7040
f 3735 4728 5198
f 4728 3735 7072
f 7114 6362 4505
f 5080 7072 681
f 3101 6362 7114
f 4909 4768 4685
f 6362 201 4505
f 3793 4909 3341
f 2912 37 4735
f 1046 5268 5612
f 5268 2912 6940
f 201 6362 3204
f 201 2717 2338
f 201 3204 2717
f 3458 4432 5332
f 5332 4432 830
f 2991 3055 3631
f 2717 5674 2338
f 1268 2119 7086
f 2119 1268 3458
f 1471 2717 5933
f 5674 2717 1471
f 6655 7086 5571
f 6655 6929 7086
f 2138 6320 3198
f 2138 6499 6320
f 1360 3014 6499
f 2083 5890 7266
f 7266 5890 3014
f 632 4398 6396
f 4398 632 169
f 4511 481 5139
f 6972 481 5840
f 481 4511 5840
f 6972 1233 481
f 4330 1233 6972
f 4330 3442 5750
f 3060 5282 888
f 3969 6829 3057
f 7093 6829 3969
f 6029 5149 561
f 5354 7093 6598
f 4104 7107 5149
f 1453 7107 4104
f 1646 2464 5354
f 1453 3977 7107
f 3977 5617 4402
f 5617 1249 172
f 2591 5872 5853
f 2387 4896 7102
f 7102 4896 3273
f 7102 3273 2929
f 2929 3273 1249
f 3140 4294 5872
f 3683 4294 6466
f 3683 3112 893
f 3434 2704 2521
f 1547 6170 3112
f 7041 6170 1547
f 2521 3248 3434
f 1554 229 3673
f 3675 4475 229
f 6859 4281 2098
f 5856 1830 3749
f 4434 6897 5883
f 5883 886 4434
f 6897 6179 5883
f 886 5883 5011
f 1422 886 5011
f 1422 5011 1356
f 7078 5200 1448
f 822 7078 1448
f 6897 6510 6179
f 306 6689 7018
f 429 7018 4285
f 1072 429 4285
f 1072 4285 3220
f 6897 4378 6510
f 374 3220 919
f 374 919 2185
f 1386 2185 3126
f 7074 5178 4378
f 4378 5178 7243
f 4169 3065 1009
f 85 5178 7074
f 824 4851 1009
f 4851 4920 1009
f 5713 3554 4851
f 5713 4851 824
f 2960 4851 3554
f 2264 3554 4868
f 4396 3554 2264
f 85 5449 5178
f 4396 2264 1230
f 4578 4949 3262
f 4949 1403 3262
f 4949 4958 1403
f 1403 4958 85
f 85 2078 5449
f 85 4958 2078
f 465 1230 5151
f 4949 4578 3796
f 3796 6359 4949
f 4949 6359 3798
f 4949 3798 4958
f 6816 5151 5564
f 5151 6816 3740
f 1256 5465 3796
f 5465 1256 6188
f 3266 4237 5695
f 4237 6816 5695
f 1555 6188 3645
f 1555 3645 3329
f 7295 1450 4622
f 482 7295 6865
f 6865 3498 1057
f 1995 4472 7277
f 3791 1340 5860
f 3725 2900 5089
f 2900 4309 5089
f 2900 5162 4309
f 6524 3947 5203
f 5203 1200 6524
f 6101 4797 3762
f 1200 5203 2346
f 5817 1200 2346
f 5817 2501 7135
f 7135 2501 277
f 5399 5131 3414
f 5192 27 2501
f 2501 27 277
f 3781 4999 27
f 27 4999 277
f 2874 5118 44
f 4999 3781 1028
f 4999 1028 7278
f 5118 165 44
f 5118 592 165
f 1028 3823 7278
f 592 3963 2918
f 3963 5912 2918
f 3823 2452 6933
f 5912 3963 2685
f 2685 3963 4483
f 4393 6933 2452
f 6340 6933 4393
f 3 5111 1580
f 3416 1710 6477
f 1939 2974 3217
f 2229 6582 4703
f 6933 1643 6928
f 2327 6477 1710
f 2181 2327 3040
f 2327 6485 3040
f 6933 6340 1643
f 3040 3717 2181
f 3717 3040 766
f 766 3177 667
f 4689 667 3177
f 5361 1395 4689
f 1643 6820 6552
f 443 1395 5361
f 7332 6820 1643
f 6820 5554 6552
f 413 443 2412
f 1988 4137 2814
f 6820 2432 5554
f 6820 4505 2432
f 2809 5198 2430
f 2432 4505 201
f 4453 6284 6700
f 3735 5198 2809
f 2432 809 635
f 201 809 2432
f 809 201 2338
f 4735 3331 2912
f 5332 830 6284
f 6284 830 6700
f 6940 2912 3331
f 2338 4072 809
f 2119 3458 4718
f 4718 3458 5332
f 3000 5034 670
f 3000 670 2014
f 4072 2338 5674
f 5571 7086 2119
f 6319 1471 3891
f 6319 3891 4071
f 5777 4071 3891
f 3198 4071 5777
f 4514 6655 1058
f 6320 5910 3198
f 6499 4308 6320
f 3014 2434 6499
f 5750 1233 4330
f 3060 223 5282
f 223 3060 5628
f 7311 5628 4062
f 4062 6350 3644
f 7093 3969 6598
f 6029 561 3119
f 561 5149 537
f 5149 7107 414
f 7107 3977 414
f 4402 5617 172
f 1249 2933 172
f 1249 3273 2933
f 3273 4896 226
f 4294 3140 6466
f 4220 3572 2387
f 2387 3572 3353
f 2387 3353 4896
f 6466 3112 3683
f 4107 3572 4220
f 1197 2704 3434
f 655 6327 4912
f 4912 4107 4220
f 6917 2515 5862
f 6917 1554 3673
f 2882 6321 4281
f 4475 3097 229
f 6321 2098 4281
f 5389 2554 6289
f 5637 4434 886
f 3620 5637 886
f 4434 2018 6897
f 4528 1422 1356
f 4528 5200 7078
f 1356 5200 4528
f 6674 7078 822
f 429 306 7018
f 374 1072 3220
f 495 2018 364
f 495 925 2018
f 925 4378 6897
f 2018 925 6897
f 2185 3919 374
f 1754 925 495
f 7074 4378 925
f 1386 3919 2185
f 1386 3126 6753
f 6753 3126 3065
f 3065 4169 6753
f 1754 1403 925
f 1754 1940 1403
f 7074 925 85
f 1403 85 925
f 2960 2976 4851
f 6099 3554 4396
f 1940 3262 1403
f 700 3796 4578
f 5151 3740 465
f 1256 3796 700
f 204 1256 700
f 6188 1256 204
f 6816 4237 3740
f 3034 3329 3645
f 3329 3034 40
f 40 1995 3329
f 4560 7277 4472
f 4560 3725 7277
f 5860 4621 4522
f 4621 5860 1340
f 4621 1340 5815
f 5815 1340 1533
f 6521 5815 1533
f 5815 6521 3947
f 4309 5162 6101
f 5817 4012 1200
f 7135 4012 5817
f 3713 3162 4797
f 7135 2631 4012
f 3736 5131 3162
f 7135 277 2631
f 3736 3414 5131
f 7278 277 4999
f 4170 277 7278
f 4170 7278 5546
f 5546 7278 4990
f 7278 3823 4990
f 6933 3360 3823
f 3823 3360 4990
f 6987 3963 592
f 3360 5281 4990
f 3360 6933 6928
f 2685 4483 3416
f 5281 3360 6928
f 4483 7146 3416
f 5111 3 3217
f 3217 3 902
f 2229 3 6582
f 1643 5281 6928
f 2147 2974 1939
f 1473 2229 4703
f 2327 1710 6485
f 2147 4020 2974
f 4406 1473 4703
f 766 3040 4961
f 3177 766 4961
f 304 4639 4771
f 930 304 4771
f 5756 6498 7053
f 6498 2506 7053
f 4689 3177 2248
f 5631 4689 2248
f 5756 4453 6498
f 5361 4689 5631
f 5756 1165 4453
f 5286 930 1149
f 6552 6908 2657
f 5286 1149 4137
f 6552 5554 6908
f 2412 443 5361
f 6284 4453 1165
f 4024 4137 1988
f 2430 413 2412
f 5554 635 6908
f 5554 2432 635
f 6486 7072 3735
f 6486 3735 2809
f 4072 635 809
f 3649 635 4072
f 7244 2119 4718
f 3631 3000 2014
f 5674 2793 4072
f 3053 5674 1471
f 2793 5674 3053
f 1471 6319 3053
f 702 6655 5571
f 1058 6655 702
f 4071 5469 6319
f 3198 5469 4071
f 4245 4514 1058
f 6320 4308 5910
f 6499 2434 4308
f 4245 6396 4514
f 5890 6870 3014
f 1391 169 632
f 1549 5139 481
f 6476 169 1391
f 481 1233 6711
f 1366 1233 5750
f 5282 5750 3442
f 4607 6280 6297
f 5628 7311 223
f 3057 6297 7195
f 3969 3057 7195
f 7311 4062 3644
f 3969 7195 6257
f 6598 3969 6257
f 3119 561 3644
f 561 537 749
f 5149 414 537
f 414 3977 5087
f 5354 4082 1646
f 3977 4402 5087
f 172 2933 5507
f 172 5507 4402
f 2933 3273 5579
f 226 5579 3273
f 6466 3140 2509
f 3353 226 4896
f 3353 3572 7191
f 2964 4107 4912
f 4107 6511 3572
f 1197 6327 655
f 4912 6327 2964
f 2964 6511 4107
f 7041 1547 4688
f 7253 4339 861
f 861 160 7054
f 6917 3673 2515
f 160 6647 7054
f 3254 1489 990
f 1489 2882 990
f 1489 3011 2882
f 229 3097 3673
f 2098 128 1573
f 6105 4475 5856
f 5856 3749 6105
f 2331 195 6289
f 195 5389 6289
f 2554 1625 5368
f 2554 5389 1625
f 5368 1625 1830
f 1871 3620 886
f 1871 886 1422
f 4434 3226 2018
f 2629 1422 4528
f 2629 4528 7078
f 822 6689 6674
f 306 3340 6689
f 6031 5306 429
f 795 1072 374
f 364 2018 3226
f 3919 795 374
f 364 6973 495
f 495 1606 1754
f 3368 3919 1386
f 1940 1754 1606
f 6568 5046 6753
f 6568 6753 4169
f 2187 1940 1606
f 1009 1789 4169
f 1789 1009 4920
f 4851 2870 4920
f 2870 4851 2976
f 2187 3262 1940
f 6099 2960 3554
f 2187 4478 4578
f 4578 3262 2187
f 4396 1230 465
f 4478 700 4578
f 4478 7297 700
f 7297 204 700
f 7297 6188 204
f 7297 3645 6188
f 6865 1057 482
f 40 4472 1995
f 5860 3498 6330
f 5860 1057 3498
f 5860 3838 1057
f 5860 4522 3838
f 4293 4522 4621
f 4358 3725 4560
f 4358 2900 3725
f 4621 5952 4293
f 4621 5815 5952
f 5952 5815 3947
f 5162 2900 4358
f 3197 6524 1200
f 3197 1200 4012
f 3197 4012 2549
f 3713 4797 6101
f 3713 1469 3162
f 4012 2631 2549
f 3736 3162 1469
f 2631 277 4170
f 2631 4170 3576
f 1512 44 3414
f 1512 3414 3736
f 3576 4170 5546
f 1512 2874 44
f 6130 5118 2874
f 4990 5281 5546
f 5281 254 5546
f 5118 2103 592
f 5118 6130 2103
f 592 2103 6987
f 4483 3963 6987
f 1939 902 2771
f 1939 3217 902
f 1710 3416 7146
f 1710 7146 2146
f 4020 2147 1075
f 5281 6778 2252
f 2146 6485 1710
f 2506 5931 4020
f 135 1473 4406
f 6485 4961 3040
f 6778 5281 1643
f 701 135 4406
f 701 4406 4639
f 6552 6778 1643
f 3177 4961 3476
f 548 1165 5756
f 142 5631 2248
f 6778 6552 2657
f 2657 6908 5028
f 5286 4137 4024
f 6908 1156 5028
f 6908 635 1156
f 5248 2809 2430
f 635 3649 1156
f 4718 1351 3320
f 1351 5332 3930
f 3930 5332 6284
f 1156 3649 3337
f 1351 4718 5332
f 3337 3649 3664
f 7244 4176 3643
f 3643 2119 7244
f 681 7072 6486
f 4909 3793 5656
f 3664 3649 2793
f 702 5571 3643
f 3643 5571 2119
f 4072 2793 3649
f 6625 3793 5034
f 3000 6625 5034
f 3631 3599 3000
f 6856 3599 3631
f 6856 3631 3055
f 2257 5612 5268
f 2257 5268 6940
f 3275 3055 2991
f 3275 2991 4
f 3275 4 935
f 3053 6712 4249
f 3053 6319 6712
f 5469 6712 6319
f 3198 5910 5469
f 5910 976 5469
f 6870 4308 2434
f 3014 6870 2434
f 188 6870 5890
f 1549 188 2083
f 1549 2083 5139
f 5890 2083 188
f 3042 6476 1391
f 55 4607 3042
f 1366 6711 1233
f 6280 4607 55
f 5750 70 1366
f 5282 70 5750
f 223 2359 5282
f 3644 1966 7311
f 1966 3644 3611
f 3644 561 749
f 3644 749 3611
f 414 5201 537
f 414 5087 5201
f 5087 4402 116
f 1646 6348 2591
f 4402 5507 116
f 3140 5872 3227
f 3227 2509 3140
f 5579 5507 2933
f 7191 226 3353
f 2509 95 6466
f 3112 6466 95
f 95 1007 3112
f 3572 6547 7191
f 3112 1007 1547
f 6511 6547 3572
f 1007 4688 1547
f 7041 5830 1954
f 4688 5830 7041
f 3434 6905 1197
f 1197 6905 6327
f 3103 1954 5830
f 2515 3248 5862
f 3434 3248 2881
f 3103 7118 1954
f 3103 7253 7118
f 160 861 4339
f 1443 3254 6647
f 1443 1489 3254
f 276 3011 1489
f 2882 3011 6321
f 1573 4384 6869
f 6869 4384 2331
f 5637 3620 1773
f 5482 3620 1871
f 2629 1871 1422
f 969 2629 7078
f 969 7078 6674
f 3340 6674 6689
f 306 1110 3340
f 3226 4434 5637
f 5306 1110 306
f 5306 306 429
f 6031 429 1072
f 795 6938 1072
f 1768 495 6973
f 6973 364 3226
f 1768 1606 495
f 5046 1386 6753
f 5829 4169 1789
f 5829 6568 4169
f 3450 5829 1789
f 10 2187 1606
f 4920 3450 1789
f 4808 3450 4920
f 2870 4808 4920
f 2976 2960 1819
f 10 4478 2187
f 2203 4478 10
f 6099 4396 3666
f 401 4396 465
f 3666 4396 401
f 2703 465 3740
f 401 465 2703
f 2203 7297 4478
f 6792 7297 2203
f 3740 2824 2703
f 1450 7295 482
f 1057 5170 482
f 3034 4472 40
f 2566 4358 4560
f 3947 388 5952
f 6524 388 3947
f 4358 3861 5162
f 3197 388 6524
f 388 3197 6071
f 3861 6101 5162
f 6071 3197 2549
f 3576 2549 2631
f 3576 5546 4874
f 5546 254 4874
f 2406 4874 254
f 2252 254 5281
f 4460 4483 6987
f 7146 4483 4460
f 1939 2771 6515
f 1482 254 2252
f 3419 2147 6515
f 2147 1939 6515
f 2564 902 3
f 3419 1075 2147
f 2564 3 2229
f 1075 3419 24
f 7053 1075 24
f 1504 2229 1473
f 7053 2506 1075
f 1075 2506 4020
f 4445 6485 2146
f 4445 4961 6485
f 2252 6778 1482
f 960 1482 6055
f 6055 1482 6778
f 3177 3476 152
f 152 2248 3177
f 304 701 4639
f 152 2970 2248
f 6778 2657 6055
f 5028 6055 2657
f 142 2248 2970
f 7330 5361 5631
f 3930 6284 2517
f 2517 6284 1165
f 2430 2412 5248
f 6048 4176 3320
f 2590 3320 1351
f 4176 7244 3320
f 3320 7244 4718
f 2481 6486 2809
f 5656 1988 4768
f 5656 4768 4909
f 2458 702 3643
f 2793 3053 3664
f 3053 6361 3664
f 1362 702 2458
f 3622 3331 4735
f 4407 2257 6940
f 4407 6940 3331
f 935 4 5612
f 935 5612 2257
f 1058 702 1362
f 2935 1058 1362
f 976 4817 5469
f 5469 4817 6712
f 2935 4245 1058
f 5910 4308 1684
f 4425 6396 4245
f 632 6396 4425
f 6870 188 161
f 6371 1391 632
f 481 6711 1549
f 55 3042 1391
f 70 5282 3398
f 2359 3398 5282
f 2204 6297 6280
f 7195 6297 2204
f 6794 223 7311
f 6794 2359 223
f 7195 2204 403
f 403 6257 7195
f 7311 1966 3872
f 7311 3872 6794
f 537 3307 749
f 2289 3578 6598
f 3578 5354 6598
f 4082 5354 3578
f 537 5201 3307
f 1646 4082 6558
f 6558 6348 1646
f 5087 116 1674
f 5087 1674 5201
f 5507 4173 116
f 5579 7368 5507
f 226 7368 5579
f 5216 226 7191
f 7191 4801 5216
f 6511 6262 6547
f 4339 7253 3103
f 2515 2881 3248
f 160 4339 7370
f 160 1443 6647
f 3673 6209 2515
f 1443 276 1489
f 2903 2098 6321
f 6105 4081 4475
f 3097 4475 4081
f 3011 2903 6321
f 2903 128 2098
f 1573 128 4384
f 1708 5389 195
f 1625 6191 1830
f 1830 6191 3749
f 3749 6191 6105
f 1708 1625 5389
f 3409 3620 5482
f 2742 1871 2629
f 2742 5482 1871
f 969 2742 2629
f 969 6674 3340
f 4814 3340 1110
f 3226 5637 4103
f 4298 1110 5306
f 6031 4769 5306
f 6938 6031 1072
f 4772 3919 3368
f 1386 5046 3368
f 3368 5046 2291
f 2291 5046 6568
f 2291 6568 2684
f 2913 3450 4808
f 4278 4808 2870
f 4278 2913 4808
f 2976 4278 2870
f 1819 4278 2976
f 4278 1819 6167
f 7090 1819 2960
f 1819 7090 6167
f 7090 2960 6099
f 7090 6099 1941
f 1941 6099 3666
f 1941 3666 4570
f 4570 3666 401
f 401 2703 5272
f 6792 5173 7297
f 5173 3645 7297
f 3266 259 4237
f 5173 3034 3645
f 3838 4823 1748
f 4995 4560 4472
f 4823 3838 4522
f 4560 4995 2566
f 4823 4522 4293
f 4823 4293 2059
f 2566 365 4358
f 2311 4293 5952
f 181 5952 388
f 2311 5952 181
f 6071 181 388
f 181 6071 1155
f 6071 3012 1155
f 3713 6101 3861
f 2549 3012 6071
f 3576 3012 2549
f 3576 278 3012
f 3576 4874 278
f 278 4874 4031
f 1469 3433 3736
f 4874 2406 4031
f 1512 3736 3433
f 1052 6130 2874
f 2406 254 1482
f 2406 1482 5627
f 4460 6987 3241
f 6515 2771 5346
f 902 2842 2771
f 3419 6515 5346
f 2842 902 2564
f 5795 2146 7146
f 960 3348 5627
f 6932 5781 24
f 5781 7053 24
f 3476 4961 4445
f 960 6055 3348
f 5781 5756 7053
f 5705 701 5061
f 701 304 5061
f 5028 3348 6055
f 5028 7273 3348
f 3348 7273 5859
f 4089 5859 7273
f 4835 304 930
f 2661 930 5286
f 2661 5286 4024
f 1156 7273 5028
f 1720 2956 3930
f 1720 3930 2517
f 2412 5361 7330
f 2956 1351 3930
f 6048 3320 2590
f 2956 2590 1351
f 7273 1156 4182
f 6048 5903 4176
f 1156 3337 4182
f 5903 2578 4176
f 3337 1369 4182
f 2578 5903 659
f 4024 1988 550
f 2578 659 2458
f 2458 3643 2578
f 2578 3643 4176
f 550 1988 5656
f 2716 2481 2809
f 3664 1369 3337
f 2675 1369 3664
f 3622 4735 681
f 187 3793 6625
f 3599 6625 3000
f 3053 4249 6361
f 1877 935 2257
f 1877 2257 4407
f 1895 4249 6712
f 351 1895 6712
f 4817 351 6712
f 351 4817 3547
f 1684 976 5910
f 4308 6870 6128
f 632 4425 6371
f 188 5531 161
f 1549 5531 188
f 4642 1391 6371
f 1391 4642 55
f 30 1549 6711
f 6076 30 6711
f 3955 6280 55
f 2289 6257 403
f 6598 6257 2289
f 5201 1250 3307
f 5201 1674 1702
f 2591 6348 501
f 501 5872 2591
f 501 3227 5872
f 116 4173 6729
f 95 2509 7152
f 7368 226 5216
f 7152 1007 95
f 4801 7191 6547
f 4801 6426 5216
f 6547 6262 4801
f 6327 6905 2964
f 7310 6511 2964
f 6511 7132 6262
f 5830 6715 3103
f 6905 3434 2881
f 6905 7310 2964
f 4339 3103 6715
f 2881 4131 6905
f 160 7370 1443
f 3673 6702 6209
f 3097 1060 3673
f 3097 4081 1060
f 3652 2903 3011
f 2331 7112 195
f 1773 3620 3409
f 497 969 3340
f 4814 497 3340
f 2783 5637 1773
f 554 4174 4814
f 554 4814 1110
f 4103 5637 2783
f 5306 4769 4298
f 4103 3650 3226
f 881 6973 3226
f 3226 3650 881
f 3919 4772 795
f 795 4772 4000
f 4304 4772 3368
f 3368 2291 4304
f 4223 10 1606
f 2913 4278 6167
f 1589 1279 6167
f 1589 6167 7090
f 1601 7090 1941
f 7090 2141 1589
f 1099 2203 10
f 10 461 1099
f 7090 1601 2141
f 1601 1941 4570
f 1601 4570 553
f 6326 401 5272
f 6326 4570 401
f 1099 5413 2203
f 6326 5272 372
f 5413 6792 2203
f 3740 4237 2824
f 3724 3034 5173
f 482 3266 1450
f 5170 2478 6087
f 1057 3838 5170
f 3838 2478 5170
f 4472 3034 697
f 2478 3838 1748
f 4823 2059 1748
f 2566 4995 7057
f 2311 2059 4293
f 2311 181 2440
f 2440 181 1155
f 4358 5088 3861
f 3012 1688 1155
f 6745 3713 3861
f 278 1688 3012
f 1688 278 3467
f 3713 6745 1469
f 278 4031 3467
f 1469 7281 3433
f 4031 2406 4577
f 2406 5627 4577
f 3241 6987 2103
f 4013 3241 2103
f 1506 2771 2842
f 1506 5346 2771
f 5795 7146 4460
f 1482 960 5627
f 2807 3419 5346
f 157 2842 2564
f 157 2564 1504
f 2229 1504 2564
f 2146 5795 1159
f 6932 24 2807
f 2807 24 3419
f 4445 2146 1159
f 6932 3128 5781
f 3785 1473 135
f 3348 97 5627
f 97 3348 5859
f 3128 5756 5781
f 540 152 3476
f 540 3476 4445
f 5705 135 701
f 3128 548 5756
f 6562 5859 4089
f 2517 1165 548
f 4835 5061 304
f 930 2661 4835
f 2590 3975 6048
f 4706 3394 2956
f 4706 2956 1720
f 3394 2590 2956
f 7273 4867 4089
f 3925 2661 4024
f 4867 7273 4182
f 4615 4867 4182
f 4182 2971 4615
f 550 3925 4024
f 1736 5656 3793
f 3622 681 5040
f 3664 6361 2675
f 2458 1392 5450
f 187 1736 3793
f 3331 3622 7162
f 7162 3622 5040
f 3331 4826 4407
f 5450 1362 2458
f 3275 6205 3055
f 3275 5447 6205
f 935 5447 3275
f 4249 1895 6361
f 3153 6856 3055
f 5447 935 1877
f 2935 1362 5450
f 351 1379 1895
f 1895 1379 5251
f 4425 4245 2935
f 1684 6827 976
f 976 6827 4817
f 4817 6827 3547
f 4308 6128 756
f 6371 4425 6706
f 6870 161 7325
f 5531 1549 30
f 6076 1366 5988
f 6711 1366 6076
f 6280 6153 2204
f 877 403 2204
f 6794 456 2359
f 456 6794 3872
f 3611 3760 1966
f 1966 3760 3872
f 3611 749 3307
f 3307 167 3611
f 6558 4082 3578
f 5201 1702 1250
f 1674 750 1702
f 116 6729 1674
f 5507 7368 4173
f 5216 3750 7368
f 6426 3750 5216
f 7152 1334 1007
f 6426 4801 6489
f 6262 1041 4801
f 4801 1041 6489
f 6540 6715 5830
f 6511 7310 7132
f 6905 4131 7310
f 7370 4339 6715
f 7370 1775 1443
f 1443 5229 276
f 6702 3673 1060
f 276 3652 3011
f 6105 4480 4081
f 128 3880 4384
f 6191 4480 6105
f 4384 3880 7112
f 4384 7112 2331
f 6857 1708 195
f 1708 1441 1625
f 1625 1441 6695
f 1625 3858 6191
f 6695 3858 1625
f 4132 5482 2742
f 4132 2742 969
f 6766 4132 969
f 6766 969 497
f 4174 497 4814
f 2783 1773 300
f 1349 554 1110
f 1349 1110 4298
f 2883 4298 4769
f 6938 4769 6031
f 1768 6973 502
f 4304 4000 4772
f 5917 1606 1768
f 4223 1606 5917
f 1661 2291 2684
f 5829 2684 6568
f 4978 3450 2913
f 6167 2436 2913
f 2436 6167 1279
f 5006 2436 1279
f 1279 1583 5006
f 543 2658 1583
f 6831 1279 1589
f 1583 1279 6831
f 1583 6831 543
f 543 6831 113
f 2141 652 1589
f 652 6831 1589
f 6831 652 1973
f 6831 1973 113
f 113 1973 1237
f 6664 2141 1601
f 2141 6664 652
f 652 6652 1973
f 1973 6652 4363
f 652 6664 6652
f 6664 1601 553
f 6664 6968 6652
f 7064 1099 2545
f 553 6326 4852
f 553 4570 6326
f 553 6508 6664
f 553 710 6508
f 6968 6508 4080
f 6968 6664 6508
f 6968 4080 86
f 7064 5413 1099
f 372 4852 6326
f 553 4852 710
f 5540 5173 6792
f 5540 6792 5413
f 2703 2824 5272
f 259 2218 4237
f 4237 2218 2824
f 5540 3724 5173
f 259 3266 482
f 259 2868 2218
f 482 2868 259
f 2868 482 5170
f 2868 5170 6087
f 697 3034 3724
f 1432 2478 1748
f 1432 6087 2478
f 697 4995 4472
f 1748 5461 1432
f 2059 4526 1748
f 1748 4526 5461
f 2891 7057 4995
f 4526 2059 2311
f 2311 5185 4526
f 2440 5185 2311
f 1155 1688 2440
f 2440 1688 5185
f 365 5088 4358
f 1688 4628 5185
f 6745 3861 5088
f 1688 3467 4628
f 3467 3531 4628
f 1469 6745 7281
f 3467 4031 3531
f 5538 2874 1512
f 3531 4031 4577
f 3531 4577 1353
f 5627 1353 4577
f 4013 2103 6130
f 1353 97 7315
f 2386 4460 3241
f 4013 2386 3241
f 5346 1506 5835
f 2386 5795 4460
f 5627 97 1353
f 5835 2807 5346
f 182 6932 2807
f 6698 1504 1473
f 540 4445 1159
f 97 5859 6364
f 1278 3128 6932
f 5859 6562 6364
f 1662 3785 135
f 1662 135 5705
f 1278 1515 548
f 1278 548 3128
f 1515 1720 2517
f 1515 2517 548
f 5705 5061 802
f 3778 3394 653
f 653 3394 4706
f 802 5061 4835
f 3975 2590 3778
f 3778 2590 3394
f 7330 5631 4231
f 4231 5631 142
f 3975 3778 4807
f 4089 4867 6562
f 3237 6562 4867
f 1306 3975 4807
f 2661 3925 4835
f 3125 2412 7330
f 1799 6048 3975
f 3237 4867 3937
f 1799 5903 6048
f 3637 5248 2412
f 3937 4867 4615
f 4182 1369 2971
f 659 1392 2458
f 1369 4540 2971
f 2481 2716 7357
f 1369 2675 4540
f 1736 5693 5656
f 5040 681 6486
f 2675 6361 3497
f 4540 2675 3497
f 4826 3331 7162
f 6858 6625 3599
f 5367 3599 6856
f 1895 3497 6361
f 3497 1895 5636
f 5450 2848 7049
f 3153 5367 6856
f 6205 3153 3055
f 5644 1877 4407
f 5636 1895 5251
f 1379 983 5251
f 3547 1379 351
f 1379 3547 983
f 5450 7049 2421
f 2421 2935 5450
f 2421 4425 2935
f 6827 6412 3547
f 4308 756 1684
f 7325 6128 6870
f 5531 7126 161
f 161 7126 7325
f 6076 3936 30
f 55 4642 6118
f 6118 3955 55
f 1366 70 5988
f 2359 1359 3398
f 2427 456 3872
f 877 2289 403
f 2427 3872 3760
f 3578 2289 5712
f 1419 167 3307
f 1250 1419 3307
f 6348 6558 6457
f 1674 6729 750
f 6729 4173 522
f 7368 3750 4173
f 6426 1631 3750
f 6426 6489 1631
f 1334 6644 1007
f 1007 6644 4688
f 6644 6540 4688
f 4688 6540 5830
f 6944 1041 6262
f 2881 2515 6209
f 6715 4994 7370
f 7370 4994 1775
f 1775 5229 1443
f 5229 3652 276
f 5140 4480 6191
f 195 7112 6857
f 6857 1441 1708
f 6857 2772 2009
f 6857 2009 1441
f 3409 5231 300
f 4132 3409 5482
f 4132 5231 3409
f 4174 6766 497
f 502 6973 881
f 1768 502 2576
f 1768 2576 5917
f 1383 3730 4304
f 1383 4304 2291
f 1661 1383 2291
f 3450 4978 5829
f 69 2913 2436
f 2436 3910 69
f 2436 5006 3910
f 1064 5006 1583
f 1064 1583 2658
f 3759 1064 2658
f 7334 2658 543
f 7334 543 113
f 7334 113 6096
f 6389 7334 6096
f 4223 461 10
f 113 1237 6096
f 1973 4363 1237
f 2545 1099 461
f 1237 1784 6096
f 86 4363 6652
f 4363 3767 1237
f 86 6652 6968
f 3767 1784 1237
f 4363 86 3767
f 4080 2096 86
f 7064 1651 5413
f 285 372 5272
f 4852 372 285
f 4080 5955 2096
f 86 2096 3767
f 5413 1651 5540
f 285 5272 2824
f 6016 2824 2218
f 5232 2824 6016
f 2824 5232 285
f 6016 2218 2868
f 4340 2868 6087
f 2868 4340 6016
f 6087 1432 4340
f 3724 3486 697
f 1432 247 4340
f 1432 5461 247
f 5461 3211 247
f 1488 4995 697
f 5461 5609 3211
f 5609 5461 4526
f 4995 1488 2891
f 4526 2303 5609
f 2303 2938 5609
f 3211 5609 2938
f 2303 4526 5185
f 3211 2938 1915
f 7057 365 2566
f 2303 2216 2938
f 2938 2216 1915
f 5185 2216 2303
f 323 4283 2216
f 2216 4283 1915
f 4628 2216 5185
f 4628 323 2216
f 4283 323 3589
f 3531 323 4628
f 3531 5135 323
f 323 5135 3589
f 3433 5538 1512
f 5135 3707 3589
f 5135 3531 1353
f 2874 721 1052
f 2874 5538 721
f 1353 3707 5135
f 1353 7315 3707
f 6130 1052 1598
f 6130 1598 4013
f 97 6364 7315
f 6364 5561 7315
f 5835 7280 357
f 5835 2372 7280
f 2372 5835 1506
f 2842 2372 1506
f 2386 379 5795
f 379 2386 3080
f 3899 182 357
f 357 2807 5835
f 157 2372 2842
f 357 182 2807
f 379 1159 5795
f 5561 6364 5341
f 182 4494 6932
f 6698 157 1504
f 4494 1278 6932
f 6562 5341 6364
f 6799 1278 4494
f 6952 1473 3785
f 7300 3863 653
f 3863 1515 6799
f 3863 7300 1515
f 7241 6952 3785
f 6799 1515 1278
f 3785 1662 7241
f 6677 152 540
f 3272 6677 540
f 2970 152 6677
f 6562 3237 5341
f 653 4706 7300
f 7300 4706 1720
f 7300 1720 1515
f 171 1662 5705
f 3778 653 1171
f 802 171 5705
f 1171 4807 3778
f 3764 802 4835
f 3937 1402 3237
f 3125 7330 4231
f 1402 3937 3448
f 3764 4835 3925
f 1306 1799 3975
f 1799 659 5903
f 4615 3448 3937
f 4615 2971 3448
f 5248 2716 2809
f 2716 5248 3637
f 2971 6127 3448
f 1146 1392 659
f 550 248 3925
f 4540 7251 2971
f 2971 7251 6127
f 5693 248 550
f 5693 550 5656
f 3219 7162 5040
f 5040 4879 3219
f 4540 3497 7251
f 7251 3497 1319
f 2848 5450 1392
f 3497 5636 1319
f 6858 3599 5367
f 1877 1313 5447
f 1877 5644 1313
f 6328 5251 4005
f 6328 5636 5251
f 2745 6205 5447
f 2745 5447 1313
f 983 4005 5251
f 1322 983 3547
f 6827 1684 756
f 6412 6827 756
f 2421 6706 4425
f 1892 6706 2421
f 4642 6371 6706
f 6076 5988 3936
f 6153 6280 3955
f 3398 1359 4525
f 3744 2204 6153
f 3744 877 2204
f 1359 2359 456
f 456 2427 6573
f 3611 167 1857
f 6457 501 6348
f 3750 1631 2366
f 7132 6944 6262
f 2881 384 4131
f 1060 4081 237
f 2903 4624 128
f 4480 5175 4081
f 4081 5175 237
f 128 2370 3880
f 3880 1456 7112
f 6191 3858 5140
f 7112 2772 6857
f 300 1773 3409
f 4103 1336 3650
f 1349 4298 2883
f 881 3650 1336
f 4769 6938 3811
f 795 4000 6938
f 6938 4000 507
f 2013 4000 4304
f 4304 3730 2013
f 1326 2684 5829
f 4978 1326 5829
f 4978 4822 1326
f 6399 4223 5917
f 69 4978 2913
f 3910 5006 4299
f 4299 5006 1064
f 6332 4299 1064
f 7008 2658 7334
f 7008 3759 2658
f 6389 7008 7334
f 6389 6096 4486
f 6096 5115 4486
f 1784 5115 6096
f 1784 4599 5115
f 5115 4599 731
f 4498 6508 710
f 4599 1784 3767
f 710 5291 4498
f 6508 4498 6037
f 6037 4080 6508
f 2096 4599 3767
f 285 4353 4852
f 4852 4353 710
f 2212 2096 5955
f 4599 2096 4291
f 4599 4291 731
f 4353 285 5232
f 7223 731 4291
f 5720 5540 1651
f 5232 3601 4353
f 4353 3601 5635
f 2096 2212 4291
f 4080 2330 5955
f 6016 4539 5232
f 4539 3601 5232
f 2212 2581 4291
f 4539 4387 3601
f 5955 5748 2212
f 4539 6016 4340
f 4950 4387 4539
f 4950 4539 4340
f 2214 4387 4950
f 3486 5116 697
f 4950 4340 247
f 5188 4950 247
f 2214 4950 5371
f 5116 1488 697
f 5188 5371 4950
f 5188 247 3211
f 3211 2318 5188
f 5188 2318 5371
f 7057 2891 66
f 2318 3211 1915
f 4349 5371 2318
f 1915 3877 2318
f 1915 4283 2605
f 365 3991 5088
f 2605 3877 1915
f 3991 6745 5088
f 3991 7281 6745
f 7281 3991 605
f 4283 3589 2605
f 3433 7281 263
f 3589 2523 2605
f 2523 3589 3707
f 2523 3707 3827
f 3827 3707 3920
f 3707 7315 3920
f 6681 4013 1598
f 7315 5561 3920
f 4013 3080 2386
f 3080 4013 6681
f 7280 216 357
f 2372 438 7280
f 216 3899 357
f 2372 157 438
f 3899 216 5512
f 438 157 988
f 3899 5512 2192
f 2192 6799 3899
f 3899 6799 4494
f 3899 4494 182
f 6740 157 6698
f 5561 5341 3569
f 2192 3863 6799
f 5942 540 1159
f 6698 1473 6952
f 3569 5341 5252
f 2262 653 3863
f 653 2262 1171
f 5341 2132 5252
f 1171 2262 4847
f 1171 4847 4807
f 3237 1402 2132
f 3237 2132 5341
f 3430 171 802
f 3764 3430 802
f 6882 142 2970
f 4231 142 3251
f 3251 142 6882
f 3344 1402 3448
f 3125 4231 3251
f 1687 3125 3251
f 1021 1799 1306
f 5019 1799 1021
f 3448 703 3344
f 3637 2412 1687
f 5019 659 1799
f 5019 1146 659
f 2716 3637 5969
f 3448 6127 703
f 7357 2716 1214
f 7176 7357 1214
f 6127 7251 1319
f 2367 6127 1319
f 2848 1392 1146
f 1146 4222 2848
f 6442 5040 6486
f 2481 6442 6486
f 6442 2481 7357
f 4879 5040 6442
f 1319 5636 2966
f 5636 6328 2966
f 6328 4005 596
f 6077 6205 2745
f 607 1313 5644
f 983 2840 4005
f 983 1322 2840
f 3547 6412 1322
f 6412 756 2092
f 756 2561 2092
f 2561 756 6128
f 6863 1892 2421
f 6128 7325 2561
f 7325 7126 2561
f 801 4642 6706
f 5531 30 1061
f 4525 70 3398
f 70 4525 3087
f 6761 4525 1359
f 6573 1359 456
f 5070 2289 877
f 3611 1857 3760
f 6558 3578 2673
f 1250 1702 4491
f 1419 1250 4491
f 3227 501 5624
f 3227 5624 3951
f 4173 3750 6013
f 4173 6013 522
f 3951 2509 3227
f 1041 2143 6489
f 1041 3089 2143
f 2352 6715 6540
f 7310 5076 7132
f 7310 4131 5076
f 6209 384 2881
f 4131 384 3704
f 1775 5132 5229
f 3652 3688 2903
f 4624 2370 128
f 5140 3175 4480
f 4480 3175 5175
f 1456 2772 7112
f 3933 5231 4132
f 2851 2783 300
f 6766 3933 4132
f 2042 6766 4174
f 6913 4103 2783
f 1349 2883 6089
f 3811 2883 4769
f 507 3811 6938
f 881 1843 502
f 507 4000 2013
f 3730 2495 2013
f 1978 3730 1383
f 4195 1383 1661
f 4195 1978 1383
f 1326 1661 2684
f 6399 5917 2576
f 461 4223 6399
f 4822 4978 6566
f 6566 4978 69
f 6566 69 3910
f 6566 3910 1023
f 1023 3910 4299
f 6332 1064 3759
f 3759 6062 6332
f 4028 7008 6389
f 356 4028 6389
f 356 1132 4028
f 2967 1132 356
f 4486 6530 356
f 4486 356 6389
f 356 6530 2967
f 5115 6530 4486
f 2967 6530 5563
f 6530 5115 310
f 6530 310 5563
f 5115 731 310
f 731 3437 310
f 5563 310 571
f 571 310 3437
f 2312 1651 7064
f 731 7223 3437
f 5635 710 4353
f 5291 710 5635
f 4498 5291 6235
f 4498 6235 6037
f 5635 3024 5291
f 5291 3024 6235
f 6235 3183 6037
f 7223 5422 3437
f 3024 4620 6235
f 6037 3183 4080
f 4291 5004 7223
f 5422 7223 5004
f 5720 3724 5540
f 4387 5635 3601
f 5635 4738 3024
f 6235 5722 3183
f 3724 5720 3486
f 4387 4738 5635
f 4620 3024 5249
f 3024 4738 5249
f 4387 2214 3463
f 4387 3463 4738
f 5748 5955 2330
f 4291 273 5004
f 4738 3463 5249
f 4080 3183 2330
f 5748 2581 2212
f 4291 2581 273
f 3463 5079 5249
f 3463 2214 5079
f 5748 1936 2581
f 2581 1936 273
f 5797 5116 3486
f 2214 4349 1571
f 5371 4349 2214
f 2214 1571 5079
f 176 5079 1571
f 4349 7375 1571
f 176 1571 7375
f 4349 5480 7375
f 5480 4349 2318
f 5480 2943 7375
f 2318 5569 5480
f 5480 5569 3346
f 3346 5269 5480
f 5480 5269 2943
f 5569 2318 3877
f 365 1927 3991
f 5569 7284 3346
f 1927 605 3991
f 3877 2605 2523
f 3346 7005 5269
f 6274 5269 7005
f 3877 7284 5569
f 3877 2523 7284
f 3315 263 7281
f 3315 7281 605
f 7284 7005 3346
f 7284 2523 7005
f 3433 263 5538
f 721 5538 263
f 2523 3827 7005
f 4108 1052 721
f 3827 811 7005
f 6274 7005 811
f 6455 6681 1598
f 3827 3920 811
f 4246 811 1597
f 1597 811 3920
f 3080 6681 1834
f 5561 1597 3920
f 216 7280 4160
f 5561 3569 1597
f 2317 4160 7280
f 438 2317 7280
f 3569 3323 1597
f 5512 216 5377
f 3901 3569 5252
f 3569 3901 3323
f 2192 5512 3091
f 988 157 6740
f 3279 3863 2192
f 5252 2132 3901
f 3279 2262 3863
f 594 6952 7241
f 2132 3557 3901
f 2262 3279 5827
f 2262 5827 4847
f 7241 1662 240
f 3557 2132 2005
f 1662 171 240
f 240 171 3862
f 3430 3862 171
f 6882 2970 7336
f 1402 2005 2132
f 3344 2005 1402
f 5245 1306 4807
f 3344 3659 2005
f 5245 1021 1306
f 5159 3659 3344
f 1687 2412 3125
f 703 5159 3344
f 3477 3637 1687
f 703 5494 5159
f 6092 4288 3925
f 6092 3925 248
f 703 6127 5494
f 5019 4222 1146
f 6127 2367 5494
f 1319 2966 2367
f 2706 6328 596
f 2706 2966 6328
f 3214 187 6625
f 3214 6625 6858
f 7292 4407 4826
f 4826 7162 7292
f 1691 6858 5367
f 4407 7292 5644
f 5875 5367 3153
f 6205 6077 3153
f 3153 6077 5875
f 1313 607 2745
f 2092 4225 1322
f 6412 2092 1322
f 6863 2421 7049
f 2092 2561 7356
f 7356 2561 7126
f 7126 5531 1061
f 3936 4665 30
f 6118 4642 801
f 5988 3087 3936
f 70 3087 5988
f 6153 3955 7291
f 3744 6153 7291
f 877 3744 26
f 5070 877 26
f 5712 2289 5070
f 3760 1857 6965
f 1857 2625 6965
f 2673 3578 5712
f 167 1419 1857
f 1419 7248 1857
f 2673 134 6558
f 6558 134 6457
f 4491 2165 1419
f 1419 2165 7248
f 750 6729 7327
f 5624 501 5421
f 6729 522 7327
f 2509 3951 7152
f 3750 2366 6013
f 2143 1631 6489
f 2352 6540 6644
f 2352 979 6715
f 1041 6944 2275
f 1041 2275 3089
f 4994 6715 1045
f 4994 284 1775
f 1775 284 5132
f 6209 6702 384
f 5229 1856 3652
f 2903 3688 4624
f 3880 2370 1456
f 2370 7063 1456
f 5600 2772 1456
f 6766 2042 5301
f 6913 2783 2851
f 554 2042 4174
f 1336 4103 6913
f 1336 1999 881
f 2883 3811 6067
f 2013 1858 507
f 6080 2576 502
f 502 1843 6080
f 2495 1858 2013
f 1978 2495 3730
f 4616 1661 1326
f 4616 4195 1661
f 1326 4822 2334
f 6566 2333 4822
f 2333 6566 1782
f 1782 6566 1023
f 6332 5096 4299
f 6062 5096 6332
f 7008 6062 3759
f 5563 5839 2967
f 7156 7064 2545
f 5563 571 5839
f 571 2613 5839
f 3437 6605 571
f 571 6605 2613
f 5422 6605 3437
f 4620 5722 6235
f 4620 5249 5722
f 5819 5422 5004
f 5720 5797 3486
f 3183 5722 6272
f 5004 6954 5819
f 6272 2330 3183
f 6954 5004 273
f 6912 5249 5079
f 5722 5249 4422
f 273 1936 4314
f 6954 273 4314
f 176 6912 5079
f 3961 6912 176
f 6912 2037 5249
f 5722 4422 6272
f 7242 5748 2330
f 5748 7242 1936
f 4314 1936 1485
f 176 5430 3961
f 6912 3961 2037
f 1936 7242 1485
f 176 7375 5430
f 5249 2037 4422
f 2330 6272 7242
f 7242 1809 1485
f 6272 2208 7242
f 6272 4422 2208
f 2208 4027 7242
f 7375 2943 163
f 7375 163 5430
f 4422 2037 2208
f 66 5997 7057
f 2943 2277 163
f 2208 6867 1404
f 2208 2037 6867
f 5997 365 7057
f 5269 2277 2943
f 2277 7214 163
f 2037 3961 6867
f 163 7214 5430
f 5997 1927 365
f 3961 2818 6867
f 5430 2818 3961
f 6867 2818 1835
f 5430 7214 2818
f 6274 2277 5269
f 2277 1518 7214
f 7214 1518 3451
f 7214 3451 2818
f 2277 6274 5220
f 5220 2805 2277
f 2277 2805 1518
f 5551 721 263
f 614 1518 2805
f 811 5220 6274
f 4108 1598 1052
f 5220 811 4246
f 5220 4246 2805
f 5869 2805 6190
f 4246 6190 2805
f 1597 3323 4246
f 4246 3323 6190
f 3323 4219 6190
f 216 4160 5377
f 5512 5377 4248
f 962 5377 4160
f 962 4160 6302
f 6302 4160 212
f 212 4160 2317
f 3080 6079 379
f 3323 3901 4219
f 4219 4212 6190
f 5512 4248 3091
f 4248 5377 962
f 896 438 988
f 3489 3279 3091
f 3091 3279 2192
f 5942 1159 379
f 6740 6698 6952
f 3901 3557 4219
f 4219 3557 4207
f 3489 5827 3279
f 6009 7241 240
f 3557 2005 4167
f 4847 5245 4807
f 1484 6882 7336
f 1687 3251 4691
f 1211 5159 4186
f 3477 1687 4691
f 4288 3764 3925
f 5159 5494 4186
f 3477 5969 3637
f 5494 2748 4186
f 5969 1214 2716
f 2748 5494 2367
f 5693 6092 248
f 2367 2966 5570
f 1093 2848 4222
f 4879 6442 7357
f 2706 5570 2966
f 3214 2939 187
f 4939 3214 6858
f 6858 1691 1263
f 7292 7162 3219
f 5644 1817 607
f 5644 1296 1817
f 1296 5644 7292
f 4005 7060 596
f 4843 6077 2745
f 7060 4005 2840
f 2840 1322 4225
f 2840 4225 1035
f 4225 2092 613
f 2092 7356 613
f 2259 1892 6863
f 7126 6094 7356
f 4712 7126 1061
f 30 4665 1061
f 3936 6290 4665
f 3955 6118 5435
f 5435 7291 3955
f 1359 7027 6761
f 1359 6573 7027
f 2427 3760 6965
f 6573 2427 6965
f 2041 5712 5070
f 2625 1857 7248
f 4491 6835 2165
f 1702 6835 4491
f 501 6457 4290
f 6835 1702 2767
f 5421 501 4290
f 1702 750 2767
f 7327 2767 750
f 3951 5624 557
f 522 6013 7327
f 6013 2492 7327
f 7152 3951 5884
f 2366 3874 6013
f 7152 5884 4454
f 7152 4454 1334
f 2366 1631 5319
f 1631 2143 5319
f 2275 2191 3089
f 6715 979 1045
f 6944 7132 2268
f 2897 7132 5076
f 7132 474 2268
f 3704 384 5957
f 384 6702 1060
f 5132 1856 5229
f 384 1060 5957
f 6047 3688 3652
f 1060 237 2307
f 2370 5876 7063
f 5600 6287 2772
f 6287 2009 2772
f 3858 6695 4063
f 5140 3858 3831
f 5042 300 5231
f 5042 2851 300
f 3933 5042 5231
f 6766 5301 3933
f 698 2042 554
f 554 1349 698
f 7187 1349 6089
f 6067 6089 2883
f 881 1999 1719
f 2495 5816 1858
f 4616 1326 2334
f 4822 2333 2334
f 1907 2333 1782
f 5096 1023 4299
f 5566 4767 6754
f 6754 6062 7008
f 6754 7008 4028
f 6754 4028 5566
f 5566 4028 1132
f 6910 5566 1132
f 2967 6910 1132
f 2967 5839 2671
f 2671 5532 6956
f 2671 5839 5532
f 1331 7064 7156
f 5839 2613 6279
f 2312 7064 1331
f 2312 2548 1651
f 2613 6605 844
f 2548 5720 1651
f 844 6605 5422
f 2548 5797 5720
f 6954 4314 250
f 5797 6896 5116
f 6896 1488 5116
f 250 4314 422
f 1485 422 4314
f 1485 1809 5428
f 2891 1488 7282
f 1809 7242 4027
f 2891 7282 66
f 4027 1404 5543
f 4027 5543 1809
f 5543 5428 1809
f 1404 4027 2208
f 1404 5157 5543
f 5543 5157 3853
f 5428 5543 3853
f 1404 6867 1835
f 1835 5157 1404
f 5157 1835 764
f 2818 3451 1835
f 1835 3451 265
f 1835 265 764
f 1518 614 3451
f 614 265 3451
f 265 4007 764
f 265 4713 4007
f 5881 5551 263
f 4108 721 5551
f 265 614 4713
f 486 1598 4108
f 2805 5869 614
f 614 5869 4713
f 1598 486 6455
f 4713 5975 6367
f 5869 5975 4713
f 6190 6534 5869
f 996 1834 6681
f 6534 5975 5869
f 1834 6079 3080
f 6079 1834 1253
f 6190 4212 6534
f 5387 4248 962
f 438 896 2317
f 5263 3091 4248
f 5263 4248 5387
f 615 2317 4611
f 896 4611 2317
f 4219 4207 4212
f 6079 5942 379
f 3489 3091 1882
f 639 988 6740
f 639 6740 594
f 594 6740 6952
f 5942 3272 540
f 3386 594 7241
f 3557 4167 4207
f 2970 6677 7336
f 6009 240 835
f 3862 835 240
f 2005 3659 4167
f 1484 3251 6882
f 3659 5159 1211
f 4189 3430 3764
f 3816 1211 4186
f 3764 4288 4189
f 2348 5019 1021
f 4186 2748 3816
f 2748 2367 5570
f 4440 1093 4222
f 1736 2939 5693
f 1093 7049 2848
f 187 2939 1736
f 596 7216 2706
f 215 2939 3214
f 3219 4879 3452
f 4939 215 3214
f 4939 6858 1263
f 7060 6295 596
f 3452 7292 3219
f 3582 7060 1035
f 1093 6863 7049
f 2840 1035 7060
f 5875 6077 4925
f 2394 4843 2745
f 2394 2745 607
f 613 1343 4225
f 4900 6706 1892
f 6094 7126 4712
f 801 6706 4900
f 4665 3826 1061
f 2428 801 7038
f 4947 4665 6290
f 2428 6118 801
f 5435 6118 2428
f 3936 3087 6290
f 6573 7190 7027
f 2673 5712 2041
f 7270 2673 2041
f 6835 1320 2165
f 4290 6457 134
f 5421 4290 678
f 7327 3875 2767
f 5421 557 5624
f 2492 6013 3874
f 5319 3874 2366
f 2143 3603 1652
f 2143 3089 3603
f 5331 1045 979
f 2268 2275 6944
f 7132 2897 474
f 3704 5076 4131
f 5076 3704 2897
f 3514 284 4994
f 5957 853 3704
f 6047 3652 1856
f 4624 5876 2370
f 237 5175 6850
f 3831 3175 5140
f 6695 1441 4063
f 3858 4063 5665
f 5042 6517 2851
f 6913 2851 6517
f 1010 5301 2042
f 5362 1336 6913
f 7187 698 1349
f 1843 881 1719
f 4195 4616 1157
f 2334 2333 1907
f 1782 2987 1907
f 2987 1782 1023
f 2987 1023 5096
f 6062 4921 5096
f 1551 6062 6754
f 2435 461 6399
f 4921 6062 1551
f 5566 6910 4767
f 2967 6600 6910
f 2671 6600 2967
f 5532 4982 6956
f 5839 4141 5532
f 5839 6279 4141
f 4141 6279 2819
f 2819 6279 5976
f 2613 5976 6279
f 844 5976 2613
f 844 6550 5976
f 844 5422 6902
f 6902 5422 5819
f 1097 5819 6954
f 6902 5819 1886
f 1097 6954 250
f 1886 5819 1097
f 1097 250 5097
f 5691 250 422
f 6896 7282 1488
f 5097 250 5691
f 422 1485 6054
f 5691 422 6054
f 6054 1485 5428
f 5691 6054 5810
f 4060 6054 5428
f 5810 6054 4060
f 66 4533 5997
f 4060 5428 3853
f 6428 1927 5997
f 4533 6428 5997
f 2794 3853 5157
f 3563 3853 2794
f 3853 3563 4060
f 4060 3563 751
f 2794 5157 764
f 2794 764 3563
f 764 4007 3563
f 3563 4007 2201
f 4007 5995 2201
f 3315 5881 263
f 5383 4007 4713
f 4713 6367 5383
f 4108 2859 486
f 5975 1215 6367
f 6455 402 996
f 996 6681 6455
f 5262 996 402
f 1215 5975 2686
f 996 1253 1834
f 1253 996 5262
f 2686 5975 5182
f 6534 5182 5975
f 6534 4212 5182
f 615 212 2317
f 4212 2628 5182
f 615 6302 212
f 4207 2628 4212
f 3091 5263 1882
f 988 639 896
f 2628 4207 3216
f 6178 896 639
f 639 594 883
f 594 3386 883
f 5942 5067 3272
f 5067 6374 3272
f 3386 7241 6009
f 6677 3272 6374
f 4207 1772 3216
f 4207 4167 1772
f 7336 6677 6374
f 1772 4167 3659
f 5827 124 4847
f 5827 3489 5471
f 5827 5471 124
f 124 5245 4847
f 3862 3430 4189
f 3251 1484 3069
f 2348 1021 5245
f 4691 3251 3069
f 6586 4189 4288
f 864 5019 2348
f 6092 3871 4288
f 864 4222 5019
f 6061 3816 2748
f 3017 6092 5693
f 1032 2748 5570
f 2706 1032 5570
f 2939 3017 5693
f 7176 4879 7357
f 2706 7216 1032
f 5338 7216 596
f 5338 596 6295
f 3582 6295 7060
f 3609 5367 5875
f 4843 4925 6077
f 4225 1343 1035
f 446 6863 1093
f 6324 6863 446
f 5472 5235 613
f 613 7356 5472
f 6324 2259 6863
f 5472 7356 6094
f 2259 4900 1892
f 1061 3826 4712
f 7038 801 4900
f 4665 4947 3826
f 7027 4200 6761
f 7027 7190 4200
f 5070 26 1243
f 6573 6947 7190
f 2041 5070 1243
f 6965 6947 6573
f 6965 1122 6947
f 4235 956 2625
f 2625 1122 6965
f 956 1122 2625
f 7248 4235 2625
f 7248 2165 4235
f 2673 7270 134
f 2779 1320 6835
f 5456 4290 134
f 6835 2767 2779
f 2767 3875 3842
f 678 557 5421
f 7327 2492 3875
f 3951 557 5884
f 6644 1334 6380
f 5319 2143 1652
f 5331 979 2352
f 3089 2191 3603
f 2275 2268 2130
f 3704 853 2897
f 237 6850 2307
f 1060 2307 5957
f 5175 3175 6850
f 7063 5600 1456
f 2009 4856 1441
f 1441 4856 4063
f 3858 5665 3831
f 1010 3848 5301
f 1010 2042 698
f 1999 1336 5362
f 832 1999 5362
f 1719 1999 2679
f 6067 3811 507
f 6080 1843 1719
f 1858 4049 507
f 1157 4616 2334
f 763 1157 2334
f 1978 5816 2495
f 5380 1978 4195
f 763 2334 1907
f 5096 4921 2987
f 1551 1120 4921
f 1551 6754 6841
f 4767 6841 6754
f 2671 6956 6600
f 6956 264 2843
f 264 6956 4982
f 5532 4141 4982
f 1407 4141 2819
f 1331 6852 2312
f 1407 2819 5976
f 5976 2922 1407
f 5976 6550 2922
f 2922 4986 1407
f 1407 4986 6418
f 6902 6550 844
f 6902 1886 6550
f 6550 1886 2922
f 4986 2922 4969
f 1886 6353 2922
f 1097 5097 1886
f 6353 4969 2922
f 5097 6353 1886
f 5097 2995 6353
f 2995 7115 6353
f 2016 4969 1802
f 4969 7115 1802
f 4969 6353 7115
f 3343 7282 6896
f 5691 2995 5097
f 5691 1125 2995
f 7115 2995 6529
f 2995 1125 6529
f 533 7282 5420
f 5810 6618 5691
f 5691 6618 1125
f 4588 4533 66
f 5810 6294 6618
f 5810 751 6294
f 5810 4060 751
f 751 6398 6294
f 6428 605 1927
f 2201 751 3563
f 751 2201 6398
f 3315 605 6428
f 5383 5995 4007
f 6931 5995 5383
f 2859 4108 5551
f 6931 5383 6367
f 1215 6931 6367
f 2686 4926 1215
f 4820 1253 5262
f 4926 2686 1521
f 5182 2628 2686
f 2686 2628 1521
f 3847 1882 5263
f 3847 5263 5387
f 5067 5942 6079
f 3216 1521 2628
f 773 1882 3847
f 4611 896 6178
f 639 883 6178
f 1882 773 4882
f 3216 1772 1211
f 4882 3489 1882
f 1772 3659 1211
f 3816 6873 1211
f 4189 5814 3862
f 4691 3069 1141
f 3703 3477 4691
f 3703 4691 1141
f 3871 6586 4288
f 5969 3477 5760
f 1214 5969 2049
f 864 4440 4222
f 3017 3871 6092
f 2748 1032 6061
f 7084 3017 2939
f 7084 2939 215
f 1083 3452 4879
f 3260 1263 1691
f 3609 1691 5367
f 7046 3609 5875
f 5875 4925 7046
f 1817 2394 607
f 3582 1035 1343
f 6315 4925 4843
f 2377 1343 613
f 2377 613 5235
f 5472 6267 5235
f 3208 6094 4712
f 3208 4712 3826
f 2544 5435 2428
f 3087 6659 6290
f 2544 7291 5435
f 7087 3087 4525
f 4525 6761 7087
f 3744 7291 5121
f 26 3744 5121
f 1243 26 5121
f 2041 3893 7270
f 956 4235 352
f 5456 7270 3893
f 5456 134 7270
f 4235 2165 1320
f 5456 6347 4290
f 6347 678 4290
f 3875 2492 5915
f 5915 3874 275
f 2492 3874 5915
f 5884 6871 4454
f 4828 3874 5319
f 6380 1334 4454
f 5319 1652 4828
f 6644 290 2352
f 5331 2352 290
f 5194 3603 2191
f 5331 5084 1045
f 2130 2191 2275
f 3514 4994 1045
f 2268 1127 2130
f 474 2897 2268
f 284 1856 5132
f 3688 5876 4624
f 6850 3175 6506
f 52 3175 3831
f 7063 2512 5600
f 3831 5665 52
f 6287 884 2009
f 2009 884 4856
f 7071 5042 3933
f 7071 3933 5301
f 6517 5042 1577
f 7071 1577 5042
f 5362 6913 5974
f 5974 6913 6517
f 5030 1010 698
f 507 4049 6067
f 6080 1719 2957
f 1157 4123 6142
f 4123 1157 763
f 4195 1157 6142
f 1907 5947 763
f 2987 5947 1907
f 3584 5947 2987
f 2987 4921 3584
f 1120 1551 6841
f 6841 4767 4127
f 4127 4767 6910
f 6600 3953 6910
f 2435 2545 461
f 6956 3953 6600
f 6581 2545 2435
f 3647 264 4982
f 2368 4982 2498
f 4141 2498 4982
f 1407 2498 4141
f 2665 5797 2548
f 4986 525 6418
f 525 4986 2016
f 4969 2016 4986
f 1380 6896 5797
f 1380 3343 6896
f 1802 4121 2016
f 3343 5420 7282
f 1632 1802 7115
f 1632 7115 6529
f 1125 3520 6529
f 7282 533 66
f 4588 66 533
f 6618 2709 1125
f 3520 1125 2709
f 3520 355 6529
f 2827 4533 4588
f 6294 3355 6618
f 6618 3355 2709
f 4533 2827 6428
f 6294 6398 3355
f 2474 3315 6428
f 6398 2201 332
f 5995 332 2201
f 5881 3315 2474
f 3132 5551 5881
f 5995 2994 332
f 2994 5995 6931
f 5584 6455 486
f 5584 486 2859
f 1215 2994 6931
f 5584 402 6455
f 1215 5358 2994
f 5358 1215 4926
f 1521 2139 4926
f 1521 959 2139
f 962 6557 5387
f 615 2855 6302
f 4611 5246 615
f 6557 962 6302
f 6557 6302 2855
f 2855 615 5246
f 6178 6409 4611
f 883 4083 6178
f 6178 4083 6409
f 2139 959 6734
f 959 1521 3216
f 3216 7105 959
f 6734 959 2751
f 2751 959 7105
f 7105 3216 1211
f 1117 7336 6374
f 1415 1117 6374
f 1415 6374 5067
f 4882 5471 3489
f 105 4882 773
f 1211 6873 7105
f 6009 1740 3386
f 835 5662 6009
f 7105 6873 6039
f 6375 1484 7336
f 835 3862 5814
f 6375 3069 1484
f 4319 2348 5245
f 4319 5245 124
f 5547 5814 4189
f 3703 1141 1050
f 1050 1141 3069
f 6586 5547 4189
f 6061 6873 3816
f 6601 6873 6061
f 864 2348 3602
f 5760 3477 3703
f 2049 5969 5760
f 6061 1032 4862
f 7176 1214 2049
f 5418 7176 2049
f 1032 7216 4862
f 3865 5338 6295
f 7216 5338 3865
f 6832 1817 1296
f 1343 2377 2594
f 5235 6267 5374
f 5235 5374 2377
f 6267 5472 6094
f 7038 4900 2259
f 3826 6615 3208
f 2428 7038 2544
f 6290 6659 4947
f 3087 7087 6659
f 7087 675 6659
f 7326 7291 2544
f 5121 7291 7326
f 7190 6947 7025
f 7190 7025 4200
f 1243 3893 2041
f 370 3155 1122
f 6947 1122 3155
f 352 370 956
f 956 370 1122
f 5211 4235 1320
f 3875 6403 3842
f 4790 557 678
f 3875 5915 6403
f 5884 557 4790
f 4828 437 3874
f 3874 437 275
f 3952 4828 1652
f 6380 290 6644
f 5194 3952 3603
f 3603 3952 1652
f 2130 5194 2191
f 417 5194 2130
f 3514 1045 5084
f 2130 1127 417
f 5084 2697 3514
f 2268 2897 6114
f 2268 6114 1127
f 2697 4652 3514
f 3514 4652 284
f 853 6114 2897
f 2307 5180 5957
f 5957 5180 853
f 3966 2307 6850
f 5876 2066 7063
f 3825 2512 7063
f 2512 3005 5600
f 5600 4085 6287
f 6287 4085 884
f 5974 6517 1577
f 5974 832 5362
f 2679 1999 832
f 2957 1719 2679
f 2957 903 6080
f 5668 4123 763
f 5668 763 5947
f 3584 2958 5947
f 1120 6841 3584
f 6841 2958 3584
f 5380 5816 1978
f 6142 5380 4195
f 3584 4921 1120
f 6841 4127 6551
f 903 6399 2576
f 2576 6080 903
f 6910 3953 4127
f 2843 3953 6956
f 7156 2545 6581
f 3647 4982 2368
f 3882 1331 7156
f 1407 1655 2498
f 6418 1655 1407
f 6852 2548 2312
f 525 1267 6418
f 2665 1380 5797
f 5129 525 2016
f 5129 2016 4121
f 1802 5911 4121
f 1802 1632 5911
f 6529 2746 1632
f 2746 6529 355
f 3355 3520 2709
f 3588 3520 3355
f 3355 5696 3588
f 5696 3355 1059
f 7344 6428 2827
f 1059 3355 6398
f 6428 7344 2474
f 332 1059 6398
f 1059 1180 5696
f 1180 1059 1080
f 1059 332 1080
f 1080 332 2994
f 3658 2859 5551
f 5584 2859 3658
f 5358 136 2994
f 5852 5262 402
f 5358 1131 136
f 4609 4820 5262
f 4609 5262 5852
f 5358 4926 2139
f 1131 5358 2139
f 1265 1253 4820
f 1265 6079 1253
f 6079 1265 5067
f 1131 2139 6734
f 3847 6557 2326
f 5387 6557 3847
f 5246 4611 6409
f 5246 6409 5843
f 5843 6409 4083
f 1848 883 3386
f 2751 843 6734
f 628 773 3847
f 6039 2751 7105
f 843 2751 6039
f 6454 6734 843
f 6454 843 3763
f 4882 105 382
f 5662 1740 6009
f 1117 6375 7336
f 5662 835 5814
f 843 6039 4793
f 843 4793 3763
f 5471 7369 124
f 5471 4882 7369
f 6873 6601 6039
f 4793 6039 6601
f 124 7369 4319
f 3069 6470 1050
f 4793 6601 4636
f 1219 2348 4319
f 2348 970 3602
f 5757 5547 6586
f 4862 6601 6061
f 6601 4862 4636
f 5760 1201 2049
f 1201 3927 2049
f 3927 5418 2049
f 3865 3066 7216
f 7216 3066 4862
f 6723 3865 6295
f 5418 1083 4879
f 5418 4879 7176
f 4446 446 1093
f 1263 2569 4939
f 2619 1296 7292
f 1997 7292 3452
f 1997 3452 1083
f 2619 6832 1296
f 2619 7292 1997
f 3582 1343 2594
f 3049 4843 2394
f 2377 3804 2594
f 1520 2594 3804
f 2377 5374 3804
f 4322 6267 6094
f 6094 3208 4322
f 3208 4325 4322
f 7218 7038 2259
f 4947 526 3826
f 526 4947 6659
f 675 526 6659
f 7087 6761 7177
f 6947 3155 7025
f 5012 352 4235
f 1320 2779 5211
f 5211 2779 676
f 6075 6347 5456
f 3350 2767 3842
f 2779 2767 3350
f 3350 676 2779
f 3842 6403 1749
f 6380 4454 5849
f 5849 5506 6380
f 6380 5506 290
f 2030 3952 5194
f 417 1228 5194
f 1228 2030 5194
f 284 4866 1856
f 3688 6246 5876
f 2066 3825 7063
f 6850 6506 3966
f 5665 5544 52
f 5544 6506 52
f 52 6506 3175
f 3005 4085 5600
f 4856 7111 4063
f 4063 7111 5665
f 7187 6924 698
f 832 4069 2679
f 2957 2679 4069
f 1858 6474 4049
f 5376 6474 1858
f 6841 1898 2958
f 6551 1898 6841
f 4084 1858 5816
f 4123 5668 2278
f 4538 5668 5947
f 4538 5947 2958
f 4127 4729 6551
f 4729 4127 1088
f 903 7232 6399
f 1088 4127 3953
f 1088 3953 6211
f 6211 2843 4038
f 3953 2843 6211
f 2435 2993 6581
f 2368 3079 3647
f 6852 1331 3882
f 1655 4830 2498
f 4830 1655 6418
f 2665 2548 6852
f 7022 1267 525
f 5129 7022 525
f 4858 4588 533
f 3520 3588 355
f 355 3588 949
f 1080 2831 1180
f 3132 5881 2474
f 3132 3658 5551
f 4727 1080 2994
f 1080 4727 2831
f 136 4727 2994
f 5736 4727 136
f 4727 5736 1281
f 5736 136 1131
f 1131 3009 5736
f 6734 3009 1131
f 1265 926 5067
f 6734 6454 3009
f 3009 6454 1745
f 5625 3009 1745
f 2326 7045 3847
f 2855 6212 6557
f 5246 6212 2855
f 5246 5843 6212
f 1745 6454 5342
f 1745 5342 1910
f 2326 6557 2724
f 2724 6557 6212
f 4649 5843 4083
f 1848 4448 883
f 883 4448 4083
f 926 1415 5067
f 7045 628 3847
f 3763 5342 6454
f 5090 1848 1740
f 1848 3386 1740
f 3904 5342 3763
f 105 773 628
f 105 7147 382
f 382 7369 4882
f 3763 4793 1685
f 3763 1685 5935
f 7369 382 7147
f 6470 3069 6375
f 7048 6470 6375
f 2921 4793 4636
f 1685 4793 2921
f 1219 970 2348
f 3703 1050 5760
f 2039 5757 6586
f 4636 4862 3480
f 2921 4636 3480
f 2039 6586 3871
f 3526 5760 1050
f 3066 3480 4862
f 4440 4446 1093
f 6295 2594 6723
f 2594 7365 6723
f 4446 4860 446
f 2569 215 4939
f 3582 2594 6295
f 2569 1263 2341
f 2580 3260 1691
f 2580 1691 3609
f 3049 552 4843
f 1817 5417 2394
f 5417 1817 6832
f 6315 7046 4925
f 6315 4843 552
f 6324 446 4860
f 5374 6267 3657
f 3482 6267 4322
f 4322 4325 3482
f 3208 6631 4325
f 3208 6615 6631
f 6382 2544 7038
f 6615 3826 526
f 2544 6382 2940
f 526 675 440
f 2940 7326 2544
f 5121 7326 1186
f 7087 7177 675
f 1186 1243 5121
f 7177 6761 5588
f 6761 4200 5588
f 3155 7252 7025
f 3598 7252 3155
f 4150 1243 349
f 4150 3893 1243
f 3598 3155 370
f 370 352 5012
f 1105 3893 4760
f 4235 5190 5012
f 5456 3893 1105
f 5211 5190 4235
f 1105 6075 5456
f 6347 6075 4187
f 3842 1749 3350
f 678 6347 4418
f 4790 678 4418
f 275 2733 5915
f 6403 5915 2733
f 4790 5261 5884
f 6871 5884 5261
f 275 437 2446
f 1342 4828 3952
f 5331 290 3636
f 3636 1236 5331
f 5331 1236 5084
f 2697 5084 2879
f 1127 2461 417
f 1127 6114 7155
f 4652 4866 284
f 1856 4866 6047
f 853 5180 6114
f 2307 806 5180
f 6246 2066 5876
f 2512 2113 3005
f 695 4856 884
f 884 4085 695
f 7071 688 1577
f 7020 4932 5974
f 4932 832 5974
f 4049 5388 6067
f 2957 4069 2666
f 1898 1960 2958
f 4729 1898 6551
f 903 2957 5177
f 2278 5668 4538
f 1960 4538 2958
f 7232 2435 6399
f 6014 2993 2435
f 264 3647 882
f 1876 6581 2993
f 1876 7156 6581
f 3882 7156 1876
f 2498 491 2368
f 6418 4441 4830
f 4830 4441 5409
f 5409 4441 4841
f 6418 1037 4441
f 1267 1037 6418
f 4441 1037 4841
f 1267 3564 1037
f 6790 1380 2665
f 7022 3564 1267
f 1380 5420 3343
f 3496 5129 4121
f 4121 5911 3496
f 1632 2746 5911
f 949 2746 355
f 1669 949 3588
f 3588 5696 7257
f 7257 5696 1180
f 890 2474 7344
f 7257 1180 2831
f 4727 1281 2831
f 6974 2831 1281
f 1264 1281 5072
f 5625 1281 5736
f 5625 5072 1281
f 5736 3009 5625
f 5072 5625 1910
f 1265 4634 926
f 5625 1745 1910
f 5843 6638 6212
f 7045 2326 2724
f 4648 7045 2724
f 926 6977 1415
f 4448 1848 5090
f 3904 3763 5935
f 628 7147 105
f 663 1740 5662
f 5935 1685 943
f 3490 3008 7369
f 3490 7369 7147
f 7048 6375 1117
f 3008 4319 7369
f 1685 2921 581
f 5547 1839 5814
f 5757 1839 5547
f 5329 1839 5757
f 1825 6470 7048
f 6470 3526 1050
f 3480 581 2921
f 3526 6470 1825
f 6665 2039 3871
f 3017 6665 3871
f 3480 455 581
f 3480 3066 455
f 3157 4440 864
f 3157 4446 4440
f 6189 1083 5418
f 1520 7365 2594
f 2341 1263 3260
f 5417 3049 2394
f 3804 2817 1520
f 5374 2817 3804
f 5374 3657 2817
f 3482 3657 6267
f 7218 2259 6324
f 3657 3482 4766
f 4766 3482 4325
f 4459 7038 7218
f 6382 7038 4459
f 5379 6615 526
f 2940 6382 3990
f 5379 526 440
f 675 7177 7109
f 4200 7025 5588
f 7025 7024 5588
f 7025 7252 7024
f 7349 7252 3598
f 4979 3598 4618
f 3598 370 4618
f 370 5012 4618
f 4618 5012 1001
f 5211 6825 5190
f 5211 676 6825
f 6825 676 4250
f 3350 3468 676
f 3350 449 3468
f 3350 1749 449
f 1749 4417 449
f 2733 275 2446
f 4454 6871 636
f 636 5849 4454
f 437 4828 1342
f 3952 1182 1342
f 5506 3636 290
f 1236 2879 5084
f 4652 6354 4866
f 6114 5180 7155
f 4866 5632 6047
f 6047 946 3688
f 3688 946 6246
f 6846 5665 7111
f 5544 5665 6846
f 695 7111 4856
f 6006 688 7071
f 2520 6006 7071
f 5301 2520 7071
f 7020 5974 1577
f 1577 688 7020
f 2666 3803 2957
f 4084 5376 1858
f 4123 2278 3092
f 3310 4538 1960
f 3310 2278 4538
f 5177 2957 3803
f 1333 3310 1960
f 1333 1960 1898
f 6726 1898 4729
f 7232 903 5177
f 1088 6941 4729
f 1088 6211 727
f 6211 4038 727
f 4038 3047 727
f 7232 6014 2435
f 4038 2843 3047
f 3047 2843 882
f 264 882 2843
f 5923 1876 2993
f 2368 4415 3079
f 2368 491 4415
f 4830 491 2498
f 1081 6852 3882
f 1081 5244 6852
f 5244 2665 6852
f 2894 2665 5244
f 6790 2665 2894
f 2645 7022 5129
f 6349 5420 1380
f 3496 2645 5129
f 4588 4858 4261
f 4261 2827 4588
f 949 1669 5126
f 5479 7344 2827
f 5126 1669 1611
f 890 7344 5479
f 7257 1669 3588
f 1669 7257 1611
f 2474 890 1310
f 2831 2001 7257
f 6974 2001 2831
f 6974 1281 6559
f 3293 5584 603
f 5852 402 5584
f 5852 5584 3293
f 6559 1281 1264
f 5852 5522 4609
f 2504 4609 5522
f 1264 5072 2064
f 121 4634 1265
f 4820 121 1265
f 5072 1842 2064
f 1910 1842 5072
f 2064 1842 5410
f 4880 1842 1910
f 4880 1910 5342
f 1842 4880 5410
f 6638 2724 6212
f 926 4634 452
f 5342 3904 4880
f 444 4648 2724
f 3130 4649 4083
f 926 5130 6977
f 452 5130 926
f 3130 4083 4448
f 1415 6977 1117
f 6977 260 1117
f 2353 260 6977
f 7147 628 3755
f 7048 1117 260
f 1685 3610 943
f 5662 5814 6579
f 5814 1839 6579
f 1685 581 3610
f 3610 581 2335
f 3008 1219 4319
f 7048 2284 1825
f 5329 5757 2039
f 3602 4435 864
f 4238 2039 6665
f 5794 5760 3526
f 5794 3526 1053
f 5794 1201 5760
f 7084 6665 3017
f 1201 5167 3927
f 3066 7352 455
f 3066 3865 7352
f 7352 3865 6723
f 5630 7084 215
f 6189 5418 3927
f 5630 215 2569
f 1083 6189 5896
f 7365 1520 1824
f 1170 2619 1997
f 5896 1170 1997
f 7144 3609 7046
f 6315 7144 7046
f 1520 2817 3623
f 4645 5417 6832
f 3657 2830 2817
f 2830 3657 1388
f 2588 6324 4860
f 3657 4766 1388
f 4459 7218 4048
f 6288 6631 6615
f 6222 6382 4459
f 3990 6382 6222
f 6615 5379 6288
f 6288 5379 377
f 440 377 5379
f 2940 1186 7326
f 424 1186 2940
f 675 7109 440
f 7177 6113 7109
f 349 1186 424
f 5588 5324 7177
f 349 1243 1186
f 5588 7024 5324
f 4760 4150 349
f 3598 4979 7349
f 4760 3893 4150
f 5012 5190 1001
f 676 3468 4250
f 449 5259 3468
f 4417 1749 6403
f 6403 2733 4417
f 4819 5261 4790
f 437 6263 2446
f 6263 3328 2446
f 6263 437 1342
f 2030 1182 3952
f 1228 6487 2030
f 2461 4070 417
f 1127 7155 2461
f 2697 2213 4652
f 2213 6354 4652
f 6047 5632 946
f 6246 4905 2066
f 3966 806 2307
f 3966 6506 2256
f 3825 2113 2512
f 274 3005 2113
f 6924 5030 698
f 5704 2278 3310
f 6726 2287 1898
f 6459 4084 5816
f 3092 6142 4123
f 4699 5704 3310
f 4699 3310 1333
f 4800 4699 1333
f 1333 1898 2287
f 6941 6726 4729
f 727 6941 1088
f 5923 2993 6014
f 882 3647 1797
f 3079 1797 3647
f 2626 1876 5923
f 2626 1081 3882
f 1876 2626 3882
f 4830 3305 491
f 4830 5409 3305
f 1037 3420 4841
f 3564 3420 1037
f 906 5420 6349
f 3496 6493 2645
f 906 533 5420
f 4858 533 906
f 7287 5911 2746
f 949 7287 2746
f 5479 2827 4261
f 5126 1611 5215
f 7257 5808 1611
f 7257 2001 5808
f 1310 3132 2474
f 3132 1310 3658
f 2001 6974 2153
f 6974 6559 2153
f 3347 2153 6559
f 6559 821 3347
f 821 6559 1264
f 821 5866 3347
f 2416 821 1264
f 821 2416 5866
f 2064 2416 1264
f 4609 121 4820
f 5410 4559 2064
f 4634 121 452
f 452 121 1730
f 4880 5325 5410
f 6638 444 2724
f 5843 2006 6638
f 5843 4649 2006
f 3904 350 4880
f 4880 350 5325
f 5935 350 3904
f 5090 7301 4448
f 3755 628 7045
f 663 5090 1740
f 4334 6977 5130
f 2353 6977 4334
f 260 4774 7048
f 260 2353 4774
f 3007 7147 3755
f 4238 5329 2039
f 1219 1965 970
f 581 455 2942
f 1965 3602 970
f 3602 1965 4435
f 6665 7316 4238
f 1053 3526 1825
f 4435 3157 864
f 5794 5167 1201
f 5630 7316 6665
f 5630 6665 7084
f 4446 3157 6107
f 6107 4860 4446
f 5896 1997 1083
f 1824 1520 5590
f 5700 2580 3609
f 7144 6315 552
f 3049 1168 552
f 2158 6832 2619
f 2158 4645 6832
f 2158 2619 1170
f 1168 3049 5417
f 2830 1388 2739
f 2981 2739 1388
f 2588 7218 6324
f 1388 4766 3932
f 3932 4766 4325
f 6346 4048 7218
f 6631 3932 4325
f 6222 4459 4048
f 377 6276 6288
f 3015 377 440
f 440 7109 3015
f 7109 6113 3015
f 6113 7177 4547
f 424 5752 349
f 7177 5324 4547
f 7024 810 5324
f 4979 4148 7349
f 4499 4148 4979
f 7349 4148 7252
f 7252 4148 810
f 7252 810 7024
f 5982 4760 349
f 4618 1975 4979
f 1001 1975 4618
f 1105 4760 872
f 6072 1001 5190
f 5891 3646 6825
f 5190 6825 3646
f 5259 4250 3468
f 6347 4187 2680
f 6347 2680 4418
f 4418 2680 3460
f 4790 4418 4819
f 2733 2446 4417
f 5261 636 6871
f 1342 1182 6904
f 4070 6458 417
f 7155 4427 2461
f 2461 4427 4070
f 5180 806 2233
f 5180 2233 7155
f 2066 4905 3825
f 6846 3439 5544
f 3005 441 4085
f 4085 441 695
f 695 761 3970
f 695 3970 7111
f 7111 3970 1259
f 2643 4932 7020
f 5030 3848 1010
f 1568 4069 832
f 1568 832 4932
f 6474 5388 4049
f 5704 3092 2278
f 2287 4800 1333
f 4134 6459 5816
f 5923 6014 177
f 2356 5923 177
f 3986 2626 5923
f 491 6785 4415
f 3305 6785 491
f 6024 4841 3420
f 1380 6790 6349
f 6493 5044 2645
f 5523 4858 906
f 5911 7287 5493
f 5493 7287 2124
f 5493 2124 5581
f 6958 4261 4858
f 2124 7287 2108
f 949 2108 7287
f 2947 5479 4261
f 949 5126 2108
f 5126 5164 2108
f 5126 5215 5164
f 2947 2238 5479
f 5479 3170 890
f 5479 2238 3170
f 5215 1611 6258
f 6258 1611 5808
f 6258 5808 4719
f 1310 603 3658
f 2153 5808 2001
f 2153 6491 5808
f 603 5584 3658
f 3347 6491 2153
f 314 5852 3293
f 2416 2101 5866
f 2416 2064 2101
f 452 1730 1725
f 452 1725 5130
f 350 2034 5325
f 7301 3130 4448
f 5130 1725 4334
f 4648 3755 7045
f 943 350 5935
f 2528 7301 5090
f 4334 1891 2353
f 3490 7147 3007
f 3490 3007 1946
f 663 5662 6579
f 1891 4774 2353
f 3008 3490 1238
f 7048 4774 2284
f 5071 1839 5329
f 609 1219 3008
f 609 3008 1238
f 4238 5071 5329
f 609 1965 1219
f 1405 1825 2284
f 455 7352 2596
f 2596 7352 5964
f 3513 6189 3927
f 3513 3927 5167
f 7365 7352 6723
f 7367 5630 2569
f 5896 6189 4343
f 4090 2341 3260
f 4090 3260 2580
f 5590 1520 3623
f 4860 6107 4701
f 141 2580 5700
f 2869 5700 3609
f 2869 3609 7144
f 6639 1170 5896
f 779 4645 2158
f 4701 2588 4860
f 2981 1913 2739
f 6346 7218 2588
f 1388 3932 2981
f 913 3932 6631
f 6631 6288 913
f 6276 913 6288
f 6276 377 3015
f 4224 6276 3015
f 6113 5336 4224
f 6113 4224 3015
f 5336 4547 5288
f 4547 5336 6113
f 5324 810 3543
f 5324 3543 4547
f 3543 4148 339
f 4148 3543 810
f 4979 1975 6682
f 6072 1975 1001
f 1294 1105 872
f 6072 3646 5891
f 3646 6072 5190
f 1294 6075 1105
f 5891 6825 6220
f 4250 6220 6825
f 6075 1294 4187
f 7157 449 4417
f 3460 4819 4418
f 3328 4417 2446
f 4819 6966 5261
f 6966 636 5261
f 6263 1342 43
f 6487 7004 2030
f 1228 417 6458
f 6458 6487 1228
f 5632 765 946
f 946 4905 6246
f 3825 4905 4524
f 4524 7116 3825
f 3074 2256 6506
f 2113 1908 274
f 6506 5544 3074
f 274 441 3005
f 7111 1259 6846
f 2263 2643 7020
f 2263 7020 688
f 7096 1568 4932
f 7096 4932 2643
f 5388 6089 6067
f 2666 4069 1568
f 2131 2666 1568
f 2666 2131 3803
f 4084 6459 4404
f 7194 5704 4699
f 2567 4800 2287
f 5177 3440 7232
f 5380 4134 5816
f 2567 842 4800
f 6941 727 3769
f 1414 727 3047
f 3986 5923 2356
f 2626 5453 1081
f 5453 5244 1081
f 6738 5244 5453
f 4841 7193 5409
f 4841 6024 7193
f 2486 6790 2894
f 7022 6301 3564
f 5523 906 6349
f 5523 6349 503
f 5493 3496 5911
f 5523 6958 4858
f 2108 3567 2124
f 5581 2124 3567
f 3567 2108 3538
f 3538 2108 5164
f 3170 2238 58
f 890 3170 1310
f 5345 1310 3170
f 1310 5345 603
f 4719 5808 6491
f 4721 4719 6491
f 4719 4721 4753
f 3347 4721 6491
f 2101 2064 4559
f 5325 4142 5410
f 2034 4142 5325
f 1730 3780 1725
f 4649 1276 2006
f 1276 4649 3130
f 1094 4648 444
f 2466 3130 7301
f 4648 2234 3755
f 484 5090 663
f 484 663 6579
f 2335 943 3610
f 484 6579 4848
f 2335 3200 943
f 6579 1839 5071
f 4774 1891 2071
f 7338 4774 2071
f 4774 7338 2284
f 581 2942 2335
f 1405 2284 7338
f 1825 4605 1053
f 4605 1825 1405
f 3205 4435 1965
f 1750 4435 3205
f 6107 3157 1750
f 1750 3157 4435
f 5630 7367 7316
f 5596 7352 7365
f 1824 5596 7365
f 6151 7367 2569
f 3513 4343 6189
f 6151 2569 2341
f 4090 6151 2341
f 2830 3559 2817
f 3623 2817 3559
f 6639 2158 1170
f 328 2830 2739
f 552 2547 7144
f 5417 4645 1168
f 779 4635 4645
f 4635 1168 4645
f 5441 2981 3932
f 1015 5441 3932
f 1015 3932 913
f 913 1437 1015
f 913 410 1437
f 3990 6222 2121
f 6276 410 913
f 4224 5850 410
f 4224 410 6276
f 2940 3990 2121
f 5288 1576 5850
f 5336 5288 5850
f 5336 5850 4224
f 2940 2121 424
f 3543 7110 5288
f 3543 5288 4547
f 3543 339 7110
f 4499 2833 4148
f 6682 4499 4979
f 6220 4250 6683
f 6683 5259 1653
f 4250 5259 6683
f 2680 4187 1294
f 449 7157 5259
f 3328 7157 4417
f 6263 1958 3328
f 6904 43 1342
f 636 6822 5849
f 1236 3636 564
f 7155 2233 3820
f 765 4905 946
f 1446 7116 4524
f 7116 2113 3825
f 7116 1908 2113
f 1259 3439 6846
f 688 6006 952
f 7198 6006 2520
f 7198 2520 5301
f 7198 5301 3848
f 7198 3848 2161
f 137 2643 2263
f 2263 688 1118
f 1118 688 952
f 2131 1568 7096
f 6155 2131 7096
f 2131 5177 3803
f 3092 4976 6142
f 3440 5177 2131
f 6142 4134 5380
f 1670 6726 6941
f 1129 1670 6941
f 6941 3769 1129
f 582 177 6014
f 1414 3047 393
f 819 393 3047
f 819 3047 882
f 1797 819 882
f 3986 2826 6225
f 3079 4415 7208
f 6225 2626 3986
f 7208 4415 6785
f 6225 5453 2626
f 6898 5453 6225
f 5453 6898 6738
f 6738 2894 5244
f 2486 5984 6790
f 3564 6301 3420
f 7022 63 6301
f 5984 6349 6790
f 503 6349 6982
f 3496 5493 5549
f 5549 5493 5581
f 3261 6958 5523
f 6958 2947 4261
f 5215 3538 5164
f 1805 3538 5215
f 5215 6258 1805
f 5345 3170 2835
f 4719 4753 6258
f 4753 1805 6258
f 6311 4753 4721
f 603 2892 3293
f 3347 849 4721
f 3347 4831 849
f 4831 3347 5866
f 5852 314 5522
f 2101 4831 5866
f 4139 4609 2504
f 4609 4139 121
f 121 4139 1730
f 4139 3291 1730
f 1730 3291 3780
f 39 444 6638
f 39 6638 2006
f 3864 2034 350
f 2322 1276 3130
f 2322 3130 2466
f 1725 3780 1527
f 1725 5289 4334
f 4334 5289 1891
f 1527 5289 1725
f 3755 2234 901
f 6160 2466 7301
f 6160 7301 2528
f 5090 484 2528
f 901 3007 3755
f 901 1946 3007
f 1946 1238 3490
f 5071 4848 6579
f 5081 4848 5071
f 2144 5071 4238
f 1405 7338 2071
f 7316 2144 4238
f 6161 5167 5794
f 6161 5794 1053
f 5596 5964 7352
f 141 4090 2580
f 4302 2830 328
f 4302 3559 2830
f 7144 2547 1926
f 1926 2869 7144
f 1168 2547 552
f 4635 779 2453
f 2453 779 2158
f 328 2739 1913
f 2981 5441 1913
f 5441 1015 5499
f 6222 1855 2121
f 5288 3985 1576
f 3052 424 2121
f 5752 424 3052
f 7110 339 4746
f 349 5752 1429
f 5982 349 1429
f 4148 2833 339
f 4587 6682 1975
f 5463 872 4760
f 4587 6072 754
f 3171 754 5891
f 6072 5891 754
f 3171 5891 3253
f 3253 5891 6220
f 6683 3253 6220
f 7157 1653 5259
f 2015 7157 3328
f 1958 2015 3328
f 117 636 6966
f 1958 6263 43
f 6904 2030 7004
f 1182 2030 6904
f 5506 5039 3636
f 564 3636 5039
f 2879 2213 2697
f 6589 6458 4070
f 4866 6354 5632
f 3820 4427 7155
f 806 2134 2233
f 3966 2256 3732
f 3966 3732 806
f 3074 5544 3439
f 3074 3439 866
f 441 4011 695
f 695 4011 761
f 6006 7198 584
f 952 6006 584
f 5030 2161 3848
f 6155 7096 2694
f 6717 5388 6474
f 5376 6717 6474
f 4134 767 6459
f 6162 7194 4699
f 4800 6162 4699
f 842 6162 4800
f 4021 2287 6726
f 1670 4021 6726
f 2924 3440 2131
f 727 1414 3769
f 582 6014 7232
f 3440 582 7232
f 2094 2356 177
f 1797 3079 103
f 2826 3986 2356
f 3079 7208 103
f 6392 6898 6225
f 3305 5409 208
f 6738 2486 2894
f 6749 6024 3420
f 3420 6301 6749
f 5984 6982 6349
f 2645 63 7022
f 5549 6493 3496
f 1082 6493 5549
f 3821 2947 6958
f 3821 2238 2947
f 2835 3170 58
f 5345 2892 603
f 159 3293 2892
f 4721 849 6311
f 159 314 3293
f 4981 4139 2504
f 5522 4981 2504
f 5410 5958 4559
f 4142 5958 5410
f 519 3291 4139
f 4142 2034 112
f 4496 444 39
f 1680 3780 3291
f 3864 6451 2034
f 1094 444 4496
f 3200 3864 350
f 1094 2234 4648
f 943 3200 350
f 1527 3780 5772
f 5772 3780 1680
f 1321 6160 2528
f 484 1321 2528
f 1946 609 1238
f 2144 5081 5071
f 455 2596 2942
f 4901 2144 7316
f 5964 5314 2596
f 7367 4901 7316
f 951 6107 1750
f 5167 139 3513
f 139 5167 6161
f 4413 6107 951
f 4413 4701 6107
f 6639 5896 6275
f 4036 6151 4090
f 4036 4090 141
f 4667 2158 6639
f 5700 2869 2886
f 1926 2886 2869
f 1168 1178 2547
f 4635 4397 1168
f 551 2588 4701
f 551 6346 2588
f 1913 5441 5499
f 551 669 6346
f 4048 5606 1855
f 1855 6222 4048
f 410 2546 5452
f 410 5452 1437
f 5850 2546 410
f 5850 1576 2546
f 6803 5288 7110
f 3985 5288 6803
f 339 2833 1047
f 2833 4499 5965
f 5965 4499 6682
f 4760 5982 5463
f 6072 4587 1975
f 1294 872 2674
f 3171 3253 3600
f 3600 6683 3280
f 3253 6683 3600
f 2680 1461 3460
f 3460 1461 6049
f 6049 4819 3460
f 1894 117 6966
f 6822 2710 5849
f 5506 5849 2710
f 6208 2456 6904
f 6208 6904 7004
f 2710 5039 5506
f 1236 564 917
f 6487 1605 7004
f 6487 6458 1605
f 2879 6090 2213
f 6589 1605 6458
f 7233 3820 2233
f 3820 1700 4427
f 7233 1700 3820
f 6961 4524 4905
f 2233 2134 7233
f 6961 1446 4524
f 274 4011 441
f 4011 4442 761
f 4442 3970 761
f 3970 3574 1259
f 7096 2643 2694
f 6155 3655 2131
f 2676 3092 5704
f 767 4404 6459
f 6142 4976 4134
f 3440 2924 582
f 5219 177 582
f 393 4102 1414
f 5219 2094 177
f 819 1797 103
f 2094 2826 2356
f 103 7208 3846
f 2826 6392 6225
f 3305 5971 6785
f 3305 208 5971
f 5409 7193 208
f 2425 6738 6898
f 423 6749 6301
f 2645 2986 63
f 5044 2986 2645
f 7165 1082 5549
f 6958 3261 547
f 547 3821 6958
f 4736 5549 5581
f 3567 4736 5581
f 2650 4736 3567
f 3538 2650 3567
f 3538 6233 2650
f 1805 1739 3538
f 3538 1739 6233
f 4753 3045 1805
f 2653 4753 6311
f 4831 2242 849
f 159 1494 314
f 1494 5522 314
f 1494 4342 5522
f 4342 4981 5522
f 4981 519 4139
f 519 4981 2053
f 519 2649 3291
f 519 2053 2649
f 2034 6451 112
f 3291 2649 1680
f 39 2006 6299
f 6299 2006 1276
f 1276 2322 6299
f 3200 1476 3864
f 1476 6451 3864
f 6299 2322 269
f 2755 901 2234
f 484 4848 1321
f 3327 1946 901
f 2942 6338 2335
f 6338 3200 2335
f 1321 4848 3722
f 992 2071 1891
f 992 1891 5289
f 3722 4848 4257
f 4848 5081 4257
f 1946 4168 609
f 609 3205 1965
f 609 4168 5062
f 609 5062 3205
f 2144 4444 5081
f 1750 3205 5062
f 6501 1053 4605
f 1053 6501 6161
f 4343 3513 139
f 7274 5590 3623
f 6275 5896 4343
f 4036 141 6709
f 6639 6275 4667
f 328 4461 4302
f 2453 2158 4667
f 753 4461 1913
f 328 1913 4461
f 4413 551 4701
f 1168 6980 1178
f 4397 6980 1168
f 4413 5731 551
f 753 1913 5499
f 669 4048 6346
f 5606 4048 669
f 2546 1576 4344
f 5948 4344 1576
f 3985 3479 5948
f 3985 5948 1576
f 6803 7110 4746
f 5179 1047 2833
f 1047 4746 339
f 2833 5965 5144
f 5982 4267 5463
f 5965 6682 210
f 4587 210 6682
f 4587 754 3387
f 6437 4587 3387
f 754 3171 3387
f 5572 3171 3600
f 504 1294 2674
f 3280 2753 1077
f 3280 6683 2753
f 6683 1653 2753
f 504 2680 1294
f 2823 2680 504
f 4819 1894 6966
f 2015 1958 3422
f 7333 1958 43
f 6822 636 117
f 6904 4209 43
f 4209 7333 43
f 3029 4209 6904
f 4541 2710 6822
f 4537 7004 1605
f 917 2879 1236
f 4427 1928 4070
f 4070 1928 6589
f 168 5125 5632
f 5632 5125 765
f 4427 1700 1928
f 765 6961 4905
f 4442 6675 3970
f 3970 6675 3574
f 3439 1259 2800
f 1118 952 4323
f 4323 952 3908
f 584 3908 952
f 2161 584 7198
f 2694 2643 3276
f 2643 137 3276
f 5634 6155 2694
f 5887 6155 5634
f 4084 6201 5376
f 2928 4084 4404
f 2676 6293 3092
f 7194 2676 5704
f 6293 4976 3092
f 6162 1479 7194
f 1642 2567 2287
f 1642 2287 4021
f 2924 2131 3655
f 7014 1129 3544
f 7014 1670 1129
f 3769 3544 1129
f 1414 4318 3769
f 4318 3544 3769
f 2924 5219 582
f 4102 4318 1414
f 2094 5219 6769
f 6785 5971 7208
f 2270 2425 6898
f 7193 2105 208
f 2425 4426 6738
f 4426 2486 6738
f 4426 5984 2486
f 6301 63 423
f 6982 1332 503
f 5523 503 3261
f 4736 7165 5549
f 3821 6784 2238
f 58 2238 6784
f 2653 4194 4753
f 159 2286 1494
f 521 1494 2286
f 849 2242 6311
f 7279 4342 1494
f 1166 4342 7279
f 1166 4981 4342
f 4559 1552 2101
f 1552 4559 5958
f 1166 3117 4981
f 4981 3117 2053
f 2053 3117 5243
f 2053 5243 2649
f 39 2551 4496
f 4496 2551 505
f 1094 4496 505
f 2551 39 6299
f 1094 505 6492
f 2234 1094 3669
f 3669 1094 6492
f 2322 2466 269
f 2234 3669 2755
f 2755 2097 901
f 6160 6560 2466
f 1527 5772 1780
f 5289 1527 7260
f 3327 901 2097
f 992 5289 790
f 4962 5062 4168
f 4444 4257 5081
f 2071 992 2323
f 2243 1405 2071
f 2243 2071 2323
f 2144 4901 4444
f 4605 1405 2357
f 1750 5062 851
f 851 951 1750
f 851 6432 951
f 4875 139 6161
f 1824 5590 6051
f 5596 1824 5210
f 5210 1824 6051
f 7226 4901 6151
f 4901 7367 6151
f 5590 6168 6051
f 6432 4413 951
f 3559 6525 3623
f 6432 5731 4413
f 4036 7226 6151
f 3559 4302 6475
f 4436 7226 4036
f 4436 4036 6709
f 4302 4461 6475
f 6709 141 5700
f 4091 1926 2547
f 4397 4635 3548
f 3548 4635 2453
f 5499 1329 753
f 5499 1015 2118
f 3290 669 5095
f 669 551 5095
f 1437 2505 1015
f 3290 5606 669
f 5452 2505 1437
f 5452 2546 4344
f 6803 1558 3985
f 3506 1429 5752
f 5179 2833 5144
f 4267 5982 1429
f 5965 210 5144
f 210 4587 6437
f 3171 5572 3387
f 3600 3203 5572
f 3280 3203 3600
f 1461 2680 2823
f 6934 1653 7157
f 2347 6934 7157
f 4819 6049 1894
f 6115 2347 7157
f 6115 7157 2015
f 3422 6115 2015
f 3422 1958 7333
f 7333 4209 77
f 3029 77 4209
f 2456 3029 6904
f 2456 6208 5864
f 5360 7004 4537
f 6208 7004 5360
f 917 6090 2879
f 6589 4537 1605
f 168 5632 6354
f 6589 1928 3512
f 1700 6670 1928
f 1928 6670 3512
f 7233 6670 1700
f 3732 1694 806
f 806 1694 2134
f 3074 2875 2256
f 2256 2875 3732
f 3439 2800 866
f 866 2875 3074
f 584 2161 5870
f 4438 6924 7187
f 6815 2263 1118
f 6815 137 2263
f 6815 1118 4323
f 6089 4438 7187
f 5388 4438 6089
f 6717 4763 5388
f 6717 1190 4763
f 6201 6717 5376
f 5887 3655 6155
f 416 767 4134
f 4976 416 4134
f 453 1479 6162
f 453 6162 842
f 4021 1670 7014
f 5613 2924 3655
f 819 103 6307
f 6769 2826 2094
f 6769 1534 2826
f 1534 6392 2826
f 6024 3519 7193
f 6749 3519 6024
f 5984 4426 5163
f 503 1332 434
f 503 4955 3261
f 4955 547 3261
f 547 6784 3821
f 2045 7165 4736
f 2650 2045 4736
f 3573 2835 58
f 1739 1805 3045
f 7238 2286 2892
f 7238 2892 5345
f 2286 159 2892
f 2443 2653 6311
f 2242 2443 6311
f 521 7279 1494
f 7279 521 5832
f 2101 1552 4831
f 4831 1552 2242
f 5832 1166 7279
f 1166 5832 3117
f 5958 1438 1552
f 3117 5967 5243
f 4142 112 5958
f 2649 6531 1680
f 6531 2649 5243
f 1680 6531 4272
f 4326 2551 6299
f 4272 5772 1680
f 4272 1780 5772
f 6560 269 2466
f 1321 3407 6160
f 1527 1780 7260
f 5678 2097 2755
f 6560 6160 3407
f 3407 1321 3722
f 5289 7260 790
f 6091 4168 3327
f 3327 4168 1946
f 4962 4168 6091
f 992 790 2323
f 3716 790 7260
f 2942 2596 3581
f 1410 2323 790
f 2596 5314 3581
f 1405 2243 2357
f 2243 2323 1410
f 3070 4444 4901
f 6161 6501 6352
f 5964 5596 934
f 5596 3751 934
f 5596 5210 3751
f 5590 7274 6168
f 5439 4343 139
f 5439 6275 4343
f 3062 6709 5700
f 5822 4667 6275
f 2886 3062 5700
f 3548 4140 4397
f 3548 2453 3613
f 3613 2453 4667
f 6980 4397 4140
f 1329 5499 2118
f 5095 551 5731
f 1015 2505 4035
f 6109 1855 5606
f 3985 198 3479
f 3985 1558 198
f 739 3052 2121
f 5752 739 3506
f 5752 3052 739
f 6803 4746 1558
f 2782 1047 2324
f 4746 1047 2782
f 5179 2324 1047
f 5179 5144 5337
f 5144 3540 5337
f 210 3540 5144
f 210 6437 3540
f 2674 872 5463
f 3203 3058 5572
f 5999 6847 3203
f 3280 1077 5999
f 3280 5999 3203
f 1653 6934 2753
f 6115 3422 5658
f 5658 3422 385
f 7333 77 385
f 7333 385 3422
f 2456 5864 3029
f 6208 5360 5864
f 4537 6589 4192
f 2226 4537 4192
f 6589 3512 4192
f 5125 6961 765
f 1814 7233 2134
f 2134 1694 1814
f 1446 3243 7116
f 3732 2875 1694
f 1908 3159 274
f 3159 4011 274
f 866 2800 1063
f 866 1063 2875
f 6086 4442 4011
f 1259 3574 3775
f 6924 4438 196
f 4163 4323 3908
f 4163 6815 4323
f 1686 3908 584
f 4763 4438 5388
f 2928 6201 4084
f 7353 2928 4404
f 767 7353 4404
f 6293 4128 4976
f 5613 3655 4226
f 4787 842 2567
f 2924 2713 5219
f 5219 2713 6769
f 6769 1089 2931
f 1442 6307 103
f 103 3846 1442
f 2931 1534 6769
f 7208 5971 3846
f 208 1004 5971
f 208 2105 1004
f 6392 2270 6898
f 7193 974 2105
f 3519 974 7193
f 5163 4426 2425
f 5163 2425 2270
f 6982 5984 5163
f 1026 423 63
f 63 2986 1026
f 1332 6982 1536
f 1082 5044 6493
f 434 4955 503
f 6233 4695 2045
f 6233 2045 2650
f 820 3573 58
f 3573 1627 2835
f 2835 1627 5345
f 1627 7238 5345
f 7238 1627 6064
f 4194 3045 4753
f 7238 6064 6555
f 5094 2286 7238
f 7238 6555 5094
f 2653 2443 4555
f 5094 521 2286
f 5094 3191 521
f 2872 2242 1552
f 5832 521 3191
f 1552 1438 2872
f 5832 6494 3117
f 3117 6494 5967
f 5967 6531 5243
f 6531 1227 4272
f 6299 269 4326
f 6338 1476 3200
f 5214 1780 4272
f 2097 5678 3327
f 3327 5678 7042
f 3716 1780 281
f 7260 1780 3716
f 3550 4962 6091
f 6091 3327 7042
f 3407 3722 3757
f 3757 3722 2877
f 4257 2877 3722
f 3716 7151 790
f 790 1308 1410
f 4962 851 5062
f 2243 3629 2357
f 3070 3201 4444
f 7055 2243 1410
f 6501 2357 6352
f 4605 2357 6501
f 1531 2357 3629
f 5022 3070 4901
f 6432 851 4751
f 6161 6352 4875
f 7226 5022 4901
f 4875 5439 139
f 3559 3964 6525
f 3964 2672 6525
f 3623 6525 7274
f 3559 6475 3964
f 3076 4436 6709
f 1329 5082 753
f 4461 753 5082
f 3613 4667 5822
f 5095 5731 7127
f 6533 4091 2547
f 6533 2547 1178
f 6533 1178 6980
f 1329 2118 392
f 2118 4035 392
f 4035 2118 1015
f 1199 3290 5095
f 5452 4344 2505
f 6109 5606 3290
f 6109 4039 1855
f 1855 4039 2121
f 739 2121 4039
f 4746 2782 1558
f 5179 5337 2324
f 3540 2695 5337
f 2695 3540 6437
f 4600 3387 859
f 5403 3387 4600
f 6437 3387 5403
f 5572 859 3387
f 3058 859 5572
f 3058 6847 5846
f 3203 6847 3058
f 778 504 2040
f 504 778 2823
f 2753 752 1077
f 6934 752 2753
f 2347 752 6934
f 5658 6480 2347
f 5658 2347 6115
f 6036 4891 77
f 77 4891 385
f 730 4845 117
f 4845 6822 117
f 3029 5660 77
f 569 2710 4541
f 5864 5360 2740
f 2226 5360 4537
f 4092 5360 2226
f 2226 4192 32
f 32 4192 3512
f 7233 1814 6670
f 2193 1446 6961
f 3243 3786 7116
f 7116 3786 1908
f 2875 1063 1694
f 3159 3687 4011
f 3775 2800 1259
f 4625 2161 5030
f 196 4625 5030
f 196 5030 6924
f 5870 1686 584
f 137 6815 4243
f 4243 6815 4163
f 4243 3276 137
f 5837 5634 2694
f 3822 2694 3276
f 6503 6201 2928
f 2676 7194 1479
f 4128 416 4976
f 320 1479 453
f 4226 3655 5887
f 4787 453 842
f 2867 5613 4226
f 5574 2924 5613
f 5613 2867 5574
f 5574 2713 2924
f 4318 4102 2586
f 2713 1089 6769
f 1004 3082 5971
f 6041 5044 1082
f 1082 7165 6041
f 5831 6784 547
f 4955 5831 547
f 820 58 6784
f 820 1711 3573
f 6233 1739 6641
f 2154 1627 3573
f 6064 4495 6555
f 2653 4555 4194
f 5094 6555 225
f 225 3191 5094
f 6135 3191 225
f 2872 2443 2242
f 6343 5832 3191
f 3191 6135 6343
f 5832 6343 6494
f 6343 5908 6494
f 112 7331 5958
f 5967 6494 3539
f 5967 3539 6531
f 6531 847 1227
f 847 6531 3539
f 6451 7167 112
f 6528 7167 1476
f 1476 7167 6451
f 6338 6528 1476
f 1119 2755 3669
f 3669 6492 1119
f 1119 5678 2755
f 1270 5678 1119
f 269 6560 7288
f 5214 281 1780
f 7042 5678 1270
f 3581 6338 2942
f 6560 3407 2285
f 4444 3201 4257
f 4257 3201 2877
f 7151 3716 6339
f 6339 3716 281
f 1410 5552 7055
f 790 7151 1308
f 5964 934 5314
f 4962 4751 851
f 5112 2905 3201
f 3201 3070 5112
f 5552 1410 1308
f 5112 3070 5022
f 975 3629 2243
f 975 2243 7055
f 2672 6969 6525
f 4581 5731 6432
f 4461 5470 1325
f 5082 5470 4461
f 857 6709 3062
f 2221 5822 6275
f 776 857 3062
f 776 3062 2886
f 5643 3548 3613
f 3318 6533 6980
f 3318 6980 4140
f 6206 4140 3548
f 7127 1199 5095
f 2505 3618 4035
f 4344 5083 2505
f 3290 3109 6109
f 5948 3523 4344
f 5948 3479 3523
f 198 1558 408
f 1558 2782 408
f 5337 4280 2324
f 3506 4267 1429
f 5337 1217 1790
f 2695 1217 5337
f 2695 6437 5403
f 7314 5463 4267
f 2674 5463 7314
f 3058 5846 1483
f 6847 5787 5846
f 2674 2040 504
f 5999 6357 5787
f 5999 1077 6357
f 5999 5787 6847
f 1783 6357 1077
f 752 1783 1077
f 2090 752 5663
f 2347 5663 752
f 2347 6480 5663
f 5658 4891 6480
f 5658 385 4891
f 6822 4845 4541
f 77 5660 6036
f 2740 5660 5864
f 3029 5864 5660
f 1327 5333 2710
f 2710 5333 5039
f 5039 5333 564
f 917 564 5333
f 6354 2213 168
f 4092 3794 5360
f 2226 908 4092
f 2226 32 908
f 168 3696 5125
f 3444 6961 5125
f 3444 2193 6961
f 3512 1609 32
f 4011 3687 6086
f 6675 4442 6086
f 2202 3574 6675
f 4163 3908 2025
f 2025 3908 1686
f 6903 4438 4763
f 6201 1190 6717
f 2309 3276 4243
f 3822 5837 2694
f 5724 7353 767
f 1177 6293 2676
f 1479 1177 2676
f 416 5724 767
f 4128 4788 416
f 4787 2567 1642
f 4021 4724 1642
f 4787 5714 453
f 4021 7014 2363
f 445 2363 7014
f 445 3544 622
f 445 7014 3544
f 7070 622 3544
f 3544 4318 7070
f 1503 2586 4102
f 4102 393 1503
f 819 1503 393
f 2931 1089 6918
f 3082 3846 5971
f 6845 1534 6918
f 6845 6392 1534
f 6845 2270 6392
f 5163 2270 6845
f 2332 974 3519
f 6749 423 3519
f 2332 3519 423
f 5163 1536 6982
f 138 1026 2986
f 1536 940 1332
f 2045 6041 7165
f 3529 5831 4955
f 2198 6784 5831
f 2198 5831 4974
f 6784 2198 820
f 4695 6233 6641
f 1711 820 2198
f 1711 2154 3573
f 1739 6544 6641
f 1739 3045 649
f 2154 6064 1627
f 3045 4194 649
f 4495 225 6555
f 4495 3064 225
f 6135 7148 5908
f 6135 5908 6343
f 5958 2522 1438
f 5242 6494 5908
f 5958 7331 2522
f 5767 3539 6494
f 5242 5767 6494
f 3539 5767 1175
f 1227 847 6119
f 2663 2551 4326
f 4326 3137 2663
f 4326 269 3137
f 1227 6119 4272
f 6338 6519 6528
f 5024 1119 6492
f 3137 269 3988
f 7288 3988 269
f 7042 3550 6091
f 3757 2285 3407
f 281 5214 5253
f 5038 4962 3550
f 4871 3757 2877
f 3201 2905 2877
f 2877 2905 4871
f 6828 5314 934
f 5038 4751 4962
f 7151 5889 1308
f 7151 6339 5889
f 6828 934 3751
f 7055 6699 975
f 1241 5889 6339
f 6699 7055 5552
f 6051 5033 5210
f 7286 3629 975
f 6168 1065 6051
f 5033 6051 1065
f 4751 4915 4581
f 2357 4750 6352
f 2357 1531 4750
f 4581 6432 4751
f 624 4750 1531
f 7274 6969 6168
f 4436 3765 7226
f 3765 5022 7226
f 6525 6969 7274
f 4750 4875 6352
f 4461 1325 6475
f 3964 6475 1325
f 2221 6275 5439
f 2221 5439 4875
f 4581 7127 5731
f 857 3076 6709
f 776 2886 1926
f 1055 5822 2221
f 4091 776 1926
f 5643 3613 5822
f 1199 7127 3289
f 5010 4091 6533
f 2667 5010 6533
f 6206 3548 400
f 400 3548 5643
f 4035 3618 392
f 5083 4344 3523
f 5083 3618 2505
f 1199 3109 3290
f 3523 3479 6377
f 5292 408 4280
f 2324 4280 408
f 2324 408 2782
f 739 303 3506
f 5337 1790 4280
f 303 4267 3506
f 3453 5403 4388
f 2695 3453 1217
f 859 873 4600
f 4600 873 4388
f 4600 4388 5403
f 2695 5403 3453
f 1483 873 859
f 3058 1483 859
f 5787 4364 5846
f 1783 752 2090
f 1461 567 6049
f 1894 6049 567
f 5663 5983 2090
f 538 5663 6480
f 6480 4891 538
f 4891 6036 4565
f 5660 2740 3019
f 917 5333 3484
f 4092 2423 3794
f 908 32 1609
f 3444 5125 3696
f 5123 3512 6670
f 1609 3512 5123
f 5594 1814 1694
f 1814 5594 5123
f 1814 5123 6670
f 1908 3786 3159
f 6086 3687 4711
f 2202 3775 3574
f 6086 2202 6675
f 4010 5870 2161
f 4010 2161 4625
f 196 4438 6903
f 2535 4243 4163
f 6903 4763 1190
f 2535 2309 4243
f 6503 6963 6201
f 2309 3822 3276
f 7353 6503 2928
f 5837 5887 5634
f 5106 4787 1642
f 4724 4021 4068
f 2363 4068 4021
f 4936 622 7070
f 2867 2713 5574
f 4318 2586 7070
f 6918 1534 2931
f 1004 2105 1344
f 2332 423 2475
f 1026 2475 423
f 1034 138 2986
f 5044 1034 2986
f 940 434 1332
f 5044 6041 1738
f 3529 4955 434
f 2045 4695 1257
f 3529 4974 5831
f 5686 2198 4974
f 2198 5686 1711
f 5686 5238 1711
f 5238 2154 1711
f 2154 5238 4086
f 4086 6064 2154
f 6544 1739 649
f 6064 4086 4495
f 4495 4086 4885
f 3064 4495 4885
f 7148 225 3064
f 2443 6270 4555
f 7290 2443 2872
f 225 7148 6135
f 7148 6817 5908
f 80 5908 6817
f 5242 3438 1363
f 1363 5767 5242
f 112 1389 7331
f 1175 5767 1363
f 3539 2813 847
f 1175 2813 3539
f 2813 6119 847
f 6471 2813 1175
f 2551 2663 505
f 5400 6119 2813
f 6714 505 2663
f 4272 6119 5214
f 5024 6492 505
f 6519 6338 2276
f 5024 1270 1119
f 3581 2276 6338
f 2285 7288 6560
f 2285 3967 7288
f 6828 3581 5314
f 3757 4871 2285
f 870 4751 5038
f 5038 3550 870
f 1241 6339 281
f 5033 3751 5210
f 5552 1308 918
f 4915 4751 870
f 975 6699 7286
f 918 1308 846
f 846 1308 5889
f 772 6699 5552
f 772 5552 918
f 846 5889 5605
f 5605 5889 1241
f 2839 5112 5022
f 2839 5022 3765
f 1531 3629 624
f 624 3629 7286
f 3964 3447 2672
f 1325 6068 3447
f 1325 3447 3964
f 4517 4750 624
f 4517 2221 4875
f 4517 4875 4750
f 1329 392 5082
f 7127 4581 3289
f 392 3618 6314
f 6204 776 4091
f 3274 6210 5083
f 3523 3274 5083
f 6377 6851 3523
f 6109 3700 4039
f 739 4039 302
f 408 6991 198
f 198 6991 3479
f 4280 6158 5292
f 1790 6158 4280
f 302 303 739
f 1217 3453 1790
f 4388 873 1030
f 873 1483 4157
f 5846 4364 1483
f 7314 1274 2674
f 5787 5836 4364
f 1274 2040 2674
f 6357 5836 5787
f 2090 1981 6357
f 1783 2090 6357
f 7032 2823 778
f 2823 7032 1461
f 2090 5983 1981
f 567 1461 7032
f 538 1311 2808
f 538 2808 5983
f 4079 1311 538
f 5663 538 5983
f 1894 7249 730
f 1894 730 117
f 4565 4079 4891
f 538 4891 4079
f 4565 6036 6911
f 6911 6036 5660
f 6911 5660 3019
f 2710 569 1327
f 1327 7134 5333
f 5333 7134 3484
f 5360 3794 2740
f 3794 4508 2740
f 2423 4092 6490
f 3484 6368 917
f 917 6368 6090
f 6090 286 2213
f 6368 286 6090
f 6490 4092 908
f 168 2213 286
f 168 6782 3696
f 1540 3786 3243
f 1694 1063 3478
f 4893 4010 4625
f 5837 3822 6448
f 3822 2309 6448
f 1177 4788 4128
f 1177 4128 6293
f 283 1177 1479
f 5837 6633 5887
f 2867 3885 2713
f 2696 1089 3885
f 3885 1089 2713
f 6307 1503 819
f 2696 6918 1089
f 4016 2105 974
f 2332 4016 974
f 1738 1034 5044
f 31 434 940
f 3529 434 31
f 2045 1257 6041
f 3431 4974 3529
f 4086 2916 4885
f 6465 6544 649
f 4885 2916 2508
f 4885 2508 3064
f 4555 3758 4194
f 6705 3064 3837
f 3064 2508 3837
f 3064 6705 7148
f 6705 6817 7148
f 7290 6270 2443
f 1884 6817 6705
f 6817 1884 80
f 3438 5242 80
f 80 5242 5908
f 1363 3438 1993
f 2615 1175 1363
f 2813 6471 5400
f 505 6714 5024
f 2663 6065 6714
f 3137 6065 2663
f 6119 5400 920
f 3950 5024 6714
f 6119 920 4737
f 5214 6119 4737
f 7288 2082 3988
f 3581 6828 2276
f 3691 2276 6828
f 5214 4737 5253
f 6828 3751 3934
f 4258 870 3550
f 5253 4737 489
f 281 5253 1241
f 5253 3918 1241
f 846 2072 918
f 5605 1241 4229
f 4229 1241 3918
f 5605 2072 846
f 5366 4581 4915
f 7286 4385 624
f 3232 6699 772
f 7136 772 918
f 2839 3765 4436
f 2839 4436 3076
f 5470 510 1325
f 4385 4517 624
f 4517 1055 2221
f 4581 1881 3289
f 1275 392 6314
f 6204 4274 776
f 1055 5643 5822
f 566 1199 3289
f 3289 1881 566
f 6204 4091 5010
f 6210 6314 3618
f 5083 6210 3618
f 3274 3523 6851
f 3109 1199 566
f 6377 5666 6851
f 3109 3700 6109
f 302 4039 3700
f 6377 3479 6991
f 6991 408 5292
f 6158 4670 4708
f 6158 4708 5292
f 4370 791 4702
f 4670 4370 4702
f 1790 4670 6158
f 1790 4370 4670
f 3453 4370 1790
f 873 2490 887
f 873 887 1030
f 1030 4370 4388
f 1030 791 4370
f 4388 4370 3453
f 873 4157 2490
f 1483 744 4157
f 1483 4364 744
f 5836 3521 2388
f 5836 2388 4364
f 1981 5836 6357
f 1981 3521 5836
f 778 2040 6044
f 1981 50 3521
f 1981 2808 50
f 5983 2808 1981
f 1311 818 2808
f 567 7249 1894
f 5152 818 1311
f 4079 5152 1311
f 4079 1952 5152
f 4565 1952 4079
f 4565 4945 1952
f 6911 4945 4565
f 4541 4845 569
f 3019 2740 4508
f 2423 5402 3794
f 5402 4508 3794
f 6490 908 3665
f 286 6393 168
f 6261 6393 286
f 6782 168 6393
f 908 1609 3935
f 6782 3444 3696
f 2193 3243 1446
f 3739 1609 5123
f 1694 3478 5594
f 5123 5594 1239
f 5123 1239 3739
f 2202 4911 3775
f 3775 3779 2800
f 2593 5870 4010
f 4893 2593 4010
f 196 4893 4625
f 4443 2535 4163
f 5724 416 4788
f 320 283 1479
f 1737 5887 6633
f 4118 5106 1642
f 4118 1642 4724
f 4068 2363 445
f 1737 4226 5887
f 4226 904 2867
f 3142 6307 1442
f 3846 3998 1442
f 6918 5425 6845
f 2105 4016 1344
f 4016 2332 589
f 589 2332 2475
f 3151 2475 1026
f 559 5163 6845
f 138 4033 3151
f 138 3151 1026
f 3224 4033 138
f 138 1034 3224
f 3431 5686 4974
f 5686 3431 5587
f 5686 5587 6976
f 5686 6976 5238
f 6641 4716 4695
f 4716 3608 4695
f 5238 6976 3568
f 7217 5238 3568
f 7217 4086 5238
f 7217 2916 4086
f 4194 6465 649
f 3837 2508 1378
f 3837 3247 6705
f 1884 6705 3247
f 1438 7290 2872
f 2522 7290 1438
f 3438 80 1884
f 2522 4264 2260
f 4264 2522 7331
f 112 7167 1389
f 1993 2615 1363
f 2615 1993 2727
f 2615 6471 1175
f 6528 6519 1143
f 6471 1794 5400
f 5400 5375 920
f 5400 1794 5375
f 2276 3691 6519
f 2776 1270 5024
f 5024 3950 2776
f 6714 5557 3950
f 6065 5557 6714
f 4165 5375 1794
f 880 7042 1270
f 2776 880 1270
f 2776 3950 2074
f 880 4258 7042
f 2082 3137 3988
f 920 4125 4737
f 6800 920 5375
f 6828 3934 3691
f 4258 3550 7042
f 3967 1991 7288
f 6800 4125 920
f 4737 4125 489
f 4871 6145 2285
f 4258 4915 870
f 2905 6145 4871
f 5253 489 3918
f 2905 5105 6145
f 6986 1065 6168
f 6969 6986 6168
f 2839 2905 5112
f 3232 7286 6699
f 772 1347 3232
f 772 7136 1347
f 918 2072 7136
f 1563 4229 3918
f 6068 3632 3447
f 3447 4985 2672
f 2672 6612 6969
f 4985 6612 2672
f 1525 4385 7286
f 6068 1325 510
f 7286 3232 1525
f 4229 2072 5605
f 910 2839 3086
f 3086 2839 3076
f 3076 857 3086
f 4517 4385 3729
f 5366 1881 4581
f 5384 3729 4385
f 5082 392 1275
f 3633 4517 3729
f 5591 857 776
f 4274 5591 776
f 1055 4517 4853
f 4853 4517 3633
f 6314 6210 1909
f 5643 1055 4853
f 3274 5666 3549
f 3274 3549 6210
f 3318 2667 6533
f 3318 4140 6355
f 4140 6206 6355
f 6355 6206 400
f 6851 5666 3274
f 712 3318 6355
f 6377 6152 78
f 6991 6152 6377
f 4670 4702 5
f 5292 4708 6152
f 5292 6152 6991
f 3860 3073 4702
f 4670 5 4708
f 4708 5 3038
f 887 6834 5639
f 887 5639 791
f 791 5639 3860
f 791 3860 4702
f 2490 6834 887
f 887 791 1030
f 2490 4157 6425
f 4364 2388 744
f 2662 2040 1274
f 2808 3677 50
f 818 3677 2808
f 4009 3677 818
f 5152 1444 818
f 1444 4009 818
f 1952 6990 5152
f 4945 6990 1952
f 4056 6990 4945
f 3019 4056 4945
f 6911 3019 4945
f 2017 1327 569
f 5402 2423 4500
f 2423 6490 4500
f 6490 3665 4003
f 6368 6261 286
f 3665 908 3935
f 3739 3935 1609
f 5598 5594 3478
f 1239 5594 5598
f 1063 2800 6988
f 1063 6988 3478
f 6988 4661 3478
f 4154 4711 3687
f 5348 2202 6086
f 5348 6086 682
f 4911 3779 3775
f 2800 3779 6988
f 2202 5348 4911
f 2025 4443 4163
f 2593 1686 5870
f 6963 1190 6201
f 2309 2535 5017
f 6448 2309 839
f 2514 4788 1177
f 283 2514 1177
f 2757 4724 4068
f 4068 445 1262
f 445 622 1795
f 4226 1737 904
f 4936 1795 622
f 3799 2696 3885
f 1503 2557 2586
f 1503 6307 2557
f 3142 2557 6307
f 5425 6918 2696
f 3998 3142 1442
f 3846 3082 3998
f 1344 3249 1004
f 3249 1344 1370
f 4016 1370 1344
f 426 589 2475
f 3151 426 2475
f 559 1536 5163
f 3766 2114 940
f 1536 3766 940
f 1034 1738 3224
f 2114 31 940
f 1257 3503 6041
f 3674 3529 31
f 1095 3431 3529
f 827 3431 1095
f 4695 3608 1257
f 4968 4716 6641
f 6544 4968 6641
f 2916 1378 2508
f 2916 3004 1378
f 3758 6465 4194
f 1378 2820 3837
f 2820 3247 3837
f 6270 6696 4555
f 4555 6696 3758
f 3247 2820 4504
f 3031 3247 4504
f 3247 3031 1884
f 977 1884 3031
f 2260 7290 2522
f 3438 1884 977
f 1145 3438 977
f 1389 4264 7331
f 3438 7184 1993
f 2618 1389 7167
f 2727 1993 7184
f 7167 6528 2618
f 6528 1143 2618
f 2615 1815 6471
f 2727 1815 2615
f 6471 1815 1794
f 1143 6519 3691
f 4165 1794 1815
f 4165 1815 7131
f 7131 1815 2727
f 3950 5557 2074
f 2200 5375 4165
f 5557 6065 2765
f 6065 3137 2082
f 5375 2200 6800
f 2200 4165 5370
f 3706 4258 880
f 1991 2082 7288
f 1991 1619 2082
f 5351 3934 3751
f 3751 5033 5351
f 6145 6008 2285
f 2285 6008 3967
f 6800 489 4125
f 1617 4915 4258
f 1617 4258 3706
f 489 6800 5504
f 5105 5168 6145
f 5504 3918 489
f 1073 5366 4915
f 6068 7029 3632
f 3447 3632 4985
f 1563 5378 4229
f 1563 3918 5504
f 5105 2905 910
f 910 2905 2839
f 1664 1525 3232
f 5470 5934 510
f 1786 5470 5082
f 5934 5470 1786
f 1525 5384 4385
f 1664 3232 1347
f 4229 5378 3884
f 2072 4229 3884
f 1786 1275 1909
f 5082 1275 1786
f 5591 3086 857
f 1275 6314 1909
f 4646 5666 4347
f 3549 5666 4646
f 1881 6259 606
f 606 566 1881
f 6035 400 5643
f 6355 400 6249
f 78 4347 5666
f 5666 6377 78
f 3109 627 4614
f 4614 3700 3109
f 6152 3174 2570
f 78 6152 2570
f 3073 3860 3417
f 4708 3174 6152
f 4702 3073 2137
f 4702 2137 5
f 5 2137 3038
f 4708 3038 3174
f 6834 775 5780
f 6834 5780 5639
f 5517 303 302
f 2490 775 6834
f 6425 775 2490
f 7314 4267 2735
f 2565 2184 744
f 744 2184 6425
f 744 6425 4157
f 4273 7314 2735
f 1274 7314 4273
f 2388 2565 744
f 2388 7318 2565
f 1274 4273 2489
f 3521 7318 2388
f 7318 3521 2447
f 2662 1274 2489
f 4782 2447 3521
f 50 4782 3521
f 6044 2040 2662
f 3677 1067 4782
f 3677 4782 50
f 567 5000 7249
f 1444 122 4009
f 1444 1879 122
f 5152 1879 1444
f 730 7249 3454
f 6990 1879 5152
f 4056 3812 1879
f 4056 1879 6990
f 569 4845 6685
f 6685 2017 569
f 5128 3812 4056
f 5128 4056 4508
f 4508 4056 3019
f 1327 6797 7134
f 5402 7051 5128
f 5402 4500 7051
f 5402 5128 4508
f 7099 6368 3484
f 3935 4003 3665
f 6261 6782 6393
f 2193 1540 3243
f 4516 1540 2193
f 3159 6478 3687
f 3478 6207 5598
f 3478 4661 375
f 3478 375 6207
f 4944 2593 4893
f 1535 4893 196
f 6903 1535 196
f 5313 2309 5017
f 7353 2314 6503
f 2309 5313 839
f 5724 2314 7353
f 4788 2514 5724
f 7059 4787 5106
f 2757 4118 4724
f 205 2757 4068
f 205 4068 1262
f 1795 1262 445
f 3799 2867 904
f 3799 3885 2867
f 7070 6590 4936
f 3721 7070 2586
f 2586 2557 3721
f 7337 2696 3799
f 7337 5425 2696
f 3142 7222 2557
f 3998 3082 1138
f 1004 1138 3082
f 3249 1138 1004
f 4016 589 3756
f 1536 559 3766
f 1738 1128 3224
f 3766 1385 2114
f 1959 2114 1385
f 2114 1959 31
f 3529 3674 1095
f 827 5587 3431
f 6976 5587 827
f 6976 1792 3568
f 3568 4408 7217
f 4408 2916 7217
f 2916 4408 6884
f 6465 4968 6544
f 6884 3004 2916
f 1623 1378 3004
f 2820 1378 1623
f 61 3758 6696
f 4504 3915 3031
f 2260 580 7290
f 1145 977 3031
f 6063 3438 1145
f 3438 6063 7184
f 2618 5754 1389
f 2727 7184 3122
f 7131 2727 3122
f 2082 6463 6065
f 6065 6463 2765
f 2200 5370 1840
f 5370 4165 7131
f 4146 2765 6463
f 541 5370 7131
f 880 2776 6378
f 1840 5370 541
f 6378 3706 880
f 1991 3967 5316
f 3967 6008 5316
f 2200 2313 6800
f 2200 1840 2313
f 1073 4915 1617
f 6145 5168 6008
f 6612 6986 6969
f 6800 4464 5504
f 4464 6800 2313
f 3632 2301 4985
f 7029 5304 3632
f 510 5934 7029
f 510 7029 6068
f 4464 1563 5504
f 1073 6259 5366
f 6259 1881 5366
f 1753 1909 5356
f 1909 1753 1786
f 1525 6649 5384
f 56 7136 2072
f 56 2072 3884
f 6210 4612 5356
f 6210 5356 1909
f 4462 5384 6649
f 6649 1525 1664
f 3549 4646 4612
f 3549 4612 6210
f 4853 3633 6767
f 4347 343 4646
f 4274 6204 1621
f 6204 5010 1621
f 4853 6035 5643
f 4853 6767 6035
f 78 3195 4347
f 400 6035 6249
f 2177 6035 6767
f 6355 6249 712
f 627 3109 566
f 1040 3318 712
f 1040 712 4177
f 2570 3195 78
f 4887 3417 6053
f 6050 3417 3692
f 3038 6164 948
f 3174 948 2570
f 5780 6038 6053
f 3073 3417 6050
f 3073 6050 2137
f 2137 6050 6164
f 2137 6164 3038
f 3038 948 3174
f 3700 4614 3380
f 3700 3380 302
f 5780 6391 6038
f 3860 6053 3417
f 5639 5780 6053
f 5639 6053 3860
f 5517 302 3380
f 3098 5780 775
f 3098 6391 5780
f 775 742 3098
f 5517 2735 303
f 2735 4267 303
f 6425 742 775
f 2184 742 6425
f 4041 2184 2565
f 7318 2447 4041
f 7318 4041 2565
f 4775 2447 4782
f 4775 5539 2447
f 778 6044 3819
f 1067 1968 6885
f 1968 1067 3677
f 3677 4009 1968
f 3812 122 1879
f 3454 6685 730
f 730 6685 4845
f 5128 7051 6623
f 5128 6623 3812
f 2017 6797 1327
f 7134 7099 3484
f 6490 4003 4500
f 6248 6261 6368
f 6782 6261 3088
f 714 4003 3935
f 6782 5799 3444
f 3739 5091 3935
f 1239 1056 3739
f 6478 4154 3687
f 6207 1239 5598
f 4711 682 6086
f 4661 6988 3779
f 4661 329 375
f 978 4443 2025
f 1686 978 2025
f 2593 81 1686
f 4893 1535 4944
f 3536 5017 2535
f 4443 3536 2535
f 3399 2314 5724
f 2514 3399 5724
f 839 6955 6448
f 6448 6955 6633
f 5714 320 453
f 5837 6448 6633
f 6633 916 1737
f 1737 916 2089
f 2089 904 1737
f 7070 3721 6590
f 6590 3721 5393
f 3998 3186 3142
f 1138 3294 3998
f 4016 3756 1370
f 1257 4253 3503
f 1959 3674 31
f 1095 648 827
f 4776 1257 3608
f 827 5359 6976
f 4716 4806 3608
f 1792 4408 3568
f 4968 5271 4716
f 4716 5271 4806
f 7016 5271 4968
f 6465 7016 4968
f 3256 7016 6465
f 2820 1623 4504
f 580 6270 7290
f 3031 3915 428
f 3031 428 1145
f 1145 428 3059
f 5715 1145 3059
f 5715 3059 1875
f 1389 5754 4264
f 6063 1145 5715
f 755 6063 5715
f 6063 755 7184
f 755 1328 7184
f 1328 755 5715
f 2563 2618 1143
f 1328 3122 7184
f 5715 4789 1328
f 6585 3122 1328
f 1143 3691 6345
f 3122 2622 7131
f 6345 3691 3934
f 2622 541 7131
f 2622 3122 6585
f 2074 4656 2776
f 4656 2074 5557
f 3379 2622 6585
f 4513 1840 541
f 4656 6378 2776
f 1475 6378 4656
f 19 6463 2082
f 2082 1619 19
f 1065 1713 5033
f 5033 1713 5351
f 6378 1475 3706
f 5316 5645 1991
f 1991 5645 1619
f 666 4513 541
f 3706 1475 1617
f 1840 5352 2313
f 1840 4513 5352
f 6986 6612 2898
f 5476 5304 7029
f 5168 5105 7050
f 2313 3671 4464
f 5213 2313 5352
f 5476 7029 5934
f 5213 3671 2313
f 5222 5105 910
f 5222 910 3086
f 4464 3152 1563
f 3152 4464 3671
f 7348 5222 3086
f 900 3086 5591
f 3314 5378 1563
f 3314 1563 3152
f 5213 3152 3671
f 1786 1753 2691
f 4612 2472 6746
f 4612 6746 5356
f 1347 4827 1664
f 7136 4827 1347
f 7136 56 4827
f 3884 5378 7213
f 4646 343 2472
f 4646 2472 4612
f 3195 1982 343
f 3195 343 4347
f 6971 6649 1664
f 3195 997 1982
f 4493 5591 4274
f 3633 6318 6767
f 3729 6318 3633
f 6318 3729 4462
f 4462 3729 5384
f 4493 4274 1621
f 4887 72 3541
f 4887 3541 5800
f 2570 997 3195
f 606 627 566
f 488 5010 2667
f 2667 1040 488
f 3318 1040 2667
f 6318 2177 6767
f 1160 488 1040
f 4177 1160 1040
f 712 123 4177
f 6249 123 712
f 2598 997 948
f 948 997 2570
f 6038 457 72
f 6038 72 4887
f 6038 4887 6053
f 3417 266 3692
f 6164 2598 948
f 3417 4887 266
f 6050 3692 3511
f 6050 3511 6164
f 1368 457 6038
f 6391 1368 6038
f 6391 287 1368
f 3098 287 6391
f 2530 7351 287
f 742 287 3098
f 2530 287 742
f 2735 5517 2069
f 4041 7007 2530
f 4041 2530 2184
f 2184 2530 742
f 6921 4273 2735
f 1248 4273 6921
f 2447 7007 4041
f 5539 6407 7007
f 5539 7007 2447
f 2489 4273 1248
f 4775 2568 5539
f 6885 2568 4775
f 6885 4775 1067
f 1067 4775 4782
f 738 2568 6885
f 6885 4717 738
f 7032 778 3819
f 1968 4717 6885
f 4996 4717 1968
f 7032 6920 567
f 567 6920 5000
f 1968 6027 4996
f 4009 6027 1968
f 122 6027 4009
f 122 6194 6027
f 3454 1210 6685
f 3812 6623 6194
f 3812 6194 122
f 6248 6368 7099
f 3935 5091 714
f 1056 5091 3739
f 1056 1239 3244
f 1239 733 3244
f 6207 733 1239
f 3111 375 329
f 5348 5841 4911
f 4911 5841 3779
f 3779 2730 4661
f 4661 2730 329
f 2314 6963 6503
f 3399 1287 2314
f 5751 283 320
f 4118 7059 5106
f 6238 205 1262
f 6298 904 2089
f 4936 6590 1795
f 6298 3799 904
f 6855 1795 6590
f 6590 5393 6855
f 5951 5393 3721
f 7337 3799 6298
f 2623 5951 3721
f 2623 3721 2557
f 6060 5425 7337
f 7222 1569 2557
f 3998 3294 3186
f 3249 774 1138
f 7137 6845 5425
f 5610 1370 3756
f 7137 559 6845
f 5119 559 7137
f 4203 589 426
f 4203 426 3371
f 3151 4033 426
f 3766 559 2320
f 3224 5949 4033
f 6041 1788 1738
f 1788 1128 1738
f 6139 1959 1385
f 648 2419 827
f 2419 5359 827
f 4806 4776 3608
f 153 1792 5359
f 5359 1792 6976
f 3758 3256 6465
f 3256 3758 61
f 580 6696 6270
f 515 428 3915
f 2260 637 3393
f 637 2260 4264
f 4789 5715 1875
f 5113 1328 4789
f 5113 6585 1328
f 4931 6585 5113
f 2582 6585 4931
f 5351 3285 3934
f 5557 3797 4656
f 2765 3797 5557
f 6585 2582 3379
f 2582 6255 3379
f 1068 2582 4931
f 6255 2582 1068
f 2400 4656 3797
f 1475 4656 2400
f 19 4146 6463
f 541 5183 666
f 2622 5183 541
f 2622 3379 5183
f 1068 4931 1899
f 666 5183 3085
f 3085 5183 5065
f 5065 5183 3379
f 5065 3379 6255
f 5065 6255 7091
f 7091 6255 1068
f 1068 1899 987
f 3411 5352 4513
f 3411 4513 666
f 3411 666 1472
f 666 3085 1472
f 599 3085 1562
f 1562 3085 5065
f 1562 5065 7091
f 987 7091 1068
f 5476 4124 5304
f 460 5304 4124
f 460 6419 5304
f 5304 6419 3632
f 3632 6419 2301
f 2301 1526 4985
f 3753 6612 4985
f 1526 3753 4985
f 2898 6612 3753
f 1221 1617 1475
f 1221 1475 1845
f 6008 5168 5316
f 6134 3411 1472
f 1472 3085 599
f 6243 5352 3411
f 6134 1472 3737
f 3737 1472 599
f 5414 1562 1148
f 5476 5934 611
f 5352 6243 5213
f 6134 6243 3411
f 599 5503 3737
f 599 1562 4215
f 1562 7091 1148
f 1148 7091 987
f 1148 987 2179
f 5934 2691 611
f 5934 1786 2691
f 1221 1073 1617
f 5222 7050 5105
f 5503 599 4215
f 4215 1562 5414
f 2179 6812 2749
f 568 5356 6746
f 2691 1753 568
f 3086 900 7348
f 4908 5503 4215
f 5414 1148 4135
f 4561 5589 2472
f 5356 568 1753
f 3314 7213 5378
f 5213 6243 5773
f 7031 4908 4215
f 5056 4215 5414
f 164 5414 4135
f 5056 5414 164
f 4135 1148 2179
f 4135 2179 2749
f 343 1982 4561
f 343 4561 2472
f 1073 1221 6259
f 911 7213 3314
f 911 3314 3152
f 3016 3152 5213
f 3016 5213 5773
f 631 5773 6243
f 7031 4215 5056
f 5056 164 3541
f 4135 2749 2635
f 3884 7213 1384
f 911 3152 3016
f 4135 2635 6880
f 1664 4827 6971
f 3884 1384 56
f 3541 7031 5056
f 5800 164 4135
f 3541 164 5800
f 997 186 1982
f 3246 6971 4827
f 5230 1384 7213
f 5800 4135 6880
f 2598 186 997
f 2598 5601 186
f 798 4493 1621
f 6318 4462 5758
f 2171 4462 6649
f 6649 448 2171
f 448 6649 6971
f 4887 5800 266
f 266 5800 6880
f 3511 5016 5601
f 5010 2952 1621
f 488 2952 5010
f 3628 4462 2171
f 4698 4908 7031
f 266 6880 578
f 266 578 3692
f 3692 578 6630
f 3511 6630 5016
f 6164 5601 2598
f 6035 4474 6249
f 6035 2177 4474
f 2177 6318 6983
f 6983 6318 5758
f 72 4698 7031
f 72 7031 3541
f 3692 6630 3511
f 6164 3511 5601
f 4177 2378 4687
f 123 6249 6394
f 4474 6394 6249
f 2378 4177 123
f 5202 4698 457
f 457 4698 72
f 287 457 1368
f 5145 1673 5202
f 5145 5202 457
f 1431 3380 4614
f 287 5145 457
f 3380 140 5517
f 5517 140 2069
f 7351 308 1673
f 5145 7351 1673
f 7351 5145 287
f 7351 608 308
f 608 7351 2530
f 1705 2853 608
f 1705 608 2530
f 2853 1705 4864
f 7007 1705 2530
f 2069 6921 2735
f 6407 5416 1705
f 7007 6407 1705
f 646 5416 6407
f 2568 646 5539
f 5539 646 6407
f 646 3604 5416
f 4786 2662 2489
f 4786 6044 2662
f 2568 3604 646
f 2568 2404 3604
f 738 2404 2568
f 2241 7032 3819
f 6920 7032 2241
f 3974 7249 5000
f 7249 3974 3454
f 6194 623 6027
f 6194 4171 5018
f 6623 4171 6194
f 3406 6685 1210
f 6685 3406 2017
f 5707 2017 3406
f 7051 4156 4171
f 7051 4171 6623
f 6742 4156 7051
f 7051 4500 6742
f 7099 7134 6797
f 2585 4500 4003
f 6742 4500 2585
f 4003 714 2639
f 6782 7043 5799
f 1540 4324 3786
f 4324 3159 3786
f 4711 4154 682
f 3111 733 6207
f 375 3111 6207
f 514 5348 682
f 3111 329 6424
f 5348 514 5841
f 5841 2730 3779
f 329 2730 6424
f 4944 81 2593
f 6903 1932 1535
f 2117 6903 1190
f 6963 2117 1190
f 5751 3399 2514
f 5751 2514 283
f 5714 5382 320
f 4787 7059 5714
f 205 4118 2757
f 6202 6238 1262
f 1795 6202 1262
f 6060 7337 6336
f 3142 3186 7222
f 1138 774 3294
f 1370 5610 2403
f 4203 3756 589
f 559 5119 2320
f 4033 3371 426
f 5949 3371 4033
f 1128 5949 3224
f 3766 2320 2297
f 3674 1959 246
f 1095 3674 246
f 246 648 1095
f 1257 4776 4253
f 1283 4408 153
f 153 4408 1792
f 6884 4408 1283
f 3004 6884 7354
f 7016 1604 5271
f 3004 856 1623
f 3004 7354 856
f 7016 3256 1864
f 1623 856 79
f 6696 2821 61
f 79 4504 1623
f 79 3915 4504
f 580 2821 6696
f 1675 2821 580
f 580 3393 1675
f 4740 428 515
f 2260 3393 580
f 4740 3059 428
f 4740 4844 3059
f 3059 4844 1875
f 637 4264 5754
f 2618 2563 5754
f 5754 2563 6360
f 4789 1875 1510
f 4789 1510 5113
f 1143 4487 2563
f 6345 4487 1143
f 3934 3285 6345
f 6616 4931 5113
f 4146 5339 2765
f 4931 6616 1899
f 2904 2400 3797
f 2904 3797 2765
f 2904 5339 4394
f 2765 5339 2904
f 5924 5339 4146
f 5924 4146 19
f 1065 6986 1713
f 6986 4973 1713
f 1764 2400 2904
f 1619 5924 19
f 6176 5924 1619
f 1619 5645 6176
f 6812 987 5854
f 5854 987 1899
f 2400 1764 1475
f 6419 6781 2301
f 1845 1475 1764
f 1845 2863 1221
f 2926 5168 7050
f 3737 4854 6134
f 6812 2179 987
f 568 2369 5174
f 568 5174 2691
f 2691 5174 2345
f 2691 2345 611
f 7050 5475 2926
f 6134 4854 631
f 1888 4854 3737
f 2749 6812 5451
f 4561 2375 5589
f 2375 1136 5589
f 2472 5589 6746
f 6746 5589 4984
f 6746 4984 568
f 568 4984 2369
f 5222 5475 7050
f 7348 2787 5222
f 5222 2787 5475
f 6134 631 6243
f 1888 631 4854
f 3968 1888 3737
f 3391 1888 3968
f 3968 3737 5503
f 2635 2749 5451
f 186 4550 6260
f 1982 6260 2375
f 1982 2375 4561
f 3361 1221 2863
f 1982 186 6260
f 3361 6259 1221
f 631 4276 5773
f 5773 4276 2909
f 6880 2635 1944
f 911 131 4710
f 3016 2909 911
f 911 2909 131
f 5773 2909 3016
f 826 4276 631
f 826 631 1888
f 3968 5503 4908
f 6880 1944 578
f 5016 7139 5440
f 5601 5016 4550
f 5601 4550 186
f 900 5591 4493
f 911 3333 7213
f 1575 4710 131
f 4681 131 2909
f 4681 2909 4276
f 6630 7139 5016
f 7213 3333 5230
f 4710 3333 911
f 6365 131 4681
f 1575 131 6365
f 4869 4681 4276
f 4869 4276 826
f 606 6259 5009
f 606 5009 627
f 6971 3246 448
f 4827 56 3246
f 1016 4681 4869
f 826 1888 3391
f 4462 3628 5758
f 2171 448 2750
f 2750 448 3246
f 6999 3246 5879
f 5879 3246 56
f 5879 56 1384
f 4681 1016 2763
f 4869 826 5900
f 5900 826 3391
f 301 3391 3968
f 798 1621 2952
f 301 3968 4908
f 4687 1160 4177
f 5677 5758 3628
f 5677 3628 2171
f 2763 1016 899
f 1016 4869 407
f 123 6394 2378
f 7178 6983 5758
f 185 2763 899
f 301 5900 3391
f 301 4908 4698
f 407 4869 5900
f 1673 4698 5202
f 899 1016 407
f 5629 5900 301
f 407 5900 5629
f 1673 5629 301
f 1673 301 4698
f 140 3380 1431
f 817 185 2715
f 2715 185 899
f 3036 899 407
f 5659 407 5629
f 5659 5629 1673
f 2715 899 3036
f 371 3036 407
f 371 407 5659
f 308 5659 1673
f 2715 3562 817
f 308 371 5659
f 2715 3036 371
f 2853 371 308
f 3562 6854 1291
f 5490 3562 2715
f 5490 2715 371
f 5490 371 2853
f 2853 308 608
f 6854 3562 5490
f 6854 5490 4864
f 4864 5490 2853
f 4942 6921 2069
f 1953 4864 5416
f 1953 6854 4864
f 5416 4864 1705
f 2344 6854 1953
f 1248 6921 4942
f 1953 5416 3604
f 3604 2404 17
f 3604 17 1953
f 738 6516 2404
f 6516 738 4717
f 623 114 6027
f 114 4996 6027
f 6194 5018 623
f 5707 6797 2017
f 7099 6797 192
f 2585 4003 2639
f 2639 714 3296
f 6782 3088 2503
f 714 5091 3296
f 3444 4516 2193
f 3372 1056 3244
f 4516 2682 1540
f 5618 3244 733
f 6424 2730 3056
f 81 978 1686
f 3536 4443 4405
f 5017 909 5313
f 909 5017 3536
f 1287 5172 2314
f 6410 3399 5751
f 5382 6410 5751
f 5382 5751 320
f 916 6633 6955
f 2089 916 4057
f 6855 6202 1795
f 3426 6202 6855
f 6336 7337 6298
f 5393 5951 5241
f 2175 5241 5951
f 2175 5951 2623
f 2557 1569 2623
f 1569 7222 5708
f 7222 3186 5708
f 5979 5425 6060
f 3249 5437 774
f 1370 2403 3249
f 5437 3249 2403
f 5610 2084 2403
f 5610 6383 2084
f 3371 2513 4203
f 1788 5949 1128
f 2297 1385 3766
f 3503 1788 6041
f 3503 4253 4179
f 699 1959 6139
f 699 246 1959
f 246 2646 648
f 5654 4776 4806
f 4723 1283 153
f 1390 4806 5271
f 3114 1390 5271
f 6884 1283 7354
f 3114 5271 1604
f 1864 1604 7016
f 61 1864 3256
f 2821 2790 61
f 4423 3915 79
f 4423 515 3915
f 2821 1675 6541
f 515 586 4740
f 4740 586 4844
f 637 5754 5729
f 1875 4844 1510
f 5754 6360 5729
f 6360 2563 2451
f 2563 4487 2451
f 6345 2219 4487
f 1564 5113 1510
f 1564 6616 5113
f 3525 6616 1564
f 1693 6616 3525
f 5854 1899 1693
f 1693 1899 6616
f 6781 6419 2026
f 6986 2898 4973
f 598 4394 5339
f 6176 7130 5924
f 5316 6176 5645
f 1526 2301 6781
f 5316 2926 6176
f 5168 2926 5316
f 6812 1282 5451
f 6260 657 5207
f 6260 5207 2375
f 2375 5207 1136
f 5589 1136 6268
f 5589 6268 4984
f 4984 6268 3834
f 1845 1764 6523
f 5440 2798 1532
f 5440 1532 657
f 5451 1944 2635
f 1944 6379 7139
f 5440 7139 2798
f 4550 5440 657
f 4550 657 6260
f 572 2926 5475
f 5016 5440 4550
f 2863 1845 1240
f 578 1944 6630
f 6630 1944 7139
f 1574 3361 2863
f 2863 1240 1574
f 496 6259 3361
f 3361 1574 496
f 496 5009 6259
f 4681 2763 6365
f 2171 2750 3605
f 3246 4741 2750
f 3246 6999 4741
f 5879 5483 6999
f 5230 5879 1384
f 5230 3333 493
f 3333 4710 493
f 6587 4710 1575
f 5498 798 2952
f 488 2349 2952
f 2171 3605 5677
f 2349 488 1160
f 5677 7178 5758
f 2756 2750 4741
f 5483 5879 3136
f 4474 2177 6983
f 4474 6983 7178
f 5692 2378 6394
f 3404 2763 185
f 4614 627 5838
f 6148 185 817
f 5744 6148 817
f 5744 817 3562
f 1976 2069 140
f 3562 1291 5744
f 2344 1291 6854
f 4942 2489 1248
f 1401 2489 4942
f 17 2344 1953
f 3819 6044 4786
f 2404 1505 17
f 6516 1505 2404
f 4996 6516 4717
f 114 6193 4996
f 6920 3974 5000
f 4963 114 623
f 4171 4640 5018
f 5043 4640 4156
f 4156 4640 4171
f 5707 192 6797
f 2585 4471 1901
f 6742 1901 5043
f 6742 5043 4156
f 2585 1901 6742
f 192 4045 7099
f 6248 7099 4045
f 5823 3088 6248
f 6248 3088 6261
f 2503 7043 6782
f 3444 5799 4516
f 3372 5091 1056
f 279 2682 4516
f 5618 178 3244
f 733 3111 5618
f 5618 3111 7011
f 6424 3056 7011
f 3111 6424 7011
f 7021 3056 5841
f 5841 3056 2730
f 4443 978 4405
f 5172 2117 6963
f 5172 6963 2314
f 1000 1287 3399
f 1000 3399 6410
f 2948 6410 5382
f 5714 2948 5382
f 4057 916 590
f 2395 7059 4118
f 5241 6855 5393
f 2623 1569 2175
f 3186 3294 2652
f 2167 5979 6060
f 2652 3294 774
f 2403 2084 5437
f 5610 3756 6383
f 4203 967 3756
f 2513 967 4203
f 3371 3699 2513
f 5949 3699 3371
f 5119 2297 2320
f 1788 6234 5949
f 3503 3944 1788
f 4253 3160 4179
f 699 2646 246
f 2419 648 2646
f 4253 4776 4574
f 153 5359 4940
f 4940 5359 2419
f 1390 5654 4806
f 1864 61 2790
f 4546 79 856
f 4546 4423 79
f 2821 6541 2790
f 4423 586 515
f 4423 7173 586
f 3999 586 7173
f 4844 586 3999
f 637 4849 3393
f 637 5729 5029
f 4844 3999 1942
f 1510 4844 1942
f 2219 6306 4487
f 2219 6345 3285
f 5351 4064 3285
f 5854 1693 1581
f 1581 1693 3525
f 5854 1581 6950
f 4064 5351 1713
f 1282 5854 6950
f 1282 6812 5854
f 1039 2026 687
f 5924 7130 5339
f 6642 6895 3010
f 611 4124 5476
f 7106 4124 611
f 4124 687 460
f 460 687 2026
f 460 2026 6419
f 1526 6329 3753
f 2898 3753 6329
f 4394 1764 2904
f 1282 6950 6356
f 6402 2798 6379
f 2798 6402 771
f 657 1532 5207
f 5207 1532 4312
f 5207 4312 1136
f 1136 4312 6895
f 1136 6895 6268
f 6268 6895 6642
f 6268 6642 2670
f 2369 1318 5174
f 5174 1318 2054
f 5174 2054 2345
f 2345 2054 7106
f 2345 7106 611
f 6724 1764 4394
f 1532 2798 771
f 6268 2670 3834
f 4984 3834 1318
f 4984 1318 2369
f 7130 6176 3277
f 6176 690 5622
f 5451 1282 6356
f 5451 6356 1944
f 690 6176 2926
f 6356 6379 1944
f 7139 6379 2798
f 3277 6176 5622
f 6523 1240 1845
f 1240 3962 1574
f 572 5475 2787
f 2065 7348 900
f 1499 1574 3962
f 4493 2065 900
f 1499 496 1574
f 1499 5009 496
f 1499 5776 5009
f 2065 4493 798
f 5009 5776 627
f 4710 6587 493
f 1575 867 6587
f 6365 867 1575
f 4198 2065 798
f 5498 4198 798
f 3136 5879 5230
f 6668 627 5776
f 5498 2952 2349
f 6999 5519 4741
f 5483 6679 6999
f 3136 6679 5483
f 3136 5230 493
f 2763 867 6365
f 5677 788 7178
f 5790 3605 2750
f 5790 2750 2756
f 5519 6999 6679
f 938 3136 493
f 938 493 6587
f 3100 6587 867
f 3100 867 3229
f 2763 3404 867
f 5838 627 6668
f 5692 383 2378
f 2174 4474 7178
f 788 5677 3605
f 2756 4741 5519
f 3404 3229 867
f 383 4687 2378
f 5733 383 5692
f 5692 6394 4474
f 5692 4474 2174
f 788 2174 7178
f 6148 3404 185
f 2424 140 150
f 150 140 1431
f 2424 1976 140
f 5744 1291 2526
f 2344 2526 1291
f 4786 2489 1401
f 2344 6007 2526
f 6007 17 1998
f 17 6007 2344
f 17 1079 1998
f 3980 1079 1505
f 1505 1079 17
f 2241 3819 6798
f 6516 3980 1505
f 4996 6193 6516
f 6193 3980 6516
f 6193 6760 3980
f 114 2595 6193
f 4963 2595 114
f 3974 1210 3454
f 5018 3876 4963
f 5018 4963 623
f 3406 1210 6942
f 3406 6942 2
f 5018 4640 3876
f 5707 3406 2
f 192 5707 2
f 2639 4471 2585
f 4045 5823 6248
f 3296 5653 2639
f 3441 3296 5091
f 4930 7043 2503
f 3441 5091 3372
f 5799 279 4516
f 1540 2682 4324
f 3244 178 3372
f 4324 6478 3159
f 6478 2142 4154
f 7011 1663 5618
f 4154 4725 682
f 7011 3056 713
f 682 4725 514
f 4725 5803 514
f 5803 5303 514
f 5303 7021 514
f 5841 514 7021
f 4260 3536 4405
f 839 5313 5880
f 5313 909 5880
f 839 1771 6955
f 1771 839 5880
f 6410 5258 1000
f 2948 5258 6410
f 590 916 6955
f 7059 2948 5714
f 2362 4118 205
f 6238 2362 205
f 6621 6298 2089
f 6621 2089 4057
f 6298 6621 6336
f 5241 3426 6855
f 2651 1569 5708
f 5437 743 774
f 2084 2491 5437
f 5425 5979 7137
f 3090 2084 6383
f 967 6383 3756
f 3699 3048 2513
f 7141 3699 5949
f 1806 1385 2297
f 1806 4527 1385
f 7361 6139 4527
f 4527 6139 1385
f 3503 4179 3944
f 699 6139 7361
f 6203 2419 2646
f 4253 4574 3160
f 2419 6203 4940
f 4940 2989 4723
f 4723 153 4940
f 1283 309 7354
f 1604 1969 3114
f 233 856 7354
f 1604 1864 1969
f 1864 2790 6237
f 6837 4423 4546
f 6541 6237 2790
f 6837 7173 4423
f 1675 2553 6541
f 2553 1675 3393
f 2553 3393 4849
f 637 5029 4849
f 3999 5433 1942
f 6360 4507 5729
f 1510 1942 2178
f 2451 4507 6360
f 2451 4487 4507
f 4487 6306 4507
f 1510 2178 1564
f 3742 6306 2219
f 3525 7140 1581
f 2219 3285 1557
f 6830 1945 6950
f 1713 4973 4064
f 6356 6950 1945
f 6895 1951 3010
f 6356 1945 6402
f 6402 1945 771
f 1532 771 5717
f 1532 5717 4312
f 4312 5717 1951
f 4312 1951 6895
f 876 7075 3044
f 492 4124 7106
f 492 687 4124
f 492 6433 687
f 6433 1039 687
f 2670 6642 4919
f 2670 4919 3834
f 3834 4919 7075
f 3834 7075 1318
f 1318 7075 876
f 1318 876 2054
f 2054 876 7106
f 6781 2109 1526
f 2109 6329 1526
f 7130 598 5339
f 6379 6356 6402
f 5796 4394 598
f 6724 4394 5796
f 3298 598 7130
f 5796 598 3298
f 6724 6523 1764
f 2499 5622 690
f 690 2926 572
f 7348 2065 2787
f 4328 690 572
f 572 2787 2705
f 6131 3962 1240
f 5498 985 4198
f 6587 3100 938
f 2349 1160 2029
f 5519 4129 2756
f 6679 2465 5519
f 938 6679 3136
f 2029 1160 2057
f 1160 4687 2057
f 5733 4164 383
f 5692 4865 5733
f 2174 4865 5692
f 2174 788 4865
f 3605 5790 2342
f 5171 5790 2756
f 5171 2756 3020
f 5519 1435 4129
f 5573 2465 6679
f 2537 938 3100
f 4631 3100 3229
f 1431 4614 5838
f 2342 788 3605
f 1435 5519 2465
f 2537 6679 938
f 4631 2537 3100
f 5573 6679 2537
f 5838 150 1431
f 6148 3229 3404
f 5401 4345 3229
f 5401 3229 6148
f 4942 2069 1976
f 2526 6148 5744
f 2222 5401 6148
f 2526 2222 6148
f 2526 6007 2222
f 6007 3535 2222
f 1998 3535 6007
f 1079 3535 1998
f 3535 6460 972
f 6460 3535 1079
f 6460 1079 6760
f 6760 1079 3980
f 3819 4786 6798
f 6193 319 6760
f 366 6920 2241
f 319 6193 2595
f 3974 6920 366
f 2 6942 5990
f 5823 2503 3088
f 5653 3296 7321
f 4930 692 7043
f 1445 3441 3372
f 7043 692 5799
f 1445 3372 178
f 643 279 5799
f 6478 5901 2142
f 178 5618 1663
f 4154 2142 7164
f 1663 7011 713
f 7164 4725 4154
f 7021 2884 3056
f 713 3056 2884
f 5172 5648 2117
f 1287 1000 4659
f 5258 4659 1000
f 590 6955 1771
f 4004 4057 590
f 6621 4057 4004
f 2175 1569 963
f 2651 963 1569
f 2651 5708 3186
f 3186 2652 2651
f 2651 2652 6862
f 2652 774 743
f 5437 2491 743
f 717 2491 2084
f 6497 6383 967
f 3699 5158 3048
f 3699 7141 5158
f 6473 2297 5119
f 1806 2297 6473
f 1806 6473 658
f 699 4904 2646
f 3160 4014 4179
f 2646 4904 6203
f 4633 3160 4574
f 4332 4940 6203
f 6203 2156 4332
f 4332 2963 2989
f 4940 4332 2989
f 5654 4574 4776
f 2963 4723 2989
f 1390 1883 5654
f 309 1283 4723
f 3114 2982 1390
f 309 233 7354
f 1864 6237 1969
f 1969 6237 680
f 856 233 4546
f 6837 4546 1677
f 6837 1677 7173
f 6541 6661 6237
f 3999 7173 71
f 3999 71 5433
f 5029 5729 6141
f 2178 1942 5433
f 5433 5343 2178
f 5729 4507 6141
f 2178 5343 1548
f 3742 4507 6306
f 1548 1564 2178
f 7140 1564 1548
f 7140 1548 5580
f 7140 5580 5681
f 1557 3742 2219
f 7140 3525 1564
f 5681 5580 494
f 1581 7140 5681
f 6830 5681 494
f 1557 3285 3685
f 6950 5681 6830
f 2762 1945 6830
f 5681 6950 1581
f 1945 2762 3485
f 771 1945 3485
f 3010 1951 6881
f 6642 3010 737
f 4697 3044 5330
f 6642 737 4919
f 4919 737 5330
f 4919 5330 7075
f 7075 5330 3044
f 876 2046 7106
f 2046 492 7106
f 492 6916 6433
f 2026 3168 6781
f 2898 4213 4973
f 6150 6523 6724
f 2604 6724 5796
f 3298 7130 3277
f 6150 1240 6523
f 1620 690 4328
f 2065 4956 2787
f 6131 1240 4554
f 4328 572 2705
f 6131 1499 3962
f 3606 5776 1499
f 985 5498 2349
f 3606 6668 5776
f 2029 2057 5478
f 6269 2342 5790
f 2756 4129 3020
f 4687 383 2057
f 4164 1696 383
f 788 2342 4865
f 6269 5790 5171
f 2465 7302 1435
f 5838 6668 3743
f 5478 2057 1696
f 1696 2057 383
f 390 4865 2342
f 390 2342 6269
f 5573 7302 2465
f 475 7302 5573
f 2424 150 3743
f 3743 150 5838
f 4631 2232 2537
f 5573 3808 475
f 3808 5573 2232
f 2232 5573 2537
f 4345 2232 4631
f 4345 4631 3229
f 3808 2232 1630
f 1630 2232 4345
f 3808 5664 5477
f 1630 5664 3808
f 5664 1630 3670
f 1630 4345 5401
f 7186 4942 1976
f 3670 1630 5401
f 3670 5401 2222
f 1401 4942 7186
f 3338 5664 3670
f 3535 3188 2222
f 3188 3670 2222
f 5664 3338 4196
f 3338 3670 3188
f 4196 3338 972
f 4196 972 6643
f 972 3338 3188
f 972 3188 3535
f 1401 6798 4786
f 6643 972 3787
f 6760 3787 6460
f 6460 3787 972
f 6020 3787 6760
f 6020 6760 319
f 319 2815 6020
f 2595 2815 319
f 2656 2815 2595
f 4963 2656 2595
f 2847 2656 4963
f 1767 1210 3974
f 6942 1210 1767
f 3876 2847 4963
f 3876 3401 2847
f 2 5990 2659
f 1162 3401 4640
f 4640 3401 3876
f 1162 4640 5043
f 5043 1901 1162
f 2 4359 192
f 5653 4471 2639
f 2503 5823 4930
f 3441 7321 3296
f 1516 692 4930
f 692 643 5799
f 279 643 1112
f 279 6627 2682
f 2682 2136 4324
f 5901 4324 2136
f 5901 6478 4324
f 713 968 1663
f 178 1663 968
f 638 7164 2142
f 4405 978 1626
f 1070 978 81
f 1070 1626 978
f 6171 81 4944
f 6171 1070 81
f 909 3536 4030
f 3536 4260 4030
f 4569 1932 6903
f 1771 5880 6676
f 5648 5172 2058
f 4520 2058 5172
f 4520 1287 4659
f 4520 5172 1287
f 1492 590 1771
f 691 5258 2948
f 7059 1728 2948
f 1728 7059 6777
f 6777 7059 2395
f 2362 2395 4118
f 1872 6238 6202
f 6962 6202 3426
f 5241 2175 4484
f 2175 963 2936
f 2951 6060 6336
f 6862 2652 743
f 2167 768 5979
f 768 7137 5979
f 717 2084 3090
f 6497 3090 6383
f 6497 967 4178
f 4178 967 2513
f 6473 5119 1800
f 2513 3048 4178
f 6234 7141 5949
f 3944 6234 1788
f 4904 699 7361
f 309 4723 2963
f 2963 2085 309
f 5654 1883 4574
f 1390 2020 1883
f 1969 2982 3114
f 1969 680 2982
f 7173 1677 2769
f 2553 6661 6541
f 71 7173 2769
f 2769 5487 71
f 5487 5433 71
f 5487 5343 5433
f 5487 2890 5343
f 5256 5343 2890
f 5256 2890 5254
f 6011 5256 5254
f 5580 1548 5343
f 5580 5343 5256
f 3483 6011 5254
f 5580 5256 6011
f 494 5580 6011
f 494 6011 4515
f 494 4515 1509
f 2762 494 1509
f 6830 494 2762
f 2762 1509 3485
f 3485 255 556
f 771 3485 5717
f 5717 3485 556
f 5717 556 1951
f 1951 556 6697
f 1951 6697 6881
f 6697 5027 6881
f 3010 6881 5027
f 3010 5027 737
f 737 5027 3110
f 737 3110 5330
f 5330 3110 4697
f 6672 6916 3104
f 876 3044 3104
f 876 3104 2046
f 2046 3104 6916
f 2046 6916 492
f 6433 292 1039
f 1039 3917 2026
f 3168 2109 6781
f 6329 4213 2898
f 2109 111 6329
f 1836 6150 6724
f 6724 2604 1836
f 6150 4554 1240
f 2604 5796 3298
f 2604 3298 2838
f 6996 3277 5622
f 1620 2499 690
f 4198 4956 2065
f 2787 4956 2705
f 4198 3580 4956
f 4001 2705 4956
f 3039 3606 1499
f 6131 3039 1499
f 3021 985 3672
f 2349 3672 985
f 1696 4368 5478
f 4865 390 5733
f 4129 3222 3020
f 4129 1435 3222
f 6668 3606 3743
f 719 6269 5171
f 719 5171 2399
f 5171 3020 2399
f 1435 7302 3222
f 5765 4368 1696
f 5114 4164 5733
f 5114 5733 390
f 838 7302 475
f 5477 475 3808
f 2424 7186 1976
f 5919 5477 5664
f 1401 7186 348
f 4196 5919 5664
f 348 6798 1401
f 2914 6798 348
f 6808 3787 6020
f 2914 2241 6798
f 2815 6808 6020
f 2656 4811 2815
f 1767 3974 366
f 2847 4811 2656
f 5990 6942 1767
f 2659 5990 2261
f 1184 1162 1901
f 2659 4359 2
f 4471 1184 1901
f 4045 192 4359
f 4359 130 4045
f 4045 130 5823
f 5823 4686 4930
f 4686 3363 4930
f 3363 1516 4930
f 643 692 1516
f 1986 1445 178
f 4336 3705 643
f 3705 1112 643
f 6627 2136 2682
f 178 968 1986
f 279 1112 7237
f 279 7237 6627
f 7237 4040 6627
f 7212 5901 2136
f 6627 4040 2136
f 2136 4040 7212
f 7212 638 5901
f 638 2142 5901
f 6351 968 713
f 625 7164 638
f 1565 709 713
f 6351 713 709
f 2884 1565 713
f 625 4725 7164
f 7021 5303 2884
f 625 2206 4725
f 4725 2206 5803
f 5803 2206 5303
f 1626 4260 4405
f 1932 6532 1535
f 4824 6676 5880
f 3698 691 2948
f 2948 1728 3698
f 6777 2395 6690
f 6690 2395 2362
f 6690 2362 1872
f 1872 2362 6238
f 1872 6202 6962
f 6962 3426 6791
f 6791 3426 6196
f 5241 6196 3426
f 4484 6196 5241
f 218 4484 2175
f 2175 2936 218
f 3723 2936 963
f 963 2651 3723
f 2167 6060 2951
f 2491 6223 743
f 717 3090 871
f 3465 871 3090
f 3465 3090 6497
f 3465 6497 1074
f 1074 6497 4178
f 7141 760 5158
f 4527 1806 658
f 3585 7361 4527
f 4179 1098 3944
f 4179 4014 1098
f 3585 4904 7361
f 6084 4904 3585
f 3160 4633 4014
f 2156 6203 4904
f 2963 6624 1637
f 3542 309 2085
f 2982 2020 1390
f 3542 233 309
f 2982 680 1776
f 5181 233 3542
f 3542 6935 5181
f 5181 4546 233
f 5181 1677 4546
f 2861 1677 5181
f 5181 6935 2861
f 2769 1677 2861
f 6661 680 6237
f 2861 6935 1364
f 1428 2769 2861
f 2861 1364 1428
f 5487 2769 1428
f 1428 1364 1164
f 1428 1164 6095
f 6095 5487 1428
f 2890 5487 6095
f 4849 4193 2553
f 5254 2890 6095
f 5254 6095 1668
f 734 3334 5029
f 3334 4849 5029
f 4849 3334 4193
f 6141 734 5029
f 3483 5254 1668
f 4515 3483 6739
f 3483 4515 6011
f 4507 3742 3733
f 1509 4515 6739
f 1509 6739 711
f 711 255 1509
f 255 711 1399
f 255 3485 1509
f 556 255 1399
f 556 1399 6697
f 6697 1399 6169
f 5027 6697 6169
f 3285 4064 3685
f 4697 3110 6313
f 6313 2316 4697
f 4697 2316 3044
f 3044 2316 6672
f 3044 6672 3104
f 6672 2081 6916
f 6916 2081 4671
f 6916 4671 6433
f 4671 2189 6433
f 4064 4973 4213
f 292 6433 2189
f 1039 292 3917
f 3917 3168 2026
f 6329 111 4213
f 2604 5320 1836
f 1836 4554 6150
f 3277 6996 3298
f 5320 2604 2838
f 2838 3298 6996
f 68 6996 5622
f 5622 2499 1620
f 4956 4873 4001
f 3580 4873 4956
f 3580 4198 3021
f 985 3021 4198
f 3039 4604 3606
f 3672 2349 2029
f 3606 4604 6914
f 4889 2029 5478
f 5478 4368 4889
f 4368 5474 4889
f 3606 6914 3743
f 3222 2399 3020
f 5474 4368 2562
f 2562 4368 5765
f 1696 6588 5765
f 6588 1696 4164
f 6588 4164 5114
f 1163 5114 390
f 390 6269 1163
f 1163 6269 719
f 6787 3222 7302
f 5477 838 475
f 5919 4052 5477
f 4196 6643 295
f 295 6643 3504
f 6808 3504 3787
f 3504 6643 3787
f 3552 2241 2914
f 2815 213 6808
f 6808 213 3504
f 2241 3552 366
f 2815 602 213
f 4811 602 2815
f 366 431 4650
f 4650 1767 366
f 1162 528 3401
f 1184 528 1162
f 5653 4544 1184
f 5653 1184 4471
f 2659 130 4359
f 4686 5823 130
f 4686 5001 3363
f 5001 2510 3363
f 1516 3363 2510
f 1445 7321 3441
f 2510 4336 1516
f 2510 529 4336
f 4336 643 1516
f 4336 529 3705
f 1445 1986 1167
f 2558 1112 3705
f 1986 968 6617
f 1112 2558 7237
f 6351 6617 968
f 3929 4040 7237
f 4040 5524 7212
f 6617 6351 709
f 7212 5524 638
f 638 5524 3515
f 3515 625 638
f 625 3515 3382
f 3382 2206 625
f 5303 2206 4938
f 6532 4944 1535
f 6532 6171 4944
f 777 6532 1932
f 4569 777 1932
f 2117 4569 6903
f 389 5880 909
f 389 4824 5880
f 6919 2117 5648
f 1492 1771 6676
f 5702 4520 4659
f 2008 5702 4659
f 691 4659 5258
f 4765 3698 1728
f 1722 1728 6777
f 1722 4765 1728
f 1722 6777 6690
f 724 6336 6621
f 5273 6962 6791
f 3003 743 6223
f 6862 743 3003
f 2491 717 1397
f 6223 2491 1397
f 717 871 1397
f 1397 871 2980
f 3067 5119 7137
f 3048 1074 4178
f 4277 1074 3048
f 5158 7182 3048
f 3048 7182 4277
f 7182 5158 760
f 3944 1098 6234
f 1098 4014 5445
f 4904 6084 2156
f 3627 4014 4633
f 2156 6084 3591
f 6624 4332 2156
f 6624 2963 4332
f 1637 2085 2963
f 5597 4574 1883
f 7123 3542 2085
f 2982 1776 2020
f 770 3542 7123
f 770 6935 3542
f 5845 4744 680
f 1776 680 4744
f 6935 770 4161
f 6661 5845 680
f 4161 1364 6935
f 6661 2553 6634
f 1668 6095 3911
f 3911 6095 1164
f 3193 2553 4193
f 3911 5100 1668
f 1668 6888 3483
f 1668 1714 6888
f 3483 6888 6739
f 6739 6888 5585
f 3733 6141 4507
f 4485 6739 5585
f 6739 4485 711
f 711 4485 1176
f 711 1176 1399
f 3742 1557 3240
f 6596 5027 6169
f 3685 3663 1557
f 1557 3663 3240
f 5027 6596 3110
f 3110 6596 6313
f 6313 6596 3446
f 6672 2316 1640
f 6672 1640 2081
f 2189 179 292
f 2865 2838 6996
f 68 6004 6996
f 4554 3039 6131
f 2865 6996 6004
f 68 5622 1205
f 1205 5622 1620
f 4001 4328 2705
f 4001 4873 4519
f 3021 4873 3580
f 3672 6779 3021
f 2029 4889 3672
f 4889 6779 3672
f 5474 2562 2959
f 2959 2562 5166
f 5765 2269 2562
f 2562 2269 5166
f 5765 6588 2269
f 7302 5195 6787
f 838 5195 7302
f 2269 6588 6147
f 6147 6588 5114
f 6147 5114 5103
f 5103 5114 1163
f 6787 2399 3222
f 2424 3743 3844
f 7186 2424 3844
f 719 2399 2225
f 4052 838 5477
f 7186 3844 1618
f 1618 348 7186
f 4196 5963 5919
f 4196 295 5963
f 213 5357 3504
f 3504 5357 295
f 3552 431 366
f 4811 4861 602
f 2847 4861 4811
f 7376 4861 2847
f 2261 5990 1767
f 3401 7376 2847
f 528 7376 3401
f 2261 6614 2659
f 1184 4544 528
f 6614 1578 2659
f 1578 130 2659
f 5653 7321 4544
f 4748 4686 130
f 4686 4748 5001
f 6536 5001 4748
f 1938 5001 6536
f 1938 2510 5001
f 4602 2510 1938
f 4602 529 2510
f 1445 4143 7321
f 1445 3768 4143
f 4602 3705 529
f 4602 7220 3705
f 1445 1167 3768
f 6617 1167 1986
f 7220 2558 3705
f 5032 3929 7237
f 2558 5032 7237
f 5524 4040 3929
f 6617 709 288
f 709 3747 288
f 709 1565 3747
f 645 3515 5524
f 4938 3747 1565
f 5303 4938 1565
f 5303 1565 2884
f 3382 3515 645
f 645 4399 3382
f 3382 4938 2206
f 1626 2160 5565
f 1070 2160 1626
f 2160 6171 406
f 2160 1070 6171
f 6171 6532 406
f 4569 3418 777
f 6919 3418 4569
f 6919 4569 2117
f 5702 6927 4520
f 691 2008 4659
f 1602 4004 590
f 1492 1602 590
f 724 6621 4004
f 5273 1872 6962
f 724 241 6336
f 2951 6336 241
f 6196 4484 218
f 4450 2167 2951
f 2651 6366 3723
f 2651 6862 6366
f 6862 3003 6366
f 2980 871 2024
f 3465 2024 871
f 1709 2024 3465
f 3067 1800 5119
f 1074 1709 3465
f 2230 6473 1800
f 4277 1709 1074
f 760 4061 7182
f 6234 760 7141
f 5445 1181 1098
f 1181 6234 1098
f 5468 2156 3591
f 3591 3790 5468
f 5468 6624 2156
f 5597 4633 4574
f 1883 2020 439
f 4829 1776 4744
f 4829 2020 1776
f 7123 2511 770
f 1164 1364 4161
f 6634 2553 3193
f 1668 5100 1714
f 6141 2000 734
f 1399 1176 6169
f 2080 3685 4064
f 111 3184 4213
f 6957 111 2109
f 280 4554 1836
f 280 1836 3833
f 3039 4554 280
f 874 68 1205
f 1205 1620 5364
f 5364 1620 4328
f 4001 5364 4328
f 4519 5364 4001
f 3021 6214 4873
f 4519 4873 6214
f 3021 6779 6214
f 7285 4604 3039
f 7285 3039 280
f 7285 6914 4604
f 5474 6779 4889
f 7285 6052 6914
f 6914 6052 3743
f 2399 6787 4536
f 3743 6052 3844
f 2269 6147 307
f 4536 2225 2399
f 4536 6787 5195
f 3844 6052 4320
f 5103 1163 3634
f 3634 1163 719
f 1618 3844 4320
f 3634 719 2225
f 838 4052 5195
f 348 1618 1497
f 1497 2914 348
f 3552 3565 431
f 602 5735 213
f 2781 1767 4650
f 2261 1767 2781
f 2261 2781 6614
f 420 6614 480
f 5515 6614 420
f 5515 1578 6614
f 1578 5515 12
f 1578 12 130
f 130 12 6536
f 12 7358 6536
f 4544 7321 4143
f 4748 130 6536
f 2220 1938 6536
f 7220 5032 2558
f 2004 3929 5032
f 6617 958 1167
f 3929 2004 4112
f 958 288 5250
f 288 958 6617
f 5250 288 555
f 3747 555 288
f 4112 645 3929
f 645 5524 3929
f 555 3747 6271
f 3382 6271 4938
f 4938 6271 3747
f 4260 1626 5565
f 406 777 2669
f 406 6532 777
f 389 909 4558
f 909 4030 4558
f 2397 777 3418
f 6919 2397 3418
f 6927 2058 4520
f 6791 6196 4629
f 241 4450 2951
f 3723 1019 2936
f 3723 6366 5709
f 6366 3003 2035
f 2035 3003 3849
f 6223 3849 3003
f 1397 3849 6223
f 3849 1397 1868
f 2980 3317 1397
f 3317 1868 1397
f 5559 2230 1800
f 6473 2230 658
f 760 1181 4061
f 6234 1181 760
f 5445 3627 1866
f 3585 573 6084
f 3627 5445 4014
f 6624 5468 6907
f 6624 6907 1637
f 1637 7123 2085
f 1637 2511 7123
f 2825 439 2020
f 770 2511 463
f 770 463 4161
f 6810 5845 6661
f 4161 7246 1164
f 6634 6810 6661
f 1164 7246 7125
f 7125 3911 1164
f 5585 6888 7289
f 5585 1176 4485
f 1176 5585 3471
f 3733 2000 6141
f 1176 3471 2633
f 3733 3068 2000
f 2633 6169 1176
f 3240 3733 3742
f 6169 221 6596
f 3446 6596 6334
f 6313 3446 3662
f 6313 3662 2316
f 3662 1640 2316
f 3685 2080 3663
f 4671 2081 929
f 4671 929 2189
f 4064 4213 5165
f 4213 3184 5165
f 3917 292 179
f 3168 6957 2109
f 3833 1836 5320
f 5320 2838 3833
f 1198 2838 2865
f 2865 6004 1198
f 874 6004 68
f 5364 874 1205
f 874 6406 6004
f 6406 874 4804
f 6436 4519 6214
f 280 3833 6795
f 6779 6651 6214
f 6651 6779 6219
f 6219 6779 5474
f 7285 280 415
f 280 6795 415
f 6236 6052 7285
f 5474 2959 6219
f 7285 415 6236
f 2269 307 5166
f 5166 307 2959
f 6838 6052 6236
f 5103 6970 6147
f 6838 4320 6052
f 2086 307 6147
f 2086 6147 6970
f 6197 1424 2225
f 2225 4536 6197
f 3634 2225 1424
f 5195 6732 5066
f 4052 6732 5195
f 5919 5963 4052
f 1497 1618 4545
f 4534 1497 4545
f 4534 2914 1497
f 4534 4545 6217
f 4534 6217 2914
f 213 5738 5357
f 2914 3565 3552
f 3653 431 3565
f 7362 213 5735
f 3653 4650 431
f 4861 5735 602
f 2781 4650 3653
f 7376 1302 4861
f 480 1595 420
f 7376 528 1302
f 480 6614 2781
f 1302 528 4305
f 4597 7358 12
f 1715 4544 4143
f 6536 7358 2220
f 1938 412 4602
f 2220 412 1938
f 4143 3768 6322
f 2560 5457 4602
f 5457 7220 4602
f 958 6322 1167
f 2784 6322 958
f 3768 1167 6322
f 7220 5457 5032
f 5032 5457 7013
f 5032 7013 2004
f 5250 2784 958
f 555 4271 5250
f 4112 4399 645
f 3382 4399 7309
f 3382 7309 6271
f 5753 4030 4260
f 4558 4030 5753
f 2669 777 2397
f 1222 5648 2058
f 2058 6927 1222
f 1511 691 3698
f 1511 2008 691
f 1872 1766 6690
f 1872 5273 642
f 6752 4629 6196
f 6196 218 6752
f 5878 2167 4450
f 3723 5709 1019
f 2035 5709 6366
f 3849 386 2035
f 5878 768 2167
f 1868 3102 3849
f 5878 2022 768
f 768 2022 3067
f 3067 7137 768
f 5559 1800 3067
f 6043 4527 658
f 573 3585 3210
f 1866 3627 4812
f 1244 6084 573
f 1244 3591 6084
f 5597 4812 3627
f 4633 5597 3627
f 6907 5468 3790
f 6907 2511 1637
f 439 5597 1883
f 2020 7149 2825
f 4829 7149 2020
f 4316 463 6907
f 6907 463 2511
f 6907 5873 4316
f 4829 4744 4902
f 7153 463 4316
f 4161 463 7153
f 7153 7246 4161
f 7246 3364 7125
f 3193 6810 6634
f 3892 3911 7125
f 5100 3911 3892
f 4193 3334 6370
f 7289 6888 1714
f 6370 3334 734
f 6370 734 2999
f 5585 7289 3471
f 2000 2999 734
f 2633 221 6169
f 6334 6596 221
f 3240 3663 7219
f 1640 3662 1613
f 7219 3663 2080
f 1613 2081 1640
f 2080 4064 5165
f 5165 3184 2737
f 3981 111 6957
f 111 2737 3184
f 3981 2737 111
f 5514 3833 2838
f 5514 1198 206
f 2838 1198 5514
f 6004 4383 1198
f 4383 6004 6406
f 874 5364 4804
f 6436 4779 4519
f 6795 3833 5514
f 656 4804 5364
f 4779 5364 4519
f 6436 6214 6651
f 4773 6651 6219
f 4773 6219 2959
f 415 6795 4227
f 6236 415 4055
f 5671 2959 6400
f 6400 2959 307
f 5195 5066 4536
f 3634 5454 5103
f 5103 5454 6970
f 6838 3561 4320
f 3634 1424 5454
f 3561 1618 4320
f 1618 3561 1375
f 5963 7313 4052
f 1375 4545 1618
f 1375 62 4545
f 5357 4881 295
f 62 6217 4545
f 3565 2914 6217
f 5738 4881 5357
f 3565 5961 3653
f 3565 6217 5961
f 62 3456 6217
f 7362 5738 213
f 1408 6217 3456
f 5961 6217 1408
f 6146 5961 1408
f 5961 2781 3653
f 2781 5961 6146
f 4861 1302 5735
f 480 2781 6146
f 480 6146 1595
f 4544 1715 4305
f 528 4544 4305
f 7166 4597 12
f 5515 7166 12
f 412 2220 7358
f 4143 4821 1715
f 2560 4602 412
f 6322 4892 4821
f 6322 4821 4143
f 4913 5457 2560
f 4892 2784 6833
f 1258 2004 7013
f 4256 2784 3154
f 2784 4892 6322
f 5250 3154 2784
f 3832 4112 2004
f 5250 4271 2754
f 555 560 4271
f 4112 1338 4399
f 6271 560 555
f 4399 1338 7309
f 7309 560 6271
f 4977 4260 5565
f 2371 5565 2160
f 2371 4977 5565
f 7355 2371 2160
f 7355 2160 406
f 3996 6919 5648
f 1967 1492 6676
f 1602 1492 1967
f 1330 4765 1722
f 1766 1722 6690
f 1766 1872 6028
f 4004 2620 724
f 6028 1872 642
f 2936 1019 218
f 386 344 5709
f 344 1019 5709
f 2035 386 5709
f 3102 386 3849
f 3102 1868 7036
f 3317 7036 1868
f 2980 3466 3317
f 2980 5592 3466
f 2024 5592 2980
f 6175 2429 1709
f 228 6175 1709
f 4277 228 1709
f 7182 228 4277
f 4796 4061 6373
f 4061 1181 6373
f 6043 3585 4527
f 5560 1181 1866
f 3585 6043 3210
f 1181 5445 1866
f 1244 3790 3591
f 439 2095 5597
f 7149 4829 7189
f 7189 4829 4902
f 5650 4316 5873
f 5650 7153 4316
f 4744 784 4902
f 6722 7153 5650
f 3364 7246 6722
f 6722 7246 7153
f 6810 34 5845
f 7125 2281 3892
f 3615 6810 3193
f 4193 3179 3193
f 3179 4193 6370
f 5994 5100 3892
f 5994 1714 5100
f 1714 5994 214
f 1714 214 7289
f 3471 7289 214
f 3471 214 2732
f 6417 2999 2000
f 3240 3068 3733
f 221 1672 6334
f 3662 2574 1613
f 2081 5680 929
f 1613 5680 2081
f 3981 1854 2737
f 4383 206 1198
f 4779 656 5364
f 5514 4227 6795
f 2959 94 4773
f 94 2959 5671
f 6081 6838 6236
f 4055 6081 6236
f 2086 6400 307
f 6081 3561 6838
f 362 6081 4055
f 5886 4536 5066
f 3561 6081 362
f 7044 6970 5454
f 3164 6197 4536
f 5066 6732 5886
f 1801 5454 1424
f 4683 1424 6197
f 4052 7313 6732
f 1375 3561 6663
f 3561 362 6663
f 4683 1801 1424
f 62 1375 6663
f 5963 3075 7313
f 295 3075 5963
f 295 4881 3075
f 162 4881 5738
f 1408 3456 3617
f 1408 3617 6146
f 6146 3617 1595
f 4783 7362 5735
f 4783 5735 7100
f 1302 7100 5735
f 420 1595 4592
f 4305 3135 1302
f 1302 3135 7100
f 3135 4305 5575
f 3199 7166 5515
f 5575 4305 6772
f 1715 6772 4305
f 4597 6172 7358
f 1715 1440 6772
f 4821 1440 1715
f 4821 4892 1440
f 4913 7013 5457
f 5078 1258 7013
f 5078 7013 4913
f 7335 1258 5078
f 1258 3832 2004
f 3154 2754 4256
f 2784 4256 6833
f 5250 2754 3154
f 3832 1338 4112
f 560 7309 4927
f 5753 4260 4977
f 4401 7355 406
f 2669 4401 406
f 3996 2397 6919
f 6518 4824 389
f 389 4558 6518
f 1222 3996 5648
f 4824 1967 6676
f 1766 5436 1722
f 218 1019 6693
f 4255 386 3102
f 2024 5937 5592
f 3067 2022 5559
f 2024 1709 5937
f 2429 5937 1709
f 4796 228 7182
f 4061 4796 7182
f 5560 6373 1181
f 6818 5560 1866
f 3210 1244 573
f 5597 4348 4812
f 2095 4348 5597
f 2825 2095 439
f 2095 2825 7149
f 784 2965 4902
f 34 784 4744
f 5845 34 4744
f 2281 7125 3364
f 3615 34 6810
f 6512 3892 2281
f 5994 3892 6512
f 3193 3179 3615
f 3471 2455 2633
f 2455 2744 2633
f 6505 2000 3068
f 2633 2744 221
f 2744 1672 221
f 1672 2343 6334
f 1654 6334 2343
f 3068 3240 5058
f 6334 1654 3446
f 5058 3240 7219
f 2574 5680 1613
f 2080 3028 7219
f 2080 5165 3028
f 5165 6878 3028
f 2189 929 6126
f 2737 1545 5165
f 6878 5165 1545
f 179 6415 3917
f 1545 2737 1854
f 3168 294 6957
f 3917 294 3168
f 3777 3981 6957
f 3530 5514 206
f 3146 3530 206
f 4383 3146 206
f 5514 3530 4227
f 4383 6406 3957
f 4773 6436 6651
f 6406 4804 2413
f 2413 4804 656
f 3487 415 4227
f 415 3487 4055
f 6400 5386 5671
f 2086 1553 6400
f 362 4055 3942
f 7044 1553 2086
f 6970 7044 2086
f 3942 4100 362
f 6732 3571 5886
f 1801 7044 5454
f 5886 3164 4536
f 3164 4683 6197
f 7313 3571 6732
f 7061 3571 7313
f 3571 3164 5886
f 7313 4720 7061
f 3075 4720 7313
f 1020 62 6663
f 4881 4988 3075
f 162 4988 4881
f 62 1020 3456
f 5738 7362 162
f 4783 162 7362
f 1595 3617 4592
f 4592 4643 420
f 7100 499 4783
f 420 4643 5515
f 5458 499 7100
f 5458 7100 3135
f 5575 5458 3135
f 1440 5577 6772
f 412 7358 6172
f 1373 4913 2560
f 412 1373 2560
f 4892 4764 1440
f 7335 816 3832
f 1258 7335 3832
f 4271 576 661
f 4271 661 2754
f 560 7202 576
f 560 576 4271
f 1338 732 7309
f 7309 732 4927
f 560 4927 7202
f 4558 5753 3720
f 3720 5753 476
f 6518 4558 3720
f 1967 4824 2543
f 1967 2543 630
f 1967 630 7234
f 347 5702 2008
f 1602 1967 7234
f 1602 7234 4004
f 5436 1330 1722
f 6752 218 1066
f 344 6693 1019
f 4255 344 386
f 7036 3317 3466
f 228 7312 6175
f 228 4796 7312
f 1290 6373 5560
f 3850 1290 5560
f 6818 1866 4812
f 7245 3790 1244
f 4530 4348 2095
f 6907 1031 5873
f 5873 5927 5650
f 2965 784 5642
f 2281 3364 4975
f 4975 3364 6722
f 998 34 3615
f 214 5994 51
f 6370 2999 4018
f 2732 2455 3471
f 6505 6417 2000
f 1654 3662 3446
f 1654 2574 3662
f 5058 6505 3068
f 4756 929 5680
f 3028 2088 7219
f 3028 6878 2088
f 929 4756 6126
f 1545 6110 6878
f 759 179 2189
f 93 6415 179
f 6106 1854 3981
f 294 3917 6415
f 294 3777 6957
f 6106 3981 3777
f 3530 2871 1502
f 4227 3530 1502
f 3146 2871 3530
f 4773 1017 6436
f 4227 1502 3487
f 3146 4383 13
f 3957 13 4383
f 6406 2413 3957
f 2901 656 4779
f 4773 94 1017
f 3942 4055 3487
f 1553 5386 6400
f 7044 6556 1553
f 5633 6556 7044
f 1801 5633 7044
f 6663 362 4100
f 3571 5035 3164
f 3571 2977 5035
f 2977 3571 7061
f 1396 5633 1801
f 4683 1396 1801
f 4720 2977 7061
f 3164 5035 4683
f 4683 5035 6751
f 4683 6751 1396
f 2614 5035 2977
f 3788 4720 4988
f 3075 4988 4720
f 6635 6751 5035
f 6635 5035 2614
f 2977 4720 5925
f 6358 1396 6751
f 162 3788 4988
f 6635 6358 6751
f 1020 442 4752
f 1020 4752 3456
f 4752 3617 3456
f 162 1961 3788
f 4752 7082 3617
f 7 4592 7082
f 4783 1961 162
f 3617 7082 4592
f 4783 499 1961
f 4592 7 4643
f 499 6584 1961
f 570 6584 499
f 570 5353 6584
f 5458 570 499
f 4643 3199 5515
f 1049 5353 570
f 2237 570 5458
f 1049 570 2237
f 2237 5458 5575
f 6772 2237 5575
f 2237 5577 4764
f 5577 2237 6772
f 1373 412 6172
f 4764 5577 1440
f 6833 4586 4764
f 6833 4764 4892
f 5078 4913 1373
f 4256 921 2023
f 4256 2023 4586
f 4256 4586 6833
f 661 921 2754
f 2754 921 4256
f 576 3180 661
f 3832 816 1338
f 732 816 5848
f 1338 816 732
f 2371 7355 3555
f 4977 476 5753
f 4694 3996 1222
f 1914 6927 5702
f 7234 630 1048
f 1511 347 2008
f 4004 7234 268
f 4765 1330 3698
f 268 2620 4004
f 4629 5273 6791
f 3102 2896 4255
f 7036 2896 3102
f 2429 4242 5937
f 2429 6175 1247
f 6175 7312 1247
f 5615 658 2230
f 7312 4796 1633
f 1633 4796 1290
f 4796 6373 1290
f 1317 1078 6043
f 4348 6818 4812
f 7245 1244 4015
f 4015 1244 3210
f 4348 4530 5932
f 1031 6907 3790
f 4530 2095 4376
f 5873 1031 668
f 7149 4376 2095
f 4376 7149 5500
f 7189 2965 483
f 7189 4902 2965
f 5650 5927 5898
f 5650 3172 4975
f 5650 4975 6722
f 5642 784 34
f 5642 34 6953
f 2125 2281 1377
f 998 6953 34
f 2125 6512 2281
f 2125 2788 6512
f 3615 3179 998
f 2788 5994 6512
f 3660 381 3179
f 5994 2788 51
f 3179 6370 3660
f 6370 4018 3660
f 2732 214 51
f 4018 2999 6417
f 1672 2744 2343
f 1654 2343 3987
f 5694 2574 1654
f 2574 3640 5680
f 5058 7219 2088
f 6110 2088 6878
f 6126 759 2189
f 93 179 759
f 6436 1038 4779
f 1017 1038 6436
f 656 2901 2413
f 13 3957 2413
f 1038 1017 1838
f 1423 3487 1502
f 6423 94 5671
f 3487 1423 3942
f 5386 4825 5671
f 5386 5520 4825
f 1553 5520 5386
f 1553 6556 5520
f 5633 5520 6556
f 1517 5520 5633
f 1396 1517 5633
f 4784 6663 4100
f 1413 1517 1396
f 1413 1396 6358
f 1020 6663 4784
f 442 1020 4784
f 2977 5925 2614
f 3788 5925 4720
f 2614 1751 6635
f 1751 2614 5925
f 1961 5925 3788
f 725 6635 1751
f 6358 6635 748
f 748 6635 725
f 2778 1751 5925
f 2778 5925 1961
f 1622 748 6513
f 6513 748 725
f 6584 2778 1961
f 4752 7 7082
f 5746 6513 725
f 5746 725 1751
f 1832 1622 6513
f 5746 1751 2778
f 1252 6513 5746
f 5746 2778 6584
f 823 1832 6513
f 823 6513 1252
f 5353 5746 6584
f 5353 1252 5746
f 358 823 1252
f 358 1252 5353
f 2126 823 358
f 1049 358 5353
f 6177 2126 358
f 119 358 1049
f 119 6177 358
f 2660 6172 4597
f 895 119 1049
f 895 2237 4764
f 895 1049 2237
f 6172 2660 1373
f 1539 1373 2660
f 895 4586 399
f 4764 4586 895
f 5078 3032 7335
f 1846 921 661
f 1846 661 3180
f 921 1846 2023
f 971 816 7335
f 3032 971 7335
f 5848 816 971
f 6750 3180 576
f 7202 4927 6750
f 7202 6750 576
f 7192 732 5848
f 732 7192 4927
f 7355 579 3555
f 4117 4694 1222
f 4824 6518 2543
f 7234 1048 268
f 2422 5436 1766
f 4953 6028 642
f 565 724 2620
f 565 241 724
f 4629 642 5273
f 218 6693 1066
f 973 1066 6693
f 4095 973 6693
f 6693 344 4095
f 336 344 4255
f 336 4095 344
f 336 4255 2896
f 1436 2022 5878
f 7036 3466 2896
f 3466 1091 2896
f 3466 5592 1091
f 5937 4242 5592
f 5615 2230 5559
f 1633 1247 7312
f 5615 6043 658
f 1290 6720 1633
f 1078 3210 6043
f 1078 3443 3210
f 5560 6818 1416
f 1416 6818 5932
f 4348 5932 6818
f 5932 4530 1501
f 7171 668 1031
f 668 5927 5873
f 7189 5500 7149
f 7189 483 5500
f 2965 6811 483
f 3172 5650 5898
f 5642 6953 5534
f 1377 2281 4975
f 998 2180 6953
f 2125 604 2788
f 381 6025 998
f 381 998 3179
f 2788 604 1820
f 2788 1820 588
f 588 51 2788
f 2455 2732 6626
f 3537 2455 6626
f 6417 6495 4018
f 2744 2455 3537
f 5782 6495 6417
f 2744 3987 2343
f 6505 5981 5782
f 6505 5782 6417
f 3987 5694 1654
f 5058 4840 5981
f 5058 5981 6505
f 704 3640 2574
f 2249 4840 5058
f 6110 5537 2088
f 6106 2382 1854
f 1545 1854 2382
f 294 6415 2502
f 294 2502 3777
f 3777 2502 6106
f 2871 3146 5802
f 1502 2871 5802
f 5802 3146 957
f 957 3146 13
f 2901 4779 1038
f 13 2413 3081
f 6423 1838 1017
f 6423 1017 94
f 5671 220 6423
f 4825 220 5671
f 4825 2283 220
f 2283 4825 2007
f 4100 3942 6030
f 5520 2007 4825
f 5520 4481 2007
f 5050 4481 5520
f 1517 5050 5520
f 4100 6728 4784
f 1912 1517 1413
f 5050 1517 1912
f 1912 1413 49
f 6358 49 1413
f 748 49 6358
f 442 4784 5134
f 4662 1912 49
f 442 5134 4752
f 1622 49 748
f 4662 49 1622
f 4928 4662 1622
f 1832 4928 1622
f 517 4928 1832
f 2126 517 1832
f 2126 1832 823
f 3267 3199 4643
f 6578 517 2126
f 726 7166 3199
f 6177 6578 2126
f 5670 5327 6578
f 6177 5670 6578
f 726 4597 7166
f 4597 726 2660
f 119 895 6177
f 862 5327 5670
f 5670 6177 895
f 5670 399 862
f 399 5670 895
f 2023 1846 399
f 2023 399 4586
f 1373 1539 5078
f 5078 1539 2862
f 2862 3032 5078
f 6750 1704 3180
f 4105 476 4977
f 4401 579 7355
f 6657 2397 3996
f 4564 630 2543
f 1914 5702 324
f 5702 347 324
f 3997 347 1511
f 3698 1330 1511
f 1511 1330 4980
f 5436 4980 1330
f 1436 4450 241
f 2946 6752 1066
f 2946 1066 973
f 5878 4450 1436
f 4095 2946 973
f 6363 2022 1436
f 4242 6230 5592
f 1317 6043 5615
f 1290 3850 6720
f 6720 3850 1862
f 1890 3210 3443
f 1890 4015 3210
f 7171 3790 7245
f 7171 1031 3790
f 1501 4530 4376
f 4566 4376 5500
f 483 4566 5500
f 668 5347 5927
f 5927 5347 5898
f 5534 450 2965
f 5534 2965 5642
f 1377 4975 3172
f 3172 562 1377
f 5534 6953 2180
f 604 2125 1377
f 2180 998 6025
f 588 1820 7047
f 2410 588 7047
f 588 2410 51
f 2410 2732 51
f 2410 6626 2732
f 2410 7240 6626
f 3660 4018 5239
f 4018 6495 5239
f 2744 3537 3987
f 3624 5694 3987
f 2574 5694 704
f 3640 4756 5680
f 5537 3141 2088
f 411 6126 4756
f 6415 93 2502
f 5802 2836 1502
f 957 3316 5802
f 1831 957 13
f 2836 1423 1502
f 1831 13 3081
f 1038 1838 2901
f 6423 220 3903
f 6030 3942 1423
f 1838 6423 3903
f 1423 2836 6030
f 6728 4100 6030
f 4481 2283 2007
f 5050 363 4481
f 5050 1912 363
f 640 4784 6728
f 6535 363 1912
f 5020 6535 1912
f 4287 4784 640
f 4784 4287 5134
f 4662 5020 1912
f 7 4752 5134
f 4928 705 4662
f 1280 4643 7
f 517 3667 4928
f 1280 3267 4643
f 3267 5811 3199
f 5811 726 3199
f 2660 2075 1539
f 862 315 6899
f 315 399 1846
f 315 862 399
f 2002 971 3032
f 971 6646 5848
f 1846 3180 315
f 7192 5848 6646
f 7192 6646 4162
f 3532 6750 4162
f 6750 3532 1704
f 1704 315 3180
f 7192 4162 4927
f 4927 4162 6750
f 2371 4105 4977
f 3555 4105 2371
f 2397 2908 2669
f 6518 4262 2543
f 5208 4117 1222
f 4564 2543 4262
f 630 4564 1048
f 347 5578 324
f 1048 5711 268
f 1511 4980 3997
f 1766 6028 2422
f 2422 6028 4953
f 5550 4953 642
f 2592 241 565
f 4629 35 642
f 1436 241 2592
f 6752 35 4629
f 4095 3351 2946
f 1307 3351 4095
f 336 2896 6887
f 6887 2896 7017
f 2896 1091 7017
f 5626 1091 6230
f 718 2022 6363
f 6363 3165 718
f 5592 6230 1091
f 718 5559 2022
f 6230 4242 6930
f 2429 6930 4242
f 2429 3127 6930
f 5559 718 5615
f 1247 3127 2429
f 4065 1247 5381
f 1247 1633 5381
f 5381 1633 6720
f 6720 1862 5381
f 4265 3850 5560
f 1862 3850 4265
f 1416 4265 5560
f 4265 1416 6384
f 6384 1416 5932
f 4096 7171 7245
f 1501 4376 4241
f 4376 4566 4241
f 6811 4566 483
f 450 6811 2965
f 4386 450 5534
f 5534 2180 4386
f 875 1377 562
f 7240 2410 7047
f 7240 3807 6626
f 6626 3807 3537
f 3013 3987 3537
f 5239 6495 4181
f 3013 3624 3987
f 5782 5981 3403
f 3403 5981 4840
f 4802 4840 2249
f 5058 2088 2249
f 2088 3141 2249
f 6046 6110 2382
f 6110 6046 5537
f 1545 2382 6110
f 6106 2502 4674
f 6106 4674 1818
f 6106 1818 2382
f 1831 3316 957
f 2836 5802 3689
f 3316 1831 3922
f 6842 2413 2901
f 3081 2413 6842
f 5497 6030 2836
f 2828 1838 3903
f 2538 6030 5497
f 3903 220 2283
f 6728 6030 2538
f 4481 6481 2283
f 363 6481 4481
f 640 6728 2538
f 363 6535 451
f 5020 451 6535
f 4608 4287 640
f 4287 4608 5134
f 227 5134 4608
f 7 5134 227
f 705 5020 4662
f 5998 7 227
f 5998 1280 7
f 1280 5998 1893
f 3667 705 4928
f 3667 473 705
f 1280 1893 1934
f 1934 3267 1280
f 3267 1934 5811
f 6578 3667 517
f 5327 6595 6578
f 6578 6595 3667
f 2660 726 2075
f 5327 585 6595
f 862 1361 5327
f 5327 1361 585
f 2075 2862 1539
f 862 6899 1361
f 4987 3032 2862
f 3032 4987 2002
f 6646 971 2002
f 4162 6701 3532
f 6646 6701 4162
f 3532 2858 1704
f 1704 2858 6899
f 1704 6899 315
f 2908 4401 2669
f 3720 476 3993
f 6657 2908 2397
f 4694 6657 3996
f 6518 3720 4262
f 565 2620 268
f 35 5550 642
f 6752 2946 35
f 1307 4095 336
f 6887 1307 336
f 334 7017 1091
f 2272 6363 1436
f 5626 334 1091
f 6930 4075 6230
f 4065 3127 1247
f 5502 1317 5615
f 718 5502 5615
f 175 1078 1317
f 1862 4265 685
f 4265 6384 5355
f 4096 7245 4015
f 3586 1501 4241
f 3586 5932 1501
f 7171 4096 1191
f 1191 668 7171
f 668 1191 4389
f 6108 4241 4566
f 200 5347 668
f 282 4566 6811
f 450 282 6811
f 3499 4386 2180
f 2457 604 1377
f 3239 604 2457
f 3499 2180 6025
f 7047 1820 3239
f 3239 1820 604
f 7047 3239 1903
f 7047 1903 7240
f 3660 2325 381
f 2325 3660 5239
f 6495 5782 4181
f 704 1033 3640
f 2172 3141 5537
f 4802 3141 2973
f 2910 4756 3640
f 2910 411 4756
f 4802 2249 3141
f 1638 759 6126
f 3316 3689 5802
f 3922 5727 3316
f 3689 3316 5727
f 1838 462 2901
f 2901 462 6842
f 3689 5497 2836
f 6116 3689 5727
f 735 3922 1831
f 735 1831 3081
f 3081 6842 5614
f 462 5614 6842
f 1838 2828 462
f 5497 3689 6116
f 6673 2828 3903
f 5497 2038 2538
f 7342 5614 462
f 7342 462 2828
f 6673 3903 6481
f 6481 3903 2283
f 5497 6116 2038
f 640 2538 2038
f 6481 6900 4878
f 363 6900 6481
f 640 2038 1376
f 451 6900 363
f 4608 640 1376
f 4608 1376 4991
f 5020 3592 451
f 1989 451 3592
f 227 4608 5041
f 5998 227 5041
f 705 3592 5020
f 6405 1989 3592
f 473 6405 3592
f 473 3592 705
f 5998 5041 1893
f 267 5811 1934
f 585 238 6595
f 3667 6595 473
f 5811 267 726
f 2887 2075 726
f 267 2887 726
f 4700 238 1361
f 1361 238 585
f 6899 4700 1361
f 2075 2887 2862
f 2862 2887 4987
f 6899 2858 4700
f 1791 6701 6646
f 6701 1847 3532
f 3532 1847 2858
f 6927 5208 1222
f 1914 5208 6927
f 324 6662 1914
f 565 268 5711
f 1301 5436 2422
f 1436 2592 2272
f 3165 2272 5279
f 3165 6363 2272
f 6230 4075 5626
f 1426 6930 3127
f 5595 1078 175
f 3300 1078 5595
f 1862 1990 5381
f 3300 3443 1078
f 1862 685 1990
f 4265 5355 685
f 1090 4015 1890
f 6384 1357 5355
f 4292 4096 1090
f 1090 4096 4015
f 1357 6384 5932
f 1357 5932 3586
f 4096 4292 1191
f 4241 3436 3586
f 6108 3436 4241
f 282 6108 4566
f 924 3172 5898
f 4386 7009 450
f 562 3172 924
f 2457 1377 875
f 3499 7179 4386
f 3499 6025 7069
f 2325 7069 6025
f 2325 6025 381
f 1903 6561 7240
f 2325 794 5833
f 4726 794 2325
f 5239 4726 2325
f 3807 3013 3537
f 4726 5239 4181
f 1698 5694 3624
f 1698 704 5694
f 704 1698 1033
f 5782 3403 4181
f 3403 4840 4802
f 2973 3141 2172
f 5537 6046 2172
f 411 1638 6126
f 6046 2382 1818
f 1638 93 759
f 93 5415 2502
f 5415 4674 2502
f 3081 5614 735
f 2828 7068 7342
f 6673 7068 2828
f 6481 4878 6673
f 6776 2038 6116
f 6116 4552 6776
f 7068 6673 4878
f 1376 2038 6776
f 3868 7068 4878
f 4878 4374 3868
f 4374 4878 6900
f 4374 6900 6413
f 6413 6900 451
f 4991 1376 3945
f 6413 3238 4374
f 1989 7180 3238
f 1989 3238 6413
f 451 1989 6413
f 5041 4608 4991
f 1989 6405 7180
f 5041 4991 2550
f 1893 5041 4044
f 1934 1893 4044
f 6595 2107 473
f 473 2107 6405
f 1934 4044 267
f 238 3163 2107
f 238 2107 6595
f 3242 267 2319
f 2887 267 3242
f 2887 3242 4987
f 4987 3242 4836
f 4700 2858 1847
f 4987 4836 4818
f 4987 4818 2002
f 2002 4818 1791
f 1847 6701 5669
f 1791 6646 2002
f 1791 5669 6701
f 4105 3555 64
f 476 4105 64
f 4401 1596 579
f 2908 1596 4401
f 3720 1902 4262
f 3993 1902 3720
f 1902 4564 4262
f 7371 4117 5208
f 7371 5208 4236
f 1914 4236 5208
f 2664 347 3997
f 3127 4065 6132
f 3127 6132 1426
f 728 6132 4065
f 175 1317 5502
f 5684 728 5381
f 5381 728 4065
f 1990 5684 5381
f 3300 1890 3443
f 685 5355 2073
f 1357 2073 5355
f 3436 1357 3586
f 282 1124 6108
f 3516 1124 282
f 4389 200 668
f 3516 282 7009
f 924 5898 7262
f 7262 5898 5347
f 450 7009 282
f 7179 7009 4386
f 2457 875 2288
f 7069 7179 3499
f 2457 3120 3239
f 2325 1130 7069
f 2325 5833 1130
f 6022 3807 7240
f 5892 3013 3807
f 3403 4690 4181
f 5960 3403 4802
f 1033 2910 3640
f 2973 5960 4802
f 411 2930 1638
f 1638 5415 93
f 4489 5727 3922
f 4489 6116 5727
f 4489 3922 534
f 534 3922 735
f 4890 6116 4489
f 534 735 5614
f 4552 6116 4890
f 6509 7342 7068
f 3945 1376 6776
f 5036 6776 4552
f 6509 7068 3868
f 3945 6776 5036
f 5036 7345 3945
f 3814 3868 4374
f 3238 3814 4374
f 4991 3945 7345
f 7180 3814 3238
f 2550 4991 7345
f 2550 7345 1546
f 6405 6684 7180
f 2107 6684 6405
f 5041 2550 4044
f 4044 2550 6995
f 2107 3163 6684
f 4044 6995 267
f 267 6995 2319
f 2319 6995 2919
f 3163 238 4700
f 3242 2319 2919
f 3242 2919 4836
f 4836 2919 4818
f 4818 3656 1791
f 3656 5669 1791
f 5669 3656 1847
f 64 3555 5495
f 579 5495 3555
f 64 3993 476
f 6853 231 6657
f 6853 6657 4694
f 6853 4694 4117
f 1902 4053 4564
f 1048 4564 3429
f 1301 4980 5436
f 3461 4953 5550
f 4903 2272 2592
f 4188 334 5626
f 4075 4188 5626
f 5502 718 3165
f 432 4075 6930
f 1426 6132 4954
f 728 2149 6132
f 5684 1990 1207
f 1207 1990 685
f 1207 685 6296
f 3625 6296 685
f 3625 685 2073
f 3436 3258 1357
f 1124 3258 3436
f 6108 1124 3436
f 1979 3516 7009
f 924 5855 562
f 1430 562 5855
f 562 1430 875
f 7009 7179 6240
f 875 1430 2288
f 2457 2288 3120
f 7069 1900 7179
f 7069 1130 1900
f 1903 3239 3120
f 1903 6901 6561
f 7240 6561 6022
f 7039 5892 3807
f 6022 7039 3807
f 5892 361 3013
f 3013 361 3624
f 4181 4690 5651
f 4181 5651 4726
f 5960 4690 3403
f 2973 2172 109
f 2973 252 5960
f 5962 2172 6046
f 2172 5962 109
f 2577 6111 411
f 4674 5415 2381
f 534 4890 4489
f 3223 534 5614
f 3223 5614 7342
f 4890 534 1365
f 1365 4552 4890
f 1365 5036 4552
f 5036 1365 633
f 7345 5036 633
f 1546 7345 633
f 1546 6995 2550
f 6995 6678 2919
f 3308 2919 6678
f 2919 3308 7121
f 4700 1538 3163
f 2919 7121 4818
f 3656 7121 4749
f 6273 1538 4700
f 4818 7121 3656
f 3656 4749 6273
f 1847 6273 4700
f 3656 6273 1847
f 3429 4564 4053
f 2741 1301 2422
f 3461 2422 4953
f 565 5711 2592
f 15 2422 3461
f 936 2946 3351
f 5279 2272 4903
f 1307 989 3351
f 3264 1307 6887
f 7017 334 6887
f 6887 334 3845
f 4075 432 4188
f 3094 5502 3165
f 1426 432 6930
f 5502 2102 175
f 2149 728 7065
f 175 2102 5595
f 2190 7065 728
f 2190 728 5684
f 2190 5684 1207
f 1090 1890 5404
f 2073 3270 3625
f 3270 2073 3694
f 1357 3694 2073
f 1357 3258 3694
f 4292 4282 1761
f 2761 3258 1124
f 1191 1761 4389
f 1191 4292 1761
f 4424 2761 1124
f 3516 4424 1124
f 1071 4424 3516
f 200 2885 5347
f 5347 2885 7262
f 7262 5855 924
f 1071 3516 1979
f 7009 6240 1979
f 3120 2288 2899
f 1900 3534 7179
f 3120 5973 1903
f 1903 5973 6901
f 5833 794 7129
f 5892 7039 587
f 794 4726 5651
f 1013 3624 361
f 1013 1698 3624
f 4690 5960 252
f 2910 2577 411
f 2973 5688 252
f 411 6111 2930
f 5962 6046 4674
f 2930 6444 1638
f 1818 4674 6046
f 1638 6444 5415
f 5415 6444 2381
f 3223 1365 534
f 4313 1365 3223
f 4313 3223 1829
f 1829 3223 6509
f 3223 7342 6509
f 6001 1365 4313
f 6001 633 1365
f 3814 6509 3868
f 618 633 6001
f 633 618 1546
f 1546 618 5302
f 1546 5302 6678
f 6684 1538 7180
f 1546 6678 6995
f 3308 6678 1269
f 3163 1538 6684
f 7121 3308 1269
f 6273 1269 7181
f 6273 7181 1538
f 7121 1269 4749
f 4749 1269 6273
f 1500 579 1596
f 2764 2908 6657
f 6662 4236 1914
f 2664 5578 347
f 1048 3429 5711
f 2664 3997 4980
f 5711 5459 2592
f 2448 2741 2422
f 2448 2422 15
f 4903 2592 5459
f 936 35 2946
f 936 3351 989
f 3165 5279 404
f 6599 3845 334
f 334 4188 6599
f 6599 4188 4411
f 432 4411 4188
f 1426 4954 432
f 3094 2102 5502
f 1207 6563 2190
f 3300 5404 1890
f 6296 6563 1207
f 6296 3625 6563
f 3694 4023 3270
f 3270 4023 1507
f 4023 3694 2761
f 3258 2761 3694
f 4424 6773 2761
f 3221 6773 4424
f 3221 4424 1071
f 941 5855 7262
f 7179 3534 6240
f 2899 5973 3120
f 1900 1130 6331
f 4593 6022 6561
f 6901 4593 6561
f 5833 7129 7104
f 1013 3527 1698
f 1033 1698 3527
f 6890 2910 1033
f 5688 2973 109
f 3001 2930 6111
f 1649 2381 6444
f 684 1829 6509
f 6509 3814 684
f 1829 6001 4313
f 1829 2829 6001
f 2829 1829 684
f 684 3814 1139
f 6526 2829 684
f 2829 618 6001
f 618 2829 6526
f 6526 684 1139
f 7180 1139 3814
f 618 6526 5302
f 1538 1139 7180
f 7181 6526 1139
f 5302 6526 7181
f 7181 1139 1538
f 6678 5302 7181
f 6678 7181 1269
f 5495 2299 64
f 64 5568 3993
f 6657 231 2764
f 6909 4236 6662
f 1292 5711 3429
f 2448 3083 2741
f 5279 4903 184
f 35 3461 5550
f 35 4439 3461
f 35 936 4439
f 3264 6887 3614
f 3614 6887 4458
f 3845 4458 6887
f 3165 404 3094
f 3250 4411 432
f 4954 3250 432
f 4954 6132 2149
f 4971 2149 7065
f 5595 2102 2728
f 2496 7065 2190
f 6563 2496 2190
f 3625 2806 6563
f 4292 1090 5404
f 3270 1507 2806
f 3270 2806 3625
f 2761 1918 4023
f 1918 2761 2777
f 2761 6773 2777
f 4389 1761 6542
f 6773 3221 3522
f 1071 679 3221
f 1887 679 1071
f 1887 1071 1979
f 1811 1979 6240
f 6240 3534 1811
f 2288 1430 3072
f 2288 3072 2899
f 3806 5973 2899
f 3806 6901 5973
f 3806 3896 6901
f 3896 4593 6901
f 5833 7104 1130
f 4593 3896 2984
f 7039 4593 2984
f 4593 7039 6022
f 587 7039 2984
f 7129 794 5651
f 361 5892 587
f 1013 361 2575
f 2358 5651 4690
f 6890 1033 3527
f 4690 252 2358
f 5676 2910 6890
f 5676 2577 2910
f 257 109 5962
f 109 257 5688
f 252 5688 257
f 3001 6111 2577
f 4335 1649 2930
f 1649 6444 2930
f 1649 641 2381
f 4674 2381 641
f 4674 641 5962
f 5495 5897 2299
f 1500 5495 579
f 2299 5568 64
f 2908 2764 1596
f 1902 3993 5568
f 7371 2441 4117
f 3429 4053 6915
f 5578 6662 324
f 1292 5459 5711
f 1301 5868 4980
f 3083 1301 2741
f 5459 184 4903
f 2205 2448 15
f 4439 15 3461
f 404 5279 184
f 3264 989 1307
f 3845 6599 6390
f 404 3176 3094
f 4411 6390 6599
f 7350 4411 3250
f 6654 3250 4954
f 2149 6192 4954
f 2102 3094 3176
f 5595 2728 5706
f 5595 5706 3300
f 5825 5404 3300
f 6563 2806 2496
f 2806 6278 2496
f 1507 6278 2806
f 4023 6278 1507
f 4292 5404 4282
f 6216 6278 4023
f 1918 6216 4023
f 2777 7174 1918
f 1761 4282 2364
f 2777 6773 7174
f 6542 1761 2364
f 3522 7174 6773
f 2163 4389 6542
f 4389 2163 200
f 200 2163 2885
f 679 3522 3221
f 1979 1811 1887
f 1430 5855 3072
f 6331 6876 3534
f 6876 1811 3534
f 1900 6331 3534
f 1130 7104 6331
f 3835 587 2984
f 587 3147 361
f 361 3147 2575
f 3527 1013 2575
f 252 1421 2358
f 257 5962 7083
f 252 257 1421
f 2577 5676 3001
f 5962 641 7083
f 3001 4335 2930
f 6814 1902 5568
f 2731 4002 6853
f 4053 1902 6814
f 7371 4236 4619
f 6915 1292 3429
f 5459 1292 5920
f 5093 2664 4980
f 5093 4980 5868
f 5920 184 5459
f 404 184 3113
f 3113 3176 404
f 3250 6654 7350
f 4954 6192 6654
f 2149 4971 6192
f 7065 7188 4971
f 2496 7188 7065
f 5706 5825 3300
f 6278 2975 2496
f 4745 5404 5825
f 6278 6216 4933
f 6278 4933 2975
f 4745 4282 5404
f 1918 5300 6216
f 7174 5300 1918
f 3522 679 6691
f 6691 679 5143
f 7262 2885 14
f 679 1887 5143
f 4395 1811 6876
f 3806 2899 1560
f 7104 1690 6331
f 3835 3147 587
f 7129 5651 858
f 3527 2305 6890
f 858 5651 2358
f 7083 2630 257
f 5385 1421 257
f 133 3001 5676
f 2725 4335 3001
f 641 1649 2714
f 2299 5897 1905
f 5568 2299 1905
f 4002 231 6853
f 4053 6814 6915
f 6814 5871 6915
f 5871 1292 6915
f 5920 1292 5871
f 5871 316 5920
f 3083 5868 1301
f 2205 15 4439
f 989 4439 936
f 2795 989 3264
f 2795 174 989
f 3614 2795 3264
f 5943 3614 4458
f 6951 5943 4458
f 3845 6951 4458
f 6390 6951 3845
f 7350 4059 4411
f 4059 6390 4411
f 2728 2102 3176
f 2728 2298 5706
f 2496 2975 7188
f 6216 1874 4933
f 863 1874 6216
f 863 6216 5300
f 3522 6186 7174
f 3522 6691 6186
f 941 7262 14
f 1811 4395 1887
f 5148 5855 941
f 5148 3072 5855
f 6876 3228 4395
f 6876 5667 3228
f 1823 2899 3072
f 1560 2899 1823
f 6331 5667 6876
f 3806 1560 4247
f 6331 1690 5667
f 7129 858 4641
f 2575 3284 4218
f 4218 3527 2575
f 3527 4218 2305
f 6890 2305 133
f 2358 1421 858
f 133 5676 6890
f 2725 3001 133
f 2725 2529 4335
f 2529 2714 4335
f 641 2714 1584
f 641 1584 7083
f 1649 4335 2714
f 3697 6814 5568
f 3697 5568 1905
f 6909 3792 4236
f 5542 6909 6662
f 5280 5920 316
f 5766 184 5920
f 5280 5766 5920
f 2698 2205 4439
f 2698 4439 174
f 4439 989 174
f 5943 2795 3614
f 6390 60 6951
f 6577 3176 3113
f 6390 4059 60
f 6192 1316 6654
f 1101 1316 6192
f 4971 235 1101
f 4971 1101 6192
f 6577 2728 3176
f 7188 235 4971
f 2975 4933 7188
f 5706 2298 5825
f 5825 2298 4745
f 4745 6058 4282
f 4282 2449 2364
f 2449 6542 2364
f 5143 3373 6691
f 1887 3373 5143
f 4395 3373 1887
f 5667 3330 3228
f 1690 3330 5667
f 1690 6381 3330
f 7104 6381 1690
f 3835 2984 3896
f 3835 4149 3147
f 7129 4641 4758
f 7129 4758 7104
f 3147 4149 855
f 855 2575 3147
f 2575 855 3284
f 4218 3475 2305
f 4678 858 1421
f 2305 89 133
f 133 89 2725
f 1584 2630 7083
f 2714 6860 1584
f 257 2630 5385
f 6814 3697 6074
f 5871 6814 6074
f 6853 4117 2441
f 5871 6074 2052
f 5578 5542 6662
f 2052 316 5871
f 7035 2664 5093
f 6088 2448 2205
f 6088 2205 5473
f 184 5766 3113
f 174 2795 5196
f 4777 60 4059
f 7350 3508 4059
f 6654 3508 7350
f 1316 3508 6654
f 1101 235 6156
f 6242 235 7188
f 7188 4933 6242
f 4745 2298 6058
f 863 509 1874
f 6058 2449 4282
f 7174 1570 5300
f 7174 6186 1570
f 6186 6691 6447
f 2163 5805 2885
f 3708 2885 5805
f 3708 14 2885
f 3708 941 14
f 831 3072 5148
f 3072 831 1823
f 1496 3228 3330
f 4247 7317 3806
f 3896 3806 7317
f 7317 6484 3896
f 7104 4758 6381
f 6484 3835 3896
f 6484 6736 3835
f 3835 6736 4149
f 4641 858 4678
f 3702 4218 3284
f 4218 3702 3475
f 2305 3475 89
f 1421 845 4678
f 89 3425 2725
f 1584 6860 7089
f 7089 2630 1584
f 1421 5385 845
f 2725 3425 2529
f 2714 2529 6860
f 5897 5495 1500
f 2764 1500 1596
f 231 6718 2764
f 2723 6074 3697
f 4002 6718 231
f 3083 5093 5868
f 3771 3083 2448
f 574 3113 5766
f 5196 2698 174
f 4630 5196 2795
f 60 4315 5943
f 4315 2795 5943
f 3113 574 6577
f 60 5943 6951
f 6026 4777 4059
f 3508 6026 4059
f 1314 3508 1316
f 4664 1316 1101
f 6156 4664 1101
f 235 6242 6156
f 2027 2728 6577
f 2027 2298 2728
f 4933 3295 6242
f 4933 1874 3295
f 6186 6447 1570
f 6542 2449 4714
f 4714 2163 6542
f 6691 4966 6447
f 6691 3373 4966
f 3708 2292 941
f 941 2292 5148
f 4395 5689 3373
f 5148 2292 831
f 3228 5689 4395
f 1560 6793 4247
f 1560 4279 6793
f 4247 6793 7317
f 6381 5616 3330
f 4149 6736 855
f 855 3702 3284
f 855 3801 3702
f 3425 89 782
f 7089 6860 6985
f 7089 6985 4032
f 4032 2630 7089
f 2529 3425 4297
f 2529 4297 6860
f 2441 2731 6853
f 2664 7035 5578
f 3358 7035 5093
f 316 5335 5280
f 5280 5826 5766
f 2698 5473 2205
f 6317 5196 4630
f 6026 1659 4777
f 6577 574 3435
f 3508 7076 6026
f 3508 1314 7076
f 4664 1314 1316
f 6577 3435 2027
f 6242 3295 5443
f 6058 2298 1382
f 5052 863 5300
f 6058 2768 2449
f 1570 5052 5300
f 5805 2163 4714
f 5805 892 3708
f 3228 1496 5689
f 1560 1823 4279
f 3330 5616 1496
f 7317 6793 6484
f 4758 2087 6381
f 4641 6549 4758
f 6337 3801 2647
f 3702 3801 6337
f 3702 6337 5438
f 3475 3702 5438
f 7339 4641 4678
f 5438 1324 3475
f 4678 845 7339
f 89 3475 1324
f 1324 782 89
f 3370 1905 5897
f 1500 3370 5897
f 1500 2764 3370
f 2723 3697 1905
f 4619 2441 7371
f 2052 6005 316
f 3083 1992 5093
f 3083 3771 1992
f 5335 316 6005
f 5335 5826 5280
f 5766 5966 574
f 1659 6026 7076
f 3469 3435 574
f 6242 5443 6156
f 3435 2298 2027
f 3435 1382 2298
f 1874 4759 3295
f 4759 1874 509
f 1189 6447 4966
f 5805 4714 2224
f 4966 4303 1189
f 2224 892 5805
f 3373 4303 4966
f 3373 5689 4303
f 5689 3472 4303
f 4943 3472 5689
f 1496 4152 5689
f 5689 4152 4943
f 1496 1151 4152
f 5616 1151 1496
f 6793 4279 4429
f 2722 6736 6484
f 6736 2722 6034
f 6736 6034 855
f 855 6034 3801
f 4641 7339 6549
f 3425 782 2463
f 3425 2463 4297
f 4297 2463 387
f 4297 387 6860
f 6860 387 6985
f 6985 387 4032
f 4032 5385 2630
f 5385 4032 1544
f 5385 1544 2145
f 845 5385 2145
f 2764 5687 3370
f 6718 5687 2764
f 3383 4002 2731
f 5326 2052 6074
f 5326 6074 2723
f 6005 2052 5326
f 7073 5578 7035
f 5858 7073 7035
f 2448 6088 3771
f 5766 5826 5966
f 2698 5196 5467
f 6317 5467 5196
f 3829 4630 2795
f 2795 4315 3829
f 1076 4315 60
f 1076 60 4777
f 4777 1659 1076
f 4664 1755 1314
f 7088 1755 4664
f 6156 7088 4664
f 6156 5443 7088
f 3435 2405 4115
f 3435 4115 1382
f 509 2308 4759
f 2768 6058 1382
f 863 2610 509
f 1570 4025 5052
f 4025 6447 2254
f 1570 6447 4025
f 6447 1189 2254
f 2224 4714 1452
f 1452 4714 2449
f 3708 5047 2292
f 1542 4943 4152
f 5922 1823 831
f 5922 4279 1823
f 5922 3509 4279
f 4923 1542 4152
f 4279 3509 4429
f 4152 1151 4923
f 4429 3887 6793
f 6793 3887 6484
f 6381 4042 5616
f 6381 2087 4042
f 6034 2937 3801
f 3801 2937 2647
f 7143 782 1324
f 782 7143 2463
f 672 1905 3370
f 672 716 2723
f 672 2723 1905
f 6718 4166 5687
f 5326 2723 716
f 2441 3383 2731
f 4361 3792 6909
f 5117 6005 5326
f 7073 5542 5578
f 3358 5858 7035
f 1992 3358 5093
f 2698 5956 5473
f 660 3829 4315
f 660 4315 1076
f 7076 3321 1659
f 3321 7076 1314
f 1755 3321 1314
f 2405 3435 3469
f 5443 3182 7088
f 3295 3182 5443
f 4115 2768 1382
f 2610 2308 509
f 1452 2449 2768
f 892 2224 1409
f 5047 3708 1676
f 1676 3708 892
f 2955 831 2292
f 2955 5922 831
f 5922 4449 3509
f 1151 5616 4923
f 3887 5801 6484
f 5801 2722 6484
f 2722 5801 6034
f 4758 3738 2087
f 5959 6549 7339
f 6337 96 5438
f 96 1324 5438
f 1324 96 7143
f 7143 5310 2463
f 845 2145 7339
f 2463 5310 5583
f 2463 5583 387
f 387 5583 4032
f 5687 2003 3370
f 5687 4166 2003
f 5191 4166 6718
f 4002 5191 6718
f 5467 5956 2698
f 4833 5966 5826
f 994 574 5966
f 1659 3321 1076
f 994 3469 574
f 6731 3469 994
f 860 3321 1755
f 3469 6731 2405
f 863 5052 2610
f 4115 6174 1452
f 1452 2768 4115
f 1452 2573 2224
f 1189 4303 4466
f 4794 892 1409
f 4794 1676 892
f 3472 1196 4303
f 2955 2292 5047
f 5945 4943 4321
f 4321 4943 1542
f 4321 1542 65
f 5922 2955 4449
f 4923 65 1542
f 3509 4449 4429
f 5801 2996 6034
f 6034 2996 2937
f 6549 3738 4758
f 146 6337 2647
f 146 3587 6337
f 6337 3587 96
f 96 1774 7143
f 1774 5310 7143
f 5647 2340 5583
f 2340 4032 5583
f 4032 2340 1544
f 7228 2003 4166
f 716 672 5608
f 3383 5191 4002
f 4619 82 2441
f 716 5608 5326
f 5608 5117 5326
f 5608 5308 5117
f 3792 4619 4236
f 7073 6909 5542
f 5858 2028 7073
f 5117 4876 6005
f 6005 4876 4216
f 4216 5335 6005
f 3771 2533 1992
f 5335 5206 5826
f 5335 4216 5206
f 5826 5206 4833
f 3505 4630 3829
f 4833 994 5966
f 340 2405 6731
f 3182 3366 7088
f 2405 340 4115
f 3182 3295 1513
f 2308 868 4759
f 1452 6174 2573
f 4466 2254 1189
f 4303 1196 4466
f 4943 5945 3472
f 4449 2955 419
f 6994 4429 4449
f 5801 3887 4051
f 2494 2937 2996
f 2494 2647 2937
f 6549 5959 3738
f 2647 2494 146
f 3587 1774 96
f 7199 7339 7258
f 5959 7339 7199
f 5310 2803 5583
f 2803 5647 5583
f 2145 7258 7339
f 1544 7258 2145
f 5970 672 3370
f 4043 3370 2003
f 4043 5970 3370
f 6507 672 5970
f 1140 5970 4043
f 4043 2003 7228
f 672 6507 5608
f 7228 4166 5191
f 1498 5191 3383
f 950 1498 3383
f 2441 82 3383
f 5608 6507 6713
f 5608 6713 5308
f 3792 82 4619
f 4876 5117 5308
f 2533 5834 1992
f 966 2533 3771
f 966 3771 6088
f 5956 6088 5473
f 3505 6317 4630
f 660 3505 3829
f 4654 994 4833
f 660 1076 5309
f 3321 5309 1076
f 860 1755 3366
f 7088 3366 1755
f 4759 1513 3295
f 868 1513 4759
f 2610 1529 2308
f 3813 2254 4466
f 3472 5945 1196
f 5047 419 2955
f 4321 2911 5945
f 6252 2911 4321
f 6252 4321 65
f 3887 4429 6994
f 4042 2063 5616
f 4051 454 5801
f 2996 5801 454
f 2087 3738 4042
f 2996 454 2494
f 5310 5133 2803
f 2340 5647 1544
f 1544 5647 7258
f 5970 1140 6507
f 1140 4043 4810
f 4317 4043 7228
f 5191 1498 7228
f 7228 1498 4317
f 4653 6507 5224
f 5224 6507 1140
f 3383 82 950
f 4653 6713 6507
f 82 3792 833
f 6909 7073 3931
f 2028 3931 7073
f 3358 2028 5858
f 5834 3358 1992
f 7250 4216 4876
f 966 5834 2533
f 6088 5077 966
f 5956 5077 6088
f 1703 4833 5206
f 2194 5467 6317
f 3505 2194 6317
f 1703 1455 4833
f 1455 4654 4833
f 5309 3321 2507
f 4654 6731 994
f 2507 3321 860
f 340 6731 1225
f 4367 340 1225
f 4367 4115 340
f 5052 6809 2610
f 4025 6809 5052
f 6174 1948 2573
f 3813 4025 2254
f 3235 2224 2573
f 3235 1409 2224
f 3235 4794 1409
f 2462 4794 3235
f 2462 1676 4794
f 2462 3187 1676
f 3187 5047 1676
f 4098 5047 3187
f 4098 419 5047
f 419 3302 4449
f 2534 65 4923
f 4449 3302 6994
f 6994 3959 3887
f 3887 3959 4051
f 5616 2063 4923
f 4042 3738 6341
f 146 2494 3715
f 5959 1850 3738
f 146 3268 3587
f 2273 1774 3268
f 1774 3587 3268
f 1774 2182 5310
f 7199 1850 5959
f 5310 2182 5133
f 7258 298 7199
f 5647 298 7258
f 5224 1140 4810
f 2642 4317 1498
f 915 1498 950
f 915 2642 1498
f 833 950 82
f 833 5013 950
f 4361 833 3792
f 6909 3455 4361
f 3931 3455 6909
f 966 3783 5834
f 7250 5206 4216
f 5077 3783 966
f 3545 2194 3505
f 3545 3505 660
f 5309 6097 660
f 1455 6653 4654
f 3984 6731 4654
f 6731 3984 1225
f 1225 222 4367
f 1513 3366 3182
f 6809 1529 2610
f 4367 6174 4115
f 6174 4367 1948
f 6809 4025 3813
f 1387 2573 1948
f 4466 6545 3813
f 1387 3235 2573
f 3235 1387 3233
f 4466 1196 5155
f 4098 3187 708
f 4098 708 419
f 736 419 708
f 419 736 3302
f 4935 898 454
f 454 898 2494
f 2494 898 3715
f 146 3715 3268
f 2803 2182 3828
f 5133 2182 2803
f 2182 1774 2273
f 7199 1629 1850
f 4317 3192 4043
f 4043 3192 4810
f 4810 814 5224
f 1639 4810 3192
f 2642 3192 4317
f 5013 915 950
f 5057 4653 5224
f 814 4810 1639
f 5013 833 4361
f 242 4876 5308
f 242 5308 6713
f 5527 5467 2194
f 1455 1703 4158
f 660 6097 3545
f 1455 3556 6653
f 5309 2507 3037
f 4654 6653 3984
f 3366 3709 860
f 868 2308 1529
f 5865 1948 4367
f 4466 5155 6545
f 1246 3235 3233
f 2539 1196 5945
f 933 2462 1246
f 1246 2462 3235
f 708 3187 2462
f 2462 933 708
f 2534 6252 65
f 5432 6994 3302
f 6994 5432 3959
f 2534 4923 4455
f 4051 3959 4704
f 4923 2063 4455
f 4051 4704 454
f 4704 4935 454
f 2063 4042 6341
f 394 6341 3738
f 3738 1850 394
f 3979 3828 2182
f 298 1629 7199
f 298 7085 1629
f 298 3828 7085
f 3828 5647 2803
f 5647 3828 298
f 3192 1756 1639
f 3192 2642 1756
f 915 7052 2642
f 458 4653 5057
f 5224 814 5057
f 7052 915 5013
f 5928 7052 5013
f 458 6713 4653
f 242 7250 4876
f 3358 5834 2028
f 5956 3252 5077
f 3661 5206 7250
f 3661 1703 5206
f 5527 5956 5467
f 5527 2194 3545
f 1455 4158 3556
f 3037 6097 5309
f 3556 4254 6653
f 4234 3037 2507
f 4254 3984 6653
f 222 1225 3984
f 868 1529 6323
f 5865 4367 222
f 1387 1948 4468
f 4468 1948 5865
f 2539 5155 1196
f 736 4111 3302
f 5432 6813 3959
f 6813 4704 3959
f 2063 6341 5640
f 394 1850 1629
f 3268 3715 5059
f 3268 5059 2273
f 6894 2182 2273
f 2182 6894 3979
f 3979 1096 3828
f 2642 7052 1756
f 1756 7052 6244
f 1756 6438 1639
f 677 814 1639
f 3455 5013 4361
f 458 5057 230
f 3931 2028 7117
f 6520 7117 2028
f 458 1480 6713
f 1480 458 230
f 2028 5834 6520
f 242 6713 1480
f 3783 6183 5834
f 3661 7250 242
f 2810 6183 3783
f 5077 3252 3783
f 54 3252 5956
f 5527 54 5956
f 4158 1703 3297
f 3297 1703 3661
f 3209 5527 3545
f 7265 3545 6097
f 860 4234 2507
f 860 3709 4234
f 3366 6387 3709
f 1513 4268 6387
f 1513 6387 3366
f 5950 1513 868
f 6323 5950 868
f 5865 222 6765
f 6765 2391 5865
f 5865 2391 4468
f 5899 6809 3813
f 6545 5899 3813
f 5155 6251 6545
f 2539 7346 5155
f 2911 2539 5945
f 736 708 1593
f 1593 708 933
f 6461 2911 6252
f 3302 4111 5432
f 4935 4899 898
f 394 5640 6341
f 898 4899 3715
f 3715 4899 5059
f 5059 6894 2273
f 1096 7085 3828
f 1639 6438 677
f 5928 5013 3455
f 1011 230 5057
f 814 1011 5057
f 1011 814 677
f 5834 1550 6520
f 1550 5834 6183
f 242 1480 3661
f 3252 2810 3783
f 54 2810 3252
f 5527 3209 741
f 3209 3545 7265
f 2398 4158 471
f 6097 1837 7265
f 1837 6097 3037
f 4234 194 3037
f 2524 4234 3709
f 3984 3356 222
f 222 3356 6765
f 897 2391 6765
f 1513 5950 4268
f 1529 5099 6323
f 5899 5099 6809
f 6809 5099 1529
f 4078 5899 6545
f 6545 6251 4078
f 3145 4468 2391
f 3233 1387 3145
f 3145 1387 4468
f 1873 1246 2766
f 2766 1246 3233
f 1873 933 1246
f 7346 2539 6000
f 933 1873 1593
f 6000 2539 2911
f 736 1593 2454
f 6252 2534 6461
f 5432 4111 6813
f 3881 4704 6813
f 3881 3148 4704
f 3148 4935 4704
f 2063 5640 4455
f 4935 3148 4899
f 5059 4899 865
f 865 6894 5059
f 6894 6658 3979
f 6244 6438 1756
f 197 7052 5928
f 197 6244 7052
f 2100 5928 3455
f 2100 3455 879
f 879 3455 3931
f 879 3931 7117
f 6520 1537 7117
f 5716 6520 1550
f 2350 3661 1480
f 3297 3661 2350
f 3297 471 4158
f 6743 7265 1837
f 4158 2398 3556
f 3037 6743 1837
f 6743 194 2552
f 3037 194 6743
f 4234 2524 194
f 6387 5905 2524
f 6387 2524 3709
f 4254 4553 3984
f 4553 3356 3984
f 4268 5905 6387
f 4268 6780 5905
f 5950 6780 4268
f 1303 2391 897
f 1303 3145 2391
f 3145 1303 2380
f 6251 3424 6
f 3145 2380 3233
f 5155 5444 3424
f 5155 3424 6251
f 5155 7346 5444
f 1593 1114 2454
f 2911 6461 6000
f 4111 736 2454
f 563 6813 4111
f 6813 563 3881
f 3148 6033 4899
f 4899 6033 2106
f 4899 2106 865
f 3979 6658 104
f 6894 865 6658
f 1629 3495 394
f 104 1096 3979
f 104 3686 1096
f 1096 3686 6469
f 1629 6469 3495
f 7085 6469 1629
f 1096 6469 7085
f 5928 2100 197
f 2100 879 490
f 1285 1480 230
f 5716 1550 6183
f 2810 54 689
f 54 5527 5021
f 5021 5527 741
f 7196 741 3209
f 471 3297 4409
f 7265 7196 3209
f 4254 3556 2398
f 2398 471 4254
f 2552 194 5611
f 194 3577 5611
f 5905 3577 2524
f 3577 194 2524
f 297 3356 4553
f 6780 3324 5905
f 6765 3356 297
f 6323 5099 4732
f 2380 1303 2482
f 1044 4078 6
f 6251 6 4078
f 2766 3233 2380
f 7346 1348 5444
f 1114 1593 1873
f 6000 1348 7346
f 2454 1114 3690
f 6461 3960 6000
f 2454 5446 4111
f 4111 5446 563
f 6461 2534 5652
f 4455 5652 2534
f 5640 132 4455
f 5640 4501 132
f 6033 4210 2106
f 6658 6019 104
f 394 3495 4501
f 394 4501 5640
f 4026 6438 6244
f 490 4715 2100
f 6438 4026 677
f 4715 6244 197
f 197 2100 4715
f 879 6253 490
f 677 3106 1011
f 7117 6253 879
f 3106 230 1011
f 7117 2479 6253
f 6520 5716 1537
f 1543 5716 6183
f 1543 6183 2810
f 7265 1996 7196
f 5434 1996 6743
f 1996 7265 6743
f 5434 6743 2552
f 5434 2552 5611
f 3577 3595 5611
f 5275 6780 5950
f 1457 897 6765
f 297 1457 6765
f 897 1457 4371
f 4371 1303 897
f 5275 5950 6323
f 4732 5275 6323
f 299 5899 4078
f 5099 5899 299
f 5444 3909 3424
f 3424 3909 7160
f 2380 2482 464
f 464 2766 2380
f 2766 5146 1873
f 5146 1114 1873
f 6000 3960 1348
f 683 3690 1114
f 5446 2454 3690
f 5446 3690 73
f 73 563 5446
f 563 1956 3881
f 4455 1812 5652
f 3881 1956 3148
f 3148 1956 6033
f 132 1812 4455
f 1126 6019 2393
f 865 2106 2393
f 865 2393 6658
f 6658 2393 6019
f 6469 2010 3495
f 4026 6244 4715
f 7117 1537 2479
f 1285 230 3106
f 1543 1537 5716
f 2810 1223 1543
f 6245 2350 1480
f 1285 6245 1480
f 5021 689 54
f 741 2209 5021
f 2209 7196 6613
f 741 7196 2209
f 4409 3297 2350
f 6613 7196 3815
f 3815 7196 1996
f 5434 6650 1996
f 5611 3595 5434
f 5275 3324 6780
f 1457 297 4791
f 1303 4371 2482
f 5099 2211 4732
f 299 2211 5099
f 4078 1044 299
f 1044 6 7185
f 3424 7160 6
f 3304 464 2482
f 464 5298 5146
f 5146 2766 464
f 3960 5980 1348
f 563 73 524
f 1956 563 524
f 1956 6250 6033
f 6033 6250 4210
f 4210 2393 2106
f 132 4501 154
f 7236 104 6019
f 7236 3686 104
f 3495 2010 154
f 4501 3495 154
f 3686 2010 6469
f 490 1108 4715
f 490 1950 891
f 1950 490 6253
f 1537 1543 4492
f 689 1223 2810
f 6245 4675 2350
f 5021 2687 689
f 6613 2701 2209
f 2701 5021 2209
f 6650 3815 1996
f 1828 6650 5434
f 2612 471 4409
f 471 2612 4553
f 4254 471 4553
f 5217 3595 3577
f 5217 3577 5905
f 4329 3324 5275
f 299 1044 5023
f 299 5023 2211
f 3304 2482 2374
f 2374 6548 3304
f 3304 6548 464
f 5298 464 6548
f 5444 1348 4567
f 1348 5980 4567
f 1114 5146 5298
f 1114 5298 683
f 3960 2480 5980
f 73 3690 2600
f 6012 73 2600
f 5778 3960 5652
f 6461 5652 3960
f 6012 524 73
f 1812 5778 5652
f 1812 2796 5778
f 1812 132 2796
f 2393 4210 1126
f 154 2796 132
f 3686 7236 6228
f 2010 3686 6228
f 29 677 4026
f 1434 29 4026
f 4026 234 1434
f 4026 4715 234
f 6848 234 4715
f 6848 4715 1108
f 490 891 1108
f 677 29 3106
f 5806 3106 29
f 6253 1822 1950
f 1822 6253 2479
f 5806 1285 3106
f 4492 2479 1537
f 1018 4492 1543
f 1223 1018 1543
f 333 1223 689
f 689 2687 333
f 2687 5021 2701
f 4675 4409 2350
f 3607 2701 6613
f 3607 6613 3815
f 6650 3607 3815
f 1828 5434 3121
f 3595 3121 5434
f 3324 5217 5905
f 4329 4755 3324
f 297 4553 4791
f 4732 4329 5275
f 4109 1457 4791
f 4109 4371 1457
f 2374 2482 4371
f 7160 7185 6
f 5312 7160 3909
f 380 5298 6548
f 5980 4077 7227
f 5980 2480 4077
f 683 5298 815
f 3690 683 815
f 5778 2480 3960
f 524 3612 1956
f 1956 3612 6250
f 4210 6250 6604
f 2796 4217 5778
f 1126 4210 6604
f 1126 6604 151
f 6019 1126 151
f 6019 151 7236
f 7236 720 6228
f 2010 6228 154
f 1108 6925 6848
f 891 6925 1108
f 1822 891 1950
f 5806 6245 1285
f 1018 1223 6886
f 333 6886 1223
f 3312 4675 6245
f 3121 3595 5217
f 2612 3412 4553
f 3349 5217 3324
f 3349 3324 4755
f 4791 4553 3412
f 3412 3596 4791
f 2211 6102 4732
f 4109 5698 4371
f 2211 5023 6102
f 5023 2812 6102
f 4371 5698 2374
f 1044 7185 1460
f 5023 1044 1460
f 7160 4067 7185
f 5312 3909 7030
f 2374 6149 6548
f 5444 4567 3909
f 3909 4567 7030
f 7142 6548 6149
f 7142 380 6548
f 380 7142 815
f 380 815 5298
f 2600 3690 815
f 2480 1134 4077
f 1134 2480 4099
f 6012 4957 524
f 5778 4099 2480
f 5778 4217 4099
f 6250 3612 6604
f 151 6604 4529
f 720 7236 151
f 4529 720 151
f 5508 154 6228
f 5508 6228 720
f 154 5508 2796
f 3754 29 1434
f 6925 891 76
f 3754 1921 29
f 258 891 1822
f 5806 29 1921
f 6085 1822 2479
f 6948 6085 2479
f 1183 2479 4492
f 6886 1183 4492
f 6886 4492 1018
f 6245 5806 470
f 3312 6245 470
f 5749 333 2687
f 2701 5749 2687
f 3312 1300 4675
f 4675 1300 4409
f 4311 3607 6650
f 6650 1828 4311
f 6102 4329 4732
f 5023 1460 2812
f 1460 7185 2336
f 5312 2043 7160
f 6149 2374 2747
f 5980 7227 4567
f 21 815 7142
f 395 815 21
f 2600 815 395
f 2600 395 6012
f 6012 395 4957
f 4377 3612 524
f 6604 3612 4377
f 4377 4529 6604
f 2796 5508 4217
f 1434 234 3754
f 234 6848 6925
f 2968 6925 76
f 258 76 891
f 6085 258 1822
f 2479 1183 6948
f 331 3107 6886
f 331 6886 333
f 5749 331 333
f 3560 331 5749
f 4409 4037 2612
f 4311 1828 6640
f 1828 3121 6640
f 2612 4037 3412
f 4503 3349 4755
f 4755 2678 4503
f 4329 2678 4755
f 2678 4329 6102
f 4791 3596 1556
f 6102 2812 2678
f 4791 1556 5283
f 4791 5283 4109
f 2336 7185 4067
f 7160 2043 4067
f 2785 2374 5698
f 2374 2785 2747
f 6125 7142 6149
f 4077 530 7227
f 6125 21 7142
f 21 6125 544
f 1134 530 4077
f 395 21 544
f 4099 5397 1134
f 524 4957 6877
f 524 6877 4377
f 4217 4589 4099
f 4377 5408 4529
f 4217 5508 4589
f 4529 4331 5508
f 5508 720 4529
f 234 2968 3754
f 6925 2968 234
f 6085 6948 3770
f 5806 1861 2589
f 1861 5806 1921
f 2589 470 5806
f 3107 1183 6886
f 470 1931 3312
f 5749 4414 3560
f 3312 1931 1300
f 4414 5749 2701
f 4037 4409 1300
f 4037 1300 1530
f 3607 4414 2701
f 6003 3121 5217
f 3349 6003 5217
f 3596 3412 4037
f 4576 5698 4109
f 2043 6017 4067
f 4567 7227 7030
f 4743 7227 530
f 3676 530 1134
f 6737 395 544
f 6737 4957 395
f 36 3676 5397
f 1134 5397 3676
f 4957 6737 6877
f 4589 5397 4099
f 6877 5408 4377
f 5508 4331 4589
f 3754 995 1921
f 3770 258 6085
f 995 1861 1921
f 3770 6948 922
f 1183 922 6948
f 7128 922 1183
f 7128 1183 3107
f 634 470 2589
f 3156 3107 331
f 3560 3156 331
f 470 634 1931
f 634 48 1931
f 48 1300 1931
f 1300 48 1530
f 1271 4414 3607
f 4311 1271 3607
f 3558 4037 1530
f 3558 3596 4037
f 2162 6640 3121
f 6003 2162 3121
f 4503 6003 3349
f 1567 3596 3558
f 1567 1556 3596
f 2812 2133 2678
f 1567 5283 1556
f 1460 2133 2812
f 5791 4576 5283
f 5283 4576 4109
f 7227 4743 6015
f 4743 3676 6187
f 3676 4743 530
f 5397 4846 36
f 5408 6877 1726
f 4589 4846 5397
f 4589 4331 4846
f 4529 5408 4331
f 2968 995 3754
f 7023 2968 76
f 7023 76 1107
f 258 1107 76
f 258 1142 1107
f 1142 258 3770
f 3423 2589 1861
f 3423 1861 995
f 3423 995 535
f 7128 3156 1220
f 3107 3156 7128
f 2589 3423 634
f 4029 3156 4204
f 4204 3156 3560
f 4414 4204 3560
f 3558 4451 1567
f 2678 2133 4106
f 2678 4106 4503
f 1460 5109 2133
f 6017 4591 4067
f 4067 4591 2336
f 4576 5791 757
f 757 5698 4576
f 757 2785 5698
f 7030 3234 6866
f 7030 6866 5312
f 7227 3234 7030
f 7227 6015 3234
f 6149 2747 6165
f 6149 6165 6125
f 4743 1121 6015
f 6125 6165 544
f 544 6165 4585
f 4743 6187 1121
f 36 6187 3676
f 4585 6737 544
f 6737 4585 7320
f 3288 6737 7320
f 6737 3288 1726
f 1726 6877 6737
f 5025 36 4846
f 4331 5408 1726
f 4331 1726 5025
f 4846 4331 5025
f 3770 2048 1142
f 3770 397 2048
f 922 397 3770
f 397 922 1220
f 7128 1220 922
f 6140 3423 535
f 1220 3156 4029
f 7098 634 3423
f 5407 4204 4414
f 1271 5407 4414
f 5770 5407 1271
f 5770 1271 4311
f 3856 1530 48
f 6640 5770 4311
f 1530 3856 3558
f 2162 2354 6640
f 6640 2354 5770
f 6003 1153 2162
f 2162 1153 2354
f 4503 4106 6003
f 6003 4106 1153
f 2133 5109 4106
f 1567 5755 5283
f 1460 2336 5109
f 2336 4591 5156
f 4412 6017 1919
f 6017 4412 4591
f 5349 757 5791
f 2043 5184 1919
f 2043 1919 6017
f 2043 5312 5184
f 6866 5184 5312
f 2365 2785 757
f 2785 2365 2747
f 6015 6866 3234
f 523 6015 1121
f 2932 523 1121
f 4585 5953 7320
f 6187 2932 1121
f 7320 5953 3288
f 36 2932 6187
f 36 5025 2932
f 115 1726 3288
f 1726 115 7080
f 5025 1726 7080
f 535 995 2968
f 4543 535 2968
f 7023 4543 2968
f 513 1107 1142
f 535 1985 6140
f 468 2048 397
f 1220 468 397
f 6140 1985 6129
f 6140 7098 3423
f 2060 4029 4204
f 634 4842 48
f 2854 5407 5770
f 48 4842 3856
f 3558 3856 4451
f 5109 2738 4106
f 5755 1567 4451
f 5156 3332 2738
f 5156 2738 5109
f 5156 5109 2336
f 5791 5283 5755
f 6866 4433 7323
f 6218 2747 2365
f 4433 6866 6015
f 6218 6165 2747
f 6015 523 4433
f 6165 5953 4585
f 2932 5762 523
f 2932 7080 5762
f 115 3288 805
f 7080 805 2654
f 5025 7080 2932
f 7080 115 805
f 1985 535 4543
f 1985 4543 2306
f 4543 7023 1339
f 1339 7023 1107
f 513 1339 1107
f 513 1142 1983
f 1983 1142 2048
f 1983 2048 3405
f 3405 2048 468
f 1860 6140 6129
f 1804 3405 468
f 1804 468 1220
f 1860 7098 6140
f 7098 1657 634
f 7098 1860 1657
f 1804 1220 4029
f 1804 4029 2060
f 1657 4842 634
f 6592 2060 4204
f 6592 4204 5407
f 2854 6592 5407
f 5770 2354 2854
f 1153 7015 2354
f 4106 7015 1153
f 4106 981 7015
f 2738 981 4106
f 3332 5156 2846
f 5755 512 5791
f 4591 2846 5156
f 3492 2846 4412
f 4412 2846 4591
f 3492 4412 1919
f 5184 7323 1919
f 2365 757 5349
f 6866 7323 5184
f 6218 2365 6648
f 5762 4433 523
f 5762 207 4433
f 6372 5953 6165
f 5762 2654 3230
f 2654 5762 7080
f 3288 5953 805
f 5953 2654 805
f 1339 2306 4543
f 6129 1985 2306
f 3983 513 1983
f 293 3405 1804
f 4088 293 1804
f 4088 5150 293
f 2060 4088 1804
f 6592 4088 2060
f 1657 1860 6805
f 1493 5150 4088
f 5882 4088 6592
f 5882 1493 4088
f 2893 1493 6333
f 2854 5882 6592
f 2893 6333 6325
f 6286 6333 1493
f 6286 1493 5882
f 2019 5882 2854
f 6286 5882 2019
f 2354 2019 2854
f 1449 3856 4842
f 4419 6446 6325
f 6333 4419 6325
f 3856 1449 5496
f 3856 5496 4451
f 4419 6333 6286
f 7015 2019 2354
f 4451 5496 2426
f 4419 5701 6446
f 4419 6286 3994
f 981 3994 7015
f 4451 2426 5755
f 6446 5701 6300
f 4022 5755 2426
f 512 5755 4022
f 6300 5701 942
f 5701 4419 3994
f 2846 942 5701
f 2846 5701 3994
f 3332 3994 981
f 3332 981 2738
f 3332 2846 3994
f 3492 942 2846
f 5791 512 5349
f 1919 2414 3492
f 7323 2414 1919
f 5349 3025 2365
f 2365 3025 6648
f 4433 207 7323
f 6218 6648 2155
f 6218 2155 4647
f 4647 6165 6218
f 5762 3230 207
f 207 3230 2112
f 6372 6165 4647
f 3230 6372 421
f 2654 6372 3230
f 5953 6372 2654
f 3983 1339 513
f 2306 1339 3983
f 2306 4202 6129
f 1983 3405 6002
f 293 6002 3405
f 4202 1860 6129
f 293 6464 6002
f 5150 6464 293
f 6464 5150 1493
f 1860 4202 6805
f 6010 6464 1493
f 2893 6010 1493
f 6805 4842 1657
f 5464 6010 2893
f 6325 5464 2893
f 1449 4842 6805
f 5768 5464 6325
f 6446 5768 6325
f 3994 6286 2019
f 3994 2019 7015
f 5768 6446 2361
f 5349 512 4022
f 3492 2414 942
f 6648 3025 1374
f 7323 7056 2414
f 1374 2155 6648
f 1911 2155 1374
f 5323 7056 207
f 207 7056 7323
f 2112 5323 207
f 3230 421 2112
f 4647 2155 6960
f 4647 6960 6372
f 6372 6960 421
f 2306 3983 1024
f 5528 3983 1983
f 1024 4202 2306
f 6010 4286 2811
f 6464 6010 2811
f 4286 6010 5464
f 6446 6300 2361
f 1859 6300 942
f 1859 2361 6300
f 3025 4022 1195
f 2414 1859 942
f 3025 5349 4022
f 5929 1374 1195
f 1195 1374 3025
f 5929 1911 1374
f 5323 3824 7056
f 6960 2155 1911
f 421 1852 2112
f 6960 1852 421
f 6002 5528 1983
f 5398 6002 6464
f 2811 5398 6464
f 4202 3681 6805
f 5464 5768 4286
f 3681 1449 6805
f 5138 1449 3681
f 5138 5496 1449
f 4022 2426 1650
f 1195 4022 1650
f 1195 1650 5929
f 2414 6136 1859
f 6802 1911 5929
f 7056 3824 6136
f 7056 6136 2414
f 3326 1911 6802
f 3579 3824 5323
f 3326 3579 2112
f 2112 3579 5323
f 1852 3326 2112
f 3326 6960 1911
f 6960 3326 1852
f 3983 5528 1024
f 5528 6002 5398
f 1650 5496 5138
f 1650 2426 5496
f 1650 4350 5929
f 6136 6874 1859
f 3824 4739 6136
f 3579 6802 4739
f 3579 4739 3824
f 3326 6802 3579
f 5528 6893 1024
f 5398 6893 5528
f 4372 4202 1024
f 4372 3681 4202
f 3810 1650 5138
f 1859 6874 2361
f 6802 5929 4350
f 4739 6874 6136
f 3684 6893 5398
f 2811 3684 5398
f 2811 4286 3684
f 2361 6199 5768
f 5768 6199 4286
f 3681 3810 5138
f 2361 6874 6199
f 4739 4350 6874
f 6802 4350 4739
f 6893 4372 1024
f 4372 6893 3684
f 251 4372 3684
f 251 3684 4286
f 3810 3681 4372
f 6199 311 251
f 6199 251 4286
f 6874 311 6199
f 4350 3810 311
f 4350 311 6874
f 3810 4350 1650
f 4372 251 3810
f 251 311 3810