# https://github.com/mikedh/trimesh
v -55.28412975 -9.28006686 -29.93721671
v 61.63444322 -24.38336187 -18.79232096
v 45.03169499 -14.15758255 -28.77033651
v 11.36669745 4.10710655 -28.83511818
v 19.39340619 -3.62058083 -35.00197999
v 33.88891695 -5.56758296 -17.54618456
v 41.52978942 -9.51362913 -38.39703915
v 29.64528454 -6.59890847 -24.62915835
v 6.91541821 2.73221466 -36.02114021
v -8.56905138 3.57894361 -35.50911005
v 10.25379039 11.94039670 -43.24130011
v 27.56882999 -8.22869587 -43.52363765
v -45.99777738 -7.92239874 -4.08773472
v -45.72547776 -3.26347263 -20.90605637
v -32.56799682 -4.56178549 -33.09219962
v 45.77217034 -14.58202645 -27.86401027
v -0.34559464 4.03431084 -39.22449685
v 11.19144878 11.17406920 -52.12569943
v 49.19595984 -10.49194384 -19.36675091
v -39.57939955 -3.43905834 -18.10809073
v -29.86005274 -5.98893498 -12.13493787
v 19.08380702 -5.66381235 -43.14447583
v -34.19402989 -5.38400802 -31.37413971
v -12.18790848 2.79842247 -25.61873679
v -0.18652027 7.35641861 -44.11917687
v -7.43848835 -1.15014180 -25.74707498
v -0.77082931 16.56059137 -43.80796623
v 52.09751916 -19.03907938 -25.32016133
v 31.60557993 -14.36350322 -9.63737120
v 24.45700867 -12.15097245 -12.07314128
v -0.74370951 12.65699540 -40.50897415
v -0.17465414 13.92013776 -51.65044748
v 25.85858306 -6.13977490 -48.90484304
v 35.94235045 -10.29392610 -42.65549564
v -22.33657473 8.63806098 -35.13341866
v -37.91869490 -2.07415435 -20.23799831
v 13.61215870 3.66063581 -52.86817113
v -45.79827269 -13.38061646 -8.91925277
v 0.93807359 -0.55608777 -26.96713388
v 2.85003996 2.69526090 -36.23490518
v 18.99590093 -2.69601299 -38.45496131
v -11.03401205 -2.51605548 -26.02077890
v -44.47175963 -7.84653567 -22.51806197
v -2.29619154 10.54169514 -38.61129705
v -32.49351278 2.11110328 -37.72953888
v -5.88892634 2.20173812 -25.56767098
v 13.88842452 -1.63267290 -33.12381200
v -49.69359093 -8.19601368 -2.23814632
v 58.77494993 -25.17457100 -18.12118923
v -22.50639049 5.95358521 -44.33204693
v -18.02611817 -0.76743935 -21.69779104
v 25.80859371 0.95152774 -40.81035611
v -22.11691138 6.32026007 -45.88775690
v 29.45943201 -14.24594193 -11.48100752
v 2.54506793 9.38989631 -36.77278072
v 62.39287132 -19.42453009 -14.46728405
v 17.16576276 7.04859484 -36.03132862
v 51.05476528 -20.86656765 -14.96802845
v 36.72079614 -11.50124594 -8.12513165
v 2.78099291 7.37053862 -33.11340892
v -48.06263850 -4.26959368 -19.18609889
v -27.94018584 5.17677741 -38.39428569
v 23.87796559 -2.18757215 -46.55185615
v 16.43453682 -1.13223072 -43.55847691
v 5.01748704 15.79695723 -49.56426004
v -16.81976657 4.82110531 -29.78793004
v -47.65323465 -5.42788638 -14.54583071
v -0.89735553 3.86470591 -25.99192185
v -38.47760139 -11.09421263 -12.82237508
v 11.04517757 3.05647466 -38.97699424
v -61.20334777 -16.39510352 -4.69977266
v -50.67033581 -11.15664997 -18.76791221
v 6.80036027 -1.71797874 -25.99627771
v 32.18236991 -3.74676602 -45.33945384
v -48.04548206 -5.98607281 -35.85894558
v 16.08945308 -3.24093327 -33.07541067
v -45.41914677 -5.99978241 -37.91925138
v -52.61475573 -14.45268342 -21.17801792
v 19.61939602 -6.31758994 -43.02434225
v 16.89455082 3.68435198 -51.93573303
v 17.30771911 -2.23556480 -48.71956475
v 27.71425368 -7.45532025 -21.92127413
v -24.81110647 -5.09436857 -44.40803853
v 4.62439501 18.12868538 -52.72992615
v 31.64540944 -0.32988755 -38.08771371
v 10.37499954 4.80063596 -47.18623414
v 57.87599973 -20.67827928 -24.33037405
v 48.39371482 -18.94359219 -16.35980054
v -0.58380022 8.07465729 -44.79076529
v 53.42794078 -22.63726749 -6.06322798
v 40.45701286 -17.89947222 -8.10496690
v -7.44311224 8.79405162 -46.79949450
v 25.28201434 -3.12649815 -18.57463284
v 42.79723925 -12.25646676 -32.61547086
v 16.06913756 8.70467075 -38.37678154
v -0.48616449 8.60298008 -34.30409131
v 32.51310671 -15.36810372 -11.14190393
v -28.80796841 -3.98366495 -24.83179871
v -12.69283002 6.97300658 -48.65643554
v -32.82612881 -9.12883103 -45.77820168
v 34.45863414 -6.50535785 -46.14797479
v -6.24255504 20.22940857 -49.97714077
v -49.07259334 -3.72511613 -29.34081346
v 19.88411709 -1.52554938 -50.21352541
v 14.06452993 1.94338259 -42.59019110
v 36.21408875 -10.02728696 -40.72405547
v 60.79219914 -22.05657214 -22.23344804
v -21.59912162 -2.05685646 -50.02757814
v -48.61353380 -3.43946412 -25.81294938
v 25.68723013 -5.02455024 -32.56228171
v -14.23252345 10.18366799 -42.68662687
v -48.43186303 -2.72168364 -36.94538345
v -15.37451637 3.31917206 -36.82375312
v 32.23280262 -12.05173932 -17.27139689
v 19.91260630 6.30371827 -40.87176180
v 48.11626144 -13.07640505 -28.82022280
v 11.45334045 1.66109634 -34.33201438
v -26.08491607 1.50522481 -22.83651394
v -50.24833446 -5.80212286 -16.38501147
v -4.12727697 9.21575303 -45.89554979
v -47.08878996 -6.63142571 -9.34055320
v 48.08136458 -18.32955998 -22.97158022
v 0.13436111 12.51511930 -49.79934009
v 46.61182803 -10.78066085 -32.31231793
v -36.76110041 -4.00744135 -16.22851381
v -23.85241839 -7.72043154 -14.84724210
v -65.10281173 -14.83978785 -10.78067263
v -6.38465954 -1.09492795 -30.23914871
v -53.64912524 -13.47162747 -24.98226693
v 39.53240565 -4.34163059 -28.04674798
v -56.37892297 -10.04719449 -28.17600555
v 35.03221113 -11.78527284 -8.76257043
v -7.51948115 18.78280371 -47.55171200
v -12.26725532 18.28282166 -50.46977544
v 8.81797293 10.61713327 -39.59726807
v 13.19395937 -2.96344706 -28.65420749
v -31.70311296 -4.45534128 -29.19288524
v -58.27188284 -11.23074691 -3.53533978
v -62.09445729 -18.99447728 -20.05483026
v -39.83962295 -7.42729921 -19.59782593
v 4.13414767 18.97902925 -54.74393271
v -53.05751440 -7.78153365 -13.79548451
v -47.91763106 -2.63979572 -33.31837222
v -22.80116794 8.94696403 -36.93212389
v 8.07719510 5.93897848 -31.48233687
v 31.57035133 -0.67588516 -26.31835616
v -38.06396195 -6.79385236 -7.41713636
v -26.18808514 2.96182101 -44.40717716
v 35.61576638 -1.31206517 -36.87223750
v 18.64714939 4.97074026 -47.31141834
v 16.94716184 -4.40599976 -25.95581639
v 33.13772403 -10.01654997 -19.46570030
v -30.21469438 -6.01653375 -20.92160951
v 35.61219733 -5.09373752 -43.15951304
v -44.37477650 -8.69029237 -19.40764769
v 22.85728325 -2.58396457 -18.56852442
v -44.87596886 -9.16763683 -18.65970616
v -54.92618000 -9.49516373 -29.84863318
v -57.23198201 -8.79050065 -22.16733221
v 57.03548072 -20.11254387 -5.57147447
v -37.70728600 -10.37939618 -14.83389856
v -43.14282311 -8.50651071 -19.04952829
v -36.68532613 -6.84305175 -7.75371962
v 20.15074529 1.99027837 -48.74419653
v -22.81202862 5.66980754 -43.61417968
v 48.06724336 -20.87996884 -11.36157374
v -1.05230867 9.72913079 -37.30516611
v -55.04029649 -7.25029633 -19.25614674
v 41.68641462 -8.86543654 -39.82024540
v 37.70583487 -17.19733516 -8.16676678
v 15.55631314 1.54520023 -23.25053257
v 17.10802338 7.42389380 -36.61452780
v -46.62225621 -13.47234347 -9.88445739
v -14.78598173 12.63313408 -48.35679539
v 45.39975687 -13.56014565 -29.79404036
v 13.77013982 1.91754536 -37.87896142
v -48.67492821 -10.97087336 -23.81602227
v -23.57281999 3.93915951 -45.71919099
v -6.01992142 1.03126535 -25.60142800
v -30.21594604 -2.65069199 -16.44747819
v -44.33755856 -3.07219470 -19.58974870
v -43.96475375 -8.05482558 -36.80232906
v 43.96821305 -7.45604809 -34.53813912
v -50.35084160 -10.77852051 -18.34391378
v 19.50367379 -6.01239084 -23.12475634
v -35.50291894 -5.62498293 -28.71797228
v 17.91313688 -3.78665060 -48.23250577
v 18.21066470 -6.16277345 -45.60701122
v 34.58218687 -7.60108461 -26.00610574
v -37.65061008 -2.96263950 -18.70502201
v -3.22133704 7.08062220 -43.73500055
v -29.82159080 -1.84841660 -17.12339289
v 41.27589528 -3.82850571 -35.81771614
v 6.92588832 11.40170520 -53.10684308
v -26.03143609 2.12444897 -23.84711829
v 13.80625649 1.79301369 -24.10209149
v 32.97801517 -10.00306490 -46.53627514
v -9.24196087 19.83727309 -51.34618681
v 13.28734315 4.11949924 -54.00219447
v -41.65330449 -3.42184273 -17.87963438
v -8.42069167 12.64671139 -51.23797422
v -35.90633424 -6.11791253 -31.59492974
v 27.91424613 -9.20770060 -19.34772515
v 18.12693871 -8.73492663 -45.43617663
v 19.39861909 1.19847274 -50.14712874
v -17.34489818 -1.26493810 -31.44735766
v 41.06305773 -9.78230399 -36.02426411
v -45.44845485 -8.55843992 -20.96878530
v 4.42512356 18.63293805 -53.12149885
v -39.15669563 -12.59184256 -6.83548318
v -1.22081185 18.31534998 -45.04845274
v -2.53756401 9.79348712 -37.34656693
v 11.21839975 8.65660967 -53.44924302
v 35.95941983 -1.01182833 -34.16631364
v -21.33366520 7.57780065 -42.41107567
v -0.78692378 8.47731210 -33.99775655
v 37.53645469 -1.92248682 -31.29593550
v 31.10675252 -4.17175060 -19.70298640
v 50.57530753 -19.84077383 -19.88448716
v 24.86138401 -5.02236346 -15.48164062
v 16.25441020 -6.84992660 -20.73346236
v -52.23824269 -6.70052312 -31.14544727
v 0.77178937 16.47083356 -44.62913265
v 11.87829546 9.89189746 -41.28722355
v 42.42791249 -6.06456307 -21.63574053
v -36.42603521 0.71418455 -25.78627219
v -21.60065829 -2.26645551 -33.69848131
v 32.29696104 -8.66947594 -20.86971898
v 42.05856626 -12.70276768 -31.66806263
v -18.35518192 0.40939482 -21.99668627
v 2.96270025 0.44988197 -32.46493403
v -0.95941748 3.91650842 -38.55557166
v -48.04180293 -2.92303645 -29.60150618
v -6.31807211 5.30037259 -42.19001336
v 46.73412352 -9.23504052 -18.45954195
v -22.42881404 5.26827215 -32.20259747
v -23.88834409 -2.71508724 -37.37599087
v 17.76245176 -6.96818157 -19.20692430
v 59.73284914 -25.25397550 -16.49600274
v -21.32691060 1.05470855 -50.25655529
v 12.69177989 4.11189916 -50.02216915
v 20.35910016 5.89021940 -40.37156718
v 13.41593363 9.40145365 -38.30717739
v -55.56917714 -10.17991144 -28.28798575
v -29.44448028 3.10466317 -29.12026965
v 30.17650783 0.31630329 -27.15727284
v -54.57703386 -11.40934936 -1.57256352
v -46.15524369 -9.83883264 -32.44902214
v 24.73124782 -0.72254458 -22.95005454
v 21.37749640 -4.10359344 -39.29032358
v 28.18160542 1.23686391 -28.07543619
v 39.88018677 -10.30624033 -12.26542688
v -39.37986570 -4.75623508 -13.84121956
v 13.21007001 11.47078284 -46.04389855
v -3.05837502 6.26125951 -42.86422602
v -6.59845056 -0.15254246 -31.78552242
v -17.47334793 1.88998935 -48.52497533
v -54.86696470 -11.38875535 -27.36667047
v 29.53383502 0.02383023 -26.29814494
v -47.82959162 -13.67881040 -10.58669707
v 26.14342914 1.98698659 -31.25268548
v 6.29272337 -0.59146271 -29.03671554
v -7.35518012 1.56321626 -33.71278157
v -20.19672005 -6.49870669 -17.87478634
v -63.14131268 -19.71920636 -9.09975006
v -34.11979335 -9.09084473 -44.67840454
v -32.78101946 -4.77616258 -31.25456084
v -11.12135943 5.66272100 -45.32109480
v 62.37844387 -22.93518523 -13.69039159
v -21.70502584 -1.53295682 -50.35612700
v 34.95825368 -6.99343155 -34.67504455
v -27.74382312 -6.52579601 -20.23136387
v -51.59024395 -8.96769302 -32.13794020
v 15.97448777 0.64084832 -22.84541902
v -18.35478657 -2.38248026 -21.24683070
v -29.34015153 -4.17632203 -24.24788989
v -28.05502872 3.47313156 -34.99763268
v 18.12128656 -6.98921758 -20.71308334
v -48.99176000 -4.56109486 -18.96970143
v -27.34897151 -4.53055884 -48.00573146
v 42.23201825 -14.39889470 -4.50102799
v -3.68128641 9.22252131 -35.79683301
v 5.63170593 4.56998746 -41.66880468
v -19.67774462 8.87973081 -42.86016603
v 38.47877606 -13.73884797 -17.30615364
v 37.45580623 -9.39674462 -38.00362617
v 42.49996467 -6.23152050 -26.46696884
v 3.77589560 8.01331715 -46.44210860
v -46.61890454 -9.01340574 -24.40253391
v 36.31485397 -10.12568443 -41.39891330
v -65.45845899 -15.96688784 -10.08282808
v -37.68651981 -7.17891774 -41.25075721
v 58.39343733 -17.85753740 -19.61152481
v -53.64512650 -15.56741027 -22.57438087
v -41.83160945 -0.24963897 -32.22955988
v -21.86051391 -0.70589897 -37.35500269
v 13.87925932 -2.43172189 -30.56949879
v -7.36007608 5.68643022 -29.13943575
v 14.23456149 1.46002585 -37.62875313
v 17.69446076 6.12392404 -49.77352995
v 56.75022220 -16.82915611 -3.52343203
v 19.99681678 -6.11886744 -18.69770101
v 18.06357348 2.06291534 -24.23611882
v 44.51491503 -8.53571016 -33.82680386
v -28.46990769 -6.08256139 -20.87339353
v -34.72299892 -6.27075707 -8.59907685
v 46.03870950 -11.69434083 -7.63598613
v 38.01284616 -9.03409186 -25.63321071
v 45.92194305 -17.38214366 -4.06638249
v 58.75572058 -21.42199188 -23.84110955
v -63.07577991 -13.43544709 -11.24321674
v -18.42573963 2.12565800 -49.80540764
v -38.14296786 0.95435444 -30.60913918
v -31.72440181 1.41737299 -43.29758637
v 30.09088571 -5.10914937 -16.29932518
v -9.73242663 10.70077565 -39.75733990
v -61.03963255 -13.87175424 -4.11928694
v -49.20023702 -14.71870650 -8.78161022
v -11.90443379 3.87241901 -40.36483180
v 9.03884835 7.65540390 -34.60002322
v 15.18181693 -9.69218837 -47.26671473
v 28.86746241 -7.81015508 -42.44561658
v -5.20306253 14.91271828 -42.37690691
v 5.69862038 3.54792778 -26.02800284
v 4.87797636 16.82659847 -51.99015478
v -1.79007544 22.61462420 -54.50457064
v -28.52952104 -0.75943114 -48.10730568
v -44.08242786 -5.49538461 -12.35973666
v -10.27146074 3.57833351 -35.12060046
v -41.93135171 -8.69014105 -5.00104893
v 22.39557543 -1.00881380 -20.56579968
v 42.15908503 -9.38371635 -37.45335753
v -24.42723078 -4.18456811 -42.62052534
v 2.34549351 20.56698705 -54.13898983
v 36.13193330 -1.22359416 -30.88946325
v -40.88820384 0.28964255 -33.98284732
v 58.14951847 -24.16396665 -21.32707576
v -29.47249038 -5.48903050 -39.91497516
v 52.10492954 -14.35263181 -9.11281852
v 48.37828783 -15.00829386 -27.57946052
v -21.95831245 5.15489341 -31.85819685
v -27.76574283 -7.81949422 -46.47662000
v -5.82043264 8.15393910 -33.45042120
v 40.25797613 -3.75411201 -38.04910278
v -49.48041294 -3.89661011 -36.61718711
v -59.63339341 -14.98129437 -3.63413609
v 9.32572294 12.13105524 -42.61522544
v 48.24463079 -15.80137139 -3.02292374
v 14.85973149 -3.02659537 -29.66611668
v -21.07038031 1.66356723 -22.00583467
v 4.08229054 1.20415041 -33.35443841
v -27.02318398 -6.50438330 -47.21311391
v 42.75629356 -4.91752510 -31.70994854
v -63.24965407 -20.91860993 -15.07083366
v -0.93671272 15.10548993 -53.42121832
v 37.87412745 -8.29136174 -15.30314064
v -45.48000458 -9.72736270 -17.59870021
v 27.29825798 -6.14036522 -24.35371784
v 0.07267432 7.18634202 -32.10887229
v 12.08089987 8.26961362 -35.29893802
v -33.45468394 -8.45341377 -45.92827708
v -25.85105739 0.87395977 -47.27876187
v -16.82057163 -2.37812455 -27.77564466
v -34.83643113 -8.82327961 -44.75320625
v 35.51090347 -0.74881614 -31.79238335
v 27.98879602 -13.62595747 -12.31092067
v -39.00589935 -7.14402865 -41.70926420
v 1.07048092 3.46201699 -37.80731913
v -7.31617887 10.04678670 -47.80447630
v -22.34854887 2.32696677 -23.19722202
v 31.08806978 -8.72255309 -20.51333037
v -17.87731006 -2.88523909 -23.92818807
v -47.32064296 -11.01417632 -1.88547433
v -33.98344037 0.19811552 -23.06370199
v -57.70776876 -10.27420939 -6.30659462
v -8.30287966 20.40004433 -54.33865024
v -29.64071040 -10.16328337 -15.34092156
v 44.45086185 -14.07088371 -25.82617382
v 15.73171902 -3.13078628 -32.03119446
v -19.56552939 -2.64124985 -27.09593516
v -25.54209885 -3.12502514 -36.70269111
v 1.89456479 20.26339818 -55.23318611
v 18.93559206 -2.77451788 -40.11329755
v -1.47400887 20.26000583 -49.65803283
v -42.85851958 -2.57724828 -21.33952989
v -30.34696472 -4.29762320 -26.02930474
v 22.61348133 -0.30824935 -45.01386837
v -3.62766968 19.48487039 -47.49332668
v -23.19907811 -2.54045575 -33.41770034
v 18.87820205 -7.07740025 -44.11569385
v 33.53955521 -10.06367163 -43.15363314
v 20.77300054 -3.79843353 -19.02731627
v -46.16678704 -2.05277604 -28.06905653
v 25.73314404 -10.37077115 -46.62868323
v -46.63871896 -1.81981872 -31.90508859
v -31.58889715 -0.25975311 -47.03698314
v -50.72505933 -15.33928752 -5.61243791
v -13.93521460 9.94274073 -37.06137328
v -51.02764528 -7.58044492 -10.70840857
v -24.78254582 1.91042680 -46.79360467
v -15.78917406 5.09680683 -49.18908029
v -41.57208781 -2.17709413 -22.80163103
v 18.40578398 6.95343500 -37.77806426
v -22.13533625 -6.96455730 -18.40865460
v -21.32030564 -6.78088004 -18.45802965
v 19.60872974 2.50966333 -26.09880845
v 6.38982479 2.86552548 -36.51319001
v 33.62368046 -1.73347001 -40.42812049
v 44.54760742 -15.00229700 -19.37888579
v -58.15186698 -10.11940454 -23.46582530
v 1.14739565 7.01910994 -44.29363743
v -38.39876046 -5.94910231 -35.82102006
v -29.04048400 3.86617053 -40.09290727
v 51.68533403 -17.23915488 -26.16729601
v 37.54699466 -8.95266140 -27.17168067
v 14.53374337 -4.72859204 -21.59911322
v 15.06172847 8.56742348 -36.49652816
v 29.34681319 -0.61579465 -42.16068271
v -65.92099791 -18.21300181 -13.59503427
v 3.93466190 -0.34379490 -29.92904277
v 59.77012001 -20.25548013 -7.43652163
v -42.68433788 -6.12778890 -39.99038862
v 18.99761344 -3.03773210 -50.23423252
v -22.05923407 5.15898113 -47.92167004
v 3.82364724 13.29415268 -41.86275645
v 36.08999893 -9.96452152 -43.67425067
v 46.07718168 -9.78149219 -32.70242392
v -0.44993850 4.53066188 -40.44449002
v 18.19941080 7.44163827 -39.43875304
v 38.40706431 -9.77868183 -22.54386937
v -19.85767554 9.08247721 -44.42846991
v -46.37480982 -3.21209725 -22.81246348
v -26.21210700 -7.04413594 -13.70745964
v -13.22214825 12.95034321 -50.99759424
v -36.98073560 1.19988045 -35.20058585
v 7.34461458 5.02048101 -44.45371427
v -48.46802158 -5.81450420 -35.50303796
v 10.91219061 6.68807778 -33.30076254
v 15.69136459 1.56706642 -49.68034339
v -44.57407647 -0.94463820 -34.02822484
v -11.50377940 2.43089018 -25.42232732
v 24.10154596 -7.11621360 -22.05775986
v 40.83026586 -5.56092599 -26.30681929
v 31.42050264 -6.15844822 -13.57555108
v 29.99686844 -6.11684914 -13.22136459
v 60.58391428 -20.69939986 -21.96055116
v 0.29945800 0.67430096 -33.68918433
v -42.60435962 -1.24987938 -40.06860189
v 57.96121362 -16.90689656 -16.75413903
v 58.70854500 -23.72967055 -9.77008122
v 39.10512700 -5.08996604 -41.36195579
v -63.46024023 -16.64106882 -21.57374086
v -53.67771099 -16.44078070 -12.07029087
v -45.84820655 -8.57002793 -22.13871795
v 21.46406929 -6.69680172 -22.43358558
v 14.87408944 -5.48098707 -23.46857463
v -21.79394889 7.57754122 -40.90343802
v 9.84031421 3.38110477 -40.92831714
v -26.06928579 -8.27758792 -12.85325291
v -33.37097683 -4.80705410 -46.93885954
v 21.41726567 -9.90577631 -16.55013393
v 43.86672984 -8.79888096 -35.24055086
v 40.40258200 -5.16861232 -27.28181439
v 27.40834525 -6.43886768 -48.77419307
v 5.12817531 14.74015390 -52.39373443
v 20.66607855 -7.20820598 -43.08488134
v -48.76944677 -5.30867634 -16.28802864
v 2.55207545 20.34355739 -54.90800928
v -13.42925734 4.29994311 -44.27242301
v -64.64107881 -19.69562918 -16.46637709
v 3.41507923 18.54612110 -50.52093980
v -32.95001939 -5.44733745 -38.99191309
v 41.36201315 -12.50060605 -30.82309797
v 45.96303934 -8.60907595 -18.84379182
v -36.96360592 -6.36539377 -38.81908614
v 0.63030882 9.56736069 -37.24486401
v -24.28875434 -4.34534847 -43.50278141
v 43.01267913 -7.92381278 -39.53869741
v -47.94112302 -10.12597634 -24.71109071
v -17.74419475 9.66047042 -47.90952632
v -25.61452379 -11.32189588 -13.54032464
v 43.94196826 -7.10442453 -37.46013956
v -7.31282610 16.90462719 -54.12363295
v -3.16759022 19.95016047 -48.67072976
v 44.09443360 -8.09358149 -36.18775509
v 51.17514232 -12.16522283 -22.88130192
v 20.77012151 -3.63759626 -31.42975400
v -20.60015977 0.31991951 -20.47575858
v -24.94512950 -4.98747387 -47.67760305
v -6.63476813 6.57264145 -44.18352272
v 39.03836735 -2.44996655 -33.66802136
v -38.47669196 0.95137841 -32.22226965
v -41.77318295 -0.95854140 -26.44531207
v -5.40536203 20.07205008 -49.32515311
v 15.66048679 -3.04163862 -33.39111657
v -51.63816105 -7.61817147 -11.94765738
v 22.47185261 -9.70418208 -48.15575857
v 6.38396388 3.36564077 -38.12697777
v -24.14488042 -0.14121119 -49.40148817
v -46.53738371 -11.27426176 -14.75050459
v 7.58989658 7.73541531 -49.58911473
v -45.61227187 -3.47570612 -40.58588259
v 6.32839717 14.83719694 -49.88464947
v 44.19242330 -15.91576435 -17.24691210
v -13.21381564 14.99526055 -51.24287248
v -51.35804916 -12.22979334 -17.12076366
v 53.07302386 -21.87079285 -15.68296690
v -51.84365445 -14.24815880 -14.03381532
v 21.50414431 -5.18696971 -18.61045049
v -58.66090431 -10.97884043 -23.53383580
v -21.39902514 7.13575377 -46.09457623
v -6.93345660 5.05170661 -27.93882329
v -58.90553136 -19.94731348 -17.89852240
v -20.16921226 -3.23984092 -22.32618025
v 23.74342197 -10.90621141 -11.82497034
v -27.34684061 -5.50343883 -47.76022955
v -57.39983546 -11.48248102 -2.78751415
v 13.36258346 2.90682397 -25.20757636
v -40.27199016 0.53698393 -35.53676203
v -48.66599283 -9.94443352 -27.46239549
v 3.16170176 3.78746790 -39.41145011
v -10.26452721 19.52516374 -51.67509897
v -3.29475405 19.28535404 -46.94562124
v 51.71433692 -13.88558288 -3.93961921
v -26.50492717 7.00159668 -37.66620652
v -6.90320924 4.47069072 -26.85364695
v 27.87007673 -9.07286561 -44.43679369
v 17.58327927 4.05182750 -29.49455849
v 61.38410243 -18.19118460 -7.67706246
v -27.21044591 -2.72390643 -35.00555631
v 40.74274737 -8.13606426 -41.21088948
v 53.24861681 -15.03247143 -0.27682593
v -13.70682790 13.41344835 -47.86423082
v 36.88742898 -2.88685900 -39.66923742
v -60.21999912 -11.49690242 -8.90675483
v 11.36505077 -0.95629560 -30.64980227
v -35.49206819 2.08381292 -31.64824522
v -15.97330633 9.76035459 -40.60601042
v -56.06077771 -8.91243472 -12.95882071
v 56.84269484 -24.36489811 -18.94677730
v -2.48034614 14.66696209 -52.42006084
v -16.03804659 0.50522796 -23.04557916
v 38.05978621 -4.92818513 -21.44285148
v -13.29859632 4.10791850 -43.38113334
v 33.84864273 -10.35478055 -10.80303324
v 33.45549113 0.03863603 -29.35945410
v 17.81426086 -6.67963896 -18.88462519
v 2.67263159 18.62149078 -54.79788825
v -22.07083061 -2.46417711 -32.98044720
v -20.27705119 9.48758013 -37.98376347
v -55.20724084 -9.04003609 -8.45913329
v -12.40719829 14.67022488 -47.84608142
v -65.72660191 -15.88989783 -11.23329605
v -56.07696863 -17.77182778 -5.54128380
v -25.19032862 -3.15233603 -26.57462270
v -33.10582090 -5.76009983 -21.88789778
v 17.95357376 6.91641011 -42.45516330
v -24.43277630 -4.38463155 -22.08970992
v -24.20889861 -0.39187379 -18.63152634
v -25.27888331 0.25681507 -48.32095278
v 2.93112042 13.00801676 -52.52402016
v 40.97562402 -11.84965234 -32.39305376
v -49.13439521 -7.84104886 -3.16273448
v -24.21686312 -4.58818043 -47.67104434
v -0.47140124 -1.52186120 -29.43963970
v 28.41355459 -12.11010840 -16.30599496
v -46.77184620 -9.13016293 -21.48754747
v -61.68757779 -20.66020106 -17.34631369
v -19.80849878 -2.49883977 -28.20186155
v -11.05210112 18.59882218 -49.62382769
v -12.53554340 0.88855700 -24.44327414
v 25.55688708 1.48627180 -39.47809525
v 0.32420891 19.54653727 -48.36678079
v 63.01742939 -22.07778890 -19.00025427
v -28.15124900 -4.36665399 -23.25674116
v -48.47125733 -14.04631325 -10.21610568
v 1.80752806 20.69423365 -55.09574055
v -64.62653725 -15.17379134 -7.91571499
v 13.28009531 -2.00091961 -31.05474997
v -32.26249520 1.71128362 -40.61074485
v 1.73448299 15.25266848 -43.49028456
v 26.14974860 -7.93575212 -43.41620329
v -33.67660793 -11.50611388 -10.95570435
v -0.11189312 18.93666281 -46.26201967
v -11.75460273 8.57956958 -49.44577899
v -36.66632069 0.24530036 -24.73310172
v -34.40012651 -2.26961177 -18.48189627
v 21.10914415 -10.07189646 -46.21281880
v -30.96418318 -3.03847731 -16.44815624
v -36.72640372 -7.85192292 -43.30923635
v -4.69256353 16.68033161 -54.95054371
v 29.72421610 -0.62243771 -41.70427413
v 58.84134382 -20.98197331 -7.41114839
v -27.13332302 -9.00416728 -11.80716047
v -32.58769883 2.22490440 -35.67489327
v -40.67450368 -6.68060292 -40.19751620
v 34.68646377 -7.18022249 -35.35911328
v -2.69773911 20.29795493 -49.51839502
v 3.94754168 15.67189663 -47.13082211
v -46.83370748 -5.44585892 -37.64327859
v 16.82008769 -0.82936604 -21.78367125
v 1.81178942 8.51072404 -34.53019790
v -36.70696639 0.74519971 -26.60597304
v 21.14679501 -9.21098418 -16.02019198
v -36.45240950 -5.45704061 -24.84999491
v 4.90057821 16.21246319 -50.25555478
v -22.27432304 7.35173888 -40.98428623
v -25.33464525 -1.28074827 -16.82996307
v 22.62490783 3.07247417 -40.94601587
v 44.08485975 -7.91016469 -34.37315583
v 41.60834574 -12.71757003 -21.90531775
v -40.03424971 -1.99612865 -21.70007632
v -29.51536011 1.43670808 -23.89719176
v -27.67434878 -3.18004549 -31.93943574
v -63.53957532 -19.11414612 -19.33162907
v -38.59531983 0.92588007 -31.35714157
v -2.33022789 18.81259703 -55.54895942
v 12.99610733 4.06147082 -53.99220461
v 24.62855882 1.70312694 -40.02853049
v 6.22010413 13.33608902 -42.81823171
v -47.55253456 -9.95223792 -29.61042418
v 29.30660006 -5.18131317 -15.45462806
v -14.40057338 9.79730375 -50.90464932
v 14.65820432 -0.32581345 -35.65450540
v 15.72497515 7.42980506 -51.22733753
v 29.76685981 -12.25789456 -16.66891343
v -20.93023666 -2.58199845 -48.77259731
v 5.39620657 15.40751410 -49.24904442
v 46.50796919 -18.76833212 -4.31590069
v -50.90695841 -14.77920188 -12.15431123
v 47.61885355 -19.13605238 -4.21651305
v 36.73869114 -3.46525581 -26.46580689
v 50.01240789 -12.51794341 -26.87138160
v 50.01307571 -19.89110771 -21.79876009
v 41.17552576 -9.93812244 -13.87953431
v 49.45924265 -12.95091193 -27.80892991
v -57.66616402 -9.33136018 -27.04700395
v 13.35528592 11.35604022 -48.56265406
v 17.68736041 -1.18230583 -50.21371269
v 3.62722772 4.12460398 -26.31095171
v 20.06415755 5.99387995 -39.12762696
v 49.23736558 -19.18206102 -4.07105878
v -39.00750337 -2.24535370 -20.37966415
v -45.45647117 -7.21670107 -5.90908526
v 7.77574751 13.77281980 -50.95252475
v 26.43983504 -7.32114473 -11.73769883
v 44.95772405 -10.20722787 -33.89573949
v -39.16521002 -12.40494021 -8.21829390
v 18.67538019 -4.53208197 -42.99374389
v 26.90358851 -0.85924994 -23.69186731
v -17.71627252 9.83801458 -37.68379227
v -58.95479131 -12.83497038 -3.25481060
v -63.34084767 -20.14575236 -10.01302562
v -48.47886299 -13.55123187 -11.56782621
v 3.27567312 19.41419608 -52.62147300
v -60.03613565 -13.01289173 -22.72525880
v -6.90791255 9.87966108 -37.72280010
v 6.60384155 11.59550727 -39.88379425
v -1.17202475 17.65035726 -44.52036255
v 18.65147250 -3.08833488 -50.11954115
v -12.01024539 14.20674181 -47.07985374
v -22.87287419 -6.73291229 -18.98241109
v 16.38816422 -8.87074146 -46.14585949
v -42.22632310 -6.35986907 -8.19324610
v -21.30211772 -1.16880763 -18.66555380
v -5.21106679 5.77655934 -42.58542725
v -21.32463729 5.53563848 -32.09370720
v 59.08166425 -22.34590655 -23.35229050
v 4.46535429 7.89846100 -46.69536934
v -47.99969824 -10.12581466 -30.59016130
v 59.71975472 -17.65279818 -6.43514681
v 41.36544603 -12.55063044 -5.20320095
v -4.46184120 6.26623798 -43.09295306
v 61.31680019 -23.85799415 -20.49792983
v 45.94145437 -14.73194987 -27.31973745
v -43.09771082 -7.47792937 -26.72337034
v 30.22740295 -10.61923953 -46.41288959
v -15.58863894 2.90031822 -38.71718258
v 43.02906155 -9.95412950 -14.25476039
v 15.72961587 4.58868060 -30.26082097
v 46.08167197 -14.45551007 -28.27931481
v 24.21568602 1.27398709 -41.35115443
v -55.50479941 -8.77338867 -29.57980853
v 23.10023751 -4.86711557 -40.07855859
v 1.32687798 15.78982800 -44.08351755
v -6.87939735 7.26287972 -31.66413856
v -53.68666118 -6.59326303 -19.18460821
v -20.57024433 8.53535404 -40.19384256
v -28.33321071 3.15114385 -43.14748330
v 18.29094184 -8.90490417 -48.18985306
v -31.13584750 1.34865504 -44.46507412
v -0.62509225 13.64610680 -51.03693749
v -40.93581956 0.37756569 -35.24688322
v -1.80730495 -1.01174162 -26.83703699
v 19.32173736 3.69309277 -48.62363354
v -47.20614922 -9.44670321 -18.61507565
v -15.19003919 3.98951283 -27.63531697
v -33.05278673 -3.68732129 -16.20281043
v -12.89011289 3.77627578 -41.21017959
v -7.35506931 4.05914763 -38.67805672
v 10.72700993 11.02418387 -41.98675487
v 3.21527995 9.43492665 -48.14747549
v 19.95374964 -1.69610319 -19.99066797
v 18.07675246 -4.91538584 -46.71593539
v 48.11019967 -9.94632131 -18.44124275
v 18.35108434 2.51051275 -25.13548108
v -10.52762020 9.87609748 -49.82327495
v 19.57949282 -3.12774935 -38.94189067
v -19.28088829 5.69184564 -49.23983504
v -65.22715924 -15.82408570 -14.50971672
v 40.83731123 -3.85245387 -30.50095452
v -53.59151785 -16.64739474 -11.23736004
v -24.53172374 8.19616179 -37.33606149
v -0.38459975 11.42853640 -39.62797436
v 21.08358595 -7.72685033 -18.52973516
v -56.76349540 -9.83116964 -8.44340938
v 19.70142007 0.28974506 -22.91293571
v 36.62875528 -11.31540301 -18.96506056
v -36.89181586 -2.57573946 -19.04590525
v -20.14120904 9.22452852 -38.94485778
v 1.37676934 21.39588241 -54.87199204
v 19.64941943 4.08756242 -30.82403360
v 54.43433192 -16.10322486 -23.04504080
v 0.14613417 21.50957959 -55.22225424
v 36.42073643 -5.43842275 -43.06746525
v 18.10814496 -6.89033746 -21.25506909
v 11.61611737 -1.50306529 -30.16460397
v -47.87053742 -5.15425333 -37.07920115
v 32.98333441 -10.91590539 -9.96902247
v 61.51726640 -22.60530281 -21.47228760
v 10.98463356 -4.51101222 -23.10558252
v -44.10748781 -7.49786620 -25.58531860
v -19.19006257 -1.04790812 -48.54807498
v 30.46054325 -7.12476754 -48.24095178
v -35.35035252 -4.75312524 -11.84752345
v 34.26619681 -11.37874100 -18.15217225
v 4.81733058 0.11602488 -25.98254825
v -42.49914685 -5.50492390 -40.68998194
v 60.25032190 -24.81872925 -18.75581231
v 15.85194729 6.60471116 -51.80589781
v -36.14770395 -12.03098934 -8.28322014
v -8.42737630 4.02031829 -36.61539599
v -42.21278730 -6.08183835 -40.28821034
v 57.09218885 -19.04423203 -23.71789233
v -3.01577433 -1.56855061 -26.92261276
v -20.92693395 -2.93460232 -47.70462357
v -24.07933451 -4.40205648 -44.49038499
v -15.98824459 8.64957645 -50.43217133
v 47.63853828 -20.83696170 -7.92421907
v 35.21135449 -6.34017708 -16.09553184
v -25.04273089 -6.89667685 -19.29265913
v 45.23190484 -10.10149096 -14.92016067
v -38.62123859 0.33465383 -28.80158752
v 17.37418287 -2.97121116 -46.59730250
v -20.97341926 9.18111064 -35.08813519
v 55.95358339 -23.87502618 -10.71078542
v -31.28143568 -6.37628857 -20.50123154
v 4.39473940 17.83873548 -51.31502194
v 25.43557194 1.90067016 -37.97916272
v 40.49655051 -4.51389451 -28.74148964
v 58.17606923 -24.39317771 -10.57288806
v 20.35147102 -6.80291596 -18.63935680
v -24.43137542 -2.85982114 -35.89616912
v -51.26720144 -9.53622572 -0.99790539
v 20.39506468 -4.28804900 -49.80775514
v -8.37969953 -1.60777446 -29.07621465
v 36.09662652 -16.62573161 -10.52112144
v -3.09139409 18.95833618 -46.18290324
v 22.54857404 -1.22633103 -19.59249001
v 24.66888108 -4.79070075 -32.94916808
v 13.22489776 -1.17048782 -32.50506308
v -21.39718249 -3.82872855 -17.55035768
v -14.96066643 -2.64171443 -24.87059051
v -64.37701588 -17.58996187 -20.62661841
v 2.01563038 12.96522781 -41.05827580
v -49.41832526 -5.06531197 -32.42397154
v -30.38692564 -4.35827193 -47.90611271
v -54.73164224 -6.64022958 -21.28721493
v 41.94931988 -18.14278888 -6.33471104
v -12.58738996 4.17897859 -36.48731716
v 53.95122742 -17.20447960 -25.11199390
v -19.40992928 -0.78018293 -34.43949794
v 20.10911143 -2.32064654 -19.59204699
v -26.36432539 3.93366169 -28.69841837
v 16.36331893 7.05133580 -50.73898426
v 25.86141201 -9.16989863 -19.14045924
v 3.65792573 4.45945070 -40.93616119
v 23.08024408 -4.55696743 -48.82875602
v -14.11525292 3.54771161 -38.26804337
v 7.65848587 6.35457372 -32.37812450
v 42.92501160 -18.87912285 -8.87805183
v 60.70767202 -18.61866856 -6.41930269
v -46.17858954 -8.57075191 -35.14171554
v -15.90674056 11.24800569 -46.65315844
v -20.13824619 8.79468396 -43.47533508
v -12.28176857 14.82185748 -51.69333401
v 12.52231654 -0.22889061 -32.66422641
v -25.03527229 -2.81223814 -35.46872583
v 18.58509233 -0.32716448 -50.59161576
v -25.85825991 6.81934835 -36.38257875
v 7.74745585 -1.71358052 -27.47687902
v -62.52501704 -21.21265658 -14.52158987
v -25.94976086 7.35822784 -38.09579174
v -54.62913195 -8.55431101 -30.24115793
v -8.54726940 4.09707630 -26.78069342
v 42.31702968 -4.83071806 -37.21275895
v -2.26490275 8.52741130 -33.94062729
v 3.64604725 14.67664607 -44.11703459
v 4.77890853 -0.67703352 -27.31659577
v 23.09450508 -8.48525754 -19.49519766
v -31.68923724 2.12321872 -39.43829547
v 41.45830411 -12.63430346 -29.63172294
v -53.30735161 -9.91728115 -29.49148071
v 37.94608825 -9.76969863 -41.13832505
v 50.33171477 -13.07357259 -26.96438597
v -17.76640927 8.24380836 -33.61566672
v -58.71546544 -10.46949165 -19.44436549
v 22.19011909 -1.69382082 -47.71379228
v 41.93377287 -5.27257881 -29.07959297
v 28.01536675 -5.46798609 -32.53857390
v -42.83142155 -5.09122474 -13.37298412
v -20.28065948 -5.88337734 -17.81584520
v -37.40005791 -9.63043954 -6.45570027
v 43.37741635 -5.80211329 -33.89059273
v -20.60341694 -0.81027115 -35.38872928
v 3.20463226 15.32794796 -45.14408783
v -9.89683600 17.01749611 -47.40314313
v 20.16679090 -1.08723097 -20.57844270
v -23.22615234 -2.96737779 -49.23924916
v 2.26294243 15.37705230 -44.17359985
v 38.24790597 -11.03174985 -8.41485268
v -9.77896115 19.69516067 -53.10582231
v 7.25831966 -1.74402378 -26.92242348
v -0.66521823 2.74559455 -25.82768355
v 24.59340325 -9.10465365 -44.68684678
v -32.91255114 -4.60448430 -34.30668480
v -0.80918469 21.62747572 -52.58562134
v -0.34810563 12.21649388 -49.19862819
v 43.52988645 -5.90914888 -32.24387054
v -32.07773928 2.08774276 -39.02113916
v 5.76040628 -0.05697461 -30.51669358
v 18.38439020 -4.39759299 -19.40979422
v -18.82328352 9.07148951 -41.16515019
v 15.16600551 -5.75392173 -20.58038183
v -6.87470587 -1.30154831 -29.79664350
v 36.30185020 -8.35632615 -44.82544781
v -30.40370481 -3.97506108 -37.61711927
v -59.72783762 -11.40957658 -14.71969337
v 23.30170068 -11.29120208 -15.84261667
v 0.18955379 10.38190466 -38.55263097
v -0.02290006 13.16809265 -50.64778050
v -31.36784056 -1.39399556 -18.48462795
v 35.80618029 -7.20642110 -15.19129772
v -4.03987959 20.61988858 -55.25181553
v -24.68413886 5.48849620 -34.15871115
v -42.66798704 -12.53043354 -10.37886598
v -16.66165470 4.38978229 -28.64387911
v -2.44568582 4.74256324 -40.21641336
v 31.63490913 -6.96260753 -24.77270892
v -15.23712799 12.15581357 -48.38181868
v -45.90816180 -1.43183410 -30.12724493
v -23.63305764 8.00445029 -35.23570445
v 26.37805051 -12.55135093 -11.11892302
v -15.06110315 3.27611403 -37.76516913
v -34.39336416 -11.47534308 -8.42435327
v 6.20868092 14.04314387 -52.07250284
v -25.34168310 -0.62301263 -48.90086513
v -5.44173077 8.36672450 -33.83673040
v 13.30418035 3.78835708 -50.38973071
v -36.09698337 -5.71425302 -36.32427830
v 33.33137514 -7.36310178 -47.26208577
v 36.88121635 -4.79651054 -21.24667916
v -16.43211721 1.89283260 -34.68288439
v 60.17263560 -24.68474677 -13.23294063
v 8.75866300 9.12017455 -53.63915595
v 36.89510318 -4.64615161 -21.99522476
v -36.95840256 -8.01564697 -18.31240156
v 16.09421548 7.25683769 -35.24873228
v -13.58908609 15.10351298 -50.03958364
v -38.37884035 -5.69097739 -9.87914555
v -30.12012131 -6.49441941 -11.37638725
v -22.08209115 3.65189328 -48.86772240
v 33.35271435 -5.40537513 -46.58752874
v -35.93820072 1.63987768 -33.91334483
v 29.74527282 -7.34464027 -22.45773883
v -43.07062577 -1.87398868 -25.19736395
v 24.97095242 1.17289041 -26.82104210
v 33.27755264 -10.41188137 -44.38989259
v -43.92957362 -8.92247407 -31.95462426
v 15.70342594 -3.07221098 -30.24282852
v -58.37864530 -10.23165747 -27.06040934
v -33.20228210 -4.91096912 -24.66361972
v 27.04267501 -4.77895492 -48.45442015
v -40.16917686 -6.92564010 -31.16190757
v 58.49170411 -19.35136838 -5.62866154
v -12.27010341 10.47766966 -51.19055027
v 37.24368151 -8.86690414 -43.51282703
v -4.79914545 4.57526048 -40.08420359
v 11.69108109 -4.77556543 -23.65247986
v 16.15575802 8.00227611 -42.75715202
v -23.37886974 -2.58326957 -35.88789988
v -36.76403606 0.98031398 -28.57061260
v 40.79101967 -11.45450117 -23.54507792
v -35.47934224 1.55102550 -28.96910457
v -4.98562371 -1.15886348 -26.29443204
v 63.28515953 -20.68872248 -15.64677896
v -25.00919684 -10.60408755 -12.94282633
v 12.76490200 -4.94630910 -22.94600235
v 19.15435160 -1.38249143 -20.58765662
v -22.56909623 -2.68544610 -42.80172893
v 58.46992121 -20.15036017 -23.68058149
v -14.63485341 10.04674813 -50.69347322
v 20.98495772 4.10622875 -42.95873688
v -19.92409795 1.17769528 -21.76674087
v 53.25522610 -18.85376690 -25.56963863
v -4.72366151 14.96976979 -53.32002033
v 3.25535904 2.19310190 -35.25196151
v -4.38726718 10.12427385 -46.69228566
v 2.29591965 16.81213759 -54.01754901
v 5.02639473 15.03654233 -46.91746171
v -27.32146102 -4.03571548 -23.66526015
v 54.27420253 -20.42112252 -24.77110497
v 39.04360149 -13.11106262 -18.31424995
v -4.77814570 5.30062374 -41.66189564
v 23.56026494 -4.54150116 -17.51436909
v 0.47328611 14.49751526 -52.65987000
v 14.87368864 8.96344635 -39.86035981
v -20.54288558 7.94421163 -33.72908070
v -54.43088792 -8.44626673 -11.36960428
v -44.20638127 -9.04226652 -18.51025558
v 14.39740279 -2.38951492 -32.48204904
v -53.09626907 -7.42721870 -16.09197657
v 32.10979885 -10.58577394 -45.53042509
v 5.67714427 -0.99944313 -26.28916084
v -44.08373273 -12.56804661 -3.94408637
v -59.21333901 -11.52718959 -26.13590896
v 60.38123269 -17.71061427 -8.64485454
v -42.16577027 -0.14932755 -37.56673847
v 16.07591283 -0.75421894 -47.90511916
v 23.00238085 -4.56281722 -18.04827753
v -45.66084984 -8.76914272 -35.02024795
v 20.34175326 0.87575604 -24.08432478
v 32.13933406 -7.57945520 -22.72656707
v 14.91819911 -6.87500296 -19.42989370
v -5.66698958 5.91838795 -29.36038783
v -7.42100653 20.22155813 -54.48518284
v 61.17751448 -21.73668196 -21.87495911
v -15.04486682 -1.24986789 -22.98413273
v 20.95769411 -5.46223302 -24.30905983
v -25.45281046 -4.87861677 -40.89913279
v 23.22292037 -5.93558400 -48.96375976
v 4.16856027 17.07733693 -53.28017265
v 34.46970761 -1.96056468 -40.08195548
v 1.30656076 20.38559653 -52.01693334
v -49.29580280 -9.01033147 -1.65228101
v 37.26308801 -8.45428477 -36.32337692
v -21.85703094 7.02756501 -42.94622437
v -36.23868805 -8.13891994 -43.76829974
v -44.18051299 -8.44916471 -35.62937219
v 27.81884148 -5.46324683 -32.78437741
v 13.30773361 3.76899257 -53.28292166
v 20.84324071 -11.27173718 -14.89504312
v -31.37690577 2.48712147 -35.67044010
v -46.41072082 -2.07455120 -38.77113250
v -30.07592255 -3.83493402 -15.46327558
v -7.35336740 13.67976169 -51.90729171
v -55.85868981 -17.21018936 -20.17900241
v 40.41678134 -10.66639606 -34.13025989
v -19.56881528 0.49222412 -36.04822877
v 30.60161022 -3.43305899 -46.26980902
v 42.11328838 -12.60441599 -24.38555872
v 30.27251706 -10.52390269 -47.48400085
v -33.75858001 2.33729329 -29.84601836
v 6.57274001 7.18534344 -34.08056316
v -1.14910260 17.13626198 -44.17547998
v -45.45828194 -5.40261343 -39.50227290
v 11.18204292 4.54830144 -29.79888522
v -26.31861666 -4.22783042 -22.94307750
v -19.83007614 8.18997955 -33.68500281
v 2.73238845 18.76115067 -49.64737177
v -19.47922736 -0.70341609 -41.86724890
v -44.14691899 -7.85215257 -37.04317920
v 43.94300369 -8.04162410 -37.89172795
v -13.30092402 10.25259060 -38.36651390
v -61.60245391 -20.35936761 -9.40311431
v -1.09726294 10.73360725 -47.13246752
v 5.51751748 15.52631471 -50.79371926
v 22.41176231 -2.58877333 -48.32533874
v 44.44910401 -10.73885617 -12.15487271
v 26.30914276 -8.21914459 -20.61448513
v 32.03795617 -2.83078373 -43.93469814
v -49.18516939 -11.00609590 -25.22622398
v -3.86670835 4.30868285 -26.14238869
v 13.03791003 9.40365809 -40.34196904
v 23.62606065 -5.11699386 -48.85310006
v -17.31617778 1.59683308 -35.16563009
v 54.28934380 -17.08259034 -24.61132089
v -43.29358552 -3.16091913 -41.15996376
v 15.02192892 -2.80816733 -32.58390038
v 35.05909592 -4.36805443 -42.70593536
v 28.68895020 -6.81260886 -48.57825396
v 29.03443009 -10.61404198 -46.74738109
v 43.66813894 -13.66962963 -29.93405090
v -44.81704537 -8.76760429 -34.95180504
v 39.98604267 -3.46294034 -30.55556539
v 20.02296103 -9.90626393 -46.16334014
v 2.18175016 5.09267425 -28.04964126
v 43.40717060 -15.90276755 -16.93906643
v -54.05673455 -7.90683564 -15.90785337
v -36.68368154 -0.94205273 -21.68703257
v -54.53494972 -7.89846672 -16.61569758
v 11.02092219 12.58792653 -48.94817837
v -38.90809811 -6.48023545 -23.67204824
v -25.45748620 7.73772878 -37.64949066
v -14.27651243 0.32906865 -23.63755504
v 24.12861538 -1.25333356 -45.29352179
v -43.89949807 -12.88567812 -9.72530224
v 31.10337601 1.18192920 -29.95029903
v -13.34702243 0.88955818 -24.07178571
v 23.56594099 0.86556210 -42.63095512
v -59.60821416 -20.18774302 -11.43522727
v 18.09926770 -2.47806366 -49.91199103
v 42.80906609 -13.42419835 -30.71760267
v -57.24757802 -9.98750648 -5.70336760
v 31.30631529 -10.64809395 -45.93035647
v -15.39600567 6.10067356 -31.41537391
v -50.01171649 -11.73546995 -21.78766890
v -9.38577167 12.26963350 -51.42105257
v 6.55039992 7.68507753 -47.88658301
v 14.12686359 -2.35451544 -31.86635164
v -50.37276682 -4.15839612 -25.28374103
v -19.83659661 -1.47192875 -49.24055012
v -1.72741267 19.24981648 -46.74957411
v 18.45660594 -7.22476453 -48.02448546
v 59.73327014 -17.85152528 -6.02853281
v -52.37873749 -16.28628005 -6.65256286
v 20.15392705 4.07999030 -44.34734480
v -16.13221082 2.16730875 -42.83066470
v 31.11672949 -6.22332325 -28.41513468
v 36.05982798 -3.05522082 -26.58909229
v 4.60931191 8.89374110 -35.90693020
v -43.30221926 -1.40565043 -26.64878260
v -5.04191505 5.03910392 -27.68274489
v -60.45153027 -19.99443130 -19.04813586
v 41.58649763 -13.03435006 -4.97803994
v -23.36624806 -6.83525614 -15.46423436
v -47.95871066 -12.06348326 -1.81069480
v 16.50748574 0.02923928 -22.36573356
v -15.91394943 11.21228912 -48.68418189
v -47.92444875 -2.30906199 -34.44486575
v -16.97180193 1.16392665 -43.91747428
v 57.45869535 -24.67957053 -16.95234379
v 33.67511820 -15.77742974 -8.55666248
v 44.29672518 -12.49383772 -4.19700216
v -31.65460571 -11.76397553 -12.67172351
v 24.79978166 -12.21797913 -14.34064286
v 44.54289073 -7.42537828 -28.59739488
v -49.85725078 -11.73925122 -15.73999845
v 31.67968716 -9.16220527 -42.47708323
v 19.61810417 -6.40973640 -18.75907232
v 40.45348328 -3.41562717 -36.07433733
v 4.93262881 14.33853918 -44.66311463
v 26.52481586 -2.66251085 -46.84152360
v 58.44195682 -25.14673879 -17.03575006
v 15.67839551 -2.32185652 -35.09585636
v -40.94535058 -6.70528731 -24.11466611
v 36.27932968 -4.87055084 -42.56008361
v 34.33575551 -5.79417231 -45.48115603
v -24.98028635 -7.51326687 -14.12397526
v 14.27310315 2.98706865 -49.36798080
v -35.29851820 -3.26146759 -17.50933803
v 21.15009277 -9.62442997 -16.39444642
v 14.96124327 8.72277885 -50.78214167
v 8.20003216 10.01476969 -38.45215730
v -55.06906191 -16.30636765 -16.52641475
v -17.72998446 8.16873344 -49.12877931
v 36.83477836 -4.38474841 -23.54191838
v -25.58652838 6.69555959 -40.40882931
v -27.10618654 3.70704554 -32.69530745
v -5.19874108 10.32500930 -38.52776128
v 60.25092155 -21.04281898 -22.71887591
v 11.36075434 8.66019451 -35.92762851
v -37.48291792 -0.05376658 -24.69508288
v -23.47284837 -2.60891316 -35.02286370
v 46.59207638 -8.58676630 -21.31856848
v 17.49224569 -3.18718767 -45.91640517
v 40.06587645 -3.25468459 -36.34570142
v 34.14238282 -14.09907679 -8.21701788
v -40.24532785 -3.63197442 -17.72011638
v 2.21951236 11.02008152 -39.23432829
v -51.33030522 -7.82097031 -3.73127877
v 17.25577448 -7.03669799 -19.45022319
v -36.29095629 -0.18579018 -41.31098765
v -23.36114769 -4.20408666 -47.92461361
v -53.51042490 -5.88108808 -23.15074002
v -18.22362942 9.25319275 -41.59194498
v -20.75084618 -1.95388804 -33.67657323
v 2.39450776 5.15184494 -41.85640187
v -1.41873537 6.42919234 -43.12067642
v -11.30784043 18.71182653 -50.26081418
v -5.41462017 15.41859235 -54.05421739
v -37.65666727 0.86745316 -29.48018089
v -44.64343437 -9.33063647 -31.90923048
v -16.64113317 9.68906847 -39.28372936
v -17.33535941 1.07983707 -34.57758118
v -14.74215194 3.18773782 -24.86141443
v -22.71007236 8.86704208 -35.92615393
v 14.06299957 -2.99849352 -29.21613640
v -5.06505210 19.12432407 -47.10270266
v 19.49083407 -3.56520705 -31.91843596
v -2.50472087 0.95413449 -33.93029916
v 19.02099011 -3.72219113 -33.54496656
v -59.29495075 -11.80421260 -22.52431963
v 15.57856189 -0.14986182 -44.97918819
v -5.27518822 1.84997839 -34.33083753
v 5.58245772 14.68380391 -46.75046849
v -27.91539773 -4.20510567 -14.98196294
v 50.17370537 -19.91810736 -23.81469215
v 50.74389011 -12.50579630 -15.98634274
v -9.90743798 13.46818239 -52.45168364
v -8.94968352 5.15916619 -42.56431320
v 9.85720358 7.67525832 -53.86804272
v -12.43276136 10.91995178 -43.16209167
v -59.88758213 -19.76821190 -8.12768321
v -51.63662721 -14.14222380 -22.89709753
v 38.91523057 -9.44158693 -33.45844435
v -19.69181843 2.73208165 -23.17771415
v 44.14052708 -7.03148954 -22.14708515
v -24.45672462 -3.24679755 -38.91154424
v 24.76879525 -1.68642050 -45.71135585
v -16.71727945 5.76045392 -31.20156066
v 2.95716316 8.04573074 -46.04448369
v -30.68439872 2.62176049 -34.96302949
v -42.35576433 -2.30371083 -41.37325280
v -52.37043851 -12.10643520 -26.09355969
v 54.13440146 -22.92342357 -13.11805329
v 11.12477412 6.72196450 -53.96938638
v -66.16566431 -17.91632571 -16.37955800
v -3.93446925 17.26419251 -55.28441931
v -31.40362201 -4.10362091 -33.60674078
v 32.04210843 -9.90594999 -43.87780051
v -61.85264095 -14.49483183 -20.75561353
v -45.78923825 -6.67969775 -8.35611750
v -63.90524360 -14.03930960 -6.40059858
v 0.66626876 6.52219447 -43.61792966
v -23.28244475 -1.90698279 -38.92096120
v 31.67853792 -5.25423363 -17.20133577
v 60.30434533 -19.97361594 -21.39678807
v -26.56471148 -6.71633331 -19.88658388
v -14.76135283 3.30617113 -43.35216622
v -17.02272540 1.23432612 -44.75134334
v -1.08999551 15.32105963 -53.73985139
v 2.83117971 16.66576249 -47.36680349
v 24.81516993 -3.07584881 -47.41345089
v 10.74966397 11.70776977 -43.20215634
v -30.96740423 -9.49057864 -9.78899210
v 48.64841609 -10.02405609 -20.39329034
v 16.60023194 2.67293187 -24.31687196
v 30.76151157 -6.65604276 -35.12993666
v 37.74058660 -9.25854328 -42.52440711
v -28.57749163 3.30179757 -29.33425404
v -2.21668395 -0.60885226 -26.58180268
v -14.35163416 3.35068618 -42.24254963
v 39.38293105 -8.31578553 -15.53841432
v -0.36844766 16.05736370 -54.25247931
v -46.47472672 -2.99409836 -25.05219774
v 49.64175285 -13.27209052 -3.94839792
v 42.46418084 -7.94169456 -40.09713115
v -23.51189977 -2.60802134 -34.30788738
v -57.19049289 -18.73035783 -9.32983134
v 6.39983850 11.25217283 -39.37432167
v -25.25506990 -8.31777224 -13.46836050
v 41.89059194 -12.45068828 -32.13499560
v -42.03919221 -7.33130036 -28.38269743
v 38.51781772 -2.95637732 -38.24833638
v -37.46711287 -5.73929847 -44.69237871
v -25.00160252 4.31315107 -29.91528103
v 17.73123268 6.55593979 -44.04887950
v -21.48082736 6.17494824 -32.70361050
v -29.05389095 3.21491892 -31.58656608
v 5.80746879 15.08932604 -51.24319971
v -24.30146183 7.14052568 -40.27907029
v 1.41345260 0.56823372 -33.24627398
v 38.61358978 -9.68784752 -31.56757513
v 33.97708733 -10.37267227 -43.64511238
v -20.70566592 -3.45077029 -21.84500363
v -44.28380521 -6.76694499 -37.60504931
v -29.58643427 2.96985725 -39.00104608
v 63.08098305 -19.43959882 -12.64274789
v 15.17837682 -6.12526723 -20.51347626
v -38.85644936 -6.34866599 -24.41684285
v 4.71010561 5.07535463 -42.40828168
v 48.97597963 -18.32353865 -24.59857840
v -64.87119234 -18.53049515 -10.97141073
v 49.61057456 -14.46601344 -1.70846519
v 8.54250397 2.13544798 -34.08787425
v -24.11612371 1.41578242 -49.10085786
v -23.16343772 -2.78743239 -28.30674830
v 16.54335963 7.74237701 -42.45819103
v -8.75820367 8.26309171 -34.01533871
v -34.89445499 -7.81558683 -18.67418034
v -11.33828137 3.13608542 -26.08462093
v -10.54801136 1.25011008 -32.71568572
v 34.72900079 -3.95674826 -22.31891307
v -2.30387620 5.66318802 -29.08419493
v -52.56841051 -15.13938317 -2.86916128
v -26.80494369 3.84993735 -29.46556774
v -30.08987554 -3.18817167 -48.24151416
v 13.60847519 -2.38766241 -22.77366426
v -25.99374311 -1.06283292 -17.04504101
v -57.94313320 -9.52225578 -19.03366686
v 24.62543905 2.21968402 -30.16820721
v 22.93336562 0.40206517 -24.44620605
v -18.30079839 9.81801681 -35.66048913
v 30.51627494 -6.93204241 -35.95727797
v -23.55315423 -6.02774342 -15.59945407
v -26.16896770 -4.51021439 -39.08982360
v 44.46617360 -13.67237973 -29.95111392
v 10.13868901 4.36617032 -29.13710927
v -13.53852371 16.72885781 -51.53499077
v -45.53750439 -9.03864828 -34.21140174
v 18.99928678 4.39450522 -46.85930621
v 58.81638829 -24.63965176 -11.53960962
v 62.02768561 -22.65145074 -20.72697717
v 3.99432191 9.86392479 -37.64912117
v -52.50943502 -7.93290645 -11.31039482
v 21.71109962 0.90816313 -44.84070713
v 15.31981268 9.28011538 -45.16926719
v 31.98088443 -8.42958121 -12.58541036
v 59.43087660 -25.08978572 -18.37904568
v -8.30282534 16.91044186 -45.97221085
v 18.32452454 1.30664729 -50.72397834
v 7.40782407 8.49735588 -52.93389699
v 3.15259322 15.16045032 -44.66746510
v 21.52964480 -5.93773096 -18.23373926
v -23.90758399 8.06813196 -38.53699395
v -33.98050524 1.87267502 -37.10090450
v -16.25378519 9.80317389 -38.53373096
v 17.92790138 -7.11847579 -46.40606072
v -15.98202465 -2.55895949 -23.22220965
v -11.89880693 5.61965893 -46.10364453
v -56.25810643 -10.85289936 -2.23732402
v -60.15455061 -20.75320926 -14.19530640
v 11.09742890 11.16562339 -42.69202593
v -57.51928219 -14.60549456 -24.39020943
v -5.95388425 19.22523197 -47.68044643
v -4.42034769 18.57120796 -45.73099740
v -39.90933182 -0.15334683 -28.08556913
v 47.83537441 -15.86777236 -26.51620135
v -1.84364630 22.24687509 -53.42828151
v 35.30117013 -10.00291899 -41.43270391
v -16.52633168 -0.57739299 -31.73403103
v -19.09993739 -3.02191535 -20.93137021
v 15.39659609 -3.23087594 -29.16926814
v 0.29272791 11.67151503 -48.81820406
v -58.19238107 -17.29639518 -21.95170248
v -45.98947171 -2.76809196 -40.28149187
v 22.58871978 -1.78134156 -47.02928916
v -54.42111468 -13.41395829 -2.04147826
v -11.04410785 19.08408032 -51.05185222
v -52.84185819 -8.74399350 -1.19118146
v 21.99598105 -10.31485017 -46.43327728
v 31.03366839 -6.86646275 -24.86492307
v 57.61386744 -24.60376994 -19.55200295
v 33.61976408 -8.71098870 -46.63792616
v 41.21582324 -3.89104563 -36.43166234
v -64.32328838 -19.13066518 -10.59361792
v 41.44525241 -5.67386511 -20.15672257
v 17.01627773 1.89005224 -50.98817836
v 24.60802012 -6.99383523 -48.92263055
v 37.66226651 -10.67614857 -20.24376106
v 35.85496149 -7.93894264 -36.43272483
v -21.10554615 -3.02948553 -47.13128277
v 16.68982093 6.13145397 -51.33093782
v -65.12037424 -19.10588228 -12.28007988
v -36.70186443 -11.46916472 -11.18899054
v 50.05963560 -19.39752192 -24.55865915
v -8.70110727 9.47061402 -48.25275161
v 1.53077946 19.42318732 -49.38380589
v -20.57603041 0.21165376 -36.78314524
v 44.31579986 -10.99797741 -10.36660841
v 19.68595448 1.04956643 -23.92718940
v 35.08771725 -9.85141753 -20.12777216
v -38.96438867 -1.74407007 -21.47243475
v -49.56589654 -7.19392148 -9.59783195
v -31.89226280 -11.69238208 -11.96619888
v 45.68981341 -8.61123787 -18.37314328
v -58.39206065 -19.23508963 -8.17622738
v 27.07067253 -10.41508925 -46.56628249
v 3.87473675 9.02823553 -35.97399985
v 52.75051449 -17.10695800 -3.45112478
v -44.65342167 -2.89454260 -21.75467003
v -1.56930277 12.00503582 -40.02834964
v -6.35443826 18.12565235 -45.98942332
v -32.38325524 -8.21468696 -42.88611087
v -47.55002697 -9.74297681 -32.80333230
v 4.87288776 15.57475992 -48.47553511
v 51.30101205 -18.30522881 -25.61219237
v -41.84606212 -3.92535142 -41.97468828
v -44.28968519 -8.62721605 -34.85611182
v 24.77335669 2.28322447 -33.10704411
v 40.40241501 -8.91011135 -40.62402193
v -35.17601239 2.19857769 -31.03698911
v -23.71279855 -3.48449919 -42.45464632
v -25.33851406 -1.85454001 -49.00465788
v -30.98223080 -10.87673386 -10.05402054
v -60.99164335 -21.07433325 -15.30913575
v 41.33069089 -9.56394196 -37.46487304
v -3.91084594 -1.99920721 -28.38428379
v 34.23782260 -0.83635676 -28.34537802
v 20.86410272 -7.44703857 -18.84150990
v -21.48172589 -0.82475566 -39.79752501
v -63.51740041 -20.20484453 -16.90956134
v 10.73639262 2.12308449 -25.11407853
v -12.92848335 12.71255586 -51.26006195
v -22.39903653 -1.07752311 -38.04782891
v -57.40482093 -17.94877317 -4.92667595
v -16.41968824 1.00579682 -23.09077198
v -65.12394164 -14.54713393 -8.87463080
v 42.75613452 -10.33356184 -34.55764293
v -30.00074891 -5.17299070 -39.51890150
v -24.89893794 -0.19936484 -19.18913820
v -0.07777916 3.81044459 -38.59836621
v -4.72136837 19.46660198 -47.75967457
v -46.47289066 -9.22677422 -19.08485651
v -24.39366954 -8.42462386 -14.17370078
v 11.36282219 12.41569938 -46.26943538
v -50.64564536 -7.61679124 -33.57500617
v -40.27300707 -9.93431470 -15.41949199
v 4.94195506 16.24179952 -51.96746229
v -14.28291916 10.51704687 -44.02039891
v -5.55838690 6.80572763 -30.89933649
v -31.42048879 -3.98148886 -34.37804506
v -48.93712869 -4.24495133 -37.79106858
v -49.94375096 -6.76438821 -12.84009831
v -59.04610404 -11.73618508 -24.56163752
v -51.92085647 -9.69495475 -0.96941361
v 8.86357705 4.57398770 -44.72957935
v 38.11205070 -5.19776387 -19.95033085
v 40.71360720 -9.23149560 -40.10763863
v -8.44439807 1.21828590 -25.37911447
v 23.32335657 1.40064973 -42.18793077
v -62.10268954 -14.21345811 -18.50844859
v -42.97383969 -4.41247688 -15.18370769
v 16.72735270 -3.44366847 -32.90235542
v -26.32038051 -2.60632949 -33.76506417
v 17.66784307 5.95874668 -34.69986164
v 38.48511573 -9.35414021 -41.39981753
v -43.69399223 -8.12097041 -36.42440584
v -2.00918848 9.33443603 -35.97920347
v -7.79432325 14.68954258 -43.83175199
v 22.42062980 -4.86388694 -18.36355527
v 45.76789608 -8.61497202 -30.85821221
v 33.87047729 -10.41965044 -45.25481531
v -3.28987838 -0.95083469 -31.32775258
v 15.55837948 0.71881289 -48.90612435
v 5.58217177 4.90179717 -28.28133148
v -25.56193995 7.25813136 -36.34230184
v -16.83663939 -2.16992513 -28.69507850
v 8.23208593 -1.11628587 -24.82884462
v -9.22163576 6.88333864 -46.05086334
v -10.11270838 -1.64126917 -25.18290559
v 15.53396049 -6.02845179 -19.83618251
v 16.12543043 3.02238097 -52.43896260
v -5.84703364 8.37871344 -45.71016237
v 20.73880640 5.47420389 -39.77198193
v 43.06193210 -16.03230972 -4.26267886
v 5.11297468 14.74971685 -46.22400126
v 52.76733319 -17.02240852 -25.98449559
v -43.16393159 -7.70096994 -20.67345099
v -20.86148790 9.37035738 -37.88591769
v -40.17759263 -6.47751697 -25.99955470
v -62.17963059 -19.65818924 -8.02439137
v 13.65331428 0.54125430 -35.21921179
v 8.54001785 10.34708921 -53.35533964
v -24.92050961 -1.06069807 -17.24274131
v -1.40251146 12.06768741 -48.74263470
v 2.48450690 9.20933962 -47.29348133
v 33.06457422 0.39192664 -29.91884833
v 31.70792290 -6.81314705 -26.47393559
v -45.09396419 -1.27465591 -28.52915398
v -1.10584369 9.93322821 -37.72512454
v -20.20490341 -2.49506447 -29.11382945
v 34.30116955 -0.12409970 -31.09302686
v -29.82534593 2.77049621 -38.04875951
v -30.01492228 2.86293702 -40.17183178
v 7.04801213 13.02478689 -42.62457469
v 20.30380229 -3.49506844 -38.29283137
v -28.26217822 3.57531412 -36.57337277
v 50.89596778 -19.46150267 -24.77740134
v -46.29055485 -10.38917254 -2.36341489
v -24.41469020 -2.60165292 -34.03615556
v -6.62879742 19.42465438 -48.30903015
v 49.10392878 -20.71504504 -13.59630662
v 11.06685900 -1.62278356 -29.66742024
v -20.29280522 8.42924730 -34.06371435
v 8.49112377 -2.92547185 -25.50659777
v -23.46503203 -7.63754150 -17.30550508
v 13.68543194 -1.08002510 -33.40718828
v -22.32009549 -1.40856474 -40.13558330
v 19.45006556 3.81459792 -46.83544307
v -52.41991482 -13.08255608 -17.77655050
v 12.04073569 2.87221050 -38.75491526
v -19.39223598 -3.24078965 -19.89822739
v -40.19660094 -4.12595226 -43.28824542
v -17.31495972 9.85231573 -37.34369047
v -10.17753627 17.63770235 -47.95718941
v -46.93876292 -2.01250499 -31.39231207
v -59.50671495 -11.85248491 -21.79534438
v 0.00075780 2.71712830 -36.10506174
v -1.78037842 6.25540847 -30.23055832
v 42.79710208 -7.19154198 -40.22818066
v 35.88323800 -5.86747479 -43.77065675
v 21.11662827 -8.92011698 -16.51188904
v 47.93858400 -20.20759525 -5.00848336
v -33.98641929 -1.28880376 -19.80813739
v -30.01444517 2.70668805 -36.85626550
v -23.05724946 1.13179196 -21.28319257
v 29.87924728 -5.84565433 -33.19612376
v -11.84127039 15.99402584 -48.43656173
v 41.72819281 -4.20494304 -36.25048481
v -14.84067022 -2.59327208 -26.06834902
v -26.38807767 -3.45085901 -25.43218712
v -24.05831650 2.82240146 -46.97420607
v -19.47290446 -3.40864514 -20.10083151
v -52.39104409 -14.77576692 -23.51791161
v -42.15881505 -2.13061587 -23.55468170
v -40.29283215 0.36917885 -33.15879989
v -33.09322761 -3.96594212 -15.37101409
v -54.05046895 -14.01212266 -2.15192268
v -19.56215113 -0.46684818 -34.93182119
v -7.40363781 12.13865426 -49.95326179
v 4.05613326 9.22786080 -48.60007379
v 12.20256303 3.02212112 -41.84384688
v -44.35082707 -8.87789682 -33.57784294
v 5.51597708 -0.80338963 -27.75066360
v 15.32624541 -5.99413265 -21.96151033
v 33.03511430 -10.60101749 -10.25062715
v -30.34219304 2.69867236 -34.14427425
v -5.34023162 4.60356787 -26.70100551
v 40.62931441 -9.62210419 -37.00553847
v -0.14499781 9.74481361 -37.53778189
v 20.12630439 3.54267356 -45.16089785
v -16.23222188 -0.48640007 -22.59021501
v -20.39604044 -2.53607138 -46.92069152
v -8.61224866 4.21214375 -38.09061711
v -37.06038761 1.45867413 -32.69802884
v 34.01020067 -7.21092828 -46.78187404
v -62.03459226 -15.23654177 -5.00724575
v -29.97557475 -8.36190480 -17.09920714
v -46.07322101 -1.50381114 -36.57507298
v -46.16259247 -8.89052688 -34.51606491
v -16.79091446 10.86033179 -46.76110643
v -26.27553514 5.68621512 -41.36612453
v 55.45180988 -21.85960381 -5.74277856
v 2.43778787 0.35884630 -26.38276313
v -21.48410507 8.96914238 -34.97092514
v -48.27873290 -2.86746584 -33.95606270
v 1.41418317 4.29491767 -40.32198094
v 49.03269926 -18.67982753 -18.93584612
v 59.97900899 -21.10834723 -8.68946844
v -46.65663652 -9.71094372 -33.09963136
v 21.86186657 -5.80652538 -49.17147282
v -44.71909574 -3.82735608 -40.82309754
v -38.81045494 -8.25493657 -17.85939117
v -27.91061680 -3.00107702 -33.01203566
v -63.24587222 -16.14512985 -6.41283766
v -48.95241283 -4.48453756 -33.63919183
v -65.48956295 -15.73749484 -13.04618844
v -16.37890463 6.80936039 -32.26758448
v 2.71094643 16.03010085 -46.04893830
v -34.01125824 -0.94607991 -20.46251808
v -37.81870437 0.20193554 -40.02847543
v 9.75516469 0.22672686 -24.71290745
v 38.26042089 -8.66112490 -33.36460292
v -2.45810114 -1.86623995 -29.14940026
v -16.71340404 4.25526109 -28.20217685
v 19.78912973 -4.39032897 -19.13211910
v 39.59411019 -9.49001874 -36.71995959
v 1.45903937 15.57907770 -43.79496145
v 8.36764824 1.84556504 -33.38834323
v 25.92565653 -5.73148682 -40.93765586
v -5.28768794 21.61973380 -54.84103136
v -8.18471901 3.78376568 -26.29764790
v 33.32619104 -15.75534380 -9.33065659
v 57.89464255 -24.63733046 -13.18983655
v 11.68843836 10.96917353 -43.05414363
v -46.04537361 -2.77881862 -25.73178736
v 14.80799377 7.27092177 -34.46978758
v -42.11832424 -10.16986440 -15.67418701
v -26.75811421 -11.58949476 -12.27814118
v 29.78899823 -4.44238432 -47.68598957
v -35.53686807 1.03534345 -26.02180823
v -32.97699088 -4.91953515 -30.67528425
v 20.88018336 -7.40572080 -18.22292589
v -15.19180749 8.49341949 -50.78247465
v 27.52890201 -11.02385766 -17.27254265
v 12.08207395 0.25067544 -32.75700931
v -46.22160063 -9.54818091 -2.64483104
v -33.04366843 -0.90116216 -20.20605697
v 30.24786652 -7.65681148 -21.89673562
v 11.43706702 5.71248820 -31.82756981
v 43.42151898 -11.02372170 -9.09671379
v 56.89154455 -16.45976317 -18.36266863
v 13.90793352 0.98488810 -36.18006183
v 1.70783857 2.42561153 -35.80760334
v -28.96520611 -0.13928987 -47.65228026
v -53.91087460 -8.57709774 -8.80134721
v -5.50753918 8.05248151 -45.28851314
v 6.87820410 8.27621753 -50.26639167
v 11.19339022 -4.62004768 -23.38426645
v 32.78776780 -10.49026560 -44.92205223
v -36.02752272 -1.43834843 -43.18972843
v -22.68783286 -1.27349214 -38.62936757
v -1.63337226 5.01781712 -27.83543944
v -6.61531276 11.04783461 -39.65041082
v 5.79160762 -0.98275361 -27.36957203
v -44.58662776 -10.10600395 -3.24368016
v -45.04004421 -2.28584594 -26.30117297
v -2.60168734 8.75793155 -45.30919956
v -18.27962178 2.85913131 -49.89824711
v 8.09989733 12.35690992 -41.83325717
v 42.24391649 -11.45864307 -6.10850677
v 25.53325073 -1.13154317 -22.30176500
v -16.20704193 9.89970269 -37.66653973
v 46.59656383 -19.39205464 -13.53857379
v 18.08471284 -1.97838806 -39.65466895
v 29.15991495 -6.34979663 -35.03875099
v 34.79660782 -5.46029363 -44.26502920
v 20.40194024 -3.11327956 -49.97973720
v -42.52953642 -8.02053298 -31.55186437
v 30.22226092 -3.96131511 -47.06460997
v -46.59652056 -9.92417044 -31.97525195
v -7.48093005 8.03988662 -33.38988739
v 4.19366763 19.12401716 -54.52224254
v 45.17261347 -14.66862776 -24.22038921
v -39.61897223 -11.10826521 -12.81534694
v -8.02078849 19.73440929 -49.84809890
v -34.58900395 -5.30747330 -32.98123276
v -9.80456893 19.18656700 -53.56446681
v 56.62918902 -16.25750014 -10.36473107
v -55.13126056 -9.54196613 -1.70313352
v 14.01925936 9.26764977 -42.84333346
v -51.63040244 -13.70293157 -24.48899186
v 22.36287903 -10.88992534 -16.14426152
v -1.90850334 10.75245702 -47.13719196
v -6.91330167 12.76015914 -41.23032583
v -17.93893603 9.55875642 -43.33668191
v -52.67453148 -7.82594114 -12.09072933
v 24.71067498 -9.35547992 -18.64972615
v -18.58113290 1.01714196 -22.18243040
v 10.04652989 2.27376173 -34.68642872
v 58.39651399 -22.27746958 -23.59555818
v -63.98984356 -13.35356911 -8.03386734
v -53.20894435 -8.22528761 -31.75450009
v 19.44026450 6.47721613 -41.66232320
v 16.97166643 -1.53610780 -42.22821268
v 10.15662043 5.12556228 -47.95989902
v 36.54170705 -10.71431051 -9.73460213
v 16.89893355 5.12433909 -51.74706842
v -58.15056489 -9.99420363 -16.69484754
v 20.12685247 -3.44214933 -19.20271505
v -53.10248044 -15.21256561 -23.59456880
v 37.57805913 -1.80002999 -34.04196731
v -6.05150867 9.85018820 -37.72376745
v -33.49270560 -8.18757284 -18.05313011
v -63.58031129 -12.99014610 -6.72018739
v -33.11942670 -5.49498548 -22.41118351
v -51.74954100 -11.14858389 -27.12099698
v 31.10726753 -5.94034619 -32.31907144
v -6.54017378 15.41312039 -53.88700866
v 42.36585926 -17.95671656 -12.95242029
v 33.03397231 -10.18122554 -43.79062554
v 32.69387146 -12.56949030 -9.33416024
v -26.08439984 -4.75243662 -22.22781067
v 24.06392773 -9.50993776 -12.05850834
v 15.95306865 6.54320175 -33.91088822
v 20.88042036 4.25461998 -34.82148928
v 39.16039477 -11.42826404 -6.90915923
v 55.14682913 -20.79089142 -5.21935982
v -33.25440302 -5.68497673 -9.53939142
v -61.42894913 -14.89601129 -22.56766563
v -55.05090514 -14.74098055 -2.61609459
v 1.76786731 6.64953840 -31.50163978
v -32.43629948 -4.69299940 -30.60463961
v 41.10409286 -10.12111909 -35.30196802
v -51.84751171 -7.32174119 -14.12536673
v 54.26187009 -15.29258653 -21.67519686
v -3.58678779 9.55813508 -46.12865226
v 45.09058428 -19.28443105 -5.49733631
v -56.13493384 -14.47726095 -2.64522806
v -26.83031948 -6.53780532 -42.41131321
v -11.33986533 8.47777053 -34.44261403
v 17.97073111 -7.72125926 -47.44877921
v 0.58662246 4.64802455 -40.92623176
v 9.57127622 3.12246953 -38.50899025
v -3.16679626 19.79788140 -55.40531555
v 27.59920234 -5.05941980 -30.03691894
v 51.88857249 -17.53195280 -3.91462563
v -58.72708058 -11.02880112 -24.18126609
v 37.40016995 -4.23172896 -25.59381155
v 9.08131136 11.39179247 -52.82694693
v 13.93709073 9.72381730 -51.09323599
v -22.83652758 -2.37691241 -41.52307151
v -50.38292867 -11.84116378 -25.33198109
v 17.18617910 2.07984555 -23.76194313
v 3.68122665 12.77593513 -52.76234056
v -24.27710677 -2.67661966 -34.87408262
v -7.17884641 6.00159781 -43.56139120
v -31.56569898 -11.32781966 -10.12723632
v 34.36502311 -7.84612555 -23.81971355
v 23.36554284 -8.63502860 -13.74086726
v -43.28323682 -2.42095159 -23.24087604
v 22.79510433 0.15102956 -44.25933822
v -58.52681304 -10.33210222 -13.64054776
v 48.41263846 -9.89401106 -24.69427555
v -14.19876257 9.22664631 -35.07181949
v 21.28383761 -4.65404215 -18.82723309
v -64.41643281 -17.32057327 -8.91942170
v -15.97250724 9.83920318 -36.05726765
v 19.39254151 -10.16070758 -47.72430096
v -38.81297830 0.78533786 -34.75501644
v -6.77498430 18.43437637 -46.65951563
v 43.28418360 -8.99011465 -15.78249209
v 4.54104556 10.15389686 -38.02020544
v 40.99978072 -5.72550769 -19.04069565
v 19.73264484 6.39159903 -40.41724625
v 17.67168019 -7.58417150 -46.56281877
v 23.12965673 2.90910781 -32.36552830
v -28.25476356 0.56982514 -46.98452778
v 7.53994498 -0.88293334 -25.18661697
v -35.97512642 -6.14641471 -38.60421754
v 36.62459828 -8.80663598 -22.97880330
v 43.43784734 -7.85893216 -17.18065883
v -18.58958313 -1.81047605 -20.90048772
v 41.65448993 -16.11078317 -15.88845791
v 7.56622238 4.20471419 -41.91181398
v -5.81604191 5.61556726 -28.90134138
v 21.06851000 -8.23404782 -17.61398800
v -21.11861616 -0.10572871 -37.79611306
v -20.01192391 6.24128357 -48.27855071
v -22.98184930 -7.72551850 -15.68108415
v -12.23884231 10.91045007 -51.42099570
v 2.99063180 4.77857271 -27.25830819
v 21.88270138 -7.52883692 -43.08225691
v -0.48298591 3.58031374 -25.92280853
v 35.93243422 -4.31682607 -42.12175572
v -4.03542802 13.28105257 -49.97276265
v -24.95715345 -10.09797248 -13.86662968
v -35.83650686 -2.78707247 -44.84228561
v 1.80994570 -0.57052457 -30.65746720
v -21.11034556 -2.81363384 -25.72106847
v -38.00939450 -6.49106064 -32.46889108
v -6.38047379 20.47128294 -54.76034238
v -5.90090063 14.72889257 -53.01514572
v 15.66570580 8.58537045 -40.45697600
v -46.18541431 -1.51123316 -29.49318919
v -14.43530452 10.07576739 -38.19514836
v 49.35599909 -13.66756480 -2.26546308
v -8.12514059 10.69148892 -39.46510380
v 33.73907759 -2.46877974 -25.05496876
v -49.66196899 -10.51983693 -20.53519489
v 36.70322557 -9.76557794 -13.29093828
v -23.48319559 -2.40502310 -37.31323224
v -34.49823036 -7.69744762 -18.83222559
v 47.52725196 -16.93984568 -24.18970553
v 32.50032306 0.49040152 -29.31141612
v 12.77602054 5.31655303 -31.23343932
v -27.11386396 -2.06736242 -15.83062654
v 20.80190979 2.25644122 -45.62315183
v -30.87213930 -6.48594943 -47.09266697
v -44.30833475 -13.11636247 -6.61001678
v -48.71704867 -10.16971490 -17.06389663
v -29.67496780 -3.88678222 -29.89135160
v 16.95688530 2.61212477 -51.49653591
v 3.94474437 1.71411530 -25.82087866
v 2.34799114 11.33508026 -50.03905362
v 7.32423120 13.22010480 -43.67270704
v 23.28970662 -2.21076873 -18.50921473
v -41.00478787 -0.48708138 -27.68262411
v 6.80409537 -1.63544019 -25.66539685
v -45.69448030 -3.61836448 -18.75964970
v -21.29772790 -6.08367081 -19.21990131
v 14.39225408 6.16745522 -32.62624287
v -33.15416764 -0.02539690 -22.31129712
v 6.10892682 3.02304594 -37.04627379
v -44.30779707 -9.10204898 -32.47985112
v -5.88758717 17.72724793 -45.22997358
v -27.22646773 6.32553680 -38.00023333
v 13.63139221 4.48471160 -53.88204901
v -51.79855319 -8.50983625 -32.63539378
v -47.30619783 -2.26347438 -32.22279620
v -35.41944639 1.81765574 -29.82219665
v 8.26900982 13.74843843 -48.25296338
v -50.69411361 -8.21546032 -33.31470868
v 55.52370279 -15.70484132 -19.28173540
v -46.51812986 -5.16892544 -39.06266281
v -8.40057757 5.80909884 -43.83100187
v -50.44105481 -5.51323601 -17.42434516
v 14.83121700 1.06186118 -47.82676754
v 24.78422638 -4.07358039 -16.97985923
v 35.89621978 -8.33375498 -24.08205196
v -8.98882032 -2.26538929 -26.13234732
v 15.47291617 -9.39172826 -47.42236079
v -6.49538895 9.07053582 -46.52353246
v 24.57729549 -0.14716000 -24.13509369
v 7.84498093 -2.32626371 -24.93806945
v 14.59748935 -5.38629513 -21.67880607
v -31.57266417 -11.25733594 -14.74651374
v -5.08949283 2.72950485 -25.64870572
v 2.07794390 2.62223799 -25.88955428
v 54.07049688 -15.32189044 -10.99677529
v 61.89212062 -21.15539268 -20.74255907
v 4.63135762 18.33383939 -53.35222161
v 8.78809051 -1.64781842 -24.39262389
v -24.31634089 8.23544935 -37.68746137
v -63.76318630 -19.36485609 -9.63791729
v -5.91325755 3.96711057 -25.87894547
v 13.69969057 -0.13261391 -34.41245805
v -48.75717256 -2.91473768 -36.54267649
v -6.72488736 0.57564382 -25.54989682
v 41.74155014 -6.25404990 -41.06240177
v -22.71857205 -3.53144030 -45.02975234
v -22.54856610 -5.25239233 -16.56804006
v 62.34204842 -20.96831996 -20.10346317
v 19.25159376 -6.85122367 -43.65436865
v -35.54147534 -8.53649742 -44.57468501
v 62.77155285 -23.10722601 -14.96492611
v 24.23498592 -9.92773707 -45.82495860
v -28.93019034 3.25741455 -37.58569097
v 56.81395927 -16.18920114 -16.78844881
v -25.60081125 5.92119674 -41.43772467
v 16.74277179 -8.37192038 -46.52949148
v -50.11729495 -5.07313548 -18.25780235
v -51.33344095 -9.71390174 -30.97682255
v 0.05198048 9.32632900 -36.49229554
v -10.28970584 19.41157364 -50.99916258
v 2.07594615 -0.66411105 -27.34585707
v 21.52220564 -2.90168016 -18.92894980
v 22.09407949 -11.40810671 -15.33807256
v -41.90506792 -7.34562549 -36.14097902
v -53.92358805 -9.21351257 -30.41209849
v -53.53732941 -7.42422603 -30.14431714
v 21.29197322 -7.81018951 -18.93541818
v 1.25338957 10.67229189 -38.86038802
v 34.61172463 -9.68052982 -12.73858467
v 47.67037397 -17.73754458 -23.03132636
v 44.34362618 -14.15642202 -27.99833035
v 40.22728969 -11.27754403 -32.16406316
v -30.74590427 -9.35942951 -16.26145473
v 14.81842978 8.84718346 -43.07575057
v 22.88976806 -11.22381672 -12.34852756
v 25.31379918 1.82676093 -38.66616637
v 28.87341136 -13.90133559 -11.07903283
v -21.34307714 -0.51149777 -36.62395085
v -27.81975107 2.58041844 -44.21547379
v -65.76778997 -18.81454192 -14.57991432
v -7.72826980 4.10397916 -37.77170176
v -15.20994417 -2.66432451 -25.60535971
v -5.91351232 0.28315313 -32.54446319
v 13.49041327 3.36188681 -48.58375051
v 23.80803554 -12.13383227 -12.95853496
v -29.18388667 2.85116220 -27.02002042
v -42.49685891 -8.41465443 -18.84383628
v -32.25550327 -6.45203716 -20.46971408
v 21.70160898 -7.99281123 -16.19014898
v 16.39045903 -2.57602833 -21.07218085
v -8.21557060 4.15859253 -37.36120041
v -8.50480644 4.20598093 -38.79418261
v -47.71930923 -3.31968693 -39.77438290
v -24.57143700 -2.66243066 -34.50787972
v 15.66713570 -9.80875810 -47.78695290
v 12.92271129 2.86914206 -43.86001857
v -21.82788092 -6.17401510 -19.34994696
v -7.09311918 -2.05787296 -26.35098443
v 21.99286989 -7.67665667 -20.03043543
v -27.39099478 -1.33361611 -16.79401990
v -29.86572342 -4.04830722 -28.76123632
v -17.30882383 2.04938809 -23.24165748
v 5.26223310 2.10123880 -25.67778837
v 23.88737066 2.53335266 -31.60210236
v -18.24578491 7.15841227 -49.29277189
v -43.40545231 -2.16487600 -40.70108116
v -64.84391425 -15.88526144 -16.01865932
v -13.49551193 1.98491134 -33.18324397
v -38.03200859 -2.45009826 -19.61835982
v 11.37828311 10.81547393 -42.37436098
v -45.84379500 -8.42352675 -3.62867435
v -15.75003492 2.58507306 -34.89764884
v 14.69741982 3.36170009 -26.13385789
v -28.01451193 -0.12346168 -20.69980696
v -7.20653219 16.67468552 -44.98027614
v 28.22687079 -7.90166728 -11.09555275
v 31.94073563 -5.58310082 -47.77557322
v -41.54277961 -11.76963503 -12.00741913
v 18.50635186 -2.28625511 -20.11178436
v 29.27131515 1.12964004 -28.29049543
v -11.23263339 4.13348464 -40.87769680
v -28.05081118 -3.74593498 -26.08415079
v 43.04776836 -17.14130272 -14.79671866
v 34.09760534 -4.06613656 -21.53689656
v -62.12832119 -12.22676561 -5.29535835
v 24.06666820 -12.12587202 -12.59686979
v -53.94154228 -8.11666613 -13.44347622
v -11.88165283 18.55294701 -50.74240456
v 15.18346550 -6.86246536 -19.23992609
v 9.65275894 3.37016823 -26.72034210
v -4.82952572 12.29671435 -48.96884812
v 50.89854715 -20.06243391 -17.79000201
v 0.19012921 3.14381095 -36.84362982
v 34.47971396 -8.04121437 -46.16778417
v 0.45884003 10.01912786 -46.93881956
v 11.49991880 6.17609834 -53.98011819
v 13.21312523 -2.33616277 -30.11558074
v 19.90410885 -3.85262334 -49.98224476
v 14.82846080 1.76639456 -23.64531852
v 40.12155577 -9.87220384 -39.30315635
v 7.77336680 7.95804176 -51.34794587
v 31.00746053 -3.37117110 -21.30863097
v 17.87688273 -3.55017198 -32.49096766
v 9.09906989 -0.17441384 -24.81330255
v 16.18705769 -1.37443977 -21.81055440
v -8.97673716 20.20742199 -53.74232294
v -43.10921695 -8.03822584 -29.14842971
v -26.75564770 3.88432370 -30.68663719
v 22.92727915 -5.42256086 -40.84040656
v 17.48587914 -7.76822284 -45.94536441
v -6.02458358 14.99091416 -53.45947567
v -14.46627835 11.90176918 -50.06636570
v -29.64103607 -11.45985526 -11.33316170
v 0.26278370 19.26590667 -47.25409980
v 33.85765243 0.08849295 -33.00663771
v 8.30273146 3.28656697 -38.35750895
v 4.73400429 17.73370271 -52.86381736
v -0.34925791 9.52906728 -36.99550391
v -22.57997180 7.51001821 -34.16863175
v 25.94720843 -6.18386557 -23.89245629
v -2.43669263 15.68160189 -42.61789653
v -24.25333273 0.12216924 -19.68960736
v -39.81774509 -2.95486390 -43.50827787
v -17.99092064 1.99019755 -49.35315238
v 22.63487653 3.43727064 -35.18749023
v 43.35528382 -6.93595144 -39.20030837
v 26.91581575 1.79740509 -32.61632593
v 13.13897930 2.80036039 -46.09462933
v 14.73030984 7.58787071 -52.18967721
v -18.46420192 9.87039624 -36.01002463
v -43.06297952 -5.30761536 -12.72380692
v -27.83735483 -3.87972865 -24.27736967
v -10.72437476 2.17068281 -33.60223997
v 44.43715924 -7.33362234 -27.37132571
v 44.22861387 -11.62019134 -5.78573423
v 23.35904904 -2.66739388 -47.35612337
v -4.77296196 3.88705015 -37.65756333
v 25.07837544 -8.45194768 -43.94052448
v -63.35105882 -12.99912253 -8.49276902
v 48.26083304 -11.15540416 -15.22024476
v 57.50369059 -16.62127043 -8.22735688
v 2.35485796 8.97503758 -35.66251217
v 0.83698028 5.07610541 -41.66397852
v 55.32094902 -18.66552715 -24.98572151
v -21.49505733 -3.14772306 -23.64309986
v 36.63405078 -8.35252964 -44.52102147
v 1.10132207 -1.16278732 -28.13353275
v 58.15486774 -16.93686000 -12.55579373
v 45.59642381 -9.50115841 -33.16161043
v -1.58521181 4.13896779 -26.11056655
v -1.74676167 12.96747907 -49.74931058
v -59.45957245 -11.40055254 -18.50157096
v -37.82042635 -3.13120295 -44.22352643
v 42.78556439 -9.33643339 -36.10200113
v 1.49125762 7.63469129 -33.13744702
v -12.29801122 18.46230443 -51.27203193
v 35.65208819 -8.08188226 -25.61029893
v -49.22399174 -7.52119786 -4.74875185
v -6.45167810 4.25999401 -26.26284093
v 3.15263055 17.44048804 -48.55321998
v -32.40167848 1.94242004 -26.08632658
v 15.77142776 -6.09729033 -22.07158173
v -13.09167672 10.43353467 -42.22090521
v 10.55754124 -2.31054675 -28.36547470
v -8.69401113 19.13894972 -53.92648977
v 45.74003865 -10.17001001 -33.39153778
v -19.68354040 0.05430037 -50.22699358
v -5.68693121 11.08414805 -39.55219319
v 20.96519841 -6.57153070 -18.27160687
v -44.75531662 -10.23158681 -16.51733488
v 10.51176442 11.75604594 -51.97215072
v 35.73980079 -13.88293590 -16.15304246
v -23.26709535 -7.90911397 -16.37740904
v -25.21499903 1.35546532 -47.10403703
v 20.90822322 -11.10378900 -14.38619466
v 15.24374371 -9.16906710 -46.67264244
v -38.74515989 -6.43266988 -7.63087187
v -1.59807173 16.61326419 -43.58159605
v -46.17683725 -8.63424912 -26.33960269
v 18.66656120 -6.86205376 -48.42351290
v 62.96843227 -20.48033224 -18.18229499
v 26.28387020 -4.01614210 -17.18976471
v 45.18685570 -12.11410993 -4.48238201
v -48.21215959 -10.05187582 -29.85092373
v 14.56064447 5.27985570 -53.36676548
v -13.82922565 3.83562431 -37.35227826
v 18.95917368 3.60283458 -28.53328906
v -39.07169073 -7.48276149 -6.66995727
v -34.82144676 -11.55805266 -9.70972772
v -26.12145648 -5.75531088 -41.54563020
v -3.33451189 14.00697806 -41.27375366
v 39.22692820 -9.20680006 -35.27151432
v 14.67605606 8.78457934 -41.50707509
v -20.38215297 9.73695363 -35.93523858
v 0.10924966 5.65199086 -29.37383471
v 6.62731074 12.89284189 -52.67026214
v 10.64082977 1.69017237 -24.96399307
v 9.68728381 2.10388025 -25.29461631
v 16.67372172 0.47844828 -22.58472207
v -20.46663956 0.78203774 -21.14137308
v -26.46246223 -3.87342488 -15.27651507
v -60.27923249 -14.71232558 -23.84116598
v 14.78297134 1.02328191 -37.96263069
v -34.38016607 1.30378206 -25.73056569
v 38.39132462 -8.74716974 -42.43973737
v -49.08123812 -4.14419380 -37.33173829
v 27.99245276 -5.40793262 -14.43191910
v 24.49798046 -4.58212228 -28.62140536
v -26.15047174 -9.40419468 -14.93490798
v 1.27802575 18.49907512 -46.63801439
v -8.11427025 13.88722408 -52.59132699
v 15.94907214 -2.69746498 -34.82997531
v 26.47300266 -8.90744127 -10.74133196
v 3.43210585 15.69466863 -53.26230650
v -27.05618296 2.50749099 -44.62172985
v -44.74471892 -9.22524531 -33.18453178
v 12.60954696 -1.78566922 -30.66105729
v 43.05979401 -6.37930093 -21.37200671
v -23.42578781 -1.86787895 -49.63432828
v -29.07047572 3.79832519 -40.64499974
v 6.02511471 12.74223205 -52.84313963
v -59.86212058 -13.06502848 -23.30135474
v -9.65996076 18.50035055 -48.36646813
v -22.38705335 -2.31086284 -49.75875823
v -35.59082874 -7.83374785 -18.58668355
v 26.18836619 -3.32541875 -18.82580596
v 15.03646966 -3.64267609 -27.79239675
v -58.41464820 -18.56394538 -5.77806341
v 19.90485838 2.64997924 -48.27610903
v 17.49468752 -1.85341595 -41.20740522
v 18.05798539 -5.36337721 -19.14335446
v -12.27786628 9.31822643 -50.36561713
v 15.80647394 -3.18752875 -32.59092243
v -37.21510063 0.24827331 -25.38260852
v 47.44903290 -20.41773021 -12.23149406
v 63.17782824 -20.74951986 -18.06629382
v -60.56188874 -13.04354479 -21.12018608
v 5.94159509 5.90375359 -45.04764863
v -4.67199489 16.26999861 -43.37287358
v 15.09775982 9.04831297 -38.97155591
v -53.42985526 -7.81761183 -31.43844005
v 21.43602306 -3.87338061 -38.19081507
v 36.48167096 -2.04215911 -38.35175701
v -30.88922523 -11.40839320 -10.80756661
v 21.17583937 -11.50708145 -14.02242023
v 5.19727969 15.81536707 -50.21135891
v -33.88021687 -8.14374967 -8.30797614
v 51.47278145 -20.33218424 -4.41673715
v -46.07704687 -8.59859397 -24.54197019
v 62.59212008 -23.35726739 -18.86270528
v -66.07721191 -17.38413837 -13.60945988
v -24.27597006 2.26183806 -47.46594437
v 43.91264321 -7.54040113 -38.21533550
v -49.22421586 -5.10516639 -33.73045138
v -38.80076279 -6.57289241 -38.78895321
v 5.77893628 14.42626830 -46.14694656
v -16.52287156 5.32435248 -30.62060728
v -17.85407339 -2.27543644 -28.75262146
v 21.21841502 -3.79611744 -29.28768042
v -0.23452649 15.70140057 -54.03464444
v -3.97311130 14.27487140 -41.58763063
v -23.71261414 0.61190105 -49.52563982
v -56.62566374 -8.12144716 -22.72855147
v 50.38448572 -21.69035388 -6.48390589
v -48.60412058 -12.79099572 -13.13383834
v 11.85842855 -4.24457455 -25.50437096
v -37.75309931 0.65221087 -28.58861614
v -5.11309799 3.96145129 -38.08243578
v -12.00338589 1.57960805 -24.83945604
v -2.25057733 10.19237240 -38.15413144
v 24.62672015 -1.18843556 -21.36978224
v 1.91901265 10.77849577 -48.79090129
v 22.39803758 -8.53943771 -44.08168891
v -2.39936873 5.76002651 -42.17539914
v -28.99772986 -2.10760042 -48.30651263
v 18.57608658 4.45247519 -50.06454912
v 38.82240431 -2.83938634 -37.43546131
v -15.55557595 1.82991017 -33.78040659
v -15.32912840 3.40435628 -46.01111660
v -44.26637648 -5.15423888 -40.31984474
v 9.26816851 3.15083074 -37.98530744
v -42.36229930 -2.43828727 -22.12452693
v 11.80430364 3.25665496 -26.29998191
v -3.54159095 14.59896316 -41.78576995
v 19.70626868 -8.12020820 -48.60768724
v 45.65568395 -19.58791949 -11.84791330
v -41.05232831 -8.68128159 -17.77214788
v 9.31819961 7.42321557 -34.18901180
v -23.55681310 1.36588763 -49.46201605
v -63.12559266 -14.96281609 -17.95196804
v -2.19241489 3.95673072 -38.05757390
v -17.24180657 4.86745251 -50.10733004
v 20.03899096 -0.33817197 -22.10439683
v 8.46198149 13.60289263 -47.03096616
v -42.89831646 -8.12946815 -33.22782440
v -63.97108256 -19.64785750 -10.67487678
v -52.87471440 -14.32119743 -20.10743096
v -1.16917425 14.43937893 -41.72243475
v 20.06116384 -3.55406677 -29.20400573
v 17.62045889 -7.86780153 -45.40524246
v -13.56443756 15.89814084 -50.57398695
v 62.83142186 -20.39437294 -11.01012973
v -26.81509799 -11.36408596 -13.77877127
v 34.39390747 -0.14112481 -31.65974276
v -2.32575863 20.96475131 -51.05300029
v -2.91659607 -1.86930552 -27.38148001
v 54.97506153 -17.74862363 -3.93773218
v 26.65663927 -2.61429287 -20.26082326
v -31.67351508 -4.43105676 -30.75445661
v -56.38639177 -16.82699707 -3.88368219
v 22.34369906 -10.47828252 -16.56362287
v -46.82280838 -2.24595789 -28.61457000
v -10.56155022 13.17535706 -45.15659750
v -41.46373976 -2.94299183 -19.06927903
v -60.05084744 -16.79223896 -22.65340560
v -44.96258299 -3.25821467 -19.49420133
v 19.72242754 3.35817975 -28.21781770
v -34.67086005 -8.46164239 -45.50705633
v -18.22654223 -1.74392283 -31.42840122
v 22.49745943 2.85187503 -41.49439089
v -29.06346648 -6.72936351 -47.30914767
v 37.29469980 -7.37220179 -44.04157581
v -58.09279503 -12.13084318 -26.35223346
v -26.58841971 3.90615717 -32.95122037
v 28.85193598 -0.04900131 -25.83639535
v -25.62431887 1.54914638 -46.47605035
v 39.58884007 -9.82935481 -39.97388073
v -16.68099619 6.34058026 -31.84494333
v -55.42356709 -11.74457604 -27.08443917
v 38.55324565 -3.32054738 -29.16605177
v -14.91897138 3.38946415 -35.56512225
v -5.17530330 9.77895703 -37.48703628
v 19.84811492 6.06912088 -42.08999920
v -3.53279508 11.01814788 -47.49167550
v 6.82269825 14.45162288 -50.50599470
v 46.73488758 -17.00655407 -18.49154928
v -19.27473403 9.58779016 -38.44254326
v -38.06896953 -10.93890349 -13.29870656
v -47.72020002 -9.46767284 -20.67871565
v -2.59188725 15.10987121 -53.51736979
v -35.53813466 -0.49634658 -22.10012819
v -44.59157508 -7.77898970 -23.45020763
v -2.32053642 15.43561221 -54.12328958
v -0.56977460 -0.72265824 -26.82144941
v 22.31842225 -8.95716090 -18.21820326
v 24.45163664 2.54921078 -36.93070819
v -32.06579771 -9.27790864 -45.41747470
v -19.50928547 1.86894732 -50.31314924
v 21.88656818 -5.11270944 -25.10973124
v 37.70691282 -5.27656809 -19.49095105
v -22.56743880 -3.79838901 -16.99400577
v 50.09588112 -15.18812640 -27.30608545
v 12.86376318 4.98394367 -30.73157991
v 44.10737674 -8.81749889 -34.66971951
v -45.39078055 -2.98248455 -22.40361349
v 27.53967327 -6.41078553 -12.43489551
v 38.45034569 -8.73880560 -33.98546785
v 0.19871862 19.74064838 -48.93641759
v 41.11848110 -5.66378797 -25.64372241
v -31.99503204 2.72219625 -31.32092554
v -24.52945604 8.07732279 -37.98750153
v 35.93201613 -1.55369542 -29.68238879
v 15.48786052 -0.09459381 -46.45484454
v 5.09879133 2.84244315 -36.45684548
v -4.31798252 2.99280232 -35.63141673
v -16.94424208 5.98788588 -50.47719875
v -30.34544079 -7.77612553 -18.02908997
v -46.20285040 -9.82351420 -30.43144918
v -58.92571076 -10.96739785 -4.95756200
v 51.78566026 -14.10326693 -2.20701813
v -6.56336063 14.23884233 -42.52114478
v 42.28878406 -5.96004327 -21.24704675
v -7.18672841 21.12061464 -54.17654816
v 38.93641382 -4.77596325 -26.54529047
v 15.52073574 8.35835813 -42.45185906
v 50.35457049 -13.82628611 -27.38186771
v 41.45379736 -12.24743420 -31.98794601
v -47.69841494 -12.47000162 -13.06480633
v -11.74863313 18.82496962 -51.82745540
v 52.74053101 -14.45602070 -1.48217279
v 50.06104214 -15.10518853 -1.77330699
v -18.28180245 3.39575141 -24.71056411
v -23.68754766 6.00018028 -42.10939096
v -16.03770542 1.20489267 -33.51093825
v 34.23788334 -7.37084816 -27.42293009
v -10.30966576 10.77649069 -40.32158220
v -25.54079997 -5.82586631 -44.99984397
v -37.20047189 0.94593568 -29.02707804
v 11.84041083 7.29057630 -34.12038322
v 10.32343107 12.28409268 -51.28277705
v -39.39635359 -0.48865692 -40.59809645
v 21.12217942 -9.08569183 -16.61498217
v 0.10095775 8.18510666 -33.65916299
v -0.64248804 21.11274189 -51.77757534
v 16.18892912 6.10506348 -33.28461033
v 1.62403674 2.01222834 -25.93642447
v 51.94360461 -22.24550545 -6.20109835
v 25.67004781 -0.57940759 -23.70988798
v 25.69238069 -4.94853702 -31.95357122
v 54.20034892 -16.02492614 -1.25344784
v -23.36763932 4.50614927 -44.75886290
v 14.65702303 8.82580456 -42.41300396
v -52.89553936 -16.28695748 -5.44819102
v -28.09543398 -0.70780907 -19.15430684
v -15.01594911 6.47307646 -31.76358500
v 9.05448179 13.18671014 -50.36463476
v 46.04981580 -8.59097919 -26.13541397
v 53.15379248 -13.76788616 -19.40989432
v -41.47363346 -11.61674532 -4.12090908
v 24.21256467 -2.17029114 -18.83654847
v -17.76138013 1.48985067 -22.71103135
v -51.96241651 -15.38984239 -12.26959102
v 14.86939600 9.99777735 -46.13343932
v -29.57992467 -9.27642206 -10.36931851
v 9.19436638 -2.84390969 -23.78543602
v -43.08157605 -7.88487299 -36.54147019
v 30.71058141 -13.05074161 -9.93151704
v 14.92457196 6.17149796 -52.85983662
v 40.63994412 -11.36345356 -6.51407903
v -44.90396417 -8.05809727 -22.04311567
v 41.65618318 -12.09658205 -5.29644946
v -35.05300926 1.72490985 -35.32231668
v 22.96022714 1.88747874 -27.24003099
v -20.50130949 -2.52545400 -29.82497788
v 17.19904259 7.23000902 -43.07237793
v -1.91687760 9.64512240 -46.07589992
v 6.71383407 14.38314014 -47.61080305
v 2.39426519 8.10455252 -33.97348181
v -11.16169029 5.45004626 -29.67728469
v 3.19879303 -0.67732342 -27.86307113
v -3.43223030 22.23151350 -54.66272990
v -57.36648425 -8.96268201 -18.92403966
v 30.47010441 -5.75440647 -30.81596831
v -46.40879542 -1.56876590 -35.30774646
v -34.22902487 2.30641105 -30.35071533
v -47.65162248 -4.77124194 -16.92546408
v 8.10893547 3.49636612 -26.55036115
v 13.18780652 2.98631252 -46.96757102
v 21.76470181 -9.73372297 -45.57437395
v 42.83709307 -12.98251706 -26.01821517
v -32.27208098 -4.82664064 -24.09938922
v 18.03336308 2.25445752 -50.86032129
v -37.09870697 0.90942076 -38.55140856
v -5.04302261 -2.12190252 -27.33634196
v 2.28587722 13.81065099 -52.74402766
v 2.70735576 14.29335625 -42.57959345
v -25.87929913 -1.15324939 -48.84530635
v 22.92975582 3.33555704 -38.19894802
v -52.96430338 -7.47505561 -31.64684556
v -60.68223731 -14.17363653 -23.04039086
v -45.19932475 -8.05033689 -24.79448310
v -2.75909496 22.18963311 -53.33200120
v 16.45063689 7.78458672 -44.14521549
v 26.76704273 0.28655037 -41.81594040
v -32.09081588 1.55563008 -41.59644737
v 49.86722704 -11.78539574 -26.01112864
v 15.11221911 7.40296769 -34.82409663
v 1.34036685 6.38288762 -43.56290776
v -2.37850027 0.03301834 -26.31629263
v -5.41953935 18.41842980 -45.84910140
v 18.23686011 5.54920520 -46.22951998
v -11.35475193 10.69473110 -40.91884089
v 34.49396545 -6.50665661 -32.72442639
v -11.98516965 4.83740974 -44.18832530
v -12.91037603 3.59782541 -39.99580790
v -16.38899427 -2.72491887 -25.00704578
v 10.73172860 5.97060105 -52.91743933
v 56.25749995 -24.00777096 -9.69855640
v -31.76323287 1.85791136 -25.58937974
v -39.09764116 -9.39068976 -16.23534341
v -38.08971041 -12.48923013 -7.13295127
v 46.51180508 -18.14235180 -4.16478478
v -39.78822392 -7.20762295 -6.67394445
v -2.17488242 2.95747886 -36.04923466
v -21.58475090 9.10291465 -37.99270023
v 56.41719648 -22.27615138 -6.49801058
v 22.92039085 -7.65151912 -20.71381323
v -23.80864180 3.66829721 -45.49438995
v 12.90137853 11.30057763 -44.84122177
v -63.88963433 -17.41035316 -21.19596101
v 33.65621346 -7.22170768 -26.73104444
v -49.67945595 -10.25905830 -27.62769494
v -12.32385443 -1.40158028 -29.44929732
v 12.83072572 -5.06152488 -23.98949528
v 43.46288456 -7.52244450 -39.18011743
v 17.88202348 -4.29244539 -45.89652107
v 55.55334252 -16.23358750 -1.70981875
v 34.48833533 -16.17248130 -8.31317116
v -16.98715775 9.68476487 -38.76904540
v 35.02564681 -10.63622525 -10.21667793
v 40.93735169 -4.92627524 -40.09096894
v -37.51355538 -4.62664862 -13.56781863
v -40.20033829 -6.77840518 -22.29003868
v -56.57581505 -18.38254506 -10.12454367
v -29.73683200 -4.37174807 -14.69222501
v 18.69333167 -6.84309495 -44.25282261
v -28.83266038 -8.48506261 -44.75405627
v -33.79386556 -8.96064635 -44.30941438
v 38.63472660 -17.40450791 -7.68159198
v 27.40668750 -5.38038339 -26.13796154
v 59.03123519 -24.59847844 -20.08642440
v 39.02362356 -9.82966519 -23.95239837
v -20.77344262 -2.97562067 -24.57818663
v 28.44538784 -10.46340016 -47.68734396
v -28.72710471 -3.47743035 -32.02708494
v 16.80081552 -9.09301226 -46.21200561
v -15.40037088 1.50735058 -33.35153702
v 23.32353769 -6.11138586 -23.65390022
v 49.66543226 -20.50894744 -14.50518998
v -18.10545154 -2.78853946 -25.59907580
v -28.00413770 -6.10666063 -40.77033834
v -27.14872307 6.43281697 -38.38762837
v 55.07876535 -15.72503345 -0.60704297
v 21.83048650 4.01148029 -36.34134102
v -8.05633527 20.20211512 -51.32428595
v -14.12991873 4.04601679 -44.93972888
v -2.53160455 14.10861378 -41.33222192
v -41.28529252 -7.57578993 -19.78297164
v 58.82269800 -17.12664288 -7.90619364
v 35.22177344 -6.51296813 -44.92249561
v -46.94369863 -2.43702670 -28.18391907
v -34.49684733 -4.52942522 -46.45530349
v -42.76074771 -0.28199011 -37.32034159
v 2.79955239 18.07931572 -48.57292208
v 9.93961018 12.20731468 -43.87051666
v 21.42241643 4.15973113 -35.59928887
v -35.96939537 -7.25482401 -19.59438682
v -8.92192543 7.79582984 -46.86208997
v -51.80633432 -7.99040706 -32.95568986
v 35.31172917 -7.85379090 -26.32460834
v 41.25746545 -10.25084963 -12.67524610
v -10.54781940 7.73197623 -33.18908082
v 24.47983161 -5.01533806 -39.95076367
v 39.21347554 -10.15325554 -27.52738710
v -33.98503109 1.54644860 -26.17792246
v -25.22701447 -3.25004558 -25.20845828
v -27.60606857 -4.33370971 -38.55979650
v 44.67123214 -7.45794184 -29.37401979
v 25.58477146 2.06684847 -31.97508094
v -19.42919253 -3.02649353 -19.65354502
v 2.79167535 20.26511595 -54.54827708
v 26.70530199 -9.51391032 -48.28633382
v -38.30057643 -6.29729303 -43.81675320
v 49.69878958 -10.50224874 -21.40024869
v 29.02508140 1.49504905 -29.12067647
v 20.52244373 4.92398467 -36.99004795
v -40.61623220 -2.29280618 -42.64738742
v 1.10850524 19.10467208 -47.54917274
v -33.93161090 -11.50841863 -10.27076415
v -23.96436854 -4.34967217 -48.21458419
v 27.39355362 -9.78061850 -10.52832765
v -8.05699307 20.70425988 -53.43424235
v 0.05729929 15.29586533 -42.65155562
v 2.38282843 14.05467392 -42.14365290
v -58.31487866 -13.43264596 -24.87521296
v 19.33685860 4.71700152 -44.94471424
v -22.04321608 -7.04972117 -16.63980948
v 31.95952672 -10.31233266 -10.55829832
v 24.23712736 0.80214680 -25.86034872
v 41.63500300 -6.38722670 -18.06615800
v -31.81997820 -10.50951844 -15.56405502
v -4.43247258 5.82379053 -29.31339024
v 21.22603351 2.14745244 -26.54998711
v 12.05732483 12.20760545 -47.45718943
v 31.03654391 -9.08535290 -42.88672920
v 39.81997720 -11.11335642 -28.99063737
v -8.89401003 18.67763300 -48.10641685
v -48.18524060 -3.15487972 -39.14102961
v -18.52659960 9.60541995 -38.59606823
v 23.82216044 -7.83826336 -20.72966082
v 23.08533647 -4.38857415 -34.64117777
v 30.82610029 -7.65920358 -38.57116652
v -46.11338105 -6.97912573 -7.32992131
v -34.20738006 -6.50641897 -8.59948440
v 23.12716495 -9.75204127 -17.58571799
v -21.97630004 8.69157625 -38.56009713
v -53.13712671 -7.65152260 -15.23576712
v -24.70449001 -7.06548861 -18.87255625
v -53.50047719 -6.94229635 -29.06660594
v 43.35133058 -6.08269111 -37.36705861
v 33.76187721 -0.05202068 -33.69972579
v -30.07823188 -11.44197532 -14.22800335
v -32.20610295 -5.72904920 -21.73438493
v -18.48445177 -1.13989705 -21.18810683
v 33.19316901 -15.69092399 -10.40226535
v 21.32341579 -9.13060574 -15.66091542
v 24.10127141 -7.43672881 -42.92556041
v -11.11410063 -2.47759482 -25.52977896
v 18.41114681 -2.59015254 -40.81850402
v 27.91032878 -6.22638203 -36.49514852
v -7.48229715 15.16012260 -53.53726912
v 39.55096100 -12.33039385 -19.57222823
v -65.73892866 -17.99867470 -18.28868343
v -49.02495913 -10.07601182 -30.01954145
v -5.65251306 6.65490129 -43.91336001
v -3.42293906 22.23120427 -53.72709908
v -9.10979387 17.50300614 -53.32279795
v 20.09816014 -1.09522023 -50.09001876
v -33.21571903 1.54064572 -25.52128940
v -28.57521196 -10.73456679 -11.06680223
v 40.91933805 -13.79885643 -18.69444414
v 19.77802423 2.40928446 -49.20508727
v 4.95256180 2.81410639 -25.77661442
v 15.53369797 -3.08217205 -21.37672080
v -25.59464120 -2.25181711 -16.13220828
v -4.33621137 5.73663047 -42.30330738
v 16.18156192 -0.36773308 -38.46320516
v -10.58619659 18.80861646 -53.12215242
v 36.06998031 -2.23851515 -28.39634757
v 39.99460595 -7.29383032 -42.15657349
v -1.26407927 9.10395155 -35.30654292
v 37.21389049 -9.97675015 -41.29078985
v -58.94133703 -18.98099685 -6.49412612
v -17.71345118 -0.32856037 -21.98132095
v -7.72746594 -0.06184664 -31.75033037
v -65.32160201 -14.96249463 -9.78642291
v 14.34607168 -2.75194338 -30.14526553
v 30.01617563 -10.04808340 -10.51697042
v 28.03306885 -5.88333657 -25.35407787
v 32.29841070 -1.37824959 -40.91990472
v 38.39561202 -10.11305807 -39.20442077
v 0.49556657 22.03103266 -54.89949876
v -15.75643192 11.00146165 -46.07152872
v -47.54990792 -11.70430272 -14.32815824
v 12.59841721 -2.64749041 -28.95010196
v 0.75931767 4.84208459 -27.43880266
v 24.66380039 -12.36222079 -13.59756617
v 12.03778453 11.72264190 -50.49275028
v 30.29041358 -0.03374315 -38.60558440
v -9.22593092 18.37753374 -53.52425637
v 9.68441377 -2.92511386 -26.76752166
v 43.30378535 -9.16186425 -35.78677443
v 51.12497485 -13.58549715 -26.26987599
v -24.35116604 8.10621254 -36.05586962
v -15.52474747 4.81284716 -29.66061263
v 7.63301391 -0.96401153 -28.87305670
v -5.30206787 -1.17492075 -30.22549183
v -35.67178828 -11.60975118 -7.23751293
v 52.34395160 -20.82126691 -23.94797099
v 61.18200821 -20.93781285 -21.38557171
v 26.73042818 -13.06038556 -12.66763161
v 2.87849841 13.64749626 -52.81921870
v 8.00782765 10.60758894 -39.12948231
v 2.17375173 7.18847648 -44.75789722
v 60.24761398 -25.16104092 -16.64683684
v 56.36567399 -15.82613804 -1.45111881
v -20.73958131 1.14317885 -50.38288215
v -54.35407782 -10.25734628 -28.42141701
v -46.55785559 -7.60950640 -4.32810734
v 6.75067555 9.20896254 -53.17690122
v 7.98751937 13.20786314 -51.79865739
v -16.73393466 3.58638402 -25.31707348
v 4.86094625 5.92877191 -30.63910080
v 61.22009198 -19.03427540 -17.78929162
v 39.60001159 -5.27587255 -23.23062633
v -56.89657743 -15.73697809 -3.18387359
v 9.39900505 12.01983964 -52.29018941
v -7.23147478 19.73129861 -54.44180845
v -18.77666522 1.01644237 -49.76204084
v -19.01095746 -2.36843417 -29.11920738
v -51.94493978 -10.36361801 -28.34296939
v 33.44248450 0.40025673 -31.48097930
v -1.21780943 -1.33664052 -27.16585899
v -21.07335051 5.17136964 -48.26242954
v 30.35875196 -10.78661745 -47.20538805
v -10.61821384 12.89117295 -52.20138678
v 58.99423515 -23.58996254 -22.15958267
v -7.22660600 18.12305111 -46.51313127
v 16.98473825 6.54114231 -34.90702883
v -40.33004549 -2.47760922 -20.37709730
v 29.69770159 -4.35844561 -18.34041306
v -1.48169644 7.40609775 -43.99313544
v 39.28400555 -9.40504285 -40.81383126
v -13.29855657 15.07344530 -49.44406721
v 49.70513707 -13.25572296 -10.29313188
v -21.77859428 -3.06928994 -24.15095469
v -32.52651955 -4.23646265 -13.53888398
v 11.38899676 3.01494048 -25.83727424
v 10.27948311 -4.11551477 -24.60312266
v -64.80550905 -19.86558394 -14.90062608
v 16.65064755 -6.86103753 -19.14719093
v 40.45358481 -11.67360893 -30.94957946
v 16.76930910 8.32986256 -38.26860380
v -38.09062732 -4.27209359 -15.46607853
v 3.19290029 11.14906602 -50.84469542
v -18.87522308 9.73331947 -37.95889234
v 41.56491671 -6.91442896 -17.37547774
v 0.09959013 13.71846532 -41.25408268
v 29.59927540 -5.51488081 -29.85769504
v -32.81916163 -4.50110335 -34.94437151
v -40.42274484 -6.05871194 -8.88776534
v -49.13027317 -3.54054429 -27.00161314
v 46.51774428 -11.10007507 -31.00740309
v 53.11837057 -22.19939748 -14.09446797
v -42.93367447 -7.06007006 -37.42201319
v 29.76662701 -6.48314369 -25.28648840
v 2.43681844 -0.78106438 -27.86670064
v -38.20567177 -7.81921382 -18.61751682
v 63.30810201 -20.78489766 -13.19780582
v -47.95292537 -3.75577836 -22.62039610
v 3.38353323 6.75906476 -32.10691964
v 32.56827932 -15.05425595 -9.01813669
v -54.02421008 -8.09054435 -14.36851054
v 3.95875868 5.56165855 -43.13379803
v 52.80956503 -14.61539679 -23.67328540
v 21.30394793 -8.56927776 -17.73478801
v -6.71391365 10.25029046 -38.47236354
v 15.78220950 8.59428902 -48.73839421
v -60.04295203 -19.90179789 -8.66379752
v -53.17195139 -9.44301034 -1.08092488
v 22.86560761 -6.09961906 -16.69939898
v -19.18069745 -1.52941704 -32.85486182
v -28.06826173 -5.37476767 -39.79254127
v -2.62245026 5.00724783 -40.86269620
v 22.19864474 1.88978602 -26.80093126
v 22.55134520 0.83876370 -25.13198819
v -49.01646681 -13.34654342 -12.49779652
v -6.18600341 4.82792130 -41.17993268
v -2.06804237 21.19236867 -55.29101528
v -32.48390590 1.69939875 -25.40816161
v -14.43788071 5.71094996 -30.80781625
v 16.95474202 7.29924934 -45.98540791
v -11.05596340 18.11513162 -52.87212939
v -56.44483017 -8.03467923 -25.07060892
v 47.72424703 -16.72425866 -24.93793248
v 17.82512452 7.63624016 -40.06379495
v 14.96951952 2.15891775 -49.19155336
v -1.07982822 4.53056739 -26.61049322
v 5.55635485 12.34416731 -40.90102706
v 0.96729147 12.02712687 -49.66390388
v 14.22540302 9.04971170 -42.68688907
v -22.14024004 1.10843257 -21.14359636
v -65.18884504 -15.64459968 -13.82373050
v -43.76216056 -7.57563315 -5.49195101
v -14.81885429 2.98056802 -24.43001097
v 40.86961281 -11.13441288 -7.39893289
v 21.63990253 -9.37400735 -17.18707873
v 32.63915995 -14.22647545 -14.82691504
v 29.95155581 -0.16641165 -39.67628288
v -13.74019641 6.27168231 -48.70808782
v -6.30402300 9.66678889 -37.30180200
v -61.76847573 -12.30842061 -4.89521904
v -29.70823142 -5.04116121 -13.54491039
v 56.41635744 -24.04892015 -11.67661242
v -44.63655804 -11.13355859 -14.49774064
v 9.27171119 10.85302283 -40.26448173
v -17.88664134 9.33044074 -40.63308217
v -19.08363618 1.18250426 -37.23323827
v 3.21790048 0.13541285 -31.66533904
v 39.27638172 -9.03835556 -41.26964743
v -52.00782620 -10.79031504 -27.59083828
v -24.62799118 -4.55620201 -48.09527230
v 46.90274158 -15.71344284 -25.85947519
v -0.92862328 6.50757250 -43.27179183
v 38.94650392 -6.59277885 -42.75438245
v -36.47804737 -12.16847919 -7.02475884
v 0.04838137 17.99459004 -45.26250853
v -2.40799724 11.92157312 -39.96087180
v 40.41731951 -9.77189820 -35.65371680
v -9.93390146 7.13429588 -46.90491275
v 44.84734470 -15.54995221 -3.71997968
v 48.72208558 -12.28531438 -28.44829276
v -1.33246474 22.37130009 -53.59590327
v 9.17548642 -2.47389798 -27.20143341
v -26.96666500 -5.81628792 -40.78694212
v -34.35017234 -4.29964100 -13.80316525
v -5.78490309 4.29813530 -39.81262991
v -41.12839070 -7.16295653 -34.08492314
v -26.69458789 -0.58975483 -18.62962576
v 13.95724104 1.98865963 -45.51523994
v -3.16793297 6.31908978 -30.12133018
v 39.06315162 -3.19400694 -38.19141408
v 18.46497712 -3.51876939 -34.90586615
v -33.00629205 -11.57343236 -13.78683451
v -4.85355844 15.29524492 -53.92606447
v 56.87883416 -17.35691876 -3.96638719
v -12.75428453 17.07494739 -49.85374216
v -40.81537526 -12.24019334 -4.53818961
v 39.67801874 -10.70898079 -22.61372346
v 34.29583315 -7.74551002 -14.06674257
v -6.96634134 3.37125909 -25.79995938
v -18.58041138 9.82649028 -45.72754971
v 52.99706036 -14.50441064 -7.24948533
v -46.15133497 -8.82262322 -22.55970530
v 33.89624969 -6.73846650 -29.96619232
v -25.04918129 -10.82005164 -13.53739485
v -31.37385194 2.56078509 -33.92345247
v -1.17553138 9.32251638 -36.24618122
v 53.88022214 -15.17716760 -9.63480977
v -42.83257697 -12.18907514 -11.66858478
v -49.60667217 -13.06104127 -13.52691882
v -34.83707928 -4.20113609 -14.73362896
v 29.42444777 -7.59513045 -11.65371644
v 12.04797700 0.66425271 -24.27085595
v -4.05652629 17.65610747 -44.45254931
v -33.47821721 2.06975463 -28.42853205
v 27.41157572 -12.41137798 -10.63181812
v -11.63871049 18.82386365 -52.22586098
v -23.18603812 -1.21785594 -17.86276551
v 34.63324042 -7.22937758 -46.17406069
v -20.49108792 -3.28032181 -18.28547532
v -15.74102734 3.47220210 -25.34609211
v -45.01218054 -7.71850832 -4.81089402
v 19.59280495 3.71182952 -46.46876756
v -15.51662314 2.35790949 -23.88714766
v 33.31972586 -0.00790958 -29.01897658
v 28.59801562 -12.12277472 -10.35885012
v 40.07581180 -9.79021120 -13.87851079
v -30.02535337 -2.42078216 -48.33105415
v -47.64969596 -8.26319090 -34.52169229
v -62.39610443 -16.35140238 -22.60285283
v 22.45917306 3.06473118 -31.04249727
v 46.87257198 -11.05527440 -13.78044659
v 33.04689716 -6.92429887 -47.56793779
v -23.47576224 7.47144727 -34.70255985
v 18.30915448 2.55351013 -50.69393324
v 43.37068767 -18.93210211 -10.38892647
v 8.57131448 -2.31844458 -24.28081196
v -22.29962440 6.47164356 -43.13068081
v 15.73904067 2.24375250 -50.30888441
v -51.77825668 -9.85349741 -30.31942145
v 3.49808700 19.58007404 -54.91097300
v -17.56059280 9.48600513 -39.74194039
v -14.98580835 9.78581289 -36.23227456
v -52.73278420 -5.45477843 -24.23242667
v 57.62179177 -24.30091346 -20.69729322
v -21.06949332 -1.97832920 -49.99463961
v -23.12170303 5.09103585 -44.15911882
v 25.65236464 -10.76764294 -17.05958629
v 15.63264899 5.64953241 -32.05846258
v -59.97510972 -11.38832342 -6.34334621
v -36.82339620 -7.00507147 -40.88973773
v -39.69333061 -10.79602043 -13.54526650
v 10.88880236 5.31159525 -50.80195627
v 45.65079003 -8.71341955 -31.78945716
v 32.19276670 -15.23932151 -10.66308854
v -65.55053490 -18.93871039 -13.68655430
v 5.81157242 3.69131474 -26.19072679
v 55.74027246 -20.20609545 -24.94896159
v -19.25625050 8.98797387 -34.46205808
v -10.10389935 10.70831668 -50.26971189
v 11.68852102 1.73268056 -34.73882641
v -48.39267818 -3.56286324 -32.28882557
v -28.92383180 0.17204521 -21.71585871
v 31.92784782 0.87066885 -30.00081676
v 34.70542297 -1.84818831 -27.38747688
v -52.46668160 -8.40940358 -32.28842272
v -43.84853336 -10.75555689 -15.09891681
v 15.19198608 7.41654035 -51.86882968
v 36.48596621 -3.19403387 -40.36481523
v -12.43565046 4.16986495 -37.92122489
v 25.74502279 -12.69667607 -11.85717550
v 37.38146737 -7.98907226 -43.92460954
v 7.84260146 3.58142052 -39.68546627
v -8.39257252 5.74239850 -29.36868408
v -59.96938000 -12.66315011 -22.26985983
v 28.75312920 -5.51111151 -31.47022723
v 48.65554883 -12.39926630 -12.32779939
v -23.21149515 8.51428096 -35.59337380
v -2.70481451 15.04440648 -42.09651572
v -55.30522714 -8.51835795 -14.99490538
v 17.33588675 7.50216877 -41.44069136
v 46.89940386 -16.59863592 -22.54246241
v 27.93303997 -5.23246101 -27.04097744
v 15.39118644 0.04802716 -46.97377967
v -39.71398180 -0.01516012 -29.24093057
v 42.69866146 -10.69934895 -10.55208139
v -7.21331198 3.90380530 -37.02529840
v -46.11347209 -9.15869762 -33.94724108
v 17.12246953 4.07214084 -51.72523431
v 8.55399025 6.99763555 -49.52363694
v -57.57791107 -9.19075816 -24.94274680
v 5.31895516 8.74968423 -35.80498812
v -12.33727189 2.11068642 -24.92597089
v 18.21248945 -5.59631298 -45.27982874
v 2.13982256 17.40653201 -47.09095612
v 12.70749221 -2.38720537 -29.58304439
v 9.32443007 10.18784160 -39.21657976
v 31.35879027 -10.41621357 -47.21965764
v -33.54467799 -2.43656170 -47.59676010
v -57.64404635 -10.10864540 -10.72101717
v 20.94091428 -4.16824488 -39.70023898
v 4.98228738 9.37055714 -50.25101694
v -64.50489175 -19.81564378 -12.18549095
v 14.69727415 3.48476722 -53.37107080
v 19.40271208 4.83884219 -34.17502787
v -39.56275951 -6.79796233 -39.74874629
v -23.01753134 -2.83313576 -30.08173505
v -56.13756605 -14.72158988 -24.26609504
v -39.91573172 -12.57640251 -6.65575004
v -34.99074241 -5.34590509 -27.72625608
v 57.12812054 -16.59071801 -4.13690919
v 49.62800034 -20.71369841 -4.75514833
v -64.54304147 -20.16375130 -13.90852502
v 17.20954573 -0.00868769 -22.17945916
v -16.43458067 9.73924873 -35.65030474
v -5.26694069 15.76304090 -54.30324409
v -22.84392564 -2.81800097 -26.47293008
v 42.50920246 -13.34087271 -21.88562510
v 35.25106163 -1.56120470 -38.61432444
v 31.73102900 -6.80375522 -48.07738405
v 8.20758682 13.50991012 -46.01734092
v 23.37040133 3.12334879 -36.69037150
v -51.93746845 -8.68191945 -1.11464035
v -48.72165884 -9.72743883 -19.79594350
v 1.62519312 1.35694169 -34.36809546
v -27.09075669 -2.83790604 -35.66562450
v 22.24498415 -10.93239555 -13.01847302
v 28.90805124 -7.13534167 -41.10434374
v -0.28629494 3.11134935 -25.86037373
v 22.38762380 -11.73354425 -13.11895477
v -28.15459425 -9.38242055 -15.51969901
v 22.59037493 -6.38634641 -23.09189372
v 32.55243428 -0.51013909 -37.82672384
v 12.67097380 9.85978776 -42.30671375
v -20.97758902 0.29992266 -50.45778645
v -57.29643472 -18.57991884 -19.47077572
v 33.08082232 -2.05653126 -25.28171333
v -52.35525573 -11.40730986 -1.19570757
v -3.11830911 16.37217291 -43.23102976
v -26.56493399 -0.90901863 -48.62267645
v 51.39707217 -20.72719568 -23.32913792
v -13.73975351 11.02922474 -44.64607401
v 21.55584979 -1.53837881 -49.13303756
v 37.20189656 -9.79068211 -42.36234038
v 37.32477543 -9.73327193 -38.74893521
v 53.46453512 -14.50355372 -1.95760448
v -31.87742897 1.53682430 -24.82637586
v 9.66042103 1.62918431 -25.14112922
v 19.61121066 5.27370744 -36.27454248
v 7.46925706 -0.27020969 -25.27878757
v 33.17092954 -14.58291210 -8.63702876
v 4.28869697 10.83854451 -38.90962953
v -29.04331048 -3.06388982 -15.85697222
v -5.02101270 21.91027393 -53.92156449
v 9.90598881 10.21913464 -39.78009240
v -20.55147635 7.40342852 -33.24040588
v 9.75495281 13.03469388 -49.37761616
v 24.01229575 -6.44709268 -23.18438905
v 17.52368529 -3.51035534 -34.26198190
v 44.20327278 -16.54386125 -16.22789132
v 21.43676348 -2.99135893 -49.59858922
v -13.32003959 3.53304820 -39.48048081
v 41.78747258 -10.40377180 -34.80537577
v -10.30071989 11.25794155 -41.97905510
v -19.88532561 8.75240824 -34.30303790
v -6.52288816 17.28614753 -45.10915716
v -35.37640933 1.22760205 -38.67477715
v 42.73530279 -6.31311909 -25.63291614
v -53.53605854 -15.92136008 -3.40438501
v -14.17345774 9.64020695 -50.97185157
v 47.03333661 -16.49059359 -23.61326834
v -56.60498725 -10.02272669 -2.60364880
v -23.97138986 -2.92553483 -40.32309910
v -41.10772426 -2.59298555 -42.53518225
v -23.38495469 4.54091884 -29.16556273
v -61.28874804 -12.00867134 -5.17523300
v -33.19326671 -7.96059778 -8.63410900
v -15.14628263 8.90712808 -50.72010836
v 34.96283824 -9.46162583 -40.00040844
v -49.81380967 -11.91337521 -1.35503553
v -30.17024845 -3.98475867 -31.28491612
v -8.51430003 6.42282081 -30.42253741
v -57.38305171 -12.60982417 -25.77260475
v 36.81848078 -10.08042764 -40.91343765
v 40.06659109 -9.11487027 -14.95353493
v 38.30571397 -2.67716301 -30.38555574
v 19.35621943 2.96045967 -49.66574726
v 58.29934061 -24.98130363 -15.01768974
v 22.74792458 -1.40663022 -46.30820666
v -51.67999125 -11.10963906 -1.08507359
v -42.78770541 -7.01277710 -23.35266844
v -22.13208011 -0.90944985 -38.81738470
v -32.65351064 -7.93412737 -18.27270478
v 15.59393491 -4.01487595 -26.96593629
v 48.60663053 -17.56372402 -24.97434654
v 13.88191278 9.32133649 -39.02420461
v 27.67059181 -3.13378055 -20.07772189
v -26.69515795 3.84215147 -31.63255946
v 23.38663424 2.56589443 -30.46886056
v -24.64847281 -2.53075229 -33.45781175
v 48.67647522 -13.11234173 -28.43494050
v -50.98797615 -7.72699912 -7.77130889
v 48.88370842 -10.38358900 -18.70573684
v -62.02603266 -21.23663222 -13.79244917
v -49.61408339 -6.79878040 -11.83901539
v 6.98458811 13.47584964 -44.20315063
v 37.37875549 -9.91916299 -21.03696647
v -45.11315817 -8.85135734 -19.43462498
v -38.61226097 -6.65650530 -39.48060791
v 4.15515236 4.38596468 -26.82213514
v -53.78656441 -8.77289186 -30.79020352
v 1.14747136 17.57021369 -54.60616617
v -41.18856389 -7.27320988 -33.38929647
v -22.94919661 4.57621454 -29.94167094
v 16.96201290 -10.10581889 -47.78797806
v 16.23699588 -5.31165980 -24.10584482
v 17.73111534 4.83670998 -31.81891329
v -12.44749728 6.15802613 -47.55643373
v 17.86454709 -3.87480220 -47.68619187
v 16.56920987 7.79769451 -45.68980912
v 9.35782691 5.80950300 -48.55923514
v -22.35982977 -6.15065411 -16.44431921
v 17.92055031 -3.19467016 -49.11016387
v 21.54038325 -11.08775341 -15.63844210
v 16.95405880 8.03923654 -40.18866529
v 4.48211631 18.76980455 -53.96569764
v -30.94902107 1.08108671 -45.21207799
v -9.43497040 4.36914841 -40.45106117
v -32.71334327 -1.83435512 -48.06250661
v -56.98512606 -13.19808646 -25.18149343
v -13.48811006 9.81894719 -51.08430396
v -51.12117626 -10.09441383 -29.28965816
v -42.29583244 -2.78267243 -19.79418192
v 20.39393027 -7.05124939 -21.39872709
v 39.77129763 -4.57286446 -40.39426636
v -12.80284611 -2.40784041 -26.97100604
v 35.30686269 -5.38602284 -18.65250210
v -65.14229767 -15.63700847 -9.03353497
v -25.90100448 -10.65402905 -12.36930195
v -43.73879724 -7.03431949 -37.51761019
v 26.53146388 -6.94086687 -48.80361468
v -16.43782302 -2.69395232 -25.79353581
v 17.05335858 -8.49820346 -47.23094836
v -0.92448448 11.10558041 -47.59954867
v -30.32905225 -7.82795269 -46.80654902
v 32.50459343 -6.20615853 -30.93246157
v -42.13899190 -0.21503670 -32.91457256
v -22.62746834 -7.27241755 -16.01857599
v 20.53549424 -7.13891529 -18.74842329
v 6.03642259 -1.16612543 -26.08313464
v 30.99337850 -0.49591751 -26.17816144
v -16.21125366 2.55483232 -35.37243370
v 45.65368293 -14.69694749 -26.95791318
v 49.13890944 -21.43322765 -7.75926986
v 21.25115756 -4.79080956 -40.38498357
v -17.31964281 -2.62388596 -22.43342690
v 2.74413817 3.86938830 -26.12490151
v -4.08995281 13.76274705 -50.71425189
v -45.78634834 -1.45504274 -36.98667989
v 41.30759955 -11.85105825 -26.81960626
v -13.94405558 13.51439762 -50.23437555
v -56.09701608 -7.66243646 -23.05043203
v -57.66983277 -18.94527609 -8.65722331
v -57.88694761 -9.72691181 -22.84387345
v -33.76692782 -1.59517106 -46.15419565
v -36.73016178 -5.11749727 -45.24682418
v -5.13933672 21.18823782 -51.86811525
v 5.45726174 -0.49477425 -29.01226704
v 8.31068971 2.89597145 -36.42240303
v 31.05474114 -5.38841721 -16.06846756
v -61.35886246 -19.81557287 -19.23450839
v -2.11541886 3.64810366 -25.84834938
v 16.67832493 -3.41179115 -33.86514987
v -55.49245047 -13.46698675 -25.03920698
v 36.56978759 -2.67761063 -28.15773351
v -48.74175785 -3.89860353 -30.69278967
v 56.45686239 -15.55924345 -1.74276642
v 17.03221959 -3.40909209 -20.21523849
v 6.72298628 4.99581072 -43.75231438
v -5.16272836 16.84638157 -54.85914688
v 33.05799639 -6.37615430 -30.35351828
v 5.71944005 11.15610948 -39.21440235
v -42.87294328 -3.53280329 -17.42714930
v -47.99497021 -2.95908336 -30.98262683
v -22.42906553 1.27861813 -49.85800197
v -57.90472990 -9.59774700 -21.31792272
v 3.50762956 11.41851495 -39.67799447
v -8.59525201 -1.39909372 -25.61020251
v -30.64793636 -9.03683915 -9.95808354
v -17.44025044 3.31101843 -24.58301712
v -5.77360912 18.90566495 -54.81813396
v -40.43663104 -12.23830624 -9.84776836
v 20.44039366 -7.20125496 -19.02066176
v -13.70696066 -1.79584826 -23.68777500
v 27.65219128 -7.41445694 -11.28461470
v -26.16700141 5.16751022 -42.01261786
v -40.85188066 -2.69921671 -19.87420134
v -38.28883935 -7.29581845 -41.99455347
v -24.77671396 7.24663548 -39.92406597
v 2.37135544 9.89005983 -48.06267383
v -0.64547484 13.06657429 -40.77738023
v 30.05557158 -10.82111473 -46.98395755
v 6.07705788 11.59043293 -39.82937672
v 26.77202131 -1.80970016 -21.76018952
v -11.52530604 3.73299221 -27.01707575
v -37.30141804 -2.77840898 -18.84812155
v -5.77387931 13.41912665 -50.64117071
v -48.23535699 -5.69119722 -14.11744980
v -45.91445168 -3.15457363 -40.43604021
v -7.36339471 6.69934784 -44.64128711
v -6.39156863 -1.10445362 -25.94340369
v 9.84982846 12.70554248 -50.79311255
v -40.30231170 -2.90067748 -19.25542191
v -46.51957701 -8.84223017 -2.94815515
v 30.76134143 -11.55881707 -17.54709810
v 35.44785639 -5.77907322 -17.63314274
v 42.22612121 -4.38350968 -35.08882212
v 46.14541937 -9.23760030 -28.80204089
v 13.95401533 3.47549678 -53.60878820
v 32.45682947 -6.26700999 -47.93084723
v -43.19821411 -8.46271775 -31.12949803
v -51.79107061 -14.36324230 -23.29156743
v 60.59765425 -18.05768631 -6.71750370
v -18.60726307 9.50250448 -44.01478670
v 25.17002152 -4.83495445 -26.62340512
v -19.68170643 0.53907979 -38.38583617
v 29.30411805 -7.79476294 -42.04839362
v 38.02675212 -17.13084117 -11.09840318
v -6.09833375 19.66878441 -48.59147935
v -27.16958758 -9.58356940 -11.72149643
v 7.45922562 10.54530059 -38.82898583
v 30.92697405 0.99471994 -29.00272498
v -25.43898201 -4.23679251 -48.23467403
v 14.62057038 10.33213789 -47.31056192
v 36.62384686 -8.48258312 -25.30431787
v -6.90155453 1.66951043 -25.50623607
v -47.02516611 -13.83382937 -7.62716320
v 10.13383113 6.64337661 -53.32409064
v -17.64829933 3.08743733 -24.12934519
v 63.12875669 -19.95161181 -13.67547193
v 43.26345949 -6.45731879 -28.42417302
v -4.11771664 17.20554820 -44.01279115
v 33.20851693 -9.99178301 -11.44014654
v 32.82866535 -6.71524795 -13.49875812
v 20.23071263 0.17122918 -22.93324108
v 39.11274593 -6.07309478 -17.90993790
v 56.69330550 -17.01180618 -20.65099309
v -16.05789493 -1.30284519 -30.45342671
v -23.68621655 -8.34394291 -15.25370524
v -21.81329712 9.14583546 -37.60706106
v -28.42042089 4.34731709 -41.02864128
v -12.44578936 12.39466279 -45.79294256
v 57.35156115 -22.21923806 -23.66351381
v 25.88938638 -3.79396098 -17.68494055
v 55.28542758 -17.98521808 -24.43841068
v 42.63763011 -5.36129402 -30.09678338
v -22.79773656 2.66243382 -23.81860341
v -0.84506900 20.18818198 -55.41968082
v 15.16419586 -2.95981583 -30.34443315
v -29.70751246 1.69694103 -44.96416017
v 26.38171317 -8.73356392 -19.83521771
v 44.71713713 -14.25129123 -24.94783103
v -19.94966004 -0.21128292 -20.51674559
v 35.41646686 -16.14658576 -12.13867177
v 1.88609710 8.35118638 -34.25849701
v -25.56424270 5.05470679 -34.62375359
v -21.35651770 4.10568024 -26.78709326
v -45.68626323 -5.27751451 -13.54993274
v 19.91917855 -3.61630688 -35.83516108
v -9.05452092 13.46390557 -52.54872632
v 54.43491556 -16.91523070 -3.05661442
v -4.67169458 4.14816560 -38.72775954
v 3.08720362 -0.56978461 -27.34159561
v -49.16394664 -5.18379053 -17.09082697
v 8.16473892 7.33364994 -49.58385089
v -49.96104397 -7.15668508 -10.70750952
v -10.52293808 8.58376622 -34.65915938
v 21.19517209 -1.08993567 -20.11698582
v 63.22427083 -20.47624298 -16.27358108
v -12.19213667 -1.78890353 -24.30368345
v -22.78070139 -3.60598393 -48.71689034
v -51.27977561 -6.53048433 -32.13064907
v 28.92654084 -9.65746824 -48.10796027
v 15.65747242 9.10339515 -45.86341343
v 41.44933048 -13.76687730 -4.88740847
v -55.22010539 -8.86036240 -10.49057786
v 53.15469087 -23.09202325 -8.18114200
v 42.56990196 -6.00115834 -40.10561313
v -10.47618863 17.39591377 -52.91488997
v 41.95475250 -13.03360752 -30.30765381
v -15.58413579 2.59840832 -42.64779233
v -31.25216305 2.02641954 -41.35321604
v -54.55064093 -14.43947190 -24.37732311
v 38.82723328 -9.98116790 -22.75444025
v 32.39985344 -2.07622658 -42.13233808
v 45.48253076 -16.09154527 -18.23050746
v 15.27184843 6.45607676 -33.32485456
v -57.78286862 -18.96712424 -14.40483784
v -3.98005895 15.99875410 -54.83539490
v 37.63393981 -1.98439229 -35.61978586
v 56.49621429 -16.34940596 -19.03915897
v -24.27324034 -1.92852844 -49.35530035
v -19.65078413 -3.02766139 -23.54288799
v 16.88391848 -3.21023359 -29.66729493
v 40.60649609 -5.53080817 -24.14345747
v 10.84605617 6.87799553 -33.56600855
v -37.28777921 -11.20319471 -12.57034754
v 25.18481530 0.92657398 -41.25025155
v 23.79753188 1.94876895 -28.00733577
v 38.27834767 -9.46966862 -27.71462851
v -10.84541401 -1.32996801 -24.84833244
v -1.19926149 14.90878332 -53.06924228
v 18.56247785 -7.94864606 -44.75093793
v 3.54999026 11.57207823 -51.89294740
v -63.17922011 -12.84282479 -6.02895158
v 26.94204994 -5.01518287 -30.26436184
v -50.41816283 -4.08718088 -26.34941260
v -41.38946302 -6.83655862 -26.27827025
v -2.10341593 6.81660909 -31.07660955
v -1.03620031 9.59483319 -46.15546592
v 39.89900131 -2.94599632 -34.91604608
v -13.90333620 12.28969478 -50.46839338
v -40.75071713 -6.66108541 -25.03159762
v 19.52663497 -6.93676688 -19.00728993
v 40.82096856 -17.72117981 -6.38265937
v -48.36800114 -7.64950728 -3.87519533
v -19.61437203 -2.72650461 -19.38986759
v -22.73009221 8.76996403 -37.64880703
v 11.02923204 7.54463739 -34.34221737
v 16.85652350 7.36102747 -43.85127701
v 35.83976101 -10.31929045 -19.80691372
v 40.02127583 -9.50119200 -36.28747166
v 24.76001865 -12.14678691 -11.62540244
v 17.24372008 -6.48033299 -18.93498114
v -31.34538791 -3.37783221 -48.12463394
v 2.95995851 20.10546626 -54.30115150
v -11.18683930 -0.11996666 -31.18848862
v 38.97272920 -6.98800005 -16.55755008
v -7.04244542 8.08793220 -45.95623790
v 14.38318780 2.56590394 -24.48908129
v 18.30769883 -10.03350579 -47.74363047
v 23.16950597 -10.37241043 -47.75314019
v -48.26734109 -9.77148679 -27.67940129
v -3.11203566 9.11954104 -35.36627549
v 39.65992201 -12.58974827 -6.00999147
v -56.53508912 -9.52176141 -4.96030136
v 19.58031392 1.84190364 -49.82386324
v -5.31005831 9.35152213 -46.32434463
v -13.83468750 10.21035359 -38.93486546
v 51.87243966 -20.83223830 -19.56472297
v -35.41046493 -6.71722061 -40.52070885
v -58.84397570 -11.07902332 -4.31152992
v 40.00122694 -10.44863289 -33.88135972
v -9.24637379 0.73910151 -25.26323252
v 3.34301832 16.98602692 -53.73629511
v -18.69354783 -1.56340938 -32.25344450
v 58.92464903 -21.92170129 -8.45149650
v -3.09806772 14.23253060 -51.51594086
v 0.83811668 10.08089110 -38.15820945
v 0.95972548 12.54197901 -40.59043135
v -41.47481691 -0.29847790 -38.96181131
v 52.09222013 -14.96712383 -0.65029176
v -11.04618832 -2.04222049 -24.93646361
v 0.81737242 10.45881253 -47.63328482
v -40.23059756 -0.33015206 -27.08994541
v -0.22123158 6.55948004 -31.01594193
v 21.54727675 4.62544792 -39.52540462
v -48.52128933 -11.80778725 -14.56872535
v 50.00365563 -15.59859694 -2.23343628
v 10.44080470 0.78107219 -32.30984037
v -25.55680238 -7.50125489 -18.04575685
v -53.87009394 -11.87748170 -26.87664635
v 44.65465671 -7.44218876 -31.53379493
v -56.94534346 -18.41690364 -6.51066888
v 16.97388723 -2.92962021 -35.38420666
v 46.11642199 -9.84267714 -16.23756273
v -22.89698370 4.24592186 -27.44112169
v 26.48401140 -4.59088724 -15.52003437
v -48.76045065 -3.34274536 -34.49933873
v 34.48045678 -9.60411719 -40.88113632
v 17.64676461 3.51125081 -27.51365666
v 38.20277305 -11.75066975 -7.18019485
v 6.93972431 5.00975649 -29.03826542
v -29.86803119 2.27719718 -25.68919105
v -45.34942598 -8.28190661 -22.85196969
v -37.37120941 -7.66956254 -18.97703132
v 15.22296126 4.98837325 -30.81919288
v -7.22054553 20.64744699 -54.55593988
v 41.55307940 -4.70045959 -38.84722797
v -12.31371235 -2.14132532 -24.36386775
v -57.73659064 -18.74640958 -6.81549605
v -13.75195250 -0.43656695 -23.69150480
v 28.75374501 -5.91873068 -33.99858224
v -17.44650359 0.78813890 -46.95051985
v 7.78510361 3.79080141 -40.90910996
v -5.90252236 14.37257279 -42.24466174
v 16.89245710 -2.12918274 -21.01078141
v 31.28376820 -9.26422607 -47.61263516
v -20.08185113 9.25979421 -34.85353774
v 24.47564324 -10.55004932 -46.96570525
v 26.65005634 -11.60728523 -10.63789514
v 21.30649888 -7.09494190 -17.67172304
v -9.59017830 3.37899402 -26.21528135
v 9.42856923 4.26397591 -44.20889304
v 39.71452642 -6.31012535 -17.57447032
v 51.39092134 -15.52611776 -1.56304512
v -17.44080970 -2.83962899 -24.47818005
v -18.45507846 6.48954470 -49.54423864
v -35.43462586 -8.00907371 -45.21186829
v 14.92593816 1.02254240 -38.76962801
v -29.31188219 2.94273739 -33.54965253
v 19.78135540 3.86658736 -45.52506451
v 43.95166185 -6.55273344 -30.78359038
v 21.21970686 -10.19663012 -14.62303251
v -47.13768425 -9.90519740 -32.30936287
v 2.50976900 4.90058386 -27.51832608
v 5.03576818 10.04570148 -51.95418341
v 7.38240984 7.64992202 -48.68793841
v 12.85622361 2.21505468 -24.76430139
v 15.17212655 -6.19560762 -20.91579759
v -24.75153756 6.15496293 -41.49054095
v -55.86101737 -15.23581242 -2.83656584
v 3.32571424 -0.13447789 -30.94887004
v -46.94666589 -2.47410360 -39.21325949
v -28.17373769 3.46085380 -35.84189411
v 22.53600396 -9.57149254 -17.53640887
v -5.67479947 3.49836691 -25.74598448
v 13.51726853 2.21507423 -38.16462520
v 16.01114403 2.82112772 -24.44325460
v -38.46524161 -6.55763592 -22.53180518
v -40.01231058 -6.55779261 -41.86992384
v -40.75019984 -4.18622061 -42.83500515
v 13.82321260 -3.80835059 -27.32219975
v 1.48592480 8.93934410 -35.38267455
v -43.78479681 -6.57702118 -7.90813424
v -57.53570919 -10.17947888 -4.57845353
v -42.62172940 -8.98270811 -17.95282280
v 22.86342697 -6.82350045 -15.89329871
v -57.34219860 -8.89592536 -20.78826691
v -22.52408888 4.43097331 -28.11180762
v -49.22738791 -3.78936335 -37.34627448
v -43.56064666 -2.63801617 -21.98552224
v -44.38269736 -1.11970091 -38.35556542
v 63.40605090 -21.18635477 -16.55409314
v 19.58111003 -3.29038150 -39.59389395
v -16.87071035 -0.91370579 -22.20086805
v -46.60087697 -8.35599085 -35.24426292
v 56.30637183 -18.91014291 -24.32810910
v -25.23707569 -11.49785006 -12.81698495
v 25.20962327 -3.91259060 -17.17742853
v 4.08619382 15.13715362 -52.93722075
v -15.00882959 2.86760258 -40.72734092
v 12.62217733 5.89503860 -53.94351958
v -43.72683140 -2.34787000 -24.03087909
v 22.94210890 3.04119585 -40.23797460
v -16.02238257 4.65839082 -29.32175784
v -5.28282459 18.22361662 -55.05623783
v 19.70481849 -3.98945646 -26.95672035
v 29.15426310 -7.12087703 -11.90128338
v 39.07375526 -5.13449251 -20.99870271
v -8.19955309 14.06896719 -52.82206753
v -48.72615063 -4.05032103 -31.69334319
v -24.96375569 -3.12311918 -27.25901648
v 39.02748071 -12.31832539 -19.19712371
v 19.99009947 4.87958134 -35.42641096
v 51.12018430 -21.81012380 -12.41252826
v -56.79305453 -18.49473923 -8.14665905
v 46.26776728 -10.42405444 -32.87962428
v -19.79397558 -1.38170875 -43.47889363
v -41.98569832 -4.98938044 -13.62054115
v -41.19751234 -5.24516563 -12.55191452
v -47.49154074 -10.03300901 -30.26878615
v 61.13037084 -20.45213629 -20.94481316
v -22.01766112 -2.32526315 -34.05708525
v -47.86900940 -9.29922128 -33.48148478
v -36.29679114 -3.46912621 -17.42152115
v -2.16194845 20.48245164 -49.98552439
v -45.13639741 -8.01468800 -25.51182551
v -43.95140646 -13.00599503 -7.87857991
v -10.18567398 10.14635189 -37.69308752
v 38.26358636 -2.94635997 -29.63742020
v -34.80787063 -5.43705997 -23.48472469
v -8.36411100 3.34361849 -25.94657602
v -8.10620663 13.65006029 -52.29536956
v 22.91644732 -7.99626795 -43.44462123
v 32.73790062 -2.41906086 -24.19337166
v -30.61162250 2.50604967 -38.60353961
v 24.58773984 1.41957191 -40.77492103
v -15.35791822 9.61554689 -35.62664768
v -3.36928248 -1.10821028 -26.59029263
v -32.08517249 0.81503239 -23.58169797
v -7.65397301 4.12952753 -39.25433583
v -6.43563381 3.91149647 -37.71805862
v 19.66632807 -5.76182556 -42.56926850
v -21.86245419 9.20816753 -35.73185394
v -11.95061779 7.46604125 -32.81301265
v 21.75406506 -3.83906218 -37.49907129
v 4.76494388 8.68098146 -35.39244595
v 19.54337928 3.82713999 -29.64556949
v -20.72128184 -6.92236997 -17.87327036
v -57.22898738 -12.09291959 -26.61436047
v 14.10186396 10.42091500 -45.11684685
v -46.85955506 -3.36673428 -40.18775189
v -1.92916466 -1.59086364 -27.23895688
v -65.33611653 -19.01026217 -12.85888238
v -57.96468438 -18.61879895 -20.26651614
v 17.80647149 -3.43161519 -44.01054611
v -26.35858224 -2.12901341 -48.66919656
v 1.86106439 21.09741639 -54.61844370
v -30.12119996 -8.20925335 -10.41240789
v -4.94563495 4.27593524 -39.39820799
v -9.50437833 -1.20135218 -29.79863380
v 26.81043915 -5.71465480 -25.01619144
v -38.06600167 -6.78245084 -21.12401978
v -9.70596907 17.56746547 -47.59988366
v -3.22410592 7.03452308 -31.25192413
v -29.70879353 -8.51980168 -46.68187884
v -2.08291008 11.57206173 -39.70611150
v -13.24098027 3.81996365 -38.33241608
v 34.65024194 -0.46002940 -34.09239213
v 16.30610989 7.91107854 -36.40781944
v -8.00505822 16.52560750 -53.74748362
v 18.86960285 4.46213969 -49.03416832
v -44.33334004 -12.09964339 -12.57619432
v -34.83415599 0.21070716 -41.60195920
v 40.33200367 -17.33815117 -5.94641676
v -52.40887189 -13.72408832 -19.93573395
v -26.02439680 -5.87386452 -42.52960247
v -20.98249865 -1.62407990 -50.27104720
v -6.72518551 4.25644092 -39.73400450
v -2.55564050 17.94049581 -55.54187459
v 26.07620536 -11.96247406 -10.91783955
v -40.53847170 -6.72349155 -39.65183362
v -25.37420625 -10.97956583 -12.63258678
v -35.36934908 -11.87220786 -8.01724580
v -46.90469404 -13.37041700 -2.89351407
v 23.19822936 -11.63454605 -12.28691707
v 28.18936004 0.90657240 -38.06973022
v -47.44266472 -4.49287537 -39.54589314
v -2.32155360 19.90936679 -55.43753646
v 16.29199965 8.30593673 -46.49610277
v -46.52885213 -1.94229180 -28.94896665
v 31.50896642 -14.97883059 -11.05103620
v -59.64021314 -20.38610934 -13.70648985
v 49.51112626 -13.48438515 -2.56967424
v 35.02078396 -14.91661651 -14.68031976
v -63.65167032 -20.21270220 -11.09195678
v -21.76474070 2.00124570 -22.55477771
v -52.24389372 -8.10760376 -1.96057243
v -44.32245975 -11.74979895 -13.29616864
v 45.13355082 -9.61998191 -15.77632595
v -34.95462178 -3.93678065 -15.87931251
v 11.54101685 4.22093562 -47.00879787
v 44.40592013 -12.88826400 -31.35498735
v -11.93161930 10.13753296 -37.65209960
v 14.95508075 9.15317106 -38.05371011
v 18.44962946 -7.13170205 -19.70586495
v 3.73619071 3.46916677 -38.36509285
v 15.81339021 -6.21944908 -19.48999175
v 17.36105117 -7.96971560 -46.67965323
v 41.60090578 -10.13123945 -13.40433826
v -7.18890369 13.69549353 -42.51913214
v 7.76341931 -1.20646336 -28.42375090
v 34.46963916 -7.71175370 -24.62051098
v 17.16333351 2.18159963 -51.14824795
v 10.84745696 11.99474833 -44.09875235
v -22.00663432 -1.59043608 -18.08247247
v -48.64305490 -4.12042761 -38.44069328
v -9.14820067 10.46256816 -38.89987865
v -17.33066095 5.32773500 -30.72316469
v -49.70785316 -10.26752689 -18.13932250
v -46.93341253 -9.17311867 -20.77057417
v -26.06169577 7.32881136 -37.21151805
v -37.37322786 -0.42786370 -23.37793384
v -60.38028489 -20.87581126 -15.12746450
v -66.13336464 -16.89291379 -13.86474442
v -23.28918680 4.84162830 -31.82874814
v 27.82439723 -1.28721981 -23.31923867
v -19.35309946 5.18119736 -31.03346912
v -7.17002465 14.91288290 -43.48750599
v 24.02271174 2.54777709 -32.16881146
v -1.49800910 4.47950053 -39.80679876
v -49.09669546 -5.14747900 -34.63447199
v -39.20696245 -6.58985602 -33.24034519
v -41.64104863 0.20729280 -36.40059417
v -50.81119921 -9.12401152 -1.16676261
v 13.28483437 9.63871875 -42.67944631
v 58.70819500 -17.13097070 -7.21560224
v -19.79607294 4.20800542 -27.31696517
v 10.07874789 -3.58627152 -25.66858730
v 1.13669146 14.15943530 -52.51806083
v 12.42898627 3.13046275 -25.80464104
v 49.27525380 -12.64468799 -12.89242659
v 10.82692855 2.75167462 -36.68228675
v -45.35106084 -8.18266333 -24.03495775
v -39.92324394 -12.33335044 -5.05863867
v 47.74052263 -11.83842752 -12.26939871
v -1.66008874 15.71164427 -54.34692412
v 24.87107712 -8.14256658 -20.61043668
v -5.51505427 4.90228027 -41.19638023
v -59.83906316 -15.76876530 -23.50824794
v -24.77317113 -3.48184838 -38.53622654
v -29.54535589 1.05509075 -46.11561392
v -55.97729410 -17.03619653 -4.14705086
v -45.84648354 -10.30415261 -16.48820953
v -24.60601278 -3.03218498 -36.88537049
v -47.71438187 -13.76855503 -2.87308655
v -0.04281272 20.94344982 -51.91421777
v 12.28181311 1.10149809 -34.22590851
v -32.63538363 2.30076247 -34.74478682
v 33.20101780 -7.81138116 -22.70722460
v 8.15139151 6.93336864 -33.53554039
v 15.25995236 6.65082675 -52.31301478
v -48.26544350 -4.06080886 -21.11434618
v -52.35171563 -13.05549503 -25.12995352
v -7.39672396 3.63923832 -36.02740250
v 17.10193034 -2.42244662 -45.75125726
v 43.83899969 -13.47076285 -30.40315098
v 20.56053765 5.04342715 -37.52773332
v 32.18259695 0.71528499 -29.68638239
v -10.37158356 -0.91617959 -24.97701790
v -6.15309053 15.94711389 -43.67598385
v 14.67277380 -2.70079856 -31.44055358
v -18.08058501 1.24825992 -39.29328863
v -15.79280072 8.86385480 -34.26629595
v -24.53429351 1.37353313 -22.08439468
v -19.62091106 1.27775147 -50.34258413
v -18.54087716 -1.70528434 -31.87920975
v -20.71764329 -0.33206053 -39.41508399
v 31.56100010 0.02426782 -27.37884638
v -19.25804243 -2.24337946 -31.18119706
v 23.97943056 -1.37653492 -20.13248125
v 54.41370898 -23.44857128 -7.45184297
v 43.27126758 -8.28588918 -38.96203667
v 37.56294793 -16.77498309 -11.98810674
v 1.17507490 19.24346886 -55.22332345
v 7.94611548 0.53676428 -31.51316234
v 55.61509655 -23.56232603 -18.66253413
v -17.11646774 9.48282543 -40.84248419
v 11.65954738 6.49197364 -53.98997037
v -19.61218386 8.78665621 -40.75959581
v 19.51900761 -3.12912741 -37.83421054
v 57.54327445 -19.20079616 -5.17386417
v 35.46813796 -6.07934503 -44.33656163
v 25.15541478 2.23437040 -36.02533332
v 8.40689474 2.75331284 -35.81208112
v -0.74392057 22.38056496 -54.82020644
v -17.44448055 5.08016931 -30.36098550
v -59.08167478 -14.09470578 -24.41502042
v -9.68288728 16.42038579 -52.95525653
v -7.96573117 20.57390914 -52.70423774
v -26.83862788 -8.42347021 -16.42527701
v 26.04256170 -10.17536036 -17.78898446
v 0.43543775 22.36863775 -54.48330780
v -52.56192448 -10.01804565 -29.41414167
v 29.97072257 1.54860588 -31.05788769
v 49.65771226 -10.94440952 -18.44518365
v -35.96265507 -5.77746087 -33.46643465
v 25.29634299 -7.92212765 -12.20720706
v -57.07078783 -9.12898240 -28.16906726
v 52.59741896 -14.22844015 -5.67652573
v -6.55855685 15.16424549 -53.71362080
v -58.39320709 -10.69918887 -7.35606704
v 3.59250244 5.38901253 -28.86567395
v 17.76997671 7.59891251 -40.63076410
v 27.72686556 0.35263468 -40.92792746
v -10.13098916 -0.42148510 -25.04444892
v -33.81778298 -3.83655228 -15.93787994
v -63.25899877 -13.23068913 -9.75569974
v -40.85126941 -7.57520385 -19.58111552
v -52.20077902 -14.33236101 -21.90646851
v 57.06886689 -20.70885451 -24.63867870
v -17.07198103 1.31768210 -41.58580037
v 51.04596532 -20.47523580 -16.22676783
v -18.65864158 5.14332387 -49.98749595
v 35.46770081 -3.17393123 -25.31663823
v -22.99815767 5.98685989 -42.70175613
v 48.81508361 -12.80450464 -28.40939225
v -44.22261493 -1.42263644 -39.31554881
v -57.38375225 -18.70970751 -18.50712102
v -46.21471151 -4.01680686 -17.92490955
v -27.30560726 -3.36579682 -30.03029290
v -6.64255980 7.94335165 -33.14425800
v -17.32458875 9.89084116 -36.01571746
v 19.58734485 -6.38452244 -22.51059274
v 5.93501448 10.29467987 -53.07294787
v 34.08715565 -9.80120198 -19.92603110
v -21.33358860 2.64901448 -49.59149953
v -50.14292464 -6.20123851 -33.14938856
v 0.01874272 19.99651891 -49.84923267
v 34.69073927 -8.67404411 -13.91830627
v -23.50852827 -4.29682934 -47.12870227
v 46.01097184 -16.66636170 -3.86326986
v 62.73297624 -19.05534337 -11.22936535
v 15.39527455 -6.26076724 -21.37214581
v -49.12797630 -4.90119197 -33.22043307
v -12.52415483 3.73970814 -40.65439564
v -20.03181906 -2.49565908 -30.18571779
v 29.85911216 -5.55631701 -48.26438150
v 16.66598932 0.84826773 -50.23460257
v 38.22149203 -12.25315276 -6.86732902
v -52.86964820 -16.64317906 -8.19654258
v -17.67442113 1.74335196 -36.03934311
v 24.10707905 -6.23434692 -14.94295522
v 49.71970983 -21.78149225 -9.73661709
v -27.03716214 4.38020886 -35.78441198
v -45.22067754 -2.22333344 -40.01835245
v -24.18863677 -1.38256229 -17.26976362
v -0.51726727 11.68648499 -48.49746880
v 14.47612415 3.89478918 -53.60256647
v -19.48817920 9.78854116 -35.81797785
v 5.03376503 1.90763686 -34.37887184
v 18.19439859 -7.65290148 -47.79284891
v -23.94902968 3.69546105 -45.10461459
v 11.11588521 1.50652518 -33.84769466
v -37.60553941 -7.46323359 -43.20435575
v 26.71488278 -8.41721253 -10.81544885
v 39.50251853 -6.83273440 -42.45628129
v 44.04328529 -16.74906714 -4.19129098
v -49.91645922 -7.43881858 -8.05746794
v 4.71883288 16.90963129 -50.99701672
v 15.42179827 8.08747201 -50.91031522
v -2.59338210 12.17468197 -48.68032398
v -4.64489557 18.04945206 -45.08375409
v -19.84800221 -3.12279433 -18.92651680
v -38.27121966 -8.65176142 -17.27319020
v 25.46998057 -7.89498921 -48.72882694
v -3.25642382 4.52335428 -26.54286903
v -47.84166958 -4.50875897 -17.99299591
v -33.60500831 -5.09683617 -27.74448685
v 18.05806832 6.63778289 -42.95163862
v -24.61895464 -9.42599138 -14.09549059
v 0.82434590 15.36664719 -43.05802627
v -33.43813517 0.82983669 -24.07228909
v 17.00831538 5.40008630 -32.51851180
v 27.73928812 -6.80317064 -23.18551554
v -25.16542057 7.85550787 -38.05208940
v 17.63116761 -3.09814025 -48.40209688
v -66.25577039 -17.30048895 -16.42226807
v -38.51713417 -0.27729839 -25.12713192
v 17.01749493 -2.34189526 -46.56799719
v 11.33379324 4.86264166 -30.49598650
v 43.55837942 -12.87286293 -31.65461847
v -63.63617316 -13.05060987 -7.47937929
v -16.98397464 9.43955372 -34.93048310
v -20.20716180 2.99909197 -49.87702434
v -40.57011320 0.34371899 -37.96303847
v -4.63022637 4.13745016 -25.98804528
v -13.09072219 3.34424385 -34.62029416
v 21.79474466 -11.37899182 -13.37434869
v 53.89536947 -16.06467523 -23.94235715
v 40.75239829 -5.42768951 -21.14588226
v 59.62508928 -24.85954474 -13.25040709
v -9.99408555 5.71662693 -44.65029035
v -4.06788372 2.63276554 -35.25393185
v -56.43594104 -9.47506465 -6.02417348
v -5.03361213 21.56351294 -52.87967891
v 21.99014966 -9.43045736 -14.44451900
v -13.03558085 1.46979069 -24.38568526
v 14.81524737 1.42248837 -48.27721387
v 12.42240182 2.17175231 -36.64544483
v -16.57169566 2.55580279 -38.10361146
v 38.74137931 -10.16300609 -39.64367648
v -16.66367728 10.72463178 -46.19393325
v -51.74535915 -6.09849599 -30.48046011
v 45.58918298 -15.37410805 -20.45386392
v 42.15851451 -5.91294312 -19.95969622
v 2.68340777 15.89246675 -53.56926464
v -59.12573441 -11.92976735 -24.92324232
v 32.58940806 0.58903346 -33.01930383
v 47.92378423 -18.18049624 -22.03463138
v -37.65684746 -5.86375121 -35.14464487
v 59.25740048 -24.01625191 -21.44929348
v -35.26884349 -0.97013142 -21.00154612
v -49.26375941 -4.59333277 -35.38136443
v -28.84516326 -2.01688421 -16.46588401
v 14.60131731 5.61399209 -53.23522445
v -2.50430172 -1.97765878 -28.31665361
v 6.93948824 11.17745421 -39.36816353
v -25.53789200 -3.76943382 -38.24966335
v 43.40305492 -9.27657020 -35.22472402
v 37.72904435 -7.36755418 -15.88712523
v 56.37298052 -24.03383925 -16.02250613
v 47.58488436 -18.93318015 -15.41794354
v -32.13008802 -1.68433481 -18.28674737
v -34.98282300 -3.79631971 -16.35499912
v -2.18660781 20.04316190 -48.94239577
v -5.69064649 5.27136994 -41.91313816
v 48.08544373 -9.80840085 -19.04853355
v 16.86670119 6.60955101 -50.62159082
v 45.47666940 -8.48155046 -29.60697381
v -13.64321512 15.23906182 -50.74246614
v -18.09390175 -2.47168896 -21.55933701
v 42.55364866 -6.13643687 -22.37797178
v 42.46258219 -4.49760384 -32.50151146
v 37.86960548 -10.79435159 -9.28878641
v -18.21470961 -0.21813889 -47.55617860
v 41.08539681 -5.28539235 -27.81282435
v -24.73311897 0.84958930 -48.35191141
v -49.97741920 -5.34944959 -17.30984582
v 17.73628460 -2.41780562 -49.43438132
v 23.10515988 -3.54101129 -18.37703650
v 49.82629780 -21.80157476 -8.85978173
v -0.87898550 18.84464119 -55.37901680
v -46.01536315 -8.70878766 -26.85796237
v 39.09032853 -7.41338266 -42.68123316
v -27.24859866 5.30055064 -41.07848020
v 13.66114974 -1.90118657 -32.15795491
v -54.47279090 -15.98398814 -22.34722701
v 0.12238543 7.91918554 -44.79806926
v 43.33209539 -6.65740934 -19.05827085
v -17.71441102 6.81225534 -32.32521545
v 21.16169537 3.09101130 -28.72837413
v 30.48144801 -5.84480289 -31.47272349
v -15.25441596 -1.65548440 -29.40431371
v 38.87791614 -7.86469278 -15.85337307
v 22.64992700 -5.63679336 -24.33094600
v 31.41757656 -5.95070949 -31.35950450
v 9.71324568 -2.32458426 -23.72120368
v 3.98276488 7.52544343 -33.80597072
v 14.39227140 1.73558386 -47.71146942
v 27.98058957 -9.39645391 -48.21904790
v 36.54606492 -7.70263538 -15.22891383
v 44.56740314 -7.68535986 -32.59777655
v 34.68049867 -2.79211373 -41.07065130
v 40.10896785 -13.59532083 -18.44636176
v 37.99289151 -10.09370517 -40.24963378
v -51.26572717 -14.51560887 -13.03072700
v 22.84378125 -0.18165990 -23.34778201
v -15.62618050 9.85373335 -40.35727776
v 5.84586437 14.02681475 -52.31912079
v 38.63956936 -7.87382691 -42.84365048
v -38.29321826 -9.38914165 -6.09135678
v -40.81300354 -2.32638561 -21.08475154
v 28.06666208 -1.58677072 -22.99630454
v 26.93006317 -4.95896645 -27.17520294
v -20.70939832 -2.58738611 -30.69153148
v -40.41453635 -12.47972197 -8.62949418
v 10.18243091 -4.31583241 -23.19075775
v 49.00504961 -17.16418069 -3.80494905
v -0.99024537 14.79679151 -42.01759038
v -46.91609730 -9.37038126 -27.91613144
v 30.77759007 -6.49519101 -12.83639058
v 18.09909009 -1.13306822 -50.45070360
v 37.35982668 -5.54384994 -42.56675755
v -51.12481957 -5.62151787 -17.99779189
v 2.37696257 -0.39189195 -26.95154985
v 23.79673388 -12.19872276 -13.59693002
v -16.58012889 2.75781868 -23.95784425
v -12.39993521 13.31097692 -46.61100497
v 29.39640327 -3.58916330 -47.06724001
v -23.12030808 3.91554958 -48.37555337
v 49.69509456 -19.72287554 -23.37256136
v 37.55215216 -1.66237335 -32.25249746
v -1.62537242 1.05209235 -26.08298132
v 60.30779782 -24.98576267 -14.58688403
v 6.77318903 6.98793855 -47.23674088
v 35.48001727 -10.32727416 -43.73021324
v -23.36500648 6.92094158 -34.24848503
v 0.52737571 3.55551648 -37.90948582
v 10.69686690 12.60636163 -49.70466288
v 44.91933508 -18.30975644 -13.85611443
v -0.92228141 12.17733816 -40.17891230
v 15.90088025 5.76663147 -32.45831288
v -51.03505062 -13.10172867 -22.12186640
v 45.69428491 -19.08797738 -13.16402328
v -16.66442507 3.46807820 -24.95689739
v 16.23878698 2.38912004 -51.15573138
v 8.26759470 12.52180479 -42.51333834
v -57.78674069 -16.58769830 -3.66157456
v 56.02292504 -23.82105854 -16.94552284
v -58.64342414 -10.50558648 -25.31382350
v -34.86523030 -2.58192976 -45.63586092
v -59.18164083 -19.67961087 -9.02321911
v 32.78456375 -9.14085571 -47.01553379
v -52.48380142 -14.00616620 -15.02901230
v 14.10863003 7.35541087 -34.44106870
v -24.80043109 -8.30488132 -16.06712625
v 19.80068125 2.00298509 -49.44218653
v 13.55798802 9.21612171 -41.50691314
v 3.82606496 2.90076206 -36.74241844
v 22.88061678 3.32300826 -39.19438976
v 14.86151027 0.80931836 -45.54195500
v -27.80897541 -2.84830480 -33.78582275
v 53.39406028 -14.17971757 -20.88023882
v 28.37457744 0.07356700 -41.08324320
v 20.52297801 -1.30280257 -20.05216209
v -22.68397370 -2.72323306 -27.06713366
v -26.05712804 4.05987109 -32.45481667
v 45.50507816 -8.57470257 -29.31729877
v 12.71384096 11.85990977 -48.28306634
v -28.33697265 -2.89886335 -34.68192586
v 54.65180086 -22.83664432 -16.25499184
v 17.98081043 -7.08493952 -20.25594488
v -18.06873493 -0.36905395 -33.63441221
v 12.24401175 -1.45126822 -30.80335936
v 51.44036200 -20.85903610 -21.74221489
v 27.66647159 -8.36081184 -10.80863636
v -49.32955657 -4.78605696 -31.75262966
v -12.39585515 3.30562017 -34.52934289
v 30.42268690 -13.99967321 -14.21491392
v 9.29620834 3.10094425 -26.25883888
v 31.26616181 -1.49740351 -24.87806434
v 6.95838819 7.93419003 -48.99298987
v -25.67158617 0.41107124 -47.90754302
v 0.68140907 20.59050258 -55.37806900
v -63.49127466 -15.08202838 -6.27021669
v 14.35609341 10.51728446 -46.16075332
v -38.05030277 -11.70207632 -10.71569143
v -48.08092905 -3.04804240 -27.97487750
v 51.96904703 -12.80355770 -18.86167622
v -15.56314871 -1.47644326 -29.87844547
v -41.29448325 -2.58664624 -20.24930821
v -8.33081664 10.01600558 -37.82813946
v -15.46415960 3.63995895 -26.33943225
v 46.63471007 -11.28935591 -12.62264265
v 16.70964288 7.08153302 -50.20858198
v -48.55622355 -3.77811090 -38.75177603
v -34.83822813 -0.00591964 -23.01932487
v -17.35864231 -0.76025685 -32.18624891
v 0.11448806 14.14625688 -41.63997857
v 22.34047991 -11.89802722 -14.39119775
v -31.19718322 -8.70926481 -43.96467318
v 35.32779953 -3.63337629 -41.64103936
v -19.26102223 -3.12514290 -21.97881235
v -11.65284304 4.19577871 -36.21514734
v 42.31526165 -10.12112109 -34.93957059
v 12.40880868 0.83968014 -33.90324616
v -60.87350475 -17.99581970 -21.38982811
v -59.09849960 -10.76194635 -13.33461361
v -6.47409211 -0.55650765 -25.76825811
v -14.05413267 3.85581476 -35.93333563
v 44.02181698 -8.46542695 -35.13588601
v 1.72366080 5.60676552 -42.60441028
v -58.02916508 -9.80034571 -27.28410303
v 24.63211680 -3.81272219 -48.08897897
v -44.33655207 -4.82509594 -40.61301427
v -15.92518568 9.52490884 -35.12125970
v -8.76984336 -2.32495054 -27.14904734
v -16.13672024 9.22752710 -34.70263156
v -22.28786002 3.13268419 -24.61849778
v 12.82564401 4.73584101 -30.28329975
v -16.29002982 7.95278600 -50.58232551
v -22.34564756 -3.62914482 -48.34228825
v 32.38840941 -6.14540435 -32.81531177
v -13.97326012 -0.32245880 -30.96735326
v -23.54470645 -2.54986894 -33.92966255
v -1.93089332 -1.91572766 -28.48515358
v -61.00727015 -17.47849687 -4.82758050
v -27.35651107 -1.74688678 -16.21186981
v 49.52245988 -13.36561254 -3.00772554
v 31.15198401 -6.53234261 -34.68619875
v 41.03329783 -3.94184381 -37.12921542
v -7.94839766 13.06999031 -42.47577229
v -23.40721676 5.02660845 -43.74293358
v -34.11655144 2.00301890 -34.82395208
v 19.89804002 6.22687388 -39.66619406
v -6.94099550 12.61252051 -50.22124226
v 13.47016737 -4.30566060 -22.38054621
v 0.08929374 17.61913627 -54.86964174
v 39.73004224 -10.91817147 -31.33258099
v -19.02763739 -1.35098741 -47.13534415
v -29.79960196 -3.44516493 -33.88353048
v 14.93096115 -6.91237547 -19.57958328
v 28.30700589 1.79369004 -31.17704987
v 55.16838799 -16.59680127 -2.59939627
v -15.14100133 -2.21506994 -23.07169567
v -21.39290517 -2.62067997 -30.46043844
v 31.97868795 -8.23258381 -39.34467387
v 0.97650248 7.48475700 -32.77115767
v -44.98354424 -9.02616272 -28.99952423
v -48.05554944 -6.62807833 -10.32773979
v 31.54459363 -7.02688711 -24.27424011
v 26.20813269 -10.45200960 -10.67133549
v -35.42212610 -1.32386736 -43.48342883
v -33.66348805 -6.15938630 -39.96513456
v -13.21954028 16.16574662 -51.52739769
v -35.60525590 0.70471114 -40.06809230
v 55.00541037 -15.07013298 -16.43631585
v 14.32755171 -0.63003469 -34.98918353
v 7.82800871 -2.27763342 -26.30315902
v -21.52208544 4.71057931 -30.55434534
v 42.90469119 -13.04446879 -25.18344813
v 61.94669756 -19.67694522 -18.32342292
v -48.92511734 -2.97793862 -36.22388786
v -58.02924290 -9.93560994 -15.74742612
v -31.61338750 -4.61816075 -25.91097658
v -25.95949839 0.44369511 -20.99186001
v -10.11369754 6.01875423 -45.28864909
v -55.57739398 -11.00540333 -27.60612931
v 42.98029700 -6.37274556 -27.29053242
v -27.02085529 -3.06350702 -36.47249440
v 22.49897473 0.97474708 -43.58851838
v 45.42290110 -17.48435334 -15.63025109
v 32.70535501 0.16359887 -34.50652542
v -65.58564450 -15.66095053 -10.58057244
v -57.80609973 -11.10787430 -27.15809881
v -48.63912307 -10.78099792 -16.12913984
v -51.33314531 -12.00846180 -17.94250497
v 20.97977206 5.22374430 -41.30133100
v 31.17982519 -3.05772812 -21.99216105
v -26.19475718 5.40433273 -35.91377464
v 24.75092935 -5.35925268 -48.88648688
v -32.48945881 -4.70194769 -29.68513195
v 44.05228673 -7.05191174 -26.15233838
v 24.21612900 -4.53962600 -29.15711185
v -14.87849013 3.41524113 -44.43770789
v 5.43107425 -0.62668268 -28.41554834
v -22.14153612 5.66248006 -47.01451301
v -60.36548566 -20.46638004 -18.17030226
v 5.16324037 10.83858370 -52.84663249
v 40.80625868 -11.91217266 -28.48941510
v -21.23720810 2.81761788 -23.69873921
v 42.59456232 -9.06806921 -38.26214688
v 37.51245243 -1.79616991 -31.67335165
v 14.57158505 -5.58244369 -22.52885671
v -44.39511607 -12.26136628 -3.36388511
v -47.59669341 -4.12309608 -19.22235375
v 47.59645636 -12.25888952 -7.86277987
v 11.36792639 3.58161677 -44.10183609
v 15.66079127 -5.45129951 -20.08057595
v 54.90473784 -15.29242583 -6.51418742
v -9.00622954 4.20672743 -39.14349967
v 14.91901406 -2.58132656 -33.39966001
v -24.39767051 -7.77423057 -14.40424399
v 19.94183841 -2.78106088 -50.16557046
v 52.80649973 -15.47746935 -0.73097540
v -9.88334248 10.97355773 -40.75814728
v 24.41061554 2.31984177 -30.85779216
v -19.57479378 4.79341076 -30.30229434
v -2.21308331 6.46745418 -43.05226941
v -0.68833416 5.28899791 -28.55348137
v -50.17115118 -4.18961854 -28.09891246
v -61.54233313 -13.53552332 -17.57784755
v -52.78696882 -8.07869113 -5.94530142
v 14.95739387 5.98593479 -32.37847723
v 5.84163111 5.30860389 -29.29057203
v -32.97380138 -7.12638756 -8.86955132
v 1.48065620 0.34460827 -26.37094677
v -43.09009702 -11.59786132 -13.13782596
v -37.18252709 -7.37144829 -7.31357427
v -4.14420128 13.03724977 -49.68591003
v 18.58531579 -5.34905477 -48.89606024
v 41.53742202 -12.46580829 -31.42137298
v -28.61090076 3.99322401 -38.59352870
v 16.26902238 -3.74166982 -27.56688762
v -49.74971122 -12.01766846 -23.21800310
v -14.47520600 2.99777234 -24.57462060
v -10.96035479 13.40653184 -52.18699228
v -2.92853397 13.45412851 -40.85116709
v -44.83992482 -2.99200215 -21.06602061
v -12.74041026 -2.05504251 -28.17362285
v -11.08441077 12.07987580 -44.25896860
v -15.45552365 9.81780573 -41.03075091
v -39.22420449 0.42869253 -30.60066160
v -20.36838617 4.03829922 -49.38289864
v -30.47500051 -11.74809050 -12.16017897
v -28.82573868 -1.56061327 -17.18665690
v 5.93193232 9.96439079 -52.93977442
v -23.83018982 -4.51919878 -46.64028664
v -6.87487355 2.08300698 -34.23255834
v -10.74224587 2.69481651 -34.10583812
v 31.17744326 -0.96542523 -25.61322952
v -38.38056327 -0.25789060 -40.61247213
v 36.73843160 -7.52504040 -34.37817691
v 43.78954458 -6.75257298 -21.50100789
v -21.10405423 6.79660529 -46.85680487
v -47.37205078 -3.29591585 -24.29578882
v 39.70399552 -10.79116795 -32.29845337
v -48.09416488 -4.77889229 -37.93784629
v -24.16780143 0.60260854 -20.64376496
v -48.78631116 -11.08153624 -23.40018982
v 54.86891517 -16.98852767 -23.82243192
v -34.92617639 -1.99394039 -19.03771895
v -48.17408802 -4.17523819 -39.04502405
v -29.49593847 -6.03012773 -20.96750121
v 16.48236782 -0.66296737 -39.65011537
v 12.66236066 9.42166021 -38.30915282
v -34.88663707 -3.66716859 -46.32386148
v 3.81667604 1.98907546 -34.84996368
v 15.47233173 5.70682195 -52.73968208
v 22.54201925 -4.20263663 -35.08950685
v 46.24893286 -8.96165090 -27.20053629
v -38.42321216 -4.10623494 -44.37360799
v -16.57398873 1.70998620 -43.32358260
v -13.83742358 -1.81735594 -28.86069648
v -53.89575169 -11.21422982 -27.42521167
v -10.92144064 4.34313388 -37.94074447
v 51.28472722 -13.82341456 -3.17818013
v -5.24011743 -1.85059063 -28.63513703
v -1.83063539 0.60560589 -33.61214761
v -63.06327473 -20.73688806 -11.68878330
v -3.52892256 3.22403980 -25.71830500
v 22.04382696 -9.91498398 -16.93110503
v -36.11748450 -10.60371058 -6.79256000
v 12.61531168 6.05301787 -32.39773660
v -1.65927618 13.53667889 -50.46601389
v 48.16281956 -20.80959802 -6.74339912
v -25.10695892 1.83831235 -46.46429607
v 30.30291101 -5.81503423 -29.13024037
v 24.03913966 -2.58548629 -18.47252431
v 2.36468829 19.66367551 -51.60271831
v 37.66477732 -8.99967769 -29.62842539
v -43.53650896 -2.72143843 -21.11027602
v -39.89561370 -0.10553846 -28.74578289
v -13.45200971 8.42703766 -50.31609531
v -9.47460686 15.57114332 -52.96414251
v 39.90974426 -17.79544576 -10.12542212
v -30.79830871 -9.25551088 -45.95719216
v 23.57205618 -1.80508871 -18.67634500
v 30.11755435 0.67657810 -35.39895913
v -36.20425241 0.90829471 -26.78696934
v -23.95898195 -2.93142989 -27.34025877
v -3.60469414 1.36494675 -25.81599336
v 18.86370868 2.11225295 -50.38484602
v -26.13941799 -3.16732837 -30.08670135
v 4.26792478 12.52020169 -40.97986192
v 10.27599163 5.81270843 -50.72643868
v -59.99884702 -16.17745637 -4.02189556
v -55.07531499 -9.07460403 -1.96558553
v 27.92171254 0.44090181 -26.38662194
v 29.49791866 -13.16021090 -10.25142957
v 14.76334005 -5.10997870 -21.32597162
v -36.65315538 -10.61600864 -14.68689879
v -25.04114935 3.64710921 -26.40364822
v -35.75946385 -4.57342525 -13.14260465
v 8.16238667 7.51679327 -34.56042070
v -43.05711632 -3.62192769 -41.29185992
v -33.46778122 -4.84995273 -11.19206154
v -24.19910027 -3.30703893 -48.91746764
v -53.92951588 -8.06152803 -30.66389153
v -62.31439560 -21.17739001 -13.33267388
v 29.74767531 -3.15935784 -46.37362572
v 26.20306789 1.49082191 -28.11697936
v 20.35923484 5.82385755 -41.79443625
v -16.92543350 -2.77628562 -23.88405959
v -49.96613816 -14.10361275 -12.15909031
v -5.15315501 -1.60073892 -29.47041472
v -56.86655253 -12.79360872 -2.49007883
v 39.90926702 -10.80513463 -33.08465816
v 39.43452407 -4.03210755 -28.56655452
v 17.29788113 0.62792978 -50.59000516
v 19.33202508 -2.93279124 -38.25967280
v 21.67635389 -4.13206069 -49.44377605
v -34.14049506 -11.45328889 -9.13186545
v 55.28267963 -23.56598090 -11.95973377
v -25.29541965 -9.83701199 -14.23560909
v 59.65329212 -24.48693823 -20.36025581
v -59.65236633 -20.48083198 -15.43061997
v -17.60170433 3.59478145 -25.21710995
v -65.49640470 -16.90198236 -17.86304422
v 17.81183124 -2.33925617 -37.07348348
v -55.83301250 -17.16187151 -16.19053665
v 42.44547560 -11.73174621 -5.51195670
v -13.56153004 3.36775591 -26.23686175
v -17.58082390 5.84064076 -31.34835458
v -23.83231026 -4.69073359 -21.45468816
v 42.54871410 -5.85240929 -28.62050124
v 47.29712543 -9.13780299 -20.43625740
v 33.56204418 -7.32738807 -25.76273662
v 5.13740867 11.36094222 -53.00691342
v 37.78150435 -4.57334069 -25.16766448
v -6.86134872 9.30556220 -36.31612936
v -21.79090678 7.28070498 -41.81076959
v 15.42277025 3.52705460 -53.09560497
v -25.49792239 -5.57451763 -47.45387648
v 42.10047060 -18.47764600 -7.58502509
v 0.08761687 15.26085539 -53.65770965
v -48.84570233 -14.40121108 -4.36811025
v 54.58613775 -15.02732775 -19.62808642
v -41.57957094 -0.73060000 -27.12046189
v 33.61066293 -1.00179818 -38.89843086
v 47.60754497 -10.42650360 -27.74231052
v -30.94508680 -8.94039965 -16.69629243
v 20.97077846 5.30269423 -40.82727946
v -25.76476907 -5.37015312 -21.39462178
v -14.52178145 3.13468360 -41.17624050
v 5.30291920 5.51365839 -29.70579785
v -21.18985844 9.47468138 -37.13505155
v -23.21183322 -4.92763343 -16.30645259
v -3.15192315 20.86225611 -50.87670251
v 19.93733737 -3.34763297 -38.64351811
v 49.49460763 -19.31416193 -24.13777837
v -2.61304302 11.33251762 -47.78727725
v -3.27205904 5.34250858 -28.43764736
v 37.67076825 -5.73902806 -18.32541195
v 6.11023199 1.25387411 -32.84561128
v -34.38314927 1.12107147 -25.26911812
v -21.81931778 0.39524496 -50.28989072
v 13.74296326 9.28380880 -37.52151290
v -54.64585902 -8.67841119 -2.23743526
v 40.41398233 -11.65393385 -21.69451851
v -1.32612626 5.44268125 -28.88516445
v 41.49059454 -5.03124737 -39.63521183
v -4.40627517 1.03011485 -33.73470844
v -20.95756875 -6.82469161 -17.34580227
v -9.94107756 14.04452155 -52.58109220
v -58.05666283 -19.17466494 -18.79070969
v -22.44145340 -7.39080900 -17.38986891
v -26.79643493 -3.48492970 -27.35878507
v -4.11269780 -2.01258492 -28.11267568
v 24.31330740 -10.35905799 -46.49043942
v 26.78770431 -5.65735862 -37.21415090
v 10.36909825 5.21349744 -48.71728161
v -20.99345590 -2.14977728 -33.33264714
v 20.82216714 -7.35884852 -18.48547988
v 51.78192993 -14.89370678 -26.44013923
v 37.94288240 -9.81768059 -21.68553609
v 31.90470184 -0.25948326 -27.14095241
v 28.74261188 -5.32481524 -30.13937932
v 19.44098995 5.54847316 -43.42806717
v 25.91169653 -4.25561896 -16.36650650
v -62.65860882 -20.13891655 -9.29128953
v -25.78449698 -4.96464276 -21.88912317
v -14.19379600 11.96714097 -46.44275737
v -40.47861191 -0.67502243 -40.44701165
v -21.57143290 7.46959209 -44.47172625
v -7.74587615 9.42402559 -47.52858258
v 15.52805256 -6.82529501 -19.20920931
v -3.49652512 -1.29971612 -30.46718354
v 16.74990781 -3.37721119 -32.01322270
v 48.65210568 -17.07972089 -25.48015586
v 3.51211280 8.58329514 -47.12228604
v 1.70375934 3.68061574 -38.87065465
v 31.49923570 0.89776056 -29.34008679
v -7.56720005 10.59754061 -39.19393688
v -16.25715494 10.48063630 -45.23443018
v 14.45093315 1.44843994 -44.08885041
v 35.71476357 -7.32003703 -30.54784093
v 49.16814711 -10.31164267 -20.49819123
v 4.48191824 3.98465593 -26.36926817
v -39.90803952 -0.44537656 -26.25682768
v -34.02397836 -7.44351910 -19.11411959
v -6.89917121 2.88275297 -25.65277926
v 59.67328810 -20.88420749 -23.17744206
v -33.80360310 1.08819331 -24.82500906
v -58.75238609 -19.66589884 -18.65922895
v 31.94035188 -10.51278592 -46.87350059
v -56.34564706 -12.63256995 -25.87610646
v -13.27979550 -2.61600417 -25.75070150
v -24.94742691 -8.68369747 -15.42682283
v 16.32664566 -2.72052172 -35.18987922
v -27.04649347 -11.03233971 -14.15628246
v 4.68652049 4.56252628 -27.33117918
v 2.70860193 16.34868217 -46.77800694
v 37.32734074 -10.17543024 -40.33125284
v 7.93342927 7.10687776 -48.62378022
v -57.33325754 -18.66676729 -16.88036222
v -32.47838633 -0.33996550 -46.18446994
v -19.33393860 8.70437469 -34.15546188
v 5.29339116 14.03018339 -52.61438472
v -32.50316378 -6.06242823 -21.18059623
v 15.64290204 2.56161023 -50.67312970
v -27.72431050 3.56609990 -30.88519167
v -55.40873666 -16.73918891 -20.68306425
v 50.29957900 -11.10327069 -23.03111231
v -38.01919734 0.83525192 -29.96731579
v 6.57967898 14.37425179 -51.39651619
v 11.61766520 0.16881017 -24.21794847
v -32.67809478 -10.58227295 -8.99573029
v -11.93950968 17.56125182 -52.41724847
v 1.31474330 17.05522765 -45.78557841
v -25.98325417 -2.60223728 -33.30986947
v 0.90454842 8.32012308 -34.08015462
v 37.77035464 -11.62396534 -19.21150449
v -50.86325759 -10.41163604 -27.94875215
v 10.61116554 12.46509725 -45.27269405
v -22.48928246 -2.56473770 -32.79086504
v -44.99791521 -9.46100270 -31.44605056
v -30.04955505 -4.21546505 -26.80277762
v -26.85967290 4.66677250 -36.07777266
v -28.36786859 -11.00507063 -14.45023545
v 32.99800854 -1.72579924 -40.93018365
v -15.03961865 2.97866645 -42.45822692
v 7.90411548 8.99566977 -53.62377860
v 51.16687663 -12.63168398 -24.09894613
v -0.87148862 19.93908845 -48.90534292
v 34.13233788 -6.68800363 -46.72040118
v 16.27260380 2.06414834 -50.71053523
v -0.12806544 4.72561804 -27.02125316
v -30.16865431 -5.16927542 -12.99653874
v 21.82976946 3.44278485 -42.05208153
v -1.77631731 15.56763946 -42.54237588
v 28.47301806 -6.22432611 -24.80007840
v -48.05435246 -8.59639834 -34.08609877
v -8.92405699 12.21137762 -42.33725241
v -28.13787153 -0.33317835 -47.89057187
v -41.03942052 -12.64994400 -7.93804840
v -41.19410116 -6.69845122 -7.07637616
v -9.51448858 4.25540928 -39.85841189
v 26.77523044 -4.26979525 -16.55701561
v 7.52430017 12.13793236 -40.91612946
v -49.10205115 -4.93324590 -34.18458649
v 48.48178363 -18.57980368 -21.38369707
v 63.21340967 -21.75989742 -14.24402789
v 2.70294673 8.75456573 -35.11796794
v 27.95045394 -12.46374565 -15.62620847
v -42.67250618 -7.78055293 -20.11780688
v -42.39138579 -1.87290177 -40.99913614
v 11.15769587 4.79104869 -48.71547516
v -24.13280699 -0.67427271 -18.15931733
v -33.71298879 -3.43278631 -16.79943892
v 44.88273228 -8.42546564 -33.07646598
v 17.81242580 4.62685990 -50.93413385
v -3.03191797 9.38092901 -45.92266406
v -13.41402424 2.83667095 -25.01760741
v 13.04338680 3.54239550 -26.94706439
v -48.68863690 -10.64142903 -22.14970381
v 21.58738280 0.01908873 -46.96894855
v 18.98455525 3.84112462 -49.81259164
v 43.86958821 -17.81331246 -13.98498644
v 35.96269634 -8.56062750 -14.53560764
v 12.48487201 7.70538194 -53.40647038
v -40.77234841 -1.41433809 -24.41994574
v 14.88939358 8.69553075 -42.23690710
v 2.44236590 -0.84505689 -28.46003285
v 29.33837708 -9.67094817 -44.70898098
v 44.58897410 -7.34214028 -23.37302415
v 21.22565960 -9.24251792 -16.83892090
v 17.88940556 -7.39846784 -45.41846424
v 61.26935555 -24.79392068 -15.82477999
v -20.60604768 7.73124072 -46.56614873
v 27.32039060 -5.53949857 -33.56230948
v -36.63268915 -10.13310918 -6.68277065
v 21.01493715 -3.80385333 -38.58905666
v -54.95105400 -16.41479795 -20.30514462
v -7.80331070 18.47241825 -47.27637803
v -20.03581413 -4.79566630 -18.28852825
v 60.59603038 -21.69362287 -9.96278439
v -19.58041988 4.69557886 -29.95548603
v 14.97387655 9.70111380 -45.46577274
v -13.43956804 17.25141302 -50.72970978
v 4.22799627 7.76582828 -34.22735117
v 15.29813097 -5.18282949 -20.58317083
v -56.23164641 -9.40903642 -2.79420930
v 48.00073278 -12.19752574 -11.05156828
v 13.20649440 9.35000093 -37.74895194
v 37.89502926 -15.64861631 -6.02330588
v 45.62598519 -16.75589851 -17.03355812
v -30.97915497 -4.31340885 -28.47573519
v -63.55088421 -16.98592668 -21.70782597
v -48.23168464 -5.43192764 -36.21490132
v 24.70537290 -12.35780243 -12.97049168
v 22.73967304 -4.08813181 -31.54404408
v -56.52838847 -13.80330785 -24.85134870
v -27.95334956 -8.62428119 -16.30603683
v -25.46136901 7.04687516 -39.80224189
v -31.13744278 -5.14012828 -22.52630630
v 4.33941905 -0.62048099 -28.26549749
v -59.34685852 -11.14104055 -4.88018488
v 45.53735469 -19.97093501 -8.85214353
v -25.44493989 4.21240396 -29.34857209
v 62.53209287 -20.08456949 -18.21927356
v 22.88323439 2.42394913 -28.60238130
v 20.43362624 5.04282232 -42.85434963
v 60.56915367 -19.08459054 -19.08325411
v 41.23744323 -11.68432486 -26.08176971
v 38.59402652 -8.83479098 -35.47895823
v -4.40867284 3.58278452 -25.77612614
v -20.05561690 6.85170416 -47.72567599
v -46.85511189 -8.06133299 -3.50895633
v -25.65118213 -3.38556090 -24.72704085
v -27.20497772 -6.03336418 -47.54682405
v 27.84381189 -4.11986916 -17.75881215
v 22.21669181 -5.22524908 -40.64600476
v -17.38108050 0.68851241 -43.36040281
v 7.13357084 8.42886410 -51.87327816
v 35.38795840 -7.83038230 -27.51454213
v -61.69257246 -12.04289136 -5.57407580
v -52.53917308 -7.64445117 -32.42663791
v -19.53584693 0.60285486 -21.51241308
v -1.51601392 4.95443646 -40.97725944
v -37.08487310 0.82107946 -28.16446110
v 19.19098421 6.77775286 -39.79908631
v 22.25048961 -6.79509623 -42.33765109
v -8.32754123 14.46566063 -44.16110481
v -56.81873726 -8.48422373 -18.76426122
v 40.56707895 -11.17586723 -24.08681392
v -66.15732270 -17.80323907 -15.32759582
v 22.44868222 2.29092857 -27.77752240
v 55.15202558 -23.20003894 -19.23642978
v -23.95515971 7.64006912 -39.52755860
v 58.52741049 -17.36761258 -17.77525461
v -52.18576479 -5.23787305 -26.77777399
v 26.30126618 -10.56202776 -47.02047234
v 15.02532927 -2.95687220 -21.78447833
v 39.20447720 -10.31864871 -27.92744620
v 45.19543047 -7.93352316 -27.42283647
v -49.17747358 -13.60187533 -2.00325813
v 37.18862551 -16.95564555 -6.96867038
v -4.59656549 14.22443951 -41.66187555
v -5.49092150 4.42082226 -26.32404383
v -33.34329684 -9.72207849 -16.41482167
v -37.89042771 -1.64025698 -42.69063766
v 58.93183020 -24.95593342 -18.88179445
v -34.41702482 1.21139770 -39.63458939
v 52.57223942 -13.34685292 -20.86809530
v 41.02754106 -10.41510333 -11.78122001
v -36.85502696 -3.15773109 -44.58996730
v 62.03045602 -18.61141650 -10.66505348
v -55.43808920 -15.51972225 -23.61968158
v 17.85185613 -2.83117114 -43.03417328
v 2.61753477 17.57298808 -47.87890959
v -65.91004610 -18.40382916 -16.61014648
v -28.30930592 3.98988400 -37.88943020
v -21.33777621 -6.53848861 -17.08380736
v -31.35960279 -6.86193669 -9.96683476
v -6.10212677 10.15038081 -38.20074763
v 39.77327628 -8.64023730 -41.35037583
v -50.40282073 -15.08684070 -4.75598067
v 25.62159845 -11.10572973 -16.58945279
v -31.45809399 -4.15719641 -37.55277691
v -57.62865388 -15.47922774 -23.82678463
v -41.82378838 -7.51255274 -34.44823670
v 29.38969401 -5.63923397 -32.31749677
v 41.11868984 -17.24639462 -5.41147651
v 20.65376703 2.97320055 -27.94185308
v -9.66302620 5.03580828 -42.58486170
v 29.29830594 -6.17453834 -25.84322611
v 16.97057918 5.94676696 -33.69510186
v -38.98768623 -6.67478657 -31.94530699
v 19.72881170 -5.28184624 -42.14918010
v -17.02949526 2.06263898 -35.67040147
v -33.18884137 1.12269325 -41.36521743
v -17.93007662 4.92225336 -30.21702479
v 28.75943907 -4.02450946 -18.68569032
v 17.54002871 -3.45288162 -28.23958934
v -21.24535126 -2.94952196 -46.04365882
v -60.48787447 -20.80224575 -16.76684149
v -57.34291897 -18.71602781 -7.43312090
v -3.06967923 15.67661387 -54.46781815
v -18.97616482 9.06498284 -47.15958557
v -11.27470588 18.83090989 -52.60552810
v -18.10184227 -1.39292731 -31.99682829
v -53.97101566 -6.13125239 -21.74522375
v -21.36827826 8.98811529 -38.43813225
v -22.46170509 -2.85279015 -25.64258352
v -17.91959219 -0.47098878 -33.28851786
v 35.63746405 -9.90321229 -44.22377566
v -47.63828627 -9.01802637 -2.36302261
v -51.15440999 -12.36480284 -25.28246442
v -25.55595810 -3.56514538 -37.68847894
v -28.07060867 -7.66261827 -43.58850000
v -31.78992270 -0.07391273 -46.51121449
v -31.21408852 -11.70182192 -13.90964139
v 22.12315697 -10.23625777 -47.76789717
v 41.26678241 -16.85830993 -5.07268262
v -1.88212316 18.44605615 -45.15061405
v -5.63892810 -0.06819092 -32.10257781
v -57.90911788 -19.06971739 -12.76078941
v 28.08328843 -5.15223221 -28.15001260
v 30.08602383 1.16394610 -28.87157012
v 61.24226918 -24.81235631 -16.57899617
v -44.77603867 -3.01632395 -20.58796149
v -28.14396181 4.84666661 -40.45118038
v 43.21423198 -5.50283181 -34.79931906
v 51.16050914 -20.16387319 -18.97179582
v -26.14488426 -2.87581769 -35.99969755
v 39.87772880 -9.98959761 -34.50423806
v -52.97696707 -10.51585095 -28.10619809
v 28.40423129 -2.66728983 -21.32754009
v -20.15294070 -0.33610134 -40.12522540
v 52.43777403 -14.84031425 -24.90680301
v -5.81647121 -1.61086630 -29.26982949
v -10.96831665 4.03355264 -40.15213773
v 16.82624744 -1.00085370 -49.32343092
v -13.55036771 3.96742338 -36.82248283
v 36.80056770 -2.16208356 -29.53671371
v 12.03141354 -4.53420386 -22.93810249
v -47.20272811 -2.24036628 -37.95354519
v 20.53586728 -2.42560037 -49.98430254
v -1.33249351 2.55861448 -25.79868870
v 16.40023308 4.08513389 -52.33513554
v -46.63184738 -1.77227251 -30.42220151
v -33.64065685 -0.99104586 -45.29572155
v -36.48007533 -4.59002883 -13.36570924
v -27.31801388 -10.13100134 -11.61286254
v 5.06725984 2.99956769 -36.93736304
v 56.24394195 -15.96725603 -6.08478823
v -29.39354803 2.99306864 -27.92952498
v 16.87821795 2.84141761 -51.70482188
v -7.77302417 19.20739860 -48.45583825
v -36.60245124 -10.98372274 -13.68288471
v 24.18253517 2.19785673 -39.58311009
v -13.74517213 3.50367679 -41.64620354
v -6.16486113 12.97762288 -41.09025871
v -56.59848612 -18.01654957 -17.35455857
v -30.58044738 -5.52494971 -11.93964647
v 36.27164168 -7.19587774 -33.42258341
v -64.57797352 -15.94250976 -17.12449100
v -55.34253952 -16.61268071 -15.55643819
v 6.76802653 -0.39358456 -29.70421872
v -33.18487252 -5.01471630 -28.67820327
v 38.76228443 -2.47408182 -35.24711293
v 11.82630496 2.03831760 -35.48235533
v 48.17216725 -19.78960496 -4.32903425
v -4.37042887 9.29442906 -36.12557106
v 33.40628474 -8.65076015 -21.32907485
v 24.90829365 -1.92560775 -19.71597393
v -61.63701879 -21.22941521 -14.87649412
v -43.22564437 -8.28284980 -33.84489588
v 2.65539344 18.38854201 -48.73827236
v 26.49440965 -12.22112702 -15.24702083
v -33.69489469 -4.87962373 -35.59412071
v 30.07326013 -6.02476982 -48.34434603
v -63.69483242 -18.13300576 -20.56784633
v -20.39574491 -2.47431304 -31.43130913
v -36.70631882 -7.34367875 -44.66393416
v -42.75128729 -1.58570188 -40.46937161
v -48.89406038 -6.73058124 -10.95815097
v 36.14454364 -1.04164722 -32.87695157
v 47.40686518 -9.76867533 -17.94808501
v 1.72688619 -0.99060238 -28.02097446
v 2.67739579 11.96346505 -51.40770441
v 27.17212606 -6.04518393 -13.48329470
v -32.76717853 -4.54361776 -12.45190574
v -10.25246753 3.05551893 -34.56783033
v 0.22163015 19.28010205 -55.31102928
v -38.56101396 -1.90522447 -20.83429131
v -14.62494353 3.14289764 -41.78466561
v 38.70686061 -8.98241889 -41.81357843
v 35.93595282 -7.81590461 -45.08319206
v -34.79605097 -8.27862260 -18.04190163
v -50.03052947 -12.35669743 -24.16242014
v 7.92370032 12.82515901 -42.91449688
v 39.22005580 -5.14092114 -22.02885544
v -27.75525779 -11.15511749 -11.53733009
v -27.36649892 -7.42201104 -43.99034374
v -14.64422133 5.37185831 -30.37433146
v -64.06445698 -16.97529156 -20.75820122
v 15.16929181 8.93914129 -43.96605117
v 9.47696088 9.05037354 -36.93034258
v 39.61993562 -5.21549311 -21.11274460
v 4.51961583 6.29251155 -31.47436366
v -66.30722295 -17.30124551 -15.64740070
v 62.40576630 -18.97134991 -9.07719142
v 50.71940503 -12.24414512 -24.79898338
v -32.35419617 1.09437716 -42.91842653
v 39.87935551 -11.16445989 -29.60008899
v -31.70674717 -4.83826644 -23.44740187
v 61.44571880 -24.61343274 -17.74413537
v 24.27374624 -2.27859452 -46.57910448
v -41.50463725 -9.29038894 -4.84442133
v 12.48230837 3.93301492 -28.43301288
v 41.72868032 -9.55231031 -36.85144823
v 47.18836315 -18.19203492 -16.23171747
v 17.16240498 -6.72132700 -21.33180443
v -15.77655707 2.71245730 -24.05708715
v -13.59068471 8.68739891 -50.55258055
v -16.52963618 2.36899356 -46.92777326
v -57.67948127 -15.22628783 -3.16534848
v -23.48296765 4.51238963 -28.60887240
v 57.18144476 -17.90717930 -4.33274395
v 32.09447900 -6.74245625 -12.97822552
v 62.66793016 -20.53422279 -18.99299507
v 40.52641627 -3.71865172 -37.51364344
v -39.54428089 -7.00112985 -41.01720774
v -31.63611895 -11.19082765 -9.94078151
v -6.06789897 14.24874315 -52.18893350
v 42.06101060 -5.88934591 -40.55446145
v -29.14996525 1.56116467 -45.46281878
v -46.19485228 -1.62753323 -30.91358431
v -56.87852573 -9.56417618 -11.43943313
v -37.70887113 0.29457215 -26.22988075
v -44.50937685 -1.81734037 -26.87941581
v 15.60747364 9.18159401 -46.61096473
v -47.91990443 -2.30868233 -35.43602272
v 46.31073083 -15.34993652 -25.59571497
v 40.12195004 -5.41495635 -19.67479927
v -35.65595495 -4.21063259 -45.82019595
v 9.95861147 10.91047789 -40.98558037
v 38.16880457 -9.55867776 -14.06381662
v 6.96039769 10.30440193 -53.36373449
v -34.74248132 -9.38428933 -16.78738965
v 19.57244350 3.94774249 -45.92834787
v 21.92576686 1.09542709 -44.22542894
v 20.25410397 -8.38743199 -44.35779194
v 33.36244419 0.43927619 -30.80679700
v 19.20916361 -3.87246123 -19.34560999
v 15.64848355 8.31659900 -42.03128384
v -13.96510523 0.36680490 -31.67691102
v 14.47639428 3.04115025 -25.25518654
v 16.94888598 7.34472038 -43.36670783
v -38.79943832 -11.80911717 -5.15725891
v -27.31025097 -2.92336262 -48.29710362
v -39.96157311 -6.87081827 -40.38398191
v 39.47583315 -2.61069169 -33.23302883
v -60.73722222 -19.24726630 -20.07813312
v -22.23456839 -1.57901243 -36.57384160
v -23.34819228 -2.62667431 -41.12402919
v 16.35742470 -8.70988857 -46.89572365
v -49.94643165 -11.05483255 -26.22115067
v 13.09704859 -0.06902490 -33.69007760
v -10.52595273 8.89782542 -35.23913321
v -46.41717326 -4.70456287 -39.92141049
v -3.39131950 5.66514919 -42.03381689
v 16.45819459 6.61636098 -51.14498281
v -27.52682725 -6.96206162 -19.41801541
v -49.10163731 -9.85207518 -18.42314874
v -27.29773650 6.12963990 -39.21447467
v 9.16713254 2.42128560 -34.75251472
v 9.93160022 4.99669415 -30.27013301
v -12.41915093 -2.26883818 -27.58268569
v 62.06846846 -18.49911234 -8.85691456
v -0.96771180 20.51188684 -50.47799353
v 10.38046907 12.83772396 -46.83433729
v 1.92270597 12.24533510 -40.44795737
v 8.93720057 13.36550669 -49.52781949
v 63.02203975 -20.02848643 -17.29670753
v 26.31735492 1.56164753 -38.09704775
v 1.97573009 20.76231851 -53.71933100
v 46.23732232 -9.84484731 -30.47646830
v 39.56627735 -5.22988164 -22.33559113
v -48.07413885 -7.08250883 -7.57546049
v -41.86763429 -1.50204551 -40.93554004
v 39.99843162 -5.40233567 -23.84075754
v -36.12205621 -6.79123507 -45.15684316
v -1.67736659 3.75293558 -37.67632677
v 16.31812672 8.54495610 -39.33762902
v 4.03416503 15.01444907 -45.51401908
v 3.54457174 -0.59675824 -29.04948815
v 10.46915728 0.28925368 -31.70156013
v 30.10432102 -1.81584104 -23.66975904
v -43.08107626 -12.03182783 -12.24535650
v 40.57358569 -6.52804169 -17.51167321
v -53.32943166 -5.96832729 -26.67967978
v 4.47804570 3.65429153 -39.07063695
v 26.42691648 1.77584632 -35.23968973
v -21.52965579 -2.61094314 -31.64326716
v 32.90109602 -2.87927501 -42.83387118
v 7.15862080 5.36358302 -29.91325255
v 30.94439974 -6.72181207 -25.62732461
v 12.80097132 11.82296166 -47.39220779
v 43.22137528 -6.12256532 -38.22209323
v -25.67558042 -2.41677973 -48.79610704
v 46.34064905 -9.59787659 -17.01568530
v 15.67747325 -0.07337356 -41.52556821
v 43.13587926 -10.51013317 -12.42353747
v 3.74158381 3.54171817 -25.99631907
v -43.94660265 -1.30140119 -27.36870802
v -37.40018244 -6.30785127 -44.57688545
v 54.54003714 -23.38514936 -6.80036964
v -48.47008732 -3.40030584 -33.54326988
v 44.53281000 -9.04427957 -34.12761102
v 18.20229614 -2.14939556 -50.20451721
v 28.27278310 -13.01570506 -14.80957261
v -20.09063560 2.10435748 -50.30401126
v 5.38678915 7.18384508 -46.36440946
v -1.55094378 11.19736492 -39.37839127
v 15.28788759 3.96159401 -53.15521301
v -36.13595943 -3.68557919 -45.30695792
v -44.60815637 -13.09754876 -9.00855727
v 42.71910129 -6.17636856 -27.97616498
v 28.73605853 -0.63018577 -42.79600826
v -31.61751337 2.01439518 -40.57527017
v 0.33362802 10.97863797 -47.96088930
v 24.68672475 -7.35256014 -13.73159085
v -30.16098899 -10.98397838 -10.47235221
v -53.72267555 -14.34139599 -2.29247465
v 16.13850067 -3.23904105 -31.61739902
v 41.49318167 -14.51518858 -18.10865871
v 39.46438950 -11.16965464 -7.29702061
v 54.39719393 -14.84685750 -4.67753569
v 50.17087513 -19.85528132 -20.90965605
v 52.55610545 -20.29744959 -4.52193426
v 2.08286507 19.79859635 -55.22740646
v -25.90112951 -8.23682320 -16.49990014
v 7.37549076 3.27477950 -26.14136783
v -16.13062425 2.78158713 -36.07763268
v 19.94543327 6.24869889 -41.24742225
v 5.83536496 5.22939583 -43.55857513
v 1.11620330 1.18190024 -26.11216609
v -4.35670292 7.75183040 -44.66557818
v 46.61965877 -16.15405410 -22.67542026
v -58.32192006 -10.20529041 -12.35055255
v -61.89251555 -20.53713767 -10.01493401
v -3.06432655 -1.98247337 -27.72982023
v -2.52466382 15.81106712 -54.69843381
v 43.97116976 -9.45656468 -34.60130036
v -25.17207510 7.91622927 -37.17931437
v -18.24483027 5.26185791 -30.83886383
v 25.21236888 -6.79341693 -13.84011788
v 61.42470213 -19.72103697 -19.32841102
v 7.66038938 -1.66685556 -25.01906326
v 33.98976103 -15.09844493 -8.14324666
v -50.83545750 -12.34075730 -21.12814522
v 41.90292487 -12.89844433 -28.71504259
v -60.79248657 -19.84960094 -8.06431715
v 51.24772793 -16.54563336 -3.05237102
v -14.57470051 12.27867438 -49.76148164
v 15.01451164 0.32434273 -37.09864468
v -8.74535549 -0.96492486 -30.17391819
v 6.26823351 4.61071241 -42.17218195
v 58.66489031 -18.39927702 -5.02968595
v -47.16807131 -4.79906694 -16.39164139
v 23.60986768 -5.25920619 -25.19851704
v -44.47226657 -5.97610993 -38.87736158
v 36.49550801 -10.02604677 -42.76216736
v -25.34728879 6.44293749 -35.57644574
v -43.61043711 -7.90340889 -27.46107928
v 2.80499684 7.63152959 -45.45471119
v 16.62278256 2.09326710 -23.51367122
v -56.31812941 -8.14687353 -26.91585709
v -33.40042999 -5.37043618 -38.59003033
v -27.65348769 5.86402449 -38.73491165
v -55.51849069 -17.37670680 -12.58184730
v -16.70163212 -2.58416739 -26.49804927
v -14.94189214 10.41496582 -44.28049084
v 7.67410462 13.96354871 -47.69390427
v 7.83329770 4.67232893 -43.88048923
v -13.59654189 5.10277647 -46.97511956
v 12.99230126 9.42158889 -38.83389791
v 31.62463102 -9.71331537 -11.08837495
v -10.63132092 4.63914740 -42.14193412
v 3.39390128 16.27452255 -47.52380052
v 44.38040369 -11.55556527 -33.20112382
v -50.92816538 -13.58070575 -14.08346043
v -65.15659997 -15.17990569 -8.85457439
v 62.16459009 -23.99738353 -18.63105752
v -12.76608920 15.37734332 -48.96384191
v 20.70179891 -3.75781469 -32.76791953
v 18.46267541 6.66562402 -42.31225652
v -15.74023487 6.98525468 -50.49591828
v 45.05853573 -14.48898499 -25.98319217
v -12.66142944 -0.56903316 -24.12101854
v 16.91407187 -1.28083298 -41.34866606
v -12.89663509 16.48582857 -49.78936345
v -10.67997528 -1.20897175 -29.66369601
v 22.28110144 -4.61276378 -39.81161451
v 37.88822853 -6.22739247 -17.35319020
v -5.87320287 16.08183903 -54.34755872
v 39.08207515 -16.64431576 -13.64184718
v -63.34416143 -14.62042339 -5.91942829
v 24.65155292 -4.38010586 -48.47882101
v 35.57481867 -9.23674630 -39.04772512
v 1.92925278 19.21770124 -49.36801210
v 29.47562378 1.00744919 -34.29752871
v 30.81290687 1.29091241 -31.60111317
v -9.92983524 4.36719913 -37.28391628
v 8.25270910 13.30161374 -45.20709190
v 51.81348271 -13.38253963 -23.86978028
v 24.05142504 1.99680820 -40.17699232
v -46.89994325 -9.30149178 -33.68004582
v 19.79305490 -7.40252108 -43.66619780
v 19.95795697 0.58065492 -49.91930715
v 28.95052449 -8.95371377 -43.86327887
v -34.84629116 -11.23974480 -7.70956919
v 11.32814176 -2.67996150 -23.22651078
v 57.10355341 -16.41834736 -6.62552511
v 16.09375032 -0.66058709 -37.40849797
v -6.71704312 14.75452591 -53.34589217
v -16.56956957 3.09377693 -48.14213121
v -13.08664165 9.67916758 -36.36900954
v -66.22771918 -17.74615612 -16.90681696
v -57.86448516 -19.03701791 -11.56016637
v 19.78874778 -4.12238247 -40.80816915
v -57.35881227 -13.99445072 -24.69425482
v -43.49740265 -3.22953403 -18.34465555
v -26.30647237 -1.26334573 -16.52912755
v -20.31706156 5.15752726 -48.72373160
v -23.32969885 -2.25786121 -40.25071113
v -7.87524218 7.89709143 -33.04457256
v -29.57826314 -10.41314634 -10.50297637
v -52.11904517 -11.71729600 -26.58960872
v -3.24918837 4.63775651 -39.88914516
v 38.72661489 -17.50496253 -9.26437014
v -21.32151433 -1.94317244 -18.25734213
v -0.07966804 18.41682599 -45.56742713
v -62.21549767 -15.38533385 -21.96157153
v 20.40733801 5.66425472 -41.97074247
v -13.44793640 15.87841143 -51.24472556
v -24.84561111 7.70518573 -38.80316243
v -49.13989856 -4.03922034 -35.00250127
v 22.48264441 -0.65957763 -45.67526497
v 24.28695512 -4.52199371 -30.73167887
v -2.60696820 12.62483174 -40.37759372
v -45.16555761 -1.34457437 -31.80713870
v -9.35597912 -0.96016896 -25.30618755
v -18.83570251 1.24070462 -36.85576679
v 34.97252028 -8.99386657 -45.47328642
v 3.54914706 6.47985701 -44.36502915
v -61.23982622 -19.16001043 -6.59096667
v 0.25742985 2.67271491 -25.86866913
v 16.19526047 -3.46421065 -20.68411230
v -28.96718474 -3.68231136 -37.45283302
v -16.45396169 0.10415935 -32.50750891
v 16.22976210 7.94036797 -43.33539915
v 48.00741283 -16.47303950 -25.76829084
v 8.25847204 8.77354974 -36.44651583
v -3.13866258 -1.67634968 -29.64085547
v -36.02810914 -7.61208455 -44.93381533
v 8.85274653 -3.54333094 -23.96423625
v -13.11763360 17.99886697 -51.55128895
v -62.19225464 -14.01090888 -16.98898467
v 18.49130556 5.04644703 -49.56387451
v 11.17543744 10.37767743 -41.37857433
v -20.32171254 0.79553604 -50.46751140
v -21.40381761 -1.49472436 -35.42898698
v 5.62621727 15.35395216 -49.95452095
v 35.18323788 -7.79904374 -26.85433598
v 22.70262674 -12.00879652 -13.60650892
v 26.90741901 -3.74980550 -18.28202909
v -24.06883761 -7.09912394 -14.87709657
v -33.80111202 -5.20225097 -37.62611503
v -41.47660603 -6.86846422 -22.01563286
v -29.55622785 3.30414208 -40.23085035
v 12.77008887 -5.05942757 -23.30150500
v 16.69279118 -1.62510949 -47.98129453
v -66.17179595 -16.75508201 -14.62711266
v 63.24081944 -22.29813092 -18.19908671
v 55.48788562 -23.42106639 -15.83676004
v -41.37006410 -4.33396683 -42.19001379
v -15.38520237 7.59297403 -32.94108933
v -19.50435284 -3.30170816 -20.84867045
v 43.60979397 -13.62240825 -24.57948145
v -44.07086593 -2.62606901 -22.79873116
v 38.69714879 -4.12757365 -27.64385138
v 34.48344467 -9.62261163 -45.48326293
v 29.83525275 -5.64737001 -29.34948004
v 12.15216912 2.13787052 -36.07359148
v -25.59211521 -3.64133338 -23.88887777
v -59.37653512 -12.13593582 -23.20525339
v 55.69207632 -15.67133606 -18.39560228
v 16.89459088 -3.33600811 -31.16695047
v -41.87619459 0.00029740 -33.91519418
v 58.67386620 -17.23566164 -13.98099093
v 1.08697229 11.92768361 -40.12192965
v -51.32195581 -10.29367912 -28.41160674
v -12.93268602 9.44609508 -35.90054401
v -62.64115976 -12.39997211 -6.99750129
v 58.61948971 -17.33560773 -5.49538424
v 30.95306605 -14.77246215 -11.55718100
v -49.19543949 -11.40255063 -24.28163144
v 40.72356767 -3.29855747 -34.29025637
v -20.87788411 6.92715096 -33.01640139
v -18.71722928 0.16464956 -40.83944445
v -23.84389727 5.76384576 -33.65900772
v -35.05042909 -8.46377291 -7.81275103
v 35.75350148 -7.62839238 -14.91415902
v -40.05233734 -4.00406191 -16.80178795
v -43.96788805 -0.67926135 -36.47464681
v 28.55503170 -1.16635819 -44.09462894
v -30.63096453 -1.10223176 -19.03744179
v -62.19803126 -19.31959402 -7.15915599
v 5.56452306 12.74106623 -52.89817777
v -62.65033964 -20.74857523 -16.19361024
v -2.85744801 8.15616647 -33.17483156
v 38.46295483 -9.74610469 -28.86538192
v -16.80463360 -2.78029142 -23.38240501
v 5.91053038 7.99876502 -35.16348765
v -6.07517463 15.15033756 -42.96403566
v -21.84096653 -4.86638023 -20.41412284
v 31.76601512 -6.89327617 -25.64647346
v -55.81227086 -12.99470889 -25.44298082
v 42.56284625 -8.77282771 -39.17852238
v -18.62811733 0.35531924 -49.27730013
v -4.46064305 22.10144246 -54.52457797
v 31.72867058 -0.56834867 -39.20258207
v 2.93605437 16.95122729 -47.82386007
v 27.52701959 -10.14020385 -47.96048211
v -10.53911383 4.20037986 -38.74301310
v -16.16030990 2.88744743 -37.27841530
v 13.84451593 9.72355873 -43.51332491
v -65.39112798 -15.37065502 -9.74542618
v -51.77352176 -6.78601968 -15.76452864
v 14.81687540 -2.74380672 -32.10883651
v -22.86502206 3.23469979 -48.92441271
v -13.51293403 10.30194797 -39.47374840
v -3.93196622 4.64022194 -26.70385206
v 14.24677320 5.99728650 -32.30539540
v -4.93846941 13.63231952 -50.61863445
v -63.27645812 -13.15086560 -5.70567418
v -24.06191202 -2.40844863 -49.31426552
v 16.73540083 -9.71600022 -46.98576676
v -11.99623245 7.79348698 -48.93177947
v 61.17162414 -24.53285151 -19.03249969
v -31.23366490 -7.37951029 -41.79390061
v 38.79733408 -10.06739648 -29.61934097
v -65.62637704 -18.10384681 -12.25665513
v -6.75520306 13.47578931 -51.27085496
v 15.79774753 8.76808985 -45.29155169
v -2.96735395 1.65802818 -25.83549137
v 30.43163015 -6.89791104 -23.99301083
v -8.90859360 2.89685397 -34.68631732
v -17.28698692 9.99821428 -44.64250174
v 18.79062296 -0.74991993 -21.35248539
v -54.91375022 -8.50015324 -12.05292534
v 32.80496998 -0.33575194 -27.70811079
v -38.05075530 -10.52354612 -14.43388848
v 24.08064942 0.27736380 -24.70522218
v -42.58026553 -3.50918251 -41.58769749
v -19.60804519 9.63234700 -35.39744384
v 13.02107291 0.81711688 -34.75383574
v -16.38427801 1.95941341 -44.18176525
v 2.82325092 0.82512704 -26.18019161
v -14.06462855 4.01804169 -27.75869156
v 36.84261782 -3.88387287 -25.47443121
v 16.58915763 7.42747920 -35.93019767
v 33.21466549 -8.33863942 -38.75980324
v -13.50353979 10.58755146 -51.23767194
v -31.54025115 -4.55747887 -25.21955007
v 52.38462186 -21.27837222 -16.40808993
v -1.40290232 16.13441639 -54.64310915
v 18.49655008 -3.34340867 -35.57456873
v -7.61344184 13.10823464 -51.28696793
v 10.54698761 -4.38894214 -23.79145395
v -18.85041246 2.31770457 -22.77276876
v 35.00707642 -7.83421712 -45.70519769
v 35.47597912 -9.00191867 -21.40059036
v -43.41127349 -12.57802822 -4.30630405
v 5.04570809 12.83999014 -52.92079064
v 18.03952763 5.77940819 -46.75202744
v 19.15003691 0.65875073 -50.35383529
v 16.67489109 3.69281020 -27.81759810
v -34.27089911 -11.22669642 -14.24294448
v -43.04054899 -9.01319824 -4.37305241
v -47.75758773 -3.96331226 -20.57213928
v 38.40300968 -10.23891735 -12.27085572
v 13.34248130 9.31563452 -41.73017893
v 13.80984094 3.35070865 -26.05872816
v -60.90357794 -13.05383207 -18.47551866
v 43.69939666 -6.40631506 -36.01401564
v -0.97982418 13.21527010 -50.20652617
v -33.75780681 -6.39313173 -46.25858704
v -29.34400272 2.76775703 -42.99308517
v -13.15999369 3.51758414 -26.63849597
v -35.86254446 1.24372479 -38.04018608
v 10.55336850 -0.80246286 -30.38467304
v -25.80945849 -9.90033991 -14.40309398
v -24.65701843 -3.66444307 -39.89635038
v -51.47523395 -7.76962418 -33.13068522
v -58.53245565 -10.20589202 -25.91087449
v 9.98178982 6.62550783 -52.89287135
v -23.64869233 6.30300509 -33.97974592
v -31.36757012 -8.61977426 -9.57689663
v -46.86376237 -4.16725735 -40.06965159
v 15.09515247 -3.68471736 -21.42641446
v 38.06731340 -4.90553558 -23.03223865
v -24.25284548 -4.78080606 -47.13627394
v -37.82039228 1.07190633 -33.54104583
v 19.28362050 -7.78021775 -48.63904228
v -11.93329482 4.28833843 -36.79490337
v 14.88206328 0.73206994 -37.53714854
v 55.10092594 -15.33353626 -0.38105805
v 4.59611465 15.04246170 -52.65515765
v 24.89166712 -0.96426614 -44.75220840
v -0.80719288 -0.47689812 -32.20400749
v -11.44167491 4.33589716 -37.02943926
v 46.31738841 -12.00953822 -5.13915503
v 63.29354844 -20.54642881 -12.39624608
v -39.42439355 -6.27321154 -42.77684929
v 24.50614085 -3.77346523 -17.48662894
v -48.10853127 -7.16792923 -35.00044588
v -33.50471080 -11.57248579 -12.67458212
v -33.49450771 -5.17697994 -30.41387424
v 16.80685021 7.57630006 -47.15421795
v 25.83392400 -11.03374034 -10.80372631
v -39.50301955 0.58094383 -38.07836104
v -0.36171080 9.91383917 -46.60746878
v 29.70158735 -8.80646441 -43.33148013
v -9.73104196 18.07429880 -48.04245361
v 38.16733250 -13.42302008 -6.45543628
v -28.50656115 -2.48945412 -48.30323483
v -33.01990476 -3.42276652 -47.71447692
v -45.26407504 -8.25773310 -36.37199571
v -46.48905387 -5.79008159 -37.29156296
v 25.92317025 -4.94871569 -26.61331169
v -31.09358960 -10.33701048 -9.83188519
v 22.12628588 0.12966913 -45.09261991
v 46.55963791 -8.56754495 -22.17254436
v 31.14559847 -7.23241826 -23.29160666
v 34.50901367 -0.27067917 -30.45980412
v -18.69474927 -2.32072301 -29.76285655
v -33.24731026 -8.78697443 -43.82323375
v -48.76056404 -11.22618166 -1.42424183
v -56.85976048 -9.77763272 -3.70946528
v 30.40448355 -7.04879933 -23.33751777
v 17.18454795 -3.52597968 -33.73670313
v -7.73362351 0.03978270 -25.50536144
v -37.42738657 -7.30404512 -19.72876497
v 17.15223990 -1.90843346 -43.05235634
v -56.07350751 -9.45609007 -28.90969947
v -6.59589257 12.21551746 -49.51333580
v 33.50848463 -7.02237799 -28.20082883
v 50.78025531 -20.49074392 -23.02545415
v -51.23876279 -13.77638224 -23.12813398
v -0.28096239 20.63383577 -51.15275948
v -1.19061562 11.59503226 -48.21307126
v 32.99451343 -1.86788751 -25.54859169
v -27.37846202 -7.24196990 -46.80992442
v 22.18489817 3.76503406 -40.82238027
v -21.21095992 -2.57674991 -49.22346083
v 25.06973714 -6.32863547 -48.95581092
v -12.53151912 7.28003349 -32.50668501
v -40.18855363 -12.04266470 -10.42703837
v 27.65869492 -5.00133296 -15.07490344
v -41.62315716 -5.67779887 -11.00401375
v -22.56867861 -3.78371712 -47.72534899
v -38.97384257 -1.42995131 -42.10556620
v -22.38698559 -3.43990421 -48.76596661
v -22.29824299 -3.27330880 -23.27484823
v 32.28423425 -14.55233030 -14.06679501
v -58.95093317 -10.77826279 -10.53356412
v -22.82320599 5.87378278 -43.10998864
v -32.07307773 -1.93064372 -48.33246865
v 8.60920506 3.64611098 -40.87955841
v 43.90319871 -6.96615242 -25.20737075
v 25.55685118 -5.35229351 -25.29795485
v -59.34798872 -11.46982458 -25.84077286
v -45.09805436 -1.58796730 -38.90717948
v 27.93317286 -6.24423521 -38.24798240
v 4.71421471 -0.67370884 -27.84953681
v 42.25289257 -8.34425838 -16.19490257
v -40.90069696 -0.33453412 -29.48938920
v -15.60419638 8.07830705 -33.42319525
v 42.76868631 -6.56437397 -18.57727904
v 59.26861790 -25.17253167 -14.79212484
v -60.62244162 -20.63915738 -11.50747925
v 52.66591724 -22.75753307 -10.87632310
v -9.78916757 8.81988779 -48.42776586
v -4.73296656 13.79810557 -41.29211534
v -31.12265067 2.27867556 -39.58135930
v -51.93695748 -7.94565198 -7.33500684
v -61.86661543 -14.08364787 -19.21978681
v 8.26400856 5.00822255 -29.64060883
v 18.18343489 -4.87450015 -44.60918277
v 31.49516086 -6.28386623 -33.97068606
v 12.38954064 11.80709842 -49.41427793
v 6.89537113 11.98941942 -52.98288392
v 33.50639561 -5.88033602 -46.92026394
v 8.20132485 11.53691135 -40.39071268
v 35.98835636 -8.12819290 -26.10913974
v -55.28932068 -16.77019136 -14.19323797
v 0.62249472 15.09205129 -53.46327822
v 62.93979196 -20.09243473 -16.17465258
v -19.80669698 -5.10230964 -18.61674768
v -65.76945325 -18.61545111 -17.19264722
v -23.60889726 -2.79972310 -30.96938075
v 2.08761477 16.07268909 -45.31510806
v -51.93100339 -12.89853028 -19.57939358
v -15.96804279 2.47029031 -44.29658045
v -40.31381621 -6.99114975 -21.05701921
v -52.95936267 -8.22233120 -7.69604124
v 19.23019694 -5.00788039 -49.64828457
v -48.95099262 -4.49673257 -36.86003817
v -59.00037969 -16.23556524 -3.72746967
v 25.69046514 -7.95265897 -11.73959877
v -1.55194539 17.78829735 -55.41259151
v 43.77106917 -7.89725909 -38.57902666
v 42.18198348 -5.97247115 -27.37834538
v -16.44494180 11.20523583 -47.60739267
v 1.05804598 11.29296699 -48.78004916
v 4.95158964 -0.31889823 -26.16631765
v 32.36762593 -1.42425823 -25.79297899
v 41.50174466 -12.34657775 -22.69513962
v -9.81087409 1.92974008 -25.38400311
v 10.77481964 10.11659737 -40.40842029
v -56.24964216 -10.92751791 -27.62297063
v 54.51238326 -23.51580119 -8.83209622
v 18.31764843 -6.31810230 -44.87163734
v 4.77293040 -0.33199910 -29.67295713
v 38.64845335 -9.42868544 -25.11872757
v 5.12441198 16.05917509 -50.79798773
v -36.42434413 -4.21339994 -45.42903641
v 32.95428513 -8.76011687 -39.97622703
v 8.68299141 13.54450612 -48.80437160
v -22.25284930 6.62100033 -42.63872600
v -1.92684970 17.49150198 -44.23458512
v 48.76512674 -18.08062339 -4.13988573
v 51.10597672 -14.08985454 -11.92349486
v -27.97133616 -3.77603273 -26.91812486
v -34.95974493 -7.18113986 -19.61756725
v -56.49174483 -9.27971745 -28.70061851
v -58.89137671 -11.25531903 -22.94992223
v 3.93285932 2.95765902 -25.83887201
v 4.68730522 16.57684360 -50.39983390
v 21.80913219 -9.00844533 -44.66137298
v 34.16882618 -8.01040225 -22.93555866
v -17.92748362 4.13023471 -50.18219537
v -26.48622001 -2.21546229 -15.80468604
v -13.74945514 6.63551317 -31.80823889
v -59.46877328 -13.65968099 -24.32882961
v -15.17795998 3.11562468 -43.91812639
v -33.58713507 -5.42322879 -22.87372379
v -60.09913477 -11.67646614 -14.45969092
v -62.06575598 -20.87447355 -11.41146704
v 29.51881422 -14.25434011 -12.17992739
v -61.18717045 -15.27978979 -4.40337942
v -47.67975536 -14.03776713 -4.76792143
v 21.96313036 -5.69322857 -41.25918714
v 24.54708756 -6.81402533 -22.63652278
v -29.18500570 -9.13095651 -16.02953053
v -12.86396419 2.32460326 -24.79238227
v 9.64920354 6.01292029 -49.55276282
v -35.45593276 -6.79649964 -8.03767227
v -48.58900749 -6.41249156 -34.99255153
v 0.90539278 17.00397726 -45.36798930
v 20.67128247 -6.15744192 -18.52086215
v -4.99267885 14.10747716 -51.39352465
v 33.15306555 -14.99352657 -13.49329931
v 53.53076636 -14.94492038 -0.48246919
v 0.78042362 16.19472495 -54.02773431
v -35.62058141 -0.64001403 -42.41284364
v 19.62755155 -5.08007979 -19.01036067
v -5.64983973 7.88802976 -32.90547864
v 16.13973494 5.88729809 -52.07536347
v 36.78244161 -8.51891954 -27.24106729
v 16.21834588 8.00293659 -49.14915716
v -53.90957084 -17.04367545 -6.93484055
v 28.55107954 -13.75441234 -12.87643383
v -30.16525039 1.95257862 -44.10945080
v 2.68190722 8.43002313 -34.53206357
v 3.56444669 18.14011001 -50.13004186
v 18.68546612 5.69813678 -35.70940010
v -17.46760483 10.52546527 -46.75039053
v -48.19924013 -3.05216326 -29.15372676
v 53.22490658 -16.17891193 -25.10830872
v -24.33443775 2.84375922 -45.95918025
v -46.01302657 -6.27701549 -10.08294894
v -63.26175638 -18.47765915 -7.53342993
v 4.14824934 16.62468548 -49.36156927
v -9.09771533 1.38669000 -33.16772514
v 9.32386812 6.60616899 -33.04302962
v 6.36796509 8.40202841 -49.56592417
v 19.19337430 1.76223135 -24.56185678
v 4.35271048 13.02652171 -52.89610585
v 1.68951797 3.97717418 -39.67995938
v -18.84288317 3.90026904 -50.16232246
v -5.52092173 15.42614041 -42.97384407
v 17.14768071 -1.18601933 -39.50411612
v 23.85573519 -9.38664884 -45.05602397
v 4.79270417 2.10750641 -34.82178305
v 35.64748830 -1.25115267 -29.93087485
v -27.61841968 4.16279039 -36.90598674
v 57.10082570 -16.40675525 -4.90375210
v -21.53639616 4.74084213 -48.35726524
v 18.10589053 -9.90040415 -46.82527532
v -25.98792208 -6.26299602 -45.65468053
v -12.25637244 4.09060443 -41.85613710
v 10.81773036 1.07353505 -32.97434140
v -38.62763767 0.93239422 -31.75687038
v -15.80638169 8.45579900 -33.77383265
v -13.97104020 3.32075400 -39.76488279
v 52.16205642 -22.68658006 -9.66414576
v -45.74272835 -5.13435491 -39.74494451
v -14.71355584 4.51507454 -28.95969978
v 56.36755800 -20.86223637 -5.67594485
v 31.97279981 -10.60189780 -18.62498610
v -50.28741676 -14.77296111 -3.19924223
v 7.34296617 3.41750910 -38.59651833
v 11.84693531 -1.78352685 -29.92228033
v -13.77083616 10.80309217 -51.06060360
v 35.22269028 -5.19849776 -43.59451571
v 40.02535847 -10.63389321 -24.02331134
v -40.78569403 -0.37251306 -28.73819542
v 46.69929699 -20.22946050 -6.73614141
v 36.20673454 -10.17123727 -12.16456225
v 15.71484020 3.62449418 -52.91253348
v -53.97068510 -9.42891496 -1.26244396
v -55.17294283 -16.15942246 -22.52704179
v 42.88049709 -5.27845197 -36.49336548
v 25.50153130 -4.80080495 -27.14412258
v -15.02669321 12.31742969 -47.78227801
v 49.38681929 -19.88332138 -15.54922126
v 1.75971376 3.28888068 -25.91983277
v -48.81096437 -12.23323634 -14.15480435
v 33.07119910 -2.42283689 -41.92915605
v 7.76760928 6.26782342 -47.34491178
v 13.08177890 11.64983483 -46.41656718
v 36.25254737 -8.96868467 -22.02908445
v -43.31304989 -7.89688326 -37.11497755
v 44.50066375 -10.20835374 -14.17459238
v 2.88655158 -0.11856343 -26.68610561
v 58.78332133 -18.98955034 -21.68844276
v -13.90239532 8.52329273 -34.05305103
v -64.01609575 -20.41318169 -15.30680641
v -25.14008330 -3.56855630 -15.86234896
v 42.77181679 -6.32559432 -23.22639544
v -29.58465011 -6.85519537 -11.44173862
v -52.57113200 -9.27278275 -31.05864030
v 21.94405219 -4.18972331 -18.76737274
v 54.57440323 -14.90491990 -18.93619734
v -25.84607451 -2.99519000 -30.71119907
v 34.59296026 -6.15070749 -16.13737253
v -45.24534678 -8.15505285 -23.36911806
v -24.47678488 4.50995359 -31.85962646
v -11.12945194 5.06478033 -43.98793692
v 47.37473224 -16.29704453 -25.24637143
v 15.39875621 0.02234751 -37.33045740
v 12.83118822 4.10666325 -53.65188343
v -30.59852209 -4.08637668 -30.95231282
v -41.59051136 0.02036241 -33.26031983
v -10.16510527 -2.39649461 -25.83321679
v -44.85189087 -9.22075711 -3.46618061
v 13.74833073 -3.64028847 -22.36241753
v 43.72446133 -15.60260252 -17.62191224
v -52.38594217 -13.26267444 -18.67130956
v -1.67189701 20.81098258 -50.88081269
v 41.17984020 -17.92535660 -11.91929774
v -53.84620867 -15.56570829 -14.12501269
v -60.08261883 -19.50513964 -7.11554965
v 17.13591522 -6.22315214 -22.24134064
v 28.32262067 -0.72890852 -43.34378113
v -39.27097106 -0.83436851 -24.22899358
v -52.59587050 -14.35617623 -24.28680069
v -13.38366855 -1.46917396 -23.79692249
v -34.15160214 -7.42594847 -8.28392993
v -1.22291570 13.46493796 -40.95535913
v 3.80819507 11.96447058 -40.36897928
v -21.33560913 7.66991427 -41.77579751
v -24.10169009 2.97816634 -46.25434750
v 12.18725992 9.49402548 -38.98738091
v -45.39825645 -9.17886892 -33.78828100
v -26.20368784 2.86983486 -25.28989738
v 47.86924674 -11.42412124 -13.97096275
v 18.11444476 -2.80268685 -42.01797134
v -18.59657155 -2.21802844 -20.90085859
v -30.33556881 -6.11086140 -47.34701764
v 23.98069179 -8.93153501 -19.12506745
v -48.97978718 -5.11400574 -35.52950811
v -49.08148840 -3.59871049 -37.87218862
v -18.96615462 -0.15845190 -34.75168905
v -1.88450256 1.90678565 -25.87128138
v 31.15310529 -3.26143954 -45.66963828
v 13.27978672 5.91634332 -53.73815004
v -4.13254308 -0.60601314 -31.67098885
v -14.49230994 13.11959158 -48.75825891
v -20.78059013 2.59549286 -23.23469470
v 4.73900658 12.06372514 -40.48223354
v 49.66366477 -16.49211326 -3.29636371
v -48.05492961 -9.55768217 -32.96662374
v 43.28838288 -7.18687623 -39.43324715
v -46.79207777 -9.54663013 -18.19256291
v -0.18846499 5.92114962 -42.73804825
v 53.05812577 -21.76926681 -20.51962506
v 33.69987531 -8.32348866 -21.88921934
v -28.75881276 3.21661693 -32.69083933
v 12.88920331 10.93310514 -50.72585429
v 49.97541956 -21.68109403 -11.11517893
v -36.17243438 -2.36788763 -19.04034575
v -16.06137709 7.66035907 -50.76897145
v 6.53686587 13.34896406 -52.41770257
v -11.36655219 2.75559598 -25.68110314
v -9.65459481 2.30587712 -33.93357137
v -1.84754566 9.66754640 -37.12214879
v 55.53043169 -23.78452626 -8.65252742
v 4.89659513 16.55712270 -51.19042764
v -58.67283439 -19.55842308 -10.42483711
v -20.24881724 1.49247996 -21.94617176
v -22.14479860 -0.42163906 -18.80026931
v 42.78795246 -15.12800703 -17.84781550
v -10.91647497 3.92783216 -27.15835470
v -0.38584276 6.84578881 -31.40857672
v 29.35665923 -8.57540826 -11.06343714
v 60.36564649 -20.26756792 -8.17934979
v -41.68242399 -6.71381152 -37.24014251
v 43.47160830 -10.21359694 -13.69583639
v -56.84950112 -16.81709597 -22.19522946
v -35.83684180 -5.81658725 -29.34519448
v 61.72823240 -22.11823928 -11.65309574
v 3.03557027 7.22706499 -45.10506724
v -65.69099214 -16.71244868 -16.73608117
v -27.24819082 -6.29915714 -20.53102382
v -31.18209111 -8.13417557 -46.56667023
v -3.57203961 19.70227962 -47.95290528
v 12.87585889 8.83938133 -36.23714701
v 13.35975839 10.64696672 -44.34056920
v -9.06174185 8.82687479 -35.09453912
v 45.96493156 -20.07019465 -10.47792915
v 48.77379653 -10.61652757 -26.02552032
v 16.26811158 1.44325776 -23.10487354
v 57.84264059 -16.92791183 -5.15643476
v 47.86609269 -11.64080310 -13.33727379
v -47.61294846 -9.54824421 -27.50676254
v 42.18422544 -15.11924004 -17.60092991
v -12.71440966 14.15096832 -51.39490893
v 18.50670100 4.38271770 -31.07746078
v -48.26729194 -4.97460367 -36.85148639
v -20.19984364 -1.96889308 -32.93740963
v 34.99916639 -8.52766840 -45.60695305
v 37.59874811 -8.21857370 -32.26801684
v -2.45543429 -0.62805719 -32.05941643
v -4.63594995 5.25401342 -28.19801267
v 18.74673416 4.19352503 -30.46902726
v 31.97191794 -15.06258613 -11.85235492
v -17.89769343 9.57755170 -35.05067027
v -3.13278331 9.35168292 -36.05354488
v 32.68079158 -11.36047697 -9.76427789
v -2.28115596 1.03633273 -25.99710182
v 15.94292281 8.21125953 -41.69189563
v 20.43550074 -6.52742531 -18.57708954
v 18.49146507 -4.25040873 -49.43619001
v 36.18614784 -2.75845998 -27.45698721
v -30.00346650 2.96906345 -30.16066909
v -46.34534659 -12.80187411 -2.58775200
v -34.12713961 -8.13446104 -42.98151938
v -0.14247014 7.52535418 -32.55647214
v -28.96611490 -3.12687928 -35.64530927
v -13.03107846 10.91434193 -43.76705515
v -63.16824947 -16.81530524 -22.06854119
v -16.07229521 2.61124187 -38.99056517
v 36.34150954 -16.84074163 -8.82430685
v 18.03393267 3.36315623 -50.90221025
v 18.83273515 -2.93947008 -36.99954255
v 48.28093422 -18.14081370 -18.51580300
v -44.40346298 -2.54267925 -23.66996194
v -27.01724311 3.80955325 -30.05513025
v 29.44710831 -6.06576655 -48.48939876
v -4.22495284 19.87327347 -55.27330753
v 18.59367832 -2.98865721 -41.24481691
v -11.42773417 10.82965393 -41.79782813
v -2.36583983 19.34913013 -47.00110447
v -5.50104172 -1.84845253 -26.59084551
v -27.59299268 -6.78737867 -13.10754440
v 22.46458890 -4.29824214 -27.42121625
v -23.89268576 -2.56995558 -33.13610924
v -0.79469274 18.19971309 -45.01732953
v -7.60884578 0.33479851 -32.32941447
v 31.13863039 -12.41697944 -16.81037072
v 22.80770073 -3.26082938 -48.41248539
v -0.97347581 22.59426167 -54.38781124
v 34.51392628 -12.19925218 -8.79389325
v -9.04833096 0.51659175 -32.20485545
v -20.64229358 -3.16971793 -22.96855674
v -51.93034754 -13.48998240 -20.82945090
v -8.19482772 5.51092917 -43.05907600
v 3.97686069 15.38315610 -46.42427177
v -32.22653898 -4.68279771 -25.01023435
v 9.34271794 7.82304788 -53.80540849
v 2.63234352 3.22873973 -37.51888650
v 4.97634988 0.58151865 -31.94063522
v 23.22139718 -8.21313614 -48.69164534
v 27.71431881 -4.48875252 -16.50118010
v -26.69836872 4.03550399 -33.96883593
v 36.89048087 -16.28457220 -12.92413719
v -28.81657048 3.15278008 -35.61868863
v -6.94338325 16.33794542 -54.15948616
v 43.87725513 -8.66947157 -35.98741750
v -21.53395723 -4.55848379 -20.55815603
v 17.37749715 6.02257470 -50.57986130
v 28.10713727 1.10103022 -36.79734816
v -19.39329111 -3.19245412 -21.33231603
v -19.62962085 -3.63330400 -19.12087248
v 13.86472578 8.32141047 -35.65345537
v -54.16374604 -16.84674593 -5.26794433
v 52.16380165 -22.01797570 -13.16935262
v -45.47088533 -5.56126068 -39.18441962
v -46.00799083 -9.59227521 -17.99398524
v 21.96404886 1.29750501 -25.60438952
v 19.36671659 -3.66258083 -32.86979917
v -38.27019922 -0.58646942 -23.79006531
v -31.35619079 -4.80710618 -38.76080066
v -58.26782837 -10.23672554 -24.06479145
v -5.43391944 12.94458522 -40.85140436
v -20.68677266 9.05878514 -38.89216994
v -53.44828287 -7.65303488 -30.96220561
v -34.66342687 -4.46944385 -13.21331237
v 28.72176769 -13.47489498 -10.61120876
v -27.72274773 4.26493046 -37.28602949
v 9.27664077 13.30882347 -47.60501051
v -49.45417604 -10.08724779 -28.31351701
v 11.75593476 10.31756492 -52.49049225
v 45.77256161 -17.19944079 -16.37974436
v -28.62411193 3.51505979 -42.40334148
v -17.65833746 8.83365778 -48.72146764
v -26.65845837 1.00431526 -46.73374626
v -33.76666503 -1.92487142 -46.62162024
v 19.79198733 -5.53268408 -49.52474467
v 38.80502233 -5.12963140 -24.62768660
v -29.47170425 -5.84518067 -47.58090840
v 15.62940697 0.12447444 -38.18523784
v -30.51723523 -3.53577577 -35.29086407
v 23.89312673 -1.61633980 -19.12459386
v -52.51609939 -8.80583886 -31.87778517
v 22.57811607 1.63889769 -42.80340693
v 12.96854648 3.92199844 -49.38520798
v 26.64857089 -12.78699628 -14.09392285
v -25.12525874 -3.17671964 -27.87736256
v -14.65352308 9.01572105 -34.61503478
v 6.15094552 7.42814855 -34.42736815
v -15.89660250 9.91569430 -43.22448936
v -16.23190344 5.05980380 -30.15979742
v 54.54286140 -22.67412361 -18.13237033
v 38.49486667 -16.77822811 -12.89374682
v 41.19542037 -5.59646384 -21.83580913
v -9.00686084 15.09130585 -53.08920511
v 15.26658766 -4.94180722 -25.04715435
v 54.18750548 -22.44800200 -5.77062558
v 56.26300520 -18.05042609 -4.25796066
v -29.75751432 2.75424483 -42.32302342
v 45.91736574 -11.45434701 -32.53500437
v 32.36247230 -7.06952163 -47.85023134
v 26.03604027 -6.61140554 -42.05677159
v -31.29760220 1.91789630 -42.11382003
v 28.94864194 -1.22928345 -23.94749320
v -7.55524278 19.79811102 -49.66489718
v -29.21275300 -1.18909520 -48.20062643
v -55.74803204 -17.21807544 -19.35755099
v -36.84815667 1.70057972 -31.30005853
v 25.83031821 -5.95636755 -14.27088946
v -33.01323914 -1.28069553 -47.05186259
v 43.96072287 -7.17234800 -36.59296688
v -32.56257129 -4.32046475 -35.94451814
v -32.41575893 -4.60811064 -32.04071281
v -25.47662391 -6.01078464 -14.58782991
v -32.12343112 -5.24486852 -22.58295784
v -47.78292077 -3.08266728 -26.91656032
v -48.27360680 -9.82074261 -21.00602363
v -47.02690389 -9.60250388 -28.54678784
v 32.83699249 -0.12226807 -28.15021200
v 40.18490990 -4.70366804 -28.06230214
v -3.61451796 9.77053723 -37.32859392
v 41.94205660 -9.60001646 -36.07715885
v -17.05139851 -1.85857907 -30.12422992
v -58.95233264 -11.12823757 -25.11756046
v -36.98019882 -11.32301119 -12.03629730
v -47.27399973 -3.05371823 -26.10722314
v -11.97186999 3.93103006 -39.33443813
v -6.90856983 3.79057582 -25.95684641
v 6.08929420 15.04914306 -50.56211137
v -64.31244190 -18.49904931 -9.76657341
v 18.29014518 -5.69686773 -47.52026109
v 46.90986053 -20.03507551 -5.57533626
v -63.26216927 -13.75775314 -5.64262676
v 46.65881704 -15.71743075 -25.13511938
v -24.80695484 4.69215024 -33.07074245
v 37.33515604 -8.71924996 -25.63280589
v -16.55474678 -1.92249412 -22.25102153
v -3.60523365 18.20219714 -44.93615697
v 1.48743156 18.89513184 -47.56769628
v 36.99749652 -6.14527048 -43.31582986
v -6.32338491 5.32404155 -28.38181727
v 10.36511763 5.43928813 -49.51862177
v 29.78113198 -1.95729687 -44.74227096
v 7.74732426 2.60881038 -25.64044897
v 33.84071745 -9.42204217 -46.20752657
v 31.87353169 -4.07366707 -46.19644090
v -36.07877146 -8.38915210 -17.84954800
v -27.61277108 4.87899498 -37.59346382
v 30.92323976 -8.28498719 -41.26712753
v 33.98997603 -9.90453634 -42.29943869
v -64.45575327 -13.66651745 -7.70062997
v -48.84216866 -3.27515547 -38.14307416
v -18.66572049 -2.89843593 -21.74122587
v 40.39137914 -9.70105348 -37.76376336
v -28.52269825 -0.92288857 -18.60975684
v -59.63621754 -17.02955512 -4.25288621
v 51.50162519 -16.19818321 -26.63201801
v 43.39223448 -13.37452991 -26.49631892
v -32.91057736 1.44898736 -40.59922969
v -49.59533182 -5.95184231 -33.76717584
v -28.42692277 -11.43540994 -11.43043496
v 46.51954342 -8.80903333 -25.35168526
v 19.17811785 -4.25258027 -41.86634553
v 32.72791798 -3.39363826 -22.10918485
v -42.87797377 -9.58798392 -17.01413504
v 6.70922995 5.84272544 -30.79471527
v -25.62747985 -7.22329813 -13.89901561
v 2.30833174 9.56271032 -37.21066850
v 21.77458994 -6.96609004 -21.89492130
v -12.44188283 18.16292790 -52.22140987
v 17.08300185 6.83230744 -49.77105229
v 15.61454951 4.12828808 -29.06494336
v 4.80666903 14.63360796 -45.43223711
v -52.77016749 -7.63383133 -14.21829745
v 21.81134975 4.39644526 -39.86067048
v 59.92170829 -25.23081980 -15.38652381
v 62.16488149 -23.72808674 -19.58541242
v -20.03513443 9.47934811 -38.29047999
v -58.88666443 -10.73207140 -26.74331120
v -26.86167893 6.16307942 -37.24793275
v 18.48836972 -0.16753794 -22.06325930
v -13.95746086 14.21348501 -50.09613735
v -22.55987703 5.79787718 -32.87478730
v 37.29055287 -8.36685331 -30.87050700
v -3.61580743 12.93013998 -40.50562112
v -61.85534265 -14.41388601 -4.66516685
v 30.99704116 -5.88223228 -30.48312051
v -52.34021472 -8.00578978 -3.51765039
v -39.37585080 -6.44855657 -28.86126016
v 34.27126091 -8.93714892 -39.39710050
v -44.98868703 -2.78880076 -23.09205846
v 16.62788530 -5.70083722 -23.23717055
v -16.88820842 -1.66603557 -30.43850439
v 13.91665387 0.56665462 -35.60454980
v 29.24262215 -6.90802780 -23.41565521
v -8.99222263 19.57543889 -50.20395385
v 11.39313945 2.86237704 -38.14291228
v 1.20966288 13.78097805 -52.17060879
v 21.70014329 2.28917365 -27.20563322
v -43.99612293 -2.03725020 -25.68569458
v -22.84408893 -7.76275912 -16.28046459
v -7.91015962 10.35396802 -38.62087690
v 19.55053783 3.46778791 -47.64326134
v -18.75977012 5.01515702 -30.54911794
v 8.61278270 3.27391419 -26.34045966
v -47.32352415 -4.18347616 -18.70048440
v -26.81916493 -6.11404821 -41.41423890
v -38.55946275 -12.23029892 -5.61767755
v -35.77825238 -10.96925536 -14.17703442
v 26.51372285 -10.39558852 -47.75232756
v 28.59666840 1.16912927 -34.94154953
v -48.84506509 -5.94478366 -14.11191810
v 1.74453156 9.86828259 -37.79458776
v 7.60111632 -0.58541139 -29.57548951
v -62.29826204 -20.28466179 -17.90386252
v -52.86371281 -8.19207581 -9.27827539
v -21.09022983 9.58755952 -36.65722745
v -20.72684186 4.80052635 -30.70479943
v -57.42804155 -17.38410124 -4.28158192
v -49.47905585 -4.60450340 -30.93499024
v -1.74408017 15.10813028 -42.16622038
v -58.78408664 -19.54386384 -19.12154777
v -42.47956827 -6.52161430 -38.45771182
v 29.33433777 -0.18823262 -25.76786856
v 8.18530275 13.67294974 -50.06857488
v -5.09024202 11.56127213 -39.86284924
v 20.99301574 -10.18973891 -15.18030875
v 38.94186164 -9.69126508 -40.66430832
v -20.81314654 1.15110456 -21.46677356
v 41.28544579 -3.78995416 -31.73902967
v 7.55860482 2.09731747 -25.46449901
v -23.00528531 -0.42762952 -18.60645325
v -42.84202097 -2.11874735 -24.17490325
v -37.79174592 -4.48634314 -44.77362865
v -55.48192064 -8.96361968 -4.37198941
v 19.32205563 -4.40031987 -25.90730330
v 1.89018757 12.44666034 -51.09920193
v -38.37630365 -6.89196260 -40.21198046
v -37.94243792 1.02549977 -35.04556380
v -42.23225878 -7.21979628 -36.86015625
v -15.09240352 5.17222925 -48.67287108
v -53.54478809 -15.05182230 -20.21738400
v 39.45094110 -9.82316848 -34.03752470
v 43.62204285 -13.68703596 -23.64878591
v -48.73934102 -4.07788562 -33.18914286
v 45.70480580 -14.97297033 -25.24189038
v 37.36563267 -8.93199020 -23.83849202
v 23.37808684 -11.90979836 -12.70885576
v -37.50841850 0.55733947 -27.81093571
v -27.53619887 -7.30962001 -43.40854188
v 30.80930321 -0.87687291 -41.09985697
v 12.77244872 4.49083802 -29.77759054
v -29.20324885 2.98332903 -34.65532017
v -2.77272263 18.05776899 -44.71079668
v -55.23545951 -12.82843507 -2.01029715
v -36.22017041 1.09734524 -27.98424728
v 44.80532827 -18.25462574 -4.52151018
v -29.55248744 -6.99270724 -19.32394722
v -4.12636289 13.81770327 -41.21068774
v 41.18244644 -3.54424759 -34.00239282
v 1.03103103 -1.14323668 -29.20719525
v 46.41877141 -15.70204714 -24.11272591
v -38.40656574 -4.63632914 -13.94899670
v -59.82220414 -11.30409980 -9.93042739
v -9.11123827 9.97998429 -37.51495981
v 51.51584517 -13.90720827 -7.21609198
v 25.40175135 -5.28505740 -14.97970495
v -44.08953145 -8.80148414 -4.08408450
v -4.96230170 7.19245219 -31.51640127
v 9.82622161 10.40120827 -40.06512995
v -32.77249954 -8.99324531 -44.26753596
v 28.90437892 0.47357820 -38.78571409
v 52.01249761 -21.63726111 -14.12427401
v 24.98791947 1.82306157 -28.42747264
v -34.33832661 -1.69588098 -19.22083354
v -30.65049270 -0.44069041 -20.83007546
v 39.09523094 -10.06092742 -38.66017365
v 36.84994712 -4.30268529 -24.03653111
v 20.75885753 -3.83178269 -33.62850561
v 13.36144800 2.49946715 -39.12012041
v -35.91715362 0.13492587 -23.82029640
v 24.95959306 -10.16660937 -11.14393504
v -53.45997399 -12.29301193 -26.13438455
v -24.75861965 4.39085229 -28.97084835
v -55.88332238 -17.31644241 -17.44720795
v 2.88059747 6.28930549 -31.04327210
v -11.50843214 15.65135522 -47.87126500
v 6.55865594 14.62928639 -49.26386251
v 15.94473220 -0.23851108 -22.44003183
v -39.68058038 -2.68842807 -19.63260263
v -10.20705749 11.05321156 -41.22826292
v -20.78589015 -0.58294071 -19.35534445
v 46.11650580 -9.56875760 -29.99110655
v -22.88331663 0.60955200 -49.89081930
v -26.41424267 5.32826338 -36.16055866
v 18.56704423 -6.43509957 -48.28321406
v 18.96373546 -5.87943085 -49.18780893
v -59.18599017 -19.31942514 -7.02583788
v -7.60607084 -1.45800748 -29.33422292
v 28.41702987 -11.52408595 -17.02498537
v -63.72342086 -13.32544857 -6.09852267
v 17.45892419 -3.54695731 -33.28551933
v 57.17157631 -23.49779870 -22.12468584
v -22.32831881 -1.13286531 -37.44251912
v -15.36600543 3.18326871 -45.22677579
v -28.75994667 -7.36705432 -42.45604288
v 43.40303751 -12.37822567 -32.34708085
v 40.32590170 -5.46305341 -25.85500152
v 47.26047611 -14.95629526 -27.58564934
v 14.22508126 8.70151536 -51.86218808
v 18.77443969 -4.40437337 -49.67848726
v -65.96873834 -16.42826865 -13.93462097
v -64.34128686 -15.03546358 -13.94550567
v -42.19808906 -12.59114251 -9.40574112
v 50.28594815 -11.31830796 -23.92748026
v -4.59970765 19.88819184 -48.66647660
v -13.36059550 3.54170763 -34.96083756
v 59.16333251 -20.94061867 -23.61442326
v 17.50896421 6.68417561 -44.61953385
v 3.23489537 12.08201219 -52.08593168
v -9.82661187 4.70083138 -28.11516252
v 50.23999314 -14.12316112 -27.50061580
v 16.70391876 -1.55473338 -21.44472472
v 32.76949823 -3.08840615 -22.81658043
v -53.71090329 -8.15090898 -31.09801363
v 42.54834806 -14.03146628 -19.67704373
v 37.05356810 -8.84250166 -14.65969620
v 37.13943160 -5.58215033 -18.59180185
v 3.57875026 -0.45230035 -26.96738800
v 37.68095273 -6.79268689 -43.39823060
v 25.65347017 -9.70525303 -10.82092749
v 43.88633003 -11.25798901 -7.49312287
v -25.27953797 5.49011420 -34.78154455
v -12.22114689 4.06222842 -38.63837950
v -0.55468331 17.56472521 -44.72056022
v 4.48876789 12.79171026 -41.35897521
v 18.67330471 -5.64277453 -43.80702020
v 28.03370100 -13.70366327 -11.40370831
v -42.66654374 -7.73081101 -5.55445637
v -26.98619183 -9.31476491 -15.27805061
v 19.01990683 -7.05653353 -48.75646619
v 28.07376379 -0.80443442 -24.25798078
v -13.26824046 9.07505250 -35.07063516
v -0.10978373 16.79092353 -44.32943229
v 23.07169460 -12.09483433 -13.84910317
v -12.64181978 -1.22251724 -24.11760368
v 19.02834472 -3.25506825 -40.68773206
v 10.97250637 4.74602738 -47.90252043
v -26.82284742 5.37885789 -41.34261569
v -40.02123806 -2.25141893 -20.76737571
v -52.32329624 -7.08148933 -31.80280518
v 4.20611129 11.61260439 -52.55240840
v -45.15437755 -2.55224745 -25.43163461
v 22.97907733 -4.26652313 -29.14846159
v -32.90351573 -5.04202197 -10.75525728
v 34.40505504 -15.82837122 -8.02939947
v 42.67727274 -11.10022224 -7.85165796
v 45.69258107 -8.55377476 -31.12049612
v 38.77801948 -5.06338875 -23.04110251
v 0.70789865 19.00124998 -46.87080443
v -14.30240812 -2.44731200 -23.98061074
v 14.51082405 1.28455622 -47.07436364
v -49.22479148 -3.27852066 -36.16115300
v -14.76657213 11.97372267 -46.89543127
v -39.19151149 -6.67291282 -22.99577713
v -60.00591690 -12.15852684 -20.30424204
v 32.71573212 -12.95826679 -16.46302131
v -39.29725114 -0.04274068 -27.42861546
v 5.20498800 13.44772916 -52.80385635
v -23.81020523 4.26851244 -44.41353229
v 55.50982363 -19.48752225 -25.17429854
v -2.16886768 -1.92424338 -27.82762838
v -27.26457259 6.18230035 -37.91114450
v -58.40957166 -10.86002921 -4.08550877
v -2.77095790 17.06470780 -55.33913320
v -30.37917072 2.69417983 -27.36596927
v -0.25858980 5.81753082 -29.63705295
v -40.09976933 -12.45841266 -5.61252194
v 13.14059013 1.44128595 -35.89072510
v -14.49203994 10.05758232 -39.69260935
v -46.36321234 -9.04599594 -19.85743414
v 15.87230179 -7.03118837 -19.25390017
v -48.05415906 -3.57911568 -39.47821688
v -48.17962372 -13.15487419 -12.08258297
v -2.90712971 4.13934026 -26.06089452
v 44.59429834 -11.70216903 -32.88864361
v -57.35809291 -11.76676661 -26.87216365
v -43.34977171 -12.29324557 -3.94684691
v 13.81504192 2.18149728 -43.64870380
v -3.84776916 6.06118161 -42.69228894
v -54.43841460 -16.74754606 -4.64360486
v 18.74279651 6.12387568 -43.22965574
v -16.23900903 9.71699014 -39.98694342
v -37.87850243 -11.50170556 -5.61003040
v 41.96016399 -11.90402187 -33.09974505
v 46.16308254 -12.84432245 -3.40558626
v 18.33306391 -0.93648307 -50.53226566
v 32.99046520 -6.93962273 -35.35682104
v -18.83262014 -0.83791417 -33.79308723
v 4.60221962 11.55852658 -39.80612550
v -18.27200607 -0.54341518 -45.71084105
v -54.91905366 -17.40751698 -10.97818002
v -19.39709738 7.46629639 -33.05735654
v -13.98242305 7.12755116 -32.38669177
v 2.57456383 8.52142821 -46.48414905
v 43.97951286 -19.28932993 -9.11988179
v -36.64256377 -7.43714536 -19.33766923
v 29.16870529 -12.78114071 -15.77281149
v 15.53569146 0.11161431 -48.12595723
v 4.54096059 17.13522364 -50.79775758
v -32.37807524 0.32272810 -44.94842324
v -54.24539756 -8.50128185 -3.13094534
v 22.25755872 2.15133145 -42.63096590
v -24.17468914 6.48328531 -41.22566422
v -15.17999715 9.93523668 -38.44452360
v -19.86838358 8.40648543 -46.78853086
v 20.49923968 3.33306014 -44.70180158
v -60.75202865 -20.89022016 -13.03141196
v -0.07006357 12.25429261 -40.30970203
v -40.49587075 -1.20089353 -24.76605315
v 59.29380352 -25.25894107 -17.29551906
v 38.51157004 -3.40524365 -39.32011356
v 43.11335283 -7.59602065 -39.61969061
v -22.46228948 4.00102342 -26.58524561
v -43.00771571 -1.67495525 -25.74963528
v 52.96655215 -15.25715012 -0.38692319
v -51.06585468 -13.39166988 -22.61523444
v -1.20013179 22.36656259 -54.84121322
v 55.83868520 -21.74755179 -23.91658333
v 35.52411315 -7.77594454 -28.20983771
v 55.77588868 -17.20767950 -22.78856131
v -24.50904936 -2.69246493 -31.77304398
v -31.15964603 -7.95684296 -42.63208175
v -9.66525585 13.30350879 -52.42398018
v 54.53724261 -17.28796080 -3.57790885
v -23.60518891 -0.98740716 -17.90878937
v 14.54190888 0.34697078 -36.26577933
v -60.67893427 -15.36598208 -4.08391496
v -14.92610755 1.16797782 -32.76755878
v -8.48018184 7.73439508 -46.51086204
v -56.74478948 -15.01134047 -24.12250812
v -23.84852086 -3.65003317 -16.42074133
v -27.96421093 -5.78830943 -21.24388758
v 60.58108002 -22.32184529 -10.60690243
v 3.70581503 17.61159979 -53.91439582
v -57.63550375 -10.33841281 -8.35719713
v 37.73348197 -4.14441748 -26.30914530
v -34.56819654 -1.98611903 -45.29009693
v 15.83034592 8.28912180 -49.50234097
v -15.87181823 10.78710607 -49.11970646
v 36.14484053 -15.33339597 -14.48625849
v -8.10219004 12.53283983 -41.97262079
v -26.39716890 -2.62107971 -34.22891209
v -57.05689690 -8.87058989 -27.60030379
v 18.54431881 3.11883298 -50.45623189
v -30.22436600 -9.21827461 -46.25111494
v -36.35835718 1.22775449 -28.86879690
v 21.33492879 -3.77407591 -32.14537204
v -27.78034281 3.46083385 -43.16201632
v 19.68878446 -0.09951968 -50.18597278
v -48.94951157 -10.37998519 -26.40170841
v -1.59957300 14.32175802 -51.88300564
v 1.53436874 19.08069506 -48.10667739
v 6.96559378 -0.03637581 -30.48776747
v -36.79724756 -5.73670657 -24.01524865
v 42.04449612 -9.69197403 -14.51526925
v 8.43397326 13.42057640 -50.81397889
v 42.60601621 -16.39210495 -15.84103233
v -59.74948919 -13.57075988 -24.03579067
v -56.96096909 -11.94830844 -2.54842565
v 16.69088636 8.21408017 -37.50015057
v 50.19436173 -17.99994941 -4.09882053
v 4.88188474 15.25447863 -47.39156883
v -49.01424619 -5.50748609 -34.88369597
v 31.20218045 -10.76712365 -10.23999630
v -62.68439311 -18.34628916 -20.68399108
v -5.07191374 7.59246367 -44.68748474
v 3.07368659 15.22398863 -53.27958965
v -52.42859656 -7.67647798 -13.32799203
v 28.14765777 -5.16175451 -29.55802823
v -7.15806904 11.74649318 -49.30546698
v -24.46772000 0.59934236 -48.89416137
v 0.76642995 12.94518991 -50.80269989
v 25.90312164 1.80919733 -28.93278311
v -22.35231135 2.04009345 -49.57353295
v 41.29666167 -6.41982316 -41.42770984
v -32.71330208 -7.48887927 -41.81147868
v -9.84359593 18.79152017 -53.47732335
v 38.18074784 -9.67402659 -38.09194540
v -8.70453666 5.93644911 -29.73811034
v -30.43844655 -2.10393130 -17.01489032
v -8.73218890 10.51120624 -49.21230290
v -44.89434526 -9.01717382 -33.83711604
v -0.61189156 19.14331017 -46.61587398
v -52.27813009 -5.19317298 -25.68446157
v 29.28908896 -6.07171761 -13.13296694
v -16.88124042 1.42654767 -34.50782572
v -43.05369429 -8.45797911 -4.74576746
v 18.70488495 -2.69171133 -37.40805557
v -24.33239218 2.27363524 -47.08089246
v -43.61973740 -4.25838457 -41.00803503
v 5.27622148 7.87596007 -34.78437800
v 17.67836034 6.33877863 -46.76262241
v 20.37752252 1.24171871 -49.09911695
v 23.32049924 -9.43606580 -12.91746679
v -63.02165748 -21.03472874 -13.49667618
v -3.15012788 13.74898669 -50.58366954
v -38.94445696 -4.39248390 -15.03528376
v 25.29005299 -2.03993180 -46.16484360
v 16.54010073 -1.37041236 -37.03170300
v -25.69923442 -3.82313520 -15.52752926
v -27.92390531 4.41602750 -41.63244155
v 62.14334658 -18.80469069 -11.98404156
v -25.83859427 4.04138708 -43.33449515
v 4.09214640 17.15957526 -49.83747034
v -31.38059880 2.31428540 -38.29395218
v -7.66183208 1.19526775 -25.45104950
v -25.02519851 -5.45303663 -45.97508223
v -37.32995505 1.19870202 -34.03587842
v -56.66308296 -17.96089609 -15.78393563
v -13.55406874 1.45727940 -24.13497493
v 8.38328172 -0.87036367 -29.40125844
v -6.76433367 21.05094366 -52.63755729
v -65.88365490 -18.51367128 -14.73314624
v 17.57081703 6.55600334 -48.85010367
v 38.25194958 -9.50212925 -28.11534905
v 38.89765487 -5.34425362 -19.50741387
v 33.38166486 -10.41656799 -45.91105783
v -6.18247802 21.54910343 -54.26887146
v -11.04425835 13.46690378 -45.72687928
v -26.81019320 3.79467306 -32.14071996
v -9.57541254 19.63913845 -53.70181518
v -28.62557201 -8.60658171 -46.53355692
v -42.91711294 -8.18375393 -30.49275110
v -45.78539948 -8.34440048 -25.45777845
v 25.73086398 -12.64011611 -13.33743827
v -12.14142299 -1.76170171 -28.83551163
v 11.69279274 4.34623109 -47.84893533
v -52.72763265 -6.56967177 -29.67099463
v 29.36347677 -2.28726086 -22.50544410
v -46.65518018 -4.50336564 -16.75525796
v 27.24194636 -4.66924389 -15.56261734
v 7.74193449 1.56418761 -25.37806973
v 29.39828932 -13.89926655 -13.56891644
v -36.11855273 -9.08583883 -7.18722327
v 24.73536457 -2.90158443 -18.56154155
v -48.03111597 -2.60330482 -37.73685087
v -54.34527065 -17.31813658 -9.47433299
v 5.72180416 3.89337538 -39.86394311
v 23.97461152 -3.60643329 -17.91550520
v -16.53652005 8.14337857 -50.30292296
v 44.50135136 -14.30602213 -23.21045133
v -28.03509168 -3.76069339 -28.18327806
v 61.50857832 -19.03351005 -16.67759990
v -19.76168794 -3.76531828 -18.81187541
v -22.60507262 -2.02448687 -36.31108200
v 18.11249158 -6.51359062 -46.32939602
v 22.61950883 1.33318392 -25.93868380
v -13.67917812 15.15682269 -50.40543737
v 19.07249966 3.90288296 -49.48762254
v 14.53120526 1.63140885 -40.80270984
v -39.99506461 -6.70619819 -23.37773698
v 33.89498247 -12.90638140 -16.65824230
v 25.36750763 -4.99665913 -39.03459004
v -39.17326516 -3.31512115 -43.96027429
v -40.92069437 -3.04724352 -42.84746347
v 51.09405175 -13.67076472 -5.57830763
v -21.82463095 9.26476313 -37.11552246
v 2.44447707 20.00925265 -52.74607625
v -34.93506305 -5.89786300 -22.31139756
v -7.10130943 6.04437780 -29.68047337
v 32.71821585 -1.33792967 -26.21559009
v -29.37595362 3.07545457 -32.35145808
v -25.73120388 6.30323623 -40.94134211
v -21.23813304 0.35320575 -20.17856837
v -44.38753684 -5.71188341 -39.63563334
v 20.19634775 2.16353710 -25.88950442
v 22.33938779 -3.40283600 -48.98345283
v 19.10474746 2.58501100 -50.11442889
v 15.33880118 -2.70021395 -33.94969872
v 17.77751407 0.79080491 -50.73062941
v -58.52746283 -12.66336064 -25.37518647
v 32.44482312 -10.67539884 -45.83831670
v -11.10296833 18.33912465 -49.25883867
v -44.49747146 -8.49591294 -19.95650017
v -31.67259354 -1.08202474 -47.99725027
v -37.72572444 1.29062595 -31.14859557
v 12.29094220 3.57055019 -46.39725255
v -47.02105805 -1.98040508 -37.01860547
v -30.34054293 -4.34074026 -27.43140014
v 18.55880669 3.46469395 -27.95455210
v 21.69485717 -4.06589114 -38.80573147
v -56.64491506 -17.50078702 -20.99259807
v 0.10049890 21.15352248 -55.34135265
v -59.40200117 -20.36211696 -16.84948549
v -27.97752672 2.73769547 -25.86651113
v 57.90042992 -17.26229367 -4.76059742
v 33.45917079 -7.46255079 -24.24125623
v -22.29744578 -1.57170391 -50.19412140
v -1.72305282 20.27003505 -55.40545418
v -45.06644609 -9.48731188 -18.08480472
v 9.95263882 3.15688317 -39.14746939
v -2.18036788 -1.36309631 -26.94798304
v -30.20431777 2.71010823 -40.59275681
v 51.38799990 -18.20152842 -4.13903113
v -25.85623712 -2.72903652 -15.86637050
v -19.99224005 7.39453341 -33.10127117
v 7.22154222 13.88969436 -46.11020391
v 23.14526039 -4.26404483 -36.69887293
v 19.31119469 -1.03273623 -20.92855128
v -57.83786005 -9.50648042 -25.72644071
v -49.08313293 -4.47383524 -34.64022675
v -35.75879624 -4.33259707 -14.23537474
v 9.97838408 9.40780330 -53.46000725
v -1.88078598 13.97555229 -41.25098209
v 14.46747486 -2.66732344 -22.27053532
v -12.46295729 -2.49996749 -24.57436105
v -36.23099551 0.58529466 -25.31539059
v 36.75894160 -9.50492592 -43.42167082
v 54.63048778 -23.40962536 -10.79571110
v -16.71747277 0.32245498 -33.06187687
v 3.13785119 2.79264941 -25.86141336
v 20.00485727 -4.90623741 -41.49016751
v -65.72057476 -17.37740380 -18.45204961
v 59.57914977 -19.04051673 -20.73031833
v -21.77178566 6.77904880 -45.93893056
v -13.33177963 5.00093147 -29.57855541
v -13.37819948 4.90432009 -46.33841155
v 41.03191869 -17.57450978 -12.74968424
v -55.77397315 -10.84322777 -1.92701258
v -41.13553567 -6.99179754 -21.26706450
v 0.40416699 13.32235814 -41.03567468
v -44.14372045 -2.86007837 -20.96354887
v -49.01828837 -4.60230872 -36.43003041
v 14.78997250 -4.37777884 -21.41825186
v 32.79408290 -8.57707195 -47.21768301
v 13.62454431 1.62323483 -36.92114695
v -30.77908333 -9.02721294 -46.28908077
v 4.18246455 14.68799608 -44.78849981
v 63.38125926 -21.74988245 -16.13164081
v 13.86938795 6.80672175 -33.57278433
v -27.48371557 3.60902503 -33.87726053
v -21.93487156 8.22963397 -34.42881801
v 34.59917765 -13.91773407 -15.80977065
v 47.61222322 -12.60358617 -4.08116165
v -28.77083345 -11.67209024 -13.66637262
v 20.86044325 -7.38747233 -19.93581220
v 13.65103187 2.31506999 -45.71322748
v -16.72915870 9.86868904 -43.76766871
v -41.17924586 -12.54722819 -4.78665153
v -4.76812648 -1.06287992 -30.64746464
v -43.50196321 -2.82305466 -20.14074739
v -17.58975815 9.77013154 -38.21671868
v -17.75176681 0.70320287 -41.55049729
v -59.72616409 -11.33498278 -7.20400492
v 60.47910800 -21.53108966 -22.54833139
v 39.51823182 -14.07867172 -5.71624125
v 16.41698197 -3.34174385 -32.38234182
v 5.61716076 7.02977264 -33.49997564
v -51.68882497 -13.75219038 -21.92630315
v -47.28705324 -2.21841917 -31.02721243
v -41.01376742 -7.01094681 -34.72437487
v 15.12693843 -5.34093298 -23.95196162
v 51.45531476 -16.25346205 -2.58934900
v 1.29339418 9.74970120 -47.07157010
v -10.15098643 12.99947620 -44.60907071
v -22.42787377 -2.36619079 -34.47112327
v 36.88317997 -11.21926633 -8.40220383
v 12.27770185 -3.54919464 -27.10544140
v 11.17497471 5.31924969 -52.22106625
v -17.36709872 9.71884771 -35.38111743
v 4.19098174 -0.05901591 -26.38090302
v 32.41436035 -6.04079942 -14.99226545
v -32.22967003 -3.76411278 -47.83576781
v -1.62247179 9.44110129 -36.58347239
v -64.86708236 -18.16754417 -19.65391537
v 46.37462533 -8.68684302 -19.46901530
v 20.10132738 -7.14362268 -20.83121427
v 21.31890624 0.50698744 -46.97219060
v -15.80106255 11.72112150 -47.86718412
v 10.73456048 3.31174337 -41.38316805
v 3.75616108 14.85000471 -53.07743830
v -60.40621282 -18.73553969 -20.63752772
v -45.49425423 -4.99061938 -14.33207448
v 30.44541662 -9.97952553 -18.99051466
v -12.84336239 10.39878080 -39.32819773
v 23.59293095 -1.29177981 -45.53064568
v -31.73206449 -9.52328434 -16.36893126
v 30.33796169 -8.42557865 -11.59874118
v 8.96464961 3.28476872 -39.02663659
v -8.88322380 17.88976216 -47.31365947
v 24.42608066 0.60282801 -42.35714415
v 20.01060295 -9.43947798 -45.53661729
v -35.00904304 -11.44352277 -11.83542165
v 63.15211621 -22.83014682 -17.77769763
v -0.09481857 9.14353742 -46.02329877
v -64.81816401 -17.87494208 -10.26021893
v -50.35718998 -10.73350991 -19.40308830
v -8.29369569 20.11414836 -54.34922248
v 32.65350323 -3.11049276 -43.52330364
v -9.14215387 16.34195988 -46.20844112
v 13.58019114 2.74785105 -47.49028399
v -64.74819424 -14.28237092 -9.71917141
v -38.21884872 -2.63585566 -43.62829999
v -23.19415121 6.53744092 -41.58099403
v 2.10444417 11.93181361 -50.66213333
v -4.17845330 8.58969266 -34.06265899
v -18.38420041 1.56573474 -37.45734327
v 60.68254500 -19.71731001 -20.39257725
v -9.80125379 17.21817581 -53.05228295
v 4.05277981 9.55329125 -37.17819999
v 20.54730545 4.71043038 -36.21005678
v -27.55928364 4.26521717 -42.21782570
v -24.92509400 -2.71843690 -48.93198663
v -25.07784664 7.69987361 -36.19481033
v -9.08381080 4.44297241 -27.44446844
v 49.24973087 -11.71250157 -27.09286212
v 30.53837791 -9.53671718 -47.82103770
v -37.75801134 -12.17074903 -8.51414310
v 14.25266346 -3.98996479 -21.94744248
v -29.45991292 -10.99523147 -10.85992013
v -10.39268131 5.16339337 -43.60496882
v 18.83083213 1.40859201 -23.88537758
v 16.38533461 -0.65203186 -38.05885034
v -24.46192293 1.70446144 -48.00500286
v -51.12201823 -13.71175877 -1.82607643
v 14.12045036 3.48430985 -52.16553472
v 55.88795448 -23.70675181 -19.47823032
v -52.49544464 -13.22607689 -17.13825318
v 16.80310607 -8.43729068 -45.88844953
v 11.68266490 -4.66064092 -24.24247807
v 47.92483239 -10.76196284 -15.77775906
v -64.01043375 -18.12771732 -8.85136971
v -5.94882410 -0.59784994 -31.26664167
v -27.21445253 5.91063983 -37.64481613
v 12.23440914 -0.91043442 -31.49371794
v -58.79326039 -10.64729650 -17.90557322
v -28.47636204 4.57991468 -40.14029391
v -31.42562354 -7.74041578 -9.66397753
v 26.41943098 -12.32913957 -10.92375226
v 17.49041767 -1.81197520 -37.55104290
v -3.94903259 14.91445898 -53.05661400
v -51.69258441 -7.75216435 -10.71658987
v 17.77692909 7.67937699 -38.68362422
v -7.19121549 9.59007691 -37.02334403
v -2.04050279 14.88005689 -52.96251587
v 26.45928932 -1.49393215 -22.04932759
v -58.77509586 -19.71281997 -13.10587668
v 39.30782077 -10.57580438 -29.20939994
v 17.02919096 -1.81081112 -36.99966063
v 1.08715832 13.39196943 -51.60117868
v -8.49287723 18.20553752 -53.68546600
v 14.99102050 4.34553659 -29.50184412
v 6.84876946 14.23660721 -47.08412831
v -29.49331457 1.75936131 -24.51309308
v -24.43223877 4.39232492 -30.58566048
v -19.24141066 -3.10930450 -20.52932135
v -4.85103666 12.82548373 -40.62673808
v -17.27138982 9.55744779 -48.53018632
v -42.56589771 -7.35277999 -21.23141546
v -34.02239630 -11.17622824 -8.32026423
v -48.40135865 -4.45250813 -38.37356023
v 20.93341080 4.69476787 -42.43744449
v 21.41216959 3.71124329 -32.16726497
v -8.03739294 6.73236776 -45.18941859
v -59.93097846 -18.97709186 -6.24998608
v -35.28710464 0.97900252 -25.62700631
v -40.12980472 -11.35497457 -12.30845365
v 48.80526403 -10.71336935 -16.98858459
v 22.19081483 -3.64802591 -49.15303690
v 15.09548724 8.99308069 -37.49646002
v -6.66686255 14.79306948 -43.01863366
v 0.66845024 18.13735325 -45.80609004
v 16.32727251 8.12899881 -41.31667058
v 32.19314948 -0.84217003 -26.50927922
v 28.58487038 -5.34973407 -27.54769153
v 51.75350848 -14.50704556 -1.13437771
v -24.47836668 1.24067420 -48.47370323
v 2.02846928 1.28871581 -26.10833699
v 41.92121568 -5.70265099 -27.99001666
v 57.35502045 -21.76048975 -6.82923295
v 21.25945421 4.95721807 -40.85155214
v -66.09345813 -17.84803242 -14.39626279
v 19.25194449 -10.12763547 -46.75037360
v -32.48968853 2.61494478 -30.58337872
v 26.11701084 -10.16002871 -47.95399960
v -15.56279591 10.38677892 -44.54835195
v -39.37216722 -6.77380843 -42.27641504
v 35.64502184 -6.83911405 -32.35026535
v 7.06661384 13.86933382 -51.61392980
v -32.55520436 2.53428673 -29.45157080
v 47.52365033 -9.59827526 -25.89331257
v 46.37631076 -9.33466844 -28.28737586
v 4.56005601 12.16325448 -52.86828783
v 31.42581047 1.07894300 -32.12429060
v 44.13946598 -18.73467527 -5.30211804
v -7.47335587 20.92865013 -54.30954769
v 4.80831977 9.13569194 -36.50369997
v -14.63560802 7.70690161 -50.45144158
v -11.36973769 -0.87708485 -30.25301524
v -20.18880547 3.76795126 -25.64321960
v -14.28878257 13.24770190 -48.49428765
v -27.12830163 5.87499238 -40.19981641
v 9.49324390 2.92571451 -25.98618210
v 24.80108753 -5.67369999 -14.83278313
v 6.82941769 1.97613718 -34.06379816
v 8.68543799 10.94804203 -53.07545610
v -39.86382373 -6.88248503 -41.33289073
v 28.34121158 0.49688514 -39.38835951
v 47.73702373 -18.17008921 -17.12470690
v 31.33526206 -6.46209712 -48.19786051
v 33.92641456 -2.79921078 -41.68417016
v 18.23904914 -4.01806343 -43.41350569
v -2.31758039 22.56804597 -54.18560238
v -39.80000433 -6.39270404 -26.33490082
v -13.15102917 17.97766085 -50.91831588
v 43.56774321 -18.31435410 -12.94905854
v 31.52789030 -5.16793075 -47.64996745
v 28.16172415 -6.09774686 -48.68983389
v 25.51205032 -5.22774445 -39.88281196
v 19.86246613 -0.63520067 -21.58049320
v -56.38395889 -11.89949086 -26.91663567
v -2.40620826 4.79219445 -27.15776202
v 24.24581658 -0.43883838 -23.40371242
v 30.48601811 -8.35052820 -41.91979628
v 28.61672615 -5.29774909 -14.79636532
v -19.92222110 -4.74375983 -19.35560738
v -26.29747405 -0.65268657 -48.53073584
v -29.92327060 -4.97554914 -22.65647209
v 41.44987860 -13.06767856 -20.58139994
v 42.46322947 -6.19944076 -23.99684477
v 1.84262399 10.11801409 -38.18492544
v -38.44065947 -7.22745217 -42.64659300
v -30.53732528 2.25546073 -42.54241399
v -4.94148904 17.08885054 -44.11119957
v 20.73180753 -10.87857262 -15.10847389
v 10.68777560 9.26740979 -37.38622388
v -0.99338605 8.23521935 -44.89907976
v 44.04549346 -7.78131646 -35.13306549
v -0.89414671 16.83166537 -44.01468732
v -46.45705341 -1.69269006 -32.98157928
v 45.28856836 -7.71508605 -20.77812053
v -38.04696814 -7.84615309 -6.81765070
v -4.86187047 19.20088917 -55.15413566
v -7.48873932 -1.97628120 -26.21543980
v 30.46265945 -5.84177541 -32.80351105
v -38.71145825 -2.64805483 -19.51533947
v -44.35709844 -7.95128098 -26.75456828
v -34.69629720 0.95029126 -40.14099935
v 21.72385829 -1.06002390 -48.36996492
v -44.63501350 -2.87384339 -40.69373963
v 21.01002546 -6.31414108 -22.97137461
v 54.30432712 -15.49791705 -0.16297624
v -64.61708742 -16.11663544 -8.37969643
v 2.30666071 4.49454230 -26.69940827
v -51.70905771 -7.56540002 -12.65384880
v -27.29864305 4.01732559 -35.42315668
v 44.57541000 -10.77760839 -33.73840342
v -49.75271550 -11.58706844 -25.05599429
v -41.39432676 -6.54570997 -38.81716276
v 20.79421164 -3.59869165 -37.46439570
v -36.50125030 1.71109601 -30.59307830
v 36.03193522 -10.94378987 -9.15724823
v -20.56145288 0.19545642 -37.97382192
v -34.25431510 -8.11000336 -45.77888080
v 36.84736306 -3.72818496 -25.97477642
v -2.58636209 17.29349694 -44.01158538
v 50.30221446 -12.37832070 -15.29660517
v 40.88673655 -9.53426912 -39.50383950
v 4.75283760 17.59531389 -51.95349100
v 31.08326241 -13.77659343 -9.80655403
v 41.81134126 -5.48220092 -28.39608258
v 1.00622221 8.05190598 -33.61434133
v 24.80564531 -8.84520066 -11.80678656
v 7.63960092 -2.34391017 -25.83310407
v 62.15919004 -19.51921761 -9.23188813
v 11.11877954 -1.88507487 -29.28819107
v -35.07450339 -8.67721180 -44.30439489
v -20.45598224 -2.00737358 -18.85214411
v -53.42482678 -16.26555660 -4.34408191
v 60.96546707 -24.75501443 -17.96302060
v 0.86087476 19.40819786 -48.36473349
v 34.98602522 -1.37574709 -28.53463686
v 49.58327275 -19.11298731 -19.71655803
v 43.19792605 -6.49047760 -22.27525261
v -0.56885239 2.06307959 -35.26148064
v -33.68162927 -5.17294044 -10.27505123
v 18.76513955 -5.76372788 -48.98472867
v 33.06586264 -6.50400096 -14.08125781
v -34.90077383 0.23162064 -23.53226819
v -10.34565079 16.31831933 -52.65383545
v 18.36584315 -4.79819716 -48.66905168
v -50.50556307 -12.29257476 -24.93340205
v -7.56374626 4.24282445 -39.89091991
v -32.53851485 -4.90294373 -27.98073805
v -54.52963788 -17.41860734 -8.43559048
v -9.66541838 19.06097642 -49.33860605
v 0.32933598 4.19146091 -39.93519772
v -12.65626537 5.42848556 -46.52646216
v 18.15764459 -6.39752699 -46.71716904
v 55.83781494 -17.02251692 -3.38167436
v -46.84875115 -2.93400295 -39.95180178
v 23.47200541 -1.51561577 -19.14169234
v 17.44186611 2.73051475 -51.28447511
v 62.54681593 -23.16661440 -19.43016955
v -18.45636461 9.90163516 -46.39779066
v -12.32179314 8.16927921 -33.90897573
v -27.72794432 -9.03835861 -11.44898931
v 57.83411165 -17.68523209 -4.57637859
v -51.83788415 -7.91011454 -9.31033548
v 36.37565588 -16.37518956 -12.21934582
v -6.90364291 5.35839513 -42.42080658
v 39.19221745 -10.45933242 -30.09444926
v 46.90440292 -16.01828038 -24.75950736
v 23.74787552 -9.86161556 -17.64854400
v 33.73021595 -6.50699284 -33.95076495
v -51.88248610 -12.57977406 -18.44687112
v 24.24708156 -8.94406729 -12.36505891
v -65.15658243 -19.46029875 -15.47534102
v -27.28303617 4.93718805 -37.12626722
v 33.63228072 -1.51693511 -26.73469785
v 19.15889611 -8.70361393 -48.34847615
v -9.43183481 7.07763405 -31.67948083
v 40.24742210 -11.64907286 -6.21102432
v -28.68946278 2.32811250 -44.37075397
v 44.73511787 -7.54321857 -26.01819404
v -19.12752123 -0.78213956 -20.82753750
v 42.49745890 -13.20992485 -28.35310571
v -26.72897340 -3.43167537 -28.68791719
v 18.34253442 -6.94411801 -44.73751734
v -48.06483593 -5.89864170 -13.14440959
v 14.79836214 2.46697670 -49.31928689
v 35.34338041 -14.50615087 -15.36693052
v 17.85630133 -6.12382845 -18.91513182
v -22.12304609 -1.89427593 -35.81951400
v -42.17391203 -7.58173420 -35.19714636
v 13.40749530 2.59834965 -40.59451477
v -14.64923099 12.63824458 -49.35442358
v 60.29659388 -17.75161294 -7.46721093
v -16.98067891 1.58215616 -23.12031990
v 13.55207604 5.05170435 -53.82031271
v 20.28389424 -3.77668483 -39.60883003
v -0.22044814 16.90399428 -54.62879043
v -33.00177259 2.54484263 -32.37626280
v -19.31724928 -2.30126421 -19.92227749
v -46.05999123 -13.32855866 -3.57619718
v 5.42641040 8.72437733 -49.09149938
v 36.12467298 -6.50611889 -44.19732717
v -8.07753208 11.05849230 -40.07851178
v -21.08448838 -5.55006450 -19.51962550
v -45.78816240 -2.60654824 -26.20359139
v -16.24247018 -2.03019206 -28.91105579
v 61.10820420 -23.02805132 -21.49873725
v 34.58281228 -3.65405664 -42.19902274
v -40.29057283 -1.66907193 -42.05411216
v -35.77988704 1.42044783 -36.73803313
v -39.34523284 -1.19550481 -23.20315919
v 18.67354945 -3.46189376 -41.72398558
v 55.73931615 -22.19340378 -23.44718057
v -20.02441966 -0.00298239 -35.79134405
v 31.57750672 -14.76219767 -9.97244965
v -19.78254249 0.12555816 -20.97985347
v -34.02385784 2.41949309 -32.30696690
v 20.18601621 -0.59630455 -49.97461527
v -15.63437457 9.88889718 -38.97283095
v 24.72789544 2.37690488 -33.97223293
v -10.99285008 6.51582567 -46.87804863
v -19.13466217 2.99838709 -50.20098617
v 57.57003267 -23.50601143 -8.58921214
v -9.03720864 0.94422191 -32.70654120
v 36.65811626 -1.29276820 -32.38558883
v -23.30727541 -3.08034250 -24.70669712
v 45.13247103 -7.61439729 -21.64966162
v -4.84486098 0.65216930 -33.25966707
v 22.89120187 -4.25877939 -33.39678383
v 14.81779981 1.02042289 -42.68080467
v 14.52153930 4.84004010 -30.47784996
v 13.77432393 -2.55904663 -30.10434798
v 29.51860892 -8.92502784 -48.17550402
v -36.21862800 -6.95596116 -20.16366922
v 2.14362444 20.41376026 -53.25523132
v 47.99719971 -19.70312991 -14.58362841
v -12.24108314 4.03284852 -35.78988315
v 33.77681236 -6.79623188 -47.09297704
v 44.36008740 -12.17438954 -4.52181105
v -42.70271335 -7.21973441 -37.17174537
v -31.23352299 -9.19626384 -45.14031681
v -61.38307375 -20.79742050 -11.34940134
v 16.34931807 -3.26946405 -29.11409635
v 63.18980363 -21.31125478 -18.46596228
v 9.50794370 12.67706812 -44.73578991
v 13.58691477 3.70764429 -51.53158991
v 29.97325261 -9.84457083 -47.85482362
v -42.22326449 -2.35159584 -22.58806006
v -22.86793977 5.14096002 -44.87263085
v -44.90542640 -12.56494550 -11.56250436
v -11.59253592 7.38524669 -48.31968757
v -29.55491675 -7.29004520 -42.02219187
v 1.44788339 8.68288162 -34.82142992
v 0.83268399 7.46323049 -44.57190030
v 27.21121882 0.33261161 -41.38262445
v -12.43697183 -0.47575730 -30.73264668
v 15.02844614 9.27842345 -44.28195036
v -19.48477718 -1.11660942 -34.05527269
v 37.94100570 -16.86926145 -6.32032003
v 46.50144971 -10.26386073 -32.45603033
v 23.01526005 -9.01860080 -18.55964408
v 38.92506822 -10.31472342 -22.07836024
v -31.32252910 -4.26573457 -14.53027621
v -39.21052581 -2.73401160 -43.52195826
v -45.65506888 -4.05469491 -17.30431453
v 29.93410722 -13.54108811 -14.96400698
v 17.55943557 4.63800148 -31.09945254
v -48.79626637 -5.10439541 -35.88217673
v -37.20634472 -5.93945570 -36.86851757
v -6.11609777 11.45800405 -39.93830552
v 11.78625638 9.40845206 -37.81780344
v -63.44127333 -16.69311529 -6.90708425
v 6.52172527 0.88200500 -32.08991599
v -15.46817090 3.08615998 -38.22668154
v -15.08764539 11.99037730 -47.22875221
v 4.77849880 16.81580061 -52.34205282
v -28.93563048 3.82006811 -39.33661083
v 41.54145525 -9.45846855 -38.88546508
v 26.88110520 -5.71787296 -35.58204807
v 31.30476514 -3.99140875 -46.51370199
v 25.36985211 0.22123780 -42.53351820
v 42.27330056 -9.68201128 -35.66479868
v 51.52847867 -17.73236906 -25.96011498
v -43.60374604 -10.35639842 -15.89795181
v -5.13029766 17.61751031 -44.66388248
v 16.22661586 3.58763485 -27.25158379
v 4.08077014 1.20585840 -25.90213408
v -37.69224941 -3.93736220 -16.70072437
v -17.85107057 9.46598201 -42.64261866
v -15.60798494 3.70837970 -47.38851147
v -6.42635660 -2.07604124 -27.99949576
v 5.34670062 15.28452860 -48.57446221
v -3.57628517 16.96634896 -43.75732763
v -42.38270520 -6.70858485 -37.78758562
v 16.13638981 -0.98478328 -45.72646943
v 6.69784049 4.21804288 -41.36817472
v 51.35259033 -14.70196116 -26.95000364
v 23.67088523 -1.08650197 -20.91770021
v -31.97923948 -8.50133816 -43.41022600
v 40.66246629 -5.42904623 -20.39297525
v -56.00876827 -7.62718713 -23.84253927
v -21.42839445 3.53734132 -25.20530871
v -51.08008893 -7.18168307 -33.25436478
v 22.31843444 -10.55650630 -47.03797188
v 17.31646902 6.76742304 -35.67964161
v -53.22137545 -5.71567914 -22.09894711
v 28.82370797 0.77002519 -27.30828645
v -5.23918977 14.12932090 -41.75538807
v -31.63209988 -4.40493898 -13.28787771
v -14.14822098 11.59545118 -45.94191517
v 1.59649171 9.19669814 -36.19279204
v -4.36367950 -1.58421762 -29.61016885
v -18.37409920 2.72798713 -23.36355207
v -32.79774788 -9.71897649 -8.77419034
v -2.50033245 4.51660632 -39.48659866
v 18.57050975 -6.34115401 -44.29603691
v -33.36609254 -11.23411924 -8.90685784
v 36.69660944 -3.90160387 -41.14697396
v 34.71966717 -10.49570172 -43.77132912
v -40.15947775 -1.65899961 -22.85719717
v 49.86048513 -16.02076252 -2.77610195
v -3.50776966 16.06108119 -43.00898358
v -14.35060993 11.05703887 -45.28743345
v 18.23796480 -0.43771466 -21.76683542
v -61.17141539 -16.77969878 -22.58688368
v -19.76149213 3.42354418 -24.76465213
v 25.60075593 2.05214831 -32.58530216
v 50.61713646 -11.93674695 -17.48758283
v -33.71820597 -5.04491245 -32.28874985
v 8.18714051 -2.07573672 -24.60242043
v -10.33605541 -2.27513880 -25.49866315
v -30.23486531 -3.76777114 -33.08843877
v -63.64577020 -18.90183054 -8.89824027
v -45.84239112 -9.35132611 -18.61984540
v 1.47043248 -1.04048235 -28.76063176
v -1.34278119 19.40974550 -47.19074481
v -1.64359359 7.22523629 -31.70722649
v -34.67791612 0.70017603 -24.38496025
v -53.56387453 -5.99560382 -25.35798278
v 38.36614724 -4.93969617 -22.45403246
v -35.63875106 1.37000533 -28.27795486
v 20.58746604 -3.74163397 -35.98160311
v -34.00749450 0.00920369 -22.66208995
v -19.36203453 9.85098860 -37.07299649
v 38.10387572 -12.94468378 -18.00279163
v 40.23793643 -5.74455878 -18.70597717
v -38.52862421 -6.94567607 -42.98383530
v -30.41072105 2.89220747 -31.71248874
v 5.26699351 13.82155293 -43.51729197
v -30.40672420 2.55360852 -41.24867199
v -12.16747733 9.09628152 -35.35608885
v 9.75220840 -3.72315649 -23.38388389
v -19.86711958 -5.33470563 -18.91626553
v -43.39495408 -12.41410854 -11.23928494
v -53.49562311 -8.33905278 -9.80747081
v -7.09776390 -2.26551276 -26.60924620
v -33.96785706 1.86426746 -27.92684137
v 39.06797844 -11.21770986 -20.55848703
v -14.42868553 11.35027569 -50.35686017
v 8.68301108 -3.20037200 -24.09195877
v -21.75426461 8.15919349 -39.73841119
v 30.66704473 -12.16817431 -9.96893258
v -36.10883144 1.87712370 -32.04766629
v 28.32618672 -8.03880445 -42.98933853
v 0.39989445 20.05901827 -55.40196781
v 8.22567651 -2.12539748 -27.09656519
v -6.95135119 20.95202541 -54.53775383
v 57.24755687 -21.18007877 -24.41420529
v 46.54108846 -11.02959251 -31.88719725
v -17.83530723 -2.81799271 -22.92702695
v -60.66804750 -16.18971080 -23.07281099
v 27.48098722 -5.72255112 -14.06964259
v 20.09196247 -7.23707612 -20.25856385
v 42.77962591 -5.59383776 -38.32040212
v 15.08299828 1.64734023 -48.91757046
v -45.79035084 -2.97728812 -23.30400697
v -66.18036037 -17.29341411 -16.97916546
v 12.77846371 -4.22569912 -22.67465545
v 32.50936484 -9.21026845 -41.97288118
v 49.82362572 -15.89297236 -26.90108539
v -63.88832960 -20.64516793 -13.06828258
v 42.54657705 -10.12191503 -13.73398027
v -7.71180221 8.40822373 -34.17454527
v 25.58853242 -2.57286148 -19.52162111
v 37.07914328 -4.26497616 -24.78554648
v 8.91295637 8.45703174 -35.95255118
v -46.16551281 -11.60570922 -2.37858072
v -20.34889754 9.70723176 -37.05236082
v 23.44305683 3.00927644 -37.87814898
v -47.04465961 -5.87370735 -36.74457632
v 23.42734179 -4.45423474 -28.16057949
v -43.91451595 -7.90476013 -5.01930545
v 24.30765671 -8.36658589 -20.08483413
v 63.24625609 -20.32610909 -17.15750372
v -51.78489540 -5.31684526 -28.28583767
v -7.94415752 17.93858510 -53.85280950
v 6.40324934 7.78438450 -35.02565329
v -48.63184121 -4.55102067 -37.60679227
v 19.65256089 6.01882662 -38.09168433
v -10.26161422 2.66276597 -25.68261756
v 27.99883963 -10.55249667 -46.77111775
v -36.64665351 -0.66150389 -41.86984026
v 13.26025161 9.39789329 -39.31310752
v -17.37237868 2.20192293 -37.10665297
v -6.70879070 16.61789817 -44.59637015
v -48.20727956 -10.24008112 -1.60542319
v -41.84573600 -6.85334988 -24.22353642
v -41.52795127 -0.81346181 -40.04464979
v -5.89544400 21.59721431 -54.57399567
v 10.43002359 -3.95150061 -25.11114697
v -21.58920069 -2.18807857 -43.08930674
v 59.49380291 -23.96225357 -11.06684086
v -60.80072473 -12.32597473 -4.55372731
v 49.25883072 -13.29971067 -27.97319029
v 20.11560065 -5.75417302 -23.68249763
v -30.10806274 2.69308167 -39.28857653
v -22.68255351 -2.61426049 -32.15251034
v -55.96824793 -9.71339392 -28.67934724
v -58.41001691 -16.42121173 -22.95053217
v 42.33244557 -4.67231930 -36.29346770
v -33.38070166 0.17042998 -43.32474529
v 11.60919020 11.22586550 -51.81047211
v -22.33708749 4.80629369 -31.18227144
v 12.64682980 4.30372857 -53.78942886
v -2.40217652 7.32941058 -31.79525910
v -26.55849112 -4.82232787 -39.39380989
v -47.82307460 -9.30877538 -2.10034049
v -30.74156570 2.44453891 -39.74999125
v 40.65650687 -9.61151564 -14.35280333
v -20.88778117 8.27652891 -43.80328947
v -40.84061901 -10.55505487 -4.57474248
v -31.22871410 -5.49473912 -39.70504974
v -32.34112018 -8.94154849 -17.01347343
v -59.48834856 -20.33344028 -14.58174354
v -32.28803032 -3.92915498 -15.50309322
v 38.97192388 -10.78701670 -21.17376415
v 16.66910863 -0.38903908 -49.61130867
v -26.36819694 -6.59591874 -44.67989322
v -58.07038925 -10.46985099 -5.26619855
v -59.00081969 -13.39107384 -24.67930118
v 17.67462208 -8.95214408 -47.95968853
v -23.78288123 6.96502963 -40.71807056
v 12.67433108 9.46435934 -40.85679469
v -51.40063933 -12.72196976 -20.52480978
v 40.45807929 -11.20705628 -7.04919952
v -13.54827411 13.04181113 -50.67221815
v 24.31899460 2.62779831 -35.50509038
v 21.90849266 4.17442778 -38.63758714
v 41.51175816 -9.89812920 -35.61158718
v 14.74895125 3.14883146 -51.25102176
v -41.10524977 -6.41698500 -40.52268890
v -28.42917646 3.24454060 -28.16645742
v 22.75044912 -3.79748345 -48.76290141
v 57.11847238 -16.40196492 -14.00112038
v -13.50475126 4.25543202 -28.24784335
v -22.16440797 0.44036771 -20.14198083
v -21.80706422 7.08888600 -42.42242810
v 5.38173894 1.70998445 -33.86488979
v -61.46861022 -13.47176721 -4.33918513
v 59.05470564 -22.70422560 -23.09309447
v 28.91577146 -5.36826957 -28.50736540
v -47.20597510 -9.94600251 -2.10828122
v 15.99797645 -8.76154156 -46.49556712
v 45.35176868 -11.02916738 -11.45302887
v -19.55689846 3.20343380 -50.09172393
v 60.39444564 -23.10766783 -11.27669043
v 7.40589331 14.16487769 -49.16762288
v 21.19276346 -1.41255823 -19.76176683
v 5.28174892 12.64146545 -41.28750513
v 23.18398415 -3.82070887 -48.45565078
v 36.20200984 -9.34495714 -21.28286544
v -47.20542142 -7.31586441 -35.72456779
v 45.68350013 -19.06255334 -4.75082675
v 26.25775452 -5.47312311 -39.89726963
v 62.80169982 -23.38553395 -17.87520253
v -14.83754498 6.82531352 -32.12661792
v 38.60112583 -2.18725871 -32.52960902
v -50.32930395 -14.94463754 -10.63519876
v -16.52139469 10.16651512 -48.88169384
v 42.94350197 -9.49709199 -35.42053916
v 57.72056987 -20.16024127 -24.23696997
v -40.97819976 -6.50375998 -38.14355230
v -40.74865649 -6.06264933 -41.54270664
v 27.95414666 -13.36925405 -13.56990770
v 12.50333842 11.98893605 -46.31491964
v -20.86338983 8.35656659 -44.84847233
v -51.48887523 -7.02090956 -32.63041689
v -15.56613883 7.55501930 -50.69659226
v -55.27135266 -12.12957751 -26.68099605
v -23.42942773 -3.33796391 -42.82533277
v -47.18402099 -1.88674400 -34.53735500
v -38.94758638 -6.16697318 -27.62103625
v -31.38215410 0.15311300 -22.31660283
v -6.81647361 8.20041717 -33.67025701
v -4.36512054 15.90498518 -43.00129400
v 43.23065243 -13.64271371 -22.89439670
v 20.97657450 -7.97786355 -43.68882246
v -3.06937340 -2.02152830 -28.10204990
v -24.79392752 -10.78359170 -13.23608290
v 41.96003379 -7.70248401 -40.67926923
v 10.03544074 3.21837833 -39.87090090
v 1.47855614 15.78510249 -53.72245637
v -35.99806939 -6.14996725 -31.03243135
v -32.64597083 -8.58160535 -17.44406095
v 16.73256293 7.01625407 -35.46916248
v -24.68884119 -2.81969768 -35.59843478
v -20.81761801 -0.14049730 -38.69271059
v -37.25409876 -6.07172102 -23.41482160
v 12.65050023 10.20234962 -52.03829988
v -23.65947070 8.58027224 -36.91542535
v 2.60351905 19.22176593 -50.67291198
v 35.65563877 -11.35226908 -8.77096982
v -5.12660450 17.65798561 -55.02491180
v -56.63304750 -9.68587045 -6.99064089
v -62.43030577 -17.11351620 -5.90792318
v -12.39221219 2.28921385 -33.50339513
v -23.01393741 -3.14554005 -24.20570551
v 14.39806854 9.21904381 -38.71303834
v -31.21781353 2.35577002 -26.67355484
v 60.73163279 -18.30926785 -13.50648117
v -19.74897178 -2.42475644 -30.78709400
v 44.17155312 -10.46789183 -13.15567017
v 44.25969936 -8.49821009 -34.24794508
v -2.12483782 17.47367442 -55.39115762
v -41.53589232 -5.96166574 -40.87332686
v 45.02067996 -9.13314281 -33.62542048
v -23.91917737 -2.69170966 -39.16767951
v -51.70773141 -13.59474974 -14.83956179
v -9.27373459 11.41101465 -41.30439352
v 6.04725154 14.95602831 -49.34162098
v 43.66763160 -6.34374218 -33.89134719
v 21.40127871 -11.62506192 -14.38083108
v -31.33699625 1.14622030 -24.05548707
v -21.44124960 7.64520561 -44.84021463
v 27.40015658 -3.76783005 -47.78994394
v 59.09736956 -24.76955572 -12.49482161
v 46.36569547 -18.24426911 -15.22733483
v -47.26338377 -5.13011976 -15.34268709
v 35.00515800 -0.78507313 -35.03978208
v -8.07570560 6.17488637 -44.32654458
v -29.76780950 -10.96958292 -14.78136661
v 20.08384517 -2.87813741 -19.34334596
v 36.04231282 -7.26338096 -44.80278486
v 36.99793711 -4.56931798 -41.76880290
v -48.97503424 -14.43416601 -9.75284721
v 17.03898739 -3.35643676 -31.72564698
v -18.65951748 0.68243911 -35.38901678
v 46.92541095 -12.80887427 -3.30980583
v 14.44472514 8.85189401 -36.64073356
v 39.95780799 -7.34838405 -16.48805720
v 31.26848705 0.00843989 -36.94548863
v -45.40895164 -13.35863799 -7.91507274
v -56.14182524 -9.29592386 -3.32625405
v -20.01688487 -1.10328236 -49.89174626
v 17.00007339 -5.05612070 -24.60105266
v -22.60860127 -7.53827305 -16.13099081
v 38.45745899 -9.47326782 -23.74590703
v -46.91390132 -5.83367825 -12.36965056
v 1.25717216 10.39311932 -38.54071489
v -29.46706148 -4.10622327 -27.01243280
v 44.23486212 -8.58339515 -16.72951456
v -14.74974691 8.28480140 -50.77575155
v 50.52205267 -18.77809334 -4.17222782
v -20.86121181 -7.03146613 -17.52116221
v -12.60723768 10.41000605 -38.70257756
v 57.81004674 -17.77916605 -20.65101004
v 26.40639297 -5.75267393 -48.87337970
v 29.25567282 0.54746274 -37.82059985
v -40.45027106 -1.00327403 -25.24831406
v 19.11552008 -1.74379767 -20.25647780
v 24.14694417 -11.58631496 -11.63938673
v -37.36997292 -0.62861450 -41.52685137
v 50.03070084 -11.61651501 -16.94634018
v 1.78180123 5.28003181 -28.63519295
v -36.87306974 -6.11050807 -37.90768821
v 22.92761385 -2.35199653 -47.31675299
v -17.34822568 2.01118156 -38.39729225
v 4.45858285 2.34340323 -35.37361399
v -36.55064327 -6.08881775 -22.74532359
v -21.16267031 7.46379432 -33.56383306
v -27.95907300 -8.27345060 -16.87914862
v -32.15548539 -4.09705106 -14.94196048
v -56.90599374 -11.02626326 -2.59977028
v 40.31334088 -11.38471767 -28.13206199
v 14.96777388 5.62815325 -31.79472812
v -7.86712860 17.57883278 -46.28551088
v 0.24782897 14.19390126 -52.18874757
v -35.08238014 -10.61580289 -7.44891760
v 54.86992200 -15.03863820 -17.98745108
v -48.77130855 -6.93984549 -9.60402104
v 18.23717488 2.74220330 -25.65737641
v -46.80860715 -9.31176355 -22.62885616
v 36.21001139 -16.80485340 -7.96275781
v 28.41475196 -8.13061286 -48.42979612
v -36.46598538 -2.73943711 -44.40245785
v 59.85539788 -24.47436347 -12.47935316
v 25.29074566 -1.83623426 -20.27410602
v 23.42894638 -7.58809788 -14.56701837
v 32.00923883 -7.86895107 -22.00765654
v -3.43617460 8.53120807 -33.90796564
v 42.87585278 -13.43937571 -4.31112587
v 28.23531663 -10.25618682 -18.25580853
v 8.58625817 -0.49334490 -30.12091814
v -22.99093757 -1.71634394 -39.44603015
v -1.87740900 22.08069198 -54.98493265
v 50.57001286 -14.91902012 -27.29558169
v -25.82816435 -1.51108389 -48.89404093
v 14.14865138 9.20153249 -39.55724452
v 21.70122024 -7.86289055 -19.47448076
v -65.68779254 -16.37585134 -15.20376649
v 5.96626662 -0.30630665 -29.78623440
v -15.49121799 2.57576450 -41.27071734
v -2.14553853 19.65583334 -47.84892696
v -0.05417580 -0.38787231 -26.68245572
v -33.43411192 -0.22836332 -44.10155639
v -34.60033960 -5.80020866 -38.74489287
v 35.81988653 -11.46965636 -18.49816539
v -30.11822679 -7.15542689 -41.72165943
v -60.70170691 -11.74394976 -5.83671762
v 6.39874230 13.58840640 -43.81541267
v -46.32466435 -3.71053248 -19.35234110
v 19.09073217 4.71748988 -32.69298331
v -27.68209034 -8.98926040 -15.84210600
v 21.12724688 -11.04666027 -14.10848848
v -7.03468247 15.68270082 -53.89730376
v 2.97220547 4.71922240 -41.21313646
v -4.43807957 11.30004953 -39.58541889
v 11.03952512 6.24982855 -53.83326948
v -63.82627475 -18.77665509 -19.73208369
v -0.65637898 12.87967593 -49.91106873
v 20.74391512 5.04344580 -38.07296724
v -48.95131452 -14.69001037 -7.92219250
v -17.03638807 9.94352452 -36.68345808
v 45.40462853 -10.92459090 -33.30088258
v -41.51608433 -6.98431514 -36.36893547
v 46.09629735 -9.34259844 -30.86279113
v 27.45291405 -7.09686340 -42.27620542
v 41.41152306 -5.62611684 -27.32147743
v -3.79339101 20.14544544 -49.20236710
v -31.39974198 -4.71933298 -47.61170878
v -20.99870847 8.80574690 -34.63671164
v -18.17804861 7.60408589 -33.02395591
v -8.92749300 9.23761593 -35.85385668
v 46.71669629 -12.64103550 -29.97054617
v 13.39927857 9.26908688 -52.15129433
v 13.01412595 9.53402337 -42.05004750
v -15.65811399 2.24272225 -34.34668859
v -39.21071471 -9.88766739 -15.50029885
v -9.70477699 18.77585876 -48.80191256
v 0.79156482 8.52742400 -45.66359203
v -48.93321448 -8.67112136 -33.63120616
v 12.03519580 4.36597245 -49.14231957
v 39.53649147 -2.87108717 -35.34458914
v 14.24686255 -1.36863255 -34.07497614
v -52.34355845 -14.61605059 -2.45766985
v -23.72689536 -2.46223627 -38.16668930
v 23.96150256 -3.76695248 -48.16922058
v 30.34253608 -10.22468492 -45.41369585
v -39.27909261 -6.51528199 -7.26358862
v 44.44105655 -9.58945586 -15.44929466
v 40.06086014 -10.03868540 -13.22626056
v -14.10678774 8.00443900 -33.39596427
v -26.21434455 0.27520357 -47.81074071
v 23.72406638 -7.29925180 -48.86659308
v -47.39832173 -13.90535971 -8.70764979
v 27.19582949 1.46460147 -36.05536644
v 50.36813792 -13.18134015 -13.60318731
v -28.87489197 -11.19528597 -11.14366383
v 20.24940068 -6.53747552 -42.75000821
v 1.38747012 10.23774891 -47.71299012
v 27.97840837 -0.23921889 -25.21877020
v 53.20526571 -20.69171415 -24.31612148
v -37.55641232 -0.21136881 -24.16826251
v 19.96882372 -3.77367127 -40.11343089
v 9.51298941 2.08607413 -34.08341901
v 21.10515203 -3.74209425 -36.81587933
v 13.09550458 -2.13359974 -30.45577914
v -3.65746735 8.81945465 -34.50157012
v -18.57256788 -0.49412631 -48.07049598
v -33.52542011 2.02107746 -36.17801321
v -37.78382983 0.33923155 -26.53783799
v 20.42668194 2.94475178 -45.43834758
v 18.55179475 0.77591113 -23.11637467
v -12.73968493 -2.61602872 -25.27110642
v 10.35708768 8.31717876 -53.71462671
v 2.16539528 6.29207002 -43.68274456
v -25.62378231 -1.58309603 -16.43011012
v -31.02997745 2.82173808 -30.66190116
v 6.73021248 -1.03070362 -28.12341823
v -6.55480077 16.32867127 -44.21386495
v 60.68189949 -24.21308835 -20.45677531
v 15.46708927 8.91945079 -44.63634680
v 21.63914539 -7.45652567 -20.50591895
v -16.94993987 10.42569994 -45.52529256
v -12.33121854 8.92927683 -35.06075496
v -8.17261257 3.14251036 -35.05497894
v 15.36285139 8.68687977 -49.95600837
v 15.92146753 8.79059418 -46.92137116
v -34.77473536 1.41220380 -26.76253468
v 28.82788010 -3.63582200 -47.32010920
v -43.95983290 -6.51974619 -38.01253789
v 62.93160483 -19.94369006 -14.63637324
v 0.30398221 2.26329016 -35.57237797
v 20.90386235 -0.56847754 -21.80794764
v 9.35967458 7.17887829 -53.09398161
v 13.77132281 11.02901132 -46.17585242
v -25.05879574 -3.50354496 -38.06398757
v 16.85038156 -9.43229009 -46.53263474
v -13.04258409 3.04179342 -25.72186343
v 46.26020034 -13.65614985 -29.28487844
v 31.38566584 -2.22282498 -43.60380963
v 36.83023501 -12.20220618 -7.62685600
v 0.67655316 5.29666628 -28.68318760
v 45.19211381 -13.18268008 -3.45387798
v 41.14673159 -18.14544351 -10.39381381
v 12.79772479 2.80701753 -40.22353645
v -54.39025342 -6.77315545 -19.89789980
v 1.44470484 1.63576485 -25.99632512
v 38.45615629 -9.30485928 -26.39952137
v 22.08084113 3.60049142 -33.94168668
v -12.02224598 3.87429326 -39.76663279
v 23.31288706 -1.86125434 -46.42361107
v 62.88206095 -23.24046757 -15.68148644
v 34.77451929 -7.35749276 -14.47852412
v 16.24407333 -9.99185964 -47.48843445
v 54.69661627 -14.84343198 -2.33226995
v 23.68509249 -9.89611396 -48.10513143
v 40.77787657 -3.40617078 -32.04890270
v 45.42121634 -8.36664374 -28.76723217
v 56.70616763 -16.12534381 -15.51712308
v 21.97375890 -8.45537652 -15.39527098
v 12.73979508 4.18380417 -29.09838354
v 6.94753420 12.09866288 -40.69312194
v -0.38982260 4.49229937 -26.44672920
v 17.53264038 3.39858545 -51.36405866
v 46.06721408 -16.46897404 -18.30668393
v -43.61901523 -8.42647881 -34.66118808
v 18.91084221 3.41153247 -50.05320242
v 41.15391694 -6.71201119 -41.59350181
v -23.16123612 3.78093604 -26.22192672
v 13.26409314 -1.78518924 -31.49752863
v -1.26101934 21.88665021 -52.89521913
v -8.48308076 13.81838716 -43.84244216
v -12.12386621 4.69337838 -28.73266469
v -45.17073088 -5.59397250 -12.28611365
v -42.66918835 -4.30412180 -41.25915081
v 9.31809607 4.78295442 -29.64946145
v 31.93622260 -4.63424334 -19.17282723
v 42.63732583 -8.95487118 -38.66648799
v -8.14667162 1.92684427 -33.89679184
v -49.12626510 -4.01626774 -23.44952622
v -22.84570519 8.37274973 -35.06949453
v 40.10973882 -2.94153544 -32.94487525
v 12.97898217 8.94540213 -52.65872047
v 62.02073520 -18.64244723 -8.25749781
v -0.37540504 8.86679540 -35.00146431
v -27.43246225 -3.09542170 -15.51623203
v -31.25278190 2.74816251 -29.65062125
v 23.99674939 -8.19184225 -48.71750129
v -53.55175205 -14.45693453 -16.28073428
v 17.91871623 3.67998596 -28.35000045
v -40.85957729 -5.20982007 -42.09625711
v 35.59977342 -9.96219537 -12.54164154
v 49.92163003 -19.27158995 -4.08634214
v -36.92250169 -5.67931152 -9.67657916
v 7.32337433 8.91876908 -36.53187668
v -13.76126644 11.68228743 -50.78758888
v 14.41947718 -0.71542964 -22.99982104
v 6.62646272 -0.80427950 -28.63616926
v -46.88913550 -13.81059687 -6.36602000
v -38.93952159 -6.73848070 -22.10391154
v -24.24389846 -6.50631725 -19.75300618
v 13.23442749 0.28177838 -34.21133276
v -33.74631748 -4.95687452 -25.11914117
v -47.77633259 -2.39231379 -33.66497341
v -19.31131312 -0.72571831 -49.29455108
v -12.62006313 -2.53317855 -26.24253693
v -14.38732586 9.07624816 -50.85772510
v -2.94232845 16.78645463 -43.56280107
v -39.64417692 -5.78500114 -9.89819183
v 33.50643187 0.33899011 -32.22622418
v -13.51332487 3.42515529 -40.24689910
v 47.63273583 -13.96102339 -2.48326884
v -6.11374647 11.71390656 -48.77602502
v 22.29256536 3.36587714 -32.39935238
v 0.06712865 -0.80821346 -26.96110572
v -15.80527664 3.11706380 -36.97788043
v -38.87361054 -10.41191739 -14.33552077
v 4.69102736 16.21123815 -49.73638287
v -60.52309979 -11.97506462 -4.77448056
v -1.39575032 7.93888135 -44.50901458
v 21.69843170 2.71512375 -28.27192569
v 45.51996071 -9.94346604 -33.59063923
v -22.69656260 5.38095264 -45.83524688
v 18.34907466 -5.27055608 -48.06299996
v -37.07782967 -5.45176858 -26.05409132
v 13.84659568 10.95719033 -48.12764497
v 27.88927307 -8.57777599 -20.18485445
v -64.05718231 -19.76799670 -17.37453952
v 43.18027799 -5.34059392 -32.84984553
v 40.76080550 -11.60543069 -22.83491705
v -48.20718165 -9.53896907 -19.52960453
v -36.97157806 -8.40344009 -17.66240882
v 1.65931962 18.13209113 -46.83139357
v -36.04332395 -7.59484368 -7.53506251
v -33.39004338 2.12137747 -35.39037923
v 4.18629998 16.40344234 -53.03866550
v -29.22736666 -7.25495432 -18.80322709
v -44.45318033 -2.31725471 -25.25160105
v -37.76761322 -6.49985352 -39.11410370
v 35.79958580 -8.33875641 -45.14982911
v 1.23790009 22.02349999 -54.39744091
v -52.81284824 -11.92773416 -1.33868536
v -60.26713434 -20.66100246 -13.06983591
v -47.37388110 -9.37317697 -19.16423606
v 24.71091741 -10.59797518 -47.37229074
v -50.14787366 -11.10995186 -17.08284692
v 41.98716595 -4.19732583 -32.12490442
v -49.97925908 -9.31498359 -32.58340721
v 14.01482795 3.39979858 -50.29200155
v 3.28572367 15.91526607 -46.79514380
v 44.01928813 -7.22487861 -37.26981058
v 17.93271394 1.59917636 -50.85953454
v 41.16963893 -11.46184880 -33.62214305
v 32.56376733 -15.29510934 -9.26647804
v -19.07410872 -2.90383049 -24.48945154
v 44.87311138 -14.31118228 -27.43820400
v -36.10197587 -1.99845987 -43.83036962
v 15.72197873 4.98843629 -52.76659782
v -46.67525024 -2.62545199 -39.66879422
v -7.29611702 18.52269679 -54.17808360
v 61.57828147 -19.29114067 -7.98457892
v 18.01678349 -3.48054981 -31.83984619
v -15.36722842 9.88434496 -50.25419823
v 10.70494545 3.36016659 -26.64971853
v -2.07017988 18.72759265 -45.61425156
v 35.26597003 -15.42709637 -13.86940651
v 5.44285338 14.93366902 -52.05402719
v -7.81970504 11.97887780 -41.07739688
v 17.21938654 -1.66620402 -49.23889742
v 33.13622564 -7.06908169 -27.08667684
v -34.84165606 -8.82817575 -17.37050877
v -20.61610241 -6.40935465 -17.51409263
v 55.60080406 -15.70220289 -13.98578619
v -18.09489216 1.55669230 -36.32457265
v -11.64032930 10.60380949 -40.22823013
v 17.87182835 0.95416749 -23.02731590
v -21.32562658 -0.08320873 -19.50401496
v -48.63626162 -3.96783466 -32.16403916
v -56.13068655 -8.65163426 -28.68807427
v 18.81395479 -6.89146325 -48.63302155
v -22.92524840 6.47115296 -33.61840935
v -35.00517684 0.53888125 -40.83202960
v 22.13283990 -6.04807466 -23.56966981
v 8.26308499 6.41266535 -48.06120396
v 7.97721663 6.65265405 -32.99680815
v 21.35138158 4.62391565 -38.44106901
v -4.36940770 7.61678145 -32.37349858
v 27.42327941 -5.94726117 -39.31495227
v 17.64526600 -3.39595423 -44.77797924
v 19.56421021 4.98347393 -44.05697358
v 46.82255919 -11.76331329 -30.37986293
v -13.64923209 -1.62493675 -29.20679770
v 26.45354965 -9.78741001 -45.52134816
v 13.97918059 2.57280434 -48.13375531
v -13.73820410 -2.28548774 -27.53311138
v 51.79142350 -12.54328559 -19.61887750
v -57.71247375 -9.42686133 -22.05279607
v 4.06917782 15.73219898 -52.96379657
v -11.08921087 15.50755559 -52.28628218
v -23.92136613 -0.85373975 -49.58915840
v -40.03430821 -9.22423567 -16.57354574
v 36.96915516 -8.82838552 -37.27947403
v 45.10871938 -11.47762583 -7.31886693
v -3.20032705 7.56361109 -32.16993572
v -26.54704779 -9.94414947 -14.65001571
v 56.97245704 -23.10421661 -7.76343403
v 33.85718221 0.03666017 -30.17162442
v 49.33120603 -10.99521230 -17.30250559
v 58.95008069 -20.30452310 -6.81443974
v 17.49532689 2.52013830 -24.54341831
v 8.87012357 3.09532063 -37.40639592
v 57.23428528 -16.94555147 -4.06111483
v 34.77947190 -13.14318961 -16.60649990
v -31.11539320 -4.62312464 -23.82252421
v -41.58743688 -1.13228399 -25.88375784
v -19.73643674 8.99868662 -39.94485071
v -14.19686508 -2.16154632 -23.57709965
v 34.56784105 -0.22646249 -32.28306788
v -48.91508650 -4.48831950 -32.93413771
v 15.46359450 0.05987951 -47.68353898
v -46.18891994 -9.52535009 -29.35798782
v 54.69809014 -15.09685071 -15.43056039
v 28.35832614 -8.85051524 -48.32279854
v 39.16084750 -9.45662417 -36.89979065
v 18.24662010 -6.35959169 -47.37154892
v -65.50379042 -19.16576007 -14.43512025
v 3.06933952 1.52441800 -25.97557314
v -5.01054585 13.24367267 -50.10363559
v 22.20004681 -0.68668659 -46.06769324
v -1.31049192 17.08647403 -55.03152167
v 53.00882389 -19.44108081 -4.44395237
v 10.96856908 3.51673721 -42.67995422
v 18.82032000 4.66547791 -47.82352261
v -18.46015938 -2.66992470 -26.86388889
v 21.20873291 4.74027000 -41.72167527
v -26.88522162 -6.76025411 -46.77517310
v -62.16747713 -18.56898443 -6.27221135
v 40.73320095 -5.59527559 -41.07868008
v 29.44929997 1.54774939 -31.97164575
v 22.69798280 -4.08968856 -30.65619071
v 38.63036031 -9.79755937 -31.08084949
v 53.87614527 -23.32276063 -9.19683564
v 13.01340891 1.18479685 -35.29290518
v -35.57645056 -0.26598671 -41.84456248
v 62.74129186 -22.15426875 -19.58804825
v -27.01426977 6.55954425 -38.35346537
v 22.44174740 -11.53432311 -12.77607558
v 59.54024649 -17.79870536 -16.32462227
v 61.29710816 -20.79050003 -9.79956184
v -47.40365625 -6.16067718 -36.23119937
v 20.68463370 -10.58426015 -46.96603494
v 10.53313329 -2.83649626 -27.34951464
v -36.92201581 -5.79177429 -34.61722554
v -32.07322040 -2.28677542 -17.48918632
v 46.25682663 -11.99144306 -31.09697151
v -37.40600438 -6.54385503 -7.85200220
v -0.46675874 19.35346809 -47.20949653
v -48.67110473 -10.33295467 -26.00851327
v 4.33362204 4.53995974 -41.15397758
v 1.34131448 17.53289684 -46.17267081
v 18.84661021 -6.71649147 -21.74284985
v -42.09251295 -11.03474582 -3.99591713
v 38.27486299 -5.36434868 -42.00249440
v 41.59501710 -11.89780536 -32.93399836
v 12.35195978 2.86409617 -25.34871596
v -4.76968935 20.49452305 -55.11695722
v -34.43270089 -0.28303128 -22.07311318
v 52.75196422 -14.77116639 -13.59298113
v 17.15088529 -1.17678659 -38.88337338
v -37.58760791 -0.83115800 -22.55342361
v -24.67485474 -0.89424783 -17.64807897
v 24.61760135 2.03421261 -39.12908003
v -3.27479479 10.46195065 -38.51737373
v 22.04365208 -4.05057467 -35.54570107
v -39.23045308 -6.89228470 -40.24059442
v 40.48872330 -4.29508529 -39.22079942
v -56.03158768 -16.82336598 -21.80115996
v -28.31920389 -11.42389325 -14.01308481
v -46.21238534 -3.03233820 -24.17743227
v 9.07335219 2.95204659 -36.77954907
v -62.20045634 -13.76617597 -4.79014157
v 12.44050293 -0.40686935 -23.75249183
v 9.92379455 -0.98141772 -29.88735119
v 15.59764646 8.33782923 -43.09058651
v 16.38740766 -3.44251039 -28.33039042
v 15.88561460 -0.58869587 -44.67015222
v 33.62224150 -8.10247982 -37.93835129
v -46.22880416 -6.38916396 -36.87921658
v -6.05968319 20.13497360 -54.83889105
v -27.63654766 5.39083468 -40.26284878
v 16.99395637 -1.84586447 -43.58499992
v -58.46667788 -18.09064323 -21.08363014
v 13.64780325 9.20531494 -41.19314430
v -40.06829702 -8.20873631 -5.95480215
v -24.28082773 0.43051505 -49.17841414
v -46.32297316 -8.91775352 -23.73698460
v -14.04622210 3.14822434 -34.50339012
v -53.94110974 -15.63195837 -3.08055904
v -15.75824865 1.23978149 -23.39151337
v -30.71927677 -7.75734828 -10.12541885
v 44.39818530 -14.13930501 -24.09941791
v -2.43096308 9.41774917 -36.37041410
v 34.44700523 -4.53236526 -43.43409562
v -55.59779834 -9.28450932 -29.52343353
v -36.03518006 -11.19665967 -6.81217541
v -1.20406666 1.27824982 -34.39759093
v -32.31650348 -5.23456701 -10.72415282
v -47.63817758 -10.83833058 -15.62631711
v -11.13185930 2.04355070 -25.26557295
v -1.19838117 19.66531471 -55.41814702
v 3.22722798 10.31064839 -49.62920662
v -15.28393312 10.80626160 -49.84149396
v -5.97385887 12.72521298 -49.80662427
v -19.18774516 -1.94217542 -20.22724772
v -14.27180370 2.09496129 -24.08102502
v 17.28217969 1.30750605 -50.77317519
v -8.06758161 15.83403357 -53.58459515
v 56.78174421 -22.95099933 -22.79360869
v -46.76168524 -6.80168035 -8.36720038
v -43.78391413 -6.23441413 -38.72046327
v 12.31310336 4.42620780 -51.50917192
v -42.25113105 -9.87186163 -4.29936066
v -17.21722045 7.80737868 -49.92064160
v -56.55263746 -8.69541536 -16.93210863
v -39.05016490 0.85847491 -36.38894777
v -12.81948283 3.72478679 -27.11408332
v 23.01269607 3.24920684 -34.64403375
v -11.73756365 4.29077114 -37.68491839
v -39.49859785 -2.06821974 -42.73764536
v 21.07408631 1.27288402 -25.01678891
v 39.56924364 -5.36066269 -24.54387781
v 38.39100878 -7.28905945 -43.11826749
v -2.20093536 21.53633888 -52.19888351
v -38.33219093 -0.36263080 -24.63319211
v -41.61529790 -6.49834480 -39.89125786
v 17.07231700 4.36170775 -30.08066823
v 15.94121804 -6.47130762 -21.41751734
v -44.39915336 -7.11294521 -6.28842281
v 16.93489535 -2.16598376 -47.27511073
v 15.46915914 2.98589522 -51.92486374
v -14.24403720 -1.13975339 -30.00976999
v -33.03646742 2.09859692 -36.54771680
v -25.54183679 -0.38174706 -18.94319665
v 13.34129222 8.58977284 -35.93202632
v 54.60233681 -15.17878828 -20.40296365
v -27.86372373 3.91366242 -36.69300339
v 37.05311967 -1.55247044 -34.48261901
v 15.61234752 -6.65732195 -20.83388873
v -54.54628885 -16.09228282 -20.90943718
v 50.99341621 -12.44614636 -16.79158808
v -11.77565437 10.97647517 -42.57932786
v -10.94364066 -2.26273006 -25.15694311
v 34.60472671 -7.55600039 -27.01900023
v 36.47003052 -7.30486163 -31.99856108
v 27.83697563 -5.90068980 -34.63425050
v -43.80706244 -3.57946554 -41.06832657
v 32.82481931 -6.02940650 -47.64684365
v -49.56849169 -8.35776899 -33.64243549
v 2.38328730 14.27525361 -53.05159103
v 32.12467826 0.88574519 -30.66309420
v -5.90824802 7.24059478 -44.65088067
v 3.01832292 14.53958297 -53.12734616
v -52.63615858 -9.61990034 -30.50227896
v 54.29109315 -22.82266622 -14.42880227
v 31.80792687 -2.21686595 -23.98140725
v 12.59241610 0.32916525 -33.46624940
v -2.49948230 16.10906079 -42.98405541
v 3.93335775 5.18379507 -42.31718799
v -29.92102397 -8.99628902 -46.50471103
v 35.67430692 -6.74401816 -44.75645731
v -3.74473641 8.05854842 -33.08214177
v -21.59612843 -2.65530689 -31.17358546
v -57.26747289 -8.89180783 -22.78096182
v -16.55211609 9.64373249 -41.96854959
v 41.05695524 -13.09851482 -20.04033547
v 38.90291060 -3.01486649 -30.28418260
v -21.00700052 5.76889739 -47.87927567
v 43.27534917 -9.33573171 -15.33553107
v -52.03666092 -7.91393280 -5.43587971
v -34.15234505 -1.36604062 -45.00245725
v 21.73518399 -1.20288656 -19.81617367
v -26.40805110 6.75768735 -39.51480184
v -54.95864858 -15.39239582 -2.88236893
v -17.87821730 0.60690577 -34.62383091
v 4.25185730 14.17297366 -52.91622699
v 22.21881748 -7.45055761 -20.94470741
v 13.80425217 -1.76044718 -32.72553116
v -50.91883670 -5.34532491 -18.51742893
v -49.29574101 -3.43786695 -36.93950164
v -55.51863831 -9.56400370 -29.35199898
v -46.41216471 -7.92963436 -35.95686136
v 35.06539313 -7.95426056 -24.37599517
v -33.35823666 -10.93788613 -15.17874455
v 6.13208837 2.83162755 -25.72308909
v -19.72056306 -2.01887940 -32.32664299
v 51.79960769 -21.12358678 -22.17962371
v 27.78399594 -5.20717824 -30.93025609
v -39.58717972 -3.61773687 -43.75880535
v 10.07339512 9.71329773 -38.50537591
v -5.28354803 19.57675550 -54.99748670
v -25.85954633 -0.18248492 -48.35254852
v 8.85005423 12.58616699 -43.53722786
v -23.61373306 3.45747624 -25.62579006
v 39.55578447 -3.99572609 -39.53315723
v 24.26610841 -0.01182828 -43.36972924
v 24.24121692 -7.07543972 -14.29020493
v -2.98927490 -0.25169401 -32.51249130
v 21.91920124 -4.06218847 -28.73115825
v -7.75252790 10.36642034 -48.46670094
v 18.19999214 -7.45881661 -44.83880891
v 27.19980450 -10.53109404 -47.00803371
v 61.53054555 -24.14366395 -19.82655505
v -9.85911306 11.58084875 -50.98136183
v 37.07428472 -2.68722629 -28.84476321
v -20.45581293 -5.36833982 -19.32977094
v -38.24727067 -2.14513487 -43.17525377
v -2.84791858 12.24339743 -40.14308374
v 43.40932712 -5.97717841 -36.48375335
v -15.23401483 9.92435121 -42.70421099
v -29.14173010 2.67671045 -43.48059825
v -6.68298488 18.72344244 -47.09837786
v 19.10242134 4.44283691 -46.12675563
v 5.03804341 10.79502825 -38.78529595
v -12.39640190 9.94016217 -37.14971010
v 23.37040554 -10.29000665 -46.37395842
v 24.94450610 -11.82646705 -11.31708649
v -60.87004933 -20.26640997 -9.32326390
v 21.06049934 0.56693432 -48.13744686
v 3.47343730 15.58642984 -46.24582074
v -3.14165473 20.51550083 -50.12514019
v -23.48899608 -3.92571365 -22.37337206
v -9.65477336 16.19941611 -46.55529137
v -3.17187137 5.02591428 -27.83301038
v -1.05992216 -0.92920050 -31.26773652
v 4.76640936 5.13701646 -28.62552199
v 0.56592527 13.76723755 -51.75541177
v -54.74526188 -15.89095659 -15.79542868
v -24.03156842 -3.67684340 -23.07522619
v 7.03885278 0.21850236 -30.99384668
v 17.80052818 -4.11230796 -26.47459848
v 17.59421050 2.16697649 -51.03381117
v -64.88234559 -16.70295209 -19.03158955
v -40.50563841 -6.76852390 -34.96841393
v 17.24057496 -1.42192359 -21.23731609
v -53.26955801 -15.27200236 -22.12161873
v 2.45738094 17.89322380 -54.44879196
v -0.11031493 0.09537508 -32.96288208
v -22.36851418 -7.42430159 -16.52040186
v -59.15036159 -10.82343255 -11.94146700
v -53.20774624 -15.33555157 -13.69288732
v -23.03950093 4.50496645 -46.85192338
v 57.99891913 -18.49889305 -4.80912454
v 33.91676597 -7.32721540 -26.47181315
v -48.40739115 -4.89021329 -17.31234709
v -3.62289103 15.41099680 -42.42734926
v 7.22588237 0.94865645 -25.40853623
v -26.39162442 -6.13162418 -47.44653108
v -26.74330470 4.11866637 -34.61318114
v 44.59801115 -13.92428324 -29.34703136
v -48.75235480 -9.94411617 -31.74917912
v -62.63481153 -19.75821116 -8.49025356
v -27.63945300 -10.50955351 -11.43744209
v -32.37439139 -2.62796458 -48.19539968
v 34.33292387 -8.85966983 -46.05279048
v 26.24990606 -3.57113230 -47.76843897
v -15.37963282 9.89892592 -39.67241344
v -47.14872820 -12.98653187 -11.68283904
v 47.28340745 -10.87898342 -14.80718061
v -13.58063716 14.67557923 -50.80515996
v -41.34994400 -12.08540268 -4.26918485
v 17.98221726 -4.22875380 -44.83772424
v 3.22480189 5.96704306 -30.29558148
v 61.67731136 -21.19907994 -10.70083064
v 49.09082728 -14.71662316 -1.99923782
v 15.36014218 -5.93188646 -20.14793901
v 14.99182592 8.81180523 -40.47969923
v 11.03927494 -1.79240558 -23.60824206
v 12.80715591 3.80471761 -27.87897943
v 11.24956520 12.05565764 -44.71917630
v -29.17141515 -9.01182483 -46.29933455
v -50.62337022 -9.55030092 -31.71208613
v 16.84947044 3.95091745 -28.74481424
v -26.77758836 -6.75404244 -43.26295841
v -30.52558816 -9.99929797 -10.00877993
v -41.99420372 0.05202036 -35.26994398
v -22.67145019 -3.16361274 -49.12443751
v -54.99980362 -7.29037920 -27.53334674
v -0.23709383 4.28202254 -26.19885639
v -29.78820250 3.05366043 -40.92332034
v 30.72937533 -7.37662060 -22.63544591
v 26.12310820 -7.70621937 -21.38918703
v -64.79728256 -15.07637792 -12.80557895
v 14.06544811 3.46850538 -51.22691136
v 42.03319680 -5.09839455 -39.02975560
v 10.49054836 11.58815584 -42.68799460
v -31.78800272 -9.79213756 -9.31595082
v 1.32316828 21.35771570 -53.64142198
v -5.39540788 10.61603484 -38.89639561
v 38.73300859 -2.31788155 -32.10623019
v 14.06396851 1.90760250 -46.46370611
v -53.20229302 -10.24755576 -28.66010544
v -25.13048273 -3.09004457 -29.25049425
v 49.47123685 -11.38586910 -16.34869108
v -20.73938058 2.03372683 -50.10139556
v 32.01914008 -9.97287028 -47.06938676
v 58.38911249 -16.90865822 -9.44259029
v 8.06767009 13.41051859 -51.41198828
v 38.00015094 -16.05628430 -14.22956372
v 41.97675336 -7.21927682 -17.22102449
v -22.29027186 7.98117858 -39.68899321
v 26.38503043 -3.53659969 -18.46718922
v 38.95877028 -8.43927887 -42.17274741
v -17.17511905 4.16064740 -27.74598268
v 0.28611512 13.50278401 -51.26590458
v 5.84402251 -0.19821812 -25.77343930
v 24.69068324 -0.92986861 -22.36796942
v -23.15341865 -1.60100356 -17.62415183
v -8.88346312 17.45033423 -46.93440265
v 8.86566245 5.63526227 -47.57875434
v -2.80586173 -0.35208843 -26.35222246
v 29.98327877 -7.17513582 -37.45441356
v 45.13455651 -14.90218080 -20.84950085
v -18.55796741 8.73475000 -47.83810401
v -3.56569994 2.19922695 -34.88505349
v -25.77743908 -7.90227367 -17.19446171
v 23.88584810 1.90376736 -40.70590599
v -37.71697691 -5.85071079 -24.94104017
v -17.57688102 0.42296443 -44.82800887
v -48.48315632 -9.99366267 -29.12192135
v -38.81367019 -6.39513192 -38.28531610
v -27.63844022 3.51663647 -28.59734901
v -50.09994797 -3.98086079 -27.14811779
v 42.25869067 -17.98727927 -5.62783128
v -24.90268501 -4.42835245 -41.52552722
v 8.85741337 3.71571944 -27.22554188
v 34.45663177 -2.79838155 -25.02269621
v 24.60540019 -1.58470756 -20.14308163
v 12.40437358 10.32652369 -42.80938354
v 35.24305293 -4.63623594 -20.66714489
v 9.04735642 2.59880671 -25.65093028
v -26.15216694 5.01895480 -35.39977629
v -18.78784872 9.18219022 -40.34017668
v -63.56326050 -15.06089253 -16.63694210
v -59.02033647 -10.96782118 -6.81372261
v 30.23658035 -0.33407490 -25.98942827
v -8.03798516 20.38582796 -52.03271473
v -22.07229344 -2.14362518 -17.81208047
v 30.04871536 -9.27645712 -10.91736756
v -30.75941596 -4.09456113 -32.23535320
v -60.79283125 -20.07712759 -8.69412849
v -25.51445900 -2.67527831 -34.80273863
v 38.15452835 -3.51834833 -28.29135109
v -16.12672823 4.45436465 -48.97771136
v 39.49506916 -17.51883494 -11.43195643
v -42.87517882 -2.62906589 -20.77621563
v -27.47499725 -6.67901861 -41.92093107
v 37.01088457 -8.88456740 -23.25722046
v -10.30251143 -2.42527422 -26.78310539
v -12.85646645 15.90798501 -49.42986975
v -5.56526055 12.29651413 -40.44084379
v 1.66301912 -0.46916321 -27.01483400
v -48.82872086 -4.16823276 -21.51568771
v 42.62918189 -6.37456044 -40.60582041
v 3.86846209 -0.36589381 -26.78290904
v 1.15744146 13.73152095 -41.47786235
v 28.50562237 -5.94250932 -13.28747179
v -15.38901088 -1.65139202 -22.80345807
v 62.29685316 -19.53743083 -16.13050430
v -35.68847678 1.84230624 -33.17037380
v 14.65948007 -5.60633834 -21.98515041
v -58.11884571 -19.21984190 -13.74501161
v 39.39499339 -9.56602952 -14.21608378
v -18.42536315 -0.16977605 -34.23275826
v -39.49457244 -6.17765161 -37.11625822
v -3.65415713 15.20878345 -53.80990266
v 35.70785517 -12.70680059 -17.31874597
v 55.45758011 -16.48056975 -21.89967454
v -15.22901029 -0.00841944 -23.22138026
v 24.74337881 -3.22913969 -18.18737525
v -11.41961549 4.99765711 -29.06772173
v 46.19023721 -13.26564157 -29.76615630
v -43.34112960 -7.18273617 -24.22395093
v 16.45644343 -7.06701880 -19.37342806
v 9.65968279 11.50065448 -52.59750231
v 47.63346474 -17.60459096 -19.15870632
v -55.65089246 -17.84611109 -6.80825747
v -21.69666600 -0.65294459 -18.78028583
v -17.10370119 9.51254782 -40.12325823
v -19.97316843 -3.33698568 -21.68747212
v -6.85595302 -0.64637775 -30.97580238
v -34.24137241 -10.56784781 -8.01930471
v -47.16416183 -3.59886838 -40.05166604
v -34.36563304 -7.01388806 -19.88148227
v -12.04435212 3.28595236 -26.32097100
v 43.77890846 -8.54035797 -37.44970979
v 46.33300702 -9.56633011 -31.63383982
v 16.04950514 -6.73707316 -19.18806130
v 48.66451003 -9.84442654 -21.62313781
v -53.74318079 -13.05045877 -25.28528265
v -60.66690347 -11.86421925 -12.28662387
v -8.47610035 13.07880915 -51.76003607
v 14.52692342 -3.47761063 -21.96149280
v 16.21703969 -0.65533907 -41.33907954
v -9.43094606 1.34348328 -25.29883340
v -25.01043254 0.97067518 -47.86022161
v -56.50185805 -18.12830111 -12.38839441
v -8.81446666 -1.93555238 -28.37354540
v 17.71493892 -3.17369528 -20.01955024
v -0.85337893 -1.66043060 -28.85594876
v -26.31620273 -5.62104390 -21.25040894
v -14.06797015 12.73890086 -50.21820883
v 60.05887336 -20.23917302 -22.04338479
v 16.68831644 -1.71735115 -45.52628756
v 29.65401698 -0.79336833 -25.00632530
v 58.16622762 -21.40013440 -7.19786981
v 26.92924810 -10.52464950 -47.45665610
v -33.45958481 -8.93181336 -45.75524878
v -28.34544514 -6.94973611 -47.26696923
v 0.81762336 14.37778995 -41.94781465
v -26.14721369 -2.63857502 -34.55458550
v 50.55749999 -21.22950927 -13.65610975
v 29.66105319 -6.31089734 -12.81342215
v 7.97827264 0.64329758 -25.21248618
v -58.75824024 -17.34553283 -4.25325527
v -57.20197777 -10.29932711 -3.28019061
v -25.95003673 -11.67306151 -13.14706137
v -40.30402863 -6.38155701 -37.55333275
v 34.74846560 -16.29001637 -9.03875927
v 23.45894039 -9.92225851 -12.39769557
v -26.58657512 -1.64666062 -16.14010744
v 43.83557624 -6.94996685 -19.03002487
v -34.80317383 -8.49787154 -43.78471456
v -2.70170565 5.93066384 -29.51880767
v -33.44613221 -4.97977384 -23.97184048
v -22.60219538 6.76456511 -41.72520835
v 18.19325584 -6.80017601 -45.11545582
v -29.48199017 2.92428107 -36.20077950
v 19.09326592 -4.76775823 -42.51954083
v 22.49903289 -9.59629376 -13.83617976
v -6.26336248 16.26738112 -54.31449101
v 4.63140938 3.22270941 -37.61092212
v -30.32586577 2.18150078 -43.24469327
v 13.25009491 -4.85488487 -22.58057783
v -51.17303853 -9.33963229 -31.83137025
v 42.01893516 -9.09861516 -39.22768242
v -50.20407990 -6.51849440 -33.49422308
v 9.44802719 12.62564727 -51.53792511
v 3.13985335 5.27985111 -42.35398391
v -19.08939086 -2.27566609 -30.28707476
v 31.10383802 -5.99300994 -48.18889028
v -34.70276749 -3.16420348 -46.37885996
v -61.69164911 -11.98527684 -6.28401066
v -19.76164572 8.46331143 -33.95429108
v -50.07861379 -15.09848333 -9.45808247
v -54.33355040 -8.04407846 -29.99066961
v 18.54882501 -3.46353973 -49.90851609
v 41.96902735 -18.42612033 -10.74167355
v -52.83417433 -15.99787851 -4.34601876
v 19.17775927 -6.15407957 -49.22747007
v 27.60889710 -5.28871114 -31.56364329
v 2.78380408 1.79533886 -34.71614895
v 22.08198401 -1.97008547 -48.35837420
v 32.32622889 -8.04583672 -12.89930954
v 11.29434253 11.36435621 -43.26440210
v 12.99628187 2.57745133 -38.67382599
v 1.61524049 2.84773796 -36.45004722
v 20.62682287 -4.26711542 -40.08621118
v -36.98082718 -5.27770598 -10.88039369
v -45.35147121 -3.67112352 -17.95462961
v -59.74219953 -18.40644699 -5.31530651
v -56.94775543 -9.11841712 -15.80349947
v -48.38896127 -11.29929021 -15.30134704
v 35.41534279 -0.82747280 -34.27352818
v 37.72654464 -15.64702163 -14.81225689
v -11.15925521 4.10244183 -35.86837105
v -56.01456715 -10.05539153 -2.09154973
v -51.50852522 -7.00586390 -14.69741543
v -50.82521936 -13.27096616 -23.16988620
v -59.75024407 -19.33717884 -19.84989297
v -37.87671220 -6.34127976 -8.06101289
v -42.83320492 -2.72154626 -20.06380192
v 55.30562709 -23.32988798 -20.48216984
v 43.16054679 -11.91666590 -33.00872827
v -46.21614898 -3.90480414 -40.42789474
v -53.89660252 -17.02288766 -10.15270594
v 6.27755911 4.30365484 -27.33342049
v -15.19324839 11.91999406 -48.99683617
v 20.46485128 -10.26957788 -47.76933686
v -49.70866322 -11.26419808 -25.47963629
v -21.63355799 6.93411841 -33.32790183
v 2.42814667 14.68425382 -53.18018519
v -35.35167185 0.65791468 -24.80293561
v -60.81699111 -12.87870944 -17.75750960
v -34.56864946 -5.67643879 -46.11888482
v 54.06424880 -17.88694853 -25.41294794
v 8.71893312 7.50517434 -52.63785481
v 1.23850416 -0.05701179 -32.25003576
v 2.81171913 9.80372309 -37.62759041
v -25.43050493 -9.30138368 -14.79156225
v 62.73873087 -19.18898903 -10.01879827
v 52.30106927 -18.70489522 -4.24200013
v 18.85669209 7.07452480 -40.28245516
v -3.58346810 18.89694784 -55.53090192
v -55.75717278 -7.51580860 -20.28460715
v -25.88773322 4.38430019 -33.66183982
v -10.23276800 4.49684999 -41.42095304
v 12.23200953 4.19085493 -48.60348693
v 40.36672583 -6.41944843 -41.95474738
v 19.94847897 -6.89019326 -43.21998543
v 30.33277023 -13.01687220 -15.89110254
v 22.97672484 1.88915364 -41.99446813
v -5.26569488 13.43911920 -41.18557311
v -2.05272101 10.03535339 -46.43917769
v 34.45828492 -4.41325016 -20.92023264
v -36.09204565 0.26185103 -24.21764021
v -17.68815925 0.35555107 -46.47169045
v -17.01357424 6.87768886 -50.52490605
v -58.63080289 -11.22377651 -26.67552246
v -56.53767786 -8.06226148 -21.60019018
v -14.09600242 2.72230256 -24.46797324
v -21.83375718 -0.76627886 -39.06923005
v 13.89374874 -2.25371724 -31.53453576
v 10.47951155 3.07514760 -26.06280350
v 13.00061761 5.16521260 -53.97177524
v -34.45859445 -5.28254279 -10.01175638
v -42.91093327 -8.24282362 -32.31743485
v -45.67905180 -9.16727159 -28.67354047
v -19.90593409 9.02281653 -45.47631355
v -15.09401041 5.01224873 -29.96353457
v 5.25610639 15.51438092 -51.78890270
v 55.73246597 -15.22992919 -1.84296513
v -24.76777197 -5.23792714 -46.77033486
v 33.94761169 -8.39263513 -13.71209807
v 35.16403127 -15.75592280 -7.37916401
v -35.89539375 -11.58019054 -10.39858018
v 32.77316532 -6.17261568 -32.41979505
v -26.35437742 -4.66365772 -14.92786955
v 25.65609618 0.60297266 -41.61871618
v 30.81032461 -9.97276755 -44.62540697
v -0.90397257 7.55837161 -44.17561512
v 3.96901879 18.69818784 -52.05292824
v -38.33534968 0.29061891 -39.67284388
v -21.38909897 -0.56971569 -50.48847121
v 21.05771282 0.15482522 -48.82980307
v 7.26411794 11.60380543 -40.03919257
v -4.96996242 10.05496656 -38.04558912
v -41.11370735 -1.28116303 -41.14891982
v -9.89851341 14.79172751 -45.78964329
v -19.59930569 -2.88660112 -25.15560506
v -27.67695288 -5.28787275 -21.84244645
v 23.60146251 2.83311881 -33.51616178
v -62.93295345 -13.43117847 -5.32814309
v 18.46027202 5.37874569 -45.87026575
v -18.90897786 9.34766645 -39.22828916
v 33.88262687 -6.37774920 -31.45648807
v 9.21767548 0.88488038 -25.03345279
v -16.43430506 9.91307437 -37.09255097
v -20.03786917 9.63458962 -37.58313174
v 13.11394181 6.53518575 -33.10628749
v 16.63379153 -1.27683692 -42.91144219
v -49.21821863 -10.06731204 -29.34238391
v -18.23352084 0.86436499 -40.13191680
v -31.48004403 -4.32403790 -13.75184167
v -23.51515089 4.90867962 -32.22140328
v -27.19311964 -4.22382428 -15.00368979
v 8.45910662 0.22806890 -31.15189571
v -38.14304475 -6.02941058 -36.89070855
v 32.39524664 -6.20362006 -33.38037060
v -12.26010731 3.91021793 -35.48725230
v -13.20211603 10.05176798 -37.57429539
v 14.77184560 2.17599281 -23.96098397
v 48.53277961 -18.31537323 -19.50145289
v -14.12237748 -2.62450195 -25.61833203
v 16.10392651 5.48301371 -52.35300523
v 33.11599577 -4.32048994 -45.18872514
v 8.12957794 13.00581108 -44.03239121
v -54.05807088 -15.74135447 -21.42429265
v 20.03428035 4.10386079 -31.43129333
v -56.55081156 -18.06214485 -13.38253395
v -37.41639500 1.14526446 -30.15651122
v 16.43279614 4.93095464 -52.25679606
v 60.64312500 -20.89151793 -9.21521813
v -55.56998441 -17.88581952 -8.08545086
v -47.04992943 -10.12659069 -30.59260127
v -41.84326673 -2.61575286 -41.86471404
v -10.24935186 12.11662561 -51.67290578
v 47.54509500 -13.40116307 -28.96160253
v -0.48712789 19.61273485 -55.37950545
v -10.45764360 0.15976047 -24.97045822
v 20.04297464 5.30471948 -42.99161132
v -0.11068458 14.78303486 -42.16136264
v 4.53583821 5.81036773 -43.79432502
v 44.85107518 -7.58285399 -24.50106666
v 31.74883252 -8.23489704 -47.72949154
v 52.92638296 -21.68341885 -22.30660789
v -22.77915185 7.94460252 -39.47464560
v -30.46207558 -11.16542432 -14.69007244
v -39.37645246 -3.03388754 -18.89878821
v -61.75135742 -18.46271120 -20.80900749
v 9.72834027 7.28741393 -53.80163063
v 43.08474661 -13.35626724 -30.95727325
v 35.43692110 -8.38472668 -22.80138845
v 8.30514454 -0.27637690 -30.35298428
v 35.76440577 -8.72168970 -37.96450792
v -64.35309928 -19.31927148 -18.01990902
v 46.89835013 -9.87651132 -28.13283377
v -26.23851318 -6.33505119 -46.49322427
v 22.41491513 -4.76504848 -26.00699455
v 23.06378165 -11.64966101 -15.16358314
v 9.06765059 7.51121541 -53.52807292
v -20.12982124 0.44949283 -36.62515113
v 42.91635033 -4.99707673 -33.24774960
v -34.68553184 -1.35275414 -44.23740506
v -43.90683900 -7.31201074 -5.90598067
v -53.78191771 -14.87756365 -15.55955555
v 55.64180873 -15.85677883 -12.63799350
v -3.35348413 2.34119412 -25.73578079
v 36.14392484 -16.01705781 -6.82894512
v -38.12625528 0.07347893 -25.89322631
v 40.83414836 -7.81893823 -41.41399634
v 23.27220183 2.69686241 -31.15825295
v -4.41799192 15.00343051 -42.24708806
v 4.38102880 11.12437319 -52.38644020
v 17.82873630 5.72924260 -50.29364167
v 6.02841002 14.75508697 -47.96057951
v -26.75436305 6.61559703 -38.91136771
v -21.74206519 -2.84457808 -49.18229781
v 11.13340752 10.45382906 -52.73441831
v 0.68747897 9.25319866 -36.30057234
v 30.01019157 -3.77157251 -20.00630086
v 21.92841622 3.57095449 -33.12703251
v -65.82824885 -16.03980793 -12.29311034
v -20.93980273 -0.77082368 -50.45220492
v -33.04392176 -5.13529453 -23.23963184
v -20.15718268 9.81094159 -36.31010398
v 36.86477474 -8.64499623 -24.72167697
v -3.32028388 9.51683056 -36.52677080
v -41.40468642 -3.60629436 -42.44966684
v 42.86477112 -6.19619747 -20.07514435
v 27.27368345 -9.55049587 -45.11902342
v 26.10635081 0.33552738 -25.59201339
v 25.03721864 -4.87877113 -37.21438486
v 49.92282391 -13.34403876 -8.97339489
v 36.57669044 -9.52172292 -38.81839093
v 15.58673394 6.95765852 -34.39752006
v -11.63986872 -2.42129073 -26.93924366
v 11.93455588 11.40726564 -44.01587371
v -38.89700617 -7.53628721 -19.19675339
v 42.14700994 -6.04954569 -26.80635361
v -13.68701573 16.93202071 -51.31343552
v 37.56796550 -8.97769990 -27.65462759
v 33.55303913 -4.88665400 -19.25650184
v -4.11562814 6.77149310 -30.83076144
v -18.82303581 -2.04168428 -31.33682371
v 36.33271415 -16.53010432 -11.40192198
v -40.26770402 -6.80382884 -40.74758898
v -23.94472201 -8.55472728 -14.89717880
v -49.35597280 -4.52824283 -19.68178777
v -3.88737128 -1.37660125 -26.61081342
v -44.73261392 -13.03387888 -4.72934324
v -16.33672556 -1.80484160 -29.56948977
v 34.24461168 -5.29574849 -44.81812347
v 32.52033393 -7.72331939 -47.60974755
v 44.22364306 -8.03937940 -17.57510001
v -42.28377456 -0.82071475 -39.53475671
v 19.01987122 -4.23750022 -49.88398839
v 33.67353956 -3.40572114 -22.74661707
v 48.14107978 -18.21101813 -23.69943137
v 14.91193067 -5.79401998 -21.47187231
v -41.42142608 -8.03413680 -18.96474695
v -25.60335908 -5.87087298 -46.42432401
v -35.33060595 -6.21819236 -21.61742095
v -31.07582939 2.77840017 -32.26240143
v -1.31373716 3.43741185 -37.06192878
v 26.33439391 -5.41513002 -34.00960730
v 27.76835788 1.71651308 -32.40766484
v 22.61435046 -10.09461241 -13.16474672
v 33.35819865 -7.65751490 -37.10306352
v -59.86191107 -17.84508729 -4.85189672
v 34.71906701 -10.20909426 -42.60841165
v -32.24779770 -4.72415135 -28.50206352
v -22.34082229 -2.68323274 -31.50581149
v -31.15246719 -4.52592070 -24.51511486
v -61.65445935 -16.93551712 -5.17471347
v 43.88697736 -11.76348452 -5.33366277
v -33.89333548 2.26345670 -33.33011403
v -19.83448783 -3.90802575 -20.03656708
v 5.60211911 15.05309920 -48.23956052
v 2.98244420 18.42789528 -49.42965113
v -45.62409056 -1.38985206 -33.49889879
v -55.47486736 -7.52795766 -27.04721177
v -23.07512469 -0.90277896 -50.02111920
v -32.42341111 -6.79747127 -9.23588878
v -18.25548469 9.96302092 -46.74631372
v -7.28089857 12.82255700 -41.65216742
v 11.52566333 4.78714502 -50.24145905
v -52.32353639 -15.50491781 -3.54887980
v 52.65825420 -14.20458660 -4.48858116
v -47.56412353 -13.90612534 -3.82215260
v 19.48255720 -5.99872365 -49.34233451
v 17.68687136 -3.22767161 -35.25996983
v 0.72979591 15.47823849 -53.69650052
v 21.49040446 -6.76707285 -42.44036687
v -53.62723645 -7.12618037 -17.60941148
v -2.10123876 -1.42269349 -30.25885478
v 26.82222522 -4.90510452 -27.86864285
v 35.67084384 -9.33260141 -13.72693690
v -2.64538832 10.57413481 -46.92496993
v 17.49074859 3.23508308 -26.65636513
v 45.92350435 -16.02198746 -19.33387980
v 16.28606827 -1.81940690 -36.19244790
v 17.86839370 -0.34231463 -50.54347109
v -61.38226242 -14.40663562 -21.93503070
v -63.77549738 -20.47059856 -12.05152736
v -50.49854136 -6.40723461 -32.94527510
v 21.50658425 -6.18486590 -41.86924072
v -61.29137063 -15.05980634 -23.02117595
v -64.41763676 -14.74236395 -7.30473619
v 17.87152988 -3.34715766 -28.84644643
v -15.21476889 3.28861220 -35.90501715
v 16.34551510 -9.09432197 -47.50776394
v 2.96764653 7.71257814 -33.64913499
v -12.29491143 7.84413450 -33.36438024
v 12.99029998 -4.59863872 -25.47337818
v -12.26725895 -1.00527235 -30.12455900
v -10.41981674 6.18726745 -45.87561366
v 37.77834816 -7.32705958 -43.57641107
v -11.45341002 7.06647820 -32.07647770
v 1.72371043 19.97919057 -51.55519557
v -10.46942838 19.06185380 -50.14614353
v 29.74668019 -11.90446385 -10.20704191
v -0.06959622 9.11181226 -35.73987416
v 8.29448972 8.01914445 -53.58656808
v -12.54362428 1.14228846 -32.35230289
v 10.65997476 9.82740680 -39.39118312
v -22.27954807 5.20619824 -47.57333417
v -24.62794410 4.33108351 -28.39154156
v -18.53648159 9.77093025 -45.10418776
v -11.05789276 6.05725518 -46.23706412
v -7.66215814 6.54323495 -30.58093848
v 1.77030607 -0.30748884 -31.32684783
v -11.35725187 -1.96363071 -28.38440682
v -51.17426561 -5.03803630 -20.37713524
v -14.43930079 5.22054286 -48.07293809
v 2.64875869 12.80252338 -52.17144283
v -43.76124049 -9.14245103 -18.10988103
v -64.38215176 -18.12200608 -20.14991595
v -9.01360323 5.61695825 -43.77634244
v 18.60054948 1.57825366 -50.57377116
v -35.03452302 -11.40094128 -12.62948890
v 51.04164570 -16.88404563 -3.44808692
v 42.92332482 -13.60879564 -28.87536535
v -44.55033944 -8.22381865 -20.74543840
v -21.06238387 -5.23906935 -17.35772505
v 10.97207500 2.46580661 -35.65781885
v -55.61160774 -8.68309953 -13.47471763
v -21.04885033 4.12794502 -48.94496263
v 36.49719107 -9.93511497 -20.52075413
v -55.05142914 -16.34716961 -3.68189448
v -36.10084750 -7.57518293 -42.36577222
v 55.10794847 -15.52741450 -7.67785424
v -34.19080541 -4.86492445 -10.95726514
v -62.38171574 -20.56124634 -17.18531360
v -16.51619049 2.62137027 -47.41214240
v 3.88007998 15.22244141 -45.88278423
v -23.93643560 3.04044333 -47.45316433
v 35.73027944 -13.95381034 -7.45045253
v -54.45901721 -8.29032750 -13.78967659
v -61.19586674 -15.75110127 -23.23918470
v 18.42274162 -4.75729685 -43.70425191
v -22.11749602 7.05057917 -41.80573755
v -29.82897047 2.76005117 -38.55503404
v 22.82861459 3.46169416 -37.03142347
v 20.25502809 2.60109160 -26.74961964
v 57.13794172 -24.26867987 -10.87944419
v -57.52632348 -10.02272740 -27.70275138
v -28.90952833 -4.68848298 -14.42174273
v -54.90790429 -10.58553851 -27.96178636
v -13.00440769 9.30159765 -50.69420273
v 17.42981667 2.82589002 -25.16445018
v -31.83012648 -9.22712869 -45.78768995
v 23.94381992 -3.15572141 -47.61247036
v 32.77527138 -0.47751768 -27.46535084
v 46.82456656 -8.84558420 -20.11666185
v -27.84544521 -1.55944335 -48.41688714
v 9.06035447 3.45298258 -26.78552360
v -22.37133111 5.55118930 -32.53749580
v 40.82946638 -6.14372022 -18.16837340
v 0.92406304 8.95308562 -35.33119234
v 36.08972674 -8.18648367 -27.40551931
v -62.33873593 -20.01847747 -18.54120254
v 4.51122829 15.86616048 -52.67153925
v -18.20278152 9.94854339 -36.34398687
v 55.92737415 -15.89815058 -8.39330851
v -19.58540877 9.03997092 -46.49642957
v 1.41344369 16.34107110 -45.03191584
v -24.88257212 2.96101287 -45.17968453
v 11.00002558 3.08556842 -39.78039266
v 18.22842087 -3.40955202 -30.97229704
v -30.52278020 2.44800789 -41.78318167
v -53.01819822 -7.82530495 -32.06088129
v -20.14189271 -4.96914753 -19.39395841
v 40.25662060 -10.19894220 -34.60163400
v -49.29369499 -5.58692395 -34.15623132
v -5.25678153 6.29302805 -30.05745241
v -27.95976053 -7.61546822 -46.95399730
v 42.47793246 -10.62291970 -34.38047387
v -19.48679151 -1.75608283 -47.57306793
v -45.90750099 -4.32323709 -40.36599482
v -12.09612324 13.52709966 -51.69636936
v 16.54923551 -1.59635343 -46.57020059
v -31.15308289 2.46322267 -36.58119351
v 24.78841722 -9.27079892 -11.52702141
v -10.16018121 2.32442852 -25.50300210
v 14.25298752 1.82538486 -41.59051814
v -56.68748335 -9.28492132 -12.38012943
v -15.72486717 -2.45401294 -26.96639353
v 21.76910923 -10.08966715 -14.08246341
v 13.40629910 11.39807585 -47.45165923
v -6.02598549 0.00604920 -25.74333178
v -29.74992369 -7.53925728 -10.92415632
v 12.42152180 11.81555340 -45.43717977
v -33.46983862 2.43920783 -32.82211142
v -23.21382973 -8.01449761 -15.90955019
v -56.84370919 -8.76419067 -17.65104403
v 9.71906388 8.92048589 -36.63657110
v -6.27074476 13.11216472 -50.49110641
v -26.05695139 -3.24371080 -28.98269832
v -20.83259874 2.18579666 -22.66177455
v 9.99566624 -0.47923398 -30.58338125
v 22.69512027 -5.31146202 -17.79553561
v 56.11770049 -16.95594199 -21.64063632
v -4.68518277 11.74731196 -48.33989388
v 32.13685422 -7.37102474 -23.42664942
v -45.56903024 -11.96891364 -13.26418597
v -38.29609793 -5.25665902 -11.47597579
v -7.87557951 16.33799163 -45.10207325
v 38.25975661 -3.82378670 -27.79884971
v -57.60429797 -10.67581997 -3.35651925
v 46.40471925 -16.31139301 -19.96022951
v -59.28571133 -11.97085931 -25.73381663
v 38.31243046 -5.09054927 -20.60340219
v -19.16813802 9.92864430 -36.68394755
v -47.19028603 -9.72136145 -17.69096902
v 11.74525209 9.65864767 -39.78964915
v -41.98155935 -6.96489448 -6.72553964
v -27.78946888 -8.21924809 -11.66918697
v -54.16627249 -12.66601381 -25.69714450
v -47.93754446 -2.88017048 -32.38844174
v -47.26494097 -2.09076136 -33.36291100
v 18.24201911 -1.72583516 -20.57133197
v -55.56747749 -8.40473827 -29.01732405
v -19.04518615 -2.51301015 -20.36224323
v 17.53538506 -0.91144314 -21.48338077
v 43.65682369 -17.70206025 -4.47176996
v -62.21873449 -12.40172146 -8.65806828
v -48.86399174 -7.97563148 -2.87013697
v -11.52254586 13.59028771 -52.00525718
v 60.80236039 -23.50883814 -21.39813581
v 35.78037683 -6.95689789 -31.72041478
v -48.94040890 -4.18846489 -34.22380509
v -6.60245006 18.44246708 -54.52066462
v -41.05944099 -12.67758882 -6.34912731
v 7.32928557 -1.81038767 -25.29734790
v 45.07417410 -14.71003370 -3.45190341
v -34.25861665 1.87900455 -35.94893495
v 23.38192227 -3.50452467 -48.13736246
v -3.70638900 9.92505624 -46.41631537
v 13.35568478 3.06751202 -25.46786881
v -39.80155108 -2.07498762 -21.20271448
v -6.04090585 2.76169328 -25.63279767
v -25.94968167 -5.36653956 -47.76229278
v 1.62438982 -0.11104844 -26.64749737
v -45.81650077 -7.54616908 -4.72632475
v 34.96988005 -6.03135660 -44.75006457
v 47.28893233 -16.37478802 -3.55225205
v 37.67720023 -9.13122032 -28.84267827
v -19.03971312 9.12146079 -42.83233833
v -44.13224766 -7.30391005 -37.31735714
v 5.58390571 3.18151983 -37.55239339
v -51.38271934 -5.41489135 -29.41236524
v 7.90720818 5.31341373 -45.85916561
v -8.82901689 4.88881887 -41.97606722
v 34.70666633 -0.87357894 -29.04948343
v -49.24545410 -14.06962376 -11.30686036
v 34.94879667 -9.14806673 -20.97813377
v -59.16345007 -19.49019275 -19.51476428
v -48.50953865 -6.30385021 -12.09585769
v -9.30707581 14.82104476 -45.30734083
v -17.02407600 2.42416009 -37.38779266
v 22.74582720 -5.85288932 -17.18160671
v 41.28386589 -7.04682279 -41.43876336
v -15.48418069 0.87551596 -32.71128201
v -46.25377860 -1.83142466 -38.09332775
v -1.53268299 11.10131055 -47.54140271
v -60.11635919 -12.14398165 -17.51366182
v 21.12209632 -7.87948077 -17.28645449
v -19.78783705 -4.13298957 -19.70559451
v 32.46611306 -11.24035539 -18.05034411
v -25.52983766 3.40808236 -44.22714996
v 44.98999336 -14.35995018 -28.04205690
v -9.52565405 9.76695860 -36.94948717
v -56.04574151 -13.59175497 -2.37108961
v -33.71916485 2.44832230 -30.48304551
v -32.17386405 2.27872697 -36.36680648
v -16.44958980 2.34041004 -46.46314463
v -0.56504243 -1.26642088 -27.27694380
v 10.44198690 3.63938492 -27.41029217
v 52.77508309 -22.82906878 -7.20227740
v -44.35226722 -7.61726791 -24.24973831
v 10.96434457 8.24085678 -53.63700554
v 1.23105202 16.70622095 -45.31935268
v 41.30754798 -11.80668415 -25.07761095
v -9.65613106 16.67343861 -46.93153121
v -45.82329840 -1.70024258 -28.41172482
v 33.04732846 -0.97645070 -39.43301201
v 6.00541219 7.01508990 -46.63935375
v 53.76906508 -14.29359747 -17.20279846
v -45.34780941 -8.66360535 -35.71389774
v -37.11609595 -10.98835359 -13.33741488
v -9.66315509 9.58012252 -48.93021873
v -20.98739604 3.11716737 -24.23045376
v -27.73454754 0.52555887 -21.81370243
v 8.73214061 1.51400528 -25.23554377
v -53.73451286 -6.84680028 -28.55747214
v 43.78446987 -7.22991437 -38.44272914
v -32.30282750 -1.60566956 -48.17138241
v -61.14511266 -13.75144339 -20.94874417
v -7.53315345 20.89136571 -53.27837705
v -11.27798493 1.60845874 -25.05285225
v 31.00145933 1.11204804 -32.60587857
v 29.11456008 -4.64873207 -48.02714179
v 23.90077378 -6.33105184 -41.77875924
v 30.74003895 -11.34995191 -10.12919268
v 55.10034333 -19.28679569 -4.64341285
v -49.58418496 -8.96502431 -33.06823030
v 23.14694603 0.42470796 -43.61803243
v 61.81137437 -22.57108260 -21.16742447
v -16.20081800 5.27400617 -49.66068361
v 32.56662153 -6.40031395 -34.01110982
v -39.75955466 0.69518288 -35.89516788
v 46.87013152 -16.78347761 -20.50443862
v -33.30650966 -9.30504153 -16.83114320
v 24.42020505 -5.62121966 -15.15882692
v 26.26198000 -5.39042232 -37.80737204
v 17.45845329 -2.61918920 -43.72101271
v -49.07384525 -7.04122771 -34.47273978
v 15.87678708 0.73205200 -49.37494831
v -13.64021625 17.48150574 -51.39947128
v -62.53842831 -12.93214735 -4.96173265
v 33.72466681 -3.38715603 -42.59076943
v 27.54572374 -10.43554484 -47.66018787
v -1.62468249 12.64922874 -40.42914167
v 46.32063924 -8.59630835 -24.13430233
v 8.55980634 6.23315986 -32.23665057
v 42.78131691 -5.16989073 -30.84573865
v 22.47019049 -6.78759990 -48.95233748
v 53.20340806 -17.64621061 -3.86591362
v 14.74578807 3.20477696 -51.81541884
v -51.17805845 -7.20788640 -13.30302368
v 53.53893936 -15.33140757 -23.45708133
v 43.44369704 -6.69480648 -25.99632473
v 18.97268541 6.14906752 -37.06749017
v -8.15699302 4.98265432 -28.12356830
v 45.05835429 -8.48535997 -17.63728877
v -25.64529685 -4.84950328 -47.96141806
v -22.16019745 -0.00437245 -19.33666168
v 43.87731898 -13.68752469 -26.84333123
v -18.44805698 1.93579916 -22.68239523
v 16.02181770 7.60095048 -50.58673647
v -18.61758050 -2.70579322 -21.18937120
v 12.95462373 4.02980931 -51.13981862
v 59.41338475 -19.49597375 -6.22002810
v 3.11372143 9.14027034 -47.64184782
v 31.68520936 -14.97731940 -10.35981666
v -44.54678647 -1.00731325 -37.63155766
v -12.27724529 11.76401073 -51.63036203
v 9.19523313 3.90462255 -42.41525860
v -55.30802367 -9.84262471 -28.91781636
v -63.37332568 -15.91060250 -20.24014912
v -33.00508067 -4.84614898 -25.62124070
v 4.08513577 0.33353400 -31.66667487
v 30.48037005 -8.81031832 -47.97700743
v 4.80638137 14.03407952 -52.78095606
v -58.27342403 -13.30970610 -3.00070387
v -35.15128174 -9.57145120 -7.55244480
v 43.40964498 -6.70819650 -38.80365472
v -21.54310177 9.39138313 -35.93693860
v 8.16098963 -2.84742684 -25.10729757
v 54.00296224 -18.79308468 -4.35322365
v -17.26735045 4.07375228 -49.76573412
v -12.20808194 12.37548133 -51.69181373
v 27.69731548 -1.83490716 -45.55799643
v 25.71573964 -7.13974491 -22.20313404
v 30.65547095 -5.33431233 -47.99342528
v -62.21076869 -12.66609650 -10.33727425
v -45.49471285 -9.70000037 -31.84754993
v 34.94958994 -2.88125954 -25.52509751
v 24.86457198 -4.66658833 -30.49452293
v -48.39944647 -10.63961066 -24.38575936
v 12.33492164 11.36540715 -44.40253349
v -23.69759717 3.50684290 -47.30070791
v -25.27515652 4.22005634 -43.42004692
v 18.54873129 -1.96558893 -50.40118519
v -53.29002180 -12.50378765 -25.79245929
v 16.57684418 7.56990299 -49.41008651
v -36.79412920 1.44864785 -33.20216929
v 20.31715297 -4.78609646 -25.37604735
v 2.76117047 15.67342470 -45.47257073
v -61.46063544 -19.45879680 -7.27549943
v 8.41552167 -3.03634651 -24.48251895
v -26.55559773 -6.11510385 -20.71846102
v 37.00266966 -9.98205096 -39.52187557
v 35.94873241 -3.67337341 -24.67311342
v 11.39046163 8.91014996 -36.40449961
v 42.85360204 -15.99821502 -16.58373991
v 31.47694381 -7.19648569 -12.61782978
v -25.91428826 -11.41938466 -12.43835780
v 36.09701889 -8.18046728 -26.75159265
v -9.91125349 14.98555186 -52.73853163
v -9.90121203 10.34768084 -38.26691633
v -31.71119267 2.54807817 -28.39369006
v -54.69034474 -8.63591162 -3.51695943
v -29.43448123 3.10816564 -30.56003615
v 22.03727193 -4.29729854 -39.32109145
v -31.26605135 -8.18027513 -17.59660888
v 18.27171086 0.07734073 -50.64862629
v -59.06483102 -15.51826703 -3.53604334
v 3.43002976 1.65089781 -34.32386990
v -48.95563804 -10.36289818 -21.31160213
v -66.01200786 -17.71062550 -17.96266882
v 39.53494390 -5.25150837 -20.18954200
v 11.90529445 6.33016953 -32.81448837
v 5.43663316 5.64715429 -44.13705029
v -0.16191949 1.23511993 -34.38325307
v -33.66191255 -9.20307691 -45.35956178
v 8.75383444 8.03011969 -35.30607616
v -48.56729744 -4.70287421 -18.04833012
v 50.23453693 -21.34329867 -5.54532761
v -46.64997409 -9.06330791 -27.03179259
v 37.90352195 -9.03885536 -26.73004685
v 50.36293525 -17.39982712 -3.87452104
v -6.17035759 18.95586874 -47.20485718
v 52.56024150 -16.18997014 -26.04622795
v 10.37624863 1.98232773 -34.22363935
v -57.79353920 -10.51119451 -3.79678833
v 43.51310708 -6.67129223 -27.89798425
v -22.27454499 6.39106182 -43.75104418
v -36.92330446 -7.83101191 -43.70236182
v -23.50153299 1.93706760 -22.77264493
v -11.44305538 16.46104299 -52.33472178
v 16.02842477 -4.59616564 -25.75839147
v 1.72585035 13.01292175 -51.64607266
v 16.01973898 -0.75638150 -43.86919724
v 18.33392212 6.60707458 -36.84244817
v -37.79108493 -7.39938214 -42.13412054
v 49.74695961 -19.96306964 -4.30980119
v -38.42213259 -6.00241409 -34.94987551
v -0.82764544 10.39977652 -38.49549042
v 30.31678817 -1.10181934 -24.85311800
v -62.81618579 -16.17604602 -5.96108187
v 13.31799686 0.46905401 -34.64146203
v 44.58969613 -9.24018853 -16.06606476
v -19.12635859 9.45145375 -34.92805798
v -8.74452399 17.04897770 -46.49935298
v -16.36270814 3.86022749 -26.76927255
v -51.97974594 -9.51120865 -31.09452466
v -31.41711766 2.69204176 -30.19735731
v 42.84927555 -5.17692874 -35.78561927
v -54.33999092 -10.80094998 -27.76944612
v -35.20379974 2.16991196 -30.82265235
v -4.89247649 9.91486401 -46.68488726
v -52.11900767 -15.17461075 -3.06372046
v 20.29527116 0.06783658 -49.79041746
v -45.33082214 -9.50215038 -32.99807988
v -37.20461029 -3.75887742 -17.01771055
v -38.01276911 -3.95119313 -44.59109570
v 5.35146688 7.48852064 -34.25320267
v 25.34292066 -6.63626424 -23.04406641
v -35.80662168 -8.22800720 -44.69582398
v -5.61962711 18.79110384 -46.59111837
v -4.99393437 3.22302406 -25.69745393
v 46.65840632 -10.23149325 -29.35489429
v 36.71142336 -7.34436078 -32.97219311
v -40.41265274 -8.87395598 -17.21237896
v -47.49518130 -9.87459409 -17.26017176
v 8.73176272 8.64224316 -53.74563236
v -17.56403120 9.83447077 -35.73821610
v 10.76740936 11.85660225 -43.61300290
v -25.60205045 -5.22590451 -14.92010395
v 6.44026549 9.85097536 -37.77263482
v -29.31439837 -4.04839347 -25.26008913
v -31.54793865 -3.94861171 -36.34335568
v -36.05787102 -3.25261167 -45.05872228
v 35.92193468 -2.86315636 -26.88149419
v -65.23727009 -18.93362147 -17.66954262
v 11.54372956 4.86879235 -51.11219796
v -44.97414577 -7.28161197 -37.14221518
v -27.59854542 -5.49765917 -14.09250969
v 33.11666876 -3.91287063 -44.22566633
v -15.63947526 6.43354523 -50.13523581
v 29.35388628 -5.54448002 -30.59955954
v -62.92161855 -15.11491376 -5.65368484
v 42.90835287 -18.54977802 -11.72188352
v 50.26416304 -20.71157024 -4.57875125
v 62.72142508 -21.36981238 -12.12670603
v -34.16442072 -9.59743531 -8.05632652
v 11.31222790 9.50862210 -38.49104629
v 32.83254286 -8.40435893 -21.50770683
v 39.86786249 -7.75560494 -41.99106435
v 42.16570096 -10.58092008 -11.42283165
v -31.02951522 1.75347676 -25.04055600
v -3.39731019 10.04177442 -37.89038615
v -20.68643820 5.29960351 -31.65496301
v 1.67846198 9.66763141 -37.40116131
v 18.22460332 6.33761545 -43.53676965
v 21.72831816 -0.66793758 -47.62536357
v 30.55837534 -7.24559759 -12.24836162
v -25.00366707 -11.36316779 -13.16352784
v -5.93913085 -2.15179356 -27.49422546
v -45.59389333 -7.56825496 -36.79513527
v -37.28240096 -8.25885305 -6.98076145
v -9.62269998 19.72793879 -53.50549386
v 2.45084403 5.60136249 -42.78555106
v 32.59843497 -7.17739797 -25.08137953
v 17.24056148 8.08346210 -38.70399165
v -18.40527243 6.98345647 -32.54554995
v 41.60073588 -3.81978168 -33.42643372
v -32.01103891 -4.50398616 -31.35848545
v 38.84770932 -6.07250026 -42.43819229
v -2.25228210 8.77350022 -34.44477785
v 18.92509677 2.21396788 -25.06856236
v -6.12415347 12.48589811 -40.69771815
v 25.33449647 1.96683457 -29.31821795
v -39.12133908 -10.49523768 -5.24329216
v -2.46914095 18.90229798 -46.02186230
v 15.92697817 2.60740796 -23.98180316
v 7.72838198 1.27747540 -32.63209711
v -66.01442106 -16.95034789 -16.40765655
v -63.88845297 -20.69189703 -14.32217733
v -35.28972626 -11.49228669 -11.11936807
v -57.02509669 -18.41867590 -17.95081393
v 36.10987611 -9.56437676 -13.48007983
v -27.51894135 -0.71723148 -48.29880967
v 36.69073382 -1.32888892 -31.72523957
v -52.89560867 -7.08255166 -30.71958230
v 0.59367568 18.53085201 -46.09136542
v -19.76548916 0.13891005 -39.46331790
v 36.23423185 -6.86365798 -15.77450399
v 8.04088633 3.95260594 -27.36169959
v 63.33276962 -21.33724027 -14.61496522
v -55.84380016 -17.29608180 -4.65643383
v 41.70149913 -8.66921460 -15.73953098
v -20.11590198 -3.75613856 -20.54084234
v 29.65854609 -3.22265747 -20.99645334
v -22.85202438 7.08114474 -40.94093059
v -35.73985149 -5.81259590 -32.75216367
v -28.98699696 2.19349252 -25.17059871
v -18.12684633 -2.44055032 -28.10851453
v 15.56291309 9.14795560 -47.46615500
v -3.47049123 11.90411888 -48.37720086
v 18.17356288 -4.53516237 -48.17832959
v -43.60877874 -8.37582040 -19.53432312
v -27.46240211 -7.63900354 -45.05913774
v -34.66893276 -3.60808406 -16.74440962
v 62.80404064 -21.19338253 -19.52849763
v -55.93648103 -9.00424588 -29.14736712
v -34.90152534 -0.32026189 -42.47226462
v 43.44362045 -8.55738958 -38.36126591
v 51.22345834 -22.17547705 -11.17861063
v 31.40149745 -8.33786990 -40.63505079
v -12.51457498 1.71535425 -32.94705777
v 12.97416399 -3.59732803 -27.38931465
v 27.45598920 -8.11547624 -20.81905848
v -63.25469193 -20.50008157 -16.25697489
v -25.23970235 6.00171285 -35.23196903
v -42.74071685 -11.19523466 -13.80078945
v 49.83255588 -19.71605997 -16.57246536
v -3.47044203 12.42018375 -48.93530982
v 28.37405393 -5.60413195 -26.38376519
v 26.27550383 -12.02881651 -15.48097903
v -20.47671417 8.31877472 -40.94814415
v -3.73662600 3.14443438 -35.93525418
v -46.88673166 -3.51555798 -22.04642566
v -5.04015173 3.28429404 -35.97055155
v -25.30024751 4.95741700 -34.11194754
v 17.33394671 7.83419975 -37.87404220
v -9.67217161 0.19778051 -25.17860679
v -4.24342604 11.86838155 -39.97084303
v -36.34536129 -7.39697218 -41.90213258
v 26.34033752 -1.23839673 -44.95385244
v 1.10774175 5.58265013 -29.28323171
v -63.88242718 -13.29652991 -6.51825760
v 24.84216738 -4.70493764 -27.64764811
v 17.65208617 -2.55052841 -20.37431772
v -9.54008771 12.92720593 -52.12771526
v 35.08825423 -7.52116716 -28.66309337
v 8.75198801 6.47368463 -48.83013888
v -50.62962253 -6.96384776 -13.55974141
v -34.65698284 -8.69448410 -45.33902460
v 4.07133243 2.31278107 -25.78834600
v 20.85046359 -6.53462519 -42.42233584
v 16.43153031 2.55962126 -51.54987973
v 26.22768509 0.97116219 -40.38442612
v -5.04687063 21.94465045 -54.26045488
v 10.49050952 -2.72355324 -23.39769261
v 40.21765203 -4.02144445 -29.29337810
v -50.70113055 -13.91060417 -2.02169049
v 48.56918965 -14.38640016 -27.95121537
v 22.19121067 3.96063217 -39.44631483
v 38.43636081 -14.80657478 -5.95176589
v -27.21809433 -4.89876250 -39.33888858
v -50.37597788 -7.20649900 -11.57896568
v -27.35066078 -9.83728434 -15.00722946
v 20.74736409 -7.00927328 -18.39816598
v 17.14315009 6.61200050 -50.09945966
v 33.34780925 -7.04452886 -27.61151432
v -1.01771235 12.13492972 -48.90678227
v -14.12885581 13.85514094 -49.12012766
v -44.67622867 -8.54518787 -35.85301432
v 62.06165632 -20.42858614 -19.70575016
v -1.49682144 8.83815103 -45.45949825
v -58.55669227 -14.12153194 -3.12183834
v -17.64947612 2.84784754 -23.76629786
v 45.70451848 -14.81781413 -26.33196125
v -28.80538542 -4.39164996 -14.80288385
v 36.50737901 -15.74564550 -13.98436049
v -17.76086544 1.21170889 -35.11445883
v -48.67374652 -9.47586425 -32.77672068
v 24.70906234 -4.44342696 -16.34598539
v -31.82310485 -4.68621187 -27.31784824
v -32.97256030 -6.05679084 -39.93021003
v 17.70932039 -3.64161864 -46.94123674
v 43.75420748 -8.63973162 -36.90246721
v -41.45957357 -3.05421678 -42.38438799
v -53.63321549 -9.47352252 -30.27377689
v 2.87383645 7.15334258 -32.77606932
v -0.47694631 3.30157297 -37.05472559
v 40.17348378 -11.68771815 -21.28799831
v -29.21667252 -8.15191864 -17.20053116
v -47.12568284 -7.08567132 -6.78529433
v -47.35621225 -10.07073317 -31.53756346
v -51.24570394 -10.24336228 -0.94405388
v -19.75561528 -2.15004551 -32.05549845
v -63.42551499 -17.41412330 -7.16710720
v 46.94697900 -9.79170358 -17.31149369
v 1.56973949 3.74954608 -26.03784776
v -26.71877764 1.84031236 -45.59510678
v 36.41584028 -8.94469912 -44.37121450
v 24.84517082 -9.47917688 -48.30274093
v 46.67183257 -11.96999574 -30.59686450
v 40.90982447 -8.51059612 -15.67927691
v 45.18558519 -8.34838487 -18.15230089
v 11.21286506 3.95485011 -45.45202609
v -40.70140240 -6.91246627 -29.24450928
v -23.00160511 -4.00492906 -46.61099366
v -42.50560372 -1.34435277 -26.07436947
v -0.74146851 4.35216061 -39.73265281
v -40.39778163 -3.40213484 -43.25828384
v -59.12229514 -18.90486546 -20.25147163
v 38.19096934 -8.77285165 -32.62410917
v -47.54088825 -9.01126080 -33.89402838
v 26.04200644 -1.80817272 -45.86134026
v -52.17837268 -13.08629755 -16.58920223
v 25.08142062 -10.48381966 -47.70540613
v -57.13476483 -10.40629114 -27.70444989
v 49.15569722 -11.45579140 -15.50261603
v 10.51984474 2.74685315 -25.58051675
v 11.15257880 2.48819847 -25.23123540
v -54.54850697 -10.04453182 -28.79867928
v -13.49113002 3.53857266 -40.86210548
v -0.55276478 5.46071446 -42.02781966
v 33.85092380 -5.43328855 -45.99462722
v 7.49738540 -2.27687015 -25.41137108
v 41.99743985 -9.43893444 -37.99278871
v 36.62738057 -1.42749567 -35.22469570
v 20.95982830 -8.71044083 -44.46334220
v -35.18138618 2.05412769 -30.34061432
v 8.96618856 9.89250614 -38.48106533
v -2.13336547 12.96090591 -40.57014286
v -35.90265103 2.03714168 -31.05863746
v -5.30611758 10.64411196 -47.49416565
v 46.72100619 -9.35188711 -26.95523812
v -47.03811479 -7.83888331 -35.43630395
v 3.78043775 7.24313716 -33.29148542
v -40.31286587 -4.72682971 -14.19921954
v 17.59770369 -1.72688621 -49.77885154
v -23.16252846 0.42704086 -20.14227713
v -3.32567426 22.35864155 -54.39529041
v -21.54591751 8.64585877 -39.03274393
v -23.76306061 -4.84765307 -16.02414420
v -22.39257847 -2.33303998 -34.85767629
v 27.29144778 -1.07826973 -23.40906743
v -51.81263790 -15.81542289 -10.91900827
v 6.72849040 3.67104960 -26.42278075
v 25.43511214 -4.74888068 -29.52042206
v 31.20041761 -14.80232659 -12.15890358
v 30.52577159 0.66192449 -27.97634130
v -30.54057536 -3.56655312 -36.14710545
v 8.52711250 -2.48008685 -26.65134086
v -48.87917681 -6.16540140 -13.33753980
v 12.75137701 2.88005698 -42.80004995
v 38.97989429 -5.18361713 -23.83887446
v 23.83183117 -5.82382082 -48.94244985
v -18.33405776 -0.13946434 -48.21762315
v 11.21835130 -4.38315020 -24.71689141
v -0.76783231 18.67314078 -45.67370090
v 25.01050182 -3.60847761 -17.73962039
v 26.67909809 -10.19672023 -46.17529538
v -0.81917694 3.06639317 -36.45397561
v 10.04353559 -1.20792039 -24.11132364
v 18.62078105 5.49978120 -35.16570851
v -49.12481157 -3.41790905 -37.34676715
v 46.51845431 -10.82212931 -31.36613760
v -44.25074048 -5.45010091 -40.04771526
v 41.95481623 -17.02190091 -14.47687496
v 23.69673750 -5.29715582 -40.67097748
v 38.91330151 -5.04584184 -25.70328479
v 54.01529818 -22.32081698 -21.81074182
v 24.43282747 -5.55981845 -24.73567541
v -50.36885959 -8.60075425 -1.57865108
v 34.03677271 -9.03474152 -20.84589222
v 13.84002794 2.29241273 -24.43604422
v -30.17609609 -11.35585849 -10.87118975
v -55.62809208 -17.22351157 -13.55757657
v -8.79261373 -2.10756846 -27.86457830
v 1.55795474 11.62557478 -49.57389069
v -30.95559019 -3.95627334 -15.43465708
v -49.51931266 -3.65658119 -36.36349055
v -51.42671754 -15.88499048 -9.37832864
v 34.54943762 -10.54303299 -44.26660720
v 61.66967726 -21.92972616 -21.40659779
v 24.44502199 -11.24260125 -16.07511448
v 42.88714861 -6.51762203 -40.05391790
v 2.86042527 15.09699634 -44.19136622
v -36.05462148 0.58770832 -39.98922018
v 6.74167839 1.73966783 -25.51895760
v -37.23527308 -9.39495891 -16.43159999
v 6.30034781 12.32987867 -40.94047411
v -12.88212297 7.74213212 -49.42989945
v 20.54259772 -5.23140579 -41.39130281
v 7.27570484 8.66481923 -53.16531189
v 40.79884603 -12.02808726 -29.13763298
v -28.36204348 -3.01092355 -35.81956462
v 14.76508484 3.82516549 -28.16295252
v -15.68009779 -2.66427341 -24.59591118
v -36.26808242 0.72716370 -39.47560213
v 26.18103038 -5.07801666 -32.05807010
v -42.37423734 -6.29790278 -39.65291090
v 47.91477076 -17.29770250 -24.41922697
v 2.52819273 3.68417250 -38.95172176
v -5.70166670 12.18794208 -49.10192441
v -14.76611691 -0.56473742 -23.21246409
v -20.13129668 -6.31385578 -18.37064935
v -63.20962759 -21.02768141 -14.07370954
v 3.63987087 19.52784729 -54.02086887
v -24.66813119 7.49861017 -35.66292842
v 3.03594404 2.16500129 -25.89034121
v -23.84428445 -6.22906583 -19.97378853
v -0.26542415 1.63392319 -26.01406197
v -60.76926441 -13.74233696 -22.11949993
v 40.74683467 -11.29089950 -33.50175639
v -31.43324465 -4.59696921 -26.58470660
v 25.45226482 -11.45743113 -11.01762630
v -22.59186656 -1.29137586 -50.17438729
v -3.48788209 8.48188726 -45.13193313
v -11.15924430 6.64586515 -31.38294195
v 12.12270422 9.22934872 -37.07707552
v -16.80462497 7.55042088 -32.94019239
v -57.95501546 -12.46642973 -25.88453374
v 10.59539033 0.23044884 -24.51655775
v -58.47940948 -10.59399924 -10.23243947
v 19.52091555 -5.74837563 -18.81383474
v -26.90525082 -3.60577528 -15.32966004
v 43.31358725 -17.99350072 -4.86828722
v -27.63788488 -7.33720016 -12.30709927
v -38.49422080 -0.77122136 -41.33110253
v -13.61034967 13.63884691 -50.62993385
v -39.78578273 -5.21845832 -12.15107984
v 32.51658692 -13.45578294 -9.20415833
v -19.89147537 0.68741742 -37.07638309
v -12.28836813 17.49657341 -49.62973389
v -8.77307958 12.06455281 -50.78337372
v -45.60698465 -3.42533992 -19.55215802
v 33.50227371 -9.42013094 -41.43609564
v 36.48242923 -15.57389671 -6.59930400
v 29.10255483 -5.43526255 -28.10238088
v 27.11312462 -6.16234013 -41.01975586
v 22.15924540 -1.57255930 -19.20335806
v -41.65525930 -2.19462464 -41.79099232
v -3.34643359 11.73239227 -39.81491734
v -25.22963960 4.76839714 -33.67281341
v -65.24480625 -15.33400052 -12.32261310
v 42.37762543 -12.47555190 -32.30600229
v 1.01735759 1.48569482 -34.63452151
v -8.04569364 4.75580380 -41.38970812
v 25.10871515 -6.42604115 -14.19890275
v -34.06201738 -5.00484074 -24.52823177
v 18.18021066 5.86068555 -44.91466919
v -44.03695640 -11.64744049 -3.26447962
v -20.69327792 -1.45685082 -34.75725592
v -34.06109709 -5.70946244 -22.44811187
v -10.94911228 10.60578803 -39.83513204
v 13.53403190 9.12551732 -36.95906318
v -0.68433607 16.02214471 -43.18728523
v -30.58576003 -11.62633653 -11.63067990
v 30.61975070 -9.60241925 -44.07990597
v -14.41196504 12.90615336 -48.10881205
v 21.56567824 -9.08103001 -15.33071974
v -24.19233176 6.85118789 -34.84717101
v -10.57412147 16.45607964 -47.59702495
v -61.81787715 -16.38926345 -22.79480017
v -20.54408965 6.95016712 -47.22204457
v 7.91207047 7.66957647 -50.32170236
v -56.07754110 -17.57547192 -18.71219667
v 8.32807610 9.35670369 -37.33335490
v -26.59012054 -0.00395767 -20.41040684
v 8.14063653 0.90365739 -32.01342723
v -35.52460512 -10.79194299 -14.79474676
v -41.84212063 -5.53003457 -41.05480907
v 48.99332065 -17.61271268 -4.00264724
v -45.16154234 -4.13876598 -40.66911496
v 0.80741859 20.27151740 -51.22193001
v 18.17286660 -2.08577198 -38.30683820
v 55.57437228 -22.55048453 -22.93448880
v 5.55798346 6.22904403 -31.52225385
v -8.91627799 1.79093200 -25.43353600
v 56.54046937 -16.37569270 -2.78616407
v 52.39931853 -16.54603133 -26.22160990
v -27.83225150 5.46937598 -39.69412397
v 36.97923548 -1.42518925 -33.48514057
v 33.19851631 0.10688346 -34.07931384
v -27.60424582 3.56668943 -32.43748847
v -4.00710709 5.35064824 -41.63008060
v 20.43979821 -10.61435423 -47.39132450
v -50.40549663 -10.63194203 -27.32213962
v 19.82143913 3.04603048 -47.46383879
v -51.36271664 -15.21719198 -3.72712658
v -43.69437724 -1.43387737 -39.70577554
v 14.34446955 1.80173410 -39.24153960
v -19.93436463 0.76532288 -21.41669205
v -52.74157932 -13.18080210 -1.70666151
v -41.46990629 -6.56654179 -39.44222584
v -28.43668400 -4.19540170 -23.77449475
v 63.19108720 -20.43023733 -14.77187545
v 13.01909967 8.03734375 -35.08410542
v -23.26275925 4.46145133 -45.64841567
v 14.94924689 2.54587788 -49.69496079
v 10.57072061 9.98973408 -39.84231875
v -1.35679911 -1.52326537 -29.85897519
v 21.36693554 -2.44718667 -19.05415585
v -16.30667257 1.78237932 -23.41564395
v 48.13038101 -13.71150425 -28.45173385
v -31.81260527 -8.94836267 -9.34941339
v 47.35382915 -9.14077831 -23.79273598
v 38.42836832 -11.32346452 -7.48630346
v 56.17749932 -17.40454164 -3.83123929
v -5.31458429 1.70561132 -25.63532557
v -39.49682192 -11.61845070 -11.47814102
v -43.13942657 -12.72924857 -4.85565443
v 6.60346297 -1.21263817 -27.41398157
v -19.74185493 -1.75459021 -48.19912373
v 61.92979926 -24.39616420 -16.37588076
v -0.38621117 2.19286957 -25.90731104
v -62.26355396 -15.96779647 -22.57951965
v 52.10970199 -16.76670533 -26.28175790
v -37.62799834 -12.39428539 -6.25639729
v 40.40767319 -5.45036724 -23.22468664
v 32.31598808 0.87941239 -31.61300491
v 49.76593214 -12.26985860 -14.63427052
v 55.58357299 -23.58308581 -14.00712796
v -48.18509005 -4.41911934 -18.69745852
v -53.08850059 -7.89189517 -13.01695170
v 42.23922561 -6.13943103 -19.05693527
v -20.61442496 8.20107513 -41.67136742
v 8.24749829 4.98891847 -45.37688387
v -58.22121332 -9.86853775 -20.47277633
v 22.10089066 -4.21324881 -49.21928283
v -37.82403346 -6.31164980 -33.11798417
v -21.80700482 -3.47585194 -47.54344904
v 12.25318647 -2.00783117 -29.86438926
v -3.51909347 4.39996461 -39.17408383
v 19.24311670 -3.48224607 -35.82946709
v -24.34687791 -7.50506190 -17.80503581
v -41.12372860 -7.00742449 -28.67178129
v -17.11770614 9.95315011 -36.37846922
v -33.88514189 -6.23720666 -21.20054956
v -3.23428100 11.37442944 -39.55261188
v 8.19207737 -1.55722832 -28.14800651
v 17.50119111 -3.11698741 -47.37001448
v -2.30889995 4.34903980 -39.11034607
v 26.94224854 -12.54667303 -14.85502978
v 15.59894667 -1.21898131 -36.08327681
v -10.94257974 4.85617134 -43.10418882
v -61.63238886 -12.75186720 -13.05149064
v 12.10993986 9.93500168 -41.73911468
v 31.97375180 -6.72361241 -27.61541344
v -38.82027313 -6.04346603 -26.76560054
v 1.97776760 16.34599604 -45.67938023
v -29.22274966 -6.75963662 -19.76797501
v -33.60708241 -10.86936396 -8.45063381
v 31.28794219 -2.79644572 -22.60571236
v 36.60343456 -2.97923593 -27.54510812
v -37.81464616 -6.57110149 -21.82747905
v -29.65150212 -4.07340046 -27.96115216
v -59.71425975 -20.31731192 -12.62468230
v -30.04190221 -1.86008243 -48.30942500
v -19.28927914 9.77550599 -37.48261448
v -36.54323476 -5.69251685 -35.20136360
v 38.26495133 -6.71278729 -43.07776770
v 19.67993574 -9.27604326 -48.18341257
v -20.02110771 -3.26177622 -18.68931109
v 25.50534206 -3.50664482 -18.08556537
v 37.23289290 -7.71710360 -33.91987748
v 30.06174859 -8.27583118 -48.15317722
v 4.19223884 16.29244761 -48.79786569
v 40.56884704 -15.45964047 -16.24806858
v 10.66848346 12.78045018 -48.01805705
v -15.36786387 2.67769415 -41.78046171
v 54.13854641 -22.23507840 -22.45450679
v 58.37632368 -17.41653434 -18.31207234
v 18.78851796 -1.77693545 -50.44784421
v 16.03360617 -0.23873330 -48.84621119
v 37.50213572 -3.05425243 -28.52655087
v 51.54984052 -14.21868901 -10.12455081
v -27.67047838 -7.82735068 -46.01100649
v -35.85553082 -2.70585701 -18.46723994
v 24.04351165 -11.99534765 -14.72474752
v -32.10911756 1.19120751 -24.28688730
v 63.06120548 -19.91825144 -11.40491159
v 22.83578512 2.97184891 -31.70865025
v 59.08711760 -17.80852514 -5.46269026
v -21.13770684 9.56489025 -36.15874925
v -39.97397043 -0.56017308 -25.89670584
v -27.85824036 -3.56489942 -29.64266653
v 1.66265984 7.21487709 -32.55944078
v 38.63396615 -5.03139431 -25.11741330
v -11.97734596 15.42284133 -51.96009003
v 14.94936606 3.00569531 -25.00375402
v 49.25930621 -19.21665322 -21.31433536
v -22.25612523 5.78870631 -46.64864946
v 0.90576255 2.88716952 -25.88205469
v 38.61617851 -16.25306296 -5.76052627
v 11.58591442 9.26351426 -37.28858381
v -7.92603951 11.14460616 -49.24413547
v -13.61048736 3.94804190 -36.04680151
v -4.07886687 11.04668324 -39.33077081
v 15.27059669 -3.37594792 -28.42229298
v 3.93390726 12.09396120 -52.60957138
v -24.63210557 -9.10578898 -13.76899954
v -55.43538245 -7.80378155 -28.12567472
v -54.66467186 -16.64577703 -12.94596418
v 9.20307103 -1.34118395 -29.12758884
v -14.34609040 4.62169373 -29.11206902
v -34.05551567 -5.63274294 -9.47895373
v 24.30031562 -6.63327461 -22.93245422
v -8.67707083 -1.89643944 -25.81634598
v 36.15356978 -14.92956126 -6.89805855
v -25.14828374 -2.56543569 -32.66247593
v -34.69081488 -5.30199606 -34.03401268
v -42.74504375 -0.19052271 -35.13445886
v -25.31277544 -3.81209657 -23.25131606
v -14.50341849 3.32885127 -34.99073408
v 38.15678245 -9.34344333 -37.38754263
v 57.71529809 -24.76175374 -15.42803826
v -48.64812382 -14.11704847 -2.93648571
v -41.63082530 -2.46495940 -21.13834630
v 52.25945788 -21.71600099 -5.16295810
v -38.26527571 0.56711551 -29.26348639
v -64.74328537 -19.34169708 -17.34221902
v 52.19279516 -22.31608473 -12.20709462
v 17.35938206 -4.99091503 -19.41221241
v -25.14997565 5.14812499 -42.50717329
v 32.68375478 -5.18198484 -18.03672730
v 6.78079949 3.97735892 -40.70239868
v 30.90944185 -10.70301356 -47.22047844
v -3.31537937 -1.88290302 -29.01380440
v -40.23825792 -6.57137777 -41.42582646
v -12.44886874 3.04999491 -25.90441820
v -17.88418848 0.12491292 -43.15790957
v -19.29172544 1.35372053 -22.08908363
v 23.76644541 -3.04234551 -18.25245613
v -5.58181242 20.75665132 -51.01057006
v -26.69423314 -4.84414324 -14.74092866
v 16.45588930 -3.03868361 -34.72526254
v 11.10508207 5.36190368 -31.24212348
v 19.29130040 -3.90808695 -41.25797648
v -31.85099870 -7.60930517 -18.57799071
v -2.35026439 2.38581662 -35.29271790
v 52.87811487 -16.61254519 -2.85924429
v -2.14743479 16.34911447 -43.25081619
v -24.43710952 5.17299794 -33.55194708
v 55.84282379 -15.54525073 -16.55256490
v 21.39262807 4.23248164 -42.01930620
v 17.15250818 -2.39458879 -44.62982119
v 5.69576758 6.44748112 -45.73956993
v -16.03050997 -2.38010308 -22.81957236
v -12.68195273 4.14298377 -42.61630557
v -7.49548064 14.16393116 -43.12754605
v 58.30693805 -19.52125654 -23.04041602
v 38.82060459 -6.71967731 -16.82953619
v -8.94663466 5.17827907 -28.62142662
v -4.04812352 -2.03864575 -27.56859842
v -23.35485114 3.24025488 -48.77557319
v 28.60873947 -6.71422802 -12.08789766
v -19.84776361 8.63777043 -41.76754216
v -25.07185487 4.48614218 -32.66315511
v -35.96975062 -8.34130995 -44.08869208
v 18.42918052 -5.49377615 -44.35804102
v 24.67342225 -5.89850390 -24.15287336
v -30.00232094 -4.03640110 -37.95732867
v -23.55404785 5.45334169 -33.11849985
v 17.12225088 -3.25584373 -30.48089004
v 54.48862403 -15.39724530 -13.31631404
v 11.65939517 0.91421390 -33.25873875
v 25.75783618 -12.44626744 -11.37202160
v -21.62824828 -3.22282912 -48.39577153
v 12.79114988 -1.23252677 -31.66726973
v -39.92161750 -6.27541093 -7.95365088
v -2.88396066 8.08495659 -44.76441291
v -42.21852302 -1.80727968 -24.67526486
v 29.66791648 -5.68776878 -31.67954227
v -18.49161799 -0.98439605 -33.15055422
v 43.72243983 -13.57528960 -25.45917973
v -26.55880181 6.29451234 -40.29317536
v -37.69687050 -1.15046317 -42.17458379
v -38.72782952 -6.13050232 -34.57816567
v 28.52297792 -3.29537643 -20.20277714
v -8.93541664 4.61982162 -41.24828461
v -8.49737251 12.10457947 -41.72558057
v -12.64379389 4.32643868 -28.26949577
v -0.52393867 17.11853887 -44.37173768
v -20.84625299 8.12887457 -42.71861485
v 20.41210477 -3.94213478 -27.32653834
v 32.59269352 -5.73049018 -16.21003202
v -39.57608242 -5.09246733 -43.30887073
v -14.26329821 5.88188486 -48.71226316
v -25.33303342 0.89365199 -47.64628491
v 2.70934033 0.82548239 -33.22097997
v -41.84023280 -7.38753389 -20.57803435
v -64.97068250 -16.84748904 -9.56291567
v 33.92206049 -2.12851639 -26.09353031
v 11.32837669 12.51802069 -47.12045832
v 55.23916936 -23.08638154 -21.58898100
v -9.38842374 3.47850901 -35.18345209
v -21.21024173 -1.80612823 -34.59949966
v -28.84240352 -1.12954120 -18.10353307
v -41.85391447 -9.68435215 -16.43266199
v 43.95698359 -17.18936491 -15.09988232
v -10.11203599 -2.22406503 -27.63545330
v -59.75083725 -20.39809943 -17.80786593
v -65.37915440 -16.70900603 -10.42140484
v -46.10497549 -9.65878951 -33.07807962
v -49.00675909 -8.18288481 -33.94874213
v -27.75892735 -3.76273727 -37.77319075
v 11.82818628 9.66101434 -40.30327695
v 56.30169042 -16.85345590 -3.31683247
v 29.04546329 -5.64147041 -27.09231675
v 2.09751532 13.35324014 -52.29097618
v -52.88094543 -8.08734273 -10.63511341
v -45.27269344 -2.56831053 -40.35521898
v 5.09030922 6.31168853 -45.03080093
v 48.81969561 -19.00774599 -22.31271897
v 44.40368453 -9.62756161 -34.26562661
v -52.10064053 -15.66862143 -4.32516940
v 12.99695613 -3.56424763 -22.65630780
v -23.84655546 -3.28664391 -24.07291294
v -32.59150228 2.20487069 -27.10721675
v 26.97323701 -2.99327443 -19.87292054
v 21.37832507 -0.12224644 -48.10927388
v 39.85027151 -9.31450458 -14.64735852
v -54.91054825 -7.40181154 -18.54976131
v 15.68413096 -3.11378871 -30.91450967
v 17.66859288 6.23780997 -35.22006572
v 34.65721627 -6.06301106 -45.23308945
v 7.74578867 2.26207275 -34.44929311
v 25.54365923 -4.77888067 -30.22010925
v -28.13398108 -2.17337912 -16.06354562
v 36.50858286 -10.14467093 -41.97918313
v -29.04937735 3.42691696 -38.68067414
v 37.04357387 -13.36359445 -17.10887829
v -55.87785452 -10.52337311 -27.93605072
v 28.50242783 -8.27530266 -20.65020184
v 22.80025291 -2.86800533 -48.05046284
v -49.79136822 -4.27763190 -29.35827327
v -41.00021592 -0.35502305 -30.15380551
v 17.04088054 0.76572527 -22.74049328
v 18.68551061 3.23028831 -27.30251395
v 15.33440365 3.17661525 -25.34611557
v 18.46718683 -7.60040706 -48.15935346
v -50.76247814 -14.58230439 -2.59599724
v -49.78742439 -5.52174280 -32.43120690
v -25.61551972 -0.91802250 -17.22327647
v 10.92747178 -0.22683997 -31.31034823
v -0.28791639 8.48598464 -45.31012113
v 4.32537326 -0.57359842 -27.01844928
v -30.71289508 -1.65673868 -17.78836928
v -7.87214852 15.42571193 -53.54262242
v -4.81165264 0.29834675 -32.83313756
v -48.82382847 -7.12143927 -8.25331154
v 19.04644684 4.76323471 -45.42692725
v 3.38048869 0.10736279 -26.44708272
v 21.67182867 -2.64653569 -49.38829926
v 0.72996160 14.79532827 -42.38414625
v -28.89932617 3.63102623 -41.85036190
v -36.83081533 -2.41300475 -43.88018359
v -50.62611143 -7.52640513 -9.69009338
v -14.10877108 3.89750817 -44.04988821
v -3.52780071 5.02947997 -40.81386707
v 12.06990576 12.23223266 -46.64101285
v 2.23960012 19.25244696 -55.13065726
v -20.76258191 -5.56775605 -17.49025492
v -9.31263706 3.09376442 -25.94861412
v -44.95107113 -12.30855568 -12.26392794
v 1.99928217 15.26091528 -53.40408369
v 56.01992424 -23.75433937 -14.99002047
v 44.26798966 -13.84055376 -3.70930423
v -62.76926875 -20.33884168 -9.98687899
v -54.48303819 -15.95668440 -19.70781747
v 33.73319182 -6.50575158 -47.12178149
v -27.51812164 -3.66908174 -27.23293548
v 13.55022651 2.35459408 -42.11945995
v -3.65199453 16.64000645 -55.15998136
v 41.49747099 -5.78297475 -26.67206669
v 7.97787394 11.71334848 -52.90821061
v 7.36612017 3.30258364 -38.03290137
v -62.99478734 -18.26485959 -6.96504481
v -35.18290433 -11.18303394 -13.68612399
v -32.76082250 -4.89918786 -29.13095458
v -30.24710529 -9.18902682 -45.70214956
v 19.70730017 5.64566491 -42.87397440
v 18.23786742 6.09018168 -44.14402119
v 5.66741339 10.34633495 -38.27031498
v -0.68262108 5.00048415 -41.29496000
v 55.47962586 -15.43543496 -15.61305350
v -15.09362575 -2.59179948 -23.83892375
v 13.35393114 7.65012422 -34.65188797
v -17.08910768 4.57909859 -29.15142198
v -20.35006105 0.23256075 -50.45554774
v 28.29397217 -9.72843891 -10.46624935
v -37.67579743 -7.02187051 -43.91982514
v 6.24747477 1.48235202 -25.58940724
v 14.47097031 0.06815142 -35.76648148
v 18.54416627 6.23181849 -36.49778754
v 4.17389404 7.01035754 -33.04048415
v -37.04764799 -6.77823302 -40.24261992
v 52.40349027 -14.10801848 -14.99621760
v 2.60855070 4.25288255 -40.44681037
v -26.32211125 -5.13587188 -40.11107945
v 13.07024671 10.92525163 -44.42979000
v 45.52393176 -7.91866785 -22.33902731
v -46.67843015 -10.23244723 -16.60468867
v -48.18504351 -3.02971659 -33.25837217
v -8.02721270 20.76676269 -53.81560428
v 7.52231477 1.77509827 -33.33066743
v -34.52438731 2.33803705 -31.85902901
v -26.19686058 1.00150049 -46.92546155
v -16.77746746 1.13452498 -34.06939388
v 35.44343235 -0.70000194 -32.37013372
v 38.63886550 -8.88925174 -14.98011305
v -28.55924944 -7.81257335 -43.34869604
v 19.18320024 -0.18574822 -50.40440528
v -59.06477926 -10.88452132 -26.12289331
v 6.63045123 0.44378337 -31.39391633
v -57.74857547 -13.19478409 -25.15770681
v 17.67521577 -8.23254564 -45.30232890
v 24.37204532 2.33112583 -38.27628972
v -33.40000430 -1.96379893 -47.40950254
v 30.76041041 -7.90251367 -12.10332213
v 43.72169887 -14.76848674 -19.12283667
v -2.14933872 3.92550820 -25.94561433
v 40.18029980 -9.62290591 -37.08098284
v -4.46409931 18.40497782 -45.43557401
v -24.54588669 -1.25963478 -49.36916781
v -48.09044971 -3.01596186 -28.56750110
v 34.97915552 -9.67799815 -44.96515996
v 1.03479154 9.58323980 -46.77856655
v -0.85476169 0.63210822 -33.66821834
v -61.00974395 -20.43068095 -10.21288309
v 11.36189256 9.65572145 -39.21923173
v -46.60962254 -7.30207390 -5.57768784
v -43.06920947 -2.48509456 -22.59175115
v 12.85092558 2.65333942 -25.05466727
v -21.67180044 -5.87899051 -16.95994815
v -45.14243193 -4.69739424 -15.02426773
v -18.11895260 9.92647227 -36.74921279
v -23.04703596 4.62556259 -30.84208204
v -59.12432527 -18.09783045 -21.20239784
v -20.75141372 -4.33094548 -17.77134161
v 21.22133507 -10.56401131 -46.96577624
v 17.15567278 -2.29885461 -36.47685740
v -51.37052608 -4.79314147 -27.20397814
v 42.23602310 -9.33728829 -15.08018564
v 42.54611437 -13.78097902 -20.45300993
v -9.96288106 3.93170232 -26.95035033
v -19.45741635 9.34025878 -39.03770369
v -56.91227719 -12.83471702 -25.49879710
v 54.16975832 -15.60448503 -22.62659679
v -49.55213198 -10.41992488 -17.42883770
v 3.73030706 11.12170924 -51.59324400
v -22.80590338 -3.50061744 -22.86293835
v -36.38403281 1.33936995 -35.68383743
v 0.21798267 15.75208496 -43.28903886
v 9.94633907 2.93473739 -37.03245050
v 27.80762679 1.85964359 -30.36345928
v 25.29332230 -2.81955760 -18.99053792
v -42.45066239 -0.56218432 -31.41018515
v 4.83287446 3.30899820 -25.92918873
v 38.78973185 -2.55710401 -35.88851452
v -13.59566760 14.37550824 -49.03661840
v 1.01829191 -1.09802338 -27.70225523
v -12.74953254 0.20699135 -31.47566807
v -36.49512185 -0.29907744 -23.21312151
v 41.50356559 -12.35277193 -27.89898867
v 6.92553069 1.33145532 -32.75718777
v -32.29250165 -10.99446527 -9.51054920
v 25.42174533 2.04020194 -29.91571028
v -34.13737021 -5.07997138 -34.32544345
v -42.43863279 -6.63683511 -7.42256084
v 18.18144648 -3.14675915 -49.65771878
v 20.60910441 1.27254546 -48.56770223
v 6.00311562 14.68248565 -51.63296278
v -22.72185701 -2.75452009 -31.03361516
v 36.06750479 -3.53406118 -25.26981529
v 40.59451487 -7.11878553 -16.85117485
v -47.09058058 -10.66878222 -15.86430056
v -47.01263718 -2.02215645 -29.73166533
v -7.11358284 4.51883083 -40.72197321
v -16.24423398 3.26927551 -24.66391555
v 11.26844451 -0.71561521 -23.97432506
v 23.74488380 -8.96275881 -48.50848900
v 14.23333322 6.63051027 -33.37966878
v -47.36039971 -1.99648960 -35.82465416
v -13.16889677 13.58122929 -47.54065579
v 52.11283543 -13.35690151 -22.82922027
v 37.17164281 -8.65718661 -26.46530314
v -36.31273915 -6.32029458 -21.73350438
v -29.82156960 2.93991223 -28.41149278
v -61.00409029 -17.91596391 -5.07040300
v -13.35104989 0.18792044 -31.47221716
v 34.58480405 -8.62831809 -38.42742471
v 35.74878918 -6.60370465 -15.93126793
v -10.51173264 1.29035332 -25.09825395
v -30.20443755 -4.26551238 -25.12609268
v 47.83001157 -12.48544255 -5.76003989
v 34.65911970 -15.42848609 -13.49934950
v 35.36003203 -7.03738841 -45.20375288
v 43.68504494 -13.98143460 -21.84727436
v 14.63352855 8.96013821 -40.49801873
v 21.76115475 4.33896308 -40.82358630
v 57.90328676 -16.85794163 -6.06353594
v -43.38282094 -8.38080609 -29.85848456
v -40.10327186 -11.32993870 -4.60767868
v 42.21054921 -13.38570160 -21.03898133
v 17.53124012 6.52689784 -49.26683919
v -7.82215402 5.39909597 -28.75922627
v -25.42293702 -3.60549356 -48.50749251
v -54.36152882 -9.08148594 -1.43794029
v -19.13516433 8.29322269 -33.69263403
v 0.66934122 17.45941275 -45.48684615
v -8.16841610 13.50949416 -43.19201555
v 17.22644011 7.42280579 -41.95485149
v -64.12302778 -14.66772973 -6.84522847
v 47.88463890 -11.65301505 -28.96956390
v -24.37871402 -8.77837579 -15.00204747
v -29.39116552 -3.73961530 -31.69714351
v -8.19264777 4.92198980 -41.82520403
v -26.75451064 -6.86135427 -44.17268209
v -29.09508266 -7.72851125 -17.91464622
v -11.21324982 14.66900242 -46.74197943
v -62.83140387 -17.48835740 -6.39709635
v -11.05720351 1.00954437 -24.95037895
v -26.82008589 -11.27865378 -12.08735321
v -8.67681572 14.07103813 -52.86681482
v 48.49642393 -10.93382747 -16.01757579
v 27.25610737 -4.28693170 -48.14707114
v 57.84701821 -22.42694326 -7.80708616
v 22.18120629 3.91623338 -37.85431873
v -47.07957443 -3.64664047 -21.42624912
v 13.54869211 7.02101626 -53.22581454
v 58.84470228 -24.94136368 -13.39482876
v 4.68773684 -0.48175705 -26.61884434
v 44.94029066 -11.34574166 -33.19986392
v -30.76452371 -4.18905703 -14.92302559
v 26.89672063 -13.16032812 -11.54800301
v 59.21487063 -22.29157896 -9.09447080
v -9.14331293 10.63311870 -39.43961403
v -36.70693856 -8.81864745 -17.19912688
v 13.96313649 2.07859233 -46.85234750
v 56.68010964 -24.13804825 -13.21515751
v 48.71405685 -16.59026084 -26.06794447
v 27.13919339 -0.57156189 -24.27051088
v -27.07975156 -1.36985805 -48.57673711
v -32.22080808 -8.05041811 -46.35280023
v -18.27950769 6.12389978 -49.94055880
v 9.74223262 7.05085302 -33.70016371
v -21.51263357 3.27203348 -49.21078202
v -2.47847830 8.97715235 -34.88139734
v 16.48857014 6.40261054 -34.15957359
v -4.40374827 6.41169715 -30.23656158
v 39.72268275 -4.96931880 -26.94961158
v 4.07105062 19.12359831 -53.57190719
v 29.07191570 -7.84231188 -21.39512862
v -48.00744141 -9.49709451 -18.97659240
v -24.05387294 -2.06406109 -16.92371626
v 41.94134178 -4.60568468 -37.65407883
v -15.71507428 -2.23946569 -27.87750784
v -21.31479440 -3.87104955 -21.32096603
v -41.56903864 -2.38348284 -21.61242779
v 19.35290526 -4.24624188 -49.92807260
v -56.74657427 -8.29809667 -24.01513263
v 28.82269543 0.25357041 -26.39705169
v -28.18590889 -8.14116037 -44.84757390
v -32.91722632 -6.84417245 -19.99201317
v -54.13397063 -16.98681733 -5.93066762
v 5.53135147 -0.58171661 -25.98417900
v 23.53150698 -4.34050310 -29.85647591
v -35.20137797 1.89109726 -33.79153870
v 37.40706054 -8.21255634 -35.49777631
v 3.88712399 9.32094384 -36.64777450
v 3.76922290 8.71070104 -35.22319367
v 55.95699607 -23.37679556 -7.27736167
v 18.63707035 -3.88631900 -42.42252437
v -20.05963396 -2.31476169 -47.24357091
v -22.25867011 4.66560842 -30.37328065
v -34.01906178 -8.64453073 -43.75998302
v 35.93054216 -7.59894977 -35.51209306
v -45.16358847 -13.25608801 -5.56070311
v 21.04592360 -7.29109882 -20.75197702
v -6.97471427 -1.49557575 -26.00978758
v -12.97249763 11.73335128 -51.33898912
v -5.85668735 5.04365473 -27.73307572
v -57.22807736 -10.11322320 -9.45175280
v -26.53570736 -5.57978172 -47.74011282
v 47.86750700 -12.51763332 -29.38496316
v 0.51627451 11.05796531 -39.28863012
v -25.20266090 -4.95616350 -42.35693743
v 11.63233651 5.34841916 -53.60374468
v -15.34356744 2.72305633 -40.29808441
v 46.86427389 -10.97552073 -29.87303426
v 17.87430363 -3.58690759 -33.01561911
v 62.49302671 -19.63886665 -15.18387438
v -40.50879430 -6.63834285 -38.89566598
v 22.35897703 -2.97009122 -48.72660598
v 32.49973472 -7.30079269 -36.17041588
v -27.24209941 -0.91457340 -17.81288358
v -45.47385101 -3.29052136 -20.10039653
v -56.97908492 -18.24976732 -14.69780067
v 0.94066573 14.71124124 -53.09819991
v -35.62420069 2.03261233 -30.70891381
v -66.33246315 -17.20357156 -15.08062892
v -28.82360458 -3.70155989 -30.74558086
v -20.06344773 0.08948360 -50.40337054
v 10.00692858 1.79705768 -33.65114780
v -39.81871067 -6.65157809 -39.07100586
v 14.49913690 9.81861716 -49.68875184
v -29.40812562 -9.63185336 -15.65856716
v 34.70026369 -10.32419504 -43.14202435
v 20.30417465 1.48884643 -24.92365608
v 19.16637179 -7.01480029 -19.21225419
v 41.18575382 -5.65399213 -22.80631979
v 9.66727384 2.76772389 -35.93982136
v 38.53383232 -8.72516466 -34.76967215
v 62.50878704 -20.23730867 -10.38518180
v 24.88318218 2.22666007 -31.36322229
v -40.89740602 -6.48597213 -37.28698851
v 6.75215124 3.22813652 -37.57493446
v -44.47818803 -5.06004852 -13.78719011
v -55.01163796 -16.31398671 -17.64714203
v -22.05068992 7.30148960 -33.72634717
v -18.08810172 9.87370477 -47.21377044
v 14.63984763 -2.25297220 -33.66280346
v -26.98436186 -7.15341680 -45.76002694
v 41.41701144 -17.47648084 -13.39575510
v -5.79918020 9.39705307 -36.66895642
v -3.52004093 -0.19731453 -26.20909363
v 40.01690603 -9.92106248 -38.53725074
v -29.16375075 -11.81329977 -13.35296432
v -33.19632963 -0.29335853 -44.72522830
v -4.84541338 21.89049338 -53.58279196
v -12.47207739 18.41890894 -51.63536251
v -25.24406333 4.25565785 -31.56059894
v -30.97129964 -0.60800525 -47.74287194
v -49.78627599 -7.28160424 -33.98436714
v -36.29377578 -5.30416733 -26.33300185
v -24.91259052 -8.09429511 -16.61361767
v -45.48759125 -2.10613379 -39.67385738
v -28.25280895 1.35635426 -45.91717264
v 15.34477547 7.74474940 -35.44620976
v 25.84089236 1.96773632 -34.46060655
v -25.24175898 -4.90964227 -47.85403698
v -16.39333143 9.61872746 -41.30776864
v -30.43918667 -0.24876555 -21.26663445
v 41.84713409 -5.87686134 -22.44842489
v 24.73064334 -7.85218529 -13.08922291
v 15.34022871 9.03574538 -49.17549915
v -63.75439194 -14.29971564 -12.64714339
v -38.22721498 -11.32051601 -11.95533466
v -61.16736740 -20.83058587 -11.83439013
v 21.01001014 -7.69115849 -17.87160552
v 10.45596721 6.94963532 -53.92539533
v 19.41667603 0.66244602 -23.31740006
v 50.12402361 -19.49789634 -18.14954132
v -45.05841721 -10.70670307 -15.54792043
v -11.27355038 -0.87241597 -24.64631982
v 30.22932676 -6.53241859 -48.32836221
v 57.47910692 -19.66435078 -24.01064271
v 43.17152027 -6.40887162 -20.42955684
v 46.23448461 -12.92682166 -30.07878105
v -25.93528881 7.01742362 -39.41294336
v 14.24836563 3.18151356 -49.87518492
v 12.58615991 6.98366885 -53.65089179
v 55.89179381 -15.68193196 -17.57875059
v -53.15801529 -9.01031060 -31.03665760
v -38.90388042 0.17423018 -28.26793686
v -54.51539446 -8.85934811 -30.35980350
v 15.18892574 -6.46755672 -19.86221576
v 16.39698923 1.50322664 -50.37711039
v -57.98166951 -9.68615151 -24.62888399
v 26.73510570 -6.55679085 -23.39479362
v 5.17603161 8.31948103 -47.94503865
v 37.27614389 -17.07016236 -9.50877889
v -1.36046722 5.37713379 -41.75810984
v -63.95325924 -16.27585979 -7.44652838
v -15.15183685 -0.16120086 -31.41930978
v 24.71095750 -7.31085724 -21.85806292
v 27.95110540 -3.77309305 -18.84724766
v 14.86111498 8.34227513 -51.46268625
v 23.18659132 -9.90631772 -45.75515467
v 39.88941873 -5.24082539 -26.24970023
v -21.50861900 0.87210369 -20.84966886
v -10.91800524 5.44592499 -44.77364884
v -28.26938251 -8.04259000 -46.79922005
v -23.18540704 -3.64123670 -48.80666955
v 43.92326049 -13.97269575 -28.55224365
v 40.70816546 -5.41973024 -26.83389773
v 45.86270425 -19.84884027 -6.58959308
v -34.50441313 -4.59026786 -12.31511436
v -6.37368307 4.43294462 -40.30121193
v 0.78967614 21.58891097 -55.03005988
v -48.77534545 -7.34462116 -6.28158858
v 50.31492362 -14.23195605 -1.60809609
v -6.22884273 3.82051805 -37.24482323
v 20.21086089 -9.60453173 -48.10208497
v 62.22740696 -24.08074562 -17.75506962
v 11.18043110 -2.61678893 -28.14834274
v 25.03337148 -5.64381154 -41.01160237
v 23.88673302 -4.40946188 -31.30603082
v 42.55663465 -11.31207168 -6.69013070
v -9.92976860 5.77745185 -29.75941018
v -55.30171037 -8.52459683 -14.37062948
v 41.10704715 -12.22043114 -31.12223944
v 18.28136353 -10.15091414 -47.51084113
v 11.52269211 -3.37109206 -27.11800703
v 17.14609694 -8.72885178 -47.56693405
v -47.75107863 -2.71069844 -38.68169665
v 40.77933257 -7.20689958 -41.76979672
v -61.20092844 -13.06246206 -16.45090546
v -17.71073645 1.89765344 -36.73131725
v -49.28226556 -14.41739663 -3.44154507
v 4.04346190 8.17751599 -34.60475507
v -26.01266204 -2.75692640 -35.37521666
v 22.71576270 -1.45629335 -19.18476776
v -21.37884536 1.36362215 -21.62888655
v 29.83600419 -5.95054275 -27.48383305
v 14.47314811 -7.25861374 -19.01463058
v 38.19387368 -4.25022428 -26.75130635
v -10.67836986 15.79409208 -47.20197381
v -30.90461760 -0.96645387 -48.11198350
v -0.12203365 5.04630298 -27.98858595
v 2.63374097 10.37450806 -48.96948855
v 10.54820406 6.59182713 -53.75782718
v -49.11573707 -14.66077399 -5.56989201
v -40.38514848 -0.05079297 -30.77202199
v 16.68246143 2.13341564 -51.10821945
v -65.57735873 -15.45820794 -11.32628518
v 37.03289953 -9.60364375 -42.75463033
v -6.95820923 17.50317743 -45.57638071
v 47.37479788 -13.82481244 -28.68405420
v -50.17159165 -10.09702779 -29.32768438
v -64.60345802 -14.65138413 -11.55444757
v 49.47427316 -16.19409075 -26.61883795
v -49.72757687 -6.51686714 -13.56401044
v 1.40738060 19.68896661 -50.23924841
v 13.75841498 -5.28275702 -22.60925816
v -45.58551887 -6.22798934 -37.34955154
v -0.02396869 1.72026006 -34.91534993
v -41.41117687 -1.10045067 -40.62128917
v -44.79755472 -6.00747130 -10.53696158
v -59.65836243 -12.64037856 -3.68269935
v 25.77470189 1.98258446 -33.52576158
v -25.06195026 -1.18445249 -49.15795049
v -45.23312079 -1.64284069 -27.88334877
v 48.98924232 -18.73430751 -18.04307175
v -30.38575883 -3.57079593 -34.55766981
v 5.59001804 13.09126867 -42.10933317
v -51.65746369 -7.43041687 -13.18434780
v -50.68932472 -6.60297356 -14.84006547
v 30.97113611 -6.50036386 -27.05065358
v -20.57827310 8.31603909 -45.86866365
v 10.99469449 12.26913963 -50.53030925
v 27.14322339 -7.20764105 -11.50054709
v -34.28166620 -6.17019236 -39.76003203
v -46.68765181 -13.66795235 -5.45694613
v -2.61836100 9.22352812 -35.62647158
v -54.48195144 -15.52137431 -16.74433390
v 33.22047435 -0.38268343 -28.02182868
v 43.34696978 -8.73689004 -37.73524658
v 49.47448424 -10.41503828 -23.48812020
v -51.33816405 -11.94231238 -18.69017900
v 4.29702115 13.08480498 -41.64368510
v 56.86380277 -18.41914059 -23.14607307
v -41.95383122 -4.42194273 -41.59517360
v -58.86614812 -11.02482842 -22.03860345
v 37.46466693 -3.66607367 -27.08295225
v -11.04040302 14.21703128 -46.27722176
v 40.08504276 -17.67143383 -7.30379398
v -53.72419272 -14.56718296 -16.76377657
v -2.62941507 13.60857296 -50.53708677
v -34.39487981 -0.52203215 -43.25353235
v 20.60434170 -6.83099508 -49.01752937
v -58.80708732 -12.88289438 -24.97132757
v -48.03985928 -10.03328584 -21.92632837
v 56.58941504 -15.87520686 -2.89551983
v 63.18085278 -21.16560014 -12.97346211
v 10.01330780 12.62566015 -45.24307479
v -47.33313487 -9.66622439 -24.33508489
v -37.51484988 -1.25191542 -21.48216576
v 32.44011235 -7.07111362 -25.59110615
v -27.78590651 -3.72965987 -15.28964822
v -3.65499867 -1.81045584 -27.03704372
v -1.14912924 2.55983585 -35.74889563
v 15.26948550 -2.46272181 -34.52366614
v 29.05611630 1.47196045 -32.72784662
v 21.24009577 4.96379634 -40.27431857
v -19.17833563 -1.19578512 -33.62112051
v -34.06243457 -2.73915758 -46.95152702
v 4.49213308 17.58339226 -53.24026156
v -51.50020549 -10.00421259 -29.96723965
v -32.97130548 -6.06473655 -9.29550884
v -20.47591209 8.97938940 -34.64126057
v -11.21612012 16.35757678 -48.06225848
v 18.74774575 5.36272216 -44.84666989
v -34.75201715 -4.06152203 -46.41805692
v -39.06236705 -0.09227613 -26.52154975
v -30.07614012 -4.08077515 -29.44885684
v 12.61886853 -4.64177541 -25.21578484
v -21.60546271 -0.45642536 -37.56230213
v -30.97490850 2.78281006 -29.19559891
v 0.72887905 9.10736443 -46.21232034
v 23.83607077 -10.75971192 -16.65683794
v -18.28263483 -0.40920979 -44.26485677
v 20.46478776 5.42304173 -38.51010288
v -59.47266690 -11.39255918 -19.71030656
v 20.99460622 -7.16834727 -21.17715052
v 30.72692067 -5.77484905 -14.48614622
v 41.38323190 -3.78949592 -34.90707897
v -42.08277687 -4.14506546 -15.92929546
v -44.09700711 -4.49446642 -15.15835256
v 42.73228426 -10.35037551 -13.00237125
v -1.33394324 14.59413729 -52.40287489
v 19.88612773 -3.47357911 -36.85218830
v 27.52420304 -4.99745032 -28.94544678
v 18.05383319 6.29131338 -35.86714971
v -31.60202886 2.44810175 -35.00893694
v 21.01211180 -9.89118629 -48.00592293
v 22.24897707 0.64863379 -44.27378865
v -45.69626328 -2.36263272 -26.83076045
v 34.99920571 -0.56749456 -33.51558633
v 62.52548645 -19.57406283 -9.88578138
v -28.11914444 5.08357101 -38.78447930
v -24.12375290 -5.20818897 -21.02875263
v -35.68327265 -6.21673958 -45.51849426
v 29.54577659 -10.01990273 -47.86831736
v -4.04020900 -1.94825882 -27.16886332
v -63.44863855 -19.47916364 -9.16978558
v 31.62476200 -14.77315535 -12.83156443
v 33.19480840 -7.28652463 -25.06731927
v 42.85721953 -13.19966692 -31.39248474
v 12.36906516 1.70202402 -24.63851573
v -5.38381282 8.76500103 -34.68063024
v -52.51129829 -6.14019370 -28.98987655
v 6.79290273 -0.01943470 -25.45884223
v -46.29873500 -8.90758902 -23.30242118
v 38.55050288 -15.25955135 -15.62974840
v -46.54107872 -2.67948439 -26.89760422
v -24.53890031 -2.55871297 -33.75548911
v 37.60044615 -4.73738156 -22.79465091
v -11.92296987 0.15824156 -31.44385750
v -18.55223559 5.90529925 -31.58842200
v 42.30054376 -6.78285927 -17.82971322
v -6.45953532 3.98820807 -38.31253256
v -35.17291688 -10.35779909 -15.61734794
v -13.37206009 -0.79497455 -30.34178163
v 53.23109583 -14.50253000 -22.28312688
v 20.19994304 1.04640213 -49.49125501
v 37.26345600 -9.12602093 -14.42542707
v -0.29345473 0.91216458 -26.15428023
v -45.30282905 -11.41287693 -14.16916605
v -38.02580596 -5.80150930 -25.82308982
v -22.26161245 -2.73687494 -30.31569447
v 23.79312034 2.76469846 -38.42109207
v -17.84545604 5.79993521 -50.36104321
v 46.73056300 -9.47162079 -17.72270459
v -53.06969500 -15.06191717 -23.85314271
v -41.26231603 -5.29319903 -41.64313936
v -2.02456965 7.47278658 -44.07030864
v 21.63199409 4.23242679 -37.00890407
v -48.26388868 -10.47063074 -22.70644923
v -54.18385690 -7.59385770 -29.40543196
v 49.66029265 -10.92193208 -24.73536748
v 15.13749517 9.09625160 -38.45078458
v -61.30984297 -20.92929294 -16.57761901
v -10.63165379 10.99288768 -50.87021799
v 29.33100665 0.75941695 -36.45734609
v 9.06195653 12.97718203 -51.16781008
v -39.17715558 -8.54563935 -17.45978173
v 15.43156722 0.16275663 -42.00422738
v 31.03209613 -10.78425494 -46.58940661
v 45.30102504 -10.80842867 -12.61215948
v -0.94088268 15.75764228 -42.86631426
v 18.80878087 -10.21777010 -47.18008804
v -50.48759515 -12.67917463 -14.98075654
v 12.07598622 11.87964684 -44.93728591
v -32.45435297 2.49674855 -33.35446886
v -5.20867203 4.34650514 -26.18881594
v -3.10269938 21.22662538 -51.56831162
v -42.21045553 -7.84445206 -19.72344018
v -13.13893709 10.53169127 -51.30951678
v -43.02342099 -5.78192281 -40.24288246
v -64.26700669 -16.57226470 -8.02317366
v 0.22951578 -0.79367381 -31.13542368
v -12.53033986 -2.60438369 -25.79485906
v 43.30080651 -9.94110931 -34.62204270
v 52.48691700 -21.31442043 -19.92641158
v 14.10989344 5.59380634 -31.61308265
v -26.29486057 -7.55390134 -13.23364222
v -22.28761196 -6.48735610 -19.14742733
v -12.95409705 2.89275663 -25.45215255
v -19.60596945 9.91188727 -36.49280198
v 3.71545834 10.34909245 -38.33820740
v 44.70834647 -7.68109330 -32.12779376
v -23.67583764 -1.34592349 -49.65156995
v -58.05866754 -11.83227117 -3.12729591
v -20.73808469 -6.71678938 -18.28720960
v -23.78955524 2.88580219 -48.55318113
v -57.12117584 -8.80288434 -26.68946736
v -47.84749522 -10.20975861 -23.67056535
v -32.19196821 -6.30524405 -9.53690560
v 52.02593905 -21.31768214 -15.16461297
v 38.55853503 -9.16147431 -36.70170461
v -22.76024517 8.90673013 -36.24676968
v -21.06269630 6.29055539 -47.37967270
v -30.21829918 -5.36689290 -21.94245667
v -37.26911630 -4.39496434 -45.05195984
v 10.56842775 11.10632401 -52.54512739
v -8.07504902 0.87290754 -32.88326035
v -59.41139946 -12.50286697 -23.75782288
v -26.06849004 -3.05569967 -36.55037587
v 8.98572403 13.30794987 -46.31514904
v 14.69697427 1.39174962 -40.15497825
v -11.23752125 17.01163279 -48.38381892
v -27.72049605 5.71166835 -39.26212652
v -27.05718156 -7.11428825 -46.45566171
v 46.65016282 -11.72508152 -9.46671503
v -55.52506412 -11.60173525 -1.84269096
v -13.23723434 17.72655696 -50.67228726
v 55.89099951 -17.93698092 -23.72354360
v -48.98979234 -11.15814558 -22.81341514
v -28.52822072 3.22671232 -34.75687018
v 35.60035345 -9.05485740 -44.97629227
v -18.32597871 4.60794804 -29.32287228
v -24.07415438 8.37757672 -36.60927457
v 33.19295567 -0.45301296 -36.60774642
v 49.51158592 -17.03543718 -25.97421301
v 29.97159842 0.33737151 -37.47454076
v 6.75487417 -0.58306171 -25.51215969
v 8.23352776 3.09003546 -26.02213810
v 11.59441947 2.55592291 -36.96728811
v -58.85297741 -19.84064537 -15.26944186
v 34.06905250 -3.07467988 -23.83073577
v 36.08310554 -3.90239765 -24.10600934
v -49.09635983 -9.62753618 -32.33397606
v -60.95821121 -12.05590136 -11.96655371
v -28.73022367 -3.20419464 -36.43103722
v 56.71184101 -16.73268183 -19.73794226
v 11.58180877 5.95070396 -32.28405376
v 33.95422907 -15.84487916 -11.36227131
v 43.83249300 -6.92527025 -34.31859007
v 47.92599156 -10.27567965 -17.09543447
v -49.80680868 -11.99131870 -22.66970688
v 17.62506050 -8.48723754 -47.71386440
v 42.27484643 -12.58738272 -25.58760326
v 6.70335217 10.28180971 -38.30214021
v 15.74417443 -2.26635082 -21.63259088
v 22.59260129 -8.55933619 -14.64321430
v -19.69554969 -4.26618652 -19.21702299
v -7.05418473 21.19471170 -53.86748716
v 39.99960350 -6.85716237 -16.95926808
v 45.88475832 -12.06206917 -31.50264228
v -55.89871555 -9.53837619 -2.28880907
v 41.08096879 -18.01987202 -11.20550753
v -38.86198572 -0.26199367 -25.57161806
v 29.27306606 -4.61856442 -17.13030696
v -24.01653344 -3.83511689 -48.67493293
v -51.68192788 -7.50849711 -32.89975161
v 36.34413809 -6.35539091 -16.60656627
v -12.68803663 10.41280799 -40.03769768
v -38.41253200 -11.08413914 -5.38137291
v 44.69226270 -19.53597057 -9.93277095
v 42.04526537 -6.64528945 -41.00247469
v -19.62614706 4.06550836 -26.75542954
v 21.97974306 1.78229508 -43.36892783
v 27.51191229 1.43070069 -35.15018992
v 23.61032905 -4.91792966 -17.01338384
v -3.52659676 0.31101541 -33.05440753
v -22.31356116 -2.93077696 -43.88919966
v 9.58824598 8.13262241 -35.33002134
v -55.92397290 -7.71851645 -26.47990035
v 4.18950999 10.00406584 -50.47339117
v 42.87019540 -17.59081200 -13.87707204
v 20.25370020 -5.16072194 -49.58428243
v -34.06416137 1.68587978 -38.16887946
v 23.11236002 3.01450539 -32.96861023
v 23.85491561 -6.68926902 -48.93903679
v -64.36191022 -16.79272369 -20.08747503
v -46.05802201 -13.44246104 -4.40620863
v -56.15138319 -17.47884111 -14.81350185
v 9.77627128 4.80209487 -46.44975261
v 16.27162820 2.99002434 -25.00654075
v -3.88806919 7.60644202 -44.41798688
v 13.30903648 -4.95169571 -24.59137143
v -33.39520034 -5.08357482 -28.27833720
v 15.32031189 4.84790652 -53.01799189
v -23.81545777 4.84373855 -43.62292483
v 35.55959947 -1.55849428 -28.98538103
v -24.75172597 -5.20307239 -45.30289164
v -39.15586948 -4.24810262 -43.89063243
v -45.24553331 -1.96369122 -27.34093959
v -57.27185235 -10.08301759 -7.16236207
v 15.90470385 8.18340170 -36.54028170
v 51.08146005 -14.12312782 -1.77402182
v 59.92698905 -22.09825839 -22.96133605
v -35.69282705 -7.43820548 -7.69296168
v -8.44937929 18.13434031 -47.29726005
v -45.79130122 -8.64605638 -21.43637716
v -16.36239841 1.43113402 -33.96026682
v -20.86273752 -1.46966807 -42.05253083
v 20.87307721 4.21025398 -34.17222386
v -9.60903826 8.00743196 -33.51666965
v 40.30508956 -12.82083062 -19.64931325
v -57.76114431 -12.42363132 -2.83095729
v -2.49246554 21.84802289 -52.71567561
v 14.17799111 -4.45527798 -21.93503571
v 17.01615059 7.27063700 -48.22586061
v -5.33849912 10.93014236 -39.32073788
v 4.61094176 -0.52507641 -29.03335234
v 14.89362336 -5.60568416 -21.19294136
v -34.86564986 0.48557471 -23.99312418
v -7.80615654 -0.78280962 -30.50593564
v 15.74035661 8.44358687 -41.09841976
v 25.95299751 -7.42621740 -48.79827995
v 57.39378458 -24.21982943 -9.76438135
v 3.39955870 18.48055384 -54.61472470
v 41.31910725 -5.59110523 -20.92741978
v -59.96150153 -12.16780772 -4.09495783
v -46.76197386 -8.88947804 -34.31850339
v 11.26141545 11.66527179 -51.49786045
v -26.07469255 -1.74895766 -16.18109760
v -10.37500045 5.08812540 -28.92434997
v 30.11307109 -14.31277627 -10.71880489
v -40.93181338 -7.65798318 -6.03402667
v 1.75268415 5.91094283 -30.04446998
v -18.74849798 7.68845032 -48.40459262
v 42.01108074 -14.27228657 -18.76850506
v -8.65055234 6.82051922 -45.61541175
v 16.33075970 6.90982839 -34.86462164
v 26.99773045 1.65472775 -33.78773362
v 35.47234542 -5.00615522 -19.75957257
v 6.10218702 8.16227517 -48.49162005
v 20.96240164 -4.42120605 -49.64120218
v 16.51633705 -1.02404123 -48.72850371
v 17.47951437 -8.12120761 -47.21218025
v -38.92371416 -5.11099087 -43.91767282
v -13.56211328 1.00907360 -32.22618536
v 17.96835467 -3.63576020 -33.81824307
v -42.22746015 -7.74673694 -34.01721325
v -18.52246279 -2.95854552 -23.33451141
v -31.10581974 -11.79154348 -13.36841253
v -7.06617662 3.37035733 -35.65282936
v 45.81797087 -8.19829786 -20.00308305
v -55.72194393 -15.95032026 -3.25775494
v -6.37544795 9.98303185 -47.26718517
v -47.40359829 -8.39856401 -2.91794684
v -18.85587771 -1.36842697 -20.74064994
v -3.40426040 21.84082962 -55.04466975
v -32.45574080 -11.51858201 -10.98595750
v 7.68127278 13.86251332 -46.81270577
v -6.38687869 8.86984844 -35.09089880
v -11.94972740 5.82690451 -46.60954627
v -56.80372356 -15.75970108 -23.46064325
v -55.37267046 -7.97431724 -17.51032857
v -22.19002656 9.24738759 -36.75038198
v -18.19611109 4.18296095 -27.63399357
v -42.77026628 -6.39305806 -38.92613209
v 37.89628038 -9.30076182 -14.39659285
v 13.83841996 -5.24887571 -23.83431726
v -17.36524037 10.17115835 -45.23062142
v 9.20350635 12.93085801 -45.27529448
v 22.87314860 -4.32171613 -28.49839150
v 32.59666422 -4.71028355 -46.45167949
v 12.47624245 1.57854558 -35.38249464
v -29.42209932 -8.99474875 -46.54547890
v -24.08305345 -3.58103329 -41.75207696
v 16.00530846 8.55046728 -47.55312340
v 14.27085910 -2.18540540 -32.94544209
v 20.50732543 1.69523581 -47.98101751
v -14.32460124 0.80868192 -32.13955622
v -16.60741402 2.55823111 -36.41320543
v 43.96311156 -7.17551171 -33.73509784
v -3.03191634 3.76364718 -37.41103068
v 63.04823802 -20.24126138 -15.48694276
v -20.29655127 -4.30275216 -20.02572919
v -8.61985587 -2.39663349 -26.60746019
v -57.36630110 -17.50661004 -21.42634852
v -33.46063995 -4.18829612 -13.97367047
v -33.68490018 -5.02598253 -26.62307650
v 35.00948865 -3.21773033 -24.61516483
v -28.92867785 -5.18204654 -22.13445449
v -20.54742744 -6.37461593 -18.61477560
v 10.56183840 3.70483516 -43.22003781
v -12.99445610 4.12448700 -36.93291952
v -35.82231174 1.00844443 -26.30398719
v 18.88412343 6.86148742 -38.66130303
v -3.24082414 17.36031668 -55.44897328
v 33.78728171 -5.87498457 -16.49141302
v -7.71134407 5.30550616 -42.48923946
v 15.50354837 8.86442050 -39.39017852
v -30.95311874 -5.64040331 -11.37442027
v -2.16404247 5.32532747 -41.54057523
v -8.84628666 20.17864321 -52.36022367
v 51.97503335 -14.51102232 -11.08641463
v 49.31307739 -15.45989978 -27.19512927
v -12.96757900 3.86841917 -35.46867637
v -51.43697935 -12.10799486 -25.66967093
v -22.79352557 -4.15673571 -21.67439526
v -19.96249747 -5.87047058 -18.18784404
v -7.97095979 1.78373899 -25.45662069
v 60.09737868 -24.61152211 -19.70080665
v -19.14447134 2.85098715 -23.38527430
v -9.66822341 5.57530956 -44.13677180
v 16.16826283 -0.73021045 -42.41289036
v 49.40477467 -13.13911325 -4.80254567
v 15.09909680 6.78155547 -33.81265128
v -17.01022397 0.63527497 -33.64993721
v -15.70190265 -1.10883136 -22.67756555
v 24.96710911 -8.82841720 -19.52693454
v 18.07530304 0.21546357 -22.42480006
v 14.51151834 1.41797785 -43.11346982
v 50.41076914 -20.25124963 -22.56540526
v -55.18016440 -7.03680588 -25.06696523
v -43.10916305 -6.45452053 -38.47222948
v -11.94707971 4.05425889 -41.22371092
v -55.57089909 -9.06791333 -2.80753850
v -31.85348542 -9.07275341 -46.00115636
v 39.05978134 -10.89780794 -8.91673187
v 9.82861288 -3.25156176 -26.18860209
v -53.49236406 -8.47606569 -31.30399480
v -30.96717546 -4.26204946 -29.13866089
v -14.12556762 3.58452880 -42.88772344
v -7.98607899 18.00046664 -46.82761233
v -20.58639420 -2.57819509 -48.15359601
v 5.51974801 9.60677217 -37.31372518
v -34.11055705 -3.21708047 -47.01840059
v 9.69998513 3.65100419 -41.98863485
v -58.70416651 -12.03015116 -26.08634490
v -45.45594420 -3.10558167 -21.70524552
v -6.17288624 5.97143599 -43.16194321
v -22.75129579 -7.60916515 -16.85491016
v -52.92070502 -12.77273634 -1.60346835
v -43.10747114 -11.13892973 -3.69642736
v 35.93325371 -9.57929953 -44.31733705
v 47.07299333 -17.06912111 -19.82789750
v -44.12136208 -7.71517582 -21.84322245
v -36.19637086 -5.69487565 -9.45845686
v 23.78887651 -5.14418917 -16.50391255
v -6.93290709 2.31066464 -25.54489010
v -26.65651026 4.47343025 -35.20991149
v 28.72402408 -5.26482328 -29.01946547
v -14.89995537 -0.46474422 -31.01252637
v 23.65801875 2.43724753 -30.05211486
v 22.59382390 -4.07205896 -37.47112478
v -59.13361941 -12.59733487 -24.73277632
v 46.57159097 -12.33068611 -4.19239631
v -17.41590843 10.51222114 -47.11195901
v 20.87074361 2.53005968 -44.93210440
v 18.24546135 5.51284333 -48.18242400
v 31.47059039 -2.47882797 -23.17395293
v -48.08851451 -12.98515016 -2.01158821
v -40.50280748 -5.67255793 -42.08458867
v 18.08887029 7.27144541 -41.09560563
v 14.63495428 9.75382542 -44.67334955
v 23.50475967 -3.77334724 -18.09821145
v -47.62063469 -13.42155021 -2.42782379
v 1.23546410 6.16278903 -30.50522025
v 23.86642629 2.55491458 -38.98826227
v -22.95578173 -2.31161911 -49.63059811
v -31.69012689 -4.28123938 -33.04772274
v -45.22913558 -8.84068212 -34.95263297
v 33.01286157 -4.65072519 -45.85052745
v -15.59895379 4.42795313 -28.79537641
v 35.96461959 -3.21465336 -26.05213822
v -42.74062909 -0.71631003 -30.19471182
v -19.93314613 8.99756526 -39.67599761
v 16.32897100 8.27923080 -40.50098346
v -35.94199464 -8.71457624 -17.39828331
v -53.41114380 -14.43064321 -24.37078003
v 9.29860415 -3.69505225 -24.48852075
v 33.97132326 -8.26030329 -46.50687024
v -29.90526599 2.80487646 -33.48388692
v -1.28651531 3.18888938 -25.80244439
v -39.11114280 -8.77701510 -5.97914226
v 31.32181435 0.19046505 -36.13150261
v 32.31239835 0.38107093 -28.69784277
v -6.13344594 10.92021136 -48.04514964
v 47.11342098 -16.35851747 -24.32974091
v -7.18078825 11.15372174 -39.90510834
v -63.30676727 -19.80491046 -18.29309063
v -39.84126520 -6.47937990 -38.22876646
v 21.55035071 -7.45312712 -16.98252579
v 39.35150546 -5.55458953 -18.97685184
v 19.31079826 -6.90143280 -48.95197012
v 52.27227098 -21.27769359 -4.87834452
v -55.13686687 -16.59771437 -18.72366873
v 8.60851236 4.20275310 -43.01258021
v -11.72411716 14.98711837 -47.52211426
v 40.80961454 -9.72346050 -38.21750939
v -42.56362840 -7.35804756 -6.02566215
v -36.66651096 -0.58090317 -22.49247689
v -28.01848296 4.65211506 -38.07065492
v 38.27598810 -5.88051627 -18.10431278
v -8.99622823 -0.00775877 -31.53106228
v -23.46099468 -0.06716402 -49.77439773
v 15.53474521 3.40373560 -26.25314930
v -17.82212849 9.70070516 -44.00673161
v -38.57285330 -1.21449859 -22.45155356
v -0.53697614 9.21669767 -36.04209680
v -5.09971231 9.05026571 -35.56266839
v 45.55089212 -12.01630997 -31.86862318
v -12.85718154 8.35836460 -49.91072364
v 38.96294979 -9.74307536 -37.91198524
v 7.69282669 3.64758260 -40.25256014
v -53.35387179 -8.32816499 -2.09830326
v -29.92986956 0.89350784 -23.19142415
v -20.08090958 -2.20954475 -45.99992830
v 2.39210332 3.51214698 -25.99979197
v -27.22749561 0.21553847 -47.56514892
v 46.12700667 -11.41973809 -10.20133334
v -32.73629187 -11.38957927 -14.49712172
v 9.18196394 12.62987197 -44.17975642
v 0.53676665 3.85160910 -39.03702815
v -19.94137495 -1.76896164 -33.17920181
v -44.58938807 -12.83245625 -4.17975762
v 4.06656056 8.53011874 -34.98760704
v 40.38853976 -5.40816968 -22.44118948
v 42.33099493 -11.80879527 -33.24911238
v 5.05582599 13.37601189 -42.36893119
v 2.00448281 11.33986640 -39.59243245
v -4.56573041 3.94821477 -25.89578898
v 41.52046634 -4.81233219 -29.39571800
v -26.25582997 -4.65999109 -48.00925456
v -13.30342607 -2.45163892 -24.26509824
v -33.89638645 2.47699518 -30.86152328
v -58.06819824 -10.42191984 -27.31436959
v -21.39311344 6.79177519 -46.53155527
v 34.11239814 -15.58075598 -12.53612560
v -58.20102230 -19.47250086 -17.49775562
v 20.74589114 5.24735921 -39.16591837
v 22.61615761 -10.55515923 -47.02674040
v 25.77528350 -10.59173033 -47.37435928
v 55.35606712 -18.57788534 -4.40795888
v 2.38184829 4.69558180 -41.19249570
v 41.31945647 -7.91950471 -16.34058190
v 31.52676623 -14.60628776 -13.41873302
v -59.78855811 -11.23406538 -11.22542996
v -38.37586118 -3.59445044 -17.63761875
v -50.77095391 -11.15666563 -1.11349615
v 17.48340437 7.90347449 -39.42139284
v -58.80645478 -17.84410617 -4.71889134
v -17.31482950 6.07255918 -50.48432589
v -30.93959695 -4.68976844 -13.20596963
v -45.35514377 -8.31854575 -26.54284732
v -51.78384415 -13.12353892 -15.60933884
v -51.69885415 -5.40221918 -19.67830366
v 1.92953143 16.93413670 -46.44482877
v 43.30843587 -10.61155088 -11.85086835
v -28.07591490 -11.84035785 -12.87128411
v 15.05607880 -0.72719540 -22.69434420
v 42.26485157 -4.35511695 -34.72725798
v -23.78319747 -8.10488930 -14.87074049
v 9.17333941 1.68796087 -33.25837911
v 31.88818916 -7.43144071 -36.68944602
v 8.68653723 -0.88461657 -24.71846302
v -16.31628495 9.85920989 -38.07177679
v -21.18729035 -3.38598900 -22.41073475
v 24.70178616 -4.57205862 -29.67487699
v 4.86933908 4.62791253 -41.54524980
v -22.09295248 -3.77897163 -21.93411053
v 45.34105021 -11.78835379 -5.14886135
v 14.28222834 -3.68836389 -27.66294108
v 63.09497825 -22.82367106 -15.81987971
v -53.36452292 -15.08263140 -2.67490560
v -13.31531244 -2.17012198 -27.91569944
v -25.03726468 -4.98456222 -15.30042036
v 40.12057586 -15.05176837 -5.22023333
v -37.03355176 0.66501762 -27.11954077
v 22.27630982 -11.77635830 -14.77204394
v -44.38181664 -1.09616650 -30.23929286
v -40.97163288 -7.21295267 -20.47658161
v -32.78809290 1.10484789 -42.00773628
v -14.69643567 -2.31451601 -27.33742252
v 12.31078621 9.63438543 -41.14104497
v 36.84381574 -8.55222643 -28.20388554
v -37.03932871 -6.76217131 -20.87068086
v -56.00597413 -17.14807619 -20.79005503
v -5.32730099 3.59398814 -36.61133226
v -29.47168973 3.09938861 -32.01548717
v 34.51172917 -2.11228837 -26.73446984
v -6.72523789 -1.80015758 -28.66957869
v 30.76471909 -2.00379915 -43.79560764
v -31.87989267 -10.51935121 -9.46579024
v -12.34962440 3.64044097 -35.02268063
v 23.09830028 -10.33038936 -12.46246428
v -17.43158185 7.12622826 -50.18410537
v -34.87894003 -5.55796808 -37.52724449
v -19.50252299 9.25234563 -46.02198008
v 22.41709052 0.09416861 -23.70599468
v 26.64787908 0.87704102 -26.79271815
v -52.93882438 -8.07296169 -3.74535431
v 33.98383203 -10.95423324 -18.53310582
v -25.50859408 -5.68700225 -44.21994096
v -27.14110166 -3.54251428 -26.22119499
v 22.94245038 -6.72023845 -22.55139149
v -9.77001999 -0.34001534 -30.99103156
v 8.95099453 9.54662738 -53.50820310
v -24.87408555 -4.10891302 -48.38892548
v -9.64692859 19.82344520 -52.38427508
v 11.71087024 2.16036845 -24.99816463
v 14.97348732 -5.85216311 -21.86556508
v -64.41585020 -13.70646952 -7.29168325
v -63.04296334 -19.16267272 -7.97268256
v 15.15983326 0.77207240 -39.18418227
v -22.90232475 -5.87970085 -16.15035797
v 20.43429046 4.12436530 -43.88739984
v -24.70270646 6.38562608 -35.01715913
v 20.79335166 5.20402598 -41.93180233
v 4.12587206 14.02854342 -43.06330521
v 28.34361065 -10.14377708 -45.93017946
v -35.81271898 -5.28791749 -25.05475684
v 14.15915423 0.16855685 -23.32687290
v -48.88513921 -9.88702367 -17.79326422
v 47.23498282 -11.70485366 -29.72504522
v -62.00433275 -17.64044094 -21.61500372
v 3.85754549 0.54461372 -26.11644379
v -50.35293897 -13.62892813 -13.51221786
v -26.48691781 -8.73095136 -12.29762539
v -34.11853492 -8.70082718 -17.52203001
v 4.40454161 8.38357769 -47.42127234
v -15.40037329 -0.97331705 -30.57155275
v 9.37149750 -1.98504193 -28.18647030
v -5.13970553 8.88543338 -35.01274629
v -25.11435210 -5.14183868 -43.37677150
v -53.75999322 -11.73790968 -1.40285196
v -15.95227127 2.30332812 -40.78763743
v 17.74995350 6.21749903 -45.27406564
v -49.88934435 -6.59644072 -33.88409708
v 30.77305992 -8.02296648 -21.41251429
v -9.10774301 14.02509543 -44.52157329
v 23.12081672 2.62243069 -40.75193218
v 11.55086978 9.85712506 -52.83049180
v -1.75760240 0.17531072 -26.35067895
v -24.92303431 -11.17510037 -12.98453541
v 0.30251083 17.11446538 -44.93704625
v 17.08546017 -2.29104662 -47.88774252
v -25.62778939 -8.86948125 -15.41941541
v -64.29474326 -20.33708768 -14.77791900
v 31.80359527 -10.75829785 -46.62707351
v 1.76475781 13.25854271 -41.22896058
v -24.71465746 0.14356700 -48.89734300
v 19.34119814 -3.70978407 -34.08457547
v -53.64015761 -9.72206964 -29.87845356
v 15.46945331 0.36790830 -40.46486167
v 39.77303155 -11.96703133 -6.22467519
v -0.45668977 11.10252997 -47.69718340
v 40.91615379 -12.20518264 -30.13367370
v -44.29846688 -8.95413504 -30.29493919
v 60.39828027 -22.52622621 -22.41463313
v 19.15805108 -2.83310165 -39.28271769
v 26.59919592 -5.12965190 -31.67049833
v -60.68710069 -12.75748677 -4.22390613
v 59.72551136 -23.16402759 -22.29301282
v 20.76299346 1.99517746 -46.18908871
v -36.76234117 -0.01166487 -24.11038340
v -46.49221657 -3.64596203 -19.93626653
v -49.61254290 -4.41695422 -30.17786353
v 3.33676040 16.69316351 -48.02078784
v -62.11250818 -20.98110065 -15.97703120
v -44.73556609 -9.06790800 -29.64718988
v 32.99412088 -6.26888226 -14.70106925
v 13.87997362 -2.37912501 -31.03525431
v 3.72625149 16.87630068 -53.51990549
v 3.35424476 2.37720571 -25.83113844
v -22.23681526 -1.04145820 -39.30347254
v -3.26014394 12.46455924 -40.29099565
v -13.50364622 3.68129348 -42.04026154
v -57.67816669 -9.18426657 -19.82922036
v 12.81685131 10.65186053 -43.79608227
v -34.11981621 1.54714193 -38.96264877
v -22.98781909 4.53679726 -47.11229537
v 0.62405786 18.82058305 -46.47514851
v -17.33083409 5.53858485 -31.00962792
v 9.55235941 -3.96374923 -23.87891422
v -3.43744243 10.87376426 -39.05396230
v 34.63775643 -10.76511075 -9.88981996
v -23.99680660 1.92847322 -49.10557538
v -8.92039805 14.47916133 -52.94984189
v -38.28593058 0.80315216 -38.13073192
v 8.86467817 3.44581466 -40.23320054
v 20.19619371 -7.82311153 -43.78694155
v 52.71943882 -14.23316668 -2.82229731
v -11.36480637 18.48772053 -52.75070885
v 45.94042155 -15.49577570 -21.50307734
v 37.78359925 -8.20133938 -34.68967230
v -23.74200029 8.21354866 -35.60598155
v -53.09369365 -14.33850958 -15.28374795
v -29.14955484 -3.71217472 -15.45986060
v -40.92389078 -8.32345125 -18.29349003
v -12.74262675 4.64111975 -44.47688204
v -18.73496699 2.78499472 -50.08579956
v 42.72039455 -7.50876059 -40.16434829
v 5.16493568 11.53543009 -39.75324978
v -59.40525971 -13.33296319 -3.44535716
v -49.69613235 -11.04762317 -16.58617512
v -24.07454255 -8.44201335 -15.43603391
v 48.82935444 -11.76550572 -14.44794467
v 40.01203267 -8.82166968 -15.26554516
v 57.66386840 -24.66559078 -19.43303508
v -5.22455131 -2.11648703 -27.73670384
v 18.43304434 3.94490703 -29.48446299
v -6.72178055 12.50345064 -40.91787835
v 25.60548679 2.07347388 -35.35402074
v -12.58040249 11.75225139 -45.04142111
v 14.12468324 -4.89908101 -25.09303885
v 26.16899372 -0.72845152 -23.57222103
v -47.45862797 -9.54722507 -21.60679726
v -32.74225628 -0.71866276 -46.48557474
v 20.21016673 2.93595736 -46.15789176
v -6.81947425 20.68170236 -51.63390101
v 57.25548037 -24.36636629 -12.25877807
v 28.48340503 -0.48624973 -24.97314783
v -19.04780571 1.82050195 -50.10702967
v -9.09980069 19.49120052 -53.93906015
v 47.16502483 -11.07806218 -29.44528914
v 18.04417467 -4.12215666 -44.15406186
v 12.45598183 8.56614287 -35.74368833
v 11.03184974 3.22411192 -40.88536100
v -36.92201048 -4.42328644 -14.38627353
v 19.26307533 -3.20728069 -36.69142354
v -30.68040092 -9.00946466 -44.84833908
v 34.70204721 -7.72836577 -25.42856690
v -44.36544725 -8.28065321 -36.43886906
v -33.90264582 1.77007939 -27.05311667
v 35.02673396 -8.95397684 -13.87367078
v -22.36243437 -4.36606521 -21.17681838
v 45.48559525 -8.36386283 -30.24140923
v 22.94415529 -1.75315061 -18.82590307
v 47.21358956 -9.29282710 -25.53599193
v 47.44993836 -17.47834503 -20.26433832
v -24.50353682 3.04678510 -45.39263726
v -38.02429856 -3.62018339 -44.46642580
v 58.33833920 -17.90697035 -4.79069714
v 22.09840667 -7.81640346 -48.72921569
v -34.74033291 1.68324204 -28.13219178
v 21.98552899 -8.52207071 -18.60842619
v 22.48229328 -4.15181478 -38.54623411
v -49.70550652 -13.65444570 -12.68404306
v 37.15945250 -14.90579802 -15.56741144
v 16.39131848 4.22733754 -29.58889061
v -14.14318075 10.13489177 -40.50095323
v 43.71326702 -6.77681254 -38.02691564
v 15.79299028 7.82963550 -35.90852482
v -31.13293858 -4.28395309 -29.81349951
v -55.14165871 -16.45468150 -21.53323707
v -29.31831958 -9.08685228 -46.08300962
v 26.33679837 0.20877026 -42.19098595
v -50.06032340 -9.96807637 -30.70986623
v 45.15165983 -17.83794615 -4.25550898
v -48.76502932 -3.81947324 -33.85630400
v 17.76708211 2.95437542 -51.09406145
v 20.38439501 -7.27315212 -19.35524348
v -47.75980106 -2.69759905 -31.67753345
v 16.55961042 7.85518256 -47.79217625
v -57.14597187 -18.54729579 -13.15055324
v -20.52182671 0.10502194 -36.45636245
v -38.35841773 0.29939759 -27.64272414
v -2.95230711 22.42512129 -54.05746015
v 22.40870841 -2.13843800 -18.81104018
v 15.97848772 8.47651133 -48.27692268
v -29.93694772 2.47119519 -26.26482747
v 36.70638028 -9.18066425 -43.88333203
v 54.60533586 -14.80529781 -17.46865079
v 6.64620191 13.37022341 -43.39742712
v -64.81829187 -16.39734073 -18.06750254
v -35.99536670 -7.10129884 -41.20642860
v 21.20062206 0.73566490 -24.26775236
v 36.68127089 -4.93710627 -20.49029554
v -42.82719373 -2.91792580 -19.14609423
v -13.92155148 8.97004649 -50.78191120
v -30.57985390 -4.14790473 -30.25377214
v 23.19790177 -4.37979734 -38.82196028
v 31.53182996 0.29853762 -27.91074207
v 17.79119607 -0.62060988 -21.65741139
v -60.44696582 -11.78530255 -5.17389150
v 41.02107167 -10.52974683 -34.70501170
v -13.33077189 15.94762757 -50.09873966
v -7.23225992 7.61267202 -32.33931057
v 10.53031126 10.76751820 -41.33169582
v 16.30503527 3.28196519 -52.44220893
v -10.67463102 4.35322220 -36.91750015
v -23.12605061 -4.00762483 -48.29045564
v -53.31532254 -14.47286215 -2.35179165
v 52.83258035 -20.01398083 -24.79859792
v 0.46619202 4.57326092 -26.67358245
v -58.33120117 -19.53348243 -16.34519011
v 34.62259907 -0.57042740 -29.67509375
v 44.42335028 -19.39553994 -7.97581298
v -38.02211802 -6.50447218 -31.15120747
v 30.64902292 1.36132620 -30.51135905
v -41.75267789 -4.63288127 -14.78112437
v -14.47870240 6.58053027 -49.49992839
v -30.76637947 -4.76926961 -23.19650490
v 53.61989854 -21.15900878 -4.86450475
v 24.25081431 -3.05770021 -18.21114056
v 27.76656518 -10.57722047 -47.27417718
v -34.76924646 1.65470232 -36.87624023
v 24.26553955 -10.30708328 -11.55571976
v -19.58547672 4.42496441 -49.70038903
v -34.68734791 1.81036352 -28.87125823
v -10.92649557 19.26403410 -51.78116338
v -46.21505549 -4.81468615 -15.47252492
v -49.84560774 -4.78695322 -18.95416109
v -4.83703503 12.77166196 -49.48287406
v -38.72714972 -6.03826841 -36.42215009
v -27.60492438 3.58124906 -31.93106966
v 53.59576214 -14.10374356 -18.55410422
v -20.66529840 -1.20026255 -19.08323363
v 19.42435698 -7.14626353 -19.64967456
v -23.55200080 -2.52296211 -49.39021238
v 40.75918167 -11.26798936 -26.61303655
v -60.52807533 -12.48297371 -16.68600727
v 42.29552149 -12.65018247 -26.78434462
v -42.46629419 -12.88504360 -7.03907540
v 35.13265581 -8.12843470 -14.39614047
v 10.89558215 2.04290638 -34.71305986
v 1.33134758 8.20604880 -45.49196387
v 12.64535683 11.45337681 -49.96783933
v 56.42834084 -16.17539920 -11.94082404
v -30.44162673 2.79144639 -32.97977386
v 0.17703360 14.88860875 -53.14905881
v -25.76986135 -2.88195240 -31.37574320
v 17.26957555 1.20778648 -23.09168166
v 42.31830348 -5.62351507 -39.82320885
v -10.49499220 8.19368062 -34.01811688
v 19.74764305 4.50107542 -33.05110477
v -33.56280803 -4.90159041 -33.19389308
v 15.03209727 0.86620838 -41.09460593
v 37.66002719 -10.14961545 -39.78441641
v 3.46268026 -0.68383542 -28.43060655
v -22.65806787 8.47321282 -38.47638112
v 35.82594024 -4.28902238 -22.38541480
v -32.74405422 -2.12141781 -17.96417930
v 34.23631972 -10.14324360 -45.27555984
v 50.45691912 -19.76081862 -24.37771058
v 44.09337407 -8.18803158 -34.66808012
v 62.66315328 -18.92550587 -10.11956383
v -57.65275334 -13.59370028 -24.89507037
v -55.09078053 -6.93042275 -24.05260100
v -47.54084006 -4.55647661 -17.62566556
v -57.28789926 -18.32841319 -20.19128375
v -51.63762938 -12.70310436 -25.17858849
v -11.57561280 4.18284602 -38.41101730
v 10.65057036 10.31282222 -52.92427121
v -32.26124362 -7.28106443 -46.54414065
v -2.54232997 13.16967630 -49.90917181
v -21.26183390 -0.98163255 -40.48602695
v 10.61001069 -4.14905968 -23.03255001
v 17.72966537 -1.84897951 -20.71542735
v -10.42353199 4.15404662 -36.14018722
v 5.43827524 7.56465783 -46.88229408
v 27.37402268 -3.52940481 -19.11090122
v -11.03966383 4.05072779 -39.37783427
v -14.96973935 -2.09914158 -28.26237982
v 45.72574113 -12.79019206 -30.53375784
v -28.20734512 5.04496175 -39.41148560
v -14.28629746 13.68751297 -49.52043108
v -34.38143186 -5.14282575 -34.98497214
v -56.67117887 -8.24316766 -19.90383676
v -27.64703445 -11.79274443 -12.40321655
v -27.12477850 -6.69353846 -13.48244707
v -40.05661587 -6.29651306 -36.11149168
v 25.19595554 -4.78103216 -31.26866136
v -43.34944294 -12.95777996 -6.84900619
v 8.51603369 9.72334918 -37.98663209
v 21.07681928 -10.17166044 -15.97059241
v -25.03746068 -6.84779532 -14.43275602
v 15.83499592 7.50415537 -35.43883868
v 10.17659632 6.23864781 -52.01293342
v 38.57331897 -17.33686677 -10.44623681
v -13.77902317 3.76051745 -27.16450013
v -20.58861914 5.14029394 -31.29327076
v -19.32824728 -1.60121912 -45.49157805
v -19.33708343 5.15218689 -49.48408431
v -47.36591833 -7.54904625 -4.36290853
v -49.52766529 -11.47061046 -22.16341297
v -16.84274752 1.45013704 -42.57658694
v 21.32652095 -7.50466405 -20.02335724
v 34.66614153 -10.20925790 -44.79062232
v -14.31756986 3.74026246 -36.33831797
v -11.22702791 -1.69980357 -24.72065013
v 40.98479934 -10.92989204 -8.82079337
v 30.12033492 -6.29547435 -26.53328002
v 54.64715579 -19.48191282 -25.32898427
v 26.42442369 -5.22542887 -48.74230686
v -14.53970496 -2.56751388 -24.29128953
v -59.86171364 -13.42699211 -23.70735299
v 5.05452931 10.50521997 -52.42451265
v -59.36545273 -19.87885907 -10.29937162
v -9.23564420 3.90247614 -35.88452719
v -20.33666169 -2.41660954 -31.83442849
v 28.92854466 -7.24672563 -22.48471639
v -15.95004629 0.80806753 -32.89812004
v -43.31963016 -0.86503615 -38.70915584
v 28.57986120 1.76330894 -30.15378186
v 26.76901159 1.00719626 -39.76433605
v -9.27609719 13.21424129 -44.01918560
v -14.30961596 9.86566405 -36.70033593
v 4.16426754 17.67880516 -53.73339430
v -47.81976127 -3.96520438 -39.62276315
v -4.11650823 12.61900082 -49.23385452
v -18.04264269 -0.16827395 -44.47719781
v -13.10665060 4.71295974 -45.22869488
v -27.70412316 3.17203341 -26.86239681
v 42.03352948 -6.00984345 -26.04365943
v -31.13779148 -0.26219343 -47.21832145
v 26.36454950 -4.86642461 -29.62383841
v -3.24914473 17.62855192 -44.33344025
v -32.51023677 2.26865901 -27.82786878
v -4.03976638 18.08237464 -55.46905563
v 18.05983615 5.82470325 -47.47486698
v -3.70293965 18.75265824 -45.84770735
v -50.30587644 -6.47222626 -14.58639168
v -17.88657961 0.09782206 -34.01845855
v -32.32698199 -6.53008678 -40.63166441
v 46.39359448 -10.19409723 -31.02999868
v -26.97818357 -7.74813589 -12.40081108
v -51.88920143 -14.24484549 -23.94774979
v -2.66126469 16.44708100 -55.07849657
v 2.38156948 19.02332722 -49.64170214
v 39.97175107 -6.11992315 -41.96860652
v -26.95738294 6.27676883 -39.63295249
v 61.84784101 -24.01157355 -14.48425429
v -7.93910216 7.76897815 -46.21099957
v 12.25095100 3.22414604 -44.00996839
v -50.66527508 -9.85076825 -30.87629466
v 4.03456234 9.85191335 -49.84988290
v 37.49482355 -10.04103842 -40.89026957
v 9.74138685 1.37048880 -32.96200560
v 43.03275756 -11.19559238 -33.73282539
v -48.27355137 -10.17040140 -25.44222398
v -27.74055455 -4.65811439 -22.67393545
v 24.40928492 -9.84192323 -11.56951408
v -8.74751237 9.34662209 -36.08035765
v -40.94051448 -1.75597842 -23.62620715
v -48.56254396 -7.16415562 -34.71509328
v 23.98639826 -11.78309168 -11.85813984
v 25.00299740 -10.12222291 -46.12710596
v 21.26258035 1.05745446 -45.99886243
v 23.55059515 1.31181397 -26.48445351
v 4.45869708 3.69804250 -26.12862620
v 3.85361780 1.50572966 -33.97809683
v -57.08420997 -10.69279218 -2.87112275
v 1.84379415 7.65488385 -45.05079980
v -13.02226781 13.20761261 -47.02183553
v 53.54790930 -17.94715974 -25.70433515
v -60.50315508 -12.64469677 -18.98771392
v -49.15665319 -13.01652240 -1.69238074
v 20.98069641 -7.51314514 -19.31375539
v 1.33093856 21.72466173 -54.69703411
v 7.70550102 13.91160797 -50.35527422
v 19.15472382 5.76399986 -36.58355184
v -11.68606216 11.80174085 -51.78302601
v -2.25755984 12.63038423 -49.24377797
v -40.39791752 -4.16854557 -16.10934731
v -39.85085375 -10.37276869 -14.45392363
v -41.51777387 -2.50450537 -20.70771328
v 26.41889328 -4.92430857 -15.14323400
v 36.85388068 -3.32475136 -27.00721708
v -46.65460290 -10.02354279 -31.25164244
v 12.14572110 4.43893204 -50.29896696
v -18.77181483 -2.21099382 -30.69730826
v 28.82855026 -10.31757493 -47.80893162
v 39.57767136 -10.24728598 -27.04262423
v 32.02987960 -8.75246779 -47.46296839
v -26.85946356 6.62238603 -37.62151778
v 26.43399753 -5.49897841 -14.56716275
v 2.44396010 14.95253351 -43.53523128
v -51.12665693 -8.33491289 -1.54248916
v 32.78281091 -10.53759824 -46.29798385
v -22.31667028 -1.24470306 -18.14004413
v 20.18925880 2.23210215 -47.99808826
v -1.84495086 14.60419898 -41.77560098
v -45.76965021 -12.92433631 -11.06421094
v -16.16671620 -2.24105780 -22.59217030
v -46.65717148 -4.01451697 -18.48832752
v 40.04304114 -12.14047500 -20.36908938
v -13.32355067 17.52535127 -51.79825404
v -0.88627142 15.19188190 -42.36760022
v -31.14651238 2.42968968 -37.30793949
v -9.33407820 8.62735828 -34.72385870
v 39.31870432 -17.33646693 -6.70400391
v 26.96740126 -11.72122749 -16.26865605
v -11.53962327 11.43372648 -51.61576018
v 13.87028700 5.99529517 -32.25588785
v -53.89612200 -8.46266331 -1.83364330
v -53.19558935 -6.11373233 -27.77728171
v -0.93915995 21.60809205 -55.20177862
v 46.32336038 -9.63832583 -31.94794438
v -20.02571964 -1.23699070 -34.38149979
v 39.58536620 -9.72370522 -37.61129094
v -11.63463650 3.18153940 -34.49540856
v 9.77403521 9.29441443 -37.39091534
v 16.25376381 7.66920975 -49.92852102
v -13.97827966 -2.55019411 -26.39251296
v -24.08663776 -2.83004367 -36.99542169
v -20.87415581 -2.50439627 -45.10408327
v 39.35830782 -10.22938814 -23.37612059
v 48.74342551 -18.75568530 -17.31051943
v 13.80822756 9.27535544 -39.88732269
v 29.53124485 -6.82635063 -36.49024670
v -30.40063382 -0.69776695 -47.94532377
v -1.35528495 5.80167879 -42.40805679
v -64.22676296 -16.45265458 -19.63718825
v 1.65760586 14.78641499 -53.18986821
v -15.62119605 8.97321541 -50.52249841
v -50.86588835 -12.85057425 -1.38527327
v -60.92015640 -20.80431740 -17.23753361
v 0.51896727 20.61822278 -51.71287620
v 47.55644753 -9.19452371 -22.00599230
v 15.94640522 -5.74610124 -19.66366192
v 61.20153087 -21.31822407 -21.68259885
v 6.31458373 10.28313074 -53.20553239
v 45.02344438 -14.73888138 -22.29260537
v -23.87841428 4.99412299 -32.73736267
v -28.00285024 -2.84984129 -35.06562925
v -13.97710442 2.20996631 -33.47075773
v 6.36201389 12.80894852 -41.79193868
v 9.65400666 13.01993804 -46.12073438
v 24.27723348 -11.92386415 -14.99144688
v -4.42919566 8.36730121 -45.28622545
v 44.60588218 -7.30504610 -19.72705806
v -24.30495674 3.96911457 -44.31089333
v 17.05396346 3.06828814 -25.56490343
v -34.59402844 -7.63525667 -42.20393707
v -45.75281536 -13.19138052 -10.17786903
v -43.87077861 -0.95240023 -31.80094622
v -24.49414914 -9.14179353 -13.96995286
v 11.59976420 -0.45833134 -31.39760265
v 20.03724599 -3.50760161 -39.19152884
v 19.65234396 -10.45037921 -47.31936573
v -22.03070458 -6.69887060 -16.60964810
v 15.96482081 3.85128452 -28.28514913
v -0.19151506 -1.38149005 -27.72569363
v -20.66086837 -1.70419426 -34.16566734
v -62.62685205 -17.03175857 -22.01779993
v -22.49009414 2.66675093 -49.29556100
v -29.72479150 -1.29790192 -18.06849578
v -18.61487583 5.54575275 -31.24298372
v 4.46453220 18.10887834 -53.76410628
v -47.03371266 -9.70951222 -29.01084836
v 23.58602957 2.45295164 -40.06339607
v 5.55851103 9.17233469 -36.62699185
v 5.77192669 4.10889497 -26.82453050
v -28.32761129 1.75335059 -45.37419180
v -47.83011542 -2.70282214 -30.02623305
v -8.25487094 4.43242507 -40.36411894
v -5.89790121 13.43539162 -41.37547823
v -28.05033286 -1.15786928 -48.32934852
v 9.85703932 7.00850303 -53.54672555
v -31.47737320 -4.92509632 -11.88700729
v 38.89420525 -9.83151027 -13.57853024
v -1.77688466 4.39225141 -26.34650037
v 29.09628056 -5.75126584 -13.91483872
v 39.91884832 -11.16663019 -30.54925311
v 16.26308138 -1.18406487 -47.03723417
v 35.48112228 -2.40947854 -27.30099572
v 12.29345563 2.92061212 -39.58655769
v 6.70603989 14.44187310 -50.95575529
v -11.75446988 1.21810825 -32.52059741
v 11.70978940 4.59508723 -49.57478361
v 3.49180574 18.93361529 -54.85014427
v 25.64304937 1.99503666 -37.06435697
v 22.72357304 2.64781697 -29.28716454
v -39.29507712 0.64567792 -33.02237833
v 19.30254907 -0.07103985 -22.31553078
v -50.91319828 -8.01055150 -2.25543784
v 46.17292698 -12.52773246 -30.55247795
v -46.17728280 -1.67025731 -32.01137411
v -47.26850196 -8.58822944 -34.41555087
v -49.57888833 -7.75661608 -3.49495222
v 29.66883821 1.46184718 -29.50734872
v -19.96214285 5.39197855 -31.46946597
v -6.97305625 4.85136800 -41.43358642
v -3.57469572 22.31551121 -54.15679438
v -32.74603427 -11.45779644 -10.31949566
v -4.49467673 15.37129938 -42.59636965
v -42.84020307 -7.01840995 -6.59477977
v 34.20068238 -4.84308561 -44.16541875
v -32.97761546 -6.31790900 -46.54938192
v -13.50669195 16.39788681 -50.56708383
v -43.88594211 -6.26192676 -9.24490138
v -57.44497535 -9.10552469 -23.72904259
v 37.23657159 -3.28955690 -27.69248736
v 42.98152243 -6.44045003 -23.93914289
v -7.56731048 7.46264765 -45.66556367
v 27.53905709 -13.13897035 -10.93938867
v 20.17120213 -3.74404921 -34.94586972
v 27.05894681 -1.88888435 -45.82568124
v 34.32563532 -7.44271434 -26.32121001
v -43.84256166 -8.72035233 -33.02212228
v 17.44222619 6.59090267 -45.43598564
v -16.44615259 7.03049727 -50.68373494
v -43.83034537 -1.88313165 -40.30462707
v -33.55457251 1.61764571 -25.91404531
v 34.42495461 -6.56219539 -33.56304842
v 19.44527078 -3.34294493 -40.20450085
v -33.82249244 -6.71746937 -8.65499297
v 9.48966431 -3.86096414 -23.62300195
v -52.61655149 -10.24846566 -1.03284894
v -1.68930231 4.72549123 -26.94039642
v 20.66234702 5.63838514 -40.74211607
v 0.14485561 21.91729804 -53.34719611
v -62.93006610 -14.32775047 -15.60359236
v -49.44310594 -7.76424027 -33.99083398
v -48.30311376 -2.53507630 -35.13314074
v -31.46383820 1.31983517 -44.02526905
v 23.87096977 0.40213874 -43.03890529
v -51.11959944 -12.89304544 -21.46578808
v 12.24102259 10.88727571 -43.58506493
v -50.03986910 -9.58141855 -1.19089867
v -48.77434748 -6.02777134 -34.99516421
v -25.61536271 7.56690273 -38.20933602
v -19.49656576 5.73481456 -31.70698278
v 42.91062608 -13.57290532 -29.96804666
v 35.81709532 -4.07083124 -23.07909249
v 25.40524651 -0.50906742 -43.87028393
v -5.58368895 -1.58104890 -26.34959196
v -39.39224329 -3.23757974 -18.53832721
v 20.69830346 -6.90624784 -21.89013851
v 44.37934784 -19.22804583 -11.14120167
v 28.68159378 -3.55908845 -19.67697427
v -48.13780565 -9.75293941 -32.48161324
v 42.01232082 -8.48157254 -39.98949762
v 35.96039771 -8.69036836 -22.47072463
v 36.68732494 -10.10756411 -40.27659946
v -32.45165203 -9.20232662 -44.95886113
v -62.98247999 -20.28317756 -17.42464852
v -21.41123667 7.59517677 -43.04173126
v 57.04464674 -18.11332164 -22.47769187
v 30.85579888 -2.48046046 -44.59734931
v 39.19721234 -4.56075432 -27.36767162
v -60.20478529 -16.79048648 -4.28632626
v -4.48888710 10.96205880 -47.55860660
v -4.85716720 6.71265359 -43.72622299
v 43.29377867 -12.11567147 -4.79764909
v 12.60858216 3.80333312 -47.82366081
v 47.70600587 -17.90499414 -4.12529165
v 56.72162268 -24.00943503 -9.03139610
v 22.34286310 -3.96348956 -30.36987539
v -2.60205286 11.13443625 -39.31873802
v 24.06112350 2.24851500 -29.43178049
v 16.84815352 1.41133808 -50.63896164
v -56.29449920 -11.88044967 -2.18736008
v 46.28421880 -11.29987638 -32.24205974
v -49.46410630 -6.20547042 -14.21589765
v -7.77394057 4.62805804 -40.98579654
v 36.68529168 -1.91974854 -37.54432172
v 30.35012605 -13.95590903 -10.19716393
v 9.99854154 10.59785307 -40.55617680
v -47.01990696 -9.11752763 -26.60542252
v 11.90466032 -2.64160991 -28.52839614
v -2.01460771 12.37293629 -40.25994406
v -5.34530175 -2.11472265 -27.06985148
v 52.14013878 -13.09480419 -22.05493106
v -13.49579556 1.48533682 -32.69020165
v 6.82075505 14.42842280 -48.55214034
v 23.88233449 -4.23867142 -48.49206349
v -59.99374827 -11.47712480 -5.65056679
v 16.20402465 2.82584114 -52.06109414
v -62.14138890 -12.12020330 -6.22782885
v 18.21036107 6.87867485 -37.27131152
v -18.51312572 -2.78748317 -21.58656868
v -26.43809310 -0.78122082 -17.75889408
v 44.06914672 -7.76065971 -37.32530356
v 12.14384210 3.14450246 -43.10439040
v -33.93781826 0.79607579 -41.14962526
v -35.72181491 -1.76366109 -19.72387549
v 25.29282857 -4.16359712 -16.57392275
v -19.13637056 0.45770352 -21.62166795
v 21.20343094 -3.93915007 -35.14090931
v -46.81758105 -3.71340436 -20.43617016
v 43.42723381 -8.87710051 -37.03692409
v -33.38467014 -2.69307955 -17.59164008
v -0.15258648 -1.48394434 -28.08072552
v -18.59870396 9.90036617 -37.16266550
v 18.18107589 -5.73570276 -46.75408059
v 5.85720926 13.52705810 -52.58373007
v 58.11529664 -24.99805066 -18.26707166
v 61.76678748 -24.39764013 -15.53284444
v -31.63450776 -2.64585856 -16.98623990
v -57.92497301 -9.62394935 -18.00904511
v -24.49144919 -4.49923967 -15.77645312
v 36.44285520 -7.98720103 -29.94200043
v 14.50240883 10.25234859 -48.28921566
v 33.44807484 -14.63017942 -14.43856846
v 20.18220836 -5.90993189 -42.25415791
v -37.79418952 -7.46383308 -42.73302658
v 7.27504805 3.01940903 -25.89271384
v 45.69819921 -9.47962381 -16.58690899
v -58.33676335 -16.11850168 -3.52726135
v 39.27040519 -10.10348555 -39.21180385
v -63.43513893 -17.51306986 -21.33866820
v 9.84835321 3.28222318 -40.18914733
v 37.07199439 -6.99254559 -15.98481743
v -22.89629076 7.46270659 -40.37015463
v -44.06125650 -4.09523552 -16.16246923
v 30.37425488 -14.52951241 -10.96211701
v 8.63599434 2.19902733 -25.44344850
v -1.71260834 8.04027575 -33.08396536
v 18.55222640 -3.62411239 -34.39264523
v -33.32272122 -6.14297673 -21.28442849
v -37.67889995 -4.99931079 -44.70513470
v -7.07490038 19.08735366 -47.87071413
v -66.01163012 -16.84600759 -12.97363474
v -32.37903699 -4.15515826 -14.28106902
v 46.12353578 -15.46921998 -23.45350423
v 58.53140128 -23.08207105 -9.01010213
v -26.48817398 5.08000250 -36.01871174
v 24.79333591 -9.99853128 -17.72189894
v 34.66448922 -8.75473908 -21.51040670
v -51.96354465 -10.13732150 -29.05315101
v 9.46215469 11.80195362 -41.88457389
v -65.11432712 -19.26049434 -16.59595499
v 0.78202861 16.85323875 -54.31757211
v -34.87959721 -5.07034414 -25.36648129
v 3.21877721 9.30355989 -36.60794276
v -56.60251185 -10.49766266 -27.82826464
v 6.39929461 2.20169078 -34.73689335
v -3.52658846 4.39250081 -26.31212839
v -17.98009155 3.86201114 -26.14996152
v -42.47826976 -0.09214482 -36.12019328
v 23.74702954 -4.79036764 -39.93043328
v -24.58436920 -3.20444523 -38.00916717
v -3.92606277 -0.24746476 -32.29495807
v -32.53451003 -4.37315613 -36.70028397
v 60.77543777 -18.55388698 -15.96498832
v 15.30719971 0.17726990 -45.31173569
v -7.59091313 14.52732953 -53.15511206
v -12.39968497 3.89532612 -27.40445866
v 6.25555723 -1.29834505 -26.67242129
v -42.60187111 -10.58748813 -14.96392495
v -19.47917194 -1.46962823 -33.35664641
v 47.10063358 -14.42656748 -2.69762141
v 13.97200085 3.73987950 -27.51426830
v 46.53498358 -11.45023828 -30.90809733
v 53.41330891 -22.05257241 -21.27722336
v -18.59838288 -0.42092716 -21.46650483
v 31.62526465 -7.55519636 -37.30462628
v -64.76950645 -18.47502684 -19.26786939
v -8.17774073 9.56609630 -36.76077053
v 41.01413913 -14.61811539 -17.62130639
v 31.43033687 -4.59981003 -47.14117908
v -26.75107103 -11.76965311 -13.12941040
v 32.68725565 -7.10130109 -26.25482224
v 11.19655682 11.70767176 -43.71750902
v 0.74093048 22.12760664 -54.03850282
v -41.84985583 -1.37006785 -25.46650088
v 11.98063788 11.62300458 -44.39175505
v 14.80958107 -4.18195104 -26.64319269
v 45.58919577 -8.92479667 -32.40887963
v 12.16444419 4.57537994 -52.93279771
v 25.29809131 -5.14860442 -35.23643305
v 53.20293879 -22.65885480 -12.36089405
v -30.93447665 -1.69754876 -48.32882886
v -13.20354800 13.91907985 -51.04486459
v -47.67929205 -7.81824659 -3.46485791
v -49.20812454 -10.24708510 -27.04534690
v -14.60324809 1.89162995 -33.32673622
v 60.89890625 -24.68222491 -14.33394569
v -42.07251760 -6.47887464 -38.89763449
v 33.66226721 -11.36905931 -9.51200889
v -30.11466098 -0.02834858 -21.64970937
v 43.15495284 -5.44648486 -31.47265454
v -31.87781369 -4.75772706 -12.10047957
v 16.83168762 3.15035738 -51.90260873
v -14.65653138 3.76768003 -45.48231836
v 14.93528056 1.14790041 -23.30794357
v 47.47057184 -14.92396168 -2.75616900
v -22.37320455 6.32521544 -33.22430416
v -51.41845730 -11.83051184 -26.08607026
v -36.11904718 -7.92492891 -43.14031558
v -33.28084837 -6.96605171 -41.11754097
v 58.91122513 -25.24620530 -17.25450653
v 22.68495211 -7.95652759 -19.98446081
v -39.38971106 -6.81586258 -21.58377674
v 37.59578374 -2.00343539 -36.27276970
v -64.16726731 -13.64906684 -9.02509498
v 1.46094662 18.66658062 -47.10786896
v -54.86727201 -8.44349932 -12.70868104
v -1.21140003 16.31134786 -43.37323861
v 57.50284041 -17.06991173 -19.01595400
v -0.10292299 19.15321823 -46.77240635
v -26.15248463 -3.36408277 -27.66821397
v -20.36024337 1.90669978 -22.33560044
v 55.54786634 -15.51918474 -0.58095408
v -50.93511982 -13.20526975 -24.52355024
v 26.71724468 0.05347825 -25.26511401
v 17.35698663 7.11559184 -36.48351136
v -15.27535032 0.45945349 -32.11601128
v -25.04606779 7.93658138 -36.69441299
v -19.05120439 4.28543896 -50.05208419
v -46.84849320 -9.79436807 -29.63706214
v 34.93773664 -6.73366632 -15.19031199
v -16.70337904 1.84368836 -40.61924345
v -35.92638616 -6.10788549 -22.21451470
v 18.24206869 -3.32252385 -42.60666374
v -25.03902526 -0.22779511 -48.83324186
v -41.09422919 -1.95266739 -41.98776523
v 21.38869726 -3.86954895 -35.91239351
v -23.32061097 1.83774297 -49.43209437
v -55.24508966 -6.97868003 -22.42623470
v 52.94562683 -18.19765440 -4.15608438
v 43.69230993 -8.42379679 -38.05396505
v -33.33175919 -0.29336680 -21.76400759
v -4.47736121 9.86451028 -37.61052416
v -49.59941971 -5.70051168 -15.96550223
v 60.19728049 -23.95739046 -11.91703311
v 37.02888638 -6.69563379 -43.76062606
v 16.78808168 7.94259178 -41.01773112
v 42.67021307 -6.15563329 -19.67865370
v 7.28940721 8.89749235 -53.36529485
v 41.16966407 -9.30668859 -14.92742369
v -60.17670631 -20.17937508 -10.09767093
v 18.45094945 5.19116205 -48.84969329
v 17.95712241 -1.35255739 -21.01343277
v -50.94514661 -11.96120442 -20.31895098
v 17.60599126 -8.51358283 -45.49818433
v -37.12554924 -12.09978690 -6.17415491
v -3.87519370 16.55921958 -43.39771489
v 21.70050697 -1.26806165 -48.73514650
v -17.36763108 -2.79916420 -25.06130377
v 14.72441647 0.96023406 -45.93465873
v 42.34582537 -9.40543433 -37.03861796
v 54.40663894 -20.11989729 -4.83057157
v -50.15286481 -13.24663913 -1.62442420
v -39.12447269 -6.61992153 -30.24343053
v -21.71579981 -2.53962155 -32.24196238
v 33.52725797 -0.37135655 -35.38734841
v -19.95770621 -2.24117895 -19.16970899
v 33.84534098 -14.23031620 -15.24166820
v 40.19270447 -6.93721953 -42.10235026
v -38.71676540 -7.19027065 -20.16442813
v 61.96166361 -19.32378353 -8.46688160
v -1.60485599 16.06551984 -43.02794171
v 53.36113096 -21.85267275 -17.73486190
v 8.16166998 12.82656740 -52.16850742
v 21.47263126 -6.59066111 -17.88924042
v 25.67263513 -8.69898488 -11.16054527
v 4.70793085 15.82444695 -48.83544539
v -18.09981593 4.77132924 -29.87744233
v -46.48077887 -12.48110744 -12.50082540
v -4.39617646 3.42253146 -36.38217045
v 31.54672284 -9.56057735 -19.68602506
v -37.59591163 -3.33303224 -18.05855836
v 50.80484500 -13.84285864 -26.99159898
v -27.92386619 -8.05086802 -45.23780447
v -26.44063656 6.66190983 -36.94395066
v -55.62243688 -17.80556007 -10.56082825
v 38.66727620 -15.93507990 -5.69200649
v -63.90077769 -17.44868722 -7.97209325
v -58.80068051 -11.35349569 -3.87958251
v -52.50489227 -13.58145632 -15.95069747
v 38.39272372 -5.03578522 -23.67032713
v -39.85846930 0.36702937 -32.08775010
v -19.32088066 -2.71761484 -26.36190396
v -6.79577626 20.34569075 -50.76437292
v -23.24356104 6.04465611 -42.34335175
v -54.31089179 -6.35368135 -23.47542058
v 44.96392168 -7.71168056 -26.64034116
v 6.83887308 3.61460594 -39.27155632
v -39.07135703 -6.81016918 -7.06273643
v 36.94163716 -6.67892827 -16.34826284
v -65.37763007 -17.47930807 -11.08768203
v -45.73107548 -1.49250392 -31.25053275
v 11.84079890 12.12876930 -45.70281490
v 19.08719758 -1.47442466 -50.40884614
v -48.95735430 -10.97938691 -24.83838134
v -39.51356782 -11.66111653 -4.80616034
v 24.04840838 -5.27504550 -15.90779547
v 1.73329263 15.79047608 -44.41764231
v -23.01542691 5.24634288 -32.53189805
v 0.68675233 5.96561953 -42.94219540
v -20.69237358 -2.48886413 -28.83824667
v 17.52142200 6.67738799 -47.80870747
v -51.24668524 -13.72896554 -23.70345727
v -25.66157564 -5.89758916 -47.00390372
v 3.66489459 3.21619381 -37.62398684
v 4.32117789 7.32605210 -45.88165843
v -54.67529869 -10.17098135 -1.42576341
v -1.50800355 19.75856831 -48.09651394
v 1.34344176 14.95826195 -42.80089897
v -51.21797679 -4.61669312 -24.75742612
v 45.70399979 -9.80291075 -15.97069880
v -12.74174721 -1.80381213 -24.12176384
v -6.87926786 10.76756454 -48.23982018
v 31.61487685 -1.89721564 -24.41687332
v 32.83893843 -6.75609628 -28.55768443
v 57.94688206 -16.84548507 -15.67819600
v -27.91748739 -3.40004998 -37.14644925
v -57.57475385 -18.41535786 -5.84954377
v -15.88434976 3.05403496 -46.57978399
v 18.91298714 5.55145916 -44.06212372
v -4.49212801 13.29182487 -40.84843183
v -18.43689992 0.09534842 -41.60974496
v 14.55677109 1.18709627 -46.38064735
v 9.10266684 7.16600249 -52.27416845
v 31.31698346 -5.98175976 -14.08520173
v 52.84392063 -14.88638490 -12.79877326
v 18.94104996 -2.70933724 -39.73318503
v 30.63920492 -0.71727179 -25.64628392
v -34.15137635 0.46067566 -41.82170572
v -42.92716634 -10.49044895 -3.85600367
v 15.20612067 8.03591294 -35.78960058
v 2.34447050 12.61342940 -51.70288821
v -65.27351401 -18.36159223 -18.60809411
v -23.99140143 -8.04860151 -16.35512986
v 5.16458116 12.11859585 -52.99723103
v -60.53210659 -17.41661332 -21.99025541
v 13.91678500 -4.97127328 -22.19936274
v -58.81255505 -12.02790145 -3.44867759
v -57.73439575 -18.90911870 -15.77504097
v -24.17825370 2.39532432 -48.34547947
v -59.03763299 -18.48513700 -5.46502604
v 7.93594217 5.70566126 -46.67069038
v -40.80424275 -6.46878949 -40.78108064
v 6.56386966 6.68719005 -33.03008052
v 18.58815077 -9.25094054 -48.13901146
v -10.43352862 19.48201941 -52.41794595
v 15.48887962 3.65911678 -27.51970010
v -12.18460689 15.34114742 -48.28110863
v -7.20716047 -1.96004794 -28.26788249
v -43.90133700 -4.73963747 -14.54549695
v 17.99238611 7.14599898 -41.72145429
v 30.53047024 -6.54565434 -26.03164971
v 31.12943067 -10.92957126 -18.19525394
v 44.59686042 -18.87568783 -12.50877421
v 36.18492329 -1.46645037 -36.54651930
v -11.85802271 4.57701110 -43.03781337
v 43.40001160 -5.78373166 -31.16482173
v 37.43224833 -9.87458690 -41.76682454
v -55.61925001 -8.44779627 -15.96005202
v -21.93892712 -1.68121656 -41.23704342
v 16.74445521 -9.82054380 -47.93694657
v -0.67873724 17.96655329 -55.14465518
v -28.90036964 -3.82731612 -29.09196426
v 19.33896069 -8.64618491 -44.92328225
v 10.02803482 2.44602863 -25.39768564
v -12.82481304 3.89522055 -41.77597027
v 57.34618059 -18.04229804 -21.91472352
v -17.65430746 10.21676055 -45.64185390
v 50.31382670 -11.25837539 -19.72583276
v -4.95430147 8.60613910 -45.62917036
v -8.00242640 12.13007833 -41.35563434
v 2.40500702 15.50306936 -53.48123463
v 23.72456444 -4.34969203 -30.32710793
v 32.32093936 -7.23199967 -24.14272931
v -56.95878447 -14.31244284 -2.75975483
v 53.64831404 -14.29033537 -16.67140356
v 37.14711572 -8.05690539 -15.22248118
v 23.17541727 -7.37343802 -21.42338201
v -8.62970228 11.45296514 -50.01778864
v 53.18041749 -14.95278354 -10.16946937
v -23.83877061 6.35334719 -41.55958049
v -0.09060994 19.36605918 -47.37033654
v 15.41024052 -6.48473096 -19.51423499
v -36.83442195 -11.58139332 -6.24309505
v 2.06291848 4.35756586 -26.48060906
v 48.43135175 -13.69304961 -2.31325286
v -30.60540300 -8.28540168 -43.28205384
v -24.21775511 -2.93134882 -38.15720907
v 59.58339556 -22.63896646 -9.78803251
v 2.27836834 18.65326355 -48.47048817
v -14.30183951 3.15638935 -40.53028990
v 13.72733330 4.39398918 -29.55514459
v 2.09673769 18.91954192 -48.72843406
v -60.36640179 -13.14696682 -3.93191554
v -14.35422805 -1.38715371 -29.65649293
v 38.50983946 -6.54953641 -17.02551958
v 37.53045457 -3.80800799 -40.52934528
v -20.76175605 8.56579088 -39.87064183
v -7.24592526 15.72589512 -44.17340422
v 5.22006298 0.31248234 -25.81686528
v -8.79663258 11.28810564 -40.77229192
v 38.03636887 -9.12501258 -24.59029647
v -28.18596628 -5.35214937 -47.78326131
v -0.55103256 10.46837746 -47.03054497
v -61.35642151 -21.15496897 -13.84992785
v 52.62286198 -15.61940251 -25.56436738
v 15.78852604 5.15149860 -31.25174791
v -43.56597960 -0.84544208 -28.50743660
v 12.04512549 2.62393983 -37.58929541
v -52.77268678 -7.04358306 -16.63863792
v 9.22963381 5.24630403 -47.03186666
v 29.89973333 -6.23352449 -34.42037219
v -43.43750952 -0.83852496 -29.83478618
v -21.70956371 7.29158858 -43.83965599
v 33.08359514 -10.57951383 -45.22667642
v 6.36857979 10.79662804 -53.19734493
v -4.61404675 2.12723107 -25.67295521
v -61.70859729 -13.07746357 -14.22791374
v -57.60276360 -9.66878453 -13.60695073
v 12.39603884 3.21878208 -44.97819971
v -4.04438945 4.55819705 -39.81698009
v 34.76032034 -1.13657579 -37.69522430
v 18.53128589 -9.75356105 -47.93049891
v -10.48062693 -2.31103143 -27.37332633
v -32.40439841 -1.12530996 -19.51695649
v 56.84110547 -24.40910820 -18.16341757
v 1.34370367 12.52059822 -50.66661029
v 35.23654282 -10.21914706 -42.22218301
v 36.23848014 -1.37343523 -35.70071372
v -19.07022819 9.90972837 -36.24710548
v 3.48381250 13.89228564 -42.49241590
v 10.17289684 8.82507341 -36.36585613
v -5.83137375 21.45959132 -53.23446223
v -19.17987608 4.38754433 -28.52974079
v 20.15647516 4.23282020 -32.39923938
v 44.10178218 -7.80175486 -36.50096705
v -28.27096780 -6.34254581 -47.51353897
v 3.94255076 3.89916944 -39.65798362
v 59.56031818 -23.23043027 -10.36617554
v -33.19507143 2.55201340 -31.54213936
v -44.32867941 -3.26403618 -40.87430597
v 31.08243642 -9.43211061 -43.49238865
v 14.70195458 -5.60182421 -22.86253414
v -9.81963707 4.77136776 -42.03006569
v 1.50434483 4.72060069 -27.01414019
v 20.41169399 -3.57317251 -36.73408149
v 9.28785672 -3.30187295 -23.62135281
v -51.14160310 -5.23357156 -19.29865724
v -43.92564063 -3.05810097 -18.97767489
v -36.58700635 1.75373074 -31.97686040
v -50.74620221 -11.65683559 -25.88765640
v -58.28278608 -11.73019231 -26.58861634
v -29.68579009 2.99793276 -39.49694558
v -62.41029499 -21.01386662 -12.39362813
v 43.61054984 -6.73873784 -22.99372658
v 37.51894539 -9.89467567 -13.21074533
v -38.42643983 -11.98743013 -9.70699351
v 21.45576579 1.10738973 -45.31804026
v 5.08831866 16.14767246 -51.44701167
v 47.73909190 -17.06909064 -3.83852788
v 5.27930876 13.56825064 -42.90041106
v 33.90507959 -10.52824401 -44.59698882
v -45.27004417 -1.27397345 -30.61884572
v 61.43045132 -19.95068149 -8.88733620
v -46.73055275 -5.15373391 -14.79706074
v -38.55061963 -3.05475298 -18.78800222
v -39.94181052 -8.47071048 -17.73602131
v -56.64086190 -8.14839088 -20.60477040
v -65.80409191 -18.43473373 -17.56682483
v -14.05137836 2.73157957 -34.01365100
v 38.06616251 -10.24829631 -21.09843410
v -25.15534995 3.09297802 -44.81238032
v 2.79205661 5.96570369 -43.39856294
v -22.41461297 9.10474173 -36.43840765
v 5.30946599 15.69651384 -51.35086786
v -18.50818551 3.02774499 -23.78848891
v 36.71491269 -1.35531280 -33.89253017
v 44.49548224 -14.43118151 -21.52902571
v -9.46974395 1.89960458 -33.60196216
v -29.49443500 -4.92749423 -13.91169508
v 18.07152746 5.44429502 -50.06295415
v 13.46410913 2.48987965 -43.87134602
v -53.86084469 -14.74714821 -17.38186684
v 36.84765137 -8.54675332 -27.75779072
v -17.64808406 9.87973072 -37.08970799
v -11.53472484 5.85103485 -30.29664206
v -22.01467507 -3.48758334 -46.94169578
v -27.32351342 -3.66178548 -24.94100087
v 12.83936543 4.09820830 -52.29832176
v -32.34371559 -8.76724054 -46.09865115
v 48.61821573 -11.79702093 -28.06527217
v 39.52659946 -7.66770007 -16.11606797
v 29.31752843 -10.82505665 -10.32961015
v -0.72582523 20.18492570 -49.70929089
v 35.52323320 -0.77934105 -31.33725102
v -34.44128680 -4.07326154 -15.14491996
v 28.59022808 -9.08815752 -10.65020789
v -0.71527221 22.04135654 -55.07592083
v -43.76419354 -9.79760279 -16.97999150
v 7.50072611 2.59336789 -35.41205574
v -32.47289585 -5.02917204 -47.17505019
v 55.28032043 -23.49761715 -13.14216046
v -36.50118847 0.12052708 -40.72516097
v -13.01076346 8.59802443 -34.41323638
v -48.10026750 -9.58963212 -18.51263267
v -30.23505387 -4.64620422 -13.93258195
v 32.34715371 -10.23223962 -44.44435609
v 43.37440334 -18.90951951 -7.20723397
v -14.91852867 5.85434585 -49.19885652
v -3.21786748 3.76500499 -25.85868009
v -47.43161266 -2.30162891 -30.24068756
v -12.96759762 1.93783351 -24.57401589
v -20.02752399 4.61378310 -29.70169398
v -22.11803405 6.50998276 -45.36426225
v 48.42407951 -11.26628417 -27.69440144
v -37.22904143 -2.27969650 -19.60762258
v -5.34985568 4.61159348 -40.37859642
v -1.04273110 -0.00053215 -32.92143998
v 37.98732938 -8.80096926 -36.39021780
v 4.07885988 7.12576700 -45.48019003
v -62.21450964 -12.53289075 -4.95189451
v 44.03061310 -8.26724956 -36.91259487
v -42.02413904 -8.48855814 -18.54115061
v 29.25864365 -6.82100938 -48.49001777
v -41.04029174 -3.19110673 -18.60441920
v -14.84359866 -2.40689514 -23.44429418
v 47.71313697 -12.20583741 -9.73182317
v 24.40788983 -11.67035751 -15.49398731
v 23.13811201 -8.86741022 -44.39724404
v -3.25619609 20.23263466 -55.36246032
v 55.25861283 -23.65590160 -7.39631739
v 14.56511594 3.37848375 -53.20146554
v -36.44699621 -6.17383286 -30.34497581
v 8.67684881 12.49731944 -42.94781957
v -36.66794603 -1.74430910 -43.25996962
v 21.92860402 -3.95029090 -36.72450414
v 56.15328385 -23.49225649 -21.63053608
v -37.36693642 1.40767831 -30.61949449
v 8.88462796 -2.84950725 -26.16806297
v 2.16456400 -0.60608758 -30.24743454
v -7.76649926 15.54608525 -44.46088582
v 45.07002462 -7.91843956 -27.99984444
v -43.61299532 -2.15047774 -24.89580429
v 45.89580099 -15.20145911 -24.64528151
v 11.04399582 1.20288015 -24.73085965
v -12.28770229 16.79353872 -52.14419078
v 33.78126051 -4.69136950 -44.58565817
v -11.06025754 10.53912316 -39.31989218
v -43.28349011 -3.80745777 -16.65727521
v -1.22235111 -1.75708666 -27.98286868
v -19.22228969 7.78747819 -33.29963439
v 34.60841870 -11.09589987 -9.44394817
v -7.93324986 19.95290284 -50.46935566
v -11.94472726 16.52716721 -48.79998767
v 55.24841366 -16.03193852 -21.13300426
v -30.40463133 -8.64434195 -16.84178240
v 43.17989313 -13.72411270 -29.45944467
v 16.28055938 0.97064867 -22.89414594
v 10.63145073 12.30542185 -44.78828383
v 10.27164800 2.73156110 -36.18488188
v -3.05584552 4.08711291 -38.21943785
v -17.91212587 3.68783732 -50.00271838
v 55.45241279 -15.89876380 -20.28797628
v -45.73945520 -4.44744371 -16.22404839
v -2.30452815 13.98499059 -51.06921827
v 36.83251426 -4.53932511 -22.59542982
v -28.58881879 -6.40096361 -41.09983693
v -22.10420709 -2.59079830 -49.58443188
v 3.21368065 8.60570131 -34.90802908
v 43.82934748 -9.10656570 -34.97167021
v 27.93681105 -4.80201885 -15.50096163
v 30.78547420 -9.85603491 -10.69505782
v -40.58535443 -0.06128214 -39.09751293
v -3.29265113 5.39172164 -41.61266319
v 41.06247725 -10.62242297 -10.62927769
v 12.80793443 7.16898884 -34.01602947
v 10.64680073 12.57912269 -45.94815611
v -22.74575386 3.95956501 -48.54277896
v 49.43362302 -13.06297755 -6.30434201
v 60.93400008 -18.11334875 -11.12539122
v 33.71019845 -2.71255278 -24.36353914
v -17.73713513 7.88003275 -33.27710005
v 48.96298097 -19.12666534 -23.79897780
v 45.62793082 -12.97057430 -3.43551623
v 56.87052260 -21.21566934 -6.16121121
v 14.72242217 -4.67974327 -25.67358853
v -36.34297888 -8.08000768 -44.19436036
v -20.80976814 -4.58607007 -20.10521090
v -23.06479231 -7.24787611 -15.60014058
v 22.18948260 -7.06337686 -48.89689871
v 18.24654664 -2.06158393 -39.03977287
v 62.82522301 -21.60708528 -19.61241707
v -1.62673573 21.19604939 -51.63866350
v 18.48925015 -9.51865747 -46.14627058
v -28.78746182 4.05767927 -40.89474779
v -46.56707992 -8.84222570 -25.30867787
v 17.55466047 7.75348524 -38.08701137
v 21.03877348 3.69281884 -31.00445328
v -33.26858126 -8.71974719 -8.54020243
v 2.76390460 3.03626011 -36.93109398
v -36.90442794 -1.99482488 -19.86884394
v -30.14110222 -3.60334420 -36.65982868
v -29.07165177 -11.71078631 -11.80003934
v 32.34979265 -6.30417454 -29.85836060
v 26.08630607 -2.93380529 -19.35659859
v -37.22277348 -7.35998250 -41.85309712
v -43.08217740 -7.96701679 -35.60334251
v -53.24594669 -10.79381411 -27.71185232
v 31.05500625 -5.61956816 -15.36200037
v 48.39407503 -20.55823205 -5.55965945
v 41.56966098 -10.93660030 -34.28801265
v 1.17366614 20.85737611 -52.75433974
v -4.32337281 20.51556090 -50.13960198
v 14.88174996 -1.86541206 -34.62094219
v 4.09910944 18.47886906 -51.80821962
v 9.17515334 -0.03796661 -30.89566377
v -39.62456772 0.58930365 -33.82600165
v 26.44129628 -8.38648756 -48.57458738
v -5.38764145 15.91868585 -43.31283457
v -1.43061732 16.88171643 -43.89123849
v 11.53328095 11.86422988 -50.88364333
v -13.61501711 10.25851971 -40.13116996
v 22.53681598 -2.84204822 -18.65723747
v 51.90636244 -19.49184284 -4.30431866
v -39.25939198 0.65693086 -32.33756088
v -48.45941314 -10.11177635 -30.76374034
v -50.01776245 -6.89100705 -33.87851590
v -31.97787511 -3.63752600 -16.13604945
v -37.29503420 1.44401511 -32.00477363
v -59.42418862 -11.30940184 -16.36375098
v 44.35749008 -7.36807612 -18.88706184
v -41.77885202 -6.52759749 -38.30333767
v -47.47993579 -9.83526469 -22.73025611
v -50.92527908 -6.02166454 -16.62764420
v -64.87336188 -17.01702744 -19.58045045
v 17.79991864 1.76549382 -23.72146291
v 30.52013909 -14.31598479 -10.39794819
v 17.22499410 4.95994752 -51.43257942
v 44.56623297 -13.28867599 -30.54726857
v 7.69925402 12.02690159 -40.76761692
v 16.98060545 7.23719371 -45.28966828
v 24.23264572 -5.83307611 -41.27276498
v 24.20012954 -4.80041847 -26.54225988
v -38.11201198 1.04856584 -32.88694347
v -18.39187160 6.43010052 -32.01707646
v -36.77958006 -7.72820039 -44.19831376
v -51.85870230 -5.76854081 -18.67637037
v -54.38401006 -8.74344233 -1.70150145
v -45.57495915 -8.94841989 -27.96459384
v -0.89855333 18.91868292 -46.05701391
v 20.81158715 -0.96442194 -20.73689758
v 7.38199070 10.52039036 -53.33786771
v -44.08082247 -3.51692706 -17.66869565
v 16.13796218 -0.29000033 -39.04303678
v -46.61305680 -12.15336826 -13.24738819
v 17.95821743 -10.10679941 -47.34576780
v -49.01184704 -8.55874783 -2.13218761
v 51.38404775 -12.08870636 -20.56766201
v 28.68977087 -0.94215412 -24.34905707
v 44.03645570 -6.83382205 -32.56010150
v 0.04341553 6.32876720 -30.64176111
v 50.90793907 -11.91822193 -18.81516967
v -7.92679454 2.98503497 -25.71995269
v -46.40749297 -7.31533122 -36.33552804
v 62.01484578 -24.34473799 -17.30989065
v -44.44217339 -12.76654841 -10.80132141
v 0.91019607 19.59998141 -49.13478034
v 16.88392987 3.35566362 -26.63448835
v 35.35993585 -0.93205749 -30.26035742
v 37.51026667 -11.10593048 -8.36436493
v -8.18203198 -2.22162384 -27.47570885
v 22.98849004 -7.33489417 -15.25941023
v 58.13294013 -16.84987356 -11.39070188
v 39.61267128 -5.29770823 -25.43420707
v -11.94786202 10.41614149 -38.47515623
v -43.57520803 -2.93499355 -19.66273955
v 60.45067697 -24.05331645 -20.86354646
v 42.38155230 -9.41697540 -36.61953340
v -21.57846294 8.57940592 -34.62048172
v 35.29141771 -1.97707088 -39.41448291
v 36.21174688 -9.77501784 -39.74339580
v 15.10891915 -0.45006441 -36.21087195
v 55.69287093 -21.43590360 -5.70002072
v -30.98940591 -6.28532172 -10.71778215
v -18.10810869 1.71420235 -37.00940807
v -37.53504958 -10.74116444 -5.98359199
v 5.55597791 3.58324529 -38.86407930
v 13.94197306 3.21343550 -25.71564208
v 3.28994534 5.77550038 -43.20647712
v -45.00380206 -4.07934351 -16.53115728
v -47.18454107 -4.58689595 -16.98886676
v -24.20918180 -8.59864308 -14.37244931
v -21.16922917 7.89095358 -45.33116116
v 3.64146492 9.69974107 -48.99288991
v -42.78279473 -7.96235858 -34.81426898
v -24.46083542 6.80737226 -40.73674072
v 1.66203278 20.86910345 -53.36510800
v 45.36431380 -17.93073269 -14.79574014
v 8.65178595 11.91615977 -41.24145973
v 4.04425008 18.39271164 -54.36029898
v -18.54730602 9.69179529 -35.32281885
v 14.70908155 3.03813382 -50.56389807
v -31.18524521 -6.10280006 -20.92032192
v 19.03917191 -2.31552599 -19.90590856
v 49.38674565 -14.35353041 -27.80829862
v -37.16530104 -3.76311114 -44.86570929
v -11.58629194 9.23250651 -49.88370117
v 6.97874151 5.35135211 -44.89121165
v -25.20766893 1.79287391 -23.00820824
v 14.30202742 7.31385512 -52.68292334
v -39.15096353 -6.46682690 -42.85922403
v 5.45019184 9.96744056 -37.76509202
v 15.90333596 8.38450459 -44.56375639
v 3.07721269 8.88670897 -35.50533505
v -49.72892084 -9.87283569 -31.33561662
v 8.43524693 -0.02170500 -25.00708807
v 12.12856740 12.13409897 -48.38626139
v -13.59701591 15.97407569 -50.88597002
v -29.10693364 -9.96365583 -10.64400090
v 62.66532841 -19.34853431 -13.24271415
v 20.56931375 -3.77178266 -38.98609008
v -47.50382295 -12.71602878 -12.51908528
v 21.75046716 -8.20854167 -43.73204569
v -37.96750328 -6.25218547 -37.92611699
v -59.04769540 -10.92165312 -17.13991188
v 16.11861464 -6.99222816 -20.11505086
v -41.94648530 -7.54610743 -29.94948338
v 28.91808986 -1.93553471 -22.92272878
v 0.98335161 4.34522382 -26.35147264
v -9.57492208 -2.41695476 -26.36235236
v -26.56675152 -6.71645057 -46.11919884
v 1.38774103 10.54590290 -48.07521591
v -34.07713916 -4.52892398 -12.79669746
v -53.38877556 -7.09809942 -29.55231708
v 18.17705206 4.97928225 -50.28291767
v -46.91126972 -9.02391672 -25.92430068
v 28.42713722 -9.89561023 -48.03329040
v 17.78979886 -7.36872645 -45.94896476
v -0.26941037 14.67310226 -52.67990013
v -17.35475396 -0.09193854 -33.15322244
v -34.01405551 -0.60841456 -43.91497178
v 21.39256507 -6.39599531 -49.10890551
v -15.93011348 9.88039218 -36.46859980
v -8.56271051 19.01918596 -48.44251619
v -20.46825774 5.72768269 -32.01505080
v 19.27168286 -3.60997715 -28.21595409
v -28.27722662 -3.48953577 -31.13238949
v -20.48866286 -1.11971673 -35.00164088
v -1.13896361 11.65084378 -39.79270092
v -31.45986053 -4.33547897 -31.28178910
v 35.80011953 -9.86520350 -40.39121307
v -41.61566161 -1.75427246 -41.42477708
v 47.72930594 -9.34851994 -21.33842067
v 14.39266682 1.55475146 -43.51709757
v 51.80890617 -22.63516041 -8.07829950
v 2.05701361 18.35089721 -47.50496826
v -52.47095748 -14.88450166 -22.92650670
v 34.88264785 -8.45803554 -22.24449633
v 37.45011689 -9.27144908 -22.51381269
v -24.31329548 -5.45126230 -15.43034088
v 2.64620873 2.36478766 -35.63741389
v -53.97060876 -15.29262562 -19.27660287
v 17.60300233 1.54020171 -50.90313521
v -50.91110562 -12.05552001 -16.61531930
v 20.45259524 -4.70790333 -40.88709535
v -48.53609141 -3.56243203 -25.03598111
v 18.50554739 -5.82554996 -48.29128199
v 52.67316028 -17.58336256 -25.96835737
v -10.21125453 0.72421552 -32.18286968
v -35.13089275 -9.88351037 -16.18097927
v 32.09524821 -1.75474024 -25.08506533
v -23.96676875 -4.64118169 -46.03493694
v 2.86834696 17.24741608 -54.04376191
v -33.44346756 0.44745761 -23.34332600
v -5.18044734 -2.00078958 -26.83878245
v -24.84836334 -9.20687127 -14.59531123
v 34.40064471 -9.81726330 -41.66593274
v 47.11695988 -17.16495060 -19.05275640
v 5.18280745 2.62728969 -35.96659717
v -23.41778342 2.61706894 -49.08185376
v -50.60494527 -11.19077506 -26.53803135
v 37.71121070 -4.81717683 -22.08163351
v -54.29122653 -8.55049272 -5.46939451
v -31.83195430 -5.68748753 -10.28603926
v 32.47444811 -7.40650441 -13.08558336
v -26.30770918 -6.23499039 -47.08376302
v 56.52588002 -23.75040572 -8.37292213
v 18.34086817 -6.86760456 -47.72882094
v 44.02716677 -7.44407277 -35.50724026
v 39.41003383 -2.90773685 -31.42489588
v -50.29690655 -11.71917158 -16.31261626
v 5.36906711 9.96944627 -52.29841575
v -44.14768169 -1.83702039 -26.40943506
v 5.56518729 3.42106843 -38.37606823
v -34.21435545 -9.10581221 -45.08235392
v 21.69925190 0.41322623 -23.96907388
v -51.15991378 -4.75414705 -23.25363409
v 21.39663974 -1.84469733 -49.42428667
v 24.48658291 -11.08047512 -11.38858309
v 17.23648499 -0.11739894 -50.24805465
v -17.97696933 -1.30768112 -21.53991900
v -63.71701731 -16.40928690 -20.55148775
v -45.09231518 -7.84957216 -36.82218856
v -61.84675965 -12.08562229 -7.67292409
v -39.96190541 -0.02706620 -29.87445783
v 21.07081317 -7.15376160 -17.96107445
v 15.68746061 -0.36490732 -46.16208170
v -23.53499213 -2.57230261 -32.68685545
v -6.78215701 10.53833302 -38.99677814
v 17.14887343 -6.98047382 -20.71354204
v -4.21798457 20.94895155 -51.17662445
v -10.57157492 -0.69586143 -30.52293790
v -44.62042695 -8.27717970 -4.29235538
v -3.11326999 12.95715291 -40.50324650
v -13.74300882 10.13182239 -37.92215152
v -6.50317715 21.36313856 -53.66325889
v -37.77684532 -6.02828997 -24.30349664
v 12.79435339 4.62620228 -54.04486489
v 19.11797610 -6.75367718 -18.88465209
v -26.89642558 -2.89306041 -15.54827854
v -39.24740140 -7.80549398 -18.79341085
v 32.62849608 -15.45064645 -9.84773883
v 8.82684676 3.35436228 -39.62532398
v -7.94153502 14.69766792 -53.24105128
v -25.69461602 4.03478949 -27.89204601
v 8.06106373 10.29241388 -38.77760909
v 11.61511535 12.16499179 -49.70499249
v -19.28152641 -1.50818771 -20.25267471
v -7.24132362 -2.28860140 -26.92793793
v -62.68091927 -14.41196463 -5.23444289
v 12.87785652 11.47588789 -45.23855346
v -25.23442139 0.16330351 -20.19718345
v -57.63642045 -9.29804234 -26.19715158
v -17.42256275 9.40595921 -41.91033430
v 42.62901491 -12.76196555 -31.84939915
v 20.66256190 -3.59658272 -37.98394837
v -10.48488185 8.22238311 -48.35826893
v -34.72604147 1.75588264 -28.49660157
v -49.69089921 -14.41510678 -2.86927556
v 44.19110285 -7.60402698 -33.51915480
v -15.20967343 9.94276838 -37.76578807
v -25.50556131 -4.37805498 -39.59789217
v -14.86500982 3.31871770 -35.21246483
v -0.79134590 8.88972200 -34.89164127
v 14.37830963 -1.91756245 -33.64528737
v -4.02950878 19.17243988 -46.79372703
v -14.67532765 3.42827011 -25.80599052
v 1.68858123 17.86649399 -54.60659841
v 7.83908805 11.34560141 -39.95262855
v 35.13924901 -2.80626593 -25.97966656
v -65.72248681 -16.20607293 -14.08514109
v 46.23688220 -15.64800747 -22.74520408
v -40.24910793 -7.85258905 -18.80973436
v 15.38059292 0.44227431 -22.90422517
v -56.47100102 -8.46528259 -27.74927614
v 45.02099917 -7.86057552 -19.01376603
v -14.25034579 1.36407806 -32.70859369
v 1.73328568 20.40546941 -52.62743119
v 35.30489828 -16.26287690 -7.54977037
v -23.02913208 4.28757309 -47.83659361
v 30.31455260 -6.00475097 -13.61593522
v 40.49862225 -11.25665468 -27.49240342
v -3.98650055 4.01021669 -38.03720812
v -43.58086339 -2.65233357 -40.89830094
v -18.16410956 -0.09125601 -42.71839434
v -43.64316644 -0.54419465 -34.77115925
v -27.47901892 -5.86161184 -40.61303099
v 11.27678223 9.43930564 -37.97957108
v -53.34384264 -15.42711470 -23.15645445
v -23.41750626 5.42163201 -43.10704706
v -49.93061114 -11.05502920 -21.01923769
v 22.95756310 1.11464280 -42.93697180
v -53.52727857 -14.58640925 -18.57704518
v 61.56288117 -18.25947443 -9.53082403
v -12.43384826 2.76765538 -33.94114062
v 18.47920842 -1.23483630 -20.90370185
v 5.78148262 2.39288195 -25.67309670
v -13.22657064 17.79277708 -51.73272726
v 20.03365976 5.32671822 -37.11346084
v -0.53036743 22.49114246 -54.07835152
v 12.98056676 1.98550357 -36.72468132
v 17.23593089 -9.00557648 -47.82274790
v 62.30909980 -22.26330817 -12.55212780
v 17.27398449 -5.46093645 -23.76071298
v 22.04078843 -2.59393891 -49.07424896
v 39.55666181 -9.57007099 -34.88752235
v -5.95059595 16.55726054 -44.08102889
v 6.40724540 -0.98329568 -25.69200866
v 28.18128365 -11.42054917 -10.35712803
v 23.12960264 3.29488456 -36.04331571
v 31.45103596 -7.88843847 -47.91630663
v -36.60657743 -7.63832181 -44.56175215
v 43.46730035 -10.97212621 -33.86559564
v -58.40611443 -13.02353801 -25.09798595
v -28.52095173 -5.27337355 -13.91939577
v -23.06517736 -2.41815919 -35.97836203
v 11.87268988 -3.87512645 -26.29194726
v 18.18507442 -5.84680893 -46.13990187
v 42.00596775 -4.78124372 -30.13531289
v 4.90930957 5.47603596 -43.37086817
v 7.82962875 13.02429480 -43.51529888
v 14.34638694 9.71806903 -44.12733906
v -12.27293627 17.91951208 -52.34627672
v 62.48112056 -23.67269027 -15.25813779
v 7.30578111 7.47958894 -48.27543232
v 16.87978326 7.58277270 -42.20740102
v 23.09263849 -5.27792033 -48.94680545
v 3.82760450 2.58825451 -35.94749426
v -38.92458697 -7.10769664 -41.04267145
v -5.84738761 4.03088490 -38.68969411
v 39.02720104 -10.41501782 -11.61302277
v -28.53723571 -4.01602232 -48.02971035
v 31.80358363 -13.37649874 -15.85819515
v -62.58502306 -20.82478729 -11.46660528
v -19.23021816 0.91958875 -37.96986072
v 14.27034115 1.70025002 -38.55353771
v -56.94458749 -9.64696718 -28.26230584
v 45.18648634 -13.14874423 -30.41630528
v -47.58027429 -3.52118719 -23.20388089
v 25.26920673 -8.44988752 -48.62610666
v 55.96386543 -15.99777177 -1.37983650
v -39.56691398 0.37634110 -31.20237868
v -22.28236266 6.29175652 -44.87758807
v 38.33624300 -4.78923614 -25.58451863
v 62.24845361 -19.20598103 -13.79503842
v -38.71069289 -3.51128502 -44.15126231
v 15.60513832 0.23070896 -39.62671377
v 13.39614063 1.20498309 -35.78378666
v -61.83869798 -19.99197651 -18.77898684
v -32.90180615 -1.43926496 -19.07247921
v -29.83792980 2.90728014 -41.59648921
v 18.67744237 5.15872585 -45.51661812
v -10.86726574 15.31101516 -46.94006526
v 15.52024802 3.32387131 -52.98748084
v -64.51960826 -20.01488948 -15.60051254
v -8.93612744 6.08526907 -44.67985307
v -28.27166885 -3.70605184 -29.12946547
v -11.25822742 17.70938608 -48.87540594
v 17.78200914 -3.92264922 -46.30905234
v -6.74737773 15.65398736 -43.76139441
v -29.67545987 -0.00887079 -47.44051232
v -7.36588437 15.90370231 -53.87047547
v 7.71810611 0.09744065 -30.79679956
v 7.28677002 14.20735676 -49.86651868
v 9.50214801 5.48842325 -31.11634928
v 21.42552026 -4.60247826 -49.50064906
v -28.33956176 -3.21402347 -15.61815783
v 20.44901200 3.53958877 -29.57449896
v -43.31855794 -6.73941003 -37.88503152
v -25.95975026 -3.31538662 -26.36325455
v -35.25732222 -2.35076477 -44.90906316
v -36.07431993 -11.77527485 -9.34224740
v 14.40220775 5.28357796 -31.19135600
v -10.69817686 17.06867273 -48.00723716
v -28.38288984 -11.88481192 -12.38945639
v 43.58850052 -18.83985878 -6.19417329
v -43.74223792 -8.77403641 -30.97924966
v -49.42264163 -3.96144714 -35.83323120
v -36.93100731 -6.21425726 -8.39169114
v 19.88570434 -3.32256648 -37.55834934
v -23.47935195 -7.67323712 -15.11529453
v -47.81925527 -7.41704399 -5.12871586
v 61.73481702 -23.07377382 -20.84737454
v -4.05939299 5.54619786 -28.84787113
v 23.44699574 -4.41738697 -48.65452959
v -0.45354296 -1.61718539 -28.42483093
v 48.67153829 -15.73811604 -26.91363176
v -7.92127438 18.99319008 -54.11233448
v -2.17687747 2.85224667 -25.74148262
v -35.70342630 -8.22532515 -18.05647544
v -57.32725866 -10.14116451 -3.79612236
v -1.67356391 1.66141374 -34.71857762
v -20.36290627 -3.70351613 -20.94684663
v -52.44870429 -15.13173899 -13.24169371
v -49.11440496 -14.75883878 -6.68386385
v 58.66150778 -21.57205788 -7.88241652
v 44.42552860 -15.17404795 -18.82245000
v -19.13083086 3.29796455 -24.37567071
v -4.44810584 18.69365484 -55.36543502
v 13.63231276 -3.20780992 -28.35759830
v 31.51523883 -13.88814724 -15.02551980
v -45.36558719 -2.68630960 -24.64861061
v 13.70073786 9.61223140 -51.56316921
v -49.44342137 -4.22845943 -36.16801301
v -31.10174014 -7.29290606 -18.95367651
v -33.40237656 2.18412587 -28.95750680
v -39.84989517 -1.03798819 -41.36060429
v 18.05196797 -4.90643004 -24.83387033
v -43.27777881 -6.78939244 -7.10075402
v 23.71392625 -11.33226501 -11.84801716
v 20.83021408 -1.80901949 -49.84499943
v -49.95411079 -12.31003602 -23.74629657
v -65.80580260 -18.60162504 -15.55740158
v -40.97370877 -7.13769869 -30.72440076
v 32.06780767 -9.16704597 -20.23666617
v -42.42898717 -7.73261647 -29.37982227
v -38.37859981 -6.11528635 -8.57548374
v -18.54067863 9.30768401 -39.66584982
v 47.39236728 -15.43621738 -3.00028452
v -27.16519699 -4.27163286 -38.51182585
v 11.98110739 3.07125870 -41.20678113
v 49.27796782 -12.93437531 -11.59789810
v -4.33881474 14.41224146 -51.91819958
v 46.97009848 -19.34597780 -4.40338414
v 40.94600668 -4.24431605 -29.79149519
v 54.27477738 -18.25980421 -4.15789619
v 34.89481093 -6.79177962 -45.64440901
v 0.53279367 15.84621771 -53.94789178
v 28.57238674 -1.67765441 -44.94363172
v 33.24919085 -10.39573398 -19.06745041
v 0.84556125 21.73682342 -53.57722702
v 37.43073829 -1.65512785 -33.11371821
v -46.91473258 -9.11922105 -20.09276870
v -37.05270059 0.20947603 -40.31076366
v -36.07832104 -5.84736429 -22.99045718
v -10.77370136 7.37551567 -47.71423919
v -47.67346222 -2.54118050 -32.69041627
v 50.77470555 -20.38435691 -21.28045540
v -1.19332546 13.98299478 -51.37294234
v -37.56473152 -6.38086265 -22.61796506
v -7.69387189 2.54987161 -25.58429764
v 41.90549654 -16.39464872 -4.65243537
v 51.71826618 -13.81223075 -24.88104980
v 13.43130774 -2.76881557 -29.32567989
v -60.59371159 -11.63738874 -7.91559133
v -5.68731154 3.07309210 -35.50224941
v -57.58461752 -9.73854764 -12.52068845
v 13.42804855 0.72147898 -23.82126769
v -60.85137980 -21.03924366 -14.43579776
v -40.22105678 -0.25974001 -39.76194239
v -29.66581272 -0.76323594 -48.01759351
v 38.75076865 -9.96344828 -38.42626710
v 7.20822378 3.07138678 -37.03628424
v -16.51826686 3.68323297 -48.70528948
v -3.99427207 15.48109198 -54.21759846
v -13.87490245 13.56453897 -48.32634135
v -5.04846384 9.56248707 -37.02176036
v -64.25919181 -19.05731146 -18.77610138
v -45.57584804 -8.70253075 -20.38489969
v 28.22902318 1.38515093 -33.66744297
v 8.59806803 11.13298343 -40.12865493
v -36.69401889 -9.32597484 -16.61328692
v -42.12550623 -12.02134675 -4.06625297
v 10.50022518 2.97495079 -37.79812901
v -25.81892760 4.25683582 -33.12763539
v 24.00321811 -4.78258538 -48.73422499
v -27.42245344 -6.90651137 -47.08572251
v -8.96993843 20.20831339 -53.11935898
v -31.76730777 -8.53475805 -46.29641087
v 24.30240231 -0.53325570 -44.24048543
v -56.89014106 -16.22531696 -3.41189960
v -48.74333175 -9.92982833 -28.10156768
v -14.60562224 3.30932806 -38.55697500
v 16.62095496 7.65798459 -48.66667404
v 24.86675209 0.75907698 -41.78671651
v -23.11232640 -4.02298021 -45.99521947
v -25.80575127 -8.53464548 -15.89161146
v -58.77758732 -10.62374099 -15.17461476
v 11.10497668 -3.89096561 -25.75738385
v 10.61047823 8.04980149 -35.06752878
v 3.31881662 18.96581297 -51.30033400
v -25.58261909 5.60586902 -35.26941942
v -40.36240874 -2.89841908 -43.28765595
v -62.81985362 -12.54204617 -6.31636841
v -32.66305999 1.23537640 -24.58175013
v 7.62851939 2.97824958 -36.67578143
v -11.14818593 9.74700453 -36.65174937
v 11.63740006 -4.16373295 -22.90995124
v 11.12619674 7.31173775 -53.86482669
v -21.21569048 8.07101231 -40.62194524
v -56.28158533 -12.20819676 -26.54436862
v -47.62269003 -9.47469614 -26.98391862
v -51.14706796 -6.63392747 -15.34080648
v 11.80134361 10.28479320 -41.95356111
v 41.73332982 -15.89385365 -4.65210308
v 12.23526133 -4.87187155 -23.18639773
v 7.26819634 4.67352874 -43.28882303
v 42.45592927 -11.32109611 -33.71310201
v -62.91457068 -12.53276324 -7.14671455
v -17.56952592 0.89274818 -47.58237021
v -18.48442730 3.72994322 -50.16717285
v -35.44772098 -5.66000885 -23.20626488
v -23.01657798 -2.32736572 -36.32802671
v 42.97937406 -6.34155052 -39.70068805
v -57.73035456 -19.02148379 -10.48209086
v 44.06167908 -6.72722990 -31.88756123
v 4.93431508 15.71366439 -52.23111215
v 16.58242737 -1.45246929 -44.40689594
v -61.80942241 -12.68576243 -4.65529815
v 39.06073393 -9.21004450 -34.67441038
v 6.98449069 13.47214149 -52.15150270
v 12.28329367 5.30431100 -54.06572236
v 8.37293205 4.17407975 -42.61961608
v -42.35080090 -3.18999820 -18.37976918
v -7.66627439 17.21842935 -45.82423151
v -48.40488397 -3.49197736 -38.99501126
v -14.52901023 9.97643327 -41.41374624
v 32.33040297 0.39815234 -33.87756405
v -3.98449475 10.52154117 -38.72258965
v -35.80552108 -5.32108242 -45.66444657
v -46.18046151 -2.36942166 -27.38951628
v 15.46994523 3.17135930 -52.76921313
v -11.47282709 12.56111665 -52.00205899
v -9.56476602 -1.91191234 -25.52304125
v 18.82501521 -8.09247787 -48.42234995
v 9.19683096 -3.43900522 -25.15867994
v -35.23521260 -6.62690603 -20.70904365
v 12.45492504 9.37376630 -37.85604570
v -65.08931266 -17.41262665 -19.68853714
v 13.92968122 10.72664969 -45.53078236
v -37.44167831 -6.07939323 -29.09573488
v 44.55759071 -14.08517935 -28.88934735
v 0.15094060 16.35768277 -44.03041245
v 21.75373904 -6.94827719 -17.22736502
v 52.14304775 -13.67623612 -15.75474230
v 17.58928632 5.59187547 -50.71518068
v 11.47542343 -3.51063624 -22.98656570
v -24.28879880 -2.99493124 -26.12403332
v -6.45533009 13.54768634 -41.79901044
v -16.57465987 2.18126457 -35.17533791
v 27.96370696 -6.29055289 -37.29600651
v 34.22611851 -16.13993303 -9.50788442
v 26.24267197 -0.27191081 -24.49454336
v 49.83873078 -19.88611392 -22.79443033
v -20.62639492 -1.92398120 -49.69657213
v 35.56337652 -10.39661758 -42.81912126
v 34.88236706 -3.51367717 -23.66302307
v 46.64590692 -15.28247846 -26.65865539
v 3.65056030 14.16647752 -53.02247177
v 43.17445705 -13.54721104 -28.16579271
v 40.29168633 -5.37691711 -21.73475277
v 18.83555241 6.69617731 -41.85662206
v 63.29098521 -22.69264366 -16.96512884
v -14.37708214 9.58199935 -35.80016339
v 50.47662193 -17.28447989 -26.02865614
v 43.88845469 -7.09541404 -35.07272678
v 47.48882416 -10.84819455 -28.61811993
v 23.00365516 -6.64352466 -42.08179646
v -20.57549493 9.59038765 -37.38811146
v -27.61900998 -1.21646227 -17.20583993
v -10.15711344 12.85690924 -52.19774848
v 42.20330374 -10.46953649 -12.19781419
v -2.35199998 5.32100390 -28.47421357
v 21.25735869 -8.31411049 -16.47982788
v -10.77151468 12.00169273 -51.80691854
v 28.05080422 -6.37820013 -24.16482890
v 41.45211619 -5.77008964 -24.57430352
v -6.62408019 19.07986988 -54.56315317
v -45.09579305 -12.74558293 -3.36188250
v -50.30687924 -4.77200828 -20.01055223
v -7.06421200 8.45395373 -34.21453860
v -28.74717517 3.11772049 -33.84295987
v -27.77287578 -11.54401219 -11.86432879
v -6.36352586 4.10471336 -39.28554752
v -14.88433514 2.36290323 -33.93518525
v -23.66773003 -4.20704796 -45.09599692
v -6.50557985 6.39857627 -30.26583365
v -30.84521966 2.34922498 -40.34622523
v 29.10707293 -6.69342630 -24.02453091
v -44.87464109 -1.26061489 -31.17226425
v -59.19797760 -11.03483779 -9.25213636
v -43.12900420 -0.78959777 -31.01721787
v 40.92710883 -9.61874195 -37.29351694
v 5.89364045 5.01015166 -42.89998846
v 5.52966042 7.22945296 -33.86372105
v -48.47963437 -3.10194142 -38.47120044
v -20.13337052 -1.66085321 -33.78482644
v -24.76704206 -8.31664826 -13.87079561
v 38.11633470 -8.28055646 -43.05610895
v -11.36582663 1.79795459 -33.13731508
v 5.84001276 2.46520266 -35.50467450
v -25.80502390 2.59668134 -45.08463153
v 42.45935149 -6.95208297 -40.71452363
v 21.49449239 4.41022608 -37.58556683
v 34.35535165 -10.44041705 -44.71288495
v 2.23538043 1.13222267 -33.85060141
v 15.40356265 -7.00458270 -19.88787710
v -29.96935022 -3.99497865 -30.44425017
v 63.01089948 -19.41729459 -11.39640097
v -8.85729956 12.80179734 -43.14752158
v -31.63383323 -4.08467964 -36.93715963
v 50.76270080 -18.57341171 -25.28900578
v 17.79938381 4.26077367 -30.28095286
v -49.76838335 -10.22737802 -18.65049184
v -4.31070555 21.59290296 -52.53333719
v 0.60935138 1.95442450 -25.92173127
v -64.61736958 -13.95820697 -8.67717900
v 26.28231935 -5.57139125 -25.08807891
v -17.60276304 2.53732055 -23.44371315
v 21.65115973 2.28827534 -43.39519686
v -36.56505808 -6.55322660 -21.16770232
v -55.91881342 -17.37665592 -18.20090074
v 62.89875254 -22.04165449 -13.38866856
v -59.69806843 -15.99509104 -23.34562411
v -12.82955759 14.89129829 -48.56177365
v -24.85932376 -5.13514605 -47.32744147
v 25.68877200 -4.80688871 -29.04298237
v -2.61790004 22.48070422 -54.48401705
v -53.63557980 -10.93662993 -1.22258877
v 47.43637969 -20.80050144 -9.50525860
v -29.01936328 -5.63665250 -21.49307216
v -15.84238284 9.76823446 -42.05533548
v 22.68553346 -4.22143329 -33.71471756
v -52.32748952 -13.53183452 -1.81982648
v -28.22847449 -9.65997411 -11.06317487
v 33.94656405 -6.06859447 -46.57586761
v 32.26892408 -9.58673240 -43.07314127
v 45.67038284 -15.11187269 -22.81286695
v 25.20243341 -1.47027487 -21.08675808
v 25.18033535 -6.77851439 -42.31688143
v -1.60148950 19.13476339 -55.45912886
v -65.48715727 -19.08548945 -15.86237646
v 19.19166065 2.87143522 -26.56235585
v -19.62532112 -3.49973581 -20.39294815
v 40.82347012 -16.96061698 -13.98890676
v 54.22212644 -16.40705559 -2.30242053
v 41.31724573 -9.63373788 -36.46332267
v -54.95669428 -7.93901335 -28.92984195
v 57.03979238 -16.40765596 -17.71408353
v 23.27447512 3.02100609 -38.82605000
v -21.94232436 9.01891202 -35.41939749
v 28.02408902 -7.06558525 -22.69049811
v -23.14431329 8.15160222 -34.96177800
v 31.84347991 -2.08004591 -42.71338081
v -3.21819996 18.18523455 -55.56152164
v -6.33023418 2.67005355 -34.88428542
v -45.76632718 -13.46740810 -6.82234511
v -48.31894534 -8.16862319 -2.75630571
v 39.56212192 -10.39236623 -33.06727041
v 25.13460655 1.38375622 -40.27059929
v 43.79970845 -6.89761660 -26.81304313
v 19.08839069 6.17823891 -42.64828061
v -1.36861530 -0.74379826 -31.71753377
v -44.91425143 -4.81027252 -40.41178837
v -44.52211785 -9.63246633 -17.60261236
v -4.66293963 8.09866729 -33.23055567
v 15.88447107 6.07664169 -32.96306540
v -61.32662811 -21.06441974 -15.82779212
v 2.43370642 14.72856106 -43.06865481
v -38.63351694 0.09629565 -26.77226582
v -2.47911981 17.69937235 -44.36952995
v -47.71612808 -9.87608229 -29.00223236
v -49.82636833 -11.98868977 -24.53696547
v 13.04561878 -2.53460231 -22.92699257
v -59.04927907 -12.29628648 -25.32305997
v 34.17166500 -10.10542276 -11.52914153
v 19.10040164 -7.52394429 -44.16385272
v -28.49542789 -2.97376742 -34.12697056
v 49.19353271 -20.33176285 -4.52727611
v 53.98405701 -22.48862720 -15.26683067
v 49.02310482 -13.76073348 -28.05140676
v 46.23272069 -10.31958056 -15.23764226
v 34.11282207 -2.47805698 -25.47822554
v 36.74198192 -10.41287652 -11.19557166
v 17.78512034 5.35790896 -33.28533502
v 6.94278481 -1.77382632 -26.39094994
v 46.47465262 -16.16456705 -21.26588688
v -19.62200511 9.00889054 -40.22357613
v -4.72139961 12.27199014 -40.26026051
v 10.34817219 9.51121263 -38.00533621
v 10.14378224 6.41325184 -32.79539405
v -5.27311420 14.47654110 -52.23969441
v 43.91460192 -10.43289387 -34.06536471
v -33.22484284 -9.22465644 -44.82055357
v 20.09571152 -7.96088722 -48.68084136
v -0.22009794 22.16927631 -53.58600135
v -14.99000336 11.02725500 -45.66797343
v 31.82158417 -9.02096945 -12.06884429
v -40.12439438 -6.51502898 -7.37608075
v 5.87143636 11.80774853 -53.05645884
v 15.17714882 0.47970932 -42.52182167
v -18.86824425 3.72018053 -25.50642289
v -6.98162845 14.29305813 -52.75429887
v -18.17746733 1.46559399 -38.53124448
v -17.54483089 9.14011832 -34.51734225
v 21.22549100 -11.40520755 -15.02173710
v -25.48686625 -9.11581852 -12.94644698
v -3.99612391 3.80171416 -37.31387839
v -62.07799588 -14.95872321 -21.36569778
v -16.62591010 7.13920157 -32.59079157
v -60.84466437 -14.87477598 -23.39549907
v -14.07917147 3.58536987 -35.35444992
v -0.03002491 20.29779830 -50.62324454
v -18.93648945 -1.11271272 -47.61399293
v -58.37214220 -10.66065709 -9.02269679
v 20.09110272 -3.55494152 -30.87613578
v -57.21476005 -16.84247768 -3.83958732
v -33.98219293 -3.67550519 -47.06824350
v 50.13643999 -10.92346031 -20.43704529
v -22.03521899 -1.07836796 -50.38995226
v -35.10635996 -8.52816100 -17.68415494
v 46.61191203 -10.87647652 -30.57386592
v -4.49399416 -1.83722912 -28.87132651
v -6.16585440 21.07748262 -52.22739344
v -17.33696588 -2.56842311 -26.90525421
v 38.44220461 -2.37627449 -36.18124922
v -20.81117468 9.17629887 -38.50263522
v -26.39240667 -6.45454825 -43.53944389
v 16.11085340 3.25960107 -25.93557182
v 10.60867669 9.11938037 -36.93514266
v -11.97850200 -2.49432240 -24.91283450
v 18.70339191 -7.57907984 -48.41402603
v 46.33357955 -11.49165768 -31.39944806
v 14.23645029 9.85422270 -50.37003684
v 35.12858011 -1.83657014 -27.97154171
v 17.38097417 -2.68010257 -36.11743778
v -8.56912465 16.23549328 -45.60441409
v -43.51559382 -9.64161888 -3.86148857
v -23.92073147 5.33018681 -42.86260294
v 4.15728802 15.99022272 -48.14022385
v -32.73446543 2.63026720 -31.91714241
v -66.08671914 -17.61083872 -17.65706819
v 14.59656189 9.12686724 -39.29666522
v -3.84546137 -1.65156065 -26.79909778
v 57.84898274 -21.16381587 -24.28571612
v -13.73244181 -2.64825507 -24.82292099
v -29.04760219 3.11233818 -36.68596332
v 18.05368874 -4.58495461 -47.34206133
v -19.00134885 6.64619897 -32.32709772
v 29.98776180 1.46407338 -30.01885770
v -54.71326939 -16.00002939 -3.35783789
v 21.07037203 -9.64485558 -16.04184323
v -24.85675645 3.90335980 -43.98175334
v -20.33567671 -4.75706681 -17.95051145
v -21.71884786 -1.84742948 -35.21538990
v 7.92308807 3.21052745 -37.61067537
v 9.83185587 12.20264667 -51.86676685
v -60.63442756 -11.60881932 -6.89737441
v 18.35050167 -4.30144363 -49.13673743
v 24.35906025 2.54599616 -34.53940119
v -14.83835746 2.87418872 -34.59056252
v -16.77326145 2.02640276 -39.82540864
v 3.50094076 16.84020492 -48.46302100
v 47.38280261 -17.52853627 -21.92485895
v -35.58199492 -7.74654778 -42.57774777
v 12.90018083 -1.26912384 -23.36310559
v 16.79708902 -1.10936104 -40.73720603
v -11.66423242 9.38748469 -36.01428068
v -15.90643793 -0.74693014 -31.09048357
v -58.22264908 -14.08562166 -24.56715935
v -25.92276384 -4.83083489 -39.95033044
v 20.58958848 0.14371856 -49.46959662
v -1.97671979 22.50757765 -53.85623553
v -34.91925954 -1.22276644 -20.32771630
v -52.47054286 -7.28923706 -15.46288948
v -11.48471449 3.71656992 -35.16264973
v -58.73035749 -19.66345899 -11.63038594
v 37.20491799 -14.38914793 -6.57159449
v -40.36726084 -6.39061389 -36.65008174
v 0.05015423 17.42347320 -44.97371765
v -54.28300352 -15.59302349 -14.93226233
v -34.17462482 -5.44007196 -30.01126573
v 24.34525164 2.51855529 -37.69904668
v -21.50697649 -1.12847898 -36.08520854
v 35.75365055 -3.26159861 -40.93196527
v 35.05878331 -7.28887792 -45.64494288
v -1.27427469 0.46163697 -26.30933375
v 34.63145906 -14.87883034 -7.76115663
v -14.82847976 -1.87347676 -28.84384202
v -58.52236646 -10.72932368 -5.90666070
v -34.82286793 -10.73313527 -15.18230754
v 47.93884952 -12.15747008 -29.25091680
v -10.35470447 10.50540387 -39.09720578
v -23.55791585 -3.80881853 -43.85867908
v -10.82922106 14.21668978 -52.25768040
v -33.12527010 -9.30640416 -45.43066192
v 10.46428365 1.67233737 -33.65266158
v -58.17490791 -14.71780189 -3.11662548
v -23.46302104 7.52323666 -39.98207284
v -18.64937301 0.95099348 -35.76742459
v -29.69270974 -4.12837799 -15.10731159
v -20.28857825 3.41303959 -49.66222650
v 28.94333003 -5.07764520 -48.26331110
v 38.32184059 -4.45407207 -40.97656565
v -26.14529454 6.21634676 -36.34225594
v -0.32593742 19.67124902 -48.28973397
v 13.86123316 -5.35467371 -23.15640354
v -29.02826032 -7.51052965 -47.04919994
v 1.55287153 14.40702678 -52.91803941
v 40.95319308 -6.03206008 -41.39663252
v -41.72513323 -9.26039828 -17.13547685
v -42.86295452 -7.17212683 -22.28941408
v -46.13230563 -9.25435105 -28.28932909
v -28.72189322 -3.94330160 -27.75778826
v 22.52171230 3.59315492 -39.88284791
v 20.88430164 -4.01663279 -27.32131578
v -40.21631242 0.56558863 -36.80017409
v 10.07542872 11.19569652 -41.59023879
v -48.02477341 -10.13718102 -31.31673089
v -24.31630154 7.78123731 -35.62394495
v -64.22842277 -20.40972338 -13.18347463
v -51.28012297 -12.05144532 -19.42048329
v -51.00617033 -14.92661725 -3.06729938
v 33.60270117 -10.53500145 -45.22231241
v 7.00296770 8.60538293 -36.08968020
v 28.40773302 -8.80168284 -19.88055095
v -26.19521817 -3.89091790 -38.04519586
v 20.66084439 -8.69903074 -48.47548738
v -35.02661459 -5.37810521 -33.69999791
v -21.18819537 8.40613298 -39.76806301
v 31.89598219 -3.76787314 -20.95289619
v -41.68010276 -7.02279099 -27.23038732
v 47.58561163 -16.04751572 -26.04354373
v -65.64492758 -15.83004653 -12.69726967
v 7.90628294 -2.60455395 -25.00069331
v 25.58190147 -4.62441640 -15.64874239
v -8.70801105 7.79095190 -32.95395375
v -1.18897354 12.64732022 -49.50214890
v -7.37191543 3.78302023 -36.44190158
v -31.69056478 -6.00504231 -47.05934866
v 13.20390499 1.25265464 -24.09838845
v 18.18507730 3.96496027 -50.69624450
v 24.29014320 -4.46179021 -16.76926454
v -10.09383139 0.74913163 -25.11739518
v -7.99974167 19.71792214 -54.24781230
v 44.10083756 -12.22411789 -32.49098148
v -12.92789786 -1.21058949 -29.85937899
v 37.32809644 -7.77935339 -32.85312752
v 53.90316112 -22.31221606 -16.65396494
v 36.63371035 -8.39863009 -28.66964279
v -50.72647651 -7.63403587 -6.04585357
v -16.19340114 2.05693868 -42.09785301
v -18.28823983 -1.17661014 -32.58820657
v -0.33306008 6.01417299 -30.09811236
v -44.49049980 -9.84515712 -17.12039710
v -20.16467172 6.66047936 -32.61005099
v -13.46182678 -2.22826784 -23.96308331
v 17.70543125 4.17379074 -51.17003052
v 16.28620964 -1.16774844 -45.06003452
v -36.68066670 -3.60952200 -17.22063763
v -53.04273442 -11.23132380 -27.31440557
v 16.24987452 -5.99520356 -22.51142458
v -41.96699364 -7.61534068 -32.55717402
v -5.44016843 4.13468674 -39.02805439
v 39.74989024 -9.81298805 -38.00095521
v -62.72202386 -15.18012744 -19.98244516
v -3.40454589 21.70539949 -52.53975617
v 42.28484553 -13.31924867 -29.88764519
v 6.28717230 8.29599480 -35.58587044
v -33.25048660 1.70938133 -39.25307182
v -31.86298727 -7.40094913 -41.77564884
v 16.56411796 -4.85580372 -19.78975033
v 37.33636107 -8.55013657 -43.69371654
v 34.87605432 -2.51982011 -26.35557734
v -58.73518967 -10.34491413 -26.69323505
v -20.51743225 -2.15732031 -48.95038509
v 10.98912592 6.01385330 -53.56533035
v -3.08696003 20.89741721 -55.29479445
v 7.24467639 7.00922838 -33.76856857
v -33.09009700 0.16518891 -22.77876780
v 1.57872682 6.97825424 -32.07958152
v 27.85236458 -7.38854045 -48.61225750
v 49.41920016 -21.12107883 -12.72014993
v -14.51507836 4.10419146 -46.18216190
v 9.80760737 0.25195392 -31.44810865
v -50.32935851 -10.16523321 -28.57194784
v -49.20574655 -10.01726545 -31.03476897
v 7.48254498 12.74515692 -42.20465598
v -39.04402398 -5.97949064 -9.11396600
v -1.38911177 18.56208197 -55.45734941
v -35.84332486 -6.04585950 -8.59712779
v 34.84518891 -7.18399609 -29.51278145
v -38.94477740 -8.07322538 -18.21021527
v -19.75700870 -5.10708715 -18.94227583
v 11.43786807 9.26619090 -53.16505998
v 25.77440323 -5.27124448 -36.18987505
v 47.10906042 -13.52307156 -2.73103222
v 63.36996121 -21.06999910 -15.52988944
v 41.09088940 -11.70077472 -32.84025291
v -16.82235815 2.17246383 -39.19703365
v 18.42244350 -8.31836737 -48.22837941
v 30.21596762 -2.30062223 -22.88277477
v 18.98721958 6.87919784 -40.84938694
v 21.82510021 -10.92554633 -13.50640089
v -28.65011375 3.54016488 -37.77877134
v -34.81274903 -2.81912879 -45.97112806
v 16.33367571 8.57922576 -38.80998767
v 43.25503429 -6.57086330 -24.97236415
v -59.85941972 -15.09151835 -23.88326933
v 32.23179804 -7.91269360 -38.07429214
v -29.63949971 -4.44526579 -38.62621344
v -10.03569617 4.23075000 -39.30605019
v -52.68224325 -12.63553060 -25.48754856
v 1.48283703 9.39417943 -36.82863093
v -24.24872331 -7.26443383 -18.41088975
v 30.83958722 -9.03821429 -11.43182154
v 31.29289638 -10.42311163 -10.40504569
v 3.61601493 7.63376305 -45.87260375
v 19.97255751 4.48845797 -33.54366315
v 27.08425361 -0.23617236 -24.86410587
v 31.70233827 0.57824490 -28.65054305
v -10.65668423 19.26751066 -52.67755789
v 15.59804861 2.84570034 -51.46434618
v -17.17833676 3.68827225 -49.47731713
v -41.59089519 -6.84203720 -36.83090453
v 18.60721038 0.28535546 -22.61330049
v 12.52086674 9.86609828 -52.35916532
v -13.16937944 14.31042263 -48.33618945
v 21.56779473 -4.53604366 -39.86271719
v -23.05426175 -7.36078231 -17.80360250
v -16.07901049 -2.74369776 -24.31610552
v -35.10099354 1.16066558 -39.18167341
v 13.95185122 10.98923887 -47.01204414
v -24.59720849 8.16874268 -36.89417310
v -19.43948466 -1.45127420 -44.47124279
v 15.53092121 -0.01352493 -43.32748767
v -3.96617897 4.99810488 -27.69364178
v -43.21327704 -0.60343213 -32.98355729
v 58.11047227 -24.66838377 -12.10792399
v 16.77694340 -6.25798943 -19.12178402
v 33.50131349 -0.82306029 -27.61873963
v 1.95540040 1.91091115 -35.04190553
v -13.03014935 17.33113809 -51.96429863
v -15.94650738 3.97306633 -27.34697738
v 6.49413895 9.13908212 -36.73439699
v 37.62975263 -8.18976084 -35.14217832
v 27.87493954 -9.67190748 -18.78498768
v 21.33541251 -0.85633178 -21.05606728
v -51.17853664 -13.01648840 -1.43482788
v 46.83674346 -10.12402956 -28.77959748
v 25.16096247 -9.97302454 -48.07477781
v -21.71011745 -1.89744443 -42.13894103
v 4.72458404 14.51800488 -52.69175693
v -53.10963255 -15.00706196 -21.50255486
v -49.04334963 -4.61095086 -32.53664605
v -61.64005773 -20.06934699 -8.69026172
v -35.86342506 1.09924149 -27.02605351
v 17.28523346 5.40530240 -51.15182756
v 2.89481977 10.17535718 -38.19936902
v -33.75401108 -10.20410721 -15.98963469
v 2.75830962 5.64171329 -29.49486447
v -17.93672317 0.82397242 -48.36402487
v -16.57331515 -1.42386853 -22.23931983
v -36.50483115 1.49637222 -29.83870828
v 12.48411149 3.43537242 -26.68895898
v -39.13450254 -0.58602263 -24.79601792
v 53.73928682 -18.56440831 -25.62139985
v -36.46949664 -5.54876505 -24.48473319
v 21.10441642 -10.93576783 -15.52782900
v 40.56286604 -18.00337567 -9.15803234
v 0.92671264 18.11384816 -54.86207738
v -62.63319764 -14.85663352 -19.31260007
v 33.91892343 -0.53435264 -28.54326037
v 0.57931721 18.73067448 -55.13047273
v -58.32682662 -10.25324126 -22.21623633
v 45.03844531 -7.80068858 -31.22674143
v -58.04382697 -9.92835012 -14.60291970
v -9.40401801 15.69900510 -45.95764228
v -60.89625345 -16.37484589 -4.48321787
v -16.45347571 2.34833684 -23.67843522
v 43.12377255 -8.49541419 -16.33383729
v -1.17589680 1.69766364 -25.95370814
v -29.85146215 -7.16446443 -47.09606212
v 22.36671932 -0.82542977 -21.31350228
v 20.21191182 5.51598478 -38.06065698
v 44.78188480 -7.37546975 -20.22798196
v -22.04309694 -5.16556961 -20.23565942
v -22.66021689 5.77338620 -43.96788307
v -44.26297039 -9.03778417 -30.84477409
v -1.01041207 20.79070423 -51.10865024
v 7.15580350 13.72606776 -45.35743093
v -22.61637876 -0.09038906 -50.11211845
v -16.43713972 2.99369795 -24.26383384
v 33.29643927 -13.74968022 -15.68256511
v -26.38501091 3.92817480 -31.26925477
v 14.51989374 2.81040505 -24.78410037
v -33.84694817 -6.87085893 -40.95790878
v -3.08762476 2.84261135 -35.69883718
v -26.24230149 -4.08048875 -48.21141016
v 45.01425100 -12.54030168 -31.48507508
v 35.56620916 -10.45192629 -43.10247355
v 4.60260907 9.48588083 -37.07270634
v 42.04733574 -5.98704065 -25.12903446
v -60.66365745 -11.74997973 -10.52572805
v 10.00916350 -1.75078106 -28.90394179
v -49.46035874 -4.89865060 -18.15000460
v -31.44835379 -4.58539915 -27.86781299
v 21.01474536 -9.91706739 -15.60372768
v -46.76742929 -12.63654883 -2.30999577
v 22.25217608 -10.54806232 -47.37218702
v -57.15984823 -18.59134236 -11.72090936
v 20.82838901 1.56265559 -47.01676937
v -49.15281297 -6.08485333 -34.55079979
v -31.72936954 -10.02740316 -15.93042806
v -18.75401455 -0.62696858 -43.03841629
v -47.14039629 -9.58397209 -23.51501016
v -30.62829965 -0.81670947 -19.77735975
v 15.24043433 9.59368417 -47.05777624
v 36.63969406 -8.45969067 -26.46615749
v 19.19235712 4.06242571 -47.68097201
v -14.53776072 13.04687333 -49.06240799
v 4.94661501 14.13343192 -44.04267541
v 26.05368748 -4.81307883 -27.84759584
v 27.76619049 0.17157080 -25.86604732
v -5.04681287 2.30903076 -34.77837738
v -8.52257030 2.32069435 -25.54515213
v 8.58100175 8.02177071 -53.72592082
v -41.33949104 -6.53822900 -37.67424772
v 37.88742554 -4.78585851 -24.44221397
v -0.28827124 18.68161136 -45.79906670
v 26.78211820 -4.93404255 -29.34057454
v -13.37004153 4.72555042 -29.10438784
v -45.04829191 -6.92764015 -6.93513809
v 13.15391038 11.03355845 -49.93607833
v -36.56567271 -1.45696130 -20.67123367
v 18.74477665 -3.60260037 -32.42408941
v 18.09171123 -6.72933764 -45.75977653
v -4.84164796 -0.75478790 -26.17321383
v 6.85145879 5.79248554 -45.70241841
v 22.22370784 2.94336583 -29.87278522
v -26.53148050 -10.66602725 -12.06642772
v -65.68074763 -16.59652558 -11.19581411
v 40.51348909 -11.84342204 -29.59277298
v -54.34285673 -16.35642457 -3.95740352
v -25.05119829 -3.97085681 -39.43296528
v -20.87261426 -2.68317421 -18.20312591
v 6.32588371 0.67676748 -25.56621291
v 31.48813545 -10.42460638 -45.26152614
v -28.60369259 -6.06898648 -13.18305492
v -49.61888524 -5.67512373 -33.32050654
v -3.71388628 12.19520220 -40.14859487
v 2.82938208 6.98219292 -32.44288196
v -54.52337066 -15.85594792 -23.01466208
v 21.03060929 -0.28679483 -22.40983083
v 32.65682717 0.69754749 -32.34956845
v -32.72369964 -2.46226132 -48.12552425
v 20.84456102 4.06808658 -32.90937727
v -0.82503808 15.56280932 -53.99398768
v 24.41104140 -3.55744216 -17.78102450
v 17.60084192 -3.47975270 -45.42449672
v -39.28764977 -5.68859632 -43.25854233
v 27.09244288 -5.65168702 -48.75921488
v -8.64227605 0.32637229 -25.32583834
v -26.05031607 -6.53789850 -14.04482317
v -41.63009750 -12.69876530 -5.78563451
v -16.43774677 1.86032838 -41.80418518
v 45.96062992 -10.56545437 -14.32727519
v -38.32629990 0.96769806 -36.52527545
v 27.53656404 0.76391335 -39.60301172
v -15.82691011 11.58956923 -47.34336763
v -35.70004062 -6.41583550 -39.61763069
v -28.87355316 -3.91066098 -25.90185951
v 63.21368662 -19.79989357 -12.74221209
v 54.11337577 -21.64887898 -23.55549936
v -16.58914014 2.00977753 -46.03529027
v 39.39646289 -10.64020251 -28.60119995
v 5.12420994 6.82456663 -32.89822060
v 5.00987859 6.58708151 -32.29637833
v 40.44757120 -3.21207585 -34.94144633
v 48.14543037 -18.19769205 -20.76266818
v -1.06333821 10.30536139 -46.66375919
v -13.18399964 2.82811564 -33.99912319
v -59.19299919 -12.15632183 -24.17225390
v -52.42829120 -7.44491291 -14.67742264
v 0.75394101 21.07095103 -55.27666928
v -34.77404534 2.24692869 -32.32227510
v -29.21206193 3.06570077 -37.33287655
v -24.11915528 2.05831962 -48.79163064
v 44.43265280 -15.60497302 -18.13322156
v -40.98624114 -7.16110211 -30.09566327
v -57.80325068 -12.85694005 -25.42468717
v -59.91915067 -11.67688006 -15.58385583
v -26.91735747 -3.49819182 -37.31860367
v -46.07360918 -9.83022862 -30.94021950
v 36.37042444 -6.09875858 -17.16054390
v -64.14080045 -14.01379619 -10.44335246
v 14.07694753 9.30009953 -38.17418344
v -10.04352212 1.63937735 -33.20134892
v -26.15867981 6.53207381 -40.27236365
v 23.01442415 -1.03190462 -45.52935473
v 22.14303105 -7.22260369 -21.43695270
v -1.87688791 8.15050796 -44.79558983
v -10.44676344 3.84155310 -35.48038476
v 19.88666813 -6.69522212 -49.11173325
v -2.74776574 18.59490612 -45.37366840
v 33.61607595 -3.94728004 -43.57885154
v 4.37179457 15.71650175 -47.83989454
v 2.59954927 -0.68501484 -29.54499844
v 21.13459077 -5.27014807 -41.09327897
v -41.23367323 -10.03527693 -15.54471210
v -22.45955946 -6.76400048 -16.23194764
v -19.31087922 2.32964566 -22.69969323
v -23.81627245 -2.61850146 -32.27265492
v 20.86573787 3.40768864 -43.86979255
v -42.76122093 -4.95666282 -40.95328374
v 39.00567029 -10.12088744 -31.72309509
v 14.09733281 -3.21202810 -22.28548373
v 49.45012109 -12.44258761 -27.57684229
v -20.97148176 8.09846549 -40.93812741
v -3.65213087 13.46777689 -40.85419601
v 10.94578403 5.13903587 -50.02776771
v 50.02308938 -19.37406307 -18.92395981
v 22.79741042 -4.46630186 -39.40999152
v -10.66670769 3.06861070 -25.97058438
v -21.84871475 -7.23053830 -17.16926760
v -43.89231448 -8.33434202 -28.41179058
v 9.75321400 10.42700951 -53.14375749
v 27.87834136 1.77160697 -29.71472406
v -9.39274299 7.46529986 -32.46364289
v -0.76722390 0.64866103 -26.23721270
v -33.51894162 -8.04468387 -42.69972235
v 33.70576904 -9.18307056 -40.37104369
v -4.31639086 12.14208620 -48.69707642
v 19.50765851 5.84659849 -37.27438313
v -28.03719636 -4.81588418 -14.48516812
v 25.96788182 -7.12691097 -12.47845516
v 56.28252123 -23.81786501 -20.64470764
v 28.42981665 -7.67488497 -21.62856125
v -32.29856493 -7.04666966 -19.51345203
v -13.58157448 -0.98820326 -23.68995780
v -13.90990511 3.21390676 -25.60627168
v 13.92913123 2.16128324 -39.55271192
v -18.67041291 -0.98293919 -45.39001906
v -17.54222115 -0.51267717 -32.80601450
v -10.98237468 3.51053361 -26.54865408
v 14.32811342 0.95998867 -36.85204664
v -44.76223868 -3.52997885 -17.99762835
v 6.24209032 5.44727596 -44.40544358
v 48.67474571 -18.93878569 -23.33956116
v -36.86139679 -5.73193906 -28.05247048
v -28.18635320 4.30087033 -41.50253130
v -43.43014328 -7.40533935 -37.27649987
v 22.17829021 -5.72734741 -17.97489760
v -10.96532097 0.29905230 -31.70768272
v -53.37897205 -8.61145225 -1.45965590
v -50.81129977 -11.55585200 -17.43803223
v 15.18027426 0.36460266 -43.87678940
v 23.11221588 -0.63584231 -22.29134246
v -61.86575758 -21.13167294 -15.37880361
v 58.65917766 -24.17541913 -10.40232319
v 9.56487303 6.78008374 -52.06868712
v 4.04646534 -0.59470190 -27.34516959
v -32.87585182 -4.89326704 -26.70639077
v 56.62138967 -18.87357773 -4.73782373
v -9.67506606 3.65833736 -26.51025607
v 2.86091969 19.96768670 -53.47202505
v 15.51552955 -0.50881064 -36.77297753
v 53.70080784 -14.44612987 -16.05464460
v -37.15099524 -7.60749241 -42.84468345
v -2.41484676 22.30072530 -54.76023090
v 10.36333054 3.47010595 -41.89375772
v 15.00170755 0.66550358 -44.49413684
v -36.34554063 -7.96886928 -18.44182211
v 46.26817937 -16.98394832 -17.45040520
v -43.07822875 -11.81178127 -3.77603810
v -48.27282662 -4.17915119 -19.90519310
v 36.58720132 -13.26460657 -7.31288582
v 58.91109453 -25.28712714 -16.05481980
v -26.66637590 -0.13090772 -48.05281255
v -11.50989031 4.47657222 -42.45501971
v -31.23883152 -1.36864262 -48.24540158
v -12.78176635 15.89282294 -51.65133908
v 14.48400121 -3.12779122 -28.87541847
v 30.47660668 -14.41100068 -13.07302122
v 16.81692743 4.65048659 -30.76433181
v 10.36368595 11.46803942 -42.29377127
v -32.97399283 -4.80946709 -37.70734656
v 53.13524852 -16.74645211 -25.65123385
v -31.41614370 -4.28786184 -32.09886540
v 11.36190424 3.72740981 -44.93652443
v 43.11765676 -14.89770929 -4.15255254
v -25.93613271 4.64895522 -34.33413225
v 31.63465592 -6.08303486 -30.28859925
v -19.19234601 -0.00586529 -49.74742318
v 62.30628733 -21.68333737 -20.45585995
v -24.29628989 4.50064045 -43.66151797
v 42.97231168 -5.85462384 -29.47843733
v 60.25067481 -22.94656543 -22.23600648
v 20.05135166 -3.52063126 -30.36492521
v -4.53294887 16.75677963 -43.71920821
v -2.37682586 16.73361766 -43.55320589
v 25.07437479 -5.07315595 -34.32534720
v -61.80423184 -18.79276836 -6.27953371
v -61.05139164 -18.63523929 -5.83451879
v 46.95307861 -11.62157231 -11.59999169
v 56.96857561 -24.32741661 -14.70668020
v -42.50513408 -12.77426931 -5.51281151
v 34.37368495 -0.15168210 -32.66967344
v 23.10816540 -5.91313802 -41.37974020
v 33.51985950 -8.96558171 -13.17867508
v -50.81867323 -5.47021632 -30.68491977
v -42.00686816 -6.01838362 -9.46945816
v 38.13147610 -12.74706779 -6.70476697
v 42.84380705 -6.81526453 -40.24260811
v 15.45763720 2.29496500 -23.75330855
v -37.60747313 -10.04803914 -15.45696920
v -28.68735584 3.29474228 -29.99131933
v -16.21275293 9.90985083 -49.43409781
v -61.05204513 -11.88676283 -8.98905309
v -27.14139574 3.78052614 -43.03068739
v -32.29470395 -1.06023565 -47.60781619
v 33.13472514 -2.80753598 -23.61459749
v -58.83078136 -10.78094574 -21.29488151
v -2.31644256 21.65960396 -55.17063557
v 42.90579125 -13.09772679 -27.07389641
v -3.33060186 13.01600879 -40.53946332
v -34.42449802 -2.65431374 -18.03543623
v -23.86391484 8.35593651 -36.06643292
v 4.54811788 16.91402840 -52.74681032
v -53.21167210 -16.78204890 -9.30487883
v 12.16472475 6.75009050 -53.84852897
v 55.60923525 -15.80252619 -10.56302305
v -29.86496027 0.28575175 -47.03557637
v -64.39541126 -13.86625012 -7.08779347
v 33.00674846 -15.30216483 -12.40511422
v -54.39970102 -12.32853055 -1.70648249
v -50.73673215 -7.22211137 -12.38554627
v -31.23241839 -5.64064958 -21.69583277
v -47.67404456 -9.62842797 -18.12261267
v -49.04180601 -10.31960757 -17.07913248
v 15.30995930 9.33400852 -48.30329318
v 15.25809240 -6.62440457 -20.27669265
v -65.36292436 -17.80203006 -19.16639384
v -49.03833756 -9.41813707 -1.52207204
v 34.44261061 -16.06714870 -11.02144511
v 14.72749012 -2.80845844 -30.85426638
v 61.30319617 -18.80410719 -14.99915751
v -40.75034982 -6.74697467 -23.15186331
v -14.71457041 3.01616870 -40.00905178
v -59.89561045 -11.34288869 -7.94027251
v -47.30217184 -13.32809384 -11.00270302
v 56.24004614 -19.68769273 -24.94804644
v -4.14024575 19.33820655 -55.35346410
v 50.54594417 -11.72791358 -18.28203387
v -7.72357241 19.46070371 -49.02594887
v -51.06190586 -15.73676832 -8.28043091
v -27.70069785 -6.60451362 -47.36493851
v -55.82159830 -17.82015054 -6.16399164
v 29.08879565 -0.61738779 -25.00599257
v 21.85985817 -1.03537762 -20.34928212
v 1.36267825 2.08820982 -35.31637249
v 24.04868142 -4.10800216 -17.43382284
v -10.16882379 15.19745457 -46.26857293
v 2.81038286 12.32830907 -40.61042698
v -59.71952558 -11.22250736 -13.15382554
v 42.25377478 -4.74388536 -30.78921550
v 44.23440030 -7.11455781 -23.05657053
v 37.76898359 -8.14329186 -34.02326435
v -40.00606727 -6.46813887 -25.13690189
v 22.80820177 -7.31083330 -42.75680256
v 9.09910827 4.37332865 -28.74236404
v -18.25092360 1.57973489 -37.89858553
v -42.45617344 -2.93155213 -41.58093627
v -4.30160629 15.89599940 -54.71065884
v 33.93649369 -7.46310966 -25.25619170
v 51.75524754 -15.59955584 -26.74864446
v -50.02798365 -7.53622970 -5.56262663
v 43.57419318 -6.07730680 -32.90776895
v -36.46475654 -3.12847726 -18.08335646
v 17.60409690 5.28977119 -32.78177357
v 61.06529472 -22.78401818 -11.55230401
v 15.47029433 2.76241510 -51.01020810
v 51.74888595 -12.88514719 -17.50233201
v 8.75105020 1.18133065 -32.54522494
v 39.09726765 -16.05760425 -14.69653548
v 19.70148239 2.80726465 -48.95728262
v 15.72833797 8.82982101 -38.93810951
v -38.56241925 -4.89124082 -13.06126356
v -32.34925567 -8.02803308 -9.10488997
v -44.84429015 -3.72344920 -17.39419013
v 28.77382502 -5.40296502 -30.83080803
v 3.01443325 -0.44522922 -30.25905987
v 18.28541555 3.05493726 -26.47031419
v -32.69152820 -3.23607378 -16.80178753
v -22.94100584 0.09326559 -19.44985118
v -34.78183950 -7.81148005 -45.64490179
v -4.50375800 1.33798729 -25.74160328
v 18.19851617 -9.24480841 -45.88163323
v 13.16140831 3.69180474 -48.92102759
v -24.92207580 -9.60046551 -13.30018566
v -1.91136908 11.86431556 -48.40727721
v 23.69615075 -10.60732684 -47.51394364
v -39.00246674 -7.09340429 -42.04228376
v 41.57358843 -7.40557114 -41.17007024
v -33.89494894 -4.62507637 -11.98568150
v -56.05272699 -16.13444867 -22.94293645
v 59.63379067 -18.55743345 -5.61790001
v 32.28182297 0.90265223 -31.38816702
v -47.87468112 -5.04163852 -16.18341605
v -61.58000691 -21.07202074 -13.16891093
v -5.25578777 11.26521587 -48.04992012
v -26.47109152 2.37242077 -24.41797677
v -35.44779529 -1.94699545 -44.23329492
v -50.35564686 -10.96954158 -17.61886825
v 32.64926460 -10.65267081 -46.09376024
v -59.95667222 -20.65354473 -16.84033574
v 1.92207569 16.59433836 -46.00866963
v -22.96265974 -4.93183638 -20.85293716
v 50.14357923 -11.24684581 -19.03202761
v 23.59657053 1.89838460 -41.16678294
v 15.55522559 -0.77627642 -22.41109254
v -17.58176698 -2.11512836 -21.77437036
v -18.90429026 -2.96288070 -22.62395440
v -8.93195997 19.36004197 -49.57271156
v 4.87492136 3.98868200 -39.99616600
v -11.16429086 11.18297085 -51.29052952
v 54.00094559 -21.91038360 -5.35491725
v 8.80784843 12.07934412 -41.85617099
v -27.11717074 -5.14053734 -14.49897352
v -22.12639059 -2.13775919 -35.11257862
v 41.44345594 -4.11903545 -30.80503149
v -13.73869166 4.56419213 -45.95717605
v -17.19645902 9.67814843 -43.06978978
v -45.43511694 -9.39949813 -29.73276939
v -35.71709269 -11.90301035 -7.52656751
v -37.50831994 -7.37749732 -43.72651145
v 35.01676650 -5.92780045 -16.99283123
v -31.63286130 2.74848801 -31.91959675
v -15.53599364 9.90487033 -36.91235998
v 0.48380015 1.02503657 -26.13670885
v 18.44512080 4.73800246 -32.04400019
v -1.01557875 7.78164696 -32.73093575
v -40.00055097 -5.51894378 -42.74404805
v 9.77253468 10.96176543 -52.92476865
v -27.24216920 -3.58347169 -28.14517868
v -36.83647020 -5.75254179 -35.76248089
v -29.03442587 -3.96683821 -28.23542956
v -32.88539817 -4.67577423 -11.86835736
v -14.36996155 -0.82620822 -30.46291356
v 21.94346315 4.19389586 -40.38307597
v -8.05869176 2.48596208 -34.45190268
v 12.84792774 2.38986542 -37.71715689
v 61.12576190 -24.02778650 -13.02528257
v -43.80399925 -7.81367253 -20.97310741
v -3.89562741 9.51362197 -36.62109385
v -1.52083995 10.86252464 -39.03919119
v -61.81375309 -13.50071602 -15.95676958
v 46.67512107 -10.40530704 -32.13371151
v -44.78384121 -3.25667231 -19.01460802
v 22.59712993 3.58956751 -38.66552656
v 52.04946627 -20.89938931 -23.56318136
v -5.98627968 9.05740272 -35.77043265
v 8.45079330 -2.77205876 -24.33747142
v -11.20408723 17.43510849 -52.71492812
v -10.55062370 4.12350248 -39.82829897
v 18.89470337 -5.31435350 -24.11061895
v -42.11776960 -12.49003757 -4.54705857
v -10.96633178 9.95731588 -37.17598905
v 30.45531541 -0.08338923 -26.58098989
v 16.30537457 -6.10979927 -19.35109002
v 26.09550532 -1.00455772 -22.97319008
v -48.68893644 -2.90128452 -35.04127045
v 20.64300345 -0.50836446 -49.66977073
v -46.44108168 -12.86677560 -11.68311041
v 54.53960265 -21.50947900 -5.22326939
v 47.19314238 -12.04167256 -29.82199990
v -64.84750470 -19.34479464 -11.98634728
v 46.87510453 -19.65736992 -4.66396840
v -1.24230806 -1.04245900 -26.93285152
v 21.48707867 3.81862537 -33.62432109
v -6.67430841 7.64877229 -45.34837604
v 18.01795130 5.38018732 -33.60741617
v -28.56372462 -4.21488380 -38.33777189
v 20.61186170 -3.61082460 -29.80026416
v -34.07037760 -6.53518402 -20.69645156
v -21.13041567 4.55793594 -29.49351136
v 16.28027995 -7.10721693 -19.80416898
v 51.67224236 -12.36799095 -21.06520859
v -35.69958485 -5.69452440 -37.08529059
v 19.95568643 -0.83977424 -21.16253654
v 7.73717201 13.32233824 -44.61667026
v -60.98783999 -12.50727278 -14.61126650
v 16.23611690 2.13711800 -23.50244919
v 4.82093811 0.15865753 -31.12086662
v 58.38415039 -24.59575680 -20.04969810
v -27.51563305 -0.33011792 -20.00831322
v 17.66919040 0.13031146 -22.28184678
v -30.44526801 -7.05131263 -10.70473310
v -45.82779021 -8.39331353 -35.85737577
v 7.13394561 12.55509871 -41.61099354
v 49.01404748 -16.34800543 -26.35066363
v -15.47238826 4.43435251 -48.19185206
v 35.65590761 -8.30007259 -23.44274984
v -24.11078521 -8.28502764 -15.83139255
v -59.84858515 -11.84331218 -4.25486642
v 18.08417680 -4.80527912 -45.40903980
v -22.79684477 -2.76356917 -29.67726039
v -12.25615974 5.23109063 -45.47633503
v 17.85514508 -2.37146016 -41.66888376
v -35.29199060 -5.80828396 -9.12834882
v 39.85334516 -9.49421816 -35.69402221
v 19.35509464 -8.06855275 -44.43383782
v -21.26197466 4.91228829 -31.10459294
v -52.92032677 -8.63863412 -31.74217541
v 42.70488654 -4.85651879 -34.69942291
v -14.20337337 -1.18364437 -23.33709215
v 42.04664971 -13.01688785 -30.97927377
v 50.55635862 -16.77091118 -26.36115317
v -38.85035048 -5.55948386 -43.81083170
v -2.60774545 6.55463196 -30.62386878
v 39.37815912 -9.26213886 -36.02972492
v -48.46947998 -9.90189980 -26.94044191
v -27.28136597 -7.94830377 -17.25082216
v -23.15477759 2.97737530 -24.50410270
v 15.55601032 3.02648419 -52.35009268
v -15.66018632 11.71185379 -48.39665993
v -10.16184731 5.08431713 -43.00186784
v 23.96236535 -4.56343405 -27.83731605
v -6.05841970 19.49958338 -54.76221787
v -21.05884445 -2.30176100 -32.88734624
v 37.58382762 -16.40434292 -6.15996235
v 31.89250873 -6.78809863 -26.96884821
v -33.59840986 0.50255182 -42.33390081
v -28.91796388 3.25705391 -30.85434056
v -7.25066399 9.13077498 -35.89473737
v 14.42626194 4.59543076 -53.56312388
v 56.09358105 -19.88987434 -5.10346115
v 20.70425260 -6.02620565 -42.04906134
v -19.96550788 3.21500863 -24.31468503
v 44.38350155 -7.79124041 -33.23539558
v -20.69062474 7.93327490 -46.25919429
v -2.58926696 -1.10886972 -26.72683038
v -35.90493829 -11.30197398 -12.51652814
v -49.25869653 -10.17317965 -20.13724898
v 12.94204844 2.74933392 -41.36024200
v 30.93728684 0.93720125 -33.39158555
v 63.02966585 -23.23017016 -16.94744084
v 11.46408175 3.29444325 -42.15762114
v -30.14539570 2.92123365 -31.05386547
v -24.05536887 4.55554758 -31.49087815
v 31.95713682 -6.50522039 -13.26337444
v -55.11452850 -13.99493186 -2.28432363
v -47.58974629 -6.13232003 -11.73029057
v -2.14534035 13.23594293 -40.73680107
v 28.89870294 -5.71109863 -33.18125662
v -14.89388416 12.53019390 -48.78631045
v -47.90163107 -10.09364187 -16.86691676
v -49.37196737 -6.40019444 -34.34821267
v -12.33632511 11.22208465 -51.55581764
v -22.14614940 7.66789941 -40.40811897
v -24.57450793 1.88414323 -47.19374973
v 21.39886191 3.69118623 -31.66846262
v 36.68632479 -7.63644795 -44.47996483
v -31.68194090 2.68469167 -32.60997481
v 13.24648585 2.60685145 -42.69309145
v -25.52690982 -2.62184472 -34.45107187
v 14.38349810 3.57180013 -26.92546581
v -17.05418154 2.56881782 -23.68241542
v -33.83802792 -5.03869929 -32.76846617
v -50.75511983 -12.53648738 -15.46004424
v 40.45860536 -9.86496584 -38.77218365
v 34.68228458 -7.69423274 -36.61036970
v 45.08540847 -14.97371814 -20.44981941
v -8.38678671 15.42546506 -44.87284269
v -28.72478555 -8.19407538 -46.85873532
v -5.79450923 16.96216224 -44.35254947
v -65.78790469 -17.31614344 -11.98830454
v 59.50242814 -24.34019692 -11.76050233
v 55.77916305 -22.63225321 -6.26523407
v -60.17245860 -11.50808490 -12.37382216
v 5.11117785 1.29527786 -25.69929359
v -18.45964546 9.82393071 -37.54271370
v 23.34754705 -4.28831798 -38.03166131
v -55.10239677 -12.54224897 -25.91592017
v -22.25616919 -2.43748596 -33.54514165
v 5.10617986 0.77184826 -25.76490243
v 55.23272786 -15.12080846 -1.00365065
v 18.93526915 -3.80481388 -27.41305517
v -0.09163896 11.72236161 -39.92660904
v 22.16876232 -4.44847281 -26.87701449
v -14.57314520 3.67180934 -26.78545459
v -18.95321134 9.25546034 -43.22094464
v -3.62000178 22.05988768 -53.35537027
v -19.20164421 9.48636053 -45.07267567
v 55.62567994 -20.83303425 -24.65239304
v -20.62623433 -2.17108175 -44.39009320
v -9.83969897 -1.59243440 -29.08214387
v -31.44640394 -6.76173388 -19.86746367
v 63.26551583 -22.19405371 -15.45446700
v -24.72664156 6.00187595 -34.72874002
v -38.30644320 -3.21479244 -44.14144381
v -43.80483462 -12.96779604 -5.71003438
v -63.43724970 -20.87993716 -13.17831920
v -1.29005813 4.64539185 -40.40146407
v 36.69868795 -16.55157106 -6.66068995
v 1.25888145 -0.83546669 -27.33309493
v -2.28822010 -1.79801499 -27.47684978
v -9.52121703 6.37425378 -30.53404062
v -25.34375007 7.41791588 -39.02339525
v -35.45113661 -3.45052059 -45.73506726
v 10.35369072 3.88477194 -43.88119814
v -16.63620917 5.73144632 -50.29755309
v -49.50440993 -10.03870219 -30.41134081
v 63.34299242 -21.03280181 -17.61160357
v 3.12188273 10.78330989 -38.94078196
v 9.29044562 -1.18502414 -24.39957766
v -16.82747510 10.71668531 -47.91600417
v -54.36175316 -15.22843927 -23.86515834
v 8.16333248 12.35469691 -52.55823839
v -33.38847256 -7.87818448 -46.05863308
v 56.89826372 -16.51607932 -3.57222595
v -12.35992377 10.48842228 -41.18390494
v 44.07814903 -14.43444465 -20.46140475
v -15.23135218 1.78651299 -23.72481477
v -5.88271911 13.82484335 -51.28881941
v -49.84859557 -11.07194102 -1.22224641
v -16.25986296 -2.68279124 -23.57527545
v -24.71354742 -9.85413683 -13.64187758
v 47.00100318 -12.32459528 -29.92711226
v -48.25900712 -9.94647084 -17.28374285
v 9.90036963 11.79369500 -42.37135811
v -2.12131393 3.31062723 -25.77140838
v -13.94271483 14.34880591 -49.85403972
v -25.76155458 7.40669959 -38.53143171
v -12.83537126 17.98344715 -50.48788946
v -51.29743969 -12.50093072 -16.26300603
v 29.15031020 -4.75883188 -16.62300871
v 0.85013709 16.09881687 -44.21159390
v -1.72858037 16.17815015 -54.77877631
v 13.77682118 3.68753351 -53.79813344
v -60.24696259 -14.41644838 -3.81685479
v -20.43391547 -0.94959408 -50.23180951
v -17.58129009 -2.00069838 -29.99990805
v -31.68966967 -4.51108965 -12.80624146
v -14.81589879 4.44562411 -47.34842459
v 8.45403878 11.75001608 -40.85080774
v -21.51256235 -2.05828427 -34.27488340
v -5.72699422 3.54823127 -36.36458618
v 15.80737338 -5.78238873 -22.95186753
v -33.02607456 -11.59756275 -11.93222443
v -29.25132274 -6.45149878 -20.26951684
v 20.00324822 2.92077241 -27.33203521
v 26.87878610 -9.10775593 -10.63245518
v -21.96120857 5.01236993 -31.58245040
v 0.98784713 17.99505799 -46.06099979
v 26.14884473 -12.82633375 -12.91251066
v -7.61221470 11.58102404 -49.43859013
v -47.77408380 -3.00497628 -39.42573434
v -19.57339189 -1.16220912 -20.11599967
v -33.81309167 -7.71074618 -42.20077228
v 50.87953206 -12.98067756 -25.78359603
v 3.96960007 10.52557237 -51.05366779
v 46.54847862 -10.35371636 -29.88460422
v 35.14697392 -10.48061644 -19.38941624
v 52.04389244 -14.70639576 -25.62219526
v -35.37983848 -5.23612691 -10.20373832
v -66.06275243 -16.57740253 -13.62823220
v -38.45718524 -0.76845484 -23.39648723
v 40.08411725 -14.78340703 -16.86548742
v -11.99586368 -2.57869442 -25.44940691
v 27.45786063 1.81200380 -31.63248866
v -47.80624738 -4.62571825 -38.71293072
v -44.41138935 -2.72287435 -22.47092910
v 60.27943082 -18.98727843 -6.32535557
v 45.44588048 -7.91066514 -23.32373774
v 19.02185753 6.82496396 -39.23279788
v -24.74180892 -0.58739847 -49.16713780
v -9.73174365 12.28437396 -43.35869181
v 14.55762273 7.99126075 -35.36262774
v 63.31932164 -20.31840098 -13.06611724
v 19.69999226 4.31460289 -31.91271077
v -14.30212857 3.64789646 -37.60306800
v 27.49523276 -10.46560512 -10.46149178
v 37.61249131 -9.04470250 -28.16195255
v 16.11300958 8.39597085 -45.33639442
v 14.65588292 3.31695454 -52.58355422
v -34.63738699 -5.19671849 -24.17623654
v 57.92481904 -23.90595962 -9.28715207
v 36.94128310 -9.43020895 -21.64473777
v 6.23493874 3.30509269 -25.92238235
v -2.47734503 20.56648042 -55.37702448
v 29.36074488 -2.80566960 -21.59391534
v 11.82661482 3.01984669 -40.36541281
v -30.12081116 2.73310253 -35.66167938
v -32.87693475 -4.33333690 -13.06100339
v 31.50548133 -10.85796841 -46.81093371
v -8.85768249 2.84861499 -25.74507388
v 35.65845901 -4.46396020 -21.71093615
v -45.61173606 -1.35077372 -29.22289704
v 16.16379450 -3.18383909 -33.91947266
v -62.10210361 -17.84939320 -5.85266653
v -11.10945838 11.60786566 -43.46351611
v 42.01226979 -4.30514990 -31.48887208
v 10.83606698 -3.30214834 -26.75376445
v 11.53541408 11.77711838 -44.29558268
v 26.95133540 -0.95375668 -44.38112750
v 8.45804610 2.87603143 -25.84950625
v 20.91470279 -4.23144802 -26.77398431
v -20.44630799 9.75092464 -36.77316932
v -43.69115410 -8.28437087 -35.39365588
v 7.91824462 10.97177966 -39.50709723
v 45.77263104 -13.94635220 -29.06382042
v 35.07984571 -0.58734600 -30.85498330
v -29.67978255 -11.89105749 -12.61271345
v 47.11480228 -17.47577028 -17.80917178
v 6.01363834 0.26364332 -25.66652355
v -11.49549030 -0.01936205 -24.63858579
v 40.97169810 -10.81493031 -34.33546708
v 36.69441726 -8.31376461 -29.39275071
v 14.35004285 -3.40545781 -28.18953216
v -1.03123543 13.93350156 -41.25488176
v -62.71126578 -12.49632525 -5.44955797
v 53.99699586 -23.11042259 -11.43242340
v 8.16873440 3.42344937 -39.03851107
v -32.86766287 2.35702958 -34.01742626
v -34.98199536 -11.67021454 -8.83136029
v -42.40448903 -7.67246054 -35.91732950
v 41.82125214 -5.87498615 -23.38571239
v 19.87308871 4.19471650 -44.71071791
v -20.17347711 4.96914955 -30.94943500
v 17.86366964 -3.01336692 -35.92391812
v -44.96344511 -10.80851518 -2.88558868
v -46.06656367 -9.83423607 -31.83944724
v 19.09671121 6.35865685 -37.77639175
v 21.17895789 -0.63978346 -49.13909820
v -15.02800427 11.63033826 -49.51220649
v -45.15760887 -11.91475758 -2.84115232
v -5.98277798 16.93641962 -54.59648465
v 6.37479287 13.77973468 -44.47960893
v 43.73396876 -6.63886507 -29.31399925
v -40.87195793 -9.55508691 -16.28237187
v 29.69827978 -5.61458422 -14.53751542
v -25.55550569 -10.42964661 -12.57068987
v 12.51874531 10.94513153 -51.27803768
v 51.70558042 -20.68664676 -17.31065666
v 0.50639166 -0.43125134 -26.78198646
v 42.72594991 -5.20724392 -37.01897239
v 25.74456986 -6.98553873 -13.05941675
v -9.42956151 19.93092741 -52.84561972
v 3.18797454 8.01195668 -34.09678304
v -47.39553375 -2.42789221 -29.23072051
v 11.27381343 12.27353000 -45.40886353
v -8.75623555 8.62931855 -47.55917784
v -55.87351938 -9.35380473 -8.10838076
v -11.29435971 10.19886776 -37.72416658
v -25.58396718 7.54921100 -36.65791765
v 40.19090526 -3.00559164 -33.90220083
v -32.96193346 -11.26667844 -9.58421209
v -16.57554145 1.91033050 -45.50697605
v -15.69621723 2.61074805 -43.47142075
v 12.29959613 9.12452679 -52.92513645
v 22.53321230 -5.10587964 -49.07182943
v 44.16703319 -9.77748904 -14.93781872
v 26.63353905 -12.87316554 -13.57611250
v 8.51697765 8.55808665 -36.11877936
v -19.73537906 -4.29599172 -19.41838623
v 39.55515745 -10.10856874 -25.20812902
v -7.16071450 0.90520564 -33.07703027
v 8.54147447 9.15284238 -37.01661362
v 1.59502736 12.81884643 -40.86568896
v 15.71765317 -1.50773263 -22.00686606
v 63.47967928 -21.84133807 -17.42643152
v -63.31987610 -15.36329886 -18.68019321
v -50.13417894 -4.56207202 -21.67109888
v -25.87503539 1.91262278 -45.85052878
v 21.81050560 -0.30716233 -46.54054341
v 10.53345295 4.30753449 -45.88472841
v -8.62818571 4.30672832 -39.91820830
v -36.12533086 1.78924671 -32.68437415
v 4.08986419 6.43073954 -31.70633471
v 18.34515702 -3.31728019 -30.08449418
v 8.68845817 7.33456607 -51.45130802
v -40.36479522 -7.88022122 -6.03510495
v -10.34329144 4.26585780 -40.47084258
v 34.18245890 -6.86967150 -14.39992894
v 53.76518766 -22.16509096 -19.15033387
v 43.83308179 -11.83193496 -32.96869934
v -52.33359208 -9.24987852 -31.34612817
v -44.82495095 -7.47639515 -5.40089679
v -32.76397925 2.55681009 -30.00845658
v -45.81223891 -10.98448841 -15.17400208
v -35.47064674 -5.43375574 -23.98723195
v 39.72602996 -14.26045969 -17.35375772
v 11.82271130 5.49638534 -53.92332112
v 56.62078366 -16.01889077 -4.37141360
v 56.02648495 -15.68126304 -4.84918410
v 46.61641813 -14.93434793 -27.43468673
v -2.14763040 14.11768683 -51.35138965
v -42.11592478 -4.97971624 -41.24286670
v -23.51548827 -2.63196341 -35.55128369
v 21.80513247 -8.91834972 -17.84491324
v -34.46192142 2.13574742 -29.92730339
v 2.80430644 6.49993035 -44.16055222
v -16.90201637 -1.51957246 -30.74850898
v 21.53079565 3.46081611 -42.62059676
v -38.10971302 -7.35236009 -19.61214681
v -63.58540033 -15.78819965 -19.40136638
v 29.55191097 -1.05160825 -24.54911402
v -48.74668282 -13.87493349 -2.45564049
v 16.13435280 -7.11546704 -19.50950739
v -23.82038644 3.38154587 -46.42833165
v -15.72187569 2.80439179 -44.84533606
v 8.95167308 12.85911613 -44.54682466
v -0.17048152 10.04015220 -38.05110678
v 15.42141753 -4.24245117 -20.85925143
v 18.67338056 0.13466304 -50.58513728
v -31.95663719 -4.09823026 -35.10723207
v -23.30464648 -8.01567289 -15.31671134
v -7.76283910 -2.22326093 -26.43766973
v -41.55138517 -12.76963842 -7.68524369
v 54.84693531 -23.12752429 -6.46182605
v 43.29181888 -7.21017231 -17.93934230
v 62.58301408 -23.77882759 -16.49506255
v 43.13743228 -9.62832489 -14.86706733
v -37.03819398 -11.86343630 -9.63942911
v 9.86499004 13.07904364 -48.42353518
v -49.29838904 -9.90791194 -19.05455136
v -52.61422706 -14.79607403 -22.16869942
v -22.93819372 -2.52108123 -34.38730258
v 54.20299098 -22.58019932 -20.08042956
v 4.94252083 -0.45343059 -26.34958404
v 18.12476386 -6.94841652 -47.17209968
v 42.28624580 -13.04823913 -31.31798738
v 21.08492764 0.94798377 -47.28088415
v -34.47164403 2.21633980 -33.02209326
v -18.48712528 -2.87254222 -22.27090003
v 4.89472133 6.82299607 -45.63335455
v -54.79169723 -10.67041051 -1.50883958
v 8.00498495 5.53285838 -30.60469142
v 43.80246395 -6.69909683 -36.92681656
v -43.34079373 -7.47181715 -21.60123111
v -14.93649154 0.94600039 -23.55155487
v 3.19871788 17.94603306 -54.34118500
v -23.94057311 3.99979948 -26.91078147
v 43.81545368 -13.78309679 -27.56558316
v 53.52070979 -14.18536523 -20.06099133
v 20.29046024 -4.26792343 -40.47018860
v -60.80368751 -20.55323988 -18.05027838
v -46.82693234 -5.49152962 -13.51138750
v 1.77477007 21.21246390 -54.27820415
v -6.52006719 17.50934865 -54.46496939
v 22.75662046 3.49903270 -37.53695342
v -7.84558726 -0.70076306 -25.54626240
v 22.49636785 -11.91216199 -13.45068596
v 9.78028706 2.57726957 -35.21814231
v 6.41394977 6.41926953 -32.34006173
v 24.31567583 -5.54211665 -48.92034130
v 25.40048102 -10.46225398 -10.89797683
v 43.02628967 -12.61884611 -4.46202781
v 55.15271481 -15.04184575 -3.35274318
v -62.73906908 -19.09207209 -7.44614663
v 43.97515381 -6.83246315 -20.40002626
v -40.31978418 -6.51942713 -35.64113871
v -50.22160514 -5.71555457 -32.13870672
v 61.61027249 -23.65879727 -13.14754751
v 47.10744016 -14.31122164 -28.28577645
v 12.70084828 -4.21737429 -26.05393107
v -40.88006224 -4.30192755 -15.71623278
v 10.44406408 -3.61623495 -23.12090693
v 7.27480533 4.44848281 -42.56826239
v 16.95542177 -8.24568885 -46.01496011
v -26.03724936 4.93037018 -35.10563515
v 37.73854244 -8.04255546 -43.56182251
v 0.37817486 5.60754395 -42.40652745
v -62.89646120 -19.36306693 -19.31343266
v -24.60605530 4.38183624 -31.12415728
v 20.08915402 2.85158725 -46.86995940
v 32.02900597 -1.57646904 -25.33796595
v 32.48094251 -6.08952415 -31.37812505
v -65.95529236 -17.47908511 -12.80280459
v 31.19066541 -1.45792949 -42.24957248
v 21.91620351 -0.33481204 -46.13033647
v -31.46539110 -7.27398072 -46.73127249
v 32.75733738 -10.23969281 -10.76715246
v 46.09587791 -9.43285806 -29.41794262
v -62.31038145 -16.11743535 -5.48491245
v 19.52995407 6.40962629 -38.91107477
v 0.12388633 10.42371101 -47.28007275
v -38.05888897 -7.02784558 -20.32791260
v -29.61953580 -8.67898987 -44.52892421
v -56.74321715 -9.64720359 -4.38303110
v -31.88804197 -5.40540791 -39.40531082
v 6.44851343 3.73501658 -39.58191089
v -14.31900612 12.93917000 -49.81958157
v 2.11001227 8.27756916 -45.91707555
v 38.52955460 -2.18953897 -33.88292207
v -17.31657870 2.92337570 -49.12206253
v 15.73071691 8.16202900 -50.22117454
v -61.70603139 -19.66806123 -7.76070150
v -56.90993974 -9.22221154 -14.99495134
v 59.46428982 -19.03698765 -5.84533753
v 52.14687518 -20.91794995 -18.56484132
v 37.55104803 -2.20590086 -37.16773592
v 36.99972788 -7.82752529 -31.57219996
v 9.18240795 -0.58985038 -30.15789230
v 10.06326028 12.48255951 -44.70538010
v 8.14257812 1.60112294 -33.00750883
v -40.19046279 -2.30520185 -42.87145920
v -40.83503002 -2.06696829 -22.35526543
v 7.69677581 -0.19443394 -30.31703220
v 33.91447242 0.14526718 -31.91951642
v -57.64779094 -11.11447125 -3.14225636
v 9.18041548 0.95852084 -32.24270398
v -1.08327715 10.08450261 -37.99282905
v 11.50138353 0.45359747 -32.56358534
v 59.99353453 -19.55594527 -6.74214620
v -44.73149815 -8.58997576 -28.06285695
v -26.16201363 7.11584848 -36.98669317
v 42.87097108 -5.88824527 -39.07715497
v 22.08692472 -0.49273708 -22.34345436
v 23.02416353 -7.03570540 -22.00731496
v 26.63685492 -9.45534835 -18.84576835
v -50.84913533 -10.91456672 -27.03772620
v -49.83185989 -9.71623540 -31.76595084
v -22.81059568 1.84645380 -22.48491275
v -43.38361009 -6.07843871 -39.50105004
v 49.24722625 -10.78056299 -18.01788436
v -28.96216595 -7.69122434 -11.30649242
v 62.98556027 -19.66457302 -13.40375421
v -0.15673093 18.55854650 -55.23430729
v -41.12958806 -10.62655196 -14.30181371
v -0.87961758 21.04017041 -55.34363558
v -36.50631601 -1.09377072 -42.53460960
v 40.56097944 -9.64711228 -36.34491273
v 35.84753943 -2.37814097 -27.81513951
v -40.95712715 -7.21886987 -32.36495097
v -29.19598036 -3.79411472 -30.46113234
v -34.38704688 2.38901765 -31.52524852
v 63.12848977 -19.70946342 -11.74339550
v -24.58987672 -9.21771032 -14.36043427
v 3.39792821 13.58860940 -52.90572724
v -50.55231473 -8.52070680 -33.16850567
v 28.19335350 -5.42042626 -31.97812278
v -35.51824997 -0.24181922 -22.79337568
v -23.18248230 -2.09434213 -37.43535272
v -40.30483366 -6.59477021 -27.71016104
v -5.28517555 1.23822234 -25.69149622
v 8.62800106 -3.36674870 -24.59207308
v 16.23079214 8.49765599 -39.76012626
v 5.32282399 7.88694864 -47.23736096
v -50.33401401 -7.75795875 -3.49509843
v 44.45786932 -7.13539731 -30.15775333
v -65.85471936 -16.66340890 -11.92749784
v -17.40980219 10.45976421 -46.28476888
v -3.81664752 2.65227220 -25.68666302
v 6.38374958 9.53792857 -37.30705801
v -43.81538211 -7.52924122 -22.38770810
v -18.43171761 -0.68738323 -46.66096083
v -36.67025286 -10.04911568 -15.66680745
v 43.89763412 -6.93545175 -27.52160276
v 43.37080428 -14.97353294 -18.37638257
v -28.45314002 -8.79473326 -11.15917000
v 10.24651985 12.26650771 -44.29943099
v 37.70339998 -9.96954876 -39.15684484
v 35.66346232 -10.47877223 -10.79380333
v -54.01005727 -8.54799140 -30.68180153
v -46.25845220 -9.98189234 -17.10337755
v -12.79146037 0.19669240 -24.18883404
v -25.69719308 -9.89090301 -12.57909949
v -47.83214802 -2.29308188 -36.20063567
v -5.34612476 16.64696876 -43.86275867
v -28.63175314 -5.29280260 -39.65346476
v -18.07178432 4.73246391 -50.37448327
v -54.78781746 -8.80964269 -6.78135535
v -10.41530226 19.15770654 -53.11667493
v -1.36303835 -1.65610707 -27.50763161
v 21.58713251 -9.28833134 -48.28294997
v -44.48846346 -3.31145158 -18.55704469
v 60.04522447 -18.02169885 -14.53514879
v -18.98617437 -2.75770257 -20.62179108
v 11.83401106 3.58967673 -27.27379405
v 35.64958154 -16.58072744 -9.67216559
v -51.74618134 -8.23120334 -1.43654868
v 39.96271172 -3.32550387 -31.03007153
v -35.29274474 1.31651795 -27.31850359
v 50.00548941 -11.42413762 -17.56173818
v 59.97674652 -18.16003665 -17.12875910
v -55.92208090 -7.50049534 -21.90172238
v 5.34683187 9.65953784 -51.69085708
v 43.85095379 -9.90344660 -34.40478187
v 46.18817499 -10.90523252 -13.45720086
v 22.60086328 -4.30095071 -49.01534608
v -50.90483617 -15.62643699 -7.09401718
v 29.20440907 -7.66168811 -48.39605485
v -19.19123642 6.36675516 -48.88577849
v 15.51695517 -6.88240500 -20.18157048
v -4.95261729 0.24491593 -25.92094858
v -40.82940063 -5.50073225 -11.52388159
v 48.38937242 -10.29101587 -17.75828419
v -49.28673737 -3.49413672 -35.74886500
v -30.74516218 -4.42803174 -14.18706588
v -2.66348808 19.36220726 -55.49189385
v -52.49101113 -5.73531100 -28.20264570
v 23.50287212 -0.43802588 -44.46468171
v 16.15112684 -0.50226698 -40.41702821
v -3.91999065 21.30714276 -51.85179833
v -19.66468408 -1.96214347 -46.35941263
v 25.49729172 -9.06689062 -48.43146353
v -4.90942526 18.96436369 -46.69134476
v 23.69778881 -4.09148859 -17.76266267
v -47.47759920 -12.08849916 -13.62701757
v -26.30326535 -9.90948976 -12.18758860
v -32.47235681 2.04661488 -38.32251851
v 17.76469521 6.72522375 -36.24631479
v 25.05449779 0.87212233 -26.25022782
v 50.74110420 -16.48294662 -26.54880692
v 23.79395048 -4.54312688 -36.14327162
v 18.16159522 -2.31499642 -37.62690108
v 31.13588726 -0.25049536 -26.70955943
v 26.22880852 -9.02693885 -44.56615960
v -26.78543808 -8.75757227 -15.86192903
v 30.55432086 -7.74140651 -48.16297349
v 24.41923310 -10.42665452 -47.75358596
v 0.57817253 20.95246854 -52.43654546
v -15.11559486 -2.01823790 -22.98196736
v 14.47709496 1.40789948 -44.63020614
v -9.74199746 4.29682014 -38.13200250
v -13.57760206 3.80584001 -42.76507236
v -16.20824988 9.22402141 -49.86764967
v -7.66791542 11.38460947 -40.34286637
v 29.82013690 -7.33369721 -39.72084753
v 21.96684481 -5.10443495 -49.23511421
v 28.72092175 -10.66665774 -47.07883313
v -54.12820013 -15.55155707 -23.51713312
v 38.09247267 -1.97432165 -32.92403787
v -35.41051080 -5.12353788 -26.12346891
v -5.90914752 7.57823119 -32.23587655
v 3.21247550 14.63057991 -43.57925346
v 0.50954223 16.86894565 -44.90399927
v 27.48072195 -2.27251059 -21.43555643
v 12.32268235 1.19545799 -24.41262740
v -37.86066316 -6.16808916 -23.86012522
v 56.47253893 -19.63455437 -24.79953183
v -37.83305095 0.40904749 -27.23722597
v 20.76682775 -3.87087120 -28.10765113
v 1.71332640 4.12095625 -26.24473721
v 26.33621547 -1.27968599 -22.53277459
v 42.16893100 -5.90640002 -20.54412212
v -34.19093348 0.06978238 -42.54188901
v -56.39099640 -13.28252721 -2.38887835
v 56.09430364 -15.43231529 -2.67133491
v -1.49159549 5.84126492 -29.56207183
v 21.40080764 -11.44771767 -13.75463497
v -37.40348360 -12.36433864 -7.37530052
v -30.02088265 -4.44471351 -23.95224318
v 21.13004465 2.69444711 -43.99337043
v 24.00630408 2.12910308 -28.69041856
v -49.91205384 -12.52592258 -14.64331962
v 41.17217488 -3.85626124 -31.27236261
v 26.62432575 -0.27292566 -43.15983351
v 15.17117232 -0.06747583 -22.82410906
v 23.67445007 -9.29821323 -18.43045463
v -25.32218347 -0.61134445 -18.15545368
v -13.96600346 11.01091820 -50.84874308
v -18.00736619 -1.99113386 -30.70611179
v -1.51873863 -0.45308857 -26.60278720
v -40.93613515 0.32129720 -34.55052380
v 12.86476960 11.81348594 -46.69728416
v -6.04513469 21.01954869 -54.81132442
v 39.01187040 -4.04630577 -40.04951786
v 39.36920575 -3.41217700 -29.88432884
v 12.82084982 10.42883809 -51.63489236
v -36.84561745 0.73731057 -39.16500600
v 39.43056357 -5.73176440 -41.90669339
v 13.00756068 3.38101687 -47.43540470
v 37.43523293 -8.66969969 -30.20852696
v -21.46777142 4.48727840 -28.58719436
v 26.24330067 -8.01402831 -11.18864162
v 16.48017536 7.85773183 -44.90612024
v 9.49525334 9.58707849 -37.96256192
v 4.46710757 18.43961738 -53.97684885
v -33.10621877 -2.59715263 -47.88277729
v -28.59409011 -8.64940835 -45.99555173
v -59.65697516 -11.41969591 -4.58400085
v 24.53024762 1.60174093 -27.60512767
v -17.77799142 3.97938144 -26.73416241
v 45.15600895 -14.67222167 -23.50553078
v -26.35054820 -5.66678807 -14.42518556
v 40.94293932 -4.88954903 -28.47434816
v -31.55503392 -3.24272152 -16.47777273
v -20.83064121 -4.10615211 -20.66862616
v -53.55674530 -8.22143351 -11.17833231
v -53.03783289 -5.94815653 -20.11594912
v -50.08017438 -10.29202971 -1.07076133
v 15.45785422 8.75640859 -39.81985817
v -25.73890332 4.14519047 -32.00221003
v 42.08478434 -6.21247158 -18.65858827
v 4.30556389 0.83257193 -32.60854249
v 18.79575444 -5.29084245 -43.34234802
v 9.76860621 9.94517604 -39.03325839
v 52.57593896 -15.99005824 -1.80384315
v -16.78360293 9.43060529 -49.13464140
v -0.44082093 10.80750799 -39.03355433
v -38.72696015 -6.19530371 -25.07720402
v 0.86065795 19.93137065 -50.35184898
v 49.62354505 -18.07365018 -25.19571822
v 11.66540427 2.88114561 -25.52616705
v -42.19820368 -1.39033688 -40.63207529
v -8.99709298 10.89420772 -40.08385214
v -0.58400244 14.29400826 -52.08736617
v 40.59361535 -8.50383501 -40.96277450
v 46.04258370 -11.18511396 -11.76217915
v 19.75972058 -4.91322870 -49.72418708
v 21.23253732 2.61493455 -27.52245102
v -22.24407340 1.50533151 -21.81970285
v 45.18959782 -7.85498612 -19.41679605
v 2.25967767 10.40625338 -38.54399076
v 61.74034594 -18.89203761 -7.67726085
v -0.37000669 16.21262495 -43.58297718
v -31.97719920 -0.43552351 -21.15615728
v 0.28406619 -1.06840331 -27.27550986
v -33.77719289 1.17065440 -40.46517246
v -44.35490286 -8.79278122 -29.35895186
v 16.52828934 5.24568601 -31.82760156
v 12.74363034 9.20488249 -36.95302843
v 45.25024524 -10.54597619 -13.56648464
v 23.51260296 2.69225699 -39.56562552
v -2.65853401 3.36298608 -36.55094283
v -64.86594818 -17.62659242 -20.11719977
v -45.32509895 -9.48770074 -30.52213381
v 16.64334951 -2.35825507 -35.89998812
v -22.13433322 -2.94088600 -24.95743554
v 37.00872472 -10.97924769 -19.56051540
v -37.96889087 -9.58946315 -16.09361057
v 40.49934544 -5.52272525 -25.17620660
v 18.06784172 -8.17096345 -47.92452476
v -14.28608228 7.35183248 -50.02508061
v -24.72956517 4.49071853 -32.21496306
v -26.17404013 -11.79697994 -12.72050405
v -39.26456633 -3.88764054 -17.07285109
v -26.98229226 4.72949381 -42.04722889
v 5.13804332 10.49325756 -38.42808658
v 18.63298323 -3.19894366 -19.71843007
v -57.96401527 -10.51366790 -4.33543838
v -39.12115511 -6.13911111 -26.26177353
v -65.84107491 -16.10485933 -11.91617685
v 46.81913298 -10.37352424 -15.67317051
v 19.47425004 -3.23741987 -50.20223197
v 19.05685367 -7.17524469 -20.19937377
v -61.40848084 -13.81057227 -19.97827726
v 14.24951121 6.67329068 -53.00178799
v -35.03519343 -8.65673051 -44.99299575
v 41.37280526 -5.71428976 -19.53780583
v 34.21572315 -6.46847297 -15.17275494
v -20.78830863 9.50338368 -35.54190705
v 39.25675743 -17.21213472 -12.18055289
v 6.30959231 10.68772436 -38.70724485
v 13.82622232 -4.25278606 -26.38610054
v -39.45917064 -6.99005764 -20.77483091
v -17.82369135 -2.22220176 -29.53636696
v 38.51041624 -9.99518835 -40.31594074
v 39.15418987 -10.11857001 -32.42656094
v -36.05949219 -4.90502680 -11.65692536
v -36.66512097 -7.66245908 -42.73228304
v 61.00667525 -19.10985130 -7.04150234
v -28.96875385 -8.64499741 -16.53459633
v -34.80840518 1.56460270 -37.72973846
v -23.08660133 5.94358292 -33.31624392
v -28.37280794 -9.96020228 -15.16002726
v -11.31342592 4.24949368 -41.39593399
v -35.75526971 -4.86854167 -45.76595052
v -27.02712491 3.57529363 -27.76047289
v 16.37233074 0.59623454 -49.84749778
v 21.26794133 3.48011059 -30.39652015
v 25.84059225 2.02056639 -30.68084555
v -29.31353671 -6.43099078 -12.10911265
v -19.33973873 -1.75308011 -32.54736182
v 39.23224789 -17.02146001 -5.99479620
v 28.41422291 -5.79244906 -13.78124925
v 26.63712933 -7.41829419 -42.84886910
v -19.45472772 0.55670322 -50.17743693
v -39.25043073 0.69981310 -34.22402382
v -17.47788536 1.32410570 -40.27102846
v -20.44885569 -5.90155860 -19.00315205
v 17.64555950 -9.61733932 -47.98317168
v -46.23312832 -3.28213492 -21.87156611
v 25.61645196 -4.52023866 -48.50255393
v -28.76776248 -3.95595216 -26.98434979
v -14.95430662 9.95216681 -37.32547022
v -48.18744318 -5.30833032 -15.58700865
v -3.97039969 -0.85858048 -26.38167284
v -53.75462202 -7.92797215 -15.06031206
v 28.27280464 -12.78750599 -10.46380490
v 13.81780831 1.37199390 -36.74601125
v 0.68360069 3.97331932 -26.08980634
v -53.53624540 -8.02567805 -12.41532535
v 0.71764492 3.53507578 -25.95452080
v -54.01183381 -15.60090043 -20.60297827
v 15.60016078 -3.09577841 -31.43286926
v 42.85009282 -9.06885263 -37.43087750
v -17.90640377 4.35558218 -28.41208167
v -21.55029475 -7.02385600 -17.12018025
v -29.71988627 -8.46740517 -43.96935544
v 7.17046644 7.70459040 -34.97024770
v 1.97360129 17.16809830 -46.70874857
v 10.08655757 7.91513979 -53.83668686
v -6.50562995 4.12031268 -26.08441650
v 49.89690991 -13.23911362 -7.44719381
v 12.87270284 5.62722915 -31.71378978
v 14.02170823 2.12816892 -40.52461391
v 23.64438342 -10.31744264 -12.03176804
v 26.83301492 -8.97737159 -19.50273971
v -45.07620225 -2.66283286 -24.15403821
v -4.77933483 16.34348745 -54.77541888
v 9.44052496 12.02653351 -42.37174163
v 6.72427865 6.10237470 -31.58663836
v -39.58214292 -0.13360003 -39.91715704
v 63.26918398 -20.53460384 -14.25394335
v -34.99994360 -4.98780113 -10.79216127
v 9.72529810 0.91619084 -32.26397021
v 12.59809288 9.49020639 -39.58902251
v 40.71162288 -16.49505905 -14.76647858
v -22.82371276 -0.82868647 -18.26464172
v -39.89192911 -7.19130074 -20.27751571
v -47.93970245 -9.90221890 -32.17614909
v 22.57146854 -2.27015967 -47.69886913
v 41.87594633 -10.81193570 -9.81719715
v -41.94749916 -1.60331201 -24.97990669
v 39.76866154 -10.71213271 -9.84157324
v 34.58992506 -0.67532349 -35.24275914
v -52.28064721 -8.03459377 -32.64104580
v -3.45986114 4.18003101 -38.58866600
v 6.58930492 3.52180904 -38.77308858
v -43.74782214 -7.37095375 -23.40748649
v 28.32990503 -5.52752200 -48.56632283
v -45.17865157 -9.55033833 -32.40647706
v -21.62075738 7.90702707 -34.03958433
v -35.97911083 -0.07937683 -23.41639428
v -22.14654205 -7.23324332 -17.76437958
v -48.87971605 -3.12576489 -37.11397823
v 5.20846204 -0.79620363 -26.86140275
v 60.61690072 -24.52323739 -19.63701359
v -27.04937381 -3.21281783 -30.98277105
v 5.81675289 4.14948832 -40.78346095
v 36.28363932 -7.47251893 -34.86847887
v -28.95838567 -1.59739646 -48.29132049
v -34.51670206 -3.08702118 -17.50486583
v 1.85272458 18.67498892 -54.97004793
v -59.33195448 -12.94323572 -24.34502743
v -27.65185983 -1.89039440 -48.44099287
v 29.07241898 -9.18493200 -19.54611601
v -3.46903112 19.40563868 -55.47988606
v 34.03444955 -9.36609105 -13.03990321
v 13.94326972 2.00970484 -44.90355841
v -8.24563226 17.37550634 -53.64905464
v 6.64714618 4.54869893 -27.98182760
v -17.29533330 -2.44179352 -22.09559141
v 3.23526852 19.50847522 -55.09966348
v 7.65701233 0.93466749 -32.07272198
v 0.57876729 9.84406215 -37.76654408
v -34.49043282 -5.36622221 -32.26687326
v -41.19709494 -7.20539943 -6.43596616
v -24.59364794 4.79105785 -43.07034210
v -33.48966469 -4.76851639 -36.25032879
v 0.03527155 5.09539973 -41.57628866
v -49.24844231 -11.75748829 -15.15554480
v 13.94238667 9.14343573 -40.95132620
v 11.66205768 -2.35846022 -28.88020117
v -38.98631191 0.43972151 -30.12487664
v 11.40776587 2.26460631 -35.53283524
v 21.12447284 -3.91213551 -34.48187340
v -37.12271643 -4.88490361 -12.22997540
v 55.37345249 -15.34878634 -4.66605249
v 42.35413778 -13.32670234 -29.31826241
v -30.18673981 2.64438141 -37.73784352
v -8.44371953 -0.31445674 -25.39780058
v -12.61714824 16.67242878 -52.00946136
v 26.53497905 -5.88835315 -14.04863437
v -20.99381816 4.24095297 -27.32841192
v -17.91360693 8.63653158 -34.00800789
v -33.82018893 -4.35848614 -46.91117048
v 9.22155632 0.42917057 -31.54814256
v 23.84879589 -0.13312305 -43.87944920
v 25.32665271 -12.55928725 -12.33340992
v -33.42588872 -11.54565639 -13.13224769
v 39.16444986 -16.65460010 -5.70041211
v 22.62242757 -6.11540791 -49.01326924
v -40.07941088 -1.36409212 -23.78303535
v -38.67050614 -6.94422646 -20.89367624
v -11.57858884 5.26262341 -44.84195307
v 19.94194378 -6.78366135 -18.80895655
v 59.64412461 -21.43295468 -23.27512668
v 15.68305060 8.38133770 -43.66047788
v 3.76933856 -0.58569997 -27.73328775
v -27.63256356 3.73034086 -35.18000226
v -16.82168986 1.53673217 -45.11451021
v 1.23197803 5.56504254 -42.47080490
v 21.55450593 -10.69059867 -16.07038912
v -24.42106100 7.96723818 -35.93424992
v 1.57303423 8.76290181 -46.21465930
v 32.60987991 -5.27258203 -47.10098497
v -12.43682096 2.48492817 -25.16229512
v 0.38479910 0.31877173 -26.38799920
v 3.36190190 9.52465123 -37.14191080
v 45.01893534 -11.99715121 -32.27275654
v 58.05043740 -20.50216873 -6.38680850
v 38.35702307 -11.07595652 -20.19814194
v 17.41390131 -7.12426490 -19.76592579
v 23.98390814 -8.39495265 -43.84467432
v -1.84080061 19.88944512 -48.56476920
v 47.03855989 -10.10717109 -16.50377415
v -24.32274346 5.68277299 -42.20087232
v 22.76778600 -9.10843841 -48.42360967
v -60.64214539 -12.31907026 -15.20350266
v 38.19483216 -8.68799874 -35.73410010
v 55.21469187 -22.61853924 -22.59518974
v 10.10962424 8.07128852 -35.17282103
v 33.25549521 -15.16466178 -8.57317880
v -31.52416222 -2.23521136 -48.34778780
v 49.91845985 -19.46579415 -17.36570214
v -19.41789272 0.79995594 -36.55389640
v 36.44464273 -1.57740363 -30.43455714
v 1.53793129 4.72457307 -41.18881799
v 10.09471663 8.54969863 -35.90521200
v -48.09635777 -7.71376123 -34.68257031
v 37.68846911 -6.21776999 -42.99483430
v 23.03559490 -8.45428578 -14.28124399
v -9.18164882 4.15745021 -36.64693396
v -38.37583231 -7.22044207 -41.46386569
v -30.51136047 -8.48420179 -10.08859723
v 15.21589148 8.62966589 -41.19713275
v 58.16737079 -23.35979517 -22.49488395
v 53.56632157 -16.23462523 -1.94512905
v -3.52164942 13.00202057 -49.65185079
v -19.16495884 -1.53568144 -46.59833099
v -12.46008680 4.55335612 -43.64981954
v 20.90514723 -0.07029715 -22.79229639
v -47.74853927 -9.58195141 -26.44352653
v 23.88792897 -7.81236570 -14.03725647
v 43.41488281 -6.99023131 -18.45192685
v 24.01250496 -8.31463574 -13.36284559
v 23.13737254 -1.21189555 -19.86955776
v -24.73022881 -3.15688377 -37.28675352
v 60.21427169 -23.85072597 -21.31711997
v 5.55804393 9.23770323 -50.97215933
v 23.74017155 -4.64924356 -26.95257820
v -0.21847898 6.47342751 -43.34591621
v -32.78255666 1.64615595 -39.96010220
v 51.97336388 -21.94317111 -5.56242046
v 17.91292221 -1.93541337 -40.27163066
v 60.16614310 -25.09889261 -17.45032901
v 52.68434587 -13.46816843 -18.05206634
v -32.97157884 2.07265311 -37.18231288
v -27.67793103 -7.67386539 -11.92577185
v 46.01640420 -10.92985369 -32.86865007
v -35.04950095 -7.03956596 -41.23465611
v 33.14339329 -9.20143181 -20.46512030
v 21.31998102 -1.78306679 -19.44277846
v 7.43592020 8.32397848 -35.80097697
v -17.88168104 -1.84311008 -21.51201287
v 22.75627989 -9.55637362 -45.26778402
v 53.44921448 -14.68841685 -1.07352115
v -9.52813649 4.00838587 -36.08028030
v -27.22542872 -10.71579058 -11.72579980
v -59.14245927 -11.06552683 -7.95969902
v -64.83355532 -19.76956208 -13.21702676
v -50.57458300 -5.67548379 -31.39444116
v -9.01641026 19.95190591 -54.06276702
v 8.94100880 7.02361796 -50.54360544
v 33.96354952 -0.17104629 -29.78143708
v -28.20276907 5.00980563 -39.07359555
v -41.97234678 -6.89159336 -22.76969203
v -31.71885278 -11.50717241 -11.25390374
v -59.06935566 -17.34547629 -21.99043421
v -18.92667081 9.07525550 -42.09003100
v 44.56944857 -14.12690765 -26.98990006
v 18.09759062 -5.12000620 -46.00754390
v 32.17148211 -9.45831452 -11.76298774
v 31.51368865 -11.53554474 -9.97276089
v 34.96269756 -10.92354325 -18.81902604
v 11.60115399 2.65905746 -25.29649162
v -60.74081445 -12.07048425 -13.38954181
v 19.78194196 -9.02529617 -45.14752190
v -47.58035242 -9.65024281 -25.25196888
v 14.33395330 9.03287860 -40.71670082
v 40.38916729 -11.22642121 -32.89470684
v -41.66690493 -8.15468613 -5.44559898
v 9.49042271 11.36337542 -41.14399591
v 28.83172867 -10.67287033 -47.37001494
v -34.95979976 -5.69105852 -29.76121870
v -33.09053215 -10.17880569 -8.67027839
v -17.81368111 9.50487460 -39.15921394
v 21.24330308 -3.29242281 -49.70700940
v -20.79520987 -2.37040969 -32.31570852
v -35.91774654 -6.43881543 -8.16445619
v -64.79337752 -14.36075517 -7.96417243
f 4919 10507 3252
f 326 5703 4919
f 3252 3245 4919
f 10970 4919 5703
f 4919 10970 10507
f 3252 9801 6447
f 9801 3252 10507
f 2480 10507 10970
f 2480 10893 10507
f 9801 10507 10893
f 3245 326 4919
f 2339 3245 3252
f 1250 2480 10970
f 10893 2480 6377
f 10893 9657 9801
f 6377 837 10893
f 10893 837 9657
f 10825 5703 326
f 9801 10638 6447
f 9657 10638 9801
f 5317 326 3245
f 6447 2339 3252
f 1250 6639 2480
f 6639 6377 2480
f 7795 9629 10825
f 10825 326 11367
f 11367 326 5317
f 9312 10825 9629
f 9312 5703 10825
f 9312 10970 5703
f 2339 6447 9504
f 10970 9312 2313
f 2313 2169 10970
f 10970 2169 1250
f 6447 10638 6803
f 4455 7795 2148
f 4455 9629 7795
f 7795 10825 2148
f 10125 5317 3245
f 10125 3245 2339
f 10125 2339 724
f 2652 8486 2313
f 2652 2313 9629
f 2313 9312 9629
f 6447 11947 9504
f 6803 11947 6447
f 2313 11690 2169
f 11690 11064 2169
f 8859 2169 11064
f 8859 1250 2169
f 1250 8859 6639
f 4455 6044 7711
f 4455 7711 9629
f 5317 10125 6240
f 7711 2652 9629
f 10825 11367 2148
f 6240 11367 5317
f 721 8546 2339
f 721 2339 9504
f 9504 3107 721
f 9504 11947 3107
f 8486 11690 2313
f 3355 11690 8486
f 3355 10812 11690
f 10812 11064 11690
f 837 2111 9657
f 6639 10220 6377
f 6377 10220 837
f 2148 8902 1483
f 7711 6044 5418
f 1483 6044 4455
f 1483 4455 2148
f 11367 8902 2148
f 11367 6240 8902
f 5418 2652 7711
f 2339 8546 724
f 2652 5418 10443
f 468 721 3107
f 2652 10443 10060
f 10060 8486 2652
f 10060 3355 8486
f 6803 10324 11947
f 10812 2765 12103
f 10812 12103 11064
f 2111 3206 9657
f 10638 9657 12121
f 12121 9657 3206
f 10220 2111 837
f 8804 2090 8260
f 2090 6044 5686
f 5418 6044 2090
f 8902 6240 11421
f 11421 6240 9542
f 9542 6240 10125
f 9542 10125 724
f 2090 8804 5418
f 8546 721 577
f 721 468 577
f 8804 2269 7435
f 8804 7435 10443
f 5418 8804 10443
f 10443 7435 10060
f 7435 5412 10060
f 5412 10921 10060
f 10921 3355 10060
f 10921 2765 3355
f 10638 12121 10239
f 2765 10812 3355
f 10438 12103 2765
f 2765 8089 10438
f 8733 12103 10438
f 12103 8733 11064
f 11064 8733 8859
f 8859 8733 6639
f 6639 8733 2022
f 6639 2022 10220
f 2090 5686 376
f 5483 9542 724
f 1823 8260 376
f 376 8260 2090
f 6044 6002 5686
f 12166 6002 6044
f 1483 12166 6044
f 5483 724 11282
f 2269 8804 8260
f 8546 11282 724
f 11282 8546 577
f 10675 8260 1823
f 10675 2269 8260
f 2258 2539 468
f 3107 2258 468
f 3249 2269 10675
f 2269 3249 7435
f 11947 334 3107
f 334 2258 3107
f 11947 4209 334
f 4209 11947 10324
f 3249 6852 5412
f 3249 5412 7435
f 9264 5412 6852
f 10638 10239 6803
f 10239 10324 6803
f 10324 10239 10485
f 6852 2232 9264
f 5412 9264 10921
f 9264 2765 10921
f 9264 8089 2765
f 9264 9911 8089
f 10240 10438 8089
f 3779 8733 10438
f 3779 10438 10240
f 4796 10220 2022
f 4796 11187 10220
f 10220 11187 2111
f 8733 3779 2022
f 2436 11421 9542
f 2436 9542 12029
f 12029 9542 5483
f 5686 6002 376
f 8902 6572 1483
f 12465 7629 1823
f 12465 1823 376
f 382 11282 577
f 832 10675 1823
f 11846 832 9973
f 9973 832 11119
f 11846 10675 832
f 9973 9153 11846
f 11846 8947 10675
f 11846 9153 8947
f 8947 3249 10675
f 2934 2258 334
f 2934 334 11363
f 4209 5870 334
f 8947 6852 3249
f 5870 4209 10324
f 11363 334 5870
f 8947 198 6852
f 5870 10324 10485
f 5870 10485 5458
f 954 10485 10239
f 2232 198 10180
f 198 2232 6852
f 9911 9264 2232
f 2232 10180 9911
f 2111 4585 3206
f 3206 9563 12121
f 12121 9563 10239
f 10239 9563 954
f 4585 2111 11187
f 9563 3206 4585
f 102 9911 10180
f 9911 102 8089
f 102 10240 8089
f 11187 4203 4585
f 2022 3075 4796
f 4796 384 4203
f 4796 4203 11187
f 10240 6736 3779
f 3779 6736 3075
f 3779 3075 2022
f 4796 3075 384
f 8902 11075 854
f 11075 8902 11421
f 5588 12465 376
f 2986 376 6002
f 12166 1654 2986
f 1483 6572 12166
f 6572 8902 854
f 3504 11282 382
f 12465 5421 7629
f 6002 12166 2986
f 12355 382 577
f 468 12355 577
f 12355 468 2539
f 7629 832 1823
f 2539 2258 1535
f 2258 2934 1535
f 2934 7862 1535
f 9355 9153 9973
f 9355 522 9153
f 522 8947 9153
f 7862 2934 11363
f 7862 11363 8408
f 5870 5458 11363
f 9355 1737 522
f 522 198 8947
f 5458 655 11363
f 522 1737 198
f 655 5458 3700
f 7235 10485 954
f 5458 10485 7235
f 198 1737 10180
f 7929 954 9563
f 954 7929 7235
f 1737 5085 10180
f 5085 1538 10180
f 9563 10910 7929
f 1538 4994 10180
f 4994 102 10180
f 10910 9563 4585
f 7929 10910 12202
f 4203 10910 4585
f 10121 10910 4203
f 102 4994 494
f 494 10240 102
f 598 3075 6736
f 494 6274 10240
f 10240 6274 6736
f 598 6736 6274
f 384 10121 4203
f 3075 598 3385
f 3075 3385 384
f 12029 2856 5489
f 2436 11075 11421
f 5489 2436 12029
f 2856 12029 5483
f 2856 5483 6000
f 3504 6000 5483
f 5483 11282 3504
f 12465 5588 9268
f 5588 376 2986
f 382 4264 3504
f 12355 4264 382
f 1540 5421 12465
f 12072 832 7629
f 7629 5421 12072
f 2515 11119 4031
f 1535 7862 8408
f 2515 9973 11119
f 2096 9355 9973
f 2515 2096 9973
f 2096 1260 9355
f 11363 655 8408
f 9355 1260 1737
f 1260 1805 1100
f 3700 5458 7235
f 7236 1260 1100
f 7235 8590 3700
f 1260 7236 1737
f 1737 7236 5085
f 7929 12202 7235
f 12202 8590 7235
f 3700 8590 1279
f 11521 5085 7236
f 3288 12202 10910
f 5085 11521 1538
f 11521 11452 1538
f 1538 11452 4994
f 12202 10294 8590
f 2827 494 4994
f 11452 2827 4994
f 3288 10910 10121
f 3288 10121 2075
f 3288 2075 12202
f 494 5205 6274
f 384 3875 10121
f 494 2827 5205
f 12407 384 3385
f 3875 384 12407
f 6274 5205 484
f 6274 484 598
f 12407 9935 3875
f 598 484 3385
f 3385 484 12407
f 2075 10121 11003
f 484 4863 6248
f 484 6248 12407
f 3875 11003 10121
f 3875 9935 11003
f 12166 6595 1654
f 4264 6000 3504
f 5588 1882 9268
f 946 5588 2986
f 946 2986 1654
f 6595 12166 6572
f 12355 8217 4264
f 1540 12465 9268
f 2539 141 12355
f 2325 12072 5421
f 1535 141 2539
f 4031 11119 12072
f 12072 11119 832
f 5059 2515 4031
f 8408 2724 1535
f 5059 4391 2515
f 8487 2515 4391
f 8487 2096 2515
f 1873 1260 2096
f 8487 1873 2096
f 1873 1805 1260
f 8408 655 10688
f 6146 655 3700
f 10688 655 6146
f 6146 3700 1279
f 6146 1279 4334
f 7236 5786 11521
f 4080 11521 5786
f 11452 11521 4080
f 1279 8590 10294
f 2075 10294 12202
f 11452 1393 2827
f 11452 4080 1393
f 2075 573 10294
f 1246 2827 1393
f 1324 5205 2827
f 573 5771 10294
f 10294 5771 1279
f 2827 1246 1324
f 4863 484 5205
f 573 2075 11003
f 5205 1324 4863
f 6248 9935 12407
f 388 4863 1324
f 4910 4863 388
f 4863 4910 6248
f 6563 11003 9935
f 11003 10009 573
f 9935 6248 5971
f 9935 5971 6563
f 6563 10009 11003
f 6248 4910 5971
f 10009 1831 573
f 5771 573 1831
f 5971 4910 1033
f 1831 10009 9837
f 10009 6563 9837
f 5971 1033 5383
f 5971 5383 6563
f 6563 5383 9837
f 1654 6595 2375
f 4264 3234 6000
f 4264 8217 3234
f 11042 1882 5588
f 5588 946 11042
f 11042 946 2375
f 2375 946 1654
f 1540 2325 5421
f 9268 5377 1540
f 9616 8217 12355
f 141 9616 12355
f 9237 5059 4031
f 9237 10530 5059
f 4031 12072 9237
f 2724 141 1535
f 4391 5059 10505
f 8408 7047 209
f 4391 1873 8487
f 4391 5705 1873
f 5705 1805 1873
f 10688 7047 8408
f 134 1100 1805
f 134 5705 11732
f 134 1805 5705
f 570 1100 134
f 1100 570 7236
f 9474 10688 6146
f 5786 7236 570
f 4334 9474 6146
f 10688 9474 980
f 570 6284 5786
f 10371 5786 6284
f 4080 5786 10371
f 980 9474 10020
f 9474 4334 10020
f 4080 10371 9758
f 9758 1393 4080
f 10020 4334 5352
f 9758 1246 1393
f 1109 1324 1246
f 5771 5352 1279
f 1279 5352 4334
f 9758 7549 1246
f 1324 10473 388
f 1109 10473 1324
f 5352 5771 2265
f 388 523 4910
f 388 10473 523
f 1831 2265 5771
f 768 4910 523
f 4910 7642 1033
f 4910 768 7642
f 1831 9837 5249
f 5383 1033 10277
f 5383 584 9837
f 7642 6471 1033
f 1033 6471 10277
f 11788 2436 5489
f 4907 6572 854
f 11788 11075 2436
f 10775 2375 6595
f 10775 6595 11626
f 11626 6595 6706
f 5377 9268 2347
f 2347 9268 1882
f 2440 2325 1540
f 12072 2325 9237
f 10327 9616 141
f 2724 12178 141
f 12178 10327 141
f 9532 10505 5059
f 209 2724 8408
f 4391 7455 5705
f 5705 8773 11732
f 570 134 11732
f 471 7047 10688
f 980 471 10688
f 11732 5473 570
f 6284 5473 1940
f 570 5473 6284
f 1940 2284 6284
f 6284 2284 10371
f 10017 980 10020
f 10371 2284 133
f 9758 10371 133
f 5352 10017 10020
f 1246 7549 1109
f 5028 5352 2265
f 12106 10473 1109
f 10473 768 523
f 9466 768 10473
f 1831 5249 2265
f 5249 5028 2265
f 10277 584 5383
f 9837 584 5249
f 768 11302 7642
f 7642 11302 6471
f 10157 1597 4907
f 4907 1597 12349
f 3138 1597 10157
f 6595 6572 6706
f 4907 854 10157
f 10157 854 11075
f 10157 11075 11788
f 10157 11788 3138
f 3138 11788 5489
f 3138 5489 6616
f 6616 5489 2856
f 2856 7094 6616
f 7094 2856 6000
f 7094 6000 4116
f 3234 4116 6000
f 1882 11042 10595
f 10595 11042 2375
f 10595 2375 6466
f 6466 2375 10775
f 9616 548 8217
f 9616 10327 8870
f 9237 2325 2440
f 10327 12178 9594
f 9532 5059 10530
f 1714 12178 2724
f 7455 4391 10505
f 7455 8773 5705
f 10242 209 7047
f 10242 7047 471
f 10565 5473 11732
f 7195 471 980
f 7195 980 4100
f 10017 4100 980
f 6727 9758 133
f 9758 6727 7549
f 5352 5028 10017
f 7587 1109 7549
f 7587 12106 1109
f 9466 10473 12106
f 5249 9833 5028
f 584 9226 5249
f 768 9466 11302
f 10277 7813 584
f 11450 12349 7009
f 7009 12349 12099
f 12099 10838 617
f 6706 6572 4907
f 6706 4907 5733
f 5733 4907 11450
f 11450 4907 12349
f 12349 1597 12099
f 12099 1597 3138
f 12099 3138 10838
f 10838 3138 6616
f 3234 11171 4116
f 10595 6031 5641
f 6031 10595 6466
f 8217 12345 3234
f 1540 5377 2440
f 8870 548 9616
f 8870 10327 5334
f 3859 10530 2440
f 2440 10530 9237
f 3859 11140 10530
f 9532 10530 11140
f 209 84 1714
f 209 1714 2724
f 10242 84 209
f 7455 3930 8773
f 11732 8773 7888
f 10565 11732 7888
f 4711 471 7195
f 1940 5473 4559
f 2284 1940 8851
f 8851 3925 2284
f 133 3925 6727
f 6727 7587 7549
f 5028 10383 10017
f 9833 10383 5028
f 1247 12106 7587
f 1247 9466 12106
f 9226 9833 5249
f 11227 4366 584
f 584 7813 11227
f 7009 12099 617
f 10606 11450 7009
f 2789 6706 5733
f 10606 5733 11450
f 3402 11087 10838
f 10775 11626 2789
f 2789 11626 6706
f 6616 3402 10838
f 3402 6616 7094
f 12027 7094 4116
f 4116 11171 12027
f 5641 1882 10595
f 548 12345 8217
f 548 8870 11940
f 5334 11940 8870
f 7455 10505 9532
f 12178 1714 1834
f 1714 84 1834
f 3930 7455 7156
f 758 84 10242
f 84 758 5759
f 2494 8773 3930
f 7888 8773 2494
f 471 4711 10242
f 10565 1407 5473
f 4559 5473 1407
f 5580 1940 4559
f 1940 5580 8851
f 3925 133 2284
f 10383 4100 10017
f 3925 2385 1623
f 6727 3925 1623
f 1623 7587 6727
f 7587 1623 1294
f 1294 2177 7587
f 2177 1247 7587
f 9226 1927 9833
f 8279 9466 1247
f 11302 9466 8279
f 584 4366 9226
f 4366 7653 9226
f 11302 8279 5027
f 11302 5027 5143
f 4046 6471 11302
f 4046 11302 5143
f 4046 10277 6471
f 211 7813 10277
f 211 10277 4046
f 211 4915 7813
f 7813 4915 11227
f 11227 4915 4366
f 10852 7009 617
f 10852 617 3129
f 3129 10838 4646
f 3129 617 10838
f 2789 5733 10606
f 6466 10775 7368
f 7368 10775 2789
f 7094 12027 3402
f 11171 12345 11168
f 3234 12345 11171
f 2347 1882 5641
f 6752 12345 548
f 5599 5377 2347
f 11940 6752 548
f 2440 5377 11561
f 1834 9594 12178
f 9532 7156 7455
f 1834 84 5759
f 4711 758 10242
f 8851 8977 3925
f 10383 2241 4100
f 8977 2385 3925
f 10383 9833 1927
f 8279 1247 2177
f 1927 9226 7653
f 10606 7009 9464
f 9464 7009 10852
f 4646 6159 3129
f 3055 10606 9464
f 4646 10838 11087
f 2789 10606 3055
f 12027 11087 3402
f 11948 6466 7368
f 6466 11948 6031
f 2347 2314 5599
f 2314 2347 5641
f 2887 11561 5377
f 2887 5377 5599
f 2440 11561 3859
f 3859 10173 12374
f 5334 10327 9453
f 12374 11140 3859
f 10327 9594 9453
f 8644 9453 9594
f 9532 11140 1220
f 9532 1220 7156
f 9594 1834 8644
f 4325 2494 3930
f 8768 10565 7888
f 2241 4711 7195
f 4100 2241 7195
f 1407 3113 4559
f 4559 3113 5580
f 1294 1623 2385
f 1927 6439 10383
f 1294 1688 2177
f 3322 5027 8279
f 4366 2474 7653
f 211 4046 5143
f 3055 9464 6148
f 7368 2789 3055
f 9989 4646 11087
f 12027 9989 11087
f 11171 3558 12027
f 3558 11171 11168
f 12345 10475 11168
f 12345 6752 10475
f 6752 11940 10400
f 2953 10400 11940
f 3859 11561 10173
f 2953 11940 5334
f 1220 11140 12374
f 8644 1834 5911
f 1834 325 5911
f 9635 3930 7156
f 5759 325 1834
f 9635 4325 3930
f 758 5299 5759
f 5404 758 4711
f 4711 2241 5404
f 2241 1877 5404
f 8851 5580 6824
f 8977 6221 2385
f 2385 8584 1294
f 8279 2177 1688
f 8279 1688 3322
f 10868 211 5143
f 10852 8941 9464
f 3129 8941 10852
f 6159 5264 3129
f 3055 11948 7368
f 3055 6148 11948
f 4646 9989 3558
f 12027 3558 9989
f 483 6031 11948
f 12352 6031 483
f 3558 11168 2710
f 5641 12352 2314
f 5641 6031 12352
f 10475 6752 919
f 10173 11561 7557
f 9217 2953 5334
f 5334 9453 952
f 9453 8644 952
f 952 8644 11426
f 8644 5911 11426
f 4325 10181 2494
f 5759 5299 3319
f 8768 7888 10181
f 5299 758 5404
f 10581 1407 10565
f 6824 6221 8977
f 8851 6824 8977
f 4001 1877 2241
f 10383 4001 2241
f 6221 8584 2385
f 5662 1927 7653
f 7653 2474 5662
f 5143 9462 10868
f 4915 2474 4366
f 10868 4666 211
f 4666 4915 211
f 8941 1139 9464
f 5264 8941 3129
f 3558 6536 4646
f 3120 12352 483
f 2710 11168 10475
f 3248 5599 2314
f 12374 10173 11379
f 12374 11379 3575
f 5334 952 9217
f 9217 952 6442
f 3575 1220 12374
f 10345 7156 1220
f 7156 10345 9635
f 9331 4325 9635
f 10181 7888 2494
f 3113 1407 10581
f 3113 10581 827
f 827 6824 3113
f 6824 5580 3113
f 10383 6439 4001
f 1688 1294 2664
f 6439 1927 11752
f 1927 5662 11752
f 1688 5920 3322
f 5920 5027 3322
f 5920 2512 5027
f 5027 2512 5143
f 2512 9462 5143
f 659 5224 4915
f 4915 5224 2474
f 5756 4666 10868
f 4666 659 4915
f 11835 6148 2778
f 11948 6148 11835
f 4646 6536 6159
f 5832 6536 3558
f 10475 919 2710
f 3248 2314 12352
f 5599 5780 2887
f 5599 3248 5780
f 919 6752 10400
f 7557 11561 2887
f 4369 1220 3575
f 4369 10345 1220
f 11426 6442 952
f 2018 9635 10345
f 6865 10181 4325
f 4845 325 5759
f 3319 4845 5759
f 4674 3319 5299
f 5299 5404 4674
f 10581 10565 8768
f 7917 827 10581
f 6824 827 7420
f 7571 6221 6824
f 2593 4001 6439
f 10722 8584 6221
f 2593 6439 6566
f 6566 6439 11752
f 5224 10977 2474
f 2778 6148 9464
f 9769 4700 5832
f 3558 9769 5832
f 2710 9769 3558
f 919 9769 2710
f 3120 3248 12352
f 2887 5780 7557
f 8044 10173 7557
f 6442 6504 9217
f 505 4369 3575
f 3575 11379 505
f 10345 4369 3390
f 6442 11426 7298
f 9635 2018 9331
f 10714 7298 11426
f 11426 1330 10714
f 1330 11426 5911
f 1330 5911 325
f 4845 3319 4674
f 4719 4674 5404
f 8768 10181 8648
f 8648 10581 8768
f 4001 2593 1877
f 7571 1231 6221
f 1294 8584 2664
f 11752 5662 8366
f 11673 5920 1688
f 2474 10977 8366
f 2474 8366 5662
f 5724 2512 5920
f 9462 5756 10868
f 659 4666 975
f 9464 591 2778
f 591 9464 1139
f 8229 1139 8941
f 6159 9473 5264
f 11948 11835 483
f 5780 3248 7526
f 6505 7557 5780
f 9217 1931 2953
f 1931 10400 2953
f 10173 8044 11379
f 6442 7298 6504
f 6865 4325 9331
f 325 4845 1330
f 1330 4845 10086
f 10181 6865 1420
f 4845 4661 10086
f 4845 4674 4661
f 8648 7917 10581
f 10960 5404 1877
f 4457 10960 1877
f 1877 2593 4457
f 7420 7571 6824
f 7571 5590 1231
f 6221 1231 10722
f 12302 2593 6566
f 11752 8366 6566
f 2512 5724 2840
f 2840 9462 2512
f 975 5224 659
f 2840 5928 9462
f 5928 5756 9462
f 591 1139 8229
f 5264 8229 8941
f 483 11835 4935
f 11736 9473 6159
f 11736 6159 6536
f 4501 11736 6536
f 6536 5832 4501
f 5832 4700 1165
f 10635 1165 4700
f 3705 3248 3120
f 9769 919 9999
f 3366 9999 919
f 5780 7526 6505
f 3366 919 10400
f 10400 1931 3366
f 9217 6504 1931
f 6775 3390 4369
f 6775 4369 505
f 10345 3390 5448
f 5448 2018 10345
f 2018 5448 879
f 9331 2018 879
f 879 2391 9331
f 2391 6865 9331
f 6865 2391 4318
f 7036 1330 10086
f 10102 4661 987
f 10086 4661 10102
f 4674 606 4661
f 606 1963 4661
f 4661 1963 987
f 8648 10181 1420
f 4719 6424 4674
f 4674 6424 606
f 10960 4719 5404
f 7420 827 7917
f 10960 4457 9212
f 6566 3860 12302
f 8584 10722 7343
f 8584 7343 1792
f 8366 3860 6566
f 1792 2664 8584
f 8138 9189 10977
f 5224 8138 10977
f 11673 5724 5920
f 8138 5224 975
f 4666 10247 975
f 4666 5756 10247
f 2897 591 8229
f 2897 12311 591
f 6623 4935 10569
f 3120 483 6623
f 6623 483 4935
f 1977 1165 10635
f 6623 3705 3120
f 4700 9769 6137
f 9999 6137 9769
f 3248 3705 7526
f 6505 8044 7557
f 1931 5367 3366
f 796 11379 8044
f 796 505 11379
f 3390 5071 5448
f 1330 7036 10714
f 10086 10102 7036
f 1181 10102 987
f 4318 9975 1420
f 6865 4318 1420
f 606 6424 1963
f 1420 5176 8648
f 5176 7917 8648
f 8574 7420 7917
f 1153 9212 4457
f 7420 6738 7571
f 2593 12302 4457
f 7571 6738 5590
f 10977 9189 8366
f 2664 6040 11673
f 2664 11673 1688
f 5724 11397 2840
f 5928 2840 11397
f 6414 11398 5756
f 1895 5756 11398
f 1895 10247 5756
f 975 10247 5729
f 5928 6414 5756
f 9473 2897 8229
f 6946 2778 4329
f 4329 2778 12311
f 12311 2778 591
f 9473 8229 5264
f 6946 11835 2778
f 6946 4935 11835
f 10569 4935 6946
f 5832 1165 4501
f 8204 6623 10569
f 3705 6623 4984
f 10635 4700 7208
f 6137 7208 4700
f 3366 5367 9999
f 6505 7526 10992
f 5571 5367 1931
f 505 796 4874
f 3049 5571 1931
f 3049 1931 6504
f 4543 6504 7298
f 4543 7298 465
f 5071 11730 5448
f 5448 11730 879
f 7298 10714 465
f 8316 879 11730
f 2391 879 8316
f 6473 10714 7036
f 10102 1181 7036
f 4318 10822 9975
f 9975 5176 1420
f 1963 6424 65
f 9042 5176 9975
f 8022 6424 4719
f 65 8022 9894
f 65 6424 8022
f 8574 5176 9042
f 8574 7917 5176
f 10960 8022 4719
f 9212 8022 10960
f 4313 9212 1153
f 8574 6738 7420
f 12302 1153 4457
f 5590 10934 1231
f 9101 1153 12302
f 3843 1153 9101
f 10934 10722 1231
f 10934 7343 10722
f 3860 9101 12302
f 3843 9101 11514
f 11514 9101 3860
f 8366 4695 3860
f 7418 3860 4695
f 11514 3860 7418
f 1792 6040 2664
f 9189 4695 8366
f 12136 4695 9189
f 7418 4695 12136
f 6040 6325 11673
f 8138 5233 9189
f 5233 12136 9189
f 975 5729 8138
f 5729 5233 8138
f 5724 11673 12068
f 12068 1956 11397
f 5724 12068 11397
f 9874 5928 11397
f 6414 5928 9874
f 11397 1956 9874
f 9874 2637 6414
f 6414 2637 8097
f 6414 8097 11398
f 12311 2897 11471
f 12311 11471 2614
f 4329 12311 2614
f 4276 2897 9473
f 4329 1571 6260
f 6260 6946 4329
f 11736 4276 9473
f 10569 6946 6260
f 8204 10569 6260
f 1165 1977 4501
f 4984 6623 8204
f 7526 3705 4984
f 10635 7208 1977
f 7208 3766 1977
f 8221 7208 6137
f 9999 8221 6137
f 6505 10992 8044
f 4874 9810 505
f 7884 6775 505
f 465 10714 6473
f 7725 8316 11730
f 10822 4318 2391
f 8316 10822 2391
f 1181 8328 7036
f 8316 11125 10822
f 5018 1181 987
f 11125 552 10822
f 552 9975 10822
f 1963 65 4397
f 65 628 4397
f 552 9042 9975
f 628 65 9894
f 10937 9894 8022
f 10560 8574 9042
f 4313 8022 9212
f 10937 8022 4313
f 10560 6738 8574
f 3843 4313 1153
f 11175 6738 10560
f 11175 5590 6738
f 11175 10934 5590
f 6456 3843 8005
f 3843 11514 8005
f 10934 11671 7343
f 8005 11514 7418
f 8005 7418 7302
f 223 7418 12136
f 10514 11673 6325
f 223 12136 5233
f 7418 223 7302
f 10514 12068 11673
f 223 5233 10740
f 5233 27 10740
f 5233 5729 27
f 27 10247 1895
f 10247 27 5729
f 9874 5957 2637
f 11398 8097 1895
f 2492 2614 11471
f 2492 1101 2614
f 10662 2492 11471
f 10662 11471 2897
f 10662 2897 4029
f 4276 4029 2897
f 1571 1101 3260
f 1571 2614 1101
f 2614 1571 4329
f 6881 10662 4029
f 3260 2308 1571
f 2308 6260 1571
f 4029 4276 2060
f 11736 3196 4276
f 8204 6260 2308
f 2060 4276 3196
f 4501 3196 11736
f 6881 4029 2060
f 11255 3196 4501
f 1977 11255 4501
f 9232 4984 8204
f 6881 2060 2057
f 4632 3766 7208
f 3795 7526 4984
f 9559 4632 7208
f 7208 8221 9559
f 3795 10992 7526
f 6997 9559 8221
f 9999 6997 8221
f 6997 9999 6668
f 5367 6668 9999
f 8044 10992 796
f 3049 6691 5571
f 6504 4543 3049
f 2759 3390 6775
f 7884 505 9810
f 3390 2759 5071
f 8328 6473 7036
f 7725 10663 8316
f 10663 11125 8316
f 4825 5691 7725
f 10663 7725 5691
f 10663 533 11125
f 533 8340 11125
f 1963 5018 987
f 8340 552 11125
f 1963 4397 5018
f 9042 552 8340
f 9042 8340 661
f 1297 628 9894
f 1297 9894 10937
f 8376 9042 661
f 8376 10560 9042
f 11304 10937 4313
f 8376 11460 10560
f 10560 11460 11175
f 4313 6456 11304
f 4313 3843 6456
f 11460 7054 11175
f 7054 7395 11175
f 11175 7395 10934
f 6456 1471 6735
f 7395 11671 10934
f 1471 6456 8005
f 4637 1471 8005
f 10168 1792 7343
f 10168 6040 1792
f 4637 7302 9925
f 4637 8005 7302
f 11735 223 10740
f 7302 223 11735
f 3220 10514 6325
f 3220 12068 10514
f 12068 3220 10246
f 10246 1956 12068
f 9835 27 1895
f 10740 27 12216
f 10740 12216 11735
f 5957 9874 1956
f 8097 9835 1895
f 27 9835 12216
f 5957 6673 2637
f 2637 6673 8097
f 4349 9783 3260
f 1828 4349 3260
f 1101 1828 3260
f 1655 1828 1101
f 1655 1101 2492
f 9783 10451 3260
f 10451 2308 3260
f 916 1655 2492
f 6881 2492 10662
f 916 2492 6881
f 10451 8204 2308
f 916 6881 5631
f 1152 3196 11255
f 9232 8204 10451
f 10889 916 5631
f 3196 1152 2060
f 3766 11255 1977
f 3766 1152 11255
f 1152 355 2060
f 3795 4984 9232
f 355 2057 2060
f 355 3766 9375
f 1152 3766 355
f 2057 5631 6881
f 2057 355 2910
f 8455 4632 9559
f 541 5631 2057
f 5635 2057 2910
f 541 2057 5635
f 10756 6668 5367
f 796 10992 7364
f 796 7364 7316
f 7316 4874 796
f 11150 6691 3049
f 4543 11150 3049
f 4543 465 11150
f 6775 7884 2759
f 9411 11730 5071
f 5071 2759 11991
f 9411 7725 11730
f 6473 8328 866
f 11218 7725 9411
f 11218 4825 7725
f 5018 9613 1181
f 503 4397 628
f 1297 5927 628
f 9499 661 8340
f 11304 1297 10937
f 5927 1297 11304
f 8622 661 3448
f 8622 8376 661
f 8622 11460 8376
f 8622 7054 11460
f 599 11304 6456
f 6735 599 6456
f 6735 1471 4637
f 6735 4637 7515
f 7343 11671 10168
f 4637 9925 7515
f 10026 6040 10168
f 10026 10567 6325
f 6040 10026 6325
f 10567 3220 6325
f 7302 11735 9925
f 12216 8309 11735
f 7911 12216 9835
f 6130 5957 1956
f 9889 8097 6673
f 9889 9835 8097
f 6673 5957 1838
f 9835 9889 7911
f 10900 4349 1655
f 1828 1655 4349
f 4349 10900 9783
f 9783 10900 1928
f 4157 10900 1655
f 3059 8380 9783
f 8380 10451 9783
f 3082 1928 10900
f 8380 9232 10451
f 10889 1655 916
f 10889 4157 1655
f 1120 9232 8380
f 966 10900 4157
f 4632 9375 3766
f 9375 10366 355
f 8455 9375 4632
f 10366 2910 355
f 9375 8455 926
f 11006 8455 9559
f 7364 10992 3647
f 4697 4157 10889
f 10630 10889 5631
f 2910 8667 5635
f 2910 10366 8667
f 10366 9375 926
f 6665 11006 9559
f 6997 6665 9559
f 5635 8667 541
f 8667 10366 12207
f 6665 6997 6668
f 4697 10889 10630
f 10630 5631 2956
f 2956 5631 541
f 5351 8667 12207
f 2956 541 11895
f 11895 541 5351
f 5351 541 8667
f 5571 10756 5367
f 10646 5351 12207
f 6691 10756 5571
f 11895 5351 10646
f 10192 2956 11895
f 7490 6691 11150
f 434 6081 9810
f 434 9810 4874
f 11150 465 3849
f 7884 6081 6917
f 9810 6081 7884
f 3429 9732 465
f 6917 2759 7884
f 6473 3429 465
f 5827 5071 11991
f 5071 5827 9411
f 5827 11218 9411
f 1181 3856 8328
f 5018 2052 9613
f 174 5691 4825
f 533 10663 7914
f 10663 5691 7914
f 7914 5691 174
f 4397 503 5018
f 2052 5018 503
f 533 7914 4761
f 6165 503 628
f 6165 628 5927
f 5177 6165 5927
f 9499 3448 661
f 5419 7054 8622
f 5419 7395 7054
f 11671 3974 10168
f 685 9925 11735
f 4727 10246 3220
f 1956 10246 6130
f 6761 5957 6130
f 6673 1838 9889
f 8727 7911 9889
f 6761 1838 5957
f 1838 3881 9889
f 9783 1928 3059
f 3059 5323 8380
f 8380 5323 1120
f 966 3082 10900
f 3082 966 6907
f 2383 3795 1120
f 3795 9232 1120
f 3647 10992 3795
f 8455 3189 926
f 11006 3189 8455
f 4697 11722 4157
f 11722 966 4157
f 11722 4478 966
f 10366 926 6222
f 2359 2162 6665
f 2162 11006 6665
f 7498 7316 7364
f 6222 3189 5087
f 926 3189 6222
f 11722 2805 4478
f 10366 6222 12207
f 1315 4874 7316
f 11722 4697 4469
f 10646 12207 32
f 32 12207 6222
f 2756 4697 10630
f 2956 2756 10630
f 11895 10646 10192
f 10646 32 692
f 1315 434 4874
f 4469 4697 2756
f 3849 7490 11150
f 5396 2956 10192
f 2756 2956 5396
f 3695 10192 10646
f 3695 10646 692
f 5396 10192 8625
f 8625 10192 3695
f 9732 3849 465
f 6473 866 3429
f 2759 6917 11991
f 3856 1181 9613
f 11653 4825 11218
f 174 4825 11653
f 174 4761 7914
f 2052 503 10571
f 533 4761 5910
f 503 5177 10571
f 5177 503 6165
f 7194 5177 5927
f 5362 7194 5927
f 599 5362 11304
f 5362 5927 11304
f 5362 599 4925
f 4925 599 6735
f 7395 9184 11671
f 9184 3974 11671
f 10168 3974 1351
f 10168 1351 10026
f 1351 3178 10026
f 10567 10026 3178
f 5661 3220 10567
f 5661 4727 3220
f 11735 1480 685
f 8309 1480 11735
f 9631 6130 10246
f 8727 9889 3881
f 1838 2577 3881
f 5323 3059 2868
f 1928 2868 3059
f 1928 3082 2868
f 3647 3795 2383
f 4503 6907 966
f 8165 3189 11006
f 2162 8165 11006
f 4478 4503 966
f 8165 5087 3189
f 561 8165 2162
f 6665 12038 2359
f 6668 12038 6665
f 10756 12038 6668
f 7333 4503 4478
f 4478 2805 7333
f 6222 5087 6742
f 4469 2805 11722
f 6222 6742 32
f 5640 6742 5087
f 5640 5087 8165
f 6820 692 32
f 32 6742 6820
f 5258 3849 9732
f 7490 3849 5258
f 4469 6534 2805
f 1648 4469 2756
f 2756 5396 1648
f 4521 3695 692
f 6534 4469 1648
f 3640 6534 1648
f 3695 4521 1868
f 5396 8625 9400
f 9400 8625 3695
f 9400 3695 1868
f 4288 11991 6917
f 4288 5827 11991
f 866 8328 5679
f 8328 3856 5679
f 5827 11653 11218
f 9613 5679 3856
f 9613 6813 5679
f 9613 645 6813
f 11653 860 174
f 9613 2052 645
f 9505 645 2052
f 10571 9505 2052
f 5910 8340 533
f 5177 6102 10571
f 5177 7194 9711
f 6102 5177 9711
f 9711 7194 7131
f 8622 3448 2850
f 5362 7131 7194
f 5362 920 7131
f 920 5362 4925
f 6735 7271 4925
f 3178 5661 10567
f 4449 4727 5661
f 9631 10246 4727
f 12216 7911 8309
f 4727 323 9631
f 9631 6761 6130
f 1838 6761 2577
f 10730 3647 2383
f 4503 201 6907
f 7364 3647 10730
f 7364 10730 7498
f 2162 2359 561
f 7251 8165 561
f 10756 4724 12038
f 4503 3556 201
f 7559 5640 8165
f 5258 6691 7490
f 5640 6820 6742
f 6081 434 2920
f 7333 3556 4503
f 6820 851 692
f 6820 5640 5372
f 1913 9732 4840
f 2920 6917 6081
f 7333 6619 3556
f 6619 7333 6534
f 6534 7333 2805
f 851 6820 5372
f 3429 4840 9732
f 692 851 4521
f 851 6265 4521
f 3429 866 4840
f 1829 4288 6917
f 6534 3640 9358
f 4840 866 10718
f 5396 12431 1648
f 12431 3640 1648
f 12431 5396 9400
f 1868 4521 11035
f 11833 5827 4288
f 6993 5827 11833
f 10718 866 5679
f 10718 5679 2368
f 6993 11623 11653
f 6993 11653 5827
f 2368 5679 6813
f 6953 2368 6813
f 8722 6953 6813
f 11653 11623 860
f 645 5356 6813
f 6813 5356 8722
f 9505 5356 645
f 9505 5114 5356
f 5356 5114 2123
f 8722 5356 2123
f 2123 5114 4206
f 10571 5114 9505
f 8340 5910 5253
f 10571 6102 5114
f 4206 5114 6102
f 9499 8340 5253
f 9499 5253 3813
f 6102 9711 1694
f 9499 3813 3448
f 3813 2850 3448
f 9711 7131 4307
f 9711 4307 1694
f 2850 5419 8622
f 4307 7131 2144
f 920 2144 7131
f 920 1116 2144
f 7271 920 4925
f 920 7271 1116
f 6735 7515 7271
f 7271 7515 826
f 9925 826 7515
f 9925 830 826
f 9925 685 1480
f 3331 1480 8309
f 4449 323 4727
f 8727 8309 7911
f 2270 8309 8727
f 3331 8309 2270
f 2577 5110 3881
f 1120 5323 10768
f 7702 10768 5323
f 2868 7702 5323
f 10768 2383 1120
f 3082 7702 2868
f 3082 6907 7702
f 6907 201 1028
f 1607 2359 12038
f 1607 561 2359
f 7251 7559 8165
f 6691 4509 10756
f 1938 4443 5258
f 9732 1938 5258
f 1938 9732 1913
f 5640 7559 5372
f 7559 10054 5372
f 6917 2920 1829
f 6619 4581 3556
f 1913 4840 11716
f 1432 3556 4581
f 851 123 6265
f 123 851 5372
f 11716 4840 10718
f 6534 9358 6619
f 9455 9358 3640
f 6265 11035 4521
f 11716 10718 9891
f 9455 3640 12431
f 10718 2368 9891
f 9508 9400 1868
f 9891 2368 6953
f 9891 6953 10954
f 860 11623 5569
f 6953 8722 2810
f 4761 174 5569
f 5569 174 860
f 8722 2123 2810
f 2123 4206 2655
f 6102 4664 4206
f 4664 6102 1694
f 5419 2030 7395
f 2144 1116 5643
f 1116 1973 5643
f 7395 2030 9184
f 1368 1973 1116
f 1116 7271 1368
f 826 4218 7271
f 1368 4218 5062
f 1368 7271 4218
f 1368 5062 1973
f 9184 6378 3974
f 1234 826 830
f 826 1234 4218
f 6378 8367 1351
f 3974 6378 1351
f 830 9925 1480
f 3178 1351 8367
f 830 7841 1234
f 8105 3178 8367
f 830 1480 581
f 581 1480 3331
f 323 7128 9631
f 9533 8727 3881
f 9533 3881 5110
f 2270 8727 9533
f 9631 7128 6761
f 9533 5110 3439
f 7702 10772 10768
f 7702 7092 10772
f 7702 1028 7092
f 1028 7702 6907
f 201 7889 1028
f 8437 7316 7498
f 10756 4509 4724
f 9959 7559 7251
f 8437 1315 7316
f 3556 7889 201
f 5258 4509 6691
f 4443 4509 5258
f 1315 6402 434
f 6402 2920 434
f 9959 5126 7559
f 1432 7889 3556
f 1913 4627 1938
f 8231 1913 11716
f 1829 11833 4288
f 4581 5370 1432
f 6619 7858 4581
f 11716 9891 2374
f 7858 6619 9358
f 1049 11623 6993
f 1808 9358 9455
f 12431 7685 9455
f 9400 9508 12431
f 2374 9891 10954
f 10954 1888 2374
f 8874 1888 10954
f 7685 12431 9508
f 9508 1868 11035
f 6953 2107 10954
f 10954 2107 8874
f 2810 2107 6953
f 5569 11623 4649
f 5569 11267 4761
f 5910 4761 11267
f 2123 3459 2810
f 3459 2123 2655
f 4664 2655 4206
f 2655 4664 11923
f 1694 4958 4664
f 4664 4958 11923
f 1694 2011 4958
f 1694 4307 2011
f 2850 2030 5419
f 4307 8904 2011
f 5643 4307 2144
f 8904 4307 5643
f 5643 5497 8904
f 5555 9184 2030
f 5497 5643 1973
f 5555 9451 9184
f 9451 6378 9184
f 1973 11188 5497
f 1973 5062 11188
f 5528 5062 4218
f 1234 5528 4218
f 5528 1062 5062
f 1234 7841 5528
f 7841 808 5528
f 5528 808 1062
f 7841 9522 808
f 8105 5661 3178
f 2088 5661 8105
f 830 581 7841
f 7841 581 9522
f 2088 4449 5661
f 3331 9936 581
f 581 9936 9522
f 2994 323 4449
f 2270 9936 3331
f 7097 9533 3439
f 7097 2270 9533
f 8210 2270 7097
f 9936 2270 8210
f 2001 6761 7128
f 6761 2001 2577
f 2577 9527 5110
f 5110 9527 3439
f 2383 10768 9507
f 9538 9507 10768
f 10768 10772 9538
f 2383 9507 10730
f 7483 7498 10730
f 8437 7498 7483
f 7889 6719 1028
f 1607 8055 561
f 8055 7251 561
f 7251 8055 5209
f 5683 12038 4724
f 5683 1607 12038
f 12161 1315 8437
f 12161 6402 1315
f 4627 4443 1938
f 4627 1913 8231
f 1829 2920 5994
f 7559 5126 10054
f 8231 11716 1602
f 6890 1602 11716
f 11541 1602 6890
f 5372 10054 2447
f 5372 2447 123
f 2374 6890 11716
f 11541 6890 8762
f 6890 2374 8762
f 9358 1808 7858
f 8762 2374 1888
f 6265 838 11035
f 123 838 6265
f 1888 18 8762
f 6057 18 1888
f 9455 11330 1808
f 7685 11330 9455
f 11035 1377 9508
f 8874 6057 1888
f 11623 1049 11714
f 9508 3321 7685
f 7724 1377 11035
f 7724 11035 838
f 2107 10248 8874
f 3321 9508 1377
f 11714 4649 11623
f 10248 2107 8607
f 8607 2107 2810
f 10248 8607 10454
f 3459 8607 2810
f 5910 794 5253
f 10454 8607 3459
f 3459 2655 1012
f 5945 2850 3813
f 2655 11923 1012
f 11923 8024 1012
f 8024 11923 4958
f 2850 9258 2030
f 9258 5555 2030
f 2011 8766 4958
f 9451 5555 3651
f 2619 8904 5497
f 8904 2619 2011
f 2011 2619 8766
f 9451 10807 6378
f 5497 11188 2619
f 6378 10807 8367
f 1062 11836 5062
f 5062 11836 11188
f 11219 1062 808
f 8367 3160 8105
f 1062 11219 11836
f 3160 2088 8105
f 9522 12135 808
f 808 12135 11219
f 9522 10866 12135
f 2994 4449 2088
f 10866 9522 9936
f 2994 5943 323
f 323 5943 3989
f 10866 9936 2163
f 3989 7128 323
f 9936 2271 2163
f 7128 3989 1978
f 7128 1978 2001
f 2577 2234 9527
f 9527 2015 3439
f 11656 7483 9507
f 7483 10730 9507
f 4498 8437 7483
f 6719 7092 1028
f 4498 4750 8437
f 4750 12161 8437
f 8055 5683 3759
f 1607 5683 8055
f 4724 9962 5683
f 9962 3759 5683
f 5209 8055 5241
f 4509 9962 4724
f 10897 9962 4509
f 4443 10897 4509
f 194 4443 4627
f 194 10897 4443
f 9959 7251 5209
f 6402 5994 2920
f 9959 4112 5126
f 5595 5126 4112
f 1432 10006 7889
f 11754 10006 1432
f 11754 8051 10006
f 5370 11754 1432
f 10054 7833 2447
f 1049 6993 11833
f 4581 6419 5370
f 7858 6419 4581
f 123 1255 838
f 11330 7339 1808
f 838 3307 7724
f 838 1255 3307
f 7685 7667 11330
f 3321 7667 7685
f 7339 11330 7667
f 1377 7724 3307
f 10248 2345 11841
f 11267 5569 4649
f 11498 3321 1377
f 10248 10454 2345
f 11267 794 5910
f 3459 1012 10454
f 4204 8024 4958
f 9258 3651 5555
f 8766 4204 4958
f 8766 9573 4204
f 3651 11775 9451
f 11775 10807 9451
f 9573 8766 8915
f 2619 8915 8766
f 2619 4338 8915
f 11188 4338 2619
f 11836 11588 11188
f 11188 11588 4338
f 11836 2704 11588
f 10807 3552 8367
f 3552 3160 8367
f 11836 6255 2704
f 12135 5984 11219
f 11219 6255 11836
f 10866 9163 12135
f 12135 9163 5984
f 3160 10746 2088
f 10746 2994 2088
f 10866 2163 9163
f 9602 2994 10746
f 2994 9602 5943
f 6925 8210 7097
f 2271 9936 8210
f 2271 8210 6925
f 2234 2577 2001
f 5943 4619 3989
f 3519 3439 2015
f 3439 3519 7097
f 7483 11656 4498
f 9538 11656 9507
f 11656 9538 1643
f 11523 1643 9538
f 10772 11523 9538
f 7092 11523 10772
f 6719 11523 7092
f 5241 8055 3759
f 3759 3609 5241
f 7129 5209 5241
f 10006 6719 7889
f 4112 9959 5209
f 5209 2912 4112
f 8231 5696 4627
f 5994 6618 1829
f 11541 5696 1602
f 1602 5696 8231
f 6618 11833 1829
f 8051 2558 10006
f 5126 5595 10054
f 5595 7833 10054
f 11833 5339 1049
f 18 7134 8762
f 6419 9940 5370
f 2447 1255 123
f 6057 6144 18
f 1808 6419 7858
f 10248 11841 8874
f 11841 6057 8874
f 7339 6419 1808
f 3321 3782 7667
f 11498 3782 3321
f 1377 4586 11498
f 1377 3307 4586
f 7339 7667 2051
f 2051 7667 3782
f 3782 11498 7401
f 7401 11498 4586
f 4626 2345 10454
f 2340 3813 5253
f 2340 5945 3813
f 10454 1012 10344
f 5945 9258 2850
f 8024 10344 1012
f 8024 8149 10344
f 4204 8149 8024
f 10344 8149 2281
f 8149 10204 1327
f 8149 4204 10204
f 9573 10204 4204
f 11775 3651 11799
f 10204 9573 8632
f 8632 9573 8915
f 11910 8915 4338
f 11775 3884 10807
f 11910 4338 11588
f 11910 5880 8915
f 8632 8915 5880
f 3884 3552 10807
f 5341 3552 3884
f 7082 11588 2704
f 11588 7082 11910
f 6255 1678 2704
f 2704 1678 7082
f 3552 7201 3160
f 3552 5341 7201
f 6255 11219 5984
f 9318 6255 5984
f 7201 10746 3160
f 10088 5984 9163
f 9318 1678 6255
f 2163 10058 9163
f 9318 5984 10088
f 10088 9163 10058
f 2163 2271 10058
f 5943 9602 7018
f 7018 4619 5943
f 5148 3989 4619
f 5148 1978 3989
f 3519 6925 7097
f 1908 2001 1978
f 1908 2234 2001
f 5148 1908 1978
f 2234 5504 9527
f 9527 5504 11818
f 9527 11818 2015
f 2015 11818 3519
f 11656 8735 4498
f 11523 896 1643
f 6719 8720 11523
f 10897 10043 9962
f 10043 3759 9962
f 2912 5209 7129
f 7129 5241 3609
f 2912 7129 9442
f 2558 8720 6719
f 4627 5696 194
f 10006 2558 6719
f 8306 4112 2912
f 4112 8306 2402
f 11541 11324 5696
f 2402 5595 4112
f 2402 1677 5595
f 6618 5339 11833
f 5381 2558 8051
f 8762 9398 11541
f 7134 9398 8762
f 5370 8051 11754
f 4960 7134 18
f 9940 8051 5370
f 9940 6715 8051
f 6144 4960 18
f 6144 6057 12169
f 6419 9031 9940
f 2447 4650 1255
f 11841 12169 6057
f 2345 4836 11841
f 11508 6419 7339
f 4649 1453 11267
f 11508 7339 9688
f 7339 2051 9688
f 9372 4836 2345
f 1453 794 11267
f 2742 7401 4586
f 2742 4586 3307
f 2742 3307 9200
f 4626 9372 2345
f 794 2340 5253
f 10894 5945 2340
f 10344 4626 10454
f 5958 9258 5945
f 8216 8149 1327
f 2281 8149 8216
f 10204 11849 1327
f 10204 8632 3865
f 10204 3865 11849
f 3884 11775 11799
f 8632 5880 12003
f 8632 12003 3865
f 9066 5880 11910
f 9066 11910 7082
f 5880 9066 12003
f 7082 6708 9066
f 7082 1678 10528
f 7082 10528 6708
f 1678 9318 10528
f 620 9318 10088
f 9318 1387 10528
f 10058 425 9073
f 10058 9073 10088
f 10088 9073 620
f 7201 9602 10746
f 6871 2271 6925
f 2271 425 10058
f 6871 6925 3519
f 2405 3519 11818
f 3519 2405 6871
f 4619 7018 9948
f 11317 1908 5148
f 3648 2234 1908
f 3648 1908 11317
f 2234 3648 5504
f 5504 4806 11818
f 4619 9948 5148
f 5148 9948 11317
f 5504 3648 4806
f 1643 8735 11656
f 896 8735 1643
f 9567 3609 3759
f 896 11523 8720
f 9567 3759 10043
f 4171 9567 10043
f 10897 10279 10043
f 194 10279 10897
f 5994 6402 12161
f 5696 1375 194
f 5994 6469 6618
f 11541 9398 11324
f 5381 707 2558
f 1677 7833 5595
f 4960 9186 7134
f 5381 8051 6715
f 4960 6144 11124
f 6114 11714 1049
f 6715 9940 369
f 7833 4650 2447
f 8477 9001 4649
f 11714 8477 4649
f 9031 6419 11508
f 1255 4254 3307
f 4254 1255 4650
f 9001 1453 4649
f 9031 11508 7788
f 11508 9688 7788
f 9200 3307 4254
f 7401 1546 3782
f 3362 794 1453
f 794 3362 2340
f 5945 10894 5958
f 5958 2640 9258
f 9258 2640 3651
f 1327 9920 8216
f 11849 9920 1327
f 3884 11799 6657
f 10186 3865 12003
f 11849 3865 10186
f 12060 10186 12003
f 12060 12003 9066
f 8136 5341 3884
f 2242 9066 6708
f 12060 9066 2242
f 8136 9998 5341
f 1387 4123 10528
f 10528 4123 6708
f 9998 1547 5341
f 1547 7201 5341
f 9318 620 1387
f 8602 9073 425
f 8602 620 9073
f 620 8602 1387
f 1547 9602 7201
f 425 8617 8602
f 1547 4084 9602
f 425 2271 6871
f 425 9194 8617
f 7018 9602 4084
f 425 6871 9194
f 4952 7018 4084
f 4952 9948 7018
f 4806 2405 11818
f 11651 4806 3648
f 2729 4498 8735
f 4750 4498 623
f 896 2729 8735
f 912 4750 623
f 896 9324 2729
f 912 12161 4750
f 9324 896 7285
f 8720 7285 896
f 3284 3609 9567
f 4171 10043 10279
f 9442 7129 3609
f 12161 6469 5994
f 1375 10279 194
f 8720 1949 7285
f 2558 1949 8720
f 9442 8306 2912
f 11324 1375 5696
f 5503 1375 11324
f 707 1949 2558
f 9398 11092 11324
f 6618 11415 5339
f 11415 6114 5339
f 5339 6114 1049
f 7427 707 5381
f 5381 1278 7427
f 1278 5381 6715
f 3816 1278 6715
f 3816 6715 369
f 7833 1989 4650
f 9940 9031 8899
f 10359 4650 1989
f 1453 9001 4713
f 8899 9031 7788
f 3782 7214 2051
f 7214 3782 1546
f 6329 2340 3362
f 6329 3825 2340
f 3825 10894 2340
f 3825 5676 10894
f 5676 5958 10894
f 10344 3489 4626
f 2281 4231 3489
f 2281 3489 10344
f 4231 2281 8216
f 1123 6657 11799
f 11849 8730 9920
f 10186 6785 11849
f 8136 3884 2662
f 2242 3164 12060
f 2242 7595 3164
f 6708 4123 10161
f 9998 6474 1547
f 8602 9572 1387
f 1547 9256 4084
f 9256 7639 4084
f 9194 775 5225
f 9194 5225 8617
f 7639 4952 4084
f 2405 5521 6871
f 9194 6871 5521
f 7639 5647 4952
f 5647 9948 4952
f 7786 2799 11651
f 11651 2799 4806
f 2405 4806 5521
f 4806 2799 5521
f 9948 5647 5074
f 11423 11317 9948
f 11423 9948 5074
f 11423 3648 11317
f 11423 11651 3648
f 11651 11423 10441
f 10441 7786 11651
f 2668 623 4498
f 2729 2668 4498
f 9560 912 623
f 6469 12161 912
f 6469 912 9560
f 3609 3284 3657
f 3609 3657 9442
f 10279 1375 9151
f 12126 6618 6469
f 10419 8306 9442
f 12126 11415 6618
f 7134 9186 9398
f 4960 11858 9186
f 480 6114 5648
f 6144 6280 11124
f 6144 12169 10610
f 480 11714 6114
f 8577 7833 1677
f 8477 11714 480
f 7833 8577 1989
f 11841 1603 12169
f 12051 1453 4713
f 9688 7578 7788
f 9688 2051 7374
f 2962 4254 4650
f 11231 4836 9372
f 12051 3362 1453
f 7214 7374 2051
f 2742 986 7401
f 9200 986 2742
f 1546 7401 986
f 12051 9995 3362
f 9995 6329 3362
f 4626 11231 9372
f 11231 4626 3489
f 5676 4306 5958
f 4306 2640 5958
f 4306 1331 2640
f 1331 4897 2640
f 2640 4897 3651
f 8216 12165 4231
f 3651 4897 11799
f 11799 4897 1123
f 8216 6120 12165
f 12165 6120 4767
f 9920 6120 8216
f 7328 9920 8730
f 6657 2662 3884
f 6785 8730 11849
f 12060 6785 10186
f 3164 6785 12060
f 11 2242 6708
f 2242 11 7595
f 11085 4123 1387
f 10161 4123 3467
f 9256 1547 6474
f 11085 1387 9572
f 4123 11085 3467
f 5225 8602 8617
f 9572 8602 5225
f 5647 7639 6866
f 9194 5521 775
f 5647 6866 10886
f 2799 7786 31
f 10886 5074 5647
f 7786 7459 31
f 5074 10441 11423
f 9560 623 2676
f 623 2668 2676
f 6413 2676 2668
f 2668 2729 6413
f 6413 2729 9324
f 875 3873 4171
f 875 4171 10279
f 10279 9151 875
f 9560 12126 6469
f 5503 9151 1375
f 11092 5503 11324
f 707 10334 1949
f 11759 2402 8306
f 10419 3015 8306
f 9186 11092 9398
f 9186 11858 11092
f 12199 6114 11415
f 5648 6114 12199
f 4960 11124 11858
f 11124 6389 11858
f 1677 6617 8577
f 10610 6280 6144
f 10610 12169 1603
f 8899 369 9940
f 4836 1603 11841
f 7200 4713 9001
f 8477 7200 9001
f 5795 4713 7200
f 7788 7578 8899
f 5795 12051 4713
f 9688 918 7578
f 7374 918 9688
f 10359 2962 4650
f 2499 12051 5795
f 11985 9200 4254
f 12051 2499 9995
f 9200 10031 986
f 10031 9200 11985
f 8914 6329 9995
f 6329 8914 3825
f 9920 7328 6120
f 4767 6120 7328
f 3164 11802 6785
f 6785 11802 8730
f 3164 9800 11802
f 8136 6164 9998
f 9800 3164 7595
f 11 6708 10161
f 5225 3715 6104
f 5225 6104 9572
f 775 11461 5225
f 2676 6413 1496
f 12126 9560 748
f 4147 9324 7285
f 9567 4171 3873
f 1949 4147 7285
f 5503 11092 213
f 3015 11759 8306
f 12199 11415 12126
f 4963 5648 12199
f 11759 8826 2402
f 480 5648 4963
f 6617 1677 2402
f 4030 8477 480
f 3816 369 8899
f 10931 1603 4836
f 10931 4836 11231
f 10359 1989 2798
f 4254 2962 11985
f 120 7374 1589
f 11278 986 10031
f 7244 9995 2499
f 11278 1546 986
f 7244 8914 9995
f 8914 4483 3825
f 3489 638 11231
f 5538 5676 3825
f 4231 7325 3489
f 111 1123 4897
f 12165 7325 4231
f 8730 10458 7328
f 11802 9803 8730
f 6474 9998 6164
f 347 11 10161
f 347 10161 3467
f 7639 9256 12127
f 11597 11085 9572
f 11085 1522 3467
f 11867 775 5521
f 3715 5225 11461
f 5521 2958 11867
f 775 11867 11461
f 10441 4374 7786
f 4374 7459 7786
f 1496 3541 2676
f 3541 748 2676
f 748 9560 2676
f 3541 5440 748
f 5440 12126 748
f 7593 3873 875
f 6629 12126 5440
f 3704 4147 1949
f 9056 3704 1949
f 1076 12126 6629
f 9056 1949 10334
f 7427 10334 707
f 3015 12086 11759
f 12199 1076 4963
f 12199 12126 1076
f 12086 8826 11759
f 6829 480 4963
f 8826 6617 2402
f 6617 8826 9481
f 11124 6280 6389
f 6829 4030 480
f 7301 5795 7200
f 7301 7200 8477
f 7301 8477 4030
f 5795 7301 9142
f 8577 2798 1989
f 2798 8577 702
f 5795 9142 2499
f 5554 2962 6305
f 6305 2962 10359
f 918 7374 120
f 1812 11985 2962
f 1812 2962 5554
f 1546 11278 7214
f 4557 10031 11985
f 4483 5538 3825
f 3489 7325 638
f 111 4897 1331
f 12165 4767 7325
f 7328 254 4767
f 10458 254 7328
f 2196 10458 8730
f 9803 2196 8730
f 9800 7153 11802
f 7153 9803 11802
f 2662 6164 8136
f 9800 7595 1155
f 6164 10028 6474
f 11 1155 7595
f 10028 9256 6474
f 347 12312 11
f 11085 11597 1522
f 11597 9572 7845
f 5308 2799 31
f 5308 5521 2799
f 2958 5521 5308
f 4205 11461 11867
f 10886 11248 5074
f 11248 9220 5074
f 5074 9220 10441
f 9220 4374 10441
f 4374 9707 7459
f 9707 3461 7459
f 7459 3461 31
f 31 3461 5308
f 3541 1496 4839
f 1496 6197 4839
f 6413 6197 1496
f 9324 6197 6413
f 4147 6197 9324
f 3657 3284 2367
f 3657 2367 9442
f 3284 9866 2367
f 9567 9866 3284
f 9866 9567 3873
f 9442 2367 10419
f 5503 875 9151
f 6320 875 5503
f 5503 7417 6320
f 213 7417 5503
f 585 9056 10334
f 585 10334 7427
f 4618 585 7427
f 8826 12086 12442
f 1278 4618 7427
f 11850 4618 1278
f 5199 6280 10610
f 5305 7301 4030
f 6617 9481 10321
f 8534 10610 1603
f 8534 5199 10610
f 8606 9142 7301
f 6617 10321 8577
f 3816 8899 92
f 8577 10321 702
f 92 8899 1705
f 9142 8606 7034
f 7034 2499 9142
f 11691 2499 7034
f 11691 7244 2499
f 2798 6305 10359
f 120 7578 918
f 638 10931 11231
f 7374 3903 1589
f 7214 7019 7374
f 7374 7019 3903
f 10031 4557 11278
f 8462 638 6432
f 11278 7019 7214
f 9051 4483 8914
f 9051 5538 4483
f 6432 638 7325
f 4979 4306 5676
f 11530 4979 5538
f 4979 5676 5538
f 4979 1331 4306
f 7325 11130 6432
f 6725 1331 4979
f 4767 11130 7325
f 1331 6725 111
f 254 11130 4767
f 111 1880 1123
f 1880 6657 1123
f 10458 6341 254
f 4909 6657 1880
f 4909 2662 6657
f 9803 7507 2196
f 2662 5180 6164
f 1155 11 11728
f 347 3467 1522
f 6866 7639 5905
f 7845 9572 6104
f 5115 7695 10886
f 7695 11248 10886
f 11248 6723 9220
f 9220 6723 4374
f 6723 2475 9707
f 4374 6723 9707
f 4205 2958 4425
f 11867 2958 4205
f 6104 2446 7845
f 2475 1293 9707
f 9707 1293 3461
f 5308 4425 2958
f 3715 4827 6104
f 4839 6197 6123
f 3541 6629 5440
f 2367 7848 10419
f 875 12303 7593
f 1233 12086 10419
f 1233 10419 7848
f 12086 3015 10419
f 11092 3911 213
f 11858 3911 11092
f 1076 8880 4963
f 8880 6829 4963
f 2600 8826 12442
f 2600 9481 8826
f 6280 5199 6389
f 3816 11850 1278
f 1603 1073 8534
f 7301 11638 8606
f 1073 1603 10931
f 1433 702 10321
f 6121 11691 7034
f 2946 1705 8899
f 8899 7578 2946
f 638 8462 10931
f 5554 8283 1812
f 11985 1812 4557
f 9739 8462 6432
f 2822 8914 7244
f 8656 4557 1812
f 8656 1812 8283
f 2822 9051 8914
f 11530 5538 9051
f 6432 11130 9739
f 254 6341 11130
f 10737 3506 6341
f 10458 10737 6341
f 2196 10737 10458
f 11719 4909 1880
f 4909 5180 2662
f 9803 7153 7507
f 1155 11728 6801
f 12127 9033 7639
f 12312 11728 11
f 9033 5905 7639
f 11525 347 1522
f 11525 12312 347
f 10886 6866 5905
f 5905 5115 10886
f 7695 7897 11248
f 7897 6723 11248
f 2475 6723 7897
f 7897 7994 2475
f 5308 3461 11686
f 4807 3715 11461
f 4807 4827 3715
f 2446 6104 4827
f 1293 10376 3461
f 3461 10376 11686
f 5308 11686 4425
f 9647 7023 4839
f 7023 3541 4839
f 6123 9647 4839
f 7848 2367 9866
f 11224 9866 3873
f 3541 9140 6629
f 4147 5688 6197
f 4147 3704 5688
f 12303 875 6320
f 9140 1782 6629
f 1782 1076 6629
f 9056 585 7846
f 12442 12086 1233
f 12442 1233 3965
f 4473 7846 585
f 10464 4473 585
f 10464 585 4618
f 6389 10337 11858
f 8880 7919 6829
f 3920 11638 7301
f 3920 7301 5305
f 9481 2600 5836
f 9481 5836 10321
f 10931 6332 1073
f 8462 6332 10931
f 7480 2798 702
f 2798 1378 6305
f 2798 7480 1378
f 11691 6121 431
f 431 7244 11691
f 120 2946 7578
f 6305 1378 5554
f 431 2822 7244
f 5294 5554 1378
f 7019 2143 3903
f 4557 2918 11278
f 8656 5585 4557
f 4557 5585 2918
f 2143 7019 11278
f 1548 9051 2822
f 1548 11530 9051
f 2832 9739 11130
f 10829 4979 11530
f 10829 6725 4979
f 10829 111 6725
f 10829 10724 111
f 10724 1880 111
f 2196 3100 10737
f 2196 8256 3100
f 11719 1880 9295
f 7507 8256 2196
f 11719 2179 4909
f 5180 4909 2179
f 2179 3626 5180
f 6970 7153 9800
f 3626 6164 5180
f 6164 3626 10028
f 1155 6970 9800
f 12127 9256 10028
f 11728 12312 9767
f 11597 3890 1522
f 1522 3890 11525
f 3116 2475 7994
f 3116 1293 2475
f 10376 1293 3116
f 714 11686 10376
f 8442 4425 11686
f 9074 11461 4205
f 7845 6368 11597
f 4425 9074 4205
f 11461 9074 4807
f 2446 4827 7845
f 9074 2785 4807
f 11224 7239 9866
f 3541 7023 9140
f 7239 7848 9866
f 7593 11224 3873
f 4927 11224 7593
f 5688 6123 6197
f 4927 7593 12303
f 1122 4927 12303
f 12234 5688 3704
f 12234 3704 9056
f 7417 10696 6320
f 7846 12234 9056
f 1782 8880 1076
f 8386 3911 11858
f 1510 2600 12442
f 4030 6829 7919
f 10464 4618 11850
f 1510 4722 2600
f 2245 11850 3816
f 11638 511 8606
f 2245 3816 92
f 10321 5836 1433
f 2937 92 1705
f 1365 1705 2946
f 8462 9739 6332
f 9997 1365 2946
f 120 9997 2946
f 5554 5294 8283
f 431 795 2822
f 2143 1520 3903
f 11278 2918 2143
f 7872 1589 3903
f 7728 1520 2143
f 7728 2143 2918
f 7728 2918 5585
f 1548 2822 11689
f 2832 11438 9739
f 6341 2832 11130
f 6341 3506 2832
f 9295 1880 10724
f 7153 8256 7507
f 3626 2179 2103
f 12206 10028 3626
f 2103 12206 3626
f 12206 12127 10028
f 6970 1155 6801
f 12206 5838 12127
f 9033 5838 1660
f 9033 12127 5838
f 9033 1516 5905
f 11525 9767 12312
f 5905 1885 5115
f 1885 8862 6262
f 1885 6262 5115
f 5115 6262 7695
f 7695 6262 7897
f 7994 7897 6262
f 6368 3890 11597
f 11686 714 8442
f 4827 4807 5289
f 4827 5289 9247
f 4827 9247 7845
f 5688 4321 6123
f 6340 1233 7239
f 7239 1233 7848
f 7239 7116 6340
f 7607 4321 12234
f 12234 4321 5688
f 1233 6340 7002
f 10696 12303 6320
f 3006 1782 9140
f 7417 11428 10696
f 11428 7417 8518
f 1233 7002 3965
f 8518 7417 213
f 3911 8518 213
f 4473 99 7846
f 5886 99 4473
f 10464 5886 4473
f 11858 12248 8386
f 3965 1818 12442
f 10337 12248 11858
f 10643 5886 10464
f 7919 8880 3958
f 5305 4030 7919
f 5199 1846 6389
f 2477 10643 10464
f 11850 2477 10464
f 2600 4722 5836
f 11850 2245 2477
f 10320 8606 511
f 5329 2245 92
f 8606 10320 7034
f 9478 5329 92
f 92 2937 9478
f 8886 1433 5836
f 1433 8527 702
f 9739 8502 6332
f 8527 1433 8886
f 9174 7480 702
f 9174 702 8527
f 7480 3821 1378
f 3821 7480 9174
f 1589 7872 120
f 5294 12397 8283
f 8283 12397 8656
f 5585 8201 7728
f 5727 7728 8201
f 2822 795 11689
f 1548 11689 5924
f 1548 5924 11530
f 5924 6680 11530
f 6680 10829 11530
f 3100 8256 4865
f 6970 9664 7153
f 8256 7153 9664
f 2103 2179 6481
f 6801 1244 6970
f 1660 5838 12206
f 11728 11383 6801
f 1516 9033 1660
f 1885 5905 1516
f 9767 11525 10326
f 1885 1516 8862
f 8053 6262 8862
f 3890 10267 10326
f 6262 8053 7994
f 9074 4425 8442
f 2785 5289 4807
f 6123 2083 9647
f 2083 6123 4321
f 7116 7239 11224
f 11224 7106 7116
f 11224 4927 7106
f 8401 9140 7023
f 3006 9140 8401
f 10696 1137 12303
f 12234 9346 7607
f 7846 9346 12234
f 12092 1782 3006
f 12092 8880 1782
f 2457 9346 99
f 9346 7846 99
f 1818 3965 7002
f 1510 12442 1818
f 3920 5305 3665
f 3665 5305 7919
f 9081 11638 3920
f 511 11638 9081
f 511 5515 10320
f 3320 8534 1073
f 10320 6121 7034
f 8886 5836 4722
f 1705 1365 2937
f 8502 9739 11438
f 795 431 6065
f 1509 1365 9997
f 120 9575 9997
f 9997 9575 1509
f 1378 3821 5294
f 288 3821 9174
f 7872 9575 120
f 7728 11299 1520
f 8201 89 5727
f 8656 6285 5585
f 8656 12397 6285
f 7872 3903 1520
f 11299 7728 5727
f 8201 5585 6285
f 7384 5924 11689
f 5924 10461 6680
f 10737 2130 3506
f 3652 10724 10829
f 9223 4865 8256
f 11719 9295 10249
f 9664 9223 8256
f 10249 8814 11719
f 8814 2179 11719
f 8814 6481 2179
f 11383 1244 6801
f 316 12206 2103
f 8393 12206 316
f 11383 11728 9767
f 12206 8393 1660
f 3824 1516 1660
f 3824 10436 1516
f 8862 1516 10436
f 3890 10326 11525
f 9229 7994 8053
f 6368 10267 3890
f 3116 7994 9695
f 10267 6368 658
f 4247 10376 3116
f 9695 4247 3116
f 9247 6368 7845
f 10376 4247 714
f 1090 2785 9074
f 1090 11712 2785
f 8709 7023 9096
f 7023 9647 9096
f 2083 9096 9647
f 8401 7023 8709
f 11709 2083 4321
f 11709 4321 7607
f 8507 4927 1122
f 8507 7106 4927
f 1137 1122 12303
f 1137 8507 1122
f 6340 9951 7002
f 2457 8143 9346
f 8386 8518 3911
f 1641 8880 12092
f 9951 1818 7002
f 1641 3958 8880
f 99 2716 2457
f 5886 2716 99
f 9951 11879 1818
f 7920 1818 11879
f 7920 1510 1818
f 3665 9081 3920
f 5856 5886 10643
f 2477 5856 10643
f 1510 7920 501
f 4722 1510 501
f 4722 501 3502
f 1073 11995 3320
f 11995 1073 6332
f 1361 2245 5329
f 1361 5329 9478
f 4722 3502 8886
f 9478 2937 9640
f 8886 3502 3016
f 6065 431 6121
f 1365 11578 2937
f 11578 1365 1509
f 3821 288 5294
f 1520 8126 7872
f 1520 11299 8126
f 5727 6426 11299
f 5727 89 6426
f 11992 12397 5294
f 2832 11215 11438
f 89 8201 3408
f 6285 12397 9371
f 9371 12397 11992
f 11689 284 7384
f 11689 795 284
f 5924 7384 12472
f 3506 11215 2832
f 3506 2130 11215
f 6680 10461 8498
f 10829 6680 3652
f 3652 9295 10724
f 1487 9664 6970
f 1244 1487 6970
f 7909 2103 6481
f 11383 701 1244
f 7909 316 2103
f 10175 316 7909
f 10326 10267 11743
f 8862 10436 6804
f 6804 8053 8862
f 6804 10726 8053
f 9695 7994 9229
f 658 7051 10267
f 9247 2801 6368
f 2801 658 6368
f 9695 11553 4247
f 4247 12200 714
f 714 12200 8442
f 8442 1745 9074
f 1745 1090 9074
f 2785 11712 5289
f 9604 7116 7106
f 8507 8578 7106
f 7106 8578 9604
f 1813 8578 8507
f 1137 1813 8507
f 9604 2836 6340
f 7116 9604 6340
f 2836 9604 8578
f 10696 3238 1137
f 10696 11428 3238
f 7445 7607 9346
f 10136 7445 9346
f 4531 9951 6340
f 9346 8143 10136
f 8386 3375 8518
f 9951 4531 11358
f 9951 11358 11879
f 8759 7919 6683
f 6683 7919 3958
f 6683 3958 1641
f 6389 1846 10337
f 8759 3665 7919
f 11879 11358 12466
f 5856 2716 5886
f 12466 7920 11879
f 5199 8534 2566
f 7920 12466 2873
f 7920 2873 501
f 3320 625 8534
f 625 2566 8534
f 3320 7476 625
f 625 7476 785
f 501 3016 3502
f 501 2873 3016
f 11995 7476 3320
f 2477 2245 1361
f 7476 11995 9548
f 6332 5338 11995
f 9548 11995 5338
f 10320 6169 6121
f 3016 1029 8886
f 10532 1029 3016
f 1029 8527 8886
f 8502 2425 5338
f 8502 5338 6332
f 11438 2425 8502
f 11578 9640 2937
f 9174 8527 12047
f 12047 8527 1029
f 9174 669 288
f 9174 12047 669
f 2425 11438 9314
f 9575 5366 1509
f 288 1132 5294
f 9575 4271 5366
f 7872 4271 9575
f 6285 3408 8201
f 11992 5294 1132
f 11215 7666 11438
f 89 7046 6426
f 7666 11215 4164
f 10461 5924 1096
f 3929 2130 10737
f 10737 3100 3929
f 8498 3652 6680
f 3100 4865 9008
f 8498 538 3652
f 3428 3652 538
f 3428 9295 3652
f 10249 4466 8814
f 1787 1244 701
f 1487 1244 1787
f 5575 6481 8814
f 5575 7909 6481
f 701 11383 11015
f 10175 7909 5575
f 12485 11015 11383
f 12485 11383 9767
f 10175 8393 316
f 3167 1660 8393
f 11743 12485 9767
f 11743 9767 10326
f 1660 3167 3824
f 5091 10436 3824
f 10267 7051 11743
f 10726 9229 8053
f 2801 9247 2780
f 4247 11553 12200
f 11712 1090 12214
f 2650 5289 11712
f 5289 2650 9247
f 1090 1745 12214
f 8709 3273 8401
f 2083 11709 2009
f 1813 6263 8578
f 11074 8578 6263
f 709 3006 8401
f 11709 7607 7445
f 8578 11074 2836
f 709 12092 3006
f 2836 4531 6340
f 11428 3051 3238
f 4358 1641 12092
f 3211 2135 10337
f 10337 2135 12248
f 8143 2457 2716
f 10337 1846 3211
f 3211 3679 2135
f 424 3665 8759
f 5788 8143 2716
f 7242 9081 3665
f 7242 3665 424
f 3607 9081 7242
f 9423 12466 11358
f 511 9081 3607
f 3211 1846 2566
f 3211 2566 740
f 5856 8906 2716
f 5199 2566 1846
f 5856 7245 8906
f 3211 740 4704
f 625 740 2566
f 740 625 4195
f 4195 625 785
f 5515 53 10320
f 2477 7232 5856
f 2588 3016 2873
f 7476 3515 785
f 7232 2477 1361
f 7476 9548 3515
f 6121 6169 3815
f 1361 9478 8882
f 5338 4706 9548
f 3815 6065 6121
f 9640 8882 9478
f 2425 4706 5338
f 2425 9314 4706
f 2808 9640 11578
f 12047 1029 9405
f 5366 6667 1509
f 1132 288 11115
f 7666 9314 11438
f 8837 4271 7872
f 4299 11992 1132
f 89 25 7046
f 89 3408 25
f 9371 3408 6285
f 7666 4164 6333
f 284 12472 7384
f 4164 11215 2130
f 5924 12472 1096
f 8498 10461 3237
f 3237 538 8498
f 5269 9295 3428
f 5269 10249 9295
f 6844 9664 1487
f 4466 5575 8814
f 5575 6200 10175
f 8393 10175 10990
f 10990 3167 8393
f 4629 12485 11743
f 5091 3824 3167
f 3167 7527 5091
f 7051 4629 11743
f 10436 5091 2424
f 2424 6804 10436
f 1080 10726 6804
f 9229 11553 9695
f 2780 9247 6729
f 2801 2780 658
f 9247 2650 6729
f 12070 8709 9096
f 9428 8401 3273
f 709 8401 9428
f 2009 11709 7497
f 1137 3238 1813
f 11709 7445 7497
f 401 7445 10136
f 5130 10136 8143
f 401 10136 5130
f 4531 2184 11358
f 4358 12092 709
f 8386 12248 3375
f 2381 1641 4358
f 6683 2381 424
f 2381 6683 1641
f 424 8759 6683
f 4704 3679 3211
f 5788 2716 8906
f 2588 2873 12466
f 1274 4704 740
f 4195 1274 740
f 4195 3388 1274
f 3388 4938 1274
f 10141 10320 53
f 7232 7245 5856
f 2588 3845 3016
f 785 3515 3388
f 785 3388 4195
f 10141 6169 10320
f 7722 3515 5060
f 3388 3515 7722
f 3845 10532 3016
f 9548 5060 3515
f 5060 9548 7512
f 7512 9548 4706
f 4706 10681 7512
f 5654 8882 9640
f 10681 4706 9314
f 669 12047 9405
f 9314 8921 9308
f 11578 1509 6667
f 11115 288 9933
f 9933 288 669
f 7666 8921 9314
f 8139 284 795
f 8126 8837 7872
f 11992 9498 9371
f 9498 11992 4299
f 6333 8921 7666
f 191 8837 8126
f 2130 3929 4164
f 3237 10461 1096
f 6844 4461 9223
f 4865 9223 4461
f 6844 9223 9664
f 6772 5269 3428
f 6844 1487 1787
f 5269 4466 10249
f 701 11015 9333
f 6200 10302 10175
f 10175 10302 10990
f 3167 10990 10302
f 10302 7527 3167
f 6804 2424 4006
f 658 1171 3377
f 10726 6579 9229
f 9229 44 11553
f 658 2780 1171
f 11553 7565 12200
f 12200 850 8442
f 8442 850 1745
f 12070 9846 8709
f 12070 9096 2083
f 3273 8709 9846
f 4677 12070 2083
f 2009 4677 2083
f 6263 11891 11074
f 6263 1813 11891
f 10719 1813 3238
f 10719 11891 1813
f 4823 3051 11428
f 4823 11428 8518
f 2184 4531 2836
f 11074 2184 2836
f 4823 8518 3375
f 5130 8143 7250
f 4734 424 2381
f 8047 511 3607
f 4704 7080 3679
f 8047 5515 511
f 4309 8143 5788
f 53 5515 8047
f 1241 5788 8906
f 7245 1241 8906
f 7245 268 1241
f 4938 10743 1274
f 10743 11155 1274
f 4938 3388 7722
f 7245 7232 268
f 10141 10550 3815
f 3815 6169 10141
f 1361 3587 7232
f 5060 7512 8361
f 8882 5654 10563
f 10041 6065 3815
f 9640 2808 5654
f 9405 1029 7423
f 10681 9308 8861
f 9308 10681 9314
f 6065 8139 795
f 490 2808 11578
f 6667 490 11578
f 9933 669 9405
f 4299 1132 11115
f 5366 4271 9689
f 9689 4271 8837
f 11299 8713 8126
f 11299 6426 8713
f 9371 5889 3408
f 284 8139 8112
f 191 8126 8713
f 25 3408 5889
f 5889 9371 9498
f 3929 2882 4164
f 8112 12472 284
f 5269 2947 4466
f 4466 2947 5575
f 11015 12485 4169
f 12485 4629 10668
f 7527 3512 5091
f 658 3377 7051
f 10476 7051 3377
f 4629 7051 10476
f 6804 4006 1080
f 1171 12254 3377
f 9229 6579 44
f 7565 11553 44
f 12200 7565 850
f 1745 850 6194
f 1745 6194 12214
f 3238 3051 7030
f 9428 4358 709
f 6859 7497 7445
f 401 6859 7445
f 8444 2184 11074
f 3375 1902 4823
f 4734 10205 424
f 2184 9423 11358
f 2135 3375 12248
f 3679 3375 2135
f 4309 7250 8143
f 7722 7130 4938
f 5060 300 7722
f 7130 7722 300
f 8361 300 5060
f 3815 10550 50
f 8882 3587 1361
f 10563 3587 8882
f 8361 10681 5414
f 10681 8361 7512
f 10681 8861 5414
f 9683 6065 10041
f 6065 9683 8139
f 2808 490 6175
f 6667 5366 2312
f 10147 11115 9933
f 5366 9689 2312
f 4859 4299 11115
f 4859 11115 10147
f 3139 8921 6333
f 9308 8921 3139
f 4299 2361 9498
f 4859 2361 4299
f 2882 3139 6333
f 673 8837 191
f 4164 2882 6333
f 6426 7046 2389
f 8112 843 12472
f 1096 12472 843
f 2464 3237 1096
f 9008 4865 10529
f 6844 3185 4461
f 2632 3185 6844
f 10701 6844 1787
f 4394 1787 701
f 10701 1787 4394
f 701 9333 4394
f 2947 984 6200
f 5575 2947 6200
f 11015 4169 9333
f 10302 11852 7527
f 3512 2424 5091
f 7565 44 1987
f 6729 12239 2780
f 2780 12239 1171
f 11156 11712 12214
f 8747 2650 11712
f 2650 8747 6729
f 11712 11156 8747
f 12070 4726 9846
f 4677 10708 12070
f 2009 10189 4677
f 9846 9353 3273
f 11891 8444 11074
f 9353 9428 3273
f 9353 3654 9428
f 4358 3654 7263
f 4358 9428 3654
f 2381 7263 4734
f 7263 2381 4358
f 5130 6859 401
f 6859 5130 11599
f 11742 11599 7250
f 7250 11599 5130
f 10487 3607 7242
f 10487 8047 3607
f 7080 6464 3679
f 9225 53 8047
f 10141 53 6429
f 5517 4309 5788
f 3716 2588 12466
f 1274 1560 4704
f 11155 1560 1274
f 5788 1241 11605
f 11605 1241 268
f 7130 10743 4938
f 3587 268 7232
f 50 10041 3815
f 3455 1029 10532
f 3455 7423 1029
f 10563 5654 6175
f 4246 9405 7423
f 6175 5654 2808
f 9405 4246 9933
f 6667 2312 490
f 3139 4554 9308
f 8837 673 9689
f 6426 2389 8713
f 411 5889 9498
f 25 5889 411
f 3929 1228 2882
f 9008 1228 3929
f 3100 9008 3929
f 1096 843 2464
f 4865 4461 10529
f 5282 3428 538
f 3428 5282 6772
f 6772 5854 5269
f 984 10302 6200
f 12485 10668 2463
f 3153 11852 10302
f 7527 11852 3078
f 11808 10668 10476
f 4629 10476 10668
f 3512 7527 3078
f 2424 3512 657
f 2424 657 4006
f 7052 10726 1080
f 7052 1080 4006
f 6579 10726 7052
f 1987 44 6579
f 12011 7565 1987
f 2957 6194 850
f 5721 12214 6194
f 11156 12214 5721
f 8747 1625 6729
f 6729 1625 12239
f 7565 11911 850
f 850 11911 2957
f 6194 2957 5721
f 11156 7004 8747
f 10708 4726 12070
f 9353 9846 10999
f 8444 11891 6059
f 10719 3238 7030
f 10999 3654 9353
f 4823 7030 3051
f 6859 11121 7497
f 4734 7263 882
f 6859 10661 11121
f 4734 882 10205
f 424 3450 7242
f 10205 3450 424
f 7242 3450 10487
f 10487 9225 8047
f 3716 12466 9423
f 6757 6429 9225
f 53 9225 6429
f 1560 11155 10265
f 5517 5788 11605
f 3902 11155 10743
f 3845 2588 7704
f 10743 7130 10362
f 7704 6490 3845
f 7130 10108 10362
f 7130 300 10108
f 10532 3845 6490
f 10532 6490 4766
f 8361 5414 300
f 8861 9929 5414
f 9308 9929 8861
f 9308 4554 9929
f 11934 9933 4246
f 6175 490 1609
f 10147 9933 11934
f 9498 2361 411
f 3139 2882 4479
f 9008 5892 1228
f 6848 2464 843
f 3237 6894 538
f 6894 5282 538
f 1104 6772 5282
f 6894 1104 5282
f 10701 2632 6844
f 2463 4169 12485
f 9704 4169 2463
f 11808 10476 3377
f 3078 5154 3512
f 5154 5634 3512
f 657 3512 5634
f 657 1565 4006
f 1565 7052 4006
f 7619 7052 9860
f 6579 7052 7619
f 12239 8239 1171
f 12254 1171 8239
f 1565 2049 7052
f 7052 2049 9860
f 7619 1987 6579
f 11911 7565 12011
f 5721 2957 5102
f 5102 11156 5721
f 7004 11156 5102
f 8747 7004 1625
f 7004 1225 1625
f 10708 4677 10189
f 10999 9846 3344
f 2009 7497 10189
f 10445 11891 10719
f 10445 10719 7030
f 11121 10661 11994
f 5830 4823 1902
f 8840 1902 3375
f 10661 6859 11599
f 8840 3375 3679
f 6464 8840 3679
f 7250 4309 11742
f 4704 7087 7080
f 4704 1560 7087
f 4692 2588 3716
f 10141 6429 10550
f 11155 3902 10265
f 2588 4692 7704
f 10743 10362 3902
f 5414 4393 300
f 4393 10108 300
f 8538 268 3587
f 3352 8538 3587
f 3352 3587 10563
f 7254 10563 6175
f 7254 6175 1698
f 1609 1698 6175
f 2312 1609 490
f 8984 1609 2312
f 5279 673 191
f 1099 2389 7046
f 1228 4479 2882
f 9008 10529 5892
f 3237 2464 6894
f 5854 5304 5269
f 5304 2947 5269
f 1658 2947 5304
f 9704 9333 4169
f 2947 1658 984
f 10442 984 1658
f 10302 984 10442
f 10442 7076 10302
f 10302 7076 3153
f 7408 5154 3078
f 2829 11808 3377
f 2829 3377 12254
f 5154 9795 5634
f 2458 1565 657
f 657 5634 2458
f 2458 2049 1565
f 7619 9860 5010
f 212 1987 7619
f 1382 11911 12011
f 12357 2957 11911
f 7004 5102 7621
f 1987 212 12011
f 1382 1442 11911
f 11911 1442 12357
f 2957 12357 5102
f 212 1382 12011
f 12357 1442 476
f 5857 6100 4726
f 4726 6100 9846
f 10708 5857 4726
f 10708 10189 9245
f 3344 9846 6100
f 10445 6059 11891
f 11121 1521 7497
f 4823 5830 7030
f 5830 1690 7030
f 7263 3654 8403
f 7263 8403 882
f 6059 2184 8444
f 8110 3450 10205
f 5559 9423 2184
f 7087 6464 7080
f 9423 5559 3716
f 9457 5517 11605
f 11529 5517 9457
f 6429 5884 10550
f 11605 268 12387
f 10108 4393 1993
f 10362 10108 1993
f 5414 9869 4393
f 8538 12387 268
f 10041 50 7554
f 8957 8538 3352
f 8957 3352 10563
f 8957 10563 7254
f 8102 4246 7423
f 8102 11934 4246
f 9683 215 8139
f 4859 10147 4379
f 2718 4554 3139
f 4859 11900 2361
f 4379 11900 4859
f 8112 8139 7981
f 666 2312 9689
f 255 5279 191
f 191 8713 255
f 411 1145 25
f 1145 411 2175
f 2471 1099 7046
f 2471 7046 25
f 5892 6327 1228
f 8112 3239 843
f 843 3239 6848
f 6848 2540 2464
f 2540 6894 2464
f 6894 2540 1104
f 6772 1104 5854
f 2206 5854 1104
f 4394 8002 10701
f 4394 224 8002
f 9333 9704 4394
f 9704 2463 5159
f 10668 11808 135
f 2463 10668 135
f 11565 11852 3153
f 11565 3078 11852
f 7408 3078 11565
f 2829 2360 11808
f 8239 12239 1625
f 2458 10664 2049
f 2049 10664 9860
f 11552 9860 10664
f 476 5102 12357
f 5010 9860 11552
f 5102 476 7621
f 7619 5010 212
f 1382 167 1442
f 1442 167 1835
f 476 1442 1835
f 10708 9245 5857
f 9245 10189 1521
f 7497 1521 10189
f 7030 1690 10445
f 10999 8403 3654
f 1902 11633 5830
f 6059 9806 2184
f 11633 1902 8840
f 9806 5559 2184
f 11599 5925 10661
f 7087 4071 6464
f 11081 5925 11742
f 11081 11742 11529
f 6757 7953 6429
f 11742 4309 11529
f 10265 11055 1560
f 4309 5517 11529
f 7953 5884 6429
f 3902 10362 1993
f 2719 6490 7704
f 2719 7704 4692
f 3455 10532 4766
f 5414 9003 9869
f 5611 8538 8957
f 9003 5414 9929
f 10041 7554 9683
f 9683 957 215
f 4554 2718 2439
f 2312 666 8984
f 8139 215 7981
f 9689 673 666
f 2361 6321 411
f 2361 11900 6321
f 3139 11782 2718
f 4479 11782 3139
f 6321 2175 411
f 2323 673 5279
f 2389 3629 8713
f 8713 3629 255
f 25 12444 2471
f 8112 7981 3239
f 3629 2389 1099
f 12444 25 1145
f 6327 11782 4479
f 1228 6327 4479
f 4461 5892 10529
f 6848 10625 2540
f 5892 4461 1543
f 3185 1543 4461
f 12489 2540 10625
f 12489 1104 2540
f 8002 2632 10701
f 2206 1104 12489
f 1238 5854 2206
f 1238 5304 5854
f 5304 1238 9110
f 9110 10468 5304
f 10468 1658 5304
f 10468 10442 1658
f 135 5159 2463
f 11808 2360 135
f 3153 7076 6730
f 6730 11565 3153
f 11565 6730 10694
f 10694 7408 11565
f 2829 12254 8800
f 8800 12254 8239
f 9795 5154 7408
f 1625 1225 10339
f 9795 3761 5634
f 5634 8481 2458
f 8481 10664 2458
f 4095 10664 8481
f 10664 4095 11552
f 1835 1736 476
f 5010 7143 212
f 5010 11552 7143
f 4843 1382 212
f 4843 167 1382
f 212 5564 4843
f 4843 5564 167
f 167 5564 1835
f 2065 4245 5857
f 4245 6100 5857
f 6810 3344 4245
f 4245 3344 6100
f 6059 10445 618
f 10445 199 618
f 10999 3344 6810
f 11121 312 1521
f 199 10445 1690
f 312 11121 11994
f 3286 8403 10999
f 11633 1690 5830
f 882 8403 4465
f 4465 8110 10205
f 4465 10205 882
f 8840 4248 11633
f 4248 8840 6464
f 5925 4350 10661
f 9806 2551 5559
f 7508 6757 9225
f 1560 2587 7087
f 2551 3716 5559
f 2551 4692 3716
f 3902 11055 10265
f 11605 12387 2181
f 6825 6490 2719
f 3908 1993 4393
f 4785 12387 8538
f 4785 8538 5611
f 3455 11236 7423
f 957 9683 7554
f 8957 7254 5611
f 9929 4554 5392
f 8168 11934 8102
f 4554 2439 5392
f 4924 1698 1609
f 4924 1609 8943
f 8943 1609 5801
f 8984 5801 1609
f 2323 666 673
f 1145 2175 9927
f 2471 12444 4832
f 9927 12444 1145
f 6327 5892 4129
f 3185 2632 6281
f 10625 7060 12489
f 6281 2632 8002
f 1238 5542 9110
f 224 4394 4655
f 4655 4394 9704
f 4655 9704 5159
f 1525 10468 9110
f 10468 12286 10442
f 12286 7076 10442
f 7076 12286 398
f 6730 7076 398
f 135 2360 2595
f 2829 10453 2360
f 2829 8800 10453
f 8239 10339 8800
f 1625 10339 8239
f 9488 7408 10694
f 9488 9795 7408
f 1225 5600 10339
f 8481 5634 3761
f 5057 12401 7004
f 7004 12401 1225
f 1225 12401 5600
f 7621 5057 7004
f 11111 7621 476
f 7621 11111 5057
f 11111 476 1736
f 4095 7143 11552
f 7143 4095 282
f 212 6608 5564
f 212 7143 6608
f 7143 4885 6608
f 2065 5857 9245
f 4788 6059 618
f 3286 10999 6810
f 9231 8752 8110
f 8110 10407 9231
f 8403 3286 9591
f 11994 1841 312
f 11633 3308 1690
f 8752 3450 8110
f 8110 4465 10407
f 4465 8403 9591
f 4788 9806 6059
f 3308 11633 4248
f 8752 10487 3450
f 10661 4350 11994
f 9806 4788 10116
f 4248 6464 4756
f 10487 8752 7508
f 6464 4071 4756
f 7603 9806 6627
f 7508 9225 10487
f 7603 2551 9806
f 11599 11742 5925
f 7087 2587 4071
f 11055 2587 1560
f 7508 7953 6757
f 2551 5031 4692
f 3902 1993 11039
f 11039 1993 6373
f 2719 4692 5031
f 50 10550 5884
f 6490 6825 4766
f 2181 12387 4785
f 11185 7554 50
f 11185 2536 7554
f 9929 9465 9003
f 2536 957 7554
f 11624 5611 7254
f 1698 11624 7254
f 5801 8984 234
f 666 234 8984
f 2718 11782 10340
f 12444 9927 4832
f 3532 2175 6321
f 7981 7688 3239
f 1099 1991 3629
f 6327 10340 11782
f 1099 2471 9557
f 4129 10340 6327
f 10885 6848 3239
f 5892 1543 4129
f 10885 10625 6848
f 6281 1543 3185
f 5542 12489 2286
f 5542 2206 12489
f 5542 1238 2206
f 135 2653 5159
f 2653 135 2595
f 9452 6730 398
f 55 12401 5057
f 9795 11632 3761
f 55 5057 11111
f 3761 11559 8481
f 3761 11632 11559
f 8481 11559 4095
f 11559 9054 4095
f 1736 7135 11111
f 11111 5946 55
f 1835 5564 2505
f 4885 7143 282
f 2505 5564 6608
f 1835 2505 1736
f 282 4095 9054
f 6608 1350 2505
f 2505 9053 1736
f 4885 1350 6608
f 4885 8611 1350
f 2065 9245 9267
f 9245 1521 9267
f 9267 1521 312
f 961 4788 618
f 199 11737 618
f 2817 618 11737
f 3286 5374 9591
f 5374 3286 6810
f 961 618 2817
f 3308 11737 199
f 1690 3308 199
f 10407 4465 9591
f 10116 4788 961
f 9967 7508 8752
f 7272 7508 9967
f 10116 6627 9806
f 80 4071 2587
f 9946 5925 1996
f 11081 1996 5925
f 11081 9821 1996
f 2551 7603 11318
f 11318 5031 2551
f 11039 11055 3902
f 9244 9457 11605
f 9244 11605 2181
f 11185 5884 2545
f 11185 50 5884
f 4393 5449 3908
f 9869 3121 4393
f 9929 5392 9465
f 957 2536 6092
f 6092 4808 215
f 957 6092 215
f 4016 11624 1698
f 8168 10147 11934
f 4924 4016 1698
f 4379 10147 7098
f 7981 215 4808
f 4808 7688 7981
f 10340 12176 2718
f 9927 2175 3532
f 4194 5279 255
f 4194 255 1991
f 1991 255 3629
f 9557 1991 1099
f 9557 2471 4832
f 10885 3239 7688
f 1751 10340 4129
f 2448 4129 1543
f 10885 6522 10625
f 2286 12489 7060
f 8002 224 6281
f 9128 224 4655
f 2653 4655 5159
f 10468 1525 12286
f 1525 7063 12286
f 7063 11536 12286
f 398 12286 11536
f 2360 10453 2595
f 11536 9452 398
f 9452 4351 6730
f 6730 4351 10694
f 10339 7597 8800
f 4351 10965 10694
f 11199 10339 5600
f 9488 10694 6278
f 9488 11632 9795
f 55 9771 12401
f 9771 5600 12401
f 11632 9488 6278
f 11632 6278 8905
f 11559 11632 8905
f 5946 11111 7135
f 8905 9054 11559
f 9054 8905 9177
f 9054 9177 282
f 2942 4885 282
f 8611 4885 2942
f 2505 1350 9053
f 8611 2328 1350
f 2065 4395 4245
f 2065 3225 4395
f 4245 2364 6810
f 312 1841 2376
f 3308 2602 11737
f 9231 11285 8752
f 9855 9231 10407
f 5374 10407 9591
f 5374 9855 10407
f 11994 257 1841
f 3763 3308 4248
f 4350 257 11994
f 3763 4248 4756
f 8752 11285 9967
f 37 961 2817
f 10116 961 37
f 9334 4756 4071
f 5925 7270 4350
f 4071 80 9334
f 7270 5925 9946
f 7272 11908 7508
f 11055 6370 2587
f 7202 11318 7603
f 7603 6627 7202
f 178 7953 7508
f 11081 11529 2233
f 9457 2233 11529
f 1993 3908 6373
f 6825 2719 3802
f 4393 3121 5449
f 165 2536 11185
f 165 11185 2545
f 9983 2181 4785
f 9969 3455 4766
f 4602 2536 165
f 2536 4602 4665
f 8000 4785 5611
f 8000 5611 11624
f 8102 7423 11236
f 1955 8102 11236
f 5392 4510 9465
f 6092 2536 4665
f 12176 2439 2718
f 6321 11900 10100
f 3386 234 666
f 3532 12394 9927
f 7940 2323 5279
f 4194 7940 5279
f 4832 9927 11971
f 11971 9927 12394
f 10201 4194 1991
f 10201 1991 8946
f 8946 1991 9557
f 8946 9557 8529
f 8529 9557 7778
f 7778 9557 4832
f 7778 4832 11971
f 7688 6522 10885
f 2448 1751 4129
f 7060 10625 6522
f 8302 2286 7060
f 4517 1543 6281
f 4517 2448 1543
f 9128 6281 224
f 9128 4517 6281
f 651 9110 5542
f 1525 9110 651
f 1525 1406 7063
f 8800 1074 10453
f 10339 8979 7597
f 9771 8426 5600
f 5600 8426 11199
f 7135 1736 7238
f 7238 1736 9053
f 7238 7295 7135
f 7135 7295 5946
f 2328 9053 1350
f 7238 9053 2328
f 2942 282 9177
f 8404 8611 2942
f 8611 8404 2328
f 4395 2364 4245
f 3225 2065 9267
f 6810 2364 240
f 2602 2817 11737
f 2602 10159 2817
f 3763 2602 3308
f 2602 10561 10729
f 10159 2602 10729
f 10561 2602 3763
f 11783 2817 10159
f 3763 4756 10561
f 2817 5616 37
f 11783 5616 2817
f 9334 10561 4756
f 5881 37 5616
f 1969 7272 9967
f 7478 10116 37
f 7478 37 5881
f 9334 80 9820
f 7478 6627 10116
f 80 2587 6370
f 1424 11908 7272
f 11055 4901 6370
f 7508 11908 178
f 7202 6627 9515
f 4901 9305 6370
f 7202 9515 9615
f 11055 11039 4901
f 2195 7953 178
f 7202 9615 11318
f 9821 11081 2233
f 3802 5031 11318
f 9615 3802 11318
f 7953 2195 2118
f 2118 5884 7953
f 3802 2719 5031
f 3802 9615 3898
f 2118 2545 5884
f 1558 6825 3802
f 9244 2181 12433
f 10038 6825 1558
f 9969 4766 6825
f 12433 2181 9983
f 9003 6539 9869
f 8000 9983 4785
f 6092 4665 3762
f 3762 4808 6092
f 1955 8168 8102
f 7540 8168 1955
f 4924 1121 4016
f 7098 10147 8168
f 10268 2439 12176
f 8943 1121 4924
f 11316 7688 4808
f 11316 4808 3762
f 2435 234 3386
f 924 3386 666
f 2323 924 666
f 2323 7940 924
f 7940 4194 10201
f 1860 11971 12394
f 7688 11316 688
f 6522 7688 688
f 6522 688 9020
f 9020 7060 6522
f 7060 9020 8302
f 2054 2286 8302
f 2054 5542 2286
f 7955 4655 2653
f 4655 7955 8162
f 2653 2595 7955
f 2595 12197 7955
f 10453 1074 2595
f 8800 7597 1074
f 8979 10339 11199
f 8979 12053 7597
f 8979 11199 5687
f 11199 8426 5687
f 5687 8426 1290
f 8905 8687 9177
f 1859 55 5946
f 55 1859 9771
f 3032 5946 7295
f 1859 5946 3032
f 9177 6313 2942
f 6313 8404 2942
f 2328 6391 7238
f 7238 6391 7295
f 8404 7637 10471
f 8404 10471 2328
f 2328 10471 6391
f 8459 4395 3225
f 12278 3225 9267
f 312 12278 9267
f 312 2376 12278
f 6810 2783 5374
f 6810 240 2783
f 9855 5374 2783
f 11622 10159 10729
f 1364 10729 10561
f 9334 1364 10561
f 257 4350 7270
f 11622 11783 10159
f 6646 11783 11622
f 5616 6799 5881
f 5616 11783 7465
f 7465 11783 6646
f 7465 6799 5616
f 6799 7465 6085
f 1969 1424 7272
f 869 7478 5881
f 5881 6799 869
f 9515 6627 7478
f 9515 7478 241
f 241 7478 869
f 9615 9515 241
f 5344 4901 11039
f 11039 6373 5344
f 3898 9615 6287
f 9457 469 2233
f 469 9457 9244
f 469 9244 12433
f 4602 165 2545
f 10038 9969 6825
f 10038 7388 9969
f 11236 3455 9969
f 7388 11236 9969
f 6539 9003 150
f 11377 9983 8000
f 7277 3762 4665
f 7277 4665 4602
f 10268 5392 2439
f 8943 7389 1121
f 7277 457 10697
f 7277 10697 3762
f 7389 8943 8373
f 5801 8373 8943
f 10697 11316 3762
f 5801 7902 8373
f 3532 6321 7630
f 10268 12176 2170
f 924 3198 3386
f 2435 3386 3198
f 10340 12390 12176
f 12390 2170 12176
f 10144 3198 924
f 10144 924 7940
f 12362 7778 11971
f 1751 12390 10340
f 10697 688 11316
f 10697 10025 688
f 8215 10201 8946
f 3970 8529 8240
f 8240 8529 7778
f 10025 9020 688
f 10025 720 9020
f 720 8302 9020
f 4517 2119 2448
f 2448 2119 1751
f 2054 8302 720
f 2403 5542 2054
f 9128 6078 4517
f 4655 8162 9128
f 9128 8162 6078
f 2403 651 5542
f 11679 651 2403
f 651 1406 1525
f 11679 1406 651
f 10112 1406 11679
f 1406 10112 7063
f 12197 7241 7955
f 1074 7785 2595
f 9452 2541 4351
f 2541 4427 4351
f 4351 4427 10965
f 10965 6278 10694
f 8979 9597 12053
f 5687 9597 8979
f 4866 8905 6278
f 1290 8426 9771
f 1290 9771 10341
f 10341 9771 1859
f 8687 6313 9177
f 6313 7637 8404
f 12278 8459 3225
f 2783 240 3787
f 1841 11391 2376
f 2006 9231 9855
f 4454 11391 1841
f 1841 257 4454
f 9714 10729 1364
f 11622 10729 9714
f 9820 1364 9334
f 1969 9967 5614
f 9820 4079 1364
f 6646 11120 7465
f 11622 9714 6646
f 4148 10707 7270
f 7465 11120 6085
f 9946 4148 7270
f 6085 11120 11479
f 80 6370 9820
f 9820 6370 5793
f 6370 9305 5793
f 4809 11908 1424
f 869 6799 6455
f 6455 6799 6085
f 4809 178 11908
f 2195 178 4809
f 5194 1996 9821
f 9821 2233 5194
f 241 6287 9615
f 241 4974 6287
f 4974 241 869
f 4901 2533 9305
f 5344 2533 4901
f 5237 3898 6287
f 3312 2118 2195
f 5259 2545 2118
f 5259 2118 3312
f 2685 5468 6373
f 6373 3908 2685
f 3898 1558 3802
f 3898 5237 1558
f 2685 3908 5449
f 3553 2545 5259
f 1558 5237 86
f 3553 4602 2545
f 3275 4602 3553
f 10038 1558 86
f 3275 7277 4602
f 3275 6941 7277
f 9465 150 9003
f 11377 8000 11624
f 4312 11377 11624
f 4016 4312 11624
f 6941 457 7277
f 4312 4016 10071
f 1121 10071 4016
f 6941 607 457
f 7389 10071 1121
f 4379 10316 11900
f 457 607 11657
f 10100 7630 6321
f 9646 10268 2170
f 457 11657 11027
f 11027 10697 457
f 7902 5801 9628
f 9628 5801 234
f 5996 11027 11657
f 9628 234 2435
f 1860 12362 11971
f 2170 12390 6590
f 8946 2431 8215
f 8529 3970 8946
f 12362 8240 7778
f 11027 10025 10697
f 4953 11027 5996
f 11027 720 10025
f 11027 4953 720
f 2119 12390 1751
f 3478 2119 4517
f 5067 2054 720
f 5067 720 4953
f 4517 6078 3478
f 6599 3478 6078
f 5067 2403 2054
f 550 2403 5067
f 550 11679 2403
f 8014 11679 550
f 9730 11679 8014
f 9730 10112 11679
f 7241 8162 7955
f 10112 6268 7063
f 10370 11536 7063
f 10370 7063 6268
f 10370 9452 11536
f 7785 12197 2595
f 2541 9452 10370
f 7597 12053 1074
f 12053 9419 1074
f 1074 9419 7785
f 10965 4866 6278
f 8905 10778 8687
f 1290 1041 5687
f 5888 3032 7295
f 1859 3032 3894
f 1859 3894 10341
f 7637 6313 6235
f 6391 5888 7295
f 7637 807 96
f 7637 96 10471
f 10471 96 6391
f 4395 8459 8245
f 2633 240 2364
f 4395 2633 2364
f 2376 1884 12278
f 2006 1197 9231
f 9855 2783 5183
f 5667 9967 11285
f 4454 257 11159
f 5614 9967 5667
f 4079 9714 1364
f 7412 10707 4148
f 7709 6646 9714
f 7709 11120 6646
f 4079 1675 9714
f 9946 7412 4148
f 5793 4079 9820
f 7412 9946 5194
f 9946 1996 5194
f 10329 6085 11479
f 6455 6085 10329
f 5793 9305 2159
f 8517 6455 10329
f 2533 2159 9305
f 4974 869 6455
f 6287 7013 5237
f 4974 7013 6287
f 5344 6373 5468
f 7013 4974 11496
f 2233 469 8214
f 5237 7013 5427
f 8841 3553 5259
f 12433 544 469
f 544 8214 469
f 10497 3275 3553
f 10497 3553 8841
f 5449 3121 11483
f 86 8835 10038
f 9912 3275 10497
f 8835 7388 10038
f 7388 8835 7982
f 8104 544 9983
f 544 12433 9983
f 9912 5594 6941
f 9912 6941 3275
f 5594 607 6941
f 10268 9646 5392
f 9646 4510 5392
f 5594 7662 607
f 7540 1955 11345
f 7098 8168 7540
f 9750 7662 6077
f 7662 11657 607
f 11900 10316 10100
f 7662 9750 11657
f 10316 7630 10100
f 9750 5996 11657
f 4385 2170 6590
f 2928 2170 4385
f 9750 6816 5996
f 8215 7940 10201
f 8946 3970 2431
f 2092 4385 6590
f 7796 4953 5996
f 2119 6590 12390
f 5996 6816 7796
f 6590 2119 3913
f 6816 7102 7796
f 7102 2293 7796
f 4034 7796 2293
f 7796 10924 4953
f 7796 4034 10924
f 3913 2119 3478
f 6599 3913 3478
f 10766 1371 2192
f 1371 4034 2192
f 10924 5067 4953
f 994 6599 6078
f 6599 994 12364
f 4034 550 10924
f 4034 1371 550
f 10924 550 5067
f 994 6078 8162
f 1371 7064 550
f 1371 10766 7064
f 994 8162 7351
f 7064 8014 550
f 7064 5979 8014
f 7064 10766 5979
f 8014 5979 9730
f 7241 7351 8162
f 7349 5979 6023
f 5979 10766 6023
f 8292 10112 9730
f 9730 5979 8292
f 7351 7241 8286
f 8292 6268 10112
f 6705 12197 7785
f 6705 7241 12197
f 5979 7349 8292
f 7299 8292 7349
f 8292 7992 6268
f 8292 7299 7992
f 7992 10370 6268
f 1620 10370 7992
f 1620 2541 10370
f 1620 7992 3282
f 10761 2541 1620
f 3087 10761 1620
f 10761 4427 2541
f 7785 9419 6705
f 7922 9419 12053
f 4427 10761 5986
f 10965 4427 4192
f 10965 4192 4866
f 11142 12053 9597
f 7922 12053 11142
f 9597 2590 11142
f 6018 10778 8905
f 9597 1041 2590
f 9597 5687 1041
f 3096 1041 1290
f 1041 3096 2590
f 8427 1290 10341
f 3096 1290 8427
f 6313 8687 5596
f 10341 3894 8427
f 5596 6235 6313
f 5888 6391 96
f 3032 5888 3894
f 96 807 216
f 7049 2633 8245
f 2633 4395 8245
f 1884 8459 12278
f 3787 240 2633
f 2376 11391 1884
f 1197 2006 1979
f 2006 9855 5183
f 1197 11285 9231
f 1197 5667 11285
f 7270 11159 257
f 7270 10707 11159
f 1675 7709 9714
f 5389 1424 1969
f 7709 3466 11120
f 1424 5389 4809
f 7412 5194 11909
f 11120 3466 11479
f 4079 5793 1675
f 1675 5793 6747
f 3851 11479 3466
f 11479 3851 10329
f 4716 2195 4809
f 8517 10329 3851
f 2195 4716 3312
f 3312 9285 5259
f 6455 11496 4974
f 6455 8517 11496
f 5194 2233 3605
f 11909 5194 3605
f 3605 2233 8214
f 5427 7013 11496
f 2685 2945 5468
f 9577 8841 5259
f 9577 11393 8841
f 11393 10936 8841
f 5237 5427 86
f 10936 10497 8841
f 3151 86 5427
f 3121 695 11483
f 10936 9912 10497
f 12409 2100 10936
f 2100 9912 10936
f 9869 695 3121
f 12409 10008 2100
f 2100 5594 9912
f 8104 12125 544
f 6539 695 9869
f 3019 10008 12409
f 10008 5594 2100
f 8104 9983 11377
f 3019 5303 10008
f 10335 11236 7388
f 7388 7982 10335
f 4510 150 9465
f 10335 1955 11236
f 436 7982 1338
f 10335 7982 436
f 3019 1732 5463
f 3019 10323 5303
f 10008 7662 5594
f 4312 12267 11377
f 10335 11345 1955
f 3019 5463 10323
f 10323 5463 1078
f 10323 6077 5303
f 5303 6077 10008
f 6077 7662 10008
f 10527 7098 7540
f 10323 1182 6077
f 7098 10316 4379
f 8373 8135 7389
f 7098 2421 10316
f 5208 9646 2170
f 10323 1078 2797
f 10323 2797 1182
f 1182 10996 6077
f 8373 7902 8135
f 2797 3980 1182
f 3945 2797 1078
f 1182 3980 10996
f 6077 10996 9750
f 9701 7902 9628
f 1098 3532 7630
f 2797 3945 11706
f 2797 4370 3980
f 11706 4370 2797
f 3980 7102 10996
f 10996 7102 9750
f 7102 6816 9750
f 4385 4181 2928
f 3980 9385 7102
f 4363 8215 2431
f 4370 1236 3980
f 11706 3945 8516
f 3980 1236 9385
f 2092 6590 3913
f 11706 8516 11731
f 7102 9385 2293
f 11731 3335 11706
f 11706 2078 4370
f 11706 3335 2078
f 4370 2078 1236
f 11731 9667 3335
f 2078 1716 1236
f 2092 3913 1910
f 2192 4034 2293
f 9385 2192 2293
f 1910 3913 6599
f 1236 1716 2926
f 1236 2926 9385
f 1910 6599 12364
f 9385 2848 2192
f 1910 12364 12482
f 2078 3335 1716
f 2848 10766 2192
f 2926 2848 9385
f 12482 12364 994
f 1014 713 3335
f 3335 713 1716
f 713 6145 1716
f 2848 5457 3777
f 2848 3777 10766
f 1716 6145 144
f 1716 144 2926
f 2848 2926 5457
f 12318 994 7351
f 9554 994 12318
f 144 5457 2926
f 3777 6023 10766
f 5457 144 8909
f 5457 8909 5106
f 5457 5106 3777
f 12318 7351 8286
f 3777 11806 6023
f 3777 5106 11806
f 11806 7349 6023
f 7241 6705 8286
f 11806 5106 7141
f 8746 11806 7141
f 11806 8746 7349
f 7349 8746 10057
f 10057 7299 7349
f 3282 7992 7299
f 10057 1847 7299
f 7299 1847 3282
f 9419 12177 6705
f 7594 3282 1847
f 3282 2613 1620
f 3282 7594 2613
f 2613 3087 1620
f 9419 7922 12177
f 10761 5232 5986
f 5986 5232 6330
f 4192 4427 5986
f 7922 11142 6401
f 7922 6401 11866
f 4866 6018 8905
f 868 5596 8687
f 3894 10196 8427
f 7637 6235 807
f 5888 10196 3894
f 807 9754 216
f 7049 3787 2633
f 3787 11189 5183
f 2783 3787 5183
f 499 6601 1979
f 5183 9049 1979
f 6601 1197 1979
f 6601 5371 1197
f 1979 2006 5183
f 7709 8581 3466
f 3163 8581 7709
f 1675 3163 7709
f 1269 8581 3163
f 1675 6747 3163
f 11658 4809 5389
f 4716 4809 11658
f 3877 3851 3466
f 3877 3466 8581
f 5793 2159 6747
f 6747 2159 6458
f 3877 2537 3851
f 2537 8517 3851
f 2533 7255 2159
f 9285 3312 4716
f 7255 2533 3713
f 8517 1070 11496
f 3713 2533 5344
f 5344 5468 3713
f 3713 5468 205
f 9577 9285 7303
f 9577 5259 9285
f 1761 11496 1070
f 3605 8214 1150
f 1761 5427 11496
f 1761 9691 5427
f 12360 10936 11393
f 9691 3151 5427
f 12360 8079 12409
f 12360 12409 10936
f 86 3151 8835
f 8835 3151 11874
f 3019 12409 8079
f 9993 12125 8104
f 8079 1732 3019
f 8104 11377 4737
f 2178 150 4510
f 1732 1454 5463
f 4737 11377 12267
f 2178 4510 9646
f 4312 10071 7012
f 11345 10335 436
f 4269 10527 7540
f 11345 4269 7540
f 9181 2178 9646
f 1454 5238 11296
f 1454 11296 5463
f 7389 7012 10071
f 7098 10527 2421
f 5463 11296 1078
f 7012 7389 8135
f 6954 7630 10316
f 6674 6954 10316
f 6674 10316 2421
f 2928 5208 2170
f 2928 4181 5208
f 1098 7630 6954
f 3532 1098 12394
f 11296 3945 1078
f 8334 9628 2435
f 9476 8131 5692
f 9476 6688 8131
f 8131 6688 11296
f 3970 8240 11701
f 6688 8516 11296
f 11296 8516 3945
f 858 4363 2431
f 2092 900 4385
f 4181 4385 900
f 6688 11731 8516
f 900 2092 4178
f 9476 7132 6688
f 7132 11731 6688
f 1910 4178 2092
f 4178 1910 12428
f 7132 6552 803
f 7132 803 11731
f 11731 803 9667
f 1014 803 525
f 9667 1014 3335
f 803 1014 9667
f 525 3171 1014
f 1014 3171 4278
f 4278 713 1014
f 9554 12482 994
f 8355 12482 9554
f 9845 4278 3171
f 4278 11131 713
f 4278 9845 11131
f 9845 8779 11131
f 713 8779 6145
f 713 11131 8779
f 9554 12318 6038
f 144 6145 10101
f 8286 4810 12318
f 6038 12318 4810
f 144 10101 8909
f 9845 11425 8779
f 1107 8779 11425
f 8779 8758 6145
f 8779 1107 8758
f 6145 8758 10101
f 8909 8039 5106
f 8909 10101 8039
f 5106 8039 7141
f 8758 7494 10101
f 8758 1107 7494
f 10101 7494 8039
f 10057 8746 7141
f 7614 8286 6705
f 8039 7494 1911
f 8039 1911 7141
f 10887 6705 12177
f 7614 6705 10887
f 1911 3309 7141
f 7141 3309 10057
f 10057 3309 1847
f 7494 12252 1911
f 1911 12252 3309
f 1847 3309 1214
f 1847 1214 7594
f 7922 10887 12177
f 1214 5560 7594
f 7594 5560 2613
f 3087 5232 10761
f 2875 5986 6330
f 2875 4192 5986
f 9535 4866 4192
f 2590 6401 11142
f 9535 6018 4866
f 3096 8427 9070
f 10196 9070 8427
f 6235 4445 807
f 2110 216 9754
f 2110 96 216
f 3862 96 2110
f 3862 5888 96
f 602 5888 3862
f 5888 602 10196
f 602 4710 10196
f 3862 2863 602
f 8245 8459 7139
f 8459 11739 7139
f 8459 1884 11739
f 7139 7049 8245
f 10917 3787 7049
f 4454 6411 11391
f 5667 1197 5371
f 11159 10707 7811
f 5614 5389 1969
f 11658 5389 5614
f 2992 7412 11272
f 4716 400 9285
f 11658 400 4716
f 6747 10390 3163
f 10390 1269 3163
f 10390 6747 6458
f 11909 11272 7412
f 3877 8581 1269
f 1232 6458 2159
f 1232 2159 7255
f 8517 7954 1070
f 7954 8517 2537
f 7303 10950 9577
f 11909 3605 4681
f 2685 3477 2945
f 3477 2685 2319
f 10950 11393 9577
f 3605 1150 4681
f 5449 2319 2685
f 5449 11483 2319
f 10950 12360 11393
f 7509 8079 12360
f 7509 12360 10950
f 544 1150 8214
f 7509 5403 8079
f 1150 544 8976
f 8976 544 12125
f 5403 2794 8079
f 6539 11217 695
f 2794 1732 8079
f 11874 7982 8835
f 2794 1454 1732
f 12238 5238 1454
f 4308 436 1338
f 436 2777 11345
f 11345 2777 4269
f 3405 8131 5238
f 12267 4312 7012
f 5238 8131 11296
f 5208 9181 9646
f 5692 3405 6596
f 3405 5692 8131
f 7012 8135 2726
f 7902 9701 8135
f 9628 8334 9701
f 12420 1860 12394
f 1098 12420 12394
f 6596 9476 5692
f 4181 2142 1178
f 10144 7940 898
f 898 7940 8215
f 12362 428 8240
f 2142 4181 1199
f 6596 7936 4198
f 900 1199 4181
f 4198 9476 6596
f 4198 7936 8769
f 4198 7132 9476
f 4178 1199 900
f 8769 4303 2229
f 8769 2229 4198
f 2229 6552 7132
f 2229 7132 4198
f 6552 2229 1689
f 6552 525 803
f 12482 12428 1910
f 12428 12482 8355
f 6552 1689 525
f 525 1689 9520
f 12015 3171 9520
f 3171 525 9520
f 6782 8355 9554
f 6243 6782 9554
f 6782 6243 927
f 12015 11853 3171
f 11853 9845 3171
f 6243 9554 6038
f 11853 5604 9845
f 12396 2351 5604
f 2351 9845 5604
f 9845 2351 11425
f 11425 2351 2576
f 11425 2576 1107
f 8286 7614 4810
f 4810 7614 4310
f 3093 7494 1107
f 1107 10848 3093
f 12252 7494 3093
f 10887 10495 7614
f 2576 10848 1107
f 3093 10848 12252
f 10328 3309 4490
f 10328 1214 3309
f 5560 1214 10328
f 3309 12252 4490
f 7922 11866 10887
f 12252 755 7570
f 12252 7570 4490
f 10328 4884 5560
f 2613 3536 3087
f 2613 5560 3536
f 3536 1617 3087
f 5232 3087 1617
f 4884 3343 5560
f 1617 10131 5232
f 6401 4387 11866
f 6330 1593 2875
f 2875 9535 4192
f 2590 11022 6401
f 3096 11022 2590
f 10778 868 8687
f 6677 6235 5596
f 6677 4445 6235
f 4445 9754 807
f 4710 602 2863
f 9070 10196 4710
f 2863 3862 5762
f 2110 5762 3862
f 11739 1884 6189
f 11391 6189 1884
f 10917 11189 3787
f 11189 9049 5183
f 11189 7198 9049
f 11159 6411 4454
f 6411 11159 7811
f 11658 5614 5667
f 7412 2992 10707
f 10390 6622 1269
f 9697 3877 1269
f 7303 9285 3697
f 11909 11856 11272
f 3713 205 7255
f 11909 4639 11856
f 5821 1070 7954
f 10099 10950 7303
f 10099 7406 10950
f 11909 4681 4639
f 1761 1070 5821
f 2319 5393 3477
f 7406 7509 10950
f 11483 164 2319
f 2319 164 5393
f 7406 5403 7509
f 695 1946 11483
f 1338 7982 11874
f 11217 6539 150
f 12238 1454 2794
f 8104 4737 9993
f 150 1222 11217
f 2178 1222 150
f 12238 3405 5238
f 5602 3405 12238
f 3405 5401 11348
f 436 4308 2777
f 7059 2178 9181
f 12267 1798 8969
f 7012 1798 12267
f 10791 4269 2777
f 10791 10527 4269
f 11348 6596 3405
f 10527 1192 2421
f 11348 4053 6596
f 6674 2421 1192
f 4181 1178 5208
f 2726 8135 9601
f 8135 9701 9601
f 4053 7936 6596
f 8334 9601 9701
f 2435 8545 8334
f 2435 3198 8545
f 3970 858 2431
f 11701 858 3970
f 12362 1860 1595
f 10533 2142 1199
f 7936 5627 8769
f 8769 5627 9410
f 8769 9410 4303
f 4303 9410 12468
f 4178 4888 1199
f 10533 1199 4888
f 12428 4888 4178
f 2229 4303 1689
f 4888 12428 8867
f 12428 6782 8867
f 9520 1689 5262
f 6782 12428 8355
f 1656 6782 927
f 12015 9520 9902
f 12015 1358 11853
f 11853 1358 5604
f 6243 10940 927
f 2694 6243 6038
f 6243 2694 10940
f 4310 6038 4810
f 2694 6038 4310
f 12396 9240 2351
f 4310 7614 10495
f 9240 2576 2351
f 4310 10495 3676
f 2576 9240 6387
f 2576 6387 35
f 2576 35 10848
f 755 12252 10848
f 10848 35 1457
f 10848 1457 755
f 7570 10328 4490
f 755 2997 7570
f 7570 4884 10328
f 3536 5560 3343
f 3536 4977 1617
f 3343 3538 3536
f 1617 4977 10131
f 5232 1593 6330
f 5232 10131 1593
f 9535 2875 1200
f 9535 1200 6018
f 11022 3096 11066
f 10778 6018 6129
f 868 10778 6129
f 868 6129 343
f 868 10863 5596
f 10863 6677 5596
f 4445 6677 6510
f 6510 9754 4445
f 2863 5762 1872
f 2863 2145 4710
f 9754 11539 2110
f 2110 11539 4895
f 4895 5762 2110
f 4895 3568 5762
f 3568 1872 5762
f 10917 7049 270
f 7049 7139 270
f 6411 6189 11391
f 10917 7198 11189
f 6601 499 9195
f 499 1979 9049
f 5371 6601 9195
f 5371 9195 3397
f 3397 5667 5371
f 2992 7811 10707
f 11658 3397 6911
f 5667 3397 11658
f 6911 1891 400
f 400 11658 6911
f 400 1891 3697
f 3697 9285 400
f 6622 10390 5470
f 10390 6458 5470
f 9697 1269 6622
f 11913 6458 1232
f 11856 2992 11272
f 8524 3877 9697
f 2537 3877 8524
f 10799 10099 11872
f 10099 7303 11872
f 439 2537 8524
f 7954 2444 5821
f 7954 2537 2444
f 5468 2945 205
f 148 7406 10799
f 10799 7406 10099
f 148 5403 7406
f 3477 8702 2945
f 4639 4681 11857
f 1761 12172 9691
f 11857 4681 1150
f 12172 3151 9691
f 11417 2794 5403
f 5092 695 11217
f 5092 1946 695
f 5348 12238 11417
f 11417 12238 2794
f 5348 5602 12238
f 9221 12125 9993
f 689 5602 5348
f 5401 5602 689
f 5401 3405 5602
f 8969 4737 12267
f 2178 7059 1222
f 7905 7059 9181
f 10704 2777 4308
f 2777 10704 10791
f 5208 7905 9181
f 2849 4053 11348
f 1178 7905 5208
f 8238 7905 1178
f 11881 1798 7012
f 11881 7012 2726
f 10527 10791 1192
f 7622 8238 1178
f 4053 5627 7936
f 7622 1178 2142
f 6261 1098 6954
f 2142 10533 7622
f 7622 10533 3329
f 12362 1595 428
f 10144 8545 3198
f 428 11701 8240
f 4303 12468 8677
f 1689 4303 8677
f 10533 4888 5663
f 10533 5663 8368
f 5663 4888 8867
f 1656 8867 6782
f 8867 1656 5663
f 5069 9902 9520
f 12192 1656 927
f 1358 12015 9902
f 10940 12192 927
f 5604 11017 12396
f 11017 9240 12396
f 11017 862 9240
f 10495 5906 3676
f 6387 9240 862
f 9547 10495 10887
f 11866 9547 10887
f 35 6387 10306
f 11866 4130 9547
f 35 10306 1457
f 1457 8647 755
f 6276 8647 1457
f 8647 2997 755
f 2557 2997 8647
f 2557 7570 2997
f 10902 7570 2557
f 10902 4884 7570
f 10902 3343 4884
f 8647 2663 2557
f 4977 3536 3538
f 4387 6401 11022
f 4977 4773 10131
f 1593 9379 2875
f 9379 1200 2875
f 1534 6018 1200
f 6129 6018 1534
f 11066 3096 4448
f 3281 343 6129
f 3096 9070 4448
f 3281 6129 1534
f 343 3281 4703
f 10863 868 343
f 10863 343 4703
f 10863 4703 6493
f 6677 10863 6493
f 6677 6493 6510
f 2145 2863 1872
f 11739 3127 7139
f 7871 7198 10917
f 8749 6506 7198
f 7198 6506 9049
f 9195 499 11774
f 499 8280 11774
f 6506 8280 499
f 499 9049 6506
f 9852 9195 11774
f 560 9195 9852
f 6911 3397 9195
f 6911 9195 560
f 6911 560 8144
f 6314 7811 2992
f 8144 1891 6911
f 3697 1891 2043
f 2043 7303 3697
f 2043 11872 7303
f 11913 7533 6458
f 7533 5470 6458
f 6622 3740 9697
f 8524 9697 3740
f 1232 7255 4511
f 205 4511 7255
f 7754 10799 11872
f 2444 2537 439
f 148 10799 7754
f 2945 4343 205
f 1932 148 7754
f 11856 4639 12393
f 4343 2945 8702
f 148 1932 5403
f 12393 4639 4492
f 4639 11857 4492
f 6500 12172 1761
f 1946 164 11483
f 1756 5403 1932
f 11857 1150 2889
f 5348 11417 1756
f 1756 11417 5403
f 5477 3151 12172
f 2889 1150 3872
f 5477 11874 3151
f 1150 8976 3872
f 1163 3872 8976
f 8976 12125 1163
f 1163 12125 9221
f 1338 11874 7760
f 1222 5092 11217
f 11348 5401 4962
f 699 9993 8969
f 9993 4737 8969
f 10559 6728 7059
f 2849 11348 8211
f 7905 10559 7059
f 8649 10559 7905
f 8238 8649 7905
f 10222 4053 2849
f 4063 1798 11881
f 10791 11967 4291
f 8649 8238 9947
f 5627 4053 10222
f 8238 7622 9947
f 2726 11562 11881
f 9113 6674 1192
f 9601 11875 2726
f 1098 9088 12420
f 5783 9601 8334
f 8215 10048 898
f 1860 12420 1595
f 3329 8368 557
f 10533 8368 3329
f 8368 2579 557
f 9978 557 2579
f 1689 62 5262
f 5663 9864 8368
f 8368 9864 2579
f 9021 9864 5663
f 9520 5262 5624
f 1656 9021 5663
f 5069 9520 5624
f 12192 9021 1656
f 2723 9021 12046
f 9021 12192 12046
f 9902 800 1358
f 12192 8944 12046
f 1358 7863 5604
f 8944 12192 10940
f 6153 10940 2694
f 10940 6153 1957
f 8944 10940 1957
f 11017 5604 7863
f 2694 243 6153
f 2694 4310 243
f 243 4310 3676
f 10735 3676 5906
f 3676 10735 243
f 862 10850 6387
f 9547 5726 10495
f 5726 9547 4130
f 6276 1457 10306
f 3848 2557 2663
f 4130 11866 4387
f 10902 3538 3343
f 10902 3223 3538
f 4977 3538 3223
f 3223 4773 4977
f 1593 10131 5796
f 10131 4773 5796
f 1593 5796 9379
f 8856 1200 9379
f 8856 1534 1200
f 8856 4360 1534
f 1534 4360 3281
f 4710 11847 9070
f 6060 9754 6510
f 11539 9754 6060
f 11739 6189 3127
f 270 7139 3127
f 7871 10917 270
f 7871 270 5488
f 1032 6189 6411
f 7871 8749 7198
f 6411 733 1032
f 867 8598 2164
f 11774 8598 867
f 9852 11774 867
f 6411 7811 733
f 733 7811 6314
f 867 6707 9852
f 6707 560 9852
f 867 5717 6707
f 6298 6707 11376
f 6707 6298 3503
f 3503 8144 560
f 3503 560 6707
f 6314 2992 3395
f 362 1891 8144
f 3503 362 8144
f 6298 362 3503
f 8263 6298 4964
f 2992 7022 3395
f 8263 362 6298
f 362 2043 1891
f 362 8263 2043
f 8263 11872 2043
f 8263 4964 11872
f 11856 7022 2992
f 3740 3298 8524
f 12393 7022 11856
f 4964 7754 11872
f 8494 1932 7754
f 1151 12393 4492
f 6500 1761 5821
f 9599 1932 8494
f 9599 1756 1932
f 5477 12172 2155
f 1946 9526 164
f 5814 5348 1756
f 2858 689 5814
f 689 5348 5814
f 5092 7943 1946
f 7760 11874 5477
f 1401 7943 5092
f 4083 1163 9221
f 9993 4083 9221
f 1222 1401 5092
f 4962 5401 689
f 699 4083 9993
f 7059 6728 1222
f 6728 1401 1222
f 2521 1401 6728
f 8211 11348 4962
f 3295 699 8969
f 1798 3295 8969
f 2849 8211 10222
f 319 3295 1798
f 10559 8207 6728
f 4063 319 1798
f 8207 10559 8649
f 10704 11967 10791
f 1937 5627 10222
f 11562 4063 11881
f 283 1192 10791
f 4291 283 10791
f 7622 5281 9947
f 283 9113 1192
f 5281 7622 3329
f 5627 1937 413
f 9410 5627 413
f 2726 3888 11562
f 11875 3888 2726
f 3329 4320 5281
f 12468 9410 413
f 787 6261 6954
f 6674 787 6954
f 557 4320 3329
f 4320 10859 5281
f 3809 5281 10859
f 9601 5783 11875
f 6261 9088 1098
f 8334 8545 5783
f 12420 1459 1595
f 4320 557 9978
f 4320 10759 10859
f 8215 4363 10048
f 1556 10859 10759
f 858 11701 3180
f 428 3180 11701
f 9978 10759 4320
f 62 1689 8677
f 5624 5262 62
f 9007 9978 2579
f 9978 9007 10759
f 10759 11100 1556
f 10759 9007 11100
f 2579 3263 9007
f 3263 2579 9864
f 9864 2723 3263
f 2723 9864 9021
f 9007 3263 11100
f 11100 3263 7008
f 2723 2443 3263
f 3263 2443 7008
f 4217 12046 8944
f 12046 4217 9094
f 12046 9094 2723
f 2723 9094 2443
f 11484 4217 8944
f 4217 11484 11104
f 11484 8944 1957
f 11017 7863 862
f 243 11294 6153
f 6153 11294 8718
f 6153 8718 1957
f 1957 8718 11484
f 3935 243 10735
f 5906 10495 5726
f 5726 4130 10927
f 6387 5532 10306
f 6276 10306 1396
f 6276 1396 8647
f 1396 2663 8647
f 4387 11862 4130
f 2557 12377 10902
f 11022 12456 4387
f 11022 11066 12456
f 3223 4740 4773
f 4448 12456 11066
f 5796 2249 9379
f 9379 2249 8856
f 8856 11034 4360
f 3931 8567 11847
f 8567 9070 11847
f 12134 4703 3281
f 4710 2145 11847
f 4703 12134 6493
f 6060 5972 11539
f 2544 3127 10752
f 3127 6189 10752
f 10752 6189 1032
f 1941 5488 270
f 8749 7871 1936
f 8749 8280 6506
f 8598 6242 2164
f 8598 11774 8280
f 2164 2638 5717
f 867 2164 5717
f 6314 3395 10911
f 1507 327 10658
f 3885 327 1507
f 327 3885 7650
f 2638 7650 5717
f 5717 7650 11376
f 11376 6707 5717
f 7650 3885 11376
f 9063 6298 11376
f 1507 10568 1630
f 1507 1630 3885
f 3885 1630 9063
f 3885 9063 11376
f 4964 6298 9063
f 12055 3395 7022
f 1630 4964 9063
f 4964 1630 7754
f 7218 3740 5470
f 5470 3740 6622
f 7533 7218 5470
f 8268 11913 1232
f 1232 4511 8268
f 11430 8494 10568
f 10568 8494 1630
f 3740 7218 10427
f 4343 4511 205
f 1630 8494 7754
f 11430 3201 8494
f 6834 1151 1051
f 3201 9599 8494
f 3201 4159 9599
f 1151 4492 1051
f 5393 8702 3477
f 8327 5393 164
f 11857 3683 4492
f 4159 1756 9599
f 12172 6500 5591
f 5814 1756 4159
f 164 9526 8327
f 7943 9526 1946
f 6726 689 2858
f 4118 3872 1163
f 6726 4523 4962
f 6726 4962 689
f 4118 1163 4083
f 2521 7943 1401
f 8211 4962 4523
f 699 7777 4083
f 3002 4308 1338
f 3295 7777 699
f 6728 4173 2521
f 8207 4173 6728
f 4988 10222 8211
f 3295 6417 7777
f 4173 8207 2273
f 2182 6417 3295
f 4308 9041 10704
f 8649 9947 2273
f 8649 2273 8207
f 9041 11967 10704
f 319 2182 3295
f 9947 6496 2273
f 4063 6356 319
f 6356 2182 319
f 9947 3809 6496
f 11562 6356 4063
f 5281 3809 9947
f 11562 9407 6356
f 3809 7096 6496
f 3888 11109 11562
f 3809 8237 7096
f 11875 11109 3888
f 6565 6674 9113
f 10859 8237 3809
f 10859 2050 8237
f 3621 11875 5783
f 8545 3128 5783
f 8545 2484 3128
f 10144 2484 8545
f 2050 10859 1556
f 4368 8237 2050
f 10144 898 2484
f 5787 7764 428
f 5787 428 1595
f 5787 1595 1459
f 1556 4268 2050
f 3733 2050 4268
f 9046 5624 62
f 1556 11100 4268
f 11100 115 4268
f 9656 4268 115
f 11100 1627 115
f 11100 7008 1627
f 7008 3972 1627
f 3972 3555 1627
f 9094 429 2443
f 2443 429 7008
f 3972 7008 429
f 3972 11773 3555
f 4217 7632 9094
f 9094 7632 429
f 429 11773 3972
f 4217 11104 7632
f 7632 5633 429
f 95 11104 11484
f 8718 95 11484
f 3154 95 8718
f 11294 243 3935
f 11294 3788 3154
f 8718 11294 3154
f 862 2532 10850
f 11294 3935 3788
f 5726 8050 5906
f 8050 10735 5906
f 3935 10735 7874
f 3935 7874 3788
f 10927 4130 7332
f 10927 8050 5726
f 10735 8050 7874
f 6387 10850 5532
f 6959 2663 1396
f 4130 11862 7332
f 4740 3223 10902
f 12377 4740 10902
f 4448 6032 12456
f 4773 4740 6297
f 4773 6297 5796
f 9070 5391 4448
f 5796 7229 2249
f 9070 8567 5391
f 5391 8567 3931
f 11034 8856 2249
f 11326 11034 2249
f 4360 11034 9332
f 1872 7228 2145
f 4360 9332 3281
f 3281 9332 12134
f 5972 4895 11539
f 108 1941 270
f 9013 5488 1941
f 9013 7871 5488
f 1936 7871 9013
f 8280 8749 2900
f 2900 8749 1936
f 6242 8598 1305
f 8598 8280 1305
f 8399 7650 2638
f 2164 8399 2638
f 10911 733 6314
f 4995 10658 327
f 9603 4995 327
f 9603 327 7650
f 9603 7650 8399
f 9556 10658 8575
f 10568 10658 9556
f 1507 10658 10568
f 3395 12055 10911
f 9556 8575 8489
f 9556 8489 10568
f 8489 11430 10568
f 8489 9460 11430
f 9460 3201 11430
f 12393 12055 7022
f 9460 396 3201
f 7533 11913 799
f 10427 3298 3740
f 4343 5349 4511
f 6834 12393 1151
f 396 4042 2725
f 2444 439 6010
f 396 2725 2858
f 396 2858 3201
f 10969 7580 4343
f 8702 10969 4343
f 2858 4159 3201
f 2444 6500 5821
f 5393 8327 7050
f 4492 3683 1051
f 2858 2725 4709
f 2858 5814 4159
f 11857 1038 3683
f 2889 1038 11857
f 2155 12172 5591
f 2858 4709 6726
f 9526 8923 8327
f 6726 4709 4523
f 8923 9526 11209
f 7943 11974 9526
f 2521 11974 7943
f 4083 3775 4118
f 4083 7777 3775
f 6417 10018 7777
f 3002 9041 4308
f 2273 3010 4173
f 10720 11967 9041
f 11826 6496 1037
f 6356 9407 5016
f 11109 9407 11562
f 6565 787 6674
f 6496 7096 3953
f 3621 11109 11875
f 5783 3090 3621
f 4368 7096 8237
f 5912 8677 12468
f 3128 3090 5783
f 12420 8254 1459
f 9088 8254 12420
f 9088 6261 8254
f 7096 4368 3953
f 2484 10781 3128
f 10781 2484 3109
f 898 3109 2484
f 428 7764 3180
f 5787 17 7764
f 3109 898 10048
f 4363 858 5950
f 5950 858 3180
f 5950 3180 7997
f 7997 3180 7764
f 2050 3733 4368
f 9162 3953 4368
f 9162 4368 3733
f 5037 5069 5624
f 9162 3733 3598
f 4268 9656 3733
f 3733 9656 3598
f 9902 5069 11002
f 242 9656 115
f 3598 9656 3773
f 1627 242 115
f 800 9902 11002
f 242 1627 3555
f 11002 4297 800
f 1358 800 4297
f 11773 429 5633
f 2400 7632 11104
f 7632 10224 5633
f 11773 5633 8940
f 95 2400 11104
f 7632 2400 10224
f 862 7863 2532
f 3154 5360 95
f 3788 5660 3154
f 95 5360 2400
f 10927 7874 8050
f 5660 3788 7910
f 10059 10927 7332
f 7874 10927 10059
f 7874 12222 3788
f 7874 10059 7521
f 7874 7521 12222
f 11862 6021 7332
f 10059 7332 6021
f 5532 928 10306
f 10306 928 1396
f 6959 3848 2663
f 6959 8365 3848
f 3848 12377 2557
f 12456 11862 4387
f 4613 6297 4740
f 5391 6032 4448
f 7229 5796 6297
f 7229 3094 2249
f 11326 2249 3094
f 11847 2145 7228
f 9332 11034 11326
f 9332 686 12134
f 4895 5972 359
f 4895 359 3568
f 12134 5158 6493
f 6493 5158 6510
f 6510 5158 3114
f 108 270 3127
f 2544 108 3127
f 2900 1936 4471
f 1032 733 7968
f 733 10911 7968
f 9603 12343 4995
f 9603 7291 12343
f 9603 8399 7291
f 8399 2164 6242
f 4995 8575 10658
f 4995 9809 8575
f 8575 11378 5475
f 9809 11378 8575
f 5475 8489 8575
f 10911 12055 3560
f 5475 9460 8489
f 11418 396 5475
f 5475 396 9460
f 396 11418 4042
f 12055 12393 6834
f 8524 3298 12270
f 5349 8268 4511
f 691 2725 4042
f 6500 2444 6010
f 8702 5393 7050
f 5591 6500 3419
f 691 4709 2725
f 7050 8327 6734
f 8327 8923 6734
f 691 9661 6948
f 6948 4709 691
f 6948 9661 5723
f 6948 4523 4709
f 3872 8025 2889
f 1845 7760 5477
f 8025 3872 4118
f 9526 11974 11209
f 3775 8025 4118
f 6948 5723 4988
f 4988 4523 6948
f 11387 1338 7760
f 4988 8211 4523
f 3002 1338 11387
f 2521 4173 11974
f 9263 11974 4173
f 3775 10018 3050
f 7777 10018 3775
f 9263 4173 3010
f 4988 5723 10558
f 9263 3010 1443
f 10558 10222 4988
f 1443 3010 11826
f 1937 10222 10558
f 2273 11826 3010
f 6417 2182 4741
f 6496 11826 2273
f 6496 9160 1037
f 5912 12468 413
f 9160 6496 3953
f 4459 9407 11109
f 3621 4459 11109
f 9160 3953 5652
f 9160 5652 913
f 3621 3090 1769
f 3090 700 1769
f 10781 3090 3128
f 5652 3953 9162
f 700 3090 10781
f 11061 10781 3109
f 10048 7988 3109
f 4363 7988 10048
f 5950 7988 4363
f 5950 7997 7988
f 2870 11061 3109
f 2870 3109 7988
f 2870 7988 12329
f 7988 7997 12329
f 10188 7997 2008
f 232 7997 7764
f 5652 9162 6541
f 9046 5037 5624
f 5069 5037 5809
f 3598 6541 9162
f 11002 5069 5809
f 5671 3598 3773
f 3773 9656 1366
f 1366 9656 242
f 3555 1366 242
f 1358 4297 9161
f 1366 3555 641
f 11773 11984 3555
f 641 3555 11984
f 7863 1358 9161
f 11773 8940 11984
f 10224 8940 5633
f 7916 2532 7863
f 5660 5360 3154
f 2400 7693 10224
f 5360 7693 2400
f 7910 3788 12222
f 5532 12334 928
f 10059 12421 7521
f 10059 6021 12421
f 6021 7543 12421
f 1396 979 6959
f 6959 979 8365
f 816 12377 3848
f 816 3848 8365
f 6021 11862 12301
f 8365 10209 816
f 12301 12456 6032
f 12301 11862 12456
f 3418 7584 3931
f 3931 7584 5391
f 6297 3094 7229
f 7228 3931 11847
f 3931 7228 3418
f 1872 60 7228
f 5812 9332 11326
f 5812 686 9332
f 359 8042 3568
f 686 5158 12134
f 6060 6510 3114
f 108 2544 10195
f 10195 1941 108
f 1032 11073 10752
f 4471 1936 9364
f 9364 1936 9013
f 11073 1032 7968
f 1305 8280 2900
f 4233 1305 2900
f 8399 6242 3106
f 7314 7968 10911
f 4995 8013 9809
f 12343 8013 4995
f 12347 7291 8399
f 12347 8399 3106
f 9809 4603 11378
f 10911 3560 7314
f 4603 5475 11378
f 4603 7433 5475
f 11418 5475 7433
f 3560 12055 12432
f 12055 6834 5290
f 4042 11418 3847
f 439 8524 12270
f 3847 691 4042
f 7580 5853 4343
f 9661 691 3847
f 11570 7580 10969
f 1051 9456 6834
f 6500 6010 3358
f 9456 1051 3964
f 1051 3683 3964
f 3419 6500 3358
f 8702 7050 10969
f 9431 3683 1038
f 8025 11049 2889
f 2889 11049 1038
f 314 5723 9661
f 11263 11049 8025
f 3775 6247 8025
f 8025 6247 11263
f 3775 3050 6247
f 7306 10558 5723
f 10018 11446 3050
f 9263 1443 6317
f 6417 11446 10018
f 10558 7306 6795
f 6795 1937 10558
f 6417 4741 11446
f 6795 413 1937
f 11826 1037 1443
f 1443 5306 6317
f 4404 413 6795
f 2182 2660 4741
f 5306 1443 1037
f 6356 2660 2182
f 5306 1037 9160
f 6356 5016 2660
f 5912 413 4404
f 283 4291 5931
f 9407 5223 5016
f 12341 9113 283
f 9407 9397 5223
f 9397 9407 4459
f 8677 5912 62
f 3621 12124 4459
f 3621 1769 12124
f 6261 787 8254
f 1446 12124 1769
f 1446 1769 700
f 8100 913 5652
f 8100 11902 913
f 11061 10537 10781
f 10781 10537 700
f 11061 2870 10537
f 7997 232 2008
f 10537 8698 700
f 232 7764 17
f 9067 17 5787
f 6541 8100 5652
f 10490 2870 12329
f 12329 7997 10188
f 3598 8356 6541
f 3598 5671 8356
f 1366 8641 3773
f 641 9084 1366
f 9161 7916 7863
f 11984 8940 11831
f 7916 3457 2532
f 8940 10224 403
f 8940 403 11831
f 1836 10850 2532
f 403 10224 7693
f 10850 1836 5532
f 12334 5532 1836
f 6184 5660 7910
f 5660 6184 417
f 7910 12222 1082
f 5660 8847 5360
f 4864 6184 7910
f 979 1396 928
f 7521 12421 1082
f 12222 7521 1082
f 1082 4864 7910
f 7543 6021 12301
f 12421 7543 8824
f 4740 12377 816
f 12301 6032 4978
f 7584 6032 5391
f 6032 7584 4978
f 3418 7791 7584
f 6297 4411 3094
f 1872 3568 8042
f 1872 8042 60
f 3094 7234 11326
f 359 4851 11078
f 359 11078 8042
f 3114 2917 6060
f 6060 2917 5972
f 5972 4851 359
f 829 9364 9013
f 4233 2900 5603
f 5603 2900 4471
f 11073 7968 8978
f 1305 3106 6242
f 4233 3106 1305
f 12347 12343 7291
f 9809 12416 4603
f 1992 8013 12343
f 4561 12347 3106
f 2727 7433 4603
f 7433 2727 11418
f 12055 5290 12432
f 11418 2727 4999
f 9262 11418 4999
f 11418 9262 3847
f 12270 3298 10427
f 104 8268 5349
f 439 12270 7454
f 2315 104 5349
f 6010 439 7454
f 5853 5349 4343
f 5853 2315 5349
f 5300 9661 3847
f 7580 11570 5853
f 6010 1356 3358
f 10969 7050 11832
f 3683 9431 3964
f 6734 8176 7050
f 2155 5591 3419
f 1038 11049 9431
f 3419 8395 2155
f 5477 2155 8395
f 5477 8395 1845
f 9661 5300 314
f 11209 6734 8923
f 11931 6734 11209
f 11387 7760 1845
f 7306 5723 314
f 11263 6247 9180
f 3050 9180 6247
f 9263 9208 11974
f 11446 8445 3050
f 3050 8445 9180
f 9041 3002 11708
f 9208 9263 6317
f 5306 9002 6317
f 6795 5493 4404
f 1637 11967 10720
f 1637 4291 11967
f 11311 5306 9160
f 2660 3117 789
f 5016 3117 2660
f 1386 5912 4404
f 9160 913 11311
f 5223 3117 5016
f 11522 6565 9113
f 9113 12341 11522
f 2568 5223 9397
f 9397 4459 3686
f 6565 11522 787
f 9397 3686 6634
f 12124 3686 4459
f 787 10065 8254
f 10065 787 11522
f 1459 4725 5787
f 5787 4725 9067
f 10537 1985 8698
f 2870 1985 10537
f 2870 10490 1985
f 12329 10188 10490
f 1323 17 9067
f 10490 10188 8927
f 4216 2008 232
f 1854 1985 10490
f 8927 10188 2008
f 3773 8641 5671
f 8641 1366 2965
f 9084 2965 1366
f 9084 641 8659
f 8659 641 6034
f 6034 11984 11831
f 641 11984 6034
f 3457 1836 2532
f 9716 403 7693
f 172 7693 5360
f 12334 1836 8476
f 5660 417 8847
f 6215 12334 8476
f 6650 6184 4864
f 928 12334 6215
f 1082 12414 4864
f 8824 1082 12421
f 4864 9271 6650
f 5496 928 2654
f 5496 979 928
f 12414 9271 4864
f 10178 8365 979
f 8365 6277 10209
f 8365 10178 6277
f 4740 816 4613
f 816 10209 4613
f 6297 4613 4411
f 4978 7584 10792
f 4613 7875 4411
f 3418 7228 60
f 4592 3094 4411
f 3418 60 7791
f 7234 3094 4592
f 11326 7234 5812
f 1332 5158 686
f 7159 5158 1332
f 3114 5158 7159
f 4851 5972 2917
f 3114 7159 11617
f 3114 11617 2917
f 7133 10195 2544
f 7133 2544 4590
f 10752 4590 2544
f 829 9013 1941
f 829 1941 6792
f 10195 6792 1941
f 4590 10752 11073
f 7314 8978 7968
f 12347 1992 12343
f 9809 2526 12416
f 9809 8013 2526
f 4561 1992 12347
f 4183 4561 3106
f 6769 4603 12416
f 5286 7218 7533
f 7533 799 5286
f 6834 9456 5290
f 799 11913 9921
f 8268 9921 11913
f 6010 7454 1356
f 5853 11570 10618
f 11832 11570 10969
f 9431 8086 3964
f 8176 9875 7050
f 11263 9431 11049
f 8086 9431 11263
f 11931 8176 6734
f 4992 314 4136
f 11209 11974 9208
f 5985 7306 4992
f 6317 1670 9208
f 5985 6795 7306
f 5493 6795 5985
f 9002 1670 6317
f 10680 4741 2660
f 789 10680 2660
f 11311 9002 5306
f 12153 9002 11311
f 1637 5931 4291
f 283 5931 12341
f 3643 62 5912
f 2568 3117 5223
f 12153 11311 913
f 913 11902 12153
f 6634 2568 9397
f 9046 62 3643
f 8100 3880 11902
f 4337 3686 12124
f 1446 4337 12124
f 1758 1446 700
f 700 8698 1758
f 1323 232 17
f 1768 1446 1758
f 3091 8698 1985
f 5184 11002 5809
f 8356 5671 11547
f 8641 11547 5671
f 3600 11002 5184
f 4297 11002 3600
f 11831 403 9716
f 172 9716 7693
f 417 6184 6650
f 417 9958 8847
f 2654 928 6215
f 5496 10178 979
f 1082 8824 12414
f 5292 10178 5496
f 974 12301 4978
f 7543 12301 974
f 974 4978 10792
f 10209 7875 4613
f 10907 4411 7875
f 7791 10792 7584
f 5293 4411 10907
f 7791 8251 10792
f 4592 4411 5293
f 60 8042 7743
f 4592 5293 7234
f 8042 11078 7743
f 1411 2917 11617
f 1411 4851 2917
f 4590 11073 627
f 9364 829 3728
f 11073 8978 627
f 4471 9364 3728
f 2526 8013 1992
f 4561 2526 1992
f 11253 12179 2727
f 11253 2727 4603
f 11253 4603 6769
f 12432 5290 11340
f 8274 4999 2727
f 9456 11340 5290
f 639 10427 7218
f 3442 639 7218
f 5286 3442 7218
f 5286 799 8028
f 104 9921 8268
f 7454 12270 6072
f 10618 2315 5853
f 9456 3964 8658
f 7050 9875 11832
f 8176 5739 9875
f 5568 8176 11931
f 11263 9180 3271
f 4992 7306 314
f 11931 11209 9208
f 2890 5985 4992
f 9493 9208 1670
f 5985 2890 5493
f 9493 1670 9002
f 9041 7484 10720
f 5493 1386 4404
f 7484 1637 10720
f 5931 8081 12341
f 11902 10817 12153
f 2568 1903 3117
f 4003 9046 3643
f 9046 4003 5037
f 5037 4003 4957
f 4725 1459 8254
f 10065 521 8254
f 3686 4546 6634
f 4337 4546 3686
f 4725 8254 521
f 5809 5037 4957
f 4546 4337 9335
f 7857 3822 4725
f 7857 4725 521
f 1446 1768 4337
f 8698 3091 1758
f 8927 10905 10490
f 10490 10905 1854
f 12425 4337 1768
f 1985 8549 3091
f 7180 4216 232
f 8100 6541 4589
f 4589 6541 8356
f 1768 1758 3091
f 8641 5064 11547
f 2965 5064 8641
f 7682 4297 3600
f 7682 9161 4297
f 11182 8659 6034
f 3457 7916 4532
f 11831 11331 6034
f 9716 172 9843
f 172 5360 3119
f 8476 6996 6215
f 8847 3119 5360
f 6996 4433 6215
f 2654 6215 4433
f 6650 4942 417
f 3725 7543 974
f 8824 7543 3725
f 7633 10178 5292
f 8824 3725 320
f 8824 320 12414
f 7875 10209 6277
f 10178 7633 6277
f 6277 10907 7875
f 10907 1470 6111
f 10907 6111 5293
f 7743 7791 60
f 4679 7873 5293
f 7234 5293 7873
f 11078 11249 7743
f 7873 5812 7234
f 2964 11078 4851
f 1584 11078 2964
f 2964 4851 1411
f 8406 7159 1332
f 2488 11617 7159
f 1411 10288 2964
f 686 10784 1332
f 4598 6792 10195
f 7133 4598 10195
f 3728 829 8811
f 8978 7314 8430
f 2526 4561 1208
f 2526 1208 12416
f 8430 7314 3560
f 3560 12432 8430
f 2727 12179 2597
f 2727 2597 8274
f 8658 11340 9456
f 799 9921 8028
f 12270 10427 639
f 12270 639 6072
f 1356 7454 6072
f 4069 2315 10618
f 3964 8086 8658
f 10425 10618 11570
f 3358 1700 3419
f 10425 11570 11832
f 8395 3419 1700
f 11263 3271 8086
f 5568 7623 8176
f 10047 11387 1845
f 3618 11387 10047
f 8445 9849 9180
f 9208 5568 11931
f 9493 5568 9208
f 11708 3002 11387
f 5493 2890 10785
f 5493 10785 1386
f 8445 11446 4899
f 4741 4899 11446
f 10680 678 4741
f 678 4899 4741
f 8981 1637 7484
f 5912 1386 10080
f 10080 8186 5912
f 5912 8186 3643
f 3117 11779 789
f 5438 12341 8081
f 1903 11779 3117
f 2568 8938 1903
f 8938 2568 6634
f 4725 3822 9067
f 232 1323 7180
f 4957 5184 5809
f 2008 4216 8927
f 1854 8549 1985
f 12225 8927 4216
f 2585 1768 3091
f 3091 8549 2585
f 1854 10905 9132
f 9132 8549 1854
f 11697 9161 7682
f 7916 9161 11697
f 6034 11331 11182
f 11697 4532 7916
f 11831 9716 7561
f 11831 7561 7469
f 8476 1836 6487
f 8476 9824 6996
f 9271 360 6650
f 6650 360 4942
f 12414 10687 9271
f 11076 3725 974
f 5496 10946 5292
f 10946 7633 5292
f 5548 974 10792
f 5548 10792 8251
f 3725 11076 320
f 7633 3410 6277
f 6277 3410 10907
f 10907 3410 1470
f 6111 1470 2122
f 4679 5293 6111
f 7743 8251 7791
f 11249 8251 7743
f 1584 11249 11078
f 11705 5812 7873
f 10288 1584 2964
f 7246 686 5812
f 10784 686 7246
f 8406 2488 7159
f 1411 11617 2488
f 1332 7311 8406
f 8540 8811 829
f 6792 8540 829
f 8363 5603 3728
f 3728 5603 4471
f 4233 5603 8363
f 4183 3106 4233
f 4183 4233 8363
f 4183 1208 4561
f 6769 12416 2933
f 2933 12416 1208
f 12104 8430 12432
f 11340 12104 12432
f 2315 4069 104
f 8029 1356 6072
f 8485 3847 9262
f 3358 1356 8029
f 5300 3847 8485
f 1700 3358 8029
f 2641 10425 11832
f 11832 9875 2641
f 6250 314 5300
f 5251 8395 1700
f 7623 5739 8176
f 5568 3907 7623
f 4992 4136 2890
f 9180 9849 3271
f 8445 10959 9849
f 3618 11708 11387
f 9002 10085 9493
f 2890 4253 10785
f 7484 9041 11708
f 10080 1386 10785
f 12153 10085 9002
f 6051 10080 10785
f 10680 5909 678
f 10080 6051 1188
f 10680 864 5909
f 789 864 10680
f 8186 10080 1188
f 789 11779 864
f 2993 8081 5931
f 8186 4003 3643
f 8186 11102 4003
f 11102 4957 4003
f 11102 4732 4957
f 6634 4540 8938
f 6634 4546 4540
f 3458 1323 9067
f 4540 4546 9335
f 3458 9067 368
f 368 9067 3822
f 368 3822 4928
f 4928 3822 7857
f 609 8100 4589
f 4337 9404 9335
f 12425 9404 4337
f 12425 1768 742
f 4216 7180 12225
f 7744 7180 1323
f 4589 8356 11547
f 3600 5184 9763
f 742 1768 2585
f 742 2585 11036
f 8549 11036 2585
f 8549 9132 11745
f 9897 9132 10905
f 9897 10905 8927
f 11036 8549 11745
f 7682 3600 10689
f 11697 7682 10689
f 7469 11331 11831
f 6487 3457 4532
f 3457 6487 1836
f 7561 9716 9843
f 6487 9824 8476
f 7561 9843 12111
f 7561 12111 8250
f 57 9843 4496
f 9843 57 12111
f 4496 172 3119
f 172 4496 9843
f 9297 3119 8847
f 3119 9297 4496
f 4433 11053 2654
f 11053 5496 2654
f 11776 417 4942
f 11776 9958 417
f 9958 9297 8847
f 11053 10946 5496
f 10687 12414 320
f 10687 360 9271
f 360 7952 4942
f 4942 7952 11776
f 7633 10946 10272
f 11076 974 5548
f 11274 5548 8251
f 5548 11274 11076
f 2122 4679 6111
f 11249 2418 8251
f 11274 8251 2418
f 2418 11249 1584
f 5812 2680 7246
f 11051 10288 1411
f 11051 1411 12149
f 10288 11051 9011
f 1332 10784 7311
f 8406 7311 2488
f 2488 6939 1411
f 8123 7133 4590
f 2879 8540 6792
f 6792 4598 2879
f 627 8123 4590
f 627 8978 8123
f 8363 11196 4183
f 1445 746 8430
f 746 8978 8430
f 4183 10539 1208
f 12104 1445 8430
f 2933 5563 6769
f 4562 11253 6769
f 9427 9061 12104
f 11340 9427 12104
f 2597 12179 10915
f 4965 4999 8274
f 7510 3442 5286
f 7510 5286 8028
f 4965 2763 4999
f 11132 9427 8658
f 11340 8658 9427
f 2763 9262 4999
f 6072 639 7793
f 3624 9921 104
f 4073 9262 2763
f 10492 8658 8086
f 4073 8485 9262
f 8209 10618 10425
f 6250 5300 8485
f 5739 6968 9875
f 6250 4136 314
f 8086 3271 10492
f 6806 8395 5251
f 6806 1845 8395
f 9849 5543 3271
f 4136 9126 2172
f 4136 2172 2890
f 5568 9493 3907
f 4253 2890 2172
f 3618 8937 11708
f 8445 11097 10959
f 8937 7484 11708
f 4253 6063 10785
f 4899 11097 8445
f 4253 4620 6063
f 12153 1227 10085
f 6051 10785 6063
f 8981 2993 1637
f 8981 4604 2993
f 2993 5931 1637
f 1188 6051 7278
f 10817 11902 3880
f 11102 8186 1188
f 7278 11102 1188
f 1730 11102 7278
f 5438 11522 12341
f 8938 4065 1903
f 5302 3880 2037
f 4732 11102 1730
f 8938 780 4065
f 4225 521 10065
f 8100 2037 3880
f 4540 780 8938
f 8100 609 2037
f 4540 3524 780
f 4732 5184 4957
f 9335 3524 4540
f 9404 3524 9335
f 1323 3458 7744
f 4732 9763 5184
f 8927 12225 9897
f 9404 12425 12460
f 12460 12425 742
f 4732 3869 9763
f 12460 742 9444
f 11036 11745 3214
f 11745 9132 9897
f 9763 3869 6847
f 9763 10689 3600
f 6847 5222 10689
f 9763 6847 10689
f 5222 11697 10689
f 9084 8659 6492
f 4532 11697 855
f 11331 3217 11182
f 4435 4532 855
f 6487 4532 4435
f 8250 7469 7561
f 9506 8250 8670
f 8250 12111 8670
f 9824 1179 6996
f 5940 12111 57
f 8670 12111 5940
f 6996 1179 4433
f 6140 57 4496
f 9422 4496 9297
f 9422 9297 8495
f 4496 9422 878
f 4496 878 6140
f 8495 9958 11776
f 8495 9297 9958
f 320 2005 10687
f 360 10687 2005
f 7952 8243 11776
f 11776 8243 2174
f 11776 2174 8495
f 3410 7633 10272
f 2005 320 11076
f 8495 2174 9422
f 10272 2045 3410
f 3410 2045 1470
f 2122 1470 2045
f 9971 11076 11274
f 3210 11076 9971
f 11076 3210 2005
f 2005 2927 360
f 360 2927 7952
f 7952 2927 8243
f 8243 3475 2174
f 2174 3475 1489
f 11274 11275 9971
f 3210 8402 2005
f 2005 8402 2927
f 2927 8402 2106
f 2927 2106 8243
f 11275 11274 2418
f 11877 11275 2418
f 9011 1584 10288
f 1584 9011 2418
f 5812 11705 2680
f 11051 5266 9011
f 2279 2488 7311
f 6939 2488 2279
f 12149 1411 6939
f 5266 11051 12149
f 6939 1205 12149
f 7133 8123 4598
f 746 8123 8978
f 8811 8363 3728
f 2831 11196 8363
f 12104 9061 1445
f 12179 11253 4562
f 6769 5563 4562
f 10915 12179 4562
f 10915 8980 2597
f 2597 8643 8274
f 9427 11132 9061
f 4243 639 3442
f 7510 4243 3442
f 4064 6072 7793
f 11132 8658 10492
f 8029 6072 4064
f 1530 3624 104
f 1530 104 4069
f 2659 12490 10618
f 8029 5298 1700
f 8209 2659 10618
f 5251 1700 5298
f 10492 3271 5543
f 5537 1845 6806
f 6968 5739 7623
f 4136 6056 9126
f 9949 5543 12280
f 9849 12280 5543
f 11873 3907 9493
f 9126 580 2172
f 9479 10047 2487
f 9849 10959 12280
f 580 4253 2172
f 11873 9493 10085
f 8937 3618 9479
f 580 4620 4253
f 8937 9479 6538
f 678 3360 4899
f 12153 10817 1227
f 678 5909 3360
f 4620 7278 6063
f 4620 3085 7278
f 7278 6051 6063
f 3085 1385 7278
f 11779 6422 864
f 3880 5302 10817
f 11284 1385 12372
f 7278 1385 1730
f 1903 113 11779
f 1385 11284 1730
f 4065 113 1903
f 1730 6652 4732
f 1730 11284 6652
f 4065 9434 113
f 4225 10065 11522
f 10944 1389 11284
f 1389 6652 11284
f 4225 3156 521
f 780 8052 4065
f 3156 7857 521
f 3023 5746 1389
f 6652 1389 5746
f 9404 6981 3524
f 1810 7744 3458
f 1810 3458 368
f 3304 6652 5746
f 742 11036 9444
f 9897 7691 11745
f 7816 12225 7180
f 7816 7180 7744
f 4732 6652 3869
f 3214 9444 11036
f 11745 8896 3214
f 11745 7691 8896
f 7689 7691 9897
f 7689 9897 12225
f 3304 3869 6652
f 8896 7691 10653
f 3304 6847 3869
f 5064 7716 11547
f 3304 11969 6847
f 2965 7716 5064
f 11969 5222 6847
f 9084 6492 2965
f 2864 5222 11969
f 5222 855 11697
f 8659 6266 6492
f 855 5222 2864
f 6266 8659 11182
f 3217 6266 11182
f 3217 11331 10506
f 9506 11331 7469
f 10506 11331 9506
f 9506 7469 8250
f 4435 12265 6487
f 9824 6487 12265
f 8670 4712 9506
f 6140 5940 57
f 8670 5940 8180
f 8883 6140 878
f 6140 2386 5940
f 5940 2386 8180
f 6140 8883 2386
f 11053 9668 10946
f 878 9422 2174
f 2174 7151 878
f 878 7151 8883
f 8402 3210 6491
f 2904 2106 8402
f 10203 2106 2904
f 10203 8243 2106
f 10203 3475 8243
f 2174 1489 7151
f 1026 4679 2122
f 6491 3210 9971
f 6491 4721 8402
f 8402 4721 2904
f 2904 4721 438
f 2904 438 10203
f 4132 11275 11877
f 11275 11953 9971
f 9971 11953 6491
f 3475 5530 1489
f 7151 1489 8960
f 1489 5530 8960
f 11877 2418 5175
f 11953 11275 4132
f 11953 790 6491
f 4721 10888 438
f 3475 10203 5530
f 5175 2418 9011
f 11877 5175 4132
f 4132 7932 11953
f 438 7065 10203
f 5460 7246 2680
f 5460 10784 7246
f 1912 9011 5266
f 945 7311 10784
f 5460 945 10784
f 9011 1912 8879
f 7311 945 2279
f 2279 945 10591
f 2279 10591 6939
f 1205 3791 12149
f 8123 3542 4598
f 3542 8123 7986
f 8363 8811 9152
f 746 7986 8123
f 746 1273 7986
f 11196 280 4183
f 1445 1273 746
f 1208 777 2933
f 10539 777 1208
f 9061 1273 1445
f 8643 2597 8980
f 11132 9551 9061
f 4965 8643 11103
f 4965 8274 8643
f 11103 2763 4965
f 639 4243 7793
f 8028 9921 12245
f 12245 9921 3624
f 6686 4073 2763
f 11212 11132 10492
f 8888 8029 4064
f 12490 4069 10618
f 3067 11132 11212
f 6250 8485 4073
f 2641 10512 10425
f 9875 10512 2641
f 6526 5251 5298
f 5543 9949 10492
f 10492 9949 11212
f 6250 6056 4136
f 7623 818 6968
f 6056 11630 9126
f 1845 5537 10047
f 5537 2487 10047
f 3907 11873 7623
f 7623 11873 818
f 4434 9949 12280
f 4022 580 9126
f 4022 5048 580
f 9479 3618 10047
f 10085 11979 11873
f 10959 3222 12280
f 6538 9479 9720
f 11979 10085 1227
f 811 4620 580
f 3222 10959 11097
f 6538 8981 8937
f 8981 7484 8937
f 6212 11097 4899
f 1227 10817 4174
f 811 3085 4620
f 4899 3360 6212
f 811 840 3085
f 840 5405 3085
f 5909 864 4460
f 5405 12372 3085
f 12372 1385 3085
f 6422 11779 113
f 9534 1417 12372
f 12372 1417 11284
f 11284 1417 10944
f 5438 4225 11522
f 8052 9434 4065
f 8052 3530 9434
f 10944 3023 1389
f 3156 4928 7857
f 3023 10944 6943
f 3524 8052 780
f 6981 5872 3524
f 7816 7744 1810
f 11547 11012 4589
f 12460 9444 9404
f 3214 10 9444
f 12225 2191 7689
f 12225 7816 2191
f 5746 8994 3304
f 3214 8896 10
f 7691 7689 2082
f 10653 7691 2082
f 7716 11012 11547
f 8994 11969 3304
f 2864 11969 8994
f 2965 6083 7716
f 2864 8994 11389
f 6083 2965 6492
f 7692 2864 11389
f 7692 855 2864
f 6492 6266 3217
f 2263 3217 10506
f 8098 855 7692
f 8098 4435 855
f 8098 12265 4435
f 2647 10506 9506
f 12265 5072 9824
f 5072 1179 9824
f 2647 9506 4712
f 10372 4433 1179
f 4712 8670 8180
f 4433 10372 11053
f 8180 7818 4712
f 2386 1347 8180
f 9668 8696 10946
f 8696 10272 10946
f 10272 3754 2045
f 7151 1577 8883
f 2386 8883 8405
f 2386 8405 4018
f 1577 8405 8883
f 1026 2438 4679
f 790 4721 6491
f 7461 4721 790
f 10888 4721 7461
f 7539 438 10888
f 7065 438 7539
f 7151 8960 1577
f 8556 11705 7873
f 5530 10203 7065
f 5530 8338 8960
f 5379 2680 11705
f 5379 5460 2680
f 8879 5175 9011
f 5175 6778 4132
f 4132 6778 7932
f 8960 2895 1577
f 5175 8879 6778
f 7461 7539 10888
f 8338 2895 8960
f 10591 945 1638
f 8879 7698 6778
f 1205 6939 10591
f 3791 5266 12149
f 1912 5266 3791
f 8879 1912 7698
f 5530 7065 8338
f 1205 10770 3791
f 9336 2879 3542
f 9336 8540 2879
f 4598 3542 2879
f 2267 8811 8540
f 9336 2267 8540
f 7986 4596 3542
f 9152 2831 8363
f 10114 7986 1273
f 10114 1273 4026
f 9061 4026 1273
f 9551 4026 9061
f 11103 8643 6957
f 11132 11693 9551
f 660 4243 7510
f 1022 7793 4243
f 5337 6686 2763
f 5337 2763 11103
f 6475 4064 7793
f 11132 3067 11693
f 6686 6250 4073
f 8029 8888 5298
f 8888 939 5298
f 8209 10425 10512
f 5298 939 6526
f 9949 3067 11212
f 6968 10512 9875
f 10368 6250 6686
f 3067 9949 981
f 9950 5251 6526
f 10368 6056 6250
f 9950 6806 5251
f 9950 5537 6806
f 8626 6056 10368
f 9950 2487 5537
f 8626 11630 6056
f 9949 4434 981
f 11630 8626 12146
f 12280 7068 4434
f 4022 9126 11630
f 1773 9720 9479
f 3222 7068 12280
f 12445 580 5048
f 12445 811 580
f 10901 3222 11097
f 9720 11645 6538
f 840 811 12445
f 6538 11368 8981
f 6538 11645 11368
f 11097 6212 10901
f 10817 8819 4174
f 11067 12110 840
f 8981 11368 458
f 8819 10817 5302
f 12110 5405 840
f 7396 5909 4460
f 4604 8981 458
f 12110 45 5405
f 864 6422 4460
f 4604 9058 2993
f 45 9534 5405
f 5302 2037 4973
f 9534 12372 5405
f 11990 5438 8081
f 7017 2037 9185
f 2037 609 9185
f 1417 6943 10944
f 8052 8950 3530
f 4589 3053 609
f 9185 609 3053
f 6943 4934 3023
f 5872 8052 3524
f 11012 3053 4589
f 3023 4934 12392
f 3023 12392 5746
f 11300 6981 9404
f 9444 11300 9404
f 11300 9444 8151
f 8151 9444 10
f 12392 6764 5746
f 6764 8994 5746
f 7716 3480 11012
f 11557 3480 7716
f 6764 11389 8994
f 6083 11557 7716
f 11389 6764 7011
f 10801 6492 3217
f 6083 6492 10801
f 7692 7898 8098
f 10801 3217 2263
f 2647 2263 10506
f 2263 8714 10801
f 2263 5601 8714
f 2263 2647 5601
f 8118 12265 8098
f 12265 8118 5072
f 2647 3063 5601
f 1179 5072 7293
f 7293 667 1179
f 10372 1179 667
f 2647 4712 7818
f 7818 8180 1347
f 10372 9668 11053
f 1347 2386 4018
f 8696 3754 10272
f 3754 1131 2045
f 2122 2045 1026
f 4018 11579 1347
f 10113 7873 4679
f 8405 1577 4018
f 8556 7873 10113
f 790 11953 12313
f 1577 2112 4018
f 5379 11705 8556
f 12313 11953 7932
f 790 12313 7461
f 2895 2112 1577
f 2370 7932 6778
f 2572 298 5379
f 298 5460 5379
f 1638 5460 298
f 1638 945 5460
f 12313 7932 2370
f 2895 8338 1684
f 7698 11158 6778
f 2370 6778 11158
f 5055 145 12313
f 12313 145 7461
f 7065 1684 8338
f 145 8793 7461
f 7461 8793 7539
f 1684 10864 2895
f 10591 1638 4881
f 1205 10591 3783
f 3630 1912 3791
f 7698 6348 11158
f 7539 3694 7065
f 7539 8793 3694
f 7065 3694 1684
f 4881 3783 10591
f 1205 3783 10770
f 1912 3630 7698
f 3694 9539 1684
f 4881 6739 3783
f 4596 9336 3542
f 1094 9336 4596
f 3290 1094 4596
f 9077 11196 2831
f 10114 4596 7986
f 10114 3290 4596
f 280 10539 4183
f 7762 3290 10114
f 4026 7762 10114
f 6957 8980 3677
f 6957 8643 8980
f 1022 4243 660
f 423 7510 8028
f 423 660 7510
f 7793 3399 6475
f 1022 3399 7793
f 11103 3471 5337
f 8888 4064 6475
f 81 8888 6475
f 10573 4069 12490
f 12490 2659 3742
f 8888 4406 939
f 7984 3742 2659
f 7984 2659 8209
f 7119 6686 5337
f 939 2582 6526
f 6968 8450 10512
f 6526 2582 9950
f 9877 2582 2080
f 9950 2582 9877
f 988 6968 818
f 6686 7119 10368
f 8626 10368 7119
f 9877 2487 9950
f 2487 9877 12351
f 12323 818 11873
f 2487 12351 9479
f 9956 11630 12146
f 7068 4060 4434
f 9479 12351 1773
f 12351 10109 1773
f 9956 4022 11630
f 9721 4022 9956
f 4060 7068 7654
f 11979 1227 6535
f 9721 5048 4022
f 1227 4567 6535
f 10109 9720 1773
f 9720 10109 7808
f 1227 4174 4567
f 9721 12219 5048
f 12219 12445 5048
f 11067 12445 12219
f 7808 11645 9720
f 12219 3994 11067
f 11067 840 12445
f 7808 1434 11645
f 11067 3994 9224
f 11368 11645 5570
f 11067 8829 12110
f 11368 5570 458
f 7396 11469 3360
f 7396 3360 5909
f 4973 8819 5302
f 9058 8081 2993
f 9058 11990 8081
f 2037 7017 4973
f 7318 1417 9534
f 10314 4225 5438
f 10314 5438 11990
f 9185 11517 7017
f 3530 7226 9434
f 7226 113 9434
f 7318 6943 1417
f 4225 10421 3156
f 9932 4928 3156
f 2048 7226 3530
f 11791 4934 6943
f 8950 10909 3530
f 5872 8950 8052
f 368 10227 1810
f 4928 10227 368
f 3053 6832 9185
f 5872 7075 8950
f 6981 7075 5872
f 9596 6832 3053
f 8776 277 4934
f 12392 4934 277
f 6981 10973 7075
f 11300 10973 6981
f 3053 11012 12224
f 9596 3053 12224
f 7689 11195 2082
f 7689 2191 11195
f 8638 11195 2191
f 277 6764 12392
f 329 10973 11300
f 8151 329 11300
f 10 6331 8151
f 10 8896 6331
f 6331 8896 10653
f 11012 3480 12224
f 6083 8384 11557
f 7011 7898 11389
f 7898 7692 11389
f 10801 8384 6083
f 8714 8384 10801
f 7898 5024 8098
f 5072 8118 9926
f 9926 7293 5072
f 3063 2647 7818
f 1131 1026 2045
f 4679 2438 10113
f 11579 4018 10882
f 4018 2112 10882
f 2572 5379 8556
f 12313 2370 5055
f 2895 10864 2112
f 2572 8362 298
f 298 5030 1638
f 2370 11158 3776
f 2370 3776 5055
f 4881 1638 5030
f 6209 11158 6348
f 3776 11158 3262
f 145 5055 11936
f 6348 7698 3630
f 8793 145 1502
f 3694 8793 1502
f 4468 1684 9539
f 5030 1043 4881
f 4881 11134 6739
f 10770 3783 6739
f 6209 6348 8576
f 3462 1684 3634
f 1684 3462 10864
f 4881 1043 11134
f 3791 10770 1515
f 3791 1515 3630
f 3630 8576 6348
f 3630 1515 8576
f 4468 3634 1684
f 6739 5712 10770
f 10770 5712 1515
f 3694 12306 9539
f 1094 2267 9336
f 2267 2469 8811
f 2469 2831 9152
f 9152 8811 2469
f 4026 10683 7762
f 4026 1723 10683
f 10915 4562 12378
f 9551 1723 4026
f 6962 1022 660
f 12245 423 8028
f 1815 12245 3624
f 1530 4069 8887
f 3067 8823 11693
f 10573 8887 4069
f 5337 3471 10578
f 6046 8823 3067
f 81 4406 8888
f 981 6046 3067
f 5659 7984 8209
f 8209 10512 5659
f 8854 6046 981
f 6968 988 8450
f 4060 8854 981
f 2080 3481 9877
f 4434 4060 981
f 12123 12351 3481
f 3481 12351 9877
f 11979 12323 11873
f 8626 7674 12146
f 12351 12123 10109
f 5278 7808 10109
f 7068 3222 7654
f 7808 5278 11662
f 4567 4174 8673
f 5738 3994 12219
f 3591 8673 4174
f 7808 11662 1434
f 6212 11469 10901
f 11645 1434 5570
f 8819 3591 4174
f 3591 8819 4973
f 10499 3591 4973
f 3360 11469 6212
f 5570 1434 9272
f 9224 8829 11067
f 4973 7017 10499
f 7396 6039 11469
f 7017 1342 10499
f 4460 6039 7396
f 8829 45 12110
f 9234 4604 458
f 6039 6422 8565
f 4460 6422 6039
f 9058 4604 9234
f 113 8925 6422
f 11990 9058 2571
f 7017 11517 1342
f 4267 8925 113
f 9915 10314 11990
f 7226 4267 113
f 963 7318 7411
f 10421 4225 10314
f 9185 6832 11517
f 7318 11791 6943
f 10909 2048 3530
f 11791 8776 4934
f 4340 6832 9596
f 4340 9596 12224
f 10973 9138 7075
f 7816 1410 2191
f 2191 1410 8638
f 8095 11195 8638
f 4340 12224 4082
f 9546 10973 329
f 4482 8151 6331
f 10853 10653 2082
f 10853 2082 3353
f 12224 3480 10847
f 12224 10847 9012
f 4082 12224 9012
f 4932 6764 277
f 8776 4932 277
f 3480 11557 10847
f 7011 6764 4932
f 11557 2165 10847
f 10847 2165 8708
f 8384 2165 11557
f 8384 11949 2165
f 2165 6024 8708
f 8384 8714 11949
f 6024 2165 11949
f 7011 5024 7898
f 11949 8714 7279
f 5024 9569 8098
f 7279 8714 2231
f 8098 9569 8118
f 9569 9926 8118
f 5601 2231 8714
f 236 667 7293
f 3063 7818 2603
f 7818 1347 2603
f 2603 1347 11579
f 1131 2438 1026
f 11477 10882 2112
f 11477 2112 10864
f 3333 11477 10864
f 8362 8108 7470
f 8362 5030 298
f 3462 3333 10864
f 8362 7470 512
f 512 5030 8362
f 512 8438 5030
f 3262 11158 6209
f 8438 1043 5030
f 6209 1007 3262
f 145 11936 10572
f 8438 1440 1043
f 145 10572 1502
f 6220 3634 4468
f 3634 2547 3462
f 3634 6220 2547
f 12306 3694 1502
f 8742 6220 4468
f 1515 3878 8576
f 1502 8092 12306
f 9539 8742 4468
f 9539 12306 8742
f 11134 1043 4467
f 5712 9655 1515
f 8576 2343 6209
f 6739 11134 5712
f 9655 3878 1515
f 8576 3878 2343
f 4467 5712 11134
f 5712 4467 3326
f 9655 5712 3326
f 9655 2445 3878
f 8497 7472 2831
f 2831 2469 8497
f 564 2267 1094
f 9077 2831 7472
f 1094 3290 564
f 5563 2933 6275
f 6275 2933 777
f 12378 4562 460
f 10915 3677 8980
f 1723 9551 11693
f 8326 3399 1022
f 8326 1022 6962
f 12245 8416 423
f 1530 1815 3624
f 81 6475 3399
f 10573 12490 3742
f 5659 10512 5467
f 5467 10512 8450
f 2080 10434 3481
f 9782 3481 10434
f 7674 9956 12146
f 5278 10109 12123
f 12123 3826 5278
f 3123 9956 7674
f 3123 9721 9956
f 3826 10381 5278
f 4567 387 4372
f 4567 4372 6535
f 11297 4372 387
f 6488 12219 9721
f 6488 9721 3123
f 7654 3222 2824
f 6488 5738 12219
f 8673 387 4567
f 1614 387 8673
f 11297 387 1614
f 10542 2824 10901
f 10901 2824 3222
f 8673 3591 1614
f 1614 3591 7443
f 10901 11469 10542
f 10499 7443 3591
f 1020 7443 10499
f 1434 10628 9272
f 7443 1020 9662
f 6039 5597 11469
f 9272 458 5570
f 10499 1342 1020
f 6039 10312 5597
f 9272 9748 458
f 458 9748 9234
f 1020 1342 11517
f 6039 8565 10312
f 1020 5581 9662
f 12450 45 8829
f 8925 8565 6422
f 2571 9058 9234
f 10450 2571 9234
f 12450 9534 45
f 12450 7411 9534
f 11990 2571 9915
f 1020 682 5581
f 1020 11517 682
f 5581 682 10682
f 7411 7318 9534
f 12330 10314 9915
f 963 11791 7318
f 3156 10421 6947
f 11517 6832 682
f 682 3086 10682
f 682 6832 3086
f 2906 10682 3086
f 4928 9932 10227
f 9932 3156 6947
f 2906 3086 10857
f 10909 10470 2048
f 8069 10470 10909
f 8950 5206 10909
f 5206 8069 10909
f 10227 6972 1810
f 4340 3086 6832
f 5142 8776 11791
f 9138 8950 7075
f 9138 5206 8950
f 4340 619 3086
f 3086 619 10857
f 1410 7816 1810
f 1410 1810 6972
f 619 4340 4082
f 9546 9138 10973
f 329 4115 9546
f 2082 11195 3353
f 10857 619 6578
f 4115 329 8151
f 4482 4115 8151
f 10653 10853 6331
f 3353 11195 8095
f 4082 6578 619
f 4082 9012 6578
f 10857 6578 572
f 9012 8708 6578
f 8708 9012 10847
f 8708 8273 6578
f 4932 8776 5531
f 6024 8273 8708
f 10672 4932 5531
f 10672 7011 4932
f 8273 6024 10980
f 7011 10672 5024
f 6024 11949 7279
f 9926 236 7293
f 5601 2243 2231
f 2243 5601 3063
f 2243 3063 1578
f 9668 9593 8696
f 9593 3754 8696
f 3754 9227 1131
f 2603 11579 11116
f 10113 2146 8556
f 11579 10882 6257
f 6257 10882 11477
f 3333 3462 12221
f 512 1440 8438
f 12221 3462 2547
f 3776 4229 5055
f 5055 4229 11936
f 1502 10572 8092
f 1007 6209 2343
f 1007 3014 3262
f 12306 8092 1668
f 8742 12306 1668
f 8742 10580 6220
f 1043 1440 4467
f 3014 1007 10072
f 1007 2343 10072
f 3878 10072 2343
f 2445 9655 3326
f 3878 9339 10072
f 3326 9607 2445
f 3326 9774 9607
f 2445 9607 6369
f 2445 9339 3878
f 2445 6369 9339
f 3990 8732 1440
f 1440 8732 4467
f 4467 9774 3326
f 4467 8732 9774
f 5274 9774 993
f 9774 5274 9607
f 9607 5274 1867
f 6794 9607 1867
f 6794 6369 9607
f 8732 993 9774
f 6369 6794 10356
f 7472 8497 7378
f 489 8497 2469
f 564 10823 489
f 2469 564 489
f 2267 564 2469
f 10823 564 4537
f 3290 4537 564
f 3290 3658 4537
f 7762 3658 3290
f 10683 3658 7762
f 3658 10683 10399
f 4562 5563 460
f 10683 10783 10399
f 1723 10783 10683
f 12378 2239 10915
f 8650 3677 10915
f 6957 11707 11103
f 6957 3677 11707
f 7172 6962 660
f 7172 660 423
f 423 8416 7172
f 11707 3471 11103
f 11693 8823 1723
f 2721 3399 8326
f 765 1815 1530
f 1530 8887 765
f 11510 5337 10578
f 11510 7119 5337
f 4406 2582 939
f 818 12323 988
f 12323 8190 988
f 11510 3573 7119
f 7119 3573 8626
f 4060 9401 8854
f 6211 12323 1258
f 11979 1258 12323
f 10434 5930 9782
f 3573 7674 8626
f 9782 12123 3481
f 6535 1258 11979
f 9782 11369 12123
f 6535 2687 1258
f 6211 1258 2687
f 7501 1794 6956
f 6956 1794 2818
f 11369 3826 12123
f 11369 10381 3826
f 4372 2687 6535
f 2687 4372 11297
f 6357 2687 11297
f 7501 5707 1794
f 6663 2818 1794
f 6550 3123 4701
f 3123 7674 4701
f 6357 11297 5576
f 1492 3449 5707
f 3449 1532 5707
f 5707 12398 1794
f 5707 9797 12398
f 6663 1794 12398
f 105 11662 10381
f 10381 11662 5278
f 12101 5576 11297
f 5576 12101 1016
f 5707 1532 9797
f 12101 10677 1016
f 9797 5915 12398
f 105 8228 11662
f 1614 12101 11297
f 3449 3731 1532
f 1532 970 9797
f 5915 8917 12398
f 12101 1614 7443
f 12380 12101 7443
f 10677 12101 12380
f 1016 4544 1130
f 1016 10677 4544
f 3731 970 1532
f 970 5915 9797
f 5915 5035 8917
f 6335 9643 3449
f 3449 7499 3731
f 5035 5915 4822
f 6488 3576 5738
f 11662 8228 1434
f 3449 9643 7499
f 1434 8228 11642
f 5915 970 4822
f 11469 5597 10542
f 10628 1434 11642
f 7443 9662 12380
f 12380 6711 10677
f 12380 9662 6711
f 10677 9671 4544
f 7697 7769 4544
f 7697 9643 7769
f 7499 10636 3731
f 3731 10636 970
f 5738 3576 3994
f 3994 3576 11129
f 10542 5597 2465
f 10677 6711 9671
f 4544 9671 7697
f 9643 7697 7499
f 10636 5032 970
f 4822 970 5032
f 7697 9671 11803
f 7697 11803 7499
f 7499 11803 10636
f 9224 3994 11129
f 10312 2465 5597
f 11790 9272 10628
f 9671 12157 11803
f 11803 12157 10636
f 10636 4440 5032
f 12157 4440 10636
f 6711 9662 5581
f 6136 9748 9272
f 6136 9272 11790
f 9748 10450 9234
f 5581 5916 6711
f 6711 5916 9671
f 9748 6136 10450
f 5916 5581 10682
f 5916 12157 9671
f 1237 12450 8829
f 8925 3301 8565
f 5916 9301 12157
f 10450 11821 2571
f 5579 10450 6136
f 11821 10450 5579
f 10682 7044 5916
f 5916 7044 9301
f 9301 2171 12157
f 4440 2171 4801
f 4440 12157 2171
f 2571 4748 9915
f 2571 11821 4748
f 10682 2906 7044
f 4267 3301 8925
f 9915 4748 12330
f 9301 7044 2171
f 4801 2171 5890
f 12330 10421 10314
f 12330 498 10421
f 12330 4748 498
f 7226 2750 4267
f 7044 52 2171
f 7226 2048 2750
f 2906 52 7044
f 5890 2171 52
f 10857 52 2906
f 963 1133 11791
f 2048 10470 2750
f 1133 5142 11791
f 9138 3347 5206
f 1410 6972 1506
f 7710 52 10857
f 3347 9138 3498
f 9546 3498 9138
f 10857 572 7710
f 5142 1133 10779
f 8095 6830 3353
f 11548 4482 6331
f 6331 10853 11548
f 10853 3353 11222
f 11222 3353 6830
f 6385 11548 3659
f 3659 11548 10853
f 3659 10853 11222
f 572 6578 1753
f 5142 5531 8776
f 6578 8273 1753
f 7279 10980 6024
f 7279 2620 10980
f 2063 10980 2620
f 8113 5024 10672
f 2620 10517 2063
f 5024 8113 9569
f 9569 7070 9926
f 9926 7070 236
f 2620 7279 2231
f 10517 2620 2231
f 2231 2243 10517
f 2243 1578 1842
f 667 7620 10372
f 7620 9668 10372
f 9668 9627 9593
f 1578 3063 2603
f 3754 9593 9227
f 1131 1974 2438
f 2438 4127 10113
f 2146 10113 4127
f 2146 8876 8556
f 2572 8556 8876
f 8876 8362 2572
f 8876 8108 8362
f 11477 3333 11538
f 2715 3333 12221
f 7470 526 512
f 6741 3776 3262
f 4229 3776 3635
f 3776 6741 3635
f 2981 4229 3635
f 8092 10572 4200
f 12221 2547 6220
f 3262 3014 6741
f 12221 6220 10034
f 1440 512 526
f 6741 3014 1644
f 9339 5744 10072
f 3014 10072 1644
f 5274 993 3346
f 10137 5274 3346
f 5274 8277 1867
f 10137 8277 5274
f 8277 68 1867
f 6369 10356 9339
f 5744 9339 10356
f 3346 993 8732
f 68 6794 1867
f 68 12292 6794
f 10356 6794 12292
f 12292 12143 10356
f 9077 516 11196
f 7378 9077 7472
f 516 280 11196
f 280 10030 10539
f 3658 7038 4537
f 3658 10399 7038
f 777 10539 4968
f 6275 10128 5563
f 10128 460 5563
f 8650 10915 2239
f 1723 8823 10783
f 4890 8326 6962
f 910 8823 6046
f 11707 1650 3471
f 4890 2721 8326
f 910 6046 11149
f 81 3399 2721
f 1650 10578 3471
f 8854 11149 6046
f 12129 3742 7984
f 8450 6088 5467
f 988 4918 8450
f 4918 6088 8450
f 4918 988 8190
f 9610 2080 2582
f 9610 2582 4406
f 9610 10434 2080
f 6211 8190 12323
f 1853 8190 6211
f 1513 7674 3573
f 1513 4701 7674
f 4906 12332 3297
f 3297 4103 4906
f 1114 9782 5930
f 6211 6357 1853
f 3297 12332 11000
f 6956 4103 3297
f 2687 6357 6211
f 6357 63 1853
f 8382 7438 11000
f 9782 1114 11369
f 11000 7501 3297
f 11000 7438 7501
f 3297 7501 6956
f 2818 5700 6956
f 4060 1312 9401
f 8382 6170 7438
f 1492 5707 7501
f 3227 1312 4060
f 7654 3227 4060
f 11354 10381 11369
f 5576 63 6357
f 7501 7438 1492
f 10381 11354 8965
f 8226 2531 2818
f 8226 2818 6663
f 6142 3227 7654
f 5576 1016 63
f 63 1016 4140
f 4140 5398 1154
f 6170 6335 7438
f 6335 1492 7438
f 6170 1063 6335
f 6335 3449 1492
f 4628 6663 12398
f 883 4628 12398
f 6550 6488 3123
f 2824 6142 7654
f 4140 1016 1130
f 4140 1130 5398
f 883 12398 8917
f 10833 4628 883
f 1093 6488 6550
f 1093 10130 6488
f 10381 8965 105
f 10130 3576 6488
f 5398 1130 7769
f 5398 7769 1063
f 1063 7769 6335
f 883 8917 9016
f 2465 2824 10542
f 1130 4544 7769
f 6335 7769 9643
f 7842 3576 10130
f 5035 74 8917
f 4822 74 5035
f 9016 8917 74
f 7842 11129 3576
f 7842 7853 11129
f 4822 9685 74
f 9685 4822 5032
f 11129 7853 2665
f 10628 11642 11790
f 11129 2665 8829
f 8829 9224 11129
f 4377 2465 10312
f 74 9685 9136
f 5032 4440 4801
f 10312 8565 4377
f 4252 5032 4801
f 12264 8829 2665
f 12264 1237 8829
f 7304 6136 11790
f 5491 6136 7304
f 4252 9685 5032
f 9685 418 9136
f 3301 6480 8565
f 6648 12450 1237
f 6136 5491 5579
f 6648 7411 12450
f 6315 6648 1237
f 4267 4021 3301
f 11821 5579 1833
f 1833 4748 11821
f 595 6648 6315
f 6648 595 7411
f 4748 8232 498
f 5890 4252 4801
f 4021 4267 2750
f 595 963 7411
f 498 7386 10421
f 498 8473 7386
f 5890 3264 4252
f 595 8671 963
f 8671 1133 963
f 10421 7386 6947
f 4252 3264 3484
f 52 7710 5890
f 5890 7710 3264
f 10470 8069 10958
f 9932 3479 10227
f 3479 9932 6947
f 7710 9450 3264
f 10227 3479 40
f 1439 1133 8671
f 6603 10958 8069
f 6603 8069 5206
f 5206 3347 6603
f 6972 10227 40
f 7710 572 9450
f 6603 3347 11279
f 3498 11279 3347
f 1410 6338 8638
f 1506 6338 1410
f 9546 11279 3498
f 8638 5775 8095
f 6338 5775 8638
f 3264 9450 11266
f 1133 1439 10779
f 3660 4115 4482
f 11222 1115 3659
f 9450 572 1753
f 1439 2504 9026
f 1753 4208 9450
f 1439 9026 3009
f 1439 3009 10779
f 10980 1753 8273
f 1753 759 4208
f 5142 10779 5531
f 2041 5531 10779
f 10980 759 1753
f 10980 2063 759
f 3009 1079 10779
f 10779 1079 2041
f 2041 10672 5531
f 3243 2063 10517
f 2041 8113 10672
f 10517 6082 3243
f 3487 2041 1079
f 2041 3487 8113
f 8113 3487 12235
f 8113 7070 9569
f 8113 12235 7070
f 7070 341 236
f 12235 3175 7070
f 7070 3175 341
f 10517 1842 6082
f 1842 10517 2243
f 236 341 667
f 7620 667 341
f 9627 9668 7620
f 7620 9426 9627
f 9627 9426 3177
f 1842 8855 6633
f 3177 4279 9627
f 9627 4279 9593
f 1578 8855 1842
f 8855 1578 2603
f 4279 9227 9593
f 9227 4279 3168
f 1974 9227 3168
f 1974 1131 9227
f 8855 2603 11116
f 4127 2438 1974
f 5516 2146 4127
f 9380 11116 11579
f 9380 11579 6257
f 9380 6257 10062
f 8876 5210 8108
f 6257 11778 10062
f 5210 7470 8108
f 11538 6257 11477
f 11538 3333 2715
f 4200 10572 11936
f 4229 2981 4623
f 4229 4623 11936
f 2981 3635 6741
f 8092 3340 1668
f 3340 2070 1668
f 1668 10580 8742
f 1876 1440 526
f 6741 1644 1357
f 1876 3990 1440
f 1644 3842 1357
f 9075 10137 3346
f 8277 10137 2770
f 2770 68 8277
f 2770 1646 68
f 1644 2708 3842
f 12304 8732 3990
f 12304 3990 1876
f 1646 12292 68
f 1646 12294 12292
f 5744 1644 10072
f 1644 5744 2708
f 12304 1718 8732
f 3346 1718 9075
f 3346 8732 1718
f 10012 5744 10356
f 10356 12143 10012
f 7378 8497 3764
f 8497 489 3764
f 489 10823 3764
f 8440 516 9077
f 9077 7378 8440
f 4537 7038 10823
f 280 516 10030
f 10030 4968 10539
f 5407 7038 10399
f 5407 10399 10783
f 10991 10783 8823
f 8650 4168 3677
f 4168 11707 3677
f 8823 910 10991
f 5200 4890 6962
f 5200 6962 7172
f 4168 4662 4249
f 4249 11707 4168
f 7600 1650 11707
f 7600 11707 4249
f 4249 4662 10333
f 4249 10333 3997
f 4249 3997 7600
f 11149 9987 910
f 3742 12129 10573
f 3997 6230 7600
f 11859 7984 12089
f 7984 5659 12089
f 5467 12089 5659
f 7600 6230 1650
f 1650 11510 10578
f 8854 9401 11149
f 11149 9401 9987
f 3336 9190 81
f 9190 4406 81
f 3336 81 2721
f 10534 11859 12089
f 5467 6088 12089
f 6088 788 12089
f 788 10534 12089
f 788 6088 6105
f 6105 10592 788
f 6230 3997 8212
f 6230 6463 1650
f 4918 6105 6088
f 6230 8212 6463
f 6463 3573 11510
f 6463 11510 1650
f 6645 9610 4406
f 9190 6645 4406
f 8190 6105 4918
f 7373 6105 8190
f 8212 10162 6463
f 6645 7317 9610
f 7373 8190 1853
f 7317 10434 9610
f 10162 1513 6463
f 1513 3573 6463
f 7317 5930 10434
f 1513 12030 4701
f 10162 12030 1513
f 5708 12332 4906
f 7288 1853 63
f 6956 8512 4103
f 3992 12030 10162
f 12030 6550 4701
f 9401 1312 9987
f 893 11000 12332
f 5700 8512 6956
f 3992 8132 12030
f 11354 11369 1114
f 1114 6592 11354
f 1114 5930 6592
f 7288 63 4140
f 7288 4140 1154
f 6771 8382 893
f 893 8382 11000
f 2618 5700 2818
f 8132 6037 12030
f 12030 6037 6550
f 6037 1093 6550
f 8132 6207 6037
f 6142 1312 3227
f 6771 6170 8382
f 11354 6592 11133
f 5865 8965 11354
f 11354 11133 5865
f 1154 5398 6771
f 6771 5398 6170
f 8226 6663 4628
f 10130 6207 7883
f 6207 1093 6037
f 6207 10130 1093
f 5398 1063 6170
f 4628 10833 8226
f 2824 5753 6142
f 5865 105 8965
f 10641 7883 3662
f 10641 10130 7883
f 2465 5753 2824
f 7779 883 7081
f 883 9016 7081
f 10641 7842 10130
f 8228 105 7321
f 10641 7853 7842
f 7081 9016 74
f 11642 8228 5826
f 7081 74 991
f 2465 4377 7887
f 11642 5826 6351
f 9136 6346 74
f 74 6346 991
f 12170 2665 7853
f 4525 2665 12170
f 11790 11642 6351
f 6480 12418 4377
f 8565 6480 4377
f 4525 12264 2665
f 418 9685 4252
f 12264 4525 9351
f 3484 418 4252
f 12264 9351 1237
f 1596 5579 5491
f 70 5491 7304
f 418 592 9136
f 9351 6315 1237
f 996 3301 4021
f 1596 1833 5579
f 9351 7372 6315
f 10747 996 4021
f 6441 6315 7372
f 6315 6441 595
f 2750 10747 4021
f 4748 1833 8232
f 1833 10953 8232
f 10953 1833 1998
f 1998 1833 1596
f 8232 8473 498
f 8232 10953 8473
f 8473 10953 10660
f 592 418 3484
f 6441 3208 595
f 8473 1686 7386
f 3208 8671 595
f 2750 1789 10747
f 10470 1789 2750
f 7386 4076 6947
f 7386 1686 4076
f 1789 10470 10958
f 6947 4076 3479
f 3484 3264 11266
f 3208 2504 8671
f 8671 2504 1439
f 10782 10958 6603
f 10097 6603 11279
f 3208 11822 2504
f 11279 9546 10502
f 10599 8095 5775
f 9546 4115 3660
f 4842 3660 4482
f 3793 3659 1115
f 1115 11222 6830
f 10106 11548 6385
f 4208 11266 9450
f 2504 11822 8731
f 2504 9374 9026
f 759 9617 4208
f 11661 2504 8731
f 9617 759 2063
f 2504 11661 9374
f 9026 9374 4835
f 9026 4835 3009
f 2063 3243 9617
f 11661 7179 9374
f 9374 7179 5462
f 5462 4835 9374
f 3009 4835 1079
f 3487 1079 7939
f 4835 7939 1079
f 7939 5420 3487
f 7179 9133 5462
f 4835 5462 7939
f 3487 5420 12193
f 5462 9360 7939
f 5462 9133 9360
f 7939 9360 5420
f 3487 12193 12235
f 12235 4784 3175
f 12235 12193 4784
f 7179 5983 9133
f 2696 9360 1180
f 9360 2696 5420
f 5420 2696 12193
f 12193 8488 4784
f 9133 1180 9360
f 8488 11647 4784
f 11647 3175 4784
f 3175 11751 341
f 11751 7620 341
f 6082 1842 6633
f 3175 6058 11751
f 11751 9426 7620
f 11751 11610 9426
f 11827 9426 11610
f 11827 3177 9426
f 8855 6355 6633
f 8855 11577 6355
f 11827 5093 3177
f 5093 4279 3177
f 5093 3246 4279
f 3246 3168 4279
f 11577 8855 11116
f 5093 4023 3246
f 11116 11254 11577
f 3168 3246 1974
f 1974 7035 4127
f 11254 11116 9380
f 11254 9380 10062
f 5516 6886 2146
f 6886 8876 2146
f 5210 5605 7470
f 11778 6257 11538
f 5605 526 7470
f 11382 12221 10034
f 10034 6220 10580
f 11382 5902 12221
f 6741 1357 2981
f 2070 10580 1668
f 10580 2985 10034
f 12353 1357 3842
f 3691 2770 10137
f 9027 1646 2770
f 11729 9027 2770
f 10137 9075 3957
f 3025 9075 1718
f 12294 7753 12292
f 7753 12143 12292
f 7753 2755 12143
f 10012 640 5744
f 2708 5744 640
f 10012 12143 640
f 12143 2755 640
f 8440 7378 6763
f 10823 7038 3764
f 4816 6275 777
f 5407 10783 8843
f 8843 10783 747
f 10991 747 10783
f 7000 2239 12378
f 4168 8650 2239
f 910 6125 10991
f 12210 8416 12245
f 1815 12210 12245
f 765 8828 1815
f 10956 2721 4890
f 10333 4662 8761
f 9987 1604 910
f 910 1604 6125
f 10956 3336 2721
f 8761 7583 10333
f 7984 11859 12129
f 9286 10333 7583
f 9286 1870 10333
f 10333 1870 3997
f 10592 995 788
f 7583 10553 9286
f 9286 11698 1870
f 6105 9712 10592
f 10592 10673 995
f 10592 9712 10673
f 3601 11954 10673
f 10673 11954 995
f 11698 9286 10553
f 1870 8212 3997
f 5454 11698 10553
f 7373 9712 6105
f 5454 5899 11698
f 11698 5899 5593
f 11698 5593 1870
f 1870 5593 8212
f 7373 6292 9712
f 9712 4332 10673
f 1840 5899 5454
f 5593 10162 8212
f 9712 6292 4332
f 6202 464 33
f 5899 6722 5593
f 5593 6722 10162
f 1853 6292 7373
f 6292 1853 7288
f 6202 11259 464
f 464 11259 5708
f 5899 6635 6722
f 7288 3534 6292
f 6292 3534 4332
f 9439 3601 4332
f 6202 9439 11259
f 12005 1840 10690
f 1840 12005 5899
f 5899 12005 6635
f 9439 893 12332
f 11259 9439 12332
f 11259 12332 5708
f 10151 5708 4906
f 10690 2264 12005
f 6635 3992 6722
f 6722 3992 10162
f 1154 3534 7288
f 4332 3534 12284
f 4332 12284 9439
f 9439 12284 893
f 4906 4103 8512
f 2264 5844 12005
f 12005 5844 6635
f 1312 1400 9987
f 9987 1400 1604
f 5844 4597 6635
f 6635 4597 3992
f 734 8512 5700
f 2264 9853 5844
f 3992 4597 8132
f 3534 1154 6771
f 3534 6771 12284
f 12284 6771 893
f 4990 2618 2818
f 8132 7883 6207
f 4597 7883 8132
f 1400 7027 9219
f 6142 7027 1312
f 1312 7027 1400
f 2531 4990 2818
f 5844 10614 4597
f 10614 7883 4597
f 5753 7027 6142
f 11133 10898 5865
f 883 7779 10833
f 10614 3662 7883
f 5865 7321 105
f 3662 2108 1473
f 1473 10641 3662
f 7048 1473 2108
f 1473 7853 10641
f 2465 7887 5753
f 1473 7048 12170
f 1473 12170 7853
f 7321 5826 8228
f 7321 5450 12307
f 5826 7321 12307
f 12170 7048 2160
f 12170 2160 4525
f 12418 7887 4377
f 2160 5845 4525
f 6480 10997 12418
f 11790 9612 7304
f 11790 6351 9612
f 3301 10997 6480
f 5845 9351 4525
f 70 7304 9612
f 3301 7734 10997
f 996 7734 3301
f 5491 70 1596
f 5845 7372 9351
f 7372 5845 2139
f 6517 10953 1998
f 873 10747 1789
f 8473 10660 1686
f 10660 10953 10693
f 10693 10953 6517
f 592 3484 5698
f 7372 3554 6441
f 7372 2139 3554
f 6441 3554 3208
f 10958 6282 1789
f 4076 1686 2081
f 10782 6282 10958
f 4076 2081 3479
f 11266 5698 3484
f 10097 10782 6603
f 6972 40 1506
f 3479 10535 40
f 10535 3479 2081
f 3554 11822 3208
f 10388 1506 40
f 10599 6830 8095
f 11458 6338 1506
f 5698 11266 4208
f 10502 9546 3660
f 11548 4842 4482
f 10599 1115 6830
f 10106 4842 11548
f 3554 2139 8424
f 4208 3136 5698
f 3554 8424 7192
f 3554 7192 11822
f 11822 7192 8731
f 7192 7329 8731
f 7192 11932 7329
f 7329 11661 8731
f 7329 5833 11661
f 4208 9617 4939
f 9617 6301 4939
f 7329 5852 5833
f 5833 11535 11661
f 5833 10938 11535
f 6301 9617 3243
f 11535 7179 11661
f 5833 5852 10938
f 10938 2077 11535
f 11535 5983 7179
f 2696 8488 12193
f 2077 10938 10067
f 1180 9133 5983
f 11631 2696 1180
f 3852 2696 11631
f 2696 3852 11192
f 2696 11192 8488
f 11535 11646 5983
f 11535 2077 11646
f 8488 11973 11647
f 5983 11646 1180
f 1180 11646 11631
f 3852 1825 11192
f 11192 1825 11973
f 11192 11973 8488
f 6058 3175 11647
f 11973 8293 11647
f 11647 8293 6058
f 11646 7530 11631
f 11631 4905 3852
f 3852 4905 1825
f 11610 11751 6058
f 6633 10957 6082
f 6633 7057 10957
f 8293 3580 6058
f 5107 6058 3580
f 6058 5107 11610
f 11610 5107 11827
f 7057 6633 6355
f 3628 11827 5107
f 11827 3628 5093
f 3628 9895 5093
f 9895 4023 5093
f 11577 7137 6355
f 11577 11254 7137
f 3246 4980 1974
f 7035 1974 4980
f 5516 4127 7035
f 3246 4023 66
f 7035 11229 5516
f 5653 11254 10062
f 10062 11778 5653
f 11778 11538 722
f 11538 2715 722
f 2715 12221 5902
f 2715 4875 722
f 5605 1876 526
f 4623 4200 11936
f 6382 4200 4623
f 4200 3340 8092
f 2715 5902 4875
f 2985 10580 5866
f 2981 1357 12353
f 3691 10137 3957
f 2770 3691 11729
f 9027 2627 1646
f 3957 3025 7588
f 3025 3957 9075
f 2627 12294 1646
f 2627 8048 12294
f 4763 12294 8048
f 5017 1718 12304
f 5017 2498 1718
f 4763 7753 12294
f 9062 7753 4763
f 9062 2755 7753
f 4237 640 2755
f 2708 640 3829
f 6763 7378 3764
f 7038 9931 3764
f 6275 11037 10128
f 4522 460 10128
f 7000 12378 460
f 12268 4168 2239
f 4642 5200 7172
f 8416 4642 7172
f 12210 4966 8416
f 12268 4662 4168
f 8828 12210 1815
f 1463 8887 10573
f 1604 1304 6125
f 7583 8761 5123
f 951 11859 10534
f 788 995 10534
f 3682 7583 5123
f 7810 10534 995
f 7810 995 11954
f 5454 10553 3682
f 10553 7583 3682
f 7996 9190 3336
f 7996 6645 9190
f 11954 33 4591
f 11954 3601 33
f 5454 6704 1840
f 33 3601 6202
f 33 2739 4591
f 464 2739 33
f 1840 6704 10690
f 3601 10673 4332
f 3601 9439 6202
f 1001 464 5708
f 5708 10151 1001
f 10690 2672 2264
f 8512 10151 4906
f 5700 2618 734
f 11056 6592 5930
f 2618 4990 10518
f 9853 7053 5844
f 7053 10614 5844
f 4990 2531 7169
f 11056 7560 6592
f 9853 10379 7053
f 7560 11133 6592
f 7053 3814 10614
f 7027 2690 9219
f 5873 2531 8226
f 5873 8226 3876
f 10614 3814 2108
f 8226 10833 3876
f 12314 3814 10657
f 2108 3662 10614
f 2690 7027 1640
f 10833 101 3876
f 5753 1640 7027
f 3814 12314 2108
f 12314 7048 2108
f 7887 1640 5753
f 9382 7321 5865
f 10174 7779 7081
f 7321 9382 5450
f 9233 2160 12314
f 2160 7048 12314
f 1280 1640 7887
f 7887 7117 1280
f 7117 7887 12418
f 5845 2160 9233
f 6346 9136 11978
f 9612 1403 70
f 592 5140 11978
f 592 11978 9136
f 2139 5845 8308
f 1596 10671 1998
f 5086 10671 1596
f 5140 592 2456
f 996 10747 873
f 6517 1998 8310
f 8310 1998 10671
f 592 5698 2456
f 8308 8424 2139
f 6586 10693 6517
f 407 1686 10660
f 1995 6282 10782
f 1686 407 2081
f 2081 10406 10535
f 10693 407 10660
f 2767 10693 6586
f 40 10535 10388
f 10406 2081 407
f 5775 8593 10599
f 6338 8593 5775
f 6338 11458 8593
f 11458 1506 10388
f 917 10388 10535
f 6612 10599 8593
f 6151 10502 3660
f 1850 3660 4842
f 263 6385 3659
f 5161 5698 3136
f 8424 11932 7192
f 8424 6875 11932
f 4208 4939 3136
f 6875 11283 11932
f 11932 5852 7329
f 11283 5852 11932
f 8262 5852 11283
f 5852 10067 10938
f 3243 9257 6301
f 8262 10067 5852
f 8262 12035 10067
f 6301 9257 4226
f 9257 3243 6082
f 9079 10067 12035
f 10067 9079 2077
f 6082 10957 9257
f 9257 8496 4226
f 2077 6323 11646
f 7530 11646 6323
f 9257 10957 8496
f 9079 5674 2077
f 6323 2077 5674
f 4905 11631 7530
f 1825 5645 11973
f 11973 5645 8293
f 5674 7574 6323
f 6323 4892 7530
f 7530 11414 4905
f 7530 4892 11414
f 10957 5855 8496
f 6323 7574 4892
f 1825 4905 5645
f 5645 4905 1177
f 5645 1177 8431
f 5645 8431 8293
f 8293 8431 3580
f 1177 2712 8431
f 10957 7057 5855
f 8431 3928 3580
f 2712 11583 8431
f 8431 11583 10140
f 8431 10140 3928
f 3628 5107 3580
f 3580 3928 3628
f 7057 6355 7137
f 3628 3928 9895
f 7137 8830 7057
f 66 4980 3246
f 2352 7035 4980
f 2352 4980 66
f 6420 7137 11254
f 8830 7137 6420
f 4023 9895 66
f 66 3054 2352
f 2352 8060 7035
f 8060 11229 7035
f 6886 5516 6379
f 3928 8778 9895
f 11254 5653 6420
f 8876 6886 5210
f 5653 11778 11659
f 11778 722 7084
f 805 1876 5605
f 4882 4875 5902
f 4200 977 3340
f 3340 3540 2070
f 3540 5866 2070
f 2070 5866 10580
f 5902 11382 10810
f 5902 10810 4882
f 1876 805 1484
f 10596 9027 11729
f 3691 10596 11729
f 1484 12304 1876
f 7588 3691 3957
f 1484 5017 12304
f 6992 12353 3842
f 2498 3025 1718
f 6992 3842 2708
f 9062 4237 2755
f 640 9495 3829
f 4237 9495 640
f 9598 2708 3829
f 9931 6763 3764
f 6763 3961 8440
f 516 3961 10064
f 516 8440 3961
f 10064 10030 516
f 7038 7177 9931
f 4968 10030 10064
f 7038 5407 7177
f 4816 777 4968
f 12268 2239 7000
f 8416 4966 4642
f 5781 3336 10956
f 10369 765 8887
f 2764 8761 4662
f 10573 12129 1463
f 7810 11954 4591
f 187 7996 3336
f 8844 5454 3682
f 6704 5454 8844
f 7996 3339 6645
f 11079 2739 464
f 10690 6704 7765
f 3339 7317 6645
f 1001 11079 464
f 2672 10690 5455
f 6919 5930 7317
f 3339 6919 7317
f 10151 8512 734
f 2672 5455 7741
f 6919 11056 5930
f 2672 9853 2264
f 9219 4359 1400
f 2618 12119 734
f 2672 7896 9853
f 4359 9219 6239
f 9219 2690 6239
f 10379 9853 7896
f 10715 7560 11056
f 7169 2531 871
f 7560 10715 64
f 2531 5873 871
f 7053 4213 8594
f 7053 10379 4213
f 8594 3814 7053
f 4213 12205 8594
f 1514 2690 1316
f 1448 5873 3876
f 8594 6043 3814
f 8594 12205 6043
f 2690 1640 1316
f 10657 3814 6043
f 1316 1640 8654
f 10898 9382 5865
f 9382 10898 8724
f 7779 10174 1068
f 6043 10200 10657
f 10200 12314 10657
f 10200 9233 12314
f 10200 4556 9233
f 991 7606 7081
f 991 5589 7606
f 5826 12307 11339
f 10997 969 12418
f 12418 969 7117
f 5826 5169 6351
f 6346 10851 991
f 10851 5589 991
f 5826 11339 5169
f 6182 969 10997
f 6351 5169 9612
f 5169 6971 9612
f 11978 10851 6346
f 7734 6182 10997
f 6971 1403 9612
f 1403 5086 70
f 8308 5845 9233
f 70 5086 1596
f 4556 8308 9233
f 10036 5086 1403
f 8785 5086 10036
f 996 873 5386
f 10671 5086 8785
f 6282 873 1789
f 8310 6586 6517
f 435 8424 8308
f 8853 873 6282
f 6282 1995 8853
f 3244 10693 2767
f 435 884 8424
f 10388 11139 11458
f 5698 5161 2456
f 9571 10097 11279
f 1785 9571 11279
f 10502 6151 11279
f 11279 6151 1785
f 263 3659 3793
f 1111 1115 10599
f 7541 8593 11458
f 11139 10388 917
f 6213 917 10535
f 6213 10535 10406
f 10798 10406 9
f 9 10406 407
f 3660 1850 6151
f 1850 4842 10106
f 2346 2456 5161
f 2346 5161 6203
f 6203 5161 3136
f 6875 8424 884
f 6203 3136 4939
f 11876 11283 6875
f 11283 11876 5998
f 537 11283 5998
f 537 8262 11283
f 12035 8262 537
f 9079 12035 1303
f 4226 8496 8820
f 7410 5674 9079
f 5674 7410 11887
f 5674 11887 7574
f 11887 6393 7574
f 7574 6393 4892
f 1207 4905 11414
f 4905 3950 1177
f 1161 4892 6393
f 4892 1161 11414
f 11414 1161 1207
f 4905 1207 3950
f 5855 7057 1301
f 1207 784 3950
f 3950 2673 1177
f 3950 5173 2673
f 1177 2673 2712
f 7057 8830 1301
f 2712 2673 11583
f 8830 1629 1301
f 1629 8830 6420
f 10140 8778 3928
f 10140 11583 8778
f 4744 8060 2352
f 11229 6379 5516
f 8778 8244 9895
f 9895 8244 66
f 66 8244 3054
f 3054 4744 2352
f 11583 10061 8778
f 3054 9017 4744
f 6886 8301 5210
f 8301 5605 5210
f 5653 11659 6420
f 7084 11659 11778
f 10225 7084 722
f 10225 11659 7084
f 722 4875 4882
f 977 4200 6382
f 6382 1219 977
f 3340 977 3540
f 680 2985 5866
f 680 10034 2985
f 11382 10034 680
f 6642 10810 11382
f 4882 10575 722
f 12052 10596 3691
f 10596 4070 9027
f 4623 2981 11468
f 4623 11468 6382
f 11382 680 6642
f 9027 834 2627
f 834 4381 2627
f 2981 12353 11468
f 3691 7588 1710
f 4381 8048 2627
f 5511 4763 1711
f 5511 9062 4763
f 2708 9598 6992
f 3829 2555 9598
f 9495 2555 3829
f 9495 324 2555
f 10413 352 6763
f 9931 10413 6763
f 11454 10064 3961
f 9931 7113 10413
f 9931 7177 7113
f 1671 6275 4816
f 8843 747 83
f 4522 10128 9634
f 10991 477 747
f 6125 477 10991
f 4642 5186 5200
f 2764 4662 12268
f 5781 187 3336
f 5123 8761 2764
f 4188 1304 1604
f 7810 4591 1270
f 3682 5123 9757
f 3682 9757 8844
f 1405 7765 6704
f 1400 4188 1604
f 4188 1400 4359
f 10151 12091 1001
f 3339 3215 6919
f 4359 6239 2671
f 7741 7091 2672
f 10518 12119 2618
f 2672 7091 7896
f 6919 10715 11056
f 1514 6239 2690
f 3897 10379 7896
f 3897 7896 1134
f 1448 871 5873
f 3897 4213 10379
f 7560 64 8958
f 7560 8958 11133
f 11133 8724 10898
f 1068 10833 7779
f 10833 1068 101
f 12205 4107 448
f 12205 448 6043
f 448 7171 6043
f 2959 6043 7171
f 6043 2959 10200
f 8654 1640 1280
f 296 8654 1280
f 2959 3345 10200
f 3345 4556 10200
f 7117 9310 1280
f 5450 8767 12307
f 8767 5450 9382
f 969 9310 7117
f 7946 11339 8767
f 8767 11339 12307
f 5849 9310 969
f 5169 11339 7946
f 4228 5589 10851
f 11265 4556 3345
f 2893 10851 11978
f 5140 2893 11978
f 3026 6971 5169
f 1403 11549 10036
f 1403 6971 11549
f 11265 8308 4556
f 11265 435 8308
f 1105 996 5386
f 6631 435 11265
f 6631 5128 435
f 5386 873 8264
f 873 8853 8264
f 2337 5140 2456
f 10693 3244 9
f 2767 6586 8468
f 3793 1115 1111
f 10599 6612 1111
f 6213 3678 917
f 10406 10798 6213
f 10693 9 407
f 5128 5408 435
f 5408 884 435
f 7901 7541 11458
f 7901 11458 11139
f 6967 11139 917
f 6967 917 3678
f 3244 2767 8468
f 1850 10797 6151
f 4730 3678 6213
f 4730 6213 10798
f 5408 7513 6875
f 6875 884 5408
f 6203 8782 2346
f 7513 11876 6875
f 6203 8721 8782
f 1447 11876 7513
f 6203 4939 8721
f 4939 6301 8721
f 1447 5998 11876
f 8721 6301 5100
f 6301 8820 5100
f 4226 8820 6301
f 537 1303 12035
f 9079 1303 7577
f 8496 8884 8820
f 2152 9079 7577
f 9079 2152 7410
f 8597 8496 5855
f 8496 8597 8884
f 8597 5855 1301
f 6393 245 1161
f 8655 245 6393
f 784 1207 1161
f 5173 3950 784
f 784 7243 5173
f 1161 6837 784
f 8597 1301 5962
f 5173 7243 4150
f 5173 4150 2673
f 1629 3179 1301
f 2673 12174 11583
f 1301 3179 5962
f 2673 4150 12174
f 9017 3054 8244
f 8060 8137 11229
f 6379 11229 8137
f 10061 12298 8778
f 8060 4744 6090
f 8060 6090 8137
f 11583 12174 10061
f 8778 857 8244
f 8244 857 9017
f 9017 857 4494
f 11659 8037 6420
f 8037 1629 6420
f 3179 8037 1781
f 3179 1629 8037
f 8778 12298 857
f 6379 8301 6886
f 2529 8037 11659
f 2529 11659 10225
f 5605 8301 805
f 10225 722 12271
f 11362 1484 805
f 8301 11362 805
f 10596 4821 4070
f 5141 3540 977
f 5141 5866 3540
f 12052 7123 10596
f 834 9027 4070
f 1219 6382 11468
f 977 1219 4
f 977 4 5141
f 10019 5866 5141
f 680 5866 10019
f 10575 12271 722
f 1710 12052 3691
f 11468 12353 7656
f 8048 4381 2113
f 6642 680 9294
f 6642 528 10810
f 3081 5017 1484
f 3081 2498 5017
f 3832 3025 2498
f 4763 8048 1711
f 6992 7656 12353
f 4673 9062 5511
f 7656 6992 9598
f 4673 4237 9062
f 9598 7801 7656
f 9495 4237 8314
f 7801 9598 2555
f 9495 8314 324
f 352 3961 6763
f 11454 3961 352
f 11037 6275 1671
f 2104 5407 8843
f 10128 11037 9399
f 477 83 747
f 4522 7000 460
f 1304 477 6125
f 10727 12268 7000
f 8679 10727 7000
f 8828 4966 12210
f 12268 10727 2764
f 10369 8828 765
f 1463 10369 8887
f 5781 7668 187
f 12384 1463 12129
f 12129 11859 12384
f 5123 2764 9757
f 4188 8920 1304
f 951 10534 7810
f 8868 1270 4591
f 8868 4591 2739
f 6704 8844 1405
f 11079 8868 2739
f 7996 754 3339
f 7739 754 7996
f 2671 8920 4359
f 4188 4359 8920
f 12091 11079 1001
f 10690 7765 5455
f 3215 3339 754
f 10151 734 12091
f 12091 734 12119
f 6239 1146 2671
f 6239 1514 1146
f 64 10715 8101
f 8101 10715 6919
f 7741 11470 7091
f 7896 7091 1134
f 2517 1448 3876
f 3897 12205 4213
f 3876 101 2517
f 12205 3897 4107
f 3897 1783 4107
f 8654 296 1316
f 8958 8724 11133
f 8724 8958 4235
f 448 4107 9648
f 7945 448 9648
f 448 7945 7171
f 3277 7171 7945
f 2959 7171 3277
f 7606 10174 7081
f 8724 4235 9382
f 9448 3345 2959
f 9382 4235 9198
f 8767 9382 9198
f 9158 7946 8767
f 9158 8767 9198
f 4820 5849 6182
f 5849 969 6182
f 10851 2893 4228
f 7946 10543 5169
f 5169 10543 3026
f 3345 6631 11265
f 6690 6182 7734
f 176 3026 10543
f 11014 6631 3345
f 3026 11549 6971
f 2893 5140 2337
f 1105 7734 996
f 11014 7447 6631
f 8264 1105 5386
f 3359 10036 11549
f 7447 5128 6631
f 3192 8310 10671
f 8785 3192 10671
f 7447 1622 5128
f 2456 4456 2337
f 2101 8853 1995
f 3192 10187 8310
f 3192 7261 10187
f 2224 2101 1995
f 1995 10782 2224
f 6586 10187 8468
f 8310 10187 6586
f 1622 5408 5128
f 1622 4538 5408
f 9813 10782 10097
f 10097 9571 9813
f 7541 6612 8593
f 7541 1111 6612
f 9813 9571 1785
f 7678 1785 6151
f 10797 7678 6151
f 10106 11295 1850
f 1850 11295 10797
f 10106 4720 11295
f 6385 4720 10106
f 6385 11865 4720
f 11865 6385 263
f 2623 7901 11139
f 2623 11139 6967
f 6967 3678 7535
f 4730 7535 3678
f 10127 9 3244
f 3244 8468 11952
f 2456 2346 4456
f 7678 10797 9614
f 9614 10797 1203
f 1203 10797 11295
f 4730 10798 9773
f 4199 10127 3244
f 4199 3244 11952
f 2346 85 4456
f 4538 7513 5408
f 3310 4730 9773
f 10798 9 10127
f 2346 6186 85
f 1447 7513 4538
f 2346 8782 6186
f 8782 8721 6186
f 10256 10077 1447
f 10077 5998 1447
f 6186 8721 3709
f 10077 537 5998
f 7787 537 10077
f 8721 5100 3709
f 7787 1303 537
f 8456 1303 7787
f 8456 7577 1303
f 5100 8820 8884
f 5100 8884 10667
f 2152 973 7410
f 7410 973 11887
f 11887 5680 6393
f 6393 5680 8655
f 8597 5962 8884
f 8655 8344 245
f 6837 1161 245
f 6087 6837 245
f 8884 5962 1844
f 3179 2256 5962
f 4150 3038 12174
f 3179 8471 2256
f 7243 2975 4150
f 4494 4744 9017
f 4744 4494 6090
f 6090 9784 8137
f 3179 1781 8471
f 9784 6090 4494
f 8137 4850 6379
f 8137 9784 4850
f 4850 8301 6379
f 3038 12376 12174
f 4850 9784 2803
f 8037 7127 1781
f 10061 8910 12298
f 7127 8037 2529
f 11342 4850 2803
f 11362 4850 11342
f 4850 11362 8301
f 10596 7123 4821
f 4070 7970 834
f 10225 12271 2529
f 834 7970 4381
f 10813 2113 4381
f 7970 10813 4381
f 6367 5141 4
f 10019 5141 6367
f 3001 11362 11342
f 3097 10575 4882
f 3001 1484 11362
f 1710 7588 7377
f 1711 8048 2113
f 11468 4 1219
f 11468 6841 4
f 5642 680 10019
f 9294 680 5642
f 528 6642 9294
f 3081 1484 3001
f 8219 3081 3001
f 3081 10290 2498
f 10290 3832 2498
f 3832 7377 3025
f 3025 7377 7588
f 10810 9255 4882
f 11468 7656 6841
f 5642 5061 9294
f 8314 4237 4673
f 7801 2154 7656
f 7656 2154 6841
f 2555 11787 7801
f 2555 324 11787
f 11787 4266 7801
f 7801 4266 2154
f 6924 10064 11454
f 10674 11454 352
f 6542 352 10413
f 10674 352 6542
f 10358 6542 7113
f 6542 10413 7113
f 10358 7113 4736
f 7177 4736 7113
f 4968 10064 2038
f 7177 5407 4736
f 4736 5407 2104
f 9634 10128 9399
f 2104 8843 83
f 477 9178 83
f 9178 477 333
f 1304 333 477
f 5186 5777 5200
f 8920 333 1304
f 5777 4890 5200
f 3641 4890 5777
f 7206 6965 4642
f 7206 4642 4966
f 3641 10956 4890
f 5781 10956 3641
f 8627 4966 8828
f 2764 10727 8679
f 7668 2717 187
f 951 12384 11859
f 2671 6840 8920
f 8831 951 7810
f 7810 1270 8831
f 8890 8844 9757
f 2717 7996 187
f 7739 7996 2717
f 8868 11079 10245
f 1086 754 7739
f 7765 1405 3030
f 7765 3030 7144
f 5455 7765 7144
f 7144 7741 5455
f 10518 4990 7169
f 7144 11470 7741
f 64 8101 6597
f 7169 871 5525
f 1514 1316 1146
f 871 1448 9025
f 7091 11470 1134
f 7066 64 6597
f 1811 1448 2517
f 7066 8958 64
f 1134 10491 3897
f 10634 2517 101
f 10491 1783 3897
f 1316 296 5193
f 9648 4107 1783
f 7945 9648 3305
f 4235 8958 6909
f 296 1280 1755
f 7168 10174 9633
f 6909 9198 4235
f 11303 10174 7606
f 9633 10174 11303
f 3277 9448 2959
f 1280 9310 1755
f 5589 11303 7606
f 5589 4228 11303
f 9158 9198 10554
f 2893 4765 4228
f 9448 938 3345
f 5849 4820 1431
f 9158 3008 7946
f 10543 7946 3008
f 938 11014 3345
f 2893 2337 4765
f 938 7447 11014
f 6879 6182 6690
f 176 10543 299
f 2337 3871 4765
f 6690 7734 1105
f 11549 3026 176
f 3359 8785 10036
f 10508 3359 11549
f 10508 11549 176
f 519 1622 7447
f 3192 8785 7261
f 2337 4456 3871
f 519 12279 1622
f 12279 4538 1622
f 5863 3793 1111
f 2224 10782 9813
f 7541 3689 1111
f 5863 263 3793
f 8468 10187 11952
f 3871 4456 7422
f 9813 1785 10484
f 7678 9710 1785
f 5863 11865 263
f 447 7901 2623
f 11952 10187 7261
f 12279 10244 4538
f 10484 1785 9710
f 1203 11295 5859
f 11295 4720 5859
f 8763 4720 11865
f 7240 7678 9614
f 7535 4730 9496
f 3310 9496 4730
f 10798 10127 9773
f 7422 4456 2631
f 2631 4456 85
f 10244 10271 4538
f 10271 1447 4538
f 9773 10127 8182
f 8182 10127 4199
f 10256 1447 10271
f 6186 3709 9029
f 4997 7787 10077
f 4335 5100 10667
f 5100 4335 3709
f 7577 7784 2152
f 973 5680 11887
f 10667 1844 7182
f 10667 8884 1844
f 6087 12269 6837
f 784 6837 12269
f 10452 7243 784
f 5962 2256 1844
f 12269 10452 784
f 261 2256 8471
f 4150 2975 3038
f 697 4494 857
f 4494 6632 9784
f 12174 12376 3187
f 1477 857 12298
f 857 1477 697
f 4494 9425 6632
f 1781 3627 8471
f 1781 7127 3627
f 12174 3187 10061
f 4494 697 9425
f 6632 2803 9784
f 4821 11179 4070
f 12298 6819 1477
f 1477 6819 11141
f 1477 11141 697
f 9425 4524 6632
f 4821 7123 4480
f 11179 7970 4070
f 2697 7127 2529
f 8910 6819 12298
f 2803 6632 11342
f 2697 2529 12271
f 7127 2697 3627
f 6632 4524 6900
f 6632 6900 11342
f 12271 11237 2697
f 6900 4524 3753
f 6900 1202 11342
f 11342 1202 11321
f 11321 3001 11342
f 1710 46 10044
f 1710 10044 12052
f 8219 3001 11321
f 7377 8993 46
f 7377 46 1710
f 6367 4 4142
f 11237 12271 10575
f 8219 11794 3081
f 3081 11794 10290
f 10290 11794 10648
f 10290 10648 3832
f 3832 10648 8993
f 3832 8993 7377
f 3097 4882 9255
f 9218 5511 1711
f 6841 7414 4
f 4 7414 4142
f 6367 5642 10019
f 9255 10810 528
f 6367 4142 5642
f 9294 6788 528
f 528 6396 9255
f 7414 6841 7292
f 8314 6700 324
f 7292 6841 2154
f 6700 11787 324
f 2154 5094 7292
f 7292 5094 1807
f 11787 9743 4266
f 2154 4266 5094
f 4266 8784 5094
f 4266 9743 8784
f 7312 6924 11454
f 10674 4588 7312
f 11454 10674 7312
f 10674 6542 4588
f 6542 8770 4588
f 6542 10358 8770
f 6924 2038 10064
f 83 9147 2104
f 83 9178 9147
f 9178 333 8443
f 4642 6965 5186
f 8920 8443 333
f 4215 2764 8679
f 8443 8920 6840
f 9757 2764 1176
f 8831 12384 951
f 1176 8890 9757
f 8844 8890 1405
f 10566 1086 7739
f 6229 10245 11079
f 1086 3215 754
f 12091 6229 11079
f 8101 3215 1086
f 8021 12091 12119
f 8101 6919 3215
f 10518 7169 7100
f 6597 8101 7452
f 11470 7144 4489
f 1811 9025 1448
f 6597 4579 7066
f 2517 10634 10983
f 101 8181 10634
f 10983 10634 8353
f 10634 2237 8353
f 10634 8181 2237
f 7066 4579 1557
f 8181 101 1068
f 2237 8181 7381
f 1783 10491 5740
f 7066 1557 8958
f 9648 1783 8167
f 10174 7168 1068
f 7168 8181 1068
f 1529 8181 7168
f 7381 8181 1529
f 9648 8167 3305
f 8958 1557 6909
f 7168 9633 1529
f 1755 5193 296
f 9633 6609 1529
f 3305 3277 7945
f 6609 9633 11303
f 12102 9198 6909
f 6909 10964 12102
f 4228 7457 11303
f 6609 11303 7457
f 4765 7457 4228
f 9448 3277 4608
f 9198 12102 10554
f 4765 5701 7457
f 825 9310 5849
f 7457 5701 5843
f 3041 938 9448
f 3871 408 5701
f 3871 5701 4765
f 9158 4969 3008
f 6182 6879 4820
f 3008 1920 10543
f 2240 7447 938
f 299 10543 1920
f 3183 7447 2240
f 3423 5701 408
f 3183 519 7447
f 8961 6690 1105
f 176 299 5526
f 8961 1105 8264
f 3423 408 953
f 693 519 3183
f 176 5526 10508
f 693 12279 519
f 8961 8264 8853
f 10244 12279 693
f 8961 8853 2101
f 1111 8822 5863
f 1111 3689 8822
f 8785 3359 4418
f 3359 10508 4418
f 7541 8284 3689
f 7901 8284 7541
f 8785 4418 7261
f 7422 408 3871
f 408 7422 953
f 3770 953 7422
f 5328 2224 9813
f 447 8284 7901
f 10484 5328 9813
f 7261 4418 12367
f 7240 9710 7678
f 8763 5859 4720
f 447 2623 10803
f 2623 6967 10803
f 7422 2631 3770
f 8891 9710 7240
f 7535 10803 6967
f 5859 10396 1203
f 10803 7535 9496
f 8182 5695 9773
f 10271 10244 9619
f 3310 6093 9496
f 6093 3310 9773
f 1552 4199 11952
f 1552 11952 7261
f 6093 9773 5695
f 4199 6310 1196
f 8182 4199 1196
f 6310 4199 1552
f 9619 492 10271
f 492 10256 10271
f 85 6186 2631
f 6186 8780 2631
f 4739 10256 492
f 6186 9029 8780
f 10256 4997 10077
f 9029 9883 8780
f 5476 10256 4739
f 5476 4997 10256
f 5476 5751 4997
f 5751 7787 4997
f 8456 7787 5751
f 3709 3593 9029
f 4335 11643 3709
f 7784 7577 8456
f 7784 11899 2152
f 11899 973 2152
f 4335 10667 11643
f 10667 8640 11643
f 7182 8640 10667
f 8344 6087 245
f 8344 4078 6087
f 8640 7182 6545
f 11768 7182 1844
f 11768 1844 2256
f 7182 11768 6545
f 261 11768 2256
f 11768 261 3563
f 11941 7243 10452
f 7243 11941 2975
f 4821 4480 4887
f 7866 7970 11179
f 261 8471 12272
f 8818 3187 12376
f 8910 10061 3187
f 11688 697 11141
f 11688 9425 697
f 11688 4524 9425
f 7123 10044 4480
f 8471 3627 12272
f 11141 3513 11688
f 10044 7123 12052
f 7866 10813 7970
f 3187 12183 8910
f 8910 7572 6819
f 8910 12183 7572
f 6819 7572 11141
f 11141 7572 3513
f 3513 10474 11688
f 12183 3187 9775
f 11688 3753 4524
f 8997 2697 11237
f 7572 12183 2369
f 11688 10474 3753
f 3753 8085 6900
f 1202 6900 8085
f 4841 6035 11321
f 11321 6035 8219
f 6035 11794 8219
f 11223 10648 11794
f 2113 7864 1711
f 10474 11338 3753
f 3753 11338 6344
f 24 8085 6344
f 8085 3753 6344
f 8085 24 4841
f 11321 1202 4841
f 1202 8085 4841
f 7864 9218 1711
f 11338 8745 6344
f 10575 2034 3411
f 5511 7707 4673
f 5642 4142 5061
f 2320 8314 4673
f 7414 6784 4142
f 9294 5061 6788
f 528 6788 6396
f 9255 6396 3097
f 1807 7414 7292
f 6470 7414 1807
f 6784 7414 12078
f 2320 6700 8314
f 12078 7414 6470
f 3500 1807 5094
f 9743 11804 8784
f 5094 8784 3500
f 8784 11804 3500
f 3500 5693 1807
f 3500 11804 5693
f 6470 1807 5693
f 4588 8770 342
f 11005 2038 6924
f 8479 8770 10358
f 342 8770 8479
f 2038 11180 4968
f 4736 8479 10358
f 6073 4736 2104
f 11037 1671 11980
f 11037 11980 9399
f 8627 11301 4966
f 10394 5781 3641
f 1176 2764 4215
f 7463 1463 12384
f 12384 8831 6299
f 10945 2717 7668
f 10945 7739 2717
f 10945 10566 7739
f 3325 1270 8868
f 12091 5868 6229
f 1086 10566 11257
f 11257 8101 1086
f 6162 2671 1146
f 11257 6495 8101
f 7489 12119 10518
f 8101 6495 7452
f 9025 1265 871
f 4489 7144 1299
f 7452 4579 6597
f 998 10491 11470
f 10491 1134 11470
f 998 11470 4489
f 4506 1811 2517
f 10983 4506 2517
f 10068 10491 998
f 2237 6676 8353
f 6676 6178 8353
f 5740 10491 10068
f 2237 3242 6676
f 2237 7381 3242
f 5740 8167 1783
f 6676 3242 5837
f 5193 1755 4187
f 5837 3242 1413
f 4324 6909 1557
f 7381 1529 3242
f 4324 10964 6909
f 1529 4751 3242
f 3242 4751 1413
f 8493 3277 3305
f 1529 6609 4751
f 4751 154 1413
f 725 1413 154
f 4608 3277 8493
f 7457 5843 6609
f 6609 1000 4751
f 6609 5843 1000
f 4751 1000 154
f 725 154 1067
f 1755 9310 825
f 1067 154 1000
f 10554 12102 3675
f 3675 12102 10964
f 4608 3041 9448
f 1000 5843 3522
f 1000 3522 1647
f 1000 1647 1067
f 10281 9158 10554
f 10554 3675 10281
f 3041 2240 938
f 3423 5843 5701
f 3522 5953 1647
f 9158 10281 4969
f 5843 3423 3522
f 5953 3522 10982
f 3008 4969 1920
f 4969 4541 1920
f 1920 4541 299
f 9468 6879 6690
f 6690 8961 9468
f 299 12291 5526
f 11343 12291 299
f 299 4541 11343
f 11343 4541 4289
f 3522 3423 10982
f 3423 953 10982
f 10982 953 2567
f 5526 5268 10508
f 5526 12291 5268
f 12164 10244 693
f 2101 2224 9447
f 8205 5863 8822
f 10145 3689 8284
f 10145 8284 447
f 4418 10508 5268
f 953 3770 10307
f 953 10307 2567
f 11865 5863 8205
f 336 10244 12164
f 8763 11865 1760
f 6753 447 1183
f 10803 1183 447
f 12367 4418 4093
f 3770 2617 10307
f 9710 8891 10484
f 336 9619 10244
f 1203 10396 9614
f 9496 8145 10803
f 7261 12367 9370
f 3770 10049 2617
f 9496 351 8145
f 7261 9370 1552
f 3770 2631 10049
f 1428 9619 336
f 351 9496 6093
f 1481 1196 6310
f 1552 7551 6310
f 6093 5695 8261
f 8261 5695 8182
f 7551 1552 9370
f 2631 8780 10049
f 10252 492 9619
f 8261 8182 1481
f 1481 8182 1196
f 9029 3593 9883
f 10165 5751 5476
f 8456 5751 7784
f 10725 3593 3709
f 3709 11643 10725
f 973 10613 5680
f 11643 3368 10725
f 5680 7528 8655
f 11643 7437 3368
f 7528 8344 8655
f 7437 11643 8640
f 8640 6545 7437
f 6545 5684 7437
f 3453 10984 11327
f 3563 6545 11768
f 5684 6545 4336
f 4821 4887 3453
f 4821 3453 11179
f 3453 11327 11179
f 11179 11327 8704
f 11179 8704 7866
f 261 12272 3563
f 3563 3254 6545
f 6545 3254 4336
f 10452 3723 11941
f 3712 10044 11494
f 10044 3712 4480
f 11537 4270 7866
f 11537 7866 8704
f 10044 7964 11494
f 7866 4270 10813
f 10813 4270 6353
f 12272 8311 3563
f 3254 3563 8311
f 2865 12376 3038
f 10813 6353 2113
f 1212 3627 2697
f 1212 12272 3627
f 8323 12272 1212
f 12272 8323 8311
f 2865 3038 2975
f 46 2834 7964
f 46 7964 10044
f 8997 1212 2697
f 11223 8993 10648
f 6533 7864 2113
f 2369 3513 7572
f 441 7320 4841
f 6035 4841 7320
f 6035 7320 11794
f 11794 7320 11223
f 8997 11237 9696
f 8997 9696 1212
f 3187 8818 9775
f 12183 9775 2369
f 2519 3513 2369
f 8745 12399 24
f 441 24 12399
f 4841 24 441
f 9775 8818 3748
f 3513 2519 10474
f 8745 24 6344
f 5511 9218 7707
f 10575 3411 9618
f 11237 10575 9618
f 1106 11338 10474
f 9775 3748 2369
f 8745 1106 3904
f 8745 11338 1106
f 10474 2519 1106
f 4673 1780 2320
f 5061 4142 6784
f 9587 5061 7851
f 9587 6788 5061
f 3097 2034 10575
f 2369 3465 2519
f 2519 3465 1106
f 1106 3646 3904
f 10504 6700 2320
f 6784 7851 5061
f 6700 5033 11787
f 12078 11162 6784
f 6784 9789 7851
f 9587 7851 9974
f 9587 9974 4512
f 9587 4512 6788
f 6788 4512 6396
f 1106 8335 2452
f 1106 3465 8335
f 1106 2452 3646
f 5033 9743 11787
f 9743 5033 11804
f 5033 6846 11804
f 5693 11804 6846
f 12078 6470 11162
f 6784 11162 3905
f 9789 6784 3905
f 9789 3905 11664
f 9789 11664 9974
f 9789 9974 7851
f 5693 7029 6470
f 11162 6470 2000
f 6470 7029 2000
f 12204 2395 7774
f 2395 7029 7774
f 2000 7029 2395
f 6924 11672 11005
f 6924 7312 11672
f 4968 11180 4816
f 4816 11180 1671
f 8479 4736 6073
f 6073 2104 9147
f 4522 11493 7000
f 5777 10394 3641
f 11301 7206 4966
f 10369 8627 8828
f 6430 5781 10394
f 10217 10369 1463
f 7463 10217 1463
f 1176 4215 4239
f 6430 7668 5781
f 6430 10945 7668
f 6299 7463 12384
f 4239 8890 1176
f 1270 6299 8831
f 3325 6299 1270
f 10245 3325 8868
f 1405 8890 8142
f 1405 8142 3030
f 12091 8021 5868
f 12119 7489 8021
f 4528 2671 6162
f 6495 11257 2203
f 3030 4410 7144
f 7452 6495 3105
f 5525 9519 7169
f 4410 1299 7144
f 6162 1146 6291
f 7452 3105 4000
f 1265 5525 871
f 4000 4579 7452
f 1316 6291 1146
f 4814 4579 4000
f 4120 4506 10983
f 6662 10068 998
f 11606 4579 4814
f 4120 10983 8353
f 4120 8353 6178
f 11606 1557 4579
f 5740 2807 8167
f 11606 1947 1557
f 6676 5837 6178
f 3305 8167 1257
f 1947 4324 1557
f 1413 5029 5837
f 5837 9863 6178
f 5837 5029 9863
f 1947 10964 4324
f 725 5029 1413
f 6178 2039 11660
f 6178 9863 2039
f 1257 8493 3305
f 10964 4728 3675
f 725 3443 5029
f 2039 5219 7233
f 2039 9863 5219
f 9863 5029 5219
f 725 1067 3443
f 5029 12423 5219
f 5029 3443 12423
f 7233 5219 8016
f 5219 12423 8016
f 1067 6179 3443
f 10281 3675 4728
f 1067 1647 6179
f 6179 6569 3443
f 12423 7636 8016
f 12423 3443 7636
f 8016 7636 2472
f 7482 2240 3041
f 6179 5953 11001
f 6179 11001 6569
f 1647 5953 6179
f 3443 6569 7636
f 3183 2240 7482
f 4969 4787 4541
f 6569 12171 7636
f 9776 3183 7482
f 6569 11001 451
f 6569 451 12171
f 9776 693 3183
f 4541 4787 4289
f 5953 10024 11001
f 10982 2567 5953
f 5953 2567 10024
f 11343 5326 1505
f 11343 1505 12291
f 6791 693 9776
f 6791 12164 693
f 12291 1505 5268
f 2567 534 10024
f 10024 534 5311
f 3689 6713 8822
f 3689 10145 6713
f 5268 1505 10555
f 12164 8067 336
f 12164 6791 8067
f 9447 2224 7399
f 8822 6713 8205
f 7399 2224 5328
f 1760 11865 8205
f 1760 8205 9779
f 9779 8205 6713
f 6753 10145 447
f 2567 10307 534
f 4418 5268 8918
f 8924 5328 10484
f 8891 8924 10484
f 4418 8918 4093
f 10307 2617 534
f 4916 5859 8763
f 10803 8145 1183
f 2617 1960 534
f 4093 2559 12367
f 4093 8918 2559
f 2559 9370 12367
f 2617 10049 1960
f 10252 9619 1428
f 117 7551 9370
f 10049 9702 1960
f 492 10252 4739
f 3785 6093 8261
f 1481 6310 8460
f 8460 6310 7551
f 10049 149 9702
f 9107 1481 8460
f 10049 8780 149
f 8780 9883 149
f 12327 149 9883
f 616 5476 4739
f 9883 3593 7938
f 7938 12327 9883
f 7784 5751 11161
f 7784 11161 1693
f 12327 7938 6174
f 1693 11899 7784
f 7938 3593 10725
f 6174 7938 2298
f 973 11899 10613
f 10725 3368 7938
f 7938 3368 2298
f 3453 9187 10984
f 7437 5684 3368
f 4887 2176 9187
f 4887 9187 3453
f 5684 11252 3368
f 3712 2176 4480
f 4480 2176 4887
f 11252 5684 7975
f 4078 9458 6087
f 12269 6087 9458
f 5684 4336 7975
f 11537 12400 3637
f 11494 12044 12094
f 8704 12400 11537
f 3637 4270 11537
f 7964 12044 11494
f 4270 5668 6353
f 3254 11505 4336
f 2834 179 12044
f 2834 12044 7964
f 9449 3254 8311
f 3254 9344 11505
f 5668 2113 6353
f 3254 9449 10947
f 3254 10947 9344
f 6615 4654 7320
f 4654 11223 7320
f 11223 8954 8993
f 8993 8954 2834
f 8993 2834 46
f 5668 6533 2113
f 8323 1212 9696
f 11941 5313 2975
f 5313 2865 2975
f 7320 441 6615
f 8323 9696 7640
f 8323 11325 8311
f 2865 5690 12376
f 2865 5313 5690
f 12376 10899 8818
f 3748 8818 10899
f 12399 8745 3904
f 9618 9696 11237
f 12376 5690 10899
f 3952 9618 3411
f 9618 3952 9696
f 9696 3952 12154
f 7026 12399 3904
f 7707 1780 4673
f 5961 10899 5690
f 3748 3465 2369
f 3411 6427 3952
f 1780 10504 2320
f 10899 5961 2099
f 2099 3748 10899
f 3748 2099 2788
f 3748 2788 3465
f 3646 7026 3904
f 6700 10504 5120
f 1904 3097 6396
f 1904 2034 3097
f 5120 5033 6700
f 5120 9753 5033
f 5033 9753 6846
f 1790 9974 11664
f 4512 2979 6396
f 2788 8335 3465
f 2452 8335 11190
f 4146 2452 11190
f 9992 6846 9753
f 9992 5693 6846
f 3905 4518 11664
f 11664 4518 1790
f 1790 9050 9974
f 9974 9050 5921
f 9974 5921 4512
f 6396 2979 5480
f 2788 2837 11190
f 2788 11190 8335
f 5693 9992 7774
f 4518 3905 11162
f 5921 10926 10295
f 5921 10295 4512
f 4512 10295 2979
f 7029 5693 7774
f 9050 10926 5921
f 2395 3190 2000
f 2000 3190 11162
f 11162 3190 4518
f 1790 4518 10315
f 2395 12204 3190
f 6571 3190 12204
f 3190 6571 7375
f 3190 7375 4518
f 10315 4518 7375
f 7375 6571 518
f 8539 11672 7312
f 4588 342 7312
f 2038 11005 11180
f 8479 6073 7670
f 9634 9399 11717
f 6073 9147 10925
f 4522 9634 11717
f 4522 11717 5754
f 9147 9178 10925
f 11493 8679 7000
f 5777 5186 6486
f 5186 5230 6486
f 5186 6965 5230
f 9038 6965 7206
f 9038 5230 6965
f 7206 11301 9038
f 4215 8679 11493
f 5185 10394 5777
f 6430 10394 5020
f 5020 10945 6430
f 6394 7463 6299
f 10547 6394 6299
f 6299 3325 10547
f 6529 10245 6229
f 8142 8890 11616
f 4528 6840 2671
f 6229 5868 6529
f 2203 11257 10566
f 5868 8021 7489
f 11540 3030 8142
f 7100 7489 10518
f 7100 7169 9519
f 5193 6291 1316
f 6770 9025 1811
f 998 4489 3726
f 4878 1811 4506
f 3726 6662 998
f 5193 4187 12042
f 4000 9851 4814
f 4120 6178 11660
f 502 2807 5740
f 5740 10068 502
f 1257 8167 2807
f 1257 3101 5791
f 1755 10981 4187
f 5791 8493 1257
f 6465 8493 5791
f 6465 3022 8493
f 12447 10964 1947
f 2039 7233 2570
f 825 10981 1755
f 12447 4728 10964
f 3022 4608 8493
f 7233 6638 2570
f 6638 7233 8016
f 4608 964 3041
f 964 7482 3041
f 2324 4969 10281
f 2324 5613 4969
f 5613 4787 4969
f 7636 12171 9475
f 12171 6544 11007
f 9475 12171 11007
f 6544 12171 451
f 9468 8961 3493
f 4289 5326 11343
f 2733 451 11001
f 451 2733 6544
f 6791 9776 4439
f 4036 3493 8961
f 6544 2733 2208
f 5326 5083 1505
f 12167 11001 10024
f 5311 12167 10024
f 12167 2733 11001
f 2733 12167 6710
f 2733 6710 2208
f 1505 5083 10555
f 12167 5311 6710
f 10555 6549 5268
f 10555 5083 6549
f 4880 9779 6713
f 4880 6713 10145
f 10145 4545 4880
f 4545 10145 6753
f 4423 1428 336
f 8924 9844 5328
f 4047 1760 9779
f 4047 9779 4824
f 4880 4824 9779
f 6549 8918 5268
f 1960 5311 534
f 8763 1760 4916
f 1183 4545 6753
f 5311 1175 6710
f 5859 4916 4921
f 4916 1760 4047
f 8145 4545 1183
f 5859 4921 10396
f 5311 1960 1175
f 7240 9614 11351
f 11351 9614 10396
f 11351 10396 9048
f 9048 10396 4921
f 3207 2559 8918
f 3207 8918 6549
f 9702 1175 1960
f 7003 8145 231
f 351 231 8145
f 9370 2559 117
f 2559 3207 117
f 9909 10252 1428
f 1175 9702 12000
f 3313 7551 117
f 10252 9909 4739
f 231 351 12195
f 7551 10994 8460
f 7551 3313 10994
f 9702 9982 12000
f 4739 9909 616
f 1481 12004 8261
f 12195 351 6093
f 149 9982 9702
f 12004 1481 9107
f 12327 9982 149
f 12000 9982 10056
f 616 313 5476
f 12327 6174 9982
f 10056 9982 6174
f 5476 313 10165
f 10056 6174 7782
f 10165 11161 5751
f 6174 3118 6979
f 904 11899 1693
f 2298 3118 6174
f 904 9354 11899
f 9354 10613 11899
f 7528 5680 10613
f 2298 1832 3118
f 2298 3368 1832
f 8675 3118 1832
f 3368 11252 1832
f 11327 10984 2061
f 11252 6416 1832
f 8344 7528 5265
f 4078 8344 5265
f 8482 3712 11494
f 3712 8482 2176
f 11252 7975 6416
f 1763 9458 4078
f 7975 2379 6416
f 12044 179 12094
f 11505 7975 4336
f 3723 10452 12269
f 3723 12269 9458
f 2834 8954 5406
f 7933 11223 4654
f 9449 8311 11325
f 2591 6615 441
f 11325 8323 7640
f 12399 2591 441
f 7864 1676 9218
f 7640 9696 12154
f 5961 5690 5313
f 5313 6375 5937
f 5937 5961 5313
f 7640 12154 5373
f 7026 4691 12399
f 10605 5961 11636
f 4015 3411 2034
f 6427 3411 4015
f 5961 10605 2099
f 4146 2522 2452
f 3646 2452 7026
f 7026 2452 2522
f 5480 1904 6396
f 2034 1904 5480
f 10605 10103 2099
f 2099 2837 2788
f 10103 2837 2099
f 7730 3447 2837
f 11190 2837 3447
f 11190 3447 4146
f 5480 2979 8194
f 5480 8194 2034
f 9992 7775 7774
f 1790 8195 9050
f 12478 7774 7775
f 12478 12204 7774
f 8195 1790 10315
f 9050 8195 10926
f 12478 6571 12204
f 10315 4180 8195
f 10295 10926 8836
f 6571 8289 518
f 4180 10315 7375
f 518 4180 7375
f 2938 518 8289
f 4180 8045 8195
f 7829 2938 8289
f 518 11193 4180
f 518 2938 11193
f 4180 11193 8045
f 10926 8195 8836
f 8539 7312 342
f 8479 8032 342
f 1671 11180 2743
f 8032 8479 7670
f 6073 10925 8374
f 5754 11493 4522
f 10925 9178 3126
f 9178 8443 3126
f 1897 5185 5777
f 6486 1897 5777
f 3126 8443 950
f 8443 6840 950
f 6531 5020 10394
f 8890 4239 2260
f 704 10945 5020
f 4930 7463 6394
f 2260 11616 8890
f 950 6840 4528
f 704 10566 10945
f 11258 11540 8142
f 6777 2203 11603
f 6777 6495 2203
f 9270 3105 6777
f 6777 3105 6495
f 5702 3105 9270
f 5702 4000 3105
f 4489 1299 6381
f 6770 1265 9025
f 4489 6381 3726
f 4878 6770 1811
f 6662 3726 5390
f 6446 4878 4506
f 6446 4506 4120
f 1464 6662 5390
f 1464 502 10068
f 10068 6662 1464
f 3101 1257 2807
f 3101 1770 5791
f 11660 2039 2570
f 2306 1947 11606
f 11755 6465 5791
f 3022 6465 11755
f 1527 4728 12447
f 2570 6638 11970
f 3022 964 4608
f 5849 1431 825
f 825 1431 10375
f 8016 2472 6638
f 2472 3316 6638
f 6575 10281 4728
f 964 7400 7482
f 6575 2324 10281
f 5613 2324 6575
f 1431 4820 782
f 7400 4439 7482
f 7482 4439 9776
f 7636 9475 2472
f 4820 6879 782
f 4348 4787 5613
f 11007 7014 9475
f 6544 1722 11007
f 8067 6791 4439
f 6544 4158 1722
f 6544 2208 4158
f 2101 5510 8961
f 8249 5083 5326
f 8067 4423 336
f 9447 5510 2101
f 6710 6582 2208
f 6710 2489 6582
f 4790 1428 4423
f 7399 5328 9844
f 5083 1374 6549
f 6582 2489 344
f 256 4047 4824
f 4824 4880 1355
f 1355 4880 10860
f 10860 4880 4545
f 6710 1175 2489
f 4047 256 4916
f 6549 1374 4491
f 7003 10860 4545
f 7003 4545 8145
f 2332 4921 4916
f 4491 3207 6549
f 8891 7240 8318
f 4790 9909 1428
f 1175 1994 2489
f 1175 12000 1994
f 1994 12000 9831
f 12195 6093 3785
f 12004 8321 8261
f 8261 8321 3785
f 8460 10994 9483
f 9107 8460 9483
f 12000 10056 9831
f 8321 12004 7644
f 12004 9107 11481
f 11481 9107 9483
f 10056 7782 9831
f 2898 9831 7782
f 313 7086 10165
f 7086 11161 10165
f 6979 7782 6174
f 7782 6979 214
f 6979 8675 214
f 2513 10613 9354
f 8675 6979 3118
f 10104 214 8675
f 2513 7528 10613
f 10104 8675 11405
f 1832 11405 8675
f 11405 4109 10104
f 2176 8482 6826
f 9187 2176 12163
f 10984 9187 12163
f 10984 12163 2061
f 11327 2061 6249
f 8704 11327 6249
f 8704 6249 12400
f 11405 1832 6416
f 11405 6524 8265
f 12094 8482 11494
f 6416 12008 11405
f 6524 11405 12008
f 5265 1763 4078
f 12008 6416 2379
f 12008 2379 2021
f 11505 2379 7975
f 11505 4176 2379
f 179 2834 5406
f 5668 4493 6533
f 6666 11505 9344
f 6666 4176 11505
f 6615 8349 4654
f 11223 7933 8954
f 1018 6666 9344
f 6666 1018 2562
f 6666 2562 4176
f 3723 6709 11941
f 6533 1676 7864
f 1018 9344 10947
f 1018 10947 9626
f 11941 6709 6375
f 5313 11941 6375
f 10947 9449 9626
f 5373 11325 7640
f 11325 2262 9626
f 11325 9626 9449
f 12399 4691 2591
f 7707 9218 11678
f 11678 1780 7707
f 11325 5373 2262
f 6375 6709 5937
f 5373 12154 5163
f 5937 11636 5961
f 7843 10504 1780
f 5120 10504 7843
f 12211 6427 4015
f 6427 12211 3978
f 6427 3978 3952
f 7026 2522 6621
f 9992 9753 1915
f 4015 2034 11749
f 8956 10103 10605
f 3447 7730 11665
f 11749 2034 8194
f 12211 11749 7280
f 12211 4015 11749
f 7730 10103 5948
f 2837 10103 7730
f 2979 7215 8194
f 7215 11490 8194
f 1314 7775 9992
f 10295 7215 2979
f 8194 11490 10840
f 8194 10840 11749
f 11490 6226 10840
f 12478 3017 6571
f 9578 7215 10295
f 8836 9578 10295
f 9578 11490 7215
f 3017 8289 6571
f 11490 9578 7286
f 7829 8289 3017
f 8195 3027 8836
f 8836 1158 9578
f 7286 9578 1158
f 7077 2938 7829
f 3027 8195 8045
f 8836 3027 1158
f 11193 2938 7643
f 7643 8045 11193
f 8045 7643 3027
f 1158 6516 7286
f 2938 11412 7643
f 1158 3027 7643
f 11005 3115 2743
f 11005 11672 3115
f 2743 11180 11005
f 1671 2743 11980
f 2743 4862 11980
f 9399 11980 4862
f 8374 7670 6073
f 7670 8374 6789
f 8374 10925 6789
f 5230 9038 4539
f 11301 4539 9038
f 11301 8627 10892
f 11025 10892 8627
f 5185 6531 10394
f 9288 10369 10217
f 9288 8627 10369
f 4106 4239 4215
f 4239 4106 2260
f 9288 10217 4930
f 4930 10217 7463
f 5020 9731 704
f 6531 9731 5020
f 2260 11258 11616
f 12474 2203 704
f 704 2203 10566
f 704 9731 12474
f 11258 8142 11616
f 5868 2881 6529
f 12474 11603 2203
f 5607 5868 7489
f 4624 6777 11603
f 9270 6777 4624
f 6162 1129 4528
f 7100 2996 7489
f 2996 7100 9519
f 6397 4410 3030
f 9270 4624 7276
f 9270 7276 5702
f 8619 6381 1299
f 12042 6291 5193
f 9851 4000 5702
f 3726 6381 5390
f 9851 5702 8429
f 1464 5390 7928
f 12042 4187 1664
f 9851 5847 4814
f 846 6446 4120
f 846 4120 11660
f 502 1464 6990
f 4814 5847 4908
f 4908 11606 4814
f 3101 2807 502
f 4908 2306 11606
f 6898 1770 3101
f 11755 5791 1770
f 2306 12447 1947
f 4728 1527 10218
f 10218 6575 4728
f 782 10375 1431
f 3316 3404 6638
f 9475 3316 2472
f 7400 2757 4439
f 9475 7014 3316
f 8067 4439 2757
f 5288 6879 9468
f 11364 4787 4348
f 11007 5375 7014
f 11364 4289 4787
f 5375 11007 1722
f 1722 6374 5375
f 3493 5288 9468
f 11364 5326 4289
f 8817 6374 1722
f 11364 10309 5326
f 4158 6869 1722
f 8067 10493 4423
f 2208 3792 4158
f 3792 2208 6582
f 3792 9378 4158
f 4384 5510 9447
f 9378 3792 2987
f 6582 344 3792
f 7399 4384 9447
f 8249 1374 5083
f 344 2987 3792
f 2987 6800 9378
f 2489 1994 344
f 256 4824 5623
f 10860 8738 6740
f 7568 4491 1374
f 344 4154 2987
f 4179 8924 8891
f 256 2332 4916
f 256 5623 2332
f 7003 8738 10860
f 4921 2332 9048
f 5540 5623 4824
f 5540 4824 1355
f 7211 10860 6740
f 3207 4491 3526
f 8318 7240 8695
f 8695 7240 11351
f 1994 10923 344
f 4154 344 10923
f 231 8738 7003
f 3207 8121 117
f 3207 3526 8121
f 117 8121 3313
f 9831 10923 1994
f 7247 8738 231
f 3313 4738 10994
f 4738 3313 8121
f 7247 231 2466
f 2466 231 12195
f 7488 2466 12195
f 4929 12195 3785
f 12004 11481 7644
f 4738 9483 10994
f 9831 2898 10923
f 5908 3785 8321
f 12356 7644 11481
f 2898 8315 10923
f 4929 3785 5908
f 5908 8321 7644
f 5908 7644 12356
f 7782 6653 2898
f 2898 6653 8315
f 313 3855 7086
f 214 6653 7782
f 904 1693 11161
f 214 10104 6653
f 9354 10465 2513
f 6826 1162 2176
f 2176 1162 12163
f 7937 10104 4109
f 2513 9463 7528
f 11405 8265 4109
f 9463 5265 7528
f 6524 2021 8265
f 8265 2021 365
f 12008 2021 6524
f 2021 1384 365
f 1384 2021 2379
f 5668 4270 1456
f 1384 2379 4176
f 1341 7933 6910
f 7933 1341 8954
f 5406 8954 1341
f 9170 6533 4493
f 7436 8349 6615
f 4654 8349 6910
f 4654 6910 7933
f 5922 1676 6533
f 9170 5922 6533
f 5485 3723 9458
f 11683 1676 5922
f 1676 11683 11678
f 9218 1676 11678
f 6709 3539 5937
f 5373 5163 3732
f 4691 7026 10139
f 10139 7026 6621
f 2907 12154 3952
f 5163 12154 2907
f 2907 3952 3978
f 7428 11636 5937
f 3978 2140 2907
f 5088 3978 12211
f 3978 5088 2140
f 11636 7428 1127
f 1127 10605 11636
f 11665 11177 3447
f 4146 3447 11177
f 1127 8956 10605
f 10816 11665 7730
f 5088 12211 7280
f 7280 11749 10840
f 5088 7280 2280
f 8956 5948 10103
f 7280 10840 406
f 706 10840 6226
f 406 10840 706
f 7775 9154 12478
f 12478 9154 3017
f 6226 11490 7286
f 7829 3017 196
f 7829 196 7077
f 7286 6516 6226
f 6226 6516 706
f 7077 11412 2938
f 11590 7643 11412
f 7643 4300 1158
f 7643 11590 4300
f 1158 1606 6516
f 1158 4300 1606
f 5422 11672 8539
f 342 5422 8539
f 342 8032 5422
f 8400 9399 4862
f 3126 6789 10925
f 3126 1907 6789
f 3007 4389 4215
f 4215 11493 3007
f 4215 4389 4106
f 1034 5185 1897
f 1034 10415 5185
f 10415 6531 5185
f 9288 11025 8627
f 2260 4106 8247
f 9288 4930 12410
f 950 1907 3126
f 5789 9731 6531
f 12105 6394 10547
f 10525 9731 5789
f 11258 2260 10338
f 6529 2881 3420
f 10525 12474 9731
f 2592 12474 10525
f 950 4528 11242
f 2592 11603 12474
f 1129 11242 4528
f 4624 11603 2592
f 3030 11540 6397
f 8115 4624 2592
f 8115 7276 4624
f 5525 3473 9519
f 5525 1265 3473
f 8619 1299 4410
f 5847 9851 8429
f 4378 6770 4878
f 6446 4378 4878
f 6990 1464 7928
f 3101 502 6990
f 1863 846 11660
f 11660 2570 1863
f 6898 3101 6990
f 4187 10981 4396
f 10981 825 4396
f 8562 964 3022
f 8562 7400 964
f 7907 10375 782
f 7014 9886 3316
f 5893 782 6879
f 5288 5893 6879
f 6374 8563 7014
f 5375 6374 7014
f 2757 1451 8067
f 8817 7398 6374
f 10800 7398 8817
f 1722 6869 8817
f 1451 10493 8067
f 10309 8249 5326
f 10367 4036 8961
f 5510 10367 8961
f 2886 6869 4158
f 11341 10367 5510
f 9378 2886 4158
f 11341 5510 4384
f 4384 7399 9844
f 1719 7568 1374
f 6800 2987 4154
f 10860 3818 1355
f 3818 5540 1355
f 7211 3818 10860
f 6740 8738 7211
f 7568 6408 4491
f 8346 4179 8891
f 8346 8891 8318
f 2332 6896 9048
f 2332 5623 6896
f 4491 6408 3526
f 4154 3551 6800
f 6896 5623 5540
f 7956 7211 8738
f 7247 7956 8738
f 8315 4154 10923
f 1651 7956 7247
f 6672 8121 3526
f 4154 8315 1087
f 313 616 10549
f 1087 8315 4092
f 313 10549 3653
f 4929 7488 12195
f 4738 12317 9483
f 12317 4738 2968
f 1651 7247 2466
f 11481 7924 12356
f 11481 12010 7924
f 12010 11481 9483
f 12010 9483 12317
f 8270 5908 12356
f 3855 1102 7086
f 4092 8315 6653
f 2105 11161 7086
f 4092 6653 1564
f 11993 4092 1564
f 5346 11161 2105
f 5346 904 11161
f 1564 6653 10104
f 7937 1564 10104
f 7937 10639 1564
f 904 10465 9354
f 10465 9289 5992
f 10465 5992 2513
f 12094 12288 8482
f 8482 12288 3088
f 8482 3088 6826
f 10639 7937 4109
f 5860 10639 4109
f 5992 9463 2513
f 4109 8265 5860
f 365 5860 8265
f 8174 9463 5992
f 1384 10122 365
f 179 7326 12094
f 1721 7326 179
f 4270 3637 1456
f 4493 5668 1456
f 4570 11810 1384
f 5406 1721 179
f 4570 1384 4176
f 5265 9315 1763
f 1763 9315 9458
f 9315 5485 9458
f 1986 6615 2591
f 7436 6615 1986
f 1379 4176 2562
f 10139 1986 2591
f 4812 3723 5485
f 10139 2591 4691
f 2562 1018 3218
f 4812 6709 3723
f 2262 5373 3732
f 11621 3539 6709
f 8248 7843 1780
f 10139 6621 5410
f 3539 7428 5937
f 7843 5432 5120
f 2522 4146 11177
f 7430 1915 9753
f 11177 11665 1779
f 11665 10816 1779
f 2280 2432 5088
f 5088 2432 2140
f 1914 1314 1915
f 7730 5948 10816
f 1314 9992 1915
f 5466 7280 406
f 2280 7280 5466
f 1914 9154 1314
f 9154 7775 1314
f 8686 3017 9154
f 706 7638 406
f 406 7638 5466
f 6516 303 706
f 303 7638 706
f 7638 303 4723
f 303 6516 1606
f 4862 2743 3115
f 7670 9901 8032
f 7670 4126 9901
f 11717 9399 8400
f 6789 4126 7670
f 6486 5230 10929
f 5230 10732 10929
f 5230 4539 10732
f 10929 1897 6486
f 2002 4539 11301
f 11301 10892 2002
f 12410 11025 9288
f 11929 6531 10415
f 8337 12410 4930
f 11929 5789 6531
f 8337 4930 6394
f 5446 5789 11929
f 10525 5789 5446
f 10338 2260 8247
f 10338 4549 11258
f 11242 1907 950
f 5882 2881 5868
f 5607 5882 5868
f 11540 9006 6397
f 1129 3200 11242
f 2996 9519 3473
f 3200 1129 10015
f 6291 1129 6162
f 5226 7276 8115
f 4410 6397 8712
f 1129 6291 10015
f 649 5702 7276
f 3473 1265 5034
f 11896 6381 8619
f 8619 4410 8712
f 8619 8712 11896
f 11312 5390 6381
f 1664 10015 12042
f 10015 6291 12042
f 8429 5702 649
f 5034 1265 6770
f 6770 4378 5034
f 8429 5052 5847
f 5847 8093 4908
f 1664 4187 5445
f 5445 4187 5824
f 4396 5824 4187
f 383 12447 2306
f 1770 6898 9454
f 2570 11970 11070
f 5272 2285 1770
f 1770 2285 11755
f 12447 383 9954
f 9954 1527 12447
f 8562 11755 2285
f 8562 3022 11755
f 4396 825 10375
f 3430 11970 6638
f 6638 3404 3430
f 4068 7400 8562
f 7907 782 9544
f 4068 2757 7400
f 3316 9886 2327
f 9544 782 5893
f 7014 8563 9886
f 7398 8563 6374
f 8817 6869 10800
f 624 8249 10309
f 3518 11341 4384
f 12016 2886 9378
f 1719 1374 8249
f 9844 8924 8531
f 8924 4179 8996
f 6408 7568 1719
f 9909 4790 2745
f 8412 6800 3551
f 5540 2354 6896
f 3818 2354 5540
f 7211 4388 3818
f 7211 7956 4388
f 6672 3526 6408
f 295 9909 2745
f 9150 11351 9048
f 9150 9048 8866
f 8866 9048 6896
f 128 6896 2354
f 1476 4388 7956
f 1087 3551 4154
f 8412 3551 1266
f 616 9909 10549
f 1087 1061 3551
f 565 7956 1651
f 1061 1266 3551
f 4738 8121 2968
f 4092 6288 1087
f 1061 1087 6288
f 10167 565 1651
f 2466 3021 1651
f 1651 3021 10167
f 3235 12356 7924
f 12366 313 3653
f 10167 5150 565
f 11489 10167 3021
f 3021 2466 7488
f 4929 11591 7488
f 4929 5908 11591
f 12356 3235 8270
f 7924 12010 3235
f 12366 3855 313
f 3021 7488 11591
f 11591 5908 8270
f 6745 8270 3235
f 11489 5150 10167
f 11489 3021 11591
f 4092 11993 6288
f 7086 1102 2105
f 10639 11993 1564
f 6826 11639 1162
f 12163 1162 694
f 5976 904 5346
f 5976 10465 904
f 6826 3088 11639
f 12163 694 11576
f 5976 9289 10465
f 12132 10639 5860
f 11843 7379 12400
f 6249 11843 12400
f 7651 5860 365
f 7379 3637 12400
f 7651 365 10122
f 8174 5265 9463
f 1456 8208 4493
f 11810 10122 1384
f 10122 11810 335
f 5265 8174 6154
f 8208 9170 4493
f 9315 5265 6154
f 2952 1341 6910
f 5406 1341 11260
f 8174 1878 6154
f 4176 6513 4570
f 8349 7436 8378
f 2562 3218 1379
f 9315 2982 5485
f 5485 2982 7664
f 5485 7664 4812
f 11244 1780 11678
f 1018 9626 3823
f 1018 3823 3218
f 11621 6709 4812
f 11244 8248 1780
f 2262 4050 9626
f 6762 7843 8248
f 7843 6762 5432
f 5163 2907 12182
f 5163 12182 3732
f 7430 9753 5120
f 3611 7428 3539
f 7958 2522 11177
f 1915 7430 2646
f 2140 12182 2907
f 3611 3539 2855
f 11177 1779 7958
f 1914 1915 2646
f 3611 1127 7428
f 1127 3611 4826
f 5948 4505 10816
f 4505 5948 8956
f 8686 9154 1914
f 1127 11309 8956
f 11309 4505 8956
f 196 3017 8686
f 1816 7077 196
f 1816 171 7077
f 7077 171 11412
f 10263 303 1606
f 5422 8919 11672
f 11672 8919 3115
f 8919 6675 3115
f 12180 5422 8032
f 12180 8032 9901
f 10676 8400 4862
f 4126 8419 9901
f 1592 5139 4126
f 6789 1592 4126
f 6789 1907 1592
f 11098 8196 10929
f 10929 8196 1897
f 10732 11098 10929
f 8196 1034 1897
f 4106 4389 10519
f 10415 1034 3311
f 10519 8247 4106
f 12410 12074 11025
f 3311 11929 10415
f 3311 1594 11929
f 10968 1907 10469
f 10245 10547 3325
f 10525 5446 188
f 11242 10469 1907
f 188 2592 10525
f 11540 11258 4549
f 11242 3200 10469
f 7489 2996 5607
f 10015 9778 3200
f 3473 5034 197
f 11896 11312 6381
f 10015 237 9778
f 12196 649 7276
f 237 10015 1664
f 6944 8429 649
f 8429 6944 5052
f 5034 4378 4416
f 5445 237 1664
f 8093 5847 5052
f 8777 4378 6446
f 846 8777 6446
f 3535 7928 5390
f 4908 8093 5236
f 7755 846 1863
f 5824 10710 5445
f 9651 2306 5236
f 5236 2306 4908
f 2570 7755 1863
f 4534 6898 6990
f 11070 7755 2570
f 9454 6898 4534
f 2306 9651 383
f 9454 5272 1770
f 10723 2285 5272
f 1527 9954 9204
f 8562 2285 10793
f 4396 10375 7907
f 10218 1527 9204
f 2327 3404 3316
f 7930 5613 6575
f 8563 2327 9886
f 5630 4348 5613
f 5630 5399 4348
f 5399 11364 4348
f 8642 5288 3493
f 11411 10800 6869
f 7999 624 10309
f 7840 11411 6869
f 7840 2886 10711
f 7840 6869 2886
f 12016 10711 2886
f 3578 8249 624
f 6800 12016 9378
f 3578 1719 8249
f 6800 8412 12016
f 8996 8531 8924
f 6896 128 8866
f 2354 3736 128
f 2354 5947 3736
f 3818 5947 2354
f 4191 6672 6408
f 295 10549 9909
f 2935 8695 11351
f 8866 128 845
f 845 128 3736
f 4388 5947 3818
f 8083 5947 4388
f 3736 5947 8083
f 8083 4388 1476
f 565 1476 7956
f 8083 1476 3546
f 3546 1476 565
f 6672 1498 8121
f 6915 3546 565
f 12012 2968 8121
f 10549 8580 3653
f 11276 1266 1061
f 193 1266 11276
f 5150 6915 565
f 6288 2919 1061
f 11276 1061 2919
f 10593 6915 5150
f 12317 12379 12010
f 12010 12379 3235
f 12317 2968 12379
f 12379 2968 11082
f 3235 10570 6745
f 3235 12379 7072
f 8270 841 11591
f 6745 841 8270
f 10570 3235 7072
f 5970 10593 5150
f 5150 11489 11305
f 420 11489 11591
f 11305 11489 420
f 5353 841 6745
f 5353 6745 10570
f 2919 6288 11993
f 5970 5150 11305
f 420 11591 841
f 2919 11993 491
f 9729 10593 5970
f 902 5346 2105
f 694 1162 11639
f 10639 12132 11993
f 902 5976 5346
f 2061 12163 11576
f 5145 902 3971
f 5145 5976 902
f 12288 12094 11235
f 5860 3452 12132
f 5145 12082 5976
f 5976 12082 9289
f 7651 3452 5860
f 12082 5992 9289
f 12082 9278 5992
f 1456 3637 4771
f 9278 8174 5992
f 10122 335 7651
f 11810 10296 335
f 9278 2252 8174
f 2952 11260 1341
f 8174 2252 1878
f 8349 2952 6910
f 737 9170 4651
f 737 5922 9170
f 737 10027 5922
f 10027 11683 5922
f 1878 9315 6154
f 571 1986 3357
f 1379 6513 4176
f 10139 3357 1986
f 1878 2186 9315
f 9315 2186 2982
f 10139 5410 3357
f 4050 2830 9626
f 9626 2830 3823
f 4812 7664 11509
f 7430 5120 5432
f 2522 11721 6621
f 11621 2855 3539
f 11721 2522 7958
f 2140 9494 12182
f 12182 9494 887
f 370 3611 2855
f 3611 370 4826
f 1779 10816 7475
f 10816 4505 7475
f 6636 2280 5466
f 7335 1127 4826
f 1127 9839 11309
f 1127 7335 9839
f 196 8686 11038
f 11412 171 11590
f 5422 6786 8919
f 12180 6786 5422
f 4862 3115 6675
f 10676 4862 5527
f 9901 8419 12180
f 8400 361 11717
f 4126 5139 8419
f 11493 5754 2035
f 1592 5096 5139
f 11098 12233 8196
f 8196 12233 3311
f 3311 1034 8196
f 5811 690 10732
f 5811 10732 4539
f 2002 5811 4539
f 3311 12233 1594
f 1907 10968 1592
f 1239 11929 1594
f 1239 5446 11929
f 12105 8337 6394
f 2259 10547 10245
f 10245 6529 2259
f 2259 6529 3420
f 5446 1239 11234
f 11234 188 5446
f 8680 2881 5882
f 4549 9006 11540
f 2996 5882 5607
f 10469 6342 10968
f 3200 6342 10469
f 9778 6342 3200
f 12196 7276 5226
f 12196 6944 649
f 9550 6342 9778
f 237 9550 9778
f 6342 9550 12440
f 11312 3535 5390
f 8777 4416 4378
f 5445 10710 237
f 10710 9550 237
f 7928 3535 7315
f 7755 8777 846
f 9550 10710 10523
f 6990 7928 7315
f 6990 7315 4534
f 10710 10952 10523
f 5824 10952 10710
f 4396 10952 5824
f 11970 10796 11070
f 11527 10523 10952
f 7907 10952 4396
f 8152 11527 10952
f 10952 7907 8152
f 8562 5436 4068
f 5436 5478 4068
f 10218 7930 6575
f 3404 2327 7616
f 4068 5478 2757
f 7907 9544 9589
f 5893 9589 9544
f 7930 5630 5613
f 5893 8642 9589
f 5288 8642 5893
f 7398 11501 8563
f 8563 11501 7126
f 3493 8129 8642
f 5399 7999 11364
f 11501 7398 10800
f 8129 3493 4036
f 7999 10309 11364
f 440 2745 4790
f 4423 440 4790
f 1252 4384 9844
f 6009 12016 8412
f 1719 4191 6408
f 11135 295 2745
f 8695 5891 8318
f 11351 9150 2935
f 4290 9150 8866
f 4290 8866 845
f 4062 845 3736
f 1266 1421 8412
f 1421 806 8412
f 8083 10920 3736
f 10920 4062 3736
f 1309 10920 8083
f 8083 3376 1309
f 6133 1309 3376
f 3546 3376 8083
f 193 1421 1266
f 12012 8121 1498
f 4220 2968 12012
f 10593 3546 6915
f 10177 3376 3546
f 10177 3546 10593
f 10432 12366 3653
f 5261 3376 10177
f 12073 5261 10177
f 9729 10177 10593
f 12073 11704 5261
f 9588 10177 9729
f 12073 10177 9588
f 4219 11305 420
f 6246 841 5353
f 1102 3855 8075
f 12073 3102 11704
f 3102 12073 2380
f 7413 12073 9588
f 2380 12073 7413
f 11305 3914 5970
f 11305 4219 3914
f 4659 420 841
f 841 6246 4659
f 5492 3102 2380
f 4659 4219 420
f 694 11639 5492
f 5492 11576 694
f 5492 2380 11576
f 11576 2380 7413
f 1864 9729 5970
f 9588 9729 1864
f 3914 1864 5970
f 11993 12132 491
f 12132 4185 491
f 2105 1984 902
f 11576 7413 2061
f 12218 7413 9588
f 4111 1864 3914
f 902 1984 3971
f 8317 9588 1864
f 12218 9588 8317
f 8317 1864 4111
f 6421 7413 12218
f 2061 7413 6421
f 2061 6421 6249
f 3452 6112 12132
f 6249 6421 11843
f 6421 12218 39
f 6421 39 11843
f 5145 11154 12082
f 39 7379 11843
f 12094 3529 11235
f 6334 9278 12082
f 12094 7326 3529
f 3637 7379 4771
f 6334 2252 9278
f 5406 11260 4577
f 5406 4577 1721
f 4570 10296 11810
f 8378 11041 8349
f 8349 11041 2952
f 4570 9341 10296
f 1986 571 8378
f 1986 8378 7436
f 11813 11678 11683
f 9649 1878 2252
f 11813 11244 11678
f 2437 1878 9649
f 1667 1379 3218
f 11244 6762 8248
f 1667 3218 3823
f 1878 2437 2186
f 2186 7618 2982
f 7618 7664 2982
f 1797 4050 2262
f 2262 3732 251
f 2262 251 1797
f 11509 11621 4812
f 3732 12182 887
f 11509 195 11621
f 6605 11721 7958
f 7958 1779 5829
f 5447 2140 2432
f 5447 9494 2140
f 1779 7475 2128
f 370 3146 7335
f 7335 4826 370
f 8686 1914 10172
f 10172 12138 8686
f 8686 12138 11038
f 350 9839 7335
f 5466 7638 8465
f 8465 7638 4723
f 1816 196 9822
f 4723 303 5612
f 10263 5612 303
f 171 4869 11590
f 1606 4300 9377
f 6786 12180 9300
f 5527 4862 6675
f 9300 12180 8419
f 9300 8419 2214
f 8400 10676 10117
f 2214 8419 4041
f 10117 361 8400
f 5139 4041 8419
f 5754 11717 361
f 5754 361 2035
f 5096 4041 5139
f 3007 11493 2035
f 8267 4041 6862
f 6862 4041 5096
f 11098 6076 12233
f 6076 11098 690
f 690 11098 10732
f 7586 10519 4389
f 3007 7586 4389
f 2002 10892 8017
f 12074 8550 11025
f 10968 5096 1592
f 8255 5096 10968
f 10338 8247 5982
f 1239 1594 1628
f 2259 12105 10547
f 4658 188 11234
f 3378 8255 10968
f 2592 188 4658
f 1217 8255 3378
f 4658 8115 2592
f 6811 2596 2996
f 6811 2996 3473
f 6342 3378 10968
f 8712 6397 9006
f 11896 8712 7926
f 12440 3378 6342
f 4040 3378 12440
f 12440 3204 4040
f 8777 8282 4416
f 9550 3204 12440
f 7315 3535 10861
f 7315 10861 4193
f 10523 901 9550
f 901 3204 9550
f 8093 4354 5236
f 4534 7315 4193
f 11897 3204 901
f 7755 11070 9316
f 897 9316 11070
f 10796 897 11070
f 3516 5272 9454
f 5272 3516 10723
f 11527 901 10523
f 11970 3430 10796
f 10723 10793 2285
f 5041 10793 10723
f 7798 901 11527
f 8152 7798 11527
f 5436 10793 5041
f 5436 8562 10793
f 7798 8152 11744
f 8152 9589 11744
f 7907 9589 8152
f 5478 1451 2757
f 7126 7616 8563
f 7616 2327 8563
f 8642 10794 9589
f 9787 10794 8642
f 8129 9787 8642
f 11411 1412 10800
f 11341 8129 4036
f 10367 11341 4036
f 7999 7217 1065
f 440 10493 2151
f 1252 3518 4384
f 440 4423 10493
f 4179 8346 3544
f 4191 1719 1399
f 806 6009 8412
f 8695 10439 5891
f 2935 10439 8695
f 9150 10439 2935
f 10439 9150 4290
f 295 8580 10549
f 5188 4290 845
f 5188 845 4062
f 10920 3688 4062
f 10920 1309 3688
f 6133 3799 1309
f 5261 6133 3376
f 4220 11082 2968
f 8580 10432 3653
f 6133 4275 3799
f 4275 6133 5261
f 11704 4275 5261
f 7072 12007 10570
f 2023 4275 11704
f 10570 12007 5353
f 10243 12007 7072
f 8075 3855 12366
f 3102 2023 11704
f 491 11854 2919
f 2919 11854 11276
f 745 2023 3102
f 8863 4219 4659
f 8863 4659 6246
f 4185 11854 491
f 1102 8075 2105
f 745 11639 3088
f 5492 11639 745
f 5492 745 3102
f 2766 8863 6246
f 8075 753 1984
f 2105 8075 1984
f 3914 4219 9384
f 9384 4219 8863
f 12288 905 7165
f 12288 7165 3088
f 3914 2414 4111
f 4111 2414 8317
f 2414 3914 9384
f 6112 4185 12132
f 3971 1984 5138
f 1738 8317 2414
f 2147 2414 9384
f 11703 12218 8317
f 11703 8317 1738
f 11703 39 12218
f 11703 6867 39
f 1738 2414 2147
f 5138 9122 3971
f 9122 5145 3971
f 3529 2809 11235
f 6867 11703 1738
f 9122 11154 5145
f 39 6867 7379
f 6867 1738 3445
f 7651 3613 3452
f 7379 6867 3445
f 3710 11154 9122
f 3445 4771 7379
f 8208 1456 4771
f 7326 1721 4577
f 7326 4577 3529
f 335 3613 7651
f 11154 6334 12082
f 8388 5561 8208
f 8939 6334 11154
f 5561 9170 8208
f 4577 11260 12373
f 5561 4651 9170
f 5561 11928 4651
f 11260 2952 7694
f 2952 11041 7694
f 10027 11813 11683
f 12467 4570 6513
f 9341 4570 12467
f 2252 1921 9649
f 9649 1921 2316
f 546 12467 1379
f 1379 12467 6513
f 3357 1019 571
f 2316 2437 9649
f 546 1379 1667
f 2523 546 1667
f 5410 1019 3357
f 6929 5432 6762
f 6621 11939 5410
f 6929 7430 5432
f 3823 9030 1667
f 2186 2437 7618
f 7664 7618 5644
f 11721 11939 6621
f 1797 7804 4050
f 11118 2830 7804
f 2830 4050 7804
f 2830 11118 3823
f 3823 11118 9030
f 5644 11509 7664
f 3732 5942 251
f 1318 6605 7958
f 2646 7430 7062
f 3732 9144 5942
f 7958 5829 1318
f 11621 195 2855
f 5829 1779 2128
f 10172 1914 2646
f 2855 7556 370
f 2432 2280 4947
f 2432 4947 5447
f 7556 12022 370
f 12022 3146 370
f 4505 8087 7475
f 2280 6636 4947
f 11309 8087 4505
f 5466 8465 6636
f 3146 350 7335
f 9839 4847 11309
f 4847 9839 350
f 196 11038 9822
f 4300 11590 4869
f 6482 10263 1606
f 4869 9377 4300
f 1606 9377 6482
f 5345 6675 8919
f 9300 5345 8919
f 9300 8919 6786
f 5345 5527 6675
f 8971 10117 10676
f 10676 5527 8971
f 10117 6923 361
f 8267 2214 4041
f 2035 7706 3007
f 12233 6076 8798
f 6862 10494 8267
f 8798 1594 12233
f 5811 9972 690
f 2002 8017 5811
f 2482 10494 6862
f 11025 8017 10892
f 5096 2482 6862
f 10519 10273 8247
f 8889 1594 8798
f 8247 10273 11533
f 7718 10494 6061
f 6061 10494 2482
f 6362 12410 8337
f 1217 6061 2482
f 8255 2482 5096
f 8889 1628 1594
f 7756 6362 8337
f 3158 1628 8889
f 7756 8337 12105
f 8255 1217 2482
f 3420 2881 10364
f 10365 1239 1628
f 11234 1239 10365
f 10364 2881 8680
f 5677 10338 5982
f 4549 10338 5677
f 7718 6061 11024
f 2596 5882 2996
f 9006 4549 3029
f 6942 5951 4658
f 4658 5951 8115
f 5226 8115 5951
f 11024 6061 1217
f 12196 5226 22
f 3473 197 6811
f 4040 11024 1217
f 3378 4040 1217
f 6944 12196 22
f 7926 11312 11896
f 197 5034 4416
f 738 3535 11312
f 4020 5052 6944
f 763 11024 4040
f 3204 763 4040
f 3535 1997 10861
f 381 11024 763
f 10861 1997 4193
f 3204 11897 763
f 8988 8777 7755
f 4534 4193 3137
f 763 6141 381
f 9651 5236 4354
f 4534 3137 9454
f 9454 3673 3516
f 9454 3137 3673
f 1084 763 11897
f 897 10796 1922
f 3516 5041 10723
f 3166 3516 3673
f 10796 3430 6818
f 7798 11897 901
f 1084 11897 7798
f 5556 1084 7798
f 5556 7798 11744
f 3430 3404 7616
f 5041 112 5436
f 3072 5556 11744
f 112 12067 5436
f 12067 5478 5436
f 1097 227 3072
f 11744 1097 3072
f 9589 1097 11744
f 531 7616 7126
f 1097 9589 10794
f 12067 1451 5478
f 9787 1097 10794
f 5630 5639 5399
f 8339 1451 12067
f 9787 9068 1097
f 6135 7126 11501
f 2151 1451 8339
f 2151 10493 1451
f 5399 7217 7999
f 6135 11501 10800
f 2429 9787 8129
f 11050 2429 8129
f 11050 8129 11341
f 1412 11411 4830
f 4830 11411 7840
f 11050 11341 3518
f 3578 624 7999
f 440 11135 2745
f 10966 1252 9844
f 8531 10966 9844
f 1719 3578 6289
f 8531 8996 10966
f 4179 3544 8996
f 8346 8318 3544
f 3544 8318 5891
f 4290 3110 10439
f 5188 3110 4290
f 797 6672 4191
f 6055 806 1421
f 3799 3688 1309
f 193 8663 1421
f 11276 8663 193
f 4275 8109 3799
f 2023 8109 4275
f 10243 7072 12379
f 12379 11082 10243
f 4432 8663 11276
f 12007 10243 7109
f 10432 2583 12366
f 8109 2023 8681
f 11854 4432 11276
f 12366 2583 8075
f 2583 753 8075
f 8863 3947 9384
f 8863 2766 3947
f 12288 11235 905
f 9384 3947 2147
f 2147 3947 12391
f 11235 2809 905
f 2147 2871 1738
f 2147 12391 2871
f 1738 2871 3445
f 3613 6112 3452
f 6870 8208 4771
f 12373 11950 4577
f 4577 11950 3529
f 6870 8388 8208
f 8939 11154 3710
f 11260 7694 12373
f 4651 8422 737
f 4731 335 10296
f 8939 1493 6334
f 1493 2252 6334
f 11041 8378 7095
f 10027 737 6821
f 10027 6821 11813
f 7390 10296 9341
f 1493 1921 2252
f 8689 6762 11244
f 12467 546 2523
f 9030 2523 1667
f 2437 2316 2645
f 11939 1015 5410
f 2523 9030 5008
f 11939 11721 6605
f 2437 2645 7618
f 5942 1797 251
f 7804 9327 11118
f 11118 9327 9030
f 5644 613 195
f 195 11509 5644
f 3732 887 9144
f 5829 2128 1318
f 1551 2128 7475
f 10172 2646 7877
f 9494 2276 887
f 195 10336 2855
f 10336 7556 2855
f 1551 7475 8087
f 8087 4847 914
f 12212 3146 12022
f 11309 4847 8087
f 10172 2511 12138
f 12212 350 3146
f 5118 1917 914
f 5118 914 4847
f 12138 10655 11038
f 2449 8537 8570
f 12212 2449 8570
f 350 12212 8570
f 350 8570 5118
f 5118 8570 8537
f 350 5118 4847
f 4723 1282 8465
f 9822 11038 10655
f 4723 5612 1282
f 171 1816 9822
f 5612 10263 6318
f 5527 5345 3707
f 9300 8236 5345
f 7287 8971 5527
f 3707 7287 5527
f 11987 8236 9300
f 2214 11987 9300
f 100 6923 10117
f 11987 8267 12300
f 8267 11987 2214
f 2035 361 6923
f 5195 12300 8267
f 10494 5195 8267
f 8798 6076 10509
f 2228 5195 10494
f 8798 10509 8561
f 7586 3007 12249
f 8550 8017 11025
f 8561 8889 8798
f 8672 8550 12074
f 2741 8889 8561
f 7718 2228 10494
f 2430 5887 10194
f 2430 10194 2228
f 3158 8889 2741
f 5982 8247 11533
f 7756 12105 11148
f 12069 5887 2430
f 2259 11148 12105
f 10364 2259 3420
f 2254 12069 2430
f 3918 10365 1827
f 11234 10365 3918
f 7718 2430 2228
f 11234 3918 6942
f 10627 2254 2430
f 10627 2430 7718
f 4658 11234 6942
f 3029 4549 5677
f 1726 22 5226
f 8161 12069 2254
f 8712 9006 6118
f 11290 8161 2254
f 11290 2254 10627
f 11024 10627 7718
f 7926 8712 6118
f 3092 4020 6944
f 3092 6944 22
f 738 11312 7926
f 6160 738 7926
f 4416 5417 197
f 8736 1997 738
f 738 1997 3535
f 11290 10627 8765
f 381 10627 11024
f 4056 11290 8765
f 8093 5052 5512
f 381 8765 10627
f 8093 5512 4354
f 6141 8765 381
f 8988 7755 9316
f 798 8765 6141
f 4056 8765 798
f 1608 4056 798
f 8568 4056 1608
f 4354 6309 9651
f 11769 3673 3137
f 1608 1771 8568
f 383 9651 3043
f 383 3043 9954
f 1084 6141 763
f 3043 9204 9954
f 1608 798 6141
f 1608 6141 1084
f 6818 1922 10796
f 3166 4819 3516
f 3516 4819 5041
f 5041 4819 7819
f 11926 1608 1084
f 5556 11926 1084
f 1771 1608 1169
f 1169 1608 11926
f 3430 7616 6818
f 7819 12337 5041
f 5041 12337 112
f 3072 11926 5556
f 1169 11926 3072
f 12115 5630 7930
f 7616 531 6818
f 11682 3545 1169
f 3072 11682 1169
f 11682 3072 227
f 11682 227 3803
f 1097 3803 227
f 531 7126 6135
f 9068 3803 1097
f 9068 4877 3803
f 5639 7217 5399
f 2429 9068 9787
f 9246 6135 10800
f 9246 10800 1412
f 2429 4877 9068
f 2429 12274 4877
f 11050 12274 2429
f 12274 11050 2954
f 10241 7999 1065
f 4032 2954 11050
f 4032 11050 3518
f 10241 3578 7999
f 206 4032 3518
f 7196 11135 440
f 206 3518 1252
f 206 1252 10966
f 8996 3544 11546
f 11844 6009 806
f 3544 5891 8700
f 806 6055 11844
f 3110 5689 10439
f 766 4326 3110
f 3110 5188 766
f 8580 295 8313
f 4062 9135 5188
f 6672 797 1498
f 8313 8192 8580
f 9135 766 5188
f 4062 3688 9135
f 1421 8663 6055
f 8200 4220 12012
f 3799 8109 9254
f 2023 8637 8681
f 745 8637 2023
f 6238 7109 10243
f 3088 10941 745
f 10941 8637 745
f 3088 7165 10941
f 5353 4090 6246
f 5353 12007 4090
f 4185 6388 11854
f 6246 262 2766
f 6246 4090 262
f 2766 3606 3947
f 2766 262 3606
f 905 9672 7165
f 4610 3947 3606
f 6112 6388 4185
f 8521 5138 1984
f 905 2809 9672
f 3947 4610 12391
f 12391 11359 2871
f 5218 3445 2871
f 5218 2871 11359
f 3613 6805 6112
f 3529 11950 26
f 3529 26 2809
f 5218 4771 3445
f 5218 6870 4771
f 12373 4376 11950
f 8388 11928 5561
f 603 3710 9122
f 7095 7694 11041
f 8422 6821 737
f 571 11814 8378
f 7390 4731 10296
f 1019 12065 571
f 8689 11244 11813
f 2648 6762 8689
f 2648 6929 6762
f 9341 11170 7390
f 9341 12467 11170
f 11170 12467 2523
f 3786 2316 1921
f 6929 7062 7430
f 2523 5008 8613
f 2316 10692 2645
f 8035 2645 10692
f 7618 2645 5644
f 2646 7062 1474
f 2645 8035 6168
f 5644 2645 6168
f 1474 7877 2646
f 7804 1797 5942
f 9030 9327 5008
f 5644 6168 613
f 613 118 195
f 10336 195 118
f 12112 887 2276
f 5942 246 7804
f 7804 246 3228
f 7804 3228 9327
f 10336 118 3224
f 2433 9494 5447
f 7556 10336 3224
f 1418 12022 7556
f 1418 12212 12022
f 4947 2433 5447
f 914 1917 7947
f 10185 4869 171
f 10263 6482 6318
f 10185 8193 4869
f 8193 9377 4869
f 5345 8236 3707
f 2064 3707 8236
f 2064 7287 3707
f 8236 9275 5876
f 9275 8236 11987
f 100 7287 10993
f 100 8971 7287
f 8971 100 10117
f 12300 9275 11987
f 6076 9988 10509
f 12282 9988 6076
f 12282 6076 690
f 3007 7706 12249
f 690 9972 12282
f 5887 10014 12300
f 5887 5195 10194
f 5887 12300 5195
f 10194 5195 2228
f 10050 9972 5811
f 5811 8017 10050
f 10519 10214 10273
f 10519 7586 10214
f 6253 10014 5887
f 8561 7227 2741
f 10214 7555 10273
f 11533 10273 7555
f 7227 4189 2741
f 497 12074 12410
f 12069 6253 5887
f 1733 2741 4189
f 1733 3158 2741
f 5982 11533 3314
f 338 6253 12069
f 5982 3314 5722
f 5675 11148 2259
f 4475 338 1321
f 1827 1628 3158
f 5722 5677 5982
f 1628 1827 10365
f 10364 8680 9517
f 6942 3918 5819
f 8680 5882 972
f 11580 1321 338
f 5951 6942 5819
f 5951 5819 2213
f 2596 972 5882
f 11108 1321 11580
f 5226 5951 2213
f 2213 1726 5226
f 8161 338 12069
f 3836 2596 6811
f 6118 9006 3029
f 197 3836 6811
f 8161 11580 338
f 4383 8117 11108
f 5417 9524 197
f 9944 4383 11108
f 9944 11108 11580
f 9944 11580 8161
f 5052 4020 5512
f 4020 9741 5512
f 9944 8161 3590
f 7847 5512 9741
f 2624 4383 9944
f 4056 3590 11290
f 11290 3590 8161
f 8282 9388 4416
f 8791 4383 2624
f 2624 9944 3590
f 1997 4743 4193
f 7821 4743 1997
f 4383 8791 8117
f 10392 4354 5512
f 10392 5512 7847
f 8988 4037 8282
f 8988 8282 8777
f 8568 3590 4056
f 2624 3590 8568
f 4354 10392 11944
f 4354 11944 6309
f 6973 11944 10392
f 426 8988 9316
f 11944 6973 6309
f 2624 7850 8791
f 6309 6973 5831
f 7850 2624 530
f 2624 8568 6857
f 897 5508 9316
f 11663 2624 6857
f 897 1160 5508
f 897 1922 1160
f 6309 3043 9651
f 3043 6309 5831
f 6926 530 2624
f 1771 6857 8568
f 9584 3043 5831
f 3166 3673 5651
f 1392 6857 1771
f 11663 6857 1392
f 3043 708 9204
f 3043 9584 708
f 6926 2624 11663
f 41 10218 9204
f 9204 708 41
f 6926 5342 530
f 41 708 3741
f 5342 6926 8693
f 8693 6926 11663
f 3545 1771 1169
f 3545 1392 1771
f 8693 11663 1392
f 41 12115 7930
f 10218 41 7930
f 3750 5630 12115
f 389 1392 3545
f 8693 1392 389
f 11682 389 3545
f 3750 5639 5630
f 11682 549 389
f 11627 11682 3803
f 549 11682 11627
f 4877 11627 3803
f 1168 6135 9246
f 1168 9246 5312
f 478 1168 5312
f 9246 1412 5312
f 5312 1412 4830
f 4830 2202 5312
f 12274 2954 6701
f 7840 1843 4830
f 2202 4830 1843
f 6126 440 2151
f 10711 1843 7840
f 7493 1843 10711
f 12016 7493 10711
f 12016 4232 7493
f 6009 4232 12016
f 7493 4232 9296
f 2297 4232 6009
f 8996 9175 10966
f 11546 9175 8996
f 8313 295 11135
f 11546 3544 8700
f 771 4191 1399
f 10439 5689 5891
f 7231 5891 5689
f 4326 5689 3110
f 8313 10789 8192
f 8192 10432 8580
f 8663 2815 6055
f 9135 3688 5926
f 9583 12012 1498
f 9976 766 9135
f 9976 9135 5926
f 3799 5926 3688
f 9105 2815 8663
f 3799 9254 5926
f 4220 7336 11082
f 5149 8663 4432
f 11082 7336 10243
f 2161 8109 8681
f 10243 12002 6238
f 10243 7336 12002
f 11854 5149 4432
f 3703 753 2583
f 5103 12007 7109
f 6238 5103 7109
f 11854 6388 5149
f 8521 1984 753
f 3703 8521 753
f 4911 10941 7165
f 12007 5103 4090
f 4090 5103 262
f 5411 5103 6238
f 9672 4911 7165
f 262 5103 6404
f 6388 6112 6805
f 9311 5138 8521
f 2809 8436 9672
f 4610 11359 12391
f 1436 4610 3606
f 809 4610 1436
f 11359 4610 809
f 12141 5138 9311
f 12141 9122 5138
f 11359 8202 5218
f 11359 809 8202
f 6870 5218 8202
f 6805 3613 217
f 11950 4376 2786
f 8202 8388 6870
f 335 12419 3613
f 12419 217 3613
f 3265 3219 4376
f 12373 3265 4376
f 603 8939 3710
f 7694 7095 3265
f 7694 3265 12373
f 11814 7095 8378
f 4731 12419 335
f 11814 571 12065
f 11813 6821 8783
f 11813 8783 8689
f 5656 1921 1493
f 1019 5410 1015
f 7062 6929 10343
f 8613 11170 2523
f 3834 2316 3786
f 3834 10692 2316
f 1318 542 6605
f 11939 6605 542
f 230 1318 2128
f 8613 5008 4486
f 1551 230 2128
f 5008 9327 3228
f 613 9060 118
f 9144 887 12112
f 3969 914 7947
f 8087 914 3969
f 7877 3857 10172
f 9494 2433 2276
f 9144 3719 5942
f 3857 2511 10172
f 3719 8418 5942
f 5942 8418 246
f 7556 3669 1418
f 2511 10655 12138
f 1418 2449 12212
f 5464 5118 8537
f 5464 1917 5118
f 9166 9822 10655
f 10185 171 274
f 5612 8508 1282
f 5612 6318 8508
f 8193 11594 9377
f 5876 2064 8236
f 7287 2064 10993
f 9681 2064 5876
f 7542 7706 6923
f 7542 6923 10993
f 10993 6923 100
f 9681 10993 2064
f 3521 9681 5876
f 3521 5876 9275
f 5160 9681 3521
f 10422 12249 7706
f 7706 2035 6923
f 10014 9275 12300
f 10014 3521 9275
f 1772 1704 7227
f 5934 5160 3521
f 10509 9988 1772
f 7227 8561 10509
f 7227 10509 1772
f 1727 12249 364
f 5160 1295 4572
f 5934 1295 5160
f 7586 12249 1727
f 10214 7586 1727
f 10214 1727 8114
f 1295 5934 5322
f 5322 5934 3521
f 4475 1295 5322
f 10014 5322 3521
f 4189 7227 1704
f 6253 5322 10014
f 12074 497 8672
f 5376 1295 11068
f 11068 1295 4475
f 338 4475 6253
f 6253 4475 5322
f 497 12410 6362
f 3314 11533 7555
f 9469 5376 11068
f 1733 4189 6098
f 11148 12120 6362
f 7756 11148 6362
f 5722 3314 9742
f 1827 1733 11968
f 1827 3158 1733
f 5675 2259 4458
f 1321 11068 4475
f 2017 1827 11968
f 4458 2259 10364
f 4458 10364 9517
f 3918 1827 2017
f 9517 2221 4458
f 11500 5677 5722
f 6067 9469 11068
f 8680 972 9517
f 6067 11068 1321
f 2017 6716 3918
f 5819 3918 6716
f 11500 3029 5677
f 5819 6716 2213
f 6067 11989 9469
f 11108 6067 1321
f 972 2596 8082
f 8082 2596 11793
f 4950 6067 11108
f 3836 11793 2596
f 6118 3029 8084
f 4950 11989 6067
f 197 9524 3836
f 6160 7926 6118
f 8117 4950 11108
f 3092 9741 4020
f 8736 738 743
f 9388 1354 5417
f 9388 5417 4416
f 847 4950 8117
f 9741 11635 7847
f 4950 472 11989
f 9433 9388 8282
f 9433 8282 4037
f 4010 472 4950
f 4010 4950 847
f 10392 7847 11306
f 7821 5465 4743
f 976 4743 5465
f 10229 4010 847
f 10229 847 8791
f 8791 847 8117
f 4193 4743 3137
f 6973 10392 2753
f 2753 10392 11306
f 426 9316 5508
f 10229 7805 4010
f 7805 10229 4896
f 4896 10229 8791
f 4896 8791 7850
f 3673 11769 5651
f 9570 7850 530
f 6973 2599 5831
f 4896 3490 7805
f 4896 7850 9570
f 9570 3490 4896
f 5831 10348 9584
f 1334 3166 5651
f 1334 4819 3166
f 3490 9570 5342
f 3780 708 9584
f 3741 708 3780
f 3780 9584 10348
f 3039 4819 1334
f 5342 9570 530
f 3741 3780 3240
f 6818 4119 1922
f 1346 3490 5342
f 6695 1720 12337
f 7819 6695 12337
f 1720 112 12337
f 2698 5342 8693
f 3741 5388 41
f 5388 3750 12115
f 41 5388 12115
f 12208 4007 531
f 4007 6818 531
f 1720 12067 112
f 3861 1346 2698
f 5342 2698 1346
f 8693 4914 2698
f 1720 3583 12067
f 4165 12067 3583
f 389 4914 8693
f 4165 8339 12067
f 3866 4914 389
f 549 3866 389
f 531 6135 1168
f 5639 8297 7217
f 4165 2151 8339
f 6126 2151 4165
f 11627 4877 6701
f 6701 4877 12274
f 1843 7432 2202
f 2954 3226 6701
f 7432 1843 7493
f 7196 440 6126
f 9296 4232 2297
f 7196 9581 11135
f 2297 6009 11844
f 1719 6289 1399
f 11844 4759 2297
f 11135 9581 8313
f 6055 4759 11844
f 5891 7231 8700
f 2815 4759 6055
f 797 4191 771
f 766 11694 4326
f 5625 1498 797
f 766 6913 11694
f 766 9976 6913
f 4612 10432 8192
f 12012 9583 8200
f 2583 10432 4612
f 9254 7626 5926
f 8200 7336 4220
f 8663 5149 9105
f 8109 2161 9254
f 2161 7626 9254
f 4526 7336 8200
f 9708 2161 8681
f 10941 10402 8637
f 10402 8681 8637
f 10402 9708 8681
f 6238 12002 5411
f 7634 5149 6388
f 10941 4911 10402
f 2353 5103 5411
f 5103 2353 6404
f 262 6404 3606
f 2809 26 8436
f 3606 6404 1436
f 11950 2786 26
f 217 2684 6805
f 8202 809 12338
f 12338 8388 8202
f 12141 6316 9122
f 6316 603 9122
f 7095 11814 3265
f 8422 10515 6821
f 10515 8783 6821
f 2079 12419 4731
f 226 8939 603
f 2648 8689 8783
f 226 1493 8939
f 226 5656 1493
f 11170 1310 7390
f 5656 3786 1921
f 11170 8613 1310
f 230 1551 9724
f 6168 9060 613
f 8087 3969 9724
f 8087 9724 1551
f 3228 3807 5008
f 3807 4486 5008
f 8035 3089 6168
f 7947 5851 3969
f 12112 3719 9144
f 12116 3807 3228
f 5851 7947 1917
f 2511 3857 6588
f 259 246 8418
f 11566 246 259
f 3228 246 11566
f 3228 11566 12116
f 7556 3224 3669
f 2433 4488 2276
f 3719 11221 8418
f 6636 9321 4947
f 488 1917 5464
f 6636 942 9321
f 6482 9377 11594
f 7706 7542 10422
f 7542 266 10422
f 266 7542 10993
f 266 10993 10891
f 10891 10993 9681
f 5160 10891 9681
f 364 12249 10422
f 266 364 10422
f 2215 266 10891
f 364 266 5767
f 4572 2215 10891
f 5160 4572 10891
f 8432 266 2215
f 364 5767 1727
f 5767 8114 1727
f 6938 5767 266
f 6938 266 8432
f 8432 2215 4572
f 10050 12282 9972
f 958 10214 8114
f 8114 9826 958
f 9826 8114 5767
f 9826 5767 6938
f 4894 6938 8432
f 10214 958 7555
f 958 590 7555
f 958 9826 590
f 10962 9826 6938
f 11328 4894 8432
f 11328 8432 4572
f 5376 4572 1295
f 4189 1704 6098
f 7555 590 3314
f 590 11366 3314
f 590 12261 11366
f 12261 590 9826
f 10962 6938 9579
f 9579 6938 4894
f 3314 11366 9742
f 7266 12261 9826
f 7266 9826 10962
f 11757 4894 11328
f 5376 11328 4572
f 12120 2940 6362
f 11366 7562 9742
f 11366 10233 7562
f 10233 11366 12261
f 7696 12261 7266
f 11757 9579 4894
f 7771 12120 11148
f 7771 11148 5675
f 7696 10233 12261
f 9827 11757 11328
f 5376 9827 11328
f 6098 5619 11968
f 1733 6098 11968
f 5675 5099 7771
f 2796 5722 9742
f 7562 2796 9742
f 12453 7266 10962
f 7696 7266 12453
f 11194 9579 11757
f 11194 11757 9827
f 9469 9827 5376
f 2017 11968 5619
f 4458 5099 5675
f 4458 7458 5099
f 2221 7458 4458
f 2796 11500 5722
f 12453 10962 9579
f 9517 972 2221
f 2221 972 2382
f 9320 7696 12453
f 11194 12453 9579
f 8082 2382 972
f 2549 7696 9320
f 7738 11194 9827
f 9469 7738 9827
f 9320 2949 2549
f 3574 12453 11194
f 3574 11194 7738
f 11989 7738 9469
f 390 1726 2213
f 11500 5697 3029
f 79 22 1726
f 5697 8084 3029
f 2949 9320 12453
f 8609 12453 3574
f 11793 3836 9193
f 2949 12453 8609
f 79 3092 22
f 6304 7015 466
f 79 7015 6304
f 6118 8084 9970
f 79 9741 3092
f 79 6304 9741
f 9524 9193 3836
f 472 3574 7738
f 11989 472 7738
f 6304 11635 9741
f 11635 6304 7708
f 472 8609 3574
f 11268 2949 8609
f 11635 7708 7222
f 738 6160 743
f 6251 11268 8609
f 11635 11306 7847
f 11635 7222 11306
f 9388 9433 1354
f 4302 6251 8609
f 4302 8609 472
f 11306 7222 4688
f 7821 1997 8736
f 9433 4037 3456
f 4010 4302 472
f 1826 3963 4688
f 4945 976 5465
f 9780 11384 7599
f 10808 11384 4302
f 7599 11384 10808
f 4037 8988 426
f 10808 4302 4010
f 2753 11306 4688
f 2753 4688 3963
f 7805 10808 4010
f 11126 2753 3963
f 7805 7599 10808
f 4327 11126 3963
f 7599 4970 9780
f 2753 2599 6973
f 2599 2753 11126
f 4970 7599 7805
f 3490 4970 7805
f 250 2599 11126
f 2599 10348 5831
f 2599 250 10348
f 11126 4327 250
f 1160 1922 4119
f 10348 1388 3780
f 10348 250 3923
f 1388 3240 3780
f 10348 3923 1388
f 10875 4970 3490
f 10875 3490 1346
f 4819 3039 7819
f 10875 1346 3482
f 1346 3861 3482
f 3240 1388 10587
f 4119 6818 4007
f 6695 7819 3039
f 6695 3039 345
f 3240 5388 3741
f 3583 1720 6695
f 7835 5252 6695
f 5252 3583 6695
f 4902 5388 3240
f 4914 3861 2698
f 8065 3861 4914
f 11310 8065 4914
f 4914 3866 10435
f 3750 8297 5639
f 531 9678 12208
f 3583 9660 4165
f 9678 531 1168
f 6052 10435 3866
f 549 12491 3866
f 12228 7217 8297
f 6052 3866 9882
f 12491 9882 3866
f 11627 12491 549
f 6126 4165 9660
f 11627 6701 12491
f 5312 2202 478
f 12491 6701 7750
f 4032 3226 2954
f 9296 7432 7493
f 10966 9175 2846
f 2815 7575 4759
f 9581 10789 8313
f 7231 11044 8700
f 11044 7231 2200
f 5689 4326 7231
f 2200 7231 11694
f 11694 7231 4326
f 9583 1498 5625
f 6913 9976 7832
f 7634 9105 5149
f 3703 2583 4612
f 9708 7626 2161
f 10456 7626 9708
f 7336 6589 12002
f 10456 9708 10402
f 1248 8521 3703
f 9672 1775 4911
f 8436 1775 9672
f 6404 2353 6324
f 6805 6363 6388
f 6324 1436 6404
f 5257 9311 8521
f 6324 1517 1436
f 6324 7967 1517
f 6805 2684 10417
f 9785 1517 7967
f 1436 1517 809
f 1517 12338 809
f 1517 9785 12338
f 934 8388 12338
f 934 11928 8388
f 12419 4066 217
f 11928 934 4651
f 934 8422 4651
f 11814 8511 3265
f 4162 603 6316
f 11814 12065 4323
f 4162 226 603
f 1631 2648 8783
f 2990 12065 1019
f 7390 2079 4731
f 1015 2990 1019
f 2648 10343 6929
f 542 6884 11939
f 1015 11939 6884
f 5772 7390 1310
f 5656 6998 3786
f 1821 7062 10343
f 1821 1474 7062
f 3834 3332 10692
f 1318 230 542
f 3332 8035 10692
f 3332 3089 8035
f 9060 6168 3089
f 4486 3807 7289
f 6588 10655 2511
f 12112 2276 7147
f 7147 3719 12112
f 11221 3719 7147
f 2042 8418 11221
f 259 8418 2042
f 259 6851 11566
f 5113 6851 259
f 6851 12116 11566
f 488 5851 1917
f 6588 9166 10655
f 9321 2433 4947
f 2276 4488 7147
f 2042 5113 259
f 8465 942 6636
f 942 8465 1282
f 10185 1916 8193
f 274 1916 10185
f 1916 2612 8193
f 11123 6318 6482
f 321 1704 1772
f 1772 9988 2713
f 321 1893 1704
f 12282 2713 9988
f 10050 8017 1621
f 8550 1621 8017
f 8672 6994 8550
f 6098 1704 1893
f 4044 8672 497
f 497 6362 4044
f 4044 6362 2940
f 12120 11499 2940
f 7771 5099 9086
f 6922 9086 5099
f 7458 6922 5099
f 9350 6922 7458
f 9350 6717 6922
f 2221 12486 7458
f 7458 12486 9350
f 5619 8272 2017
f 6036 1289 6717
f 6036 6717 9350
f 6036 9350 12130
f 12130 9350 12486
f 292 7562 10233
f 292 10233 2549
f 8272 6716 2017
f 1002 6036 12130
f 2382 12486 2221
f 11500 2796 367
f 2796 12426 367
f 12426 2796 7562
f 12426 7562 292
f 2549 10233 7696
f 8272 2911 6716
f 9164 7815 1289
f 9164 1289 6036
f 9164 6036 1002
f 2800 12486 2382
f 2800 12130 12486
f 2911 2213 6716
f 2213 2911 390
f 2911 10874 390
f 1726 10874 4342
f 390 10874 1726
f 9164 6499 7815
f 1002 12130 2800
f 7146 6499 9164
f 367 5697 11500
f 12117 6499 7146
f 79 1726 7015
f 7015 1726 4342
f 466 9235 6132
f 4342 9235 466
f 6132 7783 10350
f 1002 2800 677
f 8725 2800 2382
f 677 2800 8725
f 11793 2382 8082
f 11793 8725 2382
f 7015 4342 466
f 6132 10350 1645
f 8252 292 2549
f 466 6132 1645
f 1645 10350 3083
f 1855 12406 835
f 1855 835 12117
f 6304 466 7708
f 466 7209 7708
f 466 1645 7209
f 11467 1645 3083
f 3973 1645 11467
f 11467 3083 2304
f 2304 3083 12406
f 2304 12406 1855
f 12117 7146 527
f 8725 11793 9193
f 8725 9193 5472
f 9524 11512 9193
f 11512 5472 9193
f 9970 6160 6118
f 7209 1645 3973
f 9164 1002 677
f 677 8725 1025
f 1025 8725 5472
f 5417 11512 9524
f 11268 8252 2549
f 11268 2549 2949
f 7708 7209 7222
f 582 1855 12117
f 9164 677 6293
f 7209 3973 7222
f 10765 11467 2304
f 933 1025 5472
f 11021 11512 5417
f 11021 5472 11512
f 1632 11268 6251
f 3973 11467 10765
f 582 2304 1855
f 527 7146 9164
f 6293 677 1025
f 10042 5472 11021
f 933 5472 10042
f 1354 11021 5417
f 422 8736 743
f 11245 1025 933
f 6293 1025 11245
f 3973 4688 7222
f 3915 9164 6293
f 11245 933 1512
f 1512 933 10042
f 11406 3973 10765
f 4688 3973 11406
f 527 9164 3915
f 10802 11021 1354
f 10802 1354 9433
f 8736 422 5465
f 582 12117 527
f 6293 11245 7045
f 10802 9433 7837
f 7821 8736 5465
f 4402 1632 6251
f 3915 7045 7913
f 6293 7045 3915
f 3456 7837 9433
f 11384 6251 4302
f 1826 4688 11406
f 7439 10765 2304
f 4402 6251 11384
f 10837 2304 582
f 4344 527 3915
f 4344 3915 7913
f 9780 4402 11384
f 11406 10765 7439
f 10837 7439 2304
f 582 527 12
f 12 527 4344
f 4037 426 3456
f 12277 12 5999
f 582 12 12277
f 5999 12 4344
f 5001 4402 9780
f 12277 10837 582
f 1697 3137 4743
f 976 1697 4743
f 10837 12277 4991
f 426 5508 8583
f 10269 7439 10837
f 10269 10837 4991
f 3963 684 4327
f 684 3963 1826
f 10269 11406 7439
f 1697 11769 3137
f 4970 5001 9780
f 1826 11406 7823
f 11406 10269 7823
f 1826 7823 684
f 4970 11914 5001
f 4327 7531 250
f 7531 5481 250
f 11320 7531 4327
f 11320 4327 684
f 11320 684 9777
f 2642 1160 4119
f 11914 4970 8601
f 5481 3923 250
f 5481 1959 3923
f 5481 7531 11320
f 3561 8601 4970
f 3923 10463 1388
f 10463 3923 1959
f 4119 4007 2467
f 1923 3039 1334
f 10875 3561 4970
f 10875 3482 3561
f 1388 10463 10587
f 1923 345 3039
f 5750 10587 10463
f 8668 10587 5750
f 5750 10463 1959
f 345 7835 6695
f 3240 10587 4902
f 3861 1466 3482
f 3561 3482 1466
f 1466 3861 8065
f 10435 11310 4914
f 11569 9660 5252
f 9660 3583 5252
f 11310 10435 6052
f 1168 478 9678
f 9445 9882 12491
f 3232 9678 478
f 9660 1050 6126
f 478 2202 4647
f 3226 7750 6701
f 1970 2202 7432
f 1970 4647 2202
f 5730 7196 6126
f 3226 4032 206
f 9296 482 7432
f 6289 3578 10241
f 2846 11901 10966
f 11901 206 10966
f 7196 9623 9581
f 4759 6724 2297
f 7575 6724 4759
f 6647 9175 11546
f 6647 11546 8700
f 11044 6647 8700
f 797 771 8124
f 7575 2815 11612
f 11694 6913 5426
f 9976 5926 7832
f 10298 7832 5926
f 536 4526 8200
f 7626 10298 5926
f 7626 10456 10298
f 7336 4526 6589
f 4753 3703 4612
f 10456 10402 5991
f 6589 4526 1395
f 6388 6363 7634
f 4753 1248 3703
f 4911 5991 10402
f 1775 5991 4911
f 12002 8059 5411
f 8059 12002 6589
f 8059 6589 11202
f 8436 5734 1775
f 5411 3161 2353
f 6363 6805 10417
f 26 2786 8436
f 2353 3161 6324
f 5257 8521 1248
f 10731 2786 1362
f 4376 1362 2786
f 3219 2909 4376
f 9311 5257 10867
f 12338 9785 934
f 10867 6316 12141
f 10867 12141 9311
f 8511 3219 3265
f 934 2748 8422
f 12419 2079 4066
f 4323 12065 2990
f 8842 2079 7390
f 7390 5772 8842
f 226 6998 5656
f 5507 6998 226
f 1821 9109 11713
f 11713 1474 1821
f 2563 1310 11138
f 3786 6998 5973
f 5973 3834 3786
f 11138 1310 8613
f 3834 5973 3332
f 7877 1474 7817
f 9792 230 9724
f 7877 8336 3857
f 3857 8336 6588
f 3807 12116 146
f 118 7429 3586
f 3586 3224 118
f 6851 2749 12116
f 1213 4488 2433
f 9842 11221 7147
f 2449 1418 7794
f 2433 9321 10423
f 4488 9842 7147
f 11221 6306 2042
f 2042 6306 5113
f 7794 6091 2449
f 8537 2449 6091
f 12158 9822 9166
f 9822 10481 171
f 274 171 10481
f 1916 1048 2612
f 2612 11594 8193
f 11594 8964 6482
f 6482 8964 11123
f 2939 2713 12282
f 12282 10050 2939
f 1621 2939 10050
f 6994 1621 8550
f 8672 4044 6994
f 1893 663 5619
f 5619 6098 1893
f 9872 663 2223
f 204 9872 2223
f 11499 12120 6451
f 7771 6451 12120
f 11499 6451 2998
f 7771 9086 6451
f 5619 663 8272
f 663 9872 8272
f 2998 6451 9086
f 9872 204 11609
f 3800 6731 2998
f 3800 2998 394
f 3983 2998 9086
f 394 2998 3983
f 6717 3983 6922
f 6922 3983 9086
f 2911 9872 11609
f 8272 9872 2911
f 11609 204 9991
f 9492 3800 394
f 394 3983 1289
f 1289 3983 6717
f 7815 394 1289
f 10874 2911 11609
f 4175 9991 12480
f 11609 9991 4175
f 1729 6731 3800
f 1729 3800 9492
f 7815 9492 394
f 11609 4342 10874
f 4175 12480 7783
f 6499 9492 7815
f 12426 10536 367
f 292 10536 12426
f 4342 11609 9235
f 9235 11609 4175
f 1729 8535 6731
f 835 1729 9492
f 835 9492 6499
f 4155 5697 367
f 10536 4155 367
f 9235 4175 6132
f 6132 4175 7783
f 10350 7783 4675
f 4729 12458 8535
f 4729 8535 1729
f 4729 1729 835
f 835 6499 12117
f 10350 4675 1990
f 10156 4675 12458
f 1990 4675 10156
f 10156 12458 4729
f 10156 4729 835
f 5127 10536 292
f 6581 10536 5127
f 5697 4155 7162
f 5127 292 8252
f 10350 1990 3083
f 3083 1990 10156
f 3083 10156 12406
f 12406 10156 835
f 9970 8084 5697
f 9970 5697 7162
f 6445 5127 8252
f 9970 6086 6160
f 11268 1632 8252
f 475 6445 8252
f 475 8252 1632
f 743 6160 6086
f 743 6086 6641
f 422 743 6641
f 10042 10089 1512
f 10089 10042 11021
f 1512 10134 11245
f 10802 10089 11021
f 11245 10134 7045
f 888 1512 10089
f 10089 7837 888
f 7837 10089 10802
f 4402 9141 1632
f 10134 7913 7045
f 10134 1141 7913
f 888 10134 1512
f 1573 10134 888
f 1573 888 1185
f 7913 4558 4344
f 10069 4558 7913
f 10069 7913 1141
f 1141 10134 1573
f 5999 4344 4558
f 5999 4991 12277
f 5999 6272 4991
f 322 4558 10069
f 322 10069 2282
f 5001 12361 4402
f 4402 12361 9141
f 322 5999 4558
f 6272 5999 322
f 426 8583 4296
f 8553 4991 6272
f 4991 8553 10269
f 1482 8553 6272
f 322 1482 6272
f 1160 8583 5508
f 10269 8553 7823
f 11914 12361 5001
f 7823 9777 684
f 8553 9777 7823
f 2642 8583 1160
f 11914 2407 12361
f 2250 9777 8553
f 8553 1482 2250
f 2250 1482 7894
f 9777 9326 11320
f 6033 1334 5651
f 3668 6033 5651
f 1333 2407 11914
f 9326 9291 11320
f 11320 9291 5481
f 9326 9777 2250
f 9326 2250 5709
f 8601 1333 11914
f 5481 9291 1959
f 3561 1333 8601
f 9291 3095 1959
f 11680 9291 9326
f 1959 3095 5750
f 3095 10073 5750
f 3095 9291 8998
f 8998 9291 11680
f 5967 1333 3561
f 10073 8668 5750
f 10587 9274 4902
f 8668 9274 10587
f 1302 4007 12208
f 7835 12097 5252
f 12097 11569 5252
f 2222 3561 1466
f 12208 9678 1302
f 8065 614 1466
f 10933 12228 8297
f 3750 10933 8297
f 9882 4227 6052
f 11569 1050 9660
f 7188 11310 6052
f 7188 6052 4227
f 4227 9882 9445
f 1065 7217 12228
f 4227 9445 4105
f 7750 9445 12491
f 478 4647 3232
f 1050 7356 6126
f 2036 7750 3226
f 2036 3226 206
f 482 1970 7432
f 11901 2036 206
f 10241 10472 6289
f 9296 2297 482
f 482 2297 11937
f 5730 9623 7196
f 6724 11937 2297
f 9175 6647 2846
f 2846 6647 3510
f 47 771 1399
f 10022 3510 6647
f 11044 10022 6647
f 11044 2200 10022
f 2200 11694 5426
f 9019 4612 8192
f 5426 6913 7248
f 11612 2815 9105
f 10040 4612 9019
f 536 8200 9583
f 10040 4753 4612
f 10298 10456 3537
f 5411 7995 3161
f 7995 8059 9176
f 5411 8059 7995
f 1248 4753 1680
f 2786 8063 8436
f 2786 10731 8063
f 3161 7995 6324
f 7995 801 6324
f 6324 801 7967
f 4376 2909 1362
f 7967 833 9785
f 10883 9785 833
f 8651 10867 5257
f 934 9785 2748
f 10515 8422 2748
f 10515 2748 1681
f 10867 4162 6316
f 8511 11814 4323
f 4162 7125 226
f 10343 2648 1631
f 7125 1951 226
f 5507 226 1951
f 1360 9109 10343
f 1821 10343 9109
f 230 2331 542
f 7817 8336 7877
f 5851 9724 3969
f 11138 4486 7289
f 8613 4486 11138
f 3332 10401 3089
f 3089 10401 6128
f 7289 3807 5664
f 3807 146 5664
f 7429 118 9060
f 2749 146 12116
f 9060 2561 7429
f 10963 9166 6588
f 488 2861 5851
f 4488 1213 9143
f 6306 11221 9842
f 5113 11456 6851
f 1213 2433 10423
f 4488 1706 10750
f 4488 10750 9842
f 11492 6091 7794
f 12158 10481 9822
f 942 717 9321
f 10423 9321 717
f 10423 9143 1213
f 6091 5464 8537
f 6483 488 5464
f 274 10481 5178
f 1282 8508 942
f 717 942 8508
f 717 2843 10423
f 274 1048 1916
f 717 8508 6318
f 717 11123 9620
f 717 6318 11123
f 2612 9328 11594
f 2713 6360 1772
f 1772 6360 321
f 6360 4472 321
f 10283 6360 2713
f 321 4472 6343
f 4735 6360 10283
f 8559 10283 2713
f 2939 8559 2713
f 4472 6360 4735
f 321 6343 1893
f 8728 10283 8559
f 4735 10283 8728
f 9585 8728 8559
f 1893 6343 2223
f 663 1893 2223
f 10221 6343 4472
f 10221 4472 4735
f 4735 8728 5673
f 9585 5673 8728
f 2223 6343 11495
f 11495 6343 10221
f 2940 11207 4044
f 5939 8296 11207
f 2940 11499 11207
f 10221 4735 5673
f 1006 5673 6557
f 9085 5939 11207
f 9085 11207 11499
f 11495 204 2223
f 1006 10221 5673
f 588 1006 6557
f 588 6557 8296
f 2998 9085 11499
f 5582 10221 1006
f 11495 10221 5582
f 1262 8296 5939
f 1262 5939 9085
f 12480 11495 5582
f 588 8296 1262
f 6731 9085 2998
f 11495 9991 204
f 9991 11495 12480
f 1262 9085 6731
f 12480 5582 7783
f 2156 1006 588
f 5582 1006 2156
f 2156 588 1262
f 8535 1262 6731
f 7783 5582 4675
f 4675 5582 2156
f 12458 2156 8535
f 8535 2156 1262
f 4675 2156 12458
f 4184 7162 4155
f 6581 4155 10536
f 4184 4155 6581
f 2707 6581 5127
f 596 6086 9970
f 9970 7162 596
f 2707 5127 6445
f 6210 475 1632
f 12023 5465 422
f 9141 6210 1632
f 5954 888 7837
f 5954 1185 888
f 7837 3456 5954
f 1573 10834 1141
f 4295 5465 12023
f 1141 10834 10069
f 1573 1185 391
f 10834 1573 391
f 4295 4945 5465
f 2282 10069 10834
f 12361 11586 9141
f 9141 11586 6210
f 322 2282 2825
f 2282 10834 1059
f 4296 11198 3456
f 4296 3456 426
f 4945 1697 976
f 5714 2825 2282
f 2282 1059 5714
f 4102 11586 12361
f 322 2825 7894
f 2825 5714 2626
f 322 7894 1482
f 2626 7894 2825
f 2407 4102 12361
f 2250 7894 5709
f 7894 2626 6109
f 3668 5651 11769
f 6109 5709 7894
f 2642 4119 1348
f 9326 5709 5453
f 836 2407 1140
f 1333 1140 2407
f 5709 6109 5453
f 1348 4119 2467
f 6033 1923 1334
f 11680 9326 5453
f 6033 4643 1923
f 5967 1140 1333
f 1923 4643 345
f 3095 6311 10073
f 4007 1302 2467
f 12097 7835 10585
f 2222 5967 3561
f 5388 10933 3750
f 10933 5388 4902
f 10933 4902 11828
f 2222 1466 614
f 614 8065 5321
f 5321 8065 11310
f 3840 1065 12228
f 10933 3840 12228
f 11310 7188 5321
f 3840 1929 1065
f 6410 1050 11569
f 7356 1050 6410
f 7160 9445 7750
f 7160 4105 9445
f 7750 2036 7160
f 4105 7160 3229
f 8639 10241 1065
f 2036 11901 7160
f 11901 5082 7160
f 10472 10241 8639
f 10472 8639 8478
f 5082 11901 2846
f 9623 4375 9581
f 10472 1399 6289
f 11937 6724 4520
f 3510 5082 2846
f 1399 10472 47
f 6693 771 47
f 9581 4375 10789
f 4054 6724 7575
f 9019 8192 10789
f 3413 3510 10022
f 6498 3413 10022
f 11612 4054 7575
f 2200 6498 10022
f 2200 5426 6498
f 8124 5625 797
f 6913 7832 7248
f 7832 8156 7248
f 7832 10298 8156
f 6363 6453 7634
f 10456 8930 3537
f 8930 10456 5991
f 1775 11916 5991
f 11916 8930 5991
f 5734 11916 1775
f 5734 1703 11916
f 5734 8063 1703
f 8063 5734 8436
f 1248 1680 2963
f 2963 5257 1248
f 801 833 7967
f 833 801 6001
f 1362 2909 9435
f 3219 8511 2909
f 9785 73 2748
f 9785 10883 73
f 217 4066 2684
f 8511 5235 2909
f 10867 8651 4162
f 8511 4323 5235
f 1631 8783 4282
f 4323 2990 11337
f 7859 11613 2990
f 1360 10343 1631
f 6884 7859 1015
f 2990 1015 7859
f 7859 6884 1444
f 6884 542 1444
f 5772 1310 10932
f 1310 2563 10932
f 11713 7817 1474
f 8865 3332 5973
f 8336 6783 6588
f 2561 9060 3089
f 10963 6403 9166
f 7794 1418 3669
f 11456 6920 9955
f 11456 9955 6851
f 3224 3586 3669
f 2861 488 5181
f 1706 4488 9143
f 9842 10750 11117
f 9842 11117 6306
f 12158 5178 10481
f 12434 9143 10423
f 7473 6091 11492
f 12434 3427 9143
f 9143 3427 1706
f 7473 5464 6091
f 5178 1048 274
f 2843 717 9620
f 2843 12434 10423
f 5178 601 1048
f 9620 2010 2843
f 12434 2843 2010
f 601 7360 1048
f 1048 7360 2612
f 9328 2612 7360
f 8964 5070 11123
f 9620 11123 5070
f 11594 9328 5959
f 5070 8964 11594
f 5959 5070 11594
f 5710 5070 4484
f 5070 5959 4484
f 5070 5710 9620
f 1621 8559 2939
f 9585 8559 1621
f 6994 7941 1621
f 1621 7941 9585
f 4044 7941 6994
f 11207 7941 4044
f 9585 6557 5673
f 9585 7941 6557
f 6557 7941 8296
f 8296 7941 11207
f 6581 2604 4184
f 596 7162 4184
f 596 6641 6086
f 2604 6581 2707
f 2707 1972 2604
f 1972 2707 6445
f 6641 7855 422
f 6210 6445 475
f 7855 12023 422
f 10351 6445 6210
f 8464 1185 5954
f 8464 5954 11198
f 11198 5954 3456
f 11586 870 6210
f 34 10753 11198
f 34 11198 4296
f 6014 1059 10834
f 5714 1059 6014
f 4296 8583 2642
f 870 11586 4102
f 5714 5038 2626
f 4102 9412 870
f 1697 3668 11769
f 2407 9412 4102
f 2626 6494 6109
f 1348 9985 2642
f 836 9412 2407
f 5453 6109 6494
f 1348 2467 2390
f 15 836 9014
f 9014 836 1140
f 10611 345 4643
f 7835 345 10611
f 10585 7835 10611
f 8998 11680 5498
f 169 1340 1302
f 8372 5967 2222
f 8668 7989 9274
f 10073 7989 8668
f 7989 10073 2867
f 2867 10073 5977
f 10073 6311 5977
f 10163 3095 8998
f 9678 169 1302
f 11828 4902 9274
f 4502 9274 7989
f 12097 2977 11569
f 11828 9274 4502
f 169 9678 4453
f 2973 3840 10933
f 2973 11828 7207
f 10933 11828 2973
f 5321 9376 614
f 3232 4453 9678
f 8329 5321 7188
f 4227 6678 7188
f 4105 6678 4227
f 1929 8639 1065
f 3232 4647 7675
f 8329 7188 6678
f 8091 1929 3840
f 4636 5321 8329
f 983 4647 1970
f 6126 7356 5730
f 6678 6156 3435
f 4105 6156 6678
f 6156 4105 3229
f 12162 3229 7160
f 9516 3229 12162
f 6156 3229 9516
f 5082 12162 7160
f 5469 8478 8639
f 6457 482 11937
f 12162 11740 9516
f 11740 12162 5012
f 5082 5012 12162
f 8478 47 10472
f 3510 5012 5082
f 6693 47 8478
f 4054 4520 6724
f 10787 10789 4375
f 5012 3510 7167
f 7167 3510 3413
f 10787 9019 10789
f 3684 3413 6498
f 5426 3684 6498
f 7248 3684 5426
f 3494 536 5625
f 5625 536 9583
f 3537 8156 10298
f 10040 1680 4753
f 3537 8930 6864
f 1395 11202 6589
f 6453 6363 5119
f 11916 1703 10357
f 11916 10357 8930
f 8063 5966 1703
f 8063 10731 5966
f 9176 8059 11202
f 6001 801 7995
f 2684 12081 10417
f 3579 10883 833
f 2963 8651 5257
f 73 1681 2748
f 2909 5235 2878
f 1681 7370 10515
f 8783 10515 7370
f 7125 4162 8651
f 7370 4282 8783
f 11337 5235 4323
f 11337 2990 11613
f 2326 2079 8842
f 8809 1951 7125
f 1715 9109 1360
f 8842 5772 2326
f 11713 9109 1715
f 5772 10932 2326
f 1951 586 5507
f 5507 586 6998
f 586 7021 6998
f 6998 7021 5973
f 2331 1444 542
f 3332 8865 10401
f 2331 230 9792
f 3089 6128 2561
f 6851 9955 2749
f 11456 5113 9266
f 10459 3669 3586
f 1839 7794 3669
f 9266 5113 6306
f 3669 10459 1839
f 7794 1839 11492
f 6483 5181 488
f 5178 12158 11518
f 1706 5713 10750
f 3427 12434 11251
f 5713 1706 3427
f 6483 5464 7473
f 3427 12017 5713
f 11251 12434 2010
f 11251 6339 3427
f 3427 6339 12017
f 2010 9620 5710
f 2010 6339 11251
f 9328 4484 5959
f 6339 2010 5710
f 11587 4484 5499
f 11587 5710 4484
f 3131 596 4184
f 3131 4184 2604
f 3131 7949 596
f 596 7949 6641
f 2604 8461 3131
f 6445 10351 1972
f 8911 12023 7855
f 6626 4295 12023
f 6626 12023 8911
f 1185 8464 391
f 870 5904 6210
f 391 5039 10834
f 7186 391 8464
f 5039 6014 10834
f 6014 5038 5714
f 34 4296 8185
f 1697 600 3668
f 9985 8185 4296
f 9985 4296 2642
f 5038 6494 2626
f 12128 6494 5038
f 728 6033 3668
f 814 9985 1348
f 836 8324 9412
f 5117 814 1348
f 2390 5117 1348
f 15 8324 836
f 2467 1302 2390
f 11680 5453 7451
f 1340 2390 1302
f 11386 15 9014
f 11386 9014 6855
f 6855 9014 1140
f 5967 6855 1140
f 3095 10163 6311
f 8372 6855 5967
f 8372 2679 6855
f 5977 6311 10163
f 11386 6855 2679
f 11828 4502 7207
f 2973 8091 3840
f 8091 2973 7207
f 1458 143 6410
f 11569 1458 6410
f 8372 2222 10374
f 614 10374 2222
f 12340 614 9376
f 7675 4647 9858
f 10374 614 12340
f 4636 9376 5321
f 4647 983 9858
f 12340 9376 4781
f 1929 5469 8639
f 1929 8091 5469
f 2605 9376 4636
f 3566 8329 6678
f 3566 6678 3435
f 6457 1970 482
f 7356 395 5730
f 2605 4781 9376
f 2605 4636 8707
f 8707 4636 8329
f 8707 8329 3566
f 395 9623 5730
f 3435 6156 6955
f 6955 6156 9516
f 11937 5000 6457
f 2141 8707 3566
f 3296 3435 6955
f 3566 3435 3296
f 11740 6955 9516
f 6955 4571 3296
f 7167 11740 5012
f 8922 6693 8478
f 12257 6955 11740
f 4571 6955 12257
f 12257 11740 7167
f 10986 7167 3413
f 9124 9019 10787
f 5841 7167 10986
f 3684 10986 3413
f 6693 3406 771
f 9124 10040 9019
f 8124 771 3406
f 7118 4054 11612
f 3684 3650 10986
f 9105 7118 11612
f 7248 3650 3684
f 8156 3650 7248
f 4201 3650 8156
f 727 4526 536
f 727 536 3494
f 4201 8156 10051
f 1395 4526 727
f 4201 10051 7152
f 3537 10051 8156
f 6864 10051 3537
f 10357 6864 8930
f 1703 5966 4791
f 6658 10731 1362
f 6658 1362 2961
f 9435 2961 1362
f 3579 833 6001
f 2878 9435 2909
f 5764 10883 3579
f 10883 5764 73
f 2963 3830 8651
f 7780 1681 73
f 7780 73 5764
f 3830 7125 8651
f 2878 5235 9939
f 11337 4804 5235
f 1360 1631 4282
f 1360 4282 5965
f 2079 6720 4066
f 2326 6720 2079
f 5965 1715 1360
f 7021 8865 5973
f 9724 5851 9792
f 7289 5810 11138
f 5461 7289 5664
f 11077 6128 10401
f 5664 146 3661
f 9955 146 2749
f 146 9955 3661
f 7923 7429 2561
f 7923 3586 7429
f 9817 1791 2561
f 1791 7923 2561
f 7923 10459 3586
f 6403 9104 9166
f 9166 9104 12158
f 11518 12158 9104
f 10750 8398 11117
f 8398 6306 11117
f 9266 6306 8398
f 11456 5231 10286
f 11456 9266 5231
f 11456 10286 6920
f 10459 7923 1322
f 1322 1839 10459
f 2115 10750 5713
f 2115 8398 10750
f 9266 8398 5231
f 1822 601 5178
f 1839 1322 11492
f 1322 559 11492
f 12017 11355 5713
f 5713 249 2115
f 11492 5121 7473
f 4848 7473 5121
f 6483 7473 4848
f 5713 11355 249
f 6339 11145 12017
f 12017 11181 11355
f 9328 10503 4484
f 4484 10503 5499
f 11587 6339 5710
f 6339 11587 10278
f 6339 10278 11145
f 12017 11145 11181
f 828 11587 5499
f 11587 828 10278
f 3131 8449 7949
f 8449 3131 8461
f 1972 8461 2604
f 7949 7855 6641
f 5749 7949 8449
f 8461 9035 8449
f 6836 8461 1972
f 7855 9815 8911
f 7949 9815 7855
f 9035 8461 6836
f 10351 6836 1972
f 8968 6626 8911
f 6626 8968 6336
f 5904 10351 6210
f 10753 8464 11198
f 10753 7186 8464
f 6336 4295 6626
f 7073 10351 5904
f 7186 5039 391
f 5039 7186 10055
f 10055 7186 10753
f 10753 34 10055
f 7891 6014 5039
f 290 34 8185
f 10055 34 290
f 4945 4295 77
f 5038 6014 7677
f 4945 600 1697
f 4945 77 600
f 870 11543 5904
f 9412 11543 870
f 8015 11543 9412
f 3668 600 728
f 9412 8324 8015
f 12128 4609 6494
f 4876 6033 728
f 8066 8324 9381
f 15 9381 8324
f 6494 7451 5453
f 6494 4609 7451
f 10611 4643 5523
f 2390 1340 5117
f 7451 7148 11680
f 5002 9381 15
f 11680 7148 5498
f 3373 4371 10585
f 10585 4371 12097
f 5002 15 11386
f 5498 10163 8998
f 12114 5498 7148
f 1340 169 6951
f 10163 9854 5977
f 10163 5498 9854
f 169 4453 6951
f 11386 10377 5002
f 7989 2867 2490
f 7989 2490 4502
f 10377 11386 4789
f 5 2490 2867
f 3232 7675 4453
f 4789 11386 2679
f 2490 7207 4502
f 143 10644 6410
f 8458 2679 8372
f 8458 8372 10374
f 2771 7207 2657
f 8091 7207 2771
f 2657 7207 2490
f 7356 6410 10644
f 8091 2771 11797
f 6457 9719 1970
f 1970 9719 983
f 9719 10149 983
f 12034 4789 2679
f 8458 12034 2679
f 3280 8458 10374
f 3280 10374 12340
f 8091 11797 5469
f 4781 3714 12340
f 5469 11797 495
f 8041 12034 8458
f 8041 8458 3280
f 3280 12340 3714
f 11604 3714 4781
f 11604 4781 2605
f 2141 2605 8707
f 3622 8478 5469
f 5469 495 3622
f 9623 10787 4375
f 6808 3714 11604
f 3296 2141 3566
f 5000 11937 4520
f 3622 8922 8478
f 3622 931 8922
f 6808 3280 3714
f 11604 2605 2141
f 3296 4571 2141
f 6808 11604 9928
f 1383 11604 2141
f 1383 2141 2377
f 2377 2141 4571
f 8922 3406 6693
f 1975 2377 4571
f 1975 4571 12257
f 7167 5841 12257
f 12257 1359 1975
f 1359 12257 5841
f 9408 5841 10986
f 6376 8124 3406
f 3494 5625 8124
f 10986 9119 9408
f 10986 3650 9119
f 9119 6501 9408
f 3650 4201 9119
f 9119 4201 6501
f 6453 3393 7634
f 3393 9105 7634
f 6864 7152 10051
f 10035 1680 10040
f 10357 4791 42
f 1703 4791 10357
f 6363 12081 5119
f 10417 12081 6363
f 10731 6658 5966
f 9176 6001 7995
f 2684 6682 12081
f 9435 2988 2961
f 9435 2878 2988
f 2878 9939 2988
f 9939 5235 4804
f 6720 3079 4066
f 3830 8040 7125
f 11613 7859 948
f 7859 1444 8962
f 1083 586 1951
f 1715 3417 11713
f 11713 3417 7817
f 2331 51 3044
f 2331 3044 1444
f 7021 5170 8865
f 5779 8865 5170
f 2331 9792 51
f 5810 2563 11138
f 9792 5851 5816
f 7289 5461 5810
f 10871 1209 10963
f 6403 10963 1209
f 3661 4652 5664
f 9817 2561 6128
f 9817 8499 1791
f 6920 7566 9955
f 9955 7566 3661
f 3661 7566 3501
f 6920 10286 11905
f 6920 11905 7566
f 1822 5178 11518
f 1791 11593 7923
f 7923 11593 1322
f 6893 5181 6483
f 9260 8398 2115
f 5231 8398 650
f 1322 11593 6649
f 9260 650 8398
f 6483 4848 6893
f 7360 601 6750
f 5121 11492 559
f 12320 4848 5121
f 6750 9870 7360
f 9328 7360 9870
f 249 9260 2115
f 559 1322 6649
f 249 11355 6822
f 559 3899 5121
f 9870 10503 9328
f 6822 11355 5933
f 10503 909 5499
f 11181 11145 331
f 11355 11181 5933
f 5499 909 828
f 331 11145 11457
f 2876 828 3485
f 2876 10278 828
f 10278 2876 11145
f 11457 11145 2876
f 2876 6687 11457
f 5749 9815 7949
f 6117 5749 8449
f 6117 8449 9035
f 9815 5112 8911
f 8911 5112 8968
f 6836 6880 9035
f 6836 7073 6880
f 7073 6836 10351
f 5039 10055 10404
f 5039 10404 7891
f 6336 77 4295
f 10404 10055 1251
f 6014 7891 7677
f 2978 10404 1251
f 11543 7073 5904
f 7677 7891 11329
f 8185 9985 2329
f 4564 600 77
f 4564 77 8592
f 5038 7677 12128
f 9985 814 2329
f 2329 814 9482
f 600 4564 728
f 8324 8066 8015
f 11026 8015 8066
f 814 5117 12258
f 2289 12128 3567
f 4876 4643 6033
f 4609 12128 2289
f 9381 11026 8066
f 10611 5523 5903
f 3373 10585 10611
f 11666 11026 9381
f 5758 5117 1340
f 7451 3801 7148
f 3801 7451 4609
f 5002 11666 9381
f 5002 5964 11666
f 11093 7148 3801
f 10377 7635 5002
f 9642 2867 5977
f 5977 9854 9642
f 6580 9854 5498
f 11569 2977 1458
f 9642 5 2867
f 6580 5498 12114
f 7675 6384 4453
f 1458 8259 143
f 5 9755 2490
f 5 9642 9755
f 9725 9642 9854
f 9725 9854 6580
f 2490 9755 2657
f 9196 9642 9725
f 6901 7675 9858
f 983 6901 9858
f 7356 10644 1692
f 4789 9325 10377
f 2657 9755 8892
f 10149 6901 983
f 7356 1692 395
f 12034 10805 4789
f 4576 2771 2657
f 10805 9325 4789
f 9325 10805 1674
f 4576 2657 8892
f 1674 10805 12034
f 1674 12034 8041
f 2771 495 11797
f 76 495 2771
f 1345 2771 4576
f 76 2771 1345
f 9919 9623 395
f 9919 10787 9623
f 10564 1674 8041
f 7334 8041 3280
f 495 931 3622
f 6808 7334 3280
f 10090 10787 9919
f 931 495 999
f 5818 8041 7334
f 10090 9124 10787
f 1198 6808 9928
f 1383 9928 11604
f 931 3406 8922
f 7665 1383 2377
f 1198 9928 569
f 569 9928 1383
f 569 1383 7665
f 1030 3406 931
f 7665 2377 1975
f 1030 6376 3406
f 363 1975 1359
f 8124 6376 3494
f 9408 1359 5841
f 8413 1359 9408
f 363 1359 8413
f 8413 9408 9127
f 9105 3393 7118
f 9127 9408 6501
f 2734 6501 4201
f 7152 2734 4201
f 6412 2734 7152
f 6412 7152 6864
f 5766 11202 1395
f 42 6412 6864
f 42 6864 10357
f 4791 2305 42
f 5119 12081 12156
f 42 2305 11767
f 2305 4791 5966
f 6682 1005 12081
f 12168 1005 6682
f 5506 10928 2961
f 6658 2961 10928
f 3769 2963 1680
f 2961 2988 5506
f 7806 3579 6001
f 3079 6682 2684
f 3769 3830 2963
f 4066 3079 2684
f 11613 4804 11337
f 2792 4804 11613
f 7125 8040 8809
f 3338 1951 8809
f 8962 948 7859
f 2535 1715 5965
f 8962 1444 3044
f 11160 8962 3044
f 1951 3338 1083
f 9209 7021 586
f 9209 5170 7021
f 7817 3417 8336
f 5816 2301 9792
f 51 9792 2301
f 3417 6783 8336
f 6783 10963 6588
f 4346 10963 6783
f 374 8865 5779
f 374 10401 8865
f 11077 10401 374
f 2861 5816 5851
f 11077 8499 6128
f 11756 2861 9362
f 5664 4652 5461
f 8499 9817 6128
f 9362 2861 5181
f 1791 8499 11593
f 11518 11868 1822
f 11593 8499 2121
f 7799 10286 5231
f 7799 5231 650
f 11593 2486 6649
f 11568 650 9260
f 12320 6893 4848
f 6750 9403 9870
f 249 11568 9260
f 9403 7357 9870
f 11568 249 6822
f 12160 559 6649
f 10503 9870 7357
f 6822 1524 11568
f 559 12160 3899
f 1524 12144 11568
f 7357 909 10503
f 6205 909 7357
f 5933 1988 6822
f 1524 6822 1988
f 909 6205 703
f 703 3485 909
f 909 3485 828
f 331 5933 11181
f 5933 331 12439
f 2876 3485 6103
f 11457 769 331
f 11457 6687 769
f 331 769 12439
f 10259 9815 5749
f 5749 6117 10259
f 10259 5112 9815
f 5929 8968 5112
f 5929 5112 10259
f 6117 11225 10259
f 6933 6117 9035
f 11225 6117 6933
f 6880 6933 9035
f 8968 10576 6336
f 9359 6880 7073
f 1187 77 6336
f 290 1251 10055
f 7073 11543 9359
f 10404 2978 7891
f 2978 11329 7891
f 1187 8592 77
f 412 9359 11543
f 8185 2329 290
f 11329 4663 7677
f 11543 8015 412
f 4663 3567 7677
f 3567 12128 7677
f 11026 3370 8015
f 6025 728 4564
f 11026 6559 3370
f 2044 12258 5117
f 11026 1539 6559
f 4609 10748 3801
f 10748 4609 2289
f 2289 6827 10748
f 4371 3373 5501
f 11666 1539 11026
f 5758 1340 6951
f 11666 5964 1539
f 2307 3801 10748
f 11093 3801 2307
f 4371 2977 12097
f 7635 5964 5002
f 6384 6951 4453
f 267 5964 7635
f 7148 11093 12114
f 2977 4241 1458
f 8259 1458 4241
f 3680 12114 11093
f 3680 9725 6580
f 3680 6580 12114
f 11093 9807 3680
f 3612 6384 7675
f 2026 267 7635
f 10377 2026 7635
f 9725 12368 9196
f 12368 9725 3680
f 9642 9196 9755
f 2288 3680 9807
f 6901 8614 7675
f 9325 2026 10377
f 9755 9196 8892
f 12368 3680 2288
f 1112 9196 12368
f 5168 12368 2288
f 9325 9298 2026
f 1112 12368 5168
f 1692 1408 395
f 5191 4576 8892
f 1112 8892 9196
f 6457 10063 9719
f 5000 10063 6457
f 4576 5191 1345
f 8447 5191 8892
f 8892 1112 8447
f 8652 9325 1674
f 4160 395 1408
f 4160 9919 395
f 8652 1674 9990
f 10564 9990 1674
f 76 1950 495
f 1950 76 1345
f 9990 1778 8652
f 10090 9919 4160
f 495 1950 999
f 1778 9990 11544
f 5818 10564 8041
f 4054 824 4520
f 999 4464 931
f 4464 999 1950
f 10564 5818 11542
f 931 4464 1030
f 4976 9838 5818
f 4976 5818 7334
f 4976 7334 6808
f 4976 6808 1198
f 3486 1198 569
f 1030 7028 6376
f 380 569 7665
f 363 7665 1975
f 380 3486 569
f 6376 579 1934
f 6376 1934 3494
f 7323 363 8413
f 9124 10035 10040
f 7323 8413 9127
f 1395 727 4749
f 9549 9127 6501
f 9127 9549 7323
f 6412 6501 2734
f 6412 9549 6501
f 11800 6453 5119
f 12156 11800 5119
f 42 8739 6412
f 11767 8739 42
f 10928 11767 2305
f 6658 2305 5966
f 10928 2305 6658
f 9176 7806 6001
f 12168 3079 2047
f 12168 6682 3079
f 2988 9939 11054
f 2792 11613 12122
f 7780 7370 1681
f 4282 7370 1707
f 1707 5965 4282
f 8962 6873 948
f 1715 2535 2132
f 2773 6720 2326
f 6720 2773 8030
f 8962 11160 6873
f 6640 1083 3338
f 1715 2132 3417
f 10932 12032 2326
f 3044 10428 11160
f 3044 51 10428
f 10932 2563 12032
f 1083 9209 586
f 6308 9209 1083
f 51 2301 10428
f 8901 2301 5816
f 3417 7712 6783
f 6783 7712 4346
f 12335 5170 9209
f 12335 3517 5170
f 5170 3517 5779
f 3517 374 5779
f 3517 5978 374
f 2861 11756 5816
f 5978 1685 374
f 1685 11077 374
f 11077 1685 8499
f 3501 11975 3661
f 8499 1685 5165
f 9362 5181 665
f 2121 8499 5165
f 5181 6893 665
f 4993 11905 10286
f 1822 5212 601
f 5212 6750 601
f 7799 3176 10286
f 4993 10286 3176
f 2121 2486 11593
f 7799 650 11568
f 3899 5325 5121
f 12320 5121 5325
f 11568 12144 7799
f 7799 12144 3176
f 2486 12160 6649
f 12160 6577 3899
f 1524 10836 12144
f 12144 10836 5636
f 2486 9718 12160
f 9718 8199 12160
f 12160 8199 6577
f 1988 10836 1524
f 6687 2876 6103
f 5933 3230 1988
f 10836 1988 6843
f 5933 12439 3230
f 3230 6843 1988
f 6103 7895 6687
f 769 8569 12439
f 12439 8569 5792
f 5929 10259 11225
f 10576 8968 5929
f 4854 5929 11225
f 4854 11225 8472
f 6933 8472 11225
f 6933 6880 8472
f 8472 10976 4854
f 1187 6336 10576
f 10976 8472 6880
f 10976 6880 9359
f 106 1251 290
f 9359 412 10976
f 2682 106 290
f 2682 290 2329
f 412 3370 9416
f 8015 3370 412
f 9482 2682 2329
f 9482 3844 2682
f 4663 11329 5079
f 3567 4663 5079
f 3425 9482 814
f 814 12258 3425
f 8592 6025 4564
f 4497 3567 5079
f 728 6025 3940
f 3940 4876 728
f 5903 4818 10611
f 1539 3256 6559
f 2044 5117 5758
f 3373 10611 4818
f 3181 5501 3373
f 12358 3256 1539
f 1539 5964 12358
f 6827 2307 10748
f 9555 2307 6827
f 2977 4371 7367
f 2307 5914 11093
f 2977 9304 4241
f 2977 7367 9304
f 11093 5914 9807
f 11399 9807 5914
f 8614 3612 7675
f 2026 1585 267
f 143 8259 10644
f 9298 1585 2026
f 8259 7355 10644
f 1692 10644 7355
f 1692 7355 9307
f 1112 5168 4948
f 10830 5168 2288
f 10830 2288 9807
f 10063 10149 9719
f 11399 10830 9807
f 11399 5914 7181
f 9307 1408 1692
f 9298 137 1585
f 8652 9298 9325
f 4948 5168 4319
f 4319 5168 10830
f 5864 10830 11399
f 9298 8975 137
f 1820 8447 1112
f 1820 1112 4948
f 4319 10830 5864
f 5191 8447 1345
f 8975 9298 8652
f 1345 8447 5547
f 1345 5547 1950
f 11233 1820 4948
f 8652 1778 8975
f 3819 5547 8447
f 3819 8447 1820
f 1950 5547 379
f 861 10090 4160
f 10564 5442 9990
f 5442 11544 9990
f 1950 379 4464
f 379 3221 4464
f 11542 5442 10564
f 5818 9838 11542
f 3221 1030 4464
f 12296 3221 379
f 824 6166 4520
f 3221 7028 1030
f 7118 824 4054
f 3061 9838 4976
f 1198 3711 4976
f 6376 7028 579
f 7028 9216 579
f 9216 3221 11443
f 7028 3221 9216
f 861 11796 10090
f 3061 4976 3711
f 3486 3711 1198
f 11796 9124 10090
f 7665 6540 380
f 579 9216 6312
f 7665 10922 6540
f 6312 1934 579
f 363 10922 7665
f 7323 10922 363
f 1934 727 3494
f 11796 10035 9124
f 1934 4749 727
f 1381 10035 11796
f 4305 10922 7323
f 5766 4749 7987
f 1395 4749 5766
f 1422 7323 9549
f 12365 5766 7987
f 1422 4305 7323
f 8739 9549 6412
f 1881 9176 11202
f 1881 11202 5766
f 1422 9549 3838
f 8739 3838 9549
f 7079 1422 3838
f 1881 2481 9176
f 4238 3769 10035
f 3769 1680 10035
f 12156 1005 711
f 12156 12081 1005
f 6319 7079 3838
f 6319 3838 8739
f 6319 8739 11767
f 10928 6319 11767
f 6319 10928 5506
f 711 1005 12168
f 2047 7713 12168
f 9078 5506 2988
f 2988 11054 9078
f 1397 5764 3579
f 3579 7806 1397
f 2792 11054 9939
f 2792 9939 4804
f 5764 11032 7780
f 2792 12122 6523
f 1707 7370 7780
f 11032 1707 7780
f 11032 11560 1707
f 1707 11560 5965
f 6720 2047 3079
f 8030 2047 6720
f 2047 8030 6858
f 12122 11613 6873
f 11613 948 6873
f 2773 8009 8030
f 11163 3338 8809
f 5026 6873 11160
f 11163 6640 3338
f 5026 11160 12457
f 2326 12032 2773
f 6640 11163 4802
f 6640 6308 1083
f 10428 12457 11160
f 9611 12032 2563
f 8901 5816 10455
f 2563 5810 9134
f 8319 9209 6308
f 8319 12335 9209
f 5816 11756 10455
f 12335 8319 12041
f 12041 3517 12335
f 3517 12041 6573
f 6573 5978 3517
f 5978 9859 1685
f 5978 6573 9859
f 5505 9104 6403
f 3661 11975 4652
f 9859 12217 1685
f 1685 12217 5165
f 1500 12217 9859
f 9362 665 4365
f 11905 3501 7566
f 1500 11214 12217
f 12217 11214 5165
f 11214 2121 5165
f 665 6893 3165
f 3165 6893 9525
f 3433 4993 3176
f 11214 5044 2121
f 5325 2516 12320
f 6893 12320 9525
f 9525 12320 2516
f 3433 10355 4993
f 3176 12144 5636
f 6577 5325 3899
f 6205 7357 1796
f 5636 3433 3176
f 5044 9718 2121
f 2121 9718 2486
f 703 6205 10331
f 3433 5636 2802
f 10836 6232 5636
f 5636 6232 2802
f 3485 12455 6103
f 6103 12455 7895
f 6232 10836 6843
f 6687 7895 769
f 7895 8569 769
f 6843 3230 4971
f 5792 3230 12439
f 3230 5792 4971
f 5792 3708 4971
f 2412 10576 5929
f 5929 4854 2412
f 11122 4854 10976
f 9416 11122 10976
f 412 9416 10976
f 106 10378 1251
f 2978 10378 2677
f 1251 10378 2978
f 10378 106 9680
f 106 2682 9680
f 2682 3844 9680
f 6559 7564 3370
f 3370 7564 9416
f 2978 2677 11329
f 9482 3425 3844
f 11329 2677 5079
f 2677 10378 9680
f 6025 8592 6594
f 4497 5079 8347
f 3567 4497 2289
f 4497 11107 2289
f 5523 4643 4876
f 3940 5523 4876
f 5903 5523 3940
f 6559 3256 7564
f 6593 11107 4497
f 4497 8347 6593
f 2289 11107 6827
f 11107 9793 6827
f 11107 6593 9793
f 6827 9793 9555
f 5913 5758 6951
f 3612 5913 6384
f 5913 6951 6384
f 7367 4371 5501
f 267 12358 5964
f 1528 9555 1215
f 1215 9555 9793
f 9793 9108 1215
f 1494 12358 267
f 12297 3612 8614
f 2307 9555 5914
f 9555 6661 5914
f 1494 267 1585
f 9727 12297 8614
f 7355 8259 4241
f 1528 6661 9555
f 9727 8614 6901
f 5914 6661 7181
f 7740 9727 6901
f 2991 6661 1528
f 1494 1585 3602
f 3921 7181 6661
f 485 10149 10063
f 137 3602 1585
f 11399 7181 770
f 10416 10063 5000
f 9307 5550 1408
f 11399 770 5864
f 10763 5000 4520
f 1778 3938 8975
f 1820 11233 6468
f 1110 11233 4948
f 1110 4948 4319
f 5347 4319 5864
f 5864 770 5347
f 770 7181 110
f 110 7181 3921
f 4160 1408 4072
f 1110 4319 5347
f 4072 861 4160
f 1778 8011 3938
f 11544 8011 1778
f 6468 11233 1110
f 5547 3819 379
f 3819 4258 379
f 3819 6181 4258
f 6181 3819 1820
f 6181 1820 6468
f 4520 6166 10763
f 1657 861 4072
f 379 4258 12296
f 3942 5347 770
f 5442 11011 11544
f 7305 6468 1110
f 487 1110 5347
f 8011 11544 11011
f 3221 12296 11443
f 8179 12296 4258
f 4258 6181 4422
f 4422 6181 6468
f 3942 487 5347
f 11542 3798 5442
f 1657 11796 861
f 9838 3798 11542
f 9216 11443 297
f 8179 11443 12296
f 8179 4258 4422
f 297 6312 9216
f 297 11443 2334
f 2334 11443 2857
f 2857 11443 8179
f 555 9838 3061
f 1814 6312 297
f 5867 297 2334
f 3061 3711 2615
f 2615 3711 3486
f 7987 4749 1934
f 6312 7987 1934
f 6312 1814 7987
f 1814 297 5867
f 3393 6435 7118
f 2615 3486 380
f 353 6435 3393
f 1652 380 9910
f 6540 9910 380
f 2594 7987 1814
f 6453 353 3393
f 1652 2615 380
f 4305 6540 10922
f 1422 2740 4305
f 5766 12365 1881
f 11800 353 6453
f 9910 6540 2227
f 2227 6540 4305
f 1422 1759 2740
f 1381 4238 10035
f 2740 2227 4305
f 7079 1759 1422
f 11528 11800 12156
f 2740 2183 9876
f 2183 2740 1759
f 2183 1759 773
f 2481 1881 2348
f 711 11528 12156
f 773 1759 7079
f 6319 10943 7079
f 2481 7806 9176
f 10632 10526 711
f 773 7079 10943
f 5506 10943 6319
f 9078 10943 5506
f 3769 493 3830
f 9078 9440 10943
f 7495 5764 1397
f 11054 2792 6523
f 7495 11032 5764
f 6523 12122 3565
f 2535 5965 11560
f 11163 8809 6204
f 5026 12122 6873
f 1635 12457 10428
f 6640 4949 6308
f 1635 2301 8901
f 10428 2301 1635
f 9134 9611 2563
f 5810 5461 9134
f 4652 8148 5461
f 12041 2058 6573
f 5505 11868 9104
f 11868 11518 9104
f 665 3165 4365
f 5212 2995 6750
f 4221 11905 4993
f 2995 9403 6750
f 9403 1796 7357
f 11214 4441 5044
f 8452 9718 5044
f 1796 10331 6205
f 1376 6577 8199
f 8452 1210 9718
f 1210 8199 9718
f 12137 2802 6232
f 3485 703 12455
f 6843 4097 6232
f 4971 4097 6843
f 8569 9282 5792
f 2412 2738 10576
f 2738 1187 10576
f 5875 2412 4854
f 11122 5875 4854
f 7385 8592 1187
f 11960 9416 7564
f 8133 11960 7564
f 9680 10308 2677
f 3844 3425 9383
f 10308 4333 2677
f 6025 6556 3940
f 6025 6594 6556
f 2677 4333 5079
f 4333 8347 5079
f 3361 3425 12258
f 12258 2044 3361
f 3256 8133 7564
f 2044 1817 3361
f 437 4818 5903
f 437 5903 3940
f 1817 2044 5758
f 7184 9793 6593
f 5913 1817 5758
f 12358 7663 3256
f 9108 9793 7184
f 9108 7184 8451
f 7781 7 3612
f 23 7663 12358
f 1494 23 12358
f 12297 7781 3612
f 9108 1159 1215
f 1159 9108 8451
f 7355 4241 2560
f 10149 7740 6901
f 10039 1528 1215
f 10039 1215 1159
f 2991 1528 10039
f 1159 3550 10039
f 10416 485 10063
f 485 10416 5728
f 6661 2991 3921
f 10763 10416 5000
f 8975 3938 137
f 11652 2991 10039
f 5550 4072 1408
f 960 3921 2991
f 8333 4072 5550
f 960 2991 11652
f 3921 7854 110
f 3921 960 7854
f 6166 8795 10763
f 110 7854 2116
f 820 960 11652
f 6468 7305 4422
f 2116 770 110
f 7854 960 820
f 770 8554 3942
f 770 2116 8554
f 9205 7854 820
f 3798 8227 5442
f 8227 11011 5442
f 8179 4422 890
f 8119 4422 7305
f 2116 7854 9205
f 8227 4669 11011
f 8179 890 2857
f 8119 890 4422
f 11878 8119 7305
f 7305 1110 10913
f 10913 1110 487
f 487 3942 10913
f 10913 3942 6546
f 7118 6435 824
f 6435 6166 824
f 8554 6546 3942
f 9417 8554 2116
f 9417 2116 9205
f 9838 10577 3798
f 10577 8227 3798
f 11396 7305 10913
f 11878 7305 11396
f 11396 10913 9694
f 9694 10913 6546
f 9148 8227 10577
f 9838 555 10577
f 4373 8554 9417
f 3061 10745 555
f 2615 10745 3061
f 6546 8554 4373
f 353 11475 6435
f 5867 2594 1814
f 5867 10651 2594
f 4035 10745 2615
f 7987 2594 12365
f 2594 10651 2342
f 4035 2615 1652
f 2342 12365 2594
f 9706 12365 2342
f 7055 1652 9910
f 2740 9876 2227
f 12365 8552 1881
f 7055 9910 2227
f 1881 8552 6558
f 8552 12365 9706
f 11463 11800 11528
f 7055 2227 6461
f 6461 2227 9876
f 1881 6558 2348
f 10526 11528 711
f 2183 11128 9876
f 2183 773 7852
f 11128 2183 7852
f 9440 7852 773
f 2481 10166 7806
f 2481 2348 10166
f 12168 10632 711
f 3769 4238 493
f 9440 773 10943
f 11128 7852 9440
f 5250 9440 9078
f 10166 1397 7806
f 3830 493 8040
f 9440 8242 11128
f 8242 9440 5250
f 5250 9078 11054
f 5250 10153 8242
f 6523 5250 11054
f 6523 10153 5250
f 6858 3739 2047
f 6523 3565 10153
f 12045 11032 7495
f 12045 7517 11032
f 11032 7517 11560
f 8809 8040 6204
f 9529 3565 12122
f 11560 5995 2535
f 12122 5026 9529
f 5995 2132 2535
f 8009 9638 8030
f 12354 5026 11519
f 5026 12457 11519
f 4891 2773 12032
f 2773 4891 8009
f 4815 12457 1635
f 12032 9611 4891
f 4802 4949 6640
f 1635 8901 6620
f 8901 10455 6620
f 4949 3172 6308
f 3172 8319 6308
f 5461 8148 9134
f 9045 8319 3172
f 4652 4587 8148
f 8319 2058 12041
f 8319 9045 2058
f 5768 9884 11756
f 11975 4587 4652
f 9362 5768 11756
f 1500 9859 6573
f 9362 4365 11243
f 8801 1822 11868
f 1822 2995 5212
f 11905 4221 3501
f 2516 6823 9525
f 6823 3165 9525
f 2995 7701 9403
f 10052 11214 1500
f 7701 1796 9403
f 4993 10355 4221
f 11214 10052 4441
f 4441 8153 5044
f 3306 5325 6577
f 2516 5325 3306
f 6577 1376 3306
f 2802 12137 3433
f 783 703 10331
f 1210 608 8199
f 1376 8199 608
f 12455 703 783
f 7895 9282 8569
f 5792 9282 3708
f 5129 5875 11122
f 7385 1187 2738
f 8592 7385 7604
f 11960 6270 9416
f 6270 11122 9416
f 6594 8592 7604
f 9383 9680 3844
f 7519 9680 9383
f 7519 10308 9680
f 3361 9383 3425
f 75 3940 6556
f 7110 6593 8347
f 9746 1817 11668
f 6593 7110 11669
f 7 1817 5913
f 7184 6593 11669
f 7 5913 3612
f 5134 9304 7367
f 5287 8451 7184
f 5287 7184 11669
f 5134 4241 9304
f 4553 23 1494
f 8451 3550 1159
f 4553 1494 3602
f 5287 3550 8451
f 3550 5287 4625
f 3550 1419 10039
f 1419 3550 4625
f 9307 2782 5550
f 10039 1419 11652
f 8333 5550 10138
f 1419 4013 11652
f 11652 4013 820
f 4013 1419 5735
f 8011 5479 3938
f 4013 12040 820
f 6166 8926 8795
f 1657 4072 8333
f 6195 5479 8011
f 820 12040 6966
f 820 6966 9205
f 9205 6966 8183
f 6435 11475 6166
f 11011 12285 8011
f 4669 12285 11011
f 9205 8183 9417
f 2574 6966 12040
f 7505 4373 9417
f 9417 8183 7505
f 6703 8183 6966
f 9148 4669 8227
f 2902 8119 11878
f 2902 890 8119
f 4373 10000 6546
f 2857 349 2334
f 349 2857 890
f 349 890 1254
f 1254 890 2902
f 11581 11878 11396
f 11581 11396 9694
f 6546 10000 9694
f 10000 4373 7505
f 2914 8183 6703
f 2334 10651 5867
f 2902 11878 11581
f 9694 10000 8423
f 9112 10000 7505
f 9112 7505 8183
f 555 10745 10577
f 1108 10651 2334
f 1108 349 11380
f 2334 349 1108
f 2016 2902 11581
f 9112 8423 10000
f 136 2342 10651
f 2016 11581 1976
f 1976 11581 9694
f 5861 10577 10745
f 10745 4035 12229
f 1976 9694 8423
f 5861 10745 12229
f 4035 1652 12229
f 2220 12229 1652
f 7055 2220 1652
f 8552 9706 8560
f 9876 3005 6461
f 11128 3005 9876
f 6461 2220 7055
f 372 6461 3005
f 372 3005 3734
f 3734 3005 11128
f 2348 6558 8973
f 11724 3734 11128
f 12168 7713 10632
f 4447 372 3734
f 2348 8973 10166
f 8242 11724 11128
f 3734 11724 4447
f 1240 11724 8242
f 1240 8242 10153
f 11724 1240 4447
f 8103 10153 3565
f 8103 1240 10153
f 9529 8103 3565
f 7517 5995 11560
f 5995 10074 2132
f 9638 6858 8030
f 12354 9529 5026
f 4815 275 12457
f 11519 12457 275
f 10074 3417 2132
f 7712 3417 11966
f 1635 6620 5834
f 7712 11966 4346
f 11765 3172 4949
f 11765 6576 3172
f 6576 9045 3172
f 5505 8801 11868
f 11243 5768 9362
f 2058 1472 6573
f 1472 1500 6573
f 3372 1472 2058
f 8801 2995 1822
f 4365 3165 6853
f 9592 4441 10052
f 9592 8153 4441
f 8153 8452 5044
f 8153 10767 8452
f 3306 1376 608
f 4357 8452 10767
f 4357 1210 8452
f 1210 4357 608
f 12455 783 7957
f 12455 7957 7895
f 7957 9313 7895
f 7895 9313 9282
f 3708 2127 4971
f 11349 2738 2412
f 5875 11349 2412
f 6270 5129 11122
f 6594 7604 7627
f 7627 6556 6594
f 7985 8133 3256
f 7519 9383 12061
f 2338 9383 3361
f 7150 10308 7519
f 7985 3256 7663
f 10308 7150 4333
f 7150 7110 4333
f 9746 3361 1817
f 75 437 3940
f 7110 8347 4333
f 5363 3181 3373
f 5363 3373 4818
f 11668 1817 7
f 7110 1272 11669
f 7110 6508 1272
f 3891 5501 3181
f 3891 7367 5501
f 7781 9043 7
f 1468 5134 7367
f 12297 332 7781
f 9878 332 12297
f 5134 2560 4241
f 9727 10305 12297
f 597 4625 5287
f 4936 9727 7740
f 10149 4936 7740
f 9307 7355 2560
f 10149 485 4936
f 4625 597 7446
f 485 3531 4936
f 2560 2782 9307
f 5735 4625 7446
f 4625 5735 1419
f 7074 5735 7446
f 10416 10763 5728
f 10138 5550 2782
f 5735 7074 1570
f 183 10763 8795
f 8795 8926 183
f 5735 1570 4013
f 6166 11475 8926
f 4013 2574 12040
f 12285 6195 8011
f 8128 2574 4013
f 2574 6703 6966
f 12285 11269 6195
f 1799 12285 4669
f 1799 11269 12285
f 4669 9148 1799
f 11796 1657 1381
f 2902 7225 5878
f 2914 7802 8183
f 7802 2914 9461
f 10577 1423 9148
f 349 1254 11380
f 2902 5878 1254
f 8183 7802 9112
f 9148 1423 1799
f 2253 1423 10577
f 7225 2902 2016
f 10651 1108 136
f 8423 5243 1976
f 5243 8423 9112
f 5861 2253 10577
f 136 1108 10607
f 10607 1108 11380
f 8054 11380 1254
f 6591 1254 5878
f 6591 5878 4025
f 5878 7225 4025
f 10373 7225 2016
f 12142 2016 1976
f 5243 9112 3604
f 3604 9112 7802
f 11800 11463 353
f 5558 9706 2342
f 2342 136 5558
f 10373 2016 12142
f 6714 1976 5243
f 12142 1976 6714
f 9706 5558 8560
f 5558 136 7679
f 2393 5861 12229
f 2220 2393 12229
f 8552 11801 6558
f 11801 8552 8560
f 6152 2253 5861
f 6152 5861 2393
f 6152 2393 1862
f 6461 2901 2220
f 1862 2393 2220
f 372 2901 6461
f 6558 11801 8973
f 1862 2220 2901
f 8894 2901 372
f 4922 1862 2901
f 3188 8973 11801
f 11520 2901 8894
f 4447 8894 372
f 8973 3188 10733
f 10733 1397 10166
f 8973 10733 10166
f 6521 6204 8040
f 493 6521 8040
f 6005 8894 4447
f 11520 8894 6005
f 12045 1397 10733
f 1397 12045 7495
f 6005 11933 11520
f 2754 6005 4447
f 11933 6005 2754
f 1240 2754 4447
f 12045 5995 7517
f 2754 12354 5042
f 11933 2754 5042
f 9529 2754 8103
f 2754 1240 8103
f 10074 5995 4390
f 12354 2754 9529
f 6858 9638 7344
f 5309 11163 6204
f 12354 11519 3391
f 11163 5309 4802
f 275 7477 3391
f 275 3391 11519
f 10074 5987 3417
f 5987 11966 3417
f 4815 1635 7359
f 1635 5834 7359
f 4346 11966 10744
f 11765 4949 4802
f 4346 10871 10963
f 5834 6620 10455
f 9884 10455 11756
f 9884 5834 10455
f 1209 5505 6403
f 3984 8801 5505
f 11975 10398 4587
f 1010 2058 9045
f 2995 8801 1767
f 3372 2058 1010
f 7701 2995 1767
f 6823 6853 3165
f 1767 6914 7701
f 1472 10052 1500
f 1472 1416 10052
f 10052 1416 10557
f 2516 3306 6823
f 783 10331 6177
f 10355 3433 12137
f 3306 608 6322
f 8153 9592 10767
f 10767 1777 4357
f 6322 608 4357
f 783 6177 7957
f 4097 2127 6019
f 9313 1679 9282
f 4097 4971 2127
f 1679 3708 9282
f 2738 11349 7385
f 11349 4769 7385
f 5875 4769 11349
f 7627 10291 6556
f 9383 2338 12061
f 12061 2643 7519
f 2338 3361 5166
f 3361 9746 5166
f 6556 6107 75
f 7519 2643 7150
f 2643 286 7150
f 8483 9746 11668
f 4818 437 9666
f 9666 5363 4818
f 7110 7150 6508
f 6508 7150 286
f 9043 8483 11668
f 7 9043 11668
f 7310 3891 3181
f 3891 1468 7367
f 202 7663 23
f 11669 1272 5287
f 1272 597 5287
f 9878 12297 10305
f 1871 10305 9727
f 2349 1871 9727
f 271 7446 597
f 137 8235 3602
f 7446 5805 7074
f 5805 7446 271
f 485 5728 3531
f 3938 7187 137
f 11204 7187 3938
f 10763 183 5728
f 1570 7074 3543
f 1570 3412 4013
f 6195 3868 5479
f 3412 8128 4013
f 2574 11488 6703
f 11488 2574 8128
f 11269 3868 6195
f 7421 1381 1657
f 6703 1598 2914
f 1598 6703 11488
f 2914 1598 9461
f 11228 9461 1598
f 353 839 11475
f 1423 10115 1799
f 6591 8054 1254
f 11463 7462 353
f 353 7462 9818
f 1423 3960 10115
f 11380 11817 10607
f 11817 11380 8054
f 1925 3604 7802
f 3960 1423 2253
f 1944 11817 8054
f 1944 8054 6591
f 1944 6591 3644
f 3644 6591 4025
f 4025 7225 10373
f 6714 8916 12142
f 5243 8916 6714
f 3604 8916 5243
f 7679 136 10607
f 7679 10607 3031
f 3031 10607 11817
f 8916 3604 1925
f 8173 3960 2253
f 8307 3960 8173
f 6152 8173 2253
f 8140 10373 12142
f 11013 12142 8916
f 11013 8916 6026
f 1862 4599 6152
f 4599 8173 6152
f 4599 8307 8173
f 4922 4599 1862
f 8560 10686 11801
f 10524 8560 5558
f 10686 3188 11801
f 10686 8560 10524
f 9111 4599 4922
f 3188 10686 6045
f 9111 4922 514
f 2901 11520 4922
f 2047 3739 7713
f 514 4922 11520
f 10733 3188 6045
f 3523 514 11520
f 6895 514 3523
f 9024 12045 10733
f 3523 11520 11933
f 7344 3739 6858
f 12045 4390 5995
f 4390 12045 9024
f 5042 3523 11933
f 10074 4390 9653
f 3391 9717 12354
f 9717 5042 12354
f 7477 9717 3391
f 12077 7477 275
f 12077 275 4815
f 4815 7359 12077
f 7601 9611 9134
f 7601 4891 9611
f 7601 9134 11071
f 10744 10871 4346
f 11071 9134 8148
f 11314 5505 1209
f 4587 2635 8148
f 9052 6576 11765
f 9884 5768 8018
f 10398 2635 4587
f 3984 2321 8801
f 11243 2518 5768
f 2321 1767 8801
f 3501 10398 11975
f 1010 9045 6576
f 3501 9941 10398
f 9941 3501 4221
f 11232 3372 1010
f 3372 10971 1472
f 10971 1416 1472
f 8411 6853 6823
f 6914 1796 7701
f 6914 12240 1796
f 12240 10331 1796
f 6823 3306 8411
f 10331 12240 6177
f 3383 10052 10557
f 8411 3306 6322
f 10052 3383 852
f 852 9592 10052
f 852 3656 9592
f 3656 10767 9592
f 3656 1777 10767
f 6232 2025 12137
f 4097 6019 6232
f 6019 2025 6232
f 3548 4357 1777
f 3548 6936 4357
f 10250 156 7957
f 156 9313 7957
f 1679 9313 156
f 3708 1679 3699
f 2127 3708 3699
f 5875 5129 4769
f 982 10430 7604
f 7604 7385 982
f 5129 6270 4769
f 7604 10430 7627
f 6270 11960 1741
f 8133 6749 11960
f 7985 6749 8133
f 2338 10659 12061
f 12061 10659 2643
f 10659 5378 2643
f 5378 286 2643
f 2338 5166 10659
f 8483 5166 9746
f 4694 9666 437
f 5363 11210 3181
f 5043 8483 9043
f 11210 7310 3181
f 7985 7663 202
f 3891 7310 1971
f 1971 1468 3891
f 1308 9043 7781
f 3294 1468 1971
f 1272 6508 956
f 1468 3294 6525
f 4143 1308 332
f 9878 4143 332
f 23 4553 202
f 6525 5134 1468
f 1272 8433 597
f 5134 6525 6484
f 2560 5134 6484
f 271 597 8433
f 2349 9727 4936
f 4936 3531 462
f 2560 6484 2782
f 8235 10979 3602
f 137 7187 8235
f 9650 5805 271
f 9390 3531 5728
f 183 9390 5728
f 9650 7074 5805
f 3543 7074 9650
f 3543 9650 7042
f 11204 3938 5479
f 3543 7042 1570
f 5479 7737 11204
f 7042 3416 1570
f 3140 1657 8333
f 1570 3416 3412
f 8128 3412 7608
f 8128 7608 11488
f 11488 7608 3808
f 7421 8599 1381
f 1598 3808 5369
f 11488 3808 1598
f 1381 8599 4238
f 5369 11228 1598
f 353 9818 839
f 1799 7598 11269
f 11228 5369 8669
f 10115 7598 1799
f 9461 10824 7802
f 9461 11228 10824
f 7802 10824 1925
f 1944 9116 11817
f 4025 11685 3644
f 11817 9116 3031
f 10373 11685 4025
f 11528 10526 11463
f 1042 493 4238
f 10115 3960 4419
f 8307 4419 3960
f 12142 11013 8140
f 8916 1925 6026
f 11685 10373 8140
f 6744 4419 8307
f 9111 8307 4599
f 8307 9114 6744
f 9114 8307 1186
f 1186 8307 9111
f 514 1186 9111
f 6895 1186 514
f 6045 2396 10733
f 2396 9024 10733
f 7344 4415 3739
f 4390 9024 9228
f 4940 6895 3523
f 5042 4940 3523
f 9653 4390 9228
f 6895 4940 4412
f 5987 10074 9653
f 4940 1253 4412
f 7477 1253 9717
f 1253 5042 9717
f 1253 4940 5042
f 8621 7344 9638
f 12385 5309 3912
f 12077 1253 7477
f 5646 1253 12077
f 11966 5987 9402
f 12385 4802 5309
f 4891 7601 8009
f 7601 9513 8009
f 8009 9513 9638
f 9513 8621 9638
f 12385 5846 4802
f 12077 7359 1404
f 10695 11966 9402
f 10695 10744 11966
f 7601 1040 9513
f 5846 11765 4802
f 5834 2257 7359
f 10744 8172 10871
f 1040 7601 11071
f 5834 2925 2257
f 1040 11071 10477
f 9884 2925 5834
f 8018 3323 9884
f 2925 9884 3323
f 10880 11071 8148
f 10880 8148 2635
f 10477 11071 10880
f 2321 3984 4535
f 10880 2635 1661
f 8634 6576 9052
f 10398 9941 2635
f 2635 9941 1661
f 8634 1010 6576
f 1010 8634 11232
f 1767 2776 6914
f 11232 10971 3372
f 5164 10557 1416
f 10557 5164 3383
f 6322 2322 8411
f 8203 852 3383
f 2322 6322 8875
f 8203 3656 852
f 8203 3383 192
f 8203 192 3656
f 1562 7957 6177
f 1562 1739 7957
f 3374 3656 192
f 4357 8875 6322
f 3656 3374 3548
f 3548 1777 3656
f 6936 8875 4357
f 1739 10250 7957
f 1669 6936 3548
f 8312 6019 2127
f 4769 982 7385
f 6270 1741 4769
f 7627 6697 10291
f 6749 1741 11960
f 3182 6749 7985
f 4694 437 75
f 10659 9057 5378
f 8483 11062 5166
f 11062 10659 5166
f 11062 9057 10659
f 5363 9666 11210
f 5378 8070 286
f 9057 9545 6530
f 8070 9057 6530
f 5378 9057 8070
f 9545 9057 11062
f 11062 8483 5043
f 286 8070 6508
f 1308 5043 9043
f 1308 7781 332
f 956 8433 1272
f 4143 9878 10305
f 11152 6484 6525
f 202 4553 10979
f 8433 12342 271
f 3379 2349 4936
f 462 3379 4936
f 271 12342 9650
f 610 9390 183
f 8926 610 183
f 9600 10138 2782
f 2180 7042 9650
f 7737 7187 11204
f 10138 9600 8333
f 11976 7042 2180
f 7042 11976 3416
f 3416 2150 3412
f 3412 2150 7608
f 1657 3140 7421
f 7608 2150 2406
f 386 11269 7598
f 3868 11269 386
f 7608 2406 3808
f 8845 4238 8599
f 8669 5369 8995
f 4163 4238 8845
f 7598 10115 98
f 4163 1042 4238
f 11228 11220 10824
f 11220 11228 8669
f 1944 3644 2692
f 7700 1925 10824
f 7700 10824 11220
f 1925 11625 6026
f 11625 1925 7700
f 7679 11964 5558
f 9804 9116 1944
f 9804 1944 2692
f 6746 3644 11685
f 6026 4913 11013
f 10632 9076 10526
f 1042 6521 493
f 11964 10524 5558
f 3056 6746 11685
f 3056 11685 8140
f 6026 11625 4913
f 1042 7763 6521
f 10686 10524 1983
f 9802 6521 7763
f 9114 6737 6744
f 7812 10686 1983
f 9802 6204 6521
f 1186 8414 9114
f 9228 9024 2396
f 5309 6204 9802
f 6895 10600 1186
f 10600 8414 1186
f 4412 10600 6895
f 4415 7344 8621
f 10600 4412 7660
f 5987 9653 3437
f 4412 10841 7660
f 5646 4412 1253
f 12077 1425 5646
f 1425 10841 5646
f 10841 4412 5646
f 12077 1404 1425
f 1040 632 9513
f 2257 1404 7359
f 632 8621 9513
f 1040 9018 632
f 9018 1040 10477
f 2257 2925 4941
f 4793 10871 8172
f 4793 1209 10871
f 4793 11314 1209
f 2925 3323 4941
f 5505 11314 6908
f 3984 5505 6908
f 3984 6908 4535
f 9018 10477 7504
f 5846 9052 11765
f 2518 8018 5768
f 10477 10880 7504
f 7504 10880 1661
f 4365 772 11243
f 8634 9052 1284
f 2321 4382 1767
f 4382 2776 1767
f 9941 3084 1661
f 4365 6853 772
f 9941 6671 3084
f 6671 9941 4221
f 6853 8411 2068
f 11099 4221 5429
f 6671 4221 11099
f 10355 5429 4221
f 9722 1416 10971
f 5331 8411 4775
f 1416 9722 5164
f 3383 5164 3672
f 4059 10355 12137
f 5429 10355 4059
f 3383 3672 9387
f 9387 5380 3383
f 3383 5380 192
f 2025 4059 12137
f 5380 3374 192
f 3374 8184 3548
f 3548 8184 1669
f 8875 6936 4678
f 10232 2025 6019
f 5435 8312 2127
f 1679 156 8088
f 3699 5435 2127
f 1679 8088 3699
f 1741 2133 4769
f 1741 11824 2133
f 6107 10291 6697
f 10291 6107 6556
f 75 4551 4694
f 7985 1653 3182
f 11210 9666 4694
f 5043 9545 11062
f 11655 7310 11210
f 202 1653 7985
f 6530 8757 8070
f 9545 8278 1479
f 6530 9545 1479
f 10790 8278 5043
f 8278 9545 5043
f 1308 10790 5043
f 5049 1971 7310
f 10146 8070 8757
f 8070 10146 6508
f 4143 10790 1308
f 10146 956 6508
f 6525 3294 11152
f 956 10146 8425
f 3602 10979 4553
f 956 8425 8433
f 12342 8433 8425
f 12342 8425 3663
f 3060 2782 6484
f 4091 10979 8235
f 2071 3531 9390
f 2071 462 3531
f 7187 4091 8235
f 12342 3663 9650
f 9390 6158 2071
f 2180 9650 3663
f 6158 9390 610
f 5784 4091 7187
f 8926 10467 610
f 7737 5784 7187
f 2180 7061 11976
f 11475 10467 8926
f 8333 9600 11848
f 5479 7869 7737
f 3868 7869 5479
f 10467 11475 10287
f 10287 11475 839
f 11848 3140 8333
f 3416 5076 2150
f 2029 3140 11848
f 7869 386 3585
f 3868 386 7869
f 393 3140 2029
f 7421 3140 393
f 2150 5076 2406
f 7421 393 8599
f 386 8350 3585
f 7598 8350 386
f 2406 8995 3808
f 3808 8995 5369
f 7462 9984 9818
f 8669 8995 4049
f 11463 10526 7462
f 11220 8669 7212
f 7212 8669 4049
f 1042 4163 10420
f 10115 1849 98
f 4419 1849 10115
f 9116 9804 3031
f 4419 921 1849
f 7679 12255 11964
f 12255 7679 3031
f 8653 11964 7230
f 7230 11964 12255
f 151 3644 6746
f 3056 5125 6746
f 7713 760 10632
f 760 9076 10632
f 921 4419 8068
f 4419 6744 8068
f 11964 1983 10524
f 11687 11013 4913
f 6737 8068 6744
f 8653 1983 11964
f 5125 3056 11805
f 11805 3056 8140
f 11805 8140 11013
f 7763 1042 5314
f 7812 1983 8653
f 3739 760 7713
f 10686 7812 6045
f 7812 2396 6045
f 2396 7812 4504
f 4415 130 3739
f 130 760 3739
f 8952 6737 9114
f 8414 8952 9114
f 9686 130 4415
f 8414 9280 8952
f 2396 4504 9228
f 9280 8414 12188
f 8414 10600 12188
f 9802 3912 5309
f 9228 3437 9653
f 9228 4504 3437
f 12325 3912 9802
f 7660 12188 10600
f 3437 9402 5987
f 8573 4415 8621
f 1425 7193 10841
f 7193 7660 10841
f 8573 8621 5336
f 10695 6013 10744
f 6013 8172 10744
f 8621 632 5336
f 1404 2257 4941
f 632 9018 5755
f 5444 4941 3323
f 4535 6908 5524
f 3274 9018 7504
f 1661 6842 7504
f 3274 7504 6842
f 4535 4382 2321
f 1661 10208 6842
f 10208 1661 3084
f 6853 2068 772
f 3084 9004 10208
f 2068 8411 5331
f 11099 9004 6671
f 3084 6671 9004
f 9722 10971 11232
f 4177 6177 12240
f 4775 8411 2322
f 5429 11789 11099
f 11789 5429 4059
f 11099 11789 9004
f 6560 5380 9387
f 5495 2322 4678
f 6560 9735 5380
f 8175 4059 2025
f 8875 4678 2322
f 4678 6936 1669
f 8312 10232 6019
f 8088 9349 3699
f 3699 9349 5435
f 182 982 4769
f 2133 182 4769
f 182 2133 1349
f 982 182 9277
f 10430 4563 7627
f 10234 2133 11824
f 5551 11824 1741
f 5551 1741 6749
f 5551 6749 3182
f 4551 75 6107
f 4551 9490 4694
f 4694 7453 11210
f 11655 11210 7453
f 9182 7310 11655
f 5049 7310 9182
f 1441 8278 10790
f 1479 8278 2930
f 11247 3294 1971
f 11247 1971 5049
f 11618 8757 6530
f 6530 1479 11618
f 10844 1441 10790
f 10790 4143 10844
f 10979 6138 202
f 8757 12412 10146
f 3956 8757 11618
f 10844 4143 10305
f 11152 3294 11247
f 10146 12412 8425
f 5011 10844 10305
f 12412 8757 3956
f 5011 10305 1871
f 12412 11143 8425
f 5917 5011 1871
f 3060 6484 11152
f 12412 3956 11143
f 6115 5917 1871
f 2349 6115 1871
f 9239 11143 3956
f 8425 11143 3663
f 3663 11143 9239
f 3379 462 10197
f 4087 3663 8020
f 8020 3663 9239
f 462 2071 10197
f 5784 8839 4091
f 3663 4087 2180
f 3060 9600 2782
f 5678 4087 7590
f 2180 4087 5678
f 10467 6158 610
f 2180 5678 7061
f 11976 2744 3416
f 3416 2744 5076
f 5076 2744 11390
f 839 10713 10287
f 2406 5076 4417
f 10713 839 9818
f 9818 9984 10713
f 8845 8599 393
f 2406 4417 8995
f 9984 7462 2854
f 7598 276 8350
f 98 276 7598
f 8995 6096 4049
f 6096 8995 4417
f 7462 10526 2854
f 98 1849 276
f 2854 10526 9076
f 921 7950 1849
f 5314 1042 10420
f 3031 9804 12255
f 2692 3644 151
f 11625 12443 4913
f 11625 7700 12443
f 12186 9076 760
f 9076 12186 819
f 11805 11013 11687
f 5009 12186 760
f 3396 12186 5009
f 130 5009 760
f 5314 9802 7763
f 8952 558 6737
f 5314 12325 9802
f 12188 4937 9280
f 4937 12188 10215
f 8929 10215 12188
f 12188 7660 8929
f 8573 9686 4415
f 2091 9686 8573
f 9489 3912 12325
f 8929 7660 7193
f 1425 7404 7193
f 9489 12385 3912
f 1425 1404 7404
f 8803 1404 4941
f 5955 12385 9489
f 11314 4793 5609
f 5336 632 5755
f 6908 11314 5609
f 5755 1601 5336
f 5524 6908 5609
f 1601 5755 4495
f 8330 5755 9018
f 4495 5755 8330
f 12385 5955 5846
f 8330 9018 3274
f 4535 5524 11912
f 2518 11243 8295
f 6842 8934 3274
f 8934 8330 3274
f 7520 8330 8934
f 4535 11912 4382
f 8934 6842 10208
f 10208 8787 8934
f 10208 11419 8787
f 8934 8787 10754
f 11069 6914 2776
f 11232 8634 36
f 11232 36 10228
f 10228 9722 11232
f 842 12240 6914
f 9004 11419 10208
f 9004 8008 11419
f 3672 5164 9722
f 4775 2322 5495
f 8008 9004 11789
f 3672 587 9387
f 392 1739 1562
f 8008 11789 7661
f 9735 180 5380
f 3374 5380 180
f 8175 2695 4059
f 11789 4059 2695
f 180 8184 3374
f 1669 10447 4678
f 8175 2025 10232
f 1943 8175 10232
f 8175 1943 2695
f 8088 156 3400
f 93 8312 5435
f 5435 9349 6885
f 5435 6885 93
f 182 1349 9277
f 9277 4563 982
f 982 4563 10430
f 5825 10234 11824
f 4563 6697 7627
f 5551 5825 11824
f 5825 2485 4012
f 5551 2485 5825
f 5551 3182 2485
f 7453 4694 9490
f 9182 11655 10254
f 11655 8490 10254
f 8490 11655 7453
f 202 4019 1653
f 202 6138 4019
f 2930 11618 1479
f 12031 2930 8278
f 1441 12031 8278
f 12031 1441 10844
f 11608 11618 2930
f 6138 12487 10160
f 10979 12487 6138
f 1909 3956 11618
f 776 3060 11152
f 10717 1909 10513
f 4091 12487 10979
f 3956 8469 9239
f 8469 1909 10717
f 3956 1909 8469
f 9239 8469 11465
f 3379 6115 2349
f 4091 4857 12487
f 11465 8020 9239
f 4091 8839 4857
f 3060 3497 9600
f 7590 4087 8020
f 10197 2071 4242
f 5784 3328 8839
f 10467 304 6158
f 7737 3328 5784
f 11848 9600 233
f 7869 11360 7737
f 2744 7061 2779
f 11976 7061 2744
f 11637 10467 10287
f 11637 10287 3422
f 10287 10713 3422
f 11390 3698 5076
f 2029 2238 393
f 3585 8350 4499
f 5076 3698 4417
f 3011 10713 9984
f 10728 8845 393
f 8350 7189 4499
f 276 7189 8350
f 10728 8674 8845
f 8674 4163 8845
f 3698 6096 4417
f 4049 6096 5665
f 1519 4163 8674
f 7950 276 1849
f 10420 4163 1519
f 4049 3434 7212
f 7212 4760 11220
f 4760 7212 3434
f 819 2854 9076
f 7700 11220 4760
f 12255 9804 10213
f 10213 9804 7558
f 7558 9804 2692
f 5125 151 6746
f 8068 978 921
f 7558 2692 151
f 10615 151 5125
f 4913 12443 11687
f 12443 7700 4760
f 6737 978 8068
f 10270 12443 4760
f 558 978 6737
f 7812 8653 5620
f 7812 5620 4504
f 9686 5009 130
f 4450 9280 4937
f 899 4504 5620
f 3437 4504 1511
f 731 3437 1511
f 1511 4504 899
f 3437 731 9402
f 731 10695 9402
f 8127 9489 12325
f 7404 8929 7193
f 1404 11863 7404
f 2091 8573 5336
f 8803 11863 1404
f 3557 8172 6013
f 3557 4793 8172
f 3557 5609 4793
f 5336 1601 10551
f 5444 3323 8018
f 8860 5524 5609
f 416 5524 8860
f 5955 9052 5846
f 1601 4495 6020
f 7520 4495 8330
f 4495 7520 6020
f 11243 772 8295
f 6020 7520 8788
f 612 1284 9052
f 8934 10754 7520
f 7520 10754 8788
f 4117 36 8634
f 1284 4117 8634
f 8787 7173 10754
f 4177 12240 842
f 5213 8787 11419
f 8787 5213 7173
f 11419 8008 5213
f 8008 3599 5213
f 4177 1562 6177
f 4838 587 3672
f 4775 5495 5400
f 587 11424 9387
f 5495 4678 5400
f 8008 7661 3599
f 9728 9735 6560
f 11789 8134 7661
f 2651 1669 8184
f 8134 11789 2695
f 3400 156 10250
f 8134 2695 9406
f 8088 3400 9009
f 5439 8088 9009
f 10232 8312 93
f 9349 8088 5439
f 6885 9349 11256
f 4550 6885 11256
f 4550 7814 6885
f 6885 7814 93
f 7726 4563 9277
f 2133 10234 1349
f 6697 4563 11596
f 7790 12422 6107
f 6107 6697 7790
f 12422 4551 6107
f 1653 2711 3182
f 4019 2711 1653
f 6952 11247 5049
f 6952 5049 9182
f 2930 2476 11608
f 2930 12031 2476
f 207 12031 10844
f 11618 11608 1909
f 11608 10513 1909
f 207 10844 5011
f 11247 776 11152
f 6084 207 5011
f 3497 3060 776
f 8469 2074 11465
f 2074 8469 10717
f 4277 3379 10197
f 9600 3497 2774
f 8020 11465 7590
f 10197 4242 4277
f 4242 8170 4277
f 6158 4242 2071
f 304 4242 6158
f 4242 304 6161
f 2774 233 9600
f 304 10467 11637
f 3901 304 11637
f 6161 304 3901
f 11360 3328 7737
f 3901 11637 3422
f 7869 3585 11360
f 2744 2779 11390
f 2029 11848 4714
f 11390 2779 10231
f 11390 10231 3698
f 393 2238 10728
f 9984 2854 3011
f 7893 6096 3698
f 10728 8692 8674
f 8571 7893 3698
f 6096 7893 5665
f 276 12152 7189
f 2854 819 11394
f 276 7950 12152
f 3434 4049 2581
f 5089 10420 1519
f 921 575 7950
f 12255 9259 7230
f 12255 10213 9259
f 12186 5761 819
f 3756 11394 819
f 5089 5314 10420
f 978 575 921
f 7558 4985 10213
f 819 5761 3756
f 6190 7558 151
f 5089 886 5314
f 8838 8653 7230
f 8838 7230 9259
f 10615 6190 151
f 11805 7514 5125
f 11687 7114 11805
f 12443 7114 11687
f 10270 4760 2823
f 7514 11805 7114
f 10270 7114 12443
f 8952 3755 558
f 463 3396 5009
f 886 12325 5314
f 9280 3755 8952
f 463 5009 8407
f 3755 9280 11515
f 11515 9280 4450
f 9686 8407 5009
f 886 8127 12325
f 2091 8407 9686
f 10215 4450 4937
f 6721 10215 8929
f 7308 6721 8929
f 7404 7308 8929
f 731 4067 10695
f 10695 4067 6013
f 1427 9489 8127
f 10551 2091 5336
f 4941 4634 8803
f 4634 4941 5444
f 3557 8860 5609
f 1427 402 9489
f 9489 402 5955
f 10551 1601 3760
f 6020 3760 1601
f 10551 3760 8043
f 11912 5524 3721
f 8043 3760 11226
f 3932 11912 3721
f 5167 6020 8788
f 612 9052 5955
f 11912 3619 4382
f 11069 4382 3619
f 5167 8788 1077
f 11069 8078 6914
f 8788 10754 9670
f 10228 3672 9722
f 7173 5213 5053
f 1478 1562 4177
f 1478 392 1562
f 5053 5213 3599
f 5053 3599 1819
f 11424 9728 9387
f 9387 9728 6560
f 1739 392 10250
f 9735 589 180
f 4779 3400 10250
f 3599 7661 1819
f 180 2651 8184
f 1669 2651 10574
f 10574 6392 1669
f 6392 10447 1669
f 9676 7661 8134
f 9676 8134 9406
f 1943 9406 2695
f 9406 8533 9676
f 12107 5439 9009
f 9406 1943 6817
f 5439 11256 9349
f 8019 93 7814
f 1943 10232 93
f 8019 1943 93
f 6817 1943 8019
f 959 9277 1349
f 10234 959 1349
f 10234 11807 959
f 7425 11596 4563
f 10234 10322 11807
f 5825 10322 10234
f 4012 10322 5825
f 3182 2711 2485
f 4551 12422 9490
f 9659 8490 7453
f 6952 9182 10254
f 6138 9343 4019
f 5938 3287 6952
f 3287 11247 6952
f 3287 5938 7221
f 10160 9343 6138
f 8198 3287 7221
f 8198 11247 3287
f 5917 6084 5011
f 8198 776 11247
f 12487 4857 10160
f 8198 3497 776
f 8740 6115 3379
f 8740 3379 4277
f 12087 8740 4277
f 8839 186 4857
f 8170 12087 4277
f 3328 186 8839
f 3328 2608 186
f 6161 8170 4242
f 6660 5678 7590
f 7366 5678 6660
f 7366 7061 5678
f 7366 2779 7061
f 8748 3422 10713
f 3422 8748 9805
f 4714 11848 233
f 10713 2971 8748
f 2238 2029 4714
f 3698 10231 1039
f 3011 2971 10713
f 4499 7189 4926
f 8571 3698 1039
f 6520 7189 12152
f 5665 2581 4049
f 5840 8674 8692
f 5840 1519 8674
f 978 9486 575
f 10213 4985 9259
f 7558 6190 4985
f 4760 3434 4565
f 2201 8653 8838
f 2823 4760 4565
f 3396 5761 12186
f 9486 978 1575
f 1575 978 558
f 5125 7514 10615
f 1519 6444 5089
f 1575 558 3755
f 8653 2201 5620
f 7114 2066 7514
f 6444 10170 5089
f 10170 886 5089
f 11515 8678 3755
f 5620 2201 899
f 10170 8127 886
f 1511 10703 731
f 10703 1511 899
f 5122 10170 3052
f 5122 8127 10170
f 2091 8536 8407
f 1427 8127 5122
f 5716 7308 7404
f 7404 11863 5716
f 4067 731 10703
f 908 4067 10703
f 908 6949 4067
f 5716 8803 11091
f 11863 8803 5716
f 4067 6949 6013
f 4634 11091 8803
f 6013 6949 3557
f 10551 7824 2091
f 8536 2091 7824
f 3557 9964 8860
f 12006 5955 402
f 8018 3926 5444
f 7824 10551 8043
f 416 3721 5524
f 2518 10951 8018
f 8018 10951 3926
f 8295 10951 2518
f 4967 8043 11226
f 11226 3760 6020
f 3932 3619 11912
f 8295 772 7260
f 6020 5167 11226
f 12006 612 5955
f 11069 2776 4382
f 8078 842 6914
f 9670 1077 8788
f 612 7376 1284
f 7376 4117 1284
f 643 4117 7376
f 643 36 4117
f 1786 36 643
f 842 1478 4177
f 36 10143 10228
f 1786 10143 36
f 7173 1204 10754
f 10754 1204 9670
f 10228 10143 4838
f 10228 4838 3672
f 8033 11424 587
f 4779 10250 392
f 11028 7173 5053
f 589 2651 180
f 1819 7661 7136
f 5053 1819 11028
f 10447 7880 4678
f 11028 1819 7136
f 7136 7661 9676
f 9676 8533 7136
f 6817 4400 9406
f 8533 9406 4400
f 11459 5439 12107
f 11459 11256 5439
f 4550 11256 11459
f 8019 2852 6817
f 4400 2852 1899
f 4400 6817 2852
f 4550 1701 7814
f 7814 2852 8019
f 7814 3048 2852
f 3048 7814 1701
f 3048 9723 2852
f 7726 7425 4563
f 959 7726 9277
f 4012 8893 10322
f 2485 8893 4012
f 2711 8893 2485
f 2527 12422 7790
f 7453 9490 9659
f 9659 9490 8160
f 8490 1328 10254
f 5938 6952 10254
f 2476 12031 207
f 1586 207 6084
f 11961 8198 7221
f 1320 3525 6115
f 3525 5917 6115
f 3497 8198 11961
f 8740 1320 6115
f 3497 11961 5109
f 1475 11045 2074
f 2074 11045 11465
f 7590 11465 11045
f 5109 2774 3497
f 8170 6161 6428
f 11045 6660 7590
f 8933 2608 3328
f 11360 8933 3328
f 5109 233 2774
f 1866 6161 3901
f 5109 4714 233
f 7487 8933 11360
f 7487 11360 3585
f 4499 7487 3585
f 4926 7487 4499
f 10728 2238 3508
f 10728 3508 8692
f 2854 11394 3011
f 8571 8164 7893
f 8164 5665 7893
f 7950 9347 12152
f 2581 2217 3434
f 575 9347 7950
f 3434 10815 4565
f 5840 5242 1519
f 5242 6444 1519
f 4985 5552 9259
f 4565 4606 2823
f 10815 4606 4565
f 3755 3812 1575
f 9259 8913 8838
f 3396 5669 5761
f 8838 8913 2201
f 456 8913 9259
f 9259 5552 456
f 2714 4985 6190
f 6190 10615 11563
f 4294 7114 10270
f 11563 10615 7514
f 11184 11515 4450
f 4405 899 2201
f 3396 463 6273
f 11004 2201 8913
f 4405 2201 11004
f 4450 10215 5839
f 4405 10703 899
f 6721 5839 10215
f 908 10703 4405
f 8407 8536 463
f 5988 7308 5716
f 5988 5716 11091
f 443 8536 5197
f 7824 10301 8536
f 5197 8536 10301
f 6949 9964 3557
f 10301 7824 8043
f 3926 4634 5444
f 9964 416 8860
f 1427 5883 402
f 402 5883 12006
f 844 3932 3721
f 4967 11226 7809
f 11226 4536 9908
f 11226 5167 4536
f 8415 612 12006
f 4536 5167 1077
f 612 8415 7376
f 5239 643 7376
f 1948 842 8078
f 9670 10193 1077
f 10143 1786 719
f 4838 10143 719
f 392 1478 4779
f 7173 1801 1204
f 7173 11028 1801
f 3400 4779 1352
f 9728 12187 9735
f 12187 589 9735
f 1918 5400 4678
f 7880 10447 6392
f 4678 7880 1918
f 8533 4024 7136
f 3962 8533 4400
f 4024 8533 3962
f 3962 4400 1899
f 1701 4550 11040
f 9723 1899 2852
f 1899 3889 3962
f 1701 9723 3048
f 9723 1701 7736
f 6372 959 11807
f 10322 6372 11807
f 7425 793 11596
f 3045 11596 793
f 3045 6697 11596
f 4099 10322 8893
f 6372 10322 4099
f 6697 3045 7790
f 8160 9490 12422
f 4019 12033 2711
f 8490 9659 1328
f 5938 1328 4529
f 10254 1328 5938
f 10160 9881 9343
f 4857 9881 10160
f 2661 6084 5917
f 2661 5917 3525
f 11961 12464 5109
f 10890 8740 12087
f 647 12087 8170
f 647 8170 6428
f 5109 12464 9211
f 1866 6428 6161
f 12133 2608 8933
f 1866 3901 3422
f 9805 1866 3422
f 9211 4714 5109
f 103 4714 9211
f 2502 2779 7366
f 8281 4714 103
f 9805 8748 2552
f 2552 8748 2971
f 2779 2502 10231
f 8281 2238 4714
f 10231 2502 9942
f 3508 2238 8281
f 892 7487 4926
f 3011 11173 2971
f 4926 7189 892
f 12049 3011 11394
f 8164 7686 5665
f 12152 9347 6520
f 7686 2217 2581
f 5665 7686 2581
f 10815 3434 2217
f 1488 5242 5840
f 5669 3756 5761
f 1166 5242 1488
f 3755 8678 3812
f 2823 4294 10270
f 3774 3812 8678
f 4985 2714 5552
f 3396 6273 5669
f 10511 6190 11563
f 2066 11563 7514
f 4294 2066 7114
f 11746 456 5552
f 463 8542 6273
f 8542 8230 6273
f 10070 11004 8913
f 8913 456 10070
f 11004 908 4405
f 8536 8542 463
f 8591 908 11004
f 8536 443 8542
f 908 8591 6949
f 9964 6949 8591
f 1613 5122 3052
f 1613 1427 5122
f 12232 5197 10301
f 1708 416 9964
f 3721 416 1708
f 1613 5883 1427
f 3926 8953 4634
f 822 8953 3926
f 10301 8043 6637
f 3926 10951 822
f 6637 8043 4967
f 1999 12006 5883
f 9908 7809 11226
f 8415 12006 1999
f 772 2068 1724
f 8415 3432 7376
f 8415 8073 3432
f 3432 5239 7376
f 842 4702 1478
f 1948 4702 842
f 2387 5239 3432
f 9737 5331 4775
f 4702 1618 1478
f 5736 1786 643
f 1478 1618 4779
f 9670 9386 10193
f 5239 2387 643
f 9386 9670 1204
f 5736 190 1786
f 1786 2804 719
f 1786 190 2804
f 8033 4838 719
f 4779 1618 1352
f 2804 8033 719
f 8033 587 4838
f 9386 1204 1801
f 589 9242 2651
f 5400 9120 4775
f 9009 3400 1352
f 9009 1352 940
f 8636 6392 10574
f 7880 6392 8636
f 12107 9009 940
f 218 11028 7136
f 11028 218 1801
f 4024 218 7136
f 4024 3962 2388
f 218 4024 2388
f 11040 4550 11459
f 7736 1701 11040
f 9723 3810 1899
f 9723 11033 3810
f 1899 3810 3889
f 3962 3889 4931
f 7726 1004 7425
f 959 1300 7726
f 1300 1004 7726
f 6372 1300 959
f 941 793 7425
f 3045 2527 7790
f 2012 4099 8893
f 2711 2012 8893
f 12422 2527 8160
f 6664 9659 8160
f 4019 894 12033
f 9343 894 4019
f 8812 6122 5938
f 8812 5938 4529
f 6122 7221 5938
f 1586 2476 207
f 6122 11961 7221
f 11608 4057 10513
f 11608 2476 4057
f 2661 1586 6084
f 6122 2880 11961
f 186 10738 4857
f 1126 2074 10717
f 1126 10717 5132
f 8740 10890 1320
f 2880 12464 11961
f 647 10890 12087
f 2608 10738 186
f 4879 11045 1475
f 6428 1866 1883
f 12464 11408 9211
f 3066 1883 427
f 1883 1866 427
f 427 1866 9805
f 8191 103 9211
f 3508 8281 103
f 9770 8933 7487
f 2971 11173 2552
f 7487 6409 9770
f 12049 5247 11173
f 892 6409 7487
f 3011 12049 11173
f 5005 8692 3508
f 2158 892 7189
f 6520 2158 7189
f 11394 11837 12049
f 5015 8692 5005
f 5015 5840 8692
f 6520 4138 2158
f 3756 11837 11394
f 2839 11837 3756
f 1488 5840 5015
f 575 5718 9347
f 9486 5718 575
f 2217 3111 10815
f 5669 4251 3756
f 9486 1575 8935
f 10609 6444 5242
f 10609 5242 1166
f 2823 7826 4294
f 4606 7826 2823
f 6190 10511 2714
f 1774 11515 11184
f 5081 2714 10511
f 5552 2714 5081
f 12310 6444 10609
f 5839 11184 4450
f 11746 5552 5081
f 949 11563 2066
f 3415 949 2066
f 3415 2066 4294
f 456 11746 10070
f 443 8230 8542
f 12310 10170 6444
f 10070 3614 11004
f 12310 3052 10170
f 11004 3614 8591
f 8230 443 2076
f 2076 443 5197
f 6876 8591 3614
f 6876 3614 9155
f 3052 12310 4904
f 4904 1613 3052
f 4634 5988 11091
f 8591 6876 9964
f 9964 6876 1708
f 2076 5197 12232
f 1708 8864 3721
f 8864 844 3721
f 844 8864 1190
f 6781 3932 844
f 3619 3932 6781
f 12232 10301 6637
f 1613 8288 5883
f 8288 1999 5883
f 8295 8218 10951
f 6637 4967 7809
f 8295 7260 8218
f 1999 385 8415
f 9565 11567 11069
f 772 1724 7260
f 11567 8078 11069
f 385 8073 8415
f 5331 3778 2068
f 1077 8694 4536
f 9511 3432 8073
f 4702 509 1618
f 10193 8694 1077
f 10409 8694 10193
f 9511 2387 3432
f 10193 876 10409
f 5179 643 2387
f 5179 5736 643
f 1352 1618 509
f 9386 876 10193
f 1801 11795 9386
f 876 9386 11795
f 190 11476 2804
f 876 11795 872
f 2804 11476 8033
f 12344 9728 11424
f 11491 9728 12344
f 11491 12187 9728
f 589 12187 9242
f 11795 1801 7020
f 8033 12344 11424
f 1918 7596 5400
f 7020 6845 11795
f 11795 6845 872
f 1801 218 7020
f 925 11459 12107
f 2388 6383 218
f 3962 8810 2388
f 4931 8810 3962
f 7736 11033 9723
f 11033 2976 3810
f 3889 3810 2976
f 3889 5431 4931
f 3889 2976 5431
f 1004 9015 7425
f 941 7425 9015
f 2527 3045 9624
f 3883 2527 9624
f 2711 11060 2012
f 3883 8160 2527
f 12033 11060 2711
f 2246 8812 4529
f 9881 894 9343
f 1586 9330 2476
f 8812 3968 6122
f 3968 2880 6122
f 4857 10738 9881
f 10717 10513 4057
f 2608 11347 10738
f 4879 6660 11045
f 1883 647 6428
f 6269 647 1883
f 12001 7366 6660
f 12133 11347 2608
f 12001 3827 7366
f 8191 9211 11408
f 427 5895 3066
f 3827 2502 7366
f 9805 2552 9543
f 9805 9543 427
f 3508 103 8191
f 9770 12133 8933
f 1039 10231 9942
f 892 6940 7904
f 2158 6940 892
f 2158 4138 6940
f 9347 4138 6520
f 1166 1488 5015
f 3756 4251 2839
f 5718 9486 8935
f 1575 7056 8935
f 1575 3812 7056
f 6273 4251 5669
f 7056 3812 6916
f 3774 6916 3812
f 6273 4648 4251
f 1774 8678 11515
f 5081 11059 11746
f 11563 185 10511
f 6050 185 11563
f 949 6050 11563
f 3415 4294 7826
f 8230 4648 6273
f 10070 1437 3614
f 1879 1437 10070
f 1879 10070 11746
f 3614 1437 9155
f 1879 11746 11059
f 4634 8953 5988
f 6876 7175 1708
f 6876 9155 7175
f 7175 8864 1708
f 3018 1190 8864
f 844 1190 6781
f 8288 1613 4414
f 4414 3040 8288
f 3040 1999 8288
f 822 10951 8218
f 3619 6781 1363
f 9565 11069 3619
f 4214 6637 7809
f 7809 2372 4214
f 7809 5248 2372
f 9908 5248 7809
f 5248 9908 4536
f 7797 5331 9737
f 5331 7797 3778
f 1948 5823 4702
f 4536 5975 5248
f 8073 385 6861
f 5975 4536 8694
f 3511 2387 9511
f 8694 10409 5975
f 2795 2387 3511
f 5179 2387 2795
f 4775 9120 9737
f 10093 190 5736
f 10093 5736 5179
f 9242 10574 2651
f 9899 190 10093
f 8636 7071 7880
f 543 876 872
f 876 543 10409
f 190 9899 11476
f 8033 11476 1071
f 8033 1071 12344
f 7071 1918 7880
f 7596 1918 7043
f 940 7337 925
f 12107 940 925
f 6845 7020 7158
f 8821 11459 925
f 7020 218 6383
f 11040 11459 8821
f 6383 7158 7020
f 9924 7736 11040
f 2388 8080 6383
f 7158 6383 8080
f 8810 8080 2388
f 220 11033 7736
f 8080 8810 11734
f 11734 8810 4931
f 11734 4931 10198
f 5431 10198 4931
f 793 9624 3045
f 6372 1435 1300
f 6372 4099 1435
f 8160 6286 6664
f 12033 1531 11060
f 894 1531 12033
f 1695 4529 1328
f 4529 1695 2246
f 2246 12328 8812
f 9881 10621 894
f 3968 8812 12328
f 2476 7309 4057
f 7309 2476 9330
f 3968 7307 5240
f 3968 5240 2880
f 4057 5132 10717
f 2661 3525 7313
f 7313 3525 1320
f 5240 222 12464
f 12464 2880 5240
f 1126 1475 2074
f 10520 1320 10890
f 647 5747 10890
f 4879 1475 7767
f 222 11408 12464
f 12001 6660 4879
f 6269 5747 647
f 3363 11408 222
f 5073 12001 4879
f 12452 6269 1883
f 3066 12452 1883
f 3363 8191 11408
f 9543 5895 427
f 6902 9543 2552
f 3631 3508 8191
f 6902 2552 5247
f 11173 5247 2552
f 3631 5005 3508
f 12049 1353 5247
f 7904 6409 892
f 11837 2255 12049
f 5718 3946 9347
f 7686 8164 4017
f 2336 2217 7686
f 7056 6916 5332
f 4606 10815 7826
f 1774 11184 1683
f 5839 1683 11184
f 7826 8116 3415
f 8230 7155 4648
f 12281 5839 6721
f 5081 4800 11059
f 12281 6721 7308
f 6050 949 3415
f 8230 9459 7155
f 7308 5988 12281
f 9459 8230 2076
f 1437 3293 9155
f 6643 3293 1437
f 6643 1437 1879
f 5080 4904 12310
f 7175 3293 3018
f 9155 3293 7175
f 3018 8864 7175
f 5080 4414 4904
f 4414 1613 4904
f 2076 12232 10774
f 9565 3619 1363
f 3040 385 1999
f 6637 4214 2903
f 12232 6637 2903
f 3040 3702 385
f 7974 4214 2372
f 2903 4214 7974
f 2068 3778 1724
f 5248 4211 2372
f 7974 2372 9071
f 9071 2372 4211
f 5823 7879 4702
f 509 4702 7879
f 5248 4124 4211
f 4124 5248 5975
f 6861 2731 9511
f 6861 9511 8073
f 2731 3511 9511
f 2031 2795 3511
f 2795 2031 2811
f 2795 2811 5179
f 8636 10574 9242
f 10409 543 5975
f 10255 12187 11491
f 12187 10255 965
f 12187 965 9242
f 9242 1117 8636
f 7071 8636 1117
f 1352 7337 940
f 5975 543 3058
f 5179 7104 10093
f 3900 11491 12344
f 10255 11491 3900
f 7071 7043 1918
f 1071 3900 12344
f 9899 3074 11476
f 9322 872 6845
f 7348 543 872
f 8821 925 7337
f 8885 6845 7158
f 6845 8885 9322
f 872 9322 7348
f 8885 2067 9322
f 11040 8821 8992
f 11040 8992 9924
f 7158 2735 8885
f 7736 9924 220
f 220 9924 7450
f 7450 5694 220
f 9512 2976 11033
f 5156 9512 11033
f 1147 8080 11734
f 11734 315 1147
f 11734 10198 315
f 2976 4594 5431
f 315 10198 622
f 1452 793 941
f 9015 1452 941
f 1004 1300 9015
f 1452 9624 793
f 1300 1435 5382
f 8873 7768 9624
f 9624 7768 3883
f 6286 8160 3883
f 1531 7032 11060
f 1695 9659 6664
f 1328 9659 1695
f 1691 2246 1695
f 12328 7307 3968
f 9330 1586 2661
f 10738 11287 9881
f 968 4057 7309
f 10238 9330 2661
f 2166 5240 7307
f 2166 222 5240
f 11347 5078 10738
f 10520 7313 1320
f 1126 7767 1475
f 5747 10520 10890
f 3363 7387 8191
f 124 12452 3066
f 8491 11347 12133
f 124 3066 5895
f 11555 5895 9543
f 11089 2502 3827
f 9543 6902 11555
f 1353 6902 5247
f 9281 1353 12049
f 2409 5005 3631
f 1039 9942 8003
f 12049 2255 9281
f 6940 11784 7904
f 5015 5005 2409
f 4138 7140 6940
f 11837 2839 2255
f 9347 3946 4138
f 4138 3946 5004
f 3946 5718 8760
f 5718 8935 8760
f 8678 1774 3774
f 6585 10609 1166
f 6585 12310 10609
f 1683 5839 12281
f 8116 2225 3415
f 3415 2225 6489
f 8116 7826 10815
f 6011 5080 12310
f 6011 12310 6585
f 10511 4800 5081
f 9459 287 7155
f 3283 4800 10511
f 6050 3415 5741
f 1879 11059 6643
f 5988 8953 7860
f 11200 9459 2076
f 8523 6781 1190
f 11770 4414 5080
f 11770 3040 4414
f 8523 1363 6781
f 1363 3157 9565
f 3157 11567 9565
f 2903 10774 12232
f 1724 8290 7260
f 11567 11137 8078
f 7974 8467 2903
f 11137 2932 8078
f 3702 6861 385
f 3778 9159 1724
f 8078 2932 1948
f 2932 5823 1948
f 6987 2731 6861
f 1235 509 4696
f 1235 1352 509
f 1235 11350 1352
f 9071 4211 10758
f 5400 7596 9120
f 11350 7337 1352
f 5975 3058 4124
f 4211 4124 10758
f 3511 2731 2031
f 10255 7834 965
f 965 7732 9242
f 965 10998 7732
f 9242 7732 1117
f 7071 1117 11526
f 8090 7071 11526
f 7043 7071 8090
f 4124 3058 4131
f 4124 4131 10758
f 2031 10152 2811
f 5179 2811 7104
f 9673 10093 7104
f 698 10255 3900
f 965 7834 10998
f 7337 7397 8821
f 2811 9673 7104
f 2811 10152 9673
f 1071 11476 3074
f 10255 698 7834
f 7732 11332 1117
f 543 7348 3058
f 10093 9673 9899
f 1071 3074 7671
f 1071 7671 3900
f 9899 9092 11057
f 9899 11057 3074
f 3074 3384 7671
f 3900 7671 698
f 9322 2067 1339
f 7348 9322 1339
f 8885 2735 2067
f 2735 7158 8080
f 2735 8080 6
f 220 5156 11033
f 5156 220 5694
f 8080 1147 6
f 4594 2976 9512
f 1147 315 6
f 5431 4594 10198
f 622 2768 315
f 10198 4594 5715
f 622 10198 5715
f 1221 1452 9015
f 5382 1221 9015
f 5382 9015 1300
f 8873 9624 1452
f 4341 7768 8873
f 9645 1435 4099
f 6286 3883 3073
f 11060 7032 2012
f 12039 1695 6664
f 12039 1691 1695
f 1531 894 10621
f 1691 2564 12328
f 2246 1691 12328
f 11287 10621 9881
f 11815 968 9330
f 9330 968 7309
f 2564 7307 12328
f 10238 11815 9330
f 968 2951 4057
f 7313 10238 2661
f 2166 7307 1958
f 2951 5132 4057
f 5132 10856 1126
f 8389 5747 6269
f 5895 11555 124
f 9738 11089 3827
f 7387 3631 8191
f 1353 6271 6902
f 4582 2502 11089
f 9942 2502 4582
f 7904 9770 6409
f 8605 1039 8003
f 1057 2255 2839
f 4138 5004 7140
f 2409 109 5015
f 8571 4017 8164
f 7553 2839 4251
f 7056 10828 8935
f 7056 5332 10828
f 4648 3589 4251
f 4251 3589 7553
f 5332 6916 7518
f 6916 3774 7865
f 3111 2217 2336
f 7155 287 3589
f 7155 3589 4648
f 10858 3589 287
f 1774 7865 3774
f 6585 1166 3666
f 3111 1837 10815
f 5988 7860 12281
f 185 3283 10511
f 6050 5741 185
f 6489 5741 3415
f 11059 4800 6643
f 3283 185 5741
f 6654 3293 6643
f 3293 6654 11439
f 3018 3293 11439
f 822 264 8953
f 11439 1190 3018
f 11200 2076 10774
f 11439 8523 1190
f 5080 2072 11770
f 6478 822 8218
f 1363 8523 10010
f 11770 2072 1292
f 1292 3040 11770
f 7260 8290 8218
f 1363 10010 3157
f 6903 11567 3157
f 1292 3649 5522
f 5522 3040 1292
f 6903 11137 11567
f 5522 3702 3040
f 8290 1724 2720
f 9159 2720 1724
f 2903 8467 11825
f 9159 3778 1216
f 3778 7797 1216
f 3702 5522 6861
f 7797 9737 10387
f 5823 1060 7879
f 1060 302 7879
f 509 302 4696
f 7879 302 509
f 9071 4983 8467
f 9071 8467 7974
f 5541 5522 181
f 5522 5541 6861
f 9737 9120 10387
f 4983 8500 8467
f 6861 5541 6987
f 10758 4983 9071
f 3350 4983 10758
f 10303 6987 5541
f 6987 10303 9323
f 6987 9323 2731
f 7397 7337 11350
f 3350 10758 4131
f 2212 7834 8390
f 2212 10998 7834
f 6070 7834 698
f 8390 7834 6070
f 2212 7732 10998
f 1117 11332 11526
f 2731 9323 2031
f 2031 9323 10721
f 20 9673 10152
f 9092 9899 9673
f 7732 2212 7283
f 11332 7732 7283
f 7397 2428 8821
f 9673 20 9092
f 11057 3384 3074
f 3266 698 7671
f 3266 7671 3384
f 3266 6070 698
f 1429 6070 3266
f 6070 6217 8390
f 3058 7538 4131
f 4131 5935 3350
f 6070 1429 6217
f 8390 6217 5898
f 2212 8390 10133
f 8992 8821 2428
f 3058 7348 7538
f 4131 7538 5935
f 9092 7582 11057
f 11057 3150 3384
f 3384 3150 3266
f 5898 12098 8390
f 8390 12098 10133
f 3266 3150 1429
f 7348 1339 7538
f 2067 5416 1339
f 2735 5217 2067
f 3302 7450 9924
f 6 5217 2735
f 6 2814 5217
f 5156 9521 9512
f 315 2768 6
f 1924 4594 9512
f 6 2768 8141
f 622 10236 2768
f 11839 622 5715
f 4811 1221 5382
f 1452 2586 8873
f 1452 1221 2586
f 4341 8873 2586
f 3883 7768 3073
f 4099 2012 9645
f 1555 7307 2564
f 11611 1555 2564
f 1555 1958 7307
f 5078 11287 10738
f 9484 7313 10520
f 1958 7652 2166
f 7652 222 2166
f 1126 12259 7767
f 5078 11347 6127
f 222 7652 3363
f 1184 5073 4879
f 6127 11347 8491
f 5073 3827 12001
f 12452 124 9699
f 5073 9738 3827
f 9470 11555 6902
f 6271 1353 9281
f 2255 3389 9281
f 6838 109 2409
f 8605 8571 1039
f 1568 4682 7140
f 7140 5004 1568
f 11435 5004 3946
f 3946 8760 11435
f 4017 2336 7686
f 2839 7553 1057
f 10393 1166 5015
f 10828 8760 8935
f 7518 6916 7865
f 7468 10858 287
f 1837 3111 358
f 10815 1837 8116
f 1774 1683 8936
f 12281 8936 1683
f 2630 6489 2225
f 8116 2656 2225
f 2656 8116 1837
f 7860 8936 12281
f 3283 6567 4800
f 3283 455 6567
f 3283 5741 455
f 6489 2630 5741
f 4800 4145 6643
f 4145 4800 6567
f 455 5741 2630
f 6585 10546 6011
f 6011 10546 432
f 221 6654 6643
f 221 6643 4145
f 264 7860 8953
f 11439 6654 12093
f 6011 2072 5080
f 264 822 6478
f 11439 12093 3562
f 3562 12093 10804
f 10804 8572 3562
f 3562 8523 11439
f 3562 8572 944
f 3562 10010 8523
f 8290 4004 8218
f 6478 8218 4004
f 944 10010 3562
f 2072 8983 1292
f 944 1806 10010
f 1806 3817 10010
f 3157 3817 6903
f 3157 10010 3817
f 9586 8290 2720
f 8983 3649 1292
f 8983 14 3649
f 11825 10774 2903
f 4052 5522 3649
f 5823 2932 547
f 4052 3649 14
f 7797 10387 1216
f 547 1060 5823
f 11825 8467 8500
f 4052 181 5522
f 9120 5003 10387
f 181 4052 2033
f 9120 7596 5003
f 181 10303 5541
f 12185 7043 8090
f 7596 7043 12185
f 3350 8871 4983
f 10303 181 10076
f 10076 9323 10303
f 3350 5935 8871
f 10152 2031 10721
f 9323 10076 10721
f 7283 2212 10107
f 10152 10721 200
f 3150 11057 7582
f 10107 2212 10133
f 10152 200 1089
f 10152 1089 20
f 20 12237 9092
f 9092 12237 5923
f 9092 5923 7582
f 6217 9760 5898
f 5898 9760 12098
f 20 1089 12237
f 125 7582 5923
f 7582 125 3150
f 3150 125 10123
f 5935 7538 4167
f 125 2509 10123
f 3150 10123 1429
f 1429 10123 8932
f 1429 8932 9760
f 1429 9760 6217
f 9760 7069 12098
f 10133 12098 7069
f 1339 5416 7538
f 5416 4167 7538
f 7069 9760 2394
f 2067 9037 5416
f 5217 9037 2067
f 5217 3784 9037
f 2814 3784 5217
f 2814 11292 3784
f 6 8942 2814
f 2814 8942 11534
f 6 8141 8942
f 1924 5715 4594
f 2768 10236 8141
f 10236 622 11839
f 4811 2586 1221
f 9645 1933 1435
f 1933 5382 1435
f 9645 2012 7032
f 7442 6286 3073
f 6664 7442 12039
f 6286 7442 6664
f 7442 1691 12039
f 11611 8974 1555
f 10238 7313 10705
f 3738 10856 5132
f 3738 5132 2951
f 10705 7313 9484
f 4314 10520 5747
f 4314 5747 8389
f 12259 4879 7767
f 4989 8389 6269
f 12452 4989 6269
f 9699 4989 12452
f 11555 6004 124
f 8688 3631 7387
f 11816 11089 9738
f 9470 6902 6271
f 9770 8491 12133
f 9165 9770 7904
f 8003 9942 4582
f 6940 3080 11784
f 7723 8003 4582
f 6940 7140 3080
f 1057 3488 2255
f 9437 8571 8605
f 9437 4017 8571
f 109 10393 5015
f 3589 12057 7553
f 11435 8760 3674
f 3674 8760 10828
f 4017 3882 2336
f 10858 12057 3589
f 3674 10828 305
f 10828 5332 305
f 358 3111 2336
f 287 2666 7468
f 3666 1166 10393
f 7865 6407 7518
f 8744 7865 1774
f 8744 6407 7865
f 9459 2666 287
f 1774 405 8744
f 11200 2666 9459
f 1774 8936 405
f 8936 8751 405
f 3666 10546 6585
f 2225 2656 2630
f 7860 8751 8936
f 2630 9149 455
f 9149 2630 2656
f 2656 8062 9149
f 12093 6654 221
f 726 4145 6567
f 6567 9674 726
f 455 9674 6567
f 10437 221 4145
f 10437 4145 726
f 2732 726 9674
f 10353 12093 221
f 10804 12093 10353
f 10353 221 10437
f 278 726 2732
f 264 6478 6199
f 278 10437 726
f 432 2072 6011
f 10353 10437 278
f 12283 8983 2072
f 12283 2072 432
f 5720 11200 10774
f 10774 11825 5720
f 8572 1806 944
f 2398 11137 6903
f 12283 14 8983
f 1046 2720 9159
f 14 8453 4052
f 547 10446 1060
f 10446 12388 1060
f 1060 4889 302
f 12388 4889 1060
f 4696 302 4889
f 4889 1886 4696
f 1886 9892 1235
f 4696 1886 1235
f 8453 2033 4052
f 1235 9892 11350
f 7596 12185 5003
f 4983 225 8500
f 3392 8500 225
f 4983 2089 225
f 10741 7397 11350
f 8871 2089 4983
f 2033 11556 181
f 11556 10076 181
f 10522 11332 7283
f 10522 7605 11332
f 10741 2428 7397
f 11556 12075 10076
f 7283 10107 10522
f 8992 2428 3036
f 4356 10721 10076
f 8992 3036 9924
f 1268 8871 5935
f 12145 8871 1268
f 10076 12075 4356
f 10107 10133 2460
f 200 4438 1089
f 1089 4438 12237
f 12237 2401 5923
f 10123 2509 8932
f 7069 9097 10133
f 12250 5935 4167
f 8932 2394 9760
f 2394 5944 7069
f 9037 4167 5416
f 4167 9037 1626
f 9037 5981 1626
f 3784 9047 9037
f 11292 2814 11534
f 3784 11292 9047
f 9521 6007 9512
f 12375 6007 9521
f 6007 1924 9512
f 8942 4782 11534
f 10236 5562 8141
f 8141 5562 8942
f 1924 9608 5715
f 9608 11839 5715
f 8662 10236 11839
f 5562 10236 8662
f 9608 10488 11839
f 8662 11839 10488
f 9645 1687 1933
f 3073 7768 4341
f 7032 1687 9645
f 7442 3073 4829
f 889 7032 1531
f 2819 1531 10621
f 11287 2819 10621
f 4972 11611 2564
f 11815 10238 6459
f 968 11815 6459
f 968 6459 7868
f 2951 968 7868
f 2951 7868 3738
f 9072 10238 10705
f 5078 6127 7761
f 4314 9484 10520
f 4954 7652 1958
f 1126 10856 12259
f 3363 7652 5428
f 3363 5428 7387
f 8491 6431 6127
f 124 6004 9699
f 6004 11555 7820
f 9470 7820 11555
f 6431 8491 9770
f 9770 9165 6431
f 11816 7703 11089
f 7703 4582 11089
f 6838 2409 3631
f 11784 9165 7904
f 2915 109 6838
f 8003 11629 8605
f 1057 7553 12057
f 2300 1568 5004
f 2300 5004 11435
f 9979 9437 8605
f 11435 3674 153
f 5332 4861 305
f 7518 4861 5332
f 3882 358 2336
f 3603 10858 7468
f 7518 6407 4861
f 3882 10773 358
f 7468 2666 11105
f 662 6407 8744
f 358 8526 1837
f 405 662 8744
f 8526 7585 1837
f 2656 7585 8062
f 1837 7585 2656
f 8062 7585 4689
f 264 3098 7860
f 7860 3098 8751
f 5058 455 9149
f 8062 4689 9149
f 6199 3098 264
f 9674 5058 2732
f 455 5058 9674
f 5058 9149 12018
f 9149 4689 12018
f 11200 5720 2666
f 2666 5720 11105
f 3794 6199 6478
f 10804 11584 8572
f 10804 10353 11584
f 8661 5058 11298
f 2732 5058 8661
f 11298 5058 12018
f 278 11584 10353
f 278 3492 11584
f 12246 3492 278
f 5567 278 2732
f 12246 278 5567
f 5567 2732 8661
f 8661 11298 8435
f 7690 12283 432
f 8572 11584 11907
f 11907 11584 12405
f 12405 11584 3492
f 12405 3492 12246
f 6478 4004 3794
f 5271 8572 11907
f 5271 11907 6889
f 6889 11907 12405
f 6889 12405 1092
f 1092 12405 3155
f 3155 12405 12246
f 8435 5567 8661
f 5271 6889 2398
f 2398 6889 1092
f 238 1092 3155
f 6008 5567 8435
f 12246 5567 6008
f 11105 5720 9639
f 8290 9586 4004
f 1806 5271 3817
f 3817 5271 6903
f 6903 5271 2398
f 9363 3155 12246
f 8572 5271 1806
f 2398 1092 238
f 8466 238 9363
f 9363 238 3155
f 9363 6008 5536
f 12246 6008 9363
f 7690 8385 12283
f 9726 12283 8385
f 9726 14 12283
f 9586 2720 11308
f 11137 2398 2932
f 2720 1046 11308
f 2398 547 2932
f 547 2398 238
f 5720 11825 4776
f 10446 238 8466
f 547 238 10446
f 8466 9363 9306
f 10446 8466 2922
f 8466 9306 2922
f 8500 3392 11825
f 11825 3392 4776
f 2922 12388 10446
f 12388 762 4889
f 4889 762 7721
f 14 9726 9210
f 7721 1886 4889
f 9892 1886 10433
f 9210 8453 14
f 9892 10433 3000
f 7890 8453 9210
f 7890 2033 8453
f 9892 10741 11350
f 11526 12185 8090
f 7890 11556 2033
f 7605 11526 11332
f 7890 1682 11556
f 1682 12075 11556
f 8871 12145 2089
f 10107 2460 10522
f 12075 1682 6975
f 3365 12145 1268
f 7145 12145 3365
f 6975 11344 12075
f 10280 4356 12075
f 2781 10721 4356
f 10133 9097 2460
f 4356 10280 2781
f 2781 200 10721
f 9509 4438 200
f 12250 1268 5935
f 10299 3302 9924
f 4438 2401 12237
f 1268 12250 3365
f 5923 2401 125
f 5944 9097 7069
f 12250 4167 1626
f 125 2401 5502
f 125 5502 2509
f 2509 2483 8932
f 2509 5502 2483
f 3302 5694 7450
f 5694 3302 6712
f 2483 11792 8932
f 8932 11792 2394
f 5944 2394 11792
f 4998 5156 5694
f 5981 9037 9047
f 9047 2844 5981
f 11292 4328 9047
f 9047 4328 2844
f 11534 4782 11292
f 8942 5562 4782
f 1924 12276 9608
f 5562 9215 4782
f 12276 6872 9608
f 9952 5562 8662
f 5562 9952 9215
f 8662 10488 9952
f 5382 7581 4811
f 7581 5382 1933
f 8159 2586 4811
f 2586 1462 4341
f 1687 7581 1933
f 4829 7735 7442
f 7032 889 1687
f 7442 6454 1691
f 273 2564 1691
f 273 4972 2564
f 5078 7761 11287
f 9072 6459 10238
f 1555 8974 1958
f 5214 1958 8974
f 6989 10705 9484
f 9484 4314 6989
f 1958 5214 4954
f 5214 3729 4954
f 1743 7652 4954
f 1743 4954 3729
f 12259 1184 4879
f 12402 5275 8389
f 5275 4314 8389
f 12402 8389 4989
f 8688 7387 5428
f 4210 9470 6271
f 9281 4210 6271
f 3631 6030 6838
f 11784 605 9165
f 11784 11889 605
f 7723 4582 7703
f 2255 3488 3389
f 2915 6838 8298
f 7140 4682 3080
f 11629 8003 7723
f 4682 7908 3080
f 1568 7908 4682
f 12057 6364 1057
f 2915 10393 109
f 556 1568 2300
f 9979 8605 1380
f 2915 1031 10393
f 9979 4017 9437
f 10858 1851 12057
f 10330 2300 11435
f 11435 153 10330
f 3674 11748 153
f 305 272 3674
f 3674 272 11748
f 4861 272 305
f 4861 1149 272
f 3603 7468 4605
f 11748 272 4196
f 6407 1149 4861
f 6407 751 1149
f 662 751 6407
f 8526 358 10773
f 404 751 662
f 404 2295 751
f 405 404 662
f 7585 8526 7500
f 7585 8532 4689
f 8532 7585 7500
f 11105 4605 7468
f 404 405 3098
f 8751 3098 405
f 442 4689 8532
f 4689 442 12018
f 10005 442 8532
f 12018 442 10005
f 12299 6199 3794
f 6692 8435 11298
f 12018 10005 11298
f 2194 10005 8532
f 7690 432 10546
f 11298 10005 6692
f 3794 4004 12299
f 6692 6328 8435
f 5536 8435 6328
f 2417 8385 7690
f 2274 4004 9586
f 8435 5536 6008
f 9432 5536 6328
f 9306 9363 5536
f 5720 4776 9639
f 5536 9432 9503
f 9306 5536 9503
f 1216 1046 9159
f 2922 9306 2791
f 9306 9503 2791
f 12388 2922 2791
f 2747 12388 2791
f 2747 762 12388
f 7721 762 2747
f 7721 2747 3804
f 1886 7721 10433
f 7721 1495 10433
f 7721 3804 1495
f 5774 4776 3392
f 10387 4401 1216
f 7890 9210 6256
f 225 1935 3392
f 11526 7605 12185
f 1935 225 2089
f 1682 7890 6256
f 10741 1766 2428
f 2089 8514 1935
f 12145 7145 8514
f 12145 8514 2089
f 2460 9097 3879
f 3365 9865 7145
f 12075 11344 10280
f 9509 200 2781
f 2781 11965 9509
f 9509 5397 4438
f 9865 3365 12250
f 7980 9865 12250
f 4438 5397 2401
f 11741 9097 5944
f 7980 12250 1626
f 2401 9273 5502
f 11741 5944 11792
f 5156 4998 9521
f 1626 5981 7294
f 9521 4998 12375
f 4114 11792 10360
f 11792 4955 10360
f 11792 2483 4955
f 2844 4328 3003
f 2844 7294 5981
f 6007 12375 4113
f 11292 8813 4328
f 10023 4328 8813
f 4328 10023 3003
f 6007 12276 1924
f 4782 12251 750
f 4782 750 11292
f 11292 750 8813
f 9215 12251 4782
f 444 9215 9952
f 444 9952 10488
f 444 10488 445
f 8159 4811 7581
f 1462 2586 8159
f 2819 889 1531
f 6454 7442 7735
f 273 1691 6454
f 11287 10354 2819
f 7761 10354 11287
f 7761 7991 10354
f 7761 6127 7991
f 11884 6989 4314
f 5275 11884 4314
f 11313 1184 12259
f 1743 5428 7652
f 5428 1743 10361
f 5428 10361 8688
f 9055 12402 4989
f 6431 8004 6127
f 1184 12173 5073
f 9055 4989 8806
f 8806 4989 9699
f 6004 10930 9699
f 8706 8004 6431
f 6004 7820 10930
f 2410 7820 9470
f 6030 3631 8688
f 605 8706 6431
f 9165 605 6431
f 9281 5182 4210
f 5319 7723 7703
f 3389 5182 9281
f 605 11889 11165
f 8298 6838 6030
f 11784 3080 11889
f 3080 10709 11889
f 7723 6476 11629
f 3080 7908 10709
f 11629 1380 8605
f 12057 1851 10169
f 12057 10169 6364
f 7908 1568 556
f 2300 3850 556
f 10330 3850 2300
f 9979 2413 4017
f 9914 10858 3603
f 2413 3882 4017
f 11748 10330 153
f 10330 11748 757
f 8 10773 3882
f 4605 5815 3603
f 3666 10393 6386
f 4196 8006 11748
f 272 1149 4196
f 2295 1149 751
f 7500 8526 3334
f 10546 3666 6386
f 11112 2295 404
f 12336 11112 404
f 3098 12336 404
f 3098 6199 12336
f 6199 12299 11322
f 2194 6692 10005
f 2287 2194 8532
f 2417 7690 10546
f 6692 2194 6328
f 12299 4004 2274
f 2194 1776 6328
f 2194 9829 1776
f 9829 2194 2287
f 11464 4605 11105
f 1776 9432 6328
f 3212 8385 2417
f 9586 11308 2746
f 11464 11105 10082
f 1776 9829 6244
f 6244 9829 9290
f 9639 10082 11105
f 6244 9432 1776
f 10216 11308 1046
f 6244 9503 9432
f 9639 4776 10082
f 4515 9726 8385
f 6244 1744 9503
f 1311 2791 9503
f 1311 1744 715
f 9503 1744 1311
f 1046 1216 4401
f 1311 2747 2791
f 3804 2747 1311
f 715 3804 1311
f 1495 3804 715
f 10082 4776 5774
f 8506 10433 1495
f 9892 3000 10741
f 1935 5774 3392
f 5774 1935 3664
f 12185 7605 11261
f 1935 8514 11959
f 3664 1935 11959
f 3036 10299 9924
f 11487 11344 6975
f 7145 9865 6937
f 7145 6937 9576
f 11344 11487 10280
f 9865 3409 6937
f 2781 10280 10176
f 10176 11965 2781
f 3879 9097 11741
f 9865 7980 3409
f 3409 7980 4614
f 10176 8664 11965
f 5397 9273 2401
f 12194 7980 1626
f 7980 12194 4614
f 5397 9509 11965
f 5397 2209 9273
f 5694 7903 4998
f 9273 2209 4074
f 2277 1626 7294
f 2277 12194 1626
f 11741 11792 4114
f 9273 4074 5502
f 3003 7294 2844
f 4223 7294 3003
f 2277 7294 4223
f 4074 3724 5502
f 5502 4955 2483
f 4114 10360 11502
f 5502 3724 4955
f 3003 10023 4223
f 8544 4955 3724
f 10360 4955 8544
f 9917 10023 8813
f 9917 8107 10023
f 4113 6872 12276
f 6007 4113 12276
f 8348 8813 750
f 9917 8813 8348
f 8107 9917 9749
f 12251 8348 750
f 8348 7655 9917
f 6872 5385 9608
f 8348 9848 7655
f 9608 5385 10488
f 5385 445 10488
f 12251 9848 8348
f 12251 5778 9848
f 445 3441 444
f 444 5778 9215
f 5778 444 11648
f 3441 11648 444
f 1687 12333 7581
f 12333 1687 1103
f 889 1103 1687
f 3073 4341 1462
f 3073 1462 1296
f 3073 1296 4829
f 889 2819 1103
f 8789 6454 7735
f 10354 5423 2819
f 4972 273 11885
f 12483 3738 7868
f 6989 9072 10705
f 2709 5214 8974
f 3738 12259 10856
f 7991 6127 12043
f 3667 12259 3738
f 5214 12063 3729
f 12063 5214 2709
f 804 3729 12063
f 3729 804 6961
f 3729 6961 1743
f 12043 6127 8004
f 10361 1743 6961
f 8716 10361 6961
f 1184 6547 12173
f 8716 2296 10361
f 12242 8004 8706
f 8806 9699 10930
f 8688 10361 2296
f 10919 2410 9470
f 7820 2410 10930
f 8688 2296 12100
f 6030 8688 12100
f 9470 4210 10919
f 8706 605 6833
f 3389 3488 5182
f 12100 9541 8298
f 8298 6030 12100
f 5319 2102 7723
f 1057 6364 3488
f 7723 2102 6476
f 6476 1380 11629
f 6476 9799 1380
f 3986 10169 1851
f 10709 7908 5459
f 1380 9799 4230
f 4230 9979 1380
f 4451 4230 9799
f 556 9756 7908
f 10858 9914 1851
f 4230 2413 9979
f 3850 9756 556
f 4230 4451 1263
f 757 3850 10330
f 3603 5815 9914
f 1031 9937 10393
f 2413 8 3882
f 2413 4230 8
f 6386 10393 9937
f 11748 8006 757
f 8 10786 10773
f 10773 3334 8526
f 10773 10786 3334
f 5147 8006 4196
f 1149 2295 4196
f 11112 4196 2295
f 6443 4196 11112
f 6386 2417 10546
f 2969 11112 7990
f 7990 11112 11127
f 12336 11127 11112
f 1398 7990 11127
f 3797 11127 12336
f 1398 11127 3797
f 4605 7099 5815
f 3797 12336 6199
f 3197 2287 8532
f 3916 7099 4605
f 11322 3797 6199
f 4605 11464 3916
f 2274 11322 12299
f 2274 6754 11322
f 9586 6754 2274
f 2746 6191 9586
f 6191 6754 9586
f 3212 2417 6868
f 4515 8385 3212
f 2746 11308 10216
f 1046 10588 10216
f 10588 1046 4401
f 1639 8506 1495
f 11464 10082 1128
f 9421 4401 10387
f 10433 8506 7403
f 5774 1128 10082
f 10433 7403 3000
f 5774 3664 1128
f 9421 10387 5003
f 10741 3000 9036
f 3000 7403 9036
f 11261 5003 12185
f 3616 6256 9210
f 1128 3664 5731
f 7605 433 11261
f 9036 1766 10741
f 3616 5095 6256
f 5095 1682 6256
f 3664 11959 11183
f 2428 1766 3036
f 5095 9530 1682
f 10522 2460 11246
f 3279 1682 9530
f 3279 6975 1682
f 2460 3879 11246
f 7145 9576 8514
f 11959 8514 9576
f 3879 11741 9605
f 10176 10280 11487
f 4614 12437 3409
f 3409 12437 6937
f 6712 7903 5694
f 7903 4280 4998
f 4614 12194 2277
f 8664 7792 11965
f 5397 11965 253
f 11741 4114 9819
f 4998 4280 12375
f 2277 8697 4614
f 5397 253 5152
f 5397 5152 2209
f 11502 11545 4114
f 4074 735 3724
f 8544 3724 735
f 10023 8805 4223
f 11502 10360 8544
f 2936 8107 9749
f 9749 9917 7655
f 9749 7655 853
f 9848 11882 7655
f 5778 11882 9848
f 5778 12251 9215
f 6928 3441 445
f 5778 2842 11882
f 5778 11648 2842
f 9677 7735 4829
f 2819 10584 1103
f 9677 8789 7735
f 5423 10584 2819
f 6950 11885 273
f 10354 10623 5423
f 10354 7991 10623
f 6459 9072 5284
f 8520 8974 11611
f 3667 11313 12259
f 8522 804 12063
f 8522 12063 2709
f 11043 6989 11884
f 6961 804 683
f 5275 11043 11884
f 6961 683 7358
f 6961 7358 8716
f 8004 12242 12043
f 5275 12402 11043
f 7431 2296 10845
f 2296 8716 10845
f 12173 9738 5073
f 7431 12100 2296
f 12173 11816 9738
f 6833 12242 8706
f 4210 11760 10919
f 5182 11760 4210
f 11165 6833 605
f 3488 11982 5182
f 11165 5354 6833
f 6364 11982 3488
f 3982 8298 9541
f 2102 5319 3966
f 10709 11165 11889
f 2102 3966 6659
f 3982 2915 8298
f 10709 5354 11165
f 2102 2198 6476
f 2198 2102 6659
f 3982 5384 2915
f 5384 1031 2915
f 6476 2198 9799
f 9799 2198 6759
f 1851 9914 3986
f 4451 9799 8635
f 4451 8635 1263
f 9756 5459 7908
f 4230 1263 8
f 1765 9756 3850
f 5084 8 1263
f 3850 757 1765
f 8 5084 10786
f 757 11695 1765
f 5147 757 8006
f 5147 11695 757
f 7460 5815 7099
f 6443 5147 4196
f 2969 6443 11112
f 11620 6443 2969
f 6831 2969 7990
f 8492 7990 1398
f 6831 7990 8492
f 7500 3197 8532
f 1398 9961 8492
f 9961 1398 8985
f 3797 8985 1398
f 11772 7099 3916
f 9961 8985 1890
f 11322 8985 3797
f 8985 6754 5090
f 6754 8985 11322
f 11772 3916 8257
f 9290 1744 6244
f 1639 1495 715
f 10588 4401 126
f 8257 3916 11464
f 11373 9726 4515
f 1128 5862 11464
f 8257 11464 5862
f 9036 7403 10771
f 3616 9210 9726
f 11261 9421 5003
f 5731 5862 1128
f 9415 10522 11246
f 11183 5731 3664
f 11959 9576 11183
f 10299 6233 3302
f 3279 5900 6975
f 9576 6937 10258
f 5900 11487 6975
f 11487 9751 10176
f 11741 9819 9605
f 8697 11919 4614
f 4614 11919 12437
f 253 11965 7792
f 11545 9819 4114
f 4223 8697 2277
f 8664 9345 7792
f 4223 8331 2404
f 5152 12369 2209
f 8107 8805 10023
f 4223 8805 8331
f 8544 3727 11502
f 3727 11545 11502
f 8107 2936 8805
f 2209 12369 12260
f 12260 735 4074
f 2209 12260 4074
f 3380 2936 9749
f 2936 3380 6185
f 8544 735 7268
f 3727 8544 7268
f 853 3380 9749
f 6872 6928 5385
f 5385 6928 445
f 4152 11648 3441
f 4152 2842 11648
f 248 1462 8159
f 7581 248 8159
f 12333 248 7581
f 3013 1296 1462
f 248 3013 1462
f 7503 248 12333
f 7503 12333 1103
f 1296 9677 4829
f 1103 3867 7503
f 10584 3867 1103
f 10584 11186 3867
f 6950 273 6454
f 7573 11885 6950
f 6787 7573 6950
f 6459 6570 7868
f 11885 11611 4972
f 7868 6570 11096
f 5284 6570 6459
f 11885 8520 11611
f 12483 7868 11096
f 8520 2709 8974
f 94 5284 9072
f 9072 6989 94
f 3738 12483 3667
f 12483 1749 3667
f 1174 7991 12043
f 6989 5196 94
f 11043 5196 6989
f 1 683 804
f 12242 1174 12043
f 6547 1184 11313
f 7358 10845 8716
f 12242 5704 1174
f 7431 10845 8057
f 3701 12173 6547
f 10930 6561 8806
f 2410 10919 9790
f 6561 10930 9790
f 2410 9790 10930
f 3701 11816 12173
f 12201 5704 12242
f 6833 12201 12242
f 5319 7703 11816
f 9541 12100 7431
f 11982 11760 5182
f 2816 11760 11982
f 5319 11047 3966
f 10444 6833 5354
f 6364 2816 11982
f 10169 3986 2816
f 10169 2816 6364
f 10709 10642 5354
f 6659 6759 2198
f 5459 10642 10709
f 3758 6759 9644
f 8635 6759 3758
f 6759 8635 9799
f 5459 9850 10642
f 9914 2124 3681
f 9914 3681 3986
f 5459 7178 9850
f 7178 5459 7993
f 859 1263 8635
f 5459 9756 7993
f 1263 859 4481
f 5815 2124 9914
f 4481 859 3571
f 8420 7993 9756
f 9756 1765 8420
f 1263 4481 5084
f 4575 4481 3571
f 5815 7460 2124
f 11336 8420 1765
f 10786 5084 3334
f 5084 4481 4575
f 11695 11336 1765
f 10849 3334 5084
f 9446 5084 4575
f 3334 10849 7500
f 9446 10849 5084
f 6443 11695 5147
f 7500 10849 6797
f 82 6797 10849
f 11772 7460 7099
f 11620 2969 6831
f 5090 1890 8985
f 6191 5090 6754
f 2287 810 9829
f 7330 1890 5090
f 6191 7330 5090
f 1642 6191 2746
f 1642 2746 10216
f 1642 10216 10588
f 11373 4515 3212
f 4401 9421 1069
f 11373 3616 9726
f 9421 11261 5056
f 11373 61 3616
f 11261 433 5056
f 10771 1766 9036
f 433 7605 9415
f 7605 10522 9415
f 3036 1766 6366
f 9394 9530 5095
f 9394 3279 9530
f 10318 3279 9394
f 5430 3279 10318
f 3279 5430 5900
f 5900 10317 11487
f 10191 10317 5900
f 10317 9751 11487
f 4255 4280 7903
f 6712 4255 7903
f 1344 8664 10176
f 10176 9751 1344
f 12375 4280 11845
f 11845 4113 12375
f 8697 4223 2404
f 9345 8664 1344
f 253 11485 5152
f 12369 5152 11485
f 3380 10119 6185
f 3414 10119 3380
f 4113 2073 6872
f 3421 3380 853
f 6928 6872 2073
f 6359 4437 853
f 853 4437 3421
f 12316 7268 735
f 853 7655 11882
f 11882 6359 853
f 6359 11882 2842
f 4152 3441 7624
f 1533 3013 248
f 248 11830 1533
f 7503 11830 248
f 12322 9677 1296
f 3013 12322 1296
f 6766 8789 9677
f 12322 6766 9677
f 8789 6766 12021
f 6766 12322 11016
f 12021 6454 8789
f 12021 6787 6454
f 6787 6950 6454
f 9202 11186 10584
f 10584 8358 9202
f 8358 10584 5423
f 10623 8358 5423
f 6787 12021 1735
f 7573 6787 1735
f 8358 10623 1824
f 7573 4778 11885
f 4778 8520 11885
f 10623 1174 1824
f 7991 1174 10623
f 12483 562 1749
f 12483 11096 562
f 7900 6570 5284
f 7900 5284 94
f 8520 1742 2709
f 8522 1 804
f 8522 1742 1
f 1742 8522 2709
f 3667 1749 3559
f 3667 3559 11313
f 3559 6547 11313
f 3341 5196 11043
f 3152 3341 11043
f 12402 3152 11043
f 5704 11029 1174
f 11197 3152 12402
f 11197 12402 9055
f 7673 6485 7358
f 683 7673 7358
f 11197 9055 8806
f 7358 8057 10845
f 6485 8057 7358
f 9622 8806 6561
f 9790 7757 6561
f 7757 9790 6497
f 12201 1372 5704
f 6497 9790 10919
f 8446 6497 10919
f 11760 8446 10919
f 8057 9541 7431
f 11047 5319 11816
f 3701 11047 11816
f 11760 7589 8446
f 8057 6793 9541
f 2816 7589 11760
f 6793 3982 9541
f 10444 12201 6833
f 4224 3982 6793
f 9129 3966 11047
f 9129 7296 3966
f 7589 2816 11147
f 12201 10444 1191
f 5354 12139 10444
f 3966 7296 4398
f 10642 6143 5354
f 5354 6143 12139
f 3966 4398 6659
f 3986 3681 5682
f 3986 5682 2816
f 6659 4398 6759
f 4398 9644 6759
f 4224 5384 3982
f 6214 6143 10642
f 9644 189 3758
f 10642 9850 6214
f 9937 1031 5384
f 7631 3758 8684
f 3758 7631 8635
f 8635 7631 859
f 3571 859 7631
f 10424 9937 2542
f 11582 7178 7993
f 10424 6386 9937
f 11582 7993 8420
f 4575 885 9446
f 10612 11336 11695
f 10849 9446 82
f 10612 11695 6443
f 8375 10612 6443
f 8375 6443 11620
f 7500 6797 3197
f 2417 6386 11871
f 6028 2287 3197
f 1642 7330 6191
f 9829 810 9290
f 10588 11915 1642
f 2423 715 1744
f 9290 2423 1744
f 4401 3623 126
f 2423 1639 715
f 8506 1639 2109
f 4401 1069 3623
f 8506 2109 7403
f 9421 5056 1069
f 61 7978 5095
f 5095 3616 61
f 11183 8897 5731
f 3036 6366 10299
f 9576 8897 11183
f 7978 3327 5095
f 3327 9394 5095
f 11246 3879 21
f 12213 8897 9576
f 4086 21 3879
f 9576 10483 12213
f 10258 10483 9576
f 6233 6712 3302
f 12437 10258 6937
f 10191 5900 5430
f 9605 4086 3879
f 10317 8665 9751
f 8697 2404 6815
f 9751 8665 1344
f 6613 9819 11545
f 6613 9605 9819
f 8331 6815 2404
f 4113 11845 11333
f 2936 8331 8805
f 3068 9345 1344
f 11333 2073 4113
f 2936 6185 8331
f 9345 3068 7792
f 3727 5244 11545
f 4437 6359 2497
f 2073 8111 6928
f 735 12260 12316
f 2842 4152 6359
f 6928 8111 3441
f 7624 7523 4152
f 12322 3013 7748
f 7748 3013 1533
f 7748 1533 9514
f 1533 11830 9514
f 3867 11830 7503
f 12322 7748 11016
f 11186 12227 3867
f 10342 12021 6766
f 11186 9202 12227
f 10342 6766 11084
f 9480 1735 12021
f 7573 6669 4778
f 6570 562 11096
f 6570 1173 562
f 6669 7742 4778
f 562 1173 2094
f 4778 1742 8520
f 10462 7900 5196
f 7900 94 5196
f 6610 683 1
f 6610 7673 683
f 4671 6485 7673
f 5802 3701 6547
f 11197 8806 9622
f 4671 3258 6485
f 5704 1372 11029
f 4476 3701 5802
f 6485 3258 8057
f 10482 8057 3258
f 8446 9168 6497
f 10482 6793 8057
f 11047 3701 7383
f 9168 8446 9269
f 6793 10482 7197
f 7589 9269 8446
f 9129 10111 7296
f 11147 9269 7589
f 7197 4224 6793
f 10444 12139 1191
f 5682 11147 2816
f 7296 7525 4398
f 7112 11147 5682
f 5384 4224 7197
f 2247 4398 7525
f 7112 5682 3681
f 4398 2247 9644
f 2247 7525 4630
f 10647 12139 6143
f 2247 189 9644
f 11472 3758 189
f 10647 6143 6214
f 189 9276 11472
f 5974 2542 9937
f 9937 5384 5974
f 8684 3758 11472
f 10647 6214 9850
f 9850 8343 10647
f 8684 11472 5487
f 3681 2124 7789
f 8343 9850 7178
f 7631 8684 10001
f 10001 3571 7631
f 5487 10001 8684
f 10734 7178 11582
f 3571 10001 4569
f 3571 4569 4575
f 11582 6899 10734
f 8420 6899 11582
f 11336 6899 8420
f 4575 4569 885
f 8094 11336 10612
f 9446 11335 82
f 885 11335 9446
f 11335 885 8409
f 8409 885 6796
f 8094 10612 2084
f 2084 10612 8375
f 6797 82 990
f 6868 2417 11871
f 9961 3476 8492
f 6028 810 2287
f 3476 9961 11601
f 11601 9961 1890
f 1890 7330 11601
f 11915 7330 1642
f 5896 810 6028
f 10777 11373 3212
f 9106 11915 10588
f 9106 10588 126
f 10777 7164 11373
f 126 3623 1326
f 7164 61 11373
f 2109 1414 7403
f 7403 1414 10771
f 7164 279 61
f 1172 5056 8743
f 1069 5056 1172
f 5862 1085 8257
f 8743 433 9415
f 8743 9415 4912
f 5862 5731 7290
f 9415 11246 4912
f 279 7978 61
f 279 11203 7978
f 11203 7544 7978
f 7544 3327 7978
f 11246 12273 4912
f 6366 8802 10299
f 11246 21 12273
f 4912 12273 7882
f 10299 8802 6233
f 6233 12436 6712
f 12436 4255 6712
f 4086 9605 8945
f 7170 12437 11919
f 6815 1634 8697
f 4280 4255 11845
f 4437 9369 3421
f 10004 3421 9369
f 3421 10004 3380
f 253 7792 11485
f 8608 8111 2073
f 5776 3727 7268
f 5776 5244 3727
f 4152 2497 6359
f 4152 10412 2497
f 5776 7268 7031
f 7268 12316 7031
f 3057 3441 8111
f 12260 11763 12316
f 12316 11763 7031
f 4152 7523 10412
f 11291 9514 11830
f 3867 11291 11830
f 12227 11291 3867
f 11016 11084 6766
f 11084 11016 10253
f 9202 9214 12227
f 9214 9202 12220
f 8358 12220 9202
f 10342 9480 12021
f 10342 9302 9480
f 1824 12220 8358
f 1735 6669 7573
f 1824 11323 12220
f 1174 11323 1824
f 1173 6570 7900
f 4778 7742 1742
f 11029 11323 1174
f 10462 1173 7900
f 158 1 1742
f 7742 158 1742
f 6610 1 6696
f 3559 1749 2399
f 3341 10462 5196
f 9609 6547 3559
f 6610 4580 7673
f 4671 7673 4580
f 1372 2916 11029
f 4476 7383 3701
f 6279 9622 7757
f 9622 6561 7757
f 3258 5343 10482
f 9168 11573 6497
f 11573 7757 6497
f 11466 2916 1372
f 9129 11047 7383
f 10989 11573 9168
f 12201 11466 1372
f 10989 9168 9269
f 10482 4301 7197
f 1191 11466 12201
f 11781 10111 9129
f 8370 9269 10764
f 11147 10764 9269
f 7296 10111 4705
f 7525 7296 4705
f 8825 5384 7197
f 7112 10764 11147
f 1013 1191 12139
f 10647 1013 12139
f 7525 11216 4630
f 3028 1013 10647
f 7789 7112 3681
f 2247 4630 1874
f 2247 9276 189
f 1874 9276 2247
f 10818 10647 8343
f 3162 11472 9276
f 5487 11472 3162
f 10818 8343 10734
f 10734 8343 7178
f 7460 5051 2124
f 5487 7340 10001
f 10001 7340 4569
f 6796 885 4569
f 4569 7340 6796
f 11871 6386 10424
f 6899 11336 3831
f 6796 7340 943
f 3831 11336 8094
f 11335 7680 82
f 8094 2084 7532
f 82 7680 990
f 7680 11335 8409
f 8409 6796 1501
f 6216 8375 11620
f 6831 4265 11620
f 6831 8492 4265
f 6797 990 3197
f 8492 3476 4265
f 11772 4568 7460
f 2847 11601 7330
f 6868 10777 3212
f 11915 2847 7330
f 810 2062 9290
f 810 5896 2062
f 8257 4568 11772
f 126 1326 9106
f 9106 1326 10319
f 11898 2423 9290
f 1326 3623 10795
f 2423 3917 1639
f 9564 4568 1085
f 3623 1069 10795
f 1639 3917 2109
f 8257 1085 4568
f 9357 279 7164
f 433 8743 5056
f 5862 3757 1085
f 7290 3757 5862
f 1766 7915 6366
f 5731 8897 7290
f 7915 3012 6366
f 4912 7882 9471
f 6366 3356 8802
f 5566 8897 12213
f 6760 3327 7544
f 6760 9394 3327
f 8802 12424 6233
f 2153 9394 6760
f 2153 10318 9394
f 12424 12436 6233
f 11919 8697 1634
f 10191 8291 10317
f 10317 8291 8665
f 8501 11845 4255
f 8501 3257 11845
f 11845 3257 11333
f 9089 6815 8331
f 6815 9089 4611
f 8331 6185 9089
f 5244 6613 11545
f 3910 10004 9369
f 3380 10004 3414
f 9369 2497 7039
f 4437 2497 9369
f 7885 11485 7792
f 2497 6969 7039
f 7342 11485 7885
f 2497 10412 6969
f 7342 12369 11485
f 5776 1581 5244
f 12369 7342 6974
f 12369 6974 12260
f 11763 12260 6974
f 3441 3057 7624
f 7090 11016 7748
f 7090 7748 9514
f 11291 2085 9514
f 12227 2085 11291
f 12227 11531 2085
f 9214 11531 12227
f 11084 9302 10342
f 2538 1735 9480
f 6669 1735 2538
f 9197 158 7742
f 1 158 6696
f 2399 1749 8558
f 8685 10462 3341
f 11029 4298 11323
f 9609 3559 2399
f 5802 6547 9609
f 4580 6610 6696
f 4137 4476 5802
f 11029 2916 4298
f 4476 4137 5638
f 9409 11197 9622
f 4671 10544 3258
f 4476 4446 7383
f 3258 3533 5343
f 7757 11726 6279
f 11573 11726 7757
f 11781 9129 7383
f 7383 4446 11781
f 5343 4301 10482
f 1191 2921 11466
f 11466 2921 2916
f 9269 8370 10989
f 8441 11573 10989
f 7157 11781 5415
f 7157 10111 11781
f 10111 7157 4705
f 4301 8825 7197
f 8370 10764 10118
f 4705 415 11216
f 4705 11216 7525
f 7112 3771 10764
f 10764 3771 10142
f 7112 7789 3771
f 8825 5974 5384
f 3028 5254 1013
f 8010 3028 10647
f 9276 1874 6698
f 5681 7789 9283
f 10818 8010 10647
f 3162 9276 6698
f 1611 3162 6698
f 2124 5051 7789
f 9283 7789 5051
f 1095 10424 2542
f 9130 8010 10818
f 3162 1611 5487
f 5869 10818 10734
f 7340 5487 1611
f 5869 10734 6899
f 5869 6899 4670
f 3831 4670 6899
f 6796 943 1501
f 1501 943 6234
f 2084 7746 7532
f 8375 7746 2084
f 9183 1501 6234
f 7746 8375 6216
f 8189 7680 8409
f 3250 6216 11620
f 11620 4265 3250
f 7680 2859 990
f 9183 8409 1501
f 4265 10684 3250
f 3476 10684 4265
f 8963 3197 990
f 6028 8963 4817
f 8963 6028 3197
f 2859 8963 990
f 11601 3839 3476
f 10777 6868 11871
f 2847 9250 11601
f 9250 3839 11601
f 6028 4817 5896
f 8371 3839 9250
f 2847 7163 9250
f 7163 2847 11915
f 12159 5896 4817
f 10319 7163 9106
f 7163 11915 9106
f 2062 11898 9290
f 2423 2454 3917
f 2423 11898 2454
f 2454 11898 2062
f 1072 2109 3917
f 1069 1172 10795
f 2109 1072 1414
f 9357 11203 279
f 1766 10771 2303
f 1766 2303 7915
f 9471 8743 4912
f 5566 7290 8897
f 3012 3356 6366
f 12213 474 5566
f 7882 12273 12451
f 12424 8802 6945
f 474 12213 10483
f 10483 10258 1287
f 4086 881 21
f 7759 1287 10258
f 2153 4293 10318
f 11506 4293 2153
f 5430 10318 4293
f 5430 4293 9356
f 9356 10191 5430
f 6613 8945 9605
f 9977 3068 8665
f 3068 1344 8665
f 6185 10119 9089
f 11333 646 2073
f 3414 356 1164
f 646 8608 2073
f 7792 3068 7885
f 5244 1581 6613
f 7523 6969 10412
f 8061 1581 5776
f 7031 8061 5776
f 2510 7624 3057
f 7031 11607 8061
f 7031 11763 11607
f 2085 7090 9514
f 11016 670 10253
f 670 11016 7090
f 11084 11710 9302
f 11710 11084 10253
f 11710 10253 2311
f 12220 3569 9214
f 9480 9302 2538
f 2730 9302 11710
f 8645 2538 9302
f 12220 11323 3569
f 9197 7742 6669
f 229 2094 1173
f 10462 229 1173
f 3642 1749 562
f 3642 562 2094
f 229 3642 2094
f 3642 8558 1749
f 8685 229 10462
f 158 7485 6696
f 8685 3341 3152
f 9409 3152 11197
f 2916 676 4298
f 5638 4446 4476
f 10544 7282 3258
f 4446 5638 11273
f 8515 9409 9622
f 3258 7282 3533
f 2916 2921 676
f 8515 9622 6279
f 5415 11781 4446
f 4446 11273 5415
f 8441 6279 11726
f 8441 11726 11573
f 637 5343 3533
f 8753 5343 637
f 8753 4301 5343
f 5415 2908 7157
f 10989 8370 8441
f 8370 2479 8441
f 8753 8825 4301
f 1191 1066 2921
f 415 4705 7157
f 7157 2908 415
f 2479 3276 8441
f 2479 8370 10118
f 5451 1066 1191
f 1013 5451 1191
f 8342 11216 415
f 10764 10142 10118
f 5254 5451 1013
f 7789 5681 3771
f 11216 2833 4630
f 2833 11216 8342
f 6406 5254 3028
f 1874 4630 2833
f 6406 3028 8010
f 1702 6698 1874
f 1874 2833 1702
f 1095 2542 9913
f 8010 3112 6406
f 3112 8010 9130
f 5869 9130 10818
f 1611 4676 7340
f 4676 3209 7340
f 3209 943 7340
f 1665 4670 3831
f 3831 2691 1665
f 2691 3831 8094
f 8094 7532 2691
f 3209 6234 943
f 5941 7249 11871
f 7746 1450 7532
f 8409 9183 8189
f 8189 6433 7680
f 7680 6433 2859
f 11023 6433 8189
f 7746 6216 3944
f 12309 2859 6433
f 6216 3250 12118
f 10684 12118 3250
f 3476 3839 10684
f 1550 8963 2859
f 10684 9191 12118
f 3839 9191 10684
f 1550 2859 786
f 786 2859 12309
f 12309 6433 11023
f 7249 10777 11871
f 1550 4817 8963
f 7163 8371 9250
f 12159 4817 1550
f 10075 7164 10777
f 2062 5896 3024
f 3024 5896 12159
f 10319 1326 9582
f 2454 2062 3024
f 3692 2454 3024
f 10075 9357 7164
f 461 3917 2454
f 1085 10380 9564
f 461 1072 3917
f 9357 10075 6694
f 459 1172 8743
f 10771 1414 604
f 1734 9357 6694
f 10771 604 2303
f 1734 11203 9357
f 9471 459 8743
f 11203 3398 7544
f 2872 7544 3398
f 2872 6760 7544
f 9471 7882 12451
f 3356 6945 8802
f 2872 467 6760
f 1287 474 10483
f 467 2153 6760
f 12436 12424 1612
f 12424 6945 1612
f 467 11506 2153
f 8945 881 4086
f 21 881 12273
f 10258 7471 7759
f 12437 7471 10258
f 7170 7471 12437
f 4293 11506 6173
f 9356 4293 6173
f 12436 12438 4255
f 9356 8291 10191
f 4255 12438 8501
f 6613 10311 8945
f 10411 10311 6613
f 7758 10119 3414
f 10004 356 3414
f 3414 1164 7758
f 8474 821 9977
f 9977 821 3068
f 1581 8755 10411
f 6613 1581 10411
f 3069 7885 3068
f 8608 2793 8111
f 2793 3057 8111
f 7523 7624 8275
f 6400 11763 6974
f 6974 7342 880
f 8991 11763 6400
f 6400 6974 880
f 8991 11607 11763
f 7090 3070 670
f 6527 7090 2085
f 11531 6527 2085
f 670 1901 10253
f 1901 2311 10253
f 3569 11531 9214
f 9302 2730 8645
f 6669 2538 9197
f 12014 7033 3569
f 11323 12014 3569
f 229 11930 3642
f 813 9197 2538
f 11930 229 8685
f 7485 158 9197
f 8558 473 2399
f 9201 9609 2399
f 8685 3152 7107
f 9609 4137 5802
f 10266 3152 10545
f 7107 3152 10266
f 6053 4580 6696
f 10545 3152 9409
f 10544 4671 4580
f 10545 9409 8515
f 9080 3533 7282
f 5415 11273 2908
f 6279 8441 7093
f 3276 116 8441
f 676 2921 6042
f 1066 6042 2921
f 10460 8825 8753
f 415 2908 7547
f 2479 10118 11315
f 8967 5974 8825
f 415 7547 8342
f 5025 8342 7547
f 10142 3771 5606
f 8967 2542 5974
f 5025 2833 8342
f 5681 4868 3771
f 6406 5451 5254
f 5025 7142 2833
f 7142 1702 2833
f 5681 9283 1616
f 11600 6698 1702
f 5051 7961 9283
f 6698 11600 1611
f 7460 7961 5051
f 9283 7961 1616
f 11986 3112 9130
f 11600 7108 1611
f 11986 9130 5869
f 1611 7108 4676
f 5941 11871 10424
f 5869 2244 11986
f 4670 2244 5869
f 4670 1665 2244
f 4834 3209 4676
f 3209 4834 7615
f 1566 1665 2691
f 3209 7615 6234
f 6234 7615 9183
f 9183 7615 228
f 7746 12263 1450
f 7746 3944 12263
f 8189 9183 228
f 3944 6216 12118
f 371 8189 228
f 6258 3944 12118
f 6258 12118 5229
f 5229 12118 9191
f 12019 786 12309
f 203 12309 11023
f 12019 12309 203
f 11023 8189 371
f 3839 7005 9191
f 4568 7961 7460
f 3839 10403 7005
f 8371 10403 3839
f 9100 10777 7249
f 8371 12037 10403
f 8371 7163 12037
f 9100 10075 10777
f 9582 12037 10319
f 7163 10319 12037
f 2292 3024 12159
f 8056 9582 1326
f 3692 3024 2292
f 10795 8056 1326
f 2454 3692 461
f 8056 10795 11497
f 1414 1072 10949
f 10949 604 1414
f 474 235 5566
f 12451 12273 4777
f 235 474 1287
f 881 4777 12273
f 4777 12025 12451
f 467 12287 11506
f 12436 1612 12438
f 10311 11595 8945
f 8945 11595 881
f 11506 12287 6173
f 1634 7170 11919
f 10092 9356 6173
f 8291 9977 8665
f 9356 5573 8291
f 8474 8291 5573
f 8291 8474 9977
f 3257 646 11333
f 7758 9089 10119
f 3289 3910 9369
f 3910 356 10004
f 8266 1164 356
f 1848 821 8474
f 7039 3289 9369
f 821 3069 3068
f 821 12095 3069
f 821 1848 12095
f 1581 8646 8755
f 2793 1793 3057
f 8275 6969 7523
f 3069 12095 7885
f 1793 2510 3057
f 12095 880 7885
f 880 7342 7885
f 306 8061 11607
f 11607 8991 11088
f 8991 6400 11088
f 6400 10586 11088
f 3070 1901 670
f 3070 621 1901
f 9847 3070 7090
f 621 3070 9847
f 6527 9847 7090
f 3569 6527 11531
f 11710 2311 8586
f 7033 6527 3569
f 11710 8586 2730
f 2538 8645 813
f 7033 12014 10276
f 3253 813 8645
f 11614 3642 11930
f 11614 473 8558
f 3642 11614 8558
f 4298 12014 11323
f 7776 9197 813
f 7485 9197 7776
f 473 9201 2399
f 9201 11240 9609
f 11240 4137 9609
f 7485 6053 6696
f 131 10544 4580
f 131 4580 6053
f 7772 10544 131
f 7282 10544 7772
f 6887 10545 8515
f 6279 7093 8515
f 8515 7093 6887
f 9080 891 3533
f 116 7093 8441
f 3533 891 637
f 637 891 11072
f 116 3276 2699
f 2908 3985 2251
f 2251 7547 2908
f 10460 2441 8825
f 2479 11315 636
f 7547 2251 6354
f 2441 8967 8825
f 11315 5606 633
f 11315 10118 5606
f 11445 6042 1066
f 10142 5606 10118
f 5451 11445 1066
f 9393 2542 8967
f 5451 2210 11445
f 5025 7547 308
f 2210 5451 6406
f 9913 2542 9393
f 10029 7142 5025
f 5025 308 10029
f 9830 2210 6406
f 3112 9830 6406
f 12386 9830 3112
f 3112 11986 12386
f 2244 4578 11986
f 7108 10385 4676
f 1665 1201 2244
f 4676 10385 4834
f 1201 1665 1566
f 2691 7532 1566
f 7615 4834 4096
f 9765 4834 10385
f 1450 10183 7532
f 4834 9765 4096
f 6139 1566 7532
f 6139 7532 10183
f 10183 1450 12263
f 3944 6258 12263
f 7615 4096 228
f 4690 10183 12263
f 4690 12263 6258
f 1926 5229 9191
f 7005 1926 9191
f 12348 11023 371
f 10622 371 228
f 203 11023 12348
f 4568 9564 7961
f 1550 5804 12159
f 1550 9764 5804
f 9582 3330 12037
f 12159 5804 2292
f 2028 3692 2292
f 5804 2028 2292
f 1085 3757 10380
f 9420 1072 461
f 461 12395 9420
f 12395 461 3692
f 9420 10949 1072
f 1172 10904 10795
f 604 10949 11205
f 459 10904 1172
f 11205 5116 2303
f 604 11205 2303
f 3444 1734 6694
f 10904 459 9172
f 1699 1734 3444
f 2303 3012 7915
f 5566 3387 7290
f 1699 11203 1734
f 1699 3398 11203
f 9471 9172 459
f 9172 9471 7353
f 235 3387 5566
f 9471 12451 7353
f 3356 7324 6945
f 119 2872 3398
f 8710 1287 7759
f 7327 4777 881
f 4777 7327 12025
f 7471 4234 7759
f 7759 4234 8710
f 11595 7327 881
f 1634 6196 7170
f 5573 9356 10092
f 6815 4611 11178
f 646 3257 4645
f 9089 7758 7659
f 4611 9089 7659
f 9279 3910 3289
f 5216 3910 9279
f 5216 356 3910
f 5216 8266 356
f 7758 1164 9252
f 8266 9252 1164
f 12175 8608 646
f 6969 8275 1229
f 1848 4595 12095
f 2510 8275 7624
f 2291 1581 8061
f 8646 1581 2291
f 12095 6415 880
f 8061 306 2291
f 6415 11086 880
f 10624 880 11086
f 880 10624 6400
f 10586 6400 10624
f 6527 9595 9847
f 9847 9595 621
f 1901 7067 2311
f 1901 6835 7067
f 10869 1901 621
f 6835 1901 10869
f 10869 621 9595
f 7033 9595 6527
f 2311 7067 8586
f 11010 9595 7033
f 5007 9595 11010
f 10276 11010 7033
f 8645 2730 9766
f 8645 9766 3253
f 7107 11930 8685
f 813 3253 6807
f 6807 3253 9766
f 5737 12014 4298
f 3216 1023 7107
f 7107 10266 3216
f 6807 7776 813
f 4298 676 5737
f 7485 244 6053
f 7485 7776 244
f 2365 7776 6807
f 175 10266 10545
f 2283 11273 5638
f 4137 2283 5638
f 244 131 6053
f 7772 131 9772
f 175 10545 6887
f 11273 3985 2908
f 11072 8753 637
f 10460 8753 11072
f 6042 732 676
f 2699 3276 6049
f 6049 3276 2479
f 2479 636 6049
f 815 11315 633
f 9393 8967 2441
f 7547 6354 308
f 2210 4403 11445
f 4868 5606 3771
f 4660 10029 308
f 5606 4868 2173
f 4868 1616 8717
f 4868 5681 1616
f 4868 8717 2173
f 5136 7142 10029
f 7142 5136 1702
f 1095 5941 10424
f 12386 12256 9830
f 7961 8615 1616
f 12386 9887 12256
f 1702 1633 11600
f 1702 5136 6863
f 9887 12386 11986
f 11600 1633 7108
f 1702 6863 1633
f 9679 7108 1633
f 9887 11986 4578
f 2244 5296 4578
f 4578 5296 2984
f 2984 5296 11370
f 10385 7108 9679
f 8615 7961 6904
f 1942 5296 2244
f 2244 1201 1942
f 4768 10385 9679
f 5296 1942 11370
f 9765 10385 4768
f 1942 1201 4121
f 4121 1201 1566
f 4121 1566 9173
f 10183 3772 6139
f 9173 1566 6139
f 6068 6139 3772
f 6068 3772 1750
f 10183 4690 3772
f 6258 2629 4690
f 4096 7828 228
f 7828 4096 9765
f 6258 5229 2629
f 228 12454 10622
f 371 10622 12348
f 12454 228 7828
f 9564 6904 7961
f 786 12019 1550
f 1550 12019 9764
f 12019 203 11144
f 11144 203 12348
f 4527 7005 3745
f 12037 3745 10403
f 3745 7005 10403
f 9764 12019 3251
f 6904 9564 10380
f 3330 3745 12037
f 11725 3330 9582
f 9100 10274 10075
f 9582 8056 11725
f 3757 1157 10380
f 10075 10274 6694
f 9420 12395 11166
f 3444 6694 10274
f 9420 11205 10949
f 10261 1699 3444
f 3356 3012 7324
f 7353 594 9172
f 1699 119 3398
f 9861 2872 119
f 12451 12025 7353
f 8710 235 1287
f 9861 467 2872
f 5394 1612 6945
f 12438 5807 8501
f 67 6173 12287
f 2806 67 12287
f 10411 4005 10311
f 6196 1634 11178
f 67 10092 6173
f 5807 5763 3257
f 8501 5807 3257
f 1634 6815 11178
f 11946 10092 67
f 10092 11946 2866
f 2866 5573 10092
f 12175 646 4645
f 5573 2866 8474
f 11407 6969 1229
f 7039 6969 11407
f 2866 328 8474
f 328 1848 8474
f 3315 2793 8608
f 328 4595 1848
f 2793 3496 1793
f 8275 5578 1229
f 4852 5578 2510
f 8275 2510 5578
f 4595 6415 12095
f 11607 11088 306
f 2408 6415 4595
f 6415 2408 11086
f 12492 11088 10586
f 6986 10586 10624
f 1894 10624 8125
f 10624 11086 8125
f 1894 6986 10624
f 10869 10679 6835
f 10869 5007 10679
f 5007 10869 9595
f 10679 5007 2941
f 7067 11083 8586
f 7067 4959 11083
f 6835 10679 4959
f 7067 6835 4959
f 3440 5007 11010
f 3440 11010 10276
f 11930 1023 11614
f 7107 1023 11930
f 8586 11083 2730
f 11083 4426 2730
f 10276 3403 3440
f 2888 473 11614
f 2730 4426 9766
f 3403 10276 9098
f 12014 9098 10276
f 2378 9766 4426
f 5737 9098 12014
f 6807 9766 2378
f 175 1218 10266
f 1218 3216 10266
f 2365 6807 4058
f 11240 2283 4137
f 244 7776 2365
f 8188 131 244
f 9772 131 8188
f 732 5737 676
f 6345 175 6887
f 7282 3595 9080
f 8585 6345 6887
f 7093 8585 6887
f 891 5068 11072
f 5068 891 9080
f 7093 116 7959
f 5500 10460 11072
f 6042 6888 732
f 10878 2699 6049
f 9518 6354 2251
f 10460 5500 2441
f 2093 6049 636
f 2093 636 11315
f 2441 5500 2589
f 2093 11315 9900
f 11315 815 9900
f 12469 2689 6042
f 2173 633 5606
f 4403 12469 11445
f 11445 12469 6042
f 6354 9518 11864
f 4660 6354 11864
f 6354 4660 308
f 9830 5520 2210
f 4403 2210 5520
f 9830 4640 5520
f 12256 4640 9830
f 1616 8615 8717
f 4033 1095 9913
f 4033 5941 1095
f 12321 12256 9887
f 4578 11903 9887
f 9679 1633 4768
f 2984 11903 4578
f 10597 11370 1942
f 1942 4121 10597
f 4507 9765 4768
f 6139 6068 9173
f 4507 7392 9765
f 9765 7392 7828
f 9100 7249 5941
f 5229 1926 6511
f 6511 1926 4527
f 7005 4527 1926
f 10622 9898 12348
f 11144 3251 12019
f 11144 6237 3251
f 12348 5574 11144
f 11144 5574 6237
f 1649 3745 3330
f 1545 5804 9764
f 8657 1545 9764
f 5804 1545 2028
f 11725 8056 11497
f 2028 12395 3692
f 6904 10380 1157
f 10795 10904 11497
f 9420 11166 5725
f 9420 5725 11205
f 11205 5725 5116
f 5116 3012 2303
f 9172 594 12066
f 12066 594 12109
f 10261 119 1699
f 7353 5797 594
f 3387 235 705
f 7353 12059 5797
f 7353 12025 12059
f 8604 9861 119
f 1612 5394 12438
f 9700 467 9861
f 5101 12287 467
f 6196 9744 7170
f 9744 7471 7170
f 5101 2806 12287
f 6196 11178 7569
f 4645 3257 5763
f 8755 4005 10411
f 4645 5763 9893
f 4611 7659 1624
f 4611 1624 11178
f 12175 4645 9893
f 11407 9279 3289
f 7039 11407 3289
f 2866 11946 6380
f 8755 7199 4005
f 12175 3315 8608
f 6380 328 2866
f 3315 3496 2793
f 8646 7199 8755
f 1229 5578 10895
f 8646 2291 9652
f 328 6380 8595
f 11409 328 8595
f 328 11409 4595
f 2291 306 4693
f 11088 12492 306
f 2408 4595 11409
f 6562 12492 10586
f 8125 11086 2408
f 10586 6986 6562
f 8125 6294 1894
f 5007 3440 2941
f 4872 2941 3440
f 3403 7546 3440
f 4872 3440 7546
f 11614 1023 11065
f 2888 11614 11065
f 4426 11083 3864
f 473 2888 9201
f 2888 812 9201
f 2378 4426 3864
f 812 11240 9201
f 4058 6807 2378
f 244 2365 7284
f 7284 2365 7576
f 11240 7849 2283
f 8188 244 7284
f 732 9098 5737
f 6219 11273 2283
f 3595 7282 7772
f 6219 3985 11273
f 7959 8585 7093
f 8269 11072 5068
f 4530 11072 8269
f 4530 5500 11072
f 732 6888 3076
f 7959 116 2699
f 10878 7959 2699
f 5500 4530 2589
f 6241 10878 5211
f 10878 6049 5211
f 2093 5211 6049
f 2689 6888 6042
f 8417 2441 2589
f 5936 2441 8417
f 2350 815 633
f 2173 11758 633
f 5936 9393 2441
f 5936 9913 9393
f 4135 2173 8717
f 9856 9913 5936
f 5204 8717 8615
f 9856 4033 9913
f 6192 5136 10029
f 12321 4640 12256
f 5136 430 6863
f 430 5136 6192
f 6863 430 10386
f 6863 10386 1633
f 9887 140 12321
f 4768 1633 10386
f 7154 140 9887
f 7154 9887 11903
f 6904 2261 8615
f 2984 7154 11903
f 2984 2415 7154
f 4768 11786 6106
f 12190 5941 4033
f 877 2415 2984
f 2984 11370 877
f 6106 4507 4768
f 4121 10918 10597
f 4121 9173 10918
f 1750 5577 6068
f 4690 1750 3772
f 12190 9100 5941
f 5036 877 11370
f 5036 11370 10597
f 6477 10918 9173
f 9173 6068 7449
f 8463 1750 4690
f 2629 8463 4690
f 5229 7720 2629
f 5229 6511 7720
f 12454 9898 10622
f 9898 5574 12348
f 11725 1649 3330
f 2546 9764 3251
f 2546 3251 6237
f 6134 11725 11497
f 7290 1157 3757
f 10274 10037 3444
f 1892 3012 5116
f 12109 594 2828
f 594 5797 2828
f 705 235 4110
f 7324 7183 6945
f 4110 235 8710
f 12059 12025 7327
f 5394 5807 12438
f 9467 9861 8604
f 9467 9700 9861
f 4005 11595 10311
f 5101 467 9700
f 1576 7319 5763
f 5807 1576 5763
f 11178 1624 7569
f 7319 9893 5763
f 8266 5216 8703
f 1624 7659 8299
f 2806 11946 67
f 12350 9279 11407
f 7758 9867 7659
f 9252 9867 7758
f 7659 9867 8299
f 12175 9893 3315
f 8912 2683 8266
f 8266 2683 9252
f 1229 10895 11407
f 3636 7199 8646
f 8646 9652 3636
f 10895 5578 11113
f 1793 4852 2510
f 6854 5578 4852
f 6854 11113 5578
f 2291 4805 9652
f 4693 4805 2291
f 306 12492 4693
f 163 12492 6562
f 4693 12492 163
f 664 2408 11409
f 163 6562 147
f 664 8125 2408
f 147 1894 6294
f 6986 1894 6562
f 6562 1894 147
f 10896 6294 8125
f 10679 2199 4959
f 3864 11083 2199
f 11083 4959 2199
f 10679 2941 520
f 11065 812 2888
f 11065 1023 9669
f 9669 1023 1003
f 3216 1003 1023
f 7849 11240 812
f 1003 3216 1218
f 2378 2468 4058
f 2378 3864 2468
f 10699 4872 7546
f 4058 7576 2365
f 10235 4058 2468
f 10235 7576 4058
f 7546 9705 10699
f 9705 7546 1896
f 3403 1896 7546
f 8188 4656 9772
f 3588 8188 7284
f 3588 4656 8188
f 3588 7284 7576
f 9098 1896 3403
f 3610 2283 7849
f 3610 6219 2283
f 5276 7772 9772
f 3076 1896 9098
f 11809 1218 175
f 11809 175 6345
f 732 3076 9098
f 8585 11963 6345
f 6345 11963 11809
f 9080 7024 5068
f 8269 5068 936
f 6219 2251 3985
f 8269 936 4607
f 7416 2168 3076
f 7715 7959 10878
f 6888 7416 3076
f 10332 7715 10878
f 8269 3470 4530
f 4530 3470 2589
f 3470 8525 2589
f 5932 2093 9900
f 5932 5211 2093
f 8525 9637 2589
f 12331 7416 2689
f 6888 2689 7416
f 9518 9365 11864
f 815 2350 9900
f 9637 8417 2589
f 9637 1980 8417
f 11758 2350 633
f 11009 2689 12469
f 2760 8417 1980
f 2760 5936 8417
f 4403 11009 12469
f 11758 2173 4135
f 11009 4403 5649
f 5936 2760 9856
f 4403 5520 5649
f 10029 4660 2219
f 6192 10029 2219
f 4135 8717 5204
f 4640 9125 5520
f 8615 3854 5204
f 4033 9856 778
f 12321 9125 4640
f 140 3268 9125
f 2261 3854 8615
f 9125 3268 2235
f 140 9125 12321
f 4768 10386 3806
f 4768 3806 11786
f 12190 4033 778
f 140 7154 10448
f 2415 10448 7154
f 9173 7449 6477
f 6068 5577 7449
f 6106 7264 4507
f 6438 877 5036
f 5036 10597 10918
f 5577 1750 8463
f 2629 12266 8463
f 8463 12266 377
f 2629 7720 12266
f 4507 7264 7392
f 6477 5036 10918
f 4172 6477 7449
f 7264 1283 7392
f 3841 7720 6511
f 3285 12454 7828
f 1283 7828 7392
f 3285 7828 1283
f 687 9100 12190
f 481 6511 4527
f 12454 152 9898
f 12454 3285 152
f 687 10274 9100
f 2503 481 4527
f 2503 4527 3745
f 1649 2503 3745
f 8657 9764 2546
f 6237 1497 2546
f 1649 11725 6134
f 9980 6237 5574
f 9980 5574 4746
f 4746 5574 9898
f 4746 9898 152
f 1545 12395 2028
f 1545 2722 12395
f 6134 11497 907
f 1157 3828 6904
f 2261 6904 3828
f 2722 11166 12395
f 11497 10904 907
f 10037 10274 7210
f 12066 10904 9172
f 1892 5116 5725
f 19 7290 3387
f 7324 3012 6259
f 3444 10037 4463
f 3444 4463 10261
f 2828 5797 10832
f 11101 7324 6259
f 12096 705 4110
f 8710 7752 4110
f 10261 10700 119
f 7183 5394 6945
f 10700 8604 119
f 7752 8710 4234
f 7327 11595 3108
f 5394 7183 9139
f 6606 3108 11595
f 5394 9139 6935
f 5394 6935 1576
f 5807 5394 1576
f 4005 6606 11595
f 9700 7807 5101
f 9279 7213 5216
f 8703 5216 7213
f 6684 1624 8299
f 1624 6684 6295
f 1624 6295 7569
f 7213 9279 12350
f 7213 8912 8703
f 8912 8266 8703
f 2683 9867 9252
f 7807 5820 5101
f 5820 2806 5101
f 5220 9893 7319
f 12350 11407 10895
f 8912 8177 2683
f 9893 1930 3315
f 5820 6193 2806
f 6193 11946 2806
f 6193 5820 11650
f 9652 4805 3636
f 3496 10124 1793
f 1793 10124 4852
f 10895 11113 12475
f 6193 6380 11946
f 6193 8595 6380
f 4805 4693 8850
f 9636 11409 8595
f 8850 4693 3639
f 9636 8595 4717
f 4693 163 3639
f 664 11409 9636
f 147 3639 163
f 3639 147 9916
f 6294 9916 147
f 664 10896 8125
f 3887 12359 10896
f 9916 10896 12359
f 6294 10896 9916
f 664 8325 3887
f 664 3887 10896
f 520 2199 10679
f 4872 10699 2941
f 10699 520 2941
f 11065 9669 12371
f 520 11619 9812
f 11619 520 10699
f 812 11065 12371
f 10235 3685 7576
f 3685 10235 11058
f 11058 10235 2468
f 812 12371 4285
f 7849 812 4285
f 1003 1218 6765
f 258 3588 7576
f 3685 258 7576
f 10699 12435 11619
f 7849 4285 3610
f 9705 12435 10699
f 5276 9772 4656
f 5276 3595 7772
f 9705 10363 12435
f 10363 9705 1896
f 11809 6765 1218
f 7024 9080 3595
f 5424 10363 1896
f 5424 10223 10363
f 3076 5424 1896
f 2168 10223 5424
f 2168 5424 3076
f 7024 936 5068
f 2251 6219 10489
f 8585 7959 7715
f 10489 9518 2251
f 6241 10332 10878
f 9900 3805 5932
f 8525 3470 4951
f 2059 7416 12331
f 2350 3805 9900
f 12331 12054 2059
f 11009 12331 2689
f 11009 12054 12331
f 11938 12054 11009
f 5649 11938 11009
f 12085 9856 2760
f 2219 4660 4752
f 5204 3874 4135
f 5520 8146 5649
f 9125 8146 5520
f 486 5204 3854
f 2892 6192 9552
f 6192 2892 430
f 2235 8146 9125
f 10386 430 3806
f 10480 3268 140
f 2705 11786 10098
f 10098 11786 3806
f 6352 12190 778
f 10448 10480 140
f 11786 2705 6106
f 10448 11090 10480
f 11090 10448 2415
f 877 11090 2415
f 8463 377 5577
f 6106 2705 7264
f 2261 11585 3854
f 6352 687 12190
f 5036 9022 6438
f 6477 9022 5036
f 6477 4172 9022
f 7449 3991 4172
f 12266 3841 377
f 12266 7720 3841
f 8394 6438 9022
f 2929 1283 7264
f 1283 11761 3285
f 2503 1649 6134
f 6237 9980 1497
f 152 3285 11761
f 4746 152 10637
f 10904 12066 907
f 962 5725 11166
f 19 1157 7290
f 12109 2828 11238
f 3012 1892 6259
f 2828 10832 4075
f 5797 12059 10832
f 7324 11101 7183
f 2625 7183 11101
f 7183 2625 9139
f 8796 4110 7752
f 12096 4110 8796
f 7327 3108 12059
f 12059 3108 2131
f 4234 12408 7752
f 12408 8796 7752
f 6935 9139 12308
f 7471 9744 4234
f 6935 12308 1576
f 1576 12308 9487
f 9938 9744 6196
f 9938 6196 7569
f 9467 8604 7705
f 1576 9487 7319
f 8589 9467 7705
f 8589 9700 9467
f 5628 6606 4005
f 6295 3149 7569
f 7569 3149 9938
f 8589 7807 9700
f 4005 7199 5628
f 5171 9487 9352
f 9487 5220 7319
f 7649 8912 7213
f 7649 7213 12350
f 4170 8912 7649
f 6684 11860 6295
f 8589 7394 7807
f 8589 1335 7394
f 7199 3636 5628
f 5220 1930 9893
f 12350 1746 7649
f 7649 1663 4170
f 8177 8912 4170
f 9867 2683 8177
f 6684 8299 11921
f 7394 5820 7807
f 7649 1746 1663
f 4170 6878 8177
f 8177 6878 6064
f 8177 6064 9867
f 9867 6064 5355
f 9867 5355 8299
f 2703 7394 1335
f 1930 11750 3315
f 12350 10895 12475
f 12350 12475 1746
f 7394 11650 5820
f 3315 11750 3496
f 11750 10124 3496
f 6854 4311 11113
f 11113 4311 12475
f 10124 6854 4852
f 10199 4311 6854
f 11650 4717 6193
f 6193 4717 8595
f 3639 6440 8850
f 1143 9636 4717
f 2190 9916 12359
f 3033 9636 1143
f 3033 8325 664
f 3033 664 9636
f 8325 3033 10616
f 7942 12020 3864
f 520 9812 2199
f 9669 10184 12371
f 12020 2468 3864
f 1003 10184 9669
f 7258 12371 10184
f 258 2046 3588
f 5350 11619 12435
f 5276 4656 5711
f 3 10739 6765
f 3 6765 11809
f 681 3 11809
f 6219 3610 8320
f 10489 6219 8320
f 11963 8585 7715
f 2168 1966 10223
f 9365 9518 10489
f 2758 9365 10489
f 5013 3470 8269
f 3193 1966 2168
f 2069 7715 10332
f 6241 2069 10332
f 7416 3193 2168
f 2059 3193 7416
f 4783 3193 2059
f 2350 11762 3805
f 11762 2350 10650
f 11758 10650 2350
f 43 2059 12054
f 8990 43 12054
f 11938 8990 12054
f 4752 4660 11864
f 11551 8990 11938
f 12085 2760 1980
f 1370 11551 11938
f 2219 4752 9552
f 5649 1370 11938
f 9552 6192 2219
f 12085 778 9856
f 8146 1370 5649
f 486 3874 5204
f 3896 1370 8146
f 2235 3896 8146
f 3806 430 5897
f 430 2892 5897
f 3854 11585 486
f 8734 3896 2235
f 877 1465 11090
f 11211 3991 7449
f 5577 11211 7449
f 377 11211 5577
f 3870 377 3841
f 877 6438 1465
f 3324 1465 6438
f 3324 6438 8394
f 11157 4172 3991
f 2546 7839 8657
f 2546 4009 7839
f 11761 1283 2929
f 11585 2261 10285
f 8657 849 1545
f 7839 849 8657
f 9980 5189 1497
f 152 11761 10637
f 2722 1545 1740
f 849 7839 10155
f 4009 2546 1497
f 1740 1545 849
f 5189 9980 2813
f 3828 10916 2261
f 2722 1740 10903
f 12066 11840 907
f 2722 10903 11166
f 1157 19 3828
f 10903 962 11166
f 12066 12109 11840
f 11840 12109 2737
f 12109 11238 2737
f 962 1892 5725
f 705 2701 3387
f 10832 6768 4075
f 6259 12150 11101
f 12024 705 12096
f 10700 10261 4463
f 5621 8796 12408
f 6983 8604 10700
f 6606 12427 3108
f 9744 2974 4234
f 2974 12408 4234
f 6606 5628 12427
f 9487 12308 9352
f 2974 9744 9938
f 6983 7705 8604
f 5220 9487 5171
f 5220 5171 11955
f 3149 6295 752
f 3149 752 9938
f 1335 8589 7705
f 3636 11486 5628
f 5355 11921 8299
f 11860 6684 11921
f 10083 4170 1663
f 9606 4170 10083
f 9606 6878 4170
f 2525 6878 9606
f 2525 6064 6878
f 11921 5355 679
f 1746 6398 1663
f 1663 6398 10083
f 6064 635 5355
f 6064 2525 635
f 5355 635 679
f 2268 8246 11750
f 11750 8246 10124
f 9606 10083 6296
f 2703 4108 7394
f 11486 3636 2675
f 12475 4311 2841
f 12475 2841 1746
f 6398 10873 4755
f 3636 4805 2675
f 6398 2841 10873
f 6398 1746 2841
f 8246 2335 10124
f 2335 6854 10124
f 10199 6854 2335
f 4311 10199 2275
f 4311 2275 11981
f 2841 4311 11981
f 11981 2275 1438
f 7394 3570 11650
f 3570 4717 11650
f 3639 5732 6440
f 6440 5732 7628
f 3639 9916 1905
f 5732 3639 1905
f 2190 1905 9916
f 9632 7352 8325
f 9632 8325 10616
f 8325 7352 3887
f 3033 11230 10616
f 7942 3864 2199
f 2468 1569 11058
f 5350 9812 11619
f 10739 10184 6765
f 10184 1003 6765
f 4656 3588 5711
f 12371 7258 4285
f 12435 6564 5350
f 12435 12481 6564
f 10363 12481 12435
f 5817 4285 7258
f 4285 8320 3610
f 4285 5817 8320
f 10079 7024 3595
f 12481 10363 10223
f 8982 936 7024
f 10223 1966 12481
f 8320 2758 10489
f 5013 8269 4607
f 2758 8320 9367
f 3193 289 1966
f 9365 2758 3955
f 5211 5932 6241
f 4783 289 3193
f 7419 9365 3955
f 5013 4951 3470
f 4951 9637 8525
f 43 4783 2059
f 7419 11864 9365
f 9637 4951 410
f 3976 11864 7419
f 8990 2137 43
f 3976 4752 11864
f 4135 3874 10650
f 4135 10650 11758
f 4339 10650 3874
f 4752 903 9552
f 2496 2892 9552
f 4339 3874 486
f 4339 486 8341
f 2496 5897 2892
f 8341 486 9709
f 10095 7010 12085
f 7010 778 12085
f 3896 7669 1370
f 7669 3896 8734
f 162 7669 8734
f 162 8734 1764
f 3806 5897 6071
f 1764 8734 2235
f 10098 3806 6071
f 6352 778 7010
f 10150 1764 7176
f 7176 1764 2235
f 2235 3268 7176
f 10480 7176 3268
f 7176 9243 10150
f 9243 7176 10480
f 168 687 6352
f 2705 1271 7264
f 9243 10480 10094
f 10094 10480 11090
f 9022 4172 8394
f 6511 481 3841
f 687 168 8178
f 10094 11090 1465
f 8723 1465 3324
f 10669 8394 4172
f 10397 4172 11157
f 2929 7264 12230
f 6134 7625 2503
f 6134 9188 7625
f 8178 7210 10274
f 8178 10274 687
f 9188 6134 907
f 849 10155 7115
f 1497 5189 4009
f 9146 11761 12477
f 10637 11761 9146
f 10916 10285 2261
f 849 7115 1740
f 4746 10637 9146
f 9537 4009 5189
f 7405 9980 4746
f 9123 10903 1740
f 1740 7115 9123
f 9996 10916 3828
f 9996 3828 19
f 6167 962 10903
f 19 3387 2701
f 2828 4075 11238
f 1892 1962 6259
f 1962 12150 6259
f 705 12024 2701
f 11101 12150 3348
f 3348 2625 11101
f 12059 2131 10832
f 5658 12096 8796
f 9139 2625 1752
f 12427 2131 3108
f 1752 12308 9139
f 12244 12408 2974
f 10426 5171 9352
f 12244 2974 9938
f 752 10879 9938
f 10879 12244 9938
f 752 6295 11860
f 4770 752 11860
f 1335 7705 11434
f 11750 1930 5220
f 11750 5220 2268
f 11860 679 4770
f 11860 11921 679
f 4755 10083 6398
f 6296 10083 4755
f 6296 2525 9606
f 6296 635 2525
f 6017 679 635
f 635 3159 6017
f 635 6296 3159
f 2675 4805 1964
f 4755 4516 6296
f 10881 10538 4516
f 10881 4516 4755
f 4755 10873 12062
f 10881 4755 12062
f 2335 11114 10199
f 2275 10199 11114
f 2841 545 10873
f 10873 545 12062
f 4108 3570 7394
f 11981 545 2841
f 12062 545 2207
f 6440 5434 8850
f 11981 1438 545
f 9230 545 1438
f 9230 2207 545
f 121 4717 3570
f 6225 121 3570
f 121 1143 4717
f 121 6625 1143
f 1905 2190 11880
f 2190 8878 11880
f 2190 12359 8878
f 12359 7352 9044
f 7352 12359 3887
f 2290 1143 6625
f 11230 3033 1143
f 6644 9632 10616
f 7352 9632 9044
f 1143 2290 11230
f 11230 6644 10616
f 9812 7942 2199
f 1569 2468 12020
f 3685 11058 2970
f 5711 3588 2046
f 8541 7258 10184
f 8541 10184 10739
f 5276 10079 3595
f 6564 12481 9485
f 8320 5817 11422
f 11963 681 11809
f 10079 8982 7024
f 289 12481 1966
f 8320 11422 9367
f 340 11963 7715
f 340 7715 2069
f 6241 5932 11473
f 4783 6602 289
f 2758 8799 3955
f 3805 7550 5932
f 4951 5013 1600
f 4783 2983 6602
f 3955 8799 7419
f 43 2983 4783
f 4951 1600 410
f 43 2137 2983
f 2762 9637 410
f 6679 9637 2762
f 6679 1980 9637
f 6679 2762 159
f 159 2762 6503
f 159 1980 6679
f 7259 2137 8990
f 4752 3976 903
f 7025 1980 159
f 7025 12085 1980
f 11551 7259 8990
f 6436 9552 903
f 10095 12085 7025
f 1370 5474 11551
f 7669 5474 1370
f 5897 7745 6071
f 6071 5993 10098
f 168 6352 7010
f 9709 486 11585
f 10098 12404 2705
f 11211 2278 3991
f 3870 11211 377
f 3870 6176 11211
f 2705 12404 1271
f 2278 11157 3991
f 2004 9243 10094
f 1465 8723 10094
f 7264 1271 12230
f 2503 7625 481
f 12230 718 2929
f 3132 9188 907
f 10155 9574 7115
f 7839 9537 10155
f 4009 9537 7839
f 4746 9146 7405
f 736 9146 12477
f 907 11840 3132
f 566 9537 5189
f 566 5189 626
f 626 5189 2813
f 2813 9980 114
f 114 9980 7405
f 11840 2737 3132
f 9574 10155 7687
f 7687 10155 9537
f 10903 3520 6167
f 9123 3520 10903
f 7115 9574 8034
f 19 11516 9996
f 8034 9123 7115
f 1962 962 6167
f 3520 9123 8034
f 1962 1892 962
f 4399 6167 3520
f 1962 6167 4399
f 2701 3255 19
f 11516 19 3255
f 12024 3255 2701
f 6514 12024 12096
f 5658 6514 12096
f 2625 3348 6553
f 4463 6983 10700
f 8381 5658 8796
f 5621 8381 8796
f 5658 8381 6809
f 2787 2131 12427
f 515 12308 1752
f 9352 12308 515
f 515 10426 9352
f 12244 5621 12408
f 7466 7705 6983
f 12427 5628 4533
f 10426 11955 5171
f 5628 11486 4533
f 4533 11486 7960
f 7960 11486 2675
f 10879 752 11264
f 7466 11434 7705
f 2268 5220 3572
f 11264 752 4770
f 4855 679 6017
f 4855 4770 679
f 11264 4770 12223
f 11434 2703 1335
f 2675 1964 10226
f 8246 2268 11780
f 6017 8666 4855
f 4770 6157 12223
f 4770 4855 6157
f 11780 10120 8246
f 8666 3159 2248
f 8666 6017 3159
f 8666 6157 4855
f 7719 2703 11434
f 252 6296 4516
f 2248 3159 6296
f 2248 6296 252
f 2248 10769 8666
f 8666 10769 4236
f 6157 8666 4236
f 10538 252 4516
f 2703 7719 2874
f 4805 4436 1964
f 10120 2335 8246
f 10120 5364 2335
f 252 10538 3996
f 252 3996 2248
f 2248 3996 10769
f 4236 10769 9102
f 8850 4436 4805
f 5364 11114 2335
f 10538 10881 12326
f 10538 10202 3996
f 10769 3996 7617
f 10769 7617 9102
f 2703 2874 4108
f 10202 10538 12326
f 3996 10202 7617
f 6225 3570 4108
f 8850 5434 4436
f 729 2275 11114
f 729 1438 2275
f 12062 1559 10881
f 12326 10881 3394
f 12062 2207 1559
f 10881 1559 3394
f 1438 10179 9230
f 2207 9230 1559
f 6440 7628 5434
f 1559 9230 5752
f 9230 10179 5752
f 6225 4212 121
f 11880 6600 1905
f 121 4212 6625
f 4212 7747 6625
f 9044 5228 12359
f 6625 7747 2290
f 9632 6644 7120
f 644 6644 11230
f 2290 644 11230
f 7747 8287 2290
f 644 2290 8287
f 644 11886 6644
f 9812 12020 7942
f 3685 2046 258
f 4190 9812 5350
f 2970 11058 1569
f 3099 5276 5711
f 8541 10757 7258
f 8541 10739 3
f 10757 5817 7258
f 10757 8541 1748
f 10079 5276 2040
f 16 3 681
f 8982 10079 2040
f 10757 11422 5817
f 340 681 11963
f 8982 7347 936
f 9485 12481 479
f 289 479 12481
f 936 7347 4607
f 479 289 8633
f 6602 8633 289
f 8799 2758 9367
f 8949 340 2069
f 6241 5046 2069
f 11473 5046 6241
f 3367 5013 4607
f 1336 5013 3367
f 5932 7550 11473
f 1336 1600 5013
f 2983 8690 6602
f 2983 2501 8690
f 454 2501 2983
f 510 410 1600
f 2137 454 2983
f 7419 8799 971
f 971 3976 7419
f 510 2762 410
f 454 2137 8852
f 11172 2762 510
f 3976 971 903
f 4061 10650 4339
f 11172 6503 2762
f 8852 2137 208
f 7259 208 2137
f 4061 4339 2422
f 4339 8341 2422
f 3037 7025 159
f 3037 10095 7025
f 6436 2496 9552
f 5474 7259 11551
f 9709 8701 8341
f 7010 10095 9413
f 3975 168 7010
f 3975 7010 9413
f 11585 3995 9709
f 5993 12404 10098
f 6176 2278 11211
f 10150 3035 1764
f 9243 2004 10150
f 2004 3035 10150
f 481 2020 3841
f 3995 11585 10285
f 8394 7844 3324
f 2125 10285 6502
f 6507 10094 8723
f 7844 8394 10669
f 2929 718 11761
f 10916 6502 10285
f 3132 3047 9188
f 11761 718 6252
f 12477 11761 6252
f 9996 6502 10916
f 3509 6502 9996
f 114 4917 2813
f 7405 736 114
f 3509 9996 10289
f 3132 2737 7524
f 7687 8034 9574
f 4917 626 2813
f 2737 11238 7524
f 8034 7687 4101
f 7687 9537 566
f 11516 10289 9996
f 8034 4101 1056
f 4101 7687 566
f 10289 11516 11451
f 11238 4075 12461
f 1056 3520 8034
f 5234 3520 1056
f 3446 5234 1056
f 5234 4399 3520
f 3255 11451 11516
f 12083 11451 3255
f 5963 11451 12083
f 4399 11951 1962
f 11951 12150 1962
f 11951 2628 12150
f 4399 5234 3446
f 12024 12083 3255
f 10972 10037 932
f 10972 4463 10037
f 12150 2628 3348
f 10832 10346 6768
f 6514 12083 12024
f 6208 12083 6514
f 3348 2628 6553
f 11281 10972 2294
f 10972 6983 4463
f 11281 6983 10972
f 6809 6514 5658
f 6553 1752 2625
f 11281 1587 6983
f 515 1752 10617
f 1857 8381 5621
f 1587 7466 6983
f 7960 1156 4533
f 4533 1156 2787
f 12427 4533 2787
f 8603 1587 5368
f 8603 7466 1587
f 1857 5621 6774
f 6774 5621 12244
f 10879 6774 12244
f 3572 5220 11955
f 5745 7466 8603
f 2675 10226 7960
f 6774 10879 11264
f 2530 6774 11264
f 2268 3572 11780
f 12088 2530 11264
f 5745 11434 7466
f 12088 11264 12223
f 1964 7613 10226
f 5745 496 11434
f 12088 12223 8726
f 7719 496 399
f 496 7719 11434
f 989 6157 4236
f 6157 8726 12223
f 4236 9102 989
f 8726 6157 989
f 2584 9102 7617
f 1281 9102 2584
f 5364 4886 11114
f 2584 7617 10202
f 989 1281 6099
f 989 9102 1281
f 399 2874 7719
f 4886 729 11114
f 10202 12324 2584
f 2584 1503 1281
f 3394 8972 12326
f 12326 8972 9436
f 12326 9436 10202
f 10202 9436 12324
f 12324 1503 2584
f 729 10179 1438
f 4108 2874 6225
f 5752 3394 1559
f 10297 3394 5752
f 3394 10297 831
f 3394 831 8972
f 9436 5246 12324
f 2874 1285 6225
f 5752 5557 10297
f 7628 5732 9028
f 12324 5246 1503
f 1285 8206 6225
f 831 10297 7962
f 831 4260 8972
f 5732 1905 6600
f 10297 5557 7962
f 831 7962 4260
f 8972 2453 9436
f 6225 8206 4212
f 7962 1579 4260
f 4260 2453 8972
f 4260 6080 2453
f 9436 2453 5246
f 1503 5246 5221
f 12359 5228 8878
f 4260 1579 2136
f 4260 2136 6080
f 5813 2136 1579
f 8206 8547 4212
f 6080 1523 2453
f 6080 2136 1523
f 8547 7747 4212
f 7120 2451 9044
f 7120 9044 9632
f 2136 5813 3752
f 2453 8555 5246
f 2453 1523 8555
f 11886 2451 7120
f 11886 7120 6644
f 2136 3752 1523
f 5246 1852 5221
f 5246 8555 1852
f 10589 7747 8547
f 1523 3752 7191
f 1852 8555 1523
f 11886 644 7380
f 2520 11886 7380
f 7747 10589 8287
f 7380 644 8287
f 8287 2366 7380
f 10589 9429 8287
f 8287 9429 2366
f 3685 2970 2046
f 1569 4362 2970
f 4190 5350 6564
f 992 6564 9485
f 3 7407 8541
f 7407 1748 8541
f 3099 2040 5276
f 16 7407 3
f 1748 7407 6462
f 1748 6462 11942
f 11942 10757 1748
f 681 340 5198
f 11942 11422 10757
f 11422 11942 7474
f 5047 11422 7474
f 9367 11422 5047
f 8949 5198 340
f 9367 5047 2157
f 10594 8949 6015
f 9367 2157 8799
f 5046 11473 7935
f 8690 11213 6602
f 7935 11473 7550
f 8690 6227 11213
f 2501 6227 8690
f 10033 3805 11762
f 10650 4061 11762
f 4672 11172 510
f 6503 11172 2784
f 7259 10666 208
f 2784 159 6503
f 2784 3037 159
f 7259 5474 10666
f 3790 2496 6436
f 8701 2422 8341
f 3790 5897 2496
f 10095 9222 9413
f 7669 155 5474
f 5897 3790 7745
f 8701 9709 3483
f 3483 9709 3995
f 7669 930 155
f 162 930 7669
f 7252 930 162
f 1764 7252 162
f 3841 2020 3870
f 3035 7252 1764
f 7103 11157 2278
f 7103 2278 6176
f 7103 6176 6584
f 6584 6176 3870
f 6584 3870 2020
f 1709 11157 7103
f 6699 10397 11157
f 481 6932 2020
f 7625 6932 481
f 1271 3863 12230
f 3863 1271 12404
f 4172 10397 10669
f 2004 11008 3035
f 11008 2004 7591
f 10094 7591 2004
f 10094 6507 7591
f 8723 2187 6507
f 3324 2187 8723
f 3324 7844 2187
f 7625 3047 6932
f 3047 7625 9188
f 8178 8908 7210
f 718 12230 3863
f 7210 8908 1011
f 3132 7524 3047
f 9146 736 7405
f 8379 7524 11238
f 1011 10037 7210
f 5297 566 626
f 4101 7998 1056
f 4101 566 3895
f 3895 566 5297
f 932 10037 1011
f 7998 4101 3895
f 4075 6768 12461
f 12461 6768 4125
f 2344 3446 1056
f 2344 1056 4975
f 4975 1056 7998
f 5425 2344 4975
f 2294 10972 932
f 6768 2317 4125
f 6768 10346 2317
f 5963 12083 6208
f 1762 4399 3446
f 3446 2344 1762
f 4399 1762 11951
f 1762 2628 11951
f 10346 10832 2131
f 2628 3135 6553
f 5137 2628 1762
f 3135 2628 5137
f 6208 6514 6809
f 5063 11281 2294
f 3135 1752 6553
f 8381 7773 6809
f 5063 1587 11281
f 10617 1752 3135
f 6809 7773 5757
f 7773 8381 1857
f 9251 7773 1857
f 5063 5368 1587
f 515 10617 10426
f 142 5368 5063
f 1156 7960 6802
f 11955 10426 7870
f 6774 9251 1857
f 7960 10226 6802
f 7870 4555 11955
f 4555 3572 11955
f 9251 6774 4813
f 8603 5368 5745
f 4813 6774 2530
f 4871 4813 2530
f 11780 10516 10120
f 12088 3514 2530
f 4871 2530 3514
f 3514 12088 8726
f 12209 3514 8726
f 1964 7492 7613
f 7237 7440 10120
f 6099 12209 8726
f 399 496 5632
f 7492 1964 4436
f 10120 7440 5364
f 989 6099 8726
f 7440 12476 5364
f 5364 12476 4886
f 4436 5434 7492
f 4886 9816 729
f 8213 2874 399
f 8213 1285 2874
f 9816 10179 729
f 1281 6509 6099
f 6099 6509 9064
f 132 6147 10179
f 8213 3318 1285
f 6147 5752 10179
f 5752 6147 5557
f 9064 6509 307
f 59 5557 6147
f 2980 5557 59
f 1503 6509 1281
f 2700 3318 8213
f 3318 8206 1285
f 2980 7962 5557
f 1579 7962 2980
f 6509 1503 5221
f 9199 1579 2980
f 9199 5813 1579
f 8547 8206 3318
f 5221 9115 6509
f 11048 11474 3318
f 3318 11474 8547
f 9044 2451 5228
f 5228 2451 6027
f 2138 3752 5813
f 2138 9690 3752
f 5221 1852 9115
f 11886 6027 2451
f 1900 7191 3752
f 2520 6027 11886
f 1523 7191 1852
f 9115 1852 7191
f 1875 8547 11474
f 8547 1875 10589
f 1875 2924 10589
f 9429 10589 2924
f 2924 9811 9429
f 2924 563 9811
f 9812 10408 12020
f 12020 4362 1569
f 10408 9812 4190
f 5711 2046 6124
f 6124 2046 2970
f 5711 10698 3099
f 6462 12473 11942
f 6462 7407 675
f 675 7407 16
f 5198 16 681
f 12473 7474 11942
f 3367 4607 7347
f 10872 3367 7347
f 479 8633 7506
f 8999 1336 3367
f 5198 10594 11894
f 10594 5198 8949
f 8588 10594 6015
f 6015 8949 2069
f 11213 8633 6602
f 1600 1336 11280
f 3805 10033 7550
f 3581 8799 2157
f 510 1600 11280
f 4061 10033 11762
f 3581 971 8799
f 454 567 2501
f 567 454 8852
f 11420 11172 8620
f 11420 2784 11172
f 7983 3037 2784
f 4653 611 6436
f 611 3790 6436
f 10666 5474 5270
f 10095 3037 9222
f 2706 5474 155
f 7331 168 3975
f 7331 8178 168
f 5993 6071 9531
f 11943 3483 3995
f 6584 2299 7103
f 7331 8908 8178
f 1709 7103 2299
f 5535 2299 6584
f 5535 6584 9798
f 9798 6584 2020
f 1709 6699 11157
f 6932 9798 2020
f 3995 2125 11943
f 6699 8699 10397
f 10285 2125 3995
f 10397 8699 10669
f 12236 9798 6932
f 3047 12236 6932
f 12231 2187 7844
f 7844 10669 8699
f 11838 11008 7591
f 11838 7591 6507
f 3047 7524 12236
f 7524 8379 1491
f 6252 736 12477
f 3509 10289 12449
f 8379 11238 12461
f 7016 5297 626
f 7016 626 4917
f 12449 10289 11451
f 3895 5297 7998
f 11451 11480 12449
f 12461 4125 8379
f 11451 5963 11480
f 1011 1009 932
f 1009 2294 932
f 4125 2317 6303
f 11480 5963 6656
f 2344 5425 3941
f 3941 1762 2344
f 5963 6208 6656
f 2317 10346 4361
f 3941 1803 1762
f 5063 2294 12289
f 12289 2420 5063
f 1762 1803 5137
f 12381 1803 3941
f 6656 6208 1119
f 1119 6208 6809
f 10346 2131 6790
f 6790 2131 2787
f 5137 9491 3135
f 30 5137 1803
f 9491 5137 30
f 5757 1119 6809
f 142 2420 1804
f 2420 142 5063
f 2787 1156 6790
f 9491 10617 3135
f 9491 6206 10617
f 7976 5757 7773
f 6790 1156 4566
f 10426 10617 6206
f 7976 7773 9251
f 142 1804 7979
f 1156 6802 4566
f 6206 6732 10426
f 6732 7870 10426
f 7979 5368 142
f 6802 10226 5949
f 4555 2999 3572
f 7979 5745 5368
f 7613 5949 10226
f 10516 11780 3572
f 4813 4871 9251
f 7979 1549 5745
f 1549 496 5745
f 10516 7237 10120
f 4871 3514 3195
f 1549 1226 5632
f 1549 5632 496
f 5997 7440 7237
f 12209 11402 3514
f 3195 3514 11402
f 6099 9064 12209
f 12209 9064 11402
f 5632 8213 399
f 132 10179 9816
f 7628 823 5434
f 9064 307 8771
f 5632 5799 8213
f 2700 8213 5799
f 5732 6600 9028
f 11880 8878 12484
f 2980 3299 9199
f 8878 5228 12484
f 2700 11048 3318
f 6509 4547 307
f 9115 4547 6509
f 3752 5874 1900
f 9690 5874 3752
f 6027 2520 10440
f 9115 7191 1900
f 11474 11048 1091
f 11474 12048 1875
f 11474 1091 12048
f 1875 12048 9625
f 9625 2924 1875
f 9625 563 2924
f 9811 563 7363
f 12048 9621 9625
f 563 9621 48
f 563 9625 9621
f 563 48 7363
f 12020 10408 4362
f 10078 10408 4190
f 6124 10698 5711
f 4190 6564 6995
f 992 6995 6564
f 7876 2040 3099
f 2681 7876 3099
f 2681 3099 10698
f 11894 16 5198
f 7876 8982 2040
f 11894 675 16
f 5471 7347 8982
f 7876 5471 8982
f 2751 6462 675
f 2751 675 10755
f 10872 7347 5471
f 6462 2751 12473
f 10872 8999 3367
f 7474 12473 4322
f 11213 8754 8633
f 8633 8754 7506
f 378 5047 7474
f 7474 4322 378
f 12113 2069 5046
f 2157 5047 378
f 7972 5046 7935
f 8130 2157 378
f 10260 11213 6227
f 2157 8130 3581
f 4420 4672 510
f 10033 4061 4715
f 4715 4061 2422
f 3581 4413 971
f 208 3170 8852
f 8852 3170 567
f 903 971 4653
f 4653 6436 903
f 2784 11420 7983
f 2422 8701 7467
f 9222 3037 7983
f 5474 2706 5270
f 2149 9413 9222
f 9413 2149 3975
f 930 2706 155
f 930 157 2706
f 9531 6071 7745
f 2309 12404 5993
f 1709 9065 6699
f 9065 1709 4043
f 4043 2299 5535
f 9798 8484 5535
f 10988 8699 6699
f 10988 6699 9065
f 4043 1709 2299
f 9103 8484 9798
f 12404 2309 3062
f 3863 12404 3062
f 5054 3035 11008
f 4043 5535 8484
f 7844 8699 12056
f 9103 9798 12236
f 7844 12056 12231
f 12056 8699 10988
f 3509 9361 6502
f 8154 11008 11838
f 9414 9103 12236
f 9414 12236 1491
f 1491 12236 7524
f 11413 12231 12056
f 9361 3509 12449
f 736 6252 6519
f 1491 8379 10780
f 8379 4125 10780
f 5901 5297 7016
f 5050 10780 4125
f 5297 4244 7998
f 4244 5297 5901
f 5050 4125 6303
f 4975 7998 4244
f 10003 11480 6656
f 4975 11861 5425
f 12289 2294 1009
f 5610 6303 2317
f 2317 4361 5610
f 11753 3941 5425
f 12381 3941 11753
f 1119 10742 6656
f 6790 4361 10346
f 12381 30 1803
f 4361 6790 4566
f 9491 30 2931
f 2931 6206 9491
f 12293 7979 1804
f 3130 4555 7870
f 7613 12488 5949
f 10516 3572 2999
f 1549 7979 12293
f 3191 9251 4871
f 12293 12189 1549
f 12189 1226 1549
f 2575 4871 3195
f 12476 7440 5997
f 12189 8166 1226
f 3934 3195 11402
f 8166 5990 5105
f 1226 8166 5799
f 5799 5632 1226
f 4886 4920 9816
f 8166 5105 5799
f 9064 8771 11402
f 11402 8771 3934
f 8771 10154 3934
f 6147 132 6347
f 9028 3431 7628
f 59 6147 6347
f 8771 3617 10154
f 6347 2980 59
f 307 3617 8771
f 5105 4641 5799
f 5799 4641 4621
f 4621 2700 5799
f 4641 3633 4621
f 8351 3617 307
f 9199 2138 5813
f 6685 2700 4621
f 5387 5228 6027
f 12484 5228 5387
f 8351 307 4547
f 3633 6685 4621
f 6685 11048 2700
f 5387 6027 10440
f 9145 6685 3633
f 1054 5874 9690
f 13 10440 2520
f 13 2520 7380
f 6685 5077 11048
f 9000 9115 1900
f 9115 9000 4547
f 5534 4547 9000
f 5077 1091 11048
f 2366 13 7380
f 9145 5077 6685
f 13 2366 3959
f 9429 9811 2366
f 2366 9811 3959
f 3959 9811 10855
f 9811 7363 10855
f 48 10855 7363
f 1091 3147 12048
f 12048 3147 9621
f 5077 3147 1091
f 9523 48 9621
f 9621 12080 9523
f 3147 12080 9621
f 6124 11681 10698
f 4362 10408 9825
f 9825 10408 10078
f 1605 4190 6995
f 2970 4362 1135
f 1135 4362 9825
f 10698 3837 2681
f 11894 10755 675
f 7876 11288 5471
f 7876 2681 11288
f 9485 9922 992
f 10521 8628 5471
f 8628 10872 5471
f 8628 8999 10872
f 10521 5471 11288
f 10521 11288 8271
f 7506 9922 479
f 9922 9485 479
f 7731 12473 2751
f 12473 7731 4322
f 1249 10755 11894
f 11280 8999 12346
f 1336 8999 11280
f 10594 1249 11894
f 11598 10594 8588
f 12113 6015 2069
f 12113 8588 6015
f 7935 7550 11385
f 378 2860 8130
f 11385 7550 10033
f 8764 510 11280
f 11385 10033 4715
f 4420 510 8764
f 8130 2860 4413
f 4413 3581 8130
f 4420 1113 4672
f 2501 9261 6227
f 567 9261 2501
f 4413 5133 971
f 8620 1113 1409
f 8620 11172 4672
f 8620 4672 1113
f 11420 8620 1409
f 5133 4653 971
f 2422 7467 3349
f 10666 10640 208
f 208 10640 3170
f 8304 7467 8701
f 10666 5270 10640
f 611 8360 3790
f 2149 9222 1211
f 2706 1325 5270
f 157 1325 2706
f 1325 157 5969
f 7745 6681 9531
f 11943 3768 6651
f 930 5490 157
f 9531 2309 5993
f 9531 8857 2309
f 7252 5490 930
f 3768 11943 2125
f 4780 3768 2125
f 9361 2125 6502
f 7331 6630 8908
f 5054 7252 3035
f 9065 7925 10988
f 8895 4043 8484
f 3863 3062 923
f 10126 7252 5054
f 11008 8154 5054
f 4513 7925 9065
f 4513 9065 4043
f 8895 8484 11811
f 11811 8484 9103
f 5980 718 3863
f 4780 2125 9361
f 10988 7925 12056
f 5980 3863 923
f 6630 1011 8908
f 12231 11413 2187
f 7925 11413 12056
f 11413 7925 3722
f 11811 9103 10582
f 9414 10582 9103
f 5980 6252 718
f 9986 1011 6630
f 6507 2187 6283
f 6283 2187 11413
f 161 11413 3722
f 3722 7925 5098
f 5098 7925 4513
f 11838 6507 6283
f 161 6283 11413
f 10780 9414 1491
f 736 5452 114
f 6882 6519 6252
f 11811 10582 10230
f 10780 10582 9414
f 4917 10540 7016
f 5256 4917 114
f 736 6519 5452
f 12449 11480 7424
f 10780 5050 10230
f 10582 10780 10230
f 10540 4917 5256
f 9986 1009 1011
f 11480 10003 7424
f 2578 12289 1009
f 2578 1009 9986
f 11365 10003 6656
f 4975 4244 6119
f 10742 11365 6656
f 2578 2420 12289
f 4975 6119 11861
f 4256 5610 4361
f 2420 2578 8557
f 11753 5425 11861
f 2420 8557 7274
f 4256 4361 1306
f 7274 1804 2420
f 4566 1306 4361
f 10742 5757 8253
f 10742 1119 5757
f 2931 30 2569
f 2569 30 12381
f 4566 9137 1306
f 6802 9137 4566
f 6732 6206 2931
f 8122 6732 2931
f 6802 3858 9137
f 7870 6732 3130
f 6302 5757 7976
f 5949 12488 3858
f 5949 3858 6802
f 2999 4555 3130
f 1804 4485 12293
f 6897 12488 7613
f 10516 2999 2524
f 9251 3191 7976
f 7976 3191 6302
f 6897 7613 6223
f 2575 3191 4871
f 4485 929 12293
f 929 12189 12293
f 7613 7492 6223
f 2575 3934 10629
f 2575 3195 3934
f 2575 10629 3191
f 7492 5434 3693
f 12189 5990 8166
f 5434 3922 3693
f 3922 5434 823
f 4920 132 9816
f 823 7628 3431
f 4920 6347 132
f 1508 5105 5990
f 1508 4641 5105
f 6600 12484 330
f 11880 12484 6600
f 2943 9199 3299
f 1508 10410 4641
f 9199 672 2138
f 5387 330 12484
f 10410 3633 4641
f 5387 10440 5157
f 672 11956 2138
f 2138 11956 9690
f 8351 4547 5534
f 10410 9145 3633
f 3959 10855 8900
f 10410 7529 5301
f 5301 9145 10410
f 10284 10855 48
f 7827 10284 48
f 9145 9059 5077
f 9059 3147 5077
f 9523 7827 48
f 5301 9059 9145
f 5301 9540 9059
f 9059 11352 3147
f 3147 11352 12080
f 4190 1605 10078
f 2970 5172 6124
f 1135 5172 2970
f 9825 8951 1135
f 8951 9825 10078
f 11681 6124 5172
f 10698 11681 3837
f 7354 11681 5172
f 7511 5172 1135
f 11110 1135 8951
f 6995 5748 1605
f 5172 7511 7354
f 11110 7511 1135
f 992 5748 6995
f 8303 2681 3837
f 992 9922 5748
f 2681 8303 11288
f 8303 2728 11288
f 3837 11681 4452
f 4452 11681 7354
f 8271 11288 2728
f 2728 8303 4452
f 4452 8303 3837
f 4431 9922 7506
f 6075 8999 8628
f 6075 12346 8999
f 4680 12346 6075
f 177 4431 7506
f 8754 177 7506
f 2751 2470 7731
f 2470 2751 10755
f 11598 1249 10594
f 5046 414 12113
f 7972 414 5046
f 10260 8754 11213
f 5135 378 4322
f 10395 414 7972
f 7935 1369 7972
f 7972 1369 10395
f 11385 1369 7935
f 8764 12346 9441
f 8764 11280 12346
f 378 5135 2860
f 10395 1369 9500
f 4715 781 11385
f 4420 8764 1939
f 4413 2860 6607
f 656 1113 4420
f 1113 656 2573
f 1409 1113 2573
f 567 2056 9261
f 3170 2056 567
f 4653 5133 6131
f 3170 10640 6437
f 1588 8304 8701
f 1325 6450 5270
f 3790 8360 7745
f 1588 8701 3483
f 7745 8360 5719
f 9736 2149 1211
f 9736 3975 2149
f 4831 1325 5969
f 7745 5719 6681
f 11943 6651 3483
f 7331 3975 9736
f 5969 4946 4831
f 4946 5969 5490
f 157 5490 5969
f 9531 6681 8857
f 5490 357 4946
f 7252 10862 5490
f 357 5490 10862
f 10126 10862 7252
f 11052 10862 10126
f 4043 2491 4513
f 8895 2491 4043
f 9317 9361 12449
f 9361 9317 6224
f 8234 4513 2491
f 1055 8895 11811
f 11307 8154 11838
f 161 4487 6283
f 3722 5098 161
f 5098 4513 8234
f 12382 2491 8895
f 12382 8895 1055
f 1055 11811 3655
f 10230 3655 11811
f 1329 11838 6283
f 4487 161 4081
f 4081 161 5098
f 4081 5098 8234
f 8234 2491 12382
f 4552 12382 1055
f 5256 114 5452
f 4552 1055 1286
f 1286 1055 3655
f 6977 2578 9986
f 3655 7912 1286
f 7912 3655 10230
f 1830 7912 10230
f 6303 1830 5050
f 1830 10230 5050
f 4244 5901 6119
f 7830 7912 1830
f 5610 7830 6303
f 7830 1830 6303
f 5433 6119 5901
f 4256 7830 5610
f 11753 11861 6119
f 11365 10742 8253
f 4256 1306 1610
f 7262 7274 8557
f 1306 4156 1610
f 11753 2358 12381
f 2569 12381 2358
f 8322 4156 1306
f 1306 9137 8322
f 6302 8253 5757
f 7274 7262 9834
f 3858 8322 9137
f 8122 2931 2569
f 7274 9834 1804
f 863 3130 6732
f 8122 863 6732
f 3130 863 5629
f 8007 3858 12488
f 6897 8007 12488
f 3130 2514 2999
f 4485 1804 9834
f 2514 2524 2999
f 12290 2524 2514
f 3191 4668 6302
f 2524 7237 10516
f 2524 3720 7237
f 3191 10629 4668
f 5997 1574 12476
f 2884 12189 929
f 2392 10629 3934
f 12476 1574 4886
f 1574 4920 4886
f 7149 3934 10154
f 1508 5990 12189
f 4141 9028 6600
f 3299 2980 6347
f 672 9199 2943
f 1508 12071 10410
f 5387 5157 4514
f 11956 1054 9690
f 1788 5157 10440
f 1788 10440 13
f 5534 8959 8351
f 1900 6183 9000
f 9000 6183 5534
f 13 3959 1788
f 3959 8900 1788
f 1788 8900 2812
f 4038 10284 955
f 10855 10284 8900
f 8900 10284 4038
f 7529 3789 5301
f 7827 955 10284
f 5301 3789 9540
f 3184 9523 2621
f 7827 9523 3184
f 3789 10275 9540
f 12080 2621 9523
f 9540 11352 9059
f 12080 11352 1261
f 10078 4039 8951
f 8951 4039 9396
f 5782 4039 1605
f 4039 10078 1605
f 5748 5782 1605
f 9396 11110 8951
f 5748 10870 5782
f 7511 11110 7354
f 11110 6905 7354
f 6905 11110 3213
f 11110 9396 3213
f 9922 10870 5748
f 7354 6905 4452
f 6075 8628 10521
f 8271 2272 10521
f 10521 2272 6075
f 2728 9392 8271
f 8271 9392 2272
f 2728 4452 2772
f 2772 4452 6905
f 2772 6905 129
f 10870 9922 4431
f 5358 12346 4680
f 4166 4322 7731
f 7731 2470 4166
f 11030 10755 1249
f 11615 8588 12113
f 414 11615 12113
f 5918 11615 414
f 5358 9441 12346
f 4166 5135 4322
f 781 7001 11385
f 7001 1369 11385
f 7001 9500 1369
f 1939 8764 9441
f 6227 8629 10260
f 10260 8629 8715
f 9261 8629 6227
f 6607 2860 1536
f 656 4420 1939
f 997 781 4715
f 8629 9261 5006
f 5133 4413 6607
f 2422 3349 4715
f 997 4715 3349
f 2056 5006 9261
f 11420 1409 1954
f 7467 723 3349
f 3671 3349 723
f 723 7467 8304
f 6131 2616 4653
f 6437 2056 3170
f 5255 7983 11420
f 2616 611 4653
f 5255 8660 7983
f 5270 6437 10640
f 6450 8410 6437
f 817 7983 8660
f 5270 6450 6437
f 817 1211 9222
f 817 9222 7983
f 8410 6450 696
f 3483 6651 1588
f 10182 1588 6651
f 1325 696 6450
f 9736 1211 5626
f 4831 696 1325
f 5719 5215 6681
f 8881 8857 6681
f 357 12064 4946
f 3424 3062 2309
f 10862 11052 357
f 11052 12064 357
f 9361 6224 4780
f 4780 6224 4421
f 8187 6252 5980
f 1490 5054 8154
f 11307 1490 8154
f 6882 6252 8187
f 7424 9317 12449
f 1329 11307 11838
f 6283 9510 1329
f 12382 4552 8234
f 11307 1329 9510
f 6423 9510 6283
f 6423 6283 4487
f 4487 7426 6423
f 4487 4081 7426
f 8234 7256 4081
f 7256 8234 4552
f 11747 7256 4552
f 11747 4552 1286
f 2055 6423 7426
f 7426 4081 7256
f 10608 5901 7016
f 10608 7016 10540
f 11997 2578 6977
f 11640 7256 5583
f 5583 7256 11747
f 11747 1286 12470
f 12470 1286 7912
f 5583 11747 8903
f 12470 7912 1961
f 7830 1961 7912
f 12470 8903 11747
f 1961 7830 4256
f 6119 2358 11753
f 6119 4708 2358
f 4708 6119 5433
f 8903 12470 1961
f 1610 1961 4256
f 2358 4708 366
f 1961 1610 8903
f 2358 366 2569
f 539 9834 7262
f 8122 2569 8391
f 5952 8322 3858
f 6302 6574 8253
f 5629 2514 3130
f 3720 2524 12290
f 3720 2134 7237
f 2134 5997 7237
f 7492 3693 6223
f 3922 823 10313
f 1574 11374 4920
f 2392 3934 7149
f 2884 1508 12189
f 551 1508 2884
f 3299 6347 11410
f 3617 7149 10154
f 1508 551 12071
f 11410 2943 3299
f 330 4141 6600
f 4514 10935 4141
f 4514 4141 330
f 330 5387 4514
f 4514 5157 10935
f 11956 10211 1054
f 5124 10410 12071
f 2812 5157 1788
f 10211 5285 1054
f 1054 5285 5874
f 5874 5285 1900
f 1167 8959 5534
f 5285 6183 1900
f 5124 7529 10410
f 5534 6183 3143
f 2812 8900 4038
f 6188 8970 5124
f 5124 8970 7529
f 8970 3789 7529
f 3789 8970 3718
f 955 7827 3184
f 3718 10275 3789
f 11352 9540 10275
f 1261 2621 12080
f 2728 3943 9392
f 2772 3943 2728
f 6075 2272 3247
f 4355 9392 3943
f 4680 6075 3247
f 8754 3670 177
f 11598 8397 1249
f 8781 11598 8588
f 8781 11615 10762
f 8781 8588 11615
f 10260 3670 8754
f 5918 10762 11615
f 3670 10260 8715
f 10762 5918 1298
f 915 5918 414
f 1861 9500 7001
f 1861 5260 9500
f 7001 781 1861
f 8629 3906 8715
f 781 997 1861
f 5260 1861 11449
f 10171 2860 5135
f 997 2853 1861
f 10171 1536 2860
f 2853 3046 1861
f 3046 2853 8774
f 8774 2853 3671
f 997 3671 2853
f 6607 1536 12184
f 5006 7536 8629
f 8629 7536 3906
f 6607 5441 5133
f 3349 3671 997
f 1954 1409 2573
f 3671 723 5320
f 2622 5006 2056
f 2616 6131 8354
f 6437 2622 2056
f 723 8304 6883
f 723 6883 5320
f 8304 1588 6883
f 6437 8410 4197
f 1588 10182 6883
f 1869 1211 817
f 10132 4197 8410
f 696 10132 8410
f 8360 8300 5719
f 6651 10190 10182
f 5215 5719 8300
f 11436 10132 696
f 4831 11436 696
f 9736 5626 10352
f 10190 6651 3768
f 10190 3768 1696
f 7331 9736 10352
f 7350 11436 4831
f 4946 7350 4831
f 8881 2318 8857
f 7592 11436 7350
f 8857 2318 2309
f 2309 2318 3424
f 7592 7350 12064
f 12064 7350 4946
f 923 3062 3424
f 1696 3768 4780
f 8258 12064 3203
f 5980 923 11890
f 6977 9986 6630
f 12064 1887 3203
f 1887 12064 11052
f 10126 1887 11052
f 285 5980 11890
f 5054 5919 10126
f 8187 5980 285
f 5919 1887 10126
f 1490 5919 5054
f 6882 8187 9293
f 10003 9317 7424
f 11307 9510 2550
f 6423 2055 9510
f 7426 11640 2055
f 7256 11640 7426
f 5901 10608 3499
f 2905 11640 5583
f 5901 3499 5433
f 11640 2905 2055
f 11997 8557 2578
f 5583 5014 2905
f 5014 5583 7647
f 8903 583 5583
f 8253 6528 11365
f 7262 8557 11997
f 5583 583 7647
f 2266 583 9630
f 9630 583 8903
f 9630 8903 1610
f 4156 9630 1610
f 11855 9630 4156
f 2569 366 8391
f 8322 11855 4156
f 863 8122 8391
f 8007 5952 3858
f 863 9641 5629
f 5629 9641 2514
f 9641 4956 2514
f 12290 2514 4956
f 5997 2134 7886
f 2884 929 4485
f 5997 7886 1574
f 2392 4668 10629
f 11374 1574 7273
f 6347 4920 11374
f 9028 7641 3431
f 823 3431 7641
f 11374 11410 6347
f 12305 7149 3617
f 12305 3617 10206
f 4141 10935 6628
f 2943 1045 672
f 8351 10206 3617
f 10206 8351 8959
f 5157 4792 10935
f 11956 6349 10211
f 5157 2812 4792
f 3549 1167 5534
f 4792 2812 1499
f 5534 3143 3549
f 1499 2812 4038
f 4038 955 11441
f 8970 3933 8807
f 8970 6188 3933
f 8807 3718 8970
f 3184 2621 764
f 4122 9841 10870
f 9392 10967 2272
f 4355 10967 9392
f 2891 2772 129
f 4122 10870 4431
f 3247 1919 4680
f 10967 3247 2272
f 4431 177 10619
f 4680 1919 5358
f 3670 10619 177
f 11030 2470 10755
f 1249 8397 11030
f 11030 8397 4386
f 8781 8397 11598
f 10908 9441 5358
f 8715 8775 3670
f 4166 5023 5135
f 915 414 10395
f 11164 10395 9500
f 11164 915 10395
f 5135 5023 10171
f 8715 3906 8775
f 1861 3046 12140
f 1861 12140 11449
f 12140 3046 6116
f 2167 656 1939
f 2167 1939 9441
f 3046 8513 6116
f 3046 744 8513
f 3046 8774 744
f 6116 8513 911
f 8513 744 911
f 7867 2573 656
f 8774 8618 744
f 744 8618 8106
f 911 744 8106
f 5441 6607 12184
f 6918 8106 9684
f 5006 1662 7536
f 8618 9684 8106
f 5441 6131 5133
f 3671 5320 8774
f 8774 5320 8618
f 2622 11641 5006
f 5006 11641 1662
f 5320 9684 8618
f 5255 11420 1954
f 6131 5441 8354
f 9684 5320 6883
f 9684 9994 4772
f 6883 7338 9684
f 9684 7338 9994
f 6437 11924 2622
f 4197 11924 6437
f 2616 8360 611
f 7338 2845 9994
f 4772 9994 2845
f 8360 2616 11720
f 7338 6883 10182
f 2845 7338 10182
f 8360 11720 8300
f 10132 9167 4197
f 1869 5626 1211
f 10190 2845 10182
f 4772 2845 6201
f 11436 9167 10132
f 10190 8792 2845
f 11727 9167 11436
f 5215 8881 6681
f 1696 8792 10190
f 1561 7331 10352
f 7592 11727 11436
f 6201 2845 8792
f 1561 6630 7331
f 1696 2899 8792
f 8792 2899 9836
f 1696 4421 2899
f 4780 4421 1696
f 2899 4421 1504
f 1561 6977 6630
f 8258 7592 12064
f 3424 9796 923
f 9796 11890 923
f 6224 8519 4421
f 1504 4421 10846
f 10846 4421 8519
f 9317 8519 6224
f 1887 8510 3203
f 5919 8510 1887
f 1889 6519 6882
f 9317 8099 8519
f 8510 5919 2565
f 5452 5533 11191
f 10003 3577 9317
f 3577 8099 9317
f 1490 9786 5919
f 5452 11191 5256
f 2565 5919 9786
f 12028 1490 11307
f 10003 11365 3577
f 9786 1490 12028
f 12028 11307 2550
f 69 9510 2055
f 69 2055 2905
f 2550 9510 69
f 69 2905 5014
f 1276 5014 7647
f 2266 7647 583
f 7041 7647 2266
f 11855 2266 9630
f 366 5227 8391
f 5952 11855 8322
f 8391 5227 863
f 863 5227 9641
f 5650 5952 8007
f 6302 4668 6574
f 539 4485 9834
f 5760 2134 3720
f 8007 6897 4345
f 2649 7886 2134
f 3693 3922 10313
f 11851 551 2884
f 823 7641 10313
f 11410 11374 4560
f 4560 2943 11410
f 10206 5456 12305
f 11851 12071 551
f 11956 672 1045
f 8959 5456 10206
f 3354 12071 11851
f 8959 1167 5456
f 3354 5124 12071
f 11094 10211 6349
f 2944 5124 3354
f 10211 11094 5285
f 5285 10013 6183
f 11094 10013 5285
f 1659 6183 10013
f 3143 6183 1659
f 2944 6188 5124
f 1499 4038 6062
f 4574 3933 6188
f 4038 11441 6062
f 8807 1542 3718
f 3718 1542 8364
f 3184 9665 955
f 3718 8364 10275
f 8364 11352 10275
f 8364 1261 11352
f 5782 10870 9841
f 129 6905 3213
f 1245 4355 3943
f 10619 4122 4431
f 3247 11106 1919
f 11106 3247 10967
f 3670 3645 10619
f 4386 2470 11030
f 10908 5358 1919
f 8797 3645 8775
f 3670 8775 3645
f 2470 5023 4166
f 4786 2470 4386
f 5023 2470 4786
f 10809 8781 10762
f 2167 9441 10908
f 8797 8775 9430
f 5803 5023 4786
f 10171 5023 5803
f 28 1298 5918
f 915 28 5918
f 5260 11164 9500
f 3906 9430 8775
f 10171 5803 5151
f 11449 87 3270
f 11449 12140 87
f 10498 9430 3906
f 1536 10171 5151
f 12140 6116 87
f 10498 3906 7536
f 6116 911 5207
f 1536 5151 9761
f 1536 9761 12184
f 911 3833 5207
f 911 8106 3833
f 4772 6918 9684
f 8106 6918 3833
f 3833 6918 1081
f 5441 12184 9568
f 6918 446 1081
f 6918 4772 1148
f 5441 10105 8354
f 10105 5441 9568
f 6918 1148 446
f 1662 11641 5587
f 4772 5514 1148
f 11924 5587 11641
f 2622 11924 11641
f 8354 10105 11720
f 4772 6201 5514
f 1148 5514 5598
f 817 8660 9501
f 8354 11720 2616
f 11924 4197 10811
f 8300 11720 409
f 8300 409 5215
f 6201 293 5514
f 5514 293 3954
f 1673 9167 11727
f 6201 8792 293
f 8792 9836 293
f 293 9836 8027
f 11727 11654 1673
f 7592 11654 11727
f 2318 9796 3424
f 1504 8027 9836
f 1504 9836 2899
f 8258 11654 7592
f 8258 8332 11654
f 1504 10846 8027
f 11766 11890 9796
f 8510 8258 3203
f 11888 8258 8510
f 3584 11997 6977
f 9293 1889 6882
f 1731 8519 8099
f 5452 6519 5533
f 3584 10685 11174
f 5256 11191 10540
f 11174 11997 3584
f 10540 11191 10608
f 10608 11191 2455
f 11365 6528 3577
f 4600 10608 2455
f 10608 4600 3499
f 2550 1537 12028
f 3499 11381 5433
f 11381 4708 5433
f 11174 7262 11997
f 1537 2550 69
f 5014 8504 69
f 10046 7262 11174
f 69 8504 1537
f 1276 8504 5014
f 366 4708 11381
f 7647 7041 1276
f 366 11381 4685
f 10046 539 7262
f 4685 5227 366
f 1906 7041 2266
f 5227 4685 54
f 3743 2266 11855
f 3743 1906 2266
f 5227 54 1754
f 5952 3743 11855
f 9641 5227 1754
f 1754 4956 9641
f 4956 3720 12290
f 6574 4668 9953
f 7322 4485 539
f 5650 8007 4345
f 2884 4485 7322
f 6897 6223 4345
f 7886 1088 1574
f 1088 7273 1574
f 10313 7641 8815
f 7149 12305 5155
f 5155 12305 5456
f 6066 9028 4141
f 4560 5546 2943
f 4141 6628 6066
f 5546 1045 2943
f 1518 10935 4792
f 6236 11956 1045
f 1518 4792 1499
f 6349 11956 6236
f 5456 1167 524
f 3549 3143 3687
f 3549 3687 1167
f 524 1167 3687
f 10013 8548 1659
f 2087 3143 8848
f 2087 3687 3143
f 11988 6188 2944
f 4574 6188 11988
f 2670 3933 10598
f 3933 4574 10598
f 3933 2670 8807
f 6982 1542 8807
f 2621 1261 2427
f 8364 4757 1261
f 9841 9396 4039
f 9841 1544 9396
f 9841 4039 5782
f 4122 9930 9841
f 10967 4355 1245
f 10619 9930 4122
f 8397 3820 4386
f 8781 3820 8397
f 7223 2167 10908
f 4386 3820 2442
f 4386 2442 4786
f 4786 2442 5803
f 12203 8781 10809
f 1298 10809 10762
f 5260 9438 11164
f 11164 9438 915
f 5803 2442 9032
f 5151 5803 9032
f 5260 2556 9438
f 11449 3270 5260
f 5260 3270 2556
f 656 2167 7867
f 10498 1027 9430
f 5207 87 6116
f 7867 1954 2573
f 1662 10498 7536
f 12184 10835 9568
f 10498 1662 5587
f 1081 446 9566
f 446 2357 9566
f 446 3071 2357
f 8660 5255 12247
f 3071 446 1148
f 9566 2357 1713
f 2357 3071 1713
f 3071 1725 1713
f 3071 7727 1725
f 1148 5598 3071
f 3071 5598 7727
f 5587 11924 10811
f 9501 1869 817
f 5514 4281 5598
f 7727 4153 1725
f 3169 10811 4197
f 409 8276 5215
f 3954 4281 5514
f 8305 3169 9167
f 9167 3169 4197
f 5598 4281 7727
f 4281 3582 7727
f 7727 3582 4153
f 5215 8276 8881
f 4281 3954 3582
f 3582 3951 4153
f 1898 4153 3951
f 11437 9167 1673
f 293 8027 3954
f 3582 3954 2371
f 8027 2371 3954
f 2318 8881 4259
f 8027 3981 2371
f 4259 9796 2318
f 3981 12084 2371
f 3584 6977 1561
f 8027 10846 3981
f 10846 1731 449
f 12084 3981 449
f 3981 10846 449
f 11888 8332 8258
f 8519 1731 10846
f 285 8691 8187
f 8691 285 11766
f 11766 285 11890
f 6519 1889 5533
f 8510 2462 11888
f 2462 8510 2565
f 11191 5533 9885
f 11191 9885 2455
f 6528 8241 3577
f 8241 8099 3577
f 9090 3499 4600
f 12028 1537 9786
f 1537 5657 9786
f 9090 11381 3499
f 1537 8504 5657
f 8253 6574 6528
f 3507 8504 1276
f 3507 1276 7041
f 7322 539 10046
f 7041 1906 10579
f 3743 11823 1906
f 5952 865 3743
f 5650 865 5952
f 9703 3720 4956
f 4345 3133 865
f 4345 865 5650
f 9703 5760 3720
f 4161 2884 7322
f 4161 8439 2884
f 5760 2649 2134
f 6223 6611 4345
f 6611 6223 3693
f 10011 3693 10313
f 2392 8031 4668
f 7149 339 8031
f 7149 8031 2392
f 7149 5155 339
f 6066 7641 9028
f 5155 5456 3259
f 2500 5155 3259
f 3354 11851 6149
f 2500 3259 4261
f 2883 1045 5546
f 5456 7204 3259
f 4261 3259 7204
f 6628 10935 9957
f 5456 524 7204
f 8223 6349 6236
f 6418 6349 8223
f 524 9236 7204
f 7204 9236 6361
f 11094 6349 6418
f 3687 9236 524
f 3143 1659 8848
f 2087 2097 9236
f 2087 9236 3687
f 9236 2097 2644
f 9236 2644 6361
f 1499 6062 6097
f 8848 2097 2087
f 3034 4574 11988
f 2097 12459 2644
f 6931 2670 10598
f 2670 6982 8807
f 11441 955 9665
f 4757 2427 1261
f 2621 1337 764
f 3213 9396 1544
f 3213 1544 4803
f 9023 2891 129
f 9023 129 3213
f 3943 2772 2606
f 1919 11106 7275
f 10908 1919 7275
f 2693 2442 3820
f 12203 2693 3820
f 8781 12203 3820
f 7856 1666 2442
f 2693 7856 2442
f 1582 2167 7223
f 1666 9032 2442
f 1666 2669 9032
f 2556 3270 6003
f 1582 7867 2167
f 2669 5151 9032
f 11692 9438 2556
f 11692 2556 6003
f 3270 87 10942
f 7219 7867 1582
f 2669 9761 5151
f 9761 2669 4272
f 9761 4272 10479
f 10835 9761 10479
f 10835 12184 9761
f 7867 7434 1954
f 1081 947 5545
f 7434 5255 1954
f 947 1081 9566
f 5255 7434 12247
f 7838 947 9566
f 7838 9566 1713
f 6828 9568 10835
f 11392 7838 1713
f 1713 1725 11392
f 8660 12247 9501
f 6828 10105 9568
f 6828 11720 10105
f 11392 1725 7672
f 11670 409 11720
f 11670 11720 6828
f 4153 7672 1725
f 10811 3169 184
f 7672 4153 1953
f 1898 1953 4153
f 8276 10604 12058
f 8305 9167 11437
f 8276 12058 8881
f 10352 10257 1561
f 3582 4207 3951
f 1898 3951 4207
f 3582 2371 4207
f 10257 3584 1561
f 10257 10685 3584
f 2371 12084 4207
f 4207 12084 5443
f 6614 1673 11654
f 1673 6614 3596
f 8332 6614 11654
f 449 6554 12084
f 12084 6554 5443
f 6614 8332 500
f 11888 500 8332
f 449 6365 9943
f 449 1731 6365
f 8705 11888 2462
f 5533 5822 9885
f 9885 5822 3144
f 5822 5533 1889
f 6365 1731 8099
f 2565 7683 2462
f 9740 2455 9885
f 6365 8099 8241
f 2455 9740 4600
f 9740 9885 3144
f 9786 7683 2565
f 7683 9786 5657
f 8504 7965 5657
f 3507 7965 8504
f 54 4685 4430
f 10654 7322 10046
f 4161 7322 10654
f 11922 7041 10579
f 11823 10579 1906
f 1754 54 9752
f 3743 865 11823
f 9752 8877 1754
f 8877 4956 1754
f 4668 8948 9953
f 6611 2355 4345
f 29 2649 5760
f 716 2884 8439
f 4668 8031 8948
f 6611 3693 10011
f 1088 7886 2649
f 8948 8031 10007
f 339 10007 8031
f 716 11851 2884
f 339 5155 2500
f 11851 716 6149
f 6149 716 8846
f 3620 2500 4261
f 6628 9957 6066
f 2883 6236 1045
f 7204 11957 4261
f 1518 9957 10935
f 2883 8223 6236
f 6149 1024 3354
f 11957 7204 6361
f 3354 1024 2944
f 11094 6418 10013
f 10013 6418 1195
f 10013 1195 8548
f 1024 11988 2944
f 1499 6097 1391
f 8548 8848 1659
f 6361 7037 11957
f 12148 11957 7037
f 3034 11988 1024
f 5666 8848 8548
f 10598 12241 7552
f 10598 3034 12241
f 10598 4574 3034
f 5666 2097 8848
f 11684 7037 6361
f 7552 6931 10598
f 6097 6062 6041
f 5666 532 4699
f 5666 4699 2097
f 12459 2097 4699
f 11684 2644 12459
f 2644 11684 6361
f 11441 6041 6062
f 9934 1542 6982
f 3184 12191 9665
f 1542 4757 8364
f 9934 4757 1542
f 2621 2427 1337
f 3213 4803 9023
f 3199 11106 10967
f 10619 3645 6984
f 7275 11106 3199
f 7971 10908 7275
f 10908 7971 7223
f 1193 7856 2693
f 922 28 915
f 9438 922 915
f 1582 7223 7971
f 11692 922 9438
f 4367 7219 1582
f 7174 1666 7856
f 310 10942 87
f 87 5207 310
f 5207 12389 310
f 7219 4367 10906
f 12389 5207 3833
f 10906 1142 7434
f 10906 7434 7219
f 7434 7867 7219
f 12389 3833 1081
f 1081 5545 12389
f 7434 1142 12247
f 10479 4272 9238
f 9238 10835 10479
f 10498 5587 9871
f 9238 6828 10835
f 6828 3364 11670
f 10219 11392 7672
f 184 5587 10811
f 4519 1869 9501
f 1869 4519 7402
f 184 3169 11511
f 7402 5626 1869
f 3169 8305 11511
f 7672 1953 5879
f 5626 7402 10352
f 10352 7402 10257
f 8305 11437 9249
f 12058 4849 8881
f 1953 1898 4207
f 1953 4207 6029
f 4849 4259 8881
f 3596 11437 1673
f 4873 9796 4259
f 4849 4873 4259
f 4633 6029 4207
f 4633 4207 6874
f 9781 5443 6554
f 9781 6874 5443
f 9781 11444 6874
f 5443 6874 4207
f 6874 8448 4633
f 9943 6554 449
f 9781 6554 9943
f 9293 5822 1889
f 9293 8187 8691
f 500 11888 8705
f 3144 8352 9740
f 9943 6365 6089
f 9740 8352 4698
f 9740 4698 4600
f 4600 4698 9090
f 10654 1615 4273
f 10654 10046 1615
f 9090 8683 11381
f 8683 7803 11381
f 11381 7803 4685
f 7803 4430 4685
f 4273 4161 10654
f 11922 3507 7041
f 8120 6528 6574
f 2598 4161 4273
f 11823 741 10579
f 9953 8120 6574
f 3133 741 11823
f 10264 4956 8877
f 10264 9703 4956
f 3133 11823 865
f 8439 4161 2598
f 2355 11532 4345
f 3133 4345 11532
f 9703 29 5760
f 9953 8948 10007
f 2419 2649 29
f 2355 6611 10011
f 5283 10011 10313
f 716 8439 5335
f 5283 10313 8815
f 2500 2506 339
f 7273 10975 11374
f 2500 3620 2506
f 8815 7641 8359
f 11374 10975 4560
f 5335 8846 716
f 10975 5546 4560
f 8846 3261 375
f 7641 6066 8359
f 375 3261 10987
f 6066 9957 6568
f 4261 11957 12370
f 8846 1024 6149
f 12370 11957 11893
f 11957 12148 11893
f 375 1024 8846
f 10987 6074 375
f 6074 3034 1024
f 6074 1024 375
f 12241 6074 5263
f 12241 3034 6074
f 2960 5666 8548
f 2775 12148 7037
f 12241 5263 7552
f 9497 7345 12009
f 7552 7345 6931
f 9497 6931 7345
f 9497 2670 6931
f 5666 2960 532
f 11684 12459 4699
f 4699 4542 11684
f 12191 3184 764
f 2427 9654 1337
f 764 1337 7749
f 9472 9841 9930
f 2891 2606 2772
f 2606 1245 3943
f 2606 5330 1245
f 3199 10967 1245
f 3645 8797 6984
f 2528 7971 7275
f 2528 7275 7918
f 9430 3463 8797
f 1193 2693 12203
f 10809 1277 12203
f 28 10809 1298
f 7971 4367 1582
f 6003 3270 10942
f 7174 2669 1666
f 2851 11692 6003
f 10906 4367 10429
f 8849 310 12389
f 2580 4272 2669
f 8849 12389 5545
f 5545 107 8849
f 5545 947 107
f 12247 11063 4622
f 11063 12247 1142
f 11019 9871 5587
f 10884 9238 4272
f 7444 7838 11392
f 10219 1224 11392
f 9238 3364 6828
f 12247 4622 9501
f 5587 184 72
f 9501 4622 4519
f 7216 409 11670
f 7216 11670 3364
f 4519 1343 6999
f 7672 5879 10219
f 6999 7402 4519
f 6999 9366 7402
f 10604 8276 409
f 11511 8305 6452
f 1953 11711 5879
f 9366 10257 7402
f 11286 12058 10604
f 9366 11289 10257
f 6029 11711 1953
f 11289 10685 10257
f 11289 848 10685
f 4633 2877 6029
f 6978 3596 6614
f 9796 1636 11766
f 8023 11766 1636
f 8928 4633 8448
f 8928 2877 4633
f 848 1615 10685
f 2341 6614 500
f 9781 12076 11444
f 6874 11444 8448
f 1615 11174 10685
f 500 12108 2341
f 9943 12076 9781
f 1615 10046 11174
f 3144 5822 5340
f 3144 6472 8352
f 6089 4424 9943
f 9943 4424 12076
f 3528 4273 1615
f 6528 6479 8241
f 6479 6365 8241
f 3638 2462 7683
f 4698 8683 9090
f 4698 11432 8683
f 6479 6089 6365
f 3638 7683 1795
f 1795 7683 5657
f 8120 6479 6528
f 8683 4883 7803
f 8683 11432 4883
f 7878 4273 4601
f 7878 2598 4273
f 11922 10084 3507
f 4430 7803 4883
f 4430 9752 54
f 7122 8120 9953
f 4601 10788 7878
f 5850 10264 8877
f 9953 1712 7122
f 4601 5153 10788
f 10788 5153 535
f 10788 10912 7878
f 10912 2598 7878
f 10264 5850 29
f 9703 10264 29
f 10912 8439 2598
f 10788 535 11447
f 1712 9953 10007
f 10788 11447 12462
f 10788 12462 10912
f 10007 2506 1712
f 1088 2649 10985
f 2506 10007 339
f 10912 5335 8439
f 12462 3261 10912
f 3261 5335 10912
f 7273 8064 10975
f 12462 6850 3261
f 3261 8846 5335
f 10975 7717 5546
f 12462 11447 5544
f 5544 6850 12462
f 8359 6066 6568
f 12370 3620 4261
f 11893 3620 12370
f 6850 10987 3261
f 8987 6568 9957
f 2883 281 8223
f 11893 12148 11892
f 5544 2548 6850
f 11892 12148 8630
f 2548 9713 6850
f 6850 9713 10987
f 9788 6418 8223
f 6418 9788 6780
f 6418 6780 1195
f 9713 3948 10987
f 1518 1499 1391
f 9329 12181 9713
f 9713 12181 3948
f 3948 2086 10987
f 2086 6074 10987
f 2775 8630 12148
f 5263 6074 2086
f 2950 5263 2086
f 3948 2950 2086
f 9906 5263 2950
f 1195 2960 8548
f 5263 7345 7552
f 7037 11684 2775
f 2775 11684 9840
f 5315 532 2960
f 11684 4542 9840
f 4699 532 4542
f 9934 2427 4757
f 9472 1544 9841
f 5330 4011 1245
f 4011 3199 1245
f 10619 6984 9930
f 7918 7275 6006
f 6006 7275 3199
f 1277 1193 12203
f 1390 1277 10809
f 10809 28 1390
f 2528 4898 7971
f 3939 452 4898
f 452 7971 4898
f 7971 452 4367
f 452 10429 4367
f 6003 1553 2851
f 10942 1553 6003
f 668 10942 310
f 10429 7486 10906
f 7486 1142 10906
f 7486 11063 1142
f 11169 11063 11904
f 11063 7486 11904
f 2580 10884 4272
f 7838 107 947
f 7838 730 107
f 11169 4622 11063
f 7838 7444 730
f 1224 7444 11392
f 6551 1224 10219
f 11169 1343 4622
f 1343 4519 4622
f 5879 574 10219
f 3632 6999 1343
f 3632 9366 6999
f 11711 11869 5879
f 8564 9366 3632
f 8564 11289 9366
f 8305 9249 6452
f 4794 12058 11286
f 11289 8564 12411
f 4794 4849 12058
f 11711 3042 11869
f 6029 3042 11711
f 848 11289 12411
f 9249 11437 3596
f 2877 3042 6029
f 7522 9796 4873
f 4683 848 11589
f 8928 906 2877
f 2877 906 3042
f 906 8928 7951
f 11482 8691 11766
f 11444 56 8448
f 6337 7951 8928
f 8448 6337 8928
f 6337 8448 56
f 848 4683 11462
f 9293 5340 5822
f 12076 6155 11444
f 11444 10552 56
f 11444 6155 10552
f 56 10552 6337
f 3528 848 11462
f 848 3528 1615
f 5340 9293 6980
f 2462 3148 8705
f 3144 5340 6472
f 12076 4424 6155
f 6755 3528 11462
f 4698 8352 9082
f 6755 4273 3528
f 3148 2462 3638
f 4424 6089 1865
f 4698 9082 11432
f 6755 9091 4601
f 6755 4601 4273
f 5657 7965 1795
f 6479 7122 6089
f 1865 6089 7122
f 7122 6479 8120
f 4601 9091 5153
f 3141 4430 4883
f 3141 4883 97
f 11201 5153 9091
f 10084 11922 5608
f 4430 3141 9752
f 3141 7481 9752
f 11922 10579 741
f 9752 7481 8877
f 7481 5850 8877
f 7481 3141 2553
f 2553 3141 97
f 1712 11429 7122
f 11201 11416 5153
f 11532 741 3133
f 5850 6460 29
f 29 6460 2419
f 5153 11416 535
f 2355 2473 11532
f 535 10652 11447
f 12415 2649 2419
f 11416 10431 535
f 10011 5283 9873
f 10431 10652 535
f 10985 8064 1088
f 1088 8064 7273
f 10431 9715 10652
f 9923 4182 8815
f 10431 4428 9715
f 8815 8359 9923
f 10955 11447 10652
f 7300 2506 7267
f 9715 6958 10652
f 10652 6958 10955
f 7717 9121 5546
f 3620 7267 2506
f 10691 9715 4428
f 11819 9715 10691
f 10955 5544 11447
f 9121 281 5546
f 2883 5546 281
f 3620 4077 7267
f 3620 11893 4077
f 8359 6568 2126
f 11893 11892 4077
f 11819 1802 9715
f 9715 1802 6958
f 8987 2126 6568
f 1802 3967 6958
f 11829 9957 1518
f 3967 6254 6958
f 6958 6254 10955
f 10955 2548 5544
f 7371 9788 8223
f 2459 2674 1802
f 1802 2674 3967
f 2674 6254 3967
f 6254 9713 2548
f 6254 2548 10955
f 9823 6780 9788
f 2674 9329 6254
f 9713 6254 9329
f 6780 2098 1195
f 1518 1391 11829
f 2960 1195 2098
f 12181 2950 3948
f 12181 9906 2950
f 8630 2775 2363
f 138 5263 9906
f 138 7345 5263
f 2670 1242 6982
f 9840 2363 2775
f 6041 11441 12191
f 6982 5519 9934
f 9665 12191 11441
f 5742 532 5315
f 532 5742 4542
f 12191 764 7749
f 11715 2606 2891
f 9023 11715 2891
f 4011 5330 3999
f 9930 6984 4584
f 10821 3199 4011
f 3199 10821 6006
f 6984 8797 5316
f 5960 7918 6006
f 9590 2528 7918
f 5960 9590 7918
f 9590 4898 2528
f 9338 1390 28
f 9338 28 922
f 9430 1027 3463
f 452 2197 4128
f 3939 2197 452
f 11692 5318 922
f 774 4128 2197
f 2851 5318 11692
f 4128 10429 452
f 4284 1027 10498
f 1747 2669 7174
f 12226 4128 774
f 12226 8832 4128
f 4128 8832 10429
f 12226 10736 8832
f 2580 2669 1747
f 8849 668 310
f 10736 10262 8832
f 8832 7486 10429
f 668 8849 9203
f 9871 4284 10498
f 10262 9558 8832
f 8832 9558 7486
f 9558 11904 7486
f 107 9203 8849
f 10262 6748 9558
f 9558 6748 11904
f 11870 11169 11904
f 11870 6748 9319
f 6748 11870 11904
f 11870 1343 11169
f 5587 8616 11019
f 72 8616 5587
f 7346 9238 10884
f 2007 11870 9319
f 7346 3364 9238
f 10219 574 6551
f 2007 1343 11870
f 2007 3632 1343
f 2007 4392 3632
f 4392 8564 3632
f 4392 11554 8564
f 8564 11554 12411
f 4794 11286 504
f 11554 9658 11589
f 11589 9658 10045
f 11554 11589 12411
f 1058 9249 3596
f 4794 1008 4849
f 4794 504 1008
f 1008 4873 4849
f 11589 848 12411
f 4873 1008 7522
f 12479 11589 10045
f 11095 3042 906
f 6614 2341 6978
f 11589 12479 4683
f 7951 11095 906
f 11766 8023 11482
f 11095 7951 12315
f 11677 12479 6906
f 12479 11462 4683
f 12479 11677 11462
f 7951 6337 2838
f 8691 6980 9293
f 2838 6337 12026
f 12026 6337 10552
f 7341 500 8705
f 5340 6980 7733
f 12026 10552 10347
f 11677 6755 11462
f 7341 8705 3148
f 6155 5402 10552
f 10552 5402 10347
f 6472 5340 7733
f 6155 10207 5402
f 4424 1865 6155
f 5402 1189 10347
f 12026 10347 1189
f 6906 8790 11677
f 11677 9091 6755
f 6155 1865 10207
f 4222 3148 3638
f 4222 3638 1795
f 8790 9091 11677
f 4593 1795 7965
f 11432 8794 4883
f 8790 11201 9091
f 4593 7965 3507
f 4883 8794 97
f 1865 10300 10207
f 7122 9373 1865
f 9373 10300 1865
f 7362 11201 7502
f 741 5608 11922
f 2553 10449 7481
f 9373 7122 11429
f 9373 11429 1541
f 10300 1541 6812
f 10300 9373 1541
f 11532 2473 741
f 5850 7481 10449
f 6460 5850 10449
f 741 2473 12151
f 7362 11416 11201
f 2506 11429 1712
f 7362 10431 11416
f 2355 10011 9873
f 12415 4283 2649
f 1858 1541 11429
f 4283 10985 2649
f 2506 7300 11429
f 3342 10706 1856
f 10706 10431 7362
f 10706 4428 10431
f 1567 10706 3342
f 4182 5283 8815
f 10975 8064 7717
f 1858 11429 7300
f 5190 2913 7699
f 2913 1567 7699
f 4470 2913 5190
f 1567 10691 10706
f 1567 2913 10691
f 10706 10691 4428
f 2913 4470 11819
f 10691 2913 11819
f 7267 4347 7300
f 7267 4077 4347
f 4077 4733 4347
f 281 11388 8223
f 4077 11892 4733
f 10148 1802 11819
f 8987 9957 11829
f 4733 4870 8357
f 10148 2459 1802
f 10716 2459 10148
f 11892 8630 2609
f 4733 11892 2609
f 6048 2674 2459
f 8630 11718 2609
f 6048 6425 2674
f 6425 9329 2674
f 6425 12181 9329
f 11602 12181 6425
f 8630 7934 11718
f 2363 7934 8630
f 11602 9906 12181
f 1391 6097 373
f 12009 7345 138
f 6097 6041 373
f 12009 6218 9497
f 6218 2670 9497
f 2670 6218 1242
f 1242 5519 6982
f 4573 6041 12191
f 5519 11935 9934
f 7749 9093 12191
f 4542 5742 9840
f 9934 10826 2427
f 10826 9654 2427
f 7749 1337 9654
f 1544 9472 4803
f 11715 3999 2606
f 2606 3999 5330
f 3999 8907 4011
f 6054 4011 8907
f 10821 4011 6054
f 5316 4584 6984
f 5960 6006 2032
f 6006 10821 2032
f 5316 1125 4584
f 3463 5316 8797
f 1277 3781 1193
f 9338 6307 1390
f 1027 9663 3463
f 4898 9747 3939
f 9747 4898 9590
f 1027 4284 9663
f 668 1553 10942
f 11440 10736 12226
f 11395 668 9203
f 10961 2580 1747
f 9203 107 730
f 5513 10262 10736
f 10262 5513 6748
f 10961 10884 2580
f 5513 3749 6748
f 6748 3749 9319
f 6012 5513 10939
f 6012 3749 5513
f 6551 5794 1224
f 6012 4860 3749
f 7448 7346 10884
f 574 5794 6551
f 4860 6012 7645
f 8616 72 3597
f 3597 72 184
f 9319 4088 2007
f 7346 7216 3364
f 3749 4088 9319
f 3749 4860 4088
f 4088 6849 2007
f 6245 1784 4860
f 4860 1784 4088
f 6849 4392 2007
f 4088 1784 6849
f 3597 184 11353
f 184 11511 11353
f 11869 574 5879
f 11869 4408 574
f 710 1784 6245
f 6371 409 7216
f 2053 6371 7216
f 6849 11554 4392
f 2894 10604 409
f 6371 2894 409
f 1784 9658 6849
f 6849 9658 11554
f 5202 1784 710
f 11286 10604 2894
f 1784 5202 9658
f 10418 6452 9249
f 9658 5202 10045
f 12363 1058 3596
f 12363 3596 6978
f 5202 8001 10045
f 9796 7522 5357
f 8001 12479 10045
f 2341 2966 6978
f 1636 9796 5357
f 5202 8503 8001
f 2341 12108 2966
f 8001 6906 12479
f 12319 8023 1636
f 12319 11482 8023
f 2838 12315 7951
f 7341 10282 500
f 11482 6980 8691
f 12315 2838 11777
f 11777 2838 11270
f 12026 11270 2838
f 8001 8790 6906
f 3122 7341 3148
f 11270 12026 1189
f 3292 1189 5402
f 3148 4222 3122
f 8352 2862 9082
f 2862 8352 6472
f 311 8790 8001
f 2507 4222 1795
f 9082 8794 11432
f 8794 9082 2862
f 311 11201 8790
f 1795 4593 2507
f 311 3267 7502
f 311 7502 11201
f 3507 10084 4593
f 10207 3998 5402
f 2790 4593 10084
f 8794 2302 97
f 8794 11442 2302
f 3292 5402 3998
f 2790 10084 5608
f 97 2302 2553
f 2302 10449 2553
f 10300 6812 10207
f 10207 6812 937
f 10207 937 10501
f 10207 10501 3998
f 3998 9391 3292
f 648 2790 5608
f 12151 5608 741
f 10449 1485 6460
f 1554 3267 9832
f 1554 1856 3267
f 3267 7362 7502
f 3267 1856 7362
f 2419 1053 12415
f 7362 1856 10706
f 12151 2473 7973
f 6812 1541 1858
f 5040 1554 9832
f 9873 2473 2355
f 6812 2236 937
f 4283 7040 10985
f 6812 1858 2236
f 10985 7040 7892
f 1554 5040 3342
f 1554 3342 1856
f 5283 4182 9873
f 7892 8064 10985
f 5040 9156 1567
f 5040 1567 3342
f 1858 3186 2236
f 1567 9156 7699
f 11431 7699 9156
f 7892 3936 7717
f 8064 7892 7717
f 3936 9121 7717
f 1858 4347 3186
f 3186 4347 8357
f 281 9121 10702
f 10702 11388 281
f 1858 7300 4347
f 4470 7456 11819
f 8357 4429 671
f 7456 10148 11819
f 4347 4733 8357
f 8357 4870 4429
f 7456 10716 10148
f 7371 8223 11388
f 4870 4733 2609
f 9788 7371 9823
f 9823 2098 6780
f 9823 2967 2098
f 2459 10716 6048
f 2098 2967 3004
f 6425 8872 11602
f 6048 8872 6425
f 1391 6022 11829
f 6022 1391 373
f 3625 2098 3004
f 9906 11602 9965
f 9965 138 9906
f 3625 2960 2098
f 9965 8750 138
f 8750 12009 138
f 3625 5315 2960
f 517 6218 12009
f 10548 2363 9840
f 373 6041 4573
f 2636 9654 10826
f 2688 9093 7749
f 12191 9093 11723
f 5742 2230 9840
f 10826 9934 11935
f 9654 2636 2688
f 9654 2688 7749
f 9472 8711 4803
f 11715 8711 12131
f 11715 9023 8711
f 8711 9023 4803
f 9930 2820 9472
f 4584 2820 9930
f 11503 3999 12131
f 11503 8907 3999
f 4584 1125 2820
f 12471 8907 11503
f 6054 8907 12471
f 6054 2032 10821
f 10210 7856 1193
f 9590 5960 9169
f 7174 7856 10210
f 922 6307 9338
f 9747 2197 3939
f 4104 9747 9590
f 5318 6307 922
f 6079 4284 9871
f 6079 11019 4638
f 9871 11019 6079
f 11440 7537 5513
f 10736 11440 5513
f 5842 11395 9203
f 9203 730 5842
f 2310 7537 11440
f 730 7444 10590
f 7537 10939 5513
f 4638 11019 5806
f 7444 1224 10590
f 1224 5794 10590
f 6012 10939 4352
f 6012 4352 3337
f 5806 11019 8616
f 7448 8989 7346
f 6012 3337 7645
f 574 4408 5794
f 7645 3337 4133
f 7645 6245 4860
f 7645 4133 4407
f 7645 4407 6245
f 8457 4407 4133
f 4407 10478 6245
f 6245 10478 710
f 10391 11353 6452
f 11353 11511 6452
f 10418 10391 6452
f 10478 2450 710
f 11764 5201 4407
f 4407 5201 10478
f 11286 3937 504
f 9249 1058 10418
f 5529 11869 3042
f 11095 5529 3042
f 5201 1469 10478
f 10478 1469 2450
f 710 2450 5202
f 1008 504 2658
f 5201 11764 11031
f 5201 11031 1469
f 1469 6798 2450
f 2966 12363 6978
f 6798 5202 2450
f 1008 2658 7522
f 8155 5357 7522
f 11095 7657 5529
f 5202 6798 8503
f 12315 7657 11095
f 1469 7899 6798
f 12108 4764 2966
f 1469 11031 7899
f 12315 11777 7657
f 7899 8587 6798
f 6798 8587 8503
f 8503 311 8001
f 8587 7899 127
f 10282 12108 500
f 6980 6814 7733
f 6814 6980 11482
f 7341 8220 10282
f 7341 3122 8220
f 4933 6472 7733
f 7733 6814 4933
f 11777 11270 12036
f 8503 8587 311
f 6472 4933 2862
f 12036 11270 10806
f 3292 10806 1189
f 1189 10806 11270
f 8587 127 11293
f 2507 3122 4222
f 127 5592 11293
f 8587 11293 311
f 2862 11442 8794
f 2333 1319 5592
f 2507 2790 5989
f 2790 2507 4593
f 1319 10814 5592
f 311 11293 3267
f 2790 648 3436
f 9391 10806 3292
f 5592 9832 11293
f 12151 648 5608
f 5592 10814 9832
f 2188 210 648
f 2188 648 12151
f 1485 10449 2302
f 10501 9391 3998
f 11293 9832 3267
f 10501 4202 9391
f 6460 1053 2419
f 10501 937 4202
f 10814 1319 12493
f 12493 5040 10814
f 10814 5040 9832
f 12151 7973 2188
f 9873 7973 2473
f 5245 4283 12415
f 5245 7040 4283
f 937 529 4202
f 937 5828 529
f 5097 7973 9873
f 4202 529 6390
f 9873 4182 5097
f 2236 5828 937
f 11431 5190 7699
f 1144 5190 11431
f 2236 3186 5828
f 5828 2821 529
f 9923 2495 4182
f 5022 4470 5190
f 7058 4470 5022
f 8359 6776 9923
f 8357 671 3186
f 3186 671 5828
f 5828 671 2821
f 8359 2126 6776
f 7058 7456 4470
f 10702 2478 11388
f 4429 1035 671
f 8987 11372 2126
f 7906 11372 8987
f 2478 7371 11388
f 5486 4870 6518
f 4870 5486 4429
f 6518 11718 301
f 2609 11718 6518
f 2609 6518 4870
f 8987 11829 11834
f 7934 8163 301
f 7934 301 11718
f 10716 9206 6048
f 6022 11834 11829
f 7934 2204 8163
f 8872 6048 9206
f 10548 2204 7934
f 8872 9965 11602
f 2363 10548 7934
f 8750 517 12009
f 6218 5359 1242
f 517 5359 6218
f 10548 9840 2230
f 12191 11723 4573
f 8711 9472 1426
f 2820 1426 9472
f 11715 12131 3999
f 2032 9963 5960
f 1125 5549 3269
f 3463 5549 5316
f 5316 5549 1125
f 3781 10210 1193
f 1277 1390 9389
f 9963 9169 5960
f 2356 9389 1390
f 2356 1390 6307
f 9663 5549 3463
f 9169 4104 9590
f 7174 122 1747
f 9747 4104 2197
f 7253 774 2197
f 4104 7253 2197
f 6079 9663 4284
f 1553 668 6095
f 7253 12226 774
f 4923 9663 6079
f 9207 6095 11395
f 6095 668 11395
f 12226 5565 11440
f 9960 2310 5565
f 2310 11440 5565
f 4638 4923 6079
f 11395 5842 7365
f 10590 5842 730
f 7448 10884 10961
f 10096 10939 7537
f 10096 4352 10939
f 5066 10590 5794
f 3597 5806 8616
f 4133 3337 4352
f 11353 506 3597
f 4408 11869 5584
f 10391 506 11353
f 8457 3977 5672
f 8457 5672 3174
f 11869 5529 10760
f 3174 4407 8457
f 11764 4407 3174
f 2894 3937 11286
f 3937 2894 11371
f 12363 12155 1058
f 504 3592 2658
f 11696 5529 7657
f 4764 12155 12363
f 4764 12363 2966
f 7522 2658 8155
f 11031 11764 7138
f 11764 3174 7138
f 4764 2095 1982
f 12108 2095 4764
f 5357 7822 1636
f 7822 12319 1636
f 11031 8582 7899
f 8582 127 7899
f 11777 2416 7657
f 7138 8582 11031
f 10282 2095 12108
f 553 8582 12243
f 8582 7138 12243
f 8220 9896 10282
f 4330 6814 11482
f 12036 4548 11777
f 11777 4548 2416
f 3594 8582 553
f 9896 8220 5885
f 4933 6814 4982
f 12036 8036 4548
f 8582 3594 2333
f 8582 2333 127
f 4933 5800 2862
f 3122 2507 8220
f 8220 5989 5885
f 5989 8220 2507
f 127 2333 5592
f 7161 2862 5800
f 2790 856 5989
f 11442 2862 7161
f 10806 8036 12036
f 5203 856 3436
f 3436 856 2790
f 10806 7006 8036
f 9391 7006 10806
f 11442 10749 2302
f 210 3436 648
f 1485 2302 10749
f 9391 4134 7006
f 6460 1485 1053
f 4202 4134 9391
f 11431 9156 12493
f 1053 5245 12415
f 6390 4134 4202
f 9156 5040 12493
f 10486 7040 5245
f 7973 210 2188
f 7040 7124 7892
f 1144 11431 7224
f 7973 5097 210
f 5267 210 5097
f 12215 6390 529
f 3194 5097 4182
f 2821 792 529
f 529 792 12215
f 4182 2495 3194
f 9923 6776 2495
f 671 1035 2821
f 4429 8038 1035
f 11372 10670 2126
f 8038 4429 5486
f 2478 10626 7371
f 348 10626 7382
f 7371 10626 9823
f 10626 2967 9823
f 5956 5553 2967
f 7906 8987 11834
f 5553 12198 2967
f 3625 3004 12198
f 12198 3004 2967
f 2204 3564 8163
f 3625 12198 2117
f 5742 3625 2117
f 2230 5742 2117
f 10548 2230 2204
f 9698 5519 1242
f 5359 9698 1242
f 5315 3625 5742
f 2678 11723 9093
f 11723 2678 4573
f 5519 8772 11935
f 1426 1563 8711
f 11503 12131 11250
f 1125 10384 2820
f 11503 4856 12471
f 11925 10384 1125
f 3781 1277 9389
f 6054 9963 2032
f 3269 11925 1125
f 3527 9169 9963
f 11346 122 7174
f 9169 5365 4104
f 3269 5549 78
f 4923 5549 9663
f 3369 1747 122
f 5848 11271 6307
f 5848 6307 5318
f 2851 5848 5318
f 1747 3369 10961
f 5549 4923 78
f 12429 2851 1553
f 12429 1553 6095
f 2384 6095 9207
f 5565 12226 7253
f 5565 9794 9960
f 4638 3125 4923
f 7365 9207 11395
f 10590 7365 5842
f 7448 10961 9284
f 2310 10096 7537
f 5806 4795 4638
f 4638 4795 3125
f 9284 8989 7448
f 8989 9284 6891
f 5806 1402 4795
f 3597 1402 5806
f 7346 8989 10405
f 4352 1138 4133
f 10405 7216 7346
f 1967 5794 5584
f 4408 5584 5794
f 4133 1138 3977
f 506 1402 3597
f 3977 8457 4133
f 11869 10760 5584
f 10391 11733 506
f 2053 11812 6371
f 10418 11733 10391
f 6371 11812 11371
f 1968 3174 5672
f 11371 2894 6371
f 9759 3174 1968
f 10418 11667 11733
f 1058 11667 10418
f 8729 11667 1058
f 3937 4961 504
f 11696 10760 5529
f 12155 8729 1058
f 3592 504 4961
f 7657 3893 11696
f 12243 7138 9759
f 9759 7138 3174
f 12243 9759 12050
f 2416 3893 7657
f 3893 2416 8631
f 12243 12050 553
f 10842 11482 12319
f 10282 10349 2095
f 9896 10349 10282
f 11482 10842 4330
f 6814 4330 4982
f 9896 5885 11571
f 4933 3233 5800
f 2019 4548 8036
f 4462 2333 3594
f 3233 4933 4982
f 5800 3233 7161
f 10293 5885 5989
f 4462 1319 2333
f 856 10293 5989
f 5203 10293 856
f 5203 1017 10293
f 7161 767 11442
f 1017 5203 11917
f 11917 5203 3886
f 3436 3886 5203
f 11442 12079 10749
f 12079 11442 767
f 210 3886 3436
f 4316 12493 1319
f 11917 3886 2607
f 2205 1485 10749
f 10749 6934 2205
f 6934 10749 12079
f 8676 7006 4134
f 2607 3886 210
f 2205 1053 1485
f 1053 2205 5245
f 12493 7224 11431
f 5245 2205 10486
f 6390 9888 4134
f 12215 9888 6390
f 8369 1144 7224
f 2607 7369 11917
f 5267 2607 210
f 2607 5267 7369
f 3194 5267 5097
f 3936 9904 9121
f 1144 5022 5190
f 9904 10702 9121
f 3194 2495 5539
f 2821 1035 792
f 792 1035 8038
f 7058 6587 7456
f 10670 6776 2126
f 1367 2478 10702
f 9287 5486 5798
f 2478 3291 10626
f 10626 3291 7382
f 2493 301 8163
f 301 2493 6518
f 6518 5798 5486
f 6094 10716 7456
f 10626 348 5956
f 10626 5956 2967
f 5790 8163 3564
f 6094 9206 10716
f 6094 10021 9206
f 5553 8096 12198
f 12430 8096 10843
f 12198 8096 12430
f 10021 8596 9206
f 2117 12430 10843
f 8596 8872 9206
f 8596 9965 8872
f 373 1047 6022
f 2204 10843 3564
f 2117 10843 2204
f 652 8750 9965
f 12430 2117 12198
f 8858 517 8750
f 4573 1047 373
f 8858 5359 517
f 2230 2117 2204
f 9698 8772 5519
f 247 11935 8772
f 247 10826 11935
f 8711 1563 12131
f 1563 10496 12131
f 12131 10496 11250
f 1426 10496 1563
f 10384 10496 1426
f 2820 10384 1426
f 11250 4758 11503
f 11503 4758 4856
f 10496 6751 294
f 6751 10496 10384
f 11925 6751 10384
f 9389 1118 3781
f 12471 9963 6054
f 12471 4856 1256
f 11151 6751 11925
f 10210 11346 7174
f 3269 11151 11925
f 7105 9169 3527
f 3269 78 11151
f 8169 122 11346
f 11271 2356 6307
f 7105 5365 9169
f 2851 6624 5848
f 2014 78 4923
f 6624 2851 12429
f 3125 2014 4923
f 9284 10961 3369
f 9284 3369 11277
f 12441 9207 7365
f 10096 2310 9960
f 10590 674 7365
f 10590 5066 674
f 3125 4795 10500
f 6891 9284 11277
f 1967 5066 5794
f 1138 4352 4002
f 6891 11277 7078
f 6891 10405 8989
f 10405 2053 7216
f 6110 5584 10760
f 7770 506 11733
f 1968 5672 419
f 9099 11733 11667
f 9117 10760 11696
f 1968 419 11977
f 12155 4315 8729
f 11977 9759 1968
f 1982 2508 4764
f 2508 12155 4764
f 8155 2658 10325
f 11977 12050 9759
f 11977 11674 12050
f 10842 12319 7822
f 3594 553 11239
f 291 3594 11239
f 4548 2019 8631
f 11571 10349 9896
f 291 4462 3594
f 11571 6773 10349
f 9528 11571 5885
f 10293 9528 5885
f 3233 4982 12253
f 4316 4462 291
f 7006 2019 8036
f 1017 9528 10293
f 4316 1319 4462
f 2019 7006 8676
f 4250 1017 11917
f 4250 11917 9368
f 4134 5765 8676
f 578 7224 12493
f 4134 9888 5765
f 7040 11702 7124
f 10486 11702 7040
f 7369 9368 11917
f 7892 7124 11628
f 7369 11262 9368
f 11628 3936 7892
f 8049 3936 11628
f 8049 9904 3936
f 4331 5022 1144
f 3194 11262 5267
f 5267 11262 7369
f 11404 11262 5539
f 5539 11262 3194
f 10649 10702 9904
f 11564 2495 6776
f 5539 2495 11564
f 3317 2478 1367
f 10670 11564 6776
f 11504 8038 9287
f 8038 11504 792
f 5486 9287 8038
f 6587 6094 7456
f 5956 348 4828
f 5956 4828 4287
f 5956 4287 5553
f 2493 8163 7963
f 2493 5798 6518
f 11834 3615 7906
f 3615 11372 7906
f 10843 8096 2869
f 3564 2869 5790
f 5790 7963 8163
f 10843 2869 3564
f 9248 8596 10021
f 652 8596 9248
f 6022 11206 4893
f 6022 4893 11834
f 652 9965 8596
f 6448 10826 9179
f 247 9179 10826
f 10826 6448 2636
f 3407 11250 10496
f 294 3407 10496
f 11250 3407 4758
f 7083 3407 294
f 1118 10210 3781
f 6751 7083 294
f 1118 3451 10210
f 11346 3451 10751
f 10210 3451 11346
f 2639 1118 9389
f 9389 2356 2639
f 2356 11558 2639
f 3527 9963 12471
f 3527 12471 8294
f 8169 11346 10751
f 11271 11558 2356
f 3369 122 8169
f 7931 11271 5848
f 7931 5848 6624
f 5365 6264 4104
f 2014 5131 78
f 78 5131 11151
f 3369 8169 3892
f 2384 12429 6095
f 6264 5565 7253
f 5192 6624 12429
f 3125 10500 2014
f 3369 3892 11277
f 10304 12441 7365
f 7602 10096 9960
f 7365 674 10304
f 5066 6718 674
f 4635 4352 10096
f 4795 1402 10500
f 4002 4352 4635
f 5066 1967 4317
f 6891 7078 4903
f 5584 6110 1967
f 5413 3977 10620
f 10620 3977 1138
f 506 5618 1402
f 4903 10405 6891
f 5413 5672 3977
f 7770 5618 506
f 4903 2053 10405
f 5672 5413 419
f 4903 11812 2053
f 11733 9099 7770
f 5699 11371 11812
f 11667 6163 9099
f 8729 6163 11667
f 11696 3893 9117
f 8729 4315 6163
f 11674 11977 419
f 12155 9171 4315
f 2658 3592 10325
f 2508 9171 12155
f 8155 1800 5357
f 1800 7822 5357
f 11239 12050 11674
f 2434 2508 1982
f 11239 553 12050
f 4548 8631 2416
f 1982 5273 2434
f 291 11239 8158
f 10349 1982 2095
f 10349 5273 1982
f 8480 4330 10842
f 6773 5273 10349
f 4982 4330 8480
f 3233 12253 2826
f 291 2736 4316
f 3233 2826 7161
f 7161 2826 767
f 2826 8528 767
f 1017 9580 9528
f 8676 8470 2019
f 12079 767 8528
f 8676 5765 8470
f 4250 9580 1017
f 12079 4900 6934
f 4250 38 9580
f 6228 2205 6934
f 6934 4900 6228
f 4250 3077 38
f 3077 4250 9368
f 6228 10486 2205
f 3988 10486 6228
f 9418 3077 9368
f 11702 11628 7124
f 12215 792 12262
f 11404 1672 9418
f 11404 9418 9368
f 11404 9368 11262
f 11404 11699 1672
f 11504 11771 792
f 11404 11564 7966
f 11564 11404 5539
f 4508 11564 10670
f 3438 4828 7382
f 7257 4828 3438
f 9287 4292 11504
f 5277 4508 10670
f 5277 10670 11372
f 348 7382 4828
f 4828 7257 4287
f 4287 7257 1291
f 1291 8096 4287
f 2493 7963 4151
f 2493 4151 5798
f 5798 4151 9287
f 8096 5553 4287
f 10776 3615 11834
f 5277 11372 3615
f 6094 317 10021
f 317 9248 10021
f 1047 9005 11206
f 1047 11206 6022
f 652 8858 8750
f 4573 9502 1047
f 9502 2678 9561
f 2678 9502 4573
f 9561 9093 2688
f 9093 9561 2678
f 11433 247 8772
f 4583 3451 1118
f 10751 3451 4583
f 2639 4583 1118
f 8294 12471 1256
f 1256 4856 8931
f 10751 4583 8966
f 11151 7083 6751
f 634 8169 10751
f 8046 8169 634
f 8026 11558 12413
f 7931 12413 11271
f 12413 11558 11271
f 11151 12295 7083
f 5131 12295 11151
f 8046 3892 8169
f 6264 7253 4104
f 7931 6624 5192
f 6264 9794 5565
f 12441 2384 9207
f 8046 11277 3892
f 9794 7602 9960
f 674 6326 10304
f 5066 2 6718
f 11277 8046 7078
f 4317 2 5066
f 10620 1138 4002
f 4903 7078 1460
f 1967 6110 4317
f 4903 1460 8600
f 4903 8600 11812
f 11644 6110 10760
f 7770 9099 9907
f 5699 11812 8600
f 9117 11644 10760
f 4144 3937 11371
f 4144 11371 5699
f 4315 508 6163
f 1728 9117 3893
f 4961 6172 3592
f 3893 8631 10820
f 8155 3909 1800
f 2508 9292 9171
f 2434 9292 2508
f 5273 654 2434
f 2019 7612 8631
f 11448 5273 6773
f 11448 654 5273
f 11448 260 654
f 11571 11448 6773
f 12253 6860 2826
f 9528 11448 11571
f 9580 11448 9528
f 9424 8528 2826
f 4316 2736 578
f 173 11448 9580
f 173 260 11448
f 8528 4900 12079
f 578 12493 4316
f 6300 173 38
f 38 173 9580
f 6187 6300 38
f 9418 6187 3077
f 3077 6187 38
f 12215 6467 9888
f 10854 6187 1672
f 9418 1672 6187
f 11702 5894 11628
f 3505 4331 1144
f 8369 3505 1144
f 5894 12383 11628
f 11628 12383 8049
f 4045 8049 12383
f 9904 8049 10649
f 8049 4045 10649
f 792 11771 12262
f 1367 10702 10649
f 10649 3317 1367
f 10457 7058 5022
f 10457 6587 7058
f 7966 11699 11404
f 3291 3317 309
f 3291 2478 3317
f 7166 11699 7966
f 7464 5324 1291
f 2024 5324 7464
f 4151 6758 9287
f 9287 6758 4292
f 4508 7166 7966
f 9069 7166 4508
f 4508 7966 11564
f 8096 1291 2869
f 2869 1291 5324
f 2869 5324 5790
f 5790 5324 2024
f 5790 2024 7963
f 6587 317 6094
f 935 9069 4508
f 935 4508 5277
f 5277 3615 935
f 935 3615 10776
f 10776 11834 4893
f 9502 9005 1047
f 3737 5359 8858
f 9561 9880 9502
f 3737 9698 5359
f 9698 12147 8772
f 3737 12147 9698
f 11146 2636 6448
f 11146 2688 2636
f 11146 9561 2688
f 9179 247 11433
f 6583 4856 4758
f 3407 9299 4758
f 4856 6583 8931
f 7083 9299 3407
f 1256 6598 8294
f 1256 8931 6598
f 6655 9299 7083
f 8026 2639 11558
f 5572 7105 3527
f 12295 6655 7083
f 8966 634 10751
f 4583 6702 8966
f 8966 6702 3495
f 634 8966 10645
f 10645 8966 3495
f 12429 337 5192
f 12429 2384 337
f 2014 10389 5131
f 12441 3371 2384
f 2014 10500 10389
f 4262 8046 634
f 634 10645 4262
f 9794 10665 7602
f 674 6718 6326
f 4635 10096 7602
f 10500 1402 10110
f 5773 7078 8046
f 8046 4262 5773
f 5773 1460 7078
f 10620 4002 10839
f 10839 4002 4635
f 1460 5773 11319
f 4317 8551 2
f 6110 8551 4317
f 8624 1402 5618
f 11319 8600 1460
f 11319 8509 8600
f 7770 6395 5618
f 11644 8551 6110
f 6395 7770 9907
f 9553 5699 8600
f 2554 419 5413
f 9099 6163 3474
f 6358 9117 1728
f 3937 4144 4961
f 4144 6172 4961
f 4144 3382 6172
f 3893 10820 1728
f 419 4477 11674
f 508 4315 3426
f 10325 3460 8155
f 8155 3460 3909
f 9918 11239 11674
f 9292 3735 9171
f 8827 7822 1800
f 8827 1800 3909
f 11239 9918 8158
f 9292 2434 3735
f 7822 8480 10842
f 8631 7612 10820
f 7391 3735 2434
f 654 7391 2434
f 5518 8480 1572
f 8480 5518 4982
f 8147 2736 291
f 4982 5518 12253
f 260 7391 654
f 260 576 7391
f 9424 2826 6860
f 9424 4364 8528
f 2736 5743 578
f 173 576 260
f 5765 10091 8470
f 8528 6228 4900
f 6228 8528 170
f 8528 4364 170
f 5765 9888 10091
f 3988 6228 170
f 2835 6300 10854
f 10854 6300 6187
f 3988 11702 10486
f 12215 12262 6467
f 3988 5894 11702
f 6405 2835 10854
f 12383 5894 12275
f 8434 6405 10854
f 4014 4045 12383
f 11699 10854 1672
f 6405 8434 8610
f 11699 8434 10854
f 4045 7361 10649
f 7361 3317 10649
f 11998 11504 4292
f 11998 4292 6758
f 11504 11998 11771
f 8610 8434 8833
f 7166 8434 11699
f 7257 3438 7548
f 7257 7548 1599
f 7257 1599 1291
f 1291 1599 7464
f 2024 4987 7963
f 4151 4987 6758
f 4151 7963 4987
f 6587 5075 317
f 7166 8833 8434
f 9069 10776 5835
f 7166 9069 5835
f 10776 9069 935
f 11738 9248 317
f 11206 9010 4893
f 7491 652 9248
f 7491 8858 652
f 7491 3737 8858
f 9561 11146 9880
f 12147 5144 8772
f 8772 5144 11433
f 6448 8986 11146
f 4758 9299 6583
f 9299 3853 9131
f 6655 3853 9299
f 6702 4583 2639
f 5572 4186 7105
f 3853 6655 3924
f 8026 7101 2639
f 2639 7101 6702
f 3924 6655 12295
f 139 5365 7105
f 3924 12295 8225
f 10164 8026 12413
f 12413 7931 10164
f 5365 11972 6264
f 5131 8225 12295
f 5131 10389 8225
f 5192 10164 7931
f 10164 5192 337
f 2384 3371 337
f 10665 9794 6264
f 10304 3371 12441
f 6326 3746 10304
f 7111 7602 10665
f 6326 12339 3746
f 6718 12339 6326
f 219 4262 10645
f 12339 6718 4474
f 7602 8076 9768
f 7602 9768 4635
f 2 4474 6718
f 5773 4262 219
f 9768 10839 4635
f 11319 5773 219
f 8624 10110 1402
f 1757 5413 10620
f 6395 8624 5618
f 12417 8600 8509
f 11644 11920 8551
f 7121 6395 9907
f 12417 9553 8600
f 1757 2554 5413
f 6358 11920 11644
f 9241 7121 9907
f 9099 9241 9907
f 88 5699 9553
f 6358 11644 9117
f 9099 3474 9241
f 88 4144 5699
f 6172 10325 3592
f 6172 1526 10325
f 3426 10601 508
f 4477 9918 11674
f 9171 3426 4315
f 3735 3426 9171
f 3735 630 3426
f 8480 7822 8827
f 1572 8827 5706
f 8480 8827 1572
f 5706 8827 3909
f 8147 291 8158
f 12253 4797 6860
f 12253 5518 4797
f 4797 5518 1572
f 8470 6779 2019
f 9424 6860 8808
f 6860 4797 8808
f 8470 6555 6779
f 8147 5743 2736
f 7391 576 6180
f 9424 8808 3706
f 3706 4364 9424
f 8737 578 5743
f 4364 3706 11167
f 8470 10091 6555
f 7224 578 8737
f 6180 576 6300
f 173 6300 576
f 4364 11167 2216
f 6180 6300 318
f 170 4364 2216
f 2216 11167 91
f 318 6300 6267
f 6467 10091 9888
f 7224 8530 8369
f 3988 170 2216
f 6300 2835 6267
f 3988 2216 9536
f 5894 3988 9536
f 12383 12275 3124
f 3124 4014 12383
f 11771 12013 12262
f 11998 7479 11771
f 4331 10457 5022
f 9692 3291 309
f 10457 5075 6587
f 10087 3438 7382
f 11361 6758 4987
f 5327 317 5075
f 5835 8833 7166
f 11738 7729 9248
f 5835 10776 3134
f 10776 4893 3134
f 7729 7491 9248
f 4893 9010 3134
f 11206 9005 9010
f 9502 3987 9005
f 9179 8986 6448
f 11433 8986 9179
f 9131 5482 9299
f 9299 5482 6583
f 5482 8931 6583
f 8294 5572 3527
f 967 3853 3924
f 8225 4996 3924
f 3924 4996 967
f 7825 7101 8026
f 8026 8150 7825
f 10164 8150 8026
f 139 11972 5365
f 9791 6702 7101
f 7825 8150 9791
f 7101 7825 9791
f 11972 615 6264
f 6702 4833 3495
f 6702 9791 4833
f 10645 3495 4833
f 615 10665 6264
f 3371 3746 337
f 10304 3746 3371
f 8741 10645 4833
f 12339 8955 3746
f 7111 8076 7602
f 10645 8741 2948
f 10645 2948 219
f 10110 10389 10500
f 11319 219 4055
f 219 2948 4055
f 1757 10620 10839
f 10839 5808 1757
f 4055 8509 11319
f 10292 2 8551
f 6532 1757 5808
f 4055 1809 8509
f 8509 1809 12417
f 11920 10292 8551
f 12417 7684 9553
f 88 9553 7684
f 10531 6358 1728
f 4144 88 3382
f 3103 419 2554
f 10531 1728 269
f 3103 4477 419
f 3382 5871 6172
f 10820 269 1728
f 1526 3460 10325
f 7612 10510 10820
f 10820 10510 269
f 630 2129 3426
f 3460 5706 3909
f 2019 4858 7612
f 7612 4858 10510
f 6113 630 3735
f 1572 7610 4797
f 2019 6779 4858
f 7391 6113 3735
f 7391 6180 6113
f 8808 6350 3706
f 6350 8808 6963
f 11167 3706 6350
f 8530 7224 8737
f 10091 6467 4853
f 8623 2216 91
f 9536 2216 8623
f 6467 12262 4853
f 5894 9536 12275
f 3124 12275 9536
f 7609 4331 3505
f 7881 4045 4014
f 7881 7361 4045
f 7479 12013 11771
f 7609 10457 4331
f 3317 7361 9303
f 895 6758 3241
f 7479 11998 895
f 11998 6758 895
f 9303 309 3317
f 9692 10087 3291
f 7927 3438 10087
f 7927 10087 9692
f 7927 7548 3438
f 5361 7548 7927
f 5361 5494 7548
f 3241 6758 11361
f 10087 7382 3291
f 1599 7548 5494
f 2024 7464 10633
f 4987 2024 9087
f 4987 9087 11361
f 4686 5327 5075
f 8610 8833 4687
f 5327 11738 317
f 8833 5835 7205
f 3987 9010 9005
f 7491 12147 3737
f 7948 11146 8986
f 3104 6598 8931
f 967 9131 3853
f 6598 7766 8294
f 7766 6598 3104
f 139 7105 4186
f 10389 9040 8225
f 8225 9040 4996
f 6988 9791 8150
f 3746 2218 337
f 11883 8741 4833
f 8741 11883 2948
f 12339 739 8955
f 9768 8076 470
f 12339 4474 739
f 11999 4055 2948
f 4055 11999 1809
f 4139 2 10292
f 6358 10531 11920
f 2554 1757 6532
f 4798 9241 3474
f 4798 3474 6756
f 508 6756 6163
f 6163 6756 3474
f 11962 269 10510
f 3426 2129 10601
f 1526 3464 3460
f 8158 9918 5586
f 3460 9981 5706
f 9981 3460 3464
f 7610 1572 5706
f 9981 7610 5706
f 8147 8158 5586
f 4797 7610 8808
f 7610 6963 8808
f 8147 1619 5743
f 6180 6960 6113
f 6350 791 11167
f 3765 11167 791
f 91 11167 3765
f 10091 7088 6555
f 6180 318 6960
f 10091 4853 7088
f 8530 5907 8369
f 12262 421 4853
f 5907 1467 3505
f 8369 5907 3505
f 2923 9536 8623
f 12013 421 12262
f 1467 7567 3505
f 2923 3124 9536
f 2923 6839 3124
f 7567 7609 3505
f 6839 4014 3124
f 4014 6839 7881
f 7567 11983 7609
f 5146 9303 7361
f 11983 10457 7609
f 11983 1449 10457
f 9303 2189 309
f 1449 5075 10457
f 9692 4667 7927
f 4667 5361 7927
f 5494 9857 1599
f 7007 9857 5494
f 1599 9857 7464
f 9857 10633 7464
f 9087 2024 10633
f 4687 8579 8610
f 8610 8579 6405
f 8833 7205 4687
f 11738 346 7729
f 3134 3205 5835
f 5835 3205 7205
f 9010 3205 3134
f 12147 7491 7729
f 3987 11906 9010
f 5144 12147 7409
f 11433 5144 1259
f 11433 1259 8986
f 1259 7948 8986
f 5482 3104 8931
f 9395 5482 9131
f 4186 5572 6985
f 8294 6985 5572
f 7766 6985 8294
f 4186 2769 139
f 2769 10556 11972
f 139 2769 11972
f 11334 8150 10164
f 10164 2543 11334
f 2543 10164 337
f 9791 11927 4833
f 6988 8150 11334
f 615 11972 9034
f 615 9034 10665
f 9034 7111 10665
f 8475 9040 10389
f 4833 11927 11883
f 8955 2218 3746
f 8955 3993 2218
f 10389 8612 8475
f 10110 8612 10389
f 4474 5770 739
f 5808 10839 9768
f 9768 470 5808
f 2 5770 4474
f 5808 470 10562
f 2397 5808 10562
f 8624 8612 10110
f 4139 5770 2
f 2397 6532 5808
f 11842 1809 11999
f 6395 8612 8624
f 11842 12417 1809
f 11920 7969 10292
f 12417 3272 7684
f 10531 7969 11920
f 9241 10978 7121
f 10531 9734 7969
f 4798 10978 9241
f 9734 10531 9477
f 269 9477 10531
f 9477 269 11962
f 1275 4477 3103
f 10601 6756 508
f 6172 5871 1526
f 4477 1275 1194
f 4477 1194 9918
f 10510 4858 11962
f 3464 2003 9981
f 6779 5333 4858
f 9981 9675 7610
f 3927 5333 6779
f 7610 2534 6963
f 7610 9675 2534
f 6555 3927 6779
f 7088 3927 6555
f 6963 791 6350
f 7088 4853 1461
f 3765 8623 91
f 318 6267 11453
f 779 8623 3765
f 779 2923 8623
f 12013 7479 421
f 2923 779 6839
f 10602 2835 6405
f 7881 5146 7361
f 9303 629 2189
f 2189 9692 309
f 7007 7496 9857
f 9857 7496 10633
f 10633 7496 9087
f 5327 346 11738
f 346 10995 7729
f 7205 3205 8072
f 10002 12147 7729
f 11906 3205 9010
f 7409 11649 5144
f 9502 9880 3987
f 10831 5615 11146
f 5615 9880 11146
f 1259 1430 7948
f 11146 7948 10831
f 3104 5482 9395
f 7297 11972 10556
f 11927 9791 6988
f 7297 9034 11972
f 11592 2543 337
f 2218 11592 337
f 3979 11927 6988
f 2218 3993 11592
f 6434 8076 7111
f 9034 6434 7111
f 8076 6434 470
f 739 3993 8955
f 11999 2948 11883
f 11999 9890 11842
f 10292 4051 4139
f 4139 4051 5770
f 7969 4051 10292
f 2611 6532 2397
f 7121 6743 6395
f 6395 6743 8612
f 6743 7121 10978
f 11842 3272 12417
f 12463 2554 2611
f 2611 2554 6532
f 3919 7969 9734
f 4762 88 7684
f 3272 4762 7684
f 4762 3382 88
f 3103 2554 12463
f 4762 5871 3382
f 4762 2226 5871
f 4798 6756 8058
f 5586 9918 1194
f 4858 11478 11962
f 2129 453 10601
f 1526 1952 3464
f 3464 1952 2003
f 11478 4858 5333
f 8147 5586 5019
f 8147 5019 1619
f 630 7800 2129
f 2003 9675 9981
f 630 6113 7800
f 7088 1461 3927
f 1619 8737 5743
f 6963 2534 791
f 9905 8530 8737
f 421 1461 4853
f 3765 791 10135
f 6267 12090 11453
f 779 3765 10583
f 7479 6515 421
f 6267 10602 12090
f 2835 10602 6267
f 10583 5685 779
f 779 5685 6839
f 6839 5685 7881
f 629 9303 5146
f 8579 10602 6405
f 7496 7441 9087
f 9087 7441 11361
f 11361 7441 11634
f 11361 11634 3241
f 71 5075 1449
f 71 4686 5075
f 5494 5361 6198
f 7205 3767 4687
f 8072 3767 7205
f 10002 7729 10995
f 10002 7409 12147
f 11906 8072 3205
f 11649 7409 1591
f 5615 7714 9880
f 7714 3987 9880
f 1259 5144 11649
f 967 9395 9131
f 967 2634 9395
f 1044 2769 4186
f 6985 1044 4186
f 7393 6985 7766
f 7393 7766 3104
f 4996 2634 967
f 9040 7921 4996
f 2543 1264 11334
f 9040 10819 7921
f 6988 5617 3979
f 6988 11334 5617
f 11592 1264 2543
f 8475 5174 9040
f 9040 5174 10819
f 3979 11883 11927
f 11592 9253 1264
f 11592 3993 9253
f 6434 9034 1313
f 5174 8475 3751
f 9890 11999 11883
f 11883 3979 4981
f 739 1230 3993
f 10562 470 6434
f 11883 4981 9890
f 3751 8475 1075
f 1075 8475 8612
f 10562 9192 2397
f 5770 12448 739
f 4051 12448 5770
f 8612 6743 1075
f 11842 9890 4500
f 6743 10978 4089
f 3919 4051 7969
f 11842 4500 3272
f 8756 3272 4500
f 4762 3272 58
f 4762 58 2226
f 3103 12463 1275
f 11574 1194 1275
f 11550 11962 11478
f 5871 1394 1526
f 1394 1952 1526
f 712 453 2129
f 2129 7800 712
f 5019 5622 1619
f 4867 9675 2003
f 6113 7836 7800
f 4867 8816 9675
f 8392 3927 1461
f 9905 8737 1619
f 9675 8816 2534
f 2534 8816 5295
f 6960 7836 6113
f 8530 9905 7751
f 11453 7836 6960
f 318 11453 6960
f 2534 5295 791
f 791 5295 9342
f 9342 5295 3949
f 791 9342 10135
f 8377 1467 5907
f 6515 593 421
f 8377 7567 1467
f 10135 10583 3765
f 12403 6515 7479
f 895 12403 7479
f 7881 6108 5146
f 5685 6108 7881
f 7441 9879 11634
f 3241 11634 160
f 3241 160 895
f 10251 7007 5494
f 71 11176 4686
f 9692 642 4667
f 4667 642 5361
f 642 6198 5361
f 11176 5327 4686
f 5327 3717 346
f 4687 3767 8579
f 3717 7534 346
f 7534 10995 346
f 8072 8566 3767
f 10002 1591 7409
f 8072 10466 8566
f 7948 1430 10831
f 3104 9395 2634
f 7921 2634 4996
f 540 5617 11334
f 1264 540 11334
f 9253 540 1264
f 7297 5104 9034
f 9682 5104 7269
f 9034 5104 9682
f 4085 10819 5174
f 3236 3979 5617
f 3236 5617 540
f 3993 9733 9253
f 1313 9034 9682
f 9733 540 9253
f 3236 4981 3979
f 10053 3236 540
f 9733 3993 49
f 1313 10562 6434
f 1230 49 3993
f 3236 10053 3469
f 3236 3469 4981
f 739 12448 1230
f 11046 9890 4981
f 4981 3469 11046
f 6743 4089 1075
f 2397 9192 2611
f 4051 2362 12448
f 9890 11046 4500
f 4500 11046 507
f 4051 3919 2362
f 4631 4089 10978
f 8756 4500 507
f 4631 10978 4798
f 8756 58 3272
f 9477 9814 9734
f 2601 1275 12463
f 11962 11550 9477
f 9477 11550 9814
f 2601 11574 1275
f 6756 10601 8058
f 1394 5871 2226
f 1194 5019 5586
f 11478 6101 11550
f 5333 6101 11478
f 166 2003 1952
f 166 4867 2003
f 3927 10016 5333
f 3927 8392 10016
f 3949 5295 8816
f 421 2955 1461
f 7751 5907 8530
f 421 593 2955
f 593 6515 12403
f 6150 7567 8377
f 6150 11983 7567
f 10583 1590 5685
f 895 160 12403
f 10602 397 12090
f 7441 7496 6537
f 8579 397 10602
f 6399 6198 642
f 7007 10251 6537
f 7007 6537 7496
f 6198 10251 5494
f 3717 5327 11176
f 8579 4008 397
f 3767 4008 8579
f 8566 4008 3767
f 4149 10002 10995
f 4747 4008 8566
f 10466 4747 8566
f 1430 11649 1583
f 7714 5615 6290
f 7714 8197 3987
f 11906 8197 10466
f 11906 3987 8197
f 11906 10466 8072
f 1430 1259 11649
f 2634 5111 3104
f 3104 5111 7393
f 2634 3796 5111
f 6985 7393 1044
f 11945 2769 1044
f 11945 10556 2769
f 7921 3278 2634
f 10819 7648 7921
f 7921 7648 3278
f 10556 5104 7297
f 10556 11945 5104
f 10819 4085 7648
f 10053 540 9733
f 1313 9682 7681
f 1313 7681 10562
f 3751 4085 5174
f 1052 10053 9733
f 1052 9733 1064
f 1064 9733 49
f 10562 7681 4774
f 1064 49 9828
f 5310 9828 49
f 1230 5310 49
f 12448 5310 1230
f 4774 9192 10562
f 1075 4089 3751
f 2362 5310 12448
f 2362 239 5310
f 3469 3491 11046
f 7646 2611 9192
f 4409 3491 3469
f 4089 4631 8834
f 507 11046 3491
f 3919 5065 2362
f 11018 2611 7646
f 11018 12463 2611
f 10877 507 3491
f 9734 9814 3919
f 11574 1267 1194
f 453 8058 10601
f 1194 1267 5019
f 6101 9862 11550
f 5333 10066 6101
f 5333 10016 10066
f 5968 5622 5019
f 7836 6991 7800
f 9905 1619 5622
f 2955 8392 1461
f 7751 9905 4718
f 593 10603 2955
f 8233 8377 5907
f 7751 8233 5907
f 593 12403 6921
f 1590 10583 10135
f 1590 10135 8543
f 160 4745 12403
f 11634 1580 4745
f 11634 9879 1580
f 11634 4745 160
f 7190 1449 11983
f 7190 71 1449
f 631 2189 629
f 2189 631 9692
f 631 642 9692
f 3717 4644 7534
f 10995 7534 4149
f 7944 4008 4747
f 4149 1591 10002
f 3020 11649 1591
f 3020 1583 11649
f 10466 11020 4747
f 8197 11020 10466
f 6290 5615 9337
f 6290 8197 7714
f 1430 4257 9337
f 1430 9337 10831
f 10831 9337 5615
f 3608 11945 1044
f 3835 5111 3796
f 1044 7393 3608
f 3278 3796 2634
f 9083 3796 3278
f 11945 568 5104
f 7648 9083 3278
f 5104 568 7269
f 3846 9083 7648
f 7648 4085 3846
f 7269 7681 9682
f 7681 7269 4444
f 7681 4444 354
f 7681 354 4774
f 10053 1052 3469
f 7646 4774 354
f 7646 9192 4774
f 3381 3469 1052
f 1052 1064 11375
f 5310 239 9828
f 4089 8834 3751
f 3469 3381 4409
f 9828 239 11375
f 5065 239 2362
f 3491 4409 10877
f 6670 10877 4409
f 9814 3454 3919
f 3919 3454 5065
f 2411 507 10877
f 2411 10877 6670
f 12463 11018 2601
f 507 2411 8756
f 4631 4798 7831
f 2411 5162 8756
f 8058 7831 4798
f 8756 5162 58
f 58 6927 2226
f 58 5162 6927
f 11550 874 9814
f 2601 1267 11574
f 11550 6231 874
f 453 4304 8058
f 6231 11550 9862
f 5019 1267 1717
f 5019 1717 5968
f 7800 6991 712
f 4867 166 3303
f 10827 4867 3303
f 5622 4718 9905
f 4867 10827 8816
f 11427 6991 7836
f 3949 10827 749
f 8816 10827 3949
f 7836 11453 11427
f 593 6921 10603
f 12090 3300 11453
f 8543 10135 9342
f 12403 10212 5670
f 12403 5670 6921
f 4745 10212 12403
f 6150 7190 11983
f 397 1036 12090
f 6108 5685 1590
f 6108 1590 11575
f 6537 9879 7441
f 4263 9879 6537
f 5146 10631 629
f 6108 10631 5146
f 631 629 10631
f 10251 4263 6537
f 642 7563 6399
f 6198 6399 10251
f 4644 3717 9687
f 397 4008 8171
f 9745 7534 4644
f 9745 4149 7534
f 7944 8171 4008
f 4747 11020 7944
f 7579 8197 1206
f 8197 7579 11020
f 1583 4257 1430
f 6290 1206 8197
f 7393 5111 3608
f 9083 513 3796
f 3796 513 3835
f 11945 9562 568
f 568 4444 7269
f 568 9213 4444
f 4444 9213 354
f 3846 5409 9966
f 4085 5409 3846
f 3751 5409 4085
f 9828 11375 1064
f 354 7861 7646
f 8834 5409 3751
f 11375 8071 1052
f 1052 8071 3381
f 3381 8071 11403
f 2686 8071 11375
f 11403 8222 3381
f 5065 11375 239
f 11018 7646 6016
f 3381 8222 4409
f 4409 8222 6670
f 8454 8834 4631
f 7977 6670 8222
f 11403 8071 2686
f 8222 11403 7977
f 2411 6670 1136
f 6670 7977 1136
f 3351 3454 874
f 9814 874 3454
f 4944 5162 2411
f 2411 1136 9808
f 2411 9808 4944
f 5162 4944 6927
f 3351 874 6231
f 2013 1267 2601
f 6927 4944 3064
f 6927 1394 2226
f 6927 11080 1394
f 6927 3064 11080
f 453 712 4304
f 11080 3064 4837
f 6101 6047 9862
f 166 1952 1394
f 11080 166 1394
f 11080 4837 166
f 6101 10066 6047
f 4718 5622 5968
f 749 9342 3949
f 2955 10603 8383
f 4718 8233 7751
f 11427 11453 3300
f 6921 8383 10603
f 6921 5670 8383
f 12090 1036 3300
f 4754 8543 9342
f 5021 1590 8543
f 9879 9348 1580
f 9879 4263 9348
f 3547 71 7190
f 6108 11575 10631
f 3547 11176 71
f 397 2120 1036
f 7563 1965 6399
f 6399 1965 10251
f 3547 9687 3717
f 11176 3547 3717
f 6964 2120 8171
f 8171 2120 397
f 5045 4644 9687
f 9745 2373 4149
f 7203 6964 8171
f 2373 3020 4149
f 7944 7203 8171
f 3020 1591 4149
f 11020 7203 7944
f 7579 7203 11020
f 6689 4257 1583
f 9118 9337 4257
f 9118 6290 9337
f 1206 6290 9118
f 5111 8157 3608
f 3835 8157 5111
f 513 8157 3835
f 9562 11945 3608
f 9562 3608 8157
f 4027 9562 8157
f 11513 8157 513
f 8157 11513 4027
f 5484 11513 513
f 5484 513 9083
f 9562 8719 568
f 568 8719 9213
f 9213 8719 11356
f 9340 5484 9083
f 3846 9340 9083
f 802 354 9213
f 3846 9966 9340
f 5409 8454 9966
f 8834 8454 5409
f 7646 7861 11700
f 7646 11700 6016
f 11375 4615 2686
f 5065 4615 11375
f 1486 2686 4615
f 3454 4615 5065
f 11018 6016 2601
f 8387 1486 4615
f 2601 6016 7220
f 7831 7085 8454
f 4631 7831 8454
f 8387 4615 3351
f 3351 4615 3454
f 3145 2601 7220
f 7977 8396 10129
f 8396 7977 11403
f 8396 11403 2686
f 2686 1486 8396
f 7977 10129 1136
f 3351 6171 8387
f 7831 4304 7085
f 8058 4304 7831
f 2013 2601 3145
f 4944 9808 8077
f 3744 1136 10129
f 6231 6171 3351
f 4944 8077 3064
f 3145 653 2013
f 6231 11675 6171
f 3064 8077 7676
f 7676 4837 3064
f 9862 11675 6231
f 5291 4304 712
f 9862 6047 11675
f 2013 1717 1267
f 6991 5291 712
f 4837 3303 166
f 8392 9762 10016
f 10827 3401 749
f 2955 9762 8392
f 2955 8383 9762
f 9342 749 4754
f 1036 4707 3300
f 4745 10310 10212
f 3547 7190 11798
f 1036 2120 8421
f 4754 5021 8543
f 11572 1455 10310
f 1580 11572 10310
f 1580 10310 4745
f 5021 11575 1590
f 9348 11572 1580
f 2120 5769 4943
f 6964 5769 2120
f 11575 4094 10631
f 4263 10251 1965
f 4094 631 10631
f 631 4094 642
f 4094 7563 642
f 4644 3468 9745
f 10678 2373 9745
f 2667 5769 6964
f 7203 2667 6964
f 2667 7203 1206
f 1583 3020 6689
f 6604 9118 6689
f 1206 6604 2667
f 7579 1206 7203
f 4257 6689 9118
f 9118 6604 1206
f 4027 8719 9562
f 4027 10865 8719
f 4027 1307 10865
f 1307 4027 11513
f 10865 11356 8719
f 3173 1307 11513
f 3747 11513 5484
f 9340 3747 5484
f 3173 11513 3747
f 11356 802 9213
f 9340 8786 3747
f 9966 8786 9340
f 354 802 7861
f 8786 6069 3747
f 6877 6069 8786
f 2896 8786 9966
f 6877 8786 2896
f 8454 2896 9966
f 5395 11700 7861
f 7085 2896 8454
f 7220 6016 11700
f 9309 6877 2896
f 7085 9309 2896
f 8396 1486 9265
f 11136 1486 8387
f 11136 9265 1486
f 6912 9309 7085
f 10129 8396 3744
f 6171 11136 8387
f 4304 6912 7085
f 1136 3744 11820
f 2461 8396 9265
f 3744 8396 2461
f 6171 1223 11136
f 5291 6912 4304
f 11820 9808 1136
f 11675 1223 6171
f 4617 8077 9808
f 4617 9808 11820
f 653 1717 2013
f 4742 4837 7676
f 9903 5291 6991
f 10016 450 10066
f 10066 450 6047
f 4837 4742 3303
f 11427 5437 6991
f 9762 450 10016
f 4718 5968 8682
f 3303 3401 10827
f 3300 5437 11427
f 4718 11958 8233
f 5437 3300 5785
f 6543 8377 8233
f 3300 4707 5785
f 749 2752 3696
f 749 3696 4754
f 8377 11798 6150
f 10212 2193 5670
f 10237 4754 3696
f 10310 1455 2193
f 10310 2193 10212
f 6150 11798 7190
f 1036 8421 4707
f 5021 4754 10237
f 11798 8345 3547
f 2120 4943 8421
f 1415 5021 10237
f 11575 5021 1415
f 1415 10876 11575
f 9348 4263 1965
f 5769 5280 4943
f 11575 10876 4094
f 10876 7563 4094
f 7611 7563 10876
f 2667 5280 5769
f 11241 5280 2667
f 4644 5045 3468
f 9745 3468 10678
f 8898 2373 10678
f 11241 10948 7265
f 10948 11241 2667
f 3020 2373 8898
f 6689 3020 8898
f 6689 10948 6604
f 6604 10948 2667
f 4098 11356 10865
f 4098 10865 1307
f 10656 4098 1307
f 10656 1307 3173
f 10032 4098 10656
f 11356 4098 802
f 4098 2702 802
f 2702 4098 10032
f 1243 10656 3173
f 5395 7861 802
f 802 2702 5395
f 6069 3173 3747
f 6069 1243 3173
f 10656 5307 10032
f 5307 10656 1243
f 1243 6449 5307
f 3142 1243 6069
f 1243 3142 6449
f 5637 3142 6069
f 6877 5637 6069
f 11700 5395 3690
f 6449 3142 8012
f 8012 3142 5637
f 3690 7220 11700
f 4048 5637 6877
f 9309 4048 6877
f 3690 3145 7220
f 3690 653 3145
f 4048 4353 5637
f 6912 4048 9309
f 11208 4353 4048
f 6912 11208 4048
f 761 11136 1223
f 5509 11820 3744
f 761 9265 11136
f 6047 1223 11675
f 5291 9903 6912
f 9903 11208 6912
f 9903 2211 11208
f 4617 7676 8077
f 6047 11357 1223
f 8682 1717 653
f 7676 4617 4742
f 6047 450 11357
f 5968 1717 8682
f 5437 9903 6991
f 5785 2211 9903
f 5437 5785 9903
f 5785 7089 2211
f 9157 4718 8682
f 11958 4718 9157
f 2752 749 3401
f 8233 11958 6543
f 4707 7089 5785
f 3696 2752 1981
f 5670 2193 8383
f 8377 6543 11798
f 6892 7089 4707
f 8421 6892 4707
f 11455 6892 8421
f 8421 554 11455
f 554 8421 4943
f 5280 554 4943
f 10237 2610 1415
f 7658 554 5280
f 10876 1415 2610
f 7611 10876 2610
f 7563 7611 1965
f 11241 7658 5280
f 3202 7658 11241
f 3468 10914 10678
f 8898 10914 2027
f 7265 2027 3202
f 8898 2027 7265
f 10678 10914 8898
f 7265 3202 11241
f 7265 10948 8898
f 10948 6689 8898
f 11507 2702 10032
f 3730 2702 11507
f 2702 3730 5395
f 5307 11507 10032
f 10081 5395 3730
f 10081 3730 11507
f 4684 10081 11507
f 8505 11507 5307
f 4684 11507 8505
f 4616 5307 6449
f 10081 3690 5395
f 4616 8505 5307
f 10541 3690 10081
f 10541 10081 4684
f 5877 4684 8505
f 4616 6449 8012
f 10974 8012 5637
f 10974 1021 8012
f 3690 10541 653
f 4353 10974 5637
f 8012 1021 4616
f 10974 4846 1021
f 9265 7281 2461
f 9265 761 7281
f 3744 756 5509
f 2461 756 3744
f 756 2461 7281
f 10712 10974 4353
f 4846 10974 10712
f 2211 4353 11208
f 5509 6548 11820
f 756 7281 2185
f 761 1223 11357
f 2211 10712 4353
f 6548 4617 11820
f 8682 653 265
f 1170 4846 10712
f 2211 1170 10712
f 1170 2761 4846
f 265 9157 8682
f 7089 1170 2211
f 10382 3303 4742
f 9762 11785 450
f 2761 1170 3065
f 7089 3065 1170
f 9762 5858 11785
f 4028 2761 3065
f 3303 10382 3401
f 8383 5858 9762
f 6892 4028 3065
f 7089 6892 3065
f 8383 6512 5858
f 6892 2972 4028
f 8383 2193 6512
f 11455 2972 6892
f 554 9945 2972
f 554 2972 11455
f 7545 3696 1981
f 1455 11676 2193
f 6543 8345 11798
f 11572 11524 1455
f 3696 7545 10237
f 7545 2610 10237
f 11572 9348 11524
f 1965 9039 9348
f 1965 7611 9039
f 5045 9687 3547
f 5108 1317 3202
f 3202 1317 7658
f 5045 6930 3468
f 10914 3468 6930
f 9095 10914 6930
f 5108 2027 10914
f 5108 3202 2027
f 4274 4684 5877
f 4616 5877 8505
f 8285 4274 5877
f 8285 5877 4616
f 8224 653 10541
f 4684 8224 10541
f 4684 4274 8224
f 6733 4274 8285
f 985 4274 6733
f 4274 985 3811
f 8224 4274 3811
f 8285 4616 9868
f 9868 4616 1021
f 9443 9868 1021
f 4846 9443 1021
f 3811 653 8224
f 6733 8285 9868
f 756 2185 5509
f 8869 2185 7281
f 8869 7281 761
f 3811 265 653
f 2426 6733 9868
f 3472 9868 9443
f 4617 6548 4742
f 761 11785 8869
f 11785 11357 450
f 11785 761 11357
f 2426 9868 3472
f 1288 9443 4846
f 1288 3472 9443
f 2761 1288 4846
f 1124 2426 3472
f 2885 10382 4742
f 2885 4742 6548
f 1124 3472 1288
f 9157 6767 4442
f 5187 1124 1288
f 9157 4442 11958
f 2761 4028 1288
f 2989 5187 1288
f 2989 1288 4028
f 4442 6543 11958
f 3401 10382 2752
f 2330 5187 2989
f 2972 2989 4028
f 1981 2752 10382
f 2193 11676 6512
f 2330 2989 9945
f 2972 9945 2989
f 1455 11524 11676
f 7658 9945 554
f 7545 12446 2610
f 1945 2330 9945
f 2610 12446 8074
f 7611 2610 8074
f 9039 7611 8074
f 9039 11524 9348
f 9968 2330 1945
f 1317 1945 9945
f 7658 1317 9945
f 3547 8345 5045
f 8345 7185 5045
f 6976 9968 9095
f 9968 1945 1317
f 7185 9095 6930
f 5045 7185 6930
f 6976 9095 7185
f 9968 5108 9095
f 9968 1317 5108
f 5108 10914 9095
f 11153 3811 985
f 6733 6856 985
f 11153 985 6856
f 4286 11153 6856
f 11996 11153 4286
f 1373 3811 11153
f 6767 3811 1373
f 1373 11153 11996
f 2426 6856 6733
f 4657 6548 5509
f 5509 4844 4657
f 2185 4844 5509
f 8869 9693 2185
f 4844 2185 9693
f 8869 11785 9693
f 6767 265 3811
f 6767 9157 265
f 7516 11996 4286
f 1124 6856 2426
f 4286 6856 1124
f 1373 4442 6767
f 4442 1373 11996
f 4442 11996 7516
f 6512 8428 5858
f 4380 4442 7516
f 11400 4442 4380
f 4799 4286 1124
f 5187 4799 1124
f 11400 6543 4442
f 4799 7516 4286
f 11676 8428 6512
f 11401 11400 4380
f 10382 7415 1981
f 7415 2114 1981
f 4380 7516 4799
f 11676 4986 11918
f 5655 4799 5187
f 12446 7545 2114
f 2114 7545 1981
f 11524 4986 11676
f 11400 8345 6543
f 2330 5655 5187
f 11400 11401 8345
f 4380 4799 5655
f 9968 5655 2330
f 9039 8074 11524
f 11401 4380 5655
f 6976 11401 5655
f 8345 11401 6976
f 9968 6976 5655
f 6976 7185 8345
f 5858 10414 11785
f 11785 10414 9693
f 6548 4657 2885
f 3231 2885 4657
f 5858 8428 10414
f 2885 7415 10382
f 2885 3231 7415
f 2114 7415 4240
f 11676 11918 8428
f 90 2114 4240
f 12446 2114 90
f 11918 4986 90
f 8074 12446 90
f 8074 90 4986
f 8074 4986 11524
f 9693 10158 4844
f 9693 10414 10158
f 4657 4844 3231
f 10158 3231 4844
f 10158 10414 8428
f 4240 7415 3231
f 10158 4240 3231
f 8428 4240 10158
f 11918 90 4240
f 11918 4240 8428