# https://github.com/mikedh/trimesh
v -49.06682766 -138.79490286 -48.97726221
v -126.03340889 -129.30034586 31.50563033
v -78.58420907 -106.89442464 -25.94686965
v -41.76151292 -148.24175374 -53.85906818
v -72.74729611 -113.48458386 -27.43303706
v -43.36909876 -145.36053662 -50.95853181
v -37.66966408 -156.87912942 -51.37533795
v -81.24830345 -108.78087887 -25.87971796
v -129.37584068 -128.61553157 22.41693979
v -131.66371191 -100.87500957 -10.79521082
v -123.78491490 -126.33897334 45.36751373
v -130.80483084 -116.56361588 16.57210998
v -56.49635182 -132.91306266 -43.44984600
v -114.84459609 -127.29541043 71.42652276
v -129.78941935 -126.53348624 20.98070703
v -129.52909025 -124.07914767 17.38640225
v -132.86983604 -114.54316732 11.63351577
v -119.62134559 -123.28867018 61.96382097
v -59.00694469 -126.66425173 -40.64841156
v -123.22935965 -125.56807486 27.59863038
v -127.66446369 -95.65280490 -11.94639473
v -134.30819805 -113.27229189 7.58355519
v -135.92685865 -105.40350228 0.44410896
v -94.13437672 -98.34096402 -24.70767661
v -129.96298887 -94.57327669 -8.53503213
v -43.32139180 -148.63220217 -53.77349732
v -129.30323913 -91.98652729 -12.47933492
v -127.60032687 -142.56577143 31.28075530
v -131.73686260 -116.42881641 15.06917984
v -101.06935283 -94.14668110 -19.93903519
v -72.29860305 -116.40421847 -31.36197456
v -58.54423071 -126.62314118 -40.25366810
v -52.36405422 -134.36639403 -48.33011569
v -65.52822713 -119.99903005 -35.97046136
v -128.06027393 -126.03105017 26.02038857
v -125.31837164 -128.26699246 29.83738495
v -124.56575120 -134.11189076 42.74467431
v -113.81555017 -94.14959044 -16.89706816
v -130.54108748 -109.41284430 2.40470367
v -72.92664223 -112.70709574 -27.24226542
v -135.04838857 -102.44939606 -4.22140841
v -62.65790567 -126.01993331 -36.43787568
v -108.82298806 -87.53942389 -19.26173105
v -120.05444526 -129.97444866 65.67127169
v -126.13948546 -126.75206946 53.27984048
v -122.17093712 -130.88787853 54.37231202
v -131.60283828 -107.40244133 2.44573842
v -124.48659161 -126.63141110 47.80901949
v -124.45339877 -123.76245413 38.07228231
v -47.90077102 -138.07653695 -52.21159442
v -127.19526065 -124.78233367 17.80107728
v -123.45709464 -131.81218686 55.52695432
v -107.44139223 -89.41598977 -18.44526228
v -127.60806289 -130.97998997 25.29492492
v -38.82630822 -155.63461925 -52.64582543
v -123.32726773 -124.71424916 40.73658181
v -56.72550394 -128.08217450 -42.09815604
v -118.47621995 -122.19726183 70.94657711
v -119.11732167 -124.16867107 61.45598632
v -125.14955729 -126.06065924 41.86892238
v -134.32860869 -100.15259607 -6.42271330
v -127.10005646 -128.26379371 50.96660214
v -57.11358735 -131.98981263 -43.24578179
v -123.34200941 -147.24232011 34.08673311
v -134.21067556 -104.01705638 1.21242717
v -120.94601559 -129.20092013 55.11091967
v -68.38476967 -116.34613499 -31.08604302
v -62.62511275 -121.89602422 -37.72676768
v -122.66377807 -130.21797556 42.08647498
v -98.58858201 -97.20385705 -22.93172899
v -132.36110072 -109.03602040 7.61364306
v -135.25960213 -102.64110360 -3.53606313
v -41.64436622 -148.42804461 -50.76691485
v -41.01394432 -153.30604889 -52.08649716
v -53.10170931 -136.66859155 -47.22519848
v -124.64519054 -130.88087599 58.36661081
v -101.25584179 -99.79236769 -20.26158515
v -51.87452025 -138.01540777 -47.70046517
v -109.26050391 -91.00583628 -19.23184256
v -135.12593079 -105.44088929 2.24164192
v -128.24208482 -125.27778822 18.28191338
v -124.99823315 -145.79657796 32.91115823
v -123.09359179 -132.82317794 46.45893961
v -123.86169595 -125.39267941 62.86870514
v -65.90723608 -121.75866082 -35.72807237
v -123.94508452 -134.05452203 44.74054512
v -82.03185999 -108.10474752 -25.46977198
v -124.94938372 -119.63339932 14.98292531
v -113.90933620 -118.35326459 77.00308746
v -125.72417631 -123.11257346 33.84760222
v -99.31607391 -97.46086001 -22.81306752
v -113.67913764 -125.29421463 71.39711367
v -131.37033277 -111.51211143 0.64883212
v -128.47359858 -138.91583188 29.50922783
v -125.27379981 -126.68361429 22.63684573
v -102.83188835 -93.00791337 -20.22091123
v -134.73902909 -101.02704729 -7.17989249
v -127.59630659 -88.48848234 -16.78629451
v -125.89442726 -134.09549735 47.76559402
v -81.67255295 -108.19504152 -29.40130243
v -127.75153674 -125.62176375 18.76275439
v -115.50567915 -119.44266600 76.08526377
v -129.88686214 -97.77651812 -13.69193332
v -124.24173967 -132.02862848 55.34770241
v -95.46223563 -101.78276008 -21.73952528
v -105.12441496 -97.01385022 -19.74063642
v -87.34176953 -104.84963476 -26.65979900
v -112.68883759 -123.00707594 72.73086446
v -119.79524408 -128.84445195 63.23659344
v -115.64901714 -127.97699962 70.76055361
v -81.84048880 -108.80484841 -28.03612665
v -46.87525252 -139.12381990 -52.33576231
v -127.55338400 -124.37107691 32.06471262
v -118.39476938 -121.96861558 69.22054568
v -122.71027987 -126.22324711 43.48281959
v -126.53050269 -128.47127829 56.36098547
v -124.10475957 -124.54574041 58.50845802
v -74.28541801 -110.62807789 -26.84802016
v -116.11210180 -85.24811486 -16.19481599
v -120.72542024 -124.11410694 69.82317434
v -132.20592851 -97.87430943 -4.39461893
v -129.47544433 -92.22001241 -11.59424316
v -117.78694405 -77.16823595 -18.79577206
v -55.94489096 -128.79560949 -43.22809871
v -110.33039521 -87.44571564 -17.40827638
v -79.52548705 -107.83798996 -29.74481095
v -76.22250455 -108.77573643 -27.00679139
v -122.50435138 -126.19864744 39.04620033
v -64.31540199 -123.29581752 -37.44582516
v -113.64744373 -123.48805587 71.21472864
v -135.94068461 -106.87610158 0.61406705
v -124.10279916 -117.15851726 20.20717766
v -123.55532402 -132.53714377 41.98466118
v -125.32369579 -89.04926955 -15.24057880
v -38.63993636 -150.59456173 -51.79980542
v -126.33672996 -115.47926371 12.59995586
v -123.81127475 -126.33911191 47.97313344
v -132.78019598 -100.65881933 -2.09865230
v -126.46315627 -116.59521415 9.36953526
v -36.43545584 -157.32033757 -52.42299405
v -46.96908729 -140.55290145 -50.20181788
v -122.42043860 -128.99755048 44.81155462
v -126.17733833 -116.02127113 10.58508855
v -123.30667225 -120.86583999 26.19488455
v -114.76982107 -120.45815165 72.82459467
v -127.68819521 -128.12082767 30.62608166
v -104.39292046 -93.12561694 -20.06825594
v -132.64718501 -107.22073158 -3.77155867
v -54.95607479 -133.74499847 -45.57347973
v -122.48430175 -131.09897323 47.92454903
v -75.19214896 -113.67962208 -29.93988709
v -132.02223381 -100.84535637 -2.94766192
v -133.66615483 -103.39859516 -7.74539319
v -118.72197697 -85.10547347 -18.88378429
v -126.20774393 -124.58824772 18.17791201
v -132.79338428 -96.36732480 -8.74479553
v -129.60277244 -131.76834259 25.49764651
v -127.25812129 -129.75394643 39.89841958
v -82.98389506 -103.85747230 -24.51705280
v -119.78235027 -73.85339902 -20.31730355
v -133.85940785 -104.80089779 1.96882411
v -132.59206497 -99.56058084 -2.95477332
v -109.64309548 -95.19872410 -17.47199748
v -130.74948816 -98.12502466 -6.96122514
v -128.85790355 -90.06108065 -17.19943390
v -113.07619210 -125.79130575 76.97978733
v -126.73579460 -129.15421576 54.92869759
v -128.50585665 -129.41656720 22.64888298
v -127.43802364 -117.27451492 7.74892367
v -82.13448172 -108.64294449 -26.80015194
v -74.95407913 -109.84917492 -27.19593224
v -131.82868183 -95.44745563 -6.74171545
v -127.91485036 -125.08465696 27.86641010
v -120.58202016 -122.90771250 62.51244056
v -38.91325666 -150.46010765 -52.97042646
v -127.97177146 -125.17287565 33.55509296
v -115.03138661 -121.63616784 70.83561041
v -108.09545538 -93.29112717 -19.20069960
v -102.98001523 -94.38161201 -20.63653329
v -90.99187797 -100.82836292 -21.93409689
v -126.92037048 -131.27563897 41.70271502
v -97.36828683 -97.49711147 -23.48158199
v -84.04237563 -107.15981700 -27.82606384
v -129.77803532 -96.21489732 -8.92258493
v -55.69126184 -129.39454692 -41.39067137
v -69.65386984 -118.00890547 -33.26562351
v -130.19820675 -94.78587792 -14.62603421
v -124.52695196 -126.82083407 24.65877892
v -132.14157782 -99.53546657 -3.40037501
v -127.91133120 -140.85864584 30.89910730
v -128.91461014 -114.83881678 16.88482051
v -123.84764791 -127.01492386 64.03514526
v -126.13924608 -115.73946647 12.12174325
v -127.34680938 -144.18098613 31.43337076
v -125.59034142 -128.45928418 60.23423033
v -133.43273625 -113.63049800 3.79858951
v -108.32967288 -87.46205952 -19.08064783
v -72.68297602 -114.26399863 -27.77399794
v -133.08589828 -114.65968891 5.05740953
v -62.23925074 -127.25372680 -38.12377254
v -125.16735953 -134.28041760 43.60994275
v -59.01673427 -126.59405616 -38.46117899
v -118.35961765 -125.89797981 63.53012445
v -123.21278679 -123.16456322 34.56428109
v -130.85110188 -118.05495267 7.77073637
v -130.33019135 -122.57796323 17.30022435
v -127.52996560 -92.73222152 -17.32559862
v -124.51277454 -131.48274241 38.85491256
v -129.97985216 -109.28386217 6.80278397
v -46.32968492 -142.67422745 -50.13939466
v -128.45467289 -96.45608365 -11.37251027
v -53.57175154 -133.75586212 -47.14071021
v -100.13705627 -99.78425705 -20.07058589
v -111.76229660 -84.32419568 -19.67076935
v -90.99169818 -102.15272023 -25.88003048
v -92.34376995 -99.98686164 -25.68139058
v -112.32690887 -94.28040896 -16.83160681
v -129.01792745 -129.47517462 24.66496663
v -65.79461687 -122.32604958 -34.78865396
v -117.94202139 -127.11294521 65.39673286
v -128.56535562 -139.35735355 31.19459361
v -130.77862850 -100.27281708 -8.86756772
v -125.41161004 -132.62719214 53.51540551
v -128.34772357 -93.59367997 -16.48594262
v -88.34984595 -100.98243514 -24.81136894
v -134.79371785 -101.73336739 -5.08947242
v -42.97419282 -150.43882082 -53.52715480
v -124.77629086 -125.00842086 55.43709126
v -57.00075572 -128.45677282 -40.03420454
v -71.97619488 -112.86108718 -29.10055765
v -123.62505102 -120.62452802 18.08592488
v -134.51543524 -111.76907148 3.19737840
v -125.51795435 -125.59034258 56.35717390
v -128.32235075 -126.18995435 30.77550597
v -124.08605309 -120.85451470 17.15096980
v -59.81818871 -130.27593320 -39.23099515
v -45.18481898 -147.43316326 -53.25451739
v -119.34672975 -85.01678555 -18.59180263
v -128.52466147 -131.03558466 26.24691756
v -36.59661620 -154.44187306 -51.97269994
v -135.42689563 -108.56363072 0.98261615
v -52.73478296 -133.47575508 -47.72567571
v -125.39011556 -134.42829150 47.67028075
v -41.63378204 -151.95079233 -51.31291532
v -127.79066106 -124.96743404 17.85445727
v -123.18157951 -94.55688935 -16.11631850
v -73.60448222 -114.48530190 -31.72796996
v -72.20960450 -113.74500779 -27.71659657
v -119.89457415 -126.09934885 72.49416435
v -132.30923590 -105.80907618 -5.10420130
v -93.47639422 -98.10656939 -22.86827733
v -133.93191581 -99.45503138 -3.59900786
v -134.66008954 -108.58700186 -0.24377960
v -124.52581919 -126.97429387 25.67378680
v -72.03405220 -116.48657774 -29.30787400
v -114.00770199 -127.56568493 74.25466986
v -99.75553385 -100.12067871 -20.48029879
v -116.65960007 -84.12282156 -16.63033996
v -117.53121453 -93.97335074 -16.69802270
v -116.30785961 -126.41431857 67.89467833
v -128.86022783 -90.49496128 -16.05272833
v -53.90301921 -132.32729241 -46.42618617
v -131.96658551 -102.63130065 -2.21053568
v -116.32493981 -123.75127700 67.04987505
v -127.52062640 -90.13884144 -14.41412100
v -131.61865504 -107.95420038 -1.66039793
v -122.40614424 -128.08843892 43.66652676
v -122.55896090 -124.21674512 55.25955013
v -129.65466489 -125.11667100 19.41670811
v -126.22574636 -118.62140268 10.74364097
v -128.72375625 -91.14195821 -13.98238287
v -116.58220365 -78.89851623 -18.07062309
v -48.79520782 -139.38619309 -52.72098936
v -128.01403384 -117.79982475 7.18606014
v -132.10035229 -104.22666078 -6.61915801
v -122.04862364 -126.41216259 48.74074463
v -73.64679882 -114.93481770 -28.67921353
v -114.45209854 -125.99116112 76.98476238
v -121.42555740 -127.36297575 50.02270787
v -90.12007917 -104.15800057 -23.33376296
v -57.45870129 -128.86960825 -39.49102255
v -127.46583555 -114.47239732 13.35401192
v -54.34887664 -134.66939586 -43.67730078
v -94.68984502 -98.82005511 -24.96201242
v -117.31456685 -76.70429651 -18.60432074
v -98.06766451 -96.58642040 -22.54444174
v -119.15335800 -92.96841679 -17.80504342
v -106.95267919 -89.86539293 -18.85385354
v -127.52893872 -114.87618876 16.62064506
v -123.51749714 -124.00866354 38.77420584
v -123.64719079 -133.59078941 44.48482405
v -128.39449256 -116.81346137 6.16429879
v -43.24212398 -148.64871610 -50.73282845
v -121.26160674 -86.74098621 -18.44770692
v -124.33276223 -125.17835872 52.97941101
v -104.92092667 -93.92135613 -19.99316483
v -86.26714680 -103.14262047 -27.09076107
v -98.25344238 -95.86127776 -21.72748109
v -44.94472865 -141.63601536 -51.83141188
v -123.34716718 -133.03051181 49.35990495
v -65.55726188 -121.65574351 -36.28890918
v -131.41896127 -93.56438375 -9.97135586
v -66.75065218 -120.07357515 -31.21929508
v -123.73384888 -118.15337179 18.22806255
v -46.19418876 -146.30405788 -52.54523255
v -122.57638346 -124.87944352 26.43987829
v -113.31525247 -123.47927396 77.41433678
v -97.72972360 -97.78021238 -23.57084065
v -128.56128448 -95.05533657 -10.65127195
v -128.07306953 -126.82338645 26.47769041
v -118.80239070 -127.13293679 73.83704895
v -131.85788418 -117.31309183 10.18707094
v -54.40582249 -135.29551509 -45.57627514
v -87.13213061 -104.39884323 -27.17262078
v -59.61627614 -130.70221837 -39.92080840
v -118.79958340 -128.23690284 64.89543924
v -134.45462189 -107.10658774 4.75579688
v -66.25814560 -118.91604116 -35.16194511
v -132.65187995 -109.16727262 -1.33806508
v -52.81392424 -136.77120663 -46.22246836
v -67.90837580 -117.24170122 -30.76692091
v -135.10448467 -106.32530808 3.26236422
v -129.77249001 -113.89705367 14.65659476
v -119.86569377 -87.99762593 -15.88167287
v -131.73603134 -111.92821026 0.85593502
v -132.07120003 -115.47774831 4.59887130
v -127.91675922 -127.24410339 29.04796436
v -127.88740437 -128.60542755 32.95018825
v -58.14177871 -126.94697085 -40.05318373
v -49.18671292 -137.88443092 -52.39866177
v -90.18544488 -100.07322865 -22.87680330
v -126.12172591 -90.18062269 -14.19364405
v -52.46425965 -134.35854920 -44.99360647
v -125.79807275 -118.52831682 22.54716957
v -129.68888448 -132.12406735 24.84141189
v -60.21026071 -128.94980872 -40.79647890
v -123.01692655 -127.69962935 37.54666988
v -109.03135753 -85.57680334 -18.71819742
v -125.15378768 -131.76296394 38.54588623
v -120.09686177 -125.44679922 71.98954542
v -120.96523029 -130.21985160 64.42880852
v -131.10040715 -109.48924138 0.29283444
v -76.71712104 -111.52517748 -31.00909478
v -125.01008537 -132.05196529 54.91908763
v -122.44607757 -126.75241775 41.26327971
v -134.23625966 -104.14413980 -6.22568111
v -133.37867549 -101.20521789 -1.34805639
v -102.74350463 -98.69950896 -20.73417727
v -128.67195605 -134.84721903 28.28553940
v -63.29244825 -120.92672243 -34.29625572
v -126.82196267 -129.57425054 32.87930919
v -123.84473102 -93.87601028 -16.98785558
v -132.71147170 -102.35581721 -0.86805992
v -135.68181328 -110.27933546 4.76808421
v -119.59968267 -123.83043273 60.81537475
v -99.19007080 -95.26529934 -21.42640465
v -134.78250834 -110.20471621 8.18032012
v -112.86321847 -121.06232583 77.09434361
v -68.28949924 -116.17552884 -33.43442667
v -120.58103652 -123.05140548 68.00143925
v -55.10745457 -129.48375324 -42.53218672
v -56.34740353 -128.77579353 -40.65151592
v -109.86078327 -84.16779067 -18.71470104
v -112.64987694 -84.96927433 -19.66378079
v -127.32137384 -114.69411425 14.82876441
v -120.97317475 -86.15807580 -17.17664714
v -121.57565847 -92.98504182 -17.77567938
v -46.03292571 -145.67988968 -53.07025000
v -121.17231199 -130.49743428 65.82087663
v -122.43179685 -123.32830945 28.58929495
v -75.38114847 -111.58760103 -26.53516194
v -121.98624155 -86.83566751 -16.79813489
v -122.48540795 -120.24649754 24.79898589
v -80.81325222 -108.44933132 -29.84611238
v -127.16803669 -130.36019741 46.92614046
v -131.71362037 -105.22132668 -2.71816287
v -123.03853002 -128.45189222 38.36160274
v -134.18573333 -100.44201297 -2.33656531
v -119.21049943 -128.79608391 64.77332677
v -124.98603663 -126.88257767 61.35441481
v -121.84957025 -125.08578131 52.26823603
v -95.38243557 -99.69377110 -25.02023762
v -112.62519642 -90.53089832 -18.95696207
v -126.62008976 -89.53037087 -18.57529443
v -128.05380246 -121.67905968 11.82086597
v -92.98301950 -98.77589235 -25.14726819
v -67.60264922 -116.79723218 -31.70573292
v -97.56559082 -96.38914695 -22.24907313
v -124.94322008 -122.28910839 29.98475882
v -118.92548316 -125.41736285 61.69927559
v -113.25814025 -93.04464237 -16.12370412
v -127.29968393 -128.86309022 51.32773379
v -127.40414320 -130.54944660 25.49043560
v -94.93406233 -98.58499638 -21.14721915
v -132.17254827 -116.65213244 8.75697001
v -116.97528400 -91.45192630 -18.43675275
v -118.36167928 -77.07906464 -19.17959402
v -68.35257403 -117.17789357 -30.24783783
v -119.42974521 -126.49614345 73.23527621
v -130.79973629 -121.49053494 16.58135363
v -117.41975815 -74.51486080 -20.25819849
v -85.56223500 -102.73310967 -22.92473364
v -124.32487311 -132.53312051 53.84887842
v -130.60652323 -122.15405384 16.12123226
v -123.25794190 -125.99009233 31.47663491
v -106.86215549 -90.75572275 -18.31497610
v -90.82315524 -102.50260459 -25.72284967
v -57.94109018 -129.84994826 -42.71628125
v -118.79619147 -129.28140356 66.65931090
v -118.23975600 -124.73296493 63.31255459
v -121.20708090 -127.59462294 51.04925407
v -47.98269755 -140.24212581 -53.00536110
v -129.34529575 -93.46859349 -9.80227394
v -130.17851253 -111.02507306 9.29613578
v -58.65926006 -130.34076182 -42.04932405
v -58.45329458 -131.70944322 -41.09914556
v -57.14666217 -128.08899945 -42.25584549
v -132.05233829 -117.63639806 12.53547038
v -115.80155261 -93.96393536 -16.50377419
v -125.94144812 -116.01202756 14.15471242
v -128.99082591 -138.34966966 28.42359035
v -124.76351974 -95.04968228 -15.39033207
v -118.95170735 -76.24486600 -20.24777916
v -127.57744064 -141.97949674 30.72587754
v -90.63135470 -99.59111781 -23.22113811
v -58.15462631 -129.21861687 -42.41632665
v -121.65638057 -129.96545445 52.65687884
v -112.34862525 -126.36568253 75.61442084
v -123.62993294 -125.87659405 43.79841446
v -66.61679148 -119.14142106 -35.21535036
v -38.43148855 -154.11721306 -53.60762748
v -123.01097586 -132.17464865 44.34608213
v -121.01231378 -129.68816482 68.60451210
v -126.33265073 -133.17633927 43.51292461
v -126.99791039 -115.30700902 7.82615802
v -132.45274935 -102.04260119 -1.46589324
v -130.62128471 -109.96447465 1.32962372
v -125.62204275 -131.04601454 55.96786042
v -128.46286497 -127.52531086 20.90972957
v -127.77130689 -123.11868723 15.08124922
v -85.81062978 -105.54753597 -23.61666934
v -67.79665759 -116.35722897 -32.93460243
v -122.41834721 -127.51157073 44.59844889
v -127.98978979 -129.44427895 25.74915114
v -132.01232479 -106.43105905 -4.10298917
v -61.49247851 -123.93329707 -35.59353530
v -61.39956293 -125.53526123 -39.86281393
v -109.36170691 -94.15796130 -18.69699322
v -134.01240176 -113.87672431 7.29008124
v -53.74686755 -135.76309263 -45.03455386
v -120.08392106 -127.30913873 56.24613903
v -116.19836610 -83.07743356 -19.54564783
v -132.63609403 -105.20881353 1.74255185
v -65.02186005 -120.50790135 -36.51615850
v -122.14823959 -121.03864279 21.42734832
v -132.39386387 -116.55321559 12.14627674
v -106.08061024 -94.70599854 -17.59036942
v -126.17912585 -132.77960099 52.60904116
v -134.14391779 -99.54726623 -4.03186565
v -128.79019659 -93.26239160 -10.52907992
v -51.86116393 -135.50747390 -45.89036174
v -44.54645464 -145.01016411 -50.48813184
v -133.93936047 -105.89192355 -4.53880704
v -135.34179332 -108.64562560 6.31981030
v -78.34370230 -107.37948806 -28.09970143
v -80.76933546 -108.07973121 -29.91669976
v -51.38054220 -134.44774732 -46.57925208
v -132.11399142 -116.12527512 14.24112262
v -77.85834741 -110.70307760 -30.76059334
v -122.95626111 -122.19874390 28.97814248
v -130.24047225 -111.50443556 10.07194042
v -99.47273231 -99.22693007 -23.07815831
v -126.67155459 -131.86784879 44.63463787
v -118.98435393 -122.40114513 64.96103056
v -117.59821551 -82.14285572 -18.99207189
v -127.05016422 -113.38519127 8.16753469
v -127.36985640 -115.05587667 17.23939717
v -125.61083221 -124.53000196 38.52874568
v -126.21725421 -128.67356752 26.18986594
v -121.53084528 -130.13789531 62.54693594
v -132.32001177 -106.27226609 -4.67646897
v -129.37172980 -97.73650015 -10.62657161
v -115.33133037 -93.41440401 -16.01352651
v -128.09857036 -140.87386281 30.11976866
v -57.11497794 -132.53503765 -42.83005467
v -124.27089400 -133.52159213 50.54252828
v -123.06939753 -121.84143705 28.17718544
v -135.35587514 -111.28194170 6.06561680
v -123.39456539 -128.89274477 64.73783446
v -126.84748963 -132.90412104 41.69817631
v -128.04950029 -128.29637571 36.50962271
v -123.13758960 -132.47258099 50.36268836
v -65.69682358 -122.39937981 -34.29230403
v -119.67186581 -126.60692130 60.38814866
v -41.98995787 -149.78396358 -53.85905344
v -76.48120931 -110.52925662 -30.94742271
v -128.02107744 -95.04247864 -11.29907803
v -121.44165784 -129.79587035 58.45142268
v -130.54529070 -120.03337778 11.59366025
v -76.88467173 -108.31461919 -25.87376371
v -132.89633316 -108.07507418 -2.65903410
v -127.52831607 -128.14079272 26.84036809
v -111.40911670 -124.28002641 74.42829939
v -121.34495411 -129.73107256 57.76570159
v -122.54371049 -129.74685223 42.81162726
v -126.54771697 -93.93761639 -12.59931706
v -119.65511553 -122.41808407 68.27859929
v -118.85346374 -123.50660825 73.07769160
v -121.89574192 -123.33038811 64.29709771
v -119.04443872 -126.54622130 62.16752613
v -131.86155165 -114.25173767 13.99714017
v -123.66837074 -89.72299386 -14.93309173
v -115.28164737 -86.55968872 -19.32268927
v -46.82460345 -142.71292368 -50.05143350
v -36.71213019 -155.99897163 -52.68240702
v -77.14469694 -108.64949787 -29.64435048
v -120.89437444 -93.53662080 -17.36686714
v -133.32234126 -99.33834587 -3.16742387
v -115.00131825 -127.74856758 72.04137153
v -117.10141847 -79.06623751 -18.34657194
v -125.93717487 -131.64272775 54.58470943
v -123.31569968 -123.27929767 35.45255950
v -124.97993811 -125.07848021 56.74738216
v -60.20565283 -129.45692403 -38.48226474
v -102.06665426 -99.08565817 -19.44851667
v -123.68400416 -119.16720425 17.70357632
v -120.16534429 -123.01813070 62.22711943
v -39.97115093 -150.64885032 -53.79808874
v -55.87506353 -130.18894187 -40.82761617
v -123.24203070 -124.23101365 56.26301038
v -121.27392869 -92.05628585 -14.86769319
v -53.94959785 -130.32733986 -44.15064213
v -122.91997029 -119.59823912 23.92374248
v -121.86394109 -120.58717237 22.61061947
v -92.08027545 -98.73665473 -24.09692759
v -52.37157034 -132.55723322 -45.84444398
v -123.14531338 -127.44499792 36.33879758
v -100.34132623 -95.03401778 -21.35390521
v -78.00770743 -110.15371606 -26.03701426
v -133.09088142 -110.55304740 9.48108557
v -122.42315758 -129.51439156 45.72407110
v -125.99692138 -128.28191090 44.18288817
v -125.82874259 -122.86039360 31.83838753
v -62.72472440 -122.57663837 -34.44465847
v -126.77901915 -132.08071453 42.39068197
v -133.23331281 -105.50398398 -5.59901533
v -128.27264454 -127.60558087 25.54530862
v -56.19075534 -129.46533079 -43.87561410
v -49.68725231 -136.43376947 -49.91513753
v -125.05108104 -132.77698971 39.79764456
v -127.32049267 -130.23967706 35.92805325
v -133.04381721 -97.26739463 -9.44599324
v -121.92210666 -87.88349487 -15.96617144
v -134.88856650 -111.18505402 3.20114900
v -63.21623110 -124.79028269 -38.53933099
v -132.63648809 -108.43776937 6.74668756
v -135.10877294 -101.38624731 -3.15477435
v -126.70077613 -128.77272830 47.08529086
v -104.92680388 -94.40406621 -18.10840754
v -98.51409269 -96.17191883 -20.39422386
v -40.13981161 -148.26968037 -52.07564335
v -63.61418512 -123.91571820 -34.51547994
v -119.53658336 -75.03591229 -20.34844918
v -131.22731942 -109.94792704 0.06423462
v -135.13905023 -102.44086957 -0.84583467
v -123.63223043 -133.39418840 43.79638949
v -125.54075196 -145.63829503 32.23949051
v -126.41888720 -127.33433463 56.10092488
v -129.67351738 -117.11127294 5.31963568
v -37.57878558 -154.05422225 -50.61692103
v -135.80927205 -106.88687633 0.03898311
v -129.05933309 -135.38621850 28.81209806
v -82.85507028 -108.17495234 -26.92433609
v -121.65707545 -122.57215119 26.60512408
v -131.55158538 -107.81178911 5.15372521
v -43.69221873 -150.04987364 -51.72133867
v -48.00007687 -142.17232108 -52.47488763
v -128.17125892 -92.89040059 -11.35431589
v -129.86466879 -136.93348896 28.44946716
v -122.66290188 -123.00507845 30.48677561
v -64.31227698 -120.27631640 -33.44600159
v -67.93740536 -117.60759441 -34.34482181
v -117.38526750 -75.14489218 -20.47509479
v -51.94694586 -134.74012888 -45.67198316
v -61.42335752 -128.55478420 -38.86363696
v -119.11165324 -125.45780685 73.77553937
v -135.91006667 -106.23523261 1.78781896
v -135.25637168 -107.67952594 5.41545247
v -126.72731985 -130.99286642 42.87988150
v -41.25313316 -147.44465958 -53.33992940
v -110.27739859 -88.71409081 -17.19927893
v -132.06184052 -110.35030881 -0.27657451
v -127.04894232 -129.19814452 53.55550200
v -127.81981960 -124.69635624 31.19993456
v -102.65448913 -96.70654956 -18.68313580
v -124.80635740 -121.97726231 16.79645152
v -92.42557266 -101.53241724 -25.43054314
v -122.95292437 -125.96862191 34.31190921
v -133.63961913 -102.41552951 -8.72440551
v -83.05304153 -107.89386789 -27.96765677
v -44.05902195 -142.92152438 -51.88319714
v -67.58517579 -120.09540243 -31.25974970
v -125.20153419 -130.01640004 34.46865814
v -128.05953233 -125.87357839 27.37409505
v -125.21291152 -134.38097708 46.38727242
v -132.72802552 -103.52666630 0.32757430
v -125.71344859 -126.07868433 57.31577246
v -124.77513813 -134.24049087 42.93240592
v -64.24135547 -124.36663340 -36.66607805
v -126.61877831 -132.67077105 46.23986994
v -130.86733129 -99.73186247 -11.70476354
v -119.93714880 -74.95153118 -20.05802234
v -132.35562020 -107.02443344 -4.03358258
v -69.10269515 -119.23861114 -31.12923331
v -70.90640430 -115.86997717 -32.94329486
v -130.04874895 -117.19623198 17.98894417
v -126.37070919 -128.87284377 45.07638714
v -125.21207669 -117.32146423 21.33575210
v -71.93069168 -115.33662649 -32.45135111
v -131.11922746 -94.51254555 -12.95754418
v -125.51709175 -133.74549618 50.62043439
v -118.38246476 -76.67540632 -20.37171930
v -128.41663452 -127.30827492 35.61570293
v -114.53776110 -122.15653143 70.72082254
v -105.57477222 -94.10784247 -19.86159008
v -72.62303769 -116.22232024 -30.83321647
v -131.03737809 -108.24953826 4.18100931
v -117.21164956 -121.88523887 68.13738512
v -121.95301700 -129.64018855 66.71125308
v -116.19268653 -79.87049714 -17.65445840
v -126.46387498 -94.36816400 -12.74749006
v -130.89206678 -114.24089104 2.63776746
v -50.21879451 -139.20524452 -51.50697487
v -124.62115970 -125.62737935 42.22563970
v -71.97892456 -113.67025491 -32.05309150
v -127.02780522 -121.68804737 12.59526389
v -43.45714227 -147.55459868 -53.86129945
v -54.92031741 -130.53046757 -41.94182876
v -123.99394673 -121.68248654 27.72014858
v -125.30032229 -116.14561676 17.03684636
v -116.83557362 -127.82951123 68.40365938
v -122.08592850 -129.93899833 49.74307641
v -120.09961671 -130.27363121 67.68157256
v -133.24168665 -103.15162771 0.44556763
v -134.67154027 -102.58901085 -6.98108552
v -129.99938959 -120.48392602 19.14996386
v -124.44472570 -134.31545052 48.57173752
v -115.61175191 -128.03253204 74.78536965
v -68.78760655 -117.38052878 -34.06152208
v -116.99321627 -84.69463697 -19.29179152
v -128.66107139 -126.88611732 20.17810005
v -118.86374894 -122.21696945 69.99574667
v -129.53066774 -98.01895494 -12.91107330
v -66.69885069 -121.16103147 -34.70114474
v -130.57753963 -119.28863062 10.21821166
v -133.61468610 -107.54166468 -2.71553734
v -99.05352027 -97.91944822 -19.82868794
v -62.20963069 -121.26071943 -36.27373450
v -44.41288415 -146.50045762 -53.75125421
v -115.72570793 -121.14662766 76.80954920
v -128.89978891 -112.56552889 10.93160307
v -117.74740620 -77.73747456 -20.23931814
v -109.00849536 -95.08856233 -18.38194405
v -135.52260707 -103.31987361 -0.50982164
v -78.79758907 -109.65471787 -30.45787011
v -123.25558549 -123.64413682 36.69437317
v -129.22922042 -122.85999649 14.88506272
v -126.97310772 -116.94737252 8.38892245
v -130.63698454 -98.75473594 -7.54473479
v -126.07979038 -115.96213461 11.57874507
v -94.40326401 -98.53193678 -24.86069406
v -43.60509254 -143.71555770 -51.71049197
v -82.95403604 -107.23819784 -29.11338853
v -92.47687319 -101.94148438 -21.68634980
v -134.31553353 -113.37366603 5.85947115
v -86.97688367 -105.55984616 -26.14668557
v -117.75009431 -74.16514101 -18.80230914
v -123.38232764 -129.16570540 38.03562177
v -131.51970269 -107.00677407 -0.30694348
v -85.32254866 -102.91203838 -26.04590934
v -125.83567034 -119.36554958 12.50549926
v -125.52993917 -115.92785029 18.28295987
v -127.88246834 -113.88674859 12.45615991
v -135.27678721 -107.27646454 4.63320566
v -117.59675542 -87.94180463 -19.00031479
v -124.74485767 -134.45290919 45.37947914
v -116.67383898 -120.96493882 72.22519566
v -77.48266628 -110.92463805 -26.49415570
v -54.95639404 -129.43138213 -43.25434859
v -122.54822923 -94.34226919 -15.02916426
v -135.68459744 -106.92015537 3.59050701
v -67.32477917 -116.83288806 -32.41161881
v -128.51349549 -90.25938004 -15.22837796
v -127.20128783 -131.24421350 50.26699288
v -122.76676522 -129.09151586 40.37067447
v -122.91003229 -124.93947431 30.33477778
v -80.56843872 -105.44895349 -24.34266183
v -122.49658085 -131.04440614 47.20064904
v -131.35480609 -100.67621581 -5.31181319
v -117.92515359 -125.50735363 75.26601072
v -132.11813626 -100.40000416 -11.41519069
v -71.42591986 -114.22572923 -32.33601922
v -133.36730275 -110.08556033 -0.01317455
v -125.15846265 -121.73311560 26.32007985
v -93.89798540 -102.21418322 -23.50278280
v -102.09040625 -95.77490359 -19.00109851
v -117.65077016 -92.40957885 -15.53059640
v -93.11688185 -98.20161871 -23.48144430
v -69.87761141 -114.97730732 -31.94051300
v -131.06892109 -113.22031180 13.28280560
v -129.25582547 -119.37145070 7.93971881
v -123.37031929 -133.52506620 47.38899805
v -135.02587686 -101.32844087 -2.66671563
v -126.88164100 -133.43832722 41.17317813
v -123.70654962 -134.09148409 45.82649381
v -116.62935019 -75.51857703 -20.35930683
v -128.65553549 -97.22215678 -13.00277646
v -116.79675543 -76.42604882 -18.52446210
v -117.91251278 -129.48855150 70.30274845
v -130.75490472 -98.39426704 -13.20603438
v -74.54255365 -114.26399939 -28.70557868
v -89.80698494 -100.07024880 -24.55046678
v -40.03515858 -154.40266461 -52.65574215
v -125.72921100 -133.99255458 46.09620752
v -132.99088255 -97.27975948 -5.96704796
v -122.96418451 -128.15029533 66.03555479
v -126.76491246 -128.71993534 23.58378649
v -123.35062344 -94.80968489 -15.50692569
v -84.58901800 -103.00107545 -24.48262819
v -108.68328116 -92.93519366 -17.03278326
v -122.20593571 -130.30948877 59.98846486
v -123.93836837 -132.98410631 51.69522150
v -120.34605511 -128.32199099 60.62930266
v -135.71624493 -103.22696205 -1.27539455
v -124.10362177 -126.44095037 45.30885223
v -122.92856515 -124.72193064 40.21879696
v -125.89864191 -127.74956691 46.84579365
v -51.69794324 -138.26236473 -49.17270554
v -104.02011483 -97.43402572 -18.42090325
v -118.32102736 -77.83784816 -19.75529784
v -67.87167510 -118.78128521 -30.52975172
v -112.33733328 -126.27628256 74.57366595
v -52.46743922 -133.08007117 -45.03564511
v -126.42539193 -130.55700678 55.01739586
v -115.44441747 -93.98988935 -16.90171206
v -134.87600997 -104.04026480 -4.74678227
v -133.00543785 -107.20881166 -3.66408753
v -123.23287222 -123.87252897 37.63060106
v -125.32317409 -122.65530870 16.63852809
v -126.81480978 -129.15835261 31.39098976
v -136.04682152 -109.32989598 5.17478777
v -130.18176384 -116.25388574 17.30507056
v -85.59001188 -106.36421959 -26.80920118
v -129.22628125 -91.69801355 -13.84750006
v -129.27714358 -139.84882995 29.13668306
v -63.67266366 -125.00250907 -37.60518070
v -131.53207247 -110.71734032 9.45912087
v -47.13936704 -139.23423388 -52.69907398
v -128.70365962 -121.45116956 21.40526094
v -122.60087988 -123.76883709 29.92861789
v -85.63886963 -104.99825270 -27.95656383
v -41.31836708 -147.46478143 -51.31667606
v -114.43163546 -127.82786949 73.91738698
v -128.39130728 -133.16584255 26.41641918
v -123.97395582 -132.94669465 41.57259710
v -129.87215477 -122.61333967 18.79098611
v -51.70465105 -136.84137584 -49.84586409
v -132.26542564 -116.48761739 13.55674335
v -127.96629287 -124.98008317 29.84821964
v -127.44526587 -142.31975171 31.24983707
v -79.75593338 -110.29742811 -27.74946427
v -129.57550026 -118.75344433 6.95965529
v -128.70315783 -124.95216781 17.99854586
v -83.53492946 -104.10018370 -23.20423195
v -131.79888093 -94.72267097 -7.63373158
v -125.85556648 -123.84406104 17.48965192
v -118.06726846 -75.17511758 -18.77413616
v -127.60025007 -124.63317923 27.11734685
v -60.13826865 -124.31414474 -37.58945333
v -131.74573948 -104.95412113 -1.95694266
v -124.87944608 -133.35530322 40.68485560
v -123.25117810 -124.00914063 38.46968913
v -122.85954744 -124.68047738 34.93326620
v -118.22906530 -76.13675848 -20.52613807
v -107.11907823 -95.91045875 -18.98094958
v -48.10267529 -142.58409458 -50.44831709
v -118.46357774 -124.27370380 62.95928242
v -125.69032731 -118.71337620 12.45668285
v -69.39436312 -115.23937933 -32.38066037
v -131.76612133 -109.09928503 7.60892839
v -120.07265090 -94.07695833 -16.67280060
v -131.87161403 -104.05617787 -1.38252145
v -111.85344468 -80.59457098 -19.34293127
v -126.25205417 -134.03851045 42.02124244
v -132.74450840 -112.24795416 11.28559336
v -123.99270693 -124.12179902 39.33147563
v -92.88278397 -100.90127301 -25.57804271
v -122.07554760 -129.92226307 49.00630277
v -134.59712651 -100.75425174 -7.96230372
v -71.02863999 -113.87525863 -29.74455896
v -125.64440812 -121.49694431 25.35055974
v -123.28573077 -132.71388609 43.57384554
v -120.79770554 -130.43230273 65.68563260
v -122.45702985 -128.92668141 43.91287468
v -126.57613232 -133.05838160 51.23089683
v -119.88925438 -127.15282734 72.45751085
v -81.11932634 -109.22996062 -26.70025068
v -128.22388729 -122.32262031 22.49194129
v -135.01753361 -109.81954979 7.51918387
v -102.89143112 -92.80121766 -19.93241082
v -117.01374413 -85.31273542 -16.27532972
v -42.78640073 -144.62773999 -52.64299904
v -60.66643468 -125.72880438 -36.61787313
v -73.66407126 -113.81243868 -27.57720270
v -123.67709447 -133.37687174 43.10954538
v -118.59293152 -122.67551483 64.57718268
v -127.06975385 -121.39185990 23.44880723
v -120.10819051 -90.92790586 -18.51879765
v -125.27446552 -120.85438514 25.05297325
v -80.73293037 -109.01650072 -29.43810713
v -125.90117543 -146.33490703 32.12588350
v -110.58455635 -84.82901872 -19.49292932
v -62.24963118 -121.91331519 -37.53618124
v -121.99477838 -128.76664954 67.90609981
v -116.51126369 -128.37535640 69.64566877
v -112.55569033 -120.38209926 75.93944795
v -80.38306080 -106.22329559 -24.34960467
v -129.33910063 -130.88963871 23.89226590
v -126.53033612 -127.36964594 52.90476856
v -92.28080938 -101.23483886 -21.57787039
v -135.92752157 -104.69104106 -0.73995997
v -130.67289074 -95.10764926 -14.00655445
v -132.73667854 -110.06052981 8.82858633
v -124.25458316 -134.51513968 46.18914721
v -70.86499325 -114.01358632 -30.98798049
v -131.52575303 -107.00687147 0.74425904
v -124.73257379 -127.66888001 29.86495546
v -122.41101792 -127.85666690 43.07920625
v -125.18472789 -129.54766471 33.04290813
v -96.42509985 -99.68910102 -20.51789718
v -125.97353740 -132.94994462 52.40387431
v -61.64326083 -123.50156815 -38.78085683
v -56.54904085 -133.08341727 -41.42110530
v -123.57293144 -122.97489825 19.61091416
v -107.50832961 -89.23451723 -19.08787365
v -126.92710216 -114.48555033 11.64241465
v -99.91055447 -94.79522007 -20.37762338
v -54.31437696 -129.91745713 -44.02158599
v -127.76521230 -111.38183971 5.89578245
v -122.65838768 -123.10046945 31.39234678
v -130.18543776 -111.06196029 1.74782130
v -125.76761955 -127.02654173 49.29920711
v -93.51263335 -102.51442556 -22.13740639
v -127.32244666 -114.26291177 12.10364922
v -73.89646488 -114.15761720 -27.81686505
v -41.32142238 -151.79912039 -51.01517484
v -59.44258406 -130.32924699 -41.09967457
v -127.61199832 -124.10723911 24.80959187
v -77.20745946 -112.02128696 -29.89463573
v -101.54076956 -95.82917711 -21.39442587
v -129.92358919 -96.00817174 -14.63111668
v -75.63428044 -109.35524801 -26.03649201
v -53.07024455 -133.04913803 -44.04262237
v -131.05591985 -115.16891198 3.48239228
v -65.72049779 -118.96798086 -35.13796753
v -122.32333378 -129.27675796 46.36278145
v -120.37085351 -128.64561665 61.33181868
v -124.24143291 -127.38235374 30.85614671
v -90.32692050 -100.62327270 -22.19617949
v -131.58693002 -101.18288243 -4.14145342
v -42.81452095 -146.52223817 -50.84421920
v -78.33645205 -111.06578152 -29.86945148
v -63.57066976 -121.03002445 -37.05766235
v -102.63148651 -96.82602243 -21.18500063
v -131.14637884 -113.57438748 13.87315852
v -134.76762363 -103.64608482 -5.65673342
v -122.89250521 -124.23172328 35.70133676
v -119.49463476 -125.85854405 60.24342466
v -125.77180417 -122.73347045 28.25146924
v -130.12604208 -117.48788021 5.57979618
v -126.50327056 -121.76380906 24.39825241
v -130.55364911 -93.00381406 -9.15647726
v -125.60991383 -94.40059700 -16.50818092
v -52.32167648 -137.32884496 -46.86001966
v -119.51492034 -72.65136454 -20.10471636
v -127.17890619 -122.97637139 15.07776744
v -122.91728822 -125.37081726 32.05320798
v -37.18246449 -153.04245946 -51.69383786
v -125.29631519 -134.25701393 42.36746819
v -63.08490636 -123.22358172 -38.44956119
v -108.60195637 -87.75854983 -18.23681418
v -131.68644824 -103.55370335 -6.07385245
v -66.49456256 -121.23322520 -32.42682521
v -123.58554347 -87.84710398 -18.40271793
v -118.97390259 -129.76927311 70.41508818
v -128.02073914 -126.70572272 36.13782200
v -48.37249054 -139.10346308 -52.85644071
v -128.33582344 -138.28121324 29.99166061
v -132.99469385 -98.48096771 -10.92938265
v -75.99359901 -112.98152814 -27.91623398
v -42.26806417 -145.31197276 -52.04303606
v -123.69815570 -130.41545106 60.97526107
v -52.03994953 -132.80464361 -47.02090376
v -122.91076686 -129.81031836 64.58798456
v -125.05516012 -127.67261805 28.23620330
v -52.41144033 -135.75902022 -48.81752090
v -113.04439758 -119.44512866 75.47911501
v -119.92549611 -85.17178967 -17.98241986
v -105.33936143 -96.26402121 -19.83942872
v -123.93229432 -124.88169608 41.21312374
v -128.39664262 -126.39934101 24.91236245
v -128.37732152 -127.31493869 31.74547254
v -131.88929602 -112.44717786 11.98541606
v -124.27774749 -126.18953410 62.64006425
v -122.40386625 -127.40409520 45.32887927
v -63.10876958 -125.90454510 -38.02119949
v -131.23937109 -114.73869748 15.08043754
v -123.92371460 -128.76452805 34.24111041
v -60.46775012 -129.53010063 -38.71698052
v -113.88174873 -126.74242459 72.50152272
v -134.89165892 -111.71406774 4.16874429
v -126.54309023 -129.00668507 45.71325059
v -66.39668442 -121.57129667 -33.31986949
v -126.94784588 -129.71884888 53.81144647
v -107.11472884 -95.26371146 -17.33835404
v -128.87300045 -124.43070936 22.56735115
v -110.68087609 -94.74123870 -17.62098822
v -58.22165398 -126.91525207 -39.62479043
v -124.69121718 -125.87633059 22.07889255
v -122.81792812 -122.65271371 30.95537801
v -131.79722466 -97.61026017 -4.75785404
v -131.43852766 -101.67081303 -9.08904591
v -135.80663342 -109.40992670 5.97372808
v -75.74132987 -109.40341545 -29.45041321
v -128.05979139 -121.25511453 10.87092169
v -91.93323956 -101.26977168 -25.81975252
v -116.39491723 -75.44272569 -20.14882756
v -46.01160504 -143.47501433 -53.41276839
v -134.28635167 -105.04878643 -5.05857691
v -121.13022018 -124.73352591 54.74213442
v -122.14300796 -129.27843630 47.38511527
v -114.01849655 -119.62299923 74.27861698
v -47.22044745 -143.33088795 -52.74792932
v -124.06512631 -125.70057960 43.08546156
v -69.98659934 -117.19093149 -29.47342289
v -51.77407800 -135.71099544 -49.46202838
v -131.68502394 -106.47270824 -2.11751163
v -110.15822083 -86.61994872 -19.41707671
v -127.30531990 -130.53309843 50.53441646
v -129.29568417 -138.39047829 28.23983613
v -127.86473319 -116.20161036 6.47791342
v -69.78593142 -116.67805620 -33.50589070
v -115.55602473 -126.98215108 69.51951007
v -41.23206544 -152.21167744 -53.52627389
v -127.34106116 -117.01469588 20.46970363
v -123.91790051 -130.90848136 39.16938790
v -111.84492590 -125.00285403 76.59885200
v -117.95259299 -122.15540664 66.57319151
v -49.39138398 -139.20132228 -48.76360153
v -128.55297090 -130.08684033 23.21543829
v -72.73043890 -115.79803269 -29.06225798
v -125.65986488 -126.16468971 53.41575076
v -52.08067235 -133.27096053 -45.93780130
v -128.50360568 -137.62259629 29.11764679
v -132.69273208 -115.77268573 8.33254620
v -65.47210256 -121.20695044 -36.45722437
v -127.71921949 -91.69498621 -12.60026521
v -44.37370180 -144.76277033 -53.63555777
v -122.78336518 -126.56066272 45.26066182
v -123.16451826 -132.17556195 52.82374096
v -125.34995372 -122.41133706 29.22989563
v -89.16468781 -102.71186927 -26.52399405
v -124.64331689 -94.51886871 -14.22742067
v -67.05486652 -117.07137649 -33.53602370
v -129.39215389 -117.52091386 19.06119969
v -64.42677731 -124.14561735 -35.82900814
v -125.82326887 -121.96834215 15.09818918
v -129.19334508 -136.90458002 29.65587963
v -127.89146876 -128.47820085 25.98150899
v -63.45636440 -125.04519339 -38.16922251
v -117.44637705 -93.80307936 -17.08032473
v -62.93688208 -125.38508608 -35.91301940
v -82.66567021 -106.15129372 -24.08335731
v -101.67630800 -94.58506651 -20.97910990
v -124.54297055 -130.53239108 59.59941708
v -89.03454427 -103.18973695 -26.45460322
v -46.37819418 -145.96610212 -51.96156958
v -124.39926589 -126.18720981 23.34810286
v -129.27349117 -116.07937973 18.22884953
v -128.85959544 -110.01171307 5.90249057
v -122.29344671 -128.65563695 46.17803529
v -125.60990251 -87.86537513 -16.50436357
v -73.89101735 -110.88829617 -27.82629373
v -127.98827551 -94.89700759 -16.03722676
v -133.74301514 -105.13294055 -5.62046216
v -124.47112098 -129.97481344 35.95052151
v -116.93476097 -128.14949046 74.64389820
v -122.99408117 -127.39972793 66.06225727
v -68.44453971 -119.35750704 -30.76193699
v -47.36836030 -141.35532546 -49.83352516
v -127.63123017 -89.38033187 -15.37632107
v -50.97552738 -136.15793502 -50.58443227
v -128.13812818 -132.31643554 26.57729925
v -48.07907601 -139.46923968 -49.68221306
v -91.41044131 -103.54601775 -23.14836970
v -111.75858814 -92.30556905 -18.69991042
v -96.74438353 -99.24443751 -24.47664188
v -65.92417776 -120.52746745 -36.02381412
v -132.41344385 -110.98478140 10.10841254
v -122.52013008 -126.96901524 45.54377713
v -90.23703335 -103.94867936 -22.85373158
v -125.51392710 -134.13294988 41.29642171
v -130.59825881 -96.91556570 -7.02624194
v -123.93768789 -117.33278136 18.83625110
v -132.77008082 -101.32838372 -1.61349344
v -121.68476374 -123.54977490 58.67653247
v -50.90889066 -137.86916122 -47.61895790
v -110.85346227 -88.04656198 -19.38672146
v -60.15714802 -124.54520636 -37.23555063
v -107.58238515 -89.98133772 -18.11984116
v -128.15231307 -113.38770708 11.66275807
v -122.85270773 -118.88278460 22.08925880
v -128.41372232 -114.40782554 4.46692477
v -135.05787939 -103.46717056 -4.37573081
v -121.95791214 -87.71262846 -18.57684359
v -101.65109650 -93.50250663 -20.30851633
v -58.29029570 -128.50542834 -42.02548059
v -41.25690251 -147.09919611 -51.66416450
v -48.06445806 -142.27892480 -50.05463075
v -124.28459858 -126.62053803 46.47023847
v -111.84978548 -125.79479445 75.29500164
v -129.17300897 -94.98269493 -9.79397132
v -130.48373805 -119.93791121 18.02889105
v -129.67379399 -119.30669183 8.23337897
v -132.89200163 -103.31600320 -8.27914810
v -84.99525403 -103.88101434 -22.78585228
v -124.58515784 -124.99955782 59.00512101
v -126.09993341 -125.19182128 38.78978988
v -123.33244498 -125.40686934 50.72311802
v -128.08231339 -127.47159480 36.46591784
v -129.39547538 -137.69098928 29.66433155
v -61.57345428 -128.36407916 -39.12668032
v -41.05670205 -148.82499159 -50.84676418
v -44.59004218 -148.81252583 -51.60108608
v -103.00568500 -96.11833532 -20.94625256
v -123.04692315 -120.13962302 19.21267750
v -87.62069925 -103.30234127 -27.05561693
v -53.00938567 -134.02630864 -44.25224479
v -117.15156977 -124.02445157 65.73847499
v -130.12989262 -98.52495176 -9.27771910
v -78.65814636 -110.70517946 -26.84436581
v -72.88929106 -114.34699361 -32.20364673
v -118.20195683 -89.21396507 -15.67865623
v -127.29463775 -113.23485531 6.31586355
v -50.57328509 -139.20826786 -48.66472965
v -108.20838298 -91.77038008 -19.30818397
v -128.73263289 -110.47579779 7.29614457
v -135.98037075 -107.08531475 2.96391058
v -80.44398362 -105.90786064 -27.21182137
v -64.60653423 -119.55965008 -35.43225553
v -41.16896895 -148.34048965 -53.65970838
v -58.30568993 -127.55130798 -39.05063011
v -127.81630070 -122.55864597 13.91213625
v -74.07738209 -110.65949950 -28.83127416
v -57.20439070 -132.73325461 -40.95297240
v -101.82422249 -98.28227995 -19.08712599
v -37.56078631 -155.08898319 -53.27395033
v -127.42498755 -115.85715944 7.13253702
v -127.12172255 -128.83904826 30.96130873
v -123.58434136 -125.10436276 51.82005493
v -116.59415400 -86.78515999 -19.20490982
v -122.67730011 -122.02903338 20.55469861
v -125.36846700 -121.24954936 15.12988604
v -124.90979138 -116.98914216 16.16823011
v -127.87741069 -143.50925326 30.27690904
v -130.53917042 -122.23456350 16.52150491
v -128.32999456 -120.26267830 9.13573983
v -43.63214286 -144.54155718 -51.11313124
v -119.82323801 -90.06925750 -18.69819339
v -44.55915370 -147.96540960 -53.48067373
v -134.85638722 -101.51715087 -1.59019728
v -126.76794378 -128.50482920 27.28174458
v -79.96837457 -110.12551213 -28.49124714
v -126.92019412 -93.55864650 -12.31284961
v -126.69217354 -128.26841216 55.19317091
v -117.39170907 -80.55484118 -19.32257320
v -112.54576398 -125.34505404 72.83639643
v -130.93530830 -121.15873051 14.66911778
v -121.65478523 -130.19524142 55.71979899
v -134.42057656 -109.31120778 7.51351681
v -115.28462766 -80.54892249 -17.26095966
v -116.46127052 -120.74118175 75.47426457
v -59.57062691 -130.16565271 -39.03136638
v -95.46365911 -97.45904087 -23.56241017
v -110.21529274 -83.22570982 -18.89776701
v -126.57220656 -128.87641608 26.33709096
v -131.01965377 -109.04312653 0.77533572
v -122.78352811 -124.84908106 39.48360281
v -63.44703697 -125.47080921 -37.34974851
v -129.71406361 -136.60800116 27.40369523
v -123.05577196 -123.26250054 34.15028126
v -92.40416229 -100.45547442 -25.74746831
v -123.68485428 -133.57598156 49.02837201
v -127.29422880 -129.94264981 25.80284229
v -129.87508686 -110.33450700 8.25517311
v -129.11092702 -131.91727650 26.50199461
v -117.99654408 -128.57146362 73.58164006
v -123.92773456 -92.54527323 -14.00441330
v -118.24541095 -124.81915693 74.89204066
v -61.78167654 -127.57527413 -37.60831383
v -119.27799684 -76.02815070 -19.83624591
v -122.83472759 -126.13160761 43.83137105
v -124.67909501 -124.16351872 19.21576944
v -126.46105923 -129.27017374 31.37793847
v -127.00518855 -133.56873847 40.62838617
v -63.95902159 -124.62540300 -35.49126917
v -124.35164354 -129.45498395 62.07385507
v -53.09688442 -132.31755703 -46.81812081
v -118.87882341 -89.21814729 -18.82575110
v -85.13141874 -105.90112526 -23.92955178
v -120.05741361 -126.84613574 55.51617408
v -46.09977960 -146.12865825 -52.80529392
v -124.41599504 -134.55019506 47.09099859
v -119.41327454 -122.41018098 69.23457949
v -39.05215151 -153.87572280 -53.68701567
v -110.89971575 -82.95677463 -18.27680912
v -60.77190136 -125.03263490 -39.80300319
v -130.93936487 -117.04169046 16.58321319
v -130.07427879 -92.53652198 -11.26810748
v -125.17313554 -134.11114632 49.87109998
v -64.82585391 -122.34381532 -37.03579937
v -125.91273779 -127.21929177 58.72430809
v -104.27286412 -95.55572893 -18.21258464
v -127.09217878 -132.09080138 47.77974116
v -125.54696180 -124.04236059 37.39830205
v -63.71121110 -123.22644763 -33.99517423
v -126.43731425 -127.60784792 49.38959912
v -58.63568848 -129.83904607 -42.09591021
v -125.85499355 -133.42482996 51.28892547
v -65.06423834 -119.06771582 -34.73751106
v -53.45250541 -134.56511074 -47.39061534
v -129.89822784 -137.34169419 28.04701624
v -120.29578662 -73.44923561 -19.60513765
v -126.23416432 -144.39445205 31.79451800
v -117.98556689 -129.40733168 69.20034221
v -135.62555741 -107.58593891 0.27411457
v -100.26588446 -97.43713685 -22.38898843
v -131.36213109 -115.88729088 15.49076726
v -128.89777895 -96.81680178 -14.38654898
v -91.53979509 -101.86144231 -21.77990710
v -56.63639455 -131.56611353 -43.91801389
v -121.96833385 -126.85355307 68.69060948
v -133.69686098 -113.29077732 10.11516567
v -122.96056286 -126.43365269 46.84572651
v -123.33032957 -126.18930473 45.01856257
v -83.37353026 -104.82261065 -28.03544942
v -63.60225794 -121.60139016 -33.72308692
v -69.16937171 -115.65267131 -31.04419659
v -89.34547528 -102.26968232 -26.49518167
v -74.94126789 -109.82061370 -28.09575645
v -72.73574370 -114.86300801 -28.06103545
v -59.34862605 -126.00580546 -40.11510997
v -133.58361353 -114.05835314 5.03039259
v -65.12784757 -119.84497187 -35.92630390
v -133.02295167 -114.91680786 9.76180126
v -127.70407696 -96.32418469 -13.26897413
v -126.53795045 -130.94416041 36.61284243
v -85.14142785 -106.23264266 -27.74872507
v -127.31480464 -129.56685766 51.91322103
v -42.44601393 -150.78305554 -51.18615821
v -122.36042039 -122.05436805 27.63375798
v -125.82555457 -133.76561730 44.60868958
v -122.18177826 -123.93648724 23.84374089
v -59.33874452 -129.86532752 -41.44219531
v -121.19611696 -128.76509275 52.32159848
v -54.61066309 -131.66058409 -45.78674305
v -123.42299584 -125.95581376 49.29196566
v -124.90932859 -125.58497412 52.93239390
v -60.36958241 -124.57804531 -39.27377044
v -105.04244194 -92.91284001 -18.52210316
v -132.24038925 -108.74574428 -2.01791867
v -126.48305975 -120.08238970 11.49865079
v -79.34423085 -106.30007342 -24.93822036
v -39.37838978 -149.47438129 -52.62256447
v -127.09203559 -124.13527701 34.10464808
v -123.43266137 -133.60966006 45.81415687
v -45.45747597 -147.72118710 -51.96992514
v -92.53048645 -98.61856346 -24.44365168
v -126.86963173 -132.63033029 47.61501576
v -126.05709193 -117.45295390 10.71871609
v -79.92825052 -109.93357149 -29.24083503
v -128.10506909 -126.89770017 20.33268702
v -124.54162830 -87.88492360 -18.30500051
v -127.31748625 -90.96381130 -13.40307616
v -107.39626279 -91.70858567 -19.38648081
v -120.14476810 -129.56626111 70.00913363
v -127.45259723 -120.94043471 10.79028504
v -83.62272511 -104.38323732 -23.19641754
v -63.58469631 -124.01351896 -38.28325968
v -122.30337748 -125.93297426 67.55589779
v -118.87857287 -124.72531371 61.72341296
v -69.50305380 -118.43744738 -30.26930270
v -69.08214156 -119.08798921 -30.73094036
v -127.41236035 -130.03245514 39.39592197
v -124.82165400 -131.46561410 56.37893685
v -131.10189487 -120.05224959 16.48949695
v -123.02956394 -90.46421852 -14.79154293
v -132.95145471 -115.42527580 6.88021108
v -112.51565376 -124.15692407 77.16536913
v -131.12780169 -118.23984143 9.30055449
v -60.14414405 -125.23032552 -39.83296367
v -87.50462534 -102.26456119 -26.62140841
v -130.28152436 -115.23492497 16.53485298
v -126.29115486 -128.77341082 24.71127420
v -73.22220398 -111.58252080 -28.99672205
v -52.07832530 -135.99834237 -45.92962052
v -53.31985715 -135.78925112 -45.01836187
v -126.70846316 -122.69728952 15.00595248
v -133.70145479 -103.68892389 0.99439189
v -128.53116278 -115.76687577 18.43757467
v -37.63920060 -152.54616135 -51.36719316
v -126.94536047 -123.70825635 31.64086042
v -131.52891712 -106.77552226 0.16931168
v -129.94721804 -135.27096550 26.81446010
v -82.72708905 -107.99620433 -25.68832861
v -83.34573024 -105.30602811 -28.52817431
v -126.11199710 -129.76739976 57.09157894
v -132.50673005 -103.92221151 -7.56831672
v -132.36475822 -98.21813977 -11.90053454
v -120.19093384 -127.44496748 59.35714184
v -95.21515216 -97.78822747 -24.09412429
v -127.63599246 -129.84594434 35.89778948
v -136.04521661 -107.43197223 2.80910944
v -129.82051816 -98.55132828 -11.33196171
v -111.95684420 -124.47659235 76.86891703
v -128.55993622 -127.36630400 34.95680048
v -101.04551304 -99.32401095 -21.82176240
v -126.67636310 -130.24588761 54.53587244
v -118.28685009 -87.41511299 -15.94528649
v -122.69142599 -128.91555720 66.06838085
v -130.85679198 -96.55588682 -13.80544697
v -127.92496767 -142.59973877 31.03345544
v -120.66839854 -125.17784799 54.71467419
v -45.32383866 -143.12394142 -53.45950896
v -126.08615005 -126.56134669 40.52786708
v -120.38069405 -128.20926019 55.32517951
v -81.14281161 -104.90665687 -24.31379350
v -123.06516095 -87.01114289 -17.86642493
v -46.01697457 -141.27094290 -53.22367990
v -83.76318109 -105.86318551 -28.75178949
v -113.92159983 -79.60363069 -17.85506467
v -123.24541289 -126.27102575 47.55366404
v -135.25361606 -109.52274734 1.77937641
v -129.26449673 -91.61270835 -16.23261098
v -62.13457721 -125.90618870 -39.51047681
v -127.77683806 -90.93624749 -18.34083536
v -126.74001677 -144.38312987 31.24961584
v -125.25929153 -130.24650906 35.34071408
v -127.35994852 -124.32181612 17.10202260
v -113.90220235 -127.44914217 73.86200261
v -84.25824917 -104.53497350 -28.01762047
v -131.09832382 -95.32768593 -13.38632542
v -128.04006136 -143.03532159 30.72931926
v -126.74426145 -144.07508656 31.92491879
v -93.68833458 -99.52961280 -25.40024082
v -75.51052567 -110.65423486 -30.90068447
v -122.83539954 -131.33022022 56.53117839
v -129.12007974 -95.99633304 -15.08530148
v -128.63751192 -136.65522802 28.37962456
v -114.09068519 -121.44135206 71.97312171
v -95.62857461 -97.79105386 -21.14028239
v -44.05996704 -142.76499611 -52.42284086
v -131.94916834 -108.30920766 -2.35032906
v -129.83761309 -113.90860268 2.62194982
v -116.47428794 -93.53942736 -15.97864106
v -130.71751316 -100.08192996 -9.56700530
v -126.91247636 -128.42506395 28.70614873
v -45.82586944 -140.78638507 -52.83978436
v -53.75129654 -131.49294379 -46.18723440
v -123.50816137 -128.46777182 36.17175335
v -132.22706309 -110.68545875 9.59337544
v -125.38973374 -122.69239200 32.29049299
v -129.13817138 -96.72880151 -10.25450425
v -110.97594233 -94.02629030 -18.25057919
v -118.70011438 -93.69317495 -17.19357943
v -127.90444430 -127.61581567 30.30886184
v -57.95265962 -127.33197855 -41.15405437
v -112.83271783 -122.52207226 77.26462329
v -117.94333331 -127.52683343 65.80955239
v -88.72674056 -102.00074744 -22.16192556
v -129.30522187 -127.26967756 20.82793141
v -82.02953360 -107.22517265 -29.48811827
v -133.65355033 -101.72899349 -9.21698642
v -38.21183930 -155.47918760 -53.25697097
v -135.11173917 -111.81651839 5.68937509
v -130.44185434 -98.80784532 -8.49256492
v -123.50998270 -124.31993049 61.72620737
v -125.35546361 -124.85603484 19.37514334
v -108.40192254 -94.95920838 -18.73110835
v -132.29309550 -106.92072684 3.32522746
v -122.35666148 -124.58949955 25.13021142
v -88.33549004 -104.41942928 -26.04187152
v -123.90420473 -87.24908463 -16.96799552
v -125.32010292 -118.52757609 13.42393752
v -134.13461377 -109.24856293 -0.17937100
v -92.58164744 -99.06061580 -22.02249436
v -122.46867595 -119.79845120 21.19005561
v -124.52991988 -132.86270531 40.46258892
v -83.75622918 -106.39745156 -28.87537813
v -129.50541927 -124.20649123 20.54756871
v -130.28539480 -94.14222330 -8.12524070
v -118.71434773 -129.86994594 69.18819242
v -73.36012477 -114.95428437 -28.33371749
v -101.16541734 -93.96750035 -20.74896015
v -131.19048835 -120.11275793 13.52407575
v -47.81800133 -138.85475151 -52.78426934
v -123.89247314 -91.56627445 -18.39145796
v -91.52529215 -101.14620269 -21.75722977
v -126.09748130 -133.96810070 48.74839063
v -58.52746688 -127.96685384 -38.67078513
v -128.50594502 -141.76901949 29.64821706
v -128.37696006 -125.82733754 31.51057479
v -129.93302197 -97.58215902 -9.10015283
v -49.85493864 -140.55896269 -50.23259850
v -128.22929632 -124.81927244 17.64095367
v -123.70946487 -128.74634571 34.88623635
v -56.00202172 -132.03393324 -44.58299549
v -126.84105110 -128.42695222 27.65574157
v -117.36148100 -77.70796233 -18.56320105
v -127.82959256 -120.48843129 9.69170086
v -116.74036976 -121.70918814 69.08281043
v -132.98087280 -106.40132107 3.32404256
v -131.72840460 -105.76245180 -3.31017363
v -66.26190393 -121.59769603 -35.11903128
v -122.57568522 -120.16156712 20.52367465
v -125.44250525 -127.94967752 25.39857895
v -116.86169959 -122.94456346 66.57597097
v -124.57412244 -127.88291725 31.05810131
v -50.97051168 -134.61205964 -47.34476331
v -116.39573642 -75.26305679 -19.61865335
v -62.80953683 -125.04277781 -35.52268052
v -114.25638777 -86.25911577 -16.22258960
v -40.81985929 -151.28594062 -50.67729102
v -126.79345321 -133.44362494 39.64076126
v -75.83769902 -109.08545632 -26.47326624
v -116.13020620 -127.64553675 69.24427604
v -87.30692159 -104.80297655 -23.11904278
v -125.82294494 -118.21982500 11.68798895
v -127.64606736 -121.62668890 22.85735686
v -96.17851698 -99.08395572 -20.60044482
v -94.58475186 -97.91627957 -21.78375453
v -126.67868771 -87.96069618 -17.29434853
v -122.94469944 -124.23897314 37.01897364
v -131.38034506 -108.39914485 -0.62866230
v -133.53843103 -114.60240455 6.94810025
v -109.60089303 -94.10713984 -16.85587851
v -86.27555928 -102.76705000 -26.70274059
v -59.56942479 -127.46105831 -41.00062815
v -118.62836520 -73.70984586 -18.86973141
v -128.11377088 -127.74323176 31.24911618
v -132.11403083 -102.19265368 -9.35733482
v -125.61070157 -127.00267204 42.35359021
v -71.96718528 -115.82889003 -32.29455259
v -111.51363523 -80.93316324 -18.98039446
v -129.04411672 -91.20260361 -15.09560027
v -111.86109471 -122.51659655 75.80978725
v -116.22036414 -93.85961033 -16.27515853
v -115.16492470 -120.67284595 77.09514044
v -129.12891757 -111.22679414 8.86959681
v -124.81837079 -129.99613930 35.24043515
v -41.47353011 -152.74355090 -53.04259985
v -131.68638559 -102.79414039 -3.63571448
v -131.87765320 -110.15041321 8.82332844
v -126.33099968 -131.06042696 54.57530057
v -60.95620111 -127.41362201 -37.22584360
v -88.54245686 -103.80331167 -26.46652523
v -42.18022472 -152.07662583 -52.83626653
v -117.07796477 -80.28160109 -19.63140930
v -119.80656609 -94.20282902 -15.74222919
v -51.96509769 -134.19553194 -48.39434946
v -119.67656771 -122.40065681 64.72249036
v -46.69203585 -144.51924121 -50.70154111
v -118.73116285 -75.48168655 -20.57099601
v -129.94316978 -135.70232407 27.75730319
v -124.25517168 -147.09170901 33.63721067
v -62.72960812 -124.06903273 -38.83911604
v -127.24555034 -123.50110719 15.92363370
v -123.44901438 -124.48101441 54.92939171
v -92.83732788 -102.80409362 -23.38545770
v -64.21330120 -120.50396950 -36.66988231
v -76.93635902 -111.83806039 -30.54860914
v -53.43196341 -131.38960398 -46.13974962
v -68.97010050 -119.13308091 -32.83659765
v -94.73644718 -100.42634513 -24.93468684
v -126.74586337 -128.24102168 48.37761080
v -130.84653561 -93.08123324 -11.11721347
v -129.67909141 -134.38386223 27.58724960
v -78.11114431 -109.85567019 -30.61396755
v -129.58206114 -135.56671146 26.80727352
v -119.12727513 -84.44976071 -17.90372365
v -126.60444368 -128.97410864 30.45752541
v -133.12037737 -101.63636833 -9.84834356
v -119.59867603 -122.22567256 66.95478755
v -122.38350507 -130.22355996 47.10714135
v -85.79116054 -106.35837556 -26.26000342
v -127.73264376 -130.01153233 23.71891544
v -54.06723521 -135.35086818 -46.35543510
v -106.66061851 -96.37610579 -17.68548328
v -114.44387200 -77.31975589 -19.37460391
v -126.75185433 -132.06074912 38.31623994
v -131.76405039 -96.40248949 -5.70626962
v -63.75733442 -119.96625310 -34.66429393
v -121.05942561 -128.02560100 51.87504352
v -127.15891673 -127.23565867 38.53413710
v -45.36297538 -141.45062619 -51.24271736
v -124.06258429 -122.69496051 34.14582419
v -52.90465870 -131.92492308 -44.95891510
v -105.22268238 -94.95854815 -19.99358682
v -39.16542497 -151.13252050 -53.53009927
v -65.39296393 -122.63411235 -33.94746758
v -123.58289140 -123.30481540 36.41660320
v -125.46813218 -133.75861335 40.67955075
v -125.04751351 -122.71719175 33.27081330
v -131.74139811 -107.01607238 -2.56999947
v -67.10576892 -117.84261527 -34.53233178
v -75.38474641 -112.63524634 -31.25485324
v -129.39977881 -133.19491682 27.18415691
v -55.59482547 -130.22796022 -44.66583325
v -119.31264530 -125.29174146 60.44076597
v -124.75095517 -126.86030592 45.97060058
v -125.12309935 -130.79860117 36.71715629
v -50.42792504 -135.60097835 -49.21483094
v -123.18630229 -132.93547110 45.25056039
v -121.48520580 -123.20441522 25.67519595
v -51.91092805 -134.00229415 -45.86397132
v -129.51531395 -126.95339916 22.35829420
v -127.85745096 -127.75494406 26.37923527
v -121.32638013 -90.63957598 -15.08649333
v -53.69191105 -130.70687601 -44.23877608
v -66.06635701 -118.05653366 -32.95837329
v -132.58231475 -96.89845527 -5.66376124
v -126.37845732 -131.40489304 37.33712459
v -114.11670693 -122.51290091 71.00947961
v -62.56070142 -126.52040313 -38.95658459
v -127.07828594 -122.29356163 24.02981454
v -124.97532673 -123.00696354 34.74596665
v -124.87379612 -121.35863417 26.09205096
v -69.61595454 -115.20039234 -31.41866258
v -127.08900797 -130.05036339 40.75935083
v -130.57174899 -110.29827799 8.55394549
v -125.66063343 -128.20237834 28.22839026
v -128.06089573 -126.57876770 28.64464759
v -51.31833147 -136.48236085 -46.79463401
v -67.12179314 -120.86676620 -33.92841985
v -133.65586950 -114.26026827 8.46687191
v -124.07509241 -121.62720929 17.62511780
v -122.17215964 -124.43900173 54.37139664
v -40.15165609 -152.19325528 -53.85340194
v -59.58231232 -125.53948174 -37.91663240
v -130.89911635 -108.62441022 2.77706540
v -82.36810282 -107.33606592 -29.39479658
v -111.19972577 -81.92130598 -19.32330140
v -111.32437975 -124.53720348 75.19949880
v -128.48491323 -110.46174505 6.62730250
v -106.88071107 -90.13742324 -18.62514785
v -109.20419868 -86.22448438 -18.35432178
v -126.91721359 -132.79752852 49.33316654
v -123.34552133 -125.32940168 42.55687366
v -46.22849559 -140.98591948 -50.65972966
v -123.03825052 -121.05815376 19.34310995
v -130.89405456 -118.23073185 8.40837339
v -121.42719443 -122.08802437 25.78499465
v -135.79126138 -109.02154962 2.92763427
v -46.26178176 -141.74363351 -53.34737952
v -127.64620120 -112.58239867 8.93850453
v -98.46947269 -95.66038079 -21.27578615
v -122.46258785 -131.05632206 50.30956838
v -120.37654146 -125.67738811 54.79036555
v -126.52455708 -122.56901696 25.16501928
v -130.97526170 -121.44089772 15.94353478
v -125.15221593 -120.35533946 24.58862116
v -73.59573811 -111.52814790 -27.04724923
v -135.64157049 -110.45417395 5.78209917
v -130.03450138 -109.01782299 5.15294664
v -116.87668464 -93.10459863 -15.74726004
v -62.38372418 -125.94410945 -36.27108039
v -129.79011307 -134.21119488 26.05062219
v -45.30507590 -145.71337238 -50.56116382
v -40.98065643 -152.95479121 -51.56674083
v -70.55864309 -117.55694550 -29.70653117
v -116.06417436 -122.59325591 68.09437425
v -116.35681479 -121.10149226 76.08866238
v -39.92608443 -150.96653037 -50.65956954
v -122.07224936 -130.35196561 62.60392035
v -135.05823034 -111.55779755 8.54343964
v -131.00693398 -113.28321359 1.77944284
v -42.84426898 -147.08459560 -50.69660924
v -96.27394344 -97.00895342 -21.42290887
v -126.90228362 -130.38840514 35.59332754
v -133.31738103 -114.80245293 6.16507714
v -44.92936095 -142.96289111 -53.36933046
v -89.13986240 -104.34364586 -25.01427913
v -130.50740706 -113.36100118 13.58620760
v -129.99646451 -135.09838741 26.94849257
v -66.19672862 -120.18223883 -31.47831649
v -89.25040494 -102.45149244 -22.07891147
v -61.30724209 -123.31784610 -35.85086448
v -64.34572116 -122.01704118 -33.07596207
v -118.22039024 -122.19407668 72.09268092
v -134.77547706 -112.58838864 6.57317381
v -122.64129080 -130.49312401 44.36367319
v -126.82792312 -120.16810464 10.85817308
v -83.44194395 -107.30923940 -25.02512609
v -58.95018584 -130.10858355 -38.96278914
v -120.86583799 -128.85774709 70.11717908
v -130.19800320 -122.68453787 16.07621189
v -126.69073029 -118.22645117 21.81213974
v -122.86982819 -123.76911092 21.90882737
v -112.92642474 -120.98828509 74.06738389
v -116.72414768 -75.64497276 -18.74006285
v -63.31650098 -120.19270119 -35.65266466
v -126.91685950 -125.52908573 18.95878732
v -59.06824622 -131.11908741 -40.49941862
v -55.73141117 -129.17295006 -43.86504098
v -39.57204297 -154.66957027 -51.51500460
v -126.84240780 -95.91419174 -14.14541952
v -38.04532932 -154.35476284 -50.52913053
v -121.12111575 -125.15113492 53.65412460
v -69.35171351 -116.48803913 -29.53820275
v -76.24518559 -112.88366812 -28.29818347
v -93.16731853 -98.45217148 -24.64940789
v -122.95090834 -94.74085712 -15.73845941
v -122.08704401 -123.39104252 61.38523780
v -128.85380544 -92.49386939 -10.97254994
v -72.77676439 -112.09673667 -28.48985665
v -75.36955737 -110.10933361 -25.99466601
v -54.19858366 -130.30699604 -43.40290318
v -105.95742476 -91.15471725 -19.14407259
v -37.75530496 -155.59097846 -53.24068289
v -126.49517102 -123.20485535 29.12518446
v -61.35986637 -127.26473961 -40.10089436
v -88.83867357 -104.25978801 -22.90191786
v -127.85201654 -92.23892245 -12.04630466
v -112.31878050 -88.97728987 -16.46275488
v -50.43243085 -138.94742008 -48.41833820
v -123.20989074 -126.66015282 33.84874866
v -60.31600200 -129.75631515 -40.27692575
v -83.92739242 -103.54749995 -23.35836710
v -117.86636371 -84.69047000 -19.09372920
v -134.02965348 -106.33397154 3.59094606
v -98.92794092 -99.11917571 -23.42760626
v -132.54451363 -102.28908421 -9.42473234
v -126.14737260 -133.34708180 44.53785786
v -57.36083675 -130.66475720 -43.32464465
v -129.03961683 -120.01187997 20.51034961
v -126.03880469 -126.06953246 20.57235382
v -122.24233262 -127.18078757 46.95576264
v -126.45556599 -121.98079162 14.18180840
v -129.04929752 -122.28857611 13.59475362
v -110.78639895 -89.28196779 -16.91376871
v -126.57000233 -123.65414421 16.60415490
v -118.23007954 -127.83206704 74.10793841
v -64.58386772 -121.13824751 -32.79878122
v -133.85127099 -108.33659046 6.54031076
v -122.11206039 -123.48875180 23.15425776
v -66.29317238 -120.97412953 -35.66121565
v -99.97971751 -99.98042230 -21.74439656
v -130.06440747 -119.42608424 9.10586328
v -87.77099554 -104.19630979 -22.71542919
v -118.45129726 -75.81636895 -19.03480361
v -98.17562745 -97.01624416 -22.91064745
v -128.09432824 -125.53547731 29.61075708
v -58.47077697 -128.77355503 -38.64466181
v -125.41356033 -123.84748034 17.98151840
v -100.46857218 -94.26888077 -20.74665893
v -126.36614047 -128.14041890 23.19003310
v -122.02582183 -123.51923010 59.54623114
v -51.53736871 -136.93931362 -46.81511659
v -114.75817931 -118.45416581 76.47517081
v -111.32683991 -86.55809186 -19.54956156
v -126.26667623 -130.77645369 36.10117492
v -113.30598261 -92.60815863 -18.37183003
v -120.87663403 -128.65225363 53.53498513
v -121.71674180 -127.43299836 48.49636534
v -127.72573785 -113.36201154 10.66964641
v -126.89334194 -114.44396588 8.17478713
v -74.01746422 -111.39711035 -26.73665326
v -101.87232239 -94.77491611 -19.38217048
v -129.40560254 -130.96218716 25.12434683
v -122.79575450 -130.35488637 62.26393884
v -120.96088567 -123.40510274 59.67980485
v -67.14973061 -119.03757509 -30.86113338
v -57.85781459 -130.05109375 -39.37721387
v -124.04739097 -126.11860611 44.12342579
v -90.93298502 -99.88352153 -25.45794173
v -94.27887729 -100.45780919 -21.11173157
v -124.50988513 -123.14386885 35.94114209
v -124.98312387 -129.11993134 32.48246541
v -116.92361677 -78.61023068 -20.20337414
v -132.67191313 -115.35851795 11.85490586
v -114.83050332 -78.23710367 -20.32050246
v -127.17274900 -116.53141516 19.97617747
v -134.88284639 -112.10462240 7.65119418
v -131.23948857 -111.25873125 10.22727553
v -128.26459906 -96.86526889 -13.54884651
v -50.49420538 -136.74062027 -51.46185913
v -131.14703747 -108.07590913 4.77150966
v -43.41282277 -144.32096931 -51.45824447
v -79.31084023 -109.51247235 -25.84018442
v -115.49214311 -124.61768501 68.40759855
v -132.28721713 -116.11004840 6.26356669
v -56.08529242 -128.62381180 -41.57212774
v -128.31376283 -126.03917730 33.98015223
v -133.47123780 -114.17741113 9.33025885
v -127.35465093 -129.29111122 26.02908328
v -128.14603963 -125.36335723 32.99376393
v -125.85872073 -133.96835051 40.62420881
v -73.27788521 -113.70122922 -32.00549546
v -132.12612874 -96.51571848 -5.73256355
v -129.01114408 -94.30120034 -15.78521203
v -51.48003324 -138.37881145 -49.71817123
v -118.23023072 -83.05268541 -18.43232996
v -88.10611639 -105.05477211 -23.83113073
v -45.85944431 -140.30798148 -52.24199229
v -126.79309392 -116.42394170 8.51895524
v -126.27239270 -123.69918474 35.20573109
v -125.04554429 -125.38755338 54.38661083
v -121.32826639 -123.11587663 61.95211558
v -115.89361895 -126.30266952 76.50344870
v -91.05608732 -99.93489228 -22.30670632
v -118.08375275 -129.56999352 71.41004158
v -51.15810636 -138.90005043 -48.91198037
v -126.55248867 -123.33628592 26.53608945
v -131.19114311 -108.15264949 2.16827195
v -123.65880698 -130.96429750 58.49337695
v -98.08683062 -98.43218743 -23.74887861
v -125.10894541 -117.68021460 14.64519880
v -132.39253906 -111.84552424 11.12020645
v -71.99099923 -116.87509285 -30.53449418
v -58.70531482 -129.41966227 -38.66179277
v -130.31946272 -119.26775644 18.24241640
v -115.92649008 -76.47879608 -18.81621763
v -132.58606577 -115.87736825 9.62873641
v -47.37591375 -144.03915506 -51.30348388
v -48.23165590 -142.67754692 -51.52248036
v -73.30954391 -111.72524788 -30.34745255
v -123.26364017 -125.69659586 26.03456669
v -115.20357291 -77.22825953 -20.27382763
v -69.44134983 -118.45996631 -33.10837993
v -125.01300001 -125.57594147 59.36778271
v -53.32490615 -135.61677450 -47.57408107
v -125.00742435 -132.87603030 52.94975641
v -93.90710696 -99.94969565 -21.25433210
v -131.43964599 -119.48158572 13.31387735
v -129.53003847 -124.62039141 18.35618636
v -125.88286683 -131.60624367 37.81857383
v -125.46085741 -92.92408433 -17.59286776
v -124.02973785 -120.55478048 25.41361071
v -133.29971276 -108.61189236 -1.64652664
v -61.82843743 -127.39094049 -39.67653596
v -132.80628696 -111.07381172 0.50258081
v -128.37032572 -123.25767285 15.25255643
v -57.57092813 -127.43405204 -41.05781696
v -46.23503809 -139.82295589 -51.79374062
v -126.21430166 -128.42340959 45.74630018
v -105.58943645 -97.42348916 -18.56880574
v -122.55197093 -126.86147330 46.17012510
v -125.80306156 -127.67338269 43.17653612
v -131.16652667 -109.29342844 7.63972648
v -43.74874799 -150.11615056 -53.23110305
v -129.22122251 -116.95781091 18.94886506
v -119.77773042 -93.14986536 -15.19511905
v -127.71800908 -127.49271857 28.55913390
v -78.70670593 -108.74382255 -30.18245275
v -126.80550378 -114.27270479 9.72832947
v -68.93575259 -118.24923765 -33.91350206
v -122.91035575 -125.60459610 42.55953486
v -55.84851134 -132.73674994 -44.62365375
v -114.65615156 -83.26577557 -16.54339806
v -119.54060418 -72.39041794 -19.55736077
v -72.13334487 -113.32505377 -27.91764617
v -119.90498183 -73.00611348 -19.31137434
v -111.34687735 -89.38189480 -19.21692345
v -134.83808045 -106.86538298 -1.85426647
v -130.50449575 -92.70846650 -10.20392907
v -135.75224955 -104.60509110 -2.17546724
v -122.92487429 -125.27324305 25.63823978
v -106.56400138 -94.29130687 -19.55254302
v -118.30266853 -123.26620784 74.11023296
v -127.06233382 -130.27316563 46.34364359
v -127.69179637 -129.42786602 23.14843908
v -39.40353811 -149.46083217 -51.92178422
v -122.28442713 -126.58681178 47.71576772
v -119.48377420 -127.16433765 61.74569907
v -126.49013057 -116.39417495 19.97595344
v -128.47904905 -120.65238070 9.76105395
v -117.21802067 -122.13915646 75.33911644
v -56.71929438 -129.17334041 -43.34427787
v -124.78666924 -122.47362422 32.33251362
v -97.84641149 -100.84254307 -22.06807182
v -39.06731818 -150.46172038 -51.33365670
v -59.40090829 -127.47749508 -37.87085422
v -115.69055940 -119.40596137 75.05236929
v -58.66737277 -126.61696794 -39.11144912
v -56.91859546 -129.98040611 -39.93237868
v -117.56583940 -78.58685175 -18.71649043
v -108.51904283 -95.69343957 -18.00260085
v -97.03075723 -98.37119685 -24.17256036
v -61.86067646 -127.82069861 -39.42224236
v -123.14438732 -131.22830732 57.44632019
v -132.13627099 -102.64411493 -1.65028811
v -46.05804451 -144.12181408 -50.30990998
v -76.04295332 -112.01370029 -26.89121357
v -50.75584470 -139.19807356 -50.55572235
v -118.65409674 -94.05184336 -16.01481085
v -118.41461166 -86.89837350 -19.00379983
v -113.34970172 -120.53379688 77.39374843
v -122.35517026 -127.84450188 42.08447244
v -112.80492217 -125.94240191 73.19901411
v -128.32982717 -124.31394131 16.93221583
v -107.30352755 -90.07588402 -19.25179408
v -123.33392562 -133.01821748 44.39490512
v -49.42260991 -140.97054277 -50.05771023
v -105.24421271 -97.05680267 -18.08939992
v -112.90192856 -120.27398625 74.77070890
v -63.96877691 -121.13397831 -37.19404829
v -133.22724411 -104.99853665 1.98626894
v -62.09030365 -122.49437111 -38.18832743
v -130.01861309 -93.14468257 -14.17192180
v -54.10095975 -130.95791075 -42.89721323
v -119.73878041 -130.12115911 67.44276630
v -119.21492414 -123.70704633 61.88806433
v -122.57323200 -123.78612964 31.69891663
v -131.04244531 -118.89394091 10.71640275
v -133.03757337 -112.48711236 11.15851565
v -92.53446094 -98.62534959 -22.68699918
v -127.50425060 -114.49562643 6.08208961
v -131.68653213 -106.03499332 0.19069089
v -126.45225696 -145.24949764 32.12785543
v -131.57460149 -102.42755552 -4.36801399
v -127.71207208 -128.63940170 32.06356072
v -114.36489455 -126.32514460 76.80142842
v -127.90949900 -93.53457793 -11.37272460
v -128.10967634 -119.54946593 8.43522082
v -122.07382762 -130.55348385 57.44952352
v -61.18223618 -126.90188780 -40.21567007
v -121.60756059 -124.03584122 56.22316273
v -129.67023373 -137.95308084 28.96172777
v -62.52416719 -126.66539575 -37.32248443
v -46.90753273 -139.91156375 -52.99296733
v -119.00215934 -85.07491439 -17.14651525
v -113.86033803 -78.36093579 -19.96345592
v -73.83408483 -112.11148035 -26.82091922
v -123.41470308 -128.05278476 35.48519760
v -128.50579582 -138.19127538 30.74431731
v -63.30897885 -125.18721889 -35.85749961
v -70.06062381 -115.59868538 -33.14616263
v -121.33771081 -126.19064002 51.16461235
v -123.14444505 -125.40587608 29.15026911
v -113.87514263 -94.09142306 -16.67647680
v -116.40271346 -76.20424189 -20.49089589
v -120.82265188 -129.12751605 60.94426620
v -128.73329153 -91.20456620 -17.51390342
v -123.00470513 -122.35820569 30.18842936
v -42.61597592 -145.35580150 -51.55349835
v -129.47847340 -92.04809971 -14.86240930
v -126.88536829 -132.79930684 48.42551456
v -127.98499384 -123.74862195 16.10272488
v -131.46808822 -102.75742093 -6.23884635
v -65.61088213 -118.66940056 -32.81201361
v -123.67421537 -127.66949559 33.41143704
v -126.45538939 -130.22653539 34.82457371
v -52.20284458 -137.45043727 -48.93257696
v -125.78581625 -130.71148792 35.99449856
v -132.21078594 -109.67396820 -0.92300530
v -126.93127639 -88.31775416 -18.12136147
v -112.34902847 -81.22930559 -18.00323185
v -110.02232013 -93.45511321 -16.73035527
v -129.45896490 -132.27164466 26.30794523
v -115.17601171 -121.21746897 71.35771581
v -129.64354102 -126.07951069 20.15982773
v -127.82788976 -127.55580053 27.12700119
v -133.49111311 -109.98001185 8.66740507
v -117.14171266 -74.42928084 -19.92390318
v -103.98025243 -94.11850734 -18.65723437
v -131.12763134 -112.10388149 11.54814202
v -122.41873827 -130.71483008 57.81510938
v -89.45039349 -104.35083751 -24.42056641
v -129.43068234 -120.56454821 10.58034956
v -122.70953484 -124.09878053 33.55906340
v -54.72605167 -134.64199708 -45.59785519
v -64.76536215 -119.68836954 -35.76396791
v -115.81558901 -127.83043470 75.12754282
v -110.32081029 -86.29339509 -17.74931537
v -60.08094409 -127.78960202 -37.58200112
v -124.39657624 -125.04668731 41.16840036
v -63.98094280 -124.76219287 -36.45344492
v -127.43495710 -130.73395696 37.69087769
v -126.46791013 -115.34937703 17.12354169
v -97.11291186 -96.96073800 -20.71726759
v -55.19476363 -132.89660331 -45.38347630
v -55.82378957 -133.78731631 -43.59539610
v -126.47887829 -131.89377384 37.97753893
v -62.30594481 -121.62801635 -37.19534199
v -123.02491647 -122.55405205 20.25473873
v -114.38936152 -126.28465783 71.08112290
v -117.64477751 -81.72204706 -18.65901569
v -72.21597265 -112.74585005 -30.47341324
v -45.85076975 -146.74601411 -51.51360582
v -131.35595049 -114.27824540 2.73457137
v -124.75781788 -119.75610982 24.08551221
v -126.67579924 -131.25571770 44.00613150
v -113.14884829 -126.14729450 76.72509522
v -60.61441236 -127.80734141 -40.57633293
v -124.06151760 -133.86343192 43.34322866
v -115.49506577 -78.74817848 -20.36839334
v -117.68937910 -94.02170383 -16.35736224
v -121.49973865 -129.95901098 56.57944720
v -133.39612525 -104.22191856 -7.05001083
v -114.43096590 -80.31798823 -20.10062150
v -132.90571711 -106.44924521 -4.65690696
v -113.90160267 -93.54552086 -17.83423664
v -93.02136973 -101.38279902 -21.46634707
v -122.48662288 -122.94265715 21.66549928
v -124.95792033 -94.98164491 -14.61558289
v -71.69056667 -114.30907750 -28.12905343
v -129.87049060 -122.84796631 15.62424512
v -131.53638167 -96.78878372 -13.07121988
v -89.48381527 -102.89073512 -22.14393997
v -123.23926114 -132.22555587 42.49073691
v -54.59599525 -133.09397740 -42.40758539
v -117.81460402 -124.98054035 64.37792561
v -47.32000616 -140.74516098 -49.90652813
v -127.58921708 -117.40379338 20.67367638
v -133.67379721 -99.19321271 -9.56689784
v -98.14962279 -98.79932865 -20.04386796
v -87.93083567 -104.93187805 -25.80558034
v -135.73619282 -108.71740837 2.11883232
v -80.97851244 -109.19024442 -26.36571547
v -57.29557354 -132.81599739 -41.91548333
v -57.67505454 -132.18450453 -40.60312384
v -90.84866059 -101.81687609 -26.09458353
v -90.06360373 -103.41803595 -25.46719056
v -120.91864304 -126.77995300 52.08734076
v -58.30533009 -131.66670946 -41.77305931
v -134.75175235 -108.59448317 6.61288105
v -108.28292389 -90.29267097 -19.30672502
v -113.66567987 -122.14793158 71.82222148
v -95.37642414 -97.26995733 -22.46615136
v -74.15897609 -112.88844435 -31.72679689
v -126.13669625 -123.12774308 32.84540647
v -74.54434564 -114.32498040 -29.33584341
v -117.17737487 -122.16264314 67.45874693
v -86.01254241 -106.11789861 -24.65771364
v -92.05630167 -99.34677301 -25.27677971
v -128.03413076 -126.12967889 26.72793011
v -123.84187357 -131.55745274 56.76083693
v -111.75557618 -123.27370465 76.25750321
v -122.91135589 -123.83246594 60.98122368
v -121.36834215 -121.66303336 23.67869313
v -65.82093220 -121.01564493 -31.87433551
v -71.49610524 -117.09209113 -31.76231071
v -89.27280861 -101.22302337 -26.18419315
v -127.59781433 -124.46952692 27.96110193
v -118.21593932 -83.32872388 -18.70652971
v -120.40851116 -122.59887585 63.89403275
v -38.83754398 -152.94457326 -50.54347123
v -124.08752884 -93.22403293 -17.54714787
v -130.09567586 -116.08864694 4.31446559
v -130.05444386 -123.17632569 16.79984190
v -117.15690595 -83.66280544 -16.99549530
v -131.74232524 -117.84218962 11.35472040
v -119.54021917 -86.48919696 -18.80815335
v -52.91641585 -132.67814644 -44.40217710
v -45.30860196 -145.17770016 -53.59732645
v -102.39048036 -98.07949187 -21.29300182
v -126.24099813 -127.43955415 22.35855296
v -48.30065221 -137.52031998 -51.49422228
v -79.64381230 -106.34078129 -27.00802207
v -72.17890888 -112.88397064 -28.28183600
v -124.50492399 -124.45708949 39.78683651
v -134.17900994 -113.06012006 4.55276374
v -56.64291370 -132.15658043 -40.70389284
v -99.69892463 -96.21806091 -19.84364697
v -41.59316268 -146.54943168 -52.99023256
v -55.73236157 -133.33766328 -41.82031130
v -132.56360498 -95.98368384 -9.89314133
v -129.20913397 -129.12109453 24.05784955
v -49.62360828 -136.89280684 -48.89340261
v -125.13728956 -127.15234824 45.31500580
v -113.37125597 -118.55176731 76.58822814
v -126.70700013 -114.60727715 9.42217064
v -51.75364162 -137.41132212 -49.79879224
v -121.37309690 -129.82496588 55.06516034
v -126.10899169 -122.97494442 31.03555825
v -70.13097356 -118.35982830 -30.73757315
v -126.70768579 -114.67900840 11.08420487
v -131.20977552 -116.32697956 4.83878968
v -123.41138118 -119.53785162 23.96964370
v -51.22062342 -134.18441448 -48.14389773
v -118.57894056 -123.67319421 63.14099499
v -113.46183399 -121.72828445 77.48983441
v -54.42037379 -130.45978919 -45.37742841
v -122.34328137 -127.37265916 46.13205060
v -49.67127821 -138.18769203 -52.22582015
v -124.33729780 -122.34191326 31.75360412
v -38.10454642 -151.91147625 -52.87714570
v -127.24967612 -128.43227653 29.83347474
v -48.49736213 -142.02712037 -51.92080328
v -121.77525836 -130.11549573 61.56853853
v -58.25413988 -131.89460733 -40.73182003
v -134.40204193 -112.57735217 9.05512866
v -126.20158967 -133.77320674 40.06325027
v -124.70548192 -147.11070741 32.99833794
v -53.98533250 -134.14591562 -43.44328189
v -128.01000122 -91.93194372 -17.65994446
v -127.34472287 -132.56861320 40.36039239
v -129.84028243 -123.63089751 17.55369971
v -130.96839725 -96.07708837 -13.72083143
v -129.55180120 -93.97448096 -15.44016334
v -126.64732006 -129.64066767 55.07501274
v -120.00070258 -124.83362316 57.64792120
v -126.66757521 -95.16703459 -13.16106972
v -62.18143011 -121.50562121 -35.20805723
v -68.43731912 -119.73497492 -31.74829399
v -121.65706511 -124.59169586 54.24671604
v -131.78174624 -101.34527022 -10.21641463
v -124.55407614 -134.33109140 44.54483110
v -127.28346286 -124.12307397 32.71361421
v -95.26383782 -100.55975734 -24.50364302
v -125.58343896 -120.34233737 14.05436983
v -127.08013229 -114.10983236 7.31464608
v -124.02775679 -89.06418066 -15.23301018
v -53.88869934 -135.06750199 -46.79577309
v -129.34967896 -111.66858395 2.64697975
v -135.47117600 -106.41722926 3.09963865
v -112.99772793 -126.73619912 75.57343527
v -40.22965877 -153.84010219 -53.22285337
v -60.89910228 -128.72803350 -40.28735832
v -128.13829530 -125.97574491 28.19502773
v -114.81119302 -93.81746656 -17.44279712
v -113.61952738 -125.81558165 71.80859831
v -104.29070445 -92.58850171 -19.88030750
v -110.24162224 -94.77708829 -17.07082476
v -112.02318518 -125.81870127 74.24190155
v -106.08291636 -91.50478505 -18.46067288
v -134.41676075 -100.03322325 -7.76091390
v -61.39593020 -128.46316566 -38.40709939
v -123.69258286 -125.57496570 43.09307407
v -121.38385159 -92.72919518 -14.83392652
v -132.71674859 -109.80581382 -0.63347531
v -99.10702409 -95.72553787 -21.78775505
v -116.21039204 -86.01326347 -16.06104181
v -119.24271833 -124.22824802 73.07152673
v -124.28100246 -91.85583736 -13.96894680
v -48.04791977 -141.87384464 -49.82486870
v -128.75001708 -119.46108018 7.97466528
v -126.35385459 -123.40180607 33.54411039
v -64.92379314 -123.12922720 -36.44083054
v -124.71468284 -116.79824877 17.15854481
v -36.23009537 -157.90739795 -50.84502004
v -69.05366243 -116.19215781 -33.55844044
v -118.48103459 -93.30879097 -15.49942912
v -131.07301940 -97.68126059 -5.89316488
v -90.44392946 -99.65448061 -23.77911776
v -44.66162186 -147.21964849 -50.83594913
v -130.72740971 -93.47483838 -8.44948056
v -120.58785294 -88.63644938 -18.73263507
v -132.86214626 -104.20251436 1.10036626
v -130.62211237 -120.46692633 12.67135532
v -127.50734513 -92.94876329 -11.90332013
v -126.05796173 -120.10791308 12.64204947
v -127.23086459 -114.08603677 6.67357223
v -68.73762870 -117.34845756 -29.95054784
v -59.81123770 -127.94619627 -41.00337974
v -62.56697359 -126.73884289 -38.21593266
v -82.15699378 -104.34432213 -24.15845072
v -56.59142538 -131.07611061 -44.06451863
v -117.69633500 -92.27413607 -18.13628815
v -128.11162104 -130.49565138 23.79221339
v -128.69488126 -113.33566665 3.51674894
v -87.34028883 -102.61794173 -26.85330034
v -96.93392458 -96.59970548 -21.53979998
v -123.38270356 -125.33572715 64.02304178
v -119.87862845 -124.64276788 71.89948510
v -37.84870917 -153.23344450 -53.21273776
v -119.59036941 -129.46095768 65.15366270
v -127.57687121 -130.49399834 24.45959997
v -126.38954371 -133.47673945 50.09044569
v -129.02480331 -113.81703476 3.28933158
v -65.20524305 -122.57136249 -33.49017564
v -128.98982823 -127.61455540 20.96027034
v -126.08979345 -125.88985170 39.68308563
v -129.94252148 -132.62789924 25.35269239
v -119.59845063 -128.17093442 62.75521980
v -55.32706912 -131.16253319 -41.33399768
v -132.29962845 -111.36236764 10.61133233
v -130.68525122 -113.02740264 1.69923820
v -126.50680068 -133.13852311 47.19934748
v -135.74070904 -106.67087177 -0.63284587
v -43.31532044 -150.79927058 -52.79248777
v -131.47145870 -93.71766595 -9.06065064
v -54.73955096 -132.43175587 -42.07231175
v -121.38762397 -127.66969962 69.89593253
v -119.78901999 -129.42999334 64.46519993
v -136.03336254 -107.38652704 1.62042572
v -126.58848181 -133.33774433 49.68877540
v -125.58345140 -127.59789479 45.43531086
v -126.37624092 -133.01151250 45.10687412
v -122.55405408 -126.78906180 44.49956991
v -136.01741904 -105.97997276 0.35417455
v -121.98886584 -122.05499781 27.05317690
v -132.58540351 -116.03473841 8.97722127
v -120.21563272 -127.64534851 56.97733100
v -126.76886225 -131.49676715 45.28043253
v -128.84530463 -94.86675085 -15.70059394
v -130.28845087 -115.20797644 3.47083852
v -131.25229792 -94.22694844 -7.72383361
v -111.37763795 -92.50324722 -16.37875960
v -128.05884567 -94.02516647 -16.44171394
v -55.63874705 -132.47772396 -41.42731362
v -128.88377337 -139.80388485 28.92252680
v -131.30294654 -117.18458290 6.57711178
v -123.81178141 -129.93418490 62.20408829
v -90.72241750 -99.71909952 -25.02072093
v -132.89524729 -104.54779245 -6.84599587
v -122.70116233 -122.72859690 29.53110185
v -135.14106626 -106.16651389 -2.05379442
v -131.84921354 -107.58364099 -2.84213602
v -129.16355862 -126.88417228 23.36376953
v -87.27690553 -102.22444330 -22.42753976
v -55.19461084 -134.43325525 -43.92484006
v -99.83143953 -99.50703651 -22.56762478
v -86.90169296 -105.75361800 -25.32387901
v -113.73541252 -127.10667161 73.45740348
v -128.65048134 -112.00056648 3.45877432
v -121.69793136 -130.18814326 66.16886288
v -130.94191341 -97.26067483 -13.60951572
v -119.94375067 -74.76469231 -19.80314319
v -58.87028337 -127.21161377 -41.04744070
v -126.87445290 -129.15170119 24.07727774
v -129.62062499 -127.63192317 21.54785228
v -126.99830155 -128.41751432 53.43390720
v -120.71971745 -130.26527155 67.36598108
v -122.52349929 -92.26323263 -14.52253151
v -129.39565959 -128.28805943 22.96386296
v -124.46436668 -122.71970925 34.04723037
v -59.76536150 -124.95925925 -38.28281289
v -59.25767418 -127.25158100 -41.00419373
v -126.75102996 -126.79379118 20.99468320
v -56.87306051 -127.98768770 -40.70675891
v -130.79846718 -110.00159303 0.86321729
v -124.70254009 -127.87027773 62.43872427
v -124.85053998 -134.50053030 48.27865653
v -104.57840711 -95.92200429 -20.25718156
v -43.76554971 -149.08523994 -51.09179486
v -135.24239753 -101.91533329 -1.86585022
v -115.76028160 -79.03646354 -17.76021905
v -123.52054782 -122.92709051 34.68297333
v -127.02364622 -143.02896567 31.36414511
v -59.29302001 -125.73028593 -38.92535441
v -126.04861264 -123.10241936 16.28286119
v -120.70703447 -128.14603517 53.32125555
v -51.04655661 -136.88615232 -50.80429836
v -126.42005955 -120.76823061 12.56578623
v -131.88024175 -114.62381933 3.35608335
v -102.32728604 -94.02396796 -19.40576558
v -114.55765784 -92.80910322 -18.13473812
v -122.38520682 -128.13711537 44.44362543
v -124.77192764 -133.87965115 41.49826170
v -124.14349496 -134.21883113 48.27422245
v -130.33526264 -117.73583814 6.07705688
v -127.96426680 -114.14763416 13.43859960
v -126.84320369 -89.88253494 -14.54532717
v -60.29265986 -124.95719811 -36.94775397
v -126.14205964 -91.98840694 -13.15749978
v -122.49964433 -124.36614593 23.92403625
v -131.12233498 -116.17224831 4.56464070
v -122.72186256 -131.86835789 47.24120465
v -59.08642410 -127.93578326 -41.38688449
v -116.83622641 -120.81177046 73.77049247
v -75.94587393 -109.91166166 -30.38885825
v -125.55925938 -130.57988387 56.90357903
v -129.77646539 -93.36288066 -15.19638492
v -124.19304551 -133.84850473 42.78979151
v -118.04425584 -123.96330226 63.96517666
v -111.64444931 -83.51080936 -17.73241254
v -132.36834167 -98.80425764 -3.65344512
v -111.36392757 -84.39992334 -17.66341041
v -120.88496309 -123.92733058 56.95001602
v -129.25428927 -122.65860487 20.79711131
v -122.45151457 -128.76791941 41.84776248
v -61.21628155 -124.59170804 -35.97387177
v -82.52775994 -105.13603044 -27.97992439
v -123.47158997 -118.84839626 18.41932016
v -123.76010099 -125.07507584 22.27181380
v -130.50211771 -121.38486918 17.48195863
v -128.54644732 -141.98550432 30.31390026
v -110.47255705 -91.83973069 -18.98296977
v -65.96158462 -119.87898522 -31.64120545
v -100.27529795 -95.17352941 -19.90218810
v -121.83552167 -129.19422170 49.48939636
v -115.29303435 -82.75529216 -19.72885811
v -126.97937595 -127.81535095 22.04340861
v -132.26577689 -112.86260784 12.27786399
v -130.18997235 -121.05434946 12.74106434
v -129.39954944 -137.13754465 27.63450788
v -120.01041230 -127.59874320 60.57593580
v -78.52711166 -109.20661352 -30.40977202
v -58.99845927 -131.02268249 -41.23049243
v -38.62685813 -152.90466094 -53.63627863
v -79.94250166 -109.64212229 -26.26662026
v -122.48226780 -130.59947024 58.84156942
v -126.34056942 -120.78411718 23.88506595
v -127.56982359 -95.97917869 -12.79484829
v -128.57942348 -91.36680713 -13.22657692
v -47.11373608 -142.88415406 -50.09050443
v -126.10916556 -115.58016132 15.50076092
v -60.50790558 -129.78440465 -39.40529291
v -75.69456804 -112.75593128 -30.88361176
v -49.70605897 -140.34015225 -51.44338355
v -119.77358463 -94.25071905 -16.03770219
v -51.09910299 -135.19184114 -46.90974822
v -135.79161625 -108.03717348 1.27530224
v -125.75905866 -93.76657442 -17.06807548
v -83.02203182 -103.87430833 -23.88152025
v -123.87853221 -122.29007187 31.72107111
v -124.42912612 -126.00829997 43.23183624
v -126.24159835 -94.98986500 -15.94464198
v -105.66743716 -93.25428799 -19.78617992
v -125.01438798 -117.46150109 15.19294404
v -71.05731987 -114.06874875 -31.64626055
v -129.58521514 -115.85355625 4.22899970
v -121.94763680 -120.38297553 23.32394274
v -117.03646694 -80.87363562 -17.94290587
v -123.45747819 -126.35044433 45.66690297
v -121.89916338 -130.37740453 63.57398288
v -120.87913104 -122.72289996 65.49712816
v -126.99168617 -119.55692164 9.95569011
v -123.09817222 -124.41489925 39.40835230
v -124.54184714 -129.47543797 33.83977245
v -123.49593973 -130.77731006 59.46338311
v -126.17114219 -121.30496479 13.85396929
v -74.76286847 -113.62294703 -30.97976930
v -114.55396163 -82.86876378 -19.80668056
v -125.46739333 -126.25931309 51.74811167
v -55.04490173 -131.87962496 -45.46354816
v -129.94343615 -123.21270744 18.17095640
v -122.26076242 -123.16006257 27.99458217
v -118.97381566 -122.08332940 67.00707751
v -128.49607070 -111.84604608 9.08051856
v -125.07983738 -127.63856474 27.55946011
v -44.50277864 -146.11958657 -50.53972500
v -70.92975718 -116.44367062 -32.83894701
v -112.53769809 -81.86195024 -17.68596230
v -126.77182897 -88.32095437 -16.35573218
v -131.52483031 -101.39128591 -9.69031656
v -122.84742609 -124.81820948 35.80887248
v -65.08842522 -122.51866709 -36.57823123
v -128.29213344 -132.07654718 25.26469253
v -135.53757381 -108.18216399 5.73850394
v -125.83095122 -122.73182242 29.13342828
v -120.88980756 -125.16972403 70.33650723
v -97.50658572 -100.10193476 -23.57363234
v -57.53635777 -129.61781283 -39.47958672
v -126.38628674 -128.33130384 41.64762847
v -89.79479197 -100.21550354 -24.91645711
v -116.77613954 -82.84846599 -19.43433054
v -130.28271905 -109.44240217 3.39313624
v -118.89224955 -76.64969504 -19.57041643
v -134.33650883 -110.30266786 8.80103717
v -131.26383081 -112.47479470 12.09049087
v -47.46625630 -143.75298263 -52.04858189
v -118.06272960 -83.58621776 -17.56596457
v -129.19038709 -114.29692274 15.48005773
v -51.01688561 -135.68492582 -49.91887421
v -133.83818691 -108.87304667 7.14672435
v -117.11005186 -126.36276096 66.48036548
v -106.53853129 -92.52592429 -19.55159428
v -128.51886166 -126.67261210 31.95882357
v -131.64408753 -117.18604181 7.76686600
v -73.96511947 -113.11350121 -27.20036358
v -86.08167416 -106.20994557 -25.16199671
v -125.73882975 -125.38406809 39.65624022
v -52.48871340 -136.82432056 -48.72108913
v -126.83313556 -95.72321999 -15.12873811
v -114.99840068 -126.46104078 70.08145549
v -61.01758010 -123.03062914 -37.76281818
v -71.06445376 -116.20730830 -28.85975830
v -119.90064557 -74.12460585 -19.43168224
v -122.72792607 -123.04820381 32.44815509
v -115.08417796 -78.23195334 -18.17519223
v -124.56255609 -122.04432422 28.34451545
v -96.91914986 -100.14267101 -20.56960388
v -127.62760958 -130.27799219 36.92109863
v -91.19709023 -102.50546251 -21.97149505
v -120.70193871 -124.09576180 56.85402162
v -131.83103669 -94.59994282 -10.92981421
v -113.55315587 -81.08777375 -17.39646492
v -123.30216510 -130.54861565 60.50833293
v -128.92567535 -90.67050699 -17.41771469
v -124.97663268 -123.77274779 37.52092262
v -53.84625082 -132.46371475 -42.97901494
v -135.70213816 -107.61300804 4.73797579
v -114.52362476 -124.11604944 69.77095372
v -135.36631059 -103.73571769 -3.29035066
v -56.06801885 -130.79747718 -40.65873796
v -125.73867084 -129.97122068 57.78050474
v -125.00764440 -118.37097455 22.53521546
v -126.99585042 -128.32293100 22.59480799
v -130.05037165 -92.95901346 -13.64057182
v -122.95759677 -130.21459230 63.52927040
v -70.78972485 -117.91719422 -30.64478939
v -131.71468807 -103.16192554 -7.02020814
v -125.53004697 -127.26274908 47.65109537
v -130.73128572 -118.25997065 17.28404186
v -124.25795207 -131.46961918 56.79445522
v -120.85791204 -93.45875457 -14.97474157
v -127.38567490 -125.32402607 36.09346356
v -130.28580734 -96.01145719 -7.79142430
v -122.88125502 -124.35221528 36.51447044
v -39.64492302 -154.86548782 -52.01814402
v -47.60128670 -138.47009298 -51.06708618
v -136.05633824 -107.81300729 2.78072823
v -61.11364972 -127.98948180 -40.24969176
v -131.34937562 -102.36477986 -6.89194261
v -122.52644907 -126.88361095 43.85923884
v -64.46755214 -119.48774161 -34.21991162
v -54.22819801 -133.91975492 -46.48556830
v -115.74661856 -119.78607938 74.18675488
v -65.00452290 -123.20579860 -36.01394666
v -135.83245509 -106.99104368 3.31028359
v -52.53434924 -136.28623997 -48.73666644
v -134.13110998 -112.30849416 3.16057277
v -64.37785316 -123.84244565 -37.07213424
v -127.43716798 -111.96490408 5.91039403
v -112.74545539 -80.11636939 -19.70507520
v -116.69734811 -75.26487390 -19.04864043
v -52.27333458 -136.63496217 -46.22270635
v -131.87233612 -113.54994191 13.24163796
v -126.06588863 -116.55161172 10.70855864
v -118.33558741 -128.82344151 66.74574440
v -123.96401042 -130.20538963 37.90749745
v -81.07108349 -105.15367392 -26.19210695
v -90.71199851 -100.56635265 -26.00835529
v -128.71621693 -128.38966258 24.72323196
v -85.10082298 -103.38574475 -26.94377075
v -133.68272987 -98.58841694 -5.90998329
v -127.88385269 -96.06354122 -15.04919562
v -57.78237900 -131.24868502 -42.86249980
v -131.69044018 -95.48625848 -12.36131306
v -59.25640554 -128.87497653 -41.51646584
v -115.70291184 -83.84251846 -16.45063060
v -73.36645200 -115.09499513 -31.38203627
v -97.29609284 -101.15796860 -21.73432530
v -125.48229866 -127.70360311 24.16476429
v -121.24303935 -91.56441503 -18.37812635
v -123.49999418 -124.41927534 21.66883293
v -101.87259400 -97.75098756 -21.67452687
v -129.73476422 -95.39499573 -8.88453261
v -124.09262562 -133.64850533 42.27316235
v -117.53418380 -80.75010926 -18.95830385
v -36.84936001 -157.64139220 -51.31110825
v -130.94117080 -94.37494234 -7.48944581
v -49.14203813 -136.78790223 -51.63967664
v -117.21192506 -77.55848644 -20.41263925
v -126.92237241 -95.92638952 -14.72840588
v -127.25044978 -131.43826938 38.36584797
v -126.89686792 -129.43082879 25.79431111
v -132.40415874 -96.51253411 -11.09506351
v -96.96150947 -96.74586698 -22.65264472
v -130.42835056 -97.33261760 -13.88095646
v -125.58472460 -127.46562529 60.14359193
v -123.18913771 -122.82629316 33.13400375
v -122.62844533 -124.19181869 31.15842923
v -130.43030707 -112.19580161 1.50972373
v -74.38480111 -111.91719436 -31.45748034
v -115.14427875 -119.23197658 74.71494889
v -133.60271426 -113.64126973 9.86091843
v -135.73242411 -102.94452053 -1.85658188
v -130.05882378 -98.66035813 -12.52289177
v -89.36772498 -101.84727490 -26.44263153
v -122.86379815 -123.50730252 33.46795590
v -129.68001307 -122.07161733 19.70710693
v -136.14151092 -108.86233967 4.33645713
v -84.81047401 -103.42428269 -22.79378147
v -128.04220231 -126.60558543 27.66204991
v -131.34460659 -118.63056416 11.13051151
v -114.80044880 -79.60200478 -17.57849655
v -133.40396647 -106.66825893 -4.07777583
v -62.01511972 -127.47397986 -37.84033013
v -49.85031596 -136.34251846 -49.17269746
v -122.42697407 -124.49559591 27.17438174
v -120.90984658 -129.14738452 58.46585773
v -127.56486902 -94.18626804 -11.67796846
v -126.75083539 -132.87850640 39.11661336
v -133.55953507 -111.77841861 10.29488148
v -122.32923712 -128.11918858 45.50117333
v -50.54869800 -137.51539543 -47.72384731
v -118.11201558 -86.48748613 -16.13402093
v -45.62625862 -144.03394063 -50.32886574
v -108.31988269 -93.82200049 -19.08307745
v -125.10007206 -133.69418895 50.83588215
v -130.71379795 -99.93038279 -8.24686589
v -129.34398400 -114.76532940 3.50423817
v -134.94093692 -105.55246712 -3.02138180
v -122.72484107 -127.47410970 38.56350326
v -129.66564816 -131.52219917 24.92351200
v -126.52601329 -94.39558980 -16.56447481
v -124.22625614 -132.86804112 40.99330889
v -98.15246865 -98.96183037 -23.81761253
v -134.66278906 -106.31893474 3.46418503
v -115.11971915 -84.23109265 -16.34289956
v -128.15412013 -125.29581923 31.74280199
v -121.40074650 -125.43462759 52.36273895
v -129.10712183 -120.40578957 9.73309316
v -132.67767805 -110.34773931 -0.17117983
v -122.53499846 -123.52887040 29.21671660
v -68.00574326 -117.03437411 -34.05768683
v -59.22600071 -126.90315357 -38.06487870
v -129.18634812 -137.20166514 27.77095600
v -70.26040496 -115.79565144 -33.18091623
v -61.98244928 -124.86345624 -39.42721110
v -122.39637586 -123.48749364 62.23328988
v -125.71077781 -91.09463928 -18.45860692
v -89.51054332 -100.94613473 -26.00938284
v -123.45329044 -120.40047204 25.29651939
v -77.70986733 -108.63954257 -29.94455825
v -128.80124276 -120.78970273 10.22239384
v -101.04495931 -97.64308903 -22.08229372
v -65.64564964 -118.45942548 -34.22011584
v -126.15606639 -126.61660052 54.42141219
v -48.37150558 -138.26119780 -49.97068597
v -127.43214808 -130.77922662 47.88445385
v -131.74469734 -118.93838668 13.90216015
v -122.65946689 -124.70849784 32.54595542
v -121.40200770 -122.06591730 23.39799127
v -109.40413281 -84.83529021 -18.97810317
v -107.49642656 -91.09827674 -17.82893117
v -120.03678062 -85.97391445 -18.59592258
v -115.43865094 -125.79582923 68.91865279
v -58.18863018 -131.47124977 -42.27359510
v -82.72663815 -104.03753005 -25.56903857
v -61.60892470 -127.30088587 -37.20187762
v -57.23418806 -130.45755046 -39.85502902
v -56.49168777 -128.13554862 -41.85851047
v -124.38405644 -131.89306404 39.61514819
v -52.30982968 -133.89094697 -45.15538185
v -122.53211359 -129.79116931 44.56745798
v -135.62937378 -105.49368317 -1.87682027
v -131.34713570 -96.69939406 -5.66062450
v -128.71111761 -135.36791441 28.75097350
v -127.34584902 -128.11815749 28.82084497
v -122.49109788 -121.37316332 26.85917943
v -125.17710708 -90.48416364 -18.54058635
v -127.70608995 -129.69627233 37.56836439
v -126.95064397 -128.65536514 29.83271020
v -118.30308134 -74.46309574 -20.51789666
v -131.21590972 -101.55310408 -6.64238365
v -124.67413817 -126.50882376 44.01491744
v -36.86555719 -157.14841217 -52.59184589
v -131.83339326 -104.13658337 -1.86959144
v -60.72699144 -128.35352025 -37.77791511
v -123.09197752 -124.86416860 52.43008041
v -131.32350603 -108.13241284 5.70653007
v -71.68715265 -113.18708475 -29.86502943
v -132.89994191 -107.81274965 5.89504398
v -119.11831984 -123.02349005 71.59147613
v -105.99716868 -92.88975088 -18.00826289
v -132.26584794 -103.54947278 -7.80666955
v -134.91803093 -109.20063132 0.78522086
v -78.58016522 -110.33627199 -26.32851859
v -117.32141639 -81.68549300 -17.87643223
v -127.15455844 -130.29505804 35.71062794
v -131.87767961 -105.99306375 1.10360056
v -126.33503314 -128.47864755 28.05412868
v -124.16619518 -124.52049462 20.63398087
v -78.28687099 -110.85243267 -30.20594737
v -128.18274417 -126.78858228 30.24809937
v -126.96324774 -128.67796778 48.37714715
v -115.78100120 -80.68271209 -19.93029907
v -78.19230729 -111.36057863 -29.14776445
v -63.09281405 -125.62563363 -38.50427773
v -124.91057752 -134.34348149 44.49253460
v -130.67944034 -115.69259882 3.89376833
v -126.87055808 -131.23815915 52.84249774
v -122.02414477 -120.72904889 25.14614678
v -130.98201782 -100.55010030 -9.88682953
v -127.20978450 -132.13361014 49.16932490
v -113.87534791 -126.46543552 72.08556532
v -129.62511870 -92.65707585 -15.27012300
v -129.12002853 -121.60146606 20.86008226
v -127.79252305 -111.35165003 6.59339615
v -128.26185281 -126.07970971 34.86335064
v -115.13444698 -92.13270197 -18.30979177
v -130.52122891 -93.73813641 -8.13696472
v -131.89839983 -104.66225912 -5.16044491
v -70.89804440 -114.72075580 -32.58495070
v -124.96027505 -146.03031518 32.76804221
v -121.07067923 -123.67209069 58.12027447
v -120.84015160 -127.05944064 70.98266428
v -124.33020380 -122.68406129 18.13042342
v -80.41457022 -108.54526689 -25.41181843
v -116.33620201 -81.93697831 -19.65839634
v -134.29994395 -111.02610387 9.20298929
v -112.66818492 -79.33125176 -19.48678345
v -133.79384371 -98.81386774 -8.50327061
v -115.08074437 -126.98313042 76.08447091
v -91.50833643 -103.43148920 -22.54849345
v -120.39173116 -127.84764106 54.65439884
v -125.42031103 -122.57929016 30.86702127
v -126.33493461 -129.06441654 44.06958668
v -121.91887023 -94.17018606 -16.67392095
v -112.79139843 -94.04096667 -16.59019307
v -53.88965403 -132.94106991 -42.96808060
v -49.78950280 -140.04499125 -49.13697169
v -116.50527472 -120.45140610 74.88308261
v -56.08621933 -132.92765649 -41.40851643
v -117.66400143 -81.92621374 -18.32632512
v -129.21361932 -111.98564721 10.12419458
v -117.05207173 -129.13355084 70.70443481
v -134.35276330 -109.62697104 0.50069542
v -118.79542172 -92.81701365 -15.39517880
v -67.22858955 -120.26781208 -34.78842416
v -125.76407583 -134.25600262 41.96836194
v -69.93821420 -117.45266847 -33.30274681
v -121.81227454 -128.70417496 48.66418819
v -124.29314978 -90.21601434 -14.57439799
v -52.27800156 -137.65179985 -47.59525102
v -130.50312891 -108.64321405 5.56424067
v -117.23287895 -121.28812374 72.73484656
v -119.20225425 -128.41213866 72.80725568
v -100.85274385 -96.83461874 -21.95525675
v -125.99462141 -128.62431676 59.05770610
v -121.30879525 -121.85428009 24.69928194
v -76.53962943 -108.56860921 -27.79226410
v -127.81429719 -142.39015979 30.17564392
v -129.71956919 -92.37622936 -13.27835667
v -132.83604223 -114.45013575 12.46769723
v -127.26218625 -129.70048622 34.25192718
v -36.26387477 -156.77324885 -50.62150478
v -128.56498209 -134.34067245 27.36024956
v -117.62319927 -127.85067548 66.87791774
v -123.99640739 -124.52684828 59.88270342
v -44.48106387 -149.41721347 -52.34958318
v -120.50307521 -123.37394549 69.04365789
v -125.57096545 -94.52074137 -13.56717779
v -126.57002829 -132.37126933 45.06769591
v -116.12700479 -123.22476021 67.59199130
v -114.34270757 -87.68655442 -19.25203065
v -135.24417389 -110.23777365 2.76716675
v -119.84475791 -123.17272015 70.15429608
v -124.26408165 -124.57554650 57.01826156
v -96.58196160 -99.76759401 -24.44531608
v -121.40912605 -129.77910021 60.85547561
v -127.63643913 -144.05750805 30.81991807
v -115.37637095 -125.34482998 76.97562552
v -109.97137630 -84.46872810 -18.49409533
v -56.41877491 -128.41743854 -40.92720545
v -135.28199935 -107.13977196 -0.92613162
v -121.35887773 -122.91985724 64.05344684
v -128.06567792 -90.74875957 -13.86266723
v -62.84168095 -122.79432514 -38.39384384
v -90.44515824 -103.68788217 -24.52898485
v -66.15514552 -119.91604815 -35.72238496
v -63.29920461 -125.41639519 -36.24248831
v -129.49019077 -130.65231952 24.05989832
v -95.75771013 -101.22379873 -23.37624072
v -85.81934419 -102.81656042 -22.62989010
v -87.80832572 -101.43291290 -25.47104079
v -122.56694493 -119.34497173 21.84304615
v -129.11886381 -97.39215616 -13.72288623
v -124.85964259 -125.33039371 20.84913339
v -123.47205155 -122.08549868 29.83453939
v -56.72742330 -133.23696912 -41.92934187
v -63.91573491 -122.00591637 -33.40216709
v -99.84810379 -97.00406199 -19.66906152
v -124.22190297 -134.08705129 43.77477792
v -127.09936513 -113.78804093 9.93359418
v -67.53860373 -116.99258758 -33.94158282
v -125.51388457 -87.63354585 -16.95756256
v -120.16131794 -123.97479968 58.79562800
v -38.24080546 -152.12779206 -50.99833586
v -133.36201643 -113.10807536 10.92190916
v -122.35564585 -119.88889175 23.75149320
v -122.05525324 -128.46927948 47.28942981
v -37.29689759 -152.90244897 -52.30183704
v -125.46861921 -117.01848929 13.67220062
v -114.70188240 -90.98053557 -15.85334179
v -127.47178627 -126.74895002 20.40932028
v -88.05259346 -103.18157359 -22.28247582
v -129.67565864 -122.35394320 14.44430901
v -73.14935257 -115.61868684 -30.27064643
v -129.64207150 -126.76903042 20.69592974
v -129.19818125 -131.97653084 24.48860956
v -122.79268746 -131.75102083 46.29148248
v -131.39671945 -101.76662481 -5.31293846
v -128.59135857 -135.61699516 28.23009814
v -126.04512631 -120.18878253 23.73557842
v -71.55433248 -115.08203794 -32.63617400
v -112.66313654 -90.82001541 -16.19990458
v -113.14910493 -122.38099476 72.35906202
v -125.38574039 -88.68547095 -18.53975853
v -54.71975983 -130.74385677 -45.41147610
v -67.63828292 -117.11123893 -31.21906184
v -40.16332953 -149.14183005 -53.39968821
v -124.88884287 -131.05478307 57.61309492
v -127.93889824 -127.71026327 21.27708439
v -127.34320727 -128.61791920 38.80934561
v -117.50804363 -92.84616761 -17.89724831
v -124.18611635 -122.07070138 29.85384961
v -128.00822986 -127.28277345 26.45255426
v -123.62271884 -119.90210796 17.86756033
v -126.55226583 -133.23513852 42.37273490
v -80.56238098 -105.35309232 -25.66193228
v -129.45756659 -139.10870340 29.32429527
v -124.24732746 -131.10857215 58.00569329
v -112.90398532 -78.95274023 -19.11818263
v -119.57947210 -123.80631423 71.75948524
v -124.84463043 -123.35128123 36.40540538
v -62.58311118 -123.54894636 -34.74160060
v -124.89373802 -126.23942968 42.77928504
v -124.69628058 -134.48544481 46.26377158
v -126.59496987 -127.34039475 54.13111866
v -126.86208376 -128.30556805 40.12109361
v -130.15719961 -92.93320142 -9.38318534
v -129.86481358 -115.87253192 17.44356904
v -126.80400275 -130.61428614 45.15679170
v -116.28631861 -78.93849010 -20.27648195
v -134.38001548 -106.47116952 -2.97359268
v -54.92604965 -133.89843243 -42.64844788
v -115.13659025 -88.07757517 -15.98055715
v -40.34274662 -151.18899239 -50.62423398
v -91.17302814 -99.25313759 -24.38383974
v -119.42080922 -93.66639690 -15.44253250
v -122.55139016 -122.68555453 28.74515024
v -131.48469726 -110.17114318 -0.13577195
v -124.56550298 -133.41712878 51.20255878
v -111.94777062 -88.19980568 -16.60345136
v -127.27552453 -95.07189463 -15.99660761
v -102.75903665 -93.34669773 -20.38565366
v -127.32369106 -88.90379513 -18.39483560
v -64.00690062 -124.48660527 -37.25357291
v -131.78215485 -113.10996836 12.89176881
v -127.03971280 -131.42656246 46.43689692
v -117.63397187 -79.47265280 -19.24780799
v -56.10525436 -132.98207392 -44.06320660
v -59.34006371 -128.57734428 -38.12446446
v -95.71820981 -98.01808488 -24.27181011
v -117.50633873 -83.34398557 -19.17953899
v -135.57717118 -105.51280396 1.79092311
v -43.45718962 -147.05590502 -50.57326642
v -130.62998846 -93.56889517 -12.81720477
v -58.74726401 -128.64358701 -41.81596524
v -131.51387840 -119.84836389 15.56114480
v -126.33643660 -115.69718678 18.79438332
v -126.11438738 -127.03476613 51.07137135
v -129.65781936 -115.16499329 17.02759737
v -126.82185370 -115.04427506 14.18258321
v -63.59121129 -124.27331991 -34.85281479
v -123.30653614 -127.47920229 34.59885122
v -125.77363727 -117.70424573 11.73524765
v -129.35718919 -92.89318693 -15.95224778
v -125.57963153 -129.21857676 31.73285276
v -61.72020336 -125.81334770 -39.79718695
v -127.14305834 -128.73042863 52.36960562
v -120.17899401 -126.70139486 54.71491260
v -115.23203317 -122.64747557 69.14818532
v -125.19170517 -126.59734663 49.56388780
v -64.87117675 -119.13655383 -33.94907608
v -79.77256319 -105.89869449 -25.29921152
v -128.34802640 -111.15182557 4.76355735
v -128.23980750 -125.64226028 30.88850740
v -96.28255595 -96.85698808 -22.43800102
v -121.59360740 -94.51688831 -15.62760302
v -57.19461494 -127.94177754 -40.16598937
v -109.74577694 -94.94542872 -18.06328666
v -40.21492011 -152.99754769 -50.90841018
v -119.35774279 -128.89363293 72.17576311
v -120.18729456 -124.01834252 70.68581614
v -79.44440672 -106.56391209 -24.67880119
v -123.23308994 -118.74906897 22.50676449
v -122.93122510 -118.86421887 20.50229227
v -121.22971913 -124.28649713 55.78070184
v -134.13508638 -107.50660301 -2.09773461
v -126.99980472 -131.88734840 50.94239473
v -56.89500481 -129.56449714 -43.51815433
v -122.42120573 -127.53628721 40.84264553
v -128.59269965 -129.28728619 25.18827466
v -126.14108699 -133.55380929 43.17378982
v -131.13396168 -116.91752436 5.74033671
v -129.94996084 -134.15090468 26.16139808
v -82.45909653 -106.41301389 -29.14838007
v -117.99790856 -75.20136729 -20.58528614
v -47.43160352 -140.02710796 -53.05530176
v -120.67897667 -128.22639656 71.06841056
v -127.48651995 -128.61670854 31.40067209
v -120.75030229 -126.30021123 52.81817486
v -125.94611134 -118.00970107 21.95472469
v -129.19469939 -119.83060294 8.69012000
v -121.58420272 -126.46520964 50.03189977
v -133.74075748 -114.23689053 7.56835297
v -70.04215612 -115.38378548 -29.50447824
v -127.61564226 -111.94162639 7.59565210
v -129.92080913 -118.85532129 18.93519372
v -66.44036360 -117.98793439 -34.40611730
v -128.32863941 -125.51622158 24.53951352
v -42.01674166 -152.30472650 -52.41541544
v -133.27351822 -109.34844189 7.98819304
v -68.21497726 -118.11308444 -34.35945061
v -54.86500909 -129.56030340 -44.29130873
v -49.12008799 -140.47859602 -52.19007123
v -131.21458155 -110.14176656 8.56641026
v -128.66834829 -140.52062735 29.24669054
v -123.75687503 -132.33264551 53.79191314
v -127.69192168 -128.96920927 37.79156118
v -86.27502868 -102.46578148 -26.18339661
v -78.03037799 -107.75673068 -28.92660595
v -117.12901966 -124.40208625 76.15663444
v -57.58595989 -128.43585211 -42.36618614
v -55.51558276 -128.98243403 -42.64866185
v -60.10281133 -128.58802735 -37.91373317
v -125.40618614 -125.73744961 40.93328559
v -119.90493934 -127.89340351 61.60355710
v -113.71146106 -122.84642625 71.33849532
v -126.33596781 -128.47642273 27.30295998
v -127.26317419 -128.17182108 27.90619031
v -61.59182954 -126.53857013 -36.61438986
v -94.94919640 -101.78548071 -23.09218748
v -127.15769755 -130.90291188 37.01833467
v -131.40458176 -96.27890914 -5.89204285
v -125.36675742 -145.99031836 32.94467474
v -118.31373660 -125.30131892 63.26458868
v -43.25271257 -150.92463805 -52.30248999
v -109.48043081 -89.76725655 -19.31083176
v -114.89666921 -127.74868695 72.36703596
v -117.97559532 -83.55390040 -18.95262018
v -127.68387419 -88.53480234 -17.66592977
v -65.42796547 -121.01648529 -32.11811531
v -129.76935001 -118.24865802 6.35263184
v -89.63983498 -100.65541787 -25.68380439
v -128.13479843 -131.14042588 26.32405620
v -122.76510153 -126.28812765 47.64771468
v -118.14529288 -73.68628175 -20.21460801
v -55.07461837 -131.05114636 -45.27642112
v -65.68269066 -121.47099363 -32.32427319
v -130.59441826 -115.34524248 16.31730509
v -127.52772144 -115.89427070 19.02586042
v -122.87914797 -124.31652772 22.78251367
v -39.66949965 -153.15406790 -50.73049379
v -125.97169164 -126.55431106 57.39191989
v -132.22675100 -104.83275879 0.86709551
v -123.87988875 -121.30560740 26.91792466
v -132.35986543 -114.46318961 13.51700981
v -126.20697113 -133.78565370 47.77852730
v -72.80709478 -113.74056762 -32.15078771
v -105.20028388 -96.51628533 -17.92521036
v -71.17945133 -117.41344211 -29.93789022
v -54.35506475 -133.16941272 -46.25104424
v -94.64959057 -99.61901208 -25.20299178
v -39.41426995 -154.23320482 -53.43694938
v -118.27411659 -128.99032401 72.63595651
v -72.80452273 -115.94228967 -29.74351563
v -51.83056708 -133.11568036 -46.85623663
v -129.90884518 -134.39251377 27.08042581
v -75.83251471 -111.69962266 -26.64277383
v -128.27825181 -138.93877609 30.75171533
v -57.40139327 -131.42989239 -40.07909538
v -119.49241364 -92.15948460 -15.22366555
v -52.79589387 -132.11562979 -46.63939158
v -67.16549470 -120.75813252 -32.22794213
v -127.40535661 -118.78254302 8.60324775
v -120.46260011 -129.39101339 62.77493552
v -49.60814730 -138.39983078 -48.53190700
v -130.19369152 -95.26376638 -7.97906897
v -61.95791879 -124.16194655 -39.18368417
v -114.56516029 -124.76868656 77.29253619
v -122.52055998 -125.98180954 40.83802179
v -62.48168030 -124.73902809 -39.12844715
v -38.35146137 -155.88266948 -51.02762325
v -72.31071023 -115.98529265 -31.92959183
v -78.07615408 -108.30096522 -25.24710264
v -116.46080216 -124.35503835 76.68941829
v -128.03246970 -127.12651981 29.62464861
v -117.47691504 -93.82134516 -15.98747897
v -126.83954721 -133.61018876 39.85412923
v -60.03532360 -128.56006336 -40.94065900
v -135.43215130 -110.20422766 3.35806587
v -127.11679519 -129.94238537 24.85042261
v -122.49554715 -123.62219608 60.15351802
v -131.75426038 -100.90859108 -3.63936082
v -45.28959662 -141.59696754 -53.00406374
v -118.60229200 -73.14418057 -19.05435530
v -51.30914282 -135.59766129 -46.56427052
v -111.45089956 -93.24488525 -18.50373368
v -120.49374908 -126.98889798 53.44114793
v -54.76879382 -131.24297249 -41.95505153
v -121.24416923 -129.71905337 61.69200295
v -51.95624389 -133.38268978 -47.70827433
v -120.84001855 -128.84453433 57.58249961
v -122.25459055 -130.36042311 60.76938711
v -121.50810316 -128.32136614 69.31857816
v -75.56647092 -111.96944405 -31.29222178
v -61.74568553 -122.04525494 -37.01090085
v -129.74585505 -124.14901315 18.39997706
v -112.36908253 -92.75563061 -16.21595447
v -125.22543706 -118.66963612 13.92376860
v -128.47927369 -126.09657017 32.76545200
v -130.21468841 -93.94074317 -14.32099959
v -125.49935599 -117.28779238 13.16940596
v -132.12933409 -106.51506024 2.42083672
v -125.39190124 -128.12748539 28.94605973
v -127.67878629 -124.69335060 33.00102197
v -106.28948914 -96.95440305 -18.60207985
v -117.50747978 -79.98710483 -18.71403616
v -131.98492311 -107.66239295 5.34795754
v -63.78254635 -120.21233015 -34.20350630
v -124.61890227 -126.39358304 49.17666110
v -131.59367485 -96.23498526 -12.97746417
v -97.31226323 -99.85087750 -24.00734362
v -123.90171898 -88.03626223 -15.99047359
v -116.62757058 -76.52151066 -20.56178994
v -123.72437829 -126.70823454 31.07982228
v -130.07149811 -98.26686826 -13.10109621
v -55.27105067 -133.12649219 -41.95061085
v -129.67135853 -124.83066346 19.89327126
v -134.61506053 -101.42353822 -7.86952877
v -129.31002310 -109.83965462 5.04737368
v -120.43353247 -129.04966563 61.98733451
v -111.13841429 -91.80681854 -16.45457857
v -84.28143398 -106.37234899 -24.26219698
v -62.59624665 -123.64009886 -38.76331422
v -127.12294862 -123.84389795 28.19945238
v -118.91656196 -88.11750633 -18.92446109
v -66.92556477 -119.53542734 -35.17476073
v -123.76417633 -124.53029864 40.44267868
v -123.53802216 -88.44008004 -18.58045772
v -126.51181968 -119.22196707 22.67390307
v -131.85636811 -108.52744996 6.75215417
v -133.69179967 -98.48291979 -7.76200637
v -133.90642285 -101.86224585 -0.72792259
v -123.34542713 -123.58634876 20.71037917
v -117.10678596 -127.51437715 75.14195695
v -122.74863018 -125.71388095 41.97477543
v -127.95859707 -91.25241149 -13.14418327
v -121.77622891 -123.10152391 26.74058814
v -119.28987211 -124.52542055 60.63540688
v -63.53273777 -123.09057238 -38.21745748
v -62.82103917 -124.50696701 -35.09503826
v -99.65558050 -99.87229174 -22.25177448
v -50.62921223 -135.72259567 -49.88373398
v -129.26272545 -117.77919538 5.98117727
v -126.87237118 -122.03015320 13.60222392
v -125.44555680 -122.44636948 27.36741682
v -128.95009399 -127.81880950 24.09513264
v -120.17705749 -125.14800914 56.32331978
v -123.00239619 -94.62699788 -15.26161658
v -103.40061574 -97.80275195 -20.65458918
v -88.80106750 -103.66971749 -22.51618966
v -127.89041198 -115.38296615 18.11687220
v -112.67604365 -126.57540020 74.89116294
v -85.03016460 -105.96012424 -28.11092755
v -132.50611045 -115.94696962 12.61575793
v -129.60286288 -135.45701352 28.31328796
v -121.55610191 -123.45894134 24.88524148
v -129.61660676 -111.33717411 9.35905831
v -70.31378503 -117.93446826 -32.49170505
v -120.05501698 -122.38184559 65.22686141
v -127.91521649 -125.33057111 25.51755939
v -125.78586572 -122.72795304 31.14375270
v -125.61140939 -133.17970481 39.76227168
v -122.21593844 -130.80065639 56.56109001
v -58.23782490 -127.18517155 -39.30312472
v -128.18815594 -140.71499624 31.17770946
v -122.74437149 -131.52799885 54.24654709
v -120.78582377 -86.92748525 -18.63838452
v -126.53211823 -129.72612675 43.99738247
v -133.39215045 -110.73529500 9.62206614
v -129.09854673 -140.48955556 29.74745004
v -120.10169524 -128.78430188 71.51527230
v -118.20921699 -73.10476200 -19.49643457
v -111.80661658 -123.63749837 73.77167415
v -131.57110776 -102.94350606 -4.64299843
v -128.94055120 -92.94820118 -16.37058997
v -125.59024052 -134.33119373 48.81870070
v -128.24980657 -120.48628775 21.58415315
v -64.55934427 -120.48131157 -33.01472132
v -91.48173523 -99.40819796 -22.45008759
v -51.22245402 -135.10475377 -49.17099190
v -121.57032231 -86.45056215 -18.12501666
v -120.54113421 -123.93156275 57.85935231
v -130.21845624 -117.89055368 18.06220318
v -44.27434531 -143.01861019 -53.11756399
v -48.20419412 -138.05986586 -52.45458118
v -122.57444488 -125.59059544 39.53350339
v -127.11968673 -123.73062034 28.96024150
v -124.08900393 -121.92341979 28.59173051
v -122.48084363 -90.75545592 -18.58261343
v -91.05089980 -101.07688304 -26.07582036
v -62.33487747 -122.66557131 -38.32696968
v -127.25835396 -129.34230687 49.78955755
v -53.55415765 -133.93899469 -43.70229417
v -75.15757819 -112.98162804 -27.31851543
v -128.06539889 -115.56560190 5.73136647
v -104.61379031 -92.62904208 -18.90761702
v -110.43055426 -83.88106629 -19.38605053
v -75.86276082 -110.71389970 -26.12582750
v -115.98463938 -82.42641477 -16.93596169
v -124.52094007 -122.23505859 30.86168777
v -103.82064401 -95.14629689 -18.46829097
v -129.61413600 -120.86703788 20.02813701
v -112.54551176 -120.71729107 76.39864749
v -127.60261439 -124.40770368 29.56923230
v -126.59179273 -132.17222234 43.60324993
v -116.17555612 -120.58943309 72.81572374
v -90.24446244 -103.62966278 -25.04669349
v -126.09651500 -131.13017518 36.91660707
v -74.61905148 -114.05461099 -30.49836120
v -116.18588400 -122.00433008 68.81210822
v -119.90965621 -126.62673968 57.19907686
v -36.93777691 -157.52785824 -51.87202899
v -55.92354552 -130.81965777 -44.59536386
v -94.74022055 -97.56278348 -23.21793396
v -124.71857515 -120.83494683 16.03022337
v -125.59268876 -127.58864337 43.99323381
v -74.21388133 -114.30868836 -28.15221714
v -124.39542143 -126.94787950 28.16815198
v -123.51586522 -124.63573496 62.59275829
v -65.94624428 -121.54009672 -32.49171099
v -82.38255453 -105.48037469 -28.52144020
v -89.04622047 -100.82312133 -25.42042498
v -77.94424946 -111.63028250 -28.21248550
v -112.20984590 -123.33295181 76.88660755
v -56.05109778 -133.68441923 -42.74178094
v -79.75871967 -107.21147529 -24.71629528
v -114.09674606 -123.71248334 70.45177269
v -98.42509381 -95.86914118 -20.72771949
v -47.14283178 -142.88274609 -52.96142358
v -131.16479530 -108.17791647 1.21006555
v -52.41784422 -137.35019613 -48.37942773
v -120.60470762 -129.98239880 64.25429186
v -87.51004009 -105.39775348 -24.81847782
v -125.96669494 -117.35171470 21.22598554
v -122.94331607 -119.22845303 19.84512219
v -134.24772134 -111.78563137 9.56415553
v -130.21904366 -112.14050878 11.23077407
v -64.19804986 -122.40535235 -37.64072593
v -123.31489918 -128.49349427 37.25433449
v -120.48925194 -128.23606196 59.55364050
v -99.95653113 -100.17609854 -20.78512394
v -117.39279346 -126.91281759 75.30786258
v -125.04889235 -145.90635594 33.07844775
v -124.80630131 -132.47748434 54.00220531
v -67.35757628 -119.95477905 -31.10650438
v -57.42367427 -129.61519737 -43.11430298
v -120.13821405 -129.09514396 71.14024945
v -79.99905399 -109.34300972 -29.86625490
v -42.55646614 -151.33674084 -51.71481046
v -121.44899047 -123.30800771 60.76883863
v -127.51039492 -129.22926287 33.43101879
v -131.65985891 -117.50879348 15.21732949
v -113.79971269 -88.82020145 -16.11536031
v -124.38653015 -128.94854911 33.52057290
v -122.77788764 -131.36629396 55.59484696
v -117.42894732 -128.56430522 68.41540924
v -132.97313205 -114.54610304 10.90174544
v -123.82332837 -125.54600816 23.12942535
v -124.20648892 -130.05140613 36.86338694
v -117.93756914 -121.86050342 68.17061986
v -126.38025075 -91.46673306 -13.26347654
v -121.65721304 -129.33707859 50.90543931
v -126.94828445 -129.31755077 47.06022356
v -123.30103057 -125.34145805 24.24261944
v -65.00010190 -119.02401845 -34.37811887
v -43.94376165 -146.20129040 -53.82525855
v -70.21940995 -114.88558441 -29.93529214
v -89.39478867 -100.69937737 -22.66824450
v -127.09578989 -92.08112213 -12.61678967
v -47.39340309 -143.53580650 -52.36780345
v -127.99556619 -128.79500379 25.73442467
v -131.53270570 -107.04314533 1.25505085
v -132.18883528 -105.34814877 1.26890293
v -118.96436328 -94.12308418 -16.35968198
v -126.73166358 -123.60162836 32.90029273
v -126.22298810 -129.91186103 33.77154545
v -62.11857006 -122.02860834 -35.05819121
v -123.33037310 -131.86028816 54.92494253
v -122.31907457 -130.60067161 49.06155502
v -123.95871708 -132.72697008 52.72842289
v -126.18916163 -115.66277698 14.57782718
v -82.42556984 -104.86425565 -27.34982460
v -128.08450613 -125.88733082 28.82726867
v -128.38542078 -136.80993674 29.45079960
v -129.27792639 -128.11923918 23.40778204
v -121.97221785 -130.56174938 53.72769039
v -125.09550041 -134.29570387 43.24554510
v -135.01170760 -112.06062527 6.72676888
v -121.91013593 -123.59082550 65.35031746
v -55.06225197 -134.63117596 -44.51456944
v -111.73685855 -125.32461396 76.11434436
v -125.98330944 -126.70755804 52.24878708
v -134.49255258 -103.85102678 -6.10158887
v -44.65572953 -142.96622422 -53.30458369
v -49.88282097 -137.09033016 -48.36913305
v -132.60221118 -112.14137997 1.29630482
v -120.08847524 -72.59516446 -19.74666594
v -70.10434567 -118.23298632 -30.37384036
v -57.82149743 -130.61411154 -39.58849401
v -129.21526352 -109.68093424 6.29307116
v -122.45547095 -128.71298510 43.27979198
v -120.15033023 -127.14952650 58.07234275
v -122.80998405 -131.82773767 49.49652123
v -99.50808514 -98.04354141 -22.95100488
v -88.49986500 -104.87627180 -24.17026774
v -41.19966177 -146.84184152 -52.05427289
v -113.89498060 -118.84091521 75.23455346
v -50.46466890 -135.45462089 -48.41074905
v -125.54178177 -131.11645528 37.13729464
v -121.57830639 -129.99459833 53.73160169
v -126.96260446 -91.27659888 -13.19149137
v -68.31437016 -119.63778868 -33.51004331
v -123.53168465 -87.37359831 -16.58440291
v -134.69068471 -112.32599441 8.52430993
v -113.38304832 -78.31136851 -19.52682530
v -130.64454686 -121.48730793 14.43513999
v -126.15785502 -124.36584578 37.13693381
v -64.98897069 -121.08020002 -36.81657506
v -112.17490054 -86.95982760 -16.73714412
v -53.04192389 -131.56549128 -46.01445562
v -42.22346686 -150.63089780 -53.68188398
v -130.39685639 -99.47588078 -10.46837382
v -99.50677948 -100.27878125 -21.41200145
v -71.12344430 -114.18639482 -32.03219796
v -129.88766251 -110.53425954 2.70954884
v -125.58179800 -130.04395973 34.29221195
v -125.14051058 -124.17973327 38.41941993
v -132.59900186 -106.22365661 2.67665727
v -125.69642540 -95.37713827 -14.87430886
v -128.33046549 -112.75107187 10.45901155
v -42.22715548 -149.22478603 -50.63356563
v -49.21482138 -137.16640912 -52.07544348
v -129.31090835 -129.67306709 23.13742744
v -114.81583849 -85.39711457 -16.21926638
v -41.54308095 -150.82754291 -50.76516400
v -122.94443633 -132.12473878 45.03728041
v -72.00130403 -113.03455127 -31.03972052
v -127.06304242 -132.42933594 38.97907313
v -131.78287448 -100.43689257 -11.41484906
v -131.68854253 -118.50373317 15.29695964
v -118.83024923 -123.29898689 63.17305766
v -128.84905785 -90.06960983 -18.32498371
v -65.91789437 -119.12298283 -31.89966791
v -130.96713632 -99.50608639 -6.56997467
v -59.94369815 -127.02883227 -37.38983191
v -80.25578086 -106.54321699 -28.54044590
v -116.55996762 -93.70592037 -17.35396631
v -60.53036627 -129.18204025 -40.50308081
v -60.86801914 -128.71985513 -38.14633504
v -118.39627973 -122.79547387 73.15224239
v -133.31385531 -98.38445809 -4.32303689
v -129.82276780 -115.09339507 3.48872710
v -112.50293675 -80.43950970 -18.25333645
v -57.50273746 -127.42514297 -40.67779275
v -132.10766979 -112.07541850 1.02897087
v -54.46954810 -129.79828559 -44.26383551
v -128.18645831 -126.40539082 29.73602897
v -128.19187400 -143.06625454 30.26723651
v -39.94380321 -149.12634267 -53.17695754
v -129.68898500 -123.43035820 16.55362547
v -101.18217126 -99.54357361 -21.40385188
v -47.74357048 -141.70949647 -52.89780015
v -116.38524124 -128.77729314 73.57294683
v -117.08743741 -129.29927720 71.90865809
v -130.13236142 -118.42079567 6.96982463
v -64.67780000 -119.52320433 -33.59232619
v -103.70275976 -98.10850617 -18.75681421
v -127.34566705 -131.50492862 49.00391670
v -114.17108943 -120.95417007 72.53755267
v -129.34809675 -125.62198829 19.10988021
v -129.34691332 -112.29554894 2.56363593
v -65.08577340 -121.62413544 -36.82573538
v -41.43965001 -149.32589443 -53.98362308
v -122.57066156 -125.03789966 65.92616497
v -124.97038022 -129.81480770 60.40986863
v -130.86814255 -93.07371913 -9.40560220
v -133.29476056 -114.90283089 8.08271211
v -127.03630091 -145.06247791 31.20091488
v -127.63784279 -127.96255130 37.79964333
v -108.32635896 -87.56500984 -18.51334370
v -129.03950488 -129.12803231 22.42322337
v -45.09712095 -142.96897624 -50.69030752
v -134.63404135 -101.15075637 -5.87153577
v -126.73570846 -127.86231756 49.97033418
v -125.27454474 -88.59215622 -15.67006830
v -127.71373825 -129.89239776 25.93044475
v -75.01551653 -113.62739295 -27.84402366
v -120.21595995 -74.21449492 -20.07276669
v -127.91644340 -124.79405861 24.79591518
v -132.08809149 -116.58485853 7.92611275
v -120.94028107 -129.16044392 59.43278010
v -47.56921093 -143.76335496 -51.63544681
v -126.74699450 -132.47827931 51.85354939
v -127.21775313 -143.84648191 31.56818101
v -123.16039781 -131.87009336 54.47353008
v -126.18647721 -126.66122096 21.37589749
v -74.38920014 -111.12525765 -30.85010864
v -95.54258659 -101.80035198 -22.19555790
v -131.40034844 -99.92996381 -4.97484404
v -124.11943736 -124.95983552 61.50175918
v -129.59142666 -92.75672117 -10.09220137
v -108.38000978 -89.51628792 -17.83018499
v -124.47704361 -89.98063313 -18.58419816
v -80.14620771 -109.91030066 -28.84540460
v -129.53189644 -133.19871714 25.34861997
v -117.34032165 -89.00683838 -15.77445575
v -117.62794865 -121.62410067 71.54857307
v -130.82824665 -108.89233533 6.90209034
v -74.47879344 -113.43376964 -31.44912650
v -124.84367769 -87.70236689 -17.99040712
v -91.77301236 -99.93693413 -21.98041177
v -69.61798827 -115.50241406 -33.10997553
v -101.04802538 -98.81035473 -22.17290596
v -91.23141815 -103.21897761 -24.50235386
v -127.89929649 -117.73304857 20.70952678
v -122.40095724 -123.50150177 62.81795337
v -122.70405452 -89.14401190 -18.66076603
v -112.02620356 -93.89646105 -16.53018656
v -87.86618733 -101.75357389 -26.10571605
v -115.48056277 -123.97454261 77.16351345
v -127.38996557 -124.74192122 34.80351972
v -58.84545298 -130.70687343 -41.71980037
v -58.80203679 -131.35523718 -40.21194509
v -131.19776764 -101.49418751 -8.46627314
v -131.49256872 -102.78081377 -5.38700589
v -135.38192030 -110.23489699 7.29701717
v -69.91006123 -118.43767351 -32.22770453
v -126.85320761 -129.59724008 25.26271727
v -101.61990088 -99.67298857 -20.27834031
v -108.75090822 -92.23512132 -19.19927126
v -122.79310244 -121.20657212 26.75009214
v -122.72901778 -130.94712258 42.91221821
v -59.29957817 -125.83397423 -38.50551375
v -129.78902362 -93.19614226 -9.37681659
v -39.89091886 -149.12493587 -51.50165850
v -128.56058136 -126.76339556 33.13221824
v -126.36928279 -132.12730062 53.37667432
v -132.40502774 -101.63874879 -10.19860411
v -84.63761682 -103.01201534 -23.78288720
v -123.50352455 -121.64533038 27.85570891
v -124.12056307 -125.66122072 50.80442459
v -134.23776269 -102.82059295 -7.69670355
v -127.19673139 -129.10871499 48.83928008
v -99.89260682 -98.15394307 -19.57414138
v -125.09363802 -92.23648843 -13.61629940
v -46.60101687 -143.92248040 -50.32566660
v -131.13264292 -118.57161758 16.44033080
v -121.18025587 -122.90111705 63.22270190
v -125.62311026 -129.47588239 59.55839045
v -114.66816454 -93.81825582 -16.32813984
v -129.05775284 -91.81476587 -16.77083830
v -121.81330126 -125.55914880 51.02482972
v -97.23967509 -96.37944782 -21.87988149
v -129.41957647 -130.33150811 24.34388233
v -126.80186439 -123.49463137 29.86611540
v -119.01299681 -129.72234062 67.59493538
v -126.01559775 -133.78617562 49.78772512
v -40.95246726 -153.49929174 -52.59164464
v -119.67641166 -127.98170154 72.46481153
v -133.98357563 -111.74716974 2.25884748
v -126.00492078 -132.54413481 38.88170822
v -131.46703891 -117.92248086 9.82935471
v -71.04009717 -114.34925742 -28.94597244
v -91.04601442 -100.20870039 -25.84055228
v -129.70936117 -120.91026940 11.66071131
v -118.23336380 -126.52249463 64.40691809
v -57.59637060 -128.81046175 -42.63298813
v -125.60598369 -119.28596342 23.29552100
v -91.60671105 -98.96321032 -23.45369018
v -114.74376798 -119.44541537 74.33141197
v -113.44353046 -120.04384949 74.31650110
v -125.96233389 -128.17111413 45.03896928
v -51.19208834 -134.09178283 -47.53743802
v -118.82447073 -90.01129292 -15.53439373
v -128.47991530 -91.00663101 -18.03928612
v -80.94375241 -109.48145288 -27.82507976
v -127.80032904 -113.21897296 4.90904122
v -128.36275941 -92.63583433 -17.03264304
v -35.88631546 -157.21953363 -51.85514916
v -126.68898493 -127.13383531 39.58374904
v -96.64822982 -97.30999135 -23.40388168
v -65.13267084 -123.16795510 -35.46144631
v -132.18610858 -113.79246773 13.18284348
v -133.26192296 -99.48446310 -10.59855191
v -134.33297152 -101.87864285 -8.20496856
v -124.01056346 -123.85031533 38.43650780
v -128.09319964 -128.80084961 34.71566112
v -38.51543522 -152.79732781 -50.62582058
v -107.43442855 -95.45137448 -17.31518420
v -38.39214341 -151.48381189 -51.24425166
v -50.44832904 -139.72349134 -49.33467323
v -132.63993094 -113.24637460 12.09002319
v -47.34188287 -138.95459127 -50.77540051
v -127.77129499 -125.07136858 34.18957693
v -129.03558239 -140.05405017 29.01549652
v -127.41768813 -121.36758734 11.50187841
v -66.82735357 -117.18766188 -33.16565140
v -131.76777789 -103.93011887 -2.92458138
v -93.21895606 -101.69523137 -24.69696171
v -45.18730365 -148.26724081 -52.90447255
v -111.49723419 -124.23001603 76.22398785
v -66.24315633 -117.81313471 -33.44619517
v -115.21341147 -90.86817472 -18.64634749
v -118.45924957 -85.28990357 -16.75189938
v -45.34480642 -143.56707736 -50.43455522
v -113.07191830 -87.10931045 -19.40858516
v -131.09589980 -117.67975001 16.40117488
v -97.48644913 -100.41677539 -23.18303274
v -109.30329721 -86.19726806 -19.27580703
v -123.68424529 -131.91870231 40.90405658
v -62.56132699 -120.98129376 -36.32657262
v -121.19868639 -122.35747455 24.56925601
v -103.56231358 -92.82509423 -19.39968780
v -123.81131040 -129.70703338 37.44596996
v -125.47860752 -116.18622646 16.23506346
v -67.29464643 -118.49913533 -34.85471794
v -131.61683561 -108.30274710 6.34267414
v -87.54683329 -103.73058007 -22.48166665
v -115.78439565 -121.56703373 70.23812667
v -128.22778950 -127.90160829 32.49712945
v -133.34211031 -111.01076158 9.92081014
v -78.41778975 -111.11682090 -29.54088373
v -123.35941208 -132.81249510 50.41852087
v -115.06050455 -76.99672472 -20.14241018
v -87.11151468 -105.56950823 -24.46084594
v -43.93238039 -145.28250457 -50.68500415
v -60.70174714 -123.93597579 -38.64682776
v -124.06898647 -129.55700007 36.04304648
v -123.70484607 -128.88876857 35.83857768
v -122.17630605 -130.86470915 52.47452478
v -124.90728244 -123.53917994 18.13924797
v -117.42523839 -80.86380428 -18.46871196
v -116.34106819 -89.78828800 -18.79603349
v -126.10181415 -115.62169744 18.26974766
v -104.20785885 -92.28817200 -19.44059565
v -54.05880824 -130.30577561 -45.15688464
v -42.21531627 -145.84398335 -53.18173217
v -129.66695905 -93.72710480 -9.18398873
v -124.97812832 -91.03439017 -14.02414748
v -120.57420009 -122.66774323 66.75807416
v -53.17870451 -133.53271713 -47.43484540
v -124.02580650 -130.75803118 59.32842768
v -135.69034038 -103.05625803 -2.46701294
v -125.78512826 -122.30251854 26.24990745
v -54.19629251 -134.40331785 -43.48938632
v -129.22332225 -128.30332421 21.75517682
v -132.24758712 -95.56814984 -10.78390807
v -122.44582141 -127.09271885 43.27394249
v -113.43221599 -121.27289587 72.98304272
v -125.25567521 -146.54306715 32.91591947
v -129.60776290 -123.07342688 19.91741968
v -63.94588329 -124.36575627 -35.04191985
v -123.28359253 -122.28696550 31.05518028
v -78.53014272 -107.09252560 -27.00084202
v -123.76692201 -133.46227579 49.74389262
v -38.32575546 -154.56784412 -50.55607202
v -122.41852668 -124.44740235 65.68448887
v -61.47551868 -122.21581491 -36.13359967
v -128.24582076 -139.12274123 30.46142637
v -135.49579550 -110.58960765 7.14486424
v -130.34456320 -116.88060878 5.04068994
v -121.65251615 -94.00986123 -15.02710714
v -130.19849400 -96.99886581 -8.15416996
v -120.22709959 -126.19666521 54.75443134
v -93.50847124 -98.08649926 -23.82503680
v -127.57960988 -128.92837208 26.07531967
v -119.92849503 -73.02224987 -20.15879353
v -127.24189495 -124.05785913 25.66224200
v -53.66294293 -131.68811525 -43.48658237
v -132.60478118 -106.16523009 -4.91632822
v -122.44096405 -128.10490256 41.34713493
v -123.87082514 -92.27306075 -18.13826003
v -125.03587198 -131.29465696 37.81727628
v -109.35203721 -88.59297143 -17.58028400
v -134.19794217 -109.71975515 8.17830671
v -124.32801817 -127.04669338 29.16136428
v -127.99705515 -113.96215818 4.91061142
v -132.10061077 -107.29104552 -3.51758443
v -126.65013796 -92.59675450 -17.64206923
v -128.44394503 -118.89087971 20.85417411
v -85.50011328 -104.63432924 -27.95859798
v -134.89258347 -103.00827642 -5.42444396
v -131.70821868 -103.96423871 -4.98303468
v -86.95876593 -101.76971080 -24.76325919
v -93.13221453 -98.49662322 -22.17425640
v -128.82468117 -91.85923673 -12.27399148
v -132.34026716 -108.18718424 -2.74258822
v -129.26776732 -126.53170003 20.01376738
v -114.30818534 -83.79900977 -16.50422802
v -130.36041372 -118.45126112 7.50572395
v -50.26099421 -135.87224778 -49.77203248
v -121.38253157 -88.50452823 -15.72662758
v -125.30830266 -122.41927448 28.50952181
v -68.14991433 -119.92127117 -31.52623757
v -68.60481168 -119.57602616 -32.28802539
v -126.41612160 -127.71566264 40.87359124
v -118.23970439 -129.22291939 67.90324728
v -125.85304969 -122.82199411 29.95905624
v -86.31294153 -104.91863391 -27.52521029
v -122.54896183 -126.38128406 42.24792593
v -135.01071202 -103.18265917 0.00752586
v -125.92732940 -115.67180106 16.82189404
v -109.82223627 -93.28927003 -18.83679920
v -127.30167288 -122.28587616 13.54114017
v -123.21803526 -133.04197718 48.60652170
v -133.42759141 -113.91748254 4.24372565
v -132.53300050 -115.41390257 13.12787421
v -122.72476724 -125.13560179 37.84412655
v -122.82284036 -131.78610822 52.95593276
v -124.08721198 -119.58532046 24.00823948
v -117.65121653 -76.27208808 -20.57054094
v -115.66993512 -84.25619015 -19.53484238
v -61.32858629 -122.98011227 -38.25012763
v -83.13642674 -103.99608264 -26.06113570
v -97.87966774 -100.60615745 -22.55639113
v -69.12942403 -117.66618742 -33.84286023
v -120.67943332 -125.76961292 53.67067094
v -133.01655343 -114.69051209 10.33385962
v -126.05507497 -127.72233724 58.71449809
v -124.42719909 -118.34852067 22.51735810
v -108.48404659 -95.12931345 -17.17444581
v -103.48812929 -97.14343070 -20.71782117
v -132.34067539 -116.76073932 12.62102682
v -129.41628662 -139.18584234 28.72419240
v -126.17862292 -129.28152709 57.65552003
v -82.45957741 -108.06727789 -28.57798535
v -119.71675071 -85.09222641 -18.31670999
v -131.13467287 -93.57257669 -8.64088698
v -37.91743506 -156.63041410 -52.03481581
v -68.80674783 -115.69573905 -32.88507783
v -80.91450764 -107.46164726 -29.67825660
v -114.10010602 -118.03639346 76.01167110
v -131.08112878 -115.45692252 15.69237187
v -52.34779118 -133.24619499 -47.62910403
v -122.42104952 -127.08013797 42.43199282
v -101.90405316 -96.37363169 -21.40631308
v -123.99101475 -125.22814032 42.06027341
v -38.40338079 -150.84851881 -52.15355743
v -103.27095019 -98.77917214 -19.49121280
v -124.23659478 -125.38248596 51.81219067
v -113.96091024 -80.04330058 -20.05711581
v -128.02395486 -95.73994285 -15.46004865
v -126.81601229 -130.08732511 34.70436521
v -57.53382411 -132.64874783 -41.35133937
v -64.26485145 -123.82008619 -34.50144906
v -119.85021410 -126.33040628 59.12255495
v -126.55244754 -128.76798725 29.50935369
v -120.34448641 -73.23114390 -19.84881083
v -81.10095290 -105.68766275 -24.08993823
v -56.55842627 -132.31722065 -43.79967342
v -117.59330999 -73.96142666 -19.26426537
v -123.63198164 -134.05642392 46.68631726
v -127.47457030 -130.65163415 38.50793679
v -113.95725300 -77.94405010 -19.80953345
v -123.93602923 -134.31454360 45.73150601
v -128.47795090 -95.76766635 -10.92493004
v -125.97937376 -127.61577098 47.73254312
v -105.48968773 -92.51886764 -19.68109977
v -131.31173261 -97.49219243 -5.38967286
v -125.56567932 -123.22642260 34.90491662
v -112.65717677 -81.60940573 -19.78200982
v -125.38829042 -134.32540830 46.97333172
v -122.83783853 -91.70629091 -14.50414325
v -132.53319674 -97.78121751 -4.44697199
v -123.90943123 -134.05357338 48.10745299
v -135.93259232 -108.75130070 5.41816683
v -86.46114487 -104.73202070 -23.09022905
v -126.80262644 -125.65535819 37.89442983
v -132.84384492 -113.18820828 2.59222689
v -89.87323487 -101.68325980 -22.00129167
v -131.24680547 -101.76802386 -7.90040549
v -48.44390536 -142.41793563 -51.08615300
v -126.00846397 -130.47895075 55.96690340
v -133.07169590 -100.88291397 -10.40288544
v -125.39746096 -133.15482708 52.10237958
v -127.09424370 -123.95524546 27.25603305
v -129.03646029 -116.72786658 5.45989131
v -129.22882863 -94.23225763 -9.78493061
v -127.32402288 -131.61074140 40.40358024
v -133.13698546 -105.94017496 2.80171240
v -123.05510541 -122.59739074 32.05841676
v -92.31594229 -100.17725830 -21.72165483
v -45.47596525 -146.14330084 -50.77619850
v -123.00286275 -126.43230801 45.97060482
v -129.66456923 -98.33991598 -12.13489785
v -128.36623725 -122.19037213 12.97742919
v -124.52418249 -121.73845457 27.35724864
v -124.00195729 -124.51881721 56.38656158
v -131.08045619 -98.94205863 -5.97734844
v -49.70058264 -136.28549153 -51.25230349
v -135.56171271 -109.00688698 1.97532848
v -131.46338450 -99.24934687 -4.75382171
v -86.62737700 -101.98590765 -25.43565800
v -114.38641561 -126.71987608 71.57940605
v -44.86488661 -146.39312652 -53.65092654
v -132.07463205 -94.94612804 -7.98122052
v -53.41415764 -130.95217324 -45.22722294
v -122.35645840 -89.42930141 -15.24621170
v -119.42745699 -122.95523627 62.93879832
v -115.21785306 -121.90652535 70.16481490
v -122.91755481 -132.03110658 51.18815640
v -133.73200962 -107.73766388 5.82636371
v -121.81244547 -123.17666708 62.66176377
v -134.08790879 -103.02692986 0.30484073
v -122.41927347 -127.37555288 41.49440426
v -126.58771221 -123.39728500 27.54345794
v -127.16274297 -115.56256908 7.50747769
v -128.24657793 -131.88588647 26.64387213
v -123.80714114 -118.36356551 22.33307715
v -128.47819497 -127.43432458 32.99658457
v -128.89551315 -90.25653107 -18.02638532
v -128.03704483 -125.37772897 28.44526581
v -127.38554265 -114.73617195 15.54913680
v -127.75721262 -96.46229509 -14.18732892
v -128.38275184 -128.55848158 25.24320116
v -79.58759831 -107.17245636 -29.05284467
v -131.15527909 -114.12347240 14.63881560
v -124.81088883 -125.28451083 41.09126912
v -63.41404385 -122.92883479 -33.99220580
v -127.88792148 -115.01820461 17.32749270
v -126.37601038 -127.74667031 56.98145297
v -112.19554093 -122.57225013 76.66003855
v -50.43799221 -135.80130150 -48.01783040
v -126.01009208 -126.32546798 55.90389998
v -47.01323636 -141.69548099 -53.19350196
v -126.08826760 -128.65000177 25.66461723
v -127.46564120 -112.08154326 7.05298448
v -51.05893295 -139.10452352 -49.62625377
v -122.91100062 -132.19453242 48.81832566
v -77.62118630 -111.58523401 -27.33168636
v -131.52735358 -107.69099109 3.00907532
v -131.73943621 -110.81245669 0.10511744
v -107.45545639 -94.78053888 -19.15818100
v -127.74451624 -124.64796601 28.21110838
v -70.21767332 -114.71052330 -30.48456731
v -104.41438903 -98.06910483 -19.26951293
v -132.17705495 -100.91843070 -11.03153471
v -129.87457387 -92.57446770 -10.27999826
v -118.93409567 -125.79745511 61.81015824
v -117.30279428 -121.68819067 69.36395722
v -124.83326090 -128.88917731 61.73758507
v -116.45378366 -125.87205042 76.50955955
v -68.99894010 -116.00254485 -30.40994507
v -126.09559701 -133.58234935 50.58524095
v -115.31352711 -119.68002120 76.64518686
v -128.43055528 -112.89446266 3.76029131
v -128.73112486 -121.60952134 11.88265078
v -127.07416607 -130.42967049 52.55759575
v -64.06233599 -119.76835908 -35.29448565
v -127.72345671 -125.05805048 26.60261516
v -63.06833124 -120.49107906 -34.99252734
v -126.40700438 -129.58054191 56.07557361
v -126.11674869 -122.00927075 25.21641268
v -134.49962338 -110.10703390 1.15533533
v -122.39628612 -126.66147619 40.01805207
v -116.71414156 -127.00706512 67.70352095
v -78.04633503 -107.37844377 -25.47721664
v -44.57226199 -149.08571637 -53.07524301
v -94.90402653 -97.54841755 -22.20609414
v -133.93970771 -113.79345000 5.59843039
v -133.98800214 -100.47613653 -9.17376800
v -131.14922527 -99.55022375 -12.19446466
v -133.05504419 -101.89531515 -0.88883888
v -121.65321115 -127.86119910 48.82721033
v -126.19233307 -133.49003960 45.99885243
v -125.44635547 -134.08910405 44.31758991
v -92.94331387 -100.58570467 -25.62924073
v -127.31200976 -130.52684001 49.33162314
v -110.35163608 -89.89350742 -19.24385650
v -38.90624427 -150.85275809 -53.21776764
v -129.41296096 -134.60075773 28.04463212
v -121.20444925 -129.90809613 62.42051072
v -124.86063897 -116.42200575 18.36221129
v -123.26723260 -124.00441352 59.80040307
v -120.56730630 -123.53248853 59.44596351
v -44.47159600 -148.37228400 -51.24769161
v -85.58785778 -103.81803381 -27.60938879
v -67.84064223 -117.96953222 -30.44673343
v -61.34590582 -122.63654332 -36.05983504
v -128.44422328 -93.97747263 -10.75077673
v -127.62440769 -122.91630321 23.78191059
v -46.72105689 -139.97053557 -50.72270990
v -54.15252998 -132.59568428 -46.32088423
v -134.15674467 -113.28801289 8.56272152
v -130.08554480 -119.16651756 8.58390314
v -128.79098489 -135.19855740 27.32476218
v -133.56487853 -110.46576468 0.45347107
v -129.29534606 -123.41932919 15.97510205
v -73.79795686 -114.88636840 -30.82800732
v -126.37245186 -127.03673800 55.42168666
v -126.84816030 -128.36761239 54.39716997
v -132.34436375 -105.06472446 -6.01692883
v -133.74370328 -105.80509267 2.88484296
v -108.12329578 -89.13923509 -19.25797745
v -93.72989965 -99.26587545 -21.46126852
v -128.19319529 -89.30534215 -16.07988309
v -123.08440483 -130.83890873 58.74164167
v -132.06616574 -117.80455636 13.39729450
v -124.11998437 -117.55759260 21.18910668
v -124.18943154 -117.27086490 18.05385630
v -60.61171276 -127.22660793 -40.52158477
v -127.17185926 -129.41877085 47.89657205
v -45.34377666 -141.17465230 -52.57803797
v -48.26508671 -142.60132488 -50.79146827
v -127.25596403 -144.55195660 30.88793902
v -136.00770232 -108.07885099 4.70564383
v -133.55325218 -102.21037173 -0.41493355
v -120.21005305 -91.32675879 -15.18351735
v -129.66794974 -123.78841892 19.47364227
v -129.13981480 -91.19221066 -16.81290336
v -126.62643603 -133.35386874 48.61628386
v -77.11296321 -112.26663483 -28.93718446
v -49.66836844 -140.75695489 -50.81418953
v -127.82753586 -129.19471874 34.58124478
v -121.91697807 -123.88389198 56.64816023
v -134.56359947 -100.70165922 -2.55614509
v -124.09503820 -128.66610766 63.32385584
v -59.32408736 -129.31850259 -38.42224620
v -53.53265929 -132.18905170 -46.60022779
v -132.09760267 -116.45918889 6.70470173
v -120.10398816 -86.53087049 -16.45753286
v -122.20358435 -125.29925728 51.15699831
v -115.33934348 -92.81172195 -15.83250807
v -126.83094764 -118.41188007 9.28324328
v -126.81782924 -124.28194613 35.35536825
v -113.13355250 -119.99194938 77.00934003
v -122.77936360 -131.37402557 44.47593598
v -121.57419803 -93.76584571 -17.16076308
v -129.05481012 -132.98874036 25.31807823
v -117.60800394 -122.40529317 66.28643658
v -128.68967808 -119.00627868 7.29134180
v -56.59322513 -131.15526661 -40.39477551
v -48.08437027 -138.96024794 -49.87485251
v -127.89789543 -125.94410001 35.74669040
v -82.59781845 -107.41262529 -24.93459366
v -109.52274609 -91.55276639 -16.97359616
v -113.22616688 -83.54500016 -16.94773291
v -129.16676443 -135.24945784 26.84918473
v -130.07956290 -114.15833479 15.25225286
v -123.48410246 -129.72982355 38.60412274
v -67.66909925 -120.05443633 -34.30198262
v -121.72200510 -129.19527492 50.26062355
v -130.91533586 -114.79927763 15.53215993
v -128.33666538 -128.08208958 33.97815302
v -127.95178892 -129.23166331 35.98690073
v -42.62236450 -144.73553948 -52.36623776
v -76.16090539 -113.00494930 -29.58620576
v -128.43784057 -137.16017178 30.16530386
v -134.52038603 -110.78436296 1.96204736
v -124.41859684 -129.67355622 35.00663020
v -122.26557469 -86.64408978 -17.35822158
v -128.35268836 -89.19223697 -16.96712657
v -48.31695705 -139.90983063 -49.42350302
v -84.54295097 -106.99626357 -25.16609364
v -122.93177281 -125.86488616 35.43012581
v -118.97481526 -127.29932948 63.27577458
v -129.64102024 -113.20375561 13.01521682
v -123.81336241 -134.30529321 46.61581022
v -111.39960768 -123.77557753 75.13993365
v -46.20500535 -141.95738993 -50.33506268
v -127.44448417 -126.07125787 36.93504030
v -75.28746175 -111.50905355 -31.29823127
v -125.19324527 -134.11834511 41.48342181
v -106.44595014 -91.94896240 -18.08645452
v -122.62637129 -130.42018432 61.26698167
v -87.06620625 -102.83249249 -22.27582239
v -122.76381981 -126.41286013 44.55853826
v -125.99021951 -92.71162323 -13.01512080
v -135.01573029 -102.82049240 -4.55210571
v -132.02649013 -94.65101713 -10.19527096
v -128.52345292 -126.80453570 33.90181567
v -122.86693034 -123.93957563 34.38611468
v -70.03573236 -118.47113585 -31.67667676
v -132.95764345 -113.89187339 11.69772491
v -130.47310555 -114.30454842 15.38311584
v -126.69701277 -115.52393180 8.71391369
v -124.88696545 -128.37102080 31.27259245
v -85.23470321 -106.33204692 -24.47088564
v -124.69479307 -122.09951578 29.09425214
v -116.88875889 -128.86260088 73.40948918
v -121.85015723 -125.90963831 68.71977190
v -68.52415433 -118.81655237 -30.41803032
v -94.83878856 -101.28881276 -21.27319480
v -125.96444503 -127.42920973 41.79073766
v -122.95548965 -128.83865146 39.21526869
v -129.41636298 -118.47984608 19.50243129
v -128.23852912 -122.59130058 13.92847606
v -125.53109635 -132.43559485 38.98202741
v -130.80663318 -119.66365624 17.09632512
v -122.68109848 -123.81280593 63.12381753
v -129.76451843 -97.12816364 -14.26107924
v -112.63076670 -124.25798916 72.42075651
v -63.67455238 -120.11098627 -35.84244967
v -73.33126010 -112.70858804 -31.76206255
v -118.10146524 -121.92116699 70.48760572
v -43.98484123 -142.84515493 -52.23480973
v -43.32511197 -149.04135078 -50.86341421
v -130.30736636 -120.95846862 18.17006782
v -123.33020975 -124.08348415 61.07545480
v -122.56870734 -131.49504150 52.48584924
v -68.54092605 -119.07342024 -33.83238115
v -124.33516596 -121.19766904 26.32412551
v -88.37829071 -100.94721037 -23.73940029
v -64.11705537 -123.02057865 -37.70581671
v -107.38035544 -96.32232821 -17.97188311
v -131.68674454 -115.30010449 3.93495904
v -78.86419473 -107.23589266 -28.59011366
v -130.99083469 -119.73921076 12.42555770
v -114.55207153 -78.12030198 -18.47699178
v -126.84365015 -132.83502660 50.26735272
v -90.25030692 -104.04385800 -23.86611791
v -104.09323755 -96.16206148 -18.24951706
v -114.37937658 -118.80270186 77.15795711
v -125.33418650 -128.01915995 61.06098111
v -122.65197054 -124.56455523 53.59754152
v -76.40936969 -109.47002621 -25.67081816
v -127.83414104 -131.37156398 26.05795622
v -35.70352264 -157.83419082 -51.06749393
v -41.06279746 -147.11427581 -52.69257642
v -61.77407628 -121.69556291 -36.26903776
v -82.83503864 -104.30119662 -26.53784088
v -125.06040023 -116.94868616 20.74670850
v -67.72802342 -119.57476201 -34.57923447
v -134.95190322 -108.87183510 6.79160937
v -124.30376717 -132.78608347 53.03307410
v -115.31557377 -76.44158272 -19.65880606
v -126.44214385 -127.36188895 51.48885115
v -131.43075983 -108.95895913 -0.70655441
v -124.06380614 -123.84975992 19.77397988
v -108.38363550 -86.87164968 -18.83438420
v -124.26631131 -117.97380252 16.88579253
v -119.75931297 -125.12877444 58.52746799
v -85.16860977 -103.62874542 -27.34090058
v -114.06693418 -81.90296227 -17.01118686
v -77.59543657 -111.25229590 -26.82940883
v -135.81069745 -104.10475494 -0.53147836
v -72.61792245 -112.23607842 -29.68199326
v -114.50103605 -127.73782095 74.80730734
v -62.05024351 -125.65648500 -36.06295361
v -59.15196515 -125.87552647 -39.39135208
v -71.67275100 -115.41701437 -28.42144011
v -129.17291411 -138.83422275 30.16472339
v -121.94933568 -122.22847669 22.17106927
v -117.16828570 -121.42910710 71.11181620
v -125.16925857 -93.63254453 -13.44610218
v -94.15412613 -98.48681287 -21.56747529
v -76.08883051 -108.92481105 -28.73328813
v -92.32992711 -99.65631932 -25.54854954
v -127.52495970 -120.27158552 22.24251676
v -121.72843206 -124.83339306 53.05188341
v -130.49153436 -109.65679395 7.69777670
v -135.31161865 -110.68450799 7.85856080
v -116.74434702 -85.89385715 -19.26512639
v -116.47640041 -93.27469715 -17.71204582
v -112.13280282 -94.41544740 -17.05616227
v -127.61000776 -124.67949113 25.68048763
v -123.60910675 -129.13453777 36.97655178
v -130.03364456 -95.43086789 -14.73206891
v -61.03321979 -122.95070471 -36.90533404
v -80.81740330 -109.35211116 -28.85797653
v -122.40596159 -126.18218885 48.62526943
v -49.61335256 -139.14955628 -52.26594175
v -126.46345532 -123.00029891 25.83089930
v -120.91797643 -125.97727044 70.66163959
v -49.06322216 -140.53384028 -49.35552037
v -128.79012377 -137.26029772 30.14671518
v -119.02496694 -75.72965838 -19.36338590
v -95.39037495 -101.76888476 -22.66801159
v -87.11337567 -101.67641730 -25.06913710
v -127.29093585 -128.92522595 50.06676298
v -102.45414142 -98.52481760 -21.11495846
v -123.28941126 -130.15667955 62.50024118
v -122.75619330 -124.44681108 28.78244047
v -63.07230343 -125.95000407 -36.88447314
v -123.13953926 -133.00282107 47.84110744
v -50.38509030 -137.92550008 -51.68218658
v -86.94084805 -105.39905935 -23.70530995
v -127.07915327 -131.43625971 37.91524342
v -129.02052722 -134.16706380 28.10602043
v -49.30901320 -140.76596330 -49.61442498
v -125.49104302 -88.22552396 -16.08266923
v -128.24610822 -114.11587334 14.09191229
v -75.65686130 -113.09273362 -30.38050544
v -60.10620992 -126.92765418 -40.65851815
v -76.83783200 -108.35020984 -28.26123795
v -118.25905717 -91.48148679 -15.45552220
v -131.92487787 -104.96535616 -0.05385570
v -112.40660158 -122.36028941 73.67773283
v -122.81518454 -120.66201692 25.71234113
v -123.85922642 -93.32645856 -14.03714188
v -120.04019986 -88.81908183 -15.67201708
v -132.19934133 -94.93101911 -8.93236938
v -131.59875731 -107.29998936 -1.66096804
v -133.20084575 -106.60865992 3.96708331
v -122.89294926 -125.98169983 48.83037583
v -120.85872002 -130.08748602 67.97137060
v -133.13836519 -112.99303038 11.21822377
v -71.46807426 -116.57779318 -32.39166633
v -129.13593306 -124.73324241 17.93944928
v -121.34224239 -129.34600776 68.61687272
v -122.64411232 -130.79693079 45.55999243
v -130.79186270 -109.21849615 1.65041497
v -127.59035945 -127.75809917 27.74205920
v -112.82629441 -124.90811305 72.25565610
v -64.30739149 -121.26783838 -37.20532438
v -126.57061303 -126.47095944 39.29411137
v -133.73249597 -100.47629443 -2.01499594
v -130.93941598 -95.44465662 -6.71194741
v -127.89945263 -125.60118408 26.41536325
v -123.78240240 -123.30211321 36.87851628
v -103.44316561 -98.60989389 -19.83781481
v -115.41218316 -82.47506886 -16.77084504
v -128.56250565 -117.73078841 6.56314345
v -62.60353647 -124.14812139 -35.00715200
v -131.61316339 -107.62477619 3.54646739
v -114.63681130 -81.93409425 -16.88774724
v -128.65997147 -91.85398242 -17.21747047
v -129.81462856 -137.03664052 27.70103454
v -129.17448222 -123.94279778 21.55045940
v -122.18452402 -130.83822230 55.70763066
v -135.06981278 -104.27634280 -3.88816741
v -90.56575884 -102.95636703 -22.21155938
v -123.89643825 -124.80820951 53.58081173
v -128.02029387 -131.94348583 25.79784599
v -125.28889736 -126.34757249 51.04057420
v -130.17977981 -98.91391142 -9.69004962
v -126.05849258 -130.20980266 34.71283551
v -129.28789064 -91.62624924 -15.53183020
v -128.64791486 -127.60035381 24.70055726
v -134.54513413 -105.33613787 2.37436086
v -55.78569106 -133.50675524 -44.16718995
v -43.71393704 -144.20375675 -53.44304441
v -111.66437799 -123.19575459 74.80719293
v -123.31739023 -88.55440302 -15.59298615
v -135.20610546 -111.51977735 7.23971943
v -119.87396129 -130.01558963 69.31650020
v -129.62817133 -126.97865500 21.81585869
v -58.19415878 -127.49706353 -41.38468446
v -113.68131639 -120.12287799 77.37227759
v -124.56013648 -87.38099877 -17.43304822
v -117.57898100 -75.21769578 -18.62975438
v -90.97981125 -103.27518314 -22.39633152
v -116.20780258 -124.89124362 67.31975739
v -81.64735976 -107.57397806 -24.92132556
v -81.72870984 -105.82907099 -24.02707466
v -126.81755511 -128.10245097 48.96556333
v -122.02451254 -126.05822724 49.56667927
v -73.90317641 -111.62699630 -31.05517939
v -83.89085074 -107.59470520 -26.38213825
v -123.17910155 -126.55591470 65.46321273
v -122.97250737 -125.06540744 41.17841039
v -114.16693237 -77.97878266 -18.80789299
v -130.77169014 -110.78624833 0.86191577
v -122.14250967 -130.40245661 64.61510733
v -135.87812684 -105.69577545 -1.03137720
v -120.14401432 -87.60709922 -18.79784532
v -94.74299521 -100.72144192 -21.06904556
v -127.74716405 -115.15887471 5.99588129
v -56.50790227 -130.39711205 -44.05272479
v -45.74478585 -143.24186232 -53.45637812
v -65.70187831 -118.72081134 -34.81511025
v -119.97111936 -126.47691139 58.06913560
v -126.17457176 -134.03532238 40.73884859
v -116.36545834 -122.15160155 76.61151847
v -121.70164250 -92.28456908 -18.11216438
v -36.70694580 -154.24523221 -51.23983094
v -122.56522152 -131.27138055 49.16602387
v -130.35237531 -114.04023893 2.50952653
v -51.62293219 -137.89223195 -47.42339754
v -116.56494388 -77.32050108 -20.53607832
v -134.98982089 -112.03791134 5.15577407
v -124.32736423 -124.20476508 39.32030981
v -124.73390163 -130.50718123 36.56395909
v -51.62457064 -135.07201021 -46.04864540
v -126.68868597 -92.65034967 -12.61642207
v -113.06554521 -94.11272106 -17.52148528
v -74.54930766 -111.23533643 -26.46224767
v -130.88148153 -108.54872763 3.60046358
v -104.44807132 -98.07552595 -18.79538249
v -58.60631475 -127.70602589 -41.45313031
v -129.24825281 -112.78703858 11.69881842
v -126.32750011 -124.07493983 36.18201902
v -135.24362068 -107.92503493 -0.06960576
v -84.78821475 -105.74384782 -28.37359730
v -135.45677777 -104.60436075 0.93465748
v -77.20483998 -109.57854543 -30.49836111
v -122.57197898 -121.11920829 20.40476730
v -128.90704485 -136.74861674 27.91232731
v -66.59536443 -120.79538126 -31.66796456
v -130.08285819 -121.94733770 14.29674523
v -114.18038212 -124.78415682 70.55667628
v -120.42823351 -127.89266866 58.21420884
v -128.77809777 -140.17930403 30.69155182
v -118.71915902 -74.74798345 -18.99454556
v -114.77068044 -127.41847489 75.53354987
v -118.68900059 -93.81641133 -15.69089747
v -78.42928342 -108.67573135 -25.32366663
v -106.15386977 -95.38779062 -19.57750710
v -98.44371729 -100.64441403 -20.97961074
v -106.98819042 -96.52350501 -17.88972944
v -50.28863236 -138.47338579 -51.65409675
v -124.65287291 -133.91853839 50.00005034
v -43.42181914 -145.46531345 -53.65878167
v -81.22276912 -106.71698652 -24.40017010
v -126.49466130 -117.51506417 9.55815968
v -129.50411373 -92.43061683 -10.82225699
v -125.67044180 -146.26309709 32.12448988
v -119.50926769 -74.13388108 -19.23746239
v -133.52789765 -112.31149366 10.52812562
v -54.75269042 -134.63318652 -43.78416070
v -113.61691880 -84.05325792 -19.75322768
v -128.69989988 -136.16620145 29.46895666
v -75.74305408 -109.74888669 -30.07378598
v -132.79950173 -113.57421303 12.00269529
v -86.13794365 -104.16643929 -22.74687970
v -72.93496849 -112.03197997 -27.77492319
v -126.30489445 -123.16849783 28.09436726
v -125.60587443 -128.09658981 26.50892904
v -129.19248531 -121.26886811 11.63247122
v -120.03459683 -90.30620421 -15.35639317
v -124.79561738 -118.65040113 15.21311223
v -86.16260121 -103.60263272 -22.53580013
v -51.56338500 -135.22311953 -49.24165922
v -113.56354845 -124.35233156 71.28929883
v -106.80606689 -91.21008991 -19.39840875
v -118.97204874 -129.88290656 69.56625936
v -42.13218788 -148.95584122 -53.96730427
v -113.75197637 -126.79088453 76.12447522
v -123.36540317 -125.80617405 43.70436560
v -126.66026534 -129.76244240 44.98757173
v -121.79676590 -126.84842588 48.66817269
v -86.57511625 -103.32889137 -27.24222021
v -84.37609663 -103.59700375 -26.65753962
v -129.17278678 -131.04639497 25.66163294
v -115.69059060 -128.54877497 73.22334047
v -125.11099871 -127.07059634 44.38865930
v -131.71533592 -115.11103860 14.70676922
v -133.12257511 -113.91718682 11.10166484
v -127.85443769 -127.25900002 36.93783740
v -94.05147421 -100.42466450 -25.32056150
v -131.14787757 -110.88128096 0.50133477
v -128.60752858 -111.51906371 3.90603513
v -115.21732152 -77.63644806 -20.33176376
v -125.31451257 -116.82620121 15.07383778
v -124.80950876 -126.08047738 50.73967159
v -127.86745031 -124.74599146 29.30883853
v -115.26725042 -121.85577138 77.17978776
v -128.83087828 -122.77901140 21.75946278
v -126.94666517 -124.67580008 36.10569926
v -126.36058212 -115.46215819 13.39886024
v -113.77970861 -87.24920519 -16.21435538
v -125.86053869 -95.17409081 -14.04392466
v -93.84209858 -102.10182496 -21.77658951
v -108.79506642 -90.68654752 -17.38277691
v -122.14810429 -91.17106167 -14.80868476
v -124.09610747 -94.45334371 -16.37899061
v -37.44022517 -153.14231459 -52.73372046
v -93.27262161 -102.80431128 -22.79550516
v -63.93855757 -120.24097481 -36.23651011
v -83.85099336 -106.91650302 -28.55687984
v -136.09185404 -107.83078812 3.74520519
v -48.54371329 -140.30662491 -49.34281290
v -117.12999419 -125.90817069 75.93623713
v -132.00109134 -117.53207145 14.34982731
v -110.93034147 -81.94269830 -19.08172037
v -74.05925559 -114.68500981 -30.20594178
v -125.74685498 -123.81505699 36.54463095
v -125.28621823 -127.23664189 46.29446018
v -131.35587347 -120.24226169 14.58293738
v -49.06236652 -138.09620256 -49.16697214
v -38.90222575 -155.83034243 -51.90707017
v -134.50331168 -105.23480002 -4.48737100
v -96.24772524 -98.89492592 -24.57686356
v -123.79210566 -122.06094966 30.12484119
v -121.51655356 -127.03856408 49.64800137
v -39.63294260 -150.63464461 -50.85866112
v -128.70404256 -116.10511236 5.28614417
v -95.89495656 -98.39781597 -24.46765533
v -127.25387173 -113.12600928 8.89247216
v -119.84328179 -127.05542904 60.40975089
v -48.21739802 -137.66724192 -51.22224299
v -86.98089315 -105.66633218 -25.72772562
v -123.48578338 -122.52731091 32.52338890
v -69.02786689 -117.66930767 -29.89850893
v -83.67831651 -105.07348903 -23.43083043
v -132.38996448 -97.76533898 -11.86014990
v -127.82162801 -143.24980499 30.20016618
v -126.41991826 -118.77537114 10.31008084
v -50.85179111 -136.53480247 -47.24187282
v -105.48930083 -95.75538669 -17.75312214
v -121.92342537 -88.33721839 -18.65367010
v -123.75746966 -126.22331980 28.42729724
v -123.69966405 -133.17641168 50.41033362
v -135.68876777 -104.57258233 0.25394844
v -127.67121463 -90.28165246 -18.58648140
v -60.83240385 -126.47377022 -40.32737704
v -121.56311291 -121.38868615 25.52128142
v -115.61108088 -120.83912211 71.89952375
v -52.77095869 -131.94973414 -45.85571112
v -59.68928590 -129.48039006 -38.46215138
v -122.59302564 -125.67305748 49.73823597
v -121.49049465 -123.10962873 24.27698811
v -124.14243452 -132.31913248 54.56644372
v -128.03350537 -118.47509127 21.03962834
v -129.01752712 -124.21222619 17.10833849
v -126.95114201 -120.99329859 11.78359706
v -52.51052227 -137.40969113 -47.76892242
v -101.95201503 -98.65316166 -19.21980599
v -128.26381588 -129.36650498 25.53373528
v -128.74516801 -138.52622039 28.84968821
v -124.43681517 -129.91044351 61.20193334
v -121.66151381 -122.89868812 23.51693677
v -128.83165893 -97.39359832 -12.40077564
v -133.69394703 -99.47047355 -3.26548288
v -115.60814461 -126.69828233 76.28433396
v -101.55883465 -99.49258099 -21.03672105
v -105.01516190 -97.56233875 -19.34857866
v -125.47737449 -125.65916609 55.36628216
v -129.20834209 -125.56636779 22.48296172
v -109.91072721 -87.85759627 -19.37663586
v -126.59694894 -131.46553287 53.54742835
v -124.87817823 -116.61290389 19.93743018
v -36.24900758 -155.33076898 -51.61339432
v -96.29780962 -101.37032458 -21.42303911
v -119.54855683 -124.75216638 59.60286463
v -122.60196432 -123.52428094 32.21781266
v -132.20263548 -100.68045226 -2.64808901
v -125.96398699 -128.70568597 29.78360442
v -126.34051075 -133.03660210 51.83739799
v -124.21999158 -122.49966884 33.03977258
v -117.57183416 -79.30374250 -19.58088628
v -123.20535367 -127.17571176 35.10561704
v -135.27674774 -105.14353629 1.75871070
v -127.17682380 -113.98646878 10.78258003
v -98.09526462 -97.50287222 -20.19312310
v -123.06934231 -130.13691714 40.64433183
v -124.12335952 -119.65293218 16.77391279
v -59.74554102 -125.61041419 -37.55344227
v -119.07285899 -76.30148598 -20.05577948
v -128.37357522 -127.97872165 35.43676493
v -127.22869400 -130.63722097 51.45585307
v -37.33267810 -156.82221599 -50.81186272
v -114.79689017 -123.10819556 77.40190930
v -126.96662638 -130.44280023 41.34958770
v -72.35770967 -113.74262113 -32.18243734
v -89.08936095 -100.51398375 -24.27704446
v -52.07181935 -137.11595230 -46.66774148
v -122.56192730 -87.21453093 -18.29961490
v -56.82073758 -128.54427577 -42.76270576
v -114.26967422 -85.72672807 -19.49589908
v -128.62118696 -141.95714804 29.80335951
v -112.42437220 -93.62859506 -18.10150517
v -118.11597054 -77.93727148 -19.99435362
v -122.44409808 -124.84536702 52.52510728
v -70.27427113 -116.29927230 -29.09023790
v -120.37045144 -124.51143947 56.71502572
v -120.72110551 -86.35929541 -16.74486034
v -135.28703230 -109.51062506 7.01294924
v -116.71151030 -87.35661513 -15.94763633
v -135.26187720 -104.90287263 -2.94308923
v -38.71718165 -155.30229234 -53.15878223
v -118.51195235 -127.32658039 64.40444608
v -37.00817667 -155.88125622 -50.50447486
v -71.48078402 -117.31550179 -31.16161977
v -103.48887073 -93.96144558 -18.91713382
v -42.91663863 -146.91780313 -53.88035717
v -121.98903133 -127.98129484 47.50420480
v -108.58138137 -89.39532541 -19.29360064
v -116.51686626 -80.26728951 -19.84811785
v -123.57141361 -124.94798856 41.33320521
v -126.29293498 -128.46483652 57.90534676
v -74.32984289 -112.07237973 -26.71869629
v -62.57834672 -125.97995773 -39.15542612
v -128.95157251 -131.00084201 23.82587308
v -122.68429556 -125.72103335 37.71563478
v -131.80951141 -118.73440302 14.55697932
v -130.64278572 -93.13867075 -11.91509657
v -123.06894387 -125.91574744 43.74767140
v -113.62591848 -81.25662852 -20.00199840
v -123.99266441 -123.49585837 37.43605790
v -120.88397411 -128.90877333 54.25357513
v -42.34098164 -146.82032270 -53.68404114
v -114.76763742 -127.87858901 72.99786162
v -125.34483425 -132.03103518 38.66701355
v -132.71967448 -105.20706201 -6.10690433
v -130.08306411 -97.44235915 -8.60025364
v -114.55366573 -118.24155099 76.06808457
v -123.61149773 -129.50719867 63.65746637
v -60.49788006 -125.14116350 -36.70918125
v -126.08597611 -91.91005322 -18.15725083
v -43.40104262 -144.36905028 -53.28843485
v -118.75032015 -126.04056883 74.28956442
v -127.14334756 -123.33068399 24.78555480
v -122.36109251 -123.80629675 57.38500664
v -53.39924042 -135.17616260 -44.44001881
v -130.18141203 -111.59659743 1.63243589
v -45.35616262 -146.96534307 -51.10612515
v -122.98273001 -125.07986884 28.06208716
v -117.16169196 -74.34080685 -19.58945394
v -81.64212868 -107.12801595 -24.59731040
v -126.14781503 -144.42203421 32.19194884
v -126.47130831 -132.50964601 38.73631983
v -87.70135524 -103.80354049 -27.00023199
v -120.19898961 -123.47488361 60.60184039
v -110.13648723 -85.26549426 -18.12975921
v -45.44128009 -147.96113694 -52.42187878
v -126.47308816 -114.97491372 10.61967663
v -43.24991810 -144.25220894 -52.99873600
v -43.59477451 -149.16207335 -53.61831845
v -92.60355042 -102.29504142 -21.83725345
v -62.24769261 -127.21170094 -38.81802323
v -125.06408385 -134.46463315 48.72996637
v -96.70591585 -97.80932484 -20.63636524
v -126.92220084 -128.09592791 52.32968426
v -42.45661406 -151.47673988 -53.26603371
v -129.73551671 -92.30406147 -12.44184277
v -127.48218268 -129.61763583 34.61691376
v -127.95917461 -129.17638920 36.46159811
v -127.47122669 -130.63851298 38.90218878
v -126.02119534 -133.64263507 45.55822216
v -71.69322311 -116.09312637 -28.77321778
v -119.88025498 -125.80675336 57.99606377
v -50.91716963 -135.10634288 -49.04110144
v -127.61945588 -127.83892476 29.33168096
v -126.89088158 -123.58400211 25.82731739
v -61.18076120 -123.72960920 -38.82062038
v -72.21280325 -115.83167835 -28.70008215
v -122.76080951 -130.56379099 60.02884522
v -129.42792982 -121.90129170 20.38951769
v -121.82599796 -87.29173422 -16.34478205
v -117.21283177 -121.54876317 70.25867045
v -127.54621333 -124.25049632 30.97893462
v -47.40979231 -141.75771498 -53.03350432
v -135.35789925 -111.11861492 7.74022365
v -56.54564919 -129.34657764 -40.23870352
v -126.76144087 -130.23334979 42.21851714
v -49.44643894 -136.55189811 -50.73437138
v -132.45106123 -95.91248713 -7.20028356
v -70.98131390 -116.92173462 -29.26985156
v -59.97216922 -126.30524129 -37.23059103
v -124.91466197 -92.91694984 -13.59417688
v -40.53602666 -152.34711186 -53.73590752
v -86.58007403 -104.24116771 -27.49148936
v -56.61173510 -128.83456926 -43.17487904
v -128.21742422 -111.34962494 7.86907784
v -88.75777569 -101.52027614 -22.32813989
v -129.22755490 -118.22777357 6.38198806
v -115.28803333 -120.25894255 73.06827750
v -121.37215139 -129.64887722 59.55569424
v -129.38305416 -129.26172510 23.41452974
v -125.40349128 -126.32430303 59.49044437
v -60.87328936 -126.58450409 -36.83045378
v -93.97160856 -98.04516246 -24.19308291
v -124.43160724 -125.13423983 60.60946275
v -66.99551235 -121.03364672 -33.70069421
v -52.66847094 -134.81360968 -48.32360823
v -62.99296012 -126.21892332 -37.57656391
v -61.76105418 -124.91853860 -35.74835743
v -69.10283814 -116.18984236 -29.97072866
v -49.24465489 -136.97577835 -49.93097024
v -79.06461140 -108.81966024 -25.38287521
v -126.00259068 -122.80747054 26.88569292
v -82.45353113 -104.28681504 -23.69011099
v -112.79746437 -123.43857902 72.37481835
v -123.52715097 -126.13970064 30.13898613
v -128.25147006 -141.63335150 29.73191310
v -107.34406685 -96.15709541 -18.57849691
v -87.58335126 -101.72599864 -22.75075220
v -122.86540609 -126.34074906 36.88317006
v -94.55698835 -102.20109742 -22.31065798
v -120.96510452 -127.32967922 51.90642463
v -122.50862923 -130.13491085 46.03845677
v -87.00639300 -104.74656614 -27.08523062
v -127.49374520 -113.61927761 5.71954144
v -88.22249923 -101.09798875 -23.33034038
v -129.70578566 -112.14881034 10.83066000
v -125.87297869 -127.91078409 45.88563512
v -59.84412527 -125.96518216 -40.24251642
v -125.51740768 -116.75463760 14.10435384
v -39.23790625 -153.02235784 -50.59622612
v -124.86670948 -127.34714695 61.90018022
v -131.83354969 -102.51343831 -3.09802053
v -36.47694246 -157.62611353 -52.33591391
v -100.28583759 -95.77096495 -21.71243917
v -126.48553736 -95.38403664 -15.49689925
v -124.91143053 -134.50464308 47.02690313
v -132.98046560 -99.56544232 -11.00957690
v -128.21347295 -130.33220661 25.97680176
v -83.66317286 -107.62858748 -27.07235227
v -131.74605588 -105.30464816 -0.77917681
v -122.80074365 -125.31804495 50.75597214
v -117.99857590 -121.99868769 67.26606326
v -121.25401566 -126.70857668 50.97184122
v -53.02138312 -131.63290827 -45.14377072
v -67.46427767 -120.41323584 -31.59814189
v -123.06358579 -126.23202817 44.71692481
v -120.29972526 -127.38957261 54.49261368
v -65.01007807 -119.56241610 -32.91393893
v -131.85969003 -105.76916891 -4.05952084
v -86.29261741 -102.11120208 -23.88156393
v -80.83636335 -108.67233855 -25.60642898
v -125.41172980 -130.49129673 35.72240097
v -135.91407272 -104.80281153 -1.34320049
v -120.69563500 -87.61195865 -15.99816287
v -127.46534678 -126.62526360 37.40907778
v -57.60222002 -127.57661286 -41.51949929
v -127.13962471 -113.36576937 7.27556528
v -128.82004901 -122.82539449 14.62347213
v -112.03960502 -124.58282522 73.13951467
v -115.00095973 -86.61826523 -16.04643039
v -132.31506961 -103.94135169 0.05414404
v -133.69810945 -112.86403752 10.36724970
v -93.75500322 -101.92662836 -23.95760804
v -131.44958796 -95.47248530 -6.52738761
v -68.09749657 -116.35126830 -31.82518821
v -125.19208872 -126.85925074 48.44101717
v -51.62501471 -136.21390820 -49.84928921
v -133.13388797 -100.35458705 -2.17613625
v -135.61264037 -109.39473711 6.38251049
v -130.98379555 -111.77364993 0.96002824
v -129.65153464 -125.22726865 20.65352834
v -102.28898977 -99.18622876 -19.58011199
v -126.72859590 -127.72133596 54.38133433
v -121.63399799 -121.01249949 24.67148092
v -128.96233462 -134.07276384 26.24075853
v -113.55049097 -79.83804662 -19.96885027
v -125.55762202 -127.62596571 44.71705534
v -132.90812232 -98.28064760 -4.03510816
v -125.24381907 -128.71589376 31.17552861
v -123.98166887 -129.27300203 35.17048814
v -108.36688994 -93.69047651 -17.04014870
v -131.63767183 -116.59897823 5.96064237
v -126.58533217 -115.29907869 9.17768432
v -122.19718150 -130.37816158 50.34904392
v -126.70121999 -131.55475513 43.14924420
v -62.28523085 -126.72448755 -36.99642276
v -116.51240437 -127.69164779 75.19347641
v -45.89352581 -140.52829454 -51.31871053
v -89.03055060 -103.68402292 -26.10274209
v -129.67709965 -116.62048275 4.88905255
v -118.43533984 -93.33831352 -17.60118495
v -79.30283423 -107.60876135 -29.49705563
v -128.65282742 -131.25753609 24.13546112
v -120.73030792 -127.50421499 52.72597052
v -122.55351371 -130.71394682 46.39046102
v -118.06889327 -78.23533267 -19.29096870
v -130.49495172 -113.07219162 13.05701796
v -60.96322491 -124.52296920 -39.53381780
v -130.46856973 -99.40615850 -11.31656668
v -132.17883110 -95.80265151 -6.62162758
v -132.54795773 -115.81685298 10.62905636
v -123.02536618 -131.11239291 41.74855569
v -86.25433845 -105.77816385 -26.79596965
v -117.48246951 -125.75780822 65.44184649
v -127.12155619 -126.18510645 19.83004714
v -123.51474627 -130.79958373 40.16931621
v -125.94094703 -116.53471480 11.35314817
v -89.19775451 -104.21479230 -25.34440581
v -122.42083088 -128.96320447 42.78532608
v -126.68888762 -129.90748841 33.89992853
v -124.05165590 -131.52849617 39.78946432
v -82.29687031 -107.94019476 -29.08146031
v -122.46680363 -93.66395419 -14.63357297
v -52.94391530 -135.03050498 -44.71363341
v -121.70669923 -89.74349777 -18.64760317
v -127.32774548 -129.63549111 51.09070388
v -119.04999820 -129.55530191 71.23526181
v -123.32719263 -130.03894480 39.68137258
v -127.05737433 -114.73126318 12.98156407
v -69.25912073 -118.15327552 -30.06223251
v -91.83881932 -99.17021976 -24.96008564
v -69.98082050 -114.97312810 -32.49892489
v -40.06978296 -151.65859297 -53.91943108
v -42.45606478 -147.93141403 -53.92119235
v -128.55262566 -126.88669027 34.97638032
v -107.82415419 -88.23550346 -18.87442152
v -128.40585002 -124.07889368 23.39846777
v -132.75689441 -115.15921174 10.90934603
v -123.61205724 -122.21329170 31.08442392
v -117.23559247 -125.02622100 65.64018621
v -125.43555576 -90.51560729 -14.13445165
v -122.72659548 -124.87257155 33.76803609
v -127.62304655 -121.92959862 12.49572467
v -116.34481342 -121.16572145 71.20137073
v -55.36073396 -133.96596419 -42.65373476
v -103.83901847 -96.84564950 -18.33944522
v -124.78822742 -129.74730751 34.18287228
v -52.99958609 -136.62181084 -47.65940159
v -125.39910743 -134.16681446 43.73419285
v -128.80565521 -130.02732866 25.37514733
v -131.70328535 -108.77556395 -1.60489416
v -134.81529302 -104.46254867 1.38415823
v -79.14212377 -109.80315684 -30.31449315
v -110.97641713 -86.01532287 -17.44487246
v -107.39485462 -92.88234567 -17.43699268
v -106.01986639 -96.72021667 -19.23201240
v -84.78527473 -104.71807231 -28.12836910
v -61.36342134 -128.32541446 -39.90097536
v -76.24394337 -112.40159171 -27.31936967
v -112.48881433 -85.02804119 -16.95080821
v -123.32738001 -122.00047455 29.08247912
v -133.33850963 -100.81862244 -10.08527041
v -126.25886518 -125.49211773 19.39386068
v -130.28495629 -110.27763282 2.01000973
v -63.89981091 -124.21654953 -37.75206573
v -49.95963981 -137.17423978 -51.96247101
v -123.08944848 -123.65549819 35.72778307
v -115.52674340 -127.44209461 70.05874530
v -129.47816592 -121.75522287 12.95577380
v -121.47481380 -128.46852327 50.61853660
v -126.89824292 -132.06711831 46.53700282
v -129.22001367 -115.39345927 4.15637422
v -112.65879441 -126.23859966 76.36439670
v -88.39199639 -104.88608549 -24.96224285
v -124.74198679 -133.15322797 52.00325328
v -122.48104494 -92.96055715 -14.50737865
v -127.10856660 -129.64346850 33.68292115
v -132.46949997 -107.60363657 5.44619626
v -128.90563570 -113.78735654 13.96336285
v -135.04746646 -111.11846362 8.52272286
v -122.86776737 -131.43015027 43.42090795
v -126.63513141 -94.81258246 -12.82058635
v -124.99036746 -122.15116518 27.81370456
v -77.61608773 -111.81118832 -27.83301789
v -121.80964050 -130.05391624 59.84467970
v -42.65407677 -145.92651165 -53.50541146
v -67.15873251 -120.86945383 -33.03450061
v -133.84183319 -110.84159648 1.12253972
v -123.75535330 -132.95014400 51.27081193
v -125.43056702 -131.98417998 54.74762671
v -125.58523699 -126.48103899 41.54819378
v -104.36897693 -92.27431115 -19.64391731
v -121.56775993 -125.83387266 51.05464665
v -123.36071996 -121.89232355 19.18768571
v -48.48381554 -140.78921761 -49.45880189
v -122.69800384 -125.19158364 40.41849969
v -122.77533330 -124.30265012 64.09793036
v -117.35434631 -79.08081058 -19.86548306
v -123.59272500 -124.20371251 39.62773384
v -129.32297510 -110.03385300 7.31624499
v -91.56154878 -102.88437356 -24.70934572
v -118.97010061 -74.01404182 -20.47464740
v -123.18964513 -126.13578985 48.40597651
v -134.49728057 -100.72121039 -5.21254210
v -55.51600213 -128.95895253 -43.08901383
v -113.69603225 -85.50716865 -16.44196563
v -55.58469261 -133.99489094 -42.81116552
v -127.08404994 -128.28844622 50.37807611
v -46.62444206 -143.26506970 -53.18607424
v -121.59643738 -128.23611893 49.57442394
v -118.47703026 -84.25330591 -17.38728954
v -123.03100767 -131.92546141 43.03420912
v -73.25168662 -111.94541591 -30.79129477
v -121.96848803 -130.20842856 51.29959171
v -124.41166101 -122.87212091 34.92370881
v -39.90376602 -148.69898246 -52.73174960
v -117.75992828 -121.88923389 73.33268965
v -125.88433796 -131.98722815 54.22556916
v -58.87146447 -130.83012305 -39.49421861
v -120.82838226 -128.97899657 56.47817516
v -120.18609347 -129.75710850 64.39001682
v -112.36455824 -80.04868335 -18.60303634
v -115.35400739 -123.81097855 68.58052830
v -115.64274979 -76.48570996 -19.03525094
v -136.02434687 -106.78041652 1.35391050
v -116.81918211 -82.32167508 -17.34444480
v -125.37336950 -125.01346121 39.75339071
v -47.05032746 -144.40284293 -51.05932944
v -98.23597598 -99.91427137 -20.35968026
v -124.79699381 -126.85524939 46.81003194
v -122.25702465 -122.56024248 27.83269607
v -127.28896641 -124.25239311 26.60338850
v -62.08139261 -125.12607871 -35.71209826
v -128.83493833 -113.56881676 13.11782070
v -117.73269212 -122.29904589 74.32703142
v -133.35803329 -109.35791001 -0.73391767
v -112.25159237 -93.51070460 -16.36519208
v -122.37896828 -123.81968867 27.87140703
v -62.47039912 -120.83966862 -35.52453735
v -48.73568477 -140.22742544 -52.67034925
v -79.29768130 -107.06848391 -24.75737809
v -130.28902473 -114.60562667 15.89792247
v -127.84401851 -131.23712233 25.02560025
v -128.90243504 -114.71787807 3.97475054
v -73.59511747 -111.22875420 -29.74710229
v -114.48568374 -120.23528540 77.33099783
v -128.94225279 -129.98751777 23.07544350
v -127.28911822 -131.79404469 48.40490492
v -38.17319828 -151.39466596 -52.59102427
v -130.43694679 -94.72929131 -7.60276753
v -122.83836592 -129.60087641 40.93711415
v -115.67726659 -128.48048821 73.91684660
v -115.86220559 -80.77692410 -17.29653160
v -121.58010712 -124.98561997 68.63466863
v -115.51622333 -78.32414154 -18.02188428
v -118.36358730 -85.89831622 -19.04515934
v -129.72654894 -124.10807601 19.00299767
v -128.65205342 -89.47758665 -18.01448560
v -89.66954645 -104.36073177 -23.63735523
v -108.23182422 -95.71343523 -17.48996090
v -53.14138669 -136.72086180 -46.69540891
v -56.83768808 -132.97016747 -42.70114790
v -100.54669113 -98.36342826 -22.52280875
v -119.87012000 -124.46922718 58.75797631
v -123.73920611 -117.58809573 19.63042204
v -126.70934557 -133.89663402 40.51147882
v -50.23832066 -137.07467617 -47.94448421
v -131.54515208 -107.03842640 -0.88650135
v -120.13023668 -124.52469813 57.47095416
v -133.27829304 -106.89468794 4.58421351
v -70.16860350 -118.38850124 -31.16646271
v -135.53079631 -110.78382055 6.73291997
v -128.52062623 -91.98910076 -11.99428968
v -122.46665331 -126.71352144 46.93501573
v -56.64142828 -128.35592032 -42.54388288
v -127.30638817 -129.63364133 48.88461947
v -128.80030362 -138.41969219 30.64790889
v -122.96813936 -125.76672373 65.55715430
v -91.86533058 -102.25880222 -25.12993564
v -131.76979529 -107.96610331 -2.26746333
v -126.75643799 -114.91142441 12.32969116
v -123.44776575 -126.08924295 64.53894092
v -135.90809370 -103.57125588 -1.80142387
v -71.43761896 -114.80315233 -32.60336775
v -109.53434004 -84.97968340 -19.18846262
v -119.79623156 -85.80871801 -16.91404321
v -136.03303953 -108.41546975 3.19570857
v -122.48008194 -127.96879153 40.54056903
v -105.43490440 -92.02179182 -19.52928701
v -129.99107681 -134.13626416 26.54949036
v -114.70689356 -77.08723974 -19.83253402
v -123.49702634 -117.97075431 20.72730545
v -60.43700589 -123.84998667 -37.81664671
v -119.53196111 -122.64981710 63.65851325
v -134.82232028 -101.95206013 -5.77028640
v -81.73288425 -105.98256167 -28.75265371
v -50.05951537 -138.71427793 -48.34620450
v -124.96099141 -126.02323651 60.41186353
v -128.50210932 -127.45092074 33.97653969
v -128.87782305 -128.52300814 21.79557798
v -63.34522213 -121.91360379 -37.85038059
v -125.17820850 -131.17305740 56.46766527
v -59.37820862 -130.69762160 -40.76235210
v -72.07020290 -114.52584343 -27.98359299
v -74.74443467 -110.05731139 -29.09206219
v -119.68015442 -125.67771100 59.11649866
v -113.90546071 -123.44182032 77.47335370
v -129.61256312 -120.18976500 19.83614604
v -129.00012483 -128.46707411 24.20824884
v -112.18760530 -90.06573711 -16.37766209
v -114.50295216 -125.61054086 70.35261032
v -67.06528267 -119.85173867 -35.07957544
v -126.96732551 -132.17752788 41.52631448
v -36.47879247 -155.28195281 -50.89948812
v -120.74370809 -94.38069688 -16.32007133
v -79.73770093 -106.56217574 -28.01058854
v -113.77064321 -93.64157655 -16.23143591
v -131.59489490 -113.30525974 1.85072704
v -132.48242127 -114.94107696 13.38730938
v -132.92034024 -97.50791793 -10.31183041
v -116.29845077 -121.46642146 70.30184650
v -123.59619065 -126.40418200 46.52799051
v -131.26195611 -93.61321417 -11.11919439
v -70.97755354 -115.30416155 -28.60352240
v -116.13315510 -125.68272098 67.71735017
v -115.64222483 -91.39513558 -15.74145360
v -91.60249818 -103.24747819 -23.95180136
v -80.96485855 -106.67155368 -29.16501330
v -121.43582991 -124.06306823 67.82676043
v -111.54410165 -81.09079471 -18.69547414
v -113.91937223 -82.41357654 -19.90978115
v -51.19829646 -138.56452150 -50.22069720
v -125.44857371 -134.15851314 45.28467731
v -83.58901515 -107.63780425 -25.85512709
v -120.65072490 -85.82068665 -18.12506043
v -88.51141789 -104.65689598 -23.24846248
v -58.84556902 -131.07680140 -39.74862014
v -55.54440652 -134.10267188 -43.31805695
v -129.47438426 -112.78671995 2.50920883
v -124.58175485 -120.16651513 15.98833234
v -134.19418674 -112.33307347 9.56681663
v -132.34710619 -103.26947024 -0.64747394
v -133.62702467 -99.54272796 -9.97061724
v -125.25930829 -126.73962078 42.91642438
v -131.73595539 -114.35966117 2.98779435
v -126.84055069 -95.76128097 -13.78853703
v -53.38870839 -131.53150323 -44.15029156
v -85.95761577 -102.37012865 -23.33424021
v -129.65260537 -136.41160264 28.73657438
v -125.07796032 -130.32364298 59.12067968
v -85.01567997 -106.91799865 -25.59915092
v -128.94109285 -132.76061712 27.26227580
v -36.70175747 -156.72922900 -50.52442717
v -132.05607888 -115.17901437 14.31882059
v -126.09149117 -123.39901627 34.39700094
v -124.40608713 -118.32276896 16.17555899
v -125.07904171 -125.23264227 58.22812247
v -128.07668164 -112.16960060 4.48228921
v -120.54924586 -126.56682815 53.36399595
v -132.19270203 -116.81340143 11.28918785
v -125.57686708 -116.36326601 15.25145493
v -116.53344587 -77.36406273 -18.35397632
v -118.81770225 -122.10452063 66.31945115
v -78.02189780 -107.55085982 -25.24154178
v -128.20079717 -126.70615664 25.77108767
v -85.72308764 -106.46243159 -25.82559548
v -101.09764451 -98.03294304 -19.21487355
v -127.28141308 -112.69436745 7.26240387
v -64.49978195 -123.91131047 -35.04438258
v -120.09792528 -123.74617480 59.75276173
v -133.11067893 -97.23766316 -6.97238517
v -52.41005160 -136.15359872 -45.74329750
v -122.66157672 -123.79207253 57.90694105
v -116.64184349 -128.77377774 70.46011721
v -118.97673865 -91.69164591 -18.33852775
v -95.02784962 -101.11026201 -24.11186474
v -82.53908683 -104.48660366 -23.47265810
v -131.30164405 -94.29969317 -12.08343331
v -122.79741939 -125.56603113 36.65933672
v -119.74719452 -124.16922751 59.70392385
v -53.60545308 -136.19535017 -45.67059079
v -125.74211632 -129.64162268 32.76241694
v -126.44039397 -129.06268367 42.89895686
v -131.87341374 -98.11450268 -12.54635611
v -128.65306209 -97.07504395 -11.87985739
v -71.65374323 -117.05891899 -29.70707487
v -131.68484230 -118.67599555 12.61034922
v -124.04848995 -127.91004288 32.64954624
v -59.56577891 -125.47135793 -39.45700306
v -128.99816992 -126.67211983 19.95376336
v -66.32293214 -117.93226355 -32.44164898
v -128.59059798 -132.57535471 27.13776115
v -126.71784613 -115.83062801 19.09472426
v -124.71572723 -132.05767055 39.37461204
v -127.10814536 -129.26769015 32.37773812
v -126.16168398 -128.39816215 42.98504931
v -51.56451283 -137.84469180 -49.99045321
v -125.29380056 -89.64556587 -14.70876647
v -130.56624647 -112.23330554 11.61716674
v -135.32695017 -111.09397500 4.59305799
v -126.56282181 -132.67461477 43.23489337
v -124.77255461 -128.64430516 32.17363295
v -60.16158128 -126.18786084 -40.35350632
v -134.37587841 -101.72894749 -1.04413944
v -122.61154530 -126.75236723 38.42857310
v -125.89654716 -128.29890396 27.28383261
v -116.66154559 -129.09347000 71.66199216
v -110.50979221 -94.11019677 -16.75434532
v -98.92798126 -99.10032065 -19.93603253
v -125.83073487 -133.89861049 43.29397862
v -131.32397821 -101.71472301 -5.76684404
v -81.31145085 -105.09516496 -23.98022239
v -64.57266476 -123.64806978 -34.46668608
v -124.16778538 -94.85925330 -15.76343278
v -82.03024720 -104.41324027 -25.52833943
v -67.81256698 -118.96145218 -34.66811632
v -72.77914059 -112.79442958 -31.63900625
v -88.82457102 -101.88051698 -26.51543977
v -124.03826196 -122.93186058 35.29170926
v -54.45657791 -135.25218391 -44.91505027
v -134.85036287 -102.23615424 -6.58353531
v -129.62834034 -109.92791232 4.12229833
v -121.10661732 -125.74885166 52.42463216
v -130.21319176 -119.65539730 10.06429432
v -97.46224967 -100.60826190 -20.87038957
v -129.26246173 -110.70685044 3.73731678
v -111.87147577 -94.28156799 -17.74927114
v -84.82083868 -102.95385164 -25.44412956
v -124.97988866 -124.66261757 39.70376981
v -127.18762647 -128.56875967 26.73107346
v -117.33286782 -123.29969302 65.62272397
v -134.63494358 -103.75074456 0.79863204
v -47.04485974 -138.83343498 -51.92770335
v -117.84034148 -73.52119463 -19.75972061
v -124.15350871 -124.84373541 54.28460427
v -79.73529242 -108.01987514 -25.02802739
v -132.09277209 -105.26592466 -5.16850291
v -128.50461749 -128.51964070 21.84419015
v -79.25030409 -110.50105993 -27.20567195
v -87.90554202 -101.33344620 -23.03225803
v -60.04976283 -124.73297914 -38.87374204
v -124.00113797 -126.78851775 29.82894365
v -127.24228014 -123.91432803 29.70982931
v -63.02693126 -120.95029915 -36.78055882
v -131.80867685 -103.05323294 -7.66131563
v -116.76954247 -122.51275800 67.31648488
v -122.68322771 -131.59923025 50.65473141
v -127.43197673 -128.35715744 30.35749062
v -55.72627578 -131.58590384 -41.02794114
v -127.75783728 -130.57093173 26.00768606
v -136.02571347 -109.31713000 4.12943965
v -120.89780553 -89.20303261 -15.51851278
v -40.30960574 -149.26157739 -51.05893561
v -125.36797867 -119.46849523 13.86586744
v -123.47330597 -133.62402744 48.03128176
v -129.60397128 -113.51402818 2.61928777
v -106.17027792 -90.90551167 -18.87449135
v -132.91338941 -111.68921985 10.67850480
v -125.85861263 -116.15252025 13.34178183
v -65.87057580 -121.93965677 -33.07457645
v -39.58557041 -154.25151628 -51.12268911
v -135.93624382 -108.12571989 2.19787248
v -127.26209012 -142.76689354 30.85953763
v -124.28055038 -93.97352613 -13.99358076
v -73.67136042 -115.09857468 -29.23182491
v -133.35254799 -103.92290629 1.17324628
v -124.43994498 -126.92750206 27.48178340
v -131.56904262 -109.29090017 -0.83324243
v -119.95555369 -125.83032738 56.35192779
v -133.33810618 -112.87872005 2.74708619
v -124.59965716 -130.75581889 37.41799476
v -131.77553567 -98.71762448 -12.48349368
v -40.50167188 -149.13119595 -53.62653805
v -135.15510048 -103.94615928 0.60275674
v -78.59212555 -111.15770978 -28.49017980
v -113.90243013 -118.04658787 76.24562863
v -127.45339170 -119.97841087 9.59708170
v -115.57545538 -76.31115466 -19.31827686
v -64.76297786 -122.50583531 -33.22784809
v -84.95705725 -105.21441764 -23.38295573
v -86.02401209 -105.57019489 -27.35608388
v -127.87221877 -128.34539900 21.98339744
v -124.48609393 -120.67643482 25.40119691
v -58.56106900 -129.22489798 -42.09896696
v -117.37047572 -122.77721106 65.95297090
v -123.65958791 -121.87818328 28.67595730
v -122.64643509 -126.18951615 42.68170940
v -129.02018841 -125.73655492 18.90962569
v -135.02490613 -109.64444270 1.46832600
v -76.62129770 -111.02603773 -31.07104610
v -115.31926674 -92.09955906 -15.79754233
v -98.24033345 -97.97923570 -23.50566230
v -81.30559399 -104.80834224 -25.04286245
v -45.67752112 -145.41673098 -53.42780836
v -131.45861408 -99.44119131 -12.34438307
v -121.99231683 -120.77406680 21.87611822
v -87.06732901 -103.35622899 -27.20171023
v -133.72777943 -111.11780008 9.77171267
v -66.25668257 -118.25702560 -32.08835462
v -132.30387466 -99.74489311 -11.68719499
v -120.40770332 -128.23672355 56.71138066
v -123.94510700 -125.97720527 49.64705813
v -112.07543113 -122.22317868 74.65379075
v -130.97428023 -100.21791239 -6.96746440
v -128.53663998 -126.18025070 19.31470763
v -119.44992994 -75.24164816 -19.55011940
v -123.43842233 -131.65433430 56.33972770
v -134.02860864 -108.67482245 -0.84428873
v -121.85815132 -130.14891929 58.64925451
v -37.78772354 -156.56180947 -52.54456695
v -109.38147493 -87.11224002 -17.97364598
v -128.10822287 -90.13044118 -14.85131575
v -128.95320921 -96.50010942 -14.72503778
v -132.03385289 -103.97850626 -0.88409895
v -129.63798183 -98.29630403 -10.91972996
v -129.42493151 -134.22322398 26.05289033
v -126.66955657 -129.30907493 41.66032183
v -131.66588868 -104.48191847 -3.68555004
v -60.83516182 -123.63276251 -36.54839408
v -116.71688908 -88.54302754 -18.99114656
v -115.85416420 -77.10289700 -18.49436929
v -56.05952654 -129.35183677 -40.74990013
v -122.63044590 -128.94359927 41.09219361
v -123.12936386 -125.21055941 41.74989589
v -131.01468199 -100.26352664 -10.81333883
v -126.44807701 -132.73664559 44.40755111
v -61.37037744 -122.46425131 -36.89417399
v -111.69473032 -82.07623644 -19.59495080
v -123.40159779 -131.55732266 41.20220936
v -132.19077887 -113.51250789 2.40203070
v -114.29584128 -121.85122928 77.50031725
v -113.21899670 -125.46915866 77.12789694
v -122.44248668 -127.31401078 39.70189380
v -99.84105561 -99.46727699 -19.88412778
v -110.53549047 -82.54928968 -18.71432295
v -112.31137249 -91.30114234 -18.84858766
v -124.68973599 -134.58770458 47.54484631
v -125.36192395 -130.40687582 58.10517242
v -71.47689921 -113.49038396 -29.14690808
v -56.17905374 -133.47967157 -42.02269512
v -122.65532748 -128.05229150 39.40291169
v -122.53104056 -129.75430377 43.75497318
v -119.21473219 -92.47057995 -18.06135270
v -122.71807085 -130.80405737 43.67503976
v -123.08829694 -132.43216344 49.56305349
v -123.84188053 -91.06617549 -14.38647951
v -131.66362992 -97.86050873 -4.75961199
v -127.90217219 -127.10921321 28.01544120
v -119.46949199 -125.01487528 73.04776090
v -117.10450370 -81.97726750 -19.40518379
v -126.92166067 -119.76112680 22.66577327
v -129.51946324 -125.30053002 21.38100339
v -131.69706016 -109.94168858 -0.49944552
v -126.45602357 -124.92232262 37.57005580
v -50.20912869 -136.18422617 -51.43007687
v -131.10879518 -98.36530178 -13.08541648
v -122.17905781 -127.71799393 68.25169143
v -126.37275380 -128.23852562 47.08863424
v -128.76405496 -123.59030074 15.98200879
v -123.46384807 -132.34869902 53.11235784
v -123.20462889 -124.53261838 54.10566878
v -70.85947856 -114.93327122 -28.75789138
v -106.07770528 -91.21062178 -19.27372614
v -105.40015498 -97.44516984 -18.35192156
v -124.24012712 -134.26994758 44.74119868
v -123.27490474 -132.47489845 51.48578350
v -113.43842170 -94.17858562 -17.15677993
v -131.80271707 -99.34593719 -3.99069097
v -132.94495504 -99.35243214 -3.08012640
v -83.66394418 -106.17236484 -24.07463518
v -118.03045096 -82.96831658 -17.94259020
v -129.85567269 -132.94815582 26.14484300
v -61.29572036 -125.66403419 -36.18685993
v -124.74734901 -125.62489295 51.99648379
v -94.06848080 -101.52306601 -21.40133470
v -122.07489779 -121.65908052 26.79128997
v -107.21001877 -93.11695716 -19.44092529
v -128.49827105 -114.26726688 15.27037777
v -126.32352461 -129.74007117 32.95608029
v -128.10255476 -123.53607958 23.49636581
v -118.06697731 -123.77579113 74.90132287
v -126.65210232 -130.41286758 43.78690684
v -53.71127397 -136.16154480 -46.07572129
v -122.04901516 -94.55620221 -15.93545784
v -40.99896935 -147.11275461 -52.39839440
v -127.26996694 -131.25223727 47.23166865
v -120.49443061 -123.20871534 61.27358910
v -99.98650529 -96.56853567 -22.15119255
v -127.07652469 -128.89329300 26.38406481
v -99.09514145 -96.51699062 -22.34923030
v -123.76827023 -122.63197388 33.54899611
v -126.90886326 -93.91764246 -16.83594007
v -41.58248576 -149.28790140 -50.61862962
v -63.13705667 -124.14757089 -38.61607214
v -123.83038041 -126.43956213 46.97284855
v -134.37924819 -105.82503302 2.89780865
v -112.21945610 -121.30719453 75.35047625
v -115.85312483 -77.79424190 -20.48625812
v -133.85054501 -104.27391618 -6.61955939
v -64.67827762 -122.15956203 -32.93611426
v -66.79305807 -117.47804165 -33.87147349
v -117.09816062 -122.79002323 75.86661318
v -55.38557032 -132.25836398 -45.19386131
v -57.77606293 -131.85485091 -40.26093016
v -134.85011674 -101.37561869 -4.09982746
v -118.97065444 -122.57641050 70.87245714
v -59.98954046 -130.26072730 -40.11776697
v -130.99503115 -93.04016351 -10.09453410
v -122.66799082 -122.18123431 28.24803087
v -132.25959384 -114.82689265 3.96480000
v -127.32285650 -131.62264025 38.92285505
v -127.37508045 -132.68254699 39.90128641
v -67.13028718 -117.99334703 -31.17904776
v -122.24485612 -127.88099441 46.34666815
v -124.59783080 -131.19130070 38.22023019
v -43.90136888 -143.17260890 -52.78429524
v -55.10267375 -129.75767543 -42.13469793
v -68.72614260 -115.76744844 -32.17297936
v -126.22076597 -116.37408839 10.00503329
v -60.94128002 -129.22776268 -39.63214877
v -132.20126829 -116.63431407 10.48186147
v -114.72809208 -123.32111639 69.55266680
v -115.94731257 -124.05144121 76.97777835
v -124.44186944 -130.20092784 60.53629118
v -104.77549027 -97.54576167 -19.65279439
v -61.57774614 -122.50706977 -37.86780717
v -77.14469817 -110.25829653 -25.98737649
v -128.10573460 -128.52072701 33.58797755
v -117.81405980 -126.33035388 75.17941058
v -124.45941799 -133.30135507 41.16417151
v -134.32816139 -99.86894064 -4.54861322
v -66.54499730 -119.00924926 -31.29642901
v -68.67839426 -116.86080066 -33.93159620
v -51.38582382 -135.83241293 -49.84147410
v -130.81434639 -111.05878985 9.68073715
v -58.19664393 -131.03448789 -39.68314424
v -121.21468892 -86.10623924 -17.61933619
v -131.68613418 -106.06574467 -1.75320349
v -115.02985579 -80.58088304 -20.07136207
v -134.66459741 -104.31859508 -5.22247233
v -95.61141065 -97.56269878 -21.33748217
v -63.69320774 -122.26126589 -37.90579820
v -74.66103730 -110.40400007 -30.08250638
v -124.57533401 -126.68249902 45.12668546
v -131.79211209 -116.89533670 7.09629412
v -119.94169016 -85.36012743 -17.49906526
v -70.20136135 -115.79862019 -29.01587514
v -128.42242285 -133.47476584 27.39765536
v -128.66694517 -133.89574527 26.59129609
v -118.07952945 -85.78354982 -16.36250770
v -126.43468291 -123.22932166 30.19861742
v -61.98508723 -123.66805876 -38.91537497
v -77.52489829 -108.08305113 -25.36280764
v -126.93822572 -88.78739302 -15.75253311
v -72.07402884 -113.15742167 -31.49789344
v -127.40003736 -129.14716006 32.54744566
v -55.31770988 -129.14942381 -43.74867487
v -130.46675806 -112.66978049 12.37984711
v -130.36695037 -109.05584241 4.12824150
v -132.66396365 -97.46428297 -11.05650749
v -122.07440605 -127.62154853 47.22131771
v -127.99686154 -112.31694718 9.12319185
v -126.84991277 -130.97899885 36.85186644
v -79.80158534 -108.46954000 -30.17470120
v -123.85652431 -127.81565958 64.11169453
v -129.62414849 -96.37258444 -14.63401296
v -123.79508078 -122.33151193 18.66199434
v -131.26930782 -108.06797167 0.25784167
v -123.33451267 -147.46835382 33.87788986
v -35.97133688 -158.29620331 -51.45020253
v -113.11111034 -82.29352008 -19.87497593
v -55.12202939 -129.94770691 -44.73668955
v -128.63502880 -132.25469791 24.97572624
v -103.89628374 -94.92314789 -20.47821439
v -77.55673754 -107.71541378 -26.58648801
v -61.03652439 -125.29841178 -39.87293298
v -53.65941642 -134.76700825 -47.11357110
v -113.68548819 -78.12628849 -19.08563874
v -130.78721558 -96.09030909 -6.70847438
v -44.78359960 -142.52732519 -51.12583416
v -133.21343610 -102.55303567 -9.05418541
v -126.44824880 -123.23948987 32.00853405
v -118.93861644 -72.71450549 -19.86395389
v -129.09201950 -95.99757126 -10.05827976
v -117.68695862 -79.05331567 -18.97513826
v -135.75161791 -110.03895005 5.96341792
v -123.44272087 -118.15065964 19.10713879
v -53.37067630 -136.01527756 -47.35827947
v -128.36250479 -115.80532240 5.51789569
v -38.56237507 -154.93516353 -50.72205545
v -110.66496622 -82.61707336 -18.54935892
v -122.90232135 -124.53517571 38.13769752
v -36.45276479 -155.36290150 -52.25966511
v -127.53324482 -129.65788485 38.43749414
v -128.38771322 -140.46943016 29.58727579
v -126.50903370 -133.94217868 41.53362573
v -136.14170005 -108.42753481 4.73071083
v -50.54281885 -135.99022198 -47.66646461
v -127.50570300 -112.40834121 5.55800354
f 2906 1680 885
f 3176 2906 885
f 1680 4632 885
f 3257 2906 3176
f 1143 2906 3257
f 2906 1682 1680
f 3176 160 2997
f 1143 1682 2906
f 3257 3176 2997
f 1680 2781 4632
f 4632 2644 885
f 1143 3257 2997
f 4151 885 2644
f 4151 3176 885
f 4632 4383 2644
f 4383 4632 2781
f 2039 1143 2997
f 4151 160 3176
f 563 2997 160
f 2644 2358 4151
f 160 1383 563
f 4383 1784 2644
f 1143 2190 1682
f 1682 2693 1680
f 1383 160 4151
f 1143 2039 2190
f 1680 2693 2781
f 1682 2190 3717
f 1359 2693 1682
f 2039 2997 612
f 3260 2781 2693
f 3717 1359 1682
f 2644 401 2358
f 2644 1784 401
f 563 612 2997
f 4383 3908 1784
f 2693 1359 677
f 1383 4151 2594
f 2594 4151 2358
f 2358 401 583
f 2781 3260 4383
f 3908 4383 3260
f 2693 677 3260
f 1359 3717 3703
f 4455 3717 2190
f 1359 3650 677
f 583 2594 2358
f 423 612 563
f 2190 2039 4455
f 3260 677 2238
f 777 1359 3703
f 3220 1383 2594
f 423 563 1383
f 1784 937 401
f 1111 2039 612
f 4455 3576 3717
f 3260 2238 3908
f 777 3650 1359
f 3848 612 423
f 1111 612 3848
f 4455 2039 1111
f 3908 1340 1784
f 1340 3908 2238
f 1570 3717 3576
f 1570 3703 3717
f 2722 3220 2594
f 716 583 401
f 784 1383 3220
f 937 716 401
f 1383 784 622
f 1383 622 423
f 4173 1340 2238
f 777 3703 1570
f 1520 2238 677
f 1761 2594 583
f 1761 2722 2594
f 716 1761 583
f 1784 3535 937
f 1784 1340 3535
f 1111 2170 4455
f 3535 1340 4427
f 2170 3576 4455
f 4427 1340 4173
f 397 1570 3576
f 677 3650 1520
f 740 1111 3848
f 740 2170 1111
f 397 3576 2170
f 123 285 777
f 123 777 1570
f 285 3650 777
f 2266 622 784
f 3220 2266 784
f 3679 3220 2722
f 716 3133 1761
f 937 3133 716
f 2238 1642 4173
f 1520 1642 2238
f 718 3650 285
f 3650 718 1520
f 4427 1409 3535
f 123 1570 397
f 2266 3220 3679
f 2266 662 622
f 718 4470 1520
f 1520 4470 1642
f 1648 2722 1761
f 3133 1648 1761
f 3133 937 4240
f 662 423 622
f 3535 1409 4240
f 3535 4240 937
f 1329 285 123
f 285 4311 718
f 718 4311 4470
f 3752 2722 1648
f 3752 3679 2722
f 3263 3133 4240
f 423 3862 3848
f 423 662 3862
f 1409 2518 4240
f 3862 740 3848
f 4055 397 2170
f 3661 1409 4427
f 4427 4173 3661
f 1642 4470 4173
f 4547 3679 3752
f 3133 3263 1648
f 2529 1599 2266
f 2266 1599 662
f 4240 2924 3263
f 4627 2518 1409
f 740 4055 2170
f 4173 3518 3661
f 4470 3518 4173
f 4311 4204 4470
f 3679 2529 2266
f 2529 3679 4547
f 2518 2924 4240
f 1409 3661 4627
f 4470 2192 3518
f 1752 3752 1648
f 1752 1648 3263
f 3661 4171 4627
f 1329 272 4311
f 285 1329 4311
f 4204 2192 4470
f 1601 4547 3752
f 1601 3752 1752
f 1816 2529 4547
f 3263 2924 2406
f 3862 662 4147
f 3661 2962 4171
f 1706 397 4055
f 397 1706 123
f 1329 123 1706
f 3518 2962 3661
f 1329 1706 520
f 2192 1251 3518
f 520 272 1329
f 272 2058 4311
f 2058 4204 4311
f 1601 1816 4547
f 3263 2406 1752
f 4147 662 1599
f 2518 2406 2924
f 2289 1251 2192
f 4204 2289 2192
f 1599 3878 4147
f 2529 3878 1599
f 3840 3862 4147
f 2518 1364 2406
f 3840 740 3862
f 2518 4627 4171
f 2546 4055 740
f 2546 740 3840
f 1706 4055 4634
f 520 1706 2715
f 520 630 272
f 272 630 2058
f 2058 2289 4204
f 1091 2289 2058
f 3250 1816 1601
f 3250 1601 4035
f 1364 2518 4279
f 4279 2518 4171
f 4634 4055 2546
f 2715 1706 4634
f 1777 2962 3518
f 1777 3518 1251
f 1251 2289 2199
f 630 1091 2058
f 2381 2529 1816
f 4588 2381 1816
f 2237 1601 1752
f 2237 4035 1601
f 1752 2406 2237
f 2237 2406 793
f 3878 2529 2381
f 1378 4147 3878
f 1378 3840 4147
f 2715 4634 2546
f 630 520 2135
f 630 4202 1091
f 1820 1816 3250
f 4588 1816 1820
f 3888 3250 4035
f 1364 793 2406
f 1378 1086 3840
f 1086 2546 3840
f 4279 4171 4640
f 4171 2962 4640
f 2715 3141 2135
f 520 2715 2135
f 1251 2155 1777
f 2289 3543 2199
f 3888 1820 3250
f 3270 3888 4035
f 2237 3270 4035
f 1462 793 3774
f 3774 793 1364
f 2262 2546 1086
f 2262 2715 2546
f 2262 3141 2715
f 2962 1126 4640
f 2373 2135 3141
f 2199 2155 1251
f 3621 1091 4202
f 3625 2289 1091
f 3543 2289 3625
f 2237 793 4477
f 2381 4588 2103
f 3878 4499 1378
f 1364 4484 3774
f 4279 4484 1364
f 4279 4640 4484
f 1807 3141 2262
f 2419 3141 1807
f 1777 1126 2962
f 2135 4175 630
f 630 4175 4202
f 4175 2808 4202
f 2808 3621 4202
f 1091 3621 3625
f 3888 4588 1820
f 3888 4280 4588
f 4477 3270 2237
f 2381 2103 2404
f 2103 4588 2145
f 1462 4477 793
f 4499 3878 2404
f 2404 3878 2381
f 4499 1086 1378
f 475 2262 1086
f 1807 2262 475
f 3141 2419 2373
f 2135 2373 4175
f 3446 2199 3543
f 3625 3621 1679
f 3543 3625 1679
f 4280 2145 4588
f 4499 2404 2168
f 4499 475 1086
f 2155 1126 1777
f 2087 2155 2199
f 3543 1679 3446
f 2404 2103 452
f 4484 1095 3774
f 1095 4484 363
f 4640 363 4484
f 1126 2155 2087
f 2199 3446 2087
f 4620 3888 3270
f 2404 452 2168
f 1462 2806 4477
f 4234 1462 3774
f 2168 2550 4499
f 1807 475 1865
f 1622 2419 1807
f 1622 1807 1865
f 4640 2458 363
f 1126 2458 4640
f 2373 2419 4520
f 3446 4109 2087
f 4520 4175 2373
f 3446 1679 3198
f 2253 1679 3621
f 1679 2253 2313
f 4234 2806 1462
f 3774 2338 4234
f 1095 2338 3774
f 475 2550 2637
f 4499 2550 475
f 2338 1095 363
f 2637 1865 475
f 4520 2419 1622
f 2089 2087 4109
f 3446 3198 4109
f 4520 2174 4175
f 2808 4175 1871
f 2253 3621 2808
f 3198 1679 2313
f 2145 3221 2103
f 3720 2145 4280
f 822 214 3270
f 4620 4280 3888
f 214 4620 3270
f 4477 822 3270
f 3221 452 2103
f 2168 452 650
f 363 338 2338
f 338 363 2458
f 1622 1865 3236
f 3236 4520 1622
f 1126 2087 2089
f 1400 4520 3236
f 4520 1400 2174
f 4175 2174 1871
f 1871 258 2808
f 2253 2808 258
f 364 4620 214
f 2806 822 4477
f 650 452 3221
f 2550 2168 650
f 2458 1126 3914
f 3914 1126 2089
f 4109 3198 4155
f 2145 3859 3221
f 3720 4280 4620
f 3720 4620 364
f 650 1549 2550
f 1549 2637 2550
f 238 1865 2637
f 1794 2089 4103
f 4109 4103 2089
f 1871 2174 4160
f 3720 3859 2145
f 3914 1466 2458
f 338 2458 1466
f 3914 2089 1794
f 4109 125 4103
f 1871 4160 3113
f 258 1871 3113
f 2943 4155 3198
f 2943 3198 2313
f 811 2253 258
f 3562 3221 513
f 513 3221 3859
f 650 3221 3562
f 154 238 2637
f 2637 1549 154
f 4109 4155 2928
f 119 2253 811
f 2313 2253 119
f 3859 3720 3115
f 822 2806 3118
f 4234 3118 2806
f 650 3562 4205
f 3539 2338 338
f 4205 154 1549
f 1549 650 4205
f 1466 3914 4460
f 238 3236 1865
f 3914 1794 4460
f 1400 3236 908
f 4109 2928 125
f 1400 4160 2174
f 1342 4155 2943
f 4160 1751 3113
f 119 2943 2313
f 3115 3720 364
f 1580 364 214
f 948 214 822
f 3562 513 1071
f 4595 1400 908
f 1342 2928 4155
f 4595 4160 1400
f 4160 4595 1751
f 4019 1342 2943
f 3113 4599 258
f 811 258 4599
f 1953 2943 119
f 4019 2943 1953
f 948 1580 214
f 4205 3562 1716
f 238 154 2340
f 3236 238 2340
f 908 4284 4595
f 2928 1342 3760
f 4019 3760 1342
f 119 811 1953
f 1580 3115 364
f 3859 3115 513
f 4234 2338 3539
f 1071 513 4469
f 1716 3562 1071
f 1873 154 4205
f 2340 154 1873
f 4284 3236 2340
f 4284 2340 294
f 1794 4103 125
f 3183 1794 125
f 4284 908 3236
f 2928 2539 591
f 2928 591 125
f 4595 4235 1751
f 1751 4235 3113
f 3430 4599 3113
f 948 3829 1580
f 43 822 3118
f 43 948 822
f 1716 1071 685
f 338 2989 3539
f 1873 4205 1716
f 2776 2340 1873
f 338 1466 2989
f 2989 1466 891
f 294 2340 2776
f 2790 4284 294
f 2539 2928 3760
f 4284 2790 4586
f 4284 4586 4595
f 4235 3430 3113
f 4599 3430 2300
f 4599 2300 811
f 1953 811 2300
f 1018 3115 1580
f 4234 197 3118
f 513 3115 2450
f 197 4234 3539
f 4469 1119 685
f 685 1071 4469
f 1873 1716 3665
f 2776 1873 3665
f 1466 4460 891
f 4460 1794 3183
f 1544 2539 3760
f 3460 4586 1248
f 4586 2790 1248
f 366 4586 3460
f 366 4595 4586
f 2532 3760 4019
f 4595 366 4235
f 1953 3868 4019
f 1018 1580 3829
f 685 2734 1716
f 1119 2734 685
f 3665 1716 2734
f 3665 2734 1968
f 1025 294 2776
f 1025 3857 294
f 3857 2790 294
f 1544 3760 2862
f 3460 372 366
f 3866 4235 366
f 3866 3430 4235
f 4013 2300 3430
f 197 43 3118
f 197 3539 4085
f 4469 513 2450
f 3539 53 4085
f 3539 2989 53
f 2776 3665 1025
f 3665 3800 1025
f 3665 1968 3800
f 3183 3011 4460
f 4460 3011 891
f 1248 2790 3857
f 1560 591 2539
f 3649 3460 1248
f 3760 2532 2862
f 372 3866 366
f 4019 3868 2532
f 372 3939 3866
f 3866 3939 3430
f 4013 1239 2300
f 2300 1239 1953
f 1953 1239 3868
f 845 43 197
f 1683 3115 1018
f 4085 845 197
f 2734 1119 1968
f 894 1025 2737
f 894 3857 1025
f 591 3183 125
f 894 1193 3857
f 1193 1248 3857
f 1544 1560 2539
f 3460 1303 372
f 2922 372 1303
f 3403 948 43
f 4469 2450 3142
f 2989 891 1020
f 3800 2737 1025
f 891 3011 1020
f 1303 3460 3649
f 3015 2532 3868
f 3430 553 4013
f 3403 3829 948
f 3378 1683 1018
f 53 288 4085
f 1968 1119 4074
f 3142 1079 1119
f 3142 1119 4469
f 3800 1968 3026
f 2989 1020 53
f 2737 3800 3026
f 3763 3183 591
f 591 1560 3763
f 3019 1248 1193
f 3019 1776 3649
f 3649 1248 3019
f 1544 2862 4259
f 2481 1303 3649
f 2481 2922 1303
f 992 2922 2481
f 553 3430 3939
f 2922 3939 372
f 3877 3829 3403
f 3403 43 845
f 2450 3115 383
f 383 3115 1683
f 845 4085 288
f 1465 288 53
f 3026 1968 4074
f 2503 894 2737
f 2503 1193 894
f 1776 3019 1193
f 1352 3649 1776
f 2481 3649 1352
f 3015 3868 1239
f 1239 4013 324
f 324 4013 3201
f 2635 1018 3829
f 3877 2635 3829
f 1721 3403 845
f 1721 3877 3403
f 3378 1018 2635
f 1721 845 288
f 383 3142 2450
f 288 1465 4406
f 1079 4074 1119
f 2737 3026 2503
f 1193 2503 2542
f 3183 3763 3011
f 1352 1776 2638
f 2501 2532 2489
f 2532 2501 2862
f 4259 2862 2501
f 2532 3015 2489
f 1053 3015 1239
f 324 1053 1239
f 3201 3600 324
f 992 3590 2721
f 992 2721 2922
f 2721 3939 2922
f 553 3201 4013
f 4141 3144 810
f 4512 1538 4141
f 1538 3144 4141
f 3144 3122 810
f 4406 3144 1538
f 1847 2635 3877
f 1847 3877 1721
f 1847 1721 3734
f 3734 1721 4512
f 1538 4512 1721
f 288 4406 1538
f 288 1538 1721
f 1465 1946 4406
f 818 1079 3142
f 53 406 1465
f 1465 406 1946
f 4074 1079 2798
f 53 1020 406
f 2503 3026 384
f 3026 3012 384
f 3026 4074 3012
f 2339 1020 3011
f 384 2542 2503
f 3011 3763 2339
f 2542 1776 1193
f 1560 1544 3445
f 98 2481 1352
f 324 3600 1053
f 98 992 2481
f 3201 4401 3600
f 2721 3643 3939
f 3643 553 3939
f 3201 553 3643
f 1943 4141 96
f 96 4141 810
f 4238 4141 1943
f 4238 4512 4141
f 3267 3734 4238
f 3734 4512 4238
f 4406 1946 3144
f 1946 2805 3144
f 3144 2805 3122
f 384 2355 3804
f 2355 384 3012
f 2798 2355 3012
f 3012 4074 2798
f 1020 2339 406
f 2542 384 3804
f 4207 1776 2542
f 4207 2638 1776
f 4259 3445 1544
f 98 1352 2638
f 2156 992 98
f 3590 2994 2721
f 2721 2994 3643
f 810 1026 96
f 3267 4238 1943
f 810 30 1026
f 3122 30 810
f 3734 1195 1847
f 2635 1847 79
f 3378 383 1683
f 383 3112 3142
f 3473 1946 406
f 2325 3804 2355
f 2355 2798 1317
f 406 2339 3473
f 2951 2542 3804
f 2951 4207 2542
f 4207 3461 2638
f 2638 3461 98
f 3600 3083 1053
f 3600 4401 3083
f 2156 3590 992
f 4603 3590 2156
f 3307 4401 3201
f 3307 3201 3643
f 3590 4603 2994
f 2994 1933 3643
f 2541 1943 96
f 1314 96 1026
f 3267 1943 147
f 3267 147 2130
f 2130 2179 3267
f 2179 1195 3734
f 2179 3734 3267
f 1847 1056 79
f 1847 1195 1056
f 3122 2067 30
f 3122 2805 2067
f 2798 1079 818
f 3142 3112 396
f 2325 2355 1317
f 4207 2951 3320
f 2730 3445 4259
f 1053 4275 3015
f 3461 3405 98
f 98 3405 2156
f 4603 2156 3405
f 1933 2994 134
f 3307 3643 1933
f 1943 2541 147
f 2541 96 1314
f 1314 1026 1575
f 3378 79 2099
f 79 3378 2635
f 2067 2805 3874
f 2099 4485 383
f 383 3378 2099
f 2805 1180 3874
f 3142 4324 818
f 2805 1946 1180
f 1180 1946 3473
f 2257 1317 2798
f 396 4324 3142
f 3804 1256 2951
f 3473 2339 2369
f 3763 4104 2339
f 3445 4104 3763
f 3763 1560 3445
f 4259 2501 2730
f 3461 4207 165
f 4207 3320 165
f 4275 2489 3015
f 3083 4401 3729
f 3307 1933 512
f 134 4347 1933
f 2541 984 179
f 147 2541 179
f 847 1026 30
f 1056 1195 2179
f 79 1056 3039
f 3473 2369 1180
f 2798 818 2257
f 3084 2951 1256
f 3899 3804 2325
f 2951 3084 3320
f 2201 165 3320
f 4401 3307 3729
f 3405 1001 4603
f 4603 2074 2994
f 134 2994 2074
f 512 1933 4347
f 296 2130 147
f 4526 2179 2130
f 2099 79 3039
f 4485 3112 383
f 1180 1785 3874
f 2395 396 3112
f 1180 2369 1785
f 818 4324 2257
f 2369 2339 4104
f 3899 1256 3804
f 1916 3084 1256
f 1763 3320 3084
f 1763 2201 3320
f 2730 730 3445
f 2489 2730 2501
f 3461 165 261
f 3405 3461 261
f 1001 2074 4603
f 265 2074 1001
f 538 984 2541
f 1314 538 2541
f 847 1575 1026
f 2130 296 625
f 2101 847 30
f 1056 4526 3039
f 4526 1056 2179
f 2101 30 2067
f 2067 1588 2101
f 4485 2099 1006
f 4485 2395 3112
f 396 2395 1979
f 1317 2257 3674
f 2325 1317 3181
f 3899 3188 1256
f 3188 1916 1256
f 1916 1763 3084
f 3626 1763 1916
f 3419 2201 1763
f 2019 2489 4275
f 3419 165 2201
f 3419 261 165
f 3083 3595 1053
f 3083 3729 3595
f 3307 1438 3729
f 512 4347 2428
f 2074 4347 134
f 179 296 147
f 847 1476 1575
f 2130 625 4526
f 178 3039 4526
f 3874 1588 2067
f 2369 559 1785
f 3674 3181 1317
f 4324 3674 2257
f 4324 1979 4492
f 1979 4324 396
f 2369 4104 559
f 4492 3674 4324
f 3899 2325 3181
f 730 4104 3445
f 2489 2019 2730
f 1053 3595 4275
f 261 3419 1254
f 261 1254 3637
f 693 3405 261
f 1207 3307 512
f 2428 1207 512
f 4347 2074 332
f 860 179 984
f 356 1314 1575
f 847 2837 1476
f 4526 1688 178
f 4526 625 1688
f 2101 560 847
f 3039 178 2099
f 4485 1006 1582
f 1588 3874 1785
f 2395 4485 1582
f 2510 4492 1979
f 4104 457 559
f 3899 1657 3188
f 207 1916 3188
f 2730 4040 730
f 1916 3087 3626
f 4440 2019 4275
f 2706 2019 4440
f 3060 1763 3626
f 3060 3419 1763
f 3729 3417 3595
f 3307 1207 1438
f 693 1001 3405
f 693 4461 1001
f 4090 3148 2428
f 4090 2428 4347
f 4461 2462 265
f 1001 4461 265
f 4090 4347 332
f 3993 984 538
f 1952 538 1314
f 1952 1314 356
f 296 179 4623
f 625 296 4623
f 847 560 2837
f 3212 178 2302
f 2099 178 3212
f 2101 1588 706
f 3212 2695 1006
f 1006 2099 3212
f 1785 559 2810
f 1588 1785 706
f 457 1133 559
f 2068 1979 2395
f 367 3181 3674
f 4492 367 3674
f 367 4492 287
f 4104 730 457
f 4040 2730 2019
f 3087 1916 207
f 391 2706 4440
f 3595 4440 4275
f 3729 1438 3417
f 1438 1207 3764
f 261 1365 693
f 860 984 3993
f 356 1476 298
f 1575 1476 356
f 4623 179 860
f 4623 1418 625
f 625 1418 1688
f 2695 1582 1006
f 2810 706 1785
f 2068 2395 1582
f 1133 2810 559
f 2510 1979 2068
f 367 1868 3181
f 457 730 4040
f 3899 3181 1868
f 1657 3899 1868
f 2019 1778 4040
f 2706 1778 2019
f 4440 3432 391
f 2784 3626 3087
f 2784 3060 3626
f 3595 707 4440
f 3060 1254 3419
f 2563 1254 3060
f 261 3637 1365
f 4495 1207 2428
f 2428 3148 4495
f 4090 332 2920
f 265 1194 2074
f 1194 332 2074
f 1194 2920 332
f 356 298 1952
f 1952 3993 538
f 860 1045 4623
f 4623 1045 1418
f 2837 1983 1476
f 560 1800 2837
f 2101 1884 560
f 3342 2302 178
f 178 1688 3342
f 448 3212 2302
f 2302 3342 448
f 706 1884 2101
f 448 2695 3212
f 2695 3861 1582
f 1133 706 2810
f 2068 1582 3861
f 3563 2510 2068
f 287 4492 2510
f 457 4040 925
f 1778 1356 925
f 1778 925 4040
f 391 4186 2706
f 4186 1356 2706
f 1778 2706 1356
f 4440 707 3432
f 3595 3417 2669
f 1438 3764 3417
f 1207 4495 3764
f 1365 271 693
f 693 271 4461
f 271 2462 4461
f 1194 265 2462
f 4539 3993 1952
f 4537 860 3993
f 298 1476 3062
f 3245 1045 860
f 1418 3707 1688
f 3707 3342 1688
f 448 3342 1299
f 2477 1884 706
f 448 1284 2695
f 2695 1284 3861
f 1133 3521 706
f 1822 2068 3861
f 3799 3521 457
f 1133 457 3521
f 3563 2068 1822
f 3799 457 925
f 4050 287 2510
f 3563 4050 2510
f 287 4050 367
f 1356 4186 4357
f 3432 4266 391
f 707 1485 3432
f 3595 2669 707
f 2391 1254 2563
f 531 2669 3417
f 3417 3764 531
f 531 3764 3272
f 4495 3272 3764
f 1365 754 271
f 2462 2745 1194
f 1952 286 4539
f 3993 4539 4537
f 286 388 2271
f 286 1952 388
f 298 388 1952
f 388 298 3062
f 388 3062 2574
f 1849 2574 3062
f 1983 3062 1476
f 1849 3062 1983
f 1498 1983 2837
f 2837 1800 1498
f 1045 2055 1418
f 560 3844 1800
f 3844 560 1884
f 1284 448 663
f 657 706 595
f 3521 595 706
f 1822 1941 3563
f 3563 2956 4050
f 1941 2956 3563
f 1285 4050 2956
f 517 367 4050
f 517 4050 1285
f 1356 3098 925
f 3188 1657 2125
f 1356 4357 3230
f 4541 207 3188
f 391 4266 4186
f 4186 4266 3027
f 4186 3027 4357
f 3432 483 4266
f 3432 1485 483
f 1485 707 1963
f 1963 707 2423
f 2669 2423 707
f 1365 3637 1766
f 3272 4495 1955
f 2870 4090 2920
f 2116 2462 271
f 2433 3245 860
f 2433 860 4537
f 1849 1983 3368
f 1983 1498 3368
f 1800 4590 1498
f 3707 1418 2055
f 3707 2055 909
f 3844 1884 2477
f 663 448 1299
f 657 2477 706
f 595 3521 4095
f 4376 3861 1284
f 4376 1284 2577
f 3685 1941 1822
f 981 1285 2956
f 1356 3230 3098
f 352 1868 367
f 3437 352 367
f 3437 517 1285
f 2125 1657 1868
f 4541 3188 2125
f 3059 4266 483
f 4266 3059 2414
f 4266 2414 3027
f 1275 3059 483
f 2020 3087 207
f 483 1485 1275
f 1485 1963 1275
f 2784 2563 3060
f 1672 2423 2669
f 2669 531 1672
f 2391 3637 1254
f 2045 3272 1955
f 2391 1766 3637
f 1766 754 1365
f 4090 2870 3148
f 2116 271 754
f 2462 2116 2745
f 2745 967 1194
f 1194 967 2920
f 3090 2271 1094
f 1571 286 3090
f 3090 286 2271
f 4539 1571 70
f 286 1571 4539
f 91 4537 70
f 70 4537 4539
f 91 2433 4537
f 2574 2271 388
f 874 3245 2433
f 1045 3245 874
f 2055 1045 874
f 1800 1271 4590
f 1271 1800 3922
f 1800 3844 3922
f 3707 909 785
f 3342 3707 785
f 1299 3342 785
f 4316 3053 595
f 595 3053 657
f 2577 1284 663
f 595 4095 4316
f 2657 3521 3799
f 4095 3521 2657
f 3861 4376 1822
f 4376 3685 1822
f 2657 925 3098
f 3799 925 2657
f 1941 745 2956
f 1941 4516 745
f 3685 4516 1941
f 4516 3685 927
f 2956 745 981
f 38 745 4516
f 38 4516 3564
f 3437 367 517
f 259 981 745
f 1760 745 38
f 1760 38 217
f 217 38 3564
f 3027 217 1944
f 3027 1944 4357
f 4357 1944 3230
f 1817 259 419
f 419 259 745
f 419 745 1760
f 419 1760 3059
f 3059 1760 2414
f 2414 1760 217
f 2414 217 3027
f 1367 1817 419
f 1367 419 3059
f 207 4541 2020
f 1275 2685 1367
f 1275 1367 3059
f 1275 3705 2685
f 1963 3705 1275
f 2784 3087 224
f 2423 1672 1963
f 3272 2045 531
f 3148 1955 4495
f 1766 2211 754
f 754 2211 2438
f 2870 2076 3148
f 27 2116 754
f 2116 27 3195
f 2745 2116 3195
f 182 1571 3090
f 182 70 1571
f 1094 2271 2823
f 2574 2823 2271
f 708 2823 251
f 1147 2433 91
f 2574 1849 2823
f 251 2823 1849
f 2433 1147 2330
f 2330 874 2433
f 1498 1351 3368
f 4590 1351 1498
f 3231 909 2055
f 1271 3922 394
f 785 909 4105
f 2477 657 3844
f 785 663 1299
f 2577 927 4376
f 927 2577 1707
f 163 927 1707
f 1724 3098 1408
f 4376 927 3685
f 3564 927 163
f 1944 4209 3230
f 1944 163 4209
f 3230 4209 1408
f 3230 1408 3098
f 1944 3564 163
f 3564 4516 927
f 1944 217 3564
f 352 2125 1868
f 2413 3437 791
f 791 3437 1285
f 1285 259 791
f 259 1285 981
f 791 259 2883
f 259 1817 2883
f 2685 1817 1367
f 2685 1715 1817
f 2020 224 3087
f 3705 1715 2685
f 3705 1963 2535
f 1963 1672 2535
f 2084 2391 2563
f 2045 1950 531
f 2045 1955 1108
f 754 3925 27
f 754 2438 3925
f 2878 2920 967
f 2878 2870 2920
f 2745 3195 967
f 2549 182 1231
f 2549 1708 308
f 2549 308 182
f 1231 182 3090
f 1231 3090 1094
f 3962 1231 1094
f 3962 1094 2823
f 2823 3174 3962
f 308 70 182
f 3174 2823 708
f 4441 91 308
f 308 91 70
f 91 4441 2913
f 2913 1147 91
f 1849 3368 251
f 2259 874 2330
f 3368 1351 3194
f 4590 1271 1351
f 3231 2055 874
f 106 4105 909
f 3922 3844 1350
f 785 3976 663
f 4316 739 1066
f 4095 739 4316
f 1707 3514 163
f 2657 739 4095
f 4209 163 3514
f 3098 1724 2657
f 352 3437 2413
f 4264 2413 791
f 791 2883 4264
f 2309 4541 2125
f 2883 2122 4264
f 2122 2883 1715
f 1715 2883 1817
f 2784 224 1620
f 2535 1672 2218
f 1950 2218 1672
f 1950 1672 531
f 4125 1950 2045
f 1108 4125 2045
f 2391 1729 1766
f 3148 3054 1955
f 1729 2211 1766
f 3148 2076 3054
f 2870 2878 2076
f 4222 967 3195
f 671 24 386
f 3787 671 284
f 671 2549 24
f 24 1531 386
f 24 3962 1531
f 4080 1531 1188
f 3787 2549 671
f 2549 1231 24
f 24 1231 3962
f 3787 1708 2549
f 1531 3962 1188
f 1188 3962 3174
f 1708 1636 4441
f 1708 4441 308
f 2913 4441 1636
f 2330 1147 2913
f 3194 1736 251
f 3194 251 3368
f 2259 3231 874
f 909 3231 2758
f 909 2758 106
f 1271 3555 1351
f 3555 1271 394
f 1350 394 3922
f 657 1350 3844
f 1836 657 3053
f 1707 2577 663
f 3976 1707 663
f 3976 2714 1707
f 1707 2714 3514
f 2657 1724 739
f 4209 3514 3709
f 4209 3709 1408
f 2309 2125 883
f 2020 4541 994
f 3705 1379 1715
f 1715 1379 2122
f 1620 224 2020
f 4125 2218 1950
f 3054 1108 1955
f 2076 2878 3684
f 1543 2878 967
f 27 122 3195
f 3195 122 3715
f 3195 3715 4222
f 1543 967 4222
f 386 1855 3557
f 3557 1855 3073
f 3073 1855 1595
f 284 671 3557
f 671 386 3557
f 386 4080 1855
f 1855 4080 1595
f 1595 4080 2025
f 4080 2534 2025
f 3782 3787 284
f 1531 4080 386
f 4080 1188 2534
f 3782 1708 3787
f 1188 535 2534
f 3174 535 1188
f 708 535 3174
f 708 3078 535
f 2534 535 3078
f 251 3078 708
f 251 1736 3078
f 4212 2913 2311
f 4212 2330 2913
f 4212 2259 2330
f 3231 2259 1876
f 3231 1876 2758
f 1351 1306 3194
f 1351 3555 1306
f 4574 4105 106
f 1350 657 1836
f 1836 3053 4358
f 4105 3976 785
f 4316 1066 4358
f 4316 4358 3053
f 3709 3514 4513
f 1408 3709 4513
f 1408 4513 1724
f 883 2125 352
f 2020 2016 1620
f 1379 3705 3171
f 3171 3705 2535
f 1920 2563 2784
f 2563 1920 2084
f 2218 4125 4072
f 3054 3950 1108
f 2709 1729 2391
f 2709 2391 2084
f 3477 3054 2076
f 620 2211 1729
f 3925 122 27
f 1129 122 3925
f 3715 1534 4222
f 4222 1534 1543
f 3073 2326 2245
f 3557 3073 216
f 3073 1595 2326
f 2326 1595 2641
f 1265 3557 216
f 1595 2025 2641
f 1265 284 3557
f 2660 284 1265
f 2534 2167 2025
f 2167 2534 722
f 2660 3782 284
f 722 2534 3855
f 1007 1708 3782
f 2534 1965 3855
f 2311 1636 1007
f 1007 1636 1708
f 2311 2913 1636
f 3078 1965 2534
f 425 1965 3078
f 4212 2311 1551
f 1736 425 3078
f 4212 3022 2259
f 3022 1876 2259
f 2788 1736 3194
f 2758 1876 3580
f 4574 106 2758
f 348 4574 2758
f 3580 348 2758
f 3555 394 3404
f 3826 4105 4574
f 1350 1836 840
f 4358 1066 4483
f 1066 3817 4483
f 4105 3826 2714
f 4105 2714 3976
f 2976 739 1724
f 739 2976 3817
f 739 3817 1066
f 1666 3514 2714
f 3514 1666 4513
f 4513 2976 1724
f 4541 2309 994
f 4533 2413 4264
f 2575 4264 2122
f 1379 2575 2122
f 1620 1920 2784
f 2084 187 2709
f 3477 3950 3054
f 620 1729 2709
f 3477 2076 3684
f 2553 2438 2211
f 2553 2211 620
f 2878 1971 3684
f 2438 2553 3886
f 3886 3925 2438
f 1534 578 1543
f 216 3073 2245
f 2831 2641 2025
f 2660 1265 1102
f 1102 1265 216
f 2831 2025 2167
f 382 3782 2660
f 382 1007 3782
f 3512 1965 425
f 425 331 3512
f 4212 472 3022
f 1551 472 4212
f 3022 3580 1876
f 3404 394 1653
f 394 1350 1653
f 1836 4358 840
f 1666 2714 3345
f 3345 2714 3826
f 3765 883 352
f 3765 352 2413
f 2540 994 2309
f 4533 4264 2575
f 994 2016 2020
f 2218 3171 2535
f 4072 3171 2218
f 187 2084 1920
f 3599 4125 1108
f 1108 3950 3599
f 2878 1543 1971
f 1543 578 1971
f 3886 1129 3925
f 460 578 1534
f 1396 1129 3886
f 3715 122 1129
f 1396 4557 1129
f 1129 3347 3715
f 3715 3010 1534
f 3347 3010 3715
f 1685 1129 4557
f 1129 1685 3347
f 2245 1863 4367
f 2282 2245 4367
f 2245 2326 1863
f 2799 2245 2282
f 2326 2641 3028
f 1102 216 2799
f 2799 216 2245
f 3749 3376 797
f 3376 2660 1102
f 2831 2167 2470
f 3749 382 3376
f 382 2660 3376
f 225 2470 2167
f 722 225 2167
f 225 722 3855
f 1007 382 2454
f 1007 2454 2311
f 3512 3855 1965
f 1551 2311 2454
f 3984 3512 331
f 1736 331 425
f 1736 2788 331
f 1630 331 2788
f 1306 1630 2788
f 3194 1306 2788
f 348 3580 3022
f 1306 3555 3020
f 3020 3555 3404
f 3620 4574 348
f 348 3825 3620
f 3620 3826 4574
f 2194 840 4358
f 3345 3826 3620
f 4483 213 4178
f 4483 4178 4358
f 1666 3345 3688
f 3817 525 4483
f 4513 1666 3688
f 2976 525 3817
f 4513 3688 2976
f 246 3765 2413
f 2413 4533 246
f 2540 2309 883
f 3171 690 1379
f 1379 690 2575
f 3599 4072 4125
f 832 2709 187
f 3599 3950 3554
f 3684 1084 3477
f 3684 1971 1084
f 2553 4272 3886
f 1971 578 1743
f 4272 1396 3886
f 3010 460 1534
f 1396 4272 4557
f 4557 4272 302
f 2526 3010 3347
f 3043 460 3010
f 1685 882 3347
f 3347 882 2526
f 1685 4557 2985
f 4367 1863 1982
f 1982 1863 1212
f 1863 2326 1212
f 1212 2326 3028
f 1842 1102 2799
f 936 1102 1842
f 3028 2641 2470
f 3376 1102 936
f 3376 936 797
f 2641 2831 2470
f 597 3749 797
f 382 1394 2454
f 3749 1394 382
f 2720 1551 2454
f 2720 472 1551
f 4389 3984 331
f 472 2033 3022
f 2033 1237 3022
f 1630 2877 331
f 348 3022 1237
f 1350 1596 1653
f 840 3666 1350
f 3666 1596 1350
f 3620 3038 3248
f 4358 4178 2194
f 3620 3248 3345
f 4483 525 213
f 3345 3248 3688
f 3688 3248 4031
f 2976 4031 525
f 3688 4031 2976
f 2540 883 2129
f 2129 883 3765
f 246 4533 1532
f 2575 1532 4533
f 973 3171 4072
f 1920 3567 187
f 1084 1971 1743
f 4327 4272 2553
f 3043 413 460
f 3147 413 3043
f 2985 882 1685
f 3043 3010 2526
f 1982 1212 297
f 297 1212 1357
f 3028 1357 1212
f 1842 2799 1159
f 1159 2799 2282
f 797 936 597
f 597 1394 3749
f 3855 3193 225
f 3855 3512 3193
f 4009 3193 3512
f 2720 2164 472
f 2164 2033 472
f 4389 2877 3977
f 2877 4389 331
f 1237 2033 2750
f 1630 869 2877
f 1630 3020 869
f 1630 1306 3020
f 3020 3404 3291
f 1653 3291 3404
f 1237 2970 348
f 2970 3825 348
f 3038 3620 3825
f 3666 840 2194
f 213 4374 4178
f 4031 257 213
f 4031 77 257
f 3248 3038 4031
f 4031 3038 77
f 525 4031 213
f 3251 994 2540
f 2575 2757 1532
f 690 2757 2575
f 1620 2016 861
f 3567 1920 1620
f 973 690 3171
f 4413 4072 3599
f 1262 620 2709
f 3950 3477 506
f 4327 2553 620
f 4327 2251 2198
f 4327 2198 4272
f 460 3389 578
f 2198 3479 4272
f 4272 3479 302
f 2002 4557 302
f 2002 2985 4557
f 882 2985 3237
f 882 2396 2526
f 2396 3043 2526
f 4446 1982 3741
f 3741 297 3386
f 3386 297 3542
f 3741 1982 297
f 297 1357 3542
f 2247 3542 1357
f 1047 4367 4446
f 4446 4367 1982
f 2282 4367 1047
f 3028 2617 1357
f 2470 2617 3028
f 2617 2470 3302
f 1842 215 936
f 215 597 936
f 2470 3578 3302
f 225 3578 2470
f 3193 3578 225
f 4009 3512 3984
f 2877 2031 3977
f 3117 2033 2164
f 2033 3117 2750
f 3955 2031 2877
f 2750 1567 1237
f 869 3955 2877
f 2970 1237 1567
f 3825 2932 3038
f 77 3038 2850
f 213 257 4374
f 4178 4374 2194
f 77 2850 257
f 3765 3994 2129
f 246 4363 3765
f 246 1532 4363
f 3994 3765 4363
f 1532 728 4363
f 2757 728 1532
f 3251 1268 994
f 994 1268 2016
f 861 2016 1268
f 861 3567 1620
f 3567 1919 187
f 1919 832 187
f 4072 4413 973
f 3599 3554 4413
f 832 1262 2709
f 3950 506 3554
f 1084 506 3477
f 1743 2295 1084
f 578 3389 1743
f 2002 3237 2985
f 1311 25 3147
f 1967 882 3237
f 1967 2396 882
f 3043 1311 3147
f 2396 1311 3043
f 1357 2617 2247
f 3912 972 1047
f 972 1159 1047
f 1159 2282 1047
f 986 1842 972
f 1842 1159 972
f 1842 986 215
f 215 407 597
f 4228 1394 597
f 1930 2720 2454
f 1394 1930 2454
f 3984 4389 4297
f 3984 4297 4009
f 402 4389 3977
f 4389 402 4297
f 1567 2750 3224
f 3224 2750 3117
f 1567 3224 1700
f 869 3020 180
f 2932 1567 1700
f 2932 1700 2255
f 3020 3291 180
f 2932 2970 1567
f 2932 3825 2970
f 1823 1596 3666
f 3708 2932 2255
f 2850 2932 3708
f 3492 2194 4374
f 2850 3038 2932
f 2850 3708 257
f 257 3708 4374
f 3666 2194 3492
f 2129 3251 2540
f 728 422 4363
f 1825 690 973
f 2447 4413 3554
f 3554 506 631
f 2295 506 1084
f 2251 4327 620
f 413 3287 460
f 302 3479 3601
f 2002 302 3601
f 3386 1261 4106
f 3190 3386 4106
f 1261 3542 1156
f 3190 3741 3386
f 1261 3386 3542
f 3542 2247 1156
f 4446 3741 3190
f 3912 1047 3952
f 2247 2617 3742
f 680 3742 2617
f 972 3912 986
f 1376 215 986
f 2617 3302 680
f 2164 2720 1930
f 4325 2164 1930
f 2164 4325 3117
f 3977 2469 402
f 3977 2031 2469
f 3224 3117 2468
f 3224 2468 2629
f 1700 3224 2629
f 2255 1700 3577
f 180 3291 1318
f 1596 830 1653
f 3291 1653 1318
f 1318 1653 830
f 3708 2255 3833
f 3666 3492 4524
f 4363 2186 3994
f 4363 422 2186
f 3994 2249 3251
f 2129 3994 3251
f 4462 1268 3251
f 4462 3251 2249
f 2757 1825 728
f 690 1825 2757
f 4413 2447 973
f 1262 1919 2719
f 832 1919 1262
f 2447 3554 631
f 2719 620 1262
f 2251 620 2719
f 3156 2198 2251
f 3147 3287 413
f 2002 3601 3305
f 2002 775 3237
f 3237 2018 1967
f 1261 1156 1226
f 2830 1226 1156
f 1226 4106 1261
f 2830 1156 2094
f 4446 3190 3952
f 1156 2247 2094
f 1047 4446 3952
f 3912 3952 314
f 314 986 3912
f 1376 4048 215
f 3302 4377 680
f 407 215 4048
f 4228 597 407
f 4228 4150 3108
f 3108 1394 4228
f 3108 1930 1394
f 1930 3108 4325
f 2468 4325 4022
f 4325 2468 3117
f 2468 705 2629
f 3955 1290 2031
f 1700 2629 3577
f 1290 3955 180
f 3955 869 180
f 1150 830 1823
f 3833 3007 105
f 2255 3007 3833
f 1596 1823 830
f 3666 4524 1823
f 4374 3708 3833
f 4374 3833 3492
f 2186 2249 3994
f 728 2938 422
f 1825 2938 728
f 1526 1825 3761
f 973 3761 1825
f 1919 3567 1241
f 973 2447 3761
f 3389 2295 1743
f 3156 3479 2198
f 460 3287 3389
f 3147 25 3287
f 3237 775 2018
f 1311 4199 25
f 2264 2396 1967
f 1311 2396 4199
f 2018 2264 1967
f 1250 1226 2593
f 4106 1226 1250
f 3952 3190 761
f 2247 2891 2094
f 3742 2891 2247
f 2891 3742 3530
f 1376 986 314
f 3742 3223 3530
f 680 3223 3742
f 4377 3223 680
f 1843 407 4048
f 1843 4228 407
f 3302 3193 4377
f 4228 1843 2816
f 3578 3193 3302
f 4228 2816 4150
f 729 4377 3193
f 729 3193 4009
f 2468 4022 705
f 3577 2629 3767
f 180 3279 1290
f 3279 180 1318
f 3007 2255 3577
f 4524 674 1823
f 3492 3833 3762
f 3492 3762 4524
f 422 2267 2186
f 422 2938 2267
f 4462 4615 1268
f 3323 2267 2938
f 1268 4615 861
f 2938 1526 3323
f 1825 1526 2938
f 2447 1923 3761
f 1919 1828 2719
f 631 4131 2447
f 2447 4131 1923
f 2270 3156 2251
f 2675 2260 25
f 2002 3305 775
f 4199 2675 25
f 2264 4199 2396
f 1226 2830 4245
f 4245 2830 2955
f 3693 3190 1250
f 1250 3190 4106
f 2830 2094 2955
f 4265 2955 2094
f 3693 761 3190
f 2762 761 3693
f 761 2762 3208
f 3208 3952 761
f 314 3952 3208
f 1376 314 3982
f 4377 2343 3223
f 4377 729 2343
f 4009 3048 729
f 3048 4009 4297
f 4022 4325 4150
f 4150 4325 3108
f 4297 402 1548
f 2629 705 1389
f 2629 1389 3767
f 2031 3475 2469
f 1290 3475 2031
f 3577 3979 3007
f 3279 1318 830
f 105 3007 3979
f 674 2196 1150
f 3762 105 853
f 4524 3762 3919
f 674 4524 3919
f 1823 674 1150
f 3833 105 3762
f 3500 4615 4462
f 1149 4462 2249
f 1149 2249 2186
f 861 4615 2272
f 1241 3567 861
f 3761 4295 1526
f 1923 2115 3761
f 1241 1828 1919
f 2251 2719 4609
f 497 506 2295
f 2270 2251 4609
f 2295 3389 309
f 2675 2220 2260
f 4199 4628 2675
f 2264 3617 4199
f 2593 4245 4277
f 2593 1226 4245
f 4277 4245 3325
f 1309 1250 2593
f 4245 2955 3325
f 1309 3693 1250
f 2094 2891 4265
f 3982 314 3208
f 4430 3982 3208
f 4265 2891 1059
f 1059 2891 3530
f 3982 107 1376
f 1059 3530 2244
f 3530 3223 4364
f 2244 3530 4364
f 3223 2343 4364
f 107 4048 1376
f 4048 107 1302
f 1302 1843 4048
f 2343 729 159
f 3023 4150 2816
f 3048 159 729
f 2126 159 3048
f 2126 3048 1548
f 1548 3048 4297
f 4276 4022 4150
f 4276 705 4022
f 705 4276 1389
f 2286 402 2469
f 1290 3279 1506
f 3577 3767 3979
f 830 1150 1506
f 830 1506 3279
f 853 105 3979
f 674 3919 2196
f 2186 3323 1149
f 2267 3323 2186
f 2038 1241 861
f 2038 861 2272
f 3761 2115 4295
f 21 1923 4131
f 21 4131 631
f 3265 631 506
f 21 631 3265
f 497 3265 506
f 309 497 2295
f 2270 4269 3156
f 1887 3479 3156
f 3389 1032 309
f 3287 1032 3389
f 3601 3479 1887
f 2675 4628 2220
f 3947 775 3305
f 172 2018 775
f 4023 2018 172
f 2018 4023 2264
f 4277 3240 2593
f 3240 4277 126
f 126 4277 4051
f 4051 4277 3325
f 1292 2593 3240
f 1309 2593 1292
f 3516 3325 2955
f 2762 3693 1309
f 3516 2955 4265
f 1168 3208 2762
f 1168 4430 3208
f 3982 4430 107
f 2244 4364 2515
f 2515 4364 4442
f 1302 4067 1843
f 4364 159 4442
f 2343 159 4364
f 4442 159 1977
f 1977 159 2126
f 2464 3023 2816
f 3023 4276 4150
f 402 2286 1548
f 3475 1290 1506
f 853 3979 3767
f 853 3767 2409
f 1150 2196 1829
f 1150 1829 1506
f 3762 853 2409
f 3762 2409 3651
f 3919 3631 2196
f 3919 3762 3651
f 3919 3651 3631
f 2472 1149 3323
f 1526 1605 3323
f 4295 1605 1526
f 1166 1605 4295
f 1166 4295 2115
f 4269 1887 3156
f 3287 2260 1032
f 4320 3305 3601
f 4059 172 775
f 3617 4628 4199
f 3617 4023 2631
f 3617 2264 4023
f 2618 516 3325
f 3325 3516 2618
f 1309 1292 1461
f 1461 673 1309
f 1309 673 3769
f 3769 2762 1309
f 3769 1168 2762
f 3516 4265 465
f 4265 1879 465
f 1059 1879 4265
f 4430 1168 4062
f 4430 4062 107
f 2244 1879 1059
f 4062 1302 107
f 1837 4067 1302
f 1247 4442 1977
f 4067 2816 1843
f 1548 3972 2126
f 4276 3023 2464
f 2469 3475 2286
f 2286 3475 3731
f 1005 3767 1389
f 3731 3475 2491
f 3767 1005 2409
f 1506 2491 3475
f 1829 2491 1506
f 3631 1829 2196
f 3500 2272 4615
f 1149 3500 4462
f 1605 2472 3323
f 1828 1241 4333
f 1828 1229 2719
f 21 2115 1923
f 309 3265 497
f 25 2260 3287
f 4628 1964 1013
f 775 3947 4059
f 1674 3240 126
f 1674 4613 3240
f 3240 4613 466
f 2328 4051 3325
f 2328 126 4051
f 3325 516 2328
f 466 1461 1292
f 1292 3240 466
f 516 2618 934
f 3516 465 2618
f 2618 465 3594
f 3594 465 3163
f 465 1879 3163
f 1168 753 4062
f 2244 3163 1879
f 676 1302 4062
f 2244 3 3163
f 2515 2571 3
f 2515 3 2244
f 4442 2571 2515
f 4442 1247 2571
f 4067 1502 2816
f 2126 3972 1977
f 3972 1247 1977
f 1502 2464 2816
f 2464 1788 4276
f 1548 4326 3972
f 1548 774 4326
f 2286 774 1548
f 1005 1389 3520
f 3520 1389 4276
f 2286 3731 1036
f 2491 3127 3731
f 103 3500 1149
f 2472 103 1149
f 2038 4333 1241
f 1166 717 1605
f 2115 3822 1166
f 1166 3822 717
f 3795 4609 2719
f 4269 2270 4609
f 156 3601 1887
f 4320 3601 156
f 4628 1013 2220
f 4320 3947 3305
f 2351 3268 4628
f 2351 4628 3617
f 2631 2351 3617
f 4023 172 1411
f 3695 1674 126
f 3695 126 2328
f 3594 3556 2618
f 3594 3163 2436
f 2436 3163 4624
f 183 1168 3769
f 2436 4624 127
f 3 4624 3163
f 753 676 4062
f 676 1837 1302
f 1247 1183 2571
f 697 1183 1247
f 1837 1502 4067
f 4361 1247 3972
f 4361 697 1247
f 4326 4361 3972
f 2464 1502 1788
f 3520 4276 1788
f 2286 1198 774
f 2286 1036 1198
f 3520 280 1005
f 1005 280 1011
f 3731 3724 1036
f 2409 1005 1011
f 2759 1569 3127
f 3127 3724 3731
f 2491 2759 3127
f 1829 2759 2491
f 3631 3651 2759
f 3631 2759 1829
f 720 4505 2272
f 720 2272 3500
f 2038 2272 4505
f 1828 4333 1229
f 2115 4334 3822
f 2719 1229 3795
f 21 4334 2115
f 211 4334 21
f 899 4609 3795
f 3265 211 21
f 3265 309 4633
f 552 1887 4269
f 2260 184 1032
f 184 309 1032
f 2220 3172 2260
f 725 4059 3947
f 172 4059 1619
f 172 1619 1411
f 2631 4023 1411
f 1674 2109 4613
f 2328 516 3722
f 1461 466 374
f 2618 3556 934
f 3594 2436 3556
f 183 753 1168
f 753 183 600
f 500 4624 3
f 2571 3366 3
f 1183 3366 2571
f 1837 4123 1502
f 1788 1502 4123
f 1198 3654 4326
f 774 1198 4326
f 1036 3794 1198
f 4208 280 3520
f 1036 3724 3794
f 3127 1569 3724
f 2409 1011 3651
f 3651 1011 1542
f 3651 1542 2759
f 2759 1542 1569
f 103 720 3500
f 1283 211 3265
f 3265 4633 1283
f 552 156 1887
f 184 4633 309
f 3172 184 2260
f 1619 4059 1441
f 2109 1674 3695
f 3695 2328 2082
f 2082 2328 3722
f 3722 516 934
f 673 1461 374
f 4254 934 3556
f 4071 3769 673
f 2436 1160 3556
f 1160 2436 127
f 4624 1345 127
f 500 1345 4624
f 3 3366 500
f 3366 4602 500
f 1405 676 753
f 1183 4313 3366
f 4123 1837 3791
f 2034 4123 3791
f 697 2581 1183
f 2581 697 827
f 827 4361 3258
f 827 697 4361
f 4326 3654 3258
f 4326 3258 4361
f 4208 3520 2914
f 2914 3520 1788
f 1198 3794 3654
f 1011 280 4285
f 1011 4285 1542
f 1569 1542 1347
f 2724 103 2472
f 653 2724 2472
f 2038 4421 4333
f 4505 4421 2038
f 653 2472 1605
f 653 1605 717
f 1229 899 3795
f 899 4269 4609
f 4269 899 1835
f 4628 3268 1964
f 4059 725 1441
f 2351 4496 3268
f 2351 931 4496
f 2631 931 2351
f 1411 121 2631
f 931 2631 121
f 3695 2082 1266
f 665 2109 1398
f 665 466 4613
f 665 4102 466
f 665 4613 2109
f 2082 3722 4592
f 4102 374 466
f 934 4592 3722
f 4254 4592 934
f 100 673 374
f 100 4071 673
f 3556 1160 4254
f 3235 3769 4071
f 3235 183 3769
f 127 1345 171
f 3998 753 600
f 4313 4602 3366
f 3791 1837 676
f 1405 3791 676
f 1183 2581 4313
f 2034 3791 4315
f 2034 2842 4123
f 827 4190 2581
f 3258 3654 827
f 4123 2842 1788
f 2842 2914 1788
f 2914 1623 4208
f 3794 4429 983
f 4285 1623 3586
f 4285 280 1623
f 1623 280 4208
f 3724 4429 3794
f 3276 441 4429
f 4285 3586 1347
f 3276 1347 441
f 3724 3276 4429
f 1542 4285 1347
f 1569 1347 3276
f 1569 3276 3724
f 3093 899 1229
f 4269 1835 552
f 2220 1013 3172
f 156 2740 4320
f 725 3947 4320
f 1619 3273 1411
f 1411 3273 121
f 1398 2109 496
f 496 2109 3695
f 496 3695 1266
f 3006 2082 4592
f 4102 2857 374
f 820 100 374
f 2857 820 374
f 100 820 4071
f 1064 4254 1160
f 127 171 1160
f 600 183 3235
f 3998 600 111
f 500 862 1345
f 1405 753 3998
f 4602 862 500
f 4315 3791 1405
f 4602 4313 4190
f 4190 4313 2581
f 4315 4300 2183
f 2183 2034 4315
f 2034 2183 2842
f 3134 2842 2183
f 3654 3713 827
f 3653 3909 2731
f 4519 2731 3909
f 983 3713 3654
f 983 3909 3713
f 1120 2731 4519
f 983 4519 3909
f 3794 983 3654
f 2842 3134 2914
f 3134 1623 2914
f 3586 3134 1854
f 1623 3134 3586
f 3586 1854 3487
f 4429 1120 4519
f 4429 4519 983
f 3586 3487 1120
f 441 3586 1120
f 441 1120 4429
f 1347 3586 441
f 2724 720 103
f 717 3294 653
f 2281 653 3294
f 3294 717 3822
f 3996 3093 1229
f 1229 4333 3996
f 482 4334 211
f 4292 1835 899
f 1283 482 211
f 1323 1283 4633
f 156 552 2407
f 184 3895 4633
f 3172 3895 184
f 164 1013 3298
f 1441 3273 1619
f 1266 2082 3006
f 665 469 4102
f 4162 3006 4592
f 4592 4254 1646
f 820 1191 3569
f 820 3569 4071
f 3569 3235 4071
f 3569 600 3235
f 3569 111 600
f 1345 862 171
f 4315 1405 3998
f 4190 2835 2682
f 4190 2682 4602
f 4300 3463 2183
f 1854 2183 3463
f 827 2835 4190
f 3713 3909 4385
f 3713 4385 2835
f 827 3713 2835
f 1854 3134 2183
f 2731 3487 1513
f 2731 1513 3444
f 2731 3444 3653
f 1120 3487 2731
f 4444 4421 4505
f 4444 4505 720
f 4444 720 3371
f 3371 720 2724
f 3371 2724 2281
f 2281 2724 653
f 4333 4421 4449
f 3822 4334 1234
f 1234 4334 4464
f 4334 482 4464
f 1964 3298 1013
f 2248 725 4320
f 3268 3301 1964
f 1441 725 2960
f 4517 3268 4496
f 3006 2277 1266
f 1266 2277 3471
f 4439 496 3471
f 3471 496 1266
f 3657 3006 4162
f 469 1398 4439
f 4439 1398 496
f 469 665 1398
f 4592 1646 4162
f 4254 4194 1646
f 4254 1064 4194
f 1215 1064 993
f 1160 993 1064
f 993 1160 171
f 118 171 862
f 118 993 171
f 3658 4315 3998
f 3525 862 4602
f 4602 2682 3525
f 4315 3658 4300
f 2835 4385 3706
f 2835 3706 2682
f 1854 3463 3487
f 3487 3463 1513
f 4449 4421 4444
f 3996 4333 4449
f 1234 3294 3822
f 3093 4292 899
f 1835 2407 552
f 2740 156 2407
f 1013 164 3172
f 2248 4320 2740
f 1964 3301 3298
f 3268 4517 3301
f 2960 725 459
f 2960 3273 1441
f 4037 3273 2960
f 4496 931 2088
f 121 2088 931
f 4037 121 3273
f 121 4518 2088
f 2277 3657 3503
f 2277 3006 3657
f 4439 2703 343
f 4439 3471 2703
f 469 4439 343
f 1808 4162 1646
f 1808 1646 3546
f 3546 1646 4194
f 469 2378 4102
f 2378 2857 4102
f 2378 872 2857
f 1191 820 872
f 872 820 2857
f 3546 4194 1215
f 1064 1215 4194
f 1191 3013 3569
f 3085 3998 111
f 1536 118 862
f 862 3525 1536
f 3658 3998 573
f 2682 3706 3525
f 3658 4283 4300
f 3463 4300 4283
f 3653 2403 3909
f 3909 2403 4385
f 3653 4010 2403
f 3653 3444 4010
f 611 3371 2281
f 4464 2931 1234
f 482 1283 3635
f 2407 1835 1947
f 3895 1323 4633
f 669 3172 164
f 164 2953 669
f 189 4496 2088
f 189 4517 4496
f 4518 121 4037
f 4037 3823 518
f 4037 518 4518
f 3471 2277 1850
f 3471 1850 2703
f 3657 4366 3503
f 4604 4366 3657
f 343 2703 1426
f 4162 2946 4604
f 4162 4604 3657
f 4162 1808 2946
f 1391 469 343
f 1391 2378 469
f 1215 230 3546
f 1215 1535 230
f 993 1535 1215
f 3725 1535 993
f 111 3569 3013
f 1587 1482 118
f 3998 3085 573
f 118 1536 1587
f 170 3658 573
f 4283 3658 170
f 170 807 4283
f 4283 807 1225
f 4385 2403 3970
f 4385 3970 3706
f 3463 4283 1225
f 1513 3463 1225
f 1513 1225 87
f 1513 87 3444
f 3444 87 4010
f 701 4449 4444
f 4058 611 2281
f 3294 4058 2281
f 2931 4058 1234
f 4058 3294 1234
f 3635 4464 482
f 1947 2740 2407
f 3172 669 3895
f 2248 2740 61
f 164 3298 2953
f 459 2248 4580
f 459 725 2248
f 2960 459 252
f 4518 162 2088
f 2088 162 189
f 2960 252 3823
f 4037 2960 3823
f 4366 4604 635
f 635 3503 4366
f 3503 1850 2277
f 1426 2703 1850
f 2946 1808 835
f 343 2120 1391
f 2366 1808 3546
f 2366 3546 230
f 1391 872 2378
f 3131 1191 872
f 3131 3013 1191
f 3725 1880 1535
f 3085 111 1083
f 1083 111 3013
f 118 3725 993
f 1482 3725 118
f 170 573 3085
f 1536 3686 1587
f 3525 3706 2807
f 3525 2807 1536
f 1225 807 1839
f 8 1225 1839
f 4010 1609 2403
f 2403 1609 3970
f 1225 8 87
f 4010 87 8
f 4058 4474 611
f 3283 3996 4449
f 2388 4058 2931
f 3996 3283 3093
f 4464 1276 2931
f 1283 1050 3635
f 1323 1050 1283
f 4292 3370 1835
f 3370 799 1835
f 1296 3895 669
f 61 2740 1947
f 3301 3008 3298
f 189 152 4517
f 3854 635 702
f 702 635 2933
f 635 4604 2933
f 3854 3503 635
f 2933 4604 2132
f 2946 835 2132
f 2946 2132 4604
f 1850 2656 1618
f 2656 1850 3503
f 1426 1850 3018
f 2366 835 1808
f 1880 230 1535
f 1083 3013 3131
f 3131 2382 1083
f 3085 771 170
f 3706 4576 2807
f 3970 1609 539
f 3970 539 4576
f 3970 4576 3706
f 8 1839 2112
f 8 2112 4010
f 2948 701 4444
f 4444 3371 2948
f 3371 611 2948
f 2948 611 10
f 4474 4058 2388
f 3093 3283 4111
f 4464 3635 1276
f 1323 1296 1050
f 3895 1296 1323
f 799 1947 1835
f 4453 1296 669
f 3008 699 3298
f 3301 870 3008
f 152 2691 4517
f 189 3836 152
f 252 3425 3823
f 162 138 189
f 3823 378 518
f 3616 4518 518
f 4027 162 4518
f 4518 3616 4027
f 702 2933 2398
f 2132 4081 2933
f 2933 4081 2398
f 2656 3503 3854
f 835 709 2132
f 1850 1618 3018
f 1426 2120 343
f 4488 2366 230
f 859 872 1391
f 3131 872 859
f 771 1083 4424
f 771 3085 1083
f 807 771 4388
f 807 170 771
f 2807 3881 3686
f 1839 807 4388
f 1839 4388 1051
f 1536 2807 3686
f 2112 1839 1051
f 2807 4576 371
f 539 2372 688
f 1609 2372 539
f 4010 2112 1609
f 1609 2112 2372
f 3346 2948 10
f 10 611 4474
f 3370 4292 3093
f 3635 222 1276
f 1050 222 3635
f 4453 2304 1296
f 4517 2691 3301
f 557 459 4580
f 252 459 3425
f 378 3823 3425
f 138 3836 189
f 3836 138 1015
f 3616 518 378
f 138 162 4027
f 2656 3854 4233
f 4233 3854 702
f 4233 702 2398
f 709 4081 2132
f 789 4081 709
f 1052 1618 2656
f 3018 1618 1052
f 835 1448 709
f 1448 835 3344
f 2144 2120 1426
f 2144 1426 3018
f 2366 800 835
f 1391 2120 3592
f 1391 3592 859
f 4488 800 2366
f 230 1880 4488
f 4424 1083 2382
f 2832 771 4424
f 1482 1681 3725
f 1482 40 1681
f 1482 1587 40
f 3686 3881 1753
f 3686 1753 1587
f 2807 371 3881
f 2112 1051 2372
f 3544 688 2372
f 4576 2666 371
f 688 2666 539
f 539 2666 4576
f 3346 701 2948
f 3346 3283 701
f 701 3283 4449
f 4474 2388 2157
f 1276 2388 2931
f 4111 3370 3093
f 222 1050 2304
f 1296 2304 1050
f 1947 799 97
f 1947 97 61
f 2953 4453 669
f 2248 61 4153
f 2691 870 3301
f 459 713 3425
f 4027 3616 347
f 347 138 4027
f 2398 3021 1757
f 3021 4081 3239
f 3021 2398 4081
f 4081 789 3239
f 2500 1052 2656
f 2500 2656 4233
f 3018 1052 247
f 3018 247 2144
f 3592 2120 2144
f 800 3344 835
f 151 859 3592
f 2382 3131 859
f 4424 2382 3421
f 1681 1880 3725
f 2832 4133 4388
f 4388 771 2832
f 4388 4133 3339
f 1587 1753 40
f 3339 1051 4388
f 1051 3544 2372
f 1713 688 3544
f 688 1713 2666
f 2157 1927 4474
f 1927 10 4474
f 3094 3370 4111
f 2727 799 3370
f 4453 2359 2304
f 699 2953 3298
f 4153 4580 2248
f 152 263 2691
f 3836 1015 436
f 1015 347 3372
f 138 347 1015
f 1081 3616 378
f 1081 4353 3616
f 3616 2741 347
f 4353 2741 3616
f 1962 2322 3021
f 1962 3021 359
f 1757 3021 2322
f 3021 3239 359
f 4233 2398 1757
f 2322 4233 1757
f 442 3239 4567
f 4567 3239 789
f 4233 2322 2500
f 2500 619 1052
f 709 1448 4567
f 709 4567 789
f 800 2876 3344
f 151 3456 859
f 4488 2876 800
f 4488 3072 2876
f 3456 2382 859
f 3456 3421 2382
f 1880 3072 4488
f 1880 1681 3072
f 2832 4424 3421
f 40 248 1681
f 1753 3881 5
f 1753 5 40
f 3544 3339 4108
f 1713 3544 4108
f 3339 3544 1051
f 3346 10 3047
f 1927 3047 10
f 3283 1402 4111
f 2388 932 2157
f 2388 3033 932
f 2388 1276 3033
f 3094 4111 1293
f 3094 2727 3370
f 2992 61 97
f 3008 870 699
f 263 3991 2691
f 713 459 557
f 2057 3425 713
f 2057 1081 3425
f 1081 378 3425
f 4550 2480 359
f 359 974 4550
f 359 442 974
f 3239 442 359
f 615 2322 952
f 2322 615 2500
f 619 2500 615
f 1158 4024 4567
f 1448 1158 4567
f 247 1052 2681
f 1158 1448 3344
f 2876 1158 3344
f 2254 2144 247
f 2144 2254 3398
f 2144 2818 3592
f 2876 3072 2603
f 1681 1826 3072
f 248 1826 1681
f 4133 2832 1530
f 4133 1530 900
f 3339 4133 900
f 5 248 40
f 4108 3339 900
f 3881 2182 5
f 1713 4108 2803
f 1713 2803 2666
f 2666 2803 2182
f 2666 2182 371
f 371 2182 3881
f 1402 3283 3346
f 3346 3047 1402
f 1402 1293 4111
f 222 3033 1276
f 222 3280 3033
f 2304 3280 222
f 4554 4580 4153
f 3991 870 2691
f 4580 4554 557
f 152 1711 263
f 3836 1711 152
f 3836 436 1711
f 3372 353 1015
f 1962 359 2319
f 2319 359 2480
f 2322 4582 952
f 2322 1962 4582
f 3106 974 442
f 692 442 4567
f 619 615 2154
f 4567 4024 692
f 1158 67 4024
f 1052 619 1363
f 1363 2681 1052
f 67 1158 3352
f 2254 247 2681
f 2876 3352 1158
f 2603 3352 2876
f 1826 4511 3072
f 1530 2832 3421
f 2803 4108 2996
f 1361 1927 2157
f 2226 3280 2304
f 2304 2359 2226
f 2727 97 799
f 2953 4360 4453
f 2497 4360 2953
f 4153 61 2992
f 699 2497 2953
f 870 3991 1372
f 3152 557 4554
f 353 436 1015
f 2319 4582 1962
f 649 952 4582
f 442 692 3106
f 2154 615 952
f 4024 387 692
f 1363 619 2154
f 387 4024 67
f 31 2254 2681
f 626 3398 2254
f 2603 3968 3352
f 3398 2818 2144
f 3592 2818 151
f 4511 2603 3072
f 151 1852 3456
f 1530 3421 1852
f 1852 3421 3456
f 1530 1852 721
f 1530 721 900
f 248 4253 1826
f 248 5 4253
f 2996 4108 900
f 2803 855 814
f 814 198 2182
f 2182 198 5
f 2803 2996 855
f 2803 814 2182
f 4630 1402 3047
f 4630 3047 1552
f 1552 3047 1927
f 932 2370 2157
f 2370 1361 2157
f 1293 1402 599
f 3094 645 2727
f 4370 97 2727
f 870 1740 699
f 1372 1740 870
f 557 4232 2280
f 2280 713 557
f 2280 2057 713
f 1711 436 4291
f 353 4291 436
f 565 1081 2057
f 347 3416 3372
f 565 4353 1081
f 2741 3416 347
f 649 4582 582
f 582 4582 2319
f 582 2319 1425
f 1425 2319 2480
f 1425 2480 2606
f 2606 2480 4550
f 974 3111 4550
f 3106 3111 974
f 952 649 3225
f 952 3225 2426
f 2154 952 2426
f 692 4340 3106
f 387 4340 692
f 1363 2154 3607
f 2681 1363 3607
f 626 2493 3398
f 2493 3775 3398
f 3775 2818 3398
f 3775 151 2818
f 3775 1852 151
f 4596 2603 4511
f 4511 4273 4596
f 1826 4273 4511
f 1826 4253 4273
f 2826 721 277
f 2826 900 721
f 2996 900 2826
f 2996 2826 855
f 5 198 4253
f 814 855 1161
f 814 1161 198
f 1927 1361 1552
f 599 1402 4630
f 599 3094 1293
f 599 3051 3094
f 3033 3280 932
f 3051 645 3094
f 645 4370 2727
f 4453 4360 2359
f 4244 97 4370
f 3191 4244 4370
f 2992 97 4244
f 226 2992 4244
f 1740 2497 699
f 2992 226 4153
f 4232 557 3152
f 734 2057 2280
f 565 2057 734
f 4353 3313 2741
f 1425 2606 3670
f 3125 582 1425
f 2606 2331 3670
f 2606 4550 2331
f 3111 2331 4550
f 1440 3111 3106
f 3106 4340 1440
f 2154 186 3607
f 387 4448 4340
f 67 2505 387
f 3352 321 67
f 3968 321 3352
f 31 626 2254
f 3968 2603 4596
f 1852 3775 2493
f 4273 3864 4596
f 4414 721 1852
f 721 4414 277
f 4273 3550 3864
f 4253 3550 4273
f 1313 2826 277
f 198 1161 3550
f 4253 198 3550
f 855 2826 1313
f 855 1313 1161
f 3280 4394 932
f 41 4554 4153
f 41 72 4554
f 263 2362 3991
f 792 263 1711
f 3210 4353 565
f 2741 3313 3416
f 318 1425 865
f 3125 1425 318
f 1060 865 3670
f 865 1425 3670
f 582 2610 649
f 582 3125 2610
f 2570 3111 1440
f 1770 1440 4340
f 2426 186 2154
f 3607 186 2767
f 1862 2681 3607
f 1862 3607 2767
f 387 2505 4448
f 31 2681 1862
f 321 2505 67
f 398 321 3968
f 3968 1529 398
f 626 1639 2493
f 1529 3968 4596
f 2493 4414 1852
f 4414 961 277
f 1313 277 961
f 3550 2189 3864
f 1313 3936 1161
f 1552 1035 4630
f 1035 1552 1228
f 1228 1552 1361
f 932 4394 2370
f 3280 2214 4394
f 2226 2214 3280
f 2226 2359 1769
f 3478 4244 3191
f 3478 226 4244
f 41 4153 226
f 4554 72 3152
f 4232 734 2280
f 734 3545 664
f 734 664 565
f 664 3210 565
f 3313 4353 3210
f 2735 3125 430
f 430 3125 318
f 3670 1140 1060
f 1060 1140 3358
f 2331 1140 3670
f 2874 3358 1140
f 2610 3125 4365
f 649 2610 3225
f 2331 2874 1140
f 2331 2570 2874
f 3111 2570 2331
f 1676 2426 3225
f 1440 1770 2570
f 4340 4448 1770
f 2505 4562 4448
f 321 4562 2505
f 626 31 3873
f 626 3873 1639
f 2663 2493 1639
f 4596 3864 1529
f 961 4414 2663
f 2663 4414 2493
f 255 961 2663
f 3936 961 255
f 961 3936 1313
f 3550 3930 2189
f 1161 3936 3930
f 1161 3930 3550
f 1361 2370 1228
f 153 599 4630
f 2902 645 3051
f 3478 41 226
f 3478 2206 41
f 2206 72 41
f 2362 3107 3991
f 792 2362 263
f 4291 4463 1711
f 353 4020 4291
f 4020 353 606
f 606 353 3372
f 3416 3313 1219
f 644 3416 1219
f 644 3372 3416
f 1521 4393 3502
f 3768 1390 1792
f 3768 3502 4393
f 865 1792 1164
f 1792 1060 3768
f 430 318 1164
f 1164 318 865
f 1792 865 1060
f 3768 1060 3502
f 1060 3358 3502
f 3502 3358 1521
f 2735 430 2465
f 1521 1412 3360
f 1521 3358 1412
f 3125 2735 4365
f 3358 2874 1412
f 4365 3225 2610
f 2874 2228 1412
f 2570 2228 2874
f 2570 2975 2228
f 3510 186 1676
f 186 2426 1676
f 2975 1770 4007
f 2975 2570 1770
f 1770 4448 4007
f 1649 2767 186
f 3873 31 1862
f 3387 4562 321
f 321 398 3387
f 1529 3864 1974
f 1529 1974 398
f 4335 2663 1639
f 945 2189 3948
f 255 2663 4335
f 2189 945 3864
f 3930 3948 2189
f 3936 255 3948
f 3936 3948 3930
f 1819 153 4630
f 153 3051 599
f 275 2370 4394
f 2902 3051 346
f 2359 3034 1769
f 2359 4360 3034
f 1024 3478 3191
f 72 2206 3152
f 4463 792 1711
f 4232 3545 734
f 606 3372 644
f 3313 3210 4381
f 873 3768 4393
f 1390 3768 873
f 34 1164 454
f 454 1164 1390
f 3120 4393 1521
f 1164 1792 1390
f 1521 4188 3120
f 34 430 1164
f 3360 4188 1521
f 1412 2717 3360
f 1676 3225 4365
f 1412 2228 2717
f 3532 3510 1676
f 4007 581 2975
f 2228 2975 2717
f 2717 2975 581
f 2952 4448 4562
f 3482 2767 3036
f 3482 1862 2767
f 3873 1862 3482
f 4581 4562 3387
f 1639 3873 4220
f 3387 398 1974
f 1974 3864 3793
f 4335 3948 255
f 1035 1819 4630
f 275 1228 2370
f 2226 892 2214
f 876 4370 645
f 876 3191 4370
f 746 3191 876
f 2497 3034 4360
f 746 1024 3191
f 2497 2783 3034
f 3630 1024 746
f 1740 2783 2497
f 3991 3107 1372
f 3152 2206 1686
f 831 3545 4232
f 4020 4463 4291
f 3545 3803 664
f 664 4423 3210
f 4423 4381 3210
f 68 873 4393
f 454 1390 1726
f 1726 1390 873
f 3120 1804 4393
f 1008 2465 454
f 2465 34 454
f 4188 658 3120
f 2465 430 34
f 4365 2735 4261
f 350 1924 3360
f 4188 3360 1924
f 3360 2717 350
f 1676 4365 3532
f 1649 186 3510
f 1649 3510 2921
f 2952 4007 4448
f 4562 4581 2952
f 1592 4581 3387
f 2213 1639 4220
f 741 1974 3793
f 3387 1974 741
f 2658 1639 2213
f 2658 4335 1639
f 3864 945 3793
f 3948 4335 1490
f 3948 1490 945
f 4548 3051 153
f 4394 2214 275
f 876 645 2902
f 3630 2206 1024
f 2206 3478 1024
f 3152 4012 4232
f 664 3803 3694
f 4423 664 3694
f 65 3313 4381
f 644 1219 4415
f 3313 65 1219
f 3614 1726 4250
f 4250 1726 873
f 4250 873 68
f 823 68 1804
f 4393 1804 68
f 4575 1804 2704
f 2927 454 3614
f 3614 454 1726
f 3120 658 1804
f 2704 1804 658
f 2704 658 3529
f 2927 1008 454
f 3529 658 4188
f 2735 2465 1008
f 4261 3532 4365
f 2717 581 350
f 2952 2787 4007
f 4220 3873 3482
f 3387 741 1592
f 945 1490 4079
f 945 4079 3793
f 4335 2658 1490
f 1228 2026 1035
f 1819 1035 2026
f 3401 1228 275
f 4548 346 3051
f 892 2397 2214
f 2226 1769 892
f 876 4589 746
f 3781 3630 746
f 3630 3869 2206
f 2362 780 3107
f 3152 1686 4012
f 23 3803 3545
f 606 2652 4020
f 1969 2652 606
f 644 1969 606
f 1969 644 4415
f 4423 4101 4381
f 4250 68 1728
f 4575 68 823
f 4591 3614 4250
f 1804 4575 823
f 2927 3614 4591
f 2704 2188 4575
f 1008 2927 966
f 4188 3167 3529
f 4188 1924 3167
f 4261 2735 1008
f 2424 4261 1566
f 2424 3532 4261
f 1924 350 2886
f 3450 3510 3532
f 1393 1649 2921
f 1454 1393 2921
f 2767 1649 1393
f 2952 4581 2100
f 1896 2213 4220
f 2907 1896 1203
f 2213 1896 2907
f 3793 3491 741
f 4079 1202 3491
f 4079 3491 3793
f 2213 2907 2658
f 2907 1490 2658
f 1490 2907 1202
f 1490 1202 4079
f 1819 4548 153
f 2214 2397 275
f 1769 3192 892
f 3034 3192 1769
f 3630 2306 3869
f 2306 3630 3781
f 2350 2206 3869
f 2350 1686 2206
f 3664 4012 1686
f 3694 3803 2551
f 3694 3842 4423
f 4101 4423 3842
f 65 4381 4101
f 2800 4250 1728
f 1728 4575 3222
f 1728 68 4575
f 2188 3222 4575
f 2927 4591 2981
f 966 2927 2981
f 2704 4476 2188
f 3529 4476 2704
f 1008 966 1566
f 4261 1008 1566
f 1924 3388 3167
f 2424 3450 3532
f 2921 3510 3450
f 2787 581 4007
f 3036 2767 1393
f 2787 2952 2100
f 3036 1393 3204
f 1925 3482 3204
f 3204 3482 3036
f 614 3482 1925
f 1592 2100 4581
f 1896 4220 614
f 614 4220 3482
f 1202 999 3491
f 1203 1202 2907
f 346 4548 995
f 4589 876 2902
f 2397 892 3192
f 3781 746 4589
f 2783 4467 3034
f 3664 1686 2350
f 3999 2362 792
f 4463 3596 792
f 4020 3596 4463
f 23 3545 831
f 161 65 4101
f 1219 65 161
f 4101 3639 161
f 2800 1728 842
f 3222 842 1728
f 842 3222 3935
f 2463 4250 2800
f 3935 3222 3136
f 4250 2463 4591
f 3222 2188 3136
f 4242 3136 2188
f 2981 4591 2847
f 3568 2188 4476
f 2981 301 966
f 3568 3167 4468
f 4476 3167 3568
f 4476 3529 3167
f 1924 2886 3388
f 1157 2886 350
f 1157 350 581
f 2787 1157 581
f 3204 1393 1454
f 1925 3203 614
f 614 1203 1896
f 999 2854 3491
f 3491 2854 741
f 741 2854 303
f 741 303 1592
f 1202 1203 999
f 3894 2026 1228
f 546 1819 2026
f 3401 3894 1228
f 939 2902 346
f 939 4589 2902
f 275 4386 3401
f 275 2397 4386
f 2530 2306 3781
f 2306 2028 3869
f 2350 3869 2028
f 3596 3999 792
f 4012 831 4232
f 587 2551 3803
f 587 3803 23
f 1969 453 2652
f 2551 3842 3694
f 3842 80 4101
f 1219 161 1727
f 4415 1219 1727
f 4415 1727 1969
f 4601 2800 842
f 4601 2732 2463
f 4601 2463 2800
f 890 2463 2732
f 4591 2463 890
f 2847 1131 2981
f 2188 3568 4242
f 1131 301 2981
f 301 1566 966
f 3167 3388 4468
f 2886 1507 3388
f 1334 2424 1566
f 2424 1334 654
f 1157 544 2886
f 654 3450 2424
f 1454 2921 3450
f 1563 1157 2787
f 1454 3964 3204
f 2787 2100 1563
f 1203 614 3203
f 1505 1592 303
f 1505 2100 1592
f 999 1203 602
f 999 602 2854
f 546 4548 1819
f 546 2026 3894
f 546 995 4548
f 939 3781 4589
f 4467 3192 3034
f 1740 4467 2783
f 780 376 3107
f 4012 3664 2011
f 2011 23 831
f 2011 831 4012
f 3596 4020 2652
f 2375 3596 2652
f 453 2882 2652
f 453 1969 1727
f 4101 80 3639
f 161 3639 3402
f 842 3935 4057
f 4057 3935 1179
f 1179 3935 3136
f 2732 4601 2676
f 2748 4591 890
f 4591 2748 2847
f 779 4242 3568
f 2847 3513 1131
f 1131 2159 301
f 301 2159 85
f 85 1566 301
f 4468 3388 1507
f 85 1334 1566
f 2886 446 1507
f 654 1454 3450
f 4136 3204 3964
f 4136 1925 3204
f 2639 1563 2100
f 1861 1505 303
f 2100 1505 2639
f 2639 1505 1861
f 3203 4004 1203
f 1203 4004 602
f 3894 3401 250
f 463 346 995
f 463 939 346
f 4386 2397 4008
f 1740 376 4467
f 1372 376 1740
f 3107 376 1372
f 1684 2028 2306
f 1684 2306 2530
f 2460 2350 2028
f 2000 2350 2460
f 2000 3664 2350
f 3664 2000 571
f 3596 1738 3999
f 587 23 2011
f 4057 4601 842
f 4543 890 1386
f 1386 890 2732
f 3136 4390 1179
f 1199 2748 4543
f 4543 2748 890
f 4242 4390 3136
f 1199 3513 2748
f 2748 3513 2847
f 1131 3513 129
f 2159 1131 129
f 4468 1019 779
f 4468 779 3568
f 544 446 2886
f 1454 654 1334
f 1563 2476 1157
f 1563 1508 2476
f 1563 2639 1508
f 2671 1925 4136
f 1925 2671 3203
f 2854 602 3698
f 3698 1861 303
f 2854 3698 303
f 3401 4386 250
f 3192 4008 2397
f 3192 1333 4008
f 4467 1333 3192
f 571 131 3664
f 2011 3664 131
f 2882 2375 2652
f 2711 2882 453
f 453 1727 3289
f 1727 161 3402
f 3639 4545 3402
f 1127 4057 1211
f 2676 4057 1127
f 4057 1179 1211
f 2676 2323 1386
f 2676 4601 4057
f 1386 2732 2676
f 4390 2061 4338
f 4390 4338 1179
f 4390 2048 2061
f 4242 2048 4390
f 779 2048 4242
f 3513 1199 129
f 129 2235 2159
f 1019 4468 2075
f 4468 1507 2075
f 446 2093 1507
f 2476 544 1157
f 4004 2671 893
f 4004 3203 2671
f 602 4004 3698
f 3894 3179 546
f 3894 250 3179
f 1821 546 3179
f 463 3781 939
f 4008 445 4386
f 3781 656 2530
f 3781 463 656
f 2585 1684 2530
f 780 4587 376
f 1684 2460 2028
f 4174 587 2011
f 587 1058 2551
f 1727 3402 3289
f 80 322 3639
f 3639 322 4545
f 3987 1211 1162
f 1162 1211 1179
f 4338 1162 1179
f 1162 4338 32
f 4352 1127 3987
f 3987 1127 1211
f 4338 3549 32
f 329 32 3549
f 1127 4352 4625
f 2323 2676 4625
f 4625 2676 1127
f 4338 2061 3549
f 2323 2679 1386
f 4543 1386 2679
f 555 1199 4543
f 2048 3042 2061
f 129 1199 4114
f 779 1459 2048
f 1019 1459 779
f 2235 1959 2159
f 1507 3898 2075
f 1507 2093 3898
f 1959 85 2159
f 85 2231 1334
f 219 1454 1334
f 2476 3328 544
f 923 2671 4136
f 923 893 2671
f 1508 2639 4549
f 893 3698 4004
f 3698 2646 1861
f 3179 250 481
f 1821 995 546
f 445 250 4386
f 656 2585 2530
f 2362 3999 780
f 780 3999 679
f 1146 571 2000
f 2375 1738 3596
f 131 4174 2011
f 453 3289 2937
f 2551 1936 3842
f 1936 80 3842
f 322 2312 4545
f 2312 1550 4545
f 4545 1550 3402
f 4352 3987 19
f 19 3987 1162
f 3549 928 329
f 2323 4625 447
f 928 3549 2061
f 980 1199 555
f 2048 1459 3042
f 1199 980 4114
f 4114 2235 129
f 3847 1459 1019
f 2231 85 1959
f 1334 3091 219
f 493 1454 219
f 923 3964 493
f 493 3964 1454
f 1508 3328 2476
f 923 4136 3964
f 923 4409 893
f 4549 2639 1861
f 2646 4549 1861
f 3698 893 2829
f 3698 2829 2646
f 2290 463 995
f 1821 2290 995
f 445 481 250
f 4467 376 1333
f 253 1684 2585
f 3692 2000 2460
f 3999 1223 679
f 1738 1223 3999
f 1233 587 4174
f 1058 587 1233
f 453 2937 2711
f 3289 1332 2937
f 1332 3289 3402
f 3402 1550 3603
f 1332 3402 3603
f 80 1936 322
f 19 1162 32
f 2040 4352 19
f 32 329 2963
f 3805 4625 4352
f 3805 447 4625
f 2323 2565 2679
f 2323 447 2565
f 1704 928 2061
f 1255 555 4543
f 1255 4543 2679
f 3042 1704 2061
f 3042 202 1704
f 1459 202 3042
f 1459 3847 2320
f 2235 4114 2543
f 1019 2075 3847
f 2093 813 3898
f 3091 1334 2231
f 2521 544 3328
f 493 1420 923
f 923 1420 4409
f 4549 3328 1508
f 4549 4428 1136
f 2829 4409 1991
f 2829 1991 4428
f 893 4409 2829
f 2646 2829 4428
f 2646 4428 4549
f 613 1821 3179
f 481 613 3179
f 481 445 3187
f 1821 747 2290
f 1821 148 747
f 445 4008 2029
f 463 2290 656
f 253 2460 1684
f 3692 1146 2000
f 1738 2375 2881
f 2711 2375 2882
f 2006 1233 4174
f 1058 2232 2551
f 2232 1936 2551
f 2232 691 1936
f 322 1936 691
f 19 1287 2040
f 1287 19 32
f 1663 1287 32
f 1663 32 2963
f 3805 4352 3593
f 3593 4352 2049
f 2049 4352 2040
f 2051 2963 329
f 447 3805 2565
f 2679 2565 1255
f 3882 555 1255
f 555 3882 2383
f 2383 980 555
f 202 1459 2320
f 980 756 4114
f 756 2543 4114
f 2075 3949 3847
f 3898 3949 2075
f 3898 813 3949
f 609 1959 2235
f 609 2231 1959
f 446 544 2521
f 493 219 3091
f 1991 4409 1420
f 1991 4362 4428
f 4549 1136 3328
f 481 3187 613
f 148 1821 613
f 4008 1333 2029
f 253 3692 2460
f 2224 1233 2006
f 2937 1332 1300
f 691 684 322
f 684 2312 322
f 317 1550 2312
f 3647 1287 4015
f 1287 1663 4015
f 2346 4015 1663
f 2040 1287 3647
f 2346 1663 2963
f 3410 3805 3593
f 2576 2051 329
f 928 2576 329
f 1704 2773 928
f 202 2773 1704
f 3847 3949 2320
f 2235 2543 609
f 2093 4522 813
f 609 3091 2231
f 2093 446 2521
f 3328 1136 3623
f 3328 3623 2521
f 4362 1991 1420
f 4428 4362 3254
f 4428 3254 562
f 4428 562 1136
f 2029 3187 445
f 501 2290 747
f 2029 1333 1424
f 376 947 1333
f 4587 947 376
f 2585 4457 253
f 780 4217 4587
f 780 679 4217
f 1738 836 1223
f 2124 571 1146
f 1738 2881 836
f 4411 2224 2006
f 1300 2711 2937
f 2204 684 691
f 2312 684 317
f 2049 2080 1358
f 2080 2049 3689
f 2049 2040 3689
f 3689 2040 3647
f 3593 2049 1358
f 3410 1746 3805
f 2565 3805 1746
f 202 1062 2773
f 202 2320 1062
f 916 980 2383
f 2320 3949 1702
f 916 756 980
f 2954 1702 3949
f 1099 2543 756
f 2543 1797 609
f 976 3091 609
f 4522 2093 3967
f 2521 3967 2093
f 2521 3623 3967
f 4362 493 4318
f 4318 493 3091
f 4362 1420 493
f 1136 562 2749
f 1136 2749 3623
f 3196 747 148
f 148 613 3196
f 1424 4229 2029
f 501 656 2290
f 1333 947 1424
f 947 3602 1424
f 4587 3602 947
f 4217 3602 4587
f 679 4617 4217
f 2371 3692 253
f 1223 4617 679
f 4617 836 2839
f 1223 836 4617
f 2881 2839 836
f 571 2124 131
f 131 2124 2006
f 2375 47 2881
f 2006 4174 131
f 2711 47 2375
f 4411 4236 2224
f 3770 2232 1058
f 3770 1058 1233
f 2232 3770 3415
f 2232 3415 691
f 691 3415 2204
f 1550 4219 3603
f 4219 1550 317
f 3689 417 3858
f 417 57 4224
f 3689 3647 417
f 3647 4015 417
f 417 4015 57
f 57 4015 2346
f 2459 2346 2051
f 2051 2346 2963
f 2576 928 2773
f 1255 2565 1746
f 2320 1320 1062
f 3882 1444 2383
f 1099 756 916
f 2543 1099 1797
f 813 2954 3949
f 4318 3091 976
f 4182 3623 2749
f 3623 4182 3967
f 4318 3254 4362
f 562 3254 2560
f 3196 613 3187
f 501 747 3196
f 2029 1273 3187
f 2029 4229 1273
f 1424 266 4229
f 3602 266 1424
f 1659 2585 656
f 4100 266 3537
f 4185 4457 2585
f 3537 266 1354
f 3602 1354 266
f 3602 4217 1354
f 253 4457 1305
f 4617 1354 4217
f 241 1146 3692
f 241 2124 1146
f 2839 2881 1634
f 2881 47 1634
f 2124 4411 2006
f 1300 3340 2711
f 3624 3340 1300
f 4236 1233 2224
f 1332 3603 1300
f 588 684 2204
f 588 317 684
f 4219 317 2367
f 4219 2367 4127
f 3858 417 4224
f 2620 3858 3953
f 4224 57 124
f 124 57 4154
f 4154 57 2621
f 2620 3689 3858
f 1027 2080 3689
f 2080 1975 1358
f 3593 1358 1975
f 3410 3593 1975
f 3410 1975 1814
f 1746 3410 1814
f 3882 1255 1541
f 1541 1255 1746
f 3882 1660 1444
f 1702 1320 2320
f 2383 1444 916
f 1797 976 609
f 3161 4318 1116
f 562 1341 2749
f 3254 3161 2560
f 2560 1341 562
f 3161 3254 4318
f 3196 3187 1273
f 266 4100 4229
f 4185 2585 1659
f 2422 2371 253
f 2371 241 3692
f 4617 2839 1097
f 3300 2124 241
f 1838 4411 2124
f 1473 4411 1838
f 2711 3340 47
f 1473 4236 4411
f 4236 1473 4400
f 2285 1233 4236
f 2285 3770 1233
f 4646 3415 3770
f 4219 4127 2716
f 3311 317 588
f 3311 2367 317
f 1027 2620 3076
f 3076 2620 3953
f 2621 57 2346
f 1027 3689 2620
f 1975 2080 2554
f 2080 1027 2554
f 1612 2346 2459
f 2687 1814 1975
f 2051 362 2459
f 2051 2576 362
f 1814 1541 1746
f 1660 1541 2225
f 1062 229 2576
f 1062 2576 2773
f 1660 3882 1541
f 916 3966 1099
f 2954 813 3961
f 3583 1797 1099
f 1116 976 1797
f 3548 4522 4182
f 3967 4182 4522
f 4182 1341 3548
f 1116 4318 976
f 2560 3161 982
f 2560 982 1341
f 2749 1341 4182
f 3196 1181 501
f 1181 3196 1273
f 4229 4100 1273
f 319 656 501
f 1659 656 319
f 3537 4417 4100
f 4457 703 1305
f 703 4457 4185
f 1305 703 3396
f 4617 1097 1354
f 2422 253 1305
f 4438 241 2371
f 3300 1838 2124
f 1300 575 3624
f 4646 3770 2285
f 3603 575 1300
f 4219 2716 3603
f 3603 2716 575
f 2204 2161 588
f 2204 3415 2161
f 3858 4224 124
f 1698 3076 3953
f 4606 124 4154
f 426 1027 3076
f 689 4154 2621
f 2554 1027 426
f 2346 1612 2621
f 2252 1975 2554
f 2687 1975 2252
f 2225 1814 2687
f 2225 1541 1814
f 362 2576 229
f 4107 1660 2225
f 1062 1320 281
f 1976 1444 3920
f 916 1444 1976
f 916 1976 3966
f 1795 2548 1702
f 2954 1795 1702
f 4522 3961 813
f 2466 1797 3583
f 2466 1116 1797
f 1116 2466 1756
f 1341 982 1486
f 1341 1486 3548
f 3161 1116 1756
f 3161 1756 982
f 1181 319 501
f 4100 1181 1273
f 1775 319 1181
f 1775 1181 4502
f 1181 4100 4502
f 319 4185 1659
f 4417 4502 4100
f 1354 342 3537
f 3396 2422 1305
f 1097 342 1354
f 4438 1253 241
f 1253 3300 241
f 47 1460 1634
f 3340 1460 47
f 4400 2285 4236
f 3624 575 1607
f 2716 2365 575
f 2965 3145 2611
f 4621 1524 2611
f 1524 4606 2611
f 1698 3953 548
f 3953 1524 548
f 1524 124 4606
f 2611 4606 2965
f 1524 3953 124
f 4606 4154 2965
f 848 2965 689
f 689 2965 4154
f 3953 3858 124
f 3076 1698 2587
f 2855 426 3076
f 361 689 2621
f 361 2621 1612
f 426 4433 2554
f 4433 2252 2554
f 361 1612 4566
f 4566 1612 185
f 185 1612 2459
f 185 2459 4471
f 362 4471 2459
f 2225 2687 336
f 362 3944 4471
f 2225 1939 4107
f 362 229 3944
f 4107 1709 1660
f 281 229 1062
f 1660 1709 1444
f 281 1320 1573
f 3920 1444 1709
f 1320 1702 1573
f 1976 200 3966
f 3966 3583 1099
f 3961 1375 1795
f 3961 1795 2954
f 2628 1375 3961
f 4522 2628 3961
f 3548 2628 4522
f 2466 3583 42
f 1486 2628 3548
f 982 2466 42
f 1756 2466 982
f 982 42 1486
f 319 1951 4185
f 1951 319 1775
f 2317 4185 1951
f 4502 4417 2537
f 4417 564 2537
f 4417 3537 564
f 2052 342 1097
f 2839 1634 1460
f 3300 1473 1838
f 3340 3687 1460
f 3624 3687 3340
f 627 3687 3624
f 3624 1607 627
f 1564 3311 588
f 4621 3145 1903
f 4621 2611 3145
f 3145 2965 532
f 2965 848 532
f 4621 548 1524
f 1428 548 4621
f 2587 1698 548
f 689 1537 848
f 2855 3076 2587
f 689 361 1537
f 2225 336 2957
f 2225 2957 1939
f 281 3944 229
f 1573 1702 2548
f 200 1976 3920
f 1749 200 2291
f 1110 1749 2291
f 1749 3966 200
f 4045 1749 1110
f 1749 3583 3966
f 4045 1110 2344
f 2628 2344 1375
f 1375 2344 2363
f 3583 1749 4045
f 42 3583 4045
f 2628 4045 2344
f 1486 42 4045
f 1486 4045 2628
f 2317 703 4185
f 342 564 3537
f 3363 2371 2422
f 4438 2371 3363
f 2839 3611 1097
f 3611 2839 1460
f 2451 3300 1253
f 2169 39 1460
f 3687 2169 1460
f 4349 4400 1473
f 751 4646 2285
f 4646 3275 3415
f 4646 751 3275
f 3126 2716 4127
f 1564 588 1846
f 3126 4127 2367
f 1392 1903 3145
f 1903 2504 4621
f 4621 2504 1428
f 3145 532 3306
f 2587 548 1428
f 532 848 1537
f 4566 1537 361
f 1138 2252 4433
f 336 2252 1138
f 4471 529 185
f 185 529 638
f 2252 336 2687
f 3944 529 4471
f 1705 281 2165
f 1705 3944 281
f 1573 2165 281
f 1042 3920 1709
f 585 3920 1042
f 585 200 3920
f 2291 200 585
f 2291 585 1948
f 2622 2548 1795
f 1375 2363 2622
f 1375 2622 1795
f 592 1951 1775
f 1775 4502 592
f 3396 703 1661
f 4137 2422 3396
f 3363 2422 4137
f 2052 1097 437
f 437 1097 3611
f 1460 39 3611
f 2688 1473 3300
f 3275 2161 3415
f 2161 464 588
f 1846 588 464
f 556 3311 1564
f 556 2367 3311
f 1846 2177 1564
f 2367 556 2739
f 1903 1392 1279
f 3145 2929 1392
f 2929 3145 3306
f 2645 1428 2504
f 1439 3306 532
f 3668 1428 2822
f 2587 1428 3668
f 3668 2855 2587
f 426 2855 408
f 408 4433 426
f 4433 408 1138
f 4566 1730 1537
f 185 638 4566
f 4566 638 1730
f 529 1996 638
f 336 1174 2957
f 2207 529 3944
f 1705 2207 3944
f 2957 1547 1939
f 1547 4107 1939
f 4569 4107 1547
f 2165 2345 1705
f 4569 1042 1709
f 4569 1709 4107
f 1593 2165 1573
f 1573 1640 1593
f 1640 1573 2548
f 3427 1640 2548
f 2622 3809 3427
f 2548 2622 3427
f 1110 2291 1948
f 1110 1948 2958
f 1110 2958 2344
f 2344 2958 2363
f 2317 1951 592
f 3750 3341 2537
f 3341 4502 2537
f 564 3750 2537
f 703 2317 1661
f 564 3662 3750
f 564 342 3662
f 3069 3363 4137
f 3611 39 4113
f 2451 2688 3300
f 3687 4608 2169
f 627 4608 3687
f 4400 751 2285
f 1607 1484 627
f 2430 1484 1607
f 575 2430 1607
f 2430 575 2365
f 464 2161 3275
f 3126 2365 2716
f 2367 2739 3126
f 2504 1903 1279
f 2822 1428 2645
f 1439 4003 3306
f 3668 408 2855
f 532 1537 1439
f 1174 336 1138
f 2957 1174 857
f 2165 1593 2345
f 585 1042 4569
f 585 4569 2119
f 1640 1514 2908
f 1593 1640 2908
f 3427 1514 1640
f 2363 524 3809
f 2363 2958 524
f 2622 2363 3809
f 1661 2317 325
f 3341 592 4502
f 3341 3750 93
f 2052 3662 342
f 437 851 2052
f 3458 4438 3363
f 437 3611 4113
f 4608 4371 2169
f 354 4400 4349
f 4371 4608 2728
f 627 1484 4608
f 3275 751 933
f 4028 464 3275
f 2365 209 2430
f 3126 3017 2365
f 3533 1846 464
f 1564 71 556
f 1392 2929 2670
f 3808 2929 3306
f 3306 4003 3808
f 1439 1417 4003
f 1554 408 3668
f 1537 4296 1439
f 1730 4296 1537
f 415 1174 1138
f 638 2697 1730
f 638 1996 2697
f 529 2207 1996
f 3441 2207 1705
f 1593 2908 2345
f 1948 585 2119
f 1948 2119 919
f 3427 3809 1514
f 2958 1948 919
f 2958 919 524
f 592 3341 2317
f 325 2317 3341
f 2052 851 3662
f 437 4113 851
f 3069 3458 3363
f 39 2934 4113
f 232 1253 4438
f 554 2451 1253
f 2934 39 2169
f 2934 2169 4375
f 4375 2169 4371
f 2688 4349 1473
f 1484 2728 4608
f 1483 751 4400
f 933 4028 3275
f 2365 3017 209
f 464 3867 3533
f 556 71 790
f 790 2739 556
f 1564 2177 71
f 1392 2670 1118
f 1279 1392 1118
f 2929 903 2670
f 2645 2504 1176
f 2147 2645 1176
f 2147 2822 2645
f 2822 1978 3668
f 4296 1417 1439
f 1554 3668 1978
f 4296 1730 3178
f 2250 415 1138
f 415 2250 3031
f 3031 1174 415
f 3031 857 1174
f 1996 2207 4398
f 1547 2957 857
f 2345 2668 3441
f 1705 2345 3441
f 2345 2908 2668
f 2119 4569 4556
f 4556 4569 1547
f 1514 4585 2908
f 919 2119 236
f 919 236 1093
f 3809 1093 1514
f 524 919 1093
f 524 1093 3809
f 3341 93 325
f 93 3750 4029
f 4029 3750 3662
f 232 4438 3458
f 554 1253 232
f 1483 4400 354
f 4635 933 751
f 3169 933 4635
f 3169 4028 933
f 3867 464 4028
f 2739 3017 3126
f 790 1669 2739
f 3017 2739 1669
f 1846 3533 1090
f 2177 1846 1090
f 903 2699 2670
f 1118 3428 1279
f 262 2504 3428
f 2504 1279 3428
f 3808 2664 903
f 2929 3808 903
f 262 1176 2504
f 4003 1417 536
f 4003 536 3808
f 2822 2147 4552
f 2822 4552 1327
f 1327 1978 2822
f 743 1417 4296
f 1978 2250 1554
f 4296 1874 743
f 1874 4296 3178
f 1138 408 1554
f 1138 1554 2250
f 1730 2203 3178
f 2203 1730 2697
f 2110 857 3031
f 4556 1547 4252
f 4252 1547 857
f 2119 4556 315
f 2908 4585 2668
f 236 2119 315
f 1093 236 4168
f 1093 4168 1514
f 1514 4168 4585
f 1661 2905 3396
f 3396 3278 4137
f 3396 2905 3278
f 3662 851 3905
f 4419 3069 4137
f 4113 1935 851
f 921 2688 2451
f 488 1483 354
f 2430 2909 1484
f 1483 4635 751
f 3867 809 3533
f 2609 71 2177
f 1090 2609 2177
f 3243 2670 2699
f 3243 1118 2670
f 2147 1176 3392
f 3392 1176 262
f 3808 536 2664
f 1417 963 536
f 1417 743 963
f 3259 1151 1327
f 1151 1978 1327
f 1151 2250 1978
f 863 1874 3178
f 2203 863 3178
f 2342 3031 2250
f 1845 2110 3031
f 857 2110 4252
f 2207 3441 4398
f 236 315 4286
f 236 4286 4168
f 2964 2905 1661
f 325 2964 1661
f 4029 3662 2276
f 3905 2276 3662
f 4113 2934 1935
f 4375 3751 2934
f 1484 990 2728
f 4221 4635 1483
f 4221 3169 4635
f 4028 3035 3867
f 4028 3169 3035
f 3533 809 1090
f 3184 2609 1090
f 242 1118 3243
f 3150 3428 242
f 242 3428 1118
f 3082 903 2664
f 262 3428 3150
f 2664 1339 3082
f 2659 2147 3392
f 963 1339 2664
f 2659 4552 2147
f 963 467 1339
f 536 963 2664
f 1327 4552 1801
f 2697 2003 2203
f 2003 2697 1996
f 4398 3441 1883
f 315 4556 1523
f 1523 4556 4252
f 2668 1883 3441
f 3032 315 1523
f 4286 3032 1841
f 4286 1841 4553
f 4585 4286 4553
f 4585 4553 2668
f 315 3032 4286
f 4168 4286 4585
f 4029 325 93
f 4288 2276 3905
f 4288 3905 2980
f 3278 4419 4137
f 851 2980 3905
f 554 921 2451
f 4375 4371 2572
f 1295 354 4349
f 2728 2572 4371
f 1295 488 354
f 1484 2909 990
f 209 2909 2430
f 3560 3017 1669
f 3017 3560 209
f 3867 3035 809
f 809 3184 1090
f 1900 2699 903
f 903 3082 1900
f 262 3150 3392
f 1801 4552 2659
f 963 1435 467
f 743 1435 963
f 1801 1678 1327
f 2342 1845 3031
f 4398 2003 1996
f 416 2110 1845
f 1523 4252 416
f 416 4252 2110
f 1523 416 1911
f 3032 1523 1911
f 3032 1911 1841
f 2905 2964 4267
f 2934 2036 1935
f 2234 232 3458
f 3751 2036 2934
f 3751 4375 2572
f 209 4149 2909
f 3561 3035 3169
f 1105 209 3560
f 4149 209 1105
f 3561 809 3035
f 357 809 3561
f 1783 2609 3184
f 2609 1783 833
f 2609 833 71
f 1380 3243 2699
f 3932 2699 1900
f 1380 242 3243
f 212 3392 3150
f 149 1678 1801
f 1435 743 2348
f 1678 3259 1327
f 743 1874 2348
f 63 1151 3259
f 63 2250 1151
f 2203 2415 863
f 63 2342 2250
f 1845 2342 63
f 2415 2203 2003
f 416 1845 1840
f 2021 2003 4398
f 416 3253 1911
f 4398 1883 2021
f 1883 2418 2021
f 2668 4553 1883
f 1883 4553 1065
f 1496 2964 325
f 1496 4267 2964
f 1998 325 4029
f 1998 1496 325
f 1935 2980 851
f 3069 2234 3458
f 4349 2688 921
f 2728 849 2572
f 3169 3943 3561
f 357 3184 809
f 71 2613 790
f 71 833 1373
f 1380 33 242
f 3082 2917 1900
f 3150 242 33
f 1339 467 2123
f 2229 1801 2659
f 1801 2229 149
f 1874 863 2348
f 1678 2547 3259
f 2415 1048 863
f 485 1845 63
f 2021 1831 2003
f 3253 416 1840
f 2418 2725 2021
f 4553 1841 1065
f 2905 4479 3278
f 4405 2276 4288
f 4349 3680 1295
f 990 2909 1464
f 4149 1057 2909
f 790 2613 1669
f 357 2171 3184
f 71 1373 2613
f 2751 3299 4504
f 3732 33 1380
f 2789 1380 2699
f 2699 3932 2789
f 3150 33 3965
f 2917 1432 1900
f 212 2659 3392
f 3965 212 3150
f 1435 3683 467
f 2547 1678 149
f 2547 13 3259
f 3259 13 63
f 13 485 63
f 2003 1831 2415
f 2021 2725 1831
f 3253 1065 1911
f 1841 1911 1065
f 1883 1065 2418
f 1998 4029 2276
f 1274 2276 4405
f 2980 1935 3355
f 2036 3355 1935
f 3680 4349 921
f 990 849 2728
f 990 1464 849
f 488 1295 2897
f 3644 1483 488
f 2909 1057 1464
f 3644 4221 1483
f 3644 3169 4221
f 3644 3943 3169
f 3560 1669 1450
f 2613 1450 1669
f 2171 2778 3184
f 1783 3184 2778
f 4504 2176 2751
f 1380 2789 3732
f 1900 1432 3932
f 1339 2917 3082
f 1141 2229 212
f 212 3965 1141
f 2229 2659 212
f 149 3640 2547
f 2415 2802 1048
f 2802 2415 1831
f 4211 1845 485
f 1840 1845 4211
f 2418 1886 2725
f 1065 843 2418
f 1998 2276 1274
f 196 2234 3069
f 1882 554 232
f 2036 3751 4307
f 1882 921 554
f 2572 4307 3751
f 2572 849 2236
f 1510 1295 3680
f 1295 1510 2897
f 1495 3561 3943
f 1495 4129 3561
f 3560 1450 1105
f 357 3561 2171
f 3561 4129 2171
f 1783 2778 540
f 4504 2941 4115
f 2941 4504 2265
f 4115 1606 4504
f 3299 2265 4504
f 2265 3299 1878
f 1878 3299 3946
f 3946 3299 2751
f 946 3965 33
f 33 3732 946
f 1339 3332 2917
f 1791 3640 149
f 1435 584 3683
f 1435 2348 584
f 584 2348 333
f 863 333 2348
f 1048 333 863
f 3640 13 2547
f 1831 2531 1915
f 2531 2725 1886
f 1831 2725 2531
f 3253 1840 2475
f 843 2475 4489
f 843 4489 1886
f 3253 2475 1065
f 1065 2475 843
f 843 1886 2418
f 4479 2905 4267
f 2980 1981 4288
f 2980 3355 1981
f 232 2234 196
f 4307 3355 2036
f 2236 4307 2572
f 1464 2393 849
f 2897 3644 488
f 1105 1369 4149
f 1373 757 2613
f 833 1783 540
f 4115 2941 330
f 2794 2941 50
f 50 2941 2265
f 50 2265 1878
f 1606 1002 4504
f 1002 2176 4504
f 4583 946 3732
f 2229 1141 4626
f 1934 149 4626
f 149 2229 4626
f 13 4211 485
f 1831 1915 2802
f 1840 4211 2834
f 1840 2834 2475
f 4489 2475 2834
f 4094 2531 1886
f 4489 4094 1886
f 3677 1496 1998
f 4479 4267 1810
f 4288 1981 1990
f 4419 196 3069
f 675 1510 3680
f 3954 1464 1057
f 3644 1495 3943
f 1450 2766 1105
f 757 4584 2613
f 833 1281 1373
f 330 2941 2794
f 50 1878 4382
f 3790 1878 3946
f 2176 1002 4583
f 3200 3946 2751
f 3200 549 3946
f 2176 4583 3732
f 2176 3732 2789
f 2751 2176 2789
f 2751 2789 3932
f 2751 1432 3200
f 2751 3932 1432
f 3965 946 906
f 906 1141 3965
f 467 3683 2123
f 3640 2899 1802
f 1802 13 3640
f 2834 4211 1802
f 1802 4211 13
f 4287 1802 2032
f 2834 1802 4287
f 2531 3154 1915
f 2834 4287 4156
f 4156 3719 4094
f 4489 2834 4156
f 4489 4156 4094
f 1274 3677 1998
f 4405 4288 1990
f 3215 1882 232
f 232 196 3215
f 675 3680 921
f 4307 2236 4648
f 1464 2604 2393
f 1603 3644 2897
f 3954 2604 1464
f 1603 1495 3644
f 2923 1495 1603
f 2405 2171 4129
f 2613 414 1450
f 2613 4584 414
f 4447 2171 2405
f 4447 2778 2171
f 4447 3130 2778
f 1281 833 540
f 1281 757 1373
f 330 1316 897
f 1316 330 2794
f 50 758 2794
f 758 1316 2794
f 4382 112 50
f 3585 1606 4115
f 3790 3946 3969
f 549 3969 3946
f 3200 2292 549
f 1432 2292 3200
f 2917 2292 1432
f 1141 906 2233
f 1141 2233 1651
f 1651 4626 1141
f 1651 1934 4626
f 1339 4647 3332
f 1791 149 1934
f 584 333 461
f 4073 2802 1915
f 4073 1048 2802
f 2032 1802 2899
f 4287 3719 4156
f 4094 283 2531
f 4094 3719 283
f 2531 283 3154
f 632 4267 1496
f 3677 632 1496
f 3355 4307 3086
f 1882 675 921
f 2393 2236 849
f 1510 1603 2897
f 1057 4149 3954
f 414 2766 1450
f 4584 757 1604
f 1009 540 2778
f 1281 540 1009
f 757 1281 1604
f 330 1905 4115
f 112 758 50
f 3585 4115 1905
f 4382 1878 3790
f 2064 1606 3585
f 2064 1002 1606
f 1002 2064 4026
f 1002 4026 4583
f 4583 4026 946
f 3969 2223 3790
f 3969 549 2292
f 3332 2292 2917
f 4637 1934 1651
f 2899 3640 1791
f 333 4073 461
f 333 1048 4073
f 1915 3904 4073
f 2032 3719 4287
f 3154 283 3904
f 3154 3904 1915
f 632 1810 4267
f 4294 4479 1810
f 1274 4405 2305
f 4294 3278 4479
f 2305 4405 1990
f 4559 4419 3278
f 3355 3186 1981
f 4648 3086 4307
f 3369 675 1882
f 3336 2236 2393
f 2393 2604 3336
f 2766 1369 1105
f 2405 4129 2845
f 1997 1009 2778
f 1997 2778 3130
f 273 330 897
f 273 1905 330
f 1664 4382 3790
f 1889 2333 3969
f 2292 1889 3969
f 2292 3332 1889
f 4637 1407 1934
f 2123 4647 1339
f 1791 313 2899
f 4294 2066 3278
f 4559 3278 2066
f 2305 1990 4193
f 1990 1981 4193
f 4193 1981 1023
f 3186 1023 1981
f 3086 3186 3355
f 2236 1054 4648
f 3336 4317 2236
f 22 1603 1510
f 22 2923 1603
f 2151 3954 4149
f 1369 2151 4149
f 2845 4129 1495
f 471 414 4584
f 1604 471 4584
f 1009 1604 1281
f 2595 897 1316
f 767 906 4026
f 2064 767 4026
f 4026 906 946
f 2694 2123 3683
f 1407 1791 1934
f 313 1791 1407
f 584 461 3683
f 1216 461 4073
f 2899 313 4369
f 2032 2899 4369
f 283 3719 1217
f 283 1217 3904
f 3677 1274 2961
f 2961 1274 2305
f 4559 196 4419
f 1163 3215 199
f 1163 1882 3215
f 4648 3983 3086
f 4648 1054 3983
f 4317 4016 2236
f 2151 4611 3954
f 2405 2845 2297
f 2405 2297 4447
f 1604 1009 1997
f 1750 2595 1316
f 758 1750 1316
f 4382 1624 112
f 1624 4382 1664
f 2223 1664 3790
f 3969 3102 2223
f 2233 906 767
f 2333 3102 3969
f 1889 3779 2333
f 1651 2233 2185
f 4097 1407 4637
f 2032 4369 450
f 3719 2032 450
f 450 1217 3719
f 3677 2017 632
f 3677 2961 2017
f 4294 1810 864
f 864 1810 632
f 864 632 2017
f 3215 196 4559
f 3086 3983 3186
f 1163 3369 1882
f 2236 4016 1054
f 4317 476 4016
f 476 4317 3336
f 3788 3336 2604
f 3393 2923 22
f 414 471 2766
f 2297 4407 4447
f 4407 3130 4447
f 2846 1604 4348
f 1604 2846 3985
f 4407 1638 3130
f 3130 1638 1997
f 1604 1997 1786
f 1604 1786 4348
f 2595 412 897
f 273 897 412
f 273 3571 1905
f 1905 3571 3585
f 3412 112 1624
f 3585 767 2064
f 3585 1893 767
f 1893 2233 767
f 2233 1893 2185
f 4637 1651 2185
f 1889 3332 2904
f 313 1407 4097
f 75 313 4097
f 2123 2694 3798
f 3683 461 2694
f 313 4532 4369
f 4321 1216 4073
f 4369 4330 450
f 3904 1217 4321
f 4073 3904 4321
f 2066 4294 864
f 2066 3515 4559
f 4121 2961 2305
f 4193 4121 2305
f 4193 1023 4638
f 3667 1023 3186
f 1054 1973 3983
f 449 22 1510
f 476 3336 3788
f 3954 1475 2604
f 3954 4611 1475
f 4290 2845 1495
f 2420 2766 471
f 1369 2766 2420
f 3985 2420 471
f 1604 3985 471
f 4407 2297 795
f 2172 1997 1638
f 1786 1997 2172
f 1750 758 1278
f 1278 758 112
f 1278 112 3412
f 2333 3391 3102
f 3779 3442 2333
f 3779 1004 3442
f 1889 2904 3779
f 4097 4637 2185
f 3332 4647 2904
f 4532 313 75
f 1453 3798 2694
f 1453 2694 461
f 1216 1453 461
f 4369 4532 4330
f 450 4330 320
f 1217 2239 4321
f 320 1217 450
f 3515 2066 864
f 4638 4121 4193
f 3667 3186 1737
f 1500 3369 1163
f 1500 675 3369
f 449 1510 675
f 1912 2923 3393
f 2923 1912 1495
f 1912 4290 1495
f 1369 2939 2151
f 2151 2939 4611
f 4021 3718 2845
f 2845 3718 2297
f 3718 795 2297
f 2172 1638 913
f 1474 2595 1750
f 4346 1893 3585
f 3585 3710 4346
f 1664 2223 4047
f 1893 1773 2185
f 2904 1 3779
f 4647 4216 2904
f 2123 3798 4647
f 4647 3798 4216
f 4210 4532 75
f 1216 1578 1453
f 320 3856 2239
f 1217 320 2239
f 2017 2385 864
f 2133 1869 2961
f 1869 2017 2961
f 4121 2133 2961
f 3786 4121 4638
f 199 3215 326
f 1023 2804 4638
f 1023 3667 2804
f 1500 1163 199
f 3983 1737 3186
f 3983 1973 1737
f 4016 1932 1054
f 1475 3788 2604
f 2420 2939 1369
f 4021 2484 3718
f 2420 661 2939
f 3985 661 2420
f 1638 4407 795
f 795 913 1638
f 1474 412 2595
f 1624 1272 3412
f 1624 1664 1272
f 3102 4047 2223
f 3391 4047 3102
f 2333 3442 3391
f 3442 1469 3391
f 1773 1893 4346
f 1 3462 1004
f 1 1004 3779
f 1773 4097 2185
f 2674 1 2904
f 2904 4216 2674
f 3798 1453 2299
f 4330 4532 4210
f 4330 4210 320
f 2239 3856 1578
f 1216 2239 1578
f 4321 2239 1216
f 320 884 3856
f 2078 3515 864
f 4559 326 3215
f 3286 4121 3786
f 1500 1355 675
f 1455 3393 22
f 4021 2845 4290
f 3718 1735 795
f 2172 4607 1786
f 1786 4607 4348
f 1249 1474 1750
f 1278 2692 1750
f 273 4189 3571
f 3571 3710 3585
f 633 4346 3710
f 4346 1621 1773
f 1004 3462 1833
f 2840 4097 1773
f 2840 75 4097
f 2299 2674 4216
f 3798 2299 4216
f 3816 4210 75
f 4210 3816 2429
f 2429 884 4210
f 2299 1453 1017
f 1453 1578 1017
f 320 4210 884
f 1578 3856 1017
f 2017 1869 2385
f 2078 864 2385
f 3515 326 4559
f 3515 2078 326
f 2133 4121 3286
f 1932 1973 1054
f 1614 3393 1455
f 3788 1675 476
f 1912 1153 4290
f 2939 1585 4611
f 3718 2484 3606
f 3985 3690 661
f 3690 3985 2846
f 2105 913 795
f 3334 412 1474
f 2692 1249 1750
f 4189 273 412
f 3412 2692 1278
f 1664 299 1272
f 3505 1272 299
f 4281 4346 633
f 4047 299 1664
f 3391 1415 4047
f 1621 4346 4281
f 959 3771 3462
f 959 3462 1
f 959 1 2674
f 1773 738 2840
f 3816 75 2840
f 2840 738 3816
f 2674 2299 4246
f 78 884 2429
f 884 78 3678
f 3856 884 3678
f 3856 3678 1017
f 2133 3286 4049
f 326 1611 199
f 1208 1355 1500
f 449 675 1355
f 476 1586 4016
f 2602 1455 22
f 1675 1892 476
f 2479 1675 3788
f 1475 2479 3788
f 4611 1585 1475
f 2939 1021 1585
f 3606 1735 3718
f 2939 661 1021
f 661 3690 1021
f 4348 3466 2846
f 3466 3690 2846
f 3466 4348 4607
f 710 2172 913
f 2172 4056 4607
f 2172 710 4056
f 2692 2903 1249
f 2692 3412 4565
f 3710 3571 633
f 1272 4565 3412
f 4047 1415 299
f 1469 1415 3391
f 3442 141 1469
f 1004 1833 141
f 1004 141 3442
f 1000 1833 3462
f 738 1773 1621
f 2429 3816 738
f 2674 4246 959
f 4246 2299 1017
f 1545 1017 3678
f 2078 1898 326
f 1869 2133 4049
f 1611 1500 199
f 435 3316 1737
f 1737 1973 435
f 22 449 2602
f 4016 1586 1932
f 1153 4021 4290
f 3843 1475 1585
f 3101 1735 3606
f 4183 1021 3690
f 3101 2105 1735
f 1735 2105 795
f 3466 4183 3690
f 2544 913 2105
f 2544 710 913
f 4607 4056 3466
f 1501 1474 1249
f 1249 2903 1501
f 3942 4189 412
f 3571 4189 2612
f 2612 633 3571
f 3505 299 601
f 1714 4281 633
f 633 2121 1714
f 1621 4281 1714
f 1621 1714 3337
f 1415 1469 4629
f 1000 3462 3771
f 2429 738 3337
f 2429 3337 1632
f 78 2429 1632
f 1545 78 1055
f 1017 1545 4246
f 78 1545 3678
f 1869 3170 2385
f 2078 2385 3170
f 4041 1611 326
f 449 1355 2602
f 1892 1586 476
f 3393 2279 1912
f 2279 1153 1912
f 1475 3843 2479
f 3483 2484 3747
f 3483 3606 2484
f 3101 3606 3723
f 3101 3092 2105
f 3092 2544 2105
f 3466 4128 4183
f 1474 3669 3334
f 1244 3669 1474
f 1501 1244 1474
f 3334 3942 412
f 2793 2903 2692
f 2793 2692 4565
f 3337 738 1621
f 959 1545 3574
f 4246 1545 959
f 4049 3170 1869
f 1898 4041 326
f 3786 4638 292
f 1208 1500 1611
f 3316 3667 1737
f 1932 435 1973
f 1586 3485 1932
f 1455 2602 2986
f 1892 4042 1586
f 1165 1614 1455
f 1675 3916 1892
f 1614 2279 3393
f 3916 1675 2479
f 3747 2484 4021
f 854 3843 1585
f 1021 854 1585
f 3483 3723 3606
f 4183 683 1021
f 2544 3092 2240
f 1503 4056 710
f 323 4056 1503
f 4056 323 3466
f 323 4128 3466
f 3942 2971 4189
f 2612 4189 2971
f 2612 2121 633
f 299 672 601
f 1415 672 299
f 672 1415 4629
f 1469 2991 4629
f 3469 1469 141
f 1469 3469 2991
f 3337 1324 3100
f 1833 3469 141
f 1000 3469 1833
f 1632 3337 3100
f 3100 3589 2416
f 4144 3771 3574
f 3100 2416 1055
f 1545 2416 3574
f 959 3574 3771
f 1632 3100 78
f 3100 1055 78
f 1055 2416 1545
f 1898 2078 3170
f 4049 3286 569
f 1611 4041 3429
f 3286 3786 292
f 3316 1068 3667
f 2986 1355 1208
f 2986 2602 1355
f 3485 435 1932
f 4042 3485 1586
f 1643 1455 2986
f 3227 2279 1614
f 3843 1897 2479
f 2479 1897 3916
f 3747 4021 1153
f 2439 3723 3483
f 2439 2654 3723
f 3101 3723 2654
f 875 710 2544
f 938 3334 3669
f 2793 3641 2903
f 3641 2793 3900
f 3917 2793 4565
f 1272 812 4565
f 2121 3422 1714
f 3422 3337 1714
f 1324 3337 3422
f 3100 1324 1723
f 1723 3589 3100
f 3589 3574 2416
f 3574 1956 4144
f 1000 3771 4144
f 3170 4049 569
f 1898 2591 4041
f 3286 2752 569
f 2752 3286 3622
f 3286 292 3622
f 292 4638 951
f 951 4638 2804
f 3667 951 2804
f 1068 951 3667
f 2013 1643 2986
f 1892 143 4042
f 2866 3747 1153
f 846 1897 3843
f 846 3843 854
f 683 854 1021
f 2240 875 2544
f 2240 3326 875
f 710 875 1503
f 323 2175 4128
f 2838 2971 3942
f 3917 3900 2793
f 2612 2971 577
f 812 3917 4565
f 3455 1272 3505
f 1324 3422 3281
f 3469 1000 210
f 1029 3589 1723
f 1000 4144 514
f 880 1898 3170
f 880 3170 569
f 1611 3429 1208
f 292 951 274
f 1208 965 2986
f 2013 2986 965
f 4042 4568 3485
f 143 4568 4042
f 1643 1165 1455
f 3916 143 1892
f 2866 1153 2279
f 3916 1897 193
f 193 1897 136
f 846 136 1897
f 17 3483 3747
f 17 2439 3483
f 4183 2073 683
f 2654 3092 3101
f 4128 3591 4183
f 3092 511 2240
f 3326 2240 511
f 3448 1503 875
f 3448 323 1503
f 4158 3942 3334
f 3334 938 4158
f 968 3669 1244
f 1501 968 1244
f 3641 1501 2903
f 4158 2838 3942
f 2971 2838 577
f 1272 3455 812
f 577 1909 2612
f 3505 901 3455
f 2612 1909 2121
f 601 901 3505
f 1723 1324 3281
f 3469 210 3114
f 1029 3574 3589
f 514 4144 1956
f 2591 1898 2072
f 2072 1898 880
f 274 3622 292
f 2999 1208 3429
f 274 951 169
f 1068 169 951
f 1068 668 169
f 2999 965 1208
f 3316 668 1068
f 3316 1625 668
f 435 1625 3316
f 3485 139 435
f 2866 2279 3227
f 3916 670 143
f 193 670 3916
f 4230 136 846
f 854 4230 846
f 683 4078 854
f 282 4078 683
f 4268 2654 2439
f 4183 3591 2073
f 511 3092 2654
f 938 1875 4158
f 812 3146 3917
f 3146 3900 3917
f 1909 3422 2121
f 672 901 601
f 1608 672 4629
f 3114 2991 3469
f 3574 1029 1956
f 2023 4041 2591
f 2023 3429 4041
f 2999 3429 4594
f 395 965 2999
f 965 395 2013
f 1625 435 139
f 3485 4568 139
f 4060 3227 1165
f 3227 1614 1165
f 4087 2866 3227
f 17 3747 2866
f 2763 17 1600
f 2763 2439 17
f 4078 4230 854
f 2073 282 683
f 3591 365 2073
f 3484 875 3326
f 3484 3448 875
f 2875 938 3669
f 968 2875 3669
f 943 577 2838
f 672 1608 901
f 901 1608 1765
f 1909 1645 3422
f 3281 3422 1645
f 1078 1608 4629
f 3413 1723 3281
f 4629 2991 1078
f 786 1029 1723
f 210 1000 514
f 2752 880 569
f 3956 880 2752
f 2974 2023 2591
f 2072 2974 2591
f 2181 2999 4594
f 3071 395 2999
f 143 2241 4568
f 3216 2439 2763
f 282 2559 4078
f 2073 2559 282
f 365 2559 2073
f 3326 511 917
f 3322 365 3591
f 4527 3591 4128
f 3591 4527 3322
f 2175 4527 4128
f 4443 4158 1875
f 1875 938 2875
f 3712 1501 3641
f 3712 968 1501
f 4158 4443 2838
f 3455 3528 812
f 1078 2991 3135
f 786 1723 3413
f 2991 3114 3135
f 3114 210 2301
f 786 1382 1029
f 210 514 2301
f 3622 3956 2752
f 2181 3071 2999
f 312 2013 395
f 1643 2013 312
f 4060 1165 1643
f 4060 4087 3227
f 1600 2866 4087
f 1600 17 2866
f 136 4408 193
f 3759 4230 4078
f 3759 136 4230
f 4078 2559 3759
f 2439 3216 4268
f 4303 2654 4268
f 4303 511 2654
f 3746 511 4303
f 511 3746 917
f 2175 323 3448
f 4135 3712 3641
f 3900 4135 3641
f 4135 3900 3146
f 943 2838 4443
f 3146 812 1885
f 812 3528 1885
f 3455 4534 3528
f 2879 577 943
f 2879 1909 577
f 901 1765 2915
f 1078 3135 6
f 3114 2301 462
f 1029 2117 1956
f 1956 2117 514
f 880 2640 2072
f 2640 880 3956
f 2023 4594 3429
f 2023 205 4594
f 4594 205 2181
f 139 3714 1625
f 395 3071 312
f 4570 4060 1643
f 143 4066 2241
f 670 4066 143
f 4408 670 193
f 136 3759 4408
f 3326 917 3452
f 3326 4191 3484
f 3326 3452 4191
f 368 943 4443
f 943 368 2879
f 3455 901 4534
f 2915 4534 901
f 1765 1028 2915
f 1765 1608 1078
f 1029 3055 2117
f 1382 3055 1029
f 2117 1712 514
f 3055 1712 2117
f 2301 514 1712
f 2974 3199 2023
f 2023 3199 205
f 2181 205 1471
f 1210 3071 2181
f 3714 668 1625
f 1643 312 4570
f 4568 1190 139
f 670 2710 4066
f 468 4303 4268
f 365 2118 2559
f 917 3746 3242
f 3452 917 3242
f 3322 4527 289
f 4191 3448 3484
f 289 4527 2175
f 3448 4191 191
f 3448 191 2175
f 2175 3329 289
f 3875 2875 968
f 659 1875 2875
f 3875 968 3712
f 3875 3712 3891
f 4135 3891 3712
f 2879 1645 1909
f 2173 1645 2879
f 1644 3413 3281
f 1644 4177 786
f 3413 1644 786
f 4177 1382 786
f 2072 2640 772
f 2072 772 2974
f 3956 3622 3440
f 274 3440 3622
f 2672 274 169
f 1471 1210 2181
f 169 668 3433
f 668 3714 3433
f 4309 4060 4570
f 456 4087 4060
f 456 1600 4087
f 456 2763 1600
f 4408 2488 670
f 768 3216 2763
f 4408 3759 420
f 3216 468 4268
f 2890 420 3759
f 2559 2890 3759
f 2559 2118 2890
f 191 3329 2175
f 289 3329 477
f 4443 1875 3304
f 659 3304 1875
f 590 4135 3146
f 1645 2173 3001
f 3001 3281 1645
f 1644 3281 3001
f 3135 871 6
f 462 3135 3114
f 3055 1382 3292
f 2640 3956 772
f 3433 2672 169
f 3232 2763 456
f 2488 2710 670
f 4408 3988 2488
f 1148 3242 3746
f 3322 3211 365
f 2647 3452 3242
f 4191 3452 1213
f 3452 2647 1213
f 4191 2558 191
f 659 2875 637
f 590 3891 4135
f 590 3146 1885
f 2879 368 1122
f 1765 1078 6
f 3292 1488 3055
f 3055 1488 1712
f 3956 3440 772
f 1034 2974 772
f 274 2672 3440
f 2288 312 3071
f 1872 4309 4570
f 4570 312 1872
f 2241 1190 4568
f 4309 456 4060
f 3232 768 2763
f 768 3232 3773
f 2890 4310 420
f 2118 4310 2890
f 365 3211 2118
f 289 1799 3322
f 1213 2558 4191
f 305 2879 1122
f 561 4534 2915
f 2173 2879 305
f 1765 762 1028
f 987 1644 3001
f 4177 1644 987
f 1734 3071 1210
f 3433 3714 3797
f 139 270 3714
f 139 1190 270
f 2288 1872 312
f 2241 2562 1190
f 3988 1637 2488
f 420 3988 4408
f 3753 3988 420
f 3216 768 3773
f 3773 468 3216
f 29 4303 468
f 4303 1148 3746
f 2118 3211 640
f 3242 752 2647
f 1799 3211 3322
f 2760 191 2558
f 4 3875 3891
f 368 4443 237
f 4534 561 4165
f 4534 4165 3528
f 2173 305 987
f 2915 1028 561
f 2173 987 3001
f 6 762 1765
f 3906 1382 4177
f 1382 3906 3292
f 3135 462 2552
f 1488 2153 1712
f 1712 2153 2301
f 462 2301 2552
f 1957 772 3440
f 2974 1034 3199
f 3394 205 3199
f 3394 1471 205
f 1568 1471 3394
f 1471 4373 1210
f 1568 4373 1471
f 4373 655 1210
f 655 1734 1210
f 1734 2288 3071
f 1190 2562 1348
f 4066 2562 2241
f 2710 1304 4066
f 418 456 4309
f 456 418 3232
f 1637 2710 2488
f 2131 1637 3988
f 3753 2131 3988
f 420 4310 3753
f 29 1148 4303
f 3242 12 752
f 477 1799 289
f 2760 3329 191
f 2558 1220 2760
f 4083 2875 3875
f 4083 3875 4
f 3304 1080 4443
f 237 4443 1080
f 3528 4165 1885
f 1043 762 6
f 1043 6 871
f 1809 3906 4177
f 772 711 1034
f 772 1957 711
f 1744 1957 3440
f 3199 1034 3394
f 2672 1744 3440
f 3797 3714 270
f 4336 4309 1872
f 4336 418 4309
f 418 3407 3232
f 2118 3124 4310
f 640 3124 2118
f 12 3242 1148
f 752 2527 2647
f 1213 2647 2527
f 2558 1213 2527
f 2527 989 2558
f 989 1220 2558
f 590 1061 3891
f 1061 590 2506
f 2506 590 2968
f 2968 590 1885
f 1885 4165 2968
f 762 3044 1028
f 4177 987 1809
f 871 73 1043
f 871 1497 73
f 2552 1497 3135
f 871 3135 1497
f 2552 2301 2153
f 711 2600 1034
f 711 1957 2600
f 1568 3394 1034
f 1734 655 499
f 3407 3773 3232
f 1637 3730 2710
f 468 3773 2861
f 1074 3753 4310
f 2861 29 468
f 3124 1074 4310
f 1128 1148 29
f 1128 12 1148
f 1799 682 3211
f 682 1799 3143
f 477 3143 1799
f 2760 2556 3329
f 2556 477 3329
f 477 2556 3143
f 3736 2875 4083
f 1061 4 3891
f 659 637 26
f 2506 4422 1061
f 1122 368 237
f 1028 3044 561
f 1966 3292 3906
f 1966 1488 3292
f 4426 1744 2672
f 2288 4336 1872
f 4066 1304 2562
f 3753 3540 2131
f 2861 3773 2949
f 1074 3540 3753
f 3116 29 2861
f 640 1960 3124
f 616 752 12
f 2760 4342 2556
f 2648 2760 1220
f 2648 4342 2760
f 3736 637 2875
f 2982 3736 4083
f 2982 4083 4
f 4422 4 1061
f 26 3304 659
f 26 3918 3304
f 1080 3304 3918
f 1184 2968 4165
f 561 1184 4165
f 1692 1184 561
f 3044 1692 561
f 1187 1809 987
f 762 4402 3044
f 1043 4402 762
f 2153 1488 293
f 2940 2552 2153
f 2940 4542 2552
f 2552 4542 1497
f 1966 293 1488
f 2316 1034 2600
f 2316 1568 1034
f 3433 2139 2672
f 1348 270 1190
f 3517 4336 2288
f 1734 3517 2288
f 2335 418 4336
f 3407 418 2335
f 1637 4305 3730
f 2131 4305 1637
f 3540 4305 2131
f 3124 1960 1074
f 29 3116 1128
f 640 3211 3382
f 682 3382 3211
f 528 2982 4
f 4422 528 4
f 495 26 637
f 3736 495 637
f 1184 175 2968
f 1692 3247 1184
f 3915 987 305
f 1187 987 3915
f 135 3247 1692
f 1044 3906 1809
f 1044 3385 3906
f 3385 1966 3906
f 1966 3506 293
f 293 2940 2153
f 73 1497 4542
f 1957 1077 2600
f 1077 1957 1744
f 1077 1744 1330
f 4426 1330 1744
f 3433 3797 2139
f 655 4373 3074
f 4336 1654 2335
f 3885 3773 3407
f 12 1128 616
f 3382 1014 640
f 1220 1602 2648
f 4082 3736 2982
f 3367 237 1080
f 175 2506 2968
f 3109 1122 237
f 3109 305 1122
f 3109 3915 305
f 3044 1701 1692
f 1187 1044 1809
f 2056 1966 3385
f 3506 1966 2056
f 1696 2600 1077
f 1696 2316 2600
f 2672 2139 4426
f 2139 3797 1512
f 1734 499 3517
f 1654 4336 3517
f 2710 2707 1304
f 3056 3116 2861
f 1074 1960 304
f 1960 3409 304
f 640 3409 1960
f 640 1014 3409
f 2792 616 1128
f 2527 752 1671
f 1671 989 2527
f 682 3143 3831
f 1220 989 955
f 1220 955 1602
f 1695 4342 2648
f 1695 2648 1602
f 4342 1695 3531
f 4082 495 3736
f 175 3379 2506
f 3109 237 3367
f 1184 4198 175
f 3247 4198 1184
f 1692 1701 135
f 1701 3044 4402
f 2139 1512 4426
f 3797 270 1512
f 499 655 3074
f 1348 681 270
f 788 681 1348
f 2710 3730 2707
f 2335 3885 3407
f 2949 3773 3885
f 1074 304 3540
f 3540 304 2095
f 1128 3116 2216
f 2216 2792 1128
f 1671 752 616
f 1671 616 975
f 2556 3831 3143
f 3531 2556 4342
f 2556 3531 3831
f 4422 1419 528
f 3918 227 1080
f 1419 4422 2506
f 1419 2506 3379
f 1080 227 1670
f 1080 1670 3367
f 1696 1077 1330
f 1789 1568 2316
f 1512 270 1182
f 1348 2562 788
f 788 2562 1304
f 1970 3517 499
f 3730 88 2707
f 3056 2861 2949
f 3540 526 4305
f 2095 526 3540
f 3056 2216 3116
f 682 132 3382
f 132 4214 3382
f 4214 1014 3382
f 3831 132 682
f 1671 3024 989
f 3531 1695 618
f 528 4082 2982
f 2930 26 495
f 2930 3918 26
f 3247 2487 4198
f 2445 3915 3109
f 3915 2445 1187
f 135 1221 3247
f 3099 135 1701
f 1221 135 3099
f 1044 2056 3385
f 1170 3506 2056
f 1197 1330 4426
f 1512 1197 4426
f 2329 1789 2316
f 1789 4373 1568
f 1789 3074 4373
f 1182 270 1972
f 681 1972 270
f 2335 1654 3778
f 3885 2555 2949
f 4305 526 3846
f 4636 304 3409
f 2605 2792 2216
f 2792 3495 616
f 975 616 3495
f 3831 3408 132
f 3531 3408 3831
f 989 3024 955
f 3024 1834 955
f 1602 955 2843
f 1602 2843 1695
f 1695 2843 618
f 3951 2930 495
f 1458 495 4082
f 2111 4082 528
f 3918 2930 227
f 1907 3379 175
f 4198 1907 175
f 3367 2445 3109
f 1044 1187 2445
f 576 2056 1044
f 576 1170 2056
f 3785 1701 4402
f 2483 1701 3785
f 3785 4402 1043
f 4542 1493 73
f 73 1493 1043
f 935 1696 1330
f 1696 2329 2316
f 935 1330 1197
f 2106 499 3074
f 1970 499 2106
f 3778 3885 2335
f 3846 526 2513
f 3056 2949 3498
f 2216 3056 1033
f 1014 4636 3409
f 1641 2605 2216
f 975 3813 1671
f 3024 1671 3813
f 2843 955 2599
f 2930 3951 954
f 1458 3951 495
f 1419 2111 528
f 4198 2487 1907
f 2445 3367 1670
f 1670 2001 2445
f 1221 888 3247
f 1044 2445 576
f 2533 1493 4542
f 3506 2944 293
f 293 2944 2940
f 4542 2940 2533
f 935 2329 1696
f 3815 1512 1182
f 1197 1512 3815
f 1315 1654 3517
f 1315 3778 1654
f 2555 3885 3778
f 4305 3846 3730
f 2513 231 3846
f 1206 2949 2555
f 3498 2949 1206
f 526 1046 2513
f 526 2095 1046
f 1033 3056 3498
f 1641 2216 1033
f 2605 1641 4257
f 2605 3495 2792
f 132 4241 4214
f 975 3495 3189
f 227 2930 954
f 1419 3379 1986
f 1986 3379 1907
f 1986 1907 3766
f 1907 2487 3766
f 2483 3099 1701
f 576 2858 1170
f 1493 3785 1043
f 1170 856 3506
f 2944 3506 856
f 935 1197 3105
f 1197 3815 3105
f 2329 3728 1789
f 3728 3074 1789
f 4118 2106 3074
f 788 4403 681
f 788 1304 4403
f 1970 1315 3517
f 1088 3778 1315
f 304 2844 2095
f 4636 2844 304
f 2583 4636 1014
f 2583 2844 4636
f 4214 2583 1014
f 4214 2471 2583
f 4241 2471 4214
f 3813 975 3189
f 3024 1517 1834
f 1517 955 1834
f 2599 955 1517
f 618 2843 2209
f 1125 1458 4082
f 431 4082 2111
f 431 1125 4082
f 954 3924 227
f 1670 227 3924
f 2001 1670 3924
f 3247 888 2487
f 2634 2445 2001
f 2858 244 1170
f 1343 2533 2940
f 2944 1343 2940
f 3356 2329 935
f 385 3356 935
f 3356 3728 2329
f 3815 1182 2065
f 2106 2925 1970
f 2707 4403 1304
f 88 4403 2707
f 3846 4289 3730
f 2095 1335 1046
f 2844 1335 2095
f 2583 1307 2844
f 1555 3495 2605
f 132 1022 4241
f 2582 132 3408
f 1022 132 2582
f 2209 3229 618
f 618 3229 3531
f 2843 2599 2209
f 1986 2111 1419
f 888 240 2487
f 2858 576 2634
f 2634 576 2445
f 856 1170 244
f 385 935 3105
f 4118 3074 3728
f 3728 3356 4118
f 1182 1972 2065
f 1972 681 1931
f 4403 1931 681
f 2925 1315 1970
f 2925 1088 1315
f 88 2824 4403
f 3730 4289 88
f 2097 3498 1206
f 3507 1033 3498
f 1307 1335 2844
f 3531 3318 3408
f 3318 2582 3408
f 3229 3318 3531
f 1125 3951 1458
f 1938 3924 954
f 1377 3924 1371
f 1377 2001 3924
f 1377 2608 2001
f 1221 3675 888
f 3785 3097 2483
f 2483 3097 570
f 1343 3989 2533
f 3105 4092 385
f 3105 3815 636
f 3815 2065 636
f 636 2065 2143
f 1972 2143 2065
f 1931 2143 1972
f 1931 1073 2143
f 2824 1931 4403
f 1480 2555 3778
f 231 235 3846
f 3507 3498 2097
f 646 1641 1033
f 646 4257 1641
f 4257 1555 2605
f 2471 1307 2583
f 1022 2471 4241
f 3495 2786 3189
f 3813 2738 3024
f 1517 3024 2738
f 334 2599 1517
f 1125 2661 3951
f 2111 1067 431
f 954 3951 2661
f 1938 1371 3924
f 2487 4642 3766
f 2487 240 4642
f 2608 2634 2001
f 3099 2483 1221
f 2634 2608 2858
f 1489 244 2858
f 3785 1493 3097
f 1493 1867 3097
f 2944 2650 1343
f 2650 3989 1343
f 2533 1867 1493
f 3989 1867 2533
f 385 3295 3356
f 4092 3295 385
f 3105 636 4092
f 4118 3356 1559
f 4118 3699 2106
f 2925 2106 3699
f 4289 2824 88
f 3846 235 4289
f 400 1206 2555
f 2097 1206 400
f 1335 3696 1046
f 1307 4445 1335
f 2811 4257 646
f 2471 534 1307
f 1555 2786 3495
f 1517 3077 334
f 334 2209 2599
f 1986 1067 2111
f 1938 954 2661
f 3067 1377 1371
f 515 1986 3766
f 2608 1377 3067
f 888 3675 240
f 2858 2608 74
f 1489 2858 74
f 2578 856 244
f 2578 2944 856
f 2944 2578 2650
f 636 3213 4092
f 3295 1559 3356
f 2753 3213 636
f 2143 2753 636
f 1558 2753 2143
f 3699 4118 2492
f 977 1558 2143
f 1073 977 2143
f 2824 1073 1931
f 1088 1480 3778
f 2555 1480 400
f 2513 1470 231
f 1046 1470 2513
f 3507 2097 766
f 534 4445 1307
f 1022 2134 2471
f 2134 534 2471
f 3077 1517 2738
f 2209 3219 3229
f 334 1811 2209
f 2209 1811 3219
f 334 3077 1811
f 1539 1125 431
f 1067 1986 515
f 3766 4642 515
f 74 2608 3067
f 3675 3832 240
f 1221 2483 3675
f 3496 3295 4092
f 1063 3496 4092
f 1063 4092 3213
f 1559 2492 4118
f 977 1073 596
f 1516 1088 2925
f 4289 235 2824
f 404 1480 1088
f 455 3696 1335
f 2284 1033 3507
f 4445 455 1335
f 646 1033 2284
f 2485 2134 1022
f 2582 2485 1022
f 2786 3558 3189
f 3189 3558 3813
f 3219 1899 3229
f 1899 3318 3229
f 1294 1125 1539
f 431 1067 1539
f 1938 2661 3870
f 723 1371 1938
f 723 3067 1371
f 3675 2483 4263
f 1489 4410 244
f 4410 2578 244
f 3213 886 1063
f 440 1063 886
f 4017 1559 3295
f 1559 667 2492
f 977 2062 1558
f 1516 2925 3699
f 1516 404 1088
f 1073 2824 596
f 206 2097 400
f 2284 3507 766
f 3938 646 2284
f 1860 4445 534
f 2392 4257 2811
f 2392 1555 4257
f 533 2485 2582
f 2738 3813 4500
f 3813 3558 4500
f 533 2582 3318
f 4500 2499 2738
f 1125 1294 2661
f 2222 3067 723
f 2222 74 3067
f 240 3832 4642
f 1525 74 2222
f 4263 3832 3675
f 570 4263 2483
f 1525 1489 74
f 1525 4410 1489
f 4639 2578 4410
f 3989 1527 1867
f 3097 1867 1527
f 3295 3496 4017
f 440 3496 1063
f 4017 667 1559
f 3213 1218 886
f 2753 1218 3213
f 2062 1218 1558
f 1218 2753 1558
f 2062 977 749
f 596 749 977
f 2824 235 1456
f 404 1076 1480
f 1076 400 1480
f 1076 206 400
f 3696 1470 1046
f 2811 646 3938
f 759 1555 2392
f 759 2786 1555
f 808 2786 759
f 808 1349 2786
f 2786 1349 3558
f 3558 2114 4500
f 2499 4500 2114
f 1899 533 3318
f 3077 2738 2499
f 1294 3870 2661
f 55 1938 3870
f 55 723 1938
f 723 3780 2222
f 4639 2650 2578
f 1662 4017 3496
f 2492 1827 3699
f 1827 1516 3699
f 1456 596 2824
f 2148 2097 206
f 2148 766 2097
f 455 3552 3696
f 1860 2337 4445
f 2485 4033 2134
f 373 2485 533
f 2499 1481 3077
f 1481 1811 3077
f 1481 4432 1811
f 55 3780 723
f 4642 3088 515
f 3832 3088 4642
f 4410 2680 4639
f 3165 2650 4639
f 3165 3989 2650
f 3989 3165 1527
f 3097 1527 570
f 3496 440 1662
f 886 1387 440
f 1218 1387 886
f 3397 1827 2492
f 3397 2492 667
f 1574 2062 749
f 749 596 2402
f 1456 2402 596
f 235 4143 1456
f 231 4143 235
f 455 2337 3552
f 4445 2337 455
f 3938 2392 2811
f 3757 759 2392
f 2134 4033 534
f 808 759 3757
f 2387 4033 2485
f 1349 817 3558
f 2114 3558 817
f 373 2387 2485
f 4459 55 3870
f 4263 3527 3832
f 2222 3780 1525
f 1525 3780 2680
f 570 3872 4263
f 570 1527 3872
f 1768 1662 440
f 1768 440 1387
f 4508 667 4017
f 1662 4508 4017
f 1561 1387 1218
f 4508 3397 667
f 2062 1561 1218
f 2969 1516 1827
f 1574 776 2062
f 1870 404 1516
f 2969 1870 1516
f 749 3140 1574
f 749 2402 3140
f 3696 1072 1470
f 3696 3552 1072
f 766 3160 2284
f 2091 3938 2284
f 2392 3938 2091
f 1860 534 4033
f 881 2114 817
f 1658 1811 4432
f 3219 1811 1658
f 4459 3870 2361
f 2361 3870 1294
f 515 1539 1067
f 3088 3832 3527
f 3872 2441 4263
f 2680 4410 1525
f 1662 1768 4508
f 776 1561 2062
f 1076 404 1870
f 1456 4616 2402
f 1456 4143 4616
f 1918 2148 206
f 231 1470 4143
f 1072 4143 1470
f 3160 766 3418
f 3160 2091 2284
f 3757 2392 2091
f 1860 4033 2435
f 2114 819 2499
f 2499 819 1481
f 2327 3219 1658
f 3219 2327 1899
f 2361 1294 1539
f 140 1539 515
f 140 2361 1539
f 3238 55 4459
f 3238 3780 55
f 140 515 3088
f 7 3780 3238
f 4263 2441 3527
f 3780 7 2680
f 3872 1527 3165
f 4302 3872 3165
f 1768 1720 4508
f 1259 1387 1561
f 3397 2969 1827
f 1918 206 1076
f 4143 844 4616
f 2091 3160 3628
f 808 3390 1349
f 2387 3806 4033
f 2114 801 819
f 819 4432 1481
f 3992 4459 2361
f 3238 4459 2821
f 3851 2680 7
f 3851 4639 2680
f 3165 4639 4302
f 4302 4639 3851
f 1387 1259 1768
f 1918 1076 1870
f 2402 4616 844
f 2705 2148 1918
f 4143 1072 1805
f 4206 766 2148
f 3418 766 4206
f 3628 3757 2091
f 1349 1445 817
f 3598 533 1899
f 3598 373 533
f 144 2327 1658
f 4432 819 3511
f 4432 3511 1658
f 2821 4459 3992
f 3992 2361 140
f 140 3088 3992
f 2263 7 3238
f 2821 2263 3238
f 3872 4302 2441
f 1259 1720 1768
f 3814 3397 4508
f 3814 4508 1720
f 3814 2969 3397
f 16 1870 2969
f 1574 3140 1113
f 1113 3140 2402
f 3538 1113 2402
f 844 3538 2402
f 1805 844 4143
f 844 1805 2742
f 1072 1824 1805
f 1860 3121 2337
f 2435 3121 1860
f 1445 881 817
f 373 2354 2387
f 2114 881 801
f 3598 2354 373
f 2327 3598 1899
f 3598 2327 144
f 3511 819 1447
f 3511 2653 1658
f 1658 2653 144
f 4619 3992 3088
f 2263 3851 7
f 1259 245 1720
f 773 3814 1720
f 155 1259 1561
f 3814 16 2969
f 155 1561 776
f 1918 1870 16
f 1574 155 776
f 1298 155 1574
f 1574 1113 1298
f 2742 3538 844
f 1824 2742 1805
f 3552 1824 1072
f 2337 3821 3552
f 3628 3160 1310
f 4033 3806 2435
f 1349 3390 1445
f 4525 3806 2387
f 881 3362 801
f 144 3040 3598
f 3040 2354 3598
f 819 801 1447
f 801 704 1447
f 3049 3040 144
f 144 2653 3049
f 3992 4619 2821
f 3527 4619 3088
f 2441 1961 3527
f 1961 3851 2263
f 4302 1961 2441
f 1961 4302 3851
f 1259 51 245
f 51 1259 155
f 1113 3538 2377
f 4206 2148 2705
f 2377 3538 2742
f 1824 1518 2742
f 3811 2337 3121
f 3121 2435 1472
f 4529 808 3757
f 3806 4525 2012
f 2387 2354 4525
f 3362 3153 801
f 3153 704 801
f 704 3511 1447
f 3511 3296 2653
f 4619 2263 2821
f 1961 2263 4619
f 1325 773 1720
f 245 1325 1720
f 773 3608 3814
f 3608 16 3814
f 1655 1918 16
f 1655 2705 1918
f 1518 2258 2742
f 3821 1824 3552
f 3418 1310 3160
f 2337 3811 3821
f 3121 2765 3811
f 926 3757 3628
f 3806 1472 2435
f 4529 3390 808
f 2012 1472 3806
f 1479 3362 881
f 3362 1479 3153
f 3049 487 3040
f 3296 3511 704
f 3296 639 2653
f 2653 639 3049
f 3527 1961 4619
f 3608 1655 16
f 269 2705 1655
f 2473 1298 1113
f 1113 2377 2473
f 2377 2742 2258
f 1565 1518 1824
f 2726 3418 4206
f 1824 3821 1565
f 3628 1310 4501
f 3757 926 4086
f 1472 1434 3121
f 4086 4529 3757
f 2012 574 1472
f 3902 1445 3390
f 881 1445 1479
f 487 2354 3040
f 2754 4132 704
f 3153 2754 704
f 3296 704 4132
f 51 1522 245
f 1325 81 773
f 81 1325 245
f 2979 3608 4437
f 2979 1655 3608
f 4112 155 1298
f 2258 2096 2377
f 1518 2649 2258
f 1565 2649 1518
f 3821 1173 1565
f 3811 1173 3821
f 3121 1434 2765
f 4529 858 3390
f 858 3902 3390
f 3902 1479 1445
f 3572 1479 3902
f 2012 4525 1171
f 1171 4525 2354
f 1479 3572 3153
f 487 3049 4110
f 3153 3971 2754
f 4435 3049 639
f 4110 3049 4435
f 2193 3296 4132
f 3296 2797 639
f 4435 639 2797
f 2754 3202 4132
f 3296 2193 2797
f 879 2754 3726
f 879 3202 2754
f 3202 3488 4132
f 4132 3488 2193
f 971 3488 3202
f 101 245 1522
f 1522 51 155
f 4112 1522 155
f 773 4437 3608
f 1556 1298 2473
f 2473 2377 2096
f 269 4206 2705
f 269 2726 4206
f 2258 2649 2096
f 1173 2649 1565
f 1472 574 1434
f 858 4529 4086
f 3177 3902 858
f 4180 574 2012
f 2012 1171 4180
f 487 4558 2354
f 4558 1171 2354
f 3153 3572 3971
f 3971 1633 3315
f 3315 3726 3971
f 3971 3726 2754
f 4435 2797 2474
f 3488 2797 2193
f 879 2162 3202
f 2162 971 3202
f 2797 3783 2474
f 3488 2511 2797
f 3783 2797 2511
f 3488 389 2511
f 971 389 3488
f 245 101 81
f 81 4437 773
f 4112 1298 1556
f 2649 1173 2077
f 1173 3811 2765
f 2149 2746 574
f 4180 2149 574
f 1633 3572 3934
f 1633 3971 3572
f 470 4558 487
f 470 487 4110
f 2474 4110 4435
f 1540 2162 879
f 1540 879 3726
f 3207 971 2162
f 2511 389 2809
f 2511 2809 3783
f 2726 4030 3418
f 4030 1310 3418
f 4501 1310 4030
f 2649 2077 2096
f 2077 1173 2765
f 574 2746 1434
f 4187 2746 2149
f 3902 3177 3934
f 3934 3572 3902
f 2536 4180 1171
f 2536 1171 4558
f 1633 3285 3315
f 470 2536 4558
f 2027 2536 470
f 4110 1764 470
f 2027 470 1764
f 3315 2733 3726
f 1540 3726 2796
f 2474 1764 4110
f 4088 2474 3783
f 3162 2474 4088
f 1540 3207 2162
f 2127 3783 2809
f 4088 3783 2127
f 389 971 2411
f 101 1522 4064
f 4454 4437 81
f 1556 1522 4112
f 2473 2096 929
f 1301 2873 2077
f 2765 1301 2077
f 3828 926 3628
f 1301 2765 306
f 1434 306 2765
f 2746 2293 1434
f 858 4086 2998
f 4180 370 2149
f 2536 370 4180
f 1764 580 2027
f 2733 2796 3726
f 930 580 1764
f 2474 3162 1764
f 3207 1540 4600
f 971 3207 2411
f 2809 389 2411
f 2809 1906 2127
f 4454 81 101
f 1781 2726 269
f 1556 2473 929
f 15 4030 2726
f 2096 2867 929
f 2867 2096 2077
f 2873 2867 2077
f 4501 1436 3828
f 3828 3628 4501
f 2607 4086 926
f 1434 2293 306
f 2746 4187 2293
f 3565 3177 858
f 2149 370 4187
f 3934 4181 1633
f 3934 3177 4181
f 3285 1633 4181
f 2027 2318 2536
f 2027 760 2318
f 760 2027 580
f 3162 3290 1764
f 1540 3064 4600
f 1540 2796 3064
f 2809 2411 1699
f 4339 3197 4437
f 3197 2979 4437
f 4339 4437 4454
f 1556 4064 1522
f 2979 269 1655
f 15 2726 1781
f 1556 929 3005
f 1687 1301 306
f 2998 4086 2607
f 2998 3565 858
f 2536 2318 370
f 1864 2733 3285
f 3285 2733 3315
f 580 930 850
f 3290 930 1764
f 3207 1895 2411
f 3207 4600 1895
f 1895 2770 2411
f 1699 2411 2770
f 1699 1906 2809
f 269 2979 1781
f 4501 4030 15
f 2873 988 2867
f 2030 926 3828
f 2607 926 2030
f 2769 3565 2998
f 4187 370 3582
f 4181 3177 3565
f 1864 3343 2733
f 2796 2733 3343
f 4088 3290 3162
f 2127 3792 4088
f 3290 4088 3792
f 3839 2127 1906
f 3792 2127 3839
f 1906 1699 3839
f 2770 1282 1699
f 101 1192 4454
f 4064 2490 101
f 101 2490 1192
f 651 4339 4454
f 2490 4064 2050
f 2050 4064 1556
f 1781 2979 3197
f 1781 3197 2494
f 3005 2050 1556
f 929 95 3005
f 929 2867 988
f 3646 1436 4501
f 3582 370 2318
f 3359 4181 3565
f 778 3285 4181
f 2796 3343 3755
f 2796 3755 4392
f 4392 3064 2796
f 3839 4540 3792
f 1895 543 2770
f 543 1282 2770
f 3839 1699 2047
f 4454 1192 651
f 15 1781 2494
f 3646 4501 15
f 1301 188 2873
f 188 1301 1687
f 306 1647 1687
f 2769 2998 2607
f 3907 2293 4187
f 3582 3907 4187
f 2769 3359 3565
f 778 4181 3359
f 2318 760 3582
f 778 1864 3285
f 2275 760 1733
f 760 580 1733
f 850 1733 580
f 930 3835 850
f 3835 930 2191
f 3290 2191 930
f 3792 2274 3290
f 4540 2274 3792
f 4600 1222 1895
f 1895 1222 4631
f 4631 543 1895
f 1851 543 4631
f 543 1851 1282
f 1282 1423 1699
f 2047 1699 1423
f 4339 1291 3197
f 3197 1291 2494
f 3005 1877 2050
f 95 929 988
f 2873 188 988
f 2769 35 3618
f 3618 3359 2769
f 173 1864 778
f 2813 4392 3755
f 850 3835 1733
f 3941 4392 2813
f 2274 2191 3290
f 3064 1222 4600
f 2274 4540 2059
f 4631 1222 2884
f 1416 3839 2047
f 3839 1416 4540
f 4631 2884 1851
f 90 1282 1851
f 1423 1282 90
f 439 651 1192
f 439 1192 2508
f 2508 1192 2490
f 2508 2490 2050
f 1436 2030 3828
f 911 2607 2030
f 2293 20 306
f 911 2769 2607
f 3359 173 778
f 3582 760 696
f 4392 3941 3064
f 2274 2283 2191
f 1101 2283 2274
f 2274 204 1101
f 204 2274 2059
f 1416 2047 4368
f 1958 1851 2884
f 1958 90 1851
f 1446 1423 90
f 4368 2047 4164
f 2047 1446 4164
f 2047 1423 1446
f 1446 90 3269
f 4339 1992 1291
f 1992 4339 651
f 1877 3005 95
f 2042 3646 15
f 1436 2894 2030
f 1687 1647 188
f 3638 911 2030
f 20 2293 3907
f 911 35 2769
f 3582 1759 3907
f 3359 3618 604
f 604 173 3359
f 3582 696 1759
f 173 3343 1864
f 1733 3835 2336
f 769 2813 3755
f 2191 1790 3835
f 2283 1790 2191
f 3941 1222 3064
f 1222 113 1929
f 1929 2884 1222
f 1416 2059 4540
f 4304 90 1958
f 90 4304 3269
f 4164 1597 4368
f 651 439 1992
f 2104 2508 2050
f 2104 2050 1877
f 1291 2042 2494
f 2042 15 2494
f 988 2256 95
f 306 4416 1647
f 20 4416 306
f 3801 3907 1759
f 4314 35 911
f 35 1856 3618
f 760 2275 696
f 1733 2336 2275
f 2813 769 594
f 594 3941 2813
f 2336 3835 4091
f 1790 4091 3835
f 3481 1790 2283
f 1101 3481 2283
f 3941 113 1222
f 2059 522 204
f 2884 1929 1185
f 4368 2059 1416
f 1185 1958 2884
f 4164 1446 1597
f 3155 1291 1992
f 3155 2042 1291
f 2210 2104 1877
f 988 188 2256
f 2046 1436 3646
f 2046 2894 1436
f 1647 254 188
f 1647 4416 254
f 2827 4416 3801
f 20 3801 4416
f 3907 3801 20
f 1856 604 3618
f 3321 173 604
f 3321 3343 173
f 2275 887 696
f 3755 3343 3321
f 2314 594 769
f 3941 594 113
f 877 3481 1101
f 877 783 3481
f 2713 113 594
f 2713 1929 113
f 2713 1185 1929
f 666 2059 1421
f 2059 4368 1421
f 1421 4368 3619
f 1626 4304 1958
f 1185 1626 1958
f 3619 4368 1597
f 1626 3269 4304
f 2520 1446 3269
f 1446 2520 1597
f 4249 1992 439
f 4431 2508 2104
f 1877 1576 2210
f 1576 1877 95
f 95 2256 1576
f 9 3646 2042
f 9 2046 3646
f 188 1336 2256
f 2755 3638 2030
f 254 1336 188
f 254 4416 1336
f 3974 3801 1759
f 696 3974 1759
f 1572 3755 3321
f 2336 887 2275
f 1572 769 3755
f 783 1790 3481
f 4091 1790 783
f 2713 594 1616
f 522 4116 204
f 4116 1101 204
f 666 522 2059
f 1185 3434 1626
f 1597 3889 3619
f 4387 4249 439
f 439 2508 4387
f 2210 4431 2104
f 4249 3155 1992
f 727 1576 2256
f 2755 2030 2894
f 1214 2256 1336
f 3638 547 911
f 4416 2827 2152
f 547 4314 911
f 4314 310 35
f 35 310 1856
f 604 1856 310
f 604 1940 3321
f 405 2723 3974
f 405 3974 696
f 2892 3321 1940
f 2892 1572 3321
f 696 887 405
f 2573 769 1572
f 2573 2314 769
f 1322 2314 2573
f 4091 598 2336
f 783 3464 4091
f 2314 1616 594
f 877 2158 783
f 4116 877 1101
f 2713 1616 176
f 3103 1185 2713
f 3269 1626 3776
f 2508 4431 4387
f 727 2210 1576
f 2990 9 3155
f 9 2042 3155
f 2256 2041 727
f 1214 2041 2256
f 3335 1336 3727
f 4416 3727 1336
f 2152 3727 4416
f 2827 905 2152
f 4314 2512 310
f 547 2512 4314
f 3185 2827 3801
f 3801 4391 3185
f 3974 4391 3801
f 604 310 2287
f 2287 1940 604
f 1940 1452 2892
f 2892 1452 2966
f 234 1572 2892
f 234 2573 1572
f 1546 2336 598
f 2158 3464 783
f 2221 877 4116
f 2713 176 3103
f 1185 3103 3030
f 666 4116 522
f 3434 1185 3030
f 1421 3619 748
f 3434 3691 1626
f 1626 3691 3776
f 3889 1597 2520
f 727 1691 2210
f 3959 2046 9
f 4258 2755 2894
f 1336 3335 1214
f 2755 4258 2246
f 2755 2246 3638
f 3324 3638 2246
f 3324 547 3638
f 547 979 1437
f 547 1437 2512
f 3185 905 2827
f 310 2512 1782
f 310 1782 4497
f 310 4497 2287
f 3974 2723 4391
f 2287 4497 1452
f 1452 1940 2287
f 2684 2966 1452
f 234 2892 2966
f 234 1322 2573
f 3464 598 4091
f 4116 1353 2221
f 666 1353 4116
f 1421 748 666
f 3889 782 3619
f 3619 782 748
f 2926 3776 3691
f 3776 2926 1135
f 3776 2520 3269
f 3776 2202 2520
f 3889 2520 3095
f 4431 2210 1691
f 3155 4249 2990
f 1888 4258 2894
f 1888 2894 2046
f 218 4258 1888
f 4258 218 2246
f 979 3324 2880
f 3727 479 3335
f 979 547 3324
f 3727 4355 479
f 2152 4355 3727
f 502 1437 979
f 905 4355 2152
f 1451 4355 905
f 1782 2512 1437
f 1782 1437 502
f 905 2712 1451
f 905 3185 2712
f 2712 3185 837
f 327 1452 4497
f 2379 2966 2684
f 2379 234 2966
f 2180 1322 234
f 2180 2708 1322
f 2708 2314 1322
f 2708 1616 2314
f 4328 3464 2158
f 2221 2158 877
f 1613 176 1616
f 2394 176 1613
f 2394 3103 176
f 3434 3030 3758
f 3434 3758 3691
f 3691 3758 2926
f 3095 2520 49
f 3095 290 3889
f 782 3889 290
f 1135 2202 3776
f 49 2520 2202
f 168 4249 4387
f 168 4387 4431
f 168 4431 1691
f 2990 4249 168
f 2269 3335 479
f 2589 3324 2246
f 1615 2269 1096
f 479 1096 2269
f 3324 3818 2880
f 444 3175 2880
f 3818 444 2880
f 1615 4538 3175
f 1615 3175 444
f 1615 1096 4538
f 3175 979 2880
f 4379 3175 4538
f 979 3175 4379
f 4355 1096 479
f 502 979 4379
f 2626 4538 1096
f 4379 4538 2626
f 4355 2626 1096
f 4355 1451 2626
f 3612 1782 502
f 2712 837 36
f 4391 837 3185
f 3612 4497 1782
f 1673 4497 3612
f 4391 868 837
f 1673 327 4497
f 2723 868 4391
f 327 2684 1452
f 912 2180 2379
f 2180 234 2379
f 598 2561 1546
f 598 3841 2561
f 3464 3841 598
f 4328 3978 3464
f 3884 4328 2158
f 2221 3884 2158
f 3030 3103 3443
f 666 4641 1353
f 3030 2219 3758
f 748 4641 666
f 2936 1135 2926
f 2936 2202 1135
f 2202 3681 49
f 2202 2936 3681
f 3095 796 4148
f 3095 4148 290
f 49 3681 796
f 49 796 3095
f 9 2990 2942
f 1691 727 2041
f 2942 3959 9
f 3959 1888 2046
f 2269 3037 3335
f 218 2589 2246
f 3324 2589 3818
f 1615 444 2995
f 2626 1082 4379
f 2376 1082 2626
f 1328 502 4379
f 1328 4379 1082
f 1328 1082 2376
f 1451 2376 2626
f 2627 3612 502
f 1328 2627 502
f 2712 2376 1451
f 2627 1328 1277
f 2712 3837 2376
f 3612 2627 2353
f 3612 2353 1673
f 36 837 1338
f 868 1338 837
f 327 1286 2684
f 2379 2684 1286
f 1771 405 887
f 2336 1771 887
f 1546 1771 2336
f 3045 2708 2180
f 2394 3443 3103
f 3217 2221 1353
f 4641 3217 1353
f 3030 3443 2219
f 2926 3758 4503
f 748 782 1098
f 1098 782 2140
f 290 2140 782
f 2926 478 2936
f 478 4378 2936
f 1691 2041 1406
f 2041 1988 1406
f 2689 1988 2041
f 2041 1214 2689
f 3063 1888 3959
f 1214 3335 3037
f 393 3037 2269
f 1615 1104 2269
f 4099 3818 2589
f 1277 1328 2376
f 36 3837 2712
f 1673 3933 327
f 2353 3933 1673
f 36 1338 3486
f 405 4337 2723
f 2379 1286 1360
f 1360 912 2379
f 2708 1613 1616
f 2221 3217 3884
f 2219 4503 3758
f 4641 748 1098
f 4503 478 2926
f 2140 736 1098
f 736 2140 290
f 736 290 4148
f 2936 1881 3681
f 1980 168 1691
f 2942 2990 4196
f 393 2689 3037
f 2689 1214 3037
f 3063 218 1888
f 2589 218 4099
f 1615 2995 1104
f 3818 3997 444
f 4099 3997 3818
f 3256 1277 2376
f 3256 2376 3837
f 1277 2353 2627
f 36 3486 4038
f 1286 327 3933
f 868 4337 1338
f 868 2723 4337
f 405 1771 4337
f 1546 2561 1771
f 3480 1613 2708
f 3884 3217 128
f 3277 4503 2219
f 1098 2795 4641
f 1098 4145 2795
f 4503 3277 1038
f 478 4503 1038
f 1098 736 4145
f 478 1038 4176
f 4176 4378 478
f 1881 2936 4378
f 2736 4148 796
f 2736 796 3681
f 4148 2736 56
f 4148 56 736
f 960 168 1980
f 168 4196 2990
f 1980 1691 1406
f 393 2269 1104
f 2995 3997 4399
f 2995 444 3997
f 2995 4399 1104
f 2357 2353 1277
f 3256 2357 1277
f 1908 3933 2353
f 2357 1908 2353
f 3933 4397 1286
f 146 1286 4397
f 1771 2561 918
f 3480 2708 3045
f 3884 4354 4328
f 128 4354 3884
f 3470 2219 3443
f 3470 3277 2219
f 2736 3681 1881
f 1881 910 2736
f 1579 89 3896
f 3896 89 4425
f 1891 4425 89
f 960 4196 168
f 1980 1406 1988
f 2467 3959 2942
f 3063 1589 218
f 393 1104 4399
f 2642 4399 3997
f 3837 2 3256
f 36 4038 3837
f 1908 4397 3933
f 146 1360 1286
f 2561 3841 1326
f 1326 3841 1754
f 3319 3045 2180
f 4084 2394 1613
f 896 2394 4084
f 896 3443 2394
f 128 3217 2795
f 4641 2795 3217
f 128 2795 3364
f 4145 3364 2795
f 1038 2184 4176
f 3660 4145 736
f 56 3660 736
f 3660 2744 4145
f 1796 1881 4378
f 1881 1796 910
f 910 3879 2736
f 56 2736 3879
f 89 1579 3522
f 2467 3063 3959
f 393 54 2689
f 4099 218 1589
f 239 2642 3997
f 1401 3256 2
f 3256 1401 2357
f 2564 3837 4038
f 1069 4397 1908
f 2357 1069 1908
f 4351 3486 1338
f 4038 3486 4351
f 2561 1326 918
f 3464 537 3841
f 3319 4248 3045
f 1236 1613 3480
f 1613 1236 4084
f 623 896 4084
f 896 3470 3443
f 3470 896 4014
f 4014 3277 3470
f 3615 3277 4014
f 4145 2678 3364
f 1993 1038 3277
f 2184 1038 1993
f 56 4473 3660
f 2744 3660 4473
f 4176 3327 4378
f 1796 4378 3327
f 4473 56 3879
f 1796 3246 910
f 3241 3896 4425
f 3354 3522 1579
f 960 3883 4196
f 4052 960 1980
f 828 2942 4196
f 3526 54 393
f 4399 3526 393
f 2642 3526 4399
f 3743 239 4099
f 3997 4099 239
f 3837 2564 2
f 1401 2 1114
f 2357 1401 1069
f 4337 4351 1338
f 4337 2863 4351
f 4397 2597 146
f 4337 918 2863
f 918 4337 1771
f 1360 3129 912
f 3319 2180 912
f 3978 537 3464
f 4248 3480 3045
f 4328 4354 3978
f 128 4482 4354
f 4482 128 3364
f 1414 3615 4014
f 3277 3615 1993
f 3209 2678 4145
f 2744 3209 4145
f 4176 2184 2623
f 4473 1677 2744
f 3327 4176 2623
f 634 1796 3327
f 4473 3879 1468
f 910 1468 3879
f 634 3246 1796
f 1579 102 3354
f 960 4052 3883
f 828 4196 3883
f 1988 2689 4192
f 54 4192 2689
f 3743 4099 1589
f 2642 1003 3526
f 1598 2564 4038
f 1598 4038 4351
f 750 1069 1401
f 4351 2863 1598
f 1069 2597 4397
f 1360 146 1741
f 3319 912 3129
f 3453 4248 3319
f 3978 337 537
f 4248 1236 3480
f 4482 2307 4354
f 4014 896 3748
f 345 3364 2678
f 3089 3615 1414
f 2678 3209 345
f 2184 1993 2623
f 1993 1245 2623
f 1677 4436 2744
f 2744 4436 3209
f 1677 115 4436
f 60 634 2623
f 634 3327 2623
f 1677 4473 1468
f 1468 910 3246
f 1891 907 4425
f 828 2467 2942
f 2308 3063 2467
f 2308 1589 3063
f 2642 3317 1003
f 2642 239 4341
f 3317 2642 4341
f 1401 1114 750
f 2597 1069 4344
f 2597 1741 146
f 2597 4605 1741
f 1741 328 1360
f 328 3129 1360
f 4577 3129 328
f 3841 537 1754
f 3129 3453 3319
f 3978 4354 337
f 4482 4490 2307
f 1040 896 623
f 1040 3748 896
f 3748 1414 4014
f 3209 3244 345
f 1245 1993 3615
f 3887 1677 1468
f 1949 1468 3246
f 907 3241 4425
f 3354 1368 3522
f 3435 1891 89
f 4622 4052 1980
f 1980 1988 4622
f 3743 1589 157
f 1779 3743 157
f 3743 1106 239
f 239 4301 4341
f 2564 4331 2
f 2564 1598 839
f 1598 2863 2141
f 750 4344 1069
f 2863 918 2141
f 4344 4605 2597
f 1741 2860 328
f 1754 3138 1326
f 3453 1236 4248
f 2307 337 4354
f 1236 623 4084
f 4482 3364 4237
f 345 2588 3364
f 3089 1245 3615
f 1245 4140 2623
f 3209 3157 3244
f 2227 3157 4436
f 3157 3209 4436
f 115 2227 4436
f 944 3246 634
f 1112 1677 3887
f 3246 944 1949
f 1703 1579 3896
f 2417 1092 102
f 1579 2417 102
f 1092 1492 102
f 1492 3354 102
f 2160 4622 1988
f 4192 2160 1988
f 335 2467 828
f 2467 335 2308
f 3526 3633 54
f 3743 1779 1106
f 239 1106 4301
f 2564 839 4331
f 1114 2 4331
f 2141 839 1598
f 750 1114 351
f 750 351 4344
f 2860 1741 4605
f 3129 4577 3453
f 3096 3453 4577
f 3453 3849 1236
f 4490 377 2307
f 4482 4237 4490
f 2616 3748 1040
f 2988 3748 2616
f 2988 1414 3748
f 2588 4237 3364
f 3314 2588 345
f 345 1718 3314
f 3244 1718 345
f 1245 3089 3205
f 838 3244 3157
f 838 1718 3244
f 1112 115 1677
f 2128 944 634
f 3738 1468 1949
f 1468 3738 3887
f 1949 429 3738
f 907 2916 3241
f 1579 1703 2417
f 907 1891 826
f 2812 826 1891
f 3354 660 1368
f 1891 3435 2812
f 1368 4195 3522
f 3648 3435 89
f 3522 3648 89
f 2495 828 3883
f 4052 2495 3883
f 335 828 2495
f 3633 4192 54
f 1589 2308 157
f 4331 4528 1114
f 1114 4528 351
f 2141 4096 839
f 1326 2141 918
f 1326 4039 2141
f 1280 3138 1754
f 537 1280 1754
f 537 2848 1280
f 337 2848 537
f 3454 3849 3453
f 2307 377 337
f 3849 623 1236
f 491 1040 623
f 2616 1040 491
f 3205 3493 1245
f 4140 1245 3493
f 838 2910 1718
f 1362 4140 3493
f 267 838 3157
f 267 2910 838
f 60 2623 4140
f 2522 634 60
f 634 2522 2128
f 429 1949 944
f 1703 3896 2278
f 3896 3241 2278
f 2278 3241 3079
f 3079 3241 2916
f 942 2916 3080
f 3080 2916 907
f 660 3354 1492
f 4195 3648 3522
f 3648 1717 3435
f 3014 335 2495
f 3633 2160 4192
f 3633 764 2160
f 1994 2308 335
f 2308 1994 157
f 3526 1003 3633
f 3317 4597 1003
f 1779 1427 1106
f 1427 4301 1106
f 4528 4331 2935
f 839 603 4331
f 4096 603 839
f 2935 4331 603
f 4096 2141 3459
f 3459 2141 4039
f 3138 4039 1326
f 1280 3566 3138
f 2848 3566 1280
f 3096 3454 3453
f 377 2848 337
f 4490 3494 377
f 2509 1414 2988
f 3314 3180 2588
f 3157 2069 267
f 4293 2522 60
f 2227 2069 3157
f 1112 2010 115
f 115 2010 2227
f 3476 1112 3887
f 944 2128 1594
f 3738 4005 3887
f 942 3079 2916
f 2230 1703 2278
f 907 1725 3080
f 826 4546 907
f 2885 4528 2935
f 4528 2885 351
f 351 2885 4069
f 351 4126 4344
f 351 4069 4126
f 4344 4126 4605
f 4039 3137 3459
f 4039 3138 3137
f 4126 2860 4605
f 3566 3137 3138
f 4126 2440 2860
f 3926 328 2860
f 3926 2860 2440
f 3566 3123 3137
f 328 3423 4577
f 3423 3096 4577
f 2848 678 3566
f 377 678 2848
f 3927 3849 3454
f 3494 678 377
f 491 623 3849
f 4237 695 4490
f 3314 1718 3180
f 2525 3205 3089
f 2910 4491 4068
f 2910 804 4491
f 267 804 2910
f 4140 4293 60
f 2227 443 2069
f 2010 443 2227
f 2522 2360 2128
f 2360 1594 2128
f 3476 2010 1112
f 4005 3476 3887
f 1594 429 944
f 4005 3738 429
f 3476 4005 969
f 1594 1155 429
f 429 1155 4005
f 2230 2278 3957
f 3957 2278 3079
f 907 4546 1725
f 1697 1492 1092
f 3673 660 1492
f 4622 3438 4052
f 4052 3438 2495
f 2160 4598 4622
f 2160 764 4598
f 4521 157 1994
f 1003 764 3633
f 4521 1779 157
f 3636 2885 2935
f 1370 603 4096
f 3459 1370 4096
f 2885 3636 4069
f 4069 3636 1772
f 996 3459 3137
f 996 1370 3459
f 3252 4126 4069
f 996 3137 2868
f 3137 3123 2868
f 3926 3423 328
f 678 3123 3566
f 678 3449 3123
f 3494 3449 678
f 3927 491 3849
f 2356 491 3927
f 4490 695 3494
f 2588 3180 4237
f 3089 1414 2525
f 1718 2092 3180
f 2910 4068 1718
f 4140 1362 4293
f 915 443 2010
f 969 2010 3476
f 2010 969 1010
f 2136 1155 1594
f 735 1594 2360
f 735 11 1594
f 1594 11 2136
f 969 4005 3293
f 4005 1155 3293
f 3293 1155 2136
f 3957 3079 145
f 145 3079 942
f 2978 145 942
f 2978 942 3080
f 2081 1703 2230
f 3080 1725 1519
f 1368 660 3756
f 3435 1717 358
f 2812 3435 358
f 3648 4195 4480
f 3648 4480 1717
f 1427 3380 4301
f 603 1258 2935
f 1258 3636 2935
f 1370 1258 603
f 4011 3636 1258
f 3252 4069 1772
f 1772 3636 1774
f 1774 3636 4011
f 996 1258 1370
f 4126 3252 2440
f 1258 996 3682
f 3926 551 3423
f 3423 1232 3096
f 2868 3123 2243
f 3123 3449 2243
f 695 3449 3494
f 4237 4472 695
f 2525 1414 2509
f 3180 4472 4237
f 3180 2092 4472
f 4068 2092 1718
f 4491 505 4068
f 915 2298 443
f 443 2298 2069
f 2522 4293 2360
f 1010 915 2010
f 4593 735 2360
f 969 1667 1010
f 1904 1010 1667
f 3293 1667 969
f 4593 1030 735
f 3293 4223 1667
f 1904 1667 1557
f 1557 1667 4223
f 4271 11 735
f 4223 3293 1154
f 735 1030 4271
f 11 4271 2136
f 2136 4271 1154
f 2136 1154 3293
f 4544 4271 1030
f 2815 2230 3957
f 3158 2978 3080
f 4546 4452 1725
f 1368 3756 4195
f 4195 3756 4480
f 4622 4598 4034
f 4239 4521 1994
f 4597 764 1003
f 4521 1427 1779
f 1581 1772 1774
f 3682 4011 1258
f 3252 1772 1581
f 3252 1499 2440
f 3926 2440 1499
f 2868 3682 996
f 551 3926 2374
f 2374 3926 1499
f 1232 3423 551
f 1232 3454 3096
f 695 4077 3449
f 2356 2616 491
f 2616 2509 2988
f 4472 4200 695
f 158 2525 2509
f 4068 505 2092
f 3205 2166 3493
f 2069 804 267
f 1362 1668 4293
f 3745 4593 2360
f 3745 2360 4293
f 1010 1904 915
f 4563 915 1904
f 1890 4593 3745
f 4563 1904 1557
f 1430 1030 4593
f 1430 4593 1890
f 1557 4223 1693
f 1430 4179 1030
f 1693 4223 1154
f 1030 48 4544
f 137 4544 48
f 1252 4544 137
f 4544 1252 4271
f 4271 1252 1154
f 1154 2643 1693
f 687 2815 3807
f 3807 2815 3957
f 687 2431 2815
f 2431 2230 2815
f 2230 2431 2081
f 3158 1270 2978
f 3080 1519 3158
f 2417 1703 2081
f 1725 3597 1519
f 4572 660 3673
f 3756 660 4572
f 3852 4480 3756
f 4480 1902 1717
f 3438 3014 2495
f 4034 3438 4622
f 335 3014 2592
f 1994 335 2592
f 4239 1994 2592
f 4341 4597 3317
f 1431 1774 4011
f 3682 1431 4011
f 1499 3252 1581
f 2868 4420 3682
f 2243 4420 2868
f 2243 956 4420
f 3845 4077 695
f 3845 695 4200
f 1204 158 2509
f 2525 2166 3205
f 804 2349 4491
f 1362 3493 1668
f 2069 142 804
f 2298 142 2069
f 4293 1668 2825
f 2825 3745 4293
f 4563 2298 915
f 4036 3745 2825
f 4036 1890 3745
f 1557 4610 4563
f 1890 2008 3777
f 3777 1430 1890
f 3777 4179 1430
f 48 1030 4179
f 1557 1693 3740
f 4152 1252 137
f 2643 1154 1252
f 2643 3570 1693
f 1252 4152 2643
f 137 1177 4152
f 4152 3604 2643
f 2718 137 48
f 4152 1177 3604
f 2643 3604 3570
f 1693 3570 276
f 3604 3810 3570
f 3656 3570 3810
f 2718 4451 137
f 137 4451 1177
f 3604 1177 3810
f 4000 3431 3810
f 1177 4000 3810
f 2718 3050 4451
f 1177 4451 1039
f 1177 1039 4000
f 4451 3050 1039
f 3050 1070 1039
f 1039 1070 2364
f 1039 2364 4000
f 4000 2364 3863
f 4093 687 3807
f 3553 687 4093
f 3807 3957 145
f 3807 145 1780
f 2978 1780 145
f 1780 2978 1270
f 3158 1848 1270
f 1848 3158 2502
f 1519 2502 3158
f 1725 4452 3597
f 826 1366 4546
f 2812 1366 826
f 3331 2812 358
f 358 1717 1902
f 1487 2592 3014
f 3014 3438 4465
f 4465 3438 4034
f 2442 4598 764
f 2665 4521 4239
f 4521 1397 1427
f 4521 2665 1397
f 4341 4301 3588
f 4301 3380 3588
f 4420 1431 3682
f 2195 3454 1232
f 3449 956 2243
f 3454 2195 3927
f 956 3449 4077
f 3845 4065 4077
f 4472 69 4200
f 2092 69 4472
f 2092 505 69
f 1449 2525 158
f 1668 3493 2166
f 142 2349 804
f 142 991 541
f 991 142 2298
f 4563 991 2298
f 4563 2486 991
f 4036 3081 2008
f 2008 1890 4036
f 4610 2486 4563
f 2215 4179 3777
f 4610 1557 3740
f 2215 4025 4179
f 4025 48 4179
f 4025 2718 48
f 1693 276 3740
f 3656 276 3570
f 3740 276 3656
f 4025 852 2569
f 4025 2569 2718
f 2601 3656 4142
f 4142 3656 3061
f 3656 3810 3061
f 3810 3431 3061
f 3754 3050 2718
f 3754 2718 2569
f 2569 852 3634
f 2569 3634 3754
f 4142 3061 2315
f 3050 3754 3249
f 4000 3863 3431
f 3431 381 3061
f 3431 3863 381
f 2315 3061 381
f 4523 3754 3634
f 3754 4523 3249
f 3249 1070 3050
f 381 3863 3559
f 3249 4523 295
f 2364 3524 3863
f 3559 3863 1457
f 3249 3632 1070
f 3249 295 3632
f 3524 1457 3863
f 1070 3632 4510
f 1070 4510 2364
f 2364 4510 3524
f 4312 2150 4001
f 2150 2869 4001
f 2869 628 4001
f 1853 958 4001
f 1403 507 2150
f 4001 628 1853
f 2869 1331 628
f 628 2819 1853
f 507 114 2150
f 507 1124 114
f 2150 114 2869
f 628 1331 2819
f 114 3349 2869
f 2869 3349 1331
f 1124 652 114
f 114 3940 3349
f 2819 1331 3128
f 3128 3309 2819
f 114 652 3504
f 3504 652 58
f 114 3504 3940
f 3349 4270 1331
f 3349 3940 4270
f 1331 4270 3128
f 3128 177 3309
f 3504 58 3016
f 3504 3553 3940
f 3504 3016 3553
f 3553 4093 3940
f 3940 4093 4270
f 1780 4270 4093
f 3128 4270 1780
f 3128 1780 177
f 3807 1780 4093
f 3016 58 1509
f 3016 687 3553
f 1270 177 1780
f 3016 1509 2431
f 2431 687 3016
f 2431 1509 4166
f 4166 2081 2431
f 2417 2081 4166
f 4551 1492 1697
f 4551 3673 1492
f 3756 4572 3029
f 3852 3756 3029
f 3331 358 1288
f 358 1902 1288
f 4597 2442 764
f 1774 2918 1581
f 1431 2918 1774
f 1581 2817 1167
f 1499 1581 1167
f 2817 1581 2918
f 3182 2918 1431
f 4420 4564 3182
f 1431 4420 3182
f 956 4564 4420
f 2630 1232 551
f 2630 2195 1232
f 956 4077 4065
f 4643 2616 2356
f 4643 2509 2616
f 1204 2509 4643
f 69 3845 4200
f 1204 3288 158
f 4466 2525 1449
f 4466 2166 2525
f 542 2825 1668
f 542 4036 2825
f 542 3081 4036
f 991 2486 941
f 4610 3876 2486
f 3081 1665 3986
f 3986 3777 2008
f 3986 2008 3081
f 737 2215 3777
f 737 3777 3986
f 3740 1584 4610
f 3876 4610 1584
f 3266 2215 737
f 2215 852 4025
f 1137 852 2215
f 3656 2601 3740
f 4142 1758 2601
f 1758 4142 4372
f 2557 3634 852
f 2557 852 1137
f 2315 4372 4142
f 2146 3634 2557
f 2146 4523 3634
f 1178 4523 2146
f 381 3559 2315
f 4372 2315 1528
f 1528 2315 3559
f 1178 295 4523
f 1178 2146 962
f 1178 962 1627
f 1457 1926 3559
f 1528 3559 1926
f 1178 1627 295
f 1528 1926 940
f 295 1627 4384
f 4384 3632 295
f 268 1457 3524
f 3524 4510 268
f 1627 228 4384
f 3632 4384 1388
f 3632 1388 4510
f 4510 1388 268
f 268 1747 1457
f 940 1926 2584
f 1926 1747 2584
f 1926 1457 1747
f 1627 3827 228
f 228 3297 4384
f 228 3827 523
f 3297 1388 4384
f 1388 530 268
f 268 3424 1747
f 530 3903 268
f 268 3903 3424
f 523 2453 228
f 228 2453 3297
f 3297 530 1388
f 117 523 4306
f 117 2453 523
f 530 3297 4322
f 530 4322 3903
f 2453 2690 3297
f 2453 3383 2690
f 3297 2690 4322
f 816 474 3439
f 2768 2150 4312
f 474 958 3439
f 474 4312 958
f 2138 1403 2768
f 2138 3149 1403
f 2768 1403 2150
f 958 4312 4001
f 3149 507 1403
f 1853 3439 958
f 3439 1853 4395
f 2819 4395 1853
f 4395 2819 1491
f 2568 2819 3309
f 1124 2452 4555
f 4555 58 652
f 4555 652 1124
f 624 3309 177
f 4555 1509 58
f 1270 624 177
f 2959 4166 1509
f 4184 4166 2959
f 2502 3597 108
f 1519 3597 2502
f 2417 4166 4184
f 4184 1092 2417
f 2683 4572 3673
f 3331 1366 2812
f 4256 1902 4480
f 1224 2592 1487
f 4034 4598 3395
f 4239 2592 1504
f 3380 1427 1397
f 1499 1167 2374
f 4612 2630 551
f 2374 4612 551
f 3587 2195 2630
f 956 208 4564
f 1798 3927 2195
f 4065 4070 956
f 4070 4065 3119
f 3119 4065 4478
f 4643 3928 1204
f 4065 3845 4478
f 3288 1204 4561
f 69 4061 3845
f 2166 4345 1668
f 4345 542 1668
f 2412 542 4345
f 991 866 541
f 991 941 866
f 3081 542 617
f 617 1665 3081
f 1665 737 3986
f 4507 737 1665
f 4507 3266 737
f 3784 1584 3740
f 3266 1137 2215
f 3655 1137 3266
f 4002 3784 2601
f 1758 4002 2601
f 3655 2993 1137
f 1844 1758 2598
f 4372 2598 1758
f 2993 2557 1137
f 2557 2993 3536
f 2598 4372 3226
f 2901 2146 2557
f 2901 962 2146
f 1528 3226 4372
f 1528 1243 3226
f 3226 1243 1478
f 962 2901 45
f 940 1243 1528
f 3865 1243 940
f 962 45 2332
f 2197 940 2584
f 962 3827 1627
f 233 523 3827
f 2584 2090 2197
f 1747 2090 2584
f 233 4306 523
f 2090 2791 2197
f 1747 3424 2400
f 1747 2400 2090
f 2791 2090 2400
f 2791 2400 3384
f 1016 3424 3903
f 3424 1016 2400
f 1016 1591 2400
f 2400 1591 3384
f 1037 117 4306
f 117 3383 2453
f 2444 1037 3963
f 2444 117 1037
f 1016 3903 4322
f 117 2444 3383
f 2690 1577 4322
f 4322 1577 1016
f 3508 3383 2444
f 1859 3383 3508
f 3383 1859 2690
f 1577 2859 1016
f 1577 2690 2859
f 1016 2859 1591
f 1859 1533 2690
f 2690 1533 2859
f 4536 1591 2859
f 1859 2324 1533
f 3312 1533 2324
f 1533 1628 2859
f 1533 3312 1628
f 174 1866 4243
f 2461 2768 1866
f 1866 1381 4243
f 4243 1381 474
f 4243 474 816
f 1866 2768 1381
f 2461 2138 2768
f 1381 2768 4312
f 1381 4312 474
f 816 3439 4434
f 4434 2950 816
f 1337 4434 3439
f 4395 1337 3439
f 4395 1491 1337
f 2449 1337 1491
f 360 507 3149
f 2449 1491 2568
f 360 1124 507
f 360 2452 1124
f 360 2446 2452
f 2819 2568 1491
f 2368 1509 4555
f 1443 624 1270
f 1848 1443 1270
f 2959 1509 2368
f 1848 2502 2625
f 108 3597 2782
f 1092 4184 1697
f 2782 3597 4452
f 4546 3642 4452
f 1366 3642 4546
f 3331 1858 1366
f 3852 4256 4480
f 4256 307 1902
f 4465 1487 3014
f 4034 3395 3447
f 1504 2592 1224
f 1504 2665 4239
f 1384 2665 1504
f 3380 572 3588
f 4612 2374 1167
f 3587 1798 2195
f 956 4070 208
f 1798 2356 3927
f 3262 2356 1798
f 3262 4643 2356
f 3928 4643 3262
f 4561 1204 3928
f 3845 4061 4478
f 505 3041 69
f 4491 4493 505
f 4332 2166 4466
f 2349 1511 4491
f 4332 4345 2166
f 2412 4345 4332
f 2412 3739 542
f 3739 617 542
f 922 1665 617
f 3876 3373 2486
f 922 4507 1665
f 1584 3373 3876
f 4507 558 1395
f 1395 3266 4507
f 1395 3655 3266
f 2601 3784 3740
f 4002 411 279
f 411 4002 1844
f 1758 1844 4002
f 2993 3655 4157
f 4157 3536 2993
f 3226 4308 2598
f 3536 2901 2557
f 3226 1478 4308
f 829 45 2901
f 829 2901 3536
f 2332 45 829
f 3865 1478 1243
f 2197 3865 940
f 962 2332 3827
f 3827 2332 3333
f 3333 233 3827
f 233 3333 607
f 607 4306 233
f 3865 2197 2791
f 4218 3865 2791
f 2791 2482 4218
f 3384 2482 2791
f 4319 2482 3384
f 1037 4306 1650
f 1037 1650 3963
f 1297 2444 3963
f 3963 3009 1297
f 4319 3384 3913
f 1297 3508 2444
f 1591 3913 3384
f 3508 1297 3025
f 3508 2324 1859
f 4536 3913 1591
f 3508 3025 2324
f 174 4536 2859
f 1628 174 2859
f 2324 3025 3312
f 174 527 4536
f 3913 4536 18
f 18 4536 527
f 3312 3057 1628
f 1628 3057 174
f 18 527 3308
f 3057 1866 174
f 174 4243 527
f 527 4243 3308
f 2461 3312 3025
f 3312 2461 3057
f 3057 2461 1866
f 3308 816 2950
f 3308 4243 816
f 509 2138 2461
f 509 2898 2138
f 2138 2898 3149
f 2568 3309 624
f 4555 2452 2368
f 508 2959 2368
f 1848 2625 1443
f 2625 2502 3973
f 2502 108 3973
f 2959 1689 4184
f 2959 508 1689
f 4452 3642 2782
f 1288 2833 3331
f 4034 3447 4465
f 1384 1397 2665
f 349 4341 3588
f 4597 4341 349
f 572 2352 3588
f 349 3588 2352
f 2918 1656 2817
f 1167 1442 4612
f 1442 1167 2817
f 1442 2817 1656
f 339 1656 2918
f 3182 339 2918
f 3182 208 339
f 4564 208 3182
f 4070 2347 208
f 3288 1449 158
f 3853 4466 1449
f 3739 922 617
f 558 4507 922
f 558 922 2872
f 3373 2427 2486
f 3784 3373 1584
f 3373 3784 279
f 1395 2380 3655
f 4002 279 3784
f 279 411 4159
f 1844 3980 411
f 62 3536 4157
f 62 829 3536
f 3923 829 62
f 1478 3173 4308
f 1478 2756 3173
f 829 3923 2524
f 2332 829 2524
f 3865 2756 1478
f 3173 2756 4418
f 2524 3399 2332
f 3333 2332 3399
f 3865 4218 2756
f 1922 4218 4213
f 2482 4213 4218
f 3960 4306 607
f 2482 4329 4213
f 4319 4329 2482
f 1650 4306 3960
f 4329 4319 355
f 3913 355 4319
f 3025 1297 3499
f 3913 18 355
f 1732 355 18
f 3499 509 3025
f 509 2461 3025
f 18 2950 1732
f 18 3308 2950
f 2950 4434 4380
f 4434 1337 4380
f 360 3149 2898
f 2449 264 1337
f 2449 2568 4571
f 624 4571 2568
f 624 1443 4571
f 2519 508 2368
f 1689 508 1954
f 1697 4184 1689
f 108 2782 3973
f 4530 4551 1697
f 2619 2683 3673
f 1366 3468 3642
f 3468 1366 1858
f 2677 3852 3029
f 2677 4256 3852
f 3331 2833 1858
f 1902 307 1288
f 2833 1288 307
f 2833 307 1209
f 2833 1209 1235
f 1399 1224 1487
f 4465 1399 1487
f 3395 4598 2442
f 3395 2442 2498
f 4597 349 2442
f 1397 1384 2764
f 339 3893 1656
f 1803 4612 1442
f 1803 1442 1656
f 1803 3587 2630
f 1803 2630 4612
f 2347 4343 208
f 4343 339 208
f 1917 3288 4561
f 69 3041 4061
f 866 3981 541
f 4332 2777 2412
f 866 1404 3981
f 2777 3739 2412
f 866 941 1404
f 2486 2427 941
f 558 2872 2380
f 2380 1395 558
f 3373 4159 2427
f 3373 279 4159
f 3579 2380 3052
f 2380 3579 3655
f 4157 3655 3579
f 3980 1844 4053
f 2598 4308 1844
f 4308 2696 1844
f 4308 3173 2696
f 4418 2567 3173
f 2756 1922 4418
f 4218 1922 2756
f 607 3333 2651
f 3541 4213 3834
f 4329 3834 4213
f 3960 607 2651
f 4247 1650 3960
f 355 2747 4329
f 1650 4247 3963
f 3963 4247 3009
f 1297 3009 2828
f 3499 1297 2828
f 3499 2828 4146
f 1732 2950 1901
f 4146 2898 509
f 4146 509 3499
f 2898 4146 3166
f 1337 1049 4380
f 1337 264 1049
f 4278 360 2898
f 360 4278 2446
f 4172 2449 4571
f 2446 4278 120
f 120 2452 2446
f 120 2580 2452
f 2519 2368 2452
f 1443 2836 4571
f 2625 2836 1443
f 1954 508 2519
f 3973 130 2625
f 4530 1697 1689
f 3673 4551 2619
f 1858 3110 3468
f 4256 2677 4481
f 3110 1858 1235
f 4256 4481 307
f 2833 1235 1858
f 1100 1224 1399
f 349 2498 2442
f 4298 2764 1384
f 3893 3497 1656
f 1803 1410 3587
f 4343 3893 339
f 3587 2268 1798
f 3262 4560 3928
f 4561 3928 4560
f 3041 4161 4061
f 3853 1449 3288
f 1511 4493 4491
f 3945 4466 3853
f 3945 4332 4466
f 1690 922 3739
f 922 1690 2872
f 3411 2380 2872
f 3052 2380 3411
f 3980 1413 411
f 1844 2696 4053
f 392 62 4157
f 2696 4006 4053
f 2566 3923 62
f 3173 2567 2696
f 2567 4006 2696
f 2567 4418 1121
f 568 3399 2524
f 568 3333 3399
f 2651 3333 568
f 4213 3541 1922
f 2747 3834 4329
f 1429 3834 2747
f 355 59 2747
f 1732 59 355
f 1732 1901 59
f 84 4146 2828
f 1901 2950 4380
f 2086 4380 1049
f 3166 4278 2898
f 264 1610 3652
f 2449 4172 264
f 4172 1610 264
f 2205 4571 2836
f 2452 2580 2519
f 1985 1954 2519
f 3501 130 3973
f 1954 4530 1689
f 2782 4018 3973
f 503 2782 3642
f 503 3642 3468
f 3110 1463 3468
f 307 4481 1209
f 3447 1399 4465
f 2107 1100 1399
f 2107 1399 3447
f 3447 3395 3697
f 2498 1269 3395
f 579 1384 1504
f 349 2893 2498
f 2352 2893 349
f 1397 2764 3380
f 2764 572 3380
f 2352 572 3721
f 572 2764 978
f 1803 1656 3070
f 3070 1656 3497
f 3497 3893 550
f 550 3893 4343
f 1308 550 4343
f 2347 1308 4343
f 2268 3262 1798
f 4070 1308 2347
f 3262 2268 4560
f 2310 1308 4070
f 2310 4070 3119
f 4478 4061 1830
f 4161 1830 4061
f 505 4493 3041
f 181 3853 3288
f 3945 2777 4332
f 2777 3945 4531
f 1404 4054 3981
f 375 2872 1690
f 375 3411 2872
f 4159 2102 2427
f 4159 4119 2102
f 3411 4225 3052
f 4159 411 4119
f 3980 4053 1413
f 392 4157 3579
f 2566 62 392
f 1121 4006 2567
f 2524 3923 2043
f 2043 4032 2524
f 2524 4032 568
f 1922 3541 4418
f 3931 3541 4255
f 1132 2651 568
f 3834 1429 3541
f 1429 4255 3541
f 1201 2747 59
f 84 2828 3009
f 4146 84 1984
f 3166 4146 1984
f 4380 2086 1901
f 264 3652 4089
f 4278 3166 4203
f 4571 2205 4172
f 2163 120 4203
f 120 2163 2580
f 1985 2519 2580
f 2625 130 2836
f 4498 4530 1954
f 3973 4018 3501
f 4018 2782 503
f 1463 503 3468
f 1100 3627 1224
f 1224 3627 1504
f 3697 3395 1269
f 1384 579 4298
f 978 2764 4298
f 3721 2893 2352
f 978 3575 572
f 572 3575 3721
f 3911 1410 1803
f 1410 2296 3587
f 2296 1410 3911
f 2296 2947 3587
f 3587 2947 2268
f 4560 2268 2947
f 4560 2947 4561
f 2310 3119 765
f 133 765 3119
f 4478 133 3119
f 4478 1830 133
f 181 3288 1917
f 4493 4130 3041
f 3945 589 4531
f 541 2349 142
f 3739 2777 4531
f 3739 2528 1690
f 941 798 1404
f 2427 798 941
f 2334 3411 375
f 2334 4225 3411
f 1413 4119 411
f 2801 3052 4225
f 2801 3579 3052
f 4053 4006 2063
f 4032 2043 3400
f 4032 1085 568
f 3541 3931 4418
f 3330 1132 568
f 4255 878 3255
f 3960 2651 1132
f 4255 1429 878
f 914 3009 4247
f 84 3009 914
f 2747 1201 1429
f 59 787 1201
f 59 1901 787
f 787 1901 2086
f 1984 2983 3166
f 264 4089 1049
f 3166 2983 4203
f 120 4278 4203
f 4172 2205 1610
f 1985 2580 2163
f 130 3733 2836
f 130 3501 3733
f 1985 340 4498
f 1954 1985 4498
f 1109 4551 4530
f 4572 2683 3351
f 2457 4572 3351
f 4572 2457 3029
f 2677 3029 2457
f 3110 1235 957
f 1142 1504 3627
f 579 1504 1142
f 2498 2893 1269
f 1041 4298 579
f 1041 978 4298
f 3457 2893 3721
f 1803 3070 3911
f 3070 3497 2771
f 3497 550 2771
f 4130 4161 3041
f 181 3945 3853
f 181 589 3945
f 4531 2528 3739
f 2102 798 2427
f 4119 3451 2102
f 1413 2871 4119
f 4053 1175 1413
f 593 2043 2566
f 2566 2043 3923
f 1121 2820 451
f 3400 1085 4032
f 1121 4418 2820
f 3931 2820 4418
f 3931 3671 2820
f 3330 568 1085
f 4255 3671 3931
f 3255 3671 4255
f 3330 3228 1132
f 878 494 3255
f 3960 1132 2273
f 494 878 3348
f 3960 2273 380
f 4247 3960 380
f 380 914 4247
f 1429 1201 390
f 878 1429 390
f 1201 787 390
f 1984 84 914
f 1984 914 4231
f 2983 1984 4227
f 1984 4231 4227
f 2983 1200 4203
f 3490 2163 4203
f 2205 2836 3700
f 2836 3733 3700
f 249 4498 340
f 4530 4498 1109
f 2619 4551 1109
f 3110 2900 1463
f 3110 957 2900
f 4481 1235 1209
f 3575 3457 3721
f 1913 3911 3070
f 1913 3070 2771
f 1308 781 550
f 781 2771 550
f 2947 2296 1344
f 4579 1308 2310
f 545 589 181
f 545 4044 589
f 541 3610 2349
f 1812 589 4044
f 1812 4531 589
f 1812 2528 4531
f 1404 698 4054
f 4119 2871 3451
f 4053 2063 1175
f 1121 2410 4006
f 451 1246 1121
f 593 3400 2043
f 116 3330 1085
f 3880 3330 116
f 3880 3228 3330
f 3228 2273 1132
f 3348 878 390
f 3990 380 2273
f 914 380 3990
f 787 410 390
f 787 2086 410
f 1049 410 2086
f 1049 1832 410
f 1049 4089 1832
f 3652 1610 4274
f 3490 4203 1200
f 2205 2341 1610
f 1985 2163 340
f 2163 3573 340
f 3733 3501 3613
f 586 4498 249
f 3501 4018 3613
f 4498 586 1109
f 700 2619 1109
f 1629 2457 3351
f 4481 957 1235
f 2321 2107 3447
f 2321 3447 3697
f 1344 3911 1913
f 1344 2296 3911
f 781 1422 2771
f 2686 2947 1344
f 2686 4561 2947
f 1308 4579 781
f 2261 765 133
f 1917 4262 181
f 545 181 4262
f 545 2814 4044
f 3981 3610 541
f 2015 2528 1812
f 473 2015 1812
f 798 150 1404
f 1413 1175 2871
f 4075 392 3579
f 4075 1169 392
f 4006 2410 1583
f 2566 392 1169
f 1169 593 2566
f 1121 1246 2410
f 167 1085 3400
f 3255 1230 2911
f 494 1230 3255
f 3523 3990 2273
f 390 2633 3348
f 390 410 2633
f 914 3990 192
f 192 4231 914
f 4089 3652 4063
f 1200 2983 4227
f 2205 3700 2341
f 3733 92 3700
f 340 3573 249
f 3613 92 3733
f 3901 1109 586
f 1109 3901 700
f 2619 700 3772
f 503 1463 1945
f 2683 2619 3772
f 3351 2683 3772
f 1629 278 2457
f 2457 278 2677
f 4481 2677 278
f 950 3627 1100
f 950 1100 2107
f 2321 3697 421
f 1269 2893 964
f 2771 1422 1913
f 1115 4561 2686
f 1115 1917 4561
f 765 4579 2310
f 765 2261 4579
f 1115 714 1917
f 4130 432 4161
f 490 545 4262
f 4350 545 490
f 2814 545 4350
f 2349 3610 1511
f 2814 1812 4044
f 473 1812 2814
f 2545 2528 2015
f 1690 2528 2545
f 698 1404 150
f 4535 375 1690
f 4535 2334 375
f 3451 642 2102
f 3377 2801 4225
f 4075 3579 2801
f 1583 2063 4006
f 593 924 167
f 167 3400 593
f 116 1085 167
f 3361 116 167
f 3880 116 3361
f 3255 2911 3671
f 3228 3880 2434
f 2273 3228 2434
f 195 3523 2273
f 3348 510 494
f 2053 3990 3523
f 1832 2633 410
f 2053 192 3990
f 3659 4231 192
f 4227 4231 3659
f 4274 4063 3652
f 4274 1610 2341
f 1152 3490 1200
f 4260 2341 3700
f 1152 3573 3490
f 3490 3573 2163
f 4260 3700 92
f 249 399 586
f 3613 4018 1087
f 399 3901 586
f 700 3901 4578
f 503 1945 4018
f 3772 700 4578
f 1463 1031 1945
f 2900 1031 1463
f 278 166 4481
f 4122 957 166
f 4481 166 957
f 950 2107 2321
f 1748 579 1142
f 3457 3575 1755
f 2070 1422 781
f 4579 2070 781
f 2261 2070 4579
f 2261 133 815
f 1830 815 133
f 1917 714 490
f 1830 802 815
f 1830 4161 802
f 490 4262 1917
f 2514 4350 490
f 4493 3436 4130
f 4350 2514 434
f 1511 3436 4493
f 2814 4475 473
f 4054 3610 3981
f 698 2496 4054
f 2015 473 2448
f 2102 642 798
f 4197 2334 4535
f 2334 3377 4225
f 3377 4075 2801
f 2063 1583 1175
f 1169 4075 949
f 1921 167 924
f 2820 2014 451
f 2820 2911 2014
f 3361 167 1921
f 3671 2911 2820
f 195 2273 2434
f 3350 2053 3523
f 1832 203 2633
f 192 2053 4614
f 4274 2178 4063
f 3659 1200 4227
f 998 1200 3659
f 2401 249 3573
f 3613 1942 92
f 806 249 2401
f 249 806 399
f 1945 1087 4018
f 311 4578 3901
f 4578 2851 3351
f 4578 3351 3772
f 1031 742 1945
f 1031 2900 428
f 957 4122 2900
f 3233 1142 3627
f 2516 1142 3233
f 978 4226 3575
f 4226 1755 3575
f 3457 1755 2667
f 2686 1344 1913
f 1422 1617 1913
f 4215 1115 2686
f 2514 490 714
f 432 802 4161
f 3436 432 4130
f 3610 3436 1511
f 4475 4350 434
f 4475 2814 4350
f 4054 2496 3610
f 4475 2448 473
f 4475 2009 2448
f 2496 698 2079
f 2015 4120 2545
f 2448 4120 2015
f 4535 1690 2545
f 150 798 2888
f 642 2888 798
f 2871 1175 4163
f 427 1175 1583
f 3850 1169 949
f 1246 451 4450
f 3880 3361 3234
f 3350 3523 195
f 203 510 3348
f 3348 2633 203
f 2053 3426 4614
f 4089 4063 1832
f 998 192 4614
f 3659 192 998
f 4274 260 2178
f 4274 2341 260
f 4506 1152 998
f 998 1152 1200
f 1152 2401 3573
f 4260 2187 2341
f 4260 92 1806
f 311 399 806
f 1942 3613 1087
f 399 311 3901
f 2851 4578 311
f 2743 3351 2851
f 3351 2743 1629
f 1031 428 742
f 3824 278 1629
f 3824 1742 278
f 2900 4122 428
f 278 1742 166
f 166 1742 1813
f 166 1813 4122
f 3819 421 3697
f 1269 3819 3697
f 94 3819 964
f 3819 1269 964
f 1142 2516 1748
f 2893 898 964
f 964 898 94
f 579 1748 1041
f 1041 1748 3551
f 2667 3168 898
f 2893 2667 898
f 3457 2667 2893
f 3551 4226 1041
f 4226 978 1041
f 2686 1913 3672
f 1617 3672 1913
f 1617 1422 1012
f 1422 3472 1012
f 3472 1422 2070
f 4645 714 1115
f 2514 714 4645
f 2590 2514 4645
f 794 2590 4645
f 2590 434 2514
f 150 2079 698
f 4120 4535 2545
f 2871 642 3451
f 2977 2334 4197
f 2977 3377 2334
f 949 4075 3377
f 3357 1169 3850
f 2410 3890 1583
f 1246 3890 2410
f 593 3357 924
f 593 1169 3357
f 1238 1921 924
f 2014 4450 451
f 2434 3880 3234
f 494 3789 1230
f 3058 195 2434
f 510 1694 494
f 3426 2053 3350
f 1832 4063 203
f 953 260 2341
f 953 2341 2187
f 2401 1152 2004
f 1806 2187 4260
f 1942 1806 92
f 2596 806 2401
f 3068 311 806
f 1942 1087 1719
f 311 1562 2851
f 2743 2851 1562
f 1087 1945 1719
f 3824 1629 2743
f 2761 742 428
f 1937 428 4122
f 4122 3737 1937
f 1742 3737 1813
f 1813 3737 4122
f 950 2321 421
f 4226 3551 221
f 1755 4226 221
f 3672 4215 2686
f 3672 1617 1012
f 1115 4215 4645
f 2085 2070 2261
f 37 2070 2085
f 815 2085 2261
f 4359 2590 794
f 2945 432 3436
f 2590 4359 1172
f 1172 434 2590
f 3610 2945 3436
f 1172 1553 434
f 1553 4475 434
f 3610 2496 2945
f 2009 4475 1553
f 610 4120 2448
f 610 2448 2009
f 150 3338 2079
f 2888 3676 150
f 642 3676 2888
f 4197 4535 1134
f 4043 642 2871
f 3676 642 4043
f 2389 2977 4197
f 694 3377 2977
f 694 949 3377
f 1175 427 4163
f 3850 949 694
f 2386 924 3357
f 2386 1238 924
f 744 1238 1374
f 744 1921 1238
f 744 3361 1921
f 2911 3701 2014
f 3234 3361 1227
f 3350 195 3058
f 494 1694 3789
f 510 3465 1694
f 3075 510 203
f 4063 3075 203
f 489 4614 3426
f 726 998 4614
f 260 3365 2178
f 726 4506 998
f 1152 4506 2004
f 2596 2401 2004
f 3303 2187 1806
f 3068 806 2596
f 1806 1942 3303
f 1562 311 3068
f 1942 1719 2390
f 1719 920 2390
f 1719 2035 920
f 1945 2035 1719
f 742 2035 1945
f 2035 742 1260
f 4046 3824 2743
f 1937 2761 428
f 2408 1742 3824
f 2408 3704 3737
f 1742 2408 3737
f 3737 3704 1937
f 3233 755 2516
f 1748 2516 3551
f 2425 3672 1012
f 2425 4215 3672
f 4645 4215 2425
f 4645 2425 794
f 889 2425 1012
f 889 1012 3472
f 2070 37 3472
f 608 889 3472
f 608 3472 37
f 2896 2425 889
f 4098 794 2425
f 4098 2425 2896
f 815 1815 2085
f 815 566 1815
f 815 802 566
f 4098 4359 794
f 201 4098 2896
f 566 802 1722
f 432 1722 802
f 432 1433 1722
f 432 2945 1433
f 4359 3375 1172
f 2496 83 2945
f 2009 1553 3929
f 2079 83 2496
f 1134 4535 4120
f 150 3676 3338
f 3338 3676 2912
f 3676 1477 2912
f 4163 4043 2871
f 2389 694 2977
f 1583 3890 427
f 2386 3357 3850
f 1238 2386 3830
f 1374 1238 3830
f 3282 3361 744
f 3282 1227 3361
f 2911 1230 3701
f 3058 2434 3234
f 3789 2108 1230
f 3789 1694 2108
f 1694 2624 2108
f 3465 2624 1694
f 3075 4063 2178
f 726 4614 489
f 726 2702 4506
f 953 3365 260
f 2004 4506 2702
f 2702 2596 2004
f 2187 4117 953
f 2187 3303 4117
f 2390 3303 1942
f 1562 3068 2432
f 2743 1562 997
f 997 4046 2743
f 3824 4046 2408
f 4046 1793 2408
f 2761 256 1260
f 742 2761 1260
f 1793 3704 2408
f 3704 1793 648
f 3704 648 3547
f 1937 3547 256
f 1937 256 2761
f 3704 3547 1937
f 3627 950 3233
f 898 3168 94
f 2896 889 608
f 1815 37 2085
f 608 37 2478
f 2478 37 1815
f 566 291 1815
f 1722 291 566
f 1722 1186 291
f 1433 1186 1722
f 3375 4359 4098
f 83 1433 2945
f 1172 3929 1553
f 3374 610 2009
f 3374 2009 3929
f 2079 3584 83
f 3338 3584 2079
f 4120 610 1189
f 1189 1134 4120
f 2912 4494 3338
f 1467 2389 4197
f 4043 1477 3676
f 4163 1477 4043
f 2389 2586 694
f 3850 694 2586
f 2386 3850 2586
f 4450 66 1246
f 3701 4450 2014
f 3282 2208 1227
f 1227 2208 3234
f 1230 2849 3701
f 2108 2849 1230
f 2108 733 2849
f 2984 3350 3058
f 733 2108 2624
f 3075 3465 510
f 3465 3075 3871
f 220 3075 2178
f 1240 726 489
f 2702 726 824
f 3365 953 1346
f 2702 1515 2596
f 3068 2596 2780
f 4117 3303 14
f 2780 2432 3068
f 3303 920 14
f 2390 920 3303
f 2636 920 2035
f 997 1793 4046
f 256 763 1260
f 3547 763 256
f 3233 950 3104
f 4644 421 3819
f 3819 94 4644
f 3551 2516 3702
f 1928 201 2896
f 608 1928 2896
f 86 2478 1815
f 291 86 1815
f 4514 608 2478
f 1928 608 4514
f 4514 2478 86
f 2384 4098 201
f 2384 201 1928
f 291 715 86
f 3375 4098 2384
f 1186 715 291
f 4282 1172 3375
f 1433 83 1186
f 4282 3929 1172
f 610 3374 1999
f 1999 1189 610
f 3338 3214 3584
f 4494 3214 3338
f 1767 1134 1189
f 1767 4197 1134
f 1767 1467 4197
f 4494 2912 4396
f 2912 1477 4396
f 4163 4396 1477
f 2586 2389 3519
f 4396 4163 3139
f 4163 427 3139
f 3002 2386 2586
f 3139 427 2919
f 3890 2919 427
f 3890 1246 66
f 3282 744 1374
f 2208 3282 2083
f 4169 4450 2700
f 3701 2700 4450
f 3701 2294 2700
f 3701 2849 2294
f 3058 3234 2208
f 733 3000 2849
f 1762 3000 733
f 1762 733 867
f 733 2624 867
f 1995 2624 3465
f 1117 3426 3350
f 3897 3426 1117
f 3897 489 3426
f 3871 3075 220
f 220 2178 1289
f 1240 489 904
f 3365 1289 2178
f 2443 1289 3365
f 824 726 1240
f 641 3365 1346
f 1515 2702 824
f 4117 1346 953
f 2780 2596 1515
f 4117 14 110
f 2432 2780 2579
f 920 519 14
f 920 2636 519
f 2432 1107 1562
f 2636 2035 3892
f 997 1562 1107
f 1260 3892 2035
f 648 1793 997
f 1260 763 3892
f 3547 4201 763
f 648 4201 3547
f 4644 2022 421
f 2779 2516 755
f 190 484 94
f 3702 2516 2779
f 190 94 3168
f 221 3551 3702
f 221 2667 1755
f 1928 686 2384
f 686 3375 2384
f 686 1928 834
f 834 1928 4514
f 3264 4514 86
f 834 4514 3264
f 3264 86 715
f 3375 686 4282
f 3264 715 3261
f 1186 3261 715
f 605 4282 686
f 83 712 1186
f 3584 712 83
f 3374 3929 724
f 1767 1189 1999
f 1767 1999 3420
f 4494 300 3214
f 3420 1467 1767
f 300 4494 492
f 4494 4396 492
f 492 4396 3310
f 3519 2389 1467
f 2586 805 3002
f 2386 3002 3830
f 3890 66 2919
f 3830 3046 521
f 3830 521 1374
f 66 4450 4169
f 3282 1374 438
f 438 2083 3282
f 2083 2507 4487
f 4487 2208 2083
f 3058 2208 4487
f 2849 3000 2294
f 3058 4299 2984
f 1117 3350 2984
f 2729 867 1995
f 2624 1995 867
f 3871 1995 3465
f 3871 316 1995
f 1289 316 3871
f 3871 220 1289
f 3897 904 489
f 641 2443 3365
f 3609 1515 824
f 1346 4117 825
f 825 4117 110
f 2579 2780 2856
f 519 110 14
f 1107 2432 2579
f 997 1107 3489
f 648 3489 2972
f 997 3489 648
f 648 2972 4201
f 4201 3744 763
f 950 2022 3104
f 2022 950 421
f 4644 94 484
f 2667 190 3168
f 221 190 2667
f 605 686 2523
f 2523 686 834
f 3467 834 3264
f 3261 3467 3264
f 712 3261 1186
f 4282 724 3929
f 724 4282 605
f 3584 4404 712
f 3214 4404 3584
f 3214 300 4404
f 1319 3420 2655
f 2655 3420 1999
f 1467 3420 2007
f 1467 2007 3519
f 2586 3519 805
f 3139 3310 4396
f 3310 3139 3509
f 3509 3139 2895
f 3139 2919 2895
f 3046 3830 3002
f 2895 2919 1894
f 66 1894 2919
f 66 4169 1894
f 438 1374 521
f 2700 1818 4169
f 2700 504 1818
f 2294 504 2700
f 4299 4487 2507
f 2507 76 4299
f 4299 3058 4487
f 1117 2984 3820
f 867 2729 1762
f 3820 2024 1117
f 3897 1117 2024
f 2729 1995 109
f 316 109 1995
f 629 1240 904
f 629 3609 824
f 1240 629 824
f 433 1515 3609
f 2856 1515 433
f 2856 2780 1515
f 4323 110 519
f 2662 1107 2579
f 2636 3892 519
f 4356 3892 3744
f 1107 2662 3489
f 763 3744 3892
f 2972 3744 4201
f 2614 3104 2022
f 2614 2022 4644
f 3233 3104 755
f 190 221 2774
f 221 3702 2774
f 712 3467 3261
f 712 4404 3467
f 2655 1999 3374
f 3374 99 2655
f 300 3164 1103
f 492 3132 300
f 300 3132 3164
f 3420 1319 2007
f 2007 1989 3519
f 3132 492 3310
f 3046 3002 3838
f 3509 2895 46
f 2895 1894 46
f 46 1894 1089
f 1894 4169 1089
f 4169 1818 1089
f 521 4251 438
f 4251 2083 438
f 4251 2507 2083
f 2294 498 504
f 985 4299 76
f 3000 498 2294
f 3000 3958 498
f 4299 985 4573
f 4573 2984 4299
f 3820 2984 4573
f 1762 3958 3000
f 1762 2455 3958
f 2024 3820 4573
f 109 316 379
f 2443 316 1289
f 2242 316 2443
f 629 433 3609
f 641 1346 825
f 433 1196 2856
f 2856 1196 4076
f 110 4323 825
f 4076 2579 2856
f 2579 4076 2662
f 519 4356 4323
f 3892 4356 519
f 3489 2973 2972
f 2973 4356 3744
f 3744 2972 2973
f 2437 3975 4644
f 3975 2614 4644
f 484 2437 4644
f 2437 484 424
f 2098 3702 2779
f 424 190 770
f 1123 2523 834
f 3995 605 2523
f 3995 2523 1123
f 1123 834 3467
f 3274 1123 3467
f 605 3995 3271
f 1123 3274 2071
f 4404 3274 3467
f 99 3374 724
f 3271 99 724
f 605 3271 724
f 2071 3274 1103
f 1103 3274 4404
f 1103 4404 300
f 2655 99 1319
f 2071 1103 3164
f 1319 3066 2007
f 3132 3802 3164
f 2007 3066 1989
f 1989 3066 3353
f 3132 4515 3802
f 1989 805 3519
f 3310 4515 3132
f 3509 4515 3310
f 3838 3002 805
f 4515 3218 970
f 3509 3218 4515
f 3838 458 3046
f 46 3218 3509
f 3046 458 4167
f 46 1089 3629
f 4167 521 3046
f 521 4167 4139
f 521 4139 4251
f 498 1745 504
f 1787 1745 4458
f 498 4458 1745
f 3958 4458 498
f 4134 2113 4458
f 4134 4458 3958
f 3151 76 2517
f 985 76 3151
f 902 4573 985
f 902 985 3151
f 3151 2200 902
f 2455 4134 3958
f 2455 731 4134
f 1910 731 2455
f 4573 902 2024
f 2455 2698 1910
f 2729 2698 1762
f 1762 2698 2455
f 2024 902 3581
f 2673 2698 2729
f 109 2673 2729
f 2212 2024 3581
f 2212 3897 2024
f 2005 2673 109
f 904 3897 2212
f 2005 109 379
f 904 3663 629
f 2242 379 316
f 2037 433 629
f 641 2242 2443
f 433 3605 1196
f 3605 3645 1196
f 2865 2242 641
f 3206 2242 2865
f 2865 641 825
f 1196 3645 4076
f 4356 2421 4323
f 2662 4076 1631
f 2662 1631 3489
f 3489 1631 2973
f 3104 2614 1321
f 2614 3975 1321
f 1321 755 3104
f 3860 2779 755
f 190 424 484
f 190 2774 770
f 4486 3995 1123
f 2071 4486 1123
f 243 3271 3995
f 243 99 3271
f 647 4486 2071
f 2054 4486 647
f 99 243 2785
f 99 2785 1319
f 3921 2054 647
f 3164 647 2071
f 1130 2785 3921
f 3711 3921 647
f 2785 3066 1319
f 621 2785 1130
f 1130 3921 3711
f 486 3711 647
f 3164 486 647
f 2785 621 3066
f 3802 486 3164
f 2538 3711 486
f 3802 4138 486
f 3353 1139 3838
f 4515 4138 3802
f 3353 805 1989
f 805 3353 3838
f 4138 732 486
f 970 732 4138
f 4515 970 4138
f 458 3838 841
f 4509 732 970
f 3218 2775 970
f 46 2775 3218
f 458 841 4139
f 4139 4167 458
f 3629 2775 46
f 1818 3629 1089
f 4139 1205 4251
f 1818 2772 3629
f 2772 504 1745
f 1818 504 2772
f 4251 1205 2507
f 76 2507 2517
f 2517 2507 2217
f 1857 2517 2217
f 1635 2517 1857
f 3406 1635 1710
f 2113 3406 1710
f 2113 1710 1787
f 2113 1787 4458
f 3937 3406 2113
f 3937 2113 731
f 4134 731 2113
f 2517 1635 3151
f 2142 3151 1635
f 2142 1635 3406
f 3937 2142 3406
f 2200 2142 3937
f 2200 3151 2142
f 2701 3937 731
f 3474 2200 3937
f 3474 3937 2701
f 1910 2701 731
f 1590 902 2200
f 1590 2200 3474
f 3474 2701 1910
f 1590 3474 1494
f 1494 3474 1910
f 3381 1910 2698
f 2673 3381 2698
f 1590 3581 902
f 1910 3381 480
f 4170 3381 2673
f 2212 3581 1590
f 2005 4170 2673
f 2212 3663 904
f 379 1987 2005
f 2037 629 3663
f 409 1987 379
f 2242 409 379
f 433 2037 3605
f 2242 3206 409
f 3065 3206 1145
f 895 4076 3645
f 895 3645 3735
f 825 1145 2865
f 2865 1145 3206
f 719 3735 1312
f 719 1312 1145
f 2421 719 1145
f 4323 1145 825
f 4323 2421 1145
f 1631 895 3735
f 4076 895 1631
f 1631 3735 719
f 4356 719 2421
f 1631 719 2973
f 2973 719 4356
f 1321 3860 755
f 4412 2437 424
f 1263 1242 2098
f 2774 3702 1242
f 1242 3702 2098
f 3995 4486 243
f 243 4486 2054
f 2785 243 2054
f 3921 2785 2054
f 621 1130 2303
f 2538 1130 3711
f 2538 2303 1130
f 621 3353 3066
f 1139 3353 621
f 4124 2303 2538
f 3284 621 2303
f 1139 621 3284
f 3284 2303 4124
f 732 2538 486
f 1139 841 3838
f 1139 3284 841
f 1652 3284 4124
f 2889 4124 2538
f 732 2889 2538
f 4509 2889 732
f 223 841 3284
f 223 3284 1652
f 3534 1652 4124
f 3534 4124 2889
f 2615 3534 2889
f 2615 2889 4509
f 2853 223 1652
f 403 1652 3534
f 2853 1652 403
f 403 3534 2615
f 403 2615 3812
f 2775 4509 970
f 223 4139 841
f 2887 3812 2615
f 3004 2615 4509
f 2887 2615 3004
f 2775 3004 4509
f 2853 403 3812
f 223 344 4139
f 223 2853 344
f 344 2853 104
f 2853 3812 104
f 2775 2864 3004
f 3629 2864 2775
f 1205 4139 344
f 1205 344 2217
f 344 104 2217
f 1745 1267 2772
f 1205 2217 2507
f 1710 1267 1787
f 1745 1787 1267
f 1635 1857 1710
f 1910 480 1494
f 3663 2212 1590
f 2137 1590 1494
f 3663 1590 2137
f 2841 480 3381
f 341 1494 480
f 341 480 2841
f 4170 2841 3381
f 2137 1494 341
f 1987 4170 2005
f 369 3663 2137
f 369 2137 803
f 803 2137 341
f 341 2841 44
f 44 2841 4170
f 44 4170 1987
f 3663 369 2037
f 2037 369 2044
f 409 44 1987
f 3605 2037 2044
f 3065 44 409
f 3206 3065 409
f 2044 3645 3605
f 3645 2044 643
f 3645 643 3735
f 3735 643 1731
f 1312 1731 3065
f 1312 3735 1731
f 1145 1312 3065
f 2437 4412 1257
f 2779 3860 2098
f 424 770 2060
f 1242 28 2774
f 2774 28 770
f 3812 2887 52
f 104 3812 52
f 52 2887 2864
f 2864 2887 3004
f 4456 104 52
f 1857 104 4456
f 1267 52 2864
f 2772 2864 3629
f 2772 1267 2864
f 2217 104 1857
f 4456 52 1267
f 1710 4456 1267
f 1857 4456 1710
f 44 803 341
f 1731 803 44
f 2044 369 643
f 643 369 803
f 643 803 1731
f 3065 1731 44
f 1075 2967 3860
f 3860 1321 1075
f 1321 3975 3796
f 2437 3796 3975
f 3860 2967 2098
f 1075 1321 3796
f 1263 2098 2967
f 424 2060 4412
f 770 3910 2060
f 1144 1257 4412
f 28 1242 3003
f 28 1264 770
f 770 1264 3910
f 3796 2437 1257
f 2967 1075 2456
f 2456 1263 2967
f 194 1263 2456
f 2060 3910 4412
f 567 1257 1144
f 3910 1144 4412
f 194 1242 1263
f 1264 28 3003
f 2456 1075 3414
f 1075 3796 3414
f 3716 3796 1257
f 3716 3414 3796
f 1242 194 3003
f 2456 2987 194
f 82 1144 3910
f 194 1739 3003
f 2852 3910 1264
f 1264 3003 2632
f 1264 2632 2852
f 2987 2456 3414
f 1739 194 2987
f 1144 2399 567
f 3910 2852 82
f 3716 2987 3414
f 82 2399 1144
f 3716 1257 567
f 1739 2632 3003
f 3716 821 2987
f 2987 821 1739
f 82 64 2399
f 64 82 2852
f 4618 3716 567
f 2399 4618 567
f 821 3159 1739
f 1739 3159 2632
f 1385 2632 3159
f 2852 2632 64
f 821 3716 1914
f 4618 2399 64
f 2632 1385 64
f 1914 3716 4618
f 1914 3159 821
f 1385 3159 1914
f 1385 1914 4618
f 1385 4618 64