em_id,mean_score,max_score,n_chance,n_rank1,n_top5,group
200326126,0.2079066,0.5864237,1119,0,0,unseen
203253072,0.2729909,0.777034,408,0,0,unseen
203253253,0.06313612,0.3400419,290,0,0,both
203257652,0.27117467,0.7411049,720,0,3,unseen
203594169,0.07665252,0.48533377,392,0,0,unseen
203598504,0.19953279,0.46341437,295,0,0,unseen
203598542,0.19646093,0.7622767,371,0,0,unseen
203598557,0.33602896,0.7482138,456,3,47,unseen
203931040,0.25491244,0.73812145,404,0,0,unseen
204962969,0.20011488,0.6347303,309,0,0,unseen
206555682,0.15841071,0.37840205,63,0,0,unseen
232513671,0.19110139,0.4321929,30,0,0,unseen
233105330,0.21596277,0.3864371,263,0,0,unseen
262167456,0.24509223,0.39044705,48,0,0,unseen
262840563,0.16465327,0.2973191,27,0,0,unseen
264014957,0.30325243,0.78483695,574,0,0,unseen
264438143,0.11214805,0.32770297,351,0,0,unseen
264779403,0.25781068,0.5343289,209,0,0,unseen
264783939,0.1364855,0.42210937,101,0,0,unseen
264822904,0.09889269,0.36559385,264,0,0,unseen
265120424,0.11473206,0.33745253,330,0,0,unseen
265120589,0.12138104,0.30669725,342,0,0,unseen
265120597,0.11224738,0.4085251,417,0,0,unseen
265124786,0.047203097,0.32138225,321,0,0,unseen
265155147,0.2180768,0.49023128,797,0,0,unseen
266187342,0.18215919,0.5299806,713,0,0,unseen
266187383,0.08338548,0.39604458,799,0,0,neg_only
266187477,0.11799441,0.27660537,326,0,0,unseen
266187532,0.24688902,0.50494117,797,0,0,unseen
266187559,0.048614934,0.30817273,268,0,0,unseen
266191395,0.089903176,0.32987761,324,0,0,unseen
266191407,0.116701305,0.80565184,1049,0,0,unseen
266527996,0.22885185,0.50117636,741,0,0,unseen
266528086,0.1826637,0.4843163,766,0,0,unseen
266626740,0.23800959,0.5859741,406,1,13,unseen
266691460,0.3159305,0.6748645,294,0,0,unseen
266873389,0.061662655,0.3065459,288,0,0,unseen
267214250,0.1673617,0.3406367,317,0,0,pos_only
267223027,0.096706554,0.42169234,889,0,0,unseen
267227062,0.020944266,0.22067507,274,0,0,unseen
267304783,0.31849748,0.61583096,95,0,0,unseen
267551639,0.15522651,0.39461666,329,0,0,both
267559575,0.3289692,0.7601646,301,0,0,unseen
267896360,0.10298322,0.44000334,738,0,0,neg_only
268237554,0.03210408,0.27402043,224,0,0,unseen
268731005,0.10455959,0.6599647,411,0,0,unseen
294428266,0.3102762,0.71478736,21,0,0,unseen
294432626,0.26840767,0.51987374,10,0,0,unseen
294432760,0.15499006,0.40069592,49,0,0,unseen
294436967,0.023836972,0.1069085,565,0,0,pos_only
294437328,0.6160076,0.8162605,14,0,0,unseen
294437347,0.22287865,0.56556994,25,0,0,unseen
294441510,0.1909079,0.41830787,20,0,0,unseen
294445804,0.28902736,0.6567006,156,0,0,unseen
294445931,0.73793566,0.7847814,2,0,0,unseen
294450004,0.26224452,0.71058804,754,0,0,unseen
294756576,0.62644815,0.69521964,2,0,0,unseen
294760680,0.4035375,0.48211464,2,0,0,unseen
294760699,0.20431615,0.57032824,178,0,0,unseen
294760723,0.38025573,0.4562448,5,0,0,unseen
294760837,0.27613282,0.6442509,68,0,0,unseen
294774719,0.6411777,0.6443162,2,0,0,unseen
294774792,0.1899638,0.41729242,124,0,0,unseen
294778999,0.39094666,0.7960751,9,0,0,unseen
294783216,0.16651061,0.5178942,129,0,0,unseen
294787849,0.26585656,0.5641583,335,0,0,unseen
294792184,0.29943976,0.8601082,722,0,5,unseen
294792311,0.16293767,0.35909688,74,0,0,unseen
294795822,0.090345606,0.24899778,383,0,0,unseen
295063181,0.11233914,0.5225819,857,0,0,unseen
295103172,0.2235036,0.36437505,12,0,0,unseen
295106899,0.37310785,0.74975055,58,0,0,unseen
295107514,0.19326498,0.59143317,204,0,0,unseen
295111672,0.21922319,0.453161,36,0,0,unseen
295111734,0.25831327,0.54479474,29,0,0,unseen
295115222,0.17924164,0.29888013,19,0,0,unseen
295115429,0.6125876,0.84042376,16,0,0,unseen
295115628,0.49245554,0.77814907,29,0,0,unseen
295115794,0.16342737,0.3010782,6,0,0,unseen
295119694,0.14311914,0.19753334,7,0,0,unseen
295120601,0.4396733,0.80810434,9,0,0,unseen
295120620,0.17305002,0.2972924,55,0,0,unseen
295124412,0.27282545,0.6891376,88,0,0,unseen
295127956,0.26230514,0.4788026,21,0,0,unseen
295132077,0.12557854,0.3791052,398,0,0,unseen
295132487,0.098522045,0.28726763,285,0,0,unseen
295133015,0.087838426,0.31138453,309,0,0,unseen
295133452,0.28928578,0.85732365,250,0,0,unseen
295133743,0.0930922,0.29143512,295,0,0,unseen
295133778,0.20588674,0.4916636,312,0,0,unseen
295133927,0.09535094,0.28295508,167,0,0,unseen
295136668,0.09140117,0.22823223,148,0,0,unseen
295136965,0.2431588,0.63572323,520,0,0,unseen
295137019,0.39377627,0.7520825,163,0,0,unseen
295137515,0.071085714,0.24807161,324,0,0,unseen
295439322,0.53094083,0.7865484,21,0,0,unseen
295443136,0.17563677,0.4300629,83,0,0,unseen
295443724,0.29056498,0.40631285,3,0,0,unseen
295456869,0.5863663,0.72982854,23,0,0,unseen
295461302,0.20012301,0.39524803,93,0,0,unseen
295461534,0.36231855,0.5865616,65,0,0,unseen
295461570,0.14620627,0.43784943,475,0,0,unseen
295461707,0.46051222,0.7107581,21,0,0,unseen
295461871,0.43815327,0.48050967,2,0,0,unseen
295466276,0.36449218,0.6273256,54,0,0,unseen
295470623,0.54892653,0.74892235,12,0,0,unseen
295470816,0.32201487,0.5743621,72,0,0,unseen
295473813,0.24678059,0.7068126,572,0,0,unseen
295473947,0.30026045,0.60618025,296,0,0,unseen
295477467,0.13209684,0.34310544,425,0,0,unseen
295478389,0.34002006,0.78178734,417,0,0,unseen
295482340,0.27531177,0.61186004,585,0,0,unseen
295482551,0.12913232,0.5345656,222,0,0,unseen
295490804,0.31506962,0.706963,309,0,0,unseen
295490863,0.115845785,0.4431252,327,0,0,unseen
295779879,0.437899,0.59385467,3,0,0,unseen
295779961,0.34670004,0.50426626,7,0,0,unseen
295780154,0.5316487,0.7450708,11,0,0,unseen
295793991,0.20423172,0.67856294,488,0,0,unseen
295797312,0.48342532,0.8433637,32,0,0,unseen
295799057,0.5776035,0.7256339,9,0,0,unseen
295802733,0.06836743,0.2461609,320,0,0,unseen
295807109,0.19566303,0.37990218,44,0,0,unseen
295807429,0.53782916,0.75018126,9,0,0,unseen
295814411,0.30748948,0.5907521,203,0,0,unseen
295814565,0.2659531,0.62153226,802,0,0,unseen
295814630,0.26653716,0.55772805,219,0,0,unseen
295814932,0.45171872,0.76680714,120,0,0,unseen
295815100,0.07906444,0.25892073,296,0,0,unseen
295815897,0.35502955,0.74915206,537,0,0,unseen
295816140,0.06467291,0.24809289,319,0,0,unseen
295819998,0.121303946,0.31241372,361,0,0,unseen
295820056,0.30615175,0.6163657,195,0,0,unseen
295820085,0.296597,0.7619537,451,0,0,unseen
295827899,0.28233293,0.8196753,541,0,0,unseen
295828029,0.17281172,0.52457297,329,0,0,unseen
295849410,0.23194966,0.53415185,764,0,0,unseen
296120593,0.12240055,0.25555748,12,0,0,unseen
296139882,0.019570135,0.24674797,774,0,0,both
296143798,0.27949196,0.8514353,320,0,0,unseen
296143923,0.15263738,0.36847675,213,0,0,unseen
296148102,0.46809128,0.762302,41,0,0,unseen
296153150,0.2004234,0.42502663,281,0,0,unseen
296164879,0.45626503,0.80802774,189,0,0,unseen
296168382,0.11524042,0.31442243,121,0,0,unseen
296199149,0.04809951,0.3910532,288,0,0,unseen
296203324,0.088169985,0.5923162,366,0,0,unseen
296203434,0.10080877,0.56991524,348,0,0,unseen
296203440,0.028260188,0.13339686,333,0,0,unseen
296489073,0.55988884,0.7380775,17,0,0,unseen
296496999,0.38339955,0.7714005,157,0,0,unseen
296502294,0.27175117,0.678325,366,0,0,unseen
296505463,0.31302798,0.5905083,218,0,0,unseen
296509709,0.2019063,0.46289024,736,0,0,unseen
296531366,0.10532856,0.6070691,352,0,0,unseen
296535868,0.20209797,0.40481627,731,0,0,unseen
296543992,0.06384217,0.24927156,849,0,0,neg_only
296544262,0.055796526,0.27168274,321,0,0,unseen
296544364,0.08702219,0.25197604,310,0,0,unseen
296690817,0.21363997,0.63520235,293,0,0,unseen
296829531,0.20963791,0.566598,282,0,0,unseen
296838079,0.31611714,0.83344424,447,0,0,unseen
296846314,0.34906828,0.76260763,291,0,0,unseen
296846768,0.14271863,0.4569944,310,0,0,unseen
296850634,0.1912365,0.49344623,340,0,0,unseen
296851132,0.113916114,0.42518595,369,0,0,unseen
296851235,0.29011545,0.7503783,906,0,0,unseen
296855409,0.31924155,0.76351136,996,0,0,unseen
296859399,0.35252875,0.68684095,1004,0,0,unseen
296868077,0.20958284,0.58663875,353,0,0,unseen
296880800,0.33654088,0.8721659,967,0,0,unseen
297165904,0.31036696,0.6633799,160,0,0,unseen
297166053,0.18437275,0.5338094,337,0,0,neg_only
297166197,0.34658623,0.7120264,139,0,0,unseen
297183244,0.059514266,0.67277366,371,0,0,unseen
297183251,0.28045192,0.58537406,404,0,0,unseen
297192193,0.4014955,0.7369612,100,0,0,unseen
297196636,0.15194103,0.538,627,0,0,unseen
297230760,0.013218291,0.08511583,334,0,0,pos_only
297239396,0.24584435,0.56023914,348,0,0,unseen
297243542,0.12748186,0.50422955,298,0,0,unseen
297247801,0.072117664,0.6012969,200,0,0,unseen
297251714,0.025777366,0.33568886,647,0,0,both
297251765,0.5324448,0.7985972,741,0,0,unseen
297498027,0.038987357,0.24850775,302,0,0,unseen
297502392,0.16610394,0.3221352,202,0,0,unseen
297519736,0.1915228,0.57497174,319,0,0,unseen
297519807,0.29070497,0.7650281,291,0,0,unseen
297519815,0.13325897,0.6638269,341,0,0,unseen
297520036,0.09261463,0.38131353,857,0,0,unseen
297524212,0.092998184,0.31637055,708,0,0,unseen
297541369,0.13841432,0.7966525,347,0,0,unseen
297558862,0.1547476,0.6172183,293,0,0,unseen
297563270,0.24710084,0.65461403,503,0,0,unseen
297572235,0.15024626,0.71395874,310,0,0,unseen
297580589,0.054123525,0.315677,318,0,0,neg_only
297588775,0.14122854,0.7536787,1037,0,0,unseen
297588995,0.40276182,0.96729773,422,11,48,unseen
297593055,0.14169376,0.4531707,344,0,0,unseen
297713859,0.13180012,0.56364596,334,0,0,unseen
297851977,0.055760704,0.2427086,305,0,0,unseen
297856167,0.048681326,0.3211786,181,0,0,unseen
297860627,0.18217163,0.50597686,268,0,0,unseen
297869179,0.2297863,0.5621727,330,0,0,unseen
297908595,0.50219536,0.90049976,494,0,1,unseen
297908801,0.03037877,0.21119328,292,0,0,unseen
297917158,0.12706736,0.46850964,239,0,0,unseen
297917363,0.080449395,0.34557086,741,0,0,unseen
297917364,0.26259735,0.8160631,646,0,0,unseen
297917475,0.06411835,0.6203652,286,0,0,both
297921527,0.21643555,0.42678767,54,0,0,unseen
297921570,0.08055898,0.26580164,372,0,0,unseen
297921608,0.05742907,0.17230608,300,0,0,unseen
297921642,0.14174458,0.5965878,836,0,0,unseen
297921808,0.25740767,0.5397751,326,0,0,unseen
297925608,0.06253656,0.3196455,327,0,0,neg_only
297925719,0.13423207,0.5195537,675,0,0,unseen
297925742,0.16157882,0.53483087,807,0,0,unseen
297929768,0.4988522,0.8200916,824,0,0,unseen
297930040,0.16702564,0.6548897,838,0,0,unseen
297934012,0.1193484,0.5337748,166,0,0,unseen
297934028,0.31901,0.7804223,666,0,0,unseen
297934349,0.19388399,0.7659787,825,0,0,unseen
297938585,0.16225934,0.31902763,326,0,0,unseen
297947227,0.16622095,0.37826192,325,0,0,unseen
298055794,0.07885912,0.6097188,812,0,0,unseen
298210543,0.29606226,0.625029,309,0,0,unseen
298214577,0.046509452,0.1520296,581,0,0,neg_only
298241038,0.17729425,0.7465019,591,0,0,unseen
298245448,0.16758126,0.41386327,349,0,0,unseen
298245502,0.10836359,0.5721859,278,0,0,unseen
298254380,0.277473,0.5761114,374,0,0,unseen
298254384,0.02550613,0.24293855,308,0,0,both
298254474,0.1311563,0.7842349,841,0,0,unseen
298254517,0.04825348,0.10211459,19,0,0,unseen
298258134,0.059621356,0.60134035,262,0,0,unseen
298258399,0.07329385,0.1754154,329,0,0,both
298258611,0.0810707,0.3512781,264,0,0,pos_only
298258714,0.11743674,0.32805568,330,0,0,unseen
298262599,0.3849565,0.73442155,328,0,0,unseen
298262837,0.08270843,0.51212317,313,0,0,unseen
298267207,0.14688264,0.55075777,351,0,0,unseen
298275356,0.16844186,0.36584213,326,0,0,unseen
298288301,0.19360054,0.76788557,1037,0,0,unseen
298405402,0.23479132,0.8352354,313,0,1,unseen
298547259,0.09080916,0.27733877,317,0,0,unseen
298547436,0.10494138,0.23893325,82,0,0,unseen
298590924,0.22063512,0.6276777,272,0,0,unseen
298591075,0.30350706,0.56987894,328,0,0,unseen
298591130,0.09040229,0.47798735,276,0,0,unseen
298595394,0.36852348,0.72650206,635,0,0,pos_only
298599672,0.029092737,0.15490179,779,0,0,unseen
298603633,0.30495176,0.5592185,328,0,0,unseen
298603693,0.422783,0.77656996,692,0,0,unseen
298603730,0.10604673,0.3420569,554,0,0,unseen
298603963,0.12957425,0.43221465,309,0,0,unseen
298607679,0.11555809,0.5007137,271,0,0,unseen
298612190,0.042050082,0.30730182,297,0,0,neg_only
298616588,0.045425616,0.3548774,755,0,0,unseen
298616761,0.093516625,0.53534853,367,0,0,unseen
298931489,0.34664425,0.6260038,325,0,0,unseen
298931773,0.03463057,0.17549045,330,0,0,unseen
298935111,0.01842976,0.14143355,292,0,0,unseen
298935146,0.14989012,0.4791648,301,0,0,unseen
298936099,0.05021899,0.2751003,297,0,0,unseen
298944444,0.28951558,0.69205576,1019,0,0,unseen
298944479,0.18449752,0.7699865,774,0,0,unseen
298944620,0.06459151,0.26264322,326,0,0,unseen
298948785,0.10298074,0.80344737,324,0,0,unseen
298957166,0.06407625,0.14446959,79,0,0,unseen
298957344,0.30355644,0.5372113,329,0,0,unseen
298961895,0.15875481,0.42983428,235,0,0,unseen
299043389,0.23004913,0.3672805,8,0,0,unseen
299082033,0.29171777,0.57987684,291,0,0,neg_only
299083134,0.13858838,0.50755274,829,0,0,unseen
299268507,0.15276636,0.40728703,319,0,0,unseen
299272434,0.14135581,0.54273814,321,0,0,unseen
299272806,0.22478496,0.600584,296,0,0,unseen
299289811,0.08494099,0.38279653,420,0,0,unseen
299293552,0.19540592,0.5011542,349,0,0,unseen
299298381,0.121971615,0.8597292,862,0,0,unseen
299604862,0.0428415,0.33069098,329,0,0,unseen
299613480,0.31989118,0.75200987,1019,0,0,unseen
299617731,0.28215516,0.6687221,365,0,0,unseen
299617849,0.3441477,0.68042326,330,0,0,unseen
299621755,0.06320622,0.19559364,66,0,0,unseen
299954299,0.25149494,0.45081884,327,0,0,unseen
299954300,0.31228304,0.69234896,840,0,0,unseen
299958696,0.3543793,0.633606,328,0,0,unseen
300972942,0.32089728,0.6132726,339,0,0,pos_only
301037686,0.18233493,0.39318204,21,0,0,unseen
301314208,0.51434255,0.9064451,929,0,5,unseen
301318641,0.41356778,0.8472691,1139,0,0,unseen
324370873,0.6788594,0.9604834,333,14,27,unseen
324721026,0.11592899,0.6499668,1030,0,0,unseen
324725187,0.13978608,0.875185,433,0,0,unseen
325113795,0.05007349,0.13916105,133,0,0,unseen
325122525,0.29398054,0.5696245,171,0,0,unseen
325127286,0.106404744,0.17821404,10,0,0,unseen
325455002,0.11647177,0.33305636,171,0,0,unseen
325455305,0.16964282,0.24169363,14,0,0,unseen
325455473,0.26425734,0.36258447,3,0,0,unseen
325458991,0.1963785,0.3207442,5,0,0,unseen
325472654,0.2640577,0.453109,20,0,0,unseen
325489440,0.24057807,0.69485635,313,0,0,unseen
325529237,0.15867476,0.41336015,140,0,0,unseen
325787243,0.54471344,0.59122217,2,0,0,unseen
325791831,0.2978089,0.784874,75,0,0,unseen
325791855,0.08227483,0.17195588,9,0,0,unseen
325797575,0.49279726,0.6043365,2,0,0,unseen
325814461,0.21814957,0.5359972,132,0,0,unseen
325814669,0.298686,0.63468677,12,0,0,unseen
325814784,0.2903419,0.529635,226,0,0,unseen
325815440,0.29372767,0.82299,243,0,0,unseen
325826011,0.43361846,0.61807287,12,0,0,unseen
325839288,0.27183414,0.7252903,478,0,0,unseen
325839302,0.36951166,0.8199925,466,0,0,unseen
326124243,0.21134444,0.277104,2,0,0,unseen
326128466,0.33621535,0.390382,2,0,0,unseen
326134570,0.14041549,0.27519882,9,0,0,unseen
326137566,0.38849953,0.53039014,3,0,0,unseen
326155085,0.6195045,0.9344328,18,0,1,unseen
326159593,0.3606361,0.60514235,23,0,0,unseen
326159897,0.44935182,0.7050912,11,0,0,unseen
326159907,0.31462398,0.47945982,40,0,0,unseen
326184549,0.13469397,0.50686604,346,0,0,unseen
326253554,0.033090338,0.3372652,812,0,1,neg_only
326475920,0.23176757,0.23176757,1,0,0,unseen
326496740,0.44083044,0.48876527,6,0,0,unseen
326500709,0.46529835,0.6783077,19,0,0,unseen
326508001,0.4029875,0.698932,17,0,0,unseen
326508583,0.1571531,0.72938114,841,0,0,unseen
326509224,0.11955692,0.37796187,211,0,0,unseen
326525255,0.2693678,0.63898385,311,0,0,unseen
326525339,0.26882133,0.86619616,451,0,0,unseen
326530038,0.045065902,0.20187572,329,0,0,pos_only
326542980,0.10001653,0.4041444,806,0,0,unseen
326810603,0.3596738,0.8159853,356,0,0,unseen
326812225,0.48849285,0.60254914,3,0,0,unseen
326817334,0.18115927,0.6681324,693,0,0,neg_only
326817510,0.107158355,0.4252052,455,0,0,unseen
326817565,0.48653793,0.61753565,3,0,0,unseen
326849964,0.4410053,0.7880783,533,0,0,unseen
326875404,0.2624057,0.73177236,325,0,0,unseen
326884203,0.14174642,0.40540045,326,0,0,unseen
326884223,0.1277967,0.38017976,368,0,0,unseen
326888433,0.079355635,0.19896327,330,0,0,unseen
326888627,0.049656283,0.43672207,330,0,0,unseen
326888675,0.23765069,0.45619616,401,0,0,unseen
326901620,0.12895702,0.33669665,301,0,0,unseen
327147292,0.19387937,0.39178115,51,0,0,unseen
327147610,0.34558994,0.6874717,239,0,0,unseen
327153088,0.46509975,0.6040159,9,0,0,unseen
327203386,0.1694536,0.7026669,376,0,0,unseen
327225145,0.31744012,0.911161,514,0,7,unseen
327229641,0.10566928,0.35381353,375,0,0,unseen
327242287,0.2201802,0.44654536,361,0,0,unseen
327246381,0.2673176,0.5481113,431,0,0,unseen
327499164,0.028484723,0.07729896,237,0,0,neg_only
327509674,0.22523457,0.508921,219,0,0,unseen
327511994,0.032791413,0.31660497,187,0,0,unseen
327531576,0.39633116,0.72422814,130,0,0,unseen
327544990,0.19479592,0.64863765,898,0,0,unseen
327565511,0.08061956,0.5680893,359,0,0,unseen
327565800,0.13089354,0.65405357,314,0,0,unseen
327588074,0.25557443,0.6938039,157,0,0,unseen
327588225,0.057274148,0.4025845,647,0,0,unseen
327588446,0.25082123,0.7965117,693,0,0,unseen
327592562,0.1883752,0.5236031,756,0,0,unseen
327596481,0.18895765,0.66728884,259,0,0,unseen
327838570,0.136828,0.49646065,265,0,0,unseen
327844600,0.42894748,0.7844145,11,0,0,unseen
327848116,0.497566,0.7700354,38,0,0,unseen
327851331,0.20718728,0.5604725,473,0,0,unseen
327852122,0.35209152,0.6990562,194,0,0,unseen
327852276,0.19610459,0.30665874,63,0,0,unseen
327860997,0.2478345,0.62518746,171,0,0,unseen
327865394,0.28546315,0.5463936,241,0,0,unseen
327873821,0.095601514,0.3253883,623,0,0,unseen
327877252,0.2753226,0.6123093,176,0,0,unseen
327932807,0.16569437,0.6321474,838,0,0,unseen
327933008,0.030057073,0.3402611,188,0,0,unseen
327933027,0.057195663,0.2942859,1018,0,0,unseen
327933061,0.2791671,0.7981161,797,0,0,unseen
327933208,0.16001688,0.53304625,326,0,0,unseen
327933679,0.12741368,0.4208897,343,0,0,unseen
327933814,0.13656138,0.6193798,208,0,0,unseen
327937328,0.27297834,0.49324661,329,0,0,neg_only
327937628,0.22838947,0.6126803,335,0,0,unseen
327941844,0.10490613,0.47863516,267,0,0,unseen
328010530,0.04510487,0.18557912,591,0,0,unseen
328179112,0.13009985,0.7686464,875,0,0,unseen
328179117,0.44778192,0.8183702,111,0,0,unseen
328187494,0.07269364,0.15950972,19,0,0,unseen
328188238,0.27637857,0.6266727,298,0,0,unseen
328193076,0.25684255,0.61065686,287,0,0,unseen
328201793,0.20474581,0.582052,274,0,0,unseen
328206519,0.33012637,0.5729732,275,0,0,unseen
328213227,0.13070005,0.4588157,315,0,0,unseen
328213594,0.3526981,0.7392086,786,0,0,unseen
328213824,0.117354326,0.8487129,425,0,0,unseen
328214655,0.108891964,0.38454163,399,0,0,unseen
328253133,0.33250827,0.8014732,640,0,0,unseen
328265389,0.05190374,0.28672627,688,0,0,neg_only
328269766,0.060305577,0.34397748,331,0,0,unseen
328273806,0.22517607,0.81197125,205,0,1,unseen
328274638,0.19731666,0.5164762,258,0,0,unseen
328283406,0.33303866,0.5340694,329,0,0,unseen
328291093,0.20404279,0.49105525,367,0,0,unseen
328373067,0.20224379,0.7645251,938,1,6,unseen
328373131,0.19035031,0.47921288,306,0,0,unseen
328417092,0.19853486,0.67001426,813,0,0,unseen
328519723,0.353822,0.6533887,148,0,0,unseen
328519904,0.42559037,0.5955118,7,0,0,unseen
328524517,0.37640798,0.6904035,165,0,0,unseen
328524904,0.3997482,0.75819194,104,0,0,unseen
328530120,0.2955231,0.6785326,181,0,0,unseen
328533761,0.0085485615,0.06402707,1013,0,0,pos_only
328533857,0.26975417,0.5452548,166,0,0,unseen
328533896,0.44704446,0.78133374,32,0,0,unseen
328538398,0.27706206,0.6520193,164,0,0,unseen
328538408,0.072558835,0.32940292,322,0,0,unseen
328542009,0.28095788,0.50323087,184,0,0,unseen
328542218,0.3584087,0.73056066,127,0,0,unseen
328543014,0.17345642,0.35241282,68,0,0,unseen
328543082,0.25138682,0.58838385,321,0,0,unseen
328546621,0.009633676,0.12602672,296,0,0,unseen
328546871,0.26619855,0.62954974,634,0,0,pos_only
328559607,0.0982606,0.5060907,998,0,0,unseen
328563364,0.08887216,0.6948465,410,0,0,unseen
328593903,0.24221277,0.49834692,780,0,0,unseen
328601956,0.17603125,0.70921737,1218,0,0,neg_only
328611004,0.031277876,0.13975258,522,0,0,both
328632707,0.073725134,0.42884627,604,0,0,neg_only
328860895,0.36928672,0.758411,313,0,0,unseen
328861072,0.062992945,0.23461671,504,0,0,unseen
328861126,0.055296037,0.3671777,235,0,0,unseen
328861282,0.026853943,0.10338359,640,0,0,unseen
328870472,0.017799538,0.09468496,308,0,0,both
328875073,0.2755955,0.61731416,236,0,0,unseen
328879562,0.11279151,0.2770751,146,0,0,unseen
328883690,0.18111758,0.42599696,831,0,0,unseen
328887977,0.25681943,0.71658266,307,0,0,unseen
328905011,0.09376906,0.5168154,313,0,0,unseen
328909309,0.10592946,0.76688,323,0,0,unseen
328930845,0.2514824,0.69607407,329,0,0,unseen
328935472,0.32327622,0.6943498,577,0,0,unseen
328943204,0.092366174,0.27173877,25,0,0,neg_only
328948348,0.23269124,0.7460321,330,0,0,unseen
328952123,0.06365177,0.28805482,444,0,0,unseen
328956505,0.08274456,0.37823126,381,0,0,unseen
329102850,0.2826968,0.89279777,329,0,4,unseen
329206270,0.3971782,0.6947806,7,0,0,unseen
329206628,0.328824,0.6066627,192,0,0,unseen
329210713,0.29821894,0.55185133,21,0,0,unseen
329211098,0.31122267,0.58753157,20,0,0,unseen
329211374,0.03139539,0.3405459,280,0,0,unseen
329214990,0.3461262,0.7112026,227,0,0,unseen
329215304,0.18853143,0.5357595,308,0,0,unseen
329215923,0.5977331,0.7188204,3,0,0,unseen
329215976,0.21916592,0.5898436,24,0,0,unseen
329215996,0.28194156,0.5618277,162,0,0,unseen
329221260,0.24432698,0.5565654,301,0,0,unseen
329225149,0.018240223,0.1148156,465,0,0,neg_only
329254286,0.22308865,0.5551446,302,0,0,unseen
329254539,0.17451385,0.47071436,312,0,0,unseen
329257947,0.2856456,0.6640644,326,0,0,unseen
329289084,0.28856388,0.7619543,406,0,0,pos_only
329301762,0.22043528,0.8574931,850,0,0,unseen
329435390,0.184707,0.4634451,130,0,0,unseen
329552035,0.33738798,0.78132206,497,0,0,unseen
329560716,0.12591988,0.5432101,737,0,0,unseen
329561513,0.37675348,0.78879035,283,0,0,unseen
329561615,0.3118073,0.6229532,143,0,0,unseen
329561679,0.38850278,0.80596393,80,0,0,unseen
329566174,0.03981803,0.21359962,542,0,0,unseen
329566187,0.27203932,0.5967911,259,0,0,unseen
329566197,0.029438686,0.2177086,292,0,0,pos_only
329566335,0.3072618,0.7500765,553,0,0,unseen
329566467,0.50308293,0.7989403,8,0,0,unseen
329574917,0.08177649,0.34194598,855,0,0,unseen
329578247,0.028679326,0.27000746,309,0,0,unseen
329581637,0.11311881,0.29304466,514,0,0,unseen
329582105,0.19946559,0.6555775,315,0,0,unseen
329638509,0.29925668,0.78456545,986,0,0,unseen
329646990,0.14479779,0.3383883,337,0,0,neg_only
329772284,0.20504338,0.8246792,337,0,0,unseen
329897241,0.16602199,0.8112393,447,0,0,unseen
329897255,0.022619205,0.12975468,1045,0,0,neg_only
329901950,0.26839432,0.5751164,564,0,0,unseen
329906396,0.30368596,0.7504145,258,0,0,unseen
329919036,0.24797471,0.54723024,305,0,0,unseen
329966674,0.15641919,0.5896633,295,0,0,unseen
329970706,0.13183469,0.26951298,297,0,0,both
330074340,0.24639702,0.51812756,291,0,0,unseen
330079381,0.044513114,0.16140881,117,0,0,unseen
330237771,0.30006167,0.6173942,332,0,0,unseen
330259272,0.052950587,0.27276024,550,0,0,unseen
330260421,0.14855981,0.50688064,325,0,0,unseen
330268940,0.02006331,0.052861918,333,0,0,neg_only
330303073,0.16280979,0.49927625,311,0,0,unseen
330316013,0.09080006,0.48669598,331,0,0,unseen
330319983,0.23784748,0.72130567,1099,0,0,unseen
330320065,0.08810416,0.4875585,291,0,0,unseen
330388864,0.22197917,0.55786186,80,0,0,unseen
330415332,0.22120659,0.60458916,285,0,0,unseen
330604760,0.06413879,0.16921373,38,0,0,unseen
330640044,0.05626282,0.1825307,307,0,0,neg_only
330640381,0.10757052,0.42061874,278,0,0,unseen
330661529,0.328555,0.67203844,310,0,0,unseen
330661786,0.11679773,0.26046178,214,0,0,unseen
330678844,0.035590548,0.36258483,697,0,0,unseen
331002291,0.10016947,0.31893966,322,0,0,unseen
331006655,0.22125024,0.6111901,739,0,0,unseen
331338959,0.38488084,0.7757011,331,0,0,unseen
331343089,0.15169594,0.835583,831,0,0,unseen
331662668,0.47845122,0.90443254,1108,0,0,unseen
331662710,0.1549299,0.3898067,270,0,0,both
331774819,0.108726755,0.2149442,18,0,0,neg_only
332007728,0.35875803,0.8391589,1090,0,0,unseen
332344592,0.446066,0.8773317,1143,0,0,unseen
332344670,0.48871735,0.9065166,1063,0,3,unseen
332344760,0.4337874,0.85541767,1140,0,0,unseen
332349327,0.38736483,0.79858005,1128,0,0,unseen
332353438,0.42472595,0.8912855,1139,0,0,unseen
332353566,0.39100257,0.930645,1071,0,0,unseen
332685594,0.47042608,0.91591316,1050,0,0,unseen
332685755,0.38914067,0.80019975,1139,0,0,unseen
354775482,0.36770573,0.86617684,1082,0,0,unseen
354797099,0.15996905,0.48178616,677,0,0,unseen
355073569,0.23025934,0.6887125,1010,0,0,unseen
355077858,0.14263576,0.4802087,825,0,0,unseen
355086967,0.31331334,0.89188707,866,0,0,unseen
355133859,0.1498493,0.64157337,851,0,0,unseen
355816896,0.13800482,0.4415147,287,0,0,unseen
356136008,0.07218763,0.3313463,279,0,0,unseen
356144721,0.28793573,0.51430875,24,0,0,unseen
356153135,0.26342323,0.59703577,88,0,0,unseen
356429209,0.08125096,0.60183835,383,0,0,unseen
356472628,0.24119495,0.6662613,284,0,0,unseen
356472645,0.3449769,0.75521004,110,0,0,unseen
356481698,0.21203299,0.49430913,497,0,0,unseen
356486199,0.31403464,0.326593,2,0,0,unseen
356490891,0.26615706,0.6035019,280,0,0,unseen
356499529,0.28991422,0.5384162,35,0,0,unseen
356503889,0.25547516,0.68663114,308,0,0,unseen
356517307,0.10327065,0.45770198,456,0,0,unseen
356809554,0.24287276,0.5087089,141,0,0,unseen
356818390,0.04591066,0.1704014,286,0,0,unseen
356818551,0.052775726,0.310099,409,0,0,pos_only
356818664,0.62585366,0.6741884,2,0,0,unseen
356832459,0.4616339,0.5949506,8,0,0,unseen
356832508,0.28645808,0.30590144,2,0,0,unseen
356835277,0.14905047,0.7560559,321,0,0,unseen
356844539,0.10828496,0.7163447,366,0,0,unseen
356913605,0.105613925,0.3923926,1045,0,0,unseen
357146296,0.09360618,0.33583552,229,0,0,unseen
357150583,0.25938538,0.57765776,463,0,0,unseen
357160116,0.37334946,0.5226534,3,0,0,unseen
357224041,0.03127793,0.12005985,1099,0,0,unseen
357249642,0.30395165,0.61618656,428,0,0,unseen
357496172,0.40293846,0.5904409,8,0,0,unseen
357505462,0.54975814,0.8597426,71,0,0,unseen
357515217,0.38018498,0.7477904,63,0,0,unseen
357522097,0.33069637,0.44194362,10,0,0,unseen
357522570,0.34717527,0.3993867,7,0,0,unseen
357530358,0.1069742,0.2660073,372,0,0,unseen
357569116,0.28072366,0.8640309,549,1,4,unseen
357569240,0.10097186,0.56001914,367,0,0,unseen
357573309,0.3139471,0.76381606,337,0,0,unseen
357663649,0.21536492,0.6704703,348,0,0,unseen
357814777,0.28175706,0.65737855,529,0,0,unseen
357823645,0.7566378,0.9191479,3,0,1,unseen
357832762,0.5255957,0.75152546,12,0,0,unseen
357842366,0.38970837,0.72719276,141,0,0,unseen
357855613,0.34404275,0.39033484,6,0,0,unseen
357862532,0.24591623,0.6241144,123,0,0,unseen
357863646,0.34413657,0.71179247,233,0,0,unseen
357919199,0.16743703,0.52812225,318,0,0,unseen
357923095,0.14073916,0.534226,477,0,0,unseen
357932060,0.19876072,0.8288356,399,0,0,unseen
357940977,0.12378546,0.72654617,196,0,0,unseen
357949364,0.0547954,0.5975202,281,0,0,unseen
358197007,0.24666242,0.5389765,394,0,0,unseen
358197600,0.35073715,0.65603864,213,0,0,unseen
358209090,0.33157372,0.77578884,330,0,0,unseen
358213022,0.24820727,0.729407,309,0,0,unseen
358251878,0.45087674,0.88328135,613,6,18,unseen
358259842,0.3065502,0.7633908,443,0,0,unseen
358264919,0.22607097,0.6915743,993,0,0,unseen
358281935,0.17456606,0.5907398,179,0,0,unseen
358281997,0.23030324,0.541505,353,0,0,unseen
358286194,0.1451721,0.65801126,298,0,0,unseen
358286442,0.078888945,0.74954844,347,0,0,unseen
358290727,0.29300013,0.8271174,826,0,0,unseen
358290805,0.12309734,0.46779016,238,0,0,unseen
358501372,0.27848223,0.27848223,1,0,0,unseen
358514340,0.20688418,0.4836748,311,0,0,unseen
358529697,0.4643281,0.8384609,14,0,0,unseen
358538491,0.52031815,0.69119525,7,0,0,unseen
358541542,0.5806873,0.7658511,9,0,0,unseen
358593042,0.31809694,0.6546324,340,0,0,unseen
358613830,0.16693637,0.5966067,741,0,0,unseen
358631384,0.08713747,0.41276214,126,0,0,unseen
358631450,0.15762027,0.6753636,198,0,0,unseen
358631537,0.09634672,0.50181216,320,0,0,unseen
358635284,0.159043,0.6430313,980,0,0,unseen
358639742,0.3004847,0.7930358,756,0,0,unseen
358639884,0.03700615,0.39584133,259,0,0,unseen
358847551,0.08217933,0.20717223,332,0,0,unseen
358865451,0.19200312,0.23904346,2,0,0,unseen
358870425,0.38070768,0.7668393,379,0,0,unseen
358874595,0.37396395,0.63483614,15,0,0,unseen
358877435,0.14804403,0.35230356,644,0,0,unseen
358879127,0.14439872,0.24242064,42,0,0,unseen
358890923,0.06825053,0.3026509,322,0,0,neg_only
358985893,0.14979589,0.5030653,111,0,0,unseen
359027729,0.17657077,0.36728132,47,0,0,unseen
359066834,0.36791182,0.7583091,375,0,0,unseen
359214479,0.16281137,0.33110353,65,0,0,unseen
359218739,0.20319588,0.48406655,442,0,0,unseen
359218762,0.11972349,0.5240113,306,0,0,unseen
359219503,0.15010488,0.4548223,504,0,0,unseen
359227113,0.23936951,0.56458676,270,0,0,unseen
359240144,0.14963685,0.37286872,271,0,0,unseen
359279388,0.21892764,0.44983572,19,0,0,unseen
359287673,0.31206968,0.7595161,874,0,0,unseen
359326692,0.21499205,0.6720285,184,0,0,unseen
359529027,0.22739571,0.42041865,161,0,0,unseen
359555628,0.4096538,0.79122555,6,0,0,unseen
359555689,0.17168048,0.47832906,11,0,0,unseen
359556017,0.3650352,0.86217576,342,0,0,unseen
359560118,0.4390547,0.6795112,7,0,0,unseen
359560701,0.29847908,0.73727673,129,0,0,unseen
359560762,0.42558482,0.6188349,136,0,0,unseen
359564703,0.23463106,0.5939079,805,0,0,unseen
359568205,0.44821152,0.52466714,3,0,0,unseen
359568460,0.21924075,0.57027066,105,0,0,unseen
359581549,0.087566525,0.24773423,59,0,0,unseen
359594119,0.29945597,0.721161,272,0,0,unseen
359598627,0.4489679,0.80971175,643,0,1,pos_only
359628017,0.1551093,0.42415884,195,0,0,unseen
359744514,0.46896636,0.8141455,374,0,2,unseen
359891881,0.15254793,0.2785936,11,0,0,unseen
359892436,0.7719521,0.86116064,3,0,0,unseen
359897288,0.090633206,0.79333156,872,0,0,unseen
359897526,0.2620074,0.5987726,162,0,0,unseen
359901157,0.2097387,0.4709159,694,0,0,unseen
359905678,0.25985813,0.5601379,437,0,0,unseen
359913782,0.33126217,0.68649995,247,0,0,unseen
359918228,0.31235498,0.644564,315,0,0,unseen
359926718,0.28656113,0.6121245,317,0,0,unseen
359926731,0.3479346,0.7274519,331,0,0,unseen
359926787,0.3948507,0.7193799,301,0,0,unseen
359926923,0.366339,0.7021944,247,0,0,unseen
359931311,0.0751255,0.2811336,238,0,0,pos_only
359944162,0.38675386,0.80846673,806,1,1,unseen
360236724,0.12922953,0.42212644,128,0,0,unseen
360236750,0.3741616,0.72080916,185,0,0,unseen
360238069,0.055874083,0.24313788,56,0,0,unseen
360242173,0.16796196,0.39795998,309,0,0,unseen
360245971,0.31382158,0.6536828,571,0,0,unseen
360246734,0.21151136,0.61557347,187,0,0,unseen
360246848,0.08354747,0.7308996,838,0,0,unseen
360254108,0.11850982,0.37867412,326,0,0,unseen
360254511,0.14648816,0.40660062,581,0,0,unseen
360255138,0.080255814,0.29439166,885,0,0,neg_only
360259229,0.05512318,0.15075265,70,0,0,neg_only
360263797,0.22233944,0.55526483,295,0,0,unseen
360268385,0.06385491,0.45718488,215,0,0,unseen
360284300,0.025654688,0.14144634,347,0,0,unseen
360310976,0.18230732,0.716075,342,0,0,unseen
360314997,0.046268,0.28837797,215,0,0,unseen
360315461,0.21712929,0.57338095,276,0,0,unseen
360319284,0.17915809,0.45944136,331,0,0,unseen
360319323,0.288595,0.67959535,438,0,0,unseen
360573708,0.44859856,0.8146177,10,0,0,unseen
360578457,0.18080632,0.42004555,42,0,0,unseen
360578625,0.2837427,0.43427208,12,0,0,unseen
360583021,0.3075619,0.81556475,353,0,0,unseen
360587642,0.12184318,0.3147705,650,0,0,unseen
360591860,0.025873315,0.2690719,346,0,0,pos_only
360595711,0.44124728,0.7258116,22,0,0,unseen
360690414,0.24452941,0.7530935,770,0,0,unseen
360698817,0.11134714,0.52757967,273,0,0,unseen
360759031,0.06773075,0.5499324,270,0,0,unseen
360914546,0.1552363,0.7169172,432,0,0,unseen
360914617,0.12976871,0.5872808,256,0,0,unseen
360932188,0.18582833,0.44338855,72,0,0,unseen
360941147,0.2643412,0.7229225,650,0,0,unseen
360950551,0.24910526,0.49903432,16,0,0,unseen
360954739,0.19411986,0.54704875,640,0,0,unseen
361005850,0.028502213,0.24340297,986,0,0,neg_only
361040812,0.05477792,0.3124276,626,0,0,neg_only
361260110,0.12177043,0.7980663,896,0,0,unseen
361264970,0.18382826,0.4857569,280,0,0,unseen
361269751,0.09129596,0.37388754,67,0,0,unseen
361269864,0.3557887,0.6665126,174,0,0,unseen
361273559,0.107031055,0.72178185,495,0,0,neg_only
361298637,0.14028649,0.5332851,255,0,0,unseen
361312808,0.027814193,0.19373843,347,0,0,both
361351171,0.07159468,0.4312492,272,0,0,unseen
361355033,0.115927994,0.6804265,975,0,0,unseen
361614914,0.2948266,0.6701303,1014,0,0,unseen
361636071,0.116776355,0.5663359,268,0,0,unseen
361704572,0.2540912,0.5008892,326,0,0,neg_only
361722354,0.061965868,0.25848722,704,0,0,unseen
361955275,0.22143614,0.5416034,146,0,0,unseen
361964245,0.20343037,0.47944275,645,0,0,unseen
361968122,0.15183865,0.4034833,202,0,0,unseen
361981338,0.09361093,0.22503327,14,0,0,unseen
362019898,0.1897471,0.43682903,327,0,0,unseen
362020664,0.32382262,0.7596902,917,0,0,unseen
362041442,0.059905924,0.4793307,325,0,0,unseen
362395402,0.57795763,0.8197118,312,0,0,unseen
362507326,0.20075463,0.7301631,815,0,0,neg_only
362689128,0.5144073,0.9367272,1057,0,2,unseen
362701969,0.47315943,0.9290719,1139,0,2,unseen
362715189,0.14397143,0.44775814,1145,0,0,unseen
362719326,0.23267305,0.5626559,860,0,0,unseen
362862047,0.20937628,0.71007323,845,0,0,unseen
362866879,0.24506505,0.66695404,357,0,0,unseen
363029976,0.41492778,0.86319095,1070,0,0,unseen
363030024,0.40032262,0.8568821,1140,0,0,unseen
363030040,0.4579687,0.8990222,1089,0,1,unseen
363034501,0.3712065,0.7251033,1147,0,0,unseen
363047222,0.35564163,0.8775802,1123,0,0,unseen
363384138,0.48182887,0.8975164,1155,0,4,unseen
363716151,0.40013543,0.8458158,1134,0,0,unseen
363716362,0.46795696,0.9117843,1089,0,0,unseen
363725201,0.42125264,0.82368594,1100,0,0,unseen
363725228,0.5232784,0.8951017,1034,0,0,unseen
364407023,0.38894454,0.8446489,1124,0,0,unseen
386191185,0.08626467,0.2425199,47,0,0,unseen
386280932,0.2684118,0.6745129,298,0,1,unseen
386506469,0.36883754,0.8983777,519,0,1,unseen
386821081,0.2579618,0.367859,2,0,0,unseen
386825553,0.2468423,0.2562968,2,0,0,unseen
386825720,0.32481775,0.387491,2,0,0,unseen
386825792,0.1960302,0.29903704,3,0,0,unseen
386829647,0.11765743,0.5497393,1034,0,0,unseen
386833850,0.012179174,0.043143563,334,0,0,unseen
386834269,0.089707,0.3809256,848,0,0,unseen
386838513,0.26580504,0.6666483,161,0,0,unseen
386838814,0.27498624,0.5568786,64,0,0,unseen
386842280,0.33669153,0.66057754,757,0,0,unseen
386877197,0.3723509,0.68386585,327,0,0,unseen
387023620,0.4461521,0.77782184,495,0,0,unseen
387166379,0.12957342,0.47123316,141,0,0,unseen
387170738,0.28916743,0.7008425,326,0,0,unseen
387180418,0.10665175,0.4396478,892,0,0,unseen
387180498,0.36489162,0.5922568,171,0,0,unseen
387215056,0.35157883,0.7745461,328,0,0,unseen
387227028,0.5796273,0.8962029,1130,8,35,unseen
387364605,0.14949355,0.6813859,303,0,0,unseen
387503511,0.22823262,0.607753,322,0,0,unseen
387507495,0.2596539,0.5328497,312,0,0,unseen
387512128,0.08741904,0.40470052,1043,0,0,unseen
387516191,0.27402467,0.64498645,318,0,0,unseen
387538632,0.3319731,0.44232786,6,0,0,unseen
387556524,0.35717857,0.6948048,88,0,0,unseen
387568523,0.14263183,0.57083774,380,0,0,neg_only
387809633,0.20874299,0.8338483,445,0,0,unseen
387870860,0.03482668,0.15513074,160,0,0,neg_only
387878711,0.44305822,0.6737364,14,0,0,unseen
387913101,0.13507146,0.5842038,325,0,0,unseen
387913933,0.25729066,0.61873335,958,0,0,unseen
387943673,0.24394833,0.58553416,313,0,0,unseen
387944118,0.09919882,0.24660823,270,0,0,unseen
387952104,0.123142324,0.615611,406,0,0,unseen
388012215,0.3537629,0.69116646,306,0,0,unseen
388208592,0.39435166,0.8379097,315,0,0,unseen
388211850,0.22639973,0.63838273,268,0,0,unseen
388280137,0.39692637,0.6736542,332,0,0,unseen
388280200,0.2759104,0.7048376,1089,0,0,unseen
388280268,0.21579364,0.74779826,1093,0,0,unseen
388280297,0.3075518,0.756026,327,0,0,unseen
388280322,0.40647456,0.6534804,1112,0,0,unseen
388280381,0.41035557,0.7514564,338,0,0,unseen
388280529,0.3856144,0.634695,326,0,0,unseen
388284324,0.1617,0.4022783,1044,0,0,unseen
388293131,0.21213998,0.52653384,734,0,0,unseen
388513242,0.34972852,0.46564418,7,0,0,unseen
388513464,0.6913599,0.8627595,10,0,0,unseen
388553520,0.19352415,0.6712318,184,0,0,unseen
388565572,0.25788426,0.5922065,973,0,0,unseen
388605118,0.31747255,0.8488825,302,0,0,unseen
388608485,0.16958985,0.6023943,327,0,0,unseen
388612388,0.078662656,0.43800196,333,0,0,unseen
388638672,0.052493647,0.16643347,328,0,0,unseen
388863775,0.42858064,0.5378654,2,0,0,unseen
388877336,0.107731976,0.2791584,265,0,0,unseen
388881226,0.11844748,0.4498139,333,0,0,unseen
388885518,0.23873137,0.6280914,756,0,0,unseen
388898076,0.45445102,0.57890165,9,0,0,unseen
388898102,0.11456955,0.5345592,800,0,0,unseen
388898107,0.26230106,0.752098,321,0,0,unseen
388898135,0.23245086,0.6637839,309,0,0,unseen
388898152,0.09445185,0.4512656,624,0,0,unseen
388898174,0.20076422,0.56627494,267,0,0,unseen
388898182,0.21273184,0.5953442,213,0,0,unseen
388902705,0.22957225,0.71905345,283,0,0,unseen
388902751,0.17867662,0.73805064,916,0,1,unseen
388924424,0.106764935,0.55008066,334,0,0,unseen
388954086,0.10573156,0.5442497,541,0,0,unseen
388975834,0.10501049,0.30809557,858,0,0,neg_only
389199936,0.34950954,0.6988943,640,0,0,unseen
389204888,0.4645105,0.68772304,10,0,0,unseen
389204929,0.41584468,0.75213784,282,0,0,unseen
389205204,0.28987423,0.72700673,300,0,0,unseen
389210230,0.3097857,0.6678873,250,0,0,unseen
389217959,0.27256647,0.7113171,455,0,0,unseen
389239243,0.14327607,0.5958393,754,0,0,unseen
389247395,0.28746876,0.6438995,302,0,0,unseen
389311717,0.10984155,0.6743035,1067,0,0,unseen
389325067,0.31615368,0.6310097,327,0,0,unseen
389536926,0.18816136,0.5833905,231,0,0,unseen
389541075,0.20812137,0.6442959,1156,0,0,unseen
389545760,0.31665543,0.71396106,328,0,0,unseen
389546522,0.15713368,0.3833963,101,0,0,unseen
389563849,0.37532485,0.9015376,543,0,2,unseen
389568268,0.2572142,0.6481301,328,0,0,unseen
389589423,0.36908585,0.64205873,89,0,0,unseen
389657555,0.05162123,0.63552696,315,0,0,unseen
389909109,0.31546503,0.66272855,391,0,0,unseen
389917104,0.31315267,0.4064858,4,0,0,unseen
389920846,0.1699076,0.5805849,689,0,0,unseen
389929872,0.07534804,0.24100688,313,0,0,unseen
389934175,0.31011003,0.5795836,302,0,0,unseen
389976940,0.15991941,0.43194884,311,0,0,unseen
390097182,0.15737495,0.7083857,291,0,0,unseen
390245740,0.52563673,0.8213256,7,0,0,unseen
390271033,0.16958734,0.47409615,282,0,0,unseen
390279522,0.36389104,0.73660463,306,0,0,unseen
390279635,0.21685854,0.5185187,740,0,0,unseen
390280026,0.08141366,0.37691554,285,0,0,neg_only
390331214,0.39838558,0.8932134,328,0,0,unseen
390331583,0.1226628,0.7382019,508,0,0,pos_only
390344260,0.2422519,0.73274124,976,0,0,unseen
390352384,0.064299874,0.42630073,325,0,0,unseen
390473497,0.23693688,0.5649886,353,0,2,unseen
390560212,0.46046102,0.60268044,8,0,0,unseen
390564245,0.1176063,0.47633415,397,0,0,unseen
390590450,0.06460338,0.3098327,319,0,0,unseen
390590590,0.2830197,0.6313507,765,0,0,unseen
390593931,0.43846494,0.7444142,187,0,0,unseen
390594712,0.134849,0.76531315,897,0,0,unseen
390598284,0.30294162,0.5858651,224,0,0,unseen
390599254,0.2503326,0.42349628,7,0,0,unseen
390607680,0.22300114,0.56668276,301,0,0,unseen
390616420,0.23999779,0.63681436,266,0,0,unseen
390616496,0.28086886,0.76473206,651,1,1,unseen
390628719,0.19428502,0.48714355,215,0,0,unseen
390629106,0.2034442,0.43969834,307,0,0,unseen
390641835,0.08559148,0.5353069,355,0,0,unseen
390706983,0.23146586,0.8676392,240,0,1,unseen
390910102,0.42869285,0.90603584,542,0,1,unseen
390918452,0.2607321,0.60489047,628,0,0,unseen
390919685,0.4512267,0.54905736,5,0,0,unseen
390931864,0.526954,0.7340882,7,0,0,unseen
390935343,0.50976366,0.69654775,6,0,0,unseen
390935535,0.62874174,0.7409428,4,0,0,unseen
390947722,0.2734171,0.65381336,330,0,0,unseen
390948259,0.120504305,0.30631125,59,0,0,unseen
390948675,0.093854114,0.30270973,649,0,0,unseen
390952738,0.092107125,0.25100964,94,0,0,unseen
390953189,0.33333513,0.68810284,268,0,0,unseen
390961490,0.094195,0.41536003,313,0,0,unseen
391026123,0.0910552,0.75306135,301,0,1,unseen
391034580,0.24914013,0.72176224,748,0,0,unseen
391273276,0.08845415,0.28113005,46,0,0,unseen
391276906,0.31011224,0.66704357,11,0,0,unseen
391289383,0.18663609,0.49217442,779,0,0,unseen
391297978,0.26383293,0.5459603,312,0,0,unseen
391310849,0.29183933,0.7310482,710,0,0,unseen
391328156,0.0837383,0.334302,351,0,0,unseen
391496898,0.120507665,0.7162935,83,0,0,neg_only
391599963,0.4392206,0.80377334,319,0,0,unseen
391600399,0.10544565,0.39341795,267,0,0,unseen
391604407,0.51032764,0.7305693,6,0,0,unseen
391609333,0.24303514,0.4371865,42,0,0,unseen
391610069,0.19824982,0.85684943,1064,0,0,unseen
391617921,0.095463246,0.3469109,438,0,0,unseen
391625677,0.5210685,0.7417583,4,0,0,unseen
391630222,0.078825854,0.35931477,329,0,0,unseen
391631218,0.09456934,0.2837378,338,0,0,unseen
391643292,0.23597874,0.49099523,595,0,0,unseen
391652073,0.1148487,0.39454004,326,0,0,unseen
391716661,0.12523325,0.43253893,226,0,0,unseen
391799282,0.39428106,0.74755305,297,0,0,unseen
391945237,0.3932362,0.646615,7,0,0,unseen
391949576,0.10812591,0.74867594,984,0,0,unseen
391954490,0.086654104,0.2926275,625,0,0,unseen
391958263,0.2957981,0.64799035,145,0,0,unseen
391958379,0.31437185,0.65479314,122,0,0,unseen
391976125,0.31913957,0.6933725,333,0,0,unseen
392002352,0.17012617,0.64615786,549,0,0,unseen
392285973,0.42271176,0.86543673,442,0,0,unseen
392299403,0.38426915,0.66084105,205,0,0,unseen
392304239,0.15456223,0.4985424,1127,0,0,unseen
392307898,0.35114476,0.62106025,69,0,0,unseen
392325540,0.22133493,0.58916473,533,0,0,unseen
392325925,0.0854624,0.49029157,249,0,0,unseen
392389970,0.21619433,0.5081853,338,0,0,unseen
392399005,0.18029895,0.6551552,327,0,0,unseen
392411222,0.08220391,0.47513047,534,0,0,unseen
392424485,0.16862026,0.4336418,56,0,0,unseen
392636270,0.055365317,0.28640667,617,0,0,unseen
392640591,0.2668594,0.42108315,8,0,0,unseen
392645639,0.07313077,0.63506174,220,0,0,unseen
392735903,0.29302734,0.6538911,876,0,0,unseen
392985492,0.3480437,0.6893728,29,0,0,unseen
393003572,0.028777009,0.19897944,181,0,0,unseen
393051378,0.18149461,0.7673319,815,0,0,unseen
393063351,0.18629637,0.5534437,883,0,0,both
393215059,0.16383485,0.43242136,346,0,0,unseen
393340402,0.32695973,0.7411722,641,0,0,unseen
393404592,0.1236719,0.702493,416,0,0,unseen
393766777,0.118349396,0.33468166,1151,0,0,neg_only
393776005,0.03550788,0.2235636,326,0,0,unseen
393883499,0.1182167,0.4661755,792,0,0,unseen
393888286,0.23210248,0.7628615,414,0,0,unseen
394060556,0.451485,0.9074472,1096,0,4,unseen
394060620,0.5713666,0.963135,1106,40,108,unseen
394064790,0.49683958,0.8844219,1046,0,0,unseen
394095053,0.12414124,0.71637547,336,0,0,unseen
394397189,0.398296,0.89856017,1140,0,1,unseen
394401778,0.3928838,0.8514874,1138,0,0,unseen
394755782,0.4363033,0.83724993,1152,0,0,unseen
395105113,0.42427185,0.915063,1140,0,0,unseen
415494049,0.42088714,0.8443725,1077,0,0,unseen
415835178,0.3701149,0.85391325,1085,0,0,unseen
415848228,0.41028076,0.8740158,1060,0,0,unseen
415908516,0.43493336,0.79487085,904,0,0,unseen
416508862,0.3851056,0.8766533,1069,1,1,unseen
416837168,0.41300932,0.866733,1070,0,1,unseen
416876055,0.07063433,0.23382512,339,0,0,unseen
417186612,0.11349364,0.28666988,30,0,0,unseen
417186656,0.20885038,0.20885038,1,0,0,unseen
417190793,0.19194008,0.47631863,337,0,0,unseen
417199910,0.24354741,0.8677833,575,0,1,unseen
417221397,0.056323454,0.2254618,844,0,0,neg_only
417536905,0.10132797,0.7063628,238,0,0,unseen
417540543,0.37303624,0.7054026,140,0,0,unseen
417554241,0.26304555,0.4719341,53,0,0,unseen
417834021,0.20047672,0.72697145,599,0,0,unseen
417869138,0.25253424,0.59577775,313,0,0,unseen
417882515,0.050624814,0.4628171,257,0,0,unseen
417908800,0.30910826,0.79963124,373,0,0,unseen
418205694,0.31933773,0.7125968,301,0,0,unseen
418214549,0.29885435,0.6724739,699,0,0,unseen
418224106,0.29769367,0.78461903,327,0,0,unseen
418224293,0.2502735,0.49105686,60,0,0,unseen
418224351,0.20569365,0.55770797,241,0,0,unseen
418511983,0.1426767,0.6103785,434,0,0,unseen
418516266,0.1956425,0.87207407,857,0,0,unseen
418552044,0.1539551,0.26661676,62,0,0,unseen
418556051,0.38554704,0.7220387,757,0,0,unseen
418585726,0.09393137,0.3700574,202,0,0,unseen
418607079,0.02018971,0.21889062,1324,0,0,unseen
418611695,0.2190156,0.65541244,330,0,0,unseen
418641700,0.12387241,0.5840865,289,0,0,unseen
418861761,0.47723684,0.6878186,20,0,0,unseen
418865948,0.23026071,0.23026071,1,0,0,unseen
418870503,0.3838135,0.65655285,100,0,0,unseen
418888180,0.21075892,0.6713752,501,0,0,unseen
418888552,0.53378266,0.83660436,236,0,0,unseen
418892691,0.57913834,0.90518135,249,0,0,unseen
418897332,0.34805027,0.7488235,323,0,0,unseen
418922937,0.17518027,0.75473964,992,0,0,unseen
418969956,0.15212531,0.6812595,338,0,0,neg_only
418970095,0.09696815,0.32799587,330,0,0,unseen
418970112,0.22687688,0.63107306,1110,0,0,unseen
418970128,0.46759817,0.7943232,317,0,0,unseen
418970154,0.31522456,0.66436934,417,0,0,unseen
418970196,0.4731462,0.7437944,356,0,0,unseen
419060083,0.16794255,0.5873517,336,0,0,unseen
419207462,0.509424,0.7340104,5,0,0,unseen
419234116,0.5589629,0.6499051,3,0,0,unseen
419337157,0.2114854,0.80894643,708,0,0,unseen
419345606,0.035814896,0.22835486,330,0,0,unseen
419543946,0.41270685,0.5914674,6,0,0,unseen
419548541,0.027055157,0.05561871,8,0,0,unseen
419548748,0.5079205,0.50859827,2,0,0,unseen
419575044,0.116731375,0.49291134,164,0,0,unseen
419588136,0.23558052,0.5358421,595,0,0,unseen
419596232,0.13096534,0.48886496,232,0,0,unseen
419596540,0.16473019,0.5601435,236,0,0,unseen
419639583,0.17370029,0.6580366,854,0,0,unseen
419669180,0.39047974,0.7275605,754,0,0,unseen
419802644,0.31769252,0.78405184,488,4,24,unseen
419803353,0.19471449,0.7354502,933,0,2,unseen
419880359,0.4753159,0.66685575,3,0,0,unseen
419880385,0.7889126,0.8497796,3,0,0,unseen
419880519,0.3158977,0.67311096,137,0,0,unseen
419884922,0.5229143,0.7213983,7,0,0,unseen
419885042,0.38072625,0.68513894,11,0,0,unseen
419889682,0.5436376,0.5436376,1,0,0,unseen
419889751,0.32452604,0.50095433,9,0,0,unseen
419907780,0.1308762,0.43075207,100,0,0,unseen
419908058,0.23684691,0.5338357,113,0,0,unseen
419919816,0.20200625,0.32232866,10,0,0,unseen
419929377,0.32694513,0.36754283,4,0,0,unseen
419980081,0.13258404,0.5580764,335,0,0,unseen
420027427,0.039561104,0.41688672,205,0,0,unseen
420221276,0.29245955,0.556876,284,0,0,unseen
420226410,0.50180227,0.5613903,3,0,0,unseen
420235118,0.50797063,0.5814107,6,0,0,unseen
420235167,0.37692127,0.6696835,11,0,0,unseen
420239937,0.20244868,0.42978954,205,0,0,unseen
420252614,0.3820819,0.64168715,74,0,0,unseen
420325753,0.2700082,0.51230586,328,0,0,unseen
420347360,0.23026237,0.79853255,524,0,0,unseen
420382647,0.17403112,0.6180333,227,0,0,unseen
420386244,0.2524512,0.7987825,816,0,0,unseen
420567894,0.36093903,0.6003501,10,0,0,unseen
420581268,0.40278986,0.5591515,14,0,0,unseen
420586101,0.09830274,0.7874403,292,0,0,unseen
420594200,0.60331225,0.71149594,3,0,0,unseen
420598392,0.15432946,0.5036304,529,0,0,unseen
420615275,0.3034574,0.62346584,35,0,0,unseen
420623873,0.24462791,0.573129,320,0,0,unseen
420627152,0.18322082,0.40472394,238,0,0,unseen
420666689,0.2501559,0.6520555,610,0,0,unseen
420696828,0.106614366,0.84720105,561,0,0,unseen
420904348,0.41525635,0.88943195,481,0,0,unseen
420908078,0.2257554,0.6570092,1037,0,0,unseen
420952125,0.20774895,0.5056812,225,0,0,unseen
420956213,0.31142125,0.6056053,57,0,0,unseen
420956527,0.20782113,0.43486986,89,0,0,unseen
420973599,0.1595245,0.3882016,303,0,0,unseen
420973612,0.0614551,0.24794793,227,0,0,unseen
420977956,0.12999961,0.49834782,185,0,0,unseen
421041565,0.15391304,0.41339242,633,0,0,unseen
421055181,0.18698582,0.71548563,367,0,0,unseen
421271305,0.21044376,0.44331554,277,0,0,unseen
421292214,0.41339234,0.7784185,6,0,0,unseen
421297236,0.38393378,0.8289549,1008,0,0,unseen
421297485,0.089719936,0.31388536,1004,0,0,unseen
421305688,0.42631498,0.7025637,321,0,0,unseen
421305971,0.34039,0.58293563,328,0,0,unseen
421310144,0.27039942,0.8417187,243,0,0,unseen
421313563,0.33125815,0.6743004,314,0,0,unseen
421318463,0.3497732,0.6873005,320,0,0,unseen
421318649,0.19446862,0.762649,349,0,0,unseen
421605182,0.40553313,0.7660701,172,0,0,unseen
421620469,0.06178904,0.21331827,49,0,0,unseen
421633905,0.5296574,0.77480274,6,0,0,unseen
421638281,0.52051777,0.7490737,12,0,0,unseen
421641859,0.031783957,0.2092181,329,0,0,neg_only
421646999,0.04835231,0.21899448,808,0,0,neg_only
421650994,0.2582922,0.59316635,335,0,0,unseen
421654726,0.12378896,0.47006416,896,0,0,unseen
421655012,0.29792297,0.637335,288,0,0,unseen
421668365,0.3123865,0.736683,799,0,0,unseen
421946059,0.14077339,0.49470934,779,0,0,unseen
421957539,0.13832647,0.5373601,311,0,0,unseen
421957711,0.31884238,0.5700826,14,0,0,unseen
421975193,0.24368882,0.53371036,733,0,0,unseen
421983723,0.24538344,0.6288501,74,0,0,unseen
421992055,0.37271076,0.6289345,254,0,0,unseen
422052346,0.17881803,0.6012575,801,0,0,unseen
422056521,0.14590271,0.3877349,328,0,0,unseen
422307542,0.12805054,0.32408643,80,0,0,unseen
422311625,0.3723982,0.6253567,20,0,0,unseen
422312019,0.6294507,0.8174493,4,0,0,unseen
422312023,0.727003,0.7799677,4,0,0,unseen
422312162,0.63880986,0.71451014,4,0,0,unseen
422337400,0.14235859,0.39966512,334,0,0,unseen
422388958,0.31497777,0.6586377,321,0,0,unseen
422401750,0.22537561,0.87979615,626,0,0,unseen
422635203,0.078409314,0.23109098,213,0,0,unseen
422640861,0.12163658,0.4005207,43,0,0,unseen
422644053,0.319525,0.54608065,17,0,0,unseen
422656780,0.26452288,0.54964876,18,0,0,unseen
422666053,0.38240027,0.7258665,25,0,0,unseen
422669150,0.2769723,0.5794743,237,0,0,unseen
422674339,0.16509601,0.49611548,267,0,0,unseen
422682603,0.3679746,0.79441136,513,0,0,pos_only
422725634,0.24572927,0.5798439,620,0,1,pos_only
422738252,0.23712793,0.65954703,601,0,0,both
422742649,0.25960383,0.76742,1106,0,0,unseen
422751191,0.19350173,0.5556027,1016,0,0,pos_only
422971316,0.2496227,0.52602226,40,0,0,unseen
423096449,0.28224483,0.7563002,545,0,0,unseen
423096943,0.050169412,0.34773257,268,0,0,unseen
423101189,0.07669997,0.32674688,1021,0,0,neg_only
423105632,0.18187639,0.9177005,482,1,1,unseen
423330124,0.29674068,0.49987486,23,0,0,unseen
423343583,0.13584347,0.4138896,147,0,0,unseen
423351806,0.2601441,0.59158224,324,0,0,unseen
423364866,0.13511075,0.39017698,896,0,0,unseen
423416887,0.16577582,0.7057901,328,0,0,unseen
423442357,0.16470724,0.66694975,954,0,0,unseen
423512063,0.19494149,0.48049477,151,0,0,unseen
423563311,0.29305428,0.5510478,217,0,0,unseen
423684795,0.25959167,0.45066354,9,0,0,unseen
423749262,0.17105976,0.69907427,1126,0,0,unseen
423766084,0.27241573,0.6775605,331,0,0,unseen
423770604,0.0958842,0.523384,441,0,0,unseen
423774471,0.28364584,0.77364427,978,0,0,pos_only
423792440,0.10434155,0.551974,320,0,0,unseen
423852469,0.09197818,0.28586918,166,0,0,unseen
424025668,0.081941836,0.230595,30,0,0,unseen
424037884,0.093598865,0.46018362,225,0,0,unseen
424089598,0.1660555,0.5353831,1048,0,0,unseen
424193190,0.14323561,0.43284133,622,0,0,unseen
424236821,0.20098643,0.8491463,329,0,0,unseen
424250610,0.5300213,0.8654667,804,0,5,unseen
424366776,0.30001312,0.6529605,402,0,0,unseen
424434994,0.32946837,0.75527084,1120,0,0,unseen
424452682,0.17247169,0.77307516,359,0,0,unseen
424716408,0.11277371,0.30061787,31,0,0,unseen
424720670,0.08899648,0.43042505,273,0,0,unseen
424729369,0.03863852,0.35647476,263,0,0,unseen
424729434,0.14065471,0.5021161,790,0,0,unseen
424733177,0.22990224,0.6425038,890,0,0,unseen
424776680,0.11791798,0.7217526,320,0,0,unseen
424780893,0.07537081,0.35256872,262,0,0,unseen
424781115,0.08429167,0.34235817,236,0,0,unseen
424789697,0.09848587,0.70416313,460,0,0,neg_only
424792976,0.15139987,0.6984637,333,0,0,unseen
424793122,0.15214372,0.6504362,941,0,0,neg_only
424918786,0.07479472,0.22227837,899,0,0,neg_only
425086851,0.406167,0.881999,1082,0,0,unseen
425121937,0.26249477,0.86200815,1034,0,0,unseen
425121959,0.10139461,0.44288337,271,0,0,unseen
425126008,0.10669012,0.46656016,337,0,0,unseen
425143700,0.11480715,0.5577997,312,0,0,unseen
425276848,0.06517669,0.44578272,853,0,0,unseen
425445301,0.4382144,0.8838801,1043,0,0,unseen
425462513,0.22119895,0.86502916,890,0,0,unseen
425471220,0.05411232,0.2772247,326,0,0,unseen
425768768,0.538799,0.93462646,1075,0,1,unseen
425768822,0.40693283,0.87649184,1077,0,0,unseen
425790257,0.028742598,0.190854,1212,0,0,unseen
425803370,0.24174084,0.691839,191,0,0,unseen
426464004,0.4754323,0.9402303,1104,0,0,unseen
446714544,0.3592076,0.66327024,450,0,0,unseen
446848967,0.37877557,0.8648604,1057,0,0,unseen
447224575,0.3603671,0.8695512,1080,0,0,unseen
447228814,0.10521699,0.33009216,118,0,0,unseen
447599745,0.041378416,0.1289884,1052,0,0,both
447872055,0.26853666,0.5932172,1132,0,0,unseen
448204394,0.15574811,0.6475197,920,0,0,unseen
448342846,0.030473389,0.30383143,1037,0,0,unseen
448576577,0.323615,0.7287354,810,0,0,unseen
448899493,0.34722504,0.7186171,134,0,0,unseen
448908723,0.4133873,0.890216,487,0,0,unseen
448912981,0.20854919,0.5767539,646,0,0,unseen
448994377,0.1729962,0.5236673,363,0,0,unseen
449205611,0.14408943,0.58946097,843,0,0,unseen
449209892,0.1186604,0.6493251,340,0,0,unseen
449209971,0.13725848,0.63888156,668,0,0,unseen
449218986,0.09979282,0.5675943,1069,0,0,unseen
449223263,0.4658793,0.69581765,8,0,0,unseen
449223347,0.49522007,0.87565964,6,0,0,unseen
449223379,0.56294566,0.81980246,3,0,0,unseen
449227486,0.44368082,0.68533075,10,0,0,unseen
449236636,0.40527722,0.7037031,190,0,0,unseen
449241371,0.04939742,0.30189312,1071,0,0,unseen
449244969,0.15504414,0.65334356,459,0,0,unseen
449250041,0.17029919,0.56233865,1058,0,0,unseen
449263368,0.20040615,0.53383356,294,0,0,unseen
449285328,0.08944091,0.2983163,336,0,0,unseen
449288517,0.16565298,0.51066345,339,0,0,unseen
449331241,0.20620492,0.5589615,170,0,0,unseen
449438847,0.1505442,0.62907547,289,0,0,unseen
449555517,0.65507376,0.65507376,1,0,0,unseen
449555633,0.7237923,0.796301,4,0,0,unseen
449564064,0.7017565,0.77516735,3,0,0,unseen
449564352,0.6110209,0.630603,2,0,0,unseen
449568848,0.32911637,0.64203364,19,0,0,unseen
449568880,0.72858393,0.7494491,2,0,0,unseen
449577409,0.5407513,0.85544044,6,0,0,unseen
449634539,0.27005374,0.6017756,676,0,0,unseen
449681157,0.066900514,0.39244467,280,0,0,unseen
449749647,0.25238264,0.78085804,1231,0,0,unseen
449896330,0.09589241,0.2573267,19,0,0,unseen
449901277,0.41043758,0.6389942,13,0,0,unseen
449905648,0.083698675,0.24471,150,0,0,unseen
449910481,0.34403414,0.60960984,121,0,0,unseen
449910491,0.27960154,0.41206652,3,0,0,unseen
449910741,0.29865906,0.5837796,56,0,0,unseen
449931630,0.28720123,0.65368694,126,0,0,unseen
449949172,0.14420259,0.55520487,1058,0,0,unseen
449975227,0.14527538,0.32372358,292,0,0,unseen
450005014,0.22535944,0.6094276,1057,0,0,unseen
450008671,0.23024991,0.84111315,535,0,0,unseen
450267976,0.5193016,0.66666144,6,0,0,unseen
450285679,0.2824077,0.68389046,368,0,0,unseen
450294326,0.20174873,0.64152217,1009,0,0,unseen
450302778,0.14033543,0.6313256,179,0,0,unseen
450354788,0.039925877,0.4986875,331,0,0,unseen
450376017,0.15456432,0.40183118,355,0,0,unseen
450574212,0.4598142,0.5593776,3,0,0,unseen
450579065,0.5685857,0.6845369,7,0,0,unseen
450583886,0.15672088,0.44168913,610,0,0,unseen
450597298,0.33084428,0.65319824,652,0,0,unseen
450609707,0.3813235,0.76605874,6,0,0,unseen
450609788,0.5723058,0.7577401,4,0,0,unseen
450617762,0.25536826,0.74729437,478,0,0,unseen
450678094,0.12706226,0.67017657,329,0,0,unseen
450678237,0.09169082,0.30384523,299,0,0,unseen
450919762,0.16629276,0.36319542,180,0,0,unseen
450924155,0.59249794,0.8401404,8,0,0,unseen
450933288,0.32104713,0.69474214,10,0,0,unseen
450933392,0.60295635,0.7854303,7,0,0,unseen
450951445,0.47229496,0.721806,13,0,0,unseen
450971893,0.2857303,0.6042569,459,0,0,unseen
451015547,0.3054583,0.84262013,405,0,0,unseen
451062462,0.39095795,0.7929483,434,0,0,unseen
451071081,0.15377669,0.5399889,345,0,0,unseen
451071417,0.23883179,0.59614885,268,0,0,unseen
451279196,0.16398773,0.42138922,573,0,0,unseen
451296290,0.58075005,0.8634973,11,0,0,unseen
451296383,0.23775691,0.57801205,987,0,0,unseen
451304268,0.3300425,0.5616663,34,0,0,unseen
451356082,0.38931292,0.80480945,314,0,0,unseen
451365099,0.20952295,0.5583803,766,0,0,unseen
451382570,0.06102438,0.28441784,152,0,0,unseen
451424866,0.26040083,0.58828944,318,0,0,unseen
451624794,0.26055822,0.6181117,154,0,0,unseen
451644891,0.23964226,0.5663465,73,0,0,unseen
451646040,0.4221364,0.6435625,21,0,0,unseen
451646125,0.2391418,0.44437903,9,0,0,unseen
451658249,0.111766286,0.569641,325,0,0,unseen
451662040,0.06354981,0.6728109,316,0,0,unseen
451663172,0.21327408,0.46016666,243,0,0,unseen
451689001,0.26632905,0.66102153,476,0,0,unseen
451952653,0.23018998,0.501785,267,0,0,unseen
451982195,0.27903488,0.6754792,1091,0,0,unseen
451982486,0.25254735,0.66184723,681,0,0,neg_only
451986590,0.5848892,0.7729464,9,0,0,unseen
451987038,0.3939159,0.63175476,19,0,0,unseen
451990898,0.65192306,0.8600324,10,0,0,unseen
451995306,0.22286528,0.80410635,809,0,0,unseen
451995734,0.1538917,0.43142948,301,0,0,unseen
451995819,0.20421481,0.33649072,53,0,0,unseen
452029745,0.17105794,0.67331964,484,0,0,pos_only
452162916,0.07595117,0.31357208,519,0,0,unseen
452323015,0.36843947,0.66499203,234,0,0,unseen
452327439,0.4746298,0.66354567,11,0,0,unseen
452331917,0.4876999,0.75461054,10,0,0,unseen
452336396,0.30484468,0.8169337,896,0,0,unseen
452336897,0.045042817,0.22686587,297,0,0,unseen
452340825,0.2676765,0.6411998,860,0,1,unseen
452340995,0.20934866,0.78873616,668,0,0,unseen
452401246,0.16170092,0.48136124,627,0,0,unseen
452651021,0.16784965,0.48379052,186,0,0,unseen
452655734,0.4367105,0.7035037,7,0,0,unseen
452664348,0.24861841,0.50689644,27,0,0,unseen
452673056,0.42457515,0.7156094,330,0,0,unseen
452673242,0.2728097,0.57371044,227,0,0,unseen
452677002,0.320128,0.62562805,223,0,0,unseen
452677169,0.13314596,0.3345629,94,0,0,unseen
452685249,0.33661494,0.57798916,278,0,0,unseen
452689494,0.08602986,0.49598545,383,0,0,unseen
452694446,0.3133541,0.8757491,704,0,1,unseen
452698565,0.162619,0.61026734,1063,0,0,unseen
452742028,0.10132855,0.62308156,1121,0,0,unseen
452953198,0.1327924,0.52545106,923,0,0,neg_only
452971138,0.060336493,0.4128983,989,0,0,unseen
453018720,0.21040039,0.5622024,345,0,0,unseen
453022644,0.26884523,0.6901556,956,0,1,unseen
453030534,0.30828434,0.60052294,322,0,0,unseen
453031248,0.3809919,0.7782011,595,0,0,unseen
453035422,0.16573347,0.6493057,959,0,0,unseen
453044535,0.14100179,0.47524378,863,0,0,unseen
453053044,0.13706072,0.48860398,322,0,0,unseen
453320065,0.27683774,0.63510036,1034,0,0,unseen
453329254,0.12466584,0.44002107,373,0,0,unseen
453333562,0.09202704,0.36181635,564,0,0,unseen
453350926,0.23998258,0.5276998,53,0,0,unseen
453350952,0.2774574,0.5288159,240,0,0,unseen
453355233,0.2920843,0.6017063,245,0,0,unseen
453376390,0.36951348,0.8698331,1012,0,0,unseen
453536432,0.06434364,0.18026529,116,0,0,unseen
453661962,0.36913997,0.7669955,165,0,0,unseen
453662475,0.35572016,0.64082164,114,0,0,unseen
453665759,0.31324944,0.5876365,72,0,0,unseen
453708274,0.42859015,0.7041533,334,0,0,unseen
453717632,0.24774374,0.5967636,857,0,0,unseen
454001950,0.18196684,0.5711003,999,0,0,unseen
454002974,0.019066753,0.27877098,334,0,0,neg_only
454003707,0.44169465,0.6791514,75,0,0,unseen
454019960,0.34826246,0.66287,675,0,0,unseen
454041627,0.19206876,0.50241023,259,0,0,unseen
454045389,0.20156619,0.5149264,194,0,0,unseen
454089465,0.20949307,0.65497255,399,0,0,unseen
454136171,0.22206381,0.56168777,327,0,0,unseen
454252960,0.25377288,0.6910759,59,0,0,unseen
454347852,0.12691978,0.31762424,270,0,0,unseen
454377810,0.5449571,0.75185025,13,0,0,unseen
454386099,0.03923519,0.27536732,1096,0,0,unseen
454438452,0.26132923,0.8295888,977,0,0,unseen
454439022,0.28883737,0.8147201,873,0,0,neg_only
454477603,0.045407686,0.2682231,230,0,0,unseen
454481372,0.22334278,0.58523166,331,0,0,unseen
454693209,0.13626193,0.6403185,190,0,0,unseen
454697392,0.3111362,0.5610242,77,0,0,unseen
454706490,0.2092435,0.6210122,31,0,0,unseen
454787848,0.25877494,0.73025554,1108,0,0,unseen
454896445,0.18395168,0.5759239,291,0,0,unseen
454935401,0.13217227,0.57832485,327,0,0,unseen
454939928,0.27926573,0.9079846,318,1,1,unseen
455033548,0.15689604,0.6642347,223,0,0,unseen
455059749,0.232081,0.64171916,1131,0,0,unseen
455129365,0.13203041,0.40882587,303,0,0,unseen
455141922,0.17496929,0.58425844,918,0,0,unseen
455159380,0.37833062,0.77609044,345,0,0,unseen
455172836,0.111793384,0.39934215,639,0,0,unseen
455431209,0.4746509,0.8374208,639,0,1,pos_only
455456949,0.3454462,0.7777589,408,0,0,unseen
455483094,0.19324403,0.6037587,1009,0,0,unseen
455728985,0.30827358,0.5356362,13,0,0,unseen
455793621,0.55585736,0.93889046,1140,11,58,unseen
455793743,0.43253088,0.8816659,1083,0,0,unseen
455793827,0.46289727,0.888278,1137,0,0,unseen
455811760,0.1430424,0.7455196,867,0,0,unseen
455819680,0.13362858,0.38606945,394,0,0,unseen
455828904,0.10053521,0.2706437,189,0,0,unseen
456082779,0.15238713,0.3926315,70,0,0,unseen
456083341,0.37307942,0.7544447,245,0,0,unseen
456096281,0.13838765,0.50525165,763,0,0,unseen
456096372,0.24336328,0.694494,904,0,0,unseen
456096712,0.28656945,0.6552435,892,0,0,unseen
456134692,0.49653336,0.90886897,1046,0,0,unseen
456152258,0.21116589,0.7629447,644,0,0,unseen
456156825,0.1864407,0.5908908,991,0,0,neg_only
456427965,0.31210247,0.6717178,154,0,0,unseen
456432557,0.263513,0.736057,158,0,0,unseen
456458549,0.4058011,0.8814249,1113,0,0,unseen
456462919,0.45397404,0.8950329,996,1,1,unseen
456467162,0.5186207,0.93785524,1087,0,6,unseen
456808311,0.4264223,0.90402794,1071,6,10,unseen
456820863,0.30596116,0.80397767,1124,0,0,unseen
456847100,0.026273431,0.12513214,335,0,0,unseen
457175171,0.22584252,0.67321354,858,0,0,pos_only
457196643,0.36022276,0.68798566,332,0,0,unseen
457507485,0.43307522,0.87435865,1115,0,0,unseen
457516092,0.35463622,0.57319367,121,0,0,unseen
457516218,0.15033297,0.49774784,122,0,0,unseen
477262101,0.51085407,0.95370805,1078,7,18,unseen
477572961,0.45418715,0.88975936,1116,0,0,unseen
477861840,0.34217072,0.86985403,1079,0,0,unseen
477900959,0.31708023,0.9006252,1086,0,1,unseen
477909602,0.38915083,0.8902399,1071,0,0,unseen
477909698,0.39023045,0.8669443,1092,0,0,unseen
478077561,0.4055678,0.65211165,257,0,0,unseen
478375456,0.26224163,0.8227889,309,0,0,unseen
478427368,0.40921617,0.75613934,409,0,2,unseen
478613576,0.009132247,0.19329883,102,0,0,unseen
478618011,0.21482113,0.6297445,1035,0,0,unseen
478928628,0.41719896,0.7841115,114,0,0,unseen
479260891,0.053606838,0.34124258,1071,0,0,unseen
479290982,0.30856112,0.5713752,115,0,0,unseen
479607153,0.46664634,0.830319,683,0,0,unseen
479607277,0.40838897,0.82389313,712,0,0,unseen
479637825,0.25157115,0.8295656,996,0,0,unseen
479645393,0.12814434,0.5033299,314,0,0,unseen
479908320,0.35166606,0.69528675,1078,0,3,unseen
479908437,0.25281274,0.61933106,846,0,0,unseen
479912666,0.06322664,0.26636955,327,0,0,unseen
479912747,0.2085778,0.44096678,341,0,0,unseen
479917037,0.27852848,0.3648707,3,0,0,unseen
479917126,0.46207672,0.7672609,9,0,0,unseen
479921537,0.16819382,0.61962,164,0,0,unseen
479925776,0.32659006,0.6011942,317,0,0,unseen
479930311,0.45446834,0.90630877,773,0,0,unseen
479935033,0.10845565,0.36523104,1010,0,0,unseen
479952665,0.26492888,0.7584668,306,0,0,unseen
479969106,0.34202805,0.6452081,155,0,0,unseen
479987085,0.15506205,0.40775928,277,0,0,unseen
480029788,0.15457778,0.3996164,365,0,0,unseen
480219247,0.06350491,0.64088905,355,0,0,unseen
480240812,0.15683605,0.4862279,325,0,0,unseen
480244962,0.23248154,0.43444005,62,0,0,unseen
480253500,0.5212018,0.76314926,7,0,0,unseen
480257743,0.15197425,0.19496562,2,0,0,unseen
480257882,0.20939769,0.33315304,7,0,0,unseen
480257914,0.33574235,0.3362161,2,0,0,unseen
480257919,0.487136,0.81382537,6,0,0,unseen
480258191,0.39135328,0.4870242,2,0,0,unseen
480258202,0.22124584,0.4930015,7,0,0,unseen
480258208,0.08723435,0.31470448,815,0,0,unseen
480262270,0.35923672,0.6867528,6,0,0,unseen
480262368,0.54899156,0.83264625,7,0,0,unseen
480297293,0.34376797,0.80565137,526,0,0,unseen
480310599,0.35889435,0.7702004,642,0,0,unseen
480328501,0.19699791,0.5574955,368,0,0,unseen
480387478,0.4159854,0.7661284,826,0,0,unseen
480391822,0.04667309,0.402839,282,0,0,unseen
480577749,0.13833417,0.17576143,2,0,0,unseen
480581727,0.17662759,0.6893227,1046,0,0,unseen
480581806,0.27351052,0.3676991,2,0,0,unseen
480586157,0.37505534,0.6948451,74,0,0,unseen
480590337,0.25807208,0.54797685,8,0,0,unseen
480594756,0.32935712,0.5279248,4,0,0,unseen
480595244,0.58136004,0.7211271,5,0,0,unseen
480599437,0.4103271,0.4760411,2,0,0,unseen
480608510,0.26596794,0.60403615,482,0,0,unseen
480672667,0.051705115,0.4846428,1041,0,0,unseen
480698453,0.11210624,0.38439205,322,0,0,unseen
480923210,0.27721578,0.42331013,8,0,0,unseen
480931876,0.28385326,0.45233667,10,0,0,unseen
480931947,0.30429775,0.45865935,5,0,0,unseen
480940072,0.12713404,0.5191811,305,0,0,unseen
480945354,0.26774147,0.54223204,6,0,0,unseen
480978811,0.09980707,0.39625317,223,0,0,unseen
480987689,0.1628467,0.700031,352,0,0,unseen
480997558,0.4607334,0.82519865,266,0,0,unseen
481034911,0.22454076,0.44940355,392,0,0,unseen
481035392,0.105579205,0.43347177,504,0,0,unseen
481053136,0.280377,0.6155267,139,0,0,unseen
481056857,0.3911054,0.7551633,764,0,0,unseen
481070027,0.31228802,0.7752897,746,0,0,unseen
481112669,0.26379007,0.59350675,765,0,0,unseen
481121605,0.0667468,0.36932614,321,0,0,unseen
481191030,0.12373893,0.4547932,364,0,0,unseen
481268762,0.21539299,0.60504574,126,0,0,unseen
481286239,0.25003886,0.6118981,1022,0,0,unseen
481359062,0.12462432,0.3765211,330,0,0,unseen
481406868,0.1432357,0.622181,870,0,0,unseen
481410841,0.14567019,0.49087185,398,0,0,unseen
481427934,0.14661129,0.49795902,150,0,0,unseen
481600824,0.5146173,0.7163611,8,0,0,unseen
481636469,0.3735839,0.75960726,851,0,0,unseen
481653694,0.24229936,0.7053188,1118,0,0,unseen
481657750,0.064203076,0.2372601,319,0,0,unseen
481708589,0.16564296,0.5827504,326,0,0,unseen
481941832,0.85301065,0.91328925,6,0,1,unseen
481941855,0.76920277,0.8423407,3,0,0,unseen
481941863,0.7443197,0.87130713,4,0,0,unseen
481989534,0.5774811,0.7439256,9,0,0,unseen
482002172,0.16219127,0.7848075,719,0,0,unseen
482002701,0.230112,0.4914958,74,0,0,unseen
482006328,0.376722,0.5973786,20,0,0,unseen
482050067,0.25238198,0.860128,257,0,0,unseen
482071463,0.3418276,0.9053047,458,0,0,unseen
482356368,0.13661557,0.6743422,545,0,0,unseen
482356653,0.1833448,0.4569514,719,0,0,unseen
482417237,0.12755226,0.36402556,333,0,0,unseen
482421242,0.296266,0.71110004,964,0,0,unseen
482520889,0.40135843,0.72752154,326,0,0,unseen
482524464,0.06651935,0.33333513,513,0,0,unseen
482633514,0.16849051,0.42982423,330,0,0,unseen
482637370,0.35570994,0.5848776,21,0,0,unseen
482680447,0.13456802,0.3244402,64,0,0,unseen
482693819,0.26551858,0.6400341,938,0,1,unseen
482702027,0.13279693,0.3442449,290,0,0,unseen
482732443,0.18530568,0.8132621,839,0,0,unseen
482757982,0.15501124,0.47411674,199,0,0,unseen
482762384,0.18030645,0.81248677,284,0,0,unseen
482797167,0.2662696,0.8777699,1000,0,0,unseen
482974860,0.4257655,0.77485824,450,0,0,unseen
483000509,0.19633092,0.51401925,120,0,0,unseen
483017681,0.14575914,0.6005138,253,0,0,unseen
483021600,0.25827375,0.5021563,197,0,0,unseen
483042692,0.15688008,0.63247395,922,0,0,unseen
483189268,0.07790781,0.39292058,91,0,0,unseen
483193732,0.37284264,0.82717764,345,1,2,unseen
483245369,0.16544926,0.6696994,501,1,3,unseen
483324087,0.20062074,0.47546932,65,0,0,unseen
483646991,0.21791947,0.6694255,1005,0,0,unseen
483708083,0.13432644,0.5125724,987,0,0,unseen
483711811,0.25113407,0.56905645,168,0,0,unseen
483712161,0.0750198,0.44483712,975,0,0,unseen
483716037,0.2640576,0.66492075,183,0,0,unseen
483720758,0.2222661,0.67632425,609,0,0,unseen
483797945,0.17564045,0.5598462,585,0,0,unseen
483988886,0.46956715,0.46956715,1,0,0,unseen
484006079,0.12082017,0.32301635,159,0,0,unseen
484015147,0.24478815,0.4931008,184,0,0,unseen
484018923,0.19753551,0.41943234,131,0,0,unseen
484040200,0.26775265,0.5681181,906,0,0,unseen
484069896,0.34702978,0.8499507,336,0,0,unseen
484126552,0.017385263,0.14048912,437,0,0,neg_only
484350664,0.21643564,0.36640233,85,0,0,unseen
484351401,0.19110945,0.45326585,331,0,0,unseen
484355328,0.08516787,0.5526196,330,0,0,unseen
484355342,0.22980292,0.6212465,579,0,0,unseen
484359937,0.07991129,0.37508684,334,0,0,pos_only
484368420,0.26473057,0.6933481,714,0,0,unseen
484402369,0.28897524,0.53255224,253,0,0,unseen
484696850,0.52127874,0.9371659,976,3,15,unseen
484735678,0.35387743,0.88735026,512,0,0,unseen
484821546,0.06030961,0.43936276,949,0,0,unseen
484825371,0.12917115,0.5693822,1046,0,0,unseen
484829654,0.061413277,0.2204578,245,0,0,unseen
484911881,0.1203288,0.5584078,534,0,0,unseen
484911954,0.042626888,0.15391394,34,0,0,neg_only
485029592,0.08729696,0.3318929,631,0,0,unseen
485037749,0.3258063,0.8167205,203,0,0,unseen
485093313,0.10121511,0.41144845,195,0,0,unseen
485171425,0.09256218,0.31351373,138,0,0,unseen
485249150,0.10925326,0.34954134,697,0,0,pos_only
485387561,0.2008026,0.4126732,102,0,0,unseen
485430336,0.35415822,0.8221243,298,0,0,unseen
485430376,0.15865807,0.47236037,599,0,0,unseen
485511772,0.057464935,0.3863198,522,0,0,unseen
485589846,0.23456386,0.6002304,846,0,1,unseen
485628489,0.16042519,0.4778788,581,0,0,unseen
485711235,0.39967543,0.7652266,104,0,0,unseen
485715511,0.08267289,0.4050806,223,0,0,unseen
485728655,0.16862635,0.6261109,425,0,0,unseen
485732870,0.33911863,0.72722346,31,0,0,unseen
485745069,0.04196505,0.58557177,327,0,0,neg_only
485745927,0.17591333,0.47032544,35,0,0,unseen
485970020,0.41493917,0.74190456,258,0,1,unseen
486056294,0.20713378,0.5592028,748,0,0,unseen
486073415,0.24593486,0.7506766,632,0,0,unseen
486103577,0.18349497,0.60256684,271,0,0,unseen
486116439,0.1188947,0.22209431,13,0,0,unseen
486194398,0.06086292,0.33271867,945,0,0,pos_only
486444499,0.3694206,0.7714728,124,0,0,unseen
486444857,0.14557533,0.58891785,215,0,0,unseen
486501502,0.21445435,0.81888115,379,0,1,unseen
486544396,0.37015125,0.6091085,41,0,0,neg_only
486646991,0.31060037,0.74765086,797,0,2,unseen
486807709,0.25780508,0.627412,580,0,0,unseen
486812022,0.25711393,0.7690704,1001,0,1,unseen
486815976,0.38886628,0.8365219,1081,0,0,unseen
486837442,0.47190577,0.91184795,1099,0,1,unseen
486841797,0.22360104,0.76666903,709,0,0,unseen
486842208,0.4196861,0.7447345,333,0,0,unseen
486876782,0.09724705,0.40608168,674,0,0,unseen
486880919,0.086994715,0.33784539,1045,0,0,neg_only
487143497,0.1663339,0.5693229,751,0,0,neg_only
487144598,0.015124452,0.09354733,682,0,0,neg_only
487187476,0.15566659,0.6354509,1104,0,0,pos_only
487191620,0.12015288,0.62154365,995,0,0,unseen
487212916,0.51429325,0.8410929,522,0,0,unseen
487467388,0.3160676,0.6530033,219,0,0,unseen
487489028,0.41491428,0.88246864,852,0,0,unseen
487489064,0.5392199,0.83950925,855,0,0,unseen
487501700,0.5592039,0.9421971,1089,0,10,unseen
487523851,0.2509428,0.71447164,475,0,0,unseen
487537477,0.040900704,0.3502802,263,0,0,unseen
487541595,0.16538978,0.82312447,695,0,0,unseen
487610557,0.26759043,0.50570285,126,0,0,unseen
487795196,0.3837388,0.75411946,104,0,0,unseen
487812620,0.12826039,0.49892515,320,0,0,unseen
487834111,0.36072668,0.8915758,1070,0,0,unseen
487834131,0.40231597,0.8173145,925,0,0,unseen
487834179,0.558727,0.8471668,879,0,0,unseen
487882254,0.1479328,0.6278507,1135,0,0,unseen
487882530,0.27149752,0.80575573,842,0,0,unseen
487899426,0.13270323,0.6095396,451,0,0,unseen
487899562,0.28970104,0.68830657,307,0,0,unseen
487925037,0.09232427,0.47407675,838,0,0,unseen
487968933,0.09885209,0.21528916,298,0,0,unseen
488179585,0.38775295,0.8691656,1145,0,0,unseen
488188560,0.462875,0.94441825,1086,0,0,unseen
488223252,0.27051294,0.8627161,933,0,0,unseen
488231898,0.1064887,0.25569147,330,0,0,neg_only
488533722,0.47989628,0.90243006,1048,0,0,unseen
488550675,0.22181664,0.6819289,165,0,0,unseen
488559952,0.2893562,0.71872514,336,0,0,unseen
488572496,0.07529743,0.29198557,517,0,0,unseen
488896350,0.03761515,0.30810547,261,0,0,unseen
488922181,0.07618788,0.210065,781,0,0,neg_only
488931037,0.12695956,0.51912457,533,0,0,unseen
489686575,0.38122422,0.6055489,312,0,0,unseen
507243409,0.53800535,0.9016031,1079,0,0,unseen
507592981,0.51077586,0.8792993,1090,0,0,unseen
508292573,0.43499714,0.9039784,1073,0,0,unseen
508599194,0.27370697,0.8250137,1077,0,0,unseen
508599211,0.32634002,0.78866667,1076,0,0,unseen
508599276,0.41015598,0.8786652,1075,0,0,unseen
508616471,0.48840147,0.88728285,1060,0,1,unseen
508689623,0.09628089,0.43413895,1142,0,0,unseen
508793049,0.36781156,0.7565295,1008,0,6,unseen
509264220,0.35641435,0.8639562,1057,0,0,unseen
509410587,0.51593584,0.8814386,508,0,0,unseen
509626405,0.2898105,0.90628046,589,0,0,unseen
509924185,0.23967788,0.6825835,398,0,0,unseen
509928512,0.2071282,0.80353254,1029,0,0,unseen
509928946,0.1829401,0.737964,932,0,0,unseen
509945954,0.1044037,0.61782986,1104,0,0,unseen
509968249,0.13949542,0.471219,311,0,0,unseen
509993739,0.09501313,0.4481572,333,0,0,unseen
510049477,0.041821357,0.24448074,1034,0,0,both
510278421,0.2285918,0.7948933,797,0,0,unseen
510282921,0.14671265,0.55714077,714,0,0,unseen
510623727,0.38888985,0.7279717,327,0,0,unseen
510623836,0.38808417,0.71407974,238,0,0,unseen
510658534,0.081303656,0.46668154,336,0,0,unseen
510676580,0.47904173,0.77513367,318,0,0,unseen
510680365,0.027487684,0.56469584,293,0,0,unseen
510680957,0.085550696,0.57627916,308,0,0,unseen
510921766,0.3850264,0.6453219,26,0,0,unseen
510926056,0.09755021,0.09755021,1,0,0,unseen
510952092,0.28846204,0.6289815,604,0,0,unseen
510956058,0.378012,0.4871552,7,0,0,unseen
510956443,0.33724752,0.5527705,13,0,0,unseen
510987433,0.033142284,0.1645555,735,0,0,neg_only
511025402,0.21770664,0.5178241,369,0,0,unseen
511051477,0.2146067,0.6802851,317,0,0,unseen
511120297,0.19166926,0.41755173,37,0,0,unseen
511262952,0.29383016,0.64807546,42,0,0,unseen
511267109,0.23286894,0.23286894,1,0,0,unseen
511271342,0.2549091,0.35844404,2,0,0,unseen
511271379,0.47089818,0.78689396,11,0,0,unseen
511271574,0.017273366,0.14876895,471,0,0,unseen
511349908,0.064902075,0.19762734,1038,0,0,unseen
511353266,0.030012717,0.42361924,341,0,0,unseen
511358390,0.08481642,0.5182734,952,0,0,unseen
511561131,0.20882295,0.6140726,268,0,0,unseen
511616870,0.08374018,0.08374018,1,0,0,unseen
511617404,0.09348904,0.48487467,127,0,0,unseen
511621576,0.36810192,0.70549667,84,0,0,unseen
511625768,0.18321602,0.2910687,6,0,0,unseen
511626068,0.29297513,0.4986738,5,0,0,unseen
511626286,0.33345827,0.6120324,4,0,0,unseen
511634742,0.29705772,0.70420086,67,0,0,unseen
511660697,0.3042477,0.85641664,337,0,1,unseen
511681569,0.16767652,0.44953582,326,0,0,unseen
511685969,0.089003704,0.38056642,1103,0,0,unseen
511686666,0.10830539,0.3269749,356,0,0,unseen
511949534,0.27865052,0.4279855,4,0,0,unseen
511966686,0.5410911,0.6043064,3,0,0,unseen
511966731,0.41743836,0.61790454,5,0,0,unseen
512023157,0.3279876,0.73828745,261,0,0,unseen
512048416,0.3196186,0.9048608,579,0,1,unseen
512079523,0.3354729,0.92667145,533,1,2,unseen
512308235,0.25498894,0.5882747,374,0,0,unseen
512312176,0.19648921,0.36482963,23,0,0,unseen
512377806,0.21830422,0.8182235,405,0,0,unseen
512411321,0.18686275,0.48475063,574,0,0,unseen
512441442,0.29064938,0.68500835,848,0,0,unseen
512575200,0.3077205,0.68386793,838,0,0,unseen
512765816,0.12144736,0.43162805,300,0,0,unseen
512782759,0.13627763,0.41272318,589,0,0,unseen
512851433,0.46471345,0.83052856,310,0,0,unseen
512976561,0.6051073,0.8323808,7,0,0,unseen
512982243,0.23684159,0.5203909,37,0,0,unseen
513029260,0.3720451,0.6533655,16,0,0,unseen
513050445,0.14752033,0.33983538,212,0,0,unseen
513058708,0.34175372,0.6688377,379,0,0,unseen
513106377,0.12492973,0.53945637,255,0,0,unseen
513317334,0.18622057,0.18622057,1,0,0,unseen
513339129,0.1265931,0.35212424,722,0,0,unseen
513339951,0.42248854,0.615281,15,0,0,unseen
513344531,0.0725008,0.52988535,323,0,0,unseen
513357277,0.38714594,0.8335705,38,0,0,unseen
513404289,0.059736263,0.35281184,326,0,0,unseen
513447083,0.4889218,0.8599343,228,0,0,unseen
513451621,0.24352701,0.5502966,684,0,0,unseen
513555436,0.1303042,0.48869136,143,0,0,unseen
513741732,0.34361517,0.65636057,319,0,0,unseen
513788774,0.15686479,0.65352005,418,0,0,unseen
514013549,0.21908095,0.59910786,1007,0,0,unseen
514017455,0.31854284,0.6408816,887,0,0,unseen
514043443,0.18811563,0.48838305,1021,0,0,unseen
514068564,0.10026197,0.51276445,653,0,0,unseen
514073634,0.36230308,0.6483843,339,0,0,unseen
514367640,0.21593946,0.60479605,1095,0,0,unseen
514375643,0.13940623,0.28625837,67,0,0,unseen
514397189,0.19299991,0.49875724,749,0,0,unseen
514406435,0.34349608,0.609785,25,0,0,unseen
514530654,0.1590245,0.33091494,134,0,0,unseen
514683250,0.24676768,0.65142006,308,0,0,unseen
514713432,0.12632048,0.27048713,55,0,0,unseen
514807275,0.29949042,0.7614576,410,0,0,unseen
514837265,0.16343419,0.5207989,312,0,0,unseen
514842241,0.13499266,0.35779274,835,0,0,neg_only
514850616,0.17745979,0.51058674,1117,0,0,neg_only
515049524,0.16690622,0.55725724,167,0,0,neg_only
515096130,0.22389798,0.73352873,733,0,0,unseen
515152792,0.17480466,0.46887022,329,0,0,unseen
515385637,0.046103757,0.47762,291,0,0,unseen
515385759,0.22519471,0.64712083,974,0,0,unseen
515390688,0.3956826,0.76005083,14,0,0,unseen
515437073,0.38926244,0.8106242,1010,0,0,unseen
515450389,0.15845104,0.76425123,488,0,0,unseen
515718803,0.062025674,0.5293399,332,0,0,unseen
515813661,0.16826147,0.7416633,360,0,0,unseen
515852217,0.22764578,0.7815933,853,0,0,unseen
516055524,0.011825529,0.12611428,898,0,0,unseen
516098538,0.25161082,0.697235,87,0,0,unseen
516214576,0.077842414,0.43051803,622,0,0,unseen
516399646,0.07118578,0.38497776,333,0,0,unseen
516409549,0.2686265,0.47429377,195,0,0,unseen
516425902,0.15094072,0.55985737,235,0,0,unseen
516762858,0.54066557,0.8154369,34,0,0,unseen
516771668,0.391085,0.80962616,23,0,0,unseen
516780722,0.33031952,0.77011555,432,0,0,unseen
516806504,0.28995204,0.64059824,554,0,0,unseen
516832391,0.17701991,0.59314704,1028,0,0,unseen
516844782,0.12243135,0.5373106,1041,0,0,unseen
516857964,0.2646243,0.8387684,350,0,0,unseen
517086196,0.031924527,0.23393907,1224,0,0,unseen
517090901,0.11893159,0.47347245,335,0,0,unseen
517117602,0.3152713,0.6140829,12,0,0,unseen
517138678,0.20940691,0.49746636,22,0,0,unseen
517280671,0.20656826,0.5730613,290,0,0,unseen
517445395,0.09128967,0.3060526,101,0,0,unseen
517458316,0.27129003,0.57279885,11,0,0,unseen
517479202,0.24494553,0.5913244,334,0,0,unseen
517514142,0.0898164,0.6655617,351,0,0,both
517578770,0.07593351,0.44025815,327,0,0,unseen
517682957,0.06553209,0.51428384,308,0,0,unseen
517838657,0.18745731,0.763927,793,0,0,unseen
517838849,0.1644266,0.8173688,870,0,0,unseen
517847127,0.5288794,0.8414264,885,0,0,unseen
517850316,0.42379674,0.7661118,858,0,0,unseen
517854468,0.23612937,0.6781179,889,0,0,pos_only
517871837,0.48482126,0.8948538,1152,0,0,unseen
517872280,0.09612218,0.7032923,354,0,0,unseen
517885151,0.18955328,0.6663644,1024,0,0,unseen
517902689,0.07414653,0.27303723,366,0,0,unseen
517910959,0.2762104,0.67272365,361,0,0,unseen
518187118,0.37322697,0.7726925,976,0,0,unseen
518212987,0.4943388,0.8031873,873,0,0,unseen
518329528,0.48334044,0.74035245,291,0,0,unseen
518369709,0.22026278,0.5466735,288,0,0,unseen
518476551,0.16072121,0.6238676,203,0,0,unseen
518558825,0.10122205,0.65812117,834,0,0,unseen
518598175,0.091974996,0.73366755,566,0,0,unseen
518864844,0.53926796,0.8729948,918,0,0,unseen
518864924,0.50802654,0.88924044,852,0,0,unseen
518869459,0.405983,0.90702355,974,0,0,unseen
518873469,0.47109377,0.8753505,1126,0,1,unseen
518873604,0.49597844,0.9370719,1100,0,3,unseen
518882016,0.42221087,0.8960708,1118,0,0,unseen
518899665,0.23025869,0.5002248,571,0,0,neg_only
518920893,0.0767608,0.3648862,205,0,0,unseen
518921865,0.35495067,0.83135796,1004,0,0,unseen
518930199,0.032447774,0.49077347,1107,0,0,pos_only
518930220,0.12315023,0.739875,342,0,0,unseen
519046655,0.071620435,0.34071767,302,0,0,both
519218919,0.47318608,0.91210353,1136,0,0,unseen
519223027,0.4603283,0.87949413,1145,0,0,unseen
519249805,0.0999848,0.31660315,313,0,0,unseen
519275692,0.12532923,0.4650638,321,0,0,unseen
519279166,0.2619944,0.6360777,299,0,0,neg_only
519555690,0.50433,0.9376785,1058,0,4,unseen
519564501,0.4675637,0.87629694,1136,0,1,unseen
519573128,0.38967133,0.831334,1069,0,0,unseen
519591210,0.22363302,0.56367594,663,0,0,unseen
519616809,0.1273509,0.47441435,415,0,0,unseen
519620935,0.32014167,0.6366614,405,0,0,unseen
519629116,0.5074752,0.91285026,885,1,6,unseen
519900699,0.48708716,0.90292263,1098,4,12,unseen
519905418,0.46747637,0.9354066,1128,0,10,unseen
519909788,0.40144727,0.72267354,338,0,0,unseen
519949044,0.15627296,0.385108,343,0,0,unseen
520272258,0.108636856,0.58105177,322,0,0,unseen
520285559,0.075879194,0.3471223,250,0,0,unseen
520613226,0.12269026,0.4565052,250,0,0,unseen
520617773,0.12017933,0.43543646,1165,0,0,neg_only
538308362,0.51987207,0.8955443,1056,0,3,unseen
538602138,0.36094153,0.8730571,1090,0,0,unseen
538653955,0.48591557,0.8611708,1034,0,0,unseen
538908474,0.51056796,0.9152017,1091,0,1,unseen
539462336,0.4243964,0.73508704,470,0,0,unseen
539759172,0.2585745,0.8767508,323,0,0,unseen
539810773,0.40260127,0.7892507,224,0,0,unseen
539983731,0.2807128,0.8228209,1080,0,0,unseen
540001084,0.1452461,0.45714417,275,0,0,unseen
540329317,0.12818815,0.5678351,317,0,0,unseen
540657374,0.073529445,0.38399425,298,0,0,unseen
540662210,0.37827653,0.748987,311,0,0,unseen
540730639,0.49545258,0.9133981,852,1,2,unseen
540972196,0.259787,0.838847,663,0,1,unseen
540998783,0.24726965,0.5101634,217,0,0,unseen
540998882,0.083424434,0.38947415,290,0,0,unseen
541118908,0.31736773,0.8630709,317,0,0,unseen
541119189,0.4306722,0.7974729,278,0,0,unseen
541192496,0.44593087,0.81421596,943,1,11,unseen
541326096,0.25118944,0.64736885,1074,0,0,unseen
541347811,0.15251586,0.7646323,608,0,0,unseen
541373868,0.09219822,0.3865266,281,0,0,unseen
541615798,0.788856,0.8528695,3,0,0,unseen
541615964,0.2807506,0.6199905,129,0,0,unseen
541624179,0.46064496,0.6527696,12,0,0,unseen
541628695,0.26600847,0.5373478,16,0,0,unseen
541632940,0.22635858,0.4434994,8,0,0,unseen
541663112,0.24338694,0.47277236,25,0,0,unseen
541681271,0.14737295,0.4441146,252,0,0,unseen
541697718,0.023293452,0.25032938,1100,0,0,unseen
541723677,0.05354184,0.38470942,1063,0,0,unseen
541723810,0.05577417,0.32779223,840,0,0,unseen
541956768,0.16343766,0.40470505,9,0,0,unseen
541961677,0.45695898,0.829168,6,0,0,unseen
541961750,0.5119071,0.6794348,3,0,0,unseen
541965840,0.36089978,0.49416146,3,0,0,unseen
542056766,0.313267,0.56161386,92,0,0,unseen
542068823,0.076961495,0.5709139,903,0,0,unseen
542293528,0.56626034,0.56626034,1,0,0,unseen
542297875,0.23814014,0.50106657,5,0,0,unseen
542298159,0.5094005,0.57640374,3,0,0,unseen
542315097,0.23399368,0.6753203,740,0,0,unseen
542376096,0.057417173,0.16637762,1017,0,0,neg_only
542410481,0.35514185,0.6169826,330,0,0,unseen
542634818,0.23118699,0.9214238,929,1,1,unseen
542643555,0.40428782,0.65654355,5,0,0,unseen
542652400,0.16464917,0.6665917,290,0,0,unseen
542665187,0.64863366,0.8016068,7,0,0,unseen
542679122,0.15487444,0.57149196,776,0,0,unseen
542695056,0.31536207,0.7792262,1007,0,0,unseen
542699260,0.23713411,0.79920655,331,0,0,unseen
542747457,0.21526605,0.6176143,330,0,0,unseen
542751938,0.17164649,0.7590152,644,0,0,unseen
543010474,0.19984823,0.8722322,634,1,2,unseen
543023799,0.10953902,0.67375386,321,0,0,unseen
543053986,0.12940717,0.2888908,90,0,0,unseen
543062097,0.28328165,0.54533005,477,0,0,unseen
543092817,0.08501385,0.42032316,333,0,0,unseen
543135607,0.1534048,0.33278522,330,0,0,unseen
543256347,0.2509533,0.698531,774,0,0,pos_only
543333530,0.43959796,0.547031,2,0,0,unseen
543360557,0.36437482,0.63912034,83,0,0,unseen
543365151,0.30278483,0.6405707,441,0,0,unseen
543365167,0.05422689,0.434486,311,0,0,unseen
543369332,0.34657297,0.6062977,101,0,0,unseen
543412198,0.0910452,0.49167266,312,0,0,unseen
543441466,0.0930355,0.5703584,1086,0,0,unseen
543446584,0.35856217,0.82002664,92,0,0,unseen
543566744,0.10983074,0.53541046,322,0,0,unseen
543615199,0.38925487,0.73731405,880,0,1,unseen
543684107,0.34804383,0.4876453,5,0,0,unseen
543692985,0.012259909,0.0674577,984,0,0,both
543702186,0.20225908,0.6716467,341,0,0,unseen
543702551,0.28951064,0.64630514,130,0,0,unseen
543718301,0.060424518,0.48501813,365,0,0,unseen
543770627,0.3156382,0.83907694,68,0,0,unseen
543821838,0.08258418,0.17575847,327,0,0,neg_only
544007573,0.25195053,0.33366662,4,0,0,unseen
544021095,0.21787907,0.9489182,1065,1,4,unseen
544037996,0.060684863,0.22193645,332,0,0,unseen
544038013,0.46976486,0.74146485,189,0,0,unseen
544038123,0.14464012,0.48689926,804,0,0,pos_only
544038294,0.18050759,0.57535505,170,0,0,unseen
544046671,0.27354094,0.6292278,127,0,0,neg_only
544107243,0.050082352,0.29721573,335,0,0,unseen
544265891,0.3102234,0.6877696,805,0,0,unseen
544270890,0.14578652,0.50177944,439,0,0,unseen
544366430,0.49006918,0.85508835,111,0,0,unseen
544379269,0.040698525,0.4014378,332,0,0,unseen
544383511,0.3037944,0.8200975,1057,0,0,unseen
544611593,0.23930869,0.558346,809,0,1,unseen
544699051,0.20145299,0.47648516,83,0,0,unseen
544720220,0.20558217,0.60525745,159,0,0,unseen
544750318,0.14750838,0.2630668,49,0,0,unseen
544956941,0.15508053,0.6725799,428,0,0,unseen
545039548,0.2234653,0.62851685,830,0,0,unseen
545385576,0.032216113,0.3279532,721,0,0,unseen
545389295,0.27896592,0.5445379,111,0,0,unseen
545427747,0.33905602,0.8783172,983,0,0,unseen
545440837,0.16778174,0.42099363,913,0,0,unseen
545441096,0.2925052,0.7414217,991,0,0,unseen
545445407,0.09773624,0.7147469,907,0,0,unseen
545453209,0.17952774,0.64259654,649,0,0,unseen
545501062,0.22381632,0.51221687,495,0,0,unseen
545510060,0.31808785,0.57534677,340,0,0,unseen
545535468,0.22333656,0.57725304,295,0,0,unseen
545630021,0.29003227,0.58254474,279,0,0,unseen
545631081,0.3323509,0.63457936,308,0,0,unseen
545635037,0.34484437,0.70533633,300,0,0,unseen
545743228,0.29970777,0.6678693,205,0,0,unseen
545786279,0.14490171,0.5802904,273,0,0,unseen
545786473,0.29144797,0.7026393,933,0,0,unseen
545872467,0.08111654,0.24530613,371,0,0,unseen
545903200,0.07803321,0.29152903,609,0,0,unseen
545967423,0.3342661,0.6724677,312,0,0,unseen
545971650,0.32108152,0.63836205,302,0,0,unseen
545971748,0.31220654,0.61097413,311,0,0,unseen
546080131,0.19400409,0.7774856,984,0,0,unseen
546083486,0.2909807,0.6001593,92,0,0,unseen
546123239,0.30528387,0.77750427,70,0,0,unseen
546127037,0.20683539,0.6629544,968,0,0,unseen
546196205,0.17853487,0.49287647,422,0,0,unseen
546217818,0.119074844,0.29517734,333,0,0,unseen
546234932,0.4548567,0.8730375,785,2,18,unseen
546316427,0.24071169,0.5551109,270,0,0,unseen
546412678,0.3579906,0.7345592,134,0,0,unseen
546438473,0.21564166,0.60918903,675,0,0,unseen
546472393,0.15656081,0.58694226,705,0,0,unseen
546507208,0.24686877,0.73634696,562,0,0,unseen
546511447,0.17052047,0.74081695,212,0,0,unseen
546661879,0.2344632,0.47451183,280,0,0,unseen
546661881,0.20849082,0.6250635,702,0,0,unseen
546765551,0.17154807,0.7893707,673,0,0,unseen
546765753,0.19627301,0.5258688,526,0,0,unseen
546917498,0.076007456,0.52244645,665,0,0,unseen
547103110,0.20250776,0.7043955,754,0,0,unseen
547129228,0.066661015,0.33716375,46,0,0,unseen
547158593,0.21895091,0.78270036,414,0,0,unseen
547227734,0.12691984,0.66543037,942,0,0,unseen
547240545,0.046334002,0.20168297,478,0,0,unseen
547258283,0.12529665,0.69469357,1094,0,0,unseen
547343857,0.2045176,0.42372733,283,0,0,unseen
547439565,0.11028489,0.32107648,166,0,0,unseen
547443555,0.09508395,0.5391875,766,0,0,unseen
547457113,0.10057385,0.23397337,34,0,0,unseen
547552266,0.05747413,0.26641235,1096,0,0,pos_only
547565159,0.43818787,0.7214693,352,0,0,unseen
547681002,0.34298927,0.69198364,249,0,0,unseen
547888586,0.19560106,0.719477,610,0,0,unseen
547918570,0.077034324,0.5344241,341,0,0,unseen
547927681,0.14013314,0.30817297,331,0,0,unseen
547978595,0.096533954,0.612602,469,0,0,unseen
548199677,0.11351672,0.7632376,332,0,0,unseen
548203966,0.26668954,0.72044563,866,0,1,unseen
548488948,0.14455456,0.4758957,1239,0,0,unseen
548549000,0.3392758,0.86650026,1105,0,0,unseen
548552875,0.45245817,0.87231857,1162,0,0,unseen
548552915,0.48391306,0.77384794,854,0,0,unseen
548553494,0.38827208,0.89628583,1102,0,0,unseen
548562283,0.042207696,0.4261759,333,0,0,unseen
548575149,0.16248831,0.6219118,1147,0,0,unseen
548712377,0.041304328,0.14308412,327,0,0,both
548821347,0.07089613,0.24705249,439,0,0,unseen
548885313,0.43174946,0.7855935,913,0,0,unseen
548898403,0.47397915,0.92902684,1103,0,1,unseen
548898520,0.39223325,0.9209068,1126,0,0,unseen
548907426,0.16200712,0.5702642,1173,0,0,unseen
548937579,0.18005644,0.6439589,1004,0,0,unseen
548993536,0.20738792,0.6277247,1005,0,0,neg_only
549158040,0.35073534,0.70008856,336,0,0,unseen
549161688,0.26107323,0.5511125,367,0,0,unseen
549209939,0.41876885,0.7726443,621,0,0,unseen
549222167,0.38172245,0.8986463,1105,0,0,unseen
549226277,0.5364493,0.8634237,899,0,1,unseen
549230949,0.51149184,0.7989471,856,0,0,unseen
549248200,0.52720094,0.94848734,1105,3,22,unseen
549252548,0.12952922,0.6417547,895,0,0,unseen
549257678,0.2355039,0.86203057,739,0,0,unseen
549261610,0.13043639,0.7726837,372,0,0,unseen
549282467,0.1063643,0.35655165,1173,0,0,pos_only
549347735,0.26158535,0.59111696,295,0,0,unseen
549377313,0.34921274,0.7204966,768,0,0,unseen
549382144,0.27145848,0.51881576,323,0,0,unseen
549502646,0.14014971,0.5343305,1139,0,0,unseen
549521047,0.30755684,0.72323817,45,0,0,unseen
549571627,0.35256037,0.892646,1099,0,0,unseen
549597974,0.08079966,0.28224215,1131,0,0,neg_only
549611256,0.093452096,0.3273308,500,0,0,unseen
549701100,0.3244686,0.5517717,301,0,0,unseen
549727330,0.26495516,0.64236337,311,0,0,unseen
549744594,0.28743473,0.8498273,887,2,7,unseen
549895967,0.30869043,0.5619616,97,0,0,unseen
549904387,0.4990908,0.850284,945,0,1,unseen
549908737,0.4991432,0.87835103,1044,0,0,unseen
549943673,0.107996784,0.69331384,1066,0,0,unseen
549961114,0.5769735,0.82747114,6,0,0,unseen
550068041,0.064219646,0.40995887,447,0,0,unseen
550081666,0.20531183,0.5030071,294,0,0,unseen
550271272,0.4290086,0.8627369,1083,0,0,unseen
550275952,0.06619013,0.20765983,326,0,0,unseen
550275987,0.19313547,0.41912243,241,0,0,unseen
550280614,0.084094286,0.6068545,438,0,0,neg_only
550318785,0.24152775,0.65067935,310,0,0,unseen
550319585,0.15519579,0.57541615,315,0,0,unseen
550326974,0.24922237,0.5301329,327,0,0,pos_only
550404663,0.08920563,0.26286066,791,0,0,both
550408954,0.27558777,0.65879387,256,0,0,unseen
550422384,0.13169117,0.3847605,290,0,0,unseen
550598935,0.5232196,0.9295324,1148,0,1,unseen
550599514,0.41889593,0.8763621,1129,0,0,unseen
550617370,0.29079378,0.8817517,866,0,3,neg_only
550621853,0.41145676,0.7725223,330,0,0,unseen
550638250,0.17672947,0.57086885,313,0,0,pos_only
550651224,0.22850312,0.66906524,329,0,0,unseen
550655668,0.115602456,0.5250558,899,0,0,unseen
550655959,0.10255004,0.4968272,324,0,0,unseen
550681259,0.18644233,0.55444115,244,0,0,unseen
550750102,0.123134054,0.35244963,541,0,0,pos_only
550953198,0.2655942,0.4863551,330,0,0,unseen
550988122,0.24324088,0.5567655,334,0,0,unseen
551000891,0.078054786,0.45447487,265,0,0,unseen
551303686,0.18263537,0.7442187,338,0,0,unseen
551337690,0.12808874,0.5007983,319,0,0,unseen
551427936,0.12801208,0.4159329,232,0,0,unseen
551445253,0.36178258,0.7610091,310,0,1,unseen
551666144,0.09226277,0.5076972,312,0,0,unseen
551669824,0.19393897,0.5286483,320,0,0,unseen
551790504,0.32840836,0.7137245,544,1,8,unseen
551790913,0.33227617,0.697558,275,0,0,unseen
551989415,0.08681519,0.5135384,335,0,0,unseen
552101376,0.077748396,0.41507503,141,0,0,unseen
568635279,0.5352148,0.89927894,1032,0,0,unseen
569317846,0.5215831,0.93854064,1101,0,10,unseen
569395077,0.3648942,0.89850277,635,0,1,unseen
569481415,0.45365325,0.7977207,271,0,0,unseen
569615641,0.47773635,0.9284088,1092,0,0,unseen
569650323,0.36823452,0.83559716,1062,0,0,unseen
569775058,0.40753934,0.7630203,526,0,0,unseen
570185174,0.3854526,0.70380425,619,1,13,unseen
570327880,0.32302585,0.7792669,1091,0,0,unseen
570336487,0.3532674,0.8296124,1094,0,0,unseen
570518166,0.3474206,0.60756344,646,0,0,unseen
570643135,0.2997291,0.8234292,1084,0,0,unseen
570742527,0.3619076,0.753567,864,0,0,unseen
570997147,0.2953242,0.8026307,1071,0,0,unseen
571044587,0.39841607,0.8047345,322,0,0,unseen
571140165,0.4867174,0.929275,409,3,9,unseen
571372889,0.35372502,0.634432,311,0,0,unseen
571424323,0.4010532,0.7822991,873,0,0,unseen
571424650,0.40920496,0.81192607,904,0,1,unseen
571424748,0.4229786,0.84578824,914,0,0,unseen
571692839,0.2416359,0.578167,308,0,0,unseen
571778381,0.35018563,0.80948776,845,0,0,unseen
571826184,0.4662259,0.75895447,212,0,0,unseen
572046627,0.16932109,0.38937342,170,0,0,unseen
572166953,0.44666487,0.7768341,224,0,0,unseen
572167406,0.5897468,0.8859008,199,2,11,unseen
572167413,0.414449,0.7100581,209,0,0,unseen
572494993,0.4577958,0.84160715,302,0,0,unseen
572647105,0.23988116,0.43975917,7,0,0,unseen
572650358,0.24480602,0.26670384,2,0,0,unseen
572650888,0.08710073,0.12931974,2,0,0,unseen
572651463,0.14278309,0.51108253,139,0,0,unseen
572988605,0.38693932,0.56291443,10,0,0,unseen
572988717,0.46628377,0.668457,29,0,0,unseen
573005505,0.28547135,0.6475876,722,0,0,unseen
573009633,0.30367362,0.52230394,9,0,0,unseen
573039796,0.22741728,0.55729616,954,0,0,unseen
573056433,0.31883052,0.4279821,9,0,0,unseen
573065577,0.4358988,0.90801936,1097,0,0,unseen
573090850,0.20564441,0.61394924,133,0,0,unseen
573328182,0.122371376,0.36053967,58,0,0,unseen
573328325,0.32330942,0.7990478,78,0,0,unseen
573329304,0.31940237,0.7947105,235,0,0,unseen
573329873,0.16053297,0.31908655,95,0,0,unseen
573333284,0.22741257,0.3749266,15,0,0,pos_only
573333575,0.36026016,0.75461084,68,0,0,unseen
573333835,0.2760916,0.8969847,798,0,1,unseen
573333903,0.20376714,0.83450246,220,0,0,unseen
573337611,0.34544483,0.83135563,387,0,0,unseen
573346248,0.1780325,0.5188647,16,0,0,unseen
573350770,0.35357842,0.76167125,235,0,0,unseen
573402255,0.105258584,0.3725286,332,0,0,unseen
573414975,0.3365203,0.74524194,90,0,0,unseen
573415212,0.22361991,0.50009966,180,0,0,unseen
573669915,0.29657033,0.8874115,649,1,8,unseen
573670049,0.24447118,0.39522478,24,0,0,pos_only
573699419,0.13415319,0.38240618,292,0,0,unseen
573708714,0.31038615,0.5015142,56,0,0,unseen
573713481,0.17917565,0.5977033,589,0,0,unseen
573774122,0.31155762,0.512438,25,0,0,unseen
574011220,0.24111196,0.38814306,9,0,0,unseen
574028395,0.18153557,0.25370353,5,0,0,unseen
574032862,0.4954099,0.9190693,498,0,3,unseen
574037266,0.2851125,0.9336533,1014,0,2,unseen
574037281,0.4885914,0.8972778,470,0,5,unseen
574040939,0.07418555,0.5655652,352,0,0,unseen
574041014,0.083481066,0.22386648,20,0,0,unseen
574058475,0.25450683,0.59172255,131,0,0,unseen
574128034,0.5136048,0.7651941,24,0,0,unseen
574351760,0.12658972,0.30862862,4,0,0,unseen
574352231,0.59098774,0.83825296,11,0,0,unseen
574377562,0.066056974,0.3502217,604,0,0,unseen
574377845,0.11526958,0.2320519,17,0,0,unseen
574378463,0.19553733,0.60483325,490,0,0,unseen
574378565,0.4469025,0.69762075,7,0,0,unseen
574382779,0.22624199,0.65960056,495,0,0,unseen
574395727,0.2925898,0.75024754,1041,0,0,unseen
574468840,0.29262155,0.3257742,2,0,0,unseen
574515806,0.26286048,0.68652606,360,0,0,unseen
574710121,0.29486805,0.76714766,187,0,0,unseen
574732075,0.16062926,0.47496802,346,0,0,unseen
574736017,0.059086736,0.32858473,831,0,0,unseen
574740549,0.1195149,0.43114123,1173,0,0,unseen
575068849,0.24194661,0.6491866,324,0,0,unseen
575073147,0.0951412,0.40703434,334,0,0,unseen
575073196,0.25794056,0.67962843,1043,0,0,unseen
575120546,0.36970937,0.5861603,66,0,0,unseen
575197482,0.1246653,0.6798188,419,0,0,unseen
575301459,0.3481745,0.7995704,700,0,0,unseen
575319031,0.1765684,0.8487603,346,1,1,unseen
575384259,0.13543461,0.4571046,91,0,0,unseen
575389396,0.38504803,0.79371226,35,0,0,unseen
575400910,0.23564173,0.6982752,253,0,0,unseen
575405846,0.24958666,0.65127176,297,0,0,unseen
575409523,0.36734703,0.6649832,106,0,0,unseen
575409592,0.38553855,0.83704877,373,0,0,unseen
575418068,0.44800997,0.6276688,7,0,0,unseen
575426742,0.105960496,0.35428342,317,0,0,unseen
575750788,0.08111107,0.61603236,718,0,0,unseen
575768294,0.02523644,0.09354673,335,0,0,both
575768329,0.35020348,0.80143774,1064,0,0,unseen
575845494,0.25493225,0.7556809,583,0,0,pos_only
576079106,0.055669248,0.36842322,417,0,0,unseen
576082257,0.029899502,0.19522662,332,0,0,unseen
576143501,0.11940462,0.52722657,268,0,0,unseen
576161592,0.3418793,0.6846198,326,0,0,unseen
576260070,0.08012317,0.8692541,340,0,0,unseen
576502536,0.055354647,0.33886787,935,0,0,unseen
576519520,0.2874954,0.7404319,577,0,0,unseen
576566621,0.13832799,0.4890808,1014,0,0,unseen
576764909,0.41941923,0.85768265,1008,1,1,unseen
576773752,0.40441436,0.5787469,11,0,0,unseen
576774002,0.24870029,0.6240395,26,0,0,unseen
576812462,0.25785726,0.5994262,926,0,0,unseen
576816635,0.24039009,0.52595633,979,0,0,unseen
576821609,0.26815906,0.6343237,330,0,0,unseen
576825965,0.023287632,0.12978941,785,0,0,neg_only
576864518,0.063060015,0.7588599,354,0,0,unseen
576898212,0.3767961,0.78399783,522,0,0,unseen
577002771,0.18190603,0.5059755,240,0,0,unseen
577205270,0.3366238,0.8132449,541,0,0,unseen
577205852,0.20841871,0.7307857,306,0,0,unseen
577244511,0.18634294,0.4692807,330,0,0,unseen
577330676,0.36056387,0.78407687,599,0,0,unseen
577455404,0.25242692,0.67985576,1175,0,0,unseen
577473231,0.47384012,0.8825218,614,0,16,unseen
577499411,0.24493144,0.66369385,330,0,0,unseen
577554935,0.19730116,0.40552792,560,0,0,unseen
577801333,0.20671514,0.39586896,10,0,0,unseen
577835762,0.19280383,0.69014734,810,0,0,unseen
577844302,0.2013651,0.65064436,914,0,0,unseen
578016879,0.4149535,0.87440485,824,0,0,unseen
578189223,0.23444615,0.7669736,664,0,0,unseen
578189576,0.17461576,0.65996593,316,0,0,unseen
578254032,0.100968026,0.5807506,332,0,0,unseen
578474318,0.27144444,0.7075927,313,0,0,unseen
578474907,0.21351847,0.6394735,160,0,0,unseen
578521941,0.33903486,0.71743244,228,0,0,unseen
578530106,0.45754972,0.8301393,664,0,1,unseen
578587420,0.38747376,0.81756836,1085,0,0,unseen
578621125,0.07567288,0.30006152,340,0,0,unseen
578642656,0.13458334,0.23071933,24,0,0,unseen
578694777,0.1758855,0.5542087,271,0,0,unseen
578837220,0.29662788,0.6322486,326,0,0,unseen
578841489,0.32522893,0.6581235,41,0,0,unseen
578914626,0.20229971,0.7774335,686,0,0,unseen
578936675,0.15936501,0.47756147,364,0,0,unseen
579169195,0.23928054,0.82835823,579,0,0,unseen
579169910,0.5065358,0.74961793,14,0,0,unseen
579194975,0.15092571,0.5135423,306,0,0,unseen
579234980,0.06932758,0.5030882,928,0,0,unseen
579239039,0.19723846,0.7663709,375,0,0,unseen
579260627,0.08071517,0.71178,335,0,0,unseen
579268807,0.13426287,0.47410354,1071,0,0,both
579510789,0.37246388,0.6095099,117,0,0,pos_only
579536041,0.38826874,0.6789716,341,0,0,unseen
579562628,0.24753283,0.36264142,7,0,0,unseen
579575594,0.21327542,0.62766755,1095,0,0,neg_only
579576294,0.19039217,0.5496679,107,0,0,unseen
579592619,0.5406445,0.8676149,865,0,0,unseen
579596940,0.19424282,0.63571644,753,0,0,unseen
579648510,0.26439196,0.6196022,332,0,0,unseen
579890564,0.24980545,0.7007337,1074,0,0,unseen
579911580,0.13145684,0.682672,666,0,0,unseen
579912201,0.042503852,0.2997921,1143,0,0,neg_only
579916831,0.21222603,0.67495996,1092,0,0,neg_only
579924731,0.394267,0.8497442,974,0,0,unseen
579928928,0.49286875,0.8270449,884,0,0,unseen
579963818,0.21048889,0.6478225,331,0,0,unseen
580093930,0.32003394,0.68441725,296,0,0,unseen
580209760,0.31490657,0.7691911,599,0,0,unseen
580227374,0.1058865,0.6630321,1013,0,0,unseen
580231908,0.17535235,0.62891144,176,0,0,unseen
580287695,0.1417766,0.77989286,850,0,0,neg_only
580288167,0.1910112,0.57941383,957,0,0,unseen
580300616,0.23635122,0.8089191,1016,0,0,pos_only
580546081,0.36175662,0.7652134,41,0,0,unseen
580547055,0.20269422,0.7280086,237,0,0,unseen
580585323,0.2596889,0.658567,263,0,0,unseen
580585427,0.28563088,0.7482459,237,0,0,unseen
580585459,0.3039454,0.7497017,253,0,0,unseen
580732172,0.17205542,0.4024798,961,1,2,unseen
580732377,0.11038974,0.29703543,96,0,0,unseen
580745387,0.099034,0.28978097,290,0,0,unseen
580780309,0.25624856,0.6848944,330,0,0,unseen
580926331,0.23784342,0.6789102,269,0,0,unseen
580934661,0.45687422,0.7869452,1026,0,0,unseen
580947602,0.43948624,0.8900272,1048,0,0,unseen
581004609,0.19354764,0.51187223,310,0,0,unseen
581060581,0.2675845,0.56058097,286,0,0,unseen
581121058,0.32656923,0.8404799,920,2,11,unseen
581250607,0.28231153,0.83516705,991,0,0,unseen
581262846,0.43597198,0.89065325,230,0,0,unseen
581293182,0.43563306,0.8919136,1130,0,0,unseen
581332573,0.26315653,0.6329062,381,0,0,unseen
581336531,0.11549618,0.5373411,1027,0,0,unseen
581409749,0.17442492,0.3840861,204,0,0,unseen
581414714,0.107802264,0.40948084,120,0,0,unseen
581599674,0.38894662,0.867789,357,0,0,unseen
581603800,0.28343922,0.80398196,289,0,0,unseen
581633934,0.52447104,0.9173464,1094,0,4,unseen
581690438,0.07951458,0.7441294,326,0,0,unseen
581746661,0.057933565,0.27151796,664,0,0,neg_only
582027317,0.2907228,0.6094322,221,0,0,unseen
582027783,0.09031226,0.34482634,334,0,0,unseen
582101205,0.28979716,0.5900588,251,0,0,unseen
582338836,0.23246677,0.657601,927,0,0,unseen
582355376,0.38291988,0.6665657,356,0,0,unseen
582381047,0.072577894,0.48188102,1020,0,0,unseen
582381054,0.13591248,0.55249524,979,0,0,unseen
582700300,0.18408279,0.5300148,364,0,0,unseen
582709537,0.07947413,0.36309317,312,0,0,unseen
583015749,0.18144742,0.50717205,331,0,0,unseen
583175492,0.35599035,0.7086746,351,0,0,unseen
600011602,0.50645214,0.93547404,1040,0,0,unseen
600365719,0.55974585,0.94902915,1087,0,6,unseen
600464601,0.20110267,0.5905085,295,1,1,unseen
600684832,0.30570674,0.8993553,1064,0,0,unseen
600702483,0.34951615,0.853771,1048,0,0,unseen
601047853,0.39647824,0.86474824,1070,0,0,unseen
601216096,0.35195157,0.6825961,480,0,0,unseen
601319398,0.41066757,0.8918746,1068,0,0,unseen
601470598,0.24181554,0.8588233,284,0,0,unseen
601557317,0.35665712,0.6504224,596,0,0,unseen
601712754,0.30751038,0.85671055,1079,0,0,unseen
601725569,0.43912295,0.779929,826,0,1,unseen
601824532,0.3837581,0.8581568,310,0,0,unseen
602071049,0.3132556,0.8535102,840,0,0,unseen
602368546,0.10887482,0.6141905,952,0,0,neg_only
602382052,0.21307291,0.46439126,67,0,0,unseen
602459169,0.4840968,0.8721711,943,0,0,unseen
602459682,0.5903349,0.9449999,930,29,76,unseen
602476655,0.09093385,0.48161742,1094,0,0,unseen
602502825,0.32988495,0.7707844,299,0,0,unseen
602645152,0.39049372,0.7562841,331,0,0,unseen
602808843,0.41284648,0.84387213,1103,0,0,unseen
602809029,0.4225023,0.81028014,857,0,1,unseen
602990602,0.18174112,0.5873923,147,0,0,unseen
602999843,0.34153798,0.6316038,61,0,0,unseen
603003871,0.4061689,0.6584465,39,0,0,unseen
603095061,0.19689262,0.4556755,54,0,0,unseen
603167111,0.091221176,0.36453706,685,0,0,unseen
603379393,0.7488485,0.97004557,67,0,4,unseen
603422422,0.5266213,0.90982497,1089,0,1,unseen
603444300,0.07595924,0.27335784,334,0,0,unseen
603466235,0.35423705,0.918215,522,0,13,unseen
603477954,0.30111742,0.53413004,146,0,0,unseen
603482385,0.36065453,0.65143925,332,0,0,pos_only
603681826,0.32450017,0.52668816,45,0,0,unseen
604009598,0.29090497,0.6463439,31,0,0,unseen
604031105,0.09888148,0.21368933,9,0,0,unseen
604061479,0.36630067,0.8245921,572,0,0,unseen
604070433,0.16661735,0.7682899,545,0,0,unseen
604194925,0.10684812,0.6465757,352,0,0,unseen
604195063,0.18469024,0.7355224,559,0,0,unseen
604195247,0.16657357,0.7482262,683,0,0,unseen
604242162,0.3252806,0.70750904,225,0,0,unseen
604255448,0.26299098,0.69469345,340,0,0,unseen
604289581,0.078127325,0.2504946,785,0,0,neg_only
604398262,0.12192073,0.24002454,4,0,0,unseen
604429310,0.18863617,0.66161925,153,0,0,unseen
604476368,0.04376438,0.5417336,990,0,0,unseen
604510524,0.32513803,0.7809484,461,0,0,unseen
604705430,0.24359171,0.6377351,63,0,0,unseen
604709727,0.013655807,0.36160135,594,0,0,unseen
604722017,0.17969842,0.72039664,142,0,0,unseen
604735525,0.2296972,0.73316395,297,0,0,unseen
604735824,0.08021991,0.38094166,66,0,0,unseen
604735961,0.18947552,0.38019723,78,0,0,unseen
604769716,0.35829487,0.84974664,830,0,2,unseen
604773096,0.09616438,0.46082845,348,0,0,unseen
604791287,0.21561678,0.53116006,1166,0,0,unseen
604856102,0.08059854,0.36124247,961,0,0,unseen
604864322,0.14804071,0.66666234,369,0,0,unseen
604864392,0.09687221,0.39122924,203,0,0,neg_only
604989608,0.18222415,0.54035246,288,0,0,unseen
605006733,0.49238536,0.8793197,799,0,6,unseen
605046401,0.34540457,0.66844094,41,0,0,unseen
605058898,0.1076518,0.3792779,61,0,0,unseen
605063393,0.3173625,0.74508065,104,0,0,unseen
605076723,0.20801836,0.3701861,153,0,0,unseen
605090489,0.6236995,0.8048293,7,0,0,unseen
605153844,0.2889755,0.5493833,163,0,0,unseen
605154073,0.032860693,0.24957666,332,0,0,unseen
605166418,0.13394096,0.5495338,359,0,0,unseen
605391864,0.10616547,0.24743941,4,0,0,unseen
605399330,0.77536005,0.8913932,4,0,0,unseen
605417133,0.26387846,0.556343,13,0,0,unseen
605554875,0.06120233,0.2612122,329,0,0,unseen
605723658,0.3946887,0.3946887,1,0,0,unseen
605727696,0.048820943,0.061839033,2,0,0,unseen
605732731,0.22947429,0.5253129,31,0,0,unseen
605740410,0.0766098,0.0766098,1,0,0,unseen
605754137,0.38893273,0.7762563,100,0,0,unseen
605762571,0.21051572,0.7378029,206,0,0,unseen
605770509,0.3009624,0.72787887,476,0,0,unseen
605791875,0.4965288,0.7635707,44,0,0,unseen
605801224,0.34019497,0.7272633,116,0,0,unseen
606090268,0.35752326,0.9236179,809,0,1,unseen
606431658,0.5948599,0.73090494,10,0,0,unseen
606444098,0.35962304,0.55907243,19,0,0,unseen
606447968,0.33551708,0.8048436,1106,0,0,unseen
606461310,0.0780748,0.6592847,441,0,0,unseen
606492411,0.566561,0.8622482,25,0,0,unseen
607117287,0.2790182,0.65555555,344,0,0,unseen
607130326,0.31220317,0.76133126,80,0,0,unseen
607131089,0.32591608,0.83957475,643,0,3,unseen
607212413,0.22983843,0.8877235,652,0,0,unseen
607221569,0.44019812,0.8612088,576,0,0,unseen
607251100,0.16187662,0.44297582,362,0,0,unseen
607273128,0.023888323,0.3223118,325,0,0,unseen
607273339,0.2800399,0.5385562,340,0,0,unseen
607441336,0.11943959,0.270059,38,0,0,unseen
607458700,0.27612773,0.68301755,317,0,0,unseen
607592906,0.4128976,0.7119361,508,0,0,unseen
607597135,0.11471127,0.603454,1022,0,0,unseen
607692113,0.20184405,0.4538518,468,0,0,unseen
607787481,0.36477444,0.7647812,51,0,1,unseen
607787538,0.43011838,0.73761606,341,0,0,unseen
607799924,0.24433449,0.7281533,364,0,0,unseen
607820937,0.23448946,0.5105916,222,0,0,unseen
607894716,0.3708471,0.8313468,501,0,0,unseen
607898830,0.24590634,0.72392726,476,0,0,unseen
607899687,0.3525845,0.7026375,369,0,0,unseen
607925257,0.1301937,0.35419378,121,0,0,unseen
607933758,0.17838244,0.6847552,1125,0,0,unseen
607938091,0.27674234,0.7907589,1030,0,0,unseen
607955261,0.19918402,0.6471877,337,0,0,unseen
608261812,0.067390546,0.29665458,935,0,0,unseen
608278754,0.023247039,0.24491428,339,0,0,unseen
608283432,0.2107772,0.62549764,783,0,0,unseen
608465100,0.3135818,0.5330296,49,0,0,unseen
608491067,0.44015262,0.85962886,65,0,0,unseen
608534083,0.23324263,0.8480317,226,0,0,unseen
608546564,0.28114042,0.6763216,166,0,0,unseen
608602824,0.036024854,0.36878684,332,0,0,unseen
608628936,0.16253547,0.5232803,507,0,0,unseen
608922563,0.19417441,0.51753145,666,0,0,neg_only
608948356,0.31782368,0.7582681,331,0,0,unseen
609000216,0.2451119,0.81610096,833,0,0,unseen
609168709,0.18521105,0.38394168,15,0,0,unseen
609173201,0.19862944,0.48448122,425,0,0,unseen
609233083,0.43934864,0.7228281,346,0,0,unseen
609247082,0.12799673,0.8599772,416,0,0,unseen
609281007,0.12628543,0.49562597,1118,0,0,unseen
609310926,0.14000556,0.6488307,976,0,0,pos_only
609513630,0.16665234,0.7873679,1029,0,0,unseen
609548390,0.2919544,0.59618026,1020,0,0,pos_only
609587511,0.08430354,0.6260824,398,0,0,neg_only
609591686,0.10817041,0.54328316,264,0,0,unseen
609656444,0.06684997,0.16805425,330,0,0,unseen
609855276,0.29229343,0.73365164,713,0,0,unseen
609867847,0.30671957,0.8603072,661,0,2,unseen
609893831,0.09490859,0.30874515,318,0,0,unseen
609924156,0.41994074,0.89728624,755,0,1,unseen
609975449,0.14296214,0.52458745,332,0,0,unseen
609993550,0.16039902,0.61349934,677,0,0,unseen
610113424,0.2837991,0.59601253,839,0,1,unseen
610274029,0.02416032,0.45087895,365,0,0,both
610274046,0.04674811,0.41400716,391,0,0,both
610312734,0.0864876,0.4568443,918,0,0,unseen
610321430,0.100379564,0.520813,331,0,0,unseen
610321522,0.2897409,0.52214307,349,0,0,unseen
610351307,0.046897534,0.21778075,228,0,0,unseen
610368283,0.13991949,0.3854288,280,0,0,unseen
610376954,0.17703326,0.37875956,223,0,0,unseen
610415691,0.20256054,0.70866036,749,0,0,unseen
610558436,0.13369495,0.4576733,298,0,0,unseen
610571450,0.27581623,0.70007324,623,0,0,unseen
610601810,0.14063962,0.44890025,995,0,0,unseen
610611010,0.29875448,0.8124478,1011,0,0,unseen
610666582,0.122603364,0.76603335,382,0,0,unseen
610722297,0.19284092,0.37811717,109,0,0,unseen
610731053,0.21664955,0.5414871,219,0,0,unseen
610916994,0.29357588,0.7241332,183,0,0,unseen
610920670,0.2582046,0.64005005,318,0,0,unseen
610981584,0.16051611,0.45899844,333,0,0,unseen
611015907,0.13772306,0.5303269,846,0,0,unseen
611029037,0.10403471,0.6129636,1018,0,0,unseen
611037750,0.1856932,0.72627205,326,0,0,unseen
611089775,0.12443155,0.4881392,1063,0,0,unseen
611249116,0.3108972,0.69545436,341,0,0,unseen
611274992,0.24808438,0.5781956,694,0,0,unseen
611288467,0.15891056,0.8456981,833,0,0,unseen
611304789,0.5311371,0.94413805,1127,7,38,unseen
611305085,0.49754608,0.8183736,903,0,0,unseen
611323310,0.31888887,0.8760257,833,0,0,unseen
611340150,0.117313296,0.47796506,332,0,0,unseen
611352588,0.2921619,0.6955781,250,0,0,unseen
611361002,0.11044775,0.83750033,453,0,0,unseen
611452437,0.12963507,0.45796403,822,0,0,unseen
611620813,0.087063566,0.581712,880,0,0,unseen
611629428,0.13039662,0.61025935,828,0,0,neg_only
611646050,0.47546667,0.8880562,1111,0,0,unseen
611646132,0.3737463,0.8604488,1140,0,0,unseen
611646147,0.44254148,0.86922157,1096,0,0,unseen
611663250,0.18922566,0.66059625,843,0,0,unseen
611693656,0.08867802,0.44254348,1205,0,0,neg_only
611694145,0.049525436,0.22369234,335,0,0,unseen
611771101,0.30116385,0.65149134,233,0,0,unseen
611974080,0.4153568,0.8771994,1083,0,0,unseen
612004584,0.43267182,0.732547,331,0,0,unseen
612034653,0.0646345,0.32403708,332,0,0,unseen
612285653,0.45091623,0.8624657,173,0,0,unseen
612336669,0.12659633,0.3297377,360,0,0,unseen
612414168,0.23780507,0.48049328,331,0,0,neg_only
612422902,0.22744964,0.5576396,286,0,0,unseen
612440702,0.2888639,0.600287,420,0,0,unseen
612638791,0.38548237,0.87301177,502,0,0,unseen
612643681,0.19031954,0.42940074,319,0,0,unseen
612652688,0.29245633,0.7877142,556,0,0,unseen
612668833,0.4853417,0.9245805,1108,0,0,unseen
612703762,0.5401706,0.8959867,323,0,0,unseen
612738462,0.24989058,0.6548384,853,0,0,unseen
612742137,0.24457397,0.65413785,255,0,0,unseen
612742165,0.2999789,0.72543925,422,0,0,unseen
612742224,0.31285763,0.6711925,343,0,0,unseen
612742229,0.3254777,0.68379647,440,0,0,unseen
612742248,0.02609957,0.22531536,334,0,0,unseen
612742298,0.09509724,0.57599264,931,0,0,unseen
612742316,0.2467154,0.6843781,909,0,0,unseen
612746557,0.20175245,0.6138312,274,0,0,unseen
612746670,0.25727051,0.70612663,681,0,1,unseen
612755343,0.0461707,0.3452527,655,0,0,unseen
612988814,0.18218535,0.74785376,669,0,0,unseen
613044611,0.093959376,0.58391744,1040,0,0,unseen
613066879,0.37130514,0.73565286,335,0,0,unseen
613079053,0.23592655,0.5138561,310,0,0,neg_only
613083298,0.24281709,0.6551973,291,0,0,unseen
613083317,0.24518828,0.5674285,320,0,0,unseen
613126471,0.38838753,0.71087646,308,1,9,unseen
613338546,0.19293576,0.554763,970,0,0,unseen
613386220,0.24025553,0.7191142,830,0,0,unseen
613394707,0.20407654,0.4126416,333,0,0,unseen
613398716,0.36237988,0.7320385,328,0,0,unseen
613719036,0.44924676,0.8850939,328,0,0,pos_only
613756703,0.28989732,0.80503595,952,0,0,unseen
613756712,0.19517303,0.5029172,258,0,0,unseen
613756849,0.4210272,0.87461615,881,0,4,unseen
613822435,0.06705116,0.43294472,229,0,0,unseen
613835634,0.41842145,0.78812635,513,0,5,unseen
613847777,0.27768636,0.62736106,284,0,0,unseen
614081109,0.21437208,0.7213387,388,0,0,unseen
614081151,0.14443274,0.42278537,1167,0,0,neg_only
614413183,0.34596103,0.608542,323,0,0,unseen
630373425,0.54048806,0.92529637,1068,0,4,unseen
630373497,0.41391355,0.8954458,1123,0,0,unseen
630381893,0.3618105,0.8675758,956,0,0,unseen
630714299,0.2700333,0.89849776,912,1,2,unseen
630722830,0.49327213,0.94367653,1099,1,3,unseen
631051012,0.5617217,0.9321174,1087,1,8,unseen
631055506,0.293427,0.9026366,1063,0,1,unseen
631059587,0.5179438,0.91912293,1062,0,0,unseen
631064055,0.43755326,0.87660635,1045,0,0,unseen
631396256,0.3399449,0.88162583,1022,0,0,unseen
631400190,0.42299336,0.8359087,1030,0,0,unseen
631400622,0.28372315,0.8458053,1035,0,0,unseen
631400693,0.36703172,0.80371445,1009,0,0,unseen
631422224,0.40321553,0.8736054,1084,0,0,unseen
631551481,0.47469914,0.765378,301,0,1,unseen
631741308,0.32467106,0.8732429,1043,0,0,unseen
632013356,0.4093867,0.92548543,1084,0,3,unseen
632069728,0.38648793,0.88278806,1101,0,2,unseen
632082635,0.36007106,0.88894534,1051,0,0,unseen
632155800,0.29292387,0.7598354,571,0,0,unseen
632229278,0.41245362,0.7593072,415,0,0,unseen
632397750,0.2958963,0.8165555,1072,0,0,unseen
632397786,0.3667042,0.88421303,1023,0,1,unseen
632570417,0.27587736,0.509,9,1,1,unseen
632574613,0.28537944,0.6215631,352,0,0,unseen
632751823,0.36537954,0.8449666,770,0,0,unseen
632764978,0.43850392,0.93129086,1006,8,24,unseen
632808044,0.47367233,0.8380946,920,0,3,unseen
632911211,0.3648775,0.65163904,211,0,0,unseen
632915714,0.3939146,0.7662708,192,0,0,unseen
633101926,0.2156267,0.4089465,65,0,0,unseen
633144545,0.4392684,0.80755466,917,0,0,unseen
633148716,0.34782162,0.75102997,866,0,0,unseen
633148859,0.4686464,0.8815165,911,0,0,unseen
633149039,0.49250823,0.88038236,906,0,4,unseen
633149202,0.51694596,0.89621097,869,0,5,unseen
633200861,0.45358944,0.92392325,241,3,4,unseen
633200871,0.5121743,0.8534357,255,0,0,unseen
633438933,0.18386984,0.48492405,203,0,0,unseen
633541717,0.41079566,0.8430042,284,0,0,unseen
633541960,0.21873951,0.86919755,376,0,0,unseen
633546217,0.40457374,0.90552884,448,0,5,unseen
633684017,0.3748916,0.5886742,32,0,0,unseen
633793553,0.21913144,0.5929847,265,0,0,unseen
633895972,0.53397906,0.8506186,186,1,1,unseen
633943192,0.5200326,0.8145266,320,0,0,unseen
633951900,0.18322894,0.799662,244,1,3,unseen
634038998,0.1993783,0.7022497,246,0,0,unseen
634223708,0.20096165,0.70637906,297,0,0,unseen
634236922,0.06926286,0.23078324,99,0,0,unseen
634363193,0.57749844,0.7290752,8,0,0,unseen
634379734,0.3702025,0.9473285,637,11,23,pos_only
634595283,0.48924947,0.81967044,327,0,1,unseen
634608015,0.088615365,0.36978787,254,0,0,unseen
634608104,0.48247278,0.8788019,331,2,11,unseen
634711906,0.09595826,0.13133304,2,0,0,unseen
634712475,0.26849902,0.552208,73,0,0,unseen
634712940,0.1072169,0.14275149,3,0,0,unseen
634759240,0.24168068,0.9321149,699,0,3,unseen
634867234,0.282391,0.9088271,463,0,0,unseen
634879889,0.123644166,0.7162794,782,0,0,unseen
634884062,0.10952448,0.6085411,875,0,0,unseen
634888570,0.13982624,0.5096973,1136,0,0,unseen
634962055,0.15957788,0.84115666,358,0,0,unseen
635048729,0.4373576,0.9243273,676,1,5,unseen
635062078,0.34378818,0.94562125,918,0,8,unseen
635109166,0.021253498,0.18560615,879,0,0,unseen
635234035,0.31419423,0.7260285,896,0,0,unseen
635385969,0.302672,0.60397017,29,0,0,unseen
635416407,0.33885324,0.907259,941,1,5,unseen
635424442,0.12654191,0.32420927,79,0,0,unseen
635501884,0.20737566,0.5163683,950,0,0,unseen
635773848,0.14651966,0.51346457,185,0,0,unseen
635860358,0.20842074,0.6954667,511,0,0,unseen
635882644,0.16520074,0.6620657,1139,0,0,unseen
635890732,0.21190445,0.5821508,1104,0,0,unseen
635895000,0.23910753,0.55629206,314,0,0,unseen
636102761,0.2924531,0.78774303,474,0,0,unseen
636356423,0.5777745,0.90358037,302,0,13,unseen
636451654,0.4483469,0.70701677,14,0,0,unseen
636465174,0.2370705,0.6584045,32,0,0,unseen
636594376,0.26056936,0.7209993,277,0,0,unseen
636667489,0.2647386,0.6032419,330,0,0,neg_only
636789034,0.08740684,0.24461569,340,0,0,neg_only
636792984,0.1844537,0.40991753,171,0,0,unseen
636798093,0.10049361,0.2776036,51,0,0,unseen
636944318,0.15125285,0.5476166,755,0,0,unseen
637008792,0.20170318,0.5266385,317,0,0,unseen
637048244,0.44438377,0.76410156,926,1,6,unseen
637121971,0.0243774,0.03718293,3,0,0,unseen
637224582,0.24728355,0.5303188,333,0,0,unseen
637475264,0.03509513,0.25097337,338,0,0,unseen
637540087,0.14517707,0.46821535,615,0,0,unseen
637820110,0.12928483,0.36035106,695,0,0,unseen
638074940,0.28300732,0.64938045,1033,1,11,unseen
638136190,0.25695157,0.5193409,37,0,0,unseen
638148213,0.20069219,0.5282589,107,0,0,unseen
638148241,0.054656237,0.28950408,1207,0,0,unseen
638196102,0.11936654,0.4607925,651,0,0,unseen
638204954,0.31474954,0.63946635,238,0,0,unseen
638312678,0.14003919,0.69127464,1006,0,0,unseen
638472166,0.105693914,0.47269383,92,0,0,unseen
638476365,0.23732442,0.42998692,18,0,0,unseen
638826442,0.15198383,0.526601,45,0,0,unseen
638829946,0.06774436,0.3897547,1238,0,0,unseen
638882263,0.31757462,0.88615304,641,3,10,unseen
638930511,0.2319961,0.87107503,1060,0,0,unseen
639050664,0.2642664,0.5195957,291,0,0,unseen
639240544,0.15095124,0.4917076,339,0,0,unseen
639275368,0.10599964,0.5843306,589,0,0,unseen
639650941,0.20104049,0.5000397,350,0,0,unseen
639655157,0.17751534,0.5063716,571,0,0,unseen
639655378,0.19762254,0.54661447,352,0,0,unseen
639659397,0.14340113,0.5055503,336,0,0,unseen
639862370,0.18898101,0.5701486,314,0,0,unseen
639875892,0.19865917,0.70232487,721,0,0,unseen
639958133,0.11359118,0.58204263,362,0,0,unseen
639974538,0.28027672,0.63240904,956,0,0,unseen
639995972,0.13575399,0.32760447,542,0,0,unseen
640104852,0.18373132,0.62819886,878,0,0,unseen
640194409,0.24754497,0.47191477,433,0,0,pos_only
640220321,0.297864,0.7586893,50,0,0,unseen
640221192,0.07349071,0.16977824,6,0,0,unseen
640276971,0.38023967,0.84538805,342,0,0,unseen
640375483,0.29191414,0.8659688,906,0,0,unseen
640539567,0.115657516,0.3533359,730,0,0,pos_only
640617445,0.2833617,0.5349967,367,0,0,unseen
640630581,0.07193124,0.4342675,384,0,0,unseen
640665331,0.15668805,0.46174327,372,0,0,unseen
640691030,0.1409915,0.598684,315,0,0,unseen
640760406,0.44887722,0.713016,366,0,0,unseen
640877406,0.31974766,0.7272268,381,0,0,unseen
640963528,0.25472793,0.81530154,470,0,0,unseen
640963556,0.29545882,0.85517204,476,0,0,unseen
641062535,0.14271745,0.31458303,58,0,0,unseen
641126853,0.25238708,0.7745422,570,0,0,unseen
641291034,0.06652124,0.30033684,89,0,0,unseen
641403248,0.16529928,0.35981002,149,0,0,unseen
641563387,0.18045433,0.38876137,283,0,0,unseen
641631806,0.15611356,0.6602115,731,0,0,unseen
641631962,0.14986299,0.6378884,701,0,0,unseen
641645610,0.30235115,0.8177097,810,0,0,unseen
641709938,0.45660838,0.7076333,330,0,0,unseen
642024743,0.17488949,0.9161768,1060,0,1,unseen
642262407,0.28143698,0.74932206,824,0,0,unseen
642263196,0.39822584,0.79989654,810,0,0,unseen
642323384,0.18074396,0.66357243,1154,0,0,unseen
642378701,0.101738,0.66039085,450,0,0,unseen
642387775,0.13288239,0.52725,332,0,0,unseen
642409381,0.11699784,0.6424441,424,0,0,unseen
642509080,0.29043528,0.68515855,585,0,0,unseen
642616710,0.38642275,0.6248627,347,0,0,unseen
642629807,0.21120073,0.5549979,1231,0,0,unseen
642642309,0.13776186,0.46045977,333,0,0,unseen
642651049,0.1433735,0.40730444,913,0,0,unseen
642660081,0.38855273,0.63913494,349,0,0,unseen
642664141,0.19551377,0.6514533,1060,0,0,pos_only
642680823,0.45019293,0.90834904,1123,1,3,unseen
642680826,0.48384336,0.94857585,1084,0,0,unseen
642681035,0.5010543,0.9040143,1053,0,0,unseen
642693620,0.2467141,0.8572484,839,0,0,unseen
642694410,0.13522564,0.7087231,1102,0,0,neg_only
642715622,0.26442972,0.6279191,1195,0,0,unseen
642715875,0.04502278,0.30529705,330,0,0,unseen
642720054,0.09831339,0.22149606,334,0,0,unseen
642728308,0.09864742,0.30560505,12,0,0,unseen
642732835,0.063774645,0.4949774,1220,0,0,unseen
642948546,0.18089567,0.6002621,932,0,0,unseen
643052767,0.16403954,0.852275,466,0,0,unseen
643060819,0.10202229,0.4245493,326,0,0,unseen
643307064,0.24864069,0.5591964,931,0,0,unseen
643362770,0.4157689,0.8610234,1121,0,0,unseen
643363111,0.31554762,0.8407471,1128,0,0,unseen
643376222,0.07965068,0.5681806,1074,0,0,unseen
643389529,0.24934727,0.7973383,868,0,0,unseen
643393020,0.23059334,0.65505075,390,0,0,unseen
643393688,0.069198795,0.19939008,333,0,0,unseen
643398197,0.12858278,0.34360886,685,0,0,unseen
643401816,0.080153584,0.20717183,330,0,0,unseen
643402037,0.18117087,0.7689068,1074,0,0,unseen
643501489,0.4871102,0.7682265,331,0,2,unseen
643523134,0.18839988,0.5375867,291,0,0,unseen
643535876,0.20593968,0.6135589,29,0,0,unseen
643691163,0.28132328,0.8583934,789,0,0,unseen
643703819,0.5109285,0.94131136,1080,1,11,unseen
643717679,0.1777109,0.89982843,1039,0,0,unseen
643721915,0.12943122,0.7735661,469,0,0,unseen
643739027,0.30712748,0.6833639,328,0,0,unseen
643760681,0.10229169,0.40882114,178,0,0,unseen
643773259,0.26827317,0.57941353,654,0,0,unseen
643794320,0.16585624,0.4176857,323,0,0,unseen
643830129,0.23228708,0.4819365,296,0,0,neg_only
643859327,0.10430878,0.63690525,655,0,0,unseen
644118254,0.17258382,0.5405726,609,0,0,unseen
644148539,0.111707054,0.32129964,184,0,0,unseen
644148561,0.17709734,0.48817205,539,0,0,unseen
644148661,0.28901505,0.69003046,212,0,0,unseen
644148705,0.27294818,0.7131346,85,0,0,unseen
644153089,0.19500732,0.5495832,199,0,0,unseen
644408508,0.15569578,0.7100343,1002,0,0,unseen
644417074,0.2968995,0.7968502,396,0,0,unseen
644417091,0.20098446,0.8485151,943,0,0,unseen
644450565,0.06641761,0.45393324,1031,0,0,unseen
644450686,0.28640795,0.66171443,343,0,0,unseen
644455046,0.5248557,0.8765354,864,1,4,unseen
644455092,0.39155978,0.9002377,1196,9,24,unseen
644757911,0.075995564,0.26639482,344,0,0,unseen
644761952,0.27694228,0.8827676,649,0,0,unseen
644870768,0.38144594,0.6782572,298,0,0,unseen
644896959,0.24935815,0.7717191,218,0,0,unseen
645086558,0.053871974,0.43215147,1180,0,0,unseen
645090294,0.2514275,0.77369654,536,0,0,unseen
645111897,0.2981834,0.6916169,1253,0,0,unseen
645456880,0.41583428,0.68215764,341,0,0,unseen
645897107,0.2583142,0.49556383,303,0,0,unseen
661399477,0.35896102,0.8982207,1046,0,1,unseen
661407917,0.44883114,0.90942216,1096,0,0,unseen
661430106,0.3406495,0.83690554,1027,0,0,unseen
661430179,0.37007344,0.6975328,996,0,0,unseen
661740651,0.35548896,0.91139996,1020,1,10,unseen
661757811,0.3344049,0.87148327,1006,0,0,unseen
662081640,0.34388056,0.90809524,1036,0,2,unseen
662103124,0.58442706,0.94778275,1013,76,199,unseen
662197764,0.18664593,0.70629454,498,0,0,unseen
662418320,0.3472593,0.95046294,1060,11,21,unseen
662461539,0.25034317,0.5567917,849,0,0,unseen
662776660,0.44238454,0.86979777,618,0,0,unseen
662789529,0.45635834,0.874272,1133,0,0,unseen
662802782,0.4899374,0.89189863,894,0,1,unseen
662840966,0.23121116,0.5943387,485,0,0,unseen
662845370,0.32411242,0.7616932,470,0,0,unseen
662966385,0.3502088,0.7162519,431,0,9,unseen
663134970,0.3759182,0.76031846,946,0,0,unseen
663190769,0.3631779,0.7972154,855,0,0,unseen
663225743,0.35608143,0.80004275,120,1,1,unseen
663562172,0.35929665,0.74981797,502,0,0,unseen
663799582,0.13014834,0.3766839,344,0,0,unseen
663950729,0.36316544,0.7204264,179,0,0,unseen
664141134,0.43994123,0.93677276,1031,3,21,unseen
664184060,0.44690603,0.8267468,893,0,0,unseen
664188108,0.45303226,0.85629976,907,0,0,unseen
664235541,0.49739113,0.81875473,360,0,0,unseen
664628372,0.39046326,0.85989934,385,0,4,unseen
664787948,0.61200476,0.89215404,1067,15,40,unseen
664814903,0.374617,0.86951137,689,0,1,unseen
664978073,0.43032974,0.8227176,371,0,2,unseen
665169278,0.14124018,0.4324575,332,0,0,unseen
665314820,0.09247355,0.6357631,277,0,0,unseen
665332092,0.2481975,0.9248396,439,3,20,unseen
665454282,0.16119605,0.44016486,92,0,0,unseen
665479890,0.09716772,0.5469321,1125,0,0,unseen
665556968,0.40567738,0.9162949,787,0,3,unseen
665735597,0.10904258,0.245726,4,0,0,unseen
665747387,0.1686383,0.32722843,11,0,0,unseen
665820084,0.16971795,0.5057455,664,0,0,unseen
665897487,0.23020527,0.8879755,801,0,0,unseen
666122442,0.23680753,0.5453813,47,0,0,unseen
666200256,0.08534096,0.5131807,1028,0,0,unseen
666252297,0.0724188,0.40062362,333,0,0,unseen
666450841,0.12091061,0.2324209,14,0,0,unseen
666451615,0.20065562,0.3275261,10,0,0,unseen
666481389,0.37547088,0.6587407,40,0,0,unseen
666503184,0.07798822,0.30916265,339,0,0,unseen
666537229,0.07756888,0.5903951,301,0,0,unseen
666572081,0.12158623,0.5706993,1192,0,0,unseen
666575508,0.1772874,0.62676436,809,0,0,unseen
666709858,0.15628214,0.458082,276,0,0,unseen
666769954,0.062286507,0.071800515,3,0,0,unseen
666818214,0.22929227,0.8223065,669,0,1,unseen
666843229,0.44750997,0.82435656,128,0,0,unseen
666843305,0.30932432,0.5476754,66,0,0,unseen
666843563,0.1351003,0.42970046,331,0,0,unseen
666843764,0.4140867,0.7876683,126,0,0,unseen
666847851,0.4101953,0.66794485,77,0,0,unseen
666916874,0.08240903,0.31024808,183,0,0,unseen
666994301,0.07944552,0.43887025,348,0,0,unseen
667132722,0.1430073,0.48448077,456,0,0,unseen
667141710,0.23376459,0.4776026,29,0,0,unseen
667184255,0.064834625,0.30780378,660,0,0,unseen
667241165,0.20568104,0.45742235,1146,0,0,unseen
667266529,0.053149235,0.35195795,677,0,0,neg_only
667271225,0.37149853,0.756962,313,0,0,unseen
667279709,0.22611967,0.5150824,333,0,0,unseen
667444187,0.5376845,0.77804303,13,0,0,unseen
667474054,0.23848146,0.5398266,15,0,0,unseen
667538952,0.1509923,0.44969738,371,0,0,unseen
667603691,0.15071255,0.6971503,1254,0,0,unseen
667823920,0.57149863,0.9636456,727,25,99,unseen
667824200,0.26368073,0.54707557,25,0,0,unseen
667827599,0.21400149,0.71360767,409,0,0,unseen
667832004,0.31109077,0.61810976,133,0,0,unseen
667841133,0.30626336,0.6118446,29,0,0,unseen
667931999,0.26977482,0.6990246,605,0,0,pos_only
667936188,0.21964487,0.7920488,798,0,0,unseen
668148078,0.22914848,0.4331942,13,0,0,unseen
668152044,0.28379303,0.6691048,16,0,0,unseen
668466304,0.6741357,0.8026628,3,0,0,unseen
668489498,0.29767793,0.7595193,1020,0,0,unseen
668497214,0.22351523,0.6248728,299,0,0,unseen
668617936,0.14543273,0.66956335,330,0,0,unseen
668876945,0.366814,0.81963295,551,0,0,unseen
668967527,0.064665146,0.19270968,461,0,0,unseen
669171261,0.5680123,0.76005965,4,0,0,unseen
669325882,0.015194946,0.07777973,144,0,0,neg_only
669421910,0.28663307,0.51588356,529,0,0,unseen
669512877,0.22235273,0.68035793,305,0,1,unseen
669649736,0.07806754,0.7291828,481,0,0,unseen
669666822,0.30275697,0.81113607,1181,0,0,unseen
669670654,0.14356497,0.50642633,180,0,0,unseen
669675454,0.14147405,0.6002361,316,0,0,unseen
669856713,0.032553796,0.20145138,1034,0,0,unseen
669857319,0.45221385,0.6994384,17,0,0,unseen
669869547,0.28067458,0.5859039,92,0,0,unseen
669878695,0.24493742,0.43832877,332,0,0,unseen
669977676,0.1839507,0.5463792,333,0,0,unseen
669978138,0.24051231,0.7068062,331,0,0,unseen
670024927,0.22256324,0.8538222,743,0,0,unseen
670219670,0.19371724,0.5220899,528,0,0,unseen
670348810,0.21792631,0.606022,330,0,0,unseen
670353202,0.15252265,0.36324924,802,0,0,unseen
670353384,0.14188318,0.5203262,321,0,0,unseen
670357457,0.10890765,0.43496776,1051,0,0,unseen
670370808,0.15935768,0.65000266,312,0,0,unseen
670435003,0.17650783,0.49929896,291,0,0,unseen
670448622,0.4335511,0.83592004,946,1,8,unseen
670542802,0.22784416,0.7353108,1143,0,0,unseen
670547617,0.053584803,0.2116397,1106,0,0,unseen
670651346,0.15655555,0.64028263,602,0,0,unseen
670651584,0.1284526,0.48449844,332,0,0,unseen
670703141,0.23567812,0.48011944,440,0,0,unseen
670914976,0.38562337,0.8723465,660,1,12,unseen
671035328,0.20787601,0.63792413,384,0,0,unseen
671233447,0.15821378,0.5524542,338,0,0,pos_only
671234167,0.19050135,0.47900447,335,0,0,unseen
671255587,0.18427688,0.8127355,657,0,1,unseen
671268907,0.23701854,0.59667856,912,0,1,unseen
671574812,0.071422584,0.319929,572,0,0,unseen
671604934,0.23286244,0.7440098,640,0,0,unseen
671657343,0.11876686,0.6648369,1145,0,0,unseen
671660941,0.34915677,0.61006105,372,0,0,unseen
671929521,0.3475934,0.6256884,103,0,0,unseen
671933799,0.31789875,0.666568,77,0,0,unseen
672002621,0.28121963,0.51971555,339,0,0,unseen
672006007,0.35521105,0.7077341,331,0,0,pos_only
672041363,0.17375767,0.6143039,1066,0,0,unseen
672192070,0.29922608,0.6480497,738,0,0,unseen
672248510,0.38022858,0.7381913,1171,0,0,unseen
672283773,0.04544767,0.18453771,101,0,0,neg_only
672287506,0.34024206,0.73275155,109,0,0,unseen
672352543,0.36988485,0.75572675,330,0,0,pos_only
672593764,0.19606087,0.49992967,155,0,0,unseen
672653737,0.42865163,0.8485408,670,0,1,unseen
672697926,0.60077566,0.9117319,365,1,6,unseen
672723441,0.2424168,0.55019534,996,0,0,unseen
672840346,0.10125748,0.45936427,872,0,0,unseen
672960748,0.23038922,0.5440067,849,0,0,unseen
672982133,0.28631532,0.6686699,328,0,0,unseen
673029543,0.5189348,0.87581813,864,0,0,unseen
673068602,0.1820498,0.5456784,1105,0,0,unseen
673072855,0.22096552,0.66292715,1067,0,0,unseen
673073015,0.4254898,0.7523969,959,0,0,unseen
673085197,0.4080547,0.7705616,329,0,0,pos_only
673085574,0.21682099,0.6927672,1003,0,0,unseen
673090000,0.13527149,0.49928337,267,0,0,unseen
673302212,0.27854168,0.5652284,299,0,0,unseen
673362451,0.378399,0.9047437,1123,0,2,unseen
673370525,0.41613373,0.80523646,884,0,0,unseen
673413730,0.33192122,0.77868396,614,0,0,unseen
673426956,0.06316734,0.4416644,259,0,0,unseen
673509195,0.09233477,0.4289172,316,0,0,unseen
673518025,0.4375942,0.6917088,295,0,0,neg_only
673639143,0.037446216,0.18115507,1059,0,0,unseen
673702721,0.17763592,0.50434077,1067,0,0,unseen
673715784,0.43966576,0.90396774,1138,0,7,unseen
673741976,0.12736745,0.39118817,883,0,0,unseen
673746277,0.07413864,0.3954977,1093,0,0,neg_only
673755123,0.10974173,0.3870461,360,0,0,unseen
673758836,0.44686636,0.8109751,338,0,0,unseen
673772212,0.3083423,0.6868067,383,0,0,unseen
673776769,0.1114497,0.43751773,1011,0,0,both
674056882,0.45002767,0.89872795,1035,1,5,unseen
674091900,0.09597864,0.48070964,362,0,0,unseen
674100160,0.44401073,0.8431551,323,0,0,unseen
674108632,0.35453716,0.61613446,337,0,0,unseen
674108802,0.3973022,0.7088257,328,0,0,unseen
674186774,0.3551505,0.6334307,297,0,0,unseen
674393414,0.35532978,0.8614351,1095,0,0,unseen
674423996,0.27854243,0.7825278,355,0,0,unseen
674427795,0.15107591,0.444817,347,0,0,unseen
674446014,0.56987387,0.83147335,278,0,0,unseen
674532291,0.08342035,0.5093332,757,0,0,unseen
674687388,0.43565002,0.80259883,384,0,0,unseen
674760695,0.15995109,0.55898815,1158,0,0,unseen
674760884,0.3782489,0.74356437,1183,0,0,unseen
674781866,0.38308677,0.7313876,362,0,0,unseen
674807824,0.18907474,0.55032605,596,0,0,neg_only
674882250,0.14905629,0.524629,308,0,3,neg_only
675119034,0.2789563,0.8245029,745,0,0,unseen
675127915,0.21133436,0.7890885,599,0,0,unseen
675136878,0.14213197,0.43970948,760,0,0,unseen
675144908,0.26224357,0.7732744,323,0,0,unseen
675144948,0.26629096,0.6638248,310,0,0,unseen
675187509,0.20317811,0.5907403,225,0,0,unseen
675187531,0.16266909,0.41634518,163,0,0,unseen
675187558,0.35839337,0.7340637,167,0,0,unseen
675187572,0.336377,0.64192337,137,0,0,unseen
675187643,0.1447921,0.4546815,311,0,0,unseen
675447609,0.16634043,0.49343625,328,0,0,unseen
675468771,0.18273295,0.78418875,462,0,0,unseen
675489869,0.33928907,0.78913337,1037,0,0,unseen
675489881,0.28493047,0.70227563,1162,0,0,unseen
675489914,0.31186494,0.80122995,1008,0,0,unseen
675489962,0.38834265,0.7697442,1248,0,0,unseen
675490017,0.1545744,0.6513725,1224,0,0,unseen
675490171,0.18909983,0.504327,331,0,0,unseen
675490252,0.032598853,0.4150094,1205,0,0,unseen
675763039,0.31759676,0.6411056,478,0,0,unseen
675767414,0.10721371,0.25081846,398,0,0,neg_only
675800901,0.3378944,0.8297877,607,0,0,unseen
675805841,0.08205921,0.47545534,246,0,0,unseen
675822559,0.2934358,0.69535124,1274,0,0,unseen
675822802,0.1047771,0.6073545,1022,0,0,unseen
675835107,0.11601014,0.51436996,1215,0,0,unseen
676133767,0.37315896,0.7571603,314,0,0,unseen
676479156,0.42435655,0.66268635,339,0,0,unseen
676573560,0.17050818,0.41060433,744,0,0,neg_only
676612729,0.3021701,0.5889511,235,0,0,unseen
676616719,0.24656625,0.4860921,260,0,0,unseen
676824431,0.23633404,0.5268283,852,0,0,unseen
691760950,0.5665945,0.9237497,1079,0,14,unseen
692430198,0.3449547,0.9036096,1058,0,1,unseen
692818802,0.41227588,0.8055018,892,0,0,unseen
693125078,0.46700576,0.9487945,732,2,31,unseen
693288758,0.21158081,0.5061036,844,0,0,unseen
693483018,0.29163948,0.9438358,1011,0,9,unseen
693655791,0.23946983,0.53795385,875,0,0,unseen
693755250,0.2896808,0.78537023,1003,0,0,unseen
693785633,0.47780716,0.90990186,1098,0,0,unseen
693841929,0.51919854,0.91511816,1115,0,0,unseen
693927941,0.2620332,0.66497517,676,0,0,neg_only
693979726,0.47324702,0.7647523,525,13,51,unseen
694471913,0.121622995,0.66005605,200,0,0,unseen
694472338,0.13819993,0.55330116,167,0,0,unseen
694472667,0.11703489,0.64192647,227,0,0,unseen
694524222,0.41917193,0.8654577,899,0,0,unseen
694562388,0.31472334,0.90526605,547,0,1,unseen
694605944,0.15257283,0.4265964,7,0,0,unseen
694665957,0.37134555,0.71974003,404,0,0,unseen
694666271,0.37524134,0.7067156,403,0,0,unseen
694670373,0.34030083,0.65825933,444,0,0,unseen
694813336,0.19763856,0.49655738,276,0,0,unseen
694813676,0.25409937,0.6462607,209,0,0,unseen
694818168,0.15271465,0.43372,379,0,0,unseen
694920753,0.21365674,0.7110098,655,0,0,unseen
694985489,0.38831916,0.82451075,209,0,0,unseen
695163759,0.25948274,0.69823873,128,0,0,unseen
695167675,0.15555178,0.62198836,205,0,0,unseen
695172463,0.37567773,0.86365193,1190,0,0,unseen
695270840,0.52498454,0.8682277,295,0,0,unseen
695326397,0.35003078,0.73755085,309,0,0,unseen
695326490,0.24693376,0.58160436,334,0,0,unseen
695465316,0.10728121,0.38901648,937,0,0,unseen
695508439,0.1723245,0.7183901,168,0,0,unseen
695629525,0.32714462,0.851335,300,3,18,unseen
695798021,0.304146,0.73021257,543,0,0,unseen
695922355,0.43330348,0.7460582,149,0,0,unseen
695956656,0.48707455,0.89698076,542,2,4,unseen
696095464,0.30861512,0.47145656,5,0,0,unseen
696095496,0.05565365,0.07654215,3,0,0,unseen
696126258,0.20904355,0.20904355,1,0,0,unseen
696354016,0.07965455,0.4402221,330,0,0,unseen
696362840,0.25520724,0.87061894,501,0,5,unseen
696432315,0.13191363,0.694534,178,0,0,unseen
696617609,0.1543424,0.65099114,928,0,0,unseen
696617614,0.27330726,0.6871725,1001,0,0,unseen
696617663,0.20443195,0.7765524,946,0,0,unseen
696682163,0.10586397,0.49352556,322,0,0,unseen
696791034,0.29054207,0.55227095,250,0,0,unseen
696795331,0.37308016,0.64010674,59,0,0,unseen
696830498,0.39993483,0.6524657,110,0,0,unseen
696850811,0.29064777,0.70706856,997,0,0,neg_only
696859236,0.15666378,0.59900975,1006,0,0,unseen
696859758,0.25335827,0.6924916,305,0,0,unseen
696863848,0.5720778,0.8769789,55,0,0,unseen
697001770,0.27619177,0.7641841,340,1,1,unseen
697132371,0.27809653,0.9582651,937,4,27,unseen
697132415,0.1320507,0.27353618,36,0,0,unseen
697145036,0.3194251,0.93010646,676,1,10,unseen
697265869,0.40124252,0.8253815,1027,0,0,unseen
697269889,0.19769607,0.53161216,759,0,0,unseen
697316795,0.11615002,0.364441,351,0,0,unseen
697355826,0.34911126,0.7448528,1023,0,0,unseen
697355847,0.3200345,0.6613535,321,0,0,unseen
697456597,0.07844738,0.22825912,6,0,0,unseen
697476780,0.14130072,0.32139093,8,0,0,unseen
697533563,0.24656674,0.6520982,842,0,0,unseen
697537598,0.13890818,0.5883342,994,0,0,unseen
697645622,0.11250972,0.6032559,433,0,0,unseen
697853509,0.3108875,0.62701595,520,0,0,unseen
697882667,0.1992091,0.31813204,50,0,0,unseen
697886966,0.071831614,0.29084647,365,0,0,unseen
697891313,0.4255545,0.7152955,314,0,0,unseen
697939194,0.15776154,0.55278903,332,0,0,unseen
698180393,0.34651777,0.7623962,512,0,0,unseen
698180486,0.41226196,0.7442466,79,0,0,unseen
698180927,0.28539538,0.7197724,182,0,0,unseen
698185483,0.4032825,0.84504145,190,0,0,unseen
698194389,0.10449382,0.38125739,14,0,0,unseen
698223800,0.09657432,0.46877563,370,0,0,unseen
698314499,0.11802255,0.47778794,312,0,0,unseen
698443880,0.08026115,0.38710475,237,0,0,unseen
698513115,0.30842718,0.6927372,39,0,0,unseen
698569644,0.077416226,0.29855523,318,0,0,neg_only
698742094,0.1037014,0.47375,812,0,0,unseen
698829728,0.10779479,0.2821193,13,0,0,unseen
698846552,0.064622834,0.08498756,3,0,0,unseen
698846779,0.16009091,0.32986096,18,0,0,unseen
698888718,0.148214,0.6079722,125,0,0,unseen
698970725,0.30068982,0.68192834,837,0,0,unseen
698996246,0.06986126,0.4285166,318,0,0,unseen
699161039,0.59508,0.7534583,6,0,0,unseen
699203489,0.11982145,0.27115026,78,0,0,unseen
699212545,0.32304263,0.78799254,92,0,0,unseen
699311994,0.43002963,0.74815494,1095,0,0,unseen
699312063,0.14732935,0.5498358,297,0,0,unseen
699324804,0.16191477,0.747994,920,0,0,unseen
699358695,0.07090091,0.5769484,1212,0,0,unseen
699397554,0.15597966,0.40539578,44,0,0,unseen
699463239,0.4071717,0.7397789,311,0,0,unseen
699515201,0.1937539,0.36229184,17,0,0,unseen
699652692,0.47664547,0.6939109,331,0,0,unseen
699687305,0.23926842,0.7758345,309,0,0,unseen
699695617,0.08149901,0.35620102,280,0,0,unseen
699894933,0.28194657,0.45267895,6,0,0,unseen
699998408,0.16413733,0.6503117,336,0,0,unseen
700002191,0.11428872,0.58734226,472,0,0,unseen
700037217,0.05094402,0.3098605,332,0,0,unseen
700084734,0.16586177,0.71203375,962,6,21,unseen
700210227,0.40320644,0.6825967,10,0,0,unseen
700321894,0.43836182,0.8060956,344,0,1,unseen
700335140,0.16478467,0.33564866,321,0,0,unseen
700377995,0.05003029,0.32750583,330,0,0,unseen
700486220,0.14683539,0.5012607,1057,0,0,neg_only
700550360,0.28086638,0.46853513,21,0,0,unseen
700567946,0.13634221,0.36656472,16,0,0,unseen
700683875,0.26224342,0.7671603,306,0,0,unseen
700779022,0.19058788,0.5137039,291,0,0,unseen
700787980,0.3221085,0.5864927,390,0,0,unseen
700792608,0.26136455,0.63845116,745,0,0,unseen
700878180,0.17562069,0.36603782,25,0,0,unseen
700878295,0.6598557,0.8565671,7,0,0,unseen
700884019,0.25235128,0.67768914,204,0,0,unseen
700982749,0.36183748,0.7590965,376,0,0,unseen
701051650,0.14556575,0.49508464,339,0,0,unseen
701201945,0.030411242,0.48605648,1043,0,0,unseen
701327912,0.21806008,0.7044581,1011,0,0,unseen
701366259,0.31828347,0.711838,303,0,0,unseen
701371011,0.15851319,0.4950271,1044,0,0,unseen
701383309,0.101560846,0.45968723,848,0,0,unseen
701469455,0.3013629,0.54510283,450,0,0,unseen
701577869,0.20846108,0.5789911,783,0,0,unseen
701733434,0.18724057,0.40948665,316,0,0,unseen
701915554,0.24296647,0.5391941,615,0,0,unseen
702010197,0.1194408,0.5862338,399,0,0,unseen
702069970,0.23303102,0.6102847,329,0,0,unseen
702079135,0.2608793,0.78634554,328,0,0,unseen
702199343,0.31452957,0.68675315,881,0,0,unseen
702364805,0.2289596,0.661219,434,0,0,unseen
702389193,0.1849978,0.6215667,306,0,0,neg_only
702506641,0.056191586,0.53426176,289,0,0,unseen
702536798,0.27958623,0.52211493,302,0,0,unseen
702674134,0.40219623,0.7118817,237,0,0,unseen
702692200,0.27942708,0.876412,923,1,1,unseen
702730227,0.06884955,0.7139648,431,0,0,unseen
703033179,0.23219442,0.75957286,746,0,0,unseen
703050435,0.5891062,0.8564372,233,1,1,unseen
703059097,0.37985098,0.72665995,311,0,0,unseen
703101952,0.043531194,0.27361333,331,0,0,unseen
703106626,0.14601435,0.335807,345,0,0,pos_only
703282980,0.0117163705,0.15549643,1188,0,0,unseen
703296640,0.111125745,0.42342928,280,0,0,unseen
703351975,0.3279082,0.89072126,678,1,7,unseen
703387200,0.16619055,0.55527306,828,0,0,unseen
703520999,0.36393818,0.8158225,729,0,0,unseen
703702863,0.20746532,0.8409177,762,0,0,unseen
703779386,0.19670099,0.4730903,348,0,0,unseen
704078253,0.28683424,0.6231554,432,0,0,unseen
704111734,0.23703821,0.63969654,331,0,0,unseen
704116248,0.48611924,0.77758384,328,0,0,unseen
704319193,0.4605268,0.83140856,174,0,0,unseen
704409534,0.4926195,0.9086015,1100,1,4,unseen
704409742,0.4302405,0.9046257,1117,0,0,unseen
704453006,0.22685441,0.5673295,339,0,0,unseen
704487840,0.4140102,0.6749639,202,0,0,unseen
704548608,0.22398052,0.48786962,531,0,0,unseen
704699661,0.18323013,0.5309905,635,0,0,neg_only
704699697,0.2690726,0.6787535,800,0,0,unseen
704746449,0.44866943,0.8562125,1134,0,0,unseen
704746457,0.43744332,0.88527626,1080,0,0,unseen
704750475,0.47075814,0.90173745,1138,0,0,unseen
704750673,0.46518043,0.8998423,1135,0,0,unseen
704777224,0.17852066,0.3754932,330,0,0,unseen
704785058,0.27256498,0.6335944,586,0,0,unseen
704785256,0.19483648,0.46269432,890,0,0,unseen
704880200,0.29069567,0.68239754,298,0,3,unseen
705118017,0.253753,0.6523763,1050,0,0,unseen
705139000,0.0765674,0.31478235,151,0,0,unseen
705381843,0.23284128,0.70416415,810,0,0,unseen
705432638,0.3789149,0.8350871,1138,0,0,unseen
705454177,0.09203677,0.39718556,328,0,0,unseen
705462899,0.34110457,0.6634745,330,0,0,unseen
705463175,0.2267683,0.6073458,1135,0,0,unseen
705463539,0.24621071,0.71639544,1130,0,0,unseen
705471952,0.17585804,0.64354134,337,0,0,unseen
705554385,0.18327624,0.5146598,322,0,0,unseen
705558104,0.28273243,0.5352557,299,0,0,unseen
705722260,0.22488776,0.5724084,684,0,0,unseen
705795727,0.16329794,0.6384992,922,0,0,neg_only
705816818,0.11934194,0.58479047,1015,0,0,unseen
706183728,0.22544236,0.72537655,1003,0,0,unseen
706183770,0.2976046,0.7822789,1162,0,0,unseen
706183789,0.3330181,0.7745712,1011,0,0,unseen
706183807,0.21235755,0.49880385,334,0,0,unseen
706183853,0.35116756,0.7929876,1014,0,0,unseen
706183871,0.28191033,0.5686328,396,0,0,unseen
706473389,0.054004166,0.30991185,319,0,0,unseen
706499298,0.26055863,0.7308423,849,0,0,unseen
706520453,0.20812702,0.6267415,1120,0,0,unseen
706524876,0.44387278,0.7450364,329,0,0,unseen
706525068,0.13747178,0.46296534,327,0,0,unseen
706525097,0.5479006,0.88953596,707,1,6,unseen
706572283,0.17848343,0.46532002,292,0,0,unseen
706819341,0.26382053,0.7903636,406,0,0,unseen
706831482,0.19820285,0.73254263,531,0,0,unseen
706840303,0.32263643,0.6861224,330,0,0,pos_only
706862579,0.23969407,0.59494424,655,0,0,unseen
707116522,0.16411051,0.45261633,1149,0,0,unseen
707509964,0.1488368,0.5035629,335,0,0,unseen
707539688,0.17497627,0.56443954,1180,0,0,neg_only
707647321,0.31648287,0.63393635,276,0,2,unseen
707660374,0.26561972,0.5508959,234,0,0,unseen
707837502,0.34146452,0.7771341,1173,0,0,unseen
707854620,0.30312425,0.6139549,322,0,0,unseen
707854989,0.4058188,0.66508627,336,0,0,unseen
707858790,0.4387782,0.64449126,340,0,0,unseen
707863263,0.37935054,0.6186975,339,0,0,unseen
708187441,0.1399884,0.42683217,336,0,0,unseen
708208811,0.072413854,0.39636636,336,0,0,unseen
708290604,0.1624597,0.3148795,319,0,0,pos_only
722471825,0.351359,0.7364502,906,0,0,unseen
722821616,0.352296,0.76204884,770,0,1,unseen
723167312,0.2580918,0.8644714,946,0,0,unseen
723508068,0.29048014,0.79265505,951,1,1,unseen
723602649,0.41342482,0.7923407,180,0,0,unseen
723848801,0.37913802,0.76655614,888,0,0,unseen
723853340,0.47024384,0.8990963,1141,0,1,unseen
724012895,0.39520434,0.7737274,451,0,4,unseen
724267537,0.42307478,0.8361815,410,0,0,unseen
724531411,0.2243356,0.7056417,892,0,0,unseen
724820565,0.371668,0.7561634,910,0,0,unseen
724867606,0.40123782,0.77137727,935,0,3,unseen
724876683,0.44475526,0.7929422,890,0,2,unseen
725200110,0.35909125,0.85912937,961,0,0,unseen
725217343,0.38979134,0.8026798,878,0,1,unseen
725360291,0.38593212,0.7488652,418,0,0,unseen
725701350,0.1737717,0.48286483,271,0,0,unseen
725860918,0.084608525,0.4328355,182,0,0,unseen
725951660,0.35078448,0.8977305,983,0,0,unseen
725955898,0.34042788,0.684531,301,0,1,unseen
726024758,0.4083223,0.7559227,204,0,0,unseen
726283852,0.33749706,0.7389572,320,0,0,unseen
726352774,0.06283524,0.77553546,321,0,0,unseen
726663601,0.2603117,0.7016294,892,0,2,unseen
726836665,0.31104496,0.7912518,933,0,0,unseen
727225324,0.13631885,0.7301987,451,0,0,unseen
727260872,0.17228104,0.6488399,1130,0,0,unseen
727276708,0.17446415,0.77238274,1098,0,0,unseen
727280915,0.23348743,0.80662924,464,0,0,unseen
727285326,0.061648175,0.61461025,329,0,0,unseen
727302430,0.1939872,0.67829627,1092,0,0,unseen
727350004,0.2573428,0.54200053,335,0,0,unseen
727371546,0.37118787,0.6939667,176,0,0,unseen
727527845,0.21721508,0.42233658,180,0,0,unseen
727647972,0.30381823,0.64383644,451,0,0,unseen
727652372,0.10482802,0.3722431,1125,0,0,unseen
727889637,0.1224792,0.46380618,346,0,0,unseen
727929407,0.14207327,0.5081872,341,0,0,unseen
727968539,0.2694214,0.71883416,1024,0,0,unseen
728230587,0.12083271,0.32608038,52,0,0,unseen
728274506,0.05777965,0.7041931,280,0,0,unseen
728274770,0.07533267,0.38518348,1072,0,0,unseen
728292005,0.4105141,0.6032218,330,0,0,unseen
728483069,0.060002465,0.07606274,4,0,0,unseen
728483249,0.08884004,0.10924697,3,0,0,unseen
728598851,0.1321102,0.5317549,336,0,0,unseen
728625156,0.46127552,0.7952409,348,0,0,unseen
728667734,0.22861145,0.50786597,332,0,0,unseen
728836965,0.09229503,0.30836523,138,0,0,unseen
728858272,0.41863483,0.62527424,23,0,0,unseen
728912816,0.07941123,0.46881267,912,0,0,unseen
728991288,0.26084298,0.7889146,1073,0,0,unseen
728995438,0.0867126,0.37977824,330,0,0,unseen
729007932,0.4058755,0.76745635,605,0,0,unseen
729007988,0.38246104,0.87856925,670,0,0,unseen
729017279,0.24182378,0.616714,1128,0,0,unseen
729211483,0.29405957,0.73937225,15,0,0,unseen
729228602,0.30917528,0.59530747,66,0,0,unseen
729280727,0.27843866,0.6092313,331,0,0,unseen
729358056,0.09199823,0.4070769,333,0,0,unseen
729518762,0.06770839,0.13640971,9,0,0,unseen
729530620,0.06737057,0.08296966,3,0,0,unseen
729535036,0.3298951,0.61444473,3,0,0,unseen
729535748,0.26217675,0.44390783,50,0,0,unseen
729621875,0.061345637,0.22898854,394,0,0,unseen
729698667,0.12943274,0.38053113,333,0,0,unseen
729742221,0.105361566,0.4533534,351,0,0,unseen
729815858,0.12750341,0.4385803,1067,0,0,unseen
729859814,0.055653203,0.061551113,2,0,0,unseen
729867427,0.11340369,0.17248352,9,0,0,unseen
729867599,0.12627193,0.64000165,169,0,0,unseen
729954382,0.29655182,0.53125435,71,0,0,unseen
729957687,0.087231874,0.3733394,358,0,0,unseen
729997357,0.31832182,0.7258782,597,0,0,unseen
730001920,0.12937759,0.7412812,643,0,0,unseen
730006122,0.13194458,0.34592918,338,0,0,unseen
730013818,0.07076337,0.42749602,307,0,0,unseen
730014166,0.14006707,0.58205223,1241,0,0,unseen
730104740,0.4003923,0.79353863,452,0,0,unseen
730222949,0.17429174,0.34100774,28,0,0,unseen
730252777,0.30542383,0.9261858,798,1,3,unseen
730325440,0.46146363,0.7632387,516,0,0,unseen
730398148,0.37654856,0.78284764,295,0,0,unseen
730398229,0.09960976,0.30808753,327,0,0,unseen
730475736,0.4328894,0.7231616,478,0,0,unseen
730537677,0.052043837,0.07799414,3,0,0,unseen
730562988,0.07887584,0.42496207,391,0,0,unseen
730562993,0.14927714,0.4301994,88,0,0,unseen
730618686,0.49466354,0.79693305,128,0,0,unseen
730692294,0.13273972,0.5518799,987,0,0,unseen
730709173,0.20098351,0.56102693,383,0,0,unseen
730721558,0.054653313,0.29682803,286,0,0,unseen
730730860,0.2455344,0.7612061,337,0,0,unseen
730739217,0.26378742,0.65441155,338,0,0,unseen
730830911,0.24818219,0.5954196,1043,1,3,unseen
730843584,0.047431063,0.47387868,215,0,0,unseen
730882970,0.08986088,0.16807516,4,0,0,unseen
731062953,0.13543962,0.36167428,333,0,0,unseen
731140809,0.17840596,0.4942083,309,0,0,unseen
731244892,0.5472862,0.81970537,20,0,0,unseen
731270909,0.3774814,0.66214144,29,0,0,unseen
731357364,0.26087365,0.7224277,598,0,0,unseen
731689147,0.23675394,0.86292326,936,0,0,unseen
731736853,0.034945134,0.10305505,41,0,0,pos_only
731918732,0.16805482,0.42803818,70,0,0,unseen
731922839,0.14132698,0.48441696,20,0,0,unseen
732034061,0.28105092,0.81903195,544,0,0,unseen
732059827,0.4259888,0.78166,1140,0,0,unseen
732077752,0.10625499,0.4152745,1258,0,0,unseen
732082028,0.3089773,0.84538376,651,0,1,unseen
732086360,0.20726232,0.4784967,335,0,0,unseen
732163357,0.27811807,0.6623323,333,0,0,unseen
732280395,0.104188316,0.24209653,9,0,0,unseen
732354059,0.099165276,0.64894557,665,0,0,unseen
732357920,0.46625993,0.8768977,343,0,0,unseen
732401014,0.39021736,0.72157174,861,0,0,unseen
732431788,0.109565,0.41111147,330,0,0,unseen
732496591,0.3768815,0.7040381,704,0,0,unseen
732518921,0.20444164,0.5600434,921,0,0,unseen
732600113,0.36194253,0.8017949,942,0,0,unseen
732686529,0.30128312,0.83894324,894,0,0,unseen
732741880,0.32368556,0.6357133,924,0,0,unseen
733036127,0.32844242,0.8914212,673,2,9,unseen
733040015,0.20394558,0.7393009,722,0,0,unseen
733399215,0.16926731,0.61794645,1151,0,0,unseen
733458828,0.034141116,0.20566635,339,0,0,unseen
733700589,0.28571185,0.8211261,764,0,0,unseen
733765528,0.19668622,0.7015567,750,0,0,unseen
733796382,0.41730583,0.7965046,298,0,1,unseen
733986433,0.23203427,0.67095774,327,0,0,unseen
734088804,0.54716694,0.80544585,264,0,0,unseen
734132592,0.20008892,0.5423743,342,0,0,unseen
734352404,0.18964396,0.6861992,1131,0,0,unseen
734408687,0.13485725,0.5721894,1045,0,0,unseen
734473582,0.088127404,0.517065,328,0,0,unseen
734491001,0.3628207,0.77498406,479,0,0,unseen
734664277,0.2712106,0.7228711,331,0,0,unseen
734667914,0.273876,0.52676827,36,0,0,unseen
734677385,0.028279208,0.103045605,830,0,0,neg_only
734693858,0.15884756,0.49416903,968,0,0,unseen
734724111,0.31376016,0.77923685,657,0,0,unseen
735004751,0.06431617,0.26406097,1265,0,0,unseen
735008444,0.20990117,0.8070299,992,0,0,unseen
735073668,0.26239505,0.82205325,649,0,3,unseen
735091236,0.43005964,0.9081748,1275,2,3,unseen
735134301,0.2520453,0.7595787,894,0,0,unseen
735207605,0.26310027,0.60759693,559,0,0,unseen
735282133,0.10568838,0.5667833,280,0,1,unseen
735415046,0.30155545,0.8007068,657,0,1,unseen
735470654,0.11141554,0.29296884,309,0,0,unseen
735488299,0.072145574,0.28612772,340,0,0,unseen
735699469,0.14346959,0.42797902,201,0,0,unseen
735772860,0.22819422,0.7874285,457,0,0,unseen
735785583,0.4124373,0.88156277,1088,0,0,unseen
735790008,0.431552,0.88834083,1128,0,0,unseen
735798583,0.1970209,0.53531784,943,0,0,unseen
735941254,0.10745635,0.3164718,586,0,0,neg_only
736079469,0.2641114,0.5093737,344,0,0,unseen
736109737,0.3718636,0.7385221,364,0,0,unseen
736117977,0.3669617,0.8600073,1082,0,0,unseen
736126746,0.5159436,0.9254186,1140,0,5,unseen
736140238,0.22127652,0.5506006,384,0,0,unseen
736173896,0.48519233,0.86138064,321,0,0,unseen
736174181,0.23348497,0.6602179,835,0,0,neg_only
736433303,0.053197358,0.41508418,1232,0,0,unseen
736463614,0.49314684,0.8982102,1144,0,0,unseen
736467526,0.43791223,0.84913844,1084,0,0,unseen
736632557,0.33458114,0.73663646,299,0,0,unseen
736757366,0.20796733,0.5725208,336,0,0,unseen
736791573,0.15589601,0.6596609,1114,0,0,unseen
736808904,0.49034294,0.91932845,1116,0,0,unseen
736813212,0.456926,0.91891223,1140,0,0,unseen
736830579,0.4668284,0.77095056,335,0,0,unseen
736839651,0.57753694,0.8984012,300,0,0,unseen
736860990,0.04797869,0.19221187,651,0,0,neg_only
736877989,0.2921779,0.7572827,1199,0,0,unseen
737093692,0.18104926,0.62857133,705,0,0,unseen
737093754,0.1309162,0.53843796,521,0,0,unseen
737149820,0.37580287,0.8657269,1085,0,0,unseen
737150041,0.44732216,0.91968983,1092,0,1,unseen
737167616,0.31435832,0.771038,375,0,0,unseen
737189212,0.08713642,0.58340555,1166,0,0,unseen
737218533,0.38574436,0.8514996,1097,0,2,unseen
737218700,0.5004436,0.7986883,829,0,1,unseen
737218701,0.4992333,0.78637356,370,0,0,unseen
737218738,0.53161424,0.8956037,802,1,9,unseen
737218764,0.124784276,0.51043993,331,0,0,unseen
737218848,0.15171951,0.4888194,330,0,0,unseen
737218956,0.4371111,0.8483627,836,0,0,unseen
737262193,0.46600956,0.856026,313,0,1,unseen
737486877,0.34012866,0.72867495,343,0,0,unseen
737491087,0.15300599,0.40041855,994,0,0,unseen
737602890,0.3745679,0.8686574,1046,1,2,unseen
737607426,0.5778501,0.8216517,318,0,1,unseen
737607512,0.5658901,0.9570555,930,87,253,unseen
737607615,0.24797356,0.51483005,294,0,0,unseen
737607638,0.5467303,0.92949945,409,77,159,unseen
737607653,0.4566791,0.82141346,281,0,0,unseen
737612033,0.38826028,0.74033743,294,0,0,unseen
737824168,0.17673424,0.54783016,336,0,0,unseen
737831894,0.5810696,0.882294,256,0,0,unseen
737832306,0.18202661,0.6732592,602,0,0,neg_only
738155917,0.18688895,0.42726725,399,0,0,unseen
738531654,0.25492465,0.8657208,856,0,0,unseen
739213376,0.122323416,0.59242296,1036,0,0,unseen
739256609,0.08472108,0.45127964,1105,0,0,unseen
739572008,0.32332274,0.7541061,556,0,0,unseen
753489735,0.48510748,0.90767217,1062,0,2,unseen
753489951,0.48939663,0.8730523,1056,0,0,unseen
753506746,0.2526439,0.8589081,948,0,0,unseen
753852265,0.6294048,0.9328588,875,2,61,unseen
754184667,0.49704814,0.8982364,1145,0,0,unseen
754206396,0.26780644,0.77385145,846,0,0,unseen
754538763,0.5498341,0.8967745,949,0,0,unseen
754879354,0.410526,0.8772115,1144,0,0,unseen
754884149,0.30323672,0.8426638,894,0,0,unseen
755177787,0.509855,0.9162685,1097,0,0,unseen
755234235,0.57434034,0.9027802,933,0,0,unseen
755518957,0.33528158,0.9623425,928,5,28,unseen
755544921,0.24927011,0.8617823,875,1,1,unseen
755644082,0.44556153,0.8311476,231,0,0,unseen
755950242,0.3387648,0.76410085,377,0,0,unseen
756036456,0.093847126,0.5178736,837,0,0,unseen
756062593,0.34495842,0.599328,541,0,0,unseen
756196541,0.35334748,0.8994069,980,0,2,unseen
756390604,0.58901435,0.81999326,311,0,11,unseen
756399239,0.39847115,0.7056658,617,0,0,unseen
756502912,0.11028385,0.6011017,1079,0,0,unseen
756870190,0.112886235,0.62167335,138,0,0,unseen
756874510,0.14847124,0.64599544,215,0,0,unseen
757046868,0.1632054,0.21843606,2,0,0,unseen
757055317,0.38465858,0.7885109,499,0,0,unseen
757055403,0.48087943,0.8225871,199,0,0,unseen
757215581,0.094540775,0.48162794,133,0,0,unseen
757258507,0.22886412,0.8259009,948,0,0,unseen
757374944,0.25085893,0.5947489,362,0,0,unseen
757374955,0.35128993,0.729272,89,0,4,unseen
757396504,0.15499993,0.7733896,346,0,0,unseen
757530777,0.47182846,0.8430538,154,0,0,unseen
757530901,0.49335384,0.86010796,46,0,0,unseen
757535511,0.30230346,0.9005952,363,0,0,unseen
757538997,0.41066703,0.78434074,323,0,0,unseen
757556799,0.25286674,0.87038743,712,0,0,unseen
757694775,0.1491212,0.5613156,316,0,1,unseen
757699000,0.14202033,0.5606129,312,0,3,unseen
757699264,0.43621987,0.8833954,162,0,0,unseen
758035825,0.24515212,0.68885267,296,0,0,unseen
758065781,0.19051155,0.60910094,264,0,0,unseen
758069781,0.3566007,0.68933535,139,0,0,unseen
758078409,0.15609513,0.685893,388,0,0,unseen
758154573,0.49179345,0.68095994,4,0,0,unseen
758178605,0.15710609,0.34087977,10,0,0,unseen
758239379,0.20420492,0.4521373,272,0,0,unseen
758320421,0.29997388,0.878122,571,0,2,unseen
758588355,0.32559216,0.6351083,359,0,0,unseen
758605646,0.25782588,0.7704759,790,0,0,unseen
758743604,0.28050753,0.6366411,199,0,0,unseen
758903321,0.20556024,0.6544571,599,0,0,unseen
758938220,0.30294088,0.6459494,346,0,0,unseen
758955666,0.30766654,0.70604444,335,0,0,unseen
758960629,0.059730787,0.38405704,1121,0,0,unseen
758990648,0.26495847,0.5550021,1111,0,0,unseen
759084486,0.2666095,0.655012,255,0,0,unseen
759291719,0.17170902,0.42475134,237,0,0,unseen
759582005,0.41742685,0.7282255,209,0,0,unseen
759585675,0.35425985,0.74559927,491,0,0,unseen
759586113,0.1597284,0.64769673,800,0,0,unseen
759586495,0.51795906,0.845471,154,0,0,unseen
759632919,0.23846315,0.70150673,235,0,0,unseen
759633941,0.24319912,0.6044937,89,0,0,unseen
759633968,0.2695076,0.8256909,1020,0,0,unseen
759888294,0.15666606,0.36279523,34,0,0,unseen
759922984,0.32499883,0.6476026,602,0,0,unseen
759960572,0.16992463,0.5068689,339,0,0,unseen
759983358,0.25424665,0.574333,333,0,0,unseen
760004504,0.06302082,0.7378128,319,0,0,unseen
760026626,0.090577915,0.34568018,31,0,0,unseen
760094565,0.2489081,0.7630201,466,3,6,unseen
760268555,0.067487605,0.46332335,516,0,0,unseen
760272462,0.39028817,0.89138776,592,0,0,unseen
760358472,0.16212533,0.4770599,1135,0,0,unseen
760397191,0.1494671,0.5216101,282,0,0,unseen
760541793,0.13554671,0.2862234,28,0,0,unseen
760566744,0.0810933,0.16844013,11,0,0,unseen
760566746,0.09978749,0.17188375,5,0,0,unseen
760569606,0.2718894,0.2759653,2,0,0,unseen
760570054,0.45591563,0.5951014,4,0,0,unseen
760604568,0.111907445,0.39409283,619,0,0,unseen
760630148,0.42788237,0.913908,423,0,1,unseen
760686202,0.2499162,0.85530937,583,0,0,neg_only
760690116,0.26150703,0.798147,1239,0,0,unseen
760729207,0.2405676,0.80464774,370,0,1,unseen
760733648,0.19559203,0.5908301,1136,0,0,unseen
760733959,0.112368755,0.4809986,1030,0,0,unseen
760902933,0.1371042,0.3193585,7,0,0,unseen
760993807,0.13986155,0.6453605,1149,0,0,unseen
761040902,0.36005473,0.80998206,558,0,0,unseen
761044410,0.1555121,0.48988393,332,0,0,unseen
761083880,0.26155987,0.7462499,338,0,0,unseen
761165432,0.4350197,0.6801433,297,0,1,unseen
761170446,0.26659158,0.65094954,1002,0,0,unseen
761229983,0.20258293,0.37694114,14,0,0,unseen
761232088,0.12198051,0.21385562,5,0,0,unseen
761236545,0.08851252,0.11608909,6,0,0,unseen
761239957,0.6653204,0.90702444,7,0,0,unseen
761247578,0.22597519,0.5313858,5,0,0,unseen
761252954,0.13564494,0.5057416,13,0,0,unseen
761636549,0.16638355,0.68349576,529,0,0,unseen
761661626,0.4397796,0.85650885,1075,0,1,unseen
761813205,0.19795658,0.45340985,612,0,0,unseen
761843188,0.20455492,0.37763095,363,0,0,unseen
762111368,0.049550034,0.2366474,835,0,0,unseen
762171741,0.16441704,0.5330093,423,0,0,unseen
762263004,0.17388661,0.37419677,48,0,0,unseen
762698149,0.1849457,0.79090834,331,0,0,unseen
762745906,0.31750253,0.82930046,593,0,0,unseen
762957069,0.3051749,0.5666346,19,0,0,unseen
762982753,0.40335912,0.89533657,796,7,20,unseen
763034485,0.14653987,0.61355996,875,0,0,unseen
763086729,0.5165408,0.83998233,335,0,0,unseen
763116783,0.18873449,0.6527276,338,0,0,unseen
763116811,0.06663662,0.3802132,410,0,0,unseen
763181971,0.13854837,0.4381374,307,0,0,unseen
763435729,0.21868768,0.69120467,571,0,0,unseen
763483246,0.20812723,0.47882456,621,0,0,unseen
763686208,0.4435936,0.8953424,695,9,29,unseen
763730414,0.33786762,0.9362201,759,0,20,unseen
763731153,0.30144352,0.70106536,224,0,0,unseen
763885580,0.23029952,0.6870102,530,0,0,unseen
764122498,0.2088515,0.78244627,341,0,0,unseen
764334721,0.1096713,0.5008136,374,0,0,unseen
764339342,0.17571917,0.6813031,451,0,0,unseen
764377593,0.22903472,0.5255201,82,0,0,unseen
764399773,0.21207555,0.8121938,695,0,1,unseen
764408961,0.18912372,0.38244587,83,0,0,unseen
764409134,0.25849003,0.6823285,211,0,1,unseen
764412104,0.18808074,0.7307757,1151,0,0,unseen
764684348,0.26305425,0.5850342,613,0,0,unseen
764800313,0.45201963,0.90333587,814,6,33,unseen
764817903,0.25970146,0.6917693,1185,0,0,unseen
765029085,0.09102604,0.37046862,27,0,0,unseen
765034172,0.2265657,0.49158174,338,0,0,unseen
765063664,0.31359708,0.7331439,449,0,4,unseen
765072733,0.11955278,0.495518,968,0,0,unseen
765145895,0.35019845,0.90952647,767,0,6,unseen
765245188,0.105724685,0.40553123,1022,0,0,unseen
765457262,0.3158377,0.7227709,438,0,0,unseen
765504308,0.31321743,0.68631977,362,0,0,unseen
765810666,0.5467848,0.8288929,209,0,0,unseen
765975775,0.17352508,0.48164076,309,0,0,unseen
766126400,0.21092772,0.54025143,369,0,0,unseen
766186252,0.044194188,0.7294206,131,0,0,unseen
766276454,0.09795323,0.5666729,997,0,0,unseen
766385551,0.23859674,0.73211116,433,0,0,unseen
766388652,0.07881252,0.55730736,335,0,0,unseen
766389528,0.2792405,0.4932734,120,0,0,unseen
766410696,0.14707437,0.5151688,1291,0,0,unseen
766493391,0.3586728,0.84384876,1099,0,1,unseen
766505428,0.42216077,0.6194196,313,0,0,unseen
766653726,0.28365445,0.6652163,304,0,0,unseen
766730917,0.2035717,0.49152666,214,0,0,unseen
766734548,0.2988447,0.78663206,646,0,0,unseen
766734991,0.19641094,0.47752672,220,0,0,unseen
766739499,0.113650665,0.36154762,897,0,0,unseen
766781641,0.23231712,0.7714307,929,0,0,unseen
766820559,0.4132586,0.8530972,1125,0,0,unseen
766950752,0.7273666,0.9113922,296,13,124,unseen
767084239,0.2530409,0.5862972,844,0,0,unseen
767161652,0.36109236,0.8420353,1121,0,0,unseen
767174553,0.3650664,0.836795,1235,0,0,unseen
767329844,0.43984056,0.75576437,299,0,0,unseen
767433432,0.19087848,0.5926552,928,0,0,unseen
767455273,0.1893551,0.6590658,1140,0,0,unseen
767486231,0.31465873,0.7252838,297,0,0,unseen
767494105,0.32852915,0.86536,1068,0,0,unseen
767571751,0.25321972,0.74493253,680,0,0,unseen
767615925,0.16105233,0.48241064,383,0,0,unseen
767671354,0.10590382,0.60231507,268,1,1,unseen
767903933,0.25880474,0.5767686,705,0,0,unseen
767904550,0.08630583,0.2899758,549,0,0,unseen
767912577,0.3145965,0.7141136,405,0,0,unseen
768301292,0.24465342,0.6037655,211,0,0,unseen
768301391,0.5177115,0.87592417,195,0,0,unseen
768525647,0.4554738,0.8183952,881,0,0,unseen
768555687,0.41240132,0.77662426,332,0,0,pos_only
768806088,0.27719516,0.7118773,280,0,0,unseen
768884949,0.36458066,0.7696584,330,0,0,unseen
769018494,0.12868655,0.6617755,222,0,0,unseen
769195048,0.08595278,0.65089077,244,0,0,unseen
769263962,0.037487704,0.16431266,352,0,0,unseen
769268002,0.46143413,0.7827231,275,0,0,unseen
769355285,0.18795934,0.5095651,688,0,0,unseen
769544445,0.32003975,0.6796154,152,0,0,unseen
769605178,0.45118237,0.82194316,1022,0,0,unseen
770249286,0.089868344,0.23415974,391,0,0,unseen
770257411,0.18247876,0.7250286,547,0,0,unseen
770692923,0.26683527,0.64606893,288,0,0,unseen
770930321,0.15354575,0.6235877,671,0,0,unseen
770952011,0.21678007,0.61276525,681,0,0,unseen
784882707,0.58739656,0.9114792,912,0,3,unseen
784895866,0.22483222,0.7926904,955,0,0,unseen
785232629,0.5709794,0.9127381,937,0,0,unseen
785232649,0.36839575,0.8602778,902,0,1,unseen
785573850,0.48240274,0.939036,1151,12,47,unseen
785918963,0.32862964,0.82610756,916,0,0,unseen
785957618,0.2617968,0.7518399,509,0,0,unseen
786000969,0.3450906,0.6603093,251,0,0,unseen
786013791,0.12765191,0.46316513,312,0,0,unseen
786013801,0.3690579,0.74848336,260,0,0,unseen
786013842,0.34589407,0.7352166,135,0,0,unseen
786013856,0.3626333,0.71002465,280,0,0,unseen
786674282,0.46135867,0.79416317,404,0,0,unseen
786691714,0.09645026,0.34095445,317,0,0,unseen
786989348,0.33879942,0.7651463,685,0,0,unseen
786989471,0.23296845,0.8760235,397,0,0,unseen
786994048,0.43563655,0.833581,379,0,0,unseen
787205311,0.28295884,0.65588737,339,0,0,unseen
787374226,0.15976194,0.6022192,303,0,1,unseen
787421325,0.25141954,0.5131408,114,0,0,unseen
787421505,0.31246734,0.62620777,270,0,0,unseen
787564556,0.32755625,0.55182815,327,0,0,unseen
787779388,0.41524318,0.64862555,741,0,0,unseen
787908929,0.14742652,0.55026656,140,0,0,unseen
787909611,0.14621338,0.60146,229,0,0,unseen
788055763,0.20765033,0.41427705,7,0,0,unseen
788306624,0.29387543,0.9020966,977,0,1,unseen
788461444,0.3304528,0.8463216,711,4,20,unseen
788519447,0.29726014,0.78931063,509,0,0,unseen
788565050,0.4121922,0.86869633,108,0,0,unseen
788625515,0.28546467,0.87338436,686,0,1,unseen
788625560,0.35645798,0.8781822,704,0,1,unseen
788729370,0.22905287,0.7400641,306,0,0,unseen
788945049,0.32859373,0.930047,978,0,35,unseen
789121913,0.13463642,0.7493397,291,0,0,unseen
789126240,0.20176229,0.8571839,464,1,3,unseen
789126422,0.4723173,0.8298861,352,0,1,unseen
789130596,0.2960833,0.8308821,553,0,1,unseen
789248033,0.22941503,0.5878197,582,0,0,unseen
789308735,0.35871106,0.8873585,603,0,4,unseen
789330989,0.27884763,0.4644138,331,0,0,unseen
789398359,0.115353525,0.4739567,342,0,0,unseen
789445825,0.329135,0.7987345,1239,0,0,unseen
789580340,0.15015103,0.32868814,25,0,0,unseen
789623676,0.20716456,0.6490979,1187,0,0,unseen
789636635,0.03067048,0.13107005,147,0,0,unseen
789645810,0.119216874,0.7242063,316,0,0,unseen
789851418,0.20189703,0.71704584,295,0,1,unseen
789934899,0.30903128,0.7967565,529,0,0,unseen
789969011,0.21054617,0.5809944,337,0,0,unseen
789990540,0.19010472,0.4797022,322,0,0,unseen
789990773,0.12634318,0.6263099,346,0,0,unseen
790025201,0.3794082,0.8343519,516,0,1,unseen
790288721,0.47373185,0.7858195,253,0,0,unseen
790305346,0.073177606,0.55715823,385,0,0,unseen
790335135,0.1084707,0.59886444,334,0,0,unseen
790391552,0.16836676,0.72095037,1060,0,0,unseen
790417660,0.22073491,0.6561957,1157,0,0,unseen
790577606,0.18213978,0.5219892,151,0,0,unseen
790629881,0.13203868,0.6379207,980,0,0,unseen
790668865,0.20706426,0.4795254,275,0,0,unseen
790668991,0.074718244,0.52906924,321,0,0,unseen
790918006,0.31649953,0.7097941,162,0,0,unseen
790948245,0.30525202,0.69401217,40,0,0,unseen
791009819,0.19824825,0.6929535,67,0,0,unseen
791017605,0.2162972,0.6156632,723,0,0,unseen
791043906,0.20759673,0.8313239,588,0,1,unseen
791099453,0.060337078,0.5059693,316,0,0,unseen
791303168,0.23817556,0.7190297,23,0,0,unseen
791307174,0.31846234,0.78845507,962,0,1,unseen
791311618,0.30363485,0.7031041,110,0,0,unseen
791371842,0.105759084,0.5786182,405,0,0,unseen
791384849,0.09731639,0.3723954,945,0,0,unseen
791406204,0.14340709,0.72463673,947,0,0,unseen
791427589,0.14456277,0.51495343,320,0,0,unseen
791527493,0.010740396,0.157471,176,0,0,unseen
791946302,0.22331923,0.48946673,3,0,0,unseen
791946438,0.24718928,0.3808278,3,0,0,unseen
792019471,0.080723785,0.4643672,301,0,0,unseen
792040520,0.24543525,0.8305537,688,0,2,pos_only
792045391,0.1438067,0.50290793,333,0,0,unseen
792079254,0.057554908,0.44476274,1129,0,0,unseen
792205464,0.28106406,0.76785195,983,0,1,unseen
792209304,0.17221314,0.380737,310,0,0,unseen
792326206,0.041815806,0.40446815,378,0,0,pos_only
792338630,0.31941396,0.73711985,1155,0,0,unseen
792368888,0.019350264,0.2645926,1260,0,0,unseen
792369310,0.16881421,0.68994623,1132,0,0,unseen
792537736,0.20214371,0.55643666,1048,0,0,unseen
792538051,0.3042591,0.6977365,304,0,0,unseen
792541534,0.33390287,0.7462189,868,0,2,unseen
792610827,0.1232802,0.1232802,1,0,0,unseen
792692885,0.08507368,0.21759596,938,0,0,neg_only
792800570,0.4021186,0.74547136,631,0,0,unseen
793298641,0.2828114,0.39434344,2,0,0,unseen
793702856,0.15621138,0.30895832,15,0,0,unseen
793728667,0.23496026,0.55383205,630,0,0,unseen
793797279,0.25588122,0.67470807,909,0,0,unseen
793815358,0.124220245,0.36967626,296,0,0,unseen
793879702,0.37761003,0.7229643,599,0,0,unseen
794088227,0.35783422,0.80746526,678,0,0,unseen
794225197,0.18483973,0.6626346,476,0,1,unseen
794256078,0.33543268,0.67996705,604,0,0,unseen
794337453,0.09858936,0.20326172,9,0,0,unseen
794458695,0.09720427,0.40275955,817,0,0,unseen
794466376,0.13559493,0.45032102,876,0,0,unseen
794752471,0.07300073,0.42111468,299,0,0,unseen
794945765,0.29604802,0.68682957,313,0,0,unseen
794946803,0.39057446,0.76412356,970,0,7,unseen
794967711,0.30206603,0.6867973,922,0,0,unseen
795135527,0.49607432,0.7666272,252,0,0,unseen
795291970,0.34882107,0.7149375,339,0,0,unseen
795362225,0.20595899,0.6491332,317,0,0,unseen
795374201,0.14923276,0.656007,467,0,0,unseen
795546494,0.23489143,0.8692291,773,0,0,unseen
795723912,0.36640632,0.88090295,1321,0,0,unseen
795745097,0.12170303,0.42087775,742,0,0,unseen
795814655,0.50317305,0.77285194,287,0,0,unseen
796052404,0.111561544,0.37932703,274,0,0,unseen
796056849,0.4157069,0.8366034,1236,0,0,unseen
796098427,0.06341837,0.4211158,333,0,0,unseen
796193592,0.24244724,0.6078587,409,0,0,unseen
796401179,0.1679878,0.5530071,1230,0,0,unseen
796431821,0.064586535,0.31497124,320,0,0,unseen
796543393,0.42055997,0.706862,691,0,0,unseen
796730640,0.1643276,0.5306779,316,0,0,unseen
796733261,0.32498047,0.7491872,1149,0,0,unseen
796733475,0.28098318,0.44463018,214,0,0,unseen
796733478,0.04713276,0.2927385,371,0,0,unseen
796743384,0.3220334,0.76850253,330,0,0,unseen
796754549,0.082546465,0.32671082,718,0,0,unseen
796755936,0.42965934,0.7295757,330,0,0,unseen
796836697,0.50250095,0.8170396,344,0,0,unseen
797074354,0.08415367,0.42999178,324,0,0,unseen
797075463,0.37881616,0.6079739,100,0,0,unseen
797101318,0.29230228,0.6901286,1032,0,0,unseen
797194962,0.4820412,0.78067446,328,0,0,unseen
797216807,0.26915494,0.55798656,326,0,0,unseen
797420557,0.31687903,0.7616616,829,0,0,unseen
797424771,0.110223114,0.5374318,339,0,0,unseen
797442049,0.0351945,0.3119642,1352,0,0,both
797514653,0.42674202,0.8569806,1143,0,0,unseen
797558130,0.27214405,0.60554594,1160,0,0,unseen
797812785,0.25038883,0.61446774,357,0,0,unseen
797855394,0.35712108,0.8223833,1136,0,0,unseen
798027992,0.15389206,0.5557225,309,0,0,unseen
798132291,0.49832395,0.89231974,184,0,0,unseen
798192162,0.3723617,0.78578776,1139,0,0,unseen
798196366,0.3848324,0.85817873,1138,0,0,unseen
798196454,0.5164552,0.93828535,1147,5,43,unseen
798317797,0.32733268,0.7184781,775,0,0,unseen
798494331,0.27431342,0.5337431,347,0,0,unseen
798528850,0.5448071,0.87163126,886,0,0,unseen
798533259,0.6071262,0.93616104,917,5,53,unseen
798537638,0.42361206,0.8179619,1141,0,0,unseen
798537701,0.39908078,0.7928666,1151,0,0,unseen
798585556,0.21441382,0.6060278,302,0,0,unseen
798684461,0.20926528,0.53960115,308,0,0,unseen
798693540,0.18722078,0.5349302,285,0,0,unseen
798869986,0.43418908,0.9043732,1116,0,2,unseen
798908816,0.33705065,0.8298068,1128,0,0,unseen
798939240,0.26889277,0.5272455,362,0,0,unseen
799215269,0.39942083,0.9086112,1149,0,1,unseen
799219511,0.44755012,0.8944979,1081,0,0,unseen
799249679,0.13881394,0.6241404,1128,0,0,unseen
799263200,0.102365315,0.3735259,335,0,0,unseen
799279899,0.14546712,0.45525154,290,0,1,unseen
799362484,0.043211967,0.5225405,310,0,1,unseen
799583417,0.11254491,0.46410218,354,0,0,unseen
799586652,0.08028413,0.31911942,331,0,0,neg_only
799868224,0.17776582,0.77144057,462,0,0,pos_only
799906141,0.4603951,0.91910905,1044,0,0,unseen
799919294,0.26334637,0.7949805,485,0,0,unseen
800212579,0.079717435,0.48246747,480,0,0,pos_only
800256481,0.17787686,0.7119645,983,0,0,unseen
800264315,0.37719917,0.8383573,542,0,1,unseen
800286386,0.20263326,0.44481808,610,0,0,unseen
800303089,0.1215017,0.40894356,612,0,0,unseen
800579317,0.42940995,0.8346937,397,0,4,unseen
800579638,0.37352574,0.835964,1188,0,0,unseen
800588608,0.17151849,0.41191113,674,0,0,unseen
800920725,0.240674,0.66336906,1266,0,0,unseen
800925392,0.31306204,0.7104441,442,0,1,unseen
800929667,0.14879355,0.5260009,305,0,0,unseen
800937779,0.51883304,0.7863977,328,0,0,unseen
801257348,0.08666664,0.47303128,1201,0,0,unseen
801279493,0.23728596,0.84565383,997,0,0,unseen
815585355,0.52063483,0.9195314,1161,4,39,unseen
815921891,0.48555145,0.9344294,1146,1,55,unseen
815926346,0.590663,0.93210846,894,1,8,unseen
815930761,0.4256716,0.8539565,1153,0,0,unseen
816276055,0.2706662,0.7568822,964,0,0,unseen
816276925,0.22683652,0.77612984,891,0,0,unseen
816682053,0.37939066,0.6917142,543,0,0,unseen
816682110,0.40761238,0.75556016,520,0,0,unseen
816962833,0.4713481,0.8326505,1149,0,0,unseen
817044778,0.10460963,0.48192438,375,0,0,unseen
817294806,0.51941454,0.8882002,855,0,0,unseen
817359552,0.28855965,0.7460125,430,0,0,unseen
817683388,0.37132573,0.83585244,637,0,0,unseen
817985849,0.40113556,0.8999475,1120,0,1,unseen
817993932,0.447142,0.8834912,1068,0,0,unseen
818063189,0.42430356,0.8331962,167,0,1,unseen
818128117,0.28687802,0.555959,737,0,0,unseen
818594818,0.37233743,0.8381343,45,0,0,unseen
818637585,0.54389566,0.90988535,910,0,0,unseen
818796911,0.22748798,0.78311145,341,0,0,unseen
818888010,0.19009672,0.43274188,50,0,0,unseen
819073675,0.38724196,0.7658022,326,0,0,unseen
819138027,0.43065473,0.78839505,210,0,0,unseen
819220237,0.1522623,0.44477615,286,0,0,unseen
819440815,0.2398202,0.63370395,1272,0,0,unseen
819725372,0.06415919,0.40449682,432,0,0,unseen
819828716,0.27176657,0.81541497,242,0,1,unseen
819828986,0.19456257,0.7779562,487,0,0,unseen
819895218,0.1682151,0.40185696,70,0,0,unseen
819943010,0.24449034,0.49937564,167,0,0,unseen
819993149,0.26714978,0.71925724,986,1,2,unseen
820015203,0.3976707,0.6591101,330,0,0,unseen
820390160,0.13337733,0.7056345,538,0,0,unseen
820581199,0.13588966,0.3706147,7,0,0,unseen
820662203,0.1376471,0.5266037,173,0,0,unseen
820710068,0.10117793,0.7946507,336,0,0,unseen
820800405,0.18660885,0.5581902,266,1,2,unseen
820856726,0.19200155,0.47397485,466,0,0,unseen
821003563,0.07301839,0.29310367,330,0,0,unseen
821051099,0.24828261,0.6861598,449,0,0,unseen
821272765,0.20002048,0.5443803,109,0,0,unseen
821306235,0.3606547,0.63655084,40,0,0,unseen
821340054,0.19894172,0.5099088,399,0,0,unseen
821344462,0.022046141,0.12842879,920,0,0,unseen
821344463,0.09628629,0.44979295,829,0,0,unseen
821552280,0.14128755,0.3002311,322,0,0,unseen
821621397,0.23719536,0.75224596,200,0,0,unseen
821625208,0.14263743,0.5814396,116,0,0,unseen
821686394,0.11428517,0.5235328,545,0,0,unseen
821703262,0.108995214,0.4255398,1085,0,0,unseen
821707660,0.33306694,0.6716034,363,0,0,unseen
821728921,0.14458579,0.7216956,1180,0,0,unseen
821729208,0.121455915,0.53181607,506,0,0,unseen
821729315,0.3786492,0.77620476,504,0,1,unseen
821729349,0.12701038,0.47717193,1114,0,0,unseen
821729374,0.37254557,0.74256885,1108,0,0,unseen
821780859,0.2173707,0.68059474,664,0,0,unseen
821946760,0.0894334,0.11415971,2,0,0,unseen
821957319,0.06576559,0.07444509,3,0,0,unseen
821987663,0.3544601,0.6781281,9,0,0,unseen
822009511,0.42380366,0.7965252,217,0,0,unseen
822069335,0.14852484,0.337722,14,0,0,unseen
822070896,0.2414829,0.52595943,325,0,0,unseen
822078542,0.112264246,0.754813,734,0,0,unseen
822358833,0.33764914,0.65630394,468,0,0,unseen
822380754,0.15592845,0.561263,319,0,0,unseen
822393878,0.09665823,0.5309941,282,0,0,unseen
822428009,0.11402568,0.5389562,330,0,0,unseen
822461999,0.11054513,0.5817864,1141,0,0,unseen
822505389,0.070405036,0.44907665,345,0,0,unseen
822622842,0.27356145,0.42187604,6,0,0,unseen
822687493,0.17145117,0.5585733,395,0,0,unseen
822692353,0.20762709,0.5658053,463,0,0,unseen
822859611,0.21409474,0.6942303,1099,1,3,unseen
822911647,0.22915922,0.6996947,1043,0,1,unseen
823015627,0.294362,0.8924477,574,0,0,unseen
823037476,0.2028186,0.92428637,835,0,5,unseen
823058013,0.1325059,0.5087977,333,0,0,unseen
823058829,0.11855251,0.46165583,647,0,0,unseen
823058891,0.015381675,0.13667898,346,0,0,neg_only
823063281,0.06149911,0.4654937,386,0,0,unseen
823063315,0.057296816,0.5582653,332,0,0,unseen
823314446,0.3652467,0.91786313,747,0,1,unseen
823668338,0.04855258,0.11946767,10,0,0,unseen
823705448,0.14651814,0.49346748,1080,0,0,unseen
823988254,0.19799995,0.40165186,27,0,0,unseen
823999645,0.18735564,0.7206137,239,0,0,unseen
824115747,0.064634405,0.23588483,329,0,0,unseen
824128501,0.47953606,0.7411849,335,0,0,unseen
824349873,0.06868254,0.6338517,457,0,0,unseen
824457714,0.22570968,0.8300057,1112,0,0,unseen
824565895,0.1649003,0.3545078,218,0,0,unseen
825032139,0.19949237,0.5243916,386,0,0,unseen
825359499,0.18715295,0.631181,66,0,0,unseen
825822254,0.50309783,0.7457414,345,0,0,unseen
826062651,0.36466834,0.7111046,838,0,0,unseen
826136822,0.29444703,0.6091434,368,0,0,unseen
826416797,0.21619484,0.40039238,690,0,0,unseen
826784485,0.6070677,0.8995469,167,0,1,unseen
826957102,0.19344243,0.47449008,303,0,0,unseen
826969429,0.26061398,0.6737867,835,0,0,unseen
827081671,0.24552685,0.61236954,334,0,0,unseen
827086517,0.33193487,0.80246896,1172,0,0,unseen
827323331,0.30928934,0.65553063,1103,0,0,unseen
827422560,0.14664091,0.6230168,502,0,0,unseen
827432118,0.10265507,0.34684035,306,0,0,unseen
827911067,0.18498313,0.60512596,1116,0,0,unseen
828144800,0.11287351,0.5047923,1203,0,0,unseen
828455033,0.32378703,0.6398198,46,0,0,pos_only
828455051,0.43874702,0.8446701,806,0,1,unseen
828455332,0.39335877,0.76410663,835,0,1,unseen
828463239,0.11472578,0.45136997,1287,0,0,unseen
828485538,0.18533467,0.4997456,75,0,0,unseen
828497517,0.26900613,0.74494666,1242,0,0,unseen
828597380,0.26558456,0.7824876,1202,0,0,unseen
828813438,0.43705273,0.82837564,85,0,0,unseen
828826099,0.09136807,0.5372692,721,0,0,unseen
828934059,0.30653253,0.79663604,1148,0,0,unseen
828955389,0.37757578,0.72663873,1071,0,0,unseen
829050526,0.23692663,0.57656574,912,0,0,unseen
829059301,0.20055425,0.6844188,297,0,0,unseen
829145708,0.117806,0.54977655,758,0,0,unseen
829154825,0.27930722,0.65357935,322,0,0,unseen
829155062,0.037954524,0.3695677,1143,0,0,unseen
829231385,0.4290319,0.84915924,1134,0,0,unseen
829231457,0.42626202,0.81166065,1115,0,0,unseen
829261936,0.21080324,0.74467224,210,0,0,pos_only
829279239,0.46172827,0.74544555,313,0,0,unseen
829379400,0.08853079,0.3805951,224,0,0,unseen
829542849,0.055897724,0.4285945,1226,0,0,unseen
829572252,0.42211717,0.85617906,1139,0,0,unseen
829572451,0.46248963,0.90537393,1072,0,0,unseen
829593966,0.34705645,0.794385,1075,0,0,unseen
829598814,0.37756354,0.6840181,314,0,0,pos_only
829636950,0.27090082,0.6435707,325,0,0,unseen
829697614,0.23011379,0.5651696,307,0,0,unseen
830586919,0.4514122,0.87284935,1076,0,0,unseen
830634936,0.42270255,0.71320325,324,0,0,unseen
831225810,0.09970989,0.8119738,295,0,0,unseen
831273322,0.2609716,0.79369724,651,0,0,unseen
831291329,0.23967707,0.60331684,1180,0,0,unseen
832016427,0.15498146,0.41036198,640,0,0,pos_only
832107249,0.43707067,0.6704534,291,0,0,unseen
832357089,0.10814903,0.42130944,331,0,0,neg_only
832646151,0.19325332,0.8794602,866,0,0,unseen
832974054,0.098905966,0.39513874,28,0,0,unseen
834044577,0.25345054,0.79939467,376,0,0,unseen
846270628,0.4742885,0.91629946,1154,0,0,unseen
846602958,0.27888504,0.87720096,919,0,0,unseen
846611908,0.56671757,0.90191495,871,0,0,unseen
846616006,0.59582704,0.92067885,890,0,0,unseen
846620223,0.43880555,0.8741995,1146,0,0,unseen
846620287,0.5546122,0.89020705,854,0,0,unseen
846952407,0.5434468,0.87623703,906,0,0,unseen
846991524,0.3596628,0.8095907,1132,0,1,unseen
847293869,0.45583457,0.9243133,1139,0,3,unseen
847297956,0.36276805,0.8671365,879,0,0,unseen
847302850,0.32712325,0.8253001,864,0,0,unseen
847336755,0.26446438,0.7641255,860,0,0,unseen
847690594,0.44588476,0.7859363,319,0,0,unseen
847712233,0.3856669,0.74314755,565,0,0,unseen
847989021,0.47996694,0.8873205,1088,2,10,unseen
848287126,0.5454334,0.92861557,1005,4,27,unseen
848316930,0.57447904,0.9266934,968,0,5,unseen
848321392,0.4143171,0.8815817,1139,0,0,unseen
848330091,0.44073343,0.89037335,898,0,0,unseen
848407278,0.39907175,0.7015882,313,0,0,unseen
848480760,0.28434178,0.6437873,965,0,0,unseen
848662421,0.59844273,0.92657167,898,0,7,unseen
848666776,0.4838269,0.8972129,1136,0,0,unseen
848692583,0.29239067,0.8635065,870,0,0,unseen
848761388,0.33979732,0.81676865,296,0,0,unseen
848800043,0.39535937,0.7320549,229,0,0,unseen
848800082,0.4168192,0.71345574,203,0,0,unseen
848817674,0.36417246,0.6901601,478,0,0,unseen
849162653,0.4072824,0.75972676,418,0,1,unseen
849162741,0.37711576,0.69246805,298,1,2,unseen
849163019,0.31743565,0.5909978,642,0,0,unseen
849275471,0.10088319,0.47611558,254,0,0,unseen
849279791,0.6585357,0.8841474,130,5,17,unseen
849370246,0.41956505,0.86741096,1140,0,0,unseen
849370258,0.43980402,0.9064169,1083,0,5,unseen
849421763,0.44304422,0.79346627,685,0,0,unseen
849421893,0.46649092,0.8243461,268,0,0,unseen
849482511,0.41015676,0.76207143,481,0,0,unseen
849490894,0.2541879,0.6645898,984,0,2,unseen
849491263,0.48683596,0.74116355,288,0,3,unseen
849685478,0.40331155,0.89392877,1116,0,5,unseen
849707224,0.46647483,0.91516036,1107,0,1,unseen
849745643,0.37910044,0.7538412,337,0,0,unseen
849832062,0.40583125,0.7177633,212,0,0,unseen
849844855,0.32176575,0.6446098,393,0,0,unseen
849918343,0.25786385,0.50813335,25,0,0,unseen
850099854,0.2566692,0.89873326,342,0,0,unseen
850117033,0.1850741,0.5443093,798,0,5,unseen
850181951,0.22067526,0.8490987,777,0,2,unseen
850182049,0.48783487,0.8165808,334,2,5,unseen
850233586,0.2919713,0.3601066,9,0,0,unseen
850294342,0.19982192,0.6696657,132,0,0,unseen
850492366,0.39709887,0.7158977,116,0,0,unseen
850636610,0.4951655,0.74407065,29,0,0,unseen
850708783,0.2593439,0.78800917,747,0,0,unseen
850708902,0.3009907,0.8108616,690,0,0,unseen
850829072,0.3171354,0.6971132,178,0,0,unseen
850829248,0.24649738,0.68554944,145,0,0,unseen
850855138,0.2287537,0.794345,420,0,0,unseen
851027931,0.2876501,0.7439165,790,0,0,unseen
851059964,0.37074006,0.75005275,870,0,0,unseen
851200326,0.40192413,0.7719118,296,0,0,unseen
851309562,0.15209813,0.30138695,8,0,0,unseen
851317951,0.22272828,0.4513145,40,0,0,unseen
851459972,0.09736897,0.46655488,403,0,0,unseen
851711063,0.21668978,0.4668935,50,0,0,unseen
851715547,0.35716075,0.7826866,102,0,0,unseen
851727478,0.16798173,0.66414213,238,0,0,unseen
851899899,0.24217376,0.685427,561,0,4,unseen
852051464,0.3965287,0.67886156,115,0,0,unseen
852293337,0.22648324,0.5364144,4,0,0,unseen
852302293,0.15070015,0.4699763,104,0,0,unseen
852414623,0.33588314,0.7509257,1090,0,0,unseen
852422640,0.38252634,0.77799,1089,0,0,unseen
852422685,0.33499554,0.7680182,498,0,0,unseen
852479643,0.03519052,0.20749542,324,0,0,unseen
852678239,0.23898105,0.47168446,45,0,0,unseen
852724544,0.402305,0.8235285,134,0,0,unseen
852733214,0.19971877,0.5470508,316,0,0,unseen
852738290,0.29051468,0.6833746,322,0,0,unseen
852738570,0.39496666,0.86046714,183,0,0,unseen
852738675,0.062276874,0.2870548,1144,0,0,unseen
852763122,0.19132933,0.61189437,1023,0,0,unseen
852763402,0.24829303,0.6619956,348,0,0,unseen
852763931,0.30106238,0.763122,517,0,0,unseen
852767924,0.19022703,0.5962628,354,0,0,unseen
852906243,0.24229513,0.5723765,1080,0,3,unseen
852923433,0.24701269,0.724648,961,1,6,unseen
852976677,0.19278811,0.41104168,16,0,0,unseen
852993150,0.31251153,0.5987753,62,0,0,unseen
853070023,0.0728231,0.3613078,48,0,0,unseen
853078844,0.12445276,0.5172488,334,0,0,unseen
853097199,0.22346102,0.639864,1168,0,0,unseen
853173648,0.06082311,0.33677816,910,0,0,unseen
853376855,0.2774265,0.789845,963,0,0,unseen
853386077,0.07941196,0.3150849,836,0,0,unseen
853428443,0.102149546,0.57996815,442,0,0,unseen
853437538,0.041692525,0.766345,286,0,0,unseen
853437941,0.07371928,0.42507857,344,0,0,unseen
853514696,0.2736438,0.6399087,1204,0,0,unseen
853717974,0.17407465,0.6531304,545,0,0,unseen
853726809,0.15929043,0.49764213,224,0,0,unseen
853748581,0.22527187,0.6221177,279,0,0,unseen
853778346,0.19893442,0.608281,328,0,0,unseen
853791166,0.25514567,0.6453821,332,0,0,unseen
853951730,0.2041861,0.56619835,326,0,0,unseen
854110312,0.37103882,0.673581,330,0,0,unseen
854128583,0.3139675,0.5916739,330,0,0,unseen
854680421,0.09886341,0.5522235,180,0,0,unseen
854883067,0.12776524,0.42619246,340,0,0,unseen
855147657,0.09559454,0.4326244,1168,0,0,unseen
855439675,0.2022356,0.6746218,252,0,0,unseen
855638407,0.28402737,0.6164528,297,0,0,unseen
856066807,0.15677655,0.42326084,332,0,0,unseen
856071065,0.3932638,0.8873727,454,0,0,unseen
856131667,0.23466802,0.6169678,115,0,0,unseen
856407289,0.17989399,0.36134434,28,0,0,unseen
856408517,0.2609482,0.5467461,163,0,0,unseen
856623507,0.22357033,0.81027776,381,4,26,unseen
856886459,0.39010903,0.7653297,360,0,0,unseen
857235574,0.16181217,0.5550539,503,0,0,unseen
857451691,0.2509506,0.49714193,61,0,0,unseen
857455968,0.2405867,0.74257827,51,0,0,unseen
857456902,0.43925434,0.91785055,183,0,0,unseen
857478368,0.18391423,0.8816301,676,0,2,unseen
857788501,0.20827006,0.6457308,330,0,0,unseen
857793013,0.021677133,0.17991982,453,0,0,neg_only
857819389,0.43675125,0.7862857,183,0,0,unseen
857819555,0.24395746,0.4405445,101,0,0,unseen
858117444,0.22573648,0.6420478,345,0,0,unseen
858117772,0.42239875,0.74103624,330,0,0,unseen
858237673,0.34430268,0.79140055,373,0,0,unseen
858453703,0.0952948,0.8474627,358,0,1,unseen
858573728,0.49237713,0.83041155,285,0,0,unseen
858604499,0.2651325,0.61533076,324,0,0,unseen
858803404,0.18542393,0.6759518,1240,0,0,unseen
858838262,0.60840374,0.8718071,268,0,0,unseen
859044775,0.13091387,0.6265743,369,0,0,unseen
859144723,0.32273126,0.730248,332,0,0,unseen
859148698,0.37464383,0.8620898,914,0,2,unseen
859152522,0.11294311,0.36087656,336,0,0,unseen
859152863,0.024323674,0.6812162,258,0,0,unseen
859166241,0.11950777,0.5525239,336,0,0,unseen
859200049,0.37362963,0.6314929,351,0,0,unseen
859265651,0.078267805,0.31327894,1009,0,0,both
859269976,0.35411507,0.75172824,320,0,0,unseen
859339195,0.17232339,0.3936183,228,0,0,unseen
859381489,0.25786695,0.61241895,274,0,0,unseen
859489348,0.23664925,0.5913659,334,0,0,unseen
859507274,0.09242058,0.39943144,281,0,0,pos_only
859507725,0.20929188,0.56798285,318,0,0,unseen
859765252,0.21475571,0.6418184,314,0,0,unseen
859839499,0.023543986,0.20182173,75,0,0,neg_only
859925004,0.41727278,0.86842334,1132,0,0,unseen
859960201,0.18841211,0.62067056,333,0,0,unseen
860265987,0.46175858,0.89052796,1147,0,0,unseen
860266014,0.4222199,0.83858556,1138,0,0,unseen
860266377,0.4181191,0.83641094,1132,0,0,unseen
860266404,0.5413883,0.92107475,1052,1,1,unseen
860577283,0.17000565,0.5291761,341,0,0,unseen
860607168,0.43905008,0.8093476,875,0,0,unseen
860607367,0.41202995,0.8286947,1143,0,0,unseen
860607455,0.5135836,0.8918677,1096,0,0,unseen
860892243,0.24499461,0.56169266,259,0,0,unseen
860896571,0.08336439,0.24516684,440,0,0,unseen
860905614,0.10056036,0.6520649,309,0,0,pos_only
860905704,0.20308675,0.4902675,228,0,0,unseen
860910011,0.4303043,0.7524757,259,0,0,unseen
860910051,0.37430334,0.73226225,309,0,0,unseen
860910626,0.13535662,0.50659466,1275,0,0,unseen
860983686,0.29649282,0.73205644,382,0,0,pos_only
861005020,0.26564646,0.72725964,424,0,0,unseen
861065482,0.20799933,0.6558751,442,0,0,unseen
861228990,0.1475645,0.3588568,98,0,0,unseen
861229030,0.59630024,0.9223934,93,0,1,unseen
861229043,0.0734859,0.33812866,271,0,0,unseen
861229045,0.77139366,0.96641546,116,0,0,unseen
861233174,0.6197505,0.92048097,99,0,0,unseen
861233221,0.71415293,0.9447204,119,0,0,unseen
861233300,0.050892588,0.46887,272,0,0,unseen
861237607,0.27425662,0.6210112,236,0,0,unseen
861237679,0.12555066,0.45331606,179,0,0,pos_only
861242327,0.13234894,0.4691553,216,0,0,unseen
861246683,0.14586878,0.6804315,313,0,0,unseen
861251038,0.32841694,0.7443912,1185,0,0,unseen
861251942,0.1805818,0.58830804,271,0,0,unseen
861280857,0.39801586,0.8888035,1114,0,1,unseen
861574292,0.7698526,0.9701169,112,0,0,unseen
861574362,0.7491098,0.957384,115,0,0,unseen
861574669,0.69838834,0.94676995,105,0,2,unseen
861578690,0.73997283,0.9632127,109,0,0,unseen
861578855,0.1177263,0.4794903,332,0,0,unseen
861583205,0.15943913,0.6481914,1218,0,0,unseen
861583277,0.1955636,0.64146274,157,0,0,unseen
861583357,0.5170772,0.8770621,85,0,0,unseen
861583398,0.62785196,0.9104305,86,0,0,unseen
861588280,0.6225806,0.9287816,82,0,2,unseen
861634934,0.38598895,0.841832,936,0,0,unseen
861683024,0.2445622,0.7478352,400,0,0,unseen
861915698,0.80578333,0.9748683,112,0,1,unseen
861920007,0.64611053,0.94013053,84,1,2,unseen
861920141,0.55094624,0.8739209,106,0,0,unseen
861937730,0.12682955,0.6033589,324,0,0,unseen
862010850,0.5088826,0.8285002,321,0,0,unseen
862036858,0.2206674,0.67156684,1202,0,0,unseen
862256868,0.7755781,0.97451323,112,0,1,unseen
862265490,0.37563697,0.8436134,270,0,0,unseen
862265735,0.65668094,0.9470361,115,0,0,unseen
862270029,0.34572914,0.7531821,204,0,0,unseen
862270125,0.08421869,0.45397872,211,0,0,unseen
862274410,0.12774518,0.720894,323,0,0,unseen
862278897,0.66491836,0.91757303,360,0,1,unseen
862602167,0.5054042,0.905845,150,0,0,unseen
862606783,0.25220317,0.4898443,337,0,0,unseen
862610554,0.73497903,0.9695439,120,0,0,unseen
862615150,0.67471534,0.93357176,173,0,0,unseen
862671913,0.26327592,0.5661594,331,0,0,pos_only
862705904,0.25836062,0.7205612,368,0,0,pos_only
862792304,0.3917953,0.8447889,1093,0,4,unseen
862947261,0.14260587,0.5948557,207,0,0,unseen
863331646,0.2013917,0.6129116,423,0,0,unseen
863711565,0.45644033,0.8856272,52,0,2,unseen
863815503,0.3790395,0.79594815,626,0,0,unseen
864073833,0.21925363,0.6506065,826,0,0,unseen
864156049,0.33157617,0.8543086,277,0,2,unseen
877313996,0.5774851,0.9144337,859,0,0,unseen
877659583,0.5270403,0.8954893,891,0,0,unseen
877659673,0.49705395,0.8991791,1152,0,0,unseen
877982991,0.50202453,0.8453254,949,0,0,unseen
877987539,0.49574336,0.9371206,1146,17,56,unseen
877992303,0.5592553,0.8968205,854,0,0,unseen
878324222,0.47093228,0.8430927,961,0,0,unseen
878333333,0.46801,0.89572453,1138,0,1,unseen
878337317,0.5045647,0.9270805,1143,16,69,unseen
878380399,0.2573618,0.6932362,630,0,0,unseen
878670047,0.5444793,0.90141505,863,0,0,unseen
879032295,0.5027823,0.89563626,1145,0,3,unseen
879183243,0.2414775,0.55390245,940,0,0,unseen
879192161,0.17343727,0.7678267,452,0,0,unseen
879412016,0.2207162,0.45493868,62,0,0,unseen
879442155,0.3887545,0.72485703,316,0,0,unseen
879450931,0.2651415,0.7046477,403,0,0,unseen
879468563,0.12875304,0.7976689,839,0,8,unseen
879748663,0.24328227,0.6746239,471,0,0,unseen
879844144,0.39647454,0.7683085,241,0,0,unseen
879844178,0.40314713,0.7421802,210,0,0,unseen
879844210,0.48135966,0.84092826,266,0,2,unseen
880055173,0.44158345,0.8787019,1103,0,0,unseen
880404940,0.454989,0.89462346,1117,0,0,unseen
880526177,0.42881304,0.7324346,220,0,0,unseen
880526292,0.34334868,0.6896426,190,0,0,unseen
880526308,0.611664,0.85411346,284,0,16,unseen
880526398,0.42152783,0.75185376,200,0,0,unseen
880526477,0.34613577,0.78126585,247,0,0,unseen
880538997,0.3209421,0.6834274,633,0,0,unseen
880668750,0.5715048,0.82082,233,0,0,unseen
880771722,0.38711822,0.8468613,414,0,0,unseen
880811120,0.2921007,0.5837133,760,0,3,unseen
880875742,0.28508094,0.53850824,247,0,0,unseen
880875900,0.4334534,0.76325077,233,0,0,unseen
880987657,0.38691407,0.5612135,31,0,0,unseen
880987844,0.35737634,0.5725999,16,0,0,unseen
880988155,0.21683161,0.54367924,202,0,0,unseen
881005404,0.3838798,0.94946426,313,0,0,unseen
881057369,0.291844,0.73814785,839,0,0,unseen
881216816,0.4463076,0.7122005,210,0,1,unseen
881220948,0.12478692,0.76297706,423,0,0,unseen
881329355,0.32511935,0.7100751,39,0,0,unseen
881329648,0.37682554,0.7161953,117,0,0,unseen
881342447,0.25750607,0.7610039,690,0,0,unseen
881458145,0.49764526,0.9389285,692,10,28,unseen
881458181,0.19212733,0.5676098,350,0,0,unseen
881493195,0.19653918,0.6009642,315,0,0,unseen
881506038,0.22549465,0.6416664,239,0,0,unseen
881527223,0.34341642,0.6548674,285,0,0,unseen
881527237,0.24255003,0.5498926,348,0,0,unseen
881596353,0.17655863,0.5504517,171,0,0,unseen
881696475,0.3248581,0.5252953,338,0,0,unseen
881717404,0.49302566,0.9727704,299,0,0,unseen
881889906,0.09367304,0.62242013,368,0,0,unseen
881898734,0.25478566,0.8114158,647,1,1,unseen
881986401,0.1189534,0.29882488,28,0,0,unseen
881991445,0.19779517,0.43812656,37,0,0,unseen
881995193,0.22148637,0.6351279,362,0,0,unseen
881999404,0.12951572,0.36037773,70,0,0,unseen
882003599,0.14442873,0.40466905,85,0,0,unseen
882144985,0.10533855,0.35290134,800,0,0,unseen
882200934,0.22042595,0.5546399,290,0,0,unseen
882235460,0.14073609,0.44814223,1009,0,0,unseen
882239837,0.24876085,0.8304729,642,1,5,unseen
882383361,0.4221911,0.6868342,205,0,0,unseen
882400424,0.23291703,0.6706078,300,0,0,unseen
882404950,0.20041993,0.6474374,281,0,0,unseen
882435030,0.4299991,0.7608319,1231,0,0,unseen
882533209,0.11090934,0.36063287,339,0,0,unseen
882580620,0.14538153,0.52277833,380,0,0,unseen
882685590,0.12374282,0.26173034,9,0,0,unseen
882827132,0.07402825,0.2983572,329,0,0,unseen
882922539,0.28054613,0.66984886,77,0,1,unseen
883018168,0.14361867,0.5903537,160,0,0,unseen
883121695,0.12289442,0.30606672,188,0,0,unseen
883163764,0.030318804,0.3273427,500,0,0,unseen
883414342,0.19751294,0.7295802,292,0,0,unseen
883415238,0.31326532,0.6275748,141,0,0,unseen
883415421,0.07355893,0.49777654,231,0,0,unseen
883415496,0.40534478,0.7471112,110,0,0,unseen
883418989,0.4857906,0.87050855,141,0,0,unseen
883462146,0.19217034,0.7135723,773,0,0,unseen
883772374,0.07684241,0.5922276,166,0,0,unseen
883781857,0.11992247,0.64956397,265,0,0,unseen
883799590,0.36575067,0.8281554,482,0,0,unseen
883803361,0.32086083,0.70899874,634,0,0,unseen
883924268,0.12268467,0.25474712,8,0,0,unseen
884122973,0.29201192,0.59859806,242,0,0,unseen
884122996,0.09296719,0.6571279,218,0,0,unseen
884123011,0.053005844,0.5003302,228,0,0,unseen
884123412,0.26475152,0.7771389,396,0,0,unseen
884157443,0.36570325,0.78178936,665,0,0,unseen
884446447,0.26400357,0.6782302,1147,0,0,unseen
884450920,0.20180687,0.62854415,1155,0,0,unseen
884463495,0.31794858,0.72717935,111,0,0,unseen
884477324,0.21238244,0.6261445,325,0,0,unseen
884477487,0.1216227,0.6238356,537,0,0,unseen
884480476,0.2964268,0.6826773,851,0,0,unseen
884481648,0.20979598,0.42196846,338,0,0,unseen
884485938,0.3000804,0.5110615,366,0,0,unseen
884498779,0.2898118,0.77513266,667,0,0,unseen
884636075,0.21237087,0.6063755,1041,0,0,unseen
884916323,0.029984163,0.15716432,350,0,0,unseen
884916654,0.16656977,0.689902,419,0,0,unseen
884921015,0.2537172,0.8732132,516,0,0,unseen
885106439,0.34613553,0.63910013,93,0,0,unseen
885119984,0.08862201,0.5661094,291,0,0,unseen
885132185,0.2579432,0.6198775,809,0,0,unseen
885163107,0.32682997,0.69642276,115,0,0,unseen
885168486,0.095472,0.4031252,411,0,0,pos_only
885257860,0.5008863,0.872106,732,0,1,unseen
885257938,0.1754066,0.85889035,390,0,0,unseen
885262087,0.2638545,0.6890164,409,0,0,unseen
885262090,0.14814603,0.85740757,456,0,0,unseen
885262169,0.25675434,0.5841263,340,0,0,unseen
885262311,0.17191856,0.85670406,413,0,1,unseen
885435892,0.12881036,0.40143096,473,0,0,unseen
885491239,0.2540258,0.57886416,294,0,0,unseen
885495731,0.34609944,0.760864,638,0,0,unseen
885513409,0.05905376,0.40119803,883,0,0,unseen
885598772,0.24292469,0.66471773,339,0,0,unseen
885598938,0.3289654,0.77865237,1142,1,2,unseen
885599043,0.18289696,0.6840879,409,0,0,unseen
885599075,0.3258681,0.70295197,768,0,0,unseen
885599178,0.35666233,0.5853101,685,0,0,unseen
885599260,0.09820834,0.5512794,385,0,0,unseen
885599283,0.16813323,0.56583786,328,0,0,unseen
885603391,0.31655267,0.70358133,530,0,0,unseen
885603527,0.344094,0.6351136,451,0,0,unseen
885603529,0.3467395,0.6918078,669,0,0,unseen
885776346,0.1262556,0.50734854,892,0,0,unseen
885794269,0.34131223,0.8210513,563,0,2,unseen
885810757,0.30739957,0.68274176,740,0,0,unseen
885943588,0.30649263,0.6609447,689,0,0,unseen
885943948,0.3596783,0.64045215,373,0,0,unseen
885948438,0.22650036,0.52752465,682,0,0,unseen
886066221,0.16844271,0.5431637,46,0,0,unseen
886095820,0.09458981,0.2198586,21,0,0,unseen
886130319,0.18746167,0.6901659,497,0,0,unseen
886134689,0.1879361,0.6193223,164,0,0,unseen
886159795,0.08374478,0.8196884,340,0,0,unseen
886276864,0.26338378,0.8580986,397,0,0,unseen
886280796,0.21361811,0.50024056,302,0,0,unseen
886280843,0.37981817,0.7162,407,0,0,unseen
886285243,0.3447701,0.5995043,681,0,0,unseen
886289222,0.2893955,0.6964348,775,0,0,unseen
886367305,0.07183874,0.55218387,1097,0,0,unseen
886527723,0.3012968,0.6735754,1127,0,1,unseen
886622166,0.28949925,0.6168582,709,0,0,unseen
886643729,0.21654376,0.4718579,330,0,0,unseen
886812643,0.39610377,0.9181238,951,1,7,unseen
886820993,0.29685843,0.69973993,283,0,0,unseen
887105351,0.44912973,0.8899041,415,0,0,unseen
887165687,0.14400539,0.64964604,736,0,0,unseen
887195902,0.17939425,0.64322007,1228,0,0,unseen
887230673,0.31514376,0.81850946,540,0,0,unseen
887433630,0.13128674,0.3267622,40,0,0,unseen
887588829,0.25770783,0.55884224,338,0,0,unseen
887930118,0.13009985,0.43515155,338,0,0,unseen
888084738,0.1436669,0.40372345,1023,0,0,unseen
888146447,0.13023475,0.43681893,389,0,0,unseen
888171826,0.48318493,0.8680011,172,0,0,unseen
888171855,0.2820203,0.9097086,681,0,9,unseen
888577052,0.36635646,0.6835693,336,0,0,unseen
888840788,0.12610178,0.90869874,1260,0,1,unseen
889190744,0.065746166,0.2237364,83,0,0,unseen
889190964,0.22276646,0.56779826,77,0,0,unseen
889194717,0.28947446,0.72717726,392,0,0,unseen
889194759,0.3376952,0.8552546,376,0,0,unseen
889497360,0.17010033,0.6625479,1255,0,0,unseen
889523223,0.32648718,0.76604986,997,0,0,unseen
889535602,0.37872982,0.8298132,387,0,0,unseen
889540433,0.3449248,0.75227106,874,0,0,unseen
889859354,0.23742233,0.6824125,438,0,0,unseen
889911741,0.33594832,0.886332,685,3,8,unseen
890118683,0.084691666,0.44169396,92,0,0,unseen
890191898,0.3569999,0.9080743,986,0,0,unseen
890191937,0.12242638,0.54887277,334,0,0,unseen
890204660,0.33043852,0.6719276,329,0,0,unseen
890287086,0.27962643,0.665018,1169,0,0,unseen
890524529,0.2549588,0.59932107,739,0,0,unseen
890883360,0.13936639,0.56578857,328,0,0,unseen
890925383,0.2614277,0.68732595,174,0,0,unseen
891301315,0.57947475,0.9239245,1029,1,13,unseen
891577867,0.21630578,0.6487417,618,0,0,unseen
891582311,0.1270062,0.43473238,330,0,0,unseen
891582338,0.77876765,0.96596974,115,0,0,unseen
891595069,0.4525475,0.81346524,121,0,0,unseen
891603228,0.04392583,0.39386523,547,0,0,unseen
891629070,0.3858415,0.8159835,1125,0,0,unseen
891642281,0.5025219,0.9141295,1086,0,0,unseen
891642345,0.422978,0.8776415,1139,0,0,unseen
891663788,0.22019947,0.5737269,325,0,0,pos_only
891771553,0.02350332,0.19311377,1152,0,2,unseen
891914014,0.21254933,0.64421356,1114,0,0,unseen
891918572,0.67363477,0.9598426,142,0,2,unseen
891922927,0.60306674,0.91184753,90,0,0,unseen
891923486,0.79453486,0.9795939,123,0,10,unseen
891927673,0.76240355,0.96701026,111,0,0,unseen
891927728,0.6673036,0.91764164,85,0,1,unseen
891936249,0.6654384,0.9529448,116,1,4,unseen
891978843,0.44120803,0.8327869,1132,0,0,unseen
892259847,0.37980774,0.90893555,269,0,0,unseen
892268282,0.71798384,0.9606473,100,0,0,unseen
892268533,0.073868446,0.51247525,158,0,0,unseen
892268553,0.55992013,0.8852062,83,0,0,unseen
892277589,0.5573028,0.8755355,126,0,0,unseen
892277609,0.7183859,0.96898794,119,0,0,unseen
892281819,0.70553726,0.97404623,135,0,3,unseen
892282289,0.48689616,0.8444507,73,0,0,unseen
892286449,0.08032154,0.4998614,200,0,0,unseen
892376241,0.16611525,0.56120557,334,0,0,unseen
892385258,0.2018569,0.6925449,332,0,0,unseen
892600621,0.28642124,0.7003454,191,0,0,unseen
892600723,0.64899784,0.92296416,98,0,1,unseen
892604992,0.73061055,0.9518033,109,0,0,unseen
892605049,0.4505719,0.8206397,1124,0,0,unseen
892609503,0.16187504,0.45850503,153,0,0,unseen
892609615,0.79359704,0.98532397,114,0,9,unseen
892609630,0.21501938,0.583214,209,0,0,unseen
892613686,0.46806195,0.87649524,95,0,0,unseen
892614148,0.20614296,0.6681052,248,0,0,unseen
892622625,0.62803984,0.9183878,100,1,5,unseen
892622947,0.5975606,0.89660263,81,0,1,unseen
892722090,0.16245946,0.49850512,604,0,0,unseen
892963681,0.72478944,0.96233624,116,0,0,unseen
892963919,0.7998862,0.9844023,122,7,28,unseen
892964102,0.65192366,0.9394567,115,0,0,unseen
893305416,0.7708719,0.95676756,116,0,1,unseen
893338749,0.26370975,0.8575218,925,0,0,unseen
893347461,0.46373364,0.8599258,1038,0,0,unseen
893628094,0.45798486,0.8523831,158,0,0,unseen
893632417,0.7683173,0.97282195,104,1,1,unseen
893642012,0.78323036,0.97623414,126,2,19,unseen
893645771,0.47452316,0.79877585,101,0,0,unseen
893688605,0.48160923,0.80153155,889,0,0,unseen
893710296,0.31231815,0.8370678,416,0,0,unseen
893723183,0.22347334,0.6862642,1073,0,0,unseen
893741163,0.12152417,0.40534884,333,0,0,unseen
893754136,0.039957307,0.328879,280,0,0,unseen
893805187,0.26437852,0.56953907,316,0,0,unseen
894362173,0.25374275,0.6377135,1260,0,0,unseen
894380152,0.16040702,0.39094162,332,0,0,unseen
894422413,0.50788724,0.745969,333,0,0,unseen
894551935,0.21934025,0.57741594,612,0,0,pos_only
894702888,0.053792994,0.13650362,339,0,0,unseen
894707517,0.23696774,0.57224774,306,0,0,unseen
894724798,0.33492625,0.90605384,941,0,2,unseen
895091952,0.30817282,0.643137,789,0,0,unseen
895441451,0.098027654,0.30340165,341,0,0,unseen
908353540,0.4312704,0.89713675,1127,0,0,unseen
908699052,0.31838816,0.7714318,1139,0,0,unseen
908728886,0.32599387,0.9269765,568,1,10,unseen
909026992,0.49102864,0.9047066,1159,0,6,unseen
909372602,0.43753317,0.8923582,1133,0,0,unseen
909414983,0.4603666,0.92812365,795,8,43,unseen
909704857,0.3785292,0.8793,1134,1,1,unseen
909717461,0.29108563,0.81281006,854,0,1,unseen
909730907,0.4039576,0.86563087,1137,0,0,unseen
909730911,0.4152355,0.87613803,1139,0,0,unseen
909756199,0.176008,0.52140033,314,0,0,unseen
909756319,0.41941246,0.90606207,780,0,3,unseen
909760587,0.29299617,0.7529487,487,0,0,unseen
909877092,0.18888777,0.60097414,751,0,0,unseen
910063154,0.5808784,0.89458597,883,0,0,unseen
910063307,0.5249386,0.95199245,1120,12,61,unseen
910093235,0.3596921,0.8844612,852,0,1,unseen
910105915,0.30369782,0.73023164,725,0,0,unseen
910105985,0.3340795,0.77083224,614,0,0,unseen
910213890,0.30767992,0.7094514,940,0,0,unseen
910386568,0.47657868,0.909286,1142,0,2,unseen
910404284,0.37585577,0.8722758,1131,0,0,unseen
910447075,0.36400723,0.69356203,646,0,0,unseen
910447181,0.30167657,0.87109107,1068,0,0,unseen
910451489,0.09356282,0.45532405,863,0,0,unseen
910473088,0.36603767,0.73546714,239,0,0,unseen
910878587,0.44215205,0.7572854,220,0,1,unseen
911094343,0.43916696,0.8608045,1088,0,0,unseen
911134017,0.2875897,0.86528677,1133,0,0,unseen
911220021,0.306212,0.68499595,334,0,0,unseen
911220286,0.3200136,0.76770276,332,0,0,unseen
911220331,0.4891314,0.77668244,198,0,0,unseen
911232821,0.18513218,0.55258983,330,0,0,unseen
911332304,0.36677876,0.70824844,55,0,0,unseen
911400981,0.54229325,0.9311429,1159,2,68,unseen
911496103,0.29558134,0.6866192,970,0,12,unseen
911504689,0.37185645,0.77743435,189,0,0,unseen
911560974,0.43462348,0.724647,288,0,0,unseen
911565319,0.29808658,0.70733625,312,0,0,unseen
911569552,0.29004204,0.8491469,799,0,1,unseen
911574041,0.35942775,0.638976,198,0,0,pos_only
911578041,0.43524358,0.80250263,409,0,2,unseen
911755444,0.2989546,0.84781975,879,0,0,unseen
911823931,0.51080316,0.8861064,291,0,1,unseen
911897818,0.37985232,0.69392174,324,0,0,unseen
912044495,0.4679962,0.82593334,184,0,0,unseen
912045124,0.55051583,0.81316906,240,0,0,unseen
912045178,0.33584845,0.6971417,492,0,0,unseen
912049625,0.41216156,0.7438788,82,0,0,unseen
912147871,0.40848523,0.89108545,923,0,0,unseen
912186689,0.2789922,0.6726381,315,0,1,unseen
912186993,0.27574486,0.68737555,292,0,1,unseen
912191317,0.23807728,0.7315972,1090,1,11,unseen
912238927,0.47840118,0.8005777,194,0,0,unseen
912390737,0.22696587,0.71643305,849,0,0,unseen
912488890,0.4354412,0.9147409,528,0,2,unseen
912545106,0.12345568,0.5401068,333,0,0,unseen
912583959,0.12517221,0.6372516,826,0,0,unseen
912596952,0.07424048,0.7543437,288,0,0,unseen
912663435,0.21308203,0.50880945,19,0,0,unseen
912667199,0.15500061,0.40397504,70,0,0,unseen
912732057,0.3323048,0.7156485,418,0,0,unseen
912898873,0.30819714,0.7219604,171,0,0,unseen
912925080,0.16334555,0.7509801,324,0,0,unseen
913235746,0.4452198,0.81060344,160,0,1,unseen
913341138,0.33434406,0.6843012,157,0,0,unseen
913341672,0.16968444,0.6206179,183,0,0,unseen
913345831,0.11834039,0.5281623,372,0,0,unseen
913468894,0.31308344,0.6862244,510,0,0,unseen
913754682,0.14885493,0.6784865,143,0,0,unseen
913810960,0.20953983,0.7891741,614,0,0,unseen
913823058,0.15069652,0.5397069,642,0,0,unseen
913835893,0.030029785,0.21877839,244,0,0,unseen
914100101,0.2400297,0.7302199,133,0,0,unseen
914130079,0.04045845,0.35212675,332,0,0,unseen
914298735,0.13974315,0.53113794,1187,0,0,unseen
914364284,0.18036945,0.60514796,375,0,0,unseen
914492772,0.1940696,0.56350255,333,0,0,unseen
914492942,0.26183218,0.6354832,1032,0,0,unseen
914497437,0.120480284,0.43735388,1137,0,0,unseen
914778159,0.2623973,0.76871383,516,0,2,pos_only
914829796,0.06509064,0.684297,144,0,0,unseen
914834542,0.23807928,0.63888407,1048,0,0,unseen
914846465,0.17553,0.5818176,1171,0,0,unseen
915105102,0.14093943,0.7388338,571,0,0,unseen
915148745,0.4629065,0.8983625,137,0,0,unseen
915152645,0.2595188,0.7318181,706,0,0,unseen
915157442,0.43947792,0.899297,135,0,0,unseen
915169946,0.04611712,0.6318697,187,0,0,unseen
915179102,0.13258277,0.50313985,1095,0,0,unseen
915273354,0.30591828,0.6772777,1184,0,0,unseen
915273413,0.07133445,0.66716313,410,0,0,unseen
915273417,0.26227435,0.75010896,799,0,0,unseen
915277883,0.28587034,0.64408517,338,0,0,unseen
915451074,0.17862579,0.79083997,320,0,0,unseen
915481348,0.115906924,0.56005734,246,0,0,neg_only
915511932,0.117981106,0.32447857,713,0,0,unseen
915519608,0.1612161,0.56259626,617,0,0,unseen
915528488,0.20222999,0.4492324,1225,0,0,unseen
915605802,0.092569776,0.6205379,838,0,0,unseen
915606051,0.2550256,0.66502225,307,0,0,unseen
915610256,0.24203365,0.51170856,301,0,0,unseen
915610388,0.43238506,0.81744754,599,0,1,unseen
915610423,0.33598274,0.61092365,446,0,0,unseen
915610561,0.14679629,0.7856125,413,0,0,pos_only
915610725,0.11503815,0.58237016,427,0,0,unseen
915610732,0.20398808,0.75850093,711,0,0,unseen
915614729,0.10332354,0.69063133,418,0,0,unseen
915623433,0.24318726,0.6581494,1209,0,0,unseen
915724147,0.18281874,0.5822598,74,0,0,unseen
915843377,0.044743087,0.80162215,180,0,0,unseen
915852626,0.30924395,0.630687,1079,0,0,unseen
915852772,0.3226621,0.722032,1121,0,0,unseen
915866098,0.120975554,0.42653328,330,0,0,unseen
915943091,0.20371556,0.5085637,313,0,0,unseen
915946994,0.19463053,0.668134,972,0,0,unseen
915951662,0.31706682,0.74163294,395,0,0,unseen
915960391,0.3557006,0.7496593,301,0,0,pos_only
915964748,0.19333458,0.7701226,717,0,0,unseen
916296860,0.19770801,0.69643724,894,0,1,unseen
916301251,0.3167817,0.71581036,729,0,0,unseen
916305683,0.102295086,0.5402773,412,0,0,unseen
916305728,0.0738024,0.5010537,414,0,0,unseen
916309801,0.31880105,0.72102267,296,0,1,unseen
916310074,0.16011092,0.5582117,358,0,0,unseen
916456567,0.15204343,0.52277714,1255,0,0,unseen
916628962,0.45972493,0.7508695,1084,0,8,unseen
916629242,0.37660167,0.7013676,780,0,0,unseen
916646157,0.3612071,0.9376615,742,1,14,unseen
916646694,0.38114402,0.88381964,791,0,6,unseen
916646779,0.24166584,0.7811923,656,0,0,unseen
916651038,0.20824227,0.6218086,320,0,0,unseen
916651101,0.3901398,0.8279522,548,0,1,unseen
916655865,0.13054778,0.5094838,831,0,0,unseen
916862506,0.08778845,0.5268997,228,0,0,unseen
916970574,0.2080393,0.5651676,305,0,0,unseen
916970680,0.20551735,0.78633046,396,0,0,unseen
916992347,0.31089106,0.7207883,820,0,1,unseen
917086906,0.119990595,0.23867375,14,0,0,unseen
917298286,0.22304289,0.77245003,989,0,0,unseen
917311482,0.46522826,0.76531404,685,0,1,unseen
917311549,0.382596,0.7446656,883,0,0,unseen
917311596,0.33995926,0.7767732,939,0,0,unseen
917315269,0.26207435,0.76573086,661,0,0,unseen
917324165,0.31540415,0.6997907,678,0,0,unseen
917328229,0.32023135,0.7942732,601,0,0,unseen
917328669,0.31789887,0.6582513,525,0,0,unseen
917493211,0.22081572,0.7983252,232,0,0,unseen
917497441,0.29961616,0.8452694,579,0,0,unseen
917527702,0.23321342,0.67254424,1326,0,0,unseen
917553030,0.2010408,0.6176906,1237,0,0,unseen
917643796,0.0880075,0.28208086,343,0,0,unseen
917656984,0.10825277,0.6509467,345,0,0,unseen
917669507,0.2884729,0.7101586,688,0,0,unseen
917669951,0.30591488,0.7443279,1027,0,8,unseen
917674256,0.14507791,0.6957981,396,0,0,unseen
917727045,0.080129474,0.39761728,248,0,0,unseen
917919724,0.3636169,0.68133867,344,0,0,unseen
918123297,0.16741425,0.3354766,25,0,0,unseen
918468865,0.2911269,0.5985776,62,0,0,unseen
918529614,0.32213107,0.8001234,185,0,0,unseen
918549930,0.36820337,0.8055709,749,0,0,unseen
919168397,0.14350453,0.4849859,304,0,0,unseen
919177076,0.124914356,0.5731137,335,0,0,unseen
919185724,0.18325534,0.44194865,336,0,0,unseen
919202307,0.14357132,0.5621806,606,0,0,unseen
919513165,0.1277063,0.56304526,964,0,0,unseen
919526332,0.16880931,0.6024936,88,0,0,unseen
919624822,0.3220752,0.6800953,323,0,0,unseen
919763043,0.011297077,0.17661726,847,0,0,neg_only
919845196,0.20341913,0.52118474,131,0,0,unseen
919850789,0.1018285,0.5171276,333,0,0,unseen
920086841,0.49333626,0.9048004,692,1,45,unseen
920087157,0.20655751,0.50783694,59,0,0,unseen
920091866,0.40849593,0.6744443,297,0,0,unseen
920441518,0.2719599,0.5936155,301,0,0,unseen
920536487,0.13763851,0.46571517,339,0,0,unseen
920869856,0.086356275,0.48323545,1297,0,0,unseen
920994194,0.41842502,0.7531228,318,0,0,unseen
921015773,0.42637488,0.75987166,316,0,0,unseen
921071226,0.17100415,0.82286924,866,0,1,unseen
921084944,0.18939449,0.6072164,439,2,9,unseen
921232037,0.448533,0.6227662,117,0,0,unseen
921235264,0.14413573,0.44484785,1231,0,0,unseen
921589471,0.22086108,0.4617255,142,0,0,unseen
921590115,0.1643997,0.5776617,1282,0,0,unseen
921935093,0.081929855,0.3410083,997,0,0,unseen
921935459,0.35518366,0.9013061,551,0,1,unseen
921969630,0.36569947,0.8819139,1007,0,7,unseen
921969761,0.3517439,0.83489376,643,0,2,unseen
922069357,0.12972601,0.48071855,1025,0,0,both
922354084,0.45644343,0.78692424,313,0,0,pos_only
922595498,0.35817832,0.7670071,349,0,0,unseen
922608418,0.18784977,0.6254202,816,0,0,unseen
922643119,0.37168607,0.8907572,1181,0,0,unseen
922659797,0.14936128,0.5850746,351,1,1,unseen
922677121,0.4392721,0.8981332,1137,0,0,unseen
922810839,0.15487856,0.6018393,1076,0,0,neg_only
922966733,0.5455717,0.79491276,345,0,0,unseen
922988906,0.15061934,0.626817,334,0,0,unseen
923018290,0.3826447,0.8389963,1130,0,0,unseen
923027316,0.2686667,0.78011394,425,0,0,unseen
923636089,0.65228367,0.91673565,99,0,4,unseen
923644961,0.64396805,0.97172135,140,0,2,unseen
923648748,0.74266666,0.9669942,111,0,0,unseen
923726321,0.40490094,0.90589035,522,0,0,unseen
923761285,0.20017025,0.77049875,1126,0,0,unseen
923787513,0.16526549,0.51798314,706,0,0,unseen
923809011,0.14472964,0.39432633,453,0,0,unseen
923977051,0.5372926,0.9175866,157,0,0,unseen
923989857,0.18052842,0.64393187,362,0,0,unseen
923994365,0.65244275,0.95094985,127,0,0,unseen
923994401,0.5555576,0.8764597,92,0,0,unseen
924335413,0.6698654,0.92351234,128,0,0,unseen
924344089,0.5320234,0.8467424,81,0,0,unseen
924344128,0.57961327,0.87589765,112,0,0,unseen
924348411,0.5173633,0.9039148,131,1,2,unseen
924429714,0.30849367,0.8535913,674,0,0,unseen
924681085,0.6037497,0.89313835,99,0,0,unseen
924689450,0.45779222,0.8512137,116,0,0,unseen
924737391,0.404713,0.69405955,361,0,0,unseen
924788221,0.12793985,0.44271004,1273,0,0,unseen
925003837,0.66524345,0.94870234,112,0,0,unseen
925008566,0.5833777,0.9746484,173,0,2,unseen
925008763,0.2872337,0.47744247,311,0,0,pos_only
925017453,0.6180833,0.9805447,161,0,4,unseen
925017553,0.5740419,0.9385002,138,0,0,unseen
925021558,0.5395269,0.92074424,123,0,0,unseen
925241334,0.11158002,0.2450725,223,0,0,unseen
925465972,0.20159428,0.6979515,724,0,0,unseen
925799233,0.31624568,0.6491554,334,0,0,unseen
926454306,0.08999948,0.41798085,299,0,0,unseen
926813501,0.20305473,0.6021181,333,0,0,unseen
939729237,0.3908134,0.8478578,1128,0,0,unseen
939729706,0.56398666,0.8628821,894,0,0,unseen
939733918,0.4537861,0.9046375,1153,0,0,unseen
939734122,0.42562616,0.87878543,1135,0,0,unseen
939734266,0.3962094,0.8875427,1126,0,0,unseen
939738376,0.42839423,0.8891672,1090,0,0,unseen
939738399,0.4211481,0.8697461,1111,0,3,unseen
939738424,0.4069773,0.8167078,1138,0,0,unseen
939738473,0.4148292,0.8662192,1144,0,0,unseen
939738477,0.37853765,0.7942694,1096,0,0,unseen
939742609,0.44477874,0.8686058,1140,0,0,unseen
940075056,0.41403726,0.81648266,1024,0,0,unseen
940075464,0.50812197,0.92537576,1150,0,13,unseen
940079253,0.46458295,0.85758597,1106,0,0,unseen
940079513,0.4462418,0.90255684,1135,0,4,unseen
940079657,0.4693588,0.9213332,1137,8,32,unseen
940079771,0.39318648,0.82435656,1099,0,0,unseen
940083749,0.38011718,0.82260513,1118,0,0,unseen
940084095,0.45846003,0.8671893,1139,0,0,unseen
940084152,0.37722614,0.81748545,1139,0,0,unseen
940087822,0.46444538,0.87508434,1102,0,0,unseen
940420292,0.5196707,0.83024734,883,0,0,unseen
940425232,0.4060639,0.8712314,1079,0,0,unseen
940748411,0.37507293,0.8272655,1137,0,0,unseen
940752707,0.45480406,0.90478146,1085,0,1,unseen
940761352,0.5167663,0.85936755,847,0,0,unseen
940787029,0.21710187,0.6886237,978,0,0,unseen
940791032,0.30706432,0.8749289,612,0,0,unseen
940791048,0.1481875,0.29656005,46,0,0,unseen
940791115,0.3041263,0.75924295,591,0,0,unseen
940791123,0.39913172,0.76016295,575,0,0,unseen
940791248,0.29672337,0.9023008,537,0,2,unseen
940804380,0.28852233,0.68668365,331,0,0,unseen
940808800,0.41816634,0.77051085,613,0,0,unseen
941102504,0.41718942,0.8624134,1144,0,0,unseen
941123755,0.2541813,0.7441018,894,0,0,unseen
941123943,0.38482,0.9193099,1085,2,12,unseen
941132270,0.26854655,0.7557973,592,0,0,unseen
941132430,0.17773587,0.6294656,1121,0,0,unseen
941132434,0.40093252,0.9072985,1025,0,0,unseen
941141029,0.31699812,0.6858174,341,0,0,unseen
941244280,0.30330586,0.61799103,489,0,0,unseen
941831818,0.27981088,0.6786597,302,0,0,unseen
941840616,0.31244254,0.78508997,353,0,0,unseen
942172835,0.23313911,0.68897355,518,0,0,unseen
942173776,0.24989319,0.7350152,553,0,0,unseen
942254554,0.30237955,0.56885546,232,0,0,unseen
942491983,0.42177635,0.9007217,1059,0,4,unseen
942587380,0.2857094,0.7129061,334,0,0,unseen
942677658,0.15290509,0.44414306,98,0,0,unseen
942725696,0.44646826,0.7073233,224,0,0,unseen
942730172,0.16675133,0.54702014,289,0,0,unseen
942837451,0.4379544,0.8793715,1054,0,1,unseen
943066738,0.46573022,0.9114753,344,0,0,unseen
943226223,0.48498967,0.8582637,185,0,0,unseen
943269573,0.21820346,0.47595868,200,0,0,unseen
943412282,0.30983442,0.8218498,805,0,0,unseen
943416162,0.09289151,0.46972656,259,0,0,unseen
943425979,0.22572713,0.81550723,709,0,1,unseen
943809606,0.41555953,0.6392378,106,0,0,unseen
943890871,0.1652257,0.46994817,23,0,0,unseen
943921248,0.29556757,0.6727171,231,0,0,unseen
943955813,0.20450273,0.70387244,208,0,0,unseen
944047683,0.18471548,0.49088845,213,0,0,unseen
944055652,0.10801223,0.10801223,1,0,0,unseen
944132752,0.30341223,0.65464854,67,0,0,unseen
944146138,0.2671779,0.66830033,1178,0,0,unseen
944224077,0.20546655,0.7650989,1218,0,0,unseen
944249308,0.06749076,0.100154854,8,0,0,pos_only
944262351,0.17639446,0.6284634,336,0,0,unseen
944371051,0.17189875,0.47828445,26,0,0,unseen
944720631,0.19835944,0.62480915,313,0,0,neg_only
944724233,0.17756906,0.48240355,168,0,0,unseen
944729222,0.26266974,0.6843031,532,0,0,unseen
944807006,0.20583737,0.5713235,99,0,0,unseen
944807084,0.545898,0.9298887,108,0,0,unseen
944832523,0.22529079,0.5934823,425,0,0,unseen
944836835,0.21313106,0.5821027,154,0,0,unseen
944849628,0.2800663,0.7090843,322,0,0,unseen
945058110,0.24676782,0.6505615,355,0,1,neg_only
945161760,0.28093627,0.6443629,351,0,0,unseen
945237807,0.15860379,0.5347943,111,0,0,unseen
945238486,0.2034694,0.49357003,253,0,0,unseen
945354221,0.42193678,0.7209088,244,1,1,unseen
945527053,0.052239392,0.5477711,245,0,0,unseen
945527072,0.37336996,0.778927,904,0,0,unseen
945531980,0.16748415,0.39480358,329,0,0,unseen
945532137,0.0961642,0.4115469,325,0,0,unseen
945532473,0.14727898,0.4780739,336,0,0,unseen
945820710,0.12682539,0.56305283,381,0,0,unseen
945868190,0.28399205,0.790463,1073,0,0,unseen
945868812,0.08724032,0.5817072,301,0,0,unseen
945869060,0.2640455,0.72986573,322,0,0,unseen
945894581,0.17799377,0.5424052,310,0,0,unseen
946081491,0.14673129,0.7033269,184,0,0,unseen
946123380,0.105451025,0.12432028,4,0,0,unseen
946153322,0.21783845,0.59166986,606,0,0,unseen
946209279,0.41444314,0.7929966,519,0,0,unseen
946209663,0.017952388,0.37667918,332,0,0,unseen
946214177,0.17978904,0.6050266,1102,0,0,unseen
946214186,0.10154715,0.4427997,336,0,0,unseen
946300031,0.40311152,0.6743765,298,0,0,unseen
946308203,0.1998368,0.7559465,447,0,0,pos_only
946308462,0.23208845,0.7449874,780,0,0,unseen
946495259,0.010477002,0.18466245,335,0,0,unseen
946533908,0.025601132,0.6029632,315,0,0,unseen
946546270,0.21704888,0.65695304,1082,0,0,unseen
946641153,0.35899404,0.66890925,299,0,0,neg_only
946641212,0.15495406,0.6209456,450,0,0,pos_only
946641278,0.32749665,0.60874605,308,0,0,unseen
946645313,0.25001723,0.7476672,413,0,0,neg_only
946649598,0.11295618,0.6796952,422,0,0,unseen
946658448,0.1444616,0.52328676,364,0,0,pos_only
946684931,0.21587917,0.48391432,334,0,0,unseen
946814479,0.1515818,0.49206895,154,0,0,unseen
946853206,0.1789897,0.74554604,387,0,1,unseen
946990515,0.2150839,0.5298973,309,0,0,neg_only
947003825,0.116554864,0.80545557,418,0,0,unseen
947168406,0.2595379,0.6180678,286,0,0,unseen
947212143,0.25086704,0.72963905,336,0,0,unseen
947233211,0.1876501,0.69503707,710,0,0,unseen
947233693,0.29188132,0.6498766,323,0,0,unseen
947340226,0.22860736,0.57406366,466,0,0,unseen
947349354,0.3316913,0.8342252,515,0,0,unseen
947453617,0.18449618,0.4532105,84,0,0,unseen
947530600,0.5071716,0.8544487,343,0,0,unseen
947564983,0.07489818,0.4321034,336,0,0,unseen
947573616,0.0065533468,0.1726372,1353,0,0,both
947574106,0.18924364,0.7799805,575,0,0,unseen
947582284,0.07916526,0.39820352,1269,0,0,unseen
947590512,0.089718305,0.36116806,347,0,0,unseen
947608249,0.13137947,0.4680424,335,0,0,unseen
947681560,0.3146584,0.89006203,776,0,6,unseen
947685488,0.1732701,0.39019763,361,0,0,pos_only
947685653,0.09073628,0.3608104,300,0,0,unseen
947795335,0.20922077,0.70787656,185,0,0,unseen
947858407,0.33755976,0.8659423,160,0,3,unseen
947859021,0.19796391,0.64770937,398,0,0,unseen
947862945,0.20276737,0.63141394,434,0,0,unseen
947898091,0.3288268,0.83106196,298,0,1,unseen
947923543,0.049548324,0.23670027,70,0,0,unseen
947988379,0.1853259,0.67373496,376,0,0,unseen
948017897,0.33738956,0.73456955,1089,0,10,unseen
948026741,0.3179561,0.83916,491,0,2,unseen
948035783,0.10249607,0.56305027,355,0,0,neg_only
948135822,0.32515723,0.8226127,107,0,0,unseen
948333783,0.36729023,0.8148833,974,0,0,unseen
948363764,0.561526,0.87545115,829,0,0,unseen
948372363,0.18981291,0.6258118,410,0,0,unseen
948376677,0.1722306,0.65158224,348,0,0,unseen
948704521,0.28694874,0.60931194,334,0,2,unseen
948704585,0.37485188,0.9277807,660,25,52,unseen
948704770,0.16642879,0.6126885,382,0,0,unseen
948708664,0.30429614,0.793522,1079,1,10,unseen
948709216,0.07935591,0.22370146,319,0,0,unseen
948851462,0.2310272,0.6240538,1322,0,0,unseen
948933005,0.37720534,0.6326243,347,0,0,unseen
949015717,0.36587903,0.83583426,360,0,0,unseen
949045596,0.21860823,0.5890296,493,0,0,unseen
949054716,0.2767366,0.76664585,711,0,2,unseen
949537961,0.27634895,0.6681903,1304,0,0,unseen
949710555,0.056902263,0.224125,318,0,0,unseen
949870573,0.3263868,0.8380224,569,0,0,unseen
949904356,0.6356077,0.922994,337,0,2,unseen
949931381,0.19130205,0.65693045,1101,0,0,unseen
949986251,0.23812668,0.7565602,545,0,0,pos_only
950229431,0.14751007,0.6542883,683,0,0,pos_only
950544340,0.12101392,0.43405762,90,0,0,unseen
950561202,0.17692974,0.80184203,214,0,1,unseen
950591319,0.30214116,0.84000874,302,1,1,unseen
950880008,0.009707185,0.042535495,193,0,0,both
950881138,0.14961644,0.34808224,13,0,0,unseen
950888882,0.14890894,0.45114923,392,0,0,unseen
950928506,0.1875594,0.67159015,679,0,0,unseen
951018323,0.16762425,0.7440361,351,0,0,unseen
951234119,0.02805131,0.8365544,341,0,0,unseen
951234513,0.1060875,0.4506794,338,0,0,neg_only
951567246,0.1832897,0.6011446,854,0,0,unseen
951592811,0.2661435,0.66086674,1184,0,0,unseen
951640635,0.33479193,0.61977303,332,0,0,unseen
951645198,0.117169656,0.6333493,342,0,0,unseen
951738965,0.30872548,0.7889682,814,0,0,unseen
951808062,0.25238654,0.84266156,723,0,1,unseen
951916894,0.09838569,0.565026,280,0,0,pos_only
951934183,0.05248432,0.37948525,324,0,0,unseen
951934694,0.22535038,0.4674739,304,0,0,unseen
951959415,0.038044997,0.46258423,326,0,0,unseen
951986127,0.13349046,0.6086884,330,0,0,unseen
952249657,0.15346184,0.6043048,1284,0,0,unseen
952266169,0.33353174,0.6555374,64,0,0,unseen
952374245,0.18150616,0.5390319,1261,0,0,unseen
952525648,0.10793969,0.7235569,327,0,0,unseen
952624405,0.18662678,0.5406733,1267,0,0,unseen
952642507,0.13038489,0.72276807,1076,1,1,unseen
952723817,0.40780577,0.7000187,322,0,0,unseen
952724101,0.35627356,0.67572194,315,0,0,unseen
952727922,0.22224016,0.76280516,527,0,0,unseen
952978874,0.11461132,0.65885025,1080,0,0,unseen
953004445,0.18219388,0.7293683,244,0,0,unseen
953004705,0.21576251,0.7014123,641,0,0,unseen
953285091,0.109606944,0.37365597,338,0,0,unseen
953306312,0.3408425,0.77776694,1151,0,0,unseen
953319814,0.10627138,0.5228868,302,0,0,unseen
953410147,0.25591284,0.48920798,319,0,0,unseen
953414780,0.115711264,0.37501496,855,0,0,both
953639677,0.28781438,0.70255655,331,0,0,unseen
954010798,0.52527636,0.92508227,153,3,11,unseen
954053018,0.33904576,0.73512495,1128,0,0,unseen
954222134,0.13487831,0.6374062,137,0,0,unseen
954342682,0.639985,0.89654535,104,0,0,unseen
954528474,0.16411676,0.67803603,260,0,0,unseen
954675120,0.5113086,0.8470337,88,0,0,unseen
954679716,0.28688103,0.61252385,122,0,0,unseen
954692704,0.70542324,0.95293355,143,0,1,unseen
954705691,0.24000712,0.71192575,518,0,0,unseen
954730964,0.46163905,0.8950286,1033,0,0,unseen
955020637,0.59109616,0.9514384,150,0,0,unseen
955024591,0.6147542,0.88162816,86,0,0,unseen
955024652,0.5641173,0.8368134,375,0,0,unseen
955365826,0.659117,0.9785113,162,0,7,unseen
955378609,0.54175836,0.9117156,119,0,1,unseen
955383212,0.54407316,0.926358,155,2,10,unseen
955383233,0.57231754,0.91315234,165,0,0,unseen
955464899,0.18560643,0.66569215,280,0,0,pos_only
955698260,0.68747103,0.9680853,129,0,0,unseen
955702120,0.55946577,0.92672634,132,0,0,unseen
955715991,0.63391304,0.9457527,150,0,0,unseen
955733080,0.27706292,0.68219334,184,0,0,unseen
956043578,0.5782866,0.9337321,173,0,0,unseen
956060536,0.73126006,0.96097684,121,0,1,unseen
956060773,0.56417763,0.9017655,102,0,0,unseen
956126012,0.36194417,0.8256197,709,0,0,unseen
956138930,0.22908005,0.68040186,788,0,0,unseen
956384643,0.6962161,0.94889635,112,0,0,unseen
956397821,0.5968331,0.9438629,150,0,0,unseen
956398176,0.053448293,0.33950457,307,0,0,unseen
956820684,0.36192518,0.70151645,321,0,0,unseen
957131025,0.08886821,0.47195747,285,0,0,unseen
957506896,0.17396954,0.5002203,852,0,0,pos_only
958197533,0.33612528,0.765834,1033,0,0,unseen
970777114,0.43354812,0.8809605,1144,0,0,unseen
970777224,0.4335615,0.8976069,1138,2,7,unseen
971118202,0.23205616,0.71385056,645,0,0,unseen
971118588,0.41765422,0.843117,1133,0,0,unseen
971506655,0.37219715,0.8448834,668,0,0,unseen
971830386,0.22011465,0.48980945,32,0,0,unseen
971830405,0.118388034,0.46351513,331,0,0,unseen
971830571,0.30191052,0.71614826,1146,0,0,unseen
971834643,0.10624583,0.6982369,332,0,0,unseen
972128731,0.3062728,0.7053552,898,0,0,unseen
972555509,0.27969465,0.6248301,279,0,0,unseen
972624772,0.22756,0.5979185,386,0,0,unseen
972633484,0.33950743,0.8944782,921,2,16,unseen
972858260,0.41487318,0.86493343,571,0,0,unseen
972892437,0.28343943,0.609036,242,0,0,unseen
973047668,0.2074373,0.5855157,387,0,0,unseen
973146958,0.4747064,0.80820674,970,0,1,unseen
973431882,0.46929017,0.7392462,78,0,0,unseen
973436416,0.31646347,0.74637383,925,0,0,unseen
973488234,0.47974896,0.88016456,944,0,0,unseen
973566036,0.28783497,0.73424476,305,0,0,unseen
973894912,0.17683163,0.5713586,303,0,0,unseen
973954598,0.22622973,0.64978236,287,0,0,unseen
974300015,0.2784107,0.7449977,297,0,1,unseen
974455962,0.120544374,0.56143373,483,0,0,unseen
974456295,0.24091865,0.74601114,352,0,0,unseen
974460512,0.38079768,0.7335659,196,0,0,unseen
974485542,0.27546853,0.7802618,396,0,0,unseen
974502819,0.28192335,0.6605223,146,0,0,unseen
974581052,0.1552971,0.58039874,882,0,1,unseen
974606303,0.1541603,0.5994813,294,1,3,unseen
974645472,0.09380678,0.5659165,244,0,0,unseen
974788614,0.14982621,0.6173945,458,0,0,unseen
974839595,0.45279747,0.77757084,87,0,0,unseen
974839704,0.3161614,0.6423508,41,0,0,unseen
974839706,0.17161596,0.5422302,144,0,0,unseen
974839708,0.23693687,0.5738635,168,0,0,unseen
974843892,0.24943052,0.7199355,836,0,0,unseen
975197713,0.12806006,0.5777957,1207,0,0,neg_only
975289165,0.29697883,0.4207098,5,0,0,pos_only
975560497,0.05705174,0.5308041,1199,0,0,unseen
975872458,0.30457526,0.74509287,935,0,0,unseen
975910355,0.11694793,0.2448747,338,0,0,unseen
976187276,0.12601218,0.4020011,167,0,0,unseen
976190756,0.073782034,0.33194548,689,0,0,unseen
976221301,0.18109289,0.5321364,669,0,0,unseen
976251792,0.08782733,0.5497438,330,0,0,unseen
976351031,0.1615204,0.74008197,1014,0,0,unseen
976506780,0.32366738,0.7315629,1131,0,0,unseen
976515311,0.39093465,0.8417227,122,0,0,unseen
976562755,0.22820014,0.6043918,330,0,0,unseen
976571317,0.024447247,0.30266795,331,0,0,unseen
976575766,0.10268382,0.6519507,343,0,1,unseen
976730002,0.13011949,0.5021888,241,0,0,unseen
976890849,0.016135449,0.3514993,319,0,0,unseen
976903657,0.2759113,0.7907925,319,0,0,unseen
976912883,0.25361952,0.538796,332,0,0,unseen
976917230,0.33821967,0.6921074,315,0,0,unseen
976964834,0.123046786,0.42287213,264,0,0,unseen
976993950,0.25673527,0.80417526,480,0,0,unseen
976994022,0.26014307,0.83068323,713,0,2,unseen
976997968,0.43727893,0.89882976,638,0,1,unseen
977002583,0.24429129,0.7229613,675,0,0,unseen
977002744,0.3344569,0.76353633,344,0,0,unseen
977006924,0.14530334,0.52171314,332,0,0,unseen
977123707,0.17517154,0.46334356,413,0,0,unseen
977201905,0.3440002,0.8425814,644,0,0,unseen
977222655,0.18075396,0.6247216,231,0,0,unseen
977223393,0.07782645,0.7892237,1106,0,0,unseen
977240945,0.03470219,0.75448686,160,0,0,unseen
977295669,0.30995813,0.6820815,795,0,1,unseen
977335062,0.20990668,0.8271606,314,0,0,unseen
977335118,0.30575472,0.8217677,657,1,7,unseen
977338882,0.13950202,0.83836055,435,0,1,pos_only
977339122,0.19451684,0.54077035,1040,0,0,pos_only
977339225,0.13428499,0.78856796,373,0,0,unseen
977343309,0.083329596,0.48094058,397,0,0,neg_only
977352235,0.39375108,0.93518096,620,5,58,unseen
977387419,0.14076386,0.5543005,959,0,1,unseen
977413163,0.11372102,0.29599625,271,0,0,unseen
977598865,0.21084085,0.63367075,1138,0,0,unseen
977654923,0.1390462,0.6085989,388,0,0,unseen
977663849,0.35687196,0.66406494,304,0,0,unseen
977667682,0.395906,0.70477235,299,0,0,unseen
977697454,0.16866264,0.82465327,417,0,0,unseen
977697611,0.29003736,0.82796353,472,0,0,unseen
977913894,0.26844397,0.5635048,28,0,0,unseen
977995787,0.22564536,0.554049,352,0,0,unseen
977995796,0.12134167,0.6131497,398,0,0,unseen
978021140,0.3361041,0.7318468,1213,0,0,unseen
978042898,0.27801436,0.49830115,620,0,0,unseen
978177557,0.3008505,0.6879751,379,0,0,neg_only
978249801,0.055209275,0.9190167,335,1,1,unseen
978271978,0.19973299,0.90083116,366,0,0,unseen
978336697,0.1753428,0.6946478,410,0,0,unseen
978336888,0.12144638,0.7146834,1254,0,1,unseen
978345861,0.6668628,0.86993766,306,4,32,unseen
978358080,0.23798703,0.67143494,317,0,0,unseen
978370600,0.24423356,0.8154191,692,0,0,unseen
978387957,0.34674698,0.65297985,331,0,0,unseen
978630099,0.03427445,0.4179182,325,0,0,unseen
978682042,0.21697594,0.67490697,777,0,0,unseen
978716112,0.2558114,0.74229455,612,0,0,unseen
978724517,0.28732085,0.6811062,1067,0,4,unseen
978724939,0.26949865,0.67909235,1092,0,0,unseen
978733232,0.16740386,0.73192847,440,0,2,unseen
978733459,0.121158466,0.39216197,507,0,0,unseen
978855713,0.09621282,0.31757182,319,0,0,unseen
978971398,0.13895556,0.40232548,511,0,0,unseen
979022908,0.31123582,0.70559496,1190,0,0,unseen
979048306,0.35672885,0.6409643,748,0,0,unseen
979066072,0.23800334,0.6756243,805,0,2,unseen
979069882,0.20521207,0.61317337,848,0,1,unseen
979070167,0.21686126,0.6800141,935,0,0,unseen
979132203,0.47006524,0.9180391,1131,56,152,unseen
979368408,0.3492466,0.8501644,854,0,0,unseen
979398348,0.27075043,0.7750676,501,0,3,unseen
979519562,0.17716168,0.3995691,34,0,0,unseen
979627466,0.018479122,0.21704406,344,0,0,neg_only
979709436,0.335696,0.69783044,973,0,0,unseen
979752365,0.33058342,0.86938435,564,1,5,unseen
979857196,0.057240773,0.08045351,5,0,0,unseen
980198319,0.13817783,0.2553577,38,0,0,unseen
980262532,0.13619927,0.78203225,1302,0,0,unseen
980391392,0.255478,0.752814,412,0,0,unseen
980391580,0.2580221,0.77245426,495,0,0,unseen
980573057,0.14854263,0.4928664,242,0,0,unseen
980598738,0.43217146,0.79454553,171,0,0,unseen
980978890,0.2595049,0.5526588,564,0,0,unseen
980982986,0.22642782,0.6695573,1261,0,0,unseen
981000564,0.05268887,0.16291687,844,0,0,neg_only
981194127,0.1085018,0.33389384,44,0,0,unseen
981215328,0.15867725,0.33809176,323,0,0,unseen
981306568,0.20241751,0.7276456,235,0,0,unseen
981306774,0.21438876,0.68177027,239,0,0,unseen
981319733,0.24326077,0.5626619,429,0,0,unseen
981333558,0.35478243,0.74189967,378,0,1,unseen
981362334,0.2650254,0.8038734,582,0,0,unseen
981547981,0.23440498,0.52064663,314,0,0,unseen
981583545,0.12290498,0.5948938,334,0,0,unseen
981583738,0.10988834,0.2783944,883,0,0,unseen
981924087,0.3109307,0.6804789,1155,0,0,unseen
982389963,0.3838268,0.784414,339,0,0,unseen
982540894,0.28511477,0.59142405,927,0,2,unseen
982674745,0.28542858,0.5213313,330,0,0,unseen
982684071,0.2661122,0.60679305,254,0,0,unseen
982684196,0.23253158,0.57920104,1258,0,0,unseen
982688871,0.39942244,0.86341953,1002,0,0,unseen
982982098,0.11742977,0.46384156,974,0,0,unseen
982994156,0.10050454,0.2653993,415,0,0,unseen
983007405,0.45322594,0.85731083,607,0,0,unseen
983067799,0.25222516,0.55587506,824,0,0,unseen
983093876,0.2560439,0.7756799,302,0,0,unseen
983296591,0.42573187,0.6823456,152,0,0,unseen
983426636,0.2281212,0.87317055,496,1,8,unseen
983759126,0.24515672,0.6960742,214,0,0,pos_only
983767417,0.40928832,0.8213839,423,0,0,unseen
983767602,0.31941375,0.62965256,1147,0,0,unseen
984008765,0.18003955,0.45166,435,0,0,unseen
984405805,0.4543335,0.92457753,1096,0,0,unseen
984449267,0.27443635,0.56280917,302,0,0,unseen
984746802,0.49983084,0.9100818,1095,0,3,unseen
984794932,0.4287098,0.76153535,335,0,0,unseen
984799284,0.14426486,0.39685237,336,0,0,unseen
985036637,0.70822585,0.9773976,135,0,2,unseen
985377724,0.62926245,0.92647034,96,1,3,unseen
985386679,0.72045195,0.9699894,121,0,0,unseen
985710145,0.622969,0.9696473,138,0,0,unseen
985722546,0.5162865,0.9674018,159,0,0,unseen
985731781,0.7668556,0.983685,120,1,3,unseen
985805061,0.2597658,0.5989306,1063,0,0,unseen
985826737,0.34715587,0.68865067,314,0,0,unseen
985835016,0.08697669,0.54951733,983,0,0,unseen
986059778,0.7400928,0.9708349,123,0,2,unseen
986063833,0.73941946,0.97387785,119,0,1,unseen
986089634,0.30543727,0.7259452,424,0,0,unseen
986098785,0.24886285,0.61692625,331,0,0,unseen
986396100,0.7460774,0.9819454,128,0,6,unseen
986396204,0.6047035,0.9768877,168,3,12,unseen
986404884,0.726524,0.98725533,134,0,4,unseen
986758977,0.5366061,0.8966286,126,0,1,unseen
986759122,0.68288714,0.97581226,131,2,7,unseen
986763734,0.6013708,0.97566855,164,0,1,unseen
986828383,0.1911538,0.66974556,317,0,0,pos_only
986974738,0.4018713,0.75804514,300,2,4,unseen
987091864,0.6307277,0.9882377,167,1,6,unseen
987104744,0.49658087,0.98069257,206,0,3,unseen
987117151,0.04453775,0.30997917,323,0,0,unseen
987419574,0.5802522,0.94412106,122,0,0,unseen
987424042,0.6289327,0.9498296,137,0,0,unseen
987877232,0.07969203,0.4885099,785,0,0,unseen
987997896,0.08068516,0.5256804,179,0,0,unseen
988567837,0.085787445,0.43054226,1115,0,0,pos_only
988632865,0.08052127,0.4374921,1069,0,0,unseen
988852391,0.32381675,0.7957488,1218,0,0,unseen
988909130,0.22374411,0.69349957,1156,0,0,unseen
989228019,0.36268345,0.8072065,1193,2,3,unseen
1001453586,0.530017,0.8573063,833,0,0,unseen
1002360103,0.035438925,0.1622144,184,0,0,unseen
1002507131,0.33426318,0.8394929,979,0,0,unseen
1002507159,0.3899482,0.878143,1133,0,1,unseen
1002507170,0.35852537,0.89714104,1139,1,5,unseen
1002658094,0.2502102,0.8339593,382,1,4,unseen
1002848124,0.29065564,0.7254117,807,0,0,unseen
1002848661,0.41623333,0.8758842,979,0,2,unseen
1002852791,0.34528002,0.8419148,1123,0,0,unseen
1002861071,0.1926698,0.7167277,173,0,0,unseen
1002999221,0.15956339,0.64684886,628,0,1,unseen
1003094304,0.14971535,0.7252358,1131,0,0,unseen
1003215282,0.26784354,0.66648763,1070,0,0,unseen
1003215591,0.19965664,0.53212076,332,0,0,unseen
1003249888,0.20099701,0.55429506,300,0,0,unseen
1003318634,0.26773748,0.73746765,800,1,6,unseen
1003474104,0.48159438,0.89887387,1037,1,4,unseen
1003474283,0.33029428,0.7926186,1055,0,0,unseen
1003478461,0.47099712,0.84990925,1062,0,0,unseen
1003564889,0.2793962,0.7799915,349,0,0,unseen
1003659491,0.55777955,0.84796333,245,1,20,unseen
1003659595,0.24363957,0.5811817,370,0,0,unseen
1003672766,0.1968696,0.9157904,253,14,22,unseen
1003672833,0.33518112,0.63985384,249,0,0,unseen
1003837184,0.18319805,0.7273616,840,0,0,unseen
1004014587,0.13232534,0.8262266,307,4,11,unseen
1004017998,0.1935771,0.76612604,824,0,0,unseen
1004018344,0.40911317,0.71846145,206,0,0,unseen
1004086995,0.39018005,0.7290044,68,0,0,unseen
1004337514,0.17630452,0.4690979,281,0,0,unseen
1004450322,0.046532776,0.39275047,254,0,0,unseen
1004514584,0.39174336,0.8006956,855,0,4,unseen
1004514714,0.2936531,0.7227779,848,0,0,unseen
1004527604,0.53483796,0.92200893,972,1,6,unseen
1004527691,0.42746118,0.831881,864,0,0,unseen
1004527700,0.3926618,0.8432756,906,0,1,unseen
1004700437,0.2461159,0.795809,725,5,67,unseen
1004764922,0.5694315,0.91646326,95,0,0,unseen
1004804445,0.6957953,0.9007649,344,4,13,unseen
1005102825,0.30229288,0.60984844,194,0,0,unseen
1005110376,0.57043344,0.8294863,145,0,0,unseen
1005119041,0.15639453,0.514622,184,0,0,unseen
1005149651,0.31303358,0.8055159,650,0,1,unseen
1005174931,0.3411831,0.6437438,111,0,0,unseen
1005174948,0.4187169,0.687176,328,0,0,unseen
1005174975,0.43819097,0.7417451,77,0,0,unseen
1005179264,0.30827397,0.9099736,1105,0,3,unseen
1005179377,0.40229577,0.89579177,876,1,8,unseen
1005196784,0.073484704,0.8112079,839,0,0,unseen
1005252630,0.23146997,0.50843555,331,0,0,unseen
1005261219,0.5218847,0.92339337,434,2,10,unseen
1005261469,0.20530595,0.8606936,326,0,0,unseen
1005308608,0.1742856,0.5808127,202,0,0,unseen
1005490210,0.35040098,0.8424361,84,0,0,unseen
1005499520,0.21433453,0.76978904,941,0,0,unseen
1005602221,0.28942406,0.609127,226,0,0,unseen
1005611449,0.09125847,0.31596288,313,0,0,unseen
1005611902,0.26724005,0.685844,1185,0,0,unseen
1005624122,0.07548157,0.19878416,9,0,0,pos_only
1005710800,0.07627972,0.43578202,260,0,0,unseen
1005857944,0.013720834,0.09704436,190,0,0,neg_only
1005857954,0.59233075,0.85153484,114,0,15,unseen
1005858013,0.14668426,0.33568206,55,0,0,unseen
1005951899,0.26188752,0.60969394,1139,0,0,unseen
1005952640,0.16197793,0.5539462,317,0,0,unseen
1005953129,0.05597705,0.4139377,70,0,0,unseen
1006142645,0.2541939,0.63500273,517,0,0,unseen
1006146837,0.06652371,0.61555,769,0,0,unseen
1006160722,0.20595834,0.7610508,212,0,0,unseen
1006199303,0.3179528,0.62842196,260,0,0,unseen
1006233268,0.2922011,0.7681875,453,0,0,unseen
1006233768,0.20512909,0.6965199,406,0,0,unseen
1006258344,0.22433978,0.93738616,952,0,4,unseen
1006366928,0.10377097,0.5221474,234,0,0,unseen
1006531350,0.28893873,0.5590787,46,0,0,unseen
1006560977,0.2561112,0.53143877,126,0,0,unseen
1006716334,0.13996156,0.35445803,81,0,0,unseen
1006854683,0.13293406,0.6106724,300,0,0,unseen
1006859972,0.08088882,0.62101716,313,0,0,unseen
1006871540,0.16152608,0.67508394,245,0,0,unseen
1006876508,0.065168515,0.353037,756,0,0,unseen
1006928515,0.38573697,0.82184094,290,0,0,unseen
1006967204,0.102124,0.1334113,5,0,0,unseen
1006984280,0.15929422,0.38257924,135,0,0,unseen
1007053092,0.1714939,0.42921978,292,0,0,unseen
1007087260,0.48828423,0.7642976,302,0,1,unseen
1007252570,0.2392659,0.67169785,1013,0,0,unseen
1007256095,0.2689533,0.45662966,303,0,0,unseen
1007256476,0.03852516,0.48073173,1171,0,0,unseen
1007260806,0.16287936,0.7830724,385,0,0,unseen
1007402766,0.1687947,0.5890329,129,0,0,unseen
1007402796,0.19533426,0.7177218,1099,0,0,unseen
1007550646,0.13938926,0.3112141,45,0,0,unseen
1007550653,0.24275666,0.95578426,1332,1,13,unseen
1007576087,0.06737212,0.1970171,82,0,0,unseen
1007606149,0.0915424,0.4223459,221,0,0,unseen
1007606593,0.3859391,0.8147182,251,0,1,unseen
1007640554,0.16568072,0.54693425,329,0,0,unseen
1007882308,0.30970743,0.6876337,363,0,0,unseen
1007890985,0.30965373,0.68899137,391,0,0,unseen
1007891891,0.24211305,0.8372177,176,0,0,unseen
1007895015,0.11791271,0.62067574,470,0,0,unseen
1007895206,0.12055654,0.9211141,1346,0,0,unseen
1007964729,0.14099145,0.49719837,256,0,0,unseen
1007981340,0.4038717,0.80508804,357,0,0,unseen
1008024276,0.14308529,0.3656715,808,0,0,pos_only
1008028537,0.3931039,0.9088031,734,0,0,unseen
1008037566,0.13266873,0.7091956,417,0,0,unseen
1008041810,0.2943718,0.7233429,636,0,0,unseen
1008041892,0.3397842,0.73119026,1134,0,0,unseen
1008041969,0.24205029,0.8224548,323,0,1,unseen
1008253493,0.37433872,0.7402387,143,0,0,unseen
1008292492,0.14722688,0.5502978,921,0,1,unseen
1008369339,0.25612286,0.84533846,708,0,2,unseen
1008369709,0.32213533,0.6847817,1089,4,10,unseen
1008369816,0.37298456,0.8626166,298,0,1,unseen
1008378448,0.07026016,0.3386786,1030,0,0,unseen
1008378609,0.23033376,0.6818184,446,0,0,pos_only
1008391068,0.37235478,0.9010575,653,0,12,unseen
1008395737,0.21652387,0.8583509,375,0,0,unseen
1008399765,0.20697804,0.60933596,944,0,3,unseen
1008581625,0.1647488,0.8971036,1317,0,0,unseen
1008595027,0.22732212,0.45407826,338,0,0,unseen
1008620177,0.438553,0.87392575,978,0,0,unseen
1008663678,0.050740525,0.28824234,285,0,0,unseen
1008663864,0.13449138,0.6043459,221,0,0,unseen
1008680614,0.25600252,0.64800686,331,0,0,unseen
1008693462,0.23703618,0.8600672,682,0,0,unseen
1008693605,0.24656986,0.80252326,513,0,0,unseen
1008714834,0.19962655,0.78116035,482,0,0,unseen
1008714991,0.16051666,0.798965,417,0,0,unseen
1008727784,0.39934948,0.86055577,670,3,12,unseen
1008759880,0.0712042,0.23077174,165,0,0,unseen
1008926553,0.40713388,0.76876616,336,0,0,unseen
1008926596,0.49735212,0.9669052,120,0,0,unseen
1008952891,0.18656291,0.4059273,264,0,0,unseen
1008966615,0.23565564,0.7289559,327,0,0,unseen
1008970563,0.21831837,0.805493,470,0,0,unseen
1009004209,0.13593978,0.41774207,260,0,0,unseen
1009030186,0.16362461,0.4566244,673,0,0,unseen
1009030250,0.25025144,0.6534115,785,0,0,unseen
1009038430,0.415455,0.84855115,873,0,0,unseen
1009038739,0.3781206,0.9147321,801,0,0,unseen
1009043211,0.34822655,0.75847894,339,0,0,unseen
1009051653,0.34248006,0.681219,820,0,0,unseen
1009068880,0.23185186,0.88139874,372,0,1,unseen
1009130464,0.06442115,0.56821835,262,0,0,unseen
1009311804,0.15615013,0.645931,352,0,0,unseen
1009315757,0.09094572,0.74879885,335,0,0,unseen
1009371416,0.19772778,0.5230349,304,0,0,unseen
1009371529,0.57365745,0.83742166,346,0,5,unseen
1009371535,0.13923493,0.6518525,1053,0,0,unseen
1009375310,0.20704652,0.4412013,599,0,0,unseen
1009375497,0.3114998,0.88109803,686,0,0,unseen
1009375668,0.22224142,0.8400618,419,0,0,unseen
1009409823,0.1914916,0.6950212,368,0,0,unseen
1009475172,0.19077507,0.5591065,253,0,0,unseen
1009578838,0.23742947,0.44168076,329,0,0,unseen
1009600421,0.11913346,0.47323632,332,0,0,unseen
1009647986,0.19265112,0.7118735,541,0,0,unseen
1009652662,0.20628266,0.95774657,835,0,0,unseen
1009704231,0.31549993,0.6958095,1009,0,0,unseen
1009708586,0.36863583,0.615954,357,0,0,unseen
1009708603,0.51522386,0.862368,386,0,0,unseen
1009721053,0.40340394,0.8612555,824,0,0,unseen
1009759779,0.14543702,0.67863035,404,0,0,unseen
1009768220,0.2250734,0.76176935,788,2,6,unseen
1009893717,0.29717883,0.6965107,334,0,0,unseen
1009919653,0.2777031,0.5707327,109,0,0,unseen
1009980185,0.052439902,0.2675568,180,0,0,unseen
1009984360,0.02351707,0.15334341,934,0,0,unseen
1010010166,0.36572352,0.6199769,341,0,0,unseen
1010044978,0.27929038,0.8063126,540,0,0,unseen
1010235132,0.23776346,0.66795135,1297,0,0,unseen
1010273518,0.2738538,0.6966779,644,0,0,unseen
1010325699,0.133113,0.68681395,333,0,0,unseen
1010338583,0.05343965,0.386145,328,0,0,unseen
1010437434,0.22461869,0.7602728,522,0,1,unseen
1010667275,0.15812619,0.8853192,1332,0,0,unseen
1010713883,0.10394628,0.41497228,1002,0,0,unseen
1010713958,0.35828346,0.7528003,814,0,0,unseen
1010713981,0.2814511,0.6357016,1182,0,0,unseen
1010718372,0.124908924,0.4298853,626,0,0,unseen
1010722557,0.32596725,0.7215305,977,0,0,unseen
1010731508,0.31526175,0.80902016,984,0,0,unseen
1010740063,0.43209153,0.814283,871,0,0,unseen
1010778549,0.1091843,0.58752483,434,0,0,unseen
1010817979,0.18101965,0.5142179,257,1,1,unseen
1010947498,0.20144744,0.82308406,669,0,0,unseen
1010998659,0.12566617,0.47811276,1359,0,0,unseen
1010999046,0.47945148,0.88780874,1007,0,0,unseen
1011050603,0.42428628,0.81428164,921,0,0,unseen
1011055060,0.2307577,0.66878885,1008,0,0,unseen
1011068028,0.28367943,0.7615545,376,0,0,unseen
1011076931,0.18849792,0.7587002,384,0,0,unseen
1011184205,0.22891316,0.5329569,331,0,0,unseen
1011293310,0.3335506,0.7799666,184,0,0,unseen
1011314620,0.1285133,0.400526,1021,0,0,unseen
1011335902,0.083860636,0.40486193,1226,0,0,unseen
1011413348,0.39237154,0.7681504,1073,0,0,unseen
1011447819,0.07512415,0.21958143,228,0,0,unseen
1011465025,0.31905064,0.7343998,536,0,0,unseen
1011611587,0.10958225,0.6331154,804,0,0,unseen
1011616276,0.20753948,0.5286913,140,0,0,unseen
1011685011,0.16103587,0.6731955,333,0,0,unseen
1011763168,0.2909261,0.6784505,125,0,0,unseen
1011797706,0.07536388,0.35651922,267,0,0,unseen
1011970102,0.4483016,0.79456365,321,0,0,unseen
1011996877,0.17423776,0.6308592,343,0,0,unseen
1012108434,0.39662787,0.65436506,300,0,0,unseen
1012112398,0.1297744,0.6733458,397,0,0,unseen
1012112486,0.13594195,0.6282435,439,0,0,unseen
1012112513,0.31067276,0.7213964,385,0,0,pos_only
1012112752,0.25370163,0.5454573,111,0,0,unseen
1012289976,0.35639808,0.6372522,82,0,0,unseen
1012298719,0.2744803,0.7677939,662,0,0,unseen
1012329216,0.33222735,0.6417872,285,0,0,unseen
1012341321,0.13465273,0.56310296,346,0,0,unseen
1012449420,0.12456034,0.5249194,395,0,0,unseen
1012475364,0.14312936,0.6598919,418,0,0,unseen
1012479469,0.108490564,0.6964827,421,0,0,unseen
1012479501,0.17832772,0.71631944,373,0,0,unseen
1012479733,0.16930392,0.6908979,357,0,0,unseen
1012622865,0.20711139,0.3655704,306,0,0,unseen
1012699945,0.45056438,0.86503935,222,0,0,unseen
1012954687,0.20304853,0.39209363,110,0,0,both
1013011315,0.05035781,0.24090788,871,0,0,unseen
1013019093,0.28784537,0.7510352,202,0,0,unseen
1013040388,0.21854588,0.5777469,963,0,0,unseen
1013046019,0.25694203,0.8487542,1083,0,0,unseen
1013066710,0.20779726,0.4832142,340,0,0,unseen
1013291042,0.21309815,0.55530727,292,0,0,unseen
1013296065,0.18678427,0.522332,255,0,0,unseen
1013346945,0.37553024,0.616426,330,0,0,neg_only
1013416147,0.03719985,0.1321112,334,0,0,unseen
1013636956,0.278318,0.5702321,424,0,0,unseen
1013757060,0.2934144,0.8147991,331,0,0,unseen
1013779115,0.3657422,0.8197119,289,1,2,unseen
1013883644,0.23063672,0.64436364,1009,0,0,unseen
1013982515,0.051021274,0.1632528,71,0,0,unseen
1014016336,0.18488963,0.5139045,338,0,0,unseen
1014016610,0.26482517,0.818417,1281,0,0,unseen
1014051490,0.24907054,0.61850154,457,0,0,unseen
1014102651,0.3643493,0.6787238,1162,0,0,unseen
1014223948,0.19346747,0.70473623,362,0,0,unseen
1014228051,0.300165,0.6341752,252,0,0,unseen
1014327603,0.38261846,0.6808535,311,0,0,unseen
1014327691,0.07814826,0.48687297,334,0,0,unseen
1014344148,0.03315299,0.23707895,250,0,0,neg_only
1014392280,0.32525823,0.651857,515,0,0,unseen
1014457195,0.3236922,0.7694649,307,0,1,unseen
1014461486,0.24979852,0.605975,940,0,0,unseen
1014465452,0.21273771,0.6913943,959,0,0,unseen
1014465588,0.22452208,0.71919006,315,0,0,unseen
1014465666,0.30841303,0.839785,315,0,1,unseen
1014474192,0.35087818,0.73047626,1201,0,0,unseen
1014733888,0.30258194,0.902625,694,1,5,unseen
1014802430,0.27449203,0.78193593,391,0,1,unseen
1015048510,0.18825328,0.55955505,483,0,0,unseen
1015049194,0.18967682,0.47400776,383,0,0,unseen
1015143077,0.08180798,0.33098483,779,0,0,unseen
1015385741,0.22964565,0.6804748,347,0,0,unseen
1015458774,0.4060132,0.78187054,221,0,0,unseen
1015479949,0.2741623,0.8038091,1222,1,2,unseen
1015570297,0.26802704,0.72096866,55,0,0,unseen
1015592525,0.33173344,0.7170354,305,0,0,unseen
1015700298,0.2987278,0.73449516,433,0,0,unseen
1016114585,0.15605873,0.47267544,257,0,0,unseen
1016118449,0.12926231,0.46583274,299,0,0,unseen
1016118651,0.4150069,0.9033422,1168,1,4,unseen
1016122913,0.49089134,0.92901665,1126,0,0,unseen
1016123127,0.484154,0.95032036,1230,4,33,unseen
1016166622,0.27504665,0.7029708,329,0,0,unseen
1016192580,0.13088346,0.45459288,338,0,0,unseen
1016248907,0.15595514,0.3971747,296,0,0,unseen
1016403512,0.54070896,0.94113356,158,0,0,unseen
1016403672,0.67042595,0.9859067,150,0,8,unseen
1016408273,0.6269749,0.9089941,122,0,1,unseen
1016408310,0.53650177,0.79757196,96,0,0,unseen
1016459595,0.5780088,0.94723,1092,5,40,unseen
1016506999,0.13639615,0.50690883,242,0,0,unseen
1016749259,0.53012615,0.9776744,190,0,1,unseen
1016749264,0.60192364,0.9257108,138,0,0,unseen
1016753670,0.5751932,0.97067684,178,0,0,unseen
1016758041,0.6796928,0.97803813,134,0,3,unseen
1016805008,0.35389656,0.88141286,990,1,1,unseen
1016835041,0.12007487,0.29630408,9,0,0,pos_only
1016839809,0.16975904,0.6572981,442,0,0,unseen
1017090133,0.6221923,0.9780229,198,3,21,unseen
1017094185,0.60668373,0.9729004,138,0,0,unseen
1017448980,0.7569688,0.97928965,127,0,3,unseen
1017547830,0.2133977,0.53692836,965,0,0,unseen
1017781118,0.65693706,0.9811505,150,0,0,unseen
1017785388,0.6726443,0.98215175,149,0,2,unseen
1017789715,0.73136765,0.9652815,125,0,0,unseen
1017793356,0.62335116,0.97429794,181,0,3,unseen
1017797863,0.6539915,0.9205094,115,0,3,unseen
1017802759,0.4352883,0.78555596,114,0,0,unseen
1017802884,0.55009633,0.9802957,189,0,1,unseen
1017819398,0.4700619,0.80200857,852,0,0,unseen
1017992752,0.20857196,0.6518138,273,0,0,unseen
1018164997,0.32949173,0.8492161,1097,0,0,unseen
1018458566,0.6808512,0.97170275,138,0,0,unseen
1018458715,0.5929344,0.958221,143,0,0,unseen
1018462968,0.517318,0.9596307,198,0,0,unseen
1018472039,0.5371447,0.98009515,205,0,0,unseen
1018476201,0.55411005,0.8639443,89,0,0,unseen
1018510191,0.52905196,0.90715027,894,1,2,unseen
1018804242,0.6308146,0.9399149,129,0,0,unseen
1019024473,0.15995762,0.46578297,241,0,0,unseen
1019347828,0.15878165,0.5376899,293,0,0,unseen
1019357327,0.19538544,0.4807245,563,0,0,unseen
1019556103,0.34619427,0.5813925,327,0,0,unseen
1019607245,0.22264752,0.64925474,1145,0,0,unseen
1020280792,0.29891208,0.7353429,1202,0,0,unseen
1020608279,0.073476575,0.3942874,1259,0,0,unseen
1031828247,0.294197,0.85804987,796,0,0,unseen
1032643905,0.28867027,0.7166999,947,1,22,unseen
1033192275,0.23381713,0.7941539,892,0,0,unseen
1033196675,0.2972777,0.8794955,973,0,0,unseen
1033196750,0.407676,0.88885224,965,0,0,unseen
1033887446,0.320713,0.7694711,1102,0,0,unseen
1034198388,0.4656319,0.90107596,1161,2,8,unseen
1034219901,0.36056215,0.85738283,1104,0,0,unseen
1034220115,0.29888904,0.8301594,1123,0,0,unseen
1034249850,0.22787954,0.7621972,940,0,0,unseen
1034249944,0.24002607,0.71694267,331,0,0,unseen
1034250235,0.10589236,0.39737618,325,0,0,unseen
1034250386,0.124958746,0.672049,936,0,0,unseen
1034591237,0.14885397,0.5031309,333,0,0,unseen
1034659846,0.3029941,0.64773065,12,0,0,unseen
1034664458,0.2555535,0.88717943,877,1,6,unseen
1034703497,0.49616435,0.8036186,404,4,39,unseen
1034711992,0.1993443,0.5484322,501,0,0,unseen
1035045015,0.23560168,0.8317301,692,8,26,unseen
1035156343,0.18023935,0.6486168,520,0,0,unseen
1035393986,0.28836793,0.8518082,626,0,4,unseen
1035459511,0.20480429,0.6892769,1116,0,0,unseen
1035557785,0.43884543,0.8034744,942,0,0,unseen
1035562328,0.5148102,0.9168104,829,2,12,unseen
1035601661,0.2607234,0.8019475,534,0,0,pos_only
1035640810,0.16021164,0.4538956,248,0,0,unseen
1035843717,0.24741398,0.84168464,1236,0,0,unseen
1035942041,0.22299716,0.6487361,335,0,0,unseen
1035955516,0.47982565,0.8555586,285,0,0,unseen
1036149761,0.36596313,0.8297816,185,0,0,unseen
1036257907,0.30126968,0.7438919,378,0,0,unseen
1036296133,0.2633639,0.8709328,374,0,0,unseen
1036330791,0.19127631,0.6478734,301,0,2,unseen
1036503560,0.27282473,0.67599934,474,0,0,unseen
1036504644,0.43104106,0.9011436,1308,2,6,unseen
1036550962,0.06736024,0.22340244,299,0,0,unseen
1036559440,0.32895085,0.8503181,1096,0,0,unseen
1036559490,0.28279492,0.8312639,1093,0,0,unseen
1036563762,0.3973232,0.87457615,1047,0,0,unseen
1036637638,0.07245389,0.25364286,861,0,0,neg_only
1036637830,0.2971559,0.71917444,1027,0,0,unseen
1036646944,0.47228718,0.84533155,1177,0,1,unseen
1036753721,0.13583836,0.7984392,353,0,1,unseen
1036863032,0.20104483,0.7940293,705,0,0,unseen
1036987921,0.13749468,0.45802096,840,0,0,unseen
1037116172,0.18973911,0.7732287,544,0,0,unseen
1037237333,0.27683732,0.5641362,79,0,0,unseen
1037263569,0.1301072,0.76228786,341,0,0,unseen
1037267714,0.08714028,0.57669586,261,0,0,unseen
1037293275,0.26311937,0.6763077,407,0,0,pos_only
1037328706,0.07551323,0.27249902,20,0,0,unseen
1037332628,0.30322835,0.73534244,1223,0,0,unseen
1037392636,0.26649636,0.5153702,117,0,0,unseen
1037393225,0.18369853,0.28763306,7,0,0,unseen
1037510115,0.2777288,0.7165159,479,0,0,unseen
1037518512,0.32977712,0.9378721,864,0,5,unseen
1037535479,0.29768395,0.75328803,218,0,0,unseen
1037553548,0.25425798,0.6765792,746,0,0,unseen
1037604941,0.160252,0.5744118,400,0,0,unseen
1037609552,0.022746826,0.20536853,287,0,0,unseen
1037612992,0.22789565,0.7088384,482,0,0,unseen
1037660908,0.17719042,0.432525,242,0,0,unseen
1037750917,0.12588045,0.42889088,1007,0,0,unseen
1037895459,0.053381972,0.4286216,330,0,0,unseen
1037972384,0.23450688,0.53349936,45,0,0,unseen
1038070642,0.04786827,0.7735659,1207,0,1,unseen
1038079690,0.27727473,0.5604186,17,0,0,unseen
1038283107,0.20981067,0.7850669,174,0,0,unseen
1038290956,0.076702915,0.52295816,317,0,0,unseen
1038338266,0.10104509,0.33507437,189,0,0,unseen
1038407667,0.3055969,0.6163871,309,0,0,unseen
1038420643,0.2989353,0.5335793,23,0,0,unseen
1038602562,0.29321003,0.7137408,589,0,0,unseen
1038636222,0.20507994,0.5554015,322,0,0,unseen
1038649756,0.09249083,0.3774892,321,0,0,unseen
1038649779,0.5854308,0.8884234,396,0,13,unseen
1038783100,0.24648507,0.46640483,230,0,0,unseen
1038926500,0.07243259,0.57725966,328,0,0,unseen
1038938989,0.18684699,0.25927234,9,0,0,unseen
1038956078,0.042811815,0.4892985,263,0,0,unseen
1038964771,0.11570184,0.56805086,226,0,0,unseen
1039059449,0.3552106,0.89269495,545,0,0,unseen
1039063931,0.295493,0.84663767,740,0,0,unseen
1039068185,0.24985331,0.72061753,300,0,0,unseen
1039076390,0.3089318,0.6029093,722,0,0,unseen
1039076712,0.2975,0.73669714,624,0,0,unseen
1039076802,0.27581292,0.8955549,437,0,2,unseen
1039076835,0.35716724,0.76820374,879,0,0,unseen
1039080957,0.22985514,0.60928243,337,0,0,unseen
1039081028,0.33594108,0.72595686,345,0,0,unseen
1039085109,0.2550371,0.8244576,716,0,0,unseen
1039093891,0.2232674,0.7047339,214,0,0,unseen
1039237469,0.45004016,0.92993623,519,1,4,unseen
1039267479,0.11841439,0.27553067,30,0,0,unseen
1039280664,0.07656151,0.63594586,1276,0,0,unseen
1039293613,0.15817265,0.722908,1215,0,0,unseen
1039335355,0.10757121,0.38481358,558,0,0,unseen
1039383744,0.38340813,0.6525516,695,0,0,unseen
1039392337,0.33131474,0.8889196,751,0,0,unseen
1039400223,0.34748948,0.71476305,717,0,0,unseen
1039400328,0.35718793,0.79816264,295,0,0,unseen
1039400642,0.079749145,0.33527958,337,0,0,unseen
1039404729,0.24911635,0.65060973,281,0,0,unseen
1039408871,0.3048496,0.6723643,627,0,0,unseen
1039413386,0.2745133,0.71693754,996,0,0,unseen
1039422171,0.26491627,0.7367333,661,0,0,unseen
1039425930,0.15969898,0.6488278,305,0,0,unseen
1039426238,0.25488514,0.8417028,506,0,0,unseen
1039426297,0.24857897,0.42088413,674,0,0,unseen
1039672477,0.18123898,0.8886003,1112,0,0,unseen
1039685005,0.16826108,0.6872882,1156,0,0,unseen
1039723833,0.27775705,0.66643476,763,0,0,unseen
1039754434,0.2268415,0.85903424,469,0,2,unseen
1039767525,0.22761944,0.82407886,377,0,0,unseen
1039771675,0.33448613,0.8700214,416,0,0,unseen
1039771821,0.2621261,0.720835,623,0,0,unseen
1039775880,0.30264243,0.8747359,357,0,0,unseen
1039867920,0.25052404,0.5079945,9,0,0,unseen
1039906056,0.0869759,0.3191837,570,0,0,unseen
1039923193,0.34330422,0.72738135,221,0,0,unseen
1039970967,0.17608714,0.65513605,337,0,0,unseen
1040004619,0.13134345,0.4086046,1276,0,0,unseen
1040013335,0.1660928,0.6118981,1274,0,0,unseen
1040030798,0.19034864,0.60919625,1264,0,0,unseen
1040056887,0.19445619,0.6704276,448,0,0,unseen
1040060915,0.17703456,0.6200801,403,0,0,unseen
1040061244,0.31491295,0.78471535,406,0,1,unseen
1040090955,0.23986341,0.52948254,518,0,0,unseen
1040117228,0.5086445,0.8852474,799,1,5,unseen
1040328771,0.045008235,0.51194674,1210,0,0,unseen
1040393594,0.1077032,0.58557606,313,0,0,unseen
1040397559,0.47645038,0.7534374,334,0,1,unseen
1040402220,0.48211455,0.76154107,372,0,0,unseen
1040462246,0.22282432,0.74850696,770,0,0,unseen
1040609241,0.38268128,0.8983143,622,1,3,unseen
1040609541,0.17469443,0.5191229,109,0,0,unseen
1040742857,0.09286882,0.6602878,424,0,0,unseen
1040972270,0.10452497,0.38319167,37,0,0,unseen
1041001961,0.10743991,0.4171155,334,0,0,unseen
1041015097,0.14664079,0.586711,1201,0,0,unseen
1041071176,0.1570672,0.7242901,952,0,0,unseen
1041075688,0.28734383,0.6946611,833,0,0,unseen
1041139886,0.2015418,0.78590816,1035,0,4,unseen
1041253084,0.11961463,0.57937866,173,0,0,unseen
1041343016,0.23375112,0.7379567,563,0,0,unseen
1041343227,0.12675261,0.46212634,342,0,0,unseen
1041347053,0.24796908,0.5543908,845,0,0,unseen
1041395080,0.12168302,0.45128313,220,0,0,unseen
1041407603,0.28438312,0.6627659,1060,0,0,unseen
1041407617,0.2743281,0.67686903,1082,0,0,unseen
1041407681,0.26127017,0.652274,1066,0,0,unseen
1041446765,0.09231882,0.52061206,404,0,0,unseen
1041468139,0.2429284,0.6635319,296,0,0,unseen
1041485380,0.27072072,0.69153446,1019,4,7,unseen
1041602702,0.29396042,0.85996944,1100,0,0,unseen
1041680398,0.072061844,0.5495866,682,0,0,unseen
1041697674,0.042046823,0.41270998,280,0,0,unseen
1041761742,0.34869304,0.83493245,971,0,0,unseen
1041839564,0.29911837,0.7712617,818,0,3,unseen
1041931156,0.2861161,0.6970459,744,0,1,unseen
1042089826,0.33119622,0.75435996,870,0,0,unseen
1042089954,0.2830049,0.5398518,335,0,0,unseen
1042116109,0.19981669,0.4968954,836,0,0,unseen
1042154310,0.24105395,0.5646039,796,0,0,unseen
1042366365,0.27564272,0.57906145,374,0,0,unseen
1042426546,0.49074918,0.8016678,267,0,0,unseen
1042448496,0.4214762,0.8616486,426,0,1,unseen
1042495376,0.1573554,0.62672853,376,0,0,unseen
1042572999,0.3280043,0.539555,7,0,0,unseen
1042656011,0.19998647,0.8614491,314,0,0,neg_only
1042703654,0.06811949,0.48803568,341,0,0,unseen
1042724993,0.060345918,0.47645372,1213,0,0,unseen
1042767699,0.19837782,0.6033041,328,0,0,unseen
1042957191,0.17476429,0.48602527,616,0,0,unseen
1043005077,0.4156278,0.7961705,171,0,3,unseen
1043022708,0.12938912,0.68496996,334,0,0,unseen
1043066007,0.1388951,0.5217376,389,0,0,unseen
1043113043,0.25602394,0.5136835,134,0,0,unseen
1043117106,0.038885806,0.32639897,1057,0,0,neg_only
1043143311,0.28342384,0.5628098,84,0,0,unseen
1043289707,0.092304975,0.6248925,273,0,0,unseen
1043298586,0.03894888,0.29115257,280,0,0,unseen
1043514011,0.31029803,0.7821733,710,0,8,unseen
1043518343,0.16528589,0.67987096,389,0,0,unseen
1043669697,0.111631475,0.6058662,1091,0,0,unseen
1043696281,0.10469431,0.47116655,300,0,0,unseen
1043696307,0.17416821,0.6440643,1145,0,0,unseen
1043700428,0.10798346,0.48383096,341,0,0,unseen
1043700892,0.10995984,0.45194548,339,0,0,unseen
1043705078,0.15189284,0.53968203,1172,0,0,pos_only
1043731200,0.40220368,0.7213883,191,0,0,unseen
1043825714,0.022898981,0.27741435,1071,0,0,unseen
1043842362,0.10199902,0.64982766,341,0,0,unseen
1044011735,0.29345572,0.60827583,388,0,0,unseen
1044028675,0.10643401,0.56589115,331,0,0,unseen
1044037281,0.2119502,0.62171686,736,0,0,unseen
1044071833,0.1847963,0.4907272,414,0,0,unseen
1044075439,0.2070487,0.6023573,1320,0,0,unseen
1044075948,0.17578097,0.7464566,843,0,0,unseen
1044218225,0.3579584,0.88688344,726,136,204,unseen
1044339802,0.054927256,0.403826,298,0,0,unseen
1044343952,0.13042328,0.3984451,342,0,0,unseen
1044356616,0.097352244,0.52915066,336,0,0,unseen
1044377644,0.09542947,0.5197751,329,0,0,unseen
1044403618,0.31158647,0.7548878,1268,0,0,unseen
1044701474,0.13368732,0.49980253,328,0,0,pos_only
1044800536,0.2817412,0.8481982,442,0,3,unseen
1044805646,0.25153467,0.7772882,313,0,0,unseen
1044822631,0.25296623,0.6912482,302,0,0,unseen
1044918145,0.22487889,0.80072165,822,0,1,unseen
1044922311,0.26110634,0.804504,421,0,0,unseen
1045141938,0.30228826,0.8295493,318,0,1,unseen
1045268099,0.31495705,0.8257291,661,0,0,unseen
1045427708,0.22674146,0.6443762,409,0,0,unseen
1045832508,0.083334915,0.44302288,292,0,0,unseen
1046039966,0.36594656,0.71030915,117,0,0,unseen
1046039977,0.524222,0.9113588,117,0,0,unseen
1046039987,0.656565,0.9474697,141,0,0,unseen
1046044924,0.5366632,0.78460336,129,0,0,unseen
1046087606,0.43399328,0.8495526,191,0,0,unseen
1046177683,0.21108723,0.5433549,177,0,0,unseen
1046385084,0.33172676,0.6828569,116,0,0,unseen
1046385221,0.5930847,0.93442076,107,0,1,unseen
1046385229,0.41552824,0.79325205,120,0,0,unseen
1046411173,0.20911007,0.653616,585,0,0,unseen
1046506683,0.1432432,0.70740885,93,0,0,unseen
1046726043,0.5558042,0.8787324,153,0,1,unseen
1046726105,0.33665287,0.67322004,116,0,0,unseen
1046726193,0.39050385,0.76358026,117,0,0,unseen
1046726261,0.26404536,0.83572817,439,0,0,unseen
1046726280,0.47795725,0.72303975,123,0,0,unseen
1046730226,0.3802565,0.7579662,108,0,0,unseen
1046730586,0.6476385,0.9121342,137,0,0,unseen
1046730602,0.57318276,0.95082265,140,0,0,unseen
1046734991,0.7228735,0.9827195,120,0,3,unseen
1046735096,0.2696277,0.7025865,388,0,0,unseen
1046812283,0.44166258,0.8960877,1136,0,0,unseen
1046816660,0.5205302,0.9470593,1094,0,0,unseen
1047075623,0.41041508,0.8161341,102,0,0,unseen
1047075964,0.589213,0.8784727,156,0,2,unseen
1047080586,0.54881805,0.8172431,126,0,0,unseen
1047080740,0.47149765,0.8218489,317,0,0,unseen
1047106475,0.5865994,0.977844,178,0,1,unseen
1047119615,0.5592896,0.9236435,145,0,0,unseen
1047123862,0.5840761,0.873408,97,0,0,unseen
1047153433,0.47094706,0.9358129,1197,2,18,unseen
1047157746,0.50632596,0.9498783,1048,2,19,unseen
1047157958,0.3699057,0.93442595,1103,0,4,unseen
1047183897,0.37194085,0.8332663,533,0,1,unseen
1047412496,0.36978078,0.7277749,113,0,0,unseen
1047421689,0.257051,0.7128714,275,0,0,unseen
1047425857,0.26209664,0.61831343,91,0,0,unseen
1047426385,0.20226535,0.7945883,365,0,0,unseen
1047489962,0.20999962,0.6363522,272,0,0,unseen
1047525093,0.29704064,0.7113524,323,0,0,unseen
1047676850,0.361253,0.6237483,318,0,0,unseen
1047779784,0.6383132,0.9398875,120,0,0,unseen
1047780090,0.53046477,0.963039,159,0,0,unseen
1047784012,0.52817756,0.8912932,117,0,0,unseen
1047784109,0.58935,0.90718275,105,0,4,unseen
1047784113,0.61598104,0.9263717,114,0,0,unseen
1047787967,0.5466989,0.8702641,94,0,0,unseen
1047835635,0.29103944,0.8915353,1094,0,0,unseen
1047887562,0.36728677,0.69487166,325,0,0,unseen
1048004460,0.14911242,0.6420225,227,0,0,unseen
1048120973,0.69244087,0.9740409,174,0,8,unseen
1048125065,0.5643939,0.87233156,118,0,0,unseen
1048125254,0.5876713,0.9705276,173,0,2,unseen
1048172314,0.030512242,0.19062346,27,0,0,neg_only
1048207713,0.29258442,0.7700263,600,0,0,unseen
1048215779,0.2867553,0.6473058,6,0,0,pos_only
1048250312,0.09700747,0.26578334,224,0,0,neg_only
1048470473,0.7327211,0.9586847,124,0,0,unseen
1048491559,0.64045393,0.98989284,160,0,4,unseen
1048492326,0.614829,0.9825323,173,0,0,unseen
1048492504,0.73335344,0.9830489,145,5,23,unseen
1048517845,0.43421444,0.8470133,1015,0,0,unseen
1048837074,0.5943997,0.9435637,170,5,17,unseen
1048837669,0.5811346,0.9393376,135,0,0,unseen
1048846074,0.0857562,0.43446794,28,0,0,unseen
1048854479,0.40123367,0.8748383,993,0,0,unseen
1048975307,0.15500191,0.5960905,854,0,0,unseen
1049169888,0.56409377,0.97699136,167,0,0,unseen
1049174217,0.6238708,0.8966006,102,1,3,unseen
1049247113,0.2515106,0.70682514,860,0,0,unseen
1049261193,0.37652025,0.9367681,1257,2,15,unseen
1049351868,0.4326223,0.81115264,1115,1,18,unseen
1049502699,0.69522953,0.98307866,144,0,0,unseen
1049506374,0.49080735,0.84844095,114,0,0,unseen
1049510640,0.50328016,0.79471177,127,0,0,unseen
1049511179,0.5461904,0.9125472,130,0,4,unseen
1049511270,0.4480865,0.8845478,200,0,0,unseen
1049549402,0.47119504,0.9351425,1092,6,15,unseen
1049549412,0.41411877,0.81404966,1085,0,0,unseen
1049674502,0.33780268,0.8660963,1026,0,6,unseen
1049838815,0.60723716,0.97850204,120,0,0,unseen
1049839301,0.517419,0.98675144,170,0,4,unseen
1050024735,0.19066058,0.77331835,1110,0,1,unseen
1050249353,0.29147914,0.6322471,429,0,0,unseen
1050249677,0.09627001,0.45086488,317,0,0,unseen
1050266721,0.25590107,0.75582844,1213,0,0,unseen
1050581215,0.23354647,0.7072966,326,0,0,unseen
1050585709,0.23609821,0.7602956,470,0,0,unseen
1050685061,0.16225585,0.37535617,328,0,0,unseen
1050922195,0.16807258,0.8457073,1175,0,0,unseen
1050935614,0.19318421,0.59906805,342,0,0,unseen
1051280385,0.20010476,0.5605592,1006,0,0,unseen
1051311534,0.30404314,0.72506905,1122,0,1,unseen
1051630846,0.15665804,0.5903157,328,0,0,pos_only
1051631142,0.1970502,0.5732086,290,0,0,unseen
1051980223,0.115267515,0.42380923,1100,0,0,pos_only
1062526223,0.31871417,0.75422555,1111,0,0,unseen
1062849983,0.26749134,0.845143,659,0,0,unseen
1064296296,0.07595208,0.36998892,317,0,0,unseen
1064577636,0.23689586,0.8865739,964,0,0,unseen
1064891781,0.5293922,0.90405345,1057,0,16,unseen
1065280423,0.14335155,0.4363181,384,0,0,unseen
1065280625,0.120989606,0.20847824,4,0,0,unseen
1065284738,0.085851476,0.50059086,577,0,0,unseen
1065284785,0.12920402,0.4272939,496,0,0,unseen
1065284812,0.075473145,0.40738297,365,0,0,unseen
1065409934,0.1592735,0.6665514,370,0,0,unseen
1065410141,0.23995714,0.764133,575,0,0,unseen
1065625883,0.23461208,0.6964534,71,0,0,unseen
1065695186,0.4029344,0.9007335,23,0,1,unseen
1065751187,0.3239974,0.6992574,750,0,0,unseen
1065751225,0.37119204,0.8420623,542,0,7,unseen
1065751286,0.36885533,0.8653255,475,0,3,unseen
1066031666,0.20089674,0.27031118,7,0,0,unseen
1066088381,0.21146508,0.66455054,779,0,0,unseen
1066420480,0.2099706,0.74254197,724,0,12,unseen
1066506741,0.15956734,0.4063541,552,0,0,unseen
1066511487,0.13566306,0.47857612,71,0,0,unseen
1066516552,0.26922345,0.8067333,497,0,0,unseen
1066748608,0.20601755,0.4824313,178,0,0,unseen
1067110866,0.37555107,0.7897889,711,1,5,unseen
1067181068,0.22359695,0.83249456,694,0,0,unseen
1067215615,0.22373736,0.78963727,75,0,0,unseen
1067223806,0.4150202,0.6896986,103,0,0,unseen
1067240551,0.073402464,0.40160304,1229,0,0,unseen
1067331159,0.48379922,0.86354464,389,0,0,unseen
1067387294,0.20934483,0.7338184,1183,0,0,unseen
1067538821,0.30191123,0.8072336,44,0,0,unseen
1067546905,0.24621117,0.7036726,1110,0,0,unseen
1067598881,0.30006254,0.8735842,993,0,0,unseen
1067616484,0.04458605,0.59800225,150,0,0,unseen
1067624828,0.16704258,0.4719839,415,0,0,unseen
1067880387,0.36220455,0.92412794,929,7,25,unseen
1067884486,0.19641179,0.8236064,788,0,0,unseen
1067923143,0.38008773,0.6065866,347,0,0,unseen
1068013578,0.1640272,0.3865046,313,0,0,unseen
1068039476,0.14392437,0.43355516,143,0,0,unseen
1068246762,0.20367642,0.7652859,198,0,0,unseen
1068272038,0.39599577,0.8438471,1029,0,0,unseen
1068276312,0.34591508,0.74428576,1017,0,0,unseen
1068302710,0.13993084,0.5044746,335,0,0,unseen
1068364006,0.2846487,0.5794353,647,0,0,unseen
1068436695,0.35248598,0.73495877,147,7,19,unseen
1068441202,0.16829358,0.65086555,704,0,0,unseen
1068449058,0.26935235,0.6370892,1090,0,2,unseen
1068523766,0.3279886,0.8620902,921,0,0,unseen
1068543885,0.24365887,0.598198,173,0,0,unseen
1068613227,0.33661985,0.8133075,910,0,0,unseen
1068613231,0.5048434,0.8934983,1037,3,7,unseen
1068613282,0.22155403,0.7710342,963,0,0,unseen
1068617431,0.34261706,0.8307069,993,0,0,unseen
1068644727,0.32948396,0.6717255,382,0,0,unseen
1068777508,0.30637923,0.758677,195,0,1,unseen
1068885266,0.11984032,0.31689665,27,0,0,unseen
1068912795,0.2960867,0.75215507,174,0,0,unseen
1068924003,0.19513619,0.6706236,192,0,0,unseen
1068954342,0.40320992,0.84005487,968,0,0,unseen
1068954391,0.27738008,0.8011286,985,0,0,unseen
1068958593,0.2992979,0.86471295,978,0,0,unseen
1068958652,0.37465984,0.82693195,915,0,0,unseen
1069002537,0.073046856,0.32801938,963,0,0,unseen
1069036955,0.112879686,0.63351923,429,0,0,unseen
1069041192,0.27255177,0.6115898,277,0,0,unseen
1069187878,0.50477886,0.85798204,67,0,1,unseen
1069223047,0.31400356,0.78895754,250,0,0,unseen
1069266255,0.2228122,0.71468735,203,0,0,unseen
1069291635,0.21681695,0.5270087,448,0,0,unseen
1069295816,0.25079623,0.8189951,935,0,0,unseen
1069295830,0.19935586,0.7850111,1006,0,0,unseen
1069351982,0.11535492,0.53995216,448,0,0,unseen
1069352248,0.14346011,0.54463077,1244,0,0,unseen
1069489835,0.12490261,0.75758106,752,0,0,unseen
1069607310,0.09458311,0.32560217,292,0,0,unseen
1069632261,0.37638727,0.68451583,144,0,0,unseen
1069663083,0.17895043,0.60870624,331,0,0,unseen
1069667685,0.27976626,0.63568574,320,0,0,unseen
1069693466,0.2027894,0.40178975,9,0,0,unseen
1069757725,0.41167995,0.7219706,324,0,0,unseen
1069762054,0.29371664,0.6256253,707,0,0,unseen
1069762072,0.2724743,0.86104786,507,0,0,unseen
1069766271,0.3448797,0.709206,637,0,0,unseen
1069929827,0.5033272,0.9292352,750,8,37,unseen
1069965440,0.3011847,0.7054697,361,0,0,unseen
1069973758,0.5851399,0.9687195,135,0,0,unseen
1069983022,0.10248998,0.6931323,338,0,0,unseen
1070094367,0.279716,0.6531307,717,0,0,unseen
1070094447,0.29212037,0.5996816,688,0,0,unseen
1070098366,0.23740152,0.6713817,1111,0,0,unseen
1070102614,0.24688914,0.76169354,319,0,0,unseen
1070102684,0.21187523,0.7304675,415,0,0,unseen
1070102904,0.3607524,0.8810239,1027,1,16,unseen
1070103072,0.2646776,0.84606934,677,0,0,unseen
1070103331,0.21932085,0.84724087,456,0,0,unseen
1070107083,0.35742816,0.7016386,783,0,0,unseen
1070107235,0.39425135,0.75590336,673,0,0,unseen
1070107367,0.34638426,0.911913,398,0,4,unseen
1070107554,0.15877499,0.65943927,382,0,0,unseen
1070111661,0.3797543,0.7400465,854,0,2,unseen
1070115557,0.27850285,0.66418165,842,0,0,unseen
1070115819,0.34007618,0.83014137,341,0,0,unseen
1070120153,0.3268317,0.6320192,290,0,0,unseen
1070141508,0.2573839,0.46954072,20,0,0,unseen
1070189578,0.38160968,0.8666793,930,1,9,unseen
1070331992,0.081470065,0.42013556,228,0,0,unseen
1070332560,0.159967,0.4681354,1105,0,0,unseen
1070379357,0.22185187,0.5089637,1265,0,0,unseen
1070387992,0.30601555,0.6070853,335,0,0,unseen
1070422316,0.06766939,0.5297641,334,0,0,unseen
1070426862,0.08802744,0.29770717,700,0,0,pos_only
1070430962,0.3633038,0.6013974,300,0,0,unseen
1070439674,0.18178979,0.6691665,214,0,0,unseen
1070443716,0.26000428,0.7280626,948,0,0,unseen
1070465460,0.24743484,0.7747657,724,0,1,unseen
1070613107,0.547047,0.9501972,442,1,8,unseen
1070638675,0.65002847,0.93107617,191,6,20,unseen
1070638914,0.16368695,0.56179607,193,0,0,unseen
1070646938,0.095231764,0.31974408,331,0,0,unseen
1070651567,0.37052864,0.7679121,798,0,0,unseen
1070655552,0.1781933,0.7754926,1201,0,0,unseen
1070754701,0.5557178,0.9209891,813,2,10,unseen
1070784934,0.22905989,0.6085874,1135,0,1,unseen
1070797450,0.21627025,0.6439596,397,0,0,unseen
1070806511,0.2517383,0.841394,304,0,0,unseen
1070810640,0.28188238,0.72112864,410,0,0,unseen
1070950293,0.1095046,0.36841846,34,0,0,unseen
1071044860,0.12920515,0.54241365,205,0,0,unseen
1071121755,0.19802189,0.6168593,334,0,0,unseen
1071151811,0.31342095,0.792197,696,0,1,unseen
1071342414,0.55927426,0.9003368,340,0,0,unseen
1071484484,0.3357392,0.81987447,612,0,3,unseen
1071496918,0.22717105,0.7529229,804,0,1,unseen
1071505774,0.21329702,0.749761,300,0,0,unseen
1071640835,0.23630075,0.63424,386,0,0,unseen
1071756308,0.3085446,0.81315833,426,0,0,unseen
1071760480,0.10587586,0.5176257,613,0,0,unseen
1071760527,0.13166733,0.5083405,339,0,0,unseen
1071769518,0.31357503,0.82179725,696,0,0,unseen
1072059176,0.05519026,0.4506478,351,0,0,unseen
1072063538,0.018129962,0.08246616,350,0,0,unseen
1072101856,0.11922009,0.47431076,341,0,0,unseen
1072106313,0.3038533,0.66881776,1142,0,0,unseen
1072166282,0.196598,0.7210766,687,0,0,unseen
1072231250,0.4694334,0.9025704,1002,0,19,unseen
1072442312,0.27231357,0.6541521,1091,0,0,unseen
1072451104,0.38035986,0.75850755,1089,0,0,unseen
1072455791,0.14073402,0.61768365,338,0,0,unseen
1072472949,0.10645245,0.5732924,348,0,0,unseen
1072503099,0.38003695,0.9324865,538,15,42,unseen
1072503117,0.26963395,0.8963624,508,4,13,unseen
1072503141,0.3830355,0.8978772,608,0,22,unseen
1072503172,0.38607377,0.9170939,555,22,51,unseen
1072507501,0.39565483,0.9230455,605,3,52,unseen
1072533704,0.14594345,0.64328593,1086,0,0,unseen
1072533980,0.38153023,0.89482445,490,5,27,unseen
1072715232,0.026818579,0.6192299,285,0,0,unseen
1072779298,0.2068535,0.69147235,721,0,0,unseen
1072779568,0.25945127,0.6594988,364,0,0,unseen
1072805036,0.20593183,0.843316,365,0,0,unseen
1072818198,0.36323664,0.92585695,727,0,2,unseen
1072844079,0.4013594,0.90470517,608,0,19,unseen
1072844208,0.29075247,0.8713243,650,0,2,unseen
1072861316,0.29184872,0.73561513,365,3,24,unseen
1072865814,0.26841682,0.8110766,332,0,0,unseen
1072874511,0.30808178,0.70687443,949,0,0,unseen
1073043318,0.16267139,0.576453,326,0,0,unseen
1073069488,0.10752364,0.7123114,351,0,0,unseen
1073116395,0.28671283,0.62369734,747,0,0,unseen
1073120403,0.30102056,0.6321747,1201,0,0,unseen
1073120513,0.37655,0.7787567,1143,0,0,unseen
1073129213,0.25108817,0.69002235,315,0,0,unseen
1073138372,0.26371917,0.7709892,1068,0,0,unseen
1073314797,0.21474381,0.53882253,415,0,0,unseen
1073354203,0.31998515,0.6750508,470,0,0,unseen
1073354472,0.31824127,0.8914781,395,0,0,unseen
1073457310,0.22765993,0.57084966,406,0,0,unseen
1073457379,0.39251646,0.78608114,724,0,0,unseen
1073461640,0.10030524,0.44926703,330,0,0,unseen
1073504644,0.17505963,0.7133578,763,0,0,unseen
1073691439,0.18597905,0.6809579,1241,0,0,unseen
1073694558,0.28906366,0.72207445,484,0,0,unseen
1073703524,0.25208327,0.5771648,1184,0,0,unseen
1073729578,0.11096383,0.49150223,1188,0,0,unseen
1073798332,0.2712029,0.5387524,222,0,0,unseen
1073897808,0.30615336,0.73253375,437,1,25,unseen
1074057874,0.083261855,0.5475837,307,0,0,unseen
1074143191,0.29460293,0.67401594,79,0,0,unseen
1074143330,0.34226164,0.51160103,54,0,0,unseen
1074147610,0.37593427,0.6419879,72,0,0,unseen
1074160595,0.4729479,0.76150894,66,0,0,unseen
1074333284,0.11461952,0.5079482,301,0,0,unseen
1074337817,0.13518803,0.52705014,1266,0,0,unseen
1074337946,0.09643153,0.64968467,271,0,0,unseen
1074476096,0.369005,0.68061584,76,0,0,unseen
1074480375,0.5218215,0.8049146,151,0,1,unseen
1074480379,0.37447125,0.5580526,118,0,0,unseen
1074484603,0.4717181,0.6254955,59,0,0,unseen
1074493547,0.4012134,0.62049085,68,0,0,unseen
1074510430,0.4107427,0.68440723,72,0,0,unseen
1074674316,0.15128824,0.7852162,1309,0,0,unseen
1074678938,0.21065505,0.5848846,276,0,0,unseen
1074704960,0.1584938,0.51658934,193,0,0,pos_only
1074735136,0.031235099,0.84036285,259,0,0,unseen
1074744013,0.4566734,0.7533697,290,0,0,unseen
1074748105,0.36218345,0.694285,60,0,0,unseen
1074782432,0.096012495,0.32850453,342,0,0,unseen
1074859771,0.13414195,0.60275304,389,0,0,unseen
1074860306,0.117321834,0.5465833,378,0,0,unseen
1074860632,0.22293875,0.62609965,1018,0,0,unseen
1074860678,0.1986693,0.4663898,338,0,0,unseen
1075041096,0.28834254,0.651006,56,0,0,unseen
1075058701,0.3164961,0.6086326,309,0,0,unseen
1075062749,0.29265174,0.5048988,68,0,0,unseen
1075400240,0.1272928,0.27434024,162,0,0,unseen
1075443614,0.22460769,0.6528175,345,0,0,unseen
1075499064,0.13116182,0.5268139,285,0,0,unseen
1075598224,0.1912336,0.6439681,361,0,0,unseen
1075611602,0.23580915,0.6697457,306,0,0,unseen
1075741037,0.11864703,0.36599427,211,0,0,unseen
1075827302,0.13307871,0.4071637,338,0,0,unseen
1076129521,0.31257048,0.75086486,342,0,0,unseen
1076159832,0.14185916,0.6410053,1185,0,0,unseen
1076173414,0.12719055,0.7682597,933,0,0,unseen
1076185604,0.26173994,0.736416,327,0,0,unseen
1076198559,0.28028357,0.84570473,306,0,2,unseen
1076285102,0.32986635,0.8925088,870,0,0,unseen
1076293806,0.2628052,0.53329587,307,0,0,unseen
1076626718,0.27448902,0.48102343,117,0,0,unseen
1076724887,0.63318855,0.94523907,153,0,0,unseen
1076724912,0.46740612,0.7207573,122,0,0,unseen
1076729207,0.49820969,0.83400756,121,0,0,unseen
1076729222,0.3434485,0.6607844,117,0,0,unseen
1076729226,0.3585462,0.6755172,110,0,0,unseen
1076729233,0.43402165,0.8405191,117,0,0,unseen
1076729262,0.4308095,0.8175836,103,0,0,unseen
1076738914,0.3255515,0.61688536,84,0,0,unseen
1076739012,0.5845509,0.8194955,119,0,0,unseen
1076742501,0.2089934,0.60220534,333,0,0,unseen
1077070378,0.4905531,0.8253222,117,0,0,unseen
1077074710,0.56580937,0.84704494,137,0,0,unseen
1077079217,0.52403194,0.9050559,120,0,1,unseen
1077079256,0.32913035,0.61757815,91,0,0,unseen
1077079340,0.37381527,0.7281367,93,0,0,unseen
1077083999,0.43888998,0.82374686,117,0,0,unseen
1077084090,0.4141867,0.76313144,98,0,0,unseen
1077084188,0.486511,0.85366714,100,0,0,unseen
1077122311,0.18984333,0.5337169,416,0,0,unseen
1077411306,0.28099144,0.5632391,116,0,0,unseen
1077415831,0.570535,0.85703087,134,0,0,unseen
1077415919,0.38907325,0.77787405,117,0,0,unseen
1077420145,0.5704994,0.8184535,142,0,0,unseen
1077420174,0.28102905,0.5821485,103,0,0,unseen
1077424204,0.299208,0.56603014,94,0,0,unseen
1077424267,0.4361497,0.70082974,130,0,0,unseen
1077424293,0.28580663,0.5742073,98,0,0,unseen
1077424349,0.41271254,0.8068133,101,0,0,unseen
1077428662,0.57099646,0.8322925,133,0,0,unseen
1077434220,0.50457394,0.84036845,165,0,0,unseen
1077434447,0.32838064,0.79538095,353,0,0,unseen
1077434622,0.43239012,0.7774438,99,0,0,unseen
1077454826,0.4867881,0.8519523,122,0,0,unseen
1077459077,0.21106048,0.6283438,320,0,0,unseen
1077459090,0.21442579,0.81579256,327,0,0,unseen
1077752344,0.49719918,0.823167,119,0,0,unseen
1077752379,0.27873063,0.5973966,203,0,0,unseen
1077756583,0.637288,0.8723172,131,0,0,unseen
1077756731,0.3353136,0.62883633,113,0,0,unseen
1077756950,0.32061473,0.5676274,95,0,0,unseen
1077761302,0.43563387,0.6879545,123,0,0,unseen
1077761532,0.28198776,0.542823,96,0,0,unseen
1077761540,0.33466932,0.6176672,116,0,0,unseen
1077765483,0.5824088,0.8852384,145,0,0,unseen
1077773987,0.5579552,0.8981063,192,0,0,unseen
1077778701,0.27484488,0.69059455,365,0,0,unseen
1077778869,0.26270634,0.71005285,428,0,0,unseen
1077779143,0.6079504,0.90387774,132,0,0,unseen
1077783627,0.23373762,0.76479965,331,0,0,unseen
1077783684,0.47200295,0.8033628,97,0,0,unseen
1077783715,0.50681067,0.8459377,98,0,0,unseen
1077792194,0.5017839,0.86077476,211,1,2,unseen
1077792387,0.5773314,0.97839147,162,1,11,unseen
1077847238,0.39070767,0.67628443,674,0,0,unseen
1077851524,0.5158385,0.91111803,1094,0,1,unseen
1077851551,0.44669923,0.9560633,1197,2,15,unseen
1078007730,0.24695735,0.7271472,142,0,0,unseen
1078097609,0.40679237,0.68487364,121,0,0,unseen
1078097817,0.29662728,0.62548405,101,0,0,unseen
1078102267,0.3653704,0.6818817,121,0,0,unseen
1078102350,0.45111033,0.754113,127,0,0,unseen
1078102400,0.36219755,0.6879625,119,0,0,unseen
1078102419,0.37704206,0.7072253,99,0,0,unseen
1078102468,0.3799025,0.68662566,118,0,0,unseen
1078102490,0.40432426,0.72356665,119,0,0,unseen
1078106866,0.54689497,0.8489591,157,0,3,unseen
1078111105,0.5541898,0.8029463,113,0,0,unseen
1078443080,0.28608778,0.61039156,274,0,0,unseen
1078443321,0.5395217,0.92113185,127,0,1,unseen
1078447660,0.2710831,0.6221692,309,0,0,unseen
1078447707,0.546727,0.8410982,162,0,0,unseen
1078517402,0.054882355,0.67804956,614,0,1,unseen
1078525257,0.54774606,0.92178816,1051,0,1,unseen
1078534091,0.531349,0.9125301,1103,2,11,unseen
1078534115,0.5063611,0.9298407,1085,0,3,unseen
1078572735,0.252395,0.7342468,461,0,0,unseen
1078693835,0.14129506,0.41039976,155,0,0,both
1078788519,0.38788706,0.73345596,118,0,0,unseen
1078874826,0.41080678,0.89272964,1112,0,2,unseen
1078875017,0.49442315,0.91988117,1040,0,0,unseen
1079143870,0.27301228,0.7509635,290,0,0,unseen
1079215685,0.30957574,0.8878316,1080,0,0,unseen
1079522281,0.67066747,0.96878964,135,0,2,unseen
1079527169,0.6813077,0.9756453,154,1,2,unseen
1079527389,0.49460772,0.8473855,140,0,0,unseen
1079625867,0.20320366,0.48615322,341,0,0,unseen
1079707882,0.21692596,0.4723862,238,0,0,unseen
1079841570,0.6161983,0.9482818,142,0,0,unseen
1079855015,0.55934286,0.98419315,192,0,0,unseen
1079859469,0.5090858,0.9321478,178,0,0,unseen
1079867909,0.51460296,0.96588933,173,0,0,unseen
1079872487,0.6047263,0.9770404,157,1,7,unseen
1080196056,0.6113245,0.97710615,171,0,2,unseen
1080200318,0.4885468,0.96812284,195,0,0,unseen
1080200419,0.5727041,0.98080575,157,0,0,unseen
1080200438,0.6617315,0.98018277,139,0,3,unseen
1080212848,0.58550406,0.9720536,164,0,1,unseen
1080213108,0.55944836,0.9854425,164,0,3,unseen
1080519686,0.58513194,0.96745366,155,0,0,unseen
1080528656,0.62179035,0.95884335,127,0,0,unseen
1080532771,0.52989966,0.98155624,161,0,1,unseen
1080537421,0.65768737,0.94904363,129,0,0,unseen
1080537608,0.650468,0.982388,146,1,2,unseen
1080537610,0.78654236,0.9801971,120,1,11,unseen
1080541803,0.5683596,0.967366,168,0,0,unseen
1080541849,0.7203753,0.97856605,130,4,5,unseen
1080545525,0.57201314,0.9158107,132,0,0,unseen
1080566792,0.40187937,0.8284944,964,0,0,unseen
1080579786,0.52921253,0.906736,833,0,0,unseen
1080579985,0.47309262,0.8900175,1014,0,2,unseen
1080580151,0.24644974,0.83843917,903,0,0,unseen
1080878335,0.6014356,0.97938216,132,0,0,unseen
1080886521,0.20472835,0.6809206,255,0,0,unseen
1081086613,0.17105746,0.6365425,204,0,0,unseen
1081434698,0.09592571,0.55447716,286,0,0,unseen
1081755066,0.22790657,0.5439089,988,0,0,unseen
1081767446,0.1650122,0.5394796,284,0,0,unseen
1081957306,0.07304855,0.54474884,1250,0,0,unseen
1093216022,0.3067634,0.8820595,564,0,1,unseen
1093552596,0.3186885,0.88006467,642,1,3,unseen
1094722478,0.2675198,0.7135782,759,0,0,unseen
1094934199,0.3180846,0.80266386,964,0,0,unseen
1095271087,0.22636269,0.6143498,686,0,0,unseen
1095275456,0.1628863,0.3732779,76,0,0,unseen
1095279301,0.14077473,0.4072596,8,0,0,unseen
1095780246,0.34154692,0.57075006,19,0,0,unseen
1096315538,0.119990274,0.58732486,323,0,0,unseen
1096315576,0.0681786,0.4618405,404,0,0,unseen
1096319585,0.10698725,0.26411146,5,0,0,unseen
1096850735,0.17169856,0.2967678,16,0,0,unseen
1096859621,0.30721426,0.534827,6,0,0,unseen
1096894260,0.1575185,0.50166434,19,0,0,unseen
1096919756,0.3262019,0.8134321,1018,0,0,unseen
1097265345,0.40408865,0.88333744,1010,0,1,unseen
1097300368,0.23815237,0.7163931,797,0,0,unseen
1097407853,0.07924752,0.30108288,202,0,0,unseen
1097537045,0.1588031,0.56932384,339,0,0,unseen
1097623778,0.06143842,0.60570085,168,0,0,unseen
1097637653,0.06624032,0.31371325,1224,0,0,unseen
1097642017,0.048521794,0.6040476,340,0,0,unseen
1097718659,0.30784538,0.8221488,352,0,0,unseen
1097718901,0.24811922,0.83711475,301,0,0,unseen
1097917043,0.49505812,0.95665526,358,2,5,unseen
1097917138,0.2993544,0.74979126,563,0,0,unseen
1097917776,0.5600003,0.7911177,337,0,0,unseen
1098249445,0.26661918,0.8153419,716,0,0,unseen
1098733189,0.228146,0.855088,311,0,0,unseen
1098737385,0.30619517,0.8304549,304,0,1,unseen
1098776577,0.2056141,0.51260304,29,0,0,unseen
1098914383,0.30729184,0.7841086,923,0,0,unseen
1098928012,0.14376718,0.86885273,938,1,2,unseen
1098953561,0.12411319,0.47333413,18,0,0,unseen
1099022750,0.09357604,0.43380618,1077,0,0,unseen
1099043553,0.09669026,0.43783337,1001,0,0,unseen
1099048104,0.51896596,0.9189861,468,1,2,unseen
1099073905,0.07251123,0.12839735,8,0,0,unseen
1099199236,0.19734056,0.53895193,61,0,0,unseen
1099255933,0.27119482,0.8182754,392,0,0,unseen
1099282115,0.18959832,0.85403514,198,0,0,unseen
1099333424,0.34584785,0.9058273,1256,2,7,unseen
1099367437,0.14149286,0.39053965,240,0,0,unseen
1099367522,0.046537142,0.53314364,210,0,0,unseen
1099389583,0.31253722,0.77265567,1041,0,0,unseen
1099397913,0.20550987,0.51931727,210,0,0,unseen
1099748830,0.2759057,0.658827,133,0,0,unseen
1099800130,0.17682683,0.5642596,687,0,0,unseen
1099808012,0.2969528,0.8173069,311,0,2,unseen
1099911913,0.5841137,0.92686087,375,0,7,unseen
1099964441,0.104447514,0.2999082,347,0,0,unseen
1099964617,0.19054356,0.59120625,334,0,0,unseen
1099981052,0.16474469,0.50217736,215,0,0,unseen
1100041650,0.18893749,0.66360617,317,0,0,unseen
1100046341,0.2021463,0.6131945,431,0,0,unseen
1100085251,0.20725192,0.71850127,351,0,0,unseen
1100088382,0.21510753,0.7213538,1252,0,0,unseen
1100357249,0.06509558,0.5931053,1300,0,0,unseen
1100381898,0.3406624,0.80086,589,0,0,unseen
1100404581,0.19150424,0.6118499,998,0,0,unseen
1100404634,0.1568599,0.5442087,432,0,0,unseen
1100558968,0.39198482,0.6688584,52,0,0,unseen
1100675450,0.31470323,0.81912947,962,0,0,unseen
1100675497,0.32230487,0.88743436,880,0,1,unseen
1100684849,0.064410955,0.683157,342,0,0,unseen
1100788127,0.29953665,0.64072275,939,0,0,unseen
1100792636,0.0535531,0.46177346,651,0,0,neg_only
1100796838,0.19329745,0.625856,1084,0,0,unseen
1100796921,0.17788306,0.6476169,599,0,0,unseen
1100797044,0.31570438,0.67683566,1221,0,0,unseen
1100801075,0.20441629,0.67119217,613,0,0,unseen
1100801188,0.114190005,0.46987653,1039,0,0,unseen
1100900138,0.4421442,0.865208,173,0,0,unseen
1100952886,0.2638725,0.6727238,76,0,0,unseen
1101012503,0.2896545,0.8825518,906,0,0,unseen
1101069609,0.05792413,0.5345746,321,0,0,unseen
1101094884,0.40232217,0.8107446,1262,0,0,unseen
1101133654,0.41113406,0.7973292,308,1,2,unseen
1101133698,0.19069661,0.42835546,620,0,0,neg_only
1101142083,0.18867931,0.89390266,369,0,4,unseen
1101142279,0.35601828,0.8787981,887,1,11,unseen
1101151029,0.2171191,0.8822429,371,0,0,unseen
1101353948,0.33864468,0.7718653,883,0,0,unseen
1101388261,0.16927524,0.6904476,378,0,0,unseen
1101414231,0.16317753,0.6203843,604,0,0,unseen
1101452892,0.37915647,0.6904058,678,0,0,unseen
1101452928,0.6173657,0.8678984,301,1,11,unseen
1101470303,0.28820243,0.7574823,702,0,0,unseen
1101474458,0.10439467,0.4904457,1157,0,0,unseen
1101487727,0.19170964,0.6441769,1084,0,0,unseen
1101495866,0.30646762,0.6769494,898,0,0,unseen
1101500218,0.40835285,0.77337223,672,0,0,unseen
1101500501,0.3997828,0.7770916,1183,0,0,unseen
1101504867,0.28742322,0.73030275,427,0,0,unseen
1101785977,0.16659835,0.5445829,341,0,0,unseen
1101794211,0.3525117,0.7370688,361,0,0,unseen
1101806834,0.12586184,0.6504508,366,0,0,unseen
1101807124,0.22218007,0.61710435,981,0,0,unseen
1101845661,0.26910758,0.71450967,305,0,2,unseen
1101850199,0.23404686,0.5818993,1079,0,1,unseen
1101984860,0.23635547,0.6695392,156,0,0,unseen
1102091961,0.3126508,0.7866592,437,0,0,unseen
1102191106,0.15703201,0.632201,308,0,0,unseen
1102191192,0.19331777,0.7994841,293,0,0,unseen
1102191395,0.1741128,0.5315353,335,0,0,unseen
1102334088,0.13878557,0.5846844,339,0,0,unseen
1102407288,0.08620213,0.23884936,177,0,0,unseen
1102407589,0.09674623,0.37391487,334,0,0,unseen
1102450001,0.17832671,0.5581362,336,0,0,unseen
1102454255,0.32181466,0.8549535,985,0,0,unseen
1102454319,0.31144795,0.72225124,374,0,0,unseen
1102514975,0.23900443,0.59478676,309,0,0,unseen
1102761868,0.23902903,0.76366216,1275,0,1,unseen
1102795781,0.38003704,0.71250194,1009,0,0,unseen
1102804327,0.33288896,0.81735426,603,0,0,unseen
1102898975,0.3166855,0.72450435,999,3,11,unseen
1103076052,0.35140315,0.6410759,1238,0,0,unseen
1103102334,0.12303863,0.3175002,65,0,0,unseen
1103231711,0.10904524,0.39503762,314,0,0,unseen
1103327144,0.20393057,0.69095683,539,0,0,unseen
1103468882,0.34389716,0.7514896,1177,0,1,unseen
1103559357,0.34847155,0.806374,709,2,13,unseen
1103576992,0.32776123,0.65347207,994,2,9,unseen
1103577592,0.118231945,0.5784955,1077,0,0,unseen
1103607784,0.47168335,0.8984833,1028,1,89,unseen
1103792936,0.29877773,0.6422124,1095,0,0,unseen
1103810192,0.40276134,0.85632354,866,0,1,unseen
1103840073,0.33973712,0.79291916,1123,0,0,unseen
1103996326,0.14381808,0.5082298,241,0,0,unseen
1104004164,0.39651987,0.7189199,154,0,0,unseen
1104056135,0.14633286,0.49520862,953,0,0,unseen
1104103910,0.07487311,0.37327442,335,0,0,unseen
1104146655,0.26762792,0.6705088,865,0,0,unseen
1104151060,0.32563496,0.8224721,462,0,0,unseen
1104155212,0.14719784,0.52768993,676,0,0,unseen
1104155523,0.22290486,0.6477044,364,0,0,unseen
1104159537,0.24610297,0.6996538,292,0,0,unseen
1104431743,0.4018112,0.669967,27,0,0,unseen
1104491936,0.5428683,0.86577696,336,0,0,unseen
1104595988,0.30872643,0.84008783,1007,0,3,unseen
1104635802,0.46537277,0.88980705,1062,1,57,unseen
1104686732,0.15769209,0.50084335,99,0,0,unseen
1104755839,0.03894403,0.73380125,240,0,0,unseen
1104790425,0.09430351,0.5785736,342,0,0,unseen
1104798905,0.2945784,0.6203942,169,0,0,unseen
1104824502,0.3438271,0.8635366,935,0,0,unseen
1104824699,0.2277651,0.65676486,351,0,0,unseen
1104832963,0.3629148,0.7178223,333,0,0,unseen
1104837227,0.1108394,0.7143369,419,0,0,unseen
1104837598,0.2613342,0.605623,334,0,0,unseen
1104841576,0.24065395,0.63945097,340,0,0,unseen
1105083895,0.13139172,0.4934712,1271,0,0,unseen
1105157111,0.30328768,0.60429245,125,0,0,unseen
1105157124,0.3387936,0.6167576,166,0,0,unseen
1105165255,0.43153214,0.81635344,61,0,0,unseen
1105169664,0.17947264,0.41052553,154,0,0,pos_only
1105178295,0.38035214,0.5988077,37,0,0,unseen
1105187274,0.3069517,0.7265252,343,0,0,unseen
1105459542,0.43665218,0.7144002,91,0,0,pos_only
1105502287,0.41173697,0.7252105,83,0,0,unseen
1105502296,0.35541594,0.6014111,60,0,0,unseen
1105554237,0.11429068,0.542239,369,0,0,unseen
1105713483,0.09508427,0.5973933,291,0,0,unseen
1105713515,0.13854825,0.45750087,324,0,0,unseen
1105834722,0.13421854,0.664769,321,0,0,unseen
1105839127,0.3559441,0.70954615,90,0,0,unseen
1105839176,0.2733546,0.61579823,298,0,0,unseen
1105882358,0.092033006,0.3937312,282,0,0,unseen
1105886434,0.17886807,0.66906834,395,0,0,unseen
1105955480,0.31651357,0.7548511,353,0,0,unseen
1106064205,0.24571337,0.6417392,370,0,0,unseen
1106093869,0.20883182,0.547675,223,0,0,unseen
1106102699,0.2531645,0.43189952,94,0,0,unseen
1106180107,0.08842022,0.5052609,285,0,0,unseen
1106405354,0.1622907,0.6808621,1233,0,0,unseen
1106443149,0.16584516,0.644453,325,0,0,unseen
1106469255,0.14877543,0.6181674,1267,0,0,unseen
1106857669,0.26871,0.5550065,337,0,0,unseen
1106862090,0.19137205,0.6328503,1083,0,0,unseen
1106888382,0.36756867,0.85943717,537,0,1,unseen
1106944058,0.14527199,0.5687979,110,0,2,unseen
1107081827,0.05518257,0.1632862,825,0,0,pos_only
1107082199,0.3269931,0.5866703,95,0,0,unseen
1107082256,0.5392621,0.8847624,122,0,2,unseen
1107095537,0.22714312,0.49969536,120,0,0,unseen
1107146865,0.21384807,0.5598523,101,0,0,unseen
1107224914,0.2640139,0.82291096,386,0,2,unseen
1107228827,0.18222985,0.61805797,335,0,0,unseen
1107233491,0.3181418,0.86460626,291,2,5,unseen
1107233517,0.16232872,0.5537855,337,0,0,unseen
1107418837,0.39010873,0.69122905,119,0,0,unseen
1107423040,0.5263643,0.87635493,126,0,1,unseen
1107423142,0.4274011,0.6726519,141,0,0,unseen
1107423154,0.5421874,0.78010064,140,0,0,unseen
1107423158,0.39910817,0.7601884,103,0,0,unseen
1107441034,0.09136309,0.7317663,209,0,0,unseen
1107561814,0.20381066,0.43832868,357,0,0,neg_only
1107566171,0.25767016,0.83820647,286,0,2,unseen
1107566252,0.2845413,0.73955566,1143,0,0,unseen
1107570259,0.23409164,0.83123595,339,0,2,unseen
1107764141,0.4675817,0.74511236,130,0,0,unseen
1107764184,0.52938634,0.7850412,144,0,0,unseen
1107764206,0.50328565,0.8360995,126,0,0,unseen
1107764430,0.696687,0.97835445,126,0,1,unseen
1107768683,0.30370533,0.5369402,73,0,0,unseen
1107768772,0.4808135,0.7547739,144,0,0,unseen
1107768789,0.40875214,0.6742298,138,0,0,unseen
1108100939,0.5686582,0.8318324,163,0,0,unseen
1108100980,0.42852315,0.7609514,121,0,0,unseen
1108101004,0.5403352,0.8534988,162,0,0,unseen
1108105485,0.4436088,0.69851196,136,0,0,unseen
1108109580,0.65293026,0.9475027,140,0,0,unseen
1108109641,0.40183115,0.71302295,123,0,0,unseen
1108109658,0.55274314,0.8106773,151,0,0,unseen
1108109684,0.5988525,0.8615379,152,0,1,unseen
1108113869,0.4942024,0.7699588,142,0,0,unseen
1108113892,0.47806838,0.75053394,70,0,0,unseen
1108136270,0.24332239,0.6693783,227,0,0,unseen
1108152508,0.19974448,0.65686977,313,0,0,unseen
1108166986,0.3647694,0.90371346,324,0,0,unseen
1108446169,0.25834984,0.5386796,92,0,0,unseen
1108446524,0.43105188,0.69454265,144,0,0,unseen
1108450770,0.32207566,0.6320055,116,0,0,unseen
1108450825,0.5633327,0.8164488,133,0,0,unseen
1108459071,0.30180192,0.8485442,234,0,0,unseen
1108459090,0.29308912,0.5874093,103,0,0,unseen
1108459322,0.5130856,0.82322115,182,0,2,unseen
1108459326,0.47031146,0.8610033,140,0,2,unseen
1108463488,0.40936127,0.6863042,189,0,0,unseen
1108468602,0.5193008,0.86387265,109,0,0,unseen
1108472508,0.5351789,0.8870177,162,0,0,unseen
1108473279,0.5662735,0.8255912,92,0,0,unseen
1108485790,0.27159378,0.82321256,211,0,0,unseen
1108541296,0.52832097,0.92907614,1102,0,2,unseen
1108545472,0.4103118,0.8608954,1083,0,0,unseen
1108545599,0.34450832,0.86661464,1138,0,0,unseen
1108563537,0.4997227,0.8119149,224,0,0,unseen
1108787548,0.27957484,0.58896935,111,0,0,unseen
1108796249,0.5090065,0.7495595,139,0,0,unseen
1108796315,0.31959996,0.612887,82,0,0,unseen
1108800338,0.31191817,0.5651702,77,0,0,unseen
1108805072,0.5124786,0.84097165,177,0,2,unseen
1108813935,0.54909045,0.8150445,177,0,1,unseen
1108818071,0.48996475,0.84615874,156,1,1,unseen
1109133043,0.6395544,0.95464665,144,0,0,unseen
1109141617,0.53782946,0.8197284,156,0,0,unseen
1109141661,0.58881795,0.8908716,138,0,0,unseen
1109141678,0.46023294,0.7234679,137,0,0,unseen
1109149659,0.4142153,0.77896625,118,0,0,unseen
1109154711,0.52572966,0.8307571,182,0,0,unseen
1109158650,0.16464818,0.56640124,288,0,0,unseen
1109158791,0.54940665,0.886968,178,0,0,unseen
1109163019,0.2427173,0.60123813,219,0,0,unseen
1109167269,0.6134041,0.89435786,124,0,0,unseen
1109194016,0.4764781,0.9832277,192,0,1,unseen
1109223365,0.56275713,0.9672633,1117,46,135,unseen
1109474158,0.5788991,0.8378207,142,0,0,unseen
1109478369,0.25048083,0.63829666,297,0,0,unseen
1109491902,0.5452723,0.95826954,144,0,0,unseen
1109495366,0.5835745,0.92332166,195,0,0,unseen
1109500146,0.43414325,0.8068625,139,0,0,unseen
1109568528,0.41186795,0.8907553,1086,0,1,unseen
1109568718,0.11670542,0.48053584,310,0,0,unseen
1109599486,0.21926752,0.67415684,1191,0,0,unseen
1109819485,0.45301405,0.8232591,135,0,0,unseen
1109827476,0.46327886,0.785299,92,0,0,unseen
1109832699,0.5381301,0.80720705,152,0,0,unseen
1109841562,0.6010896,0.9786616,168,0,4,unseen
1109957857,0.26654574,0.6601479,321,0,0,unseen
1110164795,0.25871244,0.64277357,211,0,0,unseen
1110173530,0.5528218,0.88659656,131,0,1,unseen
1110173824,0.20305154,0.65648127,231,0,0,unseen
1110173882,0.4043723,0.7436801,101,0,0,unseen
1110173958,0.45353135,0.7059924,134,0,0,unseen
1110186452,0.52498996,0.9493566,160,0,0,unseen
1110221199,0.15918866,0.8599621,317,0,0,unseen
1110298200,0.26631922,0.6954625,441,0,0,unseen
1110307501,0.29080072,0.71149594,674,0,0,unseen
1110535962,0.5952226,0.979318,173,0,4,unseen
1110536002,0.42648277,0.96908194,153,0,0,unseen
1110557531,0.5460033,0.9666176,185,0,0,unseen
1110562345,0.46981642,0.95849544,184,0,0,unseen
1110566098,0.5437422,0.9729901,146,0,0,unseen
1110566303,0.35942218,0.91493917,172,0,0,unseen
1110566383,0.5791308,0.96397537,163,0,2,unseen
1110640084,0.37447935,0.68622196,336,0,0,unseen
1110868515,0.22320315,0.6827039,298,0,0,unseen
1110885663,0.5579679,0.96283394,187,1,2,unseen
1110885932,0.5934906,0.8564387,87,0,1,unseen
1110894595,0.62268096,0.9825049,178,0,3,unseen
1110903013,0.47497055,0.9712273,188,0,0,unseen
1110903093,0.4414013,0.97148377,177,0,0,unseen
1110906913,0.5883545,0.9579154,142,0,0,unseen
1110937445,0.26866597,0.801933,937,0,0,unseen
1110972158,0.45328182,0.8091137,626,0,0,pos_only
1110985490,0.21575205,0.74968666,872,0,0,unseen
1110997994,0.26883522,0.664466,284,0,0,unseen
1111217863,0.5487592,0.9765049,173,1,3,unseen
1111243796,0.49112955,0.97041667,154,0,0,unseen
1111243870,0.40034005,0.9436622,152,0,0,unseen
1111244083,0.5791431,0.97832286,159,0,0,unseen
1111244201,0.55565006,0.97917694,165,0,0,unseen
1111248481,0.5789744,0.964083,153,0,1,unseen
1111278454,0.4497001,0.8634967,911,0,0,unseen
1111567676,0.6618653,0.98682094,136,1,2,unseen
1111572164,0.54084945,0.87569016,158,0,0,unseen
1111576163,0.72803,0.962336,134,1,7,unseen
1111580845,0.50933576,0.874121,133,0,0,unseen
1111615136,0.5198928,0.8994542,847,0,0,unseen
1111753990,0.49614453,0.89301294,1089,15,73,unseen
1111757266,0.15900122,0.39356905,59,0,0,unseen
1111917081,0.47962204,0.8389951,216,0,0,unseen
1111947403,0.46301612,0.8512559,849,0,0,unseen
1112090340,0.34014875,0.6248305,309,0,1,unseen
1112099400,0.2074961,0.42243442,271,0,0,unseen
1112125413,0.19365555,0.7340669,1059,0,0,unseen
1112431072,0.2380991,0.51534224,290,0,0,unseen
1112443807,0.1798518,0.6445544,685,1,6,unseen
1112777131,0.21157515,0.5692866,886,0,0,unseen
1113371822,0.29619125,0.81044436,1154,0,0,unseen
1124255029,0.24431801,0.9025856,717,0,1,unseen
1125411720,0.26626554,0.6839843,678,0,0,unseen
1125964630,0.30594236,0.7909208,1081,0,0,unseen
1125964651,0.3624674,0.8075089,978,0,0,unseen
1125964814,0.43945956,0.90518695,891,0,7,unseen
1125964879,0.29087794,0.70862263,984,0,0,unseen
1125964899,0.27295,0.70973194,976,0,0,unseen
1125969082,0.48719853,0.9315856,933,2,7,unseen
1125969140,0.19072255,0.65762925,868,0,0,unseen
1126301255,0.2980146,0.7344511,914,0,0,unseen
1126301622,0.2847375,0.7864075,823,0,0,unseen
1126305687,0.31483474,0.7760178,893,0,0,unseen
1126306451,0.359255,0.7802468,1095,0,0,unseen
1126310716,0.3021575,0.7581464,1031,0,0,unseen
1126310776,0.2876157,0.7553314,820,0,0,unseen
1126310807,0.2769736,0.79351777,926,0,0,unseen
1126310841,0.26349744,0.67412883,994,0,0,unseen
1126310969,0.30436113,0.746846,950,0,0,unseen
1126647624,0.4007869,0.88447905,949,0,3,unseen
1127039517,0.14837708,0.4121661,317,0,0,unseen
1127402256,0.25559923,0.36165825,4,0,0,unseen
1127436650,0.17340805,0.39193258,25,0,0,unseen
1127471202,0.2193008,0.82794875,880,0,10,unseen
1127471692,0.27393168,0.6198612,967,0,0,unseen
1127476096,0.19040905,0.78577995,560,0,0,unseen
1127604950,0.25554577,0.6980809,837,0,0,unseen
1127691457,0.19351633,0.5328814,77,0,0,unseen
1127808629,0.24798755,0.64600664,729,0,0,unseen
1127924395,0.06020515,0.43066895,285,0,0,unseen
1128088594,0.2618767,0.8363041,318,0,0,unseen
1128092885,0.19185613,0.74537426,292,0,0,unseen
1128097470,0.16513233,0.45279828,209,0,0,unseen
1128200628,0.11345883,0.5663441,157,0,0,unseen
1128235633,0.18099795,0.45367005,78,0,0,unseen
1128330889,0.20038529,0.60780054,330,0,0,unseen
1128434325,0.19005993,0.57380766,307,0,0,unseen
1128495875,0.24631463,0.81383336,954,0,23,unseen
1128572709,0.20507038,0.71130425,314,0,0,unseen
1128573330,0.45940113,0.8108536,69,0,0,unseen
1128576728,0.10529395,0.32261768,48,0,0,unseen
1128757926,0.21947168,0.47265035,22,0,0,unseen
1129033939,0.28501353,0.55543226,84,0,0,unseen
1129042596,0.41558447,0.8338353,410,0,0,unseen
1129302146,0.5108157,0.7930601,352,0,0,unseen
1129306180,0.14514819,0.30979753,20,0,0,unseen
1129323248,0.38881508,0.85029244,1023,0,0,unseen
1129367500,0.13870448,0.6370005,124,0,0,unseen
1129396529,0.4638773,0.8650516,375,0,1,unseen
1129400917,0.55891585,0.8838978,425,0,0,unseen
1129456907,0.26055458,0.52627105,86,0,0,unseen
1129694717,0.15357593,0.6591929,324,0,0,unseen
1129708175,0.1017543,0.55823356,211,0,0,unseen
1129755551,0.29161632,0.58734,78,0,0,unseen
1129772186,0.28166404,0.7897583,1006,0,4,unseen
1129849756,0.39758095,0.719692,384,0,0,unseen
1129937412,0.47925374,0.7655229,340,0,0,unseen
1130049611,0.07707904,0.39551166,180,0,0,unseen
1130152325,0.2806791,0.5843033,85,0,0,unseen
1130152528,0.13525985,0.5772683,92,0,0,unseen
1130156970,0.08559646,0.36125875,436,0,0,unseen
1130359511,0.1823488,0.54408425,342,0,0,unseen
1130458829,0.06017824,0.09675181,8,0,0,pos_only
1130463017,0.14065,0.5448742,996,0,0,unseen
1130545249,0.3541479,0.7473687,308,0,0,unseen
1130605683,0.2615562,0.71910703,247,0,0,unseen
1130687130,0.4048385,0.92237777,1119,0,3,unseen
1130713650,0.27586463,0.59940207,331,0,0,unseen
1130714433,0.121578164,0.5110896,219,0,0,unseen
1130731603,0.12394965,0.5077662,204,0,0,unseen
1130783454,0.27919838,0.64240134,54,0,1,unseen
1130947782,0.28008187,0.70609415,237,0,0,unseen
1131011511,0.52367306,0.88229823,118,0,0,unseen
1131310385,0.14156005,0.81894505,185,0,0,unseen
1131339501,0.35299957,0.72519004,172,0,0,unseen
1131485772,0.100301355,0.5389388,289,0,0,unseen
1131738018,0.24477439,0.6397946,1052,0,0,unseen
1131810172,0.09813014,0.52904946,335,0,0,unseen
1131810273,0.08953209,0.4947346,281,0,0,unseen
1131814976,0.1737066,0.6767282,259,0,0,unseen
1131822530,0.2812718,0.59602356,1075,0,0,unseen
1131822592,0.22118033,0.5587354,1123,0,0,unseen
1131822654,0.32264423,0.62532884,544,0,0,unseen
1131826900,0.119307056,0.49069527,305,0,0,unseen
1131827390,0.14468905,0.53016126,899,0,0,both
1131827565,0.28127024,0.59283125,307,0,0,unseen
1131831702,0.09119786,0.42677212,781,0,0,unseen
1131831822,0.25652477,0.5174915,327,0,0,unseen
1131831990,0.16895467,0.74418193,1234,0,0,unseen
1131836121,0.12656714,0.5563273,352,0,0,unseen
1131836229,0.14684589,0.46105748,596,0,0,unseen
1131836336,0.1421845,0.54223,306,0,0,unseen
1131840673,0.07310401,0.38458982,340,0,0,unseen
1131988003,0.13135962,0.5452946,326,0,0,unseen
1132030694,0.22555375,0.8259693,768,0,0,unseen
1132060387,0.54473996,0.7757812,341,0,0,unseen
1132142271,0.42944822,0.6032928,302,0,0,unseen
1132150724,0.21878034,0.56505847,859,0,0,unseen
1132163799,0.10043344,0.53612566,330,0,0,unseen
1132163803,0.1004345,0.63618594,355,0,0,unseen
1132168481,0.31748894,0.7036244,299,0,0,unseen
1132168616,0.19510198,0.6108917,340,0,0,unseen
1132168736,0.095033325,0.7097181,339,0,0,unseen
1132172898,0.3777095,0.7942187,304,0,0,unseen
1132176882,0.13820677,0.86370623,398,0,0,unseen
1132186103,0.47727382,0.8555373,571,0,3,unseen
1132189788,0.24675901,0.87991965,379,0,0,unseen
1132194044,0.36128184,0.70576465,344,0,0,unseen
1132258749,0.49661916,0.8278921,297,0,0,unseen
1132371777,0.25848693,0.7798932,695,0,0,unseen
1132406255,0.19052877,0.8787855,834,0,0,unseen
1132431845,0.45882693,0.86537665,893,0,0,unseen
1132483817,0.59042853,0.91499066,402,0,4,unseen
1132487921,0.30729842,0.66936415,331,0,0,unseen
1132488293,0.5338189,0.8770607,436,0,1,unseen
1132526832,0.20299372,0.6688364,1149,0,0,unseen
1132530992,0.37796104,0.76383024,912,0,1,unseen
1132535520,0.42540357,0.79008204,545,0,0,unseen
1132539492,0.55347943,0.90127933,980,3,11,unseen
1132764433,0.28667104,0.6620027,282,0,0,unseen
1132824528,0.2817132,0.78797954,388,0,0,unseen
1132829002,0.21237852,0.4871293,1057,0,0,unseen
1132829058,0.18353103,0.5716679,334,0,0,unseen
1132846376,0.33430213,0.72640294,838,0,0,unseen
1132884644,0.14398693,0.5765611,394,0,0,unseen
1132907071,0.061610874,0.41593134,143,0,0,unseen
1133109676,0.124334335,0.5644628,330,0,0,unseen
1133161694,0.42456186,0.79872286,625,0,2,unseen
1133191339,0.36203247,0.7326588,1022,0,0,unseen
1133208889,0.4015626,0.71912766,835,0,0,unseen
1133334809,0.26682767,0.614736,575,0,0,unseen
1133455474,0.11346704,0.47593388,401,0,0,unseen
1133484841,0.34038597,0.8354634,540,0,1,unseen
1133484977,0.380584,0.76764387,389,0,0,unseen
1133562752,0.23394403,0.78346527,542,1,1,unseen
1133566834,0.1910096,0.796876,295,0,0,unseen
1133571702,0.27805033,0.7854367,335,0,0,unseen
1133593331,0.23437795,0.58687985,190,2,11,unseen
1133825915,0.12994334,0.51863694,341,0,0,unseen
1133839128,0.23455001,0.7233212,431,0,0,unseen
1133890586,0.23465846,0.8730154,462,0,2,unseen
1133920966,0.62642574,0.9065401,396,6,17,unseen
1133925083,0.109617345,0.38262865,314,0,0,unseen
1134107162,0.19524643,0.4934005,842,0,0,unseen
1134140939,0.16310735,0.66761816,1184,0,0,unseen
1134146373,0.079567574,0.45946637,304,0,0,unseen
1134162552,0.19597048,0.5686733,344,0,0,unseen
1134167069,0.31013927,0.71752584,398,0,0,unseen
1134171410,0.33538878,0.78835803,616,2,4,unseen
1134175769,0.32563123,0.81747115,378,0,0,unseen
1134201762,0.40888515,0.90605867,780,0,0,unseen
1134253374,0.13267967,0.54392564,296,0,0,unseen
1134456668,0.11691637,0.53940266,1252,0,0,unseen
1134482718,0.14879116,0.8148826,1275,0,0,unseen
1134503860,0.24067429,0.66861176,300,0,0,unseen
1134581674,0.2119479,0.5223109,857,0,0,unseen
1134703538,0.3556107,0.80100685,268,0,0,unseen
1134729441,0.27116004,0.6520549,805,0,0,unseen
1134789102,0.3009936,0.6718372,1044,0,0,unseen
1134819586,0.37354484,0.6672926,126,0,0,unseen
1134840743,0.38028356,0.85656404,1132,0,0,unseen
1134849005,0.27272165,0.8387921,496,0,0,unseen
1134849078,0.18575062,0.6910526,1112,0,0,unseen
1134970390,0.16009907,0.45055965,383,0,0,unseen
1135112830,0.17278491,0.47028726,301,0,0,unseen
1135138281,0.23370491,0.82979906,891,0,1,unseen
1135138998,0.11535667,0.7371264,203,0,0,unseen
1135160387,0.21256305,0.69797117,355,0,0,unseen
1135169386,0.30218446,0.7045738,44,0,0,unseen
1135173449,0.31439483,0.83092743,1067,0,0,unseen
1135294306,0.13996294,0.6932712,1104,0,0,unseen
1135311365,0.15413396,0.74660826,645,2,15,unseen
1135441187,0.015982578,0.5033332,594,0,0,both
1135458373,0.16077879,0.46678415,186,0,0,unseen
1135518161,0.3146803,0.89737904,1228,0,1,unseen
1135777647,0.12879387,0.45799845,318,0,0,unseen
1135829553,0.3262623,0.70297545,68,0,0,unseen
1135837629,0.103934936,0.6550012,1331,0,0,neg_only
1135863959,0.27667665,0.79106003,1078,0,0,unseen
1135872491,0.27930012,0.7500717,287,0,0,unseen
1135881013,0.19317102,0.51286936,333,0,0,unseen
1135898324,0.32626686,0.75271666,445,0,0,unseen
1135902716,0.40541905,0.91118747,964,2,5,unseen
1135902737,0.39801967,0.89074945,583,1,1,unseen
1135902749,0.36685693,0.9028086,780,0,0,unseen
1135902770,0.40737528,0.91775244,766,0,3,unseen
1135907207,0.24342705,0.85975915,982,0,0,unseen
1135941181,0.28415656,0.8461559,393,1,15,unseen
1135941581,0.22612157,0.7626068,843,0,1,unseen
1135984965,0.26725668,0.8519925,327,0,1,unseen
1136200534,0.2953521,0.704893,996,0,0,unseen
1136204852,0.30211785,0.8500956,852,0,0,unseen
1136213460,0.33777767,0.6674118,1151,0,0,unseen
1136248041,0.37359232,0.8666626,660,0,1,unseen
1136252169,0.30949578,0.89080715,588,0,1,unseen
1136252170,0.31856292,0.85119736,563,0,0,unseen
1136273393,0.27715704,0.7103838,679,1,26,unseen
1136399017,0.5465719,0.9077414,152,1,6,unseen
1136399018,0.5416895,0.9714806,166,0,0,unseen
1136407269,0.037539188,0.11617798,97,0,0,unseen
1136472342,0.45601824,0.6457241,308,0,0,unseen
1136498477,0.105251454,0.44653004,964,0,0,unseen
1136502893,0.06735041,0.4713338,614,0,0,unseen
1136524135,0.34627357,0.61746895,53,0,0,unseen
1136545839,0.22127031,0.6402904,319,0,0,unseen
1136740119,0.6252218,0.9747718,168,0,1,unseen
1136740146,0.49977988,0.8908463,177,0,0,unseen
1136744477,0.36110565,0.9106454,275,0,0,unseen
1136744508,0.5225985,0.8651084,109,0,0,unseen
1136744536,0.5892954,0.90745234,123,0,0,unseen
1136744594,0.5898548,0.9589986,157,0,1,unseen
1136744598,0.5338579,0.97557926,179,0,0,unseen
1136744615,0.5008512,0.82446706,88,0,0,unseen
1136752885,0.039121166,0.32084468,1343,0,0,unseen
1136788088,0.23648427,0.65664804,58,0,0,unseen
1136852640,0.05605727,0.3515825,342,0,0,unseen
1136852717,0.2753579,0.54507405,43,0,0,unseen
1136861363,0.09199906,0.6210988,318,0,0,unseen
1136865339,0.02732608,0.31025475,262,0,0,unseen
1137085385,0.5053105,0.9605112,155,0,0,unseen
1137085521,0.3228625,0.5890312,48,0,0,unseen
1137085556,0.60474426,0.87654907,98,0,0,unseen
1137085557,0.32534504,0.6714765,132,0,0,unseen
1137085624,0.4715379,0.73672193,87,0,0,unseen
1137210821,0.1145013,0.5915721,286,0,0,unseen
1137219365,0.15925905,0.70347977,289,0,0,unseen
1137279454,0.11111531,0.6149921,479,0,1,unseen
1137288015,0.17414635,0.7562282,141,0,0,unseen
1137326978,0.2667507,0.64636534,366,0,0,unseen
1137422182,0.5169225,0.75148755,127,0,0,unseen
1137422212,0.31926638,0.6118403,93,0,0,unseen
1137426370,0.33664808,0.62356275,94,0,0,unseen
1137426492,0.38673136,0.6340517,83,0,0,unseen
1137426569,0.43985,0.79230404,149,0,0,unseen
1137430679,0.47081608,0.81460476,155,0,0,unseen
1137499592,0.17919679,0.5839943,1234,0,0,unseen
1137499637,0.10980972,0.39308336,551,0,0,unseen
1137503987,0.16650866,0.5544311,242,0,0,unseen
1137504126,0.44285485,0.7980921,296,0,0,unseen
1137590785,0.07152434,0.46164334,680,0,0,unseen
1137590955,0.29548657,0.57526517,998,0,0,unseen
1137763222,0.7122161,0.9865811,141,3,18,unseen
1137767444,0.3503447,0.65126,118,0,0,unseen
1137767646,0.42749318,0.7081862,122,0,0,unseen
1137767724,0.39158198,0.7194329,112,0,0,unseen
1137771796,0.3897738,0.75022906,87,0,0,unseen
1137771829,0.42849883,0.7235582,141,0,0,unseen
1137771848,0.4829052,0.7520743,162,0,0,unseen
1137780695,0.37336746,0.7565986,143,0,0,unseen
1137780791,0.39303687,0.67771286,131,0,0,unseen
1137957299,0.080491506,0.43846858,312,0,0,unseen
1138026774,0.28324372,0.7408875,915,1,3,unseen
1138108777,0.27125314,0.6976875,92,0,0,unseen
1138112831,0.5171382,0.9306422,165,0,0,unseen
1138112854,0.50090367,0.7478818,154,0,0,unseen
1138117104,0.574255,0.88962984,115,0,1,unseen
1138117141,0.45976362,0.9726193,154,0,1,unseen
1138212774,0.4915774,0.78184,333,0,0,unseen
1138259582,0.24533707,0.84865,464,3,15,unseen
1138320215,0.1800779,0.77887976,458,2,13,unseen
1138363720,0.21646148,0.70777065,306,0,0,unseen
1138449419,0.45310184,0.7086088,135,0,0,unseen
1138453852,0.24646412,0.49674556,100,0,0,unseen
1138453934,0.5672963,0.85562587,137,0,0,unseen
1138453962,0.51119393,0.81374955,132,0,0,unseen
1138458189,0.41049054,0.7148663,119,0,0,unseen
1138458221,0.36577922,0.7279246,122,0,0,unseen
1138458236,0.49921066,0.8476201,139,0,0,unseen
1138462517,0.5047744,0.7891826,180,0,0,unseen
1138462526,0.45100048,0.71938485,165,0,0,unseen
1138462564,0.39788893,0.676485,78,0,0,unseen
1138462578,0.4095434,0.6818593,144,0,0,unseen
1138466987,0.5048301,0.73689306,140,0,0,unseen
1138518446,0.06840438,0.2058369,135,0,0,unseen
1138528013,0.44848776,0.67482823,245,0,0,unseen
1138579549,0.061478455,0.41359466,1079,0,0,unseen
1138587910,0.04154696,0.34106138,1223,0,0,unseen
1138601109,0.20103537,0.7226173,337,0,0,unseen
1138696627,0.19821298,0.7977388,430,1,1,unseen
1138795022,0.44317344,0.84336996,122,0,0,unseen
1138795086,0.33879897,0.67429763,119,0,0,unseen
1138798959,0.50821096,0.8359759,163,0,0,unseen
1138799127,0.4754131,0.8222133,127,0,0,unseen
1138803610,0.5724894,0.85887665,195,0,0,unseen
1138803621,0.41250333,0.7580643,127,0,1,unseen
1138803664,0.43969727,0.72412646,121,0,0,unseen
1138807874,0.48611388,0.77811134,147,0,0,unseen
1138807902,0.4084699,0.6687421,75,0,0,unseen
1138807914,0.41365853,0.7140026,143,0,0,unseen
1138807923,0.64441156,0.94494987,149,0,1,unseen
1138807924,0.5469911,0.9854177,180,1,2,unseen
1138807926,0.45978513,0.7281769,146,0,0,unseen
1138807929,0.39977232,0.8106569,170,0,0,unseen
1138807940,0.45396966,0.7556257,174,0,0,unseen
1138812529,0.51221526,0.87852746,87,0,0,unseen
1138855577,0.041974857,0.3149991,290,0,0,unseen
1138915459,0.62449235,0.9037247,332,0,0,unseen
1139144718,0.48282948,0.8773006,146,1,3,unseen
1139148877,0.47862178,0.8336439,100,0,0,unseen
1139148900,0.5328822,0.80591345,104,0,0,unseen
1139148919,0.4684583,0.7748249,92,0,0,unseen
1139153107,0.52507293,0.8568966,105,0,0,unseen
1139153136,0.47461292,0.96968,190,0,0,unseen
1139153150,0.49870378,0.8108544,178,0,0,unseen
1139153158,0.41986212,0.70752186,81,1,2,unseen
1139153191,0.31147102,0.8592457,176,0,0,unseen
1139157979,0.48492745,0.8514057,129,0,0,unseen
1139240289,0.49038917,0.82393044,226,0,1,unseen
1139265826,0.16658998,0.5038659,312,0,0,unseen
1139485866,0.4362092,0.7565614,171,0,0,unseen
1139485872,0.548151,0.83787954,115,0,0,unseen
1139490024,0.25554943,0.5097798,65,0,0,unseen
1139490055,0.36967888,0.76376384,127,0,0,unseen
1139494179,0.43809214,0.77215856,112,0,0,unseen
1139498548,0.45985,0.8598099,143,0,0,unseen
1139498553,0.52455336,0.8710731,84,0,0,unseen
1139498577,0.51155114,0.7745644,87,0,0,unseen
1139498661,0.53653723,0.9824155,184,0,0,unseen
1139507266,0.541497,0.78570503,86,0,0,unseen
1139515440,0.2398389,0.62040716,331,0,0,unseen
1139516013,0.1554974,0.58958834,313,0,0,unseen
1139524692,0.2621447,0.5612489,271,0,0,unseen
1139667240,0.27206397,0.791083,1090,0,0,unseen
1139724251,0.22498357,0.4839066,315,0,0,unseen
1139822602,0.50589526,0.7722598,164,0,0,unseen
1139826933,0.5277757,0.91357535,132,0,1,unseen
1139831106,0.3067563,0.574063,76,0,0,unseen
1139831143,0.44267306,0.7068067,101,0,0,unseen
1139831160,0.54508054,0.8026116,139,0,0,unseen
1139831308,0.5502329,0.9248564,148,0,0,unseen
1139831315,0.54542917,0.8488842,174,0,0,unseen
1139835080,0.43762523,0.7609256,140,0,0,unseen
1139835270,0.51596117,0.914537,132,0,1,unseen
1139835335,0.3904451,0.71027744,108,0,0,unseen
1139835387,0.5543019,0.9002962,144,0,0,unseen
1139848472,0.4662684,0.8741919,175,0,0,unseen
1139852825,0.34604847,0.63942593,78,0,0,unseen
1139856780,0.5084606,0.84641165,189,0,0,unseen
1139909038,0.040044345,0.5597723,87,0,0,unseen
1139921468,0.43384963,0.88156736,1137,0,0,unseen
1139921865,0.5158693,0.941528,1062,1,11,unseen
1140168071,0.5583368,0.8414627,156,0,2,unseen
1140172133,0.3008109,0.5469811,83,0,0,unseen
1140172174,0.36734766,0.7297952,120,0,0,unseen
1140176382,0.26740384,0.5574663,72,0,0,unseen
1140176410,0.40376353,0.7087186,127,0,0,unseen
1140176456,0.29590794,0.5571428,82,0,0,unseen
1140188914,0.5298211,0.86108494,141,0,0,unseen
1140188920,0.57665646,0.9425165,139,0,0,unseen
1140189290,0.5269054,0.8341172,114,0,0,unseen
1140189329,0.21675757,0.5392616,308,0,0,unseen
1140193613,0.48488376,0.8254874,107,0,0,unseen
1140240894,0.28910053,0.5674655,331,0,0,unseen
1140245595,0.05045402,0.25872755,23,0,0,unseen
1140249804,0.04333929,0.4042426,51,0,0,unseen
1140249852,0.07127133,0.47422138,61,0,0,unseen
1140508414,0.2269201,0.57015514,279,0,0,unseen
1140509130,0.5837328,0.8455404,130,0,0,unseen
1140509203,0.4835327,0.7263258,169,0,0,unseen
1140517287,0.28165087,0.5385523,74,0,0,unseen
1140517447,0.20294005,0.57140785,175,0,0,unseen
1140534972,0.18698278,0.56972826,334,0,0,unseen
1140547788,0.5535222,0.824114,80,0,0,unseen
1140603698,0.42605892,0.8757461,1088,0,0,unseen
1140655376,0.37329933,0.78192186,362,0,0,unseen
1140655624,0.16341348,0.63776344,737,0,0,unseen
1140737968,0.27919546,0.570588,275,0,0,unseen
1140738351,0.16552562,0.5314554,237,0,0,unseen
1140750808,0.32563397,0.5970515,261,0,0,unseen
1140750938,0.22228585,0.5912859,263,0,0,unseen
1140862679,0.25498363,0.5667626,112,0,0,unseen
1140863129,0.43613443,0.7317321,138,0,0,unseen
1140867533,0.36180234,0.64215624,77,0,0,unseen
1140872223,0.16199821,0.6415891,282,0,0,unseen
1140923511,0.02621266,0.37785673,265,0,0,unseen
1140950118,0.42848596,0.84400856,888,0,0,unseen
1140996390,0.23256698,0.7493021,565,0,0,unseen
1141000881,0.24492432,0.7594372,580,0,0,unseen
1141006088,0.4981051,0.89312124,917,0,3,unseen
1141009503,0.15932064,0.52254695,24,0,0,unseen
1141009899,0.29823866,0.8467439,911,0,0,unseen
1141010036,0.3342287,0.8985999,1009,0,0,unseen
1141195327,0.26355517,0.57660335,262,0,0,unseen
1141208572,0.35825562,0.61663765,78,0,1,unseen
1141213129,0.17281494,0.34764448,71,0,0,unseen
1141251402,0.5625679,0.9669709,159,0,0,unseen
1141259920,0.50494987,0.9761885,151,0,0,unseen
1141268794,0.332094,0.7326297,843,0,1,unseen
1141290695,0.47104216,0.81548643,887,0,0,unseen
1141290835,0.5498008,0.91531104,961,4,23,unseen
1141324564,0.3320752,0.66903305,711,0,0,pos_only
1141328881,0.27976605,0.7128741,567,0,0,unseen
1141329053,0.34024978,0.79436207,482,0,0,unseen
1141329227,0.31419545,0.819234,390,0,0,unseen
1141337518,0.47982067,0.9003589,1084,0,2,unseen
1141337557,0.31716394,0.7276099,975,0,0,unseen
1141337605,0.39875734,0.76789576,1036,0,0,both
1141337629,0.30660346,0.8817276,1004,0,0,unseen
1141337663,0.23361446,0.83651155,950,0,0,unseen
1141337757,0.2489371,0.83028984,995,0,0,unseen
1141342258,0.33243775,0.8345331,988,0,0,unseen
1141342260,0.2866707,0.8634646,955,0,0,unseen
1141342299,0.5162683,0.8971835,885,1,3,unseen
1141346217,0.44228807,0.9138654,992,3,15,unseen
1141346308,0.5287111,0.8816011,893,0,2,unseen
1141346462,0.33586192,0.7184676,891,0,0,unseen
1141346472,0.33001196,0.91060954,1049,0,2,unseen
1141350537,0.3340847,0.74655604,687,0,0,unseen
1141601145,0.47303087,0.96002346,166,0,0,unseen
1141630854,0.5362832,0.9011222,901,0,1,unseen
1141631198,0.35596707,0.7022139,926,0,0,unseen
1141631240,0.35870498,0.8202508,907,0,0,unseen
1141636055,0.4654604,0.8363727,992,0,4,unseen
1141636389,0.45816553,0.85761565,949,1,3,unseen
1141674495,0.33483467,0.75983584,887,0,1,unseen
1141678637,0.27334675,0.82465625,864,0,0,unseen
1141678665,0.44411552,0.90501094,988,2,10,pos_only
1141678931,0.35085166,0.81146854,1013,0,0,unseen
1141678948,0.15496482,0.57330656,297,0,0,unseen
1141682748,0.22314219,0.88339305,912,0,0,unseen
1141687128,0.15747803,0.39994907,338,0,0,unseen
1141687352,0.3811225,0.9289693,1081,1,8,unseen
1141691881,0.41206855,0.853856,967,0,0,unseen
1141692008,0.22128348,0.58857584,371,0,0,unseen
1141937695,0.367068,0.9424597,152,0,0,unseen
1141972158,0.49717796,0.84766346,977,0,0,unseen
1141972202,0.45053813,0.7707311,929,0,0,unseen
1141976953,0.5575999,0.8968173,914,1,2,unseen
1141977014,0.42234415,0.81128234,922,0,0,unseen
1141977071,0.42512324,0.8261947,939,0,1,unseen
1142002856,0.55019736,0.7819323,328,0,0,unseen
1142011140,0.368924,0.74444973,1132,0,0,pos_only
1142019737,0.40562418,0.87846506,1043,0,2,unseen
1142019868,0.440411,0.8591029,962,0,1,unseen
1142019878,0.49108642,0.87053293,976,1,7,unseen
1142024290,0.45291486,0.8611938,1010,0,7,unseen
1142028710,0.24316189,0.74325687,881,0,0,unseen
1142257556,0.4722361,0.9783824,183,0,1,unseen
1142266328,0.34439656,0.8999318,141,0,0,unseen
1142356511,0.45191643,0.85601604,926,0,0,unseen
1142356576,0.36040196,0.7968578,923,0,0,pos_only
1142360528,0.34311813,0.89012617,1071,0,1,unseen
1142365351,0.30314314,0.63368547,364,0,0,pos_only
1142598324,0.49651766,0.92629397,122,0,1,unseen
1142658717,0.42098597,0.8058674,917,0,0,unseen
1142706421,0.3009085,0.8876661,1095,0,1,unseen
1142994933,0.34031036,0.8921917,885,0,1,unseen
1143129698,0.30962092,0.8630726,1058,1,22,unseen
1143167974,0.16342652,0.46872467,96,0,0,unseen
1143332046,0.44909972,0.83974826,906,0,0,unseen
1143340753,0.37166023,0.83361983,1023,0,0,unseen
1143677310,0.2845467,0.808444,844,0,0,unseen
1143686159,0.40612254,0.8143338,917,0,0,unseen
1144761556,0.3082556,0.617327,624,1,1,unseen
1155263986,0.19460602,0.46949622,1159,0,0,unseen
1155302782,0.29413772,0.7434,708,0,0,unseen
1155652503,0.2693182,0.75855744,969,0,0,unseen
1156663078,0.3027802,0.78450954,782,0,0,unseen
1156999846,0.30614442,0.7685754,902,0,0,unseen
1157000178,0.32523715,0.78196883,937,0,0,unseen
1157202283,0.35132664,0.6755601,126,0,0,unseen
1158018199,0.076365255,0.49594522,233,0,0,unseen
1158074778,0.4455827,0.82287884,154,0,0,unseen
1158187240,0.36081,0.87715894,32,1,1,unseen
1158191562,0.38700595,0.6735688,41,0,1,unseen
1158191622,0.30317008,0.699379,278,0,0,unseen
1158191887,0.26824427,0.7579529,67,0,0,unseen
1158385432,0.1906475,0.4887372,123,0,0,unseen
1158385516,0.13866441,0.53889304,361,0,0,unseen
1158402729,0.06691692,0.31658363,1233,0,0,unseen
1158507458,0.33480543,0.6335867,786,0,2,unseen
1158507467,0.25598145,0.6645644,713,0,0,unseen
1158528396,0.29030812,0.7510616,22,0,0,unseen
1158532993,0.3284074,0.6806832,12,0,0,unseen
1158536635,0.41895434,0.6407786,34,0,0,unseen
1158610253,0.27586675,0.8140793,489,0,0,unseen
1158631810,0.24807966,0.7094756,25,0,0,unseen
1158635682,0.40144664,0.67750514,324,0,0,unseen
1158644769,0.43301865,0.8087693,27,0,2,unseen
1158691908,0.38212982,0.7358554,1128,0,0,unseen
1158726373,0.1929114,0.7555642,1135,0,0,unseen
1158747783,0.10956517,0.2676231,42,0,0,unseen
1158864995,0.3706052,0.83033264,35,0,2,unseen
1158877703,0.25951913,0.52196413,19,0,0,unseen
1158877783,0.3750228,0.70764744,22,0,0,unseen
1158903092,0.15408869,0.61084765,272,0,0,unseen
1158994954,0.32826614,0.58790845,9,0,0,unseen
1159123802,0.09210583,0.35925645,307,0,0,unseen
1159262075,0.26788536,0.69632685,29,0,0,unseen
1159262177,0.13361484,0.44286513,50,0,0,unseen
1159330685,0.46431538,0.7694592,329,0,0,unseen
1159403919,0.4543482,0.82548803,388,0,0,unseen
1159530101,0.26122284,0.7409121,692,0,0,unseen
1159551037,0.48795348,0.7660897,25,2,4,unseen
1159607159,0.5411932,0.8159794,74,0,0,unseen
1159611686,0.55429435,0.8311762,77,0,0,unseen
1159611751,0.5660344,0.84653354,79,0,1,unseen
1159611828,0.5979852,0.80884707,65,0,0,unseen
1159715613,0.25270724,0.68497795,154,0,0,unseen
1159944202,0.061922498,0.33006984,217,0,0,unseen
1159948125,0.55287254,0.79057425,71,0,1,unseen
1159952969,0.5896117,0.82299435,62,0,0,unseen
1159953225,0.501428,0.7720519,63,0,0,unseen
1160070135,0.20647074,0.60488355,129,0,1,unseen
1160073701,0.14024828,0.63444614,1196,0,0,neg_only
1160288913,0.54968953,0.8933513,107,0,0,unseen
1160466122,0.04879565,0.3932298,819,0,0,unseen
1160752265,0.15139799,0.5475002,389,0,0,unseen
1160807120,0.2409232,0.68298894,1134,0,0,unseen
1160833169,0.4047758,0.7570744,163,0,0,unseen
1160854977,0.22476657,0.41185513,9,0,0,unseen
1161117856,0.1843297,0.5810109,1052,0,1,unseen
1161399526,0.17883836,0.52240366,1120,0,0,unseen
1161429278,0.3085893,0.47730702,38,0,0,unseen
1161459105,0.18957151,0.5989883,257,0,0,unseen
1161688286,0.20211913,0.5848804,149,0,0,unseen
1161705902,0.40636986,0.84841806,151,0,0,unseen
1161731111,0.41096932,0.8378947,893,0,0,unseen
1161946749,0.35015532,0.7039671,52,0,0,unseen
1162063500,0.5556698,0.8795162,1061,0,0,unseen
1162081064,0.14869823,0.435249,121,0,0,unseen
1162180404,0.126229,0.49736854,291,0,0,unseen
1162305766,0.17497827,0.66084504,51,0,1,unseen
1162516527,0.25970733,0.617877,111,0,0,unseen
1162529693,0.23866932,0.45269477,297,0,0,unseen
1162534149,0.39098054,0.8188239,1172,0,0,unseen
1162711771,0.30725002,0.83269066,261,0,0,unseen
1162849313,0.14867094,0.54253364,302,0,0,unseen
1162849350,0.14905675,0.5356147,344,0,0,unseen
1162862472,0.20535767,0.4996444,307,0,0,unseen
1162862710,0.22124699,0.79197925,1186,0,0,unseen
1162866390,0.19959572,0.5391976,578,0,0,unseen
1162871168,0.13303418,0.43502414,854,0,0,unseen
1162879471,0.4180337,0.74625224,391,0,0,unseen
1163120884,0.16852051,0.49885488,253,0,0,unseen
1163181423,0.2487091,0.5827741,643,0,0,unseen
1163181452,0.2608975,0.70919514,328,0,0,unseen
1163185731,0.2547569,0.70601666,557,0,0,unseen
1163185756,0.3636385,0.697767,343,0,0,unseen
1163185810,0.21463144,0.5634561,332,0,0,unseen
1163185997,0.19807555,0.5560296,306,0,0,unseen
1163190900,0.3837603,0.9192852,988,38,73,unseen
1163194940,0.076109424,0.27226746,303,0,0,unseen
1163198746,0.40771142,0.6848644,541,0,1,unseen
1163199311,0.21092023,0.6801918,999,0,0,unseen
1163212068,0.32501185,0.70648265,395,0,0,unseen
1163228703,0.18179752,0.63042736,307,0,1,unseen
1163367993,0.31390342,0.8574949,379,0,0,unseen
1163384537,0.23903917,0.6262939,146,0,0,unseen
1163509685,0.045058347,0.45166463,342,0,0,unseen
1163522330,0.35271406,0.6771631,301,0,0,unseen
1163531324,0.44919333,0.8616682,392,0,0,unseen
1163552692,0.15958156,0.84054726,413,0,0,unseen
1163570493,0.15890437,0.60172284,313,0,0,unseen
1163574511,0.41515577,0.7391942,701,0,0,unseen
1163622544,0.49590644,0.7368155,323,0,1,unseen
1163713145,0.41123873,0.8173657,405,1,1,unseen
1163808587,0.2492435,0.41753688,22,0,0,unseen
1163868121,0.20349601,0.6490693,336,0,0,unseen
1163880830,0.35512552,0.7068461,812,0,0,unseen
1163889808,0.3908039,0.9218767,507,0,7,unseen
1163894164,0.20908776,0.6805645,312,0,0,unseen
1163898298,0.14197515,0.7039251,340,0,0,unseen
1164113870,0.32564697,0.74249256,913,0,0,unseen
1164131530,0.07865014,0.1890327,61,0,0,unseen
1164187272,0.27542317,0.8931644,774,0,0,unseen
1164196230,0.30500698,0.6721821,851,0,0,unseen
1164200688,0.19943203,0.44083765,840,0,0,unseen
1164209179,0.2692667,0.6879548,682,0,0,unseen
1164217481,0.26553267,0.817134,784,0,1,unseen
1164234826,0.27685708,0.7993139,448,0,0,unseen
1164235156,0.1842376,0.77236354,405,0,0,unseen
1164235179,0.24457285,0.8477048,425,0,0,unseen
1164260554,0.2895089,0.7283767,346,0,0,unseen
1164269666,0.23980738,0.84332925,297,0,0,unseen
1164305231,0.36680895,0.7257371,314,1,1,unseen
1164374521,0.35306612,0.92107344,131,0,2,unseen
1164503211,0.19134763,0.5093004,336,0,0,unseen
1164545788,0.21423051,0.7387626,1206,0,0,unseen
1164597572,0.27175254,0.68291247,725,0,0,unseen
1164615491,0.44440833,0.8552061,997,0,0,unseen
1164817714,0.15843467,0.51414233,875,0,0,unseen
1164882751,0.07927322,0.52994096,338,0,0,unseen
1164917156,0.21592242,0.9030019,412,1,12,unseen
1165085220,0.6573592,0.931576,135,0,1,unseen
1165206460,0.20263593,0.70272106,350,0,0,unseen
1165236314,0.34847328,0.9183209,673,0,6,unseen
1165301494,0.12672757,0.4583876,315,0,0,unseen
1165305889,0.3014097,0.7792136,892,0,3,unseen
1165314688,0.48146543,0.7935218,355,0,0,unseen
1165465632,0.41831806,0.80626184,887,0,0,unseen
1165542823,0.353722,0.7986074,387,0,0,unseen
1165551524,0.2601981,0.6614953,346,0,0,unseen
1165810421,0.12980416,0.5138587,1152,0,0,unseen
1165810875,0.13296418,0.41465276,815,0,0,unseen
1165961664,0.27307764,0.76964164,308,0,0,unseen
1166065510,0.3665955,0.68902063,92,0,0,unseen
1166186949,0.133594,0.5822716,56,0,0,unseen
1166328873,0.29139507,0.7036411,305,0,0,unseen
1166406277,0.12069164,0.7002825,262,0,0,unseen
1166406326,0.38811386,0.80379075,239,0,0,unseen
1166415548,0.23034745,0.7571673,122,0,0,unseen
1166416004,0.22457168,0.90493566,1038,0,0,unseen
1166545210,0.09873741,0.3796363,70,0,0,unseen
1166566237,0.34701782,0.72380096,1031,0,0,unseen
1166592256,0.205112,0.69130516,335,0,0,unseen
1166592315,0.22872658,0.7047603,417,0,0,unseen
1166674437,0.11371587,0.5893895,380,0,1,unseen
1166756335,0.6790822,0.9528618,123,0,0,unseen
1166761119,0.20154785,0.45247,84,0,0,unseen
1166778367,0.08749045,0.52867013,347,0,0,unseen
1166842528,0.22985215,0.6987762,785,0,0,unseen
1166885674,0.3647748,0.6762506,313,0,0,unseen
1166890100,0.20222686,0.721212,409,0,0,unseen
1167088413,0.5297535,0.9013165,179,2,3,unseen
1167092919,0.46331307,0.9477235,181,0,0,unseen
1167092971,0.3247708,0.63683915,76,0,0,unseen
1167097258,0.53100044,0.90398467,194,0,1,unseen
1167097291,0.40592024,0.7752895,192,0,0,unseen
1167118856,0.11541124,0.47283334,182,0,0,unseen
1167205022,0.36524954,0.6994344,303,0,0,unseen
1167235473,0.18789543,0.62285703,341,0,0,unseen
1167235569,0.2693104,0.57157356,294,0,0,unseen
1167235720,0.28462988,0.6473118,341,0,0,unseen
1167282562,0.27675253,0.8939316,1124,0,1,unseen
1167295853,0.22862138,0.68763924,543,0,1,unseen
1167295856,0.21907346,0.739352,594,1,2,unseen
1167295872,0.33967984,0.80983365,532,1,3,unseen
1167295916,0.1886085,0.78477514,282,0,0,unseen
1167300055,0.22372341,0.67207927,532,0,1,unseen
1167300154,0.10989281,0.6754343,316,0,0,unseen
1167300194,0.12402229,0.6808522,306,0,0,unseen
1167304403,0.085687794,0.5976232,319,0,0,pos_only
1167429704,0.45161632,0.8194494,101,0,0,unseen
1167429753,0.37322187,0.70885545,136,0,0,unseen
1167429808,0.64264536,0.9628616,157,0,0,unseen
1167433954,0.53160393,0.9665872,193,0,0,unseen
1167433978,0.3967521,0.66704315,68,0,0,unseen
1167433982,0.38956806,0.73820764,125,0,2,unseen
1167433990,0.5947812,0.9446887,146,0,0,unseen
1167433991,0.43483067,0.8203376,231,0,0,unseen
1167434000,0.52832764,0.9722014,166,0,3,unseen
1167438034,0.44588158,0.9072898,192,0,0,unseen
1167438189,0.41595596,0.7900486,167,0,0,unseen
1167438283,0.41536966,0.6401121,81,0,0,unseen
1167438288,0.43999794,0.86548746,176,0,0,unseen
1167537600,0.45757964,0.69885737,79,0,0,unseen
1167542031,0.41942492,0.71785647,68,0,0,unseen
1167563121,0.10087081,0.59706575,326,0,0,unseen
1167563540,0.1837235,0.5461967,202,0,0,unseen
1167567702,0.15759386,0.7181207,303,0,0,unseen
1167593263,0.26179737,0.6557281,341,0,0,unseen
1167632513,0.11260415,0.7088105,285,0,0,unseen
1167641412,0.2688623,0.61669767,615,0,0,unseen
1167645442,0.12029529,0.5781517,302,0,0,unseen
1167645523,0.31849822,0.6589853,536,0,1,pos_only
1167645658,0.096151404,0.5722016,314,0,0,unseen
1167779265,0.25218028,0.66528964,110,0,0,unseen
1167783359,0.28527367,0.81316906,427,0,0,unseen
1167783672,0.4868279,0.85242134,150,0,0,unseen
1167796848,0.1697627,0.489666,332,0,0,unseen
1167878646,0.5467417,0.81571174,81,0,0,unseen
1167882816,0.2598418,0.58186823,349,0,0,unseen
1167891559,0.106539205,0.63818324,311,0,0,unseen
1167895489,0.07892606,0.4822835,321,0,0,unseen
1167896065,0.11410315,0.6185675,297,0,0,unseen
1167904437,0.1062543,0.5813311,293,0,0,unseen
1167956458,0.37185708,0.91128886,1095,0,0,unseen
1167965225,0.30605325,0.75510025,651,0,1,unseen
1167969032,0.37813246,0.8828475,507,0,1,unseen
1167969148,0.39496326,0.8909061,602,0,4,unseen
1167977970,0.24324542,0.58336663,629,0,0,unseen
1167982211,0.35752052,0.7396477,541,1,2,pos_only
1167995070,0.20080672,0.7648179,466,0,0,unseen
1168055653,0.25783685,0.5700535,272,0,0,unseen
1168059800,0.11121713,0.43632722,240,0,0,unseen
1168064774,0.11371129,0.38246152,231,0,0,unseen
1168120360,0.33934677,0.64863735,77,0,0,unseen
1168120366,0.53017366,0.9542677,83,0,4,unseen
1168120382,0.3612082,0.66249454,77,0,0,unseen
1168120397,0.33497724,0.64647406,96,0,0,unseen
1168129036,0.44350502,0.66353756,47,0,0,unseen
1168193427,0.16694885,0.49997687,814,0,0,unseen
1168241257,0.10649856,0.65598637,316,0,0,unseen
1168249921,0.14340313,0.67802775,293,0,1,unseen
1168283924,0.1885631,0.5675976,1220,0,0,unseen
1168302280,0.3308805,0.7518561,304,0,0,unseen
1168314368,0.33002895,0.85714275,1002,0,0,unseen
1168331947,0.09906561,0.680031,354,0,0,unseen
1168340507,0.17371655,0.7150267,124,0,0,unseen
1168387674,0.37393576,0.7701547,416,0,0,unseen
1168392003,0.27182728,0.57556105,283,0,0,unseen
1168392468,0.23494244,0.52898604,262,0,0,unseen
1168457108,0.36255035,0.6738929,119,0,0,unseen
1168461253,0.3988428,0.7071521,100,0,0,unseen
1168465622,0.38712505,0.6935455,88,0,0,unseen
1168487385,0.15769218,0.63504285,199,0,0,unseen
1168487432,0.19705465,0.55353665,334,0,0,unseen
1168543037,0.11786811,0.36651137,119,0,0,unseen
1168603800,0.15401037,0.49232504,339,0,0,unseen
1168625046,0.24207737,0.8192221,584,0,0,unseen
1168659995,0.5303304,0.8980186,805,1,13,unseen
1168660239,0.18543023,0.76303303,680,3,14,unseen
1168660275,0.21254145,0.8062064,365,1,3,unseen
1168664374,0.20062691,0.8273244,477,0,0,unseen
1168664447,0.12921521,0.7091875,674,0,4,unseen
1168664495,0.26000163,0.7956711,401,0,8,unseen
1168664512,0.24012993,0.85090274,323,0,3,unseen
1168733095,0.11997393,0.5294869,290,0,0,unseen
1168798447,0.48492348,0.92644066,126,1,3,unseen
1168810900,0.32767147,0.58501095,64,0,0,unseen
1168815348,0.39479727,0.81201196,102,0,0,unseen
1168833413,0.2998417,0.62728906,63,0,0,unseen
1168845584,0.20612171,0.612738,224,0,0,unseen
1168915489,0.05112682,0.17026147,123,0,0,pos_only
1168923315,0.13271442,0.65479773,277,0,0,unseen
1169005415,0.2210661,0.8665278,519,0,0,unseen
1169143321,0.4172159,0.7913582,123,0,0,unseen
1169147605,0.5898875,0.9421386,183,0,0,unseen
1169151891,0.49072275,0.8989464,123,0,1,unseen
1169151895,0.5032476,0.77363193,169,0,0,unseen
1169169208,0.17180182,0.47552687,877,0,0,unseen
1169173428,0.40069938,0.5645702,59,0,0,unseen
1169178299,0.22259085,0.51610255,17,0,0,unseen
1169182259,0.2860417,0.5099077,26,0,0,unseen
1169260589,0.14889987,0.63929325,247,0,0,unseen
1169359181,0.23433931,0.68185484,1120,1,18,unseen
1169397759,0.22078647,0.8566281,436,0,0,unseen
1169488657,0.6390937,0.95122135,143,0,0,unseen
1169492912,0.35289916,0.6944227,105,0,0,unseen
1169492931,0.43382204,0.80101746,97,0,0,unseen
1169562518,0.19344155,0.45917985,62,0,0,unseen
1169576040,0.34332082,0.84973365,338,0,0,unseen
1169600852,0.29627573,0.7031328,284,0,0,unseen
1169657925,0.46262497,0.92446434,1021,0,0,unseen
1169661785,0.4285532,0.9211411,1094,0,1,unseen
1169739559,0.24123354,0.6885737,291,0,0,unseen
1169829963,0.4660064,0.7786316,149,0,0,unseen
1169833987,0.4357618,0.7859821,142,0,0,unseen
1169834028,0.32711133,0.6062871,98,0,0,unseen
1169838185,0.49174428,0.8245114,107,0,0,unseen
1169842672,0.4491517,0.80134463,179,0,0,unseen
1169842714,0.44390014,0.74982643,124,0,0,unseen
1169847128,0.57479346,0.9443161,191,1,5,unseen
1169898618,0.21740286,0.6661522,329,0,0,unseen
1169907679,0.26615348,0.5955415,295,0,0,unseen
1169989698,0.32040438,0.5788509,375,0,0,unseen
1169989859,0.17219828,0.6638095,368,0,0,unseen
1169993905,0.34917575,0.7327858,832,0,0,unseen
1169999059,0.5748275,0.8987216,843,0,2,unseen
1170175001,0.44757763,0.8184936,140,0,2,unseen
1170175142,0.42538488,0.81735265,144,0,0,unseen
1170179364,0.5621326,0.959792,143,0,0,unseen
1170179426,0.33446208,0.638901,84,0,0,unseen
1170179464,0.45229062,0.75960064,127,0,3,unseen
1170179507,0.60749006,0.8936808,106,0,0,unseen
1170188095,0.525397,0.83558846,114,0,0,unseen
1170309400,0.1868452,0.54579526,254,0,0,unseen
1170322501,0.22937799,0.64523697,330,0,0,unseen
1170326256,0.41123107,0.89096564,923,0,1,unseen
1170326295,0.3423518,0.8641927,1084,0,0,unseen
1170335262,0.5282153,0.88739353,855,0,5,unseen
1170344185,0.45670822,0.83835125,1045,0,0,unseen
1170348225,0.26360694,0.64219993,275,0,0,unseen
1170352367,0.1949305,0.5416226,446,0,0,unseen
1170404875,0.33782652,0.8165376,376,0,0,unseen
1170413425,0.32351175,0.65919507,383,0,0,unseen
1170515990,0.4007112,0.70556515,136,0,2,unseen
1170606692,0.48427117,0.870591,1137,0,0,unseen
1170645699,0.4611566,0.8126075,298,0,0,unseen
1170667130,0.3870277,0.90514123,1094,1,2,unseen
1170857299,0.23844835,0.5486853,258,0,0,unseen
1170861854,0.35672385,0.7451185,134,0,0,unseen
1170865901,0.37282926,0.8595393,139,0,4,unseen
1170865953,0.19996394,0.5952135,181,0,0,unseen
1170866126,0.28772244,0.5424187,89,0,0,unseen
1170866180,0.548945,0.9515427,145,0,0,unseen
1170866275,0.49170268,0.8338055,157,0,0,unseen
1170870156,0.5432524,0.93481266,159,5,16,unseen
1170874403,0.43072626,0.7429076,103,0,0,unseen
1170891789,0.18177846,0.47838527,234,0,0,unseen
1170892252,0.3794667,0.7671549,122,0,0,unseen
1170935308,0.19594279,0.5928252,243,0,0,unseen
1170939344,0.05005342,0.309853,30,0,0,unseen
1170970271,0.45059493,0.71189654,295,0,0,unseen
1171207089,0.3943593,0.7223616,91,0,0,unseen
1171207096,0.20951821,0.5543526,147,0,0,unseen
1171211215,0.4138924,0.76211226,152,0,0,unseen
1171219829,0.46219814,0.7851876,144,0,0,unseen
1171280441,0.42338783,0.8485203,826,0,2,unseen
1171431567,0.20476198,0.4603656,269,0,0,unseen
1171436073,0.18107796,0.72367567,144,1,1,unseen
1171548200,0.41974753,0.6823442,129,0,0,unseen
1171548212,0.44315058,0.71535033,135,0,0,unseen
1171548392,0.3850206,0.7495517,121,0,0,unseen
1171613107,0.19559036,0.48675776,278,0,0,unseen
1171613286,0.21547256,0.6026607,315,0,0,unseen
1171617407,0.29755795,0.87480044,849,0,1,unseen
1171621616,0.17310938,0.5894096,847,0,0,unseen
1171621682,0.2908547,0.7499508,847,0,0,unseen
1171690432,0.3732518,0.6680225,415,0,0,unseen
1171690479,0.27514136,0.563831,348,0,0,pos_only
1171704378,0.3016121,0.84189653,912,0,0,unseen
1171759765,0.30402282,0.5328718,218,0,0,unseen
1171772286,0.0944593,0.54541695,247,0,0,unseen
1171785552,0.052581754,0.51832044,200,0,0,unseen
1171898138,0.4787924,0.76317847,176,0,0,unseen
1171902272,0.2585606,0.5669447,190,0,0,unseen
1171910380,0.23294711,0.6317986,189,0,0,unseen
1171910557,0.5150293,0.8635411,123,0,1,unseen
1171915022,0.5108401,0.76504445,98,0,0,unseen
1171954356,0.24379045,0.5718022,322,0,0,unseen
1172031461,0.25595677,0.61557937,381,0,0,unseen
1172044382,0.4336427,0.84745973,1102,0,1,unseen
1172053274,0.36108482,0.7960291,927,0,0,unseen
1172242848,0.31299856,0.606881,72,0,0,unseen
1172363878,0.21984796,0.8258515,1009,0,0,unseen
1172372291,0.3271346,0.8105758,901,0,0,unseen
1172372382,0.3636475,0.7963318,911,0,0,unseen
1172372655,0.37547502,0.75812906,410,0,0,unseen
1172385513,0.3204174,0.87517834,988,0,0,unseen
1172433712,0.35531777,0.5987545,455,0,1,unseen
1172441674,0.13863483,0.5283792,265,0,1,unseen
1172446050,0.15060133,0.6202038,790,0,5,unseen
1172446164,0.12335224,0.418768,164,0,0,unseen
1172623224,0.5648724,0.9409857,150,0,0,unseen
1172627154,0.5636168,0.95334387,169,1,4,unseen
1172665846,0.23751618,0.6761757,883,0,0,unseen
1172670463,0.41522288,0.8892406,888,0,2,unseen
1172704683,0.43019506,0.876208,833,13,29,unseen
1172713514,0.31386408,0.7831863,962,0,0,unseen
1172713521,0.16348042,0.6485367,747,0,0,unseen
1172730733,0.29159158,0.83656096,951,0,0,unseen
1172774470,0.33049503,0.70809436,308,0,1,unseen
1172796014,0.12637806,0.4523796,266,0,0,unseen
1173007139,0.13460484,0.59914523,447,0,0,unseen
1173011450,0.19337326,0.6442352,198,0,0,unseen
1173016042,0.30121595,0.7728141,968,0,0,unseen
1173029301,0.2655252,0.5626837,327,0,0,unseen
1173045815,0.2814064,0.8481823,951,0,0,pos_only
1173054679,0.48585007,0.8561848,866,0,1,unseen
1173063302,0.25524577,0.8022006,874,0,0,unseen
1173067651,0.33773524,0.90778255,939,6,21,unseen
1173072129,0.35521382,0.85638237,1021,0,0,unseen
1173076392,0.15743694,0.5117219,273,0,0,unseen
1173076523,0.32205886,0.7534773,530,0,0,unseen
1173347968,0.6105048,0.9083948,849,4,17,unseen
1173391076,0.3699928,0.81566495,883,0,0,unseen
1173408617,0.26281428,0.8319616,937,0,0,unseen
1173417505,0.3488319,0.9141145,1022,0,3,unseen
1173732234,0.3612334,0.77859116,988,0,0,unseen
1173745220,0.44581446,0.88975835,1108,0,1,unseen
1173745330,0.27825427,0.8102508,1008,0,0,pos_only
1173745411,0.36694804,0.7900598,870,0,0,unseen
1173753977,0.28005627,0.72418994,706,0,0,unseen
1173814525,0.22097519,0.61536545,677,0,0,unseen
1174008477,0.41341108,0.83265483,1046,0,0,unseen
1174077762,0.4432551,0.9101938,1036,2,7,unseen
1174384118,0.29181895,0.9043705,1056,1,6,unseen
1174410293,0.28429225,0.8186201,854,1,2,unseen
1174712037,0.34684822,0.8126863,841,0,0,unseen
1175070762,0.47099578,0.81025916,867,0,0,unseen
1175433492,0.10930316,0.38007104,601,0,0,unseen
1187676192,0.23934619,0.65321904,260,0,1,unseen
1187676208,0.2841684,0.73985255,320,0,0,unseen
1187693355,0.21930936,0.69952416,1031,0,0,unseen
1187831582,0.29338744,0.7274993,899,1,14,unseen
1187844616,0.3146115,0.71780866,1010,0,10,unseen
1188004374,0.056811526,0.56847614,304,0,0,unseen
1188043606,0.24085712,0.64150685,961,0,0,unseen
1188163963,0.2705631,0.6970606,617,0,1,unseen
1188181261,0.2816354,0.76707697,1020,0,22,unseen
1188371481,0.29935613,0.7181828,959,0,0,unseen
1188388754,0.17748971,0.6257038,637,0,0,unseen
1188504924,0.32394642,0.8538315,534,0,6,unseen
1188509405,0.2498371,0.6790517,268,0,0,unseen
1188548330,0.44406104,0.7140552,31,0,0,unseen
1188599723,0.1253425,0.5796841,927,0,0,unseen
1188716311,0.27298805,0.6735284,1034,0,0,unseen
1188885499,0.3627895,0.7427615,43,0,0,unseen
1188885915,0.4174371,0.8380019,18,0,0,unseen
1188889654,0.05980213,0.1987193,151,0,0,unseen
1188889837,0.25814146,0.7689219,72,0,0,unseen
1189027422,0.07552074,0.48673058,331,0,0,unseen
1189227147,0.38299724,0.69133973,45,0,0,unseen
1189230326,0.38043916,0.73993605,36,0,0,unseen
1189230639,0.053384952,0.29032725,173,0,0,unseen
1189264680,0.3348713,0.6371747,19,0,0,unseen
1189420069,0.20925339,0.60981286,529,0,0,unseen
1189549476,0.24267423,0.6497412,790,0,4,unseen
1189559257,0.39277065,0.86508596,31,0,3,unseen
1189563993,0.3773925,0.8492489,16,0,0,unseen
1189566974,0.47232017,0.74574494,19,0,0,unseen
1189567690,0.37702373,0.6563287,22,0,0,unseen
1189601546,0.110569954,0.48134664,188,0,0,unseen
1189605993,0.19099917,0.56791157,539,0,1,unseen
1189606166,0.117166184,0.48242274,60,0,0,unseen
1189606310,0.20471306,0.5457487,57,0,0,unseen
1189697512,0.16696496,0.53187495,1190,0,0,unseen
1189706008,0.19991769,0.6968843,680,0,0,unseen
1189727041,0.25881386,0.7247583,314,0,0,unseen
1189847645,0.081893675,0.52179474,228,0,0,unseen
1189882785,0.28167042,0.68467456,773,0,0,unseen
1189887646,0.2257744,0.5876784,745,0,0,unseen
1189891402,0.3038891,0.8073831,887,1,10,unseen
1189904590,0.51095057,0.81101274,49,1,10,unseen
1189908829,0.25570643,0.7550104,19,0,0,unseen
1189912345,0.4065829,0.84968054,41,2,5,unseen
1189912812,0.07271926,0.21070361,46,0,0,unseen
1190076947,0.06097036,0.36357582,180,0,0,unseen
1190171884,0.17288633,0.56440514,306,0,0,unseen
1190250299,0.38780543,0.6460236,19,0,0,unseen
1190254555,0.16955124,0.7771305,131,0,2,unseen
1190332099,0.15524845,0.4620004,1084,0,0,unseen
1190344036,0.42447928,0.68992823,58,0,0,unseen
1190374287,0.24942756,0.60995996,70,0,0,unseen
1190400775,0.29309145,0.71288663,298,0,0,unseen
1190409318,0.23483007,0.7009438,231,0,0,unseen
1190417843,0.04710986,0.42455906,325,0,0,unseen
1190591244,0.2882002,0.59671587,22,0,0,unseen
1190638276,0.6011365,0.84956855,56,0,0,unseen
1190646632,0.4952709,0.82183105,64,0,0,unseen
1190646900,0.5232678,0.81882626,67,0,0,unseen
1190729123,0.11654675,0.56242925,358,0,0,unseen
1190737748,0.36854422,0.75203854,40,0,0,unseen
1190763066,0.22540015,0.71305496,211,0,0,unseen
1190926889,0.31412172,0.57528883,20,0,0,unseen
1190983574,0.5332415,0.8080008,70,0,5,unseen
1190983579,0.52835155,0.8088632,61,0,0,unseen
1191048727,0.14632197,0.5739444,185,0,0,unseen
1191273014,0.20446758,0.7677823,95,0,1,unseen
1191315642,0.0868278,0.3631512,348,0,1,pos_only
1191350690,0.28860742,0.7083375,346,0,0,unseen
1191392918,0.42602113,0.7201809,838,0,0,unseen
1191402226,0.21120122,0.76608986,478,0,0,unseen
1191500957,0.25051907,0.4096612,8,0,0,unseen
1191665829,0.13211931,0.39113566,344,0,0,unseen
1191820507,0.21778329,0.6658488,199,0,0,unseen
1191898195,0.20575799,0.60826766,967,0,1,unseen
1192006543,0.35604241,0.88626856,1098,0,0,unseen
1192007205,0.16279295,0.79675347,679,0,0,unseen
1192019859,0.2751277,0.693109,1104,0,0,unseen
1192123051,0.42045388,0.87601256,447,3,19,unseen
1192152791,0.18546303,0.86791825,387,0,0,unseen
1192187204,0.12799494,0.35824043,12,0,0,unseen
1192234894,0.21594165,0.43754175,19,0,0,unseen
1192434435,0.5883558,0.85802305,166,0,0,unseen
1192460455,0.19173156,0.452859,555,0,0,unseen
1192529139,0.15280683,0.24397609,7,0,0,unseen
1192567360,0.3897942,0.73682463,298,0,0,unseen
1192606191,0.29433164,0.6760184,323,0,0,unseen
1192698034,0.4077379,0.8680067,139,0,0,unseen
1192723421,0.068404675,0.55569696,298,0,0,unseen
1192735693,0.66063976,0.9445639,150,0,0,unseen
1192736036,0.65172833,0.89969313,112,0,1,unseen
1192739907,0.64256895,0.94743615,148,0,0,unseen
1192744779,0.18739928,0.6110471,534,0,0,unseen
1192796721,0.044464137,0.39414185,597,0,0,unseen
1192848260,0.13619657,0.4697738,287,0,0,unseen
1193029926,0.2699633,0.60071766,101,0,0,unseen
1193210995,0.14978522,0.5103278,341,0,0,unseen
1193214867,0.09155461,0.37033212,123,0,0,unseen
1193378968,0.33506933,0.7381855,288,0,0,unseen
1193448112,0.28488028,0.5752851,50,0,0,unseen
1193539096,0.16361783,0.47681728,184,0,0,unseen
1193560072,0.22011851,0.67376983,594,0,0,neg_only
1193560469,0.2159942,0.7159703,325,0,0,unseen
1193599901,0.1659623,0.51611507,60,0,0,unseen
1193828120,0.36654133,0.7102137,483,0,0,unseen
1193828958,0.094334476,0.37774077,319,0,0,unseen
1193879608,0.3094138,0.6755393,341,0,0,unseen
1193884219,0.31739992,0.70090026,969,0,0,unseen
1193884233,0.40882918,0.669796,336,0,0,unseen
1194070053,0.42714542,0.9030888,571,0,8,unseen
1194100437,0.43225536,0.8595009,487,0,0,unseen
1194220763,0.28443018,0.64489585,1040,0,0,unseen
1194242354,0.15858473,0.6276941,288,0,0,unseen
1194246820,0.17986983,0.45083392,337,0,0,unseen
1194384626,0.2497577,0.79559886,134,0,0,unseen
1194510761,0.277586,0.9694169,660,0,3,unseen
1194558092,0.37907353,0.77573407,359,0,0,unseen
1194562363,0.18027557,0.7544627,890,0,0,unseen
1194652343,0.14518635,0.2826007,16,0,0,unseen
1194912241,0.263978,0.4684538,629,0,0,unseen
1194937249,0.2661988,0.57542247,731,0,0,unseen
1194937327,0.34625548,0.7311284,820,0,0,unseen
1194937507,0.38661045,0.7312198,782,0,0,unseen
1194942043,0.27786377,0.90870064,374,1,1,unseen
1194946557,0.2579892,0.8869729,377,1,2,unseen
1194958916,0.33891246,0.79607505,316,0,0,unseen
1195235619,0.16396607,0.5633934,331,0,0,unseen
1195235620,0.17908539,0.5462085,336,0,0,unseen
1195256943,0.34987915,0.7664741,737,0,0,unseen
1195287289,0.30520058,0.91735685,419,0,7,unseen
1195554644,0.24105261,0.58949876,1070,0,0,unseen
1195559184,0.22175597,0.72429585,1259,0,0,unseen
1195606601,0.2766605,0.8563585,322,0,0,unseen
1195632413,0.24269202,0.63534385,1080,0,0,unseen
1195658585,0.31870833,0.66207826,340,0,6,unseen
1195866078,0.09208495,0.37390217,1341,0,0,unseen
1195870226,0.17212184,0.48414633,321,0,0,unseen
1195891557,0.1803176,0.82978916,372,0,0,unseen
1195913021,0.08307005,0.3867837,336,0,0,unseen
1195917506,0.10032522,0.52966106,336,0,0,unseen
1195947727,0.39788467,0.778946,904,0,0,unseen
1195973360,0.27604347,0.59364194,860,0,2,unseen
1195999722,0.25507537,0.76227945,550,0,0,unseen
1196232789,0.4137106,0.8467907,352,0,2,unseen
1196526636,0.20533298,0.65586543,1084,0,0,unseen
1196573432,0.28914055,0.88418585,809,0,1,unseen
1196573821,0.20932779,0.7733918,548,0,0,unseen
1196673506,0.5182061,0.84912103,719,0,0,unseen
1196816048,0.16980855,0.53904045,745,0,0,unseen
1196854070,0.08541976,0.30622804,233,0,0,unseen
1197100377,0.20227432,0.75034165,150,0,0,unseen
1197100399,0.32335868,0.6344095,125,0,0,unseen
1197104631,0.44085008,0.689753,74,1,1,unseen
1197234751,0.08061415,0.50016004,1144,0,0,unseen
1197242965,0.18429194,0.6452018,1232,0,0,unseen
1197243068,0.37933993,0.77651465,1095,0,1,unseen
1197246979,0.17632854,0.5494521,319,0,0,unseen
1197251489,0.1529233,0.55365115,342,0,0,unseen
1197260134,0.32338977,0.6962142,351,0,0,unseen
1197441527,0.4342119,0.73322713,143,0,1,unseen
1197449561,0.24527839,0.8774668,1109,1,1,unseen
1197449936,0.33259955,0.64308226,350,0,0,unseen
1197450057,0.23623957,0.8698804,773,0,1,unseen
1197454668,0.31468,0.7183598,81,0,0,unseen
1197791054,0.46101877,0.8311496,172,0,3,unseen
1197791057,0.7289634,0.9661765,117,0,0,unseen
1197967828,0.13828318,0.76120895,405,0,0,unseen
1197972213,0.19273834,0.8241541,415,0,1,unseen
1197993940,0.2923819,0.7253579,892,0,0,unseen
1198006801,0.28588778,0.63513154,537,0,0,both
1198041835,0.23736803,0.7510159,337,0,0,unseen
1198049989,0.15305902,0.6415843,1158,1,17,unseen
1198123389,0.54741746,0.9676837,173,0,0,unseen
1198127720,0.31495026,0.6778147,112,0,0,unseen
1198132022,0.53075063,0.86346,128,0,0,unseen
1198132028,0.41498893,0.8928918,186,0,0,unseen
1198132041,0.43719482,0.6619465,193,0,0,unseen
1198257581,0.13617443,0.68797004,277,0,0,unseen
1198326456,0.18490319,0.6761542,316,0,0,unseen
1198330286,0.1260782,0.46703786,322,0,0,pos_only
1198330641,0.18168639,0.53843874,631,0,0,neg_only
1198334861,0.12364319,0.42041042,246,0,0,unseen
1198373874,0.21249695,0.6971392,1121,0,5,unseen
1198413357,0.122367725,0.4150656,209,0,0,unseen
1198468652,0.47314876,0.8111902,92,0,0,unseen
1198468674,0.5620301,0.9339928,150,0,0,unseen
1198473350,0.32068837,0.7411417,148,0,1,unseen
1198473353,0.34629932,0.74224764,170,0,0,unseen
1198477582,0.5898697,0.8533583,76,1,1,unseen
1198477590,0.4172032,0.86458546,150,0,0,unseen
1198504136,0.245293,0.58557427,270,0,0,unseen
1198533883,0.20770821,0.5761119,368,0,0,unseen
1198576311,0.49027562,0.8109768,90,0,0,unseen
1198654537,0.29765227,0.87319136,486,0,3,unseen
1198658803,0.2848898,0.5661012,339,0,0,unseen
1198667367,0.10382295,0.35467106,269,0,0,unseen
1198671494,0.22962861,0.63944036,621,0,0,unseen
1198671672,0.1016619,0.4406563,240,0,0,unseen
1198675740,0.09840354,0.38367897,230,0,0,unseen
1198680122,0.11983791,0.4388278,245,0,0,unseen
1198680249,0.093860306,0.33083037,244,0,0,unseen
1198680426,0.15560353,0.4841239,260,0,0,unseen
1198680441,0.13332283,0.51471907,255,0,0,unseen
1198684596,0.12304973,0.38312376,270,0,0,unseen
1198693217,0.051627677,0.45799685,312,0,0,unseen
1198749960,0.12802823,0.36205652,317,0,0,unseen
1198809611,0.34516335,0.6400324,81,0,0,unseen
1198809632,0.2943646,0.6048832,75,0,0,unseen
1198809646,0.36979094,0.56909126,49,0,1,unseen
1198809657,0.3172871,0.6243817,62,0,0,unseen
1198809663,0.4228497,0.76022273,143,0,0,unseen
1198814304,0.27998087,0.66507995,93,0,0,unseen
1198818551,0.37148213,0.8947808,118,0,2,unseen
1198818609,0.41293404,0.74194527,58,0,0,unseen
1198818618,0.23027344,0.9208912,624,0,0,unseen
1198832414,0.21244201,0.56900257,766,0,0,unseen
1198832640,0.12252357,0.65053326,900,0,0,unseen
1198844082,0.08584015,0.5678365,295,0,0,unseen
1198844575,0.076921865,0.5142846,335,0,0,unseen
1198844628,0.1505176,0.6148272,321,0,0,unseen
1198931241,0.12489177,0.785398,283,0,0,unseen
1198943369,0.09667177,0.5564042,285,0,0,unseen
1199017128,0.17573394,0.51625156,267,0,0,unseen
1199069208,0.3418456,0.7995905,304,1,2,unseen
1199082254,0.110068016,0.4447938,381,0,0,unseen
1199086313,0.21625791,0.5317055,238,0,0,unseen
1199154817,0.29464749,0.637624,126,0,0,unseen
1199155111,0.3334495,0.7351547,141,0,1,unseen
1199155289,0.34467423,0.66141945,151,0,0,unseen
1199155298,0.39564866,0.7372709,104,0,0,unseen
1199155381,0.33529043,0.6041353,65,0,0,unseen
1199159353,0.49003872,0.86356455,135,0,0,unseen
1199159635,0.45853144,0.8507641,183,0,0,unseen
1199181443,0.298511,0.78381735,213,0,0,unseen
1199181469,0.40679651,0.7355068,339,0,0,unseen
1199225061,0.07625389,0.2905884,243,0,0,unseen
1199289203,0.25352252,0.7866447,268,0,2,unseen
1199327859,0.22381602,0.78191364,591,0,1,unseen
1199336289,0.3049624,0.8746975,422,3,12,unseen
1199383847,0.39695203,0.8537448,385,0,7,unseen
1199383911,0.1897403,0.60076535,312,0,0,unseen
1199427845,0.22188032,0.50698465,272,0,0,unseen
1199431561,0.13175766,0.42274728,271,0,0,unseen
1199432267,0.20699011,0.47404385,272,0,0,unseen
1199491728,0.49536508,0.8282528,168,0,0,unseen
1199491747,0.5096919,0.85178465,171,0,0,unseen
1199496144,0.30610102,0.7518241,421,0,0,unseen
1199496234,0.43,0.82764757,147,0,0,unseen
1199496235,0.3550274,0.67685306,95,0,2,unseen
1199496243,0.46001747,0.95801264,144,0,0,unseen
1199496247,0.43628138,0.85703814,180,0,0,unseen
1199496273,0.33739737,0.92984575,171,1,7,unseen
1199496276,0.50762814,0.91684735,149,0,0,unseen
1199504502,0.5098405,0.86871165,132,0,0,unseen
1199504729,0.36480078,0.9359792,183,0,3,unseen
1199517654,0.25627056,0.65033114,99,0,0,unseen
1199531317,0.14924169,0.5978871,838,0,0,unseen
1199556510,0.10021948,0.5036652,539,0,0,unseen
1199565117,0.33514756,0.6947308,1333,0,0,unseen
1199569954,0.17493302,0.73970157,630,0,0,unseen
1199573657,0.22672829,0.61399764,124,0,0,unseen
1199625952,0.13057867,0.600067,327,0,0,unseen
1199677638,0.15711007,0.7377811,303,0,0,unseen
1199699496,0.09958655,0.2870612,221,0,0,unseen
1199711860,0.18910947,0.80827385,291,0,2,unseen
1199712167,0.2556254,0.7717044,540,0,0,unseen
1199712272,0.09129901,0.36018047,241,0,0,unseen
1199837196,0.33197996,0.9049211,189,0,5,unseen
1199837203,0.360251,0.6514884,94,0,0,unseen
1199837219,0.6120313,0.8764466,146,0,0,unseen
1199837228,0.30897206,0.730805,171,0,0,unseen
1199837236,0.55995935,0.90558505,155,0,0,unseen
1199850219,0.39472255,0.8053166,176,0,0,unseen
1199850227,0.3314651,0.72799784,140,0,0,unseen
1199850242,0.5259341,0.8439223,140,0,0,unseen
1199855170,0.44180724,0.69671875,61,0,1,unseen
1199872316,0.114381775,0.59705913,630,0,0,unseen
1199910583,0.43918476,0.67839634,64,0,0,unseen
1200001508,0.15570623,0.67086244,43,0,1,unseen
1200014419,0.08933753,0.64994305,141,1,1,unseen
1200027441,0.2958394,0.7614873,836,2,51,unseen
1200032115,0.23264292,0.8257862,1151,0,0,unseen
1200049187,0.12197647,0.3667893,257,0,0,unseen
1200053009,0.1766756,0.74815124,1050,0,0,unseen
1200057627,0.15402955,0.37735942,279,0,0,unseen
1200070420,0.21240894,0.5487663,321,0,0,unseen
1200092356,0.25847805,0.8743771,394,2,3,unseen
1200174183,0.401873,0.8012978,128,0,0,unseen
1200178228,0.28219366,0.5756292,104,0,0,unseen
1200178237,0.6535334,0.95837694,150,0,0,unseen
1200182475,0.4405093,0.8731501,173,0,1,unseen
1200182506,0.4221593,0.77975464,155,0,0,unseen
1200182517,0.45987242,0.8899379,119,0,0,unseen
1200182520,0.5696362,0.9453204,141,0,2,unseen
1200182533,0.4661437,0.85758436,171,0,0,unseen
1200195625,0.4819094,0.9161167,190,0,3,unseen
1200195649,0.56616163,0.8976563,170,0,0,unseen
1200209058,0.3198298,0.54409444,99,0,0,unseen
1200247508,0.4184199,0.6762598,30,0,0,unseen
1200273581,0.19649528,0.5072036,314,0,0,unseen
1200286383,0.09333377,0.20552865,9,0,0,unseen
1200290859,0.21273905,0.58126295,301,0,0,unseen
1200351169,0.33714753,0.84949946,1097,0,0,unseen
1200351200,0.5199223,0.8467438,877,0,0,unseen
1200519445,0.50503117,0.80155116,150,0,0,unseen
1200523558,0.4123566,0.849298,164,0,1,unseen
1200523569,0.40255916,0.9590722,166,0,0,unseen
1200527805,0.49461812,0.8728076,152,0,0,unseen
1200527901,0.4061264,0.8434169,184,0,0,unseen
1200536428,0.35817614,0.8374017,163,0,0,unseen
1200536439,0.22735995,0.8321943,151,0,0,unseen
1200541130,0.3534867,0.8728089,152,0,0,unseen
1200541165,0.2051621,0.86320364,765,0,0,unseen
1200541193,0.40833274,0.6547938,100,0,0,unseen
1200554295,0.12208983,0.4286185,306,0,0,unseen
1200584107,0.5019438,0.7436083,115,0,0,unseen
1200605580,0.22444253,0.7321654,284,0,0,unseen
1200610109,0.20324872,0.5325197,322,0,0,unseen
1200619473,0.1086968,0.6657825,1131,0,0,unseen
1200683283,0.41664463,0.78935266,1026,0,0,unseen
1200687716,0.15705308,0.60470074,294,0,0,unseen
1200687913,0.37013453,0.9066968,1098,0,0,unseen
1200700424,0.47224063,0.91352564,1051,0,2,unseen
1200752926,0.1161549,0.38432667,249,0,0,unseen
1200753147,0.36249968,0.70322394,275,0,0,unseen
1200753289,0.1310557,0.3904497,284,0,0,unseen
1200864690,0.4266411,0.7789465,136,0,0,unseen
1200868959,0.40654325,0.76622236,135,0,0,unseen
1200873417,0.41095623,0.84408647,146,0,0,unseen
1200886425,0.5372842,0.8927246,149,0,0,unseen
1200942353,0.21310432,0.5912224,317,0,0,unseen
1200942398,0.2024748,0.6237051,279,0,0,unseen
1200977875,0.3193087,0.74060595,132,0,0,unseen
1200998497,0.3604193,0.6165129,304,0,0,unseen
1201028519,0.38590667,0.8975849,1057,0,1,unseen
1201032707,0.5050492,0.8672825,1017,0,0,unseen
1201210029,0.5541627,0.9418859,145,1,8,unseen
1201210044,0.4691598,0.8034889,157,0,0,unseen
1201227074,0.31950983,0.8616365,262,0,0,unseen
1201227161,0.1759706,0.51309586,144,0,0,unseen
1201231377,0.2995255,0.8250221,251,0,0,unseen
1201231700,0.18946116,0.8962726,916,0,0,unseen
1201231760,0.43406692,0.8499123,166,0,0,unseen
1201231770,0.36721873,0.6589788,138,0,0,unseen
1201231796,0.31615114,0.6431226,71,0,0,unseen
1201231816,0.18005419,0.887435,851,0,0,unseen
1201231826,0.25452173,0.9331446,550,1,2,unseen
1201296549,0.081867866,0.42261097,1272,0,0,unseen
1201335095,0.103722066,0.51575834,326,0,0,unseen
1201559521,0.34300864,0.62781566,68,0,0,unseen
1201559665,0.4473242,0.77303493,161,0,0,unseen
1201568401,0.49233258,0.790237,195,0,0,unseen
1201568417,0.5286988,0.9134915,192,0,0,unseen
1201568426,0.52257025,0.8593877,104,0,2,unseen
1201568464,0.44265273,0.8652791,197,0,0,unseen
1201572715,0.20412114,0.8322873,160,0,0,unseen
1201580945,0.51635957,0.94924957,151,0,2,unseen
1201615899,0.23542243,0.5496783,273,0,0,unseen
1201624330,0.18120264,0.5027695,277,0,0,unseen
1201659335,0.5368864,0.87794,314,0,0,unseen
1201905111,0.42733157,0.83594155,159,0,0,unseen
1201927079,0.45769978,0.7414395,91,0,0,unseen
1201961255,0.23879638,0.4971424,275,0,0,unseen
1202060409,0.5652219,0.909888,903,3,10,unseen
1202125326,0.41069472,0.6663004,223,0,0,unseen
1202241942,0.16412647,0.48996136,253,0,0,unseen
1202250762,0.35404333,0.6897334,168,0,0,unseen
1202250779,0.26050526,0.6471927,137,0,0,unseen
1202259458,0.44012782,0.81964695,162,0,0,unseen
1202397143,0.16872121,0.53276354,341,0,0,unseen
1202410042,0.36924016,0.8149762,995,0,0,unseen
1202462198,0.23601583,0.51983285,375,0,0,unseen
1202470836,0.11875232,0.358661,232,0,0,unseen
1202673723,0.38792673,0.93895215,1118,0,1,unseen
1202704262,0.10294527,0.4130215,101,0,0,unseen
1202737975,0.3954911,0.89625335,894,0,3,unseen
1203066201,0.25611198,0.70710516,406,0,0,unseen
1203066222,0.3624952,0.7893147,500,0,0,unseen
1203066401,0.31929547,0.7693967,525,0,0,unseen
1203070528,0.33188856,0.78668815,585,0,0,unseen
1203273913,0.44428167,0.7685831,98,0,0,unseen
1203420037,0.47508258,0.8670584,950,2,9,unseen
1203424360,0.38905373,0.8727797,857,0,1,unseen
1203433388,0.4321805,0.93040705,888,18,54,unseen
1203709763,0.4639738,0.8592102,926,0,0,unseen
1203756972,0.45705068,0.8548447,858,0,2,unseen
1203769621,0.45803756,0.8714647,977,0,3,unseen
1203769862,0.30384153,0.8092963,831,0,0,unseen
1203774485,0.5185588,0.7925587,880,0,0,unseen
1203774508,0.3808807,0.9285092,1001,2,4,unseen
1203779116,0.44529343,0.78385425,903,0,4,unseen
1203783013,0.44475332,0.9103904,926,0,6,unseen
1204063702,0.22512999,0.55151665,386,0,0,unseen
1204076441,0.23677139,0.8857475,946,0,0,unseen
1204124270,0.29285482,0.7222317,331,0,0,unseen
1204124281,0.32645866,0.83587456,937,0,0,unseen
1204175835,0.40730798,0.78759646,336,0,0,pos_only
1204391417,0.11421713,0.6184979,339,0,0,unseen
1204443547,0.46294773,0.8723356,995,0,3,unseen
1204447548,0.47347865,0.88016325,948,0,10,unseen
1204547624,0.11443166,0.59955835,288,0,0,unseen
1204775735,0.40617082,0.8997907,953,1,26,unseen
1204784216,0.20591058,0.7724001,974,0,0,unseen
1204875505,0.23004329,0.7745249,154,0,0,unseen
1205090786,0.18521461,0.8023137,307,0,0,pos_only
1205220831,0.3449849,0.6939187,694,0,0,unseen
1205225146,0.15957846,0.784527,164,1,1,unseen
1206114100,0.3972009,0.88203984,313,0,1,pos_only
1217372569,0.30821076,0.82021815,931,0,0,unseen
1217385533,0.30800325,0.8161316,1042,0,0,unseen
1217385540,0.3699915,0.805085,1099,0,0,unseen
1217385603,0.3678757,0.9227881,775,0,7,unseen
1217394039,0.3252958,0.808843,951,0,1,unseen
1217687906,0.26752862,0.8444264,620,0,0,unseen
1218516762,0.30651054,0.7842274,459,0,4,unseen
1218728463,0.31363124,0.7991503,924,0,0,unseen
1218728541,0.24353866,0.7674572,1027,0,0,unseen
1218728544,0.30802688,0.78551704,896,0,0,unseen
1218728570,0.33794668,0.7727906,996,0,0,unseen
1218728588,0.3055309,0.8102904,933,0,0,unseen
1218732640,0.22807279,0.6285339,993,0,0,unseen
1218732781,0.2526072,0.7381793,1156,0,0,unseen
1218732931,0.26838908,0.71999437,1149,0,0,unseen
1218733141,0.3071751,0.82177615,962,0,0,unseen
1218901359,0.38014582,0.79899067,34,0,0,unseen
1219056506,0.38062173,0.91978556,915,8,27,unseen
1219069439,0.5374328,0.92248935,887,3,26,unseen
1219069788,0.32967213,0.8055726,964,0,0,unseen
1219410844,0.32732674,0.8329549,904,0,0,unseen
1219462308,0.28007704,0.61074394,103,0,0,unseen
1219544166,0.2644373,0.69668865,1125,1,7,unseen
1219592090,0.44256788,0.6634761,21,0,0,unseen
1219634899,0.23480952,0.44581535,135,0,0,unseen
1219738275,0.15534642,0.45214123,25,0,0,unseen
1219756158,0.30320746,0.77983016,969,0,0,unseen
1219880727,0.25855827,0.7513655,255,0,0,unseen
1219889738,0.29865763,0.70398337,670,0,0,unseen
1220049442,0.20626284,0.56504095,331,0,0,unseen
1220239834,0.12506153,0.3980239,766,0,0,unseen
1220257051,0.4610234,0.78205526,38,0,3,unseen
1220257145,0.0790195,0.25413293,40,0,0,unseen
1220270134,0.16329797,0.46778223,48,0,0,unseen
1220299806,0.136564,0.53811246,165,0,0,unseen
1220343010,0.39873868,0.8380983,46,0,2,unseen
1220412108,0.058633007,0.25435975,529,0,0,unseen
1220434040,0.20820023,0.42897958,332,0,0,unseen
1220576923,0.48569992,0.8103327,591,0,2,unseen
1220581302,0.32011518,0.74550074,741,0,1,unseen
1220584946,0.5396864,0.87420475,819,27,77,unseen
1220607239,0.42738688,0.6111377,33,0,0,unseen
1220800405,0.48260587,0.7853676,341,0,0,unseen
1220873910,0.16591749,0.7784163,608,0,1,unseen
1220873945,0.19312157,0.555231,447,0,0,unseen
1220873960,0.25116426,0.50292486,208,0,0,unseen
1221280490,0.4425785,0.7103639,22,0,0,unseen
1221285128,0.2301982,0.42883053,70,0,0,unseen
1221285175,0.35255852,0.70387137,22,0,0,unseen
1221289185,0.41905153,0.8471618,233,0,2,unseen
1221457679,0.04312561,0.24981438,294,0,0,unseen
1221482612,0.07102658,0.4116741,273,0,0,unseen
1221768103,0.20212297,0.44252348,19,0,0,unseen
1221798726,0.12634651,0.46699953,908,0,0,unseen
1221837020,0.054518484,0.28164652,333,0,0,unseen
1221918930,0.070649356,0.45852917,320,0,0,unseen
1221971218,0.3564433,0.7406695,43,0,0,unseen
1221983537,0.44786143,0.84185064,136,0,0,unseen
1222018576,0.42527497,0.71873826,64,0,0,unseen
1222022960,0.52812475,0.9279732,81,0,0,unseen
1222082871,0.15550865,0.4836959,103,0,0,unseen
1222100337,0.33180562,0.7239249,316,0,0,unseen
1222104921,0.09637954,0.3605304,1014,0,0,unseen
1222195226,0.17128995,0.31052864,20,0,0,unseen
1222195618,0.28823406,0.4293836,5,0,0,unseen
1222233946,0.23084581,0.4328943,8,0,0,unseen
1222302866,0.4183764,0.61898386,32,0,0,unseen
1222332850,0.4810129,0.6801995,68,0,0,unseen
1222368547,0.4404027,0.77834547,86,0,0,unseen
1222519065,0.22309399,0.64316344,560,0,0,unseen
1222592470,0.14146341,0.20886408,3,0,0,unseen
1222696201,0.45424098,0.78761375,56,0,0,unseen
1222696284,0.32088566,0.64581347,85,0,0,unseen
1222701034,0.07365847,0.8702192,566,0,1,unseen
1222701117,0.43860644,0.9286432,124,0,0,unseen
1222769755,0.21883035,0.52550447,281,0,0,unseen
1222778569,0.017877314,0.11815668,229,0,0,unseen
1222855676,0.31164563,0.8464085,408,0,0,unseen
1222876887,0.2281164,0.5863933,34,0,0,unseen
1222876929,0.05862089,0.16357298,36,0,0,unseen
1222928995,0.22327177,0.4357287,13,0,0,unseen
1223041249,0.21894446,0.69667286,1309,0,0,unseen
1223045702,0.26725486,0.9219794,821,0,0,unseen
1223127391,0.30847254,0.75630563,64,0,0,unseen
1223200775,0.21333309,0.5848335,623,0,0,unseen
1223274640,0.23488617,0.7123371,114,0,0,unseen
1223383793,0.40411273,0.83913225,161,0,0,unseen
1223388206,0.18015085,0.61577684,1061,0,0,unseen
1223616241,0.22413838,0.71518636,77,0,2,unseen
1223640877,0.35476583,0.70358443,601,0,0,unseen
1223758589,0.5550706,0.8069531,97,0,0,unseen
1223810337,0.09175974,0.86662245,334,0,1,unseen
1223948148,0.44891766,0.78686726,298,0,0,unseen
1223956854,0.3770471,0.63312906,93,0,0,unseen
1223969004,0.12163659,0.62526304,308,0,0,unseen
1224069121,0.22742158,0.58890283,220,0,0,unseen
1224069760,0.40290835,0.87097603,705,0,0,unseen
1224073798,0.30267602,0.8044659,510,0,0,unseen
1224078043,0.20823778,0.83327395,932,0,0,unseen
1224137476,0.44334787,0.88466334,1077,0,2,unseen
1224137495,0.21370165,0.63541234,939,0,0,unseen
1224249917,0.36147416,0.77859294,644,0,0,unseen
1224254199,0.23181543,0.8337235,558,0,0,unseen
1224254476,0.36648917,0.8171566,498,0,0,unseen
1224258904,0.20594203,0.68680274,570,0,0,unseen
1224258912,0.0775143,0.38288227,254,0,0,neg_only
1224400894,0.16290158,0.7635949,531,0,0,unseen
1224560577,0.107790016,0.37583742,146,0,0,unseen
1224590555,0.30558264,0.8101884,344,0,0,unseen
1224590738,0.14735806,0.6891496,353,0,0,unseen
1224591253,0.30777302,0.73626304,1208,0,0,unseen
1224591262,0.2507203,0.54532915,339,0,0,unseen
1224595273,0.25557777,0.7594428,1006,0,0,pos_only
1224595289,0.09788473,0.48922732,292,0,0,neg_only
1224595608,0.24558164,0.6940893,573,0,0,pos_only
1224595644,0.2716373,0.7809759,584,0,0,unseen
1224595673,0.29062188,0.64466107,337,0,0,unseen
1224634209,0.21095967,0.46027017,303,0,0,unseen
1224936588,0.38334775,0.6565856,486,0,4,unseen
1224941044,0.27885613,0.79197884,843,0,0,pos_only
1224945409,0.13640693,0.46668974,626,0,1,unseen
1224945418,0.11177089,0.55215347,554,0,0,neg_only
1225100939,0.19168171,0.9041311,280,2,2,unseen
1225114259,0.21973328,0.80720913,138,0,0,unseen
1225238274,0.24467331,0.61582386,273,0,0,unseen
1225251556,0.42338097,0.7731106,341,0,0,unseen
1225273264,0.38937914,0.80006045,320,0,0,unseen
1225290240,0.10947849,0.7015874,773,0,0,unseen
1225290633,0.18990411,0.52270615,1094,0,0,pos_only
1225455907,0.48761216,0.75872076,179,0,0,unseen
1225472688,0.11934215,0.48957768,1131,0,0,unseen
1225540409,0.3915195,0.83207554,1167,0,1,unseen
1225553531,0.3042661,0.8541902,1131,0,0,unseen
1225575153,0.19476901,0.57544434,1312,0,0,unseen
1225588506,0.15066418,0.7292483,377,0,0,unseen
1225601395,0.5034546,0.8447427,387,0,0,unseen
1225605932,0.08320457,0.5848214,353,0,0,unseen
1225640135,0.28122094,0.5633331,1266,0,0,pos_only
1225761499,0.5096691,0.93518233,145,1,8,unseen
1225791777,0.49467713,0.8489669,224,2,4,unseen
1225946873,0.07102951,0.6791323,348,0,0,unseen
1225946995,0.15265277,0.80397874,361,0,0,unseen
1225951007,0.14828469,0.40246212,309,0,0,unseen
1225955443,0.46650493,0.83622164,611,0,7,unseen
1225985415,0.50721455,0.86865175,339,0,1,unseen
1226029612,0.33516958,0.54451877,17,0,2,unseen
1226084614,0.43647036,0.79945856,183,0,0,unseen
1226202007,0.1705017,0.37025806,14,0,0,unseen
1226206190,0.13100147,0.6306284,1268,0,0,unseen
1226287647,0.111219354,0.5246755,343,0,0,unseen
1226287821,0.37762707,0.9067401,561,0,0,unseen
1226296238,0.23394255,0.56480134,828,0,0,unseen
1226347969,0.18394944,0.780667,301,0,0,unseen
1226375244,0.3164478,0.82763183,304,2,4,unseen
1226632700,0.31249604,0.6495766,881,0,0,unseen
1226789202,0.16255417,0.53637797,311,0,0,unseen
1226793835,0.13097103,0.6743991,678,0,0,unseen
1226797688,0.43670586,0.92064744,109,0,2,unseen
1226831477,0.11812951,0.5033327,603,0,0,unseen
1226887763,0.12893102,0.599217,1096,0,0,unseen
1226978058,0.25504005,0.6306664,888,0,0,unseen
1227004352,0.37763965,0.7989018,868,0,1,unseen
1227135350,0.08379624,0.311125,471,0,0,unseen
1227263212,0.21467516,0.8183063,347,0,0,unseen
1227345286,0.3479699,0.76998955,790,0,2,unseen
1227616995,0.17576335,0.64300555,999,0,0,unseen
1227617128,0.22914474,0.73954594,364,0,0,unseen
1227735330,0.28784773,0.76086414,896,0,7,unseen
1227941128,0.13161536,0.39002618,356,0,0,unseen
1228135037,0.3946753,0.87444395,177,0,0,unseen
1228264951,0.08230451,0.4203043,801,0,0,unseen
1228265278,0.027410155,0.34389582,915,0,0,neg_only
1228274595,0.099321626,0.5640768,159,0,0,unseen
1228476093,0.362024,0.6242361,143,0,0,unseen
1228476109,0.3282922,0.7199738,159,0,0,unseen
1228480354,0.263066,0.95623,172,3,9,unseen
1228484534,0.31516236,0.7543066,145,0,0,unseen
1228489035,0.24077055,0.7569074,64,0,0,unseen
1228489167,0.18911205,0.42064083,73,0,0,unseen
1228489539,0.30685073,0.7453796,113,0,0,unseen
1228545481,0.23267233,0.5339264,337,0,0,unseen
1228683492,0.10831525,0.39110932,502,0,0,neg_only
1228692168,0.19660394,0.598558,654,0,0,unseen
1228817229,0.36980802,0.7779838,162,0,1,unseen
1228817231,0.6073411,0.9622308,163,0,0,unseen
1228817238,0.4324139,0.80625767,181,0,0,unseen
1228821305,0.27720112,0.6467971,124,0,0,unseen
1228821333,0.33608985,0.72592014,161,0,0,unseen
1228860966,0.14204203,0.4707281,585,0,0,unseen
1228877958,0.15642202,0.3167798,56,0,0,unseen
1228968232,0.32339585,0.6423656,331,0,0,unseen
1229093930,0.3471272,0.74527574,684,0,0,unseen
1229107423,0.1853186,0.54457337,291,0,0,unseen
1229158221,0.46871173,0.7886113,185,0,1,unseen
1229162353,0.19062737,0.85738295,854,0,0,unseen
1229162371,0.42236298,0.8312566,159,0,1,unseen
1229162373,0.43234003,0.75937045,170,0,0,unseen
1229162381,0.26299015,0.8767548,660,0,0,unseen
1229166973,0.24095745,0.8872603,1016,0,0,unseen
1229166980,0.43696988,0.80256665,186,0,0,unseen
1229197633,0.089050025,0.40959218,193,0,0,unseen
1229197848,0.09575961,0.25661197,206,0,0,unseen
1229288307,0.2024763,0.69423115,234,0,0,unseen
1229309429,0.33478045,0.8379767,1248,0,4,unseen
1229369776,0.2013178,0.7188835,255,0,0,unseen
1229503424,0.38317665,0.68576014,168,0,0,unseen
1229503438,0.42738995,0.80679995,180,0,0,unseen
1229507863,0.46868953,0.9284944,189,0,0,unseen
1229507904,0.2273236,0.775563,277,0,0,unseen
1229521890,0.18867111,0.5332608,959,0,0,unseen
1229538180,0.11460574,0.5933206,847,0,0,unseen
1229538338,0.38131773,0.85912436,291,0,0,unseen
1229633648,0.29108018,0.5854011,269,0,0,unseen
1229654578,0.12955962,0.4179212,341,0,0,unseen
1229710803,0.14752045,0.51594305,267,0,0,unseen
1229840150,0.4622244,0.74128634,164,0,0,unseen
1229844484,0.41944733,0.8303928,181,0,0,unseen
1229848754,0.31923363,0.73511773,96,2,6,unseen
1229849059,0.36561516,0.7309619,63,0,0,unseen
1229849063,0.25862136,0.61276406,111,0,0,unseen
1229862274,0.124819644,0.28310615,14,0,0,unseen
1229879796,0.21931817,0.5696666,317,0,0,unseen
1229965474,0.12024082,0.70485383,310,0,1,unseen
1230004532,0.26059872,0.77096754,1140,0,1,unseen
1230004806,0.22800669,0.4812589,320,0,0,unseen
1230018050,0.17112319,0.824494,349,0,0,unseen
1230026228,0.27781445,0.71278626,547,0,1,pos_only
1230026402,0.35677838,0.7218674,550,0,5,unseen
1230095228,0.18895718,0.710469,311,0,0,unseen
1230190149,0.38271368,0.8741172,193,0,0,unseen
1230216845,0.13274308,0.34117812,88,0,0,unseen
1230220003,0.13337573,0.42490283,344,0,0,unseen
1230221035,0.27560446,0.75376034,1245,0,0,unseen
1230328538,0.24917023,0.6579391,396,0,0,unseen
1230526698,0.57832474,0.8414687,91,0,0,unseen
1230531237,0.46924028,0.92747545,146,0,0,unseen
1230535525,0.35723278,0.87640923,88,0,0,unseen
1230738237,0.11437779,0.62837625,292,0,0,unseen
1230902952,0.081477806,0.33881545,260,0,0,unseen
1230903191,0.28375193,0.70565397,340,0,0,unseen
1231044615,0.18637116,0.6522788,215,0,0,unseen
1231217536,0.21971425,0.77734834,261,0,0,unseen
1231239491,0.27312487,0.6560383,222,0,0,unseen
1231244303,0.31547323,0.63168097,326,0,0,unseen
1231299343,0.2581043,0.55315566,1036,0,0,unseen
1231610379,0.13696125,0.49081078,274,0,0,unseen
1231614730,0.56750906,0.9326852,136,0,0,unseen
1231619255,0.4589822,0.8257796,129,0,0,unseen
1231735257,0.56372434,0.8871008,946,0,1,unseen
1231955819,0.41758153,0.8688734,211,0,0,unseen
1232038141,0.07448905,0.520071,919,0,0,unseen
1232249314,0.6508927,0.97377217,161,0,3,unseen
1232249325,0.3806217,0.6417026,98,0,0,unseen
1232262105,0.32451782,0.87588334,165,0,0,unseen
1232262131,0.4350531,0.9005732,159,0,1,unseen
1232266394,0.26296481,0.9510806,747,0,3,unseen
1232266414,0.19931617,0.8599691,499,0,0,unseen
1232288020,0.36587134,0.9144577,148,1,7,unseen
1232344382,0.3345855,0.6837791,339,0,0,unseen
1232594718,0.4255325,0.9450012,200,0,0,unseen
1232603386,0.31459743,0.7769604,324,0,0,unseen
1232607449,0.34928474,0.8810398,108,0,1,unseen
1232607453,0.28366154,0.9579415,557,0,1,unseen
1232634093,0.19144912,0.8193789,211,0,0,unseen
1232983358,0.22884443,0.54515684,190,0,0,unseen
1233281209,0.2709853,0.5932942,188,0,0,unseen
1233428010,0.24868564,0.64011204,377,0,0,unseen
1233436426,0.2586758,0.80462086,490,0,0,unseen
1233492573,0.23777841,0.5441943,265,0,0,unseen
1233501275,0.18632361,0.58321476,261,0,0,unseen
1233505806,0.37453613,0.77607936,302,0,1,unseen
1234472633,0.39799353,0.88719434,1037,0,2,unseen
1234481054,0.32606706,0.7778701,364,0,0,unseen
1234800242,0.4565119,0.8435275,982,0,0,unseen
1236073998,0.23377651,0.8708815,943,0,0,unseen
1236816635,0.5204466,0.83304936,942,0,3,unseen
1237814053,0.2667104,0.8321304,990,0,0,unseen
1248424771,0.35675207,0.88407,792,0,0,unseen
1248424794,0.32086077,0.8230673,889,0,0,unseen
1248761685,0.15988158,0.433395,813,0,0,unseen
1248765883,0.30259675,0.8454067,924,0,0,unseen
1248770299,0.31320864,0.7975856,840,0,0,unseen
1249098351,0.21191382,0.53967667,960,0,0,unseen
1249098449,0.21367987,0.46923542,859,0,0,unseen
1249102842,0.25894082,0.65461546,1153,0,0,unseen
1249763220,0.3370011,0.8378644,823,0,0,unseen
1249763369,0.28051445,0.731073,1107,0,0,unseen
1249892614,0.26607886,0.56107354,803,1,2,unseen
1250091489,0.21262816,0.5428369,208,0,0,unseen
1250091549,0.1731127,0.50916374,218,0,0,unseen
1250113157,0.3287607,0.83474636,860,0,0,unseen
1250113288,0.30988333,0.7974238,859,0,0,unseen
1250233662,0.20379268,0.68221444,295,0,0,unseen
1250432434,0.19793709,0.5399047,209,0,0,unseen
1250920325,0.2204979,0.6977181,305,0,0,unseen
1250924355,0.30234587,0.7712944,300,0,0,unseen
1250946399,0.38904956,0.7037395,22,0,0,unseen
1250959964,0.28950834,0.5102997,21,0,0,unseen
1251032454,0.0892225,0.4193778,173,0,0,unseen
1251170902,0.21815304,0.42281598,8,0,0,unseen
1251265778,0.24155681,0.65105146,768,0,0,unseen
1251269930,0.32908982,0.7476702,739,0,2,unseen
1251275120,0.22477491,0.68580294,964,0,1,unseen
1251373426,0.052532967,0.57565105,1145,0,0,unseen
1251654856,0.1745151,0.39683366,98,0,0,unseen
1251684081,0.10404815,0.6530623,328,0,0,unseen
1251788873,0.260607,0.7719911,697,0,0,unseen
1251802055,0.043805204,0.34381726,247,0,0,unseen
1251810403,0.074515186,0.40588093,355,0,0,unseen
1251810443,0.054998472,0.24767654,357,0,0,unseen
1251995567,0.37277925,0.7720871,15,0,0,unseen
1251996302,0.13154465,0.49568325,158,0,0,unseen
1251999828,0.26634657,0.52337945,18,0,0,unseen
1252121060,0.29021433,0.65722406,719,0,0,unseen
1252151253,0.32063332,0.6082995,9,0,0,unseen
1252160243,0.16090454,0.5176688,247,0,0,unseen
1252180796,0.06373227,0.42511642,234,0,0,unseen
1252337419,0.2821109,0.5786165,22,0,0,unseen
1252665371,0.30397108,0.70083636,47,0,0,unseen
1252677095,0.3028082,0.9349277,37,0,0,unseen
1252833634,0.069173366,0.6078211,1110,0,0,unseen
1252836874,0.1971228,0.6427527,799,0,0,unseen
1253230203,0.32760328,0.7879492,1062,0,0,unseen
1253394169,0.45908508,0.84493,128,0,0,unseen
1253510669,0.08013805,0.71411985,324,0,0,unseen
1253511078,0.046033666,0.66672164,291,0,0,unseen
1253700547,0.5771837,0.9503898,164,1,4,unseen
1253821732,0.21872796,0.62209505,71,0,0,unseen
1253999238,0.3667107,0.829467,266,2,11,unseen
1254340597,0.39165416,0.70448303,351,0,0,unseen
1254344468,0.28182933,0.7326139,972,0,2,unseen
1254512048,0.032589607,0.48941153,313,0,0,unseen
1254533872,0.09396984,0.5521211,266,0,0,unseen
1254931127,0.2328057,0.71685493,1145,0,0,unseen
1255095486,0.18563616,0.6561605,29,0,0,unseen
1255138222,0.34258738,0.8386569,143,0,0,unseen
1255289329,0.15061577,0.6901094,607,0,0,unseen
1255297613,0.2652033,0.74181664,460,0,0,unseen
1255405703,0.30629727,0.5825576,54,0,0,unseen
1255630350,0.1882979,0.7610207,586,0,0,unseen
1255634702,0.28360704,0.8527393,591,0,0,unseen
1255638782,0.38233742,0.71055615,478,0,2,unseen
1255668960,0.42393908,0.7077006,184,0,0,unseen
1255668961,0.3477079,0.7109942,291,0,0,unseen
1256268811,0.16692238,0.45706186,281,0,0,unseen
1256376704,0.3643676,0.7257314,419,1,3,unseen
1256490087,0.16423889,0.34424248,12,0,0,unseen
1256494044,0.29532298,0.6411028,89,0,0,unseen
1256605576,0.20860136,0.5479009,207,0,0,unseen
1256619187,0.25346717,0.5690363,795,0,0,unseen
1256800488,0.09865555,0.53455794,366,0,0,unseen
1256826061,0.48074314,0.9425085,85,0,0,unseen
1256831471,0.5851059,0.9570258,69,0,0,unseen
1257167345,0.51031435,0.942192,71,0,0,unseen
1257167518,0.47273466,0.9267125,72,0,0,unseen
1257245650,0.18749194,0.7379391,723,0,0,unseen
1257283316,0.3942713,0.768759,364,0,0,unseen
1257288066,0.34226805,0.78177816,399,0,0,unseen
1257314045,0.3175444,0.72997814,340,0,0,unseen
1257322613,0.45001486,0.7582836,398,0,0,unseen
1257357395,0.285783,0.5439158,933,0,0,unseen
1257629175,0.24381757,0.81813776,1212,0,0,unseen
1257698024,0.30765042,0.5653,764,0,0,unseen
1257974685,0.2792563,0.7024109,1087,0,0,unseen
1258073453,0.14174375,0.5618938,307,0,0,unseen
1258631261,0.077600494,0.32007068,345,0,0,unseen
1258686925,0.1270199,0.6283141,311,0,0,unseen
1258755799,0.42490688,0.8364412,505,0,9,unseen
1259022991,0.37988225,0.70414704,871,0,0,unseen
1259058278,0.2604001,0.48747447,699,0,0,unseen
1259230618,0.15732315,0.5315176,785,0,0,unseen
1259295990,0.28121027,0.5046627,16,0,0,unseen
1259309269,0.27661914,0.63494337,196,0,5,unseen
1259325203,0.15908784,0.42658758,311,0,0,unseen
1259425497,0.3533053,0.8048375,374,0,0,unseen
1259528984,0.25004327,0.6940735,48,0,0,unseen
1259576269,0.26152143,0.7162645,973,0,0,unseen
1259580168,0.060222965,0.48145545,332,0,0,unseen
1259718093,0.2842334,0.5292563,229,0,0,unseen
1259852010,0.5004532,0.92495346,207,1,1,unseen
1259856448,0.3641393,0.6084846,48,0,0,unseen
1259895761,0.058969602,0.20932797,119,0,0,unseen
1260011966,0.27852464,0.88012356,716,0,0,unseen
1260192984,0.591779,0.9788982,161,0,0,unseen
1260237061,0.13814792,0.4650602,334,0,0,unseen
1260237339,0.11394732,0.3982848,291,0,0,unseen
1260400286,0.21680965,0.68329936,297,0,0,unseen
1260542968,0.16090865,0.68947697,407,0,0,unseen
1260582361,0.17171718,0.4444421,344,0,0,unseen
1260655256,0.21885195,0.755953,438,0,0,unseen
1260879446,0.23910682,0.85221803,1164,0,1,unseen
1260879488,0.21385601,0.8257371,830,0,0,unseen
1260879515,0.22652487,0.88531095,169,0,1,unseen
1260879578,0.2951193,0.80833066,1019,0,0,unseen
1260883995,0.22181743,0.7328409,343,0,0,unseen
1260944875,0.21518846,0.7607914,69,0,0,unseen
1260949362,0.19025186,0.80950224,448,0,0,unseen
1261000309,0.073400654,0.6258827,292,0,0,pos_only
1261044051,0.3526131,0.8829238,1268,0,8,unseen
1261086734,0.21778107,0.69371647,223,0,0,unseen
1261129711,0.36966914,0.7868531,306,0,0,neg_only
1261130037,0.2186482,0.77196354,289,0,0,unseen
1261130127,0.29603195,0.7639648,314,0,0,neg_only
1261220600,0.3481342,0.5985011,50,0,0,unseen
1261225027,0.3099655,0.7373871,15,0,0,unseen
1261225224,0.26836503,0.7589522,755,0,0,unseen
1261251161,0.21978334,0.7624816,423,0,0,unseen
1261290537,0.18593901,0.6066823,308,0,0,unseen
1261423370,0.2035989,0.6730393,220,0,0,pos_only
1261423534,0.1701656,0.6460456,217,0,0,unseen
1261561493,0.4662139,0.94692427,182,0,0,unseen
1261566146,0.17999756,0.8007855,795,0,0,unseen
1261592479,0.35727316,0.7334164,81,0,0,unseen
1261829500,0.27626526,0.8311431,1113,1,18,unseen
1261902646,0.5542141,0.9034513,160,0,0,unseen
1261902687,0.5265877,0.9702552,112,0,0,unseen
1261907163,0.42692867,0.76218456,106,0,0,unseen
1261907182,0.283655,0.81965244,875,0,0,unseen
1262014782,0.08425068,0.40194884,15,0,0,unseen
1262015257,0.13243788,0.722381,17,0,0,unseen
1262114112,0.17021038,0.7323012,241,0,1,unseen
1262114188,0.18028522,0.6444387,192,0,0,unseen
1262114202,0.17807935,0.6902409,217,0,0,pos_only
1262252538,0.23134913,0.820721,1121,0,0,unseen
1262278858,0.2919807,0.7285107,686,0,0,unseen
1262360335,0.032096684,0.290916,162,0,0,pos_only
1262602271,0.37923652,0.8709236,214,0,0,unseen
1262632452,0.05371045,0.17690754,186,0,0,unseen
1262744824,0.23413025,0.5503698,270,0,0,unseen
1262990404,0.37147355,0.90815866,219,0,0,unseen
1263309965,0.1624333,0.83991724,858,0,0,unseen
1263642185,0.23766162,0.8445405,524,0,0,unseen
1263646370,0.17092179,0.82664543,184,0,0,unseen
1263646693,0.23725104,0.70136875,78,0,0,unseen
1263663953,0.48225814,0.9072999,111,1,4,unseen
1263663980,0.23530069,0.8677844,235,0,0,unseen
1263668331,0.38583863,0.86886334,149,0,0,unseen
1263668551,0.21876574,0.8467261,276,0,0,unseen
1263832477,0.25429526,0.57293916,370,0,1,unseen
1264186300,0.27183327,0.5405342,181,0,0,unseen
1265037070,0.18520707,0.8735994,300,0,1,unseen
1265157632,0.4194491,0.92493427,1077,1,9,unseen
1265852784,0.34778303,0.8830873,948,0,0,unseen
1266478519,0.14197859,0.53997004,29,0,1,unseen
1266871604,0.3713485,0.7123133,319,0,0,pos_only
1268179590,0.1090716,0.59875834,325,0,0,unseen
1279775029,0.38923934,0.7700968,333,0,0,unseen
1280634257,0.45184582,0.69857186,25,0,0,unseen
1280971174,0.23777476,0.63152564,228,0,0,unseen
1281113257,0.076625235,0.56217724,321,0,0,unseen
1281191190,0.4378817,0.74676424,121,0,0,unseen
1281316775,0.40040246,0.67958224,43,0,0,unseen
1281324958,0.13269351,0.441056,182,0,0,unseen
1281622703,0.3251119,0.8690334,942,0,2,unseen
1281649467,0.295199,0.48498192,36,0,0,unseen
1281812747,0.22703056,0.7521498,326,0,0,unseen
1281812771,0.10270991,0.41432944,30,0,0,unseen
1281963826,0.45720038,0.840104,390,4,16,unseen
1282007450,0.4529113,0.69317055,35,0,0,unseen
1282348408,0.3609375,0.70607364,114,0,0,unseen
1282474090,0.32428634,0.8268217,230,0,0,unseen
1282676872,0.07209761,0.4246129,50,0,0,unseen
1282754143,0.32042453,0.65575427,26,0,0,unseen
1282788953,0.35199875,0.79625857,350,0,0,unseen
1282806123,0.40560877,0.6286695,39,0,0,unseen
1282806606,0.1569497,0.46407375,314,0,0,unseen
1282827358,0.18169086,0.6624901,1211,0,0,unseen
1282827758,0.1624028,0.6099829,270,0,0,unseen
1282844980,0.22402716,0.37058154,5,0,0,unseen
1282991279,0.24477239,0.70657176,600,0,2,unseen
1283030884,0.38622916,0.6424262,10,0,0,unseen
1283031294,0.30153024,0.8907555,170,0,0,unseen
1283034573,0.5537209,0.81863135,33,4,8,unseen
1283039493,0.37950656,0.6638519,17,0,0,unseen
1283147383,0.3510224,0.6296674,8,0,0,unseen
1283151657,0.27311736,0.6941198,280,0,0,unseen
1283173461,0.08896533,0.68573374,996,0,1,unseen
1283190163,0.069236316,0.47247306,973,0,0,unseen
1283354429,0.29252696,0.5694433,17,0,0,unseen
1283392486,0.3454548,0.828109,18,0,2,unseen
1283406432,0.40242517,0.72943926,15,0,0,unseen
1283514079,0.22183412,0.8182093,476,0,0,unseen
1283552888,0.21212898,0.80739725,679,0,0,unseen
1283695650,0.4245402,0.84901243,16,0,0,unseen
1283708500,0.42353892,0.78149813,12,0,0,unseen
1283872218,0.08945716,0.51594096,165,0,0,unseen
1283876743,0.25323948,0.7767161,73,0,1,unseen
1284027922,0.28659633,0.53789884,17,0,0,unseen
1284117939,0.39639494,0.64573467,104,0,0,unseen
1284144408,0.234365,0.7551573,714,0,0,unseen
1284196378,0.08707857,0.7390251,343,0,0,unseen
1284213691,0.17035504,0.64155924,149,0,0,unseen
1284265034,0.47040945,0.7582759,297,0,0,unseen
1284338822,0.30218318,0.6239764,74,0,0,unseen
1284338898,0.19070269,0.6629697,84,0,0,unseen
1284373356,0.1267475,0.33061716,293,0,0,unseen
1284645050,0.35492173,0.8654224,1012,14,52,unseen
1284736626,0.3767901,0.8118177,13,0,0,unseen
1285068138,0.40743205,0.8465114,36,0,0,unseen
1285155206,0.17434302,0.80650455,993,0,0,unseen
1285197124,0.23617254,0.5827073,84,0,0,unseen
1285335267,0.3143987,0.82677805,1022,0,5,unseen
1285357551,0.48869216,0.7291343,273,0,0,unseen
1285750483,0.22367561,0.60930634,23,0,0,unseen
1285849782,0.37875453,0.82210636,177,0,0,unseen
1285849916,0.4716317,0.79196656,50,0,2,unseen
1286083010,0.33739242,0.7765166,11,0,0,unseen
1286134810,0.16221693,0.70968986,242,0,0,unseen
1286229638,0.23820044,0.837023,409,0,1,unseen
1286315478,0.21088316,0.5412993,308,0,2,unseen
1286323786,0.32037663,0.80511534,658,0,0,unseen
1286362821,0.34618935,0.64630616,311,0,0,unseen
1286362826,0.4749023,0.7454202,308,0,1,unseen
1286362973,0.49655786,0.7875898,276,0,0,unseen
1286362996,0.46440056,0.91183794,875,0,78,unseen
1286703891,0.46008238,0.7871631,295,0,0,unseen
1286704014,0.4500768,0.8079832,297,0,0,unseen
1287985909,0.44069365,0.81900966,641,0,0,unseen
1288172070,0.18812588,0.32783023,91,0,0,unseen
1288202406,0.118902795,0.48386294,523,0,0,unseen
1288267063,0.3392989,0.80603594,60,0,0,unseen
1288301181,0.208442,0.4114545,25,0,0,unseen
1288668458,0.46258295,0.8345487,679,2,9,unseen
1288767171,0.4340159,0.92897314,350,6,17,unseen
1288790426,0.28109708,0.6500003,315,0,0,unseen
1288889408,0.17179419,0.6432567,318,0,0,unseen
1288893672,0.43554372,0.9115922,127,0,0,unseen
1289000850,0.19086652,0.72272736,1180,0,0,unseen
1289082813,0.37096944,0.7576101,673,0,0,unseen
1289190689,0.16055949,0.4804875,166,0,0,unseen
1289213295,0.21930006,0.682365,437,0,0,unseen
1289229616,0.54182535,0.9375941,100,0,0,unseen
1289229700,0.5275254,0.9392556,118,0,0,unseen
1289233728,0.20756848,0.6890148,191,0,0,unseen
1289233760,0.48001942,0.9414971,123,0,0,unseen
1289233847,0.3780183,0.74154484,187,0,0,unseen
1289239054,0.6416305,0.96565884,100,0,0,unseen
1289285572,0.16879952,0.7060552,1207,0,0,unseen
1289337460,0.22236112,0.7608287,322,0,0,unseen
1289341853,0.12956177,0.5196729,340,0,0,unseen
1289359184,0.16249777,0.5162093,830,0,0,pos_only
1289367773,0.26667616,0.66093624,1102,0,0,unseen
1289432358,0.23234378,0.51360404,814,0,2,unseen
1289574568,0.19014765,0.65801674,704,0,0,unseen
1289574672,0.29901564,0.7059476,146,0,0,unseen
1289725799,0.27766028,0.52770543,702,0,0,unseen
1289799863,0.44810408,0.801629,541,0,8,unseen
1289872359,0.31235766,0.72941643,85,0,0,unseen
1289920105,0.11053893,0.36406824,307,0,0,unseen
1290015285,0.33009082,0.8580091,622,0,1,unseen
1290209390,0.04061995,0.20680255,50,0,0,unseen
1290227332,0.3814524,0.7683494,252,0,0,unseen
1290253312,0.09593907,0.40764534,517,0,0,unseen
1290270553,0.22769837,0.59614044,231,0,0,unseen
1290373671,0.38596502,0.806912,335,1,1,unseen
1290416713,0.18427399,0.5459561,648,0,0,neg_only
1290563000,0.25442874,0.7908432,109,0,0,unseen
1290572640,0.13745415,0.4439091,357,0,0,unseen
1290943306,0.123645924,0.517711,219,0,0,unseen
1291099014,0.19995013,0.54643345,313,0,0,unseen
1291245214,0.34393147,0.87898743,185,0,0,unseen
1291289106,0.17878497,0.4959461,295,0,0,unseen
1291331810,0.107494414,0.627194,1164,0,0,unseen
1291366237,0.23439112,0.74184096,230,0,0,unseen
1291370565,0.22453731,0.5991842,335,0,0,unseen
1291569166,0.4020561,0.7290172,61,0,0,unseen
1291633691,0.32246846,0.60549676,244,0,0,unseen
1291638853,0.067363754,0.28927553,436,0,0,unseen
1291647067,0.28608125,0.8230219,374,0,0,unseen
1291845900,0.22958209,0.6719608,300,0,0,unseen
1292022825,0.15882471,0.63150483,349,0,0,unseen
1292083167,0.18907353,0.7710992,1024,0,0,unseen
1292286082,0.29036188,0.65289146,110,0,0,unseen
1292316743,0.19011076,0.65416044,221,0,0,unseen
1292320285,0.14794004,0.5385717,143,0,0,unseen
1292325012,0.17942826,0.5182342,141,0,0,unseen
1292367728,0.023114456,0.45127022,728,0,0,unseen
1292670202,0.41979837,0.830611,140,0,0,unseen
1292713151,0.23555027,0.4939032,12,0,0,pos_only
1292713484,0.11418989,0.40034392,9,0,0,unseen
1292816565,0.19999455,0.70923567,202,0,1,unseen
1292847181,0.09908774,0.62288016,296,0,0,unseen
1292882359,0.14555962,0.49541017,277,0,0,unseen
1292971921,0.19847786,0.7488941,184,0,0,unseen
1293006629,0.25192103,0.8348419,474,0,0,unseen
1293309124,0.24548222,0.62219125,556,0,0,unseen
1293468282,0.17577209,0.6108599,571,0,0,pos_only
1293688646,0.2040367,0.6478983,616,0,0,unseen
1294021030,0.25192803,0.87095565,148,0,0,unseen
1294077075,0.12096263,0.44945392,214,0,0,unseen
1294082002,0.25852838,0.6361298,320,0,0,unseen
1294362000,0.32520753,0.90706307,126,0,2,unseen
1294362042,0.28514338,0.8177971,307,0,0,unseen
1294362092,0.27079305,0.93734604,469,0,0,unseen
1294366310,0.33354783,0.8359007,475,0,0,unseen
1295359686,0.3340978,0.7119188,39,0,0,unseen
1295501882,0.339872,0.7474298,375,0,0,unseen
1295566429,0.27960128,0.78618145,246,0,0,unseen
1295855722,0.24956323,0.6264525,319,0,0,unseen
1297202769,0.390883,0.7135357,928,0,0,unseen
1297556652,0.27139977,0.87907314,957,0,0,unseen
1298476253,0.083970994,0.5330368,349,0,0,unseen
1298985697,0.22951955,0.5684577,682,0,0,unseen
1299581176,0.18774752,0.49873587,170,0,0,unseen
1310499077,0.3363847,0.81368333,659,0,0,unseen
1310822912,0.25044054,0.6792954,342,0,0,unseen
1310831405,0.29637796,0.8458184,1013,0,0,unseen
1310831490,0.29795823,0.58610106,838,0,0,unseen
1310831498,0.22260292,0.55271125,900,0,0,unseen
1310831528,0.2480853,0.5501438,841,0,0,unseen
1310831596,0.2935279,0.6499739,1187,0,0,unseen
1311125016,0.3555172,0.82409036,661,0,0,unseen
1311168293,0.19780803,0.45288864,737,0,0,unseen
1311487571,0.19175321,0.7828755,363,0,0,unseen
1311669538,0.14583603,0.41412127,24,0,0,unseen
1311850062,0.29927355,0.8055553,275,0,0,unseen
1311993208,0.08323801,0.23281796,88,0,0,unseen
1312061760,0.069824606,0.19072087,613,0,0,pos_only
1312169753,0.24680324,0.8575637,351,0,0,unseen
1312221605,0.1834022,0.5757724,50,0,0,unseen
1312308001,0.33807045,0.83507365,547,0,2,unseen
1312369036,0.432212,0.7287353,16,0,0,unseen
1312369181,0.40111643,0.83467984,21,0,0,unseen
1312899483,0.2624668,0.5086017,13,0,0,unseen
1313038188,0.31545472,0.7927491,252,1,1,unseen
1313175597,0.114655636,0.56027555,600,0,0,unseen
1313188640,0.32879823,0.53068095,14,0,0,unseen
1313248733,0.20250468,0.7633624,395,0,2,unseen
1313261883,0.20854293,0.44147938,87,0,0,unseen
1313340316,0.37768015,0.86437696,321,0,7,unseen
1313392097,0.27960882,0.6042805,18,0,0,unseen
1313491897,0.20258173,0.6813658,997,0,0,unseen
1313496027,0.40472355,0.92989343,1126,0,1,unseen
1313496323,0.19853735,0.6201431,272,0,0,unseen
1313594496,0.20692408,0.40590957,284,0,0,unseen
1313733623,0.4602443,0.8765149,90,0,0,unseen
1313849969,0.08586374,0.26163226,13,0,0,unseen
1313849992,0.12812258,0.7463214,1010,0,0,pos_only
1314052933,0.31186283,0.35968933,4,0,0,unseen
1314069729,0.20579538,0.48282504,20,0,0,unseen
1314216624,0.039713863,0.35960662,295,0,0,unseen
1314354429,0.27950382,0.52829874,14,0,0,unseen
1314695867,0.2874712,0.66843504,591,0,0,unseen
1314747047,0.26160154,0.61293596,11,0,0,unseen
1314906961,0.16473813,0.54066205,976,0,0,unseen
1315084914,0.39673364,0.65325195,22,0,0,unseen
1315236071,0.1510041,0.8040153,331,1,1,unseen
1315253052,0.06692877,0.5467268,1224,0,0,unseen
1315529069,0.4058756,0.6357466,76,0,1,unseen
1315602702,0.2376967,0.83636796,795,0,0,unseen
1315627948,0.41264164,0.708755,263,0,0,unseen
1315770230,0.10864143,0.4567276,273,0,0,unseen
1316077922,0.17283697,0.5747879,851,0,0,unseen
1316086414,0.14154276,0.8061047,86,1,2,unseen
1316158591,0.2566125,0.6224849,96,0,0,unseen
1316245799,0.0666024,0.58972573,565,0,0,neg_only
1316768561,0.4678024,0.80855924,22,0,0,unseen
1316846140,0.21860635,0.73592746,319,0,1,unseen
1316945065,0.070666194,0.4391819,597,0,0,unseen
1316974821,0.15977316,0.48303,70,0,0,unseen
1317169555,0.32659453,0.82957727,748,0,0,unseen
1317208043,0.24570335,0.57598907,125,0,0,unseen
1317397643,0.49725565,0.8079375,287,0,0,unseen
1317397830,0.2830852,0.60730076,297,0,0,unseen
1317457971,0.21858622,0.6259471,56,0,0,unseen
1317712712,0.29817176,0.6337881,299,0,0,unseen
1318521594,0.094541304,0.41830692,90,0,0,unseen
1318796361,0.34262663,0.6343473,293,0,0,unseen
1318870786,0.37623915,0.81316215,167,0,0,unseen
1318956632,0.35165754,0.7969877,284,0,0,unseen
1318986524,0.03969331,0.48766634,351,0,0,unseen
1319211083,0.31637302,0.8628233,347,0,0,unseen
1319251041,0.64022857,0.96932113,103,0,2,unseen
1319530284,0.23885123,0.9473774,648,0,2,unseen
1319579283,0.30408493,0.64073217,164,0,0,unseen
1319587003,0.2196168,0.65258104,138,0,0,unseen
1319587380,0.22148718,0.51357603,196,0,0,unseen
1319591297,0.32778862,0.79084986,161,1,1,unseen
1319591480,0.44342503,0.93945396,99,0,0,unseen
1319591655,0.39095587,0.9376832,83,0,0,unseen
1319591709,0.2811062,0.7802719,89,0,0,unseen
1319694445,0.30388582,0.7604848,1227,0,0,unseen
1319776226,0.24342431,0.55624986,960,0,0,unseen
1319911391,0.44423926,0.92441565,100,0,0,unseen
1319915822,0.27410346,0.68407106,68,0,0,unseen
1319919698,0.20471959,0.7749246,288,0,0,unseen
1319919814,0.5016907,0.95358425,83,0,0,unseen
1319927977,0.19823734,0.6868943,265,0,0,unseen
1319928209,0.18701018,0.5718508,238,0,0,unseen
1319928264,0.24053188,0.6438264,147,0,0,unseen
1319932206,0.6471538,0.97191596,105,0,1,unseen
1319988625,0.26514775,0.68746156,76,0,1,unseen
1320177531,0.13983376,0.4863684,106,0,0,unseen
1320273763,0.23478284,0.6868145,194,0,0,unseen
1320290839,0.12632711,0.28115192,257,0,0,unseen
1320376615,0.25568968,0.54825443,343,0,0,unseen
1320480289,0.25274935,0.7971986,460,0,1,unseen
1320480452,0.16437215,0.49914992,323,0,0,unseen
1320484823,0.2890552,0.77643424,1164,7,36,unseen
1320597959,0.48350236,0.8638435,499,0,1,unseen
1320622829,0.17758746,0.5283836,267,0,0,unseen
1320799685,0.21457212,0.5175446,806,0,1,unseen
1320808563,0.4137903,0.8836577,336,0,0,unseen
1320825799,0.17979676,0.5284825,317,0,0,unseen
1320951699,0.15916163,0.44842282,285,0,0,unseen
1320976955,0.10601685,0.684329,1245,0,0,unseen
1321089424,0.34971827,0.7511581,316,0,0,unseen
1321140852,0.2524399,0.75832033,267,1,5,unseen
1321162590,0.25344974,0.6822003,303,0,0,unseen
1321305063,0.18774396,0.7604638,497,0,0,unseen
1321305370,0.046097845,0.104633346,32,0,0,unseen
1321339156,0.13042925,0.55138624,1004,0,0,unseen
1321339259,0.16606149,0.7416768,1268,0,0,unseen
1321352281,0.09327248,0.33611137,328,0,0,unseen
1321430335,0.14411025,0.6490477,384,0,0,unseen
1321564092,0.013886917,0.08564091,231,0,0,pos_only
1321642426,0.18970694,0.6737165,225,0,0,unseen
1321680157,0.14824979,0.650329,1182,0,0,unseen
1321745141,0.25980222,0.7348161,283,0,0,unseen
1321749057,0.219932,0.7035935,315,0,0,unseen
1321982689,0.06724015,0.48968217,152,0,0,unseen
1322012611,0.59773,0.9083086,393,0,0,unseen
1322021279,0.12997606,0.6044218,1248,0,0,unseen
1322051647,0.3044095,0.69390637,360,0,0,unseen
1322090599,0.29441336,0.75379443,294,0,0,unseen
1322133858,0.21362,0.55529755,301,0,0,unseen
1322176928,0.33498698,0.7692713,397,0,0,unseen
1322177047,0.28645957,0.7796264,335,0,0,unseen
1322189987,0.25763518,0.8093462,298,0,0,unseen
1322470462,0.21412757,0.5707554,273,0,0,unseen
1322474586,0.21558182,0.68261045,213,0,0,pos_only
1322531033,0.28572744,0.6951145,316,0,3,unseen
1322626125,0.22033574,0.41828388,81,0,0,unseen
1322772113,0.40443584,0.8789788,670,0,1,unseen
1322984572,0.07036223,0.46372238,347,0,0,unseen
1323015482,0.33206883,0.64470404,17,0,0,unseen
1323407050,0.087931655,0.27938193,10,0,0,unseen
1323454861,0.2295291,0.6149428,346,0,0,unseen
1324028712,0.18741,0.5270296,111,0,0,unseen
1324032826,0.26900443,0.5786839,55,0,0,unseen
1324145475,0.090695515,0.6940305,285,0,0,unseen
1324365879,0.025112003,0.22571798,206,0,0,unseen
1324373969,0.3419107,0.6302898,70,0,0,pos_only
1324430237,0.14840677,0.66602236,283,0,0,unseen
1324715168,0.27049035,0.6539041,155,0,0,unseen
1324762843,0.13865186,0.4219282,333,0,0,unseen
1325133618,0.104173824,0.45068708,450,0,0,pos_only
1325138116,0.25606763,0.49993092,316,0,0,unseen
1325470571,0.31210065,0.86204976,1099,0,0,unseen
1325479712,0.4483777,0.7972325,304,0,0,unseen
1325733981,0.43089533,0.8435293,113,0,0,unseen
1325799453,0.076228015,0.45720282,335,0,0,unseen
1325799516,0.4271614,0.6857634,319,0,0,unseen
1326075032,0.254658,0.74444914,561,0,0,unseen
1326264840,0.07073685,0.41838786,214,0,0,unseen
1327494939,0.45077872,0.89306426,1122,0,0,unseen
1327831724,0.4299561,0.84665954,1155,0,0,unseen
1327831994,0.40705884,0.8640647,973,0,0,unseen
1328505485,0.38907778,0.8142145,1037,0,0,unseen
1328513713,0.14993465,0.4915221,47,0,0,unseen
1331311183,0.22906439,0.6968443,72,0,1,unseen
1342022174,0.25989544,0.49228546,45,0,0,unseen
1342194347,0.1670818,0.53287977,303,0,0,unseen
1342371499,0.31754115,0.79983205,37,0,0,unseen
1342539738,0.23006058,0.73616624,190,0,0,unseen
1342704830,0.34542176,0.55970925,57,0,0,unseen
1342717266,0.23857911,0.490773,21,0,0,unseen
1343139850,0.12875304,0.4561489,991,0,0,unseen
1343395439,0.39538813,0.74329877,51,0,0,unseen
1343403608,0.023247505,0.04649911,23,0,0,unseen
1343407759,0.3050857,0.5201465,13,0,0,unseen
1343736290,0.1560779,0.67975354,53,0,0,unseen
1343744386,0.3478579,0.81305045,15,0,0,unseen
1343749180,0.38521922,0.60545063,47,0,0,unseen
1343749602,0.34716836,0.7178278,19,0,0,unseen
1343749689,0.35434175,0.6085916,20,0,0,unseen
1343804739,0.08857979,0.51741415,779,0,0,unseen
1343861428,0.06516798,0.6205734,1049,0,0,unseen
1343882325,0.2843428,0.64224356,144,0,0,unseen
1343891368,0.20567065,0.59659255,339,0,0,unseen
1344055093,0.457018,0.7451102,55,2,6,unseen
1344082025,0.16784425,0.3758835,53,0,0,unseen
1344086667,0.31292397,0.55875796,20,0,0,unseen
1344253853,0.20550318,0.61218095,37,0,0,unseen
1344275238,0.1692609,0.65403724,1163,0,0,unseen
1344392982,0.37201625,0.67483735,40,0,0,unseen
1344460840,0.26495785,0.54337245,15,0,0,unseen
1344469477,0.16624327,0.75996315,333,0,0,unseen
1344469589,0.13382892,0.40642413,28,0,0,unseen
1344469820,0.14097407,0.6321692,399,0,0,unseen
1344509330,0.40747032,0.82607067,80,0,0,unseen
1344695030,0.17530975,0.19559583,2,0,0,unseen
1344724333,0.2319122,0.65619254,1063,1,6,unseen
1344733447,0.4104576,0.67817324,21,0,0,unseen
1344810847,0.09250645,0.37994066,323,0,0,unseen
1344810921,0.14870086,0.47228792,289,0,0,unseen
1344811248,0.13981287,0.5900016,384,0,0,unseen
1344858721,0.13552107,0.691561,705,0,0,unseen
1344858936,0.020842329,0.08086255,100,0,0,unseen
1344885028,0.107911736,0.5051738,122,0,0,unseen
1344940741,0.2045702,0.51350826,42,0,0,unseen
1345048347,0.23707774,0.42681193,7,0,0,unseen
1345056477,0.26691502,0.68768936,697,0,0,unseen
1345087352,0.19869448,0.53005373,92,0,0,unseen
1345164753,0.4024759,0.72537464,28,0,0,unseen
1345286099,0.31450838,0.55043805,336,0,0,unseen
1345393600,0.31400165,0.72326857,362,0,1,unseen
1345397640,0.33123177,0.8138463,1030,0,2,unseen
1345397641,0.25539085,0.69782573,1008,0,0,unseen
1345442381,0.16666579,0.36278293,19,0,0,unseen
1345471376,0.14280091,0.3762845,130,0,0,unseen
1345596879,0.07207875,0.3969374,172,0,0,unseen
1345855299,0.27889982,0.68156767,288,0,0,unseen
1345972395,0.2597932,0.8667535,353,1,1,unseen
1346296379,0.28143245,0.45012447,8,0,0,unseen
1346305649,0.24237466,0.6082252,295,0,0,unseen
1346465519,0.50772834,0.83308446,68,0,0,unseen
1346560069,0.08907534,0.39429593,239,0,0,unseen
1346628780,0.22195259,0.86186135,409,0,0,unseen
1346896720,0.08779114,0.31032756,193,0,0,unseen
1347125913,0.46609148,0.78887975,80,0,0,unseen
1347126097,0.30422294,0.51125747,25,0,0,unseen
1347147045,0.07304299,0.32664758,255,0,0,unseen
1347470894,0.5348474,0.83872586,96,0,0,unseen
1347642883,0.101030484,0.6477767,366,0,0,unseen
1347936495,0.12725791,0.67359304,444,0,0,unseen
1347979604,0.10006606,0.5005359,437,0,0,unseen
1348242919,0.4412833,0.8235095,69,0,0,unseen
1348312221,0.072884336,0.2641722,154,0,0,unseen
1348769299,0.45910937,0.7559629,206,0,0,unseen
1348769352,0.28874487,0.6839753,606,0,0,unseen
1348773541,0.2512359,0.584977,600,0,0,unseen
1348829819,0.45768344,0.911384,178,2,4,unseen
1348920548,0.4490565,0.9149434,107,0,0,unseen
1348998826,0.28067052,0.56167567,421,0,0,unseen
1349114660,0.5342382,0.8520249,196,0,5,unseen
1349114715,0.38635665,0.787963,171,0,0,unseen
1349240911,0.28815556,0.6734334,315,0,0,unseen
1349556037,0.22822413,0.81476355,549,0,0,unseen
1349603861,0.5126499,0.94111097,86,0,0,unseen
1349685300,0.2838023,0.6976173,219,0,0,unseen
1350340954,0.18074478,0.488272,180,0,0,unseen
1350612846,0.2235463,0.4677691,73,0,0,unseen
1350626363,0.1532364,0.6732381,252,0,0,unseen
1350837738,0.46378535,0.91371965,379,1,4,unseen
1350924364,0.2916741,0.5331741,23,0,0,unseen
1350985189,0.09167463,0.34465432,350,0,0,unseen
1351065769,0.22294162,0.68006074,344,0,0,pos_only
1351312482,0.38198918,0.62747276,14,0,0,unseen
1351317122,0.52520746,0.8936298,139,0,0,unseen
1351338390,0.15337278,0.55413866,378,0,0,unseen
1351511065,0.17199309,0.77212715,1129,0,0,unseen
1351515422,0.19883128,0.59051925,307,0,0,unseen
1351623779,0.09074776,0.46801138,264,0,0,unseen
1351667174,0.21415782,0.71076196,848,0,0,unseen
1351674644,0.15867339,0.51031286,363,0,0,unseen
1351679002,0.22500126,0.50886273,310,0,0,unseen
1351756766,0.33918124,0.6279935,377,0,0,unseen
1351795817,0.35479406,0.67154545,282,0,0,unseen
1351829895,0.33810675,0.8124381,327,0,0,unseen
1351838607,0.18170458,0.48762313,793,0,1,unseen
1351869732,0.1373517,0.3961388,317,0,0,unseen
1351874277,0.22943953,0.5580994,305,0,0,unseen
1351964689,0.17386754,0.60369617,404,0,0,unseen
1352011957,0.27875236,0.5982208,338,0,0,unseen
1352077058,0.21389203,0.7495087,599,0,0,unseen
1352315133,0.13450712,0.648208,340,0,0,unseen
1352331062,0.2588581,0.47775948,12,0,0,unseen
1352335144,0.1095248,0.39191866,600,0,0,unseen
1352335943,0.22957765,0.6714357,501,0,0,unseen
1352356915,0.25331149,0.5329503,323,0,0,unseen
1352512355,0.3444604,0.778491,333,0,0,unseen
1352598905,0.8053571,0.97137827,115,11,23,unseen
1352664363,0.16759543,0.5685142,337,0,0,unseen
1352676969,0.014659767,0.3925661,257,0,0,neg_only
1352684733,0.0057664206,0.03668306,122,0,0,neg_only
1352685625,0.24877574,0.66430455,310,0,0,unseen
1352884042,0.18221031,0.6716964,295,0,0,unseen
1352983123,0.25737554,0.7151206,262,0,0,unseen
1353018228,0.19319837,0.54334176,339,0,0,unseen
1353031649,0.1617048,0.50551647,290,0,0,unseen
1353047577,0.105514154,0.4700178,938,0,0,unseen
1353124914,0.3279139,0.7134598,327,0,0,unseen
1353371352,0.16371416,0.6150107,971,0,0,unseen
1353544607,0.26379904,0.67764246,960,0,0,unseen
1353557185,0.23535259,0.6200762,318,0,1,unseen
1353669883,0.33004048,0.6327492,81,0,0,unseen
1353691043,0.19343473,0.5495412,20,0,0,unseen
1353704387,0.2859966,0.6082376,161,0,0,unseen
1353755801,0.06695633,0.3416552,1035,0,0,unseen
1354050197,0.2915592,0.7322154,280,0,0,unseen
1354360495,0.4221584,0.84749186,193,0,0,unseen
1354364967,0.19572844,0.6803569,1320,0,0,unseen
1354368623,0.10385822,0.29484588,86,0,0,unseen
1354722783,0.07389194,0.23096718,146,0,0,unseen
1354972766,0.26720217,0.7377407,395,0,0,unseen
1355042349,0.39178136,0.78608894,214,0,0,unseen
1355042626,0.19917339,0.5412736,432,0,0,unseen
1355115431,0.12020816,0.53648597,274,0,0,unseen
1355383564,0.23739691,0.6569184,329,0,0,unseen
1355697813,0.14912485,0.36305627,81,0,0,unseen
1355720294,0.16351669,0.75285375,641,0,0,unseen
1355736858,0.21380901,0.68689877,514,0,0,unseen
1355750084,0.37751547,0.7272599,77,0,0,unseen
1355806197,0.23531292,0.61210823,283,0,0,unseen
1355810793,0.18628988,0.64379424,207,0,0,unseen
1356061127,0.14897412,0.4590415,147,0,0,unseen
1356402176,0.04131164,0.15648627,260,0,0,unseen
1356743173,0.29561767,0.7195479,145,0,1,unseen
1356760143,0.38574892,0.789782,43,0,0,unseen
1356772884,0.21872103,0.6532355,80,0,0,unseen
1357084643,0.117934205,0.33879232,252,0,0,unseen
1357088826,0.18466443,0.6182021,405,0,0,unseen
1357088989,0.069795236,0.3496477,251,0,0,unseen
1357438446,0.21862693,0.5703788,137,0,0,unseen
1357774525,0.23605928,0.5698805,174,0,0,unseen
1359212271,0.47835314,0.93306106,1089,0,0,unseen
1359553384,0.37798163,0.8244667,1124,0,0,unseen
1362674294,0.3283769,0.7274568,65,4,6,unseen
1373734609,0.35553327,0.6390145,29,0,0,unseen
1374063129,0.029302437,0.029302437,1,0,0,unseen
1374269852,0.22733144,0.4379274,11,0,0,unseen
1374390667,0.1776586,0.79244655,304,0,0,unseen
1374390721,0.25950783,0.8114832,303,0,2,unseen
1374413370,0.4452097,0.6972244,37,0,0,unseen
1374442368,0.24213634,0.63239014,443,0,0,unseen
1374636916,0.090014905,0.5985234,22,0,0,unseen
1374649768,0.27591988,0.5390985,26,0,0,unseen
1374731590,0.26162684,0.65216976,310,0,0,unseen
1374767239,0.48404074,0.75948966,66,0,2,unseen
1374784418,0.33202687,0.83433294,31,0,0,unseen
1374809555,0.18723083,0.64958197,715,0,0,unseen
1374839724,0.26618367,0.4919491,107,0,0,unseen
1374900967,0.041928876,0.30863324,199,0,0,unseen
1375206889,0.27522534,0.73689026,1227,0,0,unseen
1375224269,0.024796046,0.29300994,341,0,0,unseen
1375224447,0.13606386,0.51048,420,0,0,unseen
1375242214,0.05002492,0.3451804,527,0,0,unseen
1375245983,0.059871092,0.37948895,1049,0,0,unseen
1375254211,0.37130675,0.7664575,39,0,0,unseen
1375254271,0.16206732,0.83611685,978,0,0,unseen
1375266822,0.3367089,0.8775778,577,0,2,unseen
1375266871,0.27127463,0.8450422,421,0,0,unseen
1375297611,0.08997765,0.2876605,9,0,0,unseen
1375462484,0.35322398,0.7415817,21,0,0,unseen
1375482740,0.27507305,0.59491557,93,0,0,unseen
1375504361,0.11087521,0.35866132,175,0,0,unseen
1375504403,0.11573517,0.33932972,276,0,0,unseen
1375504427,0.19592774,0.2934156,7,0,0,unseen
1375759120,0.21804431,0.5273216,16,0,0,unseen
1375768970,0.42006987,0.6979511,32,0,0,unseen
1375769049,0.37863338,0.7546739,29,0,0,unseen
1375889180,0.12433438,0.58396035,545,0,0,unseen
1375924140,0.17130132,0.58786565,169,0,0,unseen
1376144653,0.36575916,0.68574256,22,0,0,unseen
1376149163,0.372351,0.76117915,21,0,0,unseen
1376234554,0.4376565,0.8354664,101,0,0,unseen
1376291141,0.25840345,0.81280416,987,0,0,unseen
1376428405,0.17789319,0.35442436,8,0,0,unseen
1376540712,0.21635588,0.579365,36,0,0,unseen
1376558469,0.19535297,0.65386486,589,0,0,unseen
1376800240,0.41508675,0.77063996,29,0,0,unseen
1376809072,0.32949418,0.7279661,29,0,0,unseen
1376999110,0.100670874,0.6127961,449,0,0,unseen
1377002848,0.12260949,0.59266233,116,1,1,unseen
1377365394,0.25308722,0.7468507,63,0,0,unseen
1377512967,0.40110075,0.8358042,12,0,0,unseen
1377814057,0.39484373,0.53005093,29,0,0,unseen
1377841477,0.052240778,0.20288855,63,0,0,unseen
1377845289,0.21365118,0.7762837,70,0,1,unseen
1378107488,0.22051243,0.44866866,248,0,0,unseen
1378156512,0.3623875,0.6338944,55,0,0,unseen
1378168833,0.28617892,0.5551399,15,0,0,unseen
1378182447,0.42856604,0.6721649,14,0,0,unseen
1378212488,0.24386756,0.4196975,6,0,0,unseen
1378251040,0.0704524,0.26723605,338,0,0,both
1378315562,0.10482548,0.49370575,367,0,0,unseen
1378544024,0.110349044,0.46353215,160,0,0,unseen
1378574332,0.2625794,0.8525277,165,0,0,unseen
1378587904,0.32651043,0.89573246,167,0,0,unseen
1378673241,0.041991863,0.42336404,280,0,0,unseen
1378781175,0.4010556,0.6940398,283,0,0,unseen
1378856024,0.4077836,0.8385103,46,0,0,unseen
1378860414,0.29141414,0.86112624,288,0,0,unseen
1379023266,0.1772442,0.58287525,61,0,0,unseen
1379183233,0.30815682,0.71025676,20,0,0,unseen
1379256115,0.13570037,0.7441822,121,0,0,unseen
1379355446,0.24215902,0.51480234,44,0,0,unseen
1379530114,0.27619687,0.43021193,30,0,0,unseen
1379907704,0.54025567,0.939118,174,0,0,unseen
1380149683,0.3586169,0.6879019,377,0,0,unseen
1380206312,0.29962718,0.901409,146,0,0,unseen
1380331849,0.2269965,0.853954,259,0,0,unseen
1380408769,0.4356734,0.80262154,626,0,2,unseen
1380979698,0.18586645,0.4610769,303,0,0,unseen
1381277138,0.07790844,0.3895913,49,0,0,unseen
1381306709,0.21841629,0.5747303,136,0,0,unseen
1381704275,0.20657411,0.81955504,240,0,0,unseen
1381872829,0.2880313,0.69460076,309,0,0,unseen
1381890038,0.15259555,0.55644876,256,0,0,unseen
1381997776,0.16408597,0.56813574,224,0,0,unseen
1382023849,0.32022187,0.69942415,1133,0,0,unseen
1382195959,0.24820459,0.7303562,669,0,1,unseen
1382343196,0.14626135,0.5955068,225,0,0,unseen
1382667382,0.18721543,0.4990163,290,0,0,unseen
1382710039,0.2520259,0.6685386,299,0,0,unseen
1383016399,0.16847715,0.57667583,295,0,0,unseen
1383111671,0.21500757,0.41286027,10,0,0,unseen
1383396225,0.23287621,0.7352915,276,0,0,unseen
1383461199,0.23465174,0.7736807,310,0,0,unseen
1383703581,0.1812074,0.5106889,11,0,0,unseen
1383767808,0.15996085,0.47781324,177,0,0,unseen
1383776127,0.16690771,0.70722157,858,0,0,unseen
1383828111,0.32663324,0.6990897,339,0,0,unseen
1383905754,0.24066336,0.72623587,1137,0,1,unseen
1383956999,0.31218764,0.8546851,681,0,0,unseen
1384017738,0.42048267,0.7481366,63,0,3,unseen
1384052612,0.33741477,0.61185795,251,0,0,unseen
1384065958,0.11807141,0.5696884,405,0,0,unseen
1384505707,0.17364763,0.62114054,169,0,0,unseen
1384712714,0.26936388,0.45461655,20,0,0,unseen
1384734912,0.24256583,0.73519635,141,0,0,unseen
1384752007,0.20066424,0.66176724,302,0,0,unseen
1385032953,0.14722869,0.7275984,520,0,0,unseen
1385053807,0.43881696,0.8138597,173,0,0,unseen
1385093648,0.05228122,0.2917292,989,0,0,unseen
1385291666,0.25802052,0.68192405,954,0,10,unseen
1385430156,0.28284875,0.7532342,1252,0,0,unseen
1385433981,0.09452851,0.66840875,357,0,0,unseen
1385524378,0.18070029,0.8455152,389,0,0,unseen
1385740486,0.16277237,0.47002608,30,0,0,unseen
1386098182,0.25299978,0.7928771,326,0,0,unseen
1386512867,0.08717564,0.7880208,320,2,10,unseen
1386755292,0.35156527,0.6314128,302,0,0,unseen
1386758950,0.13486789,0.731897,493,0,0,unseen
1386780576,0.44600976,0.6100127,45,0,1,unseen
1386784924,0.37658095,0.58685714,31,0,0,unseen
1386854129,0.13737264,0.5150368,431,0,0,unseen
1387527258,0.21395785,0.6508243,333,0,0,unseen
1387575003,0.37006998,0.81831354,1067,0,0,unseen
1387773463,0.24846233,0.56071216,900,0,0,unseen
1387868622,0.53494495,0.8388717,337,0,0,unseen
1387881882,0.51353115,0.8142966,302,0,0,unseen
1388585088,0.44621482,0.8695353,1118,0,0,unseen
1389142287,0.12894662,0.4013519,257,0,0,unseen
1390942076,0.4578087,0.8791355,1014,0,0,unseen
1392655948,0.3082132,0.8138235,877,0,1,unseen
1404778340,0.29692003,0.55465555,65,0,0,unseen
1404783075,0.25946704,0.57488996,53,0,0,unseen
1404933332,0.12925416,0.46826667,192,0,0,unseen
1405107113,0.39638776,0.5468654,32,0,0,unseen
1405111246,0.26277366,0.52129984,21,0,0,unseen
1405231475,0.40729958,0.8314684,266,0,2,unseen
1405300458,0.23536424,0.52284753,5,0,0,unseen
1405300499,0.15009049,0.38497946,96,0,0,unseen
1405300548,0.28190455,0.44991425,3,0,0,unseen
1405313687,0.30012205,0.6995187,162,0,0,unseen
1405321852,0.32883918,0.7767244,125,0,1,unseen
1405615693,0.22291969,0.63553095,32,0,0,unseen
1405784237,0.18972927,0.3296649,8,0,0,unseen
1405788552,0.40730807,0.7863303,26,0,2,unseen
1405789352,0.29493108,0.5311249,19,0,0,unseen
1405824057,0.32667786,0.6389774,30,0,0,unseen
1405923011,0.12439743,0.3883,19,0,0,unseen
1405947932,0.14409798,0.32361892,9,0,0,unseen
1405982395,0.21341872,0.57303154,32,0,0,unseen
1406155403,0.13802661,0.39383593,21,0,0,unseen
1406241498,0.20043221,0.7092615,509,0,0,unseen
1406241804,0.1644966,0.5123012,595,0,0,unseen
1406276743,0.18910833,0.7137889,637,0,0,unseen
1406583670,0.2106406,0.4294791,42,0,0,unseen
1406642759,0.2951948,0.84824157,456,0,1,unseen
1406911688,0.07225948,0.19145055,61,0,0,both
1406928592,0.28067452,0.8098691,37,0,0,unseen
1407130999,0.12564689,0.62327236,201,0,0,unseen
1407252557,0.49056545,0.91712505,80,0,0,unseen
1407260897,0.24937578,0.4992841,24,0,0,unseen
1407269137,0.16342379,0.5734672,77,0,0,unseen
1407269144,0.3104729,0.72049564,129,0,0,unseen
1407269350,0.43062267,0.69834495,54,0,0,unseen
1407398468,0.21664694,0.71458954,425,0,0,unseen
1407593231,0.13939865,0.6920898,108,0,0,unseen
1407610974,0.51098007,0.8643302,91,0,0,unseen
1407853195,0.19878611,0.40515745,22,0,0,unseen
1407873674,0.416932,0.8482691,194,0,0,unseen
1407939124,0.11961375,0.7068262,582,0,0,unseen
1408207343,0.14501742,0.38287726,54,0,0,unseen
1408612051,0.2347586,0.4888186,95,0,0,unseen
1408880450,0.22765628,0.77081,45,0,1,unseen
1408928039,0.23511048,0.69860107,97,0,0,unseen
1408966145,0.36472148,0.7690058,67,0,0,unseen
1409540932,0.51478225,0.87966484,91,1,3,unseen
1409639887,0.23484252,0.7831149,722,0,0,unseen
1409669895,0.2238615,0.7010395,87,0,0,unseen
1409882329,0.4781316,0.8165929,19,0,0,unseen
1410049368,0.2921581,0.62561846,24,0,0,unseen
1410085121,0.32072964,0.48641837,10,0,0,unseen
1410105831,0.14061534,0.6583468,347,0,0,unseen
1410118722,0.31892842,0.68606025,526,0,0,unseen
1410122586,0.40958259,0.75627786,420,0,0,unseen
1410122843,0.32419807,0.74838215,517,0,0,unseen
1410127303,0.40774843,0.7068379,322,0,1,unseen
1410450511,0.45874637,0.83503425,244,0,0,unseen
1410450576,0.34203085,0.65897244,526,0,0,unseen
1410450949,0.35385898,0.73015463,337,0,0,unseen
1410472719,0.31804872,0.71859217,307,0,0,unseen
1410568569,0.47180218,0.73972297,8,0,0,unseen
1410631868,0.1165049,0.8363355,477,0,0,unseen
1410813978,0.36000702,0.7119399,341,0,0,unseen
1411262721,0.5562971,0.9794909,194,0,0,unseen
1411314129,0.18081824,0.75475645,329,0,0,unseen
1411327661,0.2691721,0.7634449,600,0,2,unseen
1411784734,0.1304747,0.60960954,328,0,0,unseen
1411862814,0.34299546,0.8436653,290,0,0,unseen
1412014916,0.09812001,0.57606447,686,0,0,unseen
1412164346,0.4365003,0.7487309,219,0,0,unseen
1412238418,0.24823248,0.7078709,863,0,0,unseen
1412700292,0.20230043,0.64689296,549,0,0,unseen
1413058496,0.12761295,0.50276744,136,0,0,unseen
1413464254,0.011078764,0.22655599,186,0,0,unseen
1413572068,0.30134642,0.7019218,303,0,2,unseen
1413593322,0.34261656,0.7826316,303,3,7,unseen
1413766741,0.2510772,0.8468494,461,0,0,unseen
1413771042,0.25770962,0.50962317,24,0,0,unseen
1413813658,0.2159002,0.52699465,298,0,0,unseen
1413882984,0.2901867,0.60556316,867,0,0,unseen
1414046770,0.32870135,0.7229369,268,1,2,unseen
1414073219,0.28378516,0.6034845,30,0,0,unseen
1414189518,0.24523668,0.6633913,340,0,0,unseen
1414354109,0.2916196,0.7334373,61,0,0,unseen
1414435283,0.14495814,0.5658604,1295,0,0,unseen
1414617465,0.24888094,0.6570622,289,0,0,unseen
1414694799,0.11712885,0.5374444,510,0,0,unseen
1414712300,0.10257742,0.10257742,1,0,0,unseen
1414763569,0.15372846,0.6776313,332,0,0,unseen
1414845661,0.33077496,0.8460504,640,0,0,unseen
1415126563,0.27291882,0.6182245,179,0,0,unseen
1415182325,0.2103464,0.59260535,319,0,0,unseen
1415441424,0.38512188,0.73610616,345,0,1,unseen
1415480049,0.31679028,0.6217208,25,0,0,unseen
1415484346,0.25080013,0.49108714,13,0,0,unseen
1415774445,0.24040996,0.60847235,139,0,0,unseen
1415808221,0.07406928,0.37818256,1275,0,0,unseen
1415829574,0.221658,0.9155485,841,0,3,unseen
1416766624,0.11037533,0.4525343,442,0,0,unseen
1416900410,0.13557151,0.5258097,233,0,0,pos_only
1417138075,0.18381132,0.63651663,936,0,0,unseen
1417457582,0.25258267,0.55503726,12,0,0,unseen
1417810944,0.23355754,0.503639,126,0,0,unseen
1418829730,0.06743168,0.36534414,392,0,0,unseen
1418924735,0.40355295,0.7412217,281,0,0,unseen
1419019956,0.3064688,0.86132306,533,0,0,pos_only
1419136775,0.11757044,0.38377497,80,0,0,unseen
1419136956,0.08455556,0.3208236,278,0,0,unseen
1419141364,0.13184436,0.52804035,195,0,0,unseen
1419162574,0.02815153,0.13474998,101,0,0,unseen
1419162874,0.1667494,0.1667494,1,0,0,unseen
1419261730,0.13415754,0.58063155,1270,0,0,unseen
1419266727,0.18018164,0.47699448,300,0,0,unseen
1419909152,0.25672257,0.5780934,281,0,0,unseen
1420177536,0.13445231,0.6297777,217,0,0,unseen
1420522486,0.13452272,0.26022425,12,0,0,unseen
1420966843,0.48393366,0.9349099,1079,0,0,unseen
1434427171,0.2719489,0.58111566,71,0,0,unseen
1434427905,0.16984868,0.4859952,66,0,0,unseen
1434798830,0.12844622,0.44338265,21,0,0,unseen
1434949542,0.121941335,0.64487803,951,0,0,unseen
1435136061,0.23196389,0.48922178,19,0,0,unseen
1435140135,0.20981795,0.57261825,60,0,0,unseen
1435791739,0.17769115,0.41361675,130,0,0,unseen
1435822158,0.2607916,0.5435538,23,0,0,unseen
1435822283,0.49831527,0.7674506,21,0,0,unseen
1435835226,0.09467898,0.32068515,61,0,0,unseen
1435950884,0.4593688,0.6467176,7,0,0,unseen
1436188322,0.36873645,0.6731434,81,0,0,unseen
1436309334,0.12726453,0.34915388,110,0,0,unseen
1436629378,0.07659852,0.42255545,418,0,0,unseen
1436646177,0.2358023,0.55749047,8,0,0,unseen
1436650355,0.24094324,0.47987565,29,0,0,unseen
1436667764,0.20497349,0.3457635,4,0,0,unseen
1436698436,0.18556985,0.43613294,60,0,0,unseen
1436758299,0.22110638,0.5550873,121,0,3,unseen
1436762520,0.18637921,0.3258437,13,0,0,unseen
1436935320,0.27062914,0.75346285,607,0,1,unseen
1436987180,0.12336284,0.62783915,206,0,0,unseen
1437026576,0.37342513,0.6323401,8,0,0,unseen
1437165487,0.4883296,0.86150473,30,0,3,unseen
1437186918,0.3373633,0.6617819,51,0,0,unseen
1437272793,0.2604918,0.75822467,676,0,0,unseen
1437276654,0.40948954,0.6755591,71,0,0,unseen
1437306571,0.35862476,0.71136826,313,0,0,unseen
1437345342,0.20619743,0.4827039,14,0,0,unseen
1437618127,0.1545195,0.51728773,313,0,0,unseen
1437652965,0.3313761,0.7294881,344,0,0,unseen
1437682098,0.14908715,0.6461601,607,0,0,unseen
1437682133,0.20389627,0.6960305,164,0,1,unseen
1437850908,0.45549145,0.74695164,37,0,0,unseen
1437863703,0.31361336,0.7378937,13,0,0,unseen
1437881835,0.43647367,0.80445004,20,0,0,unseen
1437885898,0.3461196,0.5682768,18,0,0,unseen
1437902499,0.16818884,0.5218471,170,0,0,unseen
1437959040,0.18092369,0.44507146,32,0,0,unseen
1438028038,0.27573556,0.7411506,890,0,0,unseen
1438036362,0.33277816,0.7209182,208,0,0,unseen
1438300188,0.2683418,0.5650029,73,0,0,unseen
1438300417,0.25852934,0.86736643,227,0,2,unseen
1438304067,0.43916655,0.8945027,67,0,0,unseen
1438304464,0.24695328,0.7228842,109,0,1,unseen
1438304477,0.26892626,0.89687353,63,1,2,unseen
1438550573,0.25191078,0.66380507,158,0,1,unseen
1438667042,0.034389086,0.2685094,331,0,0,unseen
1438908304,0.36940587,0.6557753,45,0,0,unseen
1439491516,0.2140714,0.7805649,462,0,0,unseen
1439574161,0.2734683,0.5892142,22,0,0,unseen
1439577670,0.5771278,0.87521476,107,0,0,unseen
1439698950,0.18746872,0.6114372,955,0,0,unseen
1439754917,0.13347405,0.6896547,133,0,1,unseen
1439889795,0.31678888,0.5423633,41,0,0,unseen
1439903052,0.34770972,0.6086627,18,0,0,unseen
1439962910,0.45457014,0.93419296,102,0,2,unseen
1439963190,0.24059643,0.6156769,124,0,0,unseen
1439979494,0.16576074,0.5537251,88,0,0,unseen
1439979802,0.044844773,0.38105565,1100,0,0,unseen
1440252127,0.2823111,0.6635574,165,0,0,unseen
1440566287,0.15978931,0.6486443,225,0,0,unseen
1440571897,0.33951727,0.7695059,28,0,0,unseen
1440652320,0.34371537,0.58312184,71,0,0,unseen
1440670548,0.25879833,0.5148231,43,0,0,unseen
1440670595,0.48975107,0.8344413,102,0,1,unseen
1440838134,0.34126368,0.80419534,1019,0,2,unseen
1440972629,0.4363035,0.7365829,66,0,1,unseen
1441084157,0.094023876,0.7046813,1127,0,0,unseen
1441283637,0.4373501,0.9096817,21,1,2,unseen
1441430469,0.26838475,0.6290905,579,0,0,unseen
1441485464,0.24814256,0.7020677,513,0,0,unseen
1441485633,0.43623403,0.8901848,256,1,3,unseen
1441486002,0.46951473,0.8643875,260,0,0,unseen
1441499171,0.37955523,0.7455005,419,0,0,unseen
1441503403,0.34771267,0.68816626,417,0,0,unseen
1441589107,0.44908807,0.71222943,26,0,0,unseen
1441598865,0.37795162,0.76537895,116,0,0,unseen
1441848753,0.3824054,0.70322263,428,0,3,unseen
1441949046,0.39486513,0.6958897,37,0,0,unseen
1441978094,0.19358864,0.712507,430,0,0,unseen
1442029850,0.34074512,0.65253323,287,0,0,unseen
1442176435,0.3154688,0.6716757,820,0,0,unseen
1442314421,0.56163865,0.96244305,209,0,1,unseen
1442708190,0.20640631,0.680254,435,0,0,unseen
1442931758,0.25731704,0.67124355,765,0,0,unseen
1443040649,0.097578,0.3812677,491,0,0,unseen
1443135486,0.23665299,0.69546926,1271,0,0,neg_only
1443268440,0.27289075,0.7765058,852,0,3,unseen
1443272825,0.29012355,0.72923076,1035,0,2,unseen
1443804853,0.034358703,0.2565847,293,0,0,unseen
1443946326,0.2793824,0.7057864,711,0,21,unseen
1444351896,0.20254236,0.6274574,159,0,0,unseen
1444969646,0.2888398,0.6634455,313,0,0,unseen
1445130240,0.16514914,0.48268113,356,0,0,unseen
1445379615,0.06892531,0.49490267,273,0,0,unseen
1445445434,0.12904477,0.41951892,39,0,0,unseen
1445453636,0.20597184,0.63479614,322,0,0,unseen
1445743278,0.41557226,0.67677855,49,0,0,unseen
1445760214,0.21278748,0.58458215,734,0,0,unseen
1445773652,0.059706394,0.20625,168,0,0,unseen
1445798041,0.24890317,0.73722386,229,0,1,unseen
1445992562,0.354835,0.7947836,970,1,13,unseen
1446061566,0.13713159,0.5091457,525,0,0,unseen
1446062404,0.33318293,0.47400132,6,0,0,unseen
1446100318,0.22719908,0.48541644,20,0,0,unseen
1446101389,0.14589632,0.49630496,161,0,0,unseen
1446204202,0.3668226,0.7319225,1204,0,0,unseen
1446204221,0.38061267,0.7112273,1233,0,0,unseen
1446230331,0.2035184,0.6261937,270,0,0,unseen
1446420611,0.2667926,0.57109207,262,0,0,unseen
1446455697,0.2347057,0.7478597,39,0,0,unseen
1446756739,0.24838889,0.40150243,20,0,0,unseen
1446762036,0.16270722,0.7030837,525,0,0,unseen
1446817665,0.23342526,0.56485724,275,0,0,unseen
1447093754,0.13872853,0.42299926,50,0,0,unseen
1447205602,0.37856144,0.9487199,665,1,14,unseen
1447253749,0.26133722,0.8097336,724,0,4,unseen
1447431073,0.07014852,0.38494235,350,0,0,unseen
1447448324,0.1633259,0.5231206,304,0,0,unseen
1447451704,0.1422159,0.39978117,102,0,0,unseen
1447465334,0.3292736,0.6599861,84,0,0,unseen
1447576662,0.3042614,0.8266707,734,0,1,unseen
1448111953,0.3149854,0.5578551,201,0,0,unseen
1448118399,0.3819375,0.6455794,274,0,0,unseen
1448181901,0.30043015,0.54730433,271,0,0,unseen
1448479508,0.23932254,0.5087493,54,0,0,unseen
1448479579,0.18582353,0.68929255,214,0,0,unseen
1448575109,0.17243469,0.7649765,664,0,0,unseen
1448591766,0.104037575,0.6623428,683,0,0,unseen
1448864040,0.30468675,0.7040608,344,0,0,unseen
1448924003,0.25136024,0.7942845,496,0,1,unseen
1448929233,0.080893286,0.6865615,749,0,0,neg_only
1449165580,0.12908643,0.42907414,338,0,0,unseen
1449200693,0.02893445,0.48007998,337,0,0,unseen
1449225711,0.24510343,0.5674096,67,0,0,unseen
1449247522,0.2461576,0.57597667,334,0,0,pos_only
1449486007,0.04490643,0.05324879,2,0,0,unseen
1449502169,0.31366423,0.59353834,62,0,0,unseen
1449502965,0.13121785,0.25579756,22,0,0,unseen
1449618949,0.21333052,0.75459707,832,0,0,neg_only
1449670372,0.34395385,0.8334458,1053,0,0,unseen
1449826776,0.1310276,0.38024983,108,0,0,unseen
1449835055,0.04510755,0.2410368,158,0,0,unseen
1449848294,0.13387446,0.4417315,177,0,0,unseen
1449955631,0.18183899,0.35144055,150,0,0,unseen
1450167207,0.16244209,0.5041537,302,0,0,unseen
1450318227,0.115616776,0.57167065,240,0,0,unseen
1450568327,0.14417481,0.4200623,163,0,0,unseen
1450875637,0.14049156,0.3459399,37,0,0,unseen
1451216904,0.116472386,0.2711833,17,0,0,unseen
1451229570,0.3514684,0.79582083,46,0,0,unseen
1451544136,0.4633304,0.94033647,48,0,0,unseen
1451562506,0.011875848,0.028896052,87,0,0,unseen
1451695303,0.4652979,0.8957255,1143,0,0,unseen
1451889472,0.020158315,0.07829802,184,0,0,unseen
1466334210,0.14310953,0.41200426,17,0,0,unseen
1466511550,0.334824,0.8046399,190,0,0,unseen
1466516076,0.15109782,0.6554102,283,0,0,unseen
1466688033,0.2616822,0.47342744,4,0,0,unseen
1466844031,0.38309726,0.7072897,27,0,0,unseen
1466848532,0.2633994,0.6114,22,0,0,unseen
1466861327,0.36821425,0.74135816,45,0,0,unseen
1466934104,0.13343519,0.60823643,207,0,0,unseen
1466985892,0.1574851,0.5096103,295,0,0,unseen
1466999032,0.31757712,0.6941887,90,0,0,unseen
1467194221,0.42124403,0.79360086,22,0,0,unseen
1467314365,0.24690872,0.88533914,829,0,0,unseen
1467344362,0.20557092,0.73277926,784,0,0,unseen
1467344475,0.078189135,0.5066602,295,0,0,unseen
1467685329,0.22706412,0.48071438,29,0,0,unseen
1467685423,0.37451166,0.74668634,167,0,0,unseen
1467685454,0.20867082,0.8658625,1072,0,0,unseen
1467689768,0.104507916,0.5758189,291,0,0,unseen
1467694006,0.20168248,0.45183462,21,0,0,unseen
1467698336,0.1454802,0.37655258,11,0,0,unseen
1467797424,0.23805237,0.60451406,13,0,0,unseen
1467858252,0.454645,0.7885652,19,0,1,unseen
1467859487,0.51369447,0.8585219,32,0,6,unseen
1467961485,0.21771127,0.6840721,31,0,0,unseen
1467966209,0.18243352,0.6900726,156,0,0,unseen
1468009771,0.2969015,0.7209746,82,0,0,unseen
1468026501,0.22407952,0.88559806,1054,0,0,unseen
1468030788,0.107145265,0.7641264,301,0,0,unseen
1468207771,0.27807513,0.5693121,63,0,0,unseen
1468289621,0.14997976,0.4276464,109,0,0,unseen
1468341936,0.1535193,0.71720475,333,0,0,unseen
1468342128,0.21374846,0.6398546,107,0,0,unseen
1468346629,0.3277417,0.70613295,47,0,0,unseen
1468350445,0.2555935,0.7118233,146,0,0,unseen
1468359247,0.22327457,0.6075658,226,0,0,unseen
1468380296,0.2501213,0.38110867,5,0,0,unseen
1468630778,0.08784772,0.38465777,192,0,0,unseen
1468648854,0.41016743,0.7574866,108,0,0,unseen
1468682633,0.25324804,0.7016672,155,0,0,unseen
1468863702,0.0959319,0.5925936,137,0,0,unseen
1468993852,0.3247807,0.65222263,29,0,0,unseen
1468994014,0.5439819,0.9506326,82,0,0,unseen
1469227143,0.27648127,0.4730566,52,0,0,unseen
1469269528,0.37874028,0.8290985,184,0,0,unseen
1469394876,0.099372596,0.50626546,257,0,0,unseen
1469403612,0.1498613,0.5738058,362,0,0,pos_only
1469477133,0.2596818,0.5863387,148,0,0,unseen
1469555196,0.28087142,0.7965595,21,0,0,unseen
1469589825,0.4558467,0.81268984,20,0,0,unseen
1469905436,0.35004497,0.7395752,17,0,0,unseen
1469918192,0.23616679,0.53565073,32,0,0,unseen
1469947367,0.3741067,0.75832075,115,0,0,unseen
1469947718,0.2334412,0.87152195,299,0,0,unseen
1470065021,0.15300617,0.4164011,795,0,0,unseen
1470150602,0.585906,0.8760216,298,0,20,unseen
1470237582,0.4530373,0.6651243,33,0,0,unseen
1470358604,0.13040555,0.7589716,452,0,0,unseen
1470560768,0.37585434,0.6887213,314,0,6,unseen
1470971204,0.27641708,0.62218493,68,0,0,unseen
1470996844,0.5017096,0.8611319,183,0,0,unseen
1471259890,0.44098216,0.60658437,31,0,0,unseen
1471269906,0.28161147,0.77400094,269,0,0,unseen
1471307510,0.13563092,0.7097087,567,0,0,unseen
1471337364,0.11496473,0.6036208,151,0,0,unseen
1471337439,0.18860994,0.64067394,145,0,0,unseen
1471337463,0.15677856,0.66445327,186,0,0,unseen
1471337584,0.20069036,0.61456805,65,0,0,unseen
1471337627,0.2649273,0.703936,125,0,0,unseen
1471337698,0.24047846,0.6409724,205,0,0,unseen
1471337767,0.091008894,0.34728032,161,0,0,unseen
1471337816,0.13527687,0.50401664,194,0,0,unseen
1471337839,0.13563348,0.44880533,78,0,0,unseen
1471337887,0.11095587,0.49042073,162,0,0,unseen
1471337938,0.119756535,0.4159197,189,0,0,unseen
1471532224,0.18304482,0.4733128,281,0,0,unseen
1471607030,0.39236596,0.70582354,28,0,0,unseen
1471705177,0.32227123,0.64832526,202,0,0,unseen
1471778506,0.15556037,0.58195585,68,0,0,unseen
1472205673,0.45338225,0.8892294,163,5,14,unseen
1472334721,0.1535183,0.5667701,398,0,0,unseen
1472520219,0.20510538,0.67397785,555,0,0,unseen
1472520245,0.36115333,0.7575339,224,0,0,unseen
1472537557,0.3892212,0.78344333,434,0,0,unseen
1472675999,0.27145627,0.6966753,308,0,0,unseen
1472676490,0.51034325,0.7818987,49,0,2,unseen
1472711015,0.21919475,0.6184575,73,0,0,unseen
1472723900,0.11795361,0.5218848,271,0,0,unseen
1472996209,0.5961936,0.98259616,144,0,7,unseen
1473052588,0.26709497,0.59512573,22,0,0,unseen
1473202957,0.46592367,0.85136133,514,0,1,unseen
1473207713,0.41741362,0.8828279,581,0,1,unseen
1473241269,0.5137199,0.87457734,249,0,0,unseen
1473379892,0.37944597,0.6822779,8,0,0,unseen
1473648518,0.35213757,0.5786418,23,0,0,unseen
1473695252,0.14752275,0.5926757,233,0,0,unseen
1473764281,0.66469413,0.92371166,337,0,3,unseen
1473993887,0.35829777,0.7940447,16,0,0,unseen
1473997538,0.2907075,0.5035475,37,0,0,unseen
1474084639,0.33084372,0.6069885,67,0,0,pos_only
1474088775,0.29367116,0.6860911,50,0,0,unseen
1474446666,0.18091494,0.5777345,430,0,0,unseen
1474736336,0.2552493,0.5718967,91,0,0,unseen
1474745046,0.11671701,0.54010254,705,0,0,unseen
1474757586,0.2679031,0.7576627,273,0,0,unseen
1474783300,0.3306484,0.5942008,257,0,0,unseen
1474817545,0.31066242,0.5293347,293,0,0,unseen
1475188631,0.14363709,0.52171385,556,0,0,unseen
1475477547,0.2546581,0.7300317,357,0,0,unseen
1475482533,0.1162634,0.51195407,1137,0,0,unseen
1475615790,0.3147666,0.8557204,317,1,5,unseen
1475883403,0.26122633,0.7018843,327,0,0,unseen
1476232925,0.21320637,0.69174826,333,0,0,unseen
1476388370,0.439378,0.7215248,127,0,0,unseen
1476777923,0.32788396,0.587681,64,0,0,unseen
1476778177,0.16703494,0.31348765,9,0,0,unseen
1476782322,0.3056964,0.6461077,130,0,0,unseen
1476824820,0.12409101,0.36384028,256,0,0,unseen
1476868405,0.1077739,0.36695316,155,0,0,unseen
1476936949,0.32704514,0.829541,353,3,3,unseen
1477166538,0.17853768,0.7455354,1104,0,0,unseen
1477239137,0.20575015,0.26858276,3,0,0,unseen
1477239390,0.1129411,0.55160826,70,0,0,unseen
1477434062,0.14897834,0.23080394,7,0,0,unseen
1478487101,0.1260546,0.4186101,120,0,0,unseen
1478487190,0.08057069,0.17622223,11,0,0,unseen
1478491453,0.14515674,0.5787018,486,0,0,unseen
1478823319,0.14899501,0.70580155,540,0,0,unseen
1478879340,0.27412447,0.63237715,170,0,0,unseen
1479156699,0.0809377,0.43020216,462,0,0,neg_only
1479225680,0.2632355,0.68628764,266,0,0,unseen
1479259314,0.33442992,0.7690552,29,0,0,unseen
1479281491,0.21553478,0.55438685,31,0,2,unseen
1479492693,0.15756272,0.4805166,231,0,0,unseen
1479518734,0.3587713,0.6547411,43,0,0,unseen
1479622707,0.20558515,0.57408625,479,0,0,unseen
1479623035,0.13828328,0.5606775,190,0,0,unseen
1479626494,0.0672097,0.5937555,90,0,0,unseen
1479820692,0.13648379,0.3294837,23,0,0,unseen
1479847174,0.2972138,0.7176213,28,0,0,unseen
1480179511,0.17100847,0.6579379,198,0,0,unseen
1480516899,0.08885224,0.43342814,200,0,0,unseen
1480520765,0.12638348,0.5515107,245,0,0,unseen
1480520817,0.20234707,0.7475972,187,0,0,unseen
1480525278,0.06333632,0.28561145,540,0,0,unseen
1480589255,0.21537198,0.21537198,1,0,0,unseen
1480653743,0.25408277,0.77808124,221,0,0,unseen
1481202316,0.15649085,0.4455721,250,0,0,unseen
1481202338,0.18629548,0.5993243,71,0,0,unseen
1481340761,0.36233753,0.6485195,306,0,0,unseen
1481547572,0.23479708,0.5446446,126,0,0,unseen
1481737138,0.15365073,0.31157985,80,0,0,unseen
1481996688,0.23413564,0.66540855,484,0,0,unseen
1482579456,0.14489195,0.4582911,140,0,0,unseen
1482915593,0.53608596,0.92048246,75,0,0,unseen
1497200791,0.48779076,0.8431792,28,1,1,unseen
1497205225,0.3455922,0.7436825,59,1,1,unseen
1497692958,0.19528496,0.3628015,6,0,0,unseen
1497875250,0.35589904,0.6269293,76,0,0,unseen
1497973422,0.2349078,0.63541925,410,0,0,unseen
1498401239,0.12196741,0.38613996,53,0,0,unseen
1498418998,0.24473417,0.35379183,10,0,0,unseen
1498436059,0.31292576,0.43681484,4,0,0,unseen
1498720407,0.06413949,0.6949061,358,0,0,unseen
1499013876,0.33270785,0.66836935,293,0,0,unseen
1499039901,0.23440966,0.63133985,81,0,0,unseen
1499160969,0.27968383,0.6370409,20,0,1,unseen
1499248377,0.08244089,0.51863676,53,0,0,unseen
1499454686,0.23164693,0.5488158,44,0,0,unseen
1499669992,0.31035537,0.6539401,143,0,0,unseen
1499670019,0.26100823,0.68262243,102,0,0,unseen
1499683287,0.13343255,0.63963324,218,0,0,unseen
1499912869,0.1352944,0.46271926,95,0,0,unseen
1499951446,0.3364081,0.6185086,19,0,0,unseen
1500020379,0.20870794,0.6217062,161,0,0,unseen
1500020535,0.20500313,0.7405122,216,0,2,unseen
1500063929,0.12233854,0.7039524,917,0,0,unseen
1500288728,0.247771,0.52259016,18,0,0,unseen
1500361710,0.5546789,0.929319,87,0,0,unseen
1500369887,0.33531007,0.63407826,39,0,0,unseen
1500369943,0.30028197,0.731791,123,0,0,unseen
1500373828,0.40095687,0.8419903,118,0,0,unseen
1500693034,0.30890948,0.63296384,318,0,0,unseen
1500953002,0.25108615,0.6617667,92,0,0,unseen
1501074095,0.5328109,0.86428976,58,0,2,unseen
1501111926,0.20821166,0.5843147,48,0,0,unseen
1501323994,0.43806693,0.66649187,36,0,1,unseen
1501371238,0.36065477,0.91590136,263,0,0,unseen
1501384741,0.12254917,0.5248641,490,0,0,unseen
1501452885,0.28573945,0.7855912,452,0,0,unseen
1501452958,0.3195771,0.6628925,25,0,0,unseen
1501640127,0.36684567,0.7919327,144,0,0,unseen
1501664753,0.2896455,0.8642729,153,0,0,unseen
1501664809,0.2697791,0.66540575,56,0,0,unseen
1501716235,0.2804119,0.7522668,47,0,0,unseen
1501729681,0.12839562,0.870584,558,0,1,unseen
1501790467,0.24055508,0.6549653,736,0,0,unseen
1501811744,0.14995736,0.70943815,31,0,0,unseen
1501811846,0.29163983,0.4474394,7,0,0,unseen
1501820626,0.40314516,0.8008164,388,1,2,unseen
1501872569,0.53796,0.92798996,778,0,162,unseen
1501872699,0.48399937,0.9357851,1049,85,383,unseen
1501893338,0.69711167,0.92791194,281,43,111,unseen
1501976890,0.3132769,0.67938346,29,0,0,unseen
1501980151,0.20790666,0.55050516,144,0,0,unseen
1502001218,0.23015895,0.9278157,614,0,0,unseen
1502304335,0.19089486,0.67752975,39,0,0,unseen
1502318251,0.21438174,0.81207675,177,0,0,unseen
1502342255,0.4416884,0.93359286,170,0,1,unseen
1502536546,0.14314593,0.3508583,322,0,0,unseen
1502701269,0.25255853,0.5711684,46,0,0,unseen
1502722492,0.21132062,0.7379633,608,0,0,unseen
1502748318,0.32377136,0.65486604,45,0,0,unseen
1502870544,0.11994287,0.30938727,364,0,0,unseen
1503141967,0.62650126,0.96074945,708,107,338,unseen
1503331732,0.38102263,0.6565162,40,0,0,unseen
1503413796,0.32166812,0.74278325,125,0,0,unseen
1503413797,0.3717683,0.6617454,77,0,0,unseen
1503418436,0.33301944,0.73883533,138,0,0,unseen
1503552296,0.32872662,0.7752133,747,0,0,unseen
1503581177,0.32314447,0.772034,143,0,2,unseen
1503581411,0.23630029,0.6439128,305,0,0,unseen
1503581507,0.24297546,0.6381104,316,0,1,unseen
1503663979,0.22100808,0.41648114,25,0,0,unseen
1503677795,0.51709056,0.7034979,30,0,0,unseen
1503754464,0.173307,0.61022073,256,0,0,unseen
1503754677,0.39452437,0.64406836,51,0,0,unseen
1503896377,0.44274935,0.76839674,330,0,0,unseen
1504052246,0.34082413,0.8291262,609,0,0,unseen
1504086607,0.3762833,0.659442,72,0,0,unseen
1504092028,0.44358358,0.79699886,170,0,1,unseen
1504096339,0.38762623,0.8593731,177,0,1,unseen
1504268020,0.3526238,0.6276122,301,1,4,unseen
1504388714,0.10466954,0.6695187,478,0,1,unseen
1504393350,0.240516,0.5549602,16,0,0,unseen
1504406220,0.26567698,0.5024937,20,0,0,unseen
1504423636,0.58886695,0.88536465,135,4,9,unseen
1504437450,0.2837299,0.5620947,24,0,0,unseen
1504582746,0.34625474,0.7851846,683,0,0,unseen
1504700834,0.27006572,0.5098682,38,0,0,unseen
1504730162,0.316689,0.8812134,725,0,0,unseen
1504765194,0.16969727,0.5710724,269,0,0,unseen
1504889437,0.4997529,0.9452807,755,3,19,unseen
1504924440,0.43086666,0.8184981,481,0,3,unseen
1505152580,0.08481145,0.5709182,317,0,0,unseen
1505412068,0.35793808,0.83531064,160,0,0,unseen
1505727476,0.6067421,0.8866578,95,0,0,unseen
1507165749,0.26189053,0.70551896,327,0,1,unseen
1507441049,0.43327406,0.80532384,123,0,0,unseen
1507782010,0.3829313,0.5780238,49,0,0,unseen
1507812837,0.25859326,0.6523734,20,0,0,unseen
1507834915,0.29507783,0.46403965,28,0,0,unseen
1507933560,0.13821337,0.4232059,142,0,0,unseen
1508123633,0.28933474,0.6744325,23,0,0,unseen
1508123771,0.57753915,0.8901397,21,1,5,unseen
1508127542,0.22250958,0.4286732,49,0,0,unseen
1508128473,0.14650966,0.20564677,5,0,0,unseen
1508132976,0.14219163,0.29690564,29,0,0,unseen
1508274007,0.20640635,0.72516453,20,0,0,unseen
1508274264,0.103499435,0.37838066,10,0,0,unseen
1508334312,0.33168316,0.70014024,302,0,0,unseen
1508511790,0.30223593,0.667386,39,0,0,unseen
1508615054,0.12066443,0.41284043,11,0,0,unseen
1508615283,0.20259513,0.7366347,197,0,0,unseen
1508874056,0.27203968,0.49684688,16,0,0,unseen
1508934482,0.22250852,0.8918585,459,0,0,unseen
1508956088,0.2990322,0.7494401,516,0,0,unseen
1509184571,0.14118157,0.51285577,165,0,0,unseen
1509215949,0.053765506,0.18231344,187,0,0,unseen
1509275719,0.26546466,0.90660155,515,0,2,unseen
1509560728,0.13518623,0.7581023,231,0,0,unseen
1509957347,0.1598111,0.45809042,334,0,0,unseen
1509957446,0.14850886,0.67375034,312,0,1,unseen
1510281199,0.23966001,0.52248883,315,0,0,unseen
1510285409,0.6544296,0.93787694,195,0,0,unseen
1510294253,0.11841396,0.5614947,300,0,0,unseen
1510302921,0.13069244,0.57222396,188,0,0,unseen
1510316567,0.12848777,0.53431374,252,0,0,unseen
1510562557,0.17392047,0.63901484,490,0,0,unseen
1510648834,0.07530114,0.551577,155,0,0,neg_only
1510666460,0.107625246,0.622597,176,0,0,unseen
1510851409,0.21585801,0.41712394,42,0,0,unseen
1510855070,0.19964382,0.6658442,194,0,0,unseen
1510907126,0.14337593,0.6557621,500,0,0,unseen
1511032500,0.1034266,0.5160976,244,0,0,unseen
1511240113,0.17338413,0.56520253,576,0,0,unseen
1511240183,0.11876466,0.63445675,331,0,0,unseen
1511602490,0.20197383,0.4781599,213,0,0,unseen
1511645270,0.5338439,0.84738714,245,0,1,unseen
1511654738,0.22582406,0.8301076,671,0,2,unseen
1511888459,0.3670884,0.59997094,44,0,0,unseen
1511995143,0.30576876,0.62164885,54,0,0,unseen
1512232956,0.19666958,0.668779,287,0,0,unseen
1512246869,0.16376899,0.44176772,178,0,0,unseen
1512587785,0.08548283,0.37778693,495,0,0,unseen
1512630340,0.09944529,0.39790517,207,0,0,unseen
1512707390,0.14897409,0.4441382,1271,0,0,unseen
1515064407,0.47520226,0.80721056,222,2,14,unseen
1515418525,0.46265224,0.91170156,1114,0,0,unseen
1528244653,0.33535573,0.70570207,282,0,0,unseen
1528253194,0.32550958,0.85399383,187,0,0,unseen
1528926565,0.14313494,0.5065532,40,0,0,unseen
1529064303,0.24147768,0.67953795,1183,0,1,unseen
1529527067,0.24596146,0.5969703,52,0,0,unseen
1529596392,0.2512956,0.5764929,18,0,0,unseen
1529635236,0.23580353,0.57751286,222,0,0,unseen
1529698841,0.09518384,0.19118996,7,0,0,unseen
1529698954,0.17983827,0.5999512,463,0,0,unseen
1529928359,0.3267284,0.76377916,29,0,0,unseen
1529933124,0.33493242,0.64178646,30,0,0,unseen
1530412168,0.16921623,0.4127469,7,0,0,unseen
1530606252,0.44171447,0.6181007,31,0,0,unseen
1530704811,0.18047057,0.5716931,140,0,0,unseen
1531063618,0.37464067,0.794931,56,0,1,unseen
1531232052,0.22522661,0.49432278,20,0,0,unseen
1531323131,0.15209161,0.47911862,83,0,0,unseen
1531391407,0.49991497,0.9346754,99,0,0,unseen
1531676892,0.35052252,0.74804544,39,0,0,unseen
1531935755,0.13183507,0.5610027,109,0,0,unseen
1531975908,0.3717862,0.5508696,36,0,0,unseen
1532034864,0.05908636,0.22844878,100,0,0,unseen
1532060472,0.3159483,0.8615602,182,0,0,unseen
1532342546,0.31275612,0.75689244,21,0,0,unseen
1532358825,0.27318823,0.67393696,62,0,0,unseen
1532401650,0.23590523,0.57902914,264,0,0,unseen
1532401727,0.22890191,0.42202896,76,0,0,unseen
1532405813,0.2818617,0.5392022,89,0,0,unseen
1532487641,0.18378527,0.7863572,404,0,0,unseen
1532699404,0.1610871,0.8819472,607,0,0,unseen
1532742712,0.3508708,0.5828846,50,0,0,unseen
1532994730,0.4591677,0.8870048,14,0,1,unseen
1533015284,0.3243591,0.77032125,19,0,0,unseen
1533063011,0.14249459,0.5358911,135,0,0,unseen
1533083877,0.42536494,0.6821841,85,0,2,unseen
1533192245,0.3679303,0.5997964,6,0,0,unseen
1533226802,0.1892872,0.46866077,109,0,2,unseen
1533265020,0.33626294,0.74777824,1051,0,1,unseen
1533338992,0.32255617,0.6489806,43,0,0,unseen
1533481571,0.1364828,0.6425393,502,0,0,unseen
1533683889,0.3624424,0.6341664,56,0,0,unseen
1533782991,0.17042406,0.77223456,475,0,0,unseen
1533783144,0.09540467,0.2786078,65,0,0,unseen
1534012511,0.429295,0.6765323,30,0,0,unseen
1534038921,0.48109663,0.8050095,91,0,0,unseen
1534059927,0.45851582,0.9530239,132,0,1,unseen
1534363304,0.4305288,0.7372364,50,0,0,unseen
1534447833,0.3231371,0.7240538,73,0,1,unseen
1534448605,0.29953915,0.7329679,241,0,0,unseen
1534448646,0.45178676,0.83732873,108,0,1,unseen
1534512909,0.48714375,0.91234064,585,0,19,unseen
1534694621,0.4178725,0.6073826,30,0,0,unseen
1534784712,0.47182843,0.8714785,117,0,0,unseen
1534850246,0.18010426,0.6701379,506,0,0,unseen
1535065850,0.21346213,0.59872407,87,0,0,unseen
1535086505,0.10929591,0.44196346,148,0,0,unseen
1535086814,0.24988802,0.73166096,778,0,0,unseen
1535087146,0.31911278,0.8246977,785,0,2,unseen
1535139804,0.19372696,0.53519475,269,0,0,unseen
1535198939,0.19927093,0.66501606,243,0,0,unseen
1535298460,0.42790633,0.82458365,248,0,0,unseen
1535410628,0.6872007,0.99417794,168,33,51,unseen
1535427917,0.2938931,0.73031235,27,0,0,unseen
1535471736,0.10833892,0.3822978,516,0,0,unseen
1535488185,0.05885392,0.36646032,277,0,0,unseen
1535626467,0.38107565,0.6478021,628,0,0,unseen
1535652862,0.44557944,0.8407129,202,0,0,unseen
1535718148,0.39642313,0.6333303,29,0,0,unseen
1535718264,0.18437669,0.7458505,95,0,0,unseen
1535769552,0.37578014,0.81166327,118,0,0,unseen
1535813419,0.25917467,0.6368065,240,0,0,unseen
1535902995,0.284368,0.73539656,31,0,0,unseen
1536006733,0.2641214,0.6402362,761,0,0,unseen
1536068485,0.39466843,0.8495392,125,0,0,unseen
1536157927,0.34535596,0.51694596,14,0,0,unseen
1536326457,0.50938636,0.84860885,294,0,0,unseen
1536339065,0.2744995,0.7608639,1068,1,5,unseen
1536403805,0.23456003,0.7438707,67,1,2,unseen
1536433916,0.42916393,0.7871167,138,0,0,unseen
1536490336,0.22330694,0.70044017,152,0,1,unseen
1536745675,0.37587404,0.7976511,12,0,0,unseen
1537130680,0.3535643,0.6012563,53,0,0,unseen
1537327249,0.36503786,0.6978465,835,0,0,unseen
1537802851,0.15743154,0.45363316,182,0,0,unseen
1538181953,0.31994504,0.77025586,199,0,0,unseen
1539189146,0.18366523,0.41514096,23,0,0,unseen
1539193374,0.12622188,0.37430787,24,0,0,unseen
1539309006,0.16708046,0.5540669,340,0,0,unseen
1539309050,0.45969838,0.88688457,128,0,3,unseen
1539542392,0.34959012,0.8591554,184,0,0,unseen
1539632818,0.29261363,0.719646,682,0,0,unseen
1539649574,0.10146067,0.32192302,10,0,0,unseen
1539758131,0.25588852,0.7158941,296,0,0,unseen
1539879164,0.26689205,0.6527274,115,0,0,unseen
1539879204,0.17526154,0.61076325,228,0,0,unseen
1539882951,0.34000352,0.74499667,303,0,0,unseen
1539978151,0.31587264,0.90812975,775,0,0,unseen
1540241926,0.03756236,0.34307864,303,0,0,unseen
1540280212,0.3532913,0.84637934,328,0,1,unseen
1540518369,0.12299384,0.21318099,41,0,0,unseen
1540876843,0.13030656,0.17361547,5,0,0,unseen
1540877021,0.09266684,0.31794354,331,0,0,unseen
1541208571,0.19799438,0.6835247,257,0,0,unseen
1541213697,0.18636411,0.59962916,67,0,0,unseen
1541338718,0.09818164,0.6982673,230,0,0,unseen
1541701033,0.1257047,0.7108832,121,0,0,unseen
1541701145,0.17850783,0.40855172,40,0,0,unseen
1542033633,0.07086531,0.404765,69,0,0,unseen
1542585886,0.28547803,0.43946227,12,0,0,unseen
1542715954,0.1078321,0.6307315,791,0,0,unseen
1543030620,0.19766216,0.44654864,23,0,0,unseen
1543410489,0.1137314,0.52383983,1031,0,0,unseen
1543535599,0.2712792,0.7554707,721,2,11,unseen
1543717447,0.51993185,0.83285606,275,0,0,unseen
1543747434,0.20968722,0.646946,1064,0,0,unseen
1546099433,0.06888911,0.53341925,193,0,0,unseen
1547454812,0.03368695,0.29973093,148,0,0,unseen
1558230909,0.32152748,0.6340881,42,0,0,unseen
1558605806,0.24288423,0.48909023,77,0,0,unseen
1558605812,0.20442373,0.6153864,65,0,0,unseen
1559270886,0.28329867,0.5308777,58,0,0,unseen
1559284412,0.23476502,0.61814153,281,0,0,unseen
1559948889,0.23491023,0.4669626,124,0,0,unseen
1560311044,0.29841346,0.7047399,41,0,0,unseen
1560328753,0.45859614,0.7695173,21,0,0,unseen
1560449415,0.10167223,0.3585969,23,0,0,unseen
1560484361,0.25435802,0.6753704,6,0,0,unseen
1560596484,0.28609654,0.4203695,7,0,0,unseen
1560734467,0.34633082,0.8374319,163,0,0,unseen
1561230993,0.22543946,0.4255151,264,0,0,unseen
1561301125,0.44629934,0.87360233,33,0,0,unseen
1561325878,0.3764661,0.7398271,19,0,0,unseen
1561347849,0.43550444,0.69542986,132,0,0,unseen
1561351296,0.3252468,0.7384455,61,0,0,unseen
1561688563,0.30479968,0.65946925,23,0,0,unseen
1561925676,0.18150535,0.28485376,5,0,0,unseen
1561977675,0.35344404,0.63267297,20,0,0,unseen
1562004333,0.1762164,0.5987874,21,0,0,unseen
1562352871,0.29368052,0.58199,39,0,0,unseen
1562366881,0.14190465,0.59525996,52,0,0,unseen
1562499450,0.1692475,0.6539276,268,0,0,unseen
1562564719,0.15614834,0.43644685,155,0,0,unseen
1562699987,0.2697007,0.76588064,21,0,0,unseen
1562703917,0.27062047,0.54444516,19,0,0,unseen
1562707421,0.42501062,0.6821277,21,0,0,unseen
1562712175,0.35513502,0.6775863,115,0,0,unseen
1562905570,0.1766787,0.42443362,138,0,0,unseen
1562914723,0.29201207,0.56867,89,1,9,unseen
1563095398,0.37180024,0.9305684,165,3,9,unseen
1563122080,0.30087182,0.712301,51,0,0,unseen
1563126068,0.4515154,0.88156164,150,0,0,unseen
1563194610,0.3247731,0.43863973,4,0,0,unseen
1563355501,0.42456642,0.7678459,27,0,0,unseen
1563364112,0.40146807,0.7391755,49,0,1,unseen
1563389824,0.37863773,0.9271222,167,0,0,unseen
1563393697,0.32442206,0.69079125,26,0,0,unseen
1563436478,0.35471484,0.7418063,162,0,0,unseen
1563444935,0.26974368,0.5798728,45,0,0,unseen
1563445048,0.2315003,0.5352754,66,0,0,unseen
1563467433,0.4008576,0.80670893,120,0,0,unseen
1563755856,0.41738632,0.8916953,122,0,0,unseen
1563782253,0.31954056,0.730568,213,0,0,unseen
1564075996,0.3211164,0.8344592,73,0,2,unseen
1564097399,0.5205341,0.89371306,61,3,5,unseen
1564123481,0.37378743,0.85030574,147,0,0,unseen
1564472872,0.36771512,0.75133914,96,0,0,unseen
1564482110,0.27593595,0.5433512,153,0,1,unseen
1564482235,0.1888177,0.7847223,462,0,0,unseen
1564822542,0.11025656,0.58366853,277,0,0,unseen
1564874708,0.28406683,0.768715,455,0,0,unseen
1565488046,0.16894823,0.49417564,161,0,0,unseen
1565496703,0.5426583,0.95633924,197,1,6,unseen
1565569898,0.071580715,0.27762282,47,0,0,unseen
1565729476,0.3707189,0.4651695,26,0,0,unseen
1565743481,0.34700215,0.7012068,19,0,0,unseen
1566169568,0.473298,0.86840725,190,0,1,unseen
1566169639,0.34448922,0.6880589,212,0,0,unseen
1566178615,0.26313087,0.4747722,77,0,0,unseen
1566182902,0.37101576,0.74162096,131,0,0,unseen
1566411868,0.3538918,0.641579,68,0,0,unseen
1566506400,0.1424099,0.5834529,265,0,0,unseen
1566510982,0.36168787,0.5892251,79,0,0,unseen
1566511014,0.57627267,0.90532285,154,12,27,unseen
1566514866,0.3651133,0.6591111,90,0,0,unseen
1566519520,0.37031588,0.94486797,120,0,6,unseen
1566519535,0.36708122,0.6527675,223,0,0,unseen
1566618339,0.25700942,0.8281501,1177,0,4,unseen
1566644645,0.32228222,0.77457744,905,0,0,unseen
1566799785,0.33063686,0.83406043,78,0,3,unseen
1566852153,0.3538626,0.85611165,381,0,0,unseen
1567020107,0.35566714,0.7651986,244,0,0,unseen
1567028669,0.291308,0.6580487,758,0,0,unseen
1567382512,0.2730959,0.6273363,612,0,0,unseen
1567728102,0.27092496,0.73207355,651,0,0,unseen
1568047319,0.42938778,0.7597967,116,0,0,unseen
1568181600,0.25997704,0.70577306,26,0,0,unseen
1568561101,0.20050196,0.6916458,537,0,0,unseen
1568729235,0.27140114,0.6728014,827,0,16,unseen
1568936570,0.19298083,0.5575429,281,0,0,unseen
1569139619,0.22919504,0.27364194,3,0,0,unseen
1569209515,0.15467791,0.29573143,6,0,0,unseen
1569895989,0.46155,0.69131845,57,0,0,unseen
1570111396,0.24009942,0.7403712,331,0,0,unseen
1570210823,0.1503866,0.48353907,241,0,0,unseen
1570245517,0.23186432,0.7085243,805,0,0,unseen
1570343631,0.14455275,0.46480864,7,0,0,unseen
1570685132,0.35447434,0.90353036,875,4,21,unseen
1570901776,0.121396355,0.19335319,3,0,0,unseen
1570922129,0.32295993,0.7099753,160,0,0,unseen
1570922717,0.3187822,0.8416315,150,0,0,unseen
1570999631,0.1397346,0.5742216,344,0,0,unseen
1571246774,0.14585792,0.42961535,399,0,0,unseen
1571263601,0.41745716,0.7075717,125,0,0,unseen
1571371226,0.15088654,0.5590503,218,0,0,unseen
1571371251,0.08244693,0.47391295,235,0,0,unseen
1571634471,0.29839644,0.56644577,29,0,0,unseen
1571695037,0.13913321,0.64362204,246,0,0,unseen
1571859076,0.17814909,0.6886759,286,0,0,unseen
1571884727,0.21555488,0.6540145,297,0,0,unseen
1572032028,0.14789559,0.5927105,120,0,0,unseen
1572373099,0.29921636,0.7511989,1138,0,0,unseen
1572390197,0.1656103,0.36279988,133,0,0,neg_only
1572998452,0.17220555,0.55328846,135,0,0,unseen
1573037636,0.13961737,0.6854085,691,0,0,unseen
1573045882,0.19173354,0.6178586,120,0,0,unseen
1573336031,0.034953166,0.33642805,403,0,0,unseen
1573741727,0.3148262,0.8017327,280,0,0,unseen
1574164489,0.21492785,0.45494395,24,0,0,unseen
1574700181,0.28840312,0.6038923,284,0,0,unseen
1574980522,0.13555485,0.43361458,241,0,0,unseen
1576941160,0.2136534,0.5951391,24,0,1,unseen
1578826464,0.02499177,0.25365552,148,0,0,both
1589636158,0.33438587,0.78896326,197,0,0,unseen
1589969344,0.37145978,0.7836445,50,1,3,unseen
1589972966,0.34805295,0.47418845,12,0,0,unseen
1589982128,0.17628267,0.73270017,132,0,0,unseen
1589986747,0.39522806,0.6285682,18,0,0,unseen
1590137388,0.15493688,0.40734243,33,0,0,unseen
1590309572,0.21045451,0.39519703,22,0,0,unseen
1590650826,0.28761932,0.5777961,21,0,0,unseen
1590802200,0.15164739,0.42111892,192,0,0,unseen
1590858381,0.14777417,0.47556204,56,0,0,unseen
1591100031,0.11661721,0.2964245,98,0,0,unseen
1591156798,0.07510136,0.22033197,58,0,0,unseen
1591156892,0.24681318,0.43357402,6,0,0,unseen
1591463117,0.11958021,0.522091,548,0,0,unseen
1591471352,0.2056412,0.4424527,10,0,0,unseen
1591519043,0.28404796,0.6800611,8,0,0,unseen
1591704108,0.20754907,0.4269548,28,0,0,unseen
1592382424,0.4363055,0.6929558,22,0,0,unseen
1593401239,0.37596324,0.7059731,40,0,0,unseen
1593417998,0.38860354,0.7911769,181,0,1,unseen
1593743279,0.4304307,0.6811112,32,0,0,unseen
1594057710,0.3497631,0.7911433,19,0,0,unseen
1594087100,0.47886768,0.8601111,18,0,0,unseen
1594087386,0.37895554,0.6510196,41,0,0,unseen
1594092024,0.36800534,0.68822604,43,0,0,unseen
1594286259,0.16480032,0.42920768,177,0,0,unseen
1594795610,0.0744918,0.38713345,325,0,0,unseen
1594812379,0.3273337,0.77120316,150,0,0,unseen
1594882312,0.23226361,0.6966849,410,0,0,unseen
1595084420,0.20369557,0.46516153,122,0,0,unseen
1595409504,0.34877393,0.62545866,15,0,0,unseen
1595431209,0.2854035,0.7464881,19,0,0,unseen
1595473051,0.44325766,0.8491208,157,0,0,unseen
1595477160,0.32988727,0.82705694,251,0,0,unseen
1595922583,0.4261025,0.7857133,321,0,0,unseen
1596104906,0.25439972,0.5211108,133,0,0,unseen
1596199055,0.17035122,0.69193095,171,0,0,unseen
1596811105,0.30140343,0.73064256,153,0,0,unseen
1597157083,0.06705344,0.27255416,40,0,0,unseen
1597204590,0.24746214,0.6301345,162,0,0,unseen
1597213470,0.1621928,0.44503704,200,0,0,unseen
1597264864,0.22475551,0.68788797,64,0,0,unseen
1597265225,0.31260574,0.7551854,151,0,0,unseen
1597471478,0.2642213,0.5157359,9,0,0,unseen
1597493900,0.27080518,0.7792207,93,0,0,unseen
1597494148,0.33848143,0.914379,286,1,1,unseen
1597683387,0.26953083,0.77298194,671,0,0,unseen
1597722005,0.5171929,0.9222977,176,1,9,unseen
1597835331,0.51787996,0.8256215,141,0,0,unseen
1597908742,0.28195965,0.8661203,1159,0,1,unseen
1598011458,0.0222096,0.25279796,1266,0,0,unseen
1598067695,0.39859325,0.72618055,183,0,0,unseen
1598232593,0.16624592,0.57695013,143,0,0,unseen
1598296804,0.22206436,0.6628363,513,0,0,unseen
1598382541,0.45275933,0.7978371,443,7,27,unseen
1598663076,0.06340915,0.3087844,275,0,0,unseen
1598845133,0.4607229,0.81288475,149,0,0,unseen
1599410380,0.2546497,0.71199465,620,0,0,unseen
1599431888,0.45559892,0.7240276,138,0,0,unseen
1599436552,0.43117708,0.83276916,210,0,0,unseen
1599493366,0.42367288,0.70066917,47,0,0,unseen
1599747200,0.25710297,0.728496,739,0,1,unseen
1599773239,0.26263264,0.68244064,734,0,2,unseen
1599872317,0.16383164,0.615714,275,0,0,unseen
1600079770,0.2666742,0.7275022,1002,0,2,unseen
1600083889,0.26675278,0.6413279,867,0,0,unseen
1600239500,0.15027744,0.4316031,275,0,0,unseen
1600489166,0.34624237,0.7105435,58,0,3,unseen
1600666659,0.22310132,0.39340195,13,0,0,unseen
1600666677,0.30996686,0.67079645,120,0,0,unseen
1601227987,0.103894174,0.33863842,297,0,0,unseen
1601228600,0.15015115,0.4475725,268,0,0,unseen
1601573013,0.28490222,0.84985226,44,0,0,unseen
1601603665,0.14405042,0.37743583,94,0,0,unseen
1601711357,0.21247135,0.60291773,156,0,0,unseen
1601771527,0.2687219,0.70484537,1019,0,0,unseen
1601957221,0.23158132,0.82854027,159,0,0,unseen
1601957332,0.40958092,0.6464842,322,0,0,unseen
1601957358,0.33582908,0.8778585,149,0,1,unseen
1602199161,0.09725437,0.6741225,354,0,1,unseen
1602401866,0.11684486,0.46284503,181,0,0,unseen
1602401932,0.08491871,0.699525,150,1,1,unseen
1602402027,0.1277622,0.5775071,81,0,0,pos_only
1602549038,0.050702438,0.48286206,344,0,0,unseen
1602626242,0.3387726,0.63969564,112,0,0,unseen
1603054520,0.24709949,0.8769235,429,6,17,unseen
1603109870,0.25051534,0.6743188,168,0,0,unseen
1603260613,0.18412635,0.5458152,165,0,0,unseen
1603611801,0.24637143,0.68973273,57,0,0,unseen
1603714772,0.17083625,0.56106275,346,0,0,unseen
1603757560,0.10364801,0.44913718,14,0,0,unseen
1603952470,0.19746633,0.45755157,59,0,0,unseen
1604093913,0.15043671,0.547907,153,1,1,unseen
1604298027,0.1918008,0.6264119,60,0,0,unseen
1604440343,0.03260981,0.19220243,510,0,0,unseen
1604694135,0.09730573,0.35637987,60,0,0,unseen
1604698648,0.15436457,0.40967533,23,0,0,unseen
1604914822,0.1541831,0.6447096,1049,1,6,unseen
1605065523,0.3718615,0.7660121,93,0,0,unseen
1605181883,0.15352955,0.36535698,36,0,0,unseen
1605455071,0.20817071,0.7431021,512,0,0,unseen
1605518663,0.15203744,0.31795812,40,0,1,unseen
1605782659,0.16246544,0.72222406,458,0,0,unseen
1605842920,0.28879368,0.6352846,425,8,30,unseen
1607548068,0.04360278,0.38557062,533,0,0,unseen
1610224198,0.32471004,0.6935206,27,0,0,neg_only
1610530558,0.039021693,0.19121717,143,0,0,unseen
1621003660,0.30824152,0.8341633,73,0,0,unseen
1621012598,0.43923298,0.8558514,18,0,0,unseen
1621357756,0.38505092,0.6461149,74,0,0,unseen
1621802462,0.17655122,0.28228268,6,0,0,unseen
1622036197,0.1156965,0.7072953,165,0,0,unseen
1622138900,0.26181853,0.5580828,11,0,0,unseen
1622139666,0.20349385,0.7567228,468,0,0,unseen
1622144736,0.19578794,0.6985485,374,0,0,unseen
1622229929,0.3421759,0.5817356,5,0,0,unseen
1622234408,0.30115452,0.52443284,8,0,0,unseen
1622377349,0.15888809,0.6424911,37,0,0,unseen
1622394511,0.35525244,0.75096583,26,0,0,unseen
1622463042,0.36330587,0.5341403,10,0,0,unseen
1622468068,0.21838678,0.74986875,457,0,0,unseen
1622471963,0.2448129,0.48282793,89,0,0,unseen
1622740353,0.5327817,0.96467775,115,0,0,unseen
1622921029,0.16649112,0.5922407,32,0,0,unseen
1623081361,0.5159918,0.94414485,162,0,0,unseen
1623253338,0.2887815,0.5092389,13,0,0,unseen
1623262447,0.105315216,0.46594474,182,0,0,unseen
1623378159,0.30515414,0.57208323,20,0,0,unseen
1623464400,0.23941892,0.8566299,107,0,0,unseen
1623659281,0.14967299,0.63459706,96,0,0,unseen
1623719786,0.38591728,0.7398031,111,0,1,unseen
1624074309,0.38915423,0.79186726,118,0,0,unseen
1624418395,0.21309064,0.83720946,152,0,0,unseen
1624747496,0.28860936,0.5962009,56,0,0,unseen
1625080038,0.3559596,0.650711,47,0,0,unseen
1625191546,0.3601759,0.55235213,41,0,0,unseen
1625446695,0.25533238,0.70736176,220,0,0,unseen
1625463216,0.3582116,0.5512348,48,0,0,unseen
1625683773,0.3615244,0.80816615,1079,0,2,unseen
1625800608,0.3356202,0.67918235,27,0,0,unseen
1625804774,0.4553559,0.9164201,117,0,0,unseen
1625829992,0.22265474,0.8443513,411,0,0,unseen
1626033042,0.3987157,0.8459189,453,0,3,unseen
1626067756,0.17545146,0.45647967,41,0,0,unseen
1626106552,0.3255139,0.6383272,18,0,0,unseen
1626512826,0.31062883,0.5384942,42,0,0,unseen
1626513447,0.21918987,0.7602876,375,0,0,unseen
1626573444,0.43745035,0.85006636,42,3,4,unseen
1626754616,0.26622403,0.52515876,255,0,0,unseen
1626827782,0.3446196,0.69157153,113,0,0,unseen
1627117134,0.43574595,0.7321523,62,0,0,unseen
1627277351,0.1393062,0.5086662,256,0,0,unseen
1627509673,0.49150088,0.68096447,28,0,1,unseen
1627561374,0.10645961,0.2611323,103,0,0,unseen
1627618361,0.12084196,0.6649844,1179,0,0,unseen
1627643971,0.41802585,0.8207802,194,0,0,unseen
1627950600,0.17045069,0.6876027,238,0,0,unseen
1628062270,0.18580551,0.5941847,249,0,1,unseen
1628135911,0.37707534,0.5705592,335,0,0,unseen
1628187260,0.4490482,0.6869812,26,0,0,unseen
1628192050,0.4320733,0.8007432,29,0,0,unseen
1628274418,0.3190836,0.775153,147,0,0,unseen
1628528573,0.3513694,0.5116751,18,0,0,unseen
1628744095,0.48537645,0.8491426,112,0,0,unseen
1628840763,0.40903118,0.65827185,7,0,0,unseen
1628939088,0.3157835,0.7691809,335,0,0,unseen
1629050586,0.36115786,0.75296724,518,0,0,unseen
1629168807,0.34516814,0.7795802,17,0,0,unseen
1629538966,0.548761,0.9271063,152,0,0,unseen
1629625638,0.17150599,0.40416983,379,0,0,unseen
1629880348,0.3661604,0.7016853,136,0,0,unseen
1630051981,0.43767288,0.9561103,771,1,23,neg_only
1630230506,0.14416742,0.42395866,276,0,0,unseen
1630281172,0.22146001,0.5630213,33,0,0,unseen
1630342124,0.22931835,0.42134893,31,0,0,unseen
1630342162,0.3195646,0.73037404,39,0,0,unseen
1630622601,0.11763518,0.43980125,252,0,0,unseen
1630678886,0.20348258,0.5193093,132,0,0,unseen
1630683107,0.37372434,0.655812,31,0,0,unseen
1630734360,0.27092278,0.6359159,770,0,0,unseen
1630765418,0.24592921,0.712492,931,0,0,unseen
1631131487,0.28961316,0.7378604,778,0,0,unseen
1631450739,0.4082108,0.72414064,659,0,0,unseen
1631486122,0.49760112,0.8725211,169,0,2,unseen
1631714973,0.32058015,0.7516524,338,0,0,unseen
1632016438,0.07516408,0.45020652,341,0,0,unseen
1632055020,0.101874724,0.33643764,328,0,0,unseen
1632409111,0.3843227,0.6797951,593,0,0,unseen
1632992195,0.25272828,0.602096,217,0,0,unseen
1632992770,0.378239,0.7644224,26,1,1,unseen
1632992791,0.2387857,0.5676376,201,0,0,unseen
1633333063,0.330663,0.73820144,971,0,0,unseen
1633441295,0.17225762,0.6153843,115,1,1,unseen
1634088910,0.27513668,0.57141984,55,0,0,unseen
1634140884,0.11865695,0.25295013,22,0,0,unseen
1634805202,0.14793047,0.49809018,545,0,0,unseen
1635112344,0.2582129,0.76071066,526,0,0,unseen
1635397292,0.29184896,0.6179354,20,0,0,unseen
1635729066,0.124984615,0.39207634,296,0,0,unseen
1636822043,0.15925954,0.71740055,534,0,0,unseen
1637512099,0.17707647,0.7327015,64,0,0,unseen
1637844473,0.17906955,0.5615457,206,0,0,unseen
1637870763,0.39781225,0.6652251,47,0,1,unseen
1639886198,0.029834608,0.17989911,147,0,0,neg_only
1640555311,0.038179845,0.18947399,119,0,0,neg_only
1640568102,0.29459855,0.80381376,1079,0,0,unseen
1640572741,0.025915228,0.16275904,144,0,0,both
1640594274,0.16705342,0.85266095,1094,0,0,unseen
1640887603,0.028766936,0.23207903,84,0,0,both
1640909284,0.024511384,0.12277764,64,0,0,pos_only
1640922516,0.048093345,0.19027632,37,0,0,both
1640922754,0.026390392,0.17168115,98,0,0,neg_only
1641250106,0.28210235,0.6358258,28,0,0,neg_only
1642623277,0.033076905,0.24407697,169,0,0,pos_only
1651701899,0.34608126,0.68109024,59,0,1,unseen
1652530588,0.23175493,0.49842703,37,0,0,unseen
1652725444,0.28417945,0.777218,288,0,0,unseen
1652747834,0.39513144,0.7659184,21,0,0,unseen
1653139353,0.2577231,0.50124806,400,0,0,unseen
1653204965,0.14722076,0.3782648,9,0,0,unseen
1653295260,0.22311455,0.47848383,4,0,0,unseen
1653589060,0.3332568,0.5229996,5,0,0,unseen
1653752968,0.22137012,0.78920555,159,0,1,unseen
1654120086,0.24632847,0.8926233,315,0,0,unseen
1654525956,0.35594642,0.7594644,59,0,0,unseen
1654530151,0.24474493,0.7177339,148,0,0,unseen
1654543355,0.21582557,0.4942426,91,0,0,unseen
1654754488,0.45769984,0.7637945,18,0,0,unseen
1654879954,0.111748934,0.43732035,291,0,0,unseen
1655103469,0.49776775,0.8098819,19,0,0,unseen
1655280685,0.22600192,0.51085645,9,0,0,unseen
1655423982,0.33043072,0.6215899,19,0,0,unseen
1655458719,0.20895402,0.76847833,106,0,0,unseen
1655479310,0.35004854,0.56010026,36,0,0,unseen
1655799516,0.24008566,0.43461728,22,0,0,unseen
1655962914,0.34734893,0.50413066,3,0,0,unseen
1655971809,0.19250831,0.5017804,36,0,0,unseen
1655997973,0.14404328,0.26747385,23,0,0,unseen
1656157606,0.40529254,0.75005287,29,0,0,unseen
1656277790,0.16380931,0.38142624,8,0,0,unseen
1656282488,0.2558582,0.6635969,232,0,0,unseen
1656494014,0.35691285,0.7383833,117,0,0,unseen
1656494569,0.42743683,0.641735,33,0,0,unseen
1656834653,0.46331966,0.8075526,24,1,3,unseen
1656834679,0.3929845,0.8310043,25,0,0,unseen
1656834849,0.4829227,0.7075665,32,0,0,unseen
1656839128,0.41494867,0.6014846,24,0,0,unseen
1656864792,0.13224663,0.52588177,290,0,0,unseen
1657258136,0.34046915,0.71995157,55,0,0,unseen
1657262624,0.17224109,0.7892363,485,0,0,unseen
1657263405,0.37270093,0.5818628,32,0,0,unseen
1657516638,0.51450807,0.9283307,187,0,0,unseen
1657525390,0.4980405,0.72602606,23,0,0,unseen
1657539428,0.45786354,0.8506482,62,1,5,unseen
1657551275,0.20929883,0.65400165,733,0,0,unseen
1657949330,0.20851566,0.5902355,151,0,0,unseen
1657949594,0.17071533,0.44690663,58,0,0,unseen
1657992838,0.12553674,0.53590816,127,0,0,unseen
1658040290,0.25908986,0.50164175,36,0,0,unseen
1658155884,0.40652364,0.7438396,40,0,1,unseen
1658290299,0.12739095,0.84762114,136,0,0,unseen
1658518741,0.40515068,0.64239883,102,0,0,unseen
1658519783,0.34674355,0.7536563,17,0,0,unseen
1658855991,0.37173912,0.86087507,12,0,0,unseen
1658860665,0.48695934,0.82160115,12,0,0,unseen
1658885859,0.1180548,0.39393863,322,0,0,unseen
1658963980,0.20115758,0.69768316,148,0,0,unseen
1659231557,0.55491596,0.90214336,111,1,5,unseen
1659904546,0.57976687,0.83193386,119,0,0,unseen
1660219098,0.2877763,0.81772226,140,0,1,unseen
1660241426,0.49570516,0.95753586,169,0,0,unseen
1660690370,0.38824123,0.69924307,47,0,0,unseen
1660776511,0.3181569,0.6988254,157,0,0,unseen
1660789784,0.3963684,0.75842285,675,0,0,unseen
1660897972,0.42803645,0.6495431,6,0,0,unseen
1661121263,0.29443687,0.6659864,682,0,1,unseen
1661122416,0.4501843,0.7310438,215,0,0,unseen
1661273656,0.17408575,0.61973083,113,0,0,unseen
1661458144,0.29144633,0.67893714,241,0,0,unseen
1661458883,0.27858862,0.7230869,782,0,2,unseen
1661769627,0.39600968,0.81989014,313,2,6,unseen
1662166202,0.47677097,0.8842545,173,3,14,unseen
1662947570,0.14526148,0.4789699,294,0,0,unseen
1663017965,0.04333084,0.6870068,222,0,1,unseen
1663354321,0.305385,0.65212,36,0,0,unseen
1663436232,0.14267059,0.48455262,668,0,0,unseen
1663759398,0.2885832,0.7782879,519,0,1,unseen
1663767674,0.28318116,0.7066268,546,0,0,unseen
1663768979,0.16924013,0.5265236,180,0,0,unseen
1663778352,0.49452564,0.9141503,993,2,13,unseen
1664027954,0.21087052,0.57170296,122,0,0,unseen
1664097010,0.10433468,0.31745878,171,0,0,unseen
1664110256,0.09358272,0.49674326,491,0,0,unseen
1664127054,0.088451706,0.5327366,420,0,0,unseen
1664256204,0.079660855,0.5743418,341,0,0,unseen
1664363803,0.37053683,0.7291107,95,0,0,unseen
1664942170,0.110354796,0.6065284,79,0,0,unseen
1666492660,0.116095215,0.4308894,22,0,0,unseen
1666561406,0.099141255,0.23041697,61,0,0,pos_only
1666751599,0.07773809,0.4110576,60,0,0,unseen
1666755653,0.19455977,0.5098026,109,0,0,unseen
1667170670,0.24102932,0.7654546,492,0,0,unseen
1667251683,0.035638645,0.3483266,135,0,0,both
1667571719,0.12370865,0.5833224,373,0,0,unseen
1667865817,0.15523078,0.4684876,418,0,0,unseen
1667869567,0.33819413,0.7885777,161,0,0,unseen
1667886676,0.05046996,0.3788284,754,0,0,unseen
1668098210,0.28359935,0.58161473,44,0,0,unseen
1668275074,0.19894293,0.5355479,247,0,0,unseen
1668443377,0.33468843,0.9419307,38,0,0,unseen
1668443473,0.34416494,0.8180896,35,0,0,unseen
1668944259,0.12113369,0.36714888,263,0,0,pos_only
1669924220,0.042544957,0.2432189,252,0,0,both
1670278227,0.10831636,0.39719397,95,0,0,neg_only
1670287030,0.019250227,0.10322855,89,0,0,unseen
1670597454,0.21570724,0.83249354,709,0,1,unseen
1670597533,0.08628639,0.5338938,128,0,0,pos_only
1670627928,0.027858214,0.15994042,85,0,0,unseen
1670636531,0.13373263,0.48234686,268,0,0,unseen
1670916819,0.07577298,0.2605829,102,0,0,unseen
1670969304,0.28390247,0.8189024,722,1,1,unseen
1670969318,0.048675746,0.37172052,289,0,0,unseen
1670973150,0.2800647,0.84468514,683,0,0,unseen
1671257931,0.037649702,0.21954231,79,0,0,both
1671270875,0.14668976,0.47652528,181,0,0,unseen
1671620613,0.021198835,0.13638607,176,0,0,both
1671638278,0.15861186,0.87866724,411,4,5,pos_only
1672293837,0.32009274,0.8474548,695,0,0,unseen
1672320134,0.022425555,0.14699568,118,0,0,neg_only
1682707330,0.28124937,0.74276215,278,0,0,unseen
1683440362,0.4456772,0.89987737,134,0,0,unseen
1683565784,0.25644338,0.52684575,27,0,0,unseen
1684127680,0.32867557,0.5849835,20,0,0,unseen
1684127778,0.38369134,0.8070654,29,0,0,unseen
1684204798,0.23368822,0.6393745,74,0,0,unseen
1684873972,0.24647433,0.28835845,9,0,0,unseen
1685020627,0.2757821,0.3427514,2,0,0,unseen
1685258320,0.22465527,0.5922843,8,0,0,unseen
1685555902,0.23699346,0.6540005,15,0,0,unseen
1685586866,0.21322152,0.57450145,149,0,0,unseen
1685594997,0.33285695,0.55846953,7,0,0,unseen
1685781176,0.27658153,0.5274154,18,0,0,unseen
1685811275,0.35371798,0.8095288,20,0,0,unseen
1685914765,0.29011822,0.6936918,198,0,0,unseen
1685983749,0.24825554,0.42640266,7,0,0,unseen
1686000717,0.17617276,0.3445948,8,0,0,unseen
1686190133,0.25636214,0.6136211,288,0,0,unseen
1686229077,0.18703084,0.6103205,294,0,0,unseen
1686233836,0.28200415,0.65164894,123,0,1,unseen
1686251364,0.28640324,0.5531916,33,0,0,unseen
1686839045,0.15992396,0.34725124,12,0,0,unseen
1686877039,0.11217627,0.38019916,22,0,0,unseen
1686932677,0.3345013,0.6173294,66,0,0,unseen
1687184361,0.29518747,0.80022705,18,0,0,unseen
1687230765,0.16434892,0.6687277,162,0,0,unseen
1687525648,0.2526952,0.7393158,22,0,0,unseen
1687688269,0.49747312,0.872112,409,0,1,unseen
1687688880,0.5527065,0.9046508,371,0,7,unseen
1687874335,0.43744257,0.8489128,197,0,0,unseen
1687874488,0.38423508,0.6009642,38,0,0,unseen
1688051598,0.28286693,0.83782935,678,0,0,unseen
1688115933,0.18852627,0.34008634,331,0,0,unseen
1688211725,0.19782813,0.60408336,281,0,0,unseen
1688379736,0.2842637,0.51490587,9,0,0,unseen
1688474703,0.18637627,0.5784533,19,0,1,unseen
1688526691,0.18826436,0.6637808,149,0,0,unseen
1688535040,0.39090857,0.61479783,21,0,0,unseen
1688573830,0.44412756,0.81120175,66,0,3,unseen
1688578394,0.16855662,0.81381404,253,0,0,unseen
1688663936,0.123732276,0.46553972,575,0,0,unseen
1688789802,0.61139905,0.9236269,235,19,79,unseen
1688892924,0.47774106,0.79080755,25,0,0,unseen
1688962977,0.13082871,0.47312862,127,0,0,unseen
1689139601,0.29411888,0.5942348,130,0,0,unseen
1689256407,0.24505904,0.5220183,41,0,0,unseen
1689606690,0.27507436,0.84670776,803,0,1,unseen
1690220122,0.1464215,0.46858883,134,0,0,unseen
1690228471,0.3843309,0.6076836,12,0,0,unseen
1690232419,0.45443258,0.8659502,87,0,0,unseen
1690266547,0.39306796,0.66935337,39,0,0,unseen
1690274628,0.42146763,0.7701373,40,1,1,unseen
1690283476,0.24913788,0.6861499,37,0,0,unseen
1690602927,0.34837112,0.7695265,62,0,5,unseen
1690694192,0.38998625,0.779214,36,0,1,unseen
1690698128,0.31966487,0.6796207,44,0,0,unseen
1690893361,0.47105312,0.80443513,11,0,0,unseen
1690910458,0.5158796,0.864957,77,0,0,unseen
1690917721,0.47191885,0.72119486,23,0,0,unseen
1690935369,0.38831258,0.78560424,117,0,0,unseen
1691233928,0.3875717,0.5802989,32,0,0,unseen
1691298247,0.45071828,0.70313704,25,0,0,unseen
1691303322,0.36867693,0.64975446,171,0,0,unseen
1691310419,0.30697,0.60048753,27,0,0,unseen
1691580160,0.34457365,0.77122235,67,0,0,unseen
1691630995,0.14896671,0.3776919,255,0,0,unseen
1691635022,0.36548713,0.699144,84,0,0,unseen
1691638475,0.16059174,0.5047444,237,0,0,unseen
1691686234,0.026735641,0.13905342,166,0,0,unseen
1691937933,0.26122418,0.48734346,6,0,0,unseen
1691992939,0.1803987,0.6748063,478,0,0,unseen
1692014053,0.07422891,0.44591156,229,0,0,unseen
1692299350,0.31624797,0.73097,47,0,0,unseen
1692304756,0.13009089,0.3389076,62,0,0,unseen
1692462759,0.26529667,0.4174757,12,0,0,unseen
1692614515,0.6629369,0.97622263,145,1,1,unseen
1692627340,0.5728928,0.9677926,155,0,0,unseen
1692782686,0.5470596,0.93428785,1101,0,7,unseen
1693486219,0.2964249,0.8756771,865,0,3,unseen
1693798741,0.09766001,0.24375552,52,0,0,unseen
1694725926,0.22134633,0.47570822,97,0,0,unseen
1694760595,0.12664929,0.3987476,277,0,0,unseen
1694807145,0.22615361,0.5835158,1087,0,0,unseen
1694850602,0.29433787,0.9318702,704,4,7,unseen
1695143944,0.39429998,0.8174342,622,0,0,unseen
1695145055,0.1734568,0.7990294,418,0,0,unseen
1695149590,0.2502844,0.7390203,257,0,0,unseen
1695178970,0.26170817,0.8561416,973,0,1,unseen
1696159313,0.20618849,0.41575372,19,0,0,unseen
1697104095,0.2619085,0.59970874,81,0,0,unseen
1697185831,0.36708182,0.6396483,107,0,0,unseen
1697859822,0.18284784,0.47161466,25,0,0,unseen
1698796216,0.5754746,0.9396152,40,0,0,unseen
1698796218,0.3243319,0.85372746,58,0,0,unseen
1698796271,0.32608008,0.7260272,72,0,0,unseen
1698796278,0.48079345,0.95455825,54,0,0,unseen
1698800347,0.24320382,0.6963828,159,0,0,unseen
1698821941,0.17618652,0.5533104,73,0,0,unseen
1699974843,0.027638497,0.11064868,46,0,0,pos_only
1700307582,0.14683948,0.83756566,449,1,3,unseen
1700644008,0.10408767,0.4231008,221,0,0,both
1701325725,0.2067704,0.8894393,883,0,1,unseen
1701947337,0.034888167,0.21000804,181,0,0,unseen
1702305987,0.09254235,0.4145857,143,0,0,unseen
1702306037,0.05280042,0.21669216,35,0,0,neg_only
1702310266,0.029387353,0.19739804,197,0,0,neg_only
1702651358,0.037882436,0.23007974,51,0,0,neg_only
1703683361,0.21052724,0.9242649,983,0,4,unseen
1704347707,0.024024818,0.13759229,106,0,0,both
1714113716,0.1186883,0.3442193,50,0,0,unseen
1714134140,0.45402968,0.7009672,34,0,0,unseen
1714134266,0.3746396,0.6239098,58,0,0,unseen
1714172947,0.22874397,0.6621895,274,0,0,unseen
1714479551,0.23996884,0.6688293,74,0,0,unseen
1714479649,0.30326405,0.6462462,224,0,1,unseen
1714795031,0.21800107,0.7780828,288,0,0,unseen
1714808591,0.42228162,0.542695,26,0,0,unseen
1714816347,0.41709694,0.7036862,21,0,0,unseen
1715459859,0.34169626,0.71104544,72,0,0,unseen
1715814552,0.3607365,0.783054,21,0,0,unseen
1715939282,0.23160487,0.5538884,954,0,0,unseen
1716082078,0.29143214,0.5488803,27,1,2,unseen
1716236882,0.31615883,0.6803204,20,0,0,unseen
1716387782,0.1490575,0.35088742,12,0,0,unseen
1716487667,0.28742787,0.777081,24,0,0,unseen
1716577833,0.28886732,0.5549707,28,0,0,unseen
1716625816,0.22435951,0.5339432,38,0,0,unseen
1716842091,0.31634548,0.7921064,25,0,0,unseen
1717157246,0.43802807,0.79764825,24,0,0,unseen
1717562249,0.38832378,0.8636192,186,0,3,unseen
1717894837,0.27994937,0.6424751,41,0,1,unseen
1717899399,0.37641835,0.8882189,179,0,1,unseen
1717899720,0.4854957,0.8393682,189,0,0,unseen
1718011349,0.23541953,0.4285713,11,0,0,unseen
1718114551,0.5893073,0.8650401,340,0,3,unseen
1718179755,0.3504043,0.7681867,118,0,0,unseen
1718227906,0.44405952,0.7521914,71,0,0,unseen
1718439069,0.49090794,0.8434251,323,0,1,unseen
1718671665,0.1408491,0.45144707,114,0,0,unseen
1718809500,0.52262825,0.89628476,657,24,158,unseen
1718917727,0.45590365,0.65481406,31,0,0,unseen
1718918218,0.34807995,0.5662906,36,0,0,unseen
1719225241,0.275455,0.524323,63,0,0,unseen
1719237770,0.24036886,0.6033907,24,0,0,unseen
1719237849,0.515715,0.95384896,201,0,0,unseen
1719250390,0.57304853,0.9711704,115,0,0,unseen
1719332432,0.3281052,0.7143625,56,0,0,unseen
1719428077,0.1327226,0.6385293,276,0,0,unseen
1719549300,0.22518755,0.43361032,14,0,0,unseen
1719569268,0.38104853,0.60853714,59,0,0,unseen
1719643238,0.0500934,0.52149755,891,0,0,unseen
1719902535,0.4015003,0.6731973,34,0,0,unseen
1719928105,0.39712706,0.76243865,35,0,0,unseen
1719928274,0.3665333,0.64007586,34,0,0,unseen
1719953914,0.33364275,0.75259537,72,0,0,unseen
1719958850,0.25541505,0.42325875,19,0,0,unseen
1719958881,0.14996164,0.30575126,15,0,0,unseen
1719958920,0.2317591,0.4603224,15,0,0,unseen
1719988921,0.34963652,0.639773,14,0,0,unseen
1720070867,0.14656104,0.24632709,9,0,0,unseen
1720226812,0.48910302,0.85797304,135,0,0,unseen
1720248819,0.27907535,0.6596018,201,0,0,unseen
1720300139,0.263866,0.4257728,17,0,0,unseen
1720300275,0.30523387,0.5722151,18,0,0,unseen
1720333334,0.25049347,0.77523696,370,0,0,unseen
1720585281,0.36620536,0.5901931,28,0,0,unseen
1721020290,0.27638882,0.9309246,193,0,0,unseen
1721395841,0.30943567,0.66062635,51,0,0,unseen
1721775553,0.32698268,0.58407927,28,0,0,unseen
1721996278,0.26254556,0.7813991,25,0,0,unseen
1722000978,0.48693314,0.8071209,27,0,0,unseen
1722005013,0.4258536,0.7775008,100,0,0,unseen
1722310842,0.45564437,0.8240232,130,0,0,unseen
1722311484,0.41596302,0.8235899,103,0,0,unseen
1722336465,0.3146943,0.6233089,49,0,0,unseen
1722341820,0.44858143,0.86827534,270,12,26,unseen
1722342048,0.45435035,0.78441066,156,0,0,unseen
1722346327,0.42914537,0.79187924,152,0,4,unseen
1722346846,0.49775416,0.91385007,180,0,4,unseen
1722670598,0.37657258,0.73642874,48,0,0,unseen
1722682692,0.38277307,0.56513005,34,0,0,unseen
1723010562,0.17756033,0.37977144,93,0,0,unseen
1723019231,0.2790636,0.6242695,288,0,0,unseen
1723325346,0.43084237,0.8885579,175,0,0,unseen
1723385845,0.42434615,0.63813514,52,0,0,unseen
1723658004,0.43822327,0.837678,105,0,0,unseen
1725838071,0.1761376,0.7149475,190,0,0,unseen
1727535075,0.4809651,0.79121166,289,0,0,unseen
1727979406,0.3324001,0.6593878,945,0,1,neg_only
1728294045,0.209073,0.34350163,9,0,0,unseen
1728294318,0.27844125,0.390428,9,0,0,unseen
1728315957,0.23293541,0.3414243,11,0,0,unseen
1728479593,0.12675339,0.47734445,382,0,0,unseen
1729602536,0.1026719,0.5579263,534,0,0,unseen
1729637685,0.17861801,0.54524976,25,0,0,unseen
1729935421,0.21573313,0.5739016,24,0,1,neg_only
1730327790,0.020814553,0.13838874,118,0,0,pos_only
1730651751,0.12381495,0.4833818,242,0,0,pos_only
1730656082,0.27571273,0.84757257,610,0,1,unseen
1730957703,0.17676517,0.67074287,166,0,2,unseen
1732995501,0.03204666,0.29135454,116,0,0,unseen
1733056086,0.08898351,0.3256104,240,0,0,unseen
1733677514,0.10337106,0.53121275,433,0,0,neg_only
1734420152,0.40719756,0.96886146,966,3,112,unseen
1744266747,0.3634572,0.6348297,9,0,0,unseen
1744603665,0.42187372,0.8525843,13,0,0,unseen
1745333830,0.2385963,0.37560847,4,0,0,unseen
1745510601,0.36684084,0.71385276,22,0,0,unseen
1745570620,0.21049704,0.56102544,26,0,0,unseen
1745614242,0.1803065,0.48593968,53,0,0,unseen
1745830360,0.3596769,0.6513828,18,0,0,unseen
1745942599,0.11493182,0.27463254,5,0,0,unseen
1745951773,0.36965182,0.49105713,10,0,0,unseen
1745989723,0.25821105,0.690322,109,0,0,unseen
1746088555,0.30455527,0.6398236,86,0,0,unseen
1746304691,0.23611763,0.56186,20,0,0,unseen
1746849335,0.49037495,0.7316628,20,0,1,unseen
1746858454,0.4231608,0.80710214,136,0,1,unseen
1746875726,0.3916236,0.81573266,23,0,0,unseen
1746884233,0.2700997,0.7068873,217,0,0,unseen
1746952120,0.19973622,0.4247984,14,0,0,unseen
1747181914,0.3166879,0.80958235,51,0,2,unseen
1747216834,0.41972035,0.88078153,26,0,0,unseen
1747228863,0.29772082,0.8918982,303,0,0,unseen
1747280612,0.34228855,0.6940959,127,0,0,unseen
1747508899,0.43629402,0.9066239,34,0,1,unseen
1747518018,0.33881432,0.71941257,57,0,1,unseen
1747569967,0.37512672,0.73218936,172,0,0,unseen
1748117714,0.34014052,0.6345093,295,0,0,unseen
1748187188,0.338233,0.5641836,47,0,0,unseen
1748187330,0.47295472,0.9004782,45,0,2,unseen
1748222538,0.1484476,0.35667047,88,0,0,unseen
1748550345,0.38751087,0.8562442,24,0,0,unseen
1748567506,0.4529577,0.85147274,23,0,0,unseen
1748666238,0.32550317,0.759605,876,0,0,unseen
1748925835,0.17477082,0.91287625,230,1,2,unseen
1748929680,0.03373808,0.0927644,17,0,0,unseen
1749020274,0.3784995,0.7478183,53,0,0,unseen
1749258463,0.39590108,0.6537205,17,0,0,unseen
1749274582,0.35648358,0.5985675,76,0,0,unseen
1749275570,0.36297464,0.81629825,156,0,0,unseen
1749313891,0.2750147,0.46886206,51,0,0,unseen
1749318240,0.37466815,0.54826236,10,0,0,unseen
1749323103,0.28170022,0.88628304,512,0,0,unseen
1749343874,0.40190244,0.67450756,33,0,0,unseen
1749374615,0.1860222,0.75408083,413,0,0,unseen
1749659355,0.21303242,0.45029923,146,0,0,unseen
1749845151,0.42144293,0.7095991,307,0,0,unseen
1749957192,0.37803602,0.631666,49,0,0,unseen
1750004327,0.3640942,0.5859472,21,0,0,unseen
1750026634,0.33322436,0.700931,46,0,0,unseen
1750039535,0.3726913,0.5900047,28,0,0,unseen
1750251452,0.44180185,0.8646828,37,0,0,unseen
1750269273,0.43562257,0.7771537,18,0,0,unseen
1750289956,0.40457568,0.82173294,128,0,1,unseen
1750419433,0.24764605,0.7498609,316,0,0,unseen
1750587711,0.18262537,0.57629865,234,0,0,unseen
1750621344,0.37830192,0.67202246,33,0,0,unseen
1750712639,0.21860792,0.4393048,66,0,0,unseen
1750721034,0.10920979,0.54323786,1209,0,0,unseen
1750980224,0.37908536,0.69168437,60,0,0,unseen
1751028010,0.34674048,0.7879836,110,0,0,unseen
1751257274,0.44517568,0.82895285,30,0,0,unseen
1751325674,0.26350784,0.70950556,279,0,0,unseen
1751330026,0.3376218,0.8009712,126,0,0,unseen
1751364895,0.37648147,0.84314126,91,0,0,unseen
1751666374,0.34641495,0.67867297,31,0,0,unseen
1751986317,0.3683739,0.7199846,60,0,0,unseen
1751994423,0.4836864,0.6927065,28,0,0,unseen
1752046561,0.2150982,0.5042041,34,0,0,unseen
1752051506,0.11337924,0.68767637,503,0,1,unseen
1752067852,0.19004229,0.60988075,308,0,0,unseen
1752090091,0.41835546,0.65241414,47,0,0,unseen
1752671998,0.29035547,0.5188718,37,0,0,unseen
1752672460,0.39013422,0.80548793,188,0,0,unseen
1752988351,0.38733366,0.71143585,124,0,0,unseen
1753329751,0.11336719,0.2015542,3,0,0,unseen
1753358619,0.355889,0.72529054,106,0,0,unseen
1753358914,0.30899152,0.61204046,74,0,0,unseen
1753358965,0.3865183,0.8121566,27,0,2,unseen
1753359080,0.49377745,0.85956985,34,1,4,unseen
1753359088,0.31815457,0.67810345,169,0,1,unseen
1753359149,0.26253134,0.52370775,41,0,0,unseen
1753359235,0.28166264,0.8953468,219,3,18,unseen
1753359328,0.29339486,0.51964253,63,0,0,unseen
1753367903,0.32078174,0.8128774,195,0,0,unseen
1753371564,0.2219965,0.5041631,63,0,0,unseen
1753449078,0.11627871,0.7015372,529,0,1,unseen
1753670596,0.34221718,0.55857813,29,0,0,unseen
1753674977,0.3723584,0.7246772,99,0,0,unseen
1753695482,0.2749573,0.5500838,91,0,0,unseen
1753695554,0.35619152,0.7756406,119,0,0,unseen
1753695737,0.32483375,0.5687556,51,0,0,unseen
1753695866,0.4095432,0.755945,33,0,0,unseen
1753751888,0.33641055,0.64592767,34,0,0,unseen
1753998191,0.41705397,0.7883154,39,0,1,unseen
1754028170,0.213089,0.51717615,219,0,0,unseen
1754033051,0.34135377,0.77290726,210,0,2,unseen
1754041168,0.28075087,0.73702705,196,0,1,unseen
1754348495,0.30487978,0.63822925,79,0,0,unseen
1754370281,0.24215771,0.5890828,290,0,0,unseen
1754374486,0.25333545,0.704714,142,0,1,unseen
1754711606,0.34304762,0.7691108,24,0,0,unseen
1754715778,0.33955395,0.5001659,29,0,0,unseen
1754715820,0.23937841,0.52103037,214,0,0,unseen
1755556277,0.26807386,0.77096176,324,0,5,unseen
1755859880,0.14857812,0.70254797,35,0,0,unseen
1756532441,0.20830438,0.46796787,9,0,0,unseen
1756678244,0.41374663,0.87949795,1010,1,25,unseen
1756869802,0.16708513,0.64347,36,0,0,unseen
1756881825,0.13494669,0.6702052,382,0,0,unseen
1757477299,0.20640172,0.5768584,351,0,0,unseen
1757481665,0.37287346,0.81282985,67,0,0,unseen
1757797015,0.21331355,0.61876357,72,0,0,unseen
1758224986,0.21323684,0.7590098,304,0,0,unseen
1759929057,0.22677116,0.6250347,19,0,0,unseen
1759930196,0.27966267,0.45057607,17,0,0,unseen
1759999022,0.3343161,0.9010012,661,1,2,unseen
1760922408,0.14481284,0.57557833,97,0,0,unseen
1761345315,0.04410756,0.26320454,209,0,0,unseen
1761561802,0.16576773,0.4614352,96,0,0,unseen
1762354941,0.028048506,0.15051903,53,0,0,unseen
1762359683,0.038293913,0.18695846,155,0,0,both
1762674761,0.30274177,0.909704,1002,5,20,unseen
1764388538,0.09257105,0.44948137,242,0,0,unseen
1765040289,0.31659567,0.83662194,996,0,0,unseen
1775284660,0.28204238,0.28204238,1,0,0,unseen
1775837518,0.26323393,0.4986709,177,0,0,unseen
1775966739,0.43770415,0.55075467,2,0,0,unseen
1776308120,0.16029713,0.49211016,42,0,0,unseen
1776308170,0.2709079,0.59772384,36,0,0,unseen
1776553851,0.25298724,0.54662627,217,0,0,unseen
1777918421,0.37285024,0.5518623,22,0,0,unseen
1778013540,0.16413185,0.47890848,40,0,0,unseen
1778018067,0.22453791,0.58699626,327,0,0,unseen
1778220673,0.30771703,0.57784927,22,0,0,unseen
1778916255,0.34385064,0.7890855,83,0,0,unseen
1778920327,0.32401267,0.81684905,25,0,0,unseen
1779221851,0.043612935,0.1593294,31,0,0,unseen
1779567374,0.46586305,0.88303804,47,0,2,unseen
1779710234,0.18702935,0.7499131,468,0,0,unseen
1779796258,0.4255261,0.7212633,323,0,0,unseen
1779808792,0.1659332,0.4605336,249,0,0,unseen
1780599911,0.3169549,0.5964168,11,0,0,unseen
1780651267,0.2921951,0.7886038,120,0,0,unseen
1780862692,0.44830915,0.7428916,343,0,1,unseen
1781031237,0.3844195,0.5666567,10,0,0,unseen
1781328716,0.48925775,0.8639253,155,0,1,unseen
1781333405,0.2875608,0.6655185,61,0,1,unseen
1781674298,0.42079285,0.8117392,170,0,0,unseen
1781860460,0.16464406,0.40480575,138,0,0,unseen
1781864693,0.23453374,0.36706415,12,0,0,unseen
1781981967,0.33440498,0.72589445,115,0,0,unseen
1782006592,0.35280588,0.52862203,39,0,0,unseen
1782201421,0.12997621,0.59145147,123,0,0,unseen
1782205507,0.20226404,0.50160044,177,0,0,unseen
1782321284,0.32341382,0.6486506,79,0,0,unseen
1782364786,0.1233933,0.5818588,276,0,0,unseen
1782369340,0.3566268,0.6862659,38,0,0,unseen
1782668028,0.36248967,0.6212112,52,0,0,unseen
1782680353,0.40465632,0.8177903,32,0,0,unseen
1782987343,0.20180608,0.43409038,8,0,0,unseen
1782992460,0.37200183,0.6429573,57,0,0,unseen
1782996020,0.40091366,0.81532586,90,0,1,unseen
1783000305,0.36051527,0.8106387,136,0,0,unseen
1783025171,0.39938307,0.6364658,37,0,0,unseen
1783029895,0.30424017,0.7066973,188,0,0,unseen
1783068831,0.5127103,0.89260834,145,0,0,unseen
1783348805,0.32077408,0.67715,34,0,0,unseen
1783361972,0.3212104,0.4828977,34,0,0,unseen
1783362106,0.25245994,0.73416454,203,0,0,unseen
1783690466,0.48166248,0.87176114,27,0,2,unseen
1784052503,0.30441344,0.5058634,43,0,0,unseen
1784057323,0.31491348,0.6373947,56,0,0,unseen
1784389603,0.28021422,0.672753,19,0,0,unseen
1784393707,0.46508062,0.6728376,43,0,0,unseen
1784393992,0.35188022,0.85306007,88,0,9,unseen
1784397838,0.21848282,0.5693144,131,0,0,unseen
1784398229,0.401184,0.8733047,40,1,1,unseen
1784398302,0.36200994,0.85266966,39,0,0,unseen
1784402781,0.2986279,0.5474917,10,0,0,unseen
1784514404,0.22848976,0.6135963,258,0,0,unseen
1784730276,0.2760815,0.8045005,218,0,6,unseen
1784730808,0.32575226,0.8306837,21,0,0,unseen
1784735157,0.33492297,0.60144323,18,0,0,unseen
1784795598,0.28936917,0.5469424,19,0,0,unseen
1785062580,0.3655292,0.63748926,42,0,0,unseen
1785067268,0.32131648,0.62601537,286,0,0,unseen
1785408640,0.41497052,0.7783791,208,0,0,unseen
1785412639,0.3350184,0.59071934,44,0,0,unseen
1785486134,0.3817152,0.6002997,17,0,0,unseen
1785490626,0.22457476,0.594569,20,0,0,unseen
1785753951,0.29494777,0.64316374,217,0,0,unseen
1785827374,0.3236826,0.62853473,31,0,0,unseen
1785926866,0.22872931,0.7094073,69,0,1,unseen
1785931916,0.18119076,0.39692298,27,0,0,unseen
1786841971,0.58741164,0.86414224,293,0,0,unseen
1787576370,0.15066789,0.77733135,28,0,0,unseen
1787895282,0.24166451,0.66353405,194,0,0,unseen
1787903826,0.3754292,0.84819347,726,0,1,unseen
1788237005,0.30398947,0.5415519,29,0,0,unseen
1788248514,0.33715713,0.57985586,128,0,0,unseen
1788300760,0.4894707,0.9687431,498,3,31,unseen
1788680591,0.12606254,0.44662142,106,0,0,unseen
1788685103,0.21634825,0.6099175,251,0,0,unseen
1788921987,0.21413642,0.5426671,26,0,0,unseen
1788974593,0.18270472,0.60307294,230,0,0,unseen
1789013008,0.20960064,0.6094619,389,0,0,unseen
1789276508,0.21115153,0.5597677,28,0,0,unseen
1791353247,0.15345472,0.5077431,555,0,0,unseen
1793351401,0.34314197,0.9518557,1020,1,46,unseen
1793403571,0.20589231,0.82238215,485,0,2,unseen
1793744512,0.22085838,0.67428184,258,0,0,unseen
1794055377,0.419616,0.8354365,461,1,3,pos_only
1794080892,0.19472365,0.4296772,14,0,0,unseen
1796817841,0.23862948,0.8564347,1091,0,1,unseen
1806664951,0.40123767,0.5802096,8,0,0,unseen
1806664972,0.4489373,0.5523891,2,0,0,unseen
1806664990,0.37625003,0.425423,2,0,0,unseen
1806871988,0.2865968,0.4409437,44,0,0,unseen
1807001603,0.51250756,0.5189725,2,0,0,unseen
1807001609,0.3203734,0.60956854,12,0,0,unseen
1807005756,0.34607953,0.56008923,10,0,0,unseen
1807005789,0.35641402,0.5722581,10,0,0,unseen
1807005800,0.27569976,0.5780977,23,0,0,unseen
1807234995,0.40139467,0.7652547,51,0,0,unseen
1807342446,0.44152036,0.55144626,4,0,0,unseen
1807346788,0.39903277,0.6160135,8,0,0,unseen
1807917290,0.45196772,0.79245347,33,0,1,unseen
1808241116,0.15411179,0.57339394,286,0,0,unseen
1808267138,0.60548025,0.94248575,103,0,0,unseen
1808664135,0.23678091,0.37551418,8,0,0,unseen
1808927915,0.36648053,0.8394176,212,0,0,unseen
1808936407,0.34632912,0.8289581,260,0,0,unseen
1808958240,0.33387163,0.8099875,37,0,0,unseen
1808965929,0.38130403,0.84523827,133,0,0,unseen
1809372805,0.1632557,0.590383,96,0,0,unseen
1809614687,0.3643436,0.94180876,285,0,2,unseen
1810395386,0.14244002,0.39560747,50,0,0,unseen
1810645950,0.3530678,0.8413943,57,0,0,unseen
1810659099,0.23769356,0.46602038,92,0,0,unseen
1810944084,0.2095614,0.640917,78,0,0,unseen
1810986443,0.39709285,0.9264031,63,0,1,unseen
1811012154,0.52297187,0.7722826,195,0,0,unseen
1811163357,0.22429433,0.64625555,164,0,0,unseen
1811163598,0.29739344,0.79455966,720,0,0,unseen
1811853893,0.5356247,0.873842,330,2,7,unseen
1811889085,0.19187777,0.427012,19,0,0,unseen
1811997861,0.34287027,0.80299217,12,0,0,unseen
1812065514,0.29779693,0.43570447,18,0,0,unseen
1812363713,0.20962591,0.6295929,159,0,0,unseen
1812488920,0.123386696,0.32475474,10,0,0,unseen
1812493277,0.16169588,0.3963318,307,0,0,unseen
1812497812,0.2216624,0.41864744,3,0,0,unseen
1812511203,0.31489193,0.74680364,430,0,0,unseen
1812696401,0.23748988,0.6548658,526,0,0,unseen
1812696567,0.2259916,0.77171147,285,0,0,unseen
1812898952,0.24964775,0.55382764,13,0,0,unseen
1812902999,0.15121284,0.61737293,133,0,0,unseen
1813028777,0.23240021,0.8785501,282,0,3,unseen
1813206171,0.10646576,0.59808123,225,0,0,unseen
1813222721,0.10357388,0.37280688,144,0,0,unseen
1813391435,0.5469416,0.9618998,144,0,0,unseen
1813399871,0.4259579,0.8795339,196,0,0,unseen
1813403762,0.3956446,0.73286575,126,0,0,unseen
1813403953,0.29074588,0.56619066,48,0,0,unseen
1813559869,0.16530676,0.55215,215,0,0,unseen
1813563837,0.2378681,0.47726044,10,0,0,unseen
1813727537,0.4442347,0.84579533,135,0,0,unseen
1813727811,0.33391505,0.5690758,52,0,0,unseen
1813728233,0.4919294,0.9062453,117,0,0,unseen
1813891980,0.22969481,0.39390308,10,0,0,unseen
1813900946,0.10472947,0.54945534,217,0,0,unseen
1813901048,0.18341586,0.66371596,194,0,0,unseen
1813901059,0.15008031,0.596132,211,0,0,unseen
1814055949,0.25005862,0.8300072,248,0,0,unseen
1814410124,0.2616008,0.63550645,101,0,0,unseen
1814418212,0.37283242,0.59161633,71,0,0,unseen
1814777260,0.36830452,0.6280292,80,0,0,unseen
1814780768,0.3200571,0.86382514,133,0,0,unseen
1814781537,0.38250148,0.7497893,143,0,0,unseen
1814846802,0.18777221,0.64908695,337,0,0,unseen
1815087643,0.524114,0.7629758,25,1,2,unseen
1815126312,0.2917401,0.80805165,56,0,0,unseen
1815165718,0.11491468,0.6296502,543,0,0,unseen
1815385988,0.33485982,0.5867002,6,0,0,unseen
1815471919,0.3694257,0.90409255,218,0,4,unseen
1815480848,0.4017316,0.8299719,257,0,1,unseen
1815826155,0.344579,0.6766348,66,0,0,unseen
1816115219,0.46265844,0.9263312,54,10,18,unseen
1816456312,0.30753002,0.6579535,288,0,0,unseen
1816573829,0.06682693,0.51378536,71,0,0,unseen
1816909775,0.2283928,0.7660443,195,0,0,unseen
1817112855,0.47544914,0.89417684,35,0,2,unseen
1817113079,0.22766411,0.54020685,289,0,0,unseen
1817444315,0.21426113,0.51044995,287,0,0,unseen
1817444555,0.2224661,0.5510711,257,0,0,unseen
1817444670,0.27964908,0.67713785,196,0,0,unseen
1817449059,0.44166628,0.87721014,193,2,7,unseen
1817449116,0.24846481,0.6746317,289,0,0,unseen
1817452948,0.24156053,0.61727387,288,0,0,unseen
1817453557,0.23574139,0.50526804,285,0,0,unseen
1817457847,0.21313643,0.69127,63,0,0,unseen
1817457987,0.41655242,0.6572306,11,0,0,unseen
1817458052,0.46141422,0.84185416,35,0,1,unseen
1817463007,0.293391,0.8425925,28,0,0,unseen
1817712927,0.11020103,0.55039763,455,0,0,pos_only
1817785661,0.29380208,0.63516617,185,0,0,unseen
1817785682,0.3321745,0.54631644,24,0,0,unseen
1817786077,0.4555421,0.79035187,36,0,1,unseen
1817790281,0.23328458,0.569572,237,0,0,unseen
1817790409,0.36601114,0.71953875,70,0,0,unseen
1817794820,0.2845149,0.42395872,47,0,0,unseen
1817799390,0.22397864,0.41768438,27,0,0,unseen
1818136404,0.29068246,0.49531072,24,0,0,unseen
1818473569,0.21392718,0.5862775,162,0,0,unseen
1818593685,0.22206056,0.5092105,253,0,0,unseen
1818696317,0.14189479,0.35888383,82,0,0,unseen
1819102805,0.12901393,0.77755225,239,0,0,unseen
1819284693,0.23993413,0.75740993,27,0,0,unseen
1819805664,0.37975824,0.56052244,4,0,0,unseen
1819905958,0.28427354,0.72449565,708,0,0,unseen
1819965764,0.3464678,0.8158099,207,9,20,unseen
1820005073,0.14099477,0.43862483,382,0,0,unseen
1822978855,0.13365145,0.24324583,19,0,0,unseen
1823661274,0.15389076,0.36214286,17,0,0,unseen
1824015349,0.18057497,0.42276022,84,0,0,unseen
1824015402,0.1512483,0.48469642,141,0,0,unseen
1824101645,0.044422116,0.26622605,60,0,0,unseen
1824334786,0.277322,0.64622986,16,0,0,unseen
1824745150,0.1588886,0.5377054,268,0,0,unseen
1825085656,0.29879025,0.75211346,301,3,10,unseen
1825789179,0.08681199,0.36658838,244,0,0,unseen
1826121523,0.269666,0.88306296,189,1,2,unseen
1826458709,0.10793837,0.39873767,168,0,0,unseen
1826825128,0.18520582,0.6802071,256,0,0,unseen
1827473315,0.3130217,0.8504045,830,0,0,unseen
1838248665,0.22253428,0.40745845,67,0,0,unseen
1838257401,0.3805124,0.7775176,157,0,0,unseen
1839288696,0.33544618,0.6983252,154,0,0,unseen
1839366430,0.2683239,0.73204213,104,0,0,unseen
1839366494,0.35948738,0.7690261,130,0,1,unseen
1839405082,0.41784692,0.709755,37,0,0,unseen
1839443948,0.2981285,0.6543485,32,0,0,unseen
1839715679,0.24763045,0.5783019,19,0,0,unseen
1839776786,0.097333975,0.39926353,30,0,0,unseen
1840636280,0.36781475,0.7786202,103,0,2,unseen
1841663352,0.367284,0.87084055,199,0,2,unseen
1842051749,0.50811565,0.92803246,117,0,0,unseen
1842090544,0.38059404,0.6679661,76,0,0,unseen
1842682500,0.21205407,0.74601567,144,0,1,unseen
1842850638,0.1681261,0.44751084,8,0,0,unseen
1843390279,0.33137283,0.460775,4,0,0,unseen
1843536369,0.22512354,0.5749109,185,0,0,unseen
1844421716,0.27351803,0.7365341,126,0,1,unseen
1844750081,0.3305591,0.5312626,52,0,0,unseen
1845117373,0.4293103,0.8670931,157,0,0,unseen
1845431908,0.35759234,0.82003576,261,0,3,unseen
1846113980,0.5427285,0.9305656,98,0,0,unseen
1846213131,0.28739336,0.6394522,21,0,0,unseen
1846260300,0.17905779,0.5548931,207,0,0,unseen
1846800094,0.2654584,0.53386235,9,0,0,unseen
1846812834,0.32711396,0.77680445,108,0,2,unseen
1846874089,0.32175916,0.69642466,11,0,0,unseen
1847115656,0.4556205,0.73905563,12,0,1,unseen
1847460927,0.45214128,0.9013622,13,0,2,unseen
1847806203,0.35438305,0.6012497,9,0,0,unseen
1847815147,0.27738702,0.3922692,22,0,0,unseen
1847979455,0.19338225,0.72079355,352,0,1,unseen
1848126450,0.26755762,0.4043124,7,0,0,unseen
1848143184,0.3286682,0.7465503,214,0,0,unseen
1848151236,0.46032652,0.7749193,12,0,0,unseen
1848151877,0.3006637,0.5129765,17,0,0,unseen
1848251306,0.37399134,0.7622909,182,0,0,unseen
1848492258,0.2960876,0.6440548,287,0,0,unseen
1848592019,0.4655059,0.83739954,172,0,0,unseen
1848828925,0.30621016,0.52796614,40,0,0,unseen
1848837843,0.39190114,0.6828494,6,0,0,unseen
1848960054,0.14047992,0.65098524,34,0,0,unseen
1849161220,0.30584183,0.5702621,37,0,0,unseen
1849174879,0.35795966,0.75923127,207,0,0,unseen
1849235388,0.27184638,0.5648836,30,0,0,unseen
1849554529,0.30632636,0.699985,23,0,0,unseen
1849684319,0.40103742,0.86262226,815,0,1,unseen
1849895777,0.3424008,0.6529337,24,0,0,unseen
1849969844,0.30867252,0.5254567,23,0,0,unseen
1850024931,0.29052937,0.8401437,787,0,0,unseen
1850241606,0.25708377,0.58766586,121,0,0,unseen
1850587095,0.3278466,0.4163242,7,0,0,unseen
1850706912,0.27858204,0.9149618,837,1,4,unseen
1851061177,0.4079437,0.94655406,609,0,3,unseen
1851389175,0.57049227,0.9825608,830,140,219,unseen
1851393805,0.30144727,0.93011576,764,1,4,unseen
1854419820,0.19642957,0.3887086,14,0,0,unseen
1854696110,0.14828978,0.45993716,54,0,0,unseen
1856820042,0.1417095,0.68978,1036,0,0,unseen
1857143769,0.5877446,0.91246015,378,0,8,unseen
1857148391,0.30972087,0.80051535,205,0,0,unseen
1857799548,0.0481498,0.2628395,124,0,0,unseen
1857825571,0.31973132,0.94549155,929,0,7,unseen
1858171556,0.06050575,0.2273366,74,0,0,unseen
1858901026,0.36125544,0.90491986,713,0,4,unseen
1869282994,0.25705415,0.41844997,10,0,0,unseen
1869287638,0.22823094,0.39494762,43,0,0,unseen
1869287910,0.30241883,0.47852913,58,0,0,unseen
1870336977,0.48792228,0.838726,19,0,1,unseen
1870767995,0.14470099,0.42438638,43,0,0,unseen
1871031444,0.22781597,0.7721686,78,0,0,unseen
1871114028,0.16541216,0.552401,9,0,0,unseen
1872720467,0.2336579,0.83145213,235,1,5,unseen
1873086710,0.04031322,0.08519501,26,0,0,unseen
1873107977,0.36665586,0.7629094,126,0,1,unseen
1873353948,0.40550765,0.74578744,20,0,0,unseen
1873444990,0.14852178,0.48693985,408,0,0,unseen
1874035952,0.41811308,0.7975806,99,0,2,unseen
1874395413,0.15292662,0.36824384,21,0,0,unseen
1874467647,0.22586197,0.8456613,128,0,1,unseen
1874615577,0.14444,0.42532894,35,0,0,unseen
1874749571,0.39365605,0.9054392,25,0,2,unseen
1874782886,0.011463149,0.034113765,22,0,0,unseen
1875081952,0.3941317,0.7196174,16,0,0,unseen
1875090567,0.17311181,0.83845043,273,0,3,unseen
1875214597,0.13123071,0.57686365,959,0,0,unseen
1875460978,0.2821466,0.7518323,56,1,2,unseen
1875469390,0.33580756,0.8012362,80,2,3,unseen
1875836576,0.14631934,0.7259189,132,0,0,unseen
1876105544,0.61965233,0.9930166,175,3,16,unseen
1876147437,0.25977415,0.7491267,261,0,0,unseen
1876276621,0.1508081,0.6047642,148,0,0,unseen
1876449448,0.37333173,0.57009107,10,0,0,unseen
1876458307,0.40213916,0.87730694,11,0,1,unseen
1876466986,0.34871826,0.87089986,194,1,3,unseen
1876484146,0.29588756,0.8893735,283,0,3,unseen
1876492837,0.33300653,0.82697827,94,0,0,unseen
1876565477,0.20855229,0.46554536,50,0,0,unseen
1876803839,0.26998013,0.6628741,49,0,0,unseen
1876894387,0.51909184,0.8482228,118,0,4,unseen
1877217777,0.43647477,0.858105,129,0,1,unseen
1877231006,0.27442747,0.68356174,34,0,0,unseen
1877446436,0.35461998,0.6391892,26,0,0,unseen
1877468736,0.1450894,0.51324415,209,0,0,unseen
1877667406,0.045493104,0.165927,329,0,0,unseen
1877792679,0.5395526,0.868938,22,0,4,unseen
1878543927,0.2588536,0.66457313,85,0,0,unseen
1878845226,0.30863875,0.3984333,5,0,0,unseen
1878845629,0.4614599,0.63548666,9,0,0,unseen
1879877415,0.3971824,0.71800876,15,0,0,unseen
1880209425,0.3724738,0.6462174,23,0,0,unseen
1881401277,0.34952706,0.79655135,721,0,0,unseen
1882009576,0.32406348,0.5464038,335,0,0,unseen
1882083076,0.43797076,0.9013515,636,0,7,unseen
1882316655,0.12147486,0.4930635,106,0,0,unseen
1882321015,0.08198536,0.25359973,22,0,0,unseen
1883042152,0.29998162,0.7118807,88,0,0,unseen
1883442994,0.15523854,0.530581,200,0,0,unseen
1883443112,0.14816833,0.7654355,340,0,1,unseen
1883965316,0.37884578,0.55619687,19,0,0,unseen
1884625521,0.37958062,0.69314015,6,0,0,unseen
1885372956,0.29604334,0.89044,427,0,0,unseen
1885394331,0.12602285,0.4487238,93,0,0,unseen
1885394352,0.13938306,0.5665371,55,0,0,unseen
1885765762,0.20747222,0.6898748,344,0,0,unseen
1886132855,0.22840367,0.82730913,811,0,0,unseen
1887160257,0.16213281,0.44715682,273,0,0,unseen
1887163927,0.42881784,0.798935,505,1,8,unseen
1887872301,0.2908928,0.9436329,810,0,1,unseen
1888199872,0.06529207,0.32765067,70,0,0,both
1889253763,0.38550508,0.94310313,811,2,36,unseen
1901734051,0.23522057,0.56080663,45,0,0,unseen
1901816133,0.38466156,0.4827255,4,0,0,unseen
1902066682,0.26419243,0.80738133,282,0,0,unseen
1902364719,0.3677381,0.8388565,24,0,0,unseen
1902545801,0.27038363,0.51839745,14,0,0,unseen
1903866591,0.31169298,0.66697747,30,0,0,unseen
1904117126,0.504491,0.8386649,165,0,0,unseen
1904755969,0.27435133,0.56636953,17,0,0,unseen
1904885509,0.09722662,0.53521645,72,0,0,unseen
1905093552,0.3275194,0.5899141,22,0,0,unseen
1905114003,0.53551495,0.8984566,186,2,3,unseen
1905170140,0.32188913,0.5299786,12,0,0,unseen
1905852755,0.15176737,0.27954298,11,0,0,unseen
1906137714,0.41358995,0.8427268,173,0,2,unseen
1906159299,0.32277483,0.62980074,162,0,0,unseen
1906849446,0.28244564,0.65129256,36,0,0,unseen
1906871468,0.21692082,0.719439,477,0,0,unseen
1907501440,0.27770966,0.84707934,72,0,1,unseen
1907510214,0.36925668,0.76813257,122,0,0,unseen
1907518969,0.37139407,0.60027957,18,0,0,unseen
1907571222,0.41120562,0.7856018,81,0,1,unseen
1907578957,0.5270429,0.86661893,195,1,5,unseen
1907584319,0.4299569,0.80587023,77,0,3,unseen
1907924777,0.4403322,0.6315953,36,0,0,unseen
1907924846,0.29579917,0.6714568,267,0,0,unseen
1909707812,0.12345697,0.50712496,131,0,0,unseen
1910328899,0.2770403,0.7210302,172,0,0,unseen
1911219563,0.35473728,0.6948851,69,0,0,unseen
1912385114,0.29370156,0.66599137,67,0,0,unseen
1912725048,0.34142995,0.7810414,173,1,2,unseen
1913403687,0.08713041,0.21845303,15,0,0,unseen
1914460817,0.22627968,0.68765366,268,0,0,unseen
1914823337,0.5806871,0.94147235,536,0,38,unseen
1914823414,0.44382706,0.930032,508,0,6,unseen
1915159759,0.12426125,0.55961055,186,0,0,unseen
1916093108,0.117929086,0.35936964,65,0,0,unseen
1916424979,0.2903096,0.6171716,59,0,0,unseen
1916428879,0.13005649,0.49366602,27,0,0,unseen
1916485259,0.14952716,0.48659173,267,0,0,unseen
1916727506,0.17329027,0.37929636,7,0,0,unseen
1916800213,0.042286057,0.22980526,144,0,0,neg_only
1917767850,0.25551048,0.6025746,21,0,0,unseen
1920590638,0.14945605,0.26735428,12,0,0,neg_only
1931331793,0.3288158,0.59260195,21,0,0,unseen
1931693857,0.25155076,0.4284894,140,0,0,unseen
1931693938,0.24518152,0.46231243,212,0,0,unseen
1931694294,0.23732659,0.44860333,220,0,0,unseen
1931698878,0.23981446,0.43995732,90,0,0,unseen
1932493302,0.1364997,0.41738382,19,0,0,unseen
1932553362,0.2633485,0.46376342,6,0,0,unseen
1932747064,0.15753196,0.5300915,221,0,0,unseen
1932816628,0.4053054,0.7312697,47,0,0,unseen
1933239990,0.24340439,0.6064268,13,0,0,unseen
1933429987,0.5650798,0.8991374,132,0,0,unseen
1933433614,0.19331598,0.6332389,137,0,0,unseen
1933528669,0.39911348,0.5796426,7,0,0,unseen
1933528749,0.41390845,0.5794655,7,0,0,unseen
1933563873,0.25781998,0.28382942,2,0,0,unseen
1933576833,0.24927719,0.57930773,15,0,0,unseen
1933869902,0.21990082,0.50098956,66,0,0,unseen
1934133595,0.2355431,0.5250087,46,0,0,unseen
1934210394,0.19739264,0.2897234,3,0,0,unseen
1934694082,0.566451,0.8682595,242,0,3,unseen
1934737876,0.4014004,0.7559826,30,0,0,unseen
1934768198,0.4361694,0.8472489,32,0,0,unseen
1935113207,0.36413082,0.789493,18,0,0,unseen
1935813134,0.46426818,0.9007551,32,0,0,unseen
1935821486,0.5017436,0.9803129,187,0,0,unseen
1935843067,0.3992063,0.78274167,99,0,0,unseen
1935972306,0.24518314,0.5519931,107,0,0,unseen
1937258605,0.20728616,0.78481627,76,0,0,unseen
1937875810,0.39127025,0.8107339,193,0,2,unseen
1937879935,0.33751082,0.65854627,96,0,0,unseen
1938009696,0.16455397,0.44697297,75,0,0,unseen
1938175243,0.20018244,0.54555696,278,0,0,unseen
1938195143,0.35161802,0.8874747,205,0,0,unseen
1938207942,0.41180634,0.68998474,113,0,0,unseen
1938830923,0.37031755,0.680017,24,0,0,unseen
1938955067,0.2987689,0.43251002,9,0,0,unseen
1939543295,0.4848195,0.91021687,20,2,3,unseen
1939887371,0.4913735,0.76043034,109,0,0,unseen
1940069053,0.1864211,0.5843343,182,0,0,unseen
1940557189,0.47866073,0.9226061,191,0,0,unseen
1943147567,0.3381934,0.7209856,79,5,16,unseen
1943713249,0.17717631,0.6277398,283,0,0,unseen
1943811736,0.32937935,0.8211695,604,0,0,unseen
1943950268,0.18535154,0.50019956,39,0,0,unseen
1944507292,0.5326094,0.90422565,474,1,3,unseen
1944705325,0.31124353,0.56322104,65,0,0,unseen
1946178096,0.047894895,0.20973815,211,0,0,unseen
1947468557,0.21122754,0.65378493,323,0,0,unseen
1951971057,0.16400231,0.66382194,245,0,0,unseen
1962828235,0.18644442,0.3019226,14,0,0,unseen
1963070366,0.24956292,0.4769486,194,0,0,unseen
1963523237,0.15094723,0.23072377,7,0,0,unseen
1963869286,0.3681987,0.3683752,2,0,0,unseen
1964904882,0.3908136,0.57216716,7,0,0,unseen
1964921972,0.29207885,0.8000511,508,0,0,unseen
1965245693,0.3852558,0.6264478,9,0,0,unseen
1965245767,0.3159509,0.42237285,2,0,0,unseen
1965245797,0.39852068,0.46870834,3,0,0,unseen
1965254114,0.4023123,0.7294788,13,0,1,unseen
1965254251,0.1718986,0.6430228,277,0,0,unseen
1965487934,0.40079096,0.8508952,34,0,0,unseen
1965590743,0.2254839,0.71328235,240,0,0,unseen
1965927721,0.3401815,0.512087,6,0,0,unseen
1966174797,0.43460605,0.8916773,129,0,0,unseen
1966860704,0.48323295,0.9703123,128,7,19,unseen
1966864706,0.5189342,0.89844656,167,0,0,unseen
1967537971,0.5071259,0.89985514,14,1,3,unseen
1967854158,0.31370768,0.758313,19,0,0,unseen
1968548221,0.30076197,0.7784174,12,0,0,unseen
1968872215,0.514267,0.83474773,173,0,0,unseen
1968877434,0.20648485,0.60292894,188,0,0,unseen
1968889019,0.39295837,0.8476662,139,0,0,unseen
1969222604,0.2683866,0.7444977,11,0,0,unseen
1969757097,0.14092612,0.14759724,2,0,0,unseen
1970698685,0.17993605,0.5682342,185,0,0,unseen
1970707631,0.15181947,0.5801961,154,0,0,unseen
1970728299,0.24724415,0.5276331,10,0,0,unseen
1971052935,0.1803656,0.44004792,139,0,0,unseen
1973509167,0.23838781,0.59033287,22,0,0,unseen
1975149801,0.13419688,0.21694534,10,0,0,unseen
1975187554,0.1844758,0.74316126,788,0,0,unseen
1975187675,0.25608125,0.776054,653,0,0,unseen
1976565858,0.31023422,0.63092226,19,0,1,unseen
1977800169,0.30225202,0.45721805,10,0,0,unseen
1978481984,0.14023449,0.35469893,53,0,0,unseen
1978573010,0.16786821,0.628618,323,0,0,pos_only
1993773111,0.2343274,0.42374083,198,0,0,unseen
1994104774,0.31459373,0.4759302,27,0,0,unseen
1994113270,0.30954364,0.48706344,10,0,0,unseen
1995516734,0.23314418,0.60909534,111,0,0,unseen
1995598377,0.23192322,0.54705036,20,0,0,unseen
1995658740,0.10171292,0.1439678,4,0,0,unseen
1995858223,0.27339286,0.6844036,163,0,0,unseen
1995861983,0.21309248,0.91303116,411,0,0,unseen
1996190954,0.4345401,0.8455336,29,0,1,unseen
1996202685,0.29181018,0.952588,560,2,6,unseen
1996276320,0.26139045,0.41938397,7,0,0,unseen
1996522484,0.36076257,0.76899457,22,0,0,unseen
1996536055,0.52211994,0.92283225,123,0,0,unseen
1996625849,0.4113338,0.46945265,3,0,0,unseen
1997196747,0.38621217,0.84290016,21,0,0,unseen
1997230776,0.34688184,0.54385704,19,0,0,unseen
1998176218,0.40193346,0.87561595,11,0,0,unseen
1998250011,0.42405364,0.7729746,156,0,0,unseen
1998918602,0.2819479,0.47963035,4,0,0,unseen
1999583364,0.33182544,0.678713,27,0,0,unseen
1999587615,0.45467514,0.8758342,25,1,2,unseen
2000265159,0.33417946,0.5644607,29,0,0,unseen
2000791629,0.15477154,0.4312117,12,0,0,unseen
2001461914,0.23837824,0.5272806,282,0,0,unseen
2002022447,0.29823044,0.6156558,30,0,0,unseen
2002976113,0.5483717,0.9558564,113,1,2,unseen
2003486429,0.124732606,0.41895798,34,0,0,unseen
2003986785,0.450892,0.80558103,63,0,0,unseen
2006222555,0.32046226,0.7092777,303,0,0,unseen
2006845047,0.34591058,0.6791256,19,0,0,unseen
2007068523,0.6502745,0.9596226,177,0,3,unseen
2007578510,0.38152766,0.6683468,17,0,1,unseen
2009184596,0.09652596,0.2565789,15,0,0,unseen
2009861709,0.16148353,0.42898107,11,0,0,unseen
2010992546,0.5040688,0.9351938,510,0,7,unseen
2013333009,0.22208847,0.64907706,149,0,0,unseen
2024465996,0.25813428,0.47606057,115,0,0,unseen
2024470697,0.31820983,0.44557178,25,0,0,unseen
2025140249,0.27602482,0.5151788,93,0,0,unseen
2025480565,0.2409772,0.46044612,201,0,0,unseen
2025506989,0.36345926,0.72335684,29,0,0,unseen
2026896672,0.25074643,0.79347444,74,0,0,unseen
2027609500,0.18883757,0.46795884,17,0,0,unseen
2027880999,0.1890074,0.70567983,130,0,0,unseen
2027912072,0.3794711,0.6556353,20,0,0,unseen
2028261229,0.46874797,0.9279281,124,2,9,unseen
2028261424,0.43011785,0.8596665,155,0,0,unseen
2028339038,0.379366,0.45478314,3,0,0,unseen
2028675274,0.23177247,0.5356732,34,0,0,unseen
2028675474,0.33181182,0.7536102,436,0,1,unseen
2029345079,0.2511489,0.8482988,965,0,0,unseen
2029893828,0.6307726,0.8731867,13,2,6,unseen
2030701241,0.38979498,0.90214676,232,0,1,unseen
2031279383,0.5259234,0.91187054,145,0,0,unseen
2031697802,0.35608616,0.62123424,28,0,0,unseen
2032301858,0.33337688,0.5331643,41,0,0,unseen
2032496018,0.24875624,0.4340092,36,0,0,unseen
2032815879,0.15934864,0.5774611,14,0,0,unseen
2033393885,0.39699578,0.6959479,42,0,0,unseen
2033503245,0.21064574,0.53357786,283,0,0,unseen
2034477252,0.33340427,0.9108457,663,0,2,unseen
2034516836,0.14544062,0.44657055,208,0,0,unseen
2036131300,0.19010562,0.682525,331,0,0,unseen
2036178921,0.15197235,0.6003285,38,0,0,unseen
2036878120,0.17503645,0.33410707,14,0,0,unseen
2038617453,0.35279927,0.79596484,258,0,0,unseen
2039273648,0.17965488,0.53618723,248,0,0,unseen
2039878254,0.22549641,0.54010105,10,0,0,unseen
2040301572,0.21236496,0.6355027,256,0,0,neg_only
2040871009,0.2304132,0.54652977,246,0,0,unseen
2041255721,0.19759381,0.510697,149,0,0,unseen
2041993364,0.111666545,0.28212586,63,0,0,unseen
2055493046,0.25819513,0.6176022,94,0,0,unseen
2055807838,0.30115566,0.6354695,90,0,0,unseen
2055859601,0.22241277,0.41362345,39,0,0,unseen
2056179387,0.27925938,0.4173932,55,0,0,unseen
2056516383,0.31481186,0.45566508,56,0,0,unseen
2057219937,0.11560074,0.7913308,262,0,0,unseen
2058273371,0.24746558,0.7589905,229,0,0,unseen
2058954777,0.38846284,0.7884827,26,0,0,unseen
2059282786,0.3421882,0.6745495,12,0,0,unseen
2059295981,0.56702024,0.9383305,169,0,0,unseen
2059611420,0.30429336,0.63726544,88,0,0,unseen
2059645808,0.2592805,0.52184165,206,0,0,unseen
2060285444,0.4388844,0.85506827,18,0,0,unseen
2060406525,0.1052687,0.14132719,4,0,0,unseen
2061028219,0.28351516,0.8317034,76,0,0,unseen
2061316365,0.4348825,0.8823121,61,0,0,unseen
2062386720,0.28971213,0.6115917,33,0,0,unseen
2062391233,0.35749537,0.8252812,21,0,1,unseen
2062404496,0.11647399,0.47224337,127,0,0,unseen
2062780103,0.17135175,0.52568644,214,0,0,unseen
2063691268,0.49688807,0.8596788,10,0,0,unseen
2064040033,0.45315278,0.84940416,155,0,0,unseen
2064040127,0.5068636,0.96008193,141,0,0,unseen
2064040742,0.5295003,0.9145151,78,0,0,unseen
2065034289,0.4603819,0.88419676,15,0,0,unseen
2065814899,0.19438699,0.6277404,189,0,0,unseen
2067153349,0.18322119,0.4857586,148,0,0,unseen
2068801704,0.611506,0.92822665,207,0,0,unseen
2068845394,0.30713803,0.8779849,217,0,0,unseen
2069644133,0.4237613,0.7937032,268,0,0,unseen
2069652905,0.05322774,0.30659822,213,0,0,neg_only
2071915317,0.20820911,0.36987102,8,0,0,unseen
2071949565,0.20629431,0.46719888,115,0,0,unseen
2072950822,0.31829616,0.7855069,82,0,0,unseen
2086540253,0.32888526,0.4308021,28,0,0,unseen
2087213841,0.28889883,0.47342178,111,0,0,unseen
2087870450,0.2642013,0.48186108,206,0,0,unseen
2088285029,0.44668776,0.72090155,89,0,2,unseen
2088629661,0.13986005,0.48119584,202,0,0,unseen
2089653445,0.29908273,0.9234353,106,0,2,unseen
2090681039,0.4143589,0.87273747,141,0,0,unseen
2091078020,0.20984465,0.47774023,159,0,0,unseen
2091690899,0.2669684,0.7743779,137,0,1,unseen
2091721670,0.2513351,0.8427645,14,0,0,unseen
2092019182,0.5618958,0.8580637,125,0,0,unseen
2093361647,0.37376454,0.8200244,9,0,0,unseen
2094186530,0.21604554,0.46841675,58,0,0,unseen
2094381099,0.4596147,0.7580165,110,0,0,unseen
2094811506,0.320497,0.75600857,88,0,0,unseen
2094881374,0.10164229,0.19636628,13,0,0,unseen
2095481215,0.290425,0.7345255,106,0,0,unseen
2095498288,0.29960382,0.57605493,42,0,0,unseen
2095549849,0.2512117,0.78330654,275,0,1,neg_only
2096500397,0.31876114,0.71522486,105,0,0,unseen
2096909882,0.150787,0.44836777,69,0,0,unseen
2096909915,0.19708969,0.76030546,11,0,0,unseen
2096914200,0.15568572,0.6083339,16,0,0,unseen
2096914329,0.19250949,0.6681954,10,0,0,unseen
2096914331,0.19433859,0.75111663,16,0,0,unseen
2099889350,0.19902071,0.511705,28,0,0,unseen
2100010400,0.27507025,0.71575576,236,0,0,unseen
2100916607,0.20224902,0.27256197,5,0,0,unseen
2100916614,0.50522447,0.91635793,94,0,0,unseen
2101339904,0.21780087,0.5600852,232,0,0,unseen
2101348562,0.26937994,0.5987871,84,0,0,unseen
2101935020,0.1949253,0.4631927,113,0,0,unseen
2102613062,0.24940924,0.43152395,6,0,0,unseen
2102962866,0.23832043,0.44339165,10,0,0,unseen
2102984578,0.36079395,0.9134,59,0,0,unseen
2103645198,0.20001669,0.4965642,53,0,0,unseen
2105086391,0.05268119,0.21648812,192,0,0,unseen
2117545327,0.25362006,0.47327402,121,0,0,unseen
2117916890,0.30819368,0.4458669,19,0,0,unseen
2117929003,0.31189805,0.4957703,27,0,0,unseen
2118913664,0.22507368,0.43385702,204,0,0,unseen
2119272595,0.39612025,0.82884455,238,0,7,unseen
2119985101,0.41910964,0.7861275,10,0,0,unseen
2121685030,0.3042697,0.68052506,140,0,0,unseen
2121690154,0.2726832,0.69960237,137,0,0,unseen
2121707030,0.38169533,0.8484596,126,0,0,unseen
2121711447,0.49556568,0.8806946,169,0,3,unseen
2121719944,0.31859508,0.5729355,35,0,0,unseen
2122026858,0.54073477,0.85419697,62,6,15,unseen
2122073810,0.21152827,0.83758765,210,1,2,unseen
2122761005,0.19381788,0.7423108,305,0,1,unseen
2123058597,0.35361993,0.5417981,19,0,0,unseen
2123719053,0.4346936,0.8943313,24,0,1,unseen
2126183507,0.20512442,0.5411383,59,0,0,unseen
2126857473,0.3229663,0.73507965,101,0,0,unseen
2126866046,0.1259003,0.39794743,80,0,0,unseen
2126943304,0.22651976,0.6313697,426,0,0,unseen
2127949176,0.15779644,0.5007846,91,0,0,unseen
2128191566,0.30248225,0.47659764,11,0,0,unseen
2132210365,0.3171342,0.4327148,12,0,0,unseen
2132375072,0.19256707,0.54939497,138,0,0,unseen
2133332515,0.23537216,0.5094116,52,0,0,unseen
2134667506,0.3328678,0.61594844,23,0,0,unseen
2135016054,0.21929334,0.45294982,12,0,0,unseen
2135020850,0.58708626,0.9163668,89,0,0,unseen
2135408892,0.0682462,0.31153893,230,0,0,both
2153083787,0.4210513,0.870783,76,0,0,unseen
2153377173,0.49486396,0.82965183,24,0,2,unseen
2153842789,0.35706687,0.6636623,40,0,0,unseen
2154442557,0.25576124,0.56700695,83,0,0,unseen
2154767014,0.4329104,0.9115676,103,0,0,unseen
2155505207,0.27236995,0.33449736,5,0,0,unseen
2155574077,0.115455255,0.26763633,14,0,0,unseen
2155833665,0.3404233,0.6976454,68,0,0,unseen
2155915107,0.25321463,0.6610909,6,0,0,unseen
2156873528,0.2970022,0.59919554,75,0,0,unseen
2157555663,0.41961405,0.68782973,41,0,0,unseen
2157641190,0.3887017,0.8152865,382,0,1,unseen
2157988001,0.39999673,0.8625387,456,0,0,unseen
2158979725,0.13392918,0.56289685,190,0,0,unseen
2160271244,0.33163443,0.86053365,177,0,0,unseen
2166042084,0.20302467,0.4029805,62,0,0,unseen
2179731270,0.53975964,0.89031553,39,4,11,unseen
2181048794,0.5213983,0.91728467,112,0,0,unseen
2183439862,0.37999994,0.59966886,37,0,0,unseen
2183777296,0.29174742,0.76244354,166,0,2,unseen
2184147734,0.2707646,0.6397243,178,0,0,unseen
2184838726,0.29036495,0.8360578,246,2,11,unseen
2185140938,0.4613164,0.7628654,10,0,0,unseen
2185189361,0.13497005,0.4957679,12,0,0,unseen
2185460817,0.36353147,0.6199351,12,0,0,unseen
2185481747,0.2759661,0.7427354,61,0,0,unseen
2186155295,0.56641966,0.9319666,131,0,1,unseen
2186837387,0.5099927,0.90678126,21,0,1,unseen
2188585641,0.23840415,0.5735057,40,0,0,unseen
2188590741,0.14902739,0.314147,23,0,0,unseen
2190359821,0.27866238,0.47962984,5,0,0,unseen
2190537640,0.6352527,0.7134659,2,0,0,unseen
2211328315,0.22371984,0.4415488,166,0,0,unseen
2211443902,0.23555222,0.47923434,25,0,0,unseen
2212825480,0.17383558,0.2739337,16,0,0,unseen
2214846055,0.37790814,0.89058703,211,0,1,unseen
2215187378,0.27949193,0.41744936,6,0,0,unseen
2215808978,0.40426427,0.59805834,9,0,0,unseen
2216154941,0.46513164,0.6695029,81,0,3,unseen
2216159577,0.4175095,0.7090146,8,0,0,unseen
2217868424,0.32737315,0.37021792,3,0,0,unseen
2218213100,0.43005612,0.6249417,12,0,0,unseen
2219656107,0.26815748,0.7746695,145,0,0,unseen
2220920100,0.2222686,0.5592479,67,0,0,unseen
2221053439,0.122943364,0.3579005,164,0,0,unseen
2223778713,0.2127131,0.3962531,10,0,0,unseen
2225401500,0.16630122,0.36576527,17,0,0,unseen
2227097833,0.27838355,0.5812216,130,0,0,unseen
2242759530,0.30622676,0.5974385,120,0,0,unseen
2244482994,0.40983018,0.6253924,21,0,0,unseen
2244823763,0.3633229,0.89862776,84,0,0,unseen
2245501457,0.31007546,0.68936145,58,0,0,unseen
2246861609,0.3654149,0.7524882,123,0,0,unseen
2247535548,0.2896832,0.60236967,93,0,0,unseen
2248587492,0.3647572,0.8955288,20,0,1,unseen
2249597588,0.2690652,0.7302978,60,0,0,unseen
2249645744,0.40782905,0.63327456,39,0,0,unseen
2251593112,0.38303477,0.7941108,13,0,1,unseen
2256863785,0.24416539,0.5349172,68,0,0,unseen
2273445006,0.2330731,0.380615,36,0,0,unseen
2278224718,0.44485775,0.9316534,81,0,1,unseen
2278253799,0.47475922,0.722295,11,0,0,unseen
2279282060,0.51843524,0.9337164,85,0,0,unseen
2279285729,0.4840879,0.8096946,26,0,0,unseen
2281638999,0.40531212,0.5018081,2,0,0,unseen
2282661752,0.5963319,0.9164615,54,0,0,unseen
2289223313,0.3187765,0.899652,438,0,5,unseen
2304829857,0.22081672,0.48452955,98,0,0,unseen
2308952361,0.30309045,0.5862413,15,0,0,unseen
2309297883,0.41858605,0.62276125,11,0,0,unseen
2310688605,0.23532006,0.45346192,38,0,0,unseen
2314801962,0.20364188,0.3804996,49,0,0,unseen
2337578051,0.27512193,0.67419773,115,0,0,unseen
2337582623,0.3015678,0.5693913,26,0,0,unseen
2339650329,0.544959,0.9085205,22,0,0,unseen
2339953253,0.5033703,0.92329144,85,0,0,unseen
2340673987,0.24228849,0.689989,177,0,1,unseen
2340674025,0.48546904,0.6243647,5,0,0,unseen
2341653659,0.47255072,0.88017434,108,0,0,unseen
2343038967,0.4387845,0.8076929,91,0,0,unseen
2349505897,0.09709206,0.46032026,723,0,0,unseen
2369619281,0.3205768,0.62723553,129,0,0,unseen
2372696804,0.32747614,0.48355252,18,0,0,unseen
2372735820,0.5133763,0.6586148,2,0,0,unseen
2374744103,0.6454271,0.8362006,6,0,0,unseen
2376180863,0.21693966,0.5592516,364,0,0,unseen
2398215718,0.3331556,0.6167654,92,0,0,unseen
2399661379,0.30418712,0.584891,130,0,0,unseen
2429314661,0.22776973,0.375402,122,0,0,unseen
2431693514,0.25877404,0.42283362,73,0,0,unseen
2435820808,0.32231173,0.38720617,4,0,0,unseen
2462110671,0.47098234,0.7855148,26,0,0,unseen
2462788390,0.27429977,0.63617724,120,0,0,unseen
2527677438,0.37896085,0.6912039,97,0,0,unseen
5812978907,0.29867953,0.7695105,1222,0,1,unseen
5812978978,0.06331702,0.37599352,230,0,0,pos_only
5812978981,0.12886183,0.5523291,1108,0,0,unseen
5812979015,0.28843787,0.8449327,898,0,0,unseen
5812979069,0.23514922,0.7592143,949,0,0,unseen
5812979119,0.3196906,0.7201458,981,0,0,unseen
5812979121,0.367377,0.7953155,840,0,2,unseen
5812979128,0.30672312,0.7139324,898,0,0,unseen
5812979133,0.39279222,0.8623688,1006,0,0,unseen
5812979139,0.37963846,0.7662385,884,0,0,unseen
5812979156,0.30118313,0.7639924,383,0,0,pos_only
5812979172,0.24041162,0.5365839,260,0,0,unseen
5812979175,0.22269063,0.8262853,878,0,0,unseen
5812979177,0.5353953,0.94143534,920,1,7,unseen
5812979191,0.4234349,0.85822654,963,0,0,unseen
5812979196,0.36346287,0.7332196,847,0,1,unseen
5812979222,0.085415564,0.60682315,310,0,0,unseen
5812979326,0.32804242,0.8396805,921,0,0,unseen
5812979371,0.27481532,0.86673135,1078,0,0,unseen
5812979532,0.48512694,0.8904707,892,0,3,unseen
5812979560,0.35265374,0.6618418,232,0,0,unseen
5812979815,0.09059003,0.5718278,103,0,0,unseen
5812979935,0.34321076,0.7796265,291,0,0,unseen
5812979948,0.37441474,0.9162253,375,0,0,unseen
5812979953,0.17144352,0.8146479,856,0,0,unseen
5812979995,0.2267266,0.517331,800,0,0,unseen
5812980006,0.21439116,0.44126815,345,0,0,unseen
5812980021,0.1878715,0.7537815,701,0,0,unseen
5812980022,0.2546422,0.8013481,958,0,0,unseen
5812980047,0.64447486,0.91691405,100,0,0,unseen
5812980142,0.1287371,0.32845497,329,0,0,unseen
5812980147,0.1646798,0.7470305,684,0,0,unseen
5812980156,0.18748052,0.4810086,78,0,0,unseen
5812980164,0.16004753,0.3607911,763,0,0,unseen
5812980179,0.48599783,0.91957754,1066,0,1,unseen
5812980192,0.39940366,0.88769394,1129,0,0,unseen
5812980209,0.37727967,0.83662415,1149,0,0,unseen
5812980219,0.42633578,0.8357534,1090,0,0,unseen
5812980220,0.4100973,0.84057814,1134,0,0,unseen
5812980250,0.05911989,0.21215652,307,0,0,unseen
5812980256,0.15216467,0.4480147,599,0,0,unseen
5812980257,0.07551344,0.56755435,173,0,0,unseen
5812980270,0.19663332,0.50451785,13,0,0,unseen
5812980272,0.2840779,0.5209176,186,0,0,unseen
5812980273,0.33734652,0.6771283,129,0,0,unseen
5812980282,0.30869028,0.56115466,205,0,0,unseen
5812980289,0.36815,0.663005,329,0,0,unseen
5812980291,0.08898742,0.41930172,346,0,0,unseen
5812980299,0.126202,0.5960269,253,0,0,unseen
5812980326,0.12540653,0.41017786,334,0,0,unseen
5812980329,0.32569602,0.56841815,14,0,0,unseen
5812980330,0.40181983,0.8155768,576,0,0,unseen
5812980351,0.5267124,0.9253802,1074,0,0,unseen
5812980369,0.6055449,0.9423163,847,16,91,unseen
5812980378,0.35839206,0.8491051,1118,0,0,unseen
5812980408,0.5304319,0.94292617,1095,0,1,unseen
5812980426,0.4781896,0.9301271,1132,0,0,unseen
5812980444,0.42459834,0.8811816,1135,0,0,unseen
5812980456,0.55355376,0.92167443,370,0,1,unseen
5812980470,0.23062097,0.7178479,417,0,0,unseen
5812980483,0.09701329,0.68246925,403,0,0,unseen
5812980485,0.08223811,0.24538358,89,0,0,unseen
5812980494,0.34593174,0.8260194,1141,0,1,unseen
5812980501,0.13086078,0.58609784,393,0,0,unseen
5812980507,0.12283123,0.66091204,319,0,0,unseen
5812980514,0.09919153,0.54925126,991,0,0,unseen
5812980516,0.28893936,0.8103057,677,0,0,unseen
5812980529,0.081811614,0.2944394,235,0,0,pos_only
5812980537,0.2558272,0.80169487,976,0,0,unseen
5812980555,0.4682189,0.9059966,1139,0,0,unseen
5812980566,0.52525556,0.9439579,1060,0,16,unseen
5812980567,0.33854172,0.6648547,1099,0,0,unseen
5812980569,0.44711027,0.8697592,1085,0,0,unseen
5812980590,0.5096838,0.9092987,1099,0,0,unseen
5812980593,0.43958214,0.8462103,1145,0,0,unseen
5812980594,0.39221558,0.8436916,1136,0,0,unseen
5812980600,0.5561878,0.92760754,909,0,3,unseen
5812980624,0.5455295,0.89856577,1080,0,0,unseen
5812980638,0.33868262,0.80637604,1084,0,0,unseen
5812980647,0.18756768,0.6565073,322,0,0,unseen
5812980658,0.17314099,0.6835362,509,0,0,unseen
5812980666,0.20064336,0.5174106,788,0,0,unseen
5812980732,0.1349934,0.37486666,275,0,0,unseen
5812980742,0.1641029,0.4751989,966,0,0,unseen
5812980745,0.40947843,0.82713974,617,0,1,unseen
5812980746,0.26315385,0.5026319,320,0,0,pos_only
5812980747,0.19056445,0.5846598,973,0,0,unseen
5812980811,0.44952434,0.9159463,1018,0,0,unseen
5812980824,0.09947745,0.42285037,198,0,0,unseen
5812980825,0.43959457,0.67631435,75,0,0,unseen
5812980880,0.22540203,0.44572118,109,0,0,unseen
5812980884,0.088469476,0.4650112,1051,0,0,unseen
5812980916,0.40513277,0.7868354,338,0,0,unseen
5812980934,0.20657867,0.8587884,974,0,0,unseen
5812980938,0.4883788,0.9408759,1098,0,0,unseen
5812980940,0.50886136,0.92335886,1090,2,20,unseen
5812980944,0.5852563,0.96550024,1098,24,136,unseen
5812980965,0.56208444,0.92205375,1097,0,3,unseen
5812980973,0.29649588,0.8419279,900,0,0,unseen
5812981000,0.078857176,0.44491273,331,0,0,unseen
5812981009,0.09251526,0.5747328,781,0,0,unseen
5812981038,0.30451545,0.8991287,1060,0,0,unseen
5812981046,0.4291844,0.7516677,899,0,0,unseen
5812981068,0.5287422,0.8147446,891,0,0,unseen
5812981086,0.37369516,0.933575,1124,0,0,unseen
5812981104,0.6180219,0.9410467,1048,22,121,unseen
5812981106,0.45635688,0.8913226,1060,0,0,unseen
5812981141,0.37260622,0.87669855,1058,0,0,unseen
5812981153,0.47312307,0.9122672,988,3,11,unseen
5812981154,0.35547674,0.8256752,1064,0,0,unseen
5812981164,0.57230926,0.89444846,833,0,6,unseen
5812981168,0.42978847,0.7504662,278,0,0,unseen
5812981237,0.070668906,0.43189052,622,0,0,unseen
5812981242,0.39063242,0.7528276,888,0,0,unseen
5812981249,0.40604568,0.777016,333,0,0,unseen
5812981250,0.21020462,0.6232631,720,0,0,unseen
5812981264,0.3433862,0.7113665,361,0,0,pos_only
5812981275,0.56617624,0.8788404,859,0,0,unseen
5812981277,0.356504,0.9318781,1100,0,1,unseen
5812981290,0.34547055,0.8026238,1102,0,0,unseen
5812981318,0.35669664,0.81100243,951,0,0,unseen
5812981327,0.3673208,0.9034352,1090,1,4,unseen
5812981332,0.456615,0.7490936,874,0,0,unseen
5812981333,0.48454595,0.8899755,899,0,0,unseen
5812981340,0.4763847,0.92898786,921,1,4,unseen
5812981348,0.52947617,0.8722362,966,0,4,unseen
5812981361,0.40649575,0.80019444,868,0,0,unseen
5812981373,0.44746456,0.89976287,1100,0,0,unseen
5812981379,0.44505033,0.9073721,1046,0,0,unseen
5812981401,0.35690144,0.8886593,1055,0,1,unseen
5812981460,0.124836154,0.51612633,59,0,0,unseen
5812981467,0.35159117,0.88025117,1054,0,1,unseen
5812981506,0.1987334,0.7443604,349,0,0,unseen
5812981522,0.23021162,0.5362541,840,0,0,unseen
5812981543,0.26416552,0.69219583,456,0,0,unseen
5812981569,0.43596107,0.88109994,873,0,0,unseen
5812981578,0.3562419,0.8698146,1101,0,0,unseen
5812981581,0.33954415,0.9341246,1065,0,1,unseen
5812981582,0.46041304,0.93735737,1059,0,2,unseen
5812981590,0.317512,0.9463658,1087,1,1,unseen
5812981618,0.48030692,0.9399272,1122,0,17,unseen
5812981643,0.45244718,0.8793767,1086,0,0,unseen
5812981670,0.54079497,0.909587,1072,0,0,unseen
5812981671,0.5375778,0.9081683,1047,0,0,unseen
5812981690,0.54377264,0.9533183,1100,1,22,unseen
5812981734,0.051316082,0.5071172,245,0,0,unseen
5812981735,0.054891746,0.5702558,257,0,0,unseen
5812981753,0.24760687,0.7264531,873,0,0,unseen
5812981796,0.35753238,0.8219852,1098,0,0,unseen
5812981797,0.4108508,0.8791167,1085,0,0,unseen
5812981800,0.4140873,0.9053909,1077,0,1,unseen
5812981816,0.43457666,0.81951344,1158,0,0,unseen
5812981840,0.26303133,0.6726571,639,0,0,unseen
5812981858,0.37359554,0.862809,1072,0,0,unseen
5812981895,0.09016162,0.48214737,210,0,0,unseen
5812981950,0.37788442,0.87645614,1072,0,0,unseen
5812981960,0.4647448,0.8134633,856,0,0,unseen
5812981971,0.5156186,0.9356628,1069,1,9,unseen
5812981989,0.38708478,0.84382534,898,2,5,unseen
5812981990,0.36202124,0.9238461,1054,0,2,unseen
5812982000,0.447509,0.837006,959,0,1,unseen
5812982011,0.28356966,0.7757213,423,0,0,unseen
5812982039,0.09161023,0.39815068,325,0,0,unseen
5812982052,0.20735496,0.43329775,337,0,0,unseen
5812982088,0.4748546,0.8167119,854,0,0,unseen
5812982091,0.25439692,0.6514272,358,0,0,unseen
5812982118,0.4061371,0.72458446,447,0,0,unseen
5812982120,0.3579059,0.74200696,567,0,0,unseen
5812982125,0.28014266,0.65914464,387,0,0,unseen
5812982145,0.38935265,0.83431304,1107,0,0,unseen
5812982149,0.39948487,0.86377233,1092,0,0,unseen
5812982168,0.419983,0.8995397,1076,1,2,unseen
5812982177,0.46503064,0.8821338,1144,0,0,unseen
5812982192,0.55784637,0.9457675,1087,4,24,unseen
5812982278,0.13349047,0.38492784,337,0,0,unseen
5812982316,0.56414944,0.9024747,1007,0,0,unseen
5812982324,0.1612065,0.4211421,311,0,0,unseen
5812982329,0.536015,0.8610483,892,0,0,unseen
5812982350,0.5505044,0.87246,839,0,0,unseen
5812982371,0.30901814,0.8870606,999,0,0,unseen
5812982374,0.45411953,0.9201682,1101,0,0,unseen
5812982388,0.5513621,0.8966143,1031,0,0,unseen
5812982397,0.44886568,0.87076366,1109,0,0,unseen
5812982422,0.3743695,0.861802,932,0,8,unseen
5812982429,0.47425693,0.88004,1108,0,0,unseen
5812982436,0.3002857,0.9025983,981,0,1,unseen
5812982442,0.27350047,0.79097724,872,0,0,unseen
5812982470,0.584188,0.9456108,1106,1,27,unseen
5812982490,0.4359395,0.88702154,1068,0,0,unseen
5812982492,0.456594,0.8012157,978,0,0,unseen
5812982505,0.38225806,0.8638175,1005,0,0,unseen
5812982514,0.39770627,0.91516376,1123,0,0,unseen
5812982521,0.49233148,0.93989444,1059,0,1,unseen
5812982529,0.34436843,0.94649416,1081,4,17,unseen
5812982532,0.47405896,0.8740589,894,0,0,unseen
5812982577,0.35159928,0.8768658,995,0,4,unseen
5812982578,0.41476429,0.8417002,974,0,2,unseen
5812982589,0.29645815,0.898085,1035,0,0,unseen
5812982602,0.47880867,0.8567136,993,0,1,unseen
5812982632,0.2090474,0.8946785,598,0,0,unseen
5812982656,0.19334099,0.7896542,824,0,1,neg_only
5812982668,0.31615877,0.7847447,1004,0,1,unseen
5812982685,0.06579811,0.34054685,689,0,0,unseen
5812982694,0.46666956,0.8568326,955,0,0,unseen
5812982706,0.51056015,0.8698216,893,0,0,unseen
5812982725,0.5188508,0.85974795,890,0,0,unseen
5812982760,0.4985446,0.86829966,1085,0,0,unseen
5812982779,0.33895633,0.7248619,362,0,0,pos_only
5812982780,0.4014083,0.81809413,1069,0,0,unseen
5812982782,0.34411842,0.84533846,1141,0,0,unseen
5812982802,0.46442857,0.88728344,1133,0,0,unseen
5812982803,0.30372578,0.7962924,883,0,1,unseen
5812982823,0.49118173,0.8369849,905,0,0,unseen
5812982825,0.23189822,0.8278773,1034,0,0,unseen
5812982826,0.34279698,0.7613643,874,0,0,unseen
5812982837,0.6062246,0.90906626,878,6,17,unseen
5812982844,0.2779361,0.72879714,133,0,0,unseen
5812982871,0.20448098,0.59300286,870,0,0,unseen
5812982872,0.31263414,0.74391633,867,0,0,unseen
5812982874,0.25115252,0.59825957,849,0,0,unseen
5812982876,0.32858422,0.84028375,1035,0,0,unseen
5812982924,0.49753052,0.8469818,323,0,0,pos_only
5812982994,0.15149833,0.53893846,416,0,0,unseen
5812983009,0.39313316,0.74672776,890,0,0,unseen
5812983023,0.5119298,0.9458425,1092,3,16,unseen
5812983043,0.47350085,0.8686327,1022,1,2,unseen
5812983080,0.029904636,0.61984724,227,0,0,unseen
5812983081,0.16725881,0.5002593,857,0,0,unseen
5812983094,0.15957248,0.4872366,1157,0,0,unseen
5812983107,0.5090561,0.95220006,1089,0,2,unseen
5812983112,0.40592358,0.8588837,988,0,0,unseen
5812983114,0.48149353,0.8657322,1134,0,0,unseen
5812983147,0.15734492,0.6223896,963,0,0,unseen
5812983152,0.30341065,0.8820213,930,0,1,unseen
5812983174,0.47238752,0.9139785,927,0,1,unseen
5812983192,0.32818598,0.8611235,979,0,0,unseen
5812983199,0.3370402,0.7875548,850,0,0,unseen
5812983200,0.35728762,0.8278736,916,0,0,unseen
5812983213,0.44582096,0.878731,1060,0,0,unseen
5812983258,0.49801803,0.797063,336,0,0,unseen
5812983303,0.46839878,0.9060451,1133,0,0,unseen
5812983309,0.5333644,0.9021937,888,0,0,unseen
5812983310,0.32992008,0.8798914,964,0,0,unseen
5812983321,0.36204606,0.82303387,859,0,1,unseen
5812983337,0.29591897,0.75345933,886,0,0,unseen
5812983356,0.28191876,0.79686314,19,0,0,unseen
5812983383,0.33984873,0.70695186,370,0,0,unseen
5812983418,0.30565983,0.5856307,311,0,0,unseen
5812983454,0.42126238,0.89282167,1139,0,0,unseen
5812983455,0.60742444,0.8803555,856,0,0,unseen
5812983499,0.24880649,0.6730199,92,0,0,unseen
5812983501,0.2963747,0.4787219,10,0,0,unseen
5812983510,0.114823714,0.8382571,363,0,0,unseen
5812983517,0.31786397,0.72268826,91,0,0,unseen
5812983519,0.12028778,0.4186385,1103,0,0,unseen
5812983522,0.13595352,0.49043733,272,0,0,unseen
5812983533,0.34749818,0.60399723,630,0,0,unseen
5812983578,0.5965492,0.93949836,880,0,1,unseen
5812983608,0.55860424,0.84023124,871,0,0,unseen
5812983646,0.58959424,0.86692023,844,0,0,unseen
5812983657,0.30645117,0.80546147,930,0,0,unseen
5812983673,0.2116795,0.82720923,911,0,0,unseen
5812983745,0.41312727,0.83750236,1154,0,0,unseen
5812983764,0.31935552,0.9225613,419,1,2,unseen
5812983827,0.12950319,0.57546324,290,0,0,unseen
5812983831,0.045048457,0.3095526,343,0,0,unseen
5812983837,0.37661073,0.8158728,1061,0,1,unseen
5812983840,0.24124889,0.8319292,247,0,0,unseen
5812983851,0.47206485,0.88333595,1137,0,8,unseen
5812983861,0.4140393,0.8496686,1128,0,0,unseen
5812983869,0.4671996,0.86362225,1135,0,0,unseen
5812983883,0.20386796,0.43056035,646,0,0,unseen
5812983886,0.025560606,0.7253133,307,0,0,unseen
5812983898,0.50780046,0.8920557,966,0,0,unseen
5812983965,0.11411045,0.36996803,336,0,0,unseen
5812984012,0.11512279,0.5447791,190,0,0,unseen
5812984024,0.19162278,0.65182215,210,0,0,unseen
5812985952,0.16668889,0.4615923,73,0,0,unseen
5812986096,0.44618255,0.91204137,403,2,7,unseen
5812986100,0.116745256,0.44410703,127,0,0,unseen
5812986217,0.29321107,0.69684315,759,0,0,unseen
5812986547,0.20881492,0.7274737,319,0,0,unseen
5812986560,0.5414142,0.9584403,200,2,6,unseen
5812986572,0.45808294,0.9175699,192,0,0,unseen
5812986772,0.123913474,0.40007526,401,0,0,unseen
5812986798,0.3586984,0.79214793,839,0,3,unseen
5812986876,0.19952226,0.56749624,123,0,0,unseen
5812987001,0.4733467,0.77913314,128,0,0,unseen
5812987034,0.07150891,0.2596519,47,0,0,unseen
5812987043,0.08633334,0.3186193,148,0,0,unseen
5812987090,0.100677274,0.5333577,233,0,0,unseen
5812987236,0.24649985,0.6457322,168,0,0,unseen
5812987327,0.3076685,0.77951247,742,0,0,unseen
5812987334,0.23981705,0.69227284,919,0,0,unseen
5812987339,0.33083123,0.78350025,938,0,0,unseen
5812987457,0.14584596,0.5783802,407,0,0,unseen
5812987602,0.17553827,0.60170954,121,0,0,unseen
5812987652,0.4832021,0.8884548,401,0,1,unseen
5812987694,0.07367608,0.56123734,665,0,0,both
5812987709,0.76653206,0.980228,123,0,6,unseen
5812987762,0.27398634,0.8473492,1009,0,0,unseen
5812987930,0.12787503,0.37577456,81,0,0,unseen
5812987959,0.17914644,0.7908909,887,0,1,unseen
5812987961,0.024970697,0.15938269,73,0,0,unseen
5812988077,0.3839545,0.79097486,248,0,0,unseen
5812988098,0.26850826,0.7721427,437,0,0,unseen
5812988099,0.34530157,0.8570649,139,0,0,unseen
5812988109,0.5245936,0.9075243,185,0,0,unseen
5812988128,0.30642262,0.89482856,168,2,2,unseen
5812988132,0.49256563,0.93224084,133,0,3,unseen
5812988137,0.17138371,0.8245947,916,0,0,unseen
5812988175,0.21111798,0.6432394,75,0,0,unseen
5812988178,0.08173404,0.4619494,337,0,0,unseen
5812988273,0.30050394,0.5367479,16,0,0,unseen
5812988294,0.38135016,0.82541436,191,0,1,unseen
5812988383,0.3135958,0.793037,354,0,4,unseen
5812988490,0.24405944,0.67329293,921,0,0,unseen
5812988514,0.42343643,0.9023052,119,0,0,unseen
5812988568,0.14012705,0.8079724,529,0,0,unseen
5812988577,0.49243188,0.9002357,203,0,0,unseen
5812988707,0.34088463,0.7742445,927,0,0,unseen
5812988731,0.35717648,0.82121325,327,0,2,unseen
5812988820,0.13786419,0.65466607,188,0,0,unseen
5812988920,0.15865742,0.5353838,317,0,0,unseen
5812989041,0.12810642,0.6727524,52,0,0,unseen
5812989059,0.507836,0.91387105,184,0,1,unseen
5812989087,0.2722176,0.8522708,850,0,0,unseen
5812989090,0.44357473,0.73742765,112,0,0,unseen
5812989105,0.24490514,0.8409013,430,0,0,unseen
5812989120,0.21997474,0.7821778,364,0,0,unseen
5812989161,0.08012359,0.19963972,18,0,0,unseen
5812989173,0.5176641,0.90433145,914,0,2,unseen
5812989274,0.33621097,0.8213566,192,0,2,unseen
5812989296,0.10691639,0.4760288,41,0,0,unseen
5812989312,0.28439516,0.54293185,42,0,0,unseen
5812989332,0.20691247,0.7141863,859,0,0,unseen
5812989367,0.2462797,0.5340647,287,0,0,unseen
5812989377,0.09113891,0.39431912,331,0,0,unseen
5812989421,0.29417005,0.5593992,25,0,0,unseen
5812989550,0.4420239,0.8929249,211,0,0,unseen
5812989557,0.14333098,0.6819799,311,0,0,unseen
5812989689,0.29452264,0.6717549,41,0,0,unseen
5812989707,0.32350066,0.7113188,17,0,0,unseen
5812989822,0.30773687,0.6939334,220,0,3,unseen
5812989875,0.15487449,0.42450723,180,0,0,unseen
5812989890,0.378809,0.85676754,243,1,4,unseen
5812989892,0.15578799,0.5245881,233,0,0,unseen
5812990060,0.3548764,0.92681026,20,0,1,unseen
5812990115,0.15768702,0.2780873,4,0,0,unseen
5812990157,0.2905409,0.78889835,85,0,0,unseen
5812990235,0.28254128,0.3797872,7,0,0,unseen
5812990292,0.23171835,0.4476499,27,0,0,unseen
5812990369,0.14814986,0.7551319,330,0,0,unseen
5812990478,0.18463749,0.6245995,204,0,0,unseen
5812990492,0.48831156,0.8847246,146,0,0,unseen
5812990678,0.44935858,0.8036286,121,0,0,unseen
5812990726,0.3061106,0.7494097,164,0,0,unseen
5812990774,0.29721627,0.69787383,227,0,0,unseen
5812990819,0.07706563,0.44376132,83,0,0,unseen
5812990956,0.12525232,0.29476988,36,0,0,unseen
5812990958,0.11171839,0.46965215,58,0,0,unseen
5812990959,0.23870571,0.68643683,291,0,0,unseen
5812990975,0.27673694,0.708709,103,0,0,unseen
5812991035,0.14735687,0.52286065,116,0,0,unseen
5812991074,0.38114277,0.63213694,6,0,0,unseen
5812991175,0.121099316,0.46176922,266,0,0,unseen
5812991176,0.15342844,0.51133096,391,0,0,unseen
5812991183,0.35063052,0.70617414,143,0,0,unseen
5812991204,0.33235505,0.6918606,87,0,0,unseen
5812991287,0.26239917,0.5049684,17,0,0,unseen
5812991329,0.6098636,0.9380984,288,5,34,unseen
5812991349,0.27767816,0.5373573,24,0,0,unseen
5812991410,0.16237813,0.57751423,72,0,0,unseen
5812991470,0.38726646,0.77732855,98,0,0,unseen
5812991473,0.36761427,0.6923407,47,0,0,unseen
5812991476,0.35892877,0.7250479,63,0,0,unseen
5812991538,0.20881577,0.52995944,262,0,0,unseen
5812991668,0.09917715,0.61794317,339,0,0,unseen
5812991689,0.3181479,0.6547973,332,0,0,unseen
5812991798,0.4192009,0.70857954,51,0,0,unseen
5812991822,0.15391652,0.52592534,23,0,0,unseen
5812991924,0.42571443,0.8676952,34,0,0,unseen
5812991952,0.28968436,0.68912345,270,0,0,unseen
5812992043,0.23887205,0.44104943,257,0,0,unseen
5812992219,0.33502814,0.51206726,18,0,0,unseen
5812992348,0.39443308,0.6821566,20,0,0,unseen
5812992357,0.26151544,0.43446326,8,0,0,unseen
5812992612,0.14884229,0.46006015,263,0,0,unseen
5812992683,0.39924943,0.78926903,24,0,0,unseen
5812992691,0.28457972,0.47105142,3,0,0,unseen
5812992706,0.2924997,0.643897,829,0,0,unseen
5812992814,0.3505007,0.9386608,124,1,4,unseen
5812992888,0.31034777,0.4377118,5,0,0,unseen
5812992893,0.29089293,0.6726369,162,2,5,unseen
5812992940,0.3522676,0.8579201,826,0,5,unseen
5812992942,0.6775987,0.9343025,739,22,83,unseen
5812993165,0.34271586,0.7129751,33,0,0,unseen
5812993222,0.14149818,0.617042,275,0,0,unseen
5812993250,0.2291641,0.7651017,224,0,1,unseen
5812993257,0.34016415,0.68792963,174,0,0,unseen
5812993291,0.30554172,0.78846776,13,0,0,unseen
5812993576,0.25673383,0.7518589,379,0,0,unseen
5812993603,0.39427137,0.6394384,67,0,0,unseen
5812993665,0.18255807,0.5173828,114,0,0,unseen
5812993678,0.39913878,0.5860052,31,0,0,unseen
5812993692,0.36397123,0.73038095,127,0,0,unseen
5812993873,0.18387055,0.60835487,409,0,0,unseen
5812993993,0.2301143,0.53935564,172,0,0,unseen
5812993997,0.27539617,0.46113732,19,0,0,unseen
5812994037,0.3643407,0.60262793,11,0,0,unseen
5812994045,0.18444134,0.679268,77,0,0,unseen
5812994062,0.42689818,0.7974292,153,0,0,unseen
5812994094,0.20193367,0.50907356,249,0,0,unseen
5812994148,0.26170588,0.75211906,583,1,8,unseen
5812994149,0.36042383,0.6906532,103,0,0,unseen
5812994205,0.45726386,0.6587534,24,0,0,unseen
5812994347,0.3770043,0.65624225,24,0,0,unseen
5812994660,0.16038851,0.4103712,37,0,0,unseen
5812994826,0.44531202,0.67338926,89,0,0,unseen
5812994890,0.33544883,0.4710494,3,0,0,unseen
5812994896,0.18642057,0.57146686,209,0,0,unseen
5812994930,0.18398757,0.4342003,50,0,0,unseen
5812994939,0.22395992,0.6706257,156,0,0,unseen
5812994949,0.29470077,0.48215923,12,0,0,unseen
5812995023,0.3490984,0.6861959,15,0,0,unseen
5812995141,0.16471013,0.5004918,151,0,0,unseen
5812995298,0.39845586,0.90770626,723,1,4,unseen
5812995328,0.2994649,0.94416696,723,2,3,unseen
5812995535,0.32629433,0.709108,17,0,0,unseen
5812995553,0.28075764,0.6979601,15,0,1,unseen
5812995680,0.23801272,0.5609572,191,0,0,unseen
5812995883,0.22481179,0.58890754,18,0,0,unseen
5812995899,0.10095286,0.43751583,347,0,0,unseen
5812996027,0.10499246,0.50378233,175,0,0,unseen
5812996576,0.52560586,0.94046855,111,0,0,unseen
5812996611,0.21069066,0.6815618,290,0,0,unseen
5812996748,0.2597879,0.84830886,609,0,0,unseen
5812996970,0.45706186,0.7866415,78,0,0,unseen
5812997052,0.21183549,0.6015039,127,0,0,unseen
5812997110,0.1313858,0.35877118,34,0,0,unseen
5812997806,0.4157017,0.5960932,8,0,0,unseen
5812997949,0.27381292,0.5299436,57,0,0,unseen
5812998041,0.43124536,0.8352513,32,0,1,unseen
5812998072,0.19560991,0.60083205,86,0,0,unseen
5812998136,0.51061386,0.86483616,144,0,1,unseen
5812998538,0.1521482,0.6209075,201,0,0,unseen
5812998572,0.433669,0.6823635,76,0,0,unseen
5812998584,0.363023,0.5606829,9,0,0,unseen
5812999239,0.35371968,0.7915808,93,0,1,unseen
5812999264,0.32347503,0.8981354,210,0,2,unseen
5812999529,0.53045887,0.90493757,151,0,0,unseen
5812999862,0.31181356,0.7971089,133,0,0,unseen
5812999897,0.22774228,0.56239635,43,0,0,unseen
5813000099,0.1708014,0.6206881,474,0,0,unseen
5813000146,0.24228099,0.43728828,21,0,0,unseen
5813000369,0.39503646,0.618152,19,0,0,unseen
5813000577,0.39434,0.7335298,100,0,0,unseen
5813000686,0.09513494,0.182949,13,0,0,unseen
5813000757,0.23359658,0.55417186,33,0,0,unseen
5813000953,0.09764951,0.31670612,13,0,0,unseen
5813001027,0.28648582,0.8028747,627,0,0,unseen
5813001173,0.17641519,0.2596889,13,0,0,unseen
5813001479,0.30567908,0.46360716,6,0,0,unseen
5813001765,0.14929473,0.46352866,42,0,0,unseen
5813001766,0.12520039,0.40713382,132,0,0,unseen
5813002071,0.3793443,0.7049729,92,0,0,unseen
5813002096,0.31865677,0.55835545,18,0,0,unseen
5813002313,0.15934375,0.54072374,91,0,0,unseen
5813002436,0.3129445,0.45014322,74,0,0,unseen
5813002519,0.38449067,0.7648938,19,0,0,unseen
5813002635,0.30807218,0.6509161,480,0,0,unseen
5813002657,0.18980634,0.25593513,3,0,0,unseen
5813002786,0.2152251,0.58173233,187,0,0,unseen
5813002810,0.11933394,0.5681366,296,0,0,unseen
5813002964,0.2499075,0.423533,147,0,0,unseen
5813002984,0.46861953,0.74553794,15,0,0,unseen
5813003188,0.15713118,0.7335029,56,0,0,unseen
5813003258,0.24326862,0.63979024,188,0,0,unseen
5813003477,0.538323,0.84042406,11,0,2,unseen
5813003649,0.20191726,0.92130893,700,0,0,unseen
5813004952,0.33977112,0.46466342,5,0,0,unseen
5813006217,0.33695754,0.49307984,3,0,0,unseen
5813008771,0.35716718,0.87148905,683,6,14,unseen
5813008796,0.13559869,0.43367508,308,0,0,unseen
5813008919,0.10855166,0.6971421,338,0,0,unseen
5813008938,0.34660465,0.7204116,618,0,0,unseen
5813008942,0.18478703,0.6823213,945,0,0,unseen
5813009276,0.12700175,0.43131232,99,0,0,unseen
5813009280,0.26489004,0.3850542,14,0,0,unseen
5813009281,0.19346292,0.5079242,172,0,0,unseen
5813009312,0.03090852,0.16630778,588,0,0,neg_only
5813009346,0.13559408,0.38646436,45,0,0,unseen
5813009354,0.100840926,0.29245952,654,0,0,unseen
5813009356,0.19331934,0.4196933,144,0,0,unseen
5813009391,0.45425153,0.8547809,149,0,0,unseen
5813009424,0.1120413,0.73858047,223,0,0,unseen
5813009429,0.16531727,0.40528765,87,0,0,unseen
5813009445,0.091108605,0.4722575,795,0,0,unseen
5813009449,0.31731972,0.7399814,537,0,0,unseen
5813009518,0.14122783,0.47106388,308,0,0,unseen
5813009554,0.06676813,0.45268795,245,0,0,unseen
5813009567,0.15663819,0.60234886,330,0,0,unseen
5813009578,0.18156485,0.4399634,302,0,0,unseen
5813009595,0.19782643,0.5736041,301,0,0,pos_only
5813009620,0.111223586,0.48374152,786,0,0,neg_only
5813009650,0.42430454,0.8332831,861,0,1,unseen
5813009651,0.14630856,0.47773385,846,0,0,unseen
5813009740,0.2023425,0.65669787,329,0,0,unseen
5813009749,0.06510441,0.14541465,14,0,0,unseen
5813009766,0.21139672,0.85627776,679,0,0,unseen
5813009781,0.22708823,0.2697837,4,0,0,unseen
5813009788,0.23567893,0.5824301,147,0,0,unseen
5813009789,0.3554818,0.7351292,228,0,0,unseen
5813009791,0.37410665,0.6545078,272,0,0,unseen
5813009881,0.20713048,0.5482786,333,0,0,unseen
5813009882,0.47189122,0.88098437,888,0,0,unseen
5813009885,0.14291427,0.5439068,1017,0,1,unseen
5813009889,0.107021004,0.8105557,433,0,6,unseen
5813009926,0.2508224,0.5682885,788,0,0,unseen
5813009972,0.072454356,0.60553336,818,0,0,unseen
5813009989,0.07015485,0.45823422,317,0,0,unseen
5813009996,0.058149833,0.3142085,280,0,0,unseen
5813010009,0.2323997,0.51403326,805,0,0,unseen
5813010120,0.09365784,0.3554343,320,0,0,unseen
5813010153,0.25315222,0.65842944,140,0,0,unseen
5813010159,0.31753623,0.5441416,9,0,0,unseen
5813010170,0.5852064,0.7619887,6,0,0,unseen
5813010180,0.37057665,0.47624967,5,0,0,unseen
5813010191,0.13996167,0.35046557,684,0,0,unseen
5813010200,0.3617657,0.61710835,70,0,0,unseen
5813010201,0.28588864,0.744068,239,0,0,unseen
5813010255,0.19087756,0.5080636,719,0,0,unseen
5813010259,0.18970756,0.62671334,249,0,0,unseen
5813010284,0.16614784,0.5709897,71,0,0,unseen
5813010377,0.0406648,0.39533266,277,0,0,unseen
5813010385,0.27047247,0.4447684,31,0,0,unseen
5813010405,0.115827195,0.6112357,334,0,0,unseen
5813010471,0.2591807,0.8621186,162,0,0,unseen
5813010494,0.21344404,0.37354946,10,0,0,unseen
5813010495,0.6068671,0.83116,3,0,0,unseen
5813010510,0.07033707,0.21489014,254,0,0,pos_only
5813010525,0.49590445,0.65849537,6,0,0,unseen
5813010533,0.12627386,0.4370065,116,0,0,unseen
5813010546,0.5589232,0.75804245,5,0,0,unseen
5813010591,0.27834672,0.52450824,94,0,0,unseen
5813010617,0.44717616,0.90302426,1050,0,0,unseen
5813010690,0.32246032,0.5295796,168,0,0,unseen
5813010799,0.41841337,0.6831111,23,0,0,unseen
5813010801,0.2993868,0.645252,325,0,0,unseen
5813010828,0.18174697,0.661025,434,0,0,unseen
5813010846,0.19112653,0.74379116,588,0,0,unseen
5813010968,0.18727858,0.6367094,938,0,0,unseen
5813011024,0.28441402,0.64989185,189,0,0,unseen
5813011061,0.14677049,0.72359645,287,0,0,unseen
5813011066,0.3335496,0.64121884,167,0,0,unseen
5813011074,0.34555236,0.6442313,152,0,2,unseen
5813011119,0.03623596,0.63536465,384,0,0,both
5813011125,0.29893377,0.65368557,390,0,0,unseen
5813011133,0.3767158,0.7953119,715,0,1,neg_only
5813011298,0.074816994,0.42120507,781,0,0,both
5813011299,0.53021216,0.65863645,2,0,0,unseen
5813011395,0.19931778,0.4670606,20,0,0,unseen
5813011423,0.2971573,0.7470393,1075,0,0,unseen
5813011441,0.1787742,0.48409125,372,0,0,unseen
5813011443,0.121118724,0.44967654,782,0,0,neg_only
5813011454,0.52064574,0.8402297,492,2,7,unseen
5813011471,0.13637096,0.7356096,920,0,0,unseen
5813011483,0.28459224,0.51786214,280,0,0,unseen
5813011508,0.26435417,0.396726,5,0,0,unseen
5813011512,0.4544072,0.8718301,894,1,1,unseen
5813011591,0.31249824,0.84592086,442,0,0,unseen
5813011660,0.14358012,0.50356895,342,0,0,neg_only
5813011717,0.24272975,0.5861091,101,0,0,unseen
5813011738,0.4297686,0.7070242,218,0,0,unseen
5813011756,0.15859096,0.53479695,143,0,0,unseen
5813011770,0.24592635,0.2961342,2,0,0,unseen
5813011773,0.21924168,0.5208967,23,0,0,unseen
5813011840,0.5172483,0.8449723,330,0,0,unseen
5813011865,0.10120998,0.39827326,129,0,0,unseen
5813011868,0.08983647,0.48420703,986,0,0,unseen
5813012048,0.26100445,0.64752334,120,0,0,unseen
5813012083,0.61717916,0.82941294,4,0,0,unseen
5813012136,0.068495475,0.47619265,296,0,0,unseen
5813012196,0.3451095,0.6929055,617,0,0,unseen
5813012231,0.22304104,0.47410414,289,0,0,unseen
5813012322,0.33612248,0.60044986,7,0,0,unseen
5813012375,0.3301732,0.6295131,19,0,0,unseen
5813012462,0.5473316,0.8024069,10,0,0,unseen
5813012529,0.1842541,0.3830787,275,0,0,unseen
5813012637,0.1375411,0.32634535,532,0,0,unseen
5813012781,0.41130888,0.7402346,176,0,0,unseen
5813012782,0.16662085,0.36281005,68,0,0,unseen
5813012786,0.2419356,0.5159493,558,0,0,unseen
5813012838,0.487103,0.76791096,301,0,2,unseen
5813012889,0.21632943,0.48630315,47,0,0,unseen
5813012970,0.29741427,0.740078,514,0,0,unseen
5813012976,0.2947538,0.6671136,416,0,0,unseen
5813013091,0.42284414,0.81790495,331,0,1,unseen
5813013173,0.6795642,0.8170224,7,0,0,unseen
5813013183,0.29364675,0.664052,24,0,0,unseen
5813013202,0.111665785,0.6945978,419,0,0,unseen
5813013203,0.18115626,0.4868784,188,0,0,unseen
5813013339,0.17532004,0.73880583,516,0,0,unseen
5813013436,0.32532942,0.91655433,599,0,1,unseen
5813013443,0.1622202,0.38083112,14,0,0,unseen
5813013487,0.19191027,0.5914007,335,0,1,unseen
5813013507,0.20410216,0.46073198,349,0,0,unseen
5813013530,0.35629848,0.7318943,49,0,0,unseen
5813013545,0.32074192,0.7630881,267,0,0,unseen
5813013574,0.12460324,0.5020234,210,0,0,pos_only
5813013630,0.2150182,0.7710947,569,0,0,unseen
5813013678,0.29684892,0.6322396,150,0,0,unseen
5813013823,0.3242823,0.93820274,728,0,4,unseen
5813013952,0.3541128,0.817088,1071,7,11,unseen
5813013979,0.05627415,0.49441147,331,0,0,unseen
5813014028,0.34930596,0.5456519,144,0,0,unseen
5813014032,0.16635759,0.57323515,954,0,0,unseen
5813014062,0.3717021,0.8140794,258,1,3,unseen
5813014166,0.35412252,0.5371039,331,0,0,unseen
5813014245,0.2272752,0.63423485,244,0,0,unseen
5813014249,0.23047702,0.35724884,8,0,0,unseen
5813014262,0.40745133,0.85371685,107,0,0,unseen
5813014382,0.12566057,0.7321581,532,0,0,unseen
5813014491,0.3554908,0.8705805,38,0,0,unseen
5813014515,0.20543613,0.57366073,777,0,0,unseen
5813014526,0.32267374,0.7681049,1045,0,1,unseen
5813014585,0.172597,0.3549022,48,0,0,unseen
5813014622,0.35737985,0.8796668,713,0,0,unseen
5813014626,0.07051938,0.42383537,334,0,0,unseen
5813014640,0.17302176,0.72577906,408,0,1,unseen
5813014688,0.2429564,0.8972436,475,0,0,unseen
5813014771,0.0685979,0.51978636,333,0,0,unseen
5813014777,0.17889105,0.5543134,341,0,0,unseen
5813014873,0.3373797,0.7851772,340,1,8,unseen
5813014882,0.59442407,0.91239524,857,3,8,unseen
5813014891,0.35437274,0.69667846,395,0,0,unseen
5813014907,0.38979575,0.6060512,10,0,0,unseen
5813015004,0.16913573,0.65211856,146,0,0,unseen
5813015045,0.15216087,0.6099856,652,0,0,unseen
5813015068,0.26118803,0.5918811,1040,0,0,unseen
5813015110,0.1775214,0.84407526,339,0,0,unseen
5813015174,0.42536405,0.6496345,333,0,0,unseen
5813015345,0.45434147,0.79549056,15,0,1,unseen
5813015594,0.4573939,0.8876242,1189,0,3,unseen
5813015614,0.4495941,0.811525,1032,0,0,unseen
5813015763,0.7579724,0.96784115,118,0,0,unseen
5813015764,0.71308,0.92167735,112,0,0,unseen
5813015808,0.3504673,0.8652541,500,1,1,unseen
5813015995,0.30913517,0.5064191,691,0,0,unseen
5813016067,0.5658757,0.88578796,355,0,2,unseen
5813016076,0.58629835,0.9126546,134,0,0,unseen
5813016150,0.22624609,0.40915537,32,0,0,unseen
5813016163,0.31825277,0.7350975,708,0,0,unseen
5813016204,0.25356504,0.631095,479,0,0,unseen
5813016254,0.35208046,0.86228275,914,2,21,unseen
5813016287,0.12688607,0.6077659,1076,0,0,unseen
5813016381,0.5190422,0.9585709,164,0,0,unseen
5813016450,0.18030609,0.44853532,243,0,0,unseen
5813016506,0.07744831,0.5481889,294,0,0,unseen
5813016536,0.32228526,0.4336071,8,0,0,unseen
5813016577,0.242402,0.84192693,397,0,0,unseen
5813016618,0.05787453,0.78213614,342,0,0,unseen
5813016634,0.16434437,0.4973989,331,0,0,unseen
5813016650,0.55635273,0.9830753,180,0,1,unseen
5813016661,0.651479,0.94567126,116,0,0,unseen
5813016716,0.113540076,0.3432521,12,0,0,unseen
5813016762,0.13872325,0.50878465,302,0,0,unseen
5813016830,0.18503374,0.62284195,704,0,0,unseen
5813016853,0.2715337,0.8075145,390,0,0,unseen
5813016856,0.33722535,0.73372704,139,0,2,unseen
5813016900,0.24851643,0.8376554,753,0,2,unseen
5813016911,0.2654239,0.5428264,55,0,0,unseen
5813016915,0.25675407,0.6431353,140,0,0,unseen
5813016958,0.18916194,0.57231885,351,0,0,unseen
5813016987,0.59893405,0.89791363,120,0,0,unseen
5813017292,0.095440395,0.30872983,276,0,0,unseen
5813017600,0.2975669,0.45965213,8,0,0,unseen
5813017647,0.2837848,0.49529073,8,0,0,unseen
5813017914,0.23745605,0.67805505,108,0,0,unseen
5813018460,0.03162102,0.19989783,123,0,0,neg_only
5813018752,0.26907456,0.69706845,21,0,1,unseen
5813018784,0.18317114,0.4900008,75,0,0,unseen
5813019517,0.04835616,0.3256631,728,0,0,unseen
5813019526,0.032644678,0.21301039,269,0,0,pos_only
5813019528,0.29695436,0.6665567,198,0,0,unseen
5813019543,0.3316358,0.7076464,268,0,0,unseen
5813019567,0.12740897,0.31928465,43,0,0,unseen
5813019588,0.22103745,0.75169176,421,0,0,pos_only
5813019630,0.11640581,0.5614816,655,0,0,unseen
5813019732,0.075712875,0.40123004,318,0,0,unseen
5813019763,0.4588447,0.9208436,1054,0,2,unseen
5813019770,0.544922,0.9249511,1056,0,1,unseen
5813019774,0.48772898,0.8464548,1073,0,0,unseen
5813019807,0.29273772,0.51264215,272,0,0,unseen
5813019833,0.1339449,0.3979451,863,0,0,unseen
5813019850,0.11717959,0.7424121,868,0,0,unseen
5813019862,0.39364293,0.6561972,333,0,0,unseen
5813019868,0.30150196,0.66564125,113,0,0,unseen
5813019877,0.17383923,0.6470182,551,0,0,unseen
5813019917,0.3693593,0.8811188,1003,0,0,unseen
5813019920,0.08985969,0.6697134,422,0,0,unseen
5813019955,0.10780419,0.36821172,779,0,0,unseen
5813020002,0.34129116,0.519406,20,0,0,unseen
5813020038,0.14988515,0.3379007,14,0,0,unseen
5813020052,0.4786781,0.8253136,880,0,0,unseen
5813020057,0.48548192,0.9178397,1119,0,0,unseen
5813020061,0.33947343,0.9068217,1086,0,0,unseen
5813020132,0.32996026,0.8935061,1067,0,0,unseen
5813020143,0.4239008,0.7338574,1125,0,0,unseen
5813020271,0.40618622,0.85456705,1090,0,0,unseen
5813020288,0.25638875,0.64886796,212,0,0,unseen
5813020326,0.09900857,0.7059608,277,0,0,unseen
5813020347,0.13395308,0.4276985,344,0,0,neg_only
5813020382,0.18035372,0.6432295,388,0,0,unseen
5813020455,0.18330577,0.65264845,201,0,0,neg_only
5813020512,0.15744564,0.3421219,7,0,0,unseen
5813020544,0.13600689,0.646607,90,0,0,unseen
5813020556,0.16006227,0.3908222,24,0,0,unseen
5813020562,0.08734042,0.39127415,40,0,0,unseen
5813020585,0.19994418,0.676051,209,0,0,both
5813020601,0.1464309,0.6037674,1236,0,0,unseen
5813020673,0.07536452,0.37595072,321,0,0,both
5813020676,0.09799359,0.49262086,371,0,0,unseen
5813020684,0.122561105,0.45415127,394,0,0,neg_only
5813020696,0.06441921,0.28710657,843,0,0,unseen
5813020735,0.3426435,0.87981397,386,1,1,pos_only
5813020748,0.05670534,0.39911014,263,0,0,unseen
5813020750,0.09261781,0.42440915,178,0,0,unseen
5813020751,0.56029886,0.8786263,351,0,0,unseen
5813020752,0.18490583,0.5126438,291,0,0,unseen
5813020785,0.030157307,0.16197444,302,0,0,both
5813020795,0.16763237,0.36354598,15,0,0,unseen
5813020800,0.18634568,0.48965174,329,0,0,unseen
5813020812,0.057480596,0.37191796,323,0,0,unseen
5813020817,0.08359044,0.34311658,888,0,0,unseen
5813020828,0.3486359,0.6519585,780,0,0,unseen
5813020840,0.014442352,0.34466544,259,0,0,unseen
5813020846,0.254147,0.5729105,1105,0,0,unseen
5813020850,0.12033729,0.71122634,342,0,0,unseen
5813020855,0.17098,0.7249926,1065,0,0,unseen
5813020857,0.3664057,0.6255166,365,0,0,unseen
5813020965,0.39384633,0.6050555,22,0,0,unseen
5813020969,0.16765858,0.45173028,363,0,0,unseen
5813020993,0.043418653,0.20234375,796,0,0,unseen
5813020996,0.061205965,0.2002339,172,0,0,both
5813021005,0.098742604,0.52918416,990,0,0,unseen
5813021016,0.4714962,0.8446752,1058,0,0,unseen
5813021017,0.5190318,0.90288335,1090,0,1,unseen
5813021046,0.09438183,0.6941923,1097,0,0,unseen
5813021075,0.21883918,0.5519178,292,0,0,unseen
5813021079,0.19866602,0.53570193,355,0,0,unseen
5813021093,0.14474717,0.5387588,897,0,0,unseen
5813021112,0.040775005,0.31392285,1193,0,0,both
5813021122,0.22938187,0.70379156,528,0,0,unseen
5813021138,0.2656061,0.6147376,307,0,0,unseen
5813021174,0.38457343,0.9275812,1079,1,8,unseen
5813021192,0.19787356,0.3773238,298,0,0,unseen
5813021196,0.26116592,0.6304698,97,0,0,unseen
5813021217,0.33229244,0.4653939,4,0,0,unseen
5813021221,0.3020888,0.7079403,304,0,0,unseen
5813021223,0.11759389,0.36984512,293,0,0,unseen
5813021225,0.32804364,0.80205274,380,0,0,unseen
5813021235,0.050120804,0.3959755,333,0,0,unseen
5813021238,0.10184715,0.31461942,320,0,0,unseen
5813021247,0.10002268,0.4109917,338,0,0,unseen
5813021251,0.42322695,0.8879429,1054,0,0,unseen
5813021263,0.4023701,0.8680575,1112,0,0,unseen
5813021275,0.32019866,0.90944123,1045,0,4,unseen
5813021289,0.3048057,0.9297812,1062,1,5,unseen
5813021291,0.13941833,0.34433788,332,0,0,unseen
5813021294,0.35449436,0.8156372,1039,0,0,unseen
5813021301,0.4356877,0.8869291,1132,0,1,unseen
5813021311,0.44615653,0.9014251,1080,0,2,unseen
5813021315,0.50918716,0.84713674,1019,0,0,unseen
5813021316,0.49395987,0.90694195,1092,0,0,unseen
5813021319,0.52239656,0.9147238,1061,0,0,unseen
5813021326,0.5260415,0.8935691,1047,0,0,unseen
5813021386,0.46872917,0.95750034,1068,0,3,unseen
5813021397,0.45859513,0.85545194,1071,0,0,unseen
5813021399,0.4819361,0.9082174,1060,0,0,unseen
5813021404,0.5714711,0.9468209,1030,0,6,unseen
5813021415,0.31809336,0.89794195,899,0,0,unseen
5813021463,0.5166417,0.90408677,1144,0,1,unseen
5813021464,0.51347625,0.95842487,1129,33,48,unseen
5813021465,0.45742345,0.8721259,1061,0,0,unseen
5813021485,0.1706706,0.43086717,270,0,0,unseen
5813021498,0.17276314,0.7781899,1176,0,0,unseen
5813021533,0.03387402,0.18908876,120,0,0,neg_only
5813021535,0.04236219,0.13268594,1003,0,0,unseen
5813021562,0.12252512,0.5840602,284,0,0,unseen
5813021564,0.06763664,0.7431884,338,0,0,unseen
5813021566,0.3324307,0.79617083,799,0,0,unseen
5813021572,0.17354292,0.5181779,1145,0,0,unseen
5813021576,0.3206326,0.6940889,759,0,0,unseen
5813021583,0.026284603,0.1853039,1311,0,0,both
5813021595,0.11785271,0.2961397,307,0,0,unseen
5813021600,0.17270178,0.56392,893,0,0,unseen
5813021602,0.038975623,0.22728732,986,0,0,both
5813021615,0.17807487,0.5129613,106,0,0,unseen
5813021632,0.25167626,0.7351792,743,0,1,unseen
5813021637,0.14076255,0.5251238,333,0,0,unseen
5813021645,0.57884467,0.85450846,851,0,0,unseen
5813021666,0.35918337,0.6752586,174,0,0,unseen
5813021728,0.15438433,0.6864388,934,0,0,unseen
5813021786,0.44055235,0.85118586,1094,0,0,unseen
5813021808,0.44738975,0.8776087,1082,0,0,unseen
5813021809,0.30614895,0.7980663,1098,0,0,unseen
5813021832,0.35415035,0.85557264,980,0,0,unseen
5813021848,0.48925167,0.78756076,859,0,0,unseen
5813021865,0.33633712,0.8987058,1061,0,0,unseen
5813021874,0.23997545,0.43250954,355,0,0,unseen
5813021894,0.32750058,0.73052025,93,0,0,unseen
5813021895,0.3750607,0.58833474,338,0,0,unseen
5813021899,0.38148972,0.6329305,334,0,0,unseen
5813021904,0.28872436,0.6041668,1144,0,0,unseen
5813021911,0.19553027,0.6526952,285,0,0,unseen
5813021912,0.3094241,0.5199669,326,0,0,unseen
5813021922,0.04698436,0.3035436,1215,0,0,unseen
5813021923,0.20985088,0.60511607,331,0,0,unseen
5813021943,0.093341574,0.2558433,109,0,0,neg_only
5813021963,0.2343176,0.49022365,340,0,0,unseen
5813021985,0.14514321,0.605485,991,1,4,unseen
5813021999,0.5281615,0.91705257,1082,0,2,unseen
5813022024,0.38415712,0.7970761,18,0,0,unseen
5813022037,0.40423417,0.84366816,1091,0,0,unseen
5813022042,0.47471043,0.8795624,1086,0,0,unseen
5813022049,0.5054653,0.883881,1054,0,0,unseen
5813022050,0.52959806,0.9477728,1073,1,14,unseen
5813022076,0.08397055,0.45638868,294,0,0,unseen
5813022119,0.2913706,0.78141963,867,0,0,unseen
5813022133,0.30094412,0.84668714,1058,0,0,unseen
5813022150,0.16018929,0.70416707,170,0,0,unseen
5813022199,0.18964139,0.51222384,286,0,0,unseen
5813022201,0.34591392,0.7379001,372,0,0,pos_only
5813022207,0.42348075,0.8310717,1027,0,0,unseen
5813022212,0.47520617,0.873794,1080,0,0,unseen
5813022234,0.06030323,0.24402587,331,0,0,pos_only
5813022239,0.2487828,0.7016008,837,0,0,unseen
5813022259,0.19192858,0.56623507,1249,0,0,unseen
5813022267,0.38533592,0.8882615,931,0,0,unseen
5813022281,0.093691595,0.6792337,295,0,0,unseen
5813022341,0.18348187,0.6531911,301,2,5,unseen
5813022361,0.2866327,0.7288485,145,0,0,unseen
5813022375,0.17651145,0.39201176,1241,0,0,unseen
5813022404,0.3496915,0.6748786,506,0,0,unseen
5813022419,0.29661426,0.5758092,46,0,0,unseen
5813022453,0.10479545,0.7216744,192,0,0,unseen
5813022459,0.10008975,0.6205176,233,0,0,unseen
5813022512,0.09548338,0.6239389,350,0,0,unseen
5813022538,0.2222296,0.731512,100,0,0,unseen
5813022548,0.06538268,0.24838826,333,0,0,unseen
5813022591,0.09141605,0.34089494,1212,0,0,unseen
5813022608,0.3924,0.5414267,6,0,0,unseen
5813022629,0.07821639,0.31672063,21,0,0,unseen
5813022764,0.2249096,0.71197957,1232,0,0,unseen
5813022792,0.081001736,0.53897375,943,0,0,unseen
5813022794,0.032564618,0.2660947,336,0,0,unseen
5813022814,0.31785735,0.77022225,1227,0,0,unseen
5813022816,0.09499796,0.55513895,402,0,0,unseen
5813022826,0.10152964,0.35579732,289,0,0,unseen
5813022858,0.28221604,0.66759187,1232,0,0,unseen
5813022915,0.19936314,0.53228325,955,0,0,unseen
5813022922,0.27167332,0.6693129,1247,0,0,unseen
5813022925,0.15465832,0.6390407,285,0,0,neg_only
5813022932,0.3956328,0.5965639,31,0,0,unseen
5813022950,0.28360334,0.656192,768,0,0,unseen
5813022959,0.081530415,0.26904204,33,0,0,unseen
5813022999,0.38179764,0.7126625,121,0,0,unseen
5813023015,0.11639278,0.42532808,68,0,0,unseen
5813023089,0.25612816,0.52454704,771,0,0,unseen
5813023097,0.3340861,0.59033406,10,0,0,unseen
5813023100,0.25427163,0.4920994,10,0,0,unseen
5813023313,0.18708515,0.649796,38,0,0,unseen
5813023322,0.04288273,0.36558262,425,0,0,neg_only
5813023353,0.08490236,0.35167766,275,0,0,unseen
5813023370,0.20820846,0.7512222,711,0,0,unseen
5813023434,0.26801002,0.7663526,50,0,0,unseen
5813023478,0.29035136,0.73521775,402,0,0,unseen
5813023480,0.11746146,0.351972,64,0,0,unseen
5813023615,0.278165,0.7684858,903,0,0,unseen
5813023617,0.29837894,0.811571,507,0,0,unseen
5813023645,0.5164183,0.9530837,98,0,0,unseen
5813023660,0.1646782,0.51784295,314,0,0,unseen
5813023698,0.096884176,0.43570176,184,0,0,unseen
5813023739,0.058137413,0.59913313,898,0,0,unseen
5813023853,0.39820403,0.41107157,2,0,0,unseen
5813023894,0.31683663,0.7048053,855,0,0,unseen
5813023929,0.127451,0.66382176,67,0,0,unseen
5813023983,0.090431385,0.3048387,24,0,0,unseen
5813024015,0.32412472,0.7439121,140,0,0,unseen
5813024032,0.10586881,0.38195255,102,0,0,unseen
5813024035,0.14032346,0.566689,146,0,0,unseen
5813024193,0.14260954,0.49732208,18,0,0,unseen
5813024339,0.049783263,0.27129635,119,0,0,unseen
5813024414,0.22777276,0.48206544,44,0,0,unseen
5813024430,0.41362515,0.6029021,322,0,0,unseen
5813024441,0.4048617,0.7489081,17,0,0,unseen
5813024601,0.49542668,0.8961101,423,0,1,unseen
5813024692,0.14166214,0.6922321,437,0,0,neg_only
5813024698,0.020209314,0.11151054,86,0,0,unseen
5813024799,0.40703732,0.8780206,774,0,1,unseen
5813024846,0.1316245,0.55748737,329,0,0,unseen
5813024852,0.1574153,0.49206385,78,1,2,unseen
5813024919,0.28426093,0.5235191,10,0,0,unseen
5813024922,0.17657427,0.46320096,166,0,0,unseen
5813025000,0.4589963,0.802562,24,0,0,unseen
5813025091,0.3077384,0.50867796,37,0,0,unseen
5813025489,0.1592714,0.82418483,877,0,1,unseen
5813025508,0.2659657,0.6173304,301,0,0,unseen
5813025540,0.32141417,0.47056252,73,0,0,unseen
5813025545,0.18894926,0.4208558,76,0,0,unseen
5813026366,0.10142588,0.36710677,330,0,0,neg_only
5813026371,0.24414383,0.5425325,164,0,0,unseen
5813026404,0.28967524,0.8232603,240,0,1,unseen
5813026416,0.20212217,0.41210887,58,0,0,unseen
5813026428,0.14101127,0.46785152,72,0,0,unseen
5813026481,0.2654048,0.8216649,1221,0,0,unseen
5813026579,0.315469,0.7151354,675,0,0,unseen
5813026613,0.08275188,0.3411118,328,0,0,unseen
5813026615,0.11396585,0.38078845,1019,0,0,unseen
5813026622,0.29430878,0.66864353,460,0,0,unseen
5813026703,0.2812794,0.6522501,1290,0,0,unseen
5813026773,0.5778484,0.63784605,3,0,0,unseen
5813026780,0.119592234,0.4897344,311,0,0,unseen
5813026785,0.44642517,0.730932,290,0,0,unseen
5813026936,0.06554203,0.3812339,1200,0,0,unseen
5813027235,0.2234689,0.7309154,1235,0,0,neg_only
5813027244,0.34126914,0.6354987,70,0,0,unseen
5813027248,0.28947315,0.54753953,298,0,0,unseen
5813027276,0.009258214,0.08639069,39,0,0,both
5813027278,0.21840686,0.6796826,462,0,0,unseen
5813027492,0.045508757,0.69834065,574,0,0,unseen
5813027518,0.21746004,0.619048,592,0,0,unseen
5813027584,0.4582274,0.8894636,1131,0,1,unseen
5813027592,0.06626415,0.44819683,1067,0,0,pos_only
5813027692,0.115105495,0.56446695,951,0,0,unseen
5813027704,0.3017008,0.810081,917,0,0,unseen
5813027737,0.14654255,0.5771816,330,0,0,unseen
5813027997,0.3923821,0.6665657,295,0,0,unseen
5813031344,0.17928469,0.81215614,1170,0,0,unseen
5813031359,0.48565963,0.7871057,46,0,0,unseen
5813031440,0.7019831,0.9595226,129,0,3,unseen
5813031566,0.42361358,0.7942159,174,0,0,unseen
5813031567,0.46867332,0.94062454,160,0,0,unseen
5813031663,0.2800845,0.5186252,22,0,0,unseen
5813031700,0.28290448,0.64652073,20,0,0,unseen
5813031775,0.24612866,0.44618765,6,0,0,unseen
5813031935,0.2459942,0.40786287,11,0,0,unseen
5813032595,0.03691519,0.20318885,108,0,0,unseen
5813032600,0.17798539,0.665465,49,0,0,unseen
5813032694,0.52618223,0.9200514,1089,0,0,unseen
5813032709,0.331545,0.8902983,391,0,0,unseen
5813032721,0.3193546,0.63473344,85,0,0,unseen
5813032740,0.22512685,0.7910954,837,0,0,unseen
5813032759,0.4741586,0.90340495,1095,0,0,unseen
5813032771,0.2121091,0.75469893,1088,0,0,unseen
5813032811,0.5158552,0.8599532,947,0,0,unseen
5813032849,0.019955907,0.29835922,336,0,0,pos_only
5813032876,0.41491812,0.85656613,1087,0,0,unseen
5813032887,0.47820896,0.88657165,974,0,0,unseen
5813032896,0.58707917,0.88473517,937,0,1,unseen
5813032900,0.3920502,0.84596163,1101,0,0,unseen
5813032943,0.4961286,0.9086103,1069,0,0,unseen
5813032946,0.44398573,0.9172589,1080,0,0,unseen
5813032997,0.432512,0.7587554,330,1,3,unseen
5813033000,0.22675131,0.48811844,479,0,0,unseen
5813033012,0.32703298,0.92506593,1076,0,2,unseen
5813033033,0.18197599,0.5119462,560,0,0,unseen
5813033065,0.5075437,0.89617056,1012,0,1,unseen
5813033127,0.34547016,0.8620381,1091,0,0,unseen
5813033144,0.22048894,0.8076594,864,0,0,unseen
5813033196,0.43652272,0.78402597,321,0,0,pos_only
5813033215,0.20958813,0.7494981,349,1,2,unseen
5813033226,0.515471,0.8950868,1014,0,4,unseen
5813033246,0.14798823,0.38665476,11,0,0,unseen
5813033255,0.47903302,0.78877425,315,1,4,unseen
5813033259,0.5030723,0.9343174,1146,0,11,unseen
5813033267,0.5719674,0.88705826,882,0,0,unseen
5813033277,0.461692,0.90994686,1139,0,0,unseen
5813033371,0.037988417,0.037988417,1,0,0,neg_only
5813033379,0.09920308,0.3658808,277,0,0,unseen
5813033404,0.42523047,0.9270338,1181,7,19,unseen
5813033437,0.20270182,0.7063847,1025,0,0,unseen
5813033483,0.24179846,0.82203776,219,0,0,unseen
5813033529,0.2830926,0.43723005,7,0,0,unseen
5813033535,0.111334875,0.33859202,317,0,0,pos_only
5813033561,0.05843065,0.16284622,43,0,0,unseen
5813033596,0.339844,0.69437945,28,0,0,unseen
5813033600,0.42480618,0.60705686,8,0,0,unseen
5813033675,0.25934654,0.49273658,40,0,0,unseen
5813033742,0.23955655,0.7320706,53,0,0,unseen
5813033784,0.23381282,0.55389553,23,0,0,unseen
5813033809,0.43579656,0.7464892,46,0,0,unseen
5813033850,0.35365322,0.77594054,96,0,0,unseen
5813033971,0.2283196,0.65424985,19,0,0,unseen
5813034018,0.20657113,0.75429493,122,0,0,unseen
5813034081,0.40175727,0.9473976,661,1,10,unseen
5813034099,0.4373903,0.8292672,128,0,4,unseen
5813034203,0.23889256,0.38250235,12,0,0,unseen
5813034239,0.20299408,0.67519706,68,0,0,unseen
5813034259,0.24328825,0.44292873,148,0,0,unseen
5813034284,0.20339821,0.6520971,127,0,0,unseen
5813034306,0.22630164,0.34643424,14,0,0,pos_only
5813034310,0.35834163,0.80854905,111,0,0,unseen
5813034441,0.5596037,0.9144136,32,0,2,unseen
5813034455,0.07035256,0.30734453,177,0,0,both
5813034493,0.030576576,0.14702265,195,0,0,pos_only
5813034529,0.33044302,0.8457944,147,0,8,unseen
5813034531,0.038311437,0.2685333,232,0,0,unseen
5813034571,0.49803728,0.93047243,500,0,5,unseen
5813035115,0.31529546,0.7572817,111,0,0,unseen
5813035131,0.06475495,0.2536835,412,0,0,unseen
5813035164,0.16422844,0.16422844,1,0,0,unseen
5813035196,0.16867936,0.28912425,31,0,0,unseen
5813035204,0.4175766,0.4175766,1,0,0,unseen
5813035213,0.302328,0.826401,945,0,0,unseen
5813035236,0.2964376,0.8646689,462,0,0,unseen
5813035308,0.49863002,0.83733624,373,0,0,unseen
5813035328,0.2488434,0.5266029,318,0,0,unseen
5813035367,0.18599278,0.65286475,996,0,0,unseen
5813035477,0.24614164,0.6549202,123,0,0,unseen
5813035526,0.31366748,0.873999,548,0,6,unseen
5813035545,0.5227775,0.89385337,98,0,4,unseen
5813035612,0.23086432,0.8132749,936,0,0,unseen
5813035613,0.5720459,0.8933024,855,0,0,unseen
5813035694,0.38473707,0.71169996,340,0,0,unseen
5813035700,0.3468,0.8337657,955,0,0,unseen
5813037804,0.057997998,0.56448025,341,0,0,unseen
5813037812,0.12448836,0.5321545,360,0,0,unseen
5813037826,0.1575393,0.58248997,131,0,0,unseen
5813037866,0.20280074,0.50174737,1058,0,0,unseen
5813037876,0.4281959,0.8788251,424,0,1,unseen
5813037881,0.14977095,0.6941824,430,0,0,unseen
5813037890,0.13887681,0.6938564,702,0,0,unseen
5813037947,0.18295832,0.64815223,960,0,0,unseen
5813038026,0.22382839,0.82492477,396,0,0,unseen
5813038035,0.10010124,0.408145,520,0,0,unseen
5813038037,0.050525233,0.6654923,340,0,0,unseen
5813038177,0.086031325,0.4013075,271,0,0,unseen
5813038196,0.32110175,0.8684243,473,0,1,unseen
5813038198,0.3539605,0.81321055,136,0,1,unseen
5813038202,0.37513417,0.89666116,113,0,1,unseen
5813038203,0.14954548,0.88661206,941,0,0,unseen
5813038232,0.55971694,0.92644894,172,1,3,unseen
5813038238,0.21803623,0.859735,200,0,0,unseen
5813038294,0.16892873,0.8006127,623,0,0,unseen
5813038299,0.32158995,0.6359329,22,0,0,unseen
5813038320,0.39796874,0.60847557,26,0,0,unseen
5813038328,0.19066496,0.60206866,20,0,0,unseen
5813038359,0.15724367,0.5849993,334,0,0,unseen
5813038491,0.15974256,0.7698483,31,0,0,unseen
5813038579,0.12617028,0.8776909,318,0,1,unseen
5813038679,0.45779768,0.76179725,34,1,1,unseen
5813038879,0.2936235,0.5159489,19,0,0,unseen
5813038911,0.33001414,0.63130367,21,0,0,unseen
5813038918,0.31050017,0.50210774,34,0,0,unseen
5813038922,0.14712602,0.54240227,293,0,0,unseen
5813039148,0.2077241,0.38086224,19,0,0,unseen
5813039235,0.23285605,0.9087611,1054,0,0,unseen
5813039309,0.049244694,0.21618536,303,0,0,neg_only
5813039386,0.12659018,0.24866433,5,0,0,unseen
5813039422,0.3031845,0.47092792,6,0,0,unseen
5813039465,0.32128483,0.98096484,950,20,85,unseen
5813039644,0.21595038,0.65924037,887,0,0,unseen
5813039672,0.16195573,0.4776584,345,0,0,unseen
5813039679,0.13056219,0.57024497,878,0,0,unseen
5813039857,0.2743938,0.5506854,350,0,0,unseen
5813039860,0.10859069,0.6095455,311,0,0,unseen
5813039875,0.2406286,0.5750884,70,0,0,unseen
5813039877,0.4146516,0.6956998,45,0,0,unseen
5813039880,0.53050417,0.7649158,18,0,0,unseen
5813039902,0.3098793,0.8360109,336,0,0,unseen
5813039906,0.09489078,0.42520043,271,0,0,unseen
5813039910,0.08851472,0.37390873,297,0,0,unseen
5813039919,0.20157577,0.62968034,329,0,0,unseen
5813039931,0.35415477,0.7551751,43,0,0,unseen
5813039932,0.21913914,0.5864948,325,0,0,unseen
5813039962,0.18105195,0.6463938,400,0,0,unseen
5813039980,0.29121503,0.6261304,21,0,0,unseen
5813039999,0.33858326,0.9079233,862,0,6,unseen
5813040093,0.3598809,0.7453692,121,0,0,unseen
5813040119,0.06623756,0.5738434,373,0,0,unseen
5813040123,0.15605153,0.5394633,1094,0,0,unseen
5813040171,0.41891372,0.8426765,883,0,0,unseen
5813040233,0.40926078,0.8643896,864,0,2,unseen
5813040277,0.13304092,0.37891963,221,0,0,neg_only
5813040300,0.29923362,0.78429145,578,0,0,unseen
5813040707,0.13746661,0.48519987,327,0,0,unseen
5813040711,0.124286704,0.5566978,307,0,0,unseen
5813040712,0.2563339,0.81520975,633,0,0,unseen
5813040727,0.13412964,0.20623904,11,0,0,unseen
5813040766,0.14378703,0.35056838,322,0,0,unseen
5813040903,0.43813637,0.79391927,14,0,0,unseen
5813040941,0.29585442,0.7416096,293,0,0,unseen
5813041098,0.1645541,0.87100595,339,0,0,unseen
5813041103,0.23946804,0.4904262,4,0,0,unseen
5813041149,0.20643835,0.57124776,837,0,0,unseen
5813041163,0.22113897,0.30939078,8,0,0,unseen
5813041169,0.20356882,0.6281777,344,0,0,unseen
5813041172,0.3718165,0.7729736,339,0,0,unseen
5813041180,0.17140396,0.5254194,1274,0,0,both
5813041206,0.2702579,0.83235157,1014,0,0,unseen
5813041237,0.14064957,0.6533874,382,0,0,unseen
5813041244,0.32621965,0.60545194,211,0,0,unseen
5813041301,0.42218286,0.6639204,325,0,0,unseen
5813041304,0.19803786,0.6178562,1229,0,0,unseen
5813041323,0.23479521,0.60827476,311,0,0,unseen
5813041360,0.10015838,0.38769597,365,0,0,unseen
5813041382,0.27728334,0.5434643,244,0,0,unseen
5813041453,0.57680196,0.9083749,85,0,4,unseen
5813041468,0.16579218,0.6841508,1083,0,0,unseen
5813041478,0.0698168,0.11624047,3,0,0,unseen
5813041497,0.17981471,0.5854749,311,0,0,unseen
5813041504,0.3213536,0.8399882,669,0,0,unseen
5813041510,0.3507072,0.61667156,331,0,0,unseen
5813041525,0.24247414,0.9028095,623,0,3,unseen
5813041581,0.57908577,0.955891,126,0,0,unseen
5813041677,0.17679325,0.612173,45,0,1,unseen
5813041684,0.4121477,0.865133,798,1,21,unseen
5813041705,0.085384734,0.5639182,390,0,0,unseen
5813041707,0.09574721,0.4845864,1023,0,0,unseen
5813042659,0.17044882,0.62450325,986,0,0,unseen
5813042873,0.30749652,0.8512699,246,0,0,unseen
5813042961,0.12201911,0.6737215,599,0,0,unseen
5813043073,0.17515455,0.7234436,713,0,0,unseen
5813043629,0.12874757,0.50158775,619,0,0,unseen
5813044139,0.30464855,0.67665106,14,0,0,unseen
5813044385,0.059633225,0.42934272,235,0,0,unseen
5813044422,0.28982875,0.5774073,375,0,0,unseen
5813044501,0.25465095,0.7854719,861,0,0,unseen
5813044638,0.11999393,0.6316076,1299,0,0,unseen
5813044670,0.21723056,0.7235609,899,0,0,unseen
5813044712,0.10811372,0.688832,399,0,0,unseen
5813044812,0.32538798,0.66363156,421,0,0,unseen
5813044940,0.35506627,0.7626278,102,0,0,unseen
5813044992,0.2365415,0.68512917,392,0,0,unseen
5813045024,0.64875203,0.9452742,121,0,0,unseen
5813045296,0.14174075,0.72542655,745,0,0,unseen
5813045346,0.27142426,0.6825482,42,0,0,unseen
5813045400,0.22618069,0.63060266,36,0,0,unseen
5813045465,0.19377905,0.35843164,17,0,0,unseen
5813045602,0.3050149,0.45543155,10,0,0,unseen
5813045792,0.542003,0.78134114,102,2,7,unseen
5813045867,0.35199493,0.6691279,56,0,0,unseen
5813046075,0.31055173,0.69869,49,0,1,unseen
5813046323,0.38119972,0.83006305,25,0,0,unseen
5813046657,0.13182007,0.40780106,405,0,0,unseen
5813046658,0.18468161,0.5142882,343,0,0,unseen
5813046674,0.17356233,0.68929315,349,0,0,unseen
5813046962,0.16176668,0.23926033,4,0,0,unseen
5813046963,0.21881843,0.6564435,329,0,0,unseen
5813046968,0.12836736,0.28085846,25,0,0,unseen
5813047019,0.050732575,0.2533558,144,0,0,unseen
5813047024,0.24703573,0.6104632,138,0,0,unseen
5813047053,0.22403336,0.536119,328,0,0,unseen
5813047101,0.42604443,0.8156556,1161,0,0,unseen
5813047130,0.26721308,0.46829647,10,0,0,unseen
5813047150,0.20819269,0.4553775,465,0,0,unseen
5813047157,0.40833187,0.73291856,310,0,0,unseen
5813047173,0.32641158,0.4838481,3,0,0,unseen
5813047178,0.12144258,0.36516204,130,0,0,unseen
5813047199,0.35159582,0.94617504,553,0,3,unseen
5813047212,0.19834304,0.4845581,36,0,0,unseen
5813047220,0.3610549,0.8719642,1118,0,0,unseen
5813047222,0.38126102,0.63883877,559,0,0,unseen
5813047255,0.22973341,0.55622697,345,0,0,unseen
5813047425,0.2529584,0.71871156,266,0,0,unseen
5813047489,0.028969798,0.23792008,1117,0,0,both
5813047626,0.32629034,0.68838876,339,0,0,unseen
5813047644,0.064328216,0.27266672,322,0,0,unseen
5813047655,0.09062114,0.23854244,94,0,0,unseen
5813047676,0.45960897,0.8606602,887,0,0,unseen
5813047685,0.37099454,0.58082855,125,0,0,unseen
5813047691,0.04974184,0.29632664,110,0,0,pos_only
5813047713,0.052599188,0.24809653,755,0,0,unseen
5813047717,0.23269396,0.455467,263,0,0,unseen
5813047763,0.08889973,0.4795856,453,0,0,unseen
5813047772,0.19239274,0.4809525,1073,0,0,unseen
5813047774,0.10657425,0.28735065,978,0,0,unseen
5813047832,0.16256025,0.5115922,55,0,0,unseen
5813047907,0.24187537,0.43936104,37,0,0,unseen
5813047970,0.09821894,0.46822056,120,0,0,pos_only
5813047992,0.33312792,0.74980736,186,0,0,unseen
5813048055,0.49297777,0.9489921,353,0,1,unseen
5813048096,0.1309607,0.42802095,344,0,0,unseen
5813048127,0.12193716,0.60246027,1110,0,0,unseen
5813048182,0.32521144,0.67012614,256,0,0,unseen
5813048214,0.22414665,0.61295253,276,0,0,unseen
5813048229,0.23301606,0.7522744,512,0,0,unseen
5813048265,0.22110161,0.48891413,76,0,0,unseen
5813048297,0.18778966,0.6432087,106,0,0,unseen
5813048319,0.22486904,0.6141367,522,0,0,unseen
5813048346,0.32905194,0.63087237,444,0,0,unseen
5813048443,0.1439097,0.5284949,360,0,0,unseen
5813048450,0.61634994,0.9266616,87,0,1,unseen
5813048452,0.776251,0.97722125,122,0,2,unseen
5813048530,0.07660238,0.5296054,405,0,0,unseen
5813048536,0.3335082,0.64055175,601,0,0,unseen
5813048646,0.026179198,0.31791133,314,0,0,unseen
5813048648,0.06806151,0.46943676,310,0,0,unseen
5813048692,0.39100942,0.7029626,286,0,0,unseen
5813048720,0.20520146,0.42196378,273,0,0,unseen
5813048837,0.109418474,0.5147973,849,0,0,neg_only
5813048880,0.61325705,0.87036145,98,0,0,unseen
5813048896,0.08321284,0.5699971,312,0,0,unseen
5813049045,0.2882773,0.5951205,324,0,0,unseen
5813049102,0.23740183,0.68865544,459,0,0,unseen
5813049105,0.24154073,0.47028705,335,0,0,unseen
5813049136,0.3424226,0.8498234,582,0,1,unseen
5813049344,0.26706836,0.49763584,770,0,0,unseen
5813049372,0.23796731,0.48969713,16,0,0,unseen
5813049380,0.1740399,0.59774923,457,0,0,both
5813049438,0.10934838,0.6120114,521,0,0,unseen
5813049443,0.1665784,0.5856793,559,0,0,unseen
5813049445,0.21117473,0.8429009,516,0,0,unseen
5813049567,0.50741035,0.86885345,17,0,0,unseen
5813049824,0.1075929,0.6247053,427,0,0,both
5813049946,0.19607277,0.5818081,1080,0,0,unseen
5813049966,0.10567432,0.32240048,260,0,0,unseen
5813050000,0.56059,0.89429647,245,0,5,unseen
5813050102,0.368991,0.8272899,258,0,0,unseen
5813050145,0.3482001,0.91337323,136,0,0,unseen
5813050455,0.02038614,0.067838326,1090,0,0,unseen
5813050499,0.068852276,0.49412283,294,0,0,unseen
5813050604,0.7052632,0.9478692,113,0,0,unseen
5813050727,0.3149087,0.9463799,719,0,3,unseen
5813050729,0.41296005,0.9288128,566,0,2,unseen
5813050758,0.261352,0.7497644,306,0,0,unseen
5813050765,0.38243967,0.86239684,1095,0,0,unseen
5813050767,0.2303635,0.77871877,284,1,2,unseen
5813050791,0.13224234,0.23607513,13,0,0,unseen
5813052205,0.06191236,0.39795515,168,0,0,unseen
5813052909,0.09991164,0.29430774,29,0,0,pos_only
5813053685,0.41311204,0.8293389,343,0,0,unseen
5813053688,0.2525075,0.5888164,299,0,1,unseen
5813053698,0.10853291,0.4255232,198,0,0,unseen
5813053728,0.21360715,0.69614905,1059,0,0,unseen
5813053731,0.19790946,0.4657471,326,0,0,unseen
5813053760,0.10474451,0.55384386,186,0,0,unseen
5813053831,0.27832624,0.8281966,402,0,2,unseen
5813053836,0.040525027,0.42779425,275,0,0,unseen
5813053851,0.19547713,0.5156107,687,0,0,pos_only
5813053866,0.07505066,0.48401582,286,0,0,unseen
5813053886,0.32528892,0.80344194,1047,0,0,unseen
5813053891,0.25160918,0.7925311,368,0,0,unseen
5813053923,0.29320687,0.6244055,315,0,0,unseen
5813053935,0.30542895,0.9013839,1012,0,1,unseen
5813053937,0.26353556,0.70258266,913,0,0,unseen
5813053957,0.07996232,0.51612216,746,0,0,unseen
5813053990,0.14030907,0.5130765,9,0,0,unseen
5813054032,0.56875277,0.9319014,194,0,3,unseen
5813054077,0.3456249,0.63504636,106,0,0,pos_only
5813054085,0.43941566,0.9134749,1027,2,7,unseen
5813054096,0.051078003,0.36681172,210,0,0,unseen
5813054101,0.121576406,0.37231037,200,0,0,unseen
5813054104,0.1823301,0.6943736,1063,0,0,unseen
5813054141,0.029862717,0.5024586,1151,0,0,unseen
5813054169,0.24363285,0.75668496,1195,0,1,unseen
5813054173,0.34468722,0.7627061,918,4,29,unseen
5813054304,0.4390445,0.7416904,87,0,0,unseen
5813054307,0.24662416,0.5538042,143,0,0,unseen
5813054342,0.44193095,0.8655518,1087,0,0,unseen
5813054376,0.12759957,0.46356514,573,0,0,unseen
5813054384,0.11482054,0.3043238,20,0,0,pos_only
5813054443,0.1503586,0.53752744,37,0,0,unseen
5813054477,0.36584017,0.678262,52,0,0,unseen
5813054498,0.20871393,0.3972365,4,0,0,unseen
5813054534,0.43502823,0.72008824,65,0,0,unseen
5813054566,0.16372459,0.5360072,63,0,0,unseen
5813054575,0.08255844,0.4560498,286,0,0,unseen
5813054622,0.031099241,0.19401966,153,0,0,both
5813054649,0.2502815,0.5439722,83,0,0,unseen
5813054659,0.26003796,0.50442445,172,0,0,unseen
5813054675,0.261611,0.4601825,25,0,0,unseen
5813054716,0.09202051,0.3177238,16,0,0,neg_only
5813054725,0.044222247,0.32744315,147,0,0,pos_only
5813054726,0.027484609,0.16977614,94,0,0,neg_only
5813054748,0.29874516,0.5987381,46,0,0,unseen
5813054773,0.025971005,0.12804636,87,0,0,unseen
5813054777,0.026165083,0.13739854,152,0,0,both
5813054821,0.2687578,0.7838837,674,0,0,unseen
5813054846,0.28709868,0.79749703,414,0,0,unseen
5813054882,0.27675387,0.5688845,16,0,0,unseen
5813055019,0.2917546,0.5757089,27,0,0,unseen
5813055025,0.51335454,0.94181925,407,0,4,unseen
5813055134,0.09299396,0.34844008,146,0,0,unseen
5813055162,0.47563106,0.94720626,652,1,19,unseen
5813055180,0.51417595,0.9159334,547,5,17,unseen
5813055184,0.2677951,0.9381033,1146,0,1,unseen
5813055277,0.021846592,0.12923315,60,0,0,pos_only
5813055298,0.3453984,0.757013,388,0,1,neg_only
5813055448,0.21584366,0.48604658,133,0,0,unseen
5813055495,0.65793663,0.9784706,129,2,5,unseen
5813055535,0.42302424,0.7272039,334,0,0,unseen
5813055629,0.4677855,0.9064215,163,2,5,unseen
5813055632,0.060371302,0.09500657,7,0,0,pos_only
5813055709,0.22325142,0.6025738,847,0,0,unseen
5813055748,0.12598786,0.20951469,5,0,0,unseen
5813055749,0.10802155,0.45881906,1024,0,0,unseen
5813055759,0.06497783,0.63389707,352,0,0,unseen
5813055766,0.21088417,0.5630156,818,0,0,unseen
5813055768,0.09055393,0.6380984,306,0,0,unseen
5813055773,0.3251479,0.5828089,259,0,0,unseen
5813055798,0.6554937,0.8676262,12,0,0,unseen
5813055800,0.07555167,0.38296697,490,0,0,neg_only
5813055813,0.15398385,0.5516848,609,0,0,unseen
5813055825,0.31525356,0.7016365,188,0,0,unseen
5813055833,0.10148382,0.6328889,1036,0,0,unseen
5813055834,0.14117157,0.6208366,373,0,0,pos_only
5813055853,0.30614215,0.61508465,185,0,0,unseen
5813055862,0.06402123,0.32050225,321,0,0,unseen
5813055865,0.07967915,0.2127001,93,0,0,pos_only
5813055866,0.141486,0.51305765,695,0,0,unseen
5813055889,0.3678483,0.8938741,1089,0,1,unseen
5813055903,0.27086407,0.6853841,949,0,0,unseen
5813055904,0.27091601,0.74889714,356,0,0,unseen
5813055907,0.32638848,0.73635787,738,0,0,unseen
5813055913,0.15822136,0.4668157,1138,0,0,neg_only
5813055914,0.4456099,0.8972968,1125,0,0,unseen
5813055923,0.3964027,0.7872852,1072,0,0,unseen
5813055924,0.32538092,0.9217513,1065,0,0,unseen
5813055932,0.3290649,0.87580866,445,0,1,unseen
5813055949,0.07277761,0.28224295,838,0,0,neg_only
5813055963,0.18256694,0.24113855,2,0,0,unseen
5813055999,0.17530382,0.7984167,1035,0,0,unseen
5813056026,0.40239078,0.6052494,26,0,0,unseen
5813056028,0.013147636,0.18070279,946,0,0,unseen
5813056041,0.15347365,0.42019945,331,0,0,unseen
5813056054,0.051861715,0.286819,989,0,0,pos_only
5813056057,0.24805187,0.5559465,266,0,0,unseen
5813056071,0.08497195,0.33910164,276,0,0,unseen
5813056072,0.3477925,0.9407552,493,0,2,unseen
5813056083,0.42331412,0.8073562,81,0,0,unseen
5813056101,0.10469444,0.58699834,536,0,0,unseen
5813056110,0.5599903,0.92724043,1031,0,0,unseen
5813056120,0.26851073,0.8522214,922,0,0,unseen
5813056183,0.5002618,0.884369,965,0,1,unseen
5813056243,0.0742509,0.25673744,360,0,0,unseen
5813056257,0.50672895,0.9439317,405,0,1,unseen
5813056261,0.029306034,0.16673227,1294,0,0,neg_only
5813056278,0.115855664,0.4619673,151,0,0,unseen
5813056280,0.62635094,0.9060494,110,0,0,unseen
5813056299,0.44218165,0.89230996,1095,0,0,unseen
5813056307,0.40237364,0.84250456,1138,0,0,unseen
5813056313,0.41721848,0.8842026,1106,0,0,unseen
5813056321,0.18976562,0.5886507,117,0,0,unseen
5813056323,0.35936505,0.85836613,423,0,0,unseen
5813056327,0.4133557,0.82188994,976,0,0,unseen
5813056386,0.2033273,0.6720602,260,0,0,unseen
5813056390,0.29730302,0.9098074,1113,0,1,unseen
5813056395,0.50064886,0.9446755,1100,3,3,unseen
5813056414,0.2802773,0.85016155,898,0,0,unseen
5813056525,0.3254492,0.79170775,108,0,0,unseen
5813056550,0.05975361,0.05975361,1,0,0,unseen
5813056598,0.029469509,0.2755441,150,0,0,pos_only
5813056696,0.21101116,0.6914893,101,0,0,unseen
5813056757,0.16022469,0.4455882,77,0,0,unseen
5813056881,0.1211915,0.5138536,293,0,0,unseen
5813056896,0.16875866,0.45753473,438,0,0,unseen
5813056909,0.15408161,0.58927596,498,0,0,neg_only
5813056917,0.4186157,0.6561761,304,0,0,pos_only
5813056920,0.35589764,0.83926725,379,0,0,unseen
5813056930,0.26661146,0.81122494,373,0,0,unseen
5813056934,0.514149,0.8937949,196,0,2,unseen
5813056944,0.10895487,0.33708644,822,0,0,unseen
5813056953,0.46079853,0.8169079,462,0,0,unseen
5813056984,0.42523882,0.76048195,337,0,0,unseen
5813057077,0.1774595,0.7005601,1007,0,0,unseen
5813057148,0.22863483,0.5741026,499,0,0,unseen
5813057153,0.61976236,0.903563,341,2,4,neg_only
5813057162,0.06926846,0.5531597,881,0,0,unseen
5813057164,0.21976948,0.5349624,159,0,0,unseen
5813057178,0.039219506,0.37510505,988,0,0,unseen
5813057210,0.3851621,0.84931827,1048,0,0,unseen
5813057227,0.3970087,0.886095,1074,0,1,unseen
5813057239,0.51822525,0.8249371,858,0,1,unseen
5813057274,0.05582284,0.5421874,648,0,0,unseen
5813057277,0.29984444,0.8048612,1130,0,0,unseen
5813057402,0.06264454,0.34639922,428,0,0,unseen
5813057404,0.11219328,0.57908756,533,0,0,unseen
5813057439,0.325091,0.7345878,1034,0,0,unseen
5813057464,0.23032615,0.71222275,807,0,0,unseen
5813057573,0.4797274,0.9581753,1064,0,22,unseen
5813057579,0.007547832,0.19425766,962,0,0,neg_only
5813057615,0.21484165,0.5558419,306,0,0,unseen
5813057660,0.4623788,0.61168593,4,0,0,unseen
5813057662,0.46411845,0.6610182,6,0,0,unseen
5813057675,0.14800802,0.36923048,319,0,0,unseen
5813057723,0.11812089,0.2679167,5,0,0,unseen
5813057757,0.16357239,0.89524436,607,0,0,unseen
5813057769,0.21378377,0.22533396,2,0,0,unseen
5813057853,0.12098094,0.42963538,684,0,0,unseen
5813057854,0.56204104,0.8458911,192,0,0,unseen
5813057861,0.061127756,0.30476388,1055,0,0,neg_only
5813057864,0.18901384,0.54258543,1243,0,0,unseen
5813057881,0.03663223,0.059914425,7,0,0,unseen
5813057923,0.23860948,0.53215593,18,0,0,unseen
5813057933,0.15133436,0.5821926,356,0,0,unseen
5813057963,0.14985973,0.5440225,193,0,0,unseen
5813057973,0.0899525,0.42215124,1061,0,0,unseen
5813058047,0.2727869,0.6033355,515,0,0,unseen
5813058048,0.12257857,0.41385904,715,0,0,both
5813058050,0.04808388,0.23829816,105,0,0,unseen
5813058069,0.48397458,0.92299795,1090,0,1,unseen
5813058085,0.10624311,0.2841493,335,0,0,unseen
5813058106,0.5682146,0.9070668,911,0,0,unseen
5813058137,0.104706205,0.24045113,7,0,0,unseen
5813058215,0.52716565,0.8407907,873,0,0,unseen
5813058222,0.090027854,0.5015035,1004,0,0,unseen
5813058224,0.07209382,0.1320852,6,0,0,unseen
5813058229,0.08703898,0.50690126,569,0,0,unseen
5813058272,0.10616029,0.39463857,335,0,0,unseen
5813058307,0.63130045,0.9379254,123,0,0,unseen
5813058310,0.2748714,0.8230705,924,0,0,unseen
5813058316,0.2855868,0.52353066,305,0,0,neg_only
5813058320,0.05940547,0.32348883,1042,0,0,unseen
5813058336,0.23308636,0.7634934,1046,0,0,unseen
5813058342,0.19222093,0.5743749,947,0,0,unseen
5813058350,0.12329163,0.440872,429,0,0,unseen
5813059875,0.116635755,0.6192155,390,0,0,unseen
5813059915,0.01557234,0.19240832,786,0,0,neg_only
5813059951,0.45775428,0.81892014,1139,0,0,unseen
5813060068,0.05852599,0.39811817,402,0,0,pos_only
5813060163,0.42041865,0.8845798,42,0,1,unseen
5813060340,0.2741162,0.9063411,124,0,1,unseen
5813060453,0.23044185,0.6313723,121,0,0,unseen
5813060643,0.4575449,0.88133776,1114,0,0,unseen
5813060663,0.24425268,0.8668111,1066,0,0,unseen
5813060701,0.40163523,0.8669923,1077,0,0,unseen
5813060726,0.054354876,0.21111949,993,0,0,pos_only
5813060768,0.11311652,0.7714679,1132,0,0,unseen
5813060774,0.39109606,0.88711697,1087,0,0,unseen
5813060776,0.47433057,0.8288143,1146,0,0,unseen
5813060787,0.16273558,0.5055515,343,0,0,neg_only
5813060798,0.1928582,0.7601639,923,0,0,unseen
5813060799,0.36314103,0.8917944,940,1,11,unseen
5813060812,0.3738835,0.8651074,1060,0,0,unseen
5813060817,0.11966287,0.6233803,96,0,0,unseen
5813060834,0.33788013,0.84029424,337,0,0,unseen
5813060982,0.14631395,0.50179887,152,0,0,unseen
5813061016,0.2050958,0.74454707,1198,0,0,unseen
5813061024,0.16614251,0.61919606,236,0,1,unseen
5813061044,0.47989878,0.8740448,1073,0,0,unseen
5813061049,0.18610446,0.42640024,14,0,0,unseen
5813061071,0.025396941,0.38546422,332,0,0,unseen
5813061114,0.10368621,0.49114424,1195,0,0,unseen
5813061126,0.1803994,0.5703263,1178,0,0,unseen
5813061197,0.38026455,0.80013615,37,0,2,unseen
5813061200,0.08535998,0.676743,648,0,0,unseen
5813061218,0.1545027,0.6539961,518,0,0,pos_only
5813061251,0.4337762,0.8872098,914,0,2,unseen
5813061299,0.26784733,0.64041066,257,0,0,unseen
5813061371,0.50828147,0.57743454,2,0,0,unseen
5813061389,0.19340402,0.39749518,94,0,0,unseen
5813061495,0.15077582,0.55139273,434,0,0,both
5813061530,0.07920761,0.21697196,8,0,0,unseen
5813061538,0.16720785,0.54342306,730,0,2,unseen
5813061591,0.24253112,0.6927688,258,0,0,unseen
5813061597,0.35995626,0.8774031,1091,0,0,unseen
5813061690,0.07219036,0.24507645,1080,0,0,unseen
5813061735,0.23512933,0.50178206,32,0,0,unseen
5813061760,0.44226578,0.9292453,29,0,0,unseen
5813061879,0.19623908,0.7651002,432,0,0,unseen
5813061934,0.21534196,0.6391109,1206,0,0,unseen
5813061974,0.28604156,0.7917258,756,0,0,unseen
5813062050,0.3143103,0.6053854,331,0,0,unseen
5813062096,0.31659952,0.5459076,34,0,0,unseen
5813062122,0.15179461,0.6916695,12,0,0,unseen
5813062161,0.20744124,0.691073,1273,0,0,unseen
5813062331,0.21616755,0.5956371,66,0,0,unseen
5813062565,0.5362536,0.8882145,878,0,0,unseen
5813062631,0.41340426,0.7979673,892,0,0,unseen
5813062635,0.08008312,0.54339784,1040,0,0,unseen
5813062637,0.49623302,0.92372334,1047,2,8,unseen
5813062649,0.34642878,0.79393166,1037,0,0,unseen
5813062698,0.07908425,0.40264255,534,0,0,unseen
5813062759,0.2149758,0.42083502,59,0,0,unseen
5813062781,0.23704053,0.65942043,93,0,0,unseen
5813062783,0.25473285,0.66697615,327,0,0,unseen
5813062838,0.07259276,0.29825565,609,0,0,unseen
5813062842,0.435183,0.89860296,1109,0,0,unseen
5813062850,0.39474183,0.88566846,1129,0,1,unseen
5813062858,0.10164803,0.34306017,337,0,0,pos_only
5813062866,0.088696174,0.38748476,819,0,0,unseen
5813062871,0.37071863,0.7560378,361,0,0,pos_only
5813062887,0.12936693,0.2585203,97,0,0,unseen
5813062942,0.38544688,0.92849,445,0,0,unseen
5813063093,0.050584745,0.20332134,344,0,0,neg_only
5813063140,0.4970434,0.91359746,978,1,5,unseen
5813063202,0.22630517,0.53259206,30,0,0,unseen
5813063224,0.5114546,0.8844231,860,0,0,unseen
5813063229,0.4845476,0.9390627,1079,0,1,unseen
5813063280,0.26319236,0.59070796,374,0,0,unseen
5813063356,0.44040614,0.70649415,10,0,1,unseen
5813063375,0.24761783,0.65008247,339,0,0,unseen
5813063449,0.46620563,0.9439446,1046,0,0,unseen
5813063829,0.21343136,0.5928104,486,0,0,unseen
5813063915,0.10142515,0.46527505,342,0,0,unseen
5813064332,0.0677277,0.36304232,1003,0,0,unseen
5813064406,0.18588002,0.4113914,154,0,0,unseen
5813064410,0.01650352,0.067032546,661,0,0,neg_only
5813064414,0.0968951,0.3529863,333,0,0,unseen
5813064415,0.38290876,0.6351598,49,0,0,unseen
5813064485,0.2486484,0.6478389,319,0,0,unseen
5813064789,0.079434186,0.25435907,310,0,0,unseen
5813064793,0.5202383,0.8669177,981,6,18,unseen
5813064828,0.11511114,0.28485933,341,0,0,unseen
5813065004,0.22122094,0.6033202,1072,0,0,pos_only
5813065111,0.26757368,0.4327846,10,0,0,unseen
5813065357,0.36290517,0.7542768,331,0,0,unseen
5813065443,0.4887292,0.90348357,1108,0,0,unseen
5813065519,0.169947,0.41739553,791,0,0,unseen
5813066838,0.2649287,0.42987105,20,0,0,unseen
5813067334,0.26687846,0.63299346,384,0,0,unseen
5813067479,0.086297624,0.42761514,827,0,0,unseen
5813067529,0.07637974,0.7020136,881,0,0,unseen
5813067725,0.5794794,0.81240404,9,0,0,unseen
5813067732,0.3154991,0.56408423,343,0,0,unseen
5813067736,0.4116298,0.91142225,1094,0,1,unseen
5813067779,0.435193,0.8757952,1089,0,0,unseen
5813067792,0.34851077,0.92228484,892,2,9,unseen
5813067793,0.31575373,0.8912977,914,0,3,unseen
5813067799,0.2388636,0.55850273,39,0,0,unseen
5813067839,0.1911267,0.5902617,912,0,0,unseen
5813067886,0.27562168,0.6563741,438,0,0,unseen
5813067929,0.030225623,0.09175424,20,0,0,unseen
5813067943,0.2852531,0.8705782,297,0,2,unseen
5813067945,0.48402554,0.8819981,93,0,0,unseen
5813067961,0.25404775,0.6402571,418,0,0,unseen
5813067970,0.09360032,0.43116587,399,0,0,unseen
5813067984,0.12082964,0.44530407,53,0,0,unseen
5813068174,0.17044248,0.47499588,128,0,0,unseen
5813068199,0.25271547,0.56117845,13,0,1,unseen
5813068239,0.29490334,0.7251102,73,0,0,unseen
5813068296,0.18033184,0.7439782,792,0,1,unseen
5813068500,0.15085189,0.43983516,331,0,0,unseen
5813068507,0.09510453,0.32980743,144,0,0,unseen
5813068559,0.072580144,0.2577358,285,0,0,neg_only
5813068669,0.026983626,0.0930574,283,0,0,neg_only
5813068687,0.49312282,0.77678245,888,0,0,unseen
5813068690,0.48658517,0.90846425,1098,0,0,unseen
5813068692,0.43472886,0.83150834,1143,0,0,unseen
5813068707,0.0415165,0.16488242,331,0,0,pos_only
5813068729,0.2991716,0.67191416,333,0,0,pos_only
5813068748,0.03024756,0.24142168,487,0,0,neg_only
5813068792,0.3326998,0.66317415,1075,0,0,unseen
5813068812,0.4148593,0.7562911,18,0,0,unseen
5813068915,0.09728545,0.5089021,612,0,0,unseen
5813068925,0.16382965,0.42156503,123,0,0,unseen
5813068964,0.14174348,0.46056533,333,0,0,unseen
5813068969,0.42620766,0.84310335,1016,0,0,unseen
5813069015,0.19501075,0.3319566,13,0,0,unseen
5813069020,0.3925793,0.77393186,60,0,0,unseen
5813069046,0.48905048,0.96596754,153,0,1,unseen
5813069053,0.36619362,0.7217755,65,0,0,unseen
5813069055,0.030157013,0.1531936,81,0,0,unseen
5813069072,0.13533564,0.3426807,327,0,0,unseen
5813069078,0.2430667,0.7433994,414,1,5,unseen
5813069085,0.03491826,0.23578824,149,0,0,neg_only
5813069087,0.21069947,0.55122906,1095,0,0,unseen
5813069114,0.48662353,0.9292352,1081,0,0,unseen
5813069140,0.4633596,0.6653711,316,0,0,unseen
5813069261,0.23536445,0.68136376,325,0,0,unseen
5813069285,0.33531258,0.6275938,52,0,0,unseen
5813069320,0.24515809,0.6271324,98,0,0,unseen
5813069324,0.27769297,0.76999557,1138,0,0,unseen
5813069337,0.26283622,0.8225022,974,0,0,unseen
5813069339,0.15164794,0.4896455,503,0,0,unseen
5813069379,0.34379226,0.872829,1107,0,0,unseen
5813069462,0.115033425,0.5427513,319,0,0,unseen
5813069489,0.17818205,0.47996098,349,0,0,unseen
5813069496,0.13645104,0.33738557,22,0,0,neg_only
5813069528,0.44930032,0.9118751,385,8,22,unseen
5813069594,0.38289785,0.64529514,170,0,0,unseen
5813069630,0.071482986,0.21001463,328,0,0,pos_only
5813069636,0.23490782,0.6077834,167,0,0,unseen
5813069648,0.4304893,0.7650008,344,0,0,unseen
5813069702,0.22361778,0.5219275,42,0,0,unseen
5813069767,0.14478092,0.38291806,158,0,0,unseen
5813069792,0.2951311,0.8684467,909,0,1,unseen
5813069965,0.23179665,0.69435585,294,0,0,unseen
5813069977,0.19873078,0.780449,257,0,0,unseen
5813070019,0.24268253,0.6815207,13,0,0,unseen
5813070070,0.08488547,0.3989067,301,0,1,unseen
5813070270,0.31088644,0.8284619,837,0,0,unseen
5813070362,0.35837802,0.601258,161,0,0,unseen
5813070465,0.36008662,0.75473595,382,0,1,unseen
5813070594,0.08670158,0.22660111,68,0,0,unseen
5813070613,0.091295965,0.35222375,214,0,0,neg_only
5813070672,0.31641504,0.67185146,836,0,0,unseen
5813070872,0.28304672,0.92577916,1025,0,6,unseen
5813071068,0.38961953,0.7545144,327,0,0,unseen
5813071078,0.1271315,0.41498575,389,0,0,unseen
5813071231,0.36423057,0.73462737,1168,0,0,unseen
5813071257,0.17826547,0.5580115,338,0,0,unseen
5813071266,0.28906032,0.7132075,321,0,0,unseen
5813071292,0.10439216,0.44148365,1210,0,0,unseen
5813071319,0.072756365,0.32765064,327,0,0,unseen
5813071348,0.08667085,0.29275888,463,0,0,pos_only
5813071354,0.18299691,0.60832965,975,0,0,unseen
5813071369,0.3385261,0.9494477,792,2,20,unseen
5813071475,0.32933354,0.7804295,1006,0,0,unseen
5813075196,0.03714976,0.23978025,132,0,0,unseen
5813075410,0.21843566,0.5442551,231,0,0,unseen
5813075524,0.3138665,0.85212797,146,0,0,unseen
5813075619,0.08075599,0.3369151,206,0,0,unseen
5813075649,0.21043706,0.47577226,125,0,0,unseen
5813075697,0.14646493,0.43426412,138,0,0,unseen
5813075728,0.19254678,0.35512283,537,0,0,unseen
5813075748,0.28168362,0.70267624,342,0,0,unseen
5813075754,0.45813745,0.8000747,148,0,0,unseen
5813075792,0.35415152,0.8507221,162,1,2,unseen
5813075855,0.32679334,0.90651387,1028,0,3,unseen
5813075875,0.06358866,0.36945674,332,0,0,unseen
5813075931,0.075974084,0.47053215,815,0,0,unseen
5813075998,0.51406705,0.8495295,356,0,0,unseen
5813076272,0.13606744,0.42194468,37,0,0,unseen
5813076338,0.36567166,0.7003422,33,0,0,unseen
5813076492,0.36866876,0.60678065,31,0,0,unseen
5813076969,0.0267055,0.32015747,152,0,0,unseen
5813077405,0.25446555,0.67271394,205,0,0,neg_only
5813077488,0.3359615,0.68087775,693,0,0,unseen
5813077544,0.29124242,0.7480195,341,1,4,unseen
5813077562,0.20729645,0.69963783,491,0,0,unseen
5813077567,0.106225625,0.29748273,189,0,0,unseen
5813077575,0.34748462,0.824311,900,0,0,unseen
5813077579,0.46386394,0.79813826,855,0,0,unseen
5813077583,0.44116986,0.87874484,1066,0,0,unseen
5813077611,0.38663852,0.8608197,1092,0,0,unseen
5813077613,0.4385914,0.8789671,922,0,0,unseen
5813077616,0.51262736,0.9215279,1133,0,1,unseen
5813077655,0.35419923,0.7768619,58,0,1,unseen
5813077658,0.49288562,0.8959699,174,0,0,unseen
5813077698,0.33704546,0.65019923,425,0,0,unseen
5813077803,0.35047308,0.5973658,17,0,0,unseen
5813077891,0.19633389,0.5320682,860,0,0,unseen
5813077945,0.15552302,0.4916775,1098,0,0,unseen
5813077950,0.45305297,0.7346045,339,0,0,unseen
5813077951,0.06908013,0.27144048,227,0,0,unseen
5813078004,0.19809683,0.71094334,63,0,0,unseen
5813078062,0.061727848,0.2888334,812,0,0,neg_only
5813078064,0.4576162,0.84510636,997,0,0,unseen
5813078065,0.10846818,0.5243878,1044,0,0,unseen
5813078068,0.51217884,0.779063,330,0,0,unseen
5813078074,0.11525914,0.29611066,319,0,0,unseen
5813078086,0.12780008,0.51696414,230,0,0,unseen
5813078088,0.1633779,0.31831673,4,0,0,unseen
5813078095,0.09990707,0.30319488,66,0,0,unseen
5813078176,0.39562902,0.91007113,569,0,4,unseen
5813078194,0.32445034,0.7024549,182,0,0,unseen
5813078199,0.15645611,0.4543383,42,0,0,unseen
5813078261,0.3390701,0.64429665,151,0,0,unseen
5813078350,0.19773474,0.5558803,243,0,0,unseen
5813078352,0.13911472,0.54812443,84,0,0,unseen
5813078438,0.3575023,0.85726386,503,0,1,unseen
5813078440,0.034184128,0.24459949,158,0,0,unseen
5813078487,0.2264831,0.8834676,827,0,0,unseen
5813078494,0.4870759,0.83085126,185,0,1,unseen
5813078504,0.13864902,0.58594656,1036,0,0,unseen
5813078542,0.020197302,0.1439872,775,0,0,neg_only
5813078552,0.4785645,0.91051435,1070,0,0,unseen
5813078557,0.28235665,0.618792,328,0,0,unseen
5813078563,0.27607813,0.82220906,582,0,0,unseen
5813078571,0.13235496,0.58507055,1065,0,2,unseen
5813078595,0.031390786,0.47632733,336,0,0,neg_only
5813078603,0.042772047,0.18861294,348,0,0,unseen
5813078629,0.42572388,0.7424057,337,0,0,unseen
5813078641,0.2722242,0.71368617,807,0,0,unseen
5813078708,0.10624234,0.4698382,339,0,0,unseen
5813079193,0.13061833,0.5289661,1204,0,0,unseen
5813079228,0.25261226,0.89308465,698,2,3,unseen
5813079244,0.2899408,0.6224937,160,0,0,unseen
5813079341,0.2973596,0.74836975,849,0,14,unseen
5813079452,0.10134637,0.43772787,236,0,0,unseen
5813079584,0.52612865,0.94624764,356,0,0,unseen
5813079585,0.30700138,0.6371605,46,0,0,unseen
5813080260,0.07812367,0.22889388,166,0,0,unseen
5813080282,0.09551417,0.41441834,227,0,0,unseen
5813080632,0.1959004,0.58932555,267,0,0,unseen
5813080768,0.059299994,0.43173116,1046,0,3,unseen
5813080769,0.18371786,0.5899815,150,0,0,unseen
5813080979,0.3811297,0.75866485,603,0,0,unseen
5813081176,0.35640922,0.7365677,883,0,0,unseen
5813081484,0.2625427,0.67671204,109,0,0,unseen
5813081494,0.12276915,0.4052571,291,0,0,unseen
5813081511,0.4844745,0.9181442,1087,1,6,unseen
5813081686,0.25277156,0.7289678,812,0,2,unseen
5813081797,0.5456879,0.9481488,1138,16,96,unseen
5813081799,0.19118541,0.44029263,120,0,0,unseen
5813081818,0.29957405,0.63356763,398,0,0,pos_only
5813081845,0.5809699,0.952854,191,0,0,unseen
5813081849,0.10380331,0.35172448,300,0,0,unseen
5813082120,0.26180863,0.66817826,17,0,0,unseen
5813082239,0.070474036,0.21815875,13,0,0,pos_only
5813082314,0.21063511,0.73423856,278,0,0,unseen
5813082723,0.1189829,0.4866282,1022,0,0,pos_only
5813082781,0.29119128,0.7250444,730,0,0,unseen
5813082811,0.35833907,0.81473124,1140,0,0,unseen
5813082847,0.4249781,0.82215065,1137,0,0,unseen
5813082948,0.36211082,0.9428157,533,7,22,unseen
5813083325,0.36092684,0.8196154,507,0,0,unseen
5813083359,0.51775265,0.7928831,298,0,0,unseen
5813083717,0.49204037,0.7493227,97,0,0,unseen
5813083719,0.3594174,0.8528697,1138,0,0,unseen
5813083723,0.3194127,0.8163577,442,0,1,unseen
5813083733,0.2757877,0.7414232,511,0,0,unseen
5813083766,0.2081817,0.57956356,655,0,0,unseen
5813083780,0.037606202,0.14290527,268,0,0,neg_only
5813083922,0.48793146,0.90150493,219,0,0,unseen
5813084505,0.56046724,0.8692416,856,0,0,unseen
5813084692,0.38990888,0.84850943,1047,0,0,unseen
5813085192,0.13999255,0.27959403,14,0,0,unseen
5813085201,0.2980464,0.76081467,381,1,1,unseen
5813085995,0.28542137,0.59918845,480,0,0,unseen
5813087453,0.38171676,0.8723299,1139,0,1,unseen
5813087454,0.25616226,0.53455883,277,0,0,unseen
5813087496,0.15599029,0.8015705,394,0,0,unseen
5813087532,0.19142994,0.6678074,857,0,0,unseen
5813087621,0.32971,0.44404075,8,0,0,unseen
5813087655,0.15334243,0.66330427,351,0,0,unseen
5813087817,0.17184149,0.44549325,349,0,0,pos_only
5813087868,0.19357438,0.6436495,834,0,0,unseen
5813087891,0.061129935,0.33322802,1254,0,0,unseen
5813087952,0.59451276,0.97604454,136,0,3,unseen
5813087982,0.1790853,0.46948397,56,0,0,unseen
5813087991,0.28293458,0.6614669,257,0,0,unseen
5813088391,0.16494949,0.53275794,194,0,0,unseen
5813088412,0.2656272,0.73703825,143,0,0,unseen
5813088415,0.21741438,0.68828493,696,0,0,unseen
5813088420,0.39355943,0.8213646,250,0,0,unseen
5813088458,0.15161481,0.81898105,321,0,0,unseen
5813088549,0.34371984,0.6367871,319,0,0,unseen
5813088641,0.16050142,0.48779315,329,0,0,unseen
5813088707,0.435158,0.7412749,990,0,6,unseen
5813088708,0.14629175,0.39091542,90,0,0,unseen
5813088767,0.4427062,0.948513,1058,1,1,unseen
5813088801,0.32189515,0.56017375,323,0,0,unseen
5813088921,0.21628365,0.64068705,65,0,0,unseen
5813089504,0.19820546,0.75033736,1000,0,0,unseen
5813089803,0.22723807,0.5403389,306,0,0,neg_only
5813090556,0.4073013,0.769716,334,0,0,unseen
5813090747,0.30153292,0.71673256,364,0,0,unseen
5813090755,0.23118421,0.6868201,1242,0,0,unseen
5813090856,0.523752,0.9383624,118,0,0,unseen
5813090947,0.27923635,0.6947763,292,0,0,unseen
5813091021,0.39263678,0.9119475,1088,0,0,unseen
5813091079,0.21217129,0.6344001,135,0,0,unseen
5813091091,0.4035171,0.68124694,402,0,0,unseen
5813091313,0.40995008,0.90023696,1149,0,1,unseen
5813091680,0.13319838,0.6539595,401,0,0,unseen
5813091744,0.3678351,0.8704598,1059,0,0,unseen
5813091758,0.26100895,0.7107683,325,0,0,unseen
5813092260,0.41380483,0.7048498,926,0,0,unseen
5813092931,0.4893097,0.9117071,1068,0,3,unseen
5813093171,0.16273178,0.38240308,182,0,0,unseen
5813094592,0.35186017,0.54046094,8,0,0,unseen
5813094811,0.4509239,0.8111682,386,0,0,unseen
5813094916,0.16958034,0.5692944,153,0,0,unseen
5813095018,0.38137826,0.812563,1088,0,0,unseen
5813095238,0.5852192,0.90051186,865,0,4,unseen
5813095395,0.09036872,0.2641806,297,0,0,unseen
5813095599,0.5640355,0.8856183,1191,12,54,unseen
5813095964,0.36177254,0.7007863,11,0,0,unseen
5813095998,0.17103218,0.67824584,807,0,0,unseen
5813096054,0.32582274,0.8787998,339,0,0,unseen
5813096129,0.12651001,0.53565174,203,0,0,unseen
5813096198,0.16113564,0.5528375,331,0,0,unseen
5813096626,0.54251,0.86366934,136,0,0,unseen
5813096638,0.26654714,0.67948085,328,0,0,unseen
5813096699,0.31944063,0.7431028,369,0,0,unseen
5813096718,0.24517316,0.7225416,789,0,0,unseen
5813097020,0.50837183,0.81356704,333,0,0,unseen
5813097021,0.11352567,0.76162165,54,0,0,unseen
5813097073,0.21524425,0.46607655,22,0,0,unseen
5813097142,0.25615653,0.6136819,308,0,0,unseen
5813097323,0.16657476,0.6964101,329,0,0,unseen
5813097582,0.10081018,0.4011014,246,0,0,unseen
5813097604,0.21671228,0.4932632,785,0,0,unseen
5813097615,0.11669044,0.4092761,359,0,0,unseen
5813097632,0.15563375,0.7691742,585,0,0,unseen
5813097634,0.1497543,0.47061396,432,0,0,unseen
5813098080,0.048079412,0.11448471,13,0,0,unseen
5813098223,0.39337242,0.7558537,292,0,2,unseen
5813098364,0.09074378,0.37319398,124,0,0,unseen
5813098368,0.013515482,0.16031976,264,0,0,both
5813098776,0.3626021,0.8282446,451,0,0,unseen
5813099340,0.16687556,0.5003051,970,0,0,unseen
5813099605,0.29816842,0.61254156,27,0,0,unseen
5813099653,0.247668,0.87841827,388,0,2,unseen
5813099667,0.17129809,0.5785102,397,0,0,unseen
5813100896,0.23780127,0.5328862,350,0,0,unseen
5813101387,0.50055635,0.8662494,950,0,2,unseen
5813103030,0.25251547,0.5796173,9,0,0,unseen
5813104095,0.37005836,0.8805381,999,0,0,unseen
5813104190,0.16738448,0.5611612,1177,0,0,unseen
5813104761,0.10648905,0.26237723,579,0,0,unseen
5813104910,0.26304725,0.8583818,429,0,0,unseen
5813105726,0.18771835,0.7122693,354,0,0,unseen
5813106089,0.4255501,0.7199007,12,0,0,unseen
5813108066,0.23440559,0.75588804,989,15,60,unseen
5813108129,0.2659997,0.50489557,366,0,0,unseen
5813108230,0.27836347,0.62112087,34,0,0,unseen
5813108370,0.15605481,0.4185733,128,0,0,unseen
5813108981,0.30285615,0.31131724,2,0,0,unseen
5813108983,0.16028826,0.503714,536,0,0,unseen
5813109941,0.14410271,0.6302217,338,0,0,unseen
5813110152,0.48366442,0.8963361,1078,0,0,unseen
5813110238,0.495033,0.940179,1125,0,4,unseen
5813110459,0.315547,0.77053905,1090,0,0,unseen
5813110639,0.19426562,0.866228,961,0,0,unseen
5813111042,0.5058544,0.8681396,847,0,0,unseen
5813111272,0.34217662,0.80380225,443,1,1,unseen
5813112511,0.4118396,0.87006265,1086,0,0,unseen
5813114253,0.4496509,0.9005885,1077,0,1,unseen
5813115796,0.2586077,0.7831748,187,0,0,unseen
5813117126,0.51220024,0.8142063,182,0,1,unseen
5813123042,0.14918552,0.39694318,458,0,0,unseen
5813123584,0.12800255,0.6675504,1093,0,0,unseen
5813123585,0.31029013,0.7043082,335,0,0,unseen
5813123804,0.30030656,0.7536953,347,0,2,unseen
5813124162,0.060667362,0.29530725,360,0,0,unseen
5813124740,0.20716204,0.5372362,292,0,0,unseen
5813125985,0.043050054,0.32619575,35,0,0,unseen
5813126031,0.27628994,0.75990653,395,0,0,neg_only
5813126319,0.37275684,0.84073955,125,0,0,unseen
5813127030,0.34844097,0.6934123,364,0,0,unseen
5813127525,0.43896967,0.7643827,238,0,0,unseen
5813128237,0.42480868,0.6789084,693,0,0,unseen
5813128240,0.31512886,0.7021629,234,0,0,unseen
5813128308,0.36678404,0.7289479,683,0,25,unseen
5813128313,0.08875199,0.6844578,329,0,0,unseen
5813128416,0.36944008,0.7190841,400,0,2,unseen
5813128537,0.34591573,0.6382914,304,0,0,unseen
5813128542,0.40856773,0.68738776,639,0,1,unseen
5813128857,0.53539306,0.9438783,1044,6,34,unseen
5813129114,0.1331038,0.40828264,546,0,0,unseen
5813129400,0.20175105,0.7924804,465,0,0,unseen
5813129453,0.105798185,0.63094145,326,0,0,unseen
5813129572,0.32660803,0.7008777,730,0,0,unseen
5813129573,0.16312958,0.7543668,376,0,0,unseen
5813130028,0.1791891,0.7357877,861,0,0,unseen
5813130229,0.3521216,0.774642,1254,0,0,unseen
5813130366,0.25197905,0.7685184,1059,0,0,unseen
5813132408,0.45604914,0.7883655,295,0,0,unseen
5813132515,0.080363646,0.3848942,896,0,0,unseen
5813132553,0.35302535,0.6224234,257,0,0,unseen
5813132949,0.050563615,0.21636143,95,0,0,pos_only
5813133134,0.24209227,0.7008852,985,0,0,unseen
5813133142,0.27228484,0.67110723,598,0,0,unseen
5813133312,0.23821737,0.5771694,848,0,0,unseen
5813133355,0.2324801,0.4653138,51,0,0,unseen
5813133463,0.13376947,0.512163,333,0,0,unseen
5813133489,0.22254665,0.58649486,35,0,0,unseen
5813133775,0.3026027,0.5254523,85,0,0,unseen
5813134055,0.38135698,0.7820298,1048,0,0,unseen
5813134082,0.5528458,0.90572417,524,2,34,unseen
5813134294,0.37079844,0.72122633,301,0,0,unseen
5813134617,0.37282896,0.5394513,9,0,0,unseen
5901118329,0.19873549,0.52771485,264,0,0,unseen
5901118359,0.6530861,0.93942016,119,1,2,unseen
5901193389,0.3313714,0.7816477,711,0,0,unseen
5901193416,0.2696099,0.52654827,67,0,0,unseen
5901193482,0.12738363,0.3642852,389,0,0,unseen
5901193523,0.081677474,0.40589517,320,0,0,unseen
5901193572,0.09135007,0.65140486,307,0,0,unseen
5901193642,0.2467712,0.577507,333,0,0,unseen
5901193671,0.18606117,0.48349315,679,0,0,pos_only
5901193715,0.31617475,0.6342557,116,0,0,unseen
5901193720,0.1612078,0.61521995,1170,0,0,unseen
5901193788,0.068587735,0.15433319,5,0,0,unseen
5901193890,0.08659109,0.5397494,982,0,1,unseen
5901194250,0.29604217,0.8321685,648,0,0,unseen
5901194314,0.21766457,0.82270646,419,0,0,unseen
5901194395,0.5939096,0.79952073,6,0,0,unseen
5901194556,0.42275816,0.8947362,658,1,7,unseen
5901194966,0.15946586,0.51000947,192,0,0,unseen
5901195066,0.24510747,0.68204606,143,0,0,unseen
5901195292,0.16025372,0.39317408,165,0,0,unseen
5901195352,0.2047461,0.6453547,345,0,0,unseen
5901195359,0.42918953,0.7009718,7,0,0,unseen
5901195487,0.31576923,0.6850371,205,0,0,unseen
5901195496,0.1343862,0.423271,236,0,0,unseen
5901195740,0.3656651,0.8470366,937,0,0,unseen
5901195761,0.21987106,0.533447,300,0,0,unseen
5901195945,0.120539926,0.120539926,1,0,0,unseen
5901196109,0.43177846,0.7469267,293,0,0,unseen
5901196176,0.4357502,0.6999348,50,0,0,unseen
5901196319,0.3687542,0.6247428,330,0,0,unseen
5901196481,0.487186,0.80477786,23,0,2,unseen
5901196806,0.09861277,0.35507393,240,0,0,both
5901196898,0.43015882,0.8481033,86,0,0,unseen
5901196925,0.35773245,0.9275974,853,0,5,unseen
5901197108,0.18543231,0.65153,1106,0,0,pos_only
5901197700,0.2873954,0.60675013,160,0,0,unseen
5901197726,0.43123588,0.791569,1014,0,0,unseen
5901197740,0.2959906,0.8471585,98,0,0,unseen
5901197773,0.25992295,0.5480422,40,0,0,unseen
5901198043,0.2280508,0.5981891,268,0,0,unseen
5901199267,0.25090364,0.6245099,80,0,0,unseen
5901199292,0.27616164,0.73458874,19,0,0,unseen
5901200775,0.50565827,0.8317275,100,0,0,unseen
5901200903,0.11354891,0.3902638,324,0,0,unseen
5901201029,0.1565837,0.33758256,4,0,0,unseen
5901201676,0.2886149,0.67073196,516,0,0,unseen
5901201909,0.24100998,0.61785406,370,0,0,unseen
5901202076,0.52480567,0.9239546,1093,0,1,unseen
5901202102,0.29621074,0.7214775,924,0,0,unseen
5901202488,0.23205365,0.3782131,6,0,0,unseen
5901203180,0.24354982,0.60224557,320,0,0,unseen
5901203462,0.21691172,0.42143178,40,0,0,unseen
5901203491,0.23850104,0.60123557,40,0,0,unseen
5901203505,0.11885989,0.48892438,198,0,0,pos_only
5901203559,0.44208467,0.76280576,480,0,0,unseen
5901203642,0.27625984,0.50724936,53,0,0,unseen
5901203671,0.12383534,0.41084963,14,0,0,unseen
5901203780,0.1588134,0.33696654,48,0,0,unseen
5901203887,0.26443934,0.79355186,132,0,0,unseen
5901203987,0.13403709,0.6853381,482,0,0,neg_only
5901204110,0.24141286,0.76999384,311,0,0,unseen
5901204412,0.28530493,0.6613044,135,0,0,unseen
5901205152,0.56587267,0.919481,107,4,8,unseen
5901205169,0.2925584,0.69437426,26,0,0,unseen
5901205545,0.10758775,0.42290136,222,0,0,unseen
5901205770,0.46602398,0.943451,1053,0,0,unseen
5901205793,0.13718212,0.4989445,384,0,0,unseen
5901206553,0.042913627,0.19962509,191,0,0,neg_only
5901207157,0.18117756,0.27004716,13,0,0,unseen
5901207252,0.43326178,0.87825197,129,0,0,unseen
5901207528,0.54340535,0.9237059,1049,0,0,unseen
5901207927,0.434836,0.8184662,24,1,2,unseen
5901208044,0.36220136,0.7493563,195,0,0,unseen
5901208658,0.25806203,0.71403277,154,0,0,unseen
5901208687,0.26483962,0.76240176,383,0,0,unseen
5901211087,0.33127233,0.69025284,12,0,0,unseen
5901211214,0.40468663,0.6098254,40,0,0,unseen
5901211960,0.46540228,0.7119497,15,0,0,unseen
5901212033,0.036097687,0.21976782,147,0,0,unseen
5901212200,0.23496285,0.6432657,70,0,0,unseen
5901212573,0.21761276,0.53955024,25,0,0,unseen
5901212906,0.24630255,0.72298855,1027,0,0,unseen
5901213155,0.14481859,0.4274429,221,0,0,unseen
5901213720,0.21705288,0.62548834,120,0,0,unseen
5901213816,0.32340524,0.6519871,237,0,0,unseen
5901213819,0.15574299,0.4393051,286,0,0,unseen
5901214002,0.47043127,0.78298,93,0,0,unseen
5901214470,0.29215604,0.739419,133,0,0,unseen
5901214610,0.104476824,0.4738183,332,0,0,unseen
5901214683,0.20271319,0.49215826,175,0,0,unseen
5901214960,0.17515421,0.40843612,162,0,0,unseen
5901214983,0.18966505,0.6545978,518,0,0,unseen
5901215396,0.31362224,0.57265455,16,0,0,unseen
5901215446,0.45812848,0.8965241,37,3,5,unseen
5901215703,0.15888685,0.5765275,336,0,0,unseen
5901215776,0.11679534,0.52371746,162,0,0,unseen
5901215834,0.31554684,0.49632457,36,0,0,unseen
5901215936,0.19592877,0.5996171,250,0,0,unseen
5901215952,0.4621151,0.9277066,80,0,0,unseen
5901215966,0.35967615,0.7389083,735,0,0,unseen
5901216375,0.16581243,0.6525998,1130,0,0,unseen
5901217908,0.06927967,0.3265271,37,0,0,unseen
5901218894,0.024176031,0.11159796,39,0,0,pos_only
5901218998,0.22432806,0.5340388,101,0,0,unseen
5901219107,0.2642074,0.516441,38,0,0,unseen
5901219179,0.35952422,0.35952422,1,0,0,unseen
5901219180,0.13926812,0.28889737,12,0,0,unseen
5901219320,0.09322725,0.5301243,340,0,0,unseen
5901219475,0.15988198,0.6256249,319,0,0,unseen
5901221363,0.34699804,0.8753673,592,0,1,unseen
5901221584,0.0875518,0.38761604,1133,0,0,unseen
5901222127,0.4751318,0.88504755,893,0,6,unseen
5901222683,0.032747738,0.16002896,334,0,0,unseen
5901222731,0.38996133,0.9655903,408,2,5,unseen
5901225201,0.2509335,0.46200874,154,0,0,unseen
5901225239,0.43784794,0.67508453,19,0,0,unseen
5901225358,0.03104439,0.25314233,573,0,0,unseen
5901230624,0.14323464,0.6864638,332,0,0,unseen
5901232053,0.0340533,0.14438789,193,0,0,neg_only
6400000773,0.06378125,0.7036457,479,0,0,unseen
7112579848,0.28632975,0.6874656,343,0,0,unseen
7112579856,0.15802363,0.62397224,130,0,0,unseen
