fc_id,em_id,score,label,cm_dist,moi_diff
G0239-F-000007,300972942,0,1.0,12.966691173596859,0.11489377119198385
TH-F-100099,331662710,0,1.0,33.15183192630841,0.002099133161358777
TH-M-000021,604289581,0,0.3,20.328706539388303,0.09924555849788011
TH-M-200035,452971138,0,0.6,28.23386766673113,0.06403438742457211
TH-M-300017,947573616,0,0.2,31.639161572311668,0.07120043318823974
Trh-F-000008,1671638278,0,0.9,6.725872311506785,0.019438840021639047
VGlut-F-200319,424716408,0,0.5,5.434185189103452,0.08904312794385222
Cha-F-300344,5813053836,0,0.7,15.985962266243172,0.046767220989807234
Gad1-F-000694,1480525278,0,0.0,22.38582763605595,0.21093589159814316
Gad1-F-000703,424716408,0,0.1,19.590015188536416,0.04570118056215872
Gad1-F-100784,832016427,0,0.7,16.284666540795353,0.025873458753547605
Gad1-F-500004,294436967,0,0.7,23.274459041330402,0.0729108169417667
Gad1-F-500321,574377562,0,0.7,5.841823593215011,0.009900278426301168
Gad1-F-600604,1793403571,0,0.8,20.341357925639596,0.0652461071606039
TH-F-000036,859265651,0,0.0,18.841071305743405,0.29293667288774156
TH-F-200004,5813011298,0,0.6,13.359506637396716,0.12082368009500499
TH-F-200085,1131827390,0,0.8,13.136547475240247,0.07711051572997565
Trh-F-100001,1225290633,0,0.6,16.34955272705235,0.3390749295045043
Trh-F-100066,5813062858,0,0.9,5.382720143855724,0.0784774871511207
VGlut-F-000177,5813056321,0,0.8,5.924834808538696,0.02051562412812077
VGlut-F-000463,1733677514,0,0.9,14.591564121503303,0.07318867780527283
VGlut-F-400757,1670597533,0,0.0,15.34564040065311,0.06651795492234651
Gad1-F-000694,5813057853,0,0.0,17.170777807031346,0.15096712353000577
Gad1-F-000694,1383016399,0,0.0,20.704959583357862,0.3117710656458886
Gad1-F-000703,421641859,0,0.0,40.56178803187546,0.08901192662525709
TH-M-100027,5813021583,0,0.0,49.28376992635146,0.19294135084343308
TH-M-200034,1406911688,0,0.0,22.526275972303637,0.15112430122645168
VGlut-F-400757,1640555311,0,0.0,17.12332026738465,0.1758843798349038
5-HT1B-F-500007,5813054777,0,0.7,14.765806059874498,0.08167786239111025
Gad1-F-000394,5901206553,0,0.3,20.414495011770697,0.13893607537397937
TH-F-000007,950229431,0,0.8,24.53673360335707,0.07759902660571942
TH-F-100061,792040520,0,0.8,15.586957867896169,0.018422480890786644
TH-M-000064,792040520,0,0.9,13.94649067405789,0.03586004434462144
TH-M-100005,950229431,0,0.7,37.75801138620055,0.1003844040851435
Trh-F-100092,5901206553,0,0.3,18.338992938526207,0.2060987832617064
Trh-F-400082,1671620613,0,0.4,21.84486978968194,0.07973081838557491
Trh-M-100046,891771553,0,0.0,88.94756793719431,0.22824831340855942
Trh-M-200112,2069652905,0,0.2,22.365540966040516,0.1670972274382256
VGlut-F-000475,5901206553,0,0.2,15.449406081209597,0.04310915405919462
Cha-F-000427,579576294,0,0.7,23.260765126877093,0.03268761988845025
TH-M-000030,736860990,0,0.0,67.15716163262108,0.14173584182348817
TH-M-200035,5813078062,0,0.0,24.387829001992188,0.22195346496674526
fru-M-400329,298258399,0,0.8,18.73115506860592,0.04637321471077561
fru-M-800135,360591860,0,0.8,30.274144864764672,0.041057440438955754
Cha-F-200447,667931999,0,0.7,4.82591752876718,0.03196681909979873
Cha-F-500144,1076159832,0,0.8,9.073424650722812,0.061574143636674857
Gad1-F-400249,948709216,0,0.7,12.223263571084216,0.05318921178368756
Gad1-F-700047,1230026402,0,0.8,18.171045814115278,0.2076485778246334
TH-M-700001,5813054384,0,0.7,38.697751875663066,0.08077079918759764
Trh-F-300072,947573616,0,0.6,44.02356371189975,0.13949872936878624
Trh-M-000077,5813057579,0,0.5,21.67749078218325,0.15514194277597268
Trh-M-000140,5813054384,0,0.7,20.4046911803158,0.06201045075487452
Trh-M-300128,5813049824,0,0.5,12.603053019255613,0.07416135367946669
VGlut-F-000077,550404663,0,0.7,12.30593009043895,0.22884773103189981
VGlut-F-000091,739256609,0,0.8,11.804069015301693,0.05154049969609138
VGlut-F-400014,550404663,0,0.7,12.400790386789396,0.20952455694761324
VGlut-F-700399,1255630350,0,0.7,24.6157712522675,0.03646939476702423
VGlut-F-100374,1888199872,0,0.8,15.14187634194794,0.1255990092863635
fru-M-200408,5813054384,0,0.7,44.84395245079088,0.05677199865502863
Trh-M-200022,297938585,0,0.8,52.84648583218875,0.2598356841793998
5-HT1B-F-500017,1946178096,0,0.5,21.115964483760802,0.08932218159313082
VGlut-F-500200,1130458829,0,0.8,18.805672387931384,0.07062155200532917
TH-M-200092,297183251,0,0.8,9.4468363521598,0.019381170983705776
VGlut-F-400233,975289165,0,0.8,8.375373838536786,0.24824115839487612
Cha-F-000239,5813054777,0,0.0,48.703056548987426,0.3830413458890075
VGlut-F-100118,1313849992,0,0.8,20.024322887415245,0.032448406725153256
Cha-F-800086,5812981543,0,0.9,51.21086593056596,0.09408736368737017
fru-F-200052,1228683492,0,0.0,91.67314309693454,0.22984794637888237
fru-F-400475,519591210,0,0.0,65.7378865870836,0.02501243191564166
fru-F-700114,1224258912,0,0.0,94.29793722097531,0.09463392346272485
fru-M-500174,977343309,0,0.0,70.899518626853,0.1358161171214699
fru-M-500377,5813057274,0,0.0,78.12560894551069,0.1289317075868019
Gad1-F-500524,1173045815,0,0.9,7.9333029926622824,0.06799799794533823
Gad1-F-502126,956138930,0,0.9,8.985330705362847,0.24094592270247897
Gad1-F-600109,1510648834,0,0.0,96.74966662387183,0.2631006842726635
Gad1-F-601324,5812980638,0,0.0,30.059129198803664,0.07663993667015415
Gad1-F-601324,1172372382,0,0.0,13.969843173201083,0.04426578196124674
TH-F-300073,328943204,0,0.6,51.51679309579783,0.02496877355021896
TH-F-700004,5813089803,0,0.0,92.43892133737762,0.11419759362395324
TH-F-700022,981362334,0,0.6,49.02739239014506,0.037414899751226645
TH-M-300021,5813049380,0,0.4,17.435206308050667,0.07971505492618425
TH-M-700013,644417074,0,0.7,7.926803456957545,0.12750571997841953
VT58722-F-700001,673509195,0,0.0,24.580472931172125,0.05929387079237462
VGlut-F-400898,1640922516,0,0.0,13.853194459164634,0.21097925972908613
Trh-M-500163,953410147,0,0.6,8.690703419455039,0.0008463109285803176
TH-M-000029,5813021602,0,0.6,23.915839575188656,0.061846612853411996
VGlut-F-800130,1640555311,0,0.5,15.636068590763609,0.08764131807036195
fru-F-000094,298603730,0,0.7,25.286043723622257,0.012355185329703968
VGlut-F-400757,5901196806,0,0.6,10.774669901681639,0.107709704824195
Cha-F-000239,1037293275,0,0.0,10.06665290015647,0.051706989210364665
VGlut-F-400757,5813034455,0,0.6,15.175179573931564,0.0872059701318287
VGlut-F-500002,5813021602,0,0.0,33.91373825246864,0.23588664379498486
Cha-F-400237,701201945,0,0.6,18.99496441754899,0.2208238954714208
TH-F-300037,361312808,0,0.0,29.074073655081982,0.07074533067334345
TH-F-000009,5813021112,0,0.0,8.276331491355492,0.1785696629923212
Trh-M-700039,543692985,0,0.0,12.19639323441819,0.17639200182125775
Trh-M-300071,953414780,0,0.6,12.946672935660557,0.04992200893031458
Cha-F-100135,422738252,0,0.0,20.505906725433782,0.05780576800967833
Trh-M-700039,516055524,0,0.0,23.943503615554008,0.10561979566591877
TH-M-000008,579268807,0,0.0,23.751600326835092,0.14454185587940735
TH-F-200037,422751191,0,0.0,21.932451350389965,0.2689546167366098
TH-F-100095,5813049380,0,0.0,27.20388278396876,0.09527028664763819
TH-F-200037,328611004,0,0.0,20.340682181079732,0.16192093043359995
TH-M-200064,328611004,0,0.0,17.076441333580245,0.14720185879279535
Trh-F-100066,707539688,0,0.0,16.500852535405702,0.16835491535188568
VGlut-F-400334,576825965,0,0.0,29.064278389856856,0.13296083234172623
Trh-M-100025,614081151,0,0.0,7.444966027376553,0.16742111404920196
TH-M-200013,1192019859,0,0.0,58.32963967201102,0.2638222968215357
Trh-M-700039,456847100,0,0.0,35.43928881765741,0.40939997794880517
VGlut-F-100003,704699661,0,0.0,67.28080229862348,0.25198263450044467
Cha-F-500071,764377593,0,0.3,28.805458778962414,0.1347790800010609
Trh-F-000008,693927941,0,0.0,59.79586492973276,0.239960934775509
VGlut-F-400334,5812980494,0,0.0,17.143761236993427,0.06874132564310943
VGlut-F-000177,1354368623,0,0.0,21.985188101327836,0.292632451760104
TH-M-200035,452953198,0,0.0,34.7054435656436,0.11577751599694054
TH-M-100057,925241334,0,0.0,27.188919280945264,0.06506181108219901
TH-F-200106,727652372,0,0.0,55.855054605678355,0.0761717058081165
VGlut-F-100125,329566174,0,0.0,103.02058583015948,0.15106950926296225
TH-F-200106,1134107162,0,0.0,51.65895101897824,0.2144950775609678
TH-F-200106,884916323,0,0.0,27.478717663996353,0.11397857852904107
TH-F-000012,573333835,0,0.0,76.87907800445446,0.29267716519371223
TH-M-300063,5812981000,0,0.0,97.47523132432687,0.07803879097309245
Cha-F-000009,1078693835,0,1.0,22.44359205403714,0.030490083707233367
Cha-F-800086,5812981264,0,1.0,55.94730652016385,0.08933766860695204
E0585-F-200015,457175171,0,0.8,26.55470622220612,0.17633571549366694
G0239-F-000001,300972942,0,1.0,14.012886630516874,0.10039238530008956
G0239-F-000001,5813068729,0,1.0,14.192242374517502,0.07566889632995454
G0239-F-000003,300972942,0,1.0,7.323975393466338,0.13343468948945866
G0239-F-000003,5813068729,0,1.0,8.044779757722434,0.10852529014884595
G0239-F-000005,300972942,0,1.0,9.820208531684392,0.15890861281268265
G0239-F-000005,5813068729,0,1.0,10.35320578205067,0.13400005959567032
G0239-F-000007,5813068729,0,1.0,13.456090549601154,0.09033818117576092
G0239-F-000008,300972942,0,1.0,8.38728235311167,0.08384343976737918
G0239-F-000008,5813068729,0,1.0,8.661076875411716,0.06209293540183988
G0239-F-000009,5813068729,0,1.0,20.62619045282841,0.08628183870632099
G0239-F-000009,300972942,0,1.0,20.1841640303166,0.11099452623184079
G0239-F-000012,300972942,0,1.0,12.061280526917464,0.07966884105165715
G0239-F-000012,5813068729,0,1.0,12.557826532282176,0.05645929566789125
G0239-F-000013,300972942,0,1.0,12.396975072603487,0.10998302217695456
G0239-F-000013,5813068729,0,1.0,12.980255479317762,0.08548963784052974
Gad1-F-300154,517854468,0,0.8,9.699282464656198,0.08672439931976297
Gad1-F-300154,423774471,0,0.8,11.51975269551098,0.07993269414577792
Gad1-F-400259,457175171,0,1.0,28.76420179201029,0.1486268139055291
Gad1-F-500365,768555687,0,0.8,4.500918249022476,0.05802753577986835
Gad1-F-500365,5812982924,0,1.0,2.5175790217223035,0.13397024122234372
Gad1-F-500365,672352543,0,1.0,5.229816394828359,0.06255946851348144
Gad1-F-500365,673085197,0,1.0,9.526667163444165,0.07914067895595722
Gad1-F-500365,706840303,0,1.0,7.502157870157964,0.11288077818140621
Gad1-F-700131,673085197,0,0.8,10.952899142531582,0.08478423718949399
Gad1-F-700131,706840303,0,1.0,6.609281344454458,0.06554027038415088
Gad1-F-700131,5812982924,0,1.0,2.1569985451057683,0.10047545194735662
Gad1-F-700131,768555687,0,1.0,3.001630132940103,0.04902760141486498
Gad1-F-700131,672352543,0,1.0,5.732458649465827,0.041851907231149905
TH-F-000101,331662710,0,1.0,21.359190941713102,0.05921007427089735
TH-F-100083,331662710,0,1.0,8.75142141195113,0.05018085220628215
TH-F-200033,517514142,0,0.9,17.666450337377327,0.14970526368838621
TH-F-200081,331662710,0,1.0,24.58995201784231,0.060017911270565286
TH-M-300021,517514142,0,0.8,21.831858285107725,0.11251882599515066
5HT1A-F-200016,1191315642,0,0.8,8.105830249189674,0.06494233977732569
Cha-F-400298,1167304403,0,0.7,6.232990494654116,0.037125345542094734
Cha-F-400298,1261000309,0,0.7,6.177042911179535,0.036161048155918904
Gad1-F-700172,5813039309,0,0.0,4.509092375071368,0.2239438950872784
TH-F-200037,331662710,0,1.0,13.772705453102217,0.03967686690489952
TH-F-200096,331662710,0,1.0,31.950895756090652,0.05117117886743826
TH-F-200106,5813041180,0,0.8,19.15146165209482,0.07528824319873392
TH-M-000008,1131827390,0,0.3,18.475419519248355,0.08637993042906715
TH-M-000021,550404663,0,0.2,33.22185014635249,0.17676704392921797
TH-M-000032,859265651,0,0.8,11.06032212263068,0.13410730573161433
TH-M-000032,5813027592,0,0.7,16.17529515623406,0.12291791948540344
TH-M-200035,294436967,0,0.8,21.938118409865844,0.0347722786404764
TH-M-300017,5813054384,0,0.8,34.31620901808691,0.08024982340281969
Trh-F-100052,361312808,0,0.5,38.65557418881535,0.11016135393130536
Trh-M-100024,329289084,0,0.8,26.195955074340034,0.012526180528540837
Trh-M-700039,5813021583,0,0.4,48.327165487719846,0.25140677753472446
Trh-M-700039,981000564,0,0.3,59.28298505355541,0.13554234198082066
VGlut-F-200143,328870472,0,0.8,14.044763669878057,0.071899268122404
VGlut-F-200143,298612190,0,0.4,27.5651720157969,0.104608565236132
VGlut-F-200251,548712377,0,0.8,6.056021156175754,0.07093131513766326
VGlut-F-200251,5813020996,0,0.8,21.2469915302956,0.09764093573705789
VGlut-F-200392,857793013,0,0.3,20.516310888391093,0.14748726909064125
VGlut-F-400186,1762359683,0,0.0,13.611458753682895,0.21304998508802403
VGlut-F-400186,1916800213,0,0.0,17.895823421340484,0.14206968617308763
VGlut-F-700541,1762359683,0,0.0,19.971425789770947,0.16244670347696036
VGlut-F-700541,1888199872,0,0.7,18.58884429710038,0.16271300883115852
Cha-F-000088,1640887603,0,0.7,14.938203321695855,0.06726680939010372
Cha-F-000088,5813047691,0,0.7,14.34757435255477,0.08959812785120744
Cha-F-000239,1640572741,0,0.0,47.889686877873785,0.3725049194045281
Cha-F-000239,5813054726,0,0.0,48.1601149129783,0.3766559339077201
Cha-F-000329,640539567,0,0.7,33.32890896416783,0.138676758715585
Cha-F-000329,1043705078,0,0.7,23.47040392499681,0.09480418769060255
Cha-F-000427,573670049,0,0.7,18.913405488009186,0.012635600337357578
Cha-F-000427,573333284,0,0.7,16.950700871575208,0.03909746146417312
Cha-F-000461,487144598,0,0.3,41.06391349133521,0.22816123352188175
Cha-F-100135,393063351,0,0.7,5.738153473667877,0.018718655462641783
Cha-F-200299,5813027276,0,0.6,10.171411115191137,0.21315465028958347
Cha-F-200299,1321564092,0,0.5,27.027539648415768,0.09232465550871351
Cha-F-300267,328611004,0,0.7,11.031291450510611,0.07249611064838038
Cha-F-300344,5812978978,0,0.7,14.159587499455625,0.14677375511669297
Cha-F-300344,859507274,0,0.7,18.1349301473426,0.1367036535791012
Cha-F-400237,5813098368,0,0.3,22.38955893654298,0.1328046989170793
Cha-F-400237,5813027276,0,0.4,15.115390139275291,0.3019166022362292
Cha-F-500071,1105169664,0,0.8,24.933080961935485,0.28411986365908115
Cha-F-500071,1012954687,0,0.5,22.783054061316566,0.16734120456675475
Cha-F-500310,5813009312,0,0.1,12.154563063900168,0.08869657648749642
Cha-F-700236,360259229,0,0.0,32.27542613602208,0.35815883357620415
Cha-F-800090,296139882,0,0.6,7.334062847675218,0.05085234287948198
Cha-F-800090,297251714,0,0.6,8.612361427786192,0.03512204079086122
E0585-F-600004,5813010510,0,0.5,17.841798296546692,0.08664342518171156
GH146-M-000001,610274029,0,0.8,28.48541525130414,0.09871445056465117
Gad1-F-000245,953414780,0,0.0,30.276291486445597,0.07401498317181929
Gad1-F-000694,5813033371,0,0.3,21.188174434209934,0.3446753214965692
Gad1-F-000703,5813068669,0,0.2,64.42278872678803,0.02110640704256058
Gad1-F-100171,1224595608,0,0.7,29.174503289396224,0.01767763298459603
Gad1-F-200186,1916800213,0,0.2,20.510038714696595,0.024266587106129965
Gad1-F-200186,1762359683,0,0.0,24.482507964812648,0.12804571096150463
Gad1-F-200219,5901197108,0,0.7,12.330411943536733,0.05827694282545123
Gad1-F-200247,543692985,0,0.6,25.290810391478082,0.08629920791193882
Gad1-F-200719,5813039309,0,0.0,9.329920439282743,0.042921941409850124
Gad1-F-200719,1640555311,0,0.0,13.051250443461395,0.2803958027558473
Gad1-F-400220,550638250,0,0.7,6.925026289009028,0.01689135877763988
Gad1-F-500457,1261423370,0,0.7,5.05584939893509,0.03412305401013184
Gad1-F-600059,328546871,0,1.0,13.29285123468326,0.06341325245775344
Gad1-F-700193,634379734,0,0.8,73.19751368538351,0.009767588656864981
Gad1-F-700607,977338882,0,0.7,15.787840279939081,0.047305706793873366
Gad1-F-700607,915610561,0,0.7,14.633569099103964,0.06912261128437827
Gad1-F-700607,1008378609,0,0.7,11.531867837348639,0.07169939588126832
Gad1-F-800371,5813082723,0,0.6,13.13683907477488,0.2950759540995172
Gad1-F-900395,5813049380,0,0.8,4.462519646826367,0.0207144334269085
TH-F-000009,5813054384,0,0.9,31.08282233656397,0.03926117385337427
TH-F-000009,1378251040,0,0.6,32.30564154522297,0.02516999311030629
TH-F-000010,5812980529,0,0.7,15.493842183814486,0.047444272559937745
TH-F-000010,360591860,0,0.6,10.305737752092348,0.010161365009667385
TH-F-000010,5901203505,0,0.7,7.262772505009831,0.06100911573339675
TH-F-000012,487144598,0,0.0,37.325051786102044,0.2018804336917034
TH-F-000019,859265651,0,0.7,3.720020282042559,0.14013563888960284
TH-F-000019,5813027592,0,0.5,14.383077285457194,0.21630370872060883
TH-F-000046,604289581,0,0.0,22.18193333057623,0.10523851066233146
TH-F-000046,550404663,0,0.1,30.02225040497032,0.2393649631950663
TH-F-000079,1378251040,0,0.1,33.90179070526821,0.14615349551556311
TH-F-000091,331662710,0,1.0,2.5983872471588514,0.047592755874423125
TH-F-100005,1378251040,0,0.0,36.090955867281224,0.0363883366502302
TH-F-100005,5813054384,0,0.8,25.41591031617417,0.07362820360018402
TH-F-100036,360591860,0,0.7,12.8171945245442,0.01039651425251756
TH-F-100036,5901203505,0,0.6,7.750486394907884,0.05713332256036415
TH-F-100050,1131827390,0,0.8,22.062732892821913,0.12067475629178369
TH-F-100075,859265651,0,0.0,19.719704455110712,0.30282546250044506
TH-F-100095,331662710,0,1.0,42.54450700002925,0.026727966824487432
TH-F-200004,859265651,0,0.0,22.32805208237223,0.305431355721473
TH-F-200010,331662710,0,1.0,13.614881927971751,0.035413507355667416
TH-F-200026,5813009595,0,0.9,8.23073670559587,0.024314560844215283
TH-F-200034,331662710,0,1.0,35.43025721013794,0.017166087290552128
TH-F-200064,331662710,0,1.0,24.82205513141727,0.026770607656995665
TH-F-300037,331662710,0,1.0,22.883107939543073,0.013515413461989837
TH-F-300046,1131827390,0,0.8,13.547115865693144,0.1177647128350276
TH-F-300062,5813060068,0,0.8,10.842099939838558,0.10685797736364278
TH-F-300078,5813071348,0,0.9,23.19604322835492,0.10447695404109035
TH-F-700015,1224941044,0,0.9,34.57771659841636,0.16992104453620716
TH-M-000029,859265651,0,0.8,11.714784777151143,0.15416404775672315
TH-M-000029,510049477,0,0.6,19.853584167044247,0.05412179617436134
TH-M-000030,792692885,0,0.1,22.65580118776981,0.054467227065799276
TH-M-000045,331662710,0,1.0,22.496143423700055,0.017513448597925717
TH-M-100016,331662710,0,1.0,33.13684667448337,0.0223598797637962
TH-M-100027,947573616,0,0.2,31.11956189056625,0.106553364321086
TH-M-100027,5813054384,0,0.7,30.715424033852212,0.04491142037102973
TH-M-100057,1198330286,0,0.8,21.482195366907206,0.07200180521016852
TH-M-100063,1198330286,0,0.8,18.284824257289557,0.054803513054470024
TH-M-200010,422738252,0,0.9,13.168300815872978,0.09217597044723896
TH-M-200013,5813062871,0,0.9,20.88173887326414,0.14381548688327953
TH-M-200034,5813054384,0,0.8,29.057067428213774,0.047839296328212655
TH-M-200034,947573616,0,0.2,32.37974665938034,0.10479766827232095
TH-M-200049,331662710,0,1.0,19.728802017020836,0.012647876305235659
TH-M-200064,331662710,0,1.0,28.08890126403707,0.026866980164468018
TH-M-200095,422738252,0,0.9,16.959686188486568,0.07030834590378038
TH-M-300005,1131827390,0,0.9,27.443743553454148,0.12244765267161978
TH-M-300063,5813009595,0,0.8,19.305254380626906,0.01790993473465718
Trh-F-100038,1671638278,0,0.9,9.15248587558502,0.043064093756041394
Trh-F-300112,957506896,0,0.9,12.860869516231826,0.04076911169340562
Trh-F-400055,957506896,0,0.9,10.614895700773697,0.04197315751063468
Trh-M-000172,1671638278,0,0.9,15.882777541099149,0.05714715547563973
Trh-M-100020,361312808,0,0.8,40.170990709469734,0.12508235269395307
Trh-M-100025,1225290633,0,0.6,9.749126243548865,0.324175459073067
Trh-M-100025,5813062858,0,0.8,8.978920727221148,0.053515321987903534
Trh-M-100037,1671638278,0,0.9,25.38720173203565,0.11400154810158052
Trh-M-100060,297230760,0,0.8,22.82631469185478,0.11981680523994491
Trh-M-100060,361312808,0,0.9,28.32885085372248,0.056193934950202945
Trh-M-100071,673746277,0,0.2,26.278053499085317,0.13737466812943022
Trh-M-100071,1225290633,0,0.6,7.508831334409721,0.3026865581048915
Trh-M-200043,5813054716,0,0.4,8.192463390329976,0.2131465896471035
Trh-M-300071,977339122,0,0.7,9.969326539268996,0.15079117769313544
Trh-M-300138,922069357,0,0.9,13.228614144203748,0.054222842146031236
Trh-M-300138,832016427,0,0.9,8.701405703794356,0.06833814059853559
Trh-M-300138,957506896,0,0.9,14.548746435181652,0.03892030260850184
Trh-M-300140,5813053851,0,0.9,12.698383853958076,0.07095445721864958
Trh-M-300140,957506896,0,0.9,14.388460456449309,0.02545422268783659
Trh-M-400023,5813053851,0,0.9,16.83084367151962,0.010970673266680976
Trh-M-400052,957506896,0,0.9,14.85009879385621,0.10498381452003282
Trh-M-400052,5813053851,0,0.9,10.280295719524574,0.05581220699520817
Trh-M-400110,5813053851,0,0.9,8.513328613807781,0.038067180517658665
Trh-M-400110,5813065004,0,0.7,11.061823331560953,0.16017164686979593
Trh-M-400131,832016427,0,0.9,12.705492454725636,0.034316263299261913
Trh-M-500163,922354084,0,0.9,15.289834602863468,0.036281528441718044
Trh-M-500163,829598814,0,0.9,16.810892580064277,0.03494212315886602
VGlut-F-000016,5813027276,0,0.8,28.387616131575445,0.1589555790406946
VGlut-F-000016,950880008,0,0.8,9.602271287706925,0.19622877460037494
VGlut-F-000111,5812987694,0,0.4,32.04216567013165,0.3218207583275311
VGlut-F-000111,5813021583,0,0.5,23.39580149336315,0.31207029302608547
VGlut-F-000158,298254384,0,0.7,9.090496883455753,0.16574180745525097
VGlut-F-000158,5813020785,0,0.6,30.74863682237375,0.21278268252765709
VGlut-F-000303,5813011119,0,0.8,8.466314694258193,0.055861225256785156
VGlut-F-000556,885168486,0,0.8,14.602671168629994,0.07928131318613135
VGlut-F-100002,914778159,0,0.7,54.02732356915652,0.08544734476609928
VGlut-F-100003,1671638278,0,0.9,27.807842097756154,0.07330062248898736
VGlut-F-100035,575768294,0,0.8,5.461118912668026,0.03311662313416329
VGlut-F-100125,1107081827,0,0.8,36.72277839840997,0.3310878499710546
VGlut-F-200036,797442049,0,0.7,8.2490652257169,0.054275166853864125
VGlut-F-200036,5813059915,0,0.3,48.91683732402218,0.15338830433079892
VGlut-F-200062,297251714,0,0.6,17.200407293519955,0.016775984846064986
VGlut-F-200062,296139882,0,0.6,8.307478599111434,0.027959336602960145
VGlut-F-200459,5813011119,0,0.8,5.337693019301839,0.01961768258772855
VGlut-F-300438,329566197,0,0.9,15.517707215004755,0.043412443754602306
VGlut-F-400049,297917475,0,0.8,6.453466811904985,0.013085904532653205
VGlut-F-400184,1762359683,0,0.0,11.83425446136791,0.25182181746162274
VGlut-F-400184,1667251683,0,0.5,12.899664978892696,0.2532685801287221
VGlut-F-400334,447599745,0,0.8,13.00392787684308,0.07731562278275599
VGlut-F-400757,5813039309,0,0.0,14.396921498446464,0.15104912746011043
VGlut-F-400898,1762359683,0,0.0,14.473718997079935,0.17105876818024784
VGlut-F-400898,1916800213,0,0.0,18.43262542419867,0.08888530149924552
VGlut-F-500002,5813011298,0,0.7,9.477742587549082,0.14645036171668016
VGlut-F-500335,1762359683,0,0.0,20.760640109154913,0.22287272147384288
VGlut-F-500335,5813039309,0,0.0,19.886003500697083,0.06794849270230731
VGlut-F-500876,1640555311,0,0.0,9.977789108499268,0.2389857106112709
VGlut-F-500876,1639886198,0,0.0,10.488253670057258,0.07213243187142615
VGlut-F-600204,5813061218,0,0.9,6.976709663618221,0.09957225858897442
VGlut-F-700261,5813047489,0,0.7,21.216147863029878,0.12227951532873925
VGlut-F-700261,5813057579,0,0.4,33.51254321204893,0.22122156971158774
VGlut-F-800130,1671620613,0,0.6,30.51931373604411,0.1219102803370978
VGlut-F-800130,1762359683,0,0.7,17.087595982665253,0.08668014739108318
fru-F-000094,422751191,0,0.7,28.79577849637352,0.1258365341370471
fru-F-000131,360591860,0,0.7,6.755514937081022,0.015445364489495229
fru-F-000131,298258611,0,0.8,14.752613867392412,0.02120198150625609
fru-F-000131,5812980529,0,0.8,12.705169826458302,0.05387296954794745
fru-M-000335,673776769,0,0.7,32.181061915527685,0.011057385548266851
fru-M-000339,329289084,0,0.8,13.119946331963394,0.031638615269109195
fru-M-000339,452029745,0,0.8,7.843786647379876,0.04728120347218221
fru-M-300299,579268807,0,0.8,12.56100191748316,0.040341628820579005
npf-M-300037,5813069630,0,0.9,9.898429236046628,0.06698963990932724
Cha-F-000088,1670597533,0,0.6,10.825788609100389,0.07102005851709467
Cha-F-000239,1672320134,0,0.0,48.45465171412813,0.3703703876061155
Cha-F-000239,5813069085,0,0.0,46.8686913029447,0.36656791308505426
Cha-F-000239,1704347707,0,0.0,51.94194395914979,0.4281245634445669
Cha-F-200299,950880008,0,0.3,27.696851388829334,0.13863121296661982
Cha-F-200299,5813023322,0,0.3,28.579403946220754,0.029866987809468903
Cha-F-200299,5813098368,0,0.3,15.354367745557736,0.13545489382913065
Cha-F-300344,5813047970,0,0.7,23.989070020577408,0.09798691827697656
Cha-F-300344,951916894,0,0.7,5.331578532857103,0.10047425649381045
Cha-F-400237,1321564092,0,0.5,25.375776654183053,0.16824175766006358
Cha-F-400237,950880008,0,0.5,25.652513328351358,0.15712630037048775
Cha-F-400237,951234513,0,0.0,7.473251961717766,0.24143724277337006
Cha-F-800090,361312808,0,0.0,15.058508665619032,0.22850509232491767
Cha-F-800090,487144598,0,0.0,43.348318676890344,0.2225248538236611
Cha-F-800090,329897255,0,0.0,49.684128533408995,0.02883831789375049
Gad1-F-000694,5813070613,0,0.0,23.748891907799504,0.27018444589554935
Gad1-F-000703,360259229,0,0.0,30.647828927402067,0.06552150859233893
Gad1-F-200186,1702306037,0,0.0,29.189806980057693,0.19633691621447136
Gad1-F-200186,5813039309,0,0.0,24.138239044409406,0.09222067816755819
Gad1-F-200186,5813034455,0,0.6,30.11130340812709,0.061424362248589624
TH-F-000009,1406911688,0,0.5,24.30709028875711,0.16807646662068343
TH-F-000010,298258611,0,0.6,20.092648426682285,0.01575629525694739
TH-F-000019,675767414,0,0.0,10.772644217242178,0.22733082041821076
TH-F-000019,510049477,0,0.0,11.558476728440155,0.3263592877918625
TH-M-000029,675767414,0,0.0,7.414479955077025,0.25350870626146116
TH-M-000032,675767414,0,0.0,6.903178019583463,0.25691399795513226
TH-M-000032,611629428,0,0.3,10.515186899383705,0.11408261397456633
TH-M-100027,5813057579,0,0.0,39.434677936131095,0.0644667999279413
TH-M-100027,797442049,0,0.0,38.1879452893963,0.10948549778234426
TH-M-200034,5813021112,0,0.4,9.777748560639827,0.15275368957414553
TH-M-200034,797442049,0,0.0,39.42723332640431,0.1077048013919169
TH-M-200035,387870860,0,0.0,24.26771366917018,0.13694063865495326
TH-M-300017,5813021112,0,0.2,8.293865887669794,0.11881433162315684
TH-M-300017,1406911688,0,0.3,27.155662728937386,0.15087325839492838
Trh-M-100025,673746277,0,0.0,23.249564014681372,0.15825241860427078
Trh-M-100060,297251714,0,0.2,14.069299777501993,0.2302488500747472
Trh-M-100071,5813062858,0,0.7,12.084145661805055,0.03254216193740555
Trh-M-500163,5813033196,0,0.7,13.538334924192355,0.02298612595452513
Trh-M-700039,797442049,0,0.2,56.74383200729114,0.2856553246638371
VGlut-F-000016,5813098368,0,0.5,24.89312056320593,0.20919436900255178
VGlut-F-000016,1321564092,0,0.7,9.887311442944739,0.11909631870450398
VGlut-F-000016,857793013,0,0.0,36.99441917409725,0.33580655401431214
VGlut-F-000111,5813057579,0,0.0,20.83220697923401,0.1972567295854059
VGlut-F-000158,328870472,0,0.0,19.90561788604982,0.2580592439659046
VGlut-F-000158,298612190,0,0.0,6.488109165892677,0.22489708528595354
VGlut-F-000158,5813078542,0,0.0,11.955890922669274,0.05226679840735415
VGlut-F-200036,947573616,0,0.0,12.668851797294439,0.05734102207306725
VGlut-F-200062,329225149,0,0.0,52.37746910231491,0.033880302079162254
VGlut-F-200062,361312808,0,0.0,15.023553579601641,0.2059409344285673
VGlut-F-200062,329897255,0,0.0,51.840963486922945,0.009108424770911642
VGlut-F-200143,298254384,0,0.0,25.005076082816483,0.17855620797235255
VGlut-F-200143,5813020785,0,0.0,8.131234314101743,0.1305091885264602
VGlut-F-400184,1704347707,0,0.0,14.251779355454737,0.3039281497369773
VGlut-F-400186,5813034455,0,0.6,13.439960520357472,0.12707359020026657
VGlut-F-400757,1888199872,0,0.7,14.53618294079194,0.026459041046897582
VGlut-F-400757,1762359683,0,0.0,15.312244835111706,0.0873656859651465
VGlut-F-400898,1702306037,0,0.0,16.18752209043762,0.24838048589447997
VGlut-F-400898,5813034455,0,0.7,12.113786559487394,0.08303213568137352
VGlut-F-500876,5813039309,0,0.0,11.361536892447461,0.031849525097203034
VGlut-F-700261,5813021112,0,0.0,25.490732937743243,0.08102622334488278
VGlut-F-700541,5813039309,0,0.0,19.60124677115251,0.03250461394318722
VGlut-F-700541,1702306037,0,0.0,22.258210303150296,0.23985272409890146
VGlut-F-800130,1640887603,0,0.0,24.61863921754512,0.08475295652248983
VGlut-F-800130,1578826464,0,0.0,24.633073854211286,0.08026865264236559
VGlut-F-800130,1640922754,0,0.0,20.32718211847115,0.10310911654566571
Trh-M-800009,1016835041,0,1.0,20.51477566450987,0.015467514904271135
Trh-M-000163,1048215779,0,1.0,24.23986709638426,0.02483375000892692
Trh-M-800009,1048215779,0,1.0,19.685411328852183,0.027284339661676947
fru-M-100018,1048215779,0,1.0,17.615753857694607,0.03423355372743198
Gad1-F-700282,547552266,0,0.7,14.829763935053794,0.2644065824405469
fru-M-100214,5813022234,0,0.9,87.35397335964481,0.05461882578733259
Trh-F-400040,613719036,0,0.9,5.162204110952695,0.10610591183337761
5-HT1B-F-500007,5813018460,0,0.3,18.49121843609485,0.07173013843442297
Cha-F-100152,1671620613,0,0.4,22.340296608688245,0.07877627623979484
Cha-F-100152,5813018460,0,0.3,13.79881510460184,0.09536467690342204
Cha-F-100358,1671620613,0,0.4,29.478833947423414,0.09324430259668016
Cha-F-100358,1578826464,0,0.5,23.523101510018964,0.11444101342801663
Cha-F-300304,5813056598,0,0.5,8.430234671577287,0.17481773283975652
Cha-F-300304,5813054725,0,0.5,11.681320460758837,0.11278295629024004
Cha-F-300425,1671620613,0,0.4,26.650547186147236,0.05152227036275314
GH146-M-000001,610274046,0,0.9,28.872646560500243,0.09391368549226232
Gad1-F-000429,5813034493,0,0.7,23.196024169696983,0.14774094040766253
Gad1-F-000429,1730327790,0,0.7,21.59608078300841,0.1557094077287477
Gad1-F-100409,1640572741,0,0.6,10.00967899474408,0.06889543917291258
Gad1-F-100409,5901218894,0,0.6,10.737913141642709,0.09335061161416403
Gad1-F-200461,5901196806,0,0.2,6.863576408990779,0.038787332198415236
Gad1-F-200461,2069652905,0,0.4,11.4097521276162,0.11012344314219766
Gad1-F-400473,1669924220,0,0.8,12.18259459512621,0.11788324879813006
Gad1-F-400473,5901206553,0,0.3,15.809321888121469,0.19262620273977685
Gad1-F-500348,5813027235,0,0.1,88.06600325342252,0.05384756803824138
Gad1-F-600662,5813018460,0,0.3,4.631064254664129,0.024870096898454652
Gad1-F-600662,1671620613,0,0.4,17.01670725788727,0.07730914879157069
Gad1-F-700086,1888199872,0,0.1,32.3419712749151,0.04882720478816525
Gad1-F-700086,5813034455,0,0.1,35.176651854534256,0.07480933037856133
TH-F-000003,792040520,0,0.7,27.620496187065605,0.022667317118065505
TH-F-000007,792040520,0,0.8,16.371788073858184,0.044901107742675916
TH-F-000086,792040520,0,0.8,22.47370909135086,0.06889805974279675
TH-F-000086,950229431,0,0.8,30.906534470176968,0.10308073130232172
TH-F-100020,792040520,0,0.8,17.001132749790585,0.07769610836879821
TH-F-100020,950229431,0,0.8,24.79232188772005,0.10898846457352115
TH-F-100103,792040520,0,0.8,22.802856430666786,0.029173504457884747
TH-F-300046,1289359184,0,0.9,12.33823418368451,0.1055883038784001
TH-M-000064,950229431,0,0.8,21.894647244023826,0.02940209678899793
TH-M-100000,792040520,0,0.8,26.99163076371314,0.007933160659802551
TH-M-100000,950229431,0,0.8,33.780859226046005,0.03718716490238265
TH-M-100005,792040520,0,0.7,29.359191727310506,0.0657092744376539
TH-M-100083,792040520,0,0.8,24.289379925092728,0.024837747010922333
TH-M-100083,950229431,0,0.7,32.71597337767192,0.04462843284735098
TH-M-200011,792040520,0,0.7,37.89647266985585,0.050754440420124065
TH-M-200052,792040520,0,0.7,33.461673256544984,0.0414760371746363
TH-M-300030,792040520,0,0.8,24.843790947310325,0.03791245191697106
TH-M-300030,950229431,0,0.8,32.41332644442551,0.07235795780699325
Trh-F-100080,2069652905,0,0.2,9.143896441397542,0.08518500303558775
Trh-F-100080,5901206553,0,0.3,20.860412212691635,0.062136572938951085
Trh-F-100088,1640922516,0,0.8,12.922358196515297,0.06253121080907123
Trh-F-100088,5813034493,0,0.7,13.776968389772916,0.15043461591197493
Trh-F-100092,5813018460,0,0.3,15.865256727907315,0.2628904462494657
Trh-F-200060,5813018460,0,0.3,17.738892821226813,0.0806512559557113
Trh-F-200060,1669924220,0,0.3,14.417534660922776,0.12872687278586686
Trh-F-200123,2069652905,0,0.3,15.36608219268554,0.16349315222451263
Trh-F-200123,1671620613,0,0.4,16.686982900883038,0.03480702275039012
Trh-F-300102,5901206553,0,0.3,13.37172637032019,0.11455422506831338
Trh-F-300102,5813018460,0,0.3,14.800447048954105,0.10003669913351618
Trh-F-300133,1671620613,0,0.4,17.607425695950607,0.08718286352155519
Trh-F-300133,1702310266,0,0.4,14.904473487318125,0.2383602548498214
Trh-F-400082,5813018460,0,0.3,14.479486727149283,0.11031238152365434
Trh-F-500108,5901206553,0,0.3,10.628703034336848,0.04292751444873807
Trh-F-500108,5813018460,0,0.3,10.173612095408847,0.062014181722873374
Trh-F-500186,2069652905,0,0.2,12.531886913466975,0.2242578689448065
Trh-F-500186,1671620613,0,0.4,23.690272137688613,0.10922222721987825
Trh-F-700065,5813018460,0,0.3,15.085895944707527,0.10848466435801887
Trh-M-000132,487187476,0,0.9,45.91649856456179,0.08553105274427293
Trh-M-000182,5812980746,0,0.9,31.69766464435146,0.06343292157689555
Trh-M-100002,519046655,0,0.9,23.521805842595658,0.04965210771492876
Trh-M-100004,5901206553,0,0.3,18.55734227349463,0.2048569045295766
Trh-M-100004,1920590638,0,0.2,12.32729448227297,0.010976894652046754
Trh-M-200107,519046655,0,0.8,29.197675308325987,0.12417614730182418
Trh-M-200112,1671620613,0,0.6,31.154922358868596,0.041437093814270076
Trh-M-300134,988567837,0,0.8,15.751229730438109,0.17203389633088872
Trh-M-300138,5813053851,0,0.8,7.8250145744086606,0.03284460554106974
Trh-M-400002,519046655,0,0.8,23.793257202978932,0.13485717223500895
Trh-M-400131,957506896,0,0.8,18.099743408036684,0.0676765639280415
VGlut-F-000067,1289359184,0,0.8,23.48558530853786,0.1690495446413045
VGlut-F-000200,792040520,0,0.8,30.569870307207683,0.08587311253608801
VGlut-F-000261,5813018460,0,0.2,11.604309427287145,0.04899962959371661
VGlut-F-000261,1667251683,0,0.2,10.402587001676556,0.08705116375053311
VGlut-F-000297,544038123,0,0.9,23.296490754606182,0.043103229097014
VGlut-F-000440,5813054725,0,0.5,18.458533677200865,0.0788765353306398
VGlut-F-000440,1642623277,0,0.5,17.79285281001049,0.08743752927783682
VGlut-F-000475,1671620613,0,0.3,20.245327308394618,0.02340717002108175
VGlut-F-000524,5901206553,0,0.3,16.470280185091816,0.09211523232754933
VGlut-F-000524,2069652905,0,0.2,9.662077488493301,0.11907525087870183
VGlut-F-100132,792040520,0,0.8,34.56198324002703,0.06853028813365067
VGlut-F-100223,1640922516,0,0.5,10.047776586555358,0.025811569216193896
VGlut-F-100223,5813034493,0,0.6,10.751711583460777,0.1447220383438867
VGlut-F-200333,5813060726,0,0.7,8.47736202679868,0.03363770569342255
Cha-F-000074,356818551,0,0.6,13.886684524187366,0.06422865377307661
Cha-F-300344,1074704960,0,0.8,11.19786547366106,0.08141223665813702
Cha-F-300350,603482385,0,0.9,26.332798018251175,0.09348761180277151
E0585-F-000005,1012954687,0,0.0,93.15645319782794,0.0850914460429119
Gad1-F-000703,5813055865,0,0.7,13.716592600007736,0.04990457892648683
Gad1-F-200247,5813047489,0,0.3,98.59613514274784,0.1807293998497319
Gad1-F-500004,5813078062,0,0.4,24.263404628692527,0.24851850855681676
VGlut-F-800130,5901206553,0,0.2,21.630396666670492,0.09187963492431703
fru-M-300418,792040520,0,0.7,38.7034163093189,0.08906383521433035
fru-M-300418,950229431,0,0.7,46.81855658873028,0.1254503003724077
fru-M-500333,792040520,0,0.7,19.44133626158758,0.038927767748349065
fru-M-500333,950229431,0,0.7,27.468775380501892,0.07369600539884986
fru-M-700238,792040520,0,0.7,35.845910844646326,0.03498972694893398
fru-M-700238,950229431,0,0.7,44.032958512729365,0.07005430531375098
fru-M-800154,792040520,0,0.7,31.513686056244197,0.03357766486112691
fru-M-800154,950229431,0,0.7,39.72830045565209,0.06475442768253552
Cha-F-000139,580300616,0,0.8,6.985275176100816,0.1380024325098504
Cha-F-000139,609310926,0,0.8,9.144943976887395,0.17324839787547866
Cha-F-000305,734677385,0,0.3,70.40896252351236,0.2593427849480811
Cha-F-000305,1135441187,0,0.3,26.980859209355188,0.16709909171212464
TH-F-000012,328533761,0,1.0,5.774692803413684,0.011185256224195233
TH-F-000012,736860990,0,0.0,76.31689534372352,0.2949663699763682
TH-F-100075,5813011298,0,0.7,10.427179967209554,0.1080560156048874
TH-F-200124,915960391,0,0.9,34.976268458582176,0.12654476993136257
TH-M-000030,328533761,0,1.0,20.27449137695098,0.14505313408623702
Trh-M-700039,792692885,0,0.0,45.52485471165879,0.2074554403471725
VGlut-F-000111,5813068559,0,0.2,9.56112926021365,0.25685104835799133
VGlut-F-200036,5813027276,0,0.1,52.43808301745809,0.3143666855316304
fru-F-400081,731736853,0,0.9,21.05144447304129,0.0641304490446775
fru-M-300255,267214250,0,0.9,27.684060138986773,0.041098615257765085
fru-M-800062,731736853,0,0.9,11.980945760339479,0.027167313813648966
Cha-F-200451,703106626,0,0.9,12.967156235658662,0.03219609896995872
Cha-F-600151,1324373969,0,0.6,31.565695689744746,0.23768015013616248
Cha-F-600151,1474084639,0,0.7,12.564051073902915,0.10147875255068972
Gad1-F-000080,1167982211,0,0.7,12.277868111939773,0.20120656880749643
Gad1-F-000169,1198006801,0,0.7,21.383686555336553,0.2403838618351628
Gad1-F-000169,1416900410,0,0.7,18.370527971709468,0.16696882088951662
Gad1-F-100604,1817712927,0,0.6,14.999077161357711,0.13429935476734173
Gad1-F-100604,800212579,0,0.6,10.565831218170954,0.13238370780385297
Gad1-F-300369,1008378609,0,0.8,13.932751775582755,0.028645056040171556
Gad1-F-400172,861237679,0,0.6,23.313720695643514,0.040047420434376986
Gad1-F-400303,860905614,0,0.8,27.54384837440478,0.019879277467617477
Gad1-F-600135,1230026228,0,0.8,16.080749268883242,0.22447986026134395
Gad1-F-700047,1167982211,0,0.8,19.98173022572748,0.23529850080640763
Gad1-F-700113,5813033535,0,0.7,12.711897121865784,0.10173331251961237
Gad1-F-900080,667931999,0,0.7,29.30930121509359,0.026337540274462563
TH-M-700001,947573616,0,0.6,36.11869817715652,0.100674451305306
Trh-F-000011,329289084,0,0.8,7.530264483094051,0.08881723398365361
Trh-F-000011,5813019588,0,0.8,6.8353437062420825,0.05205810551458709
Trh-F-200007,947685488,0,0.9,11.958546644852177,0.01910695457128543
Trh-F-200053,946308203,0,0.8,7.411354840367688,0.14888314830104227
Trh-F-200053,5813055834,0,0.8,6.044054352750513,0.04489576554135317
Trh-F-300042,326530038,0,0.9,6.849181059464729,0.04982613166643189
Trh-F-300066,575845494,0,0.7,15.870796861405656,0.008487850422114992
Trh-F-300072,5813054384,0,0.7,7.014465147288712,0.006910870537493234
Trh-F-300137,1070426862,0,0.8,4.188271685994035,0.031803734381796324
Trh-M-000023,5813054384,0,0.7,21.49131816737982,0.030171342445708467
Trh-M-000023,5813021112,0,0.5,20.7727032260238,0.16406559129657303
Trh-M-000077,5813054384,0,0.7,10.504990825166875,0.08516921930830819
Trh-M-000093,5813055834,0,0.7,13.839132357925555,0.016024991539012774
Trh-M-000119,5813054384,0,0.7,31.227055792207235,0.061335751770308686
Trh-M-000119,947573616,0,0.6,32.366764915958456,0.20534383938394107
Trh-M-000140,1406911688,0,0.4,11.584586768194319,0.2019000806440364
Trh-M-100022,548712377,0,0.8,16.843430430234076,0.0642154094823868
Trh-M-100022,330640044,0,0.3,37.68359280081577,0.07732066095319974
Trh-M-100080,329289084,0,0.7,15.71071996176006,0.04358833739315796
Trh-M-100080,452029745,0,0.7,11.028661516586563,0.05299671299225633
Trh-M-200041,297251714,0,0.6,30.475002663232665,0.07058136811772554
Trh-M-200041,296139882,0,0.6,19.485768807411475,0.09179882657539547
Trh-M-200071,5813061495,0,0.2,18.601844806562784,0.0667207482406551
Trh-M-300085,362507326,0,0.4,18.583461572077304,0.2722353081602808
Trh-M-300128,5813061495,0,0.5,12.957593010664683,0.05688254936605325
Trh-M-400037,5813049824,0,0.2,11.232738890311962,0.05113308878931157
VGlut-F-000077,424918786,0,0.3,22.042737573275588,0.23984507745506992
VGlut-F-000132,925008763,0,0.7,45.40056538843791,0.1205185937596937
VGlut-F-000132,708290604,0,0.7,47.7431819228122,0.11381300995480163
VGlut-F-000410,1313849992,0,0.7,19.278939969069455,0.03343194346785112
VGlut-F-000419,5813052909,0,0.7,23.20556774323998,0.15325545555374054
VGlut-F-100237,5901232053,0,0.2,39.645131177780904,0.06450814918061733
VGlut-F-200048,799868224,0,0.8,28.57919392698849,0.08421623581537202
VGlut-F-200478,1230026228,0,0.6,17.2300213477818,0.28412886640326457
VGlut-F-200478,1167645523,0,0.6,16.100728053393922,0.2739508387536399
VGlut-F-200594,5813058048,0,0.8,6.9082399510848855,0.07090853422476118
VGlut-F-400014,5813011443,0,0.2,53.06430768298741,0.20907038418928917
VGlut-F-400502,5813056054,0,0.6,10.709277885235027,0.16379055582300447
VGlut-F-400502,486194398,0,0.6,7.491002154064285,0.14732423661322963
VGlut-F-500430,485249150,0,0.5,98.75859772018973,0.12610400075307487
VGlut-F-900076,859265651,0,0.2,26.34599939864948,0.2696897807330208
VGlut-F-900076,388975834,0,0.2,46.67050278278348,0.35592819932319175
fru-F-100022,298258399,0,0.7,8.12882939593872,0.07292139442997368
fru-F-100059,949986251,0,0.7,19.67155726305607,0.02143676044524265
fru-F-100059,1293468282,0,0.7,10.2984778912502,0.04692308676858234
fru-F-200173,1292713151,0,0.7,51.43660016087134,0.02245414955972858
fru-F-300172,5901193671,0,0.8,19.635383971388706,0.30824300427322476
fru-F-500250,550750102,0,0.7,79.11540150681691,0.09045390386986882
fru-M-000087,925008763,0,0.7,36.371249081030065,0.13505634426414886
fru-M-000174,550326974,0,0.6,13.469694359475914,0.013676768333690165
fru-M-000202,267551639,0,0.7,12.256164908869055,0.08422098447962181
fru-M-400120,267214250,0,0.9,21.06453117763722,0.014139292586602832
VGlut-F-100374,5813034455,0,0.8,15.827158339403521,0.02593987494477801
TH-M-300032,5813020735,0,0.8,7.743371595882996,0.03858843798671979
VGlut-F-400641,1312061760,0,0.8,29.074356665229086,0.3881236756347763
TH-F-100111,792040520,0,0.9,13.703796989046344,0.07531881908926512
fru-M-300332,673776769,0,0.3,29.420453776010184,0.11515451542913822
Gad1-F-600594,1667251683,0,0.4,16.452339421931793,0.29911825906590944
fru-M-500322,5813021602,0,0.1,11.308775026759937,0.22636395343141186
fru-M-100277,390331583,0,0.7,14.763587592484543,0.054531156706978154
Trh-M-200100,1888199872,0,0.1,20.701371350250195,0.1823172851560479
Trh-M-200100,5813034455,0,0.1,22.832052140992616,0.08444602019822564
fru-M-200408,1378251040,0,0.6,21.07968810341087,0.06953980300056897
5HT1A-F-300000,1351065769,0,0.9,9.433891201107276,0.10647936212857015
fru-M-200273,550326974,0,0.6,14.726212243640378,0.04806040418839941
fru-M-200357,1325133618,0,0.8,16.094047423141614,0.017948803954620597
VGlut-F-500164,550404663,0,0.8,8.762861469312758,0.06577658198117181
VGlut-F-500164,674882250,0,0.4,24.13986273282821,0.2980077171497471
VGlut-F-000232,5813054384,0,0.9,23.784377094879463,0.015294532498936636
Gad1-F-700255,1012112513,0,0.9,14.866382874729547,0.17044695066233706
Gad1-F-700255,946658448,0,0.9,15.245601018475238,0.14552151286651321
fru-M-000339,5813019588,0,0.8,16.74383323858102,0.01091118421200405
Gad1-F-600304,5813054622,0,0.7,18.282391232896074,0.03562982057308189
Gad1-F-600304,5813054777,0,0.7,18.60915047858479,0.05004223638477189
Gad1-F-800572,5813013574,0,0.8,17.518540706595925,0.07053219522264673
Gad1-F-800572,1044701474,0,0.7,9.879515666956603,0.09869337696222268
VGlut-F-200250,5813020996,0,0.9,30.74368109077743,0.0878041941387105
VGlut-F-400320,5813039309,0,0.0,24.656688865685286,0.07459233975435495
VGlut-F-400320,1671257931,0,0.0,32.111045755397136,0.2813848116148475
Gad1-F-700282,518930199,0,0.7,18.591009656962445,0.1959141708580014
TH-F-000028,5813054384,0,0.9,32.947709298786954,0.10865171114671618
TH-F-000028,5813021112,0,0.7,9.207750959968017,0.09727159171805619
VGlut-F-500428,1639886198,0,0.0,24.795652785964474,0.18020345573295574
5HT1A-F-400024,1313849992,0,0.9,22.00278114141225,0.07320458055272669
VGlut-F-600323,1130458829,0,0.9,15.486264135089714,0.14927169055328723
VGlut-F-600323,1005624122,0,0.9,17.333444100092848,0.12496071494216947
fru-M-200271,925008763,0,0.8,46.63528610614942,0.12641427941502575
Trh-F-100069,823058891,0,0.4,84.6121273523372,0.006821697551315582
Trh-F-100069,5813054384,0,0.9,15.714243485537004,0.015883439180022368
fru-M-700205,361005850,0,0.0,15.663637152124325,0.15954271026519024
TH-F-100113,5813054384,0,0.9,23.22277659940774,0.05735943803619804
TH-F-100113,797442049,0,0.1,37.21223219975239,0.11151852807318645
VGlut-F-600091,1130458829,0,0.8,20.346270756843193,0.10935326318731915
TH-F-000000,5813054622,0,0.2,72.21388041016635,0.1691229025617526
TH-F-000000,5813054777,0,0.2,72.9234790311506,0.17494577588205731
Gad1-F-600218,5813054077,0,0.8,25.713731346807254,0.11978312232788033
Gad1-F-600218,1105459542,0,0.7,22.89438525865562,0.09626523770180757
VGlut-F-500523,975289165,0,0.8,18.366989569653647,0.06267106270348165
VGlut-F-500523,944249308,0,0.8,23.786965422387194,0.1158045972600443
Trh-M-200022,388975834,0,0.2,45.80144007915527,0.2875119894734565
Trh-F-100023,823058891,0,0.0,96.75579537373739,0.056038080061042925
Trh-F-100023,5813054384,0,0.8,1.621742005305631,0.04809198329097202
5HT1A-F-700024,975289165,0,0.8,14.293137886216257,0.06760697416562747
5HT1A-F-700024,1130458829,0,0.8,17.55751321781208,0.05207285812669212
fru-M-800110,550326974,0,0.8,17.682245386782718,0.06680047175673884
fru-M-300325,5813021602,0,0.3,14.082644083649882,0.2679604424786292
fru-M-300325,361005850,0,0.3,18.75682922699497,0.27599327542225544
Gad1-F-000162,543256347,0,0.6,11.90882629954851,0.11191990008475425
fru-M-900070,5813019588,0,0.8,18.826223886732677,0.0041733820037901945
fru-M-900070,946641212,0,0.8,4.912180846563156,0.01944253017532812
Trh-F-200112,203253253,0,0.9,13.566092959258333,0.0502100622133889
VGlut-F-600711,5813034455,0,0.6,11.833098574643317,0.030998238002795803
VGlut-F-600711,1667251683,0,0.5,10.40336099822923,0.061433265543102814
Gad1-F-100112,5813056917,0,0.8,29.543912386819574,0.06854604433402241
VGlut-F-300246,5813054384,0,0.9,22.38489296314641,0.05495640062058323
VGlut-F-300246,947573616,0,0.3,27.456564662154264,0.11038287248302575
5-HT1B-F-500017,5813054622,0,0.6,16.077122929563256,0.022551596198531164
fru-M-100291,298258399,0,0.8,9.913264669430747,0.007614778451668407
TH-M-000047,5813060068,0,0.6,21.204737606024473,0.04992974694532212
TH-F-100109,5813054384,0,0.9,19.078871921905517,0.07605362735759169
TH-F-100109,797442049,0,0.3,39.263660767614056,0.12998899983097847
VGlut-F-500200,944249308,0,0.8,19.10702089310457,0.051271102996287427
TH-M-200092,5813081818,0,0.8,14.694291842821531,0.00915327742483544
fru-M-000376,5813019588,0,0.7,28.008978107089735,0.015714646823505384
fru-M-000376,5813055834,0,0.7,13.319848280793895,0.04156806341169143
VGlut-F-700170,1702651358,0,0.0,22.474337596006553,0.1779408198532335
VGlut-F-700170,1640922754,0,0.0,24.34467327093939,0.12314243119796386
Gad1-F-200472,1888199872,0,0.5,22.051368066952342,0.26367223905654985
Gad1-F-200472,1702306037,0,0.0,25.445474263096145,0.33184383132047124
TH-F-200090,1224941044,0,0.9,16.83276045224985,0.04929574692741531
TH-F-200090,1224595273,0,0.9,20.271029950326437,0.05560201703338816
VGlut-F-400233,1130458829,0,0.8,11.902926758586805,0.32000686787108285
Gad1-F-600267,911574041,0,0.8,8.44652463539792,0.011511076416944249
TH-F-200114,5813054384,0,0.8,20.84392547990477,0.1867831619820306
TH-F-200114,1352676969,0,0.3,18.912339031970337,0.11677833456433649
fru-M-800105,550326974,0,0.6,16.946771126586736,0.028213377864223337
VGlut-F-500239,5813055632,0,0.8,20.850331657273692,0.05111446059984819
Gad1-F-700167,5901196806,0,0.8,14.434317714220722,0.03785266503346583
Gad1-F-700167,2135408892,0,0.0,15.490959142315022,0.10028060322596671
VGlut-F-300554,1702651358,0,0.0,19.32745975523541,0.06719816710795314
VGlut-F-300554,5813039309,0,0.0,17.423887733576787,0.15679070396502653
TH-M-200070,1035601661,0,0.9,24.160158693801,0.07648379810920068
fru-M-200345,731736853,0,0.9,36.52875945088365,0.03660927414384569
Trh-F-200030,1888199872,0,0.0,8.368253611980258,0.029883849423376123
Trh-F-200030,5813034455,0,0.0,10.864077060613088,0.07416739539666474
Cha-F-000009,1048215779,0,0.9,10.665956259087245,0.048953592760387514
Cha-F-400112,1224258912,0,0.0,88.75721678051592,0.05387966278169159
Cha-F-400112,5813022925,0,0.0,87.76366317325055,0.09482263547742827
Cha-F-400201,1639886198,0,0.0,98.80228277316692,0.05707835874514236
Cha-F-400201,1640555311,0,0.0,94.48838442336718,0.19706927830569376
Cha-F-800086,579916831,0,0.0,50.786150554399654,0.23631610737610992
E0585-F-200015,518899665,0,0.4,36.4967022083012,0.09894748315457423
E0585-F-300042,457175171,0,0.8,28.438746070640192,0.17679229639894303
E0585-F-300042,642664141,0,1.0,19.239202711104216,0.30087946002222465
fru-F-200052,456156825,0,0.0,47.072937194808794,0.07918661952576439
fru-F-400010,862705904,0,0.9,7.881470968591052,0.07202028422886035
fru-F-400010,1173745330,0,0.9,12.090409482753536,0.14078094262128096
fru-F-400071,1205090786,0,0.6,14.088102270469026,0.11175478154587148
fru-F-400071,1173745330,0,0.8,11.722116110362697,0.05275669947587686
fru-F-400141,862705904,0,0.7,13.901511317006937,0.1402088416580387
fru-F-400141,1142356576,0,0.9,10.407634523943694,0.11207392906718922
fru-F-400196,1100792636,0,0.0,85.72063421375357,0.1197483266904831
fru-F-400196,1141324564,0,0.8,5.857975651305586,0.0825327828601513
fru-F-400214,983759126,0,0.8,17.34221144934125,0.20334222668181726
fru-F-400214,1173045815,0,0.8,10.797504679614466,0.10755636719659821
fru-F-400229,5813087817,0,0.5,18.554363672713446,0.12362232046639232
fru-F-400229,1700644008,0,0.0,82.99759851895094,0.07328969681513857
fru-F-400338,1141678665,0,0.8,14.401280713797927,0.012782304846989676
fru-F-400338,1205090786,0,0.8,17.91677178866382,0.1889863416561449
fru-F-400437,1173745330,0,0.8,8.687236807119023,0.021291950583808703
fru-F-400437,1141678665,0,0.8,7.83131857426408,0.044765497200583954
fru-F-400475,5901203987,0,0.0,89.93580526373835,0.13759045131335415
fru-F-500083,1261130127,0,0.0,99.55894454191254,0.36061132402085094
fru-F-500083,1261129711,0,0.0,95.73583708025681,0.38772321328525194
fru-F-500115,1206114100,0,0.8,18.986008870777837,0.09830685209888732
fru-F-500115,1173745330,0,0.8,9.733545630873644,0.05743577110770725
fru-F-500297,1051630846,0,0.9,14.010928133759007,0.030599736358903534
fru-F-500297,948035783,0,0.0,81.9436452200267,0.050159109454889765
fru-F-500435,1142011140,0,0.6,11.209948790877087,0.08286138421415727
fru-F-500435,1510648834,0,0.0,85.70551606854062,0.07783616635209606
fru-F-500584,862705904,0,0.8,13.974529849333429,0.09093682318702304
fru-F-500584,1205090786,0,0.8,7.9369559781678545,0.07351793883396654
fru-F-600168,1101133698,0,0.0,87.45445742781283,0.2563909258223774
fru-F-600168,977343309,0,0.0,73.95263975607062,0.060969488405806196
fru-F-600186,609587511,0,0.0,56.75036460058524,0.09226144499688925
fru-F-600186,550280614,0,0.0,58.81127001266299,0.05322540243169526
fru-F-700104,1142365351,0,0.8,6.315753870138928,0.1836735725570191
fru-F-700104,1173745330,0,0.8,10.63750620666182,0.10574545633485274
fru-F-700114,1224945418,0,0.0,95.2933516980598,0.108355181174599
fru-F-700163,1142356576,0,0.8,12.087986646551698,0.036239352084652135
fru-F-700163,862705904,0,0.8,16.109779912600235,0.22998194843462508
fru-F-700245,1204175835,0,0.9,2.9390402004926703,0.0732276796946953
fru-F-700245,1100792636,0,0.0,94.71326916195177,0.07955296197339413
fru-F-700257,1141337605,0,0.4,8.258069411944401,0.11157127463250932
fru-F-700257,1224258912,0,0.0,98.3230067235209,0.07179765739215495
fru-M-400031,1290416713,0,0.0,92.71151054238074,0.17456370554663456
fru-M-400031,1198006801,0,0.0,71.51901532210833,0.08151625943952588
fru-M-400362,955464899,0,0.6,25.060822547941527,0.054555628853488414
fru-M-400362,1469403612,0,0.5,84.49951441456845,0.2702830866972906
fru-M-400401,955464899,0,0.7,25.79718141727113,0.018495610900640704
fru-M-400401,829261936,0,0.6,34.271883025347336,0.08160760915514544
fru-M-500174,266187383,0,0.0,91.78154250529393,0.11672763933415956
fru-M-500374,737832306,0,0.0,86.30107431155554,0.11472074133222647
fru-M-500374,1224258912,0,0.0,96.17356363834276,0.0760329465063824
fru-M-500377,1100792636,0,0.0,78.28109476076757,0.09075304424501297
fru-M-500383,5813034306,0,0.5,91.84462540076188,0.07436947439627319
fru-M-500383,1205090786,0,0.7,17.329609329687255,0.11553276311206977
fru-M-700067,1228683492,0,0.0,77.26450171856958,0.210546203974799
fru-M-700067,550617370,0,0.0,73.08004530058157,0.24946633111690833
fru-M-700270,1204175835,0,0.9,9.660563897369697,0.04144241389674239
fru-M-700270,1510648834,0,0.3,81.00317447574733,0.23309081937422835
G0239-F-000008,267896360,0,0.0,26.278479178427236,0.18325928509092929
G0239-F-000011,676573560,0,0.0,50.74606194103741,0.34753699095590657
G0239-F-000011,636667489,0,0.0,81.14738266553069,0.057581434595394033
Gad1-F-001409,1610224198,0,0.0,88.78780207616241,0.03109962265459319
Gad1-F-001409,1641250106,0,0.0,87.3558215847058,0.021285897108868412
Gad1-F-101173,5813020585,0,0.0,4.694838095600717,0.023119727111175575
Gad1-F-101173,5813020455,0,0.0,1.029198745882721,0.02418781026511341
Gad1-F-200227,5813022201,0,0.8,6.270704566392166,0.1166212464960637
Gad1-F-200227,860983686,0,0.8,9.90583396070469,0.0680998090200235
Gad1-F-300153,1224258912,0,0.0,96.3895077587722,0.045917264303131415
Gad1-F-300153,1224945418,0,0.0,97.35266678133969,0.040268290783908284
Gad1-F-300275,702389193,0,0.0,95.27933929051613,0.1680892061565945
Gad1-F-300309,955464899,0,0.8,6.667611335404236,0.022611377482596798
Gad1-F-300309,862705904,0,0.8,11.671724795267302,0.12274513759177726
Gad1-F-301525,422682603,0,0.7,30.300571318526483,0.05433627293790041
Gad1-F-301525,1419019956,0,0.7,39.21883186851204,0.062422285133838885
Gad1-F-301704,424789697,0,0.0,69.08467844300517,0.0759910902311924
Gad1-F-301704,760686202,0,0.0,75.95462807824124,0.062227950285492
Gad1-F-400259,518899665,0,0.0,38.78897159495031,0.0785925253267137
Gad1-F-400259,296543992,0,0.0,81.64653320690729,0.14108161060535568
Gad1-F-400718,1266871604,0,0.7,8.134356371751236,0.051842535730835936
Gad1-F-400718,673518025,0,0.0,96.56746072706973,0.19435873718790306
Gad1-F-400957,1262114202,0,0.6,4.749393720945604,0.03747929822820289
Gad1-F-400957,1261423370,0,0.6,11.576876132624395,0.06750463329384825
Gad1-F-402516,829261936,0,0.9,19.636084047368705,0.09931882915558632
Gad1-F-402516,862705904,0,0.9,5.786127333545751,0.07761434018790593
Gad1-F-500136,946641153,0,0.0,78.79198126384782,0.09268564772905503
Gad1-F-500136,1290416713,0,0.0,71.54340588289796,0.18455633419902923
Gad1-F-500365,613719036,0,0.8,8.766056790914277,0.10299586985329022
Gad1-F-500524,1141337605,0,0.9,3.5749911230432145,0.17992943189575203
Gad1-F-500559,5813022201,0,0.7,9.218669874021,0.14641462992875492
Gad1-F-500559,1171690479,0,0.9,20.10876538035702,0.1193314475759708
Gad1-F-502126,1142365351,0,0.9,10.310326419315029,0.2459270768096087
Gad1-F-600109,1670278227,0,0.0,96.54643120909867,0.045524821992115876
Gad1-F-600115,946641153,0,0.0,76.91901937510691,0.07249234013046997
Gad1-F-600345,922810839,0,0.0,94.54362112887414,0.15142577285459624
Gad1-F-600345,5813077405,0,0.0,66.65101552171595,0.09226579038678735
Gad1-F-700131,613719036,0,0.8,7.187753104581391,0.013342157359593267
Gad1-F-800094,1198330641,0,0.0,80.1305253122314,0.3313040871221767
Gad1-F-800094,1290416713,0,0.0,94.55398920806392,0.14643748243527444
Gad1-F-900001,1290416713,0,0.0,89.24268261764855,0.057364442304602414
Gad1-F-900001,5813026366,0,0.0,99.31177107841775,0.027209849105860752
Gad1-F-900194,1448929233,0,0.0,98.65771303209694,0.1820981115524497
Gad1-F-900194,1193560072,0,0.0,95.57773406668727,0.20840622156019464
TH-F-000101,421641859,0,0.0,99.44404587434403,0.096744333784666
TH-F-100083,329970706,0,0.0,27.574811395159323,0.062061627749417224
TH-F-100099,329970706,0,0.4,46.55037271002488,0.015185494528360561
TH-F-200030,328943204,0,0.4,49.550100665257,0.071973966496385
TH-F-200030,203253253,0,0.4,34.3299595457536,0.0797153258450856
TH-F-200033,608922563,0,0.0,28.55638222721797,0.10393284478017673
TH-F-200081,330268940,0,0.0,85.0305706362363,0.16870607494099607
TH-F-300020,484911954,0,0.0,58.63660744682147,0.04563372469572114
TH-F-300020,1048172314,0,0.0,96.11379904627489,0.10485722930824035
TH-F-300073,361040812,0,0.0,34.696657475830996,0.3077422454967095
TH-F-700001,418969956,0,0.0,89.96244454394784,0.07673570936812807
TH-F-700001,297166053,0,0.0,67.5827916009411,0.060349094665292057
TH-F-700004,643830129,0,0.0,81.84807152662806,0.0962034723430406
TH-F-700016,5812982779,0,0.7,10.011542256445518,0.007101601273243767
TH-F-700016,5813089803,0,0.0,99.78699266400979,0.1133027192840786
TH-F-700022,946645313,0,0.0,63.19527803939911,0.05374250404192921
TH-M-500003,580287695,0,0.0,79.09682835698688,0.05353946801798883
TH-M-500003,456156825,0,0.0,66.73936478401909,0.02151842875047892
TH-M-600002,1224258912,0,0.0,84.19628531874287,0.1323814430588552
TH-M-600002,1193560072,0,0.0,77.54958824741415,0.0835947945376551
TH-M-600003,1224595289,0,0.0,73.99651111543596,0.1624018402924782
TH-M-600003,1224258912,0,0.0,78.3076192012095,0.05504316587194515
TH-M-700002,1224595289,0,0.0,68.35825752558762,0.12115071765525949
TH-M-700002,1224945418,0,0.0,74.28723134900551,0.18610078987078205
TH-M-700013,5812979156,0,0.6,6.096644634860523,0.09294359908006301
TH-M-700017,604864392,0,0.0,77.65348268515885,0.26464183470471636
TH-M-700017,454439022,0,0.0,86.082421775988,0.05979327551572607
Trh-M-000099,1602402027,0,0.5,63.206574890702726,0.013486955026292897
Trh-M-000099,986828383,0,0.6,25.469982854584615,0.11580938071795224
VGlut-F-200594,328632707,0,0.0,82.9788433526777,0.14026970985712078
VGlut-F-300680,5813020585,0,0.6,21.078579606302736,0.05042179168728906
VGlut-F-300680,1322474586,0,0.6,14.68043303161757,0.040284466682176355
VGlut-F-800070,894551935,0,0.7,17.450623444585748,0.08577789604360893
VGlut-F-800070,832357089,0,0.0,11.47178538264193,0.2145071467074681
VT0765-F-700001,613079053,0,0.3,95.5234914986575,0.07684294767566781
VT0765-F-700001,486544396,0,0.0,88.76373917472495,0.1274015052498661
VT16811-F-700000,1078693835,0,0.0,36.81075435918217,0.010640974467842528
VT16811-F-700000,1729935421,0,0.0,86.42729241390548,0.06868026763743097
VT24618-F-700000,5813058048,0,0.0,53.16532286892446,0.17335566580512063
VT24618-F-700000,299082033,0,0.0,38.17721326763213,0.11045226013601708
VT38815-F-700000,799586652,0,0.0,13.870079599893979,0.15956101974781328
VT38815-F-700000,1640555311,0,0.0,84.6923924087467,0.3193517557412695
VT38815-F-700001,799586652,0,0.0,9.140858599390226,0.09780969923196431
VT38815-F-700001,485745069,0,0.0,97.72954387420246,0.00817013010254787
VT43401-F-700002,575768294,0,0.0,33.72574330485037,0.2660956593022235
VT43401-F-700002,5813020673,0,0.0,32.538840807230294,0.15210902422236847
VT50245-F-700000,5813058316,0,0.0,37.33575821650531,0.192415662581567
VT50245-F-700000,700486220,0,0.0,45.60705512131359,0.2610713788605528
VT50245-F-700001,612414168,0,0.0,50.455872820442174,0.17630646399246053
VT50245-F-700001,674807824,0,0.0,44.86080882339714,0.1128644028814401
VT50733-F-700000,919763043,0,0.0,58.91726196616056,0.13761376741235468
VT50733-F-700000,519046655,0,0.0,42.33145159685619,0.08729461406485292
VT58722-F-700000,549282467,0,0.6,40.86376312873834,0.25813624089067766
VT58722-F-700000,326253554,0,0.4,70.08806027639137,0.37637325330333243
VT58722-F-700001,946990515,0,0.0,49.93271263783124,0.17668655883846676
VT5948-F-700000,422725634,0,0.8,21.745683673880535,0.05378925913778508
VT5948-F-700000,519279166,0,0.0,48.969722945002204,0.2583342108524025
VT5948-F-700001,422725634,0,0.6,22.397063993215067,0.02907735659755352
VT5948-F-700001,736174181,0,0.0,38.02529600844557,0.22334568719738584
Cha-F-000088,1640909284,0,0.6,12.690038009200135,0.1347849647411217
Cha-F-400237,1135441187,0,0.5,16.063660805054845,0.0517509741684893
Trh-M-200043,1671620613,0,0.0,24.990068200302648,0.15147773605241036
Trh-F-100001,5813062858,0,0.7,5.536712053701303,0.06763410647261292
Cha-F-000088,1699974843,0,0.6,12.559827864962712,0.12871022159546552
Cha-F-000088,1704347707,0,0.6,14.77798119114382,0.11366436307176177
VGlut-F-400757,1640922516,0,0.0,15.234781514200918,0.08956772143581646
VGlut-F-200392,792326206,0,0.6,6.889876442864893,0.05157935357590762
Cha-F-000088,5813055277,0,0.6,13.104144420139681,0.11179445447389655
Cha-F-000088,5813056598,0,0.6,10.051864694006666,0.10618953981377906
Cha-F-200299,1135441187,0,0.6,5.812957214005066,0.08690301174502284
VGlut-F-500876,1640922516,0,0.0,13.622770674282949,0.18803892409625583
VGlut-F-500876,1667251683,0,0.0,12.267549290186201,0.15138453015450695
Trh-M-100024,5813049824,0,0.7,14.504408873800244,0.03437048843215392
Trh-M-500163,862671913,0,0.6,14.535558881536453,0.07498498596888654
VGlut-F-400186,1640922516,0,0.0,14.421063716305145,0.25761826653023784
VGlut-F-500335,1640922516,0,0.0,19.85601841915897,0.26924802289510646
Trh-M-100024,5813020684,0,0.4,17.943161100807373,0.016786005566103948
VGlut-F-700541,1640922516,0,0.0,20.309104434367956,0.20266887208406223
TH-F-200026,330640044,0,0.0,15.714054454091091,0.037141853514982726
Trh-M-300140,1008024276,0,0.6,15.269884299778976,0.08726638015591792
Trh-M-400023,953414780,0,0.6,10.836646351536624,0.03623243717265053
Trh-M-100024,5813055834,0,0.7,14.639803723164666,0.009057587655499981
VGlut-F-500876,1669924220,0,0.0,9.535139798440786,0.07329766761896159
Trh-M-100024,946308203,0,0.7,16.190150949936697,0.11306404588192027
TH-F-100036,5812980529,0,0.7,8.664875854794962,0.0436725015582459
Trh-M-500163,768555687,0,0.6,16.08712766913277,0.0773635848535495
VGlut-F-800130,1671257931,0,0.6,15.698803771095623,0.031609495310489163
VGlut-F-200319,5813055865,0,0.6,5.5308063938800265,0.08638837879144291
VGlut-F-800130,2135408892,0,0.5,15.021614932058467,0.1800322042617513
VGlut-F-800130,5813132949,0,0.5,15.990931648687061,0.06082403401737279
Trh-M-400110,953414780,0,0.6,6.418529941526338,0.051119290274167464
Trh-M-500163,672006007,0,0.6,17.900358090485437,0.03476300107481079
TH-F-000019,5813021602,0,0.7,14.254424633845986,0.2535098046308526
Trh-F-400055,1070426862,0,0.7,9.629722985299152,0.04865606102514803
TH-F-300062,1262360335,0,0.5,39.428089379477065,0.08344309385056972
Trh-M-500163,891663788,0,0.6,10.612815702516356,0.0017392549849164266
VGlut-F-000463,1037293275,0,0.7,15.777697933904264,0.0900360256139477
Trh-M-400110,1008024276,0,0.6,19.38471434142295,0.04682966662254542
Trh-F-300112,953414780,0,0.6,7.886325053652964,0.02166162519100786
Trh-F-400055,1008024276,0,0.7,15.540172014532748,0.06716916147061738
Trh-F-300112,922069357,0,0.7,9.674514377794216,0.04909914609754844
Trh-F-300112,1008024276,0,0.7,17.450362859849267,0.042545981992692564
Trh-M-400023,988567837,0,0.6,14.946096045907705,0.15193123933892072
TH-M-100063,1449247522,0,0.6,14.094321269948669,0.031097642923768
VGlut-F-400898,1668944259,0,0.5,5.753878225226147,0.055219151343431076
Trh-M-400052,1008024276,0,0.6,16.653568016276544,0.07992288824559282
Trh-F-400055,953414780,0,0.6,5.959606051923935,0.052333218117628144
Trh-F-300112,5813053851,0,0.7,9.86767580780957,0.04260921427103762
Trh-M-400131,1008024276,0,0.6,22.20223961739049,0.037439270858625334
Trh-M-400110,957506896,0,0.6,14.963699008831975,0.08736141616041092
Cha-F-000239,1733677514,0,0.0,14.261866607775794,0.039202098499422536
TH-F-000036,5813011298,0,0.3,10.613478681740775,0.10720608220160578
VGlut-F-000177,672283773,0,0.0,6.483522117251003,0.1144714925949832
Trh-M-400110,1070426862,0,0.6,12.791791158550962,0.003359008526597611
VGlut-F-400049,297251714,0,0.0,16.17544664070582,0.24456618519604478
VGlut-F-400186,1700644008,0,0.6,10.709049477098736,0.06304359152868384
TH-M-300005,1289359184,0,0.6,25.976197725822864,0.1118623826904485
VGlut-F-500876,5813034455,0,0.6,13.649351107585408,0.05961175222960668
TH-F-100050,1289359184,0,0.7,21.135230393639596,0.10887197372429973
VGlut-F-500876,5901196806,0,0.6,11.068897834548688,0.03650753205031143
TH-M-000032,5813021602,0,0.7,24.05592838753496,0.040858137819042184
TH-F-300062,1666561406,0,0.5,28.124082453704453,0.08601907950665139
VGlut-F-400757,1730651751,0,0.6,8.65271545289272,0.10409311850209729
Trh-F-400055,922069357,0,0.7,9.65565763087598,0.07458696541297373
VGlut-F-400898,1700644008,0,0.6,8.556274876992221,0.02344713404687666
TH-F-300062,1168915489,0,0.5,29.69631339747075,0.13601883898868386
Trh-M-300138,1008024276,0,0.6,19.224882325319065,0.04178498364101215
Trh-M-400023,957506896,0,0.6,23.975795532677363,0.0591390673749774
TH-M-100057,1449247522,0,0.6,18.173997538068207,0.03973855502531429
VGlut-F-700541,1700644008,0,0.6,10.227406815455794,0.01642312388694039
TH-F-200026,329970706,0,0.0,13.370311265390406,0.030166691879947596
VGlut-F-300438,5813019526,0,0.6,26.801658536634648,0.06632698487409082
Cha-F-000239,1794055377,0,0.7,17.2818871183499,0.10040879193953257
VGlut-F-200392,5813027276,0,0.0,17.746125622852567,0.5194746474825245
VGlut-F-400186,1730651751,0,0.5,9.04962431350732,0.09665478569518023
VGlut-F-400186,1888199872,0,0.5,13.74394841234129,0.2222125857320236
Cha-F-000239,1316245799,0,0.0,24.339688669440743,0.06028098240909861
Trh-M-400131,953414780,0,0.6,9.818031451835488,0.03393585476143999
TH-F-200106,1225640135,0,0.7,23.779737175432427,0.045884680629721265
TH-F-100036,359931311,0,0.7,9.558352714316404,0.027394398483580912
VGlut-F-200392,1135441187,0,0.0,28.007528602204246,0.22758356993452417
Trh-M-300138,953414780,0,0.6,4.46323996364428,0.02088677742893791
VGlut-F-700541,5901196806,0,0.6,14.05661070939929,0.050861777063146096
VGlut-F-400184,1730651751,0,0.6,7.638171922832353,0.1337074081881242
Trh-M-400023,1051980223,0,0.5,7.76886604284345,0.10848175270516125
Trh-M-300071,1008024276,0,0.7,11.737264902555998,0.039713008747663134
VGlut-F-500335,5813034455,0,0.5,17.616428278248343,0.13908254486769547
TH-M-200013,1035601661,0,0.6,30.72556022238175,0.07814471850361208
Trh-M-300138,1070426862,0,0.5,12.70673958769082,0.056128863156306046
VGlut-F-400898,5901196806,0,0.6,8.28036585333086,0.05949394532059534
VGlut-F-700541,1668944259,0,0.6,12.598352408606539,0.054110753445497095
VGlut-F-700541,5813034455,0,0.6,17.45518705805313,0.07440987541741181
VGlut-F-100002,1978573010,0,0.6,38.8640114142279,0.10259196829791231
VGlut-F-300438,297580589,0,0.0,30.34677151086604,0.028316857237689983
Trh-M-400052,953414780,0,0.5,16.373166644296308,0.08231334456305868
Trh-M-400052,1070426862,0,0.6,14.442064112840594,0.03350379729364683
Trh-M-400052,922069357,0,0.6,14.72302508908708,0.13485854166424702
VGlut-F-600204,5813064410,0,0.0,17.438191666799177,0.1387281980702774
Trh-M-400131,1070426862,0,0.6,15.532929085267822,0.017946637889052208
TH-F-200004,484126552,0,0.0,17.7789741190476,0.05099880051825326
Trh-M-300140,922069357,0,0.6,15.893423144240046,0.009544843749220234
Trh-M-300140,1070426862,0,0.6,13.530430808703105,0.10219778592660252
VGlut-F-400184,1700644008,0,0.6,13.308452853875,0.1009174863358489
VGlut-F-200319,360259229,0,0.0,14.95259229751675,0.1090374671090646
fru-F-000094,328611004,0,0.0,3.7495057190310197,0.01402408597292714
Cha-F-000239,610274029,0,0.0,43.11849646297943,0.07293915556687054
VGlut-F-500335,1888199872,0,0.5,17.76885175444543,0.23717113469864148
VGlut-F-000158,296543992,0,0.0,20.641908128497626,0.0563391718797056
VGlut-F-400184,1888199872,0,0.6,12.766029406683089,0.25827981398746136
VGlut-F-400184,5901196806,0,0.6,8.878119149905931,0.13988269134898795
VGlut-F-500335,5901196806,0,0.5,14.446996032664272,0.11352552891297606
TH-F-000019,361005850,0,0.4,18.162461476488993,0.2904028306008422
VGlut-F-400184,5813034455,0,0.6,13.733476431575562,0.1654727507831667
TH-M-000029,361005850,0,0.3,25.890243647781382,0.015085252950521311
VGlut-F-500335,1730651751,0,0.6,12.123023088659853,0.11141039543372148
Cha-F-400237,5813021533,0,0.0,17.096688822668252,0.15802054757168524
TH-M-000032,542376096,0,0.0,17.454673955990476,0.10949651266796212
Trh-M-400131,988567837,0,0.6,4.884957685003567,0.1552808509287021
TH-M-200010,548712377,0,0.5,25.051679221230412,0.0359903582152759
TH-M-000032,296139882,0,0.0,39.15681036536265,0.12574928951056807
TH-F-200026,5813049380,0,0.0,29.796270111787365,0.07392537120936964
TH-F-200004,5813021602,0,0.0,37.72222303068329,0.18885919891711694
TH-M-300063,329970706,0,0.6,19.610490366550266,0.03350787619661085
TH-F-000036,510987433,0,0.3,12.768101599038715,0.08804671681481363
TH-M-200095,422751191,0,0.6,26.762501470684498,0.04081843458651246
Cha-F-500071,609548390,0,0.6,22.791689981164815,0.1548799532016829
TH-M-200010,5813083780,0,0.0,30.548690108872247,0.09142223991917292
fru-F-000094,422738252,0,0.0,40.55725772612541,0.09242081959265774
TH-M-000032,361005850,0,0.0,24.91299150996504,0.0350016033473676
TH-M-100016,361312808,0,0.0,29.628381699033863,0.07929198293051196
TH-F-100075,5813021602,0,0.4,34.95050066866193,0.18767903517991952
VGlut-F-200036,979627466,0,0.0,20.725210375001012,0.22168530010966886
VGlut-F-000463,5813024692,0,0.0,33.77521285874549,0.06295330483459549
TH-M-200095,393766777,0,0.0,28.146719614507614,0.21746509438783515
VGlut-F-000158,297917475,0,0.0,51.606268246578274,0.2770574801403543
TH-M-200010,5813020996,0,0.0,38.83299052337362,0.05517378117278038
Gad1-F-600059,359598627,0,0.8,20.581865869102714,0.0431669013522233
TH-F-200064,361312808,0,0.0,30.33204158528568,0.0789111838946275
Gad1-F-600059,1110972158,0,0.8,22.492051392100485,0.058691854669976486
TH-F-200081,361312808,0,0.0,27.668512401864945,0.11680312240019693
fru-F-000094,548712377,0,0.0,58.46195317850739,0.03423968798210373
Cha-F-000329,454002974,0,0.3,41.46971826596041,0.04432209183511749
TH-M-300063,5813049380,0,0.0,30.007375362869855,0.08002343970412418
Cha-F-200299,5812987694,0,0.6,4.453545182905188,0.09590869181019211
TH-F-000036,486880919,0,0.3,11.892852443325,0.1438851134281355
VGlut-F-000463,610274046,0,0.0,47.68613379132667,0.09700004500204039
TH-M-200095,548712377,0,0.0,31.859188451636218,0.0967927430988296
VGlut-F-100002,5813055298,0,0.0,34.01660679405083,0.17317753136282985
VGlut-F-200319,5813068669,0,0.0,48.5767924440243,0.06365109204255881
Gad1-F-600059,298595394,0,0.8,11.409056684490272,0.10249928181699382
TH-M-200010,735941254,0,0.0,37.37786942808498,0.11754457085271469
VGlut-F-400049,327499164,0,0.0,82.94260822796696,0.16522324483094764
TH-F-200034,361312808,0,0.0,16.18303433358806,0.06950394721605338
TH-M-200095,579575594,0,0.0,22.713163228527478,0.1366949093494037
TH-M-200049,361312808,0,0.0,44.0306933454323,0.05397913423008966
VGlut-F-600204,1005857944,0,0.0,8.787316595476849,0.3090169966729623
VGlut-F-200036,5813021583,0,0.0,14.827358050028279,0.058327651015986914
VGlut-F-000463,610274029,0,0.0,47.08239973583728,0.10201739098338478
VGlut-F-600204,5813068748,0,0.0,19.97632012342293,0.17014836603044428
VGlut-F-400049,330268940,0,0.0,66.92426870885659,0.12028645520380342
VGlut-F-200319,421646999,0,0.0,19.157771104293754,0.33137482647821537
TH-M-200064,361312808,0,0.0,34.29144745797832,0.08384232910447173
Gad1-F-600059,455431209,0,0.8,19.634449294977212,0.024770388006188353
VGlut-F-000158,361273559,0,0.0,15.353804280605425,0.2226756356910268
Trh-M-300071,957506896,0,0.7,9.236362518689473,0.09521437003372306
Trh-M-300071,1070426862,0,0.6,7.866620778959491,0.017195606564383088
VGlut-F-600204,669325882,0,0.0,79.9626737381538,0.032092536544030784
TH-F-100075,510987433,0,0.4,12.98589116257308,0.07374496436187489
TH-F-200004,510987433,0,0.4,14.730037192852485,0.08086833561600186
TH-F-100075,329225149,0,0.0,55.50050323735516,0.08380401585123833
TH-F-000036,326817334,0,0.3,11.777133899276796,0.11438579161086626
TH-F-100095,361312808,0,0.0,12.506487318713722,0.05185192564448214
TH-F-100075,297251714,0,0.0,32.83305634250523,0.10199575216829465
VGlut-F-500002,297251714,0,0.0,32.59401327586124,0.14939799252649352
Cha-F-000329,579510789,0,0.6,43.128669707870834,0.043269138607454675
TH-M-300063,331662710,0,0.0,26.33663204560902,0.043190516449743616
VGlut-F-500002,296139882,0,0.0,21.795358521131963,0.1304354522279609
TH-F-200004,361005850,0,0.0,33.692854447985596,0.16772910594616702
VGlut-F-000158,298214577,0,0.0,18.8915780192251,0.23363798915035106
TH-M-000045,361312808,0,0.0,40.868973019898256,0.06203223841212034
TH-F-200026,331662710,0,0.3,16.45671148352459,0.04497638532119403
VGlut-F-300438,358890923,0,0.0,5.779934234069279,0.037475205029329016
TH-M-000029,5813055949,0,0.3,36.27581650621057,0.07021380331524237
TH-F-000010,359931311,0,0.7,5.696390337749981,0.031163462379491063
Cha-F-200299,5813059915,0,0.4,8.784749307978291,0.20829507969212294
VGlut-F-200036,5813056261,0,0.0,18.56711416011318,0.15351542992671943
VGlut-F-000016,5813033371,0,0.3,13.372441984549106,0.29259312336201454
VGlut-F-200392,950880008,0,0.0,29.8859694230693,0.3733025565516622
TH-F-200106,5813055913,0,0.0,34.163373032866495,0.2293601619780797
TH-F-300062,5813082239,0,0.5,17.62375805055994,0.18353679207814108
TH-F-100095,328611004,0,0.0,13.728637843821657,0.10518963155678893
VGlut-F-300438,390280026,0,0.0,16.664817969419097,0.05421941339190896
Trh-M-300071,5813062858,0,0.6,15.978292802160643,0.2917509486804977
TH-M-200013,1107561814,0,0.0,65.6073438543602,0.23650620181523332
TH-F-200081,328611004,0,0.0,7.799065400881134,0.1841221421337527
TH-M-000029,487143497,0,0.0,7.426981904051475,0.2922769523661873
VGlut-F-000111,484359937,0,0.6,22.45000566462296,0.2434820791283206
Cha-F-300267,329646990,0,0.3,18.065878821355625,0.18420279553156305
VGlut-F-500002,329225149,0,0.0,56.45675144212512,0.12723835504355024
TH-F-300037,328611004,0,0.0,11.359614794889959,0.13700958051807444
Cha-F-100135,424793122,0,0.0,26.718057050319704,0.2033646724852151
TH-F-200034,328611004,0,0.0,4.770677351764933,0.14277027454867222
VGlut-F-100002,5813126031,0,0.0,51.88556355215242,0.21626816091816228
VGlut-F-100002,2095549849,0,0.0,26.496966231752126,0.17937781924091872
TH-M-300005,579268807,0,0.0,11.228903294791463,0.0865405546058421
VGlut-F-000111,5813032849,0,0.7,26.193030448015875,0.38089255275739897
TH-F-200037,330640044,0,0.0,38.70601623746784,0.08497349520995315
VGlut-F-400049,360255138,0,0.0,49.44314416220326,0.22460890401979178
VGlut-F-000303,5813056909,0,0.0,17.8795687975834,0.04269335182208398
TH-F-100083,5813049380,0,0.0,19.241815443334016,0.16500462815674152
TH-F-200037,517514142,0,0.0,29.249728619854878,0.17881503021040288
VGlut-F-200036,823058891,0,0.0,51.681933715999286,0.20965809399507587
TH-F-100099,328611004,0,0.0,3.597692629346456,0.12725992041897272
VGlut-F-000111,671233447,0,0.6,17.204185199579225,0.3265525140224238
TH-M-100016,328611004,0,0.0,14.94833305890781,0.14795144936869542
VGlut-F-000111,1043705078,0,0.6,12.56010969244252,0.28876032402234525
TH-F-300078,576825965,0,0.2,38.52231276775415,0.3466173812389601
Cha-F-100135,735941254,0,0.3,41.992271161239486,0.0746416000112933
VGlut-F-400049,329225149,0,0.0,55.193193388280044,0.2197057734855829
TH-M-300063,5813020673,0,0.0,53.53384211895962,0.07306516292815238
TH-F-000019,514842241,0,0.0,29.80146019425665,0.23287943777394302
TH-M-000045,328611004,0,0.0,22.158547981901084,0.1380302579451489
Cha-F-100135,5813020996,0,0.0,43.81071781105567,0.1285104828523179
VGlut-F-000303,575768294,0,0.0,18.67771267152538,0.0626468837769785
Cha-F-000329,609548390,0,0.6,36.90576709996192,0.03439218307314964
TH-F-200081,5813049380,0,0.4,10.651891217847513,0.1742995351125555
TH-M-000008,5813055913,0,0.0,21.811707704506606,0.06670557937562796
TH-F-200096,5813049380,0,0.0,17.274829204649894,0.16167115116921077
TH-M-200013,5813048837,0,0.0,54.341226878055004,0.1808684735773011
TH-F-300037,393063351,0,0.0,43.309288957826524,0.2795397957306068
TH-F-000019,487143497,0,0.0,16.150952267944128,0.5417089264567855
TH-F-200064,328611004,0,0.0,13.080770222753307,0.152726236731064
TH-F-000009,797442049,0,0.0,38.348637507051116,0.1336806281149937
VGlut-F-200392,5812987694,0,0.0,25.751913021264027,0.24963931982474588
Trh-M-100071,707539688,0,0.0,7.17834855542577,0.11960297439338989
TH-F-000036,602368546,0,0.0,13.18517447537614,0.06239810864499661
VGlut-F-700261,1228265278,0,0.0,22.840644519895907,0.09123832206670382
TH-F-200034,393063351,0,0.0,50.54783821683346,0.28246518677182336
TH-F-000009,1014344148,0,0.0,41.87227281070999,0.2959386757056295
Trh-M-200043,2040301572,0,0.0,26.98325384543645,0.05484065014273627
TH-F-000009,5813063093,0,0.0,41.70283941764351,0.037677889947474084
VGlut-F-000303,329897255,0,0.0,23.297438572079514,0.07039656643736528
VGlut-F-100035,5813068707,0,0.5,14.261390335954832,0.028196028631874512
VGlut-F-100035,488231898,0,0.0,18.56594373764185,0.05655815041526165
TH-M-200064,298258399,0,0.0,23.157734743194492,0.13929003057013617
Trh-F-100001,707539688,0,0.0,17.983765212996243,0.15786325388242478
VGlut-F-200062,5813021602,0,0.0,40.89543392102767,0.08389657440108983
TH-M-200035,543692985,0,0.0,39.73572281583852,0.06026823872038328
VGlut-F-200062,487143497,0,0.0,45.04628292495596,0.20923215518665483
Trh-F-100001,922069357,0,0.0,9.854099092274904,0.2530355926410766
TH-F-200064,5813049380,0,0.4,18.27138301463364,0.14458546387658988
Trh-M-100071,614081151,0,0.0,4.574337678735278,0.14629376129490954
Cha-F-300267,298258399,0,0.0,28.15759453812776,0.06902911851178688
Trh-M-700039,1043117106,0,0.0,32.80790926496126,0.2651398223660968
Trh-M-100071,922069357,0,0.0,2.7447393393906827,0.21636102677947608
TH-F-200064,5813055800,0,0.0,23.922949731112528,0.07270597710161418
Trh-F-100038,704699661,0,0.0,57.65634986472262,0.24750747429928277
VGlut-F-100035,5813011119,0,0.0,16.24130132230618,0.06370625397036468
TH-F-300078,736860990,0,0.0,22.194713621274087,0.3864091767107817
Trh-F-100066,614081151,0,0.0,14.429073221744721,0.195370902434746
TH-F-200096,5813020673,0,0.6,33.56019452450662,0.1082092663373774
VGlut-F-200062,417221397,0,0.0,40.08526309648217,0.19221274780024913
Trh-M-100020,328611004,0,0.0,25.92243186104316,0.1916673989184972
TH-F-100095,329970706,0,0.0,51.99679760047906,0.012004555855583946
TH-M-300005,423101189,0,0.0,57.335098587143854,0.2898651153264602
VGlut-F-100035,636789034,0,0.0,17.312850107805343,0.12156555506023622
Trh-F-100066,5813057861,0,0.0,31.585970989968835,0.1967149544173579
TH-F-200096,5813055800,0,0.0,18.69092258623996,0.08589518887187299
TH-F-000091,298258399,0,0.0,24.244424601076403,0.16218326926836862
VGlut-F-000177,1042656011,0,0.0,35.12606556744396,0.09603541755309217
Trh-M-100025,705795727,0,0.0,27.707341756623894,0.2554563321798833
TH-F-100050,5813041180,0,0.0,12.881112460933272,0.3090186828287773
Trh-M-100037,704699661,0,0.0,72.16089369681472,0.18471498406954615
TH-F-000012,579912201,0,0.0,57.79652692051772,0.025759038494693645
Trh-F-100066,5813009620,0,0.0,53.25296694546744,0.2649659190188473
Trh-F-100001,614081151,0,0.0,15.778557517060225,0.1847401105816122
Trh-M-100025,5813057861,0,0.0,35.108019328133324,0.15832933844474223
fru-F-000131,297925608,0,0.0,70.08123596391738,0.20362166353180036
Trh-F-000008,704699661,0,0.0,59.200246193505414,0.27969072790277033
Trh-M-100037,1727979406,0,0.0,54.79440874286131,0.28693218696477524
VGlut-F-100125,1135837629,0,0.0,30.71628094090753,0.13857602282766587
VGlut-F-400334,736860990,0,0.0,26.29555029425343,0.21126241026326922
TH-F-200096,387568523,0,0.0,17.00895929037846,0.09269559867546123
Trh-F-100038,693927941,0,0.0,58.177241140507306,0.20886145702254372
Trh-M-100025,5813060787,0,0.0,13.157356462769986,0.06774247059265397
VGlut-F-000303,698569644,0,0.0,38.11661568034678,0.1274829343101389
Trh-F-100001,642694410,0,0.0,18.542064814460524,0.1950332119333401
VGlut-F-000177,1479156699,0,0.0,20.716319813614952,0.380208324325182
TH-F-000010,331774819,0,0.0,111.1296391586904,0.06930231705282149
TH-F-000010,543821838,0,0.0,57.41992036129635,0.15988169709895508
VGlut-F-700261,1352684733,0,0.0,49.16387483762835,0.14104760730602794
TH-M-300005,1036637638,0,0.0,40.68160992954027,0.12098040708485922
VGlut-F-100125,640194409,0,0.6,34.48029422753429,0.3459985092844556
TH-F-100050,1160073701,0,0.0,16.935481201456444,0.14486128979785473
Trh-M-700039,329897255,0,0.0,50.152684458425355,0.3191801214752735
TH-M-000008,581746661,0,0.0,45.08737473669794,0.12396062255403988
VGlut-F-400334,5813011660,0,0.0,30.247965787388146,0.15979511758226053
TH-F-200081,387568523,0,0.0,19.594600856785302,0.10600191651592339
TH-F-100083,298258399,0,0.0,17.764222532105062,0.16478917459522888
VGlut-F-200251,424793122,0,0.0,33.85972461815409,0.40257919028236977
TH-F-300078,447599745,0,0.0,35.500446071788325,0.2585642762170291
TH-F-100050,975197713,0,0.0,12.32455869101231,0.18875977947061168
Cha-F-500071,828455033,0,0.7,30.73188289017653,0.14779463692828604
Gad1-F-500004,5813021943,0,0.0,85.78115559334078,0.2536758771727019
TH-M-200035,5813021943,0,0.0,87.06923118783342,0.2129428557580799
VGlut-F-100003,693927941,0,0.0,65.59202832804088,0.20973533758666277
Trh-M-100037,693927941,0,0.0,71.34640396409942,0.1431566914401679
TH-F-300078,667266529,0,0.0,27.2447946575782,0.3815279340060484
TH-F-100036,331774819,0,0.0,104.14338455681165,0.07322059730918892
VGlut-F-000177,515049524,0,0.0,27.31440603380876,0.11501200260701036
Trh-F-000008,1727979406,0,0.0,42.92145139376145,0.37882202809158894
VGlut-F-700261,5813040277,0,0.0,21.801353770494035,0.19864051954948048
Trh-M-100037,5812982656,0,0.0,68.42796209890865,0.37648428712931686
TH-M-100063,1572390197,0,0.0,61.85855938537638,0.1928495723036863
VGlut-F-700261,859839499,0,0.0,47.49920112307259,0.27120376280277003
VGlut-F-100003,5812982656,0,0.0,71.32584275081558,0.42313526209112684
TH-M-100057,1572390197,0,0.0,54.983225045179296,0.18218133340288917
TH-M-000008,611693656,0,0.0,29.417861116633848,0.09297397069734803
fru-F-000131,328265389,0,0.0,65.31160165273742,0.3434118146992211
Trh-F-100038,5812982656,0,0.0,53.822476521440414,0.44956037333079374
TH-M-100057,5813069496,0,0.0,68.12368742466487,0.06706817628181848
Cha-F-300267,328601956,0,0.0,61.65686309391788,0.23641933531061493
Gad1-F-500004,5813057153,0,0.0,45.25733918424771,0.2702671542602346
Trh-F-000008,5812982656,0,0.0,57.91566648916242,0.47126311776932384
Cha-F-500071,1013346945,0,0.3,15.72626941637518,0.05678798097348234
Cha-F-000329,5813078595,0,0.0,64.16592182590763,0.1173599991321639
Gad1-F-500004,452953198,0,0.0,32.08083665929527,0.08630807277374095
TH-M-200035,696850811,0,0.0,39.46119317006871,0.10116892228662146
TH-M-000008,520617773,0,0.0,48.912824858735924,0.21532010337417085
Trh-F-100038,549597974,0,0.0,95.97165557412805,0.09387689708187862
TH-F-300037,267551639,0,0.0,31.674983152014686,0.17120560098746895
TH-M-100057,1048250312,0,0.0,28.401937457175247,0.07100121723498394
TH-M-200049,267551639,0,0.0,8.787905246861097,0.15092472884542282
fru-F-000131,543821838,0,0.0,54.70399257097541,0.15277418306736354
TH-F-200034,327937328,0,0.0,25.598578387278884,0.20038395407846646
fru-F-000131,391496898,0,0.0,107.73598999237397,0.025816568671646205
Gad1-F-500004,544046671,0,0.0,79.64425150165458,0.1716371465839766
TH-F-200034,267551639,0,0.0,37.49930213893522,0.17815627688124927
TH-M-000045,267551639,0,0.0,10.929647402940361,0.17397241948934783
fru-F-000131,361704572,0,0.0,45.01286054329599,0.2951984636889112
VGlut-F-100003,549597974,0,0.0,104.60398513571555,0.10975177246199443
TH-F-000012,667266529,0,0.0,85.07189159190789,0.24748518015794527
VGlut-F-200251,514850616,0,0.0,48.464269573300605,0.1607301883102486
VGlut-F-000556,915481348,0,0.0,40.14554474150433,0.28117155486451173
VGlut-F-100125,5813020347,0,0.0,93.26244892713709,0.10981189177470627
VGlut-F-200251,5813011133,0,0.0,16.504015449068245,0.2083603453824352
VGlut-F-100125,488922181,0,0.0,98.05156780232328,0.2972698376144816
TH-M-100063,1443135486,0,0.0,58.5868442322053,0.25689016103851237
VGlut-F-000556,978177557,0,0.0,89.83714799412942,0.12001350083485939
VGlut-F-000556,945058110,0,0.0,93.45075439473118,0.20845659535057193
VGlut-F-000556,944720631,0,0.0,106.43661473605471,0.17095894504616385
Cha-F-000329,451982486,0,0.0,49.601136525306586,0.12451560723485558
fru-M-300299,548993536,0,0.0,62.54310841187491,0.16470079557605216
TH-M-100063,1449618949,0,0.0,66.11711900751769,0.42640117965267926
TH-M-000030,1630051981,0,0.0,73.11798661631177,0.35301063568053626
Cha-F-300171,1919606824,0,0.0,249.83662591387923,0.3221852103678533
fru-M-000238,729677428,0,0.0,201.87148481823695,0.1820262479833189
Gad1-F-100350,602459213,0,0.0,113.65462847330367,0.16242800737933777
VGlut-F-400887,947530600,0,0.0,226.36381271894976,0.16217367184906142
TH-F-100096,5813020846,0,0.0,291.8737169494962,0.19178521668148094
Gad1-F-800469,5813024983,0,0.0,404.68777786436016,0.24567020498682693
npf-M-900002,736632557,0,0.0,51.52833864842109,0.2630235828202626
Cha-F-400178,455456949,0,0.0,65.62800733297047,0.09058880815378804
Gad1-F-800444,1766762919,0,0.0,343.35762976399246,0.06325300521401038
fru-M-300185,847293869,0,0.0,109.964805308776,0.06706332431469156
5HT1A-F-200000,5813048214,0,0.0,82.71222520072351,0.06837040052802883
VGlut-F-300241,1313175597,0,0.0,106.72143544153575,0.45556673442544277
VGlut-F-500694,450609788,0,0.0,232.3466663918247,0.3049409090398958
Cha-F-400199,2199961165,0,0.0,155.05486559934764,0.17765604071876984
Cha-F-400292,1079841570,0,0.0,165.83917684910364,0.27955120899368846
Gad1-F-300314,739256609,0,0.0,130.57936924716515,0.4036549315445857
Trh-F-500017,1139831106,0,0.0,51.72192160339021,0.5993461954767705
Gad1-F-000333,1534694621,0,0.0,459.8715434807499,0.25665272450588433
Tdc2-F-100037,1413771042,0,0.0,378.40805639941135,0.07848865052753885
Gad1-F-900493,5813010948,0,0.0,197.2959488784521,0.03128852981344999
VGlut-F-300300,419639581,0,0.0,356.6402872330477,0.25619946827401063
Trh-F-100033,1041071176,0,0.0,29.646967083069605,0.24679844921632982
Trh-F-200018,5901196806,0,0.0,157.2993535442704,0.17712467146876712
fru-M-700240,1282007450,0,0.0,370.18967941337075,0.05124414214286811
fru-M-500270,700779022,0,0.0,74.13428782276613,0.10523734285146065
5-HT1B-M-600000,728633073,0,0.0,184.6517327487423,0.2017559136203133
VGlut-F-400358,1198468674,0,0.0,442.6042813280428,0.10117731372755616
VGlut-F-200047,1261907182,0,0.0,64.43889451914151,0.2047041202545741
Gad1-F-500648,1922278546,0,0.0,147.12669745864787,0.2555345981186457
VGlut-F-800048,5813124162,0,0.0,55.29409865897767,0.051366459106678135
GH298-M-200019,766410805,0,0.0,141.37585554766585,0.21200417099058189
Cha-F-000374,5813078497,0,0.0,311.817560439474,0.41932735113200353
5-HT1B-M-300004,862010850,0,0.0,176.68865136135997,0.43192198730973946
fru-F-400246,2309297730,0,0.0,134.2608515286374,0.4805084016257664
fru-F-500180,767615925,0,0.0,26.018226665983857,0.5947475152942748
Cha-F-000126,357949364,0,0.0,365.18707553097994,0.05089111486844729
VGlut-F-800325,673085574,0,0.0,201.9144882633256,0.4206134198195703
Gad1-F-700194,518329528,0,0.0,43.538542004062386,0.07374991057327587
TH-F-500001,329918685,0,0.0,58.88405522151629,0.14360598750355222
Cha-F-100098,756390536,0,0.0,138.78771553885272,0.028913829696947734
VGlut-F-300613,1016403512,0,0.0,170.12689047386283,0.02449816836936073
Trh-F-300008,1735054729,0,0.0,237.12954723303045,0.2999715304321584
fru-F-000210,986759122,0,0.0,549.8703530759349,0.09470439553748078
fru-M-100246,1077428662,0,0.0,202.98294827702904,0.3327191796324147
VGlut-F-800013,5813041172,0,0.0,467.4295223748097,0.03139244716496322
Gad1-F-700125,5813004198,0,0.0,170.97749916645571,0.41755925404708316
Gad1-F-300195,1070102684,0,0.0,82.35581264131511,0.21389795473625084
VGlut-F-500303,1233773217,0,0.0,120.87427494984155,0.07705443168731856
Gad1-F-500753,911578483,0,0.0,294.8699660860819,0.034484296435841645
VGlut-F-700076,1888183512,0,0.0,73.45106417206182,0.17733201287692818
VGlut-F-100023,543702186,0,0.0,128.266500829403,0.17143730301484028
VGlut-F-100263,5813005076,0,0.0,185.31861802423026,0.33304532467994874
Gad1-F-100554,851209002,0,0.0,65.97112396321519,0.3424157536379001
Gad1-F-100274,610351307,0,0.0,303.4818544478375,0.21832210103849137
TH-F-100059,1622740353,0,0.0,92.43352482018915,0.39309175711986827
fru-F-700185,1840636280,0,0.0,440.442224568504,0.016697063740498275
Gad1-F-100567,1159330685,0,0.0,117.54565524623142,0.29611636763194177
Gad1-F-000273,5813004119,0,0.0,115.17719894291334,0.2338930698726572
5HT1A-M-400000,1322129781,0,0.0,87.07036107681732,0.2603442599278327
VGlut-F-200583,1921600436,0,0.0,159.44180769790688,0.12510897270352023
Trh-F-400072,328956505,0,0.0,211.47274082162187,0.18489238531343938
Gad1-F-400902,1783029895,0,0.0,280.6830298357432,0.07877635351381035
Gad1-F-000165,5813041149,0,0.0,299.66929387952035,0.156034113896192
Gad1-F-500299,297192204,0,0.0,137.06391897746218,0.08495963919579572
VGlut-F-000265,5813068769,0,0.0,104.64792352617246,0.3205529218908143
Gad1-F-100051,5813009740,0,0.0,103.90770086007532,0.07742460604355592
fru-M-500234,828027702,0,0.0,152.93531231490977,0.18871272056604066
VGlut-F-400783,1164234826,0,0.0,312.84641082590264,0.24631051460038494
Gad1-F-800371,1227616995,0,0.0,128.45969039327292,0.16736371010794898
Gad1-F-700353,5813096260,0,0.0,182.67873206421947,0.12398085243432565
VGlut-F-300042,5813056414,0,0.0,57.636701181101664,0.056837128198643824
VGlut-F-600021,1847979455,0,0.0,446.0367252610864,0.3980304439810111
Gad1-F-200786,5813041705,0,0.0,386.07818912964575,0.1921194451689492
Gad1-F-100086,1873078321,0,0.0,216.6940707954394,0.0909812974779201
Cha-F-500066,947564983,0,0.0,404.00887428834403,0.20338856311499626
Trh-F-400111,1288889408,0,0.0,247.3690307970378,0.3084191004768253
VGlut-F-800093,576475847,0,0.0,239.51867781440137,0.21516518827621767
Gad1-F-800440,1297202769,0,0.0,53.80907283446545,0.025296927912819206
VGlut-F-700502,5812991193,0,0.0,314.9199783013779,0.168879707560081
Cha-F-200061,730001920,0,0.0,214.76269600565703,0.28857033901298496
fru-F-500320,823015627,0,0.0,110.58203782026085,0.1644718705995151
Cha-F-700012,1225273264,0,0.0,180.4120577706021,0.1405108145443386
fru-M-000277,482974860,0,0.0,177.49937905606686,0.27367304845454815
Cha-F-400184,1732451638,0,0.0,234.78113128450826,0.24530420582398962
VGlut-F-500176,1480589255,0,0.0,286.8136967643647,0.3785434813865365
Cha-F-700113,1510312061,0,0.0,99.00893084899,0.15776126010172245
VGlut-F-300249,785957618,0,0.0,196.96852679453534,0.09856030342745391
Gad1-F-700219,798908816,0,0.0,106.09474389925113,0.1807920147023389
Gad1-F-300853,5813034284,0,0.0,130.28197105718172,0.24124922658504433
Trh-F-400108,357581846,0,0.0,273.14916631768807,0.29535766398134206
Trh-M-400022,734581598,0,0.0,156.86779178049042,0.020582554206354877
Gad1-F-400508,1224945418,0,0.0,231.2719859584091,0.3394417264396444
Trh-M-300140,1005252630,0,0.0,90.19652235835791,0.15534051315478892
Cha-F-100070,5813021480,0,0.0,273.56414614299683,0.3180223112859791
VGlut-F-600372,579963818,0,0.0,200.75302009686092,0.07689473048470873
fru-F-400073,1260577951,0,0.0,234.20348115899316,0.2562904736546937
Gad1-F-400794,980089353,0,0.0,345.5404437740984,0.44769471578230746
fru-F-500426,1170322501,0,0.0,92.52228223112667,0.0356586962293341
Trh-M-400143,5813054032,0,0.0,266.10589165172706,0.34319707485864653
Gad1-F-000025,1784730808,0,0.0,443.1452414284657,0.3260027685548082
Gad1-F-000794,1163190900,0,0.0,242.22746898238958,0.2311978857420705
Gad1-F-400895,942587380,0,0.0,250.73800199291094,0.04192975582385795
GH146-M-400001,1763473480,0,0.0,131.3847699367788,0.13891958589937095
fru-M-100096,329646990,0,0.0,115.13458862202725,0.068382809772537
Gad1-F-700559,1978849252,0,0.0,149.59580801329903,0.06719904203439364
VGlut-F-600143,356468264,0,0.0,261.55084075687824,0.1849157560477392
Cha-F-300394,519214895,0,0.0,108.54102293513427,0.12993947593795133
VGlut-F-200181,2247340372,0,0.0,52.35302526592631,0.0897946620143204
Cha-F-000351,1562400848,0,0.0,266.9890746504742,0.10583810994502142
VGlut-F-400579,5813069636,0,0.0,176.67168256622696,0.08071756085131875
Cha-F-200263,2228609140,0,0.0,210.8079254476819,0.13038101444906985
VGlut-F-600487,2166197621,0,0.0,188.36077432029526,0.3157375483210895
Cha-F-000143,1951642867,0,0.0,216.76699660562107,0.2940780072658149
Gad1-F-300623,766734991,0,0.0,141.99126330570124,0.02748211669062752
TH-F-300005,1349685300,0,0.0,367.39321455602277,0.1733470136051155
VGlut-F-400220,1699719901,0,0.0,88.29802428690203,0.06755063531370092
Cha-F-500047,299268507,0,0.0,265.39338636773317,0.1170404233183948
fru-F-500040,2321337738,0,0.0,208.75243295821613,0.24459250736070517
fru-F-100085,2532727986,0,0.0,342.67716674641633,0.22221064808609123
Cha-F-500043,6400000773,0,0.0,111.26926190817856,0.029294921234035612
Cha-F-600093,1078874826,0,0.0,137.05331296941145,0.2302230991055814
VGlut-F-500476,861683024,0,0.0,485.615186860314,0.17875634938208826
fru-F-400000,5813055709,0,0.0,253.7535094359681,0.29382186387404424
VGlut-F-200036,1469331067,0,0.0,69.45274254846653,0.35352232656783933
Gad1-F-500359,800579638,0,0.0,73.58405040759267,0.31044521852131635
Gad1-F-700668,1996276320,0,0.0,303.52988886909105,0.4043421618116265
VGlut-F-400099,737218650,0,0.0,347.3596380373503,0.36946153376978513
fru-F-500273,1260949492,0,0.0,90.31760423772451,0.15500375383420134
VGlut-F-200271,789990773,0,0.0,187.20170675946017,0.014258540224852885
Cha-F-400119,1133890586,0,0.0,233.353740549152,0.07537123261991642
fru-M-600208,610321430,0,0.0,182.9128775023108,0.07897453202475906
Gad1-F-100611,1319919610,0,0.0,66.06026040441351,0.18003051860065458
Trh-F-000009,885262043,0,0.0,127.75269725881358,0.43521987546467933
Cha-F-300392,727350004,0,0.0,67.42594418905843,0.10628927841952773
Gad1-F-400803,1560449415,0,0.0,273.5601445709811,0.23082544300070024
VGlut-F-100215,1285068138,0,0.0,183.65777066064163,0.08006992267563191
fru-F-400546,5813024603,0,0.0,130.6247833635605,0.49975844217926824
Trh-F-200072,915169946,0,0.0,162.38859802234575,0.1373123068303876
VGlut-F-400457,2096914287,0,0.0,118.93904024430445,0.18908438656325266
5HT1A-M-400010,1946851619,0,0.0,108.31891047257717,0.3393371990851386
Gad1-F-400628,1259895761,0,0.0,405.3227070637287,0.4277023641850448
VGlut-F-400389,2168572270,0,0.0,337.7533891666037,0.4960015841614634
Trh-F-500088,1232948618,0,0.0,304.9201886959631,0.556547585318895
Gad1-F-200590,5812979942,0,0.0,384.52753697893274,0.05815523858400805
Trh-M-300255,1950978227,0,0.0,89.86648681361027,0.11569607962737087
Gad1-F-200439,1733850183,0,0.0,96.09973438216826,0.4483714214563657
Gad1-F-300077,736126732,0,0.0,209.56055769979162,0.25999790471674666
VGlut-F-400835,1502701269,0,0.0,129.86823161829145,0.008549411350848447
Cha-F-300240,885944105,0,0.0,93.32381941421055,0.45387590208730566
Gad1-F-700574,451995819,0,0.0,220.0413047983519,0.20624018307251477
VGlut-F-300445,483349859,0,0.0,258.85227425728164,0.11015935046185592
104198-F-300030,5813035558,0,0.0,161.50655769492758,0.3809456810966812
fru-M-100005,739917109,0,0.0,100.2591275183741,0.16943984790702765
Gad1-F-100532,640596169,0,0.0,206.93880701322163,0.16111017929545113
Gad1-F-900116,2138232396,0,0.0,230.91716025623455,0.026332791684806525
fru-M-300257,1563393697,0,0.0,68.68859691002953,0.06009351642468481
VGlut-F-300227,849370246,0,0.0,169.9957191765057,0.1591747388617929
fru-M-700030,1685258320,0,0.0,111.5548385665364,0.07833336438659039
Cha-F-000211,1140655376,0,0.0,109.9208668998433,0.15898956967987127
Trh-M-300011,1050024735,0,0.0,93.53113848091361,0.08132156698303114
VGlut-F-600315,5813032847,0,0.0,466.96721744359854,0.272113525886318
Cha-F-100240,421003580,0,0.0,456.2844922486938,0.018991452797787713
Trh-F-100045,1727970209,0,0.0,80.7796192814772,0.428582908983018
Gad1-F-800428,2166133204,0,0.0,198.57500137511227,0.06323414245887655
Cha-F-100200,911241750,0,0.0,132.26074973548162,0.04628599144850073
Trh-F-900034,640375483,0,0.0,272.53669612961,0.257385879864936
fru-F-400141,1343550174,0,0.0,91.73210736162423,0.262189448552921
fru-M-300009,1407593231,0,0.0,312.6018220974165,0.07807062291950198
Gad1-F-500603,5813068507,0,0.0,446.98715019698676,0.2112350850365751
Trh-F-000072,1692462759,0,0.0,215.73831820005447,0.24871882421628433
VGlut-F-300340,674108802,0,0.0,420.4702044614607,0.18043522280091934
Trh-F-300100,886159795,0,0.0,231.78297294902873,0.18228510221926558
Gad1-F-600540,664628372,0,0.0,269.47142135123806,0.10027091541451005
Cha-F-400189,1540129092,0,0.0,216.7329788180554,0.10852921152626205
Gad1-F-700019,388280297,0,0.0,197.9929387956317,0.1836118298400308
Trh-M-500134,911211196,0,0.0,343.90634693299205,0.10509534819648499
VGlut-F-600373,824457714,0,0.0,232.3332005891714,0.26035827377417786
Gad1-F-700123,5812989173,0,0.0,128.6791594303415,0.05768735219565456
Cha-F-000004,452673242,0,0.0,184.97858266435372,0.30169959569352717
npf-M-300043,477909679,0,0.0,189.9693950155043,0.21004919003517306
Gad1-F-200694,2160271244,0,0.0,202.85555032257645,0.2750656835564946
VGlut-F-700271,1005149651,0,0.0,169.4085458597441,0.04221550882373067
fru-M-400058,5813056313,0,0.0,216.3551732080063,0.12454374594050971
fru-F-300000,1734717804,0,0.0,377.28050988714904,0.24038865772047405
VGlut-F-200416,1573612290,0,0.0,173.92904656261987,0.4373884291126615
Cha-F-300175,643717679,0,0.0,462.5999578695084,0.3488228741942584
VGlut-F-600700,852051464,0,0.0,64.55256142988162,0.3690904723922761
Gad1-F-400828,1671616397,0,0.0,392.3623317460604,0.0626717858135349
VGlut-F-500309,453087379,0,0.0,37.21529415467806,0.14256172983099008
fru-F-400517,1013019093,0,0.0,127.35985738850391,0.26062250733680203
Trh-F-300132,295137515,0,0.0,241.31337962297636,0.025591141659613185
fru-F-400112,1167088413,0,0.0,179.24445553030228,0.04190877496934335
Cha-F-300314,1701287251,0,0.0,251.67250530612523,0.06388802536737681
Trh-M-100006,735112319,0,0.0,33.4921773601749,0.3254822922341343
Gad1-F-200315,1572373099,0,0.0,207.6590646013535,0.405239264931829
fru-F-400384,829231385,0,0.0,226.93747199947165,0.1724180433161499
Cha-F-600157,2385436621,0,0.0,184.63396108933856,0.34148158991343913
VGlut-F-400526,361704572,0,0.0,178.11677005114433,0.2571979600848719
Gad1-F-400727,1636225341,0,0.0,266.67966000143963,0.20179465736962351
VGlut-F-500051,1291289106,0,0.0,204.87727279489894,0.47194608034012075
Gad1-F-300371,1636558405,0,0.0,76.62066741175752,0.10511561812429349
Gad1-F-000442,549385850,0,0.0,272.12550917732534,0.3766050298516105
fru-F-200143,1817785661,0,0.0,217.58456495517635,0.2032935711208338
Gad1-F-300268,916038365,0,0.0,100.67147964225188,0.32069994065138846
Gad1-F-000375,1199496273,0,0.0,241.09433962226956,0.034346508748252624
Gad1-F-700110,2228569805,0,0.0,137.7675067100863,0.1838552669420006
Gad1-F-300608,2256897823,0,0.0,190.13245314350203,0.4548755461188849
104198-F-100001,767313151,0,0.0,133.4311574043117,0.1659708171404253
fru-F-400371,2013755484,0,0.0,110.7230104928902,0.16492101694219344
VGlut-F-300071,795362225,0,0.0,436.79579635321295,0.20453499345944035
Cha-F-000100,925003837,0,0.0,463.6555573816354,0.14735226382385008
VGlut-F-500799,5813027692,0,0.0,286.500928235027,0.28238793478762025
fru-M-700282,5813063137,0,0.0,144.11865382335725,0.31886770136332676
fru-F-000236,1670252047,0,0.0,272.0487048338525,0.3155813121936257
Cha-F-200421,1407783264,0,0.0,210.2621961119845,0.03415992210662304
VGlut-F-400554,1631930801,0,0.0,550.2231548135268,0.2408738947512039
fru-M-100331,1009375497,0,0.0,160.82175057102222,0.08761582509431574
VGlut-F-300239,1344469589,0,0.0,65.53840456183279,0.6816181920875992
VGlut-F-400788,1108545599,0,0.0,90.74567277054337,0.18373022398088912
Gad1-F-900255,2105492020,0,0.0,125.82846550102802,0.03874828173828158
Gad1-F-600695,5812983745,0,0.0,179.7858916169484,0.32796889722356853
fru-M-700227,5813035183,0,0.0,498.46146967051186,0.09171628188920265
VGlut-F-100062,5813013524,0,0.0,134.9432678262535,0.3842182876390676
VGlut-F-300364,5813038182,0,0.0,214.53490426431577,0.28855777472794275
Cha-F-500258,388863775,0,0.0,185.69559978505055,0.13697835820197127
Cha-F-500103,853963621,0,0.0,130.2427039788015,0.08819016930172775
Gad1-F-500278,296880800,0,0.0,371.68565800892,0.41798471229876555
Trh-F-000066,5813035204,0,0.0,272.2948587083504,0.07095362939833401
Gad1-F-600250,5812979667,0,0.0,87.31375948260985,0.10554242227801518
TH-M-100052,5813041478,0,0.0,120.21930253062466,0.4761917513490121
Cha-F-000307,638481581,0,0.0,283.92686406780007,0.049174207073292675
Gad1-F-200573,415848228,0,0.0,259.0435977205611,0.06603714251931632
Gad1-F-700197,550404663,0,0.0,135.82673628206106,0.3397838837943098
Gad1-F-200016,5813022207,0,0.0,132.54565753832378,0.3625582275182593
Cha-F-200181,1006258344,0,0.0,316.9723372577297,0.05337835210459316
VGlut-F-400060,1012329216,0,0.0,296.51668530937206,0.17496399645540126
Gad1-F-400482,881216816,0,0.0,239.41992616401552,0.5853479969420885
Gad1-F-800494,1778613177,0,0.0,165.4113838686066,0.07763655082608684
fru-M-500367,1636225517,0,0.0,88.96488566421719,0.21108426719554393
Cha-F-000311,671233447,0,0.0,83.98378376988424,0.20016868721299286
TH-F-700014,1848483949,0,0.0,147.06691053075588,0.22418089787221496
Cha-F-000031,1449606569,0,0.0,77.23806215259445,0.09459463387902797
VGlut-F-500508,5813087952,0,0.0,516.1054531624873,0.10766076812306223
Cha-F-500030,2012728682,0,0.0,184.03599100461642,0.11464080199449363
Gad1-F-600651,518187118,0,0.0,318.71971156510904,0.08705413284586955
VGlut-F-500368,5813009996,0,0.0,337.6427616894051,0.10075657352720813
fru-M-900029,696126258,0,0.0,259.63226755871176,0.3339835932833204
Cha-F-300217,1756532441,0,0.0,328.7599010473666,0.11404560395925231
Gad1-F-500096,5812999707,0,0.0,92.4592466943473,0.17657591695281344
VGlut-F-400611,1016192580,0,0.0,65.33546871337478,0.06251263428575776
GH298-M-300029,2409616020,0,0.0,181.89218296496912,0.35981082587562596
Cha-F-000458,5813038198,0,0.0,103.14213520080928,0.08768384024115215
Trh-M-600010,734664277,0,0.0,256.10167917800527,0.20402793078910103
fru-M-400338,1228489167,0,0.0,154.65433491411352,0.041459558170485626
fru-M-400205,786221078,0,0.0,410.10151407751914,0.2593585468307294
Gad1-F-100079,5812996809,0,0.0,326.7581474417825,0.08786403210216749
Gad1-F-100360,859174595,0,0.0,115.37252629947453,0.37631284172437224
fru-M-000219,2013022074,0,0.0,203.6726523233565,0.05498295361071876
Gad1-F-500036,768590452,0,0.0,159.70464593514603,0.07026739995447286
Trh-M-000171,668618317,0,0.0,327.84798639226295,0.1466448607206889
Cha-F-300281,640276971,0,0.0,254.54892830658846,0.035038555023142834
5HT1A-M-100009,5813004049,0,0.0,176.6647100992851,0.0419205525035972
VGlut-F-000307,5813062647,0,0.0,338.91347316642265,0.1844719597275271
npf-F-500004,5813058367,0,0.0,207.42107341339278,0.07059851923114724
Gad1-F-600630,5812980408,0,0.0,199.85671970765694,0.22837213215051516
Trh-F-600036,5812979314,0,0.0,188.10607946896766,0.16194990305039714
VGlut-F-500526,2197561253,0,0.0,154.45288691369936,0.13720868184547855
fru-M-600211,641066630,0,0.0,37.5997470235463,0.057185295076688285
fru-M-600168,516409549,0,0.0,160.8463308557306,0.10710232967561566
VGlut-F-500758,2124137753,0,0.0,126.3907054801941,0.17967750417739486
Tdc2-F-100057,5901202219,0,0.0,188.60659991790067,0.09214687767137532
fru-M-100070,1198931241,0,0.0,111.29280694294961,0.14177409899137128
Gad1-F-200396,1173076523,0,0.0,95.34027462158366,0.3040622333957159
Gad1-F-000324,5812980588,0,0.0,332.6378567438621,0.518896345965279
Gad1-F-400061,1043700428,0,0.0,392.91996780978087,0.18531691321283975
Gad1-F-800163,1374615082,0,0.0,166.85143788540077,0.20173292701144754
fru-M-500191,1597908742,0,0.0,84.05035970046139,0.23857168079918437
fru-F-400051,2197232766,0,0.0,140.54935917588034,0.05743451548792082
Gad1-F-000466,2073408400,0,0.0,165.36712181290395,0.0675765551004913
Gad1-F-300220,423101189,0,0.0,307.5409505245775,0.238524463117404
VGlut-F-400311,612703762,0,0.0,188.839381114222,0.06590383348449384
Trh-F-400071,5813053923,0,0.0,240.6792354700734,0.18841330847397403
Cha-F-500049,1079143870,0,0.0,117.23955539783783,0.31539296642111186
fru-M-400225,5812989593,0,0.0,162.53705049884618,0.3139965712015554
VGlut-F-500455,392640591,0,0.0,144.01886891429405,0.14999902374402346
Cha-F-400230,486056294,0,0.0,482.4688552488487,0.5574246324831713
VGlut-F-000199,1381484065,0,0.0,139.88923624471775,0.20192277929174646
VGlut-F-700256,5813078679,0,0.0,134.48376294363743,0.152734475394748
VGlut-F-300146,2043762933,0,0.0,152.26757404947207,0.07259943081217242
fru-M-300163,298262644,0,0.0,459.13093016922744,0.18058719818924085
Cha-F-400123,1625252129,0,0.0,277.19769386985,0.01530640191276475
fru-F-700230,1065280625,0,0.0,210.87810682061087,0.180462849297179
Cha-F-300122,1729887288,0,0.0,239.61272355424245,0.15914113073851358
Gad1-F-200414,612742224,0,0.0,134.3275683291044,0.37772200615151885
VGlut-F-700145,733040015,0,0.0,138.07670088876972,0.19028953850837085
fru-M-800155,665552356,0,0.0,205.93254946355515,0.27454170485282847
VGlut-F-600295,1380408540,0,0.0,117.47310929349378,0.1087171885470145
Gad1-F-300582,298266903,0,0.0,339.87956583321204,0.34526751049699844
Gad1-F-000446,418611695,0,0.0,107.0105864584594,0.11869739729949856
Trh-M-500029,699397554,0,0.0,335.22037681116825,0.07994477885692969
Gad1-F-600311,1199850227,0,0.0,212.4761041150082,0.0981921719561355
VGlut-F-000641,5813013952,0,0.0,53.48492709190633,0.3743496308228275
Trh-M-000147,1416900410,0,0.0,61.563986860866834,0.2326348043267421
Trh-F-700037,1313849969,0,0.0,37.228883649348184,0.31366893144262653
VGlut-F-700583,294786785,0,0.0,273.81162715926,0.18405319418922325
Gad1-F-100004,1685892497,0,0.0,191.68675487509998,0.14557275687108326
fru-F-300088,1500953002,0,0.0,220.79388922927296,0.35639752372259836
fru-F-000141,731270909,0,0.0,176.29110704932955,0.23782267163119516
Gad1-F-600601,5813037982,0,0.0,319.8291474438089,0.08471296279007615
VGlut-F-000377,1605194516,0,0.0,147.18015282282494,0.3795603787476592
Gad1-F-300328,5813021192,0,0.0,238.6217327859784,0.03918975955585662
Gad1-F-000070,5813062850,0,0.0,317.7018544815685,0.12954533880901203
VT4419-M-200014,1018804242,0,0.0,263.7770028408222,0.31448862205484174
fru-F-200055,332344760,0,0.0,16.416406994862168,0.21424029815491277
fru-M-400401,704674025,0,0.0,156.02050249505032,0.053395189396440765
VGlut-F-700520,1809320060,0,0.0,84.07868182530007,0.43052815743471456
VGlut-F-200526,1104159537,0,0.0,136.6351757430544,0.19096117922812292
Cha-F-400256,1723990099,0,0.0,155.43920805191962,0.3125288966044916
Trh-F-400017,1623253338,0,0.0,300.9990668749444,0.11993489655346617
Gad1-F-300004,549904387,0,0.0,111.80389261603648,0.3578508141007119
VT8167-F-200006,1731354634,0,0.0,50.99472583921067,0.40214836984342817
Gad1-F-200318,1344055093,0,0.0,334.0353265472883,0.2434507266548328
TH-F-200110,5813133660,0,0.0,209.7419664706189,0.08760106850077742
Cha-F-000518,2249598591,0,0.0,92.90541902025267,0.5586208651605234
fru-M-200019,2044030893,0,0.0,155.1281326266712,0.48521492798245175
Gad1-F-500123,5813021832,0,0.0,249.41404897584871,0.10154408062075322
Gad1-F-700377,704078253,0,0.0,274.84151955763156,0.06548320634951588
Gad1-F-900007,2075471996,0,0.0,183.1771368460398,0.2342864491848402
VGlut-F-700207,1290416713,0,0.0,81.76792853715655,0.2747276183424285
Trh-F-400048,5813000952,0,0.0,395.36982652520635,0.09825291435296993
Gad1-F-000735,885599043,0,0.0,309.0555191951902,0.2575358953641015
VGlut-F-500477,669869547,0,0.0,540.7526354892746,0.14983995097456837
Trh-F-500092,893158121,0,0.0,136.77713655256505,0.11564899189619106
Gad1-F-900630,1140188914,0,0.0,484.18415144502615,0.43919577613148997
Trh-M-000074,541347811,0,0.0,195.79258058071727,0.13042524865990826
Gad1-F-900611,1777974380,0,0.0,496.307873264042,0.08059193255071644
Gad1-F-700180,297519843,0,0.0,134.65166595173383,0.09644453601577557
VGlut-F-600625,5813063151,0,0.0,187.97826194791017,0.11424207695178683
Gad1-F-200495,5813069331,0,0.0,377.0553111381393,0.21963728434372548
Gad1-F-500341,267227062,0,0.0,142.37821692294787,0.111416295246301
TH-F-100082,2015396491,0,0.0,510.15596255259715,0.22395208327306948
Gad1-F-400770,1129694717,0,0.0,181.56922781555375,0.03801157386175486
fru-F-000083,1261566146,0,0.0,376.43177252945776,0.04209744980413559
Trh-F-500175,1039076802,0,0.0,200.56391596410512,0.0738884703112392
TH-F-200028,327932807,0,0.0,201.03944596968142,0.12447880981532904
Trh-M-400030,849421893,0,0.0,78.49604644454561,0.12673573057002924
fru-M-800102,1475318548,0,0.0,392.91827432499565,0.5912390235029692
VGlut-F-000140,1011611587,0,0.0,151.45368828600965,0.20191589087894443
VGlut-F-000123,1701614885,0,0.0,340.5024439056986,0.061769741425142285
Gad1-F-400382,2259639442,0,0.0,154.86576983585798,0.3060284750473661
Cha-F-600144,1109141617,0,0.0,354.37227308788874,0.3937886342076106
Gad1-F-200574,661407917,0,0.0,83.22149237857796,0.2053303294636644
Cha-F-000220,295106899,0,0.0,457.042779617047,0.10859946813673158
Trh-M-100089,2106166015,0,0.0,45.79780799998285,0.39259872388225814
Gad1-F-300435,487541595,0,0.0,101.6908696093312,0.21733624570089513
TH-F-200000,1375245983,0,0.0,453.85043660562445,0.28897038910887474
Trh-F-100003,1559284412,0,0.0,144.22063328871093,0.19025134310198125
Cha-F-100064,1074510430,0,0.0,141.1221559796821,0.04682909637933632
Gad1-F-000701,1589787255,0,0.0,261.64852139106574,0.01314214857102921
VGlut-F-400823,5813080766,0,0.0,189.09625868336505,0.019102928258129818
Cha-F-000365,5813019517,0,0.0,333.20156412379976,0.3990857764151233
fru-M-300005,1983381579,0,0.0,79.5475191174285,0.1452876134184741
VGlut-F-800148,1164882751,0,0.0,100.84757266554571,0.1079894077160896
VGlut-F-600054,1412238418,0,0.0,307.37301629909683,0.10383559246782224
Cha-F-100074,1043842362,0,0.0,87.28502282318595,0.14402314608278566
Gad1-F-700304,2009576932,0,0.0,73.90496971494748,0.1644446722622454
Gad1-F-700653,1048470473,0,0.0,69.06827298534135,0.3690648501183259
Trh-M-300004,388284324,0,0.0,178.01354573855,0.16552377105283153
Cha-F-000208,1792807347,0,0.0,79.11724595957553,0.2495920764023035
Gad1-F-700431,5813032896,0,0.0,367.8318087756932,0.2301288127733046
Cha-F-200007,1200527805,0,0.0,275.5911779801203,0.08229130228915416
Gad1-F-800269,5813046525,0,0.0,98.70904945894372,0.10699866253607268
VGlut-F-400297,5813099653,0,0.0,109.72264987785255,0.2949041845819501
fru-M-400369,5813023313,0,0.0,99.13545886725313,0.3295969346157709
Gad1-F-300778,1730988388,0,0.0,312.3654787789205,0.4231727926879095
Gad1-F-500510,729957687,0,0.0,163.32602396000019,0.19004729980883858
VGlut-F-200240,1419141364,0,0.0,183.8039533940808,0.4134718240137981
Cha-F-600099,357490931,0,0.0,534.02587657577,0.04817893864313076
fru-M-200197,1668944259,0,0.0,60.321499694186166,0.06375643713672856
Trh-F-500106,1136744615,0,0.0,209.46766821236443,0.10288031773366536
fru-M-100053,361445621,0,0.0,177.90576720368813,0.3778760463628827
Cha-F-300368,816613438,0,0.0,393.2379867780968,0.24762258932752257
fru-M-700287,297183251,0,0.0,212.20791579759782,0.45239263639225463
Gad1-F-900497,5812988233,0,0.0,174.60351939561696,0.33958280850875
Trh-M-200079,1502191932,0,0.0,203.92597937085895,0.034554984011739606
fru-F-500575,1728894101,0,0.0,132.76917326974853,0.17041304946165695
Gad1-F-300312,5813003753,0,0.0,283.5121890005701,0.012516587517158523
5HT1A-M-600004,1670584497,0,0.0,97.29031130530473,0.0824364741052983
fru-M-500268,5813047467,0,0.0,146.9866259538183,0.22965722658672338
Cha-F-100335,1233436479,0,0.0,417.00034711617633,0.37566834949790084
fru-F-800044,1385433981,0,0.0,261.67578547907385,0.03182203471823431
VGlut-F-500008,5813055865,0,0.0,205.47942109485953,0.1308596433923698
104198-F-300013,1560734467,0,0.0,222.15007533416775,0.24765392142500975
Cha-F-000529,693099064,0,0.0,124.5581094427286,0.17740653880222826
Trh-M-700063,885257860,0,0.0,109.98981600759528,0.20470908928711948
VGlut-F-400633,548937579,0,0.0,362.68465581850944,0.4776646839699793
Cha-F-600257,1078693835,0,0.0,421.14567232044243,0.026244625262423393
Gad1-F-600219,1380737049,0,0.0,156.86059116142306,0.03677260902283855
Gad1-F-400552,910063307,0,0.0,388.4381423584564,0.29272590988485836
TH-F-700010,729228602,0,0.0,187.91466047621546,0.20911739650898045
5HT1A-M-100030,5813039011,0,0.0,119.83256602813634,0.25394560472337707
Gad1-F-800533,2045105779,0,0.0,240.21317730509296,0.026993987232228466
Gad1-F-500465,449910002,0,0.0,230.0452264137386,0.0738163319706101
Gad1-F-600378,1686932677,0,0.0,132.24728928711596,0.15626391983228116
Gad1-F-300067,5901210546,0,0.0,301.64162551150207,0.02695264069705666
Cha-F-300225,5813062838,0,0.0,286.60780518059437,0.31381655457054786
VGlut-F-600676,1229093930,0,0.0,338.6587157275562,0.31120192055725104
fru-M-000119,1133571702,0,0.0,84.11392240848195,0.17338274653049526
fru-F-700121,390599254,0,0.0,105.10594869071446,0.11770274737362253
Gad1-F-500758,5901203505,0,0.0,344.1164275339409,0.13255021901932473
fru-F-800072,1534788807,0,0.0,211.65865008131513,0.2034471305869402
104198-F-200001,910093235,0,0.0,135.66258479563655,0.3037517187363272
TH-M-700002,5812983575,0,0.0,86.47715795354583,0.18472316972249042
Gad1-F-400891,944807084,0,0.0,277.24830062105144,0.16946910360766992
Cha-F-800096,299604736,0,0.0,282.5496576725615,0.15484426870262286
5HT1A-F-300030,1510294253,0,0.0,165.7229109871286,0.3916037875272596
Cha-F-700173,1718645916,0,0.0,170.74103982344408,0.07462063007366479
5HT1A-M-000000,724867606,0,0.0,65.86612976659887,0.08812206340599088
Gad1-F-900049,693500431,0,0.0,390.4484973778003,0.04049930216731728
fru-M-200281,5813056327,0,0.0,81.6979795302669,0.06573195137960898
Trh-F-300023,1932773383,0,0.0,301.74623976968076,0.2167306445814781
npf-M-300033,5813123585,0,0.0,69.87728460970682,0.058191092080255774
Gad1-F-000208,1074143191,0,0.0,184.8946578505646,0.06374671420678081
Cha-F-000521,1194937249,0,0.0,32.012119759457015,0.3357861749924896
VGlut-F-300658,1166778367,0,0.0,494.69845849312196,0.27457238792705085
fru-F-400221,791307174,0,0.0,502.9008835285121,0.2519987887003745
TH-F-200104,5813056278,0,0.0,239.78689729285853,0.41413740656768044
VGlut-F-700486,1349240911,0,0.0,228.43294727661322,0.23082421748806956
fru-F-300113,1702301766,0,0.0,450.49351990936333,0.15404291054404573
Trh-M-400162,1318870786,0,0.0,253.78575332769424,0.4080207002865214
VGlut-F-200148,792616185,0,0.0,432.4824191252563,0.23497877537737943
Gad1-F-100629,1948940756,0,0.0,89.10003196406673,0.28779890705852335
Trh-F-100034,822376419,0,0.0,129.17398190874624,0.3572835351360144
fru-M-700111,327519295,0,0.0,213.9418722589933,0.27593728125395134
Cha-F-600032,5812979815,0,0.0,286.12528930786175,0.4711701674754023
Trh-M-100058,328213227,0,0.0,229.4104502170467,0.5274919539455716
Gad1-F-300644,727182822,0,0.0,242.56728027154605,0.012267111894091524
Gad1-F-300754,389909109,0,0.0,488.9070742527439,0.4110270157623542
VGlut-F-000305,420226410,0,0.0,263.562475567745,0.028216942105527294
fru-F-500438,5901196898,0,0.0,287.8525962488395,0.13419262862711584
Gad1-F-800195,1701325725,0,0.0,108.85002363090177,0.14399651713551123
Gad1-F-200463,2132422384,0,0.0,113.3315776319026,0.3250066838326177
Gad1-F-200205,1745518676,0,0.0,188.44684279876324,0.028440966518385416
Gad1-F-300687,2107529953,0,0.0,154.4039489207478,0.010956065123147014
Gad1-F-700664,545786279,0,0.0,424.87684052459764,0.04630905297895165
VGlut-F-400189,1508118556,0,0.0,141.89405125223715,0.4825437995354907
Gad1-F-000381,877318574,0,0.0,331.96648966519973,0.03001342623682202
Cha-F-800031,5813021404,0,0.0,146.12347279368953,0.12076291662972932
fru-F-500046,2167553250,0,0.0,248.75015108800585,0.18153540105585175
5HT1A-F-200002,1138466987,0,0.0,230.22133300310833,0.1446215099163262
VGlut-F-500238,5812981553,0,0.0,85.5025065427189,0.40413441658020666
Gad1-F-400329,1015570297,0,0.0,181.31893049201358,0.28553583379085573
fru-F-300151,1919208947,0,0.0,97.11018435915965,0.17984977174856517
VGlut-F-900091,1192735693,0,0.0,200.33811080527846,0.24902103324361938
TH-M-200027,821552280,0,0.0,122.9607183290741,0.1782378077388844
Gad1-F-100162,1385032953,0,0.0,194.66700710885095,0.2643786660319739
Trh-F-300058,1820720998,0,0.0,70.44487017557907,0.23198592262890286
fru-M-000177,1319591442,0,0.0,328.3834508310046,0.2953964822789094
Gad1-F-800628,5813061879,0,0.0,322.39325216527493,0.05471319940295417
fru-M-600032,2228936935,0,0.0,78.1845672375635,0.10838677700408006
Cha-F-400274,632069728,0,0.0,163.1991364605824,0.09580548928838431
Gad1-F-400854,1952622768,0,0.0,427.1296798572233,0.6054822329273771
VGlut-F-700264,1194510761,0,0.0,487.75152617498117,0.1566639427270495
fru-F-800036,5812981791,0,0.0,222.984678516349,0.09129972956777643
Gad1-F-300794,1504432299,0,0.0,589.4341693974211,0.20871261790999895
Gad1-F-500849,663437249,0,0.0,228.93082522504042,0.24564601022548757
Gad1-F-500685,5813022959,0,0.0,110.14919260039369,0.30830020358955224
Cha-F-800048,5813064427,0,0.0,134.60711310965712,0.09394995467344583
VGlut-F-400252,909372602,0,0.0,296.0438320573496,0.14454527774510972
Cha-F-000269,1347901684,0,0.0,77.2230344868046,0.23855988119949842
Trh-M-500119,735699469,0,0.0,284.0404291322578,0.05628065642309956
fru-F-500220,1759929057,0,0.0,292.7288103180114,0.06954338221045436
VGlut-F-500118,5813088464,0,0.0,282.0068359235912,0.18751008467399458
fru-M-200079,1670761442,0,0.0,281.2757728835501,0.19341438847598807
fru-F-500279,2014398891,0,0.0,380.17508730060814,0.1428199887681288
fru-F-800054,1509957446,0,0.0,92.38431828667431,0.3632289235007852
VGlut-F-700571,631741308,0,0.0,150.4745327530918,0.17844033438520074
fru-M-100387,5813037947,0,0.0,239.50651916197154,0.3921446135663451
fru-M-700028,1778984560,0,0.0,301.76575920637185,0.20912257866976716
VGlut-F-500166,453009665,0,0.0,192.23664809696055,0.0965595374819175
Trh-M-300256,7112622044,0,0.0,86.20364012603291,0.13560395568836942
Gad1-F-200109,725951521,0,0.0,68.7390742336519,0.38511694147551434
fru-F-700031,949015717,0,0.0,155.76575075352406,0.19091040653161082
Gad1-F-300813,1890915794,0,0.0,243.62601060097876,0.2761924823422821
VGlut-F-600039,1352676969,0,0.0,475.7834517022262,0.42079698831031764
VGlut-F-700507,726352774,0,0.0,78.71931032030965,0.0780062740617516
VGlut-F-400570,663950556,0,0.0,47.430266022446226,0.0965996077794093
VGlut-F-200496,723546819,0,0.0,360.8822357383769,0.3908950782055439
fru-M-600096,1220873960,0,0.0,319.59494254382525,0.29472703434424674
GH298-M-300008,1282495415,0,0.0,142.60853770524767,0.38530311825161073
Trh-F-300168,1872067203,0,0.0,206.27873951913026,0.5660151301220848
fru-F-100031,1319388508,0,0.0,257.81690368975893,0.13587034380877683
Gad1-F-800457,5813078542,0,0.0,428.08995927446455,0.14584659563985233
VGlut-F-700136,1701312982,0,0.0,483.0457443104153,0.08206632667172588
VGlut-F-600313,1797814956,0,0.0,271.62757095278647,0.2891418783498784
fru-M-800116,1280971174,0,0.0,302.1271176656881,0.2264439018429932
Cha-F-100314,510956058,0,0.0,119.17787755525741,0.08980462423225512
fru-M-300269,759960572,0,0.0,158.5627436897059,0.08522692680198371
fru-M-200367,885253534,0,0.0,161.8085953899828,0.1895739857069869
VGlut-F-000517,1259022991,0,0.0,167.86856175066575,0.16922916724135814
Cha-F-400020,1354364967,0,0.0,81.8630183483038,0.18977258714767195
Cha-F-600165,2036878120,0,0.0,143.78646366286554,0.0900364719548711
Cha-F-100324,732600113,0,0.0,519.968675608215,0.47871813406682223
fru-F-200200,852414623,0,0.0,257.55869061706574,0.05009284013439658
fru-M-900113,5901209981,0,0.0,135.2580763667013,0.16435172314137714
VT449-M-300004,5813071292,0,0.0,218.87553374695347,0.23852016439387302
Trh-F-100002,1348916717,0,0.0,522.9644761129524,0.29841603176299436
VGlut-F-000186,1438304143,0,0.0,284.6777367389253,0.25457203933337624
VGlut-F-100005,1355115431,0,0.0,162.840897582215,0.5093557611061549
fru-M-700032,1541338718,0,0.0,139.6090218497653,0.07931701262811368
fru-M-700199,512411317,0,0.0,92.78475390245423,0.27672659805184624
VGlut-F-000633,508599181,0,0.0,183.53257271000706,0.03995812233067818
TH-F-700020,1164196230,0,0.0,141.29639355169112,0.2142062690676294
VGlut-F-400769,1685529876,0,0.0,238.3120139056182,0.024655827034144352
Gad1-F-400732,634867234,0,0.0,124.79257406532952,0.21267512900335603
fru-F-200038,479645393,0,0.0,179.04747334903587,0.002330857397413739
Gad1-F-200038,1283034573,0,0.0,324.80817736098646,0.03741944330137049
Gad1-F-000329,1381656679,0,0.0,136.03063848058332,0.19849531136588258
VGlut-F-000663,359223830,0,0.0,311.40815144355565,0.1059278902070976
Cha-F-000488,1876820783,0,0.0,280.35687208287084,0.13583223909063324
fru-F-600216,2199615494,0,0.0,172.69053790754145,0.1387126000480947
Trh-M-300264,5812991798,0,0.0,204.44089638695,0.3693488662031989
VT4419-M-300004,5813026661,0,0.0,172.5497090776325,0.3154106365122101
Gad1-F-800147,1698274536,0,0.0,294.2723068935074,0.3227304946007235
VGlut-F-500335,1690274628,0,0.0,154.66147174984334,0.33354193936796983
Trh-M-400031,5813109792,0,0.0,256.3135501229714,0.07867484975615542
Cha-F-000400,5813033437,0,0.0,265.7960619648562,0.2772508693239922
fru-F-500396,1140655624,0,0.0,219.8148809341397,0.3000148363458612
Gad1-F-600624,1780703535,0,0.0,174.52072837327435,0.33334255312554656
Gad1-F-700695,5813013339,0,0.0,300.9527565771699,0.09484024789734338
VGlut-F-400447,1040393594,0,0.0,373.5480678515319,0.19445186701075948
Gad1-F-700384,1693719111,0,0.0,131.98000309487864,0.11614358092594582
VGlut-F-300509,1889883818,0,0.0,428.56414025461055,0.19754860355986503
104198-F-300014,1697954208,0,0.0,112.24242303544433,0.30086500924812537
Tdc2-F-300020,5813129668,0,0.0,132.26483138658313,0.11310089783663227
fru-F-700109,665169278,0,0.0,255.47912296039465,0.23443184985957652
fru-F-500381,388553520,0,0.0,201.86816055140167,0.059616029664689776
fru-F-500324,5812980473,0,0.0,150.22911782197596,0.3602798832714239
Gad1-F-200483,921589471,0,0.0,75.63059767136248,0.5980633591578426
Gad1-F-100517,2259298572,0,0.0,280.6598125986432,0.05336995146635001
VGlut-F-000552,944055652,0,0.0,304.38158141342984,0.48658884127127355
VGlut-F-700428,5813022160,0,0.0,76.92091675725298,0.42850167052694443
Gad1-F-900051,328538408,0,0.0,251.06686128170685,0.20863956045447393
VGlut-F-000051,5813004626,0,0.0,123.41702104484106,0.1486602862638922
fru-M-200119,574710121,0,0.0,211.4327994731553,0.21745663613300295
VGlut-F-600518,5813077610,0,0.0,474.822184925179,0.3319195433807275
Gad1-F-600432,233105330,0,0.0,151.29824052650446,0.06856776091054417
TH-F-200127,604705430,0,0.0,347.62353065587223,0.3863636710148656
Cha-F-200032,512441111,0,0.0,322.102105357212,0.08494542711373379
Gad1-F-500798,977205675,0,0.0,467.1908917452143,0.04088880178721717
Gad1-F-100644,5812980351,0,0.0,83.01680963473295,0.0811420202566047
fru-M-300277,5813089157,0,0.0,376.01118991439773,0.13443952657659836
VGlut-F-700167,1470237582,0,0.0,128.877386870512,0.058260051128049474
Cha-F-500000,1322133891,0,0.0,27.750637710942243,0.19320275284771513
fru-F-300227,1319591563,0,0.0,350.9113129730261,0.21389937722547514
fru-F-600148,5813076969,0,0.0,175.04004879377834,0.5493703199948444
VGlut-F-200020,298944444,0,0.0,131.69468740948676,0.1723692884347197
Gad1-F-900172,296863817,0,0.0,169.040499714904,0.08573603177339821
TH-F-700032,1698618858,0,0.0,104.01451767194992,0.15621486571585314
Cha-F-400286,1567931095,0,0.0,98.85601100575808,0.226358367856637
VGlut-F-800007,1316151259,0,0.0,105.34624939149836,0.0021801459342005603
Gad1-F-200321,1754370428,0,0.0,46.61472205415257,0.31337139874898556
fru-M-000173,1067538821,0,0.0,144.6720362515203,0.2691067425520314
GH298-F-200009,417221397,0,0.0,232.1950670542082,0.09810867626860505
Cha-F-300094,1405824057,0,0.0,35.9128433201181,0.29959328399063545
VT4419-M-200018,632764978,0,0.0,206.68700694021635,0.33271560127120103
VGlut-F-100207,1810395386,0,0.0,107.67551968930728,0.009492717657108287
Cha-F-300218,327850917,0,0.0,100.69440420189272,0.0028778937060037154
Trh-F-500171,1108805072,0,0.0,426.9401734175478,0.3025098482259997
fru-M-300118,481034861,0,0.0,130.41736812480517,0.2040399388635196
5-HT1B-M-700003,5813104190,0,0.0,74.39645309142712,0.13798764432912694
Gad1-F-000655,1810645950,0,0.0,77.11050790950794,0.37565403404500314
fru-M-300195,1509953069,0,0.0,106.07525027869394,0.022071877737969623
TH-F-400010,5813061197,0,0.0,321.5141346125785,0.18147501992319362
VGlut-F-700596,1815165718,0,0.0,253.68821949277495,0.2002952457940069
Gad1-F-000091,862312670,0,0.0,85.67807842075273,0.07794204248306756
Gad1-F-400832,326119769,0,0.0,203.74867485062344,0.2526535183611858
VGlut-F-200491,1406021969,0,0.0,125.14163209847948,0.20244457600889856
npf-M-100004,452103083,0,0.0,156.8023330088343,0.21422614277921326
VGlut-F-500669,1566852153,0,0.0,417.4727428454023,0.3688936722480766
Gad1-F-500686,2063013720,0,0.0,180.3407269813876,0.03757349073702383
fru-M-500124,1352077058,0,0.0,328.09002062647204,0.20530403567705346
Gad1-F-900566,2261965878,0,0.0,302.30947691533123,0.1370247406528345
VGlut-F-400019,417550216,0,0.0,255.55412947157134,0.3139593948117883
Gad1-F-700149,1350924364,0,0.0,380.46974123741666,0.19381898773070372
Cha-F-300239,1813727811,0,0.0,67.83031849165579,0.19760794707103746
Gad1-F-400147,1033887446,0,0.0,74.91226314180821,0.07842703365936193
TH-F-700042,767502627,0,0.0,167.61123505711402,0.17539435614308624
Gad1-F-800109,1688526691,0,0.0,26.719924337708544,0.1893252043972097
Trh-F-300179,1132846376,0,0.0,143.8697746781429,0.27558086962582706
fru-F-100028,1438563366,0,0.0,155.1291626080242,0.2985512399965198
VGlut-F-600239,1077765483,0,0.0,415.64996856055984,0.3579669270183457
VGlut-F-400451,920895475,0,0.0,129.2732582214182,0.16451248721177608
Cha-F-200433,1101353948,0,0.0,64.9821395171212,0.19614348069307075
fru-F-400205,1530602252,0,0.0,175.4862648922917,0.2880041678615588
VGlut-F-800124,5812980404,0,0.0,47.07317486372276,0.14804411555258531
TH-F-100061,1437224617,0,0.0,74.94379069833207,0.30967016663024843
VGlut-F-600618,2001633881,0,0.0,597.4575911541195,0.03287710285408746
Gad1-F-300766,1622350949,0,0.0,177.54619800082145,0.02461961914614085
Gad1-F-100347,948333783,0,0.0,22.8683830863406,0.25229490659222403
fru-F-200035,5813069648,0,0.0,67.61159384722241,0.22687113344754575
Cha-F-900063,1922299736,0,0.0,140.908065652416,0.2626207197792362
VGlut-F-900035,1499669855,0,0.0,183.29720947479345,0.19992007899322228
Gad1-F-300845,630377642,0,0.0,460.216347671883,0.18779035412792625
fru-F-000062,981967586,0,0.0,270.8591494686698,0.17294310622718667
fru-F-300155,386838513,0,0.0,276.3034496420834,0.1766373261419391
Trh-F-900010,1943811736,0,0.0,198.1377065223925,0.06117058305648398
Cha-F-400205,947795335,0,0.0,80.4775642878166,0.4470694769428343
TH-M-600007,767433432,0,0.0,139.81786273195428,0.2480522434503314
TH-M-200077,487834131,0,0.0,161.05206848130206,0.16626302530419984
Trh-M-900013,885603529,0,0.0,220.5663035876712,0.21818695775568892
fru-M-700274,5813058106,0,0.0,192.2667640746893,0.19283421113097196
fru-M-300344,1129400917,0,0.0,65.73364862543679,0.10140585811398826
fru-M-000059,1138117104,0,0.0,336.5492675190802,0.16810840544951478
Gad1-F-000197,5813068239,0,0.0,56.55022197657618,0.0676607845356901
Gad1-F-000825,1311125016,0,0.0,411.25848108546126,0.31850587088082843
VGlut-F-000165,1007895206,0,0.0,152.56031801297877,0.3570662359340305
Gad1-F-700083,1994113270,0,0.0,142.14766481962403,0.059020796283024764
Gad1-F-000656,1232603386,0,0.0,94.18331134176057,0.096197482206426
VGlut-F-600152,1794171277,0,0.0,261.36954091575404,0.25117412561170904
Gad1-F-700002,5813047793,0,0.0,108.06094712200286,0.12965659641966648
Gad1-F-200390,1378544024,0,0.0,303.44809527335354,0.043345584154074
VGlut-F-600320,1262114188,0,0.0,309.9130707195069,0.23000275532040262
Gad1-F-900019,767494105,0,0.0,57.15724142063614,0.17907473032271332
Gad1-F-700292,1232257688,0,0.0,257.47358276312593,0.38309080762371184
Gad1-F-900380,5813023615,0,0.0,298.75835706380366,0.14302696523171088
Gad1-F-500538,5813062654,0,0.0,167.73232543783783,0.420541457377268
Gad1-F-900603,986404884,0,0.0,150.14761641915686,0.09162902922924382
fru-F-200014,786260089,0,0.0,14.466852489002438,0.06094268135235157
VGlut-F-000571,5901203642,0,0.0,234.8912906711977,0.5239447013747015
Trh-M-600030,328417092,0,0.0,389.0301002976562,0.41243744746024696
Trh-F-800001,735941254,0,0.0,386.7546292119596,0.16211639444309314
fru-F-700069,5813033086,0,0.0,148.97448761892244,0.08681452929949289
TH-F-200128,2040944536,0,0.0,186.37715355419402,0.1163100826445985
Cha-F-500161,5812986882,0,0.0,148.20581653799647,0.21577175085617598
Trh-M-000174,1344811248,0,0.0,121.68896372314073,0.1053430194679865
Gad1-F-600381,5812991151,0,0.0,116.94062348538,0.046347416671562204
Gad1-F-500183,1672298153,0,0.0,341.47783197790307,0.11951269812686807
Gad1-F-100873,5813067839,0,0.0,340.7669997601104,0.5967231131121549
Tdc2-F-400023,1561301125,0,0.0,260.6019398597429,0.046799450625938016
Trh-F-500138,5813021647,0,0.0,321.32848503343126,0.3244586486103738
Trh-M-200113,1504889437,0,0.0,276.2927778029855,0.3074277330293955
VGlut-F-200041,1996280432,0,0.0,211.77601957739108,0.2757044736269452
fru-M-500212,1666591156,0,0.0,156.44377706532632,0.10660139904141931
Gad1-F-900302,2228198564,0,0.0,295.33163894754347,0.10336020032686895
Gad1-F-300843,697848868,0,0.0,439.889407889845,0.17497452568031
Gad1-F-900238,947923543,0,0.0,82.59211025101838,0.055949581027961624
Gad1-F-800238,669666822,0,0.0,108.14386443375625,0.022924110256458255
VGlut-F-400132,5812981237,0,0.0,182.56531387971012,0.11867553598802374
Gad1-F-900488,612371421,0,0.0,112.05655527909782,0.13020571798923794
Trh-F-200070,1067387294,0,0.0,74.76521752835616,0.11602500672482181
VGlut-F-400397,1167433954,0,0.0,93.52207593175092,0.20207367823230823
Gad1-F-100276,1480179511,0,0.0,71.1767638875837,0.46155742174522746
VGlut-F-500406,540389646,0,0.0,189.3012231082401,0.10842637408345719
Gad1-F-900557,418970123,0,0.0,73.4481780043936,0.37709627397110623
fru-M-100129,1636225564,0,0.0,134.6961345350926,0.18175191187360945
VGlut-F-500345,668485522,0,0.0,332.43552314446407,0.18622842502619058
Gad1-F-500640,5813022272,0,0.0,191.195847248784,0.24303152529033803
Gad1-F-700091,1809669836,0,0.0,135.5825090288391,0.06679848965022557
fru-F-700072,5901196925,0,0.0,245.1768489177843,0.17920132269169964
fru-F-600043,390818643,0,0.0,149.9922148153996,0.14690018679671962
TH-F-000102,296497316,0,0.0,186.41528699053,0.24832210471811372
VGlut-F-500046,5813022548,0,0.0,123.31831291740133,0.2337488545576659
Gad1-F-100699,1229197848,0,0.0,415.0237482823529,0.6226782724032872
fru-M-800078,606431658,0,0.0,318.83498924419354,0.24153634361177498
fru-F-000153,5812983101,0,0.0,183.88795251736025,0.050915218275892626
Cha-F-200265,297558862,0,0.0,286.05925471405965,0.01789499407725088
Gad1-F-100690,1536986927,0,0.0,31.25438201886064,0.06321179754021726
Gad1-F-400798,508599271,0,0.0,217.1469765977691,0.09720512674523553
Gad1-F-600522,736791573,0,0.0,397.915446367732,0.15269991077406841
Trh-M-300114,360596183,0,0.0,239.49472543932828,0.4041179419918987
Gad1-F-600309,1921290498,0,0.0,118.15529078471454,0.2263359642108325
fru-F-400482,911219981,0,0.0,121.17668162281724,0.05263106761219574
fru-M-200297,5813020828,0,0.0,286.57607543035516,0.10396914066144085
VGlut-F-700326,5813020568,0,0.0,139.96480932026085,0.2478241438819157
Gad1-F-300830,5813020041,0,0.0,97.70420758417424,0.10825207221073739
fru-M-800199,1136744594,0,0.0,422.45073686891817,0.028332668576241515
VGlut-F-100019,1667592917,0,0.0,101.30441592402784,0.23551491152852472
Gad1-F-000104,1478487190,0,0.0,360.44392921912004,0.6016494942959417
VGlut-F-400791,1538476539,0,0.0,152.9769739199231,0.11833180374475727
VGlut-F-400352,799560834,0,0.0,224.7464691080547,0.20212069428151822
fru-M-500142,5813003327,0,0.0,114.46612938766404,0.24020874180426446
Cha-F-600108,2092088345,0,0.0,323.0855499339877,0.0976622204086906
fru-F-200155,1598586139,0,0.0,47.94092996005995,0.27222972115574723
VGlut-F-700061,1594610490,0,0.0,166.76028438016755,0.2154334161457639
fru-M-400384,5812981327,0,0.0,262.21047664327534,0.07550520175696263
Cha-F-000498,607795307,0,0.0,377.53205498944305,0.30988830562254915
VGlut-F-400444,2179731270,0,0.0,322.3307682392178,0.1678774347624693
VGlut-F-600559,1070651567,0,0.0,246.16821709597727,0.1180022910441005
fru-F-400263,1751333757,0,0.0,377.49397773559576,0.06257863502029737
Gad1-F-000611,1200753289,0,0.0,220.7805441048628,0.07734054095894156
Gad1-F-600033,1251996302,0,0.0,147.50781273328775,0.03367647307142139
5HT1A-M-400023,1510302921,0,0.0,84.59891850027338,0.35920880357380974
Gad1-F-200760,5813021397,0,0.0,302.50247731044243,0.2022213043296139
Trh-M-500157,1628869271,0,0.0,537.9245156807519,0.16460556765597945
VGlut-F-600269,1631450739,0,0.0,271.32248998079405,0.3870356204202328
VGlut-F-000482,5813071266,0,0.0,103.74616657294023,0.19169384464564893
VGlut-F-200216,1759173561,0,0.0,123.52561778864151,0.044146737626303
TH-M-300015,1764168474,0,0.0,151.12838021641454,0.14300385826142675
Trh-M-700038,5901204502,0,0.0,77.79699493703376,0.210574104223521
Gad1-F-400887,952987284,0,0.0,340.6665196620716,0.01106000118983175
Cha-F-300280,1622134757,0,0.0,96.8932423014109,0.0735824403826946
Gad1-F-600070,916633638,0,0.0,267.2327211949262,0.11172214958936136
Cha-F-300384,1288301181,0,0.0,195.1199527110543,0.33403800700553893
fru-F-600002,5813053846,0,0.0,210.58780290313453,0.019434575828809537
Gad1-F-800460,5813082459,0,0.0,346.3116327727899,0.037775914374327126
Gad1-F-400336,1877217777,0,0.0,271.5613260320845,0.5292731141724456
Cha-F-100377,5813017464,0,0.0,255.40109070010436,0.14956739207015762
Gad1-F-800205,1467388497,0,0.0,175.51814686597163,0.48852059942405
Gad1-F-600439,693841929,0,0.0,272.3021825750962,0.2722519413082755
Cha-F-800041,5813011756,0,0.0,270.7743219565321,0.29050341248334344
fru-M-300319,1689915765,0,0.0,148.5724635380328,0.21914767116862793
Gad1-F-300341,940087822,0,0.0,102.18629873495262,0.3053426294846238
Cha-F-400097,357859600,0,0.0,417.89182127441774,0.36014523974525126
Cha-F-600137,1252833634,0,0.0,159.2149442440232,0.33774191794545133
Trh-F-100009,5813080769,0,0.0,398.8138035827198,0.19905454845601556
fru-M-500359,1763145263,0,0.0,124.55705205942576,0.41160562841410314
TH-M-300030,1436680646,0,0.0,52.3458348323298,0.10806538564466736
Gad1-F-900501,5813109913,0,0.0,326.18597566719234,0.10177512254506324
VGlut-F-700235,610968248,0,0.0,229.4825390689104,0.11968000802079048
fru-M-700141,974839704,0,0.0,85.84442916294026,0.2568753219695304
Cha-F-400296,2033010036,0,0.0,143.4476139980611,0.1746950992971471
Gad1-F-200244,1387105148,0,0.0,219.70457574627824,0.0789211503791286
VGlut-F-200171,5813054797,0,0.0,171.62711984269407,0.25096920632524017
fru-M-400293,1230902952,0,0.0,91.15294379163022,0.05538044652630945
VGlut-F-500024,2070239660,0,0.0,187.0045517370152,0.19152416985768614
Cha-F-600070,885599075,0,0.0,268.8979071390058,0.12004064258147133
VGlut-F-500405,1410813978,0,0.0,101.77247862651079,0.20840969084394861
VGlut-F-400007,5813021221,0,0.0,228.66897089551378,0.4255903442105105
Cha-F-800104,1752051506,0,0.0,198.71395917377018,0.13244718786201023
fru-M-300212,5812993568,0,0.0,303.7928273550851,0.06790140612239622
E0585-F-300010,916292026,0,0.0,101.44192668608231,0.17154223710305058
VGlut-F-800317,359637824,0,0.0,126.66977816713434,0.1646847257620341
Trh-F-500056,363724985,0,0.0,183.95980923011373,0.06417986412505049
Gad1-F-900050,1039426297,0,0.0,34.830046204647985,0.17609231922204716
Gad1-F-900404,421650988,0,0.0,285.2768982342654,0.35543165738070265
fru-F-400142,1048491559,0,0.0,96.15830627678345,0.11771525265557688
Gad1-F-600224,5812997806,0,0.0,96.8574317144959,0.1093515246650298
Gad1-F-900422,2075131086,0,0.0,240.87084080082602,0.21525476654328216
VGlut-F-200337,976903657,0,0.0,464.52398021887785,0.2106791467327604
VGlut-F-200114,5813034018,0,0.0,346.9797135674481,0.1404730085456425
Trh-M-900026,1501341367,0,0.0,299.8675637013633,0.33014732028711247
Gad1-F-700738,1374269852,0,0.0,249.70069282985494,0.1473931612263382
fru-F-600287,1655479310,0,0.0,175.01802261049957,0.02252053621358079
Gad1-F-200070,5812995899,0,0.0,217.63713225310863,0.09152502430435458
Cha-F-500303,1657263405,0,0.0,390.64388730839903,0.2379193646929846
Trh-M-600037,630381662,0,0.0,68.95824918464949,0.16002159598953436
Gad1-F-800549,550988122,0,0.0,326.0671583257606,0.3060566010546051
GH298-F-200030,1137771829,0,0.0,307.182603945278,0.5058721883186518
fru-F-700106,2107167189,0,0.0,177.52747935949617,0.09653283643212698
Gad1-F-600121,5813023929,0,0.0,7.5015361647209895,0.17467677617680216
fru-F-200100,632397780,0,0.0,269.07333739758684,0.05553229736226754
Gad1-F-700409,822428009,0,0.0,278.89514286464845,0.1619896409254919
Gad1-F-800618,419980081,0,0.0,328.4266361933188,0.1367189353954575
Cha-F-100275,1605864500,0,0.0,270.65303936826274,0.32857054569339444
fru-M-500107,5813039309,0,0.0,186.6620130306481,0.29848028233362683
Gad1-F-600104,1200195649,0,0.0,367.474801999337,0.23819348768495574
Gad1-F-700670,390271275,0,0.0,151.3141334665626,0.2954014687000981
fru-F-300190,548549395,0,0.0,53.65335882225851,0.11012594566614606
VT8167-F-200008,5813130229,0,0.0,120.78775627265593,0.23134406224193096
fru-M-500197,1632409111,0,0.0,72.23565388463757,0.2517093675497018
Trh-F-200044,5813008934,0,0.0,125.67966766597974,0.03891969706979647
Gad1-F-700541,1559270886,0,0.0,87.69687499338897,0.35630984009987776
Gad1-F-300211,1105713515,0,0.0,131.50187028191462,0.06776119273441583
104198-F-300005,5813021583,0,0.0,120.54370411299365,0.2133667527710389
fru-M-200135,5813010807,0,0.0,327.1049835871299,0.1720207887064856
Trh-M-000088,1379355446,0,0.0,154.2812660945169,0.17567438687556547
104198-F-100015,694813676,0,0.0,209.13195218566779,0.3777687665135809
VGlut-F-200228,1446204221,0,0.0,342.08211534276796,0.27373471548325806
VT449-F-2000005,328601956,0,0.0,166.32458814095108,0.09345116665586503
VGlut-F-000057,1778320035,0,0.0,303.8081569927121,0.1057447813491905
Gad1-F-400293,1597213470,0,0.0,298.55426631093985,0.42696883346834086
Cha-F-300306,295111672,0,0.0,155.0556074767375,0.0164224513895707
Gad1-F-600431,516085453,0,0.0,447.3510206644959,0.1698057474242548
Gad1-F-500621,389247395,0,0.0,348.13377979493913,0.12715816565846635
Cha-F-300088,1158691908,0,0.0,150.3457048384869,0.2822226056256623
fru-F-200078,5813039480,0,0.0,495.7194837687816,0.5290072813507728
Gad1-F-400503,886280616,0,0.0,352.82657498263455,0.06679242310774222
fru-F-200193,1636238887,0,0.0,130.07033934499182,0.17697842667612562
Gad1-F-400316,1788974593,0,0.0,51.35075708051624,0.5861681920438987
Cha-F-000046,768301292,0,0.0,110.89064575407522,0.04529697226675517
Gad1-F-300574,977339390,0,0.0,233.37553991630057,0.08967724702162902
Tdc2-F-100007,328563364,0,0.0,153.1504046446142,0.09234839060269223
Gad1-F-200268,947168406,0,0.0,199.80641748670064,0.15281868863059225
Gad1-F-500629,1661122416,0,0.0,234.04341211836498,0.12360146497742677
Gad1-F-700129,723153828,0,0.0,78.85793089986221,0.07613849534350114
Gad1-F-800427,5813019877,0,0.0,163.9521469373091,0.6306266503498449
fru-M-800164,1322353714,0,0.0,232.9185276568891,0.37223305119289
VGlut-F-400528,2215161310,0,0.0,247.12404877732337,0.06336415831332015
Gad1-F-900622,609655670,0,0.0,344.50063254848317,0.21854873499242689
fru-F-200000,2105086391,0,0.0,161.6633597409413,0.33682624327798527
Trh-F-200069,1068958593,0,0.0,43.613301667450564,0.28720175716765395
Cha-F-100079,1006160722,0,0.0,81.44113793758777,0.16112945264271047
Cha-F-000184,1750419433,0,0.0,231.01419400414977,0.031863638756012135
VGlut-F-400748,1438304646,0,0.0,506.4720215111872,0.06411101701219622
Gad1-F-900006,511267279,0,0.0,118.0730802897666,0.17951213279516393
Gad1-F-800339,1574700181,0,0.0,142.29184875625623,0.02759459347627589
Gad1-F-100329,5813041801,0,0.0,378.2212617386602,0.3182260946336182
Gad1-F-300752,5813014904,0,0.0,410.74286010701604,0.09457149317734388
Gad1-F-500486,1441486002,0,0.0,265.9650165920331,0.014673770099848656
VGlut-F-500021,5813017410,0,0.0,157.8288944252028,0.11671445851858667
Trh-M-100003,1040397559,0,0.0,94.09724479867907,0.22285156505333018
VGlut-F-500702,5812996681,0,0.0,185.09132139695245,0.11709992376927307
Cha-F-700304,1261902687,0,0.0,64.87340617651839,0.3116707166668951
TH-F-700001,2134122882,0,0.0,142.4144402860179,0.0770281797104142
Gad1-F-000779,1690011290,0,0.0,164.37042348812506,0.530743094304471
Trh-F-600106,1670290830,0,0.0,94.2923030786966,0.6234210024290308
Gad1-F-900463,1038070642,0,0.0,290.6570841552459,0.35769539968094166
fru-M-200047,359524536,0,0.0,316.5016798916913,0.15334005000442702
Gad1-F-900641,1540876843,0,0.0,212.42385343253977,0.6663455479793737
Gad1-F-700479,2279282060,0,0.0,282.2984860017052,0.2780557382804202
Gad1-F-300086,542652506,0,0.0,190.95762219800494,0.09072356388073748
Gad1-F-200592,945527072,0,0.0,362.6465695009685,0.30906464431214437
Gad1-F-000308,2067886800,0,0.0,77.65605911143759,0.28116642008056747
Trh-M-300069,1200998497,0,0.0,60.89064454662732,0.0709117352506709
fru-M-000099,1809665517,0,0.0,315.22125357584594,0.29262699773204365
Trh-F-100070,671234167,0,0.0,163.4944711396783,0.06575035222143742
5HT1A-F-800029,1886192431,0,0.0,207.27344668226402,0.05393044554235459
fru-M-900071,1310822912,0,0.0,283.82277735896116,0.17821533145311946
5HT1A-M-900002,299290105,0,0.0,313.4823931287802,0.2426650136918703
VGlut-F-000002,5812997715,0,0.0,198.88338566005726,0.25396595575956293
fru-F-000187,797187575,0,0.0,206.6298346017023,0.2622467474903224
Gad1-F-600307,703387200,0,0.0,218.07733288759232,0.30493547381891256
GH298-F-300009,727647972,0,0.0,178.02893435902396,0.10048084139245003
Cha-F-800044,5813049627,0,0.0,261.552483230175,0.1961687489320953
fru-F-500343,450583886,0,0.0,346.7808789063216,0.02778271175086898
Gad1-F-000513,735941543,0,0.0,300.2550435061815,0.3029536815575597
VGlut-F-000138,5813070171,0,0.0,305.6603752880879,0.10500132203473597
Trh-F-400124,1074147610,0,0.0,233.39149996877498,0.5199182062282204
Gad1-F-600339,1826929327,0,0.0,88.92023068922309,0.2171911505947698
Trh-M-300217,5812983965,0,0.0,102.63361460886551,0.40593363166293067
Gad1-F-200791,5813009261,0,0.0,186.09497381854604,0.2212637781624323
fru-M-500064,1656157606,0,0.0,313.92484281869224,0.03561789041756566
fru-M-100379,390258187,0,0.0,248.96790801864418,0.13189233421445162
Cha-F-000238,1512630340,0,0.0,462.32789307272697,0.2690900789230125
Cha-F-700211,611620813,0,0.0,369.6226879276024,0.32327064516118514
Gad1-F-000566,419880359,0,0.0,219.61994450876614,0.1188941026909298
VGlut-F-700575,1627509034,0,0.0,41.091319557066676,0.04514745518160352
VGlut-F-200415,1764427482,0,0.0,309.4119173790853,0.10127603364890249
VGlut-F-400800,1605198915,0,0.0,444.25601898555226,0.10563112907530463
Cha-F-200291,421292214,0,0.0,536.5571976554107,0.09567093894562112
Gad1-F-100113,1135881013,0,0.0,295.42408200645474,0.1648984709174781
Gad1-F-500630,1040056887,0,0.0,395.1576531721363,0.11708698061641153
Cha-F-200213,736174181,0,0.0,66.82929058767213,0.22408738261058814
GH298-F-200003,1479847174,0,0.0,243.44180942899038,0.44724530765481646
Gad1-F-500124,1385653883,0,0.0,167.95520204238238,0.6130429926401187
5HT1A-F-300011,361636071,0,0.0,136.557999339447,0.07568198286099528
VGlut-F-400150,1107081827,0,0.0,253.6892470992968,0.32657899742352037
TH-M-200046,5812990726,0,0.0,347.3114491860365,0.2504274996435808
GH298-F-200001,1659235557,0,0.0,145.95784193704534,0.5706193619971275
VGlut-F-600639,5812981676,0,0.0,283.7455565150623,0.28284896538409654
Gad1-F-500255,5901213624,0,0.0,156.80471747769445,0.3344992932729428
Gad1-F-400683,760566744,0,0.0,204.82195616000405,0.27978011682341436
VGlut-F-000158,1449502965,0,0.0,177.05984599704544,0.08549786158376238
Gad1-F-000758,910447220,0,0.0,37.38738775267398,0.09694947901307371
fru-M-200273,578837220,0,0.0,122.75353025717946,0.14428286510850447
fru-M-200244,360245971,0,0.0,167.00362228770834,0.2836186039457442
Gad1-F-500633,643393020,0,0.0,195.37069614472622,0.11154260151129668
Trh-M-800011,1810356581,0,0.0,71.60914277412455,0.5675059462777412
fru-M-600084,1978908720,0,0.0,238.61381394476768,0.5551452432763817
5HT1A-M-300018,420325753,0,0.0,206.43505070806972,0.18210424976280332
fru-F-100021,1597493900,0,0.0,292.4858883197271,0.20398137325523016
Cha-F-300148,1668275074,0,0.0,244.49140521891883,0.09288702677132178
Gad1-F-300153,1499683287,0,0.0,216.54636674582198,0.2740109138709909
Gad1-F-500833,978686129,0,0.0,318.5574351680179,0.2683750666949883
Gad1-F-300540,5813024618,0,0.0,197.499693039333,0.28991097342417055
Gad1-F-600099,1747621368,0,0.0,53.31588337064258,0.08787186733489814
VGlut-F-400744,1259510945,0,0.0,159.3858341277829,0.3222453406694937
Trh-F-500027,891586904,0,0.0,131.38030648458277,0.041997793223329874
Trh-M-600093,5813060982,0,0.0,379.65587207031757,0.2141289982696582
E0585-F-100032,849175947,0,0.0,225.27182879132803,0.1488839872286908
Gad1-F-000334,1701282729,0,0.0,133.88462989952552,0.3704430637394279
fru-M-600131,450635626,0,0.0,378.41204465212445,0.25656705010728215
Tdc2-F-100030,613398716,0,0.0,89.95578820985232,0.05665197123504826
Trh-M-400160,941469110,0,0.0,172.6874957272012,0.16463537257138378
VGlut-F-900015,1196526636,0,0.0,253.5900246430796,0.312541524180184
fru-F-500429,328278368,0,0.0,80.21855364158519,0.2044166356800104
fru-M-700196,1312368829,0,0.0,113.9529059380785,0.15172123499913617
VGlut-F-500132,1294362092,0,0.0,169.19569926387672,0.1052656034850598
Cha-F-600153,5812981763,0,0.0,248.6877891263549,0.09693341873912721
VGlut-F-600005,915606051,0,0.0,125.88908560319553,0.06568325037000236
Cha-F-100230,331002291,0,0.0,129.65060345203608,0.11072439231601529
fru-M-600144,388211850,0,0.0,197.5326381745536,0.21019081752540572
fru-M-800115,5813065443,0,0.0,124.7023051565581,0.2292162782299826
fru-F-600123,797082982,0,0.0,62.36333277889928,0.18210091536758397
Cha-F-300295,1132535520,0,0.0,325.67881336680165,0.3671688766324133
Gad1-F-600650,421357275,0,0.0,224.45166029158233,0.317963682762358
Gad1-F-300133,1218733141,0,0.0,331.75235043928484,0.3430432113933883
fru-F-000019,1666915408,0,0.0,112.14287516892038,0.12051192150844743
Cha-F-100261,1627618361,0,0.0,457.3925281011123,0.34371587610258636
VGlut-F-200152,5813079417,0,0.0,362.2579913633626,0.2309369912772488
VGlut-F-100284,956384643,0,0.0,124.3059583707772,0.3041467187457461
Gad1-F-100516,1509439784,0,0.0,184.04393383957353,0.23426560948998246
fru-M-200002,1257038013,0,0.0,86.50852130687686,0.16834240994060454
Cha-F-500235,1735399997,0,0.0,128.89919244261011,0.09221603117754412
VGlut-F-100114,456462919,0,0.0,167.75246673086832,0.10926362040960974
Cha-F-200093,510680957,0,0.0,175.1832107483358,0.0691871243160358
Gad1-F-100763,5812980047,0,0.0,222.88861705692062,0.05808698089412002
Gad1-F-700539,1753695569,0,0.0,45.442843088771724,0.08985391613739423
fru-F-500301,5813077829,0,0.0,96.62644694845912,0.14502416670171653
Gad1-F-700319,5813034211,0,0.0,394.25767764388394,0.3245487207503027
Cha-F-100379,699031185,0,0.0,278.95971682577647,0.4617635970295875
VGlut-F-700064,483720758,0,0.0,245.27602896704258,0.13899177181322286
VGlut-F-100336,977006924,0,0.0,117.90531751445829,0.2383043887587457
Gad1-F-700037,631733127,0,0.0,109.81679849423288,0.03425071266712443
Gad1-F-000684,1078102490,0,0.0,114.77066601517865,0.15519802989779924
Gad1-F-000352,1659515529,0,0.0,269.22023670426876,0.03840628705847526
GH298-F-200025,1199327859,0,0.0,143.5608958362389,0.45844585164498075
Cha-F-300156,607373222,0,0.0,240.07065888639855,0.11245319506882667
Gad1-F-100235,2040871009,0,0.0,202.99519089511094,0.37167928703352276
Cha-F-000061,5813045396,0,0.0,188.9290160408357,0.26744854725013134
fru-F-500170,419929377,0,0.0,238.23045284212756,0.12034488488600056
Cha-F-100196,328188238,0,0.0,475.0342122437003,0.49487963300819904
VGlut-F-200179,1848151877,0,0.0,60.54181756512531,0.17888500423259873
Gad1-F-400726,424452682,0,0.0,364.6337620894177,0.20742873167699197
fru-M-700131,1622139666,0,0.0,252.05747326059023,0.38841589538231547
Gad1-F-400323,5813013498,0,0.0,277.68784063006393,0.4549521753647764
Cha-F-300425,487882530,0,0.0,147.63030844925134,0.04974981929607157
Trh-M-500036,1375266822,0,0.0,246.25460235511923,0.2115051065288086
VGlut-F-400751,420956213,0,0.0,234.88488424713202,0.06744602089047154
Gad1-F-100422,1479259314,0,0.0,141.80851096658967,0.10372633851685613
fru-M-700020,360941147,0,0.0,163.46644049162154,0.19930282618909764
Gad1-F-100639,390948580,0,0.0,268.58008698557404,0.13714663980516018
Gad1-F-900489,1166756335,0,0.0,453.56142705017305,0.09616627089795104
GH298-M-300021,1261772956,0,0.0,122.05242899489161,0.37775246770327875
npf-M-100024,1543124896,0,0.0,171.5866908034833,0.12881199795086598
Gad1-F-900419,1158385516,0,0.0,166.59792765597072,0.08809214709344124
GH298-M-300017,327933679,0,0.0,202.93175114277162,0.3143108037979986
Gad1-F-000520,1068039476,0,0.0,167.63155286967466,0.2269015136427024
Gad1-F-500688,1535718040,0,0.0,127.27577286448121,0.040645338811130714
Cha-F-700171,5813098176,0,0.0,240.93693218430116,0.29228407433999676
VGlut-F-500825,1099389583,0,0.0,333.52970734730235,0.479038250857791
Cha-F-000069,1474783300,0,0.0,124.97209261423625,0.06735236351181378
fru-F-700116,1700984539,0,0.0,154.9252470875075,0.18140336225750614
Gad1-F-700475,1168543037,0,0.0,134.1024195582097,0.20669982376980112
VGlut-F-200469,1697958405,0,0.0,135.09478210271223,0.07936390971976685
VGlut-F-500085,1727987554,0,0.0,83.93422315706023,0.030062505298694052
Gad1-F-500744,1814410124,0,0.0,565.0237246619903,0.19476858930828544
fru-M-600195,1574164298,0,0.0,85.74259567851465,0.3250472515577447
Gad1-F-900099,764727525,0,0.0,71.23380463913632,0.20329079145329673
fru-M-200025,1467314365,0,0.0,159.71908055934077,0.23683070208405155
VGlut-F-500797,479260921,0,0.0,138.12503907986007,0.11589212188437147
Gad1-F-600732,664188211,0,0.0,311.2497542310792,0.2786529020428966
VGlut-F-800012,2228609065,0,0.0,69.9177743365949,0.121448848323473
Trh-F-400080,853778346,0,0.0,57.82404820794091,0.12314247865179906
VGlut-F-800058,358197600,0,0.0,186.4662379756894,0.07682412618501464
fru-M-400197,1963523237,0,0.0,63.83339039194833,0.23365771929840837
Gad1-F-000065,327242169,0,0.0,247.37700257182723,0.032715576600008324
GH298-M-100002,767473384,0,0.0,125.02836564196605,0.13301711934994961
Gad1-F-400419,5813047647,0,0.0,227.8676217302675,0.1341802525419486
5HT1A-M-500005,789623676,0,0.0,335.09501782106963,0.1810488140109719
VGlut-F-800050,891927673,0,0.0,490.7095312099879,0.3395509543422509
fru-M-300422,5813079585,0,0.0,70.34136052393738,0.1069654292002676
Gad1-F-300822,1034198388,0,0.0,465.4530455926865,0.2825579443454568
fru-F-000222,1559979355,0,0.0,252.50891775846299,0.041335555978478974
VGlut-F-400811,2002103845,0,0.0,161.66969530231293,0.22898538193763346
Gad1-F-800225,420614725,0,0.0,229.20088755711373,0.1768025068459851
Trh-M-200010,5812997115,0,0.0,178.79730970698304,0.6188538858486383
VGlut-F-500808,572650888,0,0.0,326.61828667863546,0.2425818665756381
fru-F-400331,1078447707,0,0.0,453.71636907557547,0.02533109660416515
fru-F-500378,696795331,0,0.0,146.52233726913295,0.12544019014735092
Cha-F-700154,550638250,0,0.0,473.4841161721971,0.06299009172646874
fru-M-300140,1129456907,0,0.0,34.492740928108134,0.3430020470835966
Gad1-F-900094,1570866455,0,0.0,174.84821619559045,0.24249970785366046
Gad1-F-500287,798356481,0,0.0,100.29296039231066,0.113359044978416
fru-M-100307,1510303177,0,0.0,132.92017435923137,0.35021866540739527
fru-M-300243,5813033340,0,0.0,338.05914723965935,0.24819643927321053
Trh-M-200089,891931735,0,0.0,181.1666848292176,0.09301266863979937
fru-F-400445,1349556037,0,0.0,430.75311039590423,0.40974566708021576
Trh-F-700007,1765105564,0,0.0,338.9252641242145,0.15517719414501993
VGlut-F-300149,1261130146,0,0.0,48.29500353773173,0.10465646768740416
104198-F-100003,1205220831,0,0.0,189.26131825442297,0.05235637400536254
Gad1-F-700094,5813014166,0,0.0,163.63663376580894,0.0914650523664352
Cha-F-200137,1468877324,0,0.0,120.81975692866592,0.2023388166415396
Gad1-F-600469,5812999657,0,0.0,115.95561989089578,0.3382795185523424
Gad1-F-700715,1140172174,0,0.0,120.26240342586286,0.028355089467936124
Cha-F-000467,480586157,0,0.0,304.0646710176067,0.5766614004908737
Cha-F-000461,949930583,0,0.0,122.33625558557458,0.3206004504448049
Gad1-F-300334,1568936570,0,0.0,121.61224393307378,0.4071452646607758
Cha-F-400113,1563467433,0,0.0,109.37109570886754,0.251330497179685
Gad1-F-200104,725217343,0,0.0,29.20997188055925,0.07122316798424864
Gad1-F-600155,5813080979,0,0.0,35.54291806996817,0.2056022949939664
Gad1-F-800111,1198844082,0,0.0,256.3372174053983,0.28604321720911957
VGlut-F-500753,1908865507,0,0.0,238.41237717190225,0.013935115171774566
fru-F-700288,1806535767,0,0.0,397.07293595200485,0.6737945495793753
Gad1-F-600682,2076080045,0,0.0,187.95915354982074,0.2553742645456794
fru-F-400159,265120597,0,0.0,92.62951567464548,0.02574457272235198
fru-M-800129,1188716311,0,0.0,266.67751474729505,0.008859349145454722
Gad1-F-000702,1046734991,0,0.0,237.87739458715484,0.10200181480008988
Trh-M-200011,1268179590,0,0.0,413.1747975337187,0.07090751219191654
TH-F-300054,1357088989,0,0.0,311.1902616430025,0.16524215066724357
Trh-F-100000,2262324061,0,0.0,423.8423421161516,0.17743755690076082
fru-F-500350,1100675450,0,0.0,167.61767896686126,0.16929355653723024
VGlut-F-600490,5813009845,0,0.0,392.53342931714775,0.07077819625538878
VGlut-F-400859,737486877,0,0.0,252.97540855027486,0.04830259629130399
Cha-F-300021,696233299,0,0.0,200.855446395381,0.08909924326298523
Gad1-F-300669,1980234505,0,0.0,324.93525209614285,0.08903888480519813
Gad1-F-100809,1011970102,0,0.0,179.68866761747591,0.15819622837857183
fru-M-400154,5813061024,0,0.0,197.55117725352682,0.2803149574961816
fru-M-700221,706948318,0,0.0,259.43324252636785,0.1571206590868556
Gad1-F-400027,1192529139,0,0.0,163.28800959178898,0.1049193459239283
fru-F-400100,1321680175,0,0.0,374.6868834593905,0.12979904731408087
VGlut-F-500571,1377841477,0,0.0,310.13346478294864,0.3142025299247411
VGlut-F-400584,946209663,0,0.0,127.64698082593506,0.09794875734284207
Gad1-F-900351,1766067809,0,0.0,258.02746337803575,0.04676935948734568
npf-M-200016,733192083,0,0.0,44.08240826452804,0.017918294061574417
fru-F-400146,1009704231,0,0.0,268.68507476700444,0.3041346612674504
Cha-F-400289,632181938,0,0.0,263.2158544634843,0.2649393397848847
Trh-M-300276,1697613466,0,0.0,64.12749250760288,0.4732793490845594
Trh-M-300151,5813015999,0,0.0,225.29555771591686,0.5003697287141978
Gad1-F-200768,5813064407,0,0.0,127.38977541615537,0.4407583907561466
fru-M-200302,700210227,0,0.0,328.9496965948135,0.08978564912479164
VGlut-F-400237,1793830280,0,0.0,257.4482717820556,0.5339275027285607
fru-M-100106,580598373,0,0.0,136.33151585677183,0.08923598131388935
Gad1-F-600479,510269590,0,0.0,194.9092631348787,0.060183446864395446
VGlut-F-700086,973431882,0,0.0,246.01260605014113,0.19218121090690357
Gad1-F-100860,1605186300,0,0.0,165.3656206643164,0.2143368969992409
Gad1-F-600096,5813057169,0,0.0,233.28755925016995,0.05647227266077273
Gad1-F-900612,5813056704,0,0.0,210.33502457635248,0.0515042166840873
Trh-F-200047,363038752,0,0.0,72.6579206516362,0.32898549941674093
fru-F-800032,298547259,0,0.0,243.35844183043508,0.18508507581920142
Gad1-F-700376,1855844720,0,0.0,253.14539978515265,0.10123537436792926
VGlut-F-500824,1285223025,0,0.0,259.7035552655499,0.11261191271089584
VGlut-F-600519,862977470,0,0.0,138.32938829709082,0.05976791758374599
Gad1-F-100139,828463239,0,0.0,111.70909750341256,0.17831210909111872
Cha-F-200223,327544990,0,0.0,222.3854996402433,0.08644042745154522
Gad1-F-600374,328188777,0,0.0,236.5125340316041,0.11407400185358031
Gad1-F-300021,638476365,0,0.0,183.3967091933909,0.016705117110228537
Gad1-F-500210,1568047319,0,0.0,79.64314599432865,0.5708906164202284
Cha-F-500182,5813065365,0,0.0,412.6201794908275,0.13001099600157112
fru-F-500056,5812997113,0,0.0,301.73854396564644,0.3203211669998988
VGlut-F-300110,5813004144,0,0.0,450.9713546332789,0.0543302151742621
VGlut-F-500139,609773847,0,0.0,179.97192556011188,0.18084744060065344
Gad1-F-000444,891935748,0,0.0,456.63834738580687,0.027347218247292998
VGlut-F-500153,944146138,0,0.0,208.71209713792254,0.13679976276660366
fru-M-800201,1979854855,0,0.0,184.30001130910148,0.15304490530421935
VGlut-F-700421,2106507156,0,0.0,165.36706931118664,0.07004115651928725
fru-M-200154,1262654129,0,0.0,118.41084283248853,0.14920341606047102
Cha-F-000373,1199086313,0,0.0,342.0486545609982,0.022554092142916326
fru-F-800079,1883965316,0,0.0,424.66828964218513,0.036525479672335194
Gad1-F-300478,724280817,0,0.0,222.66280710311196,0.031474010728619835
Cha-F-000060,1039672477,0,0.0,474.64873817562705,0.3627539582170061
Cha-F-800074,486194398,0,0.0,387.89666037728546,0.33288556684260884
VGlut-F-700121,1669281037,0,0.0,162.16468603735183,0.026875717707371332
VGlut-F-200301,2061411337,0,0.0,403.43225332269384,0.33547649905828286
E0585-F-200013,1437613888,0,0.0,258.8718324479796,0.08701747180322068
Tdc2-F-300042,1508464822,0,0.0,146.6450111367607,0.07257362948594787
5-HT1B-M-400001,2072397710,0,0.0,74.41652335613553,0.038320688860758415
Gad1-F-400629,1720300315,0,0.0,474.9351428807418,0.24940700783124725
fru-M-900003,893723183,0,0.0,360.7204130867309,0.48771795846519495
fru-M-200327,730563850,0,0.0,336.1889476728187,0.2586190342974965
Gad1-F-900072,5813022858,0,0.0,195.81396560923423,0.33553461293297404
fru-F-500239,5813056309,0,0.0,283.1251548787514,0.21229296617731097
fru-M-300356,707660374,0,0.0,54.782382555955294,0.10585068006138355
Cha-F-100170,640221192,0,0.0,180.09157793440002,0.09986906656454517
VGlut-F-200190,483716037,0,0.0,492.7652799543178,0.06862878728878284
Gad1-F-100327,448234999,0,0.0,152.32323611630002,0.282518146987967
VGlut-F-700026,1472715683,0,0.0,397.3113390836198,0.21171119486326018
Gad1-F-800102,1505152580,0,0.0,181.2145923604304,0.15051755479941134
fru-F-400012,1315464724,0,0.0,294.8568884831589,0.07970520485989706
Trh-M-100120,1014228051,0,0.0,105.87453005698363,0.4340398109631585
Trh-M-400088,1441430469,0,0.0,138.45407680624268,0.4090479842895791
VGlut-F-500709,5813040903,0,0.0,240.9795529312162,0.17130928085461494
Gad1-F-000804,1352996416,0,0.0,475.58683086256644,0.06766721982418739
Gad1-F-800240,665466951,0,0.0,305.1583339436663,0.22148425672146926
Cha-F-100028,5813031935,0,0.0,429.8320757367325,0.1792989070200089
Cha-F-900031,5812993402,0,0.0,120.75240513406804,0.24712274377437873
Gad1-F-700525,5813046530,0,0.0,293.69807388410015,0.03566662260818947
fru-F-100007,974460512,0,0.0,276.13933895298226,0.3755391697537045
fru-F-500082,1109500146,0,0.0,178.27133390240215,0.3014821048949611
VGlut-F-300557,2291002542,0,0.0,175.18674755737388,0.41179833683601086
fru-M-000267,5812982578,0,0.0,234.95890660317343,0.3423122088365121
fru-M-200117,850233586,0,0.0,297.84505302425816,0.041331754721528446
Trh-M-300278,451071417,0,0.0,191.65356978291746,0.3917691511307327
Cha-F-200198,385158577,0,0.0,92.28289555968546,0.050838292058060876
VGlut-F-300383,1474745046,0,0.0,259.9683488720734,0.19274529711254917
fru-F-500435,1042703654,0,0.0,108.16150089392995,0.09861817821730771
Cha-F-200176,449901277,0,0.0,415.1951518259625,0.05188140320737363
Trh-F-000061,1158507467,0,0.0,202.31816848299837,0.47642911929939097
Gad1-F-800396,1160807120,0,0.0,254.30203869963134,0.313025708528263
VGlut-F-700043,5813032868,0,0.0,145.75493935618854,0.15775753800457717
VGlut-F-200238,418865948,0,0.0,541.1757074154799,0.14310742046783764
Trh-F-000046,457516218,0,0.0,153.77878669021027,0.4295223430160072
VGlut-F-100363,1198330641,0,0.0,170.73143651167624,0.3546323643119113
fru-F-100061,5813078074,0,0.0,139.9676720832978,0.09483231737627484
fru-F-400132,1320951699,0,0.0,149.27683028853983,0.3420813230738292
Trh-F-400040,452401246,0,0.0,46.5895997481648,0.1047694639414984
VGlut-F-800129,820581604,0,0.0,611.5992064938728,0.2468774148139585
Gad1-F-000228,852747146,0,0.0,176.96801920891335,0.15927142754631238
VGlut-F-400596,1068617431,0,0.0,376.2627798426026,0.18515993188488272
TH-F-700002,1750587711,0,0.0,303.26284178559285,0.3800532858420832
VGlut-F-700250,5813077633,0,0.0,472.28622202963146,0.5193364708224623
VGlut-F-200595,1383379730,0,0.0,205.65979778491206,0.1680055990480283
VGlut-F-700273,5813062862,0,0.0,444.7896597060792,0.27600357142497906
Gad1-F-400827,549377313,0,0.0,88.58778196365225,0.3240053575974446
Gad1-F-400126,1872417830,0,0.0,225.03388499031036,0.1404132743418152
Gad1-F-300061,517842578,0,0.0,216.08056058773417,0.11659304593397415
fru-F-400202,1635893554,0,0.0,163.9606421989123,0.14937156846868355
VT19730-F-200000,5813089732,0,0.0,114.84342585818092,0.5042721089413399
npf-M-200018,5813047516,0,0.0,133.6157604741508,0.27168886993319163
VGlut-F-000011,670651346,0,0.0,117.49720208150383,0.2032403273440414
fru-M-500381,1009652662,0,0.0,351.16557823624834,0.08752948445914717
Gad1-F-500208,5813015576,0,0.0,193.38881946234812,0.04459645473856929
fru-F-200039,5813010391,0,0.0,85.39131517526343,0.295273169208782
5-HT1B-F-300001,1902424947,0,0.0,193.29411099726465,0.238160758901933
fru-M-500093,2041367679,0,0.0,255.0532743500867,0.18410772849993426
VGlut-F-400514,327532246,0,0.0,320.9611568195094,0.0989458258747699
104198-F-100000,1728104437,0,0.0,149.7883375759533,0.23605806772558072
fru-M-400062,1161399526,0,0.0,482.03025559371565,0.5045270711889235
Gad1-F-700143,5813068453,0,0.0,110.5028820219404,0.48799525025205986
fru-F-400219,1200687913,0,0.0,124.16628092332678,0.3585545481127561
VGlut-F-300234,5813012531,0,0.0,358.10533575215317,0.10428482553508629
VGlut-F-400334,861260193,0,0.0,58.85853517701478,0.24968389309602046
VGlut-F-200490,5813016179,0,0.0,87.40197688607665,0.12257996411416866
Trh-F-300111,861229030,0,0.0,238.6349821797053,0.1441802001796023
5HT1A-F-600006,330256546,0,0.0,166.50379612816135,0.3095724962789453
VGlut-F-900123,5813054063,0,0.0,127.30404358784678,0.18627654426721585
TH-M-100069,358847551,0,0.0,281.1664532402166,0.03341157643465953
VGlut-F-600551,1097265345,0,0.0,365.2805997187269,0.14578512968272883
VGlut-F-500193,974968796,0,0.0,174.16162895853094,0.48788038209874224
fru-F-100098,5901203557,0,0.0,241.45260805872323,0.28737715578126255
Trh-M-400156,332689776,0,0.0,148.6145406574828,0.25029791975705845
npf-M-200045,1127471202,0,0.0,92.8128104208794,0.12516855293929
Cha-F-600208,451995734,0,0.0,236.1579056611522,0.4707000331128657
TH-F-100090,5813014573,0,0.0,131.65499556871495,0.2940074179510771
fru-F-200065,5813004185,0,0.0,177.36826780935556,0.08742886167981227
VGlut-F-500104,5813056890,0,0.0,436.46182016893727,0.43157136809540786
fru-M-400359,5813010968,0,0.0,291.1936647967431,0.36813836957621643
VGlut-F-900104,1135829553,0,0.0,439.88144200212423,0.1678764447059698
Cha-F-300154,5813078215,0,0.0,205.06723493588362,0.3764159422717924
Gad1-F-900005,609587618,0,0.0,226.74245276596398,0.07025898605019441
Cha-F-600130,1345048347,0,0.0,242.2793437788465,0.3738345384639218
VGlut-F-900087,418970196,0,0.0,309.69504267841154,0.2712424315753655
fru-F-400233,424729434,0,0.0,435.25924182080956,0.4218867944929559
VGlut-F-100047,1354368623,0,0.0,501.63427251956864,0.29479222018843226
VGlut-F-400529,456820863,0,0.0,161.4434562533132,0.318123546454352
TH-M-200093,508599276,0,0.0,74.18582064599592,0.3301513184789386
VGlut-F-100065,1009984360,0,0.0,299.26269092641564,0.48966726370513536
Gad1-F-300338,861630613,0,0.0,394.648733212989,0.38700028202147646
fru-F-400105,5812999644,0,0.0,190.66783660806888,0.16869469269618745
Cha-F-400231,1688115933,0,0.0,158.95047016967578,0.28733670463484756
Trh-F-500189,695956656,0,0.0,100.2480760120944,0.11260314389144425
Gad1-F-600614,706862579,0,0.0,246.7896671575597,0.510736675468867
fru-F-000047,604791287,0,0.0,132.71888678490367,0.2396716443376786
Gad1-F-400380,327535642,0,0.0,140.58413407399968,0.07319466024813998
VGlut-F-600406,1825085656,0,0.0,180.89659241793674,0.011274319685578496
VGlut-F-800149,1666919411,0,0.0,313.61756241731723,0.05684523256420002
Cha-F-800007,1685029571,0,0.0,362.639571340477,0.1968631403385127
Gad1-F-300078,387227028,0,0.0,38.59274701242438,0.16225007984880457
Trh-M-000003,1883783710,0,0.0,102.87943393660342,0.09190277104326897
Tdc2-F-100033,1532742712,0,0.0,271.74430300891464,0.05458016943287196
Gad1-F-800088,332685755,0,0.0,109.83874856771817,0.329667285052415
E0585-F-300019,1007550653,0,0.0,128.60990132010335,0.26595956094362083
VGlut-F-600258,1070094447,0,0.0,356.403399489089,0.21476951049411022
Tdc2-F-000027,5813106497,0,0.0,193.9094453561396,0.3401747224044822
Gad1-F-000717,1259309269,0,0.0,215.95219031660974,0.08967523090800109
Gad1-F-500610,1138259582,0,0.0,263.4493572585884,0.038732293396617774
Cha-F-000044,1903866591,0,0.0,159.56309872866964,0.13087611243800784
Gad1-F-400625,768525647,0,0.0,333.542544724568,0.29534509553768773
Cha-F-500313,941244280,0,0.0,27.466555408868796,0.10495667621059435
VGlut-F-500191,419060083,0,0.0,218.1311055083242,0.14128602628627732
Trh-M-300272,753839564,0,0.0,140.69677293130076,0.30719433243406724
Cha-F-000142,5813055125,0,0.0,136.93179284053403,0.2593332020998734
Trh-M-600046,1011335902,0,0.0,335.69083185031116,0.14019777181805032
Cha-F-000169,1374636916,0,0.0,136.01088949736223,0.38646539628866444
Gad1-F-100457,733005935,0,0.0,177.8028233910231,0.23657402569284391
VGlut-F-600458,828800065,0,0.0,70.9058465392319,0.06231877982070941
5-HT1B-F-500004,1311677904,0,0.0,150.96278885672712,0.1317520756613703
VGlut-F-500498,541326096,0,0.0,292.98647308661634,0.27046186085132934
Gad1-F-000438,2107521422,0,0.0,144.53881494162553,0.14627698334685305
G0239-F-000001,5812981168,0,0.0,106.83653235177223,0.11004323650632833
VGlut-F-000558,889194759,0,0.0,302.92942114255254,0.29898067876471607
fru-M-000035,1629163100,0,0.0,337.0359514344719,0.27338066895094104
Gad1-F-800046,5812994862,0,0.0,182.82515853207676,0.1948781619238866
npf-F-800006,5813081176,0,0.0,85.20782889478063,0.1466135467462129
Tdc2-F-500004,609224408,0,0.0,197.04912327227635,0.010212534027878797
Trh-M-300084,770692923,0,0.0,78.94824949247507,0.14351559962504068
Trh-F-600014,1435791739,0,0.0,299.4293682931127,0.7165747997983395
VGlut-F-200221,5813090856,0,0.0,140.8231410812628,0.08544393011414186
Gad1-F-500229,1731631097,0,0.0,219.52345626141687,0.04889473714678957
Gad1-F-500583,1106469255,0,0.0,214.16042799139208,0.19648716856758158
Cha-F-600011,730562993,0,0.0,109.00430855950351,0.166191781205216
VGlut-F-400733,1690011142,0,0.0,111.49566730416305,0.06864572069483203
VGlut-F-800299,851399490,0,0.0,203.72302022625033,0.4270487415783983
VGlut-F-500506,1108787548,0,0.0,206.5511041956974,0.2703606383982412
fru-M-500252,892255122,0,0.0,151.58717925576377,0.2456175867095878
TH-F-200061,1351317122,0,0.0,234.17601055523212,0.056816214601197984
fru-F-200050,1041407617,0,0.0,113.04423719266086,0.10798403231582526
Trh-F-400100,1632992195,0,0.0,123.10162407960419,0.30631753692412234
Gad1-F-100025,1690020010,0,0.0,152.5271044677793,0.19456373599611235
fru-M-200242,1666932704,0,0.0,155.59402045658794,0.2650592179474603
Cha-F-800014,454252960,0,0.0,222.29635115958877,0.39693661836000044
Gad1-F-600459,1412670439,0,0.0,84.55832140928513,0.31175535275821287
VGlut-F-400328,939030036,0,0.0,446.9723117880974,0.29518282728233375
Gad1-F-000636,1667260271,0,0.0,278.2232618975802,0.014730466166396863
Gad1-F-100152,1656834849,0,0.0,205.48527295285467,0.04362012677905492
VGlut-F-700231,1101845661,0,0.0,334.954089891258,0.2387420864318511
VGlut-F-000523,1504096262,0,0.0,308.93623288104607,0.34149543817497097
Gad1-F-400366,579169195,0,0.0,176.2109646877356,0.11439082950547311
fru-F-400441,1284144408,0,0.0,402.8594352495938,0.10931700193368082
Trh-F-400044,265120467,0,0.0,266.68398243039877,0.13982109363393813
VGlut-F-000231,1849684319,0,0.0,75.12791829660331,0.27928840192569593
fru-M-300314,2508194988,0,0.0,141.91188626119714,0.1763048558673275
fru-F-700035,1347125913,0,0.0,280.29294017623704,0.07727299003271075
TH-M-200080,451662040,0,0.0,189.53239322760982,0.11455905295506938
VGlut-F-500788,2196209657,0,0.0,230.71407941484935,0.17259674560619429
Cha-F-500111,1344724479,0,0.0,113.1948209088052,0.21204831663019352
Cha-F-500136,674427795,0,0.0,107.05951224464063,0.20266039542839928
fru-F-000030,1795440828,0,0.0,379.0782952479032,0.052256341792115676
fru-M-300331,1747971659,0,0.0,153.23280603018597,0.2760820398325421
VGlut-F-100043,5813069696,0,0.0,202.0277122260857,0.01367908985070114
Cha-F-700300,388012215,0,0.0,215.48400761585398,0.17043174370617947
VGlut-F-600376,1076293806,0,0.0,252.14859415091084,0.16532366787216013
VT4419-F-200008,550322829,0,0.0,180.13202542211113,0.15494013910292123
VGlut-F-400017,1217385603,0,0.0,90.5963548458608,0.11503872322793762
Gad1-F-300353,449910907,0,0.0,300.5407582540141,0.1408702942655979
Tdc2-F-200068,1289725799,0,0.0,43.72576638171051,0.038187156688300784
Gad1-F-500709,1605786832,0,0.0,351.98489258335303,0.3837877758977438
5-HT1B-M-200000,1011996877,0,0.0,53.10732989111386,0.11931100887188482
fru-M-800029,540679089,0,0.0,324.5121300347358,0.15355235668637585
VGlut-F-400318,986059778,0,0.0,302.97431616906636,0.3032703521660101
fru-M-300351,5812997189,0,0.0,458.67128908622675,0.5666644401633684
104198-F-100026,600684832,0,0.0,138.17756421741362,0.38144843584855226
VGlut-F-800285,1481336510,0,0.0,294.3942097254354,0.4904400940022815
fru-F-500074,5813050727,0,0.0,45.126592207021446,0.09313658856701842
VGlut-F-700040,1846260300,0,0.0,241.87667070061238,0.11092381461798247
fru-F-500576,327941844,0,0.0,142.19419443597323,0.40002503453889326
E0585-F-200007,1436188322,0,0.0,201.88001919070706,0.14677540214171703
VGlut-F-000160,666769954,0,0.0,527.0331311501056,0.34754490707612473
fru-M-300439,5813078060,0,0.0,357.8908008192577,0.3310121448652623
VGlut-F-200558,294778999,0,0.0,160.92278797554593,0.4564021720804431
Gad1-F-000368,5813015963,0,0.0,78.58703170985945,0.2530151378420495
Gad1-F-200199,1261764651,0,0.0,229.46778627287995,0.04539749346834601
Tdc2-F-400015,538602138,0,0.0,76.72397112984605,0.10333772148008884
Trh-M-400172,1100684849,0,0.0,125.3361710613171,0.31413075489367037
Gad1-F-700370,666709858,0,0.0,64.3978998213168,0.037664734628432756
VGlut-F-800086,1763145289,0,0.0,86.20675497663571,0.20334878273793724
npf-M-900000,1045268099,0,0.0,42.01115744552679,0.20452222353474134
VGlut-F-700075,1812078876,0,0.0,358.7923937794208,0.20415743587396692
Cha-F-700295,487160828,0,0.0,392.38771723254274,0.12991362113206442
5HT1A-M-300016,5813065332,0,0.0,63.56675065884414,0.08057673454099641
VGlut-F-900005,5812993610,0,0.0,357.010815748765,0.08069338060341225
VGlut-F-200201,607820937,0,0.0,369.21489554432316,0.1558958638221344
VGlut-F-500117,1380979698,0,0.0,151.69669692397395,0.15512171812721695
E0585-F-200012,1471337364,0,0.0,179.77264270019478,0.11275340020212081
Trh-M-600034,1659590563,0,0.0,120.75728377383528,0.5183782532486277
Cha-F-200293,1749020274,0,0.0,165.2600176496172,0.1882643081901421
Cha-F-200414,1107566171,0,0.0,99.35541843614287,0.11515257958357156
GH298-F-200048,1504268020,0,0.0,142.45879480906208,0.6035917164359975
Trh-F-300181,5813057573,0,0.0,227.36823070637496,0.3328523844878806
VGlut-F-200326,1641250106,0,0.0,268.79922227701167,0.0832455052998824
Gad1-F-300192,861242327,0,0.0,104.21602761371349,0.10275764866802115
Cha-F-500261,573708714,0,0.0,263.2533447676202,0.3443952876608506
VGlut-F-300046,449896330,0,0.0,211.50823228596943,0.07538116847361685
VGlut-F-700204,513404289,0,0.0,392.39701390875973,0.1414158593497086
fru-M-000362,1666914948,0,0.0,243.7311772403161,0.05244300058120228
Gad1-F-700134,668497214,0,0.0,129.97387421909164,0.2757370863179614
Gad1-F-100502,1749611399,0,0.0,151.66126424513456,0.364277145762517
Gad1-F-400591,1198693217,0,0.0,200.431427914823,0.1541500579322703
fru-F-800086,5901214760,0,0.0,386.5710609589971,0.27992343036669165
Cha-F-700089,1139724251,0,0.0,59.84901004139845,0.24894711331227354
Gad1-F-200536,576774002,0,0.0,166.90572485526388,0.05461932002594955
Gad1-F-700001,1143677310,0,0.0,14.377556267117015,0.16986520115969683
Gad1-F-000028,1965241801,0,0.0,140.45682076908076,0.2702347531484552
Cha-F-300376,1938195143,0,0.0,370.3518970070668,0.21212278822471764
Gad1-F-700103,1351515422,0,0.0,25.60332966984133,0.1837347553884454
TH-F-300041,5812982118,0,0.0,189.0481815112233,0.1829270020335444
fru-M-600135,5812999837,0,0.0,384.88732261373445,0.4310896591419871
Tdc2-F-500001,1350803100,0,0.0,83.25938770886282,0.12813063853926995
VGlut-F-800111,1128097470,0,0.0,369.74512236900756,0.2951672604956629
VGlut-F-200316,1748649328,0,0.0,433.63594148706653,0.3687090269595832
fru-M-100160,1513674176,0,0.0,137.85195176643208,0.27389683296914435
Gad1-F-900190,488896350,0,0.0,375.8380878843505,0.04197728283114136
VGlut-F-500286,1537327465,0,0.0,354.3543590503127,0.1585069878447803
Trh-M-000142,604735824,0,0.0,179.9031518458751,0.1982786355136817
Cha-F-500307,5813061255,0,0.0,170.07249150385974,0.13559380467055032
fru-F-200025,639327084,0,0.0,200.46794906980864,0.025870349814696103
VGlut-F-600401,2258611672,0,0.0,236.3673476425272,0.07402747801313557
Cha-F-000445,1313496027,0,0.0,272.0828744805855,0.08376603499074897
fru-M-400093,704746449,0,0.0,223.5426803910235,0.23089930478985649
Gad1-F-100215,1964921972,0,0.0,402.5038561685897,0.32664944810333835
Gad1-F-200030,893710296,0,0.0,488.0850564192988,0.1484434662371354
Gad1-F-000131,1310831490,0,0.0,219.09264370804786,0.13145512942934767
VGlut-F-200481,770249286,0,0.0,152.60075414851303,0.06462619975597436
fru-M-400254,634759240,0,0.0,240.01974490323911,0.09165234443270698
fru-M-200041,816962833,0,0.0,196.54097782902207,0.3170022407301768
Gad1-F-500715,923661510,0,0.0,103.23575760852604,0.06354236411341317
Cha-F-600058,1141268794,0,0.0,334.9944742186856,0.2442547156622961
VGlut-F-200016,984536209,0,0.0,386.31971971271156,0.3147966368632602
Gad1-F-100786,1138212774,0,0.0,188.16795572777056,0.0540840687123167
Gad1-F-700373,1858857698,0,0.0,150.30219315352258,0.3937086355755498
Cha-F-500009,821306235,0,0.0,201.74682849033113,0.16083692060568075
Gad1-F-600230,2044786350,0,0.0,228.1361381902479,0.046336896502635824
Cha-F-400282,5813060840,0,0.0,172.32710576006946,0.1006296401726869
fru-F-600184,1251170902,0,0.0,246.50472917398847,0.0622900185187668
fru-F-400108,1232262105,0,0.0,266.97163334341593,0.13378204846540098
Gad1-F-400079,737218550,0,0.0,210.61577882308163,0.036724172517689856
5HT1A-M-300000,5812989160,0,0.0,286.23819186252194,0.2036264237505045
Gad1-F-300173,5813027460,0,0.0,217.70410945060647,0.05162398777569371
VGlut-F-400138,704319193,0,0.0,83.9988004764185,0.11100520456848295
VGlut-F-600794,1048517845,0,0.0,211.88161508833,0.15633195434804167
VGlut-F-000363,297917475,0,0.0,344.70052971898343,0.386700011227821
Gad1-F-800083,1350626363,0,0.0,445.52455623409975,0.32895686744368474
VGlut-F-700396,359926787,0,0.0,323.23584218384934,0.05807996305384629
VGlut-F-400690,5812998437,0,0.0,148.34269127201344,0.29282610973847445
VGlut-F-500586,1602743551,0,0.0,86.14446995754085,0.04217249634125337
VGlut-F-700545,1811737863,0,0.0,94.96850792015998,0.07172918753801033
fru-F-900000,643679015,0,0.0,288.83837541022666,0.3570752931851695
Gad1-F-000842,821987663,0,0.0,261.94403567975826,0.05666932313098521
TH-M-300054,611089775,0,0.0,44.33460292279953,0.2609207885148468
npf-F-400003,357150583,0,0.0,194.0176649251041,0.12924051429565275
Trh-F-600006,5813010009,0,0.0,528.3291463692219,0.1571528218989996
fru-M-100368,359183551,0,0.0,325.109384711263,0.2492738780748211
Cha-F-100242,328611004,0,0.0,114.57709420972293,0.13411175949065882
Gad1-F-200253,1319927977,0,0.0,387.00814867257054,0.22090078685471662
Gad1-F-300515,940425232,0,0.0,97.79236410977016,0.32895880545429895
Trh-M-500118,912601209,0,0.0,247.0686399347634,0.12270132645633965
Cha-F-700083,1448111953,0,0.0,206.08530124329272,0.33519161168465245
Gad1-F-000852,766863785,0,0.0,375.70641555960475,0.5389042525128835
fru-F-800093,1953326375,0,0.0,228.25579324010997,0.10346116735452716
Gad1-F-100366,852733214,0,0.0,232.86292561712872,0.44798583149918036
Gad1-F-200746,1919606852,0,0.0,279.96403015857436,0.30452384122649606
VGlut-F-700513,1946759931,0,0.0,180.40364431218643,0.4237439203326808
Trh-M-600115,5813012048,0,0.0,120.84977743077538,0.11881905835276452
VGlut-F-100070,1261427999,0,0.0,54.06615839297181,0.16638932620614652
Gad1-F-900585,1192796721,0,0.0,235.95029077008468,0.16438557816578397
Tdc2-F-100025,704785546,0,0.0,111.13992609274845,0.1308455263637024
VGlut-F-000066,1316158591,0,0.0,288.8835008776386,0.20898261538226273
Trh-F-200050,798533259,0,0.0,323.3599928144248,0.06626614088185098
Gad1-F-700641,5813082964,0,0.0,167.4122620678523,0.12644035257859643
Trh-F-300115,1630678924,0,0.0,228.70992398669762,0.25335804083099384
Cha-F-000293,1777979056,0,0.0,191.33180871114962,0.2355960036123787
Gad1-F-000193,5812980594,0,0.0,142.21092629732647,0.06708740953080981
Cha-F-400065,1501716235,0,0.0,84.09816282898595,0.06600099234762852
Trh-M-200090,5812980915,0,0.0,76.1091631261529,0.1509107124364574
Trh-M-200095,1047123862,0,0.0,293.8118594711897,0.6345180022019907
fru-F-800001,1444848412,0,0.0,178.05504315917634,0.3235627550347685
Cha-F-000371,1232607449,0,0.0,473.69094828674724,0.02824705118762
fru-M-300325,675490002,0,0.0,73.44586375535609,0.3025125604921867
Cha-F-600212,916305060,0,0.0,62.90469790884278,0.1502099583640385
VGlut-F-000171,1950641434,0,0.0,124.37787544307623,0.16172504919207484
VGlut-F-000542,1292803650,0,0.0,104.90213180935275,0.11652281628218619
fru-M-600048,1660789784,0,0.0,74.5000008748275,0.21635473481419515
VGlut-F-300047,418970154,0,0.0,243.97322037593844,0.05217256291606875
Gad1-F-300852,1754374486,0,0.0,140.97730156436646,0.2659340475211066
TH-M-700008,1638315078,0,0.0,88.60678679659576,0.11315126605603855
Gad1-F-400155,5813110928,0,0.0,279.2504366145903,0.17704025479579913
Gad1-F-500725,1565729476,0,0.0,301.0764276973595,0.122435594557846
VGlut-F-800009,5813061560,0,0.0,377.5431078943414,0.17429234090726928
Trh-M-900004,5813021812,0,0.0,208.1440815184158,0.14001405812931383
fru-F-400511,637540087,0,0.0,518.732853181829,0.28176258119986425
VGlut-F-300163,1041839564,0,0.0,142.9425712555673,0.15663892292150508
VGlut-F-400056,861570090,0,0.0,192.79462324263628,0.1752201780324551
Gad1-F-800297,1479626494,0,0.0,258.04178939780735,0.1026322061401474
Trh-M-500144,612668833,0,0.0,114.0383944571927,0.055441060439827654
Gad1-F-300498,1171219829,0,0.0,233.81390083217013,0.01415577013967077
Gad1-F-000710,1920634004,0,0.0,87.09336022028972,0.44644699447910124
Cha-F-000535,1322177047,0,0.0,279.4853853698057,0.12130383250900376
fru-M-400175,5813021999,0,0.0,247.99723017222848,0.18807469172041655
Trh-F-600068,1107082256,0,0.0,337.8685356993462,0.06314556617323047
Trh-M-300035,1390942076,0,0.0,212.48524572709863,0.19925652499441757
VGlut-F-800002,5813023581,0,0.0,135.21755298271958,0.3872782558167502
Cha-F-100184,1697613170,0,0.0,156.92510724115797,0.2348586243309432
VGlut-F-400868,951808062,0,0.0,71.40646072951276,0.272062568704821
Kra-M-200007,326128466,0,0.0,316.6515024501346,0.24198962277193042
fru-F-100072,388902666,0,0.0,277.2220673687346,0.3146361352621975
Gad1-F-700712,1410105831,0,0.0,194.93489864219728,0.17315413781054828
fru-M-500121,5813011119,0,0.0,330.78156113563074,0.07705440382795437
Cha-F-500118,1081755066,0,0.0,361.95152351307246,0.37436119325212813
Cha-F-300339,1201227074,0,0.0,264.7013896931132,0.22651501004540608
Gad1-F-100623,5813035164,0,0.0,210.26453881548676,0.2921533854093743
fru-F-300009,983296591,0,0.0,100.42811901427508,0.15247200490052137
Tdc2-F-100041,2070542355,0,0.0,87.61358765478361,0.44578672149965815
fru-M-200252,5813062565,0,0.0,111.67159655720391,0.04269327651207572
fru-M-000187,1906496111,0,0.0,371.67316985725694,0.11635212551757443
VGlut-F-600543,453376390,0,0.0,573.505512049974,0.3648527698497744
VGlut-F-300655,1169898618,0,0.0,246.59149152811963,0.27228509462261247
VGlut-F-300019,5812980580,0,0.0,361.2969820731411,0.0372213579844489
E0585-F-100026,1703337982,0,0.0,131.08790254014954,0.3529040247329433
VGlut-F-100072,546083486,0,0.0,496.85306512285393,0.08763883915165424
Trh-M-700011,700321894,0,0.0,220.05769221654512,0.2019236748309412
Cha-F-000532,5813068812,0,0.0,247.212895366052,0.024603835274033706
fru-F-000029,487501700,0,0.0,313.50209654307054,0.06813470077452374
fru-F-300094,5812997215,0,0.0,173.36241404865368,0.30816256371347306
Cha-F-100267,5813047425,0,0.0,308.34618916161907,0.027349793703806108
VGlut-F-700033,1685914765,0,0.0,227.83538742723658,0.4660806533461455
npf-F-200032,5813044712,0,0.0,104.35339944808568,0.07288413287848296
VGlut-F-000413,1223640877,0,0.0,336.9173271979863,0.08513264410534442
Gad1-F-200044,1108472508,0,0.0,208.00949649967941,0.10564170848633458
Trh-F-600092,1197967828,0,0.0,119.05455353539037,0.2907008617896312
Trh-M-300220,5813057546,0,0.0,53.86300988562057,0.4432446691800052
Cha-F-000205,974995783,0,0.0,141.43806793177663,0.2894178180331601
npf-M-300006,1664108939,0,0.0,109.05096035107783,0.020815317467913853
Gad1-F-300121,5813107445,0,0.0,212.21915269511533,0.3521777630552606
fru-M-200239,5813055862,0,0.0,276.28854746082254,0.14303501335504876
fru-F-700247,1469947718,0,0.0,270.5707284667328,0.3365931115680776
TH-M-200044,2243458832,0,0.0,293.0528497752954,0.5470875814254709
VGlut-F-400372,5812990678,0,0.0,300.80739195861946,0.15370920989262638
Trh-M-300068,391604407,0,0.0,250.31374041224035,0.033351514165571396
Cha-F-800059,1780651267,0,0.0,303.70966495431446,0.19871171576445665
Gad1-F-800031,5813038822,0,0.0,485.4259675626008,0.2610970758091844
Trh-M-000057,1813900871,0,0.0,372.4162269018417,0.14538106570903256
fru-F-700058,1249932198,0,0.0,123.59302506070007,0.05765221472271548
Cha-F-600050,2069320377,0,0.0,222.4367407105951,0.0481399514453012
VGlut-F-600403,390352384,0,0.0,94.51070136731717,0.0714801618203674
Gad1-F-200099,1135941581,0,0.0,335.2858089503485,0.09592580997058327
Tdc2-F-100043,883514695,0,0.0,89.22660866899415,0.14269521835903412
fru-F-400160,488520820,0,0.0,55.60225410992029,0.12481578428032532
Gad1-F-000393,1108101004,0,0.0,453.1477239829156,0.1375512766648053
TH-F-100046,5812995946,0,0.0,195.8360220729988,0.33884512704700365
Cha-F-200276,1322021279,0,0.0,359.15556940740964,0.11826661672945923
fru-F-400413,978682042,0,0.0,78.93721210372655,0.29107261479119123
Gad1-F-000095,5901201383,0,0.0,262.2467750748874,0.2994145002149634
Trh-M-300215,5813033196,0,0.0,169.25259333460858,0.41112415034226757
Trh-F-100046,1226029612,0,0.0,132.75639060764593,0.23806013006742324
Cha-F-800077,1540962734,0,0.0,162.68614817242985,0.27171332657226877
VGlut-F-000554,1808949598,0,0.0,329.7416641280404,0.10334819653156116
npf-F-400006,1529923621,0,0.0,273.8056693340981,0.03627201498612461
Gad1-F-500233,939738376,0,0.0,81.34081893798702,0.29310913278194195
VGlut-F-400630,1499226615,0,0.0,243.39101315470884,0.14152281969045571
Gad1-F-500761,982684196,0,0.0,311.98105144610514,0.16274657670283135
Gad1-F-400856,1189563993,0,0.0,80.58633281344301,0.08524124150828771
Gad1-F-400150,1229162381,0,0.0,208.28684262147158,0.3081545092043352
Cha-F-700163,1198049989,0,0.0,123.77572777319381,0.15907995633036642
Trh-M-300089,1166065510,0,0.0,181.51219475299726,0.09778212101218024
Cha-F-100125,605154073,0,0.0,62.580548091417036,0.04771994931373191
Cha-F-600068,328274638,0,0.0,312.0938725269985,0.5515636847402224
Gad1-F-700298,883338122,0,0.0,162.37927047445152,0.04136015996240211
Gad1-F-900406,1034219901,0,0.0,228.3769592377088,0.12349845463233644
Gad1-F-500485,829015629,0,0.0,404.61832693095886,0.1390389586230323
fru-F-100134,5812997053,0,0.0,177.7384159757931,0.26182420711974913
VGlut-F-400440,729867427,0,0.0,524.7856015667638,0.516705502806987
fru-M-700233,1875284107,0,0.0,145.27217840683102,0.08098591914275619
Gad1-F-000664,1733673153,0,0.0,271.14271423714274,0.41561940318636337
VGlut-F-100334,1847819222,0,0.0,501.907729699461,0.3585100102951826
Trh-M-700067,732984478,0,0.0,303.6499042719944,0.42236099086983103
fru-M-100361,1626919110,0,0.0,254.52501783297268,0.1591488866317173
Gad1-F-300519,5813021464,0,0.0,71.25982670095713,0.22270916661357162
Gad1-F-400162,1597208095,0,0.0,379.2411170234038,0.13452245501624338
fru-F-400463,1167896065,0,0.0,155.78194177559075,0.19025019776507018
Gad1-F-100474,947608249,0,0.0,163.1749977985897,0.03610800373561432
fru-F-200004,5813048268,0,0.0,292.0653026171433,0.0837508292353928
Gad1-F-200713,1441499171,0,0.0,53.93643720912918,0.06792139080236599
Tdc2-F-100040,893287523,0,0.0,171.7780010824262,0.1250722744818472
VGlut-F-100311,5813053866,0,0.0,72.40313758354027,0.005282645420689759
VGlut-F-100387,1074337946,0,0.0,486.32354049728235,0.30313212617187096
Cha-F-000296,5813032811,0,0.0,358.61037439045725,0.2912635403284883
fru-M-600114,632734572,0,0.0,49.25160207225409,0.030031731671313976
Trh-F-300162,1995658740,0,0.0,219.38359288815784,0.2495603111811753
Gad1-F-300024,328265182,0,0.0,161.7350888315003,0.06602283076626835
VGlut-F-200605,1759649309,0,0.0,136.51310660076578,0.16317250497010974
fru-M-100064,1790675377,0,0.0,152.76670363346656,0.018356043778017344
Gad1-F-400413,1937193993,0,0.0,217.82933971349635,0.05715031189927007
Trh-F-200061,1163574511,0,0.0,124.16329849812358,0.1490348804009181
Gad1-F-500534,1319919698,0,0.0,490.44208579212517,0.2986974502352169
fru-F-600271,919314668,0,0.0,288.3192005258337,0.10779646987247991
5HT1A-M-100017,761044410,0,0.0,111.36501281622623,0.07298069237484996
VGlut-F-600002,1503581412,0,0.0,405.6838895595476,0.035116961538323804
Gad1-F-900330,1252121060,0,0.0,122.88547805297902,0.10029839161631462
VGlut-F-400694,1729650124,0,0.0,53.06271301344481,0.05961317774959437
Trh-F-000002,5813022119,0,0.0,218.98991144367665,0.07717827335356778
VGlut-F-000310,5813081484,0,0.0,222.75886881231358,0.13531829694981684
Gad1-F-200103,327873821,0,0.0,306.1539547615041,0.34096984510668144
Cha-F-200386,976993950,0,0.0,128.417588210742,0.034830307483698
Cha-F-600025,5813033404,0,0.0,410.69015735204573,0.2513273049954838
fru-F-700208,729479296,0,0.0,164.02020392881664,0.03914628390950535
Gad1-F-400271,824349873,0,0.0,429.769987539012,0.4046447023201302
VGlut-F-400172,5813009260,0,0.0,251.49483079373616,0.21945936873993271
VGlut-F-800314,297917474,0,0.0,467.4762874883627,0.21024485352900063
VGlut-F-400753,1067884486,0,0.0,144.6671789430759,0.06697075049191212
Cha-F-000032,2009953077,0,0.0,205.17284976591236,0.2092945917656722
VGlut-F-100245,1079867909,0,0.0,308.6404006288405,0.22543884731893776
Trh-F-300141,1474736336,0,0.0,244.82640313951944,0.4818255919670177
Cha-F-300046,5812995265,0,0.0,343.7964528149359,0.057163788109029605
VGlut-F-100375,636792984,0,0.0,156.1105019052453,0.402775119404404
Cha-F-000318,1078875017,0,0.0,46.85764514107284,0.10613216626161341
VGlut-F-700290,1163713145,0,0.0,83.08842489636264,0.34223368460017817
Trh-F-400003,1162879471,0,0.0,200.91799555727624,0.17659405380085783
fru-F-000013,1670252125,0,0.0,311.57845077706907,0.5503334948740599
VGlut-F-600725,672283773,0,0.0,59.94860772102084,0.0951321565749407
fru-F-400277,1005174931,0,0.0,117.64190133607345,0.03689004359749835
5HT1A-F-200014,480931876,0,0.0,384.4959392560023,0.12433755482458692
Trh-F-000034,645897107,0,0.0,180.21802976154305,0.22818547680147286
Gad1-F-800172,1825146295,0,0.0,180.22527248024778,0.11758860993911853
Cha-F-800124,2070222337,0,0.0,89.89860666889174,0.5468766144833681
fru-M-100359,449568848,0,0.0,297.0907580371136,0.055858707071333995
VGlut-F-600170,1377512967,0,0.0,530.6756789020458,0.03984481291552361
VGlut-F-100222,1534616158,0,0.0,113.98567493453923,0.25846030782846047
Gad1-F-400312,455159380,0,0.0,106.507750008224,0.21481774778106497
Trh-M-500048,2042740780,0,0.0,251.51466950316072,0.10289080332625555
Gad1-F-100058,360958913,0,0.0,234.5912454718725,0.21637030361564785
Trh-F-300114,1070332560,0,0.0,237.00374058641006,0.4011000966948613
fru-M-400328,5812980516,0,0.0,218.78044245644173,0.10840869629933922
fru-F-200222,264014957,0,0.0,485.09993513816033,0.09374518353591701
Gad1-F-700589,892964102,0,0.0,64.78600192724501,0.5475983789980817
Gad1-F-800055,5813013422,0,0.0,178.10068759398447,0.43978727584094557
Gad1-F-400066,5813087454,0,0.0,106.49027335009283,0.11846492809848735
Gad1-F-500660,5813022076,0,0.0,236.83809226419223,0.17728951683626615
Trh-F-400087,1140249804,0,0.0,140.23575998083956,0.18112345519135012
GH298-F-200049,1162180404,0,0.0,115.45932271700292,0.40684153591711575
Gad1-F-000598,2104452085,0,0.0,168.43171479690216,0.22575718712968745
Gad1-F-100589,1080886521,0,0.0,304.0416565395185,0.33795070149109857
npf-M-300047,5901206094,0,0.0,126.92920789201017,0.13297624075959863
Gad1-F-800268,1102334088,0,0.0,110.2037599440662,0.16703865916584967
Trh-M-300015,1447253749,0,0.0,105.89508481040711,0.4187590330403978
VGlut-F-600547,2105794279,0,0.0,372.1122048548714,0.15618368708689725
fru-F-300110,1669018304,0,0.0,298.9020103520258,0.015586489817591144
Trh-F-100053,1072503172,0,0.0,256.6504812074169,0.3582113512813599
Cha-F-200147,517847127,0,0.0,329.57861168110367,0.21074989225606666
Cha-F-500062,1625101825,0,0.0,147.270865791569,0.17433865454236405
Gad1-F-400095,699652692,0,0.0,51.7384553015791,0.16704348803583813
Trh-F-100105,791303168,0,0.0,310.7967722968511,0.5271859070524959
Gad1-F-100219,764459322,0,0.0,200.27842068815204,0.2000623851751439
fru-M-800204,708187441,0,0.0,357.2417905814717,0.19208437504138592
Gad1-F-100857,1104103910,0,0.0,442.0168353111144,0.05652349787822563
Trh-M-500054,910442782,0,0.0,106.10867891867882,0.16546088632319142
fru-F-700176,1507449839,0,0.0,43.09410931993508,0.1014070354353671
VGlut-F-700011,5813075524,0,0.0,155.68440399679395,0.18017206827711715
5HT1A-F-100030,425112506,0,0.0,107.92713643634761,0.1341351038437361
Cha-F-900001,1510851409,0,0.0,109.32853587392277,0.16029535915509688
Gad1-F-500580,892600621,0,0.0,159.05759037228532,0.009321859955425005
Gad1-F-200037,663898692,0,0.0,116.68107295100818,0.19767349294035774
Cha-F-200088,5813021805,0,0.0,338.34158836240755,0.15158518866819357
Gad1-F-000176,1005602221,0,0.0,87.24376395619302,0.2623923814648971
Gad1-F-400259,2105789828,0,0.0,199.80646538085688,0.08195201689816028
Gad1-F-700345,2137165879,0,0.0,238.75306520684748,0.026668183198153093
VGlut-F-900081,5813078988,0,0.0,95.64328748088637,0.00713630689374344
VGlut-F-800258,1348247173,0,0.0,237.20455594489047,0.377620322122505
Gad1-F-400053,631400288,0,0.0,98.70796101225447,0.20085689122592973
fru-M-800039,819440815,0,0.0,159.25427312696618,0.2574393246845247
VGlut-F-100295,822069335,0,0.0,305.84994578896647,0.48363646984558867
fru-M-200292,1438524573,0,0.0,281.16160853710795,0.13712136909759515
5HT1A-F-300002,1871744050,0,0.0,196.16770704199735,0.31836237703169074
fru-F-500072,953302667,0,0.0,93.59393055441177,0.1617893325963713
Gad1-F-000183,5812982506,0,0.0,80.33412819566581,0.3530700033898319
VGlut-F-600705,5813047407,0,0.0,248.3652090514995,0.5229411765326455
VGlut-F-600502,2249645744,0,0.0,205.27098783519332,0.1455783411249373
fru-M-200267,1563099587,0,0.0,256.8006867317995,0.07138281894687012
Gad1-F-700198,484911954,0,0.0,90.20763597348642,0.11427859251828083
fru-M-500239,1136740146,0,0.0,235.91415201048844,0.20305312933118613
Gad1-F-200459,5813088420,0,0.0,83.91835935092503,0.26656183040297504
VGlut-F-300617,5813004196,0,0.0,164.25875098146454,0.11504922713313577
fru-M-900053,1250432434,0,0.0,268.596745797328,0.2131185516962219
Cha-F-400046,1070094367,0,0.0,144.6016240269687,0.2638574769399165
Trh-M-500155,1096859621,0,0.0,395.81576461172875,0.536825151718974
Gad1-F-200141,756062593,0,0.0,115.83721368782624,0.06527262949887734
Gad1-F-000519,1839314480,0,0.0,86.6610258187855,0.2995299611631891
Gad1-F-400585,5901194395,0,0.0,491.87430589239983,0.1331311277203602
VGlut-F-200328,947003647,0,0.0,262.98621834379844,0.4949475902505181
TH-F-300012,1634088910,0,0.0,249.7289950928894,0.10851569585240131
Trh-M-700036,882995659,0,0.0,406.71715107102176,0.11292807270036012
Trh-M-400004,1140517287,0,0.0,334.36636677532044,0.14215913018094517
fru-M-300275,2229558578,0,0.0,264.6314956623953,0.29778329798467595
Gad1-F-900054,2198247262,0,0.0,261.7138212981565,0.15939809095412533
fru-F-700115,1566597156,0,0.0,279.5147402111159,0.31892943938312
Cha-F-000082,1809695854,0,0.0,284.83280927980877,0.20992453172997325
Gad1-F-000133,1700946302,0,0.0,147.90209327623324,0.2213412730392531
VGlut-F-500654,1078447660,0,0.0,548.9960818699006,0.14064856710415535
GH298-F-100001,1567456055,0,0.0,315.8553837075009,0.6564361906214525
fru-F-600256,1943812176,0,0.0,133.7136087050098,0.22508469078661766
VGlut-F-400385,1889266295,0,0.0,149.0458331120171,0.11857572407714276
Gad1-F-000769,1416749916,0,0.0,55.28144221936872,0.2848330914557266
Gad1-F-300585,1787998190,0,0.0,222.5782239717861,0.21021697090241195
Gad1-F-100134,5813020052,0,0.0,49.52893752812397,0.1057076407413776
5HT1A-F-300015,1347812305,0,0.0,291.82811500160574,0.5608473931509826
fru-M-600018,1570343631,0,0.0,207.0351725646554,0.06754027957578874
VGlut-F-400816,638152829,0,0.0,353.8924314327936,0.1891879975855174
VGlut-F-000675,1202410042,0,0.0,180.44399658146372,0.261546431879067
Trh-F-200064,1601228600,0,0.0,160.06796216274356,0.11554186705483806
5HT1A-M-300024,419889751,0,0.0,320.2496410214468,0.229964458821403
Trh-M-000082,911911699,0,0.0,106.30085317703929,0.028270123604197023
fru-M-200428,1754370241,0,0.0,418.85509806445606,0.2315581927755816
fru-F-000184,757569579,0,0.0,150.18642231389944,0.16322485728038727
Gad1-F-100464,5812983081,0,0.0,401.5931933141906,0.4556808345180924
104198-F-100021,392445880,0,0.0,154.98916202828815,0.46609382053715775
Trh-F-300092,698508565,0,0.0,87.38814680587782,0.25146697037637655
VGlut-F-200061,667444187,0,0.0,293.80198856632114,0.17417446349981938
VGlut-F-500495,326888433,0,0.0,354.51917748614613,0.09770820529834276
VGlut-F-500428,1846135022,0,0.0,160.81530441002556,0.267389076547682
fru-F-800029,1260879446,0,0.0,441.5486493993322,0.20624411427965406
fru-F-500319,1223810337,0,0.0,127.48460064892396,0.07746387286151618
fru-F-300179,911129204,0,0.0,388.4499576968661,0.0020005167198015633
Gad1-F-700191,884916660,0,0.0,61.043808684529,0.38418549241837596
fru-M-100157,540730639,0,0.0,185.67436279372637,0.07300365765399938
VGlut-F-500745,1135169386,0,0.0,212.76500362082658,0.15757552102074457
fru-F-300182,823852745,0,0.0,366.28449143019316,0.14042561544856197
TH-M-700013,5813045787,0,0.0,158.1795573543868,0.11982653698163216
Trh-M-100099,1299581176,0,0.0,118.48228273209341,0.12391536561674661
fru-M-400340,1138579549,0,0.0,100.97793471847585,0.3999436378131421
Trh-M-300050,1637568633,0,0.0,56.85743113611284,0.49413191725077305
Cha-F-300304,1441485633,0,0.0,127.63831180880977,0.5945186343847186
VGlut-F-100144,1534798033,0,0.0,125.81717813871369,0.031624158071862904
fru-F-500086,1111917081,0,0.0,247.26018042556447,0.2490441657243457
fru-F-900055,1222928995,0,0.0,219.4848742322145,0.16060651683546942
VGlut-F-400044,5813023250,0,0.0,179.74939748091245,0.014225781663353618
Cha-F-000268,852993150,0,0.0,465.1579372114927,0.24302918856131694
fru-F-700050,1602751898,0,0.0,60.271814476003215,0.013311256347323174
Gad1-F-300580,1218728541,0,0.0,355.964023970792,0.3522219431393056
Gad1-F-600296,729997357,0,0.0,203.0448823462633,0.054701306687608434
Gad1-F-900361,5813034571,0,0.0,442.11342190551017,0.36473128876579747
VGlut-F-000677,1076729262,0,0.0,364.2706123030946,0.6025867534047472
fru-F-400078,388280381,0,0.0,61.59561457347851,0.24837299285455836
Gad1-F-300400,1534616361,0,0.0,18.093760979597295,0.025484464179567123
Cha-F-700281,1200873417,0,0.0,246.37710256471024,0.005997102798410603
5HT1A-F-800028,580300616,0,0.0,204.72926960216665,0.100716598894863
VGlut-F-500541,765245188,0,0.0,402.98630829085886,0.29662662006275875
VGlut-F-500261,5813063587,0,0.0,178.31447045989734,0.21585955717067432
Gad1-F-300531,5813012637,0,0.0,89.3546594470029,0.48496434498682706
VGlut-F-400036,861915746,0,0.0,241.48412462934243,0.29675741594009003
Gad1-F-300176,5813009926,0,0.0,386.5024139881777,0.16915073294953212
VGlut-F-000135,358865451,0,0.0,352.7848588154885,0.2159801193799543
Tdc2-F-100003,664188056,0,0.0,110.20567479686953,0.10586101011499173
VGlut-F-700029,1200536428,0,0.0,257.1149724860888,0.1620895350718017
VGlut-F-200205,642680853,0,0.0,108.67075331575754,0.22195796364421883
Gad1-F-400723,2228950485,0,0.0,292.89261094972005,0.22476599758972746
fru-M-100393,1071121755,0,0.0,297.65020267363025,0.1894804578541893
Gad1-F-300224,1319591709,0,0.0,59.49598506505036,0.35696860052392804
VGlut-F-000420,1498120574,0,0.0,102.33587334069178,0.1941610461594549
fru-F-400397,609233083,0,0.0,425.1121297396925,0.08544611122729406
fru-F-800027,5813053831,0,0.0,172.32876588244415,0.2218210968917085
VGlut-F-200347,5813032590,0,0.0,82.07872586506237,0.31987051704456926
Cha-F-600125,1003249888,0,0.0,282.08598821681187,0.15413528619980466
VGlut-F-500769,1294077075,0,0.0,134.7732553140083,0.06948088577721538
Gad1-F-500256,579592619,0,0.0,147.09252572969805,0.10140972640026755
Gad1-F-500601,977240945,0,0.0,315.5295651516287,0.008197840103115066
Gad1-F-300228,1753034787,0,0.0,314.09524711931124,0.20550895087439283
Trh-M-300270,1419136956,0,0.0,154.7808057099861,0.2562112805024377
Trh-M-400018,388902705,0,0.0,137.5550698595308,0.2829397057005227
Gad1-F-800160,1342173075,0,0.0,92.97931846874063,0.37517395878296234
VGlut-F-600214,1667933626,0,0.0,165.01439442161964,0.40769447363430206
Gad1-F-900381,1043066007,0,0.0,414.84138648165236,0.10073054577630502
Gad1-F-500667,881152299,0,0.0,316.9578013873849,0.3061370322971169
Gad1-F-400646,359215268,0,0.0,271.65903767451334,0.13220384420272951
Gad1-F-000392,572642334,0,0.0,273.99287907687244,0.5214425685738782
TH-F-200005,357949102,0,0.0,354.8208494900052,0.16962603801134066
fru-F-300125,1284645050,0,0.0,285.571037714814,0.11698270572726274
Cha-F-200113,1856833015,0,0.0,74.55369607713689,0.15686650058338836
VGlut-F-400014,326460989,0,0.0,256.59047124205273,0.5687106800859173
TH-M-700001,1663767674,0,0.0,40.51278865204847,0.17229344608780403
npf-F-300045,700787980,0,0.0,186.78447237617675,0.052352829602963766
Cha-F-500229,5813081864,0,0.0,299.35697929961395,0.1255951332860226
fru-M-500090,2231302306,0,0.0,180.80814399669808,0.24266021676819718
VGlut-F-400418,1005119041,0,0.0,288.22796815059354,0.3869686524172512
fru-M-600062,643389529,0,0.0,103.03914538893078,0.4079104321176225
E0585-F-300018,915964590,0,0.0,63.74500110129791,0.2188938524327978
VGlut-F-600366,297925742,0,0.0,135.40416573341182,0.3982126538348774
Cha-F-500186,1507139129,0,0.0,124.14370757428726,0.1626681756897754
VGlut-F-000192,1387583807,0,0.0,190.62937979763757,0.06812465575434755
fru-F-500111,1320480289,0,0.0,53.063463467426644,0.1514770754840028
Gad1-F-900125,914298735,0,0.0,19.257336904390783,0.08410109928664362
Gad1-F-800435,1536446911,0,0.0,211.1937385169405,0.12756087259076263
Trh-F-700059,1565833050,0,0.0,299.8179680859817,0.09983216448038136
Cha-F-800032,5812983878,0,0.0,41.331814184296,0.1360625882995454
fru-M-200307,912894972,0,0.0,86.2565622608909,0.251917695510784
VGlut-F-500551,2014749251,0,0.0,108.48540244926542,0.20113882656359222
fru-M-100179,1416072512,0,0.0,296.80031023633364,0.11570056071589634
fru-M-300167,817359552,0,0.0,128.103378538754,0.13300562223923845
Trh-F-300107,945532230,0,0.0,165.85289057429134,0.4265495835740987
fru-M-700284,5812997213,0,0.0,133.88087542422727,0.06328631653352124
VGlut-F-800156,325131735,0,0.0,514.8195753113087,0.31026475389964664
VGlut-F-600655,1313590343,0,0.0,210.6511430067846,0.16563742596191516
Cha-F-700254,915619240,0,0.0,89.27871302039873,0.08536094077195516
VGlut-F-800309,480257896,0,0.0,576.2579288699529,0.4477964705607666
Cha-F-400102,1938175243,0,0.0,397.63923487964433,0.08502430655338185
fru-M-500045,449555517,0,0.0,255.14361967881493,0.12112322409451977
Cha-F-000281,1848251306,0,0.0,391.6877517200496,0.061128002646026615
fru-M-500170,1319993169,0,0.0,284.8562916511464,0.06559733822162121
Gad1-F-700378,1640922516,0,0.0,148.33940479770095,0.4620231815360875
fru-M-700252,978387957,0,0.0,135.5632466406236,0.15463371796259925
fru-M-300091,5813077698,0,0.0,84.47373171637473,0.38071409695836445
fru-F-500031,1168659995,0,0.0,67.03928594282911,0.16762481637195015
Trh-M-900059,488188560,0,0.0,258.37248348308026,0.13155979082791125
Trh-F-500081,706183770,0,0.0,30.536976190988256,0.39881050541972135
fru-F-500441,5813047157,0,0.0,132.01181160727964,0.0782433923649164
Trh-M-000132,2225401500,0,0.0,209.8511633245994,0.2613897559323081
Gad1-F-700085,880987844,0,0.0,245.79506533465664,0.20962802431417904
Cha-F-700067,393383025,0,0.0,506.9273790025735,0.3193509587078198
VGlut-F-400027,421650994,0,0.0,213.30609013126164,0.09049347448255093
Gad1-F-900439,478250407,0,0.0,367.0539820467499,0.16717959356642356
VGlut-F-100115,1042495376,0,0.0,41.08960787608603,0.14897674015304577
Gad1-F-700023,2211737961,0,0.0,49.62064240537888,0.042664235581688956
npf-F-100003,975432645,0,0.0,122.51462293221437,0.19326237597485085
fru-M-200186,1689989557,0,0.0,296.5327473354048,0.13166246050895616
Cha-F-100253,1232634093,0,0.0,55.24424597728447,0.13719687092116112
Trh-M-200076,1194100437,0,0.0,162.3700291606926,0.3709203033611555
Trh-M-200133,418922937,0,0.0,196.272432168179,0.11305909978722103
Gad1-F-400651,425431837,0,0.0,198.79211048828574,0.17449614055208376
VGlut-F-700108,631051012,0,0.0,148.25791848083924,0.053665849410892606
Gad1-F-700173,1731312117,0,0.0,124.87453015822375,0.04514271217340713
Gad1-F-700694,364061776,0,0.0,185.7953194944115,0.21026707606902317
VGlut-F-300261,1854876962,0,0.0,112.72208927469777,0.21429189502012677
Gad1-F-500090,5813011299,0,0.0,444.33330063551546,0.12868313639325865
Gad1-F-700744,451650057,0,0.0,184.96203334781558,0.1334568531955024
fru-F-000136,359560762,0,0.0,487.39321190811484,0.1723422454813801
Gad1-F-700647,298616761,0,0.0,242.59935587473905,0.386126161834093
npf-M-300009,1472542572,0,0.0,32.70899992171904,0.17781358036716263
Gad1-F-100694,731357364,0,0.0,213.19524547444888,0.16862533342791933
Gad1-F-000241,1139240289,0,0.0,113.28076270770033,0.07536735541890252
Gad1-F-000425,1875469390,0,0.0,176.98829343588443,0.14477038569690784
VGlut-F-300131,513741732,0,0.0,567.4003211972057,0.4343032308459749
Gad1-F-500064,1344591038,0,0.0,128.02799648536654,0.1721748877725895
Trh-F-300177,548894251,0,0.0,223.87154729372165,0.3736949749581831
Cha-F-300204,1199289203,0,0.0,214.33025469411763,0.06201020626270658
Gad1-F-000531,2107866390,0,0.0,211.55022580522652,0.04661303793933071
fru-M-500388,1885765762,0,0.0,93.35984368596472,0.05080506774570648
Gad1-F-900270,421957539,0,0.0,181.00551732749707,0.22064528442647405
TH-F-000069,5813021122,0,0.0,222.1468458003571,0.13620410225245866
fru-F-000134,1044356616,0,0.0,257.5434165350772,0.24557309103695973
VGlut-F-200364,766384925,0,0.0,195.83927020131688,0.05785850141328142
Cha-F-000248,2007604041,0,0.0,229.7148395891664,0.028491611367620642
Trh-F-000027,1749236368,0,0.0,287.814865854149,0.14702020483336214
Cha-F-200410,1249595196,0,0.0,249.3952240425244,0.08257798280035873
VGlut-F-100118,549521047,0,0.0,170.02861020085612,0.13480101107944437
Gad1-F-000681,5812980164,0,0.0,174.07830304821272,0.25982465374178015
Cha-F-800020,1808624754,0,0.0,150.78813660002874,0.0366677962328785
VGlut-F-600538,479607277,0,0.0,193.19955700776404,0.26677662169990385
VGlut-F-100022,5812981381,0,0.0,149.34268846447424,0.22975349514314453
Gad1-F-400104,5813047713,0,0.0,172.6719153815369,0.3413067560919832
Cha-F-500044,1200182517,0,0.0,456.8546873247452,0.22486091445835885
fru-F-500172,1666923427,0,0.0,130.287902617693,0.08197390638691464
TH-F-000072,295814932,0,0.0,299.6258971061961,0.020055384830090336
Gad1-F-600045,880404940,0,0.0,407.0673028811069,0.23589137033731844
Gad1-F-000725,510317265,0,0.0,477.4609421809408,0.1071480061168468
Trh-M-000134,925241334,0,0.0,197.35378389935966,0.0174329128323783
Cha-F-100356,911897964,0,0.0,273.26327200218157,0.08280141924341286
Gad1-F-300761,296164879,0,0.0,243.23381413168735,0.17183382886318435
Trh-F-300090,5813004665,0,0.0,187.53898954739162,0.11613085375549244
Cha-F-400111,1480857786,0,0.0,134.5264166467957,0.29817594513713885
Cha-F-200326,766493391,0,0.0,161.58687182693666,0.22378817825023695
Gad1-F-500536,421054850,0,0.0,237.10753292475394,0.5270923196249762
VGlut-F-600398,612367371,0,0.0,423.1608785661629,0.03480428184539403
Gad1-F-600018,707858790,0,0.0,120.90713300228903,0.07873771052421502
fru-M-000301,5813033279,0,0.0,309.6939035867527,0.28405730207023944
fru-F-600270,1542024630,0,0.0,332.267478005418,0.07670659677627971
VGlut-F-700569,419884971,0,0.0,164.81999660682658,0.24171476786216517
Gad1-F-300030,1880887003,0,0.0,195.58865694951055,0.23458016148330552
VGlut-F-100350,1672643988,0,0.0,108.34416291617981,0.44575121285013475
Gad1-F-300628,418970095,0,0.0,159.29378894352178,0.16107555392283235
Gad1-F-800611,356878521,0,0.0,505.91613902801515,0.44445726818835535
Trh-F-300034,1199155111,0,0.0,291.5576788515412,0.33526001628068747
fru-F-000234,1410472719,0,0.0,152.46862068233463,0.08944303705894362
VGlut-F-500575,481731074,0,0.0,178.59109325211435,0.0644816390820547
fru-M-100186,1813403869,0,0.0,139.94436935359994,0.2481969769210219
Trh-M-300209,5812982247,0,0.0,269.1057955437853,0.42130310048346825
Cha-F-500036,1822978855,0,0.0,253.21729163117254,0.5105123703474116
npf-F-700000,703520999,0,0.0,102.24334519392302,0.3367352595002417
Cha-F-100009,1126305687,0,0.0,119.58082880059565,0.2637738993511755
Cha-F-700220,1500369943,0,0.0,86.07338738558754,0.07791076519134998
fru-F-400116,982343007,0,0.0,217.76605180027397,0.20961262055946545
fru-F-200159,1041347053,0,0.0,183.0285946218473,0.5314630009971969
Gad1-F-000661,880526177,0,0.0,264.37226148316995,0.1064091986547063
5HT1A-M-800009,1446061566,0,0.0,257.475905709895,0.20591973830438537
Gad1-F-200284,631064055,0,0.0,234.43155562488116,0.12120946435890369
Cha-F-500268,542679122,0,0.0,190.3170864720255,0.3566255192256381
Gad1-F-000440,1531935755,0,0.0,84.58212445003439,0.39875970058963023
fru-M-500373,5813129271,0,0.0,216.1161720375221,0.08431357528537432
Gad1-F-400405,1168664374,0,0.0,59.09411149526721,0.16888426477515506
Gad1-F-400469,1406911688,0,0.0,372.30527365173464,0.2176477174588674
Cha-F-000407,5812982505,0,0.0,201.6128418973567,0.07955750112307093
Gad1-F-500722,5813014907,0,0.0,57.982482773242126,0.05141589608646652
VGlut-F-300491,549567614,0,0.0,52.530396763948175,0.27463713241712134
Trh-F-500201,361108721,0,0.0,291.3787794750087,0.36022135198789135
Gad1-F-500141,643691163,0,0.0,169.30741518809884,0.4803654331084937
VGlut-F-800021,1321305370,0,0.0,296.2899387930753,0.40027493794550884
Gad1-F-700564,729621875,0,0.0,142.97491814570125,0.056817121290044986
Gad1-F-500555,1323015482,0,0.0,571.7605654979895,0.29175738275884183
Gad1-F-000464,945058110,0,0.0,185.59392159426795,0.42789446534558173
VGlut-F-400461,2132375072,0,0.0,215.44668454731075,0.10765380804442201
fru-F-500288,891629070,0,0.0,246.32691726559736,0.23302569295681722
Gad1-F-000358,885794269,0,0.0,111.17223869517063,0.2019858034937865
fru-M-500238,701577869,0,0.0,96.1203828858967,0.4258633865542456
Gad1-F-000379,639240544,0,0.0,141.8765109803028,0.22640640605562926
VGlut-F-200058,5813055298,0,0.0,161.47746308815846,0.2914361268646548
Cha-F-100168,1790079036,0,0.0,165.71944678571654,0.22357213314556168
Trh-F-500061,5813054304,0,0.0,136.4373330244251,0.1180323880247654
Gad1-F-500698,1504423575,0,0.0,43.16076880304853,0.2000620475489192
VGlut-F-300530,1411784734,0,0.0,154.18520505114668,0.12800767126847493
fru-F-100108,422876942,0,0.0,161.83464847571938,0.11368771481265263
Gad1-F-500022,1449942479,0,0.0,94.1316149069572,0.10171539704988707
fru-F-500486,734327429,0,0.0,341.13488681270405,0.2728748432931622
Gad1-F-900057,1669125322,0,0.0,170.85106516311996,0.09814153826999326
Cha-F-200082,914203527,0,0.0,179.37716068250543,0.23040470875846736
Gad1-F-400466,827794325,0,0.0,405.7520122669458,0.2455146362092749
VGlut-F-500771,698569832,0,0.0,419.7808310058347,0.37569643014421994
VGlut-F-300352,725701350,0,0.0,330.4087179464,0.3193691087272906
VGlut-F-400140,298262663,0,0.0,375.72362315736063,0.16132274917831657
VGlut-F-400511,2197500539,0,0.0,252.59744273121768,0.10868247802125565
VGlut-F-000232,5812982782,0,0.0,110.95846838175429,0.204153235014834
Gad1-F-600716,1572998452,0,0.0,211.94849712472922,0.3911880492069789
fru-F-400203,1950649874,0,0.0,211.77983040022036,0.23380604882544345
Trh-M-300023,297502392,0,0.0,239.27397901267935,0.13433733946832482
fru-M-800047,858906840,0,0.0,155.1242413346077,0.3239271750414827
VGlut-F-700228,1984007381,0,0.0,262.2448815734591,0.052505222432617835
VGlut-F-200081,1313115622,0,0.0,300.3954625875463,0.05779163022978995
Gad1-F-400333,1319919814,0,0.0,406.81791231955407,0.6346113498483714
fru-M-600196,515813661,0,0.0,129.6221657789534,0.08360721287022654
Cha-F-500308,1703683340,0,0.0,319.7202694892091,0.10093810309117054
Gad1-F-400130,1345855299,0,0.0,120.88613635096354,0.3272884053889581
VGlut-F-400379,1034249944,0,0.0,204.93345878134102,0.09133797757420217
Tdc2-F-100015,5813058333,0,0.0,76.93379358437636,0.3195150028671992
Cha-F-600196,1139153158,0,0.0,459.2393479579962,0.017531818455152937
Gad1-F-400702,883798219,0,0.0,65.68816366979704,0.10647269510072364
Gad1-F-600122,5812988178,0,0.0,186.14950045375184,0.21085431584743827
Trh-M-500004,1143332046,0,0.0,221.11974856705052,0.14227587559885163
Gad1-F-100161,299626157,0,0.0,263.3183372701635,0.3756258012469858
Gad1-F-400797,5812993607,0,0.0,227.57647871387627,0.13147004908397183
fru-M-000008,1134175769,0,0.0,76.13039523893507,0.07692205837662545
TH-M-200061,1009371416,0,0.0,69.88703019121944,0.17475816987754272
Gad1-F-100090,5813042616,0,0.0,113.38921046778835,0.12242225054098502
fru-F-400464,450004338,0,0.0,43.749611289753084,0.40837538654369243
Gad1-F-200261,1537686032,0,0.0,238.87602492919035,0.4491695488395514
Gad1-F-500386,698979607,0,0.0,336.47681880716834,0.08395771715395678
fru-F-500367,605740410,0,0.0,270.0562302657269,0.34171149551196217
Gad1-F-000203,5812987694,0,0.0,129.3058763285177,0.1648898055753109
Gad1-F-400583,1037293275,0,0.0,332.13315204854456,0.060870211173721364
Cha-F-400277,1637983203,0,0.0,171.94749644769777,0.023450068825817558
Gad1-F-500389,484829654,0,0.0,321.89410876543786,0.029419500825230312
Trh-F-100054,1682707330,0,0.0,510.86693838448946,0.058472548617958406
Gad1-F-100867,5813011868,0,0.0,402.9851332328461,0.4792315028773308
VT449-F-3000000,1921946032,0,0.0,33.581440699292514,0.11580977543905067
5-HT1B-M-400000,1476824820,0,0.0,127.70789616579442,0.39689733174641323
5HT1A-M-100015,5813077469,0,0.0,252.3922949529661,0.4016330862413089
Gad1-F-500153,5813023106,0,0.0,348.21340094071974,0.37095606832116373
Gad1-F-200693,1347979604,0,0.0,171.35094335839932,0.10352331483088682
Gad1-F-900174,1943147567,0,0.0,98.90218233818814,0.04706793678553979
Gad1-F-600003,295814895,0,0.0,241.68106410022335,0.21275228294658133
VGlut-F-200450,725368734,0,0.0,38.60302737537239,0.04661248035470835
Gad1-F-500487,5813061591,0,0.0,124.40162867523054,0.052885977656457396
VGlut-F-300640,640691030,0,0.0,156.28197885214058,0.21234948200343426
VGlut-F-100010,1965927721,0,0.0,506.1557648337288,0.09287942205832192
VGlut-F-500366,5812982087,0,0.0,292.2988428574181,0.43210712000735985
Tdc2-F-000013,5812983952,0,0.0,204.94416705192134,0.13908090268280893
fru-M-100382,5812999264,0,0.0,343.0721605910377,0.1749596351570968
fru-M-000136,477909698,0,0.0,36.52172679148119,0.1305047418745243
fru-M-400392,862705904,0,0.0,141.10942584984102,0.1062967312104783
VGlut-F-400792,5813082781,0,0.0,394.7305060681888,0.3744579878078964
Gad1-F-400075,1378212488,0,0.0,348.4958500291581,0.03558849158298706
npf-M-400016,850703925,0,0.0,90.88198227004555,0.09106617860341329
Gad1-F-500499,638148213,0,0.0,218.6517302087562,0.19491236495085684
fru-M-200446,1671275020,0,0.0,219.03068908720505,0.05955062890726749
TH-M-200013,357832762,0,0.0,215.13419527665488,0.2246345196378284
VGlut-F-100025,1192723421,0,0.0,105.15184866819646,0.05848045712771123
fru-M-200345,1721309490,0,0.0,69.7648898557326,0.27707614864776375
fru-F-000219,327220514,0,0.0,340.9680896876023,0.14096540494255713
VGlut-F-200331,609867847,0,0.0,130.08283115755378,0.11700056663236634
Cha-F-500302,1415877516,0,0.0,370.60211234782486,0.12237682687562867
Cha-F-400236,1039408871,0,0.0,106.99526327140221,0.047456850242740094
Cha-F-500063,1747284927,0,0.0,432.42234958575733,0.17406252051168264
VGlut-F-200335,5813083541,0,0.0,369.5978894750489,0.4342418062378423
Gad1-F-900012,1100404634,0,0.0,467.5144753370771,0.35258918939087674
fru-M-200184,482071463,0,0.0,500.4138152400049,0.07843035615912136
VGlut-F-200039,5813091091,0,0.0,481.52421953372266,0.05745845787427353
TH-M-300064,1222701034,0,0.0,148.046590510919,0.41632099317867566
VGlut-F-600186,1471610338,0,0.0,246.77446529666207,0.17073266186871625
fru-M-500137,2065533871,0,0.0,204.95336729784972,0.4352297615724607
Cha-F-500071,266873401,0,0.0,138.56001206991806,0.07353235581222131
Cha-F-700130,675809900,0,0.0,108.77294599574788,0.2087282643884877
Trh-F-300067,391599963,0,0.0,190.02100039120944,0.006423688027918931
fru-M-400303,1883133491,0,0.0,143.6276191824827,0.07451739224972156
TH-F-300065,5901194250,0,0.0,102.43556021382484,0.10040707312553603
Gad1-F-800477,1814781356,0,0.0,431.8995669259565,0.16733850174896908
Trh-F-100100,1747280642,0,0.0,191.95140149386364,0.4714619739655168
VGlut-F-300537,2045127426,0,0.0,302.1708629834889,0.10612738362491488
fru-M-900027,1251269930,0,0.0,173.05032941314903,0.0652825599302355
fru-M-200155,1253700547,0,0.0,295.22941827770563,0.21860869479508074
Cha-F-200450,418969927,0,0.0,194.3482375562947,0.46363448318110895
fru-M-000052,1437306571,0,0.0,353.85413682853334,0.3139150126220463
fru-F-500164,1764764305,0,0.0,105.84167554166378,0.17597402234451562
Gad1-F-300103,5813033033,0,0.0,138.4917049260006,0.282541543574477
fru-M-100290,676479217,0,0.0,328.6621830035348,0.23529205614421098
Gad1-F-000059,1849683877,0,0.0,90.57062622501445,0.08518470323376405
Gad1-F-000326,737832306,0,0.0,144.03750906112177,0.16695103308728218
Cha-F-100351,1597683387,0,0.0,296.0930815374006,0.3524681307354848
Gad1-F-900100,451995306,0,0.0,183.61900575734987,0.11781797535604752
Gad1-F-400255,1622229929,0,0.0,204.56425418303095,0.03384317361442921
Gad1-F-500774,5812980147,0,0.0,402.2080884406996,0.11337419977635277
Trh-M-200058,5812987894,0,0.0,257.11489546864215,0.20634612507287098
Trh-F-200132,829598814,0,0.0,69.45170439781043,0.07208345036859574
VGlut-F-500556,5812981373,0,0.0,21.936799184057655,0.11514320039266329
VGlut-F-600040,1199496144,0,0.0,153.14799107531238,0.08511445671972549
Gad1-F-700534,5813052205,0,0.0,48.709615587777705,0.03261610205312712
fru-M-800128,578397434,0,0.0,102.99282973042321,0.08768242688084335
TH-F-100060,2068863008,0,0.0,335.2209948965962,0.30434647956721617
fru-M-400135,5812999645,0,0.0,127.00982307615536,0.06328861022583146
Cha-F-000122,332685751,0,0.0,404.45727217419216,0.21177451726916172
Cha-F-300102,5813021313,0,0.0,335.5656135926333,0.13989637276749464
Gad1-F-700540,1101094884,0,0.0,341.34368239134625,0.47761148082964544
Gad1-F-300460,5812991689,0,0.0,123.01758142116277,0.05641880774722647
Gad1-F-900178,881458145,0,0.0,87.89077830706462,0.10733396688487723
Trh-F-500145,696617663,0,0.0,271.5342387997048,0.31426803506656825
5HT1A-F-200016,1778315797,0,0.0,118.98147317339178,0.3107648224867074
VGlut-F-200059,1845449270,0,0.0,175.21834307436146,0.27319563296812077
Cha-F-500148,5813000199,0,0.0,218.12760334546005,0.029931070079282727
Trh-F-000004,1508274264,0,0.0,189.78728767776653,0.346979976488597
fru-F-300044,5813090755,0,0.0,104.39162439816828,0.07103194572192398
Gad1-F-300611,1075499064,0,0.0,246.58569824031505,0.0633258017543645
VGlut-F-000369,1480891757,0,0.0,102.68227213629365,0.28370949569853265
VGlut-F-200168,1685594997,0,0.0,164.45875104881097,0.5035508308475
Trh-M-300122,5813021471,0,0.0,44.43030842910568,0.2473941803817537
fru-F-600014,1720070867,0,0.0,199.15242574912307,0.4524357794725151
Gad1-F-100483,1226202007,0,0.0,423.8023030327503,0.13220971911157448
Trh-F-700006,1105169664,0,0.0,207.0559553641182,0.42564495902213123
VGlut-F-400799,569395077,0,0.0,372.213070217241,0.08005636965356924
Trh-F-900030,1285452014,0,0.0,138.4557484617395,0.34852868961326955
fru-M-200268,455746581,0,0.0,221.60184280525561,0.3828291424078062
VGlut-F-500831,1407269350,0,0.0,246.03370906783584,0.2565909167159795
Gad1-F-600536,612336669,0,0.0,401.3177370057807,0.2799355343678124
Gad1-F-800644,360319284,0,0.0,418.0570412253509,0.19364557035738272
Gad1-F-100827,1700604830,0,0.0,416.81377185171107,0.021009561531820754
VGlut-F-000004,420956527,0,0.0,383.9391522906758,0.194124002602508
npf-M-300028,5813054643,0,0.0,81.11492114623195,0.04172805400677529
Gad1-F-000581,787374226,0,0.0,383.27207334781747,0.09196234081871217
Cha-F-000207,851314221,0,0.0,263.81782401124525,0.36039646656769697
Gad1-F-400601,1322129437,0,0.0,237.73435014722259,0.46324027025261666
Gad1-F-300512,1637409104,0,0.0,221.9098960683284,0.31580294596081526
Gad1-F-100121,1996625849,0,0.0,119.23481838253842,0.1964065960240826
Gad1-F-500689,1250091489,0,0.0,188.49633034988253,0.09139139099030354
VGlut-F-700253,1448479508,0,0.0,99.59199050813959,0.010134340440708193
Gad1-F-700579,1540552942,0,0.0,107.44375048703938,0.19579556383194585
fru-M-200317,2044786163,0,0.0,349.5834445424786,0.4833492743618915
Gad1-F-700271,5813008796,0,0.0,170.83051535829338,0.04704488918630241
Trh-M-200142,1477800608,0,0.0,269.67229052403314,0.1279725711276374
VGlut-F-500226,733316908,0,0.0,146.6069312115901,0.06705636394775838
VGlut-F-000584,2130242042,0,0.0,302.0211542324155,0.13956080082714872
Gad1-F-700009,326521082,0,0.0,102.3086014545486,0.12322222512561663
TH-F-200099,1080196056,0,0.0,228.37138086820846,0.08498972753014183
Trh-F-700034,2155915091,0,0.0,200.62572817631744,0.13588960821857446
Gad1-F-400386,912045124,0,0.0,147.22999451218698,0.10849835588266982
5-HT1B-M-300000,1824015402,0,0.0,120.24914741761307,0.20248613354287584
fru-M-400155,1815579306,0,0.0,145.93480968974998,0.16377210657125282
VGlut-F-700501,5812980638,0,0.0,231.24321684740497,0.03343111989696892
Trh-M-200009,295115794,0,0.0,153.3574287371529,0.1357568868723819
VGlut-F-500742,1127476096,0,0.0,107.92808152388234,0.4090930444826513
fru-F-300062,1921933123,0,0.0,238.07573444495287,0.31221294845241143
Trh-F-600027,879450931,0,0.0,215.32772754459603,0.5331145128608721
fru-M-200332,792541534,0,0.0,131.8444713008519,0.22784444611935203
fru-M-400279,846620287,0,0.0,20.148575195533358,0.18861000498180652
Gad1-F-700107,1881751117,0,0.0,95.87717735489821,0.08354634566856343
Gad1-F-600420,644148539,0,0.0,299.08394723094307,0.2963213338622894
Gad1-F-400265,516055524,0,0.0,170.98429620549334,0.41711289991390926
VGlut-F-000304,1171915022,0,0.0,337.37975095290125,0.46538935405977133
Kra-M-200001,5813132553,0,0.0,123.90168023105595,0.3422008448258539
Gad1-F-500216,1942806972,0,0.0,68.0661197897203,0.01485800792269325
fru-M-200106,1189606166,0,0.0,272.9397302309901,0.2289402976252912
VGlut-F-500497,1629880348,0,0.0,358.2784786202051,0.06071541078954536
Cha-F-600052,610920670,0,0.0,287.4018895400718,0.35448223292632464
Cha-F-500080,1763836115,0,0.0,220.13306097179097,0.42814591386839757
Gad1-F-200110,329566174,0,0.0,134.27459957739012,0.06302924342248374
Cha-F-500221,451982486,0,0.0,406.2389143341732,0.08801949533555828
fru-M-100356,5813012889,0,0.0,311.1059607713868,0.3105324389966126
VGlut-F-800110,297869179,0,0.0,312.5479422883916,0.20290663218209345
VGlut-F-500341,2036178921,0,0.0,155.85046648557847,0.28443664853116307
VGlut-F-500443,2101015643,0,0.0,371.61877299483945,0.11269042562162933
Cha-F-400287,5813041581,0,0.0,352.78311455738196,0.23458922918307124
Gad1-F-000800,892997744,0,0.0,460.743510354748,0.1534222249787156
Cha-F-200193,1105886434,0,0.0,225.26961667326398,0.38139705794807477
VGlut-F-400370,1073703524,0,0.0,260.0101230524367,0.22487827410639313
Gad1-F-200462,1781372103,0,0.0,178.57333275344627,0.07095067507574669
VGlut-F-700360,1230738237,0,0.0,243.6553217444084,0.08693936651708155
fru-M-300170,1948457676,0,0.0,520.9359126664987,0.016606884761062878
Gad1-F-700347,1284675398,0,0.0,61.43326420539369,0.0624864919473177
fru-M-500326,5812980825,0,0.0,135.0880646520454,0.2241189712639158
104198-F-100022,816254592,0,0.0,225.12487655745338,0.3114215981640064
fru-F-000053,5813057548,0,0.0,300.9777972733056,0.11252297317537398
TH-F-200037,450026507,0,0.0,47.21236970734062,0.26025844117352215
Cha-F-800123,1628274418,0,0.0,294.1059950374122,0.3698180710607052
Gad1-F-900411,1346900360,0,0.0,131.2880449221044,0.120302598571524
fru-M-600035,1256826061,0,0.0,131.06691874372754,0.608052565039122
npf-M-200026,1504052107,0,0.0,170.6037859903278,0.19153272782688407
Cha-F-100128,5813011074,0,0.0,403.93976634987445,0.20583129424903815
Gad1-F-600512,2046090071,0,0.0,290.844248924328,0.0440549812281608
fru-M-000226,2228263505,0,0.0,209.6650093422991,0.33128469814473177
Trh-M-400138,1795734015,0,0.0,207.30154164008377,0.43825689939941065
Gad1-F-800170,1851389175,0,0.0,104.32894343227807,0.06706799023333555
VGlut-F-400842,643794320,0,0.0,362.0547761120032,0.4751131138280672
VGlut-F-500000,1170870156,0,0.0,89.94534530366407,0.43071046606907076
Gad1-F-200580,1636225622,0,0.0,301.4369682759802,0.03243021488353466
fru-F-500140,704548608,0,0.0,277.7877360811941,0.12953897743875814
VGlut-F-000019,1852754119,0,0.0,148.99499939323093,0.20354433371879554
fru-F-100140,5813025556,0,0.0,127.15177936749069,0.07914591656701055
Gad1-F-000296,877659583,0,0.0,112.08799996636546,0.07142553716858663
Trh-M-000156,1538156282,0,0.0,177.2377898472227,0.10488846402308677
5HT1A-F-500007,415852518,0,0.0,220.46408745125154,0.18145442500620762
Cha-F-200027,5813021292,0,0.0,465.56486643188094,0.2092625217907296
Gad1-F-200394,5901199598,0,0.0,231.48954637950234,0.40039970688020377
Trh-F-200058,453717632,0,0.0,236.5157836061763,0.33016792597043787
Trh-M-600007,1636221240,0,0.0,355.7468896933709,0.05377399641128463
VGlut-F-400907,509928512,0,0.0,209.7250719164577,0.1294291019825966
fru-M-600181,5813055798,0,0.0,220.75850709063386,0.15238637255352167
TH-F-100056,1405107113,0,0.0,339.68871698673854,0.09109963851150941
Cha-F-100394,915105102,0,0.0,143.6653487926449,0.03469154942584359
VGlut-F-400049,1355383564,0,0.0,128.66270993827524,0.07424063009319647
npf-M-100006,1541213697,0,0.0,324.6916269788001,0.21350862172042562
Cha-F-400271,885940095,0,0.0,257.98731148667736,0.07744037904866735
Gad1-F-300136,1921592406,0,0.0,209.8902104789082,0.03661856724602628
Gad1-F-400036,2168869893,0,0.0,321.79227905758586,0.46684672807500593
VGlut-F-600129,1203066401,0,0.0,499.9030109865819,0.2585998443026939
VGlut-F-300214,1752988351,0,0.0,55.98302762056283,0.004386588189545815
Gad1-F-900539,1133825915,0,0.0,334.29166612562295,0.3153520305380838
VGlut-F-300342,1668270697,0,0.0,62.71591256848681,0.5046228175503986
VGlut-F-100187,424706955,0,0.0,337.89564945434086,0.15363108320318453
Gad1-F-200132,394755645,0,0.0,502.01719450053014,0.16911469185033148
fru-M-000014,1100796921,0,0.0,117.84175122376801,0.21968349227525652
Trh-M-900010,1007606593,0,0.0,66.76061326199387,0.4434856629029548
VGlut-F-200395,329216050,0,0.0,236.4864587582566,0.29984115901164365
Cha-F-100405,1009130464,0,0.0,166.6452907088631,0.03494282983419903
Cha-F-000413,2013751718,0,0.0,242.6074050741319,0.09695678676086154
VGlut-F-600718,973894912,0,0.0,130.29612184120526,0.04334210345607002
TH-F-300034,299604675,0,0.0,323.522822353486,0.2529534714400512
Trh-M-600090,1346287738,0,0.0,216.4626254410425,0.3192258920780184
Gad1-F-200575,5813077121,0,0.0,288.93665109457055,0.06670487388769256
fru-M-400280,544831533,0,0.0,190.67046145481808,0.004756570539117232
fru-F-500211,880383629,0,0.0,204.40892580578364,0.228545274884602
VGlut-F-300635,943921248,0,0.0,120.47065727154275,0.03675238814578736
VGlut-F-700302,1856103073,0,0.0,241.31890055101627,0.32073218020994254
Trh-F-100021,1098737385,0,0.0,106.95978312678297,0.23551162910618367
Cha-F-100461,5813039471,0,0.0,196.97915148217226,0.022631439033206177
Trh-F-400069,5813078708,0,0.0,124.63750520072806,0.1271678817755829
VGlut-F-400448,1065751187,0,0.0,153.64833500593585,0.028055694323218378
Cha-F-100313,640539567,0,0.0,129.75082177241768,0.14497020893513185
Trh-F-100048,512416525,0,0.0,174.73932788327787,0.2491701294608924
VGlut-F-600601,359568205,0,0.0,206.62235960282402,0.11780592252493485
Gad1-F-700270,1671625238,0,0.0,103.48775667743071,0.41386141418782724
VGlut-F-700558,1814751048,0,0.0,301.8137589064745,0.07629181788359544
Trh-M-500200,1077424267,0,0.0,204.25405431419446,0.04540200150951802
Gad1-F-900120,729535748,0,0.0,201.49586604241279,0.4931688902051118
VGlut-F-400198,295820085,0,0.0,77.14577428893983,0.2425991127892346
fru-M-900068,730169579,0,0.0,353.7485440474885,0.11426899645796282
VGlut-F-500600,1140738351,0,0.0,131.23786541935795,0.13112199853519727
VGlut-F-400360,515450389,0,0.0,324.7831181634391,0.04026767601920454
Trh-M-000095,818796911,0,0.0,325.9864925081661,0.052933654812766025
fru-M-700291,1173011450,0,0.0,116.87743436316775,0.3333105213401489
VGlut-F-900055,1779001685,0,0.0,413.80773534896906,0.21878112400636152
Trh-M-000067,1785486078,0,0.0,166.17382110825503,0.1063516153811109
TH-M-000031,1322474586,0,0.0,157.5730181639647,0.16109977883875296
Trh-M-000161,800264315,0,0.0,133.62725424384243,0.2798534367921688
Gad1-F-600072,1254947903,0,0.0,297.10921735330294,0.03922562055677805
fru-M-600171,1449955631,0,0.0,183.1632489064341,0.5343149905210638
VGlut-F-100315,1198477590,0,0.0,606.7436736479951,0.1343062024948872
Cha-F-800136,5813108084,0,0.0,55.83727226285143,0.06454291497711917
Gad1-F-400658,798192162,0,0.0,365.14766172493063,0.11757446373972644
VGlut-F-100304,5813002810,0,0.0,334.786344755885,0.13033797575912295
Gad1-F-200697,5812981986,0,0.0,322.15840069701534,0.048994920328739366
Gad1-F-400314,757215581,0,0.0,149.2605757639356,0.15027588877450607
Trh-M-900043,510623727,0,0.0,507.37015577702414,0.11784728245812524
Gad1-F-600409,760264077,0,0.0,138.0487618826151,0.10590397048934863
fru-M-400125,1750721034,0,0.0,193.98317552426622,0.3598186161013079
Gad1-F-600167,821038170,0,0.0,375.7493638073008,0.2124772803325378
Cha-F-700140,543445683,0,0.0,191.2854034673249,0.1711012014225121
Gad1-F-700088,1858171399,0,0.0,198.616311498339,0.04205224444032996
Trh-M-300067,1605190359,0,0.0,62.940544311460606,0.09338597533128538
fru-F-000035,298931773,0,0.0,251.0584944206821,0.23846131140049487
Cha-F-500076,5812981735,0,0.0,213.32116449708522,0.024928591444545397
fru-M-500018,817678848,0,0.0,288.17642526930354,0.15703062355509587
Gad1-F-100094,5813043629,0,0.0,130.51436247304764,0.21650087091006084
Trh-M-700086,1009043211,0,0.0,55.034248197155904,0.22520205896925855
Cha-F-200274,1037518512,0,0.0,438.8232189546768,0.47083146617531035
Cha-F-100133,1325138116,0,0.0,272.77985283841883,0.12986870270807702
Gad1-F-100870,298258354,0,0.0,328.9654789130667,0.2000467315642572
Trh-F-200159,1193029926,0,0.0,294.4460442589271,0.23245090118052245
Gad1-F-100492,5812988128,0,0.0,110.0916766488637,0.09404158342557671
VGlut-F-400858,1411737459,0,0.0,304.35095057830335,0.124883062785244
Gad1-F-400417,5813066520,0,0.0,82.02617217963912,0.08114896963515604
VGlut-F-400241,5813108066,0,0.0,246.2903586489373,0.13672256600892674
Gad1-F-000030,297584752,0,0.0,347.26081891791176,0.5361156530447995
Gad1-F-200094,359913281,0,0.0,254.74719150443002,0.12881164249973504
Cha-F-900067,1136252170,0,0.0,112.06927334577661,0.11426686176322948
Gad1-F-500309,5813054931,0,0.0,122.9071044522463,0.36813091292616446
Trh-M-500136,1728311658,0,0.0,89.29229359167695,0.17394226231628432
VGlut-F-000468,1757477299,0,0.0,163.22160400846147,0.21957741149252116
VGlut-F-000644,5813062781,0,0.0,228.15367033743217,0.1502620793815441
VGlut-F-200091,848662421,0,0.0,182.41057633864276,0.3353102286230657
fru-F-000150,640691209,0,0.0,142.00507328021038,0.11899766148764625
Trh-M-500102,1731303224,0,0.0,105.13199460366499,0.6181355216009874
fru-F-100116,5812991538,0,0.0,256.6482081826096,0.13594887420519552
Cha-F-400093,890204660,0,0.0,59.88512502201333,0.1213437599988694
fru-M-700023,1762704980,0,0.0,192.67632038779942,0.36234200614433876
Gad1-F-900443,454019960,0,0.0,166.41905766410162,0.3032795347146936
VGlut-F-500520,328533896,0,0.0,210.96767231626083,0.2939802418077807
Cha-F-000499,1754715852,0,0.0,220.5034172974193,0.03759914113999333
Gad1-F-900376,455828904,0,0.0,547.5300285702774,0.09538163158233633
5HT1A-M-200000,1933904658,0,0.0,143.71726225695372,0.22427174797663538
Gad1-F-100804,1224590555,0,0.0,330.8204446422321,0.17364542314880899
Gad1-F-900202,392057736,0,0.0,92.97780394481914,0.08312186931053453
Cha-F-200157,1504423636,0,0.0,61.98685120026541,0.09760013995805242
Gad1-F-400904,1138587910,0,0.0,324.39357164801095,0.3860964795919312
Gad1-F-600399,759586495,0,0.0,459.41983119480807,0.23691166517055962
Gad1-F-600193,1188043606,0,0.0,54.01152300922793,0.08099419791066292
VGlut-F-600481,5813057556,0,0.0,194.5556952753697,0.08597488066796197
fru-M-800015,1810339448,0,0.0,493.2738305516652,0.03155075198735349
fru-M-800152,2532041662,0,0.0,262.16452930233135,0.18366348383239975
Trh-F-100023,1407398468,0,0.0,114.85785272588059,0.13671726702128792
Tdc2-F-000008,5813024368,0,0.0,221.27947378636404,0.15902034902568746
fru-F-500034,5813014526,0,0.0,221.79461121597384,0.21882126344102834
VGlut-F-700568,484554412,0,0.0,286.9410063528863,0.313315756196253
E0585-F-100022,976515311,0,0.0,228.52053034795887,0.24814541955427064
Gad1-F-500508,1950304683,0,0.0,290.92353345476664,0.20707119741514368
Gad1-F-300392,1100792636,0,0.0,138.6902467232301,0.1862569226704429
Trh-M-000179,675127699,0,0.0,426.4181664428717,0.22922580770770962
Trh-M-600103,2197158842,0,0.0,160.83184658382504,0.33720574172181034
Cha-F-600022,1253511078,0,0.0,45.0660273367925,0.3230028452043567
E0585-F-500003,1324028712,0,0.0,492.715087162415,0.22344425844436228
Gad1-F-300207,862270029,0,0.0,143.66746248014047,0.1815261725351023
Gad1-F-500126,1138798959,0,0.0,262.93003697804335,0.09356183939138141
VGlut-F-000448,860896673,0,0.0,325.2537523490071,0.25181637422168546
Cha-F-600051,5812982390,0,0.0,301.4891331610208,0.06267693871463469
VGlut-F-400232,726207450,0,0.0,132.57728328346573,0.046240884100265396
fru-M-200455,891927728,0,0.0,294.7790085471072,0.03188378350667615
Gad1-F-100229,5812997195,0,0.0,365.05826064216114,0.3650874277529092
Trh-M-500033,1515064407,0,0.0,369.1398075543134,0.18922670969746
Gad1-F-100533,5812979119,0,0.0,209.62474046845156,0.15143155725192803
Gad1-F-900209,604864322,0,0.0,207.09430248026385,0.35233179553738564
Cha-F-700278,297519947,0,0.0,92.83729390666015,0.17359699252678548
Gad1-F-900291,924689450,0,0.0,167.7050733776939,0.24777942651380266
fru-M-200350,1169178299,0,0.0,302.5126174103205,0.1842460997587979
npf-F-300033,1009768220,0,0.0,174.7416285903486,0.3929567094256192
Cha-F-800088,1379023266,0,0.0,172.09694048523974,0.07390276424041377
VGlut-F-100309,1591427698,0,0.0,192.397739277812,0.2770817904085569
TH-M-300001,912243353,0,0.0,195.3358460779536,0.07029830683296591
Gad1-F-000174,1537703103,0,0.0,25.67753697875286,0.11136723372182872
Trh-M-000175,1007895015,0,0.0,139.37532288316518,0.2867266272401076
VGlut-F-300378,5813062858,0,0.0,119.68852333718262,0.23499478877481042
Gad1-F-500297,1410451120,0,0.0,203.39102621116228,0.6089956301796818
TH-F-100112,1639381243,0,0.0,158.61008068267336,0.4354400481178023
Gad1-F-400488,917311482,0,0.0,179.21812500959712,0.28738029038192686
Gad1-F-400889,2008926220,0,0.0,155.14731264248778,0.05639587744526401
Gad1-F-600435,1440462757,0,0.0,277.2993994377154,0.12520584038221175
fru-F-900011,1789363477,0,0.0,152.99090965234902,0.18695109216119646
Gad1-F-200554,1700298673,0,0.0,311.1855395616974,0.16000646384573677
fru-F-400306,1852084817,0,0.0,244.29884272044077,0.07500638969114166
Gad1-F-700472,264783939,0,0.0,429.81757956347184,0.20445059749101857
fru-M-500293,1259852010,0,0.0,310.25379497739516,0.28813117280718137
Gad1-F-000465,519940322,0,0.0,136.81819748490926,0.03071429090973607
Gad1-F-400676,1719595635,0,0.0,59.795819323028404,0.018027993395745512
Cha-F-300312,5812999333,0,0.0,330.08225998454776,0.2947895538607179
VGlut-F-600415,1717894837,0,0.0,169.6271408863727,0.15751250486026488
VGlut-F-600632,1189697512,0,0.0,480.23823555357774,0.4721458058086572
VGlut-F-000030,1474757586,0,0.0,62.043289771637255,0.339300581899515
5HT1A-M-200016,1630230506,0,0.0,274.06105282851934,0.16258530718240505
fru-M-600034,1446230331,0,0.0,208.8936307894795,0.1400589465497822
VGlut-F-500469,1168340507,0,0.0,73.98874454751797,0.10235109725459397
VGlut-F-300607,1139494179,0,0.0,136.57898700296107,0.5378715182056804
fru-M-400198,884123011,0,0.0,174.0490210174582,0.011390470170727522
Gad1-F-800367,5813069140,0,0.0,209.67557721830613,0.07866330523878412
GH298-M-300019,573090850,0,0.0,113.24265648625746,0.387138154013881
Trh-F-600067,1046385221,0,0.0,52.08722806655696,0.6177277809373267
VGlut-F-400265,2001392088,0,0.0,39.238750181223644,0.16212776240765078
Cha-F-000487,1348097155,0,0.0,108.55665421495736,0.13775118753084906
TH-F-200047,5812979052,0,0.0,285.85703691873243,0.5765509761885935
Cha-F-000072,1474088775,0,0.0,78.2693825772345,0.12403220746264974
VGlut-F-400305,785525736,0,0.0,275.48057539800595,0.38959073149565576
Trh-M-500070,1438299718,0,0.0,181.304784878216,0.23765215397551664
Cha-F-300231,5813062122,0,0.0,135.91206745038718,0.06727388446808015
Trh-M-500014,1566178485,0,0.0,252.3344555330231,0.14160755649373324
Gad1-F-500802,947574106,0,0.0,288.1212893525426,0.14470864209453824
Cha-F-100436,1950641562,0,0.0,285.1911837162778,0.46400663995872715
Gad1-F-400320,358593042,0,0.0,294.2433901951802,0.10163727304633903
Cha-F-600000,1722333142,0,0.0,200.19090076255654,0.22559353449433117
fru-M-400223,1753359328,0,0.0,126.5624901050047,0.4251608252252572
VGlut-F-900040,727968539,0,0.0,355.65212804704925,0.10099803785785283
Trh-M-000148,1312015204,0,0.0,364.2480737848019,0.10092486212114238
Trh-M-700075,5813009346,0,0.0,276.8946891430397,0.1492643592200713
fru-M-200077,1510285409,0,0.0,69.64370899316755,0.07679574923228788
TH-M-300035,5812983561,0,0.0,97.74357934877742,0.08052648996191189
fru-M-500171,518864924,0,0.0,211.50117572055578,0.11734671679658268
fru-M-200452,5813039328,0,0.0,231.08995212347384,0.3340723103707075
5-HT1B-F-000005,5813034336,0,0.0,48.37716615424642,0.26040731893798735
VT449-M-200000,860983686,0,0.0,163.1872558368423,0.3548230129089222
Trh-F-500036,2317871147,0,0.0,106.89318266001688,0.26933737512839095
fru-M-700138,295474876,0,0.0,99.82551467394231,0.13243113294010675
fru-M-200330,1787576370,0,0.0,145.14157369697713,0.24779376313389725
E0585-F-500008,424733177,0,0.0,67.00806205748327,0.12871397409849575
fru-F-400433,2073343163,0,0.0,166.50890953042662,0.0303578381126261
Gad1-F-100830,5813055817,0,0.0,350.3077400765,0.5350418652818402
Cha-F-300291,1385291703,0,0.0,318.66194491180295,0.2660917570935592
Gad1-F-600342,330640381,0,0.0,262.62846692527546,0.044330605405833515
Gad1-F-400615,1230220003,0,0.0,241.35629151768524,0.21911269311878787
Gad1-F-500822,5813002313,0,0.0,231.68515596820987,0.3024413481280079
Cha-F-200099,1198326456,0,0.0,189.6247903830843,0.13370112151933475
VGlut-F-200500,2122060818,0,0.0,252.96129919917018,0.3624434232502002
VGlut-F-300323,5813022341,0,0.0,226.61107858809945,0.2481955574178419
VGlut-F-500543,911897818,0,0.0,156.5650626383088,0.07117468834449488
VGlut-F-300523,1281191190,0,0.0,91.36794660236724,0.20441359975006182
Gad1-F-600515,5812997905,0,0.0,422.2553122834944,0.1326495241684597
Gad1-F-400596,5813088767,0,0.0,199.30367033297924,0.32177949328405225
fru-M-000072,947582284,0,0.0,97.46975213109023,0.28433393630519366
VGlut-F-200127,570336487,0,0.0,70.45682983590456,0.0482783389964844
fru-F-400151,1219756158,0,0.0,72.06585987475567,0.07823033066112166
TH-M-200067,1012475364,0,0.0,82.50753045666715,0.23738041047422162
Trh-M-600042,1322522242,0,0.0,73.48074281911394,0.03304056619835519
fru-M-000344,5813057615,0,0.0,96.20173163017091,0.16252077395203415
Cha-F-000121,1947921782,0,0.0,191.56813136500097,0.35814937270213004
Trh-M-300066,5812981127,0,0.0,80.8367853824102,0.03552680481374496
VT449-M-300002,5812992942,0,0.0,116.91011583800116,0.3426485266374873
fru-F-500492,915951605,0,0.0,162.68447271239924,0.31021063618457495
fru-F-600276,456808311,0,0.0,91.99494093296454,0.21914276135024818
VGlut-F-100087,762226975,0,0.0,286.1198361620528,0.09710823705830489
fru-F-500106,893338771,0,0.0,199.51697329263413,0.1230742866627818
Trh-F-600032,2041281083,0,0.0,138.88499108283602,0.16157026396644183
Cha-F-500216,5813068559,0,0.0,99.20877814422012,0.16537190444507832
Cha-F-700271,5812998048,0,0.0,119.40005699612878,0.13467928708340332
Gad1-F-000038,356818390,0,0.0,173.26869513570492,0.4840856589392809
Gad1-F-200675,1562366881,0,0.0,473.9215435750491,0.11486374029953476
VGlut-F-300474,5813004141,0,0.0,412.38049334369475,0.16324922051469978
VGlut-F-500650,849421763,0,0.0,288.3715547732967,0.21700987454662374
VGlut-F-000133,2214504597,0,0.0,438.0063789024566,0.5416916728182447
Gad1-F-300378,5901195352,0,0.0,211.60672323896253,0.3326376035565426
Trh-M-300085,638204954,0,0.0,221.0289149536036,0.009497866098586208
Gad1-F-100127,1639709286,0,0.0,299.9643159765122,0.2257360723227419
fru-F-500546,1703363258,0,0.0,104.67177687775981,0.4582864617096438
VGlut-F-200188,1887168462,0,0.0,175.32922247645553,0.13871757307361063
Gad1-F-900387,5813075020,0,0.0,200.7046896955312,0.0589044568899688
Gad1-F-400916,418892691,0,0.0,522.1405787855064,0.2338860895090948
Gad1-F-300827,1700980727,0,0.0,384.34927104859565,0.1567670632743444
Gad1-F-300792,574040939,0,0.0,205.93783731535913,0.09755740396551786
Cha-F-200051,1849503142,0,0.0,268.8369843600611,0.3214550517675798
Gad1-F-500413,1446817665,0,0.0,358.9511383783986,0.08057674765474328
fru-M-500288,363725228,0,0.0,102.00081157612733,0.2514582640438389
Trh-F-700004,1407610974,0,0.0,269.54610687192553,0.14759668705873352
Gad1-F-800318,1258755799,0,0.0,219.64471477891863,0.16478268222736633
VGlut-F-600417,1222022960,0,0.0,44.62657153700088,0.31254464230862783
Gad1-F-000294,663834152,0,0.0,257.66912243801386,0.11112156246011944
fru-M-200188,5813068272,0,0.0,214.73079784194945,0.1655507220855396
fru-F-100033,5813004153,0,0.0,158.5690451595104,0.03990797200024611
fru-M-400378,357573154,0,0.0,296.445035678578,0.16241106792880408
Gad1-F-700232,1140509203,0,0.0,328.67324909034727,0.11277942909740808
fru-M-500010,1723506321,0,0.0,80.3223205138051,0.13016019042151486
Gad1-F-000254,356517307,0,0.0,87.59725232167808,0.1116209938882494
VT4419-F-300011,5901232053,0,0.0,182.6557601712902,0.31771848548510623
fru-F-100029,1171690479,0,0.0,353.83680159337825,0.14618300642458631
fru-M-200008,1282788953,0,0.0,197.81595789242215,0.031158180101834215
Gad1-F-300418,5812994930,0,0.0,162.8157327288579,0.21587827836298637
VGlut-F-600290,1543124957,0,0.0,149.94619195254666,0.07921577238695686
VGlut-F-400350,5813020271,0,0.0,193.65757777355594,0.09568597231838528
Gad1-F-900136,1200753147,0,0.0,244.31352856057674,0.13328940188805538
VGlut-F-500061,642046803,0,0.0,215.1156762306763,0.062050318537623855
VGlut-F-400703,1697613611,0,0.0,363.92215192064464,0.12942508625001262
Gad1-F-600056,1883469542,0,0.0,146.3314578306618,0.18079589341470598
VT4419-F-300002,487143497,0,0.0,218.23638793953154,0.3206740684593156
Gad1-F-100725,1476595663,0,0.0,283.40590639447834,0.233424363572825
VGlut-F-400204,1601957221,0,0.0,112.41504399998479,0.16685544445212694
Gad1-F-600012,2158246363,0,0.0,187.24182987198705,0.1234284674264904
Gad1-F-900368,329215996,0,0.0,214.14091584409735,0.3087915940539159
5HT1A-F-500005,449296405,0,0.0,47.8453826306868,0.21324457290805368
5HT1A-F-800009,1283371992,0,0.0,331.8394343248543,0.15278497268380803
104198-F-100017,911802614,0,0.0,141.1098079073395,0.37060031580682484
Cha-F-300133,1010718372,0,0.0,71.41195831689264,0.276004689999631
Gad1-F-100088,1702336197,0,0.0,138.7905916556643,0.08176633084369478
Gad1-F-900069,420973599,0,0.0,169.31019969839258,0.20704039995352938
VGlut-F-600224,5812995124,0,0.0,94.57606892675811,0.1881883042196612
Cha-F-500107,516504076,0,0.0,241.1026916000758,0.48510730051907075
VGlut-F-200453,5813023645,0,0.0,22.162608083529843,0.04559435719037093
Gad1-F-000002,1858517007,0,0.0,216.17552939094827,0.07539334457989698
Cha-F-300325,327596481,0,0.0,434.48685723511994,0.12354267144691068
Gad1-F-100311,1191665829,0,0.0,140.33899838020122,0.08487279897191367
VGlut-F-500056,1910328899,0,0.0,145.25538292581382,0.03749046173262888
Trh-F-000087,1171772286,0,0.0,430.60319303015615,0.16066757839577883
Cha-F-600268,664978073,0,0.0,263.91076455446677,0.4024596011960116
Gad1-F-200730,5813021016,0,0.0,407.47449027205624,0.10626740485193688
VGlut-F-600572,862697175,0,0.0,460.0065065620316,0.24034818508929862
Gad1-F-700251,1536783933,0,0.0,227.92122838813947,0.1450799667906256
VGlut-F-700296,610113424,0,0.0,366.0022501703073,0.11313671801795579
TH-M-300029,911915224,0,0.0,67.07224506272871,0.2464093700463021
Cha-F-100065,1167434000,0,0.0,220.40906899075785,0.11390736272709812
Trh-F-000033,614413183,0,0.0,195.885128548608,0.23007474042046777
fru-M-400133,730222949,0,0.0,226.70690960924995,0.1264265846978379
fru-M-500225,787205311,0,0.0,51.91179532520822,0.16412282550094223
Cha-F-200404,5813010405,0,0.0,360.47745690041256,0.19277826532270595
Gad1-F-400007,5813046199,0,0.0,139.01232025535884,0.22321045463961334
Trh-M-700070,1199496243,0,0.0,178.6338606844452,0.09845882134518805
Cha-F-500022,1008620177,0,0.0,109.17400934026041,0.40692846400638644
VGlut-F-000157,663298610,0,0.0,132.47907008672112,0.514296200151821
fru-M-200391,1499670019,0,0.0,229.8133147624694,0.15189436556386715
fru-M-500013,2227585815,0,0.0,181.47169380769753,0.18099567712901585
Trh-M-300052,5813013691,0,0.0,153.6506548872854,0.6233998899720998
Gad1-F-400107,1699633680,0,0.0,268.5559830875842,0.41701005467023333
Cha-F-500197,1915155414,0,0.0,204.04151226202472,0.28382548653948636
Gad1-F-500242,5813049298,0,0.0,166.73540191243077,0.23969935626649716
fru-F-200139,1196816048,0,0.0,256.6162328483546,0.16162907050201336
Gad1-F-100151,1291444314,0,0.0,103.27240167702095,0.2183392694529228
fru-F-100004,699161039,0,0.0,334.76320814245,0.17932357149549105
Gad1-F-400317,391034580,0,0.0,70.27855378233177,0.2716184025061436
fru-M-700260,1079625867,0,0.0,226.7328908068279,0.02740033141932238
Cha-F-300222,2103423940,0,0.0,377.1152612702763,0.06380657285946535
5HT1A-F-700020,1701614773,0,0.0,85.61488332783206,0.4641165080862335
VGlut-F-600034,764006565,0,0.0,139.53804309489374,0.30046398788309164
VGlut-F-300318,5813021315,0,0.0,431.4599242656303,0.22420675701990833
Gad1-F-200086,753489951,0,0.0,229.1858912371773,0.1595189615205444
fru-M-700215,5813088712,0,0.0,53.90223998585336,0.20890326293927694
Gad1-F-900231,1666936597,0,0.0,95.53364488010284,0.05432661998930007
Trh-F-100006,1749313891,0,0.0,468.0660026000775,0.25178139303048896
VGlut-F-600745,5813027968,0,0.0,71.1512378232984,0.41339080864064964
fru-M-000377,299617872,0,0.0,358.7677970377469,0.19032327174499514
Gad1-F-000303,5813075875,0,0.0,118.04591616163823,0.19042242567405285
Cha-F-200161,1374554946,0,0.0,346.1613186694563,0.04800013312899642
fru-F-200053,735371535,0,0.0,547.8421321986142,0.33781283575244625
Cha-F-400099,675489914,0,0.0,159.95064531289995,0.11360666123484385
Cha-F-500291,601047827,0,0.0,224.3365147787855,0.09171437150127079
Cha-F-700151,361040812,0,0.0,269.0539957190234,0.06338176962537435
Gad1-F-000211,1141337629,0,0.0,229.69924856505534,0.09278919869475011
VGlut-F-700023,483025785,0,0.0,294.56481071964544,0.2146136861130354
Cha-F-600260,1501323994,0,0.0,51.55985289250391,0.048008102800314596
fru-F-400388,1641250391,0,0.0,205.3077402953888,0.19989734416854882
fru-F-400545,1718922502,0,0.0,283.07943054894736,0.537001408923392
Gad1-F-700053,924788221,0,0.0,46.32658858706273,0.07271122361529739
Cha-F-300005,674091900,0,0.0,279.71795234916505,0.23764495526252766
Gad1-F-500280,5813095472,0,0.0,74.86168094704738,0.0900964295843469
Gad1-F-300393,5812988132,0,0.0,144.22076870931488,0.0251952125077158
Trh-F-700041,796733296,0,0.0,341.235371689538,0.2651848834196622
VGlut-F-300090,608145495,0,0.0,289.8658270056835,0.08819319439154094
Gad1-F-000619,1539189146,0,0.0,100.68801561583975,0.07982980114683619
Trh-M-000006,362866879,0,0.0,131.04282155868353,0.13184358346429467
Gad1-F-400861,1198818618,0,0.0,428.8011519584458,0.3034858408870184
Cha-F-000050,298586733,0,0.0,196.2598265459947,0.11422843727333287
VGlut-F-500100,861237903,0,0.0,143.36825631840443,0.10631862717320482
Cha-F-400057,1005174975,0,0.0,253.67808746897168,0.13667154476155446
VGlut-F-600288,1969757097,0,0.0,220.55183785192014,0.17373589952514928
Gad1-F-200701,694665957,0,0.0,300.3262421047611,0.029174897260835678
Gad1-F-000713,1622199874,0,0.0,366.47911190340653,0.03375998529977632
fru-M-300437,1198844575,0,0.0,169.75543413777228,0.04757786475888591
Gad1-F-200420,923321015,0,0.0,191.7822470644729,0.18277157921030018
VGlut-F-000631,5813062887,0,0.0,149.78158102597922,0.29558421670961643
5HT1A-M-100025,2228609200,0,0.0,170.31784373543604,0.4624632438747897
Gad1-F-100767,816219622,0,0.0,373.7343252583888,0.1472196333091855
Gad1-F-300625,5813049438,0,0.0,289.2742345533011,0.40750493430825185
Gad1-F-900314,5813021779,0,0.0,329.531092792929,0.15021072960501505
Gad1-F-800280,860305498,0,0.0,139.62411256453905,0.15945188620435963
Cha-F-000007,633951900,0,0.0,200.2606516220195,0.10324930327290732
Trh-M-300014,1407130999,0,0.0,121.29505984077507,0.3370778424898216
VGlut-F-400077,1163552692,0,0.0,95.03897647858066,0.17158046838764998
Cha-F-000164,1105178295,0,0.0,228.3978036894886,0.11351526435574164
VGlut-F-400097,1690694192,0,0.0,412.40605587544144,0.18872070166459687
VGlut-F-600510,391949576,0,0.0,299.0416529789852,0.3693361086572275
Gad1-F-300481,570327880,0,0.0,265.6705128585685,0.38004966960367825
Gad1-F-100167,823314446,0,0.0,149.51339866990355,0.19557765459991555
VGlut-F-900114,1412700292,0,0.0,124.10264241040281,0.15045388777623941
Cha-F-200200,483038957,0,0.0,397.53442722061595,0.1190593070834454
fru-F-500353,1471337908,0,0.0,102.7465067042042,0.10305555216633391
VGlut-F-000153,391155165,0,0.0,383.7226846224429,0.37398095806093884
Gad1-F-100505,908685688,0,0.0,322.5873947246858,0.3706473681567931
TH-M-300060,5813003579,0,0.0,145.66495339146903,0.14143292528665827
Gad1-F-400569,940425106,0,0.0,68.03038679795667,0.24096994290910856
TH-F-100099,1841037528,0,0.0,246.54822004000795,0.10114623841115414
TH-F-100017,1825146110,0,0.0,274.9761670048048,0.24277232530454887
VGlut-F-400635,1753695554,0,0.0,477.8546415247856,0.09345037728722096
Cha-F-100421,517514142,0,0.0,229.94973449883688,0.14720646262104126
Cha-F-500113,1167567702,0,0.0,216.1709520470829,0.6012512586322516
fru-M-600091,1745168996,0,0.0,258.6020262663764,0.18226276839400232
VGlut-F-300132,886285443,0,0.0,179.04880017936966,0.09389851912506815
fru-M-800109,1130783454,0,0.0,190.99739945101618,0.5013802265592364
Gad1-F-800438,881220948,0,0.0,65.64659135781488,0.19038237486341542
Gad1-F-100900,1875214597,0,0.0,67.73413387037364,0.25387900867202545
fru-M-000147,2259241827,0,0.0,143.34736609879977,0.37249013878845894
Cha-F-300288,877992236,0,0.0,187.77289433336904,0.3465178916172564
VGlut-F-600544,451952653,0,0.0,638.8260224271036,0.4002443656542836
VGlut-F-400394,1141290695,0,0.0,297.21193674725987,0.07157230220923452
fru-F-800057,769199010,0,0.0,497.43543602651937,0.10698771976294609
VGlut-F-000611,299604862,0,0.0,429.93271420457313,0.32452577073709676
VGlut-F-700444,1810019564,0,0.0,271.22542344711314,0.2319786869473119
fru-F-400021,2185547554,0,0.0,98.88094350114963,0.1021726683868221
Gad1-F-600192,1441956741,0,0.0,490.9859119712502,0.038012052972993184
Gad1-F-000823,662452625,0,0.0,242.19719569277788,0.03830826966205386
Gad1-F-300809,1345164753,0,0.0,284.37314666136695,0.5093663915077175
Trh-F-000021,1289359184,0,0.0,91.88599505467973,0.4832096625755997
fru-M-000040,518847630,0,0.0,370.57523412163084,0.11707307199461224
VGlut-F-600613,1641600157,0,0.0,340.16061146573946,0.2969881188616368
Trh-M-200127,1567482299,0,0.0,207.5656950829274,0.2703927015840235
fru-F-600153,765975775,0,0.0,83.64765079548079,0.08349413057856518
VGlut-F-300651,1291569166,0,0.0,176.38397884668726,0.14050904887684187
fru-F-400259,885939366,0,0.0,94.80266865579688,0.06154170004691831
5HT1A-M-900000,641114676,0,0.0,271.77197826870184,0.1856276672541735
Cha-F-900006,328870472,0,0.0,226.85159566385605,0.31197810950006655
Cha-F-300216,1561925676,0,0.0,150.54055079850397,0.427332970762725
fru-M-500227,856131667,0,0.0,130.8386654161005,0.11283335437669514
TH-M-100008,769263962,0,0.0,218.40826916469615,0.01981767989522182
Cha-F-300000,2289974519,0,0.0,213.63641190162068,0.14514603691825215
fru-F-400077,1197449561,0,0.0,150.02849599587046,0.37543824885203764
TH-F-900000,5812979222,0,0.0,21.54743261527228,0.2340121383668051
Gad1-F-500088,978971398,0,0.0,71.71238334493322,0.49608220580072204
VGlut-F-700563,1320273763,0,0.0,138.78201377938842,0.29427309053699907
VGlut-F-400427,580585323,0,0.0,500.90167185273714,0.07141545263979877
VGlut-F-200447,1081086613,0,0.0,158.49524614876836,0.33728767201663773
fru-F-000005,358213022,0,0.0,194.3397751650229,0.33001373785303867
fru-F-400126,457507485,0,0.0,78.73131953009587,0.40256970948773724
fru-M-300028,1947563799,0,0.0,181.75806881972952,0.34723538802742615
Gad1-F-300567,1173347968,0,0.0,176.0042371797736,0.15636813335181451
fru-F-000056,326465302,0,0.0,475.9776479086841,0.09551803389466622
Trh-M-300135,1126301622,0,0.0,69.58421263948652,0.3313082297160002
Gad1-F-400829,661408094,0,0.0,214.76222326903445,0.14554504583147074
VGlut-F-800252,892963919,0,0.0,148.2633008301962,0.5252684090734173
Gad1-F-700060,1077122311,0,0.0,162.82649960659745,0.1551224077140938
fru-M-500374,5813022814,0,0.0,86.56332023823208,0.04158548038201756
fru-M-300209,606340818,0,0.0,128.3919561210748,0.10960475302147632
5HT1A-F-800005,5812999097,0,0.0,108.5254259031347,0.3897528131759314
104198-F-100009,5813042659,0,0.0,241.25366511112065,0.36901870642046225
Cha-F-000347,267559575,0,0.0,301.28750825922606,0.05411290943026835
VGlut-F-000426,1325799415,0,0.0,245.72999926503496,0.06983403120426879
VGlut-F-300054,393003572,0,0.0,245.19765916406882,0.0918499860347403
Trh-M-700046,1919952136,0,0.0,184.0409579140688,0.026926627501971286
VGlut-F-500400,861246683,0,0.0,237.96971491666136,0.34523063420807454
Gad1-F-800121,1224249917,0,0.0,83.90508860542529,0.02893243367999453
fru-M-100094,515092013,0,0.0,219.55070322762333,0.08926453205239103
Gad1-F-600508,1190591244,0,0.0,439.80037578290774,0.14208049041851484
fru-M-800016,1535488185,0,0.0,247.6007135546958,0.11142090902447627
Gad1-F-300240,1201659335,0,0.0,126.8401609398015,0.1501670764404034
Gad1-F-600259,643362770,0,0.0,76.34821378458886,0.29000372775315836
fru-M-400372,1318394745,0,0.0,140.61494373406643,0.1770675218064015
Gad1-F-800439,484696850,0,0.0,208.6640653134935,0.09822672577214255
fru-F-000177,5812983272,0,0.0,141.1435606154342,0.3166227481636813
fru-M-700212,1670381907,0,0.0,130.3022808540106,0.05269366763132068
Trh-M-700013,1376485417,0,0.0,186.71202555530257,0.34218316374205615
Trh-F-100011,1670252091,0,0.0,321.55201553003786,0.3133286297738692
VGlut-F-800057,1168129036,0,0.0,90.91390041889386,0.11069847566660136
Gad1-F-400592,1467685454,0,0.0,238.26162892468628,0.23524542358989917
Gad1-F-300320,5813001479,0,0.0,139.59882028870948,0.21780422366659744
VGlut-F-700083,1009759779,0,0.0,185.980564286638,0.09392332029013145
Gad1-F-200118,481941688,0,0.0,142.9367873878717,0.04435152307249333
VGlut-F-000505,1594121850,0,0.0,466.1589690530703,0.11094311500440636
fru-F-400416,5812997711,0,0.0,114.45908321274814,0.33136409833066305
Gad1-F-500271,5812990774,0,0.0,128.35869454771478,0.423933833814743
Gad1-F-100447,5812979148,0,0.0,314.23404524903054,0.11804606899086485
VGlut-F-500505,1719643238,0,0.0,286.10988551400027,0.4715847743126227
Cha-F-300164,1480525278,0,0.0,182.5520245669129,0.2514507489345074
Gad1-F-700303,1197234751,0,0.0,359.4024913154609,0.4404652018365357
Trh-F-100062,1559948889,0,0.0,164.7842614669758,0.16545475942697327
fru-F-600221,5812983053,0,0.0,188.59799480416544,0.03813078225954035
Cha-F-700283,1039059449,0,0.0,174.13472839957902,0.11522718543389164
Gad1-F-800606,1108813935,0,0.0,543.5988229906196,0.016696979016820122
Gad1-F-500539,5813033850,0,0.0,380.05263007703815,0.09351841068208169
fru-M-000228,386838814,0,0.0,302.1168130407711,0.09557115805757357
E0585-F-300045,1346465519,0,0.0,244.62676537339226,0.3714302431375839
Gad1-F-000390,1599199567,0,0.0,205.89635294479373,0.17528303832010428
Trh-M-300017,2096914329,0,0.0,92.93883736869937,0.41329362299725475
VGlut-F-500271,1289233760,0,0.0,176.19669331913403,0.15614784731767375
Gad1-F-500172,1827516355,0,0.0,29.696972274038913,0.09144731783013306
fru-M-800174,914026662,0,0.0,276.7502311633769,0.06326828166808826
Trh-M-000099,955464899,0,0.0,23.762820863751884,0.2278103415471904
Cha-F-600173,1629206279,0,0.0,395.111486109203,0.008140815013093284
Trh-F-500187,1203273913,0,0.0,40.333242601562155,0.6981265306017693
Gad1-F-800559,5813041251,0,0.0,333.75054827738643,0.40502545013749575
fru-M-100175,515718803,0,0.0,133.3722959122607,0.17988090410612445
Gad1-F-200491,607195856,0,0.0,233.50162165354692,0.036217444087217235
Gad1-F-300046,630748479,0,0.0,96.2461843642167,0.18755645725247855
VGlut-F-500645,857819555,0,0.0,100.41037479529027,0.16929045462217865
npf-M-100003,892277589,0,0.0,102.92200613950247,0.21592670288731514
Trh-M-200013,5813057594,0,0.0,137.75682704137478,0.07692674417110813
5HT1A-F-400014,860910011,0,0.0,366.7081730318037,0.0510035332427812
Trh-F-600054,693448777,0,0.0,235.63357653528163,0.17948228751273676
fru-F-500309,816219675,0,0.0,96.87975380140733,0.28348391537260237
VGlut-F-500066,422312019,0,0.0,243.84306677626168,0.5052653514451858
Cha-F-000284,1753695866,0,0.0,412.0499078883758,0.15652081796948242
Gad1-F-100479,1103792936,0,0.0,325.25094183841105,0.5621098193126296
Gad1-F-000369,1669924220,0,0.0,157.56128826899322,0.33745724122360754
Cha-F-100058,911496103,0,0.0,275.85684570288436,0.43305139322951847
Gad1-F-200504,1325733981,0,0.0,207.73726741746142,0.12409127262620327
Gad1-F-100791,5813047626,0,0.0,364.43724162357745,0.17122828795333997
fru-M-400222,5813001021,0,0.0,84.05447436864787,0.18410181822460864
Gad1-F-700167,1325138112,0,0.0,98.88219335439945,0.09416880169406194
Gad1-F-800615,5812981042,0,0.0,151.78489799917455,0.274792408169832
fru-M-800186,1228692168,0,0.0,110.65418879631629,0.21240519414859854
Gad1-F-700658,5813058518,0,0.0,216.56866853698352,0.13760979770609355
TH-M-200048,1793489249,0,0.0,157.16993661887395,0.15445005971104098
Gad1-F-200050,1350272746,0,0.0,259.07857033421266,0.03774856485868205
Gad1-F-200049,1441481281,0,0.0,130.54647816511135,0.04443311281738904
VGlut-F-200599,1140737968,0,0.0,149.13703920452886,0.11330207459352017
Gad1-F-000843,362299997,0,0.0,477.4859001332011,0.013026811114778753
Cha-F-600031,5813104106,0,0.0,450.7684222075123,0.05546129849555193
Trh-M-400048,418516266,0,0.0,265.0451596109824,0.010552417338038075
Gad1-F-500345,5813077575,0,0.0,122.76140786884729,0.05912484837885305
Gad1-F-000295,608602824,0,0.0,227.85044141097544,0.14602026907993929
Cha-F-000156,1732990947,0,0.0,265.92824138331326,0.3869201388243626
VGlut-F-500787,1438550573,0,0.0,138.27478119592416,0.3920759588881255
VGlut-F-000021,1533723752,0,0.0,155.9581025887843,0.20481074507757457
fru-F-500407,1828500243,0,0.0,243.6073544797522,0.08809706769446542
Gad1-F-200260,1435140135,0,0.0,176.2331962352808,0.031908741983348705
Trh-F-300151,947664053,0,0.0,186.32239317249758,0.3174453338298069
E0585-F-000000,570643109,0,0.0,108.34328758526911,0.04662923494379745
fru-M-500264,2128566765,0,0.0,213.09824236022448,0.3481440080356595
Gad1-F-000780,705462899,0,0.0,181.86719437551437,0.08498122241617502
fru-M-100353,1106862090,0,0.0,205.59689181289747,0.3240573059706368
Cha-F-400221,5813010799,0,0.0,235.18061635543154,0.25695364900434065
Gad1-F-800247,756601858,0,0.0,209.94819355012817,0.1648647198986741
Cha-F-600129,1221280490,0,0.0,244.23212221343073,0.4680287691303541
VGlut-F-200207,416642425,0,0.0,358.076222566482,0.48762475071906236
Cha-F-000305,5813024808,0,0.0,82.2766311650384,0.2980586610378133
fru-F-400031,2200626077,0,0.0,264.5641121474765,0.1371381250433261
fru-M-200311,508447812,0,0.0,24.38336208622456,0.05299573062330671
Trh-M-800006,5813038359,0,0.0,59.14193494650818,0.0868094890076193
VGlut-F-800076,1889892278,0,0.0,336.769788776597,0.38920125806612915
Gad1-F-600443,792045391,0,0.0,221.21433332113241,0.20675545256956426
fru-F-000166,1342539738,0,0.0,123.13419347172953,0.4370967606515056
TH-F-100048,1321982689,0,0.0,255.13717606858364,0.06454456211056764
fru-M-200049,2228254382,0,0.0,353.0677115227406,0.10058582420584677
Gad1-F-500071,1640555311,0,0.0,281.3798814816328,0.5252121208152464
Gad1-F-700423,614081151,0,0.0,331.5950439143016,0.176952602188994
Tdc2-F-000032,603466235,0,0.0,41.365351952853885,0.045387435346705016
fru-F-600042,1592870654,0,0.0,189.33472748099223,0.27373812695754146
Gad1-F-500250,948363394,0,0.0,248.44174937290654,0.49933261117749084
fru-F-600025,5812999215,0,0.0,145.2594942061271,0.3676847761685719
Cha-F-100390,5813063449,0,0.0,171.1488378755253,0.14235984283080352
VGlut-F-000646,5813016658,0,0.0,253.31900434765495,0.18047006781911026
Gad1-F-000646,5812980256,0,0.0,163.71164734131773,0.46965006399912806
fru-F-500464,1731303242,0,0.0,320.1612422653908,0.14974341915915287
Gad1-F-400059,5813047935,0,0.0,132.812765147718,0.36327876153775956
VGlut-F-500015,1658155884,0,0.0,564.2937584276713,0.10053489159498034
fru-M-500202,358541542,0,0.0,165.52897421560056,0.042887538124133956
Gad1-F-500655,1135863959,0,0.0,40.127528991197195,0.16644698002595607
fru-M-300041,1566769457,0,0.0,245.20301154303073,0.025396510760294703
VGlut-F-300129,1562689878,0,0.0,229.8922596800091,0.6099187514851698
VGlut-F-200245,1563372679,0,0.0,382.0050274736938,0.5961276536608449
VGlut-F-700016,420581268,0,0.0,284.1403708088068,0.21964320689146652
Cha-F-300440,1671620613,0,0.0,122.63204851118724,0.47053137285066365
Gad1-F-900114,1722307233,0,0.0,223.46927280060902,0.35676633638145366
fru-F-600017,583024625,0,0.0,201.69167528875482,0.38311401348933183
Cha-F-300172,5813013530,0,0.0,213.21120674487364,0.21108085251161618
fru-F-400301,481941855,0,0.0,209.2723837874434,0.13724939730514008
Cha-F-200185,1259377221,0,0.0,223.1863274784393,0.2439035376970822
VGlut-F-600744,1714639709,0,0.0,130.42973121468293,0.05809983881203165
fru-M-200089,797562316,0,0.0,152.13190785488985,0.24156992581503714
fru-M-200373,1873470681,0,0.0,336.4481192906913,0.24149548003631086
fru-F-500473,643523134,0,0.0,90.12822550353792,0.44405922145374993
fru-M-500277,1621806893,0,0.0,181.109907575018,0.08680163753750167
fru-F-300118,5813077613,0,0.0,133.90500837199738,0.0928083099664484
fru-F-800040,1008391068,0,0.0,136.73885160820305,0.03622435749171961
VGlut-F-500537,5813079489,0,0.0,231.5196981397923,0.09609156045210378
fru-F-400514,705454177,0,0.0,207.49980409706856,0.23770945027667653
fru-M-100369,5813075619,0,0.0,228.49578813736719,0.17258177769620248
VGlut-F-400922,1753359129,0,0.0,259.3198508109906,0.16964302463272632
Trh-F-200019,1721025057,0,0.0,23.438133063779617,0.39249223757372853
Gad1-F-600336,1073120403,0,0.0,26.76704218737203,0.3618580648051486
VGlut-F-300219,893305416,0,0.0,168.415854378464,0.25426181486904476
fru-M-200001,1134970390,0,0.0,386.40137809773745,0.4348763064718131
fru-M-200226,5813071288,0,0.0,199.641572913423,0.1758496484915313
VGlut-F-300428,391963473,0,0.0,525.4731972502623,0.4195095061727174
Gad1-F-100905,2106497975,0,0.0,147.1354220939825,0.08612900780230663
Gad1-F-700609,1350612846,0,0.0,170.42927415631956,0.2256710430528147
fru-M-700120,361273559,0,0.0,521.6328106240103,0.11042010468327279
VGlut-F-100182,455793743,0,0.0,139.79667640363223,0.17123979647917573
Gad1-F-500081,1599902570,0,0.0,332.1013717213495,0.060803457501625156
Gad1-F-500803,1224069121,0,0.0,375.04584363659615,0.5962723354719104
Gad1-F-400475,982070626,0,0.0,76.61021561982672,0.03663417506903152
Gad1-F-000373,1841032927,0,0.0,273.0323631134348,0.04834145580850514
fru-F-000189,1047780090,0,0.0,261.8208519452681,0.16737325819786117
Cha-F-000189,881221166,0,0.0,361.4159324215731,0.17695481851940748
Gad1-F-000546,570742510,0,0.0,287.69467120322145,0.21482131258920142
Gad1-F-600164,910447181,0,0.0,161.02739315691622,0.11012817363165543
Gad1-F-000357,2168576352,0,0.0,139.09734360065545,0.16142382887198062
5HT1A-M-400003,947858407,0,0.0,187.57616330744202,0.17748547857279534
Gad1-F-200690,640665331,0,0.0,114.55058558147768,0.13644016174672868
VGlut-F-400373,1817457984,0,0.0,295.3435590548823,0.13381422997061307
fru-M-000049,1066420480,0,0.0,300.04591270327325,0.5284931863722877
fru-F-100063,887165687,0,0.0,95.39531673503465,0.17979144234322714
Cha-F-000299,975910355,0,0.0,321.84469396679583,0.2341825695704779
Cha-F-500187,5812997923,0,0.0,440.6201060937838,0.07389966943368517
VGlut-F-000299,853437538,0,0.0,188.73460128632328,0.48939458125127155
fru-F-400150,916629242,0,0.0,69.71960604735051,0.1805538374738738
TH-F-000081,5813055907,0,0.0,310.6284886887323,0.12814381886307094
Cha-F-800053,2215187378,0,0.0,337.8495988097466,0.22706491293046
Trh-M-600001,1343732093,0,0.0,300.7212040954935,0.2329047812622207
fru-F-200105,1015048510,0,0.0,75.28687291294474,0.11687131366438154
TH-F-200117,5813039932,0,0.0,209.0699759343159,0.2093768617822462
fru-F-300161,1443041217,0,0.0,86.90302336818344,0.11563521024431986
Cha-F-400047,2096914331,0,0.0,133.9767737563108,0.06141678737848057
fru-F-000002,488184014,0,0.0,225.35268732714007,0.1194945263634951
Cha-F-400319,1849174879,0,0.0,596.9575856810469,0.08385975033579812
VGlut-F-700062,5813009766,0,0.0,245.97785509157544,0.06581350915334727
Gad1-F-500404,485430434,0,0.0,402.90852607304805,0.025270930368534752
Gad1-F-700400,265155147,0,0.0,74.53369970680502,0.11636109018155726
VGlut-F-500540,1570806389,0,0.0,309.372240229658,0.47706656650568
Gad1-F-700724,2107482285,0,0.0,356.8967421256663,0.16144812520299145
Gad1-F-600598,886285243,0,0.0,380.91524751106175,0.32089602996178124
VGlut-F-600256,577697202,0,0.0,157.35465286658047,0.20974100464077972
Gad1-F-600532,5813012782,0,0.0,164.00552284841882,0.3101584355702105
VGlut-F-900024,661430179,0,0.0,344.80724819787173,0.021146015378575276
TH-F-300016,911565408,0,0.0,191.40151040364313,0.17135019178586958
fru-M-000184,2349242954,0,0.0,161.2132471333872,0.1967943948064672
Cha-F-400225,1590802200,0,0.0,444.224527072612,0.41171726818465093
Trh-M-500198,5812982205,0,0.0,80.66440928363905,0.23387838206077943
Gad1-F-800141,1003474104,0,0.0,69.88339757285357,0.12431840535542071
TH-M-200003,765072733,0,0.0,157.21533848746077,0.04540032844279175
Cha-F-200341,2221053439,0,0.0,97.41395741505127,0.17885047688807498
Trh-F-200164,1571884727,0,0.0,273.0585809459196,0.16976703663164663
VGlut-F-500199,1345286099,0,0.0,223.8160472564149,0.0974806808256756
Gad1-F-000609,1249763220,0,0.0,10.006900632189494,0.010680812848095009
Gad1-F-100866,5812992612,0,0.0,94.83488270970508,0.15078215850481225
TH-F-300015,956397821,0,0.0,320.05913859240616,0.08568089778434974
Gad1-F-700504,5813009595,0,0.0,336.3899993034302,0.2800693457281597
Gad1-F-200117,1068436695,0,0.0,142.24041361098637,0.15612297289310495
Gad1-F-300234,1932052159,0,0.0,54.19510625492387,0.02662596895302224
Gad1-F-200469,329561513,0,0.0,440.15569030538484,0.30989804866959003
fru-F-500331,5812992005,0,0.0,130.73813248390275,0.4512230775616696
Cha-F-700041,5813021138,0,0.0,366.93112819143977,0.1405486706096817
VGlut-F-400546,295111734,0,0.0,290.6104236164033,0.19826642386322926
VGlut-F-300256,5901212573,0,0.0,319.99038289879076,0.49559090246994086
fru-F-600260,5813068349,0,0.0,161.72956833915308,0.1283314855373119
Trh-M-200145,1671965948,0,0.0,140.12729534240776,0.36292475516606987
fru-M-400349,1632016438,0,0.0,132.9048107629553,0.12622734361541038
fru-F-800017,1753695151,0,0.0,295.2803684629087,0.0675042400295377
VGlut-F-300459,638472166,0,0.0,455.05673998108625,0.12585457648302076
fru-F-500323,1845431908,0,0.0,228.4236151246386,0.14443157602583986
Gad1-F-600626,1164235156,0,0.0,44.317342950557354,0.09879533726762055
Gad1-F-400825,911919815,0,0.0,203.8047332451673,0.2431388037834516
Gad1-F-300477,1073798332,0,0.0,169.3837288894256,0.15274556385279595
fru-M-400021,702364805,0,0.0,276.228445175801,0.10334460949995136
Cha-F-100248,666567261,0,0.0,252.6717594874109,0.1540508747254483
Gad1-F-300148,1172441674,0,0.0,277.4564792256644,0.44986812603338266
VGlut-F-100098,1374063129,0,0.0,171.20054082397704,0.5462823340143459
VGlut-F-000653,5813078261,0,0.0,199.46930080426682,0.18801591341121215
Gad1-F-900517,1261592479,0,0.0,226.0134907905527,0.18715496058926626
VGlut-F-300158,861920004,0,0.0,179.29011076680925,0.2655532591202141
fru-M-500152,2226899124,0,0.0,204.08988167282905,0.2019037484902948
Cha-F-400068,1667592481,0,0.0,395.82273322455137,0.19464146092757137
Gad1-F-100875,1222195618,0,0.0,356.03627037923775,0.2975240739659719
Gad1-F-800357,699311994,0,0.0,219.33592945075992,0.3073405229909899
Gad1-F-700029,1886788309,0,0.0,299.75430401609316,0.1127278443502717
Gad1-F-200457,5813022469,0,0.0,293.8166650439129,0.4523665063168204
VGlut-F-200186,364407023,0,0.0,256.7720708337189,0.09218846825309816
Gad1-F-500696,5812990315,0,0.0,121.16737735308112,0.0870456425075873
Gad1-F-800516,1752672460,0,0.0,36.58826793535823,0.12190872458345668
VGlut-F-800142,1983044890,0,0.0,175.3415858955281,0.03212195724199767
Trh-F-500077,1011314620,0,0.0,97.92724477741544,0.4412591862229395
VGlut-F-800253,636451654,0,0.0,310.65888247428296,0.1274432392210235
Gad1-F-100386,296843037,0,0.0,179.3798152565039,0.0730018065203846
Gad1-F-000731,1073120513,0,0.0,296.7412149987628,0.1956005305259923
Gad1-F-300558,5813056757,0,0.0,176.27448729617382,0.043416688927633104
Cha-F-400063,2164130952,0,0.0,154.79185467307425,0.22679107530286363
Gad1-F-900105,1621003660,0,0.0,249.5767124892445,0.24413238344956129
Tdc2-F-100001,1684127680,0,0.0,219.64850727438107,0.07825310583702695
VGlut-F-900007,1015385741,0,0.0,549.0824195133233,0.24039512400912896
VGlut-F-300375,550275987,0,0.0,354.981935280326,0.42061776793402295
Gad1-F-900283,519909788,0,0.0,59.54730693484386,0.48787549825944126
Cha-F-300370,1252151253,0,0.0,295.9236558160988,0.031330934800772314
fru-M-300258,796052404,0,0.0,396.56868533781153,0.44516012846540154
5-HT1B-M-500005,1871031444,0,0.0,165.72864083373028,0.18267155685914319
fru-F-000054,1037237333,0,0.0,346.1420131866414,0.07961076553329328
Cha-F-700290,5812982529,0,0.0,203.92303200893724,0.027575090813451837
fru-M-100098,884157443,0,0.0,148.8983423328634,0.017050422857196865
Gad1-F-900329,1921609470,0,0.0,234.24418819930975,0.2540970256357562
Gad1-F-200718,1753670596,0,0.0,224.91122107199712,0.10892721213683834
GH298-F-300024,1189601546,0,0.0,278.0130379751583,0.06969849985993923
VGlut-F-600370,423343583,0,0.0,335.1667267020303,0.27429218509665715
TH-F-300037,1735382530,0,0.0,144.62370213698455,0.028614166278111645
VGlut-F-200457,327933208,0,0.0,119.96712041103638,0.12118704770753404
fru-M-000221,5813039910,0,0.0,202.0156093024681,0.05428251202835493
VGlut-F-700397,1668944307,0,0.0,388.2089303671975,0.17914818978794983
VGlut-F-400278,762263004,0,0.0,129.68148393533514,0.025191735525381086
Trh-M-000181,1107566252,0,0.0,172.52236470273036,0.3626171467195738
fru-F-300084,5813014859,0,0.0,122.91578019508223,0.28178611145385396
VGlut-F-300456,850855138,0,0.0,378.86617754547956,0.08190128383726275
E0585-F-600003,1041485380,0,0.0,291.06085282364273,0.0906629156570612
VGlut-F-600720,1321162590,0,0.0,179.46373186954165,0.0558199121046965
VGlut-F-400628,1807238852,0,0.0,163.44015626863012,0.49850151262082526
Gad1-F-300241,977710985,0,0.0,22.052935028565077,0.05190552657454767
Cha-F-100231,1697600363,0,0.0,62.814464685491906,0.14165363045801105
fru-M-000074,827323331,0,0.0,279.85681957196226,0.3768732497746381
VGlut-F-400034,2013751862,0,0.0,264.6422589379577,0.11306851360350643
Cha-F-300228,1602410483,0,0.0,78.44947126923987,0.06447382043709686
TH-M-000040,5812982371,0,0.0,121.54425032451623,0.22609917690699025
Gad1-F-200705,953975241,0,0.0,250.6794125514409,0.15478838703247552
Cha-F-000138,701201945,0,0.0,414.0602241836488,0.5650139366141693
Trh-M-300073,736286550,0,0.0,39.79919652091859,0.07694667128235531
fru-M-300113,298599271,0,0.0,111.97074301986608,0.2287053817261521
fru-M-300164,1713788691,0,0.0,517.9966146875477,0.03578444199488215
Trh-F-500024,2034477252,0,0.0,87.00759322663252,0.17456503119120545
Tdc2-F-400003,1500020379,0,0.0,237.89287463905197,0.17957025248159333
Gad1-F-000491,704798196,0,0.0,380.89522689396875,0.10237913626159158
TH-F-200042,5813068840,0,0.0,195.28684002080192,0.03950155950778144
VGlut-F-300634,645086558,0,0.0,55.98770129907118,0.07118039203954253
5-HT1B-M-400014,5813046529,0,0.0,143.8868319486523,0.12642410097524048
VGlut-F-500557,1315236071,0,0.0,272.1423667427819,0.07244458657909036
Trh-F-500096,1444788092,0,0.0,433.7561114299554,0.31800587502897254
fru-M-000339,5813004677,0,0.0,192.88168188270902,0.06085712105259751
Cha-F-100024,1700600598,0,0.0,278.63434770245186,0.2474574202292798
fru-M-200482,769605178,0,0.0,84.21961666858887,0.15294798942664697
Gad1-F-400453,480253500,0,0.0,408.5730327076463,0.20658056099670488
Trh-M-500114,5813032702,0,0.0,217.462288826707,0.29407692064361407
VGlut-F-600456,5813069992,0,0.0,342.79754979998614,0.2181777963111743
fru-M-000051,5813024817,0,0.0,154.1546416202626,0.09065431611482588
fru-M-800050,1313115480,0,0.0,388.23182861460117,0.15359840461849977
Gad1-F-000496,800925392,0,0.0,327.75422478897605,0.0840682357670641
fru-M-300159,1505412068,0,0.0,273.74866441148674,0.03185499421563133
VGlut-F-400110,1158402729,0,0.0,180.25490317026407,0.09839932194946147
Trh-F-700046,1445773652,0,0.0,309.63119347625263,0.1920759605874489
fru-M-000068,608076385,0,0.0,233.93941353901965,0.31682173634393795
Gad1-F-400084,722467714,0,0.0,219.43619373552824,0.11785705546596559
Trh-M-000122,1072472949,0,0.0,136.29251104766584,0.16054167773410652
fru-M-200098,1637844473,0,0.0,193.1999811500428,0.5716378896731
fru-M-100187,631396453,0,0.0,171.32663149832956,0.12139374334506223
Gad1-F-600292,604022763,0,0.0,286.6035092552061,0.41465801881310344
VGlut-F-200276,1260833150,0,0.0,208.70156428132597,0.45845866818071807
TH-F-500007,540112974,0,0.0,119.19399187153972,0.13170290741991172
Gad1-F-100638,541378802,0,0.0,226.41186867704292,0.11873621446974254
fru-M-200052,1289574568,0,0.0,222.35575621663835,0.1925326247491678
Trh-F-200065,703779386,0,0.0,150.46935386190322,0.5272312855854946
Cha-F-600223,1703342127,0,0.0,222.64441690336267,0.620042571246647
Cha-F-700024,1949359185,0,0.0,139.08400461355984,0.059366882993878586
Gad1-F-700080,917311596,0,0.0,3.511870838777249,0.2690810543263059
fru-F-200125,670883838,0,0.0,176.52862238145198,0.21517483152920183
fru-F-500136,1077752379,0,0.0,127.38811999990165,0.20637128741166152
Gad1-F-800245,577464071,0,0.0,127.33060616650809,0.24344071029698386
Gad1-F-100770,1410450694,0,0.0,122.32985233981141,0.5230824910004422
VGlut-F-600688,2043418105,0,0.0,166.46444382756962,0.3324963301387098
Gad1-F-500119,1199155381,0,0.0,184.34313234477625,0.12464740606950607
Gad1-F-800490,753489735,0,0.0,442.47989073426163,0.23925336886377177
VGlut-F-400742,1200057627,0,0.0,394.61096832940973,0.20001667638300435
Cha-F-300334,1284097383,0,0.0,405.8396796213147,0.24695533133379655
Trh-M-000138,979052812,0,0.0,209.65708655209303,0.2352210394390238
VGlut-F-000040,792692885,0,0.0,533.2010625654513,0.11271021368900233
Gad1-F-700355,5813056257,0,0.0,134.90274867747127,0.1620522405157232
fru-M-100270,5813057033,0,0.0,94.47866743835357,0.2136886588703879
VGlut-F-500487,2102751384,0,0.0,32.65059206660089,0.10839054171807914
fru-M-500154,5813014218,0,0.0,310.36297968687086,0.20700530110847062
Gad1-F-300455,1009919653,0,0.0,112.07246971366057,0.1864756663194539
VGlut-F-200512,484368420,0,0.0,286.70270068316216,0.1397286711942589
Trh-F-200063,1817113079,0,0.0,300.47616500872067,0.2442396775362933
VGlut-F-800256,576208238,0,0.0,237.2252778032927,0.11297417378320701
Trh-F-500015,1542585886,0,0.0,220.6119096010352,0.15487166938166647
fru-F-300162,1948613071,0,0.0,206.93529857198348,0.2897945937370998
Cha-F-500247,1225540409,0,0.0,296.78292036768426,0.4063161486362093
fru-F-400539,1625804774,0,0.0,205.9292897486048,0.12044941972572293
VGlut-F-300605,5813061044,0,0.0,221.52013840778318,0.08750576478064548
Gad1-F-200123,1756191255,0,0.0,213.110257181823,0.07751388930281282
VGlut-F-500168,1779304011,0,0.0,281.918315083791,0.2162831216024744
fru-M-800089,885253510,0,0.0,108.50157797143744,0.22451556736963432
VGlut-F-500734,324725187,0,0.0,80.40773849275777,0.087729326478526
Trh-M-700057,794466376,0,0.0,59.204656740112554,0.4430990335865939
Gad1-F-900513,5813069102,0,0.0,291.13024161436266,0.10684393182634776
Gad1-F-500334,5813010979,0,0.0,162.68945532282962,0.0271776088527297
Cha-F-600201,737149820,0,0.0,376.4662435971732,0.1332947833585109
Gad1-F-300064,1607155570,0,0.0,245.48801104640623,0.23027338331541233
Trh-F-500143,1717268800,0,0.0,94.82637831952643,0.4402104081800329
VGlut-F-500765,5812997231,0,0.0,369.9378169401484,0.07656375095636554
fru-M-600087,5813040847,0,0.0,157.00065426142842,0.05618859078942577
VGlut-F-400384,1780707291,0,0.0,499.2723669891045,0.027888606324809915
Cha-F-900029,422056477,0,0.0,217.61933151830303,0.1651217087562774
fru-F-300092,580288167,0,0.0,397.37320246473956,0.43171784558422727
Gad1-F-100408,391945237,0,0.0,223.66016507470601,0.14318974137683876
Gad1-F-500131,5813000146,0,0.0,536.2531620737327,0.5201984355777179
Gad1-F-900552,1229538338,0,0.0,494.8324495402017,0.028054288212002537
5HT1A-F-400019,1142360528,0,0.0,140.69940565753367,0.13659355709592377
Cha-F-100252,1101133654,0,0.0,214.43918548284717,0.14996744952185712
Cha-F-600123,1604440343,0,0.0,362.31839328402344,0.20570052592927954
fru-F-600152,393736822,0,0.0,139.37087838377295,0.26268659192381627
Cha-F-100055,1173814525,0,0.0,110.90157918464621,0.4142274927777125
fru-M-100303,446848967,0,0.0,221.3214692218197,0.24567792438979308
Gad1-F-500011,1139498577,0,0.0,313.54871830839693,0.3633471577409162
Gad1-F-000403,1536452097,0,0.0,278.7536306682383,0.17003294822329093
Gad1-F-100154,489686575,0,0.0,165.6851807463993,0.17303813954720534
Gad1-F-700421,798027992,0,0.0,179.46963191459355,0.16569215488723824
Gad1-F-200677,1141972158,0,0.0,60.21399508518178,0.07008499801935585
Gad1-F-700606,329258532,0,0.0,182.76438209909767,0.13680257935010925
Trh-M-300037,1845078711,0,0.0,197.5478997515363,0.09737796040044451
VGlut-F-400406,1410450949,0,0.0,339.9134739735974,0.024408065950860394
fru-M-500157,1069762054,0,0.0,191.49887162044814,0.23699048890483917
fru-M-000207,5812980916,0,0.0,107.3319832042545,0.11081642393823683
fru-F-200141,328952123,0,0.0,351.7154532428502,0.15816144139579202
Trh-F-700013,1201210044,0,0.0,332.2949257643131,0.45931463139548695
Gad1-F-000069,796733475,0,0.0,380.1382855348364,0.37232649690317066
Cha-F-300190,541970375,0,0.0,307.02178224428354,0.3464584719463992
Gad1-F-100198,1039280664,0,0.0,134.51453324141497,0.3050225085892745
Gad1-F-500724,510680365,0,0.0,482.2955219815794,0.4614046537574227
VGlut-F-500159,2040939889,0,0.0,38.8076988944388,0.0336117381594798
Cha-F-700206,1536986534,0,0.0,316.3044671865542,0.3428912924194891
Gad1-F-400270,1414366899,0,0.0,390.84387905010436,0.08916313976735787
Cha-F-000080,886328403,0,0.0,245.7833413101743,0.4178339777764695
fru-F-900021,2121690154,0,0.0,190.91280875529216,0.3979749789482621
Trh-M-400026,1659331215,0,0.0,360.3443206477955,0.279578202902977
fru-M-000039,1511240113,0,0.0,126.47768670490207,0.11078522273031909
Gad1-F-600377,1200541165,0,0.0,435.3953412101313,0.3836815527259387
Trh-M-300048,422877762,0,0.0,160.29482820703774,0.406246974359124
Gad1-F-000763,5812981106,0,0.0,172.70172540330879,0.3772955367214411
fru-M-400044,5812980590,0,0.0,168.51127448531417,0.05295333263728635
VGlut-F-600221,2166871719,0,0.0,174.66501569538818,0.4496914387404124
E0585-F-100028,5812981950,0,0.0,142.01885758840703,0.21144653160101715
VGlut-F-600387,725200110,0,0.0,243.9044376651042,0.10928927782782527
Trh-M-000004,1353031649,0,0.0,61.429184102473435,0.018178472898239543
VGlut-F-200115,922677121,0,0.0,133.91890468471078,0.086436481915548
VGlut-F-300588,1537130680,0,0.0,136.16085946322548,0.33691085400249204
Gad1-F-100482,5813077567,0,0.0,176.79939622991773,0.08775711301065121
Gad1-F-900225,5901204861,0,0.0,104.55807891745991,0.29939814263749615
VT8167-F-200010,5812981582,0,0.0,212.34143638537108,0.3639152143717127
Gad1-F-900362,5813022738,0,0.0,155.5965685419652,0.24429917423700998
VGlut-F-100386,951234513,0,0.0,271.67705361700297,0.31823612260814543
Trh-M-100040,1037972384,0,0.0,166.46969158742843,0.09765257628811054
Gad1-F-700754,1104431743,0,0.0,102.79577993189925,0.05625991760426806
VGlut-F-400080,828144800,0,0.0,574.2116648133086,0.4544200633297174
Trh-F-500202,634595283,0,0.0,463.40276804152046,0.08625868847784089
VGlut-F-500417,604255448,0,0.0,125.06545553388099,0.12277238391449494
Trh-F-700038,2197500470,0,0.0,73.6359939184988,0.29310973668003815
VGlut-F-800170,1500373828,0,0.0,154.07654049535955,0.08040905484354532
VGlut-F-500728,1044071833,0,0.0,114.20263790134612,0.11685306157307589
Gad1-F-100463,862265490,0,0.0,457.5587158080228,0.01912550331329869
Gad1-F-100496,1445189659,0,0.0,222.3520197586304,0.32935285810563475
Cha-F-100420,696859236,0,0.0,354.33370374415233,0.4599199474515511
Cha-F-100433,1046726261,0,0.0,190.5051342993186,0.06669314285356816
Gad1-F-600350,1293309124,0,0.0,110.15243476542179,0.16858976681472262
Cha-F-100059,1669726032,0,0.0,121.71738775511716,0.16304227655342649
Gad1-F-700682,939742503,0,0.0,159.8749157835464,0.29268956793934703
VGlut-F-300545,1070430962,0,0.0,308.0947699433821,0.2689134958550016
Trh-M-300083,424025668,0,0.0,324.84955067766913,0.12860089152359
VGlut-F-800254,630381893,0,0.0,56.63662464165514,0.07998804433254737
VGlut-F-300372,5813061110,0,0.0,119.83813111381195,0.14007913794981
fru-M-300192,1049839301,0,0.0,187.42251345082937,0.03322644202633088
Gad1-F-900011,1502001218,0,0.0,186.5543958570673,0.26149949000695794
VGlut-F-800066,1887837668,0,0.0,134.64375176751673,0.04200147561372575
fru-M-700053,2096914099,0,0.0,50.07403514817891,0.1912374215932973
VGlut-F-100267,1699961883,0,0.0,132.8329545134598,0.20272520630407473
Cha-F-100006,1322811232,0,0.0,394.98474247026576,0.09489128574686087
Gad1-F-900154,511685969,0,0.0,180.45099698275683,0.24522495587065624
Kra-F-200002,362019898,0,0.0,206.9121237546369,0.35448969631967797
Gad1-F-700121,1670938437,0,0.0,212.1294247065765,0.17181636983665038
Gad1-F-200475,331774819,0,0.0,110.1917827213779,0.07678836391850753
Gad1-F-100544,5813053698,0,0.0,176.47656177672712,0.3656127483751746
VGlut-F-500552,1747625669,0,0.0,78.24951653156914,0.28233615872925827
Gad1-F-300542,1072779298,0,0.0,49.68049973573631,0.10287878588466624
VGlut-F-200527,675187578,0,0.0,87.83119746331728,0.37772534545674963
fru-M-700118,5813015995,0,0.0,383.1540225289267,0.08792118587490466
Gad1-F-300774,1735404269,0,0.0,362.2285309549145,0.17776143083814713
fru-F-600283,643363111,0,0.0,251.09804554106822,0.2506911384751111
VGlut-F-600294,514850616,0,0.0,201.12326565241713,0.2975497297993355
Gad1-F-200180,639655157,0,0.0,108.44842891617873,0.23822995555567322
fru-M-400234,550681259,0,0.0,106.05616384930735,0.2390546178700734
VGlut-F-400928,329310230,0,0.0,259.28642363124453,0.2058204957674455
Cha-F-300018,1947576980,0,0.0,142.67817703314122,0.022697756645859258
VGlut-F-300279,1193879608,0,0.0,90.13067143830123,0.3731777001034667
Trh-M-400033,5813033483,0,0.0,134.1325198899886,0.04769469387614047
Gad1-F-300552,1097718901,0,0.0,230.71267232735315,0.24540987012936707
Gad1-F-500396,738009096,0,0.0,290.20334358033523,0.20695502881911848
Gad1-F-900385,5813041365,0,0.0,359.5734691480607,0.0573032386147438
Cha-F-000346,420688241,0,0.0,383.85631418716736,0.18146074594353892
fru-F-700015,697355826,0,0.0,72.00066651176259,0.3081735593891277
VGlut-F-300595,607260192,0,0.0,164.27260295486965,0.3880228604660712
Gad1-F-200301,1198943369,0,0.0,37.244337651572856,0.08729417479756983
Trh-F-600095,1050249677,0,0.0,204.74581308313788,0.12991616402124112
fru-F-800050,5813085240,0,0.0,82.19945032195675,0.10298739716211806
Cha-F-100463,1261220560,0,0.0,550.2745338163976,0.028055543471633745
Trh-F-700060,2165830935,0,0.0,158.84871620798927,0.30585839093522293
VGlut-F-100372,1543124950,0,0.0,216.65452625651702,0.37328723012479
fru-F-600159,860905704,0,0.0,69.5732192758745,0.24224562270446026
fru-M-300145,5813019982,0,0.0,31.765877357409124,0.07467969119177222
fru-M-500216,5812982426,0,0.0,195.60150485697395,0.05984723676472438
Trh-F-300017,2155124575,0,0.0,250.74882225880842,0.21682726205158295
Gad1-F-300639,786679162,0,0.0,36.28879566173491,0.10154891558629402
VGlut-F-100265,5813020562,0,0.0,219.56305059182307,0.314610263651643
Gad1-F-300375,823058829,0,0.0,128.92040701611813,0.042999221400728184
fru-M-400232,1291435776,0,0.0,328.36878712295527,0.24688555353091002
Cha-F-200289,296203392,0,0.0,416.5078582063136,0.28536584437920387
VGlut-F-500005,2220026105,0,0.0,331.67028595620974,0.2400959630847127
Gad1-F-400280,267572587,0,0.0,172.46281828817487,0.04837137736855092
Gad1-F-500158,392325925,0,0.0,193.23158130777324,0.1546452035900861
fru-M-400288,1572036642,0,0.0,82.73723779960609,0.36692791390117513
Gad1-F-000593,1980308137,0,0.0,233.94280620874557,0.13666670613564047
Gad1-F-400597,1700941431,0,0.0,226.77820717262836,0.0273110438653268
Trh-M-400067,517910959,0,0.0,209.40488224938295,0.2904982196760766
VGlut-F-700168,1934124660,0,0.0,249.26457659074646,0.07873603994064717
Cha-F-100116,765810666,0,0.0,261.43786687500267,0.5413266486080133
fru-M-000203,1354955616,0,0.0,56.107504470633714,0.4256114965742565
fru-F-600272,1538471582,0,0.0,173.38218438462832,0.08337857151760394
VGlut-F-400517,1821744519,0,0.0,226.7638097662899,0.31136894793907793
fru-F-000027,5813020038,0,0.0,202.6936420395603,0.12888515569002396
Trh-F-500148,1344082025,0,0.0,148.1470016599889,0.16208959812892776
Gad1-F-800012,1625299743,0,0.0,165.78707261522172,0.2931745745540542
VGlut-F-800223,425768822,0,0.0,427.9208926501715,0.2603132409025787
Cha-F-200136,358639884,0,0.0,151.6387250224522,0.09946025564946116
VGlut-F-800304,1951638471,0,0.0,62.369843118829685,0.11021484600444635
VGlut-F-000017,974839595,0,0.0,70.31838440098059,0.28452771043534786
VGlut-F-100078,2153454486,0,0.0,409.85717902470935,0.06447832050122915
Gad1-F-100047,1921311314,0,0.0,147.04880393096755,0.21188969574992325
VGlut-F-400020,1132186103,0,0.0,431.05916643188806,0.3690072872407749
VT4419-F-200011,547129228,0,0.0,224.9814597857405,0.22686321916090663
Gad1-F-000712,2317867089,0,0.0,385.0241492573913,0.3310729213161693
VGlut-F-300060,1563419167,0,0.0,207.98230538939296,0.2089843734197356
TH-M-000049,954053261,0,0.0,95.74496680524868,0.30573066385249903
Gad1-F-400209,5812980397,0,0.0,217.7337351543099,0.19504269231779336
fru-F-800084,1842427589,0,0.0,122.66631458672836,0.25101101457592073
VGlut-F-300235,5813006594,0,0.0,81.82686092521347,0.14532872682610593
Cha-F-600214,1231299343,0,0.0,388.1182527361801,0.32911165961281197
fru-M-300070,1687218148,0,0.0,66.03629842616809,0.04774377247199625
Gad1-F-800331,1749434934,0,0.0,285.7395405412828,0.39113429033431546
Gad1-F-700571,5812993314,0,0.0,94.71280241303478,0.5486811261296112
VGlut-F-000460,5813067019,0,0.0,427.1307190158899,0.06699359948440746
Gad1-F-400299,1508118563,0,0.0,236.19276268569524,0.17130155596903507
Gad1-F-200133,1715895680,0,0.0,397.6034634736706,0.452956062495558
Gad1-F-700746,817993932,0,0.0,382.03722087710804,0.27295927825700245
Gad1-F-600520,295478082,0,0.0,540.2693123074145,0.25080805180790255
fru-F-400325,1351869732,0,0.0,206.92880292146546,0.02696470943709627
Gad1-F-500479,635424442,0,0.0,315.5824411900772,0.2590475304015304
Gad1-F-400113,5813037844,0,0.0,274.72296631850793,0.5540870728546243
Trh-M-100096,1670265016,0,0.0,94.73476947064823,0.4566579756119574
Cha-F-200267,572988605,0,0.0,88.64190933690521,0.07972576044610968
5HT1A-M-400020,478591447,0,0.0,207.4599540422093,0.41495422488540473
Trh-F-100032,5813082276,0,0.0,129.28501399577783,0.0693901737401544
TH-F-300083,297251714,0,0.0,470.3168803422544,0.12006498358590066
Cha-F-100225,1126310807,0,0.0,87.9756788881192,0.3749958449313753
Trh-M-100036,5812991204,0,0.0,210.91865156742014,0.5565278000392447
VGlut-F-500122,979070167,0,0.0,157.7946687426291,0.29538322857816635
VGlut-F-700355,1069266255,0,0.0,312.1583120872115,0.3111278409343563
Gad1-F-900210,1948249993,0,0.0,96.91530669226563,0.3776679341596701
fru-M-200363,2198243007,0,0.0,208.3331082231085,0.027794131130297293
fru-M-500063,388280286,0,0.0,193.26271683079258,0.26720849477938574
VGlut-F-500533,415908516,0,0.0,207.61090028981576,0.02821908043434147
Gad1-F-100710,918334668,0,0.0,309.8915856505273,0.06142185363497143
VGlut-F-600061,909414983,0,0.0,117.102654078534,0.09646946936177363
fru-M-700003,1442931671,0,0.0,348.3528392922907,0.3200452486950043
5HT1A-F-300013,422656780,0,0.0,7.841277601464664,0.31422101777725964
Gad1-F-900504,1134140939,0,0.0,426.9573155311095,0.25739602491300045
Cha-F-600269,5901203987,0,0.0,152.54869528191352,0.09435553778215884
fru-F-400038,1539649574,0,0.0,292.61070732549763,0.12763887456235823
Cha-F-100350,1002507131,0,0.0,285.5722245292311,0.2750173692511121
Gad1-F-600622,510956443,0,0.0,458.85560056879825,0.2400001497225281
Gad1-F-600501,892398461,0,0.0,152.4306424612559,0.07130213177556632
Trh-M-100018,1261756007,0,0.0,340.38740460566925,0.304130215831011
VGlut-F-500596,1564075996,0,0.0,157.5712791515572,0.10625426162159525
E0585-F-700001,328253133,0,0.0,130.08664490427813,0.07837298325490251
Trh-M-900041,1697953882,0,0.0,285.53925921440384,0.036468734870725994
Gad1-F-700207,1130458829,0,0.0,142.9993912010897,0.02080672750283129
VGlut-F-200280,5813094916,0,0.0,97.07063403176977,0.373028563848354
Trh-M-000116,1048172314,0,0.0,300.1649368752884,0.03335142392471949
Cha-F-300275,859977121,0,0.0,349.121443291886,0.16413047234468012
Gad1-F-100819,1916485259,0,0.0,281.45564307394636,0.32726696272739575
VGlut-F-300578,325814461,0,0.0,228.03114142576203,0.027338235522762204
fru-M-500272,829261936,0,0.0,296.6566539891616,0.20994161482767407
Gad1-F-000401,972513129,0,0.0,47.60724022442466,0.23417341919385487
TH-M-000030,892273269,0,0.0,96.56774184627119,0.45572121272890587
Gad1-F-400869,608891515,0,0.0,282.693040092952,0.009167230358401047
Gad1-F-000034,1504207129,0,0.0,195.3745555530774,0.23142597273321092
TH-M-300051,5813018706,0,0.0,129.49061377122828,0.21747588485541508
Gad1-F-300597,1734696656,0,0.0,196.85218807345643,0.14951216563549266
VGlut-F-300499,1810956698,0,0.0,263.30090157622254,0.4013796922345684
fru-F-000040,820015203,0,0.0,145.80025279273627,0.16764682712273915
Trh-F-600037,603340681,0,0.0,342.90495949802323,0.5437969439571463
104198-F-100012,5813034676,0,0.0,37.77264140730547,0.06380117235409409
fru-M-700121,1808318558,0,0.0,273.7462239098378,0.36653262149102633
E0585-F-200004,643393688,0,0.0,76.26467067335997,0.298799232526756
VGlut-F-800095,948346519,0,0.0,145.9967210260209,0.26640457922875393
Trh-M-800005,1201927079,0,0.0,251.72790773037056,0.09697865093238162
Gad1-F-200761,1077778701,0,0.0,270.82406168647594,0.05397103310062791
Gad1-F-900515,731923098,0,0.0,174.70201143260755,0.2787599763762307
Gad1-F-400767,731062953,0,0.0,387.6481710833639,0.054721289560757065
Gad1-F-200045,1344042108,0,0.0,141.2853981794486,0.045702604495178115
fru-F-400257,1729995175,0,0.0,317.4746247273553,0.3353078912333447
TH-F-300055,890614937,0,0.0,172.46774379863044,0.06224451296627294
VGlut-F-300188,5813056453,0,0.0,517.6120173234773,0.47087905264416446
Gad1-F-900360,5813041468,0,0.0,97.52545018654395,0.16036333485406978
VGlut-F-800005,706819341,0,0.0,255.76652493919107,0.0534727988628356
Gad1-F-600507,1138807926,0,0.0,453.4581766577118,0.5254389774895072
Trh-F-500069,2106787203,0,0.0,219.8675039241559,0.03551829298013456
VGlut-F-500452,1167995070,0,0.0,102.2026968206474,0.1375532332998487
fru-F-400515,1996202685,0,0.0,373.6248356198212,0.2879100778930858
fru-M-200471,1722337568,0,0.0,214.42044201314226,0.23750552043145895
Gad1-F-500745,736126746,0,0.0,350.7737998652623,0.29906908612661404
VGlut-F-400210,671929521,0,0.0,108.49956282314858,0.11141535751800742
fru-M-600004,696850811,0,0.0,222.3286294171446,0.1182495844726954
Gad1-F-000806,5813000419,0,0.0,384.69216665850865,0.07343229224160551
Gad1-F-200709,1666932850,0,0.0,288.3524850674079,0.26332181735765897
Gad1-F-600392,5901214746,0,0.0,433.6024957753909,0.07310617003744922
fru-F-700206,5813096281,0,0.0,135.90418754811543,0.24744084252073223
VGlut-F-100011,912191317,0,0.0,298.55517362201385,0.1304312362601524
VGlut-F-700329,916305683,0,0.0,359.1958414107705,0.2993536822784849
Gad1-F-000596,5813024623,0,0.0,119.26172710714559,0.3599620652852098
VGlut-F-300443,1347638398,0,0.0,180.9309170228318,0.12365502171398612
5HT1A-F-300003,575664331,0,0.0,191.44087646482336,0.3323227928992043
TH-M-100068,5813024414,0,0.0,165.14451713925348,0.13787448050171233
VGlut-F-600252,2410302463,0,0.0,323.87409318893634,0.31589668603659743
fru-F-500124,1849507321,0,0.0,193.8038227145852,0.24658202761280504
fru-F-600181,849832062,0,0.0,309.8400030391544,0.020920198611979485
TH-M-200031,1228476093,0,0.0,323.8526420873587,0.20741647609224992
Gad1-F-200553,644408508,0,0.0,139.35168307649687,0.39361217402695203
Gad1-F-300441,1073354203,0,0.0,392.5707827101409,0.16316518998333374
Gad1-F-700458,606444098,0,0.0,451.09427817854487,0.4056565580058677
Gad1-F-100316,1407260897,0,0.0,216.67651436608418,0.055976905029539094
Trh-F-500016,5812981673,0,0.0,136.77125153585845,0.21814570721265295
VGlut-F-400309,1414327340,0,0.0,103.58995003633073,0.24369045750236357
VGlut-F-200585,5812989163,0,0.0,135.77436068466517,0.24096406220445452
Gad1-F-200410,1469269528,0,0.0,241.10588192794697,0.09274166896874378
npf-F-200016,1507787264,0,0.0,259.02726066151604,0.09788034559222213
fru-F-200224,357569231,0,0.0,273.8973910322589,0.09875072637905835
Gad1-F-900482,1796416505,0,0.0,412.7955003743463,0.0512088263962191
Cha-F-800022,1882316655,0,0.0,159.92460073635755,0.3179032036348274
Gad1-F-200488,1817790409,0,0.0,40.89401325865622,0.04791105577633776
Trh-M-600006,2073775513,0,0.0,185.97895089895061,0.32778230041413814
Gad1-F-300001,421642764,0,0.0,276.60993559721453,0.17115525035752652
fru-M-400311,1466511550,0,0.0,123.72635648192968,0.1374112627684024
Gad1-F-400611,1313594496,0,0.0,296.3879071790042,0.24370617786196014
fru-F-500585,419230063,0,0.0,116.8124890829494,0.30472297243580077
fru-F-500119,2100916607,0,0.0,391.8697431364589,0.16895048880372596
VGlut-F-700380,5813009356,0,0.0,214.37484254407644,0.30820207910483466
fru-M-600123,1808279428,0,0.0,329.13748256917654,0.28306241558249556
fru-M-300427,2044026843,0,0.0,182.07031523080704,0.32379323474384114
Gad1-F-800262,1441848753,0,0.0,215.86691816318987,0.5425197035537068
Cha-F-900049,5813041237,0,0.0,112.83521229373366,0.1696112994759131
VT449-F-000002,1418924735,0,0.0,178.55960795215336,0.4390346970407538
5HT1A-F-800002,551113395,0,0.0,179.44283714908832,0.02982159418812569
VGlut-F-000364,298258513,0,0.0,196.32122519659185,0.29962929278802164
Cha-F-400091,5813089462,0,0.0,309.6626718783624,0.3325944831371674
fru-M-100350,390560212,0,0.0,265.84225910221846,0.2968318858474356
VGlut-F-200456,638178497,0,0.0,242.8917813696273,0.21323845792368523
Cha-F-100373,5813087991,0,0.0,271.4187135823524,0.24662021257838962
fru-F-500469,1005261469,0,0.0,109.2070814968506,0.04606188395215025
VGlut-F-500744,325839288,0,0.0,289.763369332946,0.0951941107448165
