neuron_id,source,group,exclusive,cable_length_um,n_nodes,n_branch_points,n_tips,branch_per_100um,span_um,radius_gyration_um,hull_volume_um3,hull_area_um2,occupied_volume_um3,n_voxels,fill_ratio,cable_per_occupied_um2,cable_per_hull_um2,cable_per_rg,cable_per_span,local_density_r5,local_density_r10,revisit_r4um,revisit_r8um,revisit_r16um,overdraw_2d_mean,overdraw_2d_max,elongation,flatness,arbor_separation,arbor_balance,arbor_centroid_dist_um,bridge_fraction
1005857944,EM,dense,True,22433.01057684851,48475,2277,2295,10.150220329098081,318.5171800391408,87.66221298413548,4619361.106332692,156872.00337664763,104168.0,13021,0.022550304598875342,0.2153541450046896,0.00485630156648612,255.90285498391748,70.4295152119953,44.0,140.0,0.9130987698163672,1.1592088971087489,1.974736846553566,1.835759561742294,2.036587433213664,0.8693320632696172,0.44003565335021855,1.5398469731352695,0.5563967533393088,108.94378702682323,0.16342143212053756
1008024276,EM,dense,True,3739.378408325356,6868,314,327,8.397117534318273,254.91189625979226,63.839222801543144,1375193.1433396067,75381.3034591139,18024.0,2253,0.013106522590877212,0.20746662274330646,0.0027191659778381463,58.574936288775845,14.6692973658412,34.0,120.0,0.8655968537790175,1.0998171789192224,1.6118010380712742,1.5331113742693512,1.716098397579328,0.8689383144344879,0.5121865018944,2.896547435732304,0.06502280755149198,151.9485409749557,0.4167038879208812
1008378609,EM,dense,True,3979.9878523776747,10885,673,683,16.909599349604665,276.28032710353335,64.46248421829927,850616.2477078126,57228.87995806372,18184.0,2273,0.021377442588242472,0.2188730671127186,0.004678946426314683,61.74114914497597,14.405614377625277,74.0,269.0,0.9716767217718932,1.363009538485505,1.8702950434105614,1.6883240611060746,1.9850313478192891,0.40407692124399525,0.2769740062041642,2.467977864960001,0.805140592826511,100.51843801420999,0.3098887344112725
1012954687,EM,dense,True,7365.235013515274,16944,910,915,12.355342339112624,344.6747764501842,63.9167265242562,1606605.4626219624,95035.49544271333,33832.0,4229,0.021058063592530395,0.2177002545966917,0.0045843458054071915,115.231730628761,21.36865102044904,51.0,172.0,0.9384856031492449,1.20033165148554,2.045898614865354,1.7209134572199993,1.9346559005818948,0.6166120227309833,0.27026649801004843,2.15361990713954,0.4053019574458489,98.52765986046825,0.3443775786851013
1013346945,EM,dense,True,2810.3203159501354,6116,340,344,12.098265029445589,346.75877780005453,87.39380213782458,1510443.0787696266,92939.48180648098,13176.0,1647,0.008723268149060524,0.21329085579463686,0.0018605933288392172,32.15697506235183,8.104539800779323,43.0,124.0,0.8837485270283445,0.9785237868907156,1.2546072839063105,1.4722614795513953,1.7084014078724228,0.42223092021661024,0.19494852816416564,3.798785622352108,0.1783857610476825,196.52137116242676,0.31895079761331613
1014344148,EM,dense,True,9858.128692538341,16983,691,716,7.009443897025008,309.30540561141277,65.27827189418267,3234737.1211558706,128818.25697705249,47392.0,5924,0.014650958710074526,0.20801250617273678,0.0030475826391158888,151.0169985583956,31.87182801752688,28.0,93.0,0.8521895481101609,1.0398869928837913,1.559830489325687,1.6209197664176223,1.7183421113017852,0.8075654070417935,0.4856249151746684,1.4555099495253276,0.49965900828467325,78.34761986020892,0.3368956128050444
1035601661,EM,dense,True,3434.515718878681,5897,282,296,8.210764575917237,229.85355215505777,64.2388590227201,1111999.9603729341,66991.04184386709,16224.0,2028,0.014589928577478472,0.21169352310642758,0.003088593382437567,53.46476838363452,14.942191176413834,37.0,146.0,0.9163595834788371,1.3009529238176822,1.9693324076139227,1.6324819385719664,1.8645579364162221,0.6287237179967476,0.44420974943044006,2.1048910320056167,0.42691678991289217,97.35625520555612,0.3233669662167836
1036637638,EM,dense,True,24351.895959769685,59936,4725,4824,19.40300668090029,221.04209490388982,74.80697038677843,2771221.2201932156,112833.85370453894,98488.0,12311,0.035539566196427,0.24725749289019663,0.008787424036133721,325.5297712748129,110.16859015183515,110.0,538.0,1.3377222566342388,2.299083833059827,4.251378484596663,2.669735881812445,3.296141846205967,0.8768554358122151,0.45487490876832676,1.4207322152312358,0.448683328579464,88.52322470786248,0.13418957811651017
1037293275,EM,dense,True,5222.075653202193,8733,528,553,10.110922075137474,258.4134700854559,76.94221425885452,1619348.6628103503,83856.18179405203,24344.0,3043,0.015033204744030497,0.21451181618477627,0.0032248000527195764,67.870098404417,20.208217673309683,34.0,138.0,0.9305195390595498,1.245724153912737,2.1056756666137875,1.7232404641313586,1.8420019940748478,0.37391587822052,0.3168994352115048,4.638913768783908,0.21374454610251037,175.79712876947076,0.3717688993975395
1042656011,EM,dense,True,1903.6532404649618,4927,330,336,17.3350898674907,232.96971348416236,71.74991027924007,566947.9784554304,46134.12023063869,8472.0,1059,0.014943169959051211,0.22469939098972636,0.0033577211892547813,26.53178565737886,8.171247721409827,53.0,133.0,0.9368372246382686,1.0623064957951796,1.4509552137690258,1.490937350766652,1.7196506237262528,0.3497352011735047,0.17847386406409946,3.1673618965842794,0.8199531674752311,121.76183986967816,0.40938485042410794
1043117106,EM,dense,True,6231.1377683575365,13666,569,573,9.131558651927906,340.73606048350166,66.67304099459194,2383964.0313142803,107386.94960231669,30320.0,3790,0.012718312693369191,0.20551245937854673,0.002613771720759691,93.45813053379347,18.28728594066505,40.0,126.0,0.8466219793964044,1.0208285990100814,1.5153545156511519,1.5810242842288058,1.7582217179338422,0.640738021383821,0.3766376354691963,2.0179698487890887,0.27549510590544435,103.50834297435898,0.34807563934555585
1043705078,EM,dense,True,3724.4092357492937,8887,524,528,14.06934541377216,364.184197898089,74.75896073711645,1319874.906859108,90152.2007008491,17104.0,2138,0.0129588038314193,0.21775077383941147,0.002821789562324683,49.818900624446385,10.226718394825875,50.0,130.0,0.9022309195129102,1.0345581210414705,1.3225885070132435,1.5320712965648255,1.770156480869436,0.7250771942018703,0.2282137307864132,2.1478169121544664,0.20023118505735155,125.33696993634214,0.40814759942361567
1048250312,EM,dense,True,5930.20621299829,14796,880,894,14.83928160999102,263.8963832978208,76.41680449280342,2029917.319904559,95461.84256797876,26720.0,3340,0.01316309769762263,0.2219388552768821,0.0029214028349081288,77.60343097776051,22.471722192212628,66.0,236.5,1.0017240224659274,1.3502291013201935,1.9204035663854564,1.745448747942205,1.9266426942814456,0.536832580935073,0.2990716801995085,2.306008681669821,0.4520598447536398,120.4567729854616,0.37443535552092566
1051980223,EM,dense,True,3165.5749017346557,5393,254,262,8.023818986586429,214.58640519576076,58.80064067675016,1041672.9582194005,60981.558445959716,14984.0,1873,0.014384553118872481,0.2112636747019925,0.0030389335508390074,53.835721265981505,14.751982535178762,30.0,94.0,0.882267252434408,1.0331510775896395,1.4441491340030363,1.5222496801236127,1.6856096388363448,0.7741168931693189,0.42921472336722466,1.9148985061638168,0.5123515239243336,83.43058659177018,0.338825276888055
1070426862,EM,dense,True,3276.2381737087953,6020,291,303,8.88213812827227,257.19984555259725,66.86080284739123,1362867.6279550386,73231.02098245354,15712.0,1964,0.01152863247883847,0.20851821370346202,0.002403929850931113,49.00087995034639,12.738103192362944,33.0,116.0,0.8685679145569447,1.0527757627598957,1.5280961631104455,1.510235201719424,1.6835756288328856,0.913486792857512,0.48067309541647,2.6648080193026744,0.07609714514548321,147.12054253764433,0.3665825480465332
1105169664,EM,dense,True,4432.829501988937,10637,517,526,11.662979588274952,336.97318082223603,73.514179495803,1503388.5544605623,90453.5407608379,20680.0,2585,0.013755592284271636,0.21435345754298538,0.0029485587666852374,60.29897269331574,13.154843632281214,49.0,152.0,0.9076227481549831,1.0357078275675087,1.5652646546571107,1.56822078487784,1.728872660682113,0.6358514385842052,0.264833896140044,4.024297313635579,0.09739301292697689,194.66150015576144,0.4007977429016372
1107081827,EM,dense,True,7690.731277073687,17632,1038,1051,13.496765945968113,360.2574172158572,70.70171812580395,2550643.5668692165,117241.15464634945,35128.0,4391,0.013772210455543112,0.21893450458533611,0.0030152120731293175,108.77714829205554,21.34787768287806,50.0,148.0,0.9392685975908265,1.1390301062016717,1.634934370126209,1.5978190076350145,1.7631204211539862,0.861888645697944,0.4824957354737178,1.2634320735939017,0.9456514412867835,75.52856443078767,0.3138604475728772
1107561814,EM,dense,True,7585.331998523401,20849,2209,2252,29.121994929556347,203.59066126101942,60.79072220883736,721967.2169332852,50877.19700562779,28216.0,3527,0.0390821069685874,0.26883087604633543,0.010506477054101944,124.77779047376896,37.25776001482898,154.0,756.5,1.4803536296884077,2.3645049870708856,4.017654660234852,2.465862886320178,2.8984837594663357,0.4427830149735185,0.20398882525107717,2.967134357761435,0.6344393932705906,102.70729944955484,0.26069998250788773
1110972158,EM,dense,True,3147.8499860677202,5007,249,259,7.9101609384839096,301.50251626222365,92.44398169025425,976169.2045753321,66011.79394426108,14856.0,1857,0.015218673084921667,0.21189081758668016,0.003224697082548456,34.051432321630266,10.440543001405544,33.0,122.0,0.9368601149011072,1.1745708903237762,1.6259555713159712,1.6822276337718538,2.207468433427574,0.43028417712185013,0.13232144948550809,3.0507179980953905,0.2520240948128619,178.49731043899314,0.47057770998825466
1131827390,EM,dense,True,11743.51799514048,29863,2246,2259,19.125444359427938,224.60801503683103,64.89038055874396,2223566.0508503015,92439.85052520611,49456.0,6182,0.022241749904882657,0.237453857876506,0.005281389320838797,180.97471295470845,52.28450103712812,96.0,406.0,1.2161886904660812,1.8628677022748223,2.8896451759696067,2.1292511022922045,2.571948750578292,0.7273622254229297,0.60820832405738,1.6380595641110882,0.9977040511853578,82.42275200361323,0.26160101426143884
1134107162,EM,dense,True,5234.554130698351,9103,417,434,7.966294541773461,271.0313060788021,67.44713380842096,1754711.8371815172,88730.53419301604,24232.0,3029,0.013809674891646216,0.2160182457369739,0.0029831417442913507,77.60973424855607,19.31346679625419,32.0,111.0,0.9050059008814577,1.0851065776737876,1.5579030150887951,1.5768086512791868,1.7258668416413951,0.9061196220908737,0.36161729468924375,1.6885153697865998,0.6741624035308926,87.71405136382724,0.3051615660055252
1135441187,EM,dense,True,17827.401585743435,29407,2309,2415,12.951971653830395,201.18087580843928,44.91706916452799,1003564.0959212849,60445.51302209383,77984.0,9748,0.07770704463914652,0.22860332357590576,0.017764088669770164,396.89592213692634,88.61379847415695,54.0,297.0,1.1144912219144434,1.9967967725967108,4.352392965269393,2.8224052543746274,3.368745575537308,0.662185364897568,0.4477188614291433,1.676087553348445,0.7159696797055847,58.26686202897536,0.25533965780060364
1135837629,EM,dense,True,10599.874808577715,20895,1017,1031,9.594452938038618,333.80352049193,90.98083151681644,4001798.2628412945,153669.0635380881,49232.0,6154,0.012302469231681124,0.21530457443487397,0.0026487779024252354,116.50668203245084,31.754832282645076,46.0,175.0,0.9198086435766848,1.1830217420287628,1.7207588974963823,1.7776211565642013,1.9962099451182138,0.6544090625441581,0.2740178915041645,2.403739322546111,0.33477308587542426,151.85640817195073,0.3599037795407893
1160073701,EM,dense,True,3583.171929617548,7913,376,381,10.49349591327404,270.15715933401384,80.46922848421897,2458825.2997222724,104457.34115319369,16696.0,2087,0.006790234345598215,0.2146125976052676,0.0014572698312573375,44.5284737670904,13.263286963968357,41.0,110.0,0.8922240860601464,0.9865561480224526,1.2105310573032257,1.4223075583095408,1.6003447653495078,0.6930907887857853,0.46553019756046005,1.7676700710427125,0.8656307926021158,106.70226179542537,0.3911902934822608
1167304403,EM,dense,True,3238.343159914266,5269,955,990,29.490389153979695,195.556374585399,53.626442872633504,171288.7538588893,24367.35575629068,11552.0,1444,0.06744167226248106,0.2803274896047668,0.018905754680088746,60.3870588173367,16.559639985042214,68.0,285.0,1.353822391268506,2.0758609999450424,3.264458830558736,2.4619065500952737,3.523768400341965,0.435458058451409,0.10441648641308918,2.926170264498502,0.2583707008492063,101.35289540212165,0.4277844807451683
1168915489,EM,dense,True,7531.6172734478105,20281,1745,1774,23.1689946082613,288.9604751425591,52.155659934431796,884175.8282856491,59030.30795942426,31360.0,3920,0.03546805849782695,0.24016636713800416,0.008518234758861317,144.40651854307444,26.064524117812564,97.0,368.5,1.1797646105024766,1.7499110765445656,2.835699274641495,2.1289704287802924,2.424080229625945,0.431460769700689,0.388229232363144,1.8870901868588268,0.3373662912690183,76.22906417443076,0.33437330084287764
1191315642,EM,dense,True,9186.52195035086,17609,1164,1179,12.670736610557421,353.57743764741684,104.60846538981595,3999836.0428283582,157247.36062257964,42088.0,5261,0.010522431307018973,0.21826938676940838,0.0022967246287062554,87.81815043474678,25.98164071631615,43.0,152.0,0.9474548216120936,1.1949170070695707,1.6886988879321434,1.713152854506732,2.015914406484718,0.5306977813823666,0.2614349927509427,2.521546038820491,0.4362702111552056,172.2631898185553,0.44751479671994593
1192019859,EM,dense,True,1201.4505601695782,2078,73,78,6.075988677361509,223.79943724366797,75.41874331043651,1010746.7421877577,62474.01025945549,5824.0,728,0.00576207644992649,0.20629302200713912,0.0011886761638915033,15.93039750376377,5.368425296179208,25.0,66.0,0.829731049840869,0.9157397562268127,1.0727237144371233,1.3159273046712758,1.5189008346012367,0.7964897256160306,0.36621081446312137,1.890966214996464,0.6422025706187924,104.80955199902094,0.39721059238249173
1198330286,EM,dense,True,7669.703162305224,18538,1537,1555,20.03988899536544,239.26845125159664,70.83586815052735,1236011.297342154,69051.37703119774,31888.0,3986,0.025799116940573342,0.2405200439759541,0.006205204741087483,108.27428762511929,32.05480339002296,94.5,429.0,1.2029020016162522,1.8579707273026222,2.97736924002532,2.208598358397153,2.6158605601313862,0.3943858683393793,0.25072049707067573,2.7171516177995994,0.9351647822657337,114.13754686344826,0.31041685802909663
1224595608,EM,dense,True,3084.1493436575956,7384,558,573,18.092509078637846,289.5942342167726,69.83699336669437,783118.2222467726,55096.70933973754,13888.0,1736,0.017734231697680604,0.22207296541313332,0.003938293422427518,44.16211516242683,10.649898994014466,66.0,248.0,0.9698582841690553,1.320269410812327,1.8358031807485689,1.7042036825871507,2.1138789195734033,0.3960220681138828,0.23352881910657802,2.987842174893186,0.7502071760039828,116.89533062651755,0.3126885934472608
1224941044,EM,dense,True,6584.169943565132,15709,802,812,12.180730553345057,242.96840457143105,76.57806852355995,1958696.6624194724,90517.26961285292,29816.0,3727,0.01522236728742362,0.22082673542947182,0.0033615056735901423,85.9798382292634,27.09887302087227,66.0,254.0,1.0167032031447085,1.441368201305852,2.3249187653831678,1.7962090090769733,2.09620182857852,0.9045014001570337,0.34794638924439203,1.910951669867655,0.23639382579719417,116.98706131692155,0.44734607077462135
1225290633,EM,dense,True,10910.754164417856,33687,2594,2635,23.77470852069558,263.57345438211155,62.09472463362887,1608542.914499696,80686.90888506212,44528.0,5566,0.02768219585478048,0.24503130983690838,0.006783004709458696,175.7114509935177,41.39549709205601,130.0,583.0,1.2800040080264965,2.079030900232061,3.479194567735286,2.2580681769210837,2.619628851000686,0.8015832607223188,0.3637475058055453,1.9212651536502254,0.7240379395353667,87.10843487544234,0.1724533516695916
1225640135,EM,dense,True,5395.261524519262,11346,755,762,13.993760943168985,291.2019809872767,79.16544225546507,2297003.405828659,102375.9190498972,24432.0,3054,0.01063646659730833,0.22082766554188205,0.002348826088297804,68.15172594007467,18.52755776670006,49.0,161.0,0.9586463263182768,1.2151489920088427,1.6860192264122693,1.66527904938937,1.9207054199071776,0.663786135464721,0.29596325458725065,1.951891489282174,0.8552567481453514,110.75028535535809,0.3685199093817312
1228265278,EM,dense,True,5334.627121330346,10968,673,684,12.615689619786728,234.1005311468917,53.07221211101938,1321999.1370876664,68483.56732969164,24488.0,3061,0.018523461410078147,0.21784658287039962,0.004035272771117239,100.51638906950173,22.787761715854515,42.0,133.0,0.9140896369654465,1.1457532477084076,1.764096270281199,1.633947413792243,1.8022388923413333,0.7673334630585352,0.5464843675194175,1.744893212429617,0.36284690501951816,73.33033531555041,0.3635897277825099
1261000309,EM,dense,True,3195.409759605493,4965,1009,1039,31.57654497883776,188.39985763625833,51.95442574557286,180974.89353849916,24183.61255437197,11584.0,1448,0.0640088786544069,0.2758468369825184,0.01765664671561598,61.50409159084546,16.96078648729575,63.0,262.0,1.309594163772743,2.007166934425561,3.384967965683785,2.349256072943111,3.307877597935293,0.4512122489712212,0.1366184544177165,2.767990914806918,0.23507439523266313,97.38383026614814,0.46564091556986803
1261423370,EM,dense,False,1575.2453408403576,3599,674,692,42.786985780921995,163.73437115270426,48.33001965004102,72868.98735372815,13592.610639614437,5552.0,694,0.07619153499483819,0.28372574582859467,0.021617500092235935,32.59351749175258,9.620737110665848,98.0,397.0,1.4917096030685204,2.212423231517356,3.1758978645974953,2.3521846841595235,3.2954923448543045,0.25355598040134086,0.13193019226289637,4.360324963222036,0.38160653852924314,96.17787218695089,0.38390284178964396
1262360335,EM,dense,True,11187.640039367498,33189,2733,2774,24.428744492877986,259.6522102050791,45.46248551430092,849024.740484363,56785.754970651666,43416.0,5427,0.051136319037336245,0.25768472543227144,0.013177048330753026,246.085094398287,43.08702025117079,153.0,834.0,1.4090226749833121,2.350344546085609,4.089049721991045,2.677525656646864,3.049234134469201,0.5586660228886359,0.35723373138188896,1.6571012639181062,0.6910670413805836,58.33314936093168,0.1542269191628389
1289359184,EM,dense,True,8959.022386146793,16036,1006,1053,11.22890374239452,219.12335132659942,62.81953759913546,1998169.8136163168,86247.49043703062,40232.0,5029,0.020134424875124873,0.22268399249718615,0.004483614117827465,142.6152233611807,40.88574919974426,53.0,228.0,1.0456375333971515,1.5052120944467058,2.294831553828584,1.8780100884857684,2.2336131603457474,0.7582997521759955,0.6206312186766201,1.6239691492174992,0.991843355301746,79.19705282602816,0.3701634939834209
1316245799,EM,dense,True,6334.1350353397465,11381,1159,1181,18.297683796345435,258.6859283118719,79.01584558866271,2150662.696005416,95041.47706028848,27640.0,3455,0.012851852617957155,0.22916552226265363,0.002945201517236804,80.16284566912964,24.485812106885493,52.0,172.0,1.0236158751357056,1.339707071772366,1.9794171985436708,1.7652589410815278,1.886843918778596,0.451929518340399,0.3667497630000042,3.111992663363735,0.33353286432994905,146.52327370156678,0.4080924652698718
1321564092,EM,dense,True,28609.672252317425,80875,7060,7139,24.676969165307828,175.64429810576002,45.60814234397172,1075305.8612741758,57612.035554768045,121496.0,15187,0.11298738747321084,0.2354783058892262,0.026606078589041265,627.293083689889,162.88415030182645,100.5,553.0,1.1990642184542089,2.3762186256077595,5.805534142109867,3.394266006202292,3.7339692315736657,0.7471889226367943,0.5456766687290312,1.457345462983352,0.9992353244014798,54.11960887891158,0.10046193877876243
1352684733,EM,dense,True,17087.448585703758,34313,3028,3080,17.720609281208787,228.6278215866481,76.44368926146032,2671633.140351848,103891.89963258826,74528.0,9316,0.027896045633789685,0.2292755553040972,0.0063958813534755665,223.52987867003074,74.73914796160427,60.0,225.0,1.0532204503022533,1.424903984798512,2.2389214603909537,1.9141183964973607,2.0694499922131233,0.6939092898050947,0.5589984384889655,1.7636554469312835,0.8476722087585492,101.17169971342884,0.22889664506311358
1354368623,EM,dense,True,2508.8895662551117,4254,186,195,7.413638388142866,189.71503504993746,46.22034852659325,539223.6222191212,39324.66992930421,11896.0,1487,0.02206134803783854,0.21090194739871485,0.004652781263420965,54.28106118264344,13.224516262481322,28.0,84.0,0.8522043363638288,0.9893097658734668,1.3876601583269423,1.501038877521507,1.639797102127524,0.5577345317488762,0.35363857303748436,2.666284941855166,0.16014148820553517,90.7070788600128,0.45017316993041384
1378251040,EM,dense,True,11282.059087458982,23666,1023,1028,9.067493726718343,347.7650551350384,84.86689485059144,3256213.146138937,130309.91437615648,53160.0,6645,0.01632571260362197,0.2122283500274451,0.0034647790488889557,132.93828067258852,32.44161229217846,41.0,126.0,0.8861183700486162,1.0619408026599193,1.6669709053574144,1.6772656097330305,2.047932308487744,0.47505337100658024,0.31681061619106926,2.08115118759057,0.5696252375125112,124.93713220532354,0.35341399610202157
1383016399,EM,dense,True,3988.7820508526997,9823,626,633,15.69401366179376,249.675015126534,52.88754870133517,652964.8305827471,47141.40853467757,18400.0,2300,0.02817915933325027,0.2167816331985163,0.006108724182423207,75.42005914053644,15.975895901442945,53.0,156.0,0.9293527611492777,1.1595296659455523,1.7556259026640404,1.598820189769735,1.7610516780806622,0.4378061057740863,0.31584346023441895,2.419743206579331,0.3048785796431996,89.41611172030592,0.4007839176235314
1406911688,EM,dense,True,9878.924605368216,19841,1359,1377,13.756558069706475,352.2781987410104,70.93915097909834,2510273.1559889326,113551.93922643931,45280.0,5660,0.018037877627768265,0.21817412997721325,0.00393539825807378,139.25913221429678,28.042963318973516,46.0,152.0,0.9099967396249278,1.115506391753412,1.7246725917193115,1.7188379363208999,1.9989730079660495,0.46182993158885227,0.45810827887236183,2.8019047430286985,0.11740491027471794,150.76132536753246,0.41078563751777175
1443135486,EM,dense,True,3567.883468246486,7501,435,440,12.192102232918225,293.00225064035715,59.46565483396508,1696959.0870268797,83937.61704057192,16464.0,2058,0.009702060660074837,0.21670817955821706,0.002102515903608212,59.9990612767727,12.17698314756582,46.0,130.0,0.8822659417028896,1.0568375202151914,1.4024699167635557,1.5723717767609875,1.8028718889572946,0.6241534441656814,0.4210134917997687,2.0709246226051286,0.3171543527292686,92.19999704465546,0.3696618034163429
1449247522,EM,dense,True,5129.344155592129,8605,545,568,10.625140046526775,247.20850472102867,74.6320959568715,1378632.1882342708,74881.79032256384,22976.0,2872,0.016665793963092708,0.2232479176354513,0.003720603798001922,68.72839479888495,20.749060237148885,43.0,177.0,0.9948301310302811,1.3968802166645231,2.081714348860442,1.8103331616765512,2.112579965235638,0.43958719867665913,0.2605471365749726,2.5586672440285856,0.8063328820750636,118.02242858912244,0.343608343898937
1449618949,EM,dense,True,1377.093147023143,2471,66,69,4.792704120463597,226.59218722112723,67.2770869731189,964422.3747616855,58751.65282877946,6872.0,859,0.007125508677355305,0.2003919014876518,0.0014278942329219923,20.46897701699498,6.07740789261751,23.0,54.0,0.8062606247208097,0.8315779873328158,0.896545017593192,1.2985953913480397,1.3743444581069293,0.8587645898508978,0.4831124576728311,1.8486571782063665,0.29219039727548224,98.38538480505785,0.4279207933188755
1479156699,EM,dense,True,3081.566245834751,8485,607,624,19.69777546792841,202.5996408408878,45.48895076464834,526585.952772913,40551.68963986015,13560.0,1695,0.02575078185924885,0.22725414792291673,0.005851971989772499,67.7431814547278,15.210126893832294,62.0,183.0,0.9940536276886294,1.2189739896498224,1.7833137996728883,1.62331380601285,1.8244915605889587,0.7020151296003412,0.3741052275486117,2.098214322056446,0.19968846286391356,75.20241625988837,0.38070992690512223
1480525278,EM,dense,True,4193.244948886948,10919,774,779,18.458258685924132,215.91583769545522,49.53330927474162,767264.0516214966,48937.950143510185,18664.0,2333,0.024325393533759933,0.2246702180072304,0.005465191468341516,84.65505354444787,19.420738161882465,59.0,173.0,0.9582369627255365,1.1519903705733374,1.7129268582054527,1.6723493389516306,1.8761722366384554,0.5317607117293549,0.4589834546390175,1.7138568627262347,0.5998506171388724,65.33347425224306,0.3891380329671306
1572390197,EM,dense,True,5534.983253914609,12844,1018,1033,18.39210623230018,256.0874710587065,53.93093153973226,1111210.9470278246,72010.44043900217,24512.0,3064,0.022058817963918263,0.2258070844449498,0.004981037370734266,102.63095956050469,21.61364330332954,66.0,267.0,1.0357378843403087,1.441401889040263,2.275897719537257,1.8391908169708193,2.0792574207042107,0.6253358259265216,0.30578972271048566,2.0033866107319764,0.39245267366605624,80.25623723165815,0.21367814583972217
1578826464,EM,dense,True,11325.721561345757,28467,3305,3384,29.18136369588879,139.23939087674898,38.11288362539114,412765.93688903964,30328.42759147404,46384.0,5798,0.11237361384417972,0.244173024347744,0.027438605149218878,297.1625467300108,81.33992464367347,82.0,369.5,1.1763316951958618,1.9772558591734912,4.424109984900687,2.68242367839069,3.0478260391134975,0.8331723702688525,0.4564571873522425,1.5152423716201742,0.9039629835210395,46.28611757409784,0.28928972533896685
1630051981,EM,dense,True,4066.023044789274,5306,1013,1057,24.91377911146344,312.16658387622437,122.05628378670161,1094372.444645743,80562.01295537647,13216.0,1652,0.01207632745566627,0.3076591286916824,0.003715392382805726,33.31268918439969,13.025170709500005,159.0,802.0,1.5858124199646155,1.9931485513672913,2.4435234644166313,2.422718856751163,2.794517556556202,0.3029464226340223,0.07153860743571366,4.971572526662922,0.5973966003944187,232.93096635392314,0.25903696149511957
1639886198,EM,dense,False,10715.786585465834,28324,3656,3815,34.11788738830195,123.54696161609307,38.512096947163386,359780.9815284878,27949.126066231933,37152.0,4644,0.10326282351602921,0.28843094814453685,0.02978419409481028,278.244692834237,86.73452139408995,154.5,619.0,1.6147960496482572,2.7336190269045493,5.232317668684489,3.0550322687820617,3.528411783162935,0.8589168510295361,0.4450289975156469,1.5500281277597114,0.9845409404996415,47.189269038178814,0.291191286599729
1640555311,EM,dense,False,9681.426597203994,26077,3271,3404,33.78634302660176,123.10307553704322,38.2524616009337,383571.36277838796,27983.472737855398,34064.0,4258,0.08880746402249222,0.28421285219598386,0.025240222646124733,253.09290414313313,78.64487995095406,179.0,674.0,1.5975951480534643,2.5639371284968204,4.6545320178865355,2.9033429493733465,3.2239182807872107,0.842205904608799,0.5665063404797099,1.605547625909656,0.9360011397411965,47.92508823794223,0.3256715165851676
1640572741,EM,dense,True,21125.8603748839,57940,4401,4475,20.832287641322566,120.73688358924856,42.19971963234033,527250.9885898206,34753.89100921872,89312.0,11164,0.16939181136269246,0.2365399988230462,0.040067938860364936,500.6161310771792,174.97437193057655,125.0,660.0,1.3504129618309832,2.7622725385569953,6.841276028135979,3.4110551761190506,3.8529747172868687,0.8346468546673739,0.5002171679234282,1.5770672479597885,0.8497541861072057,52.50999610425465,0.13592577466781658
1640887603,EM,dense,True,10546.319568354296,24967,2700,2751,25.601348247607884,195.0828679948848,39.108173868509915,508323.520876222,38318.652137606405,44272.0,5534,0.08709414021150585,0.23821647019231787,0.020747258655619737,269.6704684758048,54.06071623178529,71.0,316.0,1.1115429561924848,1.7935917633255607,4.019176664769168,2.5212875241385535,2.8705279173528297,0.9106685721772914,0.45943757821627074,1.430308763201122,0.8845080859875978,45.81555930480823,0.30529199645763816
1640909284,EM,dense,True,22428.969636455615,35305,2577,2718,11.489604925102729,129.8540690515784,40.057232797229766,516262.2854370437,34129.67101449498,99360.0,12420,0.192460310975237,0.22573439650217003,0.043444912148615095,559.9230917919706,172.72442673742296,61.0,368.0,1.2181712815802528,2.806427632189141,7.2258278467962676,3.6566659902456524,4.164309252962424,0.92451324834896,0.5360732146949985,1.424930571449146,0.980315622081663,46.508660285417236,0.256810520168816
1640922516,EM,dense,True,19619.721202161683,52905,3558,3600,18.134814268451393,122.29009387572053,40.89071065708523,578256.3260842594,38329.57638948141,84832.0,10604,0.14670310755517593,0.23127736234158905,0.033929107762675534,479.8087606423668,160.4358994286207,100.0,539.0,1.232704272566077,2.5257107623792074,6.131162875675526,3.322705249674034,3.7985907458202677,0.9786609364687947,0.5082680377340084,1.3280456237819083,0.7762415489791945,45.50967350558076,0.13878036580034636
1640922754,EM,dense,True,8737.88173763898,20554,1709,1733,19.55851602612535,129.46948133480933,38.27194371996721,425610.2252815653,31116.545373673613,39224.0,4903,0.09215943995248493,0.22276875733323934,0.02053024391474236,228.31037277785967,67.48989528306468,55.0,237.0,0.9915889398137744,1.5191032228162342,3.231465139659386,2.2139045307249954,2.5224831806117147,0.8932231072351409,0.4835408736281423,1.5006028946204055,0.9321938768447748,45.95684069433766,0.3926360832690469
1666561406,EM,dense,True,5916.699236617437,15259,1209,1224,20.433690333923114,293.8052557955258,52.11768265576823,866421.7783401458,58335.35787800213,25112.0,3139,0.02898357431424278,0.23561242579712635,0.006828890252450024,113.52575431445425,20.13816676150672,92.0,370.0,1.15380250324053,1.6847093498341221,2.4652913485905987,1.9727147421118385,2.2118501819130607,0.5528340236276515,0.35432716077528165,1.5860079002915777,0.45423526633746913,66.60242244427343,0.3169712498513463
1667251683,EM,dense,True,18283.552372253882,43272,3651,3705,19.968767150198655,179.37722942046048,40.36321845278929,570750.7650072974,38573.0763870024,78408.0,9801,0.1373769512144193,0.23318478181121674,0.03203421439482453,452.97558205471597,101.92794498680325,94.0,556.0,1.2478536972600247,2.6089543910179627,6.419786647561054,3.271875741010813,3.825010956538469,0.8426265093804806,0.4952531871696655,1.541921248385985,0.6593332532004148,49.64210091778949,0.1875237674678805
1668944259,EM,dense,True,3240.5458126899716,5076,212,219,6.542107788441329,174.91525299779096,38.45899904594101,414834.07060747524,33500.28640618926,15536.0,1942,0.037451118653897865,0.20858302089920003,0.007811667464884399,84.25975436383546,18.526376386002752,28.0,110.0,0.866456099649725,1.0603880277126871,1.7019673385976741,1.6398398084454329,1.959217540925013,0.6700205017247403,0.38768825449432254,1.7440935016771932,0.5882685344793723,51.303955522928845,0.3169308604996988
1669924220,EM,dense,True,9801.074860781997,15230,856,875,8.733735964258337,166.75344609662562,41.43630532489146,488809.86113610887,35189.72543086459,45968.0,5746,0.09404065599895954,0.21321516839501387,0.02005089430479573,236.53351291661454,58.77584595824631,38.0,200.0,0.9696354235043527,1.6466859645131042,3.781278881474536,2.2226243979553453,2.536510057138198,0.7314418586418495,0.44419824530018137,1.6726416850003025,0.9205558759317823,53.18448381854281,0.3707317222837017
1670597533,EM,dense,True,10207.953536092078,23339,2143,2167,20.99343411412516,262.74714801938035,40.48174180775186,657659.7605101475,48100.67491175418,45264.0,5658,0.06882586212191036,0.22552035913953866,0.015521633143821593,252.16191498304934,38.850863322555014,69.0,325.0,1.0549765952968249,1.807357212480892,3.9382536790478695,2.410889403806407,2.747766766108231,0.862053716002517,0.4470541839429131,1.477261419598093,0.6648589222233063,48.8966206976197,0.293443591451874
1671257931,EM,dense,True,7185.75103876917,11058,688,734,9.574503712806697,120.26265258201997,36.131303775442944,366313.9775163142,27248.02064783136,32584.0,4073,0.08895101470308715,0.22053004661088785,0.01961637141855758,198.87881941456672,59.750478510927884,49.0,220.0,1.0815398914462928,1.7892806371437175,3.90529947759194,2.2631597342851566,2.574615205578348,0.9033206845389874,0.5115143723401242,1.4474485590685808,0.9452589446508463,42.372608930249676,0.39618950656712115
1671620613,EM,dense,True,25398.22184253619,73933,7577,7824,29.832797142161603,98.68921371861916,38.17064986103697,434344.5165750882,32614.323436739538,88528.0,11066,0.2038197712223116,0.28689478857012685,0.05847483017123671,665.3861523186077,257.3556003288376,233.0,1363.5,1.9992303087638688,4.607805123827321,9.9211804072407,5.226452670093949,6.3007248431000225,0.7818745752578892,0.3948001587578596,1.7010644916701845,0.7418522909115189,50.02159295154881,0.09968295191220745
1671638278,EM,dense,True,9982.159549586935,18371,1283,1296,12.852930206400988,332.6533315461353,81.08407759431304,3509075.7933228984,135709.09108167246,45624.0,5703,0.013001714037301151,0.2187918540589807,0.002844669120165794,123.10875138187487,30.007694506443027,44.0,165.5,0.9550477946409237,1.2797640448188379,2.0190452163403996,1.8211576555244615,2.023137322575382,0.8235237596980309,0.41595378639539454,2.2761802805063502,0.18909601293004366,141.84968300433442,0.25177799278391383
1672320134,EM,dense,True,13972.588216282027,34065,3724,3774,26.652184565637484,135.495607464781,40.47860881095194,474421.08332885144,32591.118059634096,59112.0,7389,0.12459817254585566,0.2363748175714242,0.02945187030525947,345.1844968669375,103.12207515593363,78.5,372.0,1.1659369339354162,2.0572126349060698,4.82478874871617,2.7452681741318448,3.1209712343716833,0.8784890887705369,0.4783144996088958,1.5142334181687498,0.9001787518972098,48.69056590510725,0.24754880886011627
1699974843,EM,dense,True,19354.931790772567,50148,3421,3448,17.675081663842164,112.15745154439725,39.38148680131246,481593.2090666844,33380.85180872213,84816.0,10602,0.1761154401748548,0.2281990637470827,0.04018937855930722,491.47285597474007,172.56929008511722,99.0,562.0,1.2246856359638425,2.638349480748714,6.646611191886183,3.445349707352578,3.9315319501873995,0.9592396481640333,0.5070052450399863,1.3889712067896964,0.8157131869838634,45.03987992769495,0.16705389436511942
1700644008,EM,dense,False,3462.6920812386516,8789,488,499,14.093081006077671,178.8986153006344,43.29907717303465,497260.8659776885,39447.86648740386,15920.0,1990,0.0320153888818476,0.21750578399740272,0.006963532258727994,79.97149840863378,19.355611419460622,55.0,166.0,0.9278381782525862,1.1729986725063182,1.7313460406193257,1.7018924324336717,1.9205169613081816,0.7441625483305621,0.3501120464312516,1.5184343673018288,0.5181422745212537,53.356816362055376,0.2902843104185674
1702306037,EM,dense,True,10835.403772351425,24840,2428,2454,22.408025127734508,128.93700190700085,37.83561356778586,446709.5211237853,31342.81508833362,48160.0,6020,0.10781055187461437,0.22498761985779536,0.024256039461824867,286.3810772604186,84.0364178792271,59.5,283.0,1.0191312803189827,1.6909181916902973,4.129345949829049,2.4277569473669414,2.7074971944906108,0.9675405948802395,0.554654372316156,1.3707959318771707,0.885900364569548,42.79669295417365,0.34227232936982316
1704347707,EM,dense,True,20383.221838811292,50331,5423,5536,26.6052150287359,127.54033461697706,41.54715593678388,490866.5266558858,33605.32450696664,81264.0,10158,0.16555213196879656,0.25082720317497653,0.04152497824138786,490.6045041885756,159.81784821268656,123.0,615.0,1.4431621239600179,2.952378597742076,6.886223594193004,3.6260061249568842,4.104555344102153,0.8994630672748646,0.47294026038711656,1.512410798325296,0.9375322855255793,50.17377399073718,0.167513402085948
1727979406,EM,dense,True,5685.248298818399,8424,1064,1096,18.7151016820345,316.3442554106983,95.00246775966441,2057575.3117826076,104153.57074782756,24440.0,3055,0.01187805853814706,0.23262063415787232,0.0027630815097080988,59.84316442390572,17.97171341530273,51.0,204.0,1.101792305972558,1.444422840146951,2.1150477302151782,1.8472865605877207,2.0131899075135973,0.41218950044964675,0.17973651873854912,4.386961087928889,0.39981793874505245,187.76430531953088,0.2972050174081648
1730651751,EM,dense,True,3052.3537548997356,4814,216,226,7.0765061111697785,168.5526656344174,41.10006323373236,429227.69755750115,34945.11486819819,14904.0,1863,0.034722829129644875,0.20480097657674018,0.007111269315258551,74.26640045640015,18.109198946281538,28.0,97.0,0.8431916449999269,1.0312005928715322,1.5766290056300287,1.5562382921648918,1.740224489680579,0.7136328957368631,0.36930878168921716,1.6269050755189423,0.7345062533829171,52.115050577741975,0.38547858478401914
1733677514,EM,dense,True,6453.832338896051,13584,1160,1181,17.973816781835115,255.385128925033,78.37655417911748,1809718.1739900215,89850.81019324288,28552.0,3569,0.015777042199365918,0.2260378375909236,0.0035662085023254212,82.34391530082857,25.27097942649018,59.0,223.0,1.008411302952508,1.3558471300201786,2.2162885779176,1.8679470143383252,2.1125474104406057,0.38617348741163665,0.3433848875268853,4.5243949575875435,0.20134167040326026,180.58917612398403,0.3673400372736342
1762359683,EM,dense,True,9249.88990811477,23544,2178,2214,23.54622618901959,131.6846128274234,38.03843848373898,424065.2969100504,30886.6207860134,40840.0,5105,0.09630592339807206,0.2264909380047691,0.021812418925844783,243.17217732449765,70.242754331799,67.0,303.0,1.0482649487890718,1.673279650527274,3.8034086793235073,2.3208680781123756,2.6278096329871508,0.8631076535038489,0.4789464764561236,1.4884736772547336,0.8774805523028046,45.46865315127781,0.3355363609363476
1793403571,EM,dense,True,5812.729833640948,12679,1130,1144,19.440091529115442,273.92996327363636,102.88317938017394,1893922.475504543,92510.57148330314,24296.0,3037,0.012828402595268594,0.23924637115743116,0.003069148768664583,56.49834957142749,21.219766411002098,65.0,199.0,1.1067650102134325,1.4473928868627857,2.0759749405860526,1.920532308945793,2.1584589059194013,0.32300201209208607,0.14459889001766135,4.588301564713061,0.5155375598976253,197.28615940822803,0.2771933778235918
1794055377,EM,dense,True,4835.023196687425,10603,1074,1103,22.212923419598475,250.7883273565144,80.95249697075808,1141655.907093408,70489.23408469185,20312.0,2539,0.01779170052359578,0.2380377706128114,0.004235096728047528,59.72667153718493,19.279299190883304,81.0,320.0,1.1511959992112917,1.7518199987997918,2.7224229711077843,1.9530479282795223,2.0662492293536006,0.32706067384265075,0.20930371301729647,5.586856887855074,0.21245532068756595,192.65631486086187,0.27822218752523065
1888199872,EM,dense,True,4965.459538601026,13600,943,957,18.991192913147408,194.503447140745,45.0997315422676,614457.4321052898,43087.57162540355,22040.0,2755,0.03586904291235484,0.22529308251365818,0.008081047244539105,110.09953648942196,25.528902503244378,62.0,212.0,1.0076013674109225,1.3094566293779077,2.155147369184473,1.8358838492729805,2.0234146449066936,0.9320259646300537,0.3972704798805849,1.3592437385507257,0.9629816875776456,50.70361940795911,0.2821050209715083
1916800213,EM,dense,True,8419.891925732834,20241,2135,2167,25.35661999977723,128.58465845690682,41.26309384198785,422651.4938442335,31333.43463039947,36272.0,4534,0.08582011545750717,0.23213200059916284,0.019921595092802277,204.0538200546914,65.48131034274694,69.0,327.0,1.099202601270605,1.820910883592741,3.629263761091739,2.297242118188112,2.636159024963317,0.8817311894215831,0.3707271834741379,1.7599416537629655,0.5367843815233284,55.61460488208506,0.43021456389052853
1978573010,EM,dense,True,6641.254316309079,16378,1418,1450,21.351388344183498,246.39937603095544,70.03289364215355,1473284.2928292626,74183.85041011982,28104.0,3513,0.019075748066267443,0.23630993155099198,0.0045077887198236265,94.83049993969742,26.953210772233167,74.0,282.0,1.1017342926856468,1.4930877509687677,2.3718765415389567,1.940707335954876,2.0891017037776276,0.40691029062776285,0.3303730167564787,3.4172355971830677,0.4736426628360615,127.07231553724164,0.3255006144073294
2040301572,EM,dense,True,1612.53272507649,4636,189,190,11.720692365547798,124.75758897006746,32.98570564872122,205474.50935509522,21145.066501467267,7864.0,983,0.0382723872887301,0.20505248284289038,0.007847848037878784,48.88580351286206,12.925327736682839,52.0,164.0,0.8688215113558674,1.0231806631196,1.5270196260194033,1.465028305870958,1.6093140968827244,0.6645867809964052,0.40850027239115594,1.7222803595249154,0.6781164969611808,43.389924450796116,0.32997946372221965
2095549849,EM,dense,True,7018.747787861886,19481,1564,1595,22.283177103254193,245.4378621761257,62.43122643368247,1149157.1790031064,67949.24101938064,27496.0,3437,0.023927101098435266,0.25526432164176194,0.006107735230745935,112.42367303672219,28.59684209123875,126.5,675.5,1.3476858271624204,2.021528740743631,3.2494202721582806,2.2729677075721497,2.4977750134739805,0.36802308158621594,0.26201412957046305,4.122821115940802,0.20953123175996632,138.88866274450854,0.30452583392452964
2135408892,EM,dense,True,5867.890242399906,9113,616,642,10.497810534166748,126.0217390232825,37.26798566674047,315914.33490912704,25121.64913369456,26088.0,3261,0.08257934863102756,0.22492679555350759,0.018574308266472963,157.45123159786604,46.562523957202444,51.0,224.0,1.0715650552227731,1.690060553686609,3.00609131270487,2.0625344467210915,2.2456525994641816,0.6946645838348118,0.46484828924168037,1.7149279249568066,0.9467209830005759,48.52554133705925,0.4270292162605571
267551639,EM,dense,True,6247.369155692656,10746,622,655,9.95619091010859,289.56542769829895,74.64666506391787,2298046.6379007427,101822.91879925391,29176.0,3647,0.012695999950049826,0.21412699327161558,0.002718556295880751,83.69254206257182,21.57498291612993,37.0,125.0,0.9517625161018671,1.2182857167887395,1.7667899195963395,1.6542035555266903,1.96088171867315,0.4954768387238014,0.322066790958289,2.4634946317853412,0.74560223436081,116.65431364203401,0.353522833545568
294436967,EM,dense,True,12788.000075151216,34741,2412,2439,18.861432482213043,268.4808927762849,56.34714262406775,1208816.1946678923,71746.99386945993,55200.0,6900,0.045664510653884424,0.23166666802810174,0.01057894503031916,226.95028495888687,47.6309503552157,89.0,403.0,1.1583333401405087,1.9328899750833157,3.700231503226625,2.4555590142426054,2.9588153806458157,0.7368751314220577,0.31621551508280366,1.770918574787781,0.46728254537259584,77.39815540257541,0.2118512642539076
296139882,EM,dense,True,15589.799006157999,45378,2713,2759,17.40240524543235,238.77667300222305,66.73596847967528,1688909.104761607,79882.4032849851,69616.0,8702,0.04121950660561241,0.22393988459776487,0.009230691552437649,233.60414722843106,65.29029326919576,74.0,281.0,1.0240277854806883,1.4360537035886145,2.840706815990889,2.0224545553441478,2.3815763834644055,0.523178201173045,0.3164159618207158,2.1833384087265872,0.8975722300064221,98.37423278654093,0.18573844102337392
296543992,EM,dense,False,4576.419911356323,10896,838,860,18.31125675160434,194.0814168646859,50.178114346433865,690810.6263477448,44443.08877495192,20552.0,2569,0.029750555674941802,0.22267516112087984,0.006624709778353372,91.20350517279984,23.579897474403822,53.5,154.0,0.9526269590666784,1.1650763521782899,1.8102926864542417,1.7160001541390375,1.9649720529653596,0.5503791147977807,0.39764037187145207,2.0747096659157345,0.9987740020373337,72.25152982788724,0.3753283952071079
297230760,EM,dense,True,11678.471178639345,33794,2089,2106,17.88761532263668,244.72623841636508,57.564677281301805,1180996.6034670693,65564.53425985704,52120.0,6515,0.04413221837132346,0.224068902122781,0.009888657718705273,202.87564753590226,47.72055196946301,83.0,350.0,1.06322570817911,1.6626525026536654,3.1461398649351686,2.276949384186442,3.021596682700995,0.43764561508068295,0.3872987195926058,2.2077057162933538,0.5305112561556667,87.34065185048158,0.20948519773061502
297251714,EM,dense,True,14483.418914572874,41863,2299,2324,15.87332392689961,228.82566116074057,60.51246534161852,1395632.6995201092,71037.66397904963,65896.0,8237,0.04721586132415675,0.21979208016530402,0.010377672377232939,239.3460394120093,63.29455726732882,72.0,299.0,1.0069117710353779,1.4791073237921644,2.8376604456451555,2.0834998434784726,2.5593601192035473,0.5604901573024378,0.3478633085987916,2.028985335688584,0.950055832974426,86.10584631877268,0.1812665139426626
297580589,EM,dense,True,7078.193694430393,11652,792,834,11.189295379458176,208.24369209996357,56.3263489598122,733550.5090809667,47635.71730896124,32240.0,4030,0.043950620442472436,0.21954695081980127,0.00964922470478325,125.66398897042932,33.98995486035004,41.0,180.5,0.9760333279688904,1.4480756330667743,2.485320819673593,1.9454127663309964,2.2057319085167943,0.3671512574588221,0.3258721426916246,3.081467950603413,0.37013911664375926,102.41470865866418,0.3616894411255415
297917475,EM,dense,True,4427.4390875942645,13349,981,998,22.157278295454663,242.5553677521624,50.58003189335911,382411.8297685913,34480.47814944636,18808.0,2351,0.04918257892644502,0.23540190810262998,0.011577672924693356,87.5333391827213,18.253313165669134,91.0,397.0,1.1340776351419735,1.6373665264771688,2.538669201602216,2.0977970561214505,2.741448351451557,0.2916235372127517,0.21431526774582937,2.830560420245384,0.5619056613673651,84.87449850266024,0.3070596051308515
297925608,EM,dense,True,8173.557879517053,27564,1918,1939,23.46591323230867,261.6784065965293,46.93451715124594,724709.148349955,51331.5470169987,34720.0,4340,0.04790887500047681,0.2354135333962285,0.011278397544900485,174.14811903098644,31.235125533760645,124.0,575.0,1.1643244842616884,1.8678148719188878,3.172965015340471,2.311251629774572,2.869929030729302,0.522779776958377,0.3298814258098924,2.3371306090088995,0.1721515303945621,84.34122430792272,0.25904521487568066
298214577,EM,dense,True,3619.4238332701657,8869,729,749,20.141327282506875,152.2161170279483,39.75558824264368,466145.94419857697,33422.68775005466,15832.0,1979,0.03396361203403629,0.22861444121211252,0.007764572186706189,91.0418885309765,23.77819053553709,67.0,279.0,1.0317627802936618,1.4454568024241876,2.1751345151863974,1.8069455470010736,2.0041106496512544,0.6985834592965879,0.668543218526774,1.6689318407621156,0.8763281726086135,50.988093152671425,0.2938386258372988
298254384,EM,dense,True,8090.7017315683,23928,2091,2129,25.844482584759444,187.33375797489003,44.01768299962928,469829.3218865532,35038.25276913913,34024.0,4253,0.07241778751351659,0.23779396107360393,0.017220512545025685,183.80571579918097,43.18870137998709,91.0,397.5,1.1274667964838767,1.7963369741492672,3.5863039590285015,2.4303558793295443,3.1178041354791137,0.46496484457476667,0.3619859482586632,2.135164731960278,0.5110997050930216,66.20413548352133,0.30135152956778455
298258399,EM,dense,True,6702.964755964682,11745,594,616,8.861750309389958,285.94973304931136,76.11849778229619,2152704.9439726667,98594.40349211171,31944.0,3993,0.014839005266113979,0.20983485962824575,0.003113740587037826,88.05960379217669,23.441059673270516,31.0,108.5,0.8732366800370873,1.0741930698661348,1.5573802871665152,1.5856137398103225,1.858321252000189,0.4240501088706293,0.353815784438081,2.115560389603411,0.575968775495749,112.80398425060918,0.39260446414685907
298258611,EM,dense,True,9879.434640140094,29020,2617,2662,26.48937004317172,264.5490511481519,62.828941222353485,646260.5594406603,48915.91884921193,40968.0,5121,0.06339238779395401,0.2411500351528045,0.015287076544932223,157.24337300506915,37.344434225951716,104.0,507.0,1.21368975923097,2.079005606090087,3.765028445175341,2.6023429843383252,3.364930054543629,0.2826419617095566,0.20217829251056837,3.9262604862334918,0.308471743147774,127.30585885338789,0.2768291148367393
298595394,EM,dense,True,2842.3053687887927,4611,219,225,7.705013064564687,291.30943419997175,86.77758549326515,993756.9731682355,67298.29439638395,13264.0,1658,0.01334732772512028,0.21428719607876906,0.00286016143336044,32.75391165394185,9.756997320030731,31.0,107.0,0.8926838469814048,1.1243296553753135,1.4803673795774963,1.601187265118793,2.0566609036098358,0.4807667810653748,0.14025542015428885,2.8540980649125345,0.17527063735703924,173.67565303995062,0.4562222693834904
298603730,EM,dense,True,4770.442017746465,8411,464,481,9.726561988886544,283.87853861670135,69.30024072902476,1615995.685515116,82750.33357406489,22680.0,2835,0.01403469093592939,0.21033694963608754,0.0029520140805486344,68.83730803186775,16.80451802024955,32.0,99.0,0.8821083612696866,1.061041374053929,1.4982544025585633,1.5261285954121202,1.6850731253078295,0.4270012122487169,0.32611103233764405,1.939093384411169,0.8574160783484343,96.61647454213468,0.3588619725965587
298612190,EM,dense,True,5566.598874908388,16707,1309,1333,23.515256432439507,204.2082590502313,52.53782541330321,469704.9244032924,36642.32665090184,24336.0,3042,0.05181125156589782,0.22873927000774114,0.0118512678613709,105.9541165078153,27.259420852019073,76.0,294.0,1.0262903530435818,1.4496351236740594,2.5771291087538835,1.9140687452473735,2.3242584028845044,0.377760217924564,0.2810773529544545,2.8931280773138504,0.35544043491568605,93.91669822397223,0.3711000719786155
326817334,EM,dense,True,3759.336167016141,6814,368,380,9.788962296821909,210.22779322595363,50.880466623193605,825059.1042882726,60221.6293719871,17824.0,2228,0.02160330079064537,0.2109142822607799,0.004556444680722708,73.88564642806296,17.882203439083778,37.0,139.0,0.9010872883547798,1.1987679104005553,1.8073731572192986,1.597615990556215,1.668591285848265,0.5974578388965683,0.3139798737860809,1.9819141812111059,0.4241464692775901,74.71854550248827,0.3121490427832712
327499164,EM,dense,True,14735.255024068265,24256,1820,1891,12.351330173975606,224.08474941532924,57.1011446212331,1483193.5298536727,73139.71506856247,66784.0,8348,0.0450271651377745,0.22064049808439543,0.009934816143326893,258.055335349424,65.75750943567002,42.0,193.0,0.9763619814516475,1.5349223983404443,3.019519472145136,2.1692080631576967,2.5274879972672837,0.487029186682391,0.3891250705887416,2.133918198596997,0.8436985363651006,83.56068312285127,0.27980837953193755
327937328,EM,dense,True,4801.79289395447,8350,376,389,7.830408522478962,295.20548861292156,71.35155705234806,1639993.5504101824,89172.3834476686,22960.0,2870,0.014000055057690577,0.20913732116526437,0.0029279340109316177,67.29766093866134,16.265933660368564,32.0,102.0,0.885939648331083,1.0776016368838577,1.4930948053341013,1.5643557008712132,1.7950627640951289,0.49575789612810467,0.317770741014468,2.409319445525929,0.355193916336035,117.99314811507809,0.34865784362734537
328265389,EM,dense,True,7926.278115157926,14280,929,978,11.7205072355891,210.39455197468791,41.13880893607889,709434.4325154739,46149.77266319764,36688.0,4586,0.05171443380597371,0.2160455221096251,0.011172671852215238,192.67155078489768,37.673400003777274,44.0,214.0,0.9814608859779502,1.5242842529149856,2.8801882685893627,2.132966795332526,2.505936805298111,0.6229890194103292,0.4506226061880077,1.7374183973202981,0.37223889361614915,56.5641996636373,0.33789039478406324
328533761,EM,dense,True,19211.57221085015,32039,1774,1833,9.234017812441687,249.7830021317545,63.84463172682439,2330679.728122678,100331.91607299377,89504.0,11188,0.03840253078104983,0.21464484504435724,0.0082429052688096,300.91131691465904,76.91304871384527,38.0,190.0,0.954470002526339,1.4741844851788022,3.0946475855106557,2.1857423810815058,2.5486299032701183,0.6000297182358575,0.3903470265556997,1.768700942744241,0.6369033442932339,85.42410788379613,0.23238861941461314
328546871,EM,dense,True,4089.8225838780277,10092,674,682,16.479932470833578,315.81054907897476,92.64461309855085,1093030.2839636519,70716.52947520744,18240.0,2280,0.016687552273351797,0.22422272937927784,0.0037417285173903126,44.145282138827355,12.950240566078385,67.5,247.0,1.0338277512330707,1.385441254701229,1.9969836835341932,1.7993303881743496,2.3987229230956175,0.41739574547523794,0.13938672798536575,2.6909984529902733,0.7782881166522282,149.4642515993804,0.38771643970668657
328601956,EM,dense,True,3579.1499521427954,6543,345,360,9.639160264672691,277.2188250863622,68.50206353360835,1287586.0797709771,74845.73356934973,16152.0,2019,0.012544404023747254,0.22159175038031176,0.00277973644509998,52.24879029208806,12.910919563373014,42.0,142.0,1.0368337057192338,1.2746260513329044,1.6819313684881558,1.6839269688810763,1.7922633711280898,0.6273755990050938,0.3075250998807965,3.008249865291143,0.20942689628594724,136.00690648426223,0.30939360641762537
328611004,EM,dense,True,14254.76714618708,41129,3190,3238,22.378478492742502,339.45220780542064,65.24541740402107,2140390.203423151,101120.43281853237,58904.0,7363,0.027520215662449842,0.2419999855050095,0.006659891791407598,218.47920840044407,41.9934436082918,115.0,514.5,1.2158620902581951,1.9180257193470236,3.170544294080756,2.342804816020758,2.8526650282543686,0.455932670392723,0.3339122020026056,1.8005574502509287,0.9235989047435657,86.58414612423584,0.12421174641887658
328870472,EM,dense,True,8609.940499463744,25826,2174,2195,25.249884132595387,264.04610508383246,48.31014291304735,548082.4464892602,44227.77958299429,36376.0,4547,0.06636957675438489,0.23669288815328085,0.01570920680750621,178.2222113265249,32.60771635593776,100.0,433.5,1.1616217619352056,1.915022353083573,3.927892563623971,2.517982071630687,3.2638136844062715,0.3605728502414413,0.2730953134204063,2.961754682307751,0.18057512163204634,98.03816940040788,0.3047019808843659
329225149,EM,dense,True,8650.684494482253,21216,967,976,11.178306186253709,265.60232361910965,66.9509755530938,1859072.080098181,90913.3108335253,41168.0,5146,0.02214438075893531,0.21013127901482348,0.004653227051866324,129.20923740120924,32.57006330595163,49.0,168.5,0.8918231437610571,1.1102007821460798,1.839006057500479,1.6824118767792207,1.88591334085072,0.5964544090661906,0.3272239575065816,2.0786293866137875,0.5861892291417249,98.24418515217278,0.3171423759407176
329289084,EM,dense,True,3772.746940964641,8791,763,783,20.22399095246264,284.6779033612744,73.68475609200793,597866.9313886082,51905.76048288263,16024.0,2003,0.02680195066615006,0.23544351853249132,0.00631034556837262,51.20118652837401,13.25268626900341,76.0,294.0,1.103142380399018,1.6431824655769343,2.48207035589779,1.9578964697149612,2.491906830227636,0.40227419131980635,0.1698740480974585,2.9857223471242644,0.9942485708619394,122.43874663163494,0.29750169640605517
329566174,EM,dense,True,27515.788437136875,47556,2002,2039,7.275822768349196,336.8160301857606,90.38784364659229,5493058.143305062,174610.6806085241,133216.0,16652,0.024251700332421133,0.20655017743466908,0.005009193006754008,304.419126810027,81.69382087295958,32.0,138.5,0.8715250360172582,1.2314620675410344,2.23632870913011,1.9973182524819173,2.4748865296939084,0.46028210225335364,0.3668439736872159,2.2317255103064704,0.9306333091001576,134.48251365462465,0.1752865552541339
329566197,EM,dense,True,5769.266148906931,14959,1142,1170,19.79454527706904,235.25667275259664,64.48770180632866,782895.0079878818,51043.39698097798,25632.0,3204,0.03274002227434914,0.2250806081814502,0.0073691441253847315,89.46304469390705,24.523283787891,63.0,218.0,0.9771792257633691,1.2854871098277476,2.1210537312157838,1.7871516899827282,2.1086499082262176,0.31399060701933723,0.29868460561662846,3.020787170321392,0.4059531164507501,114.90847415351396,0.36194113770704356
329646990,EM,dense,True,3423.1254007481343,8296,479,486,13.99306025701872,303.5094543134291,77.2056651871586,1581163.1266754384,87184.35675832132,15624.0,1953,0.00988133339085076,0.21909404766693127,0.0021649413289478964,44.33774895210012,11.278480298057307,61.0,225.0,0.9466607856051257,1.1440927141537882,1.5281809824768458,1.5235168500994993,1.7013545729364485,0.5956796108684616,0.3215188567737311,2.6319178707715385,0.19369844974816083,145.8270057647416,0.25912015420128337
329897255,EM,dense,True,8841.358768523294,21107,852,860,9.63652784946655,261.28446901814107,68.89660902742793,2183177.34191862,97521.16420470992,42208.0,5276,0.019333289691851954,0.20947116111929714,0.004049766640007967,128.32792343965033,33.838057048501554,44.0,145.5,0.8816672086680588,1.0824386347359567,1.7941068929633308,1.6458744859467245,1.8625150133817767,0.604407896971981,0.3449197123553902,2.0194579909818624,0.5416031688267527,100.00865923721621,0.3322814045950514
329970706,EM,dense,False,5569.318879353736,13936,829,839,14.88512362029084,344.5424787904765,82.03915411606792,1514258.2022131905,89362.08245859608,25184.0,3148,0.016631245558512996,0.22114512703914135,0.003677918911856512,67.88610803415082,16.164389653504976,76.0,316.0,1.0148175800571675,1.397921405460275,2.2030533541747372,1.8380637358574023,2.1721212477978686,0.325043001938169,0.25028989229242193,3.323486175462052,0.33623624119631934,155.3598759487829,0.2887000066774289
330268940,EM,dense,False,19391.90275067669,55437,4283,4358,22.086538154955125,219.77775660833888,50.473874591082435,872517.1923772361,55390.47357996529,80136.0,10017,0.09184460856486241,0.2419874057936095,0.02222523856274058,384.196832673963,88.23414639377985,116.0,594.0,1.2644694021046354,2.3151746359451635,4.906857983470823,2.910767212026864,3.572568671826951,0.459404080833229,0.3374368132078221,2.0373696720804233,0.8418867998442554,72.00917529536714,0.13256424531342317
330640044,EM,dense,True,15619.008211704546,48593,3460,3496,22.15249491582411,321.01212881578914,67.6854105691803,1770828.4685773214,90145.83283171494,64088.0,8011,0.03619097001048787,0.24371189944614507,0.008820170044054472,230.75886044512617,48.655508031185384,133.0,679.5,1.3103194808476968,2.288834732078626,4.244295709702322,2.780936067156778,3.4670384487690447,0.3454129018765674,0.31290724693984756,3.6209518143595196,0.3175013139466664,132.45912046218336,0.13015070532794737
331662710,EM,dense,False,11965.449741337308,29898,2512,2550,20.993778372757166,324.68573465544415,82.52177883076214,1597218.762049411,85849.08813087535,48936.0,6117,0.03063825767812145,0.24451221475677024,0.007491428241166096,144.99747716146996,36.85240361432885,124.0,572.0,1.4251369391778594,2.4280539247843564,3.9991476408212927,2.8545631347887146,3.7171325695362873,0.2898673193798261,0.22915233928236045,4.204354124936406,0.22991273415174826,180.7328147125421,0.15768461083704846
331774819,EM,dense,True,5892.656861420843,18661,1288,1303,21.85771257838754,238.08090149621378,54.363308761024605,642921.3777346632,46586.88262049517,25696.0,3212,0.039967561959970886,0.2293219513317576,0.00916543929863345,108.3940068350943,24.750649146523642,109.0,457.5,1.1010195929411142,1.5638685937953405,2.6495759268978607,2.082983980905168,2.586767717919597,0.3718288702952083,0.2534957544908436,3.050362993884271,0.26302641401937016,104.16895418056438,0.4036908872449749
358890923,EM,dense,True,3205.8430341988783,9192,527,536,16.438733723957707,245.46278984879694,58.32727822509899,595484.5739037498,45381.99282493371,14736.0,1842,0.024746232976946652,0.21755178027951128,0.005383587039346295,54.963014420572804,13.060403314790202,60.0,183.0,0.9308487323457835,1.113139942430166,1.6980100816731347,1.5694489558741018,1.8638622291853943,0.4110476644484883,0.2773283882129325,2.608062535840168,0.2893341347651961,102.93809606336308,0.3459511229515775
359598627,EM,dense,True,3912.4461670454198,9110,579,585,14.798925666426387,317.68524069462745,96.87319284138523,1239031.6152624108,77251.22988823192,17440.0,2180,0.014075508473854748,0.2243375095782924,0.0031576645170727255,40.38729448560079,12.315479807909078,68.0,225.0,1.0135870899081398,1.347261076806274,1.7591934204340915,1.721399758005135,2.190619354448723,0.3855763573410798,0.1729777119732789,3.0105672548229876,0.2827943755449835,182.36287355489506,0.45731781905182334
359931311,EM,dense,True,2825.428126231657,4623,206,217,7.290930464217728,271.033585169531,73.8949996274527,595261.0891577107,45823.961050060185,13448.0,1681,0.022591767284888056,0.21010024734024815,0.004746535894408307,38.23571473680586,10.42464211387071,26.0,88.0,0.8280856173011891,0.983784166515201,1.3796035772615514,1.5053807763439817,1.6918731294800342,0.24973385805227602,0.208985604341238,4.317246944515655,0.36166247135190066,148.1726689730699,0.375857513060324
360255138,EM,dense,True,5840.799796684788,14849,1069,1094,18.30228799498931,219.99891264796054,51.80699620203304,870450.0703991445,56095.90729254548,26072.0,3259,0.02995232108838212,0.22402576697931834,0.006710091704635616,112.74152575662319,26.54922120470278,63.0,221.0,0.9974043368655717,1.3322992236963476,2.3704544629402546,1.765513170831935,1.9934470295852518,0.5932490495459876,0.3629715607592188,1.7862706955176189,0.7928020976452101,69.22596638687216,0.26906649080313866
360259229,EM,dense,True,6071.278200472112,15875,1235,1252,20.341680272598353,162.73486769851536,43.05640165066047,420562.1493780762,31792.676646449054,27368.0,3421,0.06507480533013152,0.221838577918449,0.01443610227275628,141.00756142446895,37.30778957414239,61.0,223.0,0.971093762071675,1.3221424652596063,2.4639927761656297,1.8279252980320022,2.012356049211837,0.4570572452538321,0.39166703739386427,2.048778023224757,0.9252438257449953,61.643864572709255,0.43250658933642655
360591860,EM,dense,True,9175.17030850169,27853,2222,2283,24.21753411967841,264.47359545018764,61.095901011410845,706315.2761338484,52661.93869723243,38336.0,4792,0.054276045408276345,0.23933561948303658,0.012990190950879244,150.17652832041955,34.692197884192154,107.0,492.0,1.199682310212041,1.9538267266826428,3.7236892485802318,2.412534406467443,2.923891111695886,0.3067038262281664,0.25254176820035573,3.8546078181218624,0.23384391580310251,130.14290725498302,0.2688886836662345
361005850,EM,dense,True,7991.507333576695,24153,1537,1550,19.23291734391861,221.52536325671798,51.82694951278916,1074559.0263915462,58495.52459848011,36008.0,4501,0.03350955984327608,0.22193699548924392,0.007437011031783712,154.19598121638737,36.07490905822652,72.0,268.0,1.0009402972916701,1.3517434596712947,2.2806813166600155,1.8729830396137037,1.9462998864044556,0.6103929159662461,0.4728874950754789,1.755596315567155,0.7959136465763542,69.01560988013624,0.26751549211581244
361273559,EM,dense,True,2724.170900497757,7717,396,399,14.536532929253571,195.6372984254173,54.56322245781829,545393.0010643122,40575.63710665923,12808.0,1601,0.02348398306359948,0.2126929185273077,0.004994876896442838,49.92686974461154,13.92459884911103,56.0,153.0,0.887930541231342,1.0641292580069364,1.5620245989092643,1.483905157756059,1.5764877896399057,0.3764688687718223,0.2874655221947931,3.423602360925155,0.24121495498349269,110.9413876535065,0.3804454766629171
361312808,EM,dense,True,17072.260396469414,44801,2870,2908,16.81089635086355,325.5931841451062,74.60484886592519,2315647.2022228492,103864.20574522164,74976.0,9372,0.03237798915483698,0.22770300358073803,0.007372565380460941,228.83580164005866,52.434329795002306,82.0,386.0,1.1243585614113154,1.830216594818762,3.43092049768276,2.30641437784459,2.8453767327449024,0.36590215900309775,0.3232890982944696,2.6723996653014814,0.7515147000886877,119.9704527645149,0.15977911591868293
361704572,EM,dense,True,2559.244825499059,7461,404,407,15.785906685235517,256.9694589406652,60.64522652970803,776495.6269413626,51400.88811435149,12088.0,1511,0.015567376789506156,0.2117178048890684,0.0032958908417552767,42.200268214768265,9.959334607502885,72.0,212.0,0.9036881445971253,1.0993319697160906,1.4030947508218525,1.5096827452710933,1.7493129360895825,0.49032898515667545,0.36062066787562497,3.1605892235064097,0.1658109534084152,128.68158902531522,0.3956043434597487
387568523,EM,dense,True,5942.80853218842,10340,570,595,9.591424608628596,317.4312389913829,79.78204045851446,1966359.3793272136,98418.91756441341,27968.0,3496,0.01422323929899793,0.21248600301016948,0.0030222392685012346,74.48804891470026,18.72156171859867,34.0,125.0,0.9004255351800636,1.1534954449123487,1.7195626539897049,1.61067816434569,1.7047643523202582,0.3859184662047371,0.2630806075240905,2.3591347645350735,0.7987179349709239,122.15790114703108,0.3439193399116163
387870860,EM,dense,True,7023.8537687162925,18544,1512,1533,21.52664405876917,162.19554637485462,44.08135840981731,619718.6746361668,42904.72020194317,31128.0,3891,0.050229243161463655,0.22564423569507494,0.011333939182710535,159.3384147425007,43.30484976747308,64.0,251.0,1.0262790427697681,1.4206823965850106,2.3988571614468213,1.9669594386358291,2.203216364089176,0.9163933501908914,0.42849740494865574,1.2949888590427316,0.7624775345140585,48.046288496164955,0.3702406568892146
390280026,EM,dense,True,3672.4385754155373,11236,704,713,19.169823689163874,253.0260503801113,64.81834504418974,564772.1608298732,45635.1031848563,16528.0,2066,0.029264898566731486,0.22219497673133695,0.006502513456079839,56.657394953725856,14.514073036742953,74.0,209.0,0.964400886401139,1.2080390050709005,1.7128911265930677,1.637323054863889,1.9733683908734752,0.3200548553324521,0.21636923276199696,2.7715128624944696,0.8703972882665187,105.28977892777372,0.3721480512453689
391496898,EM,dense,True,2370.8088113312315,5777,391,403,16.492261971156157,275.4642583653721,92.27539153451572,913212.2775303877,62221.69520390346,10800.0,1350,0.011826385021023355,0.21951933438252144,0.0025961201679664684,25.692752660327944,8.606593194339654,56.0,173.0,0.9437933166127513,1.1099292187880296,1.4670846604772472,1.542252643368468,1.7600659326883679,0.275420513668303,0.17088624074720152,4.001028903530153,0.6349025149344268,168.47090036999518,0.3436134220928495
393063351,EM,dense,True,7662.092870312121,19093,1047,1058,13.664673839399049,311.59400301591467,68.61588062109125,2099596.6728996765,99183.44790751569,34800.0,4350,0.016574611900074594,0.22017508248023335,0.0036493165421767806,111.66646556099049,24.589988241592632,66.0,237.0,1.0002732206673788,1.3247048530968397,1.9870572796452595,1.7765493775501142,2.1444424490098295,0.6073470384336471,0.43409844340272646,2.149454108568958,0.2714286844113491,110.67780325148289,0.2546276057331301
393766777,EM,dense,True,18413.17726914873,46944,3666,3722,19.9096546262137,306.627705547471,63.22479447438752,1649799.3221675185,83209.86792756346,76056.0,9507,0.046100152290084025,0.24210025861403087,0.011160858791575549,291.2334855688292,60.05059861199682,123.0,633.0,1.4124867497045668,2.583217910935568,4.603294317287183,2.743214163549796,2.946108363063797,0.6833548776573339,0.3268171471297947,2.2947756547737157,0.7465681838233169,95.53441860993807,0.14029681124803298
417221397,EM,dense,True,6591.696642373585,15396,910,925,13.80524695493755,221.10115456475882,68.07636341753022,2138873.1634663045,90863.39394028763,30072.0,3759,0.014059739732890313,0.2191971482566369,0.0030818548546800864,96.82797833875141,29.813035826743853,49.0,140.0,0.9252802698446919,1.1000828842412524,1.5784714181929083,1.5964982377725203,1.7681589705937728,0.8333353249521129,0.49131710043232374,1.5529353813865234,0.6619181694994937,84.15943930160466,0.4376262533062399
421641859,EM,dense,False,10268.251057093128,33179,2151,2169,20.948065917361134,229.509192022415,55.666386533844026,737825.7235960251,48758.513333149414,45744.0,5718,0.061998380562082143,0.22447208501865004,0.013916905752550324,184.46052809356038,44.740042726002365,93.0,408.0,1.0581462342429027,1.6104534280258984,3.1305643466747344,2.1017083417698896,2.4309306479860626,0.3717424122279514,0.31071708817349697,2.331790906591944,0.6588886950453386,85.88226304074067,0.21778460290450755
421646999,EM,dense,True,4316.885753649314,7281,396,412,9.173279595487053,176.2420535090276,39.35794480283207,576114.3724382567,40281.240340779885,20480.0,2560,0.03554849693008636,0.21078543718990791,0.007493105466852353,109.68270257187527,24.494073166414797,34.0,128.0,0.8738635128844766,1.1730667808829658,2.0439799969930466,1.6791716573118658,1.8145799721098421,0.7153646551477898,0.5527167730995836,1.6404938664186994,0.7574523037726545,50.1134468438388,0.34550872834615104
422738252,EM,dense,True,10166.17321476844,28560,1967,1993,19.348480086317352,304.5641152264246,64.16173385852865,1909724.591765427,93075.81626063035,44488.0,5561,0.023295505640880648,0.2285149526786648,0.00532337136915141,158.44604881133694,33.37941900085806,88.0,370.0,1.122094173815501,1.6312858175174005,2.8114417076240152,2.0257408422904795,2.265694944231879,0.5169557314729171,0.3623881621281768,2.8540776061443536,0.16705796080960153,129.52628589772064,0.2296000667064919
422751191,EM,dense,True,17003.103470383438,47547,3632,3697,21.360806315896017,318.05801602261033,55.998821759942835,1895438.4731192063,91654.64427866628,70632.0,8829,0.03726420087050637,0.2407280477741454,0.00897053832742061,303.6332361290166,53.45912573753434,113.0,559.0,1.2502281963517234,2.1317832836488764,3.892651893402802,2.6903091301291404,3.013665981989266,0.5377789589086435,0.44035728352479186,3.4122445545943454,0.06768017245349384,148.0606453565608,0.15759853965613735
423101189,EM,dense,True,22928.422784556373,40591,2934,3100,12.796344639877365,270.3743032918218,74.9295473288216,2646037.1430212543,106617.07051168456,101664.0,12708,0.03842122937243417,0.22553138558935684,0.008665193096411571,305.99975045808094,84.8025219312693,54.0,287.0,1.0883056191644376,1.8395717895183226,3.5558968338331844,2.589477217934822,2.6766778875270107,0.5698180071035511,0.4652510370028945,2.4037598655144476,0.3196643779512558,124.90315121582755,0.19063378279438303
424716408,EM,dense,True,7158.172978643741,20358,1665,1678,23.260125243794647,168.09263722621446,45.09345009136464,438565.7324894104,33435.43841185671,30688.0,3836,0.06997354723956002,0.23325641875142533,0.016321779036433455,158.74085846482006,42.58469077982558,87.0,352.0,1.0925172433827444,1.578080462663964,2.8863600720337663,2.0704497904504673,2.321820622330114,0.4708432779003442,0.3787854448854367,2.376053163430654,0.35187270563060274,74.210675788278,0.37122813982854813
424793122,EM,dense,True,6163.676711148763,10868,627,653,10.172499781922243,257.7559899163174,65.6609515329349,1850871.941129644,87168.23209370927,28576.0,3572,0.015439209685441118,0.21569417382239514,0.003330147577571943,93.8712669745141,23.912835985498734,39.0,143.0,0.9413067671271783,1.2307661164434431,1.8700475458582413,1.6660346740681422,1.8181937201028802,0.8066730744948077,0.39723949607483255,2.7348330595123236,0.1233819707960685,136.47706360147265,0.4091592565668268
447599745,EM,dense,True,8930.772883826652,18972,928,933,10.391037954627407,323.7794593807149,80.12075002734097,3523770.2342036758,139751.05187228302,41280.0,5160,0.011714725210887287,0.2163462423407619,0.002534436779430054,111.46641638750326,27.58288898532453,42.0,135.0,0.9226005045275467,1.1437977566376347,1.7017478818267249,1.6684917293818327,1.8829375677475548,0.7407234595955773,0.3384942885959923,1.7112812936161184,0.83348676631316,104.36037654596444,0.2984712224352383
451982486,EM,dense,True,2182.5761061453236,3457,207,210,9.48420535793299,319.71102525395537,127.52901164987404,2092240.2383938832,119688.0920452573,10288.0,1286,0.004917217349713924,0.21214775526295915,0.0010431766228818863,17.114349730377445,6.826715170087246,34.0,112.0,0.8499128139195186,0.940765562993674,1.2071770498591392,1.4443688160764363,1.5402795385640957,0.5273473653666135,0.13524212999249288,2.75802325757611,0.8605845993262207,206.86317417217955,0.33168648848630033
452029745,EM,dense,True,3833.890183079624,7014,1073,1109,27.987238777353248,262.4450939397084,71.75756715679901,581833.8603059247,48898.537962765426,15032.0,1879,0.02583555379897668,0.2550485752447861,0.006589321187089023,53.428374664683204,14.608351505173822,74.5,275.0,1.1847621084918492,1.7238714851976726,2.5765391015320054,1.9929490793748792,2.408222476808809,0.4149654651656619,0.21345245047023906,2.552441884546331,0.8906519052122074,113.08376894986561,0.35155724665984356
452953198,EM,dense,True,2638.614332649432,4597,137,142,5.1921191477209305,225.58870389209005,66.51619761758504,1087831.550841951,62413.32792117738,12888.0,1611,0.011847422507671386,0.20473419713294785,0.002425572535202917,39.66874877333421,11.696571180760932,25.0,67.0,0.8424694548689119,0.9396774688922479,1.2399503442901467,1.3774292928046963,1.5876139185616318,0.8190572821686243,0.3969958262053719,1.6731483278046269,0.5029225713975096,87.34992307486569,0.43966456182967284
452971138,EM,dense,True,10029.034042263924,23887,1932,1969,19.26406862174611,194.5612279464556,54.01874059176678,1114595.9695571444,60671.15515036458,44080.0,5510,0.0395479628528659,0.22751892110399102,0.008997909840144765,185.65842025188738,51.546930229202566,70.0,289.0,1.0386323573181362,1.4376482285355396,2.4389674227295535,1.9968774682050974,2.2491666387674196,0.6773809210335796,0.4213977808953353,1.8522127118594038,0.6845241505390424,73.91409836891225,0.30861228591988654
454002974,EM,dense,True,6545.143425593507,11267,610,636,9.319887439207427,332.1660434390912,90.58023682762776,2793645.6529814648,126974.9317860838,30344.0,3793,0.010861792714339397,0.21569810920094606,0.0023428681510156194,72.25796326906027,19.704432632029953,33.0,107.0,0.9228910639584754,1.1394748303609867,1.6903779508247694,1.6386393464380795,1.8641821206475384,0.5863911397406532,0.24819138448894765,1.9603836637442442,0.5100205201141136,130.2155889369261,0.329411913926558
455431209,EM,dense,True,4274.642389309998,9590,611,614,14.293593343105973,327.87511661836965,98.282497317874,1382910.2151509365,80616.4057388765,19128.0,2391,0.013831700561928593,0.22347565816133408,0.0030910483865674867,43.49342462762794,13.037410198729626,64.0,245.0,0.9840336991965926,1.3032446308871946,1.7693056247144032,1.7549630197456405,2.2859050210213896,0.3523873939387391,0.18932022777008478,3.127224342543473,0.275467633037629,188.59252665084762,0.46242318166108426
456847100,EM,dense,True,8848.686280735072,20375,1133,1146,12.804160573154372,270.16168022600164,71.92823716013862,1904492.7380547784,89211.28792917346,41512.0,5189,0.021796880172092314,0.2131597196168595,0.004646216866005482,123.02103638428747,32.75329896280173,53.0,189.0,0.938952279364927,1.2597787985101183,2.0257981411939268,1.698414582699136,1.9628851554425626,0.46416294035789396,0.36741217911667473,2.427459790412851,0.44890473400696473,116.22758946568014,0.41199124911771345
484126552,EM,dense,True,5666.949169791446,15593,1151,1190,20.310752143950477,277.58731351682815,55.81569615153949,936203.0147820644,66190.88918840108,24760.0,3095,0.026447255145577372,0.2288751684083783,0.0060531199753833705,101.52966926016101,20.41501500192983,84.0,332.5,1.0628186740043972,1.5103809087930293,2.361228820746436,1.8631723970789873,2.1121689041339717,0.44759795337453095,0.30492957540210835,2.8725243916560674,0.13658693578188902,117.17018404440623,0.4074089434103492
484359937,EM,dense,True,5396.971088283754,12276,786,800,14.563724488098922,344.0622885856506,78.58058166072315,2259693.2273640214,113003.60813352998,24664.0,3083,0.010914755906389587,0.2188197813932758,0.002388364501397135,68.68072205911548,15.68602915032996,54.0,165.0,0.9521826196689758,1.1691878440822692,1.6781626518295256,1.6168679863092483,1.8508131304128101,0.5817098938409853,0.24496917671597646,3.4371885405902547,0.09980002106039558,192.2022304777275,0.3974576883791274
486880919,EM,dense,True,3893.350119298956,6961,362,372,9.297905117898372,215.01553311988516,49.836406798178956,846897.5732896705,60341.71591142302,18344.0,2293,0.021660234458749202,0.21224106625048822,0.004597191256760498,78.12260894060326,18.10729700690117,34.0,132.0,0.8970852809444599,1.1532435187496908,1.8575143698945402,1.5998545829482793,1.709859516600332,0.6520637298151777,0.3129723648636281,2.936398023826098,0.07781769023961892,116.51047075598183,0.4200387637854576
487143497,EM,dense,True,9583.679736633281,28889,2255,2299,23.52958427210731,226.7846004564382,67.04145211077154,954491.0560764351,58129.820766054465,36040.0,4505,0.037758342281537245,0.2659178617267836,0.010040617641854389,142.95155362682652,42.25895284487871,216.0,1145.5,1.6004809179414297,2.5652247689061247,3.889480412594676,2.733201598938919,3.099508323620078,0.3291834567619385,0.20502028768857788,3.554826646054927,0.3717299481094504,128.69269877037664,0.2501917610734489
487144598,EM,dense,True,19468.20520400547,47995,3413,3483,17.531148681840456,290.0603230214599,78.62562769825111,3150632.9958525146,122539.76301068626,84560.0,10570,0.026839051108559636,0.23022948443715077,0.006179140899506025,247.60635652691275,67.11778088506482,78.0,343.0,1.126110897964222,1.7457142399574488,3.2020074348693206,2.216876197114489,2.4469840628463384,0.37175521647583515,0.34188529176577837,2.4667565788443104,0.9651185089027713,123.6120810700304,0.13682538213710177
488231898,EM,dense,True,4842.253073307349,12629,854,874,17.636418152277656,275.96231032043374,75.34030173669414,1499111.1460764168,82273.212835267,21536.0,2692,0.01436584609244324,0.22484458921375136,0.003230082763363375,64.27175046670874,17.546791326992317,67.0,225.0,0.9786283494962306,1.198577493392908,1.681337872676163,1.6376184842263608,1.8088356642911279,0.49268569805578777,0.2743961989454515,2.7551494554761096,0.38195893663190567,130.80703594404264,0.3986475203523489
488922181,EM,dense,True,13725.351803344423,29564,1428,1444,10.404104903540926,328.19599540883,84.50171667920924,5177087.187435114,168070.20718998113,64024.0,8003,0.01236679964660194,0.2143782300909725,0.002651172620128188,162.4268990350749,41.820594996130005,46.0,153.0,0.9157560584030173,1.152228996251211,1.6656980343864591,1.7097963296941587,1.8565334510137188,0.8282379186011158,0.5967323831477916,1.6466063975542196,0.44662591509389754,110.67642100778772,0.21934708776452558
510049477,EM,dense,True,10639.659432326658,32154,3577,3644,33.61949715356433,146.36597145324004,40.94348042653329,565758.4978809896,37868.830570192746,38576.0,4822,0.06818457017346415,0.2758103336874393,0.018806009051877768,259.8621153230457,72.6921655811627,162.0,745.0,1.5104570460429667,2.5874658152545376,4.925768255706786,2.797727574102273,3.127471908385261,0.6083508060915986,0.43528289825827093,1.8835626600150461,0.9677215610793739,56.22352869682749,0.2402964716935076
510987433,EM,dense,True,5397.805262981585,16537,1123,1144,20.804752029525584,257.1576975910004,53.46061096670242,875970.0533683766,64839.12479438922,23568.0,2946,0.026905029355026155,0.22903111265196813,0.006162088809115505,100.96789328396511,20.990253504161444,88.0,358.0,1.0709931077344415,1.4927558802493321,2.517633051763799,1.859689020276362,1.9954917792907891,0.4060580874569025,0.2914697592592723,3.8884531360329433,0.06402789233339642,152.62550758535951,0.4348249044679445
514842241,EM,dense,True,5216.823236458273,9231,554,587,10.619489579948148,208.02029109424583,49.11872666794688,983824.4937438548,56746.79837864329,24184.0,3023,0.0245816201505311,0.2157138288313874,0.005302595401549849,106.20843801031562,25.078434459524598,41.0,167.0,0.9464483375287142,1.330822254198539,2.188264780393571,1.7940070291229075,1.9473024398873733,0.749475439677178,0.4910209144272619,1.7260041003389446,0.41515903837973517,66.65874050478075,0.3682497293166866
514850616,EM,dense,True,5776.7970578274835,13190,1000,1024,17.310630613983804,294.2214623593907,68.22754730951223,1882362.3689811707,89773.5222797627,25280.0,3160,0.013429932735896547,0.22851254184444159,0.003068908066279596,84.66956948666521,19.634179680512705,60.0,188.0,1.036010950112533,1.3833326287901062,1.8903131733728677,1.7366109722161847,2.092284338220747,0.5580760186880165,0.39929818365557457,2.2455571978995406,0.6997454968331493,102.79707738963104,0.3132456620213296
515049524,EM,dense,True,1388.6993732974477,2347,72,76,5.184707459688484,215.229085564125,61.966547274064794,397597.8301039926,37875.89487010238,6944.0,868,0.01746488404673582,0.1999855088273974,0.003492723722697959,22.41046878335059,6.452191950068481,24.0,64.0,0.7962725764320228,0.8679371083109048,1.098654567482158,1.3325663423841543,1.471079844594754,0.39217659071755384,0.17403686197162838,2.776818808475067,0.597373832274187,102.73584968540455,0.30238782041935164
516055524,EM,dense,True,13150.164331983488,23342,1335,1382,10.151964388407283,288.0820214272857,59.90391836981718,2314360.714973653,103661.72983167102,60792.0,7599,0.026267296885348342,0.216314059941826,0.0056819856329669806,219.52093769227037,45.64729262462044,38.0,151.0,0.9384930296876597,1.2963490074904858,2.2641467513745672,1.9646733792998923,2.276690500689662,0.823689227411753,0.47360544960333206,1.4618095151285175,0.6167245760101019,71.42736018336008,0.2898800775139103
517514142,EM,dense,False,9559.548653603311,19826,1688,1708,17.657737422192383,319.39681872851537,69.29969232214232,1706284.389905569,89034.6197961711,38976.0,4872,0.022842616524292914,0.24526756603046262,0.005602552956680548,137.94503746373616,29.93000585183927,95.0,391.0,1.318922275607521,2.018485779899348,3.1118322440114947,2.404425872019969,2.80997902810209,0.42086972139772993,0.3455798404815928,3.4218229030931755,0.15029814958709806,155.350250173933,0.2684238934134756
520617773,EM,dense,True,7859.566246410115,14332,898,914,11.42556690593663,308.3078772257091,90.65607780999146,4369374.315430151,157357.97310694144,35200.0,4400,0.008056073354872245,0.22328313200028735,0.0017987852902999375,86.69651761113242,25.49258980060443,45.0,139.0,0.961767773667415,1.179406699641374,1.549599023345843,1.6581951080014692,1.8691001775053782,0.7623704937081432,0.2911281326065445,1.8295689849607142,0.6415838494206041,123.73116343448064,0.3908513257452433
542376096,EM,dense,True,8257.60674979924,23211,1684,1707,20.393317955483184,229.24338324556604,59.344872842604765,1635708.9479025474,79224.75667552125,36064.0,4508,0.022047932210827906,0.228970905883963,0.0050483350111814726,139.1460854874552,36.02113453784476,80.0,292.0,1.0791435898848982,1.4376056319288373,2.3893538049187617,1.8939055769611493,2.1554703079611697,0.7575042436585453,0.4729161909482403,1.5559075126446025,0.7604132927592551,73.47615120688818,0.27746852395510935
543692985,EM,dense,True,18448.17898808871,48054,3448,3494,18.690191602251055,249.73734106890842,56.48011271553109,1808211.8460837272,85080.68008186786,79520.0,9940,0.043977148016271714,0.23199420256650793,0.010202443385184244,326.63141238766985,73.87032675661597,88.0,408.0,1.1396206441863548,1.8301764869135626,3.4213981802835147,2.4065777919257414,2.824277248635749,0.7863646912897837,0.4258405501064787,1.629838645842229,0.8127453016595757,71.78808920503734,0.15238382736004116
543821838,EM,dense,True,7000.898526038392,19343,1324,1339,18.911858171856885,280.78565180700883,67.17199736352036,1269697.9603741986,70333.69251456606,30760.0,3845,0.024226234080847526,0.22759748134064994,0.005513829859169912,104.22346812394218,24.93324883584254,90.0,377.0,1.0418003758985703,1.4658497751336668,2.352452461706449,1.9007404807343782,2.1967049030556614,0.46114753193660446,0.3332733051306353,2.6590494003071963,0.28051465525982433,120.15961455198001,0.2901016459670162
544046671,EM,dense,True,3983.357705182684,6715,231,237,5.799127698209215,261.69778372253853,78.23374100065239,1791546.485163773,86951.87792965269,19344.0,2418,0.01079737542965941,0.2059221311612223,0.002223418559423284,50.916109267348816,15.221212990500463,25.0,71.0,0.8209723217606522,0.953869182275547,1.1743389461033857,1.396114470398788,1.6153113159702694,0.5546076175126875,0.3059780143084621,2.3383885430109457,0.6943948040316251,120.04074064328081,0.4260843425413877
548712377,EM,dense,True,15553.44421377617,42517,2930,2959,18.838271187579195,263.2588519661744,76.88698021284715,2165748.081055096,94951.27554202221,67400.0,8425,0.03112088639929187,0.23076326726670876,0.0071815574257366715,202.2897006842951,59.08042254843002,97.0,415.0,1.1541588166945809,1.8463252865356328,3.471750940575038,2.372730349285628,3.0324515916896413,0.3933781670592558,0.3156947072522035,3.125955062992048,0.5383050521913948,133.93203900582176,0.17742115798270475
548993536,EM,dense,True,6260.90628603849,16071,1021,1041,16.30754324300907,273.01188432939915,72.83652334978099,2100214.1941741873,96208.2591954927,28048.0,3506,0.013354828320750679,0.22322113113371686,0.0029810798838545626,85.95833516067069,22.932724344279716,63.0,213.0,1.0020656667795278,1.2829725995980512,1.8903702554464041,1.7183713459468457,1.9731819369802994,0.7487998493426012,0.3264547436648863,1.9520106321312405,0.9368848506925812,101.77445296926696,0.38042234106624556
549597974,EM,dense,True,13379.271019189477,30689,924,932,6.906205866334087,327.3318178326219,91.54340502937237,4892383.545763902,165378.09798334216,64344.0,8043,0.013151871556700131,0.2079334672881617,0.002734714254113211,146.15221069061874,40.873725957281806,42.0,135.0,0.8674319903520148,1.0686318705422904,1.560082908021161,1.6398605193747453,1.78010524470323,0.7139468132263248,0.4369981320440172,1.6290326184022796,0.44863073038122625,119.06711772147405,0.2694315697006717
550404663,EM,dense,True,8335.871476094011,26163,2375,2425,28.49132219481949,153.5025367810429,36.914840666589356,563114.7979367182,37815.60117924585,34368.0,4296,0.061031960314177736,0.24254747078951383,0.014803147611529791,225.81355697516494,54.30445418621555,112.0,542.0,1.2039098030176214,2.0431057539446105,3.8028610748604064,2.433873002579906,2.579168154732058,0.6569618162720022,0.5598591901120974,1.5265930324716834,0.5618036739509917,45.46155508877307,0.2673591080679964
550638250,EM,dense,True,3357.143506322037,11944,936,958,27.880845672440355,223.72589425988014,41.5255056136158,275798.0960974324,29350.528655655446,13296.0,1662,0.04820917978818412,0.2524927426535828,0.012172468025798277,80.8453372623418,15.005609956004363,159.5,858.0,1.3093383409992343,2.037101642185702,2.9974495592161046,2.2657696443780733,2.7976195886016977,0.39656546690753053,0.19676950428091713,5.21617379739689,0.05794319193200212,139.56816042743336,0.34119817210231385
573333284,EM,dense,True,2054.1718168078514,6037,494,507,24.04862124764557,174.69022867858578,53.44061445086485,302177.06056989357,29367.928129248034,8928.0,1116,0.02954559152558489,0.23008196872847797,0.006797907865454007,38.438401914269306,11.758939422921827,73.0,237.5,1.0069469690234565,1.2711459262424822,1.734942412844469,1.6595484518969492,1.9415612635234891,0.37139023599783616,0.2016850382261614,4.142214943684071,0.2740322409957627,112.13847190403074,0.3605300449675098
573333835,EM,dense,True,8140.139319571895,10866,2200,2294,27.026564455848924,316.45327110134394,102.91273365656431,1253842.3951773054,78351.16166123662,24144.0,3018,0.019256008644201097,0.3371495742036073,0.006492155115253381,79.09749387026096,25.723037373707605,265.0,1487.0,2.016882883937536,2.8581949858047384,4.070069659785947,3.2517685060931325,3.5986469140459305,0.24756417144154733,0.10947021716776646,5.850439400442448,0.3640211862116601,217.022658149479,0.22352771877020539
573670049,EM,dense,True,1743.2649241702447,4886,274,276,15.717633975250084,199.34812919518612,58.51474339318747,410323.998879375,36166.05317977323,8184.0,1023,0.019945214080461064,0.2130089105779869,0.004248508322523736,29.791892146846582,8.744827108276375,53.0,163.0,0.8612968992935992,1.0230427958745567,1.2970721161980987,1.4664102680239017,1.6399481883069094,0.3592749857009524,0.245166157172089,4.0294308831084376,0.30325522527150617,119.40888826924477,0.3411171960250362
574377562,EM,dense,True,5843.792706537994,15357,1368,1402,23.40945459050064,216.55579538861647,46.52200956140873,768324.1453889124,54392.31868723467,25000.0,3125,0.03253835005711741,0.23375170826151975,0.007605894909862512,125.6135055564233,26.985159626188327,76.0,297.5,1.106778921692802,1.5608420690539513,2.501623590127566,1.9881451377202983,2.239859220597161,0.8786832704526965,0.37567250690506826,1.3781955555983283,0.8748761242942111,52.83310685556262,0.28995729082747096
575768294,EM,dense,False,8921.660032781678,24987,1628,1655,18.247725132072837,243.236961801599,72.37824002351472,1830929.5209515495,85334.93746433263,40168.0,5021,0.02193858340277585,0.22210864451258908,0.004872749022116927,123.26439589969513,36.6788828749588,72.0,230.0,1.0083250489129383,1.3260493508890723,2.005768892262068,1.8145519394120813,2.0561558038215435,0.5280561355892863,0.34823517392497577,2.702499584488163,0.32741169060849473,127.47715784961133,0.3564941018921565
576825965,EM,dense,True,17135.939090086224,29808,1155,1176,6.7402200365441916,298.39580901966696,82.64799819398279,3930741.7875473998,141616.78249377167,82696.0,10337,0.02103826821237181,0.20721605748870833,0.004359466995357702,207.3364081954717,57.42687588804846,30.0,115.0,0.8631845199519557,1.1179500972133496,1.9227938835375027,1.7501562272358704,2.0077257281881926,0.8745135969546123,0.5314045671286195,1.4497887763211539,0.8611642504171139,97.1261450095694,0.3057413440570708
579268807,EM,dense,True,8709.247014688182,19652,1174,1190,13.479925394469166,247.0895937924239,69.57984828618554,2519240.9515513047,101441.69649968178,38896.0,4862,0.015439571183553729,0.2239111223438961,0.003457091712217992,125.1691003818605,35.247324183165254,62.0,215.0,1.0683570920863816,1.4751434645474564,2.0935689939154285,1.837701068487626,2.034870797824342,0.7797478750430924,0.4902934965455054,1.8933336153968099,0.9328528331339129,95.69625901785659,0.35866191611551623
579510789,EM,dense,True,6161.395068377459,10591,523,540,8.4883373683377,351.5357899798672,74.17317777163268,2109272.2512632743,119313.46279058322,29224.0,3653,0.013855015625648759,0.210833392703855,0.0029210999503204525,83.06769715795926,17.527077594945105,29.0,95.0,0.8872976768976756,1.083226981079019,1.6598585852309966,1.6255976140403758,1.87847410621264,0.6542811365302139,0.25681473153673157,2.4380099904076817,0.34425894907392796,123.83703946331013,0.3706547196645779
579575594,EM,dense,True,10185.979702005645,17911,1093,1143,10.730435677039349,314.400271430301,73.63707509375234,3945215.359927461,141582.6593541445,46712.0,5839,0.011840164791627212,0.21805916471154405,0.0025818564445092623,138.3267829288057,32.3981262982585,39.0,166.0,0.9573289193614328,1.3854705797069702,2.2104990672755305,1.8772064238491566,1.9645091035690732,0.6149335187962008,0.52764049926932,2.513025547524793,0.10033190329487411,149.9321434318832,0.2848349948501052
579912201,EM,dense,True,6355.103052475253,15355,963,976,15.153176778540523,229.21744067951073,77.81594941880307,2243774.0769505436,97984.64402923545,28496.0,3562,0.012700030851024089,0.22301737270056335,0.002832327513611492,81.66838675028279,27.72521599419168,65.0,245.0,0.9905085804980133,1.3441419315726,2.0162128973589,1.7180756851198877,1.8095395935294,0.6411129616909709,0.3930038561869757,2.232219954684866,0.5225761652086582,119.2086930202416,0.29917804137822557
5812978978,EM,dense,True,6113.045052711132,15510,1130,1148,18.48505925044419,353.60279810365955,65.91948844001148,1146829.9898275903,79118.13519242941,27176.0,3397,0.023696624818893626,0.22494278233408638,0.005330384718688898,92.73501960310521,17.28788653680019,64.0,219.0,1.0008259745761512,1.3174666061877438,2.28781626224219,1.8024402151622432,2.060345484567284,0.6129565797129107,0.20857848043420962,2.5345983521020403,0.17850590613147943,123.65498918449757,0.36513042966887194
5812980494,EM,dense,True,3810.492680064091,6422,205,210,5.379881742655702,326.9449098530952,89.77997430088674,3329226.4662518706,138609.42345232193,18608.0,2326,0.0055892863368196665,0.20477712167154402,0.0011445579682520194,42.44256817554531,11.654846321896382,23.0,61.0,0.8198133993253208,0.9177487187052242,1.0924577637798427,1.3986812668442017,1.527863945494824,0.6316137327164448,0.3638831393505513,2.1175672331032445,0.23009201523014544,146.59549987511014,0.3981224842133758
5812980529,EM,dense,True,5236.681603712292,15661,1086,1104,20.738324041510044,264.70802865209953,74.82012574572002,607512.3934154517,47018.86042669822,22984.0,2873,0.037832973037444234,0.22784030646155115,0.008619876171202896,69.99028071015837,19.78285898760841,89.0,389.0,1.0882546973633191,1.6162597542321888,2.5771070884410885,2.0022767274167124,2.4277615223515494,0.22153142016999872,0.1884116802624296,4.46247151638321,0.4917474373603627,143.67352439628306,0.3745277206589402
5812981000,EM,dense,True,2285.563114880957,3834,99,104,4.33153647586566,317.0677535495169,90.50417885400022,1705972.8580157803,94451.74384997289,10968.0,1371,0.006429176143374812,0.20838467495267662,0.0013397417808506632,25.253674955362982,7.208437595102264,23.0,57.0,0.8036438519272001,0.8763662250310418,1.0821795051519683,1.3511994660823132,1.450230402843247,0.4443218911363399,0.31463477889609043,3.257057714728529,0.14350317260950962,200.37460635653315,0.41752315612537527
5812982656,EM,dense,True,4795.106381578658,8473,462,486,9.634822738758489,298.71801143027125,104.61298817149664,2015195.687271904,100949.71966999513,22552.0,2819,0.011190972738994916,0.21262444047439955,0.0023794743169930524,45.83662569429554,16.05228408765691,34.0,139.5,0.9116171828096309,1.1683982411254041,1.8386144101145163,1.6303998099083419,1.7952476157164576,0.2777121447895212,0.2000762954293449,5.14312962423253,0.7215859312783359,197.25441430586645,0.2596662615656256
5812987694,EM,dense,True,10819.703469771372,23783,1992,2014,18.410855764812307,284.6329467895336,57.87909012551625,1540799.3161467176,82771.63250203613,47088.0,5886,0.03056076122733442,0.2297762374654131,0.007022136728895783,186.93630888647053,38.01282877407651,66.0,258.0,1.069986498197327,1.5179157505290926,2.542223559626732,2.0027872389901344,2.30943510560755,0.645831438595602,0.458873334826444,1.647557026983991,0.9125917478212839,73.86455924318473,0.2570804587099505
5813009312,EM,dense,True,6069.478369283522,19627,1446,1465,23.82412312922856,123.92491200050804,31.13347205806685,248194.26118289953,22177.710441578427,25904.0,3238,0.10436985882163811,0.234306607832131,0.02445454758041644,194.95025668718782,48.97706418592122,104.5,504.0,1.1645200248049734,1.9604258298719386,3.831741394749698,2.315184726976696,2.8616116781157577,0.6972359308153816,0.4728068629452361,1.6528213960462712,0.9411650788802954,39.6732923688833,0.4054254091650437
5813009595,EM,dense,True,5943.458662957732,15971,1131,1151,19.02932390274527,341.4844218236895,70.73363482999088,1189129.5805900642,74991.74076863303,25408.0,3176,0.021366889205962032,0.233920759719684,0.004998158955904954,84.02591888912403,17.404772467267556,88.0,371.0,1.1231025440207354,1.650960739710481,2.5976654995444632,2.085294912912653,2.5302080302076337,0.33456478775356985,0.27493729142123097,3.3386517928772217,0.20421518189743001,147.3174638325351,0.18230052219010612
5813009620,EM,dense,True,10697.775254087275,31425,2230,2256,20.845455686199696,243.04799760726954,53.675392512461954,1495236.4732117462,75296.44070057731,46280.0,5785,0.03095162593284742,0.23115331145391693,0.007154570829260611,199.3050214137427,44.01507257580182,94.0,412.5,1.1083480370998007,1.690546026246409,2.9325041814932225,2.1459770418998434,2.426900012270253,0.7749213787059207,0.5176398671135557,2.214148798281119,0.16647240722305434,93.15637584693565,0.23247800624011103
5813010510,EM,dense,True,4252.134287640217,11556,998,1021,23.47056636712794,114.3785374580379,32.25786049673306,286542.0585284719,23132.89419189532,18184.0,2273,0.0634601429660392,0.23383932510119979,0.014839477002004258,131.81699660679155,37.175980582897374,78.0,283.0,1.0869463925460676,1.567896123761142,2.580178572597219,1.9357287914451733,2.1071032148861333,0.8215800529687499,0.6932264064473086,1.3344148980895383,0.5758137780198687,36.213407555595346,0.39868345322592424
5813011119,EM,dense,True,6889.576260053494,17040,1335,1360,19.377098817244743,278.04437397000487,68.43225548300404,1336447.3454185037,77840.9834926287,30352.0,3794,0.02271095835092207,0.22698920203128273,0.005155142313441497,100.67732257874506,24.778693277198744,73.0,284.0,1.0451420297411247,1.484822469839115,2.3275595473153694,1.905201817112152,2.193434021029447,0.4544177101383493,0.2549977330662384,3.2176395028319225,0.30373586269044933,130.42755517655544,0.360464602044211
5813011133,EM,dense,True,1328.7106665875287,2355,73,76,5.49404786427152,274.5613966752816,71.14721768577101,923650.8357750931,64414.22606723204,6368.0,796,0.006894380163318115,0.20865431322040337,0.0014385421580575138,18.67551128219681,4.839393602586342,24.0,65.0,0.828373233533372,0.9125760072716543,1.0252397118730932,1.3709684838802254,1.5817984126042008,0.6165358754880137,0.35998425838167286,2.6810824867299647,0.16282575608787042,139.65598245318247,0.3607229283009019
5813011298,EM,dense,True,6388.226198986528,16865,1342,1383,21.00739639139428,260.60432122353274,56.11796946175912,1135266.5687980403,75222.12919614986,27096.0,3387,0.02386752217031089,0.23576270294458695,0.00562707153946235,113.83566191466896,24.513124605892635,84.0,333.0,1.1326642196784624,1.6131884340875071,2.872403866450777,1.8928341677777059,2.077471934629765,0.5497464302968419,0.30833521974476075,3.426196914114988,0.05682035355598736,152.13649773798159,0.39450448167651164
5813011660,EM,dense,True,9543.615956087559,16474,1009,1074,10.57251260573192,327.1703995117641,87.57593579196522,2689178.5421563927,118416.75519826724,43640.0,5455,0.016228003948375272,0.21868964152354625,0.0035488963661128815,108.97532375512624,29.170169337841937,41.0,164.0,0.9867262154763812,1.37120918909304,2.176919698012673,1.9165895507169657,2.1828947749514085,0.5831632091292775,0.23098569960626103,2.7398738691290414,0.26960357409771624,159.76606361918178,0.3629302281221343
5813019526,EM,dense,True,4956.600440285973,8558,487,511,9.825282587674192,211.5032700207073,65.02604306224572,674324.6756137551,45866.829751473095,23152.0,2894,0.034333609368406355,0.21408951452513703,0.0073504657615778134,76.22485094996941,23.43510074241734,34.0,124.0,0.8876433453234192,1.2101075293666925,2.0515730299196906,1.656726681028391,1.9181890248784723,0.2827316604234985,0.23583631751627523,3.436057336246718,0.5560893381896775,115.978597239314,0.37735645629434983
5813020347,EM,dense,True,5538.392343812796,9557,203,209,3.6653235704180664,394.5647204306365,119.57715771131554,5835024.160022861,195837.46653462222,27512.0,3439,0.004714976192984985,0.20130824163320718,0.0009491635667522406,46.31647423150534,14.036714528780156,23.0,58.0,0.7853647679825292,0.8391503551231508,0.9889986328237136,1.3468885474099002,1.4820423719060198,0.4839933100641652,0.3021785072789956,2.36858554647098,0.5565242477321157,187.21612484108368,0.3666848160032156
5813020673,EM,dense,False,5307.458961705223,8658,443,459,8.346743765639394,335.51447217887744,80.418375942295,1449702.9985721842,82690.67202158803,25048.0,3131,0.017278021791132275,0.21189152673687414,0.0036610664163159983,65.9980868739956,15.818867446276908,30.0,99.0,0.8977433967701663,1.1002195194247975,1.5721146213581823,1.63501640034562,2.0413303698866243,0.41593575523671034,0.20914181004500562,2.8034784741931458,0.1922606810603102,156.96417245378427,0.3831241001964436
5813020684,EM,dense,True,8633.75354997127,23026,2145,2175,24.84435057805348,283.66375680544996,67.75868655929501,926919.199849757,65424.4969516367,34648.0,4331,0.03737974141178222,0.24918475958125347,0.009314461876904377,127.41913972042464,30.43657620276357,128.0,622.0,1.3997654912404782,2.419773977009885,4.057215014084243,2.5414900849176636,3.266649091930106,0.40311228831961665,0.2232943993869403,2.459877591805051,0.7606837622384378,105.59535764300914,0.28867847172168926
5813020785,EM,dense,True,8578.432501530393,27022,2178,2209,25.38925380145434,175.89718663468665,44.61414629768041,431163.21591957234,33932.33232465984,36536.0,4567,0.08473821200650683,0.23479397037252006,0.01989602123927609,192.28054806411043,48.76958333248714,104.0,491.5,1.1764169640058135,2.004306659236073,3.8024966762102808,2.4992254937409997,3.414981091373564,0.3734379523635471,0.31741745592668646,2.3121905584783837,0.5110432794431915,69.64136542743768,0.31277588678301954
5813020996,EM,dense,True,13635.585404688336,37721,2912,2951,21.355885453944385,254.7223046239076,78.48871471650011,2199234.9906945243,95129.94177191895,58360.0,7295,0.026536500304394372,0.23364608301385087,0.006200149353017606,173.7267001242132,53.53117947335239,87.0,363.0,1.137056821605098,1.737459913951113,2.9694219086864844,2.233177079156677,2.786184185673955,0.45868191209773523,0.31894212592519383,2.9447502688941407,0.9528737784970222,129.86041708657126,0.18906354544195975
5813021112,EM,dense,True,13076.178321190964,30771,2051,2077,15.685010938373294,266.8775242693246,64.17515473324518,2393784.9637713097,106140.40298156111,59248.0,7406,0.024750761198974704,0.22070244263419803,0.0054625534536694486,203.75764383497474,48.996926050598724,55.0,199.0,0.9720620220926973,1.3086647639302407,2.208813905606582,1.9325345802330691,2.100928393507546,0.7107942230931151,0.40249808020684447,1.9089423559847787,0.5269283389626529,90.70139040977706,0.20652972018274396
5813021533,EM,dense,True,8918.24405577985,23925,1859,1895,20.844910594201504,218.03453108005462,56.29052002319049,1070086.6650393785,62824.98919431646,39384.0,4923,0.03680449564199615,0.22644332865579553,0.00833413250267133,158.43243324285734,40.90289740621583,69.0,253.0,1.0213289115643438,1.4219139119546955,2.533592061301094,1.9744387555848828,2.221784767259554,0.5656460644673236,0.3095465010888508,2.0804246043121597,0.4639856690307492,84.23953207762261,0.35852709947846445
5813021583,EM,dense,True,11941.985358768654,28814,1673,1686,14.009395839457838,349.32657601359375,69.94220313635797,2145039.9185446617,109884.63925899661,54800.0,6850,0.025547310111216942,0.2179194408534426,0.005567255534745896,170.74076627936338,34.18573386269913,55.0,198.0,0.957810824411987,1.289074412647739,2.221351443223336,1.8751586672559972,2.1401407452990417,0.676102879245358,0.3085069873593304,3.007636794124826,0.05453452093642091,175.99651087279372,0.30089364333316637
5813021602,EM,dense,True,11254.008839285862,33528,2346,2386,20.845905077046915,237.80414831633357,47.209672608906246,1050761.1794319765,59923.355416991995,47584.0,5948,0.045285266463425206,0.23650825570119918,0.010710339380228707,238.38353916402207,47.324695212278094,106.0,502.0,1.1856309354494166,1.8958909769686425,3.6825945154731223,2.3452274932955812,2.6093227079262373,0.6196233012776695,0.40799393360336,1.6600334983868625,0.6085041264589591,61.303375146803184,0.1479106611596518
5813021943,EM,dense,True,6091.8925918312125,12625,886,896,14.543920245541786,244.2360008880744,69.69942494193704,1436898.7980316922,77463.83996849855,27432.0,3429,0.01909111486318813,0.222072491682386,0.004239611446662822,87.40233648851552,24.942647970324956,47.0,151.5,0.979403953670613,1.2381895511852057,1.813063271378337,1.6940536159836437,1.921126645169099,0.47251989620433654,0.3059711496961582,2.1997799669115885,0.9557518204695911,103.1565817331023,0.34135750930863135
5813023322,EM,dense,True,9970.790216799802,24204,2247,2282,22.5358266611008,222.69322312318715,49.420719289160935,1407081.4900287287,70927.0178331815,43344.0,5418,0.030804186045482723,0.23003853397932358,0.007086149798329182,201.75323953624888,44.77365802588551,71.0,268.0,1.0571236446988763,1.5273882072303617,2.564503656584311,2.0559937354046878,2.23110096594312,0.7603087811501078,0.47797222782582455,1.4989563522572786,0.8284048947734237,59.43579215487026,0.29890205560790023
5813024692,EM,dense,True,7122.441869968514,11737,681,711,9.561327595686091,267.3942978183526,73.0593435393976,1551742.811047646,78764.91927324132,32936.0,4117,0.021225166803101565,0.21625096763324367,0.004589962859347715,97.48844603466362,26.636476275223195,39.0,172.0,0.9805123719670311,1.4336638224574303,2.3185032128803758,1.9263779255282258,2.155702745147855,0.4259839870207562,0.3129361037022602,4.0842597651794215,0.21484861603952485,161.15554298546868,0.41776520814792834
5813027276,EM,dense,True,28337.45732385649,74394,6842,6956,24.144720967042858,137.38614997288335,43.60226705317462,980909.6062141747,55203.582612394806,113904.0,14238,0.11612079163911243,0.2487836891053562,0.02888895892581279,649.9078887182147,206.26138318491064,127.0,724.5,1.3842056137092855,2.706021516793019,6.258272377176787,3.648711445234813,4.152616841127856,0.9108933837940179,0.6655067109248978,1.2553045883821983,0.6841757870072076,47.030087849470256,0.09435290865421947
5813027592,EM,dense,True,10912.170779919357,35290,2846,2898,26.08097011492183,162.61503939048092,45.291346686068465,690255.871654383,43725.1852670691,43072.0,5384,0.062400048690301496,0.2533472042143239,0.015808877878525564,240.93279574033778,67.10431471050106,148.0,692.0,1.3633396776510942,2.3722110391129037,4.262566710905999,2.530685091335256,2.5585394560186066,0.6924441754425696,0.3678973737691197,1.963264562840472,0.4790298379572777,65.55219877775669,0.1810580769129469
5813032849,EM,dense,True,6271.811130902366,14432,721,731,11.495881890439916,337.8573346769482,83.61853320713793,2573583.7269595815,122042.02582227552,29264.0,3658,0.01137091429878302,0.21431831365850076,0.0024369951772705103,75.00503644767336,18.563489636533525,51.0,159.0,0.9026786313906687,1.1026390877113865,1.5869967436493841,1.583104350107333,1.730632210513898,0.5977199702375007,0.24536313887303599,3.3015624528127434,0.11064967963083755,196.30645974488576,0.3881380091714659
5813033196,EM,dense,True,1600.3496680801334,6185,397,401,24.80707859778312,126.22379917208863,29.94423675871981,107448.68939769424,14451.10535151373,6928.0,866,0.06447728714826623,0.2309973539376636,0.014894082720328421,53.44432990478907,12.678668195514213,132.0,530.0,1.1366119801705492,1.613255713790457,2.5646629296155985,1.7836855219615322,1.9281321302170282,0.38870494692249313,0.3193401323714023,2.918600285823866,0.32115289988813384,54.544216322088275,0.3691123076460848
5813033371,EM,dense,True,10637.094953231044,28145,2713,2753,25.505083971972248,173.09923927661183,40.06011697723831,717996.7532148006,43027.35454524617,44232.0,5529,0.06160473540019932,0.24048415068798706,0.014814962471075104,265.5283048542998,61.450847488896315,93.0,447.5,1.210962540213006,1.993458574443599,3.714069466910281,2.5141819809297616,2.8081032083503286,0.9555023074007188,0.8444704907118538,1.1570298481190155,0.9443826355900087,40.27935179723206,0.22939653037117938
5813034455,EM,dense,True,5395.954548355474,14521,1047,1056,19.40342511445161,205.75663520308183,47.53739022092705,643440.3654578229,45188.676817837535,23672.0,2959,0.03678973417086884,0.22794671123502339,0.008386098911460312,113.50969254471296,26.224935798690847,67.5,233.0,1.0235118642555907,1.3046311770685382,2.1899166186507606,1.8124456513926592,1.9845364282293025,0.795136927742599,0.3914536207142407,1.4413848446601762,0.8394576021510144,55.66032604325952,0.35618819404371355
5813039309,EM,dense,True,10247.377301463506,27975,3613,3722,35.25780200836364,129.14217997406539,42.6868806554213,381560.01766216627,29386.5064456377,34624.0,4328,0.09074326029268646,0.29596168269014284,0.02685652800901311,240.059173781818,79.34957659473773,197.0,775.0,1.6954628228761592,2.7785730210042043,4.926623702626686,3.052626196865003,3.5178088916798855,0.6762383144149511,0.3483632925975433,1.9496544587825029,0.905951698236061,59.70162386878207,0.2595741468511916
5813040277,EM,dense,True,5125.994114802355,13057,852,859,16.6211661761311,230.97994369543127,67.84909944019664,1554099.436092504,81538.78082305154,23344.0,2918,0.015020917875560251,0.21958508031195834,0.0032983694580642283,75.54992117943281,22.1923775406295,67.0,207.5,0.9737830765202042,1.2563711065692047,1.830712183857984,1.6524837559804924,1.8478709858696307,0.5370381610977084,0.2752932458046507,2.378505867871871,0.6687344506977331,105.08054039069147,0.32756694836264183
5813041180,EM,dense,True,4789.406130468451,10536,712,724,14.866143747353483,268.67094015426227,76.66044234464633,2017589.5394741336,91608.64069447713,21280.0,2660,0.010547239457608626,0.22506607755960767,0.0023738258138058972,62.475586938782186,17.826290136620383,57.0,204.0,1.0036475545826595,1.3157709149638601,1.8252309948431598,1.6699281819673004,1.8723245232480261,0.6127648132803812,0.32756098985390164,2.1854754909834404,0.6247242852771712,114.78619559936232,0.3980102267275334
5813047489,EM,dense,True,9910.235637383748,20755,1420,1439,14.328619943641145,262.21848105156334,62.70481448173443,2053166.6442936582,93256.4110838721,45472.0,5684,0.022147252453365046,0.21794149448855885,0.00482680529850178,158.04584893988556,37.79381070945558,46.0,143.0,0.9261902464844625,1.1406808974889213,1.8005515329548962,1.7325177313040356,1.9523710869550333,0.6947923354210279,0.5147017220054997,1.6198065796668089,0.6743029991431027,79.5427644317328,0.39258694333232036
5813047691,EM,dense,True,10419.321500520096,24816,2667,2719,25.59667632740647,184.294321607374,39.23973570151853,501955.9750123387,37530.992413756765,44512.0,5564,0.08867709961796119,0.234078933782353,0.020757440929483856,265.5298593185193,56.53631327132109,72.0,326.5,1.1051465316631413,1.7939603134504298,4.070047461140662,2.4890524023456373,2.7903914034601223,0.8873514011495464,0.46484007385836795,1.423395991876819,0.9106347211800171,45.61940243681062,0.3006968223145972
5813047970,EM,dense,True,6196.527224268075,15205,821,825,13.24935678140227,369.6785880675881,67.54727442873143,1287997.0848651782,91065.5280309296,28488.0,3561,0.022118062482246997,0.21751359253959826,0.0048109792305288486,91.73615481415138,16.761931646241756,58.0,209.0,0.9574362213022365,1.2781615561609065,2.0491161455912947,1.7514095793321627,2.0303169148977966,0.5272198787787384,0.23817071745284624,3.740430772250388,0.07185066659403865,184.51403890429643,0.3515783130475977
5813048837,EM,dense,True,3151.963114240936,7237,473,477,15.006520788994356,198.74641965654556,66.41016011501256,1119005.5178068934,63868.7219526061,14312.0,1789,0.012789927996110041,0.22023219076585634,0.0028167538623208735,47.462061660176744,15.859219600976237,56.0,161.0,0.9586262512898225,1.1257011122289058,1.4701320495526755,1.5890018951485156,1.862862360662492,0.6872796786877817,0.5255124120174727,1.6624058469004614,0.9839812558364581,84.90213773518,0.3165533925418036
5813049380,EM,dense,False,7939.504506242236,23176,1666,1711,20.98367723943162,326.0955117638247,62.75925346783208,1330615.6772455429,79593.88961608552,33560.0,4195,0.025221407333386667,0.23657641556144923,0.005966790142347867,126.50731274730208,24.347175044814595,110.0,492.5,1.1682614046854378,1.7978950421744193,2.989271274940601,2.094499115538867,2.4603360725882353,0.45883536384011986,0.3115176304498729,1.7562704499617334,0.5770068966423267,84.06291361558712,0.21313023489520644
5813049824,EM,dense,True,5451.209005210829,13045,1327,1345,24.34322365426672,273.1952638563469,67.85847341437801,726962.8768395154,53710.250404401064,22888.0,2861,0.03148441375645756,0.2381688660088618,0.007498607121329305,80.3320312250911,19.953526749560396,72.0,349.0,1.100809572942413,1.7561884681735918,2.887292905302346,2.0818660418113235,2.5652748259815663,0.46120999432701776,0.21640568036407815,2.4666931105676744,0.6776663426904443,106.61333574370174,0.30998185033105163
5813053836,EM,dense,True,4787.174823503432,11319,873,884,18.236225585785192,362.20224001642384,73.92153882438306,1109295.1355254562,78078.15264955476,21496.0,2687,0.01937807109360276,0.22270072680979866,0.004315510516717285,64.76021602954482,13.216855929125012,56.0,180.0,0.9722125961623542,1.2731847934849554,1.9946561764597632,1.7122335290156991,2.0493042908833186,0.39190913892337104,0.190782034280859,2.8214904029440255,0.25738447654816704,137.646163194326,0.3498930395174033
5813053851,EM,dense,True,2481.9137312844136,6638,341,342,13.739397776067314,236.24816277440544,64.2275794495932,1169865.4919130083,66471.13878898697,11624.0,1453,0.009936185040377587,0.2135163223747775,0.0021215376882567027,38.64249209690766,10.505536644762845,60.0,175.0,0.9111283888709302,1.0516583607137346,1.303526119372066,1.494079837805625,1.6758364154520011,0.9363707605277866,0.4627777681328861,2.4928910025460986,0.0903375105983354,131.95842970719085,0.42346285087037844
5813054384,EM,dense,True,13732.77834772406,27395,1498,1511,10.908207808132754,296.7778209453687,72.80525115276491,2402698.9009870756,113396.28647879884,63552.0,7944,0.02645025557463384,0.2160872725913277,0.005715563586466188,188.62345957586237,46.27292667618855,46.0,181.0,0.9499708320229703,1.3093800865488234,2.502328416130477,1.9701202669033704,2.247958478920291,0.4697804507820437,0.3523417627472991,2.942388991628525,0.20215609787889946,143.6561317970844,0.31179199811807884
5813054716,EM,dense,True,11144.33537404038,33485,4066,4168,36.4849034377711,147.01571383881904,29.501873974198265,169810.92255244558,18548.756826844674,34872.0,4359,0.2053578148910291,0.319578325706595,0.06562790665363993,377.7500840721843,75.8037020876455,312.0,1747.5,2.420576753701212,5.197917618488983,10.883140013711309,5.131312061046756,6.799472467382782,0.3936631313602029,0.3148003411444086,1.9684561151381226,0.9696336112609557,41.767098396356126,0.18294353112753167
5813054726,EM,dense,True,13682.187727310707,31155,3599,3649,26.304272911093868,128.47717764370807,39.559025303589095,502837.8626561822,33929.704016667194,58280.0,7285,0.11590217111365225,0.23476643320711577,0.027209939313312944,345.86766540148693,106.49508323769413,69.0,350.0,1.110927876527339,1.977194758281894,4.7245123367785595,2.726597034380197,3.090622933659523,0.8845243599422524,0.5113555236287016,1.478812599173675,0.9026921857448056,47.071590616555476,0.2480191696464154
5813055277,EM,dense,True,17793.455779086336,46385,3792,3879,21.311205912327353,126.92978149811242,39.64999340631101,511355.02360734093,34064.66228046543,76000.0,9500,0.14862472546736696,0.23412441814587284,0.03479667737213738,448.7631459795952,140.18345867357334,97.0,487.0,1.201935678133365,2.3586235126042334,5.947010621352385,3.190034748169303,3.598272149461342,0.9260400612091955,0.524046851371943,1.433753033210998,0.8441228618066202,46.11618739903489,0.18576880449387004
5813055298,EM,dense,True,7272.115957802767,12415,893,936,12.279782186941576,227.04189503849165,64.8920454976947,1060292.972015804,65794.04603811236,32296.0,4037,0.030459505865251195,0.2251707938383319,0.006858591115601938,112.06482862465957,32.02984170199022,48.0,216.0,1.0317985184169647,1.5919693427764376,2.7883880206298954,2.0034962698734344,2.1534249208773373,0.3991065947138212,0.2239038492870087,3.828629684470479,0.33956569242684725,127.89179525120242,0.3324478058476739
5813055800,EM,dense,True,9291.17238669071,27606,1675,1695,18.027864840817944,328.92831955191167,79.28561386397277,2098972.5173641434,100819.32722758694,40928.0,5116,0.01949906426187835,0.22701261695393643,0.004426533606241981,117.18610645597336,28.246799787101857,87.0,343.0,1.064037149185835,1.488969933764537,2.341525299065199,1.871026999778939,2.02952651522296,0.3719540598717966,0.2725478888576498,2.4153127430971053,0.8082896436056801,123.09178282151079,0.22576050154638247
5813055834,EM,dense,True,3610.498337012411,6638,473,501,13.100684610518186,267.33793850941885,64.50507109899159,589778.9661275947,49559.06369291154,16152.0,2019,0.027386531103426336,0.22353258649160543,0.00612178213258169,55.97231776508892,13.505372103724836,48.0,228.0,1.0073935092110522,1.4700726127900696,2.169770635223805,1.8788398665528503,2.3582614872713332,0.4418150336713843,0.21017397698083584,2.754506083467757,0.530386935707161,107.76943397009425,0.3184090253181143
5813055865,EM,dense,True,5947.629229236186,9655,577,599,9.701344481322018,169.46479126931249,48.23326425996657,593963.3735215878,39558.182643627195,27864.0,3483,0.046911983536619996,0.2134520969435898,0.010013461257674699,123.30969758090157,35.096548284087206,31.0,121.5,0.8946494027130244,1.202999439570426,2.1612024815538464,1.73675193369491,1.8522669664391733,0.4847112308697388,0.3797038643665346,2.6532266617189495,0.3840097547119175,82.413306631752,0.42316929463490643
5813055913,EM,dense,True,7995.357587460082,17057,998,1008,12.48224346544879,247.78424187411682,68.92258407184717,2567091.2668548278,103098.53232829622,35936.0,4492,0.01399872317123668,0.22248880196627566,0.003114559147425992,116.00490166075981,32.267417520126266,56.0,192.0,1.0492595259133966,1.4156086380063884,2.0068668643223098,1.8407330642041888,2.069191922220518,0.7456826335124295,0.4887708331187211,1.9354418614273043,0.9767799202465228,95.86260750034502,0.40584695613942384
5813055949,EM,dense,True,9141.90049381597,27002,2164,2193,23.67122680304643,209.48436770356366,47.82928961260134,1018082.8502491344,57923.05870787356,39464.0,4933,0.038763053508211825,0.2316516443800925,0.008979525086370782,191.1360291541399,43.64001282784239,98.0,450.0,1.1105321299582083,1.7771968300575371,3.616258106731001,2.183070158085373,2.4007091632920092,0.7304999683366187,0.5268089137589604,3.42841612666189,0.03058055136767986,142.0466358463301,0.2802860144370191
5813056261,EM,dense,True,8828.974213634228,21320,1142,1157,12.934684963021587,289.4810099819967,72.14099766759513,3043152.3931686715,125068.67824998693,40368.0,5046,0.013265191743475905,0.2187122030725879,0.0029012593103959184,122.3849752441128,30.499320885274365,56.0,193.0,0.9530412579484271,1.2414193213771412,1.9294087005319556,1.6851063684336036,1.8351640435739407,0.5902845537144992,0.46188172566998903,1.735099177256195,0.9934811049681072,94.50555655490355,0.29182139816245284
5813056321,EM,dense,True,5293.616925454811,13970,1089,1106,20.57194571000123,262.5968182279972,72.60789059190995,715135.4457673436,51598.254408305445,22912.0,2864,0.03203868600781677,0.23104124150902633,0.007402257791563857,72.90690973529854,20.15872454653536,75.0,295.5,1.0812126073232866,1.5754812278139319,2.564736882487796,1.9578117956166474,2.363221841720898,0.23817561735837822,0.19304408441826137,4.017784853003795,0.49622610769801645,136.34069448865222,0.3225627451830963
5813056598,EM,dense,True,14544.921303270707,37058,3764,3814,25.87844871428484,128.24922962250255,38.7321577333829,452890.71574195405,31746.00647493542,61864.0,7733,0.13659807509776503,0.23511123275686516,0.03211574182845039,375.5257169867035,113.41137366737571,88.0,423.5,1.1848257822801163,2.1773834286333393,5.135918539290504,2.956538125615696,3.3833266581229835,0.802190236734351,0.5127198592144956,1.5911887445312123,0.9713116367864078,48.18483109949694,0.2285928439777965
5813056909,EM,dense,True,3926.530461070501,9062,379,381,9.652287273907259,303.13422860201644,73.67364421781424,2260654.9232094414,104961.76020388865,18800.0,2350,0.008316174134754599,0.2088580032484309,0.001736899524451093,53.29627036585586,12.953108196255942,45.0,145.0,0.8687014294403763,1.0268123590665537,1.4521192533544753,1.5270096973223193,1.6408401425284167,0.5315836674465466,0.3163365239617045,2.9432720040958618,0.24952152025916824,140.42591618543415,0.27523926015184164
5813057153,EM,dense,True,3870.287050250305,8121,481,493,12.428018742663856,310.27833192832145,81.8054797580362,1656242.594745386,85695.72565497659,17672.0,2209,0.010669934498766296,0.2190067366597049,0.002336787534947611,47.31085327899572,12.47359757994443,47.5,132.0,0.9366619192280506,1.1020179528047567,1.4571863894014703,1.527192677822901,1.663923925301077,0.5073326739156796,0.4054216187684632,2.065971001166577,0.6789455267575916,118.67748140929109,0.4386899473321205
5813057579,EM,dense,True,37464.43702906006,98480,8115,8275,21.66054168572034,205.34218743870048,56.83354363164636,1390439.5604362236,69543.17607694649,146808.0,18351,0.10558387734159536,0.255193429711324,0.026944311781021472,659.1958662982069,182.4488065329687,153.0,895.0,1.5773171534632897,3.2431126237067223,7.226936155297079,3.9579934847570755,4.947759776685163,0.5157272408698507,0.42872875274412653,1.906677910767811,0.8254794858817388,78.41047879838193,0.07912445824188233
5813057853,EM,dense,True,5713.31751297159,16826,1123,1134,19.65583039014244,187.58522588849675,47.61430902508128,651900.5594395344,45564.60210656709,25896.0,3237,0.039723849941567545,0.22062548320094186,0.008764093587960046,119.99160819412599,30.457182786706586,73.0,267.0,0.9946583413947754,1.3200826046607186,2.3187165231215867,1.8204241495756388,2.07530603449749,0.7007815619734709,0.3145923112560523,2.328403460196738,0.22952908846659661,82.10792215042865,0.39205926519913425
5813057861,EM,dense,True,6355.779113937557,18758,1171,1182,18.424177099423105,224.82897129920644,53.10075505201321,1251508.39716068,66796.16367890892,28536.0,3567,0.022801285284813226,0.22272845226862759,0.0050784949812218835,119.69281995542151,28.26939551966891,70.0,260.0,0.9742150695796378,1.27728679942475,2.0689385136515486,1.7831685078108832,1.8595023738845982,0.6780325661422283,0.4985117505735306,2.07356810927845,0.3347812127271645,81.8893361555275,0.3579731763509857
5813059915,EM,dense,True,9107.495956391747,22658,1539,1564,16.89816835899786,217.44047548197656,59.90492136019316,1131607.9778535322,60832.807932274605,40208.0,5026,0.03553173960143665,0.22650954925367459,0.008048278321320355,152.03251668808102,41.885007546107296,63.0,230.0,1.0088054891882752,1.3488589982807682,2.1725896842537566,1.8161545004686548,2.0122615900114336,0.5169203113647062,0.4386296907132043,2.2536876826056083,0.37498400066389,95.32284864676775,0.3895513116110871
5813060068,EM,dense,True,11019.853884542024,27257,2068,2099,18.76612904006707,228.63135536601774,47.91013747898814,1088086.4356957544,60439.913200987496,44952.0,5619,0.041312894385321854,0.2451471321530082,0.010127737579501767,230.01090091580267,48.19922388554384,113.0,567.0,1.3131379748024339,2.3229034326606293,4.225404096833598,2.4434274610877544,2.703595163037788,0.6848083987013122,0.5197265807336531,1.8048185524252356,0.391606382612916,67.04269623513535,0.20129029223464293
5813060787,EM,dense,True,2902.5249738922403,6036,491,502,16.91630578260199,220.78253848380405,62.35721925694607,803833.801979937,52561.45622625919,12880.0,1610,0.016023212719190272,0.2253513178487764,0.0036108521024408036,46.546735221342054,13.146533207856749,54.0,199.5,0.988598424350218,1.2597764643629514,1.6797019524839354,1.6546302105261967,1.928588022519761,0.5045333880185064,0.3315428413251894,2.53450554391532,0.6207957044963315,99.5978703758939,0.4259693291430233
5813061218,EM,dense,True,7495.974993763477,11517,706,718,9.418387875991849,317.48901951647423,92.09431299072777,3329404.4544810047,137459.2585286353,34968.0,4371,0.01050277924417894,0.21436670652492212,0.0022514461959329502,81.39454815758478,23.610186598514844,30.0,83.0,0.8736567591798924,0.9729977925445842,1.2730935791038513,1.5138301844029198,1.678078127101741,0.649848813010364,0.3130161637375082,2.127924909634605,0.9389704458393467,134.24809252825594,0.3660756285000086
5813062858,EM,dense,True,20470.29187612385,63711,3604,3634,17.60600201408772,197.25275538686213,64.29203261888281,1635023.2033875925,79394.55408345585,89192.0,11149,0.054550907788466704,0.22950816077813987,0.0125198785153089,318.39546896066946,103.7769628919833,114.0,602.5,1.2041348162425793,2.17583884737711,4.113804637484697,2.548661850150394,2.8514127143228656,0.5363762529107742,0.40010268777747376,2.341870290457874,0.8373730999944848,98.01408537630675,0.10904422383481296
5813062871,EM,dense,True,3839.9912861095245,9380,520,525,13.541697396059366,222.13865571641202,54.453019949503634,953638.418125188,59005.15302080738,17304.0,2163,0.01814524212858257,0.22191350474511815,0.004026674275202526,70.51934474287184,17.28646134877019,63.0,252.5,0.9836043253354315,1.3832821635841226,2.181813230744048,1.7120318266091061,1.9793769516028477,0.6468166924764677,0.5815061849430587,1.9181778172749018,0.43662506137679474,78.32435653191578,0.24892055100462365
5813063093,EM,dense,True,7883.953374135786,13546,631,652,8.00359882987218,336.5085986524156,86.84206980097909,3424508.590170182,140392.50058555987,37096.0,4637,0.010832503123654453,0.21252839589540076,0.0023022145124021987,90.78495471381429,23.428683266067832,31.0,99.0,0.8744402588881751,1.0551329462173162,1.5350376507273726,1.6304722892819221,1.8356119613820225,0.521008052199536,0.302366193902958,2.0007730313401395,0.6515532302126149,124.22771969779133,0.3835352497171983
5813064410,EM,dense,True,24062.192096498897,51760,2536,2556,10.53935564070654,306.7274026016371,92.97338440597025,4978363.661537289,175941.6198063471,112680.0,14085,0.02263394313086503,0.21354448079959973,0.0048333536343282395,258.8073162038592,78.44813307322829,44.0,148.0,0.9082814470971953,1.1626494055130894,1.9736049947915761,1.918705201148949,2.2224246879559337,0.7071758586216476,0.3266546546862474,1.6984639764213254,0.7127988390171004,120.97258177186895,0.1501125343229631
5813065004,EM,dense,True,3949.051491692984,10629,654,663,16.560938781773796,229.62444887143144,61.64309010837054,1302646.0522634145,70545.27614901037,17720.0,2215,0.013603081181730516,0.22285843632578917,0.0030315614013732314,64.06316563219697,17.197870309986413,67.5,228.0,0.9765211403790762,1.3059032710624947,1.8840894521435994,1.665332716463326,1.871588384688618,0.7563719456409813,0.47376039366960293,2.553867381432583,0.06692819034359804,133.84350972758534,0.36130459706224727
5813068669,EM,dense,True,16157.7739399417,51203,4119,4207,25.492372992160217,178.02394216986116,45.662145483489056,632548.1324780055,45228.24078030928,65440.0,8180,0.10345457782578377,0.24690974847099176,0.02554394378913691,353.85490035250706,90.76180283955736,146.0,785.0,1.360540075778183,2.6540364553123688,5.259692037741439,3.1749220615267864,4.117679393461188,0.4986501795980083,0.36268579574333665,2.008185490081654,0.43091399729808183,67.67350270198736,0.1467569786798072
5813068707,EM,dense,True,7492.575937762288,13057,857,896,11.437988845475076,295.4484019955816,71.15143500089293,1693666.351482219,89141.71488797839,34080.0,4260,0.020122026968401863,0.21985258033340047,0.004423879550541421,105.3046356362069,25.36001510637495,43.0,175.0,1.0103257737004163,1.4126274392462836,2.128572709591559,1.820923798058912,2.1437985515771927,0.5393261783522756,0.34086396280846315,2.834008146875633,0.23254314924804073,135.04810063043203,0.43966245631508033
5813068748,EM,dense,True,11681.499739133516,22118,1431,1450,12.250139382412428,319.6605149110084,91.11982808048835,4183819.8630173504,151680.99941174695,54016.0,6752,0.012910689697104676,0.21625999220848482,0.0027920656533020225,128.19931715427475,36.54345530409214,39.0,113.0,0.8944486783410043,1.0429910481369211,1.4259643236246968,1.581172841685664,1.7055774184747432,0.699354553213087,0.40155052532808166,1.9921146144225388,0.4596638919023204,133.28793115998667,0.37294188400445843
5813069085,EM,dense,True,12297.307383434854,28625,2789,2820,22.679761618034657,142.94887379119027,38.88934895081837,489396.5586373092,33418.85717825586,54592.0,6824,0.11154961970310466,0.2252584148489679,0.02512749051132655,316.2127347255597,86.0259130225671,62.0,308.0,1.0396776617716312,1.7567581976335507,4.1544957376469105,2.532352004907022,2.890763371752434,0.8089929357413876,0.5179859893582174,1.5093778969613096,0.9568687674795208,46.93970503708234,0.2959006194541935
5813069496,EM,dense,True,5834.34833634361,13517,1068,1074,18.30538628191193,250.68614023867934,60.47627320355544,1358697.337927582,80370.92275340846,25808.0,3226,0.01899466443304061,0.22606743398727563,0.004294075047826861,96.47334445867615,23.273517757258944,65.0,258.0,1.0094028263570258,1.3760255510244364,2.120039366403928,1.7876934929734503,1.9185624256309142,0.633274233956666,0.29157882970151805,2.0013673172144224,0.08411538518906606,106.70351005189849,0.33877032711354527
5813069630,EM,dense,True,7094.287653346126,15377,828,832,11.671362093831387,321.679196482904,64.0057508941497,1659576.8142858273,90471.0265159346,32984.0,4123,0.019874946261040735,0.2150826962571588,0.004274757029790779,110.83828490784198,22.05392120756295,48.0,168.0,0.9104578610557142,1.1516700735951504,1.7951132726078254,1.6752393660761882,1.966265979308793,0.48636340039741827,0.36467969929710886,1.8849340939571568,0.5498907225576807,89.5935596817762,0.3282711889804141
5813070613,EM,dense,True,4487.2162556765325,12180,751,758,16.736434288183702,238.81035062949783,49.16273493920944,700991.4141951702,49190.531113257624,20472.0,2559,0.02920435198697053,0.21918797653754066,0.006401242818114176,91.27271420568957,18.789873403093072,59.0,179.0,0.9426924906883472,1.1908748024619247,1.9078300406787978,1.666655713533544,1.8042686995080548,0.49058039374723894,0.3640698954288871,2.1232502009989718,0.34484723522394484,76.54740902636999,0.35595260048401645
5813071348,EM,dense,True,14193.773611369907,34969,2066,2089,14.55567812033463,325.21240662793116,74.80310650969108,2733844.3645084156,119334.174308841,63312.0,7914,0.023158597037174208,0.22418773078357826,0.005191873317895384,189.748451282983,43.64462524213817,73.0,330.0,1.0908218268805645,1.670641903409829,2.852446465307457,2.2035450318006347,2.6014980959255696,0.5428237074546517,0.3071826133243835,2.043643649463625,0.7482773308687831,108.01906089641133,0.19055287811568591
5813078542,EM,dense,True,7249.4274053545405,20387,1871,1914,25.808934904542255,161.87749098576683,35.07113979237275,318349.79164338834,26469.113379892115,30416.0,3802,0.09554270427816595,0.23834256330071477,0.02277189304234024,206.7063530946645,44.783418381447184,86.0,404.0,1.1580554960630256,1.7944127240976586,3.485301637189683,2.406337724696661,2.8484979981746723,0.5708497367935806,0.3933724021767882,1.7569324911853574,0.901352085941847,46.371825656680755,0.3776850792567416
5813078595,EM,dense,True,5183.876908236399,8703,335,343,6.4623448035144415,347.86388952717164,91.97649971891131,3064084.8144843336,134426.9930736471,24624.0,3078,0.008036331071385197,0.21052131693617604,0.0016918190004831224,56.36088483557002,14.902026523312033,29.0,98.0,0.8786232047858303,1.0872225059220635,1.535508562866232,1.6341166134450391,2.0038179003619634,0.5567499450110027,0.35862913725332896,3.3949505397118864,0.138574846820017,209.00584098964805,0.3738802312686136
5813082239,EM,dense,True,8387.194125467438,24337,2076,2103,24.75202038899153,277.14281261755247,52.113528107306685,831175.6638635724,55604.86873359748,33592.0,4199,0.040415042764670894,0.24967832000081683,0.010090759980244196,160.9408234306726,30.263076448753075,118.0,525.0,1.2785356898578413,2.0007619574111257,3.3177191952007274,2.3512882833883526,2.742705731022707,0.3324836850805848,0.32435659942784195,2.777090770904655,0.33241406121940903,92.9828013711037,0.26972651503025225
5813082723,EM,dense,True,3391.0317533511975,9006,765,776,22.559505650278457,168.7182908662593,45.52624622866639,457730.7484126353,33185.536277317675,14688.0,1836,0.03208873349875778,0.23087089824014145,0.007408354726246726,74.48520434386211,20.098779663665642,71.0,247.0,1.0238622443693228,1.3287741980216292,2.1849431400458745,1.7454945233335695,1.9147553660932792,0.5311191067552363,0.4186269905232326,2.361305398505522,0.4569301417580579,72.4730662617625,0.3866478060705659
5813083780,EM,dense,True,16321.727476023025,43291,2822,2863,17.289836533207527,267.2415382159423,68.74239088834895,2053274.9528653787,90367.15740113312,70912.0,8864,0.0345360468655409,0.23016876517406115,0.007949119261035054,237.4332237371943,61.074814884632154,94.0,440.5,1.1691781859615347,1.935688742412598,3.505525660657866,2.399452531431596,2.918241994640269,0.4899945974744513,0.4326661103310832,2.4497094469854908,0.6054953806649813,109.2176434275779,0.14126763038670928
5813098368,EM,dense,True,16488.051985101647,53601,4266,4338,25.87328086941194,128.40158650337784,43.35303137676018,861823.1667121018,48872.65252663036,67048.0,8381,0.07779786224103426,0.24591415083375562,0.019131595229685442,380.3206249134456,128.41003319431647,117.5,576.0,1.2415701796010277,2.1626510998297017,4.684105677585695,2.8253605905516537,3.0922828179110367,0.6879990963420218,0.5902001499461661,1.5644081072992317,0.8235689872906802,53.75823340307435,0.13162470921733946
5813126031,EM,dense,True,5755.361527437835,15624,1180,1194,20.502621675015973,268.03439917562145,78.18281127017698,1085190.6094209068,68532.08205089429,24264.0,3033,0.022359205644940167,0.2371975571809197,0.005303548959485638,73.61415423588421,21.472473477804648,86.0,323.0,1.1188494415703412,1.6203157453372283,2.7250764807944297,1.9677197541205373,2.1612322671565285,0.3321399759760057,0.1711883754497716,4.491455059033924,0.4307348551398598,153.3311527474057,0.2660091279785271
5813132949,EM,dense,True,5464.137951266688,8637,541,575,9.900921331508224,124.54089295668562,34.696966101495235,327529.8507891708,26082.23156965363,24848.0,3106,0.07586484083856687,0.21990252540513072,0.01668287008985915,157.4817214647253,43.87424741821206,44.0,177.5,1.020190058115513,1.51781609757408,2.8698203525560335,2.0156228036843147,2.2513959420134686,0.869956686692472,0.558273435216079,1.4841916964314954,0.9808547929235643,41.35461050866571,0.39705938053533735
581746661,EM,dense,True,10237.663320438945,17483,686,712,6.700747802776809,293.5593154877998,91.75554194266384,4553599.214207152,149229.96225093532,49128.0,6141,0.010788828284826095,0.20838754519701486,0.00224825744182703,111.5754220800772,34.874258047057,27.0,89.0,0.8463676686870821,1.0140316284111475,1.4156061007244116,1.5800295345188597,1.6891046560697816,0.5910393255848877,0.530118043565906,2.138799045805884,0.5557676986180676,137.0521314499327,0.4048534340524857
5901196806,EM,dense,True,3256.82536572174,5133,263,269,8.07534855163218,172.77524355158243,40.290062645290604,445252.15501561924,35637.27024097467,15560.0,1945,0.034946490038782994,0.20930754278417352,0.007314563958949266,80.83445772706987,18.85006959778591,28.0,100.0,0.8625067176169863,1.0546714267233614,1.7250134352339725,1.5849609184781832,1.678775961712237,0.7325410336396047,0.41553665743030466,1.6485337001097686,0.8886592894651733,51.288756364981936,0.33159548183349324
5901197108,EM,dense,True,2917.217274689717,6836,281,282,9.6324672981339,261.61916015401187,57.55232995631207,1066182.6926501174,67096.97814821133,13984.0,1748,0.013115951043288079,0.20861107513513424,0.0027361326485601115,50.688082948234666,11.15062548542847,45.0,139.0,0.8702915497284359,0.9963173752355592,1.402508305139287,1.4694321043724463,1.6921213890311584,0.6346181879057708,0.3101217535860993,1.7900544053151652,0.6333168966106565,77.64019715386328,0.23343088232389403
5901203505,EM,dense,True,4149.4902755813955,11727,823,841,19.83376138614248,287.6311490941664,84.14160254931906,671860.932717279,51041.0137263035,18880.0,2360,0.028101053477899957,0.2197823239185061,0.006176114837931071,49.31556031570944,14.426428739200672,74.0,261.0,1.0160358167437304,1.354272283153197,2.16119285186531,1.7490571670701023,2.0768219597504483,0.19041766654241762,0.18222509413139668,4.5857325955722175,0.44697159198460007,164.68784213449874,0.3820052627770857
602368546,EM,dense,True,3784.234975304708,9571,712,720,18.814899303198516,232.72257326739538,51.935986007086754,701309.4779752889,47617.661788278376,16704.0,2088,0.023818300656972696,0.22654663405799258,0.005395955842818437,72.86344722112992,16.26071301195466,72.0,263.0,1.048845613997979,1.4644872195451655,2.29625908695674,1.7831892589009204,1.8817677649451556,0.47474422602031363,0.3585620141809925,3.9353930559283703,0.0809485083072165,141.95909622455744,0.37677432705139996
604289581,EM,dense,True,8534.214733586095,26429,2273,2324,26.633967751651365,181.07485770937916,45.20252907593635,608197.5723445631,42430.25681833951,34824.0,4353,0.05725770963826062,0.24506704380846817,0.014031977636292166,188.79949657793154,47.13086533130573,124.0,549.0,1.2899357215214775,2.112429389501509,3.8651334844139926,2.3308698407086044,2.5085875172210743,0.8714098601866572,0.33790350144602394,1.7370321295972178,0.3145785120855633,62.89435867310719,0.21900179633697342
609548390,EM,dense,True,9222.080243461412,23052,1701,1728,18.44486227720729,343.0167965421223,73.76170797223652,2145749.9581366703,114595.22862174366,39808.0,4976,0.018552021799673496,0.23166399325415526,0.004297835453050502,125.02530780513582,26.885214766236516,75.0,283.5,1.0698468959932033,1.4573451712170373,2.3622131771161405,1.939275835762053,2.1521774197109482,0.7223663271105046,0.22861016918425045,3.0324154419214575,0.04659761261242876,190.8085545146371,0.3005212124253036
610274029,EM,dense,True,8862.45732215163,19610,1249,1265,14.093156723904736,274.7301824799164,69.64521082791369,1622936.7548181086,88175.01672018738,41368.0,5171,0.025489594635889762,0.21423460941190364,0.005460753350887597,127.25149679063892,32.25876837467431,56.0,232.5,0.9492777765800803,1.3813056923553038,2.5762957331836134,1.934997046797718,2.1035977503326917,0.4941323315312919,0.29458425903308144,3.8166062336157003,0.1472609758164425,163.91259472174892,0.43235252759350595
610274046,EM,dense,True,8069.282575327568,13272,758,785,9.393647984489245,261.63161976345987,68.87492766700058,1637830.12250609,86474.68593365994,37808.0,4726,0.023084201151551003,0.21342791407447018,0.004926812899851012,117.15849074050979,30.842153492849892,35.0,144.0,0.916547316597861,1.2376200268907314,2.3241021242302904,1.8702744429472833,2.0183298087362602,0.5105572775259889,0.3024159818395692,3.6280146506545297,0.16637392555864075,154.6799553256245,0.44810054560825174
611629428,EM,dense,True,7994.2807942093095,26032,2077,2111,25.981073888528954,202.47367816454639,43.01371332010471,998472.3809529318,57475.19765602084,32888.0,4111,0.032938317200734216,0.24307591809198825,0.008006511693973598,185.8542352462456,39.483062028993785,132.0,705.0,1.2436653382404028,1.9441344343894236,3.244432140507025,2.389101229557907,2.4232436478354984,0.8299265993256729,0.5105934527827943,3.031846817509789,0.04990679373271264,111.01166891337249,0.24345736340956928
611693656,EM,dense,True,6656.041816889582,11493,440,452,6.610535391822633,262.6367603828325,84.89910728172087,3443043.833176918,126070.1562559046,31904.0,3988,0.009266219527203051,0.20862718834282792,0.0019331853265277808,78.3994323379965,25.34314620385738,27.0,78.0,0.8494183023085224,0.9776794678157436,1.3376289824938872,1.4967765544967653,1.6442791049628414,0.7118734572930374,0.42476971076856623,1.997523735361576,0.5007184769312961,123.45142082201507,0.3971145892934599
614081151,EM,dense,True,8043.343141374553,22610,1673,1706,20.799808867959047,206.80761196451434,64.16748283134535,1442333.8148230906,72402.69374707749,34392.0,4299,0.023844688134291817,0.23387250352915076,0.005576616909838662,125.34920783031616,38.89287761204211,86.0,309.0,1.0916589496979578,1.4720613362691348,2.2747011146421245,1.9221723182594725,2.1645164535453585,0.711078289191282,0.45859668664196535,1.8264424971934745,0.5636667045151043,88.3304942470808,0.33732730368816627
634379734,EM,dense,True,1168.0514933458767,2100,54,55,4.623083854404168,333.761669876391,130.4164965151051,922388.8153268956,70006.27765916976,5680.0,710,0.0061579237579837765,0.20564286854680927,0.0012663331058843314,8.956317065384367,3.4996573865970464,28.0,63.0,0.8248951224194044,0.8488746317920616,0.9359386965912473,1.305712972104972,1.402222681087487,0.16948252137968697,0.08573838416248698,5.042607932318639,0.9222596254061342,242.63040983295227,0.23279784204614587
636789034,EM,dense,True,3880.810871394216,6789,222,229,5.720453981315624,328.0834865985382,80.07551087040714,2435904.6991505646,114270.03134481215,18968.0,2371,0.007786839939433763,0.2045977895083412,0.0015931702388634133,48.46439103803977,11.82872966765011,25.5,73.0,0.8299424446950847,0.9346846992760636,1.155003235533993,1.4173042702323837,1.6698841959527608,0.46710165747810256,0.416427391890229,2.3508449764003467,0.31054855761577177,133.13458213180158,0.37321266418435517
640194409,EM,dense,True,3936.6122964611254,8552,372,376,9.449749479632901,343.6327350653558,72.49447022565326,2133488.617468551,108831.19445436019,18968.0,2371,0.008890602858011078,0.20753966134864643,0.001845152706336927,54.30224242218265,11.455871035430945,40.0,115.0,0.849139839616291,0.9686546005071667,1.3371645028740236,1.4589900174049089,1.5733862096167568,0.9246746675366658,0.35270744901096246,2.9124984385371846,0.05745340207792861,176.2048765832745,0.3595727995605693
640539567,EM,dense,True,8299.677207043918,20475,1524,1546,18.36215990070776,288.8341101236235,56.37019259083996,1276415.3117240847,83060.64384415382,35848.0,4481,0.028084902829612134,0.2315241354341642,0.006502332846378462,147.23521112100295,28.73510058590928,75.0,274.0,1.079562591967211,1.501388785644703,2.6331463220317,1.9958896103274195,2.2455836599144803,0.7770368944930196,0.3382788032815875,1.7548715296674662,0.4278236809110142,77.11634541931782,0.29890229563677884
642694410,EM,dense,True,3006.9885867659705,7700,351,353,11.672807856497455,239.99709063401986,69.63383288792456,1345286.888600899,69878.55791769356,14032.0,1754,0.010430488930575476,0.2142950817250549,0.002235202477809952,43.18286760985439,12.529270995836507,53.0,157.5,0.8864942767588356,1.0440932592937398,1.2613207159253232,1.4340698143936699,1.5294957206337592,0.6259452212386841,0.45936718949503,2.2789768943507833,0.49488517167636453,108.22362171992646,0.42399731147598163
667266529,EM,dense,True,6497.926713449207,15083,742,756,11.419026909987018,275.53025221046005,82.1523106169438,2666035.2408618247,110823.48452791282,30048.0,3756,0.011270668721650754,0.21625155462756948,0.0024372996327492965,79.09609193766268,23.583351233917696,44.0,121.0,0.9075316638895541,1.044011361415361,1.3956028164624585,1.560424816497319,1.6829647017480465,0.8694993663435653,0.6017284513222028,1.5488951672518096,0.5467675024775953,102.26289232291737,0.45755322266673537
669325882,EM,dense,True,25890.58785845619,42959,1626,1681,6.280274549536457,405.8386787151944,106.57493198025237,6515881.597905253,221516.55232769332,124120.0,15515,0.019048842145919672,0.20859319898852877,0.003973458920244895,242.93318679531077,63.79526944159366,29.0,109.0,0.8740914199343751,1.1129035358689903,1.9614081710951659,1.9833000397681364,2.5124296805876942,0.6049159699810582,0.2112045763722505,1.9939075126176757,0.8043632097112177,150.9345101955728,0.19023844101762
671233447,EM,dense,True,3780.037323232567,8836,447,451,11.825280064106348,369.09809507826225,83.16447897321052,1562735.295579832,96432.81175766716,17776.0,2222,0.011374927059162923,0.21264836426825873,0.00241885963280175,45.45254620605772,10.241281040562026,51.0,149.0,0.900866854917199,1.050010367564602,1.4232068235062376,1.4972339371564836,1.7805168738730885,0.6428976588154998,0.19556911442509547,3.2585434524570656,0.12206428431127739,190.2275880728118,0.41450250847781445
672006007,EM,dense,True,1804.7690542636299,5940,349,352,19.337654265265353,131.2718290053266,35.556668427732326,214621.3912777818,22538.63861245272,8288.0,1036,0.038616840337564226,0.21775688396038007,0.008409082820303497,50.7575409639899,13.748334794591749,80.0,334.0,0.9439168693847436,1.1510006723620088,1.762469779554326,1.6257718918773547,1.9427008119091818,0.4524466882297599,0.34656517769971684,2.4685311027121872,0.48707972852301584,57.35220326194809,0.35717371078448806
672283773,EM,dense,True,10487.301669091765,32994,2813,2867,26.822914880864822,224.08266368463006,59.6750645581555,778089.8170283729,52403.28394632146,42296.0,5287,0.05435876305583072,0.24795020023387,0.01347826618415872,175.7400975891951,46.80103983345809,109.0,452.0,1.2467072835344466,1.8971240356533583,3.4864699697778474,2.311583150425068,2.710597484903532,0.39817935222632467,0.20852545006013537,2.761727902666219,0.41899139062880547,102.5347609440844,0.237664807118265
673746277,EM,dense,True,9572.269012015273,27254,2126,2161,22.209990100898846,282.1931222617789,64.16170778475752,1533534.1592276832,77110.15846962584,40624.0,5078,0.026490443499777673,0.2356308835175087,0.006241966606623258,149.18974794323188,33.92098622139867,99.0,431.0,1.1417305596392262,1.7442181144342699,2.876282756014205,2.0272937970267386,2.245957065231176,0.6833320508487034,0.43297723083441697,1.905433002088469,0.6780439052134247,89.54342690123327,0.20456896169209662
673776769,EM,dense,True,9237.11962297431,28890,2114,2132,22.885922087033684,228.59953851606872,60.53315270263392,1480954.8377443028,71943.75242392483,39288.0,4911,0.026528830588676836,0.23511300201013818,0.006237272999522192,152.59604382991907,40.407429004171036,109.0,494.0,1.1860708298631624,1.8623225046319172,3.137608567586382,2.1825802737227513,2.3709239278681493,0.7178684300622282,0.5340589560461493,1.99918854313489,0.44829398822849587,88.8400197170998,0.22810969580230522
675767414,EM,dense,True,5117.827235106452,15368,892,898,17.42927142755428,186.81388506648466,45.14725964935602,1130684.1018806703,60329.284633709336,23048.0,2881,0.020384119633117856,0.2220508172121855,0.004526310422684775,113.35853548709133,27.395325745113016,74.0,252.0,0.9902916476599171,1.2845951895347518,1.9503914767936172,1.7527183164959714,1.8691845270659064,0.7864742806540337,0.7233489463914193,1.4116420509240752,0.7066865938108322,52.325907600540354,0.30343472292163914
693927941,EM,dense,True,4931.769147051322,10158,402,403,8.151233117640018,325.2825744695524,90.23741837152403,3428440.9755827966,132312.48984881453,23512.0,2939,0.006857927602502541,0.20975540775141724,0.0014384874005926196,54.65326065453604,15.161491989214912,36.0,100.0,0.8427493416013879,0.9528147502031147,1.1947115181810373,1.4323514685605379,1.5282829708866816,0.5322581904426199,0.376567382547499,2.307239066720228,0.8713197430978039,136.55583768775895,0.3831078722477695
696850811,EM,dense,True,2845.1559110750986,4907,183,198,6.431984949845853,222.2231854298778,72.03790809973101,1319014.0272623915,69966.05295607992,13592.0,1699,0.010304666757949605,0.20932577332806787,0.002157032337995835,39.49526001138451,12.803146105440396,25.0,68.0,0.8447612562574521,0.9483853036916995,1.2348766975152339,1.405535032311242,1.5939248801541168,0.8003619757263803,0.35621977726838955,1.837080385175004,0.35574993179165054,102.92654315854702,0.4808142397619015
698569644,EM,dense,True,4751.493280023695,11250,663,673,13.953508106333548,336.09960473886196,84.97704812688379,1758193.2336177928,101462.9628196275,21568.0,2696,0.012267138553149834,0.22030291543136568,0.0027024863872594134,55.915019228827354,14.137158190696013,55.0,168.5,0.9457590127435698,1.148813655711725,1.5629912105341102,1.6321906719704469,1.9723923951945599,0.3750056763992898,0.20360618415658452,2.5411737530163223,0.455170314127345,139.73700157442303,0.436407872584262
701201945,EM,dense,True,8816.961165911302,24185,2400,2438,27.2202627962005,201.9288639802334,45.32641874637085,726019.2691468447,47270.404969375246,35648.0,4456,0.049100625169205846,0.247333964483598,0.012144252281722818,194.52146032642938,43.66369914691535,98.0,427.0,1.234868510631835,1.9134030307967234,3.444125455434102,2.3066912111428777,2.613981964397065,0.728936360790922,0.38978430886324117,1.643215550103362,0.43732857857327445,59.731532594992956,0.27594581622762887
704699661,EM,dense,True,4193.096024168434,7340,206,208,4.912837645802625,296.34545327105167,86.9327493371496,3148378.4352864358,122390.8748843777,20752.0,2594,0.006591329608733014,0.20205744141135476,0.0013318271962394989,48.23379055810637,14.149351636359437,26.0,70.0,0.7953520531427227,0.8883678017306005,1.1544867907952738,1.3900151519430695,1.499140516327649,0.4927896244730878,0.4267253523530937,2.4362464004559863,0.7999352231715937,134.8816330069551,0.33793302785818363
705795727,EM,dense,True,2850.187887600611,5007,210,213,7.367935318004086,236.34997583919784,64.91724814222394,1209039.7793503555,64729.58181662625,13752.0,1719,0.011374315580740662,0.2072562454625226,0.0023573979419701818,43.90494004546029,12.059184171610635,29.0,85.0,0.8564266489184528,0.9979649466388694,1.2908459635872331,1.4031915176545038,1.4883487663710762,0.7042737367196947,0.5959944950251238,2.0719088634842846,0.2497521777874234,103.57269177555145,0.5028820669767906
707539688,EM,dense,True,6930.971154295703,12782,805,847,11.614533982024643,221.40288633154603,64.06493135834411,1470311.2017214617,73627.24490709683,31816.0,3977,0.0216389564078335,0.21784545996654836,0.0047139484118605786,108.1866632390137,31.304791320185068,41.0,161.0,0.966932359695271,1.270339287810796,1.8916405988798315,1.7235409061267875,1.8512209279635958,0.7037473148959001,0.4537849528767885,1.8141350284759683,0.9338419405888605,86.10702981987741,0.38357035294325137
727652372,EM,dense,True,5697.7751888998555,11429,644,654,11.302657241630229,298.7526083025439,81.58102021387303,3067859.2014524676,125473.6275809944,26560.0,3320,0.008657502921719894,0.21452466825677166,0.0018572479422139917,69.84192124543861,19.071884330227416,41.0,115.0,0.8987027111829425,1.0203752129118653,1.3749457502171465,1.586459700191322,1.8724203709825356,0.6372677381968418,0.33900050270753346,2.1917211615173393,0.3925452320970476,127.31446235305377,0.38582785955970117
735941254,EM,dense,True,7317.253626666796,12341,351,360,4.796881697811121,296.4209057057011,86.36688754541221,3615191.700170846,132276.15251027833,35888.0,4486,0.009926997785014834,0.20389137390400122,0.002024029217128651,84.72290520854236,24.68534939951795,24.0,71.0,0.801276130822032,0.9137429603729765,1.2563965705128426,1.491687154344584,1.6304041057635463,0.5345488971146831,0.4784365603620789,2.2676511810003617,0.717628102109622,130.5429603134644,0.34945158832980333
736860990,EM,dense,True,11023.235730647548,19422,827,857,7.502334343633045,283.60509243704524,80.44350448998793,2619115.0657503097,113669.91053874056,52696.0,6587,0.020119772777109333,0.2091854359087511,0.004208763438764639,137.03077458565357,38.868257392432014,32.0,121.0,0.8751378001466773,1.1239025010855983,1.887540364836909,1.6927177018023858,1.9822398364768112,0.962466464439227,0.34173680610519575,1.5732932154863277,0.7257838069185645,99.95584859481424,0.44595666402055983
764377593,EM,dense,True,3802.5151911023186,8596,600,606,15.77902966446966,336.24870783635447,84.23248315194506,1654301.5394451842,103044.13490489565,17408.0,2176,0.010522869975589972,0.21843492595946223,0.002298562323999044,45.14309739917138,11.30863882145512,61.0,246.0,0.9525338655065928,1.2675050637007728,1.8423038716581002,1.695880693695959,1.8759325067105665,0.5934861500712358,0.1798781049802154,2.9677315158302364,0.46632140702283126,146.5357712024073,0.3224720646204259
768555687,EM,dense,False,2404.407253339971,9510,547,555,22.749889780117755,124.62318957551734,32.162722733559846,229827.07468341303,22621.0093111148,10544.0,1318,0.0458779715772146,0.22803558927731135,0.010461810283457872,74.75757799668862,19.29341771406824,115.0,406.0,1.0620173380476903,1.5179338720580624,2.463532021864724,1.7407513958369687,1.9022209282752933,0.48751462046309907,0.37514175316595294,2.2958575969979904,0.83221501427027,48.61867713566267,0.2833255789373342
792326206,EM,dense,True,13798.90504242183,23769,1666,1755,12.07342173076946,216.1966678247586,58.042619508481195,1143806.6902652069,64716.6683871186,62128.0,7766,0.054316870611759396,0.2221044463433851,0.012064018474330106,237.73746187326248,63.82570638695845,46.0,219.0,1.0218383473357397,1.6521677493321156,3.3427580044626524,2.2317771588969517,2.575383546551293,0.39828005836329955,0.305539778263243,2.6072133996463593,0.5331201536092065,94.67457999670633,0.35671509902735604
792692885,EM,dense,True,9882.635239737989,22688,1259,1273,12.7395170362817,377.1097615075883,71.6332689509375,2110397.427231504,102861.07187375009,44824.0,5603,0.02123960132893156,0.22047642423117056,0.004682831353098448,137.96152799485844,26.206256767869764,54.0,173.5,0.9531862692648523,1.2478074797648975,1.9989148947690107,1.7911240785027538,2.068795319183167,0.6657915308954151,0.3414853075696502,1.915709348491055,0.36624789311337086,105.08503821272762,0.3150926627483969
797442049,EM,dense,True,12288.9553293062,28685,2015,2044,16.39683720873092,292.64229515251947,61.91382520146355,1692043.303041199,86833.35516377511,55384.0,6923,0.03273202281552452,0.22188638107226274,0.0072627900877114725,198.48483419201995,41.99309372864724,54.5,188.0,0.9682441955015916,1.2726755726290597,2.226260023425036,1.8676718052767292,2.107159692953738,0.6488068638984531,0.3576786876520089,1.9270445445047015,0.6382038094951643,87.01985478660059,0.24240639724854593
823058891,EM,dense,True,9334.934672970317,19852,1431,1448,15.329512740389267,308.12524271835616,80.71750874155748,2257852.2720353147,106572.79920345862,41984.0,5248,0.018594662068902326,0.22234505223347745,0.00413443110897395,115.64943986141904,30.295910165020054,52.0,174.5,0.9683542191877923,1.2520030409026712,2.098681356333255,1.811999198318632,2.1815692154639676,0.48610775745344015,0.29977792241406365,2.117598073096921,0.6067591049560301,119.26719710084441,0.4178983835906513
828455033,EM,dense,True,3058.145631158177,7136,456,462,14.910996891515081,331.55578883593967,76.47068359834678,1524151.1712776667,93692.852615797,14048.0,1756,0.009216933506814701,0.2176925990289135,0.0020064582101751707,39.991085305588804,9.2236230949097,52.0,162.0,0.9485563372078712,1.1048213985398039,1.4479856208135307,1.5428291469445299,1.7999679995045186,0.5954296644249777,0.2540329235792613,3.4462296659782727,0.11036306432363935,183.47503322082025,0.37524412450134703
829598814,EM,dense,True,2302.3348813853318,10410,564,571,24.496870744565058,127.92065535372474,29.425717073916324,115931.59071095791,15633.96246508946,9768.0,1221,0.08425658563034556,0.23570176918359254,0.01985942629844131,78.24226935921224,17.998147953658787,175.0,783.0,1.265019165596336,1.9445395957646383,3.197687335257405,1.9867713503218305,2.3637935127159464,0.36667646783779784,0.31714404116048306,2.4936467553493844,0.43047961483358776,48.29804255611136,0.3612039006126793
832016427,EM,dense,True,3908.3567400479246,10580,698,707,17.859168096089434,254.26453676093612,67.89275453407312,1414551.0087452608,75271.52359775447,17536.0,2192,0.012396866490912078,0.22287618271258694,0.0027629662810920667,57.566624993635365,15.371222388447464,69.0,229.0,0.9810132379638365,1.2722515429843504,1.8229275839775767,1.63017796195384,1.806914812782212,0.9395267391121227,0.47051600402386445,2.5240663516220607,0.06727875222154205,146.0727059464052,0.3634431438828955
857793013,EM,dense,True,9099.022781085348,25872,2160,2198,23.738812968906,223.79658383027783,48.10107215278749,816277.3777234193,50333.1800498481,39208.0,4901,0.04803269215833262,0.23207056674875914,0.01114697409165293,189.16465629255322,40.65755886598268,80.0,312.5,1.0973254680517786,1.6087381154677065,2.9313862052465685,2.1307214820844678,2.337277878521795,0.491606432531314,0.4057833134200856,1.8742785105759259,0.7936458506653223,66.00777189685343,0.27932329884133394
859265651,EM,dense,True,21780.23745041948,68061,4966,5034,22.800486042930427,134.38665203137361,40.31538207044277,818262.1911267617,50277.0100258966,84720.0,10590,0.10353649590400729,0.2570849557414953,0.026617675467111225,540.2463360600932,162.07143433660892,194.0,1181.0,1.6692395348267537,3.5822758964505725,7.734459321881918,3.771824581405267,4.125826378181375,0.7634823415380989,0.4485757649298487,1.6377708336784211,0.6995174950753392,51.64715369794799,0.08280634654949975
859507274,EM,dense,True,6049.501705199585,14665,1176,1193,19.439617629816034,347.83757957150397,67.38626399372069,1514957.6052740496,87400.33681357813,26424.0,3303,0.01744207224546063,0.22893966489553377,0.003993182174959447,89.77351386869141,17.391742757214093,69.0,241.0,1.0568661259957346,1.4187386738272947,2.211075184648971,1.8737837087751752,2.2175592760995544,0.5874934790412518,0.25449874092106983,3.8466730519568553,0.0655214914194198,190.3742615582346,0.3809864630085874
859839499,EM,dense,True,25849.840077688816,41598,2985,3133,11.54746022036854,255.83204559140248,52.88388808587704,1693498.8008935407,81607.46494288744,114288.0,14286,0.06748631882095117,0.22618157704823616,0.0152641620201028,488.80369831567225,101.04222877134954,66.0,414.0,1.2413484478336927,2.5665051705409865,5.609774322415108,3.4055553021609186,4.204593376331948,0.48474817932422665,0.3845226589990101,2.3195831891986254,0.4218382067317552,83.9096913929081,0.17767467668851397
862671913,EM,dense,True,2030.9515219833077,3623,197,208,9.699886869166695,121.9412159229576,31.54421858931618,194865.44743126785,20188.851305883465,9208.0,1151,0.047253118094462636,0.22056380560200994,0.010422327553475875,64.3842711219094,16.65516869428678,39.0,164.0,0.9265289790069834,1.3432219060736161,1.9833510956868239,1.6782114549303786,1.8463195654393707,0.4687381737432376,0.37921875589397996,2.7206788321389963,0.28671115199923,56.8137636715243,0.3684978919804485
884916323,EM,dense,True,5285.107083900987,8937,206,210,3.897745054731218,340.91157745322005,92.993496007733,3662056.927915565,143020.41600222996,26264.0,3283,0.007171925646428825,0.20123009000536807,0.0014432072433426802,56.833083073481795,15.502867703653187,24.0,66.0,0.7949920402979824,0.8692610335363465,1.1273692585113027,1.3800532031986759,1.5305841540402512,0.5755809535832106,0.2879436336490186,2.176715409396642,0.3432709655761653,146.79745720897355,0.4590038121375388
885168486,EM,dense,True,13910.523729569368,36712,3767,3878,27.08021691514426,353.0943431021396,51.33170211018273,1049757.0599129484,72743.22016682265,53584.0,6698,0.05104419112403348,0.2596021896381265,0.01325118378410611,270.99283985772837,39.39605377802802,124.5,625.0,1.4317130228045871,2.5384167389725123,4.857026441888745,3.121969904678899,3.9858234182147187,0.4956535198565211,0.23345588126087788,1.8150079638406933,0.2931803107603606,74.24970317938732,0.10815180284581123
891663788,EM,dense,True,1501.0234677340968,2683,107,110,7.12846949431938,140.07122251118628,39.583112278493516,285752.97709954536,25822.580774009584,7392.0,924,0.025868496892072313,0.20306053405493735,0.0052528707941026905,37.92080463944822,10.71614455006433,30.0,105.0,0.8451708714719014,0.9823452013966603,1.4891105830695406,1.4068540907631606,1.5917534122312798,0.3837221553730518,0.32046353185665966,2.628875049657232,0.7293886509482578,63.49975290076079,0.35003287751124973
914778159,EM,dense,True,8024.761420661937,19434,1339,1354,16.685854317766747,266.84967677774347,73.98984176778411,2300258.513285305,98568.7484855086,35376.0,4422,0.015379140994667957,0.22684196688890595,0.003488634592292285,108.4576102466541,30.072217128243643,68.0,245.0,1.0564456846579697,1.44122870342348,2.2490923264187046,1.849496784542817,1.970717441223462,0.4276845585213078,0.31945820906703715,3.234127134053889,0.4312022211526552,133.7293788836829,0.3544453212877312
915481348,EM,dense,True,5361.389389224608,14349,1216,1248,22.68068800307497,357.5519336359056,69.65657066655919,746528.0632266718,61058.45341021344,21400.0,2675,0.028666035550631696,0.25053221444974805,0.0071817653659949614,76.96889665856763,14.994715130485352,105.0,431.0,1.245675973332855,1.8513084907543536,2.9137985811003304,2.1638289171398624,2.621706302799319,0.26334572460517097,0.1656178984944124,2.493752336211767,0.7235493178958629,109.5398396108448,0.25224392390756095
915610561,EM,dense,True,3845.49802206962,10242,571,580,14.848531886454898,275.61296999314584,62.936595785075326,765568.6797038501,53957.21539891798,17744.0,2218,0.023177541702547218,0.2167210337054565,0.00502306079652736,61.10114431994008,13.952529237521924,72.0,269.0,0.949037024202769,1.3169513774211028,1.9540132225963518,1.6774871733568004,1.9639928611182942,0.40678889904142207,0.27713451275516804,2.4158795428996367,0.9517257545414395,96.97675221285932,0.3170341082053411
922069357,EM,dense,True,2620.4116330764145,7262,356,358,13.585651792502883,267.79939756367685,68.5454295452997,1295667.5005355456,72716.87029632172,12256.0,1532,0.009459216963406243,0.21380643220271006,0.002022441430377242,38.22883087113284,9.784979566480683,58.0,162.0,0.8961736091232608,1.0431574972437956,1.299807357676793,1.4618512354395576,1.5700489113699307,0.8137893919148216,0.42161298991168894,2.6695746716257673,0.09518051350515014,146.24766890681065,0.35887722784923054
922354084,EM,dense,True,1787.6090807044475,6718,426,429,23.830713582643313,136.40509299508926,32.395617582041126,130307.19829071475,16231.187038015916,7840.0,980,0.06016551735314727,0.22801136233475094,0.013718421577266209,55.18058349026285,13.105149092701424,132.0,536.0,1.1116971894928156,1.773421707048063,2.4827903898672883,1.845402735431609,2.031373955345963,0.36453405748927187,0.2842656099548722,2.8822968837712755,0.31288169639693375,58.96030080712235,0.38155885307143567
925241334,EM,dense,True,7447.681729708563,18481,1132,1138,15.19936056725529,261.8402450901,75.19270312363345,2105152.430701553,96870.34915093923,33064.0,4133,0.015706226075506206,0.22525047573519727,0.0035378348955123332,99.04793178485585,28.44360967942798,70.0,279.0,1.0407604429441815,1.4847850338334454,2.2817652358175744,1.8515186659357565,2.105054191551318,0.5306268277121835,0.2921966846825707,2.3560393895035885,0.4091997384236188,120.99424477345686,0.40352310265652536
944720631,EM,dense,True,2256.8542308409287,5177,273,274,12.096483515387575,299.99821452272346,62.106299675656665,922269.4471530503,63683.505733851154,10848.0,1356,0.0117622892458236,0.2080433472382862,0.0024470660258860384,36.33857181360188,7.522892209313408,45.0,148.0,0.8561662484222036,0.9863873386542521,1.3060499021070189,1.5010272643943114,1.6294976395963385,0.46251419341769917,0.36284639037965116,4.116444667049565,0.09366012254210722,167.59849752279308,0.34664990822456526
945058110,EM,dense,True,2149.9383473885714,4778,325,329,15.116712551072087,360.6229267102634,71.49947852756293,694985.1629941247,61190.493007322315,9856.0,1232,0.014181597715753424,0.21813497842822355,0.003093502511803618,30.069287100601354,5.961735064936413,50.0,162.0,0.9203503199437377,1.1105053447255018,1.5444959392159276,1.5581453207448037,1.8422779326380219,0.36175590160496607,0.16467787275758203,4.7684639698092175,0.11042367691303971,195.66314546500286,0.300622406102829
946308203,EM,dense,True,6993.808909834502,13053,2451,2533,35.0452812136956,264.2078361339963,74.32904580083675,796644.8303355587,58190.209010792256,24320.0,3040,0.030528033414534368,0.2875743795162213,0.00877908026703519,94.09254261886097,26.470861016731934,108.0,456.0,1.5500463009384977,2.5121440049692896,3.902795150577289,2.7163586516168006,3.514476839112815,0.5484215179887871,0.19505746404800883,2.3914104179435673,0.7697531636125982,114.6064287338907,0.32796972172431904
947573616,EM,dense,True,27778.4436125121,71296,6324,6422,22.76585430132419,203.77665965037357,57.53035472397071,1771844.282054513,87419.05447912285,117640.0,14705,0.06639409636133062,0.2361309385626666,0.015677700288821126,482.84846748803164,136.3180830433304,94.0,461.0,1.2079684994134676,2.1121079389075503,4.463117546997445,2.935803756902151,3.4197271466837496,0.6323054543284901,0.3602401070444696,1.9755202345205547,0.6961234668034816,81.86333894577851,0.09808504768427367
950880008,EM,dense,True,29132.309570972753,79022,7541,7681,25.885348985560018,154.83086187802905,45.02618514997264,1099996.9100001943,60295.6062599054,117272.0,14659,0.10661120857146707,0.24841658342121523,0.026483992187730423,647.0081681123824,188.1557024072002,128.0,710.0,1.3752034351856472,2.7840509911097815,6.366326392258031,3.665687738686845,4.07387911774196,0.7263046994491628,0.5848585977362153,1.352855695110358,0.8641745594549092,50.528827035181976,0.08991348538849599
951234513,EM,dense,True,8621.32833432101,21407,1464,1481,16.98114192185328,349.97383052270976,56.64740187717113,1448501.4285583426,94587.60952242467,38024.0,4753,0.026250578183995538,0.22673386109617635,0.005951894947664361,152.19282877288325,24.63420856766481,63.0,249.5,1.0263486112286917,1.4782798927162224,2.6030580719568266,1.9973856393282687,2.239887849914526,0.8805766685927882,0.31729807214837175,3.909707291969742,0.02666873936105251,188.74439145277984,0.2749451753326632
951916894,EM,dense,True,4176.429664187904,10474,568,573,13.600133263837598,361.1555804358909,70.64362325919907,1223483.8699026408,85446.17076778514,19648.0,2456,0.01605905928417634,0.21256258470011724,0.003413555149296937,59.11969787937027,11.564073464259446,55.0,168.0,0.9256271418856169,1.1083942845509298,1.6416783271178867,1.5892970648823443,1.7548023799108838,0.546258288752912,0.22688255327325318,3.2906663972309214,0.09601746986657432,170.19840921725293,0.36001476679008476
953410147,EM,dense,True,1268.5878120582893,2278,124,130,9.774648536060697,113.58158566068495,32.55088828500408,146021.05605619642,17179.60054161727,5936.0,742,0.04065167148027968,0.2137108847807091,0.008687704679865288,38.97244833845954,11.168956699091034,38.0,140.0,0.9061341514702066,1.2292517558704354,1.7236247446444148,1.533669747857313,1.6847115697985249,0.3739526233711101,0.31855831880373775,3.0615568320080095,0.4180388433244806,58.03586580397948,0.37641275299318566
953414780,EM,dense,True,8236.148788753419,22418,1887,1919,22.911193670720543,247.56060669692076,60.635032134541305,1465943.3098821735,76121.44129766594,34072.0,4259,0.023242372177910867,0.24172777614326774,0.0056183269388605525,135.83152344140709,33.26922202463589,103.0,414.0,1.2270781866438347,1.8351490171019205,2.975487279173923,2.130885856222918,2.3511700795756263,0.8568911228452479,0.4912258498896921,2.724100915948743,0.03569825513060415,148.10919841900295,0.30426838804199247
957506896,EM,dense,True,3005.352643432244,8440,379,384,12.610832902696087,238.28077443128723,66.80916410626445,1204503.4867614047,67908.41316809622,14376.0,1797,0.011935208289561128,0.20905346712800807,0.002495096673827697,44.9841377846313,12.612652659893442,63.0,201.0,0.9173848117925042,1.1114469835178418,1.4122897760489868,1.511362999436462,1.6752244389254425,0.872747985993751,0.4148177582798908,2.747327318884061,0.08368968597769824,148.00816027237676,0.37117429107904537
975197713,EM,dense,True,3379.4852709007255,5673,221,226,6.539457410953516,280.78871370223067,78.62572497968279,2437453.6502111508,101409.88048586469,16296.0,2037,0.0066856655914619405,0.20738127582846866,0.001386481860119871,42.98192826551359,12.035687711025965,26.0,68.0,0.8398323237824864,0.906514289404701,1.1116727864805018,1.388838795319738,1.515464247040684,0.6764786255887121,0.47171245449919375,1.7841676618049795,0.613178094884621,106.04115057254526,0.3952288745220064
977338882,EM,dense,True,3336.704448053802,9045,467,469,13.995845519742897,280.683059503419,65.17773866299675,722082.3198268083,51916.91961145487,15744.0,1968,0.02180360821433241,0.21193498780829534,0.004620947441081388,51.19392781186107,11.887801329930843,68.0,250.0,0.9227611858555869,1.191680160019215,1.6420789606563986,1.6240749232961196,1.973213748109877,0.3866693161176206,0.2703918594145052,2.4084443840735865,0.8749758389536018,100.41802411883698,0.3200957679881432
977339122,EM,dense,True,5537.895866914839,15065,1253,1278,22.625922012832035,237.23936697248695,67.54887884928485,1161002.749144411,68332.73924945325,23064.0,2883,0.019865586035000157,0.24010994913782685,0.004769924852457011,81.98353490471692,23.34307302192843,96.0,385.0,1.1423052530764932,1.6761186037877842,2.6421258907036442,1.9345161800295052,2.2705600110351942,0.8083704235914774,0.35337476395834966,3.0296342977857695,0.07975752200479745,160.3957051871832,0.3810064592597247
978177557,EM,dense,True,1563.616544930849,3375,127,129,8.122195970087832,357.23259462022463,82.69008819638638,570700.1418244519,60963.101681447006,7728.0,966,0.01354126174788501,0.2023313334537848,0.0027398215460963026,18.90935877607614,4.377026532512062,34.0,89.0,0.8126905119183206,0.9007007747297517,1.1634051673592627,1.3663138653976177,1.6304656360071417,0.45632624619641177,0.10669260244401621,4.064211114606184,0.15690298465055552,196.1208795573522,0.45248597913715205
979627466,EM,dense,True,9846.0121429711,16932,991,1036,10.064988602593365,305.2381566864618,73.08045934095662,1856868.581976953,92825.66820848765,45152.0,5644,0.024316206563163453,0.21806369912675186,0.005302481951893624,134.72838337036944,32.256819559701526,38.0,142.0,0.9352215181393522,1.2319835013727602,2.129327885590636,1.8345900370901027,2.133018228546599,0.47483945082728807,0.27277620910451755,2.2260066999700636,0.32334648766343993,117.55865548125965,0.42444570906116297
981000564,EM,dense,True,8404.486334361558,18840,1321,1334,15.717795799121244,261.9915376901624,65.23767732753683,2189965.571983557,99605.93162014747,37792.0,4724,0.017256892292498445,0.22238797455444428,0.00383772532403293,128.82871798401723,32.07922823942852,54.0,169.0,0.9772658528327393,1.2201635212487745,1.8175792245591604,1.7393036479515571,1.9911126117890448,0.8974864003750331,0.4152105236832581,1.6304573546983214,0.7918941887489944,82.66578514899436,0.34814642052716943
988567837,EM,dense,True,5679.691809086106,10098,669,701,11.77880812000688,212.99366170221322,58.294539035454875,1133496.2377222755,63696.52789340091,25768.0,3221,0.022733202936588454,0.22041647815453688,0.0050107725284552025,97.43094126933065,26.66601326863375,46.0,193.0,0.9725499673092648,1.4030859212169235,2.27551755171719,1.7934149680323153,2.0048329717917777,0.703265914921336,0.4457891172275172,1.9620794729451194,0.7559561129705403,82.03765148771421,0.359080646880053
5HT1A-F-200016,FC,dense,True,6757.637601955781,1483,286,300,4.232248262576651,350.1806268460594,102.6933180988335,3494547.1827410883,147145.3661617995,31248.0,3906,0.008941931061720384,0.21625824379018757,0.0019337663075005777,65.80406327364099,19.297576975685928,16.0,53.0,0.8330421106947462,0.9544685878468617,1.336558070007077,1.5915876263909332,1.776455731323812,0.5549265111614993,0.27056356566465367,2.6238503976051546,0.36599895976137087,175.75668547192865,0.46676326756326
Cha-F-000088,FC,dense,True,3592.6577468918913,769,212,225,5.9009239102557745,144.1315304241184,45.99554014198995,394116.3210122908,31717.11991443222,16104.0,2013,0.04086103300324319,0.22309101756656055,0.009115729431514338,78.10882828642131,24.92624435694405,20.0,79.0,0.9008670378364823,1.1311894669055074,1.810815396618897,1.7020893732150713,1.8682567586541297,0.7852642446551348,0.38026587210112983,1.7905144662955532,0.6393689690393635,62.03036592352396,0.4137724345505537
Cha-F-000239,FC,dense,True,4110.164455746559,958,208,218,5.060624756977503,247.2896581416675,68.49779483676576,1325519.5448967477,75361.51063457942,17968.0,2246,0.01355543950232709,0.22874913489239532,0.0031007950592435232,60.00433248313059,16.620850571081807,20.0,68.0,0.9029359524926536,1.1025119248247206,1.690034726869473,1.6963049376124915,1.8497589809840498,0.4628989401172022,0.3186506019134022,4.2243433741632685,0.14122314155949994,168.9005368231402,0.399596692755607
Cha-F-000329,FC,dense,True,3879.8451308835747,957,189,195,4.871328458333546,414.7665907780093,88.65078448811587,2102951.731082365,125131.81578168231,17584.0,2198,0.008361580411049055,0.2206463336489749,0.0018449520612090623,43.76549122815365,9.354285559996175,17.0,58.0,0.8553450464910879,0.9777835511299331,1.3936225326449623,1.5838445080037669,1.781379766245902,0.5712103862280378,0.16498859847104552,4.337994394177566,0.08732416907930854,248.75886432771878,0.35349676323785517
Cha-F-000427,FC,dense,True,2218.3613025855648,599,155,161,6.9871395529367994,185.210807362464,47.99399179798542,289878.58768053626,28854.346715093587,9800.0,1225,0.03380725730180593,0.22636339822301682,0.0076527256474366884,46.221646074429714,11.977493830822487,22.0,88.0,0.9212463881169289,1.1901079949493374,1.800617940410361,1.7672873400760114,2.141275388596105,0.3355145464063239,0.21365837885722205,4.604522610958458,0.14813979541968533,120.15616569396923,0.31055149944087035
Cha-F-000461,FC,dense,True,13618.217653872869,3249,526,539,3.8624731471405984,272.02286001344106,70.87271956203396,2613278.604139545,109820.50873390815,63392.0,7924,0.02425765086798796,0.21482549302550588,0.0052111618073561045,192.1503469604129,50.06276918491326,16.0,65.0,0.8229524808963542,0.9943207983259981,1.8914191185934541,1.7873896453356346,2.000031965615049,0.6208158687911898,0.35728145669668604,1.8417995700137941,0.898621787940521,96.08335126863767,0.3828059097914457
Cha-F-100135,FC,dense,True,4172.827975325383,975,130,136,3.115393224180612,274.3443434037012,65.78737169996526,1851267.924763901,89885.44181356416,19704.0,2463,0.010643516120181752,0.21177567881269704,0.0022540378513053743,63.42901179205471,15.210184119542838,12.0,45.0,0.8043230484435973,0.8522932956138445,1.2301969266879076,1.4786263228561243,1.6480363251680026,0.6103118718112793,0.4384312888913202,2.3519845209506753,0.2048786731188275,115.95320126056201,0.29678121428045257
Cha-F-200299,FC,dense,True,11229.804785355243,2619,607,636,5.40525869863372,209.1892025460322,44.71531931523946,954999.3449161937,58307.99470523377,50512.0,6314,0.052892182878337676,0.2223195435808371,0.011758965956506199,251.13998865100368,53.68252590801917,21.0,102.0,0.8992476605825788,1.3330727428009548,2.7962661318115645,2.1736692118089915,2.4264919588062326,0.7428159740251418,0.49803334736192073,1.560267654654542,0.737713387637537,55.24717100026985,0.36335508595222904
Cha-F-300267,FC,dense,True,4865.788056131909,1109,202,209,4.151434416577965,366.30119011056985,77.75797399663256,1914896.9852131538,98536.68484925086,22160.0,2770,0.01157242408919104,0.21957527329115112,0.0025410181820252234,62.5760652707159,13.283571518463116,15.0,51.0,0.8208144494149644,0.9132485090337666,1.3950080436157997,1.5788310058814072,1.815592558258175,0.38055403780515845,0.29252811171154347,3.5443333445390257,0.1414130587989888,179.2654324363223,0.3766026953169784
Cha-F-300344,FC,dense,True,3921.6408062010055,1036,195,207,4.972408479931683,394.0377229716217,87.95072265769575,1364593.692140872,94459.45884212863,17808.0,2226,0.013050038339296102,0.22021792487651648,0.002873852362638769,44.58906860224484,9.952450178186211,18.0,67.0,0.8699291939221396,1.0633516285794484,1.581306776693954,1.631855352294048,1.887218867276711,0.3906447157590925,0.13225953867991888,5.166882229766916,0.10726564934710235,248.81439689838572,0.33152585201127116
Cha-F-400237,FC,dense,True,11450.044616351994,2536,685,723,5.982509439498083,222.04676039206944,42.72929245816243,810906.240403751,51431.56420789766,51016.0,6377,0.06291232877255833,0.2244402661194918,0.01412005981190995,267.9671007321988,51.565916098638745,22.0,118.0,0.9236886589506287,1.3977105244570305,2.9942585293807515,2.263437119249851,2.49782823218848,0.6102729516725387,0.46216376744105103,1.715062233461394,0.9162543627447316,55.652753668723896,0.3791175612554109
Cha-F-400298,FC,dense,True,1189.8350704901977,287,51,54,4.286308351878434,178.41210275576668,48.8748129505912,179558.50999958074,23134.53931318557,5480.0,685,0.03051929980936462,0.21712318804565653,0.006626447671530444,24.344544739087443,6.669026664177577,17.0,60.0,0.8332178364777295,0.9720874758906844,1.3046437176427608,1.5060188476021639,1.7946230324135712,0.5106249014632055,0.14527588662223867,2.112711564183199,0.6097872917431773,72.11314755670615,0.35263098089259015
Cha-F-500071,FC,dense,True,3402.327392194835,720,103,105,3.027339468749799,443.8869635718078,101.2469393238288,1679051.6914565917,117685.51738590836,15848.0,1981,0.009438661168466901,0.21468496921976493,0.002026338682428107,33.60424932266655,7.664850899917088,12.0,38.0,0.8322718669752531,0.8732873183251629,1.2151169257838697,1.4905052611887573,1.5928499027129377,0.3861599277625823,0.15652031798603225,5.033531097110238,0.12231267422693809,273.9664399650427,0.3384632318333002
Cha-F-500310,FC,dense,True,2483.085752574025,553,109,115,4.389699384606756,190.7535702621033,43.814648594584895,442571.922881009,36670.90934028839,11528.0,1441,0.02604774366380094,0.21539605764868364,0.0056105812958262,56.67250182809665,13.01724391927324,15.0,53.0,0.8222138253556374,0.8944833402644181,1.3856505315703262,1.5492683478941458,1.6845900628046302,0.6452421834027581,0.3497975091090819,1.7601636554011613,0.8719823158629794,57.95256964553778,0.29989695108972314
Cha-F-700236,FC,dense,True,3861.9121083528566,817,153,175,3.961768049280024,167.89553409731514,44.96451146654354,682959.0723106974,45844.09894341896,17712.0,2214,0.025934204139164446,0.2180393015104368,0.005654675755732495,85.88800328068426,23.001875119051267,16.0,60.0,0.8366360720001856,0.9578155030637046,1.5373853934525703,1.6048187090842376,1.6546324371691759,0.8401685548147088,0.40078028427456847,1.318298448040187,0.9369688726278671,49.50013417551775,0.4064820114036877
Cha-F-800090,FC,dense,True,13961.656563783941,3364,838,893,6.0021530838521215,258.3390161617392,65.90991987743728,1829006.865124408,84616.40719297771,62184.0,7773,0.033998778892374626,0.2245216866683382,0.007633463181579845,211.82936634950136,54.043933321488375,20.0,84.0,0.8796406605206616,1.1596060268923538,2.181508838091241,1.9012562875143175,2.19764781422697,0.6109053303706056,0.351847569283495,1.91163420038512,0.7718433844163125,91.44445324823101,0.41955362583564193
E0585-F-600004,FC,dense,True,1988.1214596470027,436,73,78,3.671807858910259,174.44814816255348,39.354419151877714,368022.87281145086,30915.5026271486,9288.0,1161,0.025237561809802297,0.21405269806707608,0.005402168198022781,50.518378939208496,11.396632641777547,13.0,45.0,0.808179455141058,0.8750534593516737,1.350625991608018,1.476517523204512,1.5791274500770474,0.7588046171773392,0.5500963819320964,2.7198287984574887,0.08112294614762709,87.00709710340469,0.4234432416044878
GH146-M-000001,FC,dense,True,9803.281579956585,2809,530,552,5.40635292047122,262.46110584610864,59.21103205268156,1522033.562352193,83751.921672903,41432.0,5179,0.027221475941680177,0.23661135305938852,0.006440910254834539,165.56511920336663,37.35136887560261,28.0,138.0,1.0173600643375451,1.4944026798714307,2.9599280132719157,2.2881598314283687,2.4730780978699762,0.602851062504799,0.36058741835762065,3.7505267668489948,0.09494052729486163,152.73913706151924,0.4019768410048602
Gad1-F-000245,FC,dense,True,4042.088867832964,887,194,204,4.799498634081414,168.4798581777608,53.55606450923658,986994.1572570291,52882.07523297892,18696.0,2337,0.01894236137320037,0.21620073105653423,0.004095352376822976,75.47397115289984,23.991525821254022,17.0,53.5,0.8317055283606921,0.9735281473586136,1.3804948319101653,1.6109165953093039,1.8339786151692214,0.8814217424791431,0.5533696983516256,1.6502357655199,0.49804800033587904,69.77514072611037,0.3903467107671337
Gad1-F-000694,FC,dense,True,5108.302949348398,1152,248,273,4.854841274275525,191.43512089414762,42.546350774248765,556030.0469906658,38847.9916321525,22832.0,2854,0.041062529126925554,0.22373436183200762,0.009187098749420914,120.06442048233677,26.684251695763756,18.0,67.0,0.8711294251958387,1.0749795768830803,1.8891652919187862,1.736493492221353,1.8191962070329053,0.8147421980919941,0.4592730475156205,1.559991469886768,0.7947541476493111,52.46446786419864,0.39882645287884644
Gad1-F-000703,FC,dense,True,6865.421378257506,1563,412,434,6.001088313454237,174.15882853234618,49.44750455859428,577471.8687482825,39719.705981580155,30096.0,3762,0.0521168244355098,0.2281174035837821,0.011888754673260307,138.84262592305586,39.42046140361127,23.0,97.0,0.9446094356435755,1.300269200427558,2.306929226565022,1.935241418879506,2.0549001431480116,0.45032695504543563,0.32060895349428975,2.8290707006676366,0.3137110405861465,89.28445497859431,0.46300545915722996
Gad1-F-100171,FC,dense,True,2607.6231560746337,611,126,133,4.831986543242436,268.91838116152957,68.7084722392373,750657.0993502499,52881.928247840115,11976.0,1497,0.015954022163203584,0.21773740448184983,0.0034737873768618554,37.95198861350173,9.69670851360781,19.0,65.0,0.8510519438885881,1.025009102230595,1.5375136533458924,1.5251430755286248,1.629764472546646,0.4029480062915651,0.239137203602444,3.3428981555542983,0.45592298768303097,124.49864107086071,0.35992644323641415
Gad1-F-100784,FC,dense,True,3756.3693465312804,774,182,189,4.845103961037886,234.1296568003258,62.08522302411585,1335730.7707940687,71889.94170410918,16520.0,2065,0.012367761798419263,0.22738313235661503,0.0028122204179650548,60.50343646300809,16.043970669357993,20.0,62.0,0.9270408061528332,1.0819036136322813,1.5049556676808014,1.6050479568384803,1.641769819288147,0.8584291120981539,0.43794190837582553,2.3542641442173537,0.06699341201944557,126.92492353099483,0.3514430338866136
Gad1-F-200186,FC,dense,True,3394.2920700307495,842,126,130,3.712114261247369,184.8995879605521,47.18592570688913,501126.0567092187,40517.98108320431,15808.0,1976,0.031544957178653917,0.21471989309405046,0.006773329833056969,71.93441729034859,18.357488556193612,14.0,49.0,0.8175077239958453,0.8857755923879826,1.3014923581406248,1.56129387938722,1.6954505844309438,0.7716345109016177,0.3121087690190326,1.5591244816491985,0.904519204823145,58.049011913406666,0.357178242967315
Gad1-F-200219,FC,dense,True,3713.66307604294,1004,116,118,3.1236005427719835,316.48320407404117,75.79338868634765,1783398.6786976154,100642.46258498241,16752.0,2094,0.009393300668044505,0.2216847585985518,0.0020823515910390615,48.99719012974896,11.734155330322457,16.0,62.0,0.8684899616564405,1.0224843271043336,1.497444788726992,1.568848846824162,1.5856802203428437,0.6135138302099842,0.2285174362837984,3.998523631561208,0.09522268404073637,201.18391433925115,0.29159570942316765
Gad1-F-200247,FC,dense,True,10439.39107252463,2421,483,509,4.62670664068908,206.82008340495273,59.188756238974584,1717652.6703357294,79611.4061662854,48128.0,6016,0.02801963448791599,0.2169088903034539,0.006077707823482244,176.37456395224106,50.47571251619869,17.0,65.0,0.823815583374734,1.0107853478432058,1.7729944076977973,1.7665973653811105,1.8884571404711703,0.8587667304391534,0.4470231165869802,1.5737128491893833,0.4587749231656028,75.20794426794006,0.4291369263345075
Gad1-F-200719,FC,dense,True,2819.887191573741,603,120,127,4.255489381226971,184.61020465282604,47.39358032518692,483403.2061176111,39529.10481733441,13056.0,1632,0.027008509324664056,0.21598400670754755,0.005833406059139103,59.49934932590724,15.274817537181976,16.0,49.0,0.8463046793438598,0.9450024100448193,1.3251349584463068,1.5633980018065066,1.7059208660458203,0.6344901712835707,0.3374143837410771,1.7221104449990923,0.9659773628872383,61.85245357542752,0.3452792704684077
Gad1-F-400220,FC,dense,True,1821.8873917501362,393,101,107,5.543701573288658,240.12873361095544,50.437777178651615,297672.6293113147,31893.480990962933,7984.0,998,0.026821411221016563,0.2281923085859389,0.006120439746056575,36.12148460264168,7.5871278057954825,19.0,97.0,0.8930820547794786,1.2178391656083798,1.8666879013833362,1.6628487705320494,1.9177762018422486,0.36478511562882815,0.20931904580147564,3.746742978559322,0.16227839293896057,115.29975902806788,0.3778364518097305
Gad1-F-500004,FC,dense,True,6294.213013264391,1285,267,280,4.241991801633113,262.7228220838246,57.034694075644964,1189461.508493385,75696.42470952684,29248.0,3656,0.024589278249992783,0.21520148431565886,0.005291649177649194,110.35761855610889,23.95761800722494,16.0,61.0,0.8383341786446977,1.01258253109144,1.6668996327501036,1.7244429246673274,1.8275879829455257,0.7751423768662598,0.3042108888222597,1.652122447398448,0.628437145531318,73.42672926352715,0.3591304404555417
Gad1-F-500321,FC,dense,True,3261.098843074858,692,124,134,3.8023993128365783,193.78381897427542,44.967694116101924,620871.4426543323,46285.5333942953,14984.0,1873,0.024133820579572515,0.21763873752501722,0.005252454242593441,72.52092657130781,16.82854048566235,15.0,50.0,0.8344674624040066,0.930678893571592,1.4154074839734627,1.6009157071032538,1.7100675632275082,0.9088231424090898,0.394868599371059,1.3774649907787695,0.8027970258492968,51.111438827963276,0.38951125151054156
Gad1-F-500457,FC,dense,True,754.6857029217058,174,35,39,4.637692202793862,151.21190548957568,42.61223003139219,73440.28103741563,12793.381447466896,3416.0,427,0.04651398322209102,0.22092672802157665,0.010276182120507084,17.710542310640236,4.990914574340396,17.0,69.0,0.8348293173912674,0.9826636756793045,1.5215437558905358,1.5743335678292478,1.940066074348858,0.2415442437916183,0.14744174188383508,4.41617881378067,0.3094035836904505,88.51958512225069,0.3619020378669299
Gad1-F-600059,FC,dense,True,2508.367133110122,476,96,100,3.8271909535415456,323.4375849758304,90.57989151546238,942643.7091006999,65953.37277896411,11904.0,1488,0.012628313205799298,0.2107163250260519,0.0026609917500039883,27.69231770035773,7.755335958551524,14.0,42.0,0.7958017554283381,0.8758265129574447,1.1443280716743256,1.5197747339525451,1.862187923615532,0.37345443890306773,0.14493305192124842,3.0043034866381464,0.5789765152408748,154.65825793523513,0.39598915117463634
Gad1-F-600604,FC,dense,True,4128.570767253842,914,204,209,4.941177262069618,243.07566603858862,89.02794585032936,1655860.269928121,87057.59880010874,18080.0,2260,0.010918795702964014,0.22835015305607534,0.0024933086699598503,46.37387426858808,16.984714408222274,18.0,53.0,0.9093768209810225,1.0259867711863424,1.4578286607534752,1.589083056492368,1.6858190148035288,0.46316037831757334,0.2101629060324048,3.617360154296415,0.4566351046759645,164.85687259994063,0.3477864687961743
Gad1-F-700172,FC,dense,True,2517.724335349003,601,85,86,3.376064599551064,260.2092443433063,63.30185303020805,609010.0273595271,52815.10954807866,11696.0,1462,0.019204938300786473,0.21526370856267127,0.0041341262413445825,39.77331175672739,9.675768213781256,13.0,47.0,0.8185059607766589,0.9043550055132913,1.3565325082699369,1.5499074123253491,1.7545117319505248,0.43755473992665384,0.20877088010382397,4.32421065987322,0.1252653581842229,162.14846085573205,0.36583227346511615
Gad1-F-700193,FC,dense,True,1460.1337115290607,294,30,31,2.0546063530430936,330.8588525063486,117.14010103274234,943330.447920851,70616.21296697273,6736.0,842,0.007140657883826916,0.21676569351678454,0.0015478496583538365,12.464849344127956,4.413161988769949,13.0,42.0,0.8166295925777745,0.8990971130105054,1.0489466318455896,1.4360106670526196,1.4763738235885346,0.20099660109602266,0.10352217632541248,5.311241453487401,0.38928333826910233,240.5491884942985,0.258574193671293
Gad1-F-700607,FC,dense,True,2846.1976945028637,600,123,132,4.321555042981089,294.58907607957883,67.7381826195019,808743.9039066486,57105.55393554621,12824.0,1603,0.015856688301517315,0.22194305166117154,0.003519281790878752,42.017627052241586,9.661586004411127,17.0,59.0,0.8762923936277289,1.0372440577634343,1.4230988472514319,1.5422788874628601,1.62732858462142,0.36016620266831595,0.2432339991044925,2.7057411705315815,0.5167392937941748,112.70720070982036,0.3333456409438293
Gad1-F-800371,FC,dense,True,3213.6288766659873,726,172,189,5.352204831394321,142.45893892716188,37.42447500095175,366072.6002379472,29270.441413988992,14280.0,1785,0.03900865563475114,0.22504403898221198,0.008778665419310619,85.86971164149291,22.558281711680376,21.5,85.0,0.9320269363880473,1.2209836157545544,2.0706371628002493,1.7588712603774848,1.79733158650223,0.8961131569398546,0.4556006055921461,2.0428370072762707,0.21047989187120428,60.45082607652752,0.40876963979721953
Gad1-F-900395,FC,dense,True,5651.256011296612,1185,303,321,5.361639950381231,334.6989373848114,64.7434673842424,1371225.562679604,81171.75619067275,25032.0,3129,0.018255202266710437,0.22576126603134436,0.004121317575390816,87.28689147520147,16.884595019790062,21.0,84.0,0.8941860777368057,1.1734335571629178,2.0416387324048455,1.778520308522907,1.9663382085235255,0.4312333656660605,0.3260685897476706,3.736554704951986,0.10967735615791908,161.5096968831922,0.34478122463825117
TH-F-000009,FC,dense,True,12311.779566464826,2601,608,635,4.938360021130395,282.0021907668593,76.74279552655523,2483919.7215282186,109671.17383107299,56448.0,7056,0.022725372124857025,0.21810833982541145,0.004956593186067249,160.42912539203232,43.65845362046633,17.0,60.0,0.8444293255462844,1.0045512048355765,1.7488323247819355,1.7428848752482413,1.9183202814684988,0.49052677876910233,0.31363698788394906,2.2374246915207676,0.4857992925479796,118.44276018988471,0.44086933408868345
TH-F-000010,FC,dense,True,4575.773703887985,1145,273,283,5.966204136538371,271.00679890366564,68.2490431236033,673610.8560976073,49029.46275803907,20552.0,2569,0.030510197117461512,0.22264371856208567,0.006792903740293859,67.04524333917725,16.884350217038385,20.0,90.0,0.8672808384927947,1.179323119558759,1.9454820169591773,1.7385807065528827,1.959646125862092,0.2861902729598411,0.2270592466743294,4.127747528616833,0.29892166084385313,140.5295768640895,0.36975409238967677
TH-F-000012,FC,dense,True,15965.16877746419,3746,871,902,5.455626634085257,266.0138227875422,69.96605120075489,2573194.653845294,107638.22777908453,72608.0,9076,0.028217064687079577,0.21988167663982192,0.00620441549324937,228.18450524891043,60.016312724527566,18.0,79.5,0.8618640022384038,1.1326027793320226,2.1978481246509074,1.9500403150786845,2.311113025110624,0.601000194424311,0.38131161575911654,1.8629776095450927,0.712159508438248,96.00963705973685,0.3848699765523215
TH-F-000019,FC,dense,True,7859.063655551059,1659,442,468,5.624079653405072,199.1078251640798,38.73793153211352,669419.0607156823,45648.08035176393,34096.0,4262,0.05093371551677605,0.23049811284464627,0.011740125306782957,202.87773106924774,39.47139520546016,24.0,128.0,0.9320521413129814,1.4706331690776682,2.9950699906825684,2.1348250640788358,2.246730604788753,0.9779974108385986,0.5464602157676833,1.3290270022155228,0.7607794720326155,43.00137730820059,0.3037913972057801
TH-F-000036,FC,dense,True,4731.248606239059,1164,241,259,5.0937927819348845,237.3903879219285,54.25617796836532,1154519.7359215233,67452.13385253432,21864.0,2733,0.018937744691344256,0.21639446607386842,0.004098023151126676,87.20202534350405,19.93024506028038,18.0,76.0,0.8394692346059367,1.0467364173095264,1.6247419664282483,1.6264371881334216,1.829562492745189,0.4656970062059015,0.33211511540489164,1.8117739308858347,0.7785031970729039,73.10812821594189,0.3328934208564693
TH-F-000046,FC,dense,True,5617.227556947719,1135,254,268,4.5218036375584925,200.89410609028258,40.29972081011945,711107.4654190718,46924.88506472584,25952.0,3244,0.036495187101862156,0.2164468078355317,0.007899266749558534,139.38626481842044,27.961136671791234,18.0,93.0,0.8536819995361274,1.188076894447487,2.2946191000603426,1.822526222645639,1.8805582714923732,0.8959014195298183,0.5102407534425105,1.4687593468572415,0.8085622690758762,47.801689275898234,0.29524591690370344
TH-F-000079,FC,dense,True,16832.105328877784,3402,941,972,5.5905068416223935,288.98947502520025,79.68995163909872,2873899.3052528435,119119.09216196247,75744.0,9468,0.026355829468888124,0.22222361281260278,0.00585688764324918,211.2199214915743,58.2447001829738,19.0,70.0,0.8743042452149274,1.083984114430563,1.9481603389904842,1.8321638560853035,2.047950520608077,0.6573376287407785,0.3303002505467748,1.9164402300618906,0.9331452408376985,110.3005962608642,0.38563203464808643
TH-F-000091,FC,dense,True,5334.9677617222815,1234,355,370,6.654210781686069,339.762583063967,83.9433618348308,1316070.3895557234,80097.92754584648,23816.0,2977,0.018096296511951583,0.22400771589361276,0.004053710047775826,63.55437339070964,15.702046157089255,21.0,93.0,0.9011769867774124,1.2015693157032166,1.8945198017479692,1.84073827785714,2.3175359520948224,0.26233512325844727,0.2358998279006215,3.815255670803947,0.20231805275084888,183.76809546455866,0.26258373458175477
TH-F-100005,FC,dense,True,16960.48355314401,3794,991,1032,5.842993785494374,278.35869323030414,75.76721442033718,2666318.2140221237,114881.44023703987,73816.0,9227,0.02768461754182335,0.22976703632198997,0.006361012524292527,223.84990240041788,60.93031748468336,21.0,79.0,0.9257905869620093,1.191045193338765,2.217636447848328,1.9484256445909995,2.1406643384001023,0.5385633022317461,0.33950411849988105,2.112028227288275,0.5898850697446072,112.0117162046043,0.4110483477432221
TH-F-100036,FC,dense,True,4494.6705861982355,1096,242,255,5.3841543080622705,296.45102875049616,70.71308806091267,852995.1514687908,58088.74196217043,20344.0,2543,0.02385007694940496,0.22093347356460064,0.005269280345215051,63.56207470852496,15.161595509189857,20.0,87.0,0.8861732228308824,1.1878093515323032,1.8853484002509378,1.7456402113976626,1.8580696925168398,0.27591874093574154,0.2254181415305344,3.721930521957784,0.32877483197299273,139.10990248475417,0.34845807824454833
TH-F-100050,FC,dense,True,5609.369652790274,1169,266,278,4.742065801772992,218.3247862217665,69.0460915384217,2088520.2042987517,89336.03334274613,25408.0,3176,0.012165551450114448,0.2207717904908011,0.002685810575949728,81.24094395218386,25.69277519911311,17.0,56.0,0.8478491010868008,0.9959818275550912,1.419374912143288,1.5440554422379031,1.7420402648417,0.8898602503715293,0.6325334031360706,1.4352265537689965,0.6536372176203571,81.1185867942463,0.40377398909281154
TH-F-100075,FC,dense,True,4153.073624927891,937,206,213,4.960181749813712,238.4540680318715,55.138349043668676,1184841.7190259236,69082.89438400556,18912.0,2364,0.01596162567228629,0.21959991671573026,0.003505171668281731,75.32096439156574,17.416660823638352,18.0,73.0,0.8594937137681893,1.0616241372515058,1.6324974940754287,1.6116620995962918,1.8048994458617518,0.46351646730031976,0.3081979966598719,1.9165024172924778,0.6878792930944296,76.92985301028337,0.32671489182451197
TH-F-100083,FC,dense,False,4115.178644657488,889,175,179,4.252549284274522,344.3876940813569,91.18226935473209,1486651.4059920239,86365.42341353952,18616.0,2327,0.012522101633891622,0.22105600798546884,0.0027680857987763987,45.13134706757463,11.949261589136029,17.0,66.0,0.855902380336416,1.0226587089109065,1.444936321860073,1.6546169804576383,1.9176042146586616,0.25492523606714346,0.2281383335431255,3.558271404158054,0.24593168845455704,187.13882906843583,0.2718984359938971
TH-F-100095,FC,dense,True,4284.503939035186,873,219,226,5.1114435443678445,358.99377529136314,77.09012424224449,1417122.7037134496,84343.60078808878,19544.0,2443,0.013791325161036944,0.21922349258264356,0.003023382469145408,55.57785749017288,11.934758299243036,18.0,65.0,0.8631152173721164,1.0299288314988428,1.424369660583506,1.5801663373493129,1.8435903352130747,0.3361940654770496,0.25749768540058454,2.2325073420903645,0.9586021111763274,114.85196726789032,0.28537409149190157
TH-F-100099,FC,dense,False,3992.685388368611,799,224,235,5.610259216830634,319.9424051390327,70.04177708240633,1116181.9621554362,70363.11629509565,18024.0,2253,0.016147904742336298,0.22152049425036677,0.003577091839630178,57.00434161844712,12.479387928066515,18.0,62.0,0.8755889009580287,1.0311687469960256,1.4593148349300478,1.6371964943926944,1.8869023574520845,0.3064554529582273,0.2787461891393426,2.165879234641427,0.9073597175493149,102.98224707481434,0.3265238486014433
TH-F-200004,FC,dense,True,4381.9187202603425,1022,230,240,5.248842223762996,236.14106861435206,54.63569334468485,1136503.5238990583,69255.55726566495,20056.0,2507,0.017647107622854433,0.2184841803081543,0.0038556138437891327,80.20249130208266,18.55636017052402,18.0,68.0,0.8571828482512407,1.0553754143208918,1.6205320711021978,1.6216581975521844,1.7697571568095083,0.44492085400961273,0.33583079265030985,1.9433808680001443,0.42212494468436784,79.39925645904356,0.375043126702751
TH-F-200010,FC,dense,True,6164.639553585048,1501,308,326,4.996236962806406,343.48066708871073,86.0027478198908,1661184.316596669,91591.3746760803,28008.0,3501,0.016860260309573022,0.22010281182465896,0.003710990702232717,71.67956501221562,17.94755904556604,19.0,82.0,0.8677702074303277,1.1432936857539036,1.9168655328311717,1.7295468418938293,2.059685784692632,0.26961755185182057,0.2524997774505493,3.4453465479461522,0.1668070143198796,189.13552095621299,0.2966462032725667
TH-F-200026,FC,dense,True,5319.764131993929,1325,257,269,4.831041257155746,353.7467497580355,70.4099546380125,1328889.9745495636,78050.2457987216,24360.0,3045,0.018331088703003415,0.21838112200303486,0.004003163718499043,75.55414798011995,15.038340664988933,19.0,84.0,0.8675414435737001,1.1605070095972796,1.910834817526555,1.8075248465551088,2.0304443251885225,0.376035461276012,0.27736995372355683,3.7503236206933876,0.2446160846649572,147.1317397497554,0.2211884753709202
TH-F-200034,FC,dense,True,5464.686529561725,1323,302,309,5.52639201473503,345.9291625671775,76.71702719258188,1627138.6386858802,89942.54885851672,24368.0,3046,0.014975982636415195,0.22425666979488368,0.0033584639929484738,71.23172950698135,15.797125888455598,20.0,77.0,0.8929226355493015,1.1107086442198628,1.7425658576408563,1.706862016618225,2.012775885658094,0.2879563750816276,0.2686754667547022,2.0575966472080167,0.9279504387266718,110.06275362802894,0.2974709800844143
TH-F-200037,FC,dense,True,4661.939270703542,1096,206,214,4.418761979473666,354.6151879071436,90.67763279087971,1620386.7883275584,90327.1304016483,21512.0,2689,0.013275842629032461,0.21671342835178237,0.0028770533703963643,51.41222953465142,13.146473782516829,18.0,72.0,0.8470093151714284,1.0499863222305275,1.5175583563488093,1.683856342529368,2.008590810298812,0.27425766994207723,0.23035402274004482,3.7595730966279306,0.19601320903841485,198.9297100508406,0.27631931039037144
TH-F-200064,FC,dense,True,5191.860259679284,1181,263,273,5.065621701001757,339.5870751347081,81.13608032274736,1542375.572186838,88869.35551589417,23496.0,2937,0.015233643752984553,0.22096783536258446,0.0033661452847817542,63.989537564876564,15.288745184485501,19.0,78.0,0.8746395316171302,1.090726945310774,1.7635394903801918,1.6751573957742585,1.923623660496215,0.2825100643984432,0.2775728473788667,3.442251118533471,0.12459956369617815,189.7102423514507,0.3167314996877688
TH-F-200081,FC,dense,False,5323.303112144101,1242,320,336,6.011305260261829,349.5100388846017,85.06939765745334,1346504.262486657,80602.47027425165,23952.0,2994,0.01778828383043262,0.2222487939271919,0.00395342462734822,62.576005693366994,15.230758833515807,20.0,78.0,0.8854462927718065,1.120223718885543,1.7984132135621962,1.730832838906687,2.1157802512496424,0.24612097860122764,0.2231305572364762,2.2911924328532582,0.4574740932428759,133.53328798157074,0.39910036335484056
TH-F-200085,FC,dense,True,5536.913099054647,1258,280,294,5.05696937970376,235.6664888367412,67.07637263975492,1730759.590378004,79736.03082915593,25288.0,3161,0.014610925827357115,0.21895417190187627,0.003199123165248714,82.54640018761273,23.494698488465893,18.0,64.0,0.8689443030531462,1.0407731389200465,1.544897628084444,1.6166081352475512,1.8756480687854495,0.6937385363096809,0.5565109838435229,1.7425363943863106,0.5955041053658281,89.37437834469954,0.41413851163734733
TH-F-200096,FC,dense,True,4218.803852091928,963,200,205,4.740680226240629,342.3586971353547,88.2634014754138,1361139.922782125,81968.84432221758,19160.0,2395,0.01407643672726724,0.22018809248914029,0.0030994637520210507,47.79788430504909,12.32275939648171,17.0,64.5,0.8694979085102902,1.0568145922073968,1.4896906257386753,1.6126436329923235,1.9343438111379772,0.27180110457094736,0.21814011258001983,2.354315671305706,0.4561062889933527,140.34240150352497,0.43227896526619863
TH-F-200106,FC,dense,True,3501.8761443381263,766,146,160,4.1691937116638025,272.26794293519447,75.0486319670552,1940990.1785438515,92250.8471493721,16192.0,2024,0.008342133916487608,0.21627199508017084,0.0018041699453447341,46.66142543244995,12.86187461728334,17.0,53.0,0.8426073494557571,0.9620538858071775,1.26512866486204,1.5314807332145628,1.697467835355369,0.6476551326508782,0.2769982286354107,2.095242661854704,0.47886757958139514,112.28281337953543,0.3453235292433009
TH-F-300037,FC,dense,True,5294.875221920047,1365,249,264,4.7026603945108025,349.10763575501153,83.09293558103855,1587584.5044606896,88390.80494584318,24008.0,3001,0.015122344626408178,0.22054628548484034,0.0033351769351759593,63.722327113549646,15.166884592681207,18.0,74.5,0.8490819791404822,1.0198141798767424,1.6798461998477305,1.69874448981885,2.045933238763542,0.30295547304906245,0.25511955194233266,2.166509698729065,0.44227164377112377,127.35927248189212,0.33413385460300954
TH-F-300046,FC,dense,True,7190.453423541139,1687,338,351,4.700677135233323,223.39263207444122,68.06086053696636,2078494.2159996303,90280.03456178863,32360.0,4045,0.015568963219095028,0.2222018981316792,0.003459453179225214,105.64740684751905,32.18751378131872,18.0,67.0,0.8671555021154292,1.0921101797601973,1.6223947255282354,1.6359771621495447,1.7418734068655861,0.8925676846145697,0.61425404332044,1.3433027366031023,0.8068752829336759,76.03138383527791,0.4079811103418168
TH-F-300062,FC,dense,True,5383.571679655937,1200,272,290,5.052407884302257,274.9749420116331,52.90874654696188,1137695.6430583058,66899.22800916432,24328.0,3041,0.02138357490286461,0.22129117394179287,0.004731996393327169,101.75201702949948,19.578408273391613,19.0,83.0,0.86719904633633,1.1348169645143207,1.8797387149636653,1.6875753860954699,1.8299019985234322,0.5498824886588559,0.46657653505915814,1.8910910761230515,0.6788289406527894,73.33775110882695,0.26601755963268675
TH-F-300078,FC,dense,True,9255.972555922439,2076,449,466,4.850921902449971,324.15278927936816,86.31989684527271,2675906.6333832853,126302.62883085283,42608.0,5326,0.01592282760109927,0.21723555566847633,0.0034590043017381517,107.22872586969895,28.554351102452685,17.0,66.0,0.8466861101282875,1.0358071347272202,1.7372320863217792,1.7326981127880303,2.0642222470835057,0.5000365312381307,0.2384673642355144,2.1987720853870982,0.9952585108668703,127.71102220183327,0.421148229242868
TH-F-700015,FC,dense,True,4298.826644494109,1072,254,262,5.908589040810019,251.2664964544357,80.67600930894595,1838549.1323959213,86876.21824816066,18808.0,2351,0.010229805485529882,0.2285637305664669,0.002338162504742017,53.28506803096697,17.10863447834818,21.0,74.0,0.9053973556221797,1.140877559579116,1.711316339368674,1.6372558694923782,1.7994251337354998,0.6711687852257712,0.31293637519659667,2.1867799779179573,0.4730930196610215,123.44209398168425,0.42933910597609853
TH-M-000008,FC,dense,True,6435.11412327612,1453,314,326,4.879478343115109,219.13655528321414,63.466088331653374,2039613.1921077068,89691.77426907206,29008.0,3626,0.014222304558651904,0.22183928996401406,0.003155065944943299,101.39452883322953,29.36577201808853,18.0,71.0,0.8667987773809429,1.087012520823669,1.6970237666867405,1.684219000424509,1.9078310475173792,0.7145300239184111,0.5303521293705952,1.7004879180028316,0.8367292208478224,82.35776119481203,0.3447465734405097
TH-M-000021,FC,dense,True,6421.484147376228,1457,374,400,5.824198758675029,204.40545582173465,39.53633569596501,684732.0809767728,46012.169868640325,28464.0,3558,0.0415695434620151,0.2256002019173773,0.009378097398643799,162.4198103930909,31.415424414975057,22.0,118.0,0.9178793806998611,1.3604839295288618,2.7117754000744205,1.9713266793917257,2.007341090145742,0.8045558960924509,0.4632240226625662,1.6052874607967405,0.9024798157740261,49.52114712385639,0.30138417284302943
TH-M-000029,FC,dense,True,6579.424818259358,1594,373,389,5.669188573518502,189.06541814758802,40.16423011745049,689172.6213712973,44875.33260488177,29640.0,3705,0.04300809271996778,0.22197789535287984,0.00954684590511996,163.81304456775186,34.7997263736689,22.0,115.0,0.9042639937134906,1.3482427906269177,2.687673536870653,1.9641848024465538,2.151545068103126,0.6373525936872262,0.4719612527066028,1.8427697044494615,0.9824419394227903,54.43218183028014,0.3526966952062219
TH-M-000030,FC,dense,True,13552.52746805859,3488,640,665,4.722366374157074,258.2252031945419,64.9767819576111,1923472.425054054,89000.14171328524,62320.0,7790,0.03239973663685283,0.2174667437108246,0.00704586522350469,208.57492568499086,52.483364522123644,18.0,77.0,0.8530039947166786,1.125625204988255,2.160798384575668,1.914279487247503,2.257249744846534,0.7638511531148845,0.3285930098351308,1.8068358328067948,0.9811983896554254,87.11805259978324,0.3594152249324805
TH-M-000032,FC,dense,True,7054.725461145159,1674,374,388,5.3014111188288595,211.66642531081064,40.66694293065507,814586.3271715095,49899.89335870476,31752.0,3969,0.038979294079551474,0.22218208179469512,0.00866050070548238,173.4756771162961,33.32944963182523,22.0,119.0,0.9035252895933862,1.3735836178242131,2.705032768844003,1.962610377637688,1.991172865127056,0.6537630768544052,0.45343057542614384,1.8772406863346818,0.8637937714714322,55.732689854245876,0.31456425152740375
TH-M-000045,FC,dense,True,4710.572386043248,1073,256,264,5.4345837197723865,350.4668609254664,83.1173335935155,1567582.2115800653,89699.4421095875,21088.0,2636,0.013452563983067958,0.22337691511965327,0.003004992242987476,56.67376685927217,13.440849652957754,18.0,69.0,0.8678283688362654,1.0276117770600455,1.52544442553214,1.6610219844766034,2.046295563007493,0.30264137311647915,0.2935560392028873,3.1129118575342827,0.151257513932849,178.29626040702865,0.2804474379508186
TH-M-100016,FC,dense,True,4146.325043706463,941,189,196,4.558253345016339,328.8126031134816,81.03866437409387,1274621.9892722801,78826.60916669671,18800.0,2350,0.014749470947644236,0.22054920445247142,0.0032529840835977763,51.16477518146195,12.60999427772986,17.0,60.0,0.8400172292760256,0.9986331993512675,1.4083984523459452,1.6236331243042492,1.9187066375319124,0.29334086528187675,0.25605654921578663,2.2124000644427304,0.5112297632008106,123.84936559341652,0.375900835647663
TH-M-100027,FC,dense,True,10199.841636539135,2650,466,481,4.568698383812521,267.7888236782741,69.21248972623346,1841302.7085945527,89860.25497592967,47576.0,5947,0.025838228433560644,0.21439048336428315,0.005539470283147831,147.3699570248679,38.08912372233052,17.0,61.0,0.8217726100982223,1.0070933685366446,1.8318681100106204,1.71702643101483,1.8606059169170257,0.49970054848934625,0.32659470629232934,2.3283955032535073,0.3890400223562379,111.38877751197481,0.4250545960228321
TH-M-100057,FC,dense,True,5127.1392530775165,1220,253,263,4.934525619684294,251.3859140336959,73.32467667789741,1469494.841372886,79849.90617821399,23832.0,2979,0.01621781807531545,0.21513675952826103,0.003489048827342225,69.92378944403873,20.39549142117116,20.0,77.0,0.8573811459995847,1.1383524096530897,1.918839540822424,1.7501771438381535,2.049216328168472,0.4566530185339074,0.23399704217138154,2.4827650754020354,0.7439127088780719,114.95803520701816,0.32485149575029976
TH-M-100063,FC,dense,True,3794.115272183314,925,195,201,5.13953810074378,247.37374637007684,73.7126713604807,1459652.1891741862,78332.97826409542,17568.0,2196,0.012035743946603665,0.2159673993729118,0.0025993283196662593,51.47168325549845,15.337582616819935,19.0,67.0,0.8401495288271289,1.0492575420860935,1.5008367374142857,1.6240358525479557,1.86810205425077,0.4387951552480462,0.26268778739904347,2.522728112510898,0.8006206871030856,115.96224916227959,0.33308647797015606
TH-M-200010,FC,dense,True,4816.7665864605415,1068,178,184,3.6954250700115,291.6784609030247,63.99711767450976,1662822.7922008683,84045.54513211754,22312.0,2789,0.013418146602662589,0.21588233177037205,0.002896740776619496,75.26536758981372,16.51396051510978,16.0,60.0,0.8304769976656106,0.9935574642039071,1.4829946386885904,1.5738935902869329,1.6400294812599732,0.4380742246995267,0.3802555704958035,1.9579477789894224,0.7377488255190099,90.04213183622731,0.3416451009869223
TH-M-200013,FC,dense,True,2855.6929521891643,658,130,136,4.552310145960981,176.65151455530759,54.24135169505853,948833.4343146031,56426.0947927803,13256.0,1657,0.013970839897284575,0.21542644479399248,0.003009688369858083,52.647894326890864,16.16568620641562,18.0,81.0,0.8311097066906764,1.1120299658057493,1.7161616299213729,1.552195220732511,1.6271754713328572,0.5415046246038292,0.48280274745465834,2.1572176254038977,0.46875452483745444,82.50824740220982,0.2750288613843313
TH-M-200034,FC,dense,True,11406.892374546529,2732,477,492,4.181682305203329,269.2334540835443,69.62001094308037,2221531.3555448344,103229.25563610154,52952.0,6619,0.023835810315183885,0.21541948131414354,0.005134697894799225,163.84502415365213,42.36803488398184,17.0,63.0,0.8326198813537612,1.007676004818598,1.734624752820336,1.7208356743633404,1.8017520730605796,0.5150912974305452,0.32825134515182464,2.2319187228814936,0.49364196176529873,107.16955048060969,0.4101287257380685
TH-M-200035,FC,dense,True,8213.842040756324,2181,455,466,5.539429632836035,236.5555459295433,53.05309804718086,962573.493168452,59717.65759474023,37776.0,4722,0.03924479561103927,0.21743546274767905,0.008533210294124407,154.8230422557348,34.722677959124105,19.0,90.0,0.8538297339663539,1.2022602518671435,2.271527113041019,1.9225391892681032,2.1541678575285403,0.7182878998356644,0.3431958467704794,1.8645735470387355,0.6205488422465403,73.29510330330622,0.38778243415433256
TH-M-200049,FC,dense,True,5128.883958398979,1207,291,299,5.673748955139899,304.7415787295768,74.32816845210962,1281730.5745021333,77405.67817845654,22848.0,2856,0.017825899182341752,0.22447846456578166,0.004001530477956499,69.00323343368228,16.830272980078885,19.0,76.0,0.900436088202068,1.124755254034864,1.77102346629799,1.7531323876590477,2.1918307514525552,0.34850146406842003,0.27759914366716526,2.114575357879165,0.5098620949091595,111.13618292721915,0.3745947618692812
TH-M-200064,FC,dense,True,4411.930437574553,995,210,219,4.759821193269922,337.12452477479764,81.29783780931882,1326147.046813791,80295.70490083432,19944.0,2493,0.01503905622526369,0.22121592647285165,0.003326878756149014,54.268730343389684,13.086945960166394,18.0,65.0,0.867124692919527,1.0425166440393556,1.5234566428088927,1.6236292087929112,1.8694620498197259,0.30789665352441464,0.23991006177865606,2.105523263009737,0.6858701922749935,118.97945194136483,0.3003474408818077
TH-M-200095,FC,dense,True,5044.285259118846,1078,197,209,3.9054095849133774,307.04640140116175,61.21712269192056,1547500.3367499576,81166.52410580569,23176.0,2897,0.014976410311272673,0.21765124521569063,0.003259634353109606,82.39990769420123,16.428413543034477,17.0,64.0,0.8590404051632912,1.0269310380942276,1.5304263528879993,1.6190950117910505,1.6898778087500321,0.5053470175808907,0.42793736167339264,1.704873408185012,0.9955032199680749,79.42616014313292,0.3158128271759428
TH-M-300005,FC,dense,True,5516.248700483307,1158,251,258,4.550193684668506,229.28659347329398,65.53581869514107,1877782.7996034448,85507.42904663704,24984.0,3123,0.013305053175093621,0.2207912544221625,0.002937639380682496,84.17150819681895,24.058313296567903,19.0,61.0,0.886286744936264,1.0640911845068108,1.5055263920533044,1.590375647789912,1.7363074285436912,0.9058737176789854,0.6532158554424098,1.522482648057184,0.47858393650780734,81.26684385091575,0.43015104093909734
TH-M-300017,FC,dense,True,12511.40479199183,2886,670,700,5.355114083023248,253.40406989406463,71.28611034074133,2361611.5057423674,102140.54552875533,57896.0,7237,0.024515463216207747,0.21610136783183345,0.005297825134053494,175.50971335353293,49.37333799422485,18.0,66.0,0.8529727837463751,1.0610078690630793,1.9260167475356882,1.7755030386186326,1.9201050939213982,0.5504971962373227,0.3387425487805485,2.1613007319007966,0.5940664479880183,106.52007489319716,0.40198218451483764
TH-M-300063,FC,dense,True,3861.1433163622996,776,163,173,4.221547522187476,327.9155564967063,70.0267721024029,1241910.9116282496,74125.5974655782,17824.0,2228,0.014352076169965556,0.21662608372768738,0.003109034054061105,55.138102192058746,11.774809824861366,16.0,60.0,0.8236227210670435,0.9890223658714907,1.4364372456704984,1.643401228859565,1.7801490624076992,0.3619083964929425,0.3065815695281028,3.6263220814846773,0.2513111104165826,143.98117633235705,0.24741528715920114
Trh-F-000008,FC,dense,True,7266.660057907751,1565,279,288,3.8394530331219445,340.7683295536151,84.12934143022079,3206971.314313874,135475.31705204467,33680.0,4210,0.01050212075476758,0.21575593996163156,0.002265894935035439,86.37485964317123,21.32434098974695,14.0,50.0,0.8092049062258075,0.9278166570362297,1.4463893427364154,1.59526208666991,1.752269124163914,0.8198409105135029,0.38949175025276805,2.1332405442776596,0.24162048284244725,137.11286963546073,0.2931903896877692
Trh-F-100001,FC,dense,True,5911.060868604733,1213,260,275,4.398533626695191,223.44501159764783,65.51874285902466,1318415.7876629764,70536.75108766844,27096.0,3387,0.020551938359317106,0.21815252688975245,0.00448345728556746,90.21938777615807,26.45420824721136,16.0,64.0,0.8372607462612935,1.020556089192806,1.6716801098995284,1.6356861051807066,1.6816673879387576,0.49185127402140505,0.4216467434622302,2.4890924564475934,0.7013687725378542,103.11799767153009,0.32178017531351355
Trh-F-100038,FC,dense,True,7446.901486637735,1439,298,308,4.001664323540643,367.5859054627908,89.34961770022855,3788486.155031512,148461.30487244786,34704.0,4338,0.009160387178374507,0.21458337617098128,0.0019656668077689707,83.34564465202727,20.25894185812724,15.0,49.0,0.8212286597527277,0.9327281421139447,1.3451772916614406,1.578218304750011,1.6273823178841202,0.8106319073685826,0.4258422129604618,2.0077628076016274,0.24677441519835083,140.08421100912713,0.2772909144017848
Trh-F-100052,FC,dense,True,10313.675276195947,2204,620,655,6.011436111731823,358.0680322332239,86.26700414957048,1791582.58056341,98578.16006348864,46512.0,5814,0.025961404461396966,0.22174224450025687,0.0057567400956491455,119.55527351238496,28.803675133663543,19.0,77.0,0.871087438867901,1.1152330532218802,2.1134580484008088,2.0290137086617164,2.7155543117946146,0.27093309628918016,0.20980061749252196,3.3919226952515333,0.2030004189918052,180.98898819754785,0.4033507232489571
Trh-F-100066,FC,dense,True,7099.278477325951,1449,339,358,4.775133150259086,218.73837673364181,65.14975404124272,1396888.2552415654,72295.17926956099,32560.0,4070,0.02330895107595372,0.21803680827168154,0.005082209296761726,108.9686151820587,32.455568992224705,18.0,73.0,0.8504166839154229,1.0888463922279066,1.888105978012221,1.7259065650009005,1.8297109477644204,0.4937939080973678,0.3861679038038924,2.529395847519274,0.6670351272960395,103.4867524216928,0.35107394940965236
Trh-F-300112,FC,dense,True,2154.2544842906204,436,87,91,4.038520083603235,235.97650960241631,66.69529305241646,1245468.1284444744,69819.30319907436,10200.0,1275,0.008189691704708072,0.2112014200284922,0.001729674517629908,32.29994780287676,9.129105638184935,15.0,42.0,0.7873737150185016,0.8828911820863199,1.043727947815223,1.449331905205005,1.5851762209644007,0.8123393394358153,0.43386730072222335,2.5687123098882436,0.10123471315611882,137.5724814283427,0.3641781202294154
Trh-F-400055,FC,dense,True,2127.352945331689,403,64,67,3.0084335624910303,239.77358930893806,68.61773685711586,1195546.3542816862,68449.20411212459,10160.0,1270,0.008498206668117339,0.20938513241453632,0.0017793981284898446,31.002959916348168,8.872340575386247,12.0,41.0,0.7973586751618026,0.8495818471771922,1.0552345958986553,1.4051705637975918,1.5002489036189628,0.8467471260640592,0.39132290662428876,2.54802157244461,0.10346723555625054,140.35823230502754,0.30604266889317766
Trh-M-000172,FC,dense,True,6128.691199013794,1367,222,231,3.6223068317705973,331.3338289380321,84.39833071535148,2843246.7078914884,124188.1923140499,28608.0,3576,0.010061736788650074,0.21422997759416226,0.0021555256467908636,72.616260855726,18.497028264988952,13.0,44.0,0.8038682055369615,0.8765290616438492,1.3300111108970907,1.5583665310856796,1.719610325200279,0.7656978790072343,0.387576946898791,2.0404684938649833,0.2579432222370355,132.91697342994678,0.3053525582814802
Trh-M-100020,FC,dense,True,7397.3776820351395,1547,269,281,3.6364237647792197,412.40605820208566,114.5974464494289,2700697.8195863534,125494.92554563878,34352.0,4294,0.012719675541213067,0.21534052404620224,0.0027390615967424832,64.55098181702988,17.937121763643695,15.0,58.0,0.820836405019434,0.960199595279743,1.4584735177514077,1.6701246479351626,1.9832111748083483,0.23825676960249975,0.20201887074642455,3.812594565914617,0.24244104541952416,241.13687792908974,0.42367438750987124
Trh-M-100024,FC,dense,True,1818.4569770983587,402,83,87,4.564309249286715,281.5404015047109,68.80088088505958,539965.4356158109,46333.64560975639,8296.0,1037,0.015363946380269163,0.2191968390909304,0.0033677284825175424,26.430722306249493,6.4589556858607065,17.0,59.0,0.8465814604740962,0.9713979578516874,1.248940231523598,1.5269700298958382,1.7090761062954498,0.4402519737802953,0.21426404526094794,2.5360079950739123,0.6009745226488822,110.17542253451627,0.359341138162293
Trh-M-100025,FC,dense,True,7361.412971369642,1528,315,341,4.279069809357429,204.00101285882204,58.88929267444886,1134262.1997183855,61689.24017409244,33704.0,4213,0.029714469906841668,0.2184136295801579,0.006490045223403665,125.00426880765785,36.08517854008928,18.0,77.0,0.8547855284915981,1.1249102951359478,2.000383959611316,1.7409677162867772,1.8078126157587528,0.5210350150429303,0.4377033067961332,2.3779387210235243,0.5414102564079354,92.56772710478519,0.3836583188934172
Trh-M-100037,FC,dense,True,6544.625366696768,1479,259,266,3.9574457740233284,326.7642603112331,83.616083258051,2956555.721693319,124934.73544878764,30224.0,3778,0.010222706028584402,0.21653736655296346,0.0022135978424747704,78.26993458302911,20.02858378839598,15.0,53.0,0.8123914308213466,0.9381630399507981,1.4302065923725453,1.5894217408298228,1.7209112192208171,0.7177665598896373,0.3767380017809862,2.3200022107215292,0.21884462476543814,144.87742645598436,0.2697610525938386
Trh-M-100060,FC,dense,True,8961.962645474687,1905,453,480,5.054696364180237,304.98224195736617,73.06907973006393,1580560.469174655,85417.7540376874,40360.0,5045,0.025535245748032273,0.2220506106410973,0.005670116911221049,122.65054765411708,29.385194980393287,18.0,76.0,0.8738263109862214,1.1069617892137706,1.9862505863197444,1.888597540193609,2.3790715809595664,0.3261622388990511,0.2627226401906099,2.371532686077457,0.7082713836981157,112.67922442713815,0.3676198215154114
Trh-M-100071,FC,dense,True,6971.83919540181,1299,281,293,4.030500304501143,200.86990736487115,58.931731028317486,1242210.0200697584,67348.76954538889,31936.0,3992,0.025709018188572155,0.2183065880323713,0.0056124480424093615,118.3036553270724,34.70823124709157,18.0,76.0,0.847330966869447,1.075901110401514,1.9716739806000594,1.7222968357516268,1.7539218101639773,0.5421752496184515,0.4384847811144617,2.3620504839135044,0.5475435454880927,92.27654438671098,0.3525542296503761
Trh-M-200043,FC,dense,True,2968.736333216677,577,171,180,5.760026516558934,153.6282783507418,31.24326888211475,210142.36777394687,22147.190765268282,13328.0,1666,0.06342366911149074,0.2227443227203389,0.014127262220677882,95.02002957559073,19.324152851852503,23.0,126.0,0.9277301041302115,1.4163818383667353,2.6133242369865113,1.9612813860433693,2.1388590296950123,0.6348779898111983,0.39386873992860155,1.7472997615737869,0.5339851225475498,41.958333560203656,0.2769557576505237
Trh-M-300071,FC,dense,True,2902.418725639441,562,107,112,3.6865804046391166,239.6842232864126,63.986790268184585,1355769.6206620135,71579.51884806932,13408.0,1676,0.009889585808430315,0.21646917703158122,0.002140790501134115,45.35965491431405,12.109344060460636,14.0,48.0,0.8116383460960406,0.8936018243963797,1.1481086731168675,1.4754216608324222,1.5554226825506114,0.8835916886548237,0.4757668411081064,2.6212868637859508,0.07713714756027214,138.96360025763516,0.3476076639740977
Trh-M-300138,FC,dense,True,2208.3554804999408,430,75,77,3.396192355001698,243.93851829795696,63.86326876266332,1136204.6553706608,65199.38737746779,10280.0,1285,0.009047665798065565,0.21482057203306817,0.0019436247423044708,34.579430763353315,9.052918316911972,13.0,42.0,0.8071474709429608,0.8735583388053563,1.1313296518954614,1.4240894615976194,1.4742025904538991,0.8238285236555266,0.4309835147328903,2.569229983257443,0.09711473655681567,132.53853777147478,0.3487101735159239
Trh-M-300140,FC,dense,True,2269.5878058518774,441,80,82,3.5248691323476877,241.90501895314614,63.891499878283874,1083028.5135383997,63623.942974771824,10520.0,1315,0.009713502339499582,0.21574028572736478,0.002095593770137066,35.522531325380406,9.38214434604793,15.0,45.0,0.8199377911314586,0.9034983303550468,1.1920104022331288,1.4664288154016296,1.5304031057666065,0.767126216666733,0.387879912561368,2.8072973328911455,0.09540657623307658,140.6333767246149,0.42336552477176564
Trh-M-400023,FC,dense,True,2103.2025157795288,433,73,76,3.4708973316791303,226.7728567687191,61.719026318274864,1038929.3260716782,61500.64237100651,9728.0,1216,0.00936348580781985,0.2162009165069417,0.002024394213350393,34.07705275409984,9.274489662246223,13.0,42.0,0.8039764968576181,0.8763343815748037,1.1331910106570737,1.4474075140666727,1.506592060013989,0.8810905940278938,0.43887298341471476,2.4560188283885367,0.10364089181467302,123.22355121511688,0.3495101057414769
Trh-M-400052,FC,dense,True,2172.373041339324,411,70,72,3.2222826682126007,229.67516421448815,65.50101550567592,1158236.0805877908,66189.63204153319,10072.0,1259,0.008695981906286827,0.2156843766222522,0.0018755874365758585,33.16548643663516,9.458458639918929,12.0,38.0,0.8010225078684824,0.845939657842416,1.0444101160285213,1.442706510858742,1.5764680996656923,0.8983991403809761,0.4368122163893754,2.4529364135540286,0.10149769145596436,131.04054699646318,0.37681579355128
Trh-M-400110,FC,dense,True,2178.899276580387,413,91,96,4.176420680758471,206.19902390688944,62.282634628561155,1076100.5487439868,61472.95976038584,9904.0,1238,0.009203600919597935,0.22000194634293083,0.0020248101156751337,34.984057588039185,10.566971827976662,16.0,47.0,0.8228471588294513,0.9264027536481236,1.1841843894458624,1.4763149970672156,1.569812158919587,0.8885104694536523,0.45901681042273546,2.3734303497017413,0.09664774210326263,122.6466001461229,0.3352566894408881
Trh-M-400131,FC,dense,True,2208.46207864473,429,53,56,2.399860088724031,209.441963190942,63.67201262728558,1171510.141215855,64726.26510055167,10504.0,1313,0.008966204926829225,0.21024962667981054,0.0018851412386005225,34.68497362526169,10.544506196360185,11.0,36.0,0.7721895379876678,0.7978547971982406,1.0699913171728344,1.4074559141410468,1.478220936174518,0.8538382619572176,0.4608743068593054,2.4668895067658707,0.10098654510178216,127.95085003848735,0.3418906557005683
Trh-M-500163,FC,dense,True,1004.2183953386575,212,44,48,4.381517028988665,133.9804250833911,32.66985697097818,90729.36489164173,13588.986833915094,4688.0,586,0.05167015117540929,0.21421040856200033,0.011068284193744744,30.738377466137702,7.495262048270255,17.0,66.0,0.8258374961666591,0.996248408074065,1.5308207246016121,1.496676310255528,1.6489628823294868,0.37190471822165116,0.2960161158708177,2.6406196538253446,0.36191612862745837,56.149411960960045,0.3657445157070231
Trh-M-700039,FC,dense,True,6817.683142334582,1410,323,335,4.737679843088087,249.05642528791395,61.5394156471016,1773216.7955247737,87406.43539859554,31328.0,3916,0.017667326453857917,0.2176226743595053,0.0038448108316709952,110.78563341307391,27.37405041629908,16.0,55.0,0.8281928015469608,0.973954734619226,1.4592643712188746,1.6322431294770272,1.8233974705361278,0.9418714199728254,0.5941197976717476,1.229138406351667,0.6954343803191047,64.73023489340983,0.3421100039963485
VGlut-F-000016,FC,dense,True,10713.847755207058,2737,599,622,5.59089520110904,187.95370216874952,42.222127217367,816743.0430209184,48939.964271932535,49376.0,6172,0.0604547543097167,0.21698492699301397,0.013117770450274477,253.74959674699167,57.00258963554705,19.0,100.0,0.8573821827150334,1.2791126737353222,2.8862736409501775,2.1027336066268822,2.2844025064407374,0.8923761370435317,0.5445967035330097,1.3425140876990094,0.8525309098435193,47.11021257397139,0.39515488379182256
VGlut-F-000111,FC,dense,True,7614.844020861833,1643,419,431,5.502410802533791,449.5322666549024,84.56743651718945,1842631.3947809783,115569.93512254338,34480.0,4310,0.01871236976514145,0.22084814445654968,0.0041325921410163315,90.04463578973468,16.939482626077226,18.0,76.0,0.8764783633588666,1.0828845308392823,1.83049135116871,1.8420044114201441,2.2298225536930696,0.3574906543415069,0.16693775080456294,5.542860387147587,0.0694798196942352,276.870261401012,0.3287331575338379
VGlut-F-000158,FC,dense,True,4997.909049154264,1102,252,271,5.042108560231662,224.09374411356904,40.24348195988206,490593.99326693447,38332.11673700952,22696.0,2837,0.046262286761531955,0.22021100851049805,0.010187464823758815,124.19176487105618,22.302760252965207,18.0,79.0,0.8505631465545037,1.1484166013681671,2.1997839124798695,1.8622908127548463,2.022626082215404,0.6009634235094632,0.3718522259627974,1.7820312116338668,0.47750890897138387,55.09012418189724,0.3717886636153708
VGlut-F-000177,FC,dense,True,3698.9975960420406,831,193,202,5.217629776415959,253.5920333261899,77.5954628782558,635836.2869040411,47976.71592689206,16648.0,2081,0.02618284036770062,0.22218870711449068,0.005817531449884496,47.67028198344046,14.586410888090088,19.0,77.0,0.880713713343343,1.1088122290293887,1.8949782766608814,1.6673288950353389,1.8541341333544064,0.2071478948915704,0.14737227915125106,4.704291166059776,0.7978914130954836,143.5900697123552,0.36595387804572854
VGlut-F-000303,FC,dense,True,7178.775407336409,1557,412,439,5.739140405186004,256.5949255638391,67.02935641775517,1319687.0135067636,78469.87314868283,31464.0,3933,0.023842016840335257,0.2281583844182688,0.00543975604356405,107.09897559802393,27.977074728043977,24.0,107.0,0.9381567442938329,1.283758120053006,2.067619644970164,1.8730546126735057,1.966787782831893,0.5478005052163614,0.23769994584504414,2.997671759606942,0.2609635407903565,127.72507077756265,0.3682317308699608
VGlut-F-000463,FC,dense,True,3485.1510916528055,645,119,127,3.4144861118077148,249.0209438167779,81.97459885350398,1747669.7877789997,86850.14521958873,16128.0,2016,0.009228287925315702,0.21609319764712334,0.001994170246589808,42.515012459909514,13.995413551307855,14.0,46.0,0.8204216317450107,0.9449975845045568,1.2168823644039126,1.508356743847207,1.5713034678326445,0.4618766648456338,0.39288205244748753,3.4425114269018273,0.2922274947915276,160.95622169584195,0.38405311356585214
VGlut-F-000556,FC,dense,True,5038.525882039494,1165,294,309,5.835039987548793,319.01109503960384,49.52046385064137,758015.2684489161,63359.09998418123,22376.0,2797,0.02951919431093617,0.22517545057380647,0.006646997879540797,101.74633858915756,15.794202648073988,20.0,88.0,0.9003798931450132,1.1860936633802952,1.9930877697941036,1.8955453010728853,2.1559802661700873,0.611747160537422,0.2233055060892313,1.9075318085088893,0.3272993985951121,72.96567755154133,0.29665997387491344
VGlut-F-100002,FC,dense,True,5930.669421043693,1340,271,286,4.569467302264654,250.4468896288185,68.24566091545279,1934438.454183155,87815.6377329585,27352.0,3419,0.014139503865244337,0.21682763311800574,0.003065835156563823,86.90178014967128,23.68034767704003,17.0,58.0,0.8491794703670809,1.0127509257246743,1.5639951004862058,1.6464737456050564,1.7874229719842352,0.49920199382633124,0.40426264728345473,2.833092930701001,0.25655544455401136,127.37291533373983,0.31909129772574507
VGlut-F-100003,FC,dense,True,9122.868414467144,2227,485,495,5.316310374825551,361.0724659542041,85.54665958700541,3237679.6815187386,143636.46874888497,41616.0,5202,0.012853649555745634,0.21921540788319743,0.0028177180301504584,106.64201803448225,25.266031820948164,17.0,66.0,0.8443972986363517,1.0236611775658824,1.6290836454405615,1.756265707806835,2.007231774360208,0.7507220415854391,0.3243484361734521,2.286749343899037,0.1923290913038079,149.7093239521907,0.3377020680429789
VGlut-F-100035,FC,dense,True,6290.69611421451,1364,254,258,4.0377089496671035,312.5376114670081,75.44010453728468,2199433.916567315,100304.67657153217,29088.0,3636,0.013225221172090507,0.21626430535665944,0.002860143269970339,83.38663039770134,20.127805049404635,15.0,49.0,0.8220982898868936,0.8986708734592157,1.3018824739682346,1.5761358939040235,1.746445339870769,0.5308920080861913,0.3058220395289336,2.580880964406514,0.2922989067006569,132.29929993605072,0.41960638417605717
VGlut-F-100125,FC,dense,True,6181.862647704997,1293,217,228,3.510268868244117,386.21581263369563,99.14127667497738,3479300.4222271866,158120.3348790519,28680.0,3585,0.00824303639225302,0.21554611742346572,0.0017767544901304707,62.35407546718893,16.00623911680217,13.0,50.0,0.8198756827194955,0.8964417992611654,1.2921953695035528,1.5582177343327237,1.6689693973285629,0.570920753760369,0.21219650488537875,4.020975919425271,0.10145915299593203,259.92953192644427,0.341012591697281
VGlut-F-200036,FC,dense,True,5887.164858061977,1211,150,155,2.5479157390095444,261.83184118277245,60.490213114823085,1375027.6896086412,79792.45668933967,26264.0,3283,0.0191007062610319,0.22415339849459248,0.004281488222057241,97.32425387371187,22.484526066302323,15.0,47.0,0.869339169826045,0.9422478966168336,1.3884822778448058,1.6249798465293281,1.7877816149596042,0.6763532286775817,0.36849159962387157,1.7684472253497592,0.6892969196966088,80.74001588826773,0.3121073592849541
VGlut-F-200062,FC,dense,True,7684.038754858468,1697,267,278,3.474735207851224,225.13177577583164,63.42914126434201,1350640.4242290605,69655.06237603928,35944.0,4493,0.026612560497377882,0.21377806462437313,0.005689181677828488,121.1436668019059,34.13129367624064,14.0,51.0,0.8004207036310904,0.9052826054263039,1.5054934864534615,1.5858700654230968,1.7037779944253808,0.5874655938905533,0.34369213033451734,2.006542284017769,0.9713847050953454,89.85345553127894,0.4336818046081203
VGlut-F-200143,FC,dense,True,4319.478262208968,894,206,215,4.769094494635846,316.31753830212335,70.46996607361348,532627.0451145429,47247.69274151307,19776.0,2472,0.037129169803510664,0.21842021956962823,0.008109761420920809,61.29530781520183,13.655513018324385,18.0,79.0,0.8590847776867477,1.1343167705380692,1.9705649006427772,1.8398323173901747,2.233442741576509,0.23708859205244656,0.1669997604158439,4.987316541807249,0.12308418580765537,189.84500243525548,0.2726452787379427
VGlut-F-200251,FC,dense,True,9578.733593432637,2143,527,562,5.501771135605247,302.89316518802127,81.61142453286246,2295759.703253785,101630.52727966015,42672.0,5334,0.01858731118048674,0.2244735094074015,0.004172358971131289,117.37000852834727,31.624132513807723,20.0,88.0,0.9084534895137174,1.1961455536254542,2.0157267662947467,1.8855365846693442,2.287185671784297,0.37379757218918874,0.2640895450072656,3.132326628330921,0.5957699099047196,140.8183174329666,0.40121669333201193
VGlut-F-200319,FC,dense,True,4051.6433340759613,811,174,183,4.294553731731259,177.09025107958254,54.94958250909713,593022.4445348061,41446.619253234516,18960.0,2370,0.03197180844457429,0.21369426867489247,0.006832192223777054,73.7338328895437,22.878974474180367,15.0,52.0,0.799456064340166,0.9258782756115085,1.4470154764557004,1.573760068686471,1.652383088937994,0.46001178458907016,0.26699758136024687,2.7261249864901425,0.558113945596001,91.02180190084823,0.413200157561744
VGlut-F-200392,FC,dense,True,6357.2830538088165,1343,359,375,5.647066474174272,215.4023347679315,56.011288777398185,771011.2461347717,54501.2783442327,28952.0,3619,0.03755068443572252,0.21958009995194863,0.008245383041660033,113.50003173599754,29.513528999850333,18.0,81.0,0.8623552704569746,1.1255812772324392,2.1594032112122337,1.830079790603876,2.081625099478984,0.43474399232507593,0.24852059351075081,2.47928904678236,0.5844653771813392,89.06517009064194,0.4423606613586502
VGlut-F-200459,FC,dense,True,4267.246604239557,865,205,221,4.804034521846715,279.848850825246,70.21566178796274,1269556.8333909342,79503.54811942419,19640.0,2455,0.015469965174810148,0.2172732486883685,0.003361209590626925,60.77342996674714,15.248397810660567,18.0,63.0,0.8386884049212966,1.0238115653165925,1.4816828486942908,1.5933460305811156,1.7276302041455698,0.50034991436521,0.26369620501122193,3.1036485267619773,0.2869313605151923,133.3969817761604,0.35999715309856734
VGlut-F-300438,FC,dense,True,3626.818781582606,757,123,131,3.391401870548588,248.46242014896015,61.367559876131835,751816.0049502684,52007.72766104418,17120.0,2140,0.022771529054016967,0.21184689144758212,0.004824077643601795,59.09993470333848,14.59705165637615,13.0,45.5,0.8073950983042311,0.8924258812949325,1.3412791352006679,1.520575382972985,1.67986048243752,0.3524579568842608,0.28225240187064266,2.53455879159037,0.3142907022257101,105.61556236827919,0.4496786023391862
VGlut-F-400049,FC,dense,True,2546.2910612068126,554,122,136,4.791282577969629,253.85143170583825,59.88736265365819,600173.7624517014,49612.620561612726,11360.0,1420,0.018927851750124094,0.2241453398949659,0.00424258976401309,42.51800293715679,10.030635021816389,18.0,68.0,0.8660853949683036,0.9977629550183436,1.5013508615606206,1.6443410415020905,1.8791815949865776,0.3214992475552427,0.2144138272187886,3.0924270963024973,0.1030300439401562,137.66294180971303,0.4484771478987756
VGlut-F-400184,FC,dense,True,2853.2063113883514,624,88,92,3.0842494511790064,230.9525091097567,56.431730525565186,726176.5325211838,52423.1237455478,13616.0,1702,0.018750261665337963,0.2095480545966768,0.003929080855150216,50.56031925329257,12.354082327949111,12.0,37.0,0.7916776668669122,0.8294204393570789,1.0614606813200713,1.4995776754372054,1.6685417025662874,0.5736680485577658,0.2649520335269916,2.6627753603423967,0.12885216217806086,114.67784976394101,0.39423399440355716
VGlut-F-400186,FC,dense,True,3323.994057040585,730,133,138,4.0012105231744135,188.5084160123358,50.45064102511176,653902.5817797275,47220.509960881616,15312.0,1914,0.023416332075529216,0.2170842513741239,0.005083316918544145,65.8860618913855,17.63313345555387,14.0,47.0,0.818717748039553,0.9253881005124124,1.3667738721383984,1.5590722695154724,1.6537283865873558,0.6074277617058957,0.29480111829201333,1.692087551233254,0.9865745772608431,65.17207992258687,0.34038592299834597
VGlut-F-400334,FC,dense,True,9060.028034701867,1972,394,409,4.34877241539314,310.8578044735503,80.25358335711405,4252834.702052399,151679.12096997452,42064.0,5258,0.009890814702885138,0.21538674483410677,0.0021303503826117526,112.89250467965233,29.145248741769166,15.0,51.0,0.8257407979130393,0.9375029009418323,1.3777414894619628,1.6459037566342207,1.8329006746311687,0.6796656785393533,0.407314353264187,1.7706798566731934,0.7955708659508525,106.70099820749331,0.32048557238648784
VGlut-F-400757,FC,dense,True,3286.634688723604,716,148,156,4.50308640956617,190.14956068572585,44.7483094354642,562874.3603995065,41125.01398512617,14864.0,1858,0.026407314039762098,0.22111374385923063,0.005839020072598221,73.44712526991826,17.28447163838399,16.0,52.0,0.8358684355858607,0.9273799911748318,1.4778033672318365,1.6040182932617668,1.762270610575659,0.8245467709291225,0.3639231032555063,1.4394034458550993,0.8629321272515564,52.32737932248234,0.3438392753474163
VGlut-F-400898,FC,dense,True,3289.7475010673543,689,124,132,3.7692862433900585,202.16488924470235,51.7810514841886,660792.0026837542,50146.645127035896,15184.0,1898,0.022978486329028484,0.21665881856344535,0.004978491700423592,63.531879071089975,16.272595668605007,14.0,45.0,0.8232601354022409,0.9220144341556487,1.2770758932714885,1.5758974598059818,1.6818750005456822,0.654954527948073,0.3004680251675403,2.7498423363543454,0.1352231870613982,106.32549425763088,0.3721564306670363
VGlut-F-500002,FC,dense,True,3934.3490954380254,833,167,175,4.2446665496369045,244.2326807882863,57.30363914688968,1083335.567352851,68742.33362568768,18232.0,2279,0.016829503756209358,0.21579360988580656,0.0036316993681391584,68.6579273849063,16.109019819704333,15.0,64.0,0.8406728836406038,0.9738487859995112,1.4724360387118358,1.6122348794598746,1.8273799793023806,0.4021782882752754,0.2867493859233608,2.959236111528151,0.13697453924806915,122.1294576897597,0.43423755258179797
VGlut-F-500335,FC,dense,True,2931.8774571453187,597,114,116,3.8882934797349407,202.07428249220422,50.439053008368774,606498.9420706999,44398.39144392369,13704.0,1713,0.022595257879942876,0.21394318864166073,0.00483410151901559,58.12713130555536,14.508909401959286,14.0,44.0,0.8090169583734323,0.8503124875711481,1.1671486692457478,1.5360657961145716,1.6888695029638932,0.5961696917624756,0.3146288379374797,2.1963306575314783,0.272762624467331,82.29179652705109,0.4243857625319772
VGlut-F-500876,FC,dense,True,2829.789842917076,686,119,122,4.205259280927003,178.63565240696272,42.80741761630731,419395.78150304465,35018.77646890945,13136.0,1642,0.031321249710530616,0.2154224910868663,0.006747301636596296,66.10512851490203,15.84112580432896,15.0,51.0,0.8197537204278899,0.9140148071437584,1.498829365951841,1.5873068789704785,1.7708321920632515,0.7069444618763892,0.3339929012693029,1.5145148377685573,0.5703335691858064,52.405240660694226,0.34870042383407246
VGlut-F-600204,FC,dense,True,6070.7240564494805,1149,164,168,2.7014899454335755,351.34003482197,98.61875500420122,3408927.958109772,149252.22770678368,28120.0,3515,0.008248927623449207,0.21588634624642533,0.0017808308450776582,61.557500459125286,17.278771146947772,12.0,35.0,0.7971013729581776,0.8412865931886753,1.0172124759466288,1.4737564622940358,1.6115540367532468,0.5888370396394632,0.23459306939330743,2.249727465873074,0.7504472901670407,148.25320597519223,0.36629424371487546
VGlut-F-700261,FC,dense,True,9340.537819572623,1943,494,511,5.288774688806978,252.38652728254235,59.30089081831176,1939528.6689127197,91636.79545062344,42704.0,5338,0.022017720430984624,0.21872746861119854,0.004815880254458334,157.51091915618105,37.00886065568806,18.0,62.0,0.8566157207971957,1.04154079165618,1.6823735265800832,1.7643078798249903,1.879005797540258,0.7570871897520354,0.40648802556719293,1.653303868856674,0.6272127505647817,76.38407093257908,0.3971918384349507
VGlut-F-700541,FC,dense,True,3293.531559938285,728,145,151,4.402569016302884,203.88730195091392,48.26400240381261,591189.2258281879,44923.72659275456,15504.0,1938,0.02622510580817958,0.21243108616733006,0.005571027711684744,68.23991786636644,16.153686514186187,15.0,51.0,0.8367712296591172,0.9420856864812028,1.4916356702619045,1.596760538404964,1.7909361391725314,0.6602695373784391,0.31363236443695924,2.683240619510123,0.1173642342564418,100.00950697379433,0.3894510694960813
VGlut-F-800130,FC,dense,True,4647.866513313093,954,236,251,5.077598492211741,126.1836816467805,38.11516423942001,408290.13080712577,30225.970914443787,21288.0,2661,0.05213939400865985,0.2183326997986233,0.01138373465977487,121.942712462619,36.83413300876437,17.0,72.0,0.8426153940016484,1.0719249338821708,2.0173031741810297,1.7583509509699218,1.866613057555459,0.9289544663751677,0.5256822864845027,1.5045951079668203,0.6290917092107107,46.263130344798405,0.3982513042316244
fru-F-000094,FC,dense,True,7231.4748566056205,1814,389,410,5.379262290384186,302.7586734389767,66.68800693977454,1798381.3137155601,89426.99733004345,32320.0,4040,0.017971716984327982,0.2237461279890353,0.004021102088558168,108.43741158940787,23.885277255527342,18.0,65.0,0.8750574608670887,1.0366219691235121,1.6435170128649137,1.7135546540816862,1.934066556995352,0.4366564963188834,0.3219518401159122,2.0868517391683366,0.890268665744748,96.37827665171842,0.3268726594249287
fru-F-000131,FC,dense,True,4691.960995417887,1146,234,247,4.987253735240374,314.8190639851861,72.75064015891991,984624.0962574412,68561.45999876194,21112.0,2639,0.021441685289083183,0.2222414264597332,0.0047652307243465225,64.49374170685711,14.903674942755906,19.0,78.0,0.8899774270519513,1.1706489509525666,1.8797920654719098,1.7414401342600108,1.9018893374211134,0.2904266411545922,0.21914625592529594,3.792480280566188,0.30211621937369326,146.17129477247184,0.3449495148855839
fru-M-000335,FC,dense,True,4240.703563720503,1095,125,127,2.947624094015512,213.56854047036222,63.92920960428825,1410301.821543701,69351.60985981517,19144.0,2393,0.013574399258057531,0.2215160658023664,0.003006947519275466,66.33436562050103,19.856405603469497,17.0,58.0,0.8563617858886314,1.0116182165363794,1.4724665151807301,1.5826953495517444,1.6761674164903173,0.7232495311200117,0.5329548208339757,1.7349799109307364,0.7880641056138236,84.037648226771,0.39466935315003876
fru-M-000339,FC,dense,True,2117.4146610470043,496,92,94,4.344921270853414,283.32974281542795,68.87575513285017,562516.3462451681,49429.02708969545,9808.0,1226,0.01743593775624302,0.21588648664834872,0.003764183343614599,30.742525536930295,7.473322920517988,17.0,66.0,0.8402439131138906,0.9950256865822389,1.4704268479493086,1.5562172352682406,1.7615762571106526,0.4661515605765806,0.18659696576809737,2.607794679477709,0.7961098800083432,109.75265719373989,0.31816128503147284
fru-M-300299,FC,dense,True,5239.62111521334,1204,211,217,4.0270087351804404,207.71240429520194,67.27563764609435,1858172.6140995056,82428.98322287266,24384.0,3048,0.013122569892042458,0.2148794748693135,0.002819770927337947,77.88289042723808,25.22536452742015,16.0,52.0,0.8434676618179878,0.9688648511858987,1.3876115241560751,1.5248744047465215,1.5392541466549177,0.82115379396615,0.5564904362744741,1.5803669571367918,0.8706432587786657,83.49685509125237,0.4355030642198986
npf-M-300037,FC,dense,True,7880.728657438086,1780,376,389,4.771132421176804,386.78678457543975,66.13176068296991,1628151.2036610811,94111.21284077669,35424.0,4428,0.021757193017666387,0.2224686274118701,0.004840292866975365,119.16707760462684,20.374865356603234,18.0,70.0,0.8690702092454881,1.1018915908051015,1.7528311070814249,1.8297083254120092,2.3063297212285883,0.402368457643672,0.3129310863298202,1.9193028950832958,0.5903593667528271,93.07153924299395,0.2764927299070089
1016835041,EM,projection,True,5590.106619149336,8289,522,561,9.337925652649435,209.37416343486183,69.08516184588821,459204.1629108109,40195.45802426792,25152.0,3144,0.05477302261496518,0.2222529667282656,0.012173466772850396,80.91616882391435,26.69912336575601,61.0,351.0,1.2131307767251165,2.291027302930056,3.8393589417234453,2.4608126006124755,2.745631934749183,0.21434827224145983,0.13275709507651634,6.308125989809758,0.7577374692446618,132.860658007669,0.29234371495311895
1048172314,EM,projection,True,9190.337201129747,15114,1105,1155,12.02349789585702,240.0392589363836,81.12598748160727,1279879.5767683773,71261.38783551668,41176.0,5147,0.032171776741658026,0.2231964542726284,0.007180626496388685,113.2847498862601,38.286808757251734,53.0,235.5,1.1408065046089557,1.8091214962853832,2.930592219748006,2.2398300642650355,2.542278617186652,0.34406024276882313,0.19634037008929903,4.255729357725095,0.6985787212117809,148.77570732702043,0.3761624134947619
1048215779,EM,projection,True,5698.131322391625,8445,548,577,9.617187969090065,203.77898285599153,68.2666787360412,356086.661804602,32964.61302828669,25312.0,3164,0.07108381951663675,0.2251158076166097,0.016002091438961006,83.46870578578935,27.962311139900205,62.0,355.0,1.2238254558401256,2.3901557560367555,4.093485145396282,2.5695475640977703,3.0438735696536456,0.19453334811886985,0.12273647613676728,6.555568810838546,0.7358122229173408,131.99720764281113,0.3272151714555069
1051630846,EM,projection,True,2014.8454592392811,5725,449,454,22.284587532064275,184.88393589237805,48.95390488370149,310877.6914622972,28284.276092561155,9184.0,1148,0.029542164819870393,0.2193864829311064,0.006481151638002428,41.158013115110975,10.8978935866669,68.0,176.0,0.9503988015279627,1.1344850558779735,1.5357053805177447,1.5418645438686385,1.6917258263973813,0.393013367257396,0.31096717621038733,2.759082457042874,0.31067827058269665,87.61174062945966,0.32635478551224717
1078693835,EM,projection,True,13996.164768108512,34713,4622,4716,33.023332295513065,254.40933030757347,67.52509938581451,574390.4892715632,48541.44297870539,43144.0,5393,0.07511266430388641,0.3244058216231344,0.024366985577804954,207.2735160023887,55.01435325185423,367.0,2200.5,2.712435032579169,5.056417907553653,8.099632388951685,5.088737674859762,5.664170282520645,0.30475584385961846,0.12803264207193965,5.784428128731967,0.3378638130828205,144.50280269928405,0.08108463285240379
1100792636,EM,projection,True,8777.4402977346,21969,2251,2274,25.645289784323207,186.53067127059452,43.24503759157093,750895.7492179325,50411.330159421515,36296.0,4537,0.048336936302812675,0.24182941089196056,0.01168929283043141,202.96988479079153,47.05628429869009,101.0,534.0,1.2190889302409167,2.081935554491129,3.8907093518327125,2.530548863561014,3.4233386496624805,0.5896078616668866,0.4022582825618815,1.7510742710758358,0.8899702472718815,57.153095789006706,0.33187743306392326
1101133698,EM,projection,True,3343.405866766298,6032,468,496,13.997702302671497,157.44703059806434,39.49796042835911,197653.09079474426,23202.72289475219,14944.0,1868,0.07560721636029874,0.22372897930716662,0.016915525344545747,84.6475572537606,21.23511541669813,55.0,255.0,1.0513854926938044,1.7269658402718482,3.028447343085415,2.061265320350559,2.9905240310968675,0.729125326400654,0.21788862510958068,1.7501812666240635,0.9906879078748491,52.02247624413516,0.35455015636939613
1141324564,EM,projection,True,1432.697980080829,2406,110,112,7.677821950568681,151.51708240004456,39.383290886165746,294911.8767993174,25535.37603238655,6896.0,862,0.02338325629622781,0.20775782773793924,0.004858054533543781,36.378320547714715,9.45568616677909,26.0,80.0,0.8329639419074587,0.9425644605794927,1.2611777993669269,1.3861934568801406,1.4284127418552632,0.757862259846229,0.4525784226219527,1.596953304837096,0.8301609690515506,49.23050047731234,0.3578130819047676
1141337605,EM,projection,True,2318.125343835483,7092,530,535,22.8633020819781,157.49189604583742,39.691531366200536,303484.98189250904,28881.15958098947,10288.0,1286,0.033899535772231044,0.22532322548945208,0.007638352742794161,58.403524984916324,14.719013498706,71.0,251.0,0.9872765518890473,1.2598507303453712,1.811035424871471,1.642503974114293,1.7845460691574155,0.7706081588924898,0.35975208692529503,2.5448212576084988,0.09205839102828632,82.47521783992103,0.3300904588429347
1141678665,EM,projection,True,2416.585171922031,7074,531,537,21.97315477102217,171.5837443188379,47.521242072726004,421087.2911737389,34637.9501850991,10776.0,1347,0.02559089344625665,0.224256233474576,0.005738917375506728,50.85273588227586,14.083998350283805,75.0,229.0,1.0488650919800482,1.2964512724903599,1.8879571655640865,1.6851816853323,1.8574828377571337,0.6228518564929795,0.3672722335203669,3.486800705232384,0.14915250525476995,107.55955355925734,0.2994893129777507
1142011140,EM,projection,True,2391.600745453836,6822,514,516,21.491881576682736,180.85275644010832,41.30584320762362,392299.96972612955,33109.27373692097,10800.0,1350,0.0275299536921699,0.2214445134679478,0.006096357201157697,57.89981658121508,13.224021532930548,67.0,219.5,0.9535888139768087,1.1816209216669151,1.7181039838030432,1.6362931053559124,1.8340496514216535,0.64026711909463,0.35684085795300513,1.7269561186029334,0.47257702022237635,55.53382108386622,0.3351320964516881
1142356576,EM,projection,True,2169.3117623617222,6579,531,539,24.477809469944614,152.49664758610075,38.847478448696364,283349.025068181,26347.910476924455,9640.0,1205,0.034021645204815404,0.2250323404939546,0.007655970447894538,55.84176499966678,14.225307878567708,74.0,247.5,1.0310417121491076,1.2790753315812042,1.8077598019681018,1.7194114832454712,1.8168440220784943,0.6903339615627847,0.3814751540979124,3.3370871493652956,0.09444580061311256,94.59637055593429,0.36597060174691903
1142365351,EM,projection,True,2174.300312273217,6154,512,515,23.547805108150275,149.46710261743883,41.26721502141146,259635.62334179852,25391.16160710963,9560.0,1195,0.03682083327762267,0.2274372711582863,0.008374429842436719,52.688321980174415,14.54701585965937,71.0,225.0,1.049372737583599,1.3589376951707606,1.8874134655149453,1.7204354072894823,1.8395095704511142,0.609033120749257,0.28895967240295767,3.4922368459399493,0.1406091030214917,94.65490221067897,0.3319719666733503
1171690479,EM,projection,True,1970.0538039086068,3485,175,180,8.883006121599228,151.1960810965739,41.365242296400915,292537.84893304534,25818.383843545722,9448.0,1181,0.03229667557363633,0.20851543225112265,0.006734355267511054,47.62582531953442,13.029794090035104,31.0,111.0,0.8550580746131106,1.1042902488276944,1.5785687531318966,1.557745801116111,1.6541173836344305,0.4791065269855021,0.34484125153078177,3.1167191904221614,0.1508696454951631,88.82888586193933,0.3660222318800584
1172372382,EM,projection,True,973.5983715578232,1617,50,51,5.135587883122342,228.70460129931132,78.89760584193222,460339.9615309518,41346.51556453767,4944.0,618,0.010739888806432854,0.19692523696557912,0.0021149551481907604,12.340024277902469,4.2570126093949945,24.0,64.0,0.8059589168525026,0.8948514444465286,1.1481112872144141,1.3331855790714109,1.4028794979219354,0.3699736684460159,0.12750356405632196,3.66247430424047,0.9942984737874211,138.49178725672346,0.3586722880676616
1173045815,EM,projection,True,2018.7527291297504,3347,141,149,6.9845106815425915,154.8500772260209,44.42521939897325,349325.6347833635,28848.587546942097,9688.0,1211,0.02773343561232795,0.2083766235683062,0.005778999672845919,45.44159278088805,13.036820938637032,27.0,87.0,0.8260035716570173,0.9895846711420345,1.4019116174512156,1.4937208238021533,1.6280263944594762,0.6031388718413145,0.44132874996504373,3.3160526548460334,0.15322464238944364,97.84405836650532,0.4360691634893484
1173745330,EM,projection,True,1701.964555343048,2871,121,126,7.109431252263137,159.82280187041556,42.65613121664497,340845.5267572046,28629.785608954928,8208.0,1026,0.02408129007322084,0.20735435615777875,0.004993360398581417,39.8996464704919,10.64907219386006,28.0,91.0,0.8442284500709564,1.037783265453078,1.4982082353371902,1.4929400082742903,1.6491904606037286,0.6135928808581393,0.4062853840632181,3.3853367342861644,0.1343711459275116,97.43031625245591,0.3903145557521875
1193560072,EM,projection,True,1619.862337681948,2786,186,192,11.482457223258201,155.6995568471268,37.9387539226948,144521.8917395672,19647.56904430343,7464.0,933,0.05164615485002337,0.21702335713852466,0.011208421908848168,42.696772302607265,10.403769737587666,38.0,134.0,0.9395953234814084,1.249893779075577,2.154072257555782,1.6733611238650035,2.2782873947706723,0.7524303085264354,0.21861001172119904,1.6139287801977982,0.6469931274663215,48.08824240818802,0.41232469047376813
1198006801,EM,projection,True,1870.851035316815,2814,178,183,9.514386588767449,136.2774177355345,35.90701211225061,100166.44827094831,15314.270476701777,8744.0,1093,0.08729469948208254,0.2139582611295534,0.018677422107013307,52.102665336460156,13.728254221454831,36.0,155.0,0.9354255176584074,1.375625761262364,2.29270960210394,1.735180969714693,2.368165867489639,0.7285051056320136,0.17105490870453996,1.8288731887183145,0.930268384900647,48.47665408977044,0.3734404488191119
1198330641,EM,projection,True,2693.694821807326,4569,342,370,12.696315753041993,133.28241171058255,25.924092120409558,57514.79733111742,10910.608628729899,11584.0,1448,0.20140903797869544,0.23253580989358824,0.046834813766264416,103.90700701478491,20.210429772658806,79.0,375.0,1.3101628510736023,2.4758224465140866,3.8262710537035884,2.3960519690810034,3.3755574208111856,0.7765672250647572,0.20158593879435768,1.6520925821792407,0.9212578955271375,33.03143436992363,0.3757703234094716
1204175835,EM,projection,True,2255.5584073130703,6081,470,476,20.837412078363627,205.62811314278977,48.49004581408406,425946.32501423545,35720.64855359266,10096.0,1262,0.023702516977139276,0.22341109422673042,0.005295405253790341,46.51590588223238,10.969114936860763,60.0,176.0,0.9722234514280476,1.1896405101862186,1.7191756153300841,1.5406541937462777,1.699742582752879,0.49885187463504627,0.32440012489925624,1.8079418050599594,0.6222975251253126,65.8413464373471,0.3469375169354331
1205090786,EM,projection,True,2134.145570278595,6905,432,439,20.242293028943003,172.2787865761578,58.96961952102483,413241.5313209157,33129.74088223806,9640.0,1205,0.02332776177937874,0.22138439525711567,0.00516440243422982,36.190594201098655,12.387744380444493,77.0,234.0,0.9843844881358834,1.2125827103855655,1.6467172610174345,1.611002835789006,1.7464366368891941,0.4219876259267849,0.32606349219039366,3.974509045196406,0.29386451402865726,120.66277751966304,0.33996128224508304
1206114100,EM,projection,True,2006.215349002196,5302,379,381,18.891292013516797,168.14627404856307,56.53899650215529,455499.9515679822,35729.77766399766,8928.0,1116,0.019600441161995424,0.2247105005602818,0.004404424944714343,35.483745257589035,11.93136963845403,57.0,164.0,0.9374838079449515,1.1610042528947895,1.5673557414079657,1.597506565298876,1.6649090033213245,0.49355880608385205,0.32046163388220184,3.6442220060038184,0.266065616643513,115.10152627175268,0.26745400901699135
1224258912,EM,projection,True,2976.615710734656,5062,275,285,9.238679988426435,164.91612888596813,38.432256141936776,326455.8698788801,29538.249690062526,13808.0,1726,0.04229668164681177,0.2155718214610846,0.00911797270436284,77.4509750284114,18.04926983698998,44.0,224.0,1.0110787060919348,1.5833062291141788,2.735860028248765,1.9601690140787917,2.679222061867377,0.570741276776962,0.34260197643149215,1.895695985931524,0.5987520141115263,53.68343676481742,0.34746123565842557
1224595289,EM,projection,True,2507.279433685131,4212,324,336,12.922372977143342,151.96367363610656,31.65630462511568,102794.13209589239,14839.855064646537,11520.0,1440,0.1120686537754263,0.21764578417405653,0.024391270032283495,79.20316232033886,16.499202563956718,42.0,222.0,0.9933753699227936,1.649525943213902,2.9566974453834094,2.066532649412945,2.9324905657136036,0.4984984773704503,0.18880223741767085,2.2527955202295806,0.8605229877725991,47.42093517030207,0.3428019472285999
1224945418,EM,projection,True,2638.07384031361,4501,244,252,9.249172493632463,167.75745860223896,38.04839243587416,321037.3360855129,29321.373839709788,12256.0,1532,0.038176245010753014,0.21524753919007916,0.008217342794082124,69.33469908774084,15.725523397255383,43.0,201.5,0.9977586385452384,1.4787409418798263,2.498175985145464,1.92986344233411,2.6539978272772737,0.5793998623570191,0.3740902233325992,1.765664485711788,0.868516066372406,50.41735547015942,0.34235869829190196
1228683492,EM,projection,True,3211.0574950602995,13020,741,750,23.076509876883566,148.657534790003,34.10248656278594,257060.2181572812,26206.745838192743,13400.0,1675,0.052127863642445316,0.23963115634778354,0.012491460242578755,94.15904289408444,21.600368253087957,199.0,875.5,1.2782872193711383,2.058370189141218,3.040774143049526,2.20397219058206,2.570902718222818,0.8528533253253969,0.39626132982666207,2.3656756155897583,0.08612251237516952,67.97537178912289,0.4691066161867221
1261129711,EM,projection,True,1163.90277636078,3405,152,153,13.059510045612598,219.1843573968208,55.776321544334074,511769.8079731191,41756.5405557237,5416.0,677,0.010582882998608776,0.21490080804298006,0.002274270107825342,20.867327642531006,5.310154384117843,69.0,258.0,0.9008535420749072,1.0619550879204198,1.2542055779749786,1.5116643215631964,1.6627182519439716,0.5099348087143591,0.3451259122816198,2.648439206555993,0.28919357538637563,99.13247985876228,0.37227768487917606
1261130127,EM,projection,True,1422.508247204361,4001,232,233,16.309220031303646,209.38677174699657,52.36542701171085,512295.3104004628,41758.40324740082,6496.0,812,0.012680186345883308,0.2189821809120014,0.002776734860392108,27.16502716355651,6.793687277070144,72.0,253.0,0.9585635088978174,1.1546333175360073,1.5328752663840097,1.572890174330478,1.6854363118535083,0.5114574843273151,0.376873641006678,2.8826944042334017,0.21187285639010087,101.79986590616481,0.24894798656331846
1261423370,EM,projection,False,1575.2453408403576,3599,674,692,42.786985780921995,163.73437115270426,48.33001965004102,72868.98735372815,13592.610639614437,5552.0,694,0.07619153499483819,0.28372574582859467,0.021617500092235935,32.59351749175258,9.620737110665848,98.0,397.0,1.4917096030685204,2.212423231517356,3.1758978645974953,2.3521846841595235,3.2954923448543045,0.25355598040134086,0.13193019226289637,4.360324963222036,0.38160653852924314,96.17787218695089,0.38390284178964396
1262114202,EM,projection,True,1277.9263445667032,3176,526,543,41.16043168187028,151.05419334278167,43.55644164042303,79881.48704708726,13910.387478515066,4760.0,595,0.05958827478003948,0.26847192112745866,0.01599777860686809,29.33954878859318,8.46005209313688,85.0,331.0,1.2830585788822322,1.6814820323246094,2.1586593658221336,2.140117094757004,2.8977921645503475,0.24727586772467114,0.153030485211344,4.558343340722127,0.41327667687701974,86.2479985039937,0.36570187557802236
1266871604,EM,projection,True,2200.840787908676,7220,473,479,21.491786348137566,147.93054233438355,49.13798653706683,263564.0068615887,24717.68048668587,9688.0,1211,0.03675767459813918,0.22717184020527206,0.008350308580125863,44.78899000569529,14.877528015370046,91.0,315.0,0.996757603219509,1.3100242785170688,2.0841295340044277,1.6922387743823586,1.9356559260410517,0.38084291714417084,0.20613568647593883,3.644117103129812,0.9226869912299339,86.20708635692691,0.3682016085504538
1290416713,EM,projection,True,2425.5537539925026,9116,601,610,24.77784707969237,139.37365289908715,35.83195865390076,235287.07955507564,24727.612609598393,9992.0,1249,0.042467270276356536,0.2427495750592977,0.010308911813513894,67.69246910058182,17.40324446937409,150.0,652.0,1.229996832653399,1.8047274955301358,2.569442536009007,1.994002868460164,2.3078532388130375,0.6681271290697764,0.47247521212109406,2.4659285844049177,0.12160284771371406,70.12190555791588,0.4285799240823029
1322474586,EM,projection,True,662.9085066731723,1292,76,78,11.46462886430715,148.1819856665206,42.36213578335299,64958.1956531842,12245.059878771644,3168.0,396,0.04876982755053953,0.2092514225609761,0.010205155793003882,15.64860917455618,4.473610632840548,45.0,177.0,0.9310512734173768,1.236769602002187,1.7263242361280529,1.5564589218623794,1.8994513085191183,0.24640601016857294,0.12908557319385824,4.3133296616590755,0.3768251513606125,84.29813687436828,0.306191002359735
1419019956,EM,projection,True,2007.4063294094349,4840,333,336,16.588569793837717,259.83791226152067,83.30808571812841,461734.0844379078,42017.393694960294,9136.0,1142,0.019786280259387206,0.21972486092485058,0.0043475376782139705,24.096176404790555,7.725609830904999,59.0,218.0,0.9595632549758293,1.242206887010789,1.7425402165012456,1.619350263936082,1.9934521642596175,0.22364870642742818,0.1450654213441988,4.188201493042693,0.6648227189828096,152.89726959162647,0.260921221571736
1448929233,EM,projection,True,7848.931719756232,26281,2796,2868,35.62268216657179,214.27730168529004,36.470669098903684,333997.66599895403,32647.68394383364,24112.0,3014,0.07219212124696557,0.3255197295851125,0.023499959786487886,215.21216675435693,36.62978606704685,314.5,1568.5,2.100891787943317,3.6608823319758548,5.390749807524885,3.7693467143414296,4.7339757055224565,0.6795894788198471,0.2842490295430528,4.403700693102744,0.032447454154322035,127.84148351780154,0.27290031359124234
1469403612,EM,projection,True,3803.993691288743,11586,774,787,20.34703689894341,202.34765738369242,50.875054804372134,803144.5770197691,51681.67223377487,15696.0,1962,0.019543181201874253,0.24235433813001675,0.00473637474513522,74.77129422103016,18.799296915385558,121.0,404.0,1.1597541741733972,1.6284219568873044,2.2013852380143186,1.9680632521924555,2.156459008667088,0.809217789087967,0.5436951924273197,2.9560921279640353,0.07604934018711586,119.87501502801226,0.21990270914880458
1510648834,EM,projection,True,4139.40198160748,6968,433,452,10.460448198168239,190.49815018042315,43.919493867178524,283458.1533428948,30492.81027386228,18664.0,2333,0.06584393421000827,0.22178536120914485,0.014603220732197853,94.24976512994145,21.729355259812237,51.5,288.0,1.0442487340079414,1.6964762219702785,3.1550319981764328,2.119199737755286,2.429226515027864,0.5998056632209198,0.19342484681213984,4.461550689376289,0.07668260827276283,128.73791352885067,0.42386556026680344
1602402027,EM,projection,True,1704.7576516499344,5664,298,301,17.480490538440076,224.02230423682332,70.23740505979693,399453.87565229717,40576.000892133336,7512.0,939,0.018805675593291243,0.2269379195487133,0.0042677208948495296,24.271364384811502,7.609767507112881,98.0,332.0,1.0075399832446421,1.2107653775922829,1.5221050461160128,1.6226845207683915,1.8097214985668093,0.30888525308380904,0.14726818445731493,5.084282586249003,0.3380290221458744,147.25957950136248,0.24469277100242767
1610224198,EM,projection,True,240.61194937780667,380,7,8,2.9092486961271673,110.74362861171014,37.32370273786177,8489.170062196074,3492.6998770477658,1256.0,157,0.1479532146014146,0.19157002338997345,0.028343400781814763,6.4466259167187605,2.1726933855620847,24.0,57.0,0.7247347872825503,0.9398904272570573,1.253187236342743,1.3340695374045843,1.7310212185453717,0.09752538812784702,0.09676758938028664,4.497908807278405,0.7674645707406059,68.7067057260604,0.34725935116561923
1639886198,EM,projection,False,10715.786585465834,28324,3656,3815,34.11788738830195,123.54696161609307,38.512096947163386,359780.9815284878,27949.126066231933,37152.0,4644,0.10326282351602921,0.28843094814453685,0.02978419409481028,278.244692834237,86.73452139408995,154.5,619.0,1.6147960496482572,2.7336190269045493,5.232317668684489,3.0550322687820617,3.528411783162935,0.8589168510295361,0.4450289975156469,1.5500281277597114,0.9845409404996415,47.189269038178814,0.291191286599729
1640555311,EM,projection,False,9681.426597203994,26077,3271,3404,33.78634302660176,123.10307553704322,38.2524616009337,383571.36277838796,27983.472737855398,34064.0,4258,0.08880746402249222,0.28421285219598386,0.025240222646124733,253.09290414313313,78.64487995095406,179.0,674.0,1.5975951480534643,2.5639371284968204,4.6545320178865355,2.9033429493733465,3.2239182807872107,0.842205904608799,0.5665063404797099,1.605547625909656,0.9360011397411965,47.92508823794223,0.3256715165851676
1641250106,EM,projection,True,157.7732195243596,254,2,3,1.2676422564167853,110.15734749405723,36.072313361764465,7067.395897386642,3279.6351948235783,776.0,97,0.10979999016143226,0.2033160045417005,0.022324095298340434,4.373803751982104,1.432253255125548,18.0,35.0,0.7442132996432057,0.7043447300194625,0.7585250938671135,1.2876015746539753,1.6784385055782935,0.12526470957840566,0.06220886249812606,3.8165967514694628,0.7398166744161558,64.47037005043518,0.3852801245475434
1670278227,EM,projection,True,1438.485181743883,2271,60,62,4.171054437089278,113.67305427351208,30.69382999996486,204620.4128727571,19623.531004625078,7112.0,889,0.03475704061071652,0.2022616959707372,0.007030017980847311,46.86561376490096,12.654583717639024,21.0,64.0,0.7767198605528526,0.8402366715793709,1.182964787618325,1.3826764949541863,1.469341350095897,0.8961910030830574,0.5095389231276468,1.35452970694207,0.8787810813309281,34.446324949676466,0.40301027358215047
1700644008,EM,projection,False,3462.6920812386516,8789,488,499,14.093081006077671,178.8986153006344,43.29907717303465,497260.8659776885,39447.86648740386,15920.0,1990,0.0320153888818476,0.21750578399740272,0.006963532258727994,79.97149840863378,19.355611419460622,55.0,166.0,0.9278381782525862,1.1729986725063182,1.7313460406193257,1.7018924324336717,1.9205169613081816,0.7441625483305621,0.3501120464312516,1.5184343673018288,0.5181422745212537,53.356816362055376,0.2902843104185674
1729935421,EM,projection,True,2178.9898097456353,3398,217,228,9.958743222637262,219.5474980141144,67.63695845926921,568519.0410449767,44972.92528754238,9840.0,1230,0.017308127414542546,0.22144205383593854,0.0038327472827304142,32.21596386623176,9.924912966239091,44.0,158.0,1.0144272857288805,1.2609894732324278,1.6408055796277374,1.6317908280887183,1.838809966030072,0.2810949628264418,0.23845756764168005,4.280974859029475,0.4929321879467023,128.80887142131684,0.3166181861937603
203253253,EM,projection,True,6133.1951103824085,17936,1271,1281,20.723293114357688,248.86322374497408,65.003407986406,1223085.794702725,67680.41074232668,26328.0,3291,0.02152588159720971,0.23295332385226408,0.005014525666920284,94.35190092902556,24.64484313145233,105.0,372.0,1.164235973876691,1.6208232321306577,2.555497962659337,1.9927295994205751,2.225397355000874,0.46251943290723524,0.34283460813852995,3.0798906254545164,0.23734917567197775,127.37271028519085,0.3597887570585113
266187383,EM,projection,True,2445.404023110392,4195,231,237,9.44629181177936,125.51366081387417,32.95914189375065,217717.84411084602,20358.564801377932,11160.0,1395,0.05125900472502448,0.21912222429304587,0.011231987130395112,74.19501487610218,19.483170256158118,32.0,118.0,0.9111043305180297,1.1321314921807368,1.7771831563302265,1.6459168249452205,1.907491437683613,0.6561803683913887,0.4326411698579953,1.7759146287868341,0.42144048420337143,45.459653543464334,0.42001991501107433
267896360,EM,projection,True,2417.3703128950897,4304,182,187,7.528842355229938,119.5623097371044,33.147291482233825,247226.48953287426,21772.126494743254,11504.0,1438,0.04653223051355218,0.21013302441716705,0.009777958330689505,72.92813997157938,20.21849793810812,31.0,108.0,0.8658203126415077,1.0988046876795863,1.7366166040913,1.5685221254269877,1.7919720629318678,0.6317586937776359,0.4745110396297349,1.6688536505264717,0.5801973876482284,43.10252796509599,0.41989538312667357
296543992,EM,projection,False,4576.419911356323,10896,838,860,18.31125675160434,194.0814168646859,50.178114346433865,690810.6263477448,44443.08877495192,20552.0,2569,0.029750555674941802,0.22267516112087984,0.006624709778353372,91.20350517279984,23.579897474403822,53.5,154.0,0.9526269590666784,1.1650763521782899,1.8102926864542417,1.7160001541390375,1.9649720529653596,0.5503791147977807,0.39764037187145207,2.0747096659157345,0.9987740020373337,72.25152982788724,0.3753283952071079
297166053,EM,projection,True,2311.097203897132,6612,459,464,19.860696435701726,244.36017063584407,59.08159920223332,517452.86433321825,40204.85904906917,10112.0,1264,0.019541876559191852,0.22854996082843476,0.004466295122117405,39.117038724465864,9.457749181806014,69.0,243.0,0.9996095172565451,1.2452032348583686,1.7402840390791658,1.6882374806731084,2.0690216686635026,0.317862561091985,0.24042299251935784,3.150540153293655,0.40198083588552375,106.9344294515408,0.2980519743862737
299082033,EM,projection,True,4982.91616668753,8578,576,608,11.55949610091283,278.82825103895254,68.72779132782259,1170996.2929410303,70250.7248538235,22768.0,2846,0.019443272482799024,0.2188561211651234,0.004255279198341973,72.5022013717809,17.870915691363756,45.0,187.0,0.9894591276186516,1.4091957484976045,2.2245161458426472,1.7939631251820458,1.9648723054761552,0.5000794316912736,0.23938963910165587,3.6031399302520137,0.22650501278875365,144.0621102000876,0.3716861320092396
300972942,EM,projection,True,2929.957804306141,4563,254,266,8.66906682501358,223.88066644805645,45.07755430330745,489532.4293072504,43420.31098287271,13200.0,1650,0.026964505740058223,0.2219665003262228,0.00598521697214707,64.99815372838812,13.087140800458238,49.0,273.0,1.125175808105277,1.8130927006844932,2.6539472865091858,2.0613649274337384,2.3402218884234354,0.5453802872948317,0.3703285323333465,3.357101056992518,0.12911113469155402,103.4143603660001,0.2131434921845147
326253554,EM,projection,True,21011.20033382337,45325,2693,2725,12.816973600812647,315.04731867296584,84.2073567042074,5531103.045751648,177220.30633512186,95528.0,11941,0.017271057727513056,0.21994808154492265,0.003798736013418108,249.5173955837228,66.69220491171359,55.0,210.5,0.9727407561955264,1.2989119889851242,2.1011200333823368,1.9757556691680724,2.1717002929016402,0.8644066906495274,0.5282019307829965,1.5520843468048953,0.9854534150331201,103.42580354336346,0.16281666751071375
328632707,EM,projection,True,7068.605603473207,21817,1540,1558,21.786475103990956,179.64422945335858,39.51389115750472,643791.4044423983,43194.55863107413,30680.0,3835,0.047655187360838736,0.23039783583680598,0.010979652034334753,178.88912978216507,39.347802180912495,99.0,439.0,1.0962477672880284,1.6577405261428724,3.089425525993535,2.1194025293164906,2.3562018678244026,0.7242355165027241,0.4426868824366385,1.6561645765620465,0.5579240940030376,51.3442755722358,0.3487047390611832
328943204,EM,projection,True,7694.646889076431,12987,839,884,10.903684237818261,237.42118879978662,71.1383220097459,1008063.8661631626,61928.90871295922,34920.0,4365,0.034640662335126235,0.22035071274560225,0.007633094635524804,108.16458234736362,32.40926779945155,45.0,195.0,1.007680315489318,1.5845648453617032,2.748088174670154,2.084724715349751,2.531133845090931,0.3110992950556598,0.22116023435500864,4.0878198185276196,0.75578049002346,128.80982521341147,0.3879244234511115
329970706,EM,projection,False,5569.318879353736,13936,829,839,14.88512362029084,344.5424787904765,82.03915411606792,1514258.2022131905,89362.08245859608,25184.0,3148,0.016631245558512996,0.22114512703914135,0.003677918911856512,67.88610803415082,16.164389653504976,76.0,316.0,1.0148175800571675,1.397921405460275,2.2030533541747372,1.8380637358574023,2.1721212477978686,0.325043001938169,0.25028989229242193,3.323486175462052,0.33623624119631934,155.3598759487829,0.2887000066774289
330268940,EM,projection,False,19391.90275067669,55437,4283,4358,22.086538154955125,219.77775660833888,50.473874591082435,872517.1923772361,55390.47357996529,80136.0,10017,0.09184460856486241,0.2419874057936095,0.02222523856274058,384.196832673963,88.23414639377985,116.0,594.0,1.2644694021046354,2.3151746359451635,4.906857983470823,2.910767212026864,3.572568671826951,0.459404080833229,0.3374368132078221,2.0373696720804233,0.8418867998442554,72.00917529536714,0.13256424531342317
331662710,EM,projection,False,11965.449741337308,29898,2512,2550,20.993778372757166,324.68573465544415,82.52177883076214,1597218.762049411,85849.08813087535,48936.0,6117,0.03063825767812145,0.24451221475677024,0.007491428241166096,144.99747716146996,36.85240361432885,124.0,572.0,1.4251369391778594,2.4280539247843564,3.9991476408212927,2.8545631347887146,3.7171325695362873,0.2898673193798261,0.22915233928236045,4.204354124936406,0.22991273415174826,180.7328147125421,0.15768461083704846
361040812,EM,projection,True,7389.5216579039015,12556,866,897,11.719297135745157,240.9988979416615,53.26535990316257,1093970.608535948,62646.91959258386,33720.0,4215,0.030823497209972763,0.21914358416085117,0.006754771654965428,138.73034315994843,30.66205580613352,39.0,161.0,0.9522579456061728,1.3484528572817338,2.3563525694846623,1.9405171591841686,2.031762897416525,0.6776698940199312,0.4157953306252066,3.4435058677599346,0.09529826727107733,131.62189059839804,0.40101605613635216
418969956,EM,projection,True,1774.015312889813,2616,106,111,5.975145717729429,214.9873972674741,50.40137521362507,424437.2878021605,42060.26965165213,8576.0,1072,0.020205576292339003,0.20685812883509946,0.004179687703868093,35.19775612015922,8.251717707353293,23.0,66.0,0.8258916726675107,0.9014305451675879,1.1671153374275085,1.4677626827888883,1.7090706289882591,0.5271631225504267,0.26666433875006634,2.5622813788433247,0.24066615450306594,90.71851746413199,0.33983649919524117
421641859,EM,projection,False,10268.251057093128,33179,2151,2169,20.948065917361134,229.509192022415,55.666386533844026,737825.7235960251,48758.513333149414,45744.0,5718,0.061998380562082143,0.22447208501865004,0.013916905752550324,184.46052809356038,44.740042726002365,93.0,408.0,1.0581462342429027,1.6104534280258984,3.1305643466747344,2.1017083417698896,2.4309306479860626,0.3717424122279514,0.31071708817349697,2.331790906591944,0.6588886950453386,85.88226304074067,0.21778460290450755
422682603,EM,projection,True,1137.3540979969468,1844,67,72,5.890865484900187,233.95486145365302,78.14914984505154,479004.25207324844,40290.78530040993,5440.0,680,0.01135689292204472,0.2090724444847329,0.0023744133649632503,14.553633663987515,4.861425366116015,25.0,68.0,0.8437344940630169,0.9353240937474891,1.1283274781715742,1.3771990304459873,1.5084271856723432,0.23637097406838706,0.21765495223543185,3.4907579133203366,0.8595531381627991,135.90860642522978,0.315387659083256
422725634,EM,projection,True,5906.211729931127,9454,596,620,10.091070676989599,255.14309017914388,58.56622842113266,862503.4881450305,57147.04025720313,26424.0,3303,0.030636397838610004,0.22351694406339415,0.006847754021996481,100.84671472202857,23.148625055000284,53.0,220.0,1.1366843206179997,1.7010978484824673,2.599565021976728,2.047288464693013,2.4185961220029184,0.5247994042045736,0.21281200897997085,2.961168748585734,0.539010897696312,100.20271835008901,0.3030406426804692
423774471,EM,projection,True,2361.336184276826,6932,543,551,22.995455014648716,187.57178925716963,43.24709615833526,291701.8571973184,29271.214276906405,9192.0,1149,0.03151162659133218,0.25689035947310984,0.008095033082629731,54.60103438232146,12.588972966714756,157.0,712.5,1.3118534357093476,1.7569465656821621,2.459725191955027,2.0311412244005336,2.3037426188066594,0.7576141874010613,0.2798686229866245,3.7485044752345864,0.07728324939911727,116.51846447094266,0.39260226812560767
424789697,EM,projection,True,13561.153500444781,34209,3061,3110,22.5718262085862,274.84999628170056,62.59136659282561,944642.2729991983,64210.81575868565,46600.0,5825,0.0493308433594095,0.2910118776919481,0.014355861354149128,216.6617257083375,49.34019895909193,301.0,1863.5,2.1149646756776015,3.7174214639377143,5.688403313944959,4.263009196158276,6.200801783468122,0.4279736631433788,0.17248849253789497,3.590151141486628,0.1606205715707097,141.7849315009075,0.21442271131006516
454439022,EM,projection,True,1553.0316044117417,2579,147,159,9.465357922041822,179.95378561982443,43.15720874195239,289133.8763249203,27421.10745195242,7264.0,908,0.025123309977821234,0.21379840369104372,0.005371323568693451,35.98545062767384,8.630169124047889,36.0,117.0,0.9178673784939372,1.148692015097442,1.5912209061595715,1.4564286672222204,1.4918651339209814,0.45650119019523067,0.34062611225088757,2.8239314644515017,0.09661668241329273,95.14669157225971,0.41333099429444614
456156825,EM,projection,True,2055.3708822483086,6047,397,402,19.315248816103377,207.3354930471667,47.59676566399542,413781.81502570835,34654.18466495142,9328.0,1166,0.02254328165538268,0.2203442197950588,0.0049672818079755585,43.18299475972785,9.913261121098706,70.0,271.0,0.9676887392882809,1.2411659916958384,1.712809068540257,1.5910238087856847,1.6874966192514849,0.4877038030980606,0.29752077015131545,3.1433725623818574,0.08994898711063332,113.15838520972083,0.4375407217115135
457175171,EM,projection,True,2999.395628857172,9051,549,555,18.303687406825343,288.34782821177305,57.01873228571294,823552.2946534136,59468.23601157032,13408.0,1676,0.01628069047593713,0.22370194129304685,0.003642022065058355,52.60368844799315,10.402005270711829,115.0,466.0,1.0773691195607658,1.5557031270006079,2.1302525773133323,1.7604299319078358,1.970693580063845,0.6000155586192887,0.25360012278593475,2.9082398081878034,0.16077393871602383,116.98637877965888,0.33203256131099823
484911954,EM,projection,True,5247.406363851112,9077,437,449,8.32792373410323,235.47408222102703,65.95639291683291,1315290.1031666785,68811.91194845072,25104.0,3138,0.019086283656784064,0.20902670346761917,0.003989542954225468,79.55872254063043,22.284432810425606,29.0,109.0,0.8585416171222369,1.0613686011025711,1.6992896255994532,1.6070612865467844,1.7679940579013178,0.48592571882047186,0.2753705869219263,3.009594841901377,0.47527369046053203,115.02876300393544,0.3983953385996215
485745069,EM,projection,True,3894.346636861263,10656,734,751,18.847834269616634,175.7605715904685,50.28245894525443,433343.959777391,34609.16109242514,17304.0,2163,0.039931328473781134,0.2250547062448719,0.008986733399634302,77.44940717997254,22.157111811944368,69.0,250.0,1.0036975868199132,1.344732954717287,2.23299692480577,1.8195774297810121,2.348821855766745,0.42124939990718285,0.28928875020032035,2.349468441278229,0.8155093500315114,76.80715924356129,0.472199894634641
486544396,EM,projection,True,6312.258306702107,10877,733,773,11.612325801397093,233.7319688077987,54.48613693983029,669392.8941691616,52118.33013507203,28456.0,3557,0.04251016144310745,0.22182521460156407,0.009429825684864446,115.85072205931596,27.006396852339748,52.0,245.0,1.0591037427352528,1.6646250808813574,2.739695445617234,2.1493043202547555,2.9662867982622685,0.4771529926981049,0.19660412614614434,2.8042829310820454,0.5338392258917121,91.56749098979502,0.3322054016882249
517514142,EM,projection,False,9559.548653603311,19826,1688,1708,17.657737422192383,319.39681872851537,69.29969232214232,1706284.389905569,89034.6197961711,38976.0,4872,0.022842616524292914,0.24526756603046262,0.005602552956680548,137.94503746373616,29.93000585183927,95.0,391.0,1.318922275607521,2.018485779899348,3.1118322440114947,2.404425872019969,2.80997902810209,0.42086972139772993,0.3455798404815928,3.4218229030931755,0.15029814958709806,155.350250173933,0.2684238934134756
517854468,EM,projection,True,2763.299231683568,7792,680,693,24.6082650841148,194.30861026862945,39.41487019015515,245209.86746878226,28053.32871367113,9848.0,1231,0.04016151593595128,0.2805949666616133,0.011269119225128101,70.10803837110622,14.221187768588011,191.5,823.5,1.4792822439419528,2.1061731948807685,2.9776931375900517,2.27032624121602,2.5586103997070073,0.8297512693556575,0.25809331481398134,3.8532799654573,0.058991687077749454,113.80340041651993,0.3519747496363427
518899665,EM,projection,True,5645.709263006316,9881,722,756,12.788472915722515,320.40686306299733,66.96289410448654,1227178.3398259804,76480.54978447885,25112.0,3139,0.020463203419611366,0.22482117167116583,0.004600561368942434,84.31101042611675,17.620437992604035,56.0,244.0,1.0774254318714345,1.6335964302680313,2.5569335430282227,1.8397191777991075,1.9387737853730482,0.4014227410483787,0.18508944391412413,2.980182455374539,0.34765270753231786,121.44702136987091,0.3723032348376235
519046655,EM,projection,True,14311.632764417254,24700,1488,1544,10.39713654265631,226.10258704872493,61.63396476484072,1291468.7688879375,65760.37584823085,65464.0,8183,0.05068957266103304,0.218618366803392,0.011081671589116913,232.2036691785463,63.29707656698819,50.0,245.0,1.0382786393222037,1.7284580633354172,3.3881706355154484,2.191100791726971,2.55610515528081,0.5039394860382773,0.4209246324631084,2.423199099070406,0.8941121574709132,95.22143433492019,0.31523164719812374
519279166,EM,projection,True,4010.968173225209,7182,411,424,10.246902549453939,188.13608053633664,48.47939442296891,758517.4134471241,49703.705502572346,18904.0,2363,0.02492230193383397,0.21217563336993275,0.005287905197847922,82.73552549420593,21.31950533778942,36.0,136.0,0.9293253413404098,1.2110411151042297,1.8165616726563445,1.6651910362552107,1.697405066959462,0.8288424867886686,0.4285636017040224,2.252818398900977,0.2270209633107428,82.20114562219902,0.31614638906363934
519591210,EM,projection,True,1613.455288736444,2750,101,110,6.259857382171204,220.05676473112447,46.83322355942739,369736.75813575037,32630.418381965344,7960.0,995,0.02152883051210573,0.20269538803221657,0.004363794654531095,34.45108335729028,7.331995863466584,27.0,86.0,0.8299667123129856,0.9603900528193119,1.27646779172187,1.4126239842822077,1.592749544655917,0.4325618833196151,0.2738729257592287,2.1779774819777002,0.7887009280355538,69.25368004432222,0.3064886760974752
549282467,EM,projection,True,9399.749623732052,15456,818,850,8.702359453647059,270.0573920360168,93.30039128004162,3566623.977065889,128491.64100303134,43824.0,5478,0.012287249870408867,0.21448862777774855,0.0026354753638663164,100.74716187972517,34.80648892024564,30.0,96.5,0.8844325953831438,1.0518967797372485,1.5583139296638018,1.6243231016772102,1.7887249521849766,0.6641451212158322,0.42363663162881376,1.9777526813288548,0.8955018151623577,131.30534637653713,0.4085741667586722
550280614,EM,projection,True,2045.3919472355371,6364,367,374,17.94277133514783,208.12785504788215,49.61491442628222,414809.35412760713,40784.68028618813,9328.0,1166,0.022487438885311257,0.21927443688202586,0.0049309204984955965,41.22534465467189,9.827574241636093,78.0,232.0,0.9909844705598533,1.162154515474737,1.5402047795448321,1.5255019024399388,1.6297943802673602,0.528939098696635,0.2502983125047512,3.3056165085404103,0.09691699745384108,119.61022593929287,0.3756905539403843
550617370,EM,projection,True,1825.8679392739537,3281,161,173,8.817724247024172,198.49001094370507,44.11913275023194,277287.26654653583,27945.33595513274,8720.0,1090,0.03144753132231033,0.2093885251460956,0.006584752203064206,41.38494629100239,9.198790057963164,40.0,170.5,0.9221555248858352,1.2609585215980343,1.7032350179794344,1.5634194330491413,1.5974347675187697,0.30682477977980566,0.2304074124656469,2.7929329453395435,0.42824326059955414,75.87229274719836,0.32752668784028666
575768294,EM,projection,False,8921.660032781678,24987,1628,1655,18.247725132072837,243.236961801599,72.37824002351472,1830929.5209515495,85334.93746433263,40168.0,5021,0.02193858340277585,0.22210864451258908,0.004872749022116927,123.26439589969513,36.6788828749588,72.0,230.0,1.0083250489129383,1.3260493508890723,2.005768892262068,1.8145519394120813,2.0561558038215435,0.5280561355892863,0.34823517392497577,2.702499584488163,0.32741169060849473,127.47715784961133,0.3564941018921565
579916831,EM,projection,True,2172.7017027247575,3387,195,206,8.975001020869684,283.0420459975958,55.821793702532936,638495.1749896966,52003.02859928245,9904.0,1238,0.015511471954599846,0.21937618161598926,0.0034028474886436196,38.922104766156416,7.676250696489146,35.0,143.0,0.9857993206555161,1.2994627408640895,1.6560226392719188,1.5746223827849632,1.776534507542729,0.6626780170598618,0.26563614308528116,1.719801134470924,0.6825751078108209,73.34813725037252,0.23238350778694752
580287695,EM,projection,True,2232.218718322786,3746,208,218,9.31808331740378,195.27316001903068,45.53447069410331,354670.03472191555,31743.334059089415,10536.0,1317,0.02970648481273844,0.21186586164794857,0.006293790001382528,49.022612633814084,11.431262330702495,36.0,125.0,0.9224044290590026,1.167478409164637,1.7886367935278735,1.5126778990341176,1.5842574296116296,0.3941203575801042,0.2940489626043961,3.085579759245381,0.07995568874710891,109.29003426327063,0.46119113114716404
5812979156,EM,projection,True,2079.620182288449,6478,457,459,21.975166614179976,156.56940597424338,40.16939860614525,208762.4692529664,21996.6865640196,9400.0,1175,0.04502725050933182,0.22123618960515415,0.009961657331081309,51.77125509592025,13.282417272698597,84.0,265.0,1.0398100911442245,1.468658320825176,2.1307583834922634,1.6823962161938937,1.9619058323475935,0.4966810479875199,0.26679338356918125,1.8512941404813383,0.4721260880748283,56.268771718682665,0.4224131945906327
5812980638,EM,projection,True,1152.4964688387251,2332,200,204,17.353632345747954,248.55450588969452,83.22712148433963,702822.8090204372,49383.97681740128,4872.0,609,0.0069320459402710255,0.23655510444144606,0.0016398108513937147,13.847606985369351,4.636795718964713,43.0,112.0,1.007426983250634,1.0217167276939052,1.220864903430853,1.5488385520920438,1.6751402163353564,0.352203042370267,0.22916675859442487,3.741504396017614,0.750896668012329,147.96684654334996,0.2973892240224804
5812981543,EM,projection,True,3418.5326441551183,8690,653,667,19.101762889890065,309.6900038529639,44.640740983865484,472955.2108772992,44488.35181040095,14088.0,1761,0.029787175774779465,0.24265563913650753,0.007228026175700605,76.57876121255872,11.038563084451978,149.0,750.0,1.310787056807944,1.9601678005476595,2.8487772034625984,2.1887521912639247,2.393930423077814,0.3768418978302966,0.3416078819588395,1.4084403740774922,0.25900063656308303,54.63912502584225,0.14230415222045495
5812982779,EM,projection,True,1709.544948292892,2895,155,164,9.06674025475487,143.03636611608982,41.269493974125574,261804.84003562364,24248.110332331737,8048.0,1006,0.03074045536707768,0.21241860689524006,0.006529844704399946,41.42393772418709,11.951820328722608,35.0,124.0,0.9151739551889144,1.1550979380357378,1.6437932195123963,1.5317807932333827,1.6776692328683926,0.5280955639920554,0.2665336539225527,2.6429488844340603,0.7092963672420511,66.43169978934009,0.3446875842380288
5813020455,EM,projection,True,742.1611682516987,1461,102,107,13.743645499572597,172.56194750094178,44.3361984873288,56221.00101757202,12261.87773226246,3440.0,430,0.0611870997978997,0.21574452565456356,0.013200781822076313,16.739395653504367,4.300839084165112,48.0,161.0,0.9323632766981139,1.131343244286126,1.4962926779268118,1.6808394233554373,2.3711219432961617,0.241989319086621,0.08768207537763233,3.897500355839038,0.34864422974995785,87.3688993265488,0.36008664115481703
5813020585,EM,projection,True,672.2404654590881,1288,78,81,11.602990895041113,147.18973051234283,40.101941504394105,52199.03824315505,12027.05695765424,3112.0,389,0.0596179566662434,0.21601557373364014,0.012878407114085864,16.763289762053752,4.567169619233159,47.0,190.0,0.9336673131376224,1.2178269301795075,1.556112188562704,1.6538080892426361,2.248295871100629,0.25108292881854544,0.11565933675902865,4.479684676996115,0.300481512442667,84.0765689993679,0.31527539599498344
5813020673,EM,projection,False,5307.458961705223,8658,443,459,8.346743765639394,335.51447217887744,80.418375942295,1449702.9985721842,82690.67202158803,25048.0,3131,0.017278021791132275,0.21189152673687414,0.0036610664163159983,65.9980868739956,15.818867446276908,30.0,99.0,0.8977433967701663,1.1002195194247975,1.5721146213581823,1.63501640034562,2.0413303698866243,0.41593575523671034,0.20914181004500562,2.8034784741931458,0.1922606810603102,156.96417245378427,0.3831241001964436
5813022201,EM,projection,True,1893.1812625511052,3222,184,188,9.719090487513899,152.8025598444762,43.743955915648435,247458.26141658082,26006.24506391419,8984.0,1123,0.03630511242005369,0.2107281013525273,0.0076505074096679705,43.2786935457262,12.389722164851177,33.0,118.0,0.8946981392018456,1.1110218676943107,1.7148381001368707,1.5996312948374036,1.8398262998553014,0.4923969450358769,0.24907285534911272,2.4199325653697015,0.687394783623004,68.13546161856857,0.3678641991794388
5813022925,EM,projection,True,2956.435784345327,6552,956,987,32.33623422710994,186.6870812741209,50.73292331649319,429006.3158846548,36618.8968412622,11608.0,1451,0.027057876702964428,0.254689505887778,0.00689135724785043,58.27450087789825,15.836316922241993,70.0,296.0,1.1979075301237143,1.559301574021797,2.1997290062093207,2.0423426746714903,2.7996550988118627,0.5296024857823247,0.28745174208646374,1.9980704626314323,0.7992960884391923,71.9364525738474,0.3405548949709586
5813026366,EM,projection,True,2025.7379891451112,8529,610,619,30.112482624538636,114.02022661599187,24.990653386345457,106126.75777694043,13583.825894551232,8272.0,1034,0.07794452759393887,0.24489095613456374,0.019087909887936575,81.05982496047687,17.766479240280617,159.0,631.0,1.2660862432156945,1.8756833232825103,2.877468734581124,1.9894214471674978,2.240860607461406,0.5526877388275556,0.3462585302425927,1.8341787095344027,0.7081218295331098,34.00964834346851,0.2936737923504956
5813034306,EM,projection,True,2030.2696508733025,3339,160,168,7.880726578914157,190.87486327324464,43.471588687694116,408004.4703878561,33685.789105806056,9608.0,1201,0.023548761587995515,0.2113103300242821,0.00497609658282247,46.70336907765298,10.636652810416917,28.0,89.0,0.8530544751568497,0.9913426029654797,1.3792592736911022,1.5314600547706947,1.660073304066478,0.5608167471992943,0.3309297929215197,3.1693176078221157,0.14922766033136964,94.29302121627737,0.3393518901535507
5813049380,EM,projection,False,7939.504506242236,23176,1666,1711,20.98367723943162,326.0955117638247,62.75925346783208,1330615.6772455429,79593.88961608552,33560.0,4195,0.025221407333386667,0.23657641556144923,0.005966790142347867,126.50731274730208,24.347175044814595,110.0,492.5,1.1682614046854378,1.7978950421744193,2.989271274940601,2.094499115538867,2.4603360725882353,0.45883536384011986,0.3115176304498729,1.7562704499617334,0.5770068966423267,84.06291361558712,0.21313023489520644
5813057274,EM,projection,True,9597.504909233132,23605,2563,2590,26.704857400326052,187.73641964879414,44.662463624014116,758091.706936607,49813.20193576426,39448.0,4931,0.052035920771916204,0.24329509504241362,0.012660084289822857,214.88973358094705,51.122232581123896,107.5,607.0,1.2621652957960459,2.1655020102060316,3.9463424791254655,2.648407468934019,3.7286343858714575,0.5947921897385987,0.35360548851808454,1.9111340431613488,0.8925040559336265,61.091828699921706,0.30128985801245817
5813058048,EM,projection,True,9514.110633877583,25810,2202,2247,23.14457004692776,313.51870459919564,49.81295549717457,1320549.245532041,74988.3141896968,39128.0,4891,0.029630095304954397,0.2431535124176442,0.007204661746669211,190.9967103722089,30.346229728272462,142.5,805.0,1.3280444770906732,2.1901727978539554,3.670567374181166,2.651163778066003,3.1851726260052167,0.5335786891686212,0.41371663856341473,1.7565470907328575,0.11960819985129607,76.93950859177022,0.2242279888550233
5813058316,EM,projection,True,1827.9421835036703,2945,157,161,8.588893096119348,117.47197333788684,37.30038757134157,231560.08656752267,20622.139097955827,8592.0,1074,0.03710484016205695,0.21274932303348118,0.007894029625743142,49.005983651175384,15.560666357803711,32.0,108.0,0.8908100309472078,1.0677232380278447,1.655744731434484,1.5166924461634175,1.602052746278414,0.4794933070896005,0.4324049512029293,2.4188832764975876,0.9727215560679499,57.49668902469148,0.4021654981136651
5813068729,EM,projection,True,2973.6955666227122,4604,281,301,9.449521435684067,215.19725304080936,43.24373832591536,425398.7563849419,39674.3034369951,13192.0,1649,0.031010904009466832,0.22541658327946576,0.006990372026221499,68.76592269176273,13.818464337269164,53.0,283.0,1.15618023585642,1.9563786622517845,2.733176072263522,2.157449095676061,2.4495021141867483,0.5204963352455013,0.34975461852817563,4.510669219982619,0.07758980773197006,126.9854854271259,0.2276484128611651
5813077405,EM,projection,True,1988.6206140161125,6276,763,772,38.36830386963986,203.06213136124595,46.78753763977788,220268.4486879623,27996.666076266014,7416.0,927,0.03366800848770533,0.268152725730328,0.009028168245890002,42.50321163141154,9.793163307630078,127.0,432.0,1.2618151104163151,1.7629615372483267,2.1805050592281936,1.9450027251609001,2.065026598147573,0.49457151544697375,0.16683453803649698,3.1274586849266397,0.10845373173780444,107.1946838338204,0.3972961683497492
5813087817,EM,projection,True,3161.4557231236477,10371,603,609,19.073491859762985,208.0653965378383,59.26456113979896,505579.2239375354,40128.27344098022,14456.0,1807,0.02859294709029825,0.21869505555642277,0.006253136152434632,53.34479260997312,15.194529103491327,78.0,259.0,0.9781731816595445,1.2310964653908285,1.7485927672144068,1.6386062080493333,1.7304081681027081,0.4521002835052938,0.26044529651934456,3.9153199228367486,0.24150620828044714,125.80502598761254,0.35015240149478205
5813089803,EM,projection,True,2035.2664002130423,3269,190,199,9.335387248574028,117.97690168722255,39.449427410095495,242191.78374563452,21792.399698798887,9488.0,1186,0.03917556513793594,0.21450952784707444,0.008403531980880948,51.59178558044667,17.251397274433348,34.0,110.5,0.9405112755143449,1.1778162038269921,1.766724305740488,1.5582641183773849,1.6269115908977156,0.4471472500347452,0.3821657713439402,2.564212748593526,0.9896906559909492,62.21345940536363,0.38215744978942995
5901203987,EM,projection,True,5506.6483791224255,14740,1469,1503,26.67684404127705,186.7089676677738,41.51489550583241,389528.94837625924,32068.95974067011,21776.0,2722,0.055903418964810346,0.2528769461389799,0.01413668586654917,132.64271322443287,29.493218498860994,114.0,482.0,1.3086141585366982,2.137674060218333,3.6613353584590596,2.2637734022231215,2.587710704474824,0.522423564855317,0.33386803688342603,3.5292643419618797,0.06929051517058706,110.60385680215678,0.4131231056096424
604864392,EM,projection,True,1801.8906256649964,3247,150,155,8.324589620673661,168.13427186169642,41.43262993477286,269289.63739224075,26928.680669484642,8704.0,1088,0.03232207553282849,0.20701868401482035,0.0066912735414337765,43.48965123627686,10.716974033391551,33.0,109.0,0.8295997355732028,0.9792883835135849,1.5427145767679764,1.5180850023898655,1.6395729077934453,0.6333640985989083,0.25566780234708414,2.144633972455463,0.8637622898829933,60.68923922931617,0.29943312802495153
608922563,EM,projection,True,9403.6812347659,25549,1818,1833,19.33285438556508,252.36363916309855,67.3988318951713,1600791.6797613073,81922.21866083688,40328.0,5041,0.025192534737570146,0.23317995523621057,0.005874394122393286,139.5229111595273,37.26242522873294,95.0,418.0,1.1707770461610931,1.8747370882707137,3.0771208228946008,2.09862611443749,2.2251966954013014,0.39903823418436246,0.28655998125389776,3.0154772735910917,0.35953478531550903,121.80712823385196,0.2751491972314638
609587511,EM,projection,True,1506.151679947452,2554,117,121,7.76814191808902,195.4906081380655,50.552911437810614,426418.9190885223,39241.69101208432,7192.0,899,0.016866043409549048,0.20942042268457342,0.0035320939398441253,29.793569492041936,7.7044707891221575,30.0,90.0,0.8596756164083631,0.9857013612221545,1.2895134246125446,1.4250602697913435,1.4566263829279034,0.5842155952807437,0.23925425108594883,3.3078495356215636,0.12923260390140237,115.14968977727622,0.3992179979476467
612414168,EM,projection,True,3435.271716084625,11342,785,796,22.851176409844786,165.75667426639305,43.05657691026593,572039.0471519049,40960.67431521134,15048.0,1881,0.026305896555351763,0.22828759410450725,0.0060053098353832985,79.78506334221746,20.724786686801437,107.0,404.0,1.1010486269502002,1.5729266099288577,2.2365050234925943,1.8566731858494094,1.981125557142229,0.9241168188229996,0.47238093541300963,1.50774456685681,0.47871343637531677,53.046362328626195,0.3046596759265217
613079053,EM,projection,True,10197.5511483911,17802,1241,1289,12.16958838393075,211.76217970636756,54.46931500853069,803699.710857333,52569.18520094956,45512.0,5689,0.05662811543312719,0.22406290974668439,0.012688260317417602,187.21643822386997,48.15567710216795,67.0,382.0,1.179725954233121,2.216858945302413,4.306398289016512,2.652946855732265,3.0467735728685685,0.4068940173191838,0.24319734561311063,4.0990640977048125,0.23257608492891213,118.13209994527593,0.34768985160732707
613719036,EM,projection,True,1720.8400915717725,3104,162,167,9.414006611853937,153.19745524361448,33.355928106695025,148427.76710758114,18187.29926939202,8064.0,1008,0.05432945706280938,0.21339782881594402,0.011593788177952577,51.59023265871516,11.232824258309604,37.0,153.0,0.9076160820526227,1.2017039745612936,2.240677202567412,1.5940456201725988,1.828735485198483,0.4577368411376892,0.29007307924090514,2.657789250154291,0.29316218316877535,59.255637447884546,0.3888145079756154
636667489,EM,projection,True,2069.4678194474,3692,183,192,8.842853137424752,271.73012882736367,69.29821746834212,1003943.5307687238,64589.40389683015,9688.0,1211,0.009649945144406535,0.21361145948053262,0.002061338866203759,29.863218637518436,7.6158938590213525,31.0,92.5,0.8904766865092082,0.9987779051387066,1.2557450360724514,1.470058997514343,1.5630421597034743,0.3964521067327831,0.31663424099265547,4.308334861135878,0.14105743072744395,172.06011666971912,0.34190121381223165
642664141,EM,projection,True,2554.458680377174,4212,218,233,8.53409771998393,277.986820408342,49.08845138150906,655795.2732712734,49547.03707221455,12088.0,1511,0.018432581771597692,0.21132186303583506,0.003895207520534397,52.03787466270332,9.18913593322469,35.0,134.0,0.9162333860750266,1.195907621899426,1.6805649213007723,1.5679117328838912,1.7271525898425788,0.726295247258596,0.3256241205866384,2.0515050407290722,0.25676758934021476,77.5990918814223,0.21287266232747945
643830129,EM,projection,True,2520.5805834399266,8598,570,580,22.61383761125782,131.8842522888259,43.19906737727144,303332.70583927695,25191.837093692415,11232.0,1404,0.03702864802831831,0.22441066448005045,0.008309623508832822,58.348032410674065,19.112066374079802,83.0,268.0,0.9923545604094199,1.318295284225903,1.9448924254937705,1.6948282567648996,1.8278321852356247,0.47069823419219115,0.3665922634599743,2.5180445782127423,0.5862014216159481,69.11176177112974,0.41436011717263027
644417074,EM,projection,True,1997.8805755225105,6244,500,506,25.02652091050206,142.80311139126434,40.33842112881495,233033.97488232364,23117.425438253227,8656.0,1082,0.0371447983255277,0.23080875410380206,0.00857334462295204,49.52798150285967,13.99045550239129,81.0,267.0,1.078769209245416,1.2872941852593496,1.9210390149254908,1.7752942435066263,2.070342565308301,0.48111006006096,0.3408069051017603,2.4108780117835775,0.4997069873909018,64.24596430402202,0.3063194499924093
673085197,EM,projection,True,2517.861555799824,9594,618,628,24.54463783270586,147.6432085385358,32.90101267021395,214632.45299836353,21622.01312439209,11272.0,1409,0.05251768706238447,0.22337309756918242,0.011731038436293795,76.5283908139187,17.05369031683328,95.0,350.0,1.0268603408645287,1.4241298392532942,2.4588491755857658,1.7527615897418525,1.9701577118934461,0.4497729229238226,0.42452688188518545,2.44190961166216,0.30208026098877944,55.94326095479583,0.36118464970785313
673509195,EM,projection,True,19781.358280300767,55432,7078,7249,35.78116274780086,108.02385252526865,35.67008707920318,449533.3647241511,37363.817230953726,46984.0,5873,0.10451726987791211,0.42102329048826764,0.04400420487684886,554.5643394807954,183.12028147370106,762.5,4694.0,3.4200135339385835,6.664878126785973,10.477414343379643,6.386790502399941,7.115596503705312,0.5910141923807024,0.28465115275860964,2.92415979078255,0.2532349704837467,67.46862921159207,0.08795559510456337
673518025,EM,projection,True,1704.6386250219116,2484,108,111,6.335653693087692,185.68123277688952,63.242912090271325,488943.53646753466,37224.687641100565,8112.0,1014,0.016590872759269265,0.21013789756187273,0.00348637112034939,26.953828795687865,9.18045727900874,26.0,82.0,0.8274944781659765,0.9598190456204457,1.253410753692582,1.3969440514405758,1.454469816571597,0.46393583032628477,0.30452710223453827,4.320407297962483,0.14254687477809766,156.75603424578793,0.23513265674358075
674807824,EM,projection,True,3786.934630409428,13396,860,871,22.709660554848824,187.67011027129075,43.80624515906766,576754.2728836638,42538.93166300347,16176.0,2022,0.02804660625940926,0.23410822393727918,0.006565941178858479,86.44736878630998,20.178677493902143,121.0,480.0,1.1392703460918856,1.6155864464204044,2.5449829505439703,1.880777115334442,2.018621871220377,0.7215105789463873,0.41381090075466265,1.8126145016479598,0.14274681143483473,68.10948533744013,0.3392504987572387
676573560,EM,projection,True,1936.0043163121086,3320,140,149,7.23138883629587,139.4325600180396,32.886363938145365,235345.80600463165,22054.08435296486,9408.0,1176,0.0399752184231184,0.20578277171684828,0.008226211247095721,58.8695156434278,13.884879658392782,29.0,95.0,0.8491247001368897,1.0210993229494243,1.6133369302600904,1.4686477771950968,1.5587796427633724,0.7254878383370714,0.5740409047287424,1.6878994264582918,0.32330806745879004,44.935006751505554,0.3719383954776483
700486220,EM,projection,True,1552.7792471869438,2323,138,143,8.887290337631988,139.83942707890887,36.69044321517736,276581.0671750612,25545.608876758604,7056.0,882,0.025511507609933128,0.2200650860525714,0.005614192117510765,42.321081761820246,11.104016082036281,30.0,95.0,0.9264792644313508,1.2055739496793043,1.5653016604707095,1.5331607007784884,1.6431526425258665,0.6352851689820308,0.5365889222736423,2.118756666650352,0.3592977762163161,56.8030150653553,0.33837707920238935
702389193,EM,projection,True,1203.463810042681,3582,150,152,12.46402249475871,217.2789433313426,57.236279461068946,513802.6049121829,41378.19871567488,5632.0,704,0.01096140803132479,0.2136832049081465,0.0023422687984393778,21.0262410725221,5.538796312201509,57.0,141.0,0.9285986188600933,1.023353579968266,1.3195875110117117,1.4813793727513842,1.6285031259034926,0.45313269479553764,0.3480703546459792,2.658761618188591,0.3115369722255474,100.77575135348152,0.32171953581110435
736174181,EM,projection,True,3771.060815255889,10318,680,691,18.032061356556458,184.46399345629786,53.53217191155646,684909.6920075292,50181.94349672787,16440.0,2055,0.024003164492844228,0.2293832612686064,0.005505924152135423,70.4447565005633,20.443343682404375,69.0,229.0,1.0040098017188201,1.2950071480961156,2.049489573508635,1.6712661186122082,1.7679610010576132,0.6967547532783294,0.376896272533674,2.193413846861223,0.39657042811283305,83.48305474058533,0.33035681880974943
737832306,EM,projection,True,4152.710033727147,12605,1130,1148,27.211146235168282,145.3765136975843,45.047702855953276,428810.9397787952,32667.57600922979,17512.0,2189,0.04083851034452077,0.23713510928090148,0.009684244613417159,92.18472353642657,28.565205810105706,90.0,394.5,1.112730448479943,1.6798988809575837,2.732046074820491,1.96541411143059,2.3879873684457427,0.5279478903604341,0.3580354873727384,2.8447455500883048,0.21391402603214546,86.89806572576222,0.3500943285599103
760686202,EM,projection,True,2200.3506006949037,3628,171,178,7.771488777560977,273.8224862564377,74.64539314278554,454730.6356193361,41042.848791038756,10224.0,1278,0.022483640201797862,0.2152142606313482,0.004838800002331183,29.477379755853924,8.035682645267679,31.0,120.0,0.900307119760599,1.1605224687209408,1.545190028577882,1.5856187755240319,1.9716403232033188,0.22687604322049956,0.19169853702482764,4.187861374601147,0.6902152657457444,136.5976534490807,0.3185464477622468
768555687,EM,projection,False,2404.407253339971,9510,547,555,22.749889780117755,124.62318957551734,32.162722733559846,229827.07468341303,22621.0093111148,10544.0,1318,0.0458779715772146,0.22803558927731135,0.010461810283457872,74.75757799668862,19.29341771406824,115.0,406.0,1.0620173380476903,1.5179338720580624,2.463532021864724,1.7407513958369687,1.9022209282752933,0.48751462046309907,0.37514175316595294,2.2958575969979904,0.83221501427027,48.61867713566267,0.2833255789373342
799586652,EM,projection,True,6311.6562234553485,10696,698,736,11.05890395940919,234.92478012473296,40.8848760490268,478001.2305363833,38055.909790598904,28336.0,3542,0.05928018212045835,0.222743373216239,0.013204267730383874,154.37630814599441,26.866711209026924,65.0,369.0,1.1899804342864533,2.1151662947236423,3.4909603005837107,2.3816750266990536,2.7927682404669683,0.43065945390045923,0.40207546121050547,2.4942446041424993,0.3064697106309335,70.08703103285524,0.3022298314938111
829261936,EM,projection,True,2286.2111584296185,3694,208,214,9.098022255427782,168.50058458985717,55.837996102431134,402830.98778871755,32865.71589089711,10848.0,1356,0.02692940793742936,0.21074955369004594,0.005675360703950419,40.9436462267685,13.567971671994046,29.0,100.0,0.8517925329469518,1.0907495984874134,1.5531325804549039,1.5391713792214883,1.647126194834019,0.4495303213653494,0.2700100156505247,3.874024208828507,0.2637088746752202,115.98667975163002,0.37020793149049575
832357089,EM,projection,True,3425.6033907462893,12414,788,798,23.00324673103296,176.6284574848159,47.39753883214343,446833.7683610911,34074.74309438498,15312.0,1914,0.034267777156059095,0.22372017964644,0.007666393261437714,72.27386643171351,19.394402462246358,100.0,331.0,1.0612154246425927,1.4273347461442871,2.2536864412804536,1.7882635245596987,1.9234157163089778,0.43942778475774213,0.36876085812058035,2.6358279771632342,0.8108126637835257,75.77972840416446,0.38790952227518954
860983686,EM,projection,True,2402.4213510441555,8094,686,691,28.554524779837074,167.0948934063096,46.63246794577852,311630.7795822448,28096.76667863113,10296.0,1287,0.03303909842860277,0.23333540705557065,0.007709191480587092,51.518211599642314,14.377586903283776,87.0,312.0,1.0821717797496195,1.4437628311563435,2.3833545149247573,1.861505994234735,2.2494581938615688,0.4269245302429582,0.3679470121963261,2.364030508621898,0.47075498065604043,74.05131415782371,0.377506280249661
862705904,EM,projection,True,2379.3261021799894,8151,472,475,19.83754978216494,188.81108509489334,55.71383125736305,353108.4221317163,30644.41065188354,10760.0,1345,0.030472227014699503,0.221126961169144,0.006738230959816798,42.706201467082586,12.601622944882601,86.0,274.5,0.9703613793556237,1.2875141245562713,1.7916612215210763,1.6608053853089704,1.767701413209502,0.42209106214328657,0.26882072660795414,4.460137468389229,0.192125581518638,129.37187127836472,0.3731486940252231
894551935,EM,projection,True,2147.275474871726,5878,332,338,15.461453543580989,228.00004576693138,56.658095796554875,922762.8989686196,59767.30337279807,9880.0,1235,0.010706975769228438,0.21733557437972936,0.002327006728675107,37.898828837842665,9.417872999318329,62.5,184.0,0.9637681664594822,1.1720935998208113,1.4587469258639445,1.5195762852563544,1.6828177702756475,0.7141546147754415,0.3926398555950808,1.9936242406436406,0.21314076763697248,89.98714540378337,0.4127215008664139
919763043,EM,projection,True,19052.00692230064,50161,3985,4056,20.9164316192616,229.55298831072693,65.91835913842836,1832259.2910089586,87890.27248714173,77632.0,9704,0.04236954910309167,0.24541435132806882,0.010398095409198003,289.0242896109031,82.99611807497583,112.5,544.0,1.2914863694618113,2.0799134194651354,3.7095029054323674,2.574144292232214,3.361921108576079,0.573192186340405,0.468295875651365,1.8351856575049417,0.8903239754719425,89.3008655439921,0.134796899875045
922810839,EM,projection,True,1298.1689563120367,2070,113,118,8.704568034119479,107.98574542765863,36.2273182218956,194364.91247704418,19782.593334195877,6016.0,752,0.030952088642596593,0.21578606321676141,0.006679029356522152,35.83397888744164,12.021669630291164,28.0,83.0,0.8585773520582254,1.0141944971187786,1.352259329491705,1.4463928865139426,1.5928453451681432,0.7310405978428859,0.3375313952281727,2.006149567285009,0.8703367942138163,51.373702647313216,0.3443105959183088
946641153,EM,projection,True,1366.6147875658712,2359,125,127,9.146688674622217,134.42184294322027,41.39794519759913,231548.01524380382,22087.985179202482,6384.0,798,0.027570955394621267,0.21406873238813773,0.005902079472056462,33.01165748789696,10.166612491268467,38.0,138.0,0.9184239163749135,1.154235462471175,1.5817300782012398,1.5679607514421792,1.668638324256253,0.514030997460546,0.3651670972089085,2.6760808111766066,0.8731403527852653,66.41841433022971,0.24818327855940187
946645313,EM,projection,True,3350.6101321504534,5903,965,994,28.80072470206057,269.3022943288727,72.74799168575353,537324.0341617501,47006.56145986832,13168.0,1646,0.0245066275893329,0.25445095171251925,0.006235734713370038,46.05776811851995,12.4418179967627,64.0,202.0,1.2139891783153818,1.6170898321189446,2.3012432226308057,2.041244500621111,2.5287623638871346,0.39251583036419224,0.18399686140694743,3.053303364988051,0.9497659244919414,121.73805307329557,0.2775204025206645
946990515,EM,projection,True,2503.593196439576,4405,208,214,8.308059004785687,184.23060100080127,56.1246197829069,368742.9581816234,32276.59524701799,12024.0,1503,0.032608080325909866,0.20821633370255954,0.006789534934539515,44.60775335536546,13.589453558959443,34.0,127.0,0.8915930186750627,1.194462402881477,1.8408773503232176,1.5668314810741908,1.8995396027614384,0.40749624488505204,0.1940237482961946,2.5356699178962434,0.7930546466051593,88.49778200874294,0.4827991648662023
948035783,EM,projection,True,2222.8760415703177,8788,569,579,25.59746874585226,152.10388901025848,43.516068212603365,270479.00732375233,26803.903742982802,9576.0,1197,0.03540385664214568,0.23212991244468648,0.00821829414254551,51.08172987297865,14.614195968522528,106.0,346.0,1.0485264347029801,1.2745848862215126,1.6942652755871324,1.7815531889544858,2.1271541067658544,0.425130082347971,0.2996930313819784,2.435945138531583,0.6990364559886348,67.90432638949417,0.3515858301334049
955464899,EM,projection,True,2107.693724264772,3444,163,172,7.733571444630049,173.55643548213698,56.99302639601196,484729.27055075986,37307.751956847744,10184.0,1273,0.021009665845903466,0.2069612847864073,0.004348187436401282,36.98160735700563,12.144140425617943,29.0,98.0,0.8324224819371137,1.0331831981690058,1.3866406080689289,1.5012804792046308,1.5847321235073473,0.5179008993609995,0.30926679926040546,3.654848608561834,0.2365197964390464,118.95430532826934,0.31976632870075644
956138930,EM,projection,True,1698.6418180696853,2855,142,148,8.35961993219777,135.40004427918637,35.417564068759724,247146.15507743804,22448.43771906924,8080.0,1010,0.03269320535238876,0.21022794778090165,0.006873025467612278,47.960436092441,12.545356444398147,29.0,107.0,0.8442553767741975,0.9921973236388348,1.516644480419362,1.5309924836836835,1.5904885936982072,0.556593762870786,0.4637695858191757,3.375508032614484,0.11687384515790977,83.14383280531952,0.41641962942572264
977343309,EM,projection,True,2621.1405296048624,9358,758,774,28.918708914636817,147.64623108933543,44.62875065879882,294958.17523369286,27308.31235016347,11200.0,1400,0.03797148524914197,0.23403040442900558,0.008886482049626714,58.73210634203781,17.752844148245845,98.0,398.0,1.0672396293179407,1.4061912712472437,2.2138011229770798,1.8541777952844336,2.313451482440302,0.3901653331882685,0.3113561742603043,2.422383002470829,0.9310987090867396,68.85551714651139,0.3911118781114185
981362334,EM,projection,True,2568.04128091701,5969,360,370,14.018466240209706,289.18011013552837,71.30354033644119,859342.4528799632,56022.33927894822,12128.0,1516,0.014113116324411467,0.21174482857165322,0.0029883793967243064,36.0156209467282,8.880421546673666,51.0,174.5,0.8782630919688817,1.1263338951390396,1.6212381823971025,1.5569300465939737,1.8785964015486543,0.3710372608581108,0.2623873734094952,3.006171282122245,0.7110366220525541,119.9225812009576,0.31571566220794184
983759126,EM,projection,True,2173.3678034032578,6619,396,401,18.220569909055754,177.46256915224544,61.08849321089917,447541.130693104,35466.33437296317,9968.0,1246,0.022272813192750852,0.2180344907105997,0.004856241481173758,35.57736799793081,12.24690825668551,74.0,222.0,0.9498985154734518,1.1863361372288526,1.6769813297864644,1.608511176434143,1.7513036288503285,0.4254442447657415,0.2927779030196151,3.790032066569324,0.36407260679870657,118.60573965558582,0.2745915647710775
986828383,EM,projection,True,1876.3538693936134,3023,156,168,8.313996764928726,180.67777015944773,53.17572636375398,274922.7357075232,28844.373858442614,8616.0,1077,0.03133971433037877,0.21777551873184928,0.0068250225452062075,35.2859095249254,10.385084273166175,38.0,152.0,0.9363043260447172,1.3176642341247284,1.8323768255797006,1.6737554847185523,1.9010677501455049,0.39739593701325915,0.208147715538062,4.709970207329578,0.17639514106760165,128.01735925692034,0.3227584763087404
Cha-F-000009,FC,projection,True,3058.018268338639,692,170,181,5.559155802308456,246.7337019037174,68.80308396618327,452088.44356478925,41669.06838582385,13952.0,1744,0.030861217973160875,0.21918135524216162,0.006764203579781156,44.4459476531845,12.394003108387544,22.0,97.0,0.9090422914205228,1.2657360382196352,1.9908973101163012,1.828377606241886,2.2501974012793515,0.28973983751353455,0.156827560413066,4.5276732593660265,0.7511683049734555,126.94961902189561,0.24880798559693942
Cha-F-400112,FC,projection,True,1777.5629716368228,416,44,46,2.475299086562528,138.96391565274453,42.986638718372106,301912.80203364923,25882.19811061106,8016.0,1002,0.02655071247726219,0.22175186771916452,0.005887670081107416,41.351522813462225,12.791543497369174,16.0,49.0,0.8713543978611876,1.0008800515973102,1.4243293041961722,1.5595953154474962,1.8175490507533976,0.6554041320672392,0.36636839434186236,2.6966427672761926,0.19628925112820075,82.02079714326297,0.46064920420666866
Cha-F-400201,FC,projection,True,2123.2464928182726,531,108,112,5.086550259958143,199.73808749812417,49.297620494877435,532684.6281169378,40718.93070152898,9648.0,1206,0.018112030065718394,0.2200711538990747,0.003985935356017381,43.069958985929176,10.630153314340776,17.0,52.5,0.8319931398190723,0.9512753104024518,1.3010088804033533,1.5266715667009028,1.5762780199096307,0.6758591809369577,0.4203911392395209,2.9491036853484003,0.1096319219421185,109.14191495455087,0.34763342533467223
Cha-F-800086,FC,projection,True,1445.5784161117917,307,34,37,2.351999699293425,392.33092035171774,106.71339096632161,1523192.2877681183,101227.83890505844,6416.0,802,0.004212206201097004,0.2253083566259027,0.0009490452569386026,13.546363797660703,3.684589567439284,11.0,29.0,0.8543607660235176,0.8771713689998736,0.9820505544237715,1.4316340184995289,1.5661737986043247,0.3590915508996522,0.1354717689189563,3.9181936607225953,0.29009145134678066,218.08434129164075,0.30782951273589554
E0585-F-200015,FC,projection,True,1965.3870235784457,474,67,73,3.4089977798882005,379.9945244754649,93.35970733014227,1825392.3797141055,108155.23837483309,9016.0,1127,0.004939212029258112,0.21798880030816833,0.0010766929047256494,21.051769331585056,5.172145641549487,14.0,50.0,0.8342050184967936,0.9448976074896374,1.0681451215100248,1.4570421075606834,1.6269760128960642,0.35804414864806866,0.3251152509008015,3.8138587458270936,0.17562468545915522,210.97433536672446,0.25927201194527705
E0585-F-300042,FC,projection,True,2220.5201355276954,545,90,93,4.0531044308054405,375.18061420160404,85.44651558473836,1329886.1661626378,91211.88240978855,10160.0,1270,0.007639751625747408,0.2185551314495763,0.0016697069208073392,25.9872520293186,5.918536436785336,15.5,52.0,0.8527343070382855,0.9604325845708025,1.176122953139669,1.4682767761788382,1.6758642532284493,0.3558035611518099,0.3041608548070043,3.889737568871711,0.15700675867510103,199.53483531811557,0.27398701320836893
G0239-F-000001,FC,projection,True,2101.6226103058184,430,102,117,4.853392778504483,273.84697283580533,66.48618732796801,782229.2786692096,62321.16699252087,9088.0,1136,0.011618077011207284,0.23125248792977754,0.0026867092138014386,31.609913198041845,7.674441636299996,27.0,164.0,1.026182915188388,1.3682438869178506,1.7750190965420765,1.818464859854001,1.9036436687552702,0.47430814710664476,0.2760884607706325,4.5566339862515095,0.12063149776548844,175.0721125060568,0.2955416732584905
G0239-F-000003,FC,projection,True,2175.9190446195544,473,111,120,5.101292728443748,281.26293353424603,65.42832086513256,639650.0800762803,55204.645129297576,9640.0,1205,0.015070739925257884,0.22571774321779609,0.0034017334045515464,33.25653197037988,7.73624528933749,30.0,180.0,1.0481305609920781,1.3948199003971502,1.8132658705162954,1.8740885105289813,2.001765450431973,0.4260517091000958,0.2507611587753215,5.009756616222514,0.1120867777869827,181.13461407483055,0.2876162394141242
G0239-F-000005,FC,projection,True,2213.649262230988,481,116,126,5.24021587245901,288.5650003740794,64.91129539319346,627673.8904636379,54428.87825300868,9688.0,1211,0.015434766599649154,0.22849393705935053,0.0035267505879459995,34.10268195730861,7.6712326836634315,33.0,196.0,1.0766776567271341,1.4411779050982993,1.8952476560196814,1.9208684788783248,1.9960768820838484,0.3835321867651663,0.23865096919775333,5.335028373983468,0.11064611947727189,183.7201264622478,0.24917141530188552
G0239-F-000007,FC,projection,True,1734.282748298454,366,73,76,4.209232898823565,287.8294110184057,72.20589498810487,748908.0542901885,60821.77620695584,7688.0,961,0.010265612655597155,0.22558308380573022,0.0023157485600047377,24.01857561053925,6.025384070940382,20.0,75.0,0.9466608888091997,1.23173490646197,1.4848311201185393,1.676833481932235,1.7154132030647418,0.4503210206477558,0.2526085466480807,4.05314050785963,0.16325774676509672,169.47669136500608,0.30089880634863825
G0239-F-000008,FC,projection,True,1939.145920650827,430,95,102,4.8990640151575375,263.61198136966533,64.08352454064931,698756.4345781939,56348.57529997905,8560.0,1070,0.012250334417553186,0.2265357383937882,0.002775138552851248,30.259664001794917,7.356061399696193,21.0,101.5,0.9813491501269368,1.236700204496701,1.6159549338756891,1.6969007123237472,1.8345751377964306,0.4383516172075524,0.34184178020935946,4.288347566331087,0.12014224990929523,165.39132625876763,0.33708294241937126
G0239-F-000009,FC,projection,True,1493.6662447901335,347,66,67,4.418657797898705,289.1899773182325,78.60454709981722,777917.9179246746,61336.52138876642,6912.0,864,0.008885256195717664,0.2160975469893133,0.001920082068266185,19.002288034219927,5.165000041292796,19.0,60.0,0.9019723700423512,1.0792386161778422,1.3336305757054763,1.5638172990372985,1.678276679539476,0.4371155503689236,0.24849602345932173,4.022217225311428,0.1838520114250189,178.92730350815424,0.3427805336268571
G0239-F-000011,FC,projection,True,1697.3379090721028,374,73,77,4.300852506140482,261.3973353292521,66.58655493422236,662868.4115050888,55414.28740164691,7720.0,965,0.011646353734780035,0.2198624234549356,0.002560595556542179,25.490700198393217,6.493325216701853,19.0,76.0,0.8952204161772694,1.1225779821905442,1.4532002646165263,1.5994803432885039,1.75344825317366,0.44805465964571073,0.25239741982635155,4.486935179328079,0.13812820481094543,168.42208592355465,0.31082533755703884
G0239-F-000012,FC,projection,True,1862.663206296128,410,81,85,4.348612230391721,273.80471979972896,66.4165776055157,680921.9170143742,57986.0589201142,8240.0,1030,0.01210124067694836,0.22605135998739417,0.002735501912558951,28.045154891290867,6.802889328053037,20.0,92.0,0.9741962376025775,1.1759237413485657,1.531795399914579,1.6892421513368607,1.8084108798991534,0.478733721535767,0.26687920678072224,4.243331187649131,0.1324724024085892,166.6517245712404,0.26167363861166115
G0239-F-000013,FC,projection,True,2014.9301872167764,436,101,105,5.012580616478396,292.1420242725267,70.10434679046604,835853.0387987889,62494.205076024664,9320.0,1165,0.011150285477688574,0.21619422609622063,0.002410627339600809,28.74187235834569,6.897091208408739,24.0,122.5,0.9522354381931836,1.234638595108319,1.5357699597688845,1.7251963869774691,1.865676099274793,0.4172911252081595,0.2862177128371873,4.685651577716686,0.12539922024342617,184.38452579142952,0.2798873058885123
Gad1-F-001409,FC,projection,True,180.83068104570464,273,3,5,1.6590105078693782,104.94951743280019,32.06343592115146,7676.46965089083,3591.998682261125,816.0,102,0.10629886355446032,0.22160622677169686,0.023556490062423396,5.639778640392532,1.723025369425749,19.0,40.0,0.8219576411168392,0.7794425907142442,0.7534611710237693,1.2941221426779355,1.5588851814284883,0.17806661838702087,0.05905673723207928,3.9128566061201533,0.6311107516271333,58.29445979324701,0.37534256874257776
Gad1-F-101173,FC,projection,True,506.5015641646083,665,15,19,2.961491347956655,147.3149740854802,42.85107852202849,69245.48885704164,12699.217377807776,2336.0,292,0.03373504958312458,0.21682429972800013,0.007314578502150349,11.820042380128907,3.4382218597188117,22.0,58.0,0.8169380067171101,0.8917281059236062,1.0915981986306214,1.5033111168103155,1.9708232068661802,0.2351695651551921,0.14446252674671448,3.674051130573715,0.4760501581375268,79.2207052485702,0.41784434140374493
Gad1-F-200227,FC,projection,True,1589.7720890702717,372,64,67,4.025734282291268,152.17862360988354,42.61458168335402,307801.6006392315,26861.478575806585,7448.0,931,0.024197405031462657,0.2134495286077164,0.005164924697495689,37.30582411633208,10.446750347445125,16.0,51.0,0.8492372270674529,0.9553918804508844,1.3073783627222628,1.4795403375517602,1.63556799287065,0.4885576112295552,0.4065693891166091,2.2067977586732215,0.5801152069178039,64.41339201873748,0.3822178631780614
Gad1-F-300153,FC,projection,True,1289.3129541053142,307,43,45,3.3351095917467726,152.49904933951564,37.880328588787144,241972.61341671034,23737.843417644475,6160.0,770,0.02545742641292892,0.20930405099112245,0.005328342476034422,34.0364775633694,8.454563878853156,13.0,47.0,0.8038110686442109,0.885517138808595,1.1511722804511735,1.4903550334115485,1.7009405726983038,0.539945172122694,0.3811852391804307,2.5972597278825207,0.1703183349470774,72.55310508245577,0.3814417456168671
Gad1-F-300154,FC,projection,True,1189.5105584587259,295,48,51,4.035273134707994,153.9782643511128,40.02824969235997,244954.77719791792,24815.833147328973,5312.0,664,0.021685635449795796,0.22392894549298303,0.004856041478618024,29.716776716463897,7.7251848724980725,18.0,67.0,0.8957157819719321,1.0325612486620885,1.3767483315494513,1.5324527688771425,1.620586591905621,0.6410319667382507,0.36162257669095016,3.245285975370421,0.12895440632714608,90.38528272780616,0.3963866356435821
Gad1-F-300275,FC,projection,True,1150.0332873255961,255,35,38,3.0433901684178677,137.33632203536615,47.538262567155485,231711.2920166474,25405.355135271842,5448.0,681,0.02351201770351609,0.21109274730646038,0.004963216411753344,24.191739984207207,8.373846556262409,12.0,35.0,0.7749550453676524,0.8167850052028381,1.0416968182297066,1.3701109244515794,1.5333777164341282,0.6156097664714021,0.2269275100830948,2.511195155115984,0.6425210597297263,75.47327273858964,0.3987751346193752
Gad1-F-300309,FC,projection,True,1708.9382934827852,415,70,74,4.096110448630727,194.78769925033484,53.69715119683307,467353.574671545,38034.98181937749,7976.0,997,0.017066307892489137,0.21426006688600616,0.0036566282705418974,31.825492701064825,8.773337844534593,15.0,46.0,0.8106917900772226,0.8975516247283536,1.2276855556629205,1.457408852700451,1.5838167687514229,0.5739490535424145,0.3397255869812925,3.265945423546978,0.17568073969422832,114.26159822792096,0.3193304955759729
Gad1-F-301525,FC,projection,True,1310.2980549057759,1848,42,44,3.2053775736559604,229.40664133380795,71.41590029165087,578554.6658196892,43609.86602881509,6312.0,789,0.010909945719748428,0.20758841174045878,0.0022647783041371927,18.347427527409618,5.711683180955387,20.0,60.0,0.8088259598183801,0.8665992426625502,1.1534313863607182,1.3639004624280062,1.4558867276730842,0.3112392173960512,0.23067612147489855,3.3383020582492287,0.6905788317927744,124.06419295831567,0.29329908836931257
Gad1-F-301704,FC,projection,True,1864.4319100352147,2723,58,60,3.1108671594718906,243.25368009738554,71.85037471930826,872744.4564587799,55341.937668980434,8536.0,1067,0.009780640755525852,0.2184198582515481,0.0021362861674312714,25.948812616758534,7.66455787755728,21.0,66.0,0.8712298645024368,0.9435384160097241,1.213822858095843,1.4494153195433344,1.578689170224568,0.3185574114603628,0.25154118345802245,3.928147708264009,0.4656313791550311,135.4043594110003,0.3267780703594952
Gad1-F-400259,FC,projection,True,2408.498843121015,564,98,104,4.06892452034597,395.864886484454,88.4994247630401,1957509.5165233028,112265.20225673652,10816.0,1352,0.005525388208181027,0.22267925694536012,0.0012303893405324058,27.214853085992864,6.0841436695992455,15.0,55.0,0.8651217108911692,0.9680461588106973,1.176024825742683,1.511260992210539,1.7154550164679594,0.3847593782346513,0.29617974270525416,3.9896377630041124,0.14281736071706871,213.2812023982771,0.25460133294182785
Gad1-F-400718,FC,projection,True,1918.6657069185708,435,98,104,5.107716245024813,151.82547893462197,47.09213781014601,293283.82523910573,27459.81028555838,8672.0,1084,0.029568626885338706,0.22124835181256583,0.00654200996374191,40.74280328180798,12.637310419714026,19.0,64.0,0.8882711606104494,1.0337638507104367,1.410783608028361,1.535536963818017,1.5713887853550947,0.4213730273258059,0.2617378290875451,3.1711359170169104,0.6004009380538647,81.50207588377651,0.3621448620802812
Gad1-F-400957,FC,projection,True,601.0344281599564,881,25,27,4.159495501203905,173.59380862349065,45.28503370656501,53498.37238846955,11666.3445579096,2912.0,364,0.05443156249418198,0.20639918549449052,0.01123463016399162,13.272253081547866,3.4623033674175905,23.0,83.0,0.8347700391110505,1.0017240469332607,1.3912833985184176,1.5418201636840019,1.9967921201327454,0.19361071105153757,0.11543332327364685,4.510754642688305,0.285383672798517,96.13901846880762,0.3643392030218785
Gad1-F-402516,FC,projection,True,2380.853319308235,3436,110,112,4.620192227212085,208.40434886327162,51.004016153290074,371855.6476165327,32178.704987676836,10912.0,1364,0.02934472037722751,0.21818670448205965,0.006402627833054813,46.67972247818087,11.424201713133384,28.0,105.0,0.8937137084490371,1.11463170379599,1.6533703606307186,1.6114035331258023,1.82720899409688,0.3916087839782436,0.31781475538834014,4.217138271513771,0.14791170228958037,124.25992472205404,0.3824519249825762
Gad1-F-500136,FC,projection,True,1092.19024342707,265,45,48,4.120161324532545,150.75065188997436,45.461770408743064,238202.3948596034,24614.37664914173,5064.0,633,0.021259232103794438,0.2156773782438922,0.0045851354436247695,24.024366706515757,7.245011744454724,15.0,45.0,0.8299317959172265,0.8274168510811137,0.9893027567274185,1.4538865451364538,1.5692388554986638,0.4486563283474851,0.2980329853279672,2.705931011709026,0.7275825605449459,73.71408918741757,0.3442950464391082
Gad1-F-500365,FC,projection,True,1690.4307820456054,393,77,82,4.555051932195745,146.07085020241277,32.55292533014443,227147.5640721747,21745.057186692462,7680.0,960,0.03381062011987823,0.22010817474552152,0.007441993881600605,51.92869042955855,11.572677092678983,17.0,63.0,0.8418479990266959,1.0110231950033526,1.488055265885216,1.564253212825826,1.6654490463503502,0.48294095325310277,0.4026154212698279,1.9869630932437992,0.6364715556091437,46.458943954747596,0.3791599487496106
Gad1-F-500524,FC,projection,True,1707.4191831389055,405,79,80,4.626866136924094,207.2917458268672,46.82389200306054,410138.8791022501,34377.75941021469,7872.0,984,0.0191934985954781,0.21689776208573494,0.004163026891954897,36.46470017971389,8.23679291391064,16.0,46.0,0.8224562539204747,0.9005375438496337,1.100141226249295,1.490773465761613,1.6464987301243061,0.541718930405651,0.42575655383136407,3.1212406098863137,0.13783819082359536,102.39477283196506,0.3952887761357187
Gad1-F-500559,FC,projection,True,1674.9083090558806,394,88,94,5.254018952810868,180.5488532591107,50.76748334779243,295128.44167920336,28321.325320050284,7432.0,929,0.02518225609742616,0.2253644118751185,0.005675184335085064,32.991753748784404,9.276759607285753,18.0,59.0,0.8778345435303357,1.0468176931599253,1.2766069428779578,1.57296971474324,1.7446961552665423,0.36159287155827735,0.31686589302629653,2.606001591276353,0.48085902161409905,83.8560506972579,0.4002415983196901
Gad1-F-502126,FC,projection,True,1335.26777288916,1628,38,41,2.845871125742684,166.27060303261683,42.992740697667514,252745.04124650665,24713.05380852483,6144.0,768,0.02430908226605977,0.2173287390770117,0.005283062197002117,31.057982143520388,8.030690624410763,20.0,61.0,0.8761599559640157,0.9376880427592416,1.324670409612262,1.543244753877481,1.7899031808165682,0.3521078214856216,0.28473151668875096,3.82462010581233,0.1827224313035305,96.37875921344727,0.37204354882320734
Gad1-F-600109,FC,projection,True,1494.5883428308225,361,69,73,4.616655839112907,144.55229620994837,38.52519566269907,298068.3243971648,26466.262791906327,6888.0,861,0.023108795655931557,0.21698437032967807,0.005014247474479509,38.79508765942273,10.339429964226069,16.0,51.0,0.8230112019993516,0.9113343553846479,1.245490285692352,1.4636695935858572,1.5329111208521256,0.9581104887602059,0.5034990941491128,2.203701900304798,0.11487435556869237,70.53257686391946,0.42724520741677063
Gad1-F-600115,FC,projection,True,963.4563382558149,214,27,29,2.8024103353639487,161.74426067523652,44.81181672263409,248379.70788579353,25192.736821555864,4448.0,556,0.017908065187214155,0.21660439259348357,0.0038789655824010305,21.50005085085472,5.956664763458421,13.0,38.0,0.8055655002138921,0.8192655937549447,0.9871478875571874,1.3915274522076706,1.5054005285247107,0.4712032067083421,0.3072997175674381,2.3621321914763573,0.7015129550271119,69.02064083329743,0.35069804619990724
Gad1-F-600345,FC,projection,True,1138.6518322460556,254,38,39,3.3372800116645696,130.80281557531552,44.752908757476185,274138.4998433453,25099.380346317408,5368.0,671,0.01958134301846515,0.21211844863004017,0.004153564103169496,25.443079877033433,8.70510185302874,13.0,42.0,0.8064106460666116,0.8731992578574046,1.0948575310058226,1.396564864364717,1.5345712024879457,0.5474048369948388,0.27464783651783164,2.450645835435701,0.6815196003000404,70.10281191114264,0.40601059783476334
Gad1-F-601324,FC,projection,True,727.2073433611608,913,17,19,2.337710166872876,187.02881520110188,74.52595055569073,371597.11630813614,34844.4572151965,3480.0,435,0.009364981177933336,0.20896762740263242,0.001956977897423039,9.757773472714627,3.8882101807640415,19.0,49.0,0.8152548692389695,0.8339533754141752,0.9468845616681781,1.3535169165758376,1.4258967516885506,0.36122019960906965,0.1372090813978768,3.8089876069760544,0.9150382971960221,132.0681507397551,0.3128785153356169
Gad1-F-700131,FC,projection,True,1479.2291642355367,349,60,62,4.0561666475125175,166.9198850029684,37.39536331084931,194270.97238123763,21915.09898399617,6904.0,863,0.03553799064973835,0.21425683143620172,0.007614257272222302,39.5564859723231,8.861910995261175,15.0,53.0,0.80392889360627,0.93859718542864,1.4445597306987663,1.4813609818268307,1.6201852839381563,0.4567075924230768,0.27246669326109185,2.3578410908561502,0.43704861074654155,59.76493862346001,0.3406918872143787
Gad1-F-800094,FC,projection,True,1086.961736811406,271,44,46,4.047980578329617,145.48378801944753,37.13404608325071,200315.3508326096,20279.639472271418,4960.0,620,0.024760958056303666,0.21914551145391248,0.005426252817337542,29.271298214435063,7.471359878711065,16.0,51.0,0.8209680791626933,0.9774835762692499,1.2580575657539421,1.4662339406764684,1.6055564797805109,0.44717273389809803,0.36010530044788114,2.9327441013700506,0.1377373720852418,78.69358993843498,0.42618925719703415
Gad1-F-900001,FC,projection,True,1170.540189758804,262,44,46,3.7589482518380195,145.80186559462217,37.20505473809786,233054.84606513145,22765.95193939827,5536.0,692,0.023754065163068366,0.21144150826567992,0.00502259536552042,31.461859094113215,8.028293636607478,12.0,44.0,0.8151394079100306,0.865784164022784,1.1255194132296191,1.4167991017054853,1.465006495317652,0.6008895967356418,0.4093993596643137,2.980100593574714,0.14190367881642235,79.06553225422537,0.37387649499450504
Gad1-F-900194,FC,projection,True,1317.1710135362516,287,44,45,3.3404925820430695,172.41129931914853,43.26685922244441,272491.28602742223,26545.508472169713,6264.0,783,0.02298789106734819,0.2102763431571283,0.004833809670536392,30.442954196522255,7.639702378775372,12.0,39.0,0.7657971008931695,0.7915691187116897,1.0831998466581017,1.432137896465652,1.528040618951568,0.5663751303844387,0.28006161287774944,1.8161027430940273,0.9368327832915652,58.18639318174486,0.3306083293999393
TH-F-000101,FC,projection,True,4434.238601814164,942,204,218,4.600564343031478,357.4966672845023,88.565308125875,1186524.4277835884,77251.66152168416,19864.0,2483,0.01674133252958448,0.22322989336559426,0.003737165875377098,50.06744396476241,12.403580250121093,18.0,70.0,0.8680968288594684,1.0975838123302386,1.630234780078737,1.6869693771738163,2.0472015705513225,0.2372935827564902,0.20312141627340208,3.9714668104150177,0.18039699509670376,201.66406211556244,0.28598185840854773
TH-F-100083,FC,projection,False,4115.178644657488,889,175,179,4.252549284274522,344.3876940813569,91.18226935473209,1486651.4059920239,86365.42341353952,18616.0,2327,0.012522101633891622,0.22105600798546884,0.0027680857987763987,45.13134706757463,11.949261589136029,17.0,66.0,0.855902380336416,1.0226587089109065,1.444936321860073,1.6546169804576383,1.9176042146586616,0.25492523606714346,0.2281383335431255,3.558271404158054,0.24593168845455704,187.13882906843583,0.2718984359938971
TH-F-100099,FC,projection,False,3992.685388368611,799,224,235,5.610259216830634,319.9424051390327,70.04177708240633,1116181.9621554362,70363.11629509565,18024.0,2253,0.016147904742336298,0.22152049425036677,0.003577091839630178,57.00434161844712,12.479387928066515,18.0,62.0,0.8755889009580287,1.0311687469960256,1.4593148349300478,1.6371964943926944,1.8869023574520845,0.3064554529582273,0.2787461891393426,2.165879234641427,0.9073597175493149,102.98224707481434,0.3265238486014433
TH-F-200030,FC,projection,True,4719.175858731229,1162,263,276,5.573006979882049,337.6694096880388,69.48679001348857,1350255.818914321,79655.49566322846,21424.0,2678,0.01586662297610097,0.22027519878319776,0.0034950235300786944,67.91471958648768,13.975728103683167,18.0,80.0,0.8713397080375238,1.1151171688873414,1.73499112453354,1.7815371218295322,2.0124417308022298,0.3949280670067703,0.27876836203808103,3.8155986178808248,0.22529973923939162,148.56872219118094,0.25798876029062084
TH-F-200033,FC,projection,True,5479.643886301044,1262,270,281,4.927327497960085,352.9509574803385,85.38098691060006,1662719.6311861891,92402.76836593969,24448.0,3056,0.014703621429283735,0.2241346484907168,0.003295591020593081,64.17873679579998,15.52522742938385,19.0,76.0,0.8843841004359335,1.1012146073756117,1.7837382442386212,1.6778449537170481,1.8708241332540267,0.29451805936866077,0.27124280572685605,3.8188407434844276,0.163243833815697,196.28511760786066,0.2976870697200725
TH-F-200081,FC,projection,False,5323.303112144101,1242,320,336,6.011305260261829,349.5100388846017,85.06939765745334,1346504.262486657,80602.47027425165,23952.0,2994,0.01778828383043262,0.2222487939271919,0.00395342462734822,62.576005693366994,15.230758833515807,20.0,78.0,0.8854462927718065,1.120223718885543,1.7984132135621962,1.730832838906687,2.1157802512496424,0.24612097860122764,0.2231305572364762,2.2911924328532582,0.4574740932428759,133.53328798157074,0.39910036335484056
TH-F-300020,FC,projection,True,6938.135202796053,1611,387,402,5.577867664556895,343.6377230227444,72.09986409254282,1987115.8911770957,99363.9146838131,31576.0,3947,0.01589036660629568,0.21972812271332826,0.0034915604236279104,96.22951846193084,20.19026066686176,19.0,76.0,0.8638116537345684,1.1336822226790937,1.9187320804192625,1.8501433956392586,2.144709490817945,0.4412622499617668,0.3020645669892464,3.6701030089508606,0.24605085297345425,149.4596295941974,0.3033834504656992
TH-F-300073,FC,projection,True,4907.384255611368,1132,227,240,4.625682200052624,355.2515509747425,74.77429620464343,1427872.0211073726,85315.48753226489,22496.0,2812,0.015754913372805948,0.2181447482046305,0.0034368516106965193,65.62929381750065,13.813829220861786,17.0,70.0,0.8507947738577267,1.0876294892755691,1.6314442339133537,1.7558279460366657,2.0944875184000717,0.3405814602261508,0.24218700362723874,4.202089127498123,0.22146906949967995,165.1197877720618,0.24325728513313472
TH-F-700001,FC,projection,True,2148.7687299079475,468,111,116,5.165749038276222,183.88637775048824,52.52953521606938,448567.2963245306,36497.27399918317,9392.0,1174,0.02093777249691661,0.22878713052682575,0.004790292889193043,40.90591552103844,11.685306743186649,19.0,58.0,0.9013291652298437,1.0370505453223684,1.3429804561924672,1.6179102599406054,1.7685339340806152,0.4100258441464885,0.2558192743241077,2.858279622858562,0.5034362559495955,89.41532420760193,0.37231838715543086
TH-F-700004,FC,projection,True,2094.1612554933286,433,106,110,5.061692346849824,151.2778876045989,45.89259190865326,407196.59241449746,32310.987502257623,9536.0,1192,0.023418663558689663,0.2196058363562635,0.005142875197151993,45.63179302798247,13.843141840841419,18.0,58.0,0.8653558906997225,0.9915536247600988,1.52191951707364,1.5383991757323052,1.5535320886449024,0.5420637606148417,0.27427894075621934,2.3743846263936264,0.5054886281151826,72.52596937383764,0.38809189159540336
TH-F-700016,FC,projection,True,2052.1055516333927,450,107,111,5.21415674329385,161.41104736006812,43.02994280290841,281210.5568101613,27142.798194314804,9208.0,1151,0.03274414767513905,0.22286115895236672,0.007297398699788933,47.69017614159343,12.713538417575922,19.0,63.0,0.8695362506921155,1.01388614211136,1.3500694418640742,1.5731453300650753,1.6710957260858246,0.5204633960124803,0.2556287679427001,2.549805516316379,0.6158141259531794,68.93157867905109,0.34375552500701806
TH-F-700022,FC,projection,True,1550.5563540136422,329,64,71,4.127550722960496,186.27073167780492,53.09326292085618,396548.6902634745,33544.712378474134,7072.0,884,0.017833875570995403,0.2192528781127888,0.003910128546846097,29.204389949153985,8.324208210529077,17.0,46.0,0.8408657017427561,0.9229502107224061,1.1268578154168911,1.4727962962283565,1.611804941802123,0.43988282169861764,0.27667704813331967,2.6753899998299038,0.6027588876644626,86.77591230033164,0.4115453752908846
TH-M-300021,FC,projection,True,4665.63133991466,1086,243,250,5.208298347988308,340.93511652119673,73.94848392069251,1458710.525345968,84590.39317337263,21416.0,2677,0.014681459842706409,0.21785727212899983,0.003198462792203473,63.0929951845721,13.68480720766289,19.0,78.0,0.8665734286617125,1.0962479652055124,1.8000120910164583,1.6684838905396673,1.83325396460301,0.367562346332767,0.29272010991968533,4.185338860564238,0.12420657619183194,187.60899304013748,0.29944413800236536
TH-M-500003,FC,projection,True,1224.802378123596,259,42,43,3.429124628606962,186.15071232096113,53.209653793821055,378755.0782589854,32899.40144997936,5656.0,707,0.014933133110713136,0.21654921819724118,0.0032337583003602655,23.018424116599416,6.579627672935204,14.0,35.0,0.8187181671949172,0.9005899839144089,1.02066864843633,1.43158462632626,1.633069837498128,0.45399035414527916,0.30366881922106664,2.529267762122938,0.6154607129738517,84.9694099788462,0.43077391037406426
TH-M-600002,FC,projection,True,1636.320125176684,357,78,81,4.766793416513033,136.66229902331986,39.73298268581006,285756.23579017434,25895.774053843088,7448.0,931,0.02606417312085862,0.2196992649270521,0.005726279675584069,41.18291692612011,11.973456738770835,17.0,53.0,0.8469565865303748,0.9602817636013404,1.2945570610575032,1.490886637399603,1.6330540171423993,0.725027470885024,0.3375397465266207,1.8940042767087184,0.5541100572651969,55.736541326424145,0.3998250503367788
TH-M-600003,FC,projection,True,1267.4071186843244,282,43,47,3.392753549044101,148.93613671762046,37.864065741071585,232134.76554117198,22703.846311335477,5880.0,735,0.025330113678974593,0.2155454283476742,0.00545979020302986,33.472557525948766,8.50973542497144,13.0,42.0,0.7981153140329499,0.8124404606950797,1.1316134988252895,1.4160981204190726,1.4534485306012894,0.6449400241469448,0.3655562338246319,1.9557775347026454,0.6585513375917782,53.50307817032421,0.3730871853946846
TH-M-700002,FC,projection,True,1210.2301658509607,253,48,50,3.9661877016798126,160.05507696007197,47.291379431464904,279735.2500043278,26743.647023575744,5424.0,678,0.019389762283859774,0.223125030577242,0.004326341302471666,25.590925458303396,7.561335690419054,16.0,42.0,0.8644501184649719,0.9004688734010124,1.096222976314276,1.473271115852615,1.6832130262183043,0.40432917585913064,0.2849098000773138,2.9178365350022477,0.5107065467605036,80.95755181166022,0.34499055407679785
TH-M-700013,FC,projection,True,1627.1375057319435,346,81,83,4.978067293923224,162.92977991293426,40.92726899920801,283036.9736519788,26581.969222353287,7120.0,890,0.0251557240318529,0.22853054855785723,0.005748851412369416,39.75680629370678,9.986740954302194,18.0,59.0,0.9059785666658928,1.0272332738206713,1.452801344403521,1.5918592148631294,1.680927175342917,0.648404722259766,0.3423277262651017,2.045750370459215,0.44736373794000533,60.84226170122862,0.3641895810010102
TH-M-700017,FC,projection,True,1410.9228187151793,305,61,64,4.323411542493025,158.59724679046508,52.46689435230708,336189.3280685228,28942.338713104495,6208.0,776,0.018465785441989617,0.2272749385816977,0.004196810252190998,26.891677811937008,8.896263001206176,17.0,48.0,0.8479103477855645,0.9185695434343616,1.1452295606454377,1.497920036944025,1.6816720127713698,0.3871391725831544,0.32593379404921347,2.916316257986447,0.5309019819831948,89.44152498127787,0.43856054936633165
Trh-M-000099,FC,projection,True,1947.4934345305905,407,53,54,2.7214469153152616,214.9319967210556,60.807305354784724,374204.2808530657,35332.3900419051,8960.0,1120,0.023944140830174564,0.2173541779610034,0.00520435904712509,32.02729381227792,9.06097493272767,18.0,73.0,0.8709720190208365,1.1322636247270876,1.6673745158652316,1.6520661382634314,1.7341882765187806,0.320930587852449,0.16198738363568113,4.846459150714614,0.27828873194953463,131.7906450577925,0.2733016975657562
Trh-M-800009,FC,projection,True,3393.3320162551418,772,197,208,5.805503235648832,256.53834984017726,68.85797410989352,457696.57032603706,41959.770284142265,15048.0,1881,0.03287767699303636,0.22550053271233,0.007413933676273616,49.280160506023186,13.22738693208707,28.0,129.5,0.9489183490646369,1.4186170636518152,2.232455273852067,1.9662860331256689,2.2896977167713506,0.24919020426385016,0.14266460530682568,5.039101641529571,0.7426487356699248,129.2257440440835,0.23875205187719684
VGlut-F-200594,FC,projection,True,4586.974137762856,888,237,256,5.166804801641826,283.2125625344532,51.385346400145664,1082122.8516202446,64298.76384244111,20448.0,2556,0.01889619091712512,0.22432385259012402,0.004238866345808016,89.26619083275953,16.196224124785584,19.0,79.0,0.9015279358810645,1.1606715935634757,1.8495863458721193,1.8059159164678569,1.957735440786537,0.5503128996329627,0.3693319871600247,3.1173740801828735,0.03804715615976779,138.2191653434566,0.3901671612450476
VGlut-F-300680,FC,projection,True,530.0553079166584,730,23,26,4.339169829352286,153.72176048013134,45.1462133770985,62539.35241536119,11450.668274190433,2464.0,308,0.03939919274563485,0.21511984899215034,0.008475548393853595,11.740858607325453,3.4481475248598166,23.0,68.0,0.8080111401168574,0.8953636958051663,0.9465273355654614,1.5213208118393375,2.0002087091194656,0.17521536565783902,0.13295803459552988,4.3883493782614655,0.6722971701267774,83.50000730734018,0.30790181372036657
VGlut-F-800070,FC,projection,True,1872.014189002569,379,67,68,3.5790327014400667,241.65918233974492,61.48709871805147,582224.3217812375,51912.82391295792,8800.0,1100,0.015114449312384573,0.21272888511392832,0.0032152799513345508,30.4456418993954,7.746505516064906,13.0,39.0,0.8041298062725812,0.8447717459397875,1.0540620433573025,1.417989645859355,1.5012142654391092,0.6150167148704745,0.23699776104205783,1.990532409202402,0.9688789081986542,86.75473405296101,0.3001259677381291
VT0765-F-700001,FC,projection,True,2849.873500622879,4133,83,88,2.912409971244661,243.8109761419376,76.40294257290618,879940.3757985553,58568.14007155673,13584.0,1698,0.015437409594567558,0.20979634132971725,0.003238712052548547,37.30057252576937,11.688864651293589,19.0,66.0,0.8294160362697552,0.9134209937893842,1.3292320432009697,1.47211247021344,1.6275691037252307,0.31617064619289664,0.20537892126511176,3.986944848350332,0.7060250788899697,138.23367626834838,0.336119784897685
VT16811-F-700000,FC,projection,True,1447.4901564200727,2062,40,42,2.7634039390587533,276.19012758958405,74.31570976505066,411249.16449579556,44474.420595734344,6992.0,874,0.017001858249541764,0.20702090337815685,0.0035197400539275048,19.477579653027835,5.240919250274686,19.0,67.0,0.8261930116552927,0.9001804455348711,1.1032699362957872,1.4556628100104614,1.675335829189899,0.3321010437222182,0.11480126547899525,3.3405495454608425,0.8014914454054497,128.09701778576877,0.3022929080709484
VT24618-F-700000,FC,projection,True,2786.412722168655,3669,72,76,2.5839675302645997,291.1227250052944,79.44716775784265,1352486.1391367095,76081.37547053519,13632.0,1704,0.010079216049268565,0.20440234170838137,0.002060215363055195,35.072524305230424,9.571264909388233,17.0,56.0,0.7924950859410281,0.8885244649772497,1.1235535170034898,1.4338616801797344,1.689759079544363,0.3538779433108197,0.2147706474133968,3.106755804994173,0.4936996151157024,139.38460152501094,0.36735970848274035
VT38815-F-700000,FC,projection,True,1793.8168899053023,2645,67,68,3.7350523555131097,250.16928032885644,58.035543301359475,597157.4009574092,48791.421440172664,8664.0,1083,0.014508737539062903,0.2070425773205566,0.003003926413755093,30.908935935872982,7.17041232059854,23.0,76.0,0.8109479610783464,0.9623481169019862,1.2055221034309826,1.3921832062407062,1.481269108096864,0.5974583109149162,0.2891054517423627,3.2835588549420995,0.10315794047286499,137.74469816945634,0.44606428639435314
VT38815-F-700001,FC,projection,True,1986.6400872690451,2744,75,78,3.775218293470535,278.0888615721519,63.14393257231129,691508.6666101058,52029.84731494758,9568.0,1196,0.013836413716843172,0.20763378838514268,0.002872906997692301,31.462089963972083,7.14390384439615,20.0,68.0,0.8102121073691049,0.9096337395920536,1.2173039750423071,1.4561269858204227,1.6034221850436199,0.41703947203475306,0.2969701476089436,3.7424319922156957,0.11897824623835931,154.7845195527702,0.40545815624483184
VT43401-F-700002,FC,projection,True,4850.96583102174,6468,166,175,3.421998954072947,550.8658566360743,157.47820616948437,2531587.862137635,145317.79918569894,22768.0,2846,0.008993565003418464,0.21306069180524156,0.0019161751814237478,30.804045518533123,8.806074605249126,24.0,87.0,0.855247854552493,1.0866858940460886,1.604155367401369,1.612730102822163,1.938835264197338,0.19508757801099566,0.07361883276827856,4.76404277136719,0.31821696362107943,330.39195213798456,0.3835467844821383
VT50245-F-700000,FC,projection,True,1209.586872836299,1862,36,38,2.9762227755982025,232.58768387658205,56.946304172944906,333000.5926485756,36186.50963721212,5480.0,685,0.016456427168534172,0.22072753153947064,0.0036323865468696277,21.240831874932663,5.200562870208303,19.0,67.0,0.8639906234544994,1.007989060696916,1.259986325871145,1.526629468557526,1.9993171451839655,0.5697596201539464,0.1685387260951917,3.468247248900637,0.15116410062555494,128.2350163053076,0.39799205729947307
VT50245-F-700001,FC,projection,True,1988.0213327964887,2770,67,68,3.3701851632423456,234.3679963244137,53.85108759767683,577294.686754533,46528.87130432035,9464.0,1183,0.016393707091269513,0.21006142569700853,0.003443685484051233,36.91701359216844,8.482477829629335,21.0,79.0,0.8452471653046295,0.9940106663982443,1.3960823966267477,1.4804505739448368,1.7197416373672048,0.7365677697879893,0.2611918063720314,3.170960031474395,0.0945915700666738,127.49527922602914,0.3696240509485701
VT50733-F-700000,FC,projection,True,7102.958318083687,9848,317,323,4.462929188151616,310.134664379336,79.650808962472,2272953.380800733,101796.7960734692,33296.0,4162,0.01464878262847179,0.21332767654023568,0.0031249907622748533,89.17622319982077,22.902819755084916,26.0,105.0,0.8666371788779511,1.0867439287153744,1.7546833789732428,1.6599282870733447,1.8330215014409514,0.5127764320460543,0.32689298399817185,3.2630304873259264,0.14854689913346297,175.26760466551605,0.3748828157903897
VT58722-F-700000,FC,projection,True,8044.5511219267555,12049,231,236,2.871508882209366,406.9641047151666,124.44581907196597,5492459.039778319,189245.6192810714,38752.0,4844,0.007055491851526683,0.20759060492172676,0.0014646538214787381,64.6430003186741,19.767225238592285,21.0,74.0,0.8182008870958865,0.9415439047198918,1.2991846127142692,1.514120675606705,1.6829604857587355,0.3555181974744644,0.2793275237569452,3.236502489036101,0.427141578535748,225.2676515501078,0.34288095894645043
VT58722-F-700001,FC,projection,True,1900.0447019717662,2921,74,77,3.894645211410379,253.9692123060729,75.15700217544256,910052.3575860872,62301.90458108546,9152.0,1144,0.010056564244584421,0.20760977949866327,0.002087841085332313,25.281007051563893,7.481397783294745,21.0,69.0,0.8528028285331087,0.9694105622304929,1.334301054755454,1.4768797308251556,1.6379695706653157,0.5922384224060141,0.19704211248457534,2.1803325990296236,0.814672742044637,111.0851662268869,0.34912064800382314
VT5948-F-700000,FC,projection,True,2250.681515877924,3101,85,86,3.776633850695842,300.5531319507269,70.74158467376145,1033710.963937786,65528.12855627227,10296.0,1287,0.009960231011557373,0.2185976608273042,0.0021772832004260155,31.815537159046954,7.488464689321235,23.0,75.0,0.868318486064014,0.9701213430508293,1.2787963158397295,1.4918460254148789,1.6524827576196213,0.5756141047904559,0.2250901085225434,2.9222013800634326,0.08878808132349673,161.44325832032493,0.47807962587780245
VT5948-F-700001,FC,projection,True,2750.344864982076,3826,111,120,4.035857517843435,292.80807208456474,62.19859416709175,830897.5728573534,57785.59133457621,12520.0,1565,0.015068042571053947,0.2196761074266834,0.003310088938548686,44.21876252690673,9.392995368610466,24.0,84.0,0.8895035139010595,1.01413896201404,1.3862625327530627,1.526958604157313,1.6699118791633736,0.49735455446500004,0.25550192022935464,2.1966305019929964,0.8601701605469274,92.12501265792315,0.32596897437076666
fru-F-200052,FC,projection,True,1143.0383001298792,241,41,43,3.586931426124682,190.96372032756935,50.95064454818423,390523.60017855786,33154.82527635734,5392.0,674,0.013807104096998576,0.2119878153059865,0.0029269378332250637,22.43422650029291,5.985630664134371,12.0,39.0,0.7681709006249188,0.8454425296818633,1.0353607791031514,1.3966208448541382,1.550933921478805,0.5583113449610557,0.3626094379700239,1.7475545594089017,0.6576003704220698,67.67732591097047,0.3889820409887649
fru-F-400010,FC,projection,True,1665.616956298878,346,67,72,4.022533497069991,164.57710571314678,47.10039154644672,353655.8729382901,29879.787050196614,7688.0,961,0.02173864648740469,0.21665152917519226,0.004709711003695148,35.363123354428524,10.120587241350574,14.0,43.0,0.8196933840053533,0.8603393369312387,1.2247183502197632,1.4707642671469479,1.5581075362945538,0.48344463320966785,0.36584826255085046,3.5660288155942603,0.18034097481342168,103.25436952803958,0.37429472791935614
fru-F-400071,FC,projection,True,1337.6758708958705,302,60,62,4.485391514150337,178.30107531117926,53.86654912504822,404755.75669687847,34834.491499081836,6272.0,784,0.015495764782159973,0.21327740288518343,0.0033048964684587695,24.83314585069353,7.502343261594452,15.0,42.0,0.7795313932959619,0.8196543326567834,1.0718556657819476,1.4230885348211502,1.5013197204218525,0.5820632143066435,0.3958296892327039,3.3704037624958603,0.17096316827457556,116.79343206285724,0.4300207718783458
fru-F-400141,FC,projection,True,1480.72485635058,313,68,72,4.592345411665066,170.38466051645773,42.75607731005847,334583.8290537367,28972.847726690416,6808.0,851,0.02034766599226941,0.21749777560966216,0.004425572092166966,34.631915496191596,8.690482182271065,16.0,48.0,0.8300027221696076,0.9348010456758712,1.2177013621304111,1.4997280731876763,1.6025160783014936,0.6121253474522379,0.3545563051334627,3.316331194174212,0.10837209835245683,101.01837699907544,0.38343425685476534
fru-F-400196,FC,projection,True,1785.7836019764059,442,79,82,4.423828279785255,205.3206361618685,41.55948499493389,345024.8927995018,30467.75969814811,8256.0,1032,0.023928708253516257,0.21630130837892514,0.005175810903053151,42.96933906168696,8.697535890004495,16.0,46.0,0.8221839788105,0.930095626029378,1.226499726632147,1.4923206988110254,1.5916074883925186,0.6562567403036236,0.38235044338457047,1.628404040418751,0.6398978899493171,52.99205419987074,0.3444542029942943
fru-F-400214,FC,projection,True,1799.7081128084428,423,86,89,4.778552665731838,170.37881376766043,54.77547888388946,490796.3457742048,37952.58745371742,8048.0,1006,0.016397840100672946,0.22362178340065145,0.0036669142472312015,32.85609089102409,10.5629806488889,17.0,53.0,0.8804834211391599,0.9144858296790868,1.1840184952687123,1.5169541687423491,1.556840928034985,0.6664567803032408,0.3501159111435548,3.0945411366081186,0.18425669491996713,112.79981001337134,0.39051527505860106
fru-F-400229,FC,projection,True,2391.396612374212,630,119,123,4.976171638959341,195.43269848653253,53.607894342781606,548561.1914063878,40251.72353757717,11024.0,1378,0.020096208358700945,0.21692639807458383,0.0043593980942093396,44.60903830848222,12.236420163532694,18.0,53.0,0.8338202972016081,0.9312292104260951,1.3226751174636129,1.536733756214482,1.6458338694936077,0.5960988879184488,0.3840618787018814,3.2814482066601722,0.13629800431189587,120.34418758740254,0.4137359523777114
fru-F-400338,FC,projection,True,1820.2310852958176,446,76,79,4.175294038979053,190.84204023784983,42.49520605723286,372992.0298148964,32699.645915973473,8440.0,1055,0.022627829351175393,0.21566719020092626,0.004880080376514045,42.83379830760949,9.53789365816479,15.0,51.0,0.8442630265750546,0.9249141693576309,1.3543386051308166,1.5248575782665459,1.6065587690166085,0.6821381936563115,0.3800515244336423,2.7972470743219,0.11303870549383467,90.79701883197052,0.38031275368696027
fru-F-400437,FC,projection,True,1651.641355001009,413,79,82,4.783120727801814,190.9006238280445,42.4905944150855,341895.68938494165,29561.050614188676,7800.0,975,0.022813975847522167,0.21174889166679603,0.004830834100225873,38.870751933153095,8.651838437619462,16.0,47.0,0.7971242060815681,0.8785326356388347,1.2744146257723836,1.4925481083473404,1.6035352961174845,0.5940292616905702,0.39572522524345816,3.1319063222855084,0.11157085279056107,96.90887393183749,0.414876825280515
fru-F-400475,FC,projection,True,1621.3575573026924,398,65,67,4.008986155289194,203.96735745801902,49.866270968380576,399191.09927708935,33737.26002547594,7528.0,941,0.018858135899404438,0.21537693375434278,0.0040616074863364235,32.514112762327265,7.949103118798818,14.0,46.0,0.8010659868096306,0.8889021695738445,1.1647683601312446,1.4414455160067288,1.631144423845767,0.42173391978489555,0.29930354520091856,2.0357194311189892,0.5579598815851986,72.64644093789262,0.31224702047887015
fru-F-500083,FC,projection,True,1313.353874920365,239,47,52,3.5786242304915605,126.70491738659886,40.7339263395005,295207.83858349454,25622.35471411491,6000.0,750,0.02032466356174686,0.21889231248672747,0.004448912607545497,32.242260762542294,10.365453070089558,14.0,43.0,0.8167623600251025,0.9070123445582631,1.2071267232723941,1.4767415261556849,1.619425246510931,0.9177294967341924,0.40149278207705164,1.6958870899266563,0.5209659822751826,53.81657271671597,0.41601352506872435
fru-F-500115,FC,projection,True,1708.783097684575,351,78,83,4.564651892079872,190.73028158651795,51.09039689517166,486920.4678597394,39801.93794320307,7760.0,970,0.01593689424087902,0.22020400743357926,0.003509367977886691,33.446267821929275,8.9591599376392,16.0,47.0,0.8543915488422875,0.9286864661329213,1.351885362092227,1.5097129746110116,1.5734650991570673,0.5927633353257635,0.30192390228660043,3.4004950435263344,0.16024384628791724,112.69772566125432,0.35942697422519576
fru-F-500297,FC,projection,True,1782.463733637547,459,84,88,4.712578349550919,180.31147725781477,42.36504269443188,314179.5211042555,27968.924153008997,8216.0,1027,0.026150654158243657,0.21695030837847457,0.005673392483929799,42.07392747114639,9.885470191611413,17.0,50.0,0.8267457020582314,0.9245143846667775,1.3422166668957431,1.5040282315819926,1.6565648082133335,0.46420756356448317,0.3498939413300502,2.0891770620062764,0.4439525823248079,63.72016999973733,0.31537987072985163
fru-F-500435,FC,projection,True,1641.562592041522,393,93,95,5.665333777150767,211.8379224783845,56.43220110436555,408655.4384626348,39241.0722571099,7480.0,935,0.018303928679231148,0.2194602395777436,0.004016984573157999,29.089111534133163,7.749144123187025,17.0,54.0,0.8392446789578334,0.9771205905009059,1.3324371688648717,1.5456187320452146,1.782369806776897,0.632424747838999,0.2546730332976808,2.572074837778838,0.26268076883970387,100.40195757383081,0.29275650933362113
fru-F-500584,FC,projection,True,1655.6784392079571,416,77,81,4.650661515942385,176.07670544423567,54.0002608728921,396443.35660129105,33058.31432061327,7560.0,945,0.019069559053308097,0.2190050845513171,0.0041763303928260736,30.66056371663013,9.403165711391155,16.0,47.0,0.8481959217253878,0.9364697054343649,1.2467458126565942,1.4894117700166982,1.7016222396792982,0.5348448677164225,0.3337610006594832,3.613645437275253,0.1705809744079646,120.42746640962152,0.37904724077423696
fru-F-600168,FC,projection,True,1878.4739681110223,478,98,101,5.217000696504088,150.7271295347576,43.48126108917386,293348.78157608834,26925.33964108494,8616.0,1077,0.029371180455253384,0.21802158404259775,0.006403551288055331,43.20192011585267,12.462746248198451,17.0,55.0,0.8326569007584319,0.9172236172417101,1.3191530674936953,1.5087382978403425,1.7329095646780648,0.4689999154544716,0.27472114923476415,2.644596555384368,0.7100335058285929,70.00428257029284,0.386243750041967
fru-F-600186,FC,projection,True,1631.1765221357575,385,64,66,3.9235483794361214,189.472539579252,46.52425345724143,373706.52989216044,31257.710942144313,7424.0,928,0.01986585570806677,0.21971666515837251,0.004364859566693849,35.060778001196866,8.609039208309518,14.0,44.0,0.8172227064808404,0.8676470862424243,1.1081362242770092,1.4843097154149987,1.6560167737418858,0.5003191462815768,0.32676837502739403,2.9968708211157784,0.13516681399660746,100.04931715538513,0.3838131980426901
fru-F-700104,FC,projection,True,1605.4387255321801,345,79,84,4.920773290417086,152.36494229597875,39.83657972343504,340930.9274542371,28795.28203533079,7432.0,929,0.021799137014337285,0.21601705133640745,0.004708985299515476,40.30061658601011,10.536798697521322,16.0,48.0,0.8431926079475736,0.9205497279427638,1.238764448713102,1.5034065368105385,1.5739595348354707,0.6239113523208636,0.47766054237497135,3.2778688333668513,0.10364588501225211,94.37820693365988,0.38987344600895846
fru-F-700114,FC,projection,True,1197.2015954793108,224,37,38,3.090540485388069,166.66410253162007,46.16743479010543,292531.128375887,27503.350636531166,5752.0,719,0.01966286470754314,0.20813657779542954,0.004092561369882558,25.9317330694729,7.183320086892579,13.0,36.0,0.7960116991218822,0.8089199969454802,0.9717545417851549,1.401652151363468,1.5548072668562478,0.4823713983443877,0.2512710617390776,2.3731801207836662,0.949682703982963,70.61925843709402,0.3872253030578628
fru-F-700163,FC,projection,True,1497.106598778851,336,73,74,4.876072289010288,175.05842856390177,47.23142745645989,357051.6910654595,31637.79173665112,6816.0,852,0.019089672925678425,0.2196459211823432,0.004192968794830274,31.697254971998316,8.552039516522683,16.0,50.0,0.8298817066401614,0.908438470132798,1.2995717003288638,1.4749912616722363,1.574244583363671,0.6583634136317313,0.3479665624577622,3.091721366142996,0.12479274556584727,104.76378885451514,0.29763238578248236
fru-F-700245,FC,projection,True,1526.0567741204213,359,57,60,3.7351166068413995,205.44292452655588,47.26609090624041,347667.630861208,32396.750607259975,7128.0,891,0.020502340072163807,0.21409326236257314,0.004389412872116463,32.28650275199594,7.428130112717319,14.0,41.0,0.8031877758528533,0.8366539331800555,1.1354589093157896,1.435245691419061,1.603000813151703,0.5506740086938646,0.2967617652870689,2.8872005229419497,0.10803796856347987,103.64784775291821,0.38844106579660814
fru-F-700257,FC,projection,True,1823.2438303539243,414,92,98,5.045951532557286,199.13728483880487,44.11026660259368,318834.71442281065,30783.18659058937,8576.0,1072,0.026897949351359716,0.21259839439761244,0.005718460844687376,41.33377489599479,9.155713013912893,17.0,52.0,0.813948138550859,0.9616264928027027,1.3406204634955325,1.4914724617152553,1.677317231236361,0.6176084669613564,0.26781780713518183,1.6214741587740025,0.7044907009651232,55.89256297918128,0.3613105266521866
fru-M-400031,FC,projection,True,1082.171633159372,197,32,36,2.957017077464582,137.64034500509942,39.931798802517235,220797.362934323,23160.29462075379,5008.0,626,0.022681430309879416,0.21608858489604074,0.00490119817908001,27.10049798936565,7.862314157373543,12.0,41.0,0.7933809627268124,0.8350089762032191,1.1661332253872543,1.4357371124826006,1.5199039791564215,0.6978075023258886,0.2742298321993919,1.8352266246047082,0.6548113003356416,54.541208792381376,0.3782018614772307
fru-M-400362,FC,projection,True,2313.7466593905556,586,123,127,5.316053056232111,177.92092155444294,52.51732700452551,477388.3104020088,37002.82931404067,10400.0,1300,0.02178520037753366,0.22247564032601497,0.004846676403622344,44.0568245065324,13.004354064581214,18.0,51.0,0.8556755397154422,0.9804011268604049,1.364237417093488,1.5447309569466376,1.6538575120733063,0.6357732163878412,0.3437054452972903,3.2363008478277306,0.15659856170117858,113.91494908132114,0.3768087882851124
fru-M-400401,FC,projection,True,1862.3385217128325,455,67,71,3.5976273496388114,175.35043268026897,55.697913336761204,511522.5676273355,38387.210846181966,8688.0,1086,0.01698458787517182,0.21435756465387115,0.0036407748935714996,33.4364145825849,10.62066681699377,13.0,41.0,0.8055097412252736,0.8168151411021195,1.0392514072058217,1.4436826220273709,1.5597475056221377,0.5564137859011673,0.34512676620836535,3.22372366989044,0.1842821984198752,116.74442580539893,0.35348875705980554
fru-M-500174,FC,projection,True,1784.6917361813266,427,87,91,4.8747914407981945,171.27631274119875,43.33756487507367,374075.44023841585,32236.019081272738,8224.0,1028,0.021984870203610424,0.21701018192866325,0.004770940682563546,41.181172530711855,10.41995654634406,17.0,51.0,0.8370974372332677,0.9574526481659478,1.2821061323141714,1.5193116695457822,1.5963253454215802,0.5751323565053479,0.3088769643067255,2.1196113392183302,0.5381922397974105,64.60048532713742,0.3571313652312146
fru-M-500374,FC,projection,True,1754.4503233426417,407,75,76,4.274843180347638,156.71112445630743,45.53270735342856,368148.0145961012,31735.646179535554,8160.0,1020,0.02216499798037052,0.21500616707630413,0.004765611259013488,38.531649561807434,11.195442119565667,14.0,49.0,0.7860440516768108,0.870263057213612,1.1790660775152162,1.4473278519830048,1.6066394902405143,0.6526120515117196,0.2801263809531728,2.2973069780733506,0.5123832409349686,70.80929487201834,0.38470941200801656
fru-M-500377,FC,projection,True,2953.6265536052415,665,147,159,4.976932504231774,173.0459214989537,41.068193876582484,431348.7862890359,32935.5324309628,13496.0,1687,0.03128790535405998,0.21885199715510087,0.0068474205735357995,71.92004991700964,17.068455170861107,17.0,61.0,0.8546373129644796,1.000551000543781,1.551274450422921,1.5997004596003377,1.6612072854922617,0.647997277832211,0.42577881187711325,2.706097503184365,0.12704746752776597,84.43464828779186,0.3906227927844599
fru-M-500383,FC,projection,True,1668.2178566689836,414,71,73,4.2560388450564455,178.8506654719289,46.45270732216234,376658.64573299605,31342.000285106,7632.0,954,0.020262378380158395,0.2185820042805272,0.004428991277825444,35.91217719775583,9.327434439604112,14.0,45.0,0.816153550229444,0.8616827772050535,1.109187404700122,1.4774317142563598,1.6307114923450474,0.5677753121723101,0.41430822563258923,3.004999025483584,0.1546884420928768,97.5500123086811,0.4301743384635346
fru-M-700067,FC,projection,True,1399.5689038114965,284,60,64,4.287034374413424,171.47786613192068,41.86724150434181,306918.0077830644,27467.280312181454,6528.0,816,0.021269524219687093,0.21439474629465327,0.004560074248887797,33.428734579190156,8.161804991991128,15.0,44.0,0.8006687092743116,0.925640809399138,1.2863684777679196,1.4913526692679933,1.572549330125277,0.525260810298759,0.4205392894668626,3.15987703525789,0.1262788963147162,93.6879490024474,0.3132114804634153
fru-M-700270,FC,projection,True,1779.8130873193854,405,81,83,4.551039689341527,195.33954363835343,46.43413249755773,413107.0684293775,34608.98698885984,8080.0,1010,0.01955909404000264,0.2202738969454685,0.004308357864914268,38.32984469803538,9.111381413967493,16.0,49.0,0.8134429101094083,0.8793542921538465,1.235981310638462,1.5028366500634291,1.7163096309733707,0.4561836512210488,0.3305092813175043,1.9305963909668782,0.9124937773433927,64.53080234099478,0.3534487752860013
