neuron_id,group,exclusive,n_pairs,side_top1,side_top2,side_top1_2_sum,side_top3_sum,side_balance21,side_dominance_gap,side_hhi,side_entropy,side_neff_shannon,side_neff_simpson,side_n_above_thr,side_n_above_10pct,side_n_above_20pct,region_top1,region_top2,region_top1_2_sum,region_top3_sum,region_balance21,region_dominance_gap,region_hhi,region_entropy,region_neff_shannon,region_neff_simpson,region_n_above_thr,region_n_above_10pct,region_n_above_20pct,sidetot_top1,sidetot_top2,sidetot_top1_2_sum,sidetot_top3_sum,sidetot_balance21,sidetot_dominance_gap,sidetot_hhi,sidetot_entropy,sidetot_neff_shannon,sidetot_neff_simpson,sidetot_n_above_thr,sidetot_n_above_10pct,sidetot_n_above_20pct,regiontot_top1,regiontot_top2,regiontot_top1_2_sum,regiontot_top3_sum,regiontot_balance21,regiontot_dominance_gap,regiontot_hhi,regiontot_entropy,regiontot_neff_shannon,regiontot_neff_simpson,regiontot_n_above_thr,regiontot_n_above_10pct,regiontot_n_above_20pct,top_region,second_region,top_region_laterality,other_fraction,neuropil_fraction,total_voxels,neuropil_voxels
5HT1A-F-200016,dense,True,1,0.206304947357194,0.19600493669150248,0.4023098840486965,0.5545931038685987,0.9500738552437222,0.010300010665691528,0.14401169382613413,2.1313273019168473,8.426043295932784,6.943880551862017,7.0,4.0,1.0,0.279684904999162,0.19600493669150248,0.47568984169066447,0.6304185522085599,0.7008062758770973,0.0836799683076595,0.1776202451679147,1.9109265374374567,6.759348687684595,5.6299888509592035,6.0,5.0,1.0,0.17219452640146504,0.16359751755010682,0.33579204395157186,0.46289678502390885,0.9500738552437223,0.008597008851358223,0.10032684552855042,1.9297826825667008,6.888013193572111,9.967421927119455,6.0,4.0,0.0,0.2334418557330349,0.16359751755010682,0.3970393732831417,0.5261852680842405,0.7008062758770974,0.06984433818292807,0.1237404993043057,1.7458229387785882,5.730615481190842,8.081428518732379,5.0,4.0,1.0,ccp_16,vmp_15,0.475266942689039,0.1653398107640655,0.8346601892359344,157264.0,131262.0
Cha-F-000088,dense,True,8,0.8732511106690538,0.09613641889353049,0.9693875295625843,0.9881418119930155,0.11009023374716832,0.7771146917755233,0.7722472035717347,0.4786717817967331,1.6139293276329612,1.2949221381118399,2.0,1.0,1.0,0.8732511106690538,0.09613641889353049,0.9693875295625843,0.9881418119930155,0.11009023374716832,0.7771146917755233,0.7722472035717346,0.47867178179673303,1.6139293276329612,1.29492213811184,2.0,1.0,1.0,0.704213678412919,0.0775270484644315,0.7817407268773505,0.7968646952925867,0.11009023374716834,0.6266866299484876,0.5022118590651184,0.559509944036206,1.7498147829785895,1.991191529928282,2.0,1.0,1.0,0.704213678412919,0.0775270484644315,0.7817407268773505,0.7968646952925867,0.11009023374716834,0.6266866299484876,0.5022118590651184,0.559509944036206,1.7498147829785895,1.991191529928282,2.0,1.0,1.0,al_3,ms_12,1.0,0.19357253622800918,0.8064274637719908,112206.0,90486.0
Cha-F-000239,dense,True,10,0.4578923014633582,0.16647868586962808,0.6243709873329862,0.7281363872982821,0.3635760752857955,0.29141361559373014,0.26573923978487124,1.6806472682256026,5.369030049223668,3.7630874567472548,6.0,3.0,1.0,0.4578923014633582,0.16647868586962808,0.6243709873329862,0.7281363872982821,0.3635760752857955,0.29141361559373014,0.26573923978487124,1.6806472682256024,5.3690300492236664,3.7630874567472548,6.0,3.0,1.0,0.37000771190203546,0.13452595171881937,0.5045336636208548,0.5883830712065621,0.3635760752857955,0.2354817601832161,0.17352040656720372,1.5302831038893234,4.619484431205607,5.763010932162058,5.0,2.0,1.0,0.37000771190203546,0.13452595171881937,0.5045336636208548,0.5883830712065621,0.3635760752857955,0.2354817601832161,0.1735204065672037,1.5302831038893234,4.619484431205607,5.763010932162059,5.0,2.0,1.0,al_3,dmp_10,1.0,0.19193288308289128,0.8080671169171088,85582.0,69156.0
Cha-F-000329,dense,True,7,0.420700299718229,0.30720221109495865,0.7279025108131876,0.838295733950717,0.7302162877010366,0.11349808862327032,0.28832587642967666,1.5601047922231979,4.75931995872613,3.468297789927649,3.0,3.0,2.0,0.420700299718229,0.30908666702561066,0.7297869667438397,0.8739029774403705,0.7346956187875944,0.11161363269261831,0.2996298135917244,1.3995258309742533,4.053277572433149,3.337451597398782,5.0,3.0,2.0,0.38354931605471565,0.2800739577197461,0.6636232737744617,0.7642679494731331,0.7302162877010366,0.10347535833496957,0.23965163887508392,1.5066241169631576,4.511474846250322,4.172723394231576,3.0,3.0,2.0,0.38354931605471565,0.2817920020943779,0.6653413181490935,0.7967308069899862,0.7346956187875943,0.10175731396033777,0.2490472820971602,1.3602254792605928,3.8970719116304555,4.015301799639285,4.0,3.0,2.0,vlp_21,dlp_23,1.0,0.08830748085607697,0.911692519143923,61116.0,55719.0
Cha-F-000427,dense,True,2,0.8817526647286822,0.05965358527131783,0.94140625,0.9783793604651163,0.06765342216422267,0.8220990794573644,0.7825929953368421,0.5059673909950803,1.6585892489234895,1.2778034124488706,2.0,1.0,1.0,0.8817526647286822,0.05965358527131783,0.94140625,0.9783793604651163,0.06765342216422267,0.8220990794573644,0.7825929953368422,0.5059673909950803,1.6585892489234895,1.2778034124488704,2.0,1.0,1.0,0.8403509278231508,0.05685261608611584,0.8972035439092666,0.9324406222042653,0.06765342216422267,0.783498311737035,0.7108267494532512,0.5280441498495146,1.695612698994788,1.4068125612453009,2.0,1.0,1.0,0.8403509278231508,0.05685261608611584,0.8972035439092666,0.9324406222042653,0.06765342216422267,0.783498311737035,0.710826749453251,0.5280441498495146,1.695612698994788,1.4068125612453013,2.0,1.0,1.0,lh_25,dfp_5,1.0,0.04695391186401547,0.9530460881359846,34651.0,33024.0
Cha-F-000461,dense,True,1,0.2802968594442936,0.23459739946299815,0.5148942589072918,0.7020243159260265,0.8369604994080292,0.04569945998129546,0.18967408816278558,1.864873264373291,6.45511774075589,5.2722014360852585,6.0,4.0,2.0,0.2802968594442936,0.23459739946299815,0.5148942589072918,0.7020243159260265,0.8369604994080292,0.04569945998129546,0.18967408816278564,1.864873264373291,6.45511774075589,5.272201436085257,6.0,4.0,2.0,0.24906843953569419,0.20846044554057314,0.4575288850762673,0.623810417392703,0.8369604994080292,0.04060799399512105,0.1497645207198946,1.7620654826700572,5.824455290216706,6.677148868057378,6.0,3.0,2.0,0.24906843953569419,0.20846044554057314,0.4575288850762673,0.623810417392703,0.8369604994080292,0.04060799399512105,0.1497645207198946,1.762065482670057,5.824455290216705,6.677148868057378,6.0,3.0,2.0,dlp_23,lh_25,1.0,0.11141195078143849,0.8885880492185615,186515.0,165735.0
Cha-F-100135,dense,True,5,0.6552260451039325,0.14817461485108976,0.8034006599550222,0.9002080749910675,0.22614274258219724,0.5070514302528427,0.463180604036148,1.1782916496307942,3.248819337697603,2.158985050941289,3.0,2.0,1.0,0.8034006599550222,0.09680741503604531,0.9002080749910675,0.9362954244519641,0.12049705689993459,0.7065932449189769,0.6574296653045312,0.7878214650606302,2.1986014750368463,1.521075261392084,2.0,1.0,1.0,0.5829172977319048,0.13182251640769618,0.714739814139601,0.8008638581926292,0.22614274258219724,0.45109478132420866,0.3665911246106866,1.1522893553361704,3.1654314180776155,2.727834726118868,3.0,2.0,1.0,0.714739814139601,0.08612404405302818,0.8008638581926292,0.8329687178624184,0.12049705689993459,0.6286157700865728,0.5203324108485473,0.8049102690875244,2.2364958070064813,1.9218483783649394,2.0,1.0,1.0,dfp_5,ms_12,0.631131458469588,0.11035694919691105,0.8896430508030889,53481.0,47579.0
Cha-F-200299,dense,True,8,0.9396500374496494,0.034247262047286814,0.9738972994969362,0.9875678959194626,0.036446826672022495,0.9054027754023626,0.8843501339498683,0.30631946888430434,1.3584162089457374,1.1307738435381836,1.0,1.0,1.0,0.9396500374496494,0.034247262047286814,0.9738972994969362,0.9875678959194626,0.036446826672022495,0.9054027754023626,0.8843501339498682,0.3063194688843043,1.3584162089457374,1.1307738435381838,1.0,1.0,1.0,0.9015589192247843,0.03285896166360164,0.9344178808883858,0.9475343047107087,0.036446826672022495,0.8686999575611827,0.8141045905784785,0.3336066038955166,1.3959938569927648,1.2283433990827024,1.0,1.0,1.0,0.9015589192247843,0.03285896166360164,0.9344178808883858,0.9475343047107087,0.036446826672022495,0.8686999575611827,0.8141045905784785,0.33360660389551666,1.395993856992765,1.2283433990827024,1.0,1.0,1.0,vlp_21,dmp_10,1.0,0.04053755835337389,0.9594624416466261,176725.0,169561.0
Cha-F-300267,dense,True,4,0.6084488933786389,0.13115988612361099,0.7396087795022499,0.8266874827807879,0.21556434328493376,0.477289007255028,0.40150202342793684,1.4052902644333662,4.076709893432938,2.490647472862572,4.0,2.0,1.0,0.695527596657177,0.13115988612361099,0.826687482780788,0.8966663605473414,0.1885761064751241,0.564367710533566,0.508859004944416,1.0876232208691106,2.9672132743207236,1.9651809052867848,3.0,2.0,1.0,0.5353772060249531,0.11540823582649169,0.6507854418514448,0.7274064257547352,0.21556434328493376,0.4199689701984614,0.3108560191018628,1.3490981324170341,3.8539482119333623,3.2169233939533766,4.0,2.0,1.0,0.6119981899282436,0.11540823582649169,0.7274064257547354,0.7889811881828174,0.1885761064751241,0.49658995410175194,0.393975311034883,1.069581321588023,2.9141591490027663,2.5382301174488036,3.0,2.0,1.0,dfp_5,dlp_23,0.7496038871870708,0.12009502876721184,0.8799049712327881,61876.0,54445.0
Cha-F-300344,dense,True,5,0.751071296638345,0.06534909493904692,0.816420391577392,0.8711673439231622,0.08700784496962842,0.6857222016992981,0.5752803059942965,1.024451943894909,2.785568394380412,1.7382830414672918,3.0,1.0,1.0,0.751071296638345,0.10219800517177688,0.853269301810122,0.9297746582933136,0.13606964562378576,0.6488732914665681,0.5829905317372124,0.890301455352855,2.435863844815876,1.715293723587878,3.0,2.0,1.0,0.7097624408720392,0.06175490042065944,0.7715173412926987,0.823253216037423,0.0870078449696284,0.6480075404513798,0.5137397901515367,1.0215660762083365,2.7775412008425815,1.94651070283077,3.0,1.0,1.0,0.7097624408720392,0.09657712380653156,0.8063395646785708,0.8786371332320958,0.13606964562378576,0.6131853170655076,0.5206252157673857,0.8947938528282804,2.446831330109286,1.9207675112816625,3.0,1.0,1.0,vlp_21,spp_20,1.0,0.05499991272625718,0.9450000872737429,57291.0,54140.0
Cha-F-400237,dense,True,8,0.9550077652857962,0.01821465950909889,0.9732224247948951,0.9891201593571692,0.019072786809904062,0.9367931057766974,0.9126635245016413,0.24540768566363516,1.2781422872874515,1.0956940571784641,1.0,1.0,1.0,0.9550077652857962,0.01821465950909889,0.9732224247948951,0.9891201593571692,0.019072786809904062,0.9367931057766974,0.9126635245016413,0.2454076856636352,1.2781422872874515,1.0956940571784641,1.0,1.0,1.0,0.9053631798995779,0.017267798915761468,0.9226309788153394,0.937702294504791,0.019072786809904062,0.8880953809838165,0.8202430222700366,0.2832588079147245,1.3274486715863134,1.219150877056513,1.0,1.0,1.0,0.9053631798995779,0.017267798915761468,0.9226309788153394,0.937702294504791,0.019072786809904062,0.8880953809838165,0.8202430222700366,0.2832588079147246,1.3274486715863134,1.219150877056513,1.0,1.0,1.0,vlp_21,dmp_10,1.0,0.05198343635599832,0.9480165636440017,249945.0,236952.0
Cha-F-400298,dense,True,2,0.38539004960168344,0.33616413647978355,0.7215541860814669,0.8493912520667367,0.8722698907956319,0.04922591312189989,0.28341979759845426,1.5190489947343568,4.567879051836016,3.5283350297807634,4.0,3.0,2.0,0.721554186081467,0.1278370659852698,0.8493912520667368,0.9095896588005411,0.17716904489115717,0.5937171200961973,0.5441580009800189,0.9753023874776255,2.6519690119694785,1.8377015466078195,4.0,2.0,1.0,0.261619305137493,0.22820264272231008,0.48982194785980304,0.5766032345288505,0.8722698907956318,0.0334166624151829,0.13060769483484688,1.2941559913571385,3.64791580201284,7.656516725637778,3.0,2.0,2.0,0.4898219478598031,0.0867812866690475,0.5766032345288505,0.6174684965052804,0.17716904489115717,0.4030406611907556,0.2507630826645056,0.9250374588252237,2.5219627283498687,3.987827830852973,2.0,1.0,1.0,eb_8,lat_tri_7,0.06822206020206228,0.32115708382225394,0.6788429161777461,19601.0,13306.0
Cha-F-500071,dense,True,6,0.8448886919924687,0.02997747997194226,0.874866171964411,0.9017979104367408,0.035480981407441395,0.8149112120205265,0.7172490379448109,0.7616200839564359,2.14174321514897,1.3942158819276738,1.0,1.0,1.0,0.8718204304647986,0.05618931590800015,0.9280097463727988,0.9541108280725071,0.06445056108405675,0.8156311145567985,0.7646416324257177,0.5827289767615079,1.7909191447713049,1.3078021881016877,2.0,1.0,1.0,0.7750046563605886,0.02749792580301055,0.8025025821635992,0.8272066916134713,0.035480981407441395,0.747506730557578,0.6035032357592304,0.7778182000060472,2.1767179177264895,1.656991944280069,1.0,1.0,1.0,0.7997087658104607,0.05154167866032273,0.8512504444707835,0.8751926040061634,0.06445056108405675,0.7481670871501379,0.6433800185879763,0.6137238732958415,1.8472977088199605,1.5542913536461642,2.0,1.0,1.0,vlp_21,spp_20,0.9382172348083845,0.0827138962732183,0.9172861037267817,59059.0,54174.0
Cha-F-500310,dense,True,1,0.693000735474381,0.1682091198823241,0.8612098553567051,0.94061044373621,0.2427257451136464,0.5247916155920569,0.5164829924028628,0.9845649739760131,2.676647219912038,1.9361721774179705,3.0,2.0,1.0,0.693000735474381,0.1682091198823241,0.8612098553567051,0.94061044373621,0.2427257451136464,0.5247916155920569,0.5164829924028629,0.9845649739760131,2.676647219912038,1.9361721774179703,3.0,2.0,1.0,0.6073155011279407,0.14741110753034697,0.7547266086582878,0.824309807712966,0.2427257451136464,0.4599043935975938,0.39665904897466386,0.9784934342743542,2.6604450857717272,2.52105681840596,3.0,2.0,1.0,0.6073155011279407,0.14741110753034697,0.7547266086582878,0.824309807712966,0.2427257451136464,0.4599043935975938,0.39665904897466386,0.9784934342743541,2.660445085771727,2.52105681840596,3.0,2.0,1.0,dlp_23,idlp_24,1.0,0.12364378558384359,0.8763562144161564,37236.0,32632.0
Cha-F-700236,dense,True,1,0.5536765110267833,0.15816971896826706,0.7118462299950503,0.8673073750206237,0.28567171591755647,0.39550679205851624,0.36055035733022184,1.353405887424584,3.870585886426535,2.7735376755822134,3.0,3.0,1.0,0.5536765110267833,0.15816971896826706,0.7118462299950503,0.8673073750206237,0.28567171591755647,0.39550679205851624,0.36055035733022184,1.353405887424584,3.870585886426535,2.7735376755822134,3.0,3.0,1.0,0.5157662849970542,0.14733983964753194,0.6631061246445862,0.8079228463843848,0.28567171591755647,0.3684264453495223,0.31286690795229594,1.3268087095371954,3.768996213107433,3.1962472686707857,3.0,3.0,1.0,0.5157662849970542,0.14733983964753194,0.6631061246445862,0.8079228463843848,0.28567171591755647,0.3684264453495223,0.31286690795229594,1.3268087095371957,3.768996213107434,3.1962472686707857,3.0,3.0,1.0,lh_25,spp_20,1.0,0.06846999154691462,0.9315300084530854,78078.0,72732.0
Cha-F-800090,dense,True,5,0.5287662337662338,0.2547474747474747,0.7835137085137085,0.8425757575757575,0.481777122818508,0.27401875901875905,0.3552806961597005,1.3486210998639412,3.8521101916109544,2.814675862801437,5.0,2.0,2.0,0.5287662337662338,0.2547474747474747,0.7835137085137085,0.8425757575757575,0.481777122818508,0.27401875901875905,0.3552806961597005,1.3486210998639414,3.8521101916109552,2.814675862801437,5.0,2.0,2.0,0.4066507232786412,0.19591501545324908,0.6025657387318903,0.6479877483756056,0.4817771228185081,0.21073570782539214,0.21012962303242652,1.2391125694016083,3.4525482079403447,4.75896727728714,2.0,2.0,1.0,0.4066507232786412,0.19591501545324908,0.6025657387318903,0.6479877483756056,0.4817771228185081,0.21073570782539214,0.21012962303242655,1.239112569401608,3.4525482079403442,4.758967277287139,2.0,2.0,1.0,dfp_5,dlp_23,1.0,0.23094422958478755,0.7690557704152124,180221.0,138600.0
E0585-F-600004,dense,True,1,0.7873335498538486,0.11438778824293602,0.9017213380967847,0.9468983436180578,0.14528504248824356,0.6729457616109126,0.6360147300052814,0.7934375979259397,2.2109838510269197,1.572290629167812,2.0,2.0,1.0,0.7873335498538486,0.11438778824293602,0.9017213380967847,0.9468983436180578,0.14528504248824356,0.6729457616109126,0.6360147300052815,0.7934375979259398,2.2109838510269197,1.5722906291678118,2.0,2.0,1.0,0.7054680906789279,0.10249396152838809,0.807962052207316,0.8484416378081076,0.14528504248824356,0.6029741291505398,0.5106277438271576,0.8093120901934693,2.246362160483716,1.9583738096661079,2.0,2.0,1.0,0.7054680906789279,0.10249396152838809,0.807962052207316,0.8484416378081076,0.14528504248824356,0.6029741291505398,0.5106277438271575,0.8093120901934693,2.246362160483716,1.9583738096661083,2.0,2.0,1.0,dlp_23,idlp_24,1.0,0.10397811599685708,0.8960218840031429,34363.0,30790.0
GH146-M-000001,dense,True,1,0.8722971563651533,0.0355541263992213,0.9078512827643745,0.9308384898838906,0.0407591909933247,0.836743029965932,0.7637015571234452,0.6277427219495665,1.8733770700178418,1.309412021846067,1.0,1.0,1.0,0.8722971563651533,0.0355541263992213,0.9078512827643745,0.9308384898838906,0.0407591909933247,0.836743029965932,0.7637015571234453,0.6277427219495664,1.8733770700178416,1.3094120218460668,1.0,1.0,1.0,0.7530366802463856,0.030693165875141613,0.7837298461215272,0.803574242049112,0.0407591909933247,0.722343514371244,0.5691503731058438,0.6688338766060453,1.9519597669913926,1.7570049098676983,1.0,1.0,1.0,0.7530366802463856,0.030693165875141613,0.7837298461215272,0.803574242049112,0.0407591909933247,0.722343514371244,0.5691503731058439,0.6688338766060453,1.9519597669913926,1.757004909867698,1.0,1.0,1.0,al_3,dfp_5,1.0,0.13672001020354574,0.8632799897964543,133287.0,115064.0
Gad1-F-000245,dense,True,1,0.2442532225325723,0.18885862493711073,0.433111847469683,0.5809059523602991,0.7732083244548618,0.05539459759546159,0.15483895079310672,2.02222460093872,7.555113365242433,6.458323276396929,7.0,5.0,1.0,0.3708991863430544,0.30016828299300846,0.6710674693360629,0.8785760136014296,0.8092988446606484,0.07073090335004595,0.2777916246596157,1.4204509288739975,4.1389864079908545,3.5998205533565755,4.0,3.0,3.0,0.19562317632346812,0.15125746838960677,0.3468806447130749,0.46524940947617066,0.7732083244548618,0.044365707933861354,0.09932080429896752,1.7974187715322434,6.0340520784440255,10.068384031505426,6.0,4.0,0.0,0.2970543281923024,0.24040572460747534,0.5374600527997777,0.7036543004029456,0.8092988446606483,0.05664860358482704,0.17818828820130603,1.3154563395260925,3.726451124241445,5.612041117260537,4.0,3.0,2.0,dfp_5,fb_6,0.31708686093830396,0.19909684590801724,0.8009031540919828,71970.0,57641.0
Gad1-F-000694,dense,True,5,0.9773252804141501,0.014092608570606844,0.9914178889847569,0.9988955996548748,0.014419568236928219,0.9632326718435433,0.9554201053159308,0.12720348767964204,1.1356480846646955,1.0466599922233455,1.0,1.0,1.0,0.9773252804141501,0.014092608570606844,0.9914178889847569,0.9988955996548748,0.014419568236928219,0.9632326718435433,0.9554201053159308,0.12720348767964204,1.1356480846646955,1.0466599922233455,1.0,1.0,1.0,0.9535964439655172,0.013750448994252873,0.9673468929597702,0.9746430495689655,0.014419568236928219,0.9398459949712643,0.909589328103123,0.148097273548439,1.1596256917827803,1.0993972434630708,1.0,1.0,1.0,0.9535964439655172,0.013750448994252873,0.9673468929597702,0.9746430495689655,0.014419568236928219,0.9398459949712643,0.9095893281031229,0.148097273548439,1.1596256917827803,1.0993972434630708,1.0,1.0,1.0,vlp_21,lh_25,1.0,0.02427936422413793,0.9757206357758621,89088.0,86925.0
Gad1-F-000703,dense,True,4,0.7826641326051916,0.10376821356685191,0.8864323461720436,0.9315322250823972,0.13258332564882838,0.6788959190383397,0.6276266464237027,0.8102467453944489,2.248462716054974,1.5933039263041628,2.0,2.0,1.0,0.7826641326051916,0.10376821356685191,0.8864323461720436,0.9315322250823972,0.13258332564882838,0.6788959190383397,0.6276266464237027,0.8102467453944487,2.2484627160549735,1.5933039263041628,2.0,2.0,1.0,0.727574305032689,0.09646422101786899,0.824038526050558,0.8659639340107199,0.13258332564882835,0.63111008401482,0.5423819354276274,0.8210655534010496,2.27292046578167,1.843719221975148,2.0,1.0,1.0,0.727574305032689,0.09646422101786899,0.824038526050558,0.8659639340107199,0.13258332564882835,0.63111008401482,0.5423819354276274,0.8210655534010496,2.27292046578167,1.843719221975148,2.0,1.0,1.0,lh_25,dlp_23,1.0,0.07038757147223486,0.9296124285277652,134143.0,124701.0
Gad1-F-100171,dense,True,1,0.5551400360515484,0.1701417848206839,0.7252818208722323,0.8816217815921871,0.30648444315207907,0.3849982512308645,0.36553450724711917,1.3506541973472572,3.8599498738656712,2.735719829930998,3.0,3.0,1.0,0.5551400360515484,0.3264817455406387,0.8816217815921871,0.9314213457451102,0.5881070078511195,0.2286582905109097,0.41873502214904057,1.1242560932121546,3.0779263067766403,2.3881451206726854,2.0,2.0,2.0,0.4706660583941606,0.14425182481751825,0.6149178832116788,0.7474680656934307,0.30648444315207907,0.32641423357664234,0.26275382352133175,1.2850823620720444,3.6149656810205633,3.8058437612757126,3.0,3.0,1.0,0.4706660583941606,0.27680200729927007,0.7474680656934307,0.7896897810218979,0.5881070078511195,0.19386405109489052,0.30099546261871307,1.0931345716387042,2.983611774919481,3.3223092178859623,2.0,2.0,2.0,dfp_5,fb_6,1.0,0.15216697080291972,0.8478330291970803,43840.0,37169.0
Gad1-F-100784,dense,True,1,0.3307887272946714,0.2118761692112727,0.5426648965059441,0.6870838613642306,0.6405181063577488,0.1189125580833987,0.19226339839604156,1.920136778210415,6.8218914915906,5.201197983300542,5.0,3.0,2.0,0.35629513406955926,0.3307887272946714,0.6870838613642307,0.7667209784161085,0.9284121383203952,0.025506406774887858,0.2535142936030228,1.6727409210637245,5.3267480022581095,3.9445507619617564,4.0,2.0,2.0,0.2578942828689945,0.16518595770373798,0.4230802405727325,0.5356742388005866,0.6405181063577488,0.09270832516525654,0.1168634333642829,1.6910792642733603,5.42533291450861,8.556996583206935,5.0,3.0,1.0,0.27777995593159205,0.2578942828689945,0.5356742388005866,0.5977620776450847,0.9284121383203952,0.01988567306259753,0.15409355605138453,1.498200934696034,4.473633467479014,6.4895640390474005,4.0,2.0,2.0,fb_6,dfp_5,0.18932956951305574,0.22036556391095358,0.7796344360890464,127529.0,99426.0
Gad1-F-200186,dense,True,5,0.5609390234755869,0.2403435085877147,0.8012825320633016,0.9096227405685142,0.4284663725096938,0.3205955148878722,0.3856879113420121,1.2944794380981892,3.6490958993296556,2.592769881017197,3.0,3.0,2.0,0.5631140778519463,0.2676441911047776,0.8307582689567239,0.940936023400585,0.4752930207778369,0.29546988674716873,0.4017393954686864,1.1734980053501667,3.233282921238571,2.4891758470272927,3.0,3.0,2.0,0.407574931880109,0.17463215258855586,0.5822070844686649,0.6609264305177112,0.42846637250969377,0.23294277929155316,0.20361963189273066,1.1726259769622238,3.2304646357360753,4.911117806787964,3.0,2.0,1.0,0.40915531335149863,0.19446866485013625,0.6036239782016348,0.6836784741144414,0.475293020777837,0.21468664850136238,0.21209383394338066,1.0847215931568075,2.958616005124933,4.714894258863528,3.0,2.0,1.0,al_3,ms_12,0.9922749067661162,0.2734059945504087,0.7265940054495913,36700.0,26666.0
Gad1-F-200219,dense,True,1,0.667080459770115,0.10455172413793104,0.771632183908046,0.8294252873563218,0.1567303053277276,0.562528735632184,0.4644185694279298,1.2897419074904068,3.6318490817365334,2.153230008076117,3.0,2.0,1.0,0.667080459770115,0.10455172413793104,0.771632183908046,0.8294252873563218,0.1567303053277276,0.562528735632184,0.4644185694279298,1.2897419074904068,3.6318490817365334,2.153230008076117,3.0,2.0,1.0,0.5684342494466101,0.08909087347450488,0.657525122921115,0.7067719250132226,0.1567303053277276,0.47934337597210525,0.337220223628047,1.2353789740280066,3.439681823806342,2.9654211993613924,2.0,1.0,1.0,0.5684342494466101,0.08909087347450488,0.657525122921115,0.7067719250132226,0.1567303053277276,0.47934337597210525,0.33722022362804704,1.2353789740280066,3.439681823806342,2.965421199361392,2.0,1.0,1.0,dfp_5,fspp_19,1.0,0.147877529432506,0.852122470567494,51049.0,43500.0
Gad1-F-200247,dense,True,1,0.41074738404507494,0.18498881250046154,0.5957361965455364,0.7041552514787437,0.4503712493033457,0.2257585715446134,0.2324003928729171,1.782858376911572,5.946830430772319,4.302918715575611,5.0,3.0,1.0,0.41074738404507494,0.18498881250046154,0.5957361965455364,0.7041552514787437,0.4503712493033457,0.2257585715446134,0.23240039287291708,1.7828583769115722,5.94683043077232,4.302918715575612,5.0,3.0,1.0,0.3712506507548757,0.16720061938515343,0.5384512701400291,0.636444942800315,0.45037124930334566,0.20405003136972225,0.18985484853547366,1.7028011656065531,5.489302320702215,5.267181785000101,5.0,2.0,1.0,0.3712506507548757,0.16720061938515343,0.5384512701400291,0.636444942800315,0.45037124930334566,0.20405003136972225,0.18985484853547366,1.7028011656065534,5.489302320702217,5.267181785000101,5.0,2.0,1.0,dlp_23,spp_20,1.0,0.09615821019048763,0.9038417898095124,149826.0,135419.0
Gad1-F-200719,dense,True,2,0.7896230387579869,0.14320499441606707,0.9328280331740539,0.9856831621537504,0.18135868305124042,0.6464180443419199,0.6469001396492622,0.6943784518708397,2.002464059273236,1.545833643724644,3.0,2.0,1.0,0.8424781677376834,0.14320499441606707,0.9856831621537504,0.9990296772303693,0.16998065932155507,0.6992731733216163,0.7304556729326435,0.4879830419499992,1.6290272246132111,1.3690084656132333,2.0,2.0,1.0,0.6872649627127286,0.12464146854484033,0.811906431257569,0.8579100006373893,0.18135868305124045,0.5626234941678883,0.49005636022760773,0.7252054598280591,2.0651553628462707,2.040581617052267,2.0,2.0,1.0,0.7332685320925489,0.12464146854484033,0.8579100006373893,0.8695264197845625,0.16998065932155507,0.6086270635477086,0.5533534875708344,0.5455648886430532,1.7255828692777326,1.8071630927816114,2.0,2.0,1.0,al_3,ms_12,0.8745246322011431,0.1296290394543948,0.8703709605456053,62756.0,54621.0
Gad1-F-400220,dense,True,1,0.8809030984300863,0.05005891156895838,0.9309620099990447,0.9601630417476037,0.0568268083721939,0.8308441868611279,0.7799073141332828,0.5358554518771447,1.7089095069898932,1.2822036437897852,2.0,1.0,1.0,0.8809030984300863,0.05005891156895838,0.9309620099990447,0.9601630417476037,0.0568268083721939,0.8308441868611279,0.7799073141332828,0.5358554518771447,1.7089095069898932,1.2822036437897852,2.0,1.0,1.0,0.7914115694913315,0.04497339360302111,0.8363849630943526,0.8626194426961149,0.0568268083721939,0.7464381758883104,0.6294938736850851,0.577663668414102,1.7818705234532741,1.5885778111643176,1.0,1.0,1.0,0.7914115694913315,0.04497339360302111,0.8363849630943526,0.8626194426961149,0.0568268083721939,0.7464381758883104,0.6294938736850851,0.5776636684141021,1.7818705234532743,1.5885778111643176,1.0,1.0,1.0,dfp_5,fspp_19,1.0,0.10159066201293128,0.8984093379870687,34954.0,31403.0
Gad1-F-500004,dense,True,5,0.34075300086622945,0.2581982427917337,0.5989512436579632,0.83745823536691,0.7577284488628625,0.08255475807449575,0.2490115663304537,1.564680656033349,4.781147861354036,4.015877714985088,5.0,3.0,3.0,0.34075300086622945,0.2581982427917337,0.5989512436579632,0.83745823536691,0.7577284488628625,0.08255475807449575,0.24901156633045374,1.564680656033349,4.781147861354036,4.015877714985087,5.0,3.0,3.0,0.29987136118919433,0.22722106137228343,0.5270924225614777,0.7369846790495701,0.7577284488628626,0.0726502998169109,0.19284577292910274,1.4894300664331483,4.434567389829329,5.185490896746994,5.0,3.0,3.0,0.29987136118919433,0.22722106137228343,0.5270924225614777,0.7369846790495701,0.7577284488628626,0.0726502998169109,0.1928457729291027,1.4894300664331486,4.43456738982933,5.185490896746994,5.0,3.0,3.0,dlp_23,lh_25,1.0,0.11997440836356459,0.8800255916364355,146923.0,129296.0
Gad1-F-500321,dense,True,1,0.4276039572106491,0.35943054773586425,0.7870345049465133,0.8894715676023486,0.8405688059589196,0.06817340947478484,0.33015595050906144,1.2896212660481337,3.6314109566537462,3.0288716543140244,4.0,3.0,2.0,0.4276039572106491,0.35943054773586425,0.7870345049465133,0.8894715676023486,0.8405688059589196,0.06817340947478484,0.3301559505090614,1.2896212660481337,3.6314109566537462,3.028871654314025,4.0,3.0,2.0,0.37158912994855736,0.3123462312681727,0.68393536121673,0.7729534779691344,0.8405688059589196,0.05924289868038468,0.2493226303441458,1.2427003402385988,3.464957407084462,4.010867359371577,4.0,2.0,2.0,0.37158912994855736,0.3123462312681727,0.68393536121673,0.7729534779691344,0.8405688059589196,0.05924289868038468,0.2493226303441458,1.242700340238599,3.464957407084463,4.010867359371577,4.0,2.0,2.0,spp_20,lh_25,1.0,0.13099698054126593,0.869003019458734,71536.0,62165.0
Gad1-F-500457,dense,True,1,0.3054549218507401,0.2642583583479971,0.5697132801987372,0.8222233723217058,0.865130464249407,0.04119656350274298,0.23732745753328488,1.6198218375299773,5.052190125704315,4.213587464315001,4.0,3.0,3.0,0.5697132801987372,0.2583065935203395,0.8280198737190767,0.918693717006521,0.45339752906976744,0.3114066866783977,0.4016928401321516,1.1986778024026647,3.315729972964765,2.4894643371562544,3.0,2.0,2.0,0.18611251261352169,0.16101160443995963,0.34712411705348134,0.5009775479313825,0.865130464249407,0.02510090817356206,0.08810587662512052,1.2888275161829585,3.628529668358882,11.3499807084932,4.0,3.0,0.0,0.34712411705348134,0.15738521695257315,0.5045093340060545,0.5597565590312815,0.45339752906976744,0.1897389001009082,0.14912517995906144,1.032226070461152,2.8073081499524832,6.705775646168708,3.0,2.0,1.0,eb_8,mb_4,0.07231104651162791,0.39070383451059537,0.6092961654894047,31712.0,19322.0
Gad1-F-600059,dense,True,5,0.41151209843917747,0.20786192088529193,0.6193740193244694,0.7512181022380049,0.5051173991571343,0.20365017755388554,0.2521816996727928,1.6155969072284313,5.030890002006064,3.9653947978679884,5.0,4.0,2.0,0.41151209843917747,0.29137418449087454,0.702886282930052,0.8347303658435874,0.7080573951434879,0.12013791394830292,0.2870321998992811,1.4313154295376882,4.184199593171414,3.483929678798747,4.0,4.0,2.0,0.3481693683622135,0.1758664058133035,0.524035774175517,0.6355855226383454,0.5051173991571343,0.17230296254891,0.18052172330887686,1.5083338912799515,4.519195048093996,5.539499522110017,5.0,4.0,1.0,0.3481693683622135,0.2465238960313024,0.5946932643935159,0.7062430128563443,0.7080573951434879,0.10164547233091112,0.2054691019934723,1.35241826709345,3.8667651041633855,4.866911814467217,4.0,4.0,2.0,dlp_23,mb_4,1.0,0.15392677473448854,0.8460732252655114,57248.0,48436.0
Gad1-F-600604,dense,True,1,0.5614439024390244,0.17825040650406504,0.7396943089430894,0.8543219512195122,0.3174856931025694,0.3831934959349594,0.36399496621323285,1.4310245012182679,4.182982468072318,2.747290739768603,3.0,3.0,1.0,0.5614439024390244,0.17825040650406504,0.7396943089430894,0.8543219512195122,0.3174856931025694,0.3831934959349594,0.36399496621323285,1.4310245012182679,4.182982468072318,2.747290739768603,3.0,3.0,1.0,0.49137607158714436,0.1560048726618623,0.6473809442490066,0.7477031319375661,0.3174856931025694,0.33537119892528205,0.27881147661402134,1.3690996654989223,3.9318091579889227,3.5866529317384286,3.0,3.0,1.0,0.49137607158714436,0.1560048726618623,0.6473809442490066,0.7477031319375661,0.3174856931025694,0.33537119892528205,0.2788114766140213,1.3690996654989223,3.9318091579889227,3.5866529317384295,3.0,3.0,1.0,al_3,vlp_21,1.0,0.1247993442398989,0.8752006557601011,87837.0,76875.0
Gad1-F-700172,dense,True,1,0.8749902091329208,0.048836844990992404,0.9238270541239132,0.9589175217357249,0.05581416166860621,0.8261533641419284,0.7702187103167728,0.5488638549226815,1.7312849092235785,1.2983325211467838,1.0,1.0,1.0,0.9238270541239132,0.06606877105036423,0.9898958251742774,0.9975327014960444,0.07151638475560643,0.857758283073549,0.8578833534056717,0.30626163433238135,1.3583376478247637,1.165659638959243,2.0,1.0,1.0,0.729248947351242,0.04070241864412312,0.7699513659953652,0.7991970493194505,0.05581416166860621,0.6885465287071189,0.5350067967290169,0.6092933851136992,1.8391313819177693,1.869135132700948,1.0,1.0,1.0,0.7699513659953651,0.05506413813362927,0.8250155041289944,0.8313803570845709,0.07151638475560643,0.7148872278617358,0.5959001238543666,0.40709979238096683,1.5024540316462018,1.6781335662960732,2.0,1.0,1.0,al_3,ms_12,0.8942727542498622,0.1665633058067043,0.8334366941932957,30637.0,25534.0
Gad1-F-700193,dense,True,1,0.7887090974469615,0.11477885652642934,0.9034879539733909,0.9829917295936713,0.1455274915656059,0.6739302409205321,0.641768333199508,0.7137628551305948,2.04165929088948,1.5581946759737173,3.0,2.0,1.0,0.7887090974469615,0.11477885652642934,0.9034879539733909,0.9829917295936713,0.1455274915656059,0.6739302409205321,0.641768333199508,0.7137628551305948,2.04165929088948,1.5581946759737173,3.0,2.0,1.0,0.5128840667820231,0.07463873170275452,0.5875227984847776,0.6392227470420427,0.1455274915656059,0.4382453350792686,0.2713832245270636,0.7439955867891013,2.1043267595571957,3.6848261411245606,3.0,1.0,1.0,0.5128840667820231,0.07463873170275452,0.5875227984847776,0.6392227470420427,0.1455274915656059,0.4382453350792686,0.2713832245270636,0.743995586789101,2.1043267595571953,3.6848261411245606,3.0,1.0,1.0,al_3,lh_25,1.0,0.3497170649581443,0.6502829350418556,42766.0,27810.0
Gad1-F-700607,dense,True,3,0.5076961897552359,0.20689101461243778,0.7145872043676736,0.8566054183011034,0.4075094885234051,0.30080517514279814,0.3284744148680609,1.4414571631952373,4.22685054273024,3.0443771409157465,4.0,3.0,2.0,0.5086825866538206,0.3489092285458675,0.8575918151996881,0.9425366457917557,0.6859075535512965,0.15977335810795312,0.3884432369529699,1.1803062307645777,3.2553709449988038,2.574378711917369,3.0,2.0,2.0,0.44709304674558603,0.18219465880166458,0.6292877055472506,0.7543533594602237,0.407509488523405,0.26489838794392145,0.25473555773518053,1.381334715371249,3.98021053194622,3.925639627584249,4.0,3.0,1.0,0.4479616985172316,0.3072603127146378,0.7552220112318694,0.8300270696133489,0.6859075535512965,0.14070138580259384,0.301242045452518,1.1513570862360674,3.1624817593295353,3.31958972890994,3.0,2.0,2.0,dfp_5,fb_6,0.9961217587373168,0.11936891438729748,0.8806310856127025,49502.0,43593.0
Gad1-F-800371,dense,True,1,0.8531683342109883,0.07886606986133053,0.9320344040723187,0.9897314375987362,0.09243904948050613,0.7743022643496578,0.7375203311062127,0.5523932716416504,1.7374061309444058,1.3558948246214337,3.0,1.0,1.0,0.8531683342109883,0.07886606986133053,0.9320344040723187,0.9897314375987362,0.09243904948050613,0.7743022643496578,0.7375203311062128,0.5523932716416504,1.7374061309444058,1.3558948246214335,3.0,1.0,1.0,0.7042263724481664,0.0650980164882134,0.7693243889363799,0.8169489560845564,0.09243904948050613,0.639128355959953,0.5024919522582617,0.6143227062043302,1.8484042627671693,1.9900816232098342,2.0,1.0,1.0,0.7042263724481664,0.0650980164882134,0.7693243889363799,0.8169489560845564,0.09243904948050613,0.639128355959953,0.5024919522582617,0.6143227062043302,1.8484042627671693,1.9900816232098342,2.0,1.0,1.0,dfp_5,mb_4,1.0,0.174575116996769,0.825424883003231,69019.0,56970.0
Gad1-F-900395,dense,True,1,0.7197741791709998,0.10129252711335611,0.821066706284356,0.9147427326301194,0.1407282034346103,0.6184816520576437,0.5387700026394872,1.0410023621742732,2.8320543362440644,1.856079579599647,3.0,2.0,1.0,0.821066706284356,0.0969444857128708,0.9180111919972268,0.9476947457039568,0.11807138807464505,0.7241222205714851,0.6853219197581941,0.7117626970408745,2.037579730784996,1.4591682699319402,2.0,1.0,1.0,0.6407279075303515,0.09016848731716348,0.7308963948475149,0.8142848326147714,0.14072820343461032,0.550559420213188,0.4269314638717884,1.0302353903789057,2.8017252562549486,2.342296327684833,3.0,1.0,1.0,0.730896394847515,0.08629795187839995,0.817194346725915,0.843618024880754,0.11807138807464505,0.6445984429691151,0.5430619540664572,0.7371531323297473,2.0899771488027516,1.8414105287840234,2.0,1.0,1.0,dfp_5,idlp_24,0.7532660225093186,0.10982093263152326,0.8901790673684767,113421.0,100965.0
TH-F-000009,dense,True,7,0.6227464186612534,0.19028435646057248,0.8130307751218259,0.8856961514049968,0.30555672543189494,0.43246206220068084,0.43099910816863485,1.2993431005882214,3.666887100304967,2.320190415820385,3.0,2.0,1.0,0.6227464186612534,0.19028435646057248,0.8130307751218259,0.8930450427767375,0.30555672543189494,0.43246206220068084,0.4321087842670043,1.2707765407051772,3.5636187832178674,2.314232055467982,3.0,2.0,1.0,0.5092764577443945,0.155612846767932,0.6648893045123264,0.7243144000652033,0.305556725431895,0.3536636109764625,0.2882445438707568,1.2270885402892582,3.4112832504646793,3.469276422621135,3.0,2.0,1.0,0.5092764577443945,0.155612846767932,0.6648893045123264,0.7303242577761382,0.305556725431895,0.3536636109764625,0.28898667552429524,1.2037270628223062,3.332514295627801,3.4603671542493992,3.0,2.0,1.0,vlp_21,dmp_10,1.0,0.18220893371139815,0.8177910662886019,233117.0,190641.0
TH-F-000010,dense,True,7,0.5481962665760908,0.17035338739580239,0.7185496539718932,0.8370766639776956,0.31075254937395125,0.37784287918028836,0.3512263439949248,1.4177450307341595,4.127801871301492,2.847166840123046,4.0,3.0,1.0,0.5481962665760908,0.17035338739580239,0.7185496539718932,0.8370766639776956,0.31075254937395125,0.37784287918028836,0.35716937241405267,1.3434498432588409,3.8322413590323654,2.799792135706246,4.0,4.0,1.0,0.4388688095534834,0.13637960140945604,0.5752484109629394,0.6701374332944335,0.3107525493739512,0.30248920814402736,0.22510459965904298,1.3130751801826261,3.7175884062883924,4.442379238428092,4.0,2.0,1.0,0.4388688095534834,0.13637960140945604,0.5752484109629394,0.6701374332944335,0.3107525493739512,0.30248920814402736,0.22891354809335918,1.253596773504495,3.5029195345240542,4.368461405316928,4.0,2.0,1.0,dlp_23,fspp_19,1.0,0.1994312323676369,0.8005687676323631,88261.0,70659.0
TH-F-000012,dense,True,5,0.28201452599388377,0.27956721180694055,0.5615817378008243,0.7233911713867837,0.991322027905058,0.002447314186943217,0.20019260789269944,1.8237625585093062,6.195124170282097,4.995189435446021,6.0,3.0,2.0,0.28201452599388377,0.27956721180694055,0.5615817378008243,0.7233911713867837,0.991322027905058,0.002447314186943217,0.2001926078926994,1.823762558509306,6.195124170282096,4.995189435446022,6.0,3.0,2.0,0.24589884790957178,0.24376494456923412,0.48966379247880587,0.6307513948264618,0.991322027905058,0.0021339033403376673,0.15220119701617915,1.7096944718566234,5.527272482319883,6.570250560471603,6.0,3.0,2.0,0.24589884790957178,0.24376494456923412,0.48966379247880587,0.6307513948264618,0.991322027905058,0.0021339033403376673,0.15220119701617915,1.7096944718566234,5.527272482319883,6.570250560471603,6.0,3.0,2.0,dlp_23,lh_25,1.0,0.1280631838272589,0.8719368161727411,276020.0,240672.0
TH-F-000019,dense,True,8,0.8332781896977225,0.06726257952887447,0.900540769226597,0.9494161102583435,0.08072043689667967,0.766015610168848,0.7024416065167985,0.6800752547565007,1.9740262815079983,1.4236058780155494,2.0,1.0,1.0,0.8332781896977225,0.06726257952887447,0.900540769226597,0.9494161102583435,0.08072043689667967,0.766015610168848,0.7024416065167985,0.6800752547565008,1.9740262815079985,1.4236058780155494,2.0,1.0,1.0,0.7733613221176838,0.06242606380033325,0.835787385918017,0.8811483455910114,0.08072043689667965,0.7109352583173506,0.6050553343275167,0.700429988116109,2.014618783391304,1.6527413994481035,2.0,1.0,1.0,0.7733613221176838,0.06242606380033325,0.835787385918017,0.8811483455910114,0.08072043689667965,0.7109352583173506,0.6050553343275166,0.7004299881161091,2.0146187833913043,1.6527413994481037,2.0,1.0,1.0,dfp_5,fspp_19,1.0,0.07190499921973713,0.9280950007802629,198651.0,184367.0
TH-F-000036,dense,True,6,0.5964964836450265,0.1938774054578394,0.7903738891028659,0.881085861827934,0.3250269042209733,0.4026190781871871,0.4061332102941964,1.2586471452975188,3.520655329014765,2.4622463139018254,4.0,2.0,1.0,0.5964964836450265,0.1938774054578394,0.7903738891028659,0.881085861827934,0.3250269042209733,0.4026190781871871,0.40613321029419636,1.2586471452975188,3.520655329014765,2.462246313901826,4.0,2.0,1.0,0.5019446378412119,0.16314551172784672,0.6650901495690587,0.7414231868052721,0.3250269042209733,0.33879912611336516,0.28758376597907037,1.2043634383570565,3.3346357011284313,3.4772477389171454,3.0,2.0,1.0,0.5019446378412119,0.16314551172784672,0.6650901495690587,0.7414231868052721,0.3250269042209733,0.33879912611336516,0.28758376597907037,1.2043634383570567,3.334635701128432,3.4772477389171454,3.0,2.0,1.0,dfp_5,fspp_19,1.0,0.15851199193335413,0.8414880080666458,83306.0,70101.0
TH-F-000046,dense,True,2,0.8672823257582405,0.06655991342751016,0.9338422391857506,0.9611447456933111,0.07674538204075439,0.8007224123307304,0.7581513320763382,0.5593649489851427,1.7495610868875635,1.318997880358944,2.0,1.0,1.0,0.8672823257582405,0.06655991342751016,0.9338422391857506,0.9611447456933111,0.07674538204075439,0.8007224123307304,0.7581513320763382,0.5593649489851427,1.7495610868875635,1.318997880358944,2.0,1.0,1.0,0.8181504652462115,0.06278927002214145,0.8809397352683529,0.9066955448105561,0.07674538204075439,0.7553611952240701,0.6746853400385024,0.5826912640201669,1.7908516055743877,1.482172415281667,2.0,1.0,1.0,0.8181504652462115,0.06278927002214145,0.8809397352683529,0.9066955448105561,0.07674538204075439,0.7553611952240701,0.6746853400385023,0.5826912640201671,1.7908516055743882,1.4821724152816673,2.0,1.0,1.0,dfp_5,ms_12,1.0,0.05665036523034688,0.9433496347696532,144977.0,136764.0
TH-F-000079,dense,True,1,0.5291923951591706,0.21219578160652453,0.7413881767656951,0.852057200105136,0.400980406271145,0.3169966135526461,0.3410078568392044,1.5003993355127512,4.483479125333436,2.932483753509323,3.0,3.0,2.0,0.5291923951591706,0.21219578160652453,0.7413881767656951,0.8521429088401894,0.400980406271145,0.3169966135526461,0.341119245201315,1.4929588349485066,4.450243594195054,2.931526186421525,3.0,3.0,2.0,0.4596405842367254,0.18430686820594858,0.6439474524426739,0.7400712346624625,0.40098040627114495,0.27533371603077683,0.2572609874939128,1.4255894628384114,4.160309467941691,3.8871031699808802,3.0,2.0,1.0,0.4596405842367254,0.18430686820594858,0.6439474524426739,0.7401456786896528,0.40098040627114495,0.27533371603077683,0.25734502039654883,1.4191268680285702,4.133509764652891,3.8858338834731563,3.0,2.0,1.0,vlp_21,dmp_10,1.0,0.13143010284855935,0.8685698971514406,604481.0,525034.0
TH-F-000091,dense,True,2,0.46881994655235565,0.11614688606427283,0.5849668326166285,0.6990382137091852,0.24774305555555554,0.35267306048808283,0.2611402536379839,1.8007082263459353,6.053933501693974,3.829359840426172,6.0,3.0,1.0,0.5332148622434445,0.2302182671568295,0.763433129400274,0.8527476701439287,0.4317551581143308,0.30299659508661503,0.3526124441623917,1.356817678037898,3.883814068083193,2.8359747835202924,5.0,2.0,2.0,0.4033519292266754,0.09992763941084475,0.5032795686375201,0.6014215354450176,0.24774305555555554,0.30342428981583064,0.19329914655721978,1.6786551782292591,5.358345104391929,5.173328583238122,5.0,1.0,1.0,0.4587544641815084,0.19806960621834224,0.6568240703998507,0.7336663476576177,0.43175515811433074,0.26068485796316615,0.2610079586448389,1.2967513997270812,3.657395930298755,3.8313007970792534,4.0,2.0,1.0,dfp_5,mb_4,0.7584654132851655,0.13964426600686258,0.8603557339931374,85682.0,73717.0
TH-F-100005,dense,True,2,0.590540762206791,0.17858093207210163,0.7691216942788925,0.8545464486850018,0.30240238015875953,0.41195983013468934,0.3910134185643755,1.4236766552008848,4.152359202305411,2.557456988743629,3.0,2.0,1.0,0.590540762206791,0.17858093207210163,0.7691216942788925,0.8545464486850018,0.30240238015875953,0.41195983013468934,0.39105193176997477,1.4205822118105094,4.139529821950388,2.557205114609232,3.0,2.0,1.0,0.483181723284321,0.14611530317038982,0.6292970264547109,0.6991917444600197,0.3024023801587596,0.3370664201139312,0.26176579575301195,1.329024164686082,3.7773555115801964,3.820208813467539,3.0,2.0,1.0,0.483181723284321,0.14611530317038982,0.6292970264547109,0.6991917444600197,0.3024023801587596,0.3370664201139312,0.26179157860196817,1.3264922844406273,3.7678037967819105,3.8198325757468883,3.0,2.0,1.0,vlp_21,dmp_10,1.0,0.1817978466402219,0.8182021533597781,335290.0,274335.0
TH-F-100036,dense,True,5,0.5003340707636116,0.1616605544089917,0.6619946251726033,0.773336698786952,0.32310522879696124,0.33867351635461984,0.308438496067015,1.486585398042993,4.421970441716209,3.242137452851307,5.0,4.0,1.0,0.5003340707636116,0.2126917194993393,0.7130257902629509,0.8746863446719426,0.4250994124280372,0.2876423512642723,0.33102148150178284,1.3368920502713397,3.8071925357883214,3.020951980104693,4.0,3.0,2.0,0.4142449722181246,0.133844716526528,0.5480896887446526,0.6402738850371245,0.3231052287969612,0.28040025569159666,0.21142820057364095,1.3871284823337864,4.003337876758961,4.729738025896397,5.0,2.0,1.0,0.4142449722181246,0.1760952942911934,0.590340266509318,0.724184983035846,0.4250994124280372,0.23814967792693123,0.22690836934289957,1.2631918561626618,3.536692103189397,4.407065296427295,4.0,3.0,1.0,dlp_23,dfp_5,1.0,0.17206323449869695,0.827936765501303,81348.0,67351.0
TH-F-100050,dense,True,5,0.20419227690774272,0.19475361312049777,0.3989458900282405,0.5653457571318543,0.9537756083129947,0.00943866378724495,0.1444008296475912,2.153771447575862,8.617296872122996,6.9251679678052405,6.0,4.0,1.0,0.3989458900282405,0.16682271924128245,0.5657686092695229,0.7129589078333358,0.41815876140364155,0.23212317078695804,0.22433941081225395,1.8540818677650512,6.38583251959136,4.4575315428499716,5.0,3.0,1.0,0.16336911802908285,0.15581747992774592,0.3191865979568288,0.45231895702815855,0.9537756083129946,0.007551638101336938,0.09243383961048665,1.9016351434053413,6.69683578137679,10.818548750262558,5.0,4.0,0.0,0.3191865979568288,0.13347067245826966,0.45265727041509846,0.5704205356225873,0.4181587614036416,0.18571592549855914,0.14360411341083226,1.661861029135978,5.269107688442081,6.963588829375194,4.0,3.0,1.0,fb_6,dmp_10,0.02365900745731915,0.19992508775003473,0.8000749122499653,165527.0,132434.0
TH-F-100075,dense,True,6,0.6598572519532397,0.15590671444516244,0.8157639663984022,0.9074340598014452,0.2362733969864904,0.5039505375080773,0.4712268531896207,1.1209915653196574,3.0678947136139683,2.1221201492046595,3.0,2.0,1.0,0.6598572519532397,0.15590671444516244,0.8157639663984022,0.9074340598014452,0.2362733969864904,0.5039505375080773,0.4712268531896207,1.120991565319657,3.067894713613967,2.1221201492046595,3.0,2.0,1.0,0.5732457259504976,0.13544271497831079,0.7086884409288083,0.7883261035978566,0.23627339698649036,0.4378030109721868,0.3556408943520165,1.096092358191432,2.992449725648574,2.8118251187676724,3.0,2.0,1.0,0.5732457259504976,0.13544271497831079,0.7086884409288083,0.7883261035978566,0.23627339698649036,0.4378030109721868,0.3556408943520165,1.0960923581914317,2.992449725648573,2.8118251187676724,3.0,2.0,1.0,dfp_5,fspp_19,1.0,0.13125797397295227,0.8687420260270478,78380.0,68092.0
TH-F-100083,dense,False,4,0.5163264823815789,0.1447601641707565,0.6610866465523353,0.7793699435170669,0.2803655615397525,0.37156631821082237,0.31074065154168246,1.590814382843038,4.907744083892687,3.218117729491408,4.0,3.0,1.0,0.5613473976099133,0.26304346113548815,0.8243908587454014,0.8854901095784656,0.46859300008420113,0.2983039364744251,0.39147824410877585,1.252920348761631,3.5005508742791536,2.5544203670284693,3.0,2.0,2.0,0.4295141482850365,0.12042097537320279,0.5499351236582393,0.6483309086619746,0.2803655615397525,0.3090931729118337,0.21503255695565351,1.4764770960990863,4.377496983558664,4.650458582447269,4.0,2.0,1.0,0.466965491028716,0.2188167603769381,0.6857822514056541,0.7366086056173737,0.468593000084201,0.2481487306517779,0.27090297779055705,1.1953947321078937,3.3048620482271827,3.691358464036999,3.0,2.0,2.0,dfp_5,mb_4,0.8395969575345926,0.16813457581357555,0.8318654241864245,152598.0,126941.0
TH-F-100095,dense,True,5,0.45061466723187793,0.11464431790841287,0.5652589851402908,0.6753033236712762,0.25441763494444586,0.33597034932346503,0.2465370158360602,1.8080280301417544,6.098409687010121,4.056186031978948,6.0,3.0,1.0,0.5,0.22468865643939828,0.7246886564393983,0.8022639001867489,0.44937731287879656,0.2753113435606017,0.31628100648029717,1.4907879802657136,4.440593240596539,3.161745345154943,5.0,2.0,2.0,0.3710104187792719,0.09439159328557077,0.46540201206484266,0.5560062446644436,0.25441763494444586,0.2766188254937011,0.1671258769021349,1.6486705791571035,5.200062158934063,5.983513855161862,5.0,1.0,1.0,0.41167148537173204,0.18499582588517174,0.5966673112569038,0.6605383428999957,0.44937731287879656,0.2266756594865603,0.21440488510925668,1.3874732140533592,4.004718192214837,4.664072833463748,4.0,2.0,1.0,dfp_5,mb_4,0.8024586689275116,0.1766570292565359,0.8233429707434641,212021.0,174566.0
TH-F-100099,dense,False,2,0.5218380080471164,0.11644264971718468,0.6382806577643011,0.7277319377223161,0.2231394569225612,0.4053953583299318,0.30759058264207617,1.6502301889489173,5.208178554354882,3.251074826187501,6.0,2.0,1.0,0.5879132894046301,0.1762201877660505,0.7641334771706806,0.8535847571286956,0.2997383984031144,0.41169310163857953,0.39069513983153653,1.3201035660197142,3.7438090885895314,2.559540414122349,4.0,2.0,1.0,0.42523417221532556,0.0948865222530426,0.5201206944683682,0.5930125505615975,0.22313945692256118,0.33034764996228294,0.20424805727908507,1.5115553201223044,4.533776787774242,4.896007400616778,4.0,1.0,1.0,0.4790774475970991,0.14359790685380644,0.6226753544509055,0.6955672105441348,0.2997383984031144,0.33547954074329267,0.2594316204791894,1.2425424865173103,3.4644104938309295,3.8545802479779683,3.0,2.0,1.0,dfp_5,mb_4,0.7752209975575586,0.18512226848579524,0.8148777315142047,168359.0,137192.0
TH-F-200004,dense,True,6,0.6266108487403722,0.18254547621530623,0.8091563249556785,0.8683014763940826,0.291321921065145,0.44406537252506595,0.4338101250624501,1.2514184755671984,3.495297436741316,2.3051559708433333,4.0,2.0,1.0,0.6266108487403722,0.18254547621530623,0.8091563249556785,0.8683014763940826,0.291321921065145,0.44406537252506595,0.43381012506245015,1.2514184755671987,3.4952974367413168,2.305155970843333,4.0,2.0,1.0,0.5347675172597932,0.15578950045136108,0.6905570177111543,0.7410331718604976,0.2913219210651451,0.3789780168084321,0.31596130861662985,1.203259047682006,3.330954993399168,3.164944481266677,3.0,2.0,1.0,0.5347675172597932,0.15578950045136108,0.6905570177111543,0.7410331718604976,0.2913219210651451,0.3789780168084321,0.31596130861662985,1.2032590476820058,3.3309549933991676,3.164944481266677,3.0,2.0,1.0,dfp_5,fspp_19,1.0,0.14657156298076313,0.8534284370192369,78651.0,67123.0
TH-F-200010,dense,True,1,0.4574152907159693,0.11528893480338896,0.5727042255193583,0.6799066669041555,0.25204433945120847,0.34212635591258034,0.2548294580685894,1.753469597522033,5.774603508545851,3.9241930959600513,6.0,3.0,1.0,0.5022709865878204,0.1969969542062234,0.6992679407940439,0.8064941310581908,0.392212489804603,0.305274032381597,0.3147106248241654,1.4683664191098453,4.342136113645973,3.177522209676646,5.0,3.0,1.0,0.36842457630360764,0.09285932897203412,0.4612839052756418,0.547629978193504,0.2520443394512084,0.2755652473315735,0.16532002392311615,1.5865933309913274,4.887071901510006,6.0488740339467935,5.0,1.0,1.0,0.40455354068633076,0.15867095145185356,0.5632244921381844,0.6495896935613452,0.39221248980460305,0.2458825892344772,0.20416779291971054,1.3569573309684384,3.8843564919741365,4.8979321650073,4.0,2.0,1.0,dfp_5,mb_4,0.8213884653120087,0.19455124526569495,0.8054487547343051,209112.0,168429.0
TH-F-200026,dense,True,5,0.779956963364152,0.16182504513376006,0.941782008497912,0.9571913124350347,0.20747945429676998,0.6181319182303919,0.6351437561698074,0.7606786947452713,2.1397279499164474,1.5744467142847063,2.0,2.0,1.0,0.941782008497912,0.022028922078158906,0.9638109305760709,0.9792202345131936,0.023390680517770525,0.9197530864197532,0.8879064044783592,0.30253527533342883,1.3532854131733765,1.1262448327394319,1.0,1.0,1.0,0.6963384455081241,0.14447592067988668,0.8408143661880108,0.8545716518511282,0.20747945429676998,0.5518625248282374,0.5062575357862344,0.7803720812959823,2.1822841015510366,1.9752792389489422,2.0,2.0,1.0,0.8408143661880109,0.019667220214255477,0.8604815864022664,0.8742388720653838,0.023390680517770525,0.8211471459737554,0.707728453556351,0.3713458253895121,1.449684324355133,1.412971309794001,1.0,1.0,1.0,dfp_5,idlp_24,0.6563428825915635,0.10720914330370225,0.8927908566962978,122844.0,109674.0
TH-F-200034,dense,True,6,0.436414273281114,0.12361357702349869,0.5600278503046127,0.6830983463881636,0.2832482450542438,0.3128006962576153,0.23998421394317979,1.8079374937680164,6.097857584104565,4.166940748180905,6.0,3.0,1.0,0.47760487380330724,0.2466840731070496,0.7242889469103568,0.8209434290687554,0.5165024199661787,0.23092080069625764,0.3072198422634129,1.472307042391937,4.359280594093138,3.2549980907242033,5.0,2.0,2.0,0.3770633812984263,0.10680254102699842,0.48386592232542475,0.590199239616921,0.2832482450542438,0.2702608402714279,0.17914863282802446,1.6883628517114488,5.4106154704019875,5.581957195062494,5.0,3.0,1.0,0.4126521969295924,0.21313585831849463,0.625788055248087,0.7092978487896434,0.5165024199661787,0.19951633861109774,0.22934014623213042,1.3983770272078069,4.048623825524289,4.3603355820129,4.0,2.0,2.0,dfp_5,mb_4,0.8275118082687037,0.13599667933971799,0.8640033206602821,166232.0,143625.0
TH-F-200037,dense,True,5,0.43893809273213824,0.21801345858852772,0.656951551320666,0.7789745943948674,0.4966838426610887,0.22092463414361052,0.26450991058035994,1.6845949142292669,5.390266969583421,3.780576681629451,5.0,3.0,2.0,0.45700977483176763,0.34003650166272914,0.7970462764944968,0.863812968167415,0.744046452371619,0.1169732731690385,0.3343003627889584,1.3652906082531224,3.916861158792177,2.9913219108029905,4.0,2.0,2.0,0.35709926306488493,0.17736543419051,0.5344646972553949,0.6337368713506226,0.49668384266108867,0.17973382887437492,0.17507063708679124,1.5383789100172596,4.657034676230359,5.711980127794075,3.0,2.0,1.0,0.37180152852549214,0.2766376082857377,0.6484391368112299,0.7027573579646381,0.7440464523716189,0.09516392023975445,0.2212627018904372,1.2786080351592681,3.591636812274003,4.5195145474413065,3.0,2.0,2.0,dfp_5,mb_4,0.9209133673069384,0.18644731688209948,0.8135526831179005,109779.0,89311.0
TH-F-200064,dense,True,5,0.42321029513755104,0.20294880686342504,0.626159102000976,0.7401899086417849,0.4795460063122117,0.220261488274126,0.24751170482352264,1.7238645860588286,5.606152111434431,4.040212969778565,5.0,3.0,2.0,0.4515767212076066,0.316979613504234,0.7685563347118406,0.8534244346835855,0.7019396674314101,0.13459710770337263,0.3178079173899541,1.4107427202316087,4.098998683030076,3.1465547120809707,4.0,2.0,2.0,0.3220883481796678,0.15445618104925682,0.47654452922892465,0.5633287936348649,0.4795460063122117,0.167632167130411,0.14336175930953018,1.519766362608562,4.571157077155508,6.975360827156949,4.0,2.0,1.0,0.34367689510690014,0.24124044545519707,0.5849173405620972,0.6495070408768352,0.70193966743141,0.10243644965170307,0.18407817194749346,1.28146189387997,3.601901476296052,5.432474635206832,3.0,2.0,2.0,dfp_5,mb_4,0.8743671906107203,0.23894018675754752,0.7610598132424525,153461.0,116793.0
TH-F-200081,dense,False,5,0.4774944216942661,0.13752981508237083,0.615024236776637,0.7160663754263877,0.2880239199326804,0.33996460661189526,0.27070812584384846,1.7445226773172946,5.723169024950325,3.694015452557291,5.0,3.0,1.0,0.5054158723102308,0.23857195373212164,0.7439878260423525,0.8187926922057605,0.47203098834554036,0.26684391857810913,0.3251654129613737,1.4739627014167944,4.366504054494253,3.075357833702903,4.0,2.0,2.0,0.42554018224484197,0.1225657513790266,0.5481059336238686,0.6381540852710816,0.28802391993268045,0.3029744308658154,0.21500365259884968,1.6573676136565303,5.245484512511679,4.651083774217472,4.0,2.0,1.0,0.45042361259257,0.2126139030262396,0.6630375156188096,0.7297031664279402,0.4720309883455403,0.23780970956633044,0.258255090302814,1.4162461759560958,4.121619530117023,3.872140521325104,3.0,2.0,2.0,dfp_5,mb_4,0.8895109863157361,0.10880596105202206,0.8911940389479779,131252.0,116971.0
TH-F-200085,dense,True,1,0.20908343492189493,0.2042827847551007,0.4133662196769956,0.6165527929766865,0.977039548022599,0.004800650166794235,0.16237184603167315,2.0092563000712915,7.457768942170052,6.15870315229978,5.0,5.0,3.0,0.4133662196769956,0.20318657329969098,0.6165527929766865,0.7611771043007398,0.4915413104110466,0.21017964637730463,0.24928856558347023,1.6823660174727255,5.378266000446998,4.011415436000679,4.0,4.0,2.0,0.18147592214375355,0.1773091529483173,0.35878507509207086,0.5351427610587531,0.9770395480225988,0.004166769195436237,0.12232338750052704,1.8668648598157631,6.467986534290656,8.175051561547798,5.0,4.0,0.0,0.35878507509207086,0.17635768596668225,0.5351427610587531,0.6606707842220527,0.49154131041104654,0.1824273891253886,0.18780239649039332,1.583137382808474,4.870211585223264,5.324745683163597,4.0,3.0,1.0,fb_6,ms_12,0.011613552192400897,0.1320406506065602,0.8679593493934398,121917.0,105819.0
TH-F-200096,dense,True,5,0.43630277629321257,0.13771764507327502,0.5740204213664876,0.6777094877781216,0.31564696022177813,0.29858513121993757,0.23821683494439885,1.8091443751886793,6.105221417871925,4.197856126471522,7.0,3.0,1.0,0.4734114370903772,0.241406711484909,0.7148181485752862,0.7899285533458975,0.5099300366898888,0.2320047256054682,0.29922706764408474,1.5111017345259772,4.531720798245213,3.3419436546076398,6.0,2.0,2.0,0.3610189807864632,0.11395454386761163,0.47497352465407483,0.5607711017235159,0.3156469602217781,0.2470644369188516,0.16310097930871842,1.653701570368717,5.226289545511379,6.131171034278062,5.0,2.0,1.0,0.3917245633022612,0.1997521209370527,0.5914766842393139,0.6536268314538747,0.5099300366898888,0.1919724423652085,0.20487312653540019,1.4070860175704833,4.084037235092516,4.8810696498411135,4.0,2.0,1.0,dfp_5,mb_4,0.8432287102092958,0.1725494303436558,0.8274505696563442,171858.0,142204.0
TH-F-200106,dense,True,6,0.21370202312432116,0.15692663763437587,0.37062866075869705,0.5080346357259595,0.734324529735892,0.05677538548994529,0.1317381111157619,2.234471376491966,9.341542387845662,7.590817809140079,6.0,5.0,1.0,0.2922719290231548,0.21370202312432116,0.505973952147476,0.6433799271147385,0.7311753264795776,0.07856990589883364,0.17446073554859104,2.0176911207390136,7.520939929221292,5.731948778362674,5.0,4.0,2.0,0.16147639063602615,0.1185760746172491,0.28005246525327526,0.3838784401558617,0.734324529735892,0.04290031601877704,0.0752163459927078,1.900140561209267,6.6868342857383265,13.294982450981463,5.0,4.0,0.0,0.22084496671064338,0.16147639063602615,0.3823213573466695,0.48614733224925594,0.7311753264795777,0.059368576074617235,0.09960898130408287,1.7363382127411975,5.676519113481741,10.039255365409614,4.0,3.0,1.0,fb_6,ms_12,0.07383995554320645,0.24438529745650905,0.755614702543491,130372.0,98511.0
TH-F-300037,dense,True,5,0.49912207357859534,0.1184866220735786,0.6176086956521739,0.7303595317725753,0.23739006616969596,0.38063545150501676,0.29197226471180415,1.6621779607639162,5.270777899977011,3.4249828523509445,5.0,3.0,1.0,0.525685618729097,0.23123745819397992,0.7569230769230769,0.8570652173913044,0.4398778470543326,0.29444816053511713,0.34528782396170066,1.3940469882724127,4.031131026307232,2.8961345596447097,4.0,3.0,2.0,0.4180849126640613,0.09924920508187307,0.5173341177459343,0.6117787956465099,0.237390066169696,0.3188357075821882,0.20485993748440554,1.5407093026446357,4.667900050882531,4.8813838971132295,4.0,1.0,1.0,0.44033561653429704,0.19369388298244877,0.6340294995167458,0.7179126220391926,0.43987784705433264,0.24664173355184826,0.24226836100593718,1.3161119142484528,3.7288948923513856,4.127654126390418,3.0,2.0,1.0,dfp_5,mb_4,0.8989375238579972,0.16235940104494964,0.8376405989550504,142782.0,119600.0
TH-F-300046,dense,True,1,0.20746363393152215,0.17056512319612235,0.3780287571276445,0.547146057042139,0.8221446812814484,0.03689851073539979,0.14953470191931678,2.102397544408671,8.1857721568175,6.687410929802514,5.0,5.0,1.0,0.33627794010418033,0.20746363393152215,0.5437415740357024,0.7143066972318248,0.6169409562436627,0.12881430617265818,0.2079755263035844,1.8139987409747587,6.1349304467451775,4.808258056961413,4.0,4.0,2.0,0.17053671914414706,0.14020585660754864,0.3107425757516957,0.44975831037174063,0.8221446812814482,0.03033086253659842,0.1010401157501158,1.889305105094418,6.61477051327516,9.897059129198928,5.0,5.0,0.0,0.2764230797424852,0.17053671914414706,0.4469597988866323,0.5871656554941809,0.6169409562436627,0.10588636059833814,0.1405283922807678,1.6522390477296325,5.218651565453485,7.115999719131892,4.0,4.0,1.0,fb_6,ms_12,0.005818578894002028,0.17799222971079173,0.8220077702892082,231909.0,190631.0
TH-F-300062,dense,True,5,0.5635725745029088,0.15026981477580256,0.7138423892787114,0.8491143917418853,0.26663791244339013,0.4133027597271062,0.3679160297923276,1.339986902635683,3.8189934862897634,2.7180114999731213,4.0,3.0,1.0,0.5635725745029088,0.15026981477580256,0.7138423892787114,0.8491143917418853,0.26663791244339013,0.4133027597271062,0.36791602979232757,1.3399869026356832,3.818993486289764,2.7180114999731217,4.0,3.0,1.0,0.48893559588915914,0.13036876660715038,0.6193043624963095,0.7366615585766705,0.26663791244339013,0.3585668292820088,0.2769187237875772,1.2857760125348503,3.6174740735114606,3.6111678774277984,4.0,3.0,1.0,0.48893559588915914,0.13036876660715038,0.6193043624963095,0.7366615585766705,0.26663791244339013,0.3585668292820088,0.27691872378757726,1.28577601253485,3.6174740735114597,3.611167877427798,4.0,3.0,1.0,dmp_10,vmp_15,1.0,0.13243543421108128,0.8675645657889187,142258.0,123418.0
TH-F-300078,dense,True,5,0.2950321141321469,0.12895158127543574,0.42398369540758263,0.5409640025974193,0.43707642354376863,0.16608053285671118,0.15021579500394633,2.1826313552288035,8.869614685877181,6.657089555553921,7.0,3.0,1.0,0.2950321141321469,0.12895158127543574,0.42398369540758263,0.5459595342647181,0.43707642354376863,0.16608053285671118,0.1552211130996537,2.1104583254906832,8.252022530315163,6.442422554707417,7.0,4.0,1.0,0.23631345043694996,0.10328703775226972,0.3396004881892197,0.4332988305087364,0.43707642354376863,0.13302641268468024,0.09637267210507952,1.925990451362898,6.8619417207780895,10.376385526694273,6.0,2.0,1.0,0.23631345043694996,0.10328703775226972,0.3396004881892197,0.43730012822691533,0.43707642354376863,0.13302641268468024,0.09958389153514383,1.8681816337157975,6.476509020006737,10.041784716226854,6.0,2.0,1.0,lh_25,dmp_10,1.0,0.19902465149572318,0.8009753485042768,194187.0,155539.0
TH-F-700015,dense,True,1,0.18395457356496317,0.17520286351455183,0.359157437079515,0.5162384513033863,0.9524246128769357,0.008751710050411338,0.13772660451505864,2.116685734435751,8.303571591184784,7.260761299685297,6.0,5.0,0.0,0.359157437079515,0.15867393789471712,0.517831374974232,0.6692340848185003,0.44179493869032094,0.20048349918479785,0.2052970999115089,1.8088695722789532,6.1035439157635585,4.870989412081511,6.0,4.0,1.0,0.15625099487440705,0.14881729330489318,0.3050682881793002,0.4384928846582407,0.9524246128769356,0.0074337015695138675,0.09936701488164933,1.9365560911900452,6.934826886690927,10.063701734333529,6.0,5.0,0.0,0.30506828817930026,0.1347776256725351,0.43984591385183536,0.5684473592053739,0.4417949386903209,0.17029066250676517,0.1481177878006562,1.675097076372802,5.339313445098123,6.751383576872255,6.0,4.0,1.0,fb_6,dmp_10,0.024367336290112184,0.1506001082423355,0.8493998917576645,62822.0,53361.0
TH-M-000008,dense,True,6,0.3400211909302818,0.28702691248145795,0.6270481034117398,0.7479974570883662,0.8441441890611757,0.05299427844882387,0.2213937672978995,1.8670508768674132,6.469189801986562,4.516838988761757,4.0,3.0,2.0,0.6270481034117398,0.1209493536766264,0.7479974570883662,0.8098580207671117,0.19288688223207526,0.5060987497351134,0.41839185991658967,1.3932256695358793,4.027821542122628,2.390103861483728,4.0,2.0,1.0,0.25613945469637955,0.21621863227124705,0.4723580869676266,0.5634697656599196,0.8441441890611756,0.03992082242513251,0.12563376742516372,1.6198581275339161,5.052373473030694,7.959643497881014,3.0,2.0,2.0,0.4723580869676266,0.09111167869229296,0.5634697656599196,0.6100695996424239,0.19288688223207526,0.3812464082753336,0.23742378235343037,1.2629235203253233,3.535743209269295,4.211877976534779,2.0,1.0,1.0,fb_6,dfp_5,0.08451389639883206,0.24669561330694081,0.7533043866930592,156610.0,117975.0
TH-M-000021,dense,True,2,0.8762740148046725,0.05196183304094818,0.9282358478456206,0.9734799537888836,0.059298612264031166,0.8243121817637243,0.7728750753604003,0.5379780543210535,1.7125406949066804,1.2938701633426188,2.0,1.0,1.0,0.8762740148046725,0.05196183304094818,0.9282358478456206,0.9734799537888836,0.059298612264031166,0.8243121817637243,0.7728750753604002,0.5379780543210534,1.7125406949066804,1.293870163342619,2.0,1.0,1.0,0.7545613983375582,0.04474444378942404,0.7993058421269822,0.8382656369745917,0.05929861226403117,0.7098169545481342,0.5730844218537839,0.5920251321014425,1.8076454319695028,1.744943610166983,1.0,1.0,1.0,0.7545613983375582,0.04474444378942404,0.7993058421269822,0.8382656369745917,0.05929861226403117,0.7098169545481342,0.5730844218537839,0.5920251321014424,1.8076454319695026,1.744943610166983,1.0,1.0,1.0,dfp_5,fspp_19,1.0,0.1388978954194423,0.8611021045805577,135704.0,116855.0
TH-M-000029,dense,True,7,0.7983609607840096,0.06982586177487633,0.868186822558886,0.9362526942579354,0.08746151829155782,0.7285350990091333,0.6479329459648909,0.8187000903869729,2.267550310441864,1.5433695820341666,3.0,1.0,1.0,0.7983609607840096,0.06982586177487633,0.868186822558886,0.9362526942579354,0.08746151829155782,0.7285350990091333,0.6479329459648909,0.818700090386973,2.2675503104418646,1.5433695820341666,3.0,1.0,1.0,0.6667076731823862,0.05831126535316322,0.7250189385355494,0.7818604440358181,0.08746151829155782,0.608396407829223,0.45185842696193096,0.8341846444322635,2.3029355712375734,2.2130825504871017,3.0,1.0,1.0,0.6667076731823862,0.05831126535316322,0.7250189385355494,0.7818604440358181,0.08746151829155782,0.608396407829223,0.451858426961931,0.8341846444322636,2.3029355712375734,2.2130825504871017,3.0,1.0,1.0,dfp_5,fspp_19,1.0,0.16490446560956185,0.8350955343904382,154447.0,128978.0
TH-M-000030,dense,True,3,0.2777665482244303,0.27299517011000235,0.5507617183344327,0.7019245090321071,0.9828223443574178,0.00477137811442796,0.19481630954652834,1.8575632747585056,6.408102945298509,5.133040464259324,5.0,4.0,2.0,0.2777665482244303,0.27299517011000235,0.5507617183344327,0.7019245090321071,0.9828223443574178,0.00477137811442796,0.19481630954652832,1.8575632747585054,6.408102945298507,5.133040464259325,5.0,4.0,2.0,0.2262090416038537,0.22232330058394414,0.4485323421877978,0.5716371229055119,0.9828223443574178,0.0038857410199095443,0.12920679319395356,1.6799833688378336,5.365466736432547,7.739531144456858,5.0,3.0,2.0,0.2262090416038537,0.22232330058394414,0.4485323421877978,0.5716371229055119,0.9828223443574178,0.0038857410199095443,0.12920679319395356,1.679983368837834,5.365466736432549,7.739531144456858,5.0,3.0,2.0,lh_25,dlp_23,1.0,0.1856145275597373,0.8143854724402627,230844.0,187996.0
TH-M-000032,dense,True,8,0.8224170420751995,0.07826163766451727,0.9006786797397168,0.944270235256014,0.0951605252087678,0.7441554044106822,0.6854908129961725,0.7345950741837058,2.084637697956712,1.4588087557718787,2.0,1.0,1.0,0.8224170420751995,0.07826163766451727,0.9006786797397168,0.944270235256014,0.0951605252087678,0.7441554044106822,0.6854908129961725,0.7345950741837057,2.0846376979567114,1.4588087557718787,2.0,1.0,1.0,0.666048668820717,0.06338154113958008,0.7294302099602971,0.7647335853015869,0.0951605252087678,0.602667127681137,0.4496031710754705,0.7657132911711415,2.1505277801867937,2.2241836008584106,2.0,1.0,1.0,0.666048668820717,0.06338154113958008,0.7294302099602971,0.7647335853015869,0.0951605252087678,0.602667127681137,0.4496031710754705,0.7657132911711414,2.1505277801867937,2.2241836008584106,2.0,1.0,1.0,dfp_5,mb_4,1.0,0.1901327006307155,0.8098672993692845,167746.0,135852.0
TH-M-000045,dense,True,4,0.5022984197131415,0.18404127291021366,0.6863396926233551,0.8186319963698779,0.36639827179890017,0.3182571468029278,0.31188134666278544,1.5359354508161194,4.645669293080456,3.2063475764109324,4.0,3.0,1.0,0.51437252155385,0.31633357665673645,0.8307060982105865,0.9045711918243337,0.6149892605093588,0.1980389448971136,0.3727066510353943,1.2630314961460951,3.5361250046563186,2.6830752744067197,3.0,2.0,2.0,0.3653138384497837,0.13385035907222337,0.4991641975220071,0.595378335138858,0.36639827179890017,0.23146347937756034,0.16496736031142017,1.3486567079612883,3.8522473603677936,6.061805184445163,4.0,2.0,1.0,0.37409514517135745,0.2300644966890743,0.6041596418604318,0.6578805770982947,0.6149892605093586,0.14403064848228314,0.19714046078650954,1.150177900750293,3.158754804557249,5.0725254268474895,3.0,2.0,2.0,dfp_5,mb_4,0.953053083768027,0.2727155330124043,0.7272844669875956,139387.0,101374.0
TH-M-100016,dense,True,3,0.4681021949756509,0.20659611024694746,0.6746983052225983,0.7867854129177214,0.4413483048454705,0.26150608472870346,0.2831948543987444,1.650752931648182,5.2109018033879,3.531137605318134,4.0,3.0,2.0,0.4957859314159067,0.31868321794207055,0.8144691493579772,0.8897733857931497,0.6427839068203257,0.17710271347383616,0.3554260125554193,1.337274680999369,3.808649563374024,2.8135250788490795,3.0,2.0,2.0,0.35365731886228696,0.15608605817606439,0.5097433770383514,0.5944266500756581,0.4413483048454705,0.19757126068622258,0.16164761570045252,1.4589796827897041,4.301568324323071,6.186296009791381,4.0,2.0,1.0,0.3745727431235646,0.24076933121337113,0.6153420743369358,0.67223540797751,0.6427839068203257,0.13380341191019346,0.20287715894232475,1.2221427723114997,3.3944534873587124,4.92909110721669,3.0,2.0,2.0,dfp_5,mb_4,0.8883238321781569,0.24448694610226512,0.7555130538977348,130191.0,98361.0
TH-M-100027,dense,True,5,0.7459063012539019,0.10773900851806782,0.8536453097719697,0.9234828845034654,0.14444040536586664,0.6381672927358341,0.5747083782434534,0.9570134644521169,2.6039081848541934,1.740012914125967,3.0,2.0,1.0,0.7459063012539019,0.10773900851806782,0.8536453097719697,0.9234828845034654,0.14444040536586664,0.6381672927358341,0.5747554569097263,0.9523931093621105,2.59190495536305,1.739870388315538,3.0,2.0,1.0,0.6530124248775461,0.09432137935826028,0.7473338042358063,0.8084739286003775,0.1444404053658666,0.5586910455192858,0.44047561013899766,0.9542684358932301,2.5967701840123087,2.2702732614058636,3.0,1.0,1.0,0.6530124248775461,0.09432137935826028,0.7473338042358063,0.8084739286003775,0.1444404053658666,0.5586910455192858,0.44051169279419483,0.9502234918083652,2.5862876088245987,2.270087301558181,3.0,1.0,1.0,vlp_21,dmp_10,1.0,0.1245382646857884,0.8754617353142116,172718.0,151208.0
TH-M-100057,dense,True,6,0.20713664756262476,0.18459012170777256,0.3917267692703973,0.5756085388627729,0.8911514397854895,0.0225465258548522,0.1349041367396133,2.3229847588555725,10.206091611649132,7.412671132021408,4.0,4.0,1.0,0.3684718913001481,0.22717174319016034,0.5956436344903084,0.7223259707643763,0.6165239426773855,0.14130014810998778,0.21640715090187435,1.865211232072027,6.457299730744102,4.620919391214715,5.0,3.0,2.0,0.12205452682704712,0.1087690673142597,0.23082359414130682,0.3391752675115732,0.8911514397854895,0.013285459512787423,0.0468402456376909,1.6804692450265557,5.368074322391824,21.349162165693915,4.0,3.0,0.0,0.21712074068452608,0.13386013508385824,0.3509808757683843,0.42562798816118996,0.6165239426773855,0.08326060560066784,0.07513901612640565,1.4107278358506559,4.098937672426206,13.30866507910763,3.0,2.0,1.0,eb_8,ms_12,0.0019224047535826635,0.41075358579342797,0.5892464142065721,210832.0,124232.0
TH-M-100063,dense,True,5,0.28297428385866485,0.22942777785454696,0.5124020617132118,0.7331794878881257,0.810772536380506,0.053546506004117894,0.1887670927529392,2.036421025896342,7.663133903727486,5.297533512945568,3.0,3.0,3.0,0.5037517100335789,0.23025688504428815,0.734008595077867,0.7943261431315378,0.45708407625840075,0.27349482498929073,0.31708882606925115,1.5853494788896239,4.880996885847892,3.153690441875121,4.0,2.0,2.0,0.17129521196506842,0.13888145347475492,0.31017666543982336,0.44382172851072377,0.810772536380506,0.0324137584903135,0.06917079954609232,1.536584196457669,4.648684128611389,14.456967485732832,3.0,3.0,0.0,0.3049402750359688,0.13938334392879848,0.4443236189647673,0.4808361494964366,0.45708407625840075,0.16555693110717035,0.1161923262496206,1.2635332492043885,3.5378997113869444,8.60642034011489,2.0,2.0,1.0,eb_8,ms_12,0.12346728843780003,0.3946615585371566,0.6053384414628433,119548.0,72367.0
TH-M-200010,dense,True,5,0.6973340432645277,0.16214911031587811,0.8594831535804058,0.9166037221857625,0.23252716812273602,0.5351849329486497,0.5181108907173821,1.031318154595091,2.804760507039934,1.930088747247503,3.0,2.0,1.0,0.859483153580406,0.07926051585581793,0.9387436694362239,0.9788135068537254,0.0922188125801386,0.780222637724588,0.7467843728856945,0.5681465056483614,1.7649926139548282,1.3390746195395595,2.0,1.0,1.0,0.5708782742681048,0.13274470845835698,0.7036229827264617,0.7503852080123267,0.23252716812273597,0.4381335658097478,0.3472386164019205,1.008101267739538,2.7403927998631272,2.87986402653593,2.0,2.0,1.0,0.7036229827264617,0.06488727597112967,0.7685102586975914,0.8013137620630929,0.0922188125801386,0.6387357067553321,0.5004958919747036,0.6289219716839777,1.8755875525294061,1.9980183974228158,2.0,1.0,1.0,dfp_5,mb_4,0.6226822837878723,0.1813417403292515,0.8186582596707486,98648.0,80759.0
TH-M-200013,dense,True,5,0.3625141051681336,0.32573911081020085,0.6882532159783344,0.8470999774317309,0.8985556869825064,0.036774994357932744,0.26773899661913986,1.5823815349981132,4.866531837300472,3.734980755987912,4.0,3.0,2.0,0.3625141051681336,0.32573911081020085,0.6882532159783344,0.8470999774317309,0.8985556869825064,0.036774994357932744,0.2677389966191399,1.582381534998113,4.866531837300471,3.734980755987911,4.0,3.0,2.0,0.2588447624342333,0.2325864333309162,0.4914311957651495,0.6048520300049148,0.8985556869825064,0.02625832910331713,0.1365024908426327,1.370371824629813,3.9368142278578335,7.3258736439678085,3.0,3.0,2.0,0.2588447624342333,0.2325864333309162,0.4914311957651495,0.6048520300049148,0.8985556869825064,0.02625832910331713,0.1365024908426327,1.370371824629813,3.9368142278578335,7.3258736439678085,3.0,3.0,2.0,cmp_13,ms_12,1.0,0.28597326629764813,0.7140267337023519,124113.0,88620.0
TH-M-200034,dense,True,5,0.7477748669118511,0.12377617680151813,0.8715510437133692,0.9258023074210288,0.16552599221833575,0.623998690110333,0.5789579176114001,0.949439600719267,2.5842610354243862,1.7272412546419404,3.0,2.0,1.0,0.7477748669118511,0.12377617680151813,0.8715510437133692,0.9258023074210288,0.16552599221833575,0.623998690110333,0.5789596230580972,0.9491166841421097,2.583426669418903,1.727236166691459,3.0,2.0,1.0,0.6410652327272204,0.10611295872385149,0.7471781914510719,0.7936876430700126,0.16552599221833578,0.5349522740033689,0.4255099475770445,0.9459504914548702,2.575259978271501,2.350121320768737,2.0,2.0,1.0,0.6410652327272204,0.10611295872385149,0.7471781914510719,0.7936876430700126,0.16552599221833578,0.5349522740033689,0.4255112010093107,0.9456736560063328,2.5745471536924245,2.350114397994705,2.0,2.0,1.0,vlp_21,dmp_10,1.0,0.14270288947436618,0.8572971105256338,277836.0,238188.0
TH-M-200035,dense,True,7,0.4020583042673212,0.29370021099771776,0.695758515265039,0.9210351806398829,0.7304915925886258,0.10835809326960344,0.3007388833472475,1.3737780470681547,3.950246756919885,3.325143689003301,3.0,3.0,3.0,0.4020583042673212,0.29370021099771776,0.695758515265039,0.9210351806398829,0.7304915925886258,0.10835809326960344,0.3007388833472476,1.3737780470681547,3.950246756919885,3.3251436890033004,3.0,3.0,3.0,0.3073019174691777,0.22448146709759806,0.5317833845667758,0.7039672457033025,0.7304915925886258,0.08282045037157962,0.1756879801391148,1.2554324937787602,3.509355820735791,5.6919090264921435,3.0,3.0,2.0,0.3073019174691777,0.22448146709759806,0.5317833845667758,0.7039672457033025,0.7304915925886258,0.08282045037157962,0.17568798013911477,1.2554324937787602,3.509355820735791,5.691909026492144,3.0,3.0,2.0,dlp_23,spp_20,1.0,0.2356782232637129,0.7643217767362871,151919.0,116115.0
TH-M-200049,dense,True,3,0.5208211680921467,0.18596503280321505,0.7067862008953618,0.7887885137223921,0.35706120295462535,0.33485613528893166,0.32364482150510876,1.5147365376879862,4.548222683716474,3.089806891856031,5.0,2.0,1.0,0.5769129483964781,0.2679673456302454,0.8448802940267235,0.9192571474369984,0.46448488697481494,0.30894560276623273,0.41257160197448317,1.1654758100116276,3.2074486563674363,2.423821695953393,3.0,2.0,2.0,0.3977023352597113,0.14200407424569625,0.5397064095054076,0.6023238937898354,0.3570612029546254,0.25569826101401505,0.1887155513324922,1.362609239925289,3.9063726793588662,5.298980359271665,4.0,2.0,1.0,0.4405343731694309,0.20462155853012406,0.645155931699555,0.701950566984621,0.46448488697481494,0.23591281463930683,0.24056827780732812,1.0959115411350995,2.9919086886137953,4.156824038125688,3.0,2.0,2.0,dfp_5,mb_4,0.8055450810724989,0.23639368054766255,0.7636063194523375,114377.0,87339.0
TH-M-200064,dense,True,4,0.5372046828856701,0.14870447194487413,0.6859091548305443,0.8133964983827873,0.27681157049132044,0.388500210940796,0.33553912930134866,1.485232474365044,4.415991898370775,2.98027834214798,5.0,3.0,1.0,0.5524627337927155,0.27619181549711713,0.8286545492898326,0.8897658557164956,0.4999284089282021,0.27627091829559836,0.38984839830447615,1.2247958717132796,3.4034712671188063,2.56509967553846,4.0,2.0,2.0,0.429923962663628,0.1190079272967707,0.5489318899603987,0.6509597867296911,0.2768115704913205,0.3109160353668573,0.2149051869323257,1.3669120315916035,3.923217200413235,4.653214816610746,3.0,3.0,1.0,0.4421349539625933,0.22103582406606315,0.6631707780286564,0.7120780490549846,0.4999284089282021,0.22109912989653013,0.24968903950885496,1.1584850766491264,3.1851044302976255,4.004981564136843,2.0,2.0,2.0,dfp_5,mb_4,0.944763510826161,0.19970175919868888,0.8002982408013112,142167.0,113776.0
TH-M-200095,dense,True,5,0.845232189299298,0.06883747500714081,0.9140696643064388,0.9570122822050843,0.0814420887877063,0.7763947142921572,0.7215518566291091,0.6591654261729795,1.9331782809760762,1.3859017765843242,2.0,1.0,1.0,0.8881748071979434,0.08033794855605166,0.9685127557539951,0.9868308302890904,0.09045285669552561,0.8078368586418917,0.7957285218536444,0.4534515591129694,1.5737346603189049,1.256710011689045,2.0,1.0,1.0,0.7064159667296976,0.057531991883453426,0.763947958613151,0.7998379203548162,0.08144208878770631,0.6488839748462443,0.5040069276329397,0.7008500644702309,2.015465254883658,1.9840997120743629,2.0,1.0,1.0,0.7423059284713628,0.06714369177225925,0.809449620243622,0.8247592363410206,0.0904528566955256,0.6751622366991036,0.5558196321508521,0.5289214960736909,1.6971009911722115,1.7991447983409756,2.0,1.0,1.0,dfp_5,mb_4,0.9033014277130356,0.1642344249627782,0.8357655750372218,159181.0,133038.0
TH-M-300005,dense,True,5,0.2472721482178958,0.21527873937245562,0.46255088759035146,0.6537289872330998,0.8706145877082458,0.03199340884544019,0.15850799663111956,2.152122040326331,8.603095155617535,6.308829972327541,5.0,3.0,2.0,0.40645683901520396,0.2472721482178958,0.6537289872330998,0.7204159627793625,0.6083601614798917,0.15918469079730815,0.24105394928168666,1.8508603803746282,6.365293741122653,4.148448938421819,4.0,2.0,2.0,0.18176682545498962,0.15824884980253248,0.3400156752575221,0.48054843043850004,0.8706145877082458,0.02351797565245714,0.0856505227623791,1.8082337039859344,6.099664099369317,11.67535197390806,3.0,3.0,0.0,0.2987816049835104,0.18176682545498962,0.48054843043850004,0.5295692357803021,0.6083601614798917,0.1170147795285208,0.13025460676259035,1.5867798283457726,4.8879834124851715,7.677271651686442,2.0,2.0,1.0,fb_6,dfp_5,0.05929446232987548,0.2649118521232849,0.7350881478767152,196488.0,144436.0
TH-M-300017,dense,True,4,0.6560294672849246,0.1675249997579888,0.8235544670429134,0.9123967822189523,0.25536200447110385,0.4885044675269358,0.4679946183817702,1.1609850727434419,3.193077140653292,2.1367767079412063,3.0,2.0,1.0,0.6560294672849246,0.1675249997579888,0.8235544670429134,0.9123967822189523,0.25536200447110385,0.4885044675269358,0.4679946183817702,1.1609850727434419,3.193077140653292,2.1367767079412063,3.0,2.0,1.0,0.5704011076648556,0.14565877020583545,0.716059877870691,0.7933060345008984,0.25536200447110385,0.4247423374590202,0.35379760188170734,1.131057171675614,3.0989308709751766,2.8264747829872268,3.0,2.0,1.0,0.5704011076648556,0.14565877020583545,0.716059877870691,0.7933060345008984,0.25536200447110385,0.4247423374590202,0.35379760188170734,1.1310571716756141,3.098930870975177,2.8264747829872268,3.0,2.0,1.0,vlp_21,dmp_10,1.0,0.13052517286221105,0.869474827137789,237617.0,206602.0
TH-M-300063,dense,True,6,0.777665653771146,0.16406639756905075,0.9417320513401968,0.9565853326681482,0.21097292489830435,0.6135992562020953,0.6323053183236054,0.7645257089351969,2.1479753674971063,1.5815144535732237,2.0,2.0,1.0,0.9417320513401969,0.026565830649916095,0.968297881990113,0.9820740169622206,0.028209542844070935,0.9151662206902808,0.8878832832305618,0.304403761106248,1.355816371507926,1.126274161127915,1.0,1.0,1.0,0.6751287023456802,0.14243387701666485,0.8175625793623451,0.8304574224094654,0.21097292489830433,0.5326948253290154,0.47655621933055936,0.7864715995158841,2.195635660834611,2.0983883106273304,2.0,2.0,1.0,0.8175625793623451,0.02306306661023122,0.8406256459725763,0.8525853668139894,0.028209542844070935,0.794499512752114,0.669180360185758,0.3870177570424171,1.4725826397533717,1.4943654349365687,1.0,1.0,1.0,dfp_5,mb_4,0.6515645881743862,0.131852231004715,0.868147768995285,101591.0,88196.0
Trh-F-000008,dense,True,5,0.5018401627311999,0.09832026171203288,0.6001604244432328,0.6972014847124942,0.19591947598800707,0.403519901019167,0.28316219792059555,1.837458601673564,6.280556565756304,3.531544843709754,4.0,1.0,1.0,0.5482217002893931,0.09832026171203288,0.646541962001426,0.7435830222706874,0.1793439801090179,0.4499014385773602,0.3307389072644439,1.6399324763335363,5.154821428040066,3.0235329984943236,4.0,1.0,1.0,0.4349859129328365,0.08522221212396619,0.5202081250568027,0.6043215486685449,0.19591947598800705,0.3497637008088703,0.2127427794782597,1.7165977270800474,5.565560659432482,4.700512057106928,4.0,1.0,1.0,0.47518858493138233,0.08522221212396619,0.5604107970553485,0.6445242206670907,0.1793439801090179,0.38996637280741614,0.24848766865685645,1.5453856792210172,4.689780028976386,4.024344569713549,4.0,1.0,1.0,al_3,dfp_5,0.8307927703930381,0.13321821321457783,0.8667817867854222,220060.0,190744.0
Trh-F-100001,dense,True,6,0.4158534514617897,0.20906539348961714,0.6249188449514068,0.8284507126661805,0.5027381467070183,0.20678805797217256,0.2646108365167768,1.6103209955889985,5.0044173659381475,3.7791347216295814,5.0,3.0,3.0,0.4158534514617897,0.4125972612043909,0.8284507126661806,0.8792113227523798,0.9921698611711582,0.0032561902573988166,0.35071493186576386,1.292190552308035,3.64075308709329,2.8513185756879893,4.0,2.0,2.0,0.3585212741222971,0.18024232090728254,0.5387635950295797,0.7142352768951234,0.5027381467070183,0.17827895321501458,0.19667849091233497,1.516205148192945,4.554907158572236,5.08444006948237,3.0,3.0,1.0,0.3585212741222971,0.3557140027728263,0.7142352768951234,0.7579977094043591,0.9921698611711581,0.0028072713494708412,0.2606774705366517,1.2419341725373245,3.462303685360614,3.8361581380290337,2.0,2.0,2.0,dfp_5,fb_6,1.0,0.137866301549166,0.862133698450834,116127.0,100117.0
Trh-F-100038,dense,True,5,0.39229392122943235,0.13864303817838033,0.5309369594078127,0.6096672969384882,0.35341622868862965,0.253650883051052,0.1966170008965747,2.141372311161617,8.51110950890558,5.0860301776550045,6.0,2.0,1.0,0.4181719435169168,0.21305869573963068,0.6312306392565474,0.7099609767872229,0.5095002164606282,0.2051132477772861,0.2389287776489858,1.8555964010156063,6.3955114029199445,4.185347658159104,5.0,2.0,2.0,0.32191108140005115,0.11376860036148456,0.4356796817615357,0.5002847309911114,0.3534162286886297,0.20814248103856658,0.13239444522518862,1.9194406124162573,6.817143976803139,7.553186980761226,5.0,2.0,1.0,0.3431462361864204,0.17483308161463104,0.5179793178010514,0.5825843670306271,0.5095002164606283,0.16831315457178933,0.160885593925876,1.68493676901007,5.392109973118615,6.215596907083706,4.0,2.0,1.0,al_3,ms_12,0.8762326230217904,0.17941353668903248,0.8205864633109675,121167.0,99428.0
Trh-F-100052,dense,True,1,0.40520022381409615,0.3071295842169615,0.7123298080310576,0.7863128009228877,0.7579699273756351,0.09807063959713463,0.2746352847625408,1.6039906819729803,4.972837893983565,3.6411927217022924,4.0,2.0,2.0,0.4537070936634361,0.3809467888894262,0.8346538825528622,0.9263554913893743,0.8396315468940317,0.07276030477400991,0.3619347054361072,1.2139813472037533,3.3668626528539733,2.7629292935449965,3.0,2.0,2.0,0.3342621876513662,0.25336068609852697,0.5876228737498932,0.6486537310881272,0.7579699273756351,0.08090150155283926,0.18689233207774658,1.4819440971138624,4.401494300919652,5.350674310083537,4.0,2.0,2.0,0.37427700373251277,0.31425477961079296,0.6885317833433058,0.7641792745818732,0.8396315468940316,0.060022224121719814,0.24630054807892837,1.1602133433218145,3.190613899678342,4.060080287273841,3.0,2.0,2.0,dlp_23,dfp_5,0.7861753958587089,0.1750690942245776,0.8249309057754224,175485.0,144763.0
Trh-F-100066,dense,True,5,0.49850841758356207,0.16172324264809815,0.6602316602316602,0.8168887301835279,0.32441426652738403,0.3367851749354639,0.30878195631599786,1.5243486079989195,4.592151304216403,3.238531201533781,4.0,3.0,1.0,0.49850841758356207,0.3183803125999658,0.8168887301835279,0.9026788968985502,0.6386658707655575,0.18012810498359627,0.3603712197849597,1.2742071623826912,3.575865205475961,2.7749163781633808,3.0,2.0,2.0,0.4267174405868718,0.13843322550243256,0.5651506660893043,0.6992473063501362,0.324414266527384,0.28828421508443924,0.2262495423325111,1.4379296234510863,4.211966427037255,4.419898443508605,4.0,3.0,1.0,0.4267174405868718,0.2725298657632645,0.6992473063501363,0.7726826969612064,0.6386658707655575,0.1541875748236073,0.2640498315345755,1.2238114386961314,3.400122426255746,3.78716393867139,3.0,2.0,2.0,dfp_5,fb_6,1.0,0.14401156422731093,0.855988435772689,157036.0,134421.0
Trh-F-300112,dense,True,5,0.29716234748057246,0.1808783712507472,0.4780407187313197,0.6405640142058442,0.6086853626789729,0.11628397622982525,0.17312543420744675,1.9815657611386481,7.25409227348303,5.776158798260425,5.0,4.0,1.0,0.3434016667252716,0.29716234748057246,0.6405640142058441,0.7559337529448996,0.8653491705918493,0.04623931924469915,0.23511366742218584,1.6891474537312476,5.414862316052393,4.253261883769322,5.0,3.0,2.0,0.24749604638903533,0.15064722075792186,0.3981432671469572,0.5335031921747789,0.6086853626789729,0.09684882563111347,0.12009082991734438,1.802693930050701,6.06596676316869,8.327030470921684,5.0,3.0,1.0,0.2860071457857436,0.24749604638903533,0.5335031921747789,0.629590581620102,0.8653491705918492,0.03851109939670827,0.16308981736218114,1.559149027445445,4.75477334143796,6.13159065460999,5.0,2.0,2.0,fb_6,dfp_5,0.05345074749129634,0.16713524278099923,0.8328647572190008,34146.0,28439.0
Trh-F-400055,dense,True,5,0.36650566289140574,0.1848489895625139,0.5513546524539197,0.7257383966244726,0.5043550708172385,0.18165667332889185,0.2165014327310306,1.804484010984347,6.0768350592782046,4.618907077822181,5.0,4.0,1.0,0.36650566289140574,0.35923273373306686,0.7257383966244726,0.8278925161003775,0.9801560251458002,0.007272929158338881,0.28179635615883986,1.5279225531579586,4.608592764076945,3.5486619260482244,4.0,3.0,2.0,0.3175401043796147,0.1601529618316939,0.4776930662113086,0.6287789509127204,0.5043550708172385,0.15738714254792083,0.16251616388447132,1.6876531041223493,5.406776661570128,6.153234091292451,5.0,3.0,1.0,0.3175401043796147,0.31123884653310563,0.6287789509127204,0.7172851679934583,0.9801560251458001,0.00630125784650909,0.21152960616409347,1.448040560368584,4.254769378200612,4.72747062755959,4.0,2.0,2.0,dfp_5,fb_6,1.0,0.13360109670747253,0.8663989032925274,41579.0,36024.0
Trh-M-000172,dense,True,1,0.5694026698749536,0.11260575187825575,0.6820084217532093,0.766366743034135,0.19776119402985076,0.45679691799669786,0.35492006570578394,1.5534476269081585,4.727741606752094,2.8175358246128703,5.0,2.0,1.0,0.6537609911558793,0.11611268254598046,0.7698736737018598,0.8365053563886294,0.17760723585034943,0.5376483086098988,0.4517775997724623,1.2861699429952689,3.618899387457649,2.213478491416241,4.0,2.0,1.0,0.45337627132462344,0.08966023276195911,0.5430365040865825,0.6102052463159611,0.19776119402985073,0.3637160385626643,0.2250137863612194,1.4183373718637569,4.130247662424519,4.444172137944823,5.0,1.0,1.0,0.520545013554002,0.09245256099300898,0.612997574547011,0.6660518109369586,0.17760723585034946,0.428092452560993,0.28641995237951595,1.2055224938314517,3.3385029696493693,3.4913768810175863,4.0,1.0,1.0,al_3,dfp_5,0.7419291685428454,0.2037686240140228,0.7962313759859773,98126.0,78131.0
Trh-M-100020,dense,True,2,0.29740829579359973,0.2700754694904347,0.5674837652840344,0.6838822909963143,0.9080966244393737,0.027332826303165025,0.19077810064350442,1.992471461924138,7.3336361859689445,5.24169176979406,4.0,3.0,2.0,0.4138068215058796,0.3029895278769087,0.7167963493827882,0.8188615222605745,0.732200418481027,0.11081729362897091,0.2813922789349042,1.5479739113330362,4.701933990097025,3.55375777823433,4.0,3.0,2.0,0.2540961482710705,0.23074385452800575,0.48484000279907624,0.5842871852288745,0.9080966244393738,0.023352293743064773,0.1392574785989852,1.8367756940370525,6.276268989891788,7.180942884077805,4.0,2.0,2.0,0.35354333070086874,0.2588645746903522,0.6124079053912209,0.6996091289874342,0.7322004184810269,0.09467875601051656,0.2054008249873585,1.4570111847124443,4.293109024137153,4.868529617938708,4.0,2.0,2.0,dlp_23,dfp_5,0.4374257761692021,0.14563194145931843,0.8543680585406815,100033.0,85465.0
Trh-M-100024,dense,True,5,0.42212929867786375,0.28207308186140123,0.704202380539265,0.9645521740639206,0.6682148875827202,0.14005621681646252,0.32580913211202345,1.2496528161133744,3.489131376960997,3.0692816788700954,3.0,3.0,3.0,0.5424228753860568,0.42212929867786375,0.9645521740639206,0.9749453447617725,0.778229160002559,0.12029357670819307,0.4726912809725736,0.8718181302919016,2.3912545159267005,2.1155456854259636,2.0,2.0,2.0,0.3690069921584687,0.2465759657824089,0.6155829579408776,0.8431693740425596,0.6682148875827202,0.12243102637605982,0.24896680816294178,1.2099624889755085,3.353358862263366,4.016599671975262,3.0,3.0,3.0,0.47416238188409093,0.3690069921584687,0.8431693740425596,0.8522546298402875,0.778229160002559,0.10515538972562222,0.361206693953963,0.8796759123630689,2.4101184902265715,2.768497972873818,2.0,2.0,2.0,fb_6,dfp_5,0.040048621329409506,0.12584368506468885,0.8741563149353112,65931.0,57634.0
Trh-M-100025,dense,True,7,0.5037026937814837,0.17318704344207006,0.6768897372235537,0.8321445485727407,0.34382790797065316,0.33051565033941366,0.3186821128217598,1.4468684599689259,4.249785282812672,3.137923214910101,4.0,3.0,1.0,0.5037026937814837,0.32844185479125704,0.8321445485727408,0.9269937857891187,0.652054989671629,0.17526083899022665,0.3740943034584284,1.179029474108755,3.2512172806511486,2.673122768123428,4.0,2.0,2.0,0.4198391100212327,0.14435240288286133,0.564191512904094,0.6935972965698735,0.34382790797065316,0.27548670713837137,0.22139862858608544,1.3577668353687105,3.8875021686944087,4.516739811742666,4.0,3.0,1.0,0.4198391100212327,0.2737581865486408,0.6935972965698736,0.7726546846496607,0.652054989671629,0.14608092347259188,0.2598952448701968,1.1345214907621028,3.10968517375174,3.847704102856689,3.0,2.0,2.0,dfp_5,fb_6,1.0,0.16649421334370046,0.8335057866562995,167195.0,139358.0
Trh-M-100037,dense,True,5,0.6693655903489091,0.07106081791478339,0.7404264082636924,0.7943615257048093,0.10616144441745608,0.5983047724341257,0.46273813369140554,1.357950317666702,3.888215521967616,2.1610494731062904,3.0,1.0,1.0,0.7404264082636924,0.0552358035530409,0.7956622118167334,0.8442861943008271,0.07459999121664154,0.6851906047106515,0.5580097716762172,1.117708401789634,3.0578388301640134,1.792083312441069,2.0,1.0,1.0,0.556040770020349,0.059030091300354755,0.6150708613207038,0.659874664601754,0.10616144441745606,0.49701067871999427,0.31931682077955775,1.2821320191341579,3.6043160103681866,3.1316859461354714,2.0,1.0,1.0,0.6150708613207038,0.045884280852136645,0.6609551421728405,0.7013469953719544,0.07459999121664154,0.5691865804685671,0.38505991463068845,1.0825634995963995,2.9522379197045137,2.5969984462264826,1.0,1.0,1.0,al_3,dfp_5,0.8080543397110275,0.169301831409483,0.830698168590517,111062.0,92259.0
Trh-M-100060,dense,True,3,0.4284060303488143,0.3125533731853117,0.740959403534126,0.8317923536753598,0.7295727675234316,0.11585265716350263,0.3000795811429468,1.4592724480313297,4.30282785837781,3.3324493329109153,4.0,2.0,2.0,0.5173257570781055,0.31389180844774356,0.831217565525849,0.9267802010116272,0.6067585156026793,0.2034339486303619,0.3780159486593686,1.1896852129122277,3.2860466395054226,2.6453910305808375,4.0,2.0,2.0,0.3156337721420966,0.23027780466556966,0.5459115768076662,0.6128339463749879,0.7295727675234317,0.08535596747652693,0.16288917559704943,1.3002110550293808,3.6700711728639743,6.13914335519612,4.0,2.0,2.0,0.3811465492207918,0.23126391443229116,0.6124104636530829,0.6828174910463652,0.6067585156026793,0.1498826347885006,0.2051945887325443,1.1015891171618901,3.0089437909425794,4.873422862546462,3.0,2.0,2.0,dfp_5,dlp_23,0.6562331354560172,0.2632368599361146,0.7367631400638854,165296.0,121784.0
Trh-M-100071,dense,True,6,0.43410889372300515,0.18715911598726315,0.6212680097102683,0.7757337873199028,0.43113402810559565,0.246949777735742,0.26607462951004673,1.6004994294863482,4.955506732654517,3.758344047462973,4.0,4.0,1.0,0.43410889372300515,0.34162489359689774,0.7757337873199028,0.9033150477631703,0.7869566796179962,0.09248400012610741,0.3258867110805458,1.3216540808008927,3.749618422484487,3.068551020949244,4.0,3.0,2.0,0.35231655909576476,0.1518956572912602,0.504212216387025,0.6295744286162054,0.43113402810559565,0.20042090180450456,0.17525572377146292,1.4683733533682146,4.342166223244052,5.70594773443189,4.0,4.0,1.0,0.35231655909576476,0.2772578695204406,0.6295744286162054,0.7331175518611153,0.7869566796179963,0.07505868957532413,0.21465222566725817,1.2420664631173,3.462761745821075,4.6586984919045,4.0,3.0,2.0,dfp_5,fb_6,1.0,0.18841432601339467,0.8115856739866053,156331.0,126876.0
Trh-M-200043,dense,True,3,0.9847839643652562,0.012080178173719376,0.9968641425389756,0.9986636971046772,0.012266830706880642,0.9727037861915367,0.9699496519164093,0.08948876525027866,1.093615046751991,1.0309813483867103,1.0,1.0,1.0,0.9847839643652562,0.012080178173719376,0.9968641425389756,0.9986636971046772,0.012266830706880642,0.9727037861915367,0.9699496519164093,0.08948876525027866,1.093615046751991,1.0309813483867103,1.0,1.0,1.0,0.7383347359702909,0.009057027211156974,0.7473917631814478,0.7487409663500715,0.01226683070688064,0.7292777087591339,0.545222609354159,0.2830382447742797,1.3271559176250822,1.8341132279612276,1.0,1.0,1.0,0.7383347359702909,0.009057027211156974,0.7473917631814478,0.7487409663500715,0.01226683070688064,0.7292777087591339,0.5452226093541589,0.28303824477427963,1.3271559176250822,1.834113227961228,1.0,1.0,1.0,al_3,ammc_2,1.0,0.25025715010887134,0.7497428498911286,74859.0,56125.0
Trh-M-300071,dense,True,6,0.32233633177283755,0.27628128140395597,0.5986176131767935,0.8190641927498222,0.8571211314728918,0.04605505036888158,0.2451068143688399,1.538035133785236,4.655433973554493,4.079853930520214,5.0,4.0,3.0,0.49672786097698474,0.32233633177283755,0.8190641927498223,0.9357827397730337,0.6489193723477745,0.1743915292041472,0.366921198218746,1.1943958125900043,3.3015624053364956,2.725380830692245,4.0,3.0,2.0,0.2670850342208412,0.22892422673084345,0.4960092609516846,0.6786693474684701,0.8571211314728919,0.03816080748999773,0.16828134483241852,1.4302009987257205,4.179539189552391,5.942429334611279,4.0,3.0,2.0,0.4115843132476289,0.2670850342208412,0.6786693474684701,0.7753813034383313,0.6489193723477745,0.14449927902678772,0.25191463094476363,1.1454644958429596,3.143901346839556,3.9695987337046184,3.0,2.0,2.0,fb_6,dfp_5,0.11240501332280667,0.17140884258413047,0.8285911574158695,49239.0,40799.0
Trh-M-300138,dense,True,6,0.3484331872057152,0.23640201331384966,0.5848352005195648,0.7923039454456893,0.6784715750232992,0.11203117389186554,0.23768479926637512,1.6171577189145097,5.038748405060887,4.20725264336022,5.0,4.0,3.0,0.443870758239974,0.3484331872057152,0.7923039454456893,0.9116415002435461,0.7849879288901894,0.09543757103425882,0.3360291992669972,1.2948637879523235,3.6504986983718197,2.975931860032897,4.0,3.0,2.0,0.2704405686057062,0.1834862385321101,0.4539268071378163,0.6149561447726586,0.6784715750232992,0.0869543300735961,0.1431878149242354,1.4518510999357703,4.271013274615108,6.983834487097435,4.0,3.0,1.0,0.34451557616695233,0.2704405686057062,0.6149561447726586,0.7075814094162719,0.7849879288901894,0.07407500756124613,0.20243316754917373,1.2016988264207857,3.325762018746464,4.939901954342964,3.0,2.0,2.0,fb_6,dfp_5,0.06518399297680884,0.2238380885169876,0.7761619114830124,39676.0,30795.0
Trh-M-300140,dense,True,5,0.34238139945877283,0.2704755067101121,0.6128569061688849,0.8749378693323023,0.7899830631502541,0.07190589274866072,0.2638614666070935,1.5134709471065537,4.542470136878084,3.7898675121406176,4.0,3.0,3.0,0.5325564698735296,0.34238139945877283,0.8749378693323024,0.9308002429999448,0.6429015866431608,0.19017507041475673,0.4058485427572012,1.1304669897175355,3.097102477481292,2.463973366040271,3.0,2.0,2.0,0.262590537506883,0.20744207717395907,0.47003261468084206,0.6710364691431234,0.7899830631502539,0.05514846033292392,0.15520788856847376,1.3642567550441522,3.9128137918662147,6.442971483107481,3.0,3.0,3.0,0.40844593163624043,0.262590537506883,0.6710364691431234,0.7138802998856368,0.6429015866431609,0.14585539412935744,0.2387271480368697,1.0705106134692037,2.9168685121400064,4.188882614412824,2.0,2.0,2.0,fb_6,dfp_5,0.015762729441045318,0.23304671947138803,0.766953280528612,47218.0,36214.0
Trh-M-400023,dense,True,5,0.2944889950520389,0.2073878177785361,0.5018768128305751,0.6852073025081045,0.7042294322132098,0.0871011772735028,0.19395940406483936,1.7971960645610068,6.0327084026098925,5.1557180473997875,6.0,4.0,2.0,0.3907183074560655,0.2944889950520389,0.6852073025081045,0.8300631291588467,0.7537117903930132,0.0962293124040266,0.2728370839071953,1.4759893410736913,4.375362358035765,3.6651909105587235,5.0,3.0,2.0,0.21586467811024607,0.15201825970046587,0.3678829378107119,0.5022668292530407,0.7042294322132098,0.0638464184097802,0.10421635280598335,1.5450375030004135,4.688147443320679,9.595423108518025,5.0,4.0,1.0,0.2864021511427946,0.21586467811024607,0.5022668292530407,0.6084482381265047,0.7537117903930131,0.07053747303254854,0.14659812929473956,1.3095883448402466,3.7046483606595833,6.821369445918867,5.0,3.0,2.0,fb_6,dfp_5,0.06157205240174673,0.2669855860926117,0.7330144139073883,31983.0,23444.0
Trh-M-400052,dense,True,6,0.33874813710879287,0.2660208643815201,0.604769001490313,0.845096870342772,0.785305763308403,0.07272727272727275,0.25315229843572656,1.5401585747906164,4.665330016064569,3.9501912729182367,4.0,3.0,3.0,0.5063487332339791,0.33874813710879287,0.8450968703427719,0.9327868852459016,0.6690016482222746,0.16760059612518624,0.38101883746704535,1.1880827722811924,3.2807851615836783,2.624542152949304,3.0,2.0,2.0,0.26917246932878597,0.21138269148784994,0.4805551608166359,0.6715219553787125,0.785305763308403,0.05778977784093603,0.15984141702433874,1.4065088768009546,4.081680850748015,6.256200793363412,4.0,3.0,2.0,0.4023494860499266,0.26917246932878597,0.6715219553787126,0.7412012694803658,0.6690016482222746,0.13317701672114063,0.2405768830463984,1.126746118660858,3.0855999714550437,4.1566753519170705,3.0,2.0,2.0,fb_6,dfp_5,0.050741700023546034,0.20539055468712994,0.79460944531287,42222.0,33550.0
Trh-M-400110,dense,True,6,0.31773660608921406,0.2419754543308945,0.5597120604201086,0.7470793013924947,0.7615598885793873,0.07576115175831954,0.22916479131296055,1.6309059861935578,5.1085008538563015,4.363672073142959,4.0,4.0,2.0,0.424563370309181,0.31773660608921406,0.7422999763983951,0.9296672173707812,0.7483844069209923,0.10682676421996695,0.31752938182567236,1.339984047760453,3.8189825835554188,3.149314857889317,3.0,3.0,2.0,0.24641361795593383,0.18765872743496465,0.43407234539089845,0.5793808772050244,0.7615598885793872,0.05875489052096919,0.1378296964628023,1.4619611079143695,4.314412265310817,7.255330495992797,4.0,4.0,1.0,0.3292607591461322,0.24641361795593383,0.575674377102066,0.7209829089161919,0.7483844069209924,0.08284714119019834,0.19097601365510694,1.2363430141278247,3.442999413903111,5.2362596792178815,3.0,3.0,2.0,fb_6,dfp_5,0.1398790910986033,0.22447205253163108,0.775527947468369,43707.0,33896.0
Trh-M-400131,dense,True,6,0.23457244099752625,0.2344052951795146,0.46897773617704086,0.6948920238015646,0.9992874447769702,0.00016714581801163808,0.19523533150003158,1.7997437796758198,6.048097620337693,5.122023725505024,4.0,4.0,3.0,0.46031958280403823,0.23457244099752625,0.6948920238015645,0.8669853580263421,0.5095860566448802,0.22574714180651198,0.3012364713860105,1.4716983198325106,4.356627809139582,3.3196511544532727,3.0,3.0,2.0,0.17282399881779223,0.17270085217476971,0.3455248509925619,0.511969853701788,0.9992874447769702,0.00012314664302251477,0.10597722395285081,1.5510562304769226,4.716449210026074,9.435989759883682,4.0,4.0,0.0,0.33914585488399585,0.17282399881779223,0.511969853701788,0.6387616373577656,0.5095860566448802,0.16632185606620362,0.16351653538097743,1.3093648880368272,3.7038206242642264,6.115589458094243,3.0,3.0,1.0,fb_6,dfp_5,0.018445896877269427,0.26323826412491996,0.7367617358750801,40602.0,29914.0
Trh-M-500163,dense,True,8,0.9080193364677835,0.08549102708429905,0.9935103635520826,0.9999999999999999,0.09415110851808635,0.8225283093834845,0.8318499464925484,0.3305581192505678,1.3917446712347792,1.2021398861855404,2.0,1.0,1.0,0.9080193364677835,0.08549102708429905,0.9935103635520826,0.9999999999999999,0.09415110851808635,0.8225283093834845,0.8318499464925484,0.3305581192505678,1.3917446712347792,1.2021398861855404,2.0,1.0,1.0,0.6854971754236865,0.06454031895215717,0.7500374943758437,0.7549367594860771,0.09415110851808633,0.6209568564715293,0.4740958330829189,0.4617792752247881,1.586894997524831,2.109278188541052,2.0,1.0,1.0,0.6854971754236865,0.06454031895215717,0.7500374943758437,0.7549367594860771,0.09415110851808633,0.6209568564715293,0.4740958330829189,0.4617792752247881,1.586894997524831,2.109278188541052,2.0,1.0,1.0,dfp_5,mb_4,1.0,0.24506324051392292,0.7549367594860771,20003.0,15101.0
Trh-M-700039,dense,True,8,0.27857334946887186,0.2685222535968805,0.5470956030657523,0.7122747747747749,0.9639193918185109,0.010051095871991378,0.20899639642419476,1.730231888800036,5.641962064562081,4.784771494195168,5.0,4.0,2.0,0.27857334946887186,0.2685222535968805,0.5470956030657523,0.7122747747747749,0.9639193918185109,0.010051095871991378,0.2089963964241948,1.7302318888000363,5.641962064562082,4.784771494195168,5.0,4.0,2.0,0.23122854990373615,0.22288568319428556,0.4541142330980217,0.5912204581601048,0.9639193918185109,0.008342866709450586,0.1439933968973714,1.5907877026536903,4.907613146097988,6.944762895709248,5.0,4.0,2.0,0.23122854990373615,0.22288568319428556,0.4541142330980217,0.5912204581601048,0.9639193918185109,0.008342866709450586,0.14399339689737142,1.5907877026536903,4.907613146097988,6.944762895709246,5.0,4.0,2.0,spp_20,dlp_23,1.0,0.1699545188202796,0.8300454811797204,143356.0,118992.0
VGlut-F-000016,dense,True,6,0.977858751821916,0.012221191643478645,0.9900799434653946,0.998140541495517,0.012497910992470539,0.9656375601784373,0.9564252712749475,0.12663581572185387,1.1350035920406178,1.0455599930635102,1.0,1.0,1.0,0.977858751821916,0.012221191643478645,0.9900799434653946,0.998140541495517,0.012497910992470539,0.9656375601784373,0.9564252712749476,0.12663581572185387,1.1350035920406178,1.0455599930635102,1.0,1.0,1.0,0.9352260582686678,0.011688372034080876,0.9469144303027487,0.9546236023165534,0.012497910992470539,0.9235376862345869,0.874846758318287,0.16374824020862314,1.1779177254387985,1.1430573303172482,1.0,1.0,1.0,0.9352260582686678,0.011688372034080876,0.9469144303027487,0.9546236023165534,0.012497910992470539,0.9235376862345869,0.8748467583182868,0.16374824020862316,1.1779177254387985,1.1430573303172484,1.0,1.0,1.0,vlp_21,dlp_23,1.0,0.04359800786546755,0.9564019921345325,236731.0,226410.0
VGlut-F-000111,dense,True,7,0.7731980966354599,0.06995605031666656,0.8431541469521264,0.9026309236163925,0.0904762319269505,0.7032420463187934,0.6079097041638263,0.9761811344520286,2.654300445935202,1.6449811430062462,3.0,1.0,1.0,0.7733259747339799,0.10146117553624671,0.8747871502702266,0.9440028537007248,0.131201044386423,0.6718647991977332,0.613911777507553,0.8621439992910147,2.3682327438507063,1.6288985431423768,3.0,2.0,1.0,0.7195893465624373,0.06510573261174583,0.7846950791741831,0.8400481058328322,0.09047623192695049,0.6544836139506915,0.5265346710388255,0.9753714400397984,2.6521521435473376,1.899210166022025,3.0,1.0,1.0,0.7197083583884546,0.09442648827420325,0.8141348466626579,0.8785515634395671,0.13120104438642297,0.6252818701142513,0.5317333044739292,0.869240931013138,2.3850997109989858,1.8806420278476836,3.0,1.0,1.0,vlp_21,spp_20,0.9996692776327241,0.06933378432551614,0.9306662156744838,159648.0,148579.0
VGlut-F-000158,dense,True,9,0.7331979185207677,0.12947470918970988,0.8626726277104775,0.926195437079228,0.17658902994559245,0.6037232093310578,0.5608640447659943,0.9276022361977126,2.528439303225861,1.7829632855449373,3.0,2.0,1.0,0.7331979185207677,0.12947470918970988,0.8626726277104775,0.926195437079228,0.17658902994559245,0.6037232093310578,0.5608640447659942,0.9276022361977128,2.528439303225861,1.7829632855449378,3.0,2.0,1.0,0.671457748031949,0.1185720723744139,0.7900298204063629,0.8482035842018966,0.17658902994559242,0.5528856756575351,0.4703839904069853,0.930049299665984,2.534634131153803,2.1259226937863693,3.0,2.0,1.0,0.671457748031949,0.1185720723744139,0.7900298204063629,0.8482035842018966,0.17658902994559242,0.5528856756575351,0.4703839904069854,0.930049299665984,2.534634131153803,2.125922693786369,3.0,2.0,1.0,dlp_23,idlp_24,1.0,0.08420669089374921,0.9157933091062508,104291.0,95509.0
VGlut-F-000177,dense,True,6,0.5529668187417927,0.3173812392543355,0.8703480579961281,0.9425183099354244,0.573960730548891,0.23558557948745718,0.41427729201332575,1.0777087544100008,2.937940290628879,2.413842175949711,4.0,2.0,2.0,0.5529668187417927,0.3173812392543355,0.8703480579961281,0.9425183099354244,0.573960730548891,0.23558557948745718,0.41427729201332575,1.077708754410001,2.93794029062888,2.413842175949711,4.0,2.0,2.0,0.5194048830111903,0.298118006103764,0.8175228891149542,0.8853128179043743,0.573960730548891,0.22128687690742627,0.3655148629511978,1.0711119384428383,2.9186230254846417,2.7358668589449846,3.0,2.0,2.0,0.5194048830111903,0.298118006103764,0.8175228891149542,0.8853128179043743,0.573960730548891,0.22128687690742627,0.36551486295119784,1.0711119384428383,2.9186230254846417,2.735866858944984,3.0,2.0,2.0,vlp_21,dlp_23,1.0,0.06069430315361139,0.9393056968463886,78640.0,73867.0
VGlut-F-000303,dense,True,5,0.29418729649305936,0.14735070964525526,0.4415380061383146,0.5732157602006637,0.5008738018323359,0.1468365868478041,0.1571520245826276,2.0951655980490287,8.126786638801763,6.363265141864073,7.0,4.0,1.0,0.29418729649305936,0.14735070964525526,0.4415380061383146,0.5765497686447412,0.5008738018323359,0.1468365868478041,0.16127187533587692,2.0430308423189465,7.713953581398533,6.200709193201387,7.0,4.0,1.0,0.2557926891217328,0.12811985668131912,0.3839125458030519,0.49840493623131465,0.500873801832336,0.1276728324404137,0.11880874413598916,1.9433214238105194,6.981902358304183,8.416888902178735,6.0,4.0,1.0,0.2557926891217328,0.12811985668131912,0.3839125458030519,0.5013038207026408,0.500873801832336,0.1276728324404137,0.12192339884897317,1.8979908146242155,6.672474726804263,8.201871088245355,6.0,4.0,1.0,dlp_23,spp_20,1.0,0.13051075906070725,0.8694892409392928,147643.0,128374.0
VGlut-F-000463,dense,True,5,0.6559208036815058,0.08695970606545171,0.7428805097469575,0.8295716709593155,0.13257653298594957,0.5689610976160542,0.4542891321654851,1.2579673570862924,3.518262842310571,2.2012413002997557,5.0,1.0,1.0,0.6559208036815058,0.08695970606545171,0.7428805097469575,0.8295716709593155,0.13257653298594957,0.5689610976160542,0.45428913216548505,1.2579673570862926,3.518262842310572,2.2012413002997557,5.0,1.0,1.0,0.5464594795236594,0.07244770321255327,0.6189071827362126,0.6911311563768012,0.1325765329859496,0.4740117763111061,0.31531560506626455,1.2001459593880455,3.320601560338673,3.1714256571280286,4.0,1.0,1.0,0.5464594795236594,0.07244770321255327,0.6189071827362126,0.6911311563768012,0.1325765329859496,0.4740117763111061,0.31531560506626455,1.2001459593880455,3.320601560338673,3.1714256571280286,4.0,1.0,1.0,al_3,pan_11,1.0,0.16688192163363266,0.8331180783663673,98333.0,81923.0
VGlut-F-000556,dense,True,5,0.6206227228612795,0.11732136890840533,0.7379440917696849,0.8354096065422495,0.18903814602132896,0.5033013539528741,0.413518770455851,1.3791098930371204,3.9713651140504695,2.4182699104508103,3.0,2.0,1.0,0.6263185528137082,0.12117162267513086,0.747490175488839,0.8648115443972444,0.19346644312350758,0.5051469301385774,0.4252590151313188,1.2839434037735853,3.610850729683342,2.3515080560754313,3.0,3.0,1.0,0.5133036818696213,0.09703397636655525,0.6103376582361766,0.6909492854699055,0.18903814602132896,0.416269705503066,0.2828711408062766,1.2976576555756762,3.6607119691140464,3.535178587499835,3.0,1.0,1.0,0.5180145800984288,0.10021843829776035,0.6182330183961892,0.7152669947627444,0.1934664431235076,0.4177961418006685,0.2909021581190663,1.2189475028046552,3.383624603452768,3.437581922615713,3.0,2.0,1.0,dmp_10,ccp_16,0.9818117156937459,0.17292154643787666,0.8270784535621233,75994.0,62853.0
VGlut-F-100002,dense,True,5,0.21398124467178176,0.1927865420813181,0.4067677867530999,0.5687034176563437,0.9009506528342077,0.02119470259046366,0.15532759102146254,2.0016481214932607,7.401244202080705,6.438006238452665,6.0,5.0,1.0,0.21398124467178176,0.1927865420813181,0.4067677867530999,0.5687034176563437,0.9009506528342077,0.02119470259046366,0.15532759102146254,2.001648121493261,7.401244202080709,6.438006238452665,6.0,5.0,1.0,0.1743714963717027,0.15710011349176325,0.33147160986346597,0.463431578223338,0.9009506528342078,0.017271382879939456,0.10314499924692354,1.7979345714784083,6.037165244997793,9.6950895079853,5.0,5.0,0.0,0.1743714963717027,0.15710011349176325,0.33147160986346597,0.463431578223338,0.9009506528342078,0.017271382879939456,0.10314499924692355,1.797934571478408,6.037165244997791,9.695089507985298,5.0,5.0,0.0,al_3,vmp_15,1.0,0.185108505003955,0.814891494996045,145385.0,118473.0
VGlut-F-100003,dense,True,5,0.4940584478420747,0.08829881943100445,0.5823572672730791,0.6447145345461582,0.17872140394860547,0.40575962841107027,0.26839094983127687,1.9908014689304074,7.321399285532738,3.725908048049485,5.0,1.0,1.0,0.5221830849622605,0.15065608670408362,0.6728391716663441,0.7321850203212696,0.2885120009488088,0.3715269982581769,0.3077171275077216,1.7454210050995769,5.728312616657897,3.2497378618449075,4.0,2.0,1.0,0.3896310044201324,0.06963540013187135,0.45926640455200374,0.5084434296319813,0.17872140394860545,0.319995604288261,0.16692378512082703,1.757276480900818,5.7966286476298725,5.99075799339294,2.0,1.0,1.0,0.4118110332364649,0.11881242521184888,0.5306234584483138,0.5774255781581968,0.2885120009488088,0.292998608024616,0.19138241323855254,1.5637612460028496,4.776754046221372,5.225140508357628,2.0,2.0,1.0,al_3,ms_12,0.8922805509021097,0.21136657793841118,0.7886334220615888,163796.0,129175.0
VGlut-F-100035,dense,True,5,0.2271881001842198,0.16897268059420686,0.39616078077842665,0.5365205973425312,0.7437567392710804,0.058215419590012946,0.13499783793742848,2.209576928884101,9.111860612425899,7.407526040998524,5.0,5.0,1.0,0.2271881001842198,0.1993395523850586,0.4265276525692784,0.566887469133383,0.877420746172094,0.02784854779916121,0.1453277697090194,2.1191975748186325,8.324455054612983,6.880997362047438,5.0,5.0,1.0,0.19926430775313056,0.14820417178757747,0.34746847954070803,0.47057660739301954,0.7437567392710805,0.05106013596555309,0.10385195654565134,2.0530237755769005,7.791425043585603,9.629091576723633,5.0,4.0,0.0,0.19926430775313056,0.17483863759421758,0.3741029453473481,0.4972110731996596,0.877420746172094,0.024425670158912977,0.1117986291876238,1.9737529889096967,7.197638520139041,8.944653501267624,5.0,4.0,0.0,spp_20,dfp_5,1.0,0.12291045353364331,0.8770895464663567,116353.0,102052.0
VGlut-F-100125,dense,True,6,0.6349653511934589,0.14637440265946394,0.7813397538529228,0.8644418914459612,0.2305234488533015,0.48859094853399493,0.43680090247700754,1.2641851929776209,3.5402069750954865,2.2893725592809147,4.0,2.0,1.0,0.6445166888696056,0.14637440265946394,0.7908910915290694,0.9226359980933989,0.2271072342846307,0.4981422862101416,0.4579361123263649,1.1015280562494476,3.008760067698428,2.1837107253234342,4.0,3.0,1.0,0.5986667742158512,0.13800672950611878,0.73667350372197,0.8150250051854071,0.2305234488533015,0.46066004470973243,0.3882878342764883,1.2474166736567531,3.4813378990631496,2.575409043817555,3.0,2.0,1.0,0.6076720979004863,0.13800672950611878,0.7456788274066051,0.8698923739946072,0.2271072342846307,0.46966536839436746,0.4070756728840746,1.0940580326455314,2.986368296627393,2.4565457152355457,4.0,3.0,1.0,vlp_21,dlp_23,0.9703612401630796,0.05716623262888618,0.9428337673711138,173564.0,163642.0
VGlut-F-200036,dense,True,7,0.4609716198166019,0.3121294892767631,0.773101109093365,0.919271810418574,0.6771121601823213,0.1488421305398388,0.3322988442886522,1.3746939919119396,3.9538666226141475,3.0093393858792585,3.0,3.0,2.0,0.4609716198166019,0.3121294892767631,0.773101109093365,0.919271810418574,0.6771121601823213,0.1488421305398388,0.3328001105751037,1.352979905710155,3.8689374387440028,3.004806693939868,3.0,3.0,2.0,0.4068184978907424,0.27546175190892774,0.6822802497996702,0.8112793955006921,0.6771121601823213,0.13135674598181468,0.2588104678294769,1.3234888210987144,3.7565043134848777,3.863831352674933,3.0,3.0,2.0,0.4068184978907424,0.27546175190892774,0.6822802497996702,0.8112793955006921,0.6771121601823213,0.13135674598181468,0.2592008783419823,1.3043256198257285,3.6852030276623897,3.858011617848873,3.0,3.0,2.0,vlp_21,dmp_10,1.0,0.11747604320501188,0.8825239567949881,151001.0,133262.0
VGlut-F-200062,dense,True,8,0.4898117221175197,0.3068379018865108,0.7966496240040305,0.8638017577578324,0.6264405036286406,0.18297382023100894,0.3453247162995599,1.3209428577062767,3.746952555391915,2.8958251547002702,4.0,2.0,2.0,0.4898117221175197,0.3068379018865108,0.7966496240040305,0.8638017577578324,0.6264405036286406,0.18297382023100894,0.34532471629955996,1.3209428577062765,3.746952555391914,2.89582515470027,4.0,2.0,2.0,0.4170112039144197,0.2612327085989348,0.6782439125133546,0.7354152517802747,0.6264405036286406,0.15577849531548488,0.2503022546876139,1.2616039531421177,3.531080635528312,3.9951697648430513,4.0,2.0,2.0,0.4170112039144197,0.2612327085989348,0.6782439125133546,0.7354152517802747,0.6264405036286406,0.15577849531548488,0.25030225468761386,1.2616039531421182,3.5310806355283137,3.995169764843052,4.0,2.0,2.0,dfp_5,dlp_23,1.0,0.1486295956502917,0.8513704043497082,251787.0,214364.0
VGlut-F-200143,dense,True,4,0.6667253108139808,0.13043296136188465,0.7971582721758654,0.8840102543480447,0.1956322330145885,0.5362923494520961,0.4733466032438553,1.156254501149951,3.1780077321959928,2.1126168290782625,4.0,2.0,1.0,0.6755051774404343,0.14166750444019974,0.817172681880634,0.9581532120237257,0.20972082697721722,0.5338376730002345,0.49738717466796617,0.9762627078438797,2.654516975056956,2.010506203075212,3.0,3.0,1.0,0.6159436554312914,0.12049843272319183,0.7364420881544832,0.8166789210943849,0.19563223301458854,0.49544522270809954,0.40398696471869694,1.1413760593982996,3.131073945869359,2.4753273925467303,4.0,2.0,1.0,0.6240547966409968,0.13087728803064896,0.7549320846716459,0.8851747223404667,0.2097208269772172,0.49317750861034787,0.42450486304768564,0.9750934819733862,2.651415058909742,2.3556856164629325,3.0,3.0,1.0,dlp_23,idlp_24,0.9740050352841959,0.07616578305793119,0.9238342169420688,129205.0,119364.0
VGlut-F-200251,dense,True,5,0.44014324262981364,0.27810253953042646,0.7182457821602402,0.7961818777898269,0.6318455279894575,0.16204070309938717,0.28638402204898045,1.6026886562855744,4.966367344631138,3.4918149163676784,4.0,2.0,2.0,0.71824578216024,0.11263208332282551,0.8308778654830655,0.9121125766020225,0.15681551652703946,0.6056136988374146,0.5387826105967541,0.9950730034822667,2.704921802782538,1.8560361458073094,4.0,2.0,1.0,0.38526403157518313,0.24342735544596855,0.6286913870211517,0.6969100292706186,0.6318455279894574,0.14183667612921458,0.21942072047802477,1.5194244775951657,4.569594534177182,4.5574547281652515,4.0,2.0,2.0,0.6286913870211517,0.09858856459182277,0.7272799516129744,0.7983859218478899,0.15681551652703946,0.5301028224293289,0.4128025989451032,0.9875693146066142,2.684700871807683,2.4224653685695077,4.0,1.0,1.0,dfp_5,mb_4,0.22560620211652843,0.1246848883257471,0.8753151116742529,226507.0,198265.0
VGlut-F-200319,dense,True,5,0.6797864768683274,0.17991696322657177,0.8597034400948992,0.9094780545670226,0.26466687606882355,0.4998695136417556,0.5004105903195529,1.0271857615314277,2.793194049210172,1.9983589862904751,2.0,2.0,1.0,0.6797864768683274,0.17991696322657177,0.8597034400948992,0.9094780545670226,0.26466687606882355,0.4998695136417556,0.5004105903195529,1.027185761531428,2.793194049210173,1.9983589862904751,2.0,2.0,1.0,0.6126494045200881,0.16214800401975668,0.7747974085398448,0.8196561825140585,0.2646668760688235,0.4505014005003314,0.40644845964530696,1.0194548906210432,2.7716834814333504,2.460336547646568,2.0,2.0,1.0,0.6126494045200881,0.16214800401975668,0.7747974085398448,0.8196561825140585,0.2646668760688235,0.4505014005003314,0.40644845964530696,1.0194548906210432,2.7716834814333504,2.460336547646568,2.0,2.0,1.0,lh_25,dlp_23,1.0,0.09876200047039706,0.9012379995296029,93538.0,84300.0
VGlut-F-200392,dense,True,6,0.7782979158635123,0.1677615791916792,0.9460594950551915,0.964808069046364,0.21554931058186083,0.610536336671833,0.6346500802651994,0.7359409505641898,2.0874452514824506,1.575671430754618,2.0,2.0,1.0,0.7782979158635123,0.1677615791916792,0.9460594950551915,0.964808069046364,0.21554931058186083,0.610536336671833,0.6346500802651993,0.73594095056419,2.0874452514824506,1.5756714307546185,2.0,2.0,1.0,0.7277194582784672,0.15685942752892884,0.884578885807396,0.9021090652287456,0.21554931058186083,0.5708600307495384,0.5548435981143516,0.7509422110063539,2.118995617319619,1.8023097020467074,2.0,2.0,1.0,0.7277194582784672,0.15685942752892884,0.884578885807396,0.9021090652287456,0.21554931058186083,0.5708600307495384,0.5548435981143515,0.750942211006354,2.1189956173196194,1.8023097020467076,2.0,2.0,1.0,vlp_21,lh_25,1.0,0.06498598615535138,0.9350140138446487,135937.0,127103.0
VGlut-F-200459,dense,True,1,0.32416412079017515,0.12115532078043793,0.4453194415706131,0.558928419284558,0.37374685540494873,0.2030088000097372,0.16290368088182175,2.113042709594119,8.273376507718236,6.138596713019939,7.0,3.0,1.0,0.32416412079017515,0.12240898745116177,0.4465731082413369,0.5677284290217748,0.377614237975444,0.20175513333901338,0.17031610121703003,2.0102207943117003,7.4649653872681245,5.871435482930191,8.0,4.0,1.0,0.2826172310239078,0.10562730137843947,0.38824453240234724,0.4872926769740123,0.3737468554049488,0.17698992964546834,0.12382213343788236,1.9617996771064534,7.112115065230984,8.076100550324215,6.0,2.0,1.0,0.2826172310239078,0.10672029033182295,0.38933752135573074,0.4949648227341702,0.377614237975444,0.17589694069208484,0.1294562707076821,1.8721560579580485,6.502300633918343,7.724616154423632,7.0,3.0,1.0,dlp_23,ccp_16,1.0,0.12816621921326019,0.8718337807867398,94237.0,82159.0
VGlut-F-300438,dense,True,5,0.40060737646347494,0.23818226790523828,0.6387896443687132,0.8190238003627769,0.5945528762048503,0.16242510855823666,0.26585852924218983,1.4891933309768137,4.433517694749575,3.7613989773073158,4.0,4.0,2.0,0.40060737646347494,0.23818226790523828,0.6387896443687132,0.8190238003627769,0.5945528762048503,0.16242510855823666,0.2658585292421899,1.4891933309768135,4.4335176947495745,3.7613989773073153,4.0,4.0,2.0,0.3605634847997625,0.21437405694214262,0.5749375417419051,0.7371558611818834,0.5945528762048503,0.1461894278576199,0.2153655325169027,1.435123462634717,4.200163540034542,4.643268531938908,4.0,4.0,2.0,0.3605634847997625,0.21437405694214262,0.5749375417419051,0.7371558611818834,0.5945528762048503,0.1461894278576199,0.2153655325169027,1.435123462634717,4.200163540034542,4.643268531938908,4.0,4.0,2.0,dlp_23,lh_25,1.0,0.0999579488955401,0.9000420511044599,80854.0,72772.0
VGlut-F-400049,dense,True,6,0.49312710081163064,0.34993031454103246,0.8430574153526631,0.9085070915202361,0.7096148517594902,0.14319678627059818,0.3730513170110499,1.2097357604010843,3.3525986461736044,2.6805963533708144,3.0,2.0,2.0,0.49312710081163064,0.34993031454103246,0.8430574153526631,0.9085070915202361,0.7096148517594902,0.14319678627059818,0.3730513170110499,1.209735760401084,3.3525986461736035,2.6805963533708144,3.0,2.0,2.0,0.4279209846095473,0.30365908605847897,0.7315800706680262,0.7883753468187531,0.7096148517594901,0.12426189855106834,0.28091698875145615,1.172847041815124,3.2311788568672593,3.559770466159877,3.0,2.0,2.0,0.4279209846095473,0.30365908605847897,0.7315800706680262,0.7883753468187531,0.7096148517594901,0.12426189855106834,0.28091698875145615,1.172847041815124,3.2311788568672593,3.559770466159877,3.0,2.0,2.0,dfp_5,dlp_23,1.0,0.13222983708411393,0.867770162915886,42169.0,36593.0
VGlut-F-400184,dense,True,8,0.7350056725072482,0.10056725072482037,0.8355729232320686,0.9355603176604059,0.13682513548741165,0.6344384217824279,0.5616850393443045,0.949006444485812,2.5831418890481297,1.7803571930051265,3.0,2.0,1.0,0.8355729232320686,0.10946678431866885,0.9450397075507374,0.9743854783814446,0.13100805599975862,0.7261061389133997,0.7114156778385168,0.6095717199469272,1.8396433474898604,1.4056479652490714,2.0,2.0,1.0,0.5633732052793291,0.0770836151423216,0.6404568204216508,0.7170959825310634,0.13682513548741168,0.4862895901370075,0.32999233321720295,0.931239037433544,2.5376514756750357,3.030373433984583,3.0,1.0,1.0,0.6404568204216506,0.08390500299522696,0.7243618234168776,0.7468550116910472,0.13100805599975862,0.5565518174264237,0.41795971580671704,0.6710663123792462,1.9563222594834182,2.3925750788443065,2.0,1.0,1.0,al_3,ms_12,0.7592855203210331,0.23351175868132718,0.7664882413186728,51749.0,39665.0
VGlut-F-400186,dense,True,7,0.7838507834663414,0.10348118885383249,0.8873319723201739,0.9778879550335392,0.13201643863417276,0.6803695946125089,0.6334686607224724,0.762278450417002,2.143153731316289,1.5786100591929801,3.0,2.0,1.0,0.8873319723201739,0.0907150621735557,0.9780470344937297,0.9884932523795636,0.10223351012175992,0.7966169101466182,0.7957362342148412,0.4379838232441195,1.5495798400419651,1.2566978315204,2.0,1.0,1.0,0.6227448419677932,0.08221255621438878,0.704957398182182,0.7769012838471179,0.13201643863417276,0.5405322857534045,0.3998329845600879,0.7883990710849265,2.1998717673227755,2.501044282527715,3.0,1.0,1.0,0.7049573981821821,0.07207026930246764,0.7770276674846497,0.7853268596825664,0.10223351012175991,0.6328871288797144,0.502253091867025,0.530757169578231,1.7002191756048963,1.9910280617341762,2.0,1.0,1.0,al_3,ms_12,0.7667587958467169,0.20553139053597194,0.7944686094640281,94949.0,75434.0
VGlut-F-400334,dense,True,5,0.28649649969869884,0.28269489722282154,0.5691913969215203,0.700603346302923,0.9867307192936899,0.003801602475877297,0.19405672550980094,1.9687936540616733,7.162031387429444,5.15313240173938,5.0,3.0,2.0,0.2875305950884189,0.28269489722282154,0.5702254923112404,0.7016374416926431,0.9831819710729903,0.004835697865597344,0.19505553478739204,1.9423820483617233,6.975346810185444,5.126745063091835,5.0,3.0,2.0,0.227161455107446,0.22414718599397146,0.45130864110141744,0.5555044329221893,0.9867307192936899,0.003014269113474549,0.12199986276896917,1.7450486220911623,5.726179887493264,8.196730531522789,5.0,3.0,2.0,0.2279813834964342,0.22414718599397146,0.4521285694904057,0.5563243613111776,0.9831819710729902,0.0038341975024627495,0.1226277956297261,1.72410700923085,5.6075113373593926,8.154758020926137,5.0,3.0,2.0,dfp_5,spp_20,0.9928070583973713,0.2071056527868717,0.7928943472131283,169527.0,134417.0
VGlut-F-400757,dense,True,9,0.8443954237764657,0.10618741754795735,0.9505828413244231,0.9772918964510477,0.12575555783218934,0.7382080062285084,0.7250978409075398,0.6049630014049536,1.8311844563802504,1.3791242279088707,2.0,2.0,1.0,0.8711044789030905,0.10860961525984558,0.9797140941629361,0.9877159973182812,0.12468035452717297,0.7624948636432449,0.7707396868356363,0.4683318832070183,1.5973274408805374,1.2974549216553506,2.0,2.0,1.0,0.6898476977985087,0.08675218205590303,0.7765998798544118,0.7984204388847662,0.12575555783218934,0.6030955157426057,0.4839620509909276,0.6593890319988223,1.9336105992347346,2.06627771320596,2.0,1.0,1.0,0.7116682568288633,0.08873105056715785,0.8003993073960212,0.8069366408707023,0.12468035452717297,0.6229372062617053,0.5144254176156671,0.5477651888532283,1.7293838497432572,1.9439163885698802,2.0,1.0,1.0,al_3,ms_12,0.9386777228828919,0.18302766882221988,0.8169723311777801,56598.0,46239.0
VGlut-F-400898,dense,True,8,0.8353218827848433,0.08760543682531358,0.9229273196101568,0.9678772780909924,0.10487626222989588,0.7477164459595298,0.7077018404706491,0.6646850392865371,1.943878179651758,1.413024444496232,2.0,1.0,1.0,0.922927319610157,0.05692495957344522,0.9798522791836022,0.9911498623311918,0.061678702497928256,0.8660023600367117,0.8552310411960928,0.3322005584592615,1.3940324054692248,1.1692746776373306,2.0,1.0,1.0,0.7059279778393351,0.07403508771929825,0.7799630655586334,0.8179501385041551,0.10487626222989589,0.6318928901200369,0.5054327705349784,0.7039564321757807,2.021735765276293,1.9785024998310734,2.0,1.0,1.0,0.7799630655586334,0.04810710987996306,0.8280701754385964,0.8376177285318559,0.061678702497928256,0.7318559556786703,0.6107964821905567,0.4229748105392565,1.5264958438750307,1.6372065477744833,1.0,1.0,1.0,al_3,ms_12,0.8101574523499467,0.15490304709141275,0.8450969529085872,54150.0,45762.0
VGlut-F-500002,dense,True,5,0.6896038422109565,0.151343229086211,0.8409470712971675,0.9035936468704798,0.21946401661711398,0.5382606131247455,0.5061673206433671,1.0478253558745316,2.8514434959774406,1.9756312966410865,4.0,2.0,1.0,0.6896038422109565,0.151343229086211,0.8409470712971675,0.9035936468704798,0.21946401661711398,0.5382606131247455,0.506167320643367,1.0478253558745314,2.85144349597744,1.975631296641087,4.0,2.0,1.0,0.5754564417465489,0.1262919820938899,0.7017484238404388,0.7540253591768815,0.219464016617114,0.44916445965265894,0.3524679799557289,1.0253841562480137,2.7881663463814066,2.837137149665632,3.0,2.0,1.0,0.5754564417465489,0.1262919820938899,0.7017484238404388,0.7540253591768815,0.219464016617114,0.44916445965265894,0.3524679799557289,1.0253841562480135,2.7881663463814057,2.837137149665632,3.0,2.0,1.0,dfp_5,fspp_19,1.0,0.16552605057772987,0.8344739494222702,85334.0,71209.0
VGlut-F-500335,dense,True,7,0.7862502115496719,0.10511668139679196,0.8913668929464639,0.9806314522649918,0.13369367645651964,0.6811335301528799,0.6372864544386595,0.7508196222856697,2.1187358682792325,1.5691530755676097,3.0,2.0,1.0,0.8755147708681998,0.10511668139679196,0.9806314522649918,0.9914251866338216,0.12006271612362808,0.7703980894714079,0.777721665057787,0.4519683960767241,1.5714022853156155,1.2858070501683878,2.0,2.0,1.0,0.6595784957092378,0.08818147400302877,0.7477599697122665,0.8226432357395255,0.13369367645651964,0.571397021706209,0.44848313138392154,0.777227553465046,2.175432626431444,2.229738266663937,3.0,1.0,1.0,0.7344617617364967,0.08818147400302877,0.8226432357395255,0.8316980060575466,0.12006271612362808,0.6462802877334679,0.5473128218258813,0.5265238470262916,1.6930368127810964,1.8271086664184415,2.0,1.0,1.0,al_3,ms_12,0.7960866857106037,0.16110865724381626,0.8388913427561837,63392.0,53179.0
VGlut-F-500876,dense,True,8,0.900906676435571,0.057331257441157614,0.9582379338767286,0.9866288121622859,0.06363728779099319,0.8435754189944134,0.8158714200582283,0.4214056532453584,1.524102410115633,1.2256833312394133,2.0,1.0,1.0,0.9292975547211283,0.057331257441157614,0.9866288121622859,0.9986262478248924,0.061693111264413125,0.8719662972799707,0.8670264836528849,0.2944153088784471,1.342341274167569,1.1533673063674847,2.0,1.0,1.0,0.7522559265867959,0.04787152689268417,0.80012745347948,0.8238338006627581,0.06363728779099319,0.7043843996941117,0.5688442142910471,0.5024443957685046,1.6527563276265638,1.7579505510947389,1.0,1.0,1.0,0.7759622737700739,0.04787152689268417,0.823833800662758,0.8338516441498852,0.061693111264413125,0.7280907468773897,0.6045106946237373,0.39640762007574615,1.486475111173592,1.6542304526513385,1.0,1.0,1.0,al_3,ms_12,0.9388981965112841,0.1650012745347948,0.8349987254652051,39230.0,32757.0
VGlut-F-600204,dense,True,5,0.4796142461567841,0.15042343315044546,0.6300376793072295,0.7523962717317056,0.31363420573056244,0.3291908130063387,0.27963051489054147,1.731664378835063,5.650049910493877,3.576147618908615,5.0,3.0,1.0,0.4796142461567841,0.15042343315044546,0.6300376793072295,0.7523962717317056,0.31363420573056244,0.3291908130063387,0.2806097031323223,1.6970115175823934,5.457613015846575,3.5636686430919573,5.0,3.0,1.0,0.4164211466105478,0.13060391556660927,0.5470250621771571,0.6532619093170079,0.3136342057305625,0.2858172310439385,0.21079774679602384,1.6261729861053031,5.084379447203261,4.743883723613228,5.0,3.0,1.0,0.4164211466105478,0.13060391556660927,0.5470250621771571,0.6532619093170079,0.3136342057305625,0.2858172310439385,0.2115359018401447,1.5960859227375992,4.933683763581316,4.727329929818196,5.0,3.0,1.0,lob_27,vlp_21,1.0,0.1317581786875837,0.8682418213124163,156810.0,136149.0
VGlut-F-700261,dense,True,7,0.5633622669372046,0.15013110236449365,0.7134933693016983,0.8509677156793778,0.26649122807017545,0.4132311645727109,0.3648337623470036,1.4191185952797856,4.133475569306454,2.7409743921914553,4.0,3.0,1.0,0.5633622669372046,0.15013110236449365,0.7134933693016983,0.8509677156793778,0.26649122807017545,0.4132311645727109,0.36483376234700354,1.4191185952797856,4.133475569306454,2.7409743921914558,4.0,3.0,1.0,0.4936850096036764,0.13156272448912007,0.6252477340927964,0.7457191039285914,0.26649122807017545,0.36212228511455635,0.2801685561679623,1.3592966433621907,3.8934538518922817,3.569279913769108,4.0,3.0,1.0,0.4936850096036764,0.13156272448912007,0.6252477340927964,0.7457191039285914,0.26649122807017545,0.36212228511455635,0.2801685561679623,1.3592966433621905,3.8934538518922808,3.569279913769108,4.0,3.0,1.0,vlp_21,dmp_10,1.0,0.12368108661649999,0.8763189133835,196279.0,172003.0
VGlut-F-700541,dense,True,9,0.728757727539371,0.1564008844366229,0.8851586119759939,0.9645097242904201,0.21461300309597522,0.572356843102748,0.562122315586453,0.8998995953646973,2.4593561680009106,1.7789722490499535,3.0,2.0,1.0,0.8081088398537972,0.16887775822390685,0.976986598077704,0.990501331167366,0.2089789764636904,0.6392310816298904,0.6817981203030921,0.5808822781412469,1.7876149087607327,1.4667098224844797,2.0,2.0,1.0,0.6146293195311311,0.13190744405541177,0.7465367635865429,0.8134609529608768,0.2146130030959752,0.4827218754757193,0.39984440901496465,0.9026176170214916,2.4660498439845786,2.5009728220623284,3.0,2.0,1.0,0.6815535089054651,0.1424303546963008,0.8239838636017659,0.8353820977317704,0.20897897646369043,0.5391231542091642,0.48497125789373924,0.6335605776323575,1.8843078735377135,2.0619778671896207,2.0,2.0,1.0,al_3,ms_12,0.8036128095597063,0.1566067894656721,0.8433932105343279,52552.0,44322.0
VGlut-F-800130,dense,True,9,0.8553802904888334,0.13442917382476963,0.989809464313603,0.9937138841168202,0.15715720284827459,0.7209511166640638,0.7497751386320054,0.4643839065735617,1.5910336614897882,1.3337332067645504,2.0,2.0,1.0,0.8553802904888334,0.13442917382476963,0.989809464313603,0.9937138841168202,0.15715720284827459,0.7209511166640638,0.7497751386320055,0.46438390657356166,1.5910336614897882,1.3337332067645504,2.0,2.0,1.0,0.73041274921651,0.11478962459158498,0.8452023738080949,0.848536373941455,0.15715720284827459,0.6156231246249251,0.5467002189603163,0.5314018444914707,1.701315617640781,1.8291560261339272,2.0,2.0,1.0,0.73041274921651,0.11478962459158498,0.8452023738080949,0.848536373941455,0.15715720284827459,0.6156231246249251,0.5467002189603163,0.5314018444914707,1.701315617640781,1.8291560261339272,2.0,2.0,1.0,al_3,ms_12,1.0,0.14609588584383543,0.8539041141561645,89982.0,76836.0
fru-F-000094,dense,True,5,0.5966035634743875,0.1498405547681717,0.7464441182425592,0.8205734966592427,0.2511559835404913,0.44676300870621577,0.39219513830013863,1.3858594384089769,3.9982606874170337,2.5497511374929926,5.0,2.0,1.0,0.6586859688195991,0.1498405547681717,0.8085265235877708,0.8826559020044543,0.22748405440713138,0.5088454140514274,0.46662286641816547,1.1569719937581566,3.1802887474606045,2.143058285325964,4.0,2.0,1.0,0.540950501411295,0.13586295522867567,0.6768134566399706,0.744027812837047,0.25115598354049123,0.40508754618261933,0.3224375221598532,1.3453724051304103,3.839616167142743,3.1013760225592946,5.0,2.0,1.0,0.5972416641806457,0.13586295522867567,0.7331046194093214,0.8003189756063978,0.22748405440713132,0.4613787089519701,0.38362719508231147,1.1378363032178598,3.1200103003739854,2.6066973687447756,4.0,2.0,1.0,dfp_5,dlp_23,0.8114961961115807,0.09328315395736284,0.9067168460426371,87154.0,79024.0
fru-F-000131,dense,True,8,0.5358362815664267,0.13143528120043918,0.6672715627668659,0.7850585580090277,0.24528999943081564,0.40440100036598753,0.33536065829330913,1.456113307428205,4.289256069064885,2.981864375771209,5.0,4.0,1.0,0.5358362815664267,0.17533853848969136,0.7111748200561181,0.8446687812614371,0.32722408788206503,0.3604977430767353,0.3500887538614098,1.3266139521913993,3.7682622448838243,2.856418519504547,4.0,4.0,1.0,0.44190960082501196,0.10839600573483915,0.5503056065598511,0.6474457328269235,0.24528999943081564,0.3335135950901728,0.22809446920691895,1.3598122523086094,3.8954618691621334,4.384148390256831,5.0,2.0,1.0,0.44190960082501196,0.14460346605629198,0.5865130668813039,0.696606886837538,0.32722408788206503,0.29730613476872,0.23811173586583798,1.253012824295822,3.5008746045595505,4.199708999490229,4.0,3.0,1.0,dlp_23,dfp_5,1.0,0.17528988605780113,0.8247101139421988,79514.0,65576.0
fru-M-000335,dense,True,1,0.6262824630632284,0.14732495182160227,0.7736074148848306,0.8449848582178581,0.23523723002080707,0.47895751124162617,0.4261759901874787,1.2822702280786171,3.604814193505367,2.3464484697040087,5.0,2.0,1.0,0.6262824630632284,0.14732495182160227,0.7736074148848306,0.8896393502798935,0.23523723002080707,0.47895751124162617,0.4328360954896066,1.2024611867911024,3.3282984146116616,2.3103433618881546,4.0,3.0,1.0,0.4679319281982365,0.11007501062764834,0.5780069388258848,0.6313371638577677,0.23523723002080707,0.35785691757058813,0.23791062369290067,1.1758390072051566,3.240860909135963,4.2032591251192635,3.0,2.0,1.0,0.4679319281982365,0.11007501062764834,0.5780069388258848,0.6647011231024506,0.23523723002080707,0.35785691757058813,0.24162859430309996,1.116209046636471,3.053257479150855,4.138583030225287,4.0,2.0,1.0,dfp_5,mb_4,1.0,0.2528420388629102,0.7471579611370898,72923.0,54485.0
fru-M-000339,dense,True,2,0.4684962936816096,0.2683771620190611,0.7368734557006706,0.954796152488528,0.5728479939724995,0.20011913166254852,0.3398187357344464,1.2335962626500354,3.4335553263932956,2.9427453369771133,3.0,3.0,3.0,0.48629985880691845,0.4684962936816096,0.954796152488528,0.9807183198023296,0.9633897382388967,0.01780356512530884,0.456790625857771,0.8980591260387498,2.4548339611801113,2.189186781410365,2.0,2.0,2.0,0.41916191303318,0.2401160610307325,0.6592779740639125,0.854252610386278,0.5728479939724995,0.17904585200244752,0.2720186170940664,1.2032477264824772,3.3309172832065292,3.676218968697247,3.0,3.0,2.0,0.4350906973530979,0.41916191303318,0.854252610386278,0.8774450782622427,0.9633897382388967,0.0159287843199179,0.3656524531492115,0.903043882882289,2.467101260919746,2.734837388310727,2.0,2.0,2.0,fb_6,dfp_5,0.10375175792768679,0.10530367329214614,0.8946963267078538,50663.0,45328.0
fru-M-300299,dense,True,2,0.34398408892358595,0.16793992453391327,0.5119240134574992,0.6488782319373966,0.4882200367448395,0.17604416438967269,0.19225898062286875,1.9382180686227648,6.9463619953664155,5.201317497680794,5.0,4.0,1.0,0.34398408892358595,0.2645588207959256,0.6085429097195115,0.7764828342534248,0.7691019128931157,0.07942526812766038,0.22822603332353048,1.7245923990238143,5.610233826807321,4.381621086067828,4.0,3.0,2.0,0.20616282696849517,0.1006528229579787,0.30681564992647387,0.3888975535849561,0.4882200367448395,0.10551000401051647,0.0690606477673232,1.4684669671458566,4.342572728854326,14.48002635841422,4.0,2.0,1.0,0.20616282696849517,0.15856022458892205,0.36472305155741724,0.46537587451539597,0.7691019128931157,0.04760260237957312,0.0819802416908005,1.340432929015271,3.8206972380589947,12.198061134921199,3.0,3.0,1.0,dfp_5,fb_6,1.0,0.4006617352167907,0.5993382647832093,89764.0,53799.0
npf-M-300037,dense,True,1,0.7049458394615079,0.12376944465319005,0.828715284114698,0.8906375806503559,0.1755729840858905,0.5811763948083178,0.5191897977122794,1.097971391041826,2.998077923114197,1.926077909092837,3.0,2.0,1.0,0.828715284114698,0.06293143243620436,0.8916467165509023,0.9365210576603077,0.07593854444645956,0.7657838516784936,0.6938226809645518,0.7419202283124657,2.099964055832104,1.4412904441373993,2.0,1.0,1.0,0.4637096774193548,0.08141489181402181,0.5451245692333766,0.585856731258121,0.17557298408589053,0.38229478560533303,0.22465028063787587,0.9977652597647256,2.7122139572693955,4.451363235160814,2.0,1.0,1.0,0.5451245692333766,0.0413959663295859,0.5865205355629625,0.6160386418846392,0.07593854444645957,0.5037286029037907,0.30021287143625164,0.7635566715700106,2.145894907291142,3.3309697722682214,1.0,1.0,1.0,dfp_5,dlp_23,0.7012980283441719,0.34220524264165864,0.6577947573583414,141608.0,93149.0
Cha-F-000009,projection,True,2,0.5074351176371812,0.31229359852230537,0.8197287161594866,0.9057409929660243,0.6154355259771299,0.19514151911487582,0.36636130732735045,1.2330962626310662,3.431838977787892,2.7295458881701227,4.0,2.0,2.0,0.8197287161594865,0.11987611246898147,0.939604828628468,0.9974065712633169,0.1462387618072152,0.6998526036905051,0.6896700360174011,0.5994549054632783,1.8211258440392855,1.4499687499469225,3.0,2.0,1.0,0.4235105422155782,0.2606434333053038,0.6841539755208821,0.7559407019838675,0.6154355259771298,0.1628671089102744,0.25519785013845375,1.1800443189803262,3.2545184366320656,3.918528308359436,3.0,2.0,2.0,0.684153975520882,0.1000498302656576,0.7842038057865396,0.8324457317263072,0.1462387618072152,0.5841041452552244,0.48040638292430127,0.651200757671629,1.9178423108441083,2.081571010594945,2.0,2.0,1.0,mb_4,dfp_5,0.23805621941504496,0.16538976610919057,0.8346102338908095,64218.0,53597.0
Cha-F-400112,projection,True,2,0.5164307052864008,0.33108195869593454,0.8475126639823354,0.9993072693423388,0.6410965794768613,0.18534874659046624,0.3993579138558857,0.9987069927942858,2.7147693417923384,2.5040194905486834,3.0,3.0,2.0,0.5170368446118544,0.482876564055938,0.9999134086677923,1.0,0.9339306648802544,0.03416028055591641,0.50049688229871,0.6934001233729143,2.0005059496113993,1.9980144439804384,2.0,2.0,2.0,0.43459884864825477,0.27861983531297824,0.713218683961233,0.8409604313925527,0.6410965794768612,0.15597901333527653,0.2828233914175215,0.9856364025242277,2.6795165930466034,3.5357754356454123,3.0,3.0,2.0,0.43510894119361654,0.4063615827442979,0.8414705239379144,0.8415433943015376,0.9339306648802547,0.02874735844931864,0.35444953194717077,0.7287074233277904,2.07240013961613,2.8212761193575107,2.0,2.0,2.0,dfp_5,mb_4,0.9976553341148886,0.15845660569846243,0.8415433943015376,27446.0,23097.0
Cha-F-400201,projection,True,2,0.3806632883447895,0.33400230796247055,0.7146655963072601,0.8934323415784458,0.8774219058916568,0.04666098038231897,0.29443314168717255,1.377182786167808,3.963719238634387,3.396356790101006,4.0,3.0,2.0,0.45567206863679693,0.3390196176809995,0.7946916863177964,0.973458431588982,0.7439991191367541,0.11665245095579746,0.35489090566004977,1.147270175656728,3.149583354437395,2.8177673308932314,3.0,3.0,2.0,0.25084308668914895,0.2200952192025392,0.47093830589168817,0.588739006810818,0.8774219058916569,0.030747867486609765,0.12785242673766184,1.1823581227006197,3.2620574720591478,7.821517553607977,3.0,3.0,2.0,0.30027111022945185,0.22340144151292732,0.5236725517423791,0.641473252661509,0.7439991191367539,0.07686966871652454,0.15410515017352322,1.0308541803579516,2.803459472269969,6.489075795805621,3.0,3.0,2.0,mb_4,dfp_5,0.6707773618145783,0.3410368313165377,0.6589631686834623,30246.0,19931.0
Cha-F-800086,projection,True,2,0.37065178677430843,0.2979144406189402,0.6685662273932487,0.7724880288100043,0.8037582746102925,0.07273734615536825,0.24487600834389567,1.765911104302168,5.846897065106268,4.0836993659078,4.0,3.0,2.0,0.38418615695120506,0.32613083224504336,0.7103169891962484,0.8253987098816733,0.8488875154511742,0.058055324706161704,0.2780912836347794,1.5031005860264857,4.49560649778539,3.595941544551651,4.0,3.0,2.0,0.2783027277589588,0.2236881202828787,0.5019908480418376,0.5800202056219173,0.8037582746102926,0.0546146074760801,0.13805399138201005,1.5410866434669281,4.669661772489945,7.243542834143012,3.0,2.0,2.0,0.2884649670172936,0.24487430914601532,0.5333392761633089,0.6197480240090331,0.8488875154511742,0.043590657871278304,0.15677980025063154,1.343756192812972,3.8334155443104128,6.37837271384055,4.0,2.0,2.0,mb_4,dfp_5,0.9295426452410384,0.2491531467284721,0.7508468532715279,33654.0,25269.0
E0585-F-200015,projection,True,2,0.39032338932063176,0.3348135945278086,0.7251369838484404,0.7876660817247431,0.8577851179007248,0.05550979479282314,0.27611559740642794,1.646076473480983,5.186590129660068,3.6216715368239467,4.0,2.0,2.0,0.4140672563836264,0.3458439279447051,0.7599111843283315,0.8466497152884719,0.83523611831863,0.06822332843892132,0.3064352204286562,1.4078247096797174,4.087055195706508,3.263332454412885,4.0,2.0,2.0,0.31539196110773504,0.27053853054373933,0.5859304916514744,0.6364557108545302,0.8577851179007249,0.04485343056399571,0.1802781225962685,1.5023133850735237,4.492068944631479,5.5469847677496205,3.0,2.0,2.0,0.33457765431027,0.27945134126226234,0.6140289955725323,0.6841160980409179,0.83523611831863,0.055126313048007636,0.2000740514304817,1.3097994515543312,3.705430519358413,4.998149399436052,4.0,2.0,2.0,dfp_5,mb_4,0.885313959522574,0.19197268281390167,0.8080273171860983,34557.0,27923.0
E0585-F-300042,projection,True,2,0.4194843235815282,0.30546414493906626,0.7249484685205945,0.7836401113803204,0.7281896551724137,0.11402017864246194,0.2806278145115706,1.6345913549560027,5.127362297666026,3.5634386482340967,4.0,2.0,2.0,0.4211477958991791,0.3227497920659603,0.7438975879651394,0.8407044443640834,0.7663575476558474,0.09839800383321884,0.30041840610663684,1.416016997122857,4.1206750503935705,3.3286908514022238,5.0,2.0,2.0,0.33277870216306155,0.2423260083768432,0.5751047105399048,0.6216650410235813,0.7281896551724139,0.09045269378621834,0.17660796658351177,1.4804166586148417,4.394776420951561,5.662258726743987,2.0,2.0,2.0,0.334098341844053,0.2560387859314935,0.5901371277755465,0.6669344196454186,0.7663575476558475,0.07805955591255953,0.18906281231992855,1.3070206887611504,3.6951482994397726,5.289247460827033,5.0,2.0,2.0,dfp_5,mb_4,0.9921002919457325,0.206695736990074,0.793304263009926,34858.0,27653.0
G0239-F-000001,projection,True,2,0.4197123582178071,0.40599747942768183,0.825709837645489,0.9038105122692566,0.9673231475757308,0.013714878790125284,0.35271917374805567,1.2208324875042016,3.3900086991303082,2.8351166435717827,4.0,2.0,2.0,0.4197123582178071,0.40599747942768183,0.825709837645489,0.9038105122692566,0.9673231475757308,0.013714878790125284,0.35271917374805567,1.2208324875042016,3.3900086991303082,2.8351166435717827,4.0,2.0,2.0,0.3444049031237643,0.3331508349301944,0.6775557380539587,0.7416430939562613,0.9673231475757309,0.011254068193569944,0.23750032367788812,1.1640527322232803,3.2028874536701792,4.2105205774635435,4.0,2.0,2.0,0.3444049031237643,0.3331508349301944,0.6775557380539587,0.7416430939562613,0.9673231475757309,0.011254068193569944,0.2375003236778881,1.1640527322232803,3.2028874536701792,4.210520577463544,4.0,2.0,2.0,mb_4,dfp_5,1.0,0.17942634668613316,0.8205736533138669,32877.0,26978.0
G0239-F-000003,projection,True,2,0.4518554062699936,0.3797984644913628,0.8316538707613563,0.919465770953295,0.8405309734513275,0.07205694177863081,0.3592535385477671,1.2060794500394478,3.3403628875020472,2.783549478850959,3.0,2.0,2.0,0.4518554062699936,0.3797984644913628,0.8316538707613563,0.919465770953295,0.8405309734513275,0.07205694177863081,0.3592535385477671,1.2060794500394476,3.3403628875020464,2.783549478850959,3.0,2.0,2.0,0.3466045027912398,0.29133182013373415,0.6379363229249739,0.7052941537328998,0.8405309734513275,0.05527268265750562,0.21138321049326173,1.1285566183703755,3.0911915095186906,4.730744687179766,3.0,2.0,2.0,0.3466045027912398,0.29133182013373415,0.6379363229249739,0.7052941537328998,0.8405309734513275,0.05527268265750562,0.21138321049326173,1.1285566183703757,3.0911915095186915,4.730744687179766,3.0,2.0,2.0,dfp_5,mb_4,1.0,0.23293049506165267,0.7670695049383474,32602.0,25008.0
G0239-F-000005,projection,True,2,0.4212139791538933,0.4201512364602493,0.8413652156141427,0.9339464541181279,0.9974769529354682,0.001062742693643981,0.3647610986285751,1.173189368321117,3.2322851643839585,2.741520419144995,3.0,2.0,2.0,0.4212139791538933,0.4201512364602493,0.8413652156141427,0.9339464541181279,0.9974769529354682,0.001062742693643981,0.36476109862857503,1.173189368321117,3.2322851643839585,2.741520419144995,3.0,2.0,2.0,0.3284462151394422,0.3276175298804781,0.6560637450199203,0.7282549800796813,0.9974769529354682,0.0008286852589641236,0.22178465078332088,1.108786737907485,3.0306791548129053,4.508878303652221,3.0,2.0,2.0,0.3284462151394422,0.3276175298804781,0.6560637450199203,0.7282549800796813,0.9974769529354682,0.0008286852589641236,0.2217846507833209,1.108786737907485,3.0306791548129053,4.50887830365222,3.0,2.0,2.0,mb_4,dfp_5,1.0,0.2202390438247012,0.7797609561752988,31375.0,24465.0
G0239-F-000007,projection,True,2,0.43990621336459557,0.3663305978898007,0.8062368112543963,0.9011019929660024,0.8327470418931884,0.07357561547479485,0.3427962501838213,1.2455151257758061,3.4747242584283393,2.9171847692725903,4.0,2.0,2.0,0.43990621336459557,0.3663305978898007,0.8062368112543963,0.9011019929660024,0.8327470418931884,0.07357561547479485,0.3427962501838213,1.2455151257758061,3.4747242584283393,2.9171847692725903,4.0,2.0,2.0,0.3018048450921726,0.2513270919795387,0.5531319370717113,0.6182157449409645,0.8327470418931884,0.050477753112633916,0.16134974575436997,1.113002730447855,3.043483447958124,6.197716614455317,4.0,2.0,2.0,0.3018048450921726,0.2513270919795387,0.5531319370717113,0.6182157449409645,0.8327470418931884,0.050477753112633916,0.16134974575436997,1.113002730447855,3.043483447958124,6.197716614455317,4.0,2.0,2.0,mb_4,dfp_5,1.0,0.3139336614869865,0.6860663385130136,31083.0,21325.0
G0239-F-000008,projection,True,2,0.43570373931257084,0.3552175256669986,0.7909212649795694,0.9027572708855544,0.8152730711640003,0.08048621364557224,0.33560066180295517,1.2445774357332018,3.471467571210627,2.9797319070459425,4.0,3.0,2.0,0.43570373931257084,0.3552175256669986,0.7909212649795694,0.9027572708855544,0.8152730711640003,0.08048621364557224,0.33560066180295517,1.2445774357332018,3.471467571210627,2.9797319070459425,4.0,3.0,2.0,0.3434564893760996,0.28001082690485857,0.6234673162809582,0.7116253890918933,0.8152730711640003,0.06344566247124106,0.20853727163645996,1.1686087682691084,3.2175132168123968,4.795305856611022,4.0,2.0,2.0,0.3434564893760996,0.28001082690485857,0.6234673162809582,0.7116253890918933,0.8152730711640003,0.06344566247124106,0.20853727163645996,1.1686087682691084,3.2175132168123968,4.795305856611022,4.0,2.0,2.0,mb_4,dfp_5,1.0,0.21172012450940586,0.7882798754905941,36945.0,29123.0
G0239-F-000009,projection,True,2,0.37928054000658545,0.375576226539348,0.7548567665459335,0.8722835034573593,0.9902333152468801,0.00370431346723743,0.30745226473103265,1.3336575532064783,3.7948980766206857,3.2525374333307524,4.0,3.0,2.0,0.37928054000658545,0.375576226539348,0.7548567665459335,0.8722835034573593,0.9902333152468801,0.00370431346723743,0.30745226473103265,1.333657553206478,3.794898076620685,3.2525374333307524,4.0,3.0,2.0,0.29202053492204333,0.2891684624160223,0.5811889973380656,0.6715996957789326,0.9902333152468801,0.0028520725060210417,0.18225663997716057,1.2281272065416071,3.41482827598462,5.4867685485989135,4.0,2.0,2.0,0.29202053492204333,0.2891684624160223,0.5811889973380656,0.6715996957789326,0.9902333152468801,0.0028520725060210417,0.1822566399771606,1.228127206541607,3.414828275984619,5.486768548598913,4.0,2.0,2.0,mb_4,dfp_5,1.0,0.23006718215236405,0.7699328178476359,31556.0,24296.0
G0239-F-000011,projection,True,2,0.41791472590469364,0.3788247939806521,0.7967395198853457,0.8907918308849875,0.9064643347050755,0.03908993192404153,0.3345965232722623,1.2701017069554426,3.561214744246314,2.988674210419983,4.0,2.0,2.0,0.41791472590469364,0.3788247939806521,0.7967395198853457,0.8907918308849875,0.9064643347050755,0.03908993192404153,0.3345965232722623,1.2701017069554426,3.561214744246314,2.988674210419983,4.0,2.0,2.0,0.35948961351168096,0.3258645133452506,0.6853541268569315,0.7662577821611293,0.9064643347050754,0.03362510016643039,0.24758183032029066,1.2220786768944136,3.394235925419097,4.039068613017054,4.0,2.0,2.0,0.35948961351168096,0.3258645133452506,0.6853541268569315,0.7662577821611293,0.9064643347050754,0.03362510016643039,0.24758183032029066,1.2220786768944134,3.3942359254190966,4.039068613017054,4.0,2.0,2.0,dfp_5,mb_4,1.0,0.1398015163656537,0.8601984836343463,32446.0,27910.0
G0239-F-000012,projection,True,2,0.43252744099289764,0.3354257837721501,0.7679532247650478,0.8632613530382381,0.775501741582352,0.09710165722074754,0.31756437394727804,1.3424669720385396,3.82847660972627,3.148967837828118,4.0,2.0,2.0,0.43252744099289764,0.3354257837721501,0.7679532247650478,0.8632613530382381,0.775501741582352,0.09710165722074754,0.3175643739472781,1.3424669720385396,3.82847660972627,3.1489678378281174,4.0,2.0,2.0,0.34012185490240326,0.26376509082703375,0.603886945729437,0.6788333521381023,0.775501741582352,0.07635676407536951,0.1963692680266943,1.2446559728132645,3.471740220843615,5.092446542419564,4.0,2.0,2.0,0.34012185490240326,0.26376509082703375,0.603886945729437,0.6788333521381023,0.775501741582352,0.07635676407536951,0.19636926802669427,1.2446559728132645,3.471740220843615,5.092446542419564,4.0,2.0,2.0,mb_4,dfp_5,1.0,0.21364097935236376,0.7863590206476362,35452.0,27878.0
G0239-F-000013,projection,True,2,0.4581156896885278,0.4104855871541884,0.8686012768427163,0.9505900561036952,0.8960304054054054,0.04763010253433936,0.38627710676484417,1.1148832385690919,3.049212128025356,2.588815082455236,3.0,2.0,2.0,0.4581156896885278,0.4104855871541884,0.8686012768427163,0.9505900561036952,0.8960304054054054,0.04763010253433936,0.3862771067648441,1.1148832385690919,3.049212128025356,2.5888150824552363,3.0,2.0,2.0,0.3373027177938579,0.30223349096917557,0.6395362087630334,0.6999031394222551,0.8960304054054055,0.03506922682468233,0.20940561327771154,1.0462757153502127,2.8470282055233436,4.77542117590616,3.0,2.0,2.0,0.3373027177938579,0.30223349096917557,0.6395362087630334,0.6999031394222551,0.8960304054054055,0.03506922682468233,0.20940561327771154,1.0462757153502125,2.8470282055233427,4.77542117590616,3.0,2.0,2.0,mb_4,dfp_5,1.0,0.26371716711298504,0.736282832887015,35102.0,25845.0
Gad1-F-001409,projection,True,2,0.5053598774885145,0.2659520163348647,0.7713118938233792,0.9591628381827462,0.5262626262626262,0.23940786115364981,0.3630335611532068,1.1445923954627057,3.1411607444933694,2.7545662633047354,3.0,3.0,2.0,0.5053598774885145,0.2659520163348647,0.7713118938233792,0.9591628381827462,0.5262626262626262,0.23940786115364981,0.3630335611532068,1.1445923954627057,3.1411607444933694,2.7545662633047354,3.0,3.0,2.0,0.13765294771968856,0.07244160177975528,0.21009454949944384,0.2612625139043382,0.5262626262626262,0.06521134593993327,0.026934957238360265,0.6660184757562274,1.9464719466365652,37.12647438607471,3.0,1.0,0.0,0.13765294771968856,0.07244160177975528,0.21009454949944384,0.2612625139043382,0.5262626262626262,0.06521134593993327,0.026934957238360265,0.6660184757562275,1.9464719466365654,37.12647438607471,3.0,1.0,0.0,mb_4,dfp_5,1.0,0.7276140155728588,0.2723859844271413,7192.0,1959.0
Gad1-F-101173,projection,True,2,0.4181367720366556,0.1936061610101191,0.6117429330467747,0.7800662666786067,0.4630211307824101,0.22453061102653651,0.2666309079639434,1.5120455973858553,4.536000140436396,3.7505029241967343,4.0,4.0,1.0,0.4181367720366556,0.361929494641951,0.7800662666786067,0.9340616698009016,0.8655768132495717,0.0562072773947046,0.3318077768297123,1.2620589826497535,3.5326877470251654,3.0137931351537066,3.0,3.0,2.0,0.3523936504742019,0.16316570652310633,0.5155593569973083,0.657417423461045,0.46302113078241003,0.18922794395109557,0.18937817032306073,1.4184727645939634,4.130806905789853,5.2804396530714035,4.0,4.0,1.0,0.3523936504742019,0.3050237729868431,0.657417423461045,0.7872003220044779,0.8655768132495716,0.047369877487358825,0.23567091360417544,1.207791232550137,3.3460857590304953,4.24320500441376,3.0,3.0,2.0,mb_4,eb_8,1.0,0.15722874896229025,0.8427712510377098,39751.0,33501.0
Gad1-F-200227,projection,True,2,0.5416982056191282,0.32450242664410706,0.8662006322632352,0.9786722472060199,0.599046523097156,0.21719577897502113,0.4116361079682051,1.0424151981977006,2.836058392502031,2.42933013076987,3.0,3.0,2.0,0.5416982056191282,0.4369740415868917,0.9786722472060199,0.9934992653279309,0.806674338319908,0.1047241640322365,0.4846315606196343,0.792328274429877,2.208532514605489,2.063423188373106,2.0,2.0,2.0,0.48302695835153053,0.28935561996267917,0.7723825783142098,0.8726724103704292,0.599046523097156,0.19367133838885137,0.3272965362456436,1.0317316679169355,2.805920552704817,3.055333281160901,3.0,3.0,2.0,0.48302695835153053,0.38964545201889866,0.8726724103704292,0.8858935164966054,0.806674338319908,0.09338150633263187,0.38533604821270595,0.8087316194434551,2.2450585913341,2.5951374252117696,2.0,2.0,2.0,dfp_5,mb_4,1.0,0.10830984237900504,0.8916901576209949,25187.0,22459.0
Gad1-F-300153,projection,True,2,0.5333063209076175,0.35834683954619123,0.8916531604538087,0.9595623987034035,0.6719343564807779,0.1749594813614263,0.4188393281655105,1.0264837516098884,2.791233887381868,2.387550386874929,3.0,2.0,2.0,0.6012155591572124,0.36150729335494325,0.9627228525121556,1.0,0.6012939749292356,0.23970826580226912,0.493537257446367,0.7963419660623344,2.2174146963244743,2.0261894819737507,2.0,2.0,2.0,0.47307885845733594,0.3178779383221911,0.790956796779527,0.8511968945438861,0.671934356480778,0.15520092013514486,0.32958016927196393,1.0168614420079354,2.7645045758375955,3.034163136116412,3.0,2.0,2.0,0.533318956221695,0.32068147509165407,0.8540004313133491,0.8870677880813744,0.6012939749292358,0.21263748113004094,0.38835916761598127,0.8127100773571687,2.2540082535761337,2.5749359958172113,2.0,2.0,2.0,mb_4,dfp_5,0.7740935436042593,0.11293221191862554,0.8870677880813744,13911.0,12340.0
Gad1-F-300154,projection,True,2,0.5318954248366013,0.33052287581699347,0.8624183006535948,0.9732679738562092,0.621405750798722,0.20137254901960788,0.4049051646802512,1.0600076286231888,2.886393008388606,2.4697141138955048,3.0,3.0,2.0,0.5318954248366013,0.33052287581699347,0.8624183006535948,0.9732679738562092,0.621405750798722,0.20137254901960788,0.4049051646802512,1.0600076286231888,2.886393008388606,2.4697141138955048,3.0,3.0,2.0,0.4295592504618633,0.26693058854579044,0.6964898390076537,0.7860121404064396,0.6214057507987221,0.16262866191607284,0.26408696090090344,1.0286371667373477,2.7972510490574916,3.7866314814961353,3.0,2.0,2.0,0.4295592504618633,0.26693058854579044,0.6964898390076537,0.7860121404064396,0.6214057507987221,0.16262866191607284,0.2640869609009035,1.028637166737348,2.797251049057492,3.786631481496135,3.0,2.0,2.0,dfp_5,mb_4,1.0,0.19239904988123516,0.8076009501187649,18945.0,15300.0
Gad1-F-300275,projection,True,1,0.5628852014900102,0.3457500846596681,0.9086352861496783,0.9994581781239418,0.6142461797617614,0.2171351168303421,0.4446319623761312,0.9126234779163181,2.490848655513729,2.249051090830177,3.0,2.0,2.0,0.5628852014900102,0.4365729766339316,0.9994581781239418,1.0,0.7755986042594152,0.12631222485607863,0.5074360075544061,0.6893850063359397,1.9924897877736811,1.970691841163405,2.0,2.0,2.0,0.39738930859711197,0.24409486468394376,0.6414841732810557,0.705603901692646,0.6142461797617615,0.1532944439131682,0.2216120514446384,0.8900955035520074,2.4353622259268466,4.512389978258078,3.0,2.0,2.0,0.39738930859711197,0.3082145930955341,0.7056039016926461,0.7059864205795161,0.7755986042594153,0.08917471550157785,0.2529146443050352,0.7324921740653341,2.0802585191964793,3.9539031152103647,2.0,2.0,2.0,dfp_5,mb_4,1.0,0.2940135794204839,0.7059864205795161,20914.0,14765.0
Gad1-F-300309,projection,True,2,0.3598813454972855,0.3252364694688532,0.6851178149661388,0.867465159232104,0.9037325038880248,0.0346448760284323,0.2816146307745205,1.370775805008165,3.9384049448466967,3.550951870823313,4.0,4.0,2.0,0.4379582470476297,0.37896681032070295,0.8169250573683327,0.9992724016342979,0.8653035143769968,0.05899143672692675,0.3686741022386549,1.0453748185902416,2.8444644820359293,2.7124226896541463,3.0,3.0,2.0,0.2631578947368421,0.2378243431284276,0.5009822378652697,0.6343210280756324,0.903732503888025,0.025333551608414495,0.15058071319765853,1.2312508254135577,3.425511574622169,6.64095672523053,4.0,3.0,2.0,0.32025047065564377,0.2771138577392159,0.5973643283948596,0.7307031186052222,0.8653035143769969,0.0431366129164279,0.19713183615467877,0.993306181706877,2.7001469074772886,5.072747352768295,3.0,3.0,2.0,mb_4,dfp_5,0.4852396166134185,0.26876483588442335,0.7312351641155767,24434.0,17867.0
Gad1-F-301525,projection,True,2,0.30812289562289563,0.2382996632996633,0.5464225589225589,0.6755050505050504,0.7733916131676,0.06982323232323234,0.20181333537394144,1.7219725595016628,5.595555150782794,4.955073945669113,6.0,5.0,2.0,0.4372053872053872,0.2382996632996633,0.6755050505050505,0.7887205387205387,0.5450519830573739,0.19890572390572392,0.2813640650330465,1.4555466362999243,4.286826160033413,3.5541141328141848,5.0,4.0,2.0,0.21812060541055894,0.16869264688356572,0.38681325229412467,0.478190918841616,0.7733916131676,0.04942795852699322,0.10113356296629683,1.463531567911971,4.321193200386612,9.88791426574434,6.0,2.0,1.0,0.3094982719580503,0.16869264688356572,0.478190918841616,0.5583363127160053,0.5450519830573739,0.14080562507448457,0.14099836531985221,1.2749283044370183,3.5784448422867356,7.092280805749189,5.0,2.0,1.0,mb_4,dlp_23,0.40951097420100113,0.29209867715409366,0.7079013228459063,33564.0,23760.0
Gad1-F-301704,projection,True,2,0.397621916730197,0.29346088581757374,0.6910828025477707,0.7539532252908049,0.7380400160806507,0.10416103091262324,0.2595152674063674,1.669425898961236,5.309118951387226,3.8533378401746563,6.0,2.0,2.0,0.6910828025477707,0.12049037208272877,0.8115731746304994,0.8809728746034478,0.17435012365887942,0.5705924304650419,0.5018729263778402,1.0769150665762561,2.9356094082827786,1.9925362525874522,4.0,2.0,1.0,0.31412834411610424,0.23183928814283772,0.545967632258942,0.5956363777661208,0.7380400160806506,0.08228905597326652,0.1619707278147236,1.5050831063559167,4.5045279696379605,6.173955093564117,2.0,2.0,2.0,0.545967632258942,0.09518952419809212,0.6411571564570341,0.695984146412543,0.1743501236588794,0.45077810806084984,0.31323291291620364,1.0369890732640699,2.8207112607276668,3.1925125322558965,3.0,1.0,1.0,mb_4,eb_8,0.15072149173531663,0.20998232014143886,0.7900176798585611,102942.0,81326.0
Gad1-F-400259,projection,True,2,0.46372549019607845,0.25333333333333335,0.7170588235294117,0.7803921568627451,0.5463002114164905,0.2103921568627451,0.290358219061045,1.6670800802130405,5.296679316883051,3.444021675135567,3.0,2.0,2.0,0.46568627450980393,0.2658496732026144,0.7315359477124184,0.8192810457516341,0.5708771929824561,0.19983660130718955,0.3047306954590115,1.475756482566919,4.374343636304099,3.2815860525429326,4.0,2.0,2.0,0.37664233576642336,0.20575978765759786,0.5824021234240212,0.6338420703384207,0.5463002114164904,0.1708825481088255,0.1915448390589547,1.5229555557393044,4.585758651149265,5.220709703863202,3.0,2.0,2.0,0.37823490378234903,0.2159256801592568,0.5941605839416059,0.66542800265428,0.5708771929824562,0.16230922362309222,0.20102614007887984,1.3675606761647507,3.9257627994648137,4.974477446602785,4.0,2.0,2.0,dfp_5,mb_4,0.991578947368421,0.18779031187790313,0.8122096881220969,37675.0,30600.0
Gad1-F-400718,projection,True,2,0.5839872774200277,0.3243736475741064,0.908360924994134,0.9864170816278645,0.5554464285714286,0.25961362984592123,0.45247396946369584,0.9445862116977971,2.5717489987376676,2.2100718880807015,3.0,2.0,2.0,0.5839872774200277,0.4024298042078369,0.9864170816278646,0.9971322053340981,0.6891071428571429,0.18155747321219073,0.5031126899494938,0.7466239841197865,2.1098650416093645,1.9876262713635537,2.0,2.0,2.0,0.4706574496249448,0.26142499947471265,0.7320824490996575,0.7949908600004202,0.5554464285714286,0.20923245015023217,0.29389804845106426,0.9351577822921947,2.5476153946255065,3.402540456700262,3.0,2.0,2.0,0.4706574496249448,0.32433341037547536,0.7949908600004202,0.8036265837413065,0.6891071428571428,0.14632403924946946,0.32678971102443805,0.7756125306121209,2.1719220885872246,3.0600718635392345,2.0,2.0,2.0,dfp_5,mb_4,1.0,0.19406215199714244,0.8059378480028576,47593.0,38357.0
Gad1-F-400957,projection,True,2,0.4971846519997678,0.20810355836767863,0.7052882103674465,0.8367098159865328,0.4185639229422066,0.28908109363208917,0.31508580181761175,1.4644192210777616,4.325030624109619,3.1737386903230016,4.0,3.0,2.0,0.5358448946421316,0.33952516398676497,0.8753700586288966,0.9390491670052825,0.6336258260210161,0.19631973065536662,0.4082269679378034,1.0989429457441595,3.00099213524738,2.44961768462185,3.0,2.0,2.0,0.3144388560519843,0.13161276111457837,0.44605161716656266,0.529167737435295,0.4185639229422067,0.18282609493740593,0.12602764524734375,1.2159211561191152,3.3734000616567728,7.9347669952682605,3.0,2.0,1.0,0.3388890928448181,0.2147288813833107,0.5536179742281289,0.5938911120085173,0.6336258260210161,0.12416021146150741,0.16328213838541983,0.9847797854677711,2.6772222562542534,6.124368592231116,2.0,2.0,2.0,mb_4,eb_8,0.8557036074098148,0.36756121737215025,0.6324387826278498,27239.0,17227.0
Gad1-F-402516,projection,True,2,0.4483727378867484,0.3570855224751897,0.8054582603619381,0.9090776415645068,0.7964032874928797,0.09128721541155871,0.3468161724036752,1.1985216129450453,3.315212131340429,2.8833718827738353,4.0,3.0,2.0,0.4523496789258611,0.4437755399883246,0.8961252189141857,0.9997446001167544,0.9810453298919181,0.008574138937536502,0.4122940033061623,0.9564094721801466,2.6023359192995414,2.425453661661476,3.0,3.0,2.0,0.30668064186069727,0.24424147138828578,0.550922113248983,0.621796311547004,0.7964032874928798,0.06243917047241149,0.16225334941013503,1.0795620384302476,2.9433901769556856,6.163200967101489,4.0,2.0,2.0,0.30940081355593824,0.30353622320381324,0.6129370367597515,0.6838112350577725,0.981045329891918,0.005864590352124999,0.1928862847268688,0.9139607418795166,2.494181805812702,5.184401791013922,3.0,2.0,2.0,dfp_5,mb_4,0.9824165187933538,0.3160140750168451,0.6839859249831549,40071.0,27408.0
Gad1-F-500136,projection,True,2,0.43598249576510445,0.4318181818181818,0.8678006775832863,0.9644974590626765,0.9904484377529545,0.0041643139469226265,0.3866118376688737,1.0915433907320353,2.978868083866494,2.586573670453626,3.0,2.0,2.0,0.5326792772444946,0.4318181818181818,0.9644974590626765,0.9999294184076793,0.8106532396978933,0.10086109542631277,0.4714695832792646,0.8171424755679686,2.2640210897722284,2.1210276027662047,2.0,2.0,2.0,0.3460310346759285,0.34272589770881184,0.6887569323847403,0.7655033331466025,0.9904484377529547,0.003305136967116651,0.24353822922636784,1.0497360332576378,2.856896892756299,4.106131522663343,3.0,2.0,2.0,0.4227774354377906,0.34272589770881184,0.7655033331466025,0.7936250070024089,0.8106532396978932,0.08005153772897877,0.2969926325542772,0.8319492332999605,2.2977933130965478,3.367086891683227,2.0,2.0,2.0,mb_4,dfp_5,0.6369418311912018,0.20631897372696206,0.7936810262730379,17851.0,14168.0
Gad1-F-500365,projection,True,2,0.7342202299182995,0.22297736967681295,0.9571975995951124,0.9998192466199117,0.3036927621861152,0.5112428602414866,0.5906148908761617,0.6974992305669735,2.0087230678596755,1.693150673049449,2.0,2.0,2.0,0.7342202299182995,0.22297736967681295,0.9571975995951124,0.9998192466199117,0.3036927621861152,0.5112428602414866,0.5906148908761617,0.6974992305669736,2.0087230678596755,1.693150673049449,2.0,2.0,2.0,0.5743778280542986,0.17443438914027148,0.7488122171945701,0.7821549773755656,0.30369276218611524,0.3999434389140271,0.36144900512632827,0.7377217880220572,2.091165964186498,2.766642004313983,2.0,2.0,1.0,0.5743778280542986,0.17443438914027148,0.7488122171945701,0.7821549773755656,0.30369276218611524,0.3999434389140271,0.3614490051263282,0.7377217880220572,2.091165964186498,2.7666420043139834,2.0,2.0,1.0,dfp_5,mb_4,1.0,0.21770361990950227,0.7822963800904977,35360.0,27662.0
Gad1-F-500524,projection,True,2,0.4130099334554923,0.24742019481145722,0.6604301282669496,0.8757835856881088,0.5990659661412726,0.1655897386440351,0.2923992886985613,1.3236965255441686,3.7572846371656996,3.4199809597721513,4.0,4.0,3.0,0.5322113993634873,0.24804706336194426,0.7802584627254315,0.9956119201465907,0.46606867808281244,0.284164336001543,0.3911722675812429,1.0362425060629001,2.8186061961003146,2.5564184449561194,3.0,3.0,3.0,0.2622233107797814,0.15708906101705294,0.41931237179683434,0.5560420047148149,0.5990659661412727,0.10513424976272845,0.11786854168198384,1.1288484547510655,3.092093763309685,8.484027932559462,4.0,3.0,1.0,0.33790527508189694,0.1574870648746288,0.49539233995652576,0.6321219728745063,0.4660686780828124,0.18041821020726814,0.15768473627775528,0.9463415981854544,2.5762673767693323,6.341767907316917,3.0,3.0,1.0,mb_4,dfp_5,0.5520521880945909,0.36509200012246273,0.6349079998775373,32663.0,20738.0
Gad1-F-500559,projection,True,2,0.48816657182070766,0.30057242325846084,0.7887389950791686,0.9372677668797912,0.6157169306727012,0.18759414856224682,0.3522997700049414,1.243971630052439,3.4693651733219943,2.8384917764379294,3.0,3.0,2.0,0.48816657182070766,0.44910119505908347,0.9372677668797911,0.9808522746292638,0.9199753137214566,0.03906537676162419,0.44208314242922947,0.9363144475430222,2.5505638376770334,2.2620179419306496,2.0,2.0,2.0,0.3391001046389955,0.20878967561911405,0.5478897802581095,0.6510638297872341,0.6157169306727011,0.13031042901988144,0.1699934286510786,1.1172126586254618,3.0563233031539356,5.882580332281892,3.0,3.0,2.0,0.3391001046389955,0.31196372514823856,0.651063829787234,0.6813393791419602,0.9199753137214564,0.027136379490756923,0.2133161458758084,0.9035016247200132,2.468230814887103,4.687877684524616,2.0,2.0,2.0,dfp_5,mb_4,1.0,0.3053598418788513,0.6946401581211487,43005.0,29873.0
Gad1-F-502126,projection,True,2,0.5147794575006085,0.3945966411553128,0.9093760986559213,0.9584606647375395,0.7665353296558971,0.1201828163452957,0.4241129619470249,1.0192485255741075,2.7711115618557485,2.3578623850805767,2.0,2.0,2.0,0.5638640235822268,0.42491278362225166,0.9887768072044785,0.9973226600319117,0.7535731414868105,0.1389512399599751,0.49857371052580135,0.7432878363269837,2.10283794823627,2.005721478866964,2.0,2.0,2.0,0.3965046764013581,0.3039348428354198,0.7004395192367779,0.7382465057179161,0.7665353296558971,0.09256983356593829,0.25161455368524754,0.98614005854401,2.6808664876215267,3.97433290464959,2.0,2.0,2.0,0.4343116628824963,0.32728560418272334,0.7615972670652196,0.7681796404690981,0.7535731414868105,0.10702605869977294,0.2957900675264361,0.7735835895646759,2.167519854157092,3.380776130728681,2.0,2.0,2.0,dfp_5,mb_4,0.8258992805755395,0.2297581602682942,0.7702418397317058,48007.0,36977.0
Gad1-F-600109,projection,True,2,0.46647853600136824,0.25149649392851037,0.7179750299298786,0.9243201641867624,0.5391384051329056,0.21498204207285787,0.32752914969367813,1.2654239916501782,3.5445952963588896,3.05316336251369,4.0,3.0,3.0,0.5298443646314349,0.2595348041730802,0.7893791688045151,0.9957243030613989,0.4898321497740478,0.2703095604583547,0.3906899613246503,1.0355976126855524,2.8167890816166223,2.55957434025041,3.0,3.0,3.0,0.29118180847656666,0.1569872958257713,0.448169104302338,0.5769723497384435,0.5391384051329056,0.13419451265079535,0.12761893173644895,1.0840627364288706,2.9566673430796158,7.835828010730733,3.0,3.0,1.0,0.33073556101206364,0.16200491085726487,0.4927404718693285,0.621543717305434,0.48983214977404776,0.16873065015479877,0.152229001757668,0.9406022007390911,2.561523505307805,6.569050499272742,3.0,3.0,1.0,mb_4,dfp_5,0.7608134280180762,0.37578733852887797,0.624212661471122,18734.0,11694.0
Gad1-F-600115,projection,True,1,0.5087178584008454,0.36324410003522367,0.871961958436069,0.9800986262768581,0.7140384282499567,0.1454737583656217,0.4027406099886091,1.0396030844494983,2.8280942769535256,2.4829877474443998,3.0,3.0,2.0,0.5087178584008454,0.4713807678760127,0.9800986262768581,0.9985029940119761,0.926605504587156,0.037337090524832695,0.48133464955797955,0.781608744993906,2.1849845224900983,2.0775566457106764,2.0,2.0,2.0,0.3846717272606206,0.27467039552536954,0.6593421227859901,0.7411106671993608,0.7140384282499567,0.11000133173525106,0.23027775733797384,0.9974544849698354,2.711371200493691,4.34258180885582,3.0,2.0,2.0,0.3846717272606206,0.35643893993874015,0.7411106671993608,0.7550273005726462,0.9266055045871558,0.028232787321880448,0.27521600971008625,0.8023696721546996,2.2308209843898,3.6335095514734204,2.0,2.0,2.0,dfp_5,mb_4,1.0,0.24384072446397656,0.7561592755360235,15018.0,11356.0
Gad1-F-600345,projection,True,2,0.5257352941176471,0.39281674208144796,0.9185520361990951,1.0,0.7471759010220548,0.13291855203619912,0.4373363631477652,0.9093325921571098,2.4826650302185986,2.2865695246615583,3.0,2.0,2.0,0.5257352941176471,0.4742647058823529,1.0,1.0,0.9020979020979021,0.05147058823529416,0.5013246107266436,0.6918219843481207,1.997351362945862,1.9947155567538422,2.0,2.0,2.0,0.32669439400152306,0.24409817819694218,0.5707925721984652,0.6214047214574424,0.7471759010220549,0.08259621580458087,0.1688747373237015,0.8607109582917474,2.3648413997808824,5.921548810957945,3.0,2.0,2.0,0.32669439400152306,0.2947103274559194,0.6214047214574425,0.6214047214574425,0.9020979020979021,0.03198406654560365,0.19358340418119763,0.7255488396321634,2.0658646172550608,5.165732074139897,2.0,2.0,2.0,dfp_5,mb_4,1.0,0.37859527854255753,0.6214047214574424,17071.0,10608.0
Gad1-F-601324,projection,True,2,0.47597416424160693,0.4384271417417844,0.9144013059833913,0.9932571509688409,0.9211154190277363,0.03754702249982256,0.4250264613455438,0.950831453532792,2.5878604507645266,2.352794686792469,3.0,2.0,2.0,0.47597416424160693,0.4384271417417844,0.9144013059833913,0.9932571509688409,0.9211154190277363,0.03754702249982256,0.42502646134554384,0.9508314535327921,2.587860450764527,2.3527946867924685,3.0,2.0,2.0,0.3558692421991085,0.3277966461473148,0.6836658883464233,0.7426236467841223,0.9211154190277363,0.028072596051793686,0.23759107162401139,0.928324586299401,2.530266381429276,4.208912368485391,3.0,2.0,2.0,0.3558692421991085,0.3277966461473148,0.6836658883464233,0.7426236467841223,0.9211154190277363,0.028072596051793686,0.23759107162401139,0.9283245862994008,2.5302663814292754,4.208912368485391,3.0,2.0,2.0,mb_4,cal_18,1.0,0.2523349607302059,0.7476650392697941,18844.0,14089.0
Gad1-F-700131,projection,True,2,0.6997898235495381,0.16462192678039006,0.8644117503299282,0.965198690063053,0.23524481385765175,0.535167896769148,0.5281187169437699,0.8991747608360738,2.4575741876306303,1.893513651224129,3.0,3.0,1.0,0.6997898235495381,0.16462192678039006,0.8644117503299282,0.965198690063053,0.23524481385765175,0.535167896769148,0.5281187169437699,0.8991747608360738,2.4575741876306303,1.893513651224129,3.0,3.0,1.0,0.5424338864893536,0.12760475865727058,0.6700386451466243,0.7481624611654164,0.23524481385765172,0.41482912783208303,0.3173145156325038,0.8944232265466285,2.445924638143893,3.1514473833845815,3.0,2.0,1.0,0.5424338864893536,0.12760475865727058,0.6700386451466243,0.7481624611654164,0.23524481385765172,0.41482912783208303,0.31731451563250374,0.8944232265466285,2.445924638143893,3.1514473833845824,3.0,2.0,1.0,dfp_5,mb_4,1.0,0.22486171099492308,0.7751382890050769,26394.0,20459.0
Gad1-F-800094,projection,True,2,0.5419631543035384,0.3593917535822205,0.9013549078857588,0.9856711180426941,0.6631294964028777,0.1825714007213179,0.43019825889518026,0.9697100332485554,2.637179654058195,2.3245096402020877,3.0,2.0,2.0,0.6262793644604737,0.35948922896968516,0.9857685934301589,1.0,0.5740077821011673,0.26679013549078856,0.5216608810271897,0.7213721964563384,2.057254231670198,1.9169541676786737,2.0,2.0,2.0,0.41127302315260006,0.2727272727272727,0.6840002958798728,0.7479843183667431,0.6631294964028777,0.13854575042532735,0.24773625715933295,0.945271930175421,2.5735130993149693,4.036550852372184,3.0,2.0,2.0,0.47525704563947035,0.27280124269546563,0.748058288334936,0.7588579036911014,0.5740077821011673,0.20245580294400473,0.3004064091379891,0.7568187999400966,2.1314847443058134,3.3288237853163065,2.0,2.0,2.0,mb_4,dfp_5,0.7307392996108949,0.24114209630889857,0.7588579036911014,13519.0,10259.0
Gad1-F-900001,projection,True,2,0.596439533456108,0.32130141190914674,0.9177409453652547,0.9921424186617557,0.538699053108275,0.27513812154696127,0.46456556105366176,0.9063800921423245,2.4753457720520804,2.1525487118157054,3.0,2.0,2.0,0.6038674033149172,0.3957028852056476,0.9995702885205648,1.0,0.6552810816305783,0.20816451810926956,0.5212367987983304,0.6747752326234631,1.9635915750385293,1.9185138161876132,2.0,2.0,2.0,0.5196277676756872,0.27992298641565944,0.7995507540913467,0.8643705209113275,0.538699053108275,0.23970478126002775,0.3526134464106429,0.9097633378511706,2.4837346578423687,2.8359667227081022,3.0,2.0,2.0,0.5260990480265268,0.3447427532356402,0.870841801262167,0.8712161728527115,0.6552810816305785,0.18135629479088666,0.39562791439699513,0.7079854385270583,2.029897782884494,2.5276275096113268,2.0,2.0,2.0,dfp_5,mb_4,0.9753990037613094,0.12878382714728848,0.8712161728527115,18698.0,16290.0
Gad1-F-900194,projection,True,2,0.5904646952323476,0.2568497284248642,0.8473144236572118,0.9354858177429088,0.4349959116925593,0.33361496680748337,0.42566742507873356,1.0750349569812734,2.9300953260308895,2.3492518832396794,4.0,2.0,2.0,0.6471333735666868,0.26469523234761616,0.9118286059143029,1.0,0.4090273244427865,0.3824381412190706,0.49661936394637474,0.8475827192146237,2.33399809860828,2.013614596204067,3.0,2.0,2.0,0.48890665600639616,0.21267239656206277,0.7015790525684589,0.7745852488506896,0.4349959116925593,0.2762342594443334,0.2918330303037446,1.0464082671210453,2.8474056091658038,3.426616921872016,3.0,2.0,2.0,0.535828502898261,0.2191684989006596,0.7549970017989206,0.8280031980811513,0.40902732444278656,0.3166600039976014,0.3404769201241597,0.8580770868395449,2.3586209071141466,2.937056642885914,3.0,2.0,2.0,mb_4,dfp_5,0.8248624452112282,0.1719968019188487,0.8280031980811513,20012.0,16570.0
TH-F-000101,projection,True,2,0.4364076078771826,0.17426893332034052,0.6106765411975231,0.7130834580937786,0.3993260662160242,0.26213867455684203,0.24439692340034985,1.8272829084618054,6.21697160811135,4.091704535747722,5.0,3.0,1.0,0.4730295970163798,0.27667585021659596,0.7497054472329758,0.8493130055012713,0.584901773507875,0.19635374679978385,0.3166157929080182,1.4347196763281758,4.198467913870195,3.1584021467006083,4.0,2.0,2.0,0.35431830605023157,0.1414885353433643,0.4958068413935959,0.5789507753387612,0.39932606621602423,0.21282977070686726,0.16110102009233446,1.6527507258384317,5.221322518492804,6.207285338273176,4.0,2.0,1.0,0.3840516125320061,0.2246324692885296,0.6086840818205357,0.6895552231076844,0.584901773507875,0.1594191432434765,0.20870609378036067,1.3340295648949312,3.79631008568733,4.791426938651757,3.0,2.0,2.0,dfp_5,mb_4,0.8451598404404742,0.1881023619781927,0.8118976380218073,139036.0,112883.0
TH-F-100083,projection,False,2,0.5163264823815789,0.1447601641707565,0.6610866465523353,0.7793699435170669,0.2803655615397525,0.37156631821082237,0.31074065154168246,1.590814382843038,4.907744083892687,3.218117729491408,4.0,3.0,1.0,0.5613473976099133,0.26304346113548815,0.8243908587454014,0.8854901095784656,0.46859300008420113,0.2983039364744251,0.39147824410877585,1.252920348761631,3.5005508742791536,2.5544203670284693,3.0,2.0,2.0,0.4295141482850365,0.12042097537320279,0.5499351236582393,0.6483309086619746,0.2803655615397525,0.3090931729118337,0.21503255695565351,1.4764770960990863,4.377496983558664,4.650458582447269,4.0,2.0,1.0,0.466965491028716,0.2188167603769381,0.6857822514056541,0.7366086056173737,0.468593000084201,0.2481487306517779,0.27090297779055705,1.1953947321078937,3.3048620482271827,3.691358464036999,3.0,2.0,2.0,dfp_5,mb_4,0.8395969575345926,0.16813457581357555,0.8318654241864245,152598.0,126941.0
TH-F-100099,projection,False,2,0.5218380080471164,0.11644264971718468,0.6382806577643011,0.7277319377223161,0.2231394569225612,0.4053953583299318,0.30759058264207617,1.6502301889489173,5.208178554354882,3.251074826187501,6.0,2.0,1.0,0.5879132894046301,0.1762201877660505,0.7641334771706806,0.8535847571286956,0.2997383984031144,0.41169310163857953,0.39069513983153653,1.3201035660197142,3.7438090885895314,2.559540414122349,4.0,2.0,1.0,0.42523417221532556,0.0948865222530426,0.5201206944683682,0.5930125505615975,0.22313945692256118,0.33034764996228294,0.20424805727908507,1.5115553201223044,4.533776787774242,4.896007400616778,4.0,1.0,1.0,0.4790774475970991,0.14359790685380644,0.6226753544509055,0.6955672105441348,0.2997383984031144,0.33547954074329267,0.2594316204791894,1.2425424865173103,3.4644104938309295,3.8545802479779683,3.0,2.0,1.0,dfp_5,mb_4,0.7752209975575586,0.18512226848579524,0.8148777315142047,168359.0,137192.0
TH-F-200030,projection,True,2,0.7513357303672838,0.14563661413353943,0.8969723445008233,0.926728048657549,0.1938369336732412,0.6056991162337444,0.5877965430008649,0.914082581727776,2.494485715059206,1.7012689371984424,2.0,2.0,1.0,0.8969723445008233,0.029755704156725696,0.926728048657549,0.9546019691521893,0.03317349117746225,0.8672166403440976,0.807045927304804,0.49037448146812995,1.6329276065992193,1.2390868551181244,1.0,1.0,1.0,0.7051199167441934,0.13667828253362557,0.841798199277819,0.8697235844147653,0.1938369336732412,0.5684416342105678,0.5177080359311053,0.9174356307139568,2.5028638862166774,1.9315906468430335,2.0,2.0,1.0,0.841798199277819,0.02792538513694634,0.8697235844147653,0.8958829372900865,0.03317349117746225,0.8138728141408726,0.7108142552150956,0.5197904658382316,1.6816752443670027,1.4068372892963374,1.0,1.0,1.0,dfp_5,spp_20,0.6752706702131644,0.061511534398208736,0.9384884656017912,63419.0,59518.0
TH-F-200033,projection,True,2,0.42721714253660176,0.12876134915737766,0.5559784916939794,0.6640889822019569,0.30139555822328934,0.2984557933792241,0.23099355089573573,1.8468342907339854,6.339718017556969,4.329125190388424,7.0,3.0,1.0,0.49239115627178676,0.2031909863850179,0.6955821426568046,0.804317688257779,0.4126617300024412,0.2892001698867689,0.3059829337657568,1.5170458599730878,4.558738132824852,3.26815612783667,5.0,3.0,2.0,0.3663752817637033,0.11042388256638627,0.4767991643300896,0.5695131672989169,0.30139555822328934,0.255951399197317,0.1698849255146573,1.7155730680766734,5.55986077830993,5.886337454430129,6.0,2.0,1.0,0.42226757930617403,0.17425366980042883,0.5965212491066029,0.6897712903403156,0.4126617300024412,0.2480139095057452,0.22503610040184688,1.432751249352296,4.190211664948593,4.443731464481923,4.0,2.0,1.0,dfp_5,mb_4,0.7352754495890634,0.1424143713233273,0.8575856286766728,145512.0,124789.0
TH-F-200081,projection,False,2,0.4774944216942661,0.13752981508237083,0.615024236776637,0.7160663754263877,0.2880239199326804,0.33996460661189526,0.27070812584384846,1.7445226773172946,5.723169024950325,3.694015452557291,5.0,3.0,1.0,0.5054158723102308,0.23857195373212164,0.7439878260423525,0.8187926922057605,0.47203098834554036,0.26684391857810913,0.3251654129613737,1.4739627014167944,4.366504054494253,3.075357833702903,4.0,2.0,2.0,0.42554018224484197,0.1225657513790266,0.5481059336238686,0.6381540852710816,0.28802391993268045,0.3029744308658154,0.21500365259884968,1.6573676136565303,5.245484512511679,4.651083774217472,4.0,2.0,1.0,0.45042361259257,0.2126139030262396,0.6630375156188096,0.7297031664279402,0.4720309883455403,0.23780970956633044,0.258255090302814,1.4162461759560958,4.121619530117023,3.872140521325104,3.0,2.0,2.0,dfp_5,mb_4,0.8895109863157361,0.10880596105202206,0.8911940389479779,131252.0,116971.0
TH-F-300020,projection,True,2,0.7231366226754649,0.1629142921415717,0.8860509148170366,0.9195598380323935,0.22528839922229424,0.5602223305338931,0.551906652508824,0.9878346651500163,2.6854133531673665,1.8119006093770755,2.0,2.0,1.0,0.8860509148170366,0.04229154169166167,0.9283424565086983,0.9554682813437313,0.047730374162972995,0.8437593731253749,0.7885559843452724,0.5182684771471046,1.6791177004331017,1.2681407786541457,1.0,1.0,1.0,0.6202566246462567,0.1397366220735786,0.7599932467198354,0.788734885515822,0.22528839922229424,0.48052000257267813,0.4060389898564452,0.9789278729080169,2.6616011369981996,2.4628176726416084,2.0,2.0,1.0,0.7599932467198354,0.03627476202727039,0.7962680087471058,0.8195346668381785,0.047730374162972995,0.723718484692565,0.5801424459613487,0.5761664448653856,1.7792046611387142,1.723714592789206,1.0,1.0,1.0,dfp_5,idlp_24,0.6322687795537971,0.14226910213532287,0.8577308978646772,124384.0,106688.0
TH-F-300073,projection,True,2,0.6386242403333244,0.15354334191413888,0.7921675822474633,0.8569128561697761,0.24042830230496456,0.48508089841918556,0.44035872665604764,1.2807720948148797,3.5994177447614857,2.2708758552230828,4.0,2.0,1.0,0.7921675822474633,0.07535185725785763,0.867519439505321,0.9286377750059711,0.09512110688003217,0.7168157249896057,0.6384004258171759,0.8344950869072449,2.3036506112396826,1.5664149952907118,3.0,1.0,1.0,0.5571746110150655,0.13396054581378117,0.6911351568288466,0.7476228698444061,0.2404283023049645,0.42321406520128435,0.33519570574591684,1.2364598612096844,3.443401741842435,2.9833317756105573,4.0,2.0,1.0,0.6911351568288466,0.06574154112126451,0.7568766979501111,0.8102000493949123,0.09512110688003217,0.6253936157075821,0.4859426379607625,0.8471006690873794,2.3328732656625717,2.057856055184738,3.0,1.0,1.0,dfp_5,idlp_24,0.6123463131916604,0.1275392072116572,0.8724607927883428,129568.0,113043.0
TH-F-700001,projection,True,2,0.49768046930610443,0.31697798286738177,0.8146584521734862,0.9446503522250314,0.6369106332609983,0.18070248643872266,0.36601634225735086,1.2097944232767877,3.3527953250200846,2.7321184454023286,3.0,3.0,2.0,0.49768046930610443,0.44696988291892686,0.9446503522250314,0.9756756093370316,0.8981061353324127,0.05071058638717757,0.44877154131510244,0.9234043520842585,2.517847455272472,2.2283052910831875,2.0,2.0,2.0,0.408255310580892,0.2600221483942414,0.6682774589751335,0.7749119097956307,0.6369106332609983,0.14823316218665056,0.2462991802450829,1.1548901896185404,3.173674895941354,4.060102835116781,3.0,3.0,2.0,0.408255310580892,0.36665659921473875,0.7749119097956307,0.8003624282694051,0.8981061353324127,0.04159871136615323,0.3019866874291519,0.9199597981868516,2.509189513940619,3.311404249349921,2.0,2.0,2.0,dfp_5,mb_4,1.0,0.1796838820094634,0.8203161179905366,49665.0,40741.0
TH-F-700004,projection,True,2,0.5534376608276309,0.32621085336332273,0.8796485141909536,0.9647942359377084,0.5894265541587739,0.22722680746430818,0.4205705112653918,1.0462119330808926,2.8468466213945622,2.377722577342024,3.0,2.0,2.0,0.5534376608276309,0.41135657511007756,0.9647942359377084,0.9837981053313763,0.7432753573273635,0.14208108571755335,0.4761311247514375,0.8349319067572931,2.304657111367861,2.100261772472964,2.0,2.0,2.0,0.4216036475576465,0.24850438520067375,0.6701080327583202,0.734971249346576,0.5894265541587739,0.17309926235697276,0.2440675937099913,1.0042651407793595,2.7299004430355542,4.097225628357,3.0,2.0,2.0,0.4216036475576465,0.31336760178892953,0.7349712493465761,0.7494482197827729,0.7432753573273635,0.10823604576871698,0.2763108082848547,0.843313987543967,2.324056121917827,3.619112861372685,2.0,2.0,2.0,dfp_5,mb_4,1.0,0.23820932798977754,0.7617906720102224,68868.0,52463.0
TH-F-700016,projection,True,2,0.5625131595569967,0.3411378279361604,0.9036509874931571,0.9910515012422623,0.6064530618356042,0.22137533162083628,0.44051059376401736,0.9469634242693014,2.57786986520609,2.2700929652005204,3.0,2.0,2.0,0.5625131595569967,0.4285383416852655,0.9910515012422622,0.9997473365056638,0.7618281179817338,0.13397481787173116,0.5001418463589222,0.7301233399118202,2.0753365637177663,1.9994327754817762,2.0,2.0,2.0,0.4912654922584679,0.2979294619543231,0.789194954212791,0.8655253576551064,0.6064530618356041,0.19333603030414476,0.33598779521183547,0.945297804304689,2.573579687587027,2.9762985865885825,3.0,2.0,2.0,0.4912654922584679,0.3742598653966386,0.8655253576551065,0.8731197822809018,0.7618281179817338,0.1170056268618293,0.38146995470744816,0.7559225888570371,2.1295753397971375,2.621438432200792,2.0,2.0,2.0,dfp_5,mb_4,1.0,0.1266595564708911,0.8733404435291089,54382.0,47494.0
TH-F-700022,projection,True,2,0.46514384717092966,0.30025532302922536,0.765399170200155,0.882118269274609,0.6455106841795726,0.1648885241417043,0.32514581775031415,1.3562111796938163,3.881459255449344,3.07554317296469,4.0,3.0,2.0,0.46514384717092966,0.4169744221036794,0.882118269274609,0.9791866137783248,0.896441874142325,0.04816942506725025,0.3998641789446894,1.0425802557864892,2.836526544096885,2.5008491699335824,3.0,2.0,2.0,0.32663123519241855,0.21084395210347698,0.5374751872958955,0.6194371518217328,0.6455106841795726,0.11578728308894157,0.16033156712677948,1.2005962077955987,3.322096992536054,6.237074943633943,3.0,2.0,2.0,0.32663123519241855,0.2928059166293142,0.6194371518217328,0.6876000512262279,0.896441874142325,0.033825318563104334,0.1971756884085067,0.980359700974205,2.665414821826092,5.0716191639620885,3.0,2.0,2.0,dfp_5,mb_4,1.0,0.297784465646411,0.7022155343535891,62468.0,43866.0
TH-M-300021,projection,True,2,0.4913874496257916,0.16419113413932065,0.6555785837651122,0.7433045480713875,0.3341378259952667,0.327196315486471,0.29087369809248337,1.6342455363823567,5.125589467106216,3.4379182667868777,5.0,2.0,1.0,0.5233506044905009,0.2511917098445596,0.7745423143350605,0.8624985607369028,0.47996831892284336,0.2721588946459413,0.350896134223837,1.3502630026119258,3.8584401771083363,2.849846158071662,4.0,2.0,2.0,0.38074888256443656,0.12722260387020795,0.5079714864346445,0.5759454709288321,0.33413782599526676,0.2535262786942286,0.17463593232871538,1.4639435435624513,4.322973793521516,5.7261984212831445,4.0,2.0,1.0,0.405515358605369,0.19463452496721298,0.600149883572582,0.668302300891272,0.4799683189228434,0.21088083363815605,0.21067244633180318,1.243901227701005,3.4691209304535464,4.746705216613985,3.0,2.0,1.0,dfp_5,mb_4,0.8778518469627967,0.2251554595983477,0.7748445404016523,112087.0,86850.0
TH-M-500003,projection,True,2,0.3780487804878049,0.35479411474276684,0.7328428952305717,0.8770613212204996,0.9384876583518349,0.02325466574503804,0.2934095191911934,1.45256049713385,4.274044194400975,3.4082057145132145,3.0,3.0,2.0,0.4990125407326948,0.4065369803495606,0.9055495210822554,0.9547249925940555,0.8146828930444246,0.0924755603831342,0.4184373222589164,1.0164108766467288,2.763259266402541,2.389844181684229,2.0,2.0,2.0,0.2615542271562767,0.24546541417591802,0.5070196413321947,0.606797608881298,0.9384876583518349,0.016088812980358663,0.1404436162570985,1.259824468932006,3.5248027206745536,7.12029515225087,3.0,2.0,2.0,0.34524338172502134,0.28126387702818106,0.6265072587532023,0.660529461998292,0.8146828930444248,0.06397950469684027,0.20028951643073684,0.9580729945222312,2.606668565971028,4.992772551556962,2.0,2.0,2.0,mb_4,dfp_5,0.42198476303551996,0.3081468830059778,0.6918531169940222,29275.0,20254.0
TH-M-600002,projection,True,2,0.5636417821487111,0.3608106094471763,0.9244523915958873,0.998033080017881,0.6401417014751758,0.20283117270153478,0.45329434095628846,0.8952232991395564,2.447882338457993,2.2060721029306447,3.0,2.0,2.0,0.5636417821487111,0.43439129786917,0.9980330800178812,1.0,0.7706868291651245,0.12925048427954106,0.5063917270224532,0.6976123832124415,2.0089503730486653,1.9747557999810303,2.0,2.0,2.0,0.5071597125388824,0.3246540813043012,0.8318137938431835,0.8980210232757696,0.6401417014751757,0.1825056312345812,0.36699777600993694,0.9005252869005508,2.4608954478458456,2.724812152466351,3.0,2.0,2.0,0.5071597125388824,0.3908613107368873,0.8980210232757697,0.8997908398584148,0.7706868291651245,0.11629840180199508,0.40998667050421556,0.7227167948933015,2.060022273029541,2.4391036878593297,2.0,2.0,2.0,dfp_5,mb_4,1.0,0.10020916014158533,0.8997908398584147,37292.0,33555.0
TH-M-600003,projection,True,2,0.448742210939303,0.44435725825063466,0.8930994691899377,0.9980613893376413,0.9902283480765275,0.004384952688668342,0.4098418456695003,0.9700538403025692,2.6380864909054815,2.4399655881073885,3.0,3.0,2.0,0.5493191783983383,0.448742210939303,0.9980613893376413,1.0,0.8169061423409797,0.10057696745903533,0.5031248898462196,0.7007720116839187,2.0153079483439855,1.9875780749102883,2.0,2.0,2.0,0.37988433885589246,0.3761722413254142,0.7560565801813066,0.8449124726477024,0.9902283480765276,0.003712097530478242,0.2937143945591586,0.9622229606429819,2.617508629598743,3.4046679989958224,3.0,2.0,2.0,0.46502813379180996,0.37988433885589246,0.8449124726477024,0.8465536105032823,0.8169061423409797,0.0851437949359175,0.36056596945933306,0.7342614563829372,2.0839423417105802,2.77341758430363,2.0,2.0,2.0,mb_4,dfp_5,0.617847239727754,0.1534463894967177,0.8465536105032823,25592.0,21665.0
TH-M-700002,projection,True,2,0.4448667559279575,0.3440590852157388,0.7889258411436963,0.9293396104176566,0.7733980582524272,0.10080767071221869,0.3379520404909431,1.266786113657918,3.5494267573932783,2.958999740162242,3.0,3.0,2.0,0.48447285448969896,0.4466807757094113,0.9311536301991102,0.9696367641342374,0.9219934028706427,0.037792078780287675,0.43664053981546724,0.9425446834972555,2.566504056302648,2.2902133650316103,2.0,2.0,2.0,0.32684923682289846,0.25278456510011743,0.5796338019230158,0.682797575603719,0.7733980582524274,0.07406467172278103,0.18242742062209769,1.1572179235649958,3.1810709714401137,5.481632073675598,3.0,3.0,2.0,0.3559483387808206,0.3281820201186812,0.6841303588995018,0.7124044045314633,0.9219934028706428,0.02776631866213941,0.23569973805117697,0.9189936404910322,2.5067664119192776,4.242686089803257,2.0,2.0,2.0,mb_4,dfp_5,0.42034412053133635,0.26528734173198365,0.7347126582680163,31513.0,23153.0
TH-M-700013,projection,True,2,0.5997029168167087,0.31535830032409073,0.9150612171407995,0.9988746849117753,0.5258575395931847,0.284344616492618,0.46611975428110874,0.8869204096806201,2.427641984979344,2.145371421861939,3.0,2.0,2.0,0.6001305365502341,0.3991717680950666,0.9993023046453007,1.0,0.6651415713482093,0.20095876845516747,0.5194952481230214,0.6780869303773367,1.970105176433591,1.9249454227215386,2.0,2.0,2.0,0.5253548895899054,0.27626182965299684,0.8016167192429022,0.8750394321766561,0.5258575395931847,0.24909305993690856,0.3577097221151071,0.8929156945532406,2.4422401064709693,2.7955628214047,3.0,2.0,2.0,0.5257294952681388,0.3496845425867508,0.8754140378548896,0.87602523659306,0.6651415713482093,0.17604495268138803,0.3986711550828947,0.70997229643803,2.033934910624394,2.5083329637732947,2.0,2.0,2.0,dfp_5,mb_4,0.9985749109319333,0.12397476340694007,0.87602523659306,50720.0,44432.0
TH-M-700017,projection,True,2,0.44821869060617087,0.33030045695337457,0.7785191475595454,0.9289498160054996,0.7369180801154818,0.1179182336527963,0.3341884665382761,1.2920857952337539,3.640371712427902,2.992323494459871,3.0,3.0,2.0,0.4807311253993287,0.47628290670872253,0.9570140321080512,0.9929637267984956,0.9907469717362045,0.004448218690606187,0.4592652221814012,0.8646613198197863,2.3742018546841916,2.1773910840673643,2.0,2.0,2.0,0.30811997887304365,0.22705918327634614,0.5351791621493898,0.6385900536513496,0.7369180801154818,0.08106079559669752,0.1579251329715082,1.145865546978281,3.1451624649135583,6.332114345475418,3.0,3.0,2.0,0.330470074778306,0.3274122258360437,0.6578823006143497,0.6825952797931782,0.9907469717362044,0.003057848942262298,0.21703179057461552,0.8520401820514747,2.344425029959243,4.607619912973994,2.0,2.0,2.0,mb_4,dfp_5,0.37415881561238223,0.31256775915269785,0.6874322408473021,35973.0,24729.0
Trh-M-000099,projection,True,2,0.565419494667199,0.20601152113158044,0.7714310157987794,0.9113386186049164,0.36435164170071116,0.35940797353561854,0.3880168993659719,1.1692171487924792,3.219471284751998,2.577207337190782,4.0,3.0,2.0,0.7714310157987795,0.21868761763531627,0.9901186334340958,0.9999857411737867,0.28348305053417616,0.5527433981634632,0.6430274462618079,0.578352805135952,1.7830988990753287,1.5551435725075586,2.0,2.0,2.0,0.4630529216684572,0.16871409220421318,0.6317670138726703,0.7463449950955205,0.36435164170071116,0.294338829464244,0.26023777803441595,1.1211028215745649,3.06823605507809,3.84263963346533,4.0,3.0,1.0,0.6317670138726704,0.1790952403194918,0.8108622541921622,0.8189429679106918,0.28348305053417616,0.4526717735531786,0.43126996299324843,0.6372117226287997,1.8912003298237157,2.318733243232279,2.0,2.0,1.0,mb_4,dfp_5,0.46589774869690587,0.18104535475734504,0.8189546452426549,85636.0,70132.0
Trh-M-800009,projection,True,2,0.5530452612393681,0.36772858444714457,0.9207738456865127,0.9685031895504251,0.6649158942670786,0.18531667679222358,0.44377296892578233,0.9831955998267436,2.672984396862348,2.2534044883820816,2.0,2.0,2.0,0.9207738456865128,0.06616418590522478,0.9869380315917375,0.9929374240583232,0.07185715169384935,0.854609659781288,0.8522738368570241,0.3245944861661387,1.3834695161879544,1.173331805758292,2.0,1.0,1.0,0.46749370095167786,0.31084399223251113,0.778337693184189,0.8186836995073101,0.6649158942670786,0.15664970871916672,0.31709618801894796,0.9731607156103692,2.646295442174724,3.1536172233651873,2.0,2.0,2.0,0.778337693184189,0.055929129688177044,0.8342668228723661,0.839338158591581,0.07185715169384935,0.7224085634960119,0.6089888383013315,0.4164397857788563,1.5165526805344636,1.6420662204406342,2.0,1.0,1.0,mb_4,dfp_5,0.20126188168828224,0.15469178796681163,0.8453082120331884,62311.0,52672.0
VGlut-F-200594,projection,True,2,0.37557064186581907,0.31851299559183244,0.6940836374576516,0.8364399795942393,0.8480774589022011,0.05705764627398663,0.2761590752230699,1.475534709037333,4.373373630241063,3.6211013496197477,4.0,4.0,2.0,0.4870436500150427,0.46086933772842026,0.9479129877434629,0.9762456016429253,0.946258795724338,0.026174312286622425,0.45058238684262375,0.9278707002119524,2.529118189315131,2.2193499550821834,2.0,2.0,2.0,0.3115857099448713,0.26424881712028475,0.575834527065156,0.6939380127620783,0.8480774589022012,0.04733689282458653,0.19007767465764852,1.3791042172045094,3.971342573310814,5.26100712143661,4.0,3.0,2.0,0.40406736988323133,0.3823523028172071,0.7864196727004384,0.8099253375005426,0.946258795724338,0.02171506706602422,0.3101315872511448,0.9247442114453881,2.5212232778140025,3.2244377583835058,2.0,2.0,2.0,mb_4,dfp_5,0.5422463339958102,0.17036723531709858,0.8296327646829014,92148.0,76449.0
VGlut-F-300680,projection,True,2,0.38243509694380545,0.21639829116003945,0.5988333881038449,0.779000985869208,0.565843179377014,0.166036805783766,0.24112443680237117,1.6370245915707227,5.139853574298446,4.147236228983351,5.0,4.0,2.0,0.39656588892540257,0.38243509694380545,0.779000985869208,0.8837495892211633,0.9643671017194945,0.014130791981597113,0.31910035736003906,1.3638034117591822,3.911040346028588,3.133810341903522,4.0,3.0,2.0,0.271349460798601,0.1535412416205188,0.4248907024191198,0.5527251530166133,0.5658431793770139,0.11780821917808221,0.12139021171089016,1.4049957859704176,4.075509566913461,8.237896498456209,4.0,3.0,1.0,0.28137569221801223,0.271349460798601,0.5527251530166133,0.627047508015156,0.9643671017194946,0.010026231419411225,0.16064593224412219,1.211136957601658,3.3572995907173024,6.224869724559046,3.0,2.0,2.0,eb_8,mb_4,0.09136109384711001,0.2904692509472457,0.7095307490527543,17155.0,12172.0
VGlut-F-800070,projection,True,2,0.3291072798481851,0.29870392053942746,0.6278112003876126,0.8841199983849477,0.9076186970923812,0.03040335930875765,0.2730429017264338,1.3875614140922472,4.00507142409243,3.6624281154245737,4.0,3.0,3.0,0.39673759437961803,0.34307748213348405,0.7398150765131021,0.9961238745104373,0.8647465906777936,0.053660112246133984,0.34080437771441796,1.1073341876338214,3.026280136648173,2.9342346090341738,3.0,3.0,3.0,0.23278594887905182,0.2112808796230187,0.4440668285020705,0.6253605597601029,0.9076186970923813,0.021505069256033127,0.13660589393880662,1.2263791064674294,3.408864028991195,7.320328363342475,4.0,3.0,2.0,0.28062259031843495,0.24266742824503784,0.5232900185634728,0.7045837498215051,0.8647465906777936,0.03795516207339711,0.17050758830047114,1.0281672624664064,2.795936917624812,5.8648416177102005,3.0,3.0,2.0,dfp_5,mb_4,0.5058009362914716,0.2926745680422676,0.7073254319577325,35015.0,24767.0
VT16811-F-700000,projection,True,2,0.5528504087145354,0.25975883194152644,0.8126092406560619,0.8854716548083544,0.4698537395414191,0.29309157677300895,0.38382779040961773,1.2354166326798592,3.439811360025693,2.6053350616765103,4.0,2.0,2.0,0.8126092406560619,0.0799420914178775,0.8925513320739393,0.9670909765011211,0.09837703956373432,0.7326671492381844,0.6733486774772334,0.6778469327806504,1.9696324126593818,1.485114671564512,3.0,1.0,1.0,0.48293517990160545,0.22690890023287735,0.7098440801344827,0.7734920806279977,0.4698537395414192,0.2560262796687281,0.2928861479820311,1.1972884553131868,3.3111264718482762,3.414295988014261,4.0,2.0,2.0,0.7098440801344829,0.06983235915547262,0.7796764392899554,0.8447895621597447,0.09837703956373432,0.6400117209790103,0.5138098525503749,0.7102308008662922,2.034460759769826,1.946245279331147,3.0,1.0,1.0,mb_4,ms_12,0.3606796011037,0.12646319458367392,0.8735368054163261,64841.0,56641.0
VT38815-F-700000,projection,True,2,0.6687009063444109,0.17816717019133937,0.8468680765357504,0.9075125881168178,0.26643775789885843,0.49053373615307155,0.4849868166794957,1.106541231776296,3.023881381266561,2.061911717202102,3.0,2.0,1.0,0.668982880161128,0.22046324269889225,0.8894461228600202,0.950110775427996,0.32954990215264185,0.44851963746223567,0.5009461331029189,0.9655007707558694,2.62610240253902,1.996222615405539,3.0,2.0,2.0,0.587784367531203,0.1566079490130123,0.7443923165442153,0.797698504027618,0.2664377578988585,0.43117641851819066,0.3747159443071542,1.08601339449567,2.962440418901119,2.6686881494967856,3.0,2.0,1.0,0.5880322209436134,0.19378596087456848,0.7818181818181819,0.8351420731167567,0.32954990215264185,0.39424626006904495,0.3870466100457485,0.9620396157993051,2.6170287668797485,2.5836681527369563,3.0,2.0,1.0,mb_4,ms_12,0.9991570073761855,0.12100557670177924,0.8789944232982208,56485.0,49650.0
VT38815-F-700001,projection,True,2,0.8120425868782009,0.15834370001777145,0.9703862868959723,0.9814207473706318,0.19499432982511988,0.6536988868604294,0.6846923427942517,0.6145594972415981,1.8488420001539398,1.4605099801744057,2.0,2.0,1.0,0.8230770473528604,0.15981388435626928,0.9828909317091297,0.9901287622986574,0.19416637223727085,0.663263162996591,0.7030834552231355,0.5454251662945874,1.7253417836296836,1.4223062604746302,2.0,2.0,1.0,0.6518181346612719,0.12710084033613445,0.7789189749974064,0.787776221599751,0.19499432982511986,0.5247172943251375,0.44115452385397524,0.6697214097396237,1.9536929649815589,2.2667794297197457,2.0,2.0,1.0,0.6606753812636166,0.1282809420064322,0.7889563232700487,0.7947660545699761,0.19416637223727082,0.5323944392571844,0.45300411225976717,0.6142280016756763,1.848229218801561,2.2074854795723526,2.0,2.0,1.0,mb_4,dfp_5,0.9731872963530012,0.19731040564373897,0.802689594356261,77112.0,61897.0
VT43401-F-700002,projection,True,2,0.46992758481963254,0.18326181216753834,0.6531893969871709,0.7247552635107952,0.3899788352238948,0.2866657726520942,0.26937962713909575,1.801068868141464,6.056117196884245,3.7122332175611934,4.0,2.0,1.0,0.5024808904385142,0.22305663582316393,0.7255375262616781,0.8156318447990702,0.4439106841028378,0.27942425461535025,0.3212146310630029,1.442096218019977,4.229552595250918,3.113183221731455,4.0,2.0,2.0,0.3581826389894464,0.13968364835052513,0.4978662873399715,0.552414374664611,0.3899788352238948,0.21849899063892128,0.1564991320930848,1.579756024689218,4.853771466365882,6.389811794005386,3.0,2.0,1.0,0.3829950341138491,0.17001558760146848,0.5530106217153176,0.6216812463266923,0.44391068410283785,0.21297944651238063,0.18661326214919471,1.306144142137356,3.6919107488128082,5.358675950911323,4.0,2.0,1.0,lh_25,mb_4,0.8704296770749933,0.23779184163678332,0.7622081583632166,117401.0,89484.0
VT50245-F-700000,projection,True,2,0.6372348834145699,0.16674351205374785,0.8039783954683177,0.9156237649848504,0.26166726962633724,0.4704913713608221,0.4512983042392189,1.0797829352807369,2.944040434392802,2.215829287649908,4.0,3.0,1.0,0.6372348834145699,0.16674351205374785,0.8039783954683177,0.9156237649848504,0.26166726962633724,0.4704913713608221,0.4512983042392189,1.0797829352807369,2.944040434392802,2.215829287649908,4.0,3.0,1.0,0.49085466399452043,0.12844059971079935,0.6192952637053197,0.7052944011770973,0.26166726962633724,0.3624140642837211,0.2677752674654585,1.032782075032957,2.808869460125898,3.7344748432713053,4.0,2.0,1.0,0.49085466399452043,0.12844059971079935,0.6192952637053197,0.7052944011770973,0.26166726962633724,0.3624140642837211,0.2677752674654585,1.032782075032957,2.808869460125898,3.7344748432713053,4.0,2.0,1.0,mb_4,dfp_5,1.0,0.2297115604150283,0.7702884395849717,39419.0,30364.0
VT50245-F-700001,projection,True,2,0.5125639315098954,0.4487118396391245,0.9612757711490199,0.9863718669589249,0.8754260923458321,0.06385209187077096,0.464830067714312,0.8601220094892027,2.363449039325031,2.151323826613143,2.0,2.0,2.0,0.5125639315098954,0.4487118396391245,0.9612757711490199,0.9863718669589249,0.8754260923458321,0.06385209187077096,0.464830067714312,0.8601220094892027,2.363449039325031,2.151323826613143,2.0,2.0,2.0,0.44957438805221583,0.39356914975132,0.8431435378035359,0.8651555468869726,0.875426092345832,0.05600523830089582,0.35760308116568856,0.8694308031106983,2.3855526178798327,2.7963964872457825,2.0,2.0,2.0,0.44957438805221583,0.39356914975132,0.8431435378035359,0.8651555468869726,0.875426092345832,0.05600523830089582,0.35760308116568856,0.8694308031106983,2.3855526178798327,2.7963964872457825,2.0,2.0,2.0,mb_4,dfp_5,1.0,0.12289109628164226,0.8771089037183577,71779.0,62958.0
VT50733-F-700000,projection,True,2,0.35886642556471215,0.33718948242129604,0.6960559079860082,0.8638762079800795,0.9395960680654222,0.021676943143416116,0.27470534118532813,1.536470172760676,4.648154098679453,3.640264130595687,3.0,3.0,2.0,0.5266867255587834,0.3407541352937689,0.8674408608525523,0.9222297978300824,0.6469768816220857,0.18593259026501446,0.39815018723798656,1.1679908183861785,3.21552556909333,2.511615043903695,3.0,2.0,2.0,0.32354493642553134,0.3040015501079062,0.6275464865334375,0.7788490448796327,0.9395960680654221,0.019543386317625144,0.2232907129662872,1.4786570164260993,4.3870499868245325,4.478466599508693,3.0,3.0,2.0,0.47484749477172655,0.3072153514134712,0.7820628461851977,0.83145917269672,0.6469768816220856,0.16763214335825533,0.323631272666274,1.1464453053483252,3.146986427855543,3.0899362467705402,2.0,2.0,2.0,mb_4,dfp_5,0.36273199285201707,0.09842517054527718,0.9015748294547228,149667.0,134936.0
VT58722-F-700000,projection,True,2,0.2778951680717566,0.22075723926777205,0.49865240733952865,0.6449362858190129,0.7943903479846374,0.05713792880398458,0.16791508754089537,2.090711797209343,8.090672032975254,5.955390993417742,5.0,4.0,2.0,0.31982147092434077,0.29155436727829404,0.6113758382026349,0.8613920093145605,0.9116159913705925,0.028267103646046732,0.2554059948018663,1.5601196267407313,4.759390561465183,3.9153348799653656,4.0,3.0,3.0,0.2079377243576816,0.16518372121163233,0.3731214455693139,0.4825797604162465,0.7943903479846376,0.04275400314604927,0.09401438356410748,1.7813944100279122,5.938130837470922,10.636670284798601,5.0,3.0,1.0,0.23930948251522607,0.21815835114750132,0.45746783366272736,0.6445448312023555,0.9116159913705926,0.021151131367724757,0.14299987875733366,1.38437373041409,3.992324850100437,6.993012922038688,3.0,3.0,2.0,mb_4,sog_1,0.7378143329063575,0.25174041059976604,0.748259589400234,123965.0,92758.0
VT5948-F-700000,projection,True,2,0.8049411198012397,0.08977170454689501,0.8947128243481347,0.9458733156713863,0.11152580274326389,0.7151694152543447,0.6597370493111095,0.7690198025358826,2.1576502935786985,1.51575540746755,3.0,1.0,1.0,0.8359720620111802,0.08977170454689501,0.9257437665580752,0.9879831155167387,0.10738601040197729,0.7462003574642853,0.7108268116528798,0.6072182043328613,1.8353188090777166,1.4068124381446843,3.0,1.0,1.0,0.6877985377741673,0.07670728405090713,0.7645058218250744,0.808220958570268,0.11152580274326389,0.6110912537232602,0.4816872412286944,0.7914901217344256,2.2066822026556747,2.0760358888667807,2.0,1.0,1.0,0.7143135662063363,0.07670728405090713,0.7910208502572434,0.8442025453560791,0.10738601040197729,0.6376062821554292,0.5189889005839388,0.6532354097860026,1.9217484252012729,1.9268234809547047,3.0,1.0,1.0,mb_4,dfp_5,0.9257608151753628,0.14552937990793394,0.8544706200920661,92325.0,78889.0
VT5948-F-700001,projection,True,2,0.7482266655959742,0.10396423887149013,0.8521909044674643,0.9412055997216199,0.13894751904983366,0.6442624267244841,0.5795704082689116,0.9239926998529959,2.519329261070626,1.7254159041467412,3.0,2.0,1.0,0.7757434620841029,0.10396423887149013,0.879707700955593,0.9779571187665623,0.13401883992960903,0.6717792232126129,0.622414519696157,0.7697710280135701,2.1592717844275375,1.6066463238810178,3.0,2.0,1.0,0.6166760426663137,0.08568560618595365,0.7023616488522674,0.7757260884432532,0.13894751904983366,0.53099043648036,0.39368964625819614,0.920905368338203,2.5115632507395533,2.540071880234725,3.0,1.0,1.0,0.639354931224285,0.08568560618595365,0.7250405374102387,0.8060160825970417,0.13401883992960906,0.5536693250383313,0.4227927247304372,0.7937984171209972,2.2117817603821814,2.3652251836584384,3.0,1.0,1.0,mb_4,dfp_5,0.9290569683585798,0.17581653926337734,0.8241834607366226,90657.0,74718.0
fru-F-200052,projection,True,2,0.44862518089725034,0.3842547033285094,0.8328798842257598,0.9085962373371925,0.8565161290322582,0.06437047756874092,0.3598461928328038,1.2003847006773767,3.321394419676908,2.7789650687359986,4.0,2.0,2.0,0.4599710564399421,0.4508248914616498,0.9107959479015919,0.9801447178002894,0.9801157815252957,0.009146164978292348,0.42000861353645486,0.9807654602850121,2.666496558154663,2.3809035523820383,3.0,2.0,2.0,0.3667076748367559,0.3140910381375982,0.6807987129743541,0.7426895050629317,0.8565161290322582,0.052616636699157726,0.24043053241032813,1.1460054264317632,3.1456024392912334,4.1592055300753605,4.0,2.0,2.0,0.3759818302261758,0.3685057253714394,0.7444875555976151,0.8011734645594776,0.9801157815252958,0.007476104854736432,0.28062793654847284,0.9664879485393575,2.628696112503763,3.5634370985985924,3.0,2.0,2.0,mb_4,dfp_5,0.6707777498112257,0.18259676350903756,0.8174032364909625,21134.0,17275.0
fru-F-400010,projection,True,2,0.4480950548393304,0.3679045603232634,0.8159996151625938,0.9744083124879738,0.8210413311862587,0.08019049451606697,0.3618575193374872,1.116664431719236,3.0546482036942737,2.763518640792283,3.0,3.0,2.0,0.6065037521647104,0.36848181643255723,0.9749855685972677,0.999903790648451,0.6075507614213198,0.2380219357321532,0.5042465774777407,0.7640495314618829,2.1469527934965447,1.9831567424850665,2.0,2.0,2.0,0.3255740798993394,0.267309775960295,0.5928838558596343,0.7079794484638775,0.8210413311862588,0.058264303939044415,0.19102796235965064,1.0434178027437977,2.83890326344131,5.234835715397979,3.0,3.0,2.0,0.4406696725035825,0.2677291950648352,0.7083988675684177,0.7265037922477369,0.6075507614213199,0.1729404774387473,0.26619647533857826,0.7872170915994877,2.197273100111415,3.7566237446536017,2.0,2.0,2.0,mb_4,dfp_5,0.47763324873096447,0.2734263045681731,0.7265736954318269,28611.0,20788.0
fru-F-400071,projection,True,2,0.36075813051906097,0.32055423935673777,0.6813123698757988,0.8483021035250198,0.8885572139303483,0.0402038911623232,0.2837992720443562,1.3174695345274336,3.7339607536553605,3.523617212956437,4.0,4.0,2.0,0.5124560269940412,0.32055423935673777,0.833010266350779,1.0,0.6255253572429252,0.19190178763730348,0.393251771116332,1.0061753707735848,2.735120164590206,2.5429001811264045,3.0,3.0,2.0,0.2520060180541625,0.22392176529588767,0.47592778335005015,0.5925777331995988,0.8885572139303483,0.028084252758274836,0.13848439752557573,1.1709191721954375,3.224955566087445,7.221030078968404,4.0,4.0,2.0,0.3579739217652959,0.22392176529588767,0.5818956870611836,0.6985456369107322,0.6255253572429251,0.13405215646940824,0.191893496437155,0.9534659923094113,2.5946872582664655,5.211224030864951,3.0,3.0,2.0,mb_4,ms_12,0.4079574110395069,0.3014543630892678,0.6985456369107322,19940.0,13929.0
fru-F-400141,projection,True,2,0.46796935716664817,0.40246474963916956,0.8704341068058177,0.9540912623515043,0.8600237247924081,0.06550460752747861,0.3896102902780339,1.0905670714832538,2.975961176882161,2.566667321046319,3.0,2.0,2.0,0.5516265127123349,0.4071833018763184,0.9588098145886532,0.9990007771733096,0.7381503471872798,0.14444321083601647,0.4717063627738114,0.8300861549826165,2.2935163296119154,2.119962923797811,2.0,2.0,2.0,0.36079606248662527,0.3102931735501819,0.6710892360368071,0.7355874170768243,0.8600237247924081,0.05050288893644339,0.23158965988303573,1.0413325681632142,2.832989651961826,4.317982074437389,3.0,2.0,2.0,0.4252942435266424,0.31393109351594267,0.7392253370425851,0.7702118553391826,0.7381503471872799,0.11136315001069974,0.2803886828592061,0.8405064081014773,2.31754030084946,3.566477754389746,2.0,2.0,2.0,mb_4,dfp_5,0.6966891415920298,0.22901776160924459,0.7709822383907554,23365.0,18014.0
fru-F-400196,projection,True,2,0.4675608469595358,0.4076557908220933,0.8752166377816291,0.948986511943335,0.8718775181305399,0.059905056137442514,0.39284075969784615,1.0653571696270305,2.9018752606898985,2.5455607019219464,4.0,2.0,2.0,0.5413307211212418,0.4076557908220933,0.9489865119433352,1.0,0.7530623608017818,0.1336749302991485,0.4618245693841374,0.8498298205783233,2.3392487260551786,2.1653243813631273,3.0,2.0,2.0,0.3170183415930108,0.27640116486997396,0.5934195064629848,0.6434373882389006,0.8718775181305399,0.04061717672303683,0.18059638316633675,0.9858001143201646,2.679955297429855,5.537209452743904,3.0,2.0,2.0,0.3670362233689266,0.27640116486997396,0.6434373882389006,0.6780258519388955,0.7530623608017817,0.09063505849895265,0.21230955502752896,0.8396669998652831,2.315595754681428,4.710103602592619,2.0,2.0,2.0,mb_4,dfp_5,0.7274498886414253,0.3219741480611046,0.6780258519388954,19573.0,13271.0
fru-F-400214,projection,True,2,0.32688200747463964,0.3243459690336359,0.6512279765082756,0.8226775226908704,0.9922417313189056,0.0025360384410037518,0.2657171475877883,1.411748541915763,4.103123618916008,3.7634003265431617,4.0,4.0,2.0,0.4810464495461826,0.3243459690336359,0.8053924185798185,0.9775760811532301,0.6742508324084351,0.1567004805125467,0.3667560400429973,1.1052833180596782,3.020079990811498,2.726608128615314,3.0,3.0,2.0,0.2237551393330288,0.22201918684330746,0.4457743261763363,0.5631338510735496,0.9922417313189057,0.0017359524897213319,0.12450408110154995,1.2258236453548776,3.40697106336818,8.031865230059122,4.0,4.0,2.0,0.32928277752398355,0.22201918684330746,0.551301964367291,0.6691640018273184,0.6742508324084351,0.10726359068067609,0.1718467331466085,1.0160440695549884,2.7622458691793135,5.819138843604695,3.0,3.0,2.0,mb_4,ms_12,0.3590455049944506,0.3154865235267245,0.6845134764732754,21890.0,14984.0
fru-F-400229,projection,True,2,0.31866974317817015,0.3117475922953451,0.6304173354735152,0.8558888443017656,0.9782779789076027,0.006922150882825051,0.2628572799330249,1.4339751698676109,4.195343290679249,3.8043458421801994,4.0,4.0,3.0,0.430276886035313,0.3117475922953451,0.7420244783306581,0.9674959871589085,0.7245278619724878,0.1185292937399679,0.333988919035295,1.187679470081447,3.279462280489478,2.994111310304648,3.0,3.0,3.0,0.2361007878697785,0.23097220157573956,0.46707298944551806,0.6341236806897577,0.9782779789076027,0.00512858629403895,0.14428899929548689,1.2846166776350265,3.6132826396760542,6.9305352790763886,4.0,3.0,2.0,0.3187899509439572,0.23097220157573956,0.5497621525196967,0.7168128437639364,0.7245278619724878,0.08781774936821762,0.18333495239569925,1.1021374494896063,3.0105941445251942,5.4544972845203,3.0,3.0,2.0,mb_4,dfp_5,0.48123105619025414,0.259105098855359,0.740894901144641,26908.0,19936.0
fru-F-400338,projection,True,2,0.48364056866879807,0.36711788313720156,0.8507584518059996,0.9286102986191416,0.7590717299578059,0.1165226855315965,0.3784803267153235,1.14404588288952,3.139444529661314,2.642145256739214,4.0,2.0,2.0,0.48949051084960205,0.42776001632542004,0.9172505271750221,0.995102373988164,0.8738882712618121,0.061730494524182,0.42866448857129674,0.9377402011294379,2.5542029068074656,2.3328267833263197,3.0,2.0,2.0,0.39374221237712864,0.2988785823065208,0.6926207946836495,0.7560016613595459,0.7590717299578058,0.09486363007060783,0.2508544549098613,1.0988129240586082,3.0006019665573738,3.9863752882496213,3.0,2.0,2.0,0.39850477640869447,0.348248650145369,0.7467534265540634,0.8101342932299599,0.8738882712618121,0.050256126263325485,0.28411621167471757,0.9308550213835443,2.5366771638667305,3.5196865187858135,3.0,2.0,2.0,dfp_5,mb_4,0.9760978321289605,0.18587844385989202,0.814121556140108,36115.0,29402.0
fru-F-400437,projection,True,2,0.522320381518255,0.28582597138613086,0.8081463529043859,0.9105621139863966,0.547223469540488,0.23649441013212413,0.3723090505872937,1.1630299989272295,3.1996134285404443,2.6859406141821265,4.0,3.0,2.0,0.6076929090766946,0.2898913298412947,0.8975842389179893,1.0000000000000002,0.4770358934774218,0.3178015792353999,0.4638166429772576,0.8950170816887566,2.4473775944475986,2.1560244013258343,3.0,3.0,2.0,0.3492420282279143,0.19111343439623626,0.5403554626241506,0.6088342916884475,0.547223469540488,0.15812859383167802,0.16644956004381936,1.0467798577261616,2.8484638749477593,6.007826032923973,4.0,2.0,1.0,0.4063251437532671,0.19383167799268164,0.6001568217459488,0.6686356508102457,0.4770358934774218,0.21249346576058548,0.207360191869589,0.8675768663828627,2.3811340514022805,4.822526401928247,3.0,2.0,1.0,mb_4,dfp_5,0.719027402547279,0.3313643491897543,0.6686356508102457,19130.0,12791.0
fru-F-400475,projection,True,2,0.46089665733748747,0.4406717009029941,0.9015683582404816,0.9522099593388604,0.9561182401466544,0.020224956434493346,0.4100657809655035,1.0630607398147849,2.8952189536260415,2.438633132580561,3.0,2.0,2.0,0.49131330200137296,0.48492369435496646,0.9762369963563394,0.9916037387125732,0.9869948409286329,0.006389607646406503,0.4768463840446109,0.8044318740383318,2.2354261343683173,2.097111425105084,2.0,2.0,2.0,0.3534032473579787,0.3378952909260234,0.691298538284002,0.7301291654856864,0.9561182401466545,0.015507956431955294,0.24109460087855691,1.0187540414996041,2.7697416300523825,4.147749457499114,2.0,2.0,2.0,0.37672591812770784,0.37182653763615015,0.748552455763858,0.7603352633923148,0.9869948409286328,0.004899380491557692,0.2803576742515121,0.820444334603678,2.2715089233471373,3.566872220172894,2.0,2.0,2.0,mb_4,dfp_5,0.7938521066208083,0.23322670769729117,0.7667732923027089,24697.0,18937.0
fru-F-500083,projection,True,2,0.5839442335384213,0.31659903128681766,0.9005432648252389,0.9964000523628748,0.5421734013338564,0.26734520225160363,0.4504272978345511,0.9232901961208972,2.5175600443757644,2.220114111217379,3.0,2.0,2.0,0.5875441811755465,0.4124558188244535,1.0,1.0,0.7019996657940177,0.17508836235109304,0.5153279673153939,0.6777399213042697,1.969421650664153,1.9405117971949202,2.0,2.0,2.0,0.37000248838752486,0.20060550763105509,0.5706079960185799,0.6313453881884539,0.5421734013338565,0.16939698075646978,0.18083864497336913,0.874142094732511,2.396818168751804,5.5297914897961284,3.0,2.0,2.0,0.37228351028533513,0.261342899800929,0.6336264100862641,0.6336264100862641,0.7019996657940177,0.11094061048440612,0.20689512330672966,0.7185549556047557,2.0514666074003647,4.833366702981506,2.0,2.0,2.0,dfp_5,mb_4,0.9877457806494736,0.3663735899137359,0.6336264100862641,48224.0,30556.0
fru-F-500115,projection,True,2,0.39195564991743337,0.22320515844931982,0.6151608083667532,0.8259809703546435,0.569465342561942,0.16875049146811355,0.26487298528526926,1.48756128039226,4.426287870928101,3.775394455282014,4.0,4.0,3.0,0.5187937406621058,0.23617991664700794,0.7549736573091137,0.9781788157584335,0.4552482000757863,0.2826138240150979,0.37505042060148003,1.1126639803471245,3.0424526422361855,2.6663081683691194,3.0,3.0,3.0,0.272578131408416,0.1552237989773877,0.4278019303858037,0.574412818199218,0.569465342561942,0.11735433243102833,0.12809902619605226,1.2870931453019456,3.6222419063929734,7.8064605929909705,4.0,3.0,1.0,0.3607852787575534,0.164246848768217,0.5250321275257703,0.680255926503158,0.45524820007578626,0.1965384299893364,0.18138351709113062,1.0263779201536674,2.7909385026656857,5.513180117119354,3.0,3.0,1.0,mb_4,dfp_5,0.5110269041303525,0.3045689443031745,0.6954310556968255,36573.0,25434.0
fru-F-500297,projection,True,2,0.49305891290835,0.4174321431038055,0.9104910560121555,0.96111609917812,0.8466171732735677,0.07562676980454452,0.42088509113043154,1.012796020076165,2.7532885127668347,2.37594540902876,3.0,2.0,2.0,0.5228261620277643,0.42634159817666967,0.9491677602044339,0.9997928033703984,0.8154557463672392,0.09648456385109466,0.45767729196251805,0.8553059314869365,2.3520938500840725,2.1849456321330796,3.0,2.0,2.0,0.3838791202882185,0.32499865569715547,0.7088777759853739,0.748292735387428,0.8466171732735678,0.05888046459106305,0.25512610352936455,0.9834049084095413,2.673543933994215,3.9196302776007466,2.0,2.0,2.0,0.40705490132817124,0.3319352583750067,0.7389901597031779,0.778405119105232,0.815455746367239,0.07511964295316453,0.2774282734953972,0.86078841151846,2.3650245714714866,3.6045352818612084,2.0,2.0,2.0,mb_4,dfp_5,0.8861294583883752,0.22143356455342258,0.7785664354465774,18597.0,14479.0
fru-F-500435,projection,True,2,0.4419909074806636,0.2557123457519041,0.6977032532325678,0.8968530436322844,0.5785466203580016,0.1862785617287595,0.3076907381891393,1.321549360503426,3.749225781886977,3.2500165779617785,4.0,3.0,2.0,0.5254177245084726,0.25748361575249457,0.7829013402609671,0.9820511306606837,0.4900550623665581,0.267934108755978,0.3823443985354503,1.0810184404130578,2.9476800593839503,2.6154430503766926,3.0,3.0,2.0,0.3119036706803883,0.18045081454939377,0.4923544852297821,0.6328902962376568,0.5785466203580015,0.13145285613099456,0.1532246806633741,1.178585627642044,3.2497745595456395,6.526363740296794,4.0,3.0,1.0,0.3707762176575976,0.1817007624682305,0.5524769801258281,0.6930127911337028,0.49005506236655805,0.1890754551893671,0.19040091591256128,1.0088480253100345,2.7424399732085223,5.252075575409704,3.0,3.0,1.0,mb_4,dfp_5,0.6824362287897516,0.2943210699554185,0.7056789300445815,24001.0,16937.0
fru-F-500584,projection,True,2,0.3659335811960426,0.24859789526750267,0.6145314764635452,0.8448547482513076,0.6793525055966937,0.1173356859285399,0.27213353394818235,1.3530131522468056,3.869066069652613,3.6746665708255293,4.0,4.0,3.0,0.5188102589955259,0.25086646921671185,0.7696767282122378,1.0,0.4835418437993441,0.26794378977881406,0.3851468797432835,1.0255360205153736,2.7885898013739046,2.596412051076571,3.0,3.0,3.0,0.25969321586691113,0.17642323688564912,0.4361164527525603,0.599570681096552,0.6793525055966937,0.08326997898126201,0.13705621643584884,1.2035800162128125,3.332024296726761,7.29627612672399,4.0,4.0,1.0,0.36818568042574124,0.178033182773579,0.5462188631993202,0.709673091543312,0.4835418437993441,0.19015249765216224,0.19397379420258642,0.9711783077272306,2.6410546016871406,5.155335565357859,3.0,3.0,1.0,mb_4,dfp_5,0.4106643993683955,0.29032690845668796,0.709673091543312,22361.0,15869.0
fru-F-600168,projection,True,2,0.5747682386134623,0.3342493862445495,0.9090176248580117,0.9986808838078487,0.581537676909346,0.2405188523689128,0.4501224203967138,0.9095802937897288,2.4832800665694394,2.221617841472223,3.0,2.0,2.0,0.5760873548056136,0.42391264519438643,1.0,1.0,0.7358478565068057,0.15217470961122714,0.5115785711226306,0.6815235025208368,1.9768872318393422,1.9547339479164576,2.0,2.0,2.0,0.47631483055994167,0.2769950200412972,0.7533098506012389,0.8276144783189603,0.581537676909346,0.19931981051864445,0.30912443164172276,0.9094802369970394,2.483031609960722,3.2349432708670744,3.0,2.0,2.0,0.47740799222640595,0.35129964775901856,0.8287076399854245,0.8287076399854245,0.7358478565068056,0.1261083444673874,0.3513298335572586,0.7204878317219472,2.0554356728312086,2.8463281636941407,2.0,2.0,2.0,dfp_5,mb_4,0.9954204299707416,0.17129236001457548,0.8287076399854245,32932.0,27291.0
fru-F-600186,projection,True,2,0.4072191154041688,0.3603908941987234,0.7676100096028922,0.887363723662656,0.8850048550423083,0.046828221205445386,0.320684335399858,1.2760742256143804,3.582547808402436,3.1183312984499545,4.0,4.0,2.0,0.4633113031689544,0.41264192509744113,0.8759532282663955,0.9957069423261594,0.8906364301389905,0.05066937807151328,0.3992840353726168,1.001824094057856,2.723244755236434,2.5044828027416313,3.0,3.0,2.0,0.3004876828810804,0.26593305823016966,0.5664207411112501,0.6547872118711183,0.8850048550423083,0.03455462465091075,0.17461228014136523,1.1658986301506302,3.2088051170033944,5.726974066144747,4.0,2.0,2.0,0.34187820432662247,0.30448918344379144,0.6463673877704139,0.7347338585302822,0.8906364301389906,0.037389020882831026,0.21740973332397145,0.9635289882455345,2.620929401443908,4.5996100759199114,3.0,2.0,2.0,mb_4,dfp_5,0.5557181175323092,0.2620982868575716,0.7379017131424284,23991.0,17703.0
fru-F-700104,projection,True,2,0.43495535714285716,0.40348214285714284,0.8384375,0.9191964285714285,0.9276403571795134,0.03147321428571431,0.36486436941964284,1.1405042273838026,3.128345364968516,2.7407444623617554,4.0,2.0,2.0,0.4832142857142857,0.4360267857142857,0.9192410714285715,1.0,0.9023466371027347,0.04718749999999999,0.4301374083227041,0.9165767210592585,2.500715075209773,2.3248384833568467,3.0,2.0,2.0,0.36788249509137594,0.3412626491466546,0.7091451442380305,0.7774505361727836,0.9276403571795135,0.026619845944721332,0.26101191496595366,1.1062846481314432,3.023105602290508,3.8312427236528257,4.0,2.0,2.0,0.40869959220661534,0.36878870261289837,0.7774882948195136,0.8457936867542667,0.9023466371027347,0.03991088959371697,0.3077060904121187,0.9168881769915176,2.50149405905811,3.24985442654279,3.0,2.0,2.0,mb_4,dfp_5,0.6699926090169993,0.15420631324573328,0.8457936867542667,26484.0,22400.0
fru-F-700114,projection,True,2,0.484344523149574,0.36330972179447696,0.847654244944051,0.990452725592855,0.7501059771089444,0.12103480135509703,0.38705952499476726,1.0428524947317703,2.837298862214277,2.5835819439232743,3.0,3.0,2.0,0.506108202443281,0.49353249153064366,0.9996406939739246,1.0,0.9751521298174441,0.012575710912637372,0.49971996187763434,0.6960280421605562,2.0057700305402997,2.001120780211835,2.0,2.0,2.0,0.3899334683251374,0.29249142526550687,0.6824248935906443,0.7973883218314807,0.7501059771089444,0.09744204305963056,0.25087073269003396,1.0141305969339411,2.7569654409246214,3.98611663176972,3.0,3.0,2.0,0.40745485350634325,0.39733046820116535,0.8047853217075086,0.8050745898590851,0.9751521298174443,0.010124385305177896,0.32389104228289645,0.7349110430270692,2.0852964825911955,3.0874580320334055,2.0,2.0,2.0,mb_4,dfp_5,0.43569979716024343,0.1949254101409149,0.8050745898590851,24199.0,19482.0
fru-F-700163,projection,True,2,0.42725838534878935,0.3922765621784759,0.8195349475272653,0.919061664037314,0.9181248996628673,0.03498182317031345,0.3510209807898659,1.2006977793858422,3.322434440347794,2.8488325619448855,4.0,2.0,2.0,0.4592907606831744,0.4411825228067769,0.9004732834899514,1.0,0.960573476702509,0.018108237876397537,0.41549558857835284,0.9480202469255585,2.58059565656986,2.4067644217874125,3.0,2.0,2.0,0.2855898399889964,0.2622071431846316,0.547796983173628,0.6143230480033011,0.9181248996628673,0.023382696804364778,0.1568329789716664,1.0718382888909694,2.920743738724396,6.376209943577371,3.0,2.0,2.0,0.30700105451377746,0.29489707028563567,0.6018981247994131,0.6684241896290861,0.9605734767025088,0.012103984228141795,0.18563964683734435,0.9029425140187272,2.4668511863437366,5.3867803404958545,3.0,2.0,2.0,mb_4,dfp_5,0.7081839904420549,0.33157581037091377,0.6684241896290862,21811.0,14579.0
fru-F-700245,projection,True,2,0.5698119487435513,0.32443002163421536,0.8942419703777666,0.9480778831752371,0.5693633177570093,0.24538192710933598,0.43451893774138817,1.0300102153633701,2.8010944487505554,2.301395665740047,3.0,2.0,2.0,0.6236478615410218,0.33516392078548846,0.9588117823265103,0.99833582958895,0.5374249499666445,0.28848394075553335,0.5028364287761513,0.7991912157924109,2.2237416738386138,1.9887182844605953,2.0,2.0,2.0,0.4414362147875975,0.2513375878295623,0.6927738026171597,0.7344807580738735,0.5693633177570093,0.1900986269580352,0.2607843489482575,0.9957153325400337,2.7066598107822166,3.834585948248033,2.0,2.0,2.0,0.48314317024431125,0.25965319409527493,0.7427963643395862,0.7734158447753497,0.5374249499666444,0.22348997614903632,0.3017863188828401,0.8168986796138564,2.2634691978677575,3.3136028289878223,2.0,2.0,2.0,mb_4,dfp_5,0.8273515677118078,0.22529491394314446,0.7747050860568555,15513.0,12018.0
fru-F-700257,projection,True,2,0.49911593836827484,0.35751452386966404,0.8566304622379388,0.9343773680222278,0.7162955465587044,0.1416014144986108,0.3870183117801109,1.1032654061470206,3.0139918801222865,2.583857067125449,4.0,2.0,2.0,0.5626673402374337,0.3585248800202071,0.9211922202576408,0.9989391260419298,0.6371880050278326,0.2041424602172266,0.4511803321759579,0.8971849512765063,2.4526889449818605,2.21640867007032,3.0,2.0,2.0,0.3910702976567448,0.28012191260291325,0.671192210259658,0.7321089297023433,0.7162955465587044,0.11094838505383153,0.23759554926449147,1.0555790960658769,2.873638785068907,4.208833048832912,3.0,2.0,2.0,0.44086447118429384,0.2809135528815706,0.7217780240658644,0.7826947435085497,0.6371880050278327,0.15995091830272323,0.2769854437833126,0.8941097086307186,2.4451579171455347,3.6102980226726507,3.0,2.0,2.0,mb_4,dfp_5,0.7741066618782546,0.21647403419886005,0.78352596580114,25264.0,19795.0
fru-M-400031,projection,True,2,0.5644613643378948,0.3573412902561992,0.921802654594094,0.9936207428747814,0.6330659861465548,0.20712007408169564,0.4514876624569267,0.9163341157923927,2.5001084621483334,2.214899947781858,3.0,2.0,2.0,0.5674966560345714,0.4291593785368865,0.9966560345714579,0.9999999999999999,0.7562324358625692,0.13833727749768493,0.5062414089013747,0.7035985176062984,2.0210122860698547,1.975342163672784,2.0,2.0,2.0,0.44798301486199577,0.2836028090805161,0.7315858239425119,0.7885840274375308,0.6330659861465548,0.16438020578147966,0.2843809764971335,0.9106707256541222,2.4859893911807247,3.516409614727094,3.0,2.0,2.0,0.4503919647231749,0.3406010125755349,0.7909929772987098,0.7936469051118733,0.7562324358625692,0.10979095214764001,0.31886901498751874,0.7418337765466056,2.0997825180784777,3.13608394982856,2.0,2.0,2.0,dfp_5,mb_4,0.9893028737195178,0.20635309488812673,0.7936469051118733,24492.0,19438.0
fru-M-400362,projection,True,2,0.4729769398871457,0.3578068430151016,0.8307837829022473,0.9618382856583712,0.7564995517550515,0.11517009687204405,0.3701545180894157,1.1239678931597248,3.07703937606653,2.7015744807373574,3.0,3.0,2.0,0.4888613457712254,0.47317264098633355,0.9620339867575589,0.9972275677615056,0.9679076594609021,0.01568870478489187,0.4641240380916337,0.8380524860766191,2.3118602097623526,2.154596439589208,2.0,2.0,2.0,0.34422104588506186,0.26040306691670423,0.6046241128017661,0.7000023737745389,0.7564995517550512,0.08381797896835763,0.19605501695451294,1.049256188195263,2.8555263537380835,5.100609081745721,3.0,2.0,2.0,0.3557813278894771,0.3443634723573955,0.7001448002468726,0.725757827521542,0.9679076594609021,0.011417855532081578,0.24582665268203346,0.841173949589121,2.3190878716259444,4.0679071577053865,2.0,2.0,2.0,mb_4,dfp_5,0.4638377368561516,0.27222446412039786,0.7277755358796022,42127.0,30659.0
fru-M-400401,projection,True,2,0.3979928861788618,0.3830030487804878,0.7809959349593496,0.9426236449864499,0.962336418767954,0.014989837398374006,0.3334512572662143,1.2289803814975457,3.4177429651416156,2.9989390599347465,3.0,3.0,2.0,0.559620596205962,0.38317242547425473,0.9427930216802167,0.9892869241192411,0.6847003631961259,0.17644817073170732,0.46223597217287804,0.8898833098940369,2.4348455123312567,2.1633971828267753,2.0,2.0,2.0,0.2895117819189897,0.27860773140304945,0.5681195133220391,0.6856922839981519,0.9623364187679541,0.010904050515940233,0.17644697820389635,1.1254924548174057,3.081734090099637,5.667424912454056,3.0,3.0,2.0,0.4070845525951024,0.27873094101339907,0.6858154936085015,0.7196365316494686,0.684700363196126,0.12835361158170333,0.2445938911003424,0.8788232281736827,2.4080642962092504,4.088409548993025,2.0,2.0,2.0,mb_4,dfp_5,0.4223668280871671,0.2725704604959187,0.7274295395040813,32465.0,23616.0
fru-M-500174,projection,True,2,0.5859720634289407,0.308445593279316,0.8944176567082567,0.9999502907988268,0.5263827621309806,0.2775264701496247,0.44963908246169854,0.9137964522810693,2.493772071343848,2.2240059616819066,3.0,3.0,2.0,0.5859720634289407,0.41397822736988615,0.9999502907988269,1.0,0.7064811672887682,0.17199383605905455,0.5147412343264883,0.6787895301509832,1.9714898582662224,1.9427237091437741,2.0,2.0,2.0,0.4960861880313105,0.26113121791095023,0.7572174059422607,0.846561737227506,0.5263827621309806,0.23495497012036026,0.3222734302269636,0.9146021000544726,2.495781982792129,3.1029551499040493,3.0,2.0,2.0,0.4960861880313105,0.3504755491961956,0.846561737227506,0.8466038212271694,0.7064811672887683,0.14561063883511488,0.3689346183108747,0.7156443417643059,2.0455042615520718,2.710507364633838,2.0,2.0,2.0,dfp_5,mb_4,1.0,0.15339617877283057,0.8466038212271695,23762.0,20117.0
fru-M-500374,projection,True,2,0.6078875793291024,0.3130099728014506,0.920897552130553,1.0,0.5149142431021626,0.2948776065276518,0.47375974943469923,0.8668365846050081,2.3793719935435305,2.1107745037294166,3.0,2.0,2.0,0.6078875793291024,0.3921124206708976,1.0,1.0,0.645041014168531,0.21577515865820485,0.5232794595469867,0.6696836259345691,1.9536191484219776,1.9110247531323312,2.0,2.0,2.0,0.4963908939478068,0.25559874143994077,0.7519896353877475,0.8165833796039237,0.5149142431021626,0.240792152507866,0.31590698801184924,0.8733055786766433,2.3948140302345395,3.1654886974595553,3.0,2.0,2.0,0.4963908939478068,0.32019248565611697,0.8165833796039237,0.8165833796039237,0.6450410141685309,0.1761984082916898,0.3489271474649454,0.7123137493866234,2.0387028532965226,2.8659277653380753,2.0,2.0,2.0,dfp_5,mb_4,1.0,0.18341662039607626,0.8165833796039238,21612.0,17648.0
fru-M-500377,projection,True,2,0.5001054820529821,0.39142882975196647,0.8915343118049486,0.983092733793436,0.7826925394720984,0.10867665230101564,0.4118122374932899,1.0197892248414868,2.772610304995215,2.4282911214271388,3.0,2.0,2.0,0.505861788372864,0.48298725174045387,0.9888490401133179,0.9970163647870769,0.954781054512958,0.022874536632410125,0.4892469701329688,0.7537648337610027,2.1249851917439195,2.0439574714754336,2.0,2.0,2.0,0.3999807168510618,0.31306192301202784,0.7130426398630896,0.7862703979559862,0.7826925394720983,0.08691879383903395,0.2634232638601675,0.9942958355947998,2.702820441080491,3.796171930095089,3.0,2.0,2.0,0.4045845686600622,0.38628968110492445,0.7908742497649867,0.7974064164678092,0.954781054512958,0.01829488755513775,0.3129558132866912,0.7815314679509225,2.1848156798711487,3.1953392700966523,2.0,2.0,2.0,dfp_5,mb_4,0.9772415847482872,0.20020729385108588,0.7997927061489141,41487.0,33181.0
fru-M-500383,projection,True,2,0.5407446970853045,0.2714787120402869,0.8122234091255913,0.9243094765756142,0.5020459997177931,0.2692659850450176,0.3843978603695993,1.1270915722973185,3.0866660873220444,2.6014712960121527,4.0,3.0,2.0,0.6528307645353273,0.2714787120402869,0.9243094765756141,0.9999999999999999,0.41584852734922867,0.3813520524950404,0.5056177535510905,0.8277297752972319,2.2881182967299583,1.9777786538877027,3.0,2.0,2.0,0.35550539252570856,0.1784800601956358,0.5339854527213443,0.6076749435665914,0.5020459997177931,0.17702533233007275,0.1661455863988361,1.0167247652069087,2.7641267580158,6.018817722906453,3.0,2.0,1.0,0.4291948833709556,0.1784800601956358,0.6076749435665915,0.6574366691748182,0.41584852734922856,0.2507148231753198,0.21853960913475445,0.8199133425089837,2.2703030902380688,4.575829543940415,2.0,2.0,1.0,mb_4,dfp_5,0.6566152407667134,0.34256333082518187,0.6574366691748181,19935.0,13106.0
fru-M-700067,projection,True,2,0.5922637236222454,0.30560448646511124,0.8978682100873567,0.9930258475033253,0.5159939301972685,0.2866592371571342,0.45324140861473305,0.9391470604835639,2.557798839952229,2.206329741707307,3.0,2.0,2.0,0.687421361038214,0.30848042563899775,0.9959017866772117,0.9979868425782794,0.4487501307394624,0.3789409353992163,0.5677160417775682,0.6464282567018313,1.9087112129738062,1.7614439727102185,2.0,2.0,2.0,0.4254137939938544,0.21951093552302012,0.6449247295168745,0.7132749761148552,0.5159939301972686,0.2059028584708343,0.2338419643531724,0.9122475842089113,2.4899125371295456,4.27639240358799,3.0,2.0,2.0,0.49376404059183515,0.22157667777003123,0.7153407183618664,0.7168383814909495,0.4487501307394624,0.2721873628218039,0.29290314583087906,0.701992233554421,2.017768572126519,3.4140978484997064,2.0,2.0,2.0,mb_4,dfp_5,0.7231461144231774,0.28171559893614273,0.7182844010638573,38727.0,27817.0
fru-M-700270,projection,True,2,0.5747457762831292,0.3306509728561134,0.9053967491392425,0.976379213708063,0.5752995263304541,0.24409480342701578,0.4449384943897559,0.9834411624643606,2.673640862559576,2.247501649349366,3.0,2.0,2.0,0.6457282408519497,0.3306509728561134,0.9763792137080631,0.9896709104011531,0.5120590241180483,0.3150772679958363,0.5265322377919488,0.7597860484136172,2.1378187818439263,1.8992189427822552,2.0,2.0,2.0,0.3753398870529178,0.21593285923446978,0.5912727462873876,0.637628111273792,0.5752995263304541,0.15940702781844804,0.18975701589262495,0.9205034274932572,2.5105539537368498,5.269897375314205,2.0,2.0,2.0,0.42169525203932234,0.21593285923446978,0.6376281112737922,0.6463083037021544,0.5120590241180483,0.20576239280485256,0.22455505080921262,0.7744446155616668,2.169386948793676,4.453250979643402,2.0,2.0,2.0,mb_4,dfp_5,0.7801475602951206,0.34694624555532316,0.6530537544446768,38248.0,24978.0
