neuron_id,group,exclusive,n_pairs,side_top1,side_top2,side_top1_2_sum,side_top3_sum,side_balance21,side_dominance_gap,side_hhi,side_entropy,side_neff_shannon,side_neff_simpson,side_n_above_thr,side_n_above_10pct,side_n_above_20pct,region_top1,region_top2,region_top1_2_sum,region_top3_sum,region_balance21,region_dominance_gap,region_hhi,region_entropy,region_neff_shannon,region_neff_simpson,region_n_above_thr,region_n_above_10pct,region_n_above_20pct,sidetot_top1,sidetot_top2,sidetot_top1_2_sum,sidetot_top3_sum,sidetot_balance21,sidetot_dominance_gap,sidetot_hhi,sidetot_entropy,sidetot_neff_shannon,sidetot_neff_simpson,sidetot_n_above_thr,sidetot_n_above_10pct,sidetot_n_above_20pct,regiontot_top1,regiontot_top2,regiontot_top1_2_sum,regiontot_top3_sum,regiontot_balance21,regiontot_dominance_gap,regiontot_hhi,regiontot_entropy,regiontot_neff_shannon,regiontot_neff_simpson,regiontot_n_above_thr,regiontot_n_above_10pct,regiontot_n_above_20pct,top_region,second_region,top_region_laterality,other_fraction,neuropil_fraction,total_voxels,neuropil_voxels,source,cable_length_um,n_nodes,n_branch_points,n_tips,branch_per_100um,span_um,radius_gyration_um,hull_volume_um3,hull_area_um2,occupied_volume_um3,n_voxels,fill_ratio,cable_per_occupied_um2,cable_per_hull_um2,cable_per_rg,cable_per_span,local_density_r5,local_density_r10,revisit_r4um,revisit_r8um,revisit_r16um,overdraw_2d_mean,overdraw_2d_max,elongation,flatness,arbor_separation,arbor_balance,arbor_centroid_dist_um,bridge_fraction
Gad1-F-601324,projection,True,2,0.4759741642416069,0.4384271417417844,0.9144013059833912,0.9932571509688408,0.9211154190277364,0.0375470224998225,0.4250264613455438,0.950831453532792,2.587860450764526,2.352794686792469,3.0,2.0,2.0,0.4759741642416069,0.4384271417417844,0.9144013059833912,0.9932571509688408,0.9211154190277364,0.0375470224998225,0.4250264613455438,0.950831453532792,2.587860450764527,2.3527946867924685,3.0,2.0,2.0,0.3558692421991085,0.3277966461473148,0.6836658883464233,0.7426236467841223,0.9211154190277364,0.0280725960517936,0.2375910716240113,0.928324586299401,2.530266381429276,4.208912368485391,3.0,2.0,2.0,0.3558692421991085,0.3277966461473148,0.6836658883464233,0.7426236467841223,0.9211154190277364,0.0280725960517936,0.2375910716240113,0.9283245862994008,2.5302663814292754,4.208912368485391,3.0,2.0,2.0,mb_4,cal_18,1.0,0.2523349607302059,0.7476650392697941,18844.0,14089.0,FC,727.2073433611608,913,17,19,2.337710166872876,187.02881520110188,74.52595055569073,371597.11630813614,34844.4572151965,3480.0,435,0.0093649811779333,0.2089676274026324,0.001956977897423,9.757773472714629,3.8882101807640415,19.0,49.0,0.8152548692389695,0.8339533754141752,0.946884561668178,1.3535169165758376,1.4258967516885506,0.3612201996090696,0.1372090813978768,3.8089876069760544,0.915038297196022,132.0681507397551,0.3128785153356169
Gad1-F-600115,projection,True,1,0.5087178584008454,0.3632441000352236,0.871961958436069,0.980098626276858,0.7140384282499567,0.1454737583656217,0.4027406099886091,1.0396030844494983,2.8280942769535256,2.4829877474444,3.0,3.0,2.0,0.5087178584008454,0.4713807678760127,0.980098626276858,0.998502994011976,0.926605504587156,0.0373370905248326,0.4813346495579795,0.781608744993906,2.1849845224900983,2.0775566457106764,2.0,2.0,2.0,0.3846717272606206,0.2746703955253695,0.6593421227859901,0.7411106671993608,0.7140384282499567,0.110001331735251,0.2302777573379738,0.9974544849698354,2.711371200493691,4.34258180885582,3.0,2.0,2.0,0.3846717272606206,0.3564389399387401,0.7411106671993608,0.7550273005726462,0.9266055045871558,0.0282327873218804,0.2752160097100862,0.8023696721546996,2.2308209843898,3.633509551473421,2.0,2.0,2.0,dfp_5,mb_4,1.0,0.2438407244639765,0.7561592755360235,15018.0,11356.0,FC,963.4563382558148,214,27,29,2.8024103353639487,161.74426067523652,44.81181672263409,248379.70788579356,25192.736821555864,4448.0,556,0.0179080651872141,0.2166043925934835,0.003878965582401,21.50005085085472,5.956664763458421,13.0,38.0,0.8055655002138921,0.8192655937549447,0.9871478875571874,1.3915274522076706,1.5054005285247107,0.4712032067083421,0.3072997175674381,2.3621321914763573,0.7015129550271119,69.02064083329743,0.3506980461999072
fru-M-400031,projection,True,2,0.5644613643378948,0.3573412902561992,0.921802654594094,0.9936207428747814,0.6330659861465548,0.2071200740816956,0.4514876624569267,0.9163341157923928,2.5001084621483334,2.214899947781858,3.0,2.0,2.0,0.5674966560345714,0.4291593785368865,0.996656034571458,1.0,0.7562324358625692,0.1383372774976849,0.5062414089013747,0.7035985176062984,2.0210122860698547,1.975342163672784,2.0,2.0,2.0,0.4479830148619957,0.2836028090805161,0.7315858239425119,0.7885840274375308,0.6330659861465548,0.1643802057814796,0.2843809764971335,0.9106707256541222,2.4859893911807247,3.516409614727094,3.0,2.0,2.0,0.4503919647231749,0.3406010125755349,0.7909929772987098,0.7936469051118733,0.7562324358625692,0.10979095214764,0.3188690149875187,0.7418337765466056,2.0997825180784777,3.13608394982856,2.0,2.0,2.0,dfp_5,mb_4,0.9893028737195178,0.2063530948881267,0.7936469051118733,24492.0,19438.0,FC,1082.171633159372,197,32,36,2.957017077464582,137.64034500509942,39.93179880251724,220797.362934323,23160.29462075379,5008.0,626,0.0226814303098794,0.2160885848960407,0.00490119817908,27.10049798936565,7.862314157373543,12.0,41.0,0.7933809627268124,0.8350089762032191,1.1661332253872545,1.4357371124826006,1.5199039791564215,0.6978075023258886,0.2742298321993919,1.835226624604708,0.6548113003356416,54.541208792381376,0.3782018614772307
Gad1-F-900001,projection,True,2,0.596439533456108,0.3213014119091467,0.9177409453652547,0.9921424186617556,0.538699053108275,0.2751381215469612,0.4645655610536617,0.9063800921423244,2.4753457720520804,2.1525487118157054,3.0,2.0,2.0,0.6038674033149172,0.3957028852056476,0.9995702885205648,1.0,0.6552810816305783,0.2081645181092695,0.5212367987983304,0.6747752326234631,1.963591575038529,1.9185138161876127,2.0,2.0,2.0,0.5196277676756872,0.2799229864156594,0.7995507540913467,0.8643705209113275,0.538699053108275,0.2397047812600277,0.3526134464106429,0.9097633378511706,2.4837346578423687,2.8359667227081022,3.0,2.0,2.0,0.5260990480265268,0.3447427532356402,0.870841801262167,0.8712161728527115,0.6552810816305785,0.1813562947908866,0.3956279143969951,0.7079854385270583,2.029897782884494,2.5276275096113268,2.0,2.0,2.0,dfp_5,mb_4,0.9753990037613094,0.1287838271472884,0.8712161728527115,18698.0,16290.0,FC,1170.540189758804,262,44,46,3.75894825183802,145.80186559462217,37.20505473809786,233054.84606513145,22765.95193939827,5536.0,692,0.0237540651630683,0.2114415082656799,0.0050225953655204,31.461859094113212,8.028293636607478,12.0,44.0,0.8151394079100306,0.865784164022784,1.1255194132296191,1.4167991017054853,1.465006495317652,0.6008895967356418,0.4093993596643137,2.980100593574714,0.1419036788164223,79.06553225422537,0.373876494994505
Gad1-F-700131,projection,True,2,0.6997898235495381,0.16462192678039,0.8644117503299282,0.965198690063053,0.2352448138576517,0.535167896769148,0.5281187169437699,0.8991747608360738,2.4575741876306303,1.893513651224129,3.0,3.0,1.0,0.6997898235495381,0.16462192678039,0.8644117503299282,0.965198690063053,0.2352448138576517,0.535167896769148,0.5281187169437699,0.8991747608360738,2.4575741876306303,1.893513651224129,3.0,3.0,1.0,0.5424338864893536,0.1276047586572705,0.6700386451466243,0.7481624611654164,0.2352448138576517,0.414829127832083,0.3173145156325038,0.8944232265466285,2.445924638143893,3.151447383384581,3.0,2.0,1.0,0.5424338864893536,0.1276047586572705,0.6700386451466243,0.7481624611654164,0.2352448138576517,0.414829127832083,0.3173145156325037,0.8944232265466285,2.445924638143893,3.1514473833845824,3.0,2.0,1.0,dfp_5,mb_4,1.0,0.224861710994923,0.7751382890050769,26394.0,20459.0,FC,1479.2291642355367,349,60,62,4.0561666475125175,166.9198850029684,37.39536331084931,194270.97238123763,21915.09898399617,6904.0,863,0.0355379906497383,0.2142568314362017,0.0076142572722223,39.5564859723231,8.861910995261175,15.0,53.0,0.80392889360627,0.93859718542864,1.4445597306987663,1.4813609818268307,1.6201852839381563,0.4567075924230768,0.2724666932610918,2.3578410908561502,0.4370486107465415,59.76493862346001,0.3406918872143787
fru-F-400141,projection,True,2,0.4679693571666481,0.4024647496391695,0.8704341068058177,0.9540912623515044,0.8600237247924081,0.0655046075274786,0.3896102902780339,1.0905670714832538,2.975961176882161,2.566667321046319,3.0,2.0,2.0,0.5516265127123349,0.4071833018763184,0.9588098145886532,0.9990007771733096,0.7381503471872798,0.1444432108360164,0.4717063627738114,0.8300861549826165,2.2935163296119154,2.119962923797811,2.0,2.0,2.0,0.3607960624866252,0.3102931735501819,0.6710892360368071,0.7355874170768243,0.8600237247924081,0.0505028889364433,0.2315896598830357,1.0413325681632142,2.832989651961826,4.317982074437389,3.0,2.0,2.0,0.4252942435266424,0.3139310935159426,0.7392253370425851,0.7702118553391826,0.7381503471872799,0.1113631500106997,0.2803886828592061,0.8405064081014773,2.31754030084946,3.566477754389746,2.0,2.0,2.0,mb_4,dfp_5,0.6966891415920298,0.2290177616092445,0.7709822383907554,23365.0,18014.0,FC,1480.72485635058,313,68,72,4.592345411665066,170.38466051645773,42.75607731005847,334583.8290537367,28972.847726690416,6808.0,851,0.0203476659922694,0.2174977756096621,0.0044255720921669,34.6319154961916,8.690482182271065,16.0,48.0,0.8300027221696076,0.9348010456758712,1.2177013621304111,1.4997280731876763,1.6025160783014936,0.6121253474522379,0.3545563051334627,3.316331194174212,0.1083720983524568,101.01837699907544,0.3834342568547653
fru-F-700104,projection,True,2,0.4349553571428571,0.4034821428571428,0.8384375,0.9191964285714284,0.9276403571795134,0.0314732142857143,0.3648643694196428,1.1405042273838026,3.128345364968516,2.7407444623617554,4.0,2.0,2.0,0.4832142857142857,0.4360267857142857,0.9192410714285716,1.0,0.9023466371027348,0.0471874999999999,0.4301374083227041,0.9165767210592584,2.500715075209773,2.3248384833568467,3.0,2.0,2.0,0.3678824950913759,0.3412626491466546,0.7091451442380305,0.7774505361727836,0.9276403571795137,0.0266198459447213,0.2610119149659536,1.1062846481314432,3.023105602290508,3.8312427236528257,4.0,2.0,2.0,0.4086995922066153,0.3687887026128983,0.7774882948195136,0.8457936867542667,0.9023466371027348,0.0399108895937169,0.3077060904121187,0.9168881769915176,2.50149405905811,3.24985442654279,3.0,2.0,2.0,mb_4,dfp_5,0.6699926090169993,0.1542063132457332,0.8457936867542667,26484.0,22400.0,FC,1605.43872553218,345,79,84,4.920773290417086,152.36494229597875,39.83657972343504,340930.9274542371,28795.28203533079,7432.0,929,0.0217991370143372,0.2160170513364074,0.0047089852995154,40.30061658601011,10.536798697521322,16.0,48.0,0.8431926079475736,0.9205497279427638,1.238764448713102,1.5034065368105385,1.573959534835471,0.6239113523208636,0.4776605423749713,3.2778688333668518,0.1036458850122521,94.37820693365988,0.3898734460089584
Gad1-F-500365,projection,True,2,0.7342202299182995,0.2229773696768129,0.9571975995951124,0.9998192466199116,0.3036927621861152,0.5112428602414866,0.5906148908761617,0.6974992305669735,2.0087230678596755,1.693150673049449,2.0,2.0,2.0,0.7342202299182995,0.2229773696768129,0.9571975995951124,0.9998192466199116,0.3036927621861152,0.5112428602414866,0.5906148908761617,0.6974992305669736,2.0087230678596755,1.693150673049449,2.0,2.0,2.0,0.5743778280542986,0.1744343891402714,0.7488122171945701,0.7821549773755656,0.3036927621861152,0.3999434389140271,0.3614490051263282,0.7377217880220572,2.091165964186498,2.766642004313983,2.0,2.0,1.0,0.5743778280542986,0.1744343891402714,0.7488122171945701,0.7821549773755656,0.3036927621861152,0.3999434389140271,0.3614490051263282,0.7377217880220572,2.091165964186498,2.7666420043139834,2.0,2.0,1.0,dfp_5,mb_4,1.0,0.2177036199095022,0.7822963800904977,35360.0,27662.0,FC,1690.4307820456054,393,77,82,4.555051932195745,146.07085020241277,32.55292533014443,227147.5640721747,21745.057186692466,7680.0,960,0.0338106201198782,0.2201081747455215,0.0074419938816006,51.92869042955855,11.572677092678983,17.0,63.0,0.8418479990266959,1.0110231950033526,1.488055265885216,1.564253212825826,1.6654490463503502,0.4829409532531027,0.4026154212698279,1.9869630932437992,0.6364715556091437,46.4589439547476,0.3791599487496106
G0239-F-000011,projection,True,2,0.4179147259046936,0.3788247939806521,0.7967395198853457,0.8907918308849875,0.9064643347050756,0.0390899319240415,0.3345965232722623,1.2701017069554426,3.561214744246314,2.988674210419983,4.0,2.0,2.0,0.4179147259046936,0.3788247939806521,0.7967395198853457,0.8907918308849875,0.9064643347050756,0.0390899319240415,0.3345965232722623,1.2701017069554426,3.561214744246314,2.988674210419983,4.0,2.0,2.0,0.3594896135116809,0.3258645133452506,0.6853541268569315,0.7662577821611293,0.9064643347050754,0.0336251001664303,0.2475818303202906,1.2220786768944136,3.394235925419097,4.039068613017054,4.0,2.0,2.0,0.3594896135116809,0.3258645133452506,0.6853541268569315,0.7662577821611293,0.9064643347050754,0.0336251001664303,0.2475818303202906,1.2220786768944134,3.394235925419097,4.039068613017054,4.0,2.0,2.0,dfp_5,mb_4,1.0,0.1398015163656537,0.8601984836343463,32446.0,27910.0,FC,1697.3379090721028,374,73,77,4.300852506140482,261.3973353292521,66.58655493422236,662868.4115050888,55414.28740164691,7720.0,965,0.01164635373478,0.2198624234549356,0.0025605955565421,25.490700198393217,6.493325216701853,19.0,76.0,0.8952204161772694,1.1225779821905442,1.4532002646165263,1.599480343288504,1.75344825317366,0.4480546596457107,0.2523974198263515,4.486935179328079,0.1381282048109454,168.42208592355465,0.3108253375570388
Gad1-F-500524,projection,True,2,0.4130099334554923,0.2474201948114572,0.6604301282669496,0.8757835856881088,0.5990659661412726,0.1655897386440351,0.2923992886985613,1.3236965255441686,3.7572846371657,3.4199809597721518,4.0,4.0,3.0,0.5322113993634873,0.2480470633619442,0.7802584627254315,0.9956119201465908,0.4660686780828124,0.284164336001543,0.3911722675812429,1.0362425060629,2.8186061961003146,2.55641844495612,3.0,3.0,3.0,0.2622233107797814,0.1570890610170529,0.4193123717968343,0.5560420047148149,0.5990659661412727,0.1051342497627284,0.1178685416819838,1.1288484547510655,3.092093763309685,8.484027932559462,4.0,3.0,1.0,0.3379052750818969,0.1574870648746288,0.4953923399565257,0.6321219728745063,0.4660686780828124,0.1804182102072681,0.1576847362777552,0.9463415981854544,2.5762673767693323,6.341767907316917,3.0,3.0,1.0,mb_4,dfp_5,0.5520521880945909,0.3650920001224627,0.6349079998775373,32663.0,20738.0,FC,1707.4191831389055,405,79,80,4.626866136924094,207.2917458268672,46.82389200306054,410138.8791022501,34377.75941021469,7872.0,984,0.0191934985954781,0.2168977620857349,0.0041630268919548,36.46470017971389,8.23679291391064,16.0,46.0,0.8224562539204747,0.9005375438496337,1.100141226249295,1.490773465761613,1.646498730124306,0.541718930405651,0.425756553831364,3.1212406098863137,0.1378381908235953,102.39477283196506,0.3952887761357187
G0239-F-000007,projection,True,2,0.4399062133645955,0.3663305978898007,0.8062368112543963,0.9011019929660024,0.8327470418931884,0.0735756154747948,0.3427962501838213,1.245515125775806,3.4747242584283398,2.9171847692725903,4.0,2.0,2.0,0.4399062133645955,0.3663305978898007,0.8062368112543963,0.9011019929660024,0.8327470418931884,0.0735756154747948,0.3427962501838213,1.245515125775806,3.4747242584283398,2.9171847692725903,4.0,2.0,2.0,0.3018048450921726,0.2513270919795387,0.5531319370717113,0.6182157449409645,0.8327470418931884,0.0504777531126339,0.1613497457543699,1.113002730447855,3.043483447958124,6.197716614455317,4.0,2.0,2.0,0.3018048450921726,0.2513270919795387,0.5531319370717113,0.6182157449409645,0.8327470418931884,0.0504777531126339,0.1613497457543699,1.113002730447855,3.043483447958124,6.197716614455317,4.0,2.0,2.0,mb_4,dfp_5,1.0,0.3139336614869865,0.6860663385130136,31083.0,21325.0,FC,1734.282748298454,366,73,76,4.209232898823565,287.8294110184057,72.20589498810487,748908.0542901885,60821.77620695584,7688.0,961,0.0102656126555971,0.2255830838057302,0.0023157485600047,24.01857561053925,6.025384070940382,20.0,75.0,0.9466608888091996,1.23173490646197,1.4848311201185391,1.676833481932235,1.7154132030647418,0.4503210206477558,0.2526085466480807,4.05314050785963,0.1632577467650967,169.47669136500608,0.3008988063486382
fru-M-500374,projection,True,2,0.6078875793291024,0.3130099728014506,0.920897552130553,1.0,0.5149142431021626,0.2948776065276518,0.4737597494346992,0.8668365846050081,2.3793719935435305,2.110774503729417,3.0,2.0,2.0,0.6078875793291024,0.3921124206708976,1.0,1.0,0.645041014168531,0.2157751586582048,0.5232794595469867,0.6696836259345691,1.9536191484219776,1.9110247531323312,2.0,2.0,2.0,0.4963908939478068,0.2555987414399407,0.7519896353877475,0.8165833796039237,0.5149142431021626,0.240792152507866,0.3159069880118492,0.8733055786766433,2.3948140302345395,3.1654886974595557,3.0,2.0,2.0,0.4963908939478068,0.3201924856561169,0.8165833796039237,0.8165833796039237,0.6450410141685309,0.1761984082916898,0.3489271474649454,0.7123137493866234,2.0387028532965226,2.8659277653380757,2.0,2.0,2.0,dfp_5,mb_4,1.0,0.1834166203960762,0.8165833796039238,21612.0,17648.0,FC,1754.4503233426417,407,75,76,4.274843180347638,156.71112445630743,45.53270735342856,368148.0145961012,31735.646179535557,8160.0,1020,0.0221649979803705,0.2150061670763041,0.0047656112590134,38.53164956180744,11.195442119565667,14.0,49.0,0.7860440516768108,0.870263057213612,1.1790660775152162,1.4473278519830048,1.6066394902405143,0.6526120515117196,0.2801263809531728,2.2973069780733506,0.5123832409349686,70.80929487201834,0.3847094120080165
Cha-F-400112,projection,True,2,0.5164307052864008,0.3310819586959345,0.8475126639823354,0.9993072693423388,0.6410965794768613,0.1853487465904662,0.3993579138558857,0.9987069927942858,2.7147693417923384,2.5040194905486834,3.0,3.0,2.0,0.5170368446118544,0.482876564055938,0.9999134086677924,1.0,0.9339306648802544,0.0341602805559164,0.50049688229871,0.6934001233729143,2.0005059496113997,1.9980144439804384,2.0,2.0,2.0,0.4345988486482547,0.2786198353129782,0.713218683961233,0.8409604313925527,0.6410965794768612,0.1559790133352765,0.2828233914175215,0.9856364025242276,2.6795165930466034,3.5357754356454123,3.0,3.0,2.0,0.4351089411936165,0.4063615827442979,0.8414705239379144,0.8415433943015376,0.9339306648802548,0.0287473584493186,0.3544495319471707,0.7287074233277904,2.07240013961613,2.8212761193575107,2.0,2.0,2.0,dfp_5,mb_4,0.9976553341148886,0.1584566056984624,0.8415433943015376,27446.0,23097.0,FC,1777.5629716368228,416,44,46,2.475299086562528,138.96391565274453,42.986638718372106,301912.80203364923,25882.19811061106,8016.0,1002,0.0265507124772621,0.2217518677191645,0.0058876700811074,41.35152281346223,12.791543497369174,16.0,49.0,0.8713543978611876,1.0008800515973102,1.4243293041961722,1.5595953154474962,1.8175490507533976,0.6554041320672392,0.3663683943418623,2.696642767276193,0.1962892511282007,82.02079714326297,0.4606492042066686
fru-M-700270,projection,True,2,0.5747457762831292,0.3306509728561134,0.9053967491392424,0.976379213708063,0.5752995263304541,0.2440948034270157,0.4449384943897559,0.9834411624643606,2.673640862559576,2.247501649349366,3.0,2.0,2.0,0.6457282408519497,0.3306509728561134,0.9763792137080632,0.9896709104011532,0.5120590241180483,0.3150772679958363,0.5265322377919488,0.7597860484136172,2.1378187818439263,1.8992189427822552,2.0,2.0,2.0,0.3753398870529178,0.2159328592344697,0.5912727462873876,0.637628111273792,0.5752995263304541,0.159407027818448,0.1897570158926249,0.9205034274932572,2.5105539537368498,5.269897375314205,2.0,2.0,2.0,0.4216952520393223,0.2159328592344697,0.6376281112737922,0.6463083037021544,0.5120590241180483,0.2057623928048525,0.2245550508092126,0.7744446155616668,2.169386948793676,4.453250979643402,2.0,2.0,2.0,mb_4,dfp_5,0.7801475602951206,0.3469462455553231,0.6530537544446768,38248.0,24978.0,FC,1779.8130873193854,405,81,83,4.551039689341527,195.33954363835343,46.43413249755773,413107.0684293775,34608.98698885984,8080.0,1010,0.0195590940400026,0.2202738969454685,0.0043083578649142,38.32984469803538,9.111381413967491,16.0,49.0,0.8134429101094083,0.8793542921538465,1.235981310638462,1.5028366500634291,1.7163096309733707,0.4561836512210488,0.3305092813175043,1.9305963909668784,0.9124937773433928,64.53080234099478,0.3534487752860013
fru-F-500297,projection,True,2,0.49305891290835,0.4174321431038055,0.9104910560121556,0.96111609917812,0.8466171732735677,0.0756267698045445,0.4208850911304315,1.012796020076165,2.7532885127668347,2.37594540902876,3.0,2.0,2.0,0.5228261620277643,0.4263415981766696,0.949167760204434,0.9997928033703984,0.8154557463672392,0.0964845638510946,0.457677291962518,0.8553059314869365,2.3520938500840725,2.18494563213308,3.0,2.0,2.0,0.3838791202882185,0.3249986556971554,0.7088777759853739,0.748292735387428,0.8466171732735678,0.058880464591063,0.2551261035293645,0.9834049084095412,2.673543933994215,3.9196302776007466,2.0,2.0,2.0,0.4070549013281712,0.3319352583750067,0.7389901597031779,0.778405119105232,0.815455746367239,0.0751196429531645,0.2774282734953972,0.86078841151846,2.3650245714714866,3.604535281861208,2.0,2.0,2.0,mb_4,dfp_5,0.8861294583883752,0.2214335645534225,0.7785664354465774,18597.0,14479.0,FC,1782.463733637547,459,84,88,4.712578349550919,180.3114772578148,42.36504269443188,314179.5211042555,27968.924153009,8216.0,1027,0.0261506541582436,0.2169503083784745,0.0056733924839297,42.07392747114639,9.885470191611413,17.0,50.0,0.8267457020582314,0.9245143846667776,1.3422166668957431,1.5040282315819926,1.6565648082133335,0.4642075635644831,0.3498939413300502,2.0891770620062764,0.4439525823248079,63.72016999973733,0.3153798707298516
fru-M-500174,projection,True,2,0.5859720634289407,0.308445593279316,0.8944176567082567,0.9999502907988268,0.5263827621309806,0.2775264701496247,0.4496390824616985,0.9137964522810692,2.493772071343848,2.2240059616819066,3.0,3.0,2.0,0.5859720634289407,0.4139782273698861,0.9999502907988268,1.0,0.7064811672887682,0.1719938360590545,0.5147412343264883,0.6787895301509832,1.9714898582662224,1.942723709143774,2.0,2.0,2.0,0.4960861880313105,0.2611312179109502,0.7572174059422607,0.846561737227506,0.5263827621309806,0.2349549701203602,0.3222734302269636,0.9146021000544726,2.495781982792129,3.1029551499040493,3.0,2.0,2.0,0.4960861880313105,0.3504755491961956,0.846561737227506,0.8466038212271694,0.7064811672887683,0.1456106388351148,0.3689346183108747,0.7156443417643059,2.045504261552072,2.710507364633838,2.0,2.0,2.0,dfp_5,mb_4,1.0,0.1533961787728305,0.8466038212271695,23762.0,20117.0,FC,1784.6917361813266,427,87,91,4.8747914407981945,171.27631274119875,43.33756487507367,374075.4402384159,32236.019081272734,8224.0,1028,0.0219848702036104,0.2170101819286632,0.0047709406825635,41.181172530711855,10.41995654634406,17.0,51.0,0.8370974372332677,0.9574526481659478,1.2821061323141714,1.5193116695457822,1.5963253454215802,0.5751323565053479,0.3088769643067255,2.1196113392183302,0.5381922397974105,64.60048532713742,0.3571313652312146
fru-F-400338,projection,True,2,0.483640568668798,0.3671178831372015,0.8507584518059996,0.9286102986191416,0.7590717299578059,0.1165226855315965,0.3784803267153235,1.14404588288952,3.139444529661314,2.642145256739214,4.0,2.0,2.0,0.489490510849602,0.42776001632542,0.917250527175022,0.995102373988164,0.8738882712618121,0.061730494524182,0.4286644885712967,0.937740201129438,2.5542029068074656,2.33282678332632,3.0,2.0,2.0,0.3937422123771286,0.2988785823065208,0.6926207946836495,0.7560016613595459,0.7590717299578058,0.0948636300706078,0.2508544549098613,1.0988129240586082,3.0006019665573738,3.986375288249621,3.0,2.0,2.0,0.3985047764086944,0.348248650145369,0.7467534265540634,0.8101342932299599,0.8738882712618121,0.0502561262633254,0.2841162116747175,0.9308550213835444,2.5366771638667305,3.519686518785813,3.0,2.0,2.0,dfp_5,mb_4,0.9760978321289604,0.185878443859892,0.814121556140108,36115.0,29402.0,FC,1820.2310852958176,446,76,79,4.175294038979053,190.84204023784983,42.49520605723286,372992.0298148964,32699.645915973477,8440.0,1055,0.0226278293511753,0.2156671902009262,0.004880080376514,42.83379830760949,9.53789365816479,15.0,51.0,0.8442630265750546,0.9249141693576308,1.3543386051308166,1.524857578266546,1.6065587690166083,0.6821381936563115,0.3800515244336423,2.7972470743219,0.1130387054938346,90.79701883197052,0.3803127536869602
VT38815-F-700001,projection,True,2,0.8120425868782009,0.1583437000177714,0.9703862868959724,0.9814207473706318,0.1949943298251198,0.6536988868604294,0.6846923427942517,0.6145594972415981,1.84884200015394,1.4605099801744057,2.0,2.0,1.0,0.8230770473528604,0.1598138843562692,0.9828909317091296,0.9901287622986574,0.1941663722372708,0.663263162996591,0.7030834552231355,0.5454251662945874,1.7253417836296836,1.4223062604746302,2.0,2.0,1.0,0.6518181346612719,0.1271008403361344,0.7789189749974064,0.787776221599751,0.1949943298251198,0.5247172943251375,0.4411545238539752,0.6697214097396237,1.9536929649815589,2.2667794297197457,2.0,2.0,1.0,0.6606753812636166,0.1282809420064322,0.7889563232700487,0.7947660545699761,0.1941663722372708,0.5323944392571844,0.4530041122597671,0.6142280016756763,1.848229218801561,2.2074854795723526,2.0,2.0,1.0,mb_4,dfp_5,0.9731872963530012,0.1973104056437389,0.802689594356261,77112.0,61897.0,FC,1986.640087269045,2744,75,78,3.775218293470535,278.0888615721519,63.14393257231129,691508.6666101058,52029.84731494758,9568.0,1196,0.0138364137168431,0.2076337883851426,0.0028729069976923,31.462089963972083,7.14390384439615,20.0,68.0,0.8102121073691049,0.9096337395920536,1.2173039750423071,1.4561269858204229,1.60342218504362,0.417039472034753,0.2969701476089436,3.742431992215696,0.1189782462383593,154.7845195527702,0.4054581562448318
G0239-F-000013,projection,True,2,0.4581156896885278,0.4104855871541884,0.8686012768427163,0.9505900561036952,0.8960304054054054,0.0476301025343393,0.3862771067648441,1.114883238569092,3.049212128025356,2.588815082455236,3.0,2.0,2.0,0.4581156896885278,0.4104855871541884,0.8686012768427163,0.9505900561036952,0.8960304054054054,0.0476301025343393,0.3862771067648441,1.114883238569092,3.049212128025356,2.5888150824552363,3.0,2.0,2.0,0.3373027177938579,0.3022334909691755,0.6395362087630334,0.6999031394222551,0.8960304054054055,0.0350692268246823,0.2094056132777115,1.046275715350213,2.847028205523344,4.77542117590616,3.0,2.0,2.0,0.3373027177938579,0.3022334909691755,0.6395362087630334,0.6999031394222551,0.8960304054054055,0.0350692268246823,0.2094056132777115,1.0462757153502125,2.8470282055233427,4.77542117590616,3.0,2.0,2.0,mb_4,dfp_5,1.0,0.263717167112985,0.736282832887015,35102.0,25845.0,FC,2014.9301872167764,436,101,105,5.012580616478396,292.1420242725267,70.10434679046604,835853.0387987889,62494.20507602466,9320.0,1165,0.0111502854776885,0.2161942260962206,0.0024106273396008,28.74187235834569,6.897091208408739,24.0,122.5,0.9522354381931836,1.234638595108319,1.5357699597688843,1.7251963869774691,1.865676099274793,0.4172911252081595,0.2862177128371873,4.685651577716686,0.1253992202434261,184.38452579142952,0.2798873058885123
TH-F-700016,projection,True,2,0.5625131595569967,0.3411378279361604,0.9036509874931572,0.9910515012422624,0.6064530618356042,0.2213753316208362,0.4405105937640173,0.9469634242693014,2.57786986520609,2.2700929652005204,3.0,2.0,2.0,0.5625131595569967,0.4285383416852655,0.9910515012422622,0.9997473365056638,0.7618281179817338,0.1339748178717311,0.5001418463589222,0.7301233399118202,2.0753365637177663,1.999432775481776,2.0,2.0,2.0,0.4912654922584679,0.2979294619543231,0.789194954212791,0.8655253576551064,0.6064530618356041,0.1933360303041447,0.3359877952118354,0.945297804304689,2.573579687587027,2.9762985865885825,3.0,2.0,2.0,0.4912654922584679,0.3742598653966386,0.8655253576551065,0.8731197822809018,0.7618281179817338,0.1170056268618293,0.3814699547074481,0.7559225888570371,2.129575339797137,2.621438432200792,2.0,2.0,2.0,dfp_5,mb_4,1.0,0.1266595564708911,0.8733404435291089,54382.0,47494.0,FC,2052.1055516333927,450,107,111,5.21415674329385,161.41104736006812,43.02994280290841,281210.5568101613,27142.798194314804,9208.0,1151,0.032744147675139,0.2228611589523667,0.0072973986997889,47.69017614159343,12.713538417575922,19.0,63.0,0.8695362506921155,1.01388614211136,1.3500694418640742,1.5731453300650753,1.6710957260858246,0.5204633960124803,0.2556287679427001,2.549805516316379,0.6158141259531794,68.93157867905109,0.343755525007018
TH-F-700004,projection,True,2,0.5534376608276309,0.3262108533633227,0.8796485141909536,0.9647942359377084,0.5894265541587739,0.2272268074643081,0.4205705112653918,1.0462119330808926,2.8468466213945622,2.377722577342024,3.0,2.0,2.0,0.5534376608276309,0.4113565751100775,0.9647942359377084,0.9837981053313763,0.7432753573273635,0.1420810857175533,0.4761311247514375,0.8349319067572931,2.304657111367861,2.100261772472964,2.0,2.0,2.0,0.4216036475576465,0.2485043852006737,0.6701080327583202,0.734971249346576,0.5894265541587739,0.1730992623569727,0.2440675937099913,1.0042651407793597,2.7299004430355542,4.097225628357,3.0,2.0,2.0,0.4216036475576465,0.3133676017889295,0.7349712493465761,0.7494482197827729,0.7432753573273635,0.1082360457687169,0.2763108082848547,0.843313987543967,2.324056121917827,3.619112861372685,2.0,2.0,2.0,dfp_5,mb_4,1.0,0.2382093279897775,0.7617906720102224,68868.0,52463.0,FC,2094.161255493329,433,106,110,5.061692346849824,151.2778876045989,45.89259190865326,407196.5924144975,32310.987502257623,9536.0,1192,0.0234186635586896,0.2196058363562635,0.0051428751971519,45.63179302798247,13.84314184084142,18.0,58.0,0.8653558906997225,0.9915536247600988,1.52191951707364,1.5383991757323052,1.5535320886449024,0.5420637606148417,0.2742789407562193,2.3743846263936264,0.5054886281151826,72.52596937383764,0.3880918915954033
G0239-F-000001,projection,True,2,0.4197123582178071,0.4059974794276818,0.825709837645489,0.9038105122692566,0.9673231475757308,0.0137148787901252,0.3527191737480556,1.2208324875042016,3.390008699130308,2.8351166435717827,4.0,2.0,2.0,0.4197123582178071,0.4059974794276818,0.825709837645489,0.9038105122692566,0.9673231475757308,0.0137148787901252,0.3527191737480556,1.2208324875042016,3.390008699130308,2.8351166435717827,4.0,2.0,2.0,0.3444049031237643,0.3331508349301944,0.6775557380539587,0.7416430939562613,0.9673231475757308,0.0112540681935699,0.2375003236778881,1.1640527322232803,3.2028874536701792,4.210520577463544,4.0,2.0,2.0,0.3444049031237643,0.3331508349301944,0.6775557380539587,0.7416430939562613,0.9673231475757308,0.0112540681935699,0.2375003236778881,1.1640527322232803,3.2028874536701792,4.210520577463544,4.0,2.0,2.0,mb_4,dfp_5,1.0,0.1794263466861331,0.8205736533138669,32877.0,26978.0,FC,2101.6226103058184,430,102,117,4.853392778504483,273.84697283580533,66.48618732796801,782229.2786692096,62321.16699252087,9088.0,1136,0.0116180770112072,0.2312524879297775,0.0026867092138014,31.609913198041845,7.674441636299996,27.0,164.0,1.026182915188388,1.3682438869178506,1.7750190965420765,1.818464859854001,1.9036436687552705,0.4743081471066447,0.2760884607706325,4.5566339862515095,0.1206314977654884,175.0721125060568,0.2955416732584905
fru-M-400362,projection,True,2,0.4729769398871457,0.3578068430151016,0.8307837829022473,0.9618382856583712,0.7564995517550515,0.115170096872044,0.3701545180894157,1.1239678931597248,3.07703937606653,2.7015744807373574,3.0,3.0,2.0,0.4888613457712254,0.4731726409863335,0.9620339867575588,0.9972275677615056,0.967907659460902,0.0156887047848918,0.4641240380916337,0.8380524860766191,2.3118602097623526,2.154596439589208,2.0,2.0,2.0,0.3442210458850618,0.2604030669167042,0.6046241128017661,0.7000023737745389,0.7564995517550512,0.0838179789683576,0.1960550169545129,1.049256188195263,2.8555263537380835,5.100609081745721,3.0,2.0,2.0,0.3557813278894771,0.3443634723573955,0.7001448002468726,0.725757827521542,0.967907659460902,0.0114178555320815,0.2458266526820334,0.841173949589121,2.3190878716259444,4.0679071577053865,2.0,2.0,2.0,mb_4,dfp_5,0.4638377368561516,0.2722244641203978,0.7277755358796022,42127.0,30659.0,FC,2313.746659390556,586,123,127,5.316053056232111,177.92092155444294,52.51732700452551,477388.3104020088,37002.82931404067,10400.0,1300,0.0217852003775336,0.2224756403260149,0.0048466764036223,44.0568245065324,13.004354064581214,18.0,51.0,0.8556755397154422,0.9804011268604048,1.364237417093488,1.5447309569466376,1.6538575120733063,0.6357732163878412,0.3437054452972903,3.23630084782773,0.1565985617011785,113.91494908132114,0.3768087882851124
Gad1-F-402516,projection,True,2,0.4483727378867484,0.3570855224751897,0.8054582603619381,0.9090776415645068,0.7964032874928797,0.0912872154115587,0.3468161724036752,1.1985216129450451,3.315212131340429,2.8833718827738357,4.0,3.0,2.0,0.4523496789258611,0.4437755399883246,0.8961252189141857,0.9997446001167544,0.981045329891918,0.0085741389375365,0.4122940033061623,0.9564094721801466,2.602335919299541,2.425453661661476,3.0,3.0,2.0,0.3066806418606972,0.2442414713882857,0.550922113248983,0.621796311547004,0.7964032874928798,0.0624391704724114,0.162253349410135,1.0795620384302476,2.9433901769556856,6.163200967101489,4.0,2.0,2.0,0.3094008135559382,0.3035362232038132,0.6129370367597515,0.6838112350577725,0.981045329891918,0.0058645903521249,0.1928862847268688,0.9139607418795166,2.494181805812702,5.184401791013922,3.0,2.0,2.0,dfp_5,mb_4,0.9824165187933538,0.3160140750168451,0.6839859249831549,40071.0,27408.0,FC,2380.853319308235,3436,110,112,4.620192227212085,208.4043488632716,51.00401615329008,371855.6476165327,32178.70498767684,10912.0,1364,0.0293447203772275,0.2181867044820596,0.0064026278330548,46.67972247818087,11.424201713133384,28.0,105.0,0.8937137084490371,1.11463170379599,1.6533703606307186,1.6114035331258023,1.82720899409688,0.3916087839782436,0.3178147553883401,4.217138271513771,0.1479117022895803,124.25992472205404,0.3824519249825762
fru-F-400229,projection,True,2,0.3186697431781701,0.3117475922953451,0.6304173354735152,0.8558888443017656,0.9782779789076028,0.006922150882825,0.2628572799330249,1.4339751698676109,4.195343290679249,3.8043458421802,4.0,4.0,3.0,0.430276886035313,0.3117475922953451,0.7420244783306581,0.9674959871589084,0.7245278619724878,0.1185292937399679,0.333988919035295,1.187679470081447,3.279462280489478,2.994111310304648,3.0,3.0,3.0,0.2361007878697785,0.2309722015757395,0.467072989445518,0.6341236806897577,0.9782779789076028,0.0051285862940389,0.1442889992954868,1.2846166776350263,3.6132826396760542,6.9305352790763886,4.0,3.0,2.0,0.3187899509439572,0.2309722015757395,0.5497621525196967,0.7168128437639364,0.7245278619724878,0.0878177493682176,0.1833349523956992,1.1021374494896063,3.0105941445251942,5.4544972845203,3.0,3.0,2.0,mb_4,dfp_5,0.4812310561902541,0.259105098855359,0.740894901144641,26908.0,19936.0,FC,2391.396612374212,630,119,123,4.976171638959341,195.43269848653253,53.607894342781606,548561.1914063878,40251.72353757717,11024.0,1378,0.0200962083587009,0.2169263980745838,0.0043593980942093,44.60903830848222,12.236420163532694,18.0,53.0,0.8338202972016081,0.9312292104260952,1.3226751174636129,1.536733756214482,1.6458338694936077,0.5960988879184488,0.3840618787018814,3.281448206660172,0.1362980043118958,120.34418758740254,0.4137359523777114
Gad1-F-400259,projection,True,2,0.4637254901960784,0.2533333333333333,0.7170588235294117,0.7803921568627451,0.5463002114164905,0.2103921568627451,0.290358219061045,1.6670800802130403,5.296679316883051,3.444021675135567,3.0,2.0,2.0,0.4656862745098039,0.2658496732026144,0.7315359477124184,0.8192810457516341,0.5708771929824561,0.1998366013071895,0.3047306954590115,1.475756482566919,4.374343636304099,3.281586052542933,4.0,2.0,2.0,0.3766423357664233,0.2057597876575978,0.5824021234240212,0.6338420703384207,0.5463002114164904,0.1708825481088255,0.1915448390589547,1.5229555557393044,4.585758651149265,5.220709703863202,3.0,2.0,2.0,0.378234903782349,0.2159256801592568,0.5941605839416059,0.66542800265428,0.5708771929824562,0.1623092236230922,0.2010261400788798,1.3675606761647507,3.9257627994648137,4.974477446602785,4.0,2.0,2.0,dfp_5,mb_4,0.991578947368421,0.1877903118779031,0.8122096881220969,37675.0,30600.0,FC,2408.498843121015,564,98,104,4.06892452034597,395.864886484454,88.4994247630401,1957509.5165233028,112265.20225673652,10816.0,1352,0.005525388208181,0.2226792569453601,0.0012303893405324,27.214853085992864,6.0841436695992455,15.0,55.0,0.8651217108911692,0.9680461588106972,1.176024825742683,1.511260992210539,1.7154550164679594,0.3847593782346513,0.2961797427052541,3.989637763004112,0.1428173607170687,213.2812023982771,0.2546013329418278
VT5948-F-700001,projection,True,2,0.7482266655959742,0.1039642388714901,0.8521909044674643,0.94120559972162,0.1389475190498336,0.6442624267244841,0.5795704082689116,0.923992699852996,2.519329261070626,1.7254159041467412,3.0,2.0,1.0,0.7757434620841029,0.1039642388714901,0.879707700955593,0.9779571187665624,0.134018839929609,0.6717792232126129,0.622414519696157,0.7697710280135701,2.159271784427537,1.6066463238810178,3.0,2.0,1.0,0.6166760426663137,0.0856856061859536,0.7023616488522674,0.7757260884432532,0.1389475190498336,0.53099043648036,0.3936896462581961,0.920905368338203,2.5115632507395533,2.540071880234725,3.0,1.0,1.0,0.639354931224285,0.0856856061859536,0.7250405374102387,0.8060160825970417,0.134018839929609,0.5536693250383313,0.4227927247304372,0.7937984171209972,2.211781760382181,2.3652251836584384,3.0,1.0,1.0,mb_4,dfp_5,0.9290569683585798,0.1758165392633773,0.8241834607366226,90657.0,74718.0,FC,2750.344864982076,3826,111,120,4.035857517843435,292.80807208456474,62.19859416709175,830897.5728573534,57785.59133457621,12520.0,1565,0.0150680425710539,0.2196761074266834,0.0033100889385486,44.21876252690673,9.392995368610466,24.0,84.0,0.8895035139010595,1.01413896201404,1.3862625327530629,1.526958604157313,1.6699118791633736,0.497354554465,0.2555019202293546,2.1966305019929964,0.8601701605469274,92.12501265792316,0.3259689743707666
fru-M-500377,projection,True,2,0.5001054820529821,0.3914288297519664,0.8915343118049486,0.983092733793436,0.7826925394720984,0.1086766523010156,0.4118122374932899,1.0197892248414868,2.772610304995215,2.4282911214271388,3.0,2.0,2.0,0.505861788372864,0.4829872517404538,0.988849040113318,0.9970163647870768,0.954781054512958,0.0228745366324101,0.4892469701329688,0.7537648337610027,2.1249851917439195,2.0439574714754336,2.0,2.0,2.0,0.3999807168510618,0.3130619230120278,0.7130426398630896,0.7862703979559862,0.7826925394720983,0.0869187938390339,0.2634232638601675,0.9942958355947998,2.702820441080491,3.796171930095089,3.0,2.0,2.0,0.4045845686600622,0.3862896811049244,0.7908742497649867,0.7974064164678092,0.954781054512958,0.0182948875551377,0.3129558132866912,0.7815314679509225,2.1848156798711487,3.1953392700966523,2.0,2.0,2.0,dfp_5,mb_4,0.9772415847482872,0.2002072938510858,0.7997927061489141,41487.0,33181.0,FC,2953.626553605241,665,147,159,4.976932504231774,173.0459214989537,41.06819387658248,431348.7862890359,32935.5324309628,13496.0,1687,0.0312879053540599,0.2188519971551008,0.0068474205735357,71.92004991700964,17.068455170861107,17.0,61.0,0.8546373129644796,1.000551000543781,1.551274450422921,1.5997004596003377,1.6612072854922617,0.647997277832211,0.4257788118771132,2.706097503184365,0.1270474675277659,84.43464828779186,0.3906227927844599
Cha-F-000009,projection,True,2,0.5074351176371812,0.3122935985223053,0.8197287161594866,0.9057409929660244,0.6154355259771299,0.1951415191148758,0.3663613073273504,1.2330962626310662,3.431838977787892,2.7295458881701227,4.0,2.0,2.0,0.8197287161594865,0.1198761124689814,0.939604828628468,0.9974065712633168,0.1462387618072152,0.6998526036905051,0.6896700360174011,0.5994549054632783,1.8211258440392852,1.4499687499469225,3.0,2.0,1.0,0.4235105422155782,0.2606434333053038,0.6841539755208821,0.7559407019838675,0.6154355259771298,0.1628671089102744,0.2551978501384537,1.1800443189803262,3.2545184366320656,3.918528308359436,3.0,2.0,2.0,0.684153975520882,0.1000498302656576,0.7842038057865396,0.8324457317263072,0.1462387618072152,0.5841041452552244,0.4804063829243012,0.651200757671629,1.9178423108441085,2.081571010594945,2.0,2.0,1.0,mb_4,dfp_5,0.2380562194150449,0.1653897661091905,0.8346102338908095,64218.0,53597.0,FC,3058.018268338639,692,170,181,5.559155802308456,246.7337019037174,68.80308396618327,452088.44356478925,41669.06838582385,13952.0,1744,0.0308612179731608,0.2191813552421616,0.0067642035797811,44.4459476531845,12.394003108387544,22.0,97.0,0.9090422914205228,1.2657360382196352,1.9908973101163008,1.828377606241886,2.2501974012793515,0.2897398375135345,0.156827560413066,4.5276732593660265,0.7511683049734555,126.9496190218956,0.2488079855969394
Trh-M-800009,projection,True,2,0.5530452612393681,0.3677285844471445,0.9207738456865128,0.9685031895504252,0.6649158942670786,0.1853166767922235,0.4437729689257823,0.9831955998267436,2.672984396862348,2.2534044883820816,2.0,2.0,2.0,0.9207738456865128,0.0661641859052247,0.9869380315917377,0.9929374240583232,0.0718571516938493,0.854609659781288,0.8522738368570241,0.3245944861661387,1.3834695161879544,1.173331805758292,2.0,1.0,1.0,0.4674937009516778,0.3108439922325111,0.778337693184189,0.8186836995073101,0.6649158942670786,0.1566497087191667,0.3170961880189479,0.9731607156103692,2.646295442174724,3.153617223365188,2.0,2.0,2.0,0.778337693184189,0.055929129688177,0.8342668228723661,0.839338158591581,0.0718571516938493,0.7224085634960119,0.6089888383013315,0.4164397857788563,1.5165526805344636,1.6420662204406342,2.0,1.0,1.0,mb_4,dfp_5,0.2012618816882822,0.1546917879668116,0.8453082120331884,62311.0,52672.0,FC,3393.3320162551418,772,197,208,5.805503235648832,256.53834984017726,68.85797410989352,457696.57032603706,41959.770284142265,15048.0,1881,0.0328776769930363,0.22550053271233,0.0074139336762736,49.28016050602319,13.22738693208707,28.0,129.5,0.9489183490646368,1.4186170636518152,2.232455273852067,1.9662860331256689,2.2896977167713506,0.2491902042638501,0.1426646053068256,5.039101641529571,0.7426487356699248,129.2257440440835,0.2387520518771968
TH-F-000101,projection,True,2,0.4364076078771826,0.1742689333203405,0.6106765411975231,0.7130834580937786,0.3993260662160242,0.262138674556842,0.2443969234003498,1.8272829084618052,6.21697160811135,4.091704535747722,5.0,3.0,1.0,0.4730295970163798,0.2766758502165959,0.7497054472329758,0.8493130055012713,0.584901773507875,0.1963537467997838,0.3166157929080182,1.4347196763281758,4.198467913870195,3.1584021467006083,4.0,2.0,2.0,0.3543183060502315,0.1414885353433643,0.4958068413935959,0.5789507753387612,0.3993260662160242,0.2128297707068672,0.1611010200923344,1.6527507258384315,5.221322518492804,6.207285338273176,4.0,2.0,1.0,0.3840516125320061,0.2246324692885296,0.6086840818205357,0.6895552231076844,0.584901773507875,0.1594191432434765,0.2087060937803606,1.3340295648949312,3.79631008568733,4.791426938651757,3.0,2.0,2.0,dfp_5,mb_4,0.8451598404404742,0.1881023619781927,0.8118976380218073,139036.0,112883.0,FC,4434.238601814164,942,204,218,4.600564343031478,357.4966672845023,88.565308125875,1186524.4277835884,77251.66152168416,19864.0,2483,0.0167413325295844,0.2232298933655942,0.003737165875377,50.06744396476241,12.403580250121092,18.0,70.0,0.8680968288594684,1.0975838123302386,1.630234780078737,1.6869693771738163,2.0472015705513225,0.2372935827564902,0.203121416273402,3.9714668104150177,0.1803969950967037,201.66406211556244,0.2859818584085477
VGlut-F-200594,projection,True,2,0.375570641865819,0.3185129955918324,0.6940836374576516,0.8364399795942393,0.8480774589022011,0.0570576462739866,0.2761590752230699,1.475534709037333,4.373373630241063,3.621101349619748,4.0,4.0,2.0,0.4870436500150427,0.4608693377284202,0.9479129877434628,0.9762456016429252,0.946258795724338,0.0261743122866224,0.4505823868426237,0.9278707002119524,2.529118189315131,2.219349955082184,2.0,2.0,2.0,0.3115857099448713,0.2642488171202847,0.575834527065156,0.6939380127620783,0.8480774589022012,0.0473368928245865,0.1900776746576485,1.3791042172045094,3.971342573310814,5.26100712143661,4.0,3.0,2.0,0.4040673698832313,0.3823523028172071,0.7864196727004384,0.8099253375005426,0.946258795724338,0.0217150670660242,0.3101315872511448,0.924744211445388,2.5212232778140025,3.2244377583835058,2.0,2.0,2.0,mb_4,dfp_5,0.5422463339958102,0.1703672353170985,0.8296327646829014,92148.0,76449.0,FC,4586.974137762856,888,237,256,5.166804801641826,283.2125625344532,51.385346400145664,1082122.8516202446,64298.76384244111,20448.0,2556,0.0188961909171251,0.224323852590124,0.004238866345808,89.26619083275953,16.196224124785584,19.0,79.0,0.9015279358810644,1.1606715935634755,1.8495863458721196,1.8059159164678569,1.957735440786537,0.5503128996329627,0.3693319871600247,3.117374080182873,0.0380471561597677,138.2191653434566,0.3901671612450476
TH-M-300021,projection,True,2,0.4913874496257916,0.1641911341393206,0.6555785837651122,0.7433045480713875,0.3341378259952667,0.327196315486471,0.2908736980924833,1.6342455363823567,5.125589467106216,3.4379182667868777,5.0,2.0,1.0,0.5233506044905009,0.2511917098445596,0.7745423143350605,0.8624985607369028,0.4799683189228433,0.2721588946459413,0.350896134223837,1.3502630026119258,3.858440177108336,2.849846158071662,4.0,2.0,2.0,0.3807488825644365,0.1272226038702079,0.5079714864346445,0.5759454709288321,0.3341378259952667,0.2535262786942286,0.1746359323287153,1.4639435435624513,4.322973793521516,5.7261984212831445,4.0,2.0,1.0,0.405515358605369,0.1946345249672129,0.600149883572582,0.668302300891272,0.4799683189228434,0.210880833638156,0.2106724463318031,1.243901227701005,3.4691209304535464,4.746705216613985,3.0,2.0,1.0,dfp_5,mb_4,0.8778518469627967,0.2251554595983477,0.7748445404016523,112087.0,86850.0,FC,4665.63133991466,1086,243,250,5.208298347988308,340.93511652119673,73.94848392069251,1458710.525345968,84590.39317337263,21416.0,2677,0.0146814598427064,0.2178572721289998,0.0031984627922034,63.0929951845721,13.68480720766289,19.0,78.0,0.8665734286617125,1.0962479652055124,1.8000120910164583,1.6684838905396673,1.83325396460301,0.367562346332767,0.2927201099196853,4.185338860564238,0.1242065761918319,187.60899304013748,0.2994441380023653
TH-F-200030,projection,True,2,0.7513357303672838,0.1456366141335394,0.8969723445008233,0.926728048657549,0.1938369336732412,0.6056991162337444,0.5877965430008649,0.914082581727776,2.494485715059206,1.7012689371984424,2.0,2.0,1.0,0.8969723445008233,0.0297557041567256,0.926728048657549,0.9546019691521892,0.0331734911774622,0.8672166403440976,0.807045927304804,0.4903744814681299,1.632927606599219,1.2390868551181244,1.0,1.0,1.0,0.7051199167441934,0.1366782825336255,0.841798199277819,0.8697235844147653,0.1938369336732412,0.5684416342105678,0.5177080359311053,0.9174356307139568,2.502863886216677,1.9315906468430333,2.0,2.0,1.0,0.841798199277819,0.0279253851369463,0.8697235844147653,0.8958829372900865,0.0331734911774622,0.8138728141408726,0.7108142552150956,0.5197904658382316,1.6816752443670029,1.4068372892963374,1.0,1.0,1.0,dfp_5,spp_20,0.6752706702131644,0.0615115343982087,0.9384884656017912,63419.0,59518.0,FC,4719.175858731229,1162,263,276,5.573006979882049,337.6694096880388,69.48679001348857,1350255.818914321,79655.49566322846,21424.0,2678,0.0158666229761009,0.2202751987831977,0.0034950235300786,67.91471958648768,13.975728103683169,18.0,80.0,0.8713397080375238,1.1151171688873414,1.73499112453354,1.7815371218295322,2.0124417308022298,0.3949280670067703,0.278768362038081,3.8155986178808248,0.2252997392393916,148.56872219118094,0.2579887602906208
VT43401-F-700002,projection,True,2,0.4699275848196325,0.1832618121675383,0.6531893969871709,0.7247552635107952,0.3899788352238948,0.2866657726520942,0.2693796271390957,1.801068868141464,6.056117196884245,3.7122332175611934,4.0,2.0,1.0,0.5024808904385142,0.2230566358231639,0.7255375262616781,0.8156318447990702,0.4439106841028378,0.2794242546153502,0.3212146310630029,1.442096218019977,4.229552595250918,3.113183221731455,4.0,2.0,2.0,0.3581826389894464,0.1396836483505251,0.4978662873399715,0.552414374664611,0.3899788352238948,0.2184989906389212,0.1564991320930848,1.579756024689218,4.853771466365882,6.389811794005386,3.0,2.0,1.0,0.3829950341138491,0.1700155876014684,0.5530106217153176,0.6216812463266923,0.4439106841028378,0.2129794465123806,0.1866132621491947,1.306144142137356,3.691910748812808,5.358675950911323,4.0,2.0,1.0,lh_25,mb_4,0.8704296770749933,0.2377918416367833,0.7622081583632166,117401.0,89484.0,FC,4850.96583102174,6468,166,175,3.421998954072947,550.8658566360743,157.47820616948437,2531587.862137635,145317.79918569894,22768.0,2846,0.0089935650034184,0.2130606918052415,0.0019161751814237,30.804045518533123,8.806074605249126,24.0,87.0,0.855247854552493,1.0866858940460886,1.604155367401369,1.612730102822163,1.938835264197338,0.1950875780109956,0.0736188327682785,4.76404277136719,0.3182169636210794,330.39195213798456,0.3835467844821383
TH-F-300073,projection,True,2,0.6386242403333244,0.1535433419141388,0.7921675822474633,0.8569128561697761,0.2404283023049645,0.4850808984191855,0.4403587266560476,1.2807720948148795,3.5994177447614857,2.2708758552230828,4.0,2.0,1.0,0.7921675822474633,0.0753518572578576,0.867519439505321,0.9286377750059712,0.0951211068800321,0.7168157249896057,0.6384004258171759,0.8344950869072449,2.3036506112396826,1.5664149952907118,3.0,1.0,1.0,0.5571746110150655,0.1339605458137811,0.6911351568288466,0.7476228698444061,0.2404283023049645,0.4232140652012843,0.3351957057459168,1.2364598612096844,3.443401741842435,2.9833317756105573,4.0,2.0,1.0,0.6911351568288466,0.0657415411212645,0.7568766979501111,0.8102000493949123,0.0951211068800321,0.6253936157075821,0.4859426379607625,0.8471006690873794,2.332873265662572,2.057856055184738,3.0,1.0,1.0,dfp_5,idlp_24,0.6123463131916604,0.1275392072116572,0.8724607927883428,129568.0,113043.0,FC,4907.384255611368,1132,227,240,4.625682200052624,355.2515509747425,74.77429620464343,1427872.0211073726,85315.48753226489,22496.0,2812,0.0157549133728059,0.2181447482046305,0.0034368516106965,65.62929381750065,13.813829220861786,17.0,70.0,0.8507947738577267,1.0876294892755691,1.6314442339133537,1.7558279460366657,2.094487518400072,0.3405814602261508,0.2421870036272387,4.202089127498123,0.2214690694996799,165.1197877720618,0.2432572851331347
TH-F-200033,projection,True,2,0.4272171425366017,0.1287613491573776,0.5559784916939794,0.6640889822019569,0.3013955582232893,0.2984557933792241,0.2309935508957357,1.8468342907339852,6.339718017556969,4.329125190388424,7.0,3.0,1.0,0.4923911562717867,0.2031909863850179,0.6955821426568046,0.804317688257779,0.4126617300024412,0.2892001698867689,0.3059829337657568,1.5170458599730878,4.558738132824852,3.26815612783667,5.0,3.0,2.0,0.3663752817637033,0.1104238825663862,0.4767991643300896,0.5695131672989169,0.3013955582232893,0.255951399197317,0.1698849255146573,1.7155730680766734,5.55986077830993,5.886337454430129,6.0,2.0,1.0,0.422267579306174,0.1742536698004288,0.5965212491066029,0.6897712903403156,0.4126617300024412,0.2480139095057452,0.2250361004018468,1.432751249352296,4.190211664948593,4.443731464481923,4.0,2.0,1.0,dfp_5,mb_4,0.7352754495890634,0.1424143713233273,0.8575856286766728,145512.0,124789.0,FC,5479.643886301044,1262,270,281,4.927327497960085,352.9509574803385,85.38098691060006,1662719.6311861891,92402.76836593969,24448.0,3056,0.0147036214292837,0.2241346484907168,0.003295591020593,64.17873679579998,15.52522742938385,19.0,76.0,0.8843841004359335,1.1012146073756115,1.7837382442386212,1.677844953717048,1.8708241332540267,0.2945180593686607,0.271242805726856,3.818840743484428,0.163243833815697,196.28511760786063,0.2976870697200725
TH-F-300020,projection,True,2,0.7231366226754649,0.1629142921415717,0.8860509148170366,0.9195598380323936,0.2252883992222942,0.5602223305338931,0.551906652508824,0.9878346651500164,2.6854133531673665,1.8119006093770755,2.0,2.0,1.0,0.8860509148170366,0.0422915416916616,0.9283424565086984,0.9554682813437312,0.0477303741629729,0.8437593731253749,0.7885559843452724,0.5182684771471046,1.6791177004331015,1.2681407786541457,1.0,1.0,1.0,0.6202566246462567,0.1397366220735786,0.7599932467198354,0.788734885515822,0.2252883992222942,0.4805200025726781,0.4060389898564452,0.9789278729080167,2.6616011369982,2.4628176726416084,2.0,2.0,1.0,0.7599932467198354,0.0362747620272703,0.7962680087471058,0.8195346668381785,0.0477303741629729,0.723718484692565,0.5801424459613487,0.5761664448653856,1.7792046611387142,1.723714592789206,1.0,1.0,1.0,dfp_5,idlp_24,0.6322687795537971,0.1422691021353228,0.8577308978646772,124384.0,106688.0,FC,6938.135202796053,1611,387,402,5.577867664556895,343.6377230227444,72.09986409254282,1987115.891177096,99363.9146838131,31576.0,3947,0.0158903666062956,0.2197281227133282,0.0034915604236279,96.22951846193084,20.19026066686176,19.0,76.0,0.8638116537345684,1.1336822226790937,1.9187320804192625,1.8501433956392583,2.144709490817945,0.4412622499617668,0.3020645669892464,3.6701030089508606,0.2460508529734542,149.4596295941974,0.3033834504656992
VT50733-F-700000,projection,True,2,0.3588664255647121,0.337189482421296,0.6960559079860082,0.8638762079800795,0.9395960680654222,0.0216769431434161,0.2747053411853281,1.536470172760676,4.648154098679453,3.640264130595687,3.0,3.0,2.0,0.5266867255587834,0.3407541352937689,0.8674408608525523,0.9222297978300824,0.6469768816220857,0.1859325902650144,0.3981501872379865,1.1679908183861785,3.21552556909333,2.511615043903695,3.0,2.0,2.0,0.3235449364255313,0.3040015501079062,0.6275464865334375,0.7788490448796327,0.939596068065422,0.0195433863176251,0.2232907129662872,1.4786570164260993,4.3870499868245325,4.478466599508693,3.0,3.0,2.0,0.4748474947717265,0.3072153514134712,0.7820628461851977,0.83145917269672,0.6469768816220856,0.1676321433582553,0.323631272666274,1.1464453053483252,3.146986427855543,3.08993624677054,2.0,2.0,2.0,mb_4,dfp_5,0.362731992852017,0.0984251705452771,0.9015748294547228,149667.0,134936.0,FC,7102.958318083687,9848,317,323,4.462929188151616,310.134664379336,79.650808962472,2272953.380800733,101796.7960734692,33296.0,4162,0.0146487826284717,0.2133276765402356,0.0031249907622748,89.17622319982077,22.90281975508492,26.0,105.0,0.8666371788779511,1.0867439287153744,1.7546833789732428,1.6599282870733447,1.8330215014409517,0.5127764320460543,0.3268929839981718,3.2630304873259264,0.1485468991334629,175.26760466551605,0.3748828157903897
VT58722-F-700000,projection,True,2,0.2778951680717566,0.220757239267772,0.4986524073395286,0.6449362858190129,0.7943903479846374,0.0571379288039845,0.1679150875408953,2.090711797209343,8.090672032975254,5.955390993417742,5.0,4.0,2.0,0.3198214709243407,0.291554367278294,0.6113758382026349,0.8613920093145605,0.9116159913705923,0.0282671036460467,0.2554059948018663,1.5601196267407311,4.759390561465183,3.9153348799653656,4.0,3.0,3.0,0.2079377243576816,0.1651837212116323,0.3731214455693139,0.4825797604162465,0.7943903479846376,0.0427540031460492,0.0940143835641074,1.7813944100279122,5.938130837470922,10.6366702847986,5.0,3.0,1.0,0.239309482515226,0.2181583511475013,0.4574678336627273,0.6445448312023555,0.9116159913705926,0.0211511313677247,0.1429998787573336,1.38437373041409,3.992324850100437,6.993012922038688,3.0,3.0,2.0,mb_4,sog_1,0.7378143329063575,0.251740410599766,0.748259589400234,123965.0,92758.0,FC,8044.5511219267555,12049,231,236,2.871508882209366,406.9641047151666,124.44581907196596,5492459.039778319,189245.6192810714,38752.0,4844,0.0070554918515266,0.2075906049217267,0.0014646538214787,64.6430003186741,19.767225238592285,21.0,74.0,0.8182008870958865,0.9415439047198918,1.2991846127142692,1.514120675606705,1.6829604857587357,0.3555181974744644,0.2793275237569452,3.236502489036101,0.427141578535748,225.2676515501078,0.3428809589464504
Gad1-F-500457,dense,True,1,0.3054549218507401,0.2642583583479971,0.5697132801987372,0.8222233723217058,0.865130464249407,0.0411965635027429,0.2373274575332848,1.619821837529977,5.052190125704315,4.213587464315001,4.0,3.0,3.0,0.5697132801987372,0.2583065935203395,0.8280198737190767,0.918693717006521,0.4533975290697674,0.3114066866783977,0.4016928401321516,1.1986778024026647,3.315729972964765,2.4894643371562544,3.0,2.0,2.0,0.1861125126135216,0.1610116044399596,0.3471241170534813,0.5009775479313825,0.865130464249407,0.025100908173562,0.0881058766251205,1.2888275161829583,3.628529668358882,11.3499807084932,4.0,3.0,0.0,0.3471241170534813,0.1573852169525731,0.5045093340060545,0.5597565590312815,0.4533975290697674,0.1897389001009082,0.1491251799590614,1.032226070461152,2.8073081499524832,6.705775646168708,3.0,2.0,1.0,eb_8,mb_4,0.0723110465116279,0.3907038345105953,0.6092961654894047,31712.0,19322.0,FC,754.6857029217058,174,35,39,4.637692202793862,151.21190548957568,42.61223003139219,73440.28103741563,12793.381447466896,3416.0,427,0.046513983222091,0.2209267280215766,0.010276182120507,17.710542310640236,4.990914574340396,17.0,69.0,0.8348293173912674,0.9826636756793043,1.5215437558905358,1.5743335678292478,1.940066074348858,0.2415442437916183,0.147441741883835,4.41617881378067,0.3094035836904505,88.51958512225069,0.3619020378669299
Trh-M-500163,dense,True,8,0.9080193364677837,0.085491027084299,0.9935103635520826,1.0,0.0941511085180863,0.8225283093834845,0.8318499464925484,0.3305581192505678,1.3917446712347792,1.2021398861855404,2.0,1.0,1.0,0.9080193364677837,0.085491027084299,0.9935103635520826,1.0,0.0941511085180863,0.8225283093834845,0.8318499464925484,0.3305581192505678,1.3917446712347792,1.2021398861855404,2.0,1.0,1.0,0.6854971754236865,0.0645403189521571,0.7500374943758437,0.7549367594860771,0.0941511085180863,0.6209568564715293,0.4740958330829189,0.4617792752247881,1.586894997524831,2.109278188541052,2.0,1.0,1.0,0.6854971754236865,0.0645403189521571,0.7500374943758437,0.7549367594860771,0.0941511085180863,0.6209568564715293,0.4740958330829189,0.4617792752247881,1.586894997524831,2.109278188541052,2.0,1.0,1.0,dfp_5,mb_4,1.0,0.2450632405139229,0.7549367594860771,20003.0,15101.0,FC,1004.2183953386576,212,44,48,4.381517028988665,133.9804250833911,32.66985697097818,90729.36489164172,13588.986833915094,4688.0,586,0.0516701511754092,0.2142104085620003,0.0110682841937447,30.738377466137702,7.495262048270255,17.0,66.0,0.8258374961666591,0.996248408074065,1.530820724601612,1.496676310255528,1.6489628823294868,0.3719047182216511,0.2960161158708177,2.6406196538253446,0.3619161286274583,56.149411960960045,0.3657445157070231
Cha-F-400298,dense,True,2,0.3853900496016834,0.3361641364797835,0.7215541860814669,0.8493912520667367,0.8722698907956319,0.0492259131218998,0.2834197975984542,1.5190489947343568,4.567879051836016,3.5283350297807634,4.0,3.0,2.0,0.721554186081467,0.1278370659852698,0.8493912520667368,0.9095896588005412,0.1771690448911571,0.5937171200961973,0.5441580009800189,0.9753023874776257,2.6519690119694785,1.8377015466078197,4.0,2.0,1.0,0.261619305137493,0.22820264272231,0.489821947859803,0.5766032345288505,0.8722698907956318,0.0334166624151829,0.1306076948348468,1.2941559913571383,3.64791580201284,7.656516725637778,3.0,2.0,2.0,0.4898219478598031,0.0867812866690475,0.5766032345288505,0.6174684965052804,0.1771690448911571,0.4030406611907556,0.2507630826645056,0.9250374588252236,2.5219627283498687,3.987827830852973,2.0,1.0,1.0,eb_8,lat_tri_7,0.0682220602020622,0.3211570838222539,0.6788429161777461,19601.0,13306.0,FC,1189.8350704901975,287,51,54,4.286308351878434,178.41210275576668,48.8748129505912,179558.50999958074,23134.53931318557,5480.0,685,0.0305192998093646,0.2171231880456565,0.0066264476715304,24.344544739087443,6.669026664177577,17.0,60.0,0.8332178364777295,0.9720874758906844,1.3046437176427608,1.506018847602164,1.7946230324135712,0.5106249014632055,0.1452758866222386,2.112711564183199,0.6097872917431773,72.11314755670615,0.3526309808925901
Gad1-F-700193,dense,True,1,0.7887090974469615,0.1147788565264293,0.9034879539733908,0.9829917295936712,0.1455274915656059,0.6739302409205321,0.641768333199508,0.7137628551305948,2.04165929088948,1.5581946759737173,3.0,2.0,1.0,0.7887090974469615,0.1147788565264293,0.9034879539733908,0.9829917295936712,0.1455274915656059,0.6739302409205321,0.641768333199508,0.7137628551305948,2.04165929088948,1.5581946759737173,3.0,2.0,1.0,0.5128840667820231,0.0746387317027545,0.5875227984847776,0.6392227470420427,0.1455274915656059,0.4382453350792686,0.2713832245270636,0.7439955867891013,2.104326759557196,3.6848261411245606,3.0,1.0,1.0,0.5128840667820231,0.0746387317027545,0.5875227984847776,0.6392227470420427,0.1455274915656059,0.4382453350792686,0.2713832245270636,0.743995586789101,2.1043267595571957,3.6848261411245606,3.0,1.0,1.0,al_3,lh_25,1.0,0.3497170649581443,0.6502829350418556,42766.0,27810.0,FC,1460.1337115290607,294,30,31,2.0546063530430936,330.8588525063486,117.14010103274234,943330.447920851,70616.21296697273,6736.0,842,0.0071406578838269,0.2167656935167845,0.0015478496583538,12.464849344127956,4.413161988769949,13.0,42.0,0.8166295925777745,0.8990971130105054,1.0489466318455896,1.4360106670526196,1.4763738235885346,0.2009966010960226,0.1035221763254124,5.311241453487401,0.3892833382691023,240.5491884942985,0.258574193671293
Trh-M-100024,dense,True,5,0.4221292986778637,0.2820730818614012,0.704202380539265,0.9645521740639206,0.6682148875827202,0.1400562168164625,0.3258091321120234,1.2496528161133744,3.489131376960997,3.0692816788700954,3.0,3.0,3.0,0.5424228753860568,0.4221292986778637,0.9645521740639206,0.9749453447617724,0.778229160002559,0.120293576708193,0.4726912809725736,0.8718181302919016,2.3912545159267005,2.115545685425964,2.0,2.0,2.0,0.3690069921584687,0.2465759657824089,0.6155829579408776,0.8431693740425596,0.6682148875827202,0.1224310263760598,0.2489668081629417,1.2099624889755085,3.353358862263366,4.016599671975262,3.0,3.0,3.0,0.4741623818840909,0.3690069921584687,0.8431693740425596,0.8522546298402875,0.778229160002559,0.1051553897256222,0.361206693953963,0.8796759123630689,2.4101184902265715,2.768497972873818,2.0,2.0,2.0,fb_6,dfp_5,0.0400486213294095,0.1258436850646888,0.8741563149353112,65931.0,57634.0,FC,1818.4569770983587,402,83,87,4.564309249286715,281.5404015047109,68.80088088505958,539965.4356158109,46333.64560975639,8296.0,1037,0.0153639463802691,0.2191968390909304,0.0033677284825175,26.430722306249493,6.4589556858607065,17.0,59.0,0.8465814604740962,0.9713979578516874,1.248940231523598,1.5269700298958382,1.7090761062954498,0.4402519737802953,0.2142640452609479,2.5360079950739123,0.6009745226488822,110.17542253451629,0.359341138162293
Gad1-F-400220,dense,True,1,0.8809030984300863,0.0500589115689583,0.9309620099990448,0.9601630417476036,0.0568268083721939,0.8308441868611279,0.7799073141332828,0.5358554518771447,1.7089095069898932,1.2822036437897852,2.0,1.0,1.0,0.8809030984300863,0.0500589115689583,0.9309620099990448,0.9601630417476036,0.0568268083721939,0.8308441868611279,0.7799073141332828,0.5358554518771447,1.7089095069898932,1.2822036437897852,2.0,1.0,1.0,0.7914115694913315,0.0449733936030211,0.8363849630943526,0.8626194426961149,0.0568268083721939,0.7464381758883104,0.6294938736850851,0.577663668414102,1.781870523453274,1.5885778111643176,1.0,1.0,1.0,0.7914115694913315,0.0449733936030211,0.8363849630943526,0.8626194426961149,0.0568268083721939,0.7464381758883104,0.6294938736850851,0.5776636684141021,1.7818705234532743,1.5885778111643176,1.0,1.0,1.0,dfp_5,fspp_19,1.0,0.1015906620129312,0.8984093379870687,34954.0,31403.0,FC,1821.887391750136,393,101,107,5.543701573288658,240.12873361095544,50.437777178651615,297672.6293113147,31893.480990962933,7984.0,998,0.0268214112210165,0.2281923085859389,0.0061204397460565,36.12148460264168,7.587127805795482,19.0,97.0,0.8930820547794786,1.2178391656083798,1.866687901383336,1.6628487705320494,1.9177762018422488,0.3647851156288281,0.2093190458014756,3.746742978559322,0.1622783929389605,115.29975902806788,0.3778364518097305
E0585-F-600004,dense,True,1,0.7873335498538486,0.114387788242936,0.9017213380967848,0.9468983436180578,0.1452850424882435,0.6729457616109126,0.6360147300052814,0.7934375979259397,2.21098385102692,1.572290629167812,2.0,2.0,1.0,0.7873335498538486,0.114387788242936,0.9017213380967848,0.9468983436180578,0.1452850424882435,0.6729457616109126,0.6360147300052815,0.7934375979259398,2.21098385102692,1.5722906291678118,2.0,2.0,1.0,0.7054680906789279,0.102493961528388,0.807962052207316,0.8484416378081076,0.1452850424882435,0.6029741291505398,0.5106277438271576,0.8093120901934693,2.246362160483716,1.958373809666108,2.0,2.0,1.0,0.7054680906789279,0.102493961528388,0.807962052207316,0.8484416378081076,0.1452850424882435,0.6029741291505398,0.5106277438271575,0.8093120901934693,2.246362160483716,1.9583738096661083,2.0,2.0,1.0,dlp_23,idlp_24,1.0,0.103978115996857,0.8960218840031429,34363.0,30790.0,FC,1988.121459647003,436,73,78,3.671807858910259,174.44814816255348,39.354419151877714,368022.87281145086,30915.5026271486,9288.0,1161,0.0252375618098022,0.214052698067076,0.0054021681980227,50.518378939208496,11.396632641777549,13.0,45.0,0.808179455141058,0.8750534593516737,1.350625991608018,1.476517523204512,1.5791274500770474,0.7588046171773392,0.5500963819320964,2.7198287984574887,0.081122946147627,87.00709710340469,0.4234432416044878
Trh-M-400023,dense,True,5,0.2944889950520389,0.2073878177785361,0.5018768128305751,0.6852073025081045,0.7042294322132098,0.0871011772735028,0.1939594040648393,1.7971960645610068,6.0327084026098925,5.155718047399788,6.0,4.0,2.0,0.3907183074560655,0.2944889950520389,0.6852073025081045,0.8300631291588467,0.7537117903930132,0.0962293124040266,0.2728370839071953,1.4759893410736913,4.375362358035765,3.665190910558724,5.0,3.0,2.0,0.215864678110246,0.1520182597004658,0.3678829378107119,0.5022668292530407,0.7042294322132098,0.0638464184097802,0.1042163528059833,1.5450375030004135,4.688147443320679,9.595423108518023,5.0,4.0,1.0,0.2864021511427946,0.215864678110246,0.5022668292530407,0.6084482381265047,0.7537117903930131,0.0705374730325485,0.1465981292947395,1.3095883448402466,3.7046483606595833,6.821369445918867,5.0,3.0,2.0,fb_6,dfp_5,0.0615720524017467,0.2669855860926117,0.7330144139073883,31983.0,23444.0,FC,2103.2025157795288,433,73,76,3.4708973316791303,226.7728567687191,61.719026318274864,1038929.3260716782,61500.64237100651,9728.0,1216,0.0093634858078198,0.2162009165069417,0.0020243942133503,34.07705275409984,9.274489662246223,13.0,42.0,0.8039764968576181,0.8763343815748037,1.1331910106570735,1.447407514066673,1.506592060013989,0.8810905940278938,0.4388729834147147,2.4560188283885367,0.103640891814673,123.22355121511688,0.3495101057414769
fru-M-000339,dense,True,2,0.4684962936816096,0.2683771620190611,0.7368734557006706,0.954796152488528,0.5728479939724995,0.2001191316625485,0.3398187357344464,1.2335962626500354,3.433555326393296,2.9427453369771133,3.0,3.0,3.0,0.4862998588069184,0.4684962936816096,0.954796152488528,0.9807183198023296,0.9633897382388968,0.0178035651253088,0.456790625857771,0.8980591260387498,2.4548339611801118,2.189186781410365,2.0,2.0,2.0,0.41916191303318,0.2401160610307325,0.6592779740639125,0.854252610386278,0.5728479939724995,0.1790458520024475,0.2720186170940664,1.2032477264824772,3.330917283206529,3.676218968697247,3.0,3.0,2.0,0.4350906973530979,0.41916191303318,0.854252610386278,0.8774450782622427,0.9633897382388968,0.0159287843199179,0.3656524531492115,0.903043882882289,2.467101260919746,2.734837388310727,2.0,2.0,2.0,fb_6,dfp_5,0.1037517579276867,0.1053036732921461,0.8946963267078538,50663.0,45328.0,FC,2117.4146610470043,496,92,94,4.344921270853414,283.32974281542795,68.87575513285017,562516.3462451681,49429.02708969545,9808.0,1226,0.017435937756243,0.2158864866483487,0.0037641833436145,30.74252553693029,7.473322920517988,17.0,66.0,0.8402439131138906,0.9950256865822388,1.4704268479493086,1.5562172352682406,1.7615762571106526,0.4661515605765806,0.1865969657680973,2.607794679477709,0.7961098800083432,109.75265719373988,0.3181612850314728
Trh-F-400055,dense,True,5,0.3665056628914057,0.1848489895625139,0.5513546524539197,0.7257383966244726,0.5043550708172385,0.1816566733288918,0.2165014327310306,1.804484010984347,6.0768350592782046,4.618907077822181,5.0,4.0,1.0,0.3665056628914057,0.3592327337330668,0.7257383966244726,0.8278925161003775,0.9801560251458002,0.0072729291583388,0.2817963561588398,1.5279225531579586,4.608592764076945,3.5486619260482244,4.0,3.0,2.0,0.3175401043796147,0.1601529618316939,0.4776930662113086,0.6287789509127204,0.5043550708172385,0.1573871425479208,0.1625161638844713,1.6876531041223493,5.406776661570128,6.153234091292451,5.0,3.0,1.0,0.3175401043796147,0.3112388465331056,0.6287789509127204,0.7172851679934583,0.9801560251458,0.006301257846509,0.2115296061640934,1.448040560368584,4.254769378200612,4.72747062755959,4.0,2.0,2.0,dfp_5,fb_6,1.0,0.1336010967074725,0.8663989032925274,41579.0,36024.0,FC,2127.352945331689,403,64,67,3.0084335624910303,239.77358930893809,68.61773685711586,1195546.3542816862,68449.20411212459,10160.0,1270,0.0084982066681173,0.2093851324145363,0.0017793981284898,31.002959916348168,8.872340575386247,12.0,41.0,0.7973586751618026,0.8495818471771922,1.055234595898655,1.4051705637975918,1.5002489036189628,0.8467471260640592,0.3913229066242887,2.54802157244461,0.1034672355562505,140.35823230502754,0.3060426688931776
Trh-F-300112,dense,True,5,0.2971623474805724,0.1808783712507472,0.4780407187313197,0.6405640142058442,0.6086853626789729,0.1162839762298252,0.1731254342074467,1.981565761138648,7.25409227348303,5.776158798260425,5.0,4.0,1.0,0.3434016667252716,0.2971623474805724,0.6405640142058441,0.7559337529448996,0.8653491705918493,0.0462393192446991,0.2351136674221858,1.6891474537312476,5.414862316052393,4.253261883769322,5.0,3.0,2.0,0.2474960463890353,0.1506472207579218,0.3981432671469572,0.5335031921747789,0.6086853626789729,0.0968488256311134,0.1200908299173443,1.802693930050701,6.06596676316869,8.327030470921684,5.0,3.0,1.0,0.2860071457857436,0.2474960463890353,0.5335031921747789,0.629590581620102,0.8653491705918492,0.0385110993967082,0.1630898173621811,1.559149027445445,4.75477334143796,6.13159065460999,5.0,2.0,2.0,fb_6,dfp_5,0.0534507474912963,0.1671352427809992,0.8328647572190008,34146.0,28439.0,FC,2154.2544842906204,436,87,91,4.038520083603235,235.97650960241631,66.69529305241646,1245468.1284444744,69819.30319907436,10200.0,1275,0.008189691704708,0.2112014200284922,0.0017296745176299,32.29994780287676,9.129105638184935,15.0,42.0,0.7873737150185016,0.8828911820863199,1.043727947815223,1.449331905205005,1.5851762209644007,0.8123393394358153,0.4338673007222233,2.568712309888244,0.1012347131561188,137.5724814283427,0.3641781202294154
Trh-M-400052,dense,True,6,0.3387481371087928,0.2660208643815201,0.604769001490313,0.845096870342772,0.785305763308403,0.0727272727272727,0.2531522984357265,1.5401585747906164,4.665330016064569,3.9501912729182367,4.0,3.0,3.0,0.5063487332339791,0.3387481371087928,0.8450968703427719,0.9327868852459016,0.6690016482222746,0.1676005961251862,0.3810188374670453,1.1880827722811924,3.2807851615836783,2.624542152949304,3.0,2.0,2.0,0.2691724693287859,0.2113826914878499,0.4805551608166359,0.6715219553787125,0.785305763308403,0.057789777840936,0.1598414170243387,1.4065088768009546,4.081680850748015,6.256200793363412,4.0,3.0,2.0,0.4023494860499266,0.2691724693287859,0.6715219553787126,0.7412012694803658,0.6690016482222746,0.1331770167211406,0.2405768830463984,1.126746118660858,3.085599971455044,4.156675351917071,3.0,2.0,2.0,fb_6,dfp_5,0.050741700023546,0.2053905546871299,0.79460944531287,42222.0,33550.0,FC,2172.373041339324,411,70,72,3.2222826682126007,229.67516421448812,65.50101550567592,1158236.0805877908,66189.63204153319,10072.0,1259,0.0086959819062868,0.2156843766222522,0.0018755874365758,33.16548643663516,9.458458639918929,12.0,38.0,0.8010225078684824,0.845939657842416,1.0444101160285213,1.442706510858742,1.5764680996656923,0.8983991403809761,0.4368122163893754,2.4529364135540286,0.1014976914559643,131.04054699646318,0.37681579355128
Trh-M-400110,dense,True,6,0.317736606089214,0.2419754543308945,0.5597120604201086,0.7470793013924947,0.7615598885793873,0.0757611517583195,0.2291647913129605,1.6309059861935578,5.1085008538563015,4.363672073142959,4.0,4.0,2.0,0.424563370309181,0.317736606089214,0.7422999763983951,0.9296672173707812,0.7483844069209923,0.1068267642199669,0.3175293818256723,1.339984047760453,3.8189825835554183,3.149314857889317,3.0,3.0,2.0,0.2464136179559338,0.1876587274349646,0.4340723453908984,0.5793808772050244,0.7615598885793872,0.0587548905209691,0.1378296964628023,1.4619611079143695,4.314412265310817,7.255330495992797,4.0,4.0,1.0,0.3292607591461322,0.2464136179559338,0.575674377102066,0.7209829089161919,0.7483844069209924,0.0828471411901983,0.1909760136551069,1.2363430141278249,3.442999413903111,5.2362596792178815,3.0,3.0,2.0,fb_6,dfp_5,0.1398790910986033,0.224472052531631,0.775527947468369,43707.0,33896.0,FC,2178.899276580387,413,91,96,4.176420680758471,206.19902390688944,62.28263462856116,1076100.5487439868,61472.95976038584,9904.0,1238,0.0092036009195979,0.2200019463429308,0.0020248101156751,34.984057588039185,10.566971827976662,16.0,47.0,0.8228471588294513,0.9264027536481236,1.1841843894458624,1.4763149970672156,1.569812158919587,0.8885104694536523,0.4590168104227354,2.3734303497017413,0.0966477421032626,122.6466001461229,0.3352566894408881
Trh-M-300138,dense,True,6,0.3484331872057152,0.2364020133138496,0.5848352005195648,0.7923039454456893,0.6784715750232992,0.1120311738918655,0.2376847992663751,1.6171577189145097,5.038748405060887,4.20725264336022,5.0,4.0,3.0,0.443870758239974,0.3484331872057152,0.7923039454456893,0.911641500243546,0.7849879288901894,0.0954375710342588,0.3360291992669972,1.2948637879523237,3.65049869837182,2.975931860032897,4.0,3.0,2.0,0.2704405686057062,0.1834862385321101,0.4539268071378163,0.6149561447726586,0.6784715750232992,0.0869543300735961,0.1431878149242354,1.4518510999357703,4.271013274615108,6.983834487097435,4.0,3.0,1.0,0.3445155761669523,0.2704405686057062,0.6149561447726586,0.7075814094162719,0.7849879288901894,0.0740750075612461,0.2024331675491737,1.2016988264207855,3.325762018746464,4.939901954342964,3.0,2.0,2.0,fb_6,dfp_5,0.0651839929768088,0.2238380885169876,0.7761619114830124,39676.0,30795.0,FC,2208.3554804999408,430,75,77,3.396192355001698,243.93851829795696,63.86326876266332,1136204.6553706608,65199.38737746779,10280.0,1285,0.0090476657980655,0.2148205720330681,0.0019436247423044,34.579430763353315,9.052918316911972,13.0,42.0,0.8071474709429608,0.8735583388053563,1.1313296518954614,1.4240894615976194,1.4742025904538991,0.8238285236555266,0.4309835147328903,2.569229983257443,0.0971147365568156,132.53853777147478,0.3487101735159239
Trh-M-400131,dense,True,6,0.2345724409975262,0.2344052951795146,0.4689777361770408,0.6948920238015646,0.9992874447769702,0.0001671458180116,0.1952353315000315,1.7997437796758198,6.048097620337693,5.122023725505024,4.0,4.0,3.0,0.4603195828040382,0.2345724409975262,0.6948920238015645,0.8669853580263421,0.5095860566448802,0.2257471418065119,0.3012364713860105,1.4716983198325106,4.356627809139582,3.3196511544532727,3.0,3.0,2.0,0.1728239988177922,0.1727008521747697,0.3455248509925619,0.511969853701788,0.9992874447769702,0.0001231466430225,0.1059772239528508,1.5510562304769226,4.716449210026074,9.435989759883682,4.0,4.0,0.0,0.3391458548839958,0.1728239988177922,0.511969853701788,0.6387616373577656,0.5095860566448802,0.1663218560662036,0.1635165353809774,1.3093648880368272,3.7038206242642255,6.115589458094243,3.0,3.0,1.0,fb_6,dfp_5,0.0184458968772694,0.2632382641249199,0.7367617358750801,40602.0,29914.0,FC,2208.46207864473,429,53,56,2.399860088724031,209.441963190942,63.67201262728558,1171510.141215855,64726.26510055167,10504.0,1313,0.0089662049268292,0.2102496266798105,0.0018851412386005,34.68497362526169,10.544506196360183,11.0,36.0,0.7721895379876678,0.7978547971982406,1.0699913171728344,1.4074559141410468,1.478220936174518,0.8538382619572176,0.4608743068593054,2.4668895067658707,0.1009865451017821,127.95085003848736,0.3418906557005683
Cha-F-000427,dense,True,2,0.8817526647286822,0.0596535852713178,0.94140625,0.9783793604651164,0.0676534221642226,0.8220990794573644,0.7825929953368421,0.5059673909950803,1.6585892489234897,1.2778034124488706,2.0,1.0,1.0,0.8817526647286822,0.0596535852713178,0.94140625,0.9783793604651164,0.0676534221642226,0.8220990794573644,0.7825929953368422,0.5059673909950803,1.6585892489234897,1.2778034124488704,2.0,1.0,1.0,0.8403509278231508,0.0568526160861158,0.8972035439092666,0.9324406222042652,0.0676534221642226,0.783498311737035,0.7108267494532512,0.5280441498495146,1.695612698994788,1.4068125612453009,2.0,1.0,1.0,0.8403509278231508,0.0568526160861158,0.8972035439092666,0.9324406222042652,0.0676534221642226,0.783498311737035,0.710826749453251,0.5280441498495146,1.695612698994788,1.4068125612453013,2.0,1.0,1.0,lh_25,dfp_5,1.0,0.0469539118640154,0.9530460881359846,34651.0,33024.0,FC,2218.3613025855648,599,155,161,6.9871395529368,185.210807362464,47.99399179798542,289878.58768053626,28854.346715093587,9800.0,1225,0.0338072573018059,0.2263633982230168,0.0076527256474366,46.221646074429714,11.977493830822487,22.0,88.0,0.9212463881169288,1.1901079949493374,1.800617940410361,1.7672873400760114,2.141275388596105,0.3355145464063239,0.213658378857222,4.604522610958458,0.1481397954196853,120.15616569396924,0.3105514994408703
Trh-M-300140,dense,True,5,0.3423813994587728,0.2704755067101121,0.6128569061688849,0.8749378693323023,0.7899830631502541,0.0719058927486607,0.2638614666070935,1.5134709471065535,4.542470136878084,3.7898675121406176,4.0,3.0,3.0,0.5325564698735296,0.3423813994587728,0.8749378693323024,0.9308002429999448,0.6429015866431608,0.1901750704147567,0.4058485427572012,1.1304669897175357,3.097102477481292,2.463973366040271,3.0,2.0,2.0,0.262590537506883,0.207442077173959,0.470032614680842,0.6710364691431234,0.7899830631502539,0.0551484603329239,0.1552078885684737,1.3642567550441522,3.912813791866215,6.442971483107481,3.0,3.0,3.0,0.4084459316362404,0.262590537506883,0.6710364691431234,0.7138802998856368,0.6429015866431609,0.1458553941293574,0.2387271480368697,1.0705106134692035,2.9168685121400064,4.188882614412824,2.0,2.0,2.0,fb_6,dfp_5,0.0157627294410453,0.233046719471388,0.766953280528612,47218.0,36214.0,FC,2269.5878058518774,441,80,82,3.524869132347688,241.9050189531461,63.891499878283874,1083028.5135383997,63623.942974771824,10520.0,1315,0.0097135023394995,0.2157402857273647,0.002095593770137,35.522531325380406,9.38214434604793,15.0,45.0,0.8199377911314586,0.9034983303550468,1.1920104022331288,1.4664288154016296,1.5304031057666063,0.767126216666733,0.387879912561368,2.807297332891145,0.0954065762330765,140.6333767246149,0.4233655247717656
Cha-F-500310,dense,True,1,0.693000735474381,0.1682091198823241,0.8612098553567051,0.94061044373621,0.2427257451136464,0.5247916155920569,0.5164829924028628,0.9845649739760132,2.676647219912038,1.9361721774179703,3.0,2.0,1.0,0.693000735474381,0.1682091198823241,0.8612098553567051,0.94061044373621,0.2427257451136464,0.5247916155920569,0.5164829924028629,0.9845649739760132,2.676647219912038,1.9361721774179703,3.0,2.0,1.0,0.6073155011279407,0.1474111075303469,0.7547266086582878,0.824309807712966,0.2427257451136464,0.4599043935975938,0.3966590489746638,0.9784934342743542,2.6604450857717272,2.52105681840596,3.0,2.0,1.0,0.6073155011279407,0.1474111075303469,0.7547266086582878,0.824309807712966,0.2427257451136464,0.4599043935975938,0.3966590489746638,0.978493434274354,2.660445085771727,2.52105681840596,3.0,2.0,1.0,dlp_23,idlp_24,1.0,0.1236437855838435,0.8763562144161564,37236.0,32632.0,FC,2483.085752574025,553,109,115,4.389699384606756,190.7535702621033,43.814648594584895,442571.922881009,36670.90934028839,11528.0,1441,0.0260477436638009,0.2153960576486836,0.0056105812958262,56.67250182809665,13.01724391927324,15.0,53.0,0.8222138253556374,0.8944833402644181,1.3856505315703262,1.5492683478941458,1.6845900628046302,0.6452421834027581,0.3497975091090819,1.7601636554011613,0.8719823158629794,57.95256964553778,0.2998969510897231
Gad1-F-600059,dense,True,5,0.4115120984391774,0.2078619208852919,0.6193740193244694,0.7512181022380049,0.5051173991571343,0.2036501775538855,0.2521816996727928,1.6155969072284313,5.030890002006064,3.965394797867989,5.0,4.0,2.0,0.4115120984391774,0.2913741844908745,0.702886282930052,0.8347303658435874,0.7080573951434879,0.1201379139483029,0.2870321998992811,1.4313154295376882,4.184199593171414,3.483929678798747,4.0,4.0,2.0,0.3481693683622135,0.1758664058133035,0.524035774175517,0.6355855226383454,0.5051173991571343,0.17230296254891,0.1805217233088768,1.5083338912799515,4.519195048093996,5.539499522110017,5.0,4.0,1.0,0.3481693683622135,0.2465238960313024,0.5946932643935159,0.7062430128563443,0.7080573951434879,0.1016454723309111,0.2054691019934723,1.35241826709345,3.8667651041633855,4.866911814467217,4.0,4.0,2.0,dlp_23,mb_4,1.0,0.1539267747344885,0.8460732252655114,57248.0,48436.0,FC,2508.367133110122,476,96,100,3.8271909535415456,323.4375849758304,90.57989151546238,942643.7091007,65953.37277896411,11904.0,1488,0.0126283132057992,0.2107163250260519,0.0026609917500039,27.69231770035773,7.755335958551524,14.0,42.0,0.7958017554283381,0.8758265129574447,1.1443280716743256,1.5197747339525451,1.862187923615532,0.3734544389030677,0.1449330519212484,3.0043034866381464,0.5789765152408748,154.65825793523513,0.3959891511746363
Gad1-F-700172,dense,True,1,0.8749902091329208,0.0488368449909924,0.9238270541239132,0.9589175217357248,0.0558141616686062,0.8261533641419284,0.7702187103167728,0.5488638549226815,1.7312849092235785,1.2983325211467838,1.0,1.0,1.0,0.9238270541239132,0.0660687710503642,0.9898958251742774,0.9975327014960444,0.0715163847556064,0.857758283073549,0.8578833534056717,0.3062616343323813,1.3583376478247635,1.165659638959243,2.0,1.0,1.0,0.729248947351242,0.0407024186441231,0.7699513659953652,0.7991970493194505,0.0558141616686062,0.6885465287071189,0.5350067967290169,0.6092933851136992,1.8391313819177693,1.869135132700948,1.0,1.0,1.0,0.7699513659953651,0.0550641381336292,0.8250155041289944,0.8313803570845709,0.0715163847556064,0.7148872278617358,0.5959001238543666,0.4070997923809668,1.5024540316462018,1.6781335662960732,2.0,1.0,1.0,al_3,ms_12,0.8942727542498622,0.1665633058067043,0.8334366941932957,30637.0,25534.0,FC,2517.724335349003,601,85,86,3.376064599551064,260.2092443433063,63.30185303020805,609010.0273595271,52815.10954807866,11696.0,1462,0.0192049383007864,0.2152637085626712,0.0041341262413445,39.77331175672739,9.675768213781256,13.0,47.0,0.8185059607766589,0.9043550055132912,1.3565325082699369,1.5499074123253491,1.7545117319505248,0.4375547399266538,0.2087708801038239,4.32421065987322,0.1252653581842229,162.14846085573205,0.3658322734651161
VGlut-F-400049,dense,True,6,0.4931271008116306,0.3499303145410324,0.8430574153526631,0.908507091520236,0.7096148517594902,0.1431967862705981,0.3730513170110499,1.2097357604010843,3.3525986461736044,2.6805963533708144,3.0,2.0,2.0,0.4931271008116306,0.3499303145410324,0.8430574153526631,0.908507091520236,0.7096148517594902,0.1431967862705981,0.3730513170110499,1.209735760401084,3.3525986461736035,2.6805963533708144,3.0,2.0,2.0,0.4279209846095473,0.3036590860584789,0.7315800706680262,0.7883753468187531,0.7096148517594901,0.1242618985510683,0.2809169887514561,1.172847041815124,3.2311788568672597,3.559770466159877,3.0,2.0,2.0,0.4279209846095473,0.3036590860584789,0.7315800706680262,0.7883753468187531,0.7096148517594901,0.1242618985510683,0.2809169887514561,1.172847041815124,3.2311788568672597,3.559770466159877,3.0,2.0,2.0,dfp_5,dlp_23,1.0,0.1322298370841139,0.867770162915886,42169.0,36593.0,FC,2546.2910612068126,554,122,136,4.791282577969629,253.85143170583825,59.88736265365819,600173.7624517014,49612.620561612726,11360.0,1420,0.018927851750124,0.2241453398949659,0.004242589764013,42.51800293715679,10.030635021816389,18.0,68.0,0.8660853949683036,0.9977629550183436,1.5013508615606206,1.6443410415020905,1.8791815949865776,0.3214992475552427,0.2144138272187886,3.0924270963024973,0.1030300439401562,137.66294180971303,0.4484771478987756
Gad1-F-100171,dense,True,1,0.5551400360515484,0.1701417848206839,0.7252818208722323,0.8816217815921871,0.306484443152079,0.3849982512308645,0.3655345072471191,1.3506541973472572,3.8599498738656712,2.735719829930998,3.0,3.0,1.0,0.5551400360515484,0.3264817455406387,0.8816217815921871,0.9314213457451102,0.5881070078511195,0.2286582905109097,0.4187350221490405,1.1242560932121546,3.0779263067766403,2.3881451206726854,2.0,2.0,2.0,0.4706660583941606,0.1442518248175182,0.6149178832116788,0.7474680656934307,0.306484443152079,0.3264142335766423,0.2627538235213317,1.2850823620720444,3.6149656810205633,3.805843761275713,3.0,3.0,1.0,0.4706660583941606,0.27680200729927,0.7474680656934307,0.7896897810218979,0.5881070078511195,0.1938640510948905,0.300995462618713,1.0931345716387042,2.983611774919481,3.3223092178859623,2.0,2.0,2.0,dfp_5,fb_6,1.0,0.1521669708029197,0.8478330291970803,43840.0,37169.0,FC,2607.6231560746337,611,126,133,4.831986543242436,268.9183811615296,68.7084722392373,750657.0993502499,52881.92824784012,11976.0,1497,0.0159540221632035,0.2177374044818498,0.0034737873768618,37.95198861350173,9.69670851360781,19.0,65.0,0.8510519438885881,1.025009102230595,1.5375136533458924,1.5251430755286248,1.629764472546646,0.4029480062915651,0.239137203602444,3.3428981555542983,0.4559229876830309,124.49864107086071,0.3599264432364141
Gad1-F-200719,dense,True,2,0.7896230387579869,0.143204994416067,0.932828033174054,0.9856831621537504,0.1813586830512404,0.6464180443419199,0.6469001396492622,0.6943784518708397,2.002464059273236,1.545833643724644,3.0,2.0,1.0,0.8424781677376834,0.143204994416067,0.9856831621537504,0.9990296772303692,0.169980659321555,0.6992731733216163,0.7304556729326435,0.4879830419499992,1.6290272246132111,1.3690084656132333,2.0,2.0,1.0,0.6872649627127286,0.1246414685448403,0.811906431257569,0.8579100006373893,0.1813586830512404,0.5626234941678883,0.4900563602276077,0.7252054598280591,2.0651553628462707,2.040581617052267,2.0,2.0,1.0,0.7332685320925489,0.1246414685448403,0.8579100006373893,0.8695264197845625,0.169980659321555,0.6086270635477086,0.5533534875708344,0.5455648886430532,1.7255828692777326,1.8071630927816116,2.0,2.0,1.0,al_3,ms_12,0.8745246322011431,0.1296290394543948,0.8703709605456053,62756.0,54621.0,FC,2819.887191573741,603,120,127,4.255489381226971,184.61020465282604,47.39358032518692,483403.2061176111,39529.10481733441,13056.0,1632,0.027008509324664,0.2159840067075475,0.0058334060591391,59.49934932590724,15.274817537181976,16.0,49.0,0.8463046793438598,0.9450024100448192,1.3251349584463068,1.5633980018065066,1.7059208660458205,0.6344901712835707,0.3374143837410771,1.7221104449990925,0.9659773628872385,61.85245357542752,0.3452792704684077
VGlut-F-500876,dense,True,8,0.900906676435571,0.0573312574411576,0.9582379338767286,0.986628812162286,0.0636372877909931,0.8435754189944134,0.8158714200582283,0.4214056532453584,1.524102410115633,1.2256833312394133,2.0,1.0,1.0,0.9292975547211284,0.0573312574411576,0.986628812162286,0.9986262478248924,0.0616931112644131,0.8719662972799707,0.8670264836528849,0.2944153088784471,1.342341274167569,1.1533673063674847,2.0,1.0,1.0,0.7522559265867959,0.0478715268926841,0.80012745347948,0.8238338006627581,0.0636372877909931,0.7043843996941117,0.5688442142910471,0.5024443957685046,1.6527563276265638,1.7579505510947389,1.0,1.0,1.0,0.7759622737700739,0.0478715268926841,0.823833800662758,0.8338516441498852,0.0616931112644131,0.7280907468773897,0.6045106946237373,0.3964076200757461,1.486475111173592,1.6542304526513385,1.0,1.0,1.0,al_3,ms_12,0.938898196511284,0.1650012745347948,0.8349987254652051,39230.0,32757.0,FC,2829.789842917076,686,119,122,4.205259280927003,178.63565240696272,42.80741761630731,419395.7815030447,35018.77646890945,13136.0,1642,0.0313212497105306,0.2154224910868663,0.0067473016365962,66.10512851490203,15.84112580432896,15.0,51.0,0.8197537204278899,0.9140148071437584,1.498829365951841,1.5873068789704785,1.7708321920632517,0.7069444618763892,0.3339929012693029,1.514514837768557,0.5703335691858064,52.40524066069423,0.3487004238340724
Gad1-F-700607,dense,True,3,0.5076961897552359,0.2068910146124377,0.7145872043676736,0.8566054183011034,0.4075094885234051,0.3008051751427981,0.3284744148680609,1.441457163195237,4.22685054273024,3.0443771409157465,4.0,3.0,2.0,0.5086825866538206,0.3489092285458675,0.8575918151996881,0.9425366457917556,0.6859075535512965,0.1597733581079531,0.3884432369529699,1.1803062307645775,3.255370944998804,2.574378711917369,3.0,2.0,2.0,0.447093046745586,0.1821946588016645,0.6292877055472506,0.7543533594602237,0.407509488523405,0.2648983879439214,0.2547355577351805,1.381334715371249,3.98021053194622,3.925639627584249,4.0,3.0,1.0,0.4479616985172316,0.3072603127146378,0.7552220112318694,0.8300270696133489,0.6859075535512965,0.1407013858025938,0.301242045452518,1.1513570862360674,3.162481759329536,3.31958972890994,3.0,2.0,2.0,dfp_5,fb_6,0.9961217587373168,0.1193689143872974,0.8806310856127025,49502.0,43593.0,FC,2846.197694502864,600,123,132,4.321555042981089,294.58907607957883,67.7381826195019,808743.9039066486,57105.55393554621,12824.0,1603,0.0158566883015173,0.2219430516611715,0.0035192817908787,42.01762705224159,9.661586004411127,17.0,59.0,0.8762923936277289,1.0372440577634343,1.423098847251432,1.54227888746286,1.62732858462142,0.3601662026683159,0.2432339991044925,2.705741170531581,0.5167392937941748,112.70720070982036,0.3333456409438293
VGlut-F-400184,dense,True,8,0.7350056725072482,0.1005672507248203,0.8355729232320686,0.935560317660406,0.1368251354874116,0.6344384217824279,0.5616850393443045,0.949006444485812,2.5831418890481297,1.7803571930051263,3.0,2.0,1.0,0.8355729232320686,0.1094667843186688,0.9450397075507374,0.9743854783814446,0.1310080559997586,0.7261061389133997,0.7114156778385168,0.6095717199469272,1.8396433474898604,1.4056479652490714,2.0,2.0,1.0,0.5633732052793291,0.0770836151423216,0.6404568204216508,0.7170959825310634,0.1368251354874116,0.4862895901370075,0.3299923332172029,0.931239037433544,2.537651475675036,3.030373433984583,3.0,1.0,1.0,0.6404568204216506,0.0839050029952269,0.7243618234168776,0.7468550116910472,0.1310080559997586,0.5565518174264237,0.417959715806717,0.6710663123792462,1.9563222594834184,2.3925750788443065,2.0,1.0,1.0,al_3,ms_12,0.7592855203210331,0.2335117586813271,0.7664882413186728,51749.0,39665.0,FC,2853.2063113883514,624,88,92,3.0842494511790064,230.9525091097567,56.43173052556519,726176.5325211838,52423.1237455478,13616.0,1702,0.0187502616653379,0.2095480545966768,0.0039290808551502,50.56031925329257,12.354082327949111,12.0,37.0,0.7916776668669122,0.8294204393570789,1.061460681320071,1.4995776754372054,1.6685417025662874,0.5736680485577658,0.2649520335269916,2.6627753603423967,0.1288521621780608,114.677849763941,0.3942339944035571
TH-M-200013,dense,True,5,0.3625141051681336,0.3257391108102008,0.6882532159783344,0.8470999774317309,0.8985556869825064,0.0367749943579327,0.2677389966191398,1.5823815349981132,4.866531837300472,3.734980755987912,4.0,3.0,2.0,0.3625141051681336,0.3257391108102008,0.6882532159783344,0.8470999774317309,0.8985556869825064,0.0367749943579327,0.2677389966191399,1.582381534998113,4.866531837300471,3.734980755987911,4.0,3.0,2.0,0.2588447624342333,0.2325864333309162,0.4914311957651495,0.6048520300049148,0.8985556869825064,0.0262583291033171,0.1365024908426327,1.370371824629813,3.9368142278578335,7.325873643967808,3.0,3.0,2.0,0.2588447624342333,0.2325864333309162,0.4914311957651495,0.6048520300049148,0.8985556869825064,0.0262583291033171,0.1365024908426327,1.370371824629813,3.9368142278578335,7.325873643967808,3.0,3.0,2.0,cmp_13,ms_12,1.0,0.2859732662976481,0.7140267337023519,124113.0,88620.0,FC,2855.6929521891643,658,130,136,4.552310145960981,176.6515145553076,54.24135169505853,948833.4343146032,56426.0947927803,13256.0,1657,0.0139708398972845,0.2154264447939924,0.003009688369858,52.647894326890864,16.16568620641562,18.0,81.0,0.8311097066906764,1.1120299658057493,1.7161616299213729,1.552195220732511,1.6271754713328572,0.5415046246038292,0.4828027474546583,2.1572176254038977,0.4687545248374544,82.50824740220982,0.2750288613843313
Trh-M-200043,dense,True,3,0.9847839643652562,0.0120801781737193,0.9968641425389756,0.9986636971046772,0.0122668307068806,0.9727037861915367,0.9699496519164093,0.0894887652502786,1.093615046751991,1.0309813483867103,1.0,1.0,1.0,0.9847839643652562,0.0120801781737193,0.9968641425389756,0.9986636971046772,0.0122668307068806,0.9727037861915367,0.9699496519164093,0.0894887652502786,1.093615046751991,1.0309813483867103,1.0,1.0,1.0,0.7383347359702909,0.0090570272111569,0.7473917631814478,0.7487409663500715,0.0122668307068806,0.7292777087591339,0.545222609354159,0.2830382447742797,1.3271559176250822,1.834113227961228,1.0,1.0,1.0,0.7383347359702909,0.0090570272111569,0.7473917631814478,0.7487409663500715,0.0122668307068806,0.7292777087591339,0.5452226093541589,0.2830382447742796,1.3271559176250822,1.834113227961228,1.0,1.0,1.0,al_3,ammc_2,1.0,0.2502571501088713,0.7497428498911286,74859.0,56125.0,FC,2968.736333216677,577,171,180,5.760026516558934,153.6282783507418,31.24326888211475,210142.36777394687,22147.19076526828,13328.0,1666,0.0634236691114907,0.2227443227203389,0.0141272622206778,95.02002957559073,19.324152851852503,23.0,126.0,0.9277301041302116,1.4163818383667353,2.6133242369865117,1.961281386043369,2.1388590296950123,0.6348779898111983,0.3938687399286015,1.7472997615737869,0.5339851225475498,41.958333560203656,0.2769557576505237
VGlut-F-500335,dense,True,7,0.7862502115496719,0.1051166813967919,0.8913668929464639,0.9806314522649918,0.1336936764565196,0.6811335301528799,0.6372864544386595,0.7508196222856697,2.1187358682792325,1.5691530755676095,3.0,2.0,1.0,0.8755147708681998,0.1051166813967919,0.9806314522649918,0.9914251866338216,0.120062716123628,0.7703980894714079,0.777721665057787,0.4519683960767241,1.5714022853156155,1.2858070501683878,2.0,2.0,1.0,0.6595784957092378,0.0881814740030287,0.7477599697122665,0.8226432357395255,0.1336936764565196,0.571397021706209,0.4484831313839215,0.777227553465046,2.175432626431444,2.229738266663937,3.0,1.0,1.0,0.7344617617364967,0.0881814740030287,0.8226432357395255,0.8316980060575466,0.120062716123628,0.6462802877334679,0.5473128218258813,0.5265238470262916,1.6930368127810964,1.8271086664184413,2.0,1.0,1.0,al_3,ms_12,0.7960866857106037,0.1611086572438162,0.8388913427561837,63392.0,53179.0,FC,2931.8774571453187,597,114,116,3.8882934797349407,202.07428249220425,50.43905300836877,606498.9420706999,44398.39144392369,13704.0,1713,0.0225952578799428,0.2139431886416607,0.0048341015190155,58.12713130555536,14.508909401959286,14.0,44.0,0.8090169583734323,0.8503124875711481,1.1671486692457478,1.5360657961145716,1.6888695029638932,0.5961696917624756,0.3146288379374797,2.1963306575314783,0.272762624467331,82.29179652705109,0.4243857625319772
Gad1-F-200186,dense,True,5,0.5609390234755869,0.2403435085877147,0.8012825320633016,0.9096227405685142,0.4284663725096938,0.3205955148878722,0.3856879113420121,1.2944794380981892,3.649095899329656,2.592769881017197,3.0,3.0,2.0,0.5631140778519463,0.2676441911047776,0.8307582689567239,0.940936023400585,0.4752930207778369,0.2954698867471687,0.4017393954686864,1.173498005350167,3.233282921238571,2.4891758470272927,3.0,3.0,2.0,0.407574931880109,0.1746321525885558,0.5822070844686649,0.6609264305177112,0.4284663725096937,0.2329427792915531,0.2036196318927306,1.1726259769622238,3.230464635736076,4.911117806787964,3.0,2.0,1.0,0.4091553133514986,0.1944686648501362,0.6036239782016348,0.6836784741144414,0.475293020777837,0.2146866485013623,0.2120938339433806,1.0847215931568075,2.958616005124933,4.714894258863528,3.0,2.0,1.0,al_3,ms_12,0.9922749067661162,0.2734059945504087,0.7265940054495913,36700.0,26666.0,FC,3394.292070030749,842,126,130,3.712114261247369,184.8995879605521,47.18592570688913,501126.0567092187,40517.98108320431,15808.0,1976,0.0315449571786539,0.2147198930940504,0.0067733298330569,71.93441729034859,18.35748855619361,14.0,49.0,0.8175077239958453,0.8857755923879826,1.3014923581406248,1.56129387938722,1.6954505844309438,0.7716345109016177,0.3121087690190326,1.5591244816491985,0.904519204823145,58.049011913406666,0.357178242967315
TH-M-200064,dense,True,4,0.5372046828856701,0.1487044719448741,0.6859091548305443,0.8133964983827873,0.2768115704913204,0.388500210940796,0.3355391293013486,1.485232474365044,4.415991898370775,2.98027834214798,5.0,3.0,1.0,0.5524627337927155,0.2761918154971171,0.8286545492898326,0.8897658557164956,0.4999284089282021,0.2762709182955983,0.3898483983044761,1.2247958717132796,3.4034712671188063,2.56509967553846,4.0,2.0,2.0,0.429923962663628,0.1190079272967707,0.5489318899603987,0.6509597867296911,0.2768115704913205,0.3109160353668573,0.2149051869323257,1.3669120315916037,3.923217200413235,4.653214816610746,3.0,3.0,1.0,0.4421349539625933,0.2210358240660631,0.6631707780286564,0.7120780490549846,0.4999284089282021,0.2210991298965301,0.2496890395088549,1.1584850766491264,3.185104430297625,4.004981564136843,2.0,2.0,2.0,dfp_5,mb_4,0.944763510826161,0.1997017591986888,0.8002982408013112,142167.0,113776.0,FC,4411.930437574553,995,210,219,4.759821193269922,337.12452477479764,81.29783780931882,1326147.046813791,80295.70490083432,19944.0,2493,0.0150390562252636,0.2212159264728516,0.003326878756149,54.26873034338968,13.086945960166394,18.0,65.0,0.867124692919527,1.0425166440393556,1.5234566428088927,1.6236292087929112,1.8694620498197256,0.3078966535244146,0.239910061778656,2.105523263009737,0.6858701922749935,118.97945194136484,0.3003474408818077
TH-F-000010,dense,True,7,0.5481962665760908,0.1703533873958023,0.7185496539718932,0.8370766639776956,0.3107525493739512,0.3778428791802883,0.3512263439949248,1.4177450307341597,4.127801871301492,2.847166840123046,4.0,3.0,1.0,0.5481962665760908,0.1703533873958023,0.7185496539718932,0.8370766639776956,0.3107525493739512,0.3778428791802883,0.3571693724140526,1.3434498432588409,3.832241359032365,2.799792135706246,4.0,4.0,1.0,0.4388688095534834,0.136379601409456,0.5752484109629394,0.6701374332944335,0.3107525493739512,0.3024892081440273,0.2251045996590429,1.313075180182626,3.717588406288392,4.442379238428092,4.0,2.0,1.0,0.4388688095534834,0.136379601409456,0.5752484109629394,0.6701374332944335,0.3107525493739512,0.3024892081440273,0.2289135480933591,1.253596773504495,3.5029195345240542,4.368461405316928,4.0,2.0,1.0,dlp_23,fspp_19,1.0,0.1994312323676369,0.8005687676323631,88261.0,70659.0,FC,4575.773703887985,1145,273,283,5.966204136538371,271.00679890366564,68.2490431236033,673610.8560976073,49029.46275803907,20552.0,2569,0.0305101971174615,0.2226437185620856,0.0067929037402938,67.04524333917725,16.884350217038385,20.0,90.0,0.8672808384927947,1.179323119558759,1.945482016959177,1.7385807065528829,1.959646125862092,0.2861902729598411,0.2270592466743294,4.127747528616833,0.2989216608438531,140.5295768640895,0.3697540923896767
TH-F-200037,dense,True,5,0.4389380927321382,0.2180134585885277,0.656951551320666,0.7789745943948674,0.4966838426610887,0.2209246341436105,0.2645099105803599,1.6845949142292669,5.390266969583421,3.780576681629451,5.0,3.0,2.0,0.4570097748317676,0.3400365016627291,0.7970462764944968,0.863812968167415,0.744046452371619,0.1169732731690385,0.3343003627889584,1.3652906082531224,3.916861158792177,2.9913219108029905,4.0,2.0,2.0,0.3570992630648849,0.17736543419051,0.5344646972553949,0.6337368713506226,0.4966838426610886,0.1797338288743749,0.1750706370867912,1.5383789100172596,4.657034676230359,5.711980127794075,3.0,2.0,1.0,0.3718015285254921,0.2766376082857377,0.6484391368112299,0.7027573579646381,0.7440464523716189,0.0951639202397544,0.2212627018904372,1.278608035159268,3.591636812274003,4.5195145474413065,3.0,2.0,2.0,dfp_5,mb_4,0.9209133673069384,0.1864473168820994,0.8135526831179005,109779.0,89311.0,FC,4661.939270703542,1096,206,214,4.418761979473666,354.6151879071436,90.67763279087973,1620386.7883275584,90327.1304016483,21512.0,2689,0.0132758426290324,0.2167134283517823,0.0028770533703963,51.41222953465142,13.146473782516829,18.0,72.0,0.8470093151714284,1.0499863222305277,1.517558356348809,1.683856342529368,2.008590810298812,0.2742576699420772,0.2303540227400448,3.7595730966279306,0.1960132090384148,198.9297100508406,0.2763193103903714
TH-M-000045,dense,True,4,0.5022984197131415,0.1840412729102136,0.6863396926233551,0.8186319963698779,0.3663982717989001,0.3182571468029278,0.3118813466627854,1.5359354508161194,4.645669293080456,3.2063475764109324,4.0,3.0,1.0,0.51437252155385,0.3163335766567364,0.8307060982105865,0.9045711918243337,0.6149892605093588,0.1980389448971136,0.3727066510353943,1.2630314961460951,3.536125004656318,2.68307527440672,3.0,2.0,2.0,0.3653138384497837,0.1338503590722233,0.4991641975220071,0.595378335138858,0.3663982717989001,0.2314634793775603,0.1649673603114201,1.3486567079612883,3.8522473603677936,6.061805184445163,4.0,2.0,1.0,0.3740951451713574,0.2300644966890743,0.6041596418604318,0.6578805770982947,0.6149892605093586,0.1440306484822831,0.1971404607865095,1.150177900750293,3.158754804557249,5.0725254268474895,3.0,2.0,2.0,dfp_5,mb_4,0.953053083768027,0.2727155330124043,0.7272844669875956,139387.0,101374.0,FC,4710.572386043248,1073,256,264,5.4345837197723865,350.4668609254664,83.1173335935155,1567582.2115800653,89699.4421095875,21088.0,2636,0.0134525639830679,0.2233769151196532,0.0030049922429874,56.67376685927217,13.440849652957754,18.0,69.0,0.8678283688362654,1.0276117770600457,1.52544442553214,1.6610219844766034,2.046295563007493,0.3026413731164791,0.2935560392028873,3.1129118575342827,0.151257513932849,178.29626040702863,0.2804474379508186
Cha-F-300267,dense,True,4,0.6084488933786389,0.1311598861236109,0.7396087795022499,0.8266874827807879,0.2155643432849337,0.477289007255028,0.4015020234279368,1.4052902644333662,4.076709893432938,2.490647472862572,4.0,2.0,1.0,0.695527596657177,0.1311598861236109,0.826687482780788,0.8966663605473414,0.1885761064751241,0.564367710533566,0.508859004944416,1.0876232208691106,2.967213274320724,1.9651809052867848,3.0,2.0,1.0,0.5353772060249531,0.1154082358264916,0.6507854418514448,0.7274064257547352,0.2155643432849337,0.4199689701984614,0.3108560191018628,1.349098132417034,3.8539482119333615,3.216923393953377,4.0,2.0,1.0,0.6119981899282436,0.1154082358264916,0.7274064257547354,0.7889811881828174,0.1885761064751241,0.4965899541017519,0.393975311034883,1.069581321588023,2.9141591490027663,2.538230117448804,3.0,2.0,1.0,dfp_5,dlp_23,0.7496038871870708,0.1200950287672118,0.8799049712327881,61876.0,54445.0,FC,4865.788056131909,1109,202,209,4.151434416577965,366.30119011056985,77.75797399663256,1914896.9852131535,98536.68484925086,22160.0,2770,0.011572424089191,0.2195752732911511,0.0025410181820252,62.5760652707159,13.283571518463116,15.0,51.0,0.8208144494149644,0.9132485090337666,1.3950080436157997,1.5788310058814072,1.815592558258175,0.3805540378051584,0.2925281117115434,3.5443333445390257,0.1414130587989888,179.2654324363223,0.3766026953169784
VGlut-F-000158,dense,True,9,0.7331979185207677,0.1294747091897098,0.8626726277104775,0.926195437079228,0.1765890299455924,0.6037232093310578,0.5608640447659943,0.9276022361977126,2.528439303225861,1.782963285544937,3.0,2.0,1.0,0.7331979185207677,0.1294747091897098,0.8626726277104775,0.926195437079228,0.1765890299455924,0.6037232093310578,0.5608640447659942,0.9276022361977128,2.528439303225861,1.7829632855449378,3.0,2.0,1.0,0.671457748031949,0.1185720723744139,0.7900298204063629,0.8482035842018966,0.1765890299455924,0.5528856756575351,0.4703839904069853,0.930049299665984,2.534634131153803,2.1259226937863693,3.0,2.0,1.0,0.671457748031949,0.1185720723744139,0.7900298204063629,0.8482035842018966,0.1765890299455924,0.5528856756575351,0.4703839904069854,0.930049299665984,2.534634131153803,2.125922693786369,3.0,2.0,1.0,dlp_23,idlp_24,1.0,0.0842066908937492,0.9157933091062508,104291.0,95509.0,FC,4997.909049154264,1102,252,271,5.042108560231662,224.09374411356904,40.24348195988206,490593.99326693447,38332.11673700952,22696.0,2837,0.0462622867615319,0.220211008510498,0.0101874648237588,124.19176487105618,22.302760252965207,18.0,79.0,0.8505631465545037,1.1484166013681671,2.199783912479869,1.8622908127548463,2.022626082215404,0.6009634235094632,0.3718522259627974,1.7820312116338668,0.4775089089713838,55.09012418189724,0.3717886636153708
TH-F-200034,dense,True,6,0.436414273281114,0.1236135770234986,0.5600278503046127,0.6830983463881636,0.2832482450542438,0.3128006962576153,0.2399842139431797,1.8079374937680164,6.097857584104565,4.166940748180905,6.0,3.0,1.0,0.4776048738033072,0.2466840731070496,0.7242889469103568,0.8209434290687554,0.5165024199661787,0.2309208006962576,0.3072198422634129,1.472307042391937,4.359280594093138,3.2549980907242038,5.0,2.0,2.0,0.3770633812984263,0.1068025410269984,0.4838659223254247,0.590199239616921,0.2832482450542438,0.2702608402714279,0.1791486328280244,1.6883628517114488,5.410615470401988,5.581957195062494,5.0,3.0,1.0,0.4126521969295924,0.2131358583184946,0.625788055248087,0.7092978487896434,0.5165024199661787,0.1995163386110977,0.2293401462321304,1.3983770272078069,4.048623825524289,4.3603355820129,4.0,2.0,2.0,dfp_5,mb_4,0.8275118082687037,0.1359966793397179,0.8640033206602821,166232.0,143625.0,FC,5464.686529561725,1323,302,309,5.52639201473503,345.9291625671775,76.71702719258188,1627138.6386858802,89942.54885851672,24368.0,3046,0.0149759826364151,0.2242566697948836,0.0033584639929484,71.23172950698135,15.797125888455598,20.0,77.0,0.8929226355493015,1.1107086442198628,1.7425658576408565,1.706862016618225,2.012775885658094,0.2879563750816276,0.2686754667547022,2.0575966472080167,0.9279504387266718,110.06275362802894,0.2974709800844143
Trh-M-100071,dense,True,6,0.4341088937230051,0.1871591159872631,0.6212680097102683,0.7757337873199028,0.4311340281055956,0.246949777735742,0.2660746295100467,1.6004994294863482,4.955506732654517,3.758344047462973,4.0,4.0,1.0,0.4341088937230051,0.3416248935968977,0.7757337873199028,0.9033150477631704,0.7869566796179962,0.0924840001261074,0.3258867110805458,1.3216540808008927,3.749618422484487,3.068551020949244,4.0,3.0,2.0,0.3523165590957647,0.1518956572912602,0.504212216387025,0.6295744286162054,0.4311340281055956,0.2004209018045045,0.1752557237714629,1.4683733533682146,4.342166223244052,5.70594773443189,4.0,4.0,1.0,0.3523165590957647,0.2772578695204406,0.6295744286162054,0.7331175518611153,0.7869566796179963,0.0750586895753241,0.2146522256672581,1.2420664631173,3.462761745821075,4.6586984919045,4.0,3.0,2.0,dfp_5,fb_6,1.0,0.1884143260133946,0.8115856739866053,156331.0,126876.0,FC,6971.83919540181,1299,281,293,4.030500304501143,200.86990736487115,58.931731028317486,1242210.0200697584,67348.76954538889,31936.0,3992,0.0257090181885721,0.2183065880323713,0.0056124480424093,118.3036553270724,34.70823124709157,18.0,76.0,0.847330966869447,1.075901110401514,1.9716739806000596,1.7222968357516268,1.7539218101639773,0.5421752496184515,0.4384847811144617,2.3620504839135044,0.5475435454880927,92.27654438671098,0.3525542296503761
Trh-F-100066,dense,True,5,0.498508417583562,0.1617232426480981,0.6602316602316602,0.8168887301835279,0.324414266527384,0.3367851749354639,0.3087819563159978,1.5243486079989197,4.592151304216403,3.238531201533781,4.0,3.0,1.0,0.498508417583562,0.3183803125999658,0.8168887301835279,0.9026788968985502,0.6386658707655575,0.1801281049835962,0.3603712197849597,1.2742071623826912,3.575865205475961,2.7749163781633808,3.0,2.0,2.0,0.4267174405868718,0.1384332255024325,0.5651506660893043,0.6992473063501362,0.324414266527384,0.2882842150844392,0.2262495423325111,1.4379296234510863,4.211966427037255,4.419898443508605,4.0,3.0,1.0,0.4267174405868718,0.2725298657632645,0.6992473063501363,0.7726826969612064,0.6386658707655575,0.1541875748236073,0.2640498315345755,1.2238114386961314,3.400122426255746,3.78716393867139,3.0,2.0,2.0,dfp_5,fb_6,1.0,0.1440115642273109,0.855988435772689,157036.0,134421.0,FC,7099.278477325951,1449,339,358,4.775133150259086,218.7383767336418,65.14975404124272,1396888.2552415654,72295.17926956099,32560.0,4070,0.0233089510759537,0.2180368082716815,0.0050822092967617,108.9686151820587,32.455568992224705,18.0,73.0,0.8504166839154229,1.0888463922279066,1.888105978012221,1.7259065650009005,1.8297109477644204,0.4937939080973678,0.3861679038038924,2.529395847519274,0.6670351272960395,103.4867524216928,0.3510739494096523
npf-M-300037,dense,True,1,0.7049458394615079,0.12376944465319,0.828715284114698,0.8906375806503559,0.1755729840858905,0.5811763948083178,0.5191897977122794,1.097971391041826,2.998077923114197,1.926077909092837,3.0,2.0,1.0,0.828715284114698,0.0629314324362043,0.8916467165509023,0.9365210576603076,0.0759385444464595,0.7657838516784936,0.6938226809645518,0.7419202283124657,2.099964055832104,1.4412904441373993,2.0,1.0,1.0,0.4637096774193548,0.0814148918140218,0.5451245692333766,0.585856731258121,0.1755729840858905,0.382294785605333,0.2246502806378758,0.9977652597647256,2.7122139572693955,4.451363235160814,2.0,1.0,1.0,0.5451245692333766,0.0413959663295859,0.5865205355629625,0.6160386418846392,0.0759385444464595,0.5037286029037907,0.3002128714362516,0.7635566715700106,2.145894907291142,3.330969772268221,1.0,1.0,1.0,dfp_5,dlp_23,0.7012980283441719,0.3422052426416586,0.6577947573583414,141608.0,93149.0,FC,7880.728657438086,1780,376,389,4.771132421176804,386.78678457543975,66.13176068296991,1628151.2036610811,94111.21284077669,35424.0,4428,0.0217571930176663,0.2224686274118701,0.0048402928669753,119.16707760462684,20.374865356603237,18.0,70.0,0.8690702092454881,1.1018915908051017,1.7528311070814249,1.8297083254120088,2.3063297212285883,0.402368457643672,0.3129310863298202,1.919302895083296,0.5903593667528271,93.07153924299396,0.2764927299070089
