neuron_id,source,group,exclusive,soma_x,soma_y,soma_z,cable_length_um,max_strahler,primary_neurite_um,frac_primary_neurite,frac_cable_top_strahler,frac_cable_strahler1,soma_to_centroid_um
1005857944,EM,dense,True,-255.62933349609375,-33.3558235168457,-20.189807891845703,22433.01057684851,8,3.844525436639991,0.00017137804234834393,0.003614996314069147,0.36857107625347507,93.8419240157873
1008024276,EM,dense,True,-74.45046997070312,-151.4805145263672,61.49864196777344,3739.378408325356,6,0.0,0.0,0.07031796690529053,0.4241333179439066,194.03886099105756
1008378609,EM,dense,True,-182.2240447998047,47.028873443603516,-101.41899108886719,3979.9878523776747,7,2.203585464951697,0.000553666379568284,0.03416862193635735,0.3835197129920613,150.76820530920034
1012954687,EM,dense,True,-237.8455810546875,-19.065629959106445,20.20850944519043,7365.235013515274,7,3.333585743756353,0.0004526109129768694,0.015364138297807502,0.3847844328435581,84.68278116525494
1013346945,EM,dense,True,-204.94398498535156,-139.0464630126953,22.92726707458496,2810.3203159501354,6,3.2404040392774394,0.0011530372608724844,0.04124301409320096,0.3600600856819299,133.3668667023908
1014344148,EM,dense,True,-220.69390869140625,-74.10276794433594,39.18394088745117,9858.128692538341,6,0.0,0.0,0.015897367053163552,0.4688141316279459,67.95716926389399
1035601661,EM,dense,True,-60.755149841308594,42.27735137939453,-87.89717864990234,3434.515718878681,5,0.6675023374513,0.00019435122505982583,0.07883463296695342,0.5040576698108791,155.32128477658773
1036637638,EM,dense,True,-71.18544006347656,36.563140869140625,-95.67178344726562,24351.895959769685,8,4.563026810212189,0.0001873787083252365,0.00906139392960631,0.48150464007956834,79.17088547240856
1037293275,EM,dense,True,-100.205810546875,-90.15926361083984,64.41291046142578,5222.075653202193,6,1.931033439641478,0.0003697827392556755,0.0031092141776948834,0.4805150436418384,42.698568884530374
1042656011,EM,dense,True,-224.96060180664062,58.957000732421875,-20.847122192382812,1903.6532404649618,5,1.0176032436217333,0.0005345528387161449,0.09334160398450173,0.31460241872107386,66.01828740343964
1043117106,EM,dense,True,-59.50347137451172,88.697021484375,-81.99238586425781,6231.1377683575365,6,5.446182009785164,0.0008740268972131427,0.03109755160886766,0.3182910558466194,114.35222436099869
1043705078,EM,dense,True,-246.72802734375,-51.2719841003418,27.478761672973633,3724.4092357492937,6,1.2108190535591496,0.0003251036545439002,0.0195634671257348,0.34474216882442876,93.71000949335992
1048250312,EM,dense,True,-67.38591766357422,-39.63994598388672,-98.36492156982422,5930.20621299829,7,1.9052254605796697,0.0003212747402280291,0.029085478975507763,0.40284704724445913,130.25030353135185
1051980223,EM,dense,True,-63.10760498046875,-7.783471584320068,17.296764373779297,3165.5749017346557,6,0.9969155671076273,0.00031492401792841565,0.016137225139973108,0.4864893203235288,27.080604128643866
1070426862,EM,dense,True,-72.15261840820312,-148.16519165039062,55.76958465576172,3276.2381737087953,6,0.0,0.0,0.07701937405381595,0.4067259070117843,182.44656498693104
1105169664,EM,dense,True,-139.63040161132812,-34.201805114746094,43.54140853881836,4432.829501988937,6,3.937506539390595,0.0008882603171685039,0.025222837720206434,0.3854877631793871,48.77809897603304
1107081827,EM,dense,True,-173.1058349609375,-59.536338806152344,-84.70153045654297,7690.731277073687,7,2.5394642144167388,0.00033019801666805883,0.02081136976517946,0.3773428412273748,89.74559625828067
1107561814,EM,dense,True,-180.66416931152344,-30.814607620239258,-92.55915069580078,7585.331998523401,6,3.012744623922912,0.00039718032440892346,0.04002417087134439,0.5247393154961435,116.91393438807071
1110972158,EM,dense,True,-48.591583251953125,115.9062271118164,15.36235237121582,3147.8499860677202,6,0.5066251976360514,0.0001609432469394532,0.059487582321870854,0.4392916327209704,66.59577355948318
1131827390,EM,dense,True,-74.04987335205078,-27.01641273498535,-94.7684555053711,11743.51799514048,7,1.4004234717203259,0.00011925076219066785,0.021438764952353313,0.4406022535821076,96.32968049235906
1134107162,EM,dense,True,-110.70736694335938,-67.23403930664062,-101.20065307617188,5234.554130698351,6,0.0,0.0,0.028721260475853792,0.486371651320811,91.21566028333577
1135441187,EM,dense,True,-245.3203125,40.377079010009766,-23.565757751464844,17827.401585743435,7,0.0,0.0,0.017307967502813028,0.5370710001429969,132.54103418161733
1135837629,EM,dense,True,-13.53415298461914,-32.43444061279297,-96.60592651367188,10599.874808577715,6,4.140636708966225,0.00039063071816805854,0.01988000606694091,0.44511506063117673,143.24279221234542
1160073701,EM,dense,True,-107.40058135986328,1.3204307556152344,-105.70496368408203,3583.171929617548,6,4.163634299866681,0.0011619967954792192,0.042986760700681186,0.321876152568784,107.75599699181774
1167304403,EM,dense,True,-143.38442993164062,-15.41823673248291,34.996788024902344,3238.343159914266,7,1.1523764728973604,0.0003558537239542795,0.041883218522341545,0.40597828751037857,123.08406433170511
1168915489,EM,dense,True,-86.78079986572266,109.7738265991211,8.393244743347168,7531.6172734478105,7,2.3979680630231752,0.0003183868717648524,0.03904766786740471,0.4438702748749605,173.32682315766078
1191315642,EM,dense,True,-114.07744598388672,-89.5569076538086,22.605697631835938,9186.52195035086,7,6.57727717395632,0.0007159703323525086,0.024242188929840636,0.4360744902446919,93.9901735356651
1192019859,EM,dense,True,-157.15756225585938,-77.26909637451172,60.46391296386719,1201.4505601695782,4,0.5877507161516334,0.0004892009173217046,0.140696902145457,0.39218727718227964,82.67896529857366
1198330286,EM,dense,True,-62.26615905761719,-31.18207550048828,-98.86100006103516,7669.703162305224,7,3.446896511304312,0.000449417198861749,0.015564776784339018,0.43456164900542793,103.3035601602067
1224595608,EM,dense,True,-206.01998901367188,46.129493713378906,-103.71701049804688,3084.1493436575956,6,4.590925930233799,0.0014885550012922741,0.10231855001979658,0.4002930861669566,180.72477705016047
1224941044,EM,dense,True,-72.87933349609375,-35.411842346191406,-98.84623718261719,6584.169943565132,7,1.9967500075505071,0.00030326525965539196,0.033088372182143735,0.4459489104653517,86.31167926336245
1225290633,EM,dense,True,-66.33302307128906,-145.1429443359375,64.3495101928711,10910.754164417856,8,4.512400003012256,0.000413573611412499,0.020009870603820732,0.4750180106866853,171.10254058415723
1225640135,EM,dense,True,-87.11831665039062,-25.97929573059082,-100.8048095703125,5395.261524519262,7,4.106430450175858,0.0007611179609206722,0.022323993882822326,0.36161702684607866,90.28327897273502
1228265278,EM,dense,True,-124.2042007446289,-2.030409097671509,-101.21684265136719,5334.627121330346,6,5.182896440251196,0.0009715573970535898,0.029847359181873714,0.3899786400301268,99.51996176568338
1261000309,EM,dense,True,-133.0237579345703,-17.299800872802734,44.2379035949707,3195.409759605493,7,2.5446048538206294,0.0007963313143710207,0.04280567531699244,0.42998305522714253,118.53138570117525
1261423370,EM,dense,False,-134.01690673828125,-14.205668449401855,36.624549865722656,1575.2453408403576,7,1.687774036896663,0.001071435663473395,0.10189783640038694,0.39117434401990264,110.25174803206984
1262360335,EM,dense,True,-105.55194091796875,98.94265747070312,8.317859649658203,11187.640039367498,7,3.1558253928796116,0.00028208142036879733,0.018409232200518034,0.4969820298779834,156.8086891754248
1289359184,EM,dense,True,-79.97298431396484,-75.06549835205078,-105.15824890136719,8959.022386146793,6,0.0,0.0,0.01469280016757542,0.5242490487752294,131.12405381374452
1316245799,EM,dense,True,-89.37332153320312,-16.28460693359375,-89.24053192138672,6334.1350353397465,6,1.4097372050242296,0.00022256191210938005,0.04342836943830525,0.4459079788578048,116.00635587893262
1321564092,EM,dense,True,-257.73675537109375,14.646100997924805,-51.762733459472656,28609.672252317425,8,3.0039590365902975,0.00010499802339913113,0.004824304691705724,0.44514531053073936,103.69376076685374
1352684733,EM,dense,True,-226.3651885986328,-91.88323974609375,34.21896743774414,17087.448585703758,8,4.414381820004665,0.0002583406058466777,0.002902549010301984,0.41970715135387976,76.62869681835882
1354368623,EM,dense,True,-175.00436401367188,-39.6832160949707,32.69571304321289,2508.8895662551117,5,5.518746198042393,0.002199676810119601,0.07427884302921063,0.4361688183152267,20.52343618788398
1378251040,EM,dense,True,-142.1479034423828,-130.5306854248047,-56.84994888305664,11282.059087458982,7,2.8648826459278824,0.00025393260429848805,0.014595722809602857,0.38706292490232197,84.59580075271435
1383016399,EM,dense,True,-218.4114227294922,-52.6082878112793,35.512786865234375,3988.7820508526997,6,2.669769786770985,0.0006693195448470935,0.015919481540645583,0.33225623427702977,52.062411847040195
1406911688,EM,dense,True,-189.72036743164062,-29.28112030029297,-87.68841552734375,9878.924605368216,7,4.9335033052432165,0.0004993967969511931,0.02038410325070986,0.3946028500452971,83.82779843803321
1443135486,EM,dense,True,-75.83074188232422,-40.25141906738281,-102.02690887451172,3567.883468246486,5,4.749289507683526,0.0013311223726759406,0.04620196545282022,0.3742535768035306,81.71000290737537
1449247522,EM,dense,True,-118.1274642944336,-28.79660415649414,27.585670471191406,5129.344155592129,6,0.0,0.0,0.016151853754333954,0.5340555025239728,87.55029658033054
1449618949,EM,dense,True,-73.5033950805664,-4.36199426651001,29.404327392578125,1377.093147023143,4,0.0,0.0,0.15519013728076367,0.37263100482281786,80.95072662482357
1479156699,EM,dense,True,-193.3582763671875,-55.58633804321289,50.389060974121094,3081.566245834751,5,2.6577572203462054,0.0008624696041951413,0.09034945687768894,0.33548782256950105,46.52734143304524
1480525278,EM,dense,True,-146.8128204345703,-50.328330993652344,52.14398956298828,4193.244948886948,6,2.7103023060215214,0.0006463496263772862,0.029633740168023705,0.35829448894384475,57.125500376941595
1572390197,EM,dense,True,-113.21614837646484,2.9146037101745605,55.95406723022461,5534.983253914609,6,2.7635066384256195,0.0004992800360274141,0.03291223705243686,0.442703663415537,97.55761682303513
1578826464,EM,dense,True,-116.08204650878906,-10.228611946105957,59.588558197021484,11325.721561345757,8,2.6919459797000127,0.00023768428043362098,0.011203033366077881,0.42157245309845137,73.17110511186992
1630051981,EM,dense,True,-135.9414825439453,-49.81231689453125,68.11283111572266,4066.023044789274,6,6.674342571512741,0.0016414915749348995,0.042516020019471946,0.5187914230989149,65.68613918135031
1639886198,EM,dense,False,-102.43400573730469,-17.4028263092041,55.0687141418457,10715.786585465834,8,3.005485766430295,0.00028047271588132707,0.007831125135711842,0.5060343337461075,55.30718762551148
1640555311,EM,dense,False,-112.1475830078125,-19.50769805908203,59.32358932495117,9681.426597203994,8,6.036172757496642,0.0006234796800752376,0.008389224979067836,0.5076855228274241,58.82916942714414
1640572741,EM,dense,True,-122.54230499267578,-52.95808029174805,71.17709350585938,21125.8603748839,9,2.155495684402138,0.0001020311431654051,0.003316423509244896,0.44524537012752674,58.605574571635344
1640887603,EM,dense,True,-120.78023529052734,-18.194700241088867,58.753074645996094,10546.319568354296,7,2.8749109883325272,0.00027259850886361334,0.012995614136472126,0.4183388965867508,70.67361627348969
1640909284,EM,dense,True,-37.58442306518555,-76.10531616210938,42.68406677246094,22428.969636455615,8,10.55695392458724,0.0004706838564455574,0.0052224556850691975,0.5630040660170759,36.639962879617585
1640922516,EM,dense,True,-114.1231918334961,-23.312992095947266,68.2308578491211,19619.721202161683,8,3.352419305427708,0.0001708698748001751,0.004580303683166289,0.3881642193717516,63.04091137264766
1640922754,EM,dense,True,-119.67321014404297,-33.53390121459961,59.90559768676758,8737.88173763898,7,3.020577286382606,0.0003456875907774395,0.008846549013002285,0.30387678140421887,61.060284002162724
1666561406,EM,dense,True,-92.69058990478516,105.02981567382812,9.324556350708008,5916.699236617437,6,2.1352879332423966,0.0003608917485660697,0.04272519211785688,0.4256628474972175,172.51033623568637
1667251683,EM,dense,True,-95.68263244628906,-14.398528099060059,78.92262268066406,18283.552372253882,8,2.5909997986287574,0.00014171205605321627,0.0071700165730536215,0.3963799465352227,57.846613367328565
1668944259,EM,dense,True,-62.58269500732422,-77.89019012451172,58.581275939941406,3240.5458126899716,5,11.354426771710017,0.0035038624441740963,0.03063632553235878,0.5076153627031352,22.370983719765363
1669924220,EM,dense,True,-90.06389617919922,-25.989582061767578,86.65349578857422,9801.074860781997,6,0.0,0.0,0.04071631978448375,0.4951077878004031,45.35412366738647
1670597533,EM,dense,True,-135.57489013671875,-58.14937973022461,69.52435302734375,10207.953536092078,8,0.7830528279555733,7.671006976931737e-05,0.009840082148377857,0.4020144032548865,74.1171366980781
1671257931,EM,dense,True,-37.38099670410156,-39.669166564941406,62.65078353881836,7185.75103876917,6,5.813029583243561,0.0008089661820846024,0.010107218507212861,0.5622075020111135,25.641841107163284
1671620613,EM,dense,True,-79.6150131225586,-143.62509155273438,74.79295349121094,25398.22184253619,8,3.0803577933976545,0.00012128241939515476,0.005631765541768879,0.5587981429271172,77.47728390234288
1671638278,EM,dense,True,-127.37659454345703,-98.23299407958984,78.95281219482422,9982.159549586935,6,4.331498271076219,0.00043392396700926884,0.014509703791612628,0.41117159884705967,86.69864567420979
1672320134,EM,dense,True,-127.15890502929688,-28.360614776611328,61.89389419555664,13972.588216282027,8,3.6301821854782803,0.00025980742646148323,0.0078102820591548555,0.3714342193247145,73.65816166558318
1699974843,EM,dense,True,-121.49787902832031,-27.842493057250977,73.48210144042969,19354.931790772567,8,3.35148534432115,0.00017315924336757236,0.004764061770191677,0.3744405674027316,68.49903430910395
1700644008,EM,dense,False,-76.08833312988281,-140.60145568847656,77.83331298828125,3462.6920812386516,6,2.274354523385771,0.0006568168552175173,0.047297790971073235,0.3651155038380468,93.34362482998367
1702306037,EM,dense,True,-82.76570129394531,0.3653114438056946,69.11054229736328,10835.403772351425,8,3.3972378428812777,0.0003135312642017061,0.010971008081208737,0.33457854113552854,61.989313792375604
1704347707,EM,dense,True,-109.46817779541016,-17.23259162902832,79.33293914794922,20383.221838811292,8,2.3251875361116916,0.00011407360202911336,0.004711018692546016,0.44369503426181495,61.60411613569452
1727979406,EM,dense,True,-136.4662322998047,-76.12489318847656,60.41444396972656,5685.248298818399,7,2.9602310878186153,0.0005206863328086935,0.022965490926896908,0.464536131406362,69.16074169419949
1730651751,EM,dense,True,-69.77484893798828,-71.34039306640625,71.99776458740234,3052.3537548997356,5,0.0,0.0,0.02495903271717269,0.48559159678304553,25.86083870008784
1733677514,EM,dense,True,-122.70562744140625,-109.23543548583984,80.6253433227539,6453.832338896051,7,2.868277155284191,0.0004444300695569075,0.013632093570182411,0.40037694517658146,74.8515925790321
1762359683,EM,dense,True,-115.23836517333984,-15.696154594421387,61.586585998535156,9249.88990811477,8,2.3428250901629517,0.0002532814026367634,0.00975155617139558,0.3468595546358785,64.30102367146878
1793403571,EM,dense,True,-119.2960205078125,-101.21795654296875,73.27645874023438,5812.729833640948,7,3.1189617268667993,0.000536574349080518,0.016469147670565273,0.41867931445900236,72.10962753496318
1794055377,EM,dense,True,-134.6550750732422,-61.2656364440918,60.04816436767578,4835.023196687425,7,4.075609082967716,0.0008429347527763673,0.024647694349245547,0.431173051155266,48.9557382193656
1888199872,EM,dense,True,-84.65327453613281,-139.92543029785156,86.82368469238281,4965.459538601026,7,2.4752909747606613,0.0004985018920238856,0.022046829218680578,0.35206312440053095,87.35009223912593
1916800213,EM,dense,True,-124.62059020996094,-73.87300872802734,80.22572326660156,8419.891925732834,8,2.0281426363005624,0.0002408751388010293,0.012430378520971553,0.35726640850757924,61.740038678384096
1978573010,EM,dense,True,-135.50721740722656,-75.6968002319336,56.0626220703125,6641.254316309079,7,1.2125969988680008,0.00018258553898323074,0.018730606270816078,0.451902137458224,84.05170224084779
2040301572,EM,dense,True,-128.27520751953125,-55.59566879272461,80.03279113769531,1612.53272507649,5,0.0,0.0,0.0994541308249401,0.33587237985160395,64.71133348315182
2095549849,EM,dense,True,-129.19129943847656,-137.08322143554688,79.27032470703125,7018.747787861886,7,4.555271932979922,0.0006490149056015005,0.014216340445070223,0.49283012849038826,95.20345937991847
2135408892,EM,dense,True,-104.56060028076172,-42.9313850402832,62.35507583618164,5867.890242399906,6,0.0,0.0,0.009793245776923051,0.5591116232365497,46.579816693016184
267551639,EM,dense,True,-76.93708801269531,13.775390625,-103.99172973632812,6247.369155692656,6,0.0,0.0,0.03254290546884541,0.48059293881880655,110.28462648792276
294436967,EM,dense,True,-152.61575317382812,-126.29299926757812,-56.06972885131836,12788.000075151216,7,3.974174470782651,0.0003107737290762924,0.022624610369794608,0.4328270570300541,207.30144465927842
296139882,EM,dense,True,-12.4971284866333,90.03084564208984,23.700706481933594,15589.799006157999,7,5.585832540494884,0.0003583004847136561,0.006101624671650793,0.4512195180151566,97.54939207353928
296543992,EM,dense,False,-233.50381469726562,68.69221496582031,-97.6978759765625,4576.419911356323,6,1.9244767623036585,0.0004205201444754001,0.059367928258348995,0.35402701400318415,99.53007419034897
297230760,EM,dense,True,-55.54233169555664,22.967390060424805,-103.53783416748047,11678.471178639345,7,2.4708439078645585,0.00021157254833011763,0.015403818720681063,0.4290548824504883,115.8273316048243
297251714,EM,dense,True,-63.24836349487305,124.00200653076172,-3.304621458053589,14483.418914572874,7,2.623361721575187,0.00018112862280988246,0.009178804429196906,0.4548915725092404,58.451711829014805
297580589,EM,dense,True,-150.80450439453125,88.38168334960938,-22.973779678344727,7078.193694430393,7,0.0,0.0,0.0,0.5268693442968616,28.187202213547494
297917475,EM,dense,True,-255.75418090820312,54.177978515625,-91.03754425048828,4427.4390875942645,6,1.149937795135077,0.0002597297833768546,0.060296327165587624,0.4520437603761851,165.767751776491
297925608,EM,dense,True,-13.465188026428223,99.31632232666016,16.388303756713867,8173.557879517053,7,1.843319352392976,0.00022552227311099573,0.013048029289503204,0.45379598772979257,49.65360962275995
298214577,EM,dense,True,-207.19947814941406,57.67705535888672,-100.66571044921875,3619.4238332701657,7,3.5415933002653825,0.0009784964302082127,0.04387339695716787,0.34486347150304114,94.52300358714648
298254384,EM,dense,True,-220.02178955078125,107.05144500732422,-89.67132568359375,8090.7017315683,7,1.8878010077248848,0.00023332969998869974,0.020668020578527433,0.428424854240811,82.99684975169575
298258399,EM,dense,True,-71.34042358398438,75.49308013916016,-43.05002212524414,6702.964755964682,6,10.25865396974012,0.0015304651513513303,0.017946173405692736,0.45748187119210815,34.620822911954775
298258611,EM,dense,True,-99.50196838378906,137.2126922607422,-53.10863494873047,9879.434640140094,7,3.313611757574334,0.0003354049981879677,0.01298252377063006,0.45455501238427204,44.48315305281275
298595394,EM,dense,True,-150.05401611328125,83.67222595214844,-14.731562614440918,2842.3053687887927,5,0.0,0.0,0.09038253339140938,0.45814619186920424,67.56391600700013
298603730,EM,dense,True,-167.21922302246094,61.64230728149414,-97.45085906982422,4770.442017746465,6,0.0,0.0,0.05344735903148543,0.3989258569207232,133.0164988651869
298612190,EM,dense,True,-84.0712890625,133.49830627441406,-63.343597412109375,5566.598874908388,7,1.6050047258845719,0.0002883277135557906,0.01501869660181059,0.39597965895719445,78.3982928585891
326817334,EM,dense,True,-64.52783966064453,86.26524353027344,-4.775969982147217,3759.336167016141,6,0.0,0.0,0.00650635284494534,0.5313689204730665,31.816964493815863
327499164,EM,dense,True,-256.75518798828125,33.26225280761719,-42.12556838989258,14735.255024068265,7,0.0,0.0,0.006898904430151527,0.5222026564156598,85.91230700627564
327937328,EM,dense,True,-134.92237854003906,41.2934455871582,-21.94249153137207,4801.79289395447,6,3.3507686394123377,0.0006978161518858937,0.020136549509794717,0.5025839916239399,44.76596644319093
328265389,EM,dense,True,-59.82917785644531,92.65786743164062,-30.68083953857422,7926.278115157926,6,0.0,0.0,0.016929279074726137,0.5161051069647171,14.066228390329961
328533761,EM,dense,True,-168.6953887939453,-99.91595458984375,-59.5128173828125,19211.57221085015,6,0.0,0.0,0.019268825013999173,0.5158129466369554,168.23395102040712
328546871,EM,dense,True,-50.24468231201172,112.63336181640625,15.291754722595215,4089.8225838780277,7,2.001745949556354,0.000489445668730762,0.02651336388426852,0.360661908266206,68.42938298956926
328601956,EM,dense,True,-82.10083770751953,15.416912078857422,9.717642784118652,3579.1499521427954,6,7.640163624379781,0.002134630771702008,0.009832000590966814,0.5176060581876912,34.73065029871574
328611004,EM,dense,True,-204.00831604003906,77.16114044189453,-99.4169921875,14254.76714618708,7,3.1828278190375254,0.0002232816423023003,0.014556766727190399,0.5117184095360328,132.56856327438362
328870472,EM,dense,True,-57.84678649902344,120.22537994384766,-73.9321060180664,8609.940499463744,7,0.22455283939040369,2.6080649384788382e-05,0.01613700818008141,0.4275974878880711,90.17698699241623
329225149,EM,dense,True,-260.292236328125,-45.066261291503906,2.433497190475464,8650.684494482253,7,1.5904459637230985,0.00018385203676513084,0.014666392119687397,0.39135666569463984,163.33134113796297
329289084,EM,dense,True,-191.7897186279297,43.359474182128906,-104.7784652709961,3772.746940964641,7,2.9421080594928006,0.0007798318057188705,0.03836780961376147,0.40113069246163846,154.6937144927708
329566174,EM,dense,True,-74.9710922241211,-7.13161563873291,47.410011291503906,27515.788437136875,7,0.0,0.0,0.0009531265686505761,0.4767678398724333,96.10233343512401
329566197,EM,dense,True,-81.8310546875,106.86573791503906,-84.4556884765625,5769.266148906931,7,1.8615039359043941,0.0003226587035262851,0.016443927857129073,0.3677540856231004,73.57919430800928
329646990,EM,dense,True,-173.89112854003906,-59.12968444824219,-83.695068359375,3423.1254007481343,6,3.104895679886707,0.0009070353306975323,0.0680265455811996,0.3706263370048248,170.96525195538598
329897255,EM,dense,True,-259.5874328613281,-13.693435668945312,-14.617079734802246,8841.358768523294,6,4.242748371647443,0.00047987515072370234,0.01780516794141554,0.38690416964255314,139.8722390140556
329970706,EM,dense,False,-229.51263427734375,22.593908309936523,-103.7555160522461,5569.318879353736,6,2.310725901120049,0.000414902782759709,0.04256961591229494,0.3798270715779895,197.17825732179773
330268940,EM,dense,False,-253.49977111816406,9.227602005004883,-44.95560836791992,19391.90275067669,8,0.8844434135877647,4.5608903105545e-05,0.007262795200961907,0.5165298944784323,110.02707962017153
330640044,EM,dense,True,-188.26319885253906,31.27606773376465,-102.322265625,15619.008211704546,7,2.550750124080466,0.0001633106333966192,0.01542359410296094,0.46860482478418053,175.69688118826167
331662710,EM,dense,False,-186.06214904785156,83.77406311035156,-97.82828521728516,11965.449741337308,7,2.9933987839331797,0.00025017018571327226,0.015665695252645533,0.47650364548475366,145.46727787711785
331774819,EM,dense,True,13.956003189086914,111.57780456542969,7.390743255615234,5892.656861420843,7,4.322574928213191,0.0007335527979769261,0.014063054720548614,0.42373218691134656,35.31031873042766
358890923,EM,dense,True,-247.81106567382812,7.76780366897583,-9.006808280944824,3205.8430341988783,6,1.7517078190156072,0.0005464109753125667,0.03926538356131924,0.33831181795291876,123.01247236528766
359598627,EM,dense,True,-34.10325241088867,96.1207046508789,28.883390426635742,3912.4461670454198,7,3.308186579452556,0.0008455545298788902,0.03184981929889186,0.3732815089446249,69.94948406615693
359931311,EM,dense,True,-138.47474670410156,99.54803466796875,-3.220048666000366,2825.428126231657,6,0.0,0.0,0.0007520032024468176,0.3974875676361851,32.524952768271575
360255138,EM,dense,True,-232.42832946777344,-6.5827836990356445,-4.452469825744629,5840.799796684788,7,3.523838186689851,0.0006033143249816517,0.02626573905464522,0.38058302908269914,127.0497091777304
360259229,EM,dense,True,-262.0036926269531,24.668453216552734,-57.02082061767578,6071.278200472112,7,1.4934575131607148,0.0002459873298253045,0.031721246819065865,0.3810129893130495,83.95662088961359
360591860,EM,dense,True,-156.45193481445312,117.2839126586914,-94.20772552490234,9175.17030850169,7,4.551065472121224,0.0004960197270566431,0.014305180239364819,0.4530304488100281,73.86397550396356
361005850,EM,dense,True,-181.11854553222656,83.8264389038086,-97.3834457397461,7991.507333576695,7,2.1216748619100434,0.00026549119876243205,0.013981396065021728,0.42156458078034764,144.88755256499073
361273559,EM,dense,True,-222.04864501953125,117.32691955566406,-71.4563980102539,2724.170900497757,6,1.9238589598543387,0.0007062181596253061,0.06670614302040508,0.31963612229205657,86.36280747206631
361312808,EM,dense,True,-69.93766021728516,27.336305618286133,-105.51678466796875,17072.260396469414,7,4.2507932926098935,0.0002489883116759962,0.01740505405959373,0.4348795094999049,105.91789543954484
361704572,EM,dense,True,-66.58230590820312,132.52999877929688,-50.424373626708984,2559.244825499059,6,2.445730719383447,0.0009556454681534908,0.06344792289319849,0.3891134682796665,57.24144446484065
387568523,EM,dense,True,-189.7090301513672,43.37639236450195,-65.17032623291016,5942.80853218842,6,0.0,0.0,0.0366484889555109,0.4715293621132918,108.13514284177022
387870860,EM,dense,True,-249.0655975341797,80.35828399658203,-92.42094421386719,7023.8537687162925,7,0.9399107457708943,0.00013381695814300475,0.018648268011349833,0.34246756570447634,59.78112559334804
390280026,EM,dense,True,-244.66409301757812,0.21017605066299438,-5.319443702697754,3672.4385754155373,6,0.4640192671779385,0.0001263518116502288,0.032597535715069334,0.3694804622984841,141.0285393768408
391496898,EM,dense,True,62.97105407714844,51.256431579589844,-86.56702423095703,2370.8088113312315,6,1.2587680830450667,0.0005309445776600841,0.08578544770986654,0.33087999959565045,93.74369955707161
393063351,EM,dense,True,-209.6097869873047,34.969974517822266,-108.21666717529297,7662.092870312121,7,1.5783441907809233,0.00020599387367078838,0.020665359973191258,0.4141497434548684,183.9403049437071
393766777,EM,dense,True,-165.91995239257812,21.49619483947754,-100.8780288696289,18413.17726914873,8,2.128814565340241,0.0001156136463698239,0.010878573316324393,0.5226239476741705,133.5149085400405
417221397,EM,dense,True,-111.76888275146484,103.43124389648438,-82.08997344970703,6591.696642373585,6,2.778906457857576,0.00042157681225708343,0.017432527266678946,0.347104446744116,67.19840864271096
421641859,EM,dense,False,-188.53765869140625,115.5616226196289,-89.59320831298828,10268.251057093128,7,3.007603381116593,0.0002929031793626621,0.019902163724668385,0.43655683070035417,59.28931809628316
421646999,EM,dense,True,-158.68667602539062,105.64253997802734,-50.036163330078125,4316.885753649314,6,0.0,0.0,0.03385002906571201,0.5019782619481473,71.03145755324505
422738252,EM,dense,True,-171.52870178222656,75.31160736083984,-102.03990936279297,10166.17321476844,7,2.419950951272336,0.0002380395159662304,0.01506677129611399,0.4466592911910465,148.2908693524391
422751191,EM,dense,True,-185.7411346435547,82.37284851074219,-99.35004425048828,17003.103470383438,8,2.4205076160345604,0.00014235681269896875,0.012815848788313091,0.5131423855296205,150.00403609318903
423101189,EM,dense,True,-30.814008712768555,-49.37639617919922,-17.52505874633789,22928.422784556373,7,2.5248189769211393,0.00011011742938645356,0.015711103188765393,0.5334728117823883,100.35804654765417
424716408,EM,dense,True,-238.06747436523438,4.7597222328186035,-52.80299377441406,7158.172978643741,7,1.6845121135370686,0.00023532710351688557,0.011726135542721602,0.4143514815193288,68.64276149833805
424793122,EM,dense,True,-125.51922607421875,61.829925537109375,-21.20911407470703,6163.676711148763,6,12.426560331139578,0.0020160954108223435,0.002016095410822343,0.4962941886624703,65.04571524605434
447599745,EM,dense,True,-105.46626281738281,101.42413330078125,-90.54280090332031,8930.772883826652,6,6.3240664725147635,0.0007081208485289609,0.01921053503137193,0.4117913940876572,70.87133348812046
451982486,EM,dense,True,-122.09300994873047,-109.54947662353516,79.08265686035156,2182.5761061453236,5,6.153674023619834,0.0028194544997965356,0.20628789779505888,0.3478027194700964,146.59703312065778
452029745,EM,dense,True,-170.93960571289062,38.96274948120117,-106.85001373291016,3833.890183079624,6,2.0474456804936034,0.0005340386872659366,0.07605355229203489,0.4529503419072809,138.55706452827513
452953198,EM,dense,True,-243.45281982421875,-6.812201976776123,-6.392292022705078,2638.614332649432,4,0.0,0.0,0.05362773599328145,0.4682751464423067,85.96237441148979
452971138,EM,dense,True,-258.854248046875,76.5676498413086,-61.54975891113281,10029.034042263924,8,1.0675768320683154,0.00010644861983411155,0.01123806315689552,0.4273341029829682,90.57674016470132
454002974,EM,dense,True,-203.39569091796875,53.42845916748047,-16.605669021606445,6545.143425593507,6,2.4814584626336553,0.00037912973043957994,0.0019172816368220576,0.4266765007571235,85.87532253233631
455431209,EM,dense,True,-52.790931701660156,108.91417694091797,18.729318618774414,4274.642389309998,7,0.5018216089116466,0.00011739499195689429,0.023459351937840628,0.3892879059828018,71.4846561817153
456847100,EM,dense,True,-251.8061065673828,-14.667180061340332,-5.390752792358398,8848.686280735072,7,2.3040862277512515,0.0002603873789454595,0.013258602964315353,0.3945808756689891,121.64515925965347
484126552,EM,dense,True,-245.00924682617188,18.289194107055664,-28.24243927001953,5666.949169791446,7,3.395393166510043,0.0005991571593071125,0.06120442097972529,0.4401230191343449,171.42388171645146
484359937,EM,dense,True,-173.45773315429688,-12.028078079223633,37.99711227416992,5396.971088283754,6,1.3220453049726524,0.0002449606053741275,0.016091284602823486,0.3860091345835932,51.42924947610518
486880919,EM,dense,True,-229.12234497070312,10.543478012084961,-7.133183002471924,3893.350119298956,6,0.0,0.0,0.08403311421287019,0.4518498127765291,150.8279694998017
487143497,EM,dense,True,-176.08700561523438,40.368927001953125,-99.81781768798828,9583.679736633281,7,3.53711611125851,0.00036907703600924885,0.02766545417032625,0.5000550930653216,149.10067728492854
487144598,EM,dense,True,-248.30613708496094,8.691675186157227,-37.51906967163086,19468.20520400547,7,3.097497892447323,0.00015910546760674327,0.013035289765223838,0.49664568495648687,129.3898597922063
488231898,EM,dense,True,-142.96229553222656,2.1454737186431885,32.84785079956055,4842.253073307349,6,1.6616868819758612,0.00034316398932881425,0.04762833979607393,0.3901229728457819,83.20146180678242
488922181,EM,dense,True,-65.83842468261719,127.97530364990234,-12.793903350830078,13725.351803344423,7,0.9023374118886689,6.574238859719417e-05,0.005482629234566436,0.40862726993406984,107.08705045031115
510049477,EM,dense,True,-65.68557739257812,94.74980926513672,-84.564453125,10639.659432326658,7,2.852633273196659,0.0002681132127715907,0.027931640963120143,0.49148203495748305,75.26710996076517
510987433,EM,dense,True,-245.46102905273438,-2.9785521030426025,-12.80180835723877,5397.805262981585,6,4.228545828493374,0.0007833824346152223,0.06919490063326306,0.4191508365512802,174.31257845370686
514842241,EM,dense,True,-89.09294891357422,58.5874137878418,-45.82953643798828,5216.823236458273,5,0.0,0.0,0.048010566290187406,0.5098254080798265,58.42314607614541
514850616,EM,dense,True,-33.467750549316406,0.40270280838012695,-98.52372741699219,5776.7970578274835,6,1.110035328298139,0.00019215411536641327,0.05129820845793804,0.4067238531445752,108.71805116527219
515049524,EM,dense,True,-190.7228240966797,-5.282207489013672,29.730712890625,1388.6993732974477,4,0.0,0.0,0.09707000996172034,0.3204649190206848,27.267610526077718
516055524,EM,dense,True,-205.83555603027344,14.474493026733398,9.329042434692383,13150.164331983488,6,0.0,0.0,0.027815935577284557,0.4678104761232338,87.79563240321752
517514142,EM,dense,False,-192.26516723632812,79.37020111083984,-100.08940887451172,9559.548653603311,7,1.1742591751025517,0.00012283625698792112,0.030019849959520433,0.4935006258082278,122.38586590182173
520617773,EM,dense,True,-164.51754760742188,-16.528921127319336,-92.36092376708984,7859.566246410115,7,1.5269805235338108,0.00019428305273605455,0.02019852121762737,0.4028385502814972,126.57923556362147
542376096,EM,dense,True,-170.10577392578125,125.17979431152344,-90.16329193115234,8257.60674979924,7,2.7622830791762074,0.000334513759600306,0.020010668198580224,0.42101829713290945,127.47681288260371
543692985,EM,dense,True,-265.5562744140625,70.2205581665039,-60.83002471923828,18448.17898808871,7,1.7446131881023959,9.456831426173967e-05,0.019798590303635014,0.4368936029677578,99.11203284975997
543821838,EM,dense,True,-96.47808074951172,109.21260070800781,1.0483629703521729,7000.898526038392,7,1.5269361102038668,0.00021810573378899066,0.02757425135747956,0.41204912819495904,57.99240721117567
544046671,EM,dense,True,-267.66021728515625,-4.162691593170166,-29.703514099121094,3983.357705182684,6,0.0,0.0,0.021802901863118142,0.3502924097701114,77.36009389916778
548712377,EM,dense,True,-58.57270431518555,16.14933967590332,-100.79304504394531,15553.44421377617,8,1.942446416005117,0.00012488850632097498,0.013772064215895682,0.47232719954283453,115.74310501944964
548993536,EM,dense,True,-19.100109100341797,97.62328338623047,-69.77238464355469,6260.90628603849,7,1.462752662232339,0.00023363273548658678,0.01727999857540421,0.4090672397574656,77.51917342328352
549597974,EM,dense,True,-54.70150375366211,23.398046493530273,68.6082992553711,13379.271019189477,6,2.839037266896999,0.00021219670808858383,0.02116162227504929,0.4664096712538249,86.06505017533709
550404663,EM,dense,True,28.844921112060547,92.61140441894531,31.133865356445312,8335.871476094011,7,2.649613027966072,0.00031785675145841105,0.007012530610502335,0.43701274440490934,33.566455122893146
550638250,EM,dense,True,-239.13168334960938,54.28878402709961,-33.91730880737305,3357.143506322037,6,1.308919284251543,0.0003898907752339568,0.06773069048286981,0.4656394894584036,174.14663639469887
573333284,EM,dense,True,-244.24755859375,40.700157165527344,-102.20382690429688,2054.1718168078514,6,1.7133940966234242,0.0008341045683734528,0.07672711625828849,0.3808926525999555,55.43405452618307
573333835,EM,dense,True,-33.84117126464844,-14.914807319641113,70.4188232421875,8140.139319571895,7,0.48019821955041175,5.899140060119589e-05,0.015901609623184758,0.5711200180887411,76.08913615189671
573670049,EM,dense,True,-230.02178955078125,46.0444450378418,-103.39969635009766,1743.2649241702447,5,1.9266518974974327,0.0011051974205323245,0.07666286554311522,0.2968937985400884,49.92231767505743
574377562,EM,dense,True,-263.99273681640625,-48.41400909423828,4.231085300445557,5843.792706537994,6,2.882791260593674,0.0004933082683388867,0.03622827432766853,0.40459217075470916,127.72414518266449
575768294,EM,dense,False,-188.4591064453125,11.590688705444336,17.370166778564453,8921.660032781678,7,2.7012715806268948,0.00030277678937567267,0.016302314342740824,0.397424935560029,77.24805189146986
576825965,EM,dense,True,-210.13430786132812,6.4084086418151855,-80.51759338378906,17135.939090086224,6,0.0,0.0,0.02209835199356185,0.4789170674603843,118.49021428728794
579268807,EM,dense,True,-72.33375549316406,-29.691781997680664,-96.99053192138672,8709.247014688182,6,1.085710241674654,0.00012466178073071058,0.026955537089216275,0.42002865705315184,96.30506439182207
579510789,EM,dense,True,-200.65985107421875,-65.71004486083984,-14.701756477355957,6161.395068377459,6,9.245311233773375,0.0015005223867600545,0.009772189967461166,0.44083938125705674,45.057952575129384
579575594,EM,dense,True,-99.68785095214844,71.59888458251953,-31.791940689086914,10185.979702005645,7,0.0,0.0,0.011261727484088074,0.5026867282174879,41.705087247127764
579912201,EM,dense,True,-122.84456634521484,-101.41146850585938,23.124698638916016,6355.103052475253,6,4.474045403677468,0.0007040083168965873,0.04405326316434392,0.44243149616074534,155.2044704645257
5812978978,EM,dense,True,-241.61973571777344,-4.582749843597412,9.981884956359863,6113.045052711132,6,4.562882889980421,0.0007464173502135053,0.017030767240212786,0.3864346097641218,80.12350251708378
5812980494,EM,dense,True,-229.99105834960938,16.09114646911621,-22.10603141784668,3810.492680064091,5,0.0,0.0,0.09869915419660405,0.35947073000303986,137.79145604031257
5812980529,EM,dense,True,-131.6462860107422,94.2205810546875,2.352266788482666,5236.681603712292,7,1.3889626873662837,0.0002652371850107606,0.01532446193625239,0.42198990378721457,36.347046320092154
5812981000,EM,dense,True,-94.25496673583984,61.79874038696289,-55.39822769165039,2285.563114880957,4,0.0,0.0,0.06515314578554085,0.3531258253653996,40.59698980661408
5812982656,EM,dense,True,-43.78887939453125,-79.6886215209961,20.804367065429688,4795.106381578658,6,3.1503537885929993,0.0006569935133651469,0.05626418182337753,0.49965316399613213,82.33196402401195
5812987694,EM,dense,True,-251.47569274902344,44.261260986328125,-36.3565559387207,10819.703469771372,7,3.445719944336016,0.0003184671330376882,0.014966150420600328,0.4100589024915887,138.4533896127521
5813009312,EM,dense,True,-91.80055236816406,115.4095458984375,-6.491884708404541,6069.478369283522,7,0.959211098462427,0.0001580384738360404,0.013775617420761726,0.4322170132307669,67.81260470278474
5813009595,EM,dense,True,-232.9608612060547,46.36859130859375,-100.87257385253906,5943.458662957732,7,2.2061234408217336,0.00037118512400385195,0.043037446292786524,0.4150038951618576,191.17600886384557
5813009620,EM,dense,True,-65.7788314819336,19.072265625,70.67780303955078,10697.775254087275,7,2.01953487279563,0.00018878082824034194,0.011729463604572807,0.44468432411227715,81.17814065029864
5813010510,EM,dense,True,-216.16305541992188,76.64517211914062,-93.48725128173828,4252.134287640217,6,2.9178091068898495,0.000686198720339364,0.031064037605488176,0.37361778380250704,62.519494030320544
5813011119,EM,dense,True,-6.6940484046936035,80.9880599975586,21.093887329101562,6889.576260053494,7,3.2269721084504925,0.00046838469981975886,0.032192413046052894,0.42566991953046157,146.88112024504738
5813011133,EM,dense,True,-32.617671966552734,96.79155731201172,-21.565099716186523,1328.7106665875287,5,0.0,0.0,0.03305095714253697,0.5184507371786313,20.816007407121553
5813011298,EM,dense,True,-251.51995849609375,3.956155300140381,-22.688417434692383,6388.226198986528,6,2.188081824432746,0.0003425179003179127,0.06626999768772723,0.44502203122822176,181.65066364151934
5813011660,EM,dense,True,-51.75093460083008,75.7568359375,-58.25580978393555,9543.615956087559,6,4.963938580021318,0.0005201318455040078,0.035555140844697616,0.5072959265257536,105.29598216210556
5813019526,EM,dense,True,-86.10100555419922,135.36080932617188,-52.97068786621094,4956.600440285973,6,3.496898672947358,0.0007055034423443669,0.033843946907214095,0.4627259671415206,64.4104897286341
5813020347,EM,dense,True,63.93632888793945,38.64769744873047,-33.12977600097656,5538.392343812796,5,0.0,0.0,0.01636604027656357,0.445920735225687,128.2264624142161
5813020673,EM,dense,False,-231.22470092773438,27.00478172302246,-99.92149353027344,5307.458961705223,6,0.0,0.0,0.04771072610668038,0.4704112350065665,157.4164923074203
5813020684,EM,dense,True,-191.7869873046875,20.48495864868164,-95.5865707397461,8633.75354997127,8,5.283563758007119,0.0006119660154099142,0.016779584134698638,0.4483072274962515,165.41590111478172
5813020785,EM,dense,True,-53.30567169189453,119.45630645751953,-75.71463012695312,8578.432501530393,8,1.6962404972476086,0.0001977331519418028,0.012803829182750805,0.4326487813935107,81.5172119138023
5813020996,EM,dense,True,47.43391418457031,2.484346866607666,-88.28555297851562,13635.585404688336,8,3.3161990947315636,0.00024320181321964746,0.009559393626951736,0.4462637383739527,121.86351991335086
5813021112,EM,dense,True,-149.067626953125,-62.117584228515625,-88.40140533447266,13076.178321190964,8,0.6174058775883475,4.7216079684979e-05,0.008920045581728559,0.4202658976653486,72.5402977445298
5813021533,EM,dense,True,-222.00775146484375,5.424806594848633,5.937881946563721,8918.24405577985,7,4.61375471314126,0.0005173389160785658,0.011022977037103063,0.42430100396939996,54.09778576482975
5813021583,EM,dense,True,-167.2388458251953,-14.55357551574707,39.21562194824219,11941.985358768654,7,2.742565694103213,0.00022965743230370203,0.007765965065345604,0.3827039116073689,54.31815075038818
5813021602,EM,dense,True,-190.62193298339844,95.5934066772461,-94.86349487304688,11254.008839285862,7,4.544211191818505,0.0004037859981018874,0.018072370016480464,0.46963591635622687,160.0358869223041
5813021943,EM,dense,True,-230.8442840576172,-118.5744400024414,11.036629676818848,6091.8925918312125,7,3.515301570154977,0.0005770458879837676,0.02691792632431842,0.38986875077143174,118.85908624017853
5813023322,EM,dense,True,-134.94784545898438,-29.84880828857422,-93.40499877929688,9970.790216799802,7,2.817463878753677,0.0002825717739007814,0.016011123898671473,0.44733836061434074,94.82611271298043
5813024692,EM,dense,True,-58.41749954223633,-108.45047760009766,55.35506820678711,7122.441869968514,6,2.175597145201024,0.00030545663761389767,0.024040222270157376,0.5110069203258256,57.41067635629215
5813027276,EM,dense,True,-247.0447540283203,32.12898254394531,-32.87213897705078,28337.45732385649,8,3.5711135666177136,0.00012602095967203435,0.004743411905525071,0.495797162445281,114.23234811239793
5813027592,EM,dense,True,-66.43583679199219,82.34089660644531,-85.92581939697266,10912.170779919357,7,1.3691244972358296,0.00012546765669717164,0.01753161193738108,0.5142358774694401,87.18877678951615
5813032849,EM,dense,True,-182.68661499023438,-10.787593841552734,33.349849700927734,6271.811130902366,6,4.10993475990014,0.000655302698713253,0.018536063473717685,0.3674693150022379,64.79587893362725
5813033196,EM,dense,True,-137.24510192871094,-10.284902572631836,46.56907653808594,1600.3496680801334,6,2.0478399688665796,0.0012796203290517628,0.06434486471904084,0.39492442504262487,91.67491137351917
5813033371,EM,dense,True,-226.4787139892578,-1.1971789598464966,-86.9063491821289,10637.094953231044,7,4.346810202808235,0.0004086463665051594,0.0206725259526543,0.4522777546309622,105.58129777330038
5813034455,EM,dense,True,-85.40094757080078,-141.16571044921875,89.92576599121094,5395.954548355474,7,0.5181808892358457,9.603136657142003e-05,0.021765123948353362,0.39160725097364074,90.07005416583804
5813039309,EM,dense,True,-110.05355072021484,-34.67011642456055,53.66740036010742,10247.377301463506,8,1.7147671289782853,0.00016733717111532394,0.0050247147308014415,0.5225329586830635,51.06555557656316
5813040277,EM,dense,True,-148.68887329101562,-60.97745132446289,-83.38294219970703,5125.994114802355,7,3.2573982363190397,0.0006354666360058114,0.024008862213119455,0.3693972152715059,66.73942521240097
5813041180,EM,dense,True,-98.2139663696289,-21.50114631652832,-100.51446533203125,4789.406130468451,7,2.8433046546113343,0.0005936653892271255,0.026261750620476292,0.377694336905454,93.63952382960163
5813047489,EM,dense,True,-222.04627990722656,-13.697590827941895,-89.40078735351562,9910.235637383748,7,2.2822100597964483,0.0002302881730871679,0.011601840512903099,0.37977018647029986,105.85133253838902
5813047691,EM,dense,True,-131.29991149902344,-25.312030792236328,70.01081085205078,10419.321500520096,8,4.365636564021912,0.00041899432355590473,0.008147012902325048,0.4171283277516646,75.47087795965987
5813047970,EM,dense,True,-268.137939453125,-0.5394065380096436,-10.42919921875,6196.527224268075,6,2.5189609607335552,0.0004065117233517991,0.028213097028429612,0.3696875378254164,94.66046732211443
5813048837,EM,dense,True,-110.91303253173828,-149.91078186035156,-83.74102783203125,3151.963114240936,6,2.6467694626930705,0.0008397209506464901,0.06936507469690256,0.3379757017879013,101.73917336502035
5813049380,EM,dense,False,-219.69618225097656,80.75486755371094,-98.18281555175781,7939.504506242236,7,2.3875237852827538,0.0003007144568537776,0.02529889591454309,0.4456717550075011,158.60127202748296
5813049824,EM,dense,True,-182.61383056640625,15.742273330688477,-96.06895446777344,5451.209005210829,7,2.6517399075255152,0.0004864498691924504,0.043183356631115895,0.3947370599030503,158.67015091374807
5813053836,EM,dense,True,-257.1482238769531,15.36707592010498,-9.334787368774414,4787.174823503432,6,1.5262783096690495,0.0003188265241903287,0.025776078908923663,0.36904522891268343,99.90929064062806
5813053851,EM,dense,True,-59.56513595581055,-142.9304962158203,55.454341888427734,2481.9137312844136,6,4.354910936554941,0.0017546584644185976,0.12755782616383426,0.278464396222173,166.52669127002372
5813054384,EM,dense,True,-58.258567810058594,52.20108413696289,-85.73907470703125,13732.77834772406,6,1.1402934522194825,8.303443216998139e-05,0.027226862320850344,0.44570020024861734,175.89112461269366
5813054716,EM,dense,True,-69.83267211914062,-137.0178985595703,78.28211975097656,11144.33537404038,7,2.324047810465331,0.00020854072786421782,0.016455724818738186,0.5431681345242824,88.06533254523073
5813054726,EM,dense,True,-128.61537170410156,-68.1822509765625,75.48700714111328,13682.187727310707,8,0.28737304148374393,2.100344237421367e-05,0.007649801626747333,0.3698017658858124,65.92998219028473
5813055277,EM,dense,True,-108.82102966308594,-86.10041809082031,89.47817993164062,17793.455779086336,8,4.610630134868549,0.00025911943088018265,0.006423616883175528,0.455161703657892,55.39805814665394
5813055298,EM,dense,True,-31.438867568969727,-68.47833251953125,-0.39292728900909424,7272.115957802767,6,0.0,0.0,0.030354827481346568,0.5355861153351307,54.29149368722041
5813055800,EM,dense,True,-104.6408920288086,134.73178100585938,-56.35341262817383,9291.17238669071,7,3.210749805696615,0.00034556993155093166,0.01012690684042236,0.4268780359011031,77.18017146529266
5813055834,EM,dense,True,-184.18016052246094,69.01167297363281,-94.75251007080078,3610.498337012411,6,0.0,0.0,0.06508848721714555,0.491808547789241,161.31555747974468
5813055865,EM,dense,True,-212.9503936767578,63.199188232421875,-38.8245735168457,5947.629229236186,6,2.1843115424301374,0.0003672575169435459,0.012354886170196033,0.4424254680796096,19.38496444113858
5813055913,EM,dense,True,-94.7469482421875,-14.63286304473877,-100.38642120361328,7995.357587460082,7,1.1900594721067528,0.00014884380830861672,0.03163648423532333,0.42581111077992834,104.49728394923882
5813055949,EM,dense,True,-169.84725952148438,34.937503814697266,-102.71312713623047,9141.90049381597,7,2.304856406870363,0.0002521200497018624,0.014768305118504226,0.4238412849027788,155.4909024267933
5813056261,EM,dense,True,-142.52850341796875,124.54039764404297,-94.753662109375,8828.974213634228,6,5.626061434673409,0.0006372270774089825,0.024197271860471763,0.4192308727783434,149.59706792341484
5813056321,EM,dense,True,-179.10494995117188,-147.11302185058594,29.71656608581543,5293.616925454811,7,2.634099004441503,0.0004975990974668401,0.020287805566609102,0.4116200382534814,124.17625835280717
5813056598,EM,dense,True,-85.13167572021484,-12.292287826538086,80.51358795166016,14544.921303270707,8,3.307094303700551,0.00022737106889377854,0.008772668037225793,0.37778582666082344,60.157496346615304
5813056909,EM,dense,True,-83.03782653808594,55.677799224853516,-90.96183776855469,3926.530461070501,6,2.6606388669650256,0.0006776055587353442,0.05500618332202936,0.32856742920579557,82.53448329519796
5813057153,EM,dense,True,-238.96896362304688,93.84642791748047,-68.80599975585938,3870.287050250305,6,2.893949169541468,0.000747735021192887,0.03899053608086853,0.3718483752054333,95.39654863942411
5813057579,EM,dense,True,-188.83250427246094,-47.25950241088867,-84.20767211914062,37464.43702906006,8,5.586877070204497,0.00014912481044012277,0.007631745889667395,0.48876184293989805,82.06839520003359
5813057853,EM,dense,True,-258.547119140625,-39.64765548706055,15.783103942871094,5713.31751297159,7,2.0236636487186845,0.0003542011526795303,0.01697550780752651,0.3852384246942113,76.54316410573664
5813057861,EM,dense,True,-33.801605224609375,105.25908660888672,-65.76606750488281,6355.779113937557,7,2.9040130163641966,0.0004569090530531498,0.03250416472807344,0.39627469367224183,89.56925252340585
5813059915,EM,dense,True,-206.0684356689453,-59.12337112426758,-49.25093460083008,9107.495956391747,6,2.7674631098587534,0.0003038665208428136,0.06179748198298818,0.3577159402809523,60.60078374914188
5813060068,EM,dense,True,-54.7093391418457,67.19602966308594,-81.60990142822266,11019.853884542024,8,1.5422244610087559,0.00013994962883964314,0.020223298954819533,0.465396780959806,168.83745475718865
5813060787,EM,dense,True,-45.28254318237305,91.98318481445312,40.94746398925781,2902.5249738922403,6,3.6192924373511723,0.0012469461830324092,0.06389452392394436,0.3353266049115329,96.63896477096706
5813061218,EM,dense,True,-171.97996520996094,-30.324054718017578,-92.148681640625,7495.974993763477,7,3.243613102591069,0.00043271397053614764,0.022418262893582105,0.31846080464652543,61.873145536880926
5813062858,EM,dense,True,-45.15113067626953,120.58533477783203,7.790344715118408,20470.29187612385,8,1.4763896966009717,7.212352933389308e-05,0.005464783434215313,0.44166304371814524,95.35595429970672
5813062871,EM,dense,True,-44.38698196411133,46.92959213256836,-84.1661148071289,3839.9912861095245,6,1.1891099755557477,0.0003096647588386824,0.07931758164171211,0.4248340252036384,164.91046528297187
5813063093,EM,dense,True,-105.79905700683594,47.43164825439453,-26.179275512695312,7883.953374135786,6,8.648205628033033,0.001096937693264963,0.017862311730363917,0.43500157819034097,81.30348065693792
5813064410,EM,dense,True,-249.52806091308594,-19.339210510253906,-34.86346435546875,24062.192096498897,8,1.896005132424387,7.879602676350756e-05,0.007633218661038227,0.3718985307707739,99.01428939273498
5813065004,EM,dense,True,-67.63958740234375,-153.6713409423828,66.60935974121094,3949.051491692984,7,1.7271765600467022,0.0004373649124808576,0.06851029250044573,0.35771642554372224,164.37740662569246
5813068669,EM,dense,True,-261.2081604003906,6.701774597167969,-43.009544372558594,16157.7739399417,8,2.863085801206119,0.0001771955599730621,0.008227252211848224,0.5297361519678312,130.15433333972553
5813068707,EM,dense,True,-47.494163513183594,81.3816146850586,8.510749816894531,7492.575937762288,6,0.0,0.0,0.027723219068599744,0.5063029979629319,99.6459456384224
5813068748,EM,dense,True,-169.98171997070312,-38.762901306152344,-87.12311553955078,11681.499739133516,7,3.9255346707346654,0.0003360471479174852,0.016769344774039657,0.3498730537526491,69.88563476895675
5813069085,EM,dense,True,-95.98875427246094,0.7076156735420227,68.74711608886719,12297.307383434854,8,4.195854286159871,0.0003412010577056825,0.008567126781795203,0.33626510079271343,74.62002332843917
5813069496,EM,dense,True,-94.76663970947266,-3.1871681213378906,63.90962219238281,5834.34833634361,6,5.153473838165152,0.0008832989634956966,0.04035092565672691,0.41450131851335986,115.13962548373256
5813069630,EM,dense,True,-226.85015869140625,13.942169189453125,-5.707772254943848,7094.287653346126,6,7.712327894452329,0.0010871180125906926,0.0502863209829607,0.3780269154217529,174.79475807996303
5813070613,EM,dense,True,-230.45272827148438,-102.92384338378906,40.92460250854492,4487.2162556765325,6,2.639699894495364,0.000588271156121799,0.018863673345026012,0.3654960392326416,66.25425596274874
5813071348,EM,dense,True,-168.9345245361328,-99.3414077758789,-56.0445671081543,14193.773611369907,7,3.735310577616909,0.00026316543294904623,0.02035698317011899,0.42115685826114907,120.01638221926312
5813078542,EM,dense,True,-67.72518920898438,117.53321838378906,-78.98092651367188,7249.4274053545405,7,1.0134270345981362,0.00013979407999169743,0.012050649242459516,0.41739984316120726,85.14128921372463
5813078595,EM,dense,True,73.82386016845703,22.755571365356445,-74.29163360595703,5183.876908236399,6,2.822093987695246,0.0005443983407884096,0.07036682267439566,0.4861726048290904,210.93385014906968
5813082239,EM,dense,True,-119.42002868652344,80.5086898803711,17.71184539794922,8387.194125467438,7,1.1843837002518245,0.00014121334054442386,0.03874827811646887,0.49024874871668817,170.00395441333416
5813082723,EM,dense,True,29.751144409179688,110.74884033203125,11.261661529541016,3391.0317533511975,6,1.4396256776727725,0.00042453913215352763,0.07054047375446469,0.38911971026347225,73.0660059363848
5813083780,EM,dense,True,-66.21090698242188,20.158714294433594,-106.47502899169922,16321.727476023025,7,2.6642187785169225,0.0001632314215778151,0.015764087072359077,0.4716009093532105,135.36413017255705
5813098368,EM,dense,True,-214.63401794433594,-26.909231185913086,-85.14874267578125,16488.051985101647,8,1.169183448599711,7.091095113335205e-05,0.011311082287560646,0.4677112828828724,109.52059686620161
5813126031,EM,dense,True,-134.85545349121094,-118.83182525634766,59.12940979003906,5755.361527437835,7,2.463891981528394,0.00042810377241849244,0.018838209036395624,0.433951050933051,91.78454976205093
5813132949,EM,dense,True,-104.45570373535156,-78.50809478759766,64.8616943359375,5464.137951266688,6,0.0,0.0,0.02081641561982461,0.5284748190742139,48.28396803375247
581746661,EM,dense,True,-49.22523880004883,30.207717895507812,65.50225830078125,10237.663320438945,6,0.0,0.0,0.02605455423303352,0.49413374268175586,91.65735197385196
5901196806,EM,dense,True,-75.55534362792969,-141.52464294433594,77.9517822265625,3256.82536572174,6,0.0,0.0,0.032127975969439414,0.4194654983721657,92.56549536345719
5901197108,EM,dense,True,-144.3125,6.601988315582275,-93.66552734375,2917.217274689717,6,2.8156599890768677,0.0009651869312258713,0.05453540464092006,0.3337342810875175,106.77284357984037
5901203505,EM,dense,True,-134.0367889404297,87.55565643310547,6.651036262512207,4149.4902755813955,6,1.5918863010036235,0.00038363418041281717,0.03547064156627475,0.4188816038961706,39.036560288115695
602368546,EM,dense,True,-207.67733764648438,119.28265380859375,-93.15682983398438,3784.234975304708,6,2.0781059923195673,0.0005491482441975574,0.05878306396224251,0.40703235575964486,158.29169764956606
604289581,EM,dense,True,37.664852142333984,96.14786529541016,-77.10226440429688,8534.214733586095,7,3.7473332519707916,0.0004390952617143902,0.029033483965453917,0.47427558862291314,95.64812731034554
609548390,EM,dense,True,-188.23165893554688,-141.1440887451172,9.705050468444824,9222.080243461412,7,3.452294582483697,0.0003743509589315733,0.01601363488777381,0.4590570253883857,112.68381269950325
610274029,EM,dense,True,-58.92138671875,-138.15245056152344,80.81507873535156,8862.45732215163,7,1.8149519719763878,0.0002047910535422193,0.015640341299458092,0.40694877155563275,98.01413332620021
610274046,EM,dense,True,-59.18988037109375,-64.04493713378906,51.11652755737305,8069.282575327568,7,0.0,0.0,0.0,0.5100735309017025,24.767038939344776
611629428,EM,dense,True,-43.03046417236328,-4.951806545257568,-93.2696304321289,7994.2807942093095,7,1.3466914650969748,0.00016845686307046613,0.024134328132533828,0.4901531755586417,119.97044870807974
611693656,EM,dense,True,-59.01247787475586,-84.88365173339844,10.771895408630371,6656.041816889582,6,0.0,0.0,0.0,0.45051497589188116,83.37571492489394
614081151,EM,dense,True,-126.01744842529297,-11.40841293334961,49.33787536621094,8043.343141374553,7,1.0064751298775751,0.00012513144250931153,0.02525072474871489,0.4483320653743443,100.24860554315661
634379734,EM,dense,True,-58.780845642089844,-120.52165985107422,97.29248046875,1168.0514933458767,5,1.0058744784504183,0.0008611559372002486,0.12302240137801629,0.36387090496003366,170.56090820948242
636789034,EM,dense,True,-182.33290100097656,42.97006607055664,-18.898305892944336,3880.810871394216,5,0.0,0.0,0.052869043704641794,0.4724514422434807,50.64820668821934
640194409,EM,dense,True,-117.70149993896484,-81.45408630371094,-91.01994323730469,3936.6122964611254,6,3.9159004797232555,0.0009947386699075017,0.031021732074667147,0.372545914054511,104.67731961358103
640539567,EM,dense,True,-257.60687255859375,18.605501174926758,-12.767304420471191,8299.677207043918,7,4.11312956008658,0.00049557705167085,0.013489080080592714,0.4192465735781247,82.72772372317858
642694410,EM,dense,True,-19.112646102905273,48.75133514404297,-73.99598693847656,3006.9885867659705,6,2.389924079167764,0.0007947898737248411,0.04406506833905505,0.33947714586887306,70.36994487725622
667266529,EM,dense,True,-82.04474639892578,-156.12095642089844,-95.59209442138672,6497.926713449207,6,2.8387326297062954,0.0004368674432462857,0.016489281304309034,0.3524783433616293,170.723502839389
669325882,EM,dense,True,3.8426778316497803,-10.933769226074219,-90.28446197509766,25890.58785845619,7,0.0,0.0,0.0155281288266747,0.47033755461120896,109.4908553835059
671233447,EM,dense,True,-255.78172302246094,-44.126007080078125,26.03936767578125,3780.037323232567,6,3.5518565722688593,0.0009396353180003591,0.034649286254582475,0.40059830266926566,113.70041603029172
672006007,EM,dense,True,-116.70215606689453,6.169610023498535,57.168853759765625,1804.7690542636299,5,1.9438828961213057,0.0010770812429041986,0.07702528531912049,0.27698856592132065,73.48654568811519
672283773,EM,dense,True,-252.6810302734375,-0.9758501052856445,-2.75780987739563,10487.301669091765,7,1.2225271225470231,0.0001165721327679609,0.008688815358117458,0.4555615145520993,69.77019403559335
673746277,EM,dense,True,-201.96434020996094,19.728923797607422,-97.58365631103516,9572.269012015273,7,2.3446201679681486,0.0002449388086591739,0.02759710675167106,0.47928586225864944,181.8578349565884
673776769,EM,dense,True,-14.968031883239746,58.98808670043945,37.9299201965332,9237.11962297431,7,2.305053806002732,0.0002495424872781409,0.005267256487143149,0.47005453691382476,44.41085274159597
675767414,EM,dense,True,-50.558780670166016,16.44375228881836,-98.46800994873047,5117.827235106452,6,1.6750692600801604,0.0003273008609180452,0.055277998843105164,0.38772139626893654,99.4712368568634
693927941,EM,dense,True,-14.187728881835938,65.30876922607422,-85.10155487060547,4931.769147051322,6,1.9882354386333065,0.00040314852122023227,0.014925596450855836,0.3826148005910566,120.39883231045266
696850811,EM,dense,True,-194.66085815429688,-13.262401580810547,11.677989959716797,2845.1559110750986,5,0.0,0.0,0.10058979470635611,0.38839588226304633,68.14680894625394
698569644,EM,dense,True,-40.76948547363281,117.2728042602539,-62.65536880493164,4751.493280023695,6,2.5587814791943364,0.0005385215401549671,0.04813152692753051,0.35781411465430624,124.60063859025563
701201945,EM,dense,True,-245.6954345703125,70.69623565673828,-41.1378173828125,8816.961165911302,7,3.041735334427302,0.0003449868131649999,0.02116991210351755,0.46401943374680676,121.73971594684737
704699661,EM,dense,True,-17.11751365661621,75.35674285888672,-68.26136016845703,4193.096024168434,6,0.0,0.0,0.017744844276462973,0.44167085824811836,117.90816172412286
705795727,EM,dense,True,-138.25552368164062,68.68756103515625,-9.264830589294434,2850.187887600611,5,0.0,0.0,0.02193107632921642,0.409145229969425,83.96359415283779
707539688,EM,dense,True,-132.47601318359375,-54.09545135498047,54.43410110473633,6930.971154295703,6,0.0,0.0,0.040238928762367794,0.48161234610371445,122.68951357177573
727652372,EM,dense,True,-30.974689483642578,97.08700561523438,-67.75143432617188,5697.7751888998555,6,1.7888619020311183,0.0003139579647712491,0.040329220680775275,0.3949454101452213,155.37866195222796
735941254,EM,dense,True,72.62828826904297,61.91444396972656,42.6291618347168,7317.253626666796,6,0.0,0.0,0.037374827854824676,0.4329363648812236,102.3594606650297
736860990,EM,dense,True,-55.17301559448242,-88.90577697753906,-48.13652801513672,11023.235730647548,6,0.0,0.0,0.029622774054916656,0.4830687610263141,106.39762348992468
764377593,EM,dense,True,-232.93368530273438,42.1332893371582,-26.504356384277344,3802.5151911023186,6,2.5398584827812924,0.0006679417057226819,0.061228421046088534,0.4010055369307109,125.59326200621581
768555687,EM,dense,False,-115.28044128417969,1.173240303993225,55.48293685913086,2404.407253339971,6,2.333723433956383,0.0009706023930490973,0.0528242790762199,0.4015405687036446,70.2374451548624
792326206,EM,dense,True,-160.62388610839844,-30.907691955566406,-30.686250686645508,13798.90504242183,7,3.318922895937577,0.00024052074318464017,0.006280462930356567,0.5209432265568792,26.148943699087003
792692885,EM,dense,True,-265.2188415527344,-45.265899658203125,-15.00698471069336,9882.635239737989,7,4.252096048369017,0.00043025933318588714,0.015127721529063089,0.3902983429405712,162.8520068031411
797442049,EM,dense,True,-220.75350952148438,-69.10267639160156,37.912986755371094,12288.9553293062,7,5.127933338047658,0.0004172798419910252,0.0071245847034894635,0.41124730269766396,105.72317388053058
823058891,EM,dense,True,-151.52146911621094,-40.7569580078125,40.10138702392578,9334.934672970317,7,2.438483804062708,0.00026122130357520736,0.01601582829846395,0.38215441851915166,97.62774714518777
828455033,EM,dense,True,-163.92250061035156,-50.8001823425293,48.98417663574219,3058.145631158177,6,4.65824025336878,0.0015232238144279014,0.02339405850601412,0.39154157184450433,49.621708915380964
829598814,EM,dense,True,-120.04475402832031,-11.265778541564941,54.234710693359375,2302.3348813853318,6,0.18139425171656812,7.878708400900475e-05,0.06655945529898569,0.42002654557960795,87.2419293586825
832016427,EM,dense,True,-69.9538803100586,-154.2375946044922,70.20133972167969,3908.3567400479246,6,1.054663954384778,0.0002698484361926096,0.06794359102421693,0.3659968423219113,183.82850455479564
857793013,EM,dense,True,-145.9771728515625,-119.86902618408203,52.84608840942383,9099.022781085348,7,4.5304904649422415,0.0004979095639105364,0.024092513133869335,0.42997714110865803,123.44852446085214
859265651,EM,dense,True,-175.41616821289062,32.66275405883789,-101.1860580444336,21780.23745041948,8,3.065684988769442,0.00014075535199045306,0.00939101221883907,0.5111903633974236,139.09900082137784
859507274,EM,dense,True,-166.80165100097656,-41.8563117980957,-78.09701538085938,6049.501705199585,7,5.058347987050461,0.0008361594447858044,0.026340793022946597,0.4148232954468869,79.34916719652063
859839499,EM,dense,True,-165.4864501953125,-94.39892578125,24.225252151489258,25849.840077688816,8,2.4101382186959346,9.323609784248307e-05,0.0006548205600653567,0.5625018108479579,29.72522448938986
862671913,EM,dense,True,-55.761817932128906,53.013614654541016,0.4988206624984741,2030.9515219833077,5,0.0,0.0,0.02244019212819864,0.5539870287925328,22.091199912723727
884916323,EM,dense,True,66.23553466796875,103.63729858398438,17.95374870300293,5285.107083900987,5,0.0,0.0,0.09649267849363324,0.37565634914620555,207.99309354992687
885168486,EM,dense,True,-252.86703491210938,27.115882873535156,-36.829097747802734,13910.523729569368,7,2.3893999762598406,0.0001717692318931697,0.016565960917927693,0.5282077362925491,163.52182691090118
891663788,EM,dense,True,-68.32592010498047,-7.483786582946777,17.130029678344727,1501.0234677340968,5,2.063594210009568,0.0013747914368885334,0.033317069720208606,0.4285595842987011,32.80002100195604
914778159,EM,dense,True,-128.4553985595703,-112.10537719726562,73.11656188964844,8024.761420661937,7,3.357769391353531,0.0004184260709244312,0.015993880432214242,0.4465027822585499,104.19824382907183
915481348,EM,dense,True,-259.9937438964844,59.5974235534668,-46.7974853515625,5361.389389224608,6,1.9319130658845867,0.00036033813730585796,0.05694136284458874,0.45382795605093784,153.33013411767845
915610561,EM,dense,True,-184.1310272216797,54.36442565917969,-102.08164978027344,3845.49802206962,7,3.8488704385019497,0.0010008769778096296,0.034628196169904944,0.3767997400171568,158.15502905343862
922069357,EM,dense,True,-76.21917724609375,-139.19064331054688,64.05158996582031,2620.4116330764145,6,1.2206093662733304,0.00046580825350722136,0.1258712861658413,0.30285906596857387,175.14760337703447
922354084,EM,dense,True,-144.57261657714844,-12.501199722290039,42.77798843383789,1787.6090807044475,6,1.2926753511950233,0.0007231308931847759,0.06884722948170963,0.3805546622916685,96.69325656659183
925241334,EM,dense,True,-68.92684173583984,-46.971923828125,-102.94143676757812,7447.681729708563,6,1.1743663367305546,0.00015768213242062226,0.026510054837266678,0.4502806051626294,134.29058827703255
944720631,EM,dense,True,-254.3967742919922,-21.407339096069336,-0.5763532519340515,2256.8542308409287,6,2.6777029801475183,0.0011864758226541627,0.047919119627938225,0.28582286287932707,85.69532459865935
945058110,EM,dense,True,-259.02410888671875,-48.37342834472656,13.840304374694824,2149.9383473885714,5,3.119757720845138,0.0014510917136924231,0.06468017038935642,0.3225187019598217,110.08502368563789
946308203,EM,dense,True,-169.304443359375,16.96910285949707,-95.53617858886719,6993.808909834502,7,2.7281932048113777,0.000390086895421902,0.03672062929334745,0.5183907243920084,142.48245913267922
947573616,EM,dense,True,-218.32147216796875,40.549232482910156,-20.089630126953125,27778.4436125121,8,0.8984943501805366,3.2345021294707543e-05,0.004430460123131697,0.4653874322105846,104.70388820304647
950880008,EM,dense,True,-251.47747802734375,38.94028091430664,-30.81542205810547,29132.309570972753,8,2.986839242636804,0.00010252668897947148,0.004660767900584256,0.49862866194603606,104.96611705404766
951234513,EM,dense,True,-251.8807373046875,53.647891998291016,-38.33796310424805,8621.32833432101,7,0.7692049794091943,8.922116750234807e-05,0.020456249421889536,0.41379155955871,132.30898459625598
951916894,EM,dense,True,-249.12655639648438,-59.9437370300293,20.642797470092773,4176.429664187904,6,3.5886591854384595,0.0008592648443742594,0.024693315296546912,0.3523096431080167,98.98127325949606
953410147,EM,dense,True,-76.87095642089844,-3.170929431915283,20.405006408691406,1268.5878120582893,5,4.0136966259191675,0.0031639091813493994,0.0694176795675385,0.5486179512032432,46.04503819362645
953414780,EM,dense,True,-71.03768157958984,-157.27076721191406,60.02275085449219,8236.148788753419,7,3.609239916454317,0.00043821936793842127,0.030726067493436048,0.4816521429017871,176.9633484597729
957506896,EM,dense,True,-77.32801055908203,-140.14366149902344,58.01017379760742,3005.352643432244,6,2.8516770558997955,0.0009488660381109405,0.10774740488028828,0.32427158450445015,176.98140352519894
975197713,EM,dense,True,-69.26736450195312,-14.23941421508789,35.77227020263672,3379.4852709007255,5,0.0,0.0,0.0407842447184399,0.41473804365724215,57.373199405258084
977338882,EM,dense,True,-185.13565063476562,58.5888671875,-104.23363494873047,3336.704448053802,6,3.246336766857382,0.0009729170855245724,0.08242585208002907,0.33853851116364575,160.824745154072
977339122,EM,dense,True,-57.386539459228516,-152.17535400390625,64.03239440917969,5537.895866914839,7,3.886591198493743,0.0007018173132711797,0.06090248512208597,0.4427770293809112,178.54124559817927
978177557,EM,dense,True,-262.3424987792969,-38.42193603515625,7.967619895935059,1563.616544930849,5,2.6562071845595248,0.0016987586842635999,0.06219857726606928,0.40679425227301286,100.80023603689662
979627466,EM,dense,True,-188.08985900878906,-34.91102600097656,20.307069778442383,9846.0121429711,6,2.900238331325493,0.00029455969474869316,0.008354833418496209,0.5104452405544307,85.26320430750111
981000564,EM,dense,True,-141.22279357910156,-7.351291179656982,-98.69918823242188,8404.486334361558,6,0.9113240921636134,0.00010843305062412736,0.01834471230725573,0.3864658047256212,62.661552424550074
988567837,EM,dense,True,-70.00870513916016,-7.260627746582031,44.91431427001953,5679.691809086106,6,9.91054046475105,0.0017449081390114563,0.007372658152779157,0.5302436008600543,57.499985976370745
5HT1A-F-200016,FC,dense,True,-118.12000274658203,-98.1500015258789,13.779999732971191,6757.637601955781,5,89.81495822643492,0.013290881150602226,0.03334365249744712,0.644371427768908,85.59963721919654
Cha-F-000088,FC,dense,True,-121.8499984741211,-24.950000762939453,41.72999954223633,3592.6577468918913,5,6.252903468731464,0.001740467339016923,0.014581411996974162,0.6053880667900474,73.09595417671873
Cha-F-000239,FC,dense,True,-147.88999938964844,-70.2300033569336,46.16999816894531,4110.164455746559,5,48.431475262903604,0.01178334243905738,0.032459928096526175,0.5815582775671334,64.94995863521517
Cha-F-000329,FC,dense,True,-213.99000549316406,-120.58000183105469,24.65999984741211,3879.8451308835747,6,92.29326238772069,0.023787872782103116,0.028518602367117736,0.5383243630873574,142.48241131828996
Cha-F-000427,FC,dense,True,-209.0,64.66999816894531,-84.70999908447266,2218.3613025855648,5,63.243612406159905,0.028509157787979637,0.062302476521408356,0.547014481222349,27.89079082389118
Cha-F-000461,FC,dense,True,-176.38999938964844,-119.18000030517578,-64.36000061035156,13618.217653872869,6,93.15721269848174,0.006840631796774732,0.014265680236362198,0.6702061187667351,180.88458422443267
Cha-F-100135,FC,dense,True,-163.50999450683594,-3.8399999141693115,-91.1500015258789,4172.827975325383,5,112.20202368495836,0.026888724948267065,0.03072269913316208,0.6424859430379892,154.36287967721094
Cha-F-200299,FC,dense,True,-264.54998779296875,37.63999938964844,-13.520000457763672,11229.804785355243,6,27.44229831804154,0.0024437021695897124,0.014554511747992955,0.7097018993974312,140.0355731802164
Cha-F-300267,FC,dense,True,-178.80999755859375,62.220001220703125,-96.7300033569336,4865.788056131909,5,118.83968870684704,0.024423523453119628,0.0346821145002236,0.6506829037723432,126.51548954755422
Cha-F-300344,FC,dense,True,-223.94000244140625,-113.63999938964844,7.550000190734863,3921.6408062010055,5,58.72391203931903,0.014974321958926779,0.023035607247774138,0.601693129424644,110.32880530167313
Cha-F-400237,FC,dense,True,-275.92999267578125,56.119998931884766,-34.97999954223633,11450.044616351994,6,93.92056670918575,0.008202637618988512,0.012481260677099417,0.6797976171682858,153.2020261814013
Cha-F-400298,FC,dense,True,-122.81999969482422,-9.710000038146973,50.08000183105469,1189.8350704901977,4,73.99899944150773,0.062192652811133765,0.13818354694289997,0.5519984414933433,116.09346889798432
Cha-F-500071,FC,dense,True,-206.08999633789062,-70.72000122070312,48.150001525878906,3402.327392194835,5,64.39169107959401,0.018925777462601875,0.024240661985176038,0.5671783138926295,89.7934475527993
Cha-F-500310,FC,dense,True,-253.2100067138672,37.22999954223633,-10.5,2483.085752574025,4,150.3095399245649,0.06053336650526487,0.12726632101738916,0.5993527012997352,117.77976605344531
Cha-F-700236,FC,dense,True,-243.24000549316406,-12.779999732971191,-5.349999904632568,3861.9121083528566,5,89.58268940493349,0.023196459911963504,0.032709743357351495,0.6875582557731115,82.66700548864966
Cha-F-800090,FC,dense,True,-23.5,97.33999633789062,40.52000045776367,13961.656563783941,7,45.78043385786815,0.003279011602149062,0.006588011216292882,0.6476764154725145,99.13334441950848
E0585-F-600004,FC,dense,True,-223.1300048828125,1.1200000047683716,-98.55999755859375,1988.1214596470027,4,150.60997353638038,0.07575491567960926,0.13170072291944637,0.6094088839284758,130.6329459083859
GH146-M-000001,FC,dense,True,-69.94000244140625,-148.50999450683594,47.84000015258789,9803.281579956583,6,34.76935182103744,0.0035467054105765496,0.012655763388084475,0.6860359734386744,84.21221397257331
Gad1-F-000245,FC,dense,True,-7.050000190734863,12.619999885559082,-59.63999938964844,4042.088867832964,5,26.82661707955942,0.00663682020775106,0.03524614974114764,0.5713356685352278,70.73514323404433
Gad1-F-000694,FC,dense,True,-168.8300018310547,-19.299999237060547,31.540000915527344,5108.302949348398,6,14.186001932345471,0.0027770478910525464,0.022177657949842104,0.6643695579336697,43.40465585957241
Gad1-F-000703,FC,dense,True,-241.08999633789062,55.34000015258789,-28.469999313354492,6865.421378257506,6,0.0,0.0,0.006991964193303528,0.6309048371307626,45.38724777397335
Gad1-F-100171,FC,dense,True,-201.9199981689453,40.66999816894531,-96.55999755859375,2607.6231560746337,5,117.15799196351074,0.04492903496833248,0.052606732836648296,0.5834770339487373,148.47650430216677
Gad1-F-100784,FC,dense,True,-79.7699966430664,-130.9499969482422,49.84000015258789,3756.3693465312804,5,176.70717357350478,0.04704201245191193,0.07958925385092104,0.5850963885402789,168.8204747505164
Gad1-F-200186,FC,dense,True,-87.26000213623047,-132.24000549316406,39.540000915527344,3394.2920700307495,5,44.840848335761656,0.013210662904254858,0.027031461669440343,0.6513166875075053,78.9306409690027
Gad1-F-200219,FC,dense,True,-150.75,-16.959999084472656,-92.7699966430664,3713.66307604294,5,127.7583285679058,0.0344022400395131,0.06386518072997267,0.5723204369425058,124.77967411214625
Gad1-F-200247,FC,dense,True,-270.7900085449219,63.630001068115234,-46.83000183105469,10439.39107252463,6,43.505388812182616,0.004167425907310263,0.012334122727383103,0.652575809815843,103.79288584926647
Gad1-F-200719,FC,dense,True,-85.8499984741211,-118.16000366210938,61.81999969482422,2819.887191573741,5,69.56167369696003,0.02466824697981574,0.04990759717806129,0.5760238984166303,68.89341458470346
Gad1-F-400220,FC,dense,True,-258.9200134277344,46.33000183105469,-25.790000915527344,1821.8873917501362,5,176.50791925333866,0.09688190392699415,0.15277583198747038,0.631638055705891,192.5174843918486
Gad1-F-500004,FC,dense,True,-157.4199981689453,-134.72999572753906,-57.439998626708984,6294.213013264391,5,148.76037051706467,0.02363446712139673,0.04185851562286025,0.6765694830035703,194.9146450766749
Gad1-F-500321,FC,dense,True,-262.4700012207031,-38.970001220703125,-10.430000305175781,3261.098843074858,4,69.62488671215054,0.02135013075730692,0.07055932773083776,0.6624337040363901,106.90598431228837
Gad1-F-500457,FC,dense,True,-115.75,-1.4700000286102295,31.6200008392334,754.6857029217058,4,76.27705003075872,0.10107128005136201,0.23337438080965084,0.5656835438849783,97.04405897728735
Gad1-F-600059,FC,dense,True,-101.08999633789062,61.209999084472656,40.099998474121094,2508.367133110122,5,44.601618125600794,0.01778113639620979,0.02268592110978521,0.5553539187054909,49.45382671842292
Gad1-F-600604,FC,dense,True,-136.9499969482422,-82.3499984741211,37.27000045776367,4128.570767253842,5,88.69554717188434,0.02148335396728128,0.03524442619154963,0.5549794435120777,56.906506482432256
Gad1-F-700172,FC,dense,True,-134.9600067138672,-30.920000076293945,46.88999938964844,2517.724335349003,5,44.56121645363873,0.01769900533906613,0.033308738673603885,0.5284922145487794,74.06567246311842
Gad1-F-700193,FC,dense,True,-66.0199966430664,-133.52999877929688,90.16000366210938,1460.1337115290607,4,145.2136002713565,0.09945226188859646,0.16006307776794954,0.54209446236582,123.11985289790888
Gad1-F-700607,FC,dense,True,-203.74000549316406,60.529998779296875,-100.36000061035156,2846.1976945028637,5,134.07732896116374,0.04710752496923184,0.09887819670605946,0.5774505841347982,164.8208673401046
Gad1-F-800371,FC,dense,True,39.70000076293945,120.68000030517578,25.68000030517578,3213.6288766659873,5,36.84346186387754,0.011464753174019638,0.021444147969856324,0.7116256484889636,60.808861993437645
Gad1-F-900395,FC,dense,True,-212.2899932861328,42.540000915527344,-97.6500015258789,5651.256011296612,5,169.33984118648607,0.02996499200319065,0.03838843198011725,0.6465401013071143,160.68613430471237
TH-F-000009,FC,dense,True,-53.150001525878906,32.150001525878906,-86.19000244140625,12311.779566464826,7,103.0530831801405,0.0083702833228788,0.0083702833228788,0.6228639919211422,146.0451006447067
TH-F-000010,FC,dense,True,-153.3300018310547,73.11000061035156,13.239999771118164,4575.773703887986,5,26.087617406336673,0.005701247285059203,0.026219676645966132,0.6722515681948478,51.595663754068894
TH-F-000012,FC,dense,True,-183.64999389648438,-114.41999816894531,-63.220001220703125,15965.16877746419,7,131.3998735328771,0.008230409296916175,0.008230409296916175,0.6316879657674448,178.8458815637519
TH-F-000019,FC,dense,True,-169.85000610351562,7.730000019073486,-86.69000244140625,7859.063655551059,6,119.25907287667096,0.01517471776582891,0.01962094458863622,0.6899325730894605,141.90503805415236
TH-F-000036,FC,dense,True,-239.10000610351562,-1.5199999809265137,-10.569999694824219,4731.248606239059,5,217.75520880422584,0.046024892565796234,0.07515557807780837,0.6653278208131569,160.07180936817284
TH-F-000046,FC,dense,True,158.58999633789062,-3.990000009536743,-82.44999694824219,5617.227556947719,6,112.57887916164108,0.0200417159569042,0.028758414140368654,0.7217369749303512,141.2185237042489
TH-F-000079,FC,dense,True,-91.81999969482422,-2.3299999237060547,-96.80000305175781,16832.105328877784,6,58.79135720864689,0.0034928106769735014,0.016611997460171685,0.608879946861433,111.51035281917461
TH-F-000091,FC,dense,True,-177.7100067138672,42.130001068115234,-101.08000183105469,5334.9677617222815,5,48.99809310580256,0.009184327871174345,0.028654534533242054,0.5951680696736042,150.26242223294605
TH-F-100005,FC,dense,True,-57.84000015258789,38.689998626708984,-87.9800033569336,16960.48355314401,7,80.49699211743713,0.004746149593271188,0.009616049782752482,0.6088806209689759,149.95925603960507
TH-F-100036,FC,dense,True,-119.94999694824219,90.29000091552734,17.25,4494.6705861982355,5,32.646239746958216,0.0072633219989925125,0.01474310659744828,0.6964139048090037,34.95743428874651
TH-F-100050,FC,dense,True,-83.37999725341797,-35.13999938964844,-78.91000366210938,5609.369652790274,6,17.52167157205878,0.0031236435921713516,0.012456441303777842,0.6039559369550601,76.48284730544931
TH-F-100075,FC,dense,True,-237.89999389648438,7.449999809265137,-12.3100004196167,4153.073624927891,5,221.93587219478903,0.05343894480046509,0.0796323369560676,0.6482566262080807,156.7995070652384
TH-F-100083,FC,dense,False,-173.6199951171875,-5.289999961853027,-93.66000366210938,4115.178644657487,5,113.57093399561873,0.027598056804426147,0.043895441528598894,0.647310229033414,167.35359729666345
TH-F-100095,FC,dense,True,-191.3800048828125,46.470001220703125,-105.62000274658203,4284.503939035186,6,81.88262015023038,0.0191113420165671,0.03814174671537426,0.5659747539532408,125.90852813750668
TH-F-100099,FC,dense,False,-173.16000366210938,45.459999084472656,-91.68000030517578,3992.685388368611,5,104.25472073483327,0.02611142892413849,0.04576980449767747,0.5192272136783229,115.10745752361836
TH-F-200004,FC,dense,True,-235.0399932861328,-14.720000267028809,-5.090000152587891,4381.9187202603425,6,261.3515494925966,0.05964317600967937,0.06276881659318427,0.6382972593749241,162.79807600941206
TH-F-200010,FC,dense,True,-176.5800018310547,-8.0,-93.51000213623047,6164.639553585048,5,50.71594722761027,0.008226912017607972,0.029147246675834883,0.633689447704672,165.08853768904663
TH-F-200026,FC,dense,True,-227.13999938964844,15.029999732971191,-102.08000183105469,5319.764131993929,5,157.20200217042998,0.029550558684546084,0.04238971550149058,0.6512601296187374,207.39999964799117
TH-F-200034,FC,dense,True,-169.97000122070312,13.579999923706055,-95.54000091552734,5464.686529561725,6,44.2107036844213,0.008090254298258357,0.020726193022247718,0.5988930196481537,129.01259088216452
TH-F-200037,FC,dense,True,-176.9199981689453,48.72999954223633,-96.04000091552734,4661.939270703542,6,60.63645685263717,0.013006702432545073,0.03048640554474806,0.6443476131185176,140.26030042975054
TH-F-200064,FC,dense,True,-170.52999877929688,-1.5199999809265137,-97.52999877929688,5191.860259679284,6,93.66519361728973,0.01804077708807126,0.02696631993389344,0.6277269430303022,152.37595802539474
TH-F-200081,FC,dense,False,-169.1300048828125,40.36000061035156,-94.58000183105469,5323.303112144101,6,63.644923077417246,0.01195590815263243,0.026228253493193156,0.5793611363454969,123.91567558165757
TH-F-200085,FC,dense,True,-78.56999969482422,-47.900001525878906,-88.02999877929688,5536.913099054647,6,33.1196404188692,0.00598160740946502,0.014108953472500456,0.6284204185430609,95.89263530489093
TH-F-200096,FC,dense,True,-202.6199951171875,46.58000183105469,-88.58999633789062,4218.803852091928,5,72.92638224972977,0.017286032915127977,0.03857389438667151,0.605892934549925,136.72507093237869
TH-F-200106,FC,dense,True,-84.58999633789062,-43.88999938964844,-105.44999694824219,3501.8761443381263,5,85.02511591196269,0.024279875246139778,0.03528363957794824,0.5981462779420619,102.17683574398846
TH-F-300037,FC,dense,True,-154.05999755859375,41.099998474121094,-91.05999755859375,5294.875221920047,5,78.19927703766004,0.014768861164834614,0.0300483239032891,0.632700759039227,113.68709884253742
TH-F-300046,FC,dense,True,-92.6500015258789,-52.90999984741211,-95.83999633789062,7190.453423541139,6,46.518633987076946,0.006469499382998235,0.015100458016359525,0.6416506532481225,114.73793589286889
TH-F-300062,FC,dense,True,-35.779998779296875,85.26000213623047,-62.810001373291016,5383.571679655937,6,228.99351989139905,0.042535612696817285,0.046957126484798675,0.6413826315851382,186.1773790619319
TH-F-300078,FC,dense,True,-141.3000030517578,-137.19000244140625,-56.93000030517578,9255.972555922439,7,166.97204796269122,0.018039384511339553,0.018039384511339553,0.637495733028927,142.98039405560166
TH-F-700015,FC,dense,True,-72.19999694824219,-56.09000015258789,-102.29000091552734,4298.826644494109,6,81.19469429410233,0.0188876409794509,0.024799150877422675,0.5950852426497695,89.16490756724673
TH-M-000008,FC,dense,True,-61.68000030517578,-53.790000915527344,-103.98999786376953,6435.11412327612,5,48.88632852743654,0.007596808322421558,0.04786878359165292,0.6089871774236011,99.82241922062856
TH-M-000021,FC,dense,True,162.80999755859375,-6.260000228881836,-89.5,6421.484147376228,6,126.17658673811913,0.01964913154689854,0.025672678399352025,0.6859772739197184,145.73605429492372
TH-M-000029,FC,dense,True,-159.47999572753906,5.619999885559082,-84.6500015258789,6579.424818259358,6,92.95354589702461,0.014127913680092212,0.01718788050126054,0.6766036710395756,127.65581233623419
TH-M-000030,FC,dense,True,-188.6199951171875,-112.73999786376953,-59.439998626708984,13552.52746805859,6,57.09746094718621,0.0042130489004177955,0.014096041059226416,0.6487960869936727,163.09146494122672
TH-M-000032,FC,dense,True,-178.07000732421875,7.019999980926514,-85.75,7054.725461145159,6,140.05047126248422,0.019852008704496136,0.0220006915704386,0.6943244548027396,140.77729663065807
TH-M-000045,FC,dense,True,-201.75999450683594,-14.960000038146973,-101.04000091552734,4710.572386043248,6,87.0696304349659,0.018483874845643122,0.03675277993695416,0.5499262738336265,184.4617742239139
TH-M-100016,FC,dense,True,-150.35000610351562,4.559999942779541,-103.9000015258789,4146.325043706463,6,102.45489781012034,0.02470980850033271,0.03549150719891908,0.5806536227114484,133.2976509352306
TH-M-100027,FC,dense,True,-54.45000076293945,29.56999969482422,-73.9800033569336,10199.841636539135,6,109.16804063635568,0.010702915253633,0.024467408408825164,0.6448959543710936,134.66744960457206
TH-M-100057,FC,dense,True,-69.52999877929688,-41.36000061035156,-93.12000274658203,5127.1392530775165,5,90.610925647124,0.017672803716562928,0.030223108619324045,0.652683032054521,103.07073578114063
TH-M-100063,FC,dense,True,-57.18000030517578,-51.81999969482422,-101.9000015258789,3794.115272183314,5,124.50617830870205,0.03281560242028579,0.06242152764255174,0.5614920906687325,109.27217942379828
TH-M-200010,FC,dense,True,-183.38999938964844,40.52000045776367,-90.18000030517578,4816.7665864605415,5,120.08347387122217,0.024930307856055354,0.037201416198879234,0.6695373419386361,168.299937550196
TH-M-200013,FC,dense,True,-62.95000076293945,5.050000190734863,-86.6500015258789,2855.6929521891643,5,148.14536821216794,0.05187720482995212,0.06398345755009202,0.6672823783680629,127.22315289079613
TH-M-200034,FC,dense,True,-52.09000015258789,33.40999984741211,-85.44999694824219,11406.892374546529,6,126.99336169976196,0.011133037599542572,0.02089005645172286,0.6581671956581493,146.82862529931748
TH-M-200035,FC,dense,True,-158.0399932861328,-118.08999633789062,-56.9900016784668,8213.842040756324,6,108.29931481920654,0.013184976565392342,0.01514625611274322,0.6753778055587224,175.16067374871477
TH-M-200049,FC,dense,True,-177.10000610351562,28.170000076293945,-91.5199966430664,5128.883958398979,6,76.86598773132646,0.014986883765512365,0.028205293885716354,0.5824303805215069,145.20602680359747
TH-M-200064,FC,dense,True,-171.22999572753906,-4.090000152587891,-99.70999908447266,4411.930437574553,5,117.14748873558057,0.02655243331533171,0.034970126682126686,0.5969062931870097,150.327311738467
TH-M-200095,FC,dense,True,-186.94000244140625,25.010000228881836,-98.38999938964844,5044.285259118846,6,140.7283656428035,0.027898574012720775,0.03074633256502735,0.63997668625868,173.96947517594674
TH-M-300005,FC,dense,True,-58.43000030517578,-44.2400016784668,-85.88999938964844,5516.248700483307,5,39.53074063063662,0.007166236110270577,0.01785361616472846,0.5561921380826373,97.02035412003106
TH-M-300017,FC,dense,True,-58.279998779296875,26.559999465942383,-75.05999755859375,12511.40479199183,7,108.70921430523717,0.008688809619109969,0.008688809619109969,0.6226039568048638,131.09968811272915
TH-M-300063,FC,dense,True,-207.6300048828125,35.65999984741211,-98.05999755859375,3861.1433163622996,6,140.51887949986352,0.036393075311239836,0.03889591127799856,0.6587967701569125,184.92656082801682
Trh-F-000008,FC,dense,True,-133.17999267578125,-99.0199966430664,43.59000015258789,7266.660057907751,6,57.38534895971957,0.007897073552693782,0.009321327193007125,0.6178181364469877,82.46814873290208
Trh-F-100001,FC,dense,True,-66.55999755859375,129.5399932861328,10.829999923706055,5911.060868604733,6,63.90386906338864,0.01081089680581698,0.01768459814697852,0.6418055040734791,103.03553966372823
Trh-F-100038,FC,dense,True,-139.1300048828125,-98.94000244140625,54.93000030517578,7446.901486637735,6,22.903710148146168,0.0030756026770655132,0.010806230205000393,0.6306939214551754,89.57022381903312
Trh-F-100052,FC,dense,True,-51.380001068115234,6.380000114440918,-94.02999877929688,10313.675276195947,7,102.05315472461854,0.009894935800447209,0.009894935800447207,0.6156007803543784,123.49641335570306
Trh-F-100066,FC,dense,True,-61.79999923706055,129.1699981689453,16.920000076293945,7099.278477325951,6,93.40474617944469,0.013156935099498586,0.01580182529261355,0.673978473779569,103.34060405391223
Trh-F-300112,FC,dense,True,-83.43000030517578,-135.27000427246094,40.630001068115234,2154.2544842906204,5,247.08055600522152,0.11469422847068288,0.12076750456528842,0.48235486207588063,158.6802400342856
Trh-F-400055,FC,dense,True,-96.0999984741211,-142.25,39.959999084472656,2127.352945331689,4,238.0913465919574,0.11191906219155141,0.1391388246392263,0.5231855195932882,173.9465879286626
Trh-M-000172,FC,dense,True,-129.1300048828125,-89.54000091552734,51.189998626708984,6128.691199013794,5,76.6788513289349,0.01251145617212265,0.026514071792559286,0.5937389676045174,80.32582963762539
Trh-M-100020,FC,dense,True,-41.650001525878906,25.229999542236328,-95.70999908447266,7397.3776820351395,5,111.70298584439618,0.015100349156927846,0.032392218211487876,0.6506312025870377,83.85939385761992
Trh-M-100024,FC,dense,True,-196.42999267578125,22.280000686645508,-96.75,1818.4569770983587,5,139.6718100392351,0.07680787161767445,0.1248506955055264,0.5565472255828923,177.37595447772034
Trh-M-100025,FC,dense,True,-106.19000244140625,88.44999694824219,9.859999656677246,7361.412971369642,6,77.39942844150298,0.01051420817477956,0.015278123640687142,0.6947469059666729,94.61952544992741
Trh-M-100037,FC,dense,True,-123.86000061035156,-76.19000244140625,49.06999969482422,6544.625366696768,6,23.422465701429516,0.0035788856334875905,0.011163107001914242,0.605706069238041,70.36767930222389
Trh-M-100060,FC,dense,True,-39.779998779296875,7.360000133514404,-92.2699966430664,8961.962645474687,6,95.731615232624,0.010681992217515363,0.014016884966279725,0.6497628953637155,116.33796513500835
Trh-M-100071,FC,dense,True,-59.310001373291016,106.27999877929688,23.600000381469727,6971.83919540181,5,47.54972746837775,0.006820255908905441,0.03720994249255408,0.6889997948239829,88.91755790818034
Trh-M-200043,FC,dense,True,-131.5,-133.5399932861328,62.18000030517578,2968.736333216677,5,140.91705620754493,0.047467016397127755,0.06706584397895539,0.6375355675101948,92.07324769245605
Trh-M-300071,FC,dense,True,-73.47000122070312,-147.58999633789062,37.72999954223633,2902.418725639441,5,246.54459038549425,0.08494452857803184,0.08494452857803184,0.5165102350752425,172.92200535168067
Trh-M-300138,FC,dense,True,-67.70999908447266,-152.75,34.959999084472656,2208.3554804999408,5,235.71773210234068,0.10673903462724103,0.106739034627241,0.5304607590181497,168.90168559828064
Trh-M-300140,FC,dense,True,-82.38999938964844,-150.9199981689453,39.4900016784668,2269.5878058518774,5,223.54371558440195,0.09849529284922115,0.10402598663955552,0.5079925033981931,178.7191551504603
Trh-M-400023,FC,dense,True,-67.66000366210938,-159.97999572753906,27.770000457763672,2103.2025157795288,5,237.34983892005033,0.1128516332304211,0.1128516332304211,0.5446789386481158,165.61721457630674
Trh-M-400052,FC,dense,True,-69.70999908447266,-146.74000549316406,36.33000183105469,2172.373041339324,4,227.482585816,0.10471617051358321,0.15524496397326326,0.503242590357491,166.4547457440934
Trh-M-400110,FC,dense,True,-53.09000015258789,-132.88999938964844,39.380001068115234,2178.899276580387,5,231.8224571648583,0.10639429718324825,0.10639429718324826,0.5399701770247441,145.19587497800254
Trh-M-400131,FC,dense,True,-45.33000183105469,-137.7899932861328,43.4900016784668,2208.46207864473,5,242.05820654070467,0.10960487340097272,0.11064463785519071,0.588638810693504,150.3921367466975
Trh-M-500163,FC,dense,True,-123.66999816894531,-40.2599983215332,58.29999923706055,1004.2183953386575,4,105.32854289188218,0.10488609189076019,0.16128003955490605,0.6401175387831979,99.8267931732071
Trh-M-700039,FC,dense,True,-26.350000381469727,58.9900016784668,-63.38999938964844,6817.683142334582,6,155.81726638255935,0.022854870654666827,0.02690835511312899,0.6171439909745393,141.40086637422016
VGlut-F-000016,FC,dense,True,-258.67999267578125,24.950000762939453,-38.130001068115234,10713.847755207058,6,65.93693776251696,0.006154365758134917,0.014823351526492673,0.6904577061700217,109.24026243228467
VGlut-F-000111,FC,dense,True,-248.5,70.62000274658203,-20.829999923706055,7614.844020861833,6,86.94491485034416,0.011417819539329698,0.017339113828551352,0.6155621120326388,131.88146038106086
VGlut-F-000158,FC,dense,True,-247.6199951171875,55.09000015258789,-82.19000244140625,4997.909049154264,6,103.10102988365176,0.02062883275178813,0.02062883275178813,0.6777103748075772,112.15574822261941
VGlut-F-000177,FC,dense,True,-201.10000610351562,-135.77999877929688,-0.15000000596046448,3698.9975960420406,5,69.25754549573914,0.0187233280632151,0.01896957715669877,0.6807512063603546,119.47903001717977
VGlut-F-000303,FC,dense,True,-13.979999542236328,88.91000366210938,39.279998779296875,7178.77540733641,5,92.4416065300865,0.01287707182420208,0.03154243881731174,0.685333568041998,152.59073896557646
VGlut-F-000463,FC,dense,True,-142.9199981689453,-81.5999984741211,45.790000915527344,3485.1510916528055,5,57.120320699878974,0.01638962535560836,0.023992521796175285,0.6413448609872273,54.04794785201573
VGlut-F-000556,FC,dense,True,-251.66000366210938,34.720001220703125,-27.079999923706055,5038.525882039494,5,129.54662081246005,0.025711214717432828,0.042991817754719934,0.6742251028756604,178.57715342444465
VGlut-F-100002,FC,dense,True,-146.77000427246094,-91.26000213623047,43.2599983215332,5930.669421043693,6,105.54949410017312,0.017797231072373323,0.017797231072373323,0.6565437804556348,87.86954043665617
VGlut-F-100003,FC,dense,True,-125.02999877929688,-87.7300033569336,46.560001373291016,9122.868414467144,6,76.17256017443418,0.008349628287265319,0.016356927368994384,0.5908715559991191,82.72544902524889
VGlut-F-100035,FC,dense,True,-162.07000732421875,-17.079999923706055,37.09000015258789,6290.69611421451,5,91.82094782738683,0.014596309559431338,0.017762824931467382,0.6413784019227267,92.65273524423928
VGlut-F-100125,FC,dense,True,-211.69000244140625,-81.0199966430664,-93.0199966430664,6181.862647704997,6,126.13398164522815,0.020403879677277387,0.020403879677277387,0.6446354700771595,129.85366261039582
VGlut-F-200036,FC,dense,True,-198.8300018310547,-29.110000610351562,54.91999816894531,5887.164858061977,5,67.12456014404928,0.011401848217674395,0.02641008451563337,0.6114763981492207,101.89209030643318
VGlut-F-200062,FC,dense,True,-29.139999389648438,110.51000213623047,23.790000915527344,7684.038754858468,6,34.086728303429354,0.004436043256793439,0.01392126228338356,0.724123551780366,83.96561578268651
VGlut-F-200143,FC,dense,True,-57.27000045776367,112.97000122070312,-64.73999786376953,4319.478262208968,5,68.34858994272199,0.01582334388407565,0.03230622658063516,0.6497084372454761,72.4481241979327
VGlut-F-200251,FC,dense,True,-40.119998931884766,-1.350000023841858,-92.95999908447266,9578.733593432637,6,122.42650773524693,0.012781074506465541,0.016199377076220038,0.6619194079613632,125.36305433986627
VGlut-F-200319,FC,dense,True,-202.64999389648438,42.5099983215332,-48.65999984741211,4051.6433340759613,5,0.0,0.0,0.0022223929081715424,0.6621138066799152,17.709956847432032
VGlut-F-200392,FC,dense,True,-258.8399963378906,38.15999984741211,-24.739999771118164,6357.2830538088165,6,38.32497850163788,0.0060285153543189135,0.017594874145402624,0.6766922795704794,120.3226194993913
VGlut-F-200459,FC,dense,True,4.489999771118164,75.0999984741211,26.299999237060547,4267.246604239557,5,109.38192347423517,0.02563290421640104,0.05462704709129653,0.6080727680064206,153.2705506139585
VGlut-F-300438,FC,dense,True,-59.709999084472656,127.12000274658203,-67.08000183105469,3626.818781582606,5,86.89965417348448,0.023960296724713875,0.02396029672471387,0.6685737651419689,105.89046034791909
VGlut-F-400049,FC,dense,True,-243.5500030517578,-20.6200008392334,-18.559999465942383,2546.2910612068126,5,204.14279818112811,0.08017260920845977,0.1374276936767104,0.6594953103826786,183.61083262427198
VGlut-F-400184,FC,dense,True,-117.20999908447266,-128.67999267578125,60.34000015258789,2853.2063113883514,5,79.20200416653341,0.027758947486694097,0.029510424603434837,0.5961790197930319,93.79453524626199
VGlut-F-400186,FC,dense,True,-111.12999725341797,-134.49000549316406,60.91999816894531,3323.994057040585,5,87.82108486163509,0.026420349541726878,0.0459198416765142,0.5786165621696909,98.93549730954983
VGlut-F-400334,FC,dense,True,-98.37999725341797,105.22000122070312,-86.98999786376953,9060.028034701867,6,28.26342024700886,0.0031195731557070072,0.009316117825433758,0.609123247705709,85.14895214100925
VGlut-F-400757,FC,dense,True,-99.41999816894531,-145.42999267578125,51.25,3286.634688723604,5,89.29226013143045,0.027168294802519703,0.04125123265079327,0.5970235343201789,98.54779693325425
VGlut-F-400898,FC,dense,True,-107.51000213623047,-114.41999816894531,60.84000015258789,3289.7475010673543,5,51.917713471347376,0.01578167122385616,0.027359161032892414,0.6129958696872092,80.93705220825959
VGlut-F-500002,FC,dense,True,-252.24000549316406,17.979999542236328,-8.569999694824219,3934.3490954380254,5,238.8002136668111,0.06069624425135681,0.07338584080773171,0.6804203022453388,171.57667630353575
VGlut-F-500335,FC,dense,True,-90.0999984741211,-121.75,65.45999908447266,2931.8774571453187,5,76.68045342619675,0.026154044480719264,0.034817122801839455,0.5525307985792064,79.59686668852356
VGlut-F-500876,FC,dense,True,-102.63999938964844,-127.29000091552734,49.36000061035156,2829.789842917076,5,70.0109609100047,0.024740692700286965,0.047004038108473256,0.5953467973133932,87.53732482690044
VGlut-F-600204,FC,dense,True,-202.47999572753906,-19.959999084472656,-84.58999633789062,6070.7240564494805,5,77.32044138619025,0.012736609450077992,0.025418359855843536,0.6235661958959658,79.14637893415615
VGlut-F-700261,FC,dense,True,-219.7899932861328,-35.939998626708984,-92.7699966430664,9340.537819572623,6,95.99487224170545,0.010277231792858124,0.010277231792858124,0.6441351406604634,101.30267214116012
VGlut-F-700541,FC,dense,True,-84.5199966430664,-134.9600067138672,57.84000015258789,3293.531559938285,5,81.45047458613416,0.024730436950074465,0.036733589622394175,0.5992007890379515,91.13082906604367
VGlut-F-800130,FC,dense,True,-109.91000366210938,-98.1500015258789,72.68000030517578,4647.866513313093,6,37.11600749382334,0.007985601003710045,0.015476937088622791,0.6698647099000642,78.80208204857395
fru-F-000094,FC,dense,True,-177.3699951171875,45.36000061035156,-93.72000122070312,7231.4748566056205,6,3.2155509554128026,0.0004446604626545226,0.021212683138593487,0.637734111056488,125.45614275739904
fru-F-000131,FC,dense,True,-141.41000366210938,86.0999984741211,13.329999923706055,4691.960995417887,5,7.676825647506336,0.00163616570022714,0.010949891575001897,0.6998991227194685,46.171083097823335
fru-M-000335,FC,dense,True,-6.46999979019165,23.479999542236328,54.33000183105469,4240.703563720503,5,46.77708226173784,0.011030500377795526,0.026694165931837193,0.5940149200001902,57.4924646733926
fru-M-000339,FC,dense,True,-197.6199951171875,35.16999816894531,-91.27999877929688,2117.4146610470043,5,136.449185821522,0.06444140976810446,0.06444140976810445,0.6011677905811432,170.2372443272064
fru-M-300299,FC,dense,True,-72.56999969482422,-40.09000015258789,-105.6500015258789,5239.62111521334,5,114.32766349568024,0.021819834102837644,0.037158620686483644,0.6372741912673545,117.04224634172269
npf-M-300037,FC,dense,True,-221.36000061035156,-16.950000762939453,-4.590000152587891,7880.728657438086,5,222.9101984526349,0.02828548071405111,0.05618996356941483,0.6006699369927035,192.17417401727414
1016835041,EM,projection,True,63.17697525024414,24.360897064208984,57.4226188659668,5590.106619149336,6,0.0,0.0,0.0014040084530190624,0.6376658485686851,65.13994972654251
1048172314,EM,projection,True,-90.11005401611328,1.0266406536102295,54.094810485839844,9190.337201129747,7,0.5186342037443472,5.6432554365969584e-05,5.6432554365969584e-05,0.5325618886714941,93.62344887265617
1048215779,EM,projection,True,61.23395538330078,27.00337791442871,57.670257568359375,5698.131322391625,6,0.0,0.0,0.030149271289022866,0.6270171286329543,62.50083356205839
1051630846,EM,projection,True,-32.30766677856445,50.83822250366211,49.5212287902832,2014.8454592392811,6,3.5866095022299977,0.001780091612378126,0.07606315989299757,0.3484206394351169,39.08144100185748
1078693835,EM,projection,True,-145.50717163085938,-54.83695983886719,55.995155334472656,13996.164768108512,7,2.423733452417774,0.00017317125745336056,0.01957616841416321,0.5464534125967159,138.76130225469393
1100792636,EM,projection,True,73.07137298583984,-41.436073303222656,-95.43074035644531,8777.4402977346,7,1.1778617817353298,0.00013419194455122963,0.02760196262278519,0.4183702960145352,110.59289991881128
1101133698,EM,projection,True,37.21665573120117,-6.634572505950928,-11.439069747924805,3343.405866766298,5,1.3670546834797512,0.0004088808651885121,0.05533811067214014,0.5713468745209812,41.48104443810839
1141324564,EM,projection,True,-37.96665954589844,24.133516311645508,61.12104797363281,1432.697980080829,5,0.0,0.0,0.0656223080826141,0.40337713385109,35.27800536881367
1141337605,EM,projection,True,-58.13736343383789,109.51921844482422,21.26638412475586,2318.125343835483,6,0.3592328461481546,0.00015496696375950984,0.0330027912393932,0.3442772055705522,76.6119838992502
1141678665,EM,projection,True,-49.69016647338867,110.35541534423828,20.904762268066406,2416.585171922031,6,3.3238437283858535,0.0013754299939456446,0.064939637524583,0.3630902755622579,75.87028297168224
1142011140,EM,projection,True,-46.18915557861328,101.56399536132812,30.256074905395508,2391.600745453836,6,1.6249380751160656,0.0006794353439657058,0.032949820493962445,0.3528374789990714,61.957700849381524
1142356576,EM,projection,True,-47.088069915771484,28.271257400512695,68.36611938476562,2169.3117623617222,6,0.32550153934649545,0.00015004829872499427,0.06196635753816387,0.37681834202164566,35.45583921463458
1142365351,EM,projection,True,-54.51332473754883,87.32841491699219,45.735313415527344,2174.300312273217,6,0.9996955184257533,0.00045977803194103303,0.05353614246670099,0.3648650357405573,47.28511514976742
1171690479,EM,projection,True,-54.20639419555664,114.79476928710938,22.705686569213867,1970.0538039086068,5,0.0,0.0,0.05087473017131599,0.44828892645592266,56.15856401026799
1172372382,EM,projection,True,-193.40174865722656,23.631183624267578,-103.99119567871094,973.5983715578232,4,0.7319844400169632,0.0007518340841570417,0.10261475755256778,0.3899548454001096,115.25129220694946
1173045815,EM,projection,True,-49.021427154541016,50.14683151245117,67.90413665771484,2018.7527291297504,5,0.39638472951598186,0.00019635130335494654,0.03946948107532295,0.43906602359356633,34.851501048279026
1173745330,EM,projection,True,-45.386837005615234,27.08716583251953,70.32549285888672,1701.964555343048,5,0.5491665793442487,0.00032266628445359056,0.08308365844168655,0.3928669015292126,38.561564301267644
1193560072,EM,projection,True,89.81324005126953,-9.790943145751953,-8.076865196228027,1619.862337681948,6,0.0,0.0,0.06623685167685844,0.4388387837467439,90.45590020430562
1198006801,EM,projection,True,44.23897171020508,9.589181900024414,-4.554423809051514,1870.851035316815,5,2.276024237745797,0.0012165716001864193,0.060354607151888194,0.4581132971274112,46.01449613532543
1198330641,EM,projection,True,18.07573890686035,18.59124183654785,-20.28300666809082,2693.694821807326,5,6.266381347992497,0.002326314509446949,0.011762858157705613,0.6002597371049088,27.420973386539544
1204175835,EM,projection,True,-50.8141975402832,105.83628845214844,25.8641300201416,2255.5584073130703,6,1.8417734192980286,0.0008165487594231877,0.0614170069790628,0.34797864702289383,72.64080020679037
1205090786,EM,projection,True,-56.30024337768555,55.306156158447266,63.438079833984375,2134.145570278595,5,1.5709259279771066,0.0007360912722425186,0.08376837954903275,0.3475067904387402,38.14114068317442
1206114100,EM,projection,True,-48.00168991088867,103.9207992553711,24.91621971130371,2006.215349002196,5,1.7614648984019223,0.0008780038988725703,0.09545674213045535,0.36354186944863376,69.66089972274136
1224258912,EM,projection,True,74.10134887695312,-41.1921272277832,-104.10325622558594,2976.615710734656,6,0.3785279785691899,0.00012716723129697037,0.06710455994845015,0.4996583375869817,110.0000159770532
1224595289,EM,projection,True,-60.60470962524414,-14.617757797241211,-9.085396766662598,2507.279433685131,5,0.8832561800194587,0.00035227672199315764,0.09271103912324803,0.5234495829814078,62.935533981532416
1224945418,EM,projection,True,73.7575912475586,-46.47522735595703,-106.75070190429688,2638.07384031361,5,0.0,0.0,0.12640295281591132,0.5120853817191989,112.64380158367135
1228683492,EM,projection,True,57.22599792480469,26.143421173095703,-81.46857452392578,3211.0574950602995,6,3.0520863807254934,0.0009504925979745433,0.05901984021831878,0.4836025408389078,94.04858509480519
1261129711,EM,projection,True,81.51018524169922,-41.049625396728516,-98.24797058105469,1163.90277636078,5,0.6726238539608855,0.0005779038143237398,0.13104779567870642,0.27676030508911276,110.92560702346312
1261130127,EM,projection,True,67.13459777832031,-31.938234329223633,-99.4051513671875,1422.508247204361,6,1.0478196034814566,0.000736600020098811,0.09009373004165118,0.30207642574705246,97.93522104805578
1261423370,EM,projection,False,-134.01690673828125,-14.205668449401855,36.624549865722656,1575.2453408403576,7,1.687774036896663,0.001071435663473395,0.10189783640038694,0.39117434401990264,110.25174803206984
1262114202,EM,projection,True,-122.86308288574219,0.9411702156066895,49.141746520996094,1277.9263445667032,6,3.1081356553002317,0.002432171203383466,0.14143200160744934,0.3853454870412946,102.66520597012996
1266871604,EM,projection,True,-39.3950080871582,92.6469497680664,36.5265007019043,2200.840787908676,7,2.2622624512477563,0.0010279082720006502,0.04443229896821372,0.37882192335404935,35.725545694390725
1290416713,EM,projection,True,52.36068344116211,-26.794103622436523,-96.08336639404297,2425.5537539925026,6,2.3165497072096164,0.0009550601397295509,0.08071619334983225,0.4108684670671645,96.47731342160245
1322474586,EM,projection,True,-123.16732788085938,-5.5218119621276855,41.51143264770508,662.9085066731723,5,0.0,0.0,0.24296107096027375,0.37983642639606113,103.8342660187858
1419019956,EM,projection,True,-41.84049606323242,95.9678726196289,34.17356491088867,2007.4063294094349,6,2.7733360289830533,0.0013815519002567606,0.09405970673417577,0.33034673400121456,65.85417716613142
1448929233,EM,projection,True,-231.8834686279297,-25.364377975463867,22.651185989379883,7848.931719756232,7,1.4743639045031327,0.0001878426207724639,0.025615339573618442,0.5311823021977233,145.3225547158312
1469403612,EM,projection,True,-88.00926208496094,-82.00670623779297,-101.1593017578125,3803.993691288743,6,2.227955639227386,0.0005856885736507581,0.05783018539169187,0.447377748179553,117.98915364540349
1510648834,EM,projection,True,-112.54434967041016,-22.06144142150879,31.900705337524414,4139.40198160748,7,5.399384582589562,0.0013043875918745116,0.022793868868220216,0.528709261048722,50.201218919347575
1602402027,EM,projection,True,-110.76653289794922,5.196910858154297,48.893367767333984,1704.7576516499344,5,1.7263600432095874,0.0010126718255458454,0.10275581970620648,0.3542557579340663,97.26319664649014
1610224198,EM,projection,True,-7.617793560028076,-3.1693599224090576,21.799373626708984,240.61194937780667,2,1.3526027263164988,0.005621511025591894,0.5466519710310174,0.45334802896898263,62.80084434377539
1639886198,EM,projection,False,-102.43400573730469,-17.4028263092041,55.0687141418457,10715.786585465834,8,3.005485766430295,0.00028047271588132707,0.007831125135711842,0.5060343337461075,55.30718762551148
1640555311,EM,projection,False,-112.1475830078125,-19.50769805908203,59.32358932495117,9681.426597203994,8,6.036172757496642,0.0006234796800752376,0.008389224979067836,0.5076855228274241,58.82916942714414
1641250106,EM,projection,True,-4.084847927093506,-1.7761694192886353,22.001075744628906,157.7732195243596,2,106.22017898601628,0.6732459368341424,0.7397899429779643,0.2602100570220356,68.26543686555307
1670278227,EM,projection,True,-117.4599838256836,-62.2908935546875,83.20845794677734,1438.485181743883,4,0.5508128835830699,0.00038291175367918394,0.08874301077382178,0.5211916364626377,58.433719111974135
1700644008,EM,projection,False,-76.08833312988281,-140.60145568847656,77.83331298828125,3462.6920812386516,6,2.274354523385771,0.0006568168552175173,0.047297790971073235,0.3651155038380468,93.34362482998367
1729935421,EM,projection,True,73.07160949707031,-31.982769012451172,-97.78384399414062,2178.9898097456353,5,0.8432361649029059,0.00038698490517555066,0.16613234145337433,0.48320686574604405,157.79541622214768
203253253,EM,projection,True,54.657196044921875,25.857147216796875,-102.22749328613281,6133.1951103824085,7,2.772412422043907,0.0004520339516593408,0.017289221685638845,0.43952943250938853,80.06570832975898
266187383,EM,projection,True,-95.19068908691406,102.75030517578125,5.136713981628418,2445.404023110392,5,2.3741006694712277,0.0009708418923967947,0.038443832832750706,0.4745469008452659,47.463606681236726
267896360,EM,projection,True,-77.40296173095703,137.95655822753906,-36.774620056152344,2417.3703128950897,5,0.0,0.0,0.029848740308186007,0.4349933171336434,34.40794171430644
296543992,EM,projection,False,-233.50381469726562,68.69221496582031,-97.6978759765625,4576.419911356323,6,1.9244767623036585,0.0004205201444754001,0.059367928258348995,0.35402701400318415,99.53007419034897
297166053,EM,projection,True,-55.07895278930664,88.20744323730469,-84.90927124023438,2311.097203897132,6,1.558805979721896,0.0006744874153684793,0.07772081353194656,0.3313053494083335,45.97017893939908
299082033,EM,projection,True,77.10558319091797,103.67210388183594,-41.144775390625,4982.91616668753,6,2.4284862570727035,0.0004873624552040331,0.02412419694682727,0.5353086678942044,61.39412154794051
300972942,EM,projection,True,-97.76944732666016,115.71521759033203,-16.127037048339844,2929.957804306141,6,0.0,0.0,0.0010372065628675533,0.5884756698351289,13.641553353142768
326253554,EM,projection,True,-40.35591125488281,111.93997192382812,-67.66541290283203,21011.20033382337,7,1.3234253504539828,6.298666089645349e-05,0.009619744785589485,0.45323704437364515,96.27499788228671
328632707,EM,projection,True,-34.62900924682617,117.0728988647461,15.4963960647583,7068.605603473207,7,3.0483033545835965,0.0004312453580782314,0.020746063730334077,0.40943114863112934,57.33503822622914
328943204,EM,projection,True,76.22222900390625,46.831382751464844,-17.733848571777344,7694.646889076431,6,0.0,0.0,0.013333521291797034,0.526875934820538,86.92450502500438
329970706,EM,projection,False,-229.51263427734375,22.593908309936523,-103.7555160522461,5569.318879353736,6,2.310725901120049,0.000414902782759709,0.04256961591229494,0.3798270715779895,197.17825732179773
330268940,EM,projection,False,-253.49977111816406,9.227602005004883,-44.95560836791992,19391.90275067669,8,0.8844434135877647,4.5608903105545e-05,0.007262795200961907,0.5165298944784323,110.02707962017153
331662710,EM,projection,False,-186.06214904785156,83.77406311035156,-97.82828521728516,11965.449741337308,7,2.9933987839331797,0.00025017018571327226,0.015665695252645533,0.47650364548475366,145.46727787711785
361040812,EM,projection,True,14.700993537902832,115.1201400756836,13.783939361572266,7389.5216579039015,6,0.0,0.0,0.0071685893723685504,0.5017463343894873,41.211075304526496
418969956,EM,projection,True,-160.78158569335938,-4.541623115539551,-83.83614349365234,1774.015312889813,5,0.0,0.0,0.1013624603883422,0.4718918801322649,83.27715141958325
421641859,EM,projection,False,-188.53765869140625,115.5616226196289,-89.59320831298828,10268.251057093128,7,3.007603381116593,0.0002929031793626621,0.019902163724668385,0.43655683070035417,59.28931809628316
422682603,EM,projection,True,-57.54913330078125,22.53717803955078,71.04509735107422,1137.3540979969468,4,0.0,0.0,0.1792605631205757,0.3640014609573123,68.71972928452446
422725634,EM,projection,True,-49.043514251708984,24.861656188964844,22.451614379882812,5906.211729931127,5,0.35344628354916263,5.9843144761978286e-05,0.04219027655680028,0.5639152700482957,43.201528894680244
423774471,EM,projection,True,-211.64259338378906,66.13148498535156,-102.23504638671875,2361.336184276826,6,1.8685823271499888,0.0007913241407945705,0.11029282669135276,0.4162205664929798,135.79454769526797
424789697,EM,projection,True,-42.19171142578125,127.2161865234375,-11.692534446716309,13561.153500444781,8,2.51126587171531,0.00018518084554038452,0.015259141967964235,0.5168498459177552,113.19989172832065
454439022,EM,projection,True,-195.71229553222656,106.13232421875,-81.67504119873047,1553.0316044117417,5,0.0,0.0,0.12757642317346765,0.4290515155477977,116.10794529775794
456156825,EM,projection,True,-200.1993408203125,53.842044830322266,-105.68122100830078,2055.3708822483086,6,1.0549069456667628,0.0005132440839644627,0.08247045146917145,0.335178550517572,151.86103895856655
457175171,EM,projection,True,-219.35890197753906,68.08675384521484,-102.05257415771484,2999.395628857172,6,1.9417393748056424,0.0006473768769028589,0.09821112475383921,0.40705882580437214,151.32102805179605
484911954,EM,projection,True,0.7079440951347351,99.49217987060547,19.78871726989746,5247.406363851112,6,0.0,0.0,0.015674561502730923,0.4486010286374343,28.466514468607578
485745069,EM,projection,True,-84.87419128417969,94.91770935058594,-89.14358520507812,3894.346636861263,6,1.7406127765599684,0.00044695887111961217,0.022645532421327812,0.3492628603488613,76.16523214648005
486544396,EM,projection,True,-117.28536987304688,100.77729034423828,6.44896936416626,6312.258306702107,6,0.0,0.0,0.024596530709223848,0.558471689890243,96.5558751888949
517514142,EM,projection,False,-192.26516723632812,79.37020111083984,-100.08940887451172,9559.548653603311,7,1.1742591751025517,0.00012283625698792112,0.030019849959520433,0.4935006258082278,122.38586590182173
517854468,EM,projection,True,-211.3523406982422,21.615192413330078,-100.36006927490234,2763.299231683568,6,2.7323361308080774,0.0009887948794974962,0.10479180259747149,0.46027416650324443,145.43473080378544
518899665,EM,projection,True,-248.67440795898438,30.004348754882812,-84.99141693115234,5645.709263006316,6,0.0,0.0,0.0796695405764127,0.5571755152156741,158.12235410800238
519046655,EM,projection,True,-24.755285263061523,-9.731219291687012,-33.87895202636719,14311.632764417254,7,0.6315037424566665,4.41252058973147e-05,0.0025943213035767606,0.5561834892477547,64.59158256345309
519279166,EM,projection,True,-23.4388370513916,75.8194351196289,-40.03299331665039,4010.968173225209,6,1.3879807238979605,0.00034604630701466995,0.012893996570968702,0.4700632036884141,60.10732630545203
519591210,EM,projection,True,-195.97813415527344,35.338314056396484,-100.0191879272461,1613.455288736444,5,0.0,0.0,0.09593294207536537,0.35088960821702947,143.71107035370048
549282467,EM,projection,True,-65.28170776367188,107.03413391113281,8.994954109191895,9399.749623732052,6,4.2352816864959255,0.0004505738829258689,0.017980447988581207,0.44641912935097927,114.06562242192344
550280614,EM,projection,True,-232.3688201904297,20.169204711914062,-10.18288516998291,2045.3919472355371,6,1.8728895893637598,0.0009156629329137019,0.11920613955675011,0.36082542312540705,144.45129937568046
550617370,EM,projection,True,-199.9165496826172,104.57763671875,-78.09379577636719,1825.8679392739537,5,0.0,0.0,0.15058925261342246,0.4717698849612307,135.2652640925276
575768294,EM,projection,False,-188.4591064453125,11.590688705444336,17.370166778564453,8921.660032781678,7,2.7012715806268948,0.00030277678937567267,0.016302314342740824,0.397424935560029,77.24805189146986
579916831,EM,projection,True,-207.71621704101562,35.41933059692383,-102.52472686767578,2172.7017027247575,5,0.0,0.0,0.15150254924703577,0.5159342714792269,141.31454179257526
580287695,EM,projection,True,-206.02337646484375,124.10294342041016,-69.871337890625,2232.218718322786,5,0.0,0.0,0.07939830898732218,0.4259695865600959,132.07045302039649
5812979156,EM,projection,True,-52.75581359863281,101.26346588134766,29.904653549194336,2079.620182288449,6,0.6417806417998285,0.0003086047381467525,0.037208357057642485,0.39482977496319155,53.64705266436887
5812980638,EM,projection,True,-194.13595581054688,119.81179809570312,-91.12600708007812,1152.4964688387251,5,1.5804299496945922,0.0013713100147604443,0.08215417763140248,0.3168519549638959,122.04803337652535
5812981543,EM,projection,True,-234.57164001464844,27.146055221557617,-100.92389678955078,3418.5326441551183,7,1.5918805801224567,0.0004656619508502268,0.06210986738571678,0.4979253385176566,151.17629544196743
5812982779,EM,projection,True,-57.85688400268555,93.14816284179688,44.56266403198242,1709.544948292892,5,0.0,0.0,0.07890278740404305,0.5169046912788738,47.85548860846544
5813020455,EM,projection,True,-141.29867553710938,-13.621647834777832,35.276947021484375,742.1611682516987,5,0.0,0.0,0.22436681559097246,0.43123677209380873,119.72078681704703
5813020585,EM,projection,True,-123.35224151611328,-22.632064819335938,32.16337585449219,672.2404654590881,5,0.0,0.0,0.2348119412933252,0.39283224486464796,108.38418548160526
5813020673,EM,projection,False,-231.22470092773438,27.00478172302246,-99.92149353027344,5307.458961705223,6,0.0,0.0,0.04771072610668038,0.4704112350065665,157.4164923074203
5813022201,EM,projection,True,-64.41338348388672,107.75672149658203,24.40767478942871,1893.1812625511052,5,0.4291906135059072,0.0002267033917964955,0.07647634661417305,0.47223708112652496,63.33249336381216
5813022925,EM,projection,True,80.94940948486328,-77.9056625366211,-102.7208023071289,2956.435784345327,6,1.6909211542650016,0.0005719458420908807,0.10975085290194964,0.395935892558178,122.17360520851355
5813026366,EM,projection,True,-77.697998046875,138.3455047607422,-53.15629196166992,2025.7379891451112,6,1.157363819657594,0.0005713294739296552,0.05021645410393586,0.45418751840513993,38.61843026848862
5813034306,EM,projection,True,-92.43260192871094,-140.83489990234375,82.77840423583984,2030.2696508733025,5,0.0,0.0,0.07393838233423229,0.4338298919907471,86.03777657715811
5813049380,EM,projection,False,-219.69618225097656,80.75486755371094,-98.18281555175781,7939.504506242236,7,2.3875237852827538,0.0003007144568537776,0.02529889591454309,0.4456717550075011,158.60127202748296
5813057274,EM,projection,True,64.28594970703125,-39.31146240234375,-92.7146987915039,9597.504909233132,7,3.71332835754035,0.0003869055960542411,0.025102970018366588,0.42635552840159996,102.2774651970976
5813058048,EM,projection,True,-167.77359008789062,-30.839046478271484,-85.81892395019531,9514.110633877583,7,5.679005694006956,0.000596903474486129,0.031429359642830855,0.476962928512272,191.38575885176547
5813058316,EM,projection,True,58.27124786376953,-18.499919891357422,36.517845153808594,1827.9421835036703,5,27.687666730271015,0.015146905071801152,0.024212072117379708,0.4965567710087114,58.89735258513111
5813068729,EM,projection,True,-101.73925018310547,127.87106323242188,-19.995149612426758,2973.6955666227122,6,1.6337149300505538,0.000549388763391808,0.0008276429114197051,0.5704476712791889,23.062698601115677
5813077405,EM,projection,True,-8.095112800598145,76.63999938964844,30.038522720336914,1988.6206140161125,6,2.994218923015312,0.0015056762973850231,0.03778150897407992,0.44905490951241267,49.822733260052225
5813087817,EM,projection,True,-69.77536010742188,105.15229034423828,23.260711669921875,3161.4557231236477,6,1.6401900344112013,0.0005188084787695924,0.040952968835025326,0.36704453285159094,76.23545519711156
5813089803,EM,projection,True,83.6807632446289,91.9640884399414,22.858272552490234,2035.2664002130423,6,0.0,0.0,0.026109277885536967,0.4987876311326924,65.25625519652058
5901203987,EM,projection,True,-207.0054168701172,100.29959106445312,-91.04718780517578,5506.6483791224255,6,1.911735951555761,0.00034716869862324993,0.048366745720972264,0.4470227128436478,117.68506484916348
604864392,EM,projection,True,28.75333595275879,92.10140991210938,-34.401817321777344,1801.8906256649964,5,6.778132159577483,0.003761677908211538,0.06662874474866654,0.5115077783413822,41.43474465314201
608922563,EM,projection,True,-176.1376495361328,17.492109298706055,-100.43766021728516,9403.6812347659,7,3.2092357365678303,0.0003412744069527919,0.01559836140890035,0.47110678561076924,118.33831212440235
609587511,EM,projection,True,-224.76336669921875,8.182275772094727,2.3478543758392334,1506.151679947452,5,0.0,0.0,0.15806881708999013,0.3900386223279505,138.0967703915796
612414168,EM,projection,True,28.797561645507812,128.50765991210938,-4.00675630569458,3435.271716084625,6,1.8729176653991872,0.0005452021907407831,0.050776732568649036,0.403102147047373,96.8170608670759
613079053,EM,projection,True,-10.12882137298584,121.21437072753906,4.596112251281738,10197.5511483911,7,0.0,0.0,0.009295771398362011,0.5813088261125726,67.33408058264061
613719036,EM,projection,True,-141.61819458007812,-17.28683090209961,44.31536865234375,1720.8400915717725,5,6.4196135721079095,0.0037305113958871067,0.13569407464918684,0.4776395944136312,104.54220249673102
636667489,EM,projection,True,82.19789123535156,44.4237060546875,-78.68797302246094,2069.4678194474,5,34.389797964103636,0.01661770124711897,0.06009348319468049,0.40474979899248936,97.44561414632125
642664141,EM,projection,True,-207.53575134277344,44.50918960571289,-95.49578857421875,2554.458680377174,6,0.4036284601382489,0.0001580093908892869,0.08667283758969374,0.5580709245947317,155.28999593138823
643830129,EM,projection,True,84.0760726928711,87.76585388183594,20.763029098510742,2520.5805834399266,6,0.5889591042830885,0.00023366009726192324,0.07011137522030945,0.3538888220714116,57.55611920387356
644417074,EM,projection,True,-45.755672454833984,28.361352920532227,66.32758331298828,1997.8805755225105,6,2.2227898256821317,0.001112573921041702,0.09344980882693897,0.38065682002215884,55.964311832746105
673085197,EM,projection,True,-122.52123260498047,-13.078460693359375,52.311241149902344,2517.861555799824,6,0.8828536584811614,0.0003506362994611568,0.05187626750486181,0.3878720694398572,92.34325902116727
673509195,EM,projection,True,23.78931999206543,120.43461608886719,-6.958540916442871,19781.358280300767,8,1.753085536751591,8.862311232173567e-05,0.012599650132174957,0.5605679543944712,89.78504221636541
673518025,EM,projection,True,82.8837890625,52.95551681518555,-3.941011428833008,1704.6386250219116,4,0.0,0.0,0.06401370190919345,0.5867641354363141,35.6305256015205
674807824,EM,projection,True,34.406490325927734,130.04638671875,-25.05678367614746,3786.934630409428,6,2.7114808664413594,0.0007160094195098913,0.04661747882564443,0.43439520696593475,118.61380639293058
676573560,EM,projection,True,86.9736099243164,72.02693939208984,-29.464109420776367,1936.0043163121086,5,1.0222085070964912,0.0005279990847560167,0.04662412021032645,0.5397617844531687,62.93189721915362
700486220,EM,projection,True,84.0591812133789,50.11687469482422,-6.040835380554199,1552.7792471869438,5,1.1143475764816075,0.0007176471340020735,0.0029570331796219024,0.5056086040845321,28.732611758886186
702389193,EM,projection,True,79.50475311279297,-47.071311950683594,-100.3666000366211,1203.463810042681,5,1.0029264730807779,0.0008333665414045221,0.13375790555241762,0.24630466244512442,114.68255337472844
736174181,EM,projection,True,-26.81562614440918,135.59825134277344,-3.7438857555389404,3771.060815255889,7,3.6099188506736724,0.000957268797169668,0.022647775319845943,0.35201758025021446,91.15636088486148
737832306,EM,projection,True,-82.54563903808594,13.44286823272705,67.18431091308594,4152.710033727147,6,3.5710410087369526,0.0008599302575267617,0.034857224967469985,0.42309501694656715,84.9898292548658
760686202,EM,projection,True,-196.87501525878906,45.81293487548828,-100.4479751586914,2200.3506006949037,5,0.0,0.0,0.13562445475218496,0.4049884987997261,154.80289344003188
768555687,EM,projection,False,-115.28044128417969,1.173240303993225,55.48293685913086,2404.407253339971,6,2.333723433956383,0.0009706023930490973,0.0528242790762199,0.4015405687036446,70.2374451548624
799586652,EM,projection,True,-42.1092643737793,43.288665771484375,-2.0115301609039307,6311.6562234553485,6,0.0,0.0,0.008986522815265418,0.5979795754701958,41.43883049645393
829261936,EM,projection,True,-33.539276123046875,27.290332794189453,55.119083404541016,2286.2111584296185,5,0.38537271832982667,0.0001685639215384358,0.06348553464898726,0.47020960546693613,27.351107687333567
832357089,EM,projection,True,-82.75473022460938,117.76309967041016,-0.03380883112549782,3425.6033907462893,6,1.3259131345076973,0.00038705973321063265,0.03942371177517651,0.42170873718069546,91.84131988438114
860983686,EM,projection,True,-54.813720703125,19.96074867248535,71.45420837402344,2402.4213510441555,6,2.7797859973030294,0.0011570767950821205,0.07268571636805797,0.37704042600237575,61.828950330265485
862705904,EM,projection,True,-49.1583137512207,70.6062240600586,54.12626647949219,2379.3261021799894,6,1.8983833084020498,0.0007978659615689966,0.031052097253102574,0.3452948576953373,39.51249714704718
894551935,EM,projection,True,34.79550552368164,125.62751770019531,-18.52332305908203,2147.275474871726,6,0.9828796381851479,0.0004577333694196191,0.0723712267290304,0.3498220732683101,116.79460376405655
919763043,EM,projection,True,52.430267333984375,67.06372833251953,-83.38556671142578,19052.00692230064,7,2.0012290628098532,0.00010504032834815879,0.011768979846226515,0.4463580365221641,78.68240847215988
922810839,EM,projection,True,59.634063720703125,-10.495573043823242,47.09611511230469,1298.1689563120367,4,1.7835598865882696,0.0013739042810384083,0.15202658426292212,0.5039349692310723,48.742733616204745
946641153,EM,projection,True,50.69512939453125,-30.66427993774414,-103.8359603881836,1366.6147875658712,5,0.0,0.0,0.0727610119376886,0.4853119273544742,92.11322397476795
946645313,EM,projection,True,-171.49839782714844,64.95291137695312,-104.55244445800781,3350.6101321504534,7,4.014902186795431,0.0011982600268144682,0.03943117653995551,0.45242746943772394,130.89799564523852
946990515,EM,projection,True,63.07745361328125,101.35388946533203,-8.240250587463379,2503.593196439576,6,2.309836506802247,0.0009226085572077464,0.05838375526852369,0.4317487820825601,70.8241687744091
948035783,EM,projection,True,44.182857513427734,-14.993050575256348,-97.92052459716797,2222.8760415703177,6,2.762286614089505,0.0012426633615332543,0.06796055834620462,0.38312839026946577,95.17395766842222
955464899,EM,projection,True,-71.27288818359375,105.61949157714844,26.761831283569336,2107.693724264772,5,0.0,0.0,0.03581093455846664,0.4258013774330328,76.16370763472834
956138930,EM,projection,True,-32.81563949584961,73.58296966552734,50.960636138916016,1698.6418180696853,5,0.0,0.0,0.07159012381586219,0.4297001503860387,30.81046053017964
977343309,EM,projection,True,45.03466796875,-6.347800254821777,-93.4617691040039,2621.1405296048624,7,1.317107938230538,0.0005024942094306909,0.05270779530351354,0.379724837315808,84.32068737676734
981362334,EM,projection,True,-202.9126434326172,46.403602600097656,-101.0906753540039,2568.04128091701,6,2.672955611741849,0.0010408538334661722,0.11425578428443589,0.3129326711415645,175.38606876727704
983759126,EM,projection,True,-87.66419219970703,89.52825164794922,28.65951919555664,2173.3678034032578,6,1.0647918951049762,0.0004899271505898025,0.04852389334011232,0.35293669260443455,82.6121996912003
986828383,EM,projection,True,-27.870790481567383,82.2872085571289,44.133792877197266,1876.3538693936134,6,0.4030946272356037,0.00021482868120493333,0.050238657387461014,0.4974757298482627,51.30765820154486
Cha-F-000009,FC,projection,True,-122.16999816894531,-32.119998931884766,20.81999969482422,3058.018268338639,6,152.9015839998947,0.050000219286774616,0.050000219286774616,0.6037349292711338,126.7735001041348
Cha-F-400112,FC,projection,True,-18.31999969482422,35.61000061035156,59.15999984741211,1777.5629716368228,4,52.18596873071281,0.029358154711480466,0.1407674966063131,0.5391655567248694,43.34193052169986
Cha-F-400201,FC,projection,True,-117.16999816894531,12.779999732971191,51.529998779296875,2123.2464928182726,5,68.39577770407044,0.03221282970932211,0.03841037132774854,0.5343882564712926,72.8684776550278
Cha-F-800086,FC,projection,True,-174.07000732421875,72.8499984741211,-89.83000183105469,1445.5784161117917,4,155.46416586869847,0.10754460922767117,0.10929147629506202,0.4331712785047243,125.61482805684719
E0585-F-200015,FC,projection,True,-186.66000366210938,10.9399995803833,-92.26000213623047,1965.3870235784457,4,159.64881382040252,0.08123021669784132,0.12670022473454273,0.5359740687168774,155.38008264370004
E0585-F-300042,FC,projection,True,-200.52000427246094,23.209999084472656,-99.94999694824219,2220.5201355276954,5,153.4889960305348,0.0691229922101377,0.08498092198894772,0.5357507393461358,166.89450136056564
G0239-F-000001,FC,projection,True,-45.61000061035156,-133.97999572753906,42.709999084472656,2101.6226103058184,5,293.58870689333236,0.13969620685162437,0.1745171521034101,0.6063380628590065,237.748729488944
G0239-F-000003,FC,projection,True,-14.4399995803833,-130.3300018310547,39.470001220703125,2175.9190446195544,5,271.45713551715414,0.12475516319800248,0.15552056804458173,0.6225546377666605,245.96401706837779
G0239-F-000005,FC,projection,True,-13.3100004196167,-139.63999938964844,33.08000183105469,2213.649262230988,4,290.4337407140666,0.13120133603340484,0.16457323617329747,0.6273600113076055,251.47000985103764
G0239-F-000007,FC,projection,True,-41.45000076293945,-138.0,43.41999816894531,1734.282748298454,4,217.55353043708828,0.1254429421330145,0.20317347872663033,0.5999190548285884,242.07908510503648
G0239-F-000008,FC,projection,True,-18.559999465942383,-110.3499984741211,36.209999084472656,1939.145920650827,4,235.79299864509144,0.1215963152303429,0.17752150619313198,0.5858684154852826,224.92351138066695
G0239-F-000009,FC,projection,True,-32.599998474121094,-139.02000427246094,46.130001068115234,1493.6662447901335,5,206.5586432262214,0.1382896908507454,0.21554122999671574,0.5005827682452041,237.67636844691575
G0239-F-000011,FC,projection,True,43.86000061035156,-126.86000061035156,43.83000183105469,1697.3379090721028,5,264.13970450395993,0.15561998768315927,0.19127934369886107,0.595896699784019,223.757556462608
G0239-F-000012,FC,projection,True,-22.68000030517578,-126.02999877929688,35.38999938964844,1862.663206296128,4,240.00464275503808,0.1288502623253524,0.19089111635428185,0.5624664444515706,233.5744547973001
G0239-F-000013,FC,projection,True,-55.41999816894531,-148.39999389648438,49.0099983215332,2014.9301872167764,5,286.579096226992,0.14222780424112053,0.18336915407787807,0.5652635096007421,250.99102124862148
Gad1-F-001409,FC,projection,True,-164.13999938964844,19.260000228881836,38.97999954223633,180.83068104570464,3,0.0,0.0,0.0,0.32059833214477795,31.164635157648114
Gad1-F-101173,FC,projection,True,-12.199999809265137,-8.369999885559082,5.110000133514404,506.5015641646083,3,0.0,0.0,0.18299974447540493,0.5506607344679051,22.598318926432565
Gad1-F-200227,FC,projection,True,-46.439998626708984,25.8700008392334,61.72999954223633,1589.7720890702717,5,68.40973485008425,0.04303115856694373,0.05055125982901507,0.5850339689664743,54.816157664091875
Gad1-F-300153,FC,projection,True,-96.73999786376953,35.970001220703125,48.209999084472656,1289.3129541053142,4,38.62024638134663,0.029954128870244824,0.10465661141280036,0.5799102040886371,52.1082047702615
Gad1-F-300154,FC,projection,True,-186.60000610351562,76.01000213623047,-84.37999725341797,1189.5105584587259,4,177.55800187207493,0.14926979891808662,0.17776965379963683,0.5774770432360887,107.70096026387904
Gad1-F-300275,FC,projection,True,-95.91999816894531,92.0,33.220001220703125,1150.033287325596,4,0.0,0.0,0.05349293090204833,0.5539819873356916,59.34830483180424
Gad1-F-300309,FC,projection,True,-115.0,69.0199966430664,27.75,1708.9382934827852,5,44.61985988067438,0.026109696324809903,0.026109696324809903,0.5748113705036462,84.70184276611974
Gad1-F-301525,FC,projection,True,-146.25,76.04000091552734,-45.25,1310.2980549057759,4,27.614996197847482,0.02107535464504165,0.05635613633156709,0.5993955919127913,69.82180101119972
Gad1-F-301704,FC,projection,True,-135.99000549316406,82.29000091552734,-25.040000915527344,1864.4319100352147,4,7.284693243053433,0.003907191892524433,0.02478079698537309,0.6273418135871164,54.50744061845997
Gad1-F-400259,FC,projection,True,-167.1199951171875,26.190000534057617,-91.2300033569336,2408.498843121015,5,127.40226260735886,0.052896958190881534,0.052896958190881534,0.580295564808963,135.6607665521882
Gad1-F-400718,FC,projection,True,-117.1500015258789,70.75,31.65999984741211,1918.6657069185708,5,59.25801991565051,0.03088501540522163,0.040123501769876856,0.6000232366841463,80.23144416847052
Gad1-F-400957,FC,projection,True,1.7100000381469727,-1.8600000143051147,14.9399995803833,601.0344281599564,3,0.0,0.0,0.08014277993452003,0.5612170404288687,29.514507819452287
Gad1-F-402516,FC,projection,True,-88.91999816894531,29.020000457763672,12.3100004196167,2380.853319308235,5,19.205375236969125,0.008066593217321474,0.028035759216464864,0.6015236681918017,43.195021549763574
Gad1-F-500136,FC,projection,True,-66.2300033569336,32.77000045776367,63.79999923706055,1092.19024342707,4,23.46206780829392,0.02148166763939837,0.08068705447784563,0.5375253702606935,55.9487488230765
Gad1-F-500365,FC,projection,True,-132.89999389648438,-17.8700008392334,49.290000915527344,1690.4307820456054,5,74.20257015358874,0.04389565721454477,0.06068389112256192,0.6767308866722497,94.49329954527
Gad1-F-500524,FC,projection,True,-130.61000061035156,51.15999984741211,35.77000045776367,1707.4191831389055,5,56.89734668467975,0.03332359577926267,0.04335986021020088,0.5486846177048422,79.94903042020994
Gad1-F-500559,FC,projection,True,-95.83000183105469,60.779998779296875,47.68000030517578,1674.9083090558806,5,28.040069941156567,0.01674125669420215,0.01674125669420215,0.5571599834509945,62.36135262855712
Gad1-F-502126,FC,projection,True,-21.729999542236328,61.18000030517578,21.889999389648438,1335.26777288916,4,36.492065091709755,0.02732939851663667,0.05621949727018889,0.6749219356722562,24.053850468580656
Gad1-F-600109,FC,projection,True,-26.940000534057617,27.65999984741211,64.87000274658203,1494.5883428308225,5,25.452846976573923,0.01703000501687642,0.01703000501687642,0.5858954060109131,32.65657553639828
Gad1-F-600115,FC,projection,True,-67.5999984741211,41.77000045776367,66.80999755859375,963.4563382558149,4,68.7597735976246,0.07136781488417346,0.10064359254235747,0.605479990345831,60.42465641131866
Gad1-F-600345,FC,projection,True,-57.279998779296875,24.90999984741211,72.69000244140625,1138.6518322460556,4,58.16723231097603,0.05108430045401838,0.06183032664096437,0.6018121061411699,63.50767321469436
Gad1-F-601324,FC,projection,True,-60.75,15.289999961853027,50.869998931884766,727.2073433611608,3,15.709754633180701,0.021602854779449877,0.30120072196616654,0.5052353645611777,87.30683200977194
Gad1-F-700131,FC,projection,True,-153.5500030517578,-26.920000076293945,36.790000915527344,1479.2291642355367,4,83.24038192057678,0.056272810145407914,0.10719589316972435,0.657225687916258,112.14377845656324
Gad1-F-800094,FC,projection,True,-52.439998626708984,17.600000381469727,63.630001068115234,1086.961736811406,4,8.507818900372088,0.007827155834693603,0.12182280965225055,0.6136762012703503,41.83669189437794
Gad1-F-900001,FC,projection,True,-67.05999755859375,26.190000534057617,64.0999984741211,1170.540189758804,4,72.65016006989907,0.0620654982251135,0.09699131043726993,0.6352660891847517,56.729749084202936
Gad1-F-900194,FC,projection,True,-72.81999969482422,22.920000076293945,66.08999633789062,1317.1710135362516,5,59.01838806754641,0.04480692898722227,0.05583844029614108,0.552451409902833,35.07012669262794
TH-F-000101,FC,projection,True,-176.22000122070312,40.689998626708984,-100.6500015258789,4434.238601814165,6,65.21096599637686,0.01470623749693968,0.026379557156260496,0.6337404907049196,135.80419475849845
TH-F-100083,FC,projection,False,-173.6199951171875,-5.289999961853027,-93.66000366210938,4115.178644657487,5,113.57093399561873,0.027598056804426147,0.043895441528598894,0.647310229033414,167.35359729666345
TH-F-100099,FC,projection,False,-173.16000366210938,45.459999084472656,-91.68000030517578,3992.685388368611,5,104.25472073483327,0.02611142892413849,0.04576980449767747,0.5192272136783229,115.10745752361836
TH-F-200030,FC,projection,True,208.44000244140625,21.030000686645508,-81.61000061035156,4719.175858731229,6,157.96764553306002,0.033473566203470605,0.03628097362048448,0.6091372760548511,183.0440749646957
TH-F-200033,FC,projection,True,-191.11000061035156,34.779998779296875,-98.05000305175781,5479.643886301044,6,11.95661461400122,0.0021820057766696152,0.022391068418538846,0.6364016146770289,139.48239211234005
TH-F-200081,FC,projection,False,-169.1300048828125,40.36000061035156,-94.58000183105469,5323.303112144101,6,63.644923077417246,0.01195590815263243,0.026228253493193156,0.5793611363454969,123.91567558165757
TH-F-300020,FC,projection,True,174.05999755859375,-19.1200008392334,-102.87999725341797,6938.135202796053,5,134.3191094720405,0.019359540502743477,0.033223377662412984,0.6282158723183583,188.3509787388952
TH-F-300073,FC,projection,True,209.97999572753906,47.2599983215332,-94.30000305175781,4907.384255611368,6,144.766612392022,0.02949975075346669,0.03384099749712482,0.6018909452828102,179.70550774847806
TH-F-700001,FC,projection,True,-117.25,46.22999954223633,54.099998474121094,2148.7687299079475,5,45.036172781283774,0.02095906002095121,0.02145133258696806,0.538056817533785,75.19270320097174
TH-F-700004,FC,projection,True,-90.37000274658203,51.84000015258789,62.7400016784668,2094.1612554933286,5,23.837243665307074,0.011382716399120685,0.02444626695157741,0.6291654505576028,70.34263080373873
TH-F-700016,FC,projection,True,-65.01000213623047,32.79999923706055,68.87999725341797,2052.1055516333927,5,59.71403053689506,0.029098907943290304,0.029098907943290304,0.5754895323808791,55.74920628388704
TH-F-700022,FC,projection,True,-115.68000030517578,48.54999923706055,61.59000015258789,1550.5563540136422,5,1.7298837497000104,0.0011156535815174831,0.03542021674490122,0.5499742729779186,72.78738719087615
TH-M-300021,FC,projection,True,-154.69000244140625,14.350000381469727,-100.41000366210938,4665.63133991466,6,48.13316147703104,0.010316537670957828,0.025438284041272824,0.6304758671676108,124.0076507299974
TH-M-500003,FC,projection,True,-26.59000015258789,37.33000183105469,62.369998931884766,1224.802378123596,4,77.5451037319317,0.0633123392940592,0.13103162401791832,0.49593522186503397,44.04540775328305
TH-M-600002,FC,projection,True,-61.709999084472656,21.030000686645508,66.41000366210938,1636.320125176684,5,60.2869888619252,0.03684302841133585,0.047349148738196095,0.5386591752810164,53.82344362394121
TH-M-600003,FC,projection,True,-72.36000061035156,14.4399995803833,67.48999786376953,1267.4071186843244,4,62.958257750463694,0.04967484940105093,0.09385677425761288,0.6147476035567231,64.54297734786704
TH-M-700002,FC,projection,True,-40.900001525878906,32.66999816894531,62.56999969482422,1210.2301658509607,5,41.04978454871944,0.03391898971536188,0.05311498469803301,0.5373798853053895,49.20000954645848
TH-M-700013,FC,projection,True,-63.91999816894531,16.299999237060547,77.4800033569336,1627.1375057319435,5,40.28713475513247,0.024759514554370685,0.04743184794296868,0.5622311103815275,67.5337174307561
TH-M-700017,FC,projection,True,-26.100000381469727,19.6299991607666,63.279998779296875,1410.9228187151793,5,80.64631219744766,0.057158556887531346,0.057158556887531346,0.5236780524325543,46.7243812151945
Trh-M-000099,FC,projection,True,-124.58999633789062,-22.549999237060547,57.56999969482422,1947.4934345305905,4,61.02213296378001,0.03133367840004469,0.11415613368580216,0.5901063740566856,93.53434614434367
Trh-M-800009,FC,projection,True,151.9600067138672,-52.970001220703125,48.439998626708984,3393.3320162551418,5,167.93088574425303,0.04948849241389012,0.05632327357155429,0.6517208053200005,160.2489345779103
VGlut-F-200594,FC,projection,True,-166.5500030517578,-48.349998474121094,-79.7699966430664,4586.974137762856,5,182.7212086959328,0.039834802466326744,0.05969942111701047,0.6283406413293131,203.2094005967653
VGlut-F-300680,FC,projection,True,5.71999979019165,11.880000114440918,-4.070000171661377,530.0553079166584,4,0.0,0.0,0.05336137247035934,0.5291317386437234,48.64606485622936
VGlut-F-800070,FC,projection,True,-1.2699999809265137,118.30999755859375,30.389999389648438,1872.014189002569,5,100.75427049239225,0.05382131774656863,0.05382131774656862,0.5374820699676343,83.95827965369392
VT0765-F-700001,FC,projection,True,26.200000762939453,130.44000244140625,10.449999809265137,2849.873500622879,5,0.0,0.0,0.15239542333330877,0.594226999628587,71.00905272402632
VT16811-F-700000,FC,projection,True,-111.31999969482422,-68.02999877929688,23.690000534057617,1447.4901564200727,4,9.815223303413731,0.006780856684848693,0.0860558121869142,0.5479027197265016,144.7670493379188
VT24618-F-700000,FC,projection,True,85.9800033569336,69.80000305175781,54.709999084472656,2786.412722168655,5,0.0,0.0,0.029970432615470912,0.6646181578297322,72.43152675480222
VT38815-F-700000,FC,projection,True,-93.44999694824219,83.87000274658203,-19.260000228881836,1793.8168899053023,4,15.943235286746907,0.008887883360039367,0.08717251963183645,0.6063778295327124,80.04872672484781
VT38815-F-700001,FC,projection,True,-77.73999786376953,100.6500015258789,21.040000915527344,1986.6400872690451,5,43.45467070636386,0.021873449038320406,0.02187344903832041,0.566096562262126,60.288547893680516
VT43401-F-700002,FC,projection,True,-155.47999572753906,60.25,-29.93000030517578,4850.96583102174,5,21.52259591161162,0.004436765102317449,0.029900034542417322,0.6488938545364517,37.28302419696932
VT50245-F-700000,FC,projection,True,32.720001220703125,-150.27000427246094,22.850000381469727,1209.586872836299,4,0.0,0.0,0.22660854490182086,0.5504690211609572,162.56451000921567
VT50245-F-700001,FC,projection,True,-46.16999816894531,33.91999816894531,4.309999942779541,1988.0213327964887,4,13.171732786301256,0.006625549016505262,0.022256384052977755,0.7160816479706947,29.300719480922893
VT50733-F-700000,FC,projection,True,75.83000183105469,81.26000213623047,-5.519999980926514,7102.958318083687,6,6.357815689047236,0.000895094044527987,0.005624176430428401,0.6394075679692302,51.56341856566063
VT58722-F-700000,FC,projection,True,7.889999866485596,99.33999633789062,15.220000267028809,8044.5511219267555,5,0.0,0.0,0.01983471310363827,0.6299655733377497,123.88298336852094
VT58722-F-700001,FC,projection,True,58.0,88.37999725341797,33.20000076293945,1900.0447019717662,4,0.0,0.0,0.0812396329722309,0.5551956189407075,61.58801500461886
VT5948-F-700000,FC,projection,True,-102.41999816894531,50.130001068115234,23.65999984741211,2250.681515877924,5,6.866651005841239,0.0030509207799499618,0.10193764528804478,0.5476903471909002,38.55332067721754
VT5948-F-700001,FC,projection,True,-92.37999725341797,92.5199966430664,-2.319999933242798,2750.344864982076,5,8.340680840199553,0.00303259454710379,0.008680137842461353,0.6073448163179475,35.41976728588153
fru-F-200052,FC,projection,True,-81.41999816894531,34.459999084472656,63.33000183105469,1143.0383001298792,4,44.38118429967379,0.03882738163247104,0.10458086091907909,0.47508181248225184,57.784582788051566
fru-F-400010,FC,projection,True,-41.90999984741211,49.7599983215332,71.08999633789062,1665.616956298878,5,87.80867192594272,0.05271840659034834,0.06138856242119324,0.5570025370557109,41.243170785215824
fru-F-400071,FC,projection,True,-66.94000244140625,34.619998931884766,76.94000244140625,1337.6758708958705,5,46.00950619158422,0.034395108106996544,0.034395108106996544,0.45061466076398043,45.01640568040379
fru-F-400141,FC,projection,True,-77.93000030517578,19.790000915527344,70.58999633789062,1480.72485635058,4,72.20787226185499,0.048765219245268665,0.07932231983695243,0.5200896650913125,46.854216139053534
fru-F-400196,FC,projection,True,-39.810001373291016,24.760000228881836,65.52999877929688,1785.7836019764059,5,71.88630530169455,0.04025476839530545,0.04903629213861002,0.4782324902864972,34.20562076653486
fru-F-400214,FC,projection,True,-79.22000122070312,19.770000457763672,67.0,1799.7081128084428,5,53.084875910232284,0.029496380847777247,0.06138434586088446,0.5356687717126025,49.275285265916104
fru-F-400229,FC,projection,True,-81.25,19.600000381469727,69.29000091552734,2391.396612374212,5,69.28131377087105,0.028971067957685025,0.036526993830137716,0.5495937694124827,50.11841954113657
fru-F-400338,FC,projection,True,-131.8800048828125,35.959999084472656,34.2400016784668,1820.2310852958176,5,62.22093618408063,0.034182987361722095,0.039396048011158126,0.5590676641935047,81.42610348159612
fru-F-400437,FC,projection,True,-132.9600067138672,31.56999969482422,57.349998474121094,1651.641355001009,5,59.36196137519295,0.035941193404640005,0.04387611721641282,0.4966104712369969,83.88894811102979
fru-F-400475,FC,projection,True,-32.16999816894531,82.93000030517578,54.150001525878906,1621.3575573026924,4,58.48344891986876,0.03607066723589487,0.0745322358207414,0.5841583463922095,43.58815439438448
fru-F-500083,FC,projection,True,-91.33999633789062,85.30000305175781,45.43000030517578,1313.353874920365,5,16.824877173137892,0.012810619814220343,0.03770436959284799,0.5980849797146042,55.9141296905012
fru-F-500115,FC,projection,True,-109.41999816894531,42.5,58.349998474121094,1708.783097684575,5,43.64401758377269,0.025540993261760923,0.041688407344731594,0.5636791272748891,67.52603552109458
fru-F-500297,FC,projection,True,-37.439998626708984,15.970000267028809,57.41999816894531,1782.463733637547,5,73.89080305217912,0.04145430936840837,0.048845507431498354,0.5177472148346306,37.8881675329452
fru-F-500435,FC,projection,True,-18.489999771118164,35.83000183105469,57.619998931884766,1641.562592041522,5,48.40652058965133,0.02948807485278449,0.02948807485278449,0.5292063501198911,43.93733983072951
fru-F-500584,FC,projection,True,-41.11000061035156,27.850000381469727,66.83999633789062,1655.6784392079571,5,28.198444485307842,0.017031353321721943,0.05589918428533706,0.49096934712345164,27.50747510105368
fru-F-600168,FC,projection,True,-78.55999755859375,29.329999923706055,57.880001068115234,1878.4739681110223,5,58.68182560660028,0.031239094394057657,0.04368915141190538,0.5765142096056665,57.82586124845746
fru-F-600186,FC,projection,True,-93.55999755859375,14.460000038146973,63.529998779296875,1631.1765221357575,4,55.5545481331465,0.03405796207783015,0.11548010476537586,0.5730576582317726,63.07493771905718
fru-F-700104,FC,projection,True,-65.4000015258789,19.270000457763672,71.3499984741211,1605.4387255321801,4,60.78195471773444,0.03786002776131247,0.04756072440297016,0.5147531554379747,49.323294279451595
fru-F-700114,FC,projection,True,-121.4800033569336,45.90999984741211,36.13999938964844,1197.2015954793108,4,58.10498732117097,0.04853400424838901,0.06619662847498574,0.5681899697395822,82.65964228759778
fru-F-700163,FC,projection,True,-57.849998474121094,29.780000686645508,68.77999877929688,1497.106598778851,5,61.78632314624489,0.041270490155238315,0.04436372115968237,0.5033051647416786,38.01316973226085
fru-F-700245,FC,projection,True,-97.43000030517578,67.79000091552734,37.97999954223633,1526.0567741204213,5,12.400871735089222,0.008126088062638925,0.008126088062638925,0.5532902759783339,40.84052732955251
fru-F-700257,FC,projection,True,-86.05000305175781,70.88999938964844,40.209999084472656,1823.2438303539243,5,2.809436497787021,0.001540900043655521,0.006333870096232836,0.5617592859918153,46.46019239312116
fru-M-400031,FC,projection,True,-106.30000305175781,73.30000305175781,20.65999984741211,1082.171633159372,4,48.20028866583409,0.0445403364761231,0.11822291861446582,0.5929134854572813,60.605625976671774
fru-M-400362,FC,projection,True,-47.93000030517578,23.329999923706055,68.44000244140625,2313.7466593905556,5,6.857749610851713,0.0029639155103774652,0.03395555821861861,0.498661961750696,30.7511104509698
fru-M-400401,FC,projection,True,-43.09000015258789,22.6299991607666,64.7300033569336,1862.3385217128325,5,0.0,0.0,0.03686834213509651,0.5147342261464822,28.58770627223528
fru-M-500174,FC,projection,True,-85.91000366210938,2.319999933242798,64.72000122070312,1784.6917361813266,5,69.64333330660774,0.03902261208180543,0.05141358478666993,0.5199236348342914,72.93356827185995
fru-M-500374,FC,projection,True,-59.86000061035156,-4.980000019073486,62.720001220703125,1754.4503233426417,4,78.17796613362567,0.044559806050637106,0.0803319595636577,0.562737380714611,68.75382719111285
fru-M-500377,FC,projection,True,-122.44000244140625,36.029998779296875,36.619998931884766,2953.6265536052415,5,49.885213461200166,0.016889478935754255,0.02666685124403663,0.6131673329430103,78.12757095656151
fru-M-500383,FC,projection,True,-26.049999237060547,12.40999984741211,64.1500015258789,1668.2178566689836,4,84.69906145515137,0.05077218249196441,0.10437127733653413,0.5634999042219683,34.427811702304226
fru-M-700067,FC,projection,True,-50.63999938964844,2.680000066757202,63.779998779296875,1399.5689038114965,4,0.0,0.0,0.058799820835008,0.5602006816881975,40.160037293852405
fru-M-700270,FC,projection,True,-121.68000030517578,7.420000076293945,61.040000915527344,1779.8130873193854,5,4.147723215269354,0.002330426292974578,0.002330426292974578,0.5694488701391729,63.712002645398734
