fc_id,em_id,group,label,score,frac_nn_gt5,frac_nn_gt10,frac_nn_gt20,nn_median_um,orphan_fwd,orphan_rev,nn_median_rev_um
Cha-F-000009,1048215779,projection,1,0.3657734650382657,0.5570214013485781,0.316622691292876,0.11228378774552918,5.872574545236723,0.316622691292876,0.12266666666666666,5.000578688214082
Cha-F-000009,1078693835,projection,1,0.4638950817708449,0.47991791263559075,0.17355614189387278,0.03048959249486954,4.794585059393442,0.17355614189387278,0.09033333333333333,3.6955810152218866
Cha-F-400112,1224258912,projection,0,-0.865296525614647,1.0,1.0,1.0,70.35156558627332,1.0,1.0,53.578130053125925
Cha-F-400112,5813022925,projection,0,-0.8119221613793822,1.0,1.0,0.9857795835449467,64.89002824463775,1.0,1.0,52.55686297291042
Cha-F-400201,1639886198,projection,0,-0.7753938172541694,1.0,1.0,1.0,65.26841296787894,1.0,1.0,56.58579422331609
Cha-F-400201,1640555311,projection,0,-0.7674157860105526,1.0,1.0,0.9987384356602187,64.77753032749456,1.0,1.0,54.089850093682585
Cha-F-800086,579916831,projection,0,0.0755932580147284,0.7628734901462174,0.3897012078830261,0.1989828353464717,7.983001944962187,0.3897012078830261,0.4504783342712437,8.781712216067948
Cha-F-800086,5812981543,projection,1,0.1956345249806534,0.7418944691671965,0.42657342657342656,0.19008264462809918,9.211649969943288,0.42657342657342656,0.19133333333333333,6.858739377596434
E0585-F-200015,457175171,projection,1,0.2721011366949297,0.6169642857142857,0.4044642857142857,0.13482142857142856,7.796211163836725,0.4044642857142857,0.1425,5.282107851524611
E0585-F-200015,518899665,projection,0,0.1794890506894377,0.68125,0.40267857142857144,0.15848214285714285,8.44525916946256,0.40267857142857144,0.37733333333333335,8.22875915914712
E0585-F-300042,457175171,projection,1,0.3616640610217221,0.5316205533596838,0.3241106719367589,0.13162055335968378,5.606386044883823,0.3241106719367589,0.08833333333333333,3.9373545362239812
E0585-F-300042,642664141,projection,1,0.3564795441419253,0.5217391304347826,0.2391304347826087,0.13754940711462452,5.225640729330532,0.2391304347826087,0.1448876662081614,4.849542671730013
fru-F-200052,1228683492,projection,0,-0.796706349076046,1.0,1.0,1.0,77.18028613843933,1.0,1.0,45.48282930515991
fru-F-200052,456156825,projection,0,-0.2654480160090322,0.9888712241653418,0.951510333863275,0.6224165341812401,24.14916717094929,0.951510333863275,0.9668333333333333,24.16331886978622
fru-F-400010,862705904,projection,1,0.2493414234178971,0.7518837459634015,0.3132400430570506,0.060279870828848225,7.677239374100281,0.3132400430570506,0.2415,6.741118365774533
fru-F-400010,1173745330,projection,1,0.345297960645134,0.6065662002152853,0.2319698600645856,0.0,5.940067347900261,0.2319698600645856,0.20797524922653832,5.441275031276015
fru-F-400071,1205090786,projection,1,0.3521866387446078,0.5113484646194927,0.20293724966622162,0.0006675567423230974,5.173976788262374,0.20293724966622162,0.28633333333333333,5.995835363936987
fru-F-400071,1173745330,projection,1,0.2529921939187209,0.7049399198931909,0.40186915887850466,0.062082777036048066,8.4793341979728,0.40186915887850466,0.33619800618769335,7.728826543444614
fru-F-400141,862705904,projection,1,0.2710010317956982,0.65569774527727,0.2882388787324802,0.015843997562461912,6.636337179823152,0.2882388787324802,0.4215,8.31270344709086
fru-F-400141,1142356576,projection,1,0.4098586893575159,0.4954296160877514,0.1785496648385131,0.018281535648994516,4.915323403100018,0.1785496648385131,0.16966666666666666,4.818437579131386
fru-F-400196,1100792636,projection,0,-0.774029440740762,1.0,1.0,0.9886811023622047,60.770652262348136,1.0,1.0,48.60589842372734
fru-F-400196,1141324564,projection,1,0.3432899088869561,0.6486220472440944,0.3494094488188976,0.04773622047244094,6.9310670758142106,0.3494094488188976,0.1258684102983245,5.268045376431795
fru-F-400214,983759126,projection,1,0.3250486307209309,0.6104738154613466,0.2628428927680798,0.06533665835411472,6.2234676905427095,0.2628428927680798,0.2838333333333333,6.371414493442626
fru-F-400214,1173045815,projection,1,0.3225903170873185,0.6399002493765586,0.2483790523690773,0.035910224438902745,6.207948120441119,0.2483790523690773,0.2314436002337814,6.26457548981525
fru-F-400229,5813087817,projection,1,0.3406697183614339,0.5652492668621701,0.2873900293255132,0.0718475073313783,5.943941779996896,0.2873900293255132,0.172,5.802490464287391
fru-F-400229,1700644008,projection,0,-0.6751889210432005,1.0,1.0,0.9329178885630498,50.41097945589844,1.0,1.0,45.908415251350704
fru-F-400338,1141678665,projection,1,0.2882649826647423,0.661486158329286,0.3171442447790189,0.04613890237979602,7.007323808523123,0.3171442447790189,0.276,6.360670356365304
fru-F-400338,1205090786,projection,1,0.2121945923986498,0.7231665857212239,0.41185041282175816,0.047595920349684316,8.103486129922633,0.41185041282175816,0.3576666666666667,7.115699177518104
fru-F-400437,1173745330,projection,1,0.4036126391145456,0.5136729222520108,0.15603217158176944,0.032707774798927614,5.155618987169635,0.15603217158176944,0.10828463389480922,4.86222696735283
fru-F-400437,1141678665,projection,1,0.3181938498288467,0.5989276139410188,0.23163538873994638,0.03163538873994638,6.099378666680898,0.23163538873994638,0.2585,6.084774305656213
fru-F-400475,5901203987,projection,0,-0.7226543450594277,0.9918032786885246,0.9868852459016394,0.9726775956284153,45.62718014801988,0.9868852459016394,0.9726666666666667,51.9523176899426
fru-F-400475,519591210,projection,0,-0.3992952881402006,1.0,0.9704918032786886,0.733879781420765,30.800942695223945,0.9704918032786886,0.9668803418803419,31.93961650731591
fru-F-500083,1261130127,projection,0,-0.7412803212036516,1.0,1.0,0.9636617749825297,51.05926918194594,1.0,1.0,58.713195852251275
fru-F-500083,1261129711,projection,0,-0.7212199904809977,1.0,1.0,0.9643605870020965,47.639733699381736,1.0,1.0,58.7065708966129
fru-F-500115,1206114100,projection,1,0.3854754307135442,0.5103229221810481,0.1656961355214399,0.05240868184224457,5.118683333071819,0.1656961355214399,0.19789356984478937,4.810668009792666
fru-F-500115,1173745330,projection,1,0.3083405424396781,0.6304923239809423,0.25780836421386977,0.08046585494970884,6.4656634706807505,0.25780836421386977,0.2409762805087659,6.533215061955522
fru-F-500297,1051630846,projection,1,0.3056988415801673,0.6705998033431662,0.2866273352999017,0.035398230088495575,6.844046995742575,0.2866273352999017,0.23787568306010928,6.607359624438824
fru-F-500297,948035783,projection,0,-0.7858037132138149,1.0,1.0,1.0,59.12216327617097,1.0,1.0,48.19454642205822
fru-F-500435,1142011140,projection,1,0.3367702147077589,0.4882062534284147,0.1991223258365332,0.12068019747668678,4.915428955859792,0.1991223258365332,0.28833333333333333,5.419860357290195
fru-F-500435,1510648834,projection,0,-0.3070381456267737,0.8705430608886451,0.827756445419638,0.7975863960504662,61.71605367833563,0.827756445419638,0.6593333333333333,13.303743995401048
fru-F-500584,862705904,projection,1,0.242128646694652,0.6990291262135923,0.37540453074433655,0.17637540453074432,7.879822191405976,0.37540453074433655,0.425,8.872335607037005
fru-F-500584,1205090786,projection,1,0.3291996353566959,0.622437971952535,0.24271844660194175,0.041531823085221145,6.32658220504444,0.24271844660194175,0.23,6.210762366115841
fru-F-600168,1101133698,projection,0,-0.879241260740483,1.0,1.0,1.0,71.388674574092,1.0,1.0,54.33468584070842
fru-F-600168,977343309,projection,0,-0.7952479915402106,1.0,1.0,1.0,54.252014693713136,1.0,1.0,49.31065712883283
fru-F-600186,609587511,projection,0,-0.2434768879129805,0.96843853820598,0.8781838316722038,0.5376522702104097,21.039320991590508,0.8781838316722038,0.8362934362934363,23.704114461284192
fru-F-600186,550280614,projection,0,-0.2697807708610734,0.9545957918050941,0.840531561461794,0.5526024363233666,21.674821006187635,0.840531561461794,0.849,23.91744957990253
fru-F-700104,1142365351,projection,1,0.4235848925671134,0.4887640449438202,0.16573033707865167,0.06292134831460675,4.875787253602076,0.16573033707865167,0.10766666666666666,4.7067551408509525
fru-F-700104,1173745330,projection,1,0.3812509289857044,0.548876404494382,0.14831460674157304,0.03258426966292135,5.4823265523336,0.14831460674157304,0.1705053282915091,5.6874291545843905
fru-F-700114,1224945418,projection,0,-0.8817560711314733,1.0,1.0,1.0,73.42733406775973,1.0,1.0,60.458622515112
fru-F-700114,1224258912,projection,0,-0.8817283324689646,1.0,1.0,1.0,70.11425307195141,1.0,1.0,60.0482029342759
fru-F-700163,1142356576,projection,1,0.3889039803466555,0.555688622754491,0.24610778443113773,0.08742514970059881,5.5832369938314494,0.24610778443113773,0.1475,5.000580485394849
fru-F-700163,862705904,projection,1,0.1503345418805204,0.8167664670658683,0.4431137724550898,0.07604790419161676,9.019773658458092,0.4431137724550898,0.5848333333333333,11.102736906681407
fru-F-700245,1204175835,projection,1,0.3625138252199836,0.5361977633902295,0.14479105356091818,0.005885815185403178,5.280868274101133,0.14479105356091818,0.2365,6.500159655612185
fru-F-700245,1100792636,projection,0,-0.8484211125946084,1.0,1.0,1.0,62.28211673060747,1.0,1.0,55.325755950609235
fru-F-700257,1141337605,projection,0,0.2952326134285284,0.6786064769381747,0.3086359175662414,0.1182531894013739,6.7032040649277285,0.3086359175662414,0.263,6.902214901604631
fru-F-700257,1224258912,projection,0,-0.8549693435915284,1.0,1.0,1.0,75.65794620266368,1.0,1.0,54.4679270301383
fru-M-400031,1290416713,projection,0,-0.822223448347857,1.0,1.0,1.0,70.01042337585,1.0,1.0,48.002459222056785
fru-M-400031,1198006801,projection,0,-0.651380876660054,1.0,1.0,0.9737954353338969,54.242434809748325,1.0,1.0,37.84806110668699
fru-M-400362,955464899,projection,1,0.2647495452866504,0.7225856098499422,0.415929203539823,0.06925740669488265,8.24428446293749,0.415929203539823,0.24286513710128707,6.884014626859259
fru-M-400362,1469403612,projection,1,-0.438222688020542,0.9322816467872258,0.8522508657175837,0.7264332435552135,43.12320981161189,0.8522508657175837,0.8453333333333334,35.85184477955462
fru-M-400401,955464899,projection,1,0.2191025022225318,0.7463182897862233,0.3648456057007126,0.08076009501187649,8.34094665054902,0.3648456057007126,0.38668158925573587,7.8831438499274125
fru-M-400401,829261936,projection,1,0.1492553639758627,0.8109263657957244,0.5140142517814726,0.18859857482185274,10.228569890990865,0.5140142517814726,0.46724092926128946,9.426634171905508
fru-M-500174,266187383,projection,0,-0.6721936925512318,0.9814163736815671,0.9673530889000502,0.952787543947765,65.32201641010478,0.9673530889000502,0.9751278475127848,41.911767753146584
fru-M-500174,977343309,projection,0,-0.7449551792041966,1.0,1.0,0.9909593169261678,49.118514952271425,1.0,1.0,46.1373193666769
fru-M-500374,737832306,projection,0,-0.6153760419255062,1.0,0.9723218862121988,0.8390568939005638,38.932366084462736,0.9723218862121988,0.9871666666666666,48.889113607458555
fru-M-500374,1224258912,projection,0,-0.8752491994831517,1.0,1.0,1.0,82.63235334857958,1.0,1.0,56.14312263122203
fru-M-500377,1100792636,projection,0,-0.7203424356138199,1.0,1.0,0.9832112332112332,53.39356546619523,1.0,1.0,43.66864040152348
fru-M-500377,5813057274,projection,0,-0.7254548415527564,1.0,1.0,0.9862637362637363,55.36138007754318,1.0,1.0,44.316136502246934
fru-M-500383,5813034306,projection,1,-0.7256332658133,1.0,1.0,0.970682302771855,59.52969437741959,1.0,1.0,52.80989961163233
fru-M-500383,1205090786,projection,1,0.2479284762808049,0.7302771855010661,0.30650319829424305,0.028784648187633263,7.428045895545994,0.30650319829424305,0.38166666666666665,8.07071706537641
fru-M-700067,1228683492,projection,0,-0.6782312144387583,1.0,1.0,1.0,54.56202439195176,1.0,1.0,34.790462548967035
fru-M-700067,550617370,projection,0,-0.4879943183677135,0.9993560849967804,0.9935608499678042,0.7649710238248552,29.74523254237535,0.9935608499678042,0.9955210510600179,38.70013584723954
fru-M-700270,1204175835,projection,1,0.2206670526895728,0.7609359104781281,0.33519837232960326,0.0671414038657172,8.072015550257412,0.33519837232960326,0.4315,8.384275507993886
fru-M-700270,1510648834,projection,0,-0.6138498547238722,0.9933875890132248,0.9867751780264497,0.939471007121058,45.945799269763185,0.9867751780264497,0.9848333333333333,42.870910222359
G0239-F-000001,300972942,projection,1,0.5135707511702099,0.29739130434782607,0.12956521739130436,0.03739130434782609,2.5229888935628972,0.12956521739130436,0.09338602329450915,3.9544264370884967
G0239-F-000001,5813068729,projection,1,0.5221390183404121,0.28652173913043477,0.13608695652173913,0.04173913043478261,2.621020617517673,0.13608695652173913,0.07540983606557378,3.787257944695974
G0239-F-000003,300972942,projection,1,0.5551236073358927,0.27581916217337205,0.10659477395271671,0.03193695562007466,2.2712332818610412,0.10659477395271671,0.06385191347753744,3.0715508198523276
G0239-F-000003,5813068729,projection,1,0.5651625100757107,0.23807548734964745,0.13396930734135212,0.044379925342181666,2.2676059654893863,0.13396930734135212,0.05061475409836066,2.923392517476029
G0239-F-000005,300972942,projection,1,0.5894776499278734,0.20802620802620803,0.06142506142506143,0.03480753480753481,2.1026112693828773,0.06142506142506143,0.05386855241264559,2.9324187333389267
G0239-F-000005,5813068729,projection,1,0.5955835507162022,0.2035217035217035,0.06715806715806716,0.039721539721539724,2.096723312352678,0.06715806715806716,0.03770491803278689,2.734191887397297
G0239-F-000007,300972942,projection,1,0.4997948028877351,0.319706498951782,0.09853249475890985,0.04140461215932914,3.0499941322206534,0.09853249475890985,0.0632279534109817,4.15557005669428
G0239-F-000007,5813068729,projection,1,0.4951243731427685,0.3333333333333333,0.09276729559748427,0.04716981132075472,2.947380306597293,0.09276729559748427,0.05901639344262295,4.412438264693978
G0239-F-000008,300972942,projection,1,0.4655931909482209,0.38976744186046514,0.19534883720930232,0.053023255813953486,3.266354530383195,0.19534883720930232,0.14288685524126457,4.168974275443304
G0239-F-000008,267896360,projection,0,0.1211111690951077,0.813953488372093,0.5683720930232559,0.18651162790697676,11.350112516115079,0.5683720930232559,0.4347626691125889,8.894521856120944
G0239-F-000009,5813068729,projection,1,0.489135512695489,0.3467548076923077,0.18629807692307693,0.061899038461538464,3.030650145349687,0.18629807692307693,0.05614754098360656,3.95784051524382
G0239-F-000009,300972942,projection,1,0.4940878016779785,0.37319711538461536,0.1658653846153846,0.054086538461538464,2.9938069250654613,0.1658653846153846,0.05969217970049917,3.8938915893409414
G0239-F-000011,676573560,projection,0,-0.5012170399629218,1.0,1.0,0.9029177718832891,34.4045127745546,1.0,1.0,36.44923546211251
G0239-F-000011,636667489,projection,0,-0.5057045896717446,0.986737400530504,0.9427055702917772,0.846684350132626,48.31946251460838,0.9427055702917772,0.9102290889717635,29.57676533052024
G0239-F-000012,300972942,projection,1,0.4685702517458884,0.4218978102189781,0.1464720194647202,0.036982968369829686,3.7991529503887316,0.1464720194647202,0.08839434276206323,4.108643981860319
G0239-F-000012,5813068729,projection,1,0.4730291817773632,0.39659367396593675,0.14549878345498785,0.040875912408759124,3.6704343599089064,0.14549878345498785,0.05204918032786885,4.158202585847733
G0239-F-000013,300972942,projection,1,0.4834444461687129,0.35624438454627133,0.1307277628032345,0.04537286612758311,3.2166240744886876,0.1307277628032345,0.07508319467554077,4.369584774718006
G0239-F-000013,5813068729,projection,1,0.4944533209245346,0.3454627133872417,0.09838274932614555,0.05750224618149147,3.2057869781764308,0.09838274932614555,0.03954918032786885,4.243006187132972
Gad1-F-001409,1610224198,projection,0,-0.8820797010724477,1.0,1.0,1.0,69.37299896975782,1.0,1.0,74.70486161930678
Gad1-F-001409,1641250106,projection,0,-0.8818152153940519,1.0,1.0,1.0,69.42062337711307,1.0,1.0,72.78031999613782
Gad1-F-101173,5813020585,projection,0,0.402603146330554,0.48249027237354086,0.14007782101167315,0.0609597924773022,4.847426079449714,0.14007782101167315,0.07526881720430108,4.882937853253381
Gad1-F-101173,5813020455,projection,0,0.4152235638353836,0.47600518806744485,0.11284046692607004,0.04409857328145266,4.804772846097989,0.11284046692607004,0.07964601769911504,4.546767359311457
Gad1-F-200227,5813022201,projection,1,0.4205122859817187,0.4674523007856341,0.13804713804713806,0.02974186307519641,4.694431158249434,0.13804713804713806,0.11850501367365543,4.8977443105409675
Gad1-F-200227,860983686,projection,1,0.391943241091181,0.5274971941638609,0.2149270482603816,0.010101010101010102,5.339727109268159,0.2149270482603816,0.09233333333333334,4.859276129341338
Gad1-F-300153,1224258912,projection,0,-0.8809869182363503,1.0,1.0,1.0,69.92586329048794,1.0,1.0,58.50756329490156
Gad1-F-300153,1224945418,projection,0,-0.8813741139082931,1.0,1.0,1.0,72.79778093092268,1.0,1.0,58.57536534091581
Gad1-F-300154,517854468,projection,1,0.3290313411239342,0.6215816703621582,0.2402069475240207,0.021433850702143386,6.402800569779388,0.2402069475240207,0.21533333333333332,5.094981585781168
Gad1-F-300154,423774471,projection,1,0.3622029144202836,0.5927568366592757,0.29711751662971175,0.023651145602365115,6.501576055874363,0.29711751662971175,0.13916666666666666,4.575888835176
Gad1-F-300275,702389193,projection,0,-0.6516056145874369,1.0,1.0,0.9715415019762846,42.236852149276736,1.0,1.0,54.47440287529712
Gad1-F-300309,955464899,projection,1,0.3755691799347976,0.5654699049630412,0.18215417106652587,0.02903907074973601,5.654372278998062,0.18215417106652587,0.1200335758254057,5.839216196445994
Gad1-F-300309,862705904,projection,1,0.262544453395317,0.643611404435058,0.42502639915522705,0.1958817317845829,7.645084145904427,0.42502639915522705,0.29483333333333334,6.697501485290781
Gad1-F-301525,422682603,projection,1,0.2836150141078277,0.7131226053639846,0.24808429118773948,0.026340996168582376,7.178742114526155,0.24808429118773948,0.22245762711864406,6.432399228078323
Gad1-F-301525,1419019956,projection,1,0.2387922535795708,0.7016283524904214,0.4061302681992337,0.07758620689655173,8.3733449965667,0.4061302681992337,0.36047666335650447,7.417359861016687
Gad1-F-301704,424789697,projection,0,0.1406277311875048,0.7070209973753281,0.28346456692913385,0.010826771653543307,7.42084905931134,0.28346456692913385,0.8048333333333333,16.928470053262203
Gad1-F-301704,760686202,projection,0,-0.632043110582835,1.0,0.9901574803149606,0.89501312335958,42.44700334314637,0.9901574803149606,0.9871962372615626,46.74452613449986
Gad1-F-400259,518899665,projection,0,0.169938010205174,0.7489742633345766,0.4595300261096606,0.14509511376352108,9.36410289800589,0.4595300261096606,0.359,7.707047988088542
Gad1-F-400259,296543992,projection,0,-0.4227613710242072,0.9600895188362552,0.8936963819470347,0.7866467735919433,51.083559571816664,0.8936963819470347,0.939,25.05297806153574
Gad1-F-400718,1266871604,projection,1,0.4341772553405796,0.4773156899810964,0.1890359168241966,0.02930056710775047,4.830994680452927,0.1890359168241966,0.029166666666666667,4.437229463607611
Gad1-F-400718,673518025,projection,0,-0.8786782289130235,1.0,1.0,1.0,73.1945343808722,1.0,1.0,68.02429156512059
Gad1-F-400957,1262114202,projection,1,0.4872525562364931,0.41379310344827586,0.061866125760649086,0.018255578093306288,4.08080976011464,0.061866125760649086,0.05756276791181874,4.016118543950599
Gad1-F-400957,1261423370,projection,1,0.351191904816407,0.5121703853955375,0.17545638945233266,0.0,5.141065674753421,0.17545638945233266,0.1810002646202699,6.6631033887861975
Gad1-F-402516,829261936,projection,1,0.3609311164170303,0.5580620353755448,0.23609330940784415,0.0797231479107921,5.553491900975892,0.23609330940784415,0.24458365961889847,5.5018232147553965
Gad1-F-402516,862705904,projection,1,0.4569903802649208,0.42168674698795183,0.12612150730581903,0.026147141758523455,4.312947265340661,0.12612150730581903,0.09516666666666666,3.903096168028857
Gad1-F-500136,946641153,projection,0,-0.6592942613242988,0.992616899097621,0.9794913863822805,0.9212469237079574,49.878945627617945,0.9794913863822805,0.9834162520729685,42.487123765310656
Gad1-F-500136,1290416713,projection,0,-0.4442813842257424,1.0,0.9934372436423298,0.8867924528301887,44.00013722985989,0.9934372436423298,0.999,25.912781992302175
Gad1-F-500365,613719036,projection,1,0.4722665514715091,0.43696581196581197,0.16132478632478633,0.008012820512820512,4.399123709070441,0.16132478632478633,0.025031685678073512,4.024605212379264
Gad1-F-500365,768555687,projection,1,0.5146983590344532,0.3472222222222222,0.08920940170940171,0.002670940170940171,3.825679473109986,0.08920940170940171,0.02666666666666667,3.7818409241455617
Gad1-F-500524,1173045815,projection,1,0.3219448402121427,0.629023746701847,0.24802110817941952,0.06279683377308708,6.01662027048418,0.24802110817941952,0.20835768556399767,6.400881376338156
Gad1-F-500524,1141337605,projection,1,0.3121736251719429,0.6437994722955145,0.24010554089709762,0.06754617414248021,6.510289865021439,0.24010554089709762,0.21266666666666667,6.4085376349366
Gad1-F-500559,5813022201,projection,1,0.3260096448238729,0.617124394184168,0.21324717285945072,0.05492730210016155,6.117035400513259,0.21324717285945072,0.2014585232452142,6.795209896707441
Gad1-F-500559,1171690479,projection,1,0.1639127967436627,0.8163704900376952,0.5148088314485729,0.1518578352180937,10.246541550198232,0.5148088314485729,0.37649063032367974,8.238793009322881
Gad1-F-502126,1142365351,projection,1,0.3522153215916843,0.5533169533169533,0.2791154791154791,0.02800982800982801,5.730146560396095,0.2791154791154791,0.21566666666666667,5.821621062502109
Gad1-F-502126,956138930,projection,1,0.3818088970918813,0.5125307125307126,0.21572481572481572,0.041277641277641275,5.193403273299608,0.21572481572481572,0.23302309548431574,5.325963617203346
Gad1-F-600109,1670278227,projection,0,-0.7878823021757302,1.0,1.0,0.9958083832335329,65.71050248601259,1.0,1.0,59.713975798941526
Gad1-F-600109,1510648834,projection,0,-0.6712642742115904,1.0,0.9952095808383233,0.9011976047904192,62.1846694975134,0.9952095808383233,0.9953333333333333,51.73636610881407
Gad1-F-600115,946641153,projection,0,-0.6207911642035018,1.0,0.9822595704948646,0.9486461251167133,47.800105268467924,0.9822595704948646,0.9854892205638475,38.730336398496334
Gad1-F-600345,922810839,projection,0,-0.7132535733418972,1.0,1.0,0.9872611464968153,77.58086799242068,1.0,1.0,41.01853841029596
Gad1-F-600345,5813077405,projection,0,-0.5908366293303225,1.0,0.9960191082802548,0.8240445859872612,41.77804434874706,0.9960191082802548,0.9953333333333333,53.04560964388007
Gad1-F-601324,5812980638,projection,0,-0.1674050423232148,0.9055258467023173,0.7183600713012478,0.5,19.98123040625748,0.7183600713012478,0.814697747925721,25.520660589479466
Gad1-F-601324,1172372382,projection,0,0.2031029389483405,0.7023172905525846,0.3538324420677362,0.059714795008912656,7.293097008641375,0.3538324420677362,0.5120772946859904,10.268456659613019
Gad1-F-700131,613719036,projection,1,0.4683100526384354,0.4075425790754258,0.1332116788321168,0.0,4.295152198644591,0.1332116788321168,0.05164765525982256,4.1703232696339505
Gad1-F-700131,673085197,projection,1,0.4384331727483326,0.41119221411192214,0.1356447688564477,0.021289537712895375,4.272173453049254,0.1356447688564477,0.12616666666666668,5.010126040885561
Gad1-F-800094,1198330641,projection,0,-0.6869364245656756,1.0,1.0,1.0,64.35967129398928,1.0,1.0,36.56954529900173
Gad1-F-800094,1290416713,projection,0,-0.7747361061493943,1.0,1.0,1.0,65.6589372739193,1.0,1.0,42.5528327919134
Gad1-F-900001,1290416713,projection,0,-0.7244915942460253,1.0,1.0,1.0,63.26891063007068,1.0,1.0,37.90456425752271
Gad1-F-900001,5813026366,projection,0,-0.7814685238383579,1.0,1.0,0.9930448222565688,51.77938592381392,1.0,1.0,51.08387751522089
Gad1-F-900194,1448929233,projection,0,-0.6329073360729531,0.9717436250861475,0.9558924879393522,0.9035148173673329,59.9524035065699,0.9558924879393522,0.9445,44.00159328113838
Gad1-F-900194,1193560072,projection,0,-0.8789543492798808,1.0,1.0,1.0,71.61761241733524,1.0,1.0,54.39696478486951
TH-F-000101,331662710,projection,1,0.389378180727491,0.49194699286442406,0.1908256880733945,0.019164118246687054,4.936491080785929,0.1908256880733945,0.17966666666666667,5.405963818132527
TH-F-000101,421641859,projection,0,-0.0075047343863395,0.799796126401631,0.6061162079510704,0.3378185524974516,13.454653738797605,0.6061162079510704,0.624,13.923140396702715
TH-F-100083,331662710,projection,1,0.3124930450489763,0.5606860158311345,0.28298153034300794,0.03935795954265611,5.853996258658389,0.28298153034300794,0.27166666666666667,6.4771698062517125
TH-F-100083,329970706,projection,0,-0.1185552535961422,0.9184256816182937,0.7717678100263852,0.5340809146877749,21.93292038876976,0.7717678100263852,0.7618333333333334,15.182213852378174
TH-F-100099,331662710,projection,1,0.3483735981214356,0.4912120520429126,0.17690025108422736,0.009358593928326865,4.882064380261477,0.17690025108422736,0.31,6.271262440265677
TH-F-100099,329970706,projection,0,-0.1074443416286648,0.9230769230769231,0.7409267290572928,0.4702122803013011,18.629161469893077,0.7409267290572928,0.7211666666666666,16.61420846694969
TH-F-200030,328943204,projection,0,0.2758254966704023,0.6179711246200608,0.3476443768996961,0.08339665653495441,7.000062238018577,0.3476443768996961,0.32866666666666666,6.271637691426739
TH-F-200030,203253253,projection,0,-0.0502550301836351,0.9173632218844985,0.7498100303951368,0.30319148936170215,15.204057316769475,0.7498100303951368,0.7118333333333333,16.459266784759
TH-F-200033,517514142,projection,1,0.3289247120460526,0.5825,0.22833333333333333,0.07883333333333334,5.779025120017089,0.22833333333333333,0.25466666666666665,5.47101797039644
TH-F-200033,608922563,projection,0,0.257518916387218,0.6193333333333333,0.37866666666666665,0.19716666666666666,7.210821169846116,0.37866666666666665,0.21833333333333332,5.381405544840245
TH-F-200081,331662710,projection,1,0.3207124758996531,0.5960863020572001,0.27830740926576353,0.032112393376818864,6.14736964737473,0.27830740926576353,0.275,6.1574719909772995
TH-F-200081,330268940,projection,0,0.1063894039790611,0.6751965211573842,0.5015888944639572,0.28332497073089147,10.07038031996777,0.5015888944639572,0.5018333333333334,10.039500695873203
TH-F-300020,484911954,projection,0,-0.1635782142136456,0.9551666666666667,0.8585,0.6146666666666667,24.676614018257606,0.8585,0.767,18.349363538558535
TH-F-300020,1048172314,projection,0,-0.3556647418547027,0.9235,0.85,0.644,27.22795188562426,0.85,0.8436666666666667,37.8781945575418
TH-F-300073,328943204,projection,1,0.2607975253018051,0.6930018416206262,0.4252302025782689,0.15359116022099448,8.4306493906041,0.4252302025782689,0.2771666666666667,5.958221284150261
TH-F-300073,361040812,projection,0,-0.0600716496115868,0.8747697974217311,0.7211786372007366,0.4992633517495396,19.94586218072041,0.7211786372007366,0.6613333333333333,14.33668895717135
TH-F-700001,418969956,projection,0,-0.7204792631740284,1.0,1.0,0.9805496828752642,69.8976518001445,1.0,1.0,41.78778073412646
TH-F-700001,297166053,projection,0,-0.525868251513729,1.0,1.0,0.9716701902748415,37.48965424799316,1.0,1.0,35.72418489125605
TH-F-700004,643830129,projection,0,-0.6388884690126369,0.9965382951103419,0.9870186066637819,0.9467762873215059,55.709686112743476,0.9870186066637819,0.977,39.78062778519147
TH-F-700004,5813089803,projection,0,-0.6663342470920484,0.9956728688879273,0.9865858935525746,0.9519688446559931,56.110511445661885,0.9865858935525746,0.9761834754483976,41.18395572329033
TH-F-700016,5812982779,projection,1,0.3683113308176248,0.6024680475980608,0.21947994711326577,0.03437637725870427,5.918121670677757,0.21947994711326577,0.11302876480541456,5.395002817945517
TH-F-700016,5813089803,projection,0,-0.6625872509646294,1.0,0.998237108858528,0.9832525341560159,67.05183744152703,0.998237108858528,0.9926492208174067,35.70540556126791
TH-F-700022,946645313,projection,0,-0.5694746194111477,1.0,1.0,0.969203951191168,44.50522512528269,1.0,1.0,34.949340484660254
TH-F-700022,981362334,projection,1,-0.3004271490219629,0.9221382916908774,0.8233585124927367,0.5560720511330621,21.514889261353503,0.8233585124927367,0.8286666666666667,32.718615571944724
TH-M-300021,517514142,projection,1,0.2335597622803175,0.6660212971926428,0.344433688286544,0.07879961277831558,7.427192796995715,0.344433688286544,0.3873333333333333,7.811295419740824
TH-M-300021,5813049380,projection,0,0.2081903969533811,0.6859632139399806,0.42787996127783157,0.16418199419167473,8.36331290658401,0.42787996127783157,0.37366666666666665,7.76377041355574
TH-M-500003,580287695,projection,0,-0.240306303046381,0.9285714285714286,0.8266369047619048,0.5669642857142857,24.010154319802627,0.8266369047619048,0.7291021671826625,16.027708185487008
TH-M-500003,456156825,projection,0,-0.2121913321427483,0.8965773809523809,0.7797619047619048,0.5572916666666666,21.639208915520065,0.7797619047619048,0.6623333333333333,15.64482549813949
TH-M-600002,1224258912,projection,0,-0.8342471935648439,1.0,1.0,1.0,65.3426320071987,1.0,1.0,53.1599836948413
TH-M-600002,1193560072,projection,0,-0.8286634360374321,1.0,1.0,0.9928335170893055,61.99639043780248,1.0,1.0,47.83347175954542
TH-M-600003,1224595289,projection,0,-0.862565092578506,1.0,1.0,1.0,58.99655113902298,1.0,1.0,49.85268275292212
TH-M-600003,1224258912,projection,0,-0.8635512395566995,1.0,1.0,1.0,58.63478832672601,1.0,1.0,51.96981095619565
TH-M-700002,1224595289,projection,0,-0.7365642029595043,1.0,1.0,1.0,55.689852563514016,1.0,1.0,47.48827948825277
TH-M-700002,1224945418,projection,0,-0.7459406130358567,1.0,1.0,0.999251497005988,56.77357954336658,1.0,1.0,47.88272068981344
TH-M-700013,5812979156,projection,1,0.274053697645866,0.7142061281337048,0.3398328690807799,0.06629526462395544,8.018450783137354,0.3398328690807799,0.236,6.358579678358872
TH-M-700013,644417074,projection,1,0.2207992804912071,0.7420612813370474,0.4406685236768802,0.07075208913649025,9.04242833018974,0.4406685236768802,0.31483333333333335,7.610518843885542
TH-M-700017,604864392,projection,0,-0.8330168590010211,1.0,1.0,1.0,63.17563291738824,1.0,1.0,53.67325713348496
TH-M-700017,454439022,projection,0,-0.3712002350224345,0.9625871908687381,0.8769816106531388,0.6645529486366518,32.030885374176385,0.8769816106531388,0.8277529761904762,34.89910799909066
Trh-M-000099,1602402027,projection,1,-0.5386049158917516,1.0,0.9995359628770302,0.9225058004640371,41.2181915621911,0.9995359628770302,0.9982820821164748,33.047694570571544
Trh-M-000099,986828383,projection,1,0.2082223701920422,0.7443155452436195,0.47424593967517403,0.1382830626450116,9.447493239496144,0.47424593967517403,0.38210092034274834,7.03827069375042
Trh-M-800009,1048215779,projection,1,0.4211815754709115,0.4486500794070937,0.15537321334039175,0.02541026998411858,4.263595303778725,0.15537321334039175,0.2375,5.062110655579616
Trh-M-800009,1016835041,projection,1,0.4143589766563695,0.45182636315510855,0.18157755426151403,0.02514557967178401,4.285517402109857,0.18157755426151403,0.25166666666666665,5.062551761070467
VGlut-F-200594,5813058048,projection,1,0.4787787158971847,0.4368295589988081,0.13865713150576084,0.0003972983710766786,4.3680141233402265,0.13865713150576084,0.06066666666666667,3.8743552940060035
VGlut-F-200594,328632707,projection,0,-0.5969938577201019,0.9966229638458483,0.9866905045689313,0.9304727850615813,41.25131410757242,0.9866905045689313,0.9883333333333333,44.138653015820964
VGlut-F-300680,5813020585,projection,1,0.5705426138128582,0.252760736196319,0.16932515337423312,0.0,2.812801070371774,0.16932515337423312,0.06835637480798772,2.8321072123202713
VGlut-F-300680,1322474586,projection,1,0.5566550668575216,0.26380368098159507,0.10920245398773006,0.011042944785276074,3.0169301965974578,0.10920245398773006,0.0749034749034749,3.2090797151618253
VGlut-F-800070,894551935,projection,1,0.3043274604165795,0.6533653846153846,0.34615384615384615,0.08125,7.2283235542892275,0.34615384615384615,0.16683333333333333,5.461753282861052
VGlut-F-800070,832357089,projection,0,0.1617239932952071,0.7230769230769231,0.38653846153846155,0.19759615384615384,7.9602589901891365,0.38653846153846155,0.4046666666666667,8.512285958650718
VT0765-F-700001,613079053,projection,0,-0.1452508342688097,0.9455935251798561,0.8338579136690647,0.5737410071942446,22.55087660610685,0.8338579136690647,0.839,18.14246708297686
VT0765-F-700001,486544396,projection,0,-0.3313773095743706,0.95818345323741,0.9219874100719424,0.8192446043165468,36.79758789657686,0.9219874100719424,0.9195,23.516556679128445
VT16811-F-700000,1078693835,projection,0,0.3413856964435297,0.5150709219858156,0.20390070921985815,0.03590425531914894,5.162184840182159,0.20390070921985815,0.3403333333333333,7.230422734757757
VT16811-F-700000,1729935421,projection,0,-0.4961696706655676,0.9738475177304965,0.9432624113475178,0.9157801418439716,47.58308811318831,0.9432624113475178,0.8744895181050912,27.270409197364934
VT24618-F-700000,5813058048,projection,0,0.0936202395030199,0.8028691565669057,0.6054909720504575,0.3297056641108088,13.07937176417638,0.6054909720504575,0.449,9.08764444338751
VT24618-F-700000,299082033,projection,0,-0.0933721956942689,0.909967845659164,0.8229037843185754,0.4991343062082612,19.978248739204375,0.8229037843185754,0.7636666666666667,16.836472415896928
VT38815-F-700000,799586652,projection,0,0.3013071953486912,0.5463702674539771,0.28655783258075723,0.09517193469954846,5.866315677822755,0.28655783258075723,0.32216666666666666,7.48566331906291
VT38815-F-700000,1640555311,projection,0,-0.6194797117659213,0.9913164293157346,0.9781174018756512,0.8951024661340743,47.20851955248689,0.9781174018756512,0.9906666666666667,43.95919967895071
VT38815-F-700001,799586652,projection,0,0.2592114282401121,0.6006056527590848,0.3072005383580081,0.08983849259757738,6.422589091872531,0.3072005383580081,0.3953333333333333,8.267063176203527
VT38815-F-700001,485745069,projection,0,-0.7444434914072817,1.0,0.9996635262449529,0.9865410497981157,61.08127543526295,0.9996635262449529,0.9998333333333334,50.12919594086827
VT43401-F-700002,575768294,projection,0,-0.4492122774445501,0.9708333333333333,0.9213333333333333,0.7376666666666667,34.74412090694301,0.9213333333333333,0.9196666666666666,34.97670108131031
VT43401-F-700002,5813020673,projection,0,-0.2865686864587017,0.9223333333333333,0.7668333333333334,0.6836666666666666,36.06467722292531,0.7668333333333334,0.8291666666666667,21.728287901453875
VT50245-F-700000,5813058316,projection,0,-0.027955081595569,0.9194120628484541,0.6923466801824633,0.3446528129751647,14.951320660038192,0.6923466801824633,0.7118364655456644,14.533037184877301
VT50245-F-700000,700486220,projection,0,-0.1906043645736551,0.9614799797263052,0.8737962493664471,0.5818550430816016,24.07111407946047,0.8737962493664471,0.8658340048348107,19.576037672080076
VT50245-F-700001,612414168,projection,0,-0.2516694290293952,0.9741322855271775,0.9165029469548134,0.7252783235101506,29.518239711808466,0.9165029469548134,0.8546666666666667,20.364663568852855
VT50245-F-700001,674807824,projection,0,-0.2263904508050762,0.9849377865094957,0.949901768172888,0.710543549443353,25.74220465922626,0.949901768172888,0.8905,21.72939756194149
VT50733-F-700000,919763043,projection,0,-0.4096147043146838,0.9763333333333334,0.942,0.8231666666666667,32.75430274280935,0.942,0.9371666666666667,31.317241033743564
VT50733-F-700000,519046655,projection,0,-0.1022357564963375,0.6916666666666667,0.45116666666666666,0.2941666666666667,8.479084460165765,0.45116666666666666,0.6471666666666667,37.23587832225711
VT58722-F-700000,549282467,projection,1,-0.0961948690226736,0.8906666666666667,0.7235,0.47,18.57904917374441,0.7235,0.7016666666666667,16.608414453933975
VT58722-F-700000,326253554,projection,0,-0.0675408607593156,0.8218333333333333,0.5898333333333333,0.31516666666666665,12.210240500952992,0.5898333333333333,0.7405,19.303379636416672
VT58722-F-700001,673509195,projection,0,0.0792308978501987,0.8074074074074075,0.5407407407407407,0.20257648953301127,11.011046250992099,0.5407407407407407,0.6541666666666667,13.157446232444933
VT58722-F-700001,946990515,projection,0,-0.6744812251673471,1.0,1.0,0.9642512077294686,40.30991754832834,1.0,1.0,49.30145205762642
VT5948-F-700000,422725634,projection,1,0.3186992594586652,0.5568083261058109,0.17317143683145417,0.01792425556519225,5.60914536875382,0.17317143683145417,0.31833333333333336,7.541568062660623
VT5948-F-700000,519279166,projection,0,-0.3529572092097367,0.9734027175484244,0.9025729979762938,0.7166811217114774,30.32170910760497,0.9025729979762938,0.9283333333333333,31.200760475250096
VT5948-F-700001,422725634,projection,1,0.3230441953749494,0.583941605839416,0.19708029197080293,0.012243936896632918,5.959124241196327,0.19708029197080293,0.30216666666666664,6.860711300184903
VT5948-F-700001,736174181,projection,0,-0.201532935112521,0.9599717447610078,0.855898281139628,0.6444549093477749,25.796665180973676,0.855898281139628,0.7853333333333333,18.06337268134375
5HT1A-F-200016,1191315642,dense,1,0.349490647063804,0.5853333333333334,0.218,0.014833333333333334,5.973820774654768,0.218,0.23366666666666666,5.794941245923062
Cha-F-400298,1167304403,dense,1,0.5182442374415873,0.25186846038863975,0.017937219730941704,0.0029895366218236174,3.064016715971026,0.017937219730941704,0.08233333333333333,4.252630774788809
Cha-F-400298,1261000309,dense,1,0.5525302965165131,0.2399103139013453,0.002242152466367713,0.0,2.9836091556200195,0.002242152466367713,0.024640657084188913,3.848968903346777
Gad1-F-700172,5813039309,dense,0,0.2069563508260464,0.646600566572238,0.3240084985835694,0.11260623229461757,6.8822831213979665,0.3240084985835694,0.443,8.904947028402525
TH-F-100083,331662710,dense,1,0.3124930450489763,0.5606860158311345,0.28298153034300794,0.03935795954265611,5.853996258658389,0.28298153034300794,0.27166666666666667,6.4771698062517125
TH-F-200037,331662710,dense,1,0.3197232188981903,0.582183908045977,0.29808429118773944,0.050191570881226055,6.095961350429318,0.29808429118773944,0.2395,6.0844044248546645
TH-F-200096,331662710,dense,1,0.3656418337702284,0.49989431409849927,0.2039737898964278,0.024519129148171635,4.992674675333353,0.2039737898964278,0.22583333333333333,5.938748890753669
TH-F-200106,5813041180,dense,1,0.4186373560548033,0.49704294163023915,0.15556698380046285,0.03959886860375418,4.966858773013764,0.15556698380046285,0.1195,4.837732791977771
TH-M-000008,1131827390,dense,0,0.2753487549286409,0.7295,0.421,0.0555,8.812675000807255,0.421,0.31716666666666665,6.766445358901357
TH-M-000021,604289581,dense,0,0.372412465943558,0.5516666666666666,0.2723333333333333,0.09016666666666667,5.653126906465912,0.2723333333333333,0.11433333333333333,4.491962246513351
TH-M-000021,550404663,dense,0,0.3028996502890294,0.6145,0.401,0.18266666666666667,7.033482576428087,0.401,0.30533333333333335,5.50169991252773
TH-M-000032,859265651,dense,1,0.5192585465278696,0.35033333333333333,0.14266666666666666,0.008166666666666666,3.3341379323009557,0.14266666666666666,0.09233333333333334,3.6410370312019102
TH-M-000032,5813027592,dense,1,0.3738746988034935,0.5576666666666666,0.2678333333333333,0.059166666666666666,5.570223069111374,0.2678333333333333,0.17383333333333334,5.038505944773144
TH-M-200035,294436967,dense,1,0.2710908220532363,0.6636666666666666,0.30516666666666664,0.058666666666666666,6.79759258020489,0.30516666666666664,0.4073333333333333,7.955131461624733
TH-M-200035,452971138,dense,1,0.1869911730959587,0.7553333333333333,0.44233333333333336,0.12783333333333333,9.006312803122569,0.44233333333333336,0.4673333333333333,9.241957885496106
TH-M-300017,5813054384,dense,1,0.3416893718220296,0.6305,0.2981666666666667,0.06166666666666667,6.661214464230179,0.2981666666666667,0.17683333333333334,5.555854291695211
TH-M-300017,947573616,dense,0,0.3166847899504436,0.609,0.33366666666666667,0.12816666666666668,6.541576800785194,0.33366666666666667,0.2673333333333333,6.069582265656796
Trh-F-000008,1671638278,dense,1,0.413864099550324,0.5301666666666667,0.1705,0.0013333333333333333,5.276057486495671,0.1705,0.124,4.680234853371635
Trh-F-100052,361312808,dense,1,0.2314608457756147,0.6683333333333333,0.4083333333333333,0.10816666666666666,7.985190609168022,0.4083333333333333,0.36666666666666664,7.047569503651719
Trh-M-100024,329289084,dense,1,0.1703284277446725,0.7382716049382716,0.362962962962963,0.06320987654320988,7.670546043761517,0.362962962962963,0.6651666666666667,12.522030618752758
Trh-M-700039,5813021583,dense,0,0.0729286725349774,0.7813333333333333,0.5608333333333333,0.327,11.664477469024138,0.5608333333333333,0.5338333333333334,10.673282181427561
Trh-M-700039,981000564,dense,0,0.0176704348611034,0.8778333333333334,0.6823333333333333,0.329,14.920118265031103,0.6823333333333333,0.5878333333333333,11.856987994350604
VGlut-F-200143,328870472,dense,1,0.4601265329274544,0.3574565990378582,0.12549675800041832,0.05040786446350136,3.8346807192408607,0.12549675800041832,0.11916666666666667,4.136539094209338
VGlut-F-200143,298612190,dense,0,0.3071779943390753,0.5791675381719306,0.21459945618071533,0.09391340723697972,5.829521902207014,0.21459945618071533,0.26466666666666666,5.659828171191547
VGlut-F-200251,548712377,dense,1,0.4593901804164131,0.44766666666666666,0.13933333333333334,0.024166666666666666,4.530517646002929,0.13933333333333334,0.1145,4.292628616959105
VGlut-F-200251,5813020996,dense,1,0.3580144992037654,0.585,0.254,0.051666666666666666,6.1232243195692035,0.254,0.21366666666666667,5.1929927522501425
VGlut-F-200319,424716408,dense,1,0.3353374278569212,0.5673012318029116,0.2768197088465845,0.08174692049272117,5.858983091844697,0.2768197088465845,0.2465,5.718576541148688
VGlut-F-200392,857793013,dense,0,0.2903734985925111,0.6216666666666667,0.37966666666666665,0.15466666666666667,6.886368250136416,0.37966666666666665,0.2818333333333333,6.065854407382165
VGlut-F-400186,1762359683,dense,0,0.3282110816405185,0.47630652585973465,0.20417005144868672,0.11562415380449499,4.772249287435816,0.20417005144868672,0.24466666666666667,6.345706310017337
VGlut-F-400186,1916800213,dense,0,0.3011551641499405,0.5101543460601138,0.2594096940157054,0.11724884917411318,5.144900974203785,0.2594096940157054,0.24383333333333335,6.572742770270931
VGlut-F-700541,1762359683,dense,0,0.324861330287381,0.43354343655796107,0.2019731433269389,0.11208550287750069,4.367006124073992,0.2019731433269389,0.2836666666666667,6.402175482027069
VGlut-F-700541,1888199872,dense,1,0.2437750856631718,0.7155385036996438,0.3636612770622088,0.056179775280898875,7.789799362558241,0.3636612770622088,0.3413333333333333,7.0406670630574
Cha-F-000088,1640887603,dense,1,0.2997459824695961,0.5601409159536991,0.2657272269753397,0.05661801711122295,5.66433318834415,0.2657272269753397,0.3253333333333333,7.483594001816938
Cha-F-000088,5813047691,dense,1,0.317653678136554,0.536990437845999,0.23200805234021138,0.01560140915953699,5.408602343991777,0.23200805234021138,0.32183333333333336,7.373559907484427
Cha-F-000239,1640572741,dense,0,0.098264689631567,0.7125603864734299,0.4918752744839701,0.2222222222222222,9.796815515568221,0.4918752744839701,0.615,13.025587331835467
Cha-F-000239,5813054726,dense,0,0.0927604778407396,0.7068511198945981,0.47738252086078176,0.20992534036012298,9.381268185396909,0.47738252086078176,0.5853333333333334,12.293691561343714
Cha-F-000329,640539567,dense,1,0.3640240772470223,0.4641114982578397,0.18420441347270616,0.07595818815331011,4.691880733731589,0.18420441347270616,0.20866666666666667,5.514237795391427
Cha-F-000329,1043705078,dense,1,0.2515305891143056,0.7070847851335657,0.27363530778164924,0.05505226480836237,7.280458111474952,0.27363530778164924,0.3596666666666667,7.981540808258897
Cha-F-000427,573670049,dense,1,0.2850398691389392,0.7309523809523809,0.25436507936507935,0.005158730158730159,7.2421837069122255,0.25436507936507935,0.23888559573206877,6.337546378786692
Cha-F-000427,573333284,dense,1,0.2631179316548384,0.694047619047619,0.3488095238095238,0.013492063492063493,7.245235207379071,0.3488095238095238,0.2826666666666667,7.476606873444571
Cha-F-000461,487144598,dense,0,0.307963944750989,0.6868333333333333,0.39016666666666666,0.151,7.615844719473351,0.39016666666666666,0.21016666666666667,5.475911276731038
Cha-F-100135,393063351,dense,1,0.3861172101305609,0.4951789157917292,0.15534604671094923,0.023998285836725947,4.955713518330357,0.15534604671094923,0.156,5.189925456686599
Cha-F-200299,5813027276,dense,1,0.5221886311726456,0.318,0.1095,0.014333333333333333,3.4578899772131964,0.1095,0.14,3.6458051314093796
Cha-F-200299,1321564092,dense,1,0.4295882673524554,0.3715,0.171,0.059833333333333336,4.0098129283972614,0.171,0.2455,5.022867371825161
Cha-F-300267,328611004,dense,1,0.465078538164594,0.3841145833333333,0.11049107142857142,0.028273809523809524,4.011050653962433,0.11049107142857142,0.08833333333333333,4.710718898659717
Cha-F-300344,5812978978,dense,1,0.3945956251234596,0.4577965348733896,0.14304753442914261,0.03553976010661928,4.700092709774649,0.14304753442914261,0.21133333333333335,5.275508089250835
Cha-F-300344,5813053836,dense,1,0.3100362430758369,0.6288316303864949,0.2674366948023101,0.07752110173256331,6.231160793613436,0.2674366948023101,0.21616666666666667,6.0153210911189054
Cha-F-300344,859507274,dense,1,0.3958020868156513,0.4606841403820524,0.167258996001777,0.03553976010661928,4.6321663298656235,0.167258996001777,0.183,4.8430799874617065
Cha-F-400237,5813098368,dense,0,0.4738105465616067,0.377,0.11466666666666667,0.02266666666666667,4.03891401987891,0.11466666666666667,0.14716666666666667,3.869262245847483
Cha-F-400237,5813027276,dense,0,0.5296505737101467,0.29683333333333334,0.09516666666666666,0.0025,3.3718266108382062,0.09516666666666666,0.1395,3.5975891612735493
Cha-F-500071,1105169664,dense,1,0.3134453785950378,0.5942534908700322,0.2199248120300752,0.05719656283566058,6.01287761189951,0.2199248120300752,0.15716666666666668,6.112165084502625
Cha-F-500071,1012954687,dense,1,0.1807594497091317,0.7293233082706767,0.3692266380236305,0.11627282491944146,7.762260442659035,0.3692266380236305,0.4786666666666667,9.600610807041619
Cha-F-500310,5813009312,dense,0,0.3576733881649101,0.5036416605972324,0.22578295702840495,0.09104151493080845,5.025612479574311,0.22578295702840495,0.1275,5.336480590155048
Cha-F-700236,360259229,dense,0,0.1512891485757118,0.7417389266463558,0.4769158659479728,0.22099835950316382,9.31617083074184,0.4769158659479728,0.45866666666666667,9.304307869306573
Cha-F-800090,296139882,dense,1,0.4844055035295087,0.4736666666666667,0.11383333333333333,0.008166666666666666,4.78885200308248,0.11383333333333333,0.07566666666666666,4.1943601820975545
Cha-F-800090,297251714,dense,1,0.4630075109963777,0.49133333333333334,0.15733333333333333,0.022,4.926615541187109,0.15733333333333333,0.0565,4.21247618808526
E0585-F-600004,5813010510,dense,1,0.2200482425866698,0.639890460976723,0.3596531264262894,0.09949794614331356,7.233027454935664,0.3596531264262894,0.38283333333333336,7.671760353195816
GH146-M-000001,610274029,dense,1,0.2461639370854905,0.6771666666666667,0.37716666666666665,0.07683333333333334,7.512960131268647,0.37716666666666665,0.43533333333333335,8.2908567222581
Gad1-F-000245,953414780,dense,0,0.1948285261377577,0.667109634551495,0.46932447397563676,0.3091915836101883,8.546147691762785,0.46932447397563676,0.193,5.807809928510762
Gad1-F-000694,5813033371,dense,0,0.3428013711977685,0.5575330396475771,0.334273127753304,0.10396475770925111,6.026090823307107,0.334273127753304,0.17266666666666666,5.147420444512146
Gad1-F-000694,1480525278,dense,0,0.233720528982482,0.7055506607929516,0.39665198237885463,0.14167400881057268,7.802017879218584,0.39665198237885463,0.24583333333333332,5.961664719846535
Gad1-F-000703,424716408,dense,0,0.3842377967929047,0.5623333333333334,0.22716666666666666,0.0335,5.767193943922802,0.22716666666666666,0.20866666666666667,4.980320737699033
Gad1-F-000703,5813068669,dense,0,0.1775566385316512,0.7423333333333333,0.584,0.362,14.100259297998841,0.584,0.3303333333333333,7.3916732791211395
Gad1-F-100171,1224595608,dense,1,0.4237874965715952,0.4919822586148072,0.17195496417604914,0.038894575230296824,4.9495819114184085,0.17195496417604914,0.07516666666666667,4.60156692184277
Gad1-F-100784,832016427,dense,1,0.3580647581398521,0.5936302681992337,0.2626915708812261,0.07183908045977011,5.997912571418761,0.2626915708812261,0.10566666666666667,5.250460293505991
Gad1-F-200186,1916800213,dense,0,0.216946871582561,0.6639958645644869,0.40087878004652366,0.14060480744378392,7.803499718330964,0.40087878004652366,0.36333333333333334,7.591580790390248
Gad1-F-200186,1762359683,dense,0,0.177732659607034,0.7203411734298268,0.46058413026621864,0.14758335487205995,9.154508767848172,0.46058413026621864,0.4703333333333333,9.277238535217933
Gad1-F-200219,5901197108,dense,1,0.3643609038193991,0.5921934865900383,0.21096743295019157,0.07159961685823754,5.732871047710841,0.21096743295019157,0.15533333333333332,4.6722028265153535
Gad1-F-200247,543692985,dense,1,0.3884916324794504,0.5736666666666667,0.24483333333333332,0.028666666666666667,5.821698516282773,0.24483333333333332,0.18383333333333332,5.10427541607315
Gad1-F-200719,5813039309,dense,0,0.2401571243529963,0.6945337620578779,0.3295819935691318,0.08038585209003216,7.225461893007672,0.3295819935691318,0.307,7.60340189876794
Gad1-F-200719,1640555311,dense,0,0.2312407862781594,0.6678456591639872,0.31736334405144695,0.12636655948553055,7.143022179834445,0.31736334405144695,0.37633333333333335,8.02735020558972
Gad1-F-400220,550638250,dense,1,0.5336041251066015,0.3466666666666667,0.03802469135802469,0.0034567901234567903,3.2637702946974048,0.03802469135802469,0.06716666666666667,3.3688697793649114
Gad1-F-500004,294436967,dense,1,0.3016875686536128,0.6386666666666667,0.31033333333333335,0.051166666666666666,6.685079295957195,0.31033333333333335,0.2811666666666667,6.91685204814089
Gad1-F-500321,574377562,dense,1,0.3396777062986245,0.5984405458089669,0.23586744639376217,0.015594541910331383,6.028964421797982,0.23586744639376217,0.18166666666666667,5.799600122635573
Gad1-F-500457,1261423370,dense,1,0.5600481882885329,0.2809917355371901,0.012987012987012988,0.0,3.220087796686224,0.012987012987012988,0.04657316750463086,3.092073011066401
Gad1-F-600059,328546871,dense,1,0.3520709146854626,0.564309270795163,0.2579699523635031,0.05936240381091975,5.830513753423102,0.2579699523635031,0.19066666666666668,5.717387445661991
Gad1-F-600604,1793403571,dense,1,0.2514189331338039,0.6795012032378035,0.2774010063443448,0.0177204112885583,6.988259685918352,0.2774010063443448,0.427,8.966189230637774
Gad1-F-700193,634379734,dense,1,0.2262570676827949,0.8017456359102244,0.4339152119700748,0.07169576059850374,8.970854271595156,0.4339152119700748,0.31881606765327697,7.7984840324556455
Gad1-F-700607,977338882,dense,1,0.4585142299899586,0.41077119184193756,0.1022944550669216,0.009241555130656469,4.247934659897458,0.1022944550669216,0.06933333333333333,4.260980659713592
Gad1-F-700607,915610561,dense,1,0.4719906013071082,0.4059910771191842,0.10930528999362651,0.003505417463352454,4.211209882962061,0.10930528999362651,0.06883333333333333,4.376440946566113
Gad1-F-700607,1008378609,dense,1,0.4130459620320326,0.4996813256851498,0.12619502868068833,0.0012746972594008922,4.998364312839983,0.12619502868068833,0.13783333333333334,5.150791874347512
Gad1-F-800371,5813082723,dense,1,0.360941417767692,0.556706804816578,0.17446093531223747,0.017642117054046485,5.51670038180211,0.17446093531223747,0.221,5.681766315057969
Gad1-F-900395,5813049380,dense,1,0.4933236693836502,0.41533333333333333,0.13233333333333333,0.016666666666666666,4.107716041736802,0.13233333333333333,0.050333333333333334,3.4464962729034534
TH-F-000009,5813054384,dense,1,0.3818217351208129,0.6108333333333333,0.25966666666666666,0.05616666666666666,6.237556598107274,0.25966666666666666,0.0915,5.2418414954361765
TH-F-000009,1378251040,dense,1,0.1460252899473692,0.7533333333333333,0.44233333333333336,0.16316666666666665,8.811698282163285,0.44233333333333336,0.5091666666666667,10.263619732789422
TH-F-000010,5812980529,dense,1,0.3743189980008728,0.6114911080711354,0.23588039867109634,0.009575923392612859,6.2891103135066775,0.23588039867109634,0.13816666666666666,4.925244028074609
TH-F-000010,360591860,dense,1,0.3260260519422755,0.5679108852843463,0.32948993550908734,0.07035372288450263,5.959220913629175,0.32948993550908734,0.24233333333333335,5.926872818413084
TH-F-000010,5901203505,dense,1,0.2924370793256629,0.7066640609732265,0.3093609536837991,0.011334766464725424,7.347062813039121,0.3093609536837991,0.2793333333333333,6.793997309914177
TH-F-000012,487144598,dense,0,0.2998460126513635,0.6846666666666666,0.39466666666666667,0.14233333333333334,7.796387840218731,0.39466666666666667,0.20233333333333334,5.63603043986069
TH-F-000019,859265651,dense,1,0.5933659043795997,0.22683333333333333,0.053,0.0018333333333333333,2.7635644594083804,0.053,0.0625,3.0126238319337624
TH-F-000019,5813027592,dense,1,0.3951188945126659,0.5471666666666667,0.24283333333333335,0.051333333333333335,5.528525607552809,0.24283333333333335,0.1375,4.109631190782385
TH-F-000036,859265651,dense,0,0.4039830322763585,0.42892156862745096,0.17420814479638008,0.07541478129713423,4.18387950156156,0.17420814479638008,0.2,5.391688013843755
TH-F-000046,604289581,dense,0,0.2835026929658818,0.663,0.3998333333333333,0.13666666666666666,7.797155505460259,0.3998333333333333,0.194,4.964456375138438
TH-F-000046,550404663,dense,0,0.3273992073193026,0.5636666666666666,0.36283333333333334,0.19033333333333333,5.969233164907235,0.36283333333333334,0.29733333333333334,5.004610491852958
TH-F-000079,1378251040,dense,0,0.1315982624517631,0.7788333333333334,0.5401666666666667,0.2885,11.264078179022126,0.5401666666666667,0.3865,7.086946689769672
TH-F-000091,331662710,dense,1,0.4949132942320437,0.36707583655624687,0.12174205481755507,0.0053808643013284006,3.696887229037465,0.12174205481755507,0.093,3.8487710891918914
TH-F-100005,1378251040,dense,0,0.1525667528571591,0.775,0.4405,0.14766666666666667,8.84307152584039,0.4405,0.4955,9.86807578407632
TH-F-100005,5813054384,dense,1,0.3834161441397025,0.6355,0.302,0.043666666666666666,6.722659103792184,0.302,0.09566666666666666,4.923964524956936
TH-F-100036,360591860,dense,1,0.3061804923772439,0.5743083003952569,0.2820158102766798,0.06679841897233202,5.994710560728673,0.2820158102766798,0.31816666666666665,6.576668847145156
TH-F-100036,5901203505,dense,1,0.2716350784578656,0.7428853754940712,0.33162055335968377,0.03695652173913044,7.8293723968512055,0.33162055335968377,0.282,7.044193161700129
TH-F-100050,1131827390,dense,1,0.4934501295045874,0.3945,0.12966666666666668,0.029333333333333333,3.9316073326767107,0.12966666666666668,0.11333333333333333,4.0945068898407895
TH-F-100075,859265651,dense,0,0.4417777926279676,0.33067471437809876,0.15930157361500324,0.09851261047639577,3.232287749911292,0.15930157361500324,0.18066666666666667,5.162562800126233
TH-F-100095,331662710,dense,1,0.2833317712862245,0.5980080525535071,0.29879211697393515,0.04619622801440983,6.447455221710634,0.29879211697393515,0.35133333333333333,7.34565854458709
TH-F-100099,331662710,dense,1,0.3483735981214356,0.4912120520429126,0.17690025108422736,0.009358593928326865,4.882064380261477,0.17690025108422736,0.31,6.271262440265677
TH-F-200004,859265651,dense,0,0.4208471866719001,0.3563807960607304,0.17418957734919985,0.08206811653672548,3.5576603457596314,0.17418957734919985,0.2265,5.439373791904943
TH-F-200004,5813011298,dense,1,0.3836944912267557,0.5320065654493229,0.21748050882232253,0.07734919983586376,5.2950829725178945,0.21748050882232253,0.13466666666666666,4.785815267322173
TH-F-200010,331662710,dense,1,0.3649739326679015,0.5266666666666666,0.26366666666666666,0.043833333333333335,5.380075299219703,0.26366666666666666,0.2195,4.950778116795302
TH-F-200026,5813009595,dense,1,0.4460739964814617,0.4875,0.1825,0.05266666666666667,4.890708618769208,0.1825,0.09783333333333333,3.558119711323474
TH-F-200034,331662710,dense,1,0.3606885912089813,0.5265,0.21383333333333332,0.03183333333333333,5.368761064493239,0.21383333333333332,0.2245,5.3617938002139605
TH-F-200064,331662710,dense,1,0.264669325573206,0.6350225616105519,0.3309614717112114,0.0194376952447067,7.001549915880297,0.3309614717112114,0.38066666666666665,7.709322415118219
TH-F-200081,331662710,dense,1,0.3207124758996531,0.5960863020572001,0.27830740926576353,0.032112393376818864,6.14736964737473,0.27830740926576353,0.275,6.1574719909772995
TH-F-200085,1131827390,dense,1,0.4477205326691447,0.4665,0.12816666666666668,0.01633333333333333,4.695684779872826,0.12816666666666668,0.11216666666666666,4.235232767247625
TH-F-300037,331662710,dense,1,0.4331299444205933,0.4663333333333333,0.19366666666666665,0.027,4.543657099859527,0.19366666666666665,0.12583333333333332,4.310174539459547
TH-F-300046,1131827390,dense,1,0.3889705905196848,0.5911666666666666,0.2735,0.042,6.158865398608337,0.2735,0.13016666666666668,4.687673137595334
TH-F-300062,5813060068,dense,1,0.5410722375734256,0.3107363499749541,0.07664050759726164,0.023877108031390884,3.4586714043443663,0.07664050759726164,0.027666666666666666,3.5613939300946136
TH-F-300078,5813071348,dense,1,0.4075880983639822,0.5298333333333334,0.20416666666666666,0.059666666666666666,5.350828050953095,0.20416666666666666,0.12016666666666667,4.778886906776535
TH-F-700015,1224941044,dense,1,0.3821627753085903,0.528899937849596,0.15744769007665216,0.004143360265175057,5.296131584089489,0.15744769007665216,0.199,5.844179701054583
TH-M-000029,859265651,dense,1,0.50526119743491,0.3435,0.13316666666666666,0.009166666666666667,3.2611453622158244,0.13316666666666666,0.12216666666666667,4.011762520802829
TH-M-000029,510049477,dense,1,0.3415140469182823,0.5915,0.32,0.08966666666666667,6.525505743675323,0.32,0.16016666666666668,5.076159983937515
TH-M-000030,792692885,dense,0,0.0403735471192063,0.8675,0.6591666666666667,0.329,14.132779841794674,0.6591666666666667,0.5395,11.424386310915393
TH-M-000045,331662710,dense,1,0.2238787196360502,0.6732710992570013,0.3825490569632311,0.08649266526957516,7.414660755325053,0.3825490569632311,0.4175,8.411190812933544
TH-M-100016,331662710,dense,1,0.1391154542736749,0.7666303162486369,0.49683751363140677,0.12017448200654307,9.936044949260193,0.49683751363140677,0.5646666666666667,11.184857582047982
TH-M-100027,947573616,dense,0,0.3089811008419975,0.6075,0.3045,0.11533333333333333,6.34085169086138,0.3045,0.292,6.364252539019947
TH-M-100027,5813054384,dense,1,0.3154459436750663,0.6618333333333334,0.30916666666666665,0.04033333333333333,6.891249027432929,0.30916666666666665,0.24616666666666667,6.04821536438764
TH-M-100057,1198330286,dense,1,0.3786424274666926,0.5585319185945382,0.2421290659245086,0.0643590189598191,5.680755123180821,0.2421290659245086,0.128,4.63196626640406
TH-M-100063,1198330286,dense,1,0.3767219824812446,0.526685393258427,0.2200374531835206,0.06203183520599251,5.288563530791581,0.2200374531835206,0.159,5.269652526734237
TH-M-200010,422738252,dense,1,0.372451104075423,0.5239065974796145,0.2247961452928095,0.03873239436619718,5.236348215591811,0.2247961452928095,0.23733333333333334,5.822032938231019
TH-M-200013,5813062871,dense,1,0.2990231396054242,0.6135934550031467,0.2671491504090623,0.08747640025173065,6.285897725523617,0.2671491504090623,0.2781666666666667,6.522457311802473
TH-M-200034,5813054384,dense,1,0.328415123721777,0.6476666666666666,0.29783333333333334,0.04816666666666667,6.808251545105849,0.29783333333333334,0.2315,6.051840344963946
TH-M-200034,947573616,dense,0,0.3029466009398587,0.626,0.331,0.12466666666666666,6.771142087092526,0.331,0.25066666666666665,6.204403917529724
TH-M-200049,331662710,dense,1,0.2660346373239517,0.6704940848990953,0.3554279749478079,0.04714683368128045,7.582395879272308,0.3554279749478079,0.31766666666666665,7.131852080636495
TH-M-200064,331662710,dense,1,0.1715794756231006,0.7297797900802634,0.4006997324552377,0.08108664334225149,8.336628038404616,0.4006997324552377,0.501,10.016594499943034
TH-M-200095,422738252,dense,1,0.3408275768598164,0.559245960502693,0.26247755834829445,0.06247755834829444,5.693310135736843,0.26247755834829445,0.25466666666666665,5.97778333647323
TH-M-300005,1131827390,dense,1,0.3369346967124307,0.5961666666666666,0.302,0.0575,6.4876832795121935,0.302,0.3006666666666667,5.840076150858232
TH-M-300063,5813009595,dense,1,0.3318514416350918,0.592226148409894,0.3305064782096584,0.05111896348645465,6.423797995495262,0.3305064782096584,0.2693333333333333,5.526751886060137
Trh-F-100001,1225290633,dense,1,0.3893695385344594,0.5346666666666666,0.26116666666666666,0.05466666666666667,5.4122145651501175,0.26116666666666666,0.07983333333333334,4.589356973179141
Trh-F-100038,1671638278,dense,1,0.3357339880653512,0.6283333333333333,0.27466666666666667,0.010833333333333334,6.6698336680417984,0.27466666666666667,0.18266666666666667,5.917228400341591
Trh-F-100066,5813062858,dense,1,0.5196216245655183,0.2965,0.05266666666666667,0.0026666666666666666,3.509382075734612,0.05266666666666667,0.09333333333333334,4.34129831307744
Trh-F-300112,957506896,dense,1,0.4176280381303235,0.4341442953020134,0.13171140939597314,0.0041946308724832215,4.39906681537765,0.13171140939597314,0.17783333333333334,5.347127833482091
Trh-F-400055,957506896,dense,1,0.4381029993410777,0.4275891706059304,0.12333476579286635,0.0365277180919639,4.508751425788987,0.12333476579286635,0.11483333333333333,4.721954693814087
Trh-M-000172,1671638278,dense,1,0.3105189129573317,0.6565,0.26116666666666666,0.012833333333333334,6.72874898214965,0.26116666666666666,0.273,6.386571961083645
Trh-M-100020,361312808,dense,1,0.280973888732733,0.5578333333333333,0.3006666666666667,0.16916666666666666,5.72484144362851,0.3006666666666667,0.2415,6.051529306025175
Trh-M-100025,1225290633,dense,1,0.3855680290633685,0.5785,0.25533333333333336,0.043833333333333335,6.01077380868586,0.25533333333333336,0.1305,4.3379912141818
Trh-M-100025,5813062858,dense,1,0.4795093564928623,0.3535,0.079,0.0015,3.8754614480882066,0.079,0.151,4.7420935850018235
Trh-M-100037,1671638278,dense,1,0.2865441866939945,0.6753333333333333,0.28833333333333333,0.0465,7.065985038360109,0.28833333333333333,0.3233333333333333,7.305275177295293
Trh-M-100060,297230760,dense,1,0.3832264937115155,0.5366666666666666,0.2841666666666667,0.10516666666666667,5.4091496587358225,0.2841666666666667,0.14066666666666666,4.519024889950387
Trh-M-100060,361312808,dense,1,0.3355115584222954,0.534,0.25666666666666665,0.0655,5.411508022116696,0.25666666666666665,0.32033333333333336,5.783830931429275
Trh-M-100071,673746277,dense,0,0.2566175900877646,0.716,0.45816666666666667,0.14716666666666667,9.020854818588283,0.45816666666666667,0.23116666666666666,5.736788556632287
Trh-M-100071,1225290633,dense,1,0.3715574138560844,0.5793333333333334,0.2505,0.034,5.912350645262073,0.2505,0.19833333333333333,4.902747420038436
Trh-M-200043,5813054716,dense,0,0.4945269844009418,0.33864053888548684,0.11359461114513165,0.059093692590324556,3.4525246108011656,0.11359461114513165,0.0685,3.49719099197036
Trh-M-300071,977339122,dense,1,0.2300700939527576,0.7218187559204294,0.44553204925797285,0.1607199242185033,8.703555544252675,0.44553204925797285,0.3521666666666667,7.9172019363920185
Trh-M-300138,922069357,dense,1,0.2961263383922392,0.647544366487825,0.2765167148163434,0.03012794056954189,6.691054602096663,0.2765167148163434,0.27566666666666667,6.806164885075983
Trh-M-300138,832016427,dense,1,0.2851470943360317,0.5992571192736277,0.30581923235658276,0.05777961205117623,6.2682921881967255,0.30581923235658276,0.3436666666666667,7.2455970365671405
Trh-M-300138,957506896,dense,1,0.2971470976261516,0.6434172513413124,0.2921997523730912,0.014857614527445316,6.695155555171358,0.2921997523730912,0.315,7.172831065253705
Trh-M-300140,5813053851,dense,1,0.2539567062028616,0.7015285599356396,0.3684633950120676,0.03700724054706356,8.027333252293179,0.3684633950120676,0.3685,7.329180409288098
Trh-M-300140,957506896,dense,1,0.2676263364646076,0.6806114239742558,0.2831858407079646,0.031375703942075624,7.0366596079947845,0.2831858407079646,0.37216666666666665,7.712663809917255
Trh-M-400023,5813053851,dense,1,0.3245774317632433,0.6165217391304347,0.32956521739130434,0.03956521739130435,7.375705328943393,0.32956521739130434,0.26816666666666666,5.792488665856618
Trh-M-400052,957506896,dense,1,0.3138425143658476,0.6400506970849176,0.2809463455851289,0.030418250950570342,6.310081485988071,0.2809463455851289,0.25283333333333335,6.54127688948086
Trh-M-400052,5813053851,dense,1,0.2805534711253475,0.7169412758766371,0.32953105196451205,0.024926066751161807,7.224053814206959,0.32953105196451205,0.295,6.449421551506091
Trh-M-400110,5813053851,dense,1,0.3176732830626873,0.6645702306079665,0.23563941299790356,0.0,6.512927748865543,0.23563941299790356,0.24266666666666667,6.334870162394239
Trh-M-400110,5813065004,dense,1,0.3317288939302665,0.5639412997903563,0.2469601677148847,0.05828092243186583,5.763385240658531,0.2469601677148847,0.1925,6.192109681934113
Trh-M-400131,832016427,dense,1,0.2682337588689183,0.6684647302904564,0.3141078838174274,0.03775933609958506,7.166684292869251,0.3141078838174274,0.32266666666666666,7.201667273736751
Trh-M-500163,922354084,dense,1,0.3343288800831804,0.6122082585278277,0.26481149012567323,0.026032315978456014,6.260667667980792,0.26481149012567323,0.2345,6.054737399726447
Trh-M-500163,829598814,dense,1,0.3332311686655761,0.6409335727109515,0.25673249551166966,0.017055655296229804,6.8448670758256895,0.25673249551166966,0.2625,6.088034342649898
VGlut-F-000016,5813027276,dense,1,0.4070930065620557,0.5051666666666667,0.1755,0.026333333333333334,5.055113444866146,0.1755,0.25666666666666665,5.331149702579463
VGlut-F-000016,950880008,dense,1,0.5644253045266603,0.23283333333333334,0.035666666666666666,0.0018333333333333333,3.3159041796279265,0.035666666666666666,0.09116666666666666,3.734098675944371
VGlut-F-000111,5812987694,dense,0,0.1431132037417829,0.7703333333333333,0.5063333333333333,0.1655,10.09952147089493,0.5063333333333333,0.4673333333333333,9.334727121472334
VGlut-F-000111,5813021583,dense,1,0.3325828130697197,0.5208333333333334,0.15883333333333333,0.04466666666666667,5.197738895504157,0.15883333333333333,0.3411666666666667,6.919342886637347
VGlut-F-000158,298254384,dense,1,0.4289599654729973,0.4231601731601732,0.13636363636363635,0.012265512265512266,4.254013971856099,0.13636363636363635,0.1005,4.192730937908838
VGlut-F-000158,5813020785,dense,1,0.3219604265586078,0.5755772005772006,0.31403318903318905,0.05591630591630592,6.244075259846687,0.31403318903318905,0.25166666666666665,5.435087909262515
VGlut-F-000177,5813056321,dense,1,0.4027468984944147,0.4803514766902612,0.19257993653893093,0.029533805223334146,4.7805155150133976,0.19257993653893093,0.179,4.692052170726502
VGlut-F-000303,5813011119,dense,1,0.4631561649341024,0.4445,0.14866666666666667,0.019833333333333335,4.476555547626813,0.14866666666666667,0.0975,3.8517845381550604
VGlut-F-000463,1733677514,dense,1,0.3015279428267141,0.6360062893081762,0.3026729559748428,0.018867924528301886,6.69165050111038,0.3026729559748428,0.22383333333333333,6.441995050247719
VGlut-F-000556,885168486,dense,1,0.4773069495535738,0.36503671861006626,0.10173741715923339,0.0077019523553645,3.780471385115893,0.10173741715923339,0.157,4.4722485469360205
VGlut-F-100002,914778159,dense,1,0.194577355999331,0.7318333333333333,0.45266666666666666,0.14916666666666667,9.063067618428928,0.45266666666666666,0.4048333333333333,8.39769233505989
VGlut-F-100003,1671638278,dense,1,0.2945573107605437,0.6785,0.3431666666666667,0.06066666666666667,7.2794456319013285,0.3431666666666667,0.2708333333333333,6.299073304929188
VGlut-F-100035,575768294,dense,1,0.3009568020279424,0.675,0.30333333333333334,0.041833333333333333,7.066072359483771,0.30333333333333334,0.2395,6.234153525568026
VGlut-F-100125,1107081827,dense,1,0.2166064470120867,0.6918333333333333,0.343,0.12733333333333333,7.402678721039256,0.343,0.3985,8.096718506000688
VGlut-F-200036,797442049,dense,1,0.3816082023652505,0.5076666666666667,0.12133333333333333,0.006166666666666667,5.056873570542104,0.12133333333333333,0.20083333333333334,6.2697663530931695
VGlut-F-200036,5813059915,dense,0,0.1131243622135496,0.7718333333333334,0.476,0.23316666666666666,9.412913086219811,0.476,0.5206666666666667,10.560997897485235
VGlut-F-200062,297251714,dense,1,0.4023308379646759,0.498,0.17266666666666666,0.014833333333333334,4.982968859009999,0.17266666666666666,0.14616666666666667,5.252128267737838
VGlut-F-200062,296139882,dense,1,0.394921846147481,0.5161666666666667,0.144,0.0021666666666666666,5.135487837364083,0.144,0.16416666666666666,5.733182110871785
VGlut-F-200459,5813011119,dense,1,0.4369175167571966,0.4461897686266186,0.11483761409467204,0.01761834005518998,4.5775688298768555,0.11483761409467204,0.10583333333333333,4.75951390265749
VGlut-F-300438,329566197,dense,1,0.3905512008361941,0.5090270812437312,0.141925777331996,0.003259779338014042,5.084747577191976,0.141925777331996,0.14483333333333334,5.57944546726129
VGlut-F-400049,297917475,dense,1,0.3590380226012833,0.5525472034200214,0.21268257926612041,0.04168151050944068,5.578135287908231,0.21268257926612041,0.14266666666666666,5.345461345445656
VGlut-F-400184,1762359683,dense,0,0.3013515310485196,0.5032010243277849,0.21062740076824585,0.13284250960307298,5.037659557065371,0.21062740076824585,0.25083333333333335,7.131278437273986
VGlut-F-400184,1667251683,dense,1,0.3465133671516698,0.396606914212548,0.1939820742637644,0.1056338028169014,4.0721203345534285,0.1939820742637644,0.26316666666666666,7.225520210986611
VGlut-F-400334,447599745,dense,1,0.352273275090245,0.6011666666666666,0.28,0.08116666666666666,6.039561282160516,0.28,0.21266666666666667,5.279192933819906
VGlut-F-400757,5813039309,dense,0,0.2774896428803149,0.6314348302300109,0.27026286966046004,0.08680175246440307,6.51507909260623,0.27026286966046004,0.3016666666666667,7.181004649596556
VGlut-F-400757,1670597533,dense,0,0.3085636178362353,0.5,0.24534501642935377,0.07502738225629792,5.00049337065237,0.24534501642935377,0.29083333333333333,7.030983041438256
VGlut-F-400898,1762359683,dense,0,0.3422421859397301,0.43828853538123974,0.21777290181020295,0.151947339550192,4.323147900554403,0.21777290181020295,0.19466666666666665,5.782692180184542
VGlut-F-400898,1916800213,dense,0,0.3049684666986365,0.5148107515085024,0.2737246297312123,0.1398793198025233,5.144173448811785,0.2737246297312123,0.18066666666666667,6.177170631083516
VGlut-F-500002,5813011298,dense,1,0.3627480973624614,0.5300734618916437,0.2297979797979798,0.08264462809917356,5.340243945336535,0.2297979797979798,0.20983333333333334,5.1606089547377305
VGlut-F-500335,1762359683,dense,0,0.2621340738591927,0.533271719038817,0.24584103512014788,0.15711645101663585,5.353755694508014,0.24584103512014788,0.2828333333333333,7.298273354880007
VGlut-F-500335,5813039309,dense,0,0.2142351340727699,0.6940850277264325,0.36506469500924216,0.15958102279728897,7.593971717226079,0.36506469500924216,0.29033333333333333,7.205182587172205
VGlut-F-500876,1640555311,dense,0,0.3123798910091361,0.6001875586120663,0.24914035636136292,0.06752110034385746,6.100345478368675,0.24914035636136292,0.196,6.382420745805342
VGlut-F-500876,1639886198,dense,0,0.3174057643219865,0.5414191934979681,0.2591434823382307,0.06095654892153798,5.439219493094011,0.2591434823382307,0.24933333333333332,6.798150007478787
VGlut-F-600204,5813061218,dense,1,0.2167423064321983,0.7445,0.3928333333333333,0.0845,8.276636326383946,0.3928333333333333,0.36683333333333334,8.075455254544885
VGlut-F-700261,5813047489,dense,1,0.3440322227016676,0.6128333333333333,0.2718333333333333,0.050333333333333334,6.309504817213831,0.2718333333333333,0.2285,5.3004262385467875
VGlut-F-700261,5813057579,dense,0,0.1502508931506829,0.7575,0.5483333333333333,0.29983333333333334,11.197222112924475,0.5483333333333333,0.436,9.013207936108973
VGlut-F-800130,1671620613,dense,1,0.2545989090457751,0.6438302841572596,0.41553133514986373,0.16290385363954846,7.878912131453706,0.41553133514986373,0.37933333333333336,7.586261707669301
VGlut-F-800130,1762359683,dense,1,0.4174898983431883,0.4404437524328533,0.11171662125340599,0.001946282600233554,4.468227596146551,0.11171662125340599,0.19283333333333333,5.421015178039353
fru-F-000094,422751191,dense,1,0.3155291351979338,0.5965,0.27016666666666667,0.07383333333333333,6.175290623708469,0.27016666666666667,0.25966666666666666,6.706721169125929
fru-F-000131,360591860,dense,1,0.3926119336434378,0.48127128263337116,0.21471812334468407,0.05959137343927355,4.8025509547575975,0.21471812334468407,0.16016666666666668,4.819999046112832
fru-F-000131,298258611,dense,1,0.4043901616941968,0.45629965947786605,0.2455542943624669,0.07775255391600454,4.367894336601275,0.2455542943624669,0.19133333333333333,4.443418016074244
fru-F-000131,5812980529,dense,1,0.445910016376748,0.4682179341657208,0.18426031025349981,0.033673855467272036,4.66834788005832,0.18426031025349981,0.09066666666666667,3.760570624890815
fru-M-000335,673776769,dense,1,0.2799207275263968,0.6375208681135225,0.31197829716193654,0.07971619365609349,6.6616117793624685,0.31197829716193654,0.36583333333333334,7.064649835160976
fru-M-000339,329289084,dense,1,0.215032388731456,0.7472712006717045,0.35642317380352645,0.031066330814441646,7.77475167041106,0.35642317380352645,0.44716666666666666,9.241149144239348
fru-M-000339,452029745,dense,1,0.2566885454879554,0.6616288832913518,0.2699412258606213,0.020151133501259445,6.9011971701619865,0.2699412258606213,0.422,8.412051455996291
fru-M-300299,579268807,dense,1,0.2789763862592709,0.6880218095075822,0.32424603850741185,0.04208553416254899,7.545097930224843,0.32424603850741185,0.289,7.564411599580946
npf-M-300037,5813069630,dense,1,0.3167082786418715,0.6735,0.281,0.041166666666666664,6.935950617396721,0.281,0.17233333333333334,5.906253635412522
Cha-F-000088,1670597533,dense,1,0.3369657313944184,0.4967287367891293,0.24534474081529944,0.051836940110719675,4.9678099281206975,0.24534474081529944,0.25333333333333335,6.790316144153408
Cha-F-000239,1672320134,dense,0,0.086935372935164,0.7193675889328063,0.5188844971453667,0.2220026350461133,10.408530574879862,0.5188844971453667,0.5775,12.363782627859994
Cha-F-000239,5813069085,dense,0,0.1063907583327194,0.689064558629776,0.4787000439174352,0.207290294246816,9.364826604490178,0.4787000439174352,0.5555,11.382057067241707
Cha-F-000239,1704347707,dense,0,-0.0017077608419671,0.8129117259552042,0.6541501976284585,0.30786122090469914,14.567561819022995,0.6541501976284585,0.6863333333333334,15.406897515734599
Cha-F-200299,950880008,dense,0,0.396257557301555,0.4801666666666667,0.21316666666666667,0.07133333333333333,4.798100649568413,0.21316666666666667,0.23916666666666667,5.384666895143354
Cha-F-200299,5813023322,dense,0,0.3166191124632214,0.6171666666666666,0.3095,0.093,6.319328175276851,0.3095,0.254,4.680269483422238
Cha-F-200299,5813098368,dense,0,0.4656048816895275,0.431,0.19416666666666665,0.0635,4.2429862476191325,0.19416666666666665,0.08733333333333333,3.81442961284686
Cha-F-300344,5813047970,dense,1,0.3433456825115569,0.5488671701466015,0.21479342514438027,0.0444247001332741,5.501982390539338,0.21479342514438027,0.23633333333333334,5.823922134935561
Cha-F-300344,951916894,dense,1,0.3459274255307237,0.6139493558418481,0.22167925366503777,0.0406486006219458,6.209248995498889,0.22167925366503777,0.203,5.442935404765726
Cha-F-400237,1321564092,dense,1,0.477719090960608,0.31283333333333335,0.09016666666666667,0.018833333333333334,3.7154639421354334,0.09016666666666667,0.21833333333333332,4.699558928442412
Cha-F-400237,950880008,dense,1,0.4396321861320724,0.43083333333333335,0.15316666666666667,0.027666666666666666,4.395497914148541,0.15316666666666667,0.2095,4.954921589887748
Cha-F-400237,951234513,dense,0,0.4565006661980478,0.4796666666666667,0.14483333333333334,0.014,4.81717684008049,0.14483333333333334,0.1,3.535958885015421
Cha-F-800090,361312808,dense,0,0.2590752555266298,0.7123333333333334,0.4555,0.14,8.989421433910614,0.4555,0.30083333333333334,6.24835151030099
Cha-F-800090,487144598,dense,0,0.0951869591359538,0.7983333333333333,0.6045,0.3525,13.662769249778265,0.6045,0.44666666666666666,8.799430189365992
Cha-F-800090,329897255,dense,0,0.1533643204682109,0.794,0.5208333333333334,0.21733333333333332,10.464593285047714,0.5208333333333334,0.4216666666666667,8.161013625559598
Gad1-F-000694,5813070613,dense,0,0.2956187746411249,0.6481057268722467,0.35841409691629955,0.11312775330396475,6.966683983892366,0.35841409691629955,0.1785,5.2644702140854935
Gad1-F-000694,5813057853,dense,0,0.3670931829414756,0.5355066079295154,0.19894273127753304,0.030837004405286344,5.336834765449036,0.19894273127753304,0.23383333333333334,5.162522429647597
Gad1-F-000694,1383016399,dense,0,0.2895554958157722,0.6847577092511014,0.2551541850220264,0.03823788546255506,6.7331003004964565,0.2551541850220264,0.2025,5.7070254057150756
Gad1-F-000703,421641859,dense,0,0.2942465014323399,0.5845,0.2801666666666667,0.097,6.0564468903017135,0.2801666666666667,0.2475,6.338023396382045
Gad1-F-000703,360259229,dense,0,0.2851492783248704,0.6553333333333333,0.3565,0.13766666666666666,7.053050678613875,0.3565,0.26666666666666666,6.376012815057143
Gad1-F-200186,1702306037,dense,0,0.1191188495449317,0.7273197208581028,0.4853967433445335,0.17368829154820367,9.688164459825234,0.4853967433445335,0.5998333333333333,13.161522328632016
Gad1-F-200186,5813039309,dense,0,0.0918029398027129,0.8299302145257172,0.6420263634013957,0.28198500904626517,13.993982794082733,0.6420263634013957,0.5025,10.083325267825899
Gad1-F-200186,5813034455,dense,1,0.0263855981192124,0.8495735332127164,0.6397001809253037,0.2158180408374257,13.100012160560855,0.6397001809253037,0.6853333333333333,15.129671414723644
TH-F-000009,1406911688,dense,1,0.2661991656774697,0.733,0.3795,0.06933333333333333,8.191089050743175,0.3795,0.2155,6.0013902164816155
TH-F-000010,298258611,dense,1,0.3085632368912199,0.5683017393003713,0.3445378151260504,0.09673636896619113,6.146699237230829,0.3445378151260504,0.309,5.7819353859077065
TH-F-000019,675767414,dense,0,0.418209012251088,0.5066666666666667,0.13483333333333333,0.011166666666666667,5.052303891950229,0.13483333333333333,0.16266666666666665,3.4814680108787956
TH-F-000019,510049477,dense,0,0.4473907051413572,0.4785,0.1685,0.0495,4.771823655638496,0.1685,0.10433333333333333,3.3355604315058605
TH-M-000029,675767414,dense,0,0.3637084223328876,0.5763333333333334,0.22816666666666666,0.0265,5.802021127423745,0.22816666666666666,0.18433333333333332,4.853608572941836
TH-M-000032,675767414,dense,0,0.3810784400461307,0.5503333333333333,0.20866666666666667,0.030833333333333334,5.49729367253981,0.20866666666666667,0.186,4.043450895544165
TH-M-000032,611629428,dense,0,0.3814191510324839,0.5468333333333333,0.2475,0.027333333333333334,5.6326111376551005,0.2475,0.18533333333333332,3.8814868774131197
TH-M-100027,5813057579,dense,0,0.2631970768883475,0.6621666666666667,0.4036666666666667,0.1975,7.695367467649647,0.4036666666666667,0.2805,6.559318844303567
TH-M-100027,797442049,dense,0,0.1689921101376564,0.741,0.46166666666666667,0.18733333333333332,9.12429957386726,0.46166666666666667,0.44233333333333336,8.287520646639784
TH-M-100027,5813021583,dense,0,0.0993362632900504,0.7556666666666667,0.48633333333333334,0.2195,9.632875704054122,0.48633333333333334,0.4831666666666667,9.366693013562758
TH-M-200034,5813021112,dense,0,0.3165727543781663,0.6488333333333334,0.2975,0.09133333333333334,6.714096716852129,0.2975,0.2285,5.60051450639968
TH-M-200034,1406911688,dense,0,0.2321644874383346,0.7298333333333333,0.3913333333333333,0.10783333333333334,8.097245681537974,0.3913333333333333,0.3235,6.528999734674608
TH-M-200034,797442049,dense,0,0.1727511255338997,0.7621666666666667,0.471,0.20033333333333334,9.369365409249628,0.471,0.386,7.558384380456907
TH-M-200035,387870860,dense,0,0.1581741608096378,0.8218333333333333,0.5445,0.186,10.976698882570634,0.5445,0.4525,9.011495840237249
TH-M-300017,5813021112,dense,0,0.3248902442091228,0.6498333333333334,0.2981666666666667,0.07733333333333334,6.610643496017314,0.2981666666666667,0.2125,5.7432574153203175
TH-M-300017,1406911688,dense,0,0.2391433766492354,0.7291666666666666,0.4191666666666667,0.13283333333333333,8.356492507778066,0.4191666666666667,0.26316666666666666,6.104815027261245
Trh-M-100025,673746277,dense,0,0.2311678958500576,0.7426666666666667,0.4655,0.14933333333333335,9.305521631150707,0.4655,0.2768333333333333,6.208266115099007
Trh-M-100060,297251714,dense,0,0.2837295042230477,0.5303333333333333,0.2713333333333333,0.1505,5.346156625705554,0.2713333333333333,0.31983333333333336,6.320358548703286
Trh-M-100071,5813062858,dense,1,0.4891158148813547,0.34883333333333333,0.07716666666666666,0.006166666666666667,3.835681733075611,0.07716666666666666,0.1425,4.589980083623074
Trh-M-500163,5813033196,dense,1,0.3416172953733924,0.6418312387791741,0.2764811490125673,0.026032315978456014,6.564330540225191,0.2764811490125673,0.2115,5.861941521435488
Trh-M-700039,797442049,dense,0,0.0323692402512147,0.8556666666666667,0.6155,0.2915,13.02353090895709,0.6155,0.6026666666666667,11.866953105800338
VGlut-F-000016,5813098368,dense,1,0.4388143804226058,0.4615,0.2035,0.06466666666666666,4.63570125232933,0.2035,0.1325,3.972227251965965
VGlut-F-000016,1321564092,dense,1,0.5494504018816234,0.21533333333333332,0.03883333333333333,0.004166666666666667,3.335759951871516,0.03883333333333333,0.15316666666666667,3.895547025413939
VGlut-F-000016,857793013,dense,0,0.1413205682671279,0.8046666666666666,0.578,0.239,11.91655601297093,0.578,0.497,9.923983438918487
VGlut-F-000111,5813057579,dense,0,0.3203767684238195,0.49133333333333334,0.238,0.1235,4.931640220687789,0.238,0.32033333333333336,6.794277604730933
VGlut-F-000158,328870472,dense,0,0.4189925371255816,0.4366883116883117,0.18506493506493507,0.027417027417027416,4.3742039479151025,0.18506493506493507,0.116,4.3334087579342375
VGlut-F-000158,298612190,dense,0,0.366912349984233,0.577020202020202,0.20833333333333334,0.024350649350649352,5.767956998022583,0.20833333333333334,0.189,4.8670325404788635
VGlut-F-000158,5813078542,dense,0,0.3789091771343235,0.5030663780663781,0.23935786435786435,0.06222943722943723,5.031696962693761,0.23935786435786435,0.15266666666666667,4.422731963309657
VGlut-F-200036,947573616,dense,0,0.3951499157152099,0.43633333333333335,0.1325,0.030666666666666665,4.51686076628582,0.1325,0.21883333333333332,6.670856867766693
VGlut-F-200062,329225149,dense,0,0.1424053917919266,0.7668333333333334,0.473,0.19083333333333333,9.458632299987677,0.473,0.3968333333333333,8.09288917218431
VGlut-F-200062,361312808,dense,0,0.2388351014919486,0.6626666666666666,0.37266666666666665,0.06483333333333334,7.447941828552748,0.37266666666666665,0.3501666666666667,7.172334980709308
VGlut-F-200062,329897255,dense,0,0.1326662262798266,0.7521666666666667,0.45616666666666666,0.15316666666666667,9.009772027993069,0.45616666666666666,0.43316666666666664,8.611172023559885
VGlut-F-200143,298254384,dense,0,0.3698212381522347,0.41539426898138465,0.17444049362058148,0.09914243882033047,4.234608163382444,0.17444049362058148,0.16783333333333333,4.534888671926167
VGlut-F-200143,5813020785,dense,0,0.3340662009704704,0.4871365823049571,0.22924074461409746,0.10144321271700481,4.832613321181969,0.22924074461409746,0.25383333333333336,5.353218133389068
VGlut-F-400184,1704347707,dense,0,0.2966886778998385,0.47215108834827146,0.22727272727272727,0.13924455825864276,4.782674024164499,0.22727272727272727,0.2961666666666667,7.411933915278441
VGlut-F-400186,5813034455,dense,1,0.2361041290288184,0.7124289195775793,0.2984023828865421,0.029515299214730572,7.347482991890944,0.2984023828865421,0.3888333333333333,8.035893690304064
VGlut-F-400757,1640555311,dense,0,0.2701183545032463,0.654709748083242,0.2782037239868565,0.07940854326396495,6.691874683132686,0.2782037239868565,0.26566666666666666,6.804449623820836
VGlut-F-400757,1888199872,dense,1,0.2692543510500971,0.6552573932092004,0.3247535596933187,0.053395399780941946,6.9301161009239625,0.3247535596933187,0.2763333333333333,6.845694403555336
VGlut-F-400757,1762359683,dense,0,0.3772375294339379,0.42004381161007665,0.11801752464403067,0.062157721796276016,4.366045139046453,0.11801752464403067,0.23816666666666667,6.1821351906231925
VGlut-F-400898,1702306037,dense,0,0.3119980013600917,0.4303346132748217,0.2147558968732858,0.1571585298957762,4.402644372026618,0.2147558968732858,0.25316666666666665,6.675381328743825
VGlut-F-400898,5813034455,dense,1,0.2564411130580457,0.6749862863411958,0.31980252331321996,0.06061437191442677,7.126487921964603,0.31980252331321996,0.31466666666666665,7.355859245967455
VGlut-F-500876,5813039309,dense,0,0.283527571005594,0.60737730540794,0.24601437949359176,0.05751797436698968,6.102766694973075,0.24601437949359176,0.297,7.09606322875689
VGlut-F-700261,5813021112,dense,0,0.2536861611886847,0.674,0.38133333333333336,0.123,7.541079556377113,0.38133333333333336,0.33116666666666666,6.7132482282803725
VGlut-F-700541,5813039309,dense,0,0.2425727662051177,0.6486708687311592,0.3233762674705399,0.1290764593039189,6.7951250667565075,0.3233762674705399,0.32966666666666666,6.8497055603081005
VGlut-F-700541,1702306037,dense,0,0.286209959628487,0.4318991504521787,0.21211290764593038,0.1161962181419567,4.480308535622591,0.21211290764593038,0.37516666666666665,7.597441513249549
VGlut-F-800130,1640887603,dense,0,0.3134983062478983,0.5544959128065395,0.2831841183339821,0.07882444530945894,5.6539613551256425,0.2831841183339821,0.31633333333333336,6.72333226979254
VGlut-F-800130,1578826464,dense,0,0.3392600976119163,0.5389256520046711,0.22810432074737252,0.02491241728298949,5.40755204048165,0.22810432074737252,0.2965,6.652568207975893
VGlut-F-800130,1640922754,dense,0,0.3696643720877171,0.5038925652004671,0.14811210587777346,0.0,5.0357300372063545,0.14811210587777346,0.26566666666666666,6.063951667427572
Cha-F-000088,1640909284,dense,1,0.4033033326045071,0.33442375440362354,0.10291897332662304,0.0035228988424760945,3.6047212318210526,0.10291897332662304,0.32566666666666666,7.3413216431605335
Cha-F-400237,1135441187,dense,1,0.5285429722437567,0.30633333333333335,0.0845,0.012333333333333333,3.4492511818805065,0.0845,0.12716666666666668,3.499833406776658
Trh-M-200043,1671620613,dense,0,0.3958609809620299,0.19932639314145745,0.07930189834660134,0.030006123698714023,2.6144802076574387,0.07930189834660134,0.43916666666666665,7.944855627642738
Trh-F-100001,5813062858,dense,1,0.5505755100961915,0.20716666666666667,0.026,0.0028333333333333335,3.167740053628135,0.026,0.0765,4.178053815041968
Cha-F-000088,1699974843,dense,1,0.3817600047936287,0.37569199798691494,0.11373930548565676,0.0017614494212380473,3.873464995083337,0.11373930548565676,0.3265,7.389571202858228
Cha-F-000088,1704347707,dense,1,0.3697236587268988,0.4431303472571716,0.12908907901358832,0.0050327126321087065,4.412122158903125,0.12908907901358832,0.31833333333333336,7.2917471628581625
VGlut-F-400757,1640922516,dense,0,0.3818607291496726,0.35569550930996713,0.13937568455640745,0.04381161007667032,3.8876039632138193,0.13937568455640745,0.32316666666666666,7.132120525417152
VGlut-F-200392,792326206,dense,1,0.4755547305808706,0.3285,0.07366666666666667,0.008166666666666666,3.6155937072629873,0.07366666666666667,0.18466666666666667,4.860391036452398
Cha-F-000088,5813055277,dense,1,0.3673887406309593,0.40865626572722696,0.12455963764469048,0.0012581781580271766,4.2305065865007165,0.12455963764469048,0.33616666666666667,7.573193191322147
Cha-F-000088,5813056598,dense,1,0.3898766405100146,0.40865626572722696,0.10140915953699044,0.0032712632108706594,4.2322663561138345,0.10140915953699044,0.2668333333333333,6.897111568374712
Cha-F-200299,1135441187,dense,1,0.5649139484474726,0.2703333333333333,0.06816666666666667,0.004166666666666667,3.3399028191271976,0.06816666666666667,0.046,3.4180777339553705
VGlut-F-500876,1640922516,dense,0,0.4242389595622123,0.2528915286026883,0.11472335104720226,0.030321975617380433,3.2310627671513705,0.11472335104720226,0.2971666666666667,6.97263955763771
VGlut-F-400898,1640922516,dense,0,0.3867917761930171,0.36176631925397695,0.18376302797586397,0.09243006034009874,3.779978588478581,0.18376302797586397,0.249,6.379766266969112
VGlut-F-500876,1667251683,dense,0,0.4210793164005559,0.2979055954985933,0.1190997186620819,0.02438261956861519,3.3521189013937067,0.1190997186620819,0.2633333333333333,6.677913145247555
Trh-M-100024,5813049824,dense,1,0.4060488591610582,0.3688888888888889,0.08592592592592592,0.011358024691358024,3.748850872299011,0.08592592592592592,0.2926666666666667,7.02361176658228
Trh-M-500163,862671913,dense,1,0.3627486062164112,0.48025134649910234,0.16696588868940754,0.012567324955116697,4.7220591317205995,0.16696588868940754,0.2929485434249932,6.8617956288229935
VGlut-F-400186,1640922516,dense,0,0.367793115800637,0.3688058489033306,0.1925264012997563,0.06904955320877336,3.83817047925631,0.1925264012997563,0.32466666666666666,7.116526469310607
VGlut-F-500335,1640922516,dense,0,0.3357606021460195,0.4044978434996919,0.19316081330868762,0.09242144177449169,4.215966943013381,0.19316081330868762,0.3448333333333333,7.722579664017156
Trh-M-100024,5813020684,dense,0,0.2576824390553618,0.5920987654320987,0.1945679012345679,0.0049382716049382715,5.8797619147073314,0.1945679012345679,0.5348333333333334,10.546750646984886
VGlut-F-700541,1640922516,dense,0,0.3518371481234701,0.3773636612770622,0.19238147437654152,0.062482872019731434,3.925807648736244,0.19238147437654152,0.36966666666666664,7.625897344609078
TH-F-200026,330640044,dense,0,0.4214032025191122,0.43533333333333335,0.17783333333333334,0.03283333333333333,4.238345232383802,0.17783333333333334,0.20883333333333334,4.5978549918324365
Trh-M-300140,1008024276,dense,1,0.2057037554242236,0.7405470635559132,0.33909895414320196,0.01005631536604988,8.050177980176972,0.33909895414320196,0.45716666666666667,9.375383112466835
Trh-M-400023,953414780,dense,1,0.4140550975749162,0.40043478260869564,0.10086956521739131,0.00608695652173913,4.122262748309016,0.10086956521739131,0.21916666666666668,5.9225642353752885
Trh-M-100024,5813055834,dense,1,0.2767070309517548,0.6409876543209877,0.19753086419753085,0.03802469135802469,6.191247455053763,0.19753086419753085,0.3515,8.296215581744692
VGlut-F-500876,1669924220,dense,0,0.3895149614225112,0.3604251328540169,0.12378868396373867,0.04220068771491091,3.8241365090198376,0.12378868396373867,0.25,6.5855240289154375
Trh-M-100024,946308203,dense,1,0.3749544028476351,0.44,0.11950617283950617,0.0044444444444444444,4.519895847043223,0.11950617283950617,0.31183333333333335,7.46574133657448
TH-F-000012,328533761,dense,1,0.4989450193570774,0.41883333333333334,0.14383333333333334,0.023333333333333334,4.357140177786052,0.14383333333333334,0.07583333333333334,4.054324932378616
TH-F-100036,5812980529,dense,1,0.364070375705317,0.6142292490118577,0.24525691699604743,0.0349802371541502,6.262847932764461,0.24525691699604743,0.1425,5.060856496809694
Trh-M-500163,953410147,dense,1,0.3853398149218358,0.518850987432675,0.20556552962298025,0.017953321364452424,5.2817533969309185,0.20556552962298025,0.2077922077922078,5.1994502613971
Trh-M-500163,768555687,dense,1,0.2530830288537165,0.599640933572711,0.3016157989228007,0.02244165170556553,6.392847243386861,0.3016157989228007,0.4603333333333333,9.2880611269096
VGlut-F-800130,1671257931,dense,1,0.3706864150384903,0.5634488127676138,0.2609964966913196,0.011872323861424679,5.719014608057438,0.2609964966913196,0.16633333333333333,5.096077303460623
VGlut-F-200319,5813055865,dense,1,0.4223198755979659,0.43784994400895855,0.14490481522956328,0.012541993281075027,4.447094469664518,0.14490481522956328,0.13783333333333334,5.08642801199305
TH-M-000029,5813021602,dense,1,0.3413058238926868,0.5425,0.218,0.025833333333333333,5.494973545309554,0.218,0.2781666666666667,5.743377605247805
VGlut-F-800130,2135408892,dense,1,0.3856543778405473,0.5743479953289218,0.21623199688594785,0.01946282600233554,5.753430546079464,0.21623199688594785,0.1725,4.64228526981172
VGlut-F-800130,5813132949,dense,1,0.3577923520626861,0.5951732191514207,0.267808485792137,0.02024133904242896,6.022452776611217,0.267808485792137,0.18483333333333332,5.222922628379435
Trh-M-400110,953414780,dense,1,0.3912275888171942,0.4259958071278826,0.14129979035639412,0.01509433962264151,4.37751820327747,0.14129979035639412,0.25166666666666665,6.450710777267988
Trh-M-500163,672006007,dense,1,0.2338712364882323,0.6956912028725314,0.3859964093357271,0.03500897666068223,7.836769839639709,0.3859964093357271,0.4161666666666667,8.59183269761344
TH-F-000019,5813021602,dense,1,0.469892361819849,0.36633333333333334,0.07916666666666666,0.012166666666666666,3.894043733107485,0.07916666666666666,0.155,3.5215953159603752
Trh-F-400055,1070426862,dense,1,0.3992197777147421,0.45595186935969056,0.18134937688010314,0.06489041684572411,4.566809045962462,0.18134937688010314,0.1525,5.05641045816388
TH-F-300062,1262360335,dense,1,0.4027574542549341,0.49941559525797297,0.23543162464518283,0.09150108532309234,4.995082096386543,0.23543162464518283,0.12633333333333333,4.067388984135144
Trh-M-500163,891663788,dense,1,0.2791559865052561,0.6319569120287253,0.3177737881508079,0.02244165170556553,7.1382672105129945,0.3177737881508079,0.37303041407108833,7.524751870821365
VGlut-F-000463,1037293275,dense,1,0.3152013184816884,0.6147798742138365,0.29559748427672955,0.023322851153039833,6.4532170503824915,0.29559748427672955,0.19583333333333333,6.34013645145677
Trh-M-400110,1008024276,dense,1,0.1861430756346603,0.8037735849056604,0.28721174004192873,0.0025157232704402514,7.823994939163318,0.28721174004192873,0.47383333333333333,9.631736928382752
Trh-F-300112,953414780,dense,1,0.3687924574979174,0.4425335570469799,0.14303691275167785,0.012583892617449664,4.562290881700199,0.14303691275167785,0.30366666666666664,6.927861231689569
Trh-F-400055,1008024276,dense,1,0.3566340786577849,0.5178341211860765,0.14997851310700472,0.04254404813064031,5.158472468898599,0.14997851310700472,0.20466666666666666,6.181816078633892
Trh-F-300112,922069357,dense,1,0.3629626797850501,0.574244966442953,0.16946308724832215,0.003355704697986577,5.673150458408959,0.16946308724832215,0.247,6.206283974965194
Trh-F-300112,1008024276,dense,1,0.3877909247258846,0.42323825503355705,0.1040268456375839,0.0,4.387067410563565,0.1040268456375839,0.2708333333333333,6.543946814392601
Trh-M-400023,988567837,dense,1,0.3892561183999529,0.4830434782608696,0.15739130434782608,0.02043478260869565,4.774654421825674,0.15739130434782608,0.19383333333333333,5.719384292997491
TH-M-100063,1449247522,dense,1,0.3479227383024713,0.5578183520599251,0.24531835205992508,0.05196629213483146,5.630531815803589,0.24531835205992508,0.19166666666666668,5.630755498416294
VGlut-F-400898,1668944259,dense,1,0.3207255962912326,0.6423477783872737,0.3274821722435546,0.0929786066922655,6.580742342535048,0.3274821722435546,0.16218755872956211,5.639135732274035
Trh-M-400052,1008024276,dense,1,0.1660170957818347,0.8166455428812843,0.41233629066328686,0.012674271229404309,8.915835234627703,0.41233629066328686,0.4756666666666667,9.713708808511102
VGlut-F-800130,1640555311,dense,1,0.3514302057943473,0.5825223822499027,0.18684312962242117,0.0017516543402101986,5.871041504341474,0.18684312962242117,0.23666666666666666,5.5696061868121145
Trh-F-400055,953414780,dense,1,0.3628387363391328,0.39836699613235926,0.17748173614095403,0.046841426729694886,4.23164512479282,0.17748173614095403,0.2866666666666667,7.139133589995254
Trh-F-300112,5813053851,dense,1,0.4273344747905668,0.5062919463087249,0.1438758389261745,0.010906040268456376,5.068911471851022,0.1438758389261745,0.12733333333333333,5.033591680445487
Trh-M-400131,1008024276,dense,1,0.1319743447521746,0.8522821576763485,0.46224066390041496,0.024481327800829875,9.507287184843321,0.46224066390041496,0.521,10.351561625650643
Trh-M-400110,957506896,dense,1,0.2877142324022678,0.6452830188679245,0.2679245283018868,0.0,6.5455117607914834,0.2679245283018868,0.365,7.38684368255443
fru-F-000094,298603730,dense,1,0.4480498661630893,0.5028333333333334,0.13516666666666666,0.017,5.02969745901682,0.13516666666666666,0.059833333333333336,4.14247959356784
Cha-F-000239,1733677514,dense,0,0.1819387193543498,0.7518664909969258,0.4694773825208608,0.1422924901185771,9.36063329095104,0.4694773825208608,0.41933333333333334,8.465590606373581
TH-F-000036,5813011298,dense,0,0.3886257320416256,0.5399698340874811,0.20908748114630468,0.06334841628959276,5.44733211427495,0.20908748114630468,0.13466666666666666,4.639836787892768
VGlut-F-400757,5901196806,dense,1,0.3237890567712747,0.6314348302300109,0.31078860898138005,0.030120481927710843,6.435345967515657,0.31078860898138005,0.20335820895522388,5.81809393631732
TH-M-000030,328533761,dense,1,0.4191402019541643,0.47583333333333333,0.195,0.0425,4.758216220474624,0.195,0.192,4.886504531164009
Cha-F-000239,1037293275,dense,0,0.2177075105257011,0.6967501097935881,0.4382960035133948,0.14866051822573562,8.569891317006533,0.4382960035133948,0.39066666666666666,7.897572024902231
VGlut-F-000177,672283773,dense,0,0.2870856885220461,0.546741518184037,0.21918476934342201,0.03173053453746644,5.516874624504666,0.21918476934342201,0.37166666666666665,7.2694143828160644
Trh-M-400110,1070426862,dense,1,0.2262573928832207,0.7429769392033543,0.3178197064989518,0.06834381551362684,7.644280375893302,0.3178197064989518,0.39466666666666667,8.256631926943161
VGlut-F-400049,297251714,dense,0,0.2261255855941339,0.397221232632704,0.09939437121482009,0.05130032062700392,4.167638943298379,0.09939437121482009,0.6163333333333333,13.981111014508844
VGlut-F-400186,1700644008,dense,1,0.3023716876109292,0.6753317086379638,0.3197942052531817,0.03926347143243975,7.156170516423164,0.3197942052531817,0.21816666666666668,5.773879017785614
TH-M-300005,1289359184,dense,1,0.2892482708864968,0.6643333333333333,0.3531666666666667,0.066,7.573895437560591,0.3531666666666667,0.29483333333333334,6.5290770543817
VGlut-F-500876,5813034455,dense,1,0.2950179694671409,0.5661144107533604,0.20975304782744608,0.015004688965301657,5.604405846491138,0.20975304782744608,0.31216666666666665,6.693315276807919
TH-F-100050,1289359184,dense,1,0.4669047834581008,0.4261666666666667,0.15466666666666667,0.041166666666666664,4.345563384817741,0.15466666666666667,0.08016666666666666,4.102483854236595
VGlut-F-500876,5901196806,dense,1,0.329424877562995,0.5983119724914036,0.24820256330103158,0.036573929352922786,5.9333284416964585,0.24820256330103158,0.19794776119402985,6.254324266790881
TH-M-000032,5813021602,dense,1,0.3619184801071448,0.5156666666666667,0.203,0.02266666666666667,5.13520455612481,0.203,0.23933333333333334,5.710375968415741
TH-F-300062,1666561406,dense,1,0.3972862976352032,0.5261312406077809,0.21856737351811656,0.07931207213224245,5.307142789760261,0.21856737351811656,0.10583333333333333,3.5494064547945188
VGlut-F-400757,1730651751,dense,1,0.335505469525534,0.6530668127053669,0.2672508214676889,0.01642935377875137,6.720616396534048,0.2672508214676889,0.166633485964563,5.569772639714184
Trh-F-400055,922069357,dense,1,0.3585119925823296,0.5698324022346368,0.2071336484744306,0.0446927374301676,5.582084820412383,0.2071336484744306,0.1905,5.639042190891802
VGlut-F-400898,1700644008,dense,1,0.3146824583651781,0.6752605595172793,0.3348875479978058,0.05512890839275919,7.194612321599866,0.3348875479978058,0.15266666666666667,5.433112031792833
TH-F-300062,1168915489,dense,1,0.3967489538000759,0.5035899148438805,0.18517281683085657,0.07881115378193354,5.044265749924105,0.18517281683085657,0.119,3.8100334053505165
Trh-M-300138,1008024276,dense,1,0.1589128208607246,0.8233594717292613,0.3297565002063558,0.02269913330581923,8.07609780738221,0.3297565002063558,0.5345,10.686906253118803
Trh-M-400023,957506896,dense,1,0.2777816388711659,0.6526086956521739,0.34347826086956523,0.03304347826086956,7.203257495916144,0.34347826086956523,0.39766666666666667,7.4323129230866085
TH-M-100057,1449247522,dense,1,0.3291075541656642,0.6230648808488433,0.32683945033918943,0.071142807444773,6.765230048341286,0.32683945033918943,0.17733333333333334,5.3145392748791505
VGlut-F-400757,5813034455,dense,1,0.2608950704901416,0.6629244249726177,0.2628696604600219,0.013417305585980284,6.503192302121938,0.2628696604600219,0.35883333333333334,7.539076725972901
VGlut-F-700541,1700644008,dense,1,0.3064523830519517,0.67196492189641,0.2918607837763771,0.04466977254042203,7.093173623884682,0.2918607837763771,0.21683333333333332,5.832439765252786
TH-F-200026,329970706,dense,0,0.2669701548935993,0.6806666666666666,0.38283333333333336,0.112,7.745503983355239,0.38283333333333336,0.23816666666666667,5.373510383982985
TH-F-100075,5813011298,dense,1,0.4381080736604176,0.44988143996550983,0.16706186678163398,0.0668247467126536,4.588104040227122,0.16706186678163398,0.0835,4.308258295343097
VGlut-F-300438,5813019526,dense,1,0.3902357512240552,0.5122868605817452,0.19483450351053158,0.022316950852557672,5.104667250762143,0.19483450351053158,0.16516666666666666,5.082726392783301
Trh-M-400131,957506896,dense,1,0.2208503898781611,0.7406639004149378,0.35684647302904565,0.031950207468879666,7.902462582015981,0.35684647302904565,0.41583333333333333,8.078893920114453
Cha-F-000239,1794055377,dense,1,0.1814628187544201,0.8133509003074221,0.5612648221343873,0.1671058410188845,11.094068382475557,0.5612648221343873,0.3596666666666667,7.945966113269653
VGlut-F-200392,5813027276,dense,0,0.3759263174283537,0.44766666666666666,0.24666666666666667,0.07533333333333334,4.334761080264805,0.24666666666666667,0.2725,6.065101673973825
VGlut-F-400186,1730651751,dense,1,0.332234219326559,0.6420254535607907,0.31789872732196045,0.056322772813430816,6.86796517825511,0.31789872732196045,0.19808879155882939,5.4419487082272635
VGlut-F-400186,1888199872,dense,1,0.229101976887696,0.7238017871649066,0.3850528025995126,0.08746276739777958,7.953511593195367,0.3850528025995126,0.344,7.224350128212869
Cha-F-000239,1316245799,dense,0,0.1550083242704041,0.7129995608256477,0.35046113306982873,0.0792709705753184,7.678295274990651,0.35046113306982873,0.41433333333333333,8.19646653429447
Trh-M-400131,953414780,dense,1,0.3169487737855627,0.5697095435684647,0.2560165975103734,0.0004149377593360996,5.895496444437042,0.2560165975103734,0.3566666666666667,7.327258257069418
TH-F-200106,1225640135,dense,1,0.3861273972738852,0.5060426844947287,0.13576754949858574,0.026484957572640782,5.055833894460982,0.13576754949858574,0.2095,5.387036055879145
TH-F-100036,359931311,dense,1,0.3740203058675145,0.6250988142292491,0.20869565217391303,0.042490118577075096,6.096985767082761,0.20869565217391303,0.12988650693568726,4.852544173500889
VGlut-F-200392,1135441187,dense,0,0.3004738273930957,0.502,0.2791666666666667,0.1005,5.0188983832608765,0.2791666666666667,0.403,7.792268832955109
Trh-M-300138,953414780,dense,1,0.3784499098919885,0.45522080066033843,0.17540239372678498,0.0024762690879075525,4.404187225606155,0.17540239372678498,0.247,6.34821011831329
VGlut-F-700541,5901196806,dense,1,0.2849665643193131,0.6648396821046862,0.32447245820772813,0.06549739654699918,7.260196455040977,0.32447245820772813,0.2632462686567164,6.377474225921493
VGlut-F-400184,1730651751,dense,1,0.2935331693961051,0.6824583866837388,0.33162612035851474,0.11939820742637644,7.038868118799453,0.33162612035851474,0.18256022297431815,5.966589166820808
Trh-M-400023,1051980223,dense,1,0.3476476512355169,0.5308695652173913,0.1817391304347826,0.024782608695652172,5.294420846652987,0.1817391304347826,0.246911369740376,5.882966332258978
Trh-M-300071,1008024276,dense,1,0.2663214461010297,0.7091885064730028,0.3208083359646353,0.020208399115882538,7.5719942739294375,0.3208083359646353,0.2806666666666667,7.560141800847649
VGlut-F-500335,5813034455,dense,1,0.2272381292886732,0.6897720271102896,0.35150955021565006,0.05268022181146026,7.633483054444057,0.35150955021565006,0.38483333333333336,8.035474235202226
TH-M-200013,1035601661,dense,1,0.2896387283985493,0.5988042794210195,0.27155443675267465,0.06135934550031466,6.226220485983301,0.27155443675267465,0.278,5.732843820148324
Trh-M-300138,1070426862,dense,1,0.1989936794812205,0.7680561287659926,0.37680561287659925,0.055716054477919934,8.331590535359293,0.37680561287659925,0.43083333333333335,8.955519543283359
VGlut-F-400898,5901196806,dense,1,0.3055723527989588,0.6865057597366977,0.3447613823368075,0.08721886999451453,7.156521750309528,0.3447613823368075,0.14925373134328357,5.751666875455352
VGlut-F-700541,1668944259,dense,1,0.3071026409220665,0.6456563442038915,0.32830912578788707,0.09125787887092354,6.8458290922914875,0.32830912578788707,0.20353317045668107,5.873431427151483
VGlut-F-700541,5813034455,dense,1,0.2452703499002945,0.644012058098109,0.33296793642093725,0.03809262811729241,6.866839491417787,0.33296793642093725,0.3955,7.571858300739254
VGlut-F-100002,1978573010,dense,1,0.3034236321385943,0.6656666666666666,0.3858333333333333,0.106,7.6708408535081265,0.3858333333333333,0.22983333333333333,5.811140536610151
VGlut-F-300438,297580589,dense,0,0.3197363960660149,0.5799899699097292,0.29212637913741224,0.09102306920762288,6.0555807736877245,0.29212637913741224,0.234,6.296950440183956
Trh-M-400052,953414780,dense,1,0.3003899041940999,0.5669623996620194,0.27798901563160117,0.04393747359526827,5.72734524329523,0.27798901563160117,0.3615,7.974174734444407
Trh-M-400052,1070426862,dense,1,0.1990224033748682,0.7891846218842417,0.4157160963244613,0.06590621039290241,8.583436273565217,0.4157160963244613,0.36616666666666664,8.35476671951971
Trh-M-400052,922069357,dense,1,0.2466511798004153,0.7249683143219265,0.33713561470215464,0.02323616392057457,7.450879766520986,0.33713561470215464,0.36,7.44134777586814
VGlut-F-600204,5813064410,dense,0,0.0905714921182048,0.7203333333333334,0.38766666666666666,0.13583333333333333,7.930136590427818,0.38766666666666666,0.6813333333333333,15.926229198623691
Trh-M-400131,1070426862,dense,1,0.1962114218241899,0.7605809128630705,0.42655601659751036,0.03112033195020747,8.70804981824881,0.42655601659751036,0.42,8.631980609143472
TH-F-200004,484126552,dense,0,0.2859674687471273,0.6733688961838326,0.37956503898235533,0.11571604431678292,7.857265443272217,0.37956503898235533,0.24816666666666667,5.7356687989225925
Trh-M-300140,922069357,dense,1,0.2366832331825695,0.7160096540627514,0.36122284794851167,0.02815768302493966,7.690276304818365,0.36122284794851167,0.345,7.739105612022913
Trh-M-300140,1070426862,dense,1,0.1848103888156687,0.7429605792437651,0.4364440868865648,0.12389380530973451,8.908346526690266,0.4364440868865648,0.4656666666666667,9.398604604076242
VGlut-F-400184,1700644008,dense,1,0.2495313542902342,0.7237516005121639,0.38156209987195905,0.08706786171574904,7.747933875800911,0.38156209987195905,0.23633333333333334,6.742270159028708
VGlut-F-200319,360259229,dense,0,0.2506468059460791,0.6414333706606943,0.37357222844344906,0.11847704367301232,7.372506789275303,0.37357222844344906,0.3968333333333333,7.801288744597096
fru-F-000094,328611004,dense,0,0.3116602290706264,0.6621666666666667,0.3471666666666667,0.060833333333333336,7.358305716769447,0.3471666666666667,0.2115,5.900683614699372
Cha-F-000239,610274029,dense,0,-0.0428935639336625,0.8888888888888888,0.6712779973649539,0.31181379007465965,14.66151930428095,0.6712779973649539,0.7303333333333333,17.049733161269344
VGlut-F-500335,1888199872,dense,1,0.2256112006702662,0.7215033887861984,0.40141712877387553,0.06715958102279729,8.094706239010113,0.40141712877387553,0.3481666666666667,7.774437506465265
VGlut-F-000158,296543992,dense,0,0.189446365115139,0.7633477633477633,0.3926767676767677,0.057539682539682536,8.438179867574219,0.3926767676767677,0.3985,8.514055181995626
VGlut-F-400184,1888199872,dense,1,0.206153088865054,0.7125480153649167,0.4231754161331626,0.14884763124199743,8.05545342962787,0.4231754161331626,0.3253333333333333,7.626101994615446
VGlut-F-400184,5901196806,dense,1,0.2928639741779975,0.6360435339308579,0.3479513444302177,0.1699743918053777,6.778222936434878,0.3479513444302177,0.1705223880597015,5.919200486778524
VGlut-F-500335,5901196806,dense,1,0.2293476451364773,0.7258163894023414,0.4026494146642021,0.11552680221811461,8.008473061965194,0.4026494146642021,0.30261194029850746,7.4960796935675535
TH-F-000019,361005850,dense,0,0.2950620767751659,0.5701666666666667,0.19433333333333333,0.051,5.655918620797524,0.19433333333333333,0.39616666666666667,6.1475857185343425
VGlut-F-400184,5813034455,dense,1,0.2096057758036096,0.6798975672215108,0.32490396927016646,0.1001920614596671,7.092726796317528,0.32490396927016646,0.4068333333333333,8.352433639273695
TH-M-000029,361005850,dense,0,0.1593166157447434,0.7316666666666667,0.4095,0.10466666666666667,8.49630927989079,0.4095,0.5498333333333333,10.977594508123556
VGlut-F-500335,1730651751,dense,1,0.2547579164215668,0.7387553912507702,0.35181762168823166,0.08471965495995071,7.945102339598373,0.35181762168823166,0.2528369500298626,6.861011704236432
Cha-F-400237,5813021533,dense,0,0.354113395358309,0.5618333333333333,0.24983333333333332,0.048666666666666664,5.69125012815559,0.24983333333333332,0.18233333333333332,4.097430093267814
TH-M-000032,542376096,dense,0,0.2871240280401959,0.5651666666666667,0.24266666666666667,0.06216666666666667,5.7108085310294925,0.24266666666666667,0.38533333333333336,6.6643041473275755
Trh-M-400131,988567837,dense,1,0.315829617598743,0.5846473029045643,0.3049792531120332,0.04605809128630706,6.21870353123812,0.3049792531120332,0.257,6.504375206295886
TH-M-200010,548712377,dense,1,0.1999456610193943,0.6840252038547072,0.3443291326908821,0.12101556708673092,7.290279017019449,0.3443291326908821,0.5108333333333334,10.243330470378773
TH-M-000032,296139882,dense,0,0.0780295770974653,0.6605,0.31233333333333335,0.05583333333333333,6.821347404685041,0.31233333333333335,0.647,19.564660646319368
TH-F-200026,5813049380,dense,0,0.3067738286640846,0.5711666666666667,0.325,0.1375,5.970434666802985,0.325,0.2385,5.175973917693436
TH-F-200004,5813021602,dense,0,0.3139133683150598,0.5229790726302831,0.25379565038982355,0.09191629052113254,5.278420475670574,0.25379565038982355,0.276,6.285716809518112
TH-M-300063,329970706,dense,1,0.1949856553051545,0.728150765606596,0.43557126030624266,0.10671378091872792,9.00647631181558,0.43557126030624266,0.37,7.594980348633191
TH-F-000036,510987433,dense,0,0.2963903624397722,0.6768476621417798,0.3476621417797888,0.08521870286576169,7.234352803848383,0.3476621417797888,0.20183333333333334,5.589604273818217
TH-M-200095,422751191,dense,1,0.2402002140044427,0.6456014362657092,0.3179533213644524,0.10017953321364452,6.840954167210624,0.3179533213644524,0.44816666666666666,9.21593600891088
Cha-F-500071,609548390,dense,1,0.2006423618470307,0.6737379162191193,0.35499462943071963,0.09559613319011816,7.600213607888801,0.35499462943071963,0.3576666666666667,7.888425895631453
TH-M-200010,5813083780,dense,0,0.2649426073028224,0.5950704225352113,0.24314306893995552,0.037064492216456635,6.104342923922519,0.24314306893995552,0.43366666666666664,8.70013669684802
fru-F-000094,422738252,dense,0,0.2810494882514857,0.6496666666666666,0.4038333333333333,0.195,7.635675627149318,0.4038333333333333,0.206,5.448649744071476
TH-M-000032,361005850,dense,0,0.1935528739633965,0.6931666666666667,0.376,0.11883333333333333,7.7915217530362355,0.376,0.482,9.657425181886541
TH-M-100016,361312808,dense,0,0.1647801007544979,0.6859323882224646,0.36314067611777534,0.10185387131952017,7.459136785810911,0.36314067611777534,0.547,10.988408006923752
TH-F-100075,5813021602,dense,0,0.3320535074663822,0.5251131709420134,0.23388661349428755,0.08126751455054969,5.3044146124021525,0.23388661349428755,0.26,5.80412221977655
VGlut-F-500002,5813021602,dense,0,0.3179998851027416,0.5146923783287419,0.22842056932966023,0.08723599632690542,5.186103334286015,0.22842056932966023,0.325,6.5891471208142125
VGlut-F-200036,979627466,dense,0,0.2540246018218132,0.6626666666666666,0.3695,0.13416666666666666,7.3087948404846905,0.3695,0.309,6.969659732733232
VGlut-F-000463,5813024692,dense,0,0.0979526513766171,0.7976939203354297,0.5435010482180294,0.24947589098532494,11.0716716799799,0.5435010482180294,0.528,10.56637954906696
TH-M-200095,393766777,dense,0,0.0404608601851881,0.7206463195691203,0.45960502692998206,0.11723518850987433,9.250532591156947,0.45960502692998206,0.5518333333333333,11.526586566088172
VGlut-F-000158,297917475,dense,0,0.255909495198142,0.7097763347763347,0.42207792207792205,0.13293650793650794,8.377291770051961,0.42207792207792205,0.27016666666666667,6.170183907373593
TH-M-200010,5813020996,dense,0,0.1914539809194645,0.6823573017049667,0.32431430689399554,0.07042253521126761,7.286385307899744,0.32431430689399554,0.5598333333333333,11.292167358800013
Cha-F-400237,701201945,dense,1,0.4131324508927766,0.5675,0.286,0.06516666666666666,5.852242927420743,0.286,0.14116666666666666,3.32336118651934
Gad1-F-600059,359598627,dense,1,0.2947812264337348,0.628068889703188,0.30633931843165996,0.05166727739098571,6.746162426635815,0.30633931843165996,0.24316666666666667,6.107213879227228
TH-F-200064,361312808,dense,0,0.2475289239069542,0.5642138146476918,0.32592849704963556,0.10638667129468934,5.981172523904911,0.32592849704963556,0.43066666666666664,8.70930961056358
Gad1-F-600059,1110972158,dense,1,0.3324688125560351,0.6203737632832539,0.31586661780872116,0.11396115793330891,6.407517290775665,0.31586661780872116,0.19492014623821435,5.508237425398449
TH-F-200081,361312808,dense,0,0.2621374685228721,0.5564475664826894,0.25740090316106373,0.09299213915370463,5.670560375451831,0.25740090316106373,0.44366666666666665,8.81450896872122
fru-F-000094,548712377,dense,0,0.2389207844217353,0.6276666666666667,0.36283333333333334,0.16883333333333334,6.751389650184672,0.36283333333333334,0.323,6.66793076506927
Cha-F-000329,454002974,dense,0,0.189830124286946,0.6476190476190476,0.3521486643437863,0.07502903600464576,7.110623119188612,0.3521486643437863,0.5386666666666666,11.028903649850381
TH-M-300063,5813049380,dense,0,0.2187345590276051,0.6918727915194346,0.4534746760895171,0.15547703180212014,8.935776967743632,0.4534746760895171,0.31583333333333335,7.1258254722169125
Cha-F-200299,5812987694,dense,1,0.365240652013765,0.6068333333333333,0.25433333333333336,0.022,6.230059716681023,0.25433333333333336,0.188,4.577538281381871
TH-F-000036,486880919,dense,0,0.2706223437596449,0.6843891402714932,0.36368778280542985,0.1170814479638009,7.409030238943306,0.36368778280542985,0.2733333333333333,5.842135602053932
VGlut-F-000463,610274046,dense,0,0.0042033547464016,0.7827568134171907,0.6016771488469602,0.27148846960167716,13.017003400021732,0.6016771488469602,0.6528333333333334,13.744208593950738
TH-M-200095,548712377,dense,0,0.1749624537075052,0.7080789946140036,0.37881508078994613,0.13967684021543986,7.920743703639832,0.37881508078994613,0.4713333333333333,9.539255070760849
VGlut-F-100002,5813055298,dense,0,0.2365790553142084,0.6921666666666667,0.4488333333333333,0.21566666666666667,8.835037650705644,0.4488333333333333,0.30466666666666664,6.461141640270245
TH-F-300037,361312808,dense,0,0.2473169845097452,0.5678333333333333,0.295,0.12916666666666668,5.907540818379628,0.295,0.4475,8.981612819219414
VGlut-F-200319,5813068669,dense,0,0.186345015101773,0.7195968645016797,0.5171332586786114,0.2611422172452408,10.531119357258873,0.5171332586786114,0.37833333333333335,8.176246812383066
Gad1-F-600059,298595394,dense,1,0.3253511379575706,0.6002198607548552,0.3367533895199707,0.12202271894466837,6.214795199123075,0.3367533895199707,0.20596262859542305,5.40481778967334
TH-M-200010,735941254,dense,0,0.0982862745035091,0.7262787249814677,0.34544106745737585,0.06856931060044477,7.6719267486349745,0.34544106745737585,0.6223333333333333,13.129338882492458
VGlut-F-400049,327499164,dense,0,0.0768968372467349,0.6740292126825793,0.35518346989668687,0.06804417527609548,7.559020469691897,0.35518346989668687,0.7686666666666667,18.986964099394203
TH-F-200034,361312808,dense,0,0.2877071106704251,0.5241666666666667,0.2025,0.053,5.29988157297646,0.2025,0.42083333333333334,8.316001260385589
TH-M-200095,579575594,dense,0,0.1875464553949101,0.6174147217235189,0.3355475763016158,0.1052064631956912,6.584118899620524,0.3355475763016158,0.4805,9.656709423682127
TH-M-200049,361312808,dense,0,0.1956451075705577,0.6670146137787056,0.32393876130828114,0.07132915796798886,7.222116191511079,0.32393876130828114,0.5201666666666667,10.518929290281093
VGlut-F-600204,1005857944,dense,0,0.0480338389398362,0.7565,0.4475,0.16583333333333333,8.744070079038602,0.4475,0.6998333333333333,16.934147429722444
VGlut-F-200036,5813021583,dense,0,0.2584637076559695,0.6156666666666667,0.2545,0.08783333333333333,6.193362733641549,0.2545,0.381,8.039506844538652
VGlut-F-000463,610274029,dense,0,0.0064209618541426,0.7856394129979035,0.600104821802935,0.2811844863731656,13.532851758693493,0.600104821802935,0.5853333333333334,12.67551019303561
VGlut-F-600204,5813068748,dense,0,0.0711982767981781,0.7826666666666666,0.47583333333333333,0.14766666666666667,9.55646027176362,0.47583333333333333,0.6115,12.888287611385492
VGlut-F-400049,330268940,dense,0,0.0934984265652733,0.664410402565016,0.4552903455646598,0.14891343070894192,8.676524347599731,0.4552903455646598,0.7376666666666667,17.951545799674598
VGlut-F-200319,421646999,dense,0,0.1924225166727391,0.7442329227323629,0.42933930571108625,0.14624860022396416,8.692328424205996,0.42933930571108625,0.43,8.662163476541934
TH-M-200064,361312808,dense,0,0.2145230513991184,0.5838649927968718,0.2864786993208479,0.08911298621115456,6.206903157049666,0.2864786993208479,0.493,9.822444278645204
Gad1-F-600059,455431209,dense,1,0.2905140950339459,0.6203737632832539,0.3239281788200806,0.09820447050201539,6.635536331286754,0.3239281788200806,0.2625,6.578107065289769
VGlut-F-000158,361273559,dense,0,0.2606447176120908,0.6868686868686869,0.37265512265512263,0.11598124098124098,7.30418110967209,0.37265512265512263,0.319,5.110326219489794
Trh-M-300071,957506896,dense,1,0.3118737079838436,0.6637196084622671,0.28102305020524154,0.02715503631196716,7.04124940527834,0.28102305020524154,0.24683333333333332,6.099991640193661
Trh-M-300071,1070426862,dense,1,0.2383935806003524,0.7211872434480581,0.4013261761919798,0.08335964635301547,8.305104620095404,0.4013261761919798,0.3278333333333333,7.615706937963406
VGlut-F-600204,669325882,dense,0,0.0156987426841909,0.76,0.44816666666666666,0.18333333333333332,8.871051905743077,0.44816666666666666,0.7468333333333333,19.233008507754327
TH-F-100075,510987433,dense,0,0.3220176842787004,0.6277214917007976,0.2892864841560681,0.08557878853201122,6.561007981196791,0.2892864841560681,0.20133333333333334,5.58876526987527
TH-F-200004,510987433,dense,0,0.3285091928911853,0.6263848994665573,0.30077964710709887,0.08473533032416906,6.520046064000951,0.30077964710709887,0.20183333333333334,5.192741093402297
TH-F-100075,329225149,dense,0,0.1273211659737147,0.6973485665014012,0.2838973916792412,0.016813968527699934,7.231059997539042,0.2838973916792412,0.6311666666666667,14.164874479252886
TH-F-000036,326817334,dense,0,0.2418812281607276,0.7328431372549019,0.4226998491704374,0.15705128205128205,8.613710842706997,0.4226998491704374,0.2995,6.092907005942228
TH-F-100095,361312808,dense,0,0.2470025821772291,0.5426997245179064,0.26128417037507945,0.08264462809917356,5.51529969898882,0.26128417037507945,0.4821666666666667,9.690994924417616
TH-F-100075,297251714,dense,0,0.0789499849262385,0.7033843500754473,0.337141625350291,0.09851261047639577,7.346031045767678,0.337141625350291,0.6896666666666667,16.68997784970697
VGlut-F-500002,297251714,dense,0,0.0095989513948965,0.7798438934802571,0.4297520661157025,0.09159779614325068,8.939740335571091,0.4297520661157025,0.7356666666666667,19.12634102173647
Cha-F-000329,579510789,dense,1,0.1545319271608441,0.6671312427409989,0.3470383275261324,0.1337979094076655,7.293325473415985,0.3470383275261324,0.48733333333333334,9.592351257627614
TH-M-300063,331662710,dense,0,0.1656150368228789,0.7001177856301531,0.44122497055359244,0.0972909305064782,8.711006790608515,0.44122497055359244,0.527,10.603027367817367
VGlut-F-500002,296139882,dense,0,0.0411361486233793,0.7474747474747475,0.3790174471992654,0.06864095500459137,8.2694386027915,0.3790174471992654,0.711,17.43585792351221
TH-F-200004,361005850,dense,0,0.1885717992105252,0.6596224866639311,0.362330734509643,0.10853508411981945,7.113655476372219,0.362330734509643,0.4746666666666667,9.417230196659123
VGlut-F-000158,298214577,dense,0,0.2175965825111499,0.7884199134199135,0.5483405483405484,0.1414141414141414,11.15811633806501,0.5483405483405484,0.276,5.712907080472159
TH-M-000045,361312808,dense,0,0.1797652112166457,0.6252619546580301,0.34311297389979045,0.13488283482568109,6.8877394834827514,0.34311297389979045,0.5381666666666667,10.820884484590225
TH-F-200026,331662710,dense,0,0.3055242528085954,0.6051666666666666,0.26866666666666666,0.05733333333333333,6.456043662846383,0.26866666666666666,0.2941666666666667,6.243070993362955
VGlut-F-300438,358890923,dense,0,0.2224261642780364,0.7730692076228686,0.4586258776328987,0.11559679037111334,9.230537890687229,0.4586258776328987,0.30233333333333334,6.60187751366316
TH-M-000029,5813055949,dense,0,0.0528216296005412,0.8386666666666667,0.6245,0.3011666666666667,13.904319324740804,0.6245,0.6451666666666667,14.872974043108016
TH-F-000010,359931311,dense,1,0.3937985128137361,0.5815907758452218,0.18057455540355677,0.008794215360562829,5.688904857005379,0.18057455540355677,0.12925598991172763,4.774240735337177
Cha-F-200299,5813059915,dense,0,0.2929663197907037,0.6701666666666667,0.29,0.058,6.762417176028748,0.29,0.29383333333333334,5.762213422782402
VGlut-F-200036,5813056261,dense,0,0.2055686064028961,0.7026666666666667,0.36466666666666664,0.10966666666666666,7.634452497795928,0.36466666666666664,0.31,7.135704056710474
TH-F-000009,5813021112,dense,0,0.2545528610099554,0.7116666666666667,0.4211666666666667,0.1435,8.403602912829015,0.4211666666666667,0.2833333333333333,6.29551836206584
VGlut-F-000016,5813033371,dense,0,0.4583946093100717,0.5036666666666667,0.22433333333333333,0.060833333333333336,5.051101698516236,0.22433333333333333,0.05483333333333333,3.3633051570291
VGlut-F-200392,950880008,dense,0,0.1762599376569824,0.7025,0.3636666666666667,0.10566666666666667,7.601492956273132,0.3636666666666667,0.6045,12.919465241494876
Trh-M-700039,543692985,dense,0,0.2410814831348111,0.648,0.3855,0.17516666666666666,7.134101674078782,0.3855,0.38466666666666666,7.727059816566333
TH-F-200106,5813055913,dense,0,0.0902114552171492,0.7616353818462329,0.43790177423502186,0.06814091025970687,8.933850830529206,0.43790177423502186,0.6795,14.269174523486106
TH-F-300062,5813082239,dense,1,0.1714725297473926,0.7864418099849725,0.544498246785774,0.1666388378694273,10.987340344011182,0.544498246785774,0.38166666666666665,8.214248136638439
TH-F-100095,328611004,dense,0,0.161877815091477,0.6993006993006993,0.4534859080313626,0.11019283746556474,8.820144899625777,0.4534859080313626,0.5198333333333334,10.416788964594595
VGlut-F-300438,390280026,dense,0,0.2024389951689598,0.7650451354062187,0.4563691073219659,0.12587763289869608,9.291084756338797,0.4563691073219659,0.36866666666666664,7.060822879772226
Trh-M-300071,5813062858,dense,1,0.2326826787812445,0.5431007262393432,0.19545311019892642,0.07609725292074518,5.364184010489786,0.19545311019892642,0.5668333333333333,11.34125204311476
TH-M-200013,1107561814,dense,0,0.0896639735540706,0.7967275015733165,0.5484581497797357,0.223725613593455,10.75721213269257,0.5484581497797357,0.4845,9.804247760451798
TH-F-200081,328611004,dense,0,0.1128884601790975,0.7608295701622345,0.49707308914534204,0.2022077270446563,9.94808146860159,0.49707308914534204,0.5275,10.501022515296675
Trh-M-300071,953414780,dense,1,0.324051364975957,0.5964635301547205,0.27849700031575625,0.02368171771392485,6.090320834108125,0.27849700031575625,0.2635,6.651408165343612
Cha-F-100135,422738252,dense,0,0.2064672151613844,0.6293121919862867,0.42082708377973,0.22198414398971503,7.704895273448069,0.42082708377973,0.2658333333333333,6.37441386559271
TH-M-000029,487143497,dense,0,0.0966767006392686,0.7896666666666666,0.527,0.19616666666666666,10.522359305167168,0.527,0.6131666666666666,14.518252518165447
VGlut-F-000111,484359937,dense,1,0.1872673943622685,0.767,0.414,0.12266666666666666,8.721011074735255,0.414,0.3495,7.522014184038941
Trh-M-700039,516055524,dense,0,0.2053092297711589,0.6796666666666666,0.35733333333333334,0.16416666666666666,7.412090218568673,0.35733333333333334,0.36816666666666664,7.777844135580423
Cha-F-300267,329646990,dense,0,0.2510869391154653,0.7114955357142857,0.37611607142857145,0.13950892857142858,7.963438889096864,0.37611607142857145,0.12516666666666668,4.892576737793698
VGlut-F-500002,329225149,dense,0,0.0607407642476587,0.7185491276400368,0.40128558310376494,0.081267217630854,8.42480434385202,0.40128558310376494,0.711,17.221032271862832
TH-F-300037,328611004,dense,0,0.2012012510068801,0.663,0.4086666666666667,0.1695,8.010751966252613,0.4086666666666667,0.36683333333333334,7.961054644797928
Cha-F-100135,424793122,dense,0,0.217641771383572,0.719734304692522,0.43775444611099207,0.18084422541247053,8.638976788310043,0.43775444611099207,0.31683333333333336,7.064888845210456
TH-F-200034,328611004,dense,0,0.1794453628216499,0.7245,0.4355,0.16116666666666668,8.799824286073083,0.4355,0.437,8.823740785932937
VGlut-F-100002,5813126031,dense,0,0.1786103432393339,0.7868333333333334,0.5591666666666667,0.2801666666666667,11.62260193294442,0.5591666666666667,0.3571666666666667,5.894022218399598
VGlut-F-100002,2095549849,dense,0,0.2247560973411461,0.7751666666666667,0.5528333333333333,0.245,11.311076988910134,0.5528333333333333,0.21383333333333332,5.114232251395716
TH-M-300005,579268807,dense,0,0.1243598978500702,0.785,0.506,0.15516666666666667,10.151694916120517,0.506,0.5513333333333333,10.830659842116145
VGlut-F-000111,5813032849,dense,1,0.1426565111239631,0.7848333333333334,0.4583333333333333,0.12133333333333333,9.218080448153255,0.4583333333333333,0.4688333333333333,9.384699471515699
TH-M-000008,579268807,dense,0,0.2816494898095004,0.6598333333333334,0.374,0.10966666666666666,7.478721645409475,0.374,0.36,6.581119370934013
TH-F-200037,422751191,dense,0,0.1112099408887483,0.6436781609195402,0.4526819923371648,0.25862068965517243,8.289869961771524,0.4526819923371648,0.4856666666666667,9.730837563772324
TH-F-200037,330640044,dense,0,0.0591046792507285,0.786015325670498,0.5890804597701149,0.3408045977011494,12.812131948400667,0.5890804597701149,0.5625,11.48161056019773
VGlut-F-400049,360255138,dense,0,0.0386421454729334,0.8037050231563947,0.5610972568578554,0.33487709298183116,11.773995174871846,0.5610972568578554,0.698,15.974684149307105
TH-F-100095,5813049380,dense,0,0.1543844286885819,0.7692307692307693,0.5327399872854418,0.2727272727272727,10.97321525082493,0.5327399872854418,0.406,8.410207520695007
VGlut-F-000303,5813056909,dense,0,0.2592795595835158,0.5993333333333334,0.31683333333333336,0.16733333333333333,6.324437444862487,0.31683333333333336,0.22566666666666665,4.8524365255801865
TH-F-100083,5813049380,dense,0,0.0791053830368358,0.8051890941072999,0.6165347405452947,0.2911169744942832,12.758465475627165,0.6165347405452947,0.42583333333333334,8.884817086238664
TH-F-200037,517514142,dense,0,0.1035488072704849,0.8185823754789272,0.5906130268199233,0.27796934865900386,11.533746778029066,0.5906130268199233,0.44466666666666665,9.187769539872559
VGlut-F-200036,823058891,dense,0,0.1110150229443892,0.7781666666666667,0.5036666666666667,0.2665,10.071551436919426,0.5036666666666667,0.46316666666666667,9.193624597296505
TH-F-100099,328611004,dense,0,0.1758780015346809,0.6959598265236248,0.3887240356083086,0.1081944761469984,8.196087761278426,0.3887240356083086,0.517,10.29574299804975
VGlut-F-000111,671233447,dense,1,0.1737177645856262,0.8258333333333333,0.5068333333333334,0.14133333333333334,10.117266066319928,0.5068333333333334,0.3595,7.358257897012918
TH-M-100016,328611004,dense,0,0.0376333574165304,0.8015267175572519,0.5818974918211559,0.2708833151581243,12.34574237231659,0.5818974918211559,0.6696666666666666,14.455541384929672
VGlut-F-000111,1043705078,dense,1,0.2017547578500602,0.8368333333333333,0.4706666666666667,0.10133333333333333,9.609852986646946,0.4706666666666667,0.3095,7.167987924433209
TH-F-300078,576825965,dense,0,0.0749035320781003,0.7636666666666667,0.465,0.18916666666666668,9.226113025929937,0.465,0.6283333333333333,13.675250366699933
Cha-F-100135,735941254,dense,0,-0.0209713631079318,0.7970859224341118,0.5043925433897579,0.18084422541247053,10.0675518808098,0.5043925433897579,0.7,18.97185141862943
TH-F-200037,328611004,dense,0,0.065574619829089,0.7879310344827586,0.5544061302681992,0.31264367816091954,11.967077252683518,0.5544061302681992,0.5545,11.066979474158277
VGlut-F-400049,329225149,dense,0,-0.1003586531689209,0.8717491984324902,0.6423227645172782,0.3149269682935518,13.973862839883436,0.6423227645172782,0.8505,26.817685155677538
TH-M-300063,5813020673,dense,0,0.0335318583408077,0.800942285041225,0.5891637220259128,0.23392226148409895,12.130545023695465,0.5891637220259128,0.6381666666666667,13.570807045749941
TH-F-000019,514842241,dense,0,0.1265440630347701,0.8236666666666667,0.5671666666666667,0.17983333333333335,11.408667805784452,0.5671666666666667,0.534,11.127409847189522
TH-M-000045,328611004,dense,0,0.0189080643040801,0.8325395313393027,0.5820156220232425,0.2583349209373214,12.244062388223787,0.5820156220232425,0.6466666666666666,13.467442844101223
Cha-F-100135,5813020996,dense,0,0.0749982206560785,0.7105206770944933,0.45103921148489395,0.18255838868652238,8.75682203620466,0.45103921148489395,0.5886666666666667,13.628098849502997
VGlut-F-000303,575768294,dense,0,0.1722318273522794,0.7346666666666667,0.4116666666666667,0.1335,8.385295650285476,0.4116666666666667,0.46066666666666667,9.020707954834013
Cha-F-000329,609548390,dense,1,0.0287504740005827,0.7902439024390244,0.4968641114982578,0.15609756097560976,9.94210491838631,0.4968641114982578,0.6955,15.966579997524526
TH-M-200064,328611004,dense,0,0.0762297592068506,0.7962543733278452,0.5328256842971805,0.19942374974274543,10.649080644094482,0.5328256842971805,0.5831666666666667,11.845591343461706
TH-F-200081,5813049380,dense,0,0.1105828284573819,0.8066566315437365,0.6206723532363272,0.3274795116240174,13.499016329247747,0.6206723532363272,0.3928333333333333,8.424073064202815
TH-M-000008,5813055913,dense,0,0.2440186725137615,0.7145,0.41783333333333333,0.10133333333333333,8.308548682311207,0.41783333333333333,0.375,7.324497160691231
TH-F-200096,5813049380,dense,0,0.1100259959571622,0.8125132107376876,0.6438385119425069,0.2758402029169309,13.26095313429388,0.6438385119425069,0.43083333333333335,8.882178121617063
TH-M-200013,5813048837,dense,0,-0.1005841577491366,0.9166142227816236,0.6818753933291378,0.33196979232221524,14.554036843781287,0.6818753933291378,0.7036666666666667,15.309785946875394
TH-F-300037,393063351,dense,0,-0.0681537827551829,0.7486666666666667,0.5221666666666667,0.30633333333333335,10.715770421688369,0.5221666666666667,0.668,20.25103182184475
TH-F-000019,487143497,dense,0,0.0979533232253514,0.7888333333333334,0.5268333333333334,0.11416666666666667,10.562436332139757,0.5268333333333334,0.616,15.68227918202098
TH-F-200064,328611004,dense,0,0.0883714225108716,0.7825407844498438,0.5709822978132593,0.29746615758417216,11.989887424093318,0.5709822978132593,0.5368333333333334,10.756191175478172
TH-F-000009,797442049,dense,0,0.1559862951092591,0.788,0.5148333333333334,0.24283333333333335,10.341723659699522,0.5148333333333334,0.408,7.923385461694778
VGlut-F-200392,5812987694,dense,0,0.1063198939417034,0.8073333333333333,0.47983333333333333,0.12533333333333332,9.639384507967943,0.47983333333333333,0.5911666666666666,12.438902898126418
Trh-M-100071,707539688,dense,0,0.0989107930799954,0.87,0.623,0.23,12.659360452564314,0.623,0.5531666666666667,10.75554591752982
TH-F-000036,602368546,dense,0,0.2180696294568914,0.7049396681749623,0.4423076923076923,0.27262443438914025,8.46433293746028,0.4423076923076923,0.2618333333333333,5.546787807088172
VGlut-F-700261,1228265278,dense,0,0.1600742069635804,0.8386666666666667,0.5778333333333333,0.201,11.671028529302669,0.5778333333333333,0.3005,7.00152206697234
TH-F-200034,393063351,dense,0,-0.105910519529388,0.7903333333333333,0.5673333333333334,0.31683333333333336,12.110128719382322,0.5673333333333334,0.6963333333333334,22.886404576208704
TH-F-000009,1014344148,dense,0,0.2060511956839559,0.7321666666666666,0.39916666666666667,0.1945,8.207321759237896,0.39916666666666667,0.25833333333333336,6.219895087894887
Trh-M-200043,2040301572,dense,0,0.148474928370775,0.8101653398652786,0.43661971830985913,0.07164727495407226,9.07153238279357,0.43661971830985913,0.5488469601677148,11.250529044282386
TH-F-000009,5813063093,dense,0,0.0682125118987143,0.8348333333333333,0.5878333333333333,0.285,12.193648893962063,0.5878333333333333,0.4156666666666667,8.228387326098577
VGlut-F-000303,329897255,dense,0,0.0804059943213116,0.7308333333333333,0.45,0.189,8.886156810730975,0.45,0.61,13.741584289902077
Trh-F-100066,707539688,dense,0,0.0902151804726743,0.8615,0.6065,0.19966666666666666,12.150619510476705,0.6065,0.5626666666666666,11.058003887803604
VGlut-F-100035,5813068707,dense,1,0.1850705995477962,0.7503333333333333,0.5138333333333334,0.2385,10.464323798122752,0.5138333333333334,0.3308333333333333,7.212671559964015
VGlut-F-100035,488231898,dense,0,0.1827422452395981,0.8135,0.5776666666666667,0.18816666666666668,11.895162648024055,0.5776666666666667,0.28933333333333333,6.858041459201571
TH-M-200064,298258399,dense,0,0.0643857646233644,0.7948137476847088,0.4758180695616382,0.17699115044247787,9.557153435403603,0.4758180695616382,0.6173333333333333,13.34021571372989
TH-F-100083,329970706,dense,0,-0.1185552535961422,0.9184256816182937,0.7717678100263852,0.5340809146877749,21.93292038876976,0.7717678100263852,0.7618333333333334,15.182213852378174
Trh-F-100001,707539688,dense,0,0.0716119757286502,0.8716666666666667,0.6476666666666666,0.23166666666666666,12.812851147993303,0.6476666666666666,0.6441666666666667,13.178447109676696
VGlut-F-200062,5813021602,dense,0,0.2404506933208154,0.7225,0.49116666666666664,0.27,9.828778858431537,0.49116666666666664,0.14816666666666667,5.874086216502999
TH-M-200035,543692985,dense,0,0.2136508991159861,0.6496666666666666,0.4035,0.137,7.597401410700657,0.4035,0.4518333333333333,8.883722924881436
VGlut-F-200062,487143497,dense,0,0.1390406333376853,0.858,0.6815,0.30583333333333335,14.4924919915249,0.6815,0.3426666666666667,7.238926642739518
Trh-F-100001,922069357,dense,0,0.1871578918832293,0.8325,0.5801666666666667,0.24416666666666667,11.986801516541757,0.5801666666666667,0.1245,5.8568083942218045
TH-F-200064,5813049380,dense,0,0.0516402426123415,0.8628948281846581,0.707913918778202,0.36879555709822975,15.929083830966524,0.707913918778202,0.4761666666666667,9.532592799113957
Trh-M-100071,614081151,dense,0,0.1040100342161251,0.8703333333333333,0.6366666666666667,0.2295,13.152743369868533,0.6366666666666667,0.4568333333333333,9.477538171752673
Cha-F-300267,298258399,dense,0,0.012471591875088,0.8960193452380952,0.6612723214285714,0.18247767857142858,12.767503495624434,0.6612723214285714,0.6436666666666667,14.065490301954828
VGlut-F-400334,576825965,dense,0,0.0200349488782511,0.8101666666666667,0.5191666666666667,0.17483333333333334,10.394562669414384,0.5191666666666667,0.655,15.530044972189303
Trh-M-700039,1043117106,dense,0,0.0765557715870042,0.8366666666666667,0.571,0.2435,11.781082893075396,0.571,0.5071666666666667,10.19701820634491
Trh-M-100071,922069357,dense,0,0.1682930687671156,0.8886666666666667,0.633,0.1815,12.434994452269164,0.633,0.231,6.049237576639998
TH-F-200064,5813055800,dense,0,0.049707324746139,0.8252342936480389,0.6065602221450885,0.20531065602221452,12.208630186599862,0.6065602221450885,0.5521666666666667,11.094487195440603
Trh-F-100038,704699661,dense,0,0.0203687023868785,0.9013333333333333,0.6603333333333333,0.31633333333333336,13.862054812200343,0.6603333333333333,0.48483333333333334,9.661190669039321
VGlut-F-100035,5813011119,dense,0,0.0468526809669349,0.8501666666666666,0.6776666666666666,0.37416666666666665,15.220037701642894,0.6776666666666666,0.5151666666666667,10.239831213025777
TH-F-300078,736860990,dense,0,0.1294220395387976,0.7788333333333334,0.5521666666666667,0.2821666666666667,11.670799376093346,0.5521666666666667,0.5171666666666667,10.356121790883755
Trh-F-100066,614081151,dense,0,0.0969220015307502,0.8533333333333334,0.612,0.21166666666666667,12.391027127160061,0.612,0.5313333333333333,10.492795072037
TH-F-200096,5813020673,dense,1,-0.0110557617746531,0.7945466074825618,0.5556964700908898,0.30458676812513213,11.56088287071188,0.5556964700908898,0.6511666666666667,14.114701777346587
Trh-M-100025,614081151,dense,0,0.0652029121514203,0.885,0.6761666666666667,0.24666666666666667,14.27581447410794,0.6761666666666667,0.5675,11.09226352495909
VGlut-F-200062,417221397,dense,0,0.0146312368753127,0.8616666666666667,0.6535,0.28633333333333333,13.865152737512123,0.6535,0.5431666666666667,11.050774025282974
Trh-M-100020,328611004,dense,0,0.0619793991933051,0.8245,0.6438333333333334,0.3556666666666667,14.581411976819336,0.6438333333333334,0.388,8.001838586385507
TH-F-100095,329970706,dense,0,-0.0811060343230105,0.8908667090485273,0.7332061877516423,0.505403687221869,20.21232959349633,0.7332061877516423,0.6191666666666666,13.083148305516954
TH-M-300005,423101189,dense,0,-0.1682853138470809,0.8608333333333333,0.7085,0.39966666666666667,16.438143119845627,0.7085,0.8116666666666666,29.105169917670636
VGlut-F-100035,636789034,dense,0,0.0882548449233468,0.8506666666666667,0.6473333333333333,0.24466666666666667,13.238786614700182,0.6473333333333333,0.492,9.83711416096838
Trh-F-100066,5813057861,dense,0,0.0780211266499218,0.7513333333333333,0.5325,0.4345,11.413924106699131,0.5325,0.29683333333333334,6.241886778526591
TH-F-200096,5813055800,dense,0,0.0429910801585809,0.8511942506869583,0.6074825618262524,0.22553371380257872,11.798171210128611,0.6074825618262524,0.5815,11.764459566120124
TH-F-000091,298258399,dense,0,-0.0120914946405796,0.8975954262653438,0.6652093492517236,0.30973600134521606,13.98577245070723,0.6652093492517236,0.6436666666666667,12.734588907875988
VGlut-F-000177,1042656011,dense,0,0.054494366757715,0.8420795704173786,0.6116670734683916,0.23675860385648034,12.690199215892507,0.6116670734683916,0.4975714008160093,9.948393129219863
Trh-M-100025,705795727,dense,0,0.0874225463381502,0.8526666666666667,0.6291666666666667,0.29283333333333333,13.123159987456194,0.6291666666666667,0.38684416601409555,7.507371104300102
TH-M-200013,1192019859,dense,0,-0.0074183736521686,0.8845185651353052,0.6730648206419132,0.3436123348017621,15.138553602424075,0.6730648206419132,0.5368126747437092,11.565839723526626
TH-F-100050,5813041180,dense,0,0.2083788846870055,0.6533333333333333,0.463,0.3445,8.485977329214798,0.463,0.2205,4.9194883660634705
Trh-M-100037,704699661,dense,0,0.0447450174007233,0.8465,0.6111666666666666,0.31183333333333335,12.845555323305323,0.6111666666666666,0.4795,9.50633635890613
Trh-M-700039,456847100,dense,0,0.017358604472127,0.7878333333333334,0.5465,0.237,11.023145854063067,0.5465,0.592,13.12564783712847
TH-F-000012,579912201,dense,0,0.1671522822679053,0.836,0.6416666666666667,0.354,14.573534099171745,0.6416666666666667,0.15133333333333332,5.1908478178645225
Trh-F-100066,5813009620,dense,0,0.0585992922249399,0.7471666666666666,0.583,0.4083333333333333,13.471625440370161,0.583,0.42733333333333334,8.022979251965074
Trh-F-100001,614081151,dense,0,0.0565188734496322,0.882,0.669,0.2595,13.52125882940279,0.669,0.6088333333333333,11.99154763070716
Trh-M-100025,5813057861,dense,0,0.0722049884726552,0.7825,0.5788333333333333,0.37866666666666665,12.310312424261836,0.5788333333333333,0.3561666666666667,7.1513195608202
fru-F-000131,297925608,dense,0,-0.0662296361164027,0.8893303064699205,0.7188800605372683,0.3726825576995838,16.262615664624946,0.7188800605372683,0.7578333333333334,19.854995442709242
Trh-F-000008,704699661,dense,0,0.0658604261503411,0.8331666666666667,0.5835,0.2668333333333333,12.043647788570382,0.5835,0.458,9.211080305859982
Trh-M-100037,1727979406,dense,0,0.0669553489218108,0.8053333333333333,0.6185,0.39816666666666667,14.772376798155841,0.6185,0.3293333333333333,6.3686378613623855
VGlut-F-100125,1135837629,dense,0,0.0311424042452273,0.7973333333333333,0.499,0.2315,9.96664436836189,0.499,0.5216666666666666,10.506522970741418
VGlut-F-400334,736860990,dense,0,0.0710752238419991,0.8353333333333334,0.5863333333333334,0.23333333333333334,11.657555619114802,0.5863333333333334,0.5703333333333334,11.562683031563584
TH-F-200096,387568523,dense,0,0.021883255032585,0.8571126611709998,0.5884590995561192,0.23589093214965123,11.740321999513128,0.5884590995561192,0.6256666666666667,12.740321033554338
Trh-F-100038,693927941,dense,0,0.0163007368935081,0.8706666666666667,0.6715,0.3045,14.214317495783684,0.6715,0.5133333333333333,10.25547332386996
Trh-M-100025,5813060787,dense,0,0.2640108054020224,0.7808333333333334,0.5605,0.2763333333333333,12.02042451194676,0.5605,0.136,4.439137311009832
VGlut-F-000303,698569644,dense,0,0.0477034481619719,0.8121666666666667,0.5913333333333334,0.3145,12.662711342321263,0.5913333333333334,0.5206666666666667,10.460410145445113
Trh-F-100001,642694410,dense,0,0.1179492276404689,0.8176666666666667,0.6205,0.32,13.315487574090264,0.6205,0.25583333333333336,5.529643840427632
VGlut-F-100003,704699661,dense,0,0.0453011503234286,0.8798333333333334,0.6551666666666667,0.24966666666666668,13.209217941622054,0.6551666666666667,0.4856666666666667,9.674967424527187
VGlut-F-000177,1479156699,dense,0,0.0894459930273738,0.8411032462777642,0.5958018061996583,0.24652184525262388,12.521864724146017,0.5958018061996583,0.44433333333333336,8.922694391504454
TH-F-000010,331774819,dense,0,-0.0316136678348392,0.8802032440883331,0.6753957396912253,0.2810240375219855,13.53338050108181,0.6753957396912253,0.7535,18.603966496650912
TH-F-000010,543821838,dense,0,-0.2503176118921522,0.9474301348446356,0.7533711158882157,0.3011530193472738,15.144195888117533,0.7533711158882157,0.9475,41.969493214931646
VGlut-F-700261,1352684733,dense,0,-0.0432482938206573,0.8128333333333333,0.5723333333333334,0.284,11.535758840029025,0.5723333333333334,0.6135,13.448656296122753
TH-M-300005,1036637638,dense,0,-0.0735028796147997,0.851,0.7475,0.4146666666666667,18.40066500032389,0.7475,0.7995,19.743356884609433
VGlut-F-100125,640194409,dense,1,0.1235636029495437,0.82,0.553,0.22816666666666666,11.37650581496155,0.553,0.35,7.802872654295947
TH-F-100050,1160073701,dense,0,0.0329808065587027,0.8138333333333333,0.6058333333333333,0.4191666666666667,15.336229382871393,0.6058333333333333,0.3903333333333333,7.765472803351429
Trh-M-700039,329897255,dense,0,-0.0859288177293132,0.8635,0.653,0.31816666666666665,14.210275611831612,0.653,0.6991666666666667,18.278511851650627
TH-M-000008,581746661,dense,0,-0.2477513983073146,0.9261666666666667,0.767,0.42483333333333334,17.801625918985785,0.767,0.8683333333333333,38.49514318566967
VGlut-F-400334,5813011660,dense,0,0.1390516203139376,0.8001666666666667,0.5748333333333333,0.33416666666666667,12.101880965168043,0.5748333333333333,0.3318333333333333,7.22252936616708
TH-F-200081,387568523,dense,0,-0.0080079426457274,0.868038133467135,0.6057869208897809,0.22395049339354406,11.874385612708961,0.6057869208897809,0.6965,15.854850618039864
TH-F-100083,298258399,dense,0,-0.0280176274411849,0.8854441512752859,0.6007036059806509,0.31464379947229554,12.381708391222734,0.6007036059806509,0.6736666666666666,14.216072218064866
VGlut-F-200251,424793122,dense,0,0.1683018201936132,0.7771666666666667,0.5205,0.2618333333333333,10.513177284940978,0.5205,0.3288333333333333,6.5126917691516155
TH-F-300078,447599745,dense,0,0.0098067454877907,0.8718333333333333,0.6651666666666667,0.3575,14.334029395878002,0.6651666666666667,0.5611666666666667,11.315587151511982
TH-F-100050,975197713,dense,0,0.0759274809559172,0.7763333333333333,0.5601666666666667,0.3255,12.18509217458187,0.5601666666666667,0.3844850948509485,7.488994791661347
Cha-F-500071,828455033,dense,1,0.1451094916301662,0.8302900107411385,0.6084854994629431,0.24113856068743286,12.269191667831295,0.6084854994629431,0.3958333333333333,8.33094191098234
Gad1-F-500004,5813021943,dense,0,-0.0442373004511787,0.8493333333333334,0.6003333333333334,0.327,12.513462594474763,0.6003333333333334,0.6573333333333333,15.927480442086917
TH-M-200035,5813021943,dense,0,-0.0085541761858995,0.8121666666666667,0.5821666666666667,0.2896666666666667,12.555755624819488,0.5821666666666667,0.5698333333333333,14.583762191102718
VGlut-F-100003,693927941,dense,0,0.0506433268516359,0.8783333333333333,0.615,0.20583333333333334,12.423943472280579,0.615,0.49083333333333334,9.751692000227397
Trh-M-100037,693927941,dense,0,0.0196214875369881,0.8493333333333334,0.5805,0.2855,11.880160286797805,0.5805,0.5533333333333333,11.548748466049034
TH-F-300078,667266529,dense,0,0.0219995380722021,0.868,0.6008333333333333,0.25933333333333336,12.164307063968849,0.6008333333333333,0.5131666666666667,10.28885965815818
TH-F-100036,331774819,dense,0,-0.0016602877173574,0.8565217391304348,0.6365612648221344,0.2964426877470356,13.493770151346897,0.6365612648221344,0.6721666666666667,16.89562011326655
VGlut-F-000177,515049524,dense,0,0.0725263327470024,0.9001708567244325,0.6880644373932145,0.3041249694898706,14.430652309230657,0.6880644373932145,0.46034410407049936,9.276729418389273
Cha-F-500071,764377593,dense,0,-0.0640112812242009,0.9191729323308271,0.7937701396348013,0.47851772287862515,19.20409787361247,0.7937701396348013,0.7413333333333333,15.705440696977837
Trh-F-000008,1727979406,dense,0,0.0465821642176577,0.8408333333333333,0.6546666666666666,0.33366666666666667,13.601838175750256,0.6546666666666666,0.36516666666666664,7.998977944862437
Trh-F-000008,693927941,dense,0,0.0411896603426546,0.8446666666666667,0.5903333333333334,0.2628333333333333,12.16455382223947,0.5903333333333334,0.5116666666666667,10.22594618538309
VGlut-F-700261,5813040277,dense,0,0.1203927045869585,0.8566666666666667,0.6578333333333334,0.3606666666666667,14.251957969961747,0.6578333333333334,0.338,6.533866143317475
Trh-M-100037,5812982656,dense,0,0.0155967237443352,0.8386666666666667,0.625,0.3385,13.301798491071462,0.625,0.524,10.844145745772046
TH-M-100063,1572390197,dense,0,0.0293036438325747,0.7970505617977528,0.5966760299625468,0.397940074906367,14.359497025394427,0.5966760299625468,0.6343333333333333,13.54958820442867
VGlut-F-700261,859839499,dense,0,-0.0344317245463521,0.8883333333333333,0.7581666666666667,0.4261666666666667,17.74481998566722,0.7581666666666667,0.6673333333333333,14.177429216209399
VGlut-F-400334,5812980494,dense,0,0.0581127850156526,0.8663333333333333,0.6863333333333334,0.356,15.467381009977514,0.6863333333333334,0.4588333333333333,9.14047863233985
VGlut-F-100003,5812982656,dense,0,0.0117798437776665,0.8733333333333333,0.6971666666666667,0.3908333333333333,16.477340675449135,0.6971666666666667,0.532,10.896911070183492
TH-M-100057,1572390197,dense,0,-0.0469483634155166,0.9104192033397113,0.7488258827622195,0.4863454513828492,19.319679758280945,0.7488258827622195,0.6061666666666666,12.71869526128174
TH-M-000008,611693656,dense,0,-0.1296002185039956,0.9346666666666666,0.8143333333333334,0.5061666666666667,20.210573573507943,0.8143333333333334,0.8086666666666666,20.783005130468954
VGlut-F-000177,1354368623,dense,0,0.0405027149692224,0.8591652428606297,0.6082499389797412,0.38589211618257263,14.076151123828314,0.6082499389797412,0.4735875057418466,9.472738691515307
fru-F-000131,328265389,dense,0,-0.1768031376610764,0.9224366250472947,0.8098751418842225,0.6210745365115399,26.53056910931751,0.8098751418842225,0.8195,21.324909568040447
Trh-F-100038,5812982656,dense,0,-0.0346433965573012,0.9028333333333334,0.7511666666666666,0.44716666666666666,17.624784585963965,0.7511666666666666,0.5208333333333334,10.410969408258964
TH-M-100057,5813069496,dense,0,-0.0589500541288839,0.9133762393459732,0.7222125587058619,0.40233084014611237,16.34630605074451,0.7222125587058619,0.6791666666666667,17.806351359902287
Cha-F-300267,328601956,dense,0,-0.0449907758086262,0.8956473214285714,0.6953125,0.39360119047619047,15.769552779636285,0.6953125,0.5865,12.632646001620706
Gad1-F-500004,5813057153,dense,0,-0.1250049469547382,0.9653333333333334,0.8751666666666666,0.5668333333333333,22.127531485179468,0.8751666666666666,0.763,15.307580135357814
Trh-F-000008,5812982656,dense,0,-0.0391509628783336,0.8993333333333333,0.7198333333333333,0.43283333333333335,16.65139032961059,0.7198333333333333,0.5673333333333334,11.481288105890165
Cha-F-500071,1013346945,dense,0,-0.0013812921386529,0.8874865735767992,0.6871643394199786,0.39097744360902253,16.09189981881073,0.6871643394199786,0.4675,9.373783260768658
Cha-F-000329,5813078595,dense,0,-0.3511567118161138,0.943321718931475,0.7579558652729385,0.49291521486643436,19.888343051867174,0.7579558652729385,0.894,45.177355761113716
Gad1-F-500004,452953198,dense,0,-0.0835793814471105,0.9146666666666666,0.747,0.447,17.805907414273822,0.747,0.6230031948881789,14.524456562045883
TH-M-200035,452953198,dense,0,-0.0122193418350695,0.9016666666666666,0.718,0.3295,15.519005121445325,0.718,0.5718849840255591,12.33719318749759
TH-M-200035,696850811,dense,0,-0.0180606259015006,0.881,0.6908333333333333,0.289,15.091759854926046,0.6908333333333333,0.5938119793732646,13.951402952951067
TH-M-100057,925241334,dense,0,-0.1360461103168102,0.85701861193251,0.6672464776482867,0.4345103496260219,16.92738835049682,0.6672464776482867,0.7038333333333333,19.78253921810923
TH-M-000008,520617773,dense,0,-0.2342129082353101,0.9635,0.8658333333333333,0.5311666666666667,20.667787033946283,0.8658333333333333,0.9073333333333333,27.662149733820492
Trh-F-100038,549597974,dense,0,-0.1560396077782914,0.8831666666666667,0.7351666666666666,0.48533333333333334,19.336389811505317,0.7351666666666666,0.7675,19.41892119956207
TH-F-300037,267551639,dense,0,-0.1996105851549551,0.9798333333333333,0.8793333333333333,0.5436666666666666,21.18731123497322,0.8793333333333333,0.8801666666666667,21.13395595737356
TH-M-100057,1048250312,dense,0,-0.14306769630795,0.8791094103322317,0.7044703426682901,0.41763785006088017,16.87367724231063,0.7044703426682901,0.6965,20.05750071520881
TH-M-200049,267551639,dense,0,-0.1262709873980914,0.9544189283228949,0.8462073764787752,0.5250521920668059,20.502794477448724,0.8462073764787752,0.8155,19.959572656229177
fru-F-000131,543821838,dense,0,-0.2425834324966332,0.934733257661748,0.774498675747257,0.4317063942489595,17.906707483840357,0.774498675747257,0.9128333333333334,37.95148574778143
TH-F-200034,327937328,dense,0,-0.0324295005850133,0.8898333333333334,0.7308333333333333,0.4215,17.390205263855204,0.7308333333333333,0.653,13.804025299456617
fru-F-000131,391496898,dense,0,-0.2148909888857125,0.9133560348089292,0.822360953461975,0.5522133938706016,21.08720354970687,0.822360953461975,0.8221666666666667,27.922680315515997
Gad1-F-500004,544046671,dense,0,-0.1906013490597544,0.9278333333333333,0.8045,0.496,19.8214054260122,0.8045,0.7745,23.438961894530408
TH-F-200034,267551639,dense,0,-0.1020489174585491,0.9273333333333333,0.7813333333333333,0.479,19.296641379388554,0.7813333333333333,0.703,15.89729675360244
TH-M-000045,267551639,dense,0,-0.0979054944484599,0.9216993713088207,0.7774814250333397,0.5115260049533245,20.318027093681845,0.7774814250333397,0.732,15.76343241398284
fru-F-000131,361704572,dense,0,-0.1884075106593149,0.9417328793038214,0.8374952705259175,0.5790768066590996,23.00712435542946,0.8374952705259175,0.7886666666666666,21.99081380149668
TH-F-200106,727652372,dense,0,-0.4034987497741604,0.9609154024170738,0.8662895345847261,0.6160966829519157,24.5194805923245,0.8662895345847261,0.9375,43.72645525127372
VGlut-F-100003,549597974,dense,0,-0.1636935331995213,0.915,0.7648333333333334,0.48633333333333334,19.3779345686755,0.7648333333333334,0.7473333333333333,19.90585383056481
TH-F-000012,667266529,dense,0,-0.3231041256352931,0.9638333333333333,0.8645,0.6665,30.795268139428813,0.8645,0.7285,22.88336267097965
VGlut-F-100125,329566174,dense,0,-0.5166759523344941,0.9675,0.89,0.746,38.846811343561015,0.89,0.9538333333333333,44.73170093784522
VGlut-F-200251,514850616,dense,0,-0.0095166182872336,0.9101666666666667,0.7441666666666666,0.46416666666666667,18.707592407878984,0.7441666666666666,0.5251666666666667,10.527561406235348
VGlut-F-000556,915481348,dense,0,-0.1920799505557785,0.9548629768941429,0.8921726670248971,0.7177144904173384,27.255279969240302,0.8921726670248971,0.806,21.08959531897405
TH-F-200106,1134107162,dense,0,-0.2718930703773131,0.9555155566983801,0.8644895860118282,0.7153509899717151,29.482473847662835,0.8644895860118282,0.9033333333333333,26.93386584299802
VGlut-F-100125,5813020347,dense,0,-0.4132458575463923,0.9663333333333334,0.8708333333333333,0.5851666666666666,23.250041101870906,0.8708333333333333,0.926,46.91445919483235
TH-F-200106,884916323,dense,0,-0.3868335526107954,0.9861146824376447,0.9272306505528414,0.7639496014399588,28.07301927649725,0.9272306505528414,0.9625,36.02273237587644
VGlut-F-200251,5813011133,dense,0,-0.0968073690864782,0.966,0.86,0.6633333333333333,28.476499624453048,0.86,0.4797979797979798,9.391988877697706
VGlut-F-100125,488922181,dense,0,-0.598367634615917,0.9911666666666666,0.9538333333333333,0.804,44.16167120633558,0.9538333333333333,0.9781666666666666,53.05552886679054
TH-M-100063,1443135486,dense,0,-0.4406597117067596,1.0,0.9964887640449438,0.8544007490636704,40.39204195366467,0.9964887640449438,0.9978333333333333,27.14041580865596
VGlut-F-000556,978177557,dense,0,-0.4025288575113454,0.9573705892889127,0.8500806018269748,0.6607558660218521,27.244928744758184,0.8500806018269748,0.9217101610216546,37.78922941992525
VGlut-F-000556,945058110,dense,0,-0.4543219503636531,0.9716998029733118,0.8558122873007343,0.6738312735088662,27.86314683928096,0.8558122873007343,0.9473684210526315,41.75603876483375
VGlut-F-000556,944720631,dense,0,-0.4752139312792053,0.9743865305391367,0.8579616693533942,0.6745477341930861,28.019522514375456,0.8579616693533942,0.9536026200873362,42.53453510375178
Cha-F-000329,451982486,dense,0,-0.4577866911973932,0.9872241579558653,0.9421602787456446,0.854123112659698,46.18453749861293,0.9421602787456446,0.8738823529411764,26.56050079123486
TH-F-000012,573333835,dense,0,-0.5612987591440987,0.962,0.9081666666666667,0.8051666666666667,51.47140995886722,0.9081666666666667,0.8113333333333334,83.36148701850492
fru-M-300299,548993536,dense,0,-0.3757357628232997,0.976316237859942,0.9108877151133072,0.7483387289146363,38.33031990922901,0.9108877151133072,0.9493333333333334,25.784027210033475
TH-M-100063,1449618949,dense,0,-0.4758286381294649,0.9953183520599251,0.9709737827715356,0.764747191011236,45.08753954966313,0.9709737827715356,0.9406575781876504,31.310501979558865
TH-M-000030,1630051981,dense,0,-0.5603842551522107,0.9833333333333333,0.9451666666666667,0.8465,49.31407135496034,0.9451666666666667,0.8493333333333334,133.4798055263124
TH-M-300063,5812981000,dense,0,-0.6241977633820328,0.992226148409894,0.9691401648998822,0.8942285041224971,52.975797133243155,0.9691401648998822,0.9523809523809523,47.30869870143618
